basin,key,lat,lon,soil_chi,veg_frac_obs,lai_obs_mean
cdec_BND,40.03125_-122.71875,40.03125,-122.71875,0.537938776129256,0.6399999856948853,2.5414479
cdec_BND,40.03125_-122.78125,40.03125,-122.78125,0.9891899111830187,0.3457988202571869,1.5140699
cdec_BND,40.03125_-122.84375,40.03125,-122.84375,1.0432093633773374,0.25414201617240906,1.0486425
cdec_BND,40.03125_-122.90625,40.03125,-122.90625,1.0465859084978417,0.3254437744617462,1.2062802
cdec_BND,40.03125_-122.96875,40.03125,-122.96875,0.9995252992295306,0.2865680456161499,0.90060526
cdec_BND,40.09375_-122.65625,40.09375,-122.65625,1.0786234285618876,0.33041420578956604,1.0138248
cdec_BND,40.09375_-122.71875,40.09375,-122.71875,1.208152168853446,0.35733726620674133,1.6018739
cdec_BND,40.09375_-122.78125,40.09375,-122.78125,1.158898044859893,0.399822473526001,1.8989656
cdec_BND,40.09375_-122.84375,40.09375,-122.84375,1.2129248246955422,0.3775147795677185,1.5501158
cdec_BND,40.09375_-122.90625,40.09375,-122.90625,1.055479222311599,0.3912425935268402,1.3428532
cdec_BND,40.09375_-122.96875,40.09375,-122.96875,1.0597783185369352,0.3562721908092499,1.093048
cdec_BND,40.15625_-122.53125,40.15625,-122.53125,0.8404369943943382,0.40739643573760986,0.9847348
cdec_BND,40.15625_-122.59375,40.15625,-122.59375,0.8501938363648258,0.40473371744155884,0.94810754
cdec_BND,40.15625_-122.65625,40.15625,-122.65625,0.9228975271539608,0.3409467339515686,0.8859642
cdec_BND,40.15625_-122.71875,40.15625,-122.71875,1.0653178982524132,0.2836686372756958,0.826462
cdec_BND,40.15625_-122.78125,40.15625,-122.78125,1.188856952136623,0.33349111676216125,1.469092
cdec_BND,40.15625_-122.84375,40.15625,-122.84375,1.1608981700998713,0.36769232153892517,1.8558828
cdec_BND,40.15625_-122.90625,40.15625,-122.90625,1.1207916170030368,0.36538460850715637,1.6867572
cdec_BND,40.15625_-122.96875,40.15625,-122.96875,1.0551024692758342,0.345976322889328,1.3431572
cdec_BND,40.21875_-122.21875,40.21875,-122.21875,0.7158110678791374,0.33000001311302185,1.141077
cdec_BND,40.21875_-122.40625,40.21875,-122.40625,0.8911803840266386,0.0,0.77436584
cdec_BND,40.21875_-122.46875,40.21875,-122.46875,0.8301967403188864,0.4280473291873932,0.988044
cdec_BND,40.21875_-122.53125,40.21875,-122.53125,0.8478135706236984,0.4177514910697937,0.97439724
cdec_BND,40.21875_-122.59375,40.21875,-122.59375,0.8751930433275115,0.4037869870662689,0.92263687
cdec_BND,40.21875_-122.65625,40.21875,-122.65625,0.8553962015598586,0.37467455863952637,0.8023395
cdec_BND,40.21875_-122.71875,40.21875,-122.71875,0.9097851990972606,0.30313608050346375,0.7854826
cdec_BND,40.21875_-122.78125,40.21875,-122.78125,1.0804757395741365,0.28065088391304016,0.9029661
cdec_BND,40.21875_-122.84375,40.21875,-122.84375,1.1903568691294926,0.33213016390800476,1.5241014
cdec_BND,40.21875_-122.90625,40.21875,-122.90625,1.2125952467038872,0.33639052510261536,1.6641536
cdec_BND,40.21875_-122.96875,40.21875,-122.96875,1.1150685565598644,0.3879881799221039,1.8683318
cdec_BND,40.28125_-121.59375,40.28125,-121.59375,1.0976762322999063,0.44189348816871643,2.3171256
cdec_BND,40.28125_-122.09375,40.28125,-122.09375,0.7554589901982433,0.31917160749435425,0.845821
cdec_BND,40.28125_-122.15625,40.28125,-122.15625,0.758347815739836,0.3577514886856079,0.8413935
cdec_BND,40.28125_-122.21875,40.28125,-122.21875,0.8220567164777521,0.42680472135543823,0.9469508
cdec_BND,40.28125_-122.28125,40.28125,-122.28125,0.7691794229382647,0.3939644992351532,1.0387641
cdec_BND,40.28125_-122.34375,40.28125,-122.34375,0.8026682772426532,0.37390533089637756,1.0053377
cdec_BND,40.28125_-122.40625,40.28125,-122.40625,0.8263050352773718,0.3897041380405426,1.0090412
cdec_BND,40.28125_-122.46875,40.28125,-122.46875,0.7993253740533426,0.4270414113998413,1.0615233
cdec_BND,40.28125_-122.53125,40.28125,-122.53125,0.8205316621449192,0.4218343198299408,0.9690997
cdec_BND,40.28125_-122.59375,40.28125,-122.59375,0.849285354067083,0.38958579301834106,0.928267
cdec_BND,40.28125_-122.65625,40.28125,-122.65625,0.8499496623551428,0.3971005976200104,0.74626476
cdec_BND,40.28125_-122.71875,40.28125,-122.71875,0.8689740693890349,0.352544367313385,0.78086525
cdec_BND,40.28125_-122.78125,40.28125,-122.78125,0.9262981408639845,0.30041420459747314,0.83296126
cdec_BND,40.28125_-122.84375,40.28125,-122.84375,1.1729165787064733,0.3234911262989044,1.3133069
cdec_BND,40.28125_-122.90625,40.28125,-122.90625,1.1922840810265452,0.33331361413002014,1.5465139
cdec_BND,40.28125_-122.96875,40.28125,-122.96875,1.2471764601112856,0.31106507778167725,1.6045264
cdec_BND,40.28125_-123.03125,40.28125,-123.03125,1.174175921571868,0.3614201247692108,1.807712
cdec_BND,40.28125_-123.09375,40.28125,-123.09375,0.9099329410226742,0.3506508767604828,2.1811967
cdec_BND,40.34375_-121.53125,40.34375,-121.53125,1.0109572499045671,0.4220118224620819,2.135786
cdec_BND,40.34375_-121.59375,40.34375,-121.59375,1.0259817260937476,0.4864497184753418,2.0766041
cdec_BND,40.34375_-121.65625,40.34375,-121.65625,0.975003981636491,0.4963313639163971,2.0420055
cdec_BND,40.34375_-121.71875,40.34375,-121.71875,1.0494050899018061,0.48633137345314026,2.104982
cdec_BND,40.34375_-121.78125,40.34375,-121.78125,1.1436553025848115,0.3331952691078186,1.2173827
cdec_BND,40.34375_-121.84375,40.34375,-121.84375,0.9281238204136535,0.31550297141075134,0.9858356
cdec_BND,40.34375_-121.90625,40.34375,-121.90625,0.8823330241030451,0.36816567182540894,1.2602549
cdec_BND,40.34375_-121.96875,40.34375,-121.96875,0.9220893684324365,0.4359763264656067,1.657368
cdec_BND,40.34375_-122.03125,40.34375,-122.03125,0.7732540792371697,0.37242603302001953,1.0300063
cdec_BND,40.34375_-122.09375,40.34375,-122.09375,0.7509837328943554,0.33171597123146057,0.6647011
cdec_BND,40.34375_-122.15625,40.34375,-122.15625,0.7837956737164734,0.3746153712272644,1.025011
cdec_BND,40.34375_-122.21875,40.34375,-122.21875,0.8421576410681723,0.34976330399513245,1.1699532
cdec_BND,40.34375_-122.28125,40.34375,-122.28125,0.8188724280884504,0.4045562148094177,1.1056942
cdec_BND,40.34375_-122.34375,40.34375,-122.34375,0.8334369826254209,0.4000000059604645,1.2104232
cdec_BND,40.34375_-122.40625,40.34375,-122.40625,0.844741309639081,0.40970414876937866,1.1869096
cdec_BND,40.34375_-122.46875,40.34375,-122.46875,0.8376074869714882,0.4071597754955292,1.0773666
cdec_BND,40.34375_-122.53125,40.34375,-122.53125,0.8341757962827931,0.424911230802536,1.0003452
cdec_BND,40.34375_-122.59375,40.34375,-122.59375,0.8683810182093696,0.3860355019569397,0.95132846
cdec_BND,40.34375_-122.65625,40.34375,-122.65625,0.8810221017030534,0.39213016629219055,0.83295494
cdec_BND,40.34375_-122.71875,40.34375,-122.71875,0.8550703779144009,0.37976330518722534,0.8112369
cdec_BND,40.34375_-122.78125,40.34375,-122.78125,0.8544892085371315,0.4034319519996643,0.79108083
cdec_BND,40.34375_-122.84375,40.34375,-122.84375,1.0271190537029364,0.3823668658733368,1.0276116
cdec_BND,40.34375_-122.90625,40.34375,-122.90625,1.1405465087582198,0.4082840383052826,1.5124542
cdec_BND,40.34375_-122.96875,40.34375,-122.96875,1.1015985832343818,0.40816569328308105,1.9828988
cdec_BND,40.34375_-123.03125,40.34375,-123.03125,1.0943764000692289,0.4072781205177307,2.4403543
cdec_BND,40.34375_-123.09375,40.34375,-123.09375,1.2116439293075687,0.32029587030410767,1.7108556
cdec_BND,40.40625_-121.53125,40.40625,-121.53125,0.9835486356967893,0.38769230246543884,1.250224
cdec_BND,40.40625_-121.59375,40.40625,-121.59375,0.8559240753554344,0.47491124272346497,1.6221937
cdec_BND,40.40625_-121.65625,40.40625,-121.65625,0.7865319811361767,0.4858579933643341,1.9788071
cdec_BND,40.40625_-121.71875,40.40625,-121.71875,0.8544262369456188,0.4831360876560211,2.0060408
cdec_BND,40.40625_-121.78125,40.40625,-121.78125,1.2258380093747858,0.3440236747264862,1.4740286
cdec_BND,40.40625_-121.84375,40.40625,-121.84375,1.0107327191926252,0.35029587149620056,1.2008117
cdec_BND,40.40625_-121.90625,40.40625,-121.90625,0.849897924121615,0.36988165974617004,1.0511556
cdec_BND,40.40625_-121.96875,40.40625,-121.96875,0.8510825880390013,0.40023669600486755,1.18812
cdec_BND,40.40625_-122.03125,40.40625,-122.03125,0.7782006278851692,0.3363313674926758,0.81931573
cdec_BND,40.40625_-122.09375,40.40625,-122.09375,0.7549853909552486,0.3555029630661011,0.85712236
cdec_BND,40.40625_-122.15625,40.40625,-122.15625,0.8248042142478228,0.35420119762420654,1.0410333
cdec_BND,40.40625_-122.21875,40.40625,-122.21875,0.9068296222508205,0.40994083881378174,1.5307852
cdec_BND,40.40625_-122.28125,40.40625,-122.28125,0.8939793520838194,0.3451479375362396,1.226306
cdec_BND,40.40625_-122.34375,40.40625,-122.34375,0.8497208621196405,0.3901183307170868,1.1115685
cdec_BND,40.40625_-122.40625,40.40625,-122.40625,0.8308310892076597,0.39810651540756226,1.1118271
cdec_BND,40.40625_-122.46875,40.40625,-122.46875,0.8188259214243908,0.39810651540756226,1.1331892
cdec_BND,40.40625_-122.53125,40.40625,-122.53125,0.8415545723106516,0.406686395406723,1.1051108
cdec_BND,40.40625_-122.59375,40.40625,-122.59375,0.8412963423295687,0.39715975522994995,0.8916584
cdec_BND,40.40625_-122.65625,40.40625,-122.65625,0.8708770564020634,0.373786985874176,0.79124904
cdec_BND,40.40625_-122.71875,40.40625,-122.71875,0.8138571188371466,0.35420119762420654,0.9485379
cdec_BND,40.40625_-122.78125,40.40625,-122.78125,0.8678196122470572,0.3879881799221039,0.96965396
cdec_BND,40.40625_-122.84375,40.40625,-122.84375,1.0452055304436398,0.4602958559989929,1.5369304
cdec_BND,40.40625_-122.90625,40.40625,-122.90625,1.1064392695063763,0.47899407148361206,1.9724323
cdec_BND,40.40625_-122.96875,40.40625,-122.96875,1.112287487883492,0.46431952714920044,2.1677692
cdec_BND,40.40625_-123.03125,40.40625,-123.03125,0.8480627388856334,0.47260355949401855,2.5146024
cdec_BND,40.46875_-121.21875,40.46875,-121.21875,1.1161138181429506,0.3722485303878784,0.860824
cdec_BND,40.46875_-121.28125,40.46875,-121.28125,1.0802825241319296,0.35461539030075073,0.87463456
cdec_BND,40.46875_-121.34375,40.46875,-121.34375,1.0309946640425018,0.3552071154117584,0.95077056
cdec_BND,40.46875_-121.40625,40.46875,-121.40625,1.0616451797039335,0.3584023714065552,1.1099523
cdec_BND,40.46875_-121.46875,40.46875,-121.46875,1.05586539145688,0.2819526493549347,0.6209389
cdec_BND,40.46875_-121.53125,40.46875,-121.53125,1.0228428878392881,0.2546153962612152,0.5261976
cdec_BND,40.46875_-121.59375,40.46875,-121.59375,0.9275428568774484,0.45982247591018677,1.5604703
cdec_BND,40.46875_-121.65625,40.46875,-121.65625,0.8018458074719159,0.4990532398223877,2.1363382
cdec_BND,40.46875_-121.71875,40.46875,-121.71875,1.0521310261610721,0.4411242604255676,1.9367594
cdec_BND,40.46875_-121.78125,40.46875,-121.78125,1.1731778284893117,0.3870414197444916,1.5963665
cdec_BND,40.46875_-121.84375,40.46875,-121.84375,1.141314628829246,0.44804733991622925,2.0378227
cdec_BND,40.46875_-121.90625,40.46875,-121.90625,1.133839428500481,0.42402365803718567,1.657892
cdec_BND,40.46875_-121.96875,40.46875,-121.96875,0.949478754854012,0.4284023642539978,1.1655874
cdec_BND,40.46875_-122.03125,40.46875,-122.03125,0.872040168268696,0.382781058549881,1.1019155
cdec_BND,40.46875_-122.09375,40.46875,-122.09375,0.7884253405746198,0.3542603552341461,0.95445544
cdec_BND,40.46875_-122.15625,40.46875,-122.15625,0.7936450798458367,0.34378698468208313,0.9405783
cdec_BND,40.46875_-122.21875,40.46875,-122.21875,0.8292700669391824,0.3453846275806427,1.1773053
cdec_BND,40.46875_-122.28125,40.46875,-122.28125,0.9342359997468528,0.27431952953338623,1.2405618
cdec_BND,40.46875_-122.34375,40.46875,-122.34375,0.9133073138031091,0.3147929012775421,1.1738092
cdec_BND,40.46875_-122.40625,40.46875,-122.40625,0.9244120358401144,0.32556211948394775,1.15887
cdec_BND,40.46875_-122.46875,40.46875,-122.46875,0.9453139913074173,0.3363313674926758,1.0979292
cdec_BND,40.46875_-122.53125,40.46875,-122.53125,0.8668820067269583,0.34396448731422424,0.99357015
cdec_BND,40.46875_-122.59375,40.46875,-122.59375,0.8550113093052807,0.3592899441719055,1.1595842
cdec_BND,40.46875_-122.65625,40.46875,-122.65625,0.8978780863323638,0.3780473470687866,1.2301736
cdec_BND,40.46875_-122.71875,40.46875,-122.71875,1.1269367340117515,0.4411242604255676,1.9818971
cdec_BND,40.46875_-122.78125,40.46875,-122.78125,1.0808381252792536,0.44242602586746216,1.932545
cdec_BND,40.46875_-122.84375,40.46875,-122.84375,1.0900703276893278,0.48443788290023804,2.1847222
cdec_BND,40.46875_-122.90625,40.46875,-122.90625,1.0893943942434572,0.48674556612968445,2.3725216
cdec_BND,40.53125_-121.15625,40.53125,-121.15625,1.1384120518445724,0.3984023630619049,1.4142983
cdec_BND,40.53125_-121.21875,40.53125,-121.21875,1.2002041195061763,0.37396448850631714,1.197092
cdec_BND,40.53125_-121.28125,40.53125,-121.28125,1.1242976575777042,0.29674556851387024,0.9456718
cdec_BND,40.53125_-121.34375,40.53125,-121.34375,1.0960455412596108,0.2757396399974823,0.76355445
cdec_BND,40.53125_-121.40625,40.53125,-121.40625,1.1311650925422554,0.2819526493549347,0.8470478
cdec_BND,40.53125_-121.46875,40.53125,-121.46875,1.0882011262224247,0.3378698229789734,1.1276582
cdec_BND,40.53125_-121.53125,40.53125,-121.53125,1.0412050941801727,0.3342011868953705,1.2017533
cdec_BND,40.53125_-121.59375,40.53125,-121.59375,0.8613587636934827,0.49449703097343445,2.1187177
cdec_BND,40.53125_-121.65625,40.53125,-121.65625,0.8182330839741119,0.4626627266407013,1.959233
cdec_BND,40.53125_-121.71875,40.53125,-121.71875,0.958231439337248,0.42674556374549866,1.9070222
cdec_BND,40.53125_-121.78125,40.53125,-121.78125,0.98949730597038,0.4344378709793091,2.03753
cdec_BND,40.53125_-121.84375,40.53125,-121.84375,1.0791498675477542,0.47999998927116394,2.5733917
cdec_BND,40.53125_-121.90625,40.53125,-121.90625,1.1822229212290747,0.4963313639163971,2.203811
cdec_BND,40.53125_-121.96875,40.53125,-121.96875,1.0019654314945057,0.4266272187232971,1.4759755
cdec_BND,40.53125_-122.03125,40.53125,-122.03125,0.8867382360525837,0.40644970536231995,1.233224
cdec_BND,40.53125_-122.09375,40.53125,-122.09375,0.8116294113458651,0.40390533208847046,1.0895046
cdec_BND,40.53125_-122.15625,40.53125,-122.15625,0.796182305640173,0.3510059118270874,0.9295746
cdec_BND,40.53125_-122.21875,40.53125,-122.21875,0.8498147994112702,0.33236685395240784,1.0482814
cdec_BND,40.53125_-122.28125,40.53125,-122.28125,0.8166188729975346,0.3143787086009979,0.9971374
cdec_BND,40.53125_-122.34375,40.53125,-122.34375,0.8334722381122451,0.20094674825668335,1.1756196
cdec_BND,40.53125_-122.40625,40.53125,-122.40625,0.9133883367710822,0.25822484493255615,1.0608722
cdec_BND,40.53125_-122.46875,40.53125,-122.46875,0.8502204313925384,0.3333727717399597,1.192572
cdec_BND,40.53125_-122.53125,40.53125,-122.53125,0.9007709363532838,0.33988165855407715,1.4104321
cdec_BND,40.53125_-122.59375,40.53125,-122.59375,1.1272700180778203,0.35958579182624817,1.6120465
cdec_BND,40.53125_-122.65625,40.53125,-122.65625,1.1569907699122413,0.3628402352333069,1.4970247
cdec_BND,40.53125_-122.71875,40.53125,-122.71875,1.1154181560102825,0.4382248520851135,1.8370064
cdec_BND,40.53125_-122.78125,40.53125,-122.78125,0.9264023217794437,0.5167455673217773,2.2475579
cdec_BND,40.53125_-122.84375,40.53125,-122.84375,0.8231592342115799,0.5828402638435364,2.7198322
cdec_BND,40.59375_-121.03125,40.59375,-121.03125,1.0174599535709001,0.39254438877105713,1.1455259
cdec_BND,40.59375_-121.09375,40.59375,-121.09375,1.1458543173865587,0.3728402256965637,1.173837
cdec_BND,40.59375_-121.15625,40.59375,-121.15625,1.1118441815335938,0.4125443696975708,1.7142707
cdec_BND,40.59375_-121.21875,40.59375,-121.21875,0.9589253155102975,0.42017751932144165,1.6972333
cdec_BND,40.59375_-121.28125,40.59375,-121.28125,1.1231722686098826,0.3801775276660919,1.5153913
cdec_BND,40.59375_-121.34375,40.59375,-121.34375,1.1218069173004563,0.3366864025592804,1.2520199
cdec_BND,40.59375_-121.40625,40.59375,-121.40625,1.1532178566098095,0.3273964524269104,1.4945762
cdec_BND,40.59375_-121.46875,40.59375,-121.46875,1.1137588107605967,0.40526628494262695,1.8245646
cdec_BND,40.59375_-121.53125,40.59375,-121.53125,1.0839332747890271,0.4497041404247284,1.9589092
cdec_BND,40.59375_-121.59375,40.59375,-121.59375,1.0665268598716646,0.46272188425064087,2.0218413
cdec_BND,40.59375_-121.65625,40.59375,-121.65625,0.9608944218084083,0.502662718296051,2.0849364
cdec_BND,40.59375_-121.71875,40.59375,-121.71875,1.017660196969827,0.5339053273200989,2.1150975
cdec_BND,40.59375_-121.78125,40.59375,-121.78125,1.0386163340022045,0.5350295901298523,2.7776449
cdec_BND,40.59375_-121.84375,40.59375,-121.84375,1.2073545054872763,0.49526625871658325,2.3736691
cdec_BND,40.59375_-121.90625,40.59375,-121.90625,1.0716979244235232,0.4294082820415497,1.6216018
cdec_BND,40.59375_-121.96875,40.59375,-121.96875,1.000172303170338,0.4215976297855377,1.3640052
cdec_BND,40.59375_-122.03125,40.59375,-122.03125,0.842307428312534,0.44479289650917053,1.3044051
cdec_BND,40.59375_-122.09375,40.59375,-122.09375,0.7981455614973,0.45757395029067993,1.1463357
cdec_BND,40.59375_-122.15625,40.59375,-122.15625,0.8067074932140158,0.41692307591438293,1.1129649
cdec_BND,40.59375_-122.21875,40.59375,-122.21875,0.8411453722976511,0.3655029535293579,1.1621569
cdec_BND,40.59375_-122.28125,40.59375,-122.28125,0.844468112655548,0.3620710074901581,1.0763739
cdec_BND,40.59375_-122.34375,40.59375,-122.34375,0.872152173508091,0.12420118600130081,0.94359326
cdec_BND,40.59375_-122.40625,40.59375,-122.40625,0.9035963266117417,0.11928994208574295,0.97593373
cdec_BND,40.59375_-122.46875,40.59375,-122.46875,0.9745808193030897,0.26017752289772034,1.2059276
cdec_BND,40.59375_-122.53125,40.59375,-122.53125,1.135218328575443,0.3062721788883209,1.6928557
cdec_BND,40.59375_-122.59375,40.59375,-122.59375,1.1699445047233916,0.36680471897125244,2.169838
cdec_BND,40.59375_-122.65625,40.59375,-122.65625,1.1626561877147403,0.3682248592376709,1.68232
cdec_BND,40.59375_-122.71875,40.59375,-122.71875,0.9482388266125588,0.4103550314903259,1.8765676
cdec_BND,40.65625_-121.03125,40.65625,-121.03125,1.190597828787396,0.3835502862930298,1.0327111
cdec_BND,40.65625_-121.09375,40.65625,-121.09375,1.183420552664645,0.3537278175354004,0.9820124
cdec_BND,40.65625_-121.15625,40.65625,-121.15625,1.1628158047796644,0.3307100534439087,1.0292385
cdec_BND,40.65625_-121.21875,40.65625,-121.21875,1.1870237727356105,0.3462130129337311,1.1560314
cdec_BND,40.65625_-121.28125,40.65625,-121.28125,1.1387210664627692,0.34242603182792664,1.0772388
cdec_BND,40.65625_-121.34375,40.65625,-121.34375,1.1008086958090755,0.37431952357292175,1.3909935
cdec_BND,40.65625_-121.40625,40.65625,-121.40625,1.1891483256796973,0.3276331424713135,1.3148407
cdec_BND,40.65625_-121.46875,40.65625,-121.46875,0.8811807019676967,0.4003550410270691,1.443978
cdec_BND,40.65625_-121.53125,40.65625,-121.53125,1.0389381064452792,0.4148520827293396,1.483125
cdec_BND,40.65625_-121.59375,40.65625,-121.59375,0.9338332517814032,0.4514792859554291,1.648657
cdec_BND,40.65625_-121.65625,40.65625,-121.65625,0.8957948449438142,0.526627242565155,2.0313487
cdec_BND,40.65625_-121.71875,40.65625,-121.71875,1.0191141048890282,0.5139644742012024,2.3370464
cdec_BND,40.65625_-121.78125,40.65625,-121.78125,1.050305675284549,0.5327810645103455,2.4835386
cdec_BND,40.65625_-121.84375,40.65625,-121.84375,1.1923032785190935,0.4940236806869507,2.190116
cdec_BND,40.65625_-121.90625,40.65625,-121.90625,1.0535202499729281,0.46159762144088745,1.52152
cdec_BND,40.65625_-121.96875,40.65625,-121.96875,0.9094674845859296,0.4557396471500397,1.2632631
cdec_BND,40.65625_-122.03125,40.65625,-122.03125,0.8284959834657194,0.43355029821395874,1.2531953
cdec_BND,40.65625_-122.09375,40.65625,-122.09375,0.7680818920889265,0.438106507062912,1.101544
cdec_BND,40.65625_-122.15625,40.65625,-122.15625,0.7514296746763655,0.4262721836566925,1.0070058
cdec_BND,40.65625_-122.21875,40.65625,-122.21875,0.8020538753572624,0.39307692646980286,1.07637
cdec_BND,40.65625_-122.28125,40.65625,-122.28125,0.8409309151800832,0.34047338366508484,1.141133
cdec_BND,40.65625_-122.34375,40.65625,-122.34375,0.8288970674824974,0.2469230741262436,1.124734
cdec_BND,40.65625_-122.40625,40.65625,-122.40625,0.8426269204629651,0.3374556303024292,1.4046912
cdec_BND,40.65625_-122.46875,40.65625,-122.46875,1.0549477855545109,0.3637278079986572,1.2472699
cdec_BND,40.65625_-122.53125,40.65625,-122.53125,1.112438315234662,0.30100592970848083,1.4099731
cdec_BND,40.65625_-122.59375,40.65625,-122.59375,1.0223174388531946,0.33698225021362305,1.7040442
cdec_BND,40.65625_-122.65625,40.65625,-122.65625,1.1618639999595932,0.3802366852760315,1.7531462
cdec_BND,40.65625_-122.71875,40.65625,-122.71875,1.1869346622255756,0.4175739586353302,2.145752
cdec_BND,40.65625_-122.78125,40.65625,-122.78125,1.0295007738601565,0.5176923274993896,2.2421634
cdec_BND,40.71875_-120.96875,40.71875,-120.96875,1.2517255017841769,0.3788165748119354,1.2693558
cdec_BND,40.71875_-121.03125,40.71875,-121.03125,1.1638372743749592,0.3825443685054779,1.2657167
cdec_BND,40.71875_-121.09375,40.71875,-121.09375,1.0883782368088801,0.397396445274353,1.4394051
cdec_BND,40.71875_-121.15625,40.71875,-121.15625,1.1873671070006693,0.3995266258716583,1.2437575
cdec_BND,40.71875_-121.21875,40.71875,-121.21875,1.2099017121298652,0.3168047368526459,0.98367107
cdec_BND,40.71875_-121.28125,40.71875,-121.28125,1.2083484648976186,0.3502366840839386,1.0088682
cdec_BND,40.71875_-121.34375,40.71875,-121.34375,1.2476840126025457,0.36384615302085876,1.1561669
cdec_BND,40.71875_-121.40625,40.71875,-121.40625,1.3208674887138667,0.3664497137069702,1.0492808
cdec_BND,40.71875_-121.46875,40.71875,-121.46875,1.2329651169195586,0.42621302604675293,1.5024258
cdec_BND,40.71875_-121.53125,40.71875,-121.53125,1.1518156763171625,0.41224852204322815,1.4639162
cdec_BND,40.71875_-121.59375,40.71875,-121.59375,1.0994832738245224,0.40295857191085815,1.255612
cdec_BND,40.71875_-121.65625,40.71875,-121.65625,0.9966309865285476,0.5381065011024475,2.2358406
cdec_BND,40.71875_-121.71875,40.71875,-121.71875,1.1819026738292355,0.46792900562286377,1.8930831
cdec_BND,40.71875_-121.78125,40.71875,-121.78125,1.008402114462479,0.5023077130317688,1.785408
cdec_BND,40.71875_-121.84375,40.71875,-121.84375,1.0665488556160239,0.5121893286705017,2.2578115
cdec_BND,40.71875_-121.90625,40.71875,-121.90625,1.1693433319113682,0.5040236711502075,2.3522215
cdec_BND,40.71875_-121.96875,40.71875,-121.96875,1.1325896268250857,0.4876331388950348,2.0194273
cdec_BND,40.71875_-122.03125,40.71875,-122.03125,0.9885316289368757,0.44189348816871643,1.674104
cdec_BND,40.71875_-122.09375,40.71875,-122.09375,0.8974915255958661,0.45485207438468933,1.7311683
cdec_BND,40.71875_-122.15625,40.71875,-122.15625,0.8773671898666793,0.37994083762168884,1.3598913
cdec_BND,40.71875_-122.21875,40.71875,-122.21875,0.8705896381765783,0.31065088510513306,1.1600171
cdec_BND,40.71875_-122.28125,40.71875,-122.28125,0.8915850194126969,0.31609466671943665,1.6017718
cdec_BND,40.71875_-122.34375,40.71875,-122.34375,0.9347915312468282,0.3856213092803955,1.7181463
cdec_BND,40.71875_-122.40625,40.71875,-122.40625,0.9501937224954994,0.3254437744617462,1.5941372
cdec_BND,40.71875_-122.46875,40.71875,-122.46875,1.1546944030038904,0.3914792835712433,1.4379524
cdec_BND,40.71875_-122.53125,40.71875,-122.53125,1.105389745482257,0.3767455518245697,1.6661022
cdec_BND,40.71875_-122.59375,40.71875,-122.59375,1.1037412656444237,0.3740236759185791,1.6502272
cdec_BND,40.71875_-122.65625,40.71875,-122.65625,1.1478407231137178,0.37550294399261475,1.4981363
cdec_BND,40.71875_-122.71875,40.71875,-122.71875,1.1241059662132633,0.42923077940940857,2.1870873
cdec_BND,40.71875_-122.78125,40.71875,-122.78125,1.1718907228403705,0.4595857858657837,1.899304
cdec_BND,40.78125_-120.90625,40.78125,-120.90625,1.3579203541345748,0.3784615397453308,1.207558
cdec_BND,40.78125_-120.96875,40.78125,-120.96875,1.3207399604141603,0.3678106367588043,1.2000744
cdec_BND,40.78125_-121.03125,40.78125,-121.03125,1.2032216092181065,0.36023667454719543,1.1205401
cdec_BND,40.78125_-121.09375,40.78125,-121.09375,1.333936240916801,0.39313608407974243,1.3350272
cdec_BND,40.78125_-121.15625,40.78125,-121.15625,1.3041487496103568,0.3904733657836914,1.3539305
cdec_BND,40.78125_-121.21875,40.78125,-121.21875,1.1709396206022038,0.40970414876937866,1.5236152
cdec_BND,40.78125_-121.28125,40.78125,-121.28125,1.2934454661296777,0.3765680491924286,1.1604621
cdec_BND,40.78125_-121.34375,40.78125,-121.34375,1.241755233147411,0.3549112379550934,0.9317687
cdec_BND,40.78125_-121.40625,40.78125,-121.40625,1.2832200422094422,0.3061538338661194,0.65968335
cdec_BND,40.78125_-121.46875,40.78125,-121.46875,1.2972270009680806,0.2800000011920929,0.7972886
cdec_BND,40.78125_-121.53125,40.78125,-121.53125,1.38551139842746,0.3427218794822693,1.332593
cdec_BND,40.78125_-121.59375,40.78125,-121.59375,1.1111977025207476,0.36331361532211304,1.3720129
cdec_BND,40.78125_-121.65625,40.78125,-121.65625,0.9735090152951267,0.4821893572807312,2.135169
cdec_BND,40.78125_-121.71875,40.78125,-121.71875,1.1368693012373887,0.515562117099762,2.3705633
cdec_BND,40.78125_-121.78125,40.78125,-121.78125,1.0923651185765748,0.5751479268074036,2.3708332
cdec_BND,40.78125_-121.84375,40.78125,-121.84375,1.0742892942618822,0.5152071118354797,2.1920264
cdec_BND,40.78125_-121.90625,40.78125,-121.90625,1.169206190617576,0.44840237498283386,1.8978167
cdec_BND,40.78125_-121.96875,40.78125,-121.96875,1.089301254427729,0.44958579540252686,1.8980019
cdec_BND,40.78125_-122.03125,40.78125,-122.03125,0.99077302317559,0.5257396697998047,2.6827292
cdec_BND,40.78125_-122.09375,40.78125,-122.09375,1.039446462082196,0.5224260091781616,2.5464988
cdec_BND,40.78125_-122.15625,40.78125,-122.15625,1.046738673056348,0.3883431851863861,2.0547018
cdec_BND,40.78125_-122.21875,40.78125,-122.21875,1.09227034715753,0.3279881775379181,1.817619
cdec_BND,40.78125_-122.28125,40.78125,-122.28125,1.0989193423630437,0.34396448731422424,1.813641
cdec_BND,40.78125_-122.34375,40.78125,-122.34375,1.034702685230041,0.29420119524002075,1.7153546
cdec_BND,40.78125_-122.40625,40.78125,-122.40625,1.1355154035128023,0.21213017404079437,1.348731
cdec_BND,40.78125_-122.46875,40.78125,-122.46875,1.165757799611496,0.4146745502948761,2.0808425
cdec_BND,40.78125_-122.53125,40.78125,-122.53125,1.1450374525546607,0.42331361770629883,2.2681193
cdec_BND,40.78125_-122.59375,40.78125,-122.59375,1.0635734254180425,0.41863906383514404,2.148946
cdec_BND,40.78125_-122.65625,40.78125,-122.65625,1.1317090182759726,0.34662720561027527,2.1693225
cdec_BND,40.78125_-122.71875,40.78125,-122.71875,1.1432597504996866,0.4816568195819855,2.5256937
cdec_BND,40.84375_-120.84375,40.84375,-120.84375,1.4262610254151062,0.3368639051914215,0.87257576
cdec_BND,40.84375_-120.90625,40.84375,-120.90625,1.354332046470844,0.36544379591941833,0.982036
cdec_BND,40.84375_-120.96875,40.84375,-120.96875,1.3511444581177763,0.3356804847717285,0.82394534
cdec_BND,40.84375_-121.03125,40.84375,-121.03125,1.3520347231924434,0.3188757300376892,0.6415657
cdec_BND,40.84375_-121.09375,40.84375,-121.09375,1.3849877967017956,0.3418934941291809,0.72135365
cdec_BND,40.84375_-121.15625,40.84375,-121.15625,1.3867130589462795,0.38538461923599243,1.2278392
cdec_BND,40.84375_-121.21875,40.84375,-121.21875,1.2458926521837173,0.35887575149536133,1.0757858
cdec_BND,40.84375_-121.28125,40.84375,-121.28125,1.3757792186836233,0.32053253054618835,0.9871155
cdec_BND,40.84375_-121.34375,40.84375,-121.34375,1.2998588251971293,0.32153844833374023,0.9645543
cdec_BND,40.84375_-121.40625,40.84375,-121.40625,1.2551759640082858,0.30952662229537964,0.68655515
cdec_BND,40.84375_-121.46875,40.84375,-121.46875,1.2012500188713442,0.38999998569488525,0.687079
cdec_BND,40.84375_-121.53125,40.84375,-121.53125,1.3073944043076449,0.3784615397453308,0.9932582
cdec_BND,40.84375_-121.59375,40.84375,-121.59375,1.3512886211482749,0.4000000059604645,1.5631382
cdec_BND,40.84375_-121.65625,40.84375,-121.65625,1.2082347858931453,0.46355029940605164,2.0659227
cdec_BND,40.84375_-121.71875,40.84375,-121.71875,1.2313524761993735,0.4936094582080841,2.1803472
cdec_BND,40.84375_-121.78125,40.84375,-121.78125,1.0911557646635677,0.44532543420791626,2.096655
cdec_BND,40.84375_-121.84375,40.84375,-121.84375,1.2360647139177463,0.46715977787971497,2.1103256
cdec_BND,40.84375_-121.90625,40.84375,-121.90625,1.1690306825235752,0.42810651659965515,1.8743039
cdec_BND,40.84375_-121.96875,40.84375,-121.96875,1.0860092777816375,0.5020710229873657,2.4008226
cdec_BND,40.84375_-122.03125,40.84375,-122.03125,1.0075101610166461,0.5766863822937012,3.127337
cdec_BND,40.84375_-122.09375,40.84375,-122.09375,0.9836312186710006,0.6105325222015381,3.170113
cdec_BND,40.84375_-122.15625,40.84375,-122.15625,1.0287215806759396,0.5988757610321045,3.214111
cdec_BND,40.84375_-122.21875,40.84375,-122.21875,1.023833764953568,0.5583431720733643,2.72615
cdec_BND,40.84375_-122.28125,40.84375,-122.28125,1.055876649126109,0.480236679315567,2.4393423
cdec_BND,40.84375_-122.34375,40.84375,-122.34375,1.0062407176139874,0.43508875370025635,2.1017182
cdec_BND,40.84375_-122.40625,40.84375,-122.40625,1.1222992354977053,0.32846152782440186,1.5671813
cdec_BND,40.84375_-122.46875,40.84375,-122.46875,1.1137882236671908,0.4645562171936035,2.2319267
cdec_BND,40.84375_-122.53125,40.84375,-122.53125,1.1672358381419672,0.386982262134552,2.0049474
cdec_BND,40.84375_-122.59375,40.84375,-122.59375,1.0813085763198962,0.3811834454536438,2.3036861
cdec_BND,40.84375_-122.65625,40.84375,-122.65625,0.9529381533542515,0.4375147819519043,2.534181
cdec_BND,40.90625_-120.78125,40.90625,-120.78125,1.2883274723138043,0.3700000047683716,0.560331
cdec_BND,40.90625_-120.84375,40.90625,-120.84375,1.2806313476702542,0.3039644956588745,0.4467781
cdec_BND,40.90625_-120.90625,40.90625,-120.90625,1.2305524531585097,0.28260356187820435,0.38256484
cdec_BND,40.90625_-120.96875,40.90625,-120.96875,1.2129805486048646,0.2718935012817383,0.37542787
cdec_BND,40.90625_-121.03125,40.90625,-121.03125,1.1645044090739942,0.27721893787384033,0.4900945
cdec_BND,40.90625_-121.09375,40.90625,-121.09375,1.203592930095081,0.3382840156555176,0.6494645
cdec_BND,40.90625_-121.15625,40.90625,-121.15625,1.202656434575549,0.32692307233810425,0.59286356
cdec_BND,40.90625_-121.21875,40.90625,-121.21875,1.3370966547842311,0.3459171652793884,0.86589473
cdec_BND,40.90625_-121.28125,40.90625,-121.28125,1.3009667088690624,0.33816567063331604,0.6387712
cdec_BND,40.90625_-121.34375,40.90625,-121.34375,1.3291828554274256,0.34088757634162903,0.6801955
cdec_BND,40.90625_-121.40625,40.90625,-121.40625,1.2081005268818612,0.3284023702144623,0.5741639
cdec_BND,40.90625_-121.46875,40.90625,-121.46875,1.2454446941692667,0.3284023702144623,0.589437
cdec_BND,40.90625_-121.53125,40.90625,-121.53125,1.2437670682899702,0.3320710062980652,0.79023093
cdec_BND,40.90625_-121.59375,40.90625,-121.59375,1.2893490798934224,0.359112411737442,0.9870652
cdec_BND,40.90625_-121.65625,40.90625,-121.65625,1.2640987231321246,0.3434911370277405,1.1508694
cdec_BND,40.90625_-121.71875,40.90625,-121.71875,1.3022541551416884,0.34976330399513245,1.6407601
cdec_BND,40.90625_-121.78125,40.90625,-121.78125,1.2157883561891336,0.4398224949836731,2.2730386
cdec_BND,40.90625_-121.84375,40.90625,-121.84375,1.1374041906197832,0.455443799495697,1.9718812
cdec_BND,40.90625_-121.90625,40.90625,-121.90625,1.1599308993031072,0.48053255677223206,2.5268123
cdec_BND,40.90625_-121.96875,40.90625,-121.96875,1.0723710961753041,0.5649704337120056,3.002355
cdec_BND,40.90625_-122.03125,40.90625,-122.03125,0.9369571923523217,0.6329585909843445,3.3293765
cdec_BND,40.90625_-122.09375,40.90625,-122.09375,1.0604042784160768,0.6138461828231812,3.3934884
cdec_BND,40.90625_-122.15625,40.90625,-122.15625,0.9335142009731794,0.6071597337722778,3.5916278
cdec_BND,40.90625_-122.21875,40.90625,-122.21875,1.021414674934702,0.48639053106307983,2.6386418
cdec_BND,40.90625_-122.28125,40.90625,-122.28125,1.0422596770511685,0.4359763264656067,2.7970583
cdec_BND,40.90625_-122.34375,40.90625,-122.34375,1.0715776059807556,0.3614201247692108,2.6232517
cdec_BND,40.90625_-122.40625,40.90625,-122.40625,1.14030785601271,0.4363313615322113,2.0649865
cdec_BND,40.90625_-122.46875,40.90625,-122.46875,1.1697266698677673,0.5299999713897705,2.4262807
cdec_BND,40.90625_-122.53125,40.90625,-122.53125,1.1437332610843591,0.4603550434112549,2.4255323
cdec_BND,40.90625_-122.59375,40.90625,-122.59375,1.203419149673305,0.43988165259361267,2.3076706
cdec_BND,40.90625_-122.65625,40.90625,-122.65625,1.0996339239788564,0.5014201402664185,2.2292855
cdec_BND,40.96875_-120.59375,40.96875,-120.59375,1.2991289754606044,0.23396450281143188,0.38232496
cdec_BND,40.96875_-120.65625,40.96875,-120.65625,1.4240174046587422,0.2757396399974823,0.40772435
cdec_BND,40.96875_-120.71875,40.96875,-120.71875,1.3751472818695731,0.2955029606819153,0.5411822
cdec_BND,40.96875_-120.78125,40.96875,-120.78125,1.3894060268772712,0.3202366828918457,0.9469738
cdec_BND,40.96875_-120.84375,40.96875,-120.84375,1.4147392065046334,0.32881656289100647,0.7966703
cdec_BND,40.96875_-120.90625,40.96875,-120.90625,1.237412952488699,0.21958580613136292,0.31817016
cdec_BND,40.96875_-120.96875,40.96875,-120.96875,1.2345362178969763,0.2687574028968811,0.5089203
cdec_BND,40.96875_-121.03125,40.96875,-121.03125,1.247697365726215,0.281715989112854,0.83800226
cdec_BND,40.96875_-121.09375,40.96875,-121.09375,1.3213727247626226,0.32668638229370117,1.1586748
cdec_BND,40.96875_-121.15625,40.96875,-121.15625,1.263220675698967,0.2818934917449951,0.52435255
cdec_BND,40.96875_-121.21875,40.96875,-121.21875,1.2236915772809476,0.2950887680053711,0.4766498
cdec_BND,40.96875_-121.28125,40.96875,-121.28125,1.2718325226949299,0.3161538541316986,0.54195917
cdec_BND,40.96875_-121.34375,40.96875,-121.34375,1.3095080832078034,0.33656805753707886,0.5736882
cdec_BND,40.96875_-121.40625,40.96875,-121.40625,1.2318588563762982,0.33757397532463074,0.6083383
cdec_BND,40.96875_-121.46875,40.96875,-121.46875,1.187763905376622,0.2892899513244629,0.6481146
cdec_BND,40.96875_-121.53125,40.96875,-121.53125,1.1539354092862266,0.30792897939682007,0.70368713
cdec_BND,40.96875_-121.59375,40.96875,-121.59375,1.294528873580104,0.2774556279182434,0.8379558
cdec_BND,40.96875_-121.65625,40.96875,-121.65625,1.2709573802249308,0.3263905346393585,1.4131774
cdec_BND,40.96875_-121.71875,40.96875,-121.71875,1.2560023826302826,0.3127219080924988,1.8525612
cdec_BND,40.96875_-121.78125,40.96875,-121.78125,1.2351352264055073,0.39988166093826294,2.3891263
cdec_BND,40.96875_-121.84375,40.96875,-121.84375,1.1447702278052552,0.43952661752700806,2.3220904
cdec_BND,40.96875_-121.90625,40.96875,-121.90625,1.266526542163328,0.42254438996315,2.3732007
cdec_BND,40.96875_-121.96875,40.96875,-121.96875,1.2415375127090233,0.4760355055332184,2.7154956
cdec_BND,40.96875_-122.03125,40.96875,-122.03125,1.0233396668824128,0.49041420221328735,2.9462256
cdec_BND,40.96875_-122.09375,40.96875,-122.09375,1.064589024353339,0.4965088665485382,3.0641062
cdec_BND,40.96875_-122.15625,40.96875,-122.15625,1.00785250250678,0.5751479268074036,3.2963238
cdec_BND,40.96875_-122.21875,40.96875,-122.21875,1.065322780275224,0.4666863977909088,2.7754784
cdec_BND,40.96875_-122.28125,40.96875,-122.28125,1.0511569880257379,0.36449703574180603,2.5054548
cdec_BND,40.96875_-122.34375,40.96875,-122.34375,1.086603758631079,0.3478698134422302,2.6528952
cdec_BND,40.96875_-122.40625,40.96875,-122.40625,1.1185688846864295,0.32792899012565613,2.4620605
cdec_BND,40.96875_-122.46875,40.96875,-122.46875,1.1453709960835787,0.2879289984703064,2.4629557
cdec_BND,40.96875_-122.53125,40.96875,-122.53125,1.0532157085018472,0.3752070963382721,2.420303
cdec_BND,40.96875_-122.59375,40.96875,-122.59375,0.9180097603865685,0.49289941787719727,2.4784677
cdec_BND,41.03125_-120.21875,41.03125,-120.21875,1.3349262378107716,0.27585798501968384,0.33149147
cdec_BND,41.03125_-120.28125,41.03125,-120.28125,1.3151012073491792,0.28573963046073914,0.33252496
cdec_BND,41.03125_-120.34375,41.03125,-120.34375,1.422451289006612,0.272426038980484,0.37015846
cdec_BND,41.03125_-120.40625,41.03125,-120.40625,1.3861706678365513,0.2569822371006012,0.3431508
cdec_BND,41.03125_-120.59375,41.03125,-120.59375,1.3951622354956053,0.25360947847366333,0.38273862
cdec_BND,41.03125_-120.65625,41.03125,-120.65625,1.327917192564223,0.23680473864078522,0.44951952
cdec_BND,41.03125_-120.71875,41.03125,-120.71875,1.4022718652648494,0.27289941906929016,0.63728976
cdec_BND,41.03125_-120.78125,41.03125,-120.78125,1.3945208219053793,0.29497042298316956,0.9263392
cdec_BND,41.03125_-120.84375,41.03125,-120.84375,1.3824335369229501,0.24757397174835205,0.75356203
cdec_BND,41.03125_-120.90625,41.03125,-120.90625,1.407853997082884,0.2975739538669586,0.78256565
cdec_BND,41.03125_-120.96875,41.03125,-120.96875,1.3203476601755144,0.3061538338661194,0.86954504
cdec_BND,41.03125_-121.03125,41.03125,-121.03125,1.3947869229738044,0.3276331424713135,0.96966505
cdec_BND,41.03125_-121.09375,41.03125,-121.09375,1.313024821720684,0.3043195307254791,0.98719597
cdec_BND,41.03125_-121.15625,41.03125,-121.15625,1.3084902041414752,0.31840237975120544,0.6231231
cdec_BND,41.03125_-121.21875,41.03125,-121.21875,1.2826322136194088,0.31934911012649536,0.94624835
cdec_BND,41.03125_-121.28125,41.03125,-121.28125,1.154097116217413,0.3179289996623993,0.79288286
cdec_BND,41.03125_-121.34375,41.03125,-121.34375,1.1477521085748434,0.33875739574432373,0.9552374
cdec_BND,41.03125_-121.40625,41.03125,-121.40625,1.1594299599464009,0.33017751574516296,0.97218364
cdec_BND,41.03125_-121.46875,41.03125,-121.46875,1.211151590511982,0.343313604593277,0.91172624
cdec_BND,41.03125_-121.53125,41.03125,-121.53125,1.1997834255955526,0.3134319484233856,0.8884048
cdec_BND,41.03125_-121.59375,41.03125,-121.59375,1.2344315360602873,0.3422485291957855,1.0998187
cdec_BND,41.03125_-121.65625,41.03125,-121.65625,1.2944120708182505,0.32946744561195374,1.4800252
cdec_BND,41.03125_-121.71875,41.03125,-121.71875,1.2040642773692718,0.4747928977012634,2.639578
cdec_BND,41.03125_-121.78125,41.03125,-121.78125,1.020177228476932,0.5320709943771362,3.1697314
cdec_BND,41.03125_-121.84375,41.03125,-121.84375,1.0152115393829697,0.526627242565155,2.9186742
cdec_BND,41.03125_-121.90625,41.03125,-121.90625,1.15910320828392,0.480295866727829,2.5703254
cdec_BND,41.03125_-121.96875,41.03125,-121.96875,1.1225271383921758,0.48538461327552795,2.7873912
cdec_BND,41.03125_-122.03125,41.03125,-122.03125,1.1838264316176108,0.3724852204322815,2.491546
cdec_BND,41.03125_-122.09375,41.03125,-122.09375,1.1261421937383362,0.33000001311302185,2.1424966
cdec_BND,41.03125_-122.15625,41.03125,-122.15625,1.0416719227824824,0.5462722182273865,2.9478264
cdec_BND,41.03125_-122.21875,41.03125,-122.21875,1.063593394055347,0.4614792764186859,2.7281148
cdec_BND,41.03125_-122.28125,41.03125,-122.28125,1.0630858685151283,0.4457988142967224,2.5979178
cdec_BND,41.03125_-122.34375,41.03125,-122.34375,1.0929433208898636,0.4409467577934265,2.9077332
cdec_BND,41.03125_-122.40625,41.03125,-122.40625,1.1542928950541818,0.32946744561195374,2.112263
cdec_BND,41.03125_-122.46875,41.03125,-122.46875,1.1377902555098116,0.2597041428089142,1.7027065
cdec_BND,41.03125_-122.53125,41.03125,-122.53125,1.1422486026119953,0.25201183557510376,1.7604103
cdec_BND,41.09375_-120.15625,41.09375,-120.15625,1.3591038724796625,0.34029585123062134,0.4918768
cdec_BND,41.09375_-120.21875,41.09375,-120.21875,1.3700597131452272,0.35976332426071167,0.46803695
cdec_BND,41.09375_-120.28125,41.09375,-120.28125,1.3564233841269886,0.3095858097076416,0.4614834
cdec_BND,41.09375_-120.34375,41.09375,-120.34375,1.3820988209430471,0.280177503824234,0.41786277
cdec_BND,41.09375_-120.40625,41.09375,-120.40625,1.3742745277670803,0.1998816579580307,0.2944353
cdec_BND,41.09375_-120.46875,41.09375,-120.46875,1.3453835769278042,0.25207099318504333,0.40008402
cdec_BND,41.09375_-120.53125,41.09375,-120.53125,1.395987006441194,0.26171597838401794,0.4102157
cdec_BND,41.09375_-120.59375,41.09375,-120.59375,1.337825420056206,0.26751479506492615,0.42835373
cdec_BND,41.09375_-120.65625,41.09375,-120.65625,1.30298855953188,0.31603550910949707,0.44581822
cdec_BND,41.09375_-120.71875,41.09375,-120.71875,1.2767100308088986,0.3117159903049469,0.46547303
cdec_BND,41.09375_-120.78125,41.09375,-120.78125,1.4089085190823343,0.28644970059394836,0.77193815
cdec_BND,41.09375_-120.84375,41.09375,-120.84375,1.3627572517624893,0.29343196749687195,0.6693083
cdec_BND,41.09375_-120.90625,41.09375,-120.90625,1.3804795348844099,0.3113609552383423,0.70043826
cdec_BND,41.09375_-120.96875,41.09375,-120.96875,1.3919527946960681,0.3351479172706604,0.81402445
cdec_BND,41.09375_-121.03125,41.09375,-121.03125,1.2689762527434416,0.31875738501548767,0.48114628
cdec_BND,41.09375_-121.09375,41.09375,-121.09375,1.1325639586018454,0.2937869727611542,0.75628895
cdec_BND,41.09375_-121.15625,41.09375,-121.15625,1.1628143071099881,0.41266271471977234,0.6492113
cdec_BND,41.09375_-121.21875,41.09375,-121.21875,1.352391474791006,0.34532544016838074,1.1757816
cdec_BND,41.09375_-121.28125,41.09375,-121.28125,1.2874002309535513,0.3405325412750244,0.79583406
cdec_BND,41.09375_-121.34375,41.09375,-121.34375,1.075080971609,0.35650888085365295,0.9167551
cdec_BND,41.09375_-121.40625,41.09375,-121.40625,1.0115910485330832,0.4229585826396942,0.88736176
cdec_BND,41.09375_-121.46875,41.09375,-121.46875,1.0160354545606038,0.33331361413002014,1.0640252
cdec_BND,41.09375_-121.53125,41.09375,-121.53125,1.182799966204376,0.40124261379241943,1.2370449
cdec_BND,41.09375_-121.59375,41.09375,-121.59375,1.2589319669123005,0.448579877614975,2.0538137
cdec_BND,41.09375_-121.65625,41.09375,-121.65625,1.2362972237101457,0.4073372781276703,2.531743
cdec_BND,41.09375_-121.71875,41.09375,-121.71875,1.1270789869161364,0.4515976309776306,2.8725045
cdec_BND,41.09375_-121.78125,41.09375,-121.78125,1.0454442162493232,0.44692307710647583,2.130965
cdec_BND,41.09375_-121.84375,41.09375,-121.84375,1.0597589315744833,0.49721893668174744,2.5131786
cdec_BND,41.09375_-121.90625,41.09375,-121.90625,0.930326774211091,0.612958550453186,3.3904889
cdec_BND,41.09375_-121.96875,41.09375,-121.96875,0.9468864818929741,0.6068639159202576,3.44338
cdec_BND,41.09375_-122.03125,41.09375,-122.03125,0.9470777907905876,0.49408283829689026,2.8428736
cdec_BND,41.09375_-122.09375,41.09375,-122.09375,1.0623132980139627,0.4769822359085083,2.6367023
cdec_BND,41.09375_-122.15625,41.09375,-122.15625,0.9440302389386213,0.6534911394119263,3.3204594
cdec_BND,41.09375_-122.21875,41.09375,-122.21875,1.0264647890936134,0.5979290008544922,3.2183852
cdec_BND,41.09375_-122.28125,41.09375,-122.28125,0.8720623388048949,0.6023668646812439,3.1026952
cdec_BND,41.09375_-122.34375,41.09375,-122.34375,0.9815951578546316,0.5323668718338013,2.7806537
cdec_BND,41.09375_-122.40625,41.09375,-122.40625,1.050714673985312,0.518224835395813,2.0786862
cdec_BND,41.09375_-122.46875,41.09375,-122.46875,1.0598458546235527,0.4304733872413635,1.291792
cdec_BND,41.09375_-122.53125,41.09375,-122.53125,1.131637416722402,0.4108284115791321,1.3086616
cdec_BND,41.15625_-120.15625,41.15625,-120.15625,1.371237719176523,0.3502366840839386,0.6960269
cdec_BND,41.15625_-120.21875,41.15625,-120.21875,1.3489250642486568,0.36384615302085876,0.6569636
cdec_BND,41.15625_-120.28125,41.15625,-120.28125,1.3728365722364875,0.3264496922492981,0.756703
cdec_BND,41.15625_-120.34375,41.15625,-120.34375,1.3714585386732685,0.28278106451034546,0.51165307
cdec_BND,41.15625_-120.40625,41.15625,-120.40625,1.3522319811540646,0.23911242187023163,0.44854718
cdec_BND,41.15625_-120.46875,41.15625,-120.46875,1.405600969025485,0.24017751216888428,0.4631803
cdec_BND,41.15625_-120.53125,41.15625,-120.53125,1.4009768916879866,0.26905325055122375,0.5183261
cdec_BND,41.15625_-120.59375,41.15625,-120.59375,1.4074220465686142,0.30798816680908203,0.5064236
cdec_BND,41.15625_-120.65625,41.15625,-120.65625,1.379261171997232,0.3484615385532379,0.7058948
cdec_BND,41.15625_-120.71875,41.15625,-120.71875,1.3646043191345814,0.36467456817626953,0.7679328
cdec_BND,41.15625_-120.78125,41.15625,-120.78125,1.3131404279698629,0.373786985874176,1.1366242
cdec_BND,41.15625_-120.84375,41.15625,-120.84375,1.343609365477565,0.3403550386428833,0.7824206
cdec_BND,41.15625_-120.90625,41.15625,-120.90625,1.2377713380208442,0.3210059106349945,0.41331986
cdec_BND,41.15625_-120.96875,41.15625,-120.96875,1.2171958119971866,0.3581656813621521,0.6501141
cdec_BND,41.15625_-121.03125,41.15625,-121.03125,1.1775134952371957,0.2983431816101074,0.66842854
cdec_BND,41.15625_-121.09375,41.15625,-121.09375,1.1513913340132502,0.39834320545196533,0.7216068
cdec_BND,41.15625_-121.15625,41.15625,-121.15625,1.1293415692239976,0.3949112296104431,0.6040062
cdec_BND,41.15625_-121.21875,41.15625,-121.21875,1.3419151778877623,0.39230769872665405,1.3224772
cdec_BND,41.15625_-121.28125,41.15625,-121.28125,1.0442089580311276,0.4028402268886566,1.7630812
cdec_BND,41.15625_-121.34375,41.15625,-121.34375,1.2930186945584574,0.3582248389720917,1.0679446
cdec_BND,41.15625_-121.40625,41.15625,-121.40625,1.0879118008341502,0.2376331388950348,0.45696387
cdec_BND,41.15625_-121.46875,41.15625,-121.46875,1.0156224635958027,0.26792898774147034,0.5806862
cdec_BND,41.15625_-121.53125,41.15625,-121.53125,1.1262525329312505,0.32035502791404724,0.9067381
cdec_BND,41.15625_-121.59375,41.15625,-121.59375,1.252225416276307,0.42905324697494507,2.3734307
cdec_BND,41.15625_-121.65625,41.15625,-121.65625,1.2593824829385967,0.43491125106811523,2.6861632
cdec_BND,41.15625_-121.71875,41.15625,-121.71875,1.203340387121373,0.43603551387786865,2.2862468
cdec_BND,41.15625_-121.78125,41.15625,-121.78125,1.0559880199832974,0.4317159652709961,2.0591426
cdec_BND,41.15625_-121.84375,41.15625,-121.84375,1.0390618241533027,0.5210651159286499,2.5833232
cdec_BND,41.15625_-121.90625,41.15625,-121.90625,1.0198533379672878,0.5355029702186584,2.6005402
cdec_BND,41.15625_-121.96875,41.15625,-121.96875,0.9569908512298193,0.5113017559051514,2.4509296
cdec_BND,41.15625_-122.03125,41.15625,-122.03125,0.9289369301624544,0.5201775431632996,2.8682415
cdec_BND,41.15625_-122.09375,41.15625,-122.09375,1.15926377983026,0.5121893286705017,2.8543007
cdec_BND,41.15625_-122.15625,41.15625,-122.15625,0.923084982086559,0.61834317445755,3.3217106
cdec_BND,41.15625_-122.21875,41.15625,-122.21875,0.9063228075067955,0.6346745491027832,3.2609553
cdec_BND,41.15625_-122.28125,41.15625,-122.28125,0.9294516799546848,0.5994082689285278,3.0974607
cdec_BND,41.15625_-122.34375,41.15625,-122.34375,1.0180052738855172,0.502366840839386,2.2993917
cdec_BND,41.15625_-122.40625,41.15625,-122.40625,1.086524330338427,0.5326627492904663,2.187921
cdec_BND,41.15625_-122.46875,41.15625,-122.46875,1.0571808504422529,0.4552662670612335,1.4162631
cdec_BND,41.21875_-120.15625,41.21875,-120.15625,1.3805915676822962,0.36792898178100586,0.60981077
cdec_BND,41.21875_-120.21875,41.21875,-120.21875,1.334787306404675,0.34313610196113586,0.6851585
cdec_BND,41.21875_-120.28125,41.21875,-120.28125,1.362895624468306,0.3604733645915985,0.71795887
cdec_BND,41.21875_-120.34375,41.21875,-120.34375,1.3670670835272083,0.3401775062084198,0.6355528
cdec_BND,41.21875_-120.40625,41.21875,-120.40625,1.3225954873761059,0.2331952601671219,0.3234424
cdec_BND,41.21875_-120.46875,41.21875,-120.46875,1.3467910737742488,0.32112425565719604,0.47829387
cdec_BND,41.21875_-120.53125,41.21875,-120.53125,1.3230406617911323,0.42502957582473755,0.8044779
cdec_BND,41.21875_-120.59375,41.21875,-120.59375,1.3937233104880902,0.29171597957611084,0.44327858
cdec_BND,41.21875_-120.65625,41.21875,-120.65625,1.4090312851573694,0.35088756680488586,0.9059168
cdec_BND,41.21875_-120.71875,41.21875,-120.71875,1.2394554378762788,0.3708875775337219,1.2922225
cdec_BND,41.21875_-120.78125,41.21875,-120.78125,1.3154083870129896,0.3856804668903351,1.2232841
cdec_BND,41.21875_-120.84375,41.21875,-120.84375,1.304401104736478,0.3614201247692108,0.81741333
cdec_BND,41.21875_-120.90625,41.21875,-120.90625,1.2277116454522459,0.39195266366004944,0.60832345
cdec_BND,41.21875_-120.96875,41.21875,-120.96875,1.2701417423985693,0.34958580136299133,0.63650507
cdec_BND,41.21875_-121.03125,41.21875,-121.03125,1.204844295648352,0.37899407744407654,0.5136788
cdec_BND,41.21875_-121.09375,41.21875,-121.09375,1.1275059373217229,0.3771597743034363,0.60471404
cdec_BND,41.21875_-121.15625,41.21875,-121.15625,1.1657547278511884,0.27852070331573486,0.6295059
cdec_BND,41.21875_-121.21875,41.21875,-121.21875,1.3313793433046226,0.30443787574768066,1.0756605
cdec_BND,41.21875_-121.28125,41.21875,-121.28125,1.3184285772009483,0.3550295829772949,1.9413745
cdec_BND,41.21875_-121.34375,41.21875,-121.34375,1.2472497589148759,0.33603549003601074,1.565263
cdec_BND,41.21875_-121.40625,41.21875,-121.40625,1.1428289002965424,0.36911243200302124,0.9038878
cdec_BND,41.21875_-121.46875,41.21875,-121.46875,1.1364808532806547,0.3237278163433075,1.1058152
cdec_BND,41.21875_-121.53125,41.21875,-121.53125,1.2405770189448413,0.3085798919200897,0.60445166
cdec_BND,41.21875_-121.59375,41.21875,-121.59375,1.2545600317690808,0.3452070951461792,1.3318911
cdec_BND,41.21875_-121.65625,41.21875,-121.65625,1.2719620925354755,0.410591721534729,2.046545
cdec_BND,41.21875_-121.71875,41.21875,-121.71875,1.2468822773003692,0.3837278187274933,1.9969524
cdec_BND,41.21875_-121.78125,41.21875,-121.78125,1.1568803400754237,0.5268639326095581,2.605804
cdec_BND,41.21875_-121.84375,41.21875,-121.84375,1.144418800515623,0.4681065082550049,2.358339
cdec_BND,41.21875_-121.90625,41.21875,-121.90625,1.092139624398087,0.47514793276786804,2.623739
cdec_BND,41.21875_-121.96875,41.21875,-121.96875,1.0789430947305823,0.45928993821144104,2.709245
cdec_BND,41.21875_-122.03125,41.21875,-122.03125,1.0119117521901537,0.43739643692970276,2.6814866
cdec_BND,41.21875_-122.09375,41.21875,-122.09375,0.9992584227522179,0.4326627254486084,2.3259726
cdec_BND,41.21875_-122.15625,41.21875,-122.15625,1.0311326387575255,0.4783431887626648,2.6240308
cdec_BND,41.21875_-122.21875,41.21875,-122.21875,0.9445137425267122,0.4800591766834259,2.7116613
cdec_BND,41.21875_-122.28125,41.21875,-122.28125,1.0501365919551517,0.48360946774482727,2.6067975
cdec_BND,41.21875_-122.34375,41.21875,-122.34375,1.067094092040592,0.49816566705703735,1.9580178
cdec_BND,41.21875_-122.40625,41.21875,-122.40625,1.0694781943177698,0.47958579659461975,1.6121315
cdec_BND,41.21875_-122.46875,41.21875,-122.46875,1.1666596082528682,0.42964497208595276,1.3716459
cdec_BND,41.21875_-122.53125,41.21875,-122.53125,1.1986152837290667,0.39970412850379944,1.1308091
cdec_BND,41.28125_-120.15625,41.28125,-120.15625,1.3339169380561509,0.30834320187568665,0.6787024
cdec_BND,41.28125_-120.21875,41.28125,-120.21875,1.2495850349578843,0.3438461422920227,0.66456676
cdec_BND,41.28125_-120.28125,41.28125,-120.28125,1.3241667502537642,0.4111834466457367,1.2421477
cdec_BND,41.28125_-120.34375,41.28125,-120.34375,1.2572756457324668,0.3454437851905823,0.6757671
cdec_BND,41.28125_-120.40625,41.28125,-120.40625,1.2205816475497338,0.3680473268032074,0.30204588
cdec_BND,41.28125_-120.46875,41.28125,-120.46875,1.2535036480953448,0.3440236747264862,0.31208146
cdec_BND,41.28125_-120.53125,41.28125,-120.53125,1.216518646754825,0.43278107047080994,1.0330907
cdec_BND,41.28125_-120.59375,41.28125,-120.59375,1.3228610498650266,0.31005915999412537,0.47231704
cdec_BND,41.28125_-120.65625,41.28125,-120.65625,1.348264979421914,0.26094675064086914,0.34977484
cdec_BND,41.28125_-120.71875,41.28125,-120.71875,1.4099479132467776,0.31573963165283203,0.9380526
cdec_BND,41.28125_-120.78125,41.28125,-120.78125,1.2319852130821274,0.36059170961380005,1.4738536
cdec_BND,41.28125_-120.84375,41.28125,-120.84375,1.3287815442653974,0.3742011785507202,1.0952239
cdec_BND,41.28125_-120.90625,41.28125,-120.90625,1.2250769207424521,0.3533135950565338,0.9692686
cdec_BND,41.28125_-120.96875,41.28125,-120.96875,1.3315906464472582,0.2817751467227936,1.0528831
cdec_BND,41.28125_-121.03125,41.28125,-121.03125,1.3472482602155462,0.27313610911369324,1.102858
cdec_BND,41.28125_-121.09375,41.28125,-121.09375,1.2637804682829687,0.3244970440864563,0.60523206
cdec_BND,41.28125_-121.15625,41.28125,-121.15625,1.2112128347953814,0.3304733633995056,0.5581289
cdec_BND,41.28125_-121.21875,41.28125,-121.21875,1.3343017979308356,0.30289942026138306,0.88467616
cdec_BND,41.28125_-121.28125,41.28125,-121.28125,1.4051543879417574,0.3035503029823303,0.9992452
cdec_BND,41.28125_-121.34375,41.28125,-121.34375,1.3239228983139744,0.3742011785507202,1.7821358
cdec_BND,41.28125_-121.40625,41.28125,-121.40625,1.2932957225989687,0.3356804847717285,1.4519347
cdec_BND,41.28125_-121.46875,41.28125,-121.46875,1.297270186956158,0.3728994131088257,1.5653908
cdec_BND,41.28125_-121.53125,41.28125,-121.53125,1.160752540354462,0.348698228597641,1.2123029
cdec_BND,41.28125_-121.59375,41.28125,-121.59375,1.188461000045232,0.34686389565467834,1.0644879
cdec_BND,41.28125_-121.65625,41.28125,-121.65625,1.2038946632849974,0.42343196272850037,2.4078677
cdec_BND,41.28125_-121.71875,41.28125,-121.71875,1.2298842100001814,0.4286390542984009,2.2339404
cdec_BND,41.28125_-121.78125,41.28125,-121.78125,1.070578251358867,0.45674556493759155,2.3153803
cdec_BND,41.28125_-121.84375,41.28125,-121.84375,0.9954492337551915,0.414497047662735,2.1543715
cdec_BND,41.28125_-121.90625,41.28125,-121.90625,0.9830408386308231,0.4804733693599701,2.451031
cdec_BND,41.28125_-121.96875,41.28125,-121.96875,1.0126823336824375,0.37177515029907227,1.4482188
cdec_BND,41.28125_-122.03125,41.28125,-122.03125,0.9702678197102301,0.37100592255592346,1.6380792
cdec_BND,41.28125_-122.09375,41.28125,-122.09375,0.9533996205268348,0.44781064987182617,2.0340214
cdec_BND,41.28125_-122.15625,41.28125,-122.15625,1.051363779483329,0.4197041392326355,2.2253525
cdec_BND,41.28125_-122.21875,41.28125,-122.21875,0.9969937146378776,0.44071006774902344,2.025674
cdec_BND,41.28125_-122.28125,41.28125,-122.28125,1.0215948961196766,0.3838461637496948,2.1407855
cdec_BND,41.28125_-122.34375,41.28125,-122.34375,1.1903970617154414,0.46100592613220215,2.27362
cdec_BND,41.28125_-122.40625,41.28125,-122.40625,1.0836555817443307,0.5097041130065918,2.0598931
cdec_BND,41.28125_-122.46875,41.28125,-122.46875,1.1845029038470212,0.3364497125148773,1.0123123
cdec_BND,41.28125_-122.53125,41.28125,-122.53125,1.1496032553963866,0.37739646434783936,1.0933628
cdec_BND,41.34375_-120.21875,41.34375,-120.21875,1.278138405689099,0.30621302127838135,0.5542455
cdec_BND,41.34375_-120.28125,41.34375,-120.28125,1.2677700602165753,0.42810651659965515,1.2849572
cdec_BND,41.34375_-120.34375,41.34375,-120.34375,1.3771510042890367,0.356449693441391,0.77409804
cdec_BND,41.34375_-120.40625,41.34375,-120.40625,1.2706457918037348,0.30017751455307007,0.30853418
cdec_BND,41.34375_-120.46875,41.34375,-120.46875,1.2374111446712575,0.2752071022987366,0.28717595
cdec_BND,41.34375_-120.53125,41.34375,-120.53125,1.3042912330089727,0.19650886952877045,0.7698511
cdec_BND,41.34375_-120.59375,41.34375,-120.59375,1.3679406768797884,0.22165679931640625,0.45766178
cdec_BND,41.34375_-120.65625,41.34375,-120.65625,1.3729110286993955,0.2521893382072449,0.3803986
cdec_BND,41.34375_-120.71875,41.34375,-120.71875,1.4189259387629103,0.28165680170059204,0.64256334
cdec_BND,41.34375_-120.78125,41.34375,-120.78125,1.281723738872783,0.37899407744407654,1.2931751
cdec_BND,41.34375_-120.84375,41.34375,-120.84375,1.3869314128461208,0.3680473268032074,1.2427151
cdec_BND,41.34375_-120.90625,41.34375,-120.90625,1.3324684498834367,0.3305325508117676,0.89632297
cdec_BND,41.34375_-120.96875,41.34375,-120.96875,1.3797999855682108,0.325029581785202,1.0471945
cdec_BND,41.34375_-121.03125,41.34375,-121.03125,1.3821434306042508,0.3403550386428833,0.95869136
cdec_BND,41.34375_-121.09375,41.34375,-121.09375,1.3374601052543644,0.3082840144634247,0.6056292
cdec_BND,41.34375_-121.15625,41.34375,-121.15625,1.265083687052156,0.32810652256011963,0.71441656
cdec_BND,41.34375_-121.21875,41.34375,-121.21875,1.354305105267501,0.33544379472732544,1.2239139
cdec_BND,41.34375_-121.28125,41.34375,-121.28125,1.324836234653871,0.27875739336013794,0.6940401
cdec_BND,41.34375_-121.34375,41.34375,-121.34375,1.3208161062139334,0.3392307758331299,1.117864
cdec_BND,41.34375_-121.40625,41.34375,-121.40625,1.3093523166846492,0.33739644289016724,1.183157
cdec_BND,41.34375_-121.46875,41.34375,-121.46875,1.3654046411489196,0.31603550910949707,1.157974
cdec_BND,41.34375_-121.53125,41.34375,-121.53125,1.2941674218100536,0.3786390423774719,1.3129013
cdec_BND,41.34375_-121.59375,41.34375,-121.59375,1.244732803255162,0.3476923108100891,1.0084534
cdec_BND,41.34375_-121.65625,41.34375,-121.65625,1.171127180719334,0.424970418214798,2.1488569
cdec_BND,41.34375_-121.71875,41.34375,-121.71875,1.2179573409425335,0.41414201259613037,1.8127016
cdec_BND,41.34375_-121.78125,41.34375,-121.78125,1.2217679809965256,0.4253254532814026,2.0280285
cdec_BND,41.34375_-121.84375,41.34375,-121.84375,1.0221096081478789,0.5110650658607483,2.2640805
cdec_BND,41.34375_-121.90625,41.34375,-121.90625,1.0298714122510186,0.49071004986763,2.372047
cdec_BND,41.34375_-121.96875,41.34375,-121.96875,1.0618780607975866,0.38183432817459106,1.7664591
cdec_BND,41.34375_-122.03125,41.34375,-122.03125,0.9900347494649191,0.434201180934906,2.0449827
cdec_BND,41.34375_-122.09375,41.34375,-122.09375,0.9820019582252943,0.45130178332328796,1.6667751
cdec_BND,41.34375_-122.15625,41.34375,-122.15625,1.0404032980072002,0.3978698253631592,1.2333779
cdec_BND,41.34375_-122.21875,41.34375,-122.21875,1.024958290494943,0.34449705481529236,1.0422103
cdec_BND,41.34375_-122.28125,41.34375,-122.28125,0.9852376553979765,0.41402366757392883,2.1182134
cdec_BND,41.34375_-122.34375,41.34375,-122.34375,1.106927399502828,0.3147929012775421,1.5538762
cdec_BND,41.34375_-122.40625,41.34375,-122.40625,1.2341925435022354,0.4372780919075012,1.8869302
cdec_BND,41.34375_-122.46875,41.34375,-122.46875,1.1841817571307285,0.2792307734489441,0.9060661
cdec_BND,41.40625_-120.21875,41.40625,-120.21875,1.3695177257645574,0.27733728289604187,0.5441634
cdec_BND,41.40625_-120.28125,41.40625,-120.28125,1.3402186051986447,0.38958579301834106,1.042735
cdec_BND,41.40625_-120.34375,41.40625,-120.34375,1.3562074429279858,0.3653254508972168,0.77762544
cdec_BND,41.40625_-120.40625,41.40625,-120.40625,1.2657029083983464,0.30988165736198425,0.31670934
cdec_BND,41.40625_-120.46875,41.40625,-120.46875,1.2722799765131572,0.31159764528274536,0.4243632
cdec_BND,41.40625_-120.53125,41.40625,-120.53125,1.3273693890272076,0.28952664136886597,0.5823742
cdec_BND,41.40625_-120.59375,41.40625,-120.59375,1.3460185615410127,0.1668047308921814,0.46278757
cdec_BND,41.40625_-120.65625,41.40625,-120.65625,1.3011415067186607,0.2097633183002472,0.2971153
cdec_BND,41.40625_-120.71875,41.40625,-120.71875,1.3325342696572244,0.3248520791530609,0.46485066
cdec_BND,41.40625_-120.78125,41.40625,-120.78125,1.3723203929735224,0.36467456817626953,0.6435119
cdec_BND,41.40625_-120.84375,41.40625,-120.84375,1.4267761247533048,0.3554437756538391,0.86696285
cdec_BND,41.40625_-120.90625,41.40625,-120.90625,1.4070460899096529,0.3655029535293579,0.7370952
cdec_BND,41.40625_-120.96875,41.40625,-120.96875,1.3426461752774583,0.2474556267261505,0.610241
cdec_BND,41.40625_-121.03125,41.40625,-121.03125,1.3494769441868657,0.23207101225852966,0.77091336
cdec_BND,41.40625_-121.09375,41.40625,-121.09375,1.341081647446659,0.280177503824234,0.92057276
cdec_BND,41.40625_-121.15625,41.40625,-121.15625,1.3529088159652547,0.33680474758148193,1.0452591
cdec_BND,41.40625_-121.21875,41.40625,-121.21875,1.3017137714584255,0.31284022331237793,0.94890225
cdec_BND,41.40625_-121.28125,41.40625,-121.28125,1.3245746155850773,0.29869821667671204,0.803452
cdec_BND,41.40625_-121.34375,41.40625,-121.34375,1.344112225955068,0.31029585003852844,0.8416338
cdec_BND,41.40625_-121.40625,41.40625,-121.40625,1.3018675054702529,0.31372779607772827,0.9708075
cdec_BND,41.40625_-121.46875,41.40625,-121.46875,1.272283527198763,0.35846152901649475,1.2564564
cdec_BND,41.40625_-121.53125,41.40625,-121.53125,1.216089498898968,0.3752070963382721,1.1948302
cdec_BND,41.40625_-121.59375,41.40625,-121.59375,1.1280946452592178,0.377692312002182,1.4070054
cdec_BND,41.40625_-121.65625,41.40625,-121.65625,1.1529141978689523,0.3559763431549072,1.442351
cdec_BND,41.40625_-121.71875,41.40625,-121.71875,1.1428648625115452,0.4001775085926056,1.6493847
cdec_BND,41.40625_-121.78125,41.40625,-121.78125,1.2221149063542738,0.3995858132839203,1.8889608
cdec_BND,41.40625_-121.84375,41.40625,-121.84375,1.2294590349360852,0.41112425923347473,1.5148482
cdec_BND,41.40625_-121.90625,41.40625,-121.90625,1.0933608072567953,0.39171597361564636,1.7877591
cdec_BND,41.40625_-121.96875,41.40625,-121.96875,1.0412442629829803,0.4580473303794861,2.1309452
cdec_BND,41.40625_-122.03125,41.40625,-122.03125,1.0714113152058196,0.4363905191421509,1.6975337
cdec_BND,41.40625_-122.09375,41.40625,-122.09375,1.106808916736155,0.4139053225517273,1.2238898
cdec_BND,41.40625_-122.15625,41.40625,-122.15625,1.134691974346584,0.10071005672216415,0.29970014
cdec_BND,41.40625_-122.21875,41.40625,-122.21875,0.9271052762072112,0.03343195095658302,0.19409122
cdec_BND,41.40625_-122.28125,41.40625,-122.28125,1.1414534210488423,0.3413017690181732,1.4129539
cdec_BND,41.40625_-122.34375,41.40625,-122.34375,1.0530638990473542,0.3390532433986664,1.3202317
cdec_BND,41.40625_-122.40625,41.40625,-122.40625,1.1980180445390634,0.36289942264556885,1.4307368
cdec_BND,41.46875_-120.21875,41.46875,-120.21875,1.4172453231674045,0.2523076832294464,0.61296934
cdec_BND,41.46875_-120.28125,41.46875,-120.28125,1.4005203604934855,0.28804734349250793,0.8188899
cdec_BND,41.46875_-120.34375,41.46875,-120.34375,1.3939649867379709,0.2995857894420624,0.5869735
cdec_BND,41.46875_-120.40625,41.46875,-120.40625,1.314096333880355,0.3549112379550934,0.4368725
cdec_BND,41.46875_-120.46875,41.46875,-120.46875,1.2658293081466385,0.3765680491924286,0.6541899
cdec_BND,41.46875_-120.53125,41.46875,-120.53125,1.1922252020819848,0.3419526517391205,0.7137108
cdec_BND,41.46875_-120.59375,41.46875,-120.59375,1.323802420504015,0.24674555659294128,0.41013098
cdec_BND,41.46875_-120.65625,41.46875,-120.65625,1.2746733006191182,0.2824852168560028,0.38739365
cdec_BND,41.46875_-120.71875,41.46875,-120.71875,1.2549094377229304,0.3214201331138611,0.5246536
cdec_BND,41.46875_-120.78125,41.46875,-120.78125,1.220798700560356,0.34242603182792664,0.6108721
cdec_BND,41.46875_-120.84375,41.46875,-120.84375,1.250729348099056,0.3369230628013611,0.4934571
cdec_BND,41.46875_-120.90625,41.46875,-120.90625,1.2921703474284332,0.3078698217868805,0.46557388
cdec_BND,41.46875_-120.96875,41.46875,-120.96875,1.287432738427653,0.2706508934497833,0.68481344
cdec_BND,41.46875_-121.03125,41.46875,-121.03125,1.2512540340827056,0.24502958357334137,0.73347145
cdec_BND,41.46875_-121.09375,41.46875,-121.09375,1.371872301235773,0.30218935012817383,0.98248017
cdec_BND,41.46875_-121.15625,41.46875,-121.15625,1.3735169553891937,0.3270414173603058,0.9206411
cdec_BND,41.46875_-121.21875,41.46875,-121.21875,1.3341955050823233,0.3154437839984894,0.7090881
cdec_BND,41.46875_-121.28125,41.46875,-121.28125,1.3335902820649819,0.3700000047683716,1.0430691
cdec_BND,41.46875_-121.34375,41.46875,-121.34375,1.382823344905375,0.33307692408561707,0.80784625
cdec_BND,41.46875_-121.40625,41.46875,-121.40625,0.9473472883090641,0.36000001430511475,0.8008471
cdec_BND,41.46875_-121.46875,41.46875,-121.46875,1.2154802534270406,0.38147929310798645,1.8944397
cdec_BND,41.46875_-121.53125,41.46875,-121.53125,1.2904773603765476,0.18124260008335114,1.0621034
cdec_BND,41.46875_-121.59375,41.46875,-121.59375,1.1249768584454998,0.33159762620925903,1.2759509
cdec_BND,41.46875_-121.65625,41.46875,-121.65625,1.1571810153050044,0.29828402400016785,1.1175455
cdec_BND,41.46875_-121.71875,41.46875,-121.71875,1.1331946066854983,0.35846152901649475,1.4801626
cdec_BND,41.46875_-121.78125,41.46875,-121.78125,1.1072609307781704,0.40840235352516174,1.9529657
cdec_BND,41.46875_-121.84375,41.46875,-121.84375,1.0873325391782351,0.39153847098350525,1.6835814
cdec_BND,41.46875_-121.90625,41.46875,-121.90625,1.1859533590772964,0.3353254497051239,1.6563197
cdec_BND,41.46875_-121.96875,41.46875,-121.96875,1.097763781555036,0.39266273379325867,1.3746107
cdec_BND,41.46875_-122.03125,41.46875,-122.03125,0.985281920395312,0.39834320545196533,1.2602075
cdec_BND,41.46875_-122.09375,41.46875,-122.09375,0.9074281732388736,0.40355029702186584,1.3128881
cdec_BND,41.53125_-120.28125,41.53125,-120.28125,1.408653364306828,0.3504733741283417,0.83732057
cdec_BND,41.53125_-120.34375,41.53125,-120.34375,1.390501771609654,0.3376923203468323,0.60940844
cdec_BND,41.53125_-120.40625,41.53125,-120.40625,1.3135848649702924,0.32378697395324707,0.4679352
cdec_BND,41.53125_-120.46875,41.53125,-120.46875,1.248866634256447,0.3020710051059723,0.5023332
cdec_BND,41.53125_-120.53125,41.53125,-120.53125,1.286290166906317,0.2718935012817383,0.5101088
cdec_BND,41.53125_-120.59375,41.53125,-120.59375,1.3253694322076455,0.28804734349250793,0.39887884
cdec_BND,41.53125_-120.65625,41.53125,-120.65625,1.2984905977114545,0.23532544076442719,0.27043223
cdec_BND,41.53125_-120.71875,41.53125,-120.71875,1.2945994234518836,0.24147929251194,0.30805078
cdec_BND,41.53125_-120.78125,41.53125,-120.78125,1.3064641965587223,0.24946746230125427,0.3561387
cdec_BND,41.53125_-120.84375,41.53125,-120.84375,1.315648916773958,0.22893491387367249,0.29609898
cdec_BND,41.53125_-120.90625,41.53125,-120.90625,1.2989628952930081,0.2790532410144806,0.41469577
cdec_BND,41.53125_-120.96875,41.53125,-120.96875,1.252303260573596,0.26497042179107666,0.5760255
cdec_BND,41.53125_-121.03125,41.53125,-121.03125,1.2295558297393216,0.2739644944667816,0.56476307
cdec_BND,41.53125_-121.09375,41.53125,-121.09375,1.25752740430605,0.2846745550632477,0.59348345
cdec_BND,41.53125_-121.15625,41.53125,-121.15625,1.1894763253970906,0.28999999165534973,0.743394
cdec_BND,41.53125_-121.21875,41.53125,-121.21875,1.1679787565943656,0.38999998569488525,0.39729986
cdec_BND,41.53125_-121.28125,41.53125,-121.28125,1.2399244087117536,0.30000001192092896,0.35014784
cdec_BND,41.53125_-121.34375,41.53125,-121.34375,1.1689176801532035,0.23999999463558197,0.5620336
cdec_BND,41.53125_-121.40625,41.53125,-121.40625,0.8831190240077287,0.3799999952316284,2.1260839
cdec_BND,41.53125_-121.46875,41.53125,-121.46875,1.0929396390151096,0.48213016986846924,2.353875
cdec_BND,41.53125_-121.53125,41.53125,-121.53125,1.094162164249063,0.37609466910362244,1.5295564
cdec_BND,41.53125_-121.59375,41.53125,-121.59375,1.0536043944183144,0.44165679812431335,1.5216788
cdec_BND,41.53125_-121.65625,41.53125,-121.65625,1.0703675160561823,0.3786982297897339,1.2399781
cdec_BND,41.53125_-121.71875,41.53125,-121.71875,1.0885625215611427,0.3711834251880646,1.5143465
cdec_BND,41.53125_-121.78125,41.53125,-121.78125,1.0362292280011929,0.43485206365585327,1.7205534
cdec_BND,41.53125_-121.84375,41.53125,-121.84375,1.1095339777140598,0.34840238094329834,1.7883705
cdec_BND,41.53125_-121.90625,41.53125,-121.90625,1.2670561204812743,0.30289942026138306,2.021268
cdec_BND,41.59375_-120.28125,41.59375,-120.28125,1.354154442245055,0.33887574076652527,0.74208784
cdec_BND,41.59375_-120.34375,41.59375,-120.34375,1.3275600565789656,0.36017751693725586,0.7421107
cdec_BND,41.59375_-120.40625,41.59375,-120.40625,1.3188229400316462,0.343609482049942,0.4763398
cdec_BND,41.59375_-120.46875,41.59375,-120.46875,1.2594607101208504,0.2761538326740265,0.32335162
cdec_BND,41.59375_-120.53125,41.59375,-120.53125,1.3059902047659655,0.22964496910572052,0.25391656
cdec_BND,41.59375_-120.59375,41.59375,-120.59375,1.3345860041767483,0.25147929787635803,0.25878665
cdec_BND,41.59375_-120.65625,41.59375,-120.65625,1.3625783904925513,0.18745562434196472,0.22945513
cdec_BND,41.59375_-120.71875,41.59375,-120.71875,1.3532662442643522,0.236863911151886,0.25537017
cdec_BND,41.59375_-120.78125,41.59375,-120.78125,1.3113914117559227,0.25319525599479675,0.2960091
cdec_BND,41.59375_-120.84375,41.59375,-120.84375,1.298742381223448,0.2161538451910019,0.2871569
cdec_BND,41.59375_-120.90625,41.59375,-120.90625,1.1767392646876162,0.41999998688697815,0.5284117
cdec_BND,41.59375_-120.96875,41.59375,-120.96875,1.2171967948491567,0.34236687421798706,1.0729499
cdec_BND,41.59375_-121.03125,41.59375,-121.03125,1.213944292950186,0.3163313567638397,0.93448865
cdec_BND,41.59375_-121.28125,41.59375,-121.28125,0.9918191521710525,0.25,0.33143932
cdec_BND,41.59375_-121.34375,41.59375,-121.34375,1.1995744671191892,0.3499999940395355,0.5562577
cdec_BND,41.59375_-121.40625,41.59375,-121.40625,0.8248307953797407,0.3499999940395355,1.5329064
cdec_BND,41.59375_-121.46875,41.59375,-121.46875,0.9734970565775692,0.4300000071525574,1.0106794
cdec_BND,41.59375_-121.53125,41.59375,-121.53125,1.2965523044475347,0.3076923191547394,0.8463864
cdec_BND,41.59375_-121.59375,41.59375,-121.59375,1.1981232886519502,0.3494674563407898,1.013287
cdec_BND,41.59375_-121.65625,41.59375,-121.65625,1.136510985882435,0.31431952118873596,1.2640371
cdec_BND,41.59375_-121.71875,41.59375,-121.71875,1.2082249526406867,0.2897041440010071,1.8683828
cdec_BND,41.65625_-120.28125,41.65625,-120.28125,1.3496297041592484,0.3598816692829132,0.83866364
cdec_BND,41.65625_-120.34375,41.65625,-120.34375,1.3419247044131755,0.36816567182540894,0.8532213
cdec_BND,41.65625_-120.40625,41.65625,-120.40625,1.302050322866999,0.35751479864120483,0.5870151
cdec_BND,41.65625_-120.46875,41.65625,-120.46875,1.3328069545187784,0.2507692277431488,0.3038564
cdec_BND,41.65625_-120.53125,41.65625,-120.53125,1.3122032153752272,0.20923076570034027,0.25073883
cdec_BND,41.65625_-120.59375,41.65625,-120.59375,1.3171152542093862,0.20674556493759155,0.20578942
cdec_BND,41.65625_-120.65625,41.65625,-120.65625,1.3396872059727771,0.21431952714920044,0.23414728
cdec_BND,41.65625_-120.71875,41.65625,-120.71875,1.3305962902240964,0.2547928988933563,0.2850482
cdec_BND,41.65625_-120.78125,41.65625,-120.78125,1.2979384807651928,0.24597632884979248,0.29155815
cdec_BND,41.65625_-120.84375,41.65625,-120.84375,1.2819454043040812,0.23769231140613556,0.26826882
cdec_BND,41.65625_-121.28125,41.65625,-121.28125,1.3114237258393042,0.0,0.31147882
cdec_BND,41.71875_-120.28125,41.71875,-120.28125,1.2045486104408605,0.4469822347164154,1.2958511
cdec_BND,41.71875_-120.34375,41.71875,-120.34375,1.3527824934692498,0.3748520612716675,0.85183114
cdec_BND,41.71875_-120.40625,41.71875,-120.40625,1.2731897879048804,0.3857988119125366,0.57820565
cdec_BND,41.71875_-120.46875,41.71875,-120.46875,1.3631269817214182,0.29633137583732605,0.37106743
cdec_BND,41.71875_-120.53125,41.71875,-120.53125,1.3474223246177823,0.30000001192092896,0.3349935
cdec_BND,41.71875_-120.59375,41.71875,-120.59375,1.2835173477244088,0.2350887507200241,0.27444625
cdec_BND,41.71875_-120.65625,41.71875,-120.65625,1.3043310745327172,0.20041419565677643,0.21970609
cdec_BND,41.71875_-120.71875,41.71875,-120.71875,1.330871902039986,0.25088757276535034,0.42809418
cdec_BND,41.71875_-120.78125,41.71875,-120.78125,1.3093254679384283,0.23461538553237915,0.30869186
cdec_BND,41.78125_-120.53125,41.78125,-120.53125,1.2219003978260559,0.5199999809265137,0.3268896
cdec_BND,41.78125_-120.59375,41.78125,-120.59375,1.307416634876924,0.2411242574453354,0.27956566
cdec_BND,41.78125_-120.65625,41.78125,-120.65625,1.2969512941040855,0.21621301770210266,0.23775719
cdec_BND,41.78125_-120.71875,41.78125,-120.71875,1.3943659891479927,0.3400000035762787,0.25192794
cdec_BND,41.84375_-120.53125,41.84375,-120.53125,1.1730509025368778,0.3499999940395355,0.8317802
cdec_BND,41.84375_-120.59375,41.84375,-120.59375,1.3280900978677321,0.15000000596046448,0.3570909
cdec_FOL,38.59375_-120.09375,38.59375,-120.09375,1.0845014645492954,0.26573964953422546,0.46721667
cdec_FOL,38.59375_-120.15625,38.59375,-120.15625,1.079672538951336,0.24887573719024658,0.44766393
cdec_FOL,38.65625_-119.96875,38.65625,-119.96875,1.2462624781930947,0.2530769109725952,0.46622092
cdec_FOL,38.65625_-120.03125,38.65625,-120.03125,1.0652652026567666,0.24254438281059265,0.40972182
cdec_FOL,38.65625_-120.09375,38.65625,-120.09375,1.0918068518708122,0.27603551745414734,0.5490117
cdec_FOL,38.65625_-120.15625,38.65625,-120.15625,1.202089250748767,0.2800000011920929,0.74549997
cdec_FOL,38.65625_-120.21875,38.65625,-120.21875,1.1468667463050044,0.3163905441761017,1.3234475
cdec_FOL,38.65625_-120.28125,38.65625,-120.28125,1.1162511849722643,0.35982248187065125,1.4363734
cdec_FOL,38.65625_-120.34375,38.65625,-120.34375,1.0078756753299831,0.4187574088573456,1.9549093
cdec_FOL,38.65625_-120.71875,38.65625,-120.71875,1.0279084930575217,0.39946746826171875,1.6812677
cdec_FOL,38.65625_-120.78125,38.65625,-120.78125,1.0579134803262695,0.4218343198299408,1.7828407
cdec_FOL,38.65625_-120.84375,38.65625,-120.84375,0.8966986372197734,0.39331361651420593,1.4098833
cdec_FOL,38.65625_-120.90625,38.65625,-120.90625,0.7558890861618808,0.3917751610279083,1.4101399
cdec_FOL,38.65625_-120.96875,38.65625,-120.96875,0.826558527123646,0.2862130105495453,1.2389095
cdec_FOL,38.65625_-121.03125,38.65625,-121.03125,0.7291601009516027,0.26869821548461914,0.9411888
cdec_FOL,38.65625_-121.09375,38.65625,-121.09375,0.7621399020734081,0.12686391174793243,0.71698165
cdec_FOL,38.71875_-119.96875,38.71875,-119.96875,1.1927266867555146,0.3150295913219452,0.6815628
cdec_FOL,38.71875_-120.03125,38.71875,-120.03125,1.0141887777034366,0.30485206842422485,0.5651826
cdec_FOL,38.71875_-120.09375,38.71875,-120.09375,1.1180424084388603,0.30467456579208374,0.7799129
cdec_FOL,38.71875_-120.15625,38.71875,-120.15625,0.9547924517767472,0.35183432698249817,1.3147584
cdec_FOL,38.71875_-120.21875,38.71875,-120.21875,1.0266138458121987,0.34994083642959595,1.7583264
cdec_FOL,38.71875_-120.28125,38.71875,-120.28125,1.1974906330274395,0.3671005964279175,1.7526499
cdec_FOL,38.71875_-120.34375,38.71875,-120.34375,1.2586432943444568,0.3796449601650238,1.8983133
cdec_FOL,38.71875_-120.40625,38.71875,-120.40625,1.2308925140063671,0.3585798740386963,2.1752062
cdec_FOL,38.71875_-120.46875,38.71875,-120.46875,1.2317336443688185,0.3592899441719055,2.5528839
cdec_FOL,38.71875_-120.53125,38.71875,-120.53125,0.5754834029016979,0.30000001192092896,3.061243
cdec_FOL,38.71875_-120.59375,38.71875,-120.59375,1.208259097314826,0.4179881513118744,2.5693362
cdec_FOL,38.71875_-120.65625,38.71875,-120.65625,1.1567824015158543,0.4098816514015198,1.8365463
cdec_FOL,38.71875_-120.71875,38.71875,-120.71875,1.152110320937246,0.40295857191085815,1.8992176
cdec_FOL,38.71875_-120.78125,38.71875,-120.78125,1.0828860021550488,0.3322485089302063,1.645333
cdec_FOL,38.71875_-120.84375,38.71875,-120.84375,0.9306237777014983,0.2931360900402069,1.4325713
cdec_FOL,38.71875_-120.90625,38.71875,-120.90625,0.7660394406556781,0.37023669481277466,1.3384719
cdec_FOL,38.71875_-120.96875,38.71875,-120.96875,0.9621705867693751,0.3546745479106903,1.25458
cdec_FOL,38.71875_-121.03125,38.71875,-121.03125,0.836375054638164,0.3473372757434845,1.1699876
cdec_FOL,38.71875_-121.09375,38.71875,-121.09375,0.8088296161276605,0.1534319519996643,0.90431553
cdec_FOL,38.71875_-121.15625,38.71875,-121.15625,0.8715709859450629,0.0615384615957737,0.79478496
cdec_FOL,38.78125_-120.03125,38.78125,-120.03125,0.928254165061837,0.3743787109851837,0.92105454
cdec_FOL,38.78125_-120.09375,38.78125,-120.09375,0.9658729212581889,0.34781065583229065,1.1159941
cdec_FOL,38.78125_-120.15625,38.78125,-120.15625,1.041942719248182,0.3598816692829132,1.4075644
cdec_FOL,38.78125_-120.21875,38.78125,-120.21875,1.0820422528878666,0.36733728647232056,1.5866377
cdec_FOL,38.78125_-120.28125,38.78125,-120.28125,1.0719560229804221,0.40319526195526123,1.6492783
cdec_FOL,38.78125_-120.34375,38.78125,-120.34375,1.193626516907567,0.41822484135627747,1.5845404
cdec_FOL,38.78125_-120.40625,38.78125,-120.40625,1.229807147891497,0.4332544505596161,1.9214174
cdec_FOL,38.78125_-120.46875,38.78125,-120.46875,1.2137505600164893,0.4812425971031189,2.2650657
cdec_FOL,38.78125_-120.53125,38.78125,-120.53125,1.2833592371738822,0.4048520624637604,2.2786431
cdec_FOL,38.78125_-120.59375,38.78125,-120.59375,1.2761951919270775,0.41609466075897217,2.4744954
cdec_FOL,38.78125_-120.65625,38.78125,-120.65625,1.1891220258766673,0.4752070903778076,2.6392548
cdec_FOL,38.78125_-120.71875,38.78125,-120.71875,1.1874702475612833,0.4250887632369995,2.2085352
cdec_FOL,38.78125_-120.78125,38.78125,-120.78125,1.1477514499245807,0.4501183331012726,2.0757356
cdec_FOL,38.78125_-120.84375,38.78125,-120.84375,0.970672952785806,0.44846153259277344,1.6167988
cdec_FOL,38.78125_-120.90625,38.78125,-120.90625,0.9247241054186282,0.36390531063079834,1.3807503
cdec_FOL,38.78125_-120.96875,38.78125,-120.96875,0.792256440588013,0.3885207176208496,1.3480928
cdec_FOL,38.78125_-121.03125,38.78125,-121.03125,0.8166337007394846,0.40337279438972473,1.1775007
cdec_FOL,38.78125_-121.09375,38.78125,-121.09375,0.7850951612102968,0.35153844952583313,1.1824793
cdec_FOL,38.78125_-121.15625,38.78125,-121.15625,0.8372912802979244,0.28106507658958435,1.3233119
cdec_FOL,38.84375_-120.03125,38.84375,-120.03125,0.9896868902292,0.28201183676719666,1.0579878
cdec_FOL,38.84375_-120.09375,38.84375,-120.09375,1.0167947253868213,0.26384615898132324,0.6338212
cdec_FOL,38.84375_-120.15625,38.84375,-120.15625,1.1026579857773315,0.15834319591522217,0.37511796
cdec_FOL,38.84375_-120.21875,38.84375,-120.21875,0.8985036821254823,0.3007100522518158,0.7288273
cdec_FOL,38.84375_-120.28125,38.84375,-120.28125,0.7615579804472771,0.43834319710731506,1.2571446
cdec_FOL,38.84375_-120.34375,38.84375,-120.34375,0.8248957714018785,0.4134911298751831,1.5656024
cdec_FOL,38.84375_-120.40625,38.84375,-120.40625,1.081855443516762,0.37840235233306885,1.5057489
cdec_FOL,38.84375_-120.46875,38.84375,-120.46875,1.1900475615532295,0.4351479411125183,1.7139742
cdec_FOL,38.84375_-120.53125,38.84375,-120.53125,1.2081889712336382,0.4098816514015198,2.159998
cdec_FOL,38.84375_-120.59375,38.84375,-120.59375,1.0830848034315659,0.3799999952316284,2.3699389
cdec_FOL,38.84375_-120.65625,38.84375,-120.65625,0.9910183568429156,0.49562129378318787,3.1344104
cdec_FOL,38.84375_-120.71875,38.84375,-120.71875,0.9374448853347264,0.6040828227996826,3.3101726
cdec_FOL,38.84375_-120.78125,38.84375,-120.78125,1.094927912287266,0.5480473637580872,2.7562265
cdec_FOL,38.84375_-120.84375,38.84375,-120.84375,1.0935377877479167,0.41266271471977234,1.7661554
cdec_FOL,38.84375_-120.90625,38.84375,-120.90625,0.9142965995577002,0.41917160153388977,1.3963145
cdec_FOL,38.84375_-120.96875,38.84375,-120.96875,0.774831908893286,0.4167455732822418,1.4008907
cdec_FOL,38.84375_-121.03125,38.84375,-121.03125,0.7781747091222304,0.39556214213371277,1.4126632
cdec_FOL,38.84375_-121.09375,38.84375,-121.09375,0.8186593929509136,0.35106509923934937,1.4061295
cdec_FOL,38.90625_-120.15625,38.90625,-120.15625,1.106244072359659,0.18100591003894806,0.31845266
cdec_FOL,38.90625_-120.21875,38.90625,-120.21875,1.010734462531918,0.22573964297771454,0.35149533
cdec_FOL,38.90625_-120.28125,38.90625,-120.28125,0.9258819028588092,0.40526628494262695,0.9624066
cdec_FOL,38.90625_-120.34375,38.90625,-120.34375,0.7834077114280502,0.4612426161766052,1.525745
cdec_FOL,38.90625_-120.40625,38.90625,-120.40625,0.7589914870895185,0.39041420817375183,1.7265567
cdec_FOL,38.90625_-120.46875,38.90625,-120.46875,0.7841291476122305,0.4607100486755371,1.8633786
cdec_FOL,38.90625_-120.53125,38.90625,-120.53125,1.3117355829022324,0.36502957344055176,1.9635767
cdec_FOL,38.90625_-120.59375,38.90625,-120.59375,1.2237021905928458,0.3964497148990631,2.3378744
cdec_FOL,38.90625_-120.65625,38.90625,-120.65625,1.0532034369821923,0.5179881453514099,3.2308779
cdec_FOL,38.90625_-120.71875,38.90625,-120.71875,0.9224027009530147,0.5926627516746521,3.582056
cdec_FOL,38.90625_-120.78125,38.90625,-120.78125,0.9560956859163601,0.5612425804138184,3.2653956
cdec_FOL,38.90625_-120.84375,38.90625,-120.84375,1.141864136094553,0.5086982250213623,2.7598472
cdec_FOL,38.90625_-120.90625,38.90625,-120.90625,1.1202751955535435,0.45751479268074036,2.044006
cdec_FOL,38.90625_-120.96875,38.90625,-120.96875,0.9458140703432465,0.41745561361312866,1.6251981
cdec_FOL,38.90625_-121.03125,38.90625,-121.03125,0.8181548388819588,0.3759763240814209,1.522033
cdec_FOL,38.90625_-121.09375,38.90625,-121.09375,0.804668634479674,0.22964496910572052,1.4084574
cdec_FOL,38.96875_-120.15625,38.96875,-120.15625,0.9013674341784423,0.25923076272010803,0.65152186
cdec_FOL,38.96875_-120.21875,38.96875,-120.21875,1.1207271426477678,0.1917751431465149,0.34031188
cdec_FOL,38.96875_-120.28125,38.96875,-120.28125,0.9140990309915916,0.33520710468292236,0.77995276
cdec_FOL,38.96875_-120.34375,38.96875,-120.34375,0.7965674607045583,0.3949112296104431,1.2723114
cdec_FOL,38.96875_-120.40625,38.96875,-120.40625,0.9277639687620396,0.4153846204280853,1.761591
cdec_FOL,38.96875_-120.46875,38.96875,-120.46875,1.256340262098315,0.3988165557384491,2.1300044
cdec_FOL,38.96875_-120.53125,38.96875,-120.53125,1.0618768668330327,0.3676331341266632,2.307309
cdec_FOL,38.96875_-120.59375,38.96875,-120.59375,1.1517664752498429,0.3972781002521515,3.0563264
cdec_FOL,38.96875_-120.65625,38.96875,-120.65625,1.1796582476591246,0.3356804847717285,2.823427
cdec_FOL,38.96875_-120.71875,38.96875,-120.71875,1.2160258566363904,0.40005916357040405,3.14315
cdec_FOL,38.96875_-120.78125,38.96875,-120.78125,1.2146851552261488,0.49579882621765137,2.9803536
cdec_FOL,38.96875_-120.84375,38.96875,-120.84375,1.153243623485051,0.4581656754016876,2.80614
cdec_FOL,38.96875_-120.90625,38.96875,-120.90625,1.1393672885783668,0.4152662754058838,2.2734451
cdec_FOL,38.96875_-120.96875,38.96875,-120.96875,1.09303152117002,0.42893490195274353,1.930048
cdec_FOL,38.96875_-121.03125,38.96875,-121.03125,1.0196478980608559,0.33680474758148193,1.6620651
cdec_FOL,39.03125_-120.21875,39.03125,-120.21875,0.9677837489478054,0.38242602348327637,0.9057362
cdec_FOL,39.03125_-120.28125,39.03125,-120.28125,1.071264063960909,0.26810652017593384,0.7026796
cdec_FOL,39.03125_-120.34375,39.03125,-120.34375,1.0222219933409913,0.3430769145488739,0.92423433
cdec_FOL,39.03125_-120.40625,39.03125,-120.40625,1.204184441609701,0.3820118308067322,1.6302474
cdec_FOL,39.03125_-120.46875,39.03125,-120.46875,1.2108296471125355,0.3823668658733368,1.9391015
cdec_FOL,39.03125_-120.53125,39.03125,-120.53125,1.1452740045562142,0.47863906621932983,2.6030254
cdec_FOL,39.03125_-120.59375,39.03125,-120.59375,1.008070116606262,0.4882248640060425,2.847748
cdec_FOL,39.03125_-120.65625,39.03125,-120.65625,1.1897479882396116,0.35804733633995056,2.5964248
cdec_FOL,39.03125_-120.71875,39.03125,-120.71875,1.179374506883337,0.30041420459747314,2.6085508
cdec_FOL,39.03125_-120.78125,39.03125,-120.78125,1.169912049936685,0.4021301865577698,2.9256191
cdec_FOL,39.03125_-120.84375,39.03125,-120.84375,1.1407347095904072,0.4976923167705536,3.2046366
cdec_FOL,39.03125_-120.90625,39.03125,-120.90625,1.1695993440014778,0.4589940905570984,2.4354234
cdec_FOL,39.03125_-120.96875,39.03125,-120.96875,1.127427169450184,0.3685798943042755,1.9674759
cdec_FOL,39.09375_-120.21875,39.09375,-120.21875,1.2149294110334095,0.41124260425567627,1.0568128
cdec_FOL,39.09375_-120.28125,39.09375,-120.28125,1.0251220905182041,0.44609466195106506,1.3059455
cdec_FOL,39.09375_-120.34375,39.09375,-120.34375,1.040062084264106,0.45982247591018677,1.4318435
cdec_FOL,39.09375_-120.40625,39.09375,-120.40625,1.1169156289186697,0.3906508982181549,1.4428723
cdec_FOL,39.09375_-120.46875,39.09375,-120.46875,1.151720444464981,0.3942011892795563,1.2512099
cdec_FOL,39.09375_-120.53125,39.09375,-120.53125,1.1631976022840358,0.46988165378570557,2.0619113
cdec_FOL,39.09375_-120.59375,39.09375,-120.59375,0.9339961330937008,0.5110059380531311,2.456059
cdec_FOL,39.09375_-120.65625,39.09375,-120.65625,1.163546941672136,0.4204733669757843,2.8205693
cdec_FOL,39.09375_-120.71875,39.09375,-120.71875,1.180645725719821,0.4357396364212036,2.9000247
cdec_FOL,39.09375_-120.78125,39.09375,-120.78125,1.0226543068242964,0.5315976142883301,3.0388398
cdec_FOL,39.09375_-120.84375,39.09375,-120.84375,1.1057481083514467,0.591775119304657,3.3777356
cdec_FOL,39.09375_-120.90625,39.09375,-120.90625,1.116748370988793,0.5113609433174133,2.5629215
cdec_FOL,39.09375_-120.96875,39.09375,-120.96875,1.1078723623941014,0.35609468817710876,1.9527758
cdec_FOL,39.15625_-120.21875,39.15625,-120.21875,1.226499190042293,0.37934911251068115,1.135421
cdec_FOL,39.15625_-120.28125,39.15625,-120.28125,1.030046399365931,0.3759763240814209,0.8428433
cdec_FOL,39.15625_-120.34375,39.15625,-120.34375,1.1309566726833549,0.406686395406723,1.1269873
cdec_FOL,39.15625_-120.40625,39.15625,-120.40625,0.9730866367133307,0.4665680527687073,1.616243
cdec_FOL,39.15625_-120.46875,39.15625,-120.46875,1.1176955623579716,0.45384615659713745,1.2896234
cdec_FOL,39.15625_-120.53125,39.15625,-120.53125,1.1669213622940937,0.3969230651855469,1.2545791
cdec_FOL,39.15625_-120.59375,39.15625,-120.59375,1.1750927983967283,0.41183432936668396,1.723612
cdec_FOL,39.15625_-120.65625,39.15625,-120.65625,1.1851007202507866,0.47378697991371155,2.2532723
cdec_FOL,39.15625_-120.71875,39.15625,-120.71875,1.1663511449617818,0.5885798931121826,3.0672326
cdec_FOL,39.15625_-120.78125,39.15625,-120.78125,1.093598618829537,0.5400591492652893,2.7945616
cdec_FOL,39.15625_-120.84375,39.15625,-120.84375,1.1904013032929315,0.5078698396682739,2.6871707
cdec_FOL,39.15625_-120.90625,39.15625,-120.90625,1.1522075030680687,0.4976923167705536,2.672828
cdec_FOL,39.21875_-120.28125,39.21875,-120.28125,1.1718201188230652,0.3272189497947693,0.66712177
cdec_FOL,39.21875_-120.34375,39.21875,-120.34375,1.0940623364923907,0.411775141954422,1.1005192
cdec_FOL,39.21875_-120.40625,39.21875,-120.40625,1.244374564853682,0.4005917012691498,1.2237217
cdec_FOL,39.21875_-120.46875,39.21875,-120.46875,1.0854217077128954,0.44727811217308044,1.5817541
cdec_FOL,39.21875_-120.53125,39.21875,-120.53125,1.2457544031672043,0.4672780930995941,1.8380424
cdec_FOL,39.21875_-120.59375,39.21875,-120.59375,1.1108118695499274,0.4481656849384308,1.7384101
cdec_FOL,39.21875_-120.65625,39.21875,-120.65625,1.1269259310463502,0.5669230818748474,2.6119134
cdec_FOL,39.21875_-120.71875,39.21875,-120.71875,1.0852249107329137,0.565858006477356,2.9457023
cdec_FOL,39.21875_-120.78125,39.21875,-120.78125,1.158037664498482,0.5086390376091003,2.7038293
cdec_FOL,39.21875_-120.84375,39.21875,-120.84375,1.1850893997846543,0.4850887656211853,2.4659114
cdec_FOL,39.28125_-120.28125,39.28125,-120.28125,1.2323549287607003,0.4014793038368225,1.0372229
cdec_FOL,39.28125_-120.34375,39.28125,-120.34375,1.0572606668631375,0.4146745502948761,1.0911965
cdec_FOL,39.28125_-120.40625,39.28125,-120.40625,1.0694743121260455,0.3713017702102661,1.059344
cdec_FOL,39.28125_-120.46875,39.28125,-120.46875,1.0632800528632207,0.3620118200778961,0.81651384
cdec_FOL,39.28125_-120.53125,39.28125,-120.53125,1.0669408295643095,0.4157988131046295,1.1620367
cdec_FOL,39.28125_-120.59375,39.28125,-120.59375,1.0742692785636492,0.42408284544944763,1.2780514
cdec_FOL,39.28125_-120.65625,39.28125,-120.65625,1.1219039845156216,0.47846153378486633,1.9905075
cdec_FOL,39.28125_-120.71875,39.28125,-120.71875,1.154813567375371,0.48284024000167847,2.2829456
cdec_FOL,39.34375_-120.59375,39.34375,-120.59375,1.0471175635052328,0.3798224925994873,1.1204683
cdec_FOL,39.34375_-120.65625,39.34375,-120.65625,0.9735495706194219,0.4185798764228821,1.5872291
cdec_ISB,35.40625_-118.15625,35.40625,-118.15625,0.9379556982297025,0.15147928893566132,0.25360832
cdec_ISB,35.40625_-118.21875,35.40625,-118.21875,0.8689317557056657,0.16946744918823242,0.34140602
cdec_ISB,35.40625_-118.28125,35.40625,-118.28125,1.1845927056602,0.29366862773895264,0.9070531
cdec_ISB,35.40625_-118.34375,35.40625,-118.34375,1.1696819861576129,0.31893491744995117,1.0350349
cdec_ISB,35.46875_-118.15625,35.46875,-118.15625,0.91724278121829,0.15852071344852448,0.24169022
cdec_ISB,35.46875_-118.21875,35.46875,-118.21875,1.0190267454919275,0.12911242246627808,0.2881979
cdec_ISB,35.46875_-118.28125,35.46875,-118.28125,1.1632111372020364,0.24153846502304077,0.5729552
cdec_ISB,35.46875_-118.34375,35.46875,-118.34375,1.3013124519065367,0.3256213068962097,0.9239722
cdec_ISB,35.46875_-118.40625,35.46875,-118.40625,1.1207132403429705,0.3490532636642456,1.0656855
cdec_ISB,35.53125_-118.15625,35.53125,-118.15625,0.8696170450603578,0.17171597480773926,0.24896282
cdec_ISB,35.53125_-118.21875,35.53125,-118.21875,0.8478578634253495,0.16733728349208832,0.27643698
cdec_ISB,35.53125_-118.28125,35.53125,-118.28125,1.204638901901961,0.2442011833190918,0.56299716
cdec_ISB,35.53125_-118.34375,35.53125,-118.34375,1.2374563939119874,0.32029587030410767,0.7905327
cdec_ISB,35.59375_-118.09375,35.59375,-118.09375,1.0241460655415184,0.2502366900444031,0.50248516
cdec_ISB,35.59375_-118.15625,35.59375,-118.15625,0.921233201099944,0.24526627361774445,0.48748866
cdec_ISB,35.59375_-118.21875,35.59375,-118.21875,0.74116163916996,0.16940827667713165,0.31120068
cdec_ISB,35.59375_-118.28125,35.59375,-118.28125,1.0023039478865936,0.20461538434028625,0.4084341
cdec_ISB,35.59375_-118.34375,35.59375,-118.34375,1.2150954853633298,0.26035502552986145,0.5166697
cdec_ISB,35.59375_-118.40625,35.59375,-118.40625,1.3009622471320843,0.25497040152549744,0.48119158
cdec_ISB,35.59375_-118.46875,35.59375,-118.46875,1.147249391732836,0.23000000417232513,0.43642345
cdec_ISB,35.65625_-117.96875,35.65625,-117.96875,0.8846897418492086,0.17828401923179626,0.24296218
cdec_ISB,35.65625_-118.03125,35.65625,-118.03125,1.0203535630191904,0.25609466433525085,0.44302514
cdec_ISB,35.65625_-118.09375,35.65625,-118.09375,1.138159586465181,0.33603549003601074,0.77031827
cdec_ISB,35.65625_-118.15625,35.65625,-118.15625,0.9336178272447007,0.27715975046157837,0.5292661
cdec_ISB,35.65625_-118.21875,35.65625,-118.21875,0.8452068616510175,0.2169230729341507,0.39040655
cdec_ISB,35.65625_-118.28125,35.65625,-118.28125,0.9208645146362184,0.24958579242229462,0.6244337
cdec_ISB,35.65625_-118.34375,35.65625,-118.34375,0.8790006824007071,0.24568046629428864,0.54262495
cdec_ISB,35.65625_-118.40625,35.65625,-118.40625,0.9175428934863811,0.1950295865535736,0.3965285
cdec_ISB,35.65625_-118.46875,35.65625,-118.46875,0.9583979925810184,0.17349112033843994,0.3907664
cdec_ISB,35.65625_-118.53125,35.65625,-118.53125,1.2371590374391679,0.2958579957485199,0.90561205
cdec_ISB,35.65625_-118.59375,35.65625,-118.59375,1.2272540510606111,0.3800591826438904,1.8080848
cdec_ISB,35.71875_-117.96875,35.71875,-117.96875,0.9606710966950045,0.16627219319343567,0.37408826
cdec_ISB,35.71875_-118.03125,35.71875,-118.03125,0.8808402629044947,0.22337278723716736,0.38044676
cdec_ISB,35.71875_-118.09375,35.71875,-118.09375,0.9269070998423214,0.21591715514659882,0.43561113
cdec_ISB,35.71875_-118.15625,35.71875,-118.15625,0.8864372933280935,0.19550295174121857,0.39066553
cdec_ISB,35.71875_-118.21875,35.71875,-118.21875,0.9874699567705119,0.23786982893943787,0.5007477
cdec_ISB,35.71875_-118.28125,35.71875,-118.28125,0.9186904053135065,0.227573961019516,0.50365734
cdec_ISB,35.71875_-118.34375,35.71875,-118.34375,0.8865293852402423,0.2254437804222107,0.4410382
cdec_ISB,35.71875_-118.40625,35.71875,-118.40625,0.8902959681186979,0.21698224544525146,0.399299
cdec_ISB,35.71875_-118.46875,35.71875,-118.46875,1.0388303369266376,0.2163313627243042,0.54757863
cdec_ISB,35.71875_-118.53125,35.71875,-118.53125,1.2807387207577015,0.3076331317424774,1.5381155
cdec_ISB,35.71875_-118.59375,35.71875,-118.59375,1.2242292155027168,0.3906508982181549,1.8094442
cdec_ISB,35.78125_-118.03125,35.78125,-118.03125,0.9672786678808185,0.2679881751537323,0.59230834
cdec_ISB,35.78125_-118.09375,35.78125,-118.09375,0.8278812642143327,0.15313608944416046,0.36100048
cdec_ISB,35.78125_-118.15625,35.78125,-118.15625,0.9113771939349129,0.15911242365837097,0.3820825
cdec_ISB,35.78125_-118.21875,35.78125,-118.21875,1.1514914632543374,0.24106508493423462,0.66515505
cdec_ISB,35.78125_-118.28125,35.78125,-118.28125,1.1375539705604754,0.2825443744659424,0.79731464
cdec_ISB,35.78125_-118.34375,35.78125,-118.34375,1.1318547625401454,0.28301775455474854,0.7786766
cdec_ISB,35.78125_-118.40625,35.78125,-118.40625,0.984732376169551,0.23668639361858368,0.4709687
cdec_ISB,35.78125_-118.46875,35.78125,-118.46875,1.131263123341958,0.28532543778419495,0.64033926
cdec_ISB,35.78125_-118.53125,35.78125,-118.53125,1.2618576556006307,0.3463313579559326,1.1277621
cdec_ISB,35.78125_-118.59375,35.78125,-118.59375,1.191627292238316,0.3865680396556854,1.866248
cdec_ISB,35.84375_-117.96875,35.84375,-117.96875,0.9385049697312788,0.13260355591773987,0.3466015
cdec_ISB,35.84375_-118.03125,35.84375,-118.03125,0.9175886721740112,0.203964501619339,0.59882194
cdec_ISB,35.84375_-118.09375,35.84375,-118.09375,0.9305756117343578,0.22414201498031616,0.5323936
cdec_ISB,35.84375_-118.15625,35.84375,-118.15625,0.9057722597876301,0.30230769515037537,0.40097964
cdec_ISB,35.84375_-118.21875,35.84375,-118.21875,1.1086181213765993,0.22508876025676727,0.46947584
cdec_ISB,35.84375_-118.28125,35.84375,-118.28125,1.1373178878284347,0.28396448493003845,0.6622239
cdec_ISB,35.84375_-118.34375,35.84375,-118.34375,1.0386119653614254,0.31372779607772827,0.9063324
cdec_ISB,35.84375_-118.40625,35.84375,-118.40625,1.0625791618252052,0.28124260902404785,0.68372077
cdec_ISB,35.84375_-118.46875,35.84375,-118.46875,1.101459723575631,0.2788165807723999,0.5906767
cdec_ISB,35.84375_-118.53125,35.84375,-118.53125,1.2550812705214245,0.34260356426239014,1.1279398
cdec_ISB,35.84375_-118.59375,35.84375,-118.59375,1.1968417361969712,0.4150887429714203,1.9814548
cdec_ISB,35.90625_-117.96875,35.90625,-117.96875,1.0372756336282312,0.10917159914970398,0.34088242
cdec_ISB,35.90625_-118.03125,35.90625,-118.03125,0.9372309525645228,0.22343195974826813,0.51666796
cdec_ISB,35.90625_-118.09375,35.90625,-118.09375,1.0341249852361858,0.2327810674905777,0.37963822
cdec_ISB,35.90625_-118.15625,35.90625,-118.15625,1.1519621046173962,0.2178698182106018,0.32719
cdec_ISB,35.90625_-118.21875,35.90625,-118.21875,1.170249870695815,0.1814792901277542,0.33027598
cdec_ISB,35.90625_-118.28125,35.90625,-118.28125,1.057862502238292,0.26905325055122375,0.57976025
cdec_ISB,35.90625_-118.34375,35.90625,-118.34375,0.9214033788947995,0.3271597623825073,0.9246903
cdec_ISB,35.90625_-118.40625,35.90625,-118.40625,0.9883151882160945,0.3078698217868805,0.87273204
cdec_ISB,35.90625_-118.46875,35.90625,-118.46875,1.0558766668774278,0.3095858097076416,0.66098136
cdec_ISB,35.90625_-118.53125,35.90625,-118.53125,1.2199648434753483,0.35769230127334595,1.3055958
cdec_ISB,35.90625_-118.59375,35.90625,-118.59375,1.1827521323574515,0.38899409770965576,2.047375
cdec_ISB,35.96875_-117.96875,35.96875,-117.96875,0.9921085119627652,0.1259763240814209,0.30205378
cdec_ISB,35.96875_-118.03125,35.96875,-118.03125,1.0474873375371199,0.1834319531917572,0.6023399
cdec_ISB,35.96875_-118.09375,35.96875,-118.09375,1.0480322349688231,0.1998816579580307,0.39860964
cdec_ISB,35.96875_-118.15625,35.96875,-118.15625,1.1413760549101788,0.16733728349208832,0.34034938
cdec_ISB,35.96875_-118.21875,35.96875,-118.21875,1.0503459699382,0.1968047320842743,0.39652315
cdec_ISB,35.96875_-118.28125,35.96875,-118.28125,1.1516981213501962,0.2312425971031189,0.9298639
cdec_ISB,35.96875_-118.34375,35.96875,-118.34375,1.0446857729973649,0.2908284068107605,1.0315819
cdec_ISB,35.96875_-118.40625,35.96875,-118.40625,1.10009659048248,0.2963905334472656,0.72108245
cdec_ISB,35.96875_-118.46875,35.96875,-118.46875,1.1309671203913103,0.27603551745414734,0.5914188
cdec_ISB,35.96875_-118.53125,35.96875,-118.53125,1.309919021201146,0.2869822382926941,1.0231644
cdec_ISB,35.96875_-118.59375,35.96875,-118.59375,1.3010571713154784,0.32461538910865784,1.8668936
cdec_ISB,35.96875_-118.65625,35.96875,-118.65625,1.1988252214513833,0.3491124212741852,2.2006054
cdec_ISB,36.03125_-118.03125,36.03125,-118.03125,1.1266178144862455,0.21082840859889984,0.57600117
cdec_ISB,36.03125_-118.09375,36.03125,-118.09375,0.8276632546945086,0.16822485625743866,0.52987987
cdec_ISB,36.03125_-118.15625,36.03125,-118.15625,1.0243988905649717,0.20562130212783813,0.5564192
cdec_ISB,36.03125_-118.21875,36.03125,-118.21875,1.162721020814533,0.24644970893859863,0.6739278
cdec_ISB,36.03125_-118.28125,36.03125,-118.28125,1.156766524831079,0.290650874376297,0.84914404
cdec_ISB,36.03125_-118.34375,36.03125,-118.34375,1.058006848102004,0.2795858085155487,0.8864581
cdec_ISB,36.03125_-118.40625,36.03125,-118.40625,0.9683542886316717,0.3016568124294281,0.8210179
cdec_ISB,36.03125_-118.46875,36.03125,-118.46875,1.1634278353071665,0.2753846049308777,0.6143268
cdec_ISB,36.03125_-118.53125,36.03125,-118.53125,1.21457296874331,0.28301775455474854,1.158045
cdec_ISB,36.03125_-118.59375,36.03125,-118.59375,1.1804842839231868,0.33656805753707886,1.8930291
cdec_ISB,36.09375_-118.03125,36.09375,-118.03125,1.0621458087163533,0.2246745526790619,0.46408355
cdec_ISB,36.09375_-118.09375,36.09375,-118.09375,1.1053309774249942,0.25491124391555786,0.6102385
cdec_ISB,36.09375_-118.15625,36.09375,-118.15625,1.1219177971530003,0.27721893787384033,0.7479393
cdec_ISB,36.09375_-118.21875,36.09375,-118.21875,0.9365112926211316,0.3004733622074127,0.87789017
cdec_ISB,36.09375_-118.28125,36.09375,-118.28125,0.95601536527128,0.3063313663005829,0.85909444
cdec_ISB,36.09375_-118.34375,36.09375,-118.34375,1.232720861826425,0.3066864013671875,0.68418705
cdec_ISB,36.09375_-118.40625,36.09375,-118.40625,1.1913362931361688,0.31603550910949707,0.83751065
cdec_ISB,36.09375_-118.46875,36.09375,-118.46875,1.234585881601515,0.2917751371860504,1.0320336
cdec_ISB,36.09375_-118.53125,36.09375,-118.53125,1.0771656102049367,0.3414793014526367,1.4972287
cdec_ISB,36.09375_-118.59375,36.09375,-118.59375,1.1414578434149245,0.3693491220474243,1.7183979
cdec_ISB,36.15625_-118.03125,36.15625,-118.03125,0.9989868987971532,0.21443787217140198,0.4339049
cdec_ISB,36.15625_-118.09375,36.15625,-118.09375,1.018138547946631,0.2252071052789688,0.5316436
cdec_ISB,36.15625_-118.15625,36.15625,-118.15625,1.0582635788672652,0.28165680170059204,0.55599594
cdec_ISB,36.15625_-118.21875,36.15625,-118.21875,1.092531479274715,0.3444378674030304,0.89046055
cdec_ISB,36.15625_-118.28125,36.15625,-118.28125,0.9591066336120166,0.3449704051017761,0.9716053
cdec_ISB,36.15625_-118.34375,36.15625,-118.34375,1.0882192677799059,0.29846152663230896,0.6892084
cdec_ISB,36.15625_-118.40625,36.15625,-118.40625,1.2566266545195512,0.31023669242858887,0.7446596
cdec_ISB,36.15625_-118.46875,36.15625,-118.46875,1.338638314626789,0.3078106641769409,1.1107517
cdec_ISB,36.15625_-118.53125,36.15625,-118.53125,1.1182697070576149,0.36017751693725586,1.7030463
cdec_ISB,36.15625_-118.59375,36.15625,-118.59375,1.1292531485798993,0.37781065702438354,2.1775255
cdec_ISB,36.21875_-118.09375,36.21875,-118.09375,1.1367499609039646,0.22668638825416565,0.5406764
cdec_ISB,36.21875_-118.15625,36.21875,-118.15625,1.057621252176125,0.22733727097511292,0.59534657
cdec_ISB,36.21875_-118.21875,36.21875,-118.21875,0.9874414468391359,0.3585207164287567,1.0310396
cdec_ISB,36.21875_-118.28125,36.21875,-118.28125,0.9622463626858005,0.316982239484787,0.7908216
cdec_ISB,36.21875_-118.34375,36.21875,-118.34375,1.0578864700628037,0.28005915880203247,0.6700135
cdec_ISB,36.21875_-118.40625,36.21875,-118.40625,1.16469893350359,0.2963905334472656,0.92851585
cdec_ISB,36.21875_-118.46875,36.21875,-118.46875,1.1691177332562812,0.2914201319217682,0.9134145
cdec_ISB,36.21875_-118.53125,36.21875,-118.53125,1.1271887397027063,0.31449705362319946,1.311765
cdec_ISB,36.21875_-118.59375,36.21875,-118.59375,0.8621852754152024,0.38242602348327637,1.6255337
cdec_ISB,36.28125_-118.09375,36.28125,-118.09375,1.0421435105215395,0.09426035732030869,0.37068492
cdec_ISB,36.28125_-118.15625,36.28125,-118.15625,0.9346028768916254,0.200059175491333,0.5428423
cdec_ISB,36.28125_-118.21875,36.28125,-118.21875,0.9222326406986283,0.2804141938686371,0.80304354
cdec_ISB,36.28125_-118.28125,36.28125,-118.28125,0.8893905440380535,0.30520710349082947,0.7682631
cdec_ISB,36.28125_-118.34375,36.28125,-118.34375,0.8849386477661334,0.25360947847366333,0.6673647
cdec_ISB,36.28125_-118.40625,36.28125,-118.40625,1.031360144325664,0.27177515625953674,0.8293802
cdec_ISB,36.28125_-118.46875,36.28125,-118.46875,1.031710536044244,0.30349111557006836,0.8282546
cdec_ISB,36.28125_-118.53125,36.28125,-118.53125,1.1823794959816114,0.29337278008461,0.99651814
cdec_ISB,36.28125_-118.59375,36.28125,-118.59375,0.9905893598521365,0.3140828311443329,0.9205719
cdec_ISB,36.28125_-118.65625,36.28125,-118.65625,1.0099146657508726,0.29343196749687195,1.0724419
cdec_ISB,36.34375_-118.09375,36.34375,-118.09375,1.1519175373370678,0.15532544255256653,0.45452034
cdec_ISB,36.34375_-118.15625,36.34375,-118.15625,0.9337404358203849,0.11426035314798355,0.35871845
cdec_ISB,36.34375_-118.21875,36.34375,-118.21875,1.011783895351579,0.13319526612758636,0.39485428
cdec_ISB,36.34375_-118.28125,36.34375,-118.28125,0.9468843779486373,0.20343194901943207,0.5379445
cdec_ISB,36.34375_-118.34375,36.34375,-118.34375,0.839812541861771,0.26810652017593384,0.6850437
cdec_ISB,36.34375_-118.40625,36.34375,-118.40625,0.9952528699091717,0.27928993105888367,0.7311454
cdec_ISB,36.34375_-118.46875,36.34375,-118.46875,0.9686096075148607,0.184201180934906,0.42278084
cdec_ISB,36.34375_-118.53125,36.34375,-118.53125,0.9550820332824691,0.26520711183547974,0.68878776
cdec_ISB,36.34375_-118.59375,36.34375,-118.59375,0.8822391806718983,0.3037869930267334,0.82239145
cdec_ISB,36.40625_-118.15625,36.40625,-118.15625,0.913595419929509,0.18218934535980225,0.4202429
cdec_ISB,36.40625_-118.21875,36.40625,-118.21875,0.9709177387495542,0.12958580255508423,0.3597226
cdec_ISB,36.40625_-118.28125,36.40625,-118.28125,0.9412466332882972,0.13562129437923431,0.41161534
cdec_ISB,36.40625_-118.34375,36.40625,-118.34375,0.9118851302813777,0.19343195855617523,0.504358
cdec_ISB,36.40625_-118.40625,36.40625,-118.40625,0.9986472089733309,0.2490532547235489,0.6372415
cdec_ISB,36.40625_-118.46875,36.40625,-118.46875,1.0791598150630959,0.16319526731967926,0.4079348
cdec_ISB,36.40625_-118.53125,36.40625,-118.53125,0.9432783190872578,0.11597633361816406,0.22669429
cdec_ISB,36.40625_-118.59375,36.40625,-118.59375,0.9674384157212261,0.1240236684679985,0.32509404
cdec_ISB,36.46875_-118.21875,36.46875,-118.21875,1.0263244924051067,0.1363905370235443,0.2844428
cdec_ISB,36.46875_-118.28125,36.46875,-118.28125,0.9308408536250166,0.11130177229642868,0.29964116
cdec_ISB,36.46875_-118.34375,36.46875,-118.34375,0.9550200168383218,0.1346745491027832,0.35142526
cdec_ISB,36.46875_-118.40625,36.46875,-118.40625,0.9937547026810633,0.22745561599731445,0.6001062
cdec_ISB,36.46875_-118.46875,36.46875,-118.46875,0.9988903064068072,0.25940829515457153,0.6033104
cdec_ISB,36.46875_-118.53125,36.46875,-118.53125,1.1257027390768863,0.10573964565992355,0.24717316
cdec_ISB,36.46875_-118.59375,36.46875,-118.59375,0.9470253461909783,0.23804733157157898,0.6382408
cdec_ISB,36.53125_-118.21875,36.53125,-118.21875,1.0139017384749358,0.04319526627659798,0.1680795
cdec_ISB,36.53125_-118.28125,36.53125,-118.28125,0.9271066443637939,0.023786982521414757,0.10695275
cdec_ISB,36.53125_-118.34375,36.53125,-118.34375,0.984259352665821,0.09881656616926193,0.3256319
cdec_ISB,36.53125_-118.40625,36.53125,-118.40625,1.121247648146361,0.15639053285121918,0.4477529
cdec_ISB,36.53125_-118.46875,36.53125,-118.46875,1.0035918383313551,0.06289941072463989,0.16037658
cdec_ISB,36.53125_-118.53125,36.53125,-118.53125,0.9658251988328439,0.09562130272388458,0.2052905
cdec_ISB,36.53125_-118.59375,36.53125,-118.59375,0.9907980435393738,0.24538461863994598,0.91063535
cdec_ISB,36.59375_-118.28125,36.59375,-118.28125,1.0462879802511282,0.015917159616947174,0.11349879
cdec_ISB,36.59375_-118.34375,36.59375,-118.34375,0.9803038955844599,0.08857987821102142,0.1965425
cdec_ISB,36.59375_-118.40625,36.59375,-118.40625,0.9629033385311719,0.1547929048538208,0.3831698
cdec_ISB,36.59375_-118.46875,36.59375,-118.46875,1.0378839894087486,0.051479291170835495,0.12885803
cdec_ISB,36.59375_-118.53125,36.59375,-118.53125,1.047615113628587,0.03544378653168678,0.1037294
cdec_ISB,36.65625_-118.28125,36.65625,-118.28125,1.0057437539919971,0.058816567063331604,0.24855971
cdec_ISB,36.65625_-118.34375,36.65625,-118.34375,1.0500864914716557,0.02662721835076809,0.10927415
cdec_ISB,36.65625_-118.40625,36.65625,-118.40625,0.96948527621478,0.08952663093805313,0.16227548
cdec_ISB,36.65625_-118.46875,36.65625,-118.46875,1.1342625887351379,0.024319525808095932,0.089756474
cdec_ISB,36.71875_-118.34375,36.71875,-118.34375,1.060378552156902,0.06319526582956314,0.20590597
cdec_ISB,36.71875_-118.40625,36.71875,-118.40625,1.050312147832665,0.06355029344558716,0.15508716
cdec_MIL,36.96875_-119.59375,36.96875,-119.59375,0.8054243905824539,0.40278106927871704,0.8926996
cdec_MIL,36.96875_-119.65625,36.96875,-119.65625,0.8089124754667552,0.33952662348747253,0.8091801
cdec_MIL,36.96875_-119.71875,36.96875,-119.71875,0.7195010451919815,0.3407100737094879,0.88280624
cdec_MIL,37.03125_-119.34375,37.03125,-119.34375,1.1747850728732865,0.32573965191841125,1.5585022
cdec_MIL,37.03125_-119.40625,37.03125,-119.40625,1.0357486826295648,0.3721301853656769,1.4049164
cdec_MIL,37.03125_-119.46875,37.03125,-119.46875,0.8350855089915045,0.35727810859680176,1.157973
cdec_MIL,37.03125_-119.53125,37.03125,-119.53125,0.7612727473344532,0.3709467351436615,1.1099358
cdec_MIL,37.03125_-119.59375,37.03125,-119.59375,0.9289115636887406,0.3713017702102661,0.9755981
cdec_MIL,37.03125_-119.65625,37.03125,-119.65625,0.8690129893392405,0.26579880714416504,0.821731
cdec_MIL,37.03125_-119.71875,37.03125,-119.71875,0.768806398053899,0.41183432936668396,0.8559459
cdec_MIL,37.09375_-118.65625,37.09375,-118.65625,1.0238650032673966,0.01928994059562683,0.082974605
cdec_MIL,37.09375_-118.71875,37.09375,-118.71875,1.0027569203637068,0.03911242634057999,0.08829014
cdec_MIL,37.09375_-118.78125,37.09375,-118.78125,0.9089395598995587,0.0959763303399086,0.16125372
cdec_MIL,37.09375_-119.21875,37.09375,-119.21875,1.0813585358316076,0.39639052748680115,1.2889059
cdec_MIL,37.09375_-119.28125,37.09375,-119.28125,1.1606997778556516,0.36869823932647705,1.6320494
cdec_MIL,37.09375_-119.34375,37.09375,-119.34375,1.288100004618392,0.33520710468292236,1.6587437
cdec_MIL,37.09375_-119.40625,37.09375,-119.40625,1.3285949360306988,0.3210059106349945,1.5318959
cdec_MIL,37.09375_-119.46875,37.09375,-119.46875,0.9710873418615616,0.4042011797428131,1.2970527
cdec_MIL,37.09375_-119.53125,37.09375,-119.53125,0.8642274331006174,0.415976345539093,1.1705376
cdec_MIL,37.09375_-119.59375,37.09375,-119.59375,0.8902259535198161,0.4175739586353302,1.0972741
cdec_MIL,37.09375_-119.65625,37.09375,-119.65625,0.7784465004201542,0.4175148010253906,1.1047907
cdec_MIL,37.09375_-119.71875,37.09375,-119.71875,0.7774258806295871,0.4318934977054596,0.9696893
cdec_MIL,37.15625_-118.65625,37.15625,-118.65625,0.8438614652052732,0.02869822457432747,0.0906823
cdec_MIL,37.15625_-118.71875,37.15625,-118.71875,0.846968142029728,0.11307692527770996,0.19441666
cdec_MIL,37.15625_-118.78125,37.15625,-118.78125,0.9112108763556364,0.13053254783153534,0.20620811
cdec_MIL,37.15625_-118.84375,37.15625,-118.84375,0.7872933744873842,0.18201182782649994,0.28455004
cdec_MIL,37.15625_-118.90625,37.15625,-118.90625,0.7932927862500385,0.3245562016963959,0.6811713
cdec_MIL,37.15625_-118.96875,37.15625,-118.96875,0.7739509034403442,0.38360947370529175,0.78607464
cdec_MIL,37.15625_-119.03125,37.15625,-119.03125,0.9040523182826894,0.3361538350582123,0.63872564
cdec_MIL,37.15625_-119.09375,37.15625,-119.09375,0.7923894226839553,0.32147929072380066,0.628943
cdec_MIL,37.15625_-119.15625,37.15625,-119.15625,0.9231301176773956,0.40917161107063293,1.0371357
cdec_MIL,37.15625_-119.21875,37.15625,-119.21875,1.0811840621532776,0.32076922059059143,1.1322808
cdec_MIL,37.15625_-119.28125,37.15625,-119.28125,1.2383246444805198,0.3096449673175812,1.5787634
cdec_MIL,37.15625_-119.34375,37.15625,-119.34375,1.266087176347831,0.3168047368526459,1.4680693
cdec_MIL,37.15625_-119.40625,37.15625,-119.40625,1.042760332963739,0.3268639147281647,1.2293503
cdec_MIL,37.15625_-119.46875,37.15625,-119.46875,0.9082987069572542,0.4094082713127136,1.2257528
cdec_MIL,37.15625_-119.53125,37.15625,-119.53125,0.9034594183622053,0.4188757538795471,1.2236902
cdec_MIL,37.15625_-119.59375,37.15625,-119.59375,0.974727809074336,0.41301774978637695,1.2281818
cdec_MIL,37.15625_-119.65625,37.15625,-119.65625,0.796962168557364,0.4059171676635742,1.1790471
cdec_MIL,37.15625_-119.71875,37.15625,-119.71875,0.7737801318237779,0.4102366864681244,1.110383
cdec_MIL,37.21875_-118.65625,37.21875,-118.65625,0.9532006898847936,0.05414201319217682,0.14358315
cdec_MIL,37.21875_-118.71875,37.21875,-118.71875,0.812320154129029,0.11142011731863022,0.1476597
cdec_MIL,37.21875_-118.78125,37.21875,-118.78125,0.8505876253486254,0.12911242246627808,0.23327428
cdec_MIL,37.21875_-118.84375,37.21875,-118.84375,0.8923348320809106,0.20094674825668335,0.39042947
cdec_MIL,37.21875_-118.90625,37.21875,-118.90625,0.9669475150895219,0.21491123735904694,0.44229534
cdec_MIL,37.21875_-118.96875,37.21875,-118.96875,0.942515917106372,0.33094674348831177,0.66128856
cdec_MIL,37.21875_-119.03125,37.21875,-119.03125,0.7725633801292664,0.3637869954109192,0.6980079
cdec_MIL,37.21875_-119.09375,37.21875,-119.09375,0.7956611120408021,0.3552071154117584,0.7419015
cdec_MIL,37.21875_-119.15625,37.21875,-119.15625,0.9603699854496931,0.3357396423816681,0.97606605
cdec_MIL,37.21875_-119.21875,37.21875,-119.21875,0.9395283344714507,0.3256804645061493,1.2868499
cdec_MIL,37.21875_-119.28125,37.21875,-119.28125,1.1970718396210935,0.328934907913208,1.3526933
cdec_MIL,37.21875_-119.34375,37.21875,-119.34375,1.112752294491915,0.3066864013671875,1.3410163
cdec_MIL,37.21875_-119.40625,37.21875,-119.40625,1.275091069247069,0.34278106689453125,1.8711551
cdec_MIL,37.21875_-119.46875,37.21875,-119.46875,1.0840627904288276,0.35130178928375244,1.6129347
cdec_MIL,37.21875_-119.53125,37.21875,-119.53125,1.0274732009684207,0.3701775074005127,1.4039017
cdec_MIL,37.21875_-119.59375,37.21875,-119.59375,0.8606518013315463,0.4224260449409485,1.4209018
cdec_MIL,37.21875_-119.65625,37.21875,-119.65625,0.854629226339283,0.41165679693222046,1.3684465
cdec_MIL,37.28125_-118.65625,37.28125,-118.65625,0.9587646075109014,0.08704142272472382,0.1604181
cdec_MIL,37.28125_-118.71875,37.28125,-118.71875,0.8260060513146931,0.11982248723506927,0.15709408
cdec_MIL,37.28125_-118.78125,37.28125,-118.78125,0.8299084484651065,0.12923076748847961,0.25349206
cdec_MIL,37.28125_-118.84375,37.28125,-118.84375,0.8216194410547806,0.12011834233999252,0.17719974
cdec_MIL,37.28125_-118.90625,37.28125,-118.90625,0.8537942511928761,0.23461538553237915,0.47996488
cdec_MIL,37.28125_-118.96875,37.28125,-118.96875,1.0834684833545871,0.27295857667922974,0.5881209
cdec_MIL,37.28125_-119.03125,37.28125,-119.03125,0.9551935005517317,0.31917160749435425,0.7285975
cdec_MIL,37.28125_-119.09375,37.28125,-119.09375,0.82185791298262,0.3721301853656769,0.793547
cdec_MIL,37.28125_-119.15625,37.28125,-119.15625,0.9309483166279066,0.33059170842170715,0.87159455
cdec_MIL,37.28125_-119.21875,37.28125,-119.21875,0.7847700413045003,0.31899407505989075,0.90426326
cdec_MIL,37.28125_-119.28125,37.28125,-119.28125,1.0926116811647288,0.3537278175354004,1.3570652
cdec_MIL,37.28125_-119.34375,37.28125,-119.34375,1.211975150804503,0.32497042417526245,1.6272221
cdec_MIL,37.28125_-119.40625,37.28125,-119.40625,1.1119894147029514,0.3697633147239685,1.8729832
cdec_MIL,37.28125_-119.46875,37.28125,-119.46875,1.1361894945766915,0.40544378757476807,1.8038417
cdec_MIL,37.28125_-119.53125,37.28125,-119.53125,1.1981670590684446,0.4273964464664459,1.9337761
cdec_MIL,37.28125_-119.59375,37.28125,-119.59375,1.1132468402583195,0.43183431029319763,1.9416224
cdec_MIL,37.28125_-119.65625,37.28125,-119.65625,1.0419376171537102,0.3971005976200104,1.4918766
cdec_MIL,37.34375_-118.71875,37.34375,-118.71875,0.9473040989901489,0.06207100674510002,0.1552819
cdec_MIL,37.34375_-118.78125,37.34375,-118.78125,0.7951098665616847,0.017869822680950165,0.08030797
cdec_MIL,37.34375_-118.84375,37.34375,-118.84375,0.8087371757990018,0.09721893817186356,0.19684058
cdec_MIL,37.34375_-118.90625,37.34375,-118.90625,0.8682718270751413,0.25532543659210205,0.4608028
cdec_MIL,37.34375_-118.96875,37.34375,-118.96875,1.0949022529285408,0.3040236830711365,0.76232094
cdec_MIL,37.34375_-119.03125,37.34375,-119.03125,1.0319267596456738,0.26869821548461914,0.79703134
cdec_MIL,37.34375_-119.09375,37.34375,-119.09375,1.0759495134917505,0.31804734468460083,0.89733225
cdec_MIL,37.34375_-119.15625,37.34375,-119.15625,1.1200075848228168,0.35325443744659424,1.0897753
cdec_MIL,37.34375_-119.21875,37.34375,-119.21875,1.1233924841621004,0.3478698134422302,1.2130803
cdec_MIL,37.34375_-119.28125,37.34375,-119.28125,1.2676611393124833,0.29846152663230896,1.2253597
cdec_MIL,37.34375_-119.34375,37.34375,-119.34375,1.2454791424775877,0.27213019132614136,1.314592
cdec_MIL,37.34375_-119.40625,37.34375,-119.40625,1.2001307605596352,0.2917751371860504,1.2328107
cdec_MIL,37.34375_-119.46875,37.34375,-119.46875,1.0754008008403728,0.39964497089385986,1.6406976
cdec_MIL,37.34375_-119.53125,37.34375,-119.53125,1.135025830558912,0.44491124153137207,2.1185226
cdec_MIL,37.34375_-119.59375,37.34375,-119.59375,1.1517865782462926,0.38745561242103577,1.752579
cdec_MIL,37.40625_-118.78125,37.40625,-118.78125,0.8736526254866466,0.06408283859491348,0.13242532
cdec_MIL,37.40625_-118.84375,37.40625,-118.84375,0.8300927569770103,0.10822485387325287,0.29769576
cdec_MIL,37.40625_-118.90625,37.40625,-118.90625,0.8349613238694044,0.28023669123649597,0.5325241
cdec_MIL,37.40625_-118.96875,37.40625,-118.96875,0.8592493212864127,0.3218343257904053,0.8613896
cdec_MIL,37.40625_-119.03125,37.40625,-119.03125,0.8693654843032564,0.34662720561027527,0.96011806
cdec_MIL,37.40625_-119.09375,37.40625,-119.09375,0.8974112165539929,0.3362721800804138,1.0820124
cdec_MIL,37.40625_-119.15625,37.40625,-119.15625,1.171994815595682,0.3105917274951935,1.0104111
cdec_MIL,37.40625_-119.21875,37.40625,-119.21875,1.0977904955085362,0.3241420090198517,1.1825867
cdec_MIL,37.40625_-119.28125,37.40625,-119.28125,1.124317953303637,0.2713017761707306,1.1390887
cdec_MIL,37.40625_-119.34375,37.40625,-119.34375,1.096992115596515,0.31958580017089844,1.2814019
cdec_MIL,37.40625_-119.40625,37.40625,-119.40625,0.9975107378754233,0.3432544469833374,1.4851586
cdec_MIL,37.40625_-119.46875,37.40625,-119.46875,1.113947494268079,0.33579882979393005,0.8897335
cdec_MIL,37.40625_-119.53125,37.40625,-119.53125,0.8889694796626413,0.4862130284309387,2.0662568
cdec_MIL,37.40625_-119.59375,37.40625,-119.59375,0.9935763577698441,0.42402365803718567,2.313842
cdec_MIL,37.46875_-118.78125,37.46875,-118.78125,0.9383992420686271,0.12065088748931885,0.24182606
cdec_MIL,37.46875_-118.84375,37.46875,-118.84375,0.9278477607981676,0.10763313621282578,0.18683775
cdec_MIL,37.46875_-118.90625,37.46875,-118.90625,0.9025884824555411,0.1209467425942421,0.19619672
cdec_MIL,37.46875_-118.96875,37.46875,-118.96875,0.883612839031956,0.2014201134443283,0.32845175
cdec_MIL,37.46875_-119.03125,37.46875,-119.03125,0.9139946798786711,0.15988165140151978,0.2775416
cdec_MIL,37.46875_-119.09375,37.46875,-119.09375,0.9087509559349284,0.3689940869808197,0.92767125
cdec_MIL,37.46875_-119.15625,37.46875,-119.15625,0.9375163392644714,0.34526628255844116,1.34087
cdec_MIL,37.46875_-119.21875,37.46875,-119.21875,1.045107834339853,0.2653254568576813,0.83754677
cdec_MIL,37.46875_-119.28125,37.46875,-119.28125,0.9911268120672768,0.31106507778167725,0.9820639
cdec_MIL,37.46875_-119.34375,37.46875,-119.34375,0.8997917162594051,0.33390533924102783,1.1013998
cdec_MIL,37.46875_-119.40625,37.46875,-119.40625,0.8946323327063873,0.36698225140571594,1.240181
cdec_MIL,37.46875_-119.46875,37.46875,-119.46875,0.9810176114203668,0.39698225259780884,1.0389456
cdec_MIL,37.46875_-119.53125,37.46875,-119.53125,0.7593671691623485,0.43680474162101746,1.3854588
cdec_MIL,37.46875_-119.59375,37.46875,-119.59375,0.7919692578424351,0.4308875799179077,2.216755
cdec_MIL,37.53125_-118.84375,37.53125,-118.84375,0.9938507822011967,0.09840236604213715,0.21269602
cdec_MIL,37.53125_-118.90625,37.53125,-118.90625,0.9188872011138156,0.1108875721693039,0.14996575
cdec_MIL,37.53125_-118.96875,37.53125,-118.96875,0.8544166891843741,0.2262130230665207,0.3525995
cdec_MIL,37.53125_-119.03125,37.53125,-119.03125,1.0062298990797587,0.33230769634246826,0.6700952
cdec_MIL,37.53125_-119.09375,37.53125,-119.09375,1.0374703649128247,0.3569822609424591,0.8412686
cdec_MIL,37.53125_-119.15625,37.53125,-119.15625,0.9794617081600598,0.3292899429798126,1.14257
cdec_MIL,37.53125_-119.21875,37.53125,-119.21875,1.0175415382712825,0.33076924085617065,1.0670663
cdec_MIL,37.53125_-119.28125,37.53125,-119.28125,1.0129492048629265,0.32692307233810425,0.98071074
cdec_MIL,37.53125_-119.34375,37.53125,-119.34375,0.9276666456445624,0.2503550350666046,0.6009196
cdec_MIL,37.53125_-119.40625,37.53125,-119.40625,0.8077827747213637,0.30000001192092896,0.74168473
cdec_MIL,37.53125_-119.46875,37.53125,-119.46875,0.7170265253929576,0.38130176067352295,0.8484126
cdec_MIL,37.59375_-118.96875,37.59375,-118.96875,0.9408041473265276,0.2605917155742645,0.52035433
cdec_MIL,37.59375_-119.03125,37.59375,-119.03125,0.8844234301707243,0.30852070450782776,0.57325447
cdec_MIL,37.59375_-119.09375,37.59375,-119.09375,1.049639588859463,0.316982239484787,0.61721766
cdec_MIL,37.59375_-119.15625,37.59375,-119.15625,0.9681236106110831,0.27124258875846863,0.5784552
cdec_MIL,37.59375_-119.21875,37.59375,-119.21875,0.9588873412675726,0.33153846859931946,0.79736996
cdec_MIL,37.59375_-119.28125,37.59375,-119.28125,0.9514884153901096,0.2991715967655182,0.64511156
cdec_MIL,37.59375_-119.34375,37.59375,-119.34375,0.9846391672246229,0.19585798680782318,0.32419956
cdec_MIL,37.59375_-119.40625,37.59375,-119.40625,0.6957089384229446,0.21834319829940796,0.33236757
cdec_MIL,37.65625_-119.03125,37.65625,-119.03125,0.982712286609519,0.2940828502178192,0.72860765
cdec_MIL,37.65625_-119.09375,37.65625,-119.09375,0.9239572157024224,0.3438461422920227,0.68461466
cdec_MIL,37.65625_-119.15625,37.65625,-119.15625,1.0311734088162332,0.17071005702018738,0.2106235
cdec_MIL,37.65625_-119.21875,37.65625,-119.21875,0.863012309096051,0.15508875250816345,0.24864343
cdec_MIL,37.65625_-119.28125,37.65625,-119.28125,0.8782923771289417,0.1623668670654297,0.21821204
cdec_MIL,37.65625_-119.34375,37.65625,-119.34375,0.8119403409890864,0.15804733335971832,0.22322355
cdec_MIL,37.71875_-119.09375,37.71875,-119.09375,1.202742707407796,0.2637869715690613,0.4708504
cdec_MIL,37.71875_-119.15625,37.71875,-119.15625,1.1079726024348102,0.2366272211074829,0.27473798
cdec_MIL,37.71875_-119.21875,37.71875,-119.21875,0.977373370116325,0.10118342936038971,0.13185787
cdec_MIL,37.71875_-119.28125,37.71875,-119.28125,0.7738233939530365,0.04289940744638443,0.09242787
cdec_MKM,38.28125_-120.28125,38.28125,-120.28125,0.9986919441011601,0.48059171438217163,2.5738482
cdec_MKM,38.28125_-120.34375,38.28125,-120.34375,1.0260404162432915,0.48035502433776855,2.4614704
cdec_MKM,38.28125_-120.40625,38.28125,-120.40625,1.2152125243573901,0.5075739622116089,2.1351912
cdec_MKM,38.28125_-120.65625,38.28125,-120.65625,1.0831618389669913,0.3823668658733368,1.5396265
cdec_MKM,38.28125_-120.71875,38.28125,-120.71875,0.9301486411663584,0.4260946810245514,1.4265928
cdec_MKM,38.34375_-120.21875,38.34375,-120.21875,0.9822129768812327,0.45662721991539,1.9717127
cdec_MKM,38.34375_-120.28125,38.34375,-120.28125,0.8943698543259976,0.48479288816452026,2.0783732
cdec_MKM,38.34375_-120.34375,38.34375,-120.34375,0.9490756282185593,0.5624852180480957,2.7107675
cdec_MKM,38.34375_-120.40625,38.34375,-120.40625,1.1465517559427485,0.5824260115623474,2.7787566
cdec_MKM,38.34375_-120.46875,38.34375,-120.46875,1.2228643803594506,0.49390533566474915,2.0379653
cdec_MKM,38.34375_-120.53125,38.34375,-120.53125,1.1565307632277095,0.46473371982574463,2.0450664
cdec_MKM,38.34375_-120.59375,38.34375,-120.59375,1.2082212209241012,0.41183432936668396,1.9824749
cdec_MKM,38.34375_-120.65625,38.34375,-120.65625,1.0629320098398911,0.36017751693725586,1.5613662
cdec_MKM,38.34375_-120.71875,38.34375,-120.71875,0.9430673486630137,0.4085206985473633,1.5437162
cdec_MKM,38.40625_-120.15625,38.40625,-120.15625,0.9151747837717392,0.44207102060317993,1.476958
cdec_MKM,38.40625_-120.21875,38.40625,-120.21875,0.9119578842055132,0.46792900562286377,1.7864678
cdec_MKM,38.40625_-120.28125,38.40625,-120.28125,0.9325740533388276,0.5013017654418945,2.164998
cdec_MKM,38.40625_-120.34375,38.40625,-120.34375,1.0520826886455454,0.5460355281829834,2.5019429
cdec_MKM,38.40625_-120.40625,38.40625,-120.40625,1.2042179549526995,0.5407100319862366,2.4527228
cdec_MKM,38.40625_-120.46875,38.40625,-120.46875,1.1818900750049361,0.4740236699581146,2.2033012
cdec_MKM,38.40625_-120.53125,38.40625,-120.53125,1.1045318278248826,0.4427219033241272,2.0827372
cdec_MKM,38.40625_-120.59375,38.40625,-120.59375,1.1265526501295475,0.4831360876560211,2.150943
cdec_MKM,38.40625_-120.65625,38.40625,-120.65625,1.2606258919896822,0.42520710825920105,2.31316
cdec_MKM,38.46875_-119.78125,38.46875,-119.78125,1.0488537309291248,0.31165680289268494,0.59377897
cdec_MKM,38.46875_-119.84375,38.46875,-119.84375,0.9736374908996754,0.3062721788883209,0.56553006
cdec_MKM,38.46875_-119.90625,38.46875,-119.90625,0.886436296781844,0.28218933939933777,0.51501566
cdec_MKM,38.46875_-120.03125,38.46875,-120.03125,0.9532938447062278,0.354082852602005,0.7285589
cdec_MKM,38.46875_-120.09375,38.46875,-120.09375,1.2205934990541905,0.39733728766441345,0.9831986
cdec_MKM,38.46875_-120.15625,38.46875,-120.15625,1.2184584680668946,0.44550296664237976,1.3505068
cdec_MKM,38.46875_-120.21875,38.46875,-120.21875,0.9840366242937579,0.47124260663986206,1.7596909
cdec_MKM,38.46875_-120.28125,38.46875,-120.28125,1.1123993550335107,0.4930769205093384,2.0057378
cdec_MKM,38.46875_-120.34375,38.46875,-120.34375,1.1919585972685403,0.5443786978721619,2.3281584
cdec_MKM,38.46875_-120.40625,38.46875,-120.40625,1.1572010384137568,0.5536686182022095,2.7177973
cdec_MKM,38.46875_-120.46875,38.46875,-120.46875,1.1727116930451729,0.5519526600837708,2.695722
cdec_MKM,38.46875_-120.53125,38.46875,-120.53125,0.9152226101554801,0.44130176305770874,2.62163
cdec_MKM,38.53125_-119.78125,38.53125,-119.78125,1.0380345652780558,0.2824852168560028,0.5217712
cdec_MKM,38.53125_-119.84375,38.53125,-119.84375,0.9640313633555471,0.309171587228775,0.6154244
cdec_MKM,38.53125_-119.90625,38.53125,-119.90625,0.9167792122180485,0.3500591814517975,0.78047353
cdec_MKM,38.53125_-119.96875,38.53125,-119.96875,1.080940697939397,0.34449705481529236,0.6241349
cdec_MKM,38.53125_-120.03125,38.53125,-120.03125,1.0074606312319974,0.375029593706131,0.87467813
cdec_MKM,38.53125_-120.09375,38.53125,-120.09375,1.1076431312294661,0.3140828311443329,0.847214
cdec_MKM,38.53125_-120.15625,38.53125,-120.15625,1.0500647491489559,0.3902958631515503,1.0772175
cdec_MKM,38.53125_-120.21875,38.53125,-120.21875,0.959756646721351,0.4017159640789032,1.2282064
cdec_MKM,38.53125_-120.28125,38.53125,-120.28125,1.136559423498937,0.4345562160015106,1.4052664
cdec_MKM,38.53125_-120.34375,38.53125,-120.34375,0.9576595840045405,0.5142603516578674,2.097227
cdec_MKM,38.53125_-120.40625,38.53125,-120.40625,1.074662119350358,0.5237869620323181,2.497622
cdec_MKM,38.53125_-120.46875,38.53125,-120.46875,1.0163903360287567,0.5042011737823486,2.8218453
cdec_MKM,38.53125_-120.53125,38.53125,-120.53125,1.0048791417480465,0.5265088677406311,2.8666446
cdec_MKM,38.59375_-119.84375,38.59375,-119.84375,1.2225863630826144,0.25029584765434265,0.4245221
cdec_MKM,38.59375_-119.90625,38.59375,-119.90625,0.9256915531138337,0.33603549003601074,0.728317
cdec_MKM,38.59375_-119.96875,38.59375,-119.96875,1.0385781102156604,0.2662721872329712,0.50443953
cdec_MKM,38.59375_-120.03125,38.59375,-120.03125,1.1295027102056392,0.2840236723423004,0.54417294
cdec_MKM,38.59375_-120.09375,38.59375,-120.09375,1.067026940288036,0.26573964953422546,0.46721667
cdec_MKM,38.59375_-120.15625,38.59375,-120.15625,1.0583920474371369,0.24887573719024658,0.44766393
cdec_MKM,38.59375_-120.21875,38.59375,-120.21875,1.0459140885488591,0.3766863942146301,0.99213415
cdec_MKM,38.59375_-120.28125,38.59375,-120.28125,0.9211764129748234,0.4530177414417267,1.5698949
cdec_MKM,38.65625_-119.90625,38.65625,-119.90625,1.2011417303527705,0.28999999165534973,0.481123
cdec_MKM,38.65625_-119.96875,38.65625,-119.96875,1.2372456933534643,0.2530769109725952,0.46622092
cdec_MKM,38.65625_-120.03125,38.65625,-120.03125,1.0483788616173726,0.24254438281059265,0.40972182
cdec_MKM,38.65625_-120.09375,38.65625,-120.09375,1.0740373089258834,0.27603551745414734,0.5490117
cdec_MKM,38.65625_-120.15625,38.65625,-120.15625,1.1817258795106038,0.2800000011920929,0.74549997
cdec_MKM,38.65625_-120.21875,38.65625,-120.21875,1.134645618157109,0.3163905441761017,1.3234475
cdec_MRC,37.46875_-119.46875,37.46875,-119.46875,0.9856421251361238,0.39698225259780884,1.0389456
cdec_MRC,37.46875_-119.53125,37.46875,-119.53125,0.7659784782200918,0.43680474162101746,1.3854588
cdec_MRC,37.46875_-119.59375,37.46875,-119.59375,0.7988730380604745,0.4308875799179077,2.216755
cdec_MRC,37.46875_-119.65625,37.46875,-119.65625,0.9877051995045674,0.4715384542942047,2.5993972
cdec_MRC,37.46875_-119.71875,37.46875,-119.71875,1.122109232877893,0.4502958655357361,2.350405
cdec_MRC,37.53125_-119.40625,37.53125,-119.40625,0.8135780151859264,0.30000001192092896,0.74168473
cdec_MRC,37.53125_-119.46875,37.53125,-119.46875,0.7197510092660446,0.38130176067352295,0.8484126
cdec_MRC,37.53125_-119.53125,37.53125,-119.53125,0.7339709683361955,0.35958579182624817,1.1226006
cdec_MRC,37.53125_-119.59375,37.53125,-119.59375,0.9301709247354482,0.37952661514282227,1.8495194
cdec_MRC,37.53125_-119.65625,37.53125,-119.65625,1.0892169761181885,0.45786982774734497,2.2157993
cdec_MRC,37.53125_-119.71875,37.53125,-119.71875,1.2370433906825977,0.386982262134552,2.1739168
cdec_MRC,37.53125_-119.78125,37.53125,-119.78125,1.2310116399284234,0.3852662742137909,2.067586
cdec_MRC,37.53125_-119.84375,37.53125,-119.84375,1.2058221338802122,0.303846150636673,2.040947
cdec_MRC,37.53125_-119.90625,37.53125,-119.90625,1.1254813415208362,0.3227810561656952,1.7886566
cdec_MRC,37.53125_-119.96875,37.53125,-119.96875,1.0016783092125165,0.38230767846107483,1.3921607
cdec_MRC,37.53125_-120.03125,37.53125,-120.03125,1.0534043172543528,0.3291715979576111,1.1788218
cdec_MRC,37.53125_-120.09375,37.53125,-120.09375,0.8663854650870371,0.34899407625198364,1.141202
cdec_MRC,37.53125_-120.15625,37.53125,-120.15625,0.7972847714877521,0.38905325531959534,0.94421786
cdec_MRC,37.53125_-120.21875,37.53125,-120.21875,0.7929476341917727,0.4201183319091797,0.86335886
cdec_MRC,37.53125_-120.28125,37.53125,-120.28125,0.7493543362658289,0.4086982309818268,0.8195237
cdec_MRC,37.59375_-119.34375,37.59375,-119.34375,0.9916050660280069,0.19585798680782318,0.32419956
cdec_MRC,37.59375_-119.40625,37.59375,-119.40625,0.6984079818878581,0.21834319829940796,0.33236757
cdec_MRC,37.59375_-119.46875,37.59375,-119.46875,0.6739473866428953,0.2583431899547577,0.46251866
cdec_MRC,37.59375_-119.53125,37.59375,-119.53125,0.6475612907730564,0.27005916833877563,0.6037368
cdec_MRC,37.59375_-119.59375,37.59375,-119.59375,0.6855961889722446,0.3599408268928528,1.0073057
cdec_MRC,37.59375_-119.65625,37.59375,-119.65625,0.6757738603321065,0.4937869906425476,2.0394962
cdec_MRC,37.59375_-119.71875,37.59375,-119.71875,1.0225498610242298,0.3751479387283325,1.8323164
cdec_MRC,37.59375_-119.78125,37.59375,-119.78125,1.2340631085520668,0.3533727824687958,1.5881735
cdec_MRC,37.59375_-119.84375,37.59375,-119.84375,1.3074754551088874,0.34816569089889526,1.9501561
cdec_MRC,37.59375_-119.90625,37.59375,-119.90625,1.1917599701314816,0.3566272258758545,1.726815
cdec_MRC,37.59375_-119.96875,37.59375,-119.96875,1.0716794416945177,0.3471597731113434,1.097485
cdec_MRC,37.59375_-120.03125,37.59375,-120.03125,1.10187735161721,0.34088757634162903,1.0654464
cdec_MRC,37.59375_-120.09375,37.59375,-120.09375,1.0637606599250802,0.3229585886001587,1.055711
cdec_MRC,37.59375_-120.15625,37.59375,-120.15625,1.0222272371728334,0.3098224997520447,0.9718333
cdec_MRC,37.59375_-120.21875,37.59375,-120.21875,0.8268364886710357,0.3592899441719055,0.95761883
cdec_MRC,37.59375_-120.28125,37.59375,-120.28125,0.780427737451105,0.31455621123313904,0.78445
cdec_MRC,37.65625_-119.28125,37.65625,-119.28125,0.8868260342771218,0.1623668670654297,0.21821204
cdec_MRC,37.65625_-119.34375,37.65625,-119.34375,0.8132001989690847,0.15804733335971832,0.22322355
cdec_MRC,37.65625_-119.40625,37.65625,-119.40625,0.7068166725130958,0.11053254455327988,0.19283086
cdec_MRC,37.65625_-119.46875,37.65625,-119.46875,0.6908440341787855,0.31431952118873596,0.7720174
cdec_MRC,37.65625_-119.53125,37.65625,-119.53125,0.725752363938385,0.3190532624721527,0.77500826
cdec_MRC,37.65625_-119.59375,37.65625,-119.59375,0.6813568343156767,0.3655029535293579,1.0122432
cdec_MRC,37.65625_-119.65625,37.65625,-119.65625,0.6944802632941471,0.4453846216201782,1.4828845
cdec_MRC,37.65625_-119.71875,37.65625,-119.71875,1.0160892664792298,0.3887574076652527,1.9316374
cdec_MRC,37.65625_-119.78125,37.65625,-119.78125,1.2023274156471315,0.35147929191589355,1.5756124
cdec_MRC,37.65625_-119.84375,37.65625,-119.84375,1.1502514306030776,0.3291715979576111,1.2626147
cdec_MRC,37.65625_-119.90625,37.65625,-119.90625,1.2111826470945393,0.32727810740470886,1.1709238
cdec_MRC,37.65625_-119.96875,37.65625,-119.96875,1.1237705289227866,0.40218934416770935,1.1732845
cdec_MRC,37.65625_-120.03125,37.65625,-120.03125,1.0313023690512702,0.4036686420440674,1.067681
cdec_MRC,37.65625_-120.09375,37.65625,-120.09375,1.004974604575708,0.3722485303878784,1.0890235
cdec_MRC,37.65625_-120.15625,37.65625,-120.15625,0.9816765279084259,0.3199999928474426,0.96582866
cdec_MRC,37.65625_-120.21875,37.65625,-120.21875,0.9401270726719003,0.3284023702144623,0.89161557
cdec_MRC,37.65625_-120.28125,37.65625,-120.28125,0.7598464959197103,0.31917160749435425,0.87691545
cdec_MRC,37.65625_-120.34375,37.65625,-120.34375,0.7757802174190743,0.32366862893104553,0.7653781
cdec_MRC,37.71875_-119.28125,37.71875,-119.28125,0.771154104385638,0.04289940744638443,0.09242787
cdec_MRC,37.71875_-119.34375,37.71875,-119.34375,0.6668913006014835,0.18005916476249695,0.31418443
cdec_MRC,37.71875_-119.40625,37.71875,-119.40625,0.7201503755188673,0.22644969820976257,0.44679365
cdec_MRC,37.71875_-119.46875,37.71875,-119.46875,0.7114337800410808,0.2826627194881439,0.6155209
cdec_MRC,37.71875_-119.53125,37.71875,-119.53125,0.7404817681325463,0.345976322889328,0.86689216
cdec_MRC,37.71875_-119.59375,37.71875,-119.59375,0.8755374351301057,0.3651479184627533,1.1311091
cdec_MRC,37.71875_-119.65625,37.71875,-119.65625,0.7752450757500637,0.3866272270679474,1.3431263
cdec_MRC,37.71875_-119.71875,37.71875,-119.71875,0.8020066483727772,0.3951479196548462,1.3757483
cdec_MRC,37.71875_-119.78125,37.71875,-119.78125,1.040630759636541,0.38325443863868713,1.627957
cdec_MRC,37.71875_-119.84375,37.71875,-119.84375,1.185249411961271,0.4243786931037903,2.000061
cdec_MRC,37.71875_-119.90625,37.71875,-119.90625,1.1868889125708832,0.3718934953212738,1.6008974
cdec_MRC,37.71875_-119.96875,37.71875,-119.96875,1.1108222426780663,0.46562129259109497,1.8406016
cdec_MRC,37.71875_-120.03125,37.71875,-120.03125,1.1251187309258484,0.46715977787971497,1.4765534
cdec_MRC,37.71875_-120.09375,37.71875,-120.09375,1.175290779475589,0.45059171319007874,1.49545
cdec_MRC,37.71875_-120.15625,37.71875,-120.15625,1.0328676693866972,0.4324851930141449,1.4570773
cdec_MRC,37.71875_-120.21875,37.71875,-120.21875,0.8021209359843797,0.4278106391429901,1.1282659
cdec_MRC,37.71875_-120.28125,37.71875,-120.28125,0.7395721895800824,0.439289927482605,1.0384601
cdec_MRC,37.71875_-120.34375,37.71875,-120.34375,0.7870607506825965,0.327751487493515,0.8946752
cdec_MRC,37.78125_-119.28125,37.78125,-119.28125,0.755379534361786,0.1460946798324585,0.22676516
cdec_MRC,37.78125_-119.34375,37.78125,-119.34375,0.6712445974809934,0.1569230705499649,0.21755967
cdec_MRC,37.78125_-119.40625,37.78125,-119.40625,0.6709817372031653,0.2426627278327942,0.34339353
cdec_MRC,37.78125_-119.46875,37.78125,-119.46875,0.6981471577959484,0.2641420066356659,0.45774624
cdec_MRC,37.78125_-119.53125,37.78125,-119.53125,0.7271676987075846,0.33579882979393005,0.789818
cdec_MRC,37.78125_-119.59375,37.78125,-119.59375,0.6952542111511566,0.3701183497905731,0.8198876
cdec_MRC,37.78125_-119.65625,37.78125,-119.65625,0.6809440348020489,0.3318343162536621,0.7022689
cdec_MRC,37.78125_-119.71875,37.78125,-119.71875,0.677781995220688,0.3858579993247986,0.9942055
cdec_MRC,37.78125_-119.78125,37.78125,-119.78125,0.7202158571164742,0.40041419863700867,1.6660738
cdec_MRC,37.78125_-119.84375,37.78125,-119.84375,1.125015549554812,0.3960946798324585,2.0976837
cdec_MRC,37.78125_-119.90625,37.78125,-119.90625,1.1981480035315255,0.3914792835712433,2.1305215
cdec_MRC,37.78125_-119.96875,37.78125,-119.96875,1.2190781831194513,0.41899406909942627,2.215863
cdec_MRC,37.78125_-120.03125,37.78125,-120.03125,1.1414268826583234,0.46739643812179565,1.7758132
cdec_MRC,37.78125_-120.09375,37.78125,-120.09375,1.2531038628572286,0.4326627254486084,1.609646
cdec_MRC,37.78125_-120.15625,37.78125,-120.15625,1.0696259842591895,0.4562721848487854,1.8220307
cdec_MRC,37.78125_-120.21875,37.78125,-120.21875,1.0431588650262187,0.4508875608444214,1.4137285
cdec_MRC,37.84375_-119.34375,37.84375,-119.34375,0.7247619235603088,0.26751479506492615,0.50064576
cdec_MRC,37.84375_-119.40625,37.84375,-119.40625,0.6831874795802895,0.24319526553153992,0.3883451
cdec_MRC,37.84375_-119.46875,37.84375,-119.46875,0.6981698634123109,0.23656804859638214,0.35019273
cdec_MRC,37.84375_-119.53125,37.84375,-119.53125,0.6523458288594816,0.2271597683429718,0.44542456
cdec_MRC,37.84375_-119.59375,37.84375,-119.59375,0.6517691851962105,0.3442011773586273,0.81418365
cdec_MRC,37.84375_-119.65625,37.84375,-119.65625,0.6714771531513856,0.3585207164287567,0.8102599
cdec_MRC,37.84375_-120.03125,37.84375,-120.03125,1.2460990754438932,0.3480473458766937,1.3702224
cdec_MRC,37.84375_-120.09375,37.84375,-120.09375,1.1891431052226278,0.34603551030158997,1.2318128
cdec_MRC,37.90625_-119.53125,37.90625,-119.53125,0.7332986038575033,0.23692308366298676,0.48946267
cdec_MRC,37.90625_-119.59375,37.90625,-119.59375,0.7674435850477405,0.3109467327594757,0.7573519
cdec_NHG,38.03125_-120.59375,38.03125,-120.59375,0.8419807508715625,0.3860355019569397,1.2608882
cdec_NHG,38.03125_-120.65625,38.03125,-120.65625,0.725243526466875,0.4236094653606415,1.1965009
cdec_NHG,38.03125_-120.71875,38.03125,-120.71875,0.7795950931965594,0.30000001192092896,0.97370803
cdec_NHG,38.03125_-120.78125,38.03125,-120.78125,0.8242398135041705,0.4300000071525574,1.0357913
cdec_NHG,38.09375_-120.46875,38.09375,-120.46875,0.9821066878906874,0.40136095881462097,1.3919041
cdec_NHG,38.09375_-120.53125,38.09375,-120.53125,0.8199980283802526,0.37721893191337585,1.3979094
cdec_NHG,38.09375_-120.59375,38.09375,-120.59375,0.7351271898520262,0.42189347743988037,1.3185859
cdec_NHG,38.09375_-120.65625,38.09375,-120.65625,0.7999433083975642,0.45035502314567566,1.2228218
cdec_NHG,38.09375_-120.71875,38.09375,-120.71875,0.7452135864670192,0.44260355830192566,1.1531464
cdec_NHG,38.09375_-120.78125,38.09375,-120.78125,0.7628050382024105,0.38999998569488525,1.1815174
cdec_NHG,38.09375_-120.84375,38.09375,-120.84375,0.80634554160012,0.3100000023841858,1.1068486
cdec_NHG,38.15625_-120.34375,38.15625,-120.34375,1.1802775944363169,0.4746745526790619,1.6667325
cdec_NHG,38.15625_-120.40625,38.15625,-120.40625,1.209816774166015,0.44781064987182617,1.7195325
cdec_NHG,38.15625_-120.46875,38.15625,-120.46875,1.1356933760058887,0.4289940893650055,1.7378992
cdec_NHG,38.15625_-120.53125,38.15625,-120.53125,0.9635241480890728,0.4250887632369995,1.5817558
cdec_NHG,38.15625_-120.59375,38.15625,-120.59375,0.8107839399073766,0.4305325448513031,1.4147342
cdec_NHG,38.15625_-120.65625,38.15625,-120.65625,0.8207259591416531,0.41224852204322815,1.207745
cdec_NHG,38.15625_-120.71875,38.15625,-120.71875,0.8449274630372718,0.4443195164203644,1.3599148
cdec_NHG,38.15625_-120.78125,38.15625,-120.78125,0.7936731294883698,0.2956213057041168,0.91638964
cdec_NHG,38.15625_-120.84375,38.15625,-120.84375,0.7669965074000193,0.29224851727485657,1.0021203
cdec_NHG,38.21875_-120.34375,38.21875,-120.34375,1.2290341380619147,0.3951479196548462,2.1198947
cdec_NHG,38.21875_-120.40625,38.21875,-120.40625,1.1527945964864514,0.4899408221244812,2.2328594
cdec_NHG,38.21875_-120.46875,38.21875,-120.46875,1.1187060711749426,0.4443195164203644,1.5748386
cdec_NHG,38.21875_-120.53125,38.21875,-120.53125,1.111654511202743,0.3780473470687866,1.4868654
cdec_NHG,38.21875_-120.59375,38.21875,-120.59375,1.091805173736411,0.37721893191337585,1.5253259
cdec_NHG,38.21875_-120.65625,38.21875,-120.65625,0.8803532955502646,0.3843195140361786,1.3775483
cdec_NHG,38.21875_-120.71875,38.21875,-120.71875,0.746006676198255,0.40816569328308105,1.2806331
cdec_NHG,38.21875_-120.78125,38.21875,-120.78125,0.7148393842581611,0.40822485089302063,1.0660906
cdec_NHG,38.28125_-120.28125,38.28125,-120.28125,0.9994095800594112,0.48059171438217163,2.5738482
cdec_NHG,38.28125_-120.34375,38.28125,-120.34375,1.0261148250289875,0.48035502433776855,2.4614704
cdec_NHG,38.28125_-120.40625,38.28125,-120.40625,1.2186959679971894,0.5075739622116089,2.1351912
cdec_NHG,38.28125_-120.46875,38.28125,-120.46875,1.117043237624312,0.44088757038116455,1.3923808
cdec_NHG,38.28125_-120.53125,38.28125,-120.53125,1.1500122639140327,0.3678106367588043,1.8618457
cdec_NHG,38.28125_-120.59375,38.28125,-120.59375,1.135813784161304,0.38378697633743286,1.847751
cdec_NHG,38.28125_-120.65625,38.28125,-120.65625,1.0839989269459451,0.3823668658733368,1.5396265
cdec_NHG,38.28125_-120.71875,38.28125,-120.71875,0.9338534824261423,0.4260946810245514,1.4265928
cdec_NHG,38.34375_-120.28125,38.34375,-120.28125,0.8957555069871412,0.48479288816452026,2.0783732
cdec_NHG,38.34375_-120.40625,38.34375,-120.40625,1.1479986157943367,0.5824260115623474,2.7787566
cdec_NHG,38.34375_-120.46875,38.34375,-120.46875,1.2267775541550017,0.49390533566474915,2.0379653
cdec_NHG,38.34375_-120.53125,38.34375,-120.53125,1.1596747742067421,0.46473371982574463,2.0450664
cdec_NHG,38.34375_-120.59375,38.34375,-120.59375,1.213763520854493,0.41183432936668396,1.9824749
cdec_NHG,38.34375_-120.65625,38.34375,-120.65625,1.0695038620886828,0.36017751693725586,1.5613662
cdec_NML,37.90625_-120.46875,37.90625,-120.46875,0.7844176994977867,0.3937278091907501,1.0878545
cdec_NML,37.90625_-120.53125,37.90625,-120.53125,0.7671377796910687,0.3747929036617279,0.931514
cdec_NML,37.96875_-120.40625,37.96875,-120.40625,0.8411518478690286,0.31514793634414673,1.3669026
cdec_NML,37.96875_-120.46875,37.96875,-120.46875,0.8002510720404481,0.2933136224746704,1.0953628
cdec_NML,37.96875_-120.53125,37.96875,-120.53125,0.9081804471265198,0.19863905012607574,0.8745991
cdec_NML,37.96875_-120.59375,37.96875,-120.59375,0.7119007550295695,0.37603551149368286,1.1276121
cdec_NML,38.03125_-120.21875,38.03125,-120.21875,1.201063621303791,0.3914792835712433,2.1590676
cdec_NML,38.03125_-120.28125,38.03125,-120.28125,1.1828677565594923,0.3766863942146301,1.9643158
cdec_NML,38.03125_-120.34375,38.03125,-120.34375,1.1625766609105175,0.42538461089134216,1.9911144
cdec_NML,38.03125_-120.40625,38.03125,-120.40625,1.0124734663683777,0.3840828537940979,1.485656
cdec_NML,38.03125_-120.46875,38.03125,-120.46875,0.9419809792826825,0.32745561003685,1.2242261
cdec_NML,38.03125_-120.53125,38.03125,-120.53125,0.7779837367696089,0.3620118200778961,1.1485858
cdec_NML,38.03125_-120.59375,38.03125,-120.59375,0.8338602830943721,0.3860355019569397,1.2608882
cdec_NML,38.09375_-120.09375,38.09375,-120.09375,1.1923029127823637,0.5249112248420715,2.1080258
cdec_NML,38.09375_-120.15625,38.09375,-120.15625,1.232445999106936,0.49153846502304077,2.1221294
cdec_NML,38.09375_-120.21875,38.09375,-120.21875,1.2487235137529233,0.5004141926765442,2.2393909
cdec_NML,38.09375_-120.28125,38.09375,-120.28125,1.1991265622569849,0.5285798907279968,2.4049633
cdec_NML,38.09375_-120.34375,38.09375,-120.34375,1.1163956528645007,0.521242618560791,2.032751
cdec_NML,38.09375_-120.40625,38.09375,-120.40625,1.0908635886267302,0.415976345539093,1.3422024
cdec_NML,38.09375_-120.46875,38.09375,-120.46875,0.9736075371907585,0.40136095881462097,1.3919041
cdec_NML,38.09375_-120.53125,38.09375,-120.53125,0.814186786748006,0.37721893191337585,1.3979094
cdec_NML,38.09375_-120.59375,38.09375,-120.59375,0.7337724653974915,0.42189347743988037,1.3185859
cdec_NML,38.15625_-119.96875,38.15625,-119.96875,0.9118756784016082,0.4349704086780548,1.4761113
cdec_NML,38.15625_-120.03125,38.15625,-120.03125,0.9995510341889129,0.5074556469917297,2.091119
cdec_NML,38.15625_-120.09375,38.15625,-120.09375,1.0950020874222042,0.49236685037612915,2.0256002
cdec_NML,38.15625_-120.15625,38.15625,-120.15625,1.3154180648710998,0.5040828585624695,1.8925898
cdec_NML,38.15625_-120.21875,38.15625,-120.21875,1.2115320558287725,0.5123077034950256,2.0366807
cdec_NML,38.15625_-120.28125,38.15625,-120.28125,1.1438661134922654,0.49153846502304077,2.0128245
cdec_NML,38.15625_-120.34375,38.15625,-120.34375,1.1698785095793967,0.4746745526790619,1.6667325
cdec_NML,38.15625_-120.40625,38.15625,-120.40625,1.2025214120185637,0.44781064987182617,1.7195325
cdec_NML,38.15625_-120.46875,38.15625,-120.46875,1.130715296608083,0.4289940893650055,1.7378992
cdec_NML,38.21875_-119.59375,38.21875,-119.59375,1.1742440502426945,0.15088757872581482,0.23540086
cdec_NML,38.21875_-119.65625,38.21875,-119.65625,1.0488599914169725,0.07976331561803818,0.14929593
cdec_NML,38.21875_-119.71875,38.21875,-119.71875,1.0645018761236016,0.09349112212657928,0.17226027
cdec_NML,38.21875_-119.78125,38.21875,-119.78125,1.031691681946529,0.19307692348957062,0.3129587
cdec_NML,38.21875_-119.84375,38.21875,-119.84375,0.9850333814525682,0.18739645183086395,0.3703389
cdec_NML,38.21875_-119.90625,38.21875,-119.90625,1.0311853798320643,0.3243195414543152,0.6769794
cdec_NML,38.21875_-119.96875,38.21875,-119.96875,0.8829891023434748,0.4338461458683014,1.5099119
cdec_NML,38.21875_-120.03125,38.21875,-120.03125,1.0374544491832318,0.47183433175086975,1.9714762
cdec_NML,38.21875_-120.09375,38.21875,-120.09375,1.2287148752650974,0.45467454195022583,1.8284996
cdec_NML,38.21875_-120.15625,38.21875,-120.15625,1.189906697763221,0.47165679931640625,1.8556651
cdec_NML,38.21875_-120.21875,38.21875,-120.21875,1.2054306183787324,0.5036094784736633,2.0927463
cdec_NML,38.21875_-120.28125,38.21875,-120.28125,1.2250602406875029,0.5099999904632568,2.0104513
cdec_NML,38.21875_-120.34375,38.21875,-120.34375,1.2241628991856464,0.3951479196548462,2.1198947
cdec_NML,38.21875_-120.40625,38.21875,-120.40625,1.1485148626456398,0.4899408221244812,2.2328594
cdec_NML,38.28125_-119.59375,38.28125,-119.59375,1.2919148494523065,0.195443794131279,0.34116784
cdec_NML,38.28125_-119.65625,38.28125,-119.65625,1.086562874780828,0.15355029702186584,0.29143733
cdec_NML,38.28125_-119.71875,38.28125,-119.71875,1.0818842819365428,0.2344970405101776,0.5639113
cdec_NML,38.28125_-119.78125,38.28125,-119.78125,1.1601808933164108,0.3039644956588745,0.6571709
cdec_NML,38.28125_-119.84375,38.28125,-119.84375,1.080865888586641,0.3246745467185974,0.7753871
cdec_NML,38.28125_-119.90625,38.28125,-119.90625,1.033646945488599,0.4086982309818268,0.9719458
cdec_NML,38.28125_-119.96875,38.28125,-119.96875,0.863687390988852,0.47183433175086975,1.5498317
cdec_NML,38.28125_-120.03125,38.28125,-120.03125,0.9334992750228259,0.4670414328575134,1.9827311
cdec_NML,38.28125_-120.09375,38.28125,-120.09375,1.069554585890705,0.4768047332763672,1.5322003
cdec_NML,38.28125_-120.15625,38.28125,-120.15625,0.7741202415852863,0.4649704098701477,1.7105151
cdec_NML,38.28125_-120.21875,38.28125,-120.21875,0.9554863397146767,0.4918343126773834,2.1338837
cdec_NML,38.28125_-120.28125,38.28125,-120.28125,0.9959357914936533,0.48059171438217163,2.5738482
cdec_NML,38.28125_-120.34375,38.28125,-120.34375,1.0230801895529735,0.48035502433776855,2.4614704
cdec_NML,38.34375_-119.65625,38.34375,-119.65625,1.0373005647710398,0.17650887370109558,0.2556792
cdec_NML,38.34375_-119.71875,38.34375,-119.71875,0.9872105206580217,0.28822484612464905,0.61743975
cdec_NML,38.34375_-119.78125,38.34375,-119.78125,0.9301992337515721,0.33426034450531006,0.9117342
cdec_NML,38.34375_-119.84375,38.34375,-119.84375,1.0673328059532348,0.34627220034599304,1.2004294
cdec_NML,38.34375_-119.90625,38.34375,-119.90625,0.9783153999881016,0.38763314485549927,1.2181453
cdec_NML,38.34375_-119.96875,38.34375,-119.96875,1.1415852260764665,0.3858579993247986,1.0572926
cdec_NML,38.34375_-120.03125,38.34375,-120.03125,0.9181263396452344,0.44455620646476746,1.3174696
cdec_NML,38.34375_-120.09375,38.34375,-120.09375,1.0625333927458036,0.436923086643219,1.2360071
cdec_NML,38.34375_-120.15625,38.34375,-120.15625,0.8876330748504293,0.49857988953590393,1.7625328
cdec_NML,38.34375_-120.21875,38.34375,-120.21875,0.9803391529946341,0.45662721991539,1.9717127
cdec_NML,38.34375_-120.28125,38.34375,-120.28125,0.8930462365642068,0.48479288816452026,2.0783732
cdec_NML,38.40625_-119.65625,38.40625,-119.65625,0.8736623389802891,0.23041419684886932,0.4261061
cdec_NML,38.40625_-119.71875,38.40625,-119.71875,0.9094703502394315,0.3571597635746002,0.80224824
cdec_NML,38.40625_-119.78125,38.40625,-119.78125,1.0036809006015652,0.37627220153808594,1.1737899
cdec_NML,38.40625_-119.84375,38.40625,-119.84375,1.0624038546053556,0.36852070689201355,0.9955979
cdec_NML,38.40625_-119.90625,38.40625,-119.90625,0.9546780300064899,0.30579882860183716,0.6715703
cdec_NML,38.40625_-119.96875,38.40625,-119.96875,0.9160040536576419,0.2627218961715698,0.60112035
cdec_NML,38.40625_-120.03125,38.40625,-120.03125,0.8245459731030821,0.38266271352767944,0.91798776
cdec_NML,38.40625_-120.09375,38.40625,-120.09375,0.9860568457106247,0.415680468082428,1.1438287
cdec_NML,38.40625_-120.15625,38.40625,-120.15625,0.9137843561191935,0.44207102060317993,1.476958
cdec_NML,38.40625_-120.21875,38.40625,-120.21875,0.9107562439237165,0.46792900562286377,1.7864678
cdec_NML,38.46875_-119.65625,38.46875,-119.65625,0.9696724010832812,0.3111834228038788,0.6788131
cdec_NML,38.46875_-119.71875,38.46875,-119.71875,1.1169820476542933,0.3300591707229614,0.65579706
cdec_NML,38.46875_-119.78125,38.46875,-119.78125,1.0456191060419138,0.31165680289268494,0.59377897
cdec_NML,38.46875_-119.84375,38.46875,-119.84375,0.9700878728228572,0.3062721788883209,0.56553006
cdec_NML,38.46875_-119.90625,38.46875,-119.90625,0.8852861312472595,0.28218933939933777,0.51501566
cdec_NML,38.46875_-119.96875,38.46875,-119.96875,0.9626494024361192,0.3206508755683899,0.5208087
cdec_NML,38.46875_-120.03125,38.46875,-120.03125,0.9515108666215498,0.354082852602005,0.7285589
cdec_NML,38.46875_-120.09375,38.46875,-120.09375,1.2207682704091602,0.39733728766441345,0.9831986
cdec_NML,38.46875_-120.15625,38.46875,-120.15625,1.21925867530525,0.44550296664237976,1.3505068
cdec_NML,38.53125_-119.84375,38.53125,-119.84375,0.9607040690789277,0.309171587228775,0.6154244
cdec_NML,38.53125_-119.90625,38.53125,-119.90625,0.914468129258265,0.3500591814517975,0.78047353
cdec_NML,38.53125_-119.96875,38.53125,-119.96875,1.0785792973381385,0.34449705481529236,0.6241349
cdec_NML,38.53125_-120.03125,38.53125,-120.03125,1.0091353166254966,0.375029593706131,0.87467813
cdec_ORO,39.46875_-120.28125,39.46875,-120.28125,0.9185315013855794,0.3499999940395355,1.7033416
cdec_ORO,39.46875_-120.34375,39.46875,-120.34375,0.7609519211492843,0.44999998807907104,1.119578
cdec_ORO,39.46875_-120.40625,39.46875,-120.40625,1.114663497763555,0.39544379711151123,0.993333
cdec_ORO,39.46875_-121.28125,39.46875,-121.28125,0.8403258385213087,0.46000000834465027,1.4554206
cdec_ORO,39.46875_-121.34375,39.46875,-121.34375,0.9606974901959808,0.45579880475997925,1.8505012
cdec_ORO,39.46875_-121.40625,39.46875,-121.40625,0.9027190283059704,0.37106508016586304,1.3007919
cdec_ORO,39.53125_-120.09375,39.53125,-120.09375,0.7306429610906502,0.3700000047683716,1.148196
cdec_ORO,39.53125_-120.15625,39.53125,-120.15625,1.3571095639684132,0.41710057854652405,1.2166538
cdec_ORO,39.53125_-120.21875,39.53125,-120.21875,1.3154611205453857,0.39911243319511414,1.0108823
cdec_ORO,39.53125_-120.28125,39.53125,-120.28125,1.3320392918820436,0.4221893548965454,1.3077217
cdec_ORO,39.53125_-120.34375,39.53125,-120.34375,1.1663026405598313,0.4511834383010864,1.7936238
cdec_ORO,39.53125_-120.40625,39.53125,-120.40625,1.1009598737392443,0.45615383982658386,1.6442881
cdec_ORO,39.53125_-120.46875,39.53125,-120.46875,0.9319603644452059,0.4088165760040283,1.2624482
cdec_ORO,39.53125_-121.09375,39.53125,-121.09375,0.9091376608243966,0.6588165760040283,3.5388358
cdec_ORO,39.53125_-121.15625,39.53125,-121.15625,0.8989768226393231,0.5534319281578064,3.2352722
cdec_ORO,39.53125_-121.21875,39.53125,-121.21875,1.1647026990582106,0.5500591993331909,3.4176571
cdec_ORO,39.53125_-121.28125,39.53125,-121.28125,1.1866393415211927,0.49142012000083923,3.0695465
cdec_ORO,39.53125_-121.34375,39.53125,-121.34375,1.1079101329398124,0.4120118319988251,2.212381
cdec_ORO,39.53125_-121.40625,39.53125,-121.40625,0.9612330970340501,0.3246745467185974,1.4827114
cdec_ORO,39.53125_-121.46875,39.53125,-121.46875,0.87228275653665,0.19994083046913147,1.1025035
cdec_ORO,39.53125_-121.53125,39.53125,-121.53125,0.8200227897432083,0.5199999809265137,1.3214309
cdec_ORO,39.59375_-120.09375,39.59375,-120.09375,1.3532202247443255,0.3922485113143921,1.0242385
cdec_ORO,39.59375_-120.15625,39.59375,-120.15625,1.3204606279999622,0.38396450877189636,1.0441319
cdec_ORO,39.59375_-120.21875,39.59375,-120.21875,1.4014041592539754,0.36331361532211304,0.82924664
cdec_ORO,39.59375_-120.28125,39.59375,-120.28125,1.3667484038734834,0.3759171664714813,0.89156157
cdec_ORO,39.59375_-120.34375,39.59375,-120.34375,1.3080014140305276,0.4359763264656067,1.0559403
cdec_ORO,39.59375_-120.40625,39.59375,-120.40625,1.362174275605759,0.5265088677406311,1.4566015
cdec_ORO,39.59375_-120.46875,39.59375,-120.46875,1.104303978123045,0.4361538589000702,1.4707338
cdec_ORO,39.59375_-121.03125,39.59375,-121.03125,0.8975062449240196,0.6459171772003174,3.378193
cdec_ORO,39.59375_-121.09375,39.59375,-121.09375,0.9267665245594561,0.5868047475814819,3.1956153
cdec_ORO,39.59375_-121.15625,39.59375,-121.15625,1.0286558302646727,0.4653254449367523,3.0828247
cdec_ORO,39.59375_-121.21875,39.59375,-121.21875,1.1241237304017786,0.31568047404289246,3.1744444
cdec_ORO,39.59375_-121.28125,39.59375,-121.28125,1.143692109676951,0.3721301853656769,2.5761223
cdec_ORO,39.59375_-121.34375,39.59375,-121.34375,1.114846619048227,0.3078106641769409,1.8525429
cdec_ORO,39.59375_-121.40625,39.59375,-121.40625,1.0550280741543268,0.2963905334472656,1.860633
cdec_ORO,39.59375_-121.46875,39.59375,-121.46875,0.9169891511313549,0.2695266306400299,1.3405914
cdec_ORO,39.59375_-121.53125,39.59375,-121.53125,0.8596647774484498,0.40585798025131226,1.2553227
cdec_ORO,39.65625_-120.09375,39.65625,-120.09375,1.4434573978313205,0.3422485291957855,0.7651794
cdec_ORO,39.65625_-120.15625,39.65625,-120.15625,1.3412058299535141,0.35301774740219116,0.53719455
cdec_ORO,39.65625_-120.21875,39.65625,-120.21875,1.3140852558507716,0.3084615468978882,0.5520325
cdec_ORO,39.65625_-120.28125,39.65625,-120.28125,1.3391464716357278,0.3806508779525757,0.82567686
cdec_ORO,39.65625_-120.34375,39.65625,-120.34375,1.287060360047676,0.4059171676635742,0.6987974
cdec_ORO,39.65625_-120.40625,39.65625,-120.40625,1.2288041336263151,0.4685207009315491,0.7828271
cdec_ORO,39.65625_-120.46875,39.65625,-120.46875,1.0862524328028225,0.46502959728240967,2.0129066
cdec_ORO,39.65625_-120.53125,39.65625,-120.53125,1.0641930008459881,0.49550294876098633,1.8178016
cdec_ORO,39.65625_-120.59375,39.65625,-120.59375,0.9773153946067901,0.44319525361061096,1.3882059
cdec_ORO,39.65625_-120.65625,39.65625,-120.65625,1.237729612134014,0.35207101702690125,0.86326385
cdec_ORO,39.65625_-120.71875,39.65625,-120.71875,1.1133467118880431,0.4695858061313629,1.4396706
cdec_ORO,39.65625_-121.03125,39.65625,-121.03125,0.9038946181754668,0.5996449589729309,2.7797987
cdec_ORO,39.65625_-121.09375,39.65625,-121.09375,1.0234635354890176,0.457810640335083,2.4814093
cdec_ORO,39.65625_-121.15625,39.65625,-121.15625,1.1041928097980613,0.30715975165367126,2.3054779
cdec_ORO,39.65625_-121.21875,39.65625,-121.21875,1.160938087730548,0.32378697395324707,2.591688
cdec_ORO,39.65625_-121.28125,39.65625,-121.28125,1.1355064024644543,0.36538460850715637,2.3128896
cdec_ORO,39.65625_-121.34375,39.65625,-121.34375,1.1569872829909165,0.34159764647483826,2.6222181
cdec_ORO,39.65625_-121.40625,39.65625,-121.40625,1.128224723833514,0.3584023714065552,2.852996
cdec_ORO,39.65625_-121.46875,39.65625,-121.46875,1.0903547934827142,0.3484615385532379,1.9013058
cdec_ORO,39.65625_-121.53125,39.65625,-121.53125,1.0055566398136058,0.36136093735694885,1.3106686
cdec_ORO,39.65625_-121.59375,39.65625,-121.59375,0.786197968025311,0.374970406293869,1.1023724
cdec_ORO,39.71875_-120.09375,39.71875,-120.09375,0.6749444957572008,0.23000000417232513,0.3194514
cdec_ORO,39.71875_-120.15625,39.71875,-120.15625,1.3668798425346185,0.3362721800804138,0.62429345
cdec_ORO,39.71875_-120.21875,39.71875,-120.21875,1.1887048582945068,0.36100590229034424,0.4651434
cdec_ORO,39.71875_-120.28125,39.71875,-120.28125,1.0225799798557542,0.45272189378738403,0.6294171
cdec_ORO,39.71875_-120.34375,39.71875,-120.34375,1.0932644172668504,0.5166863799095154,0.6237294
cdec_ORO,39.71875_-120.40625,39.71875,-120.40625,1.1990739695240598,0.3661538362503052,0.7979351
cdec_ORO,39.71875_-120.46875,39.71875,-120.46875,1.0768287400973275,0.4018934965133667,1.5771669
cdec_ORO,39.71875_-120.53125,39.71875,-120.53125,1.0869041705885207,0.44029584527015686,1.9023236
cdec_ORO,39.71875_-120.59375,39.71875,-120.59375,1.148105327670488,0.4826035499572754,1.9400076
cdec_ORO,39.71875_-120.65625,39.71875,-120.65625,1.1339390173546984,0.46502959728240967,1.623821
cdec_ORO,39.71875_-120.71875,39.71875,-120.71875,1.185730456535131,0.41999998688697815,1.0435479
cdec_ORO,39.71875_-120.78125,39.71875,-120.78125,0.9764362937239802,0.4626627266407013,1.3731897
cdec_ORO,39.71875_-120.84375,39.71875,-120.84375,0.9370067136029034,0.49639052152633667,1.6615199
cdec_ORO,39.71875_-120.90625,39.71875,-120.90625,0.9369235674855527,0.5019526481628418,1.7879876
cdec_ORO,39.71875_-120.96875,39.71875,-120.96875,0.9927378535475344,0.4187574088573456,1.7377431
cdec_ORO,39.71875_-121.03125,39.71875,-121.03125,1.0074829195338393,0.428816556930542,1.6860882
cdec_ORO,39.71875_-121.09375,39.71875,-121.09375,1.0310448670706251,0.34455621242523193,1.8591844
cdec_ORO,39.71875_-121.15625,39.71875,-121.15625,1.0860886435973582,0.36254438757896423,2.3204844
cdec_ORO,39.71875_-121.21875,39.71875,-121.21875,1.1920325894626553,0.3947928845882416,2.3978767
cdec_ORO,39.71875_-121.28125,39.71875,-121.28125,1.1152531336700708,0.414437860250473,3.0264218
cdec_ORO,39.71875_-121.34375,39.71875,-121.34375,1.1345725853263606,0.4275739789009094,3.5157323
cdec_ORO,39.71875_-121.40625,39.71875,-121.40625,1.1129361738336296,0.4801183342933655,3.3820553
cdec_ORO,39.71875_-121.46875,39.71875,-121.46875,1.1007948360864757,0.440828412771225,2.2541118
cdec_ORO,39.71875_-121.53125,39.71875,-121.53125,1.0132072854388599,0.3523077070713043,1.5250808
cdec_ORO,39.71875_-121.59375,39.71875,-121.59375,0.9576493957761187,0.2862130105495453,1.3437617
cdec_ORO,39.78125_-120.09375,39.78125,-120.09375,1.2871764208336054,0.31455621123313904,0.3288934
cdec_ORO,39.78125_-120.15625,39.78125,-120.15625,1.2599668787905025,0.3215976357460022,0.38637868
cdec_ORO,39.78125_-120.21875,39.78125,-120.21875,1.067379258500347,0.3585798740386963,0.7128101
cdec_ORO,39.78125_-120.28125,39.78125,-120.28125,0.9211228240895956,0.38343194127082825,0.7132103
cdec_ORO,39.78125_-120.34375,39.78125,-120.34375,0.9854086884685305,0.44781064987182617,0.5201366
cdec_ORO,39.78125_-120.40625,39.78125,-120.40625,1.3902507108069078,0.3520118296146393,0.9466998
cdec_ORO,39.78125_-120.46875,39.78125,-120.46875,1.3590487554426978,0.3659171462059021,1.0614002
cdec_ORO,39.78125_-120.53125,39.78125,-120.53125,1.275959920189345,0.37491124868392944,1.1698593
cdec_ORO,39.78125_-120.59375,39.78125,-120.59375,1.2390165705570237,0.38147929310798645,1.5050913
cdec_ORO,39.78125_-120.65625,39.78125,-120.65625,1.0909874026215298,0.47011834383010864,2.117823
cdec_ORO,39.78125_-120.71875,39.78125,-120.71875,1.1210153326468268,0.488047331571579,2.0992486
cdec_ORO,39.78125_-120.78125,39.78125,-120.78125,0.9889293965117476,0.5030177235603333,2.0440698
cdec_ORO,39.78125_-120.84375,39.78125,-120.84375,1.1032527045016107,0.5040828585624695,1.8831004
cdec_ORO,39.78125_-120.90625,39.78125,-120.90625,1.0023207683340474,0.4138461649417877,1.5271125
cdec_ORO,39.78125_-120.96875,39.78125,-120.96875,1.0330009387726857,0.48325443267822266,2.2970135
cdec_ORO,39.78125_-121.03125,39.78125,-121.03125,1.159008923963511,0.4108284115791321,2.2524052
cdec_ORO,39.78125_-121.09375,39.78125,-121.09375,1.0668248208266036,0.45136094093322754,2.4300654
cdec_ORO,39.78125_-121.15625,39.78125,-121.15625,1.045039433657819,0.4531360864639282,2.3650184
cdec_ORO,39.78125_-121.21875,39.78125,-121.21875,1.055901949542847,0.42059171199798584,2.40852
cdec_ORO,39.78125_-121.28125,39.78125,-121.28125,1.0405618375110448,0.42035502195358276,2.725736
cdec_ORO,39.78125_-121.34375,39.78125,-121.34375,1.0212398618918832,0.44514793157577515,3.1215217
cdec_ORO,39.78125_-121.40625,39.78125,-121.40625,0.9698387746287951,0.5287573933601379,3.2850294
cdec_ORO,39.78125_-121.46875,39.78125,-121.46875,1.160135684668067,0.38420116901397705,1.9737933
cdec_ORO,39.78125_-121.53125,39.78125,-121.53125,1.0963009460478301,0.3621893525123596,1.81716
cdec_ORO,39.78125_-121.59375,39.78125,-121.59375,1.170178914763648,0.2571597695350647,1.8702519
cdec_ORO,39.84375_-120.09375,39.84375,-120.09375,1.0669581043195029,0.2910059094429016,0.40841532
cdec_ORO,39.84375_-120.15625,39.84375,-120.15625,1.081685802247396,0.29733726382255554,0.6957857
cdec_ORO,39.84375_-120.21875,39.84375,-120.21875,1.0264189437859996,0.3331952691078186,0.61372715
cdec_ORO,39.84375_-120.28125,39.84375,-120.28125,1.1739048580323637,0.28514793515205383,0.6036829
cdec_ORO,39.84375_-120.34375,39.84375,-120.34375,1.1942437520961857,0.2958579957485199,0.59062386
cdec_ORO,39.84375_-120.40625,39.84375,-120.40625,1.2340369019675754,0.3334319591522217,0.9269353
cdec_ORO,39.84375_-120.46875,39.84375,-120.46875,1.1630291403324673,0.38266271352767944,1.2528707
cdec_ORO,39.84375_-120.53125,39.84375,-120.53125,0.8886044698269762,0.4173964560031891,1.5839276
cdec_ORO,39.84375_-120.59375,39.84375,-120.59375,1.0715166930908562,0.4610650837421417,1.6948426
cdec_ORO,39.84375_-120.65625,39.84375,-120.65625,1.2423295261839749,0.4620710015296936,1.6589439
cdec_ORO,39.84375_-120.71875,39.84375,-120.71875,1.065467680668824,0.471005916595459,2.0997348
cdec_ORO,39.84375_-120.78125,39.84375,-120.78125,1.3184422859596112,0.48272189497947693,2.078257
cdec_ORO,39.84375_-120.84375,39.84375,-120.84375,1.1521892614452507,0.46834319829940796,2.2966352
cdec_ORO,39.84375_-120.90625,39.84375,-120.90625,1.2715459154548423,0.43005916476249695,2.2935596
cdec_ORO,39.84375_-120.96875,39.84375,-120.96875,1.0934045535660628,0.3769822418689728,1.742593
cdec_ORO,39.84375_-121.03125,39.84375,-121.03125,1.1503710833644747,0.4923076927661896,2.235313
cdec_ORO,39.84375_-121.09375,39.84375,-121.09375,0.9937154311824548,0.5093491077423096,2.297218
cdec_ORO,39.84375_-121.15625,39.84375,-121.15625,0.8941923522052663,0.4742603600025177,1.6126164
cdec_ORO,39.84375_-121.21875,39.84375,-121.21875,0.9840372335012416,0.42562130093574524,1.7082499
cdec_ORO,39.84375_-121.28125,39.84375,-121.28125,1.2021309205168713,0.4241420030593872,1.9641666
cdec_ORO,39.84375_-121.34375,39.84375,-121.34375,1.1633320455626044,0.4655621349811554,2.2114103
cdec_ORO,39.84375_-121.40625,39.84375,-121.40625,1.145928103987598,0.4427810609340668,2.0410898
cdec_ORO,39.84375_-121.46875,39.84375,-121.46875,1.157765941730713,0.4463905394077301,2.2733943
cdec_ORO,39.84375_-121.53125,39.84375,-121.53125,1.1851261713370436,0.41846153140068054,2.5083668
cdec_ORO,39.84375_-121.59375,39.84375,-121.59375,1.1432321324979626,0.4295857846736908,2.690203
cdec_ORO,39.90625_-120.09375,39.90625,-120.09375,1.2707974205515256,0.29011833667755127,0.8853343
cdec_ORO,39.90625_-120.15625,39.90625,-120.15625,1.1108488820136802,0.29497042298316956,0.8580219
cdec_ORO,39.90625_-120.21875,39.90625,-120.21875,1.3859978326313938,0.2832544445991516,0.78748226
cdec_ORO,39.90625_-120.28125,39.90625,-120.28125,1.3422792869528894,0.3330177366733551,1.0241603
cdec_ORO,39.90625_-120.34375,39.90625,-120.34375,1.3343974578615136,0.3478698134422302,0.9027522
cdec_ORO,39.90625_-120.40625,39.90625,-120.40625,1.3957021390956306,0.36964496970176697,1.0073985
cdec_ORO,39.90625_-120.46875,39.90625,-120.46875,1.2869839642116587,0.3161538541316986,1.1020137
cdec_ORO,39.90625_-120.53125,39.90625,-120.53125,1.3836811400583728,0.3260354995727539,1.1072385
cdec_ORO,39.90625_-120.59375,39.90625,-120.59375,1.375077947006878,0.4206508994102478,1.4226129
cdec_ORO,39.90625_-120.65625,39.90625,-120.65625,1.0402144460798288,0.44473373889923096,1.6827377
cdec_ORO,39.90625_-120.71875,39.90625,-120.71875,1.0534040284490365,0.4388757348060608,1.9210125
cdec_ORO,39.90625_-120.78125,39.90625,-120.78125,1.0272470052196225,0.4322485327720642,2.0351908
cdec_ORO,39.90625_-120.84375,39.90625,-120.84375,1.1254048516344162,0.38130176067352295,2.1047163
cdec_ORO,39.90625_-120.90625,39.90625,-120.90625,1.3206110710944974,0.4092307686805725,2.1460447
cdec_ORO,39.90625_-120.96875,39.90625,-120.96875,1.0988331345275155,0.4864497184753418,2.2032478
cdec_ORO,39.90625_-121.03125,39.90625,-121.03125,1.0732949425677771,0.5903550386428833,2.5544384
cdec_ORO,39.90625_-121.09375,39.90625,-121.09375,1.0703441730332752,0.5771597623825073,2.5493257
cdec_ORO,39.90625_-121.15625,39.90625,-121.15625,0.8252831614795808,0.45656803250312805,1.6883521
cdec_ORO,39.90625_-121.21875,39.90625,-121.21875,1.0765495320047742,0.3985798954963684,1.6615901
cdec_ORO,39.90625_-121.28125,39.90625,-121.28125,1.1647225939311279,0.45177513360977173,2.1002336
cdec_ORO,39.90625_-121.34375,39.90625,-121.34375,1.2613173472929486,0.3814201056957245,1.691757
cdec_ORO,39.90625_-121.40625,39.90625,-121.40625,1.1912787651288408,0.3921893537044525,1.3264587
cdec_ORO,39.90625_-121.46875,39.90625,-121.46875,1.1003002927610366,0.4902958571910858,2.2271776
cdec_ORO,39.90625_-121.53125,39.90625,-121.53125,1.1294650089244385,0.5330177545547485,2.9481268
cdec_ORO,39.90625_-121.59375,39.90625,-121.59375,0.9713201336397167,0.581952691078186,3.31151
cdec_ORO,39.96875_-120.09375,39.96875,-120.09375,0.6700515976766671,0.23999999463558197,0.4807613
cdec_ORO,39.96875_-120.15625,39.96875,-120.15625,1.3198595126390456,0.294556200504303,1.0765873
cdec_ORO,39.96875_-120.21875,39.96875,-120.21875,1.3210797690473706,0.2881065011024475,0.93791366
cdec_ORO,39.96875_-120.28125,39.96875,-120.28125,1.4025865516350557,0.2724851965904236,1.0252956
cdec_ORO,39.96875_-120.34375,39.96875,-120.34375,1.2465683769098586,0.2688165605068207,0.9196309
cdec_ORO,39.96875_-120.40625,39.96875,-120.40625,1.290180410555914,0.2852070927619934,0.6626876
cdec_ORO,39.96875_-120.46875,39.96875,-120.46875,1.385280027437095,0.31260356307029724,0.77770895
cdec_ORO,39.96875_-120.53125,39.96875,-120.53125,1.3287144310507353,0.28106507658958435,1.055609
cdec_ORO,39.96875_-120.59375,39.96875,-120.59375,1.2695968057899507,0.31284022331237793,1.4088316
cdec_ORO,39.96875_-120.65625,39.96875,-120.65625,1.149704830006443,0.3314792811870575,1.5329056
cdec_ORO,39.96875_-120.71875,39.96875,-120.71875,1.2557764006252186,0.34822484850883484,1.8304489
cdec_ORO,39.96875_-120.78125,39.96875,-120.78125,1.0231972420770914,0.4057396352291107,1.7260952
cdec_ORO,39.96875_-120.84375,39.96875,-120.84375,1.083808073330729,0.4224260449409485,2.0898097
cdec_ORO,39.96875_-120.90625,39.96875,-120.90625,1.1445759760495002,0.38958579301834106,1.4158301
cdec_ORO,39.96875_-120.96875,39.96875,-120.96875,1.3488844927344894,0.45189347863197327,1.8984499
cdec_ORO,39.96875_-121.03125,39.96875,-121.03125,1.0179423506452636,0.49337276816368103,2.3103168
cdec_ORO,39.96875_-121.09375,39.96875,-121.09375,1.2908955757739906,0.3719526529312134,1.9140528
cdec_ORO,39.96875_-121.15625,39.96875,-121.15625,1.291186517484194,0.34396448731422424,1.4468153
cdec_ORO,39.96875_-121.21875,39.96875,-121.21875,1.1498233887551128,0.33520710468292236,1.2553691
cdec_ORO,39.96875_-121.28125,39.96875,-121.28125,1.1837038199347325,0.33674556016921997,1.596184
cdec_ORO,39.96875_-121.34375,39.96875,-121.34375,1.1988728187232298,0.3046153783798218,0.9595272
cdec_ORO,39.96875_-121.40625,39.96875,-121.40625,1.1706512776765179,0.39349111914634705,1.2365974
cdec_ORO,39.96875_-121.46875,39.96875,-121.46875,0.9730150039574167,0.44029584527015686,1.7640924
cdec_ORO,39.96875_-121.53125,39.96875,-121.53125,1.0010844055028985,0.4719526767730713,2.6035116
cdec_ORO,40.03125_-120.15625,40.03125,-120.15625,1.155667635942065,0.2563905417919159,0.53012055
cdec_ORO,40.03125_-120.21875,40.03125,-120.21875,1.3857888714537947,0.2813017666339874,0.5935017
cdec_ORO,40.03125_-120.28125,40.03125,-120.28125,1.401238537218465,0.29964497685432434,1.0100427
cdec_ORO,40.03125_-120.34375,40.03125,-120.34375,1.3238144041664643,0.29319527745246887,1.0102491
cdec_ORO,40.03125_-120.40625,40.03125,-120.40625,1.3430443269421204,0.2767455577850342,0.8595968
cdec_ORO,40.03125_-120.46875,40.03125,-120.46875,1.2770458860128637,0.2807692289352417,0.78258425
cdec_ORO,40.03125_-120.53125,40.03125,-120.53125,1.3369648324834347,0.2605917155742645,0.84410006
cdec_ORO,40.03125_-120.59375,40.03125,-120.59375,1.220064486799902,0.3276331424713135,1.604618
cdec_ORO,40.03125_-120.65625,40.03125,-120.65625,1.1891863806797998,0.3792307674884796,1.8126316
cdec_ORO,40.03125_-120.71875,40.03125,-120.71875,1.2373255430636263,0.364556223154068,1.805088
cdec_ORO,40.03125_-120.78125,40.03125,-120.78125,1.3119217728560884,0.3879289925098419,2.0225163
cdec_ORO,40.03125_-120.84375,40.03125,-120.84375,1.1773442083331276,0.41479289531707764,2.131994
cdec_ORO,40.03125_-120.90625,40.03125,-120.90625,1.214436047168614,0.31568047404289246,1.8001492
cdec_ORO,40.03125_-120.96875,40.03125,-120.96875,1.2441908652306954,0.33893489837646484,2.2268238
cdec_ORO,40.03125_-121.03125,40.03125,-121.03125,1.30961156620411,0.28976330161094666,2.2116687
cdec_ORO,40.03125_-121.09375,40.03125,-121.09375,1.203351906899078,0.32420119643211365,2.1315734
cdec_ORO,40.03125_-121.15625,40.03125,-121.15625,1.2431560249089628,0.31899407505989075,1.3357549
cdec_ORO,40.03125_-121.21875,40.03125,-121.21875,1.2328879519365892,0.2827219069004059,1.386445
cdec_ORO,40.03125_-121.28125,40.03125,-121.28125,1.2163409913053642,0.3195266127586365,1.2347356
cdec_ORO,40.03125_-121.34375,40.03125,-121.34375,1.232761682257868,0.29420119524002075,1.085986
cdec_ORO,40.03125_-121.40625,40.03125,-121.40625,1.011981891193534,0.3483431935310364,1.1016188
cdec_ORO,40.03125_-121.46875,40.03125,-121.46875,0.991501571435847,0.4444378614425659,1.8372369
cdec_ORO,40.03125_-121.53125,40.03125,-121.53125,1.0156247541092223,0.46390533447265625,2.2537515
cdec_ORO,40.09375_-120.21875,40.09375,-120.21875,1.1825094057659364,0.2784615457057953,0.46113077
cdec_ORO,40.09375_-120.28125,40.09375,-120.28125,1.372156810731974,0.2767455577850342,0.5332256
cdec_ORO,40.09375_-120.34375,40.09375,-120.34375,1.292185823656201,0.32437869906425476,0.7870964
cdec_ORO,40.09375_-120.40625,40.09375,-120.40625,1.366149931553821,0.33585798740386963,0.91434824
cdec_ORO,40.09375_-120.46875,40.09375,-120.46875,1.3314506077369104,0.30331361293792725,0.74122155
cdec_ORO,40.09375_-120.53125,40.09375,-120.53125,1.2337937542485204,0.33674556016921997,0.91466635
cdec_ORO,40.09375_-120.59375,40.09375,-120.59375,1.1554686737452142,0.3572189211845398,1.1123009
cdec_ORO,40.09375_-120.65625,40.09375,-120.65625,1.1809241178747427,0.3647337257862091,1.5583622
cdec_ORO,40.09375_-120.71875,40.09375,-120.71875,1.1944705942635856,0.36307692527770996,1.857526
cdec_ORO,40.09375_-120.78125,40.09375,-120.78125,1.286511877246027,0.3950887620449066,2.0475123
cdec_ORO,40.09375_-120.84375,40.09375,-120.84375,1.1860642309167764,0.5042603611946106,1.7991056
cdec_ORO,40.09375_-120.90625,40.09375,-120.90625,1.2900669100711961,0.4797041416168213,1.9517993
cdec_ORO,40.09375_-120.96875,40.09375,-120.96875,1.2148945815493848,0.37970414757728577,2.3364427
cdec_ORO,40.09375_-121.03125,40.09375,-121.03125,1.1271372220416382,0.34704142808914185,2.1284072
cdec_ORO,40.09375_-121.09375,40.09375,-121.09375,1.3011639995132052,0.34372779726982117,1.7490218
cdec_ORO,40.09375_-121.15625,40.09375,-121.15625,1.2819081771403664,0.3488757312297821,1.8095527
cdec_ORO,40.09375_-121.21875,40.09375,-121.21875,1.2307215441523076,0.3409467339515686,1.5868537
cdec_ORO,40.09375_-121.28125,40.09375,-121.28125,1.3186900117591767,0.34414201974868774,1.1184974
cdec_ORO,40.09375_-121.34375,40.09375,-121.34375,1.1933194751467784,0.3572189211845398,1.2616981
cdec_ORO,40.09375_-121.40625,40.09375,-121.40625,1.0237360888729754,0.39597633481025696,1.5862465
cdec_ORO,40.09375_-121.46875,40.09375,-121.46875,1.0387314129695917,0.4143195152282715,2.1272397
cdec_ORO,40.15625_-120.34375,40.15625,-120.34375,1.010778328767609,0.3218343257904053,0.62996954
cdec_ORO,40.15625_-120.40625,40.15625,-120.40625,1.2167092991820352,0.34023669362068176,0.816401
cdec_ORO,40.15625_-120.46875,40.15625,-120.46875,1.3461766759163432,0.27721893787384033,0.5961877
cdec_ORO,40.15625_-120.53125,40.15625,-120.53125,1.1425238559966937,0.34319525957107544,0.9135479
cdec_ORO,40.15625_-120.59375,40.15625,-120.59375,1.2283043989537072,0.3194674551486969,1.0255907
cdec_ORO,40.15625_-120.65625,40.15625,-120.65625,1.2465442712398063,0.36562129855155945,1.4456645
cdec_ORO,40.15625_-120.71875,40.15625,-120.71875,1.1597980258844816,0.36230769753456116,1.3223213
cdec_ORO,40.15625_-120.78125,40.15625,-120.78125,1.2323718083412147,0.37183430790901184,1.4496897
cdec_ORO,40.15625_-120.84375,40.15625,-120.84375,1.2485854757483028,0.40183430910110474,1.7111775
cdec_ORO,40.15625_-120.90625,40.15625,-120.90625,1.2026905716772003,0.39597633481025696,1.5217236
cdec_ORO,40.15625_-120.96875,40.15625,-120.96875,1.2879698671889663,0.32076922059059143,2.013843
cdec_ORO,40.15625_-121.03125,40.15625,-121.03125,1.328888360829573,0.33698225021362305,2.0879776
cdec_ORO,40.15625_-121.09375,40.15625,-121.09375,1.158631226620833,0.29940828680992126,1.7035335
cdec_ORO,40.15625_-121.15625,40.15625,-121.15625,1.1518568399658737,0.309230774641037,1.5687823
cdec_ORO,40.15625_-121.21875,40.15625,-121.21875,1.2741013614971584,0.3807692229747772,1.7798015
cdec_ORO,40.15625_-121.28125,40.15625,-121.28125,1.250308713854965,0.411775141954422,1.9788291
cdec_ORO,40.15625_-121.34375,40.15625,-121.34375,1.182087694171238,0.39502957463264465,1.8264059
cdec_ORO,40.15625_-121.40625,40.15625,-121.40625,1.0619581521156198,0.41207101941108704,1.696838
cdec_ORO,40.15625_-121.46875,40.15625,-121.46875,0.9434783454192642,0.5083432197570801,1.7653161
cdec_ORO,40.21875_-120.46875,40.21875,-120.46875,1.2946581427875392,0.28355029225349426,0.9180403
cdec_ORO,40.21875_-120.53125,40.21875,-120.53125,1.2814034768757132,0.33177515864372253,1.2655109
cdec_ORO,40.21875_-120.59375,40.21875,-120.59375,0.9888446373422164,0.3599408268928528,1.2497901
cdec_ORO,40.21875_-120.65625,40.21875,-120.65625,1.1897677976526617,0.3457988202571869,1.0774771
cdec_ORO,40.21875_-120.71875,40.21875,-120.71875,1.2660913905941698,0.3400000035762787,1.248636
cdec_ORO,40.21875_-120.78125,40.21875,-120.78125,1.287325061217816,0.3205917179584503,1.3236654
cdec_ORO,40.21875_-120.84375,40.21875,-120.84375,1.294365468646614,0.32384616136550903,1.4153346
cdec_ORO,40.21875_-120.90625,40.21875,-120.90625,1.3701265418051376,0.3499999940395355,1.6249863
cdec_ORO,40.21875_-120.96875,40.21875,-120.96875,1.1720875972999525,0.3443787097930908,1.6659867
cdec_ORO,40.21875_-121.03125,40.21875,-121.03125,1.0690927459290227,0.3901183307170868,2.0195127
cdec_ORO,40.21875_-121.09375,40.21875,-121.09375,1.261640525052234,0.13881656527519226,1.6877795
cdec_ORO,40.21875_-121.15625,40.21875,-121.15625,1.2026701336175118,0.18124260008335114,1.5931385
cdec_ORO,40.21875_-121.21875,40.21875,-121.21875,1.1676311999808089,0.33816567063331604,1.6692548
cdec_ORO,40.21875_-121.28125,40.21875,-121.28125,1.2586056740663811,0.3811834454536438,1.8288854
cdec_ORO,40.21875_-121.34375,40.21875,-121.34375,1.2250647274799316,0.3759763240814209,1.9994721
cdec_ORO,40.21875_-121.40625,40.21875,-121.40625,1.093718654873944,0.43680474162101746,1.9009789
cdec_ORO,40.21875_-121.46875,40.21875,-121.46875,1.0870304844829817,0.4856804609298706,1.8002034
cdec_ORO,40.28125_-120.53125,40.28125,-120.53125,1.0816259307069065,0.3475739657878876,1.1949195
cdec_ORO,40.28125_-120.59375,40.28125,-120.59375,1.077814942441099,0.42946746945381165,1.5094984
cdec_ORO,40.28125_-120.65625,40.28125,-120.65625,1.1588178773895947,0.3798224925994873,1.0383482
cdec_ORO,40.28125_-120.71875,40.28125,-120.71875,1.211295371900467,0.3484615385532379,1.0930761
cdec_ORO,40.28125_-120.78125,40.28125,-120.78125,1.210962826579995,0.3670414090156555,1.5274699
cdec_ORO,40.28125_-120.84375,40.28125,-120.84375,1.1193984010935196,0.3600591719150543,1.5244888
cdec_ORO,40.28125_-120.90625,40.28125,-120.90625,1.2459649273676774,0.3502366840839386,1.3672292
cdec_ORO,40.28125_-120.96875,40.28125,-120.96875,1.32113117925332,0.2827219069004059,1.0441486
cdec_ORO,40.28125_-121.03125,40.28125,-121.03125,1.2460765807184315,0.3721301853656769,1.5912709
cdec_ORO,40.28125_-121.09375,40.28125,-121.09375,0.9144844308525426,0.32035502791404724,1.6449305
cdec_ORO,40.28125_-121.15625,40.28125,-121.15625,1.2492893715890157,0.1660355031490326,1.5714664
cdec_ORO,40.28125_-121.21875,40.28125,-121.21875,1.2925973080189685,0.10295858234167099,1.0105474
cdec_ORO,40.28125_-121.28125,40.28125,-121.28125,1.2427715011136082,0.2927810549736023,1.609831
cdec_ORO,40.28125_-121.34375,40.28125,-121.34375,1.073177751497096,0.3708875775337219,1.7792902
cdec_ORO,40.34375_-120.71875,40.34375,-120.71875,1.2939457574264563,0.31337279081344604,1.3622596
cdec_ORO,40.34375_-120.78125,40.34375,-120.78125,1.2835352322425835,0.3264496922492981,1.4616911
cdec_ORO,40.34375_-120.84375,40.34375,-120.84375,1.2672545838958453,0.3888757526874542,1.6824051
cdec_ORO,40.34375_-120.90625,40.34375,-120.90625,1.053687545012615,0.4537278115749359,1.7520363
cdec_ORO,40.34375_-120.96875,40.34375,-120.96875,1.001640283141251,0.44005918502807617,1.5286647
cdec_ORO,40.34375_-121.03125,40.34375,-121.03125,0.9072295542663452,0.3552071154117584,1.6114825
cdec_ORO,40.34375_-121.09375,40.34375,-121.09375,1.0848139445562972,0.37662720680236816,1.865552
cdec_ORO,40.34375_-121.15625,40.34375,-121.15625,0.9003968669382824,0.33810651302337646,1.5946338
cdec_ORO,40.34375_-121.21875,40.34375,-121.21875,1.1269986089660362,0.30426034331321716,1.5125934
cdec_ORO,40.34375_-121.28125,40.34375,-121.28125,1.1384197681301638,0.3271597623825073,1.8258848
cdec_ORO,40.34375_-121.34375,40.34375,-121.34375,1.1609163387648467,0.39325442910194397,1.4649745
cdec_ORO,40.34375_-121.40625,40.34375,-121.40625,1.0566527329847375,0.37899407744407654,1.3620818
cdec_ORO,40.34375_-121.46875,40.34375,-121.46875,1.1691628197547685,0.3870414197444916,1.5604098
cdec_ORO,40.40625_-120.84375,40.40625,-120.84375,1.184183481776119,0.4042603671550751,1.6289129
cdec_ORO,40.40625_-120.90625,40.40625,-120.90625,1.1635805337180818,0.4530177414417267,1.8274399
cdec_ORO,40.40625_-120.96875,40.40625,-120.96875,0.9985471060763946,0.43899407982826233,1.7793767
cdec_ORO,40.40625_-121.03125,40.40625,-121.03125,1.2529441203136042,0.392071008682251,1.5445933
cdec_ORO,40.40625_-121.09375,40.40625,-121.09375,1.0437766821506136,0.4302958548069,1.8034258
cdec_ORO,40.40625_-121.15625,40.40625,-121.15625,1.1331385765698405,0.4065680503845215,1.4457
cdec_ORO,40.40625_-121.21875,40.40625,-121.21875,1.0575456644909935,0.4143195152282715,1.4689871
cdec_ORO,40.40625_-121.28125,40.40625,-121.28125,1.0541095028808622,0.3844378590583801,1.4672462
cdec_ORO,40.40625_-121.34375,40.40625,-121.34375,1.1297461915966256,0.38011834025382996,1.4905972
cdec_ORO,40.40625_-121.40625,40.40625,-121.40625,1.1628303288599389,0.36236685514450073,1.2303332
cdec_ORO,40.40625_-121.46875,40.40625,-121.46875,1.0974042445406944,0.34899407625198364,1.072738
cdec_ORO,40.46875_-121.03125,40.46875,-121.03125,1.151128513129668,0.40260353684425354,1.2517294
cdec_ORO,40.46875_-121.09375,40.46875,-121.09375,1.2835155347427472,0.4114201068878174,1.3643453
cdec_ORO,40.46875_-121.15625,40.46875,-121.15625,1.270092794111834,0.37218934297561646,1.170891
cdec_ORO,40.46875_-121.21875,40.46875,-121.21875,1.1132584913403196,0.3722485303878784,0.860824
cdec_ORO,40.46875_-121.28125,40.46875,-121.28125,1.0743667999622155,0.35461539030075073,0.87463456
cdec_ORO,40.46875_-121.34375,40.46875,-121.34375,1.026179474921421,0.3552071154117584,0.95077056
cdec_ORO,40.46875_-121.40625,40.46875,-121.40625,1.062047714840081,0.3584023714065552,1.1099523
cdec_ORO,40.46875_-121.46875,40.46875,-121.46875,1.063491202803687,0.2819526493549347,0.6209389
cdec_ORO,40.46875_-121.53125,40.46875,-121.53125,1.0345600049271337,0.2546153962612152,0.5261976
cdec_ORO,40.53125_-121.21875,40.53125,-121.21875,1.2007178203642614,0.37396448850631714,1.197092
cdec_PNF,36.59375_-118.46875,36.59375,-118.46875,1.036349370512791,0.051479291170835495,0.12885803
cdec_PNF,36.59375_-118.53125,36.59375,-118.53125,1.0393764739376228,0.03544378653168678,0.1037294
cdec_PNF,36.59375_-118.59375,36.59375,-118.59375,0.9997540265846601,0.12183432281017303,0.32005113
cdec_PNF,36.65625_-118.40625,36.65625,-118.40625,0.9676224935779338,0.08952663093805313,0.16227548
cdec_PNF,36.65625_-118.46875,36.65625,-118.46875,1.1302883097470775,0.024319525808095932,0.089756474
cdec_PNF,36.65625_-118.53125,36.65625,-118.53125,0.9902772701835223,0.08786982297897339,0.26977637
cdec_PNF,36.65625_-118.59375,36.65625,-118.59375,1.0198631014011352,0.17017751932144165,0.35160172
cdec_PNF,36.65625_-118.65625,36.65625,-118.65625,0.9658468791263595,0.20023669302463531,0.3871186
cdec_PNF,36.65625_-118.71875,36.65625,-118.71875,0.9653662646313226,0.2646745443344116,0.5877467
cdec_PNF,36.65625_-118.78125,36.65625,-118.78125,0.9907498040164835,0.36698225140571594,0.8037228
cdec_PNF,36.71875_-118.34375,36.71875,-118.34375,1.0521996708524357,0.06319526582956314,0.20590597
cdec_PNF,36.71875_-118.40625,36.71875,-118.40625,1.0362556860312324,0.06355029344558716,0.15508716
cdec_PNF,36.71875_-118.46875,36.71875,-118.46875,1.007593799280515,0.05952662602066994,0.16311274
cdec_PNF,36.71875_-118.53125,36.71875,-118.53125,0.9841818662698651,0.15662722289562225,0.4595343
cdec_PNF,36.71875_-118.59375,36.71875,-118.59375,1.0571146254337451,0.3285207152366638,0.9905976
cdec_PNF,36.71875_-118.65625,36.71875,-118.65625,0.9531208917729805,0.36213016510009766,1.0265853
cdec_PNF,36.71875_-118.71875,36.71875,-118.71875,0.9718783897479413,0.3743787109851837,1.0133655
cdec_PNF,36.71875_-118.78125,36.71875,-118.78125,0.9770404702521598,0.3829585909843445,0.9409004
cdec_PNF,36.71875_-118.84375,36.71875,-118.84375,1.0336065739652307,0.37917160987854004,0.921536
cdec_PNF,36.71875_-118.90625,36.71875,-118.90625,1.1212536630755237,0.44029584527015686,1.6141863
cdec_PNF,36.71875_-118.96875,36.71875,-118.96875,1.1146189604023267,0.4559171497821808,1.9821147
cdec_PNF,36.71875_-119.03125,36.71875,-119.03125,1.1345952635216217,0.45887574553489685,1.7495704
cdec_PNF,36.78125_-118.34375,36.78125,-118.34375,1.0668091625714693,0.09994082897901535,0.2392367
cdec_PNF,36.78125_-118.40625,36.78125,-118.40625,0.9315690989723814,0.07804733514785767,0.20263313
cdec_PNF,36.78125_-118.46875,36.78125,-118.46875,0.9118902204281225,0.155207097530365,0.38899583
cdec_PNF,36.78125_-118.53125,36.78125,-118.53125,0.957239791797245,0.26615384221076965,0.82775146
cdec_PNF,36.78125_-118.59375,36.78125,-118.59375,1.0709529916735137,0.3446153700351715,1.0183997
cdec_PNF,36.78125_-118.65625,36.78125,-118.65625,1.1125101276537106,0.37414202094078064,1.1486452
cdec_PNF,36.78125_-118.71875,36.78125,-118.71875,1.1216914995918321,0.38473373651504517,1.270384
cdec_PNF,36.78125_-118.78125,36.78125,-118.78125,1.167899978108477,0.40798816084861755,1.3713522
cdec_PNF,36.78125_-118.84375,36.78125,-118.84375,1.2147379525293518,0.41189348697662354,1.5330731
cdec_PNF,36.78125_-118.90625,36.78125,-118.90625,1.2745572233494507,0.4143195152282715,1.5751752
cdec_PNF,36.78125_-118.96875,36.78125,-118.96875,1.1936347524110291,0.4297633171081543,1.7341685
cdec_PNF,36.78125_-119.03125,36.78125,-119.03125,1.2371209676156596,0.4137278199195862,1.894155
cdec_PNF,36.78125_-119.09375,36.78125,-119.09375,1.1729795829591008,0.41124260425567627,1.6265987
cdec_PNF,36.78125_-119.15625,36.78125,-119.15625,0.9805567315333229,0.42656806111335754,1.4707979
cdec_PNF,36.78125_-119.28125,36.78125,-119.28125,1.0016354718930933,0.37798815965652466,1.0258802
cdec_PNF,36.84375_-118.34375,36.84375,-118.34375,1.0885409414629197,0.0872781053185463,0.22878946
cdec_PNF,36.84375_-118.40625,36.84375,-118.40625,0.9616377835132339,0.07792899757623672,0.1892844
cdec_PNF,36.84375_-118.46875,36.84375,-118.46875,0.9794817939068083,0.13218934834003448,0.30114776
cdec_PNF,36.84375_-118.53125,36.84375,-118.53125,1.0482452180888044,0.2511242628097534,0.7461905
cdec_PNF,36.84375_-118.59375,36.84375,-118.59375,1.0444930479868482,0.2155621349811554,0.5456915
cdec_PNF,36.84375_-118.65625,36.84375,-118.65625,1.0029973228441964,0.2892899513244629,0.72904795
cdec_PNF,36.84375_-118.71875,36.84375,-118.71875,1.0952864177343802,0.29284024238586426,0.9103055
cdec_PNF,36.84375_-118.78125,36.84375,-118.78125,1.0417623397306934,0.3508284091949463,1.0358938
cdec_PNF,36.84375_-118.84375,36.84375,-118.84375,1.1041397137816689,0.31568047404289246,1.1587967
cdec_PNF,36.84375_-118.90625,36.84375,-118.90625,1.1923851365171405,0.34899407625198364,1.356558
cdec_PNF,36.84375_-118.96875,36.84375,-118.96875,1.1916297667361873,0.37467455863952637,1.5001707
cdec_PNF,36.84375_-119.03125,36.84375,-119.03125,1.1991170644740192,0.3662721812725067,1.2946335
cdec_PNF,36.84375_-119.09375,36.84375,-119.09375,1.2016180672720225,0.37662720680236816,1.1962317
cdec_PNF,36.84375_-119.15625,36.84375,-119.15625,1.2121510438595802,0.4192899465560913,1.3287607
cdec_PNF,36.84375_-119.21875,36.84375,-119.21875,1.016000381163793,0.39325442910194397,1.1393291
cdec_PNF,36.84375_-119.28125,36.84375,-119.28125,0.9473183799424993,0.30562129616737366,0.8786772
cdec_PNF,36.84375_-119.34375,36.84375,-119.34375,0.8782667056501936,0.3442603647708893,0.85440767
cdec_PNF,36.90625_-118.34375,36.90625,-118.34375,1.1048304199175734,0.14479289948940277,0.30251712
cdec_PNF,36.90625_-118.40625,36.90625,-118.40625,0.9665461587366124,0.08248520642518997,0.1491641
cdec_PNF,36.90625_-118.46875,36.90625,-118.46875,1.0720104173852092,0.07923077046871185,0.18367124
cdec_PNF,36.90625_-118.53125,36.90625,-118.53125,1.0021388870660595,0.1368047297000885,0.27906844
cdec_PNF,36.90625_-118.59375,36.90625,-118.59375,1.0190903930171358,0.18911242485046387,0.402762
cdec_PNF,36.90625_-118.65625,36.90625,-118.65625,1.1096499542124034,0.18988165259361267,0.42927444
cdec_PNF,36.90625_-118.71875,36.90625,-118.71875,0.9715737899906502,0.21455621719360352,0.51374286
cdec_PNF,36.90625_-118.78125,36.90625,-118.78125,1.0390672205097236,0.36597633361816406,1.0979841
cdec_PNF,36.90625_-118.84375,36.90625,-118.84375,1.0663552532284482,0.3806508779525757,1.0822531
cdec_PNF,36.90625_-118.90625,36.90625,-118.90625,0.9525163103197204,0.3622485101222992,1.1009935
cdec_PNF,36.90625_-118.96875,36.90625,-118.96875,1.0722152996604577,0.40822485089302063,1.4791632
cdec_PNF,36.90625_-119.03125,36.90625,-119.03125,1.1019698220530016,0.40396448969841003,1.5152228
cdec_PNF,36.90625_-119.09375,36.90625,-119.09375,1.1543997674862378,0.3772781193256378,1.361082
cdec_PNF,36.90625_-119.15625,36.90625,-119.15625,1.044480155333968,0.4074556231498718,1.2657514
cdec_PNF,36.90625_-119.21875,36.90625,-119.21875,1.0028132235758902,0.3950887620449066,1.1704218
cdec_PNF,36.90625_-119.28125,36.90625,-119.28125,0.9940598483175263,0.3390532433986664,0.9934829
cdec_PNF,36.90625_-119.34375,36.90625,-119.34375,0.9337756652198297,0.40183430910110474,1.0567397
cdec_PNF,36.90625_-119.40625,36.90625,-119.40625,0.9796071445006824,0.3813609480857849,0.9479807
cdec_PNF,36.96875_-118.40625,36.96875,-118.40625,1.1202707478384784,0.052662722766399384,0.14599766
cdec_PNF,36.96875_-118.46875,36.96875,-118.46875,0.9608377249924682,0.10668639093637466,0.20626305
cdec_PNF,36.96875_-118.53125,36.96875,-118.53125,1.0039541824527067,0.07840237021446228,0.18054931
cdec_PNF,36.96875_-118.59375,36.96875,-118.59375,1.0490278207864296,0.2562130093574524,0.76792705
cdec_PNF,36.96875_-118.65625,36.96875,-118.65625,1.0647093177108427,0.27798816561698914,0.77896726
cdec_PNF,36.96875_-118.71875,36.96875,-118.71875,0.9544609044417651,0.30526626110076904,0.6944425
cdec_PNF,36.96875_-118.78125,36.96875,-118.78125,0.8882683972779393,0.36289942264556885,0.927095
cdec_PNF,36.96875_-118.84375,36.96875,-118.84375,0.8724223289080556,0.3568047285079956,1.0081724
cdec_PNF,36.96875_-118.90625,36.96875,-118.90625,0.8079765774617607,0.38420116901397705,1.0542191
cdec_PNF,36.96875_-118.96875,36.96875,-118.96875,1.0021085200830337,0.3980473279953003,1.2099835
cdec_PNF,36.96875_-119.03125,36.96875,-119.03125,0.9773163553334056,0.4036094546318054,1.293913
cdec_PNF,36.96875_-119.09375,36.96875,-119.09375,1.0836042085945476,0.4399999976158142,1.7153407
cdec_PNF,36.96875_-119.15625,36.96875,-119.15625,1.1771650648914487,0.43183431029319763,1.9431766
cdec_PNF,36.96875_-119.21875,36.96875,-119.21875,1.0217269122153438,0.42911243438720703,1.5831307
cdec_PNF,36.96875_-119.28125,36.96875,-119.28125,1.00985022818795,0.4077514708042145,1.3320334
cdec_PNF,36.96875_-119.34375,36.96875,-119.34375,0.885387046250568,0.4086982309818268,1.2276477
cdec_PNF,36.96875_-119.40625,36.96875,-119.40625,0.9371547054246272,0.3552071154117584,1.1311481
cdec_PNF,37.03125_-118.40625,37.03125,-118.40625,1.1039237683521832,0.11100591719150543,0.17694913
cdec_PNF,37.03125_-118.46875,37.03125,-118.46875,0.9229140873920009,0.037218935787677765,0.09322611
cdec_PNF,37.03125_-118.53125,37.03125,-118.53125,1.0001102755062679,0.07863905280828476,0.18431477
cdec_PNF,37.03125_-118.59375,37.03125,-118.59375,1.0748904825402565,0.11479289829730988,0.31997484
cdec_PNF,37.03125_-118.65625,37.03125,-118.65625,1.0340361416380288,0.09497041255235672,0.2608716
cdec_PNF,37.03125_-118.71875,37.03125,-118.71875,1.024140184126492,0.06248520687222481,0.12311727
cdec_PNF,37.03125_-118.78125,37.03125,-118.78125,0.8846278722668898,0.14662721753120422,0.31611344
cdec_PNF,37.03125_-118.84375,37.03125,-118.84375,0.910012402026909,0.25337278842926025,0.5026678
cdec_PNF,37.03125_-118.90625,37.03125,-118.90625,0.8552618129909068,0.29443785548210144,0.67418104
cdec_PNF,37.03125_-118.96875,37.03125,-118.96875,0.9314855012919879,0.299940824508667,0.76518536
cdec_PNF,37.03125_-119.03125,37.03125,-119.03125,0.8115248986800356,0.3860355019569397,1.0022091
cdec_PNF,37.03125_-119.09375,37.03125,-119.09375,0.8107549655076156,0.41106510162353516,1.3768331
cdec_PNF,37.03125_-119.15625,37.03125,-119.15625,0.9326127174210821,0.4344378709793091,1.9297162
cdec_PNF,37.03125_-119.21875,37.03125,-119.21875,1.1361131066782657,0.4260946810245514,1.9762377
cdec_PNF,37.03125_-119.28125,37.03125,-119.28125,1.1926299444113924,0.3415384590625763,1.6522293
cdec_PNF,37.03125_-119.34375,37.03125,-119.34375,1.1635415414065218,0.32573965191841125,1.5585022
cdec_PNF,37.03125_-119.40625,37.03125,-119.40625,1.0294778577513992,0.3721301853656769,1.4049164
cdec_PNF,37.09375_-118.46875,37.09375,-118.46875,1.0231896240793505,0.0750887542963028,0.16121046
cdec_PNF,37.09375_-118.53125,37.09375,-118.53125,1.0317186305955284,0.0530177503824234,0.10258863
cdec_PNF,37.09375_-118.59375,37.09375,-118.59375,0.9970420465447307,0.0923076942563057,0.2360488
cdec_PNF,37.09375_-118.65625,37.09375,-118.65625,1.0158432153161439,0.01928994059562683,0.082974605
cdec_PNF,37.09375_-118.71875,37.09375,-118.71875,0.979607067993973,0.03911242634057999,0.08829014
cdec_PNF,37.09375_-118.78125,37.09375,-118.78125,0.8761320912806921,0.0959763303399086,0.16125372
cdec_PNF,37.09375_-118.84375,37.09375,-118.84375,0.7713030997170272,0.25644969940185547,0.5042308
cdec_PNF,37.09375_-118.90625,37.09375,-118.90625,0.7943226448322869,0.30094674229621887,0.63214374
cdec_PNF,37.09375_-118.96875,37.09375,-118.96875,0.9072621791759864,0.2554437816143036,0.5306479
cdec_PNF,37.09375_-119.03125,37.09375,-119.03125,0.7914490898113438,0.2730769217014313,0.5193995
cdec_PNF,37.09375_-119.09375,37.09375,-119.09375,0.7973626729493,0.368461549282074,0.7686958
cdec_PNF,37.09375_-119.15625,37.09375,-119.15625,0.9786534044430804,0.34242603182792664,0.9981479
cdec_PNF,37.09375_-119.21875,37.09375,-119.21875,1.067318108404075,0.39639052748680115,1.2889059
cdec_PNF,37.09375_-119.28125,37.09375,-119.28125,1.145445973790292,0.36869823932647705,1.6320494
cdec_PNF,37.09375_-119.34375,37.09375,-119.34375,1.2700085754497485,0.33520710468292236,1.6587437
cdec_PNF,37.15625_-118.59375,37.15625,-118.59375,0.9422988407742785,0.06621301919221878,0.15346383
cdec_PNF,37.15625_-118.65625,37.15625,-118.65625,0.8259580785233498,0.02869822457432747,0.0906823
cdec_PNF,37.15625_-118.78125,37.15625,-118.78125,0.8912048983129917,0.13053254783153534,0.20620811
cdec_PNF,37.15625_-118.84375,37.15625,-118.84375,0.7708488875128883,0.18201182782649994,0.28455004
cdec_PNF,37.15625_-118.90625,37.15625,-118.90625,0.7795485740912543,0.3245562016963959,0.6811713
cdec_PNF,37.15625_-118.96875,37.15625,-118.96875,0.7628828873199786,0.38360947370529175,0.78607464
cdec_PNF,37.15625_-119.03125,37.15625,-119.03125,0.8941873224498829,0.3361538350582123,0.63872564
cdec_PNF,37.15625_-119.09375,37.15625,-119.09375,0.7850862753058794,0.32147929072380066,0.628943
cdec_PNF,37.15625_-119.15625,37.15625,-119.15625,0.9101072212213771,0.40917161107063293,1.0371357
cdec_PNF,37.15625_-119.21875,37.15625,-119.21875,1.0661238923072665,0.32076922059059143,1.1322808
cdec_PNF,37.21875_-118.90625,37.21875,-118.90625,0.9404427419196264,0.21491123735904694,0.44229534
cdec_PNF,37.21875_-118.96875,37.21875,-118.96875,0.9223018510882066,0.33094674348831177,0.66128856
cdec_SCC,35.96875_-118.59375,35.96875,-118.59375,1.29406959624952,0.32461538910865784,1.8668936
cdec_SCC,35.96875_-118.65625,35.96875,-118.65625,1.186412475373733,0.3491124212741852,2.2006054
cdec_SCC,35.96875_-118.71875,35.96875,-118.71875,1.1755589662094734,0.3873964548110962,1.7892175
cdec_SCC,35.96875_-118.78125,35.96875,-118.78125,1.0032291014813792,0.36100590229034424,1.1446247
cdec_SCC,35.96875_-118.84375,35.96875,-118.84375,0.9168297615559842,0.352544367313385,0.7823598
cdec_SCC,36.03125_-118.59375,36.03125,-118.59375,1.1696940933208513,0.33656805753707886,1.8930291
cdec_SCC,36.03125_-118.65625,36.03125,-118.65625,1.2118690758512018,0.3834911286830902,2.022597
cdec_SCC,36.03125_-118.71875,36.03125,-118.71875,1.0855849111207485,0.381538450717926,1.4961852
cdec_SCC,36.03125_-118.78125,36.03125,-118.78125,0.9836604140616769,0.34165680408477783,1.0373594
cdec_SCC,36.03125_-118.84375,36.03125,-118.84375,0.8904466162733061,0.3629585802555084,0.82585
cdec_SCC,36.03125_-118.90625,36.03125,-118.90625,0.856799285093736,0.2861538529396057,0.7447146
cdec_SCC,36.09375_-118.53125,36.09375,-118.53125,1.0710167415107985,0.3414793014526367,1.4972287
cdec_SCC,36.09375_-118.59375,36.09375,-118.59375,1.1337838776250626,0.3693491220474243,1.7183979
cdec_SCC,36.09375_-118.65625,36.09375,-118.65625,1.1901842676918295,0.3899408280849457,2.26865
cdec_SCC,36.09375_-118.71875,36.09375,-118.71875,1.1508783783653347,0.43396449089050293,2.1076636
cdec_SCC,36.09375_-118.78125,36.09375,-118.78125,0.9793668369075001,0.4214792847633362,1.2882472
cdec_SCC,36.09375_-118.84375,36.09375,-118.84375,0.891380603786392,0.3362721800804138,0.88619447
cdec_SCC,36.09375_-118.90625,36.09375,-118.90625,0.9031059170610903,0.3024851977825165,0.7630979
cdec_SCC,36.09375_-118.96875,36.09375,-118.96875,0.8372259676451679,0.33230769634246826,0.72225004
cdec_SCC,36.15625_-118.53125,36.15625,-118.53125,1.1072697429150757,0.36017751693725586,1.7030463
cdec_SCC,36.15625_-118.59375,36.15625,-118.59375,1.1197065970848543,0.37781065702438354,2.1775255
cdec_SCC,36.15625_-118.65625,36.15625,-118.65625,1.1800100466119223,0.4032544493675232,2.310333
cdec_SCC,36.15625_-118.71875,36.15625,-118.71875,1.1595834547919468,0.38905325531959534,1.5676507
cdec_SCC,36.15625_-118.78125,36.15625,-118.78125,0.95317820069724,0.37218934297561646,1.1760329
cdec_SCC,36.15625_-118.84375,36.15625,-118.84375,0.8592660831536689,0.4179881513118744,0.9542178
cdec_SCC,36.15625_-118.90625,36.15625,-118.90625,0.7817952237541613,0.4223668575286865,0.8017618
cdec_SCC,36.21875_-118.59375,36.21875,-118.59375,0.8511554108366949,0.38242602348327637,1.6255337
cdec_SCC,36.21875_-118.65625,36.21875,-118.65625,1.0829293651587104,0.4169822633266449,2.4587057
cdec_SCC,36.21875_-118.71875,36.21875,-118.71875,1.172792868812731,0.4297633171081543,2.1269052
cdec_SCC,36.21875_-118.78125,36.21875,-118.78125,0.8532206492338608,0.4194674491882324,1.365649
cdec_SCC,36.21875_-118.84375,36.21875,-118.84375,0.846442625540708,0.45207101106643677,1.1238253
cdec_SCC,36.21875_-118.90625,36.21875,-118.90625,0.8602150129514516,0.43183431029319763,0.8810735
cdec_SCC,36.28125_-118.59375,36.28125,-118.59375,0.9768293813170348,0.3140828311443329,0.9205719
cdec_SCC,36.28125_-118.65625,36.28125,-118.65625,0.9904372265735135,0.29343196749687195,1.0724419
cdec_SCC,36.28125_-118.71875,36.28125,-118.71875,1.134752907917358,0.3943786919116974,1.9372435
cdec_SCC,36.28125_-118.78125,36.28125,-118.78125,1.0642418850172461,0.41183432936668396,1.793378
cdec_SCC,36.28125_-118.84375,36.28125,-118.84375,1.034520031605461,0.44378697872161865,1.5180427
cdec_SCC,36.34375_-118.65625,36.34375,-118.65625,0.7810388874069334,0.35473373532295227,0.9896042
cdec_SCC,36.34375_-118.71875,36.34375,-118.71875,1.0943750880459517,0.38556212186813354,1.6997529
cdec_SCC,36.34375_-118.78125,36.34375,-118.78125,1.1415060894775788,0.40976330637931824,1.8370454
cdec_SHA,40.46875_-121.21875,40.46875,-121.21875,1.1199951286571128,0.3722485303878784,0.860824
cdec_SHA,40.46875_-121.28125,40.46875,-121.28125,1.0792692336607834,0.35461539030075073,0.87463456
cdec_SHA,40.46875_-121.34375,40.46875,-121.34375,1.0290341244767673,0.3552071154117584,0.95077056
cdec_SHA,40.46875_-121.40625,40.46875,-121.40625,1.0619493107619478,0.3584023714065552,1.1099523
cdec_SHA,40.46875_-121.46875,40.46875,-121.46875,1.059387544441966,0.2819526493549347,0.6209389
cdec_SHA,40.46875_-121.53125,40.46875,-121.53125,1.029168358515153,0.2546153962612152,0.5261976
cdec_SHA,40.53125_-121.15625,40.53125,-121.15625,1.1402297986995373,0.3984023630619049,1.4142983
cdec_SHA,40.53125_-121.21875,40.53125,-121.21875,1.2021130765122772,0.37396448850631714,1.197092
cdec_SHA,40.53125_-121.28125,40.53125,-121.28125,1.1214346260343597,0.29674556851387024,0.9456718
cdec_SHA,40.53125_-121.34375,40.53125,-121.34375,1.093299128221073,0.2757396399974823,0.76355445
cdec_SHA,40.53125_-121.40625,40.53125,-121.40625,1.110836486494494,0.2819526493549347,0.8470478
cdec_SHA,40.53125_-121.46875,40.53125,-121.46875,1.0825219265401245,0.3378698229789734,1.1276582
cdec_SHA,40.53125_-121.53125,40.53125,-121.53125,1.0305963876439161,0.3342011868953705,1.2017533
cdec_SHA,40.53125_-121.59375,40.53125,-121.59375,0.873612529667784,0.49449703097343445,2.1187177
cdec_SHA,40.59375_-121.03125,40.59375,-121.03125,1.0170600204555256,0.39254438877105713,1.1455259
cdec_SHA,40.59375_-121.09375,40.59375,-121.09375,1.145741978697644,0.3728402256965637,1.173837
cdec_SHA,40.59375_-121.15625,40.59375,-121.15625,1.108391075758703,0.4125443696975708,1.7142707
cdec_SHA,40.59375_-121.21875,40.59375,-121.21875,0.9521817775094105,0.42017751932144165,1.6972333
cdec_SHA,40.59375_-121.28125,40.59375,-121.28125,1.1191058027902632,0.3801775276660919,1.5153913
cdec_SHA,40.59375_-121.34375,40.59375,-121.34375,1.1172507661881763,0.3366864025592804,1.2520199
cdec_SHA,40.59375_-121.40625,40.59375,-121.40625,1.1444415437075715,0.3273964524269104,1.4945762
cdec_SHA,40.59375_-121.46875,40.59375,-121.46875,1.1095719990198314,0.40526628494262695,1.8245646
cdec_SHA,40.59375_-121.53125,40.59375,-121.53125,1.0705305541594288,0.4497041404247284,1.9589092
cdec_SHA,40.59375_-121.59375,40.59375,-121.59375,1.0671348347558203,0.46272188425064087,2.0218413
cdec_SHA,40.59375_-121.65625,40.59375,-121.65625,0.9740863285071061,0.502662718296051,2.0849364
cdec_SHA,40.65625_-121.03125,40.65625,-121.03125,1.1883084573240863,0.3835502862930298,1.0327111
cdec_SHA,40.65625_-121.09375,40.65625,-121.09375,1.1504656593551714,0.3537278175354004,0.9820124
cdec_SHA,40.65625_-121.15625,40.65625,-121.15625,1.1415362950234822,0.3307100534439087,1.0292385
cdec_SHA,40.65625_-121.21875,40.65625,-121.21875,1.1532542150674656,0.3462130129337311,1.1560314
cdec_SHA,40.65625_-121.28125,40.65625,-121.28125,1.1035393702337477,0.34242603182792664,1.0772388
cdec_SHA,40.65625_-121.34375,40.65625,-121.34375,1.060948356589567,0.37431952357292175,1.3909935
cdec_SHA,40.65625_-121.40625,40.65625,-121.40625,1.1664428058945515,0.3276331424713135,1.3148407
cdec_SHA,40.65625_-121.46875,40.65625,-121.46875,0.8683489383281979,0.4003550410270691,1.443978
cdec_SHA,40.65625_-121.53125,40.65625,-121.53125,1.0315894664912268,0.4148520827293396,1.483125
cdec_SHA,40.65625_-121.59375,40.65625,-121.59375,0.9328534937864477,0.4514792859554291,1.648657
cdec_SHA,40.65625_-121.65625,40.65625,-121.65625,0.8980091354582115,0.526627242565155,2.0313487
cdec_SHA,40.65625_-121.71875,40.65625,-121.71875,1.0221228564597316,0.5139644742012024,2.3370464
cdec_SHA,40.71875_-120.96875,40.71875,-120.96875,1.2475940912683816,0.3788165748119354,1.2693558
cdec_SHA,40.71875_-121.03125,40.71875,-121.03125,1.1610618363968213,0.3825443685054779,1.2657167
cdec_SHA,40.71875_-121.09375,40.71875,-121.09375,1.0849786567001494,0.397396445274353,1.4394051
cdec_SHA,40.71875_-121.15625,40.71875,-121.15625,1.1602332555262773,0.3995266258716583,1.2437575
cdec_SHA,40.71875_-121.21875,40.71875,-121.21875,1.188572045882959,0.3168047368526459,0.98367107
cdec_SHA,40.71875_-121.28125,40.71875,-121.28125,1.1736932092206893,0.3502366840839386,1.0088682
cdec_SHA,40.71875_-121.34375,40.71875,-121.34375,1.2170324848385117,0.36384615302085876,1.1561669
cdec_SHA,40.71875_-121.40625,40.71875,-121.40625,1.3020780603763338,0.3664497137069702,1.0492808
cdec_SHA,40.71875_-121.46875,40.71875,-121.46875,1.2204288343705196,0.42621302604675293,1.5024258
cdec_SHA,40.71875_-121.53125,40.71875,-121.53125,1.1392572321301238,0.41224852204322815,1.4639162
cdec_SHA,40.71875_-121.59375,40.71875,-121.59375,1.0975001470971537,0.40295857191085815,1.255612
cdec_SHA,40.71875_-121.65625,40.71875,-121.65625,0.9900523522120896,0.5381065011024475,2.2358406
cdec_SHA,40.71875_-121.71875,40.71875,-121.71875,1.171235788483175,0.46792900562286377,1.8930831
cdec_SHA,40.71875_-121.78125,40.71875,-121.78125,1.0095212137315848,0.5023077130317688,1.785408
cdec_SHA,40.71875_-122.09375,40.71875,-122.09375,0.8896034647463021,0.45485207438468933,1.7311683
cdec_SHA,40.71875_-122.15625,40.71875,-122.15625,0.8446304966650041,0.37994083762168884,1.3598913
cdec_SHA,40.71875_-122.21875,40.71875,-122.21875,0.8392988282793934,0.31065088510513306,1.1600171
cdec_SHA,40.71875_-122.28125,40.71875,-122.28125,0.8750838539092454,0.31609466671943665,1.6017718
cdec_SHA,40.71875_-122.34375,40.71875,-122.34375,0.913434674620787,0.3856213092803955,1.7181463
cdec_SHA,40.71875_-122.40625,40.71875,-122.40625,0.9151830508256942,0.3254437744617462,1.5941372
cdec_SHA,40.71875_-122.46875,40.71875,-122.46875,1.123980675798645,0.3914792835712433,1.4379524
cdec_SHA,40.71875_-122.53125,40.71875,-122.53125,1.0710036876671523,0.3767455518245697,1.6661022
cdec_SHA,40.78125_-120.90625,40.78125,-120.90625,1.3564520105779836,0.3784615397453308,1.207558
cdec_SHA,40.78125_-120.96875,40.78125,-120.96875,1.305173697582258,0.3678106367588043,1.2000744
cdec_SHA,40.78125_-121.03125,40.78125,-121.03125,1.1823400911125637,0.36023667454719543,1.1205401
cdec_SHA,40.78125_-121.09375,40.78125,-121.09375,1.307527314928985,0.39313608407974243,1.3350272
cdec_SHA,40.78125_-121.15625,40.78125,-121.15625,1.2927010645878036,0.3904733657836914,1.3539305
cdec_SHA,40.78125_-121.21875,40.78125,-121.21875,1.1407922764281109,0.40970414876937866,1.5236152
cdec_SHA,40.78125_-121.28125,40.78125,-121.28125,1.2596148060490564,0.3765680491924286,1.1604621
cdec_SHA,40.78125_-121.34375,40.78125,-121.34375,1.2028242650058576,0.3549112379550934,0.9317687
cdec_SHA,40.78125_-121.40625,40.78125,-121.40625,1.2416583505174763,0.3061538338661194,0.65968335
cdec_SHA,40.78125_-121.46875,40.78125,-121.46875,1.2716289848423399,0.2800000011920929,0.7972886
cdec_SHA,40.78125_-121.53125,40.78125,-121.53125,1.3653340744567315,0.3427218794822693,1.332593
cdec_SHA,40.78125_-121.59375,40.78125,-121.59375,1.1091037673431248,0.36331361532211304,1.3720129
cdec_SHA,40.78125_-121.65625,40.78125,-121.65625,0.9639351922627477,0.4821893572807312,2.135169
cdec_SHA,40.78125_-121.71875,40.78125,-121.71875,1.1299110960068774,0.515562117099762,2.3705633
cdec_SHA,40.78125_-121.78125,40.78125,-121.78125,1.0805431294130123,0.5751479268074036,2.3708332
cdec_SHA,40.78125_-121.84375,40.78125,-121.84375,1.0721568696218124,0.5152071118354797,2.1920264
cdec_SHA,40.78125_-121.90625,40.78125,-121.90625,1.16540191369966,0.44840237498283386,1.8978167
cdec_SHA,40.78125_-121.96875,40.78125,-121.96875,1.082768756212355,0.44958579540252686,1.8980019
cdec_SHA,40.78125_-122.03125,40.78125,-122.03125,0.9838367679645861,0.5257396697998047,2.6827292
cdec_SHA,40.78125_-122.09375,40.78125,-122.09375,0.9970409215447996,0.5224260091781616,2.5464988
cdec_SHA,40.78125_-122.15625,40.78125,-122.15625,1.0024187461644436,0.3883431851863861,2.0547018
cdec_SHA,40.78125_-122.21875,40.78125,-122.21875,1.063876580084511,0.3279881775379181,1.817619
cdec_SHA,40.78125_-122.28125,40.78125,-122.28125,1.0571132811373247,0.34396448731422424,1.813641
cdec_SHA,40.78125_-122.34375,40.78125,-122.34375,0.9925473310919809,0.29420119524002075,1.7153546
cdec_SHA,40.78125_-122.40625,40.78125,-122.40625,1.0998198416709701,0.21213017404079437,1.348731
cdec_SHA,40.78125_-122.46875,40.78125,-122.46875,1.1434095197597447,0.4146745502948761,2.0808425
cdec_SHA,40.78125_-122.53125,40.78125,-122.53125,1.1040046114366677,0.42331361770629883,2.2681193
cdec_SHA,40.84375_-120.84375,40.84375,-120.84375,1.4157940352247191,0.3368639051914215,0.87257576
cdec_SHA,40.84375_-120.90625,40.84375,-120.90625,1.3226567621233398,0.36544379591941833,0.982036
cdec_SHA,40.84375_-120.96875,40.84375,-120.96875,1.3084086154499532,0.3356804847717285,0.82394534
cdec_SHA,40.84375_-121.03125,40.84375,-121.03125,1.3024476686923285,0.3188757300376892,0.6415657
cdec_SHA,40.84375_-121.09375,40.84375,-121.09375,1.3426117179604378,0.3418934941291809,0.72135365
cdec_SHA,40.84375_-121.15625,40.84375,-121.15625,1.3650712827500149,0.38538461923599243,1.2278392
cdec_SHA,40.84375_-121.21875,40.84375,-121.21875,1.2176641624555091,0.35887575149536133,1.0757858
cdec_SHA,40.84375_-121.28125,40.84375,-121.28125,1.3612787534379738,0.32053253054618835,0.9871155
cdec_SHA,40.84375_-121.34375,40.84375,-121.34375,1.2882366096324926,0.32153844833374023,0.9645543
cdec_SHA,40.84375_-121.40625,40.84375,-121.40625,1.2410134072106467,0.30952662229537964,0.68655515
cdec_SHA,40.84375_-121.46875,40.84375,-121.46875,1.1757076823566401,0.38999998569488525,0.687079
cdec_SHA,40.84375_-121.53125,40.84375,-121.53125,1.2917289361269115,0.3784615397453308,0.9932582
cdec_SHA,40.84375_-121.59375,40.84375,-121.59375,1.3455136178912444,0.4000000059604645,1.5631382
cdec_SHA,40.84375_-121.65625,40.84375,-121.65625,1.1954273465539202,0.46355029940605164,2.0659227
cdec_SHA,40.84375_-121.71875,40.84375,-121.71875,1.2228550627549692,0.4936094582080841,2.1803472
cdec_SHA,40.84375_-121.78125,40.84375,-121.78125,1.0678080422007326,0.44532543420791626,2.096655
cdec_SHA,40.84375_-121.84375,40.84375,-121.84375,1.203221244905147,0.46715977787971497,2.1103256
cdec_SHA,40.84375_-121.90625,40.84375,-121.90625,1.13995595719288,0.42810651659965515,1.8743039
cdec_SHA,40.84375_-121.96875,40.84375,-121.96875,1.056722038108459,0.5020710229873657,2.4008226
cdec_SHA,40.84375_-122.03125,40.84375,-122.03125,0.9778778131581866,0.5766863822937012,3.127337
cdec_SHA,40.84375_-122.09375,40.84375,-122.09375,0.9549117926875934,0.6105325222015381,3.170113
cdec_SHA,40.84375_-122.15625,40.84375,-122.15625,1.0021769448735443,0.5988757610321045,3.214111
cdec_SHA,40.84375_-122.21875,40.84375,-122.21875,0.9962056040040155,0.5583431720733643,2.72615
cdec_SHA,40.84375_-122.28125,40.84375,-122.28125,1.030997533289129,0.480236679315567,2.4393423
cdec_SHA,40.84375_-122.34375,40.84375,-122.34375,0.9739110186305334,0.43508875370025635,2.1017182
cdec_SHA,40.84375_-122.40625,40.84375,-122.40625,1.0869222602773816,0.32846152782440186,1.5671813
cdec_SHA,40.84375_-122.46875,40.84375,-122.46875,1.0927049160635618,0.4645562171936035,2.2319267
cdec_SHA,40.84375_-122.53125,40.84375,-122.53125,1.1452079077415405,0.386982262134552,2.0049474
cdec_SHA,40.90625_-120.78125,40.90625,-120.78125,1.2785460252051442,0.3700000047683716,0.560331
cdec_SHA,40.90625_-120.84375,40.90625,-120.84375,1.234479503598427,0.3039644956588745,0.4467781
cdec_SHA,40.90625_-120.90625,40.90625,-120.90625,1.1847386183802127,0.28260356187820435,0.38256484
cdec_SHA,40.90625_-120.96875,40.90625,-120.96875,1.1705719351295873,0.2718935012817383,0.37542787
cdec_SHA,40.90625_-121.03125,40.90625,-121.03125,1.1256113919581732,0.27721893787384033,0.4900945
cdec_SHA,40.90625_-121.09375,40.90625,-121.09375,1.1589607746752777,0.3382840156555176,0.6494645
cdec_SHA,40.90625_-121.15625,40.90625,-121.15625,1.1559771986550467,0.32692307233810425,0.59286356
cdec_SHA,40.90625_-121.21875,40.90625,-121.21875,1.290042900128076,0.3459171652793884,0.86589473
cdec_SHA,40.90625_-121.28125,40.90625,-121.28125,1.251094021341411,0.33816567063331604,0.6387712
cdec_SHA,40.90625_-121.34375,40.90625,-121.34375,1.3128309292358709,0.34088757634162903,0.6801955
cdec_SHA,40.90625_-121.40625,40.90625,-121.40625,1.1840232666304473,0.3284023702144623,0.5741639
cdec_SHA,40.90625_-121.46875,40.90625,-121.46875,1.2344390839451092,0.3284023702144623,0.589437
cdec_SHA,40.90625_-121.53125,40.90625,-121.53125,1.2035306267927846,0.3320710062980652,0.79023093
cdec_SHA,40.90625_-121.59375,40.90625,-121.59375,1.2656833131753344,0.359112411737442,0.9870652
cdec_SHA,40.90625_-121.65625,40.90625,-121.65625,1.2427122067430219,0.3434911370277405,1.1508694
cdec_SHA,40.90625_-121.71875,40.90625,-121.71875,1.2892151835932508,0.34976330399513245,1.6407601
cdec_SHA,40.90625_-121.78125,40.90625,-121.78125,1.2078986763269328,0.4398224949836731,2.2730386
cdec_SHA,40.90625_-121.84375,40.90625,-121.84375,1.1074438670224627,0.455443799495697,1.9718812
cdec_SHA,40.90625_-121.90625,40.90625,-121.90625,1.1309843587987336,0.48053255677223206,2.5268123
cdec_SHA,40.90625_-121.96875,40.90625,-121.96875,1.0530535317940202,0.5649704337120056,3.002355
cdec_SHA,40.90625_-122.03125,40.90625,-122.03125,0.9101037480346116,0.6329585909843445,3.3293765
cdec_SHA,40.90625_-122.09375,40.90625,-122.09375,1.0286551973202744,0.6138461828231812,3.3934884
cdec_SHA,40.90625_-122.15625,40.90625,-122.15625,0.9087742545876172,0.6071597337722778,3.5916278
cdec_SHA,40.90625_-122.21875,40.90625,-122.21875,0.992601100598151,0.48639053106307983,2.6386418
cdec_SHA,40.90625_-122.28125,40.90625,-122.28125,1.0194626289389848,0.4359763264656067,2.7970583
cdec_SHA,40.90625_-122.34375,40.90625,-122.34375,1.0476499151768206,0.3614201247692108,2.6232517
cdec_SHA,40.90625_-122.40625,40.90625,-122.40625,1.1206876635865668,0.4363313615322113,2.0649865
cdec_SHA,40.90625_-122.46875,40.90625,-122.46875,1.1403697012218985,0.5299999713897705,2.4262807
cdec_SHA,40.90625_-122.53125,40.90625,-122.53125,1.1183662839510884,0.4603550434112549,2.4255323
cdec_SHA,40.96875_-120.59375,40.96875,-120.59375,1.2827080871426326,0.23396450281143188,0.38232496
cdec_SHA,40.96875_-120.65625,40.96875,-120.65625,1.4151153735382316,0.2757396399974823,0.40772435
cdec_SHA,40.96875_-120.71875,40.96875,-120.71875,1.3526898715748858,0.2955029606819153,0.5411822
cdec_SHA,40.96875_-120.78125,40.96875,-120.78125,1.3647149327212404,0.3202366828918457,0.9469738
cdec_SHA,40.96875_-120.84375,40.96875,-120.84375,1.397898147173363,0.32881656289100647,0.7966703
cdec_SHA,40.96875_-120.90625,40.96875,-120.90625,1.1932543148136454,0.21958580613136292,0.31817016
cdec_SHA,40.96875_-120.96875,40.96875,-120.96875,1.2017551376980324,0.2687574028968811,0.5089203
cdec_SHA,40.96875_-121.03125,40.96875,-121.03125,1.211555282032146,0.281715989112854,0.83800226
cdec_SHA,40.96875_-121.09375,40.96875,-121.09375,1.2906136144210083,0.32668638229370117,1.1586748
cdec_SHA,40.96875_-121.15625,40.96875,-121.15625,1.2182567190113218,0.2818934917449951,0.52435255
cdec_SHA,40.96875_-121.21875,40.96875,-121.21875,1.1748668839211285,0.2950887680053711,0.4766498
cdec_SHA,40.96875_-121.28125,40.96875,-121.28125,1.222839073872994,0.3161538541316986,0.54195917
cdec_SHA,40.96875_-121.34375,40.96875,-121.34375,1.2688666073340187,0.33656805753707886,0.5736882
cdec_SHA,40.96875_-121.40625,40.96875,-121.40625,1.1805030159415408,0.33757397532463074,0.6083383
cdec_SHA,40.96875_-121.46875,40.96875,-121.46875,1.1345343591016683,0.2892899513244629,0.6481146
cdec_SHA,40.96875_-121.53125,40.96875,-121.53125,1.1035323005207502,0.30792897939682007,0.70368713
cdec_SHA,40.96875_-121.59375,40.96875,-121.59375,1.2595443689928039,0.2774556279182434,0.8379558
cdec_SHA,40.96875_-121.65625,40.96875,-121.65625,1.2543868305990966,0.3263905346393585,1.4131774
cdec_SHA,40.96875_-121.71875,40.96875,-121.71875,1.2260455331308093,0.3127219080924988,1.8525612
cdec_SHA,40.96875_-121.78125,40.96875,-121.78125,1.2195293336969644,0.39988166093826294,2.3891263
cdec_SHA,40.96875_-121.84375,40.96875,-121.84375,1.1255050209436273,0.43952661752700806,2.3220904
cdec_SHA,40.96875_-121.90625,40.96875,-121.90625,1.2456383573578804,0.42254438996315,2.3732007
cdec_SHA,40.96875_-121.96875,40.96875,-121.96875,1.2152014947975334,0.4760355055332184,2.7154956
cdec_SHA,40.96875_-122.03125,40.96875,-122.03125,0.9955568339317122,0.49041420221328735,2.9462256
cdec_SHA,40.96875_-122.09375,40.96875,-122.09375,1.039454829956036,0.4965088665485382,3.0641062
cdec_SHA,40.96875_-122.15625,40.96875,-122.15625,0.9734556139977805,0.5751479268074036,3.2963238
cdec_SHA,40.96875_-122.21875,40.96875,-122.21875,1.0495464982963503,0.4666863977909088,2.7754784
cdec_SHA,40.96875_-122.28125,40.96875,-122.28125,1.035027928009724,0.36449703574180603,2.5054548
cdec_SHA,40.96875_-122.34375,40.96875,-122.34375,1.0573558969208352,0.3478698134422302,2.6528952
cdec_SHA,40.96875_-122.40625,40.96875,-122.40625,1.084644023089151,0.32792899012565613,2.4620605
cdec_SHA,40.96875_-122.46875,40.96875,-122.46875,1.1306709663794092,0.2879289984703064,2.4629557
cdec_SHA,40.96875_-122.53125,40.96875,-122.53125,1.016220651823256,0.3752070963382721,2.420303
cdec_SHA,41.03125_-120.21875,41.03125,-120.21875,1.3166977214199698,0.27585798501968384,0.33149147
cdec_SHA,41.03125_-120.28125,41.03125,-120.28125,1.299739628928425,0.28573963046073914,0.33252496
cdec_SHA,41.03125_-120.34375,41.03125,-120.34375,1.4226988533998346,0.272426038980484,0.37015846
cdec_SHA,41.03125_-120.40625,41.03125,-120.40625,1.3741946950808201,0.2569822371006012,0.3431508
cdec_SHA,41.03125_-120.59375,41.03125,-120.59375,1.3743763121325636,0.25360947847366333,0.38273862
cdec_SHA,41.03125_-120.65625,41.03125,-120.65625,1.2861905613312956,0.23680473864078522,0.44951952
cdec_SHA,41.03125_-120.71875,41.03125,-120.71875,1.3848049164329976,0.27289941906929016,0.63728976
cdec_SHA,41.03125_-120.78125,41.03125,-120.78125,1.3758242492716404,0.29497042298316956,0.9263392
cdec_SHA,41.03125_-120.84375,41.03125,-120.84375,1.3599522188772837,0.24757397174835205,0.75356203
cdec_SHA,41.03125_-120.90625,41.03125,-120.90625,1.3887406810259755,0.2975739538669586,0.78256565
cdec_SHA,41.03125_-120.96875,41.03125,-120.96875,1.2875139634955686,0.3061538338661194,0.86954504
cdec_SHA,41.03125_-121.03125,41.03125,-121.03125,1.366243750157961,0.3276331424713135,0.96966505
cdec_SHA,41.03125_-121.09375,41.03125,-121.09375,1.271906826183754,0.3043195307254791,0.98719597
cdec_SHA,41.03125_-121.15625,41.03125,-121.15625,1.2622743247523829,0.31840237975120544,0.6231231
cdec_SHA,41.03125_-121.21875,41.03125,-121.21875,1.2293161317449202,0.31934911012649536,0.94624835
cdec_SHA,41.03125_-121.28125,41.03125,-121.28125,1.1104667283295924,0.3179289996623993,0.79288286
cdec_SHA,41.03125_-121.34375,41.03125,-121.34375,1.1025937528949779,0.33875739574432373,0.9552374
cdec_SHA,41.03125_-121.40625,41.03125,-121.40625,1.1150764176709154,0.33017751574516296,0.97218364
cdec_SHA,41.03125_-121.46875,41.03125,-121.46875,1.1940589286023566,0.343313604593277,0.91172624
cdec_SHA,41.03125_-121.53125,41.03125,-121.53125,1.1496533229906722,0.3134319484233856,0.8884048
cdec_SHA,41.03125_-121.59375,41.03125,-121.59375,1.20159391236965,0.3422485291957855,1.0998187
cdec_SHA,41.03125_-121.65625,41.03125,-121.65625,1.2774056567397578,0.32946744561195374,1.4800252
cdec_SHA,41.03125_-121.71875,41.03125,-121.71875,1.1792193827410258,0.4747928977012634,2.639578
cdec_SHA,41.03125_-121.78125,41.03125,-121.78125,1.0056799147285944,0.5320709943771362,3.1697314
cdec_SHA,41.03125_-121.84375,41.03125,-121.84375,0.9973339177542859,0.526627242565155,2.9186742
cdec_SHA,41.03125_-121.90625,41.03125,-121.90625,1.13203580181926,0.480295866727829,2.5703254
cdec_SHA,41.03125_-121.96875,41.03125,-121.96875,1.098942751040537,0.48538461327552795,2.7873912
cdec_SHA,41.03125_-122.03125,41.03125,-122.03125,1.1676217783702336,0.3724852204322815,2.491546
cdec_SHA,41.03125_-122.09375,41.03125,-122.09375,1.1090259295862341,0.33000001311302185,2.1424966
cdec_SHA,41.03125_-122.15625,41.03125,-122.15625,1.00211067451569,0.5462722182273865,2.9478264
cdec_SHA,41.03125_-122.21875,41.03125,-122.21875,1.048187405602269,0.4614792764186859,2.7281148
cdec_SHA,41.03125_-122.28125,41.03125,-122.28125,1.028395003903051,0.4457988142967224,2.5979178
cdec_SHA,41.03125_-122.34375,41.03125,-122.34375,1.0520411733852586,0.4409467577934265,2.9077332
cdec_SHA,41.03125_-122.40625,41.03125,-122.40625,1.1372806146717842,0.32946744561195374,2.112263
cdec_SHA,41.03125_-122.46875,41.03125,-122.46875,1.0993501214852608,0.2597041428089142,1.7027065
cdec_SHA,41.03125_-122.53125,41.03125,-122.53125,1.1068770690861203,0.25201183557510376,1.7604103
cdec_SHA,41.09375_-120.15625,41.09375,-120.15625,1.3642904716660769,0.34029585123062134,0.4918768
cdec_SHA,41.09375_-120.21875,41.09375,-120.21875,1.3819214040288919,0.35976332426071167,0.46803695
cdec_SHA,41.09375_-120.28125,41.09375,-120.28125,1.3513161349569445,0.3095858097076416,0.4614834
cdec_SHA,41.09375_-120.34375,41.09375,-120.34375,1.3643762344919088,0.280177503824234,0.41786277
cdec_SHA,41.09375_-120.40625,41.09375,-120.40625,1.3619545003373652,0.1998816579580307,0.2944353
cdec_SHA,41.09375_-120.46875,41.09375,-120.46875,1.3342866843051686,0.25207099318504333,0.40008402
cdec_SHA,41.09375_-120.53125,41.09375,-120.53125,1.3964930892906526,0.26171597838401794,0.4102157
cdec_SHA,41.09375_-120.59375,41.09375,-120.59375,1.297160342899251,0.26751479506492615,0.42835373
cdec_SHA,41.09375_-120.65625,41.09375,-120.65625,1.2621195824366456,0.31603550910949707,0.44581822
cdec_SHA,41.09375_-120.71875,41.09375,-120.71875,1.2366028421540096,0.3117159903049469,0.46547303
cdec_SHA,41.09375_-120.78125,41.09375,-120.78125,1.3989490164644502,0.28644970059394836,0.77193815
cdec_SHA,41.09375_-120.84375,41.09375,-120.84375,1.32631044375435,0.29343196749687195,0.6693083
cdec_SHA,41.09375_-120.90625,41.09375,-120.90625,1.345369044667899,0.3113609552383423,0.70043826
cdec_SHA,41.09375_-120.96875,41.09375,-120.96875,1.3616530774213227,0.3351479172706604,0.81402445
cdec_SHA,41.09375_-121.03125,41.09375,-121.03125,1.2266023421912262,0.31875738501548767,0.48114628
cdec_SHA,41.09375_-121.09375,41.09375,-121.09375,1.0837401053594031,0.2937869727611542,0.75628895
cdec_SHA,41.09375_-121.15625,41.09375,-121.15625,1.1148163311200805,0.41266271471977234,0.6492113
cdec_SHA,41.09375_-121.21875,41.09375,-121.21875,1.3402151711657757,0.34532544016838074,1.1757816
cdec_SHA,41.09375_-121.28125,41.09375,-121.28125,1.2372650355533188,0.3405325412750244,0.79583406
cdec_SHA,41.09375_-121.34375,41.09375,-121.34375,1.032691392531967,0.35650888085365295,0.9167551
cdec_SHA,41.09375_-121.40625,41.09375,-121.40625,0.9832158403083985,0.4229585826396942,0.88736176
cdec_SHA,41.09375_-121.46875,41.09375,-121.46875,0.9829535856585109,0.33331361413002014,1.0640252
cdec_SHA,41.09375_-121.53125,41.09375,-121.53125,1.1571785487750574,0.40124261379241943,1.2370449
cdec_SHA,41.09375_-121.59375,41.09375,-121.59375,1.2440763711534408,0.448579877614975,2.0538137
cdec_SHA,41.09375_-121.65625,41.09375,-121.65625,1.216679984973044,0.4073372781276703,2.531743
cdec_SHA,41.09375_-121.71875,41.09375,-121.71875,1.1058500905353705,0.4515976309776306,2.8725045
cdec_SHA,41.09375_-121.78125,41.09375,-121.78125,1.0288435336512678,0.44692307710647583,2.130965
cdec_SHA,41.09375_-121.84375,41.09375,-121.84375,1.038297960886528,0.49721893668174744,2.5131786
cdec_SHA,41.09375_-121.90625,41.09375,-121.90625,0.9084996211105272,0.612958550453186,3.3904889
cdec_SHA,41.09375_-121.96875,41.09375,-121.96875,0.9229264315192363,0.6068639159202576,3.44338
cdec_SHA,41.09375_-122.03125,41.09375,-122.03125,0.9179578395443766,0.49408283829689026,2.8428736
cdec_SHA,41.09375_-122.09375,41.09375,-122.09375,1.0305026310174448,0.4769822359085083,2.6367023
cdec_SHA,41.09375_-122.15625,41.09375,-122.15625,0.9103630667311444,0.6534911394119263,3.3204594
cdec_SHA,41.09375_-122.21875,41.09375,-122.21875,1.0041999577282603,0.5979290008544922,3.2183852
cdec_SHA,41.09375_-122.28125,41.09375,-122.28125,0.8408333471949536,0.6023668646812439,3.1026952
cdec_SHA,41.09375_-122.34375,41.09375,-122.34375,0.9536111628737004,0.5323668718338013,2.7806537
cdec_SHA,41.09375_-122.40625,41.09375,-122.40625,1.032010200361618,0.518224835395813,2.0786862
cdec_SHA,41.09375_-122.46875,41.09375,-122.46875,1.0164763950914968,0.4304733872413635,1.291792
cdec_SHA,41.09375_-122.53125,41.09375,-122.53125,1.087791773276391,0.4108284115791321,1.3086616
cdec_SHA,41.15625_-120.15625,41.15625,-120.15625,1.3765103904168496,0.3502366840839386,0.6960269
cdec_SHA,41.15625_-120.21875,41.15625,-120.21875,1.3593567530156956,0.36384615302085876,0.6569636
cdec_SHA,41.15625_-120.28125,41.15625,-120.28125,1.3817199411394876,0.3264496922492981,0.756703
cdec_SHA,41.15625_-120.34375,41.15625,-120.34375,1.346050621942827,0.28278106451034546,0.51165307
cdec_SHA,41.15625_-120.40625,41.15625,-120.40625,1.33078162211728,0.23911242187023163,0.44854718
cdec_SHA,41.15625_-120.46875,41.15625,-120.46875,1.3928001796255784,0.24017751216888428,0.4631803
cdec_SHA,41.15625_-120.53125,41.15625,-120.53125,1.4016596725993147,0.26905325055122375,0.5183261
cdec_SHA,41.15625_-120.59375,41.15625,-120.59375,1.3998482400883736,0.30798816680908203,0.5064236
cdec_SHA,41.15625_-120.65625,41.15625,-120.65625,1.377206143124936,0.3484615385532379,0.7058948
cdec_SHA,41.15625_-120.71875,41.15625,-120.71875,1.3436631620085415,0.36467456817626953,0.7679328
cdec_SHA,41.15625_-120.78125,41.15625,-120.78125,1.2882093621249069,0.373786985874176,1.1366242
cdec_SHA,41.15625_-120.84375,41.15625,-120.84375,1.3030023728297997,0.3403550386428833,0.7824206
cdec_SHA,41.15625_-120.90625,41.15625,-120.90625,1.1959833118735075,0.3210059106349945,0.41331986
cdec_SHA,41.15625_-120.96875,41.15625,-120.96875,1.1681489420135827,0.3581656813621521,0.6501141
cdec_SHA,41.15625_-121.03125,41.15625,-121.03125,1.1317220473724214,0.2983431816101074,0.66842854
cdec_SHA,41.15625_-121.09375,41.15625,-121.09375,1.102960335139747,0.39834320545196533,0.7216068
cdec_SHA,41.15625_-121.15625,41.15625,-121.15625,1.1101536760198938,0.3949112296104431,0.6040062
cdec_SHA,41.15625_-121.21875,41.15625,-121.21875,1.3395525320254953,0.39230769872665405,1.3224772
cdec_SHA,41.15625_-121.28125,41.15625,-121.28125,1.0323166576190173,0.4028402268886566,1.7630812
cdec_SHA,41.15625_-121.34375,41.15625,-121.34375,1.255108556527563,0.3582248389720917,1.0679446
cdec_SHA,41.15625_-121.40625,41.15625,-121.40625,1.0505355502414342,0.2376331388950348,0.45696387
cdec_SHA,41.15625_-121.46875,41.15625,-121.46875,0.976087268661378,0.26792898774147034,0.5806862
cdec_SHA,41.15625_-121.53125,41.15625,-121.53125,1.086744266298016,0.32035502791404724,0.9067381
cdec_SHA,41.15625_-121.59375,41.15625,-121.59375,1.2333801883463447,0.42905324697494507,2.3734307
cdec_SHA,41.15625_-121.65625,41.15625,-121.65625,1.2549292737721451,0.43491125106811523,2.6861632
cdec_SHA,41.15625_-121.71875,41.15625,-121.71875,1.2001838714237485,0.43603551387786865,2.2862468
cdec_SHA,41.15625_-121.78125,41.15625,-121.78125,1.038908635056183,0.4317159652709961,2.0591426
cdec_SHA,41.15625_-121.84375,41.15625,-121.84375,1.029908043912226,0.5210651159286499,2.5833232
cdec_SHA,41.15625_-121.90625,41.15625,-121.90625,1.0088899716674193,0.5355029702186584,2.6005402
cdec_SHA,41.15625_-121.96875,41.15625,-121.96875,0.9408242702762697,0.5113017559051514,2.4509296
cdec_SHA,41.15625_-122.03125,41.15625,-122.03125,0.8916300893474179,0.5201775431632996,2.8682415
cdec_SHA,41.15625_-122.09375,41.15625,-122.09375,1.1232490194274214,0.5121893286705017,2.8543007
cdec_SHA,41.15625_-122.15625,41.15625,-122.15625,0.8893892454541283,0.61834317445755,3.3217106
cdec_SHA,41.15625_-122.21875,41.15625,-122.21875,0.8832774374674931,0.6346745491027832,3.2609553
cdec_SHA,41.15625_-122.28125,41.15625,-122.28125,0.8973366989664671,0.5994082689285278,3.0974607
cdec_SHA,41.15625_-122.34375,41.15625,-122.34375,0.9891983844401442,0.502366840839386,2.2993917
cdec_SHA,41.15625_-122.40625,41.15625,-122.40625,1.0699634112055123,0.5326627492904663,2.187921
cdec_SHA,41.15625_-122.46875,41.15625,-122.46875,1.021418570595399,0.4552662670612335,1.4162631
cdec_SHA,41.21875_-120.15625,41.21875,-120.15625,1.3848050255058668,0.36792898178100586,0.60981077
cdec_SHA,41.21875_-120.21875,41.21875,-120.21875,1.346469098303077,0.34313610196113586,0.6851585
cdec_SHA,41.21875_-120.28125,41.21875,-120.28125,1.3607126123720703,0.3604733645915985,0.71795887
cdec_SHA,41.21875_-120.34375,41.21875,-120.34375,1.339889470357996,0.3401775062084198,0.6355528
cdec_SHA,41.21875_-120.40625,41.21875,-120.40625,1.2858264213451374,0.2331952601671219,0.3234424
cdec_SHA,41.21875_-120.46875,41.21875,-120.46875,1.3052105915851673,0.32112425565719604,0.47829387
cdec_SHA,41.21875_-120.53125,41.21875,-120.53125,1.3088806607781307,0.42502957582473755,0.8044779
cdec_SHA,41.21875_-120.59375,41.21875,-120.59375,1.3874401381370838,0.29171597957611084,0.44327858
cdec_SHA,41.21875_-120.65625,41.21875,-120.65625,1.4097508068929638,0.35088756680488586,0.9059168
cdec_SHA,41.21875_-120.71875,41.21875,-120.71875,1.2471126409169613,0.3708875775337219,1.2922225
cdec_SHA,41.21875_-120.78125,41.21875,-120.78125,1.298028126006277,0.3856804668903351,1.2232841
cdec_SHA,41.21875_-120.84375,41.21875,-120.84375,1.2676089474556913,0.3614201247692108,0.81741333
cdec_SHA,41.21875_-120.90625,41.21875,-120.90625,1.179159785889504,0.39195266366004944,0.60832345
cdec_SHA,41.21875_-120.96875,41.21875,-120.96875,1.2453756508796752,0.34958580136299133,0.63650507
cdec_SHA,41.21875_-121.03125,41.21875,-121.03125,1.170569794262562,0.37899407744407654,0.5136788
cdec_SHA,41.21875_-121.09375,41.21875,-121.09375,1.0899047479540078,0.3771597743034363,0.60471404
cdec_SHA,41.21875_-121.15625,41.21875,-121.15625,1.1362101183814588,0.27852070331573486,0.6295059
cdec_SHA,41.21875_-121.21875,41.21875,-121.21875,1.3090416379535479,0.30443787574768066,1.0756605
cdec_SHA,41.21875_-121.28125,41.21875,-121.28125,1.3204720255124665,0.3550295829772949,1.9413745
cdec_SHA,41.21875_-121.34375,41.21875,-121.34375,1.240736523671897,0.33603549003601074,1.565263
cdec_SHA,41.21875_-121.40625,41.21875,-121.40625,1.1054466327983516,0.36911243200302124,0.9038878
cdec_SHA,41.21875_-121.46875,41.21875,-121.46875,1.094769721402712,0.3237278163433075,1.1058152
cdec_SHA,41.21875_-121.53125,41.21875,-121.53125,1.216844646305686,0.3085798919200897,0.60445166
cdec_SHA,41.21875_-121.59375,41.21875,-121.59375,1.231952780669633,0.3452070951461792,1.3318911
cdec_SHA,41.21875_-121.65625,41.21875,-121.65625,1.2556352193984404,0.410591721534729,2.046545
cdec_SHA,41.21875_-121.71875,41.21875,-121.71875,1.2373507756175626,0.3837278187274933,1.9969524
cdec_SHA,41.21875_-121.78125,41.21875,-121.78125,1.147839253203934,0.5268639326095581,2.605804
cdec_SHA,41.21875_-121.84375,41.21875,-121.84375,1.1346914980149165,0.4681065082550049,2.358339
cdec_SHA,41.21875_-121.90625,41.21875,-121.90625,1.0749303380157047,0.47514793276786804,2.623739
cdec_SHA,41.21875_-121.96875,41.21875,-121.96875,1.0616369384232964,0.45928993821144104,2.709245
cdec_SHA,41.21875_-122.03125,41.21875,-122.03125,0.9865958522778486,0.43739643692970276,2.6814866
cdec_SHA,41.21875_-122.09375,41.21875,-122.09375,0.9691397534217323,0.4326627254486084,2.3259726
cdec_SHA,41.21875_-122.15625,41.21875,-122.15625,0.9993087914085381,0.4783431887626648,2.6240308
cdec_SHA,41.21875_-122.21875,41.21875,-122.21875,0.9092196310852395,0.4800591766834259,2.7116613
cdec_SHA,41.21875_-122.28125,41.21875,-122.28125,1.028101136745843,0.48360946774482727,2.6067975
cdec_SHA,41.21875_-122.34375,41.21875,-122.34375,1.0355613584236245,0.49816566705703735,1.9580178
cdec_SHA,41.21875_-122.40625,41.21875,-122.40625,1.0454754535792627,0.47958579659461975,1.6121315
cdec_SHA,41.21875_-122.46875,41.21875,-122.46875,1.151808163163426,0.42964497208595276,1.3716459
cdec_SHA,41.21875_-122.53125,41.21875,-122.53125,1.1557190068785004,0.39970412850379944,1.1308091
cdec_SHA,41.28125_-120.15625,41.28125,-120.15625,1.343995277045146,0.30834320187568665,0.6787024
cdec_SHA,41.28125_-120.21875,41.28125,-120.21875,1.2608925969070341,0.3438461422920227,0.66456676
cdec_SHA,41.28125_-120.28125,41.28125,-120.28125,1.3134886229032068,0.4111834466457367,1.2421477
cdec_SHA,41.28125_-120.34375,41.28125,-120.34375,1.2299989865123817,0.3454437851905823,0.6757671
cdec_SHA,41.28125_-120.40625,41.28125,-120.40625,1.186137717570738,0.3680473268032074,0.30204588
cdec_SHA,41.28125_-120.46875,41.28125,-120.46875,1.2086058645948747,0.3440236747264862,0.31208146
cdec_SHA,41.28125_-120.53125,41.28125,-120.53125,1.1969720091541363,0.43278107047080994,1.0330907
cdec_SHA,41.28125_-120.59375,41.28125,-120.59375,1.2921176067029467,0.31005915999412537,0.47231704
cdec_SHA,41.28125_-120.65625,41.28125,-120.65625,1.3150666121524264,0.26094675064086914,0.34977484
cdec_SHA,41.28125_-120.71875,41.28125,-120.71875,1.4118425789896811,0.31573963165283203,0.9380526
cdec_SHA,41.28125_-120.78125,41.28125,-120.78125,1.2322908996545605,0.36059170961380005,1.4738536
cdec_SHA,41.28125_-120.84375,41.28125,-120.84375,1.3055291742648292,0.3742011785507202,1.0952239
cdec_SHA,41.28125_-120.90625,41.28125,-120.90625,1.1916977885256421,0.3533135950565338,0.9692686
cdec_SHA,41.28125_-120.96875,41.28125,-120.96875,1.3142658940375165,0.2817751467227936,1.0528831
cdec_SHA,41.28125_-121.03125,41.28125,-121.03125,1.326934159700218,0.27313610911369324,1.102858
cdec_SHA,41.28125_-121.09375,41.28125,-121.09375,1.2189174318101395,0.3244970440864563,0.60523206
cdec_SHA,41.28125_-121.15625,41.28125,-121.15625,1.1870275149908447,0.3304733633995056,0.5581289
cdec_SHA,41.28125_-121.21875,41.28125,-121.21875,1.3061438340777514,0.30289942026138306,0.88467616
cdec_SHA,41.28125_-121.28125,41.28125,-121.28125,1.385610352430307,0.3035503029823303,0.9992452
cdec_SHA,41.28125_-121.34375,41.28125,-121.34375,1.3261293465924875,0.3742011785507202,1.7821358
cdec_SHA,41.28125_-121.40625,41.28125,-121.40625,1.286931709061967,0.3356804847717285,1.4519347
cdec_SHA,41.28125_-121.46875,41.28125,-121.46875,1.2900905369421602,0.3728994131088257,1.5653908
cdec_SHA,41.28125_-121.53125,41.28125,-121.53125,1.1444324334389824,0.348698228597641,1.2123029
cdec_SHA,41.28125_-121.59375,41.28125,-121.59375,1.1663617577279997,0.34686389565467834,1.0644879
cdec_SHA,41.28125_-121.65625,41.28125,-121.65625,1.182843387084053,0.42343196272850037,2.4078677
cdec_SHA,41.28125_-121.71875,41.28125,-121.71875,1.2228523131982962,0.4286390542984009,2.2339404
cdec_SHA,41.28125_-121.78125,41.28125,-121.78125,1.042441141550018,0.45674556493759155,2.3153803
cdec_SHA,41.28125_-121.84375,41.28125,-121.84375,0.9637039983725082,0.414497047662735,2.1543715
cdec_SHA,41.28125_-121.90625,41.28125,-121.90625,0.950169450000767,0.4804733693599701,2.451031
cdec_SHA,41.28125_-121.96875,41.28125,-121.96875,0.9865967702504036,0.37177515029907227,1.4482188
cdec_SHA,41.28125_-122.03125,41.28125,-122.03125,0.9466199695664538,0.37100592255592346,1.6380792
cdec_SHA,41.28125_-122.09375,41.28125,-122.09375,0.9309989282913599,0.44781064987182617,2.0340214
cdec_SHA,41.28125_-122.15625,41.28125,-122.15625,1.0279465335015567,0.4197041392326355,2.2253525
cdec_SHA,41.28125_-122.21875,41.28125,-122.21875,0.97466815704028,0.44071006774902344,2.025674
cdec_SHA,41.28125_-122.28125,41.28125,-122.28125,0.9973520483782421,0.3838461637496948,2.1407855
cdec_SHA,41.28125_-122.34375,41.28125,-122.34375,1.16628211758944,0.46100592613220215,2.27362
cdec_SHA,41.28125_-122.40625,41.28125,-122.40625,1.068977250894593,0.5097041130065918,2.0598931
cdec_SHA,41.28125_-122.46875,41.28125,-122.46875,1.157719152938219,0.3364497125148773,1.0123123
cdec_SHA,41.28125_-122.53125,41.28125,-122.53125,1.0974970643171797,0.37739646434783936,1.0933628
cdec_SHA,41.34375_-120.21875,41.34375,-120.21875,1.2879205202375428,0.30621302127838135,0.5542455
cdec_SHA,41.34375_-120.28125,41.34375,-120.28125,1.2601300296659566,0.42810651659965515,1.2849572
cdec_SHA,41.34375_-120.34375,41.34375,-120.34375,1.3685388324912173,0.356449693441391,0.77409804
cdec_SHA,41.34375_-120.40625,41.34375,-120.40625,1.2285742881787158,0.30017751455307007,0.30853418
cdec_SHA,41.34375_-120.46875,41.34375,-120.46875,1.1973656534319175,0.2752071022987366,0.28717595
cdec_SHA,41.34375_-120.53125,41.34375,-120.53125,1.2787032093082165,0.19650886952877045,0.7698511
cdec_SHA,41.34375_-120.59375,41.34375,-120.59375,1.3467628707457653,0.22165679931640625,0.45766178
cdec_SHA,41.34375_-120.65625,41.34375,-120.65625,1.3578806733701518,0.2521893382072449,0.3803986
cdec_SHA,41.34375_-120.71875,41.34375,-120.71875,1.409237793052581,0.28165680170059204,0.64256334
cdec_SHA,41.34375_-120.78125,41.34375,-120.78125,1.278667312621729,0.37899407744407654,1.2931751
cdec_SHA,41.34375_-120.84375,41.34375,-120.84375,1.3870745118504735,0.3680473268032074,1.2427151
cdec_SHA,41.34375_-120.90625,41.34375,-120.90625,1.289752526893511,0.3305325508117676,0.89632297
cdec_SHA,41.34375_-120.96875,41.34375,-120.96875,1.3497097532776126,0.325029581785202,1.0471945
cdec_SHA,41.34375_-121.03125,41.34375,-121.03125,1.3573504227797812,0.3403550386428833,0.95869136
cdec_SHA,41.34375_-121.09375,41.34375,-121.09375,1.293288116508739,0.3082840144634247,0.6056292
cdec_SHA,41.34375_-121.15625,41.34375,-121.15625,1.2361421241609176,0.32810652256011963,0.71441656
cdec_SHA,41.34375_-121.21875,41.34375,-121.21875,1.3369352147531206,0.33544379472732544,1.2239139
cdec_SHA,41.34375_-121.28125,41.34375,-121.28125,1.2959484294554227,0.27875739336013794,0.6940401
cdec_SHA,41.34375_-121.34375,41.34375,-121.34375,1.3150372449117853,0.3392307758331299,1.117864
cdec_SHA,41.34375_-121.40625,41.34375,-121.40625,1.2940092045709013,0.33739644289016724,1.183157
cdec_SHA,41.34375_-121.46875,41.34375,-121.46875,1.3662901325156989,0.31603550910949707,1.157974
cdec_SHA,41.34375_-121.53125,41.34375,-121.53125,1.2850936272547766,0.3786390423774719,1.3129013
cdec_SHA,41.34375_-121.59375,41.34375,-121.59375,1.2338658848969215,0.3476923108100891,1.0084534
cdec_SHA,41.34375_-121.65625,41.34375,-121.65625,1.1574038949329735,0.424970418214798,2.1488569
cdec_SHA,41.34375_-121.71875,41.34375,-121.71875,1.2111068336789697,0.41414201259613037,1.8127016
cdec_SHA,41.34375_-121.78125,41.34375,-121.78125,1.2122702475169413,0.4253254532814026,2.0280285
cdec_SHA,41.34375_-121.84375,41.34375,-121.84375,1.0043076751012667,0.5110650658607483,2.2640805
cdec_SHA,41.34375_-121.90625,41.34375,-121.90625,1.0112165713140073,0.49071004986763,2.372047
cdec_SHA,41.34375_-121.96875,41.34375,-121.96875,1.0292897375886372,0.38183432817459106,1.7664591
cdec_SHA,41.34375_-122.03125,41.34375,-122.03125,0.9693609337303976,0.434201180934906,2.0449827
cdec_SHA,41.34375_-122.09375,41.34375,-122.09375,0.9649581373214646,0.45130178332328796,1.6667751
cdec_SHA,41.34375_-122.15625,41.34375,-122.15625,1.025405072355475,0.3978698253631592,1.2333779
cdec_SHA,41.34375_-122.21875,41.34375,-122.21875,1.0120848268334752,0.34449705481529236,1.0422103
cdec_SHA,41.34375_-122.28125,41.34375,-122.28125,0.9698048199012298,0.41402366757392883,2.1182134
cdec_SHA,41.34375_-122.34375,41.34375,-122.34375,1.0911188323386876,0.3147929012775421,1.5538762
cdec_SHA,41.34375_-122.40625,41.34375,-122.40625,1.2233702961266204,0.4372780919075012,1.8869302
cdec_SHA,41.34375_-122.46875,41.34375,-122.46875,1.1420858037079702,0.2792307734489441,0.9060661
cdec_SHA,41.40625_-120.21875,41.40625,-120.21875,1.3661177811726462,0.27733728289604187,0.5441634
cdec_SHA,41.40625_-120.28125,41.40625,-120.28125,1.3265742775934553,0.38958579301834106,1.042735
cdec_SHA,41.40625_-120.34375,41.40625,-120.34375,1.330903926654297,0.3653254508972168,0.77762544
cdec_SHA,41.40625_-120.40625,41.40625,-120.40625,1.222666565341774,0.30988165736198425,0.31670934
cdec_SHA,41.40625_-120.46875,41.40625,-120.46875,1.2295040401927197,0.31159764528274536,0.4243632
cdec_SHA,41.40625_-120.53125,41.40625,-120.53125,1.28754457998476,0.28952664136886597,0.5823742
cdec_SHA,41.40625_-120.59375,41.40625,-120.59375,1.3441562851971307,0.1668047308921814,0.46278757
cdec_SHA,41.40625_-120.65625,41.40625,-120.65625,1.273807420837031,0.2097633183002472,0.2971153
cdec_SHA,41.40625_-120.71875,41.40625,-120.71875,1.295408114269374,0.3248520791530609,0.46485066
cdec_SHA,41.40625_-120.78125,41.40625,-120.78125,1.3418421218375856,0.36467456817626953,0.6435119
cdec_SHA,41.40625_-120.84375,41.40625,-120.84375,1.414012198992825,0.3554437756538391,0.86696285
cdec_SHA,41.40625_-120.90625,41.40625,-120.90625,1.3820259832374417,0.3655029535293579,0.7370952
cdec_SHA,41.40625_-120.96875,41.40625,-120.96875,1.3127577649125426,0.2474556267261505,0.610241
cdec_SHA,41.40625_-121.03125,41.40625,-121.03125,1.332441671454195,0.23207101225852966,0.77091336
cdec_SHA,41.40625_-121.09375,41.40625,-121.09375,1.3237343090296365,0.280177503824234,0.92057276
cdec_SHA,41.40625_-121.15625,41.40625,-121.15625,1.3310370744334368,0.33680474758148193,1.0452591
cdec_SHA,41.40625_-121.21875,41.40625,-121.21875,1.293294809346682,0.31284022331237793,0.94890225
cdec_SHA,41.40625_-121.28125,41.40625,-121.28125,1.3090803488326248,0.29869821667671204,0.803452
cdec_SHA,41.40625_-121.34375,41.40625,-121.34375,1.330825082815088,0.31029585003852844,0.8416338
cdec_SHA,41.40625_-121.40625,41.40625,-121.40625,1.285604682336666,0.31372779607772827,0.9708075
cdec_SHA,41.40625_-121.46875,41.40625,-121.46875,1.257936053175456,0.35846152901649475,1.2564564
cdec_SHA,41.40625_-121.53125,41.40625,-121.53125,1.1926889369219928,0.3752070963382721,1.1948302
cdec_SHA,41.40625_-121.59375,41.40625,-121.59375,1.108529862058451,0.377692312002182,1.4070054
cdec_SHA,41.40625_-121.65625,41.40625,-121.65625,1.1282518276125042,0.3559763431549072,1.442351
cdec_SHA,41.40625_-121.71875,41.40625,-121.71875,1.127828050440482,0.4001775085926056,1.6493847
cdec_SHA,41.40625_-121.78125,41.40625,-121.78125,1.210625893588828,0.3995858132839203,1.8889608
cdec_SHA,41.40625_-121.84375,41.40625,-121.84375,1.2065945592488605,0.41112425923347473,1.5148482
cdec_SHA,41.40625_-121.90625,41.40625,-121.90625,1.0674640057060043,0.39171597361564636,1.7877591
cdec_SHA,41.40625_-121.96875,41.40625,-121.96875,1.018319601748471,0.4580473303794861,2.1309452
cdec_SHA,41.40625_-122.03125,41.40625,-122.03125,1.0553732317401057,0.4363905191421509,1.6975337
cdec_SHA,41.40625_-122.09375,41.40625,-122.09375,1.097642869849206,0.4139053225517273,1.2238898
cdec_SHA,41.40625_-122.15625,41.40625,-122.15625,1.1261454332401906,0.10071005672216415,0.29970014
cdec_SHA,41.40625_-122.21875,41.40625,-122.21875,0.9001877540092339,0.03343195095658302,0.19409122
cdec_SHA,41.40625_-122.28125,41.40625,-122.28125,1.1214756525695146,0.3413017690181732,1.4129539
cdec_SHA,41.40625_-122.34375,41.40625,-122.34375,1.0330632982136416,0.3390532433986664,1.3202317
cdec_SHA,41.40625_-122.40625,41.40625,-122.40625,1.1751747715041323,0.36289942264556885,1.4307368
cdec_SHA,41.46875_-120.21875,41.46875,-120.21875,1.4236823028722219,0.2523076832294464,0.61296934
cdec_SHA,41.46875_-120.28125,41.46875,-120.28125,1.3921743163417386,0.28804734349250793,0.8188899
cdec_SHA,41.46875_-120.34375,41.46875,-120.34375,1.3729822557441422,0.2995857894420624,0.5869735
cdec_SHA,41.46875_-120.40625,41.46875,-120.40625,1.2705544648126668,0.3549112379550934,0.4368725
cdec_SHA,41.46875_-120.46875,41.46875,-120.46875,1.2270080124372127,0.3765680491924286,0.6541899
cdec_SHA,41.46875_-120.53125,41.46875,-120.53125,1.1683526595800262,0.3419526517391205,0.7137108
cdec_SHA,41.46875_-120.59375,41.46875,-120.59375,1.3179933198809783,0.24674555659294128,0.41013098
cdec_SHA,41.46875_-120.65625,41.46875,-120.65625,1.242989206789269,0.2824852168560028,0.38739365
cdec_SHA,41.46875_-120.71875,41.46875,-120.71875,1.2308630742289766,0.3214201331138611,0.5246536
cdec_SHA,41.46875_-120.78125,41.46875,-120.78125,1.1964620157565615,0.34242603182792664,0.6108721
cdec_SHA,41.46875_-120.84375,41.46875,-120.84375,1.2190115910412276,0.3369230628013611,0.4934571
cdec_SHA,41.46875_-120.90625,41.46875,-120.90625,1.2711000043755174,0.3078698217868805,0.46557388
cdec_SHA,41.46875_-120.96875,41.46875,-120.96875,1.2607012318510464,0.2706508934497833,0.68481344
cdec_SHA,41.46875_-121.03125,41.46875,-121.03125,1.205154822603868,0.24502958357334137,0.73347145
cdec_SHA,41.46875_-121.09375,41.46875,-121.09375,1.3380407719849186,0.30218935012817383,0.98248017
cdec_SHA,41.46875_-121.15625,41.46875,-121.15625,1.3539891972864768,0.3270414173603058,0.9206411
cdec_SHA,41.46875_-121.21875,41.46875,-121.21875,1.314638269479944,0.3154437839984894,0.7090881
cdec_SHA,41.46875_-121.28125,41.46875,-121.28125,1.3145934711165186,0.3700000047683716,1.0430691
cdec_SHA,41.46875_-121.34375,41.46875,-121.34375,1.3655100051340945,0.33307692408561707,0.80784625
cdec_SHA,41.46875_-121.40625,41.46875,-121.40625,0.9299685590863999,0.36000001430511475,0.8008471
cdec_SHA,41.46875_-121.46875,41.46875,-121.46875,1.2025230958284805,0.38147929310798645,1.8944397
cdec_SHA,41.46875_-121.53125,41.46875,-121.53125,1.2771291876959365,0.18124260008335114,1.0621034
cdec_SHA,41.46875_-121.59375,41.46875,-121.59375,1.1136244980560326,0.33159762620925903,1.2759509
cdec_SHA,41.46875_-121.65625,41.46875,-121.65625,1.134666847488754,0.29828402400016785,1.1175455
cdec_SHA,41.46875_-121.71875,41.46875,-121.71875,1.117816039774785,0.35846152901649475,1.4801626
cdec_SHA,41.46875_-121.78125,41.46875,-121.78125,1.0921940684761866,0.40840235352516174,1.9529657
cdec_SHA,41.46875_-121.84375,41.46875,-121.84375,1.0640442251453934,0.39153847098350525,1.6835814
cdec_SHA,41.46875_-121.90625,41.46875,-121.90625,1.1766908909082487,0.3353254497051239,1.6563197
cdec_SHA,41.46875_-121.96875,41.46875,-121.96875,1.07626025700636,0.39266273379325867,1.3746107
cdec_SHA,41.46875_-122.03125,41.46875,-122.03125,0.9619590376017206,0.39834320545196533,1.2602075
cdec_SHA,41.46875_-122.09375,41.46875,-122.09375,0.8953655170915729,0.40355029702186584,1.3128881
cdec_SHA,41.53125_-120.28125,41.53125,-120.28125,1.41785748119207,0.3504733741283417,0.83732057
cdec_SHA,41.53125_-120.34375,41.53125,-120.34375,1.3726237504944758,0.3376923203468323,0.60940844
cdec_SHA,41.53125_-120.40625,41.53125,-120.40625,1.2777948046643584,0.32378697395324707,0.4679352
cdec_SHA,41.53125_-120.46875,41.53125,-120.46875,1.2240477491977155,0.3020710051059723,0.5023332
cdec_SHA,41.53125_-120.53125,41.53125,-120.53125,1.266774271673043,0.2718935012817383,0.5101088
cdec_SHA,41.53125_-120.59375,41.53125,-120.59375,1.3013951815292855,0.28804734349250793,0.39887884
cdec_SHA,41.53125_-120.65625,41.53125,-120.65625,1.2597213893092762,0.23532544076442719,0.27043223
cdec_SHA,41.53125_-120.71875,41.53125,-120.71875,1.2555743557526533,0.24147929251194,0.30805078
cdec_SHA,41.53125_-120.78125,41.53125,-120.78125,1.2640615089470817,0.24946746230125427,0.3561387
cdec_SHA,41.53125_-120.84375,41.53125,-120.84375,1.2821639810278063,0.22893491387367249,0.29609898
cdec_SHA,41.53125_-120.90625,41.53125,-120.90625,1.2691030168173114,0.2790532410144806,0.41469577
cdec_SHA,41.53125_-120.96875,41.53125,-120.96875,1.2098549649815404,0.26497042179107666,0.5760255
cdec_SHA,41.53125_-121.03125,41.53125,-121.03125,1.1871887741383924,0.2739644944667816,0.56476307
cdec_SHA,41.53125_-121.09375,41.53125,-121.09375,1.216445562571716,0.2846745550632477,0.59348345
cdec_SHA,41.53125_-121.15625,41.53125,-121.15625,1.1469461389648758,0.28999999165534973,0.743394
cdec_SHA,41.53125_-121.21875,41.53125,-121.21875,1.1435033074119345,0.38999998569488525,0.39729986
cdec_SHA,41.53125_-121.28125,41.53125,-121.28125,1.187857152916907,0.30000001192092896,0.35014784
cdec_SHA,41.53125_-121.34375,41.53125,-121.34375,1.1240394173439405,0.23999999463558197,0.5620336
cdec_SHA,41.53125_-121.40625,41.53125,-121.40625,0.871808894983678,0.3799999952316284,2.1260839
cdec_SHA,41.53125_-121.46875,41.53125,-121.46875,1.081283216104554,0.48213016986846924,2.353875
cdec_SHA,41.53125_-121.53125,41.53125,-121.53125,1.085289732744658,0.37609466910362244,1.5295564
cdec_SHA,41.53125_-121.59375,41.53125,-121.59375,1.0471219058909185,0.44165679812431335,1.5216788
cdec_SHA,41.53125_-121.65625,41.53125,-121.65625,1.065079738358556,0.3786982297897339,1.2399781
cdec_SHA,41.53125_-121.71875,41.53125,-121.71875,1.0770454235319935,0.3711834251880646,1.5143465
cdec_SHA,41.53125_-121.78125,41.53125,-121.78125,1.0246203548543502,0.43485206365585327,1.7205534
cdec_SHA,41.53125_-121.84375,41.53125,-121.84375,1.0941530052194282,0.34840238094329834,1.7883705
cdec_SHA,41.53125_-121.90625,41.53125,-121.90625,1.2462905027470639,0.30289942026138306,2.021268
cdec_SHA,41.59375_-120.28125,41.59375,-120.28125,1.3551415295320766,0.33887574076652527,0.74208784
cdec_SHA,41.59375_-120.34375,41.59375,-120.34375,1.2972947660911744,0.36017751693725586,0.7421107
cdec_SHA,41.59375_-120.40625,41.59375,-120.40625,1.2770631076251577,0.343609482049942,0.4763398
cdec_SHA,41.59375_-120.46875,41.59375,-120.46875,1.2302986853942712,0.2761538326740265,0.32335162
cdec_SHA,41.59375_-120.53125,41.59375,-120.53125,1.2763112970248152,0.22964496910572052,0.25391656
cdec_SHA,41.59375_-120.59375,41.59375,-120.59375,1.3054070318896644,0.25147929787635803,0.25878665
cdec_SHA,41.59375_-120.65625,41.59375,-120.65625,1.3499659996198905,0.18745562434196472,0.22945513
cdec_SHA,41.59375_-120.71875,41.59375,-120.71875,1.3306383621990534,0.236863911151886,0.25537017
cdec_SHA,41.59375_-120.78125,41.59375,-120.78125,1.2710944003626783,0.25319525599479675,0.2960091
cdec_SHA,41.59375_-120.84375,41.59375,-120.84375,1.2619382874294982,0.2161538451910019,0.2871569
cdec_SHA,41.59375_-120.90625,41.59375,-120.90625,1.1463105487447856,0.41999998688697815,0.5284117
cdec_SHA,41.59375_-120.96875,41.59375,-120.96875,1.1796367935337506,0.34236687421798706,1.0729499
cdec_SHA,41.59375_-121.03125,41.59375,-121.03125,1.1729420717814947,0.3163313567638397,0.93448865
cdec_SHA,41.59375_-121.28125,41.59375,-121.28125,0.9565603059430163,0.25,0.33143932
cdec_SHA,41.59375_-121.34375,41.59375,-121.34375,1.1982299766348914,0.3499999940395355,0.5562577
cdec_SHA,41.59375_-121.40625,41.59375,-121.40625,0.8129690511127956,0.3499999940395355,1.5329064
cdec_SHA,41.59375_-121.46875,41.59375,-121.46875,0.9725363303777765,0.4300000071525574,1.0106794
cdec_SHA,41.59375_-121.53125,41.59375,-121.53125,1.2972775903112086,0.3076923191547394,0.8463864
cdec_SHA,41.59375_-121.59375,41.59375,-121.59375,1.1882390516107946,0.3494674563407898,1.013287
cdec_SHA,41.59375_-121.65625,41.59375,-121.65625,1.1220169522047552,0.31431952118873596,1.2640371
cdec_SHA,41.59375_-121.71875,41.59375,-121.71875,1.1911199725187887,0.2897041440010071,1.8683828
cdec_SHA,41.65625_-120.28125,41.65625,-120.28125,1.3579205154012577,0.3598816692829132,0.83866364
cdec_SHA,41.65625_-120.34375,41.65625,-120.34375,1.3237172751128568,0.36816567182540894,0.8532213
cdec_SHA,41.65625_-120.40625,41.65625,-120.40625,1.257251000942829,0.35751479864120483,0.5870151
cdec_SHA,41.65625_-120.46875,41.65625,-120.46875,1.3113675943460092,0.2507692277431488,0.3038564
cdec_SHA,41.65625_-120.53125,41.65625,-120.53125,1.2759137123643354,0.20923076570034027,0.25073883
cdec_SHA,41.65625_-120.59375,41.65625,-120.59375,1.2794200507610425,0.20674556493759155,0.20578942
cdec_SHA,41.65625_-120.65625,41.65625,-120.65625,1.3154037217087773,0.21431952714920044,0.23414728
cdec_SHA,41.65625_-120.71875,41.65625,-120.71875,1.3074450115150413,0.2547928988933563,0.2850482
cdec_SHA,41.65625_-120.78125,41.65625,-120.78125,1.2696698504477673,0.24597632884979248,0.29155815
cdec_SHA,41.65625_-120.84375,41.65625,-120.84375,1.241367612019023,0.23769231140613556,0.26826882
cdec_SHA,41.65625_-121.28125,41.65625,-121.28125,1.292647141265551,0.0,0.31147882
cdec_SHA,41.71875_-120.28125,41.71875,-120.28125,1.2038070546698942,0.4469822347164154,1.2958511
cdec_SHA,41.71875_-120.34375,41.71875,-120.34375,1.3366148708301322,0.3748520612716675,0.85183114
cdec_SHA,41.71875_-120.40625,41.71875,-120.40625,1.2390070114571774,0.3857988119125366,0.57820565
cdec_SHA,41.71875_-120.46875,41.71875,-120.46875,1.3467926982957479,0.29633137583732605,0.37106743
cdec_SHA,41.71875_-120.53125,41.71875,-120.53125,1.326888930586473,0.30000001192092896,0.3349935
cdec_SHA,41.71875_-120.59375,41.71875,-120.59375,1.2438561952197016,0.2350887507200241,0.27444625
cdec_SHA,41.71875_-120.65625,41.71875,-120.65625,1.270859116292557,0.20041419565677643,0.21970609
cdec_SHA,41.71875_-120.71875,41.71875,-120.71875,1.305662440487552,0.25088757276535034,0.42809418
cdec_SHA,41.71875_-120.78125,41.71875,-120.78125,1.262569814502608,0.23461538553237915,0.30869186
cdec_SHA,41.78125_-120.53125,41.78125,-120.53125,1.2000336341627202,0.5199999809265137,0.3268896
cdec_SHA,41.78125_-120.59375,41.78125,-120.59375,1.2671525932716226,0.2411242574453354,0.27956566
cdec_SHA,41.78125_-120.65625,41.78125,-120.65625,1.259710089494293,0.21621301770210266,0.23775719
cdec_SHA,41.78125_-120.71875,41.78125,-120.71875,1.3791028229067281,0.3400000035762787,0.25192794
cdec_SHA,41.84375_-120.53125,41.84375,-120.53125,1.1527706362806494,0.3499999940395355,0.8317802
cdec_SHA,41.84375_-120.59375,41.84375,-120.59375,1.2994845319258386,0.15000000596046448,0.3570909
cdec_TLG,37.65625_-120.28125,37.65625,-120.28125,0.7614813407650203,0.31917160749435425,0.87691545
cdec_TLG,37.65625_-120.34375,37.65625,-120.34375,0.7725574092472225,0.32366862893104553,0.7653781
cdec_TLG,37.65625_-120.40625,37.65625,-120.40625,0.7522586240760076,0.41532543301582336,0.815691
cdec_TLG,37.71875_-119.28125,37.71875,-119.28125,0.7746435244596181,0.04289940744638443,0.09242787
cdec_TLG,37.71875_-120.21875,37.71875,-120.21875,0.8032272489149778,0.4278106391429901,1.1282659
cdec_TLG,37.71875_-120.28125,37.71875,-120.28125,0.7385666159239817,0.439289927482605,1.0384601
cdec_TLG,37.71875_-120.34375,37.71875,-120.34375,0.7791595702576954,0.327751487493515,0.8946752
cdec_TLG,37.71875_-120.40625,37.71875,-120.40625,0.8893045011706775,0.24272190034389496,0.74229956
cdec_TLG,37.71875_-120.46875,37.71875,-120.46875,0.7154865295254653,0.444674551486969,0.8255578
cdec_TLG,37.78125_-119.21875,37.78125,-119.21875,0.8827046843804958,0.13982248306274414,0.16611217
cdec_TLG,37.78125_-119.28125,37.78125,-119.28125,0.7563433152583015,0.1460946798324585,0.22676516
cdec_TLG,37.78125_-119.34375,37.78125,-119.34375,0.6731063027679975,0.1569230705499649,0.21755967
cdec_TLG,37.78125_-119.65625,37.78125,-119.65625,0.6791211904653263,0.3318343162536621,0.7022689
cdec_TLG,37.78125_-119.71875,37.78125,-119.71875,0.6774366146134579,0.3858579993247986,0.9942055
cdec_TLG,37.78125_-119.78125,37.78125,-119.78125,0.7210338723111771,0.40041419863700867,1.6660738
cdec_TLG,37.78125_-119.84375,37.78125,-119.84375,1.1285850057183235,0.3960946798324585,2.0976837
cdec_TLG,37.78125_-119.90625,37.78125,-119.90625,1.2013447852042929,0.3914792835712433,2.1305215
cdec_TLG,37.78125_-119.96875,37.78125,-119.96875,1.2178831864940356,0.41899406909942627,2.215863
cdec_TLG,37.78125_-120.03125,37.78125,-120.03125,1.145109846891047,0.46739643812179565,1.7758132
cdec_TLG,37.78125_-120.09375,37.78125,-120.09375,1.2444666456310935,0.4326627254486084,1.609646
cdec_TLG,37.78125_-120.15625,37.78125,-120.15625,1.0613836153238783,0.4562721848487854,1.8220307
cdec_TLG,37.78125_-120.21875,37.78125,-120.21875,1.0390456308769027,0.4508875608444214,1.4137285
cdec_TLG,37.78125_-120.28125,37.78125,-120.28125,0.8835412623832519,0.3812426030635834,1.1733795
cdec_TLG,37.78125_-120.34375,37.78125,-120.34375,0.8021772763201218,0.36443787813186646,0.9542763
cdec_TLG,37.78125_-120.40625,37.78125,-120.40625,0.7976615624286434,0.3584023714065552,0.93730825
cdec_TLG,37.78125_-120.46875,37.78125,-120.46875,0.7213117588341158,0.42538461089134216,0.87852854
cdec_TLG,37.84375_-119.21875,37.84375,-119.21875,0.9180733331755148,0.13366864621639252,0.19364502
cdec_TLG,37.84375_-119.28125,37.84375,-119.28125,0.6804547633870865,0.2572189271450043,0.53789806
cdec_TLG,37.84375_-119.34375,37.84375,-119.34375,0.7235718413759625,0.26751479506492615,0.50064576
cdec_TLG,37.84375_-119.40625,37.84375,-119.40625,0.6857227688258256,0.24319526553153992,0.3883451
cdec_TLG,37.84375_-119.46875,37.84375,-119.46875,0.6994605983987188,0.23656804859638214,0.35019273
cdec_TLG,37.84375_-119.53125,37.84375,-119.53125,0.652004214563679,0.2271597683429718,0.44542456
cdec_TLG,37.84375_-119.59375,37.84375,-119.59375,0.6514016139524546,0.3442011773586273,0.81418365
cdec_TLG,37.84375_-119.65625,37.84375,-119.65625,0.6710914173342966,0.3585207164287567,0.8102599
cdec_TLG,37.84375_-119.71875,37.84375,-119.71875,0.7306042930147256,0.3484615385532379,0.87969476
cdec_TLG,37.84375_-119.78125,37.84375,-119.78125,0.7570391994914649,0.38609468936920166,1.4992392
cdec_TLG,37.84375_-119.84375,37.84375,-119.84375,1.029585777394049,0.3656804859638214,1.7389213
cdec_TLG,37.84375_-119.90625,37.84375,-119.90625,1.2729296185379937,0.3535502851009369,1.8486279
cdec_TLG,37.84375_-119.96875,37.84375,-119.96875,1.2678039858806291,0.36230769753456116,1.6764964
cdec_TLG,37.84375_-120.03125,37.84375,-120.03125,1.2430369276538034,0.3480473458766937,1.3702224
cdec_TLG,37.84375_-120.09375,37.84375,-120.09375,1.1869096370632795,0.34603551030158997,1.2318128
cdec_TLG,37.84375_-120.15625,37.84375,-120.15625,1.258435873402271,0.38165679574012756,1.4677467
cdec_TLG,37.84375_-120.21875,37.84375,-120.21875,1.144480787193311,0.3752070963382721,1.5159858
cdec_TLG,37.84375_-120.28125,37.84375,-120.28125,0.8748488808760295,0.42869821190834045,1.4036582
cdec_TLG,37.84375_-120.34375,37.84375,-120.34375,0.8137616691603449,0.3802366852760315,1.2194259
cdec_TLG,37.84375_-120.40625,37.84375,-120.40625,0.7489552301698618,0.37106508016586304,0.8761153
cdec_TLG,37.84375_-120.46875,37.84375,-120.46875,0.7538083215542146,0.33289942145347595,0.7771323
cdec_TLG,37.90625_-119.21875,37.90625,-119.21875,1.0294616968213102,0.11360947042703629,0.24513699
cdec_TLG,37.90625_-119.28125,37.90625,-119.28125,0.7089381881459516,0.2997633218765259,0.5390856
cdec_TLG,37.90625_-119.34375,37.90625,-119.34375,0.6596146864034603,0.31627219915390015,0.61383826
cdec_TLG,37.90625_-119.40625,37.90625,-119.40625,0.6651153919911359,0.31236687302589417,0.49226347
cdec_TLG,37.90625_-119.46875,37.90625,-119.46875,0.7622785178875313,0.21810650825500488,0.38357535
cdec_TLG,37.90625_-119.53125,37.90625,-119.53125,0.7311508594244461,0.23692308366298676,0.48946267
cdec_TLG,37.90625_-119.59375,37.90625,-119.59375,0.7649784500581204,0.3109467327594757,0.7573519
cdec_TLG,37.90625_-119.65625,37.90625,-119.65625,0.8111892174846953,0.3339644968509674,0.92369616
cdec_TLG,37.90625_-119.71875,37.90625,-119.71875,0.8146109418411536,0.35301774740219116,1.0403595
cdec_TLG,37.90625_-119.78125,37.90625,-119.78125,0.8041814250009098,0.37958580255508423,1.3295051
cdec_TLG,37.90625_-119.84375,37.90625,-119.84375,0.9812421108069513,0.3233136236667633,1.1720109
cdec_TLG,37.90625_-119.90625,37.90625,-119.90625,1.197975638744009,0.3713609576225281,1.4760062
cdec_TLG,37.90625_-119.96875,37.90625,-119.96875,1.1416494094529526,0.3689940869808197,1.6301575
cdec_TLG,37.90625_-120.03125,37.90625,-120.03125,1.2176116999980389,0.34431952238082886,1.6218402
cdec_TLG,37.90625_-120.09375,37.90625,-120.09375,1.168355586320006,0.3921893537044525,1.610475
cdec_TLG,37.90625_-120.15625,37.90625,-120.15625,1.1465379511879603,0.3989940881729126,1.5205668
cdec_TLG,37.90625_-120.21875,37.90625,-120.21875,1.11826067221185,0.3995266258716583,1.3688039
cdec_TLG,37.90625_-120.28125,37.90625,-120.28125,0.8827675985601224,0.4376923143863678,1.3443611
cdec_TLG,37.90625_-120.34375,37.90625,-120.34375,0.763130822471453,0.4245562255382538,1.3085057
cdec_TLG,37.90625_-120.40625,37.90625,-120.40625,0.757047981947391,0.4186982214450836,1.1992419
cdec_TLG,37.90625_-120.46875,37.90625,-120.46875,0.7962386305272071,0.3937278091907501,1.0878545
cdec_TLG,37.96875_-119.28125,37.96875,-119.28125,0.8925139974327476,0.12609466910362244,0.15473592
cdec_TLG,37.96875_-119.34375,37.96875,-119.34375,0.686018611382867,0.16905325651168823,0.34769735
cdec_TLG,37.96875_-119.40625,37.96875,-119.40625,0.6628137596329146,0.27508875727653503,0.48209152
cdec_TLG,37.96875_-119.46875,37.96875,-119.46875,0.711075802516433,0.18568047881126404,0.31562695
cdec_TLG,37.96875_-119.53125,37.96875,-119.53125,0.7300635029847846,0.28857988119125366,0.5907633
cdec_TLG,37.96875_-119.59375,37.96875,-119.59375,0.8035256246980486,0.3168047368526459,0.7492147
cdec_TLG,37.96875_-119.65625,37.96875,-119.65625,0.7758484785894757,0.29846152663230896,0.74691004
cdec_TLG,37.96875_-119.71875,37.96875,-119.71875,0.8875519891941479,0.28284022212028503,0.83302265
cdec_TLG,37.96875_-119.78125,37.96875,-119.78125,0.9269795026164347,0.28686389327049255,0.8785365
cdec_TLG,37.96875_-119.84375,37.96875,-119.84375,1.0097823230249308,0.29094675183296204,1.0496736
cdec_TLG,37.96875_-119.90625,37.96875,-119.90625,1.1639667967809335,0.33988165855407715,1.3549474
cdec_TLG,37.96875_-119.96875,37.96875,-119.96875,1.1830115592803503,0.34863904118537903,1.6364622
cdec_TLG,37.96875_-120.03125,37.96875,-120.03125,1.2237504905250143,0.3557988107204437,2.0922916
cdec_TLG,37.96875_-120.09375,37.96875,-120.09375,1.2422800400917897,0.39869821071624756,2.0230234
cdec_TLG,37.96875_-120.15625,37.96875,-120.15625,1.2158799437111403,0.47360947728157043,2.115863
cdec_TLG,37.96875_-120.21875,37.96875,-120.21875,1.1141104728098754,0.40609467029571533,1.7407644
cdec_TLG,37.96875_-120.28125,37.96875,-120.28125,1.033720920359622,0.3546745479106903,1.3960298
cdec_TLG,37.96875_-120.34375,37.96875,-120.34375,0.9519693833306857,0.29319527745246887,1.343217
cdec_TLG,37.96875_-120.40625,37.96875,-120.40625,0.8538838546407347,0.31514793634414673,1.3669026
cdec_TLG,37.96875_-120.46875,37.96875,-120.46875,0.815210612266794,0.2933136224746704,1.0953628
cdec_TLG,38.03125_-119.28125,38.03125,-119.28125,1.1099521896389746,0.08946745842695236,0.19063237
cdec_TLG,38.03125_-119.34375,38.03125,-119.34375,0.7718478937049413,0.19520710408687592,0.32572836
cdec_TLG,38.03125_-119.40625,38.03125,-119.40625,0.7215078747417955,0.18727810680866241,0.29895407
cdec_TLG,38.03125_-119.46875,38.03125,-119.46875,0.7350578401131075,0.11349112540483475,0.21166784
cdec_TLG,38.03125_-119.53125,38.03125,-119.53125,0.7859362705302915,0.15473373234272003,0.25415903
cdec_TLG,38.03125_-119.59375,38.03125,-119.59375,0.7642376138548073,0.20461538434028625,0.33466718
cdec_TLG,38.03125_-119.65625,38.03125,-119.65625,0.7956985681831303,0.2188757359981537,0.3699556
cdec_TLG,38.03125_-119.71875,38.03125,-119.71875,0.856178359893039,0.21254438161849976,0.41219047
cdec_TLG,38.03125_-119.78125,38.03125,-119.78125,0.9071395709611512,0.2554437816143036,0.5164328
cdec_TLG,38.03125_-119.84375,38.03125,-119.84375,0.9944147507224508,0.2839053273200989,0.6150591
cdec_TLG,38.03125_-119.90625,38.03125,-119.90625,1.1874588397813912,0.3084615468978882,1.0703477
cdec_TLG,38.03125_-119.96875,38.03125,-119.96875,1.185080665489686,0.411775141954422,1.6656773
cdec_TLG,38.03125_-120.03125,38.03125,-120.03125,1.0359807472531775,0.46526625752449036,2.4153874
cdec_TLG,38.03125_-120.09375,38.03125,-120.09375,1.1831468466404118,0.4837869703769684,2.4013853
cdec_TLG,38.03125_-120.15625,38.03125,-120.15625,1.1722140813112372,0.4918935000896454,2.5137463
cdec_TLG,38.03125_-120.21875,38.03125,-120.21875,1.2111150223098526,0.3914792835712433,2.1590676
cdec_TLG,38.03125_-120.28125,38.03125,-120.28125,1.1980866311581688,0.3766863942146301,1.9643158
cdec_TLG,38.03125_-120.34375,38.03125,-120.34375,1.1817452581748686,0.42538461089134216,1.9911144
cdec_TLG,38.03125_-120.40625,38.03125,-120.40625,1.0319904401284514,0.3840828537940979,1.485656
cdec_TLG,38.09375_-119.34375,38.09375,-119.34375,1.0912194636028631,0.09857988357543945,0.18072931
cdec_TLG,38.09375_-119.40625,38.09375,-119.40625,0.8407299959026193,0.10094674676656723,0.19282109
cdec_TLG,38.09375_-119.46875,38.09375,-119.46875,0.7819612412578987,0.16142012178897858,0.23945938
cdec_TLG,38.09375_-119.53125,38.09375,-119.53125,0.7336469736973541,0.1265680491924286,0.1878555
cdec_TLG,38.09375_-119.59375,38.09375,-119.59375,0.7521504887851511,0.1474556177854538,0.21850984
cdec_TLG,38.09375_-119.65625,38.09375,-119.65625,0.762991478526206,0.15934911370277405,0.22355889
cdec_TLG,38.09375_-119.71875,38.09375,-119.71875,0.8253509796382212,0.13455621898174286,0.21823902
cdec_TLG,38.09375_-119.78125,38.09375,-119.78125,1.0599727043109273,0.09786982089281082,0.15650547
cdec_TLG,38.09375_-119.84375,38.09375,-119.84375,1.0635174578663191,0.16183431446552277,0.2868211
cdec_TLG,38.09375_-119.90625,38.09375,-119.90625,1.142169306359078,0.3555029630661011,0.9023244
cdec_TLG,38.09375_-119.96875,38.09375,-119.96875,1.1074052865827682,0.4733135998249054,1.4631958
cdec_TLG,38.09375_-120.03125,38.09375,-120.03125,0.800992757562949,0.5144378542900085,1.8516349
cdec_TLG,38.09375_-120.09375,38.09375,-120.09375,1.1997723699735645,0.5249112248420715,2.1080258
cdec_TLG,38.09375_-120.15625,38.09375,-120.15625,1.2468160212139343,0.49153846502304077,2.1221294
cdec_TLG,38.09375_-120.21875,38.09375,-120.21875,1.2650331123137224,0.5004141926765442,2.2393909
cdec_TLG,38.15625_-119.46875,38.15625,-119.46875,0.922648505379101,0.15437869727611542,0.31383157
cdec_TLG,38.15625_-119.53125,38.15625,-119.53125,1.0333099967453991,0.14402367174625397,0.2394104
cdec_TLG,38.15625_-119.59375,38.15625,-119.59375,0.8680522053665568,0.14852070808410645,0.24250042
cdec_TLG,38.15625_-119.65625,38.15625,-119.65625,0.8993407669787139,0.1528402417898178,0.24332815
cdec_TLG,38.15625_-119.71875,38.15625,-119.71875,1.0695318253288073,0.13514792919158936,0.20705765
cdec_TLG,38.15625_-119.78125,38.15625,-119.78125,1.061888627375537,0.09940828382968903,0.18896437
cdec_TLG,38.15625_-119.84375,38.15625,-119.84375,1.0339511731222824,0.14733727276325226,0.25084212
cdec_TLG,38.15625_-119.90625,38.15625,-119.90625,0.932299775752532,0.359112411737442,0.7945119
cdec_TLG,38.15625_-119.96875,38.15625,-119.96875,0.9240087991012755,0.4349704086780548,1.4761113
cdec_TLG,38.15625_-120.03125,38.15625,-120.03125,1.0094771483837637,0.5074556469917297,2.091119
cdec_TLG,38.15625_-120.09375,38.15625,-120.09375,1.1077159673859664,0.49236685037612915,2.0256002
cdec_TLG,38.21875_-119.59375,38.21875,-119.59375,1.180231307245515,0.15088757872581482,0.23540086
cdec_TLG,38.21875_-119.65625,38.21875,-119.65625,1.0585338148175598,0.07976331561803818,0.14929593
cdec_TLG,38.21875_-119.71875,38.21875,-119.71875,1.0712072667848163,0.09349112212657928,0.17226027
cdec_TLG,38.21875_-119.78125,38.21875,-119.78125,1.0369646193691882,0.19307692348957062,0.3129587
cdec_TLG,38.21875_-119.84375,38.21875,-119.84375,0.9999890769217399,0.18739645183086395,0.3703389
cdec_TLG,38.21875_-119.90625,38.21875,-119.90625,1.0502365056556084,0.3243195414543152,0.6769794
cdec_TLG,38.21875_-119.96875,38.21875,-119.96875,0.8934171224414131,0.4338461458683014,1.5099119
cdec_TLG,38.21875_-120.03125,38.21875,-120.03125,1.0548458156682865,0.47183433175086975,1.9714762
cdec_TRM,36.28125_-118.59375,36.28125,-118.59375,0.9789430970345334,0.3140828311443329,0.9205719
cdec_TRM,36.28125_-118.65625,36.28125,-118.65625,0.9914189558580647,0.29343196749687195,1.0724419
cdec_TRM,36.28125_-118.78125,36.28125,-118.78125,1.0645345668287314,0.41183432936668396,1.793378
cdec_TRM,36.28125_-118.84375,36.28125,-118.84375,1.031091385928517,0.44378697872161865,1.5180427
cdec_TRM,36.34375_-118.59375,36.34375,-118.59375,0.8676323083840848,0.3037869930267334,0.82239145
cdec_TRM,36.34375_-118.65625,36.34375,-118.65625,0.7783895016340094,0.35473373532295227,0.9896042
cdec_TRM,36.34375_-118.71875,36.34375,-118.71875,1.089438318756276,0.38556212186813354,1.6997529
cdec_TRM,36.34375_-118.78125,36.34375,-118.78125,1.133719233236144,0.40976330637931824,1.8370454
cdec_TRM,36.34375_-118.84375,36.34375,-118.84375,1.0934031429668494,0.40254437923431396,1.4406618
cdec_TRM,36.34375_-118.90625,36.34375,-118.90625,0.8637880851903272,0.43721893429756165,1.1671691
cdec_TRM,36.34375_-118.96875,36.34375,-118.96875,0.8528346886651195,0.4218343198299408,0.9035308
cdec_TRM,36.34375_-119.03125,36.34375,-119.03125,0.8961030053500663,0.3400000035762787,0.8188148
cdec_TRM,36.34375_-119.09375,36.34375,-119.09375,0.8581691003889532,0.10000000149011612,1.0546356
cdec_TRM,36.34375_-119.15625,36.34375,-119.15625,0.8164244085331765,0.0,0.7629281
cdec_TRM,36.34375_-119.21875,36.34375,-119.21875,0.9476968572664431,0.0,0.87085027
cdec_TRM,36.40625_-118.53125,36.40625,-118.53125,0.9184194680974584,0.11597633361816406,0.22669429
cdec_TRM,36.40625_-118.59375,36.40625,-118.59375,0.9495154917603928,0.1240236684679985,0.32509404
cdec_TRM,36.40625_-118.65625,36.40625,-118.65625,0.9467870592136955,0.34822484850883484,1.06492
cdec_TRM,36.40625_-118.71875,36.40625,-118.71875,1.0866383264210648,0.40970414876937866,1.7016363
cdec_TRM,36.40625_-118.78125,36.40625,-118.78125,1.1454931395664565,0.4092307686805725,2.0093124
cdec_TRM,36.40625_-118.84375,36.40625,-118.84375,1.0159596730701952,0.40414202213287354,1.4589928
cdec_TRM,36.40625_-118.90625,36.40625,-118.90625,0.9704535662217781,0.3796449601650238,1.0906484
cdec_TRM,36.40625_-118.96875,36.40625,-118.96875,0.8763220480629642,0.3276331424713135,0.825506
cdec_TRM,36.40625_-119.03125,36.40625,-119.03125,0.7813879907227282,0.30798816680908203,0.8777393
cdec_TRM,36.40625_-119.09375,36.40625,-119.09375,0.8420669382767658,0.0,0.46036342
cdec_TRM,36.40625_-119.15625,36.40625,-119.15625,0.7258904579282376,0.33000001311302185,1.0645179
cdec_TRM,36.46875_-118.53125,36.46875,-118.53125,1.1094952978549633,0.10573964565992355,0.24717316
cdec_TRM,36.46875_-118.59375,36.46875,-118.59375,0.9247701041242249,0.23804733157157898,0.6382408
cdec_TRM,36.46875_-118.65625,36.46875,-118.65625,0.9687459168632628,0.410591721534729,1.5824475
cdec_TRM,36.46875_-118.71875,36.46875,-118.71875,1.1468970615262828,0.3812426030635834,1.8062057
cdec_TRM,36.46875_-118.78125,36.46875,-118.78125,1.20092645572837,0.4142603576183319,1.7406036
cdec_TRM,36.46875_-118.84375,36.46875,-118.84375,0.9388589505940046,0.3878106474876404,1.2912611
cdec_TRM,36.46875_-118.90625,36.46875,-118.90625,0.8734756869725041,0.37183430790901184,1.1775453
cdec_TRM,36.46875_-118.96875,36.46875,-118.96875,0.8921378936456004,0.4028402268886566,1.1670331
cdec_TRM,36.46875_-119.03125,36.46875,-119.03125,0.7632601318589033,0.4399999976158142,1.0454556
cdec_TRM,36.53125_-118.53125,36.53125,-118.53125,0.943817015472316,0.09562130272388458,0.2052905
cdec_TRM,36.53125_-118.59375,36.53125,-118.59375,0.9688084493981591,0.24538461863994598,0.91063535
cdec_TRM,36.53125_-118.65625,36.53125,-118.65625,1.1767985603463007,0.4695858061313629,2.2395887
cdec_TRM,36.53125_-118.71875,36.53125,-118.71875,1.2037697523531279,0.43426036834716797,1.9872735
cdec_TRM,36.53125_-118.78125,36.53125,-118.78125,1.1283053581625113,0.38130176067352295,1.7153058
cdec_TRM,36.53125_-118.84375,36.53125,-118.84375,1.1553093084760635,0.38047337532043457,1.6522899
cdec_TRM,36.53125_-118.90625,36.53125,-118.90625,0.9324903650079298,0.4022485315799713,1.2251384
cdec_TRM,36.53125_-118.96875,36.53125,-118.96875,0.9090305976259447,0.41609466075897217,1.2956167
cdec_TRM,36.59375_-118.53125,36.59375,-118.53125,1.0244489157648498,0.03544378653168678,0.1037294
cdec_TRM,36.59375_-118.59375,36.59375,-118.59375,0.9805289647867148,0.12183432281017303,0.32005113
cdec_TRM,36.59375_-118.65625,36.59375,-118.65625,0.968701181384306,0.20887574553489685,0.55769634
cdec_TRM,36.59375_-118.71875,36.59375,-118.71875,1.029140666193494,0.3953254520893097,1.2368156
cdec_TRM,36.59375_-118.78125,36.59375,-118.78125,1.1348009288487835,0.3872189223766327,1.528292
cdec_TRM,36.59375_-118.84375,36.59375,-118.84375,1.1624262944307737,0.42130178213119507,1.9580157
cdec_TRM,36.59375_-118.90625,36.59375,-118.90625,1.0917220121185096,0.41905325651168823,1.5128294
cdec_TRM,36.59375_-118.96875,36.59375,-118.96875,0.9704558894234436,0.43396449089050293,1.4015604
cdec_TRM,36.65625_-118.59375,36.65625,-118.59375,1.0076627729365115,0.17017751932144165,0.35160172
cdec_TRM,36.65625_-118.65625,36.65625,-118.65625,0.9479960517519019,0.20023669302463531,0.3871186
cdec_TRM,36.65625_-118.71875,36.65625,-118.71875,0.9514404348739367,0.2646745443344116,0.5877467
cdec_TRM,36.65625_-118.78125,36.65625,-118.78125,0.9814987913312276,0.36698225140571594,0.8037228
cdec_TRM,36.65625_-118.84375,36.65625,-118.84375,1.1098390379541514,0.4179881513118744,1.3801887
cdec_TRM,36.65625_-118.90625,36.65625,-118.90625,1.1816460420395183,0.3655621409416199,1.8433621
cdec_TRM,36.65625_-118.96875,36.65625,-118.96875,1.0732844045131094,0.4536094665527344,1.7182207
cdec_TRM,36.71875_-118.78125,36.71875,-118.78125,0.968002110710364,0.3829585909843445,0.9409004
cdec_TRM,36.71875_-118.84375,36.71875,-118.84375,1.0194334612437477,0.37917160987854004,0.921536
cdec_TRM,36.71875_-118.90625,36.71875,-118.90625,1.1132615383645705,0.44029584527015686,1.6141863
cdec_TRM,36.71875_-118.96875,36.71875,-118.96875,1.1097148200329638,0.4559171497821808,1.9821147
cdec_YRS,39.21875_-121.09375,39.21875,-121.09375,1.0499781478379044,0.47999998927116394,1.7776252
cdec_YRS,39.21875_-121.15625,39.21875,-121.15625,0.9249941222822866,0.47999998927116394,1.4864522
cdec_YRS,39.21875_-121.21875,39.21875,-121.21875,0.8803385460659765,0.32360947132110596,1.4646599
cdec_YRS,39.21875_-121.28125,39.21875,-121.28125,0.7647374345368765,0.3812426030635834,1.2436839
cdec_YRS,39.28125_-120.34375,39.28125,-120.34375,1.055932049768596,0.4146745502948761,1.0911965
cdec_YRS,39.28125_-120.40625,39.28125,-120.40625,1.0623018705795273,0.3713017702102661,1.059344
cdec_YRS,39.28125_-120.46875,39.28125,-120.46875,1.0515131425348447,0.3620118200778961,0.81651384
cdec_YRS,39.28125_-120.53125,39.28125,-120.53125,1.0577242770685107,0.4157988131046295,1.1620367
cdec_YRS,39.28125_-120.59375,39.28125,-120.59375,1.056507344213972,0.42408284544944763,1.2780514
cdec_YRS,39.28125_-120.65625,39.28125,-120.65625,1.1053240386002348,0.47846153378486633,1.9905075
cdec_YRS,39.28125_-120.78125,39.28125,-120.78125,0.9268652412156155,0.587041437625885,2.9247146
cdec_YRS,39.28125_-120.84375,39.28125,-120.84375,0.8044019832176077,0.6000000238418579,2.545604
cdec_YRS,39.28125_-120.90625,39.28125,-120.90625,0.991152964968941,0.4932544231414795,2.976146
cdec_YRS,39.28125_-120.96875,39.28125,-120.96875,1.0393078607009032,0.48207101225852966,2.9621062
cdec_YRS,39.28125_-121.03125,39.28125,-121.03125,1.1791011140003063,0.3976331353187561,2.2772975
cdec_YRS,39.28125_-121.09375,39.28125,-121.09375,1.1561161112036098,0.45059171319007874,1.7938024
cdec_YRS,39.28125_-121.15625,39.28125,-121.15625,0.9962300044021206,0.451242595911026,1.6444489
cdec_YRS,39.28125_-121.21875,39.28125,-121.21875,0.8395379068460898,0.46213018894195557,1.5681622
cdec_YRS,39.28125_-121.28125,39.28125,-121.28125,0.8218787466061507,0.42964497208595276,1.4318931
cdec_YRS,39.34375_-120.34375,39.34375,-120.34375,1.0705793747485859,0.326272189617157,0.6334303
cdec_YRS,39.34375_-120.40625,39.34375,-120.40625,0.9415975724152423,0.33443787693977356,0.7039944
cdec_YRS,39.34375_-120.46875,39.34375,-120.46875,0.9851207460202067,0.33544379472732544,0.8047537
cdec_YRS,39.34375_-120.53125,39.34375,-120.53125,0.9780962531591736,0.32094675302505493,0.7957774
cdec_YRS,39.34375_-120.59375,39.34375,-120.59375,1.0338202746832899,0.3798224925994873,1.1204683
cdec_YRS,39.34375_-120.65625,39.34375,-120.65625,0.9508648474344439,0.4185798764228821,1.5872291
cdec_YRS,39.34375_-120.71875,39.34375,-120.71875,1.006985899534157,0.5436094403266907,2.51645
cdec_YRS,39.34375_-120.78125,39.34375,-120.78125,1.2137683104252313,0.5504142045974731,2.677668
cdec_YRS,39.34375_-120.84375,39.34375,-120.84375,0.9487681359242158,0.5898816585540771,3.178872
cdec_YRS,39.34375_-120.90625,39.34375,-120.90625,1.1938223425007437,0.6004142165184021,3.0262601
cdec_YRS,39.34375_-120.96875,39.34375,-120.96875,1.2080413170315054,0.4862130284309387,2.6118934
cdec_YRS,39.34375_-121.03125,39.34375,-121.03125,1.1029359365326314,0.47585800290107727,2.2760766
cdec_YRS,39.34375_-121.09375,39.34375,-121.09375,1.0858463486580239,0.44550296664237976,1.8841106
cdec_YRS,39.34375_-121.15625,39.34375,-121.15625,1.09121797699036,0.47414201498031616,2.1567116
cdec_YRS,39.34375_-121.21875,39.34375,-121.21875,0.8989885771096332,0.4385206997394562,1.7289956
cdec_YRS,39.34375_-121.28125,39.34375,-121.28125,0.9004977911531361,0.42538461089134216,1.4553064
cdec_YRS,39.40625_-120.34375,39.40625,-120.34375,1.1007431792100462,0.3234911262989044,0.7289141
cdec_YRS,39.40625_-120.40625,39.40625,-120.40625,0.9980642400518069,0.37686389684677124,0.7372967
cdec_YRS,39.40625_-120.46875,39.40625,-120.46875,1.0015177730156455,0.33390533924102783,0.7533684
cdec_YRS,39.40625_-120.53125,39.40625,-120.53125,0.9867159276551046,0.21816568076610565,0.4130366
cdec_YRS,39.40625_-120.59375,39.40625,-120.59375,0.9775752208913893,0.3005325496196747,0.6187748
cdec_YRS,39.40625_-120.65625,39.40625,-120.65625,0.9377211490083008,0.47029584646224976,1.5602789
cdec_YRS,39.40625_-120.71875,39.40625,-120.71875,0.8857944496699741,0.5299999713897705,2.6122978
cdec_YRS,39.40625_-120.78125,39.40625,-120.78125,1.1615505921854514,0.5744970440864563,3.0116107
cdec_YRS,39.40625_-120.84375,39.40625,-120.84375,1.0931640026554643,0.5486982464790344,2.7254407
cdec_YRS,39.40625_-120.90625,39.40625,-120.90625,1.1287919933374,0.5936094522476196,3.0685217
cdec_YRS,39.40625_-120.96875,39.40625,-120.96875,1.1068274147385764,0.587041437625885,3.3712256
cdec_YRS,39.40625_-121.03125,39.40625,-121.03125,1.10496437687094,0.5363905429840088,3.1144392
cdec_YRS,39.40625_-121.09375,39.40625,-121.09375,1.0856121387977309,0.5383431911468506,2.9020948
cdec_YRS,39.40625_-121.15625,39.40625,-121.15625,1.2205931253600397,0.49224853515625,2.6018486
cdec_YRS,39.40625_-121.21875,39.40625,-121.21875,1.1059315033387267,0.47183433175086975,1.9963261
cdec_YRS,39.46875_-120.40625,39.46875,-120.40625,1.1055965693157073,0.39544379711151123,0.993333
cdec_YRS,39.46875_-120.46875,39.46875,-120.46875,1.1019757766597742,0.4162130057811737,1.0786828
cdec_YRS,39.46875_-120.53125,39.46875,-120.53125,1.152722758621234,0.3611242473125458,1.0463312
cdec_YRS,39.46875_-120.59375,39.46875,-120.59375,1.0200395380793392,0.40840235352516174,1.1009512
cdec_YRS,39.46875_-120.65625,39.46875,-120.65625,1.0593807688760015,0.38071006536483765,1.1807841
cdec_YRS,39.46875_-120.71875,39.46875,-120.71875,0.9557213659824096,0.5295266509056091,2.2301435
cdec_YRS,39.46875_-120.78125,39.46875,-120.78125,0.9142646379469417,0.5690532326698303,2.8486612
cdec_YRS,39.46875_-120.84375,39.46875,-120.84375,1.102014956235689,0.5717751383781433,2.7349052
cdec_YRS,39.46875_-120.90625,39.46875,-120.90625,0.9128822928917337,0.5852662920951843,2.9204254
cdec_YRS,39.46875_-120.96875,39.46875,-120.96875,1.083943738969976,0.5903550386428833,3.229296
cdec_YRS,39.46875_-121.03125,39.46875,-121.03125,0.9363124451614976,0.6095858216285706,3.6587467
cdec_YRS,39.46875_-121.09375,39.46875,-121.09375,1.062334136525171,0.5693491101264954,3.0764613
cdec_YRS,39.46875_-121.15625,39.46875,-121.15625,1.1537285555625107,0.5326035618782043,3.0228195
cdec_YRS,39.46875_-121.21875,39.46875,-121.21875,1.0048699297736492,0.5542603731155396,3.4549308
cdec_YRS,39.53125_-120.40625,39.53125,-120.40625,1.0912560292408144,0.45615383982658386,1.6442881
cdec_YRS,39.53125_-120.46875,39.53125,-120.46875,0.9265774051758897,0.4088165760040283,1.2624482
cdec_YRS,39.53125_-120.53125,39.53125,-120.53125,0.867960498149972,0.41556212306022644,1.340139
cdec_YRS,39.53125_-120.59375,39.53125,-120.59375,0.9828071823406708,0.47260355949401855,1.546556
cdec_YRS,39.53125_-120.65625,39.53125,-120.65625,1.2118839276934965,0.472485214471817,1.6143075
cdec_YRS,39.53125_-120.71875,39.53125,-120.71875,0.9814780111427974,0.5432544350624084,2.0825691
cdec_YRS,39.53125_-120.78125,39.53125,-120.78125,0.9756930757409861,0.5913609266281128,2.823007
cdec_YRS,39.53125_-120.84375,39.53125,-120.84375,0.9627338377040899,0.6018934845924377,2.8729222
cdec_YRS,39.53125_-120.90625,39.53125,-120.90625,0.9496074204999085,0.5878698229789734,2.9882133
cdec_YRS,39.53125_-120.96875,39.53125,-120.96875,1.0237947358661832,0.6085206866264343,3.1445498
cdec_YRS,39.53125_-121.03125,39.53125,-121.03125,0.8910269230498005,0.6549704074859619,3.541055
cdec_YRS,39.53125_-121.09375,39.53125,-121.09375,0.9071879149647445,0.6588165760040283,3.5388358
cdec_YRS,39.53125_-121.15625,39.53125,-121.15625,0.8993133652191421,0.5534319281578064,3.2352722
cdec_YRS,39.53125_-121.21875,39.53125,-121.21875,1.1709477659786605,0.5500591993331909,3.4176571
cdec_YRS,39.59375_-120.46875,39.59375,-120.46875,1.0955261344294067,0.4361538589000702,1.4707338
cdec_YRS,39.59375_-120.53125,39.59375,-120.53125,0.9656209985473552,0.4665680527687073,1.3920797
cdec_YRS,39.59375_-120.59375,39.59375,-120.59375,0.9298450430987826,0.502781093120575,1.8948114
cdec_YRS,39.59375_-120.65625,39.59375,-120.65625,1.086763762086215,0.3926035463809967,1.4532149
cdec_YRS,39.59375_-120.71875,39.59375,-120.71875,0.8894702238304073,0.5490532517433167,2.3765295
cdec_YRS,39.59375_-120.78125,39.59375,-120.78125,0.8591859650687418,0.6244378685951233,3.3170066
cdec_YRS,39.59375_-120.84375,39.59375,-120.84375,0.9135457886382738,0.5781065225601196,3.0116487
cdec_YRS,39.59375_-120.90625,39.59375,-120.90625,0.9532949964736859,0.5847337245941162,2.752166
cdec_YRS,39.59375_-120.96875,39.59375,-120.96875,0.9230956535874684,0.5846745371818542,2.9557695
cdec_YRS,39.59375_-121.03125,39.59375,-121.03125,0.8956406997574611,0.6459171772003174,3.378193
cdec_YRS,39.59375_-121.09375,39.59375,-121.09375,0.9304337548839056,0.5868047475814819,3.1956153
cdec_YRS,39.65625_-120.46875,39.65625,-120.46875,1.0721031040697788,0.46502959728240967,2.0129066
cdec_YRS,39.65625_-120.53125,39.65625,-120.53125,1.058434202197151,0.49550294876098633,1.8178016
cdec_YRS,39.65625_-120.59375,39.65625,-120.59375,0.9748427259016963,0.44319525361061096,1.3882059
cdec_YRS,39.65625_-120.65625,39.65625,-120.65625,1.2370403260766336,0.35207101702690125,0.86326385
cdec_YRS,39.65625_-120.71875,39.65625,-120.71875,1.1074243058410098,0.4695858061313629,1.4396706
cdec_YRS,39.65625_-120.78125,39.65625,-120.78125,0.8889420756497706,0.5747337341308594,2.486978
cdec_YRS,39.65625_-120.84375,39.65625,-120.84375,1.0258526210970613,0.5044378638267517,1.8956492
cdec_YRS,39.65625_-120.90625,39.65625,-120.90625,0.9076859818829478,0.55266273021698,2.4939115
cdec_YRS,39.65625_-120.96875,39.65625,-120.96875,0.9506490138632753,0.5573372840881348,2.6092937
cdec_YRS,39.65625_-121.03125,39.65625,-121.03125,0.9056933499375119,0.5996449589729309,2.7797987
cdec_YRS,39.71875_-120.59375,39.71875,-120.59375,1.1438039921159773,0.4826035499572754,1.9400076
cdec_YRS,39.71875_-120.71875,39.71875,-120.71875,1.1788889088594003,0.41999998688697815,1.0435479
cdec_YRS,39.71875_-120.78125,39.71875,-120.78125,0.9740078706256925,0.4626627266407013,1.3731897
cdec_YRS,39.71875_-120.84375,39.71875,-120.84375,0.9335411473857924,0.49639052152633667,1.6615199
cdec_YRS,39.71875_-120.90625,39.71875,-120.90625,0.9350832278913883,0.5019526481628418,1.7879876
cdec_YRS,39.71875_-120.96875,39.71875,-120.96875,0.9958684656307923,0.4187574088573456,1.7377431
cdec_YRS,39.71875_-121.03125,39.71875,-121.03125,1.0145688304013718,0.428816556930542,1.6860882
cdec_YRS,39.78125_-120.84375,39.78125,-120.84375,1.102457714498949,0.5040828585624695,1.8831004
cdec_YRS,39.78125_-120.90625,39.78125,-120.90625,1.005126896155181,0.4138461649417877,1.5271125
