entity_id,key,flowlen_m,method
uf_02,38.40625_-122.15625,18994.4,fallback
uf_02,38.40625_-122.21875,41768.6,center
uf_02,38.40625_-122.28125,29312.7,fallback
uf_02,38.46875_-122.09375,8308.3,center
uf_02,38.46875_-122.15625,12661.6,channel
uf_02,38.46875_-122.21875,25343.2,channel
uf_02,38.46875_-122.28125,25082.2,fallback
uf_02,38.53125_-122.09375,2907.1,fallback
uf_02,38.53125_-122.15625,4644.5,channel
uf_02,38.53125_-122.21875,14277.6,channel
uf_02,38.53125_-122.28125,27808.1,channel
uf_02,38.53125_-122.34375,31679.9,fallback
uf_02,38.53125_-122.40625,39195.2,fallback
uf_02,38.59375_-122.09375,12241.2,fallback
uf_02,38.59375_-122.15625,19184.2,channel
uf_02,38.59375_-122.21875,17705.9,channel
uf_02,38.59375_-122.28125,25709.0,channel
uf_02,38.59375_-122.34375,34063.5,channel
uf_02,38.59375_-122.40625,45388.1,channel
uf_02,38.59375_-122.46875,48186.8,fallback
uf_02,38.59375_-122.53125,55507.2,fallback
uf_02,38.65625_-122.15625,23560.2,fallback
uf_02,38.65625_-122.21875,29896.0,channel
uf_02,38.65625_-122.28125,26986.4,channel
uf_02,38.65625_-122.34375,34275.3,channel
uf_02,38.65625_-122.40625,42902.4,channel
uf_02,38.65625_-122.46875,50241.5,channel
uf_02,38.65625_-122.53125,57696.6,channel
uf_02,38.65625_-122.59375,98580.2,channel
uf_02,38.65625_-122.65625,72541.6,fallback
uf_02,38.71875_-122.21875,35481.6,fallback
uf_02,38.71875_-122.28125,36270.8,channel
uf_02,38.71875_-122.34375,40754.6,channel
uf_02,38.71875_-122.40625,43756.0,channel
uf_02,38.71875_-122.46875,50874.3,channel
uf_02,38.71875_-122.53125,71236.6,channel
uf_02,38.71875_-122.59375,89839.5,channel
uf_02,38.71875_-122.65625,91190.1,channel
uf_02,38.71875_-122.71875,82873.5,fallback
uf_02,38.78125_-122.21875,44233.7,fallback
uf_02,38.78125_-122.28125,50564.8,channel
uf_02,38.78125_-122.34375,65427.9,channel
uf_02,38.78125_-122.40625,51333.2,channel
uf_02,38.78125_-122.46875,58100.5,channel
uf_02,38.78125_-122.53125,67423.2,channel
uf_02,38.78125_-122.59375,75685.6,channel
uf_02,38.78125_-122.65625,90334.7,channel
uf_02,38.78125_-122.71875,97322.2,channel
uf_02,38.84375_-122.28125,56071.7,fallback
uf_02,38.84375_-122.34375,65716.2,channel
uf_02,38.84375_-122.40625,63159.3,channel
uf_02,38.84375_-122.46875,67795.3,channel
uf_02,38.84375_-122.53125,70893.0,channel
uf_02,38.84375_-122.59375,83053.3,channel
uf_02,38.84375_-122.65625,84281.4,channel
uf_02,38.84375_-122.71875,98859.3,center
uf_02,38.90625_-122.40625,71827.9,fallback
uf_02,38.90625_-122.46875,76171.3,fallback
uf_02,38.90625_-122.53125,77948.0,channel
uf_02,38.90625_-122.59375,86177.5,fallback
uf_04,39.21875_-122.40625,92999.0,fallback
uf_04,39.21875_-122.46875,94065.4,fallback
uf_04,39.21875_-122.53125,95699.8,fallback
uf_04,39.21875_-122.59375,96031.2,channel
uf_04,39.21875_-122.65625,103145.6,center
uf_04,39.21875_-122.71875,103696.8,fallback
uf_04,39.28125_-122.40625,83413.4,fallback
uf_04,39.28125_-122.46875,80177.2,channel
uf_04,39.28125_-122.53125,80488.8,channel
uf_04,39.28125_-122.59375,87076.8,channel
uf_04,39.28125_-122.65625,97279.4,channel
uf_04,39.28125_-122.71875,103978.7,channel
uf_04,39.28125_-122.78125,99057.2,fallback
uf_04,39.34375_-122.46875,77061.5,channel
uf_04,39.34375_-122.53125,71430.9,channel
uf_04,39.34375_-122.59375,75028.0,channel
uf_04,39.34375_-122.65625,81016.3,channel
uf_04,39.34375_-122.71875,90891.2,channel
uf_04,39.34375_-122.78125,91130.4,fallback
uf_04,39.40625_-122.46875,67768.0,channel
uf_04,39.40625_-122.53125,62594.2,channel
uf_04,39.40625_-122.59375,73532.9,channel
uf_04,39.40625_-122.65625,80743.8,channel
uf_04,39.40625_-122.71875,89653.6,channel
uf_04,39.40625_-122.78125,97016.2,channel
uf_04,39.46875_-122.46875,56564.0,fallback
uf_04,39.46875_-122.53125,54476.5,channel
uf_04,39.46875_-122.59375,59701.8,channel
uf_04,39.46875_-122.65625,92460.9,channel
uf_04,39.46875_-122.71875,99755.4,channel
uf_04,39.46875_-122.78125,76469.4,fallback
uf_04,39.53125_-122.46875,47458.2,fallback
uf_04,39.53125_-122.53125,46778.1,channel
uf_04,39.53125_-122.59375,48106.9,channel
uf_04,39.53125_-122.65625,59745.7,channel
uf_04,39.53125_-122.71875,64408.6,fallback
uf_04,39.59375_-122.46875,38614.4,fallback
uf_04,39.59375_-122.53125,37928.7,channel
uf_04,39.59375_-122.59375,44251.0,channel
uf_04,39.59375_-122.65625,51960.8,channel
uf_04,39.59375_-122.71875,62506.0,center
uf_04,39.59375_-122.78125,64299.2,fallback
uf_04,39.65625_-122.46875,26642.5,channel
uf_04,39.65625_-122.53125,29034.1,channel
uf_04,39.65625_-122.59375,36632.9,channel
uf_04,39.65625_-122.65625,43074.8,channel
uf_04,39.65625_-122.71875,58554.7,channel
uf_04,39.65625_-122.78125,62655.9,channel
uf_04,39.71875_-122.34375,15506.8,fallback
uf_04,39.71875_-122.40625,11592.9,channel
uf_04,39.71875_-122.46875,19228.6,channel
uf_04,39.71875_-122.53125,35121.3,channel
uf_04,39.71875_-122.59375,38555.4,channel
uf_04,39.71875_-122.65625,48740.2,channel
uf_04,39.71875_-122.71875,51496.1,channel
uf_04,39.71875_-122.78125,59860.6,channel
uf_04,39.71875_-122.84375,63423.7,fallback
uf_04,39.71875_-122.90625,70638.6,fallback
uf_04,39.78125_-122.34375,2702.3,channel
uf_04,39.78125_-122.40625,10344.8,channel
uf_04,39.78125_-122.46875,12472.8,channel
uf_04,39.78125_-122.53125,19380.2,channel
uf_04,39.78125_-122.59375,26617.5,channel
uf_04,39.78125_-122.65625,35254.2,channel
uf_04,39.78125_-122.71875,61366.3,channel
uf_04,39.78125_-122.78125,64556.6,channel
uf_04,39.78125_-122.84375,72114.9,channel
uf_04,39.78125_-122.90625,80362.2,channel
uf_04,39.78125_-122.96875,76542.3,fallback
uf_04,39.84375_-122.34375,4534.1,fallback
uf_04,39.84375_-122.40625,10418.9,fallback
uf_04,39.84375_-122.46875,14544.4,channel
uf_04,39.84375_-122.53125,25414.9,center
uf_04,39.84375_-122.59375,33360.5,center
uf_04,39.84375_-122.65625,39464.1,fallback
uf_04,39.84375_-122.71875,46838.6,fallback
uf_04,39.84375_-122.78125,54221.6,fallback
uf_04,39.84375_-122.84375,61610.0,fallback
uf_04,39.84375_-122.90625,86632.0,center
uf_04,39.84375_-122.96875,76396.9,fallback
uf_06,40.03125_-122.71875,123739.6,fallback
uf_06,40.03125_-122.78125,134258.7,fallback
uf_06,40.03125_-122.84375,145052.3,fallback
uf_06,40.03125_-122.90625,156063.6,fallback
uf_06,40.03125_-122.96875,167249.4,fallback
uf_06,40.09375_-122.65625,104982.0,fallback
uf_06,40.09375_-122.71875,108096.4,channel
uf_06,40.09375_-122.78125,118944.3,channel
uf_06,40.09375_-122.84375,126938.7,channel
uf_06,40.09375_-122.90625,134457.2,channel
uf_06,40.09375_-122.96875,161497.0,fallback
uf_06,40.15625_-122.53125,83572.4,channel
uf_06,40.15625_-122.59375,86227.2,channel
uf_06,40.15625_-122.65625,94638.3,channel
uf_06,40.15625_-122.71875,105949.5,channel
uf_06,40.15625_-122.78125,118475.1,channel
uf_06,40.15625_-122.84375,116920.2,channel
uf_06,40.15625_-122.90625,135352.8,channel
uf_06,40.15625_-122.96875,143198.5,channel
uf_06,40.21875_-122.21875,19204.6,fallback
uf_06,40.21875_-122.40625,46766.6,fallback
uf_06,40.21875_-122.46875,67204.7,channel
uf_06,40.21875_-122.53125,71268.9,channel
uf_06,40.21875_-122.59375,82060.8,channel
uf_06,40.21875_-122.65625,90021.9,channel
uf_06,40.21875_-122.71875,83324.0,channel
uf_06,40.21875_-122.78125,94520.0,channel
uf_06,40.21875_-122.84375,117714.5,channel
uf_06,40.21875_-122.90625,125682.2,channel
uf_06,40.21875_-122.96875,127839.9,channel
uf_06,40.28125_-121.59375,116080.0,fallback
uf_06,40.28125_-122.09375,18237.0,fallback
uf_06,40.28125_-122.15625,6230.0,fallback
uf_06,40.28125_-122.21875,6693.9,fallback
uf_06,40.28125_-122.28125,52415.5,center
uf_06,40.28125_-122.34375,44824.6,channel
uf_06,40.28125_-122.40625,48429.5,channel
uf_06,40.28125_-122.46875,53849.0,channel
uf_06,40.28125_-122.53125,60230.5,channel
uf_06,40.28125_-122.59375,67276.0,channel
uf_06,40.28125_-122.65625,75639.2,channel
uf_06,40.28125_-122.71875,82391.5,channel
uf_06,40.28125_-122.78125,94238.6,channel
uf_06,40.28125_-122.84375,102876.3,channel
uf_06,40.28125_-122.90625,115447.5,channel
uf_06,40.28125_-122.96875,119393.3,channel
uf_06,40.28125_-123.03125,126882.7,channel
uf_06,40.28125_-123.09375,177776.8,fallback
uf_06,40.34375_-121.53125,129004.7,fallback
uf_06,40.34375_-121.59375,92151.3,channel
uf_06,40.34375_-121.65625,84740.6,channel
uf_06,40.34375_-121.71875,78438.4,channel
uf_06,40.34375_-121.78125,71708.3,channel
uf_06,40.34375_-121.84375,70044.4,center
uf_06,40.34375_-121.90625,64970.5,center
uf_06,40.34375_-121.96875,29391.9,center
uf_06,40.34375_-122.03125,33413.5,fallback
uf_06,40.34375_-122.09375,14611.0,center
uf_06,40.34375_-122.15625,4957.0,channel
uf_06,40.34375_-122.21875,11325.4,channel
uf_06,40.34375_-122.28125,35004.0,channel
uf_06,40.34375_-122.34375,36595.6,channel
uf_06,40.34375_-122.40625,43695.8,channel
uf_06,40.34375_-122.46875,50579.7,channel
uf_06,40.34375_-122.53125,67957.5,channel
uf_06,40.34375_-122.59375,69496.9,channel
uf_06,40.34375_-122.65625,76754.2,channel
uf_06,40.34375_-122.71875,85829.1,channel
uf_06,40.34375_-122.78125,94462.5,channel
uf_06,40.34375_-122.84375,101843.0,channel
uf_06,40.34375_-122.90625,108407.4,channel
uf_06,40.34375_-122.96875,119759.5,channel
uf_06,40.34375_-123.03125,126699.1,channel
uf_06,40.34375_-123.09375,178231.7,fallback
uf_06,40.40625_-121.53125,131656.0,fallback
uf_06,40.40625_-121.59375,100197.4,channel
uf_06,40.40625_-121.65625,85417.2,channel
uf_06,40.40625_-121.71875,76488.6,channel
uf_06,40.40625_-121.78125,71583.6,channel
uf_06,40.40625_-121.84375,63651.8,channel
uf_06,40.40625_-121.90625,55581.4,channel
uf_06,40.40625_-121.96875,48637.1,channel
uf_06,40.40625_-122.03125,40951.9,channel
uf_06,40.40625_-122.09375,32675.3,channel
uf_06,40.40625_-122.15625,22031.3,channel
uf_06,40.40625_-122.21875,22559.6,channel
uf_06,40.40625_-122.28125,29464.0,channel
uf_06,40.40625_-122.34375,41468.5,channel
uf_06,40.40625_-122.40625,47702.2,channel
uf_06,40.40625_-122.46875,51633.6,channel
uf_06,40.40625_-122.53125,58186.6,channel
uf_06,40.40625_-122.59375,66536.2,channel
uf_06,40.40625_-122.65625,74637.8,channel
uf_06,40.40625_-122.71875,98499.3,channel
uf_06,40.40625_-122.78125,96653.4,channel
uf_06,40.40625_-122.84375,110031.5,channel
uf_06,40.40625_-122.90625,117222.6,channel
uf_06,40.40625_-122.96875,141634.5,center
uf_06,40.40625_-123.03125,168073.3,fallback
uf_06,40.46875_-121.21875,194783.1,fallback
uf_06,40.46875_-121.28125,333928.9,channel
uf_06,40.46875_-121.34375,338769.1,center
uf_06,40.46875_-121.40625,159383.5,fallback
uf_06,40.46875_-121.46875,147722.2,fallback
uf_06,40.46875_-121.53125,136159.9,fallback
uf_06,40.46875_-121.59375,92791.7,channel
uf_06,40.46875_-121.65625,89153.7,channel
uf_06,40.46875_-121.71875,78206.6,channel
uf_06,40.46875_-121.78125,72314.9,channel
uf_06,40.46875_-121.84375,62816.4,channel
uf_06,40.46875_-121.90625,60328.1,channel
uf_06,40.46875_-121.96875,50796.7,channel
uf_06,40.46875_-122.03125,49923.1,channel
uf_06,40.46875_-122.09375,40030.5,channel
uf_06,40.46875_-122.15625,33847.4,channel
uf_06,40.46875_-122.21875,30690.8,channel
uf_06,40.46875_-122.28125,36529.4,channel
uf_06,40.46875_-122.34375,43378.4,channel
uf_06,40.46875_-122.40625,55728.2,channel
uf_06,40.46875_-122.46875,58794.0,channel
uf_06,40.46875_-122.53125,66197.2,channel
uf_06,40.46875_-122.59375,72272.4,channel
uf_06,40.46875_-122.65625,80214.4,channel
uf_06,40.46875_-122.71875,88157.8,channel
uf_06,40.46875_-122.78125,111671.3,channel
uf_06,40.46875_-122.84375,115208.6,channel
uf_06,40.46875_-122.90625,148186.9,fallback
uf_06,40.53125_-121.15625,210751.7,fallback
uf_06,40.53125_-121.21875,199107.4,fallback
uf_06,40.53125_-121.28125,323951.0,channel
uf_06,40.53125_-121.34375,332217.7,channel
uf_06,40.53125_-121.40625,307561.9,channel
uf_06,40.53125_-121.46875,307180.7,channel
uf_06,40.53125_-121.53125,313163.3,channel
uf_06,40.53125_-121.59375,95098.6,channel
uf_06,40.53125_-121.65625,88331.9,channel
uf_06,40.53125_-121.71875,80332.4,channel
uf_06,40.53125_-121.78125,73168.6,channel
uf_06,40.53125_-121.84375,77437.2,channel
uf_06,40.53125_-121.90625,68356.4,channel
uf_06,40.53125_-121.96875,61126.6,channel
uf_06,40.53125_-122.03125,53926.4,channel
uf_06,40.53125_-122.09375,61576.1,channel
uf_06,40.53125_-122.15625,52773.4,channel
uf_06,40.53125_-122.21875,39331.1,channel
uf_06,40.53125_-122.28125,42183.8,channel
uf_06,40.53125_-122.34375,49859.2,channel
uf_06,40.53125_-122.40625,57435.5,channel
uf_06,40.53125_-122.46875,60045.3,channel
uf_06,40.53125_-122.53125,66731.4,channel
uf_06,40.53125_-122.59375,83429.2,channel
uf_06,40.53125_-122.65625,100094.2,channel
uf_06,40.53125_-122.71875,97978.7,channel
uf_06,40.53125_-122.78125,100494.7,channel
uf_06,40.53125_-122.84375,142780.7,fallback
uf_06,40.59375_-121.03125,238875.5,fallback
uf_06,40.59375_-121.09375,227369.1,fallback
uf_06,40.59375_-121.15625,326278.8,channel
uf_06,40.59375_-121.21875,318091.0,channel
uf_06,40.59375_-121.28125,314503.5,channel
uf_06,40.59375_-121.34375,317030.4,channel
uf_06,40.59375_-121.40625,298648.3,channel
uf_06,40.59375_-121.46875,298374.3,channel
uf_06,40.59375_-121.53125,303659.1,channel
uf_06,40.59375_-121.59375,139712.3,fallback
uf_06,40.59375_-121.65625,91980.3,channel
uf_06,40.59375_-121.71875,87461.5,channel
uf_06,40.59375_-121.78125,97680.7,channel
uf_06,40.59375_-121.84375,90840.8,channel
uf_06,40.59375_-121.90625,83692.6,channel
uf_06,40.59375_-121.96875,78527.1,channel
uf_06,40.59375_-122.03125,71286.3,channel
uf_06,40.59375_-122.09375,65020.2,channel
uf_06,40.59375_-122.15625,56165.1,channel
uf_06,40.59375_-122.21875,48555.1,channel
uf_06,40.59375_-122.28125,50178.6,channel
uf_06,40.59375_-122.34375,60274.4,channel
uf_06,40.59375_-122.40625,59206.7,channel
uf_06,40.59375_-122.46875,69959.8,channel
uf_06,40.59375_-122.53125,76140.3,channel
uf_06,40.59375_-122.59375,87662.9,channel
uf_06,40.59375_-122.65625,107685.3,channel
uf_06,40.59375_-122.71875,130159.5,fallback
uf_06,40.65625_-121.03125,244501.2,fallback
uf_06,40.65625_-121.09375,339673.3,channel
uf_06,40.65625_-121.15625,326956.6,channel
uf_06,40.65625_-121.21875,310530.4,channel
uf_06,40.65625_-121.28125,303848.9,channel
uf_06,40.65625_-121.34375,312276.8,channel
uf_06,40.65625_-121.40625,286438.1,channel
uf_06,40.65625_-121.46875,288913.2,channel
uf_06,40.65625_-121.53125,300114.0,channel
uf_06,40.65625_-121.59375,149244.5,fallback
uf_06,40.65625_-121.65625,116789.9,channel
uf_06,40.65625_-121.71875,110374.1,channel
uf_06,40.65625_-121.78125,101796.7,channel
uf_06,40.65625_-121.84375,94872.0,channel
uf_06,40.65625_-121.90625,85364.1,channel
uf_06,40.65625_-121.96875,80691.2,channel
uf_06,40.65625_-122.03125,70430.1,channel
uf_06,40.65625_-122.09375,69601.2,channel
uf_06,40.65625_-122.15625,62244.7,channel
uf_06,40.65625_-122.21875,56312.1,channel
uf_06,40.65625_-122.28125,58938.5,channel
uf_06,40.65625_-122.34375,66470.2,channel
uf_06,40.65625_-122.40625,71102.6,channel
uf_06,40.65625_-122.46875,73962.6,channel
uf_06,40.65625_-122.53125,86705.8,channel
uf_06,40.65625_-122.59375,87032.9,channel
uf_06,40.65625_-122.65625,95194.0,channel
uf_06,40.65625_-122.71875,104366.4,channel
uf_06,40.65625_-122.78125,149623.5,fallback
uf_06,40.71875_-120.96875,262045.6,fallback
uf_06,40.71875_-121.03125,251028.5,fallback
uf_06,40.71875_-121.09375,240126.1,fallback
uf_06,40.71875_-121.15625,324344.3,channel
uf_06,40.71875_-121.21875,313616.8,channel
uf_06,40.71875_-121.28125,301010.0,channel
uf_06,40.71875_-121.34375,292782.8,channel
uf_06,40.71875_-121.40625,279965.3,channel
uf_06,40.71875_-121.46875,273464.0,channel
uf_06,40.71875_-121.53125,278699.9,channel
uf_06,40.71875_-121.59375,286902.0,channel
uf_06,40.71875_-121.65625,275188.1,channel
uf_06,40.71875_-121.71875,266448.2,channel
uf_06,40.71875_-121.78125,102558.2,channel
uf_06,40.71875_-121.84375,94792.5,channel
uf_06,40.71875_-121.90625,87913.4,channel
uf_06,40.71875_-121.96875,89924.9,channel
uf_06,40.71875_-122.03125,82648.8,channel
uf_06,40.71875_-122.09375,73820.1,channel
uf_06,40.71875_-122.15625,117998.0,channel
uf_06,40.71875_-122.21875,115954.7,channel
uf_06,40.71875_-122.28125,66384.9,channel
uf_06,40.71875_-122.34375,68296.9,channel
uf_06,40.71875_-122.40625,87444.8,channel
uf_06,40.71875_-122.46875,83904.3,channel
uf_06,40.71875_-122.53125,87787.5,channel
uf_06,40.71875_-122.59375,108186.1,channel
uf_06,40.71875_-122.65625,102777.2,channel
uf_06,40.71875_-122.71875,151559.4,fallback
uf_06,40.71875_-122.78125,160176.9,fallback
uf_06,40.78125_-120.90625,279923.2,fallback
uf_06,40.78125_-120.96875,321408.6,channel
uf_06,40.78125_-121.03125,320650.4,channel
uf_06,40.78125_-121.09375,318248.6,channel
uf_06,40.78125_-121.15625,317162.3,channel
uf_06,40.78125_-121.21875,302820.0,channel
uf_06,40.78125_-121.28125,301153.5,channel
uf_06,40.78125_-121.34375,286307.8,channel
uf_06,40.78125_-121.40625,278167.2,channel
uf_06,40.78125_-121.46875,270602.9,channel
uf_06,40.78125_-121.53125,263972.2,channel
uf_06,40.78125_-121.59375,171254.6,fallback
uf_06,40.78125_-121.65625,261663.0,channel
uf_06,40.78125_-121.71875,257128.9,channel
uf_06,40.78125_-121.78125,264321.0,channel
uf_06,40.78125_-121.84375,105048.6,channel
uf_06,40.78125_-121.90625,96785.6,channel
uf_06,40.78125_-121.96875,96389.6,channel
uf_06,40.78125_-122.03125,84334.5,channel
uf_06,40.78125_-122.09375,124965.4,channel
uf_06,40.78125_-122.15625,122226.0,channel
uf_06,40.78125_-122.21875,110447.3,channel
uf_06,40.78125_-122.28125,104081.9,channel
uf_06,40.78125_-122.34375,97159.5,channel
uf_06,40.78125_-122.40625,95911.7,channel
uf_06,40.78125_-122.46875,102206.9,channel
uf_06,40.78125_-122.53125,118757.2,channel
uf_06,40.78125_-122.59375,112074.0,channel
uf_06,40.78125_-122.65625,112752.1,channel
uf_06,40.78125_-122.71875,163576.7,fallback
uf_06,40.84375_-120.84375,341769.2,center
uf_06,40.84375_-120.90625,326986.8,channel
uf_06,40.84375_-120.96875,319307.7,channel
uf_06,40.84375_-121.03125,311983.8,channel
uf_06,40.84375_-121.09375,308975.8,channel
uf_06,40.84375_-121.15625,297817.4,channel
uf_06,40.84375_-121.21875,298050.0,channel
uf_06,40.84375_-121.28125,291741.8,channel
uf_06,40.84375_-121.34375,217435.9,fallback
uf_06,40.84375_-121.40625,208374.3,fallback
uf_06,40.84375_-121.46875,263269.1,channel
uf_06,40.84375_-121.53125,251979.2,channel
uf_06,40.84375_-121.59375,259557.8,center
uf_06,40.84375_-121.65625,243592.6,channel
uf_06,40.84375_-121.71875,245260.8,channel
uf_06,40.84375_-121.78125,170150.2,channel
uf_06,40.84375_-121.84375,161429.1,channel
uf_06,40.84375_-121.90625,154640.7,channel
uf_06,40.84375_-121.96875,145658.4,channel
uf_06,40.84375_-122.03125,135931.5,channel
uf_06,40.84375_-122.09375,135318.0,channel
uf_06,40.84375_-122.15625,123364.1,channel
uf_06,40.84375_-122.21875,117445.0,channel
uf_06,40.84375_-122.28125,110603.6,channel
uf_06,40.84375_-122.34375,116587.8,channel
uf_06,40.84375_-122.40625,105209.8,channel
uf_06,40.84375_-122.46875,102129.4,channel
uf_06,40.84375_-122.53125,109880.4,channel
uf_06,40.84375_-122.59375,122016.3,channel
uf_06,40.84375_-122.65625,169338.3,fallback
uf_06,40.90625_-120.78125,316445.7,fallback
uf_06,40.90625_-120.84375,335345.4,channel
uf_06,40.90625_-120.90625,328341.9,channel
uf_06,40.90625_-120.96875,317465.6,channel
uf_06,40.90625_-121.03125,309766.6,channel
uf_06,40.90625_-121.09375,302776.8,channel
uf_06,40.90625_-121.15625,292468.7,channel
uf_06,40.90625_-121.21875,286629.5,channel
uf_06,40.90625_-121.28125,283429.9,channel
uf_06,40.90625_-121.34375,228211.4,fallback
uf_06,40.90625_-121.40625,219603.3,fallback
uf_06,40.90625_-121.46875,211347.4,fallback
uf_06,40.90625_-121.53125,238181.9,channel
uf_06,40.90625_-121.59375,196068.6,fallback
uf_06,40.90625_-121.65625,233959.1,channel
uf_06,40.90625_-121.71875,241161.5,channel
uf_06,40.90625_-121.78125,248087.2,channel
uf_06,40.90625_-121.84375,161529.9,channel
uf_06,40.90625_-121.90625,154516.6,channel
uf_06,40.90625_-121.96875,153195.5,channel
uf_06,40.90625_-122.03125,148446.9,channel
uf_06,40.90625_-122.09375,135230.3,channel
uf_06,40.90625_-122.15625,141838.0,channel
uf_06,40.90625_-122.21875,120008.9,channel
uf_06,40.90625_-122.28125,125842.7,channel
uf_06,40.90625_-122.34375,119491.9,channel
uf_06,40.90625_-122.40625,117710.5,channel
uf_06,40.90625_-122.46875,133790.9,channel
uf_06,40.90625_-122.53125,139265.9,channel
uf_06,40.90625_-122.59375,134043.2,channel
uf_06,40.90625_-122.65625,183016.6,fallback
uf_06,40.96875_-120.59375,356025.4,fallback
uf_06,40.96875_-120.65625,402934.6,channel
uf_06,40.96875_-120.71875,405024.8,channel
uf_06,40.96875_-120.78125,379330.1,channel
uf_06,40.96875_-120.84375,376623.1,channel
uf_06,40.96875_-120.90625,331449.4,channel
uf_06,40.96875_-120.96875,339117.0,channel
uf_06,40.96875_-121.03125,332948.2,channel
uf_06,40.96875_-121.09375,321443.5,channel
uf_06,40.96875_-121.15625,291323.5,channel
uf_06,40.96875_-121.21875,281854.8,channel
uf_06,40.96875_-121.28125,276278.5,channel
uf_06,40.96875_-121.34375,270739.1,channel
uf_06,40.96875_-121.40625,248327.1,channel
uf_06,40.96875_-121.46875,239430.1,channel
uf_06,40.96875_-121.53125,230856.0,channel
uf_06,40.96875_-121.59375,227721.1,channel
uf_06,40.96875_-121.65625,223952.4,channel
uf_06,40.96875_-121.71875,204911.7,channel
uf_06,40.96875_-121.78125,195087.3,channel
uf_06,40.96875_-121.84375,185818.9,channel
uf_06,40.96875_-121.90625,184805.6,channel
uf_06,40.96875_-121.96875,161943.9,channel
uf_06,40.96875_-122.03125,151437.3,channel
uf_06,40.96875_-122.09375,147049.0,channel
uf_06,40.96875_-122.15625,138522.8,channel
uf_06,40.96875_-122.21875,129153.8,channel
uf_06,40.96875_-122.28125,132358.5,channel
uf_06,40.96875_-122.34375,147428.8,channel
uf_06,40.96875_-122.40625,129550.8,channel
uf_06,40.96875_-122.46875,135077.2,channel
uf_06,40.96875_-122.53125,145370.6,channel
uf_06,40.96875_-122.59375,144090.3,channel
uf_06,41.03125_-120.21875,537289.8,center
uf_06,41.03125_-120.28125,417119.6,fallback
uf_06,41.03125_-120.34375,528927.9,center
uf_06,41.03125_-120.40625,395616.7,fallback
uf_06,41.03125_-120.59375,402443.3,channel
uf_06,41.03125_-120.65625,393005.9,channel
uf_06,41.03125_-120.71875,395421.2,channel
uf_06,41.03125_-120.78125,378494.7,channel
uf_06,41.03125_-120.84375,369324.5,channel
uf_06,41.03125_-120.90625,367445.4,channel
uf_06,41.03125_-120.96875,330319.8,channel
uf_06,41.03125_-121.03125,324192.7,channel
uf_06,41.03125_-121.09375,310081.8,channel
uf_06,41.03125_-121.15625,300337.5,channel
uf_06,41.03125_-121.21875,305585.4,channel
uf_06,41.03125_-121.28125,267519.7,channel
uf_06,41.03125_-121.34375,260402.7,channel
uf_06,41.03125_-121.40625,250779.6,channel
uf_06,41.03125_-121.46875,250935.0,channel
uf_06,41.03125_-121.53125,262626.2,channel
uf_06,41.03125_-121.59375,222129.5,channel
uf_06,41.03125_-121.65625,213096.6,channel
uf_06,41.03125_-121.71875,207771.1,channel
uf_06,41.03125_-121.78125,206913.8,channel
uf_06,41.03125_-121.84375,184859.1,channel
uf_06,41.03125_-121.90625,175903.2,channel
uf_06,41.03125_-121.96875,170927.8,channel
uf_06,41.03125_-122.03125,156958.7,channel
uf_06,41.03125_-122.09375,157982.8,channel
uf_06,41.03125_-122.15625,150526.8,channel
uf_06,41.03125_-122.21875,141763.0,channel
uf_06,41.03125_-122.28125,161131.7,channel
uf_06,41.03125_-122.34375,153274.2,channel
uf_06,41.03125_-122.40625,142443.4,channel
uf_06,41.03125_-122.46875,149209.0,channel
uf_06,41.03125_-122.53125,145820.3,channel
uf_06,41.09375_-120.15625,445954.7,fallback
uf_06,41.09375_-120.21875,531427.3,channel
uf_06,41.09375_-120.28125,523880.5,channel
uf_06,41.09375_-120.34375,511757.6,channel
uf_06,41.09375_-120.40625,518908.5,channel
uf_06,41.09375_-120.46875,506899.8,center
uf_06,41.09375_-120.53125,502912.2,channel
uf_06,41.09375_-120.59375,397202.7,channel
uf_06,41.09375_-120.65625,388929.4,channel
uf_06,41.09375_-120.71875,380195.4,channel
uf_06,41.09375_-120.78125,379182.6,channel
uf_06,41.09375_-120.84375,363667.6,channel
uf_06,41.09375_-120.90625,359201.8,channel
uf_06,41.09375_-120.96875,355907.2,channel
uf_06,41.09375_-121.03125,322361.1,channel
uf_06,41.09375_-121.09375,311582.1,channel
uf_06,41.09375_-121.15625,310027.0,channel
uf_06,41.09375_-121.21875,316110.6,channel
uf_06,41.09375_-121.28125,298007.5,channel
uf_06,41.09375_-121.34375,284229.5,channel
uf_06,41.09375_-121.40625,277009.0,channel
uf_06,41.09375_-121.46875,265139.7,channel
uf_06,41.09375_-121.53125,279208.0,channel
uf_06,41.09375_-121.59375,293370.1,channel
uf_06,41.09375_-121.65625,224699.4,channel
uf_06,41.09375_-121.71875,223405.0,channel
uf_06,41.09375_-121.78125,219622.0,channel
uf_06,41.09375_-121.84375,193818.4,channel
uf_06,41.09375_-121.90625,181717.9,channel
uf_06,41.09375_-121.96875,190877.7,channel
uf_06,41.09375_-122.03125,169697.3,channel
uf_06,41.09375_-122.09375,161827.6,channel
uf_06,41.09375_-122.15625,154340.4,channel
uf_06,41.09375_-122.21875,151103.3,channel
uf_06,41.09375_-122.28125,161516.4,channel
uf_06,41.09375_-122.34375,155479.3,channel
uf_06,41.09375_-122.40625,159407.9,channel
uf_06,41.09375_-122.46875,163662.7,center
uf_06,41.09375_-122.53125,217216.3,fallback
uf_06,41.15625_-120.15625,532700.1,channel
uf_06,41.15625_-120.21875,528433.8,channel
uf_06,41.15625_-120.28125,514924.4,channel
uf_06,41.15625_-120.34375,507322.1,channel
uf_06,41.15625_-120.40625,502786.9,channel
uf_06,41.15625_-120.46875,494179.8,channel
uf_06,41.15625_-120.53125,493422.7,channel
uf_06,41.15625_-120.59375,503091.2,channel
uf_06,41.15625_-120.65625,507210.4,channel
uf_06,41.15625_-120.71875,380087.3,channel
uf_06,41.15625_-120.78125,371541.3,channel
uf_06,41.15625_-120.84375,364893.4,channel
uf_06,41.15625_-120.90625,352898.6,channel
uf_06,41.15625_-120.96875,347091.3,channel
uf_06,41.15625_-121.03125,337525.8,channel
uf_06,41.15625_-121.09375,330679.0,channel
uf_06,41.15625_-121.15625,323096.5,channel
uf_06,41.15625_-121.21875,323911.6,channel
uf_06,41.15625_-121.28125,299552.3,channel
uf_06,41.15625_-121.34375,284755.3,channel
uf_06,41.15625_-121.40625,287251.9,channel
uf_06,41.15625_-121.46875,281396.7,channel
uf_06,41.15625_-121.53125,294205.8,channel
uf_06,41.15625_-121.59375,294406.4,channel
uf_06,41.15625_-121.65625,308790.6,channel
uf_06,41.15625_-121.71875,317396.8,channel
uf_06,41.15625_-121.78125,201146.1,channel
uf_06,41.15625_-121.84375,193857.0,channel
uf_06,41.15625_-121.90625,191821.3,channel
uf_06,41.15625_-121.96875,184322.0,channel
uf_06,41.15625_-122.03125,182450.7,channel
uf_06,41.15625_-122.09375,171536.5,channel
uf_06,41.15625_-122.15625,163767.8,channel
uf_06,41.15625_-122.21875,180011.7,channel
uf_06,41.15625_-122.28125,169193.5,channel
uf_06,41.15625_-122.34375,165638.3,channel
uf_06,41.15625_-122.40625,175290.7,channel
uf_06,41.15625_-122.46875,229306.5,fallback
uf_06,41.21875_-120.15625,533311.2,channel
uf_06,41.21875_-120.21875,520157.2,channel
uf_06,41.21875_-120.28125,512065.2,channel
uf_06,41.21875_-120.34375,501979.9,channel
uf_06,41.21875_-120.40625,494597.8,channel
uf_06,41.21875_-120.46875,487910.0,channel
uf_06,41.21875_-120.53125,483945.5,channel
uf_06,41.21875_-120.59375,486181.1,channel
uf_06,41.21875_-120.65625,490663.2,channel
uf_06,41.21875_-120.71875,390188.5,channel
uf_06,41.21875_-120.78125,392151.3,channel
uf_06,41.21875_-120.84375,360728.3,channel
uf_06,41.21875_-120.90625,351879.3,channel
uf_06,41.21875_-120.96875,345050.4,channel
uf_06,41.21875_-121.03125,338608.8,channel
uf_06,41.21875_-121.09375,344568.8,channel
uf_06,41.21875_-121.15625,334231.5,channel
uf_06,41.21875_-121.21875,337272.2,channel
uf_06,41.21875_-121.28125,337073.2,channel
uf_06,41.21875_-121.34375,344287.5,channel
uf_06,41.21875_-121.40625,294848.1,channel
uf_06,41.21875_-121.46875,304707.4,channel
uf_06,41.21875_-121.53125,305974.6,channel
uf_06,41.21875_-121.59375,304808.3,channel
uf_06,41.21875_-121.65625,309067.9,channel
uf_06,41.21875_-121.71875,318989.6,channel
uf_06,41.21875_-121.78125,228378.2,channel
uf_06,41.21875_-121.84375,225736.2,channel
uf_06,41.21875_-121.90625,210235.7,channel
uf_06,41.21875_-121.96875,200384.5,channel
uf_06,41.21875_-122.03125,183285.5,channel
uf_06,41.21875_-122.09375,182698.0,channel
uf_06,41.21875_-122.15625,174526.3,channel
uf_06,41.21875_-122.21875,180445.0,channel
uf_06,41.21875_-122.28125,177721.5,channel
uf_06,41.21875_-122.34375,180444.4,channel
uf_06,41.21875_-122.40625,208725.4,channel
uf_06,41.21875_-122.46875,210618.2,channel
uf_06,41.21875_-122.53125,247922.8,fallback
uf_06,41.28125_-120.15625,469724.7,fallback
uf_06,41.28125_-120.21875,518331.4,channel
uf_06,41.28125_-120.28125,510049.5,channel
uf_06,41.28125_-120.34375,492636.8,channel
uf_06,41.28125_-120.40625,490610.1,channel
uf_06,41.28125_-120.46875,483399.8,channel
uf_06,41.28125_-120.53125,472625.2,channel
uf_06,41.28125_-120.59375,476277.3,channel
uf_06,41.28125_-120.65625,487395.4,channel
uf_06,41.28125_-120.71875,494157.9,channel
uf_06,41.28125_-120.78125,437156.4,channel
uf_06,41.28125_-120.84375,366655.1,channel
uf_06,41.28125_-120.90625,359426.6,channel
uf_06,41.28125_-120.96875,358621.9,channel
uf_06,41.28125_-121.03125,366295.0,channel
uf_06,41.28125_-121.09375,352431.7,channel
uf_06,41.28125_-121.15625,346052.2,channel
uf_06,41.28125_-121.21875,340894.8,channel
uf_06,41.28125_-121.28125,350517.7,channel
uf_06,41.28125_-121.34375,358234.2,channel
uf_06,41.28125_-121.40625,346906.1,channel
uf_06,41.28125_-121.46875,346705.4,channel
uf_06,41.28125_-121.53125,314750.8,channel
uf_06,41.28125_-121.59375,317693.5,channel
uf_06,41.28125_-121.65625,319413.2,channel
uf_06,41.28125_-121.71875,323040.8,channel
uf_06,41.28125_-121.78125,227898.9,channel
uf_06,41.28125_-121.84375,219345.6,channel
uf_06,41.28125_-121.90625,212027.5,channel
uf_06,41.28125_-121.96875,208041.6,channel
uf_06,41.28125_-122.03125,194100.3,channel
uf_06,41.28125_-122.09375,192346.9,channel
uf_06,41.28125_-122.15625,183463.0,channel
uf_06,41.28125_-122.21875,198022.2,channel
uf_06,41.28125_-122.28125,187772.4,channel
uf_06,41.28125_-122.34375,193080.7,channel
uf_06,41.28125_-122.40625,201278.8,channel
uf_06,41.28125_-122.46875,208549.9,channel
uf_06,41.28125_-122.53125,263400.5,fallback
uf_06,41.34375_-120.21875,523326.6,channel
uf_06,41.34375_-120.28125,477109.5,channel
uf_06,41.34375_-120.34375,486174.4,channel
uf_06,41.34375_-120.40625,482839.9,channel
uf_06,41.34375_-120.46875,469051.7,channel
uf_06,41.34375_-120.53125,463145.3,channel
uf_06,41.34375_-120.59375,435943.1,channel
uf_06,41.34375_-120.65625,430060.3,channel
uf_06,41.34375_-120.71875,427343.6,channel
uf_06,41.34375_-120.78125,415036.1,channel
uf_06,41.34375_-120.84375,401493.6,channel
uf_06,41.34375_-120.90625,368786.1,channel
uf_06,41.34375_-120.96875,376396.2,channel
uf_06,41.34375_-121.03125,368899.3,channel
uf_06,41.34375_-121.09375,361711.3,channel
uf_06,41.34375_-121.15625,355666.5,channel
uf_06,41.34375_-121.21875,362957.5,channel
uf_06,41.34375_-121.28125,354248.5,channel
uf_06,41.34375_-121.34375,359300.0,channel
uf_06,41.34375_-121.40625,348123.0,channel
uf_06,41.34375_-121.46875,337446.1,channel
uf_06,41.34375_-121.53125,327926.1,channel
uf_06,41.34375_-121.59375,324558.8,channel
uf_06,41.34375_-121.65625,329205.2,channel
uf_06,41.34375_-121.71875,333822.0,channel
uf_06,41.34375_-121.78125,349285.4,channel
uf_06,41.34375_-121.84375,229154.6,channel
uf_06,41.34375_-121.90625,219270.7,channel
uf_06,41.34375_-121.96875,220699.0,channel
uf_06,41.34375_-122.03125,232781.9,channel
uf_06,41.34375_-122.09375,203963.2,channel
uf_06,41.34375_-122.15625,192536.6,channel
uf_06,41.34375_-122.21875,208729.8,channel
uf_06,41.34375_-122.28125,201909.0,channel
uf_06,41.34375_-122.34375,202627.6,channel
uf_06,41.34375_-122.40625,209399.2,channel
uf_06,41.34375_-122.46875,276275.3,fallback
uf_06,41.40625_-120.21875,487828.8,channel
uf_06,41.40625_-120.28125,475457.6,channel
uf_06,41.40625_-120.34375,467809.4,channel
uf_06,41.40625_-120.40625,476455.8,channel
uf_06,41.40625_-120.46875,475652.9,channel
uf_06,41.40625_-120.53125,451854.4,channel
uf_06,41.40625_-120.59375,457981.7,channel
uf_06,41.40625_-120.65625,425236.3,channel
uf_06,41.40625_-120.71875,416986.6,channel
uf_06,41.40625_-120.78125,408783.7,channel
uf_06,41.40625_-120.84375,399177.4,channel
uf_06,41.40625_-120.90625,390464.9,channel
uf_06,41.40625_-120.96875,382940.0,channel
uf_06,41.40625_-121.03125,374102.7,channel
uf_06,41.40625_-121.09375,392384.5,channel
uf_06,41.40625_-121.15625,374760.1,channel
uf_06,41.40625_-121.21875,367249.8,channel
uf_06,41.40625_-121.28125,365789.6,channel
uf_06,41.40625_-121.34375,372131.0,channel
uf_06,41.40625_-121.40625,356026.9,center
uf_06,41.40625_-121.46875,344709.7,channel
uf_06,41.40625_-121.53125,356163.2,channel
uf_06,41.40625_-121.59375,336456.9,channel
uf_06,41.40625_-121.65625,332483.8,channel
uf_06,41.40625_-121.71875,346051.1,channel
uf_06,41.40625_-121.78125,351137.8,channel
uf_06,41.40625_-121.84375,239812.0,channel
uf_06,41.40625_-121.90625,230341.7,channel
uf_06,41.40625_-121.96875,230071.5,channel
uf_06,41.40625_-122.03125,233476.6,channel
uf_06,41.40625_-122.09375,241589.1,channel
uf_06,41.40625_-122.15625,213806.7,channel
uf_06,41.40625_-122.21875,213073.1,channel
uf_06,41.40625_-122.28125,287408.1,fallback
uf_06,41.40625_-122.34375,288442.1,fallback
uf_06,41.40625_-122.40625,289981.0,fallback
uf_06,41.46875_-120.21875,487469.0,fallback
uf_06,41.46875_-120.28125,478993.8,channel
uf_06,41.46875_-120.34375,471780.9,channel
uf_06,41.46875_-120.40625,464128.8,channel
uf_06,41.46875_-120.46875,453162.7,channel
uf_06,41.46875_-120.53125,445658.7,channel
uf_06,41.46875_-120.59375,435685.8,channel
uf_06,41.46875_-120.65625,428845.1,channel
uf_06,41.46875_-120.71875,420235.0,channel
uf_06,41.46875_-120.78125,417109.9,channel
uf_06,41.46875_-120.84375,399686.7,channel
uf_06,41.46875_-120.90625,408072.9,channel
uf_06,41.46875_-120.96875,410563.8,channel
uf_06,41.46875_-121.03125,387631.7,channel
uf_06,41.46875_-121.09375,393680.3,channel
uf_06,41.46875_-121.15625,362923.0,fallback
uf_06,41.46875_-121.21875,378222.3,channel
uf_06,41.46875_-121.28125,350138.1,fallback
uf_06,41.46875_-121.34375,344209.4,fallback
uf_06,41.46875_-121.40625,338611.9,fallback
uf_06,41.46875_-121.46875,333362.3,fallback
uf_06,41.46875_-121.53125,353378.8,channel
uf_06,41.46875_-121.59375,344907.8,channel
uf_06,41.46875_-121.65625,343945.0,channel
uf_06,41.46875_-121.71875,347810.7,channel
uf_06,41.46875_-121.78125,359040.2,channel
uf_06,41.46875_-121.84375,245367.1,channel
uf_06,41.46875_-121.90625,241555.7,channel
uf_06,41.46875_-121.96875,305793.7,fallback
uf_06,41.46875_-122.03125,304355.6,fallback
uf_06,41.46875_-122.09375,246458.6,channel
uf_06,41.53125_-120.28125,482065.9,channel
uf_06,41.53125_-120.34375,476494.0,channel
uf_06,41.53125_-120.40625,462624.7,channel
uf_06,41.53125_-120.46875,454149.7,channel
uf_06,41.53125_-120.53125,443451.2,channel
uf_06,41.53125_-120.59375,439495.2,channel
uf_06,41.53125_-120.65625,441370.1,channel
uf_06,41.53125_-120.71875,428805.2,channel
uf_06,41.53125_-120.78125,425574.2,channel
uf_06,41.53125_-120.84375,427293.3,channel
uf_06,41.53125_-120.90625,411327.6,channel
uf_06,41.53125_-120.96875,415668.8,channel
uf_06,41.53125_-121.03125,396473.5,channel
uf_06,41.53125_-121.09375,382947.6,fallback
uf_06,41.53125_-121.15625,376369.2,fallback
uf_06,41.53125_-121.21875,370071.4,fallback
uf_06,41.53125_-121.28125,364068.8,fallback
uf_06,41.53125_-121.34375,358376.2,fallback
uf_06,41.53125_-121.40625,353008.6,fallback
uf_06,41.53125_-121.46875,347981.1,fallback
uf_06,41.53125_-121.53125,357035.1,channel
uf_06,41.53125_-121.59375,354373.9,channel
uf_06,41.53125_-121.65625,354506.3,channel
uf_06,41.53125_-121.71875,358241.4,channel
uf_06,41.53125_-121.78125,379004.1,channel
uf_06,41.53125_-121.84375,374439.1,channel
uf_06,41.53125_-121.90625,323508.8,fallback
uf_06,41.59375_-120.28125,481935.0,channel
uf_06,41.59375_-120.34375,474937.1,channel
uf_06,41.59375_-120.40625,466266.3,channel
uf_06,41.59375_-120.46875,464144.9,channel
uf_06,41.59375_-120.53125,460412.4,channel
uf_06,41.59375_-120.59375,450437.5,channel
uf_06,41.59375_-120.65625,454907.1,channel
uf_06,41.59375_-120.71875,463607.6,channel
uf_06,41.59375_-120.78125,435431.0,channel
uf_06,41.59375_-120.84375,424263.9,fallback
uf_06,41.59375_-120.90625,416934.1,fallback
uf_06,41.59375_-120.96875,407409.1,channel
uf_06,41.59375_-121.03125,402969.1,fallback
uf_06,41.59375_-121.28125,378167.5,fallback
uf_06,41.59375_-121.34375,372695.6,fallback
uf_06,41.59375_-121.40625,367542.1,fallback
uf_06,41.59375_-121.46875,362720.8,fallback
uf_06,41.59375_-121.53125,364207.3,channel
uf_06,41.59375_-121.59375,364338.4,channel
uf_06,41.59375_-121.65625,350381.3,fallback
uf_06,41.59375_-121.71875,347018.4,fallback
uf_06,41.65625_-120.28125,509503.3,fallback
uf_06,41.65625_-120.34375,480902.9,channel
uf_06,41.65625_-120.40625,472428.2,channel
uf_06,41.65625_-120.46875,478871.8,channel
uf_06,41.65625_-120.53125,462245.1,channel
uf_06,41.65625_-120.59375,475045.2,channel
uf_06,41.65625_-120.65625,462224.1,channel
uf_06,41.65625_-120.71875,473058.3,channel
uf_06,41.65625_-120.78125,444106.4,channel
uf_06,41.65625_-120.84375,436971.4,fallback
uf_06,41.65625_-121.28125,392416.0,fallback
uf_06,41.71875_-120.28125,511502.1,channel
uf_06,41.71875_-120.34375,504278.0,channel
uf_06,41.71875_-120.40625,494295.7,channel
uf_06,41.71875_-120.46875,482085.4,channel
uf_06,41.71875_-120.53125,472586.9,channel
uf_06,41.71875_-120.59375,478408.9,channel
uf_06,41.71875_-120.65625,472634.2,channel
uf_06,41.71875_-120.71875,474444.8,channel
uf_06,41.71875_-120.78125,457001.6,fallback
uf_06,41.78125_-120.53125,499367.7,channel
uf_06,41.78125_-120.59375,485150.0,channel
uf_06,41.78125_-120.65625,482202.6,channel
uf_06,41.78125_-120.71875,477024.8,fallback
uf_06,41.84375_-120.53125,504342.2,channel
uf_06,41.84375_-120.59375,504343.7,fallback
uf_07,39.65625_-121.59375,77.9000015258789,channel
uf_07,39.65625_-121.65625,77.9000015258789,channel
uf_07,39.65625_-121.71875,69.80000305175781,channel
uf_07,39.71875_-121.59375,62.70000076293945,channel
uf_07,39.71875_-121.65625,13224.7998046875,channel
uf_07,39.71875_-121.71875,4834.39990234375,channel
uf_07,39.71875_-121.78125,69.80000305175781,channel
uf_07,39.78125_-121.59375,762.2000122070312,channel
uf_07,39.78125_-121.65625,14329.7998046875,channel
uf_07,39.78125_-121.71875,11246.7998046875,channel
uf_07,39.78125_-121.78125,4121.89990234375,channel
uf_07,39.78125_-121.84375,101.5999984741211,channel
uf_07,39.84375_-121.53125,5883.89990234375,channel
uf_07,39.84375_-121.59375,3031.800048828125,channel
uf_07,39.84375_-121.65625,23829.400390625,channel
uf_07,39.84375_-121.71875,16460.19921875,channel
uf_07,39.84375_-121.78125,7543.60009765625,channel
uf_07,39.84375_-121.84375,38.900001525878906,channel
uf_07,39.90625_-121.53125,16878.30078125,channel
uf_07,39.90625_-121.59375,35712.69921875,channel
uf_07,39.90625_-121.65625,32465.5,channel
uf_07,39.90625_-121.71875,24882.0,channel
uf_07,39.90625_-121.78125,10232.099609375,channel
uf_07,39.90625_-121.84375,6434.5,channel
uf_07,39.90625_-121.90625,38.900001525878906,channel
uf_07,39.96875_-121.53125,26952.30078125,channel
uf_07,39.96875_-121.59375,42790.0,channel
uf_07,39.96875_-121.65625,33943.6015625,channel
uf_07,39.96875_-121.71875,21250.19921875,channel
uf_07,39.96875_-121.78125,16565.400390625,channel
uf_07,39.96875_-121.84375,7845.60009765625,channel
uf_07,39.96875_-121.90625,356.8999938964844,channel
uf_07,40.03125_-121.40625,53851.1015625,channel
uf_07,40.03125_-121.46875,45151.69921875,channel
uf_07,40.03125_-121.53125,36782.3984375,channel
uf_07,40.03125_-121.59375,51965.6015625,channel
uf_07,40.03125_-121.65625,42759.3984375,channel
uf_07,40.03125_-121.71875,42932.30078125,channel
uf_07,40.03125_-121.78125,19959.400390625,channel
uf_07,40.03125_-121.84375,12974.7998046875,channel
uf_07,40.03125_-121.90625,4859.0,channel
uf_07,40.03125_-121.96875,77.80000305175781,channel
uf_07,40.03125_-122.03125,23.600000381469727,channel
uf_07,40.09375_-121.34375,62.5,channel
uf_07,40.09375_-121.40625,79553.203125,channel
uf_07,40.09375_-121.46875,72140.796875,channel
uf_07,40.09375_-121.53125,64153.30078125,channel
uf_07,40.09375_-121.59375,61654.6015625,channel
uf_07,40.09375_-121.65625,36273.8984375,channel
uf_07,40.09375_-121.71875,28686.69921875,channel
uf_07,40.09375_-121.78125,26300.400390625,channel
uf_07,40.09375_-121.84375,21869.30078125,channel
uf_07,40.09375_-121.90625,14377.599609375,channel
uf_07,40.09375_-121.96875,8046.5,channel
uf_07,40.09375_-122.03125,23.600000381469727,channel
uf_07,40.15625_-121.40625,62.400001525878906,channel
uf_07,40.15625_-121.46875,76478.5,channel
uf_07,40.15625_-121.53125,57771.8984375,channel
uf_07,40.15625_-121.59375,50871.1015625,channel
uf_07,40.15625_-121.65625,43506.8984375,channel
uf_07,40.15625_-121.71875,40675.5,channel
uf_07,40.15625_-121.78125,32373.80078125,channel
uf_07,40.15625_-121.84375,24653.099609375,channel
uf_07,40.15625_-121.90625,22208.599609375,channel
uf_07,40.15625_-121.96875,19553.5,channel
uf_07,40.15625_-122.03125,6629.39990234375,channel
uf_07,40.15625_-122.09375,38.79999923706055,channel
uf_07,40.21875_-121.34375,77.69999694824219,channel
uf_07,40.21875_-121.40625,76864.8984375,channel
uf_07,40.21875_-121.46875,66441.296875,channel
uf_07,40.21875_-121.53125,61559.30078125,channel
uf_07,40.21875_-121.59375,55996.80078125,channel
uf_07,40.21875_-121.65625,48220.69921875,channel
uf_07,40.21875_-121.71875,46659.0,channel
uf_07,40.21875_-121.78125,43081.5,channel
uf_07,40.21875_-121.84375,35848.1015625,channel
uf_07,40.21875_-121.90625,28167.0,channel
uf_07,40.21875_-121.96875,19812.0,channel
uf_07,40.21875_-122.03125,11103.0,channel
uf_07,40.21875_-122.09375,2411.199951171875,channel
uf_07,40.21875_-122.15625,38.79999923706055,channel
uf_07,40.28125_-121.34375,85860.703125,channel
uf_07,40.28125_-121.40625,78413.703125,channel
uf_07,40.28125_-121.46875,74967.8984375,channel
uf_07,40.28125_-121.53125,63922.6015625,channel
uf_07,40.28125_-121.59375,63370.30078125,channel
uf_07,40.28125_-121.65625,59040.6015625,channel
uf_07,40.28125_-121.71875,50067.0,channel
uf_07,40.28125_-121.78125,45511.80078125,channel
uf_07,40.28125_-121.84375,39329.8984375,channel
uf_07,40.28125_-121.90625,9202.400390625,channel
uf_07,40.28125_-121.96875,2328.39990234375,channel
uf_07,40.28125_-122.03125,38.79999923706055,channel
uf_07,40.28125_-122.09375,38.79999923706055,channel
uf_07,40.34375_-121.34375,62.29999923706055,channel
uf_07,40.34375_-121.40625,7442.39990234375,channel
uf_07,40.34375_-121.46875,14359.5,channel
uf_07,40.34375_-121.53125,73215.796875,channel
uf_07,40.34375_-121.59375,13736.5,channel
uf_07,40.34375_-121.65625,6325.7001953125,channel
uf_07,40.34375_-121.71875,23.5,channel
uf_07,40.40625_-121.46875,18814.400390625,channel
uf_07,40.40625_-121.53125,84829.8984375,channel
uf_07,40.46875_-121.46875,62.29999923706055,channel
uf_07,40.46875_-121.53125,93680.6015625,channel
uf_10,38.96875_-120.96875,59567.9,fallback
uf_10,38.96875_-121.03125,51141.2,fallback
uf_10,38.96875_-121.09375,42731.1,fallback
uf_10,38.96875_-121.15625,34349.6,fallback
uf_10,38.96875_-121.21875,26024.3,fallback
uf_10,39.03125_-120.96875,59537.3,fallback
uf_10,39.03125_-121.03125,47673.8,channel
uf_10,39.03125_-121.09375,39076.7,channel
uf_10,39.03125_-121.15625,30447.0,channel
uf_10,39.03125_-121.21875,22322.6,channel
uf_10,39.03125_-121.28125,14875.3,channel
uf_10,39.03125_-121.34375,3505.7,channel
uf_10,39.09375_-120.90625,69662.5,fallback
uf_10,39.09375_-120.96875,59214.2,channel
uf_10,39.09375_-121.03125,58268.1,channel
uf_10,39.09375_-121.09375,44741.3,channel
uf_10,39.09375_-121.15625,37605.6,fallback
uf_10,39.09375_-121.21875,30206.6,fallback
uf_10,39.09375_-121.28125,23534.5,fallback
uf_10,39.09375_-121.34375,18397.8,fallback
uf_10,39.15625_-120.84375,80867.4,fallback
uf_10,39.15625_-120.90625,74423.1,channel
uf_10,39.15625_-120.96875,69464.4,channel
uf_10,39.15625_-121.03125,61143.4,channel
uf_10,39.15625_-121.09375,54942.0,channel
uf_10,39.21875_-120.71875,100526.6,fallback
uf_10,39.21875_-120.78125,92759.5,fallback
uf_10,39.21875_-120.84375,84673.5,channel
uf_10,39.21875_-120.90625,80353.7,channel
uf_10,39.21875_-120.96875,78959.1,channel
uf_10,39.21875_-121.03125,64205.8,channel
uf_10,39.21875_-121.09375,56936.2,fallback
uf_10,39.28125_-120.65625,112648.1,fallback
uf_10,39.28125_-120.71875,102382.7,channel
uf_10,39.28125_-120.78125,98224.7,channel
uf_10,39.28125_-120.84375,95038.1,channel
uf_10,39.28125_-120.90625,83519.0,fallback
uf_10,39.28125_-120.96875,76836.6,fallback
uf_10,39.34375_-120.65625,117757.2,fallback
uf_10,39.34375_-120.71875,110569.0,fallback
uf_10,39.34375_-120.78125,103570.8,fallback
uf_13,38.46875_-120.53125,68526.7,fallback
uf_13,38.46875_-120.59375,60226.0,fallback
uf_13,38.46875_-120.65625,51935.0,fallback
uf_13,38.46875_-120.78125,35408.6,fallback
uf_13,38.46875_-120.84375,27207.0,fallback
uf_13,38.46875_-120.90625,15966.8,channel
uf_13,38.46875_-120.96875,6522.9,channel
uf_13,38.46875_-121.03125,5688.9,fallback
uf_13,38.53125_-120.28125,101721.5,fallback
uf_13,38.53125_-120.34375,93406.5,fallback
uf_13,38.53125_-120.40625,86817.8,channel
uf_13,38.53125_-120.46875,78184.4,channel
uf_13,38.53125_-120.53125,73839.0,channel
uf_13,38.53125_-120.59375,58413.2,channel
uf_13,38.53125_-120.65625,50887.5,channel
uf_13,38.53125_-120.71875,42853.4,channel
uf_13,38.53125_-120.78125,34322.1,channel
uf_13,38.53125_-120.84375,23693.3,channel
uf_13,38.53125_-120.90625,13368.4,channel
uf_13,38.53125_-120.96875,5518.6,channel
uf_13,38.53125_-121.03125,7098.3,center
uf_13,38.59375_-120.21875,111004.2,fallback
uf_13,38.59375_-120.28125,98076.2,channel
uf_13,38.59375_-120.34375,91027.4,channel
uf_13,38.59375_-120.40625,84570.0,channel
uf_13,38.59375_-120.46875,76991.1,channel
uf_13,38.59375_-120.53125,68938.1,channel
uf_13,38.59375_-120.59375,60639.6,channel
uf_13,38.59375_-120.65625,54460.2,channel
uf_13,38.59375_-120.71875,46090.5,channel
uf_13,38.59375_-120.78125,41205.0,channel
uf_13,38.59375_-120.84375,30335.6,channel
uf_13,38.59375_-120.90625,18385.7,channel
uf_13,38.59375_-120.96875,18730.5,fallback
uf_13,38.59375_-121.03125,15932.5,fallback
uf_13,38.65625_-120.21875,112968.8,fallback
uf_13,38.65625_-120.28125,113969.7,center
uf_13,38.65625_-120.34375,100788.7,channel
uf_13,38.65625_-120.40625,93682.2,channel
uf_13,38.65625_-120.46875,85665.9,channel
uf_13,38.65625_-120.53125,76467.0,channel
uf_13,38.65625_-120.59375,67915.3,channel
uf_13,38.65625_-120.65625,59993.4,channel
uf_13,38.65625_-120.71875,51270.1,channel
uf_13,38.65625_-120.78125,46664.2,channel
uf_13,38.65625_-120.84375,42466.8,channel
uf_13,38.65625_-120.90625,27237.4,channel
uf_13,38.65625_-120.96875,28306.7,fallback
uf_13,38.71875_-120.34375,100267.9,fallback
uf_13,38.71875_-120.40625,95984.4,center
uf_13,38.71875_-120.46875,86878.4,channel
uf_13,38.71875_-120.53125,75950.5,channel
uf_13,38.71875_-120.59375,71705.7,channel
uf_13,38.71875_-120.65625,63537.6,fallback
uf_13,38.71875_-120.71875,56996.8,fallback
uf_13,38.71875_-120.78125,50976.1,fallback
uf_13,38.71875_-120.84375,45681.5,fallback
uf_13,38.78125_-120.46875,90169.3,fallback
uf_13,38.78125_-120.53125,83236.0,fallback
uf_20,37.21875_-119.84375,19193.7,fallback
uf_20,37.21875_-119.90625,11053.0,fallback
uf_20,37.21875_-119.96875,2789.4,center
uf_20,37.28125_-119.78125,29352.4,fallback
uf_20,37.28125_-119.84375,17893.8,channel
uf_20,37.28125_-119.90625,10366.2,channel
uf_20,37.28125_-119.96875,6415.2,channel
uf_20,37.28125_-120.03125,11943.0,fallback
uf_20,37.34375_-119.78125,37848.6,center
uf_20,37.34375_-119.84375,27782.0,channel
uf_20,37.34375_-119.90625,25181.0,channel
uf_20,37.34375_-119.96875,16733.2,channel
uf_20,37.34375_-120.03125,21603.6,fallback
uf_20,37.40625_-119.71875,51877.7,channel
uf_20,37.40625_-119.78125,38338.8,channel
uf_20,37.40625_-119.84375,38187.4,channel
uf_20,37.40625_-119.90625,47488.5,channel
uf_20,37.40625_-119.96875,31319.7,fallback
uf_20,37.40625_-120.03125,31623.4,fallback
uf_20,37.46875_-119.65625,60098.8,fallback
uf_20,37.46875_-119.71875,50369.1,channel
uf_20,37.46875_-119.78125,49595.8,channel
uf_20,37.46875_-119.84375,53522.5,channel
uf_20,37.46875_-119.90625,49266.3,channel
uf_20,37.53125_-119.71875,62613.7,fallback
uf_20,37.53125_-119.78125,58403.5,fallback
uf_20,37.53125_-119.84375,59083.3,channel
uf_20,37.53125_-119.90625,52805.4,fallback
uf_20,37.59375_-119.84375,64764.2,fallback
uf_20,37.59375_-119.90625,62844.2,fallback
uf_21,36.96875_-119.78125,24158.6,fallback
uf_21,37.03125_-119.78125,16965.1,fallback
uf_21,37.03125_-119.84375,11797.5,fallback
uf_21,37.03125_-119.90625,10538.5,fallback
uf_21,37.09375_-119.71875,21217.4,fallback
uf_21,37.09375_-119.78125,13463.1,fallback
uf_21,37.09375_-119.84375,5722.3,fallback
uf_21,37.09375_-119.90625,2155.9,fallback
uf_21,37.09375_-119.96875,9847.1,fallback
uf_21,37.15625_-119.65625,30359.2,fallback
uf_21,37.15625_-119.71875,22975.0,channel
uf_21,37.15625_-119.78125,15306.3,channel
uf_21,37.15625_-119.84375,5182.0,channel
uf_21,37.15625_-119.90625,4107.1,channel
uf_21,37.15625_-119.96875,13406.8,fallback
uf_21,37.15625_-120.03125,19806.5,fallback
uf_21,37.21875_-119.65625,42780.2,center
uf_21,37.21875_-119.71875,29699.0,channel
uf_21,37.21875_-119.78125,16638.0,channel
uf_21,37.21875_-119.84375,15111.6,channel
uf_21,37.21875_-119.90625,12701.0,channel
uf_21,37.21875_-119.96875,21255.2,fallback
uf_21,37.28125_-119.59375,61102.7,channel
uf_21,37.28125_-119.65625,43513.1,channel
uf_21,37.28125_-119.71875,40234.2,channel
uf_21,37.28125_-119.78125,27059.2,channel
uf_21,37.28125_-119.84375,29138.2,fallback
uf_21,37.34375_-119.59375,53026.7,fallback
uf_21,37.34375_-119.65625,52247.3,channel
uf_21,37.34375_-119.71875,38066.8,channel
uf_21,37.34375_-119.78125,36791.1,channel
uf_21,37.40625_-119.59375,69565.1,center
uf_21,37.40625_-119.65625,56818.2,channel
uf_21,37.40625_-119.71875,52728.3,channel
uf_21,37.40625_-119.78125,49874.4,fallback
uf_21,37.46875_-119.53125,72840.5,fallback
uf_21,37.46875_-119.59375,68401.1,fallback
uf_21,37.46875_-119.65625,72157.7,center
uf_21,37.46875_-119.71875,61514.9,fallback
usgs_11196400,35.21875_-118.21875,42112.5,fallback
usgs_11196400,35.21875_-118.28125,35652.7,channel
usgs_11196400,35.21875_-118.34375,28678.9,channel
usgs_11196400,35.21875_-118.40625,25715.2,channel
usgs_11196400,35.21875_-118.46875,17308.9,fallback
usgs_11196400,35.28125_-118.21875,40288.8,fallback
usgs_11196400,35.28125_-118.28125,33512.5,channel
usgs_11196400,35.28125_-118.34375,25787.3,channel
usgs_11196400,35.28125_-118.40625,17573.0,channel
usgs_11196400,35.28125_-118.46875,9069.4,channel
usgs_11196400,35.28125_-118.53125,812.0,channel
usgs_11196400,35.28125_-118.59375,4970.9,fallback
usgs_11196400,35.34375_-118.28125,33245.2,fallback
usgs_11196400,35.34375_-118.34375,26201.1,channel
usgs_11196400,35.34375_-118.40625,21748.5,channel
usgs_11196400,35.34375_-118.46875,15094.3,channel
usgs_11196400,35.34375_-118.53125,1216.9,channel
usgs_11196400,35.34375_-118.59375,5332.7,fallback
usgs_11196400,35.40625_-118.28125,35509.4,fallback
usgs_11196400,35.40625_-118.34375,38154.8,center
usgs_11196400,35.40625_-118.40625,22927.8,fallback
usgs_11196400,35.40625_-118.46875,17620.8,fallback
usgs_11197250,35.78125_-120.21875,11585.2,fallback
usgs_11197250,35.84375_-120.15625,0.0,channel
usgs_11197250,35.84375_-120.21875,7675.4,channel
usgs_11197250,35.84375_-120.28125,13967.0,fallback
usgs_11197250,35.90625_-120.15625,9121.7,center
usgs_11197250,35.90625_-120.21875,10082.5,channel
usgs_11197250,35.90625_-120.28125,19336.9,channel
usgs_11197250,35.90625_-120.34375,20390.0,fallback
usgs_11197250,35.96875_-120.21875,15208.4,fallback
usgs_11197250,35.96875_-120.28125,18873.1,fallback
usgs_11197250,35.96875_-120.34375,23333.7,fallback
usgs_11199500,35.78125_-118.71875,21414.9,fallback
usgs_11199500,35.78125_-118.78125,15169.3,channel
usgs_11199500,35.78125_-118.84375,7181.8,channel
usgs_11199500,35.78125_-118.90625,543.3,channel
usgs_11199500,35.84375_-118.59375,41604.1,center
usgs_11199500,35.84375_-118.65625,31132.3,channel
usgs_11199500,35.84375_-118.71875,23499.5,channel
usgs_11199500,35.84375_-118.78125,15311.4,channel
usgs_11199500,35.84375_-118.84375,7854.2,channel
usgs_11199500,35.84375_-118.90625,4226.3,fallback
usgs_11199500,35.90625_-118.71875,23863.8,fallback
usgs_11199500,35.90625_-118.78125,18590.5,fallback
usgs_11199500,35.90625_-118.84375,14151.0,fallback
usgs_11203580,36.03125_-118.59375,4900.5,channel
usgs_11203580,36.03125_-118.65625,1894.7,fallback
usgs_11203580,36.09375_-118.59375,10185.1,center
usgs_11203580,36.09375_-118.65625,2160.7,channel
usgs_11204100,35.96875_-118.59375,22424.6,fallback
usgs_11204100,35.96875_-118.65625,16706.9,fallback
usgs_11204100,35.96875_-118.71875,11387.9,fallback
usgs_11204100,35.96875_-118.78125,6743.9,channel
usgs_11204100,36.03125_-118.59375,26070.1,channel
usgs_11204100,36.03125_-118.65625,16511.0,channel
usgs_11204100,36.03125_-118.71875,7851.8,channel
usgs_11204100,36.03125_-118.78125,104.4,channel
usgs_11204100,36.03125_-118.84375,3094.1,fallback
usgs_11204100,36.09375_-118.59375,31354.6,center
usgs_11204100,36.09375_-118.65625,23330.3,channel
usgs_11204100,36.09375_-118.71875,11448.4,channel
usgs_11204100,36.09375_-118.78125,8931.0,fallback
usgs_11208000,36.53125_-118.78125,2240.8,fallback
usgs_11208000,36.53125_-118.84375,4781.7,fallback
usgs_11208000,36.59375_-118.59375,23312.6,fallback
usgs_11208000,36.59375_-118.65625,20381.6,channel
usgs_11208000,36.59375_-118.71875,13206.7,channel
usgs_11208000,36.59375_-118.78125,5735.4,channel
usgs_11208000,36.59375_-118.84375,10395.8,fallback
usgs_11208000,36.65625_-118.59375,27554.0,fallback
usgs_11208000,36.65625_-118.65625,22888.5,fallback
usgs_11208000,36.65625_-118.71875,19311.3,channel
usgs_11208000,36.65625_-118.78125,16602.3,channel
usgs_11208500,36.46875_-118.84375,4370.9,fallback
usgs_11208500,36.53125_-118.84375,6368.5,fallback
usgs_11209900,36.34375_-118.59375,40987.0,fallback
usgs_11209900,36.34375_-118.65625,33998.8,fallback
usgs_11209900,36.34375_-118.71875,27375.1,fallback
usgs_11209900,36.40625_-118.53125,46029.2,fallback
usgs_11209900,36.40625_-118.59375,44680.2,channel
usgs_11209900,36.40625_-118.65625,32560.9,channel
usgs_11209900,36.40625_-118.71875,24858.9,channel
usgs_11209900,36.40625_-118.78125,21145.6,channel
usgs_11209900,36.40625_-118.84375,9365.4,fallback
usgs_11209900,36.40625_-118.90625,5805.8,fallback
usgs_11209900,36.46875_-118.53125,45795.9,fallback
usgs_11209900,36.46875_-118.59375,39684.0,channel
usgs_11209900,36.46875_-118.65625,32217.7,channel
usgs_11209900,36.46875_-118.71875,30519.3,channel
usgs_11209900,36.46875_-118.78125,15287.7,channel
usgs_11209900,36.46875_-118.84375,4449.2,channel
usgs_11209900,36.46875_-118.90625,4166.7,center
usgs_11209900,36.46875_-118.96875,8792.4,fallback
usgs_11209900,36.53125_-118.53125,47509.7,fallback
usgs_11209900,36.53125_-118.59375,41249.3,channel
usgs_11209900,36.53125_-118.65625,33221.6,channel
usgs_11209900,36.53125_-118.71875,25512.8,channel
usgs_11209900,36.53125_-118.78125,15432.6,channel
usgs_11209900,36.53125_-118.84375,15084.4,channel
usgs_11209900,36.53125_-118.90625,9024.5,channel
usgs_11209900,36.53125_-118.96875,13820.6,channel
usgs_11209900,36.59375_-118.53125,50974.5,fallback
usgs_11209900,36.59375_-118.59375,43722.5,channel
usgs_11209900,36.59375_-118.65625,39073.9,channel
usgs_11209900,36.59375_-118.71875,31899.0,channel
usgs_11209900,36.59375_-118.78125,24427.7,channel
usgs_11209900,36.59375_-118.84375,22868.6,channel
usgs_11209900,36.59375_-118.90625,20018.3,channel
usgs_11209900,36.59375_-118.96875,24118.4,fallback
usgs_11209900,36.65625_-118.59375,49820.0,fallback
usgs_11209900,36.65625_-118.65625,44273.3,fallback
usgs_11209900,36.65625_-118.71875,38003.6,channel
usgs_11209900,36.65625_-118.78125,41424.7,channel
usgs_11209900,36.65625_-118.84375,33593.7,channel
usgs_11209900,36.65625_-118.90625,33185.4,channel
usgs_11209900,36.65625_-118.96875,33254.9,fallback
usgs_11209900,36.71875_-118.78125,44415.8,fallback
usgs_11209900,36.71875_-118.84375,42450.6,fallback
usgs_11209900,36.71875_-118.90625,41251.3,channel
usgs_11209900,36.71875_-118.96875,42560.6,fallback
usgs_11213500,36.59375_-118.46875,92426.9,fallback
usgs_11213500,36.59375_-118.53125,85283.6,channel
usgs_11213500,36.59375_-118.59375,78795.6,fallback
usgs_11213500,36.65625_-118.40625,95695.9,fallback
usgs_11213500,36.65625_-118.46875,88358.6,fallback
usgs_11213500,36.65625_-118.53125,76433.1,channel
usgs_11213500,36.65625_-118.59375,75052.7,channel
usgs_11213500,36.65625_-118.65625,77813.8,channel
usgs_11213500,36.65625_-118.71875,60289.3,fallback
usgs_11213500,36.65625_-118.78125,53842.8,fallback
usgs_11213500,36.71875_-118.34375,91515.4,channel
usgs_11213500,36.71875_-118.40625,88832.4,channel
usgs_11213500,36.71875_-118.46875,82829.1,channel
usgs_11213500,36.71875_-118.53125,74525.7,channel
usgs_11213500,36.71875_-118.59375,65054.9,channel
usgs_11213500,36.71875_-118.65625,66158.7,channel
usgs_11213500,36.71875_-118.71875,75473.4,channel
usgs_11213500,36.71875_-118.78125,48876.7,channel
usgs_11213500,36.71875_-118.84375,54078.9,channel
usgs_11213500,36.71875_-118.90625,42436.4,channel
usgs_11213500,36.71875_-118.96875,25968.3,channel
usgs_11213500,36.71875_-119.03125,25434.3,fallback
usgs_11213500,36.78125_-118.34375,98641.4,fallback
usgs_11213500,36.78125_-118.40625,82876.2,channel
usgs_11213500,36.78125_-118.46875,75469.0,channel
usgs_11213500,36.78125_-118.53125,68503.7,channel
usgs_11213500,36.78125_-118.59375,60161.6,channel
usgs_11213500,36.78125_-118.65625,52824.9,channel
usgs_11213500,36.78125_-118.71875,45894.4,channel
usgs_11213500,36.78125_-118.78125,38713.6,channel
usgs_11213500,36.78125_-118.84375,38342.9,channel
usgs_11213500,36.78125_-118.90625,32909.9,channel
usgs_11213500,36.78125_-118.96875,23969.4,channel
usgs_11213500,36.78125_-119.03125,15064.9,channel
usgs_11213500,36.78125_-119.09375,16050.7,channel
usgs_11213500,36.78125_-119.15625,13451.8,fallback
usgs_11213500,36.84375_-118.34375,97810.8,fallback
usgs_11213500,36.84375_-118.40625,89556.7,channel
usgs_11213500,36.84375_-118.46875,82622.0,channel
usgs_11213500,36.84375_-118.53125,72840.6,channel
usgs_11213500,36.84375_-118.59375,66142.2,channel
usgs_11213500,36.84375_-118.65625,53933.1,channel
usgs_11213500,36.84375_-118.71875,48502.4,channel
usgs_11213500,36.84375_-118.78125,39405.6,channel
usgs_11213500,36.84375_-118.84375,29710.3,channel
usgs_11213500,36.84375_-118.90625,22670.0,channel
usgs_11213500,36.84375_-118.96875,15604.7,channel
usgs_11213500,36.84375_-119.03125,8039.1,channel
usgs_11213500,36.84375_-119.09375,0.0,channel
usgs_11213500,36.84375_-119.15625,5056.6,fallback
usgs_11213500,36.90625_-118.34375,97955.7,fallback
usgs_11213500,36.90625_-118.40625,90058.2,channel
usgs_11213500,36.90625_-118.46875,83453.4,channel
usgs_11213500,36.90625_-118.53125,81697.0,channel
usgs_11213500,36.90625_-118.59375,68857.8,channel
usgs_11213500,36.90625_-118.65625,66294.2,channel
usgs_11213500,36.90625_-118.71875,49653.0,channel
usgs_11213500,36.90625_-118.78125,39481.2,channel
usgs_11213500,36.90625_-118.84375,49617.5,channel
usgs_11213500,36.90625_-118.90625,24190.5,channel
usgs_11213500,36.90625_-118.96875,22822.9,channel
usgs_11213500,36.90625_-119.03125,13433.9,fallback
usgs_11213500,36.90625_-119.09375,7735.1,fallback
usgs_11213500,36.96875_-118.40625,103568.9,center
usgs_11213500,36.96875_-118.46875,91923.6,channel
usgs_11213500,36.96875_-118.53125,91181.4,channel
usgs_11213500,36.96875_-118.59375,66474.9,channel
usgs_11213500,36.96875_-118.65625,57101.2,channel
usgs_11213500,36.96875_-118.71875,52670.2,channel
usgs_11213500,36.96875_-118.78125,49996.5,channel
usgs_11213500,36.96875_-118.84375,52410.5,channel
usgs_11213500,36.96875_-118.90625,31882.5,fallback
usgs_11213500,37.03125_-118.40625,93597.4,fallback
usgs_11213500,37.03125_-118.46875,86785.4,channel
usgs_11213500,37.03125_-118.53125,80171.1,channel
usgs_11213500,37.03125_-118.59375,71457.1,channel
usgs_11213500,37.03125_-118.65625,69480.4,channel
usgs_11213500,37.03125_-118.71875,76522.9,channel
usgs_11213500,37.03125_-118.78125,64661.9,center
usgs_11213500,37.03125_-118.84375,63479.1,center
usgs_11213500,37.09375_-118.46875,89565.1,fallback
usgs_11213500,37.09375_-118.53125,87770.2,channel
usgs_11213500,37.09375_-118.59375,80027.3,channel
usgs_11213500,37.09375_-118.65625,88836.8,channel
usgs_11213500,37.09375_-118.71875,80103.4,channel
usgs_11213500,37.15625_-118.59375,80634.2,fallback
usgs_11213500,37.15625_-118.65625,74341.5,fallback
usgs_11214000,37.03125_-118.71875,13938.8,fallback
usgs_11214000,37.03125_-118.78125,7513.7,channel
usgs_11214000,37.03125_-118.84375,4421.2,channel
usgs_11214000,37.09375_-118.71875,12835.4,fallback
usgs_11214000,37.09375_-118.78125,6651.9,channel
usgs_11214000,37.09375_-118.84375,3206.0,center
usgs_11214000,37.15625_-118.78125,11005.1,fallback
usgs_11218500,36.59375_-118.46875,96146.2,fallback
usgs_11218500,36.59375_-118.53125,88396.3,channel
usgs_11218500,36.59375_-118.59375,82419.7,fallback
usgs_11218500,36.65625_-118.40625,99357.3,fallback
usgs_11218500,36.65625_-118.46875,91974.9,fallback
usgs_11218500,36.65625_-118.53125,79545.8,channel
usgs_11218500,36.65625_-118.59375,78165.4,channel
usgs_11218500,36.65625_-118.65625,80926.5,channel
usgs_11218500,36.65625_-118.71875,63736.9,fallback
usgs_11218500,36.65625_-118.78125,57239.7,fallback
usgs_11218500,36.71875_-118.34375,94628.1,channel
usgs_11218500,36.71875_-118.40625,91945.1,channel
usgs_11218500,36.71875_-118.46875,85941.8,channel
usgs_11218500,36.71875_-118.53125,77638.4,channel
usgs_11218500,36.71875_-118.59375,68167.6,channel
usgs_11218500,36.71875_-118.65625,69271.4,channel
usgs_11218500,36.71875_-118.71875,78586.1,channel
usgs_11218500,36.71875_-118.78125,51989.4,channel
usgs_11218500,36.71875_-118.84375,57191.5,channel
usgs_11218500,36.71875_-118.90625,45549.0,channel
usgs_11218500,36.71875_-118.96875,29080.9,channel
usgs_11218500,36.71875_-119.03125,28311.8,fallback
usgs_11218500,36.78125_-118.34375,102084.0,fallback
usgs_11218500,36.78125_-118.40625,85988.9,channel
usgs_11218500,36.78125_-118.46875,78581.6,channel
usgs_11218500,36.78125_-118.53125,71616.4,channel
usgs_11218500,36.78125_-118.59375,63274.2,channel
usgs_11218500,36.78125_-118.65625,55937.6,channel
usgs_11218500,36.78125_-118.71875,49007.1,channel
usgs_11218500,36.78125_-118.78125,41826.3,channel
usgs_11218500,36.78125_-118.84375,41455.6,channel
usgs_11218500,36.78125_-118.90625,36022.5,channel
usgs_11218500,36.78125_-118.96875,27082.1,channel
usgs_11218500,36.78125_-119.03125,18177.6,channel
usgs_11218500,36.78125_-119.09375,19163.4,channel
usgs_11218500,36.78125_-119.15625,14819.4,fallback
usgs_11218500,36.84375_-118.34375,101092.7,fallback
usgs_11218500,36.84375_-118.40625,92669.4,channel
usgs_11218500,36.84375_-118.46875,85734.7,channel
usgs_11218500,36.84375_-118.53125,75953.3,channel
usgs_11218500,36.84375_-118.59375,69254.9,channel
usgs_11218500,36.84375_-118.65625,57045.7,channel
usgs_11218500,36.84375_-118.71875,51615.1,channel
usgs_11218500,36.84375_-118.78125,42518.2,channel
usgs_11218500,36.84375_-118.84375,32823.0,channel
usgs_11218500,36.84375_-118.90625,25782.7,channel
usgs_11218500,36.84375_-118.96875,18717.4,channel
usgs_11218500,36.84375_-119.03125,11151.8,channel
usgs_11218500,36.84375_-119.09375,3023.7,channel
usgs_11218500,36.84375_-119.15625,0.0,channel
usgs_11218500,36.90625_-118.34375,101062.2,fallback
usgs_11218500,36.90625_-118.40625,93170.8,channel
usgs_11218500,36.90625_-118.46875,86566.0,channel
usgs_11218500,36.90625_-118.53125,84809.7,channel
usgs_11218500,36.90625_-118.59375,71970.4,channel
usgs_11218500,36.90625_-118.65625,69406.9,channel
usgs_11218500,36.90625_-118.71875,52765.7,channel
usgs_11218500,36.90625_-118.78125,42593.9,channel
usgs_11218500,36.90625_-118.84375,52730.1,channel
usgs_11218500,36.90625_-118.90625,27303.2,channel
usgs_11218500,36.90625_-118.96875,25935.6,channel
usgs_11218500,36.90625_-119.03125,14225.8,channel
usgs_11218500,36.90625_-119.09375,3847.3,channel
usgs_11218500,36.90625_-119.15625,5358.2,fallback
usgs_11218500,36.96875_-118.40625,106681.6,center
usgs_11218500,36.96875_-118.46875,95036.2,channel
usgs_11218500,36.96875_-118.53125,94294.1,channel
usgs_11218500,36.96875_-118.59375,69587.6,channel
usgs_11218500,36.96875_-118.65625,60213.9,channel
usgs_11218500,36.96875_-118.71875,55782.8,channel
usgs_11218500,36.96875_-118.78125,53109.2,channel
usgs_11218500,36.96875_-118.84375,55523.1,channel
usgs_11218500,36.96875_-118.90625,31206.6,channel
usgs_11218500,36.96875_-118.96875,26231.4,channel
usgs_11218500,36.96875_-119.03125,22903.6,channel
usgs_11218500,36.96875_-119.09375,17941.5,channel
usgs_11218500,36.96875_-119.15625,12168.1,channel
usgs_11218500,37.03125_-118.40625,96211.6,fallback
usgs_11218500,37.03125_-118.46875,89898.0,channel
usgs_11218500,37.03125_-118.53125,83283.8,channel
usgs_11218500,37.03125_-118.59375,74569.7,channel
usgs_11218500,37.03125_-118.65625,72593.0,channel
usgs_11218500,37.03125_-118.71875,79635.6,channel
usgs_11218500,37.03125_-118.78125,59276.7,channel
usgs_11218500,37.03125_-118.84375,56184.3,channel
usgs_11218500,37.03125_-118.90625,38664.2,channel
usgs_11218500,37.03125_-118.96875,32589.7,channel
usgs_11218500,37.03125_-119.03125,31253.4,channel
usgs_11218500,37.03125_-119.09375,22802.1,channel
usgs_11218500,37.03125_-119.15625,26351.0,channel
usgs_11218500,37.09375_-118.46875,91831.6,fallback
usgs_11218500,37.09375_-118.53125,90882.9,channel
usgs_11218500,37.09375_-118.59375,83140.0,channel
usgs_11218500,37.09375_-118.65625,91949.5,channel
usgs_11218500,37.09375_-118.71875,83216.1,channel
usgs_11218500,37.09375_-118.78125,58415.0,channel
usgs_11218500,37.09375_-118.84375,50090.7,channel
usgs_11218500,37.09375_-118.90625,42684.8,channel
usgs_11218500,37.09375_-118.96875,42054.2,channel
usgs_11218500,37.09375_-119.03125,52144.6,channel
usgs_11218500,37.09375_-119.09375,43602.1,channel
usgs_11218500,37.09375_-119.15625,34068.7,channel
usgs_11218500,37.09375_-119.21875,36016.3,fallback
usgs_11218500,37.15625_-118.59375,82323.3,fallback
usgs_11218500,37.15625_-118.65625,75810.9,fallback
usgs_11218500,37.15625_-118.78125,63726.4,fallback
usgs_11218500,37.15625_-118.84375,55952.2,channel
usgs_11218500,37.15625_-118.90625,52365.2,channel
usgs_11218500,37.15625_-118.96875,51358.3,channel
usgs_11218500,37.15625_-119.03125,54643.4,channel
usgs_11218500,37.15625_-119.09375,46093.1,channel
usgs_11218500,37.15625_-119.15625,44606.8,fallback
usgs_11218500,37.15625_-119.21875,45609.5,fallback
usgs_11218500,37.21875_-118.90625,62051.3,fallback
usgs_11218500,37.21875_-118.96875,58679.1,fallback
usgs_11220000,36.90625_-119.21875,2955.1,fallback
usgs_11220000,36.90625_-119.28125,3998.2,fallback
usgs_11220000,36.96875_-119.15625,11410.0,fallback
usgs_11220000,36.96875_-119.21875,3274.7,channel
usgs_11220000,36.96875_-119.28125,10793.0,channel
usgs_11220000,37.03125_-119.15625,17496.1,fallback
usgs_11220000,37.03125_-119.21875,14063.9,channel
usgs_11220000,37.03125_-119.28125,15396.3,channel
usgs_11220000,37.03125_-119.34375,18106.3,fallback
usgs_11220000,37.09375_-119.15625,24757.7,fallback
usgs_11220000,37.09375_-119.21875,25971.2,channel
usgs_11220000,37.09375_-119.28125,23322.3,fallback
usgs_11220000,37.09375_-119.34375,25192.3,fallback
usgs_11220500,36.90625_-119.28125,2975.8,fallback
usgs_11220500,36.90625_-119.34375,612.5,channel
usgs_11220500,36.90625_-119.40625,8632.4,channel
usgs_11220500,36.96875_-119.28125,5973.5,fallback
usgs_11220500,36.96875_-119.34375,2693.0,channel
usgs_11220500,36.96875_-119.40625,15513.4,center
usgs_11220500,37.03125_-119.28125,12613.7,fallback
usgs_11220500,37.03125_-119.34375,11381.3,channel
usgs_11220500,37.03125_-119.40625,15032.0,fallback
usgs_11220500,37.09375_-119.34375,19537.8,fallback
usgs_11224500,36.15625_-120.46875,9099.7,fallback
usgs_11224500,36.15625_-120.53125,11867.3,fallback
usgs_11224500,36.21875_-120.46875,694.3,fallback
usgs_11224500,36.21875_-120.53125,5450.4,channel
usgs_11224500,36.21875_-120.59375,14858.2,channel
usgs_11224500,36.21875_-120.65625,24070.0,channel
usgs_11224500,36.28125_-120.46875,9360.9,channel
usgs_11224500,36.28125_-120.53125,12886.8,channel
usgs_11224500,36.28125_-120.59375,23171.3,channel
usgs_11224500,36.28125_-120.65625,29930.8,center
usgs_11224500,36.34375_-120.46875,20143.6,fallback
usgs_11224500,36.34375_-120.53125,21532.6,fallback
usgs_11224500,36.34375_-120.59375,25396.9,fallback
usgs_11224500,36.34375_-120.65625,30819.0,fallback
usgs_11226500,37.46875_-118.84375,44778.4,fallback
usgs_11226500,37.46875_-118.90625,35444.4,channel
usgs_11226500,37.46875_-118.96875,33225.2,channel
usgs_11226500,37.46875_-119.03125,22632.6,channel
usgs_11226500,37.46875_-119.09375,19317.6,channel
usgs_11226500,37.46875_-119.15625,8305.2,fallback
usgs_11226500,37.46875_-119.21875,7081.4,fallback
usgs_11226500,37.53125_-118.84375,44405.2,fallback
usgs_11226500,37.53125_-118.90625,37136.6,channel
usgs_11226500,37.53125_-118.96875,26204.1,channel
usgs_11226500,37.53125_-119.03125,18528.4,channel
usgs_11226500,37.53125_-119.09375,11138.1,channel
usgs_11226500,37.53125_-119.15625,1294.8,channel
usgs_11226500,37.53125_-119.21875,4301.1,fallback
usgs_11226500,37.59375_-118.96875,31506.4,fallback
usgs_11226500,37.59375_-119.03125,26504.4,center
usgs_11226500,37.59375_-119.09375,16093.2,channel
usgs_11226500,37.59375_-119.15625,25235.0,channel
usgs_11226500,37.59375_-119.21875,9971.3,channel
usgs_11226500,37.59375_-119.28125,16902.5,fallback
usgs_11226500,37.65625_-119.03125,31051.0,fallback
usgs_11226500,37.65625_-119.09375,25081.0,channel
usgs_11226500,37.65625_-119.15625,31968.0,channel
usgs_11226500,37.65625_-119.21875,19310.0,channel
usgs_11226500,37.65625_-119.28125,28595.7,center
usgs_11226500,37.71875_-119.09375,35408.5,channel
usgs_11226500,37.71875_-119.15625,43957.8,center
usgs_11226500,37.71875_-119.21875,33073.3,fallback
usgs_11226500,37.71875_-119.28125,34604.4,fallback
usgs_11230500,37.28125_-118.78125,22333.1,fallback
usgs_11230500,37.28125_-118.84375,18814.7,channel
usgs_11230500,37.28125_-118.90625,10771.2,fallback
usgs_11230500,37.34375_-118.78125,22088.4,channel
usgs_11230500,37.34375_-118.84375,14084.8,channel
usgs_11230500,37.34375_-118.90625,4826.8,channel
usgs_11230500,37.34375_-118.96875,710.9,center
usgs_11230500,37.40625_-118.78125,22777.5,fallback
usgs_11230500,37.40625_-118.84375,16782.0,fallback
usgs_11230500,37.40625_-118.90625,11692.1,fallback
usgs_11230500,37.40625_-118.96875,9166.3,fallback
usgs_11237500,37.15625_-119.09375,11587.1,fallback
usgs_11237500,37.15625_-119.15625,6009.1,channel
usgs_11237500,37.15625_-119.21875,1827.1,channel
usgs_11237500,37.21875_-119.09375,10846.2,fallback
usgs_11237500,37.21875_-119.15625,5559.2,fallback
usgs_11237500,37.21875_-119.21875,2333.0,fallback
usgs_11253310,36.34375_-120.53125,18751.9,channel
usgs_11253310,36.34375_-120.59375,22041.4,channel
usgs_11253310,36.34375_-120.65625,27924.2,fallback
usgs_11253310,36.40625_-120.40625,3440.2,fallback
usgs_11253310,36.40625_-120.46875,402.9,channel
usgs_11253310,36.40625_-120.53125,10640.8,channel
usgs_11253310,36.40625_-120.59375,19103.3,channel
usgs_11253310,36.40625_-120.65625,26581.8,fallback
usgs_11253310,36.46875_-120.46875,10853.7,fallback
usgs_11257500,37.21875_-119.71875,8557.6,fallback
usgs_11257500,37.21875_-119.78125,3411.4,fallback
usgs_11257500,37.21875_-119.84375,10241.6,fallback
usgs_11257500,37.28125_-119.59375,36147.4,channel
usgs_11257500,37.28125_-119.65625,18407.6,fallback
usgs_11257500,37.28125_-119.71875,14001.1,center
usgs_11257500,37.28125_-119.78125,2104.0,channel
usgs_11257500,37.28125_-119.84375,12417.9,fallback
usgs_11257500,37.34375_-119.59375,31668.9,fallback
usgs_11257500,37.34375_-119.65625,27292.1,channel
usgs_11257500,37.34375_-119.71875,13111.6,channel
usgs_11257500,37.34375_-119.78125,11835.8,channel
usgs_11257500,37.40625_-119.53125,45443.3,fallback
usgs_11257500,37.40625_-119.59375,44609.9,center
usgs_11257500,37.40625_-119.65625,31863.0,channel
usgs_11257500,37.40625_-119.71875,27773.1,channel
usgs_11257500,37.40625_-119.78125,29875.5,fallback
usgs_11257500,37.46875_-119.53125,53350.2,fallback
usgs_11257500,37.46875_-119.59375,48185.6,fallback
usgs_11257500,37.46875_-119.65625,47202.5,center
usgs_11257500,37.46875_-119.71875,41666.1,fallback
usgs_11258000,37.09375_-119.71875,21217.4,fallback
usgs_11258000,37.09375_-119.78125,13463.1,fallback
usgs_11258000,37.09375_-119.84375,5722.3,fallback
usgs_11258000,37.09375_-119.90625,2155.9,fallback
usgs_11258000,37.15625_-119.65625,30359.2,fallback
usgs_11258000,37.15625_-119.71875,22975.0,channel
usgs_11258000,37.15625_-119.78125,15306.3,channel
usgs_11258000,37.15625_-119.84375,5182.0,channel
usgs_11258000,37.15625_-119.90625,4107.1,channel
usgs_11258000,37.21875_-119.65625,42780.2,center
usgs_11258000,37.21875_-119.71875,29699.0,channel
usgs_11258000,37.21875_-119.78125,16638.0,channel
usgs_11258000,37.21875_-119.84375,15111.6,channel
usgs_11258000,37.21875_-119.90625,12701.0,channel
usgs_11258000,37.28125_-119.59375,61102.7,channel
usgs_11258000,37.28125_-119.65625,43513.1,channel
usgs_11258000,37.28125_-119.71875,40234.2,channel
usgs_11258000,37.28125_-119.78125,27059.2,channel
usgs_11258000,37.28125_-119.84375,29138.2,fallback
usgs_11258000,37.34375_-119.59375,53026.7,fallback
usgs_11258000,37.34375_-119.65625,52247.3,channel
usgs_11258000,37.34375_-119.71875,38066.8,channel
usgs_11258000,37.34375_-119.78125,36791.1,channel
usgs_11258000,37.40625_-119.53125,65407.9,fallback
usgs_11258000,37.40625_-119.59375,69565.1,center
usgs_11258000,37.40625_-119.65625,56818.2,channel
usgs_11258000,37.40625_-119.71875,52728.3,channel
usgs_11258000,37.40625_-119.78125,49874.4,fallback
usgs_11258000,37.46875_-119.53125,72840.5,fallback
usgs_11258000,37.46875_-119.59375,68401.1,fallback
usgs_11258000,37.46875_-119.65625,72157.7,center
usgs_11258000,37.46875_-119.71875,61514.9,fallback
usgs_11259000,37.15625_-119.90625,14719.5,fallback
usgs_11259000,37.21875_-119.84375,19193.7,fallback
usgs_11259000,37.21875_-119.90625,11053.0,fallback
usgs_11259000,37.21875_-119.96875,2789.4,center
usgs_11259000,37.28125_-119.78125,29352.4,fallback
usgs_11259000,37.28125_-119.84375,17893.8,channel
usgs_11259000,37.28125_-119.90625,10366.2,channel
usgs_11259000,37.28125_-119.96875,6415.2,channel
usgs_11259000,37.28125_-120.03125,11943.0,fallback
usgs_11259000,37.34375_-119.78125,37848.6,center
usgs_11259000,37.34375_-119.84375,27782.0,channel
usgs_11259000,37.34375_-119.90625,25181.0,channel
usgs_11259000,37.34375_-119.96875,16733.2,channel
usgs_11259000,37.34375_-120.03125,21603.6,fallback
usgs_11259000,37.40625_-119.71875,51877.7,channel
usgs_11259000,37.40625_-119.78125,38338.8,channel
usgs_11259000,37.40625_-119.84375,38187.4,channel
usgs_11259000,37.40625_-119.90625,47488.5,channel
usgs_11259000,37.40625_-119.96875,31319.7,fallback
usgs_11259000,37.40625_-120.03125,31623.4,fallback
usgs_11259000,37.46875_-119.65625,60098.8,fallback
usgs_11259000,37.46875_-119.71875,50369.1,channel
usgs_11259000,37.46875_-119.78125,49595.8,channel
usgs_11259000,37.46875_-119.84375,53522.5,channel
usgs_11259000,37.46875_-119.90625,49266.3,channel
usgs_11259000,37.53125_-119.71875,62613.7,fallback
usgs_11259000,37.53125_-119.78125,58403.5,fallback
usgs_11259000,37.53125_-119.84375,59083.3,channel
usgs_11259000,37.53125_-119.90625,52805.4,fallback
usgs_11259000,37.59375_-119.84375,64764.2,fallback
usgs_11259000,37.59375_-119.90625,62844.2,fallback
usgs_11264500,37.59375_-119.40625,25255.2,fallback
usgs_11264500,37.59375_-119.46875,21371.9,fallback
usgs_11264500,37.59375_-119.53125,19204.4,fallback
usgs_11264500,37.65625_-119.28125,32030.4,fallback
usgs_11264500,37.65625_-119.34375,29782.3,channel
usgs_11264500,37.65625_-119.40625,28762.6,channel
usgs_11264500,37.65625_-119.46875,13055.8,channel
usgs_11264500,37.65625_-119.53125,6359.2,channel
usgs_11264500,37.65625_-119.59375,11015.9,fallback
usgs_11264500,37.71875_-119.28125,31545.9,channel
usgs_11264500,37.71875_-119.34375,23546.8,channel
usgs_11264500,37.71875_-119.40625,15620.2,channel
usgs_11264500,37.71875_-119.46875,7695.9,channel
usgs_11264500,37.71875_-119.53125,4018.4,center
usgs_11264500,37.71875_-119.59375,4161.6,fallback
usgs_11264500,37.78125_-119.28125,31063.7,fallback
usgs_11264500,37.78125_-119.34375,24489.8,channel
usgs_11264500,37.78125_-119.40625,16796.7,channel
usgs_11264500,37.78125_-119.46875,12018.8,fallback
usgs_11264500,37.78125_-119.53125,7531.7,fallback
usgs_11264500,37.84375_-119.34375,28129.7,fallback
usgs_11264500,37.84375_-119.40625,22759.8,fallback
usgs_11264500,37.84375_-119.46875,18372.5,fallback
usgs_11266500,37.59375_-119.40625,36780.6,fallback
usgs_11266500,37.59375_-119.46875,30506.5,fallback
usgs_11266500,37.59375_-119.53125,24987.8,fallback
usgs_11266500,37.59375_-119.59375,20833.7,fallback
usgs_11266500,37.65625_-119.28125,47659.2,fallback
usgs_11266500,37.65625_-119.34375,45627.2,channel
usgs_11266500,37.65625_-119.40625,44607.5,channel
usgs_11266500,37.65625_-119.46875,28900.7,channel
usgs_11266500,37.65625_-119.53125,22204.1,channel
usgs_11266500,37.65625_-119.59375,8925.6,channel
usgs_11266500,37.65625_-119.65625,13677.7,channel
usgs_11266500,37.71875_-119.28125,47390.8,channel
usgs_11266500,37.71875_-119.34375,39391.7,channel
usgs_11266500,37.71875_-119.40625,31465.1,channel
usgs_11266500,37.71875_-119.46875,23540.8,channel
usgs_11266500,37.71875_-119.53125,14650.4,channel
usgs_11266500,37.71875_-119.59375,5344.3,channel
usgs_11266500,37.71875_-119.65625,1312.3,center
usgs_11266500,37.78125_-119.28125,47741.2,fallback
usgs_11266500,37.78125_-119.34375,40334.7,channel
usgs_11266500,37.78125_-119.40625,32641.6,channel
usgs_11266500,37.78125_-119.46875,23590.5,channel
usgs_11266500,37.78125_-119.53125,16635.5,channel
usgs_11266500,37.78125_-119.59375,11605.1,channel
usgs_11266500,37.78125_-119.65625,21911.3,center
usgs_11266500,37.84375_-119.34375,43689.1,fallback
usgs_11266500,37.84375_-119.40625,39344.2,center
usgs_11266500,37.84375_-119.46875,28983.9,channel
usgs_11266500,37.84375_-119.53125,29137.8,channel
usgs_11266500,37.84375_-119.59375,20677.6,channel
usgs_11266500,37.84375_-119.65625,19560.5,fallback
usgs_11266500,37.90625_-119.53125,33381.9,fallback
usgs_11266500,37.90625_-119.59375,30410.6,fallback
usgs_11268000,37.46875_-119.46875,65799.4,fallback
usgs_11268000,37.46875_-119.53125,61463.8,channel
usgs_11268000,37.46875_-119.59375,52753.2,channel
usgs_11268000,37.46875_-119.65625,46821.7,channel
usgs_11268000,37.46875_-119.71875,39287.8,fallback
usgs_11268000,37.53125_-119.40625,69432.9,fallback
usgs_11268000,37.53125_-119.46875,57943.1,channel
usgs_11268000,37.53125_-119.53125,51098.3,channel
usgs_11268000,37.53125_-119.59375,44194.8,channel
usgs_11268000,37.53125_-119.65625,36091.7,channel
usgs_11268000,37.53125_-119.71875,34169.3,channel
usgs_11268000,37.53125_-119.78125,18835.5,channel
usgs_11268000,37.53125_-119.84375,21700.6,fallback
usgs_11268000,37.59375_-119.34375,75476.2,fallback
usgs_11268000,37.59375_-119.40625,67331.0,channel
usgs_11268000,37.59375_-119.46875,65689.7,channel
usgs_11268000,37.59375_-119.53125,58762.0,channel
usgs_11268000,37.59375_-119.59375,45797.8,channel
usgs_11268000,37.59375_-119.65625,33219.2,channel
usgs_11268000,37.59375_-119.71875,23286.7,channel
usgs_11268000,37.59375_-119.78125,13347.9,channel
usgs_11268000,37.59375_-119.84375,8242.5,channel
usgs_11268000,37.59375_-119.90625,10414.9,fallback
usgs_11268000,37.65625_-119.34375,74781.6,fallback
usgs_11268000,37.65625_-119.40625,66158.6,fallback
usgs_11268000,37.65625_-119.59375,40291.4,fallback
usgs_11268000,37.65625_-119.65625,33581.7,channel
usgs_11268000,37.65625_-119.71875,31693.3,channel
usgs_11268000,37.65625_-119.78125,14437.4,fallback
usgs_11268000,37.65625_-119.84375,2536.3,channel
usgs_11268000,37.65625_-119.90625,0.0,channel
usgs_11269300,37.65625_-120.09375,10791.4,fallback
usgs_11269300,37.65625_-120.15625,7307.8,fallback
usgs_11269300,37.71875_-120.09375,8482.9,fallback
usgs_11269300,37.71875_-120.15625,349.8,channel
usgs_11269300,37.71875_-120.21875,2531.9,fallback
usgs_11269300,37.78125_-120.15625,7817.8,fallback
usgs_11269300,37.78125_-120.21875,7652.9,fallback
usgs_11274500,37.15625_-121.34375,35939.1,fallback
usgs_11274500,37.15625_-121.40625,41854.4,fallback
usgs_11274500,37.21875_-121.21875,18566.1,fallback
usgs_11274500,37.21875_-121.28125,23946.6,fallback
usgs_11274500,37.21875_-121.34375,34816.7,channel
usgs_11274500,37.21875_-121.40625,41273.7,channel
usgs_11274500,37.21875_-121.46875,44190.7,fallback
usgs_11274500,37.28125_-121.09375,6546.9,fallback
usgs_11274500,37.28125_-121.15625,530.9,channel
usgs_11274500,37.28125_-121.21875,7508.9,channel
usgs_11274500,37.28125_-121.28125,16816.8,channel
usgs_11274500,37.28125_-121.34375,25561.8,channel
usgs_11274500,37.28125_-121.40625,32970.7,channel
usgs_11274500,37.28125_-121.46875,41957.8,fallback
usgs_11274500,37.34375_-121.09375,5859.8,fallback
usgs_11274500,37.34375_-121.15625,5659.5,fallback
usgs_11274500,37.34375_-121.21875,13841.2,center
usgs_11274500,37.34375_-121.28125,24420.7,channel
usgs_11274500,37.34375_-121.34375,26779.0,channel
usgs_11274500,37.34375_-121.40625,37683.7,channel
usgs_11274500,37.40625_-121.34375,29840.0,fallback
usgs_11274500,37.40625_-121.40625,36729.7,fallback
usgs_11274630,37.34375_-121.34375,26983.2,fallback
usgs_11274630,37.40625_-121.21875,12190.6,fallback
usgs_11274630,37.40625_-121.28125,14927.6,fallback
usgs_11274630,37.40625_-121.34375,18387.2,channel
usgs_11274630,37.40625_-121.40625,26620.3,channel
usgs_11274630,37.40625_-121.46875,33469.8,fallback
usgs_11274630,37.46875_-121.21875,2906.3,center
usgs_11274630,37.46875_-121.28125,5953.7,channel
usgs_11274630,37.46875_-121.34375,16970.5,channel
usgs_11274630,37.46875_-121.40625,33479.0,channel
usgs_11274630,37.46875_-121.46875,33971.1,channel
usgs_11275000,37.96875_-119.71875,3683.1,channel
usgs_11275000,37.96875_-119.78125,1657.3,fallback
usgs_11275000,38.03125_-119.65625,12767.8,fallback
usgs_11275000,38.03125_-119.71875,4962.2,channel
usgs_11275000,38.03125_-119.78125,7556.0,fallback
usgs_11275000,38.09375_-119.59375,22273.5,fallback
usgs_11275000,38.09375_-119.65625,20727.7,channel
usgs_11275000,38.15625_-119.53125,31913.7,fallback
usgs_11275000,38.15625_-119.59375,30565.5,channel
usgs_11275000,38.15625_-119.65625,24951.7,fallback
usgs_11281000,37.78125_-119.65625,41285.1,channel
usgs_11281000,37.78125_-119.71875,33514.9,channel
usgs_11281000,37.78125_-119.78125,25445.2,channel
usgs_11281000,37.78125_-119.84375,19753.6,channel
usgs_11281000,37.78125_-119.90625,9689.5,channel
usgs_11281000,37.78125_-119.96875,1927.3,channel
usgs_11281000,37.78125_-120.03125,1848.6,channel
usgs_11281000,37.84375_-119.65625,37098.2,fallback
usgs_11281000,37.84375_-119.71875,30641.8,fallback
usgs_11281000,37.84375_-119.78125,32687.1,channel
usgs_11281000,37.84375_-119.84375,17782.1,channel
usgs_11281000,37.84375_-119.90625,10957.6,channel
usgs_11281000,37.84375_-119.96875,3692.2,channel
usgs_11281000,37.84375_-120.03125,3482.2,fallback
usgs_11282000,37.84375_-119.59375,49860.6,fallback
usgs_11282000,37.84375_-119.65625,42615.6,channel
usgs_11282000,37.84375_-119.71875,34820.5,channel
usgs_11282000,37.84375_-119.78125,27552.8,fallback
usgs_11282000,37.84375_-119.84375,20139.0,fallback
usgs_11282000,37.84375_-119.90625,14965.6,center
usgs_11282000,37.84375_-119.96875,6329.0,center
usgs_11282000,37.84375_-120.03125,3322.9,fallback
usgs_11282000,37.90625_-119.59375,51159.4,fallback
usgs_11282000,37.90625_-119.65625,42703.7,channel
usgs_11282000,37.90625_-119.71875,33949.3,channel
usgs_11282000,37.90625_-119.78125,26337.6,channel
usgs_11282000,37.90625_-119.84375,25108.4,channel
usgs_11282000,37.90625_-119.90625,17210.8,fallback
usgs_11283500,37.90625_-120.03125,4831.1,channel
usgs_11283500,37.90625_-120.09375,2700.4,fallback
usgs_11283500,37.96875_-119.96875,15694.0,fallback
usgs_11283500,37.96875_-120.03125,6353.3,channel
usgs_11283500,37.96875_-120.09375,14383.9,channel
usgs_11283500,38.03125_-119.90625,27312.9,fallback
usgs_11283500,38.03125_-119.96875,23466.3,channel
usgs_11283500,38.03125_-120.03125,16410.3,channel
usgs_11283500,38.03125_-120.09375,16818.2,channel
usgs_11283500,38.09375_-119.90625,34470.5,fallback
usgs_11283500,38.09375_-119.96875,32623.6,channel
usgs_11283500,38.09375_-120.03125,26648.7,channel
usgs_11283500,38.09375_-120.09375,28687.4,fallback
usgs_11283500,38.15625_-119.84375,55083.3,center
usgs_11283500,38.15625_-119.90625,42439.2,channel
usgs_11283500,38.15625_-119.96875,35645.0,channel
usgs_11283500,38.15625_-120.03125,38104.0,fallback
usgs_11283500,38.21875_-119.78125,57936.6,fallback
usgs_11283500,38.21875_-119.84375,54016.1,fallback
usgs_11283500,38.21875_-119.90625,50839.0,fallback
usgs_11284400,37.78125_-120.09375,10765.2,fallback
usgs_11284400,37.78125_-120.15625,7413.0,channel
usgs_11284400,37.84375_-120.09375,10871.5,channel
usgs_11284400,37.84375_-120.15625,0.0,channel
usgs_11284400,37.84375_-120.21875,3062.9,fallback
usgs_11292500,38.34375_-119.65625,18879.1,fallback
usgs_11292500,38.34375_-119.71875,13482.5,fallback
usgs_11292500,38.34375_-119.78125,8156.9,fallback
usgs_11292500,38.34375_-119.84375,0.0,channel
usgs_11292500,38.40625_-119.65625,19326.3,fallback
usgs_11292500,38.40625_-119.71875,15548.8,channel
usgs_11292500,38.40625_-119.78125,7146.2,channel
usgs_11292500,38.40625_-119.84375,3466.0,channel
usgs_11292500,38.40625_-119.90625,5624.9,fallback
usgs_11292500,38.46875_-119.65625,22072.3,fallback
usgs_11292500,38.46875_-119.71875,17687.4,fallback
usgs_11292500,38.46875_-119.78125,14727.3,channel
usgs_11292500,38.46875_-119.84375,11918.8,fallback
usgs_11294000,38.34375_-119.96875,6071.0,fallback
usgs_11294000,38.40625_-119.84375,13612.4,fallback
usgs_11294000,38.40625_-119.90625,6711.3,channel
usgs_11294000,38.40625_-119.96875,0.0,channel
usgs_11294000,38.40625_-120.03125,3175.3,fallback
usgs_11294000,38.46875_-119.78125,20759.4,fallback
usgs_11294000,38.46875_-119.84375,14862.2,channel
usgs_11294000,38.46875_-119.90625,14529.4,channel
usgs_11294000,38.46875_-119.96875,8835.1,fallback
usgs_11294000,38.53125_-119.84375,20479.0,fallback
usgs_11294500,38.21875_-120.28125,3504.6,fallback
usgs_11294500,38.28125_-120.21875,7559.3,channel
usgs_11294500,38.28125_-120.28125,971.1,channel
usgs_11294500,38.34375_-119.96875,36972.0,fallback
usgs_11294500,38.34375_-120.03125,30865.9,fallback
usgs_11294500,38.34375_-120.09375,25052.2,fallback
usgs_11294500,38.34375_-120.15625,19032.9,channel
usgs_11294500,38.34375_-120.21875,11465.4,channel
usgs_11294500,38.34375_-120.28125,13683.3,fallback
usgs_11294500,38.40625_-119.84375,52587.3,fallback
usgs_11294500,38.40625_-119.90625,49083.9,channel
usgs_11294500,38.40625_-119.96875,42285.0,channel
usgs_11294500,38.40625_-120.03125,35448.5,channel
usgs_11294500,38.40625_-120.09375,27912.6,channel
usgs_11294500,38.40625_-120.15625,21756.9,channel
usgs_11294500,38.40625_-120.21875,23439.1,fallback
usgs_11294500,38.46875_-119.78125,62395.8,fallback
usgs_11294500,38.46875_-119.84375,57234.8,channel
usgs_11294500,38.46875_-119.90625,56902.0,channel
usgs_11294500,38.46875_-119.96875,46726.4,channel
usgs_11294500,38.46875_-120.03125,41348.5,channel
usgs_11294500,38.46875_-120.09375,37157.7,fallback
usgs_11294500,38.46875_-120.15625,33840.2,fallback
usgs_11294500,38.53125_-119.84375,61682.9,fallback
usgs_11294500,38.53125_-119.90625,56690.3,fallback
usgs_11294500,38.53125_-119.96875,52074.2,fallback
usgs_11294500,38.53125_-120.03125,47943.3,fallback
usgs_11299600,37.96875_-120.53125,13041.8,fallback
usgs_11299600,37.96875_-120.59375,3663.9,center
usgs_11299600,37.96875_-120.65625,6465.0,fallback
usgs_11299600,38.03125_-120.59375,14117.8,fallback
usgs_11299600,38.03125_-120.65625,15088.4,fallback
usgs_11315000,38.53125_-120.09375,11409.1,channel
usgs_11315000,38.53125_-120.15625,4050.1,channel
usgs_11315000,38.53125_-120.21875,2566.9,center
usgs_11315000,38.59375_-120.09375,12520.1,channel
usgs_11315000,38.59375_-120.15625,10125.6,fallback
usgs_11316800,38.40625_-120.21875,27770.8,fallback
usgs_11316800,38.40625_-120.28125,19839.9,center
usgs_11316800,38.40625_-120.34375,12556.5,fallback
usgs_11316800,38.40625_-120.40625,5040.0,center
usgs_11316800,38.40625_-120.46875,2713.7,fallback
usgs_11316800,38.46875_-120.34375,16156.9,fallback
usgs_11316800,38.46875_-120.40625,11318.2,fallback
usgs_11318500,38.28125_-120.28125,30982.6,fallback
usgs_11318500,38.28125_-120.34375,22542.8,channel
usgs_11318500,38.28125_-120.40625,19240.7,fallback
usgs_11318500,38.34375_-120.21875,38051.8,channel
usgs_11318500,38.34375_-120.28125,30711.6,channel
usgs_11318500,38.34375_-120.34375,22060.2,channel
usgs_11318500,38.34375_-120.40625,13934.4,channel
usgs_11318500,38.34375_-120.46875,5241.4,channel
usgs_11318500,38.34375_-120.53125,5764.7,center
usgs_11318500,38.34375_-120.59375,6217.5,fallback
usgs_11318500,38.40625_-120.21875,35686.9,fallback
usgs_11318500,38.40625_-120.28125,29023.6,fallback
usgs_11318500,38.40625_-120.34375,22414.5,fallback
usgs_11318500,38.40625_-120.40625,15927.0,fallback
usgs_11318500,38.40625_-120.46875,9806.0,fallback
usgs_11318500,38.40625_-120.53125,5465.1,fallback
usgs_11334300,38.46875_-120.53125,31448.5,fallback
usgs_11334300,38.46875_-120.59375,25261.0,fallback
usgs_11334300,38.46875_-120.65625,19552.4,fallback
usgs_11334300,38.53125_-120.46875,40707.0,center
usgs_11334300,38.53125_-120.53125,31271.5,center
usgs_11334300,38.53125_-120.59375,20859.6,channel
usgs_11334300,38.53125_-120.65625,13333.9,channel
usgs_11334300,38.53125_-120.71875,5299.8,channel
usgs_11334300,38.53125_-120.78125,3835.9,fallback
usgs_11334300,38.59375_-120.53125,29335.7,fallback
usgs_11334300,38.59375_-120.59375,22590.0,fallback
usgs_11334300,38.59375_-120.65625,16987.1,channel
usgs_11334300,38.59375_-120.71875,9718.2,fallback
usgs_11337500,37.78125_-121.78125,11774.0,fallback
usgs_11337500,37.84375_-121.71875,0.0,channel
usgs_11337500,37.84375_-121.78125,2731.5,channel
usgs_11337500,37.84375_-121.84375,23830.6,channel
usgs_11337500,37.84375_-121.90625,24571.7,channel
usgs_11337500,37.90625_-121.71875,3913.0,fallback
usgs_11337500,37.90625_-121.78125,5180.8,channel
usgs_11337500,37.90625_-121.84375,11837.8,channel
usgs_11337500,37.90625_-121.90625,16859.0,fallback
usgs_11341400,41.15625_-122.46875,20907.7,fallback
usgs_11341400,41.21875_-122.34375,6896.5,fallback
usgs_11341400,41.21875_-122.40625,15729.7,channel
usgs_11341400,41.21875_-122.46875,17622.5,channel
usgs_11341400,41.21875_-122.53125,22247.2,fallback
usgs_11341400,41.28125_-122.28125,3553.9,fallback
usgs_11341400,41.28125_-122.34375,85.0,channel
usgs_11341400,41.28125_-122.40625,8283.1,channel
usgs_11341400,41.28125_-122.46875,15554.2,channel
usgs_11341400,41.28125_-122.53125,21457.0,fallback
usgs_11341400,41.34375_-122.21875,15734.1,channel
usgs_11341400,41.34375_-122.28125,8913.3,channel
usgs_11341400,41.34375_-122.34375,9631.9,channel
usgs_11341400,41.34375_-122.40625,16403.5,channel
usgs_11341400,41.34375_-122.46875,18280.2,fallback
usgs_11341400,41.40625_-122.21875,20077.4,channel
usgs_11341400,41.40625_-122.28125,18381.1,fallback
usgs_11341400,41.40625_-122.34375,18403.4,fallback
usgs_11341400,41.40625_-122.40625,20333.3,fallback
usgs_11371000,40.71875_-122.53125,11183.2,fallback
usgs_11371000,40.71875_-122.59375,4426.2,channel
usgs_11371000,40.71875_-122.65625,3913.3,center
usgs_11371000,40.71875_-122.71875,8865.1,fallback
usgs_11371000,40.78125_-122.53125,14997.3,channel
usgs_11371000,40.78125_-122.59375,8314.2,channel
usgs_11371000,40.78125_-122.65625,8992.3,channel
usgs_11371000,40.78125_-122.71875,14196.6,fallback
usgs_11371000,40.84375_-122.53125,22590.3,fallback
usgs_11371000,40.84375_-122.59375,18256.5,channel
usgs_11371000,40.84375_-122.65625,19985.4,fallback
usgs_11371000,40.90625_-122.53125,34468.2,channel
usgs_11371000,40.90625_-122.59375,30283.3,channel
usgs_11371000,40.90625_-122.65625,28307.4,fallback
usgs_11371000,40.96875_-122.53125,45639.5,channel
usgs_11371000,40.96875_-122.59375,40330.5,channel
usgs_11371000,41.03125_-122.53125,46195.1,fallback
usgs_11372000,40.53125_-122.53125,3169.9,center
usgs_11372000,40.53125_-122.59375,8138.3,center
usgs_11372000,40.59375_-122.53125,6313.7,channel
usgs_11372000,40.59375_-122.59375,17836.2,channel
usgs_11372000,40.59375_-122.65625,38338.3,channel
usgs_11372000,40.59375_-122.71875,27192.7,fallback
usgs_11372000,40.65625_-122.53125,16879.2,channel
usgs_11372000,40.65625_-122.59375,17206.3,channel
usgs_11372000,40.65625_-122.65625,25367.4,channel
usgs_11372000,40.65625_-122.71875,34539.8,channel
usgs_11372000,40.65625_-122.78125,39130.8,fallback
usgs_11372000,40.71875_-122.53125,33300.0,fallback
usgs_11372000,40.71875_-122.59375,38359.4,channel
usgs_11372000,40.71875_-122.65625,32950.6,channel
usgs_11372000,40.71875_-122.71875,40944.4,fallback
usgs_11372000,40.71875_-122.78125,45845.1,fallback
usgs_11372000,40.78125_-122.53125,48930.6,channel
usgs_11372000,40.78125_-122.59375,42247.4,channel
usgs_11372000,40.78125_-122.65625,42925.5,channel
usgs_11372000,40.78125_-122.71875,49520.8,fallback
usgs_11372000,40.84375_-122.53125,53540.8,fallback
usgs_11372000,40.84375_-122.59375,52189.7,channel
usgs_11372000,40.84375_-122.65625,55914.4,fallback
usgs_11372000,40.90625_-122.53125,68401.5,channel
usgs_11372000,40.90625_-122.59375,64216.5,channel
usgs_11372000,40.90625_-122.65625,65669.0,fallback
usgs_11372000,40.96875_-122.53125,79572.8,channel
usgs_11372000,40.96875_-122.59375,74263.7,channel
usgs_11372000,41.03125_-122.53125,83905.2,fallback
usgs_11374000,40.53125_-121.90625,40238.1,fallback
usgs_11374000,40.53125_-121.96875,32637.5,fallback
usgs_11374000,40.53125_-122.03125,33516.8,center
usgs_11374000,40.53125_-122.09375,21719.5,channel
usgs_11374000,40.53125_-122.15625,12916.8,channel
usgs_11374000,40.53125_-122.21875,0.0,channel
usgs_11374000,40.53125_-122.28125,7314.3,fallback
usgs_11374000,40.59375_-121.65625,72040.3,fallback
usgs_11374000,40.59375_-121.71875,64561.0,fallback
usgs_11374000,40.59375_-121.78125,57824.0,channel
usgs_11374000,40.59375_-121.84375,50984.1,channel
usgs_11374000,40.59375_-121.90625,43836.0,channel
usgs_11374000,40.59375_-121.96875,38670.4,channel
usgs_11374000,40.59375_-122.03125,31429.6,channel
usgs_11374000,40.59375_-122.09375,25163.5,channel
usgs_11374000,40.59375_-122.15625,16308.4,channel
usgs_11374000,40.59375_-122.21875,8698.4,channel
usgs_11374000,40.59375_-122.28125,15536.1,fallback
usgs_11374000,40.65625_-121.65625,76933.2,channel
usgs_11374000,40.65625_-121.71875,70517.4,channel
usgs_11374000,40.65625_-121.78125,61940.0,channel
usgs_11374000,40.65625_-121.84375,55015.3,channel
usgs_11374000,40.65625_-121.90625,45507.4,channel
usgs_11374000,40.65625_-121.96875,40834.5,channel
usgs_11374000,40.65625_-122.03125,30573.4,channel
usgs_11374000,40.65625_-122.09375,29744.5,channel
usgs_11374000,40.65625_-122.15625,22388.1,channel
usgs_11374000,40.65625_-122.21875,16455.5,channel
usgs_11374000,40.65625_-122.28125,25140.0,fallback
usgs_11374000,40.71875_-121.71875,71727.6,fallback
usgs_11374000,40.71875_-121.78125,62701.5,channel
usgs_11374000,40.71875_-121.84375,54935.8,channel
usgs_11374000,40.71875_-121.90625,48056.7,channel
usgs_11374000,40.71875_-121.96875,50068.2,channel
usgs_11374000,40.71875_-122.03125,42792.1,channel
usgs_11374000,40.71875_-122.09375,33963.4,channel
usgs_11374000,40.71875_-122.15625,26780.2,channel
usgs_11374000,40.71875_-122.21875,28232.8,channel
usgs_11374000,40.71875_-122.28125,26528.2,channel
usgs_11374000,40.78125_-121.78125,70959.9,fallback
usgs_11374000,40.78125_-121.84375,65191.9,channel
usgs_11374000,40.78125_-121.90625,56929.0,channel
usgs_11374000,40.78125_-121.96875,56532.9,channel
usgs_11374000,40.78125_-122.03125,44477.8,channel
usgs_11374000,40.78125_-122.09375,47709.1,fallback
usgs_11375700,40.40625_-122.59375,6782.9,fallback
usgs_11375700,40.40625_-122.65625,12315.6,fallback
usgs_11375700,40.46875_-122.53125,0.0,channel
usgs_11375700,40.46875_-122.59375,2174.0,channel
usgs_11375700,40.46875_-122.65625,10116.0,channel
usgs_11375700,40.46875_-122.71875,18059.4,channel
usgs_11375700,40.46875_-122.78125,24850.8,fallback
usgs_11375700,40.53125_-122.59375,13330.8,channel
usgs_11375700,40.53125_-122.65625,29995.8,channel
usgs_11375700,40.53125_-122.71875,27880.3,channel
usgs_11375700,40.53125_-122.78125,30396.3,channel
usgs_11375700,40.59375_-122.59375,21742.8,fallback
usgs_11375700,40.59375_-122.65625,37586.9,channel
usgs_11375700,40.59375_-122.71875,27781.2,fallback
usgs_11379000,40.21875_-121.59375,61838.9,fallback
usgs_11379000,40.21875_-121.65625,54489.0,fallback
usgs_11379000,40.21875_-121.71875,52941.8,center
usgs_11379000,40.21875_-121.78125,39783.5,channel
usgs_11379000,40.21875_-121.84375,32550.1,channel
usgs_11379000,40.21875_-121.90625,24869.0,channel
usgs_11379000,40.21875_-121.96875,16514.0,channel
usgs_11379000,40.21875_-122.03125,7805.0,channel
usgs_11379000,40.21875_-122.09375,3795.6,fallback
usgs_11379000,40.28125_-121.59375,62924.6,fallback
usgs_11379000,40.28125_-121.65625,55742.6,channel
usgs_11379000,40.28125_-121.71875,46769.0,channel
usgs_11379000,40.28125_-121.78125,42213.8,channel
usgs_11379000,40.28125_-121.84375,36031.9,channel
usgs_11379000,40.28125_-121.90625,27743.7,fallback
usgs_11379000,40.28125_-121.96875,21357.4,fallback
usgs_11379000,40.34375_-121.59375,65425.8,fallback
usgs_11379000,40.34375_-121.65625,58541.5,fallback
usgs_11379000,40.34375_-121.71875,51785.3,fallback
usgs_11390672,39.15625_-122.34375,25342.9,fallback
usgs_11390672,39.21875_-122.34375,14993.2,channel
usgs_11390672,39.21875_-122.40625,19955.6,channel
usgs_11390672,39.28125_-122.28125,3109.2,fallback
usgs_11390672,39.28125_-122.34375,1816.6,channel
usgs_11390672,39.28125_-122.40625,15260.7,fallback
usgs_11390672,39.34375_-122.28125,10803.8,fallback
usgs_11390672,39.34375_-122.34375,12115.0,fallback
usgs_11390672,39.34375_-122.40625,18432.2,fallback
usgs_11394500,39.46875_-120.28125,152350.5,fallback
usgs_11394500,39.46875_-120.34375,143611.5,fallback
usgs_11394500,39.46875_-120.40625,134931.9,fallback
usgs_11394500,39.53125_-120.09375,176100.7,fallback
usgs_11394500,39.53125_-120.15625,167097.5,fallback
usgs_11394500,39.53125_-120.21875,158114.9,fallback
usgs_11394500,39.53125_-120.28125,176537.4,center
usgs_11394500,39.53125_-120.34375,166284.2,channel
usgs_11394500,39.53125_-120.40625,167602.2,channel
usgs_11394500,39.53125_-120.46875,122479.3,fallback
usgs_11394500,39.59375_-120.09375,174783.9,channel
usgs_11394500,39.59375_-120.15625,164940.9,channel
usgs_11394500,39.59375_-120.21875,163533.1,channel
usgs_11394500,39.59375_-120.28125,166857.5,channel
usgs_11394500,39.59375_-120.34375,157670.7,channel
usgs_11394500,39.59375_-120.40625,157472.4,channel
usgs_11394500,39.59375_-120.46875,164932.4,channel
usgs_11394500,39.65625_-120.09375,172979.7,fallback
usgs_11394500,39.65625_-120.15625,163756.5,channel
usgs_11394500,39.65625_-120.21875,154728.3,channel
usgs_11394500,39.65625_-120.28125,150473.5,channel
usgs_11394500,39.65625_-120.34375,148969.0,channel
usgs_11394500,39.65625_-120.40625,153051.9,channel
usgs_11394500,39.65625_-120.46875,164533.1,channel
usgs_11394500,39.65625_-120.53125,108931.3,fallback
usgs_11394500,39.65625_-120.59375,99798.6,fallback
usgs_11394500,39.65625_-120.65625,90674.2,fallback
usgs_11394500,39.65625_-120.71875,81560.7,fallback
usgs_11394500,39.71875_-120.09375,172636.6,fallback
usgs_11394500,39.71875_-120.15625,161337.7,channel
usgs_11394500,39.71875_-120.21875,153328.7,channel
usgs_11394500,39.71875_-120.28125,142881.8,channel
usgs_11394500,39.71875_-120.34375,140621.4,channel
usgs_11394500,39.71875_-120.40625,146767.5,channel
usgs_11394500,39.71875_-120.46875,153710.5,channel
usgs_11394500,39.71875_-120.53125,101767.3,channel
usgs_11394500,39.71875_-120.59375,97905.9,channel
usgs_11394500,39.71875_-120.65625,101248.2,channel
usgs_11394500,39.71875_-120.71875,94590.2,channel
usgs_11394500,39.71875_-120.78125,81519.6,center
usgs_11394500,39.71875_-120.84375,62630.7,fallback
usgs_11394500,39.71875_-121.03125,35151.3,fallback
usgs_11394500,39.71875_-121.15625,13340.3,channel
usgs_11394500,39.71875_-121.21875,4238.8,channel
usgs_11394500,39.71875_-121.28125,2052.2,center
usgs_11394500,39.71875_-121.34375,10965.2,fallback
usgs_11394500,39.78125_-120.09375,173115.5,fallback
usgs_11394500,39.78125_-120.15625,161333.0,channel
usgs_11394500,39.78125_-120.21875,151273.7,channel
usgs_11394500,39.78125_-120.28125,151234.8,channel
usgs_11394500,39.78125_-120.34375,131502.9,channel
usgs_11394500,39.78125_-120.40625,130217.4,channel
usgs_11394500,39.78125_-120.46875,115494.9,channel
usgs_11394500,39.78125_-120.53125,102112.9,channel
usgs_11394500,39.78125_-120.59375,92234.2,channel
usgs_11394500,39.78125_-120.65625,84643.1,channel
usgs_11394500,39.78125_-120.71875,92160.4,channel
usgs_11394500,39.78125_-120.78125,68159.0,channel
usgs_11394500,39.78125_-120.84375,66454.3,channel
usgs_11394500,39.78125_-120.90625,46968.7,channel
usgs_11394500,39.78125_-120.96875,38977.9,channel
usgs_11394500,39.78125_-121.03125,31080.7,channel
usgs_11394500,39.78125_-121.09375,22924.9,channel
usgs_11394500,39.78125_-121.15625,13673.2,channel
usgs_11394500,39.78125_-121.21875,20203.1,channel
usgs_11394500,39.78125_-121.28125,12189.9,channel
usgs_11394500,39.78125_-121.34375,17684.0,fallback
usgs_11394500,39.84375_-120.09375,174409.6,fallback
usgs_11394500,39.84375_-120.15625,163443.1,channel
usgs_11394500,39.84375_-120.21875,148452.1,channel
usgs_11394500,39.84375_-120.28125,143682.8,channel
usgs_11394500,39.84375_-120.34375,137964.2,channel
usgs_11394500,39.84375_-120.40625,122788.9,channel
usgs_11394500,39.84375_-120.46875,120461.0,channel
usgs_11394500,39.84375_-120.53125,116693.4,channel
usgs_11394500,39.84375_-120.59375,112420.9,channel
usgs_11394500,39.84375_-120.65625,78571.8,channel
usgs_11394500,39.84375_-120.71875,71516.3,channel
usgs_11394500,39.84375_-120.78125,64687.8,channel
usgs_11394500,39.84375_-120.84375,56257.6,channel
usgs_11394500,39.84375_-120.90625,49014.6,channel
usgs_11394500,39.84375_-120.96875,40227.1,channel
usgs_11394500,39.84375_-121.03125,33778.3,channel
usgs_11394500,39.84375_-121.09375,32169.3,channel
usgs_11394500,39.84375_-121.15625,24480.3,channel
usgs_11394500,39.84375_-121.21875,28432.8,center
usgs_11394500,39.84375_-121.28125,28846.0,center
usgs_11394500,39.84375_-121.34375,28095.6,fallback
usgs_11394500,39.90625_-120.09375,176500.8,fallback
usgs_11394500,39.90625_-120.15625,173510.0,channel
usgs_11394500,39.90625_-120.21875,174179.6,channel
usgs_11394500,39.90625_-120.28125,184123.4,channel
usgs_11394500,39.90625_-120.34375,140947.4,fallback
usgs_11394500,39.90625_-120.40625,132150.6,fallback
usgs_11394500,39.90625_-120.46875,133246.5,channel
usgs_11394500,39.90625_-120.53125,138273.6,channel
usgs_11394500,39.90625_-120.59375,147440.7,channel
usgs_11394500,39.90625_-120.65625,81748.3,channel
usgs_11394500,39.90625_-120.71875,78231.5,channel
usgs_11394500,39.90625_-120.78125,81060.3,fallback
usgs_11394500,39.90625_-120.84375,73090.1,fallback
usgs_11394500,39.90625_-120.90625,65431.3,fallback
usgs_11394500,39.90625_-120.96875,58206.8,fallback
usgs_11394500,39.90625_-121.03125,51599.4,fallback
usgs_11394500,39.90625_-121.09375,45876.5,fallback
usgs_11394500,39.96875_-120.09375,179361.4,fallback
usgs_11394500,39.96875_-120.15625,190240.6,channel
usgs_11394500,39.96875_-120.21875,182438.3,channel
usgs_11394500,39.96875_-120.28125,191612.7,channel
usgs_11394500,39.96875_-120.46875,127520.8,fallback
usgs_11394500,39.96875_-120.53125,119148.6,fallback
usgs_11394500,39.96875_-120.59375,110899.9,fallback
usgs_11394500,39.96875_-120.65625,102804.2,fallback
usgs_11394500,40.03125_-120.15625,174370.5,fallback
usgs_11394500,40.03125_-120.21875,191682.7,channel
usgs_11394500,40.03125_-120.28125,157391.9,fallback
usgs_11396400,39.53125_-121.21875,7560.9,fallback
usgs_11396400,39.53125_-121.28125,3049.1,fallback
usgs_11396400,39.59375_-121.15625,13277.5,fallback
usgs_11396400,39.59375_-121.21875,8052.2,channel
usgs_11396400,39.59375_-121.28125,1868.5,channel
usgs_11396400,39.65625_-121.21875,13475.1,fallback
usgs_11408850,39.40625_-120.46875,56143.2,fallback
usgs_11408850,39.40625_-120.53125,48898.1,fallback
usgs_11408850,39.40625_-120.78125,18175.8,channel
usgs_11408850,39.40625_-120.84375,9518.4,channel
usgs_11408850,39.40625_-120.90625,1752.9,channel
usgs_11408850,39.40625_-120.96875,2477.1,fallback
usgs_11408850,39.46875_-120.40625,63812.7,fallback
usgs_11408850,39.46875_-120.46875,63044.5,channel
usgs_11408850,39.46875_-120.53125,54538.1,channel
usgs_11408850,39.46875_-120.59375,42320.7,fallback
usgs_11408850,39.46875_-120.65625,39692.2,center
usgs_11408850,39.46875_-120.71875,26435.3,channel
usgs_11408850,39.46875_-120.78125,18044.2,channel
usgs_11408850,39.46875_-120.84375,13843.9,channel
usgs_11408850,39.46875_-120.90625,6229.2,channel
usgs_11408850,39.53125_-120.46875,59639.4,channel
usgs_11408850,39.53125_-120.53125,51951.3,channel
usgs_11408850,39.53125_-120.59375,44978.1,channel
usgs_11408850,39.53125_-120.65625,41856.8,center
usgs_11408850,39.53125_-120.71875,34828.3,channel
usgs_11408850,39.53125_-120.78125,26231.4,fallback
usgs_11408850,39.53125_-120.84375,21281.3,fallback
usgs_11409300,39.40625_-121.03125,5739.8,fallback
usgs_11409300,39.46875_-120.84375,21917.5,fallback
usgs_11409300,39.46875_-120.90625,18364.2,center
usgs_11409300,39.46875_-120.96875,6170.0,channel
usgs_11409300,39.46875_-121.03125,3544.7,fallback
usgs_11409300,39.53125_-120.84375,24696.3,fallback
usgs_11409300,39.53125_-120.90625,19093.8,fallback
usgs_11409500,39.40625_-120.96875,11778.0,fallback
usgs_11409500,39.40625_-121.03125,5211.6,channel
usgs_11409500,39.40625_-121.09375,1802.6,fallback
usgs_11409500,39.46875_-120.84375,26893.2,fallback
usgs_11409500,39.46875_-120.90625,26610.5,center
usgs_11409500,39.46875_-120.96875,14416.3,channel
usgs_11409500,39.46875_-121.03125,5673.7,channel
usgs_11409500,39.46875_-121.09375,9371.6,fallback
usgs_11409500,39.53125_-120.84375,30985.6,fallback
usgs_11409500,39.53125_-120.90625,25782.8,fallback
usgs_11413100,39.46875_-120.78125,37261.6,fallback
usgs_11413100,39.46875_-120.84375,30188.7,fallback
usgs_11413100,39.46875_-120.90625,23262.5,fallback
usgs_11413100,39.46875_-120.96875,16667.2,fallback
usgs_11413100,39.46875_-121.03125,11013.9,fallback
usgs_11413100,39.53125_-120.40625,80115.6,fallback
usgs_11413100,39.53125_-120.46875,77553.1,center
usgs_11413100,39.53125_-120.53125,72280.4,center
usgs_11413100,39.53125_-120.59375,58199.2,fallback
usgs_11413100,39.53125_-120.65625,54581.3,channel
usgs_11413100,39.53125_-120.71875,43784.1,channel
usgs_11413100,39.53125_-120.78125,36088.5,channel
usgs_11413100,39.53125_-120.84375,28021.4,channel
usgs_11413100,39.53125_-120.90625,20373.8,channel
usgs_11413100,39.53125_-120.96875,11901.3,channel
usgs_11413100,39.53125_-121.03125,3589.8,channel
usgs_11413100,39.53125_-121.09375,1043.3,fallback
usgs_11413100,39.59375_-120.46875,73521.4,fallback
usgs_11413100,39.59375_-120.53125,65759.5,channel
usgs_11413100,39.59375_-120.59375,58697.3,channel
usgs_11413100,39.59375_-120.65625,51698.7,channel
usgs_11413100,39.59375_-120.71875,44283.7,channel
usgs_11413100,39.59375_-120.78125,38921.9,channel
usgs_11413100,39.59375_-120.84375,34781.2,channel
usgs_11413100,39.59375_-120.90625,23738.9,channel
usgs_11413100,39.59375_-120.96875,14683.7,channel
usgs_11413100,39.59375_-121.03125,12629.3,fallback
usgs_11413100,39.65625_-120.46875,75425.1,fallback
usgs_11413100,39.65625_-120.53125,70820.4,channel
usgs_11413100,39.65625_-120.59375,68951.9,channel
usgs_11413100,39.65625_-120.65625,69664.4,channel
usgs_11413100,39.65625_-120.71875,50924.0,channel
usgs_11413100,39.65625_-120.78125,46984.8,channel
usgs_11413100,39.65625_-120.84375,37488.5,channel
usgs_11413100,39.65625_-120.90625,26270.6,channel
usgs_11413100,39.65625_-120.96875,24573.4,fallback
usgs_11413100,39.71875_-120.59375,65138.1,fallback
usgs_11413100,39.71875_-120.71875,52534.8,fallback
usgs_11413100,39.71875_-120.78125,56042.4,channel
usgs_11413100,39.71875_-120.84375,36559.4,channel
usgs_11413100,39.71875_-120.90625,36521.9,fallback
usgs_11413320,39.53125_-121.09375,0.0,channel
usgs_11413320,39.59375_-121.09375,4911.3,fallback
usgs_11413323,39.53125_-121.09375,2166.2,fallback
usgs_11413323,39.53125_-121.15625,7680.7,fallback
usgs_11413323,39.59375_-121.09375,7568.6,fallback
usgs_11414000,39.28125_-120.34375,20560.3,fallback
usgs_11414000,39.28125_-120.40625,15093.0,fallback
usgs_11414000,39.28125_-120.46875,8247.2,channel
usgs_11414000,39.28125_-120.53125,2011.5,channel
usgs_11414000,39.28125_-120.59375,5399.3,fallback
usgs_11414000,39.34375_-120.34375,23305.4,channel
usgs_11414000,39.34375_-120.40625,15337.2,channel
usgs_11414000,39.34375_-120.46875,10797.6,channel
usgs_11414000,39.34375_-120.53125,212.6,channel
usgs_11414000,39.34375_-120.59375,3755.0,fallback
usgs_11414000,39.40625_-120.34375,22347.1,fallback
usgs_11414000,39.40625_-120.40625,17458.9,fallback
usgs_11418000,39.21875_-121.09375,23788.7,fallback
usgs_11418000,39.21875_-121.15625,15670.6,fallback
usgs_11418000,39.21875_-121.21875,7734.8,fallback
usgs_11418000,39.21875_-121.28125,2946.3,fallback
usgs_11418000,39.28125_-120.34375,122263.2,fallback
usgs_11418000,39.28125_-120.40625,114081.4,fallback
usgs_11418000,39.28125_-120.46875,108310.4,channel
usgs_11418000,39.28125_-120.53125,102074.7,channel
usgs_11418000,39.28125_-120.59375,89555.7,fallback
usgs_11418000,39.28125_-120.65625,81390.3,fallback
usgs_11418000,39.28125_-120.78125,65085.4,fallback
usgs_11418000,39.28125_-120.90625,48844.1,fallback
usgs_11418000,39.28125_-120.96875,40770.9,fallback
usgs_11418000,39.28125_-121.03125,31240.8,channel
usgs_11418000,39.28125_-121.09375,23347.1,channel
usgs_11418000,39.28125_-121.15625,14727.6,channel
usgs_11418000,39.28125_-121.21875,7142.0,channel
usgs_11418000,39.28125_-121.28125,1959.5,channel
usgs_11418000,39.34375_-120.34375,123368.6,channel
usgs_11418000,39.34375_-120.40625,115400.4,channel
usgs_11418000,39.34375_-120.46875,110860.8,channel
usgs_11418000,39.34375_-120.53125,100275.8,channel
usgs_11418000,39.34375_-120.59375,91799.2,channel
usgs_11418000,39.34375_-120.65625,81091.8,channel
usgs_11418000,39.34375_-120.71875,73597.8,channel
usgs_11418000,39.34375_-120.78125,65195.5,channel
usgs_11418000,39.34375_-120.84375,56842.9,channel
usgs_11418000,39.34375_-120.90625,49045.6,channel
usgs_11418000,39.34375_-120.96875,40180.7,channel
usgs_11418000,39.34375_-121.03125,32699.5,channel
usgs_11418000,39.34375_-121.09375,26512.0,channel
usgs_11418000,39.34375_-121.15625,17980.4,channel
usgs_11418000,39.34375_-121.21875,14741.8,channel
usgs_11418000,39.34375_-121.28125,18429.3,fallback
usgs_11418000,39.40625_-120.34375,125304.7,fallback
usgs_11418000,39.40625_-120.40625,117740.3,channel
usgs_11418000,39.40625_-120.46875,110543.5,channel
usgs_11418000,39.40625_-120.53125,109773.2,channel
usgs_11418000,39.40625_-120.59375,100753.9,channel
usgs_11418000,39.40625_-120.65625,83512.4,channel
usgs_11418000,39.40625_-120.71875,80030.7,channel
usgs_11418000,39.40625_-120.78125,74043.3,channel
usgs_11418000,39.40625_-120.84375,65385.9,channel
usgs_11418000,39.40625_-120.90625,57620.5,channel
usgs_11418000,39.40625_-120.96875,49741.7,channel
usgs_11418000,39.40625_-121.03125,38560.0,channel
usgs_11418000,39.40625_-121.09375,30537.7,channel
usgs_11418000,39.40625_-121.15625,29253.8,channel
usgs_11418000,39.40625_-121.21875,29876.0,fallback
usgs_11418000,39.46875_-120.40625,120356.3,fallback
usgs_11418000,39.46875_-120.46875,118912.0,channel
usgs_11418000,39.46875_-120.53125,110405.6,channel
usgs_11418000,39.46875_-120.59375,95375.1,channel
usgs_11418000,39.46875_-120.65625,90048.5,channel
usgs_11418000,39.46875_-120.71875,82302.8,channel
usgs_11418000,39.46875_-120.78125,73911.7,channel
usgs_11418000,39.46875_-120.84375,69711.4,channel
usgs_11418000,39.46875_-120.90625,62096.7,channel
usgs_11418000,39.46875_-120.96875,52027.8,channel
usgs_11418000,39.46875_-121.03125,43285.3,channel
usgs_11418000,39.46875_-121.09375,40200.5,channel
usgs_11418000,39.46875_-121.15625,38559.4,channel
usgs_11418000,39.46875_-121.21875,40233.7,fallback
usgs_11418000,39.53125_-120.40625,124195.7,fallback
usgs_11418000,39.53125_-120.46875,115506.9,channel
usgs_11418000,39.53125_-120.53125,107818.8,channel
usgs_11418000,39.53125_-120.59375,100845.6,channel
usgs_11418000,39.53125_-120.65625,112574.0,channel
usgs_11418000,39.53125_-120.71875,101776.7,channel
usgs_11418000,39.53125_-120.78125,94081.2,channel
usgs_11418000,39.53125_-120.84375,86014.1,channel
usgs_11418000,39.53125_-120.90625,78366.4,channel
usgs_11418000,39.53125_-120.96875,69893.9,channel
usgs_11418000,39.53125_-121.03125,61582.5,channel
usgs_11418000,39.53125_-121.09375,53693.7,channel
usgs_11418000,39.53125_-121.15625,50379.2,channel
usgs_11418000,39.53125_-121.21875,50687.4,fallback
usgs_11418000,39.59375_-120.46875,121641.1,fallback
usgs_11418000,39.59375_-120.53125,123752.1,channel
usgs_11418000,39.59375_-120.59375,116689.9,channel
usgs_11418000,39.59375_-120.65625,109691.3,channel
usgs_11418000,39.59375_-120.71875,102276.4,channel
usgs_11418000,39.59375_-120.78125,96914.6,channel
usgs_11418000,39.59375_-120.84375,92773.9,channel
usgs_11418000,39.59375_-120.90625,81731.6,channel
usgs_11418000,39.59375_-120.96875,72676.4,channel
usgs_11418000,39.59375_-121.03125,64971.2,channel
usgs_11418000,39.59375_-121.09375,66134.8,channel
usgs_11418000,39.65625_-120.46875,127222.9,fallback
usgs_11418000,39.65625_-120.53125,128813.1,channel
usgs_11418000,39.65625_-120.59375,126944.6,channel
usgs_11418000,39.65625_-120.65625,127657.0,channel
usgs_11418000,39.65625_-120.71875,108916.6,channel
usgs_11418000,39.65625_-120.78125,104977.4,channel
usgs_11418000,39.65625_-120.84375,95481.2,channel
usgs_11418000,39.65625_-120.90625,84263.2,channel
usgs_11418000,39.65625_-120.96875,80888.4,channel
usgs_11418000,39.65625_-121.03125,76798.2,channel
usgs_11418000,39.71875_-120.59375,120929.7,fallback
usgs_11418000,39.71875_-120.71875,109468.8,fallback
usgs_11418000,39.71875_-120.78125,114035.0,channel
usgs_11418000,39.71875_-120.84375,94552.0,channel
usgs_11418000,39.71875_-120.90625,92082.0,channel
usgs_11418000,39.71875_-120.96875,90917.7,channel
usgs_11418000,39.71875_-121.03125,87866.6,fallback
usgs_11418000,39.78125_-120.84375,108269.2,fallback
usgs_11418000,39.78125_-120.90625,104261.3,fallback
usgs_11426150,39.28125_-120.34375,0.0,channel
usgs_11426150,39.28125_-120.40625,3908.0,fallback
usgs_11427700,39.15625_-120.40625,9947.6,fallback
usgs_11427700,39.15625_-120.46875,3612.8,center
usgs_11427700,39.15625_-120.53125,7628.0,fallback
usgs_11427700,39.21875_-120.40625,16688.1,fallback
usgs_11433260,39.03125_-120.59375,14907.7,fallback
usgs_11433260,39.03125_-120.65625,7487.7,fallback
usgs_11433260,39.03125_-120.71875,1253.5,center
usgs_11433260,39.09375_-120.53125,24777.2,fallback
usgs_11433260,39.09375_-120.59375,21483.6,channel
usgs_11433260,39.09375_-120.65625,8706.5,channel
usgs_11433260,39.09375_-120.71875,6170.8,channel
usgs_11433260,39.15625_-120.53125,30329.9,channel
usgs_11433260,39.15625_-120.59375,23212.2,channel
usgs_11433260,39.15625_-120.65625,21670.7,channel
usgs_11433260,39.15625_-120.71875,20371.2,fallback
usgs_11433260,39.21875_-120.53125,37363.2,fallback
usgs_11433260,39.21875_-120.59375,33453.3,fallback
usgs_11433300,38.84375_-120.15625,84804.4,fallback
usgs_11433300,38.90625_-120.15625,96557.9,channel
usgs_11433300,38.90625_-120.21875,73831.1,fallback
usgs_11433300,38.90625_-120.34375,57830.9,fallback
usgs_11433300,38.90625_-120.40625,49970.7,fallback
usgs_11433300,38.90625_-120.46875,44837.4,center
usgs_11433300,38.90625_-120.53125,31064.2,channel
usgs_11433300,38.90625_-120.59375,24348.3,channel
usgs_11433300,38.90625_-120.65625,19802.2,channel
usgs_11433300,38.90625_-120.71875,17887.3,fallback
usgs_11433300,38.96875_-120.15625,95465.0,channel
usgs_11433300,38.96875_-120.21875,85748.4,channel
usgs_11433300,38.96875_-120.28125,71712.0,channel
usgs_11433300,38.96875_-120.34375,57728.3,channel
usgs_11433300,38.96875_-120.40625,49146.4,channel
usgs_11433300,38.96875_-120.46875,39722.4,channel
usgs_11433300,38.96875_-120.53125,39017.1,channel
usgs_11433300,38.96875_-120.59375,22275.7,channel
usgs_11433300,38.96875_-120.65625,11338.4,channel
usgs_11433300,38.96875_-120.71875,5864.0,channel
usgs_11433300,38.96875_-120.78125,6905.7,fallback
usgs_11433300,39.03125_-120.21875,80633.6,channel
usgs_11433300,39.03125_-120.28125,72142.1,channel
usgs_11433300,39.03125_-120.34375,71765.1,channel
usgs_11433300,39.03125_-120.40625,53607.7,channel
usgs_11433300,39.03125_-120.46875,49873.9,channel
usgs_11433300,39.03125_-120.53125,27468.0,channel
usgs_11433300,39.03125_-120.59375,19237.8,channel
usgs_11433300,39.03125_-120.65625,10497.3,channel
usgs_11433300,39.03125_-120.71875,1591.7,channel
usgs_11433300,39.03125_-120.78125,5097.5,fallback
usgs_11433300,39.09375_-120.21875,73295.8,fallback
usgs_11433300,39.09375_-120.28125,72196.2,channel
usgs_11433300,39.09375_-120.34375,64287.6,channel
usgs_11433300,39.09375_-120.40625,59619.7,channel
usgs_11433300,39.09375_-120.46875,37734.7,channel
usgs_11433300,39.09375_-120.53125,34155.7,channel
usgs_11433300,39.09375_-120.59375,27751.9,channel
usgs_11433300,39.09375_-120.65625,14974.8,channel
usgs_11433300,39.09375_-120.71875,12439.1,channel
usgs_11433300,39.15625_-120.21875,76158.8,fallback
usgs_11433300,39.15625_-120.28125,77500.0,channel
usgs_11433300,39.15625_-120.34375,59225.1,channel
usgs_11433300,39.15625_-120.40625,49052.0,channel
usgs_11433300,39.15625_-120.46875,42957.8,channel
usgs_11433300,39.15625_-120.53125,36598.2,channel
usgs_11433300,39.15625_-120.59375,29480.5,channel
usgs_11433300,39.15625_-120.65625,27939.0,channel
usgs_11433300,39.15625_-120.71875,26214.4,fallback
usgs_11433300,39.21875_-120.28125,73062.2,fallback
usgs_11433300,39.21875_-120.34375,65444.4,center
usgs_11433300,39.21875_-120.40625,59280.5,fallback
usgs_11433300,39.21875_-120.53125,47297.6,fallback
usgs_11433300,39.21875_-120.59375,42468.4,fallback
usgs_11433500,38.84375_-120.15625,118757.6,fallback
usgs_11433500,38.90625_-120.15625,134129.7,channel
usgs_11433500,38.90625_-120.21875,109419.9,fallback
usgs_11433500,38.90625_-120.34375,92251.9,fallback
usgs_11433500,38.90625_-120.40625,83668.5,fallback
usgs_11433500,38.90625_-120.46875,82409.2,center
usgs_11433500,38.90625_-120.53125,68636.0,channel
usgs_11433500,38.90625_-120.59375,61920.1,channel
usgs_11433500,38.90625_-120.65625,57374.0,channel
usgs_11433500,38.90625_-120.71875,40765.2,fallback
usgs_11433500,38.90625_-120.78125,29466.4,channel
usgs_11433500,38.90625_-120.84375,20758.4,channel
usgs_11433500,38.90625_-120.90625,9441.2,channel
usgs_11433500,38.90625_-120.96875,1775.9,channel
usgs_11433500,38.90625_-121.03125,2990.2,fallback
usgs_11433500,38.96875_-120.15625,133036.8,channel
usgs_11433500,38.96875_-120.21875,123320.2,channel
usgs_11433500,38.96875_-120.28125,109283.8,channel
usgs_11433500,38.96875_-120.34375,95300.1,channel
usgs_11433500,38.96875_-120.40625,86718.3,channel
usgs_11433500,38.96875_-120.46875,77294.2,channel
usgs_11433500,38.96875_-120.53125,76589.0,channel
usgs_11433500,38.96875_-120.59375,59847.6,channel
usgs_11433500,38.96875_-120.65625,48910.3,channel
usgs_11433500,38.96875_-120.71875,43435.9,channel
usgs_11433500,38.96875_-120.78125,32324.5,channel
usgs_11433500,38.96875_-120.84375,19584.7,channel
usgs_11433500,38.96875_-120.90625,9533.8,channel
usgs_11433500,38.96875_-120.96875,7090.7,channel
usgs_11433500,39.03125_-120.21875,118205.4,channel
usgs_11433500,39.03125_-120.28125,109714.0,channel
usgs_11433500,39.03125_-120.34375,109337.0,channel
usgs_11433500,39.03125_-120.40625,91179.5,channel
usgs_11433500,39.03125_-120.46875,87445.7,channel
usgs_11433500,39.03125_-120.53125,65039.8,channel
usgs_11433500,39.03125_-120.59375,56809.6,channel
usgs_11433500,39.03125_-120.65625,48069.1,channel
usgs_11433500,39.03125_-120.71875,39163.5,channel
usgs_11433500,39.03125_-120.78125,31126.1,channel
usgs_11433500,39.03125_-120.84375,31063.0,channel
usgs_11433500,39.03125_-120.90625,25013.2,fallback
usgs_11433500,39.09375_-120.21875,113594.5,fallback
usgs_11433500,39.09375_-120.28125,109768.0,channel
usgs_11433500,39.09375_-120.34375,101859.4,channel
usgs_11433500,39.09375_-120.40625,97191.5,channel
usgs_11433500,39.09375_-120.46875,75306.5,channel
usgs_11433500,39.09375_-120.53125,71727.5,channel
usgs_11433500,39.09375_-120.59375,65323.8,channel
usgs_11433500,39.09375_-120.65625,52546.7,channel
usgs_11433500,39.09375_-120.71875,50010.9,channel
usgs_11433500,39.09375_-120.78125,44679.8,fallback
usgs_11433500,39.15625_-120.21875,117051.4,fallback
usgs_11433500,39.15625_-120.28125,115071.9,channel
usgs_11433500,39.15625_-120.34375,96796.9,channel
usgs_11433500,39.15625_-120.40625,86623.8,channel
usgs_11433500,39.15625_-120.46875,80529.6,channel
usgs_11433500,39.15625_-120.53125,74170.0,channel
usgs_11433500,39.15625_-120.59375,67052.4,channel
usgs_11433500,39.15625_-120.65625,65510.8,channel
usgs_11433500,39.15625_-120.71875,58536.2,fallback
usgs_11433500,39.21875_-120.28125,113775.8,fallback
usgs_11433500,39.21875_-120.34375,103016.2,center
usgs_11433500,39.21875_-120.40625,98951.9,fallback
usgs_11433500,39.21875_-120.53125,85000.7,fallback
usgs_11433500,39.21875_-120.59375,78499.1,fallback
usgs_11445500,38.59375_-120.09375,124071.5,fallback
usgs_11445500,38.59375_-120.15625,115950.3,fallback
usgs_11445500,38.65625_-119.96875,137719.7,fallback
usgs_11445500,38.65625_-120.03125,129317.9,fallback
usgs_11445500,38.65625_-120.09375,112346.4,channel
usgs_11445500,38.65625_-120.15625,106222.5,channel
usgs_11445500,38.65625_-120.21875,104309.1,channel
usgs_11445500,38.65625_-120.28125,93927.4,channel
usgs_11445500,38.65625_-120.34375,87893.8,fallback
usgs_11445500,38.71875_-119.96875,135793.8,fallback
usgs_11445500,38.71875_-120.03125,121022.9,channel
usgs_11445500,38.71875_-120.09375,113040.3,channel
usgs_11445500,38.71875_-120.15625,104812.1,channel
usgs_11445500,38.71875_-120.21875,95837.3,channel
usgs_11445500,38.71875_-120.28125,93393.6,channel
usgs_11445500,38.71875_-120.34375,83294.7,channel
usgs_11445500,38.71875_-120.40625,76185.9,channel
usgs_11445500,38.71875_-120.46875,68173.5,fallback
usgs_11445500,38.71875_-120.53125,59908.8,fallback
usgs_11445500,38.71875_-120.59375,51753.2,fallback
usgs_11445500,38.71875_-120.65625,43767.8,fallback
usgs_11445500,38.71875_-120.71875,36065.6,fallback
usgs_11445500,38.71875_-120.78125,28874.3,fallback
usgs_11445500,38.71875_-120.84375,22685.1,fallback
usgs_11445500,38.78125_-120.03125,126161.8,fallback
usgs_11445500,38.78125_-120.09375,109311.4,channel
usgs_11445500,38.78125_-120.15625,101293.7,channel
usgs_11445500,38.78125_-120.21875,94549.6,channel
usgs_11445500,38.78125_-120.28125,87632.0,channel
usgs_11445500,38.78125_-120.34375,80484.7,channel
usgs_11445500,38.78125_-120.40625,73722.8,channel
usgs_11445500,38.78125_-120.46875,65671.7,channel
usgs_11445500,38.78125_-120.53125,58311.5,channel
usgs_11445500,38.78125_-120.59375,49077.0,channel
usgs_11445500,38.78125_-120.65625,42040.5,channel
usgs_11445500,38.78125_-120.71875,33423.6,channel
usgs_11445500,38.78125_-120.78125,21558.2,channel
usgs_11445500,38.78125_-120.84375,12727.0,channel
usgs_11445500,38.78125_-120.90625,3715.9,channel
usgs_11445500,38.78125_-120.96875,7241.7,fallback
usgs_11445500,38.84375_-120.03125,126010.1,fallback
usgs_11445500,38.84375_-120.09375,109980.3,channel
usgs_11445500,38.84375_-120.15625,113240.6,channel
usgs_11445500,38.84375_-120.21875,116131.5,channel
usgs_11445500,38.84375_-120.28125,107459.8,channel
usgs_11445500,38.84375_-120.34375,99657.9,channel
usgs_11445500,38.84375_-120.40625,82880.0,channel
usgs_11445500,38.84375_-120.46875,73948.4,channel
usgs_11445500,38.84375_-120.53125,61237.6,channel
usgs_11445500,38.84375_-120.59375,58943.4,channel
usgs_11445500,38.84375_-120.65625,46796.7,channel
usgs_11445500,38.84375_-120.71875,38730.8,channel
usgs_11445500,38.84375_-120.78125,33914.1,channel
usgs_11445500,38.84375_-120.84375,13778.9,channel
usgs_11445500,38.84375_-120.90625,2304.7,channel
usgs_11445500,38.84375_-120.96875,5301.6,fallback
usgs_11445500,38.90625_-120.15625,109793.3,fallback
usgs_11445500,38.90625_-120.21875,113483.8,channel
usgs_11445500,38.90625_-120.28125,98046.4,channel
usgs_11445500,38.90625_-120.34375,89556.3,channel
usgs_11445500,38.90625_-120.40625,86732.9,channel
usgs_11445500,38.90625_-120.46875,83152.6,channel
usgs_11445500,38.90625_-120.53125,59223.9,fallback
usgs_11445500,38.90625_-120.59375,50982.3,fallback
usgs_11445500,38.90625_-120.65625,42876.8,fallback
usgs_11445500,38.90625_-120.71875,45720.3,channel
usgs_11445500,38.90625_-120.78125,46584.1,channel
usgs_11445500,38.90625_-120.84375,28272.3,center
usgs_11445500,38.90625_-120.90625,10264.4,channel
usgs_11445500,38.90625_-120.96875,15717.9,fallback
usgs_11445500,38.96875_-120.21875,103511.9,fallback
usgs_11445500,38.96875_-120.28125,103404.4,channel
usgs_11445500,38.96875_-120.34375,87025.6,fallback
usgs_11445500,38.96875_-120.40625,78891.5,fallback
usgs_11445500,38.96875_-120.46875,70863.7,fallback
usgs_11445500,38.96875_-120.71875,41067.1,fallback
usgs_11449500,38.78125_-122.71875,31052.0,fallback
usgs_11449500,38.78125_-122.78125,27238.2,fallback
usgs_11449500,38.84375_-122.65625,29749.4,fallback
usgs_11449500,38.84375_-122.71875,20076.8,channel
usgs_11449500,38.84375_-122.78125,12718.5,channel
usgs_11449500,38.84375_-122.84375,14788.0,fallback
usgs_11449500,38.90625_-122.71875,17602.1,fallback
usgs_11449500,38.90625_-122.78125,10456.2,channel
usgs_11449500,38.90625_-122.84375,4654.3,center
usgs_11451100,39.15625_-122.59375,2622.4,fallback
usgs_11451100,39.15625_-122.65625,500.1,channel
usgs_11451100,39.15625_-122.71875,7806.3,channel
usgs_11451100,39.15625_-122.78125,15507.9,channel
usgs_11451100,39.21875_-122.65625,7954.4,channel
usgs_11451100,39.21875_-122.71875,8849.6,channel
usgs_11451100,39.21875_-122.78125,18429.4,channel
usgs_11451100,39.21875_-122.84375,21299.7,fallback
usgs_11451100,39.28125_-122.71875,16274.7,fallback
usgs_11451100,39.28125_-122.78125,19984.7,fallback
usgs_11451100,39.28125_-122.84375,24464.6,fallback
usgs_11451715,38.96875_-122.34375,1672.4,center
usgs_11451715,38.96875_-122.40625,6291.1,channel
usgs_11451715,39.03125_-122.34375,6331.9,channel
usgs_11451715,39.03125_-122.40625,9331.9,channel
usgs_11451715,39.03125_-122.46875,18575.7,channel
usgs_11451715,39.09375_-122.40625,17897.4,channel
usgs_11451715,39.09375_-122.46875,27089.9,channel
usgs_11451715,39.09375_-122.53125,25990.7,fallback
usgs_11451715,39.15625_-122.40625,26588.0,channel
usgs_11451715,39.15625_-122.46875,29796.9,channel
usgs_11451715,39.21875_-122.40625,34532.6,fallback
usgs_11451715,39.21875_-122.46875,35541.8,channel
usgs_11451715,39.21875_-122.53125,41691.0,channel
usgs_11451715,39.21875_-122.59375,42356.5,fallback
usgs_11451715,39.28125_-122.53125,46167.1,fallback
usgs_11451715,39.28125_-122.59375,49105.2,fallback
usgs_11523200,41.09375_-122.59375,10666.4,fallback
usgs_11523200,41.09375_-122.65625,5141.5,fallback
usgs_11523200,41.09375_-122.71875,2506.2,fallback
usgs_11523200,41.09375_-122.78125,7301.2,fallback
usgs_11523200,41.15625_-122.59375,11774.8,fallback
usgs_11523200,41.15625_-122.65625,4421.3,channel
usgs_11523200,41.15625_-122.71875,1753.8,channel
usgs_11523200,41.15625_-122.78125,8845.3,fallback
usgs_11523200,41.21875_-122.53125,39402.8,center
usgs_11523200,41.21875_-122.59375,20830.3,center
usgs_11523200,41.21875_-122.65625,11770.5,channel
usgs_11523200,41.21875_-122.71875,22758.5,channel
usgs_11523200,41.21875_-122.78125,17365.6,channel
usgs_11523200,41.28125_-122.46875,30306.5,fallback
usgs_11523200,41.28125_-122.53125,32618.3,channel
usgs_11523200,41.28125_-122.59375,22878.4,channel
usgs_11523200,41.28125_-122.65625,20560.4,channel
usgs_11523200,41.28125_-122.71875,20884.5,fallback
usgs_11523200,41.34375_-122.46875,36027.1,fallback
usgs_11523200,41.34375_-122.53125,32819.2,channel
usgs_11523200,41.34375_-122.59375,30383.7,fallback
usgs_11523200,41.34375_-122.65625,28916.5,fallback
usgs_11525500,40.71875_-122.71875,9400.9,fallback
usgs_11525500,40.71875_-122.78125,2410.1,fallback
usgs_11525500,40.71875_-122.84375,4947.9,fallback
usgs_11525500,40.78125_-122.65625,18536.9,fallback
usgs_11525500,40.78125_-122.71875,15096.7,channel
usgs_11525500,40.78125_-122.78125,6760.1,channel
usgs_11525500,40.78125_-122.84375,9805.1,fallback
usgs_11525500,40.84375_-122.65625,28079.8,channel
usgs_11525500,40.84375_-122.71875,19237.9,channel
usgs_11525500,40.84375_-122.78125,14732.9,channel
usgs_11525500,40.84375_-122.84375,21464.7,channel
usgs_11525500,40.84375_-122.90625,27902.0,channel
usgs_11525500,40.84375_-122.96875,35508.9,channel
usgs_11525500,40.90625_-122.59375,36048.6,fallback
usgs_11525500,40.90625_-122.65625,28726.4,channel
usgs_11525500,40.90625_-122.71875,24976.4,channel
usgs_11525500,40.90625_-122.78125,24153.0,channel
usgs_11525500,40.90625_-122.84375,33732.2,channel
usgs_11525500,40.90625_-122.90625,33669.9,channel
usgs_11525500,40.90625_-122.96875,36975.2,channel
usgs_11525500,40.90625_-123.03125,37813.3,fallback
usgs_11525500,40.96875_-122.53125,47794.2,fallback
usgs_11525500,40.96875_-122.59375,43489.0,channel
usgs_11525500,40.96875_-122.65625,33761.1,channel
usgs_11525500,40.96875_-122.71875,33320.8,channel
usgs_11525500,40.96875_-122.78125,49189.0,channel
usgs_11525500,40.96875_-122.84375,57563.4,channel
usgs_11525500,40.96875_-122.90625,47564.3,channel
usgs_11525500,40.96875_-122.96875,43087.1,channel
usgs_11525500,40.96875_-123.03125,45051.8,fallback
usgs_11525500,41.03125_-122.53125,54867.7,center
usgs_11525500,41.03125_-122.59375,43628.0,channel
usgs_11525500,41.03125_-122.65625,41071.1,channel
usgs_11525500,41.03125_-122.71875,43921.3,channel
usgs_11525500,41.03125_-122.78125,50826.7,channel
usgs_11525500,41.03125_-122.84375,61084.4,channel
usgs_11525500,41.03125_-122.90625,47589.2,fallback
usgs_11525500,41.03125_-122.96875,52708.6,channel
usgs_11525500,41.03125_-123.03125,52969.2,fallback
usgs_11525500,41.09375_-122.46875,69553.2,channel
usgs_11525500,41.09375_-122.53125,62425.4,channel
usgs_11525500,41.09375_-122.59375,53224.0,channel
usgs_11525500,41.09375_-122.65625,58216.6,channel
usgs_11525500,41.09375_-122.71875,49137.5,channel
usgs_11525500,41.09375_-122.78125,57400.8,channel
usgs_11525500,41.09375_-122.84375,65610.1,channel
usgs_11525500,41.09375_-122.90625,72305.6,channel
usgs_11525500,41.09375_-122.96875,86285.7,center
usgs_11525500,41.15625_-122.46875,69537.8,channel
usgs_11525500,41.15625_-122.53125,65203.2,channel
usgs_11525500,41.15625_-122.59375,63994.4,channel
usgs_11525500,41.15625_-122.65625,61475.0,channel
usgs_11525500,41.15625_-122.71875,58807.5,channel
usgs_11525500,41.15625_-122.78125,67025.0,channel
usgs_11525500,41.15625_-122.84375,69023.1,channel
usgs_11525500,41.15625_-122.90625,77087.4,channel
usgs_11525500,41.15625_-122.96875,67575.1,fallback
usgs_11525500,41.21875_-122.46875,83240.9,fallback
usgs_11525500,41.21875_-122.53125,75655.6,channel
usgs_11525500,41.21875_-122.59375,72935.2,channel
usgs_11525500,41.21875_-122.65625,68824.2,channel
usgs_11525500,41.21875_-122.71875,79812.1,channel
usgs_11525500,41.21875_-122.78125,74419.2,channel
usgs_11525500,41.21875_-122.84375,74384.5,fallback
usgs_11525500,41.21875_-122.90625,75180.2,fallback
usgs_11525500,41.28125_-122.46875,91703.1,fallback
usgs_11525500,41.28125_-122.53125,89672.0,channel
usgs_11525500,41.28125_-122.59375,79932.1,channel
usgs_11525500,41.28125_-122.65625,77614.1,channel
usgs_11525500,41.28125_-122.71875,84131.7,fallback
usgs_11525500,41.34375_-122.46875,100330.2,fallback
usgs_11525500,41.34375_-122.53125,89872.8,channel
usgs_11525500,41.34375_-122.59375,95919.4,fallback
usgs_11525500,41.34375_-122.65625,94436.1,fallback
cdec_BND,40.03125_-122.71875,123739.6,fallback
cdec_BND,40.03125_-122.78125,134258.7,fallback
cdec_BND,40.03125_-122.84375,145052.3,fallback
cdec_BND,40.03125_-122.90625,156063.6,fallback
cdec_BND,40.03125_-122.96875,167249.4,fallback
cdec_BND,40.09375_-122.65625,104982.0,fallback
cdec_BND,40.09375_-122.71875,108096.4,channel
cdec_BND,40.09375_-122.78125,118944.3,channel
cdec_BND,40.09375_-122.84375,126938.7,channel
cdec_BND,40.09375_-122.90625,134457.2,channel
cdec_BND,40.09375_-122.96875,161497.0,fallback
cdec_BND,40.15625_-122.53125,83572.4,channel
cdec_BND,40.15625_-122.59375,86227.2,channel
cdec_BND,40.15625_-122.65625,94638.3,channel
cdec_BND,40.15625_-122.71875,105949.5,channel
cdec_BND,40.15625_-122.78125,118475.1,channel
cdec_BND,40.15625_-122.84375,116920.2,channel
cdec_BND,40.15625_-122.90625,135352.8,channel
cdec_BND,40.15625_-122.96875,143198.5,channel
cdec_BND,40.21875_-122.21875,19204.6,fallback
cdec_BND,40.21875_-122.40625,46766.6,fallback
cdec_BND,40.21875_-122.46875,67204.7,channel
cdec_BND,40.21875_-122.53125,71268.9,channel
cdec_BND,40.21875_-122.59375,82060.8,channel
cdec_BND,40.21875_-122.65625,90021.9,channel
cdec_BND,40.21875_-122.71875,83324.0,channel
cdec_BND,40.21875_-122.78125,94520.0,channel
cdec_BND,40.21875_-122.84375,117714.5,channel
cdec_BND,40.21875_-122.90625,125682.2,channel
cdec_BND,40.21875_-122.96875,127839.9,channel
cdec_BND,40.28125_-121.59375,116080.0,fallback
cdec_BND,40.28125_-122.09375,18237.0,fallback
cdec_BND,40.28125_-122.15625,6230.0,fallback
cdec_BND,40.28125_-122.21875,6693.9,fallback
cdec_BND,40.28125_-122.28125,52415.5,center
cdec_BND,40.28125_-122.34375,44824.6,channel
cdec_BND,40.28125_-122.40625,48429.5,channel
cdec_BND,40.28125_-122.46875,53849.0,channel
cdec_BND,40.28125_-122.53125,60230.5,channel
cdec_BND,40.28125_-122.59375,67276.0,channel
cdec_BND,40.28125_-122.65625,75639.2,channel
cdec_BND,40.28125_-122.71875,82391.5,channel
cdec_BND,40.28125_-122.78125,94238.6,channel
cdec_BND,40.28125_-122.84375,102876.3,channel
cdec_BND,40.28125_-122.90625,115447.5,channel
cdec_BND,40.28125_-122.96875,119393.3,channel
cdec_BND,40.28125_-123.03125,126882.7,channel
cdec_BND,40.28125_-123.09375,177776.8,fallback
cdec_BND,40.34375_-121.53125,129004.7,fallback
cdec_BND,40.34375_-121.59375,92151.3,channel
cdec_BND,40.34375_-121.65625,84740.6,channel
cdec_BND,40.34375_-121.71875,78438.4,channel
cdec_BND,40.34375_-121.78125,71708.3,channel
cdec_BND,40.34375_-121.84375,70044.4,center
cdec_BND,40.34375_-121.90625,64970.5,center
cdec_BND,40.34375_-121.96875,29391.9,center
cdec_BND,40.34375_-122.03125,33413.5,fallback
cdec_BND,40.34375_-122.09375,14611.0,center
cdec_BND,40.34375_-122.15625,4957.0,channel
cdec_BND,40.34375_-122.21875,11325.4,channel
cdec_BND,40.34375_-122.28125,35004.0,channel
cdec_BND,40.34375_-122.34375,36595.6,channel
cdec_BND,40.34375_-122.40625,43695.8,channel
cdec_BND,40.34375_-122.46875,50579.7,channel
cdec_BND,40.34375_-122.53125,67957.5,channel
cdec_BND,40.34375_-122.59375,69496.9,channel
cdec_BND,40.34375_-122.65625,76754.2,channel
cdec_BND,40.34375_-122.71875,85829.1,channel
cdec_BND,40.34375_-122.78125,94462.5,channel
cdec_BND,40.34375_-122.84375,101843.0,channel
cdec_BND,40.34375_-122.90625,108407.4,channel
cdec_BND,40.34375_-122.96875,119759.5,channel
cdec_BND,40.34375_-123.03125,126699.1,channel
cdec_BND,40.34375_-123.09375,178231.7,fallback
cdec_BND,40.40625_-121.53125,131656.0,fallback
cdec_BND,40.40625_-121.59375,100197.4,channel
cdec_BND,40.40625_-121.65625,85417.2,channel
cdec_BND,40.40625_-121.71875,76488.6,channel
cdec_BND,40.40625_-121.78125,71583.6,channel
cdec_BND,40.40625_-121.84375,63651.8,channel
cdec_BND,40.40625_-121.90625,55581.4,channel
cdec_BND,40.40625_-121.96875,48637.1,channel
cdec_BND,40.40625_-122.03125,40951.9,channel
cdec_BND,40.40625_-122.09375,32675.3,channel
cdec_BND,40.40625_-122.15625,22031.3,channel
cdec_BND,40.40625_-122.21875,22559.6,channel
cdec_BND,40.40625_-122.28125,29464.0,channel
cdec_BND,40.40625_-122.34375,41468.5,channel
cdec_BND,40.40625_-122.40625,47702.2,channel
cdec_BND,40.40625_-122.46875,51633.6,channel
cdec_BND,40.40625_-122.53125,58186.6,channel
cdec_BND,40.40625_-122.59375,66536.2,channel
cdec_BND,40.40625_-122.65625,74637.8,channel
cdec_BND,40.40625_-122.71875,98499.3,channel
cdec_BND,40.40625_-122.78125,96653.4,channel
cdec_BND,40.40625_-122.84375,110031.5,channel
cdec_BND,40.40625_-122.90625,117222.6,channel
cdec_BND,40.40625_-122.96875,141634.5,center
cdec_BND,40.40625_-123.03125,168073.3,fallback
cdec_BND,40.46875_-121.21875,194783.1,fallback
cdec_BND,40.46875_-121.28125,333928.9,channel
cdec_BND,40.46875_-121.34375,338769.1,center
cdec_BND,40.46875_-121.40625,159383.5,fallback
cdec_BND,40.46875_-121.46875,147722.2,fallback
cdec_BND,40.46875_-121.53125,136159.9,fallback
cdec_BND,40.46875_-121.59375,92791.7,channel
cdec_BND,40.46875_-121.65625,89153.7,channel
cdec_BND,40.46875_-121.71875,78206.6,channel
cdec_BND,40.46875_-121.78125,72314.9,channel
cdec_BND,40.46875_-121.84375,62816.4,channel
cdec_BND,40.46875_-121.90625,60328.1,channel
cdec_BND,40.46875_-121.96875,50796.7,channel
cdec_BND,40.46875_-122.03125,49923.1,channel
cdec_BND,40.46875_-122.09375,40030.5,channel
cdec_BND,40.46875_-122.15625,33847.4,channel
cdec_BND,40.46875_-122.21875,30690.8,channel
cdec_BND,40.46875_-122.28125,36529.4,channel
cdec_BND,40.46875_-122.34375,43378.4,channel
cdec_BND,40.46875_-122.40625,55728.2,channel
cdec_BND,40.46875_-122.46875,58794.0,channel
cdec_BND,40.46875_-122.53125,66197.2,channel
cdec_BND,40.46875_-122.59375,72272.4,channel
cdec_BND,40.46875_-122.65625,80214.4,channel
cdec_BND,40.46875_-122.71875,88157.8,channel
cdec_BND,40.46875_-122.78125,111671.3,channel
cdec_BND,40.46875_-122.84375,115208.6,channel
cdec_BND,40.46875_-122.90625,148186.9,fallback
cdec_BND,40.53125_-121.15625,210751.7,fallback
cdec_BND,40.53125_-121.21875,199107.4,fallback
cdec_BND,40.53125_-121.28125,323951.0,channel
cdec_BND,40.53125_-121.34375,332217.7,channel
cdec_BND,40.53125_-121.40625,307561.9,channel
cdec_BND,40.53125_-121.46875,307180.7,channel
cdec_BND,40.53125_-121.53125,313163.3,channel
cdec_BND,40.53125_-121.59375,95098.6,channel
cdec_BND,40.53125_-121.65625,88331.9,channel
cdec_BND,40.53125_-121.71875,80332.4,channel
cdec_BND,40.53125_-121.78125,73168.6,channel
cdec_BND,40.53125_-121.84375,77437.2,channel
cdec_BND,40.53125_-121.90625,68356.4,channel
cdec_BND,40.53125_-121.96875,61126.6,channel
cdec_BND,40.53125_-122.03125,53926.4,channel
cdec_BND,40.53125_-122.09375,61576.1,channel
cdec_BND,40.53125_-122.15625,52773.4,channel
cdec_BND,40.53125_-122.21875,39331.1,channel
cdec_BND,40.53125_-122.28125,42183.8,channel
cdec_BND,40.53125_-122.34375,49859.2,channel
cdec_BND,40.53125_-122.40625,57435.5,channel
cdec_BND,40.53125_-122.46875,60045.3,channel
cdec_BND,40.53125_-122.53125,66731.4,channel
cdec_BND,40.53125_-122.59375,83429.2,channel
cdec_BND,40.53125_-122.65625,100094.2,channel
cdec_BND,40.53125_-122.71875,97978.7,channel
cdec_BND,40.53125_-122.78125,100494.7,channel
cdec_BND,40.53125_-122.84375,142780.7,fallback
cdec_BND,40.59375_-121.03125,238875.5,fallback
cdec_BND,40.59375_-121.09375,227369.1,fallback
cdec_BND,40.59375_-121.15625,326278.8,channel
cdec_BND,40.59375_-121.21875,318091.0,channel
cdec_BND,40.59375_-121.28125,314503.5,channel
cdec_BND,40.59375_-121.34375,317030.4,channel
cdec_BND,40.59375_-121.40625,298648.3,channel
cdec_BND,40.59375_-121.46875,298374.3,channel
cdec_BND,40.59375_-121.53125,303659.1,channel
cdec_BND,40.59375_-121.59375,139712.3,fallback
cdec_BND,40.59375_-121.65625,91980.3,channel
cdec_BND,40.59375_-121.71875,87461.5,channel
cdec_BND,40.59375_-121.78125,97680.7,channel
cdec_BND,40.59375_-121.84375,90840.8,channel
cdec_BND,40.59375_-121.90625,83692.6,channel
cdec_BND,40.59375_-121.96875,78527.1,channel
cdec_BND,40.59375_-122.03125,71286.3,channel
cdec_BND,40.59375_-122.09375,65020.2,channel
cdec_BND,40.59375_-122.15625,56165.1,channel
cdec_BND,40.59375_-122.21875,48555.1,channel
cdec_BND,40.59375_-122.28125,50178.6,channel
cdec_BND,40.59375_-122.34375,60274.4,channel
cdec_BND,40.59375_-122.40625,59206.7,channel
cdec_BND,40.59375_-122.46875,69959.8,channel
cdec_BND,40.59375_-122.53125,76140.3,channel
cdec_BND,40.59375_-122.59375,87662.9,channel
cdec_BND,40.59375_-122.65625,107685.3,channel
cdec_BND,40.59375_-122.71875,130159.5,fallback
cdec_BND,40.65625_-121.03125,244501.2,fallback
cdec_BND,40.65625_-121.09375,339673.3,channel
cdec_BND,40.65625_-121.15625,326956.6,channel
cdec_BND,40.65625_-121.21875,310530.4,channel
cdec_BND,40.65625_-121.28125,303848.9,channel
cdec_BND,40.65625_-121.34375,312276.8,channel
cdec_BND,40.65625_-121.40625,286438.1,channel
cdec_BND,40.65625_-121.46875,288913.2,channel
cdec_BND,40.65625_-121.53125,300114.0,channel
cdec_BND,40.65625_-121.59375,149244.5,fallback
cdec_BND,40.65625_-121.65625,116789.9,channel
cdec_BND,40.65625_-121.71875,110374.1,channel
cdec_BND,40.65625_-121.78125,101796.7,channel
cdec_BND,40.65625_-121.84375,94872.0,channel
cdec_BND,40.65625_-121.90625,85364.1,channel
cdec_BND,40.65625_-121.96875,80691.2,channel
cdec_BND,40.65625_-122.03125,70430.1,channel
cdec_BND,40.65625_-122.09375,69601.2,channel
cdec_BND,40.65625_-122.15625,62244.7,channel
cdec_BND,40.65625_-122.21875,56312.1,channel
cdec_BND,40.65625_-122.28125,58938.5,channel
cdec_BND,40.65625_-122.34375,66470.2,channel
cdec_BND,40.65625_-122.40625,71102.6,channel
cdec_BND,40.65625_-122.46875,73962.6,channel
cdec_BND,40.65625_-122.53125,86705.8,channel
cdec_BND,40.65625_-122.59375,87032.9,channel
cdec_BND,40.65625_-122.65625,95194.0,channel
cdec_BND,40.65625_-122.71875,104366.4,channel
cdec_BND,40.65625_-122.78125,149623.5,fallback
cdec_BND,40.71875_-120.96875,262045.6,fallback
cdec_BND,40.71875_-121.03125,251028.5,fallback
cdec_BND,40.71875_-121.09375,240126.1,fallback
cdec_BND,40.71875_-121.15625,324344.3,channel
cdec_BND,40.71875_-121.21875,313616.8,channel
cdec_BND,40.71875_-121.28125,301010.0,channel
cdec_BND,40.71875_-121.34375,292782.8,channel
cdec_BND,40.71875_-121.40625,279965.3,channel
cdec_BND,40.71875_-121.46875,273464.0,channel
cdec_BND,40.71875_-121.53125,278699.9,channel
cdec_BND,40.71875_-121.59375,286902.0,channel
cdec_BND,40.71875_-121.65625,275188.1,channel
cdec_BND,40.71875_-121.71875,266448.2,channel
cdec_BND,40.71875_-121.78125,102558.2,channel
cdec_BND,40.71875_-121.84375,94792.5,channel
cdec_BND,40.71875_-121.90625,87913.4,channel
cdec_BND,40.71875_-121.96875,89924.9,channel
cdec_BND,40.71875_-122.03125,82648.8,channel
cdec_BND,40.71875_-122.09375,73820.1,channel
cdec_BND,40.71875_-122.15625,117998.0,channel
cdec_BND,40.71875_-122.21875,115954.7,channel
cdec_BND,40.71875_-122.28125,66384.9,channel
cdec_BND,40.71875_-122.34375,68296.9,channel
cdec_BND,40.71875_-122.40625,87444.8,channel
cdec_BND,40.71875_-122.46875,83904.3,channel
cdec_BND,40.71875_-122.53125,87787.5,channel
cdec_BND,40.71875_-122.59375,108186.1,channel
cdec_BND,40.71875_-122.65625,102777.2,channel
cdec_BND,40.71875_-122.71875,151559.4,fallback
cdec_BND,40.71875_-122.78125,160176.9,fallback
cdec_BND,40.78125_-120.90625,279923.2,fallback
cdec_BND,40.78125_-120.96875,321408.6,channel
cdec_BND,40.78125_-121.03125,320650.4,channel
cdec_BND,40.78125_-121.09375,318248.6,channel
cdec_BND,40.78125_-121.15625,317162.3,channel
cdec_BND,40.78125_-121.21875,302820.0,channel
cdec_BND,40.78125_-121.28125,301153.5,channel
cdec_BND,40.78125_-121.34375,286307.8,channel
cdec_BND,40.78125_-121.40625,278167.2,channel
cdec_BND,40.78125_-121.46875,270602.9,channel
cdec_BND,40.78125_-121.53125,263972.2,channel
cdec_BND,40.78125_-121.59375,171254.6,fallback
cdec_BND,40.78125_-121.65625,261663.0,channel
cdec_BND,40.78125_-121.71875,257128.9,channel
cdec_BND,40.78125_-121.78125,264321.0,channel
cdec_BND,40.78125_-121.84375,105048.6,channel
cdec_BND,40.78125_-121.90625,96785.6,channel
cdec_BND,40.78125_-121.96875,96389.6,channel
cdec_BND,40.78125_-122.03125,84334.5,channel
cdec_BND,40.78125_-122.09375,124965.4,channel
cdec_BND,40.78125_-122.15625,122226.0,channel
cdec_BND,40.78125_-122.21875,110447.3,channel
cdec_BND,40.78125_-122.28125,104081.9,channel
cdec_BND,40.78125_-122.34375,97159.5,channel
cdec_BND,40.78125_-122.40625,95911.7,channel
cdec_BND,40.78125_-122.46875,102206.9,channel
cdec_BND,40.78125_-122.53125,118757.2,channel
cdec_BND,40.78125_-122.59375,112074.0,channel
cdec_BND,40.78125_-122.65625,112752.1,channel
cdec_BND,40.78125_-122.71875,163576.7,fallback
cdec_BND,40.84375_-120.84375,341769.2,center
cdec_BND,40.84375_-120.90625,326986.8,channel
cdec_BND,40.84375_-120.96875,319307.7,channel
cdec_BND,40.84375_-121.03125,311983.8,channel
cdec_BND,40.84375_-121.09375,308975.8,channel
cdec_BND,40.84375_-121.15625,297817.4,channel
cdec_BND,40.84375_-121.21875,298050.0,channel
cdec_BND,40.84375_-121.28125,291741.8,channel
cdec_BND,40.84375_-121.34375,217435.9,fallback
cdec_BND,40.84375_-121.40625,208374.3,fallback
cdec_BND,40.84375_-121.46875,263269.1,channel
cdec_BND,40.84375_-121.53125,251979.2,channel
cdec_BND,40.84375_-121.59375,259557.8,center
cdec_BND,40.84375_-121.65625,243592.6,channel
cdec_BND,40.84375_-121.71875,245260.8,channel
cdec_BND,40.84375_-121.78125,170150.2,channel
cdec_BND,40.84375_-121.84375,161429.1,channel
cdec_BND,40.84375_-121.90625,154640.7,channel
cdec_BND,40.84375_-121.96875,145658.4,channel
cdec_BND,40.84375_-122.03125,135931.5,channel
cdec_BND,40.84375_-122.09375,135318.0,channel
cdec_BND,40.84375_-122.15625,123364.1,channel
cdec_BND,40.84375_-122.21875,117445.0,channel
cdec_BND,40.84375_-122.28125,110603.6,channel
cdec_BND,40.84375_-122.34375,116587.8,channel
cdec_BND,40.84375_-122.40625,105209.8,channel
cdec_BND,40.84375_-122.46875,102129.4,channel
cdec_BND,40.84375_-122.53125,109880.4,channel
cdec_BND,40.84375_-122.59375,122016.3,channel
cdec_BND,40.84375_-122.65625,169338.3,fallback
cdec_BND,40.90625_-120.78125,316445.7,fallback
cdec_BND,40.90625_-120.84375,335345.4,channel
cdec_BND,40.90625_-120.90625,328341.9,channel
cdec_BND,40.90625_-120.96875,317465.6,channel
cdec_BND,40.90625_-121.03125,309766.6,channel
cdec_BND,40.90625_-121.09375,302776.8,channel
cdec_BND,40.90625_-121.15625,292468.7,channel
cdec_BND,40.90625_-121.21875,286629.5,channel
cdec_BND,40.90625_-121.28125,283429.9,channel
cdec_BND,40.90625_-121.34375,228211.4,fallback
cdec_BND,40.90625_-121.40625,219603.3,fallback
cdec_BND,40.90625_-121.46875,211347.4,fallback
cdec_BND,40.90625_-121.53125,238181.9,channel
cdec_BND,40.90625_-121.59375,196068.6,fallback
cdec_BND,40.90625_-121.65625,233959.1,channel
cdec_BND,40.90625_-121.71875,241161.5,channel
cdec_BND,40.90625_-121.78125,248087.2,channel
cdec_BND,40.90625_-121.84375,161529.9,channel
cdec_BND,40.90625_-121.90625,154516.6,channel
cdec_BND,40.90625_-121.96875,153195.5,channel
cdec_BND,40.90625_-122.03125,148446.9,channel
cdec_BND,40.90625_-122.09375,135230.3,channel
cdec_BND,40.90625_-122.15625,141838.0,channel
cdec_BND,40.90625_-122.21875,120008.9,channel
cdec_BND,40.90625_-122.28125,125842.7,channel
cdec_BND,40.90625_-122.34375,119491.9,channel
cdec_BND,40.90625_-122.40625,117710.5,channel
cdec_BND,40.90625_-122.46875,133790.9,channel
cdec_BND,40.90625_-122.53125,139265.9,channel
cdec_BND,40.90625_-122.59375,134043.2,channel
cdec_BND,40.90625_-122.65625,183016.6,fallback
cdec_BND,40.96875_-120.59375,356025.4,fallback
cdec_BND,40.96875_-120.65625,402934.6,channel
cdec_BND,40.96875_-120.71875,405024.8,channel
cdec_BND,40.96875_-120.78125,379330.1,channel
cdec_BND,40.96875_-120.84375,376623.1,channel
cdec_BND,40.96875_-120.90625,331449.4,channel
cdec_BND,40.96875_-120.96875,339117.0,channel
cdec_BND,40.96875_-121.03125,332948.2,channel
cdec_BND,40.96875_-121.09375,321443.5,channel
cdec_BND,40.96875_-121.15625,291323.5,channel
cdec_BND,40.96875_-121.21875,281854.8,channel
cdec_BND,40.96875_-121.28125,276278.5,channel
cdec_BND,40.96875_-121.34375,270739.1,channel
cdec_BND,40.96875_-121.40625,248327.1,channel
cdec_BND,40.96875_-121.46875,239430.1,channel
cdec_BND,40.96875_-121.53125,230856.0,channel
cdec_BND,40.96875_-121.59375,227721.1,channel
cdec_BND,40.96875_-121.65625,223952.4,channel
cdec_BND,40.96875_-121.71875,204911.7,channel
cdec_BND,40.96875_-121.78125,195087.3,channel
cdec_BND,40.96875_-121.84375,185818.9,channel
cdec_BND,40.96875_-121.90625,184805.6,channel
cdec_BND,40.96875_-121.96875,161943.9,channel
cdec_BND,40.96875_-122.03125,151437.3,channel
cdec_BND,40.96875_-122.09375,147049.0,channel
cdec_BND,40.96875_-122.15625,138522.8,channel
cdec_BND,40.96875_-122.21875,129153.8,channel
cdec_BND,40.96875_-122.28125,132358.5,channel
cdec_BND,40.96875_-122.34375,147428.8,channel
cdec_BND,40.96875_-122.40625,129550.8,channel
cdec_BND,40.96875_-122.46875,135077.2,channel
cdec_BND,40.96875_-122.53125,145370.6,channel
cdec_BND,40.96875_-122.59375,144090.3,channel
cdec_BND,41.03125_-120.21875,537289.8,center
cdec_BND,41.03125_-120.28125,417119.6,fallback
cdec_BND,41.03125_-120.34375,528927.9,center
cdec_BND,41.03125_-120.40625,395616.7,fallback
cdec_BND,41.03125_-120.59375,402443.3,channel
cdec_BND,41.03125_-120.65625,393005.9,channel
cdec_BND,41.03125_-120.71875,395421.2,channel
cdec_BND,41.03125_-120.78125,378494.7,channel
cdec_BND,41.03125_-120.84375,369324.5,channel
cdec_BND,41.03125_-120.90625,367445.4,channel
cdec_BND,41.03125_-120.96875,330319.8,channel
cdec_BND,41.03125_-121.03125,324192.7,channel
cdec_BND,41.03125_-121.09375,310081.8,channel
cdec_BND,41.03125_-121.15625,300337.5,channel
cdec_BND,41.03125_-121.21875,305585.4,channel
cdec_BND,41.03125_-121.28125,267519.7,channel
cdec_BND,41.03125_-121.34375,260402.7,channel
cdec_BND,41.03125_-121.40625,250779.6,channel
cdec_BND,41.03125_-121.46875,250935.0,channel
cdec_BND,41.03125_-121.53125,262626.2,channel
cdec_BND,41.03125_-121.59375,222129.5,channel
cdec_BND,41.03125_-121.65625,213096.6,channel
cdec_BND,41.03125_-121.71875,207771.1,channel
cdec_BND,41.03125_-121.78125,206913.8,channel
cdec_BND,41.03125_-121.84375,184859.1,channel
cdec_BND,41.03125_-121.90625,175903.2,channel
cdec_BND,41.03125_-121.96875,170927.8,channel
cdec_BND,41.03125_-122.03125,156958.7,channel
cdec_BND,41.03125_-122.09375,157982.8,channel
cdec_BND,41.03125_-122.15625,150526.8,channel
cdec_BND,41.03125_-122.21875,141763.0,channel
cdec_BND,41.03125_-122.28125,161131.7,channel
cdec_BND,41.03125_-122.34375,153274.2,channel
cdec_BND,41.03125_-122.40625,142443.4,channel
cdec_BND,41.03125_-122.46875,149209.0,channel
cdec_BND,41.03125_-122.53125,145820.3,channel
cdec_BND,41.09375_-120.15625,445954.7,fallback
cdec_BND,41.09375_-120.21875,531427.3,channel
cdec_BND,41.09375_-120.28125,523880.5,channel
cdec_BND,41.09375_-120.34375,511757.6,channel
cdec_BND,41.09375_-120.40625,518908.5,channel
cdec_BND,41.09375_-120.46875,506899.8,center
cdec_BND,41.09375_-120.53125,502912.2,channel
cdec_BND,41.09375_-120.59375,397202.7,channel
cdec_BND,41.09375_-120.65625,388929.4,channel
cdec_BND,41.09375_-120.71875,380195.4,channel
cdec_BND,41.09375_-120.78125,379182.6,channel
cdec_BND,41.09375_-120.84375,363667.6,channel
cdec_BND,41.09375_-120.90625,359201.8,channel
cdec_BND,41.09375_-120.96875,355907.2,channel
cdec_BND,41.09375_-121.03125,322361.1,channel
cdec_BND,41.09375_-121.09375,311582.1,channel
cdec_BND,41.09375_-121.15625,310027.0,channel
cdec_BND,41.09375_-121.21875,316110.6,channel
cdec_BND,41.09375_-121.28125,298007.5,channel
cdec_BND,41.09375_-121.34375,284229.5,channel
cdec_BND,41.09375_-121.40625,277009.0,channel
cdec_BND,41.09375_-121.46875,265139.7,channel
cdec_BND,41.09375_-121.53125,279208.0,channel
cdec_BND,41.09375_-121.59375,293370.1,channel
cdec_BND,41.09375_-121.65625,224699.4,channel
cdec_BND,41.09375_-121.71875,223405.0,channel
cdec_BND,41.09375_-121.78125,219622.0,channel
cdec_BND,41.09375_-121.84375,193818.4,channel
cdec_BND,41.09375_-121.90625,181717.9,channel
cdec_BND,41.09375_-121.96875,190877.7,channel
cdec_BND,41.09375_-122.03125,169697.3,channel
cdec_BND,41.09375_-122.09375,161827.6,channel
cdec_BND,41.09375_-122.15625,154340.4,channel
cdec_BND,41.09375_-122.21875,151103.3,channel
cdec_BND,41.09375_-122.28125,161516.4,channel
cdec_BND,41.09375_-122.34375,155479.3,channel
cdec_BND,41.09375_-122.40625,159407.9,channel
cdec_BND,41.09375_-122.46875,163662.7,center
cdec_BND,41.09375_-122.53125,217216.3,fallback
cdec_BND,41.15625_-120.15625,532700.1,channel
cdec_BND,41.15625_-120.21875,528433.8,channel
cdec_BND,41.15625_-120.28125,514924.4,channel
cdec_BND,41.15625_-120.34375,507322.1,channel
cdec_BND,41.15625_-120.40625,502786.9,channel
cdec_BND,41.15625_-120.46875,494179.8,channel
cdec_BND,41.15625_-120.53125,493422.7,channel
cdec_BND,41.15625_-120.59375,503091.2,channel
cdec_BND,41.15625_-120.65625,507210.4,channel
cdec_BND,41.15625_-120.71875,380087.3,channel
cdec_BND,41.15625_-120.78125,371541.3,channel
cdec_BND,41.15625_-120.84375,364893.4,channel
cdec_BND,41.15625_-120.90625,352898.6,channel
cdec_BND,41.15625_-120.96875,347091.3,channel
cdec_BND,41.15625_-121.03125,337525.8,channel
cdec_BND,41.15625_-121.09375,330679.0,channel
cdec_BND,41.15625_-121.15625,323096.5,channel
cdec_BND,41.15625_-121.21875,323911.6,channel
cdec_BND,41.15625_-121.28125,299552.3,channel
cdec_BND,41.15625_-121.34375,284755.3,channel
cdec_BND,41.15625_-121.40625,287251.9,channel
cdec_BND,41.15625_-121.46875,281396.7,channel
cdec_BND,41.15625_-121.53125,294205.8,channel
cdec_BND,41.15625_-121.59375,294406.4,channel
cdec_BND,41.15625_-121.65625,308790.6,channel
cdec_BND,41.15625_-121.71875,317396.8,channel
cdec_BND,41.15625_-121.78125,201146.1,channel
cdec_BND,41.15625_-121.84375,193857.0,channel
cdec_BND,41.15625_-121.90625,191821.3,channel
cdec_BND,41.15625_-121.96875,184322.0,channel
cdec_BND,41.15625_-122.03125,182450.7,channel
cdec_BND,41.15625_-122.09375,171536.5,channel
cdec_BND,41.15625_-122.15625,163767.8,channel
cdec_BND,41.15625_-122.21875,180011.7,channel
cdec_BND,41.15625_-122.28125,169193.5,channel
cdec_BND,41.15625_-122.34375,165638.3,channel
cdec_BND,41.15625_-122.40625,175290.7,channel
cdec_BND,41.15625_-122.46875,229306.5,fallback
cdec_BND,41.21875_-120.15625,533311.2,channel
cdec_BND,41.21875_-120.21875,520157.2,channel
cdec_BND,41.21875_-120.28125,512065.2,channel
cdec_BND,41.21875_-120.34375,501979.9,channel
cdec_BND,41.21875_-120.40625,494597.8,channel
cdec_BND,41.21875_-120.46875,487910.0,channel
cdec_BND,41.21875_-120.53125,483945.5,channel
cdec_BND,41.21875_-120.59375,486181.1,channel
cdec_BND,41.21875_-120.65625,490663.2,channel
cdec_BND,41.21875_-120.71875,390188.5,channel
cdec_BND,41.21875_-120.78125,392151.3,channel
cdec_BND,41.21875_-120.84375,360728.3,channel
cdec_BND,41.21875_-120.90625,351879.3,channel
cdec_BND,41.21875_-120.96875,345050.4,channel
cdec_BND,41.21875_-121.03125,338608.8,channel
cdec_BND,41.21875_-121.09375,344568.8,channel
cdec_BND,41.21875_-121.15625,334231.5,channel
cdec_BND,41.21875_-121.21875,337272.2,channel
cdec_BND,41.21875_-121.28125,337073.2,channel
cdec_BND,41.21875_-121.34375,344287.5,channel
cdec_BND,41.21875_-121.40625,294848.1,channel
cdec_BND,41.21875_-121.46875,304707.4,channel
cdec_BND,41.21875_-121.53125,305974.6,channel
cdec_BND,41.21875_-121.59375,304808.3,channel
cdec_BND,41.21875_-121.65625,309067.9,channel
cdec_BND,41.21875_-121.71875,318989.6,channel
cdec_BND,41.21875_-121.78125,228378.2,channel
cdec_BND,41.21875_-121.84375,225736.2,channel
cdec_BND,41.21875_-121.90625,210235.7,channel
cdec_BND,41.21875_-121.96875,200384.5,channel
cdec_BND,41.21875_-122.03125,183285.5,channel
cdec_BND,41.21875_-122.09375,182698.0,channel
cdec_BND,41.21875_-122.15625,174526.3,channel
cdec_BND,41.21875_-122.21875,180445.0,channel
cdec_BND,41.21875_-122.28125,177721.5,channel
cdec_BND,41.21875_-122.34375,180444.4,channel
cdec_BND,41.21875_-122.40625,208725.4,channel
cdec_BND,41.21875_-122.46875,210618.2,channel
cdec_BND,41.21875_-122.53125,247922.8,fallback
cdec_BND,41.28125_-120.15625,469724.7,fallback
cdec_BND,41.28125_-120.21875,518331.4,channel
cdec_BND,41.28125_-120.28125,510049.5,channel
cdec_BND,41.28125_-120.34375,492636.8,channel
cdec_BND,41.28125_-120.40625,490610.1,channel
cdec_BND,41.28125_-120.46875,483399.8,channel
cdec_BND,41.28125_-120.53125,472625.2,channel
cdec_BND,41.28125_-120.59375,476277.3,channel
cdec_BND,41.28125_-120.65625,487395.4,channel
cdec_BND,41.28125_-120.71875,494157.9,channel
cdec_BND,41.28125_-120.78125,437156.4,channel
cdec_BND,41.28125_-120.84375,366655.1,channel
cdec_BND,41.28125_-120.90625,359426.6,channel
cdec_BND,41.28125_-120.96875,358621.9,channel
cdec_BND,41.28125_-121.03125,366295.0,channel
cdec_BND,41.28125_-121.09375,352431.7,channel
cdec_BND,41.28125_-121.15625,346052.2,channel
cdec_BND,41.28125_-121.21875,340894.8,channel
cdec_BND,41.28125_-121.28125,350517.7,channel
cdec_BND,41.28125_-121.34375,358234.2,channel
cdec_BND,41.28125_-121.40625,346906.1,channel
cdec_BND,41.28125_-121.46875,346705.4,channel
cdec_BND,41.28125_-121.53125,314750.8,channel
cdec_BND,41.28125_-121.59375,317693.5,channel
cdec_BND,41.28125_-121.65625,319413.2,channel
cdec_BND,41.28125_-121.71875,323040.8,channel
cdec_BND,41.28125_-121.78125,227898.9,channel
cdec_BND,41.28125_-121.84375,219345.6,channel
cdec_BND,41.28125_-121.90625,212027.5,channel
cdec_BND,41.28125_-121.96875,208041.6,channel
cdec_BND,41.28125_-122.03125,194100.3,channel
cdec_BND,41.28125_-122.09375,192346.9,channel
cdec_BND,41.28125_-122.15625,183463.0,channel
cdec_BND,41.28125_-122.21875,198022.2,channel
cdec_BND,41.28125_-122.28125,187772.4,channel
cdec_BND,41.28125_-122.34375,193080.7,channel
cdec_BND,41.28125_-122.40625,201278.8,channel
cdec_BND,41.28125_-122.46875,208549.9,channel
cdec_BND,41.28125_-122.53125,263400.5,fallback
cdec_BND,41.34375_-120.21875,523326.6,channel
cdec_BND,41.34375_-120.28125,477109.5,channel
cdec_BND,41.34375_-120.34375,486174.4,channel
cdec_BND,41.34375_-120.40625,482839.9,channel
cdec_BND,41.34375_-120.46875,469051.7,channel
cdec_BND,41.34375_-120.53125,463145.3,channel
cdec_BND,41.34375_-120.59375,435943.1,channel
cdec_BND,41.34375_-120.65625,430060.3,channel
cdec_BND,41.34375_-120.71875,427343.6,channel
cdec_BND,41.34375_-120.78125,415036.1,channel
cdec_BND,41.34375_-120.84375,401493.6,channel
cdec_BND,41.34375_-120.90625,368786.1,channel
cdec_BND,41.34375_-120.96875,376396.2,channel
cdec_BND,41.34375_-121.03125,368899.3,channel
cdec_BND,41.34375_-121.09375,361711.3,channel
cdec_BND,41.34375_-121.15625,355666.5,channel
cdec_BND,41.34375_-121.21875,362957.5,channel
cdec_BND,41.34375_-121.28125,354248.5,channel
cdec_BND,41.34375_-121.34375,359300.0,channel
cdec_BND,41.34375_-121.40625,348123.0,channel
cdec_BND,41.34375_-121.46875,337446.1,channel
cdec_BND,41.34375_-121.53125,327926.1,channel
cdec_BND,41.34375_-121.59375,324558.8,channel
cdec_BND,41.34375_-121.65625,329205.2,channel
cdec_BND,41.34375_-121.71875,333822.0,channel
cdec_BND,41.34375_-121.78125,349285.4,channel
cdec_BND,41.34375_-121.84375,229154.6,channel
cdec_BND,41.34375_-121.90625,219270.7,channel
cdec_BND,41.34375_-121.96875,220699.0,channel
cdec_BND,41.34375_-122.03125,232781.9,channel
cdec_BND,41.34375_-122.09375,203963.2,channel
cdec_BND,41.34375_-122.15625,192536.6,channel
cdec_BND,41.34375_-122.21875,208729.8,channel
cdec_BND,41.34375_-122.28125,201909.0,channel
cdec_BND,41.34375_-122.34375,202627.6,channel
cdec_BND,41.34375_-122.40625,209399.2,channel
cdec_BND,41.34375_-122.46875,276275.3,fallback
cdec_BND,41.40625_-120.21875,487828.8,channel
cdec_BND,41.40625_-120.28125,475457.6,channel
cdec_BND,41.40625_-120.34375,467809.4,channel
cdec_BND,41.40625_-120.40625,476455.8,channel
cdec_BND,41.40625_-120.46875,475652.9,channel
cdec_BND,41.40625_-120.53125,451854.4,channel
cdec_BND,41.40625_-120.59375,457981.7,channel
cdec_BND,41.40625_-120.65625,425236.3,channel
cdec_BND,41.40625_-120.71875,416986.6,channel
cdec_BND,41.40625_-120.78125,408783.7,channel
cdec_BND,41.40625_-120.84375,399177.4,channel
cdec_BND,41.40625_-120.90625,390464.9,channel
cdec_BND,41.40625_-120.96875,382940.0,channel
cdec_BND,41.40625_-121.03125,374102.7,channel
cdec_BND,41.40625_-121.09375,392384.5,channel
cdec_BND,41.40625_-121.15625,374760.1,channel
cdec_BND,41.40625_-121.21875,367249.8,channel
cdec_BND,41.40625_-121.28125,365789.6,channel
cdec_BND,41.40625_-121.34375,372131.0,channel
cdec_BND,41.40625_-121.40625,356026.9,center
cdec_BND,41.40625_-121.46875,344709.7,channel
cdec_BND,41.40625_-121.53125,356163.2,channel
cdec_BND,41.40625_-121.59375,336456.9,channel
cdec_BND,41.40625_-121.65625,332483.8,channel
cdec_BND,41.40625_-121.71875,346051.1,channel
cdec_BND,41.40625_-121.78125,351137.8,channel
cdec_BND,41.40625_-121.84375,239812.0,channel
cdec_BND,41.40625_-121.90625,230341.7,channel
cdec_BND,41.40625_-121.96875,230071.5,channel
cdec_BND,41.40625_-122.03125,233476.6,channel
cdec_BND,41.40625_-122.09375,241589.1,channel
cdec_BND,41.40625_-122.15625,213806.7,channel
cdec_BND,41.40625_-122.21875,213073.1,channel
cdec_BND,41.40625_-122.28125,287408.1,fallback
cdec_BND,41.40625_-122.34375,288442.1,fallback
cdec_BND,41.40625_-122.40625,289981.0,fallback
cdec_BND,41.46875_-120.21875,487469.0,fallback
cdec_BND,41.46875_-120.28125,478993.8,channel
cdec_BND,41.46875_-120.34375,471780.9,channel
cdec_BND,41.46875_-120.40625,464128.8,channel
cdec_BND,41.46875_-120.46875,453162.7,channel
cdec_BND,41.46875_-120.53125,445658.7,channel
cdec_BND,41.46875_-120.59375,435685.8,channel
cdec_BND,41.46875_-120.65625,428845.1,channel
cdec_BND,41.46875_-120.71875,420235.0,channel
cdec_BND,41.46875_-120.78125,417109.9,channel
cdec_BND,41.46875_-120.84375,399686.7,channel
cdec_BND,41.46875_-120.90625,408072.9,channel
cdec_BND,41.46875_-120.96875,410563.8,channel
cdec_BND,41.46875_-121.03125,387631.7,channel
cdec_BND,41.46875_-121.09375,393680.3,channel
cdec_BND,41.46875_-121.15625,362923.0,fallback
cdec_BND,41.46875_-121.21875,378222.3,channel
cdec_BND,41.46875_-121.28125,350138.1,fallback
cdec_BND,41.46875_-121.34375,344209.4,fallback
cdec_BND,41.46875_-121.40625,338611.9,fallback
cdec_BND,41.46875_-121.46875,333362.3,fallback
cdec_BND,41.46875_-121.53125,353378.8,channel
cdec_BND,41.46875_-121.59375,344907.8,channel
cdec_BND,41.46875_-121.65625,343945.0,channel
cdec_BND,41.46875_-121.71875,347810.7,channel
cdec_BND,41.46875_-121.78125,359040.2,channel
cdec_BND,41.46875_-121.84375,245367.1,channel
cdec_BND,41.46875_-121.90625,241555.7,channel
cdec_BND,41.46875_-121.96875,305793.7,fallback
cdec_BND,41.46875_-122.03125,304355.6,fallback
cdec_BND,41.46875_-122.09375,246458.6,channel
cdec_BND,41.53125_-120.28125,482065.9,channel
cdec_BND,41.53125_-120.34375,476494.0,channel
cdec_BND,41.53125_-120.40625,462624.7,channel
cdec_BND,41.53125_-120.46875,454149.7,channel
cdec_BND,41.53125_-120.53125,443451.2,channel
cdec_BND,41.53125_-120.59375,439495.2,channel
cdec_BND,41.53125_-120.65625,441370.1,channel
cdec_BND,41.53125_-120.71875,428805.2,channel
cdec_BND,41.53125_-120.78125,425574.2,channel
cdec_BND,41.53125_-120.84375,427293.3,channel
cdec_BND,41.53125_-120.90625,411327.6,channel
cdec_BND,41.53125_-120.96875,415668.8,channel
cdec_BND,41.53125_-121.03125,396473.5,channel
cdec_BND,41.53125_-121.09375,382947.6,fallback
cdec_BND,41.53125_-121.15625,376369.2,fallback
cdec_BND,41.53125_-121.21875,370071.4,fallback
cdec_BND,41.53125_-121.28125,364068.8,fallback
cdec_BND,41.53125_-121.34375,358376.2,fallback
cdec_BND,41.53125_-121.40625,353008.6,fallback
cdec_BND,41.53125_-121.46875,347981.1,fallback
cdec_BND,41.53125_-121.53125,357035.1,channel
cdec_BND,41.53125_-121.59375,354373.9,channel
cdec_BND,41.53125_-121.65625,354506.3,channel
cdec_BND,41.53125_-121.71875,358241.4,channel
cdec_BND,41.53125_-121.78125,379004.1,channel
cdec_BND,41.53125_-121.84375,374439.1,channel
cdec_BND,41.53125_-121.90625,323508.8,fallback
cdec_BND,41.59375_-120.28125,481935.0,channel
cdec_BND,41.59375_-120.34375,474937.1,channel
cdec_BND,41.59375_-120.40625,466266.3,channel
cdec_BND,41.59375_-120.46875,464144.9,channel
cdec_BND,41.59375_-120.53125,460412.4,channel
cdec_BND,41.59375_-120.59375,450437.5,channel
cdec_BND,41.59375_-120.65625,454907.1,channel
cdec_BND,41.59375_-120.71875,463607.6,channel
cdec_BND,41.59375_-120.78125,435431.0,channel
cdec_BND,41.59375_-120.84375,424263.9,fallback
cdec_BND,41.59375_-120.90625,416934.1,fallback
cdec_BND,41.59375_-120.96875,407409.1,channel
cdec_BND,41.59375_-121.03125,402969.1,fallback
cdec_BND,41.59375_-121.28125,378167.5,fallback
cdec_BND,41.59375_-121.34375,372695.6,fallback
cdec_BND,41.59375_-121.40625,367542.1,fallback
cdec_BND,41.59375_-121.46875,362720.8,fallback
cdec_BND,41.59375_-121.53125,364207.3,channel
cdec_BND,41.59375_-121.59375,364338.4,channel
cdec_BND,41.59375_-121.65625,350381.3,fallback
cdec_BND,41.59375_-121.71875,347018.4,fallback
cdec_BND,41.65625_-120.28125,509503.3,fallback
cdec_BND,41.65625_-120.34375,480902.9,channel
cdec_BND,41.65625_-120.40625,472428.2,channel
cdec_BND,41.65625_-120.46875,478871.8,channel
cdec_BND,41.65625_-120.53125,462245.1,channel
cdec_BND,41.65625_-120.59375,475045.2,channel
cdec_BND,41.65625_-120.65625,462224.1,channel
cdec_BND,41.65625_-120.71875,473058.3,channel
cdec_BND,41.65625_-120.78125,444106.4,channel
cdec_BND,41.65625_-120.84375,436971.4,fallback
cdec_BND,41.65625_-121.28125,392416.0,fallback
cdec_BND,41.71875_-120.28125,511502.1,channel
cdec_BND,41.71875_-120.34375,504278.0,channel
cdec_BND,41.71875_-120.40625,494295.7,channel
cdec_BND,41.71875_-120.46875,482085.4,channel
cdec_BND,41.71875_-120.53125,472586.9,channel
cdec_BND,41.71875_-120.59375,478408.9,channel
cdec_BND,41.71875_-120.65625,472634.2,channel
cdec_BND,41.71875_-120.71875,474444.8,channel
cdec_BND,41.71875_-120.78125,457001.6,fallback
cdec_BND,41.78125_-120.53125,499367.7,channel
cdec_BND,41.78125_-120.59375,485150.0,channel
cdec_BND,41.78125_-120.65625,482202.6,channel
cdec_BND,41.78125_-120.71875,477024.8,fallback
cdec_BND,41.84375_-120.53125,504342.2,channel
cdec_BND,41.84375_-120.59375,504343.7,fallback
cdec_CLE,40.78125_-122.65625,11177.8,fallback
cdec_CLE,40.78125_-122.71875,1746.5,channel
cdec_CLE,40.78125_-122.78125,3242.8,fallback
cdec_CLE,40.78125_-122.84375,8645.6,fallback
cdec_CLE,40.84375_-122.65625,14729.6,channel
cdec_CLE,40.84375_-122.71875,5887.7,channel
cdec_CLE,40.84375_-122.78125,1382.7,channel
cdec_CLE,40.84375_-122.84375,8114.5,channel
cdec_CLE,40.84375_-122.90625,14551.8,channel
cdec_CLE,40.84375_-122.96875,22158.7,channel
cdec_CLE,40.90625_-122.59375,22279.9,fallback
cdec_CLE,40.90625_-122.65625,15376.2,channel
cdec_CLE,40.90625_-122.71875,11626.3,channel
cdec_CLE,40.90625_-122.78125,10802.8,channel
cdec_CLE,40.90625_-122.84375,20382.0,channel
cdec_CLE,40.90625_-122.90625,20319.7,channel
cdec_CLE,40.90625_-122.96875,23625.0,channel
cdec_CLE,40.90625_-123.03125,30743.5,fallback
cdec_CLE,40.96875_-122.53125,32612.2,fallback
cdec_CLE,40.96875_-122.59375,30138.8,channel
cdec_CLE,40.96875_-122.65625,20411.0,channel
cdec_CLE,40.96875_-122.71875,19970.6,channel
cdec_CLE,40.96875_-122.78125,35838.8,channel
cdec_CLE,40.96875_-122.84375,44213.2,channel
cdec_CLE,40.96875_-122.90625,34214.1,channel
cdec_CLE,40.96875_-122.96875,29736.9,channel
cdec_CLE,40.96875_-123.03125,35397.9,fallback
cdec_CLE,41.03125_-122.53125,41517.5,center
cdec_CLE,41.03125_-122.59375,30277.9,channel
cdec_CLE,41.03125_-122.65625,27720.9,channel
cdec_CLE,41.03125_-122.71875,30571.1,channel
cdec_CLE,41.03125_-122.78125,37476.5,channel
cdec_CLE,41.03125_-122.84375,47734.2,channel
cdec_CLE,41.03125_-122.90625,34217.5,fallback
cdec_CLE,41.03125_-122.96875,39358.4,channel
cdec_CLE,41.03125_-123.03125,41256.5,fallback
cdec_CLE,41.09375_-122.46875,56203.0,channel
cdec_CLE,41.09375_-122.53125,49075.2,channel
cdec_CLE,41.09375_-122.59375,39873.8,channel
cdec_CLE,41.09375_-122.65625,44866.4,channel
cdec_CLE,41.09375_-122.71875,35787.3,channel
cdec_CLE,41.09375_-122.78125,44050.6,channel
cdec_CLE,41.09375_-122.84375,52259.9,channel
cdec_CLE,41.09375_-122.90625,58955.4,channel
cdec_CLE,41.09375_-122.96875,72935.5,center
cdec_CLE,41.15625_-122.46875,56187.6,channel
cdec_CLE,41.15625_-122.53125,51853.1,channel
cdec_CLE,41.15625_-122.59375,50644.2,channel
cdec_CLE,41.15625_-122.65625,48124.8,channel
cdec_CLE,41.15625_-122.71875,45457.2,channel
cdec_CLE,41.15625_-122.78125,53674.8,channel
cdec_CLE,41.15625_-122.84375,55672.9,channel
cdec_CLE,41.15625_-122.90625,63737.2,channel
cdec_CLE,41.15625_-122.96875,52140.7,fallback
cdec_CLE,41.21875_-122.46875,63611.8,fallback
cdec_CLE,41.21875_-122.53125,62305.4,channel
cdec_CLE,41.21875_-122.59375,59585.0,channel
cdec_CLE,41.21875_-122.65625,55473.9,channel
cdec_CLE,41.21875_-122.71875,66461.9,channel
cdec_CLE,41.21875_-122.78125,61069.0,channel
cdec_CLE,41.21875_-122.84375,56770.4,fallback
cdec_CLE,41.21875_-122.90625,58026.9,fallback
cdec_CLE,41.28125_-122.46875,71136.5,fallback
cdec_CLE,41.28125_-122.53125,76321.8,channel
cdec_CLE,41.28125_-122.59375,66581.8,channel
cdec_CLE,41.28125_-122.65625,64263.8,channel
cdec_CLE,41.28125_-122.71875,64733.9,fallback
cdec_CLE,41.34375_-122.46875,78839.1,fallback
cdec_CLE,41.34375_-122.53125,76522.6,channel
cdec_CLE,41.34375_-122.59375,74970.0,fallback
cdec_CLE,41.34375_-122.65625,73779.1,fallback
cdec_CSN,38.46875_-120.53125,68526.7,fallback
cdec_CSN,38.46875_-120.59375,60226.0,fallback
cdec_CSN,38.46875_-120.65625,51935.0,fallback
cdec_CSN,38.46875_-120.78125,35408.6,fallback
cdec_CSN,38.46875_-120.84375,27207.0,fallback
cdec_CSN,38.46875_-120.90625,15966.8,channel
cdec_CSN,38.46875_-120.96875,6522.9,channel
cdec_CSN,38.46875_-121.03125,5688.9,fallback
cdec_CSN,38.53125_-120.28125,101721.5,fallback
cdec_CSN,38.53125_-120.34375,93406.5,fallback
cdec_CSN,38.53125_-120.40625,86817.8,channel
cdec_CSN,38.53125_-120.46875,78184.4,channel
cdec_CSN,38.53125_-120.53125,73839.0,channel
cdec_CSN,38.53125_-120.59375,58413.2,channel
cdec_CSN,38.53125_-120.65625,50887.5,channel
cdec_CSN,38.53125_-120.71875,42853.4,channel
cdec_CSN,38.53125_-120.78125,34322.1,channel
cdec_CSN,38.53125_-120.84375,23693.3,channel
cdec_CSN,38.53125_-120.90625,13368.4,channel
cdec_CSN,38.53125_-120.96875,5518.6,channel
cdec_CSN,38.53125_-121.03125,7098.3,center
cdec_CSN,38.59375_-120.21875,111004.2,fallback
cdec_CSN,38.59375_-120.28125,98076.2,channel
cdec_CSN,38.59375_-120.34375,91027.4,channel
cdec_CSN,38.59375_-120.40625,84570.0,channel
cdec_CSN,38.59375_-120.46875,76991.1,channel
cdec_CSN,38.59375_-120.53125,68938.1,channel
cdec_CSN,38.59375_-120.59375,60639.6,channel
cdec_CSN,38.59375_-120.65625,54460.2,channel
cdec_CSN,38.59375_-120.71875,46090.5,channel
cdec_CSN,38.59375_-120.78125,41205.0,channel
cdec_CSN,38.59375_-120.84375,30335.6,channel
cdec_CSN,38.59375_-120.90625,18385.7,channel
cdec_CSN,38.59375_-120.96875,18730.5,fallback
cdec_CSN,38.59375_-121.03125,15932.5,fallback
cdec_CSN,38.65625_-120.21875,112968.8,fallback
cdec_CSN,38.65625_-120.28125,113969.7,center
cdec_CSN,38.65625_-120.34375,100788.7,channel
cdec_CSN,38.65625_-120.40625,93682.2,channel
cdec_CSN,38.65625_-120.46875,85665.9,channel
cdec_CSN,38.65625_-120.53125,76467.0,channel
cdec_CSN,38.65625_-120.59375,67915.3,channel
cdec_CSN,38.65625_-120.65625,59993.4,channel
cdec_CSN,38.65625_-120.71875,51270.1,channel
cdec_CSN,38.65625_-120.78125,46664.2,channel
cdec_CSN,38.65625_-120.84375,42466.8,channel
cdec_CSN,38.65625_-120.90625,27237.4,channel
cdec_CSN,38.65625_-120.96875,28306.7,fallback
cdec_CSN,38.71875_-120.34375,100267.9,fallback
cdec_CSN,38.71875_-120.40625,95984.4,center
cdec_CSN,38.71875_-120.46875,86878.4,channel
cdec_CSN,38.71875_-120.53125,75950.5,channel
cdec_CSN,38.71875_-120.59375,71705.7,channel
cdec_CSN,38.71875_-120.65625,63537.6,fallback
cdec_CSN,38.71875_-120.71875,56996.8,fallback
cdec_CSN,38.71875_-120.78125,50976.1,fallback
cdec_CSN,38.71875_-120.84375,45681.5,fallback
cdec_CSN,38.78125_-120.46875,90169.3,fallback
cdec_CSN,38.78125_-120.53125,83236.0,fallback
cdec_FOL,38.59375_-120.09375,150754.9,fallback
cdec_FOL,38.59375_-120.15625,142422.6,fallback
cdec_FOL,38.65625_-119.96875,167224.0,fallback
cdec_FOL,38.65625_-120.03125,158886.8,fallback
cdec_FOL,38.65625_-120.09375,155389.0,channel
cdec_FOL,38.65625_-120.15625,149265.2,channel
cdec_FOL,38.65625_-120.21875,147351.8,channel
cdec_FOL,38.65625_-120.28125,136970.1,channel
cdec_FOL,38.65625_-120.34375,117204.2,fallback
cdec_FOL,38.65625_-120.71875,67205.6,fallback
cdec_FOL,38.65625_-120.78125,58878.4,fallback
cdec_FOL,38.65625_-120.84375,50555.1,fallback
cdec_FOL,38.65625_-120.90625,51464.7,channel
cdec_FOL,38.65625_-120.96875,33932.1,fallback
cdec_FOL,38.65625_-121.03125,25647.5,fallback
cdec_FOL,38.65625_-121.09375,16926.1,center
cdec_FOL,38.71875_-119.96875,167706.3,fallback
cdec_FOL,38.71875_-120.03125,164065.5,channel
cdec_FOL,38.71875_-120.09375,156083.0,channel
cdec_FOL,38.71875_-120.15625,147854.8,channel
cdec_FOL,38.71875_-120.21875,138879.9,channel
cdec_FOL,38.71875_-120.28125,136436.3,channel
cdec_FOL,38.71875_-120.34375,126337.3,channel
cdec_FOL,38.71875_-120.40625,119228.5,channel
cdec_FOL,38.71875_-120.46875,101411.3,fallback
cdec_FOL,38.71875_-120.53125,93163.3,fallback
cdec_FOL,38.71875_-120.59375,84932.4,fallback
cdec_FOL,38.71875_-120.65625,72767.6,channel
cdec_FOL,38.71875_-120.71875,65607.9,channel
cdec_FOL,38.71875_-120.78125,58260.2,channel
cdec_FOL,38.71875_-120.84375,50286.9,channel
cdec_FOL,38.71875_-120.90625,42880.5,channel
cdec_FOL,38.71875_-120.96875,38588.9,channel
cdec_FOL,38.71875_-121.03125,26504.7,channel
cdec_FOL,38.71875_-121.09375,16027.4,channel
cdec_FOL,38.71875_-121.15625,9090.7,channel
cdec_FOL,38.78125_-120.03125,160626.5,fallback
cdec_FOL,38.78125_-120.09375,152354.1,channel
cdec_FOL,38.78125_-120.15625,144336.3,channel
cdec_FOL,38.78125_-120.21875,137592.3,channel
cdec_FOL,38.78125_-120.28125,130674.7,channel
cdec_FOL,38.78125_-120.34375,123527.4,channel
cdec_FOL,38.78125_-120.40625,116765.4,channel
cdec_FOL,38.78125_-120.46875,108714.4,channel
cdec_FOL,38.78125_-120.53125,101354.1,channel
cdec_FOL,38.78125_-120.59375,92119.7,channel
cdec_FOL,38.78125_-120.65625,85083.2,channel
cdec_FOL,38.78125_-120.71875,76466.2,channel
cdec_FOL,38.78125_-120.78125,64600.8,channel
cdec_FOL,38.78125_-120.84375,55769.6,channel
cdec_FOL,38.78125_-120.90625,46758.6,channel
cdec_FOL,38.78125_-120.96875,33441.7,channel
cdec_FOL,38.78125_-121.03125,24663.7,channel
cdec_FOL,38.78125_-121.09375,18524.9,channel
cdec_FOL,38.78125_-121.15625,17748.0,channel
cdec_FOL,38.84375_-120.03125,162544.7,fallback
cdec_FOL,38.84375_-120.09375,153022.9,channel
cdec_FOL,38.84375_-120.15625,156283.2,channel
cdec_FOL,38.84375_-120.21875,159174.2,channel
cdec_FOL,38.84375_-120.28125,150502.5,channel
cdec_FOL,38.84375_-120.34375,142700.5,channel
cdec_FOL,38.84375_-120.40625,125922.6,channel
cdec_FOL,38.84375_-120.46875,116991.0,channel
cdec_FOL,38.84375_-120.53125,104280.2,channel
cdec_FOL,38.84375_-120.59375,101986.1,channel
cdec_FOL,38.84375_-120.65625,89839.4,channel
cdec_FOL,38.84375_-120.71875,81773.5,channel
cdec_FOL,38.84375_-120.78125,76956.8,channel
cdec_FOL,38.84375_-120.84375,56821.5,channel
cdec_FOL,38.84375_-120.90625,45347.3,channel
cdec_FOL,38.84375_-120.96875,40443.9,channel
cdec_FOL,38.84375_-121.03125,34561.1,channel
cdec_FOL,38.84375_-121.09375,26665.4,channel
cdec_FOL,38.90625_-120.15625,182512.5,channel
cdec_FOL,38.90625_-120.21875,156526.4,channel
cdec_FOL,38.90625_-120.28125,141089.0,channel
cdec_FOL,38.90625_-120.34375,132599.0,channel
cdec_FOL,38.90625_-120.40625,129775.6,channel
cdec_FOL,38.90625_-120.46875,126195.3,channel
cdec_FOL,38.90625_-120.53125,117018.8,channel
cdec_FOL,38.90625_-120.59375,110302.8,channel
cdec_FOL,38.90625_-120.65625,105756.8,channel
cdec_FOL,38.90625_-120.71875,88762.9,channel
cdec_FOL,38.90625_-120.78125,89626.8,channel
cdec_FOL,38.90625_-120.84375,69141.1,channel
cdec_FOL,38.90625_-120.90625,57824.0,channel
cdec_FOL,38.90625_-120.96875,50158.6,channel
cdec_FOL,38.90625_-121.03125,38870.5,channel
cdec_FOL,38.90625_-121.09375,49134.1,fallback
cdec_FOL,38.96875_-120.15625,181419.6,channel
cdec_FOL,38.96875_-120.21875,171703.0,channel
cdec_FOL,38.96875_-120.28125,157666.5,channel
cdec_FOL,38.96875_-120.34375,143682.8,channel
cdec_FOL,38.96875_-120.40625,135101.0,channel
cdec_FOL,38.96875_-120.46875,125677.0,channel
cdec_FOL,38.96875_-120.53125,124971.7,channel
cdec_FOL,38.96875_-120.59375,108230.3,channel
cdec_FOL,38.96875_-120.65625,97293.0,channel
cdec_FOL,38.96875_-120.71875,91818.6,channel
cdec_FOL,38.96875_-120.78125,80707.3,channel
cdec_FOL,38.96875_-120.84375,67967.4,channel
cdec_FOL,38.96875_-120.90625,57916.6,channel
cdec_FOL,38.96875_-120.96875,55473.4,channel
cdec_FOL,38.96875_-121.03125,50055.0,channel
cdec_FOL,39.03125_-120.21875,166588.1,channel
cdec_FOL,39.03125_-120.28125,158096.7,channel
cdec_FOL,39.03125_-120.34375,157719.7,channel
cdec_FOL,39.03125_-120.40625,139562.2,channel
cdec_FOL,39.03125_-120.46875,135828.4,channel
cdec_FOL,39.03125_-120.53125,113422.5,channel
cdec_FOL,39.03125_-120.59375,105192.3,channel
cdec_FOL,39.03125_-120.65625,96451.8,channel
cdec_FOL,39.03125_-120.71875,87546.3,channel
cdec_FOL,39.03125_-120.78125,79508.9,channel
cdec_FOL,39.03125_-120.84375,79445.8,channel
cdec_FOL,39.03125_-120.90625,65090.0,channel
cdec_FOL,39.03125_-120.96875,64631.1,channel
cdec_FOL,39.09375_-120.21875,154606.2,fallback
cdec_FOL,39.09375_-120.28125,158150.7,channel
cdec_FOL,39.09375_-120.34375,150242.2,channel
cdec_FOL,39.09375_-120.40625,145574.2,channel
cdec_FOL,39.09375_-120.46875,123689.2,channel
cdec_FOL,39.09375_-120.53125,120110.2,channel
cdec_FOL,39.09375_-120.59375,113706.5,channel
cdec_FOL,39.09375_-120.65625,100929.4,channel
cdec_FOL,39.09375_-120.71875,98393.6,channel
cdec_FOL,39.09375_-120.78125,87999.5,channel
cdec_FOL,39.09375_-120.84375,87677.6,channel
cdec_FOL,39.09375_-120.90625,75511.3,channel
cdec_FOL,39.09375_-120.96875,85055.0,fallback
cdec_FOL,39.15625_-120.21875,160216.7,fallback
cdec_FOL,39.15625_-120.28125,163454.6,channel
cdec_FOL,39.15625_-120.34375,145179.7,channel
cdec_FOL,39.15625_-120.40625,135006.6,channel
cdec_FOL,39.15625_-120.46875,128912.3,channel
cdec_FOL,39.15625_-120.53125,122552.8,channel
cdec_FOL,39.15625_-120.59375,115435.1,channel
cdec_FOL,39.15625_-120.65625,113893.5,channel
cdec_FOL,39.15625_-120.71875,107680.9,channel
cdec_FOL,39.15625_-120.78125,99947.1,channel
cdec_FOL,39.15625_-120.84375,90442.2,channel
cdec_FOL,39.15625_-120.90625,98202.0,fallback
cdec_FOL,39.21875_-120.28125,159791.7,channel
cdec_FOL,39.21875_-120.34375,153768.0,channel
cdec_FOL,39.21875_-120.40625,143179.5,channel
cdec_FOL,39.21875_-120.46875,136081.6,channel
cdec_FOL,39.21875_-120.53125,129059.5,channel
cdec_FOL,39.21875_-120.59375,122142.5,channel
cdec_FOL,39.21875_-120.65625,115395.2,channel
cdec_FOL,39.21875_-120.71875,111871.3,channel
cdec_FOL,39.21875_-120.78125,106459.7,channel
cdec_FOL,39.21875_-120.84375,111435.2,fallback
cdec_FOL,39.28125_-120.28125,166560.5,fallback
cdec_FOL,39.28125_-120.34375,151893.6,channel
cdec_FOL,39.28125_-120.40625,148897.3,channel
cdec_FOL,39.28125_-120.46875,143791.3,center
cdec_FOL,39.28125_-120.53125,140704.1,center
cdec_FOL,39.28125_-120.59375,129368.9,channel
cdec_FOL,39.28125_-120.65625,120206.4,channel
cdec_FOL,39.28125_-120.71875,128830.2,fallback
cdec_FOL,39.34375_-120.59375,146806.5,fallback
cdec_FOL,39.34375_-120.65625,142256.3,fallback
cdec_ISB,35.40625_-118.15625,56145.3,fallback
cdec_ISB,35.40625_-118.21875,50339.1,fallback
cdec_ISB,35.40625_-118.28125,45304.2,fallback
cdec_ISB,35.40625_-118.34375,41323.6,fallback
cdec_ISB,35.46875_-118.15625,55257.2,channel
cdec_ISB,35.46875_-118.21875,51115.9,channel
cdec_ISB,35.46875_-118.28125,58945.3,channel
cdec_ISB,35.46875_-118.34375,67387.2,channel
cdec_ISB,35.46875_-118.40625,28894.2,fallback
cdec_ISB,35.53125_-118.15625,46510.7,channel
cdec_ISB,35.53125_-118.21875,39378.8,channel
cdec_ISB,35.53125_-118.28125,42004.4,channel
cdec_ISB,35.53125_-118.34375,24174.6,fallback
cdec_ISB,35.59375_-118.09375,50268.3,fallback
cdec_ISB,35.59375_-118.15625,42820.1,channel
cdec_ISB,35.59375_-118.21875,31588.3,channel
cdec_ISB,35.59375_-118.28125,34002.3,channel
cdec_ISB,35.59375_-118.34375,18592.7,channel
cdec_ISB,35.59375_-118.40625,18475.3,center
cdec_ISB,35.59375_-118.46875,7316.5,fallback
cdec_ISB,35.65625_-117.96875,66285.1,fallback
cdec_ISB,35.65625_-118.03125,56112.0,channel
cdec_ISB,35.65625_-118.09375,58707.4,channel
cdec_ISB,35.65625_-118.15625,34650.9,channel
cdec_ISB,35.65625_-118.21875,26925.3,channel
cdec_ISB,35.65625_-118.28125,19407.3,channel
cdec_ISB,35.65625_-118.34375,12093.1,channel
cdec_ISB,35.65625_-118.40625,5306.8,channel
cdec_ISB,35.65625_-118.46875,4543.0,center
cdec_ISB,35.65625_-118.53125,8779.1,channel
cdec_ISB,35.65625_-118.59375,16422.5,channel
cdec_ISB,35.71875_-117.96875,67463.1,fallback
cdec_ISB,35.71875_-118.03125,54142.2,channel
cdec_ISB,35.71875_-118.09375,43470.9,channel
cdec_ISB,35.71875_-118.15625,34366.6,channel
cdec_ISB,35.71875_-118.21875,26885.6,channel
cdec_ISB,35.71875_-118.28125,26655.6,channel
cdec_ISB,35.71875_-118.34375,14564.2,channel
cdec_ISB,35.71875_-118.40625,8663.9,channel
cdec_ISB,35.71875_-118.46875,6330.7,channel
cdec_ISB,35.71875_-118.53125,13791.0,channel
cdec_ISB,35.71875_-118.59375,20867.0,fallback
cdec_ISB,35.78125_-118.03125,57221.2,channel
cdec_ISB,35.78125_-118.09375,45492.4,channel
cdec_ISB,35.78125_-118.15625,40102.5,channel
cdec_ISB,35.78125_-118.21875,40526.2,channel
cdec_ISB,35.78125_-118.28125,32455.6,channel
cdec_ISB,35.78125_-118.34375,35182.8,channel
cdec_ISB,35.78125_-118.40625,14992.1,channel
cdec_ISB,35.78125_-118.46875,18938.0,channel
cdec_ISB,35.78125_-118.53125,26317.3,channel
cdec_ISB,35.78125_-118.59375,28330.3,fallback
cdec_ISB,35.84375_-117.96875,74064.6,fallback
cdec_ISB,35.84375_-118.03125,58801.6,channel
cdec_ISB,35.84375_-118.09375,63446.8,channel
cdec_ISB,35.84375_-118.15625,54345.4,channel
cdec_ISB,35.84375_-118.21875,50123.3,channel
cdec_ISB,35.84375_-118.28125,60859.0,channel
cdec_ISB,35.84375_-118.34375,34211.0,channel
cdec_ISB,35.84375_-118.40625,31158.1,channel
cdec_ISB,35.84375_-118.46875,24011.8,channel
cdec_ISB,35.84375_-118.53125,34470.4,channel
cdec_ISB,35.84375_-118.59375,37096.9,fallback
cdec_ISB,35.90625_-117.96875,79134.6,fallback
cdec_ISB,35.90625_-118.03125,69193.3,channel
cdec_ISB,35.90625_-118.09375,77100.1,channel
cdec_ISB,35.90625_-118.15625,65615.7,channel
cdec_ISB,35.90625_-118.21875,62919.4,channel
cdec_ISB,35.90625_-118.28125,65269.1,channel
cdec_ISB,35.90625_-118.34375,47460.8,channel
cdec_ISB,35.90625_-118.40625,40229.2,channel
cdec_ISB,35.90625_-118.46875,33217.1,channel
cdec_ISB,35.90625_-118.53125,41730.8,channel
cdec_ISB,35.90625_-118.59375,46434.3,fallback
cdec_ISB,35.96875_-117.96875,85120.0,fallback
cdec_ISB,35.96875_-118.03125,93953.9,channel
cdec_ISB,35.96875_-118.09375,88239.8,channel
cdec_ISB,35.96875_-118.15625,73583.1,channel
cdec_ISB,35.96875_-118.21875,77637.5,channel
cdec_ISB,35.96875_-118.28125,86112.8,channel
cdec_ISB,35.96875_-118.34375,93542.6,channel
cdec_ISB,35.96875_-118.40625,54833.6,channel
cdec_ISB,35.96875_-118.46875,44454.4,channel
cdec_ISB,35.96875_-118.53125,52379.8,channel
cdec_ISB,35.96875_-118.59375,60201.6,channel
cdec_ISB,35.96875_-118.65625,58982.1,fallback
cdec_ISB,36.03125_-118.03125,96860.5,channel
cdec_ISB,36.03125_-118.09375,86387.9,channel
cdec_ISB,36.03125_-118.15625,84302.1,channel
cdec_ISB,36.03125_-118.21875,86278.6,channel
cdec_ISB,36.03125_-118.28125,96773.5,channel
cdec_ISB,36.03125_-118.34375,96743.3,channel
cdec_ISB,36.03125_-118.40625,67617.3,channel
cdec_ISB,36.03125_-118.46875,55070.7,channel
cdec_ISB,36.03125_-118.53125,56658.0,channel
cdec_ISB,36.03125_-118.59375,64650.1,channel
cdec_ISB,36.09375_-118.03125,93868.3,fallback
cdec_ISB,36.09375_-118.09375,95468.6,channel
cdec_ISB,36.09375_-118.15625,93424.0,channel
cdec_ISB,36.09375_-118.21875,95693.2,channel
cdec_ISB,36.09375_-118.28125,100294.0,channel
cdec_ISB,36.09375_-118.34375,86105.9,channel
cdec_ISB,36.09375_-118.40625,83042.4,channel
cdec_ISB,36.09375_-118.46875,64252.8,channel
cdec_ISB,36.09375_-118.53125,67663.1,channel
cdec_ISB,36.09375_-118.59375,75725.9,fallback
cdec_ISB,36.15625_-118.03125,102050.8,fallback
cdec_ISB,36.15625_-118.09375,103644.2,channel
cdec_ISB,36.15625_-118.15625,114256.6,channel
cdec_ISB,36.15625_-118.21875,105440.1,channel
cdec_ISB,36.15625_-118.28125,106358.6,channel
cdec_ISB,36.15625_-118.34375,84727.4,channel
cdec_ISB,36.15625_-118.40625,76101.2,channel
cdec_ISB,36.15625_-118.46875,73492.6,channel
cdec_ISB,36.15625_-118.53125,78928.9,channel
cdec_ISB,36.15625_-118.59375,85673.6,fallback
cdec_ISB,36.21875_-118.09375,106495.2,fallback
cdec_ISB,36.21875_-118.15625,120000.4,channel
cdec_ISB,36.21875_-118.21875,128567.8,channel
cdec_ISB,36.21875_-118.28125,97899.1,channel
cdec_ISB,36.21875_-118.34375,87578.2,channel
cdec_ISB,36.21875_-118.40625,95429.8,channel
cdec_ISB,36.21875_-118.46875,83439.8,channel
cdec_ISB,36.21875_-118.53125,91721.1,channel
cdec_ISB,36.21875_-118.59375,100448.9,channel
cdec_ISB,36.28125_-118.09375,115576.0,fallback
cdec_ISB,36.28125_-118.15625,134736.8,channel
cdec_ISB,36.28125_-118.21875,130656.5,channel
cdec_ISB,36.28125_-118.28125,101507.2,channel
cdec_ISB,36.28125_-118.34375,96783.6,channel
cdec_ISB,36.28125_-118.40625,99012.6,channel
cdec_ISB,36.28125_-118.46875,105651.6,channel
cdec_ISB,36.28125_-118.53125,97006.6,channel
cdec_ISB,36.28125_-118.59375,102804.9,channel
cdec_ISB,36.28125_-118.65625,107262.7,fallback
cdec_ISB,36.34375_-118.09375,124823.1,fallback
cdec_ISB,36.34375_-118.15625,139203.4,channel
cdec_ISB,36.34375_-118.21875,139951.0,channel
cdec_ISB,36.34375_-118.28125,123989.1,channel
cdec_ISB,36.34375_-118.34375,115606.7,channel
cdec_ISB,36.34375_-118.40625,106846.8,channel
cdec_ISB,36.34375_-118.46875,115420.4,channel
cdec_ISB,36.34375_-118.53125,104868.6,channel
cdec_ISB,36.34375_-118.59375,108772.5,channel
cdec_ISB,36.40625_-118.15625,156026.3,channel
cdec_ISB,36.40625_-118.21875,150271.8,channel
cdec_ISB,36.40625_-118.28125,129279.6,channel
cdec_ISB,36.40625_-118.34375,119776.8,channel
cdec_ISB,36.40625_-118.40625,115083.7,channel
cdec_ISB,36.40625_-118.46875,124316.3,channel
cdec_ISB,36.40625_-118.53125,131593.7,channel
cdec_ISB,36.40625_-118.59375,125801.8,fallback
cdec_ISB,36.46875_-118.21875,138892.0,fallback
cdec_ISB,36.46875_-118.28125,140458.1,channel
cdec_ISB,36.46875_-118.34375,133155.1,channel
cdec_ISB,36.46875_-118.40625,123846.4,channel
cdec_ISB,36.46875_-118.46875,127169.9,channel
cdec_ISB,36.46875_-118.53125,137590.9,channel
cdec_ISB,36.46875_-118.59375,135880.9,fallback
cdec_ISB,36.53125_-118.21875,148775.9,fallback
cdec_ISB,36.53125_-118.28125,144484.0,channel
cdec_ISB,36.53125_-118.34375,141360.0,channel
cdec_ISB,36.53125_-118.40625,131916.1,channel
cdec_ISB,36.53125_-118.46875,147517.5,channel
cdec_ISB,36.53125_-118.53125,138282.1,channel
cdec_ISB,36.53125_-118.59375,145971.1,fallback
cdec_ISB,36.59375_-118.28125,157192.7,fallback
cdec_ISB,36.59375_-118.34375,146088.2,channel
cdec_ISB,36.59375_-118.40625,139752.9,channel
cdec_ISB,36.59375_-118.46875,144472.1,channel
cdec_ISB,36.59375_-118.53125,152231.2,channel
cdec_ISB,36.65625_-118.28125,167230.3,fallback
cdec_ISB,36.65625_-118.34375,154106.8,channel
cdec_ISB,36.65625_-118.40625,148545.0,channel
cdec_ISB,36.65625_-118.46875,151636.3,channel
cdec_ISB,36.71875_-118.34375,176322.5,fallback
cdec_ISB,36.71875_-118.40625,175741.1,fallback
cdec_MIL,36.96875_-119.59375,20230.7,fallback
cdec_MIL,36.96875_-119.65625,10757.9,fallback
cdec_MIL,36.96875_-119.71875,6871.7,fallback
cdec_MIL,37.03125_-119.34375,61912.0,fallback
cdec_MIL,37.03125_-119.40625,51384.6,fallback
cdec_MIL,37.03125_-119.46875,34150.0,channel
cdec_MIL,37.03125_-119.53125,25845.4,channel
cdec_MIL,37.03125_-119.59375,14629.6,channel
cdec_MIL,37.03125_-119.65625,2193.5,channel
cdec_MIL,37.03125_-119.71875,128.3,channel
cdec_MIL,37.09375_-118.65625,179226.0,fallback
cdec_MIL,37.09375_-118.71875,203134.7,center
cdec_MIL,37.09375_-118.78125,196167.8,channel
cdec_MIL,37.09375_-119.21875,89576.8,channel
cdec_MIL,37.09375_-119.28125,84205.0,channel
cdec_MIL,37.09375_-119.34375,78357.3,channel
cdec_MIL,37.09375_-119.40625,73112.0,channel
cdec_MIL,37.09375_-119.46875,51476.5,channel
cdec_MIL,37.09375_-119.53125,25183.2,channel
cdec_MIL,37.09375_-119.59375,19658.5,channel
cdec_MIL,37.09375_-119.65625,12631.8,channel
cdec_MIL,37.09375_-119.71875,20114.5,fallback
cdec_MIL,37.15625_-118.65625,181117.3,fallback
cdec_MIL,37.15625_-118.71875,193109.1,channel
cdec_MIL,37.15625_-118.78125,188006.1,channel
cdec_MIL,37.15625_-118.84375,149989.7,fallback
cdec_MIL,37.15625_-118.90625,139679.3,fallback
cdec_MIL,37.15625_-118.96875,129414.9,fallback
cdec_MIL,37.15625_-119.03125,119208.1,fallback
cdec_MIL,37.15625_-119.09375,109075.3,fallback
cdec_MIL,37.15625_-119.15625,99537.6,channel
cdec_MIL,37.15625_-119.21875,95355.6,channel
cdec_MIL,37.15625_-119.28125,79900.1,channel
cdec_MIL,37.15625_-119.34375,71826.6,channel
cdec_MIL,37.15625_-119.40625,61920.8,channel
cdec_MIL,37.15625_-119.46875,48313.6,channel
cdec_MIL,37.15625_-119.53125,38640.0,channel
cdec_MIL,37.15625_-119.59375,36618.3,channel
cdec_MIL,37.15625_-119.65625,21988.8,channel
cdec_MIL,37.15625_-119.71875,33351.1,fallback
cdec_MIL,37.21875_-118.65625,183950.3,fallback
cdec_MIL,37.21875_-118.71875,192472.5,channel
cdec_MIL,37.21875_-118.78125,184505.2,channel
cdec_MIL,37.21875_-118.84375,176987.7,channel
cdec_MIL,37.21875_-118.90625,169447.6,channel
cdec_MIL,37.21875_-118.96875,167192.8,channel
cdec_MIL,37.21875_-119.03125,112959.6,channel
cdec_MIL,37.21875_-119.09375,105772.1,channel
cdec_MIL,37.21875_-119.15625,98197.6,channel
cdec_MIL,37.21875_-119.21875,91186.6,channel
cdec_MIL,37.21875_-119.28125,82247.4,channel
cdec_MIL,37.21875_-119.34375,76577.3,channel
cdec_MIL,37.21875_-119.40625,68880.0,channel
cdec_MIL,37.21875_-119.46875,66738.0,channel
cdec_MIL,37.21875_-119.53125,71462.8,channel
cdec_MIL,37.21875_-119.59375,31114.6,channel
cdec_MIL,37.21875_-119.65625,34414.9,channel
cdec_MIL,37.28125_-118.65625,187682.0,fallback
cdec_MIL,37.28125_-118.71875,193407.0,channel
cdec_MIL,37.28125_-118.78125,186769.9,channel
cdec_MIL,37.28125_-118.84375,175720.3,channel
cdec_MIL,37.28125_-118.90625,161600.9,channel
cdec_MIL,37.28125_-118.96875,156072.5,channel
cdec_MIL,37.28125_-119.03125,151795.1,channel
cdec_MIL,37.28125_-119.09375,106144.1,channel
cdec_MIL,37.28125_-119.15625,100499.0,channel
cdec_MIL,37.28125_-119.21875,99195.8,channel
cdec_MIL,37.28125_-119.28125,97614.4,channel
cdec_MIL,37.28125_-119.34375,85922.9,channel
cdec_MIL,37.28125_-119.40625,95831.6,channel
cdec_MIL,37.28125_-119.46875,76108.6,channel
cdec_MIL,37.28125_-119.53125,77194.9,channel
cdec_MIL,37.28125_-119.59375,62819.7,fallback
cdec_MIL,37.28125_-119.65625,60448.1,fallback
cdec_MIL,37.34375_-118.71875,182518.9,fallback
cdec_MIL,37.34375_-118.78125,178994.0,channel
cdec_MIL,37.34375_-118.84375,170990.4,channel
cdec_MIL,37.34375_-118.90625,161732.4,channel
cdec_MIL,37.34375_-118.96875,152916.2,channel
cdec_MIL,37.34375_-119.03125,145712.3,channel
cdec_MIL,37.34375_-119.09375,136377.6,channel
cdec_MIL,37.34375_-119.15625,116597.9,channel
cdec_MIL,37.34375_-119.21875,108516.1,channel
cdec_MIL,37.34375_-119.28125,99171.6,channel
cdec_MIL,37.34375_-119.34375,94185.9,channel
cdec_MIL,37.34375_-119.40625,105582.1,channel
cdec_MIL,37.34375_-119.46875,85149.8,channel
cdec_MIL,37.34375_-119.53125,86721.4,channel
cdec_MIL,37.34375_-119.59375,88512.4,channel
cdec_MIL,37.40625_-118.78125,178841.2,fallback
cdec_MIL,37.40625_-118.84375,170750.4,channel
cdec_MIL,37.40625_-118.90625,163510.2,channel
cdec_MIL,37.40625_-118.96875,156901.8,channel
cdec_MIL,37.40625_-119.03125,159663.9,channel
cdec_MIL,37.40625_-119.09375,133315.5,channel
cdec_MIL,37.40625_-119.15625,125558.4,channel
cdec_MIL,37.40625_-119.21875,114354.1,channel
cdec_MIL,37.40625_-119.28125,105748.3,channel
cdec_MIL,37.40625_-119.34375,105003.3,channel
cdec_MIL,37.40625_-119.40625,110205.4,channel
cdec_MIL,37.40625_-119.46875,116799.7,channel
cdec_MIL,37.40625_-119.53125,99535.3,channel
cdec_MIL,37.40625_-119.59375,101029.3,channel
cdec_MIL,37.46875_-118.78125,178191.9,channel
cdec_MIL,37.46875_-118.84375,176225.2,channel
cdec_MIL,37.46875_-118.90625,164420.1,channel
cdec_MIL,37.46875_-118.96875,162200.8,channel
cdec_MIL,37.46875_-119.03125,151608.2,channel
cdec_MIL,37.46875_-119.09375,148293.3,channel
cdec_MIL,37.46875_-119.15625,122133.1,channel
cdec_MIL,37.46875_-119.21875,115549.6,channel
cdec_MIL,37.46875_-119.28125,114351.3,channel
cdec_MIL,37.46875_-119.34375,117795.7,channel
cdec_MIL,37.46875_-119.40625,115960.5,channel
cdec_MIL,37.46875_-119.46875,120695.8,channel
cdec_MIL,37.46875_-119.53125,110123.5,channel
cdec_MIL,37.46875_-119.59375,101492.2,fallback
cdec_MIL,37.53125_-118.84375,184507.8,fallback
cdec_MIL,37.53125_-118.90625,166112.3,channel
cdec_MIL,37.53125_-118.96875,155179.7,channel
cdec_MIL,37.53125_-119.03125,147504.0,channel
cdec_MIL,37.53125_-119.09375,140113.7,channel
cdec_MIL,37.53125_-119.15625,130270.4,channel
cdec_MIL,37.53125_-119.21875,126230.6,channel
cdec_MIL,37.53125_-119.28125,126174.8,channel
cdec_MIL,37.53125_-119.34375,139347.2,channel
cdec_MIL,37.53125_-119.40625,126781.0,channel
cdec_MIL,37.53125_-119.46875,119904.0,fallback
cdec_MIL,37.59375_-118.96875,177444.2,fallback
cdec_MIL,37.59375_-119.03125,155480.1,center
cdec_MIL,37.59375_-119.09375,145068.8,channel
cdec_MIL,37.59375_-119.15625,154210.7,channel
cdec_MIL,37.59375_-119.21875,138947.0,channel
cdec_MIL,37.59375_-119.28125,136429.5,channel
cdec_MIL,37.59375_-119.34375,139569.7,channel
cdec_MIL,37.59375_-119.40625,136061.6,fallback
cdec_MIL,37.65625_-119.03125,180227.0,fallback
cdec_MIL,37.65625_-119.09375,154056.7,channel
cdec_MIL,37.65625_-119.15625,160943.7,channel
cdec_MIL,37.65625_-119.21875,148285.6,channel
cdec_MIL,37.65625_-119.28125,146194.9,channel
cdec_MIL,37.65625_-119.34375,152389.6,fallback
cdec_MIL,37.71875_-119.09375,164384.2,channel
cdec_MIL,37.71875_-119.15625,172933.5,center
cdec_MIL,37.71875_-119.21875,173589.7,fallback
cdec_MIL,37.71875_-119.28125,168837.0,fallback
cdec_MKM,38.28125_-120.28125,66718.5,fallback
cdec_MKM,38.28125_-120.34375,61775.5,channel
cdec_MKM,38.28125_-120.40625,52129.8,fallback
cdec_MKM,38.28125_-120.65625,23058.6,fallback
cdec_MKM,38.28125_-120.71875,12867.2,channel
cdec_MKM,38.34375_-120.21875,75021.5,fallback
cdec_MKM,38.34375_-120.28125,69944.4,channel
cdec_MKM,38.34375_-120.34375,61292.9,channel
cdec_MKM,38.34375_-120.40625,53167.2,channel
cdec_MKM,38.34375_-120.46875,44474.1,channel
cdec_MKM,38.34375_-120.53125,37298.2,channel
cdec_MKM,38.34375_-120.59375,29122.1,channel
cdec_MKM,38.34375_-120.65625,19944.0,channel
cdec_MKM,38.34375_-120.71875,16380.9,channel
cdec_MKM,38.40625_-120.15625,84162.1,fallback
cdec_MKM,38.40625_-120.21875,81747.9,channel
cdec_MKM,38.40625_-120.28125,75153.8,channel
cdec_MKM,38.40625_-120.34375,60297.1,channel
cdec_MKM,38.40625_-120.40625,53373.0,channel
cdec_MKM,38.40625_-120.46875,45810.2,channel
cdec_MKM,38.40625_-120.53125,42283.4,channel
cdec_MKM,38.40625_-120.59375,32818.4,channel
cdec_MKM,38.40625_-120.65625,31827.1,fallback
cdec_MKM,38.46875_-119.78125,128849.5,fallback
cdec_MKM,38.46875_-119.84375,121786.3,fallback
cdec_MKM,38.46875_-119.90625,114752.6,fallback
cdec_MKM,38.46875_-120.03125,100798.3,fallback
cdec_MKM,38.46875_-120.09375,93677.5,channel
cdec_MKM,38.46875_-120.15625,87278.1,channel
cdec_MKM,38.46875_-120.21875,80345.0,channel
cdec_MKM,38.46875_-120.28125,73407.6,channel
cdec_MKM,38.46875_-120.34375,66852.7,channel
cdec_MKM,38.46875_-120.40625,59457.2,channel
cdec_MKM,38.46875_-120.46875,50878.3,channel
cdec_MKM,38.46875_-120.53125,49422.0,channel
cdec_MKM,38.53125_-119.78125,138710.8,channel
cdec_MKM,38.53125_-119.84375,130408.8,channel
cdec_MKM,38.53125_-119.90625,123130.2,channel
cdec_MKM,38.53125_-119.96875,117843.8,channel
cdec_MKM,38.53125_-120.03125,101377.8,channel
cdec_MKM,38.53125_-120.09375,95410.0,channel
cdec_MKM,38.53125_-120.15625,90979.3,channel
cdec_MKM,38.53125_-120.21875,85004.8,channel
cdec_MKM,38.53125_-120.28125,78626.4,channel
cdec_MKM,38.53125_-120.34375,69324.0,channel
cdec_MKM,38.53125_-120.40625,67125.9,center
cdec_MKM,38.53125_-120.46875,60510.0,fallback
cdec_MKM,38.53125_-120.53125,55350.4,fallback
cdec_MKM,38.59375_-119.84375,127788.5,fallback
cdec_MKM,38.59375_-119.90625,126950.2,channel
cdec_MKM,38.59375_-119.96875,114636.1,channel
cdec_MKM,38.59375_-120.03125,109641.9,channel
cdec_MKM,38.59375_-120.09375,99449.3,channel
cdec_MKM,38.59375_-120.15625,95279.7,channel
cdec_MKM,38.59375_-120.21875,90133.9,channel
cdec_MKM,38.59375_-120.28125,83290.8,fallback
cdec_MKM,38.65625_-119.90625,125217.5,fallback
cdec_MKM,38.65625_-119.96875,123383.4,channel
cdec_MKM,38.65625_-120.03125,118944.2,channel
cdec_MKM,38.65625_-120.09375,106483.5,fallback
cdec_MKM,38.65625_-120.15625,100520.5,fallback
cdec_MKM,38.65625_-120.21875,94743.3,fallback
cdec_MRC,37.46875_-119.46875,140081.6,fallback
cdec_MRC,37.46875_-119.53125,143470.1,channel
cdec_MRC,37.46875_-119.59375,134759.5,channel
cdec_MRC,37.46875_-119.65625,128828.0,channel
cdec_MRC,37.46875_-119.71875,99757.3,fallback
cdec_MRC,37.53125_-119.40625,149735.6,fallback
cdec_MRC,37.53125_-119.46875,139949.4,channel
cdec_MRC,37.53125_-119.53125,133104.6,channel
cdec_MRC,37.53125_-119.59375,126201.1,channel
cdec_MRC,37.53125_-119.65625,118098.0,channel
cdec_MRC,37.53125_-119.71875,116175.6,channel
cdec_MRC,37.53125_-119.78125,100841.8,channel
cdec_MRC,37.53125_-119.84375,78910.7,fallback
cdec_MRC,37.53125_-119.90625,72980.9,channel
cdec_MRC,37.53125_-119.96875,72868.1,channel
cdec_MRC,37.53125_-120.03125,58960.7,channel
cdec_MRC,37.53125_-120.09375,38457.5,fallback
cdec_MRC,37.53125_-120.15625,28355.3,fallback
cdec_MRC,37.53125_-120.21875,18272.2,fallback
cdec_MRC,37.53125_-120.28125,1879.0,channel
cdec_MRC,37.59375_-119.34375,160449.2,fallback
cdec_MRC,37.59375_-119.40625,149337.3,channel
cdec_MRC,37.59375_-119.46875,147696.0,channel
cdec_MRC,37.59375_-119.53125,140768.3,channel
cdec_MRC,37.59375_-119.59375,127804.1,channel
cdec_MRC,37.59375_-119.65625,115225.5,channel
cdec_MRC,37.59375_-119.71875,105293.0,channel
cdec_MRC,37.59375_-119.78125,95354.2,channel
cdec_MRC,37.59375_-119.84375,90248.8,channel
cdec_MRC,37.59375_-119.90625,75487.0,channel
cdec_MRC,37.59375_-119.96875,59147.0,channel
cdec_MRC,37.59375_-120.03125,51465.8,channel
cdec_MRC,37.59375_-120.09375,43295.2,channel
cdec_MRC,37.59375_-120.15625,39045.5,channel
cdec_MRC,37.59375_-120.21875,15095.7,channel
cdec_MRC,37.59375_-120.28125,9358.3,channel
cdec_MRC,37.65625_-119.28125,172023.2,fallback
cdec_MRC,37.65625_-119.34375,157164.0,channel
cdec_MRC,37.65625_-119.40625,156144.3,channel
cdec_MRC,37.65625_-119.46875,140437.5,channel
cdec_MRC,37.65625_-119.53125,133740.9,channel
cdec_MRC,37.65625_-119.59375,120462.4,channel
cdec_MRC,37.65625_-119.65625,125214.5,channel
cdec_MRC,37.65625_-119.71875,98663.7,channel
cdec_MRC,37.65625_-119.78125,91121.2,channel
cdec_MRC,37.65625_-119.84375,83463.3,channel
cdec_MRC,37.65625_-119.90625,70010.4,channel
cdec_MRC,37.65625_-119.96875,68194.5,channel
cdec_MRC,37.65625_-120.03125,54429.5,channel
cdec_MRC,37.65625_-120.09375,60243.3,channel
cdec_MRC,37.65625_-120.15625,34500.0,channel
cdec_MRC,37.65625_-120.21875,26541.2,channel
cdec_MRC,37.65625_-120.28125,18135.2,channel
cdec_MRC,37.65625_-120.34375,26289.7,channel
cdec_MRC,37.71875_-119.28125,158927.6,channel
cdec_MRC,37.71875_-119.34375,150928.5,channel
cdec_MRC,37.71875_-119.40625,143001.9,channel
cdec_MRC,37.71875_-119.46875,135077.5,channel
cdec_MRC,37.71875_-119.53125,126187.2,channel
cdec_MRC,37.71875_-119.59375,116881.1,channel
cdec_MRC,37.71875_-119.65625,109087.2,channel
cdec_MRC,37.71875_-119.71875,101637.4,channel
cdec_MRC,37.71875_-119.78125,97342.0,channel
cdec_MRC,37.71875_-119.84375,83471.5,channel
cdec_MRC,37.71875_-119.90625,80630.3,channel
cdec_MRC,37.71875_-119.96875,73275.6,channel
cdec_MRC,37.71875_-120.03125,66124.8,channel
cdec_MRC,37.71875_-120.09375,78323.9,channel
cdec_MRC,37.71875_-120.15625,42258.5,channel
cdec_MRC,37.71875_-120.21875,31004.5,channel
cdec_MRC,37.71875_-120.28125,29718.2,channel
cdec_MRC,37.71875_-120.34375,40260.9,fallback
cdec_MRC,37.78125_-119.28125,177751.6,fallback
cdec_MRC,37.78125_-119.34375,151871.5,channel
cdec_MRC,37.78125_-119.40625,144178.3,channel
cdec_MRC,37.78125_-119.46875,135127.2,channel
cdec_MRC,37.78125_-119.53125,128172.3,channel
cdec_MRC,37.78125_-119.59375,123141.9,channel
cdec_MRC,37.78125_-119.65625,133448.1,center
cdec_MRC,37.78125_-119.71875,117570.3,center
cdec_MRC,37.78125_-119.78125,103446.4,fallback
cdec_MRC,37.78125_-119.84375,94909.8,fallback
cdec_MRC,37.78125_-119.90625,86710.4,fallback
cdec_MRC,37.78125_-119.96875,86446.2,center
cdec_MRC,37.78125_-120.03125,77046.6,channel
cdec_MRC,37.78125_-120.09375,83749.5,channel
cdec_MRC,37.78125_-120.15625,87443.4,channel
cdec_MRC,37.78125_-120.21875,55987.7,fallback
cdec_MRC,37.84375_-119.34375,172518.0,fallback
cdec_MRC,37.84375_-119.40625,150881.0,center
cdec_MRC,37.84375_-119.46875,140520.7,channel
cdec_MRC,37.84375_-119.53125,140674.6,channel
cdec_MRC,37.84375_-119.59375,132214.4,channel
cdec_MRC,37.84375_-119.65625,127297.2,fallback
cdec_MRC,37.84375_-120.03125,81641.1,fallback
cdec_MRC,37.84375_-120.09375,76086.7,fallback
cdec_MRC,37.90625_-119.53125,151135.6,fallback
cdec_MRC,37.90625_-119.59375,142605.9,fallback
cdec_NHG,38.03125_-120.59375,39654.8,channel
cdec_NHG,38.03125_-120.65625,36483.8,channel
cdec_NHG,38.03125_-120.71875,22530.3,fallback
cdec_NHG,38.03125_-120.78125,19624.4,fallback
cdec_NHG,38.09375_-120.46875,44157.0,fallback
cdec_NHG,38.09375_-120.53125,36501.9,fallback
cdec_NHG,38.09375_-120.59375,29416.1,channel
cdec_NHG,38.09375_-120.65625,24789.6,channel
cdec_NHG,38.09375_-120.71875,14401.7,channel
cdec_NHG,38.09375_-120.78125,4069.9,channel
cdec_NHG,38.09375_-120.84375,10080.6,fallback
cdec_NHG,38.15625_-120.34375,58891.3,fallback
cdec_NHG,38.15625_-120.40625,53197.0,channel
cdec_NHG,38.15625_-120.46875,43558.7,channel
cdec_NHG,38.15625_-120.53125,35305.0,channel
cdec_NHG,38.15625_-120.59375,27348.0,channel
cdec_NHG,38.15625_-120.65625,18083.4,channel
cdec_NHG,38.15625_-120.71875,14196.4,channel
cdec_NHG,38.15625_-120.78125,0.0,channel
cdec_NHG,38.15625_-120.84375,4089.4,fallback
cdec_NHG,38.21875_-120.34375,59835.7,fallback
cdec_NHG,38.21875_-120.40625,51585.9,channel
cdec_NHG,38.21875_-120.46875,46132.5,channel
cdec_NHG,38.21875_-120.53125,40008.1,channel
cdec_NHG,38.21875_-120.59375,25026.5,channel
cdec_NHG,38.21875_-120.65625,21045.1,channel
cdec_NHG,38.21875_-120.71875,9273.5,channel
cdec_NHG,38.21875_-120.78125,8520.0,channel
cdec_NHG,38.28125_-120.28125,69847.1,fallback
cdec_NHG,38.28125_-120.34375,61947.9,channel
cdec_NHG,38.28125_-120.40625,58882.7,channel
cdec_NHG,38.28125_-120.46875,48744.6,channel
cdec_NHG,38.28125_-120.53125,42012.6,channel
cdec_NHG,38.28125_-120.59375,36211.0,channel
cdec_NHG,38.28125_-120.65625,25147.8,channel
cdec_NHG,38.28125_-120.71875,22536.9,channel
cdec_NHG,38.34375_-120.28125,73415.6,fallback
cdec_NHG,38.34375_-120.40625,59518.8,fallback
cdec_NHG,38.34375_-120.46875,52951.1,fallback
cdec_NHG,38.34375_-120.53125,46781.2,fallback
cdec_NHG,38.34375_-120.59375,41188.5,fallback
cdec_NHG,38.34375_-120.65625,36439.5,fallback
cdec_NML,37.90625_-120.46875,9299.2,fallback
cdec_NML,37.90625_-120.53125,6443.8,fallback
cdec_NML,37.96875_-120.40625,14542.5,fallback
cdec_NML,37.96875_-120.46875,10599.2,channel
cdec_NML,37.96875_-120.53125,5011.1,center
cdec_NML,37.96875_-120.59375,8760.1,fallback
cdec_NML,38.03125_-120.21875,38706.2,fallback
cdec_NML,38.03125_-120.28125,31733.4,fallback
cdec_NML,38.03125_-120.34375,25048.4,fallback
cdec_NML,38.03125_-120.40625,22391.8,channel
cdec_NML,38.03125_-120.46875,11087.6,channel
cdec_NML,38.03125_-120.53125,8412.6,channel
cdec_NML,38.03125_-120.59375,14556.4,channel
cdec_NML,38.09375_-120.09375,56041.5,fallback
cdec_NML,38.09375_-120.15625,55192.7,channel
cdec_NML,38.09375_-120.21875,48046.3,channel
cdec_NML,38.09375_-120.28125,38307.3,channel
cdec_NML,38.09375_-120.34375,30437.4,channel
cdec_NML,38.09375_-120.40625,23178.2,channel
cdec_NML,38.09375_-120.46875,19844.9,channel
cdec_NML,38.09375_-120.53125,17269.0,channel
cdec_NML,38.09375_-120.59375,23503.9,fallback
cdec_NML,38.15625_-119.96875,73525.7,fallback
cdec_NML,38.15625_-120.03125,74264.5,channel
cdec_NML,38.15625_-120.09375,64323.1,channel
cdec_NML,38.15625_-120.15625,57903.6,channel
cdec_NML,38.15625_-120.21875,51572.9,channel
cdec_NML,38.15625_-120.28125,44756.6,channel
cdec_NML,38.15625_-120.34375,34899.8,channel
cdec_NML,38.15625_-120.40625,32873.6,channel
cdec_NML,38.15625_-120.46875,32217.0,fallback
cdec_NML,38.21875_-119.59375,118475.3,fallback
cdec_NML,38.21875_-119.65625,111506.3,fallback
cdec_NML,38.21875_-119.71875,126716.3,channel
cdec_NML,38.21875_-119.78125,128409.5,channel
cdec_NML,38.21875_-119.84375,96692.3,channel
cdec_NML,38.21875_-119.90625,89194.9,channel
cdec_NML,38.21875_-119.96875,81785.9,channel
cdec_NML,38.21875_-120.03125,71736.2,channel
cdec_NML,38.21875_-120.09375,66167.6,channel
cdec_NML,38.21875_-120.15625,62768.6,channel
cdec_NML,38.21875_-120.21875,54424.4,channel
cdec_NML,38.21875_-120.28125,49861.3,channel
cdec_NML,38.21875_-120.34375,45119.9,channel
cdec_NML,38.21875_-120.40625,43369.5,fallback
cdec_NML,38.28125_-119.59375,122034.4,fallback
cdec_NML,38.28125_-119.65625,126141.8,channel
cdec_NML,38.28125_-119.71875,117499.2,channel
cdec_NML,38.28125_-119.78125,115484.7,channel
cdec_NML,38.28125_-119.84375,110406.0,channel
cdec_NML,38.28125_-119.90625,92186.4,channel
cdec_NML,38.28125_-119.96875,85901.5,channel
cdec_NML,38.28125_-120.03125,77211.6,channel
cdec_NML,38.28125_-120.09375,69809.7,channel
cdec_NML,38.28125_-120.15625,68543.5,channel
cdec_NML,38.28125_-120.21875,62012.1,channel
cdec_NML,38.28125_-120.28125,55423.8,channel
cdec_NML,38.28125_-120.34375,54903.9,fallback
cdec_NML,38.34375_-119.65625,124243.3,channel
cdec_NML,38.34375_-119.71875,116378.2,channel
cdec_NML,38.34375_-119.78125,108318.2,channel
cdec_NML,38.34375_-119.84375,100968.4,channel
cdec_NML,38.34375_-119.90625,94055.3,channel
cdec_NML,38.34375_-119.96875,86662.9,channel
cdec_NML,38.34375_-120.03125,87939.1,channel
cdec_NML,38.34375_-120.09375,76257.4,channel
cdec_NML,38.34375_-120.15625,73485.6,channel
cdec_NML,38.34375_-120.21875,65918.1,channel
cdec_NML,38.34375_-120.28125,66620.0,fallback
cdec_NML,38.40625_-119.65625,124678.1,fallback
cdec_NML,38.40625_-119.71875,117093.0,channel
cdec_NML,38.40625_-119.78125,108690.4,channel
cdec_NML,38.40625_-119.84375,105010.3,channel
cdec_NML,38.40625_-119.90625,103536.6,channel
cdec_NML,38.40625_-119.96875,96737.7,channel
cdec_NML,38.40625_-120.03125,89901.2,channel
cdec_NML,38.40625_-120.09375,82365.3,channel
cdec_NML,38.40625_-120.15625,76209.6,channel
cdec_NML,38.40625_-120.21875,78434.5,fallback
cdec_NML,38.46875_-119.65625,130157.0,fallback
cdec_NML,38.46875_-119.71875,124316.2,fallback
cdec_NML,38.46875_-119.78125,116271.5,channel
cdec_NML,38.46875_-119.84375,111687.5,channel
cdec_NML,38.46875_-119.90625,111354.7,channel
cdec_NML,38.46875_-119.96875,101179.1,channel
cdec_NML,38.46875_-120.03125,95801.2,channel
cdec_NML,38.46875_-120.09375,94156.5,fallback
cdec_NML,38.46875_-120.15625,90307.4,fallback
cdec_NML,38.53125_-119.84375,119974.8,fallback
cdec_NML,38.53125_-119.90625,115071.0,fallback
cdec_NML,38.53125_-119.96875,110451.3,fallback
cdec_NML,38.53125_-120.03125,106153.1,fallback
cdec_ORO,39.46875_-120.28125,189489.4,fallback
cdec_ORO,39.46875_-120.34375,180159.8,fallback
cdec_ORO,39.46875_-120.40625,170831.7,fallback
cdec_ORO,39.46875_-121.28125,41012.0,fallback
cdec_ORO,39.46875_-121.34375,32051.7,fallback
cdec_ORO,39.46875_-121.40625,23393.7,fallback
cdec_ORO,39.53125_-120.09375,217152.6,fallback
cdec_ORO,39.53125_-120.15625,207813.1,fallback
cdec_ORO,39.53125_-120.21875,198473.6,fallback
cdec_ORO,39.53125_-120.28125,225973.5,center
cdec_ORO,39.53125_-120.34375,215720.3,channel
cdec_ORO,39.53125_-120.40625,217038.3,channel
cdec_ORO,39.53125_-120.46875,161116.0,fallback
cdec_ORO,39.53125_-121.09375,67730.1,fallback
cdec_ORO,39.53125_-121.15625,51197.9,center
cdec_ORO,39.53125_-121.21875,38047.1,channel
cdec_ORO,39.53125_-121.28125,29548.8,channel
cdec_ORO,39.53125_-121.34375,22441.9,channel
cdec_ORO,39.53125_-121.40625,14875.7,channel
cdec_ORO,39.53125_-121.46875,7157.2,channel
cdec_ORO,39.53125_-121.53125,2439.6,center
cdec_ORO,39.59375_-120.09375,224220.0,channel
cdec_ORO,39.59375_-120.15625,214377.0,channel
cdec_ORO,39.59375_-120.21875,212969.2,channel
cdec_ORO,39.59375_-120.28125,216293.6,channel
cdec_ORO,39.59375_-120.34375,207106.8,channel
cdec_ORO,39.59375_-120.40625,206908.5,channel
cdec_ORO,39.59375_-120.46875,214368.5,channel
cdec_ORO,39.59375_-121.03125,78262.0,fallback
cdec_ORO,39.59375_-121.09375,53635.9,channel
cdec_ORO,39.59375_-121.15625,46066.9,channel
cdec_ORO,39.59375_-121.21875,45384.5,channel
cdec_ORO,39.59375_-121.28125,31027.5,channel
cdec_ORO,39.59375_-121.34375,22402.2,channel
cdec_ORO,39.59375_-121.40625,18509.4,channel
cdec_ORO,39.59375_-121.46875,12394.2,channel
cdec_ORO,39.59375_-121.53125,9291.8,channel
cdec_ORO,39.65625_-120.09375,218507.3,fallback
cdec_ORO,39.65625_-120.15625,213192.6,channel
cdec_ORO,39.65625_-120.21875,204164.3,channel
cdec_ORO,39.65625_-120.28125,199909.6,channel
cdec_ORO,39.65625_-120.34375,198405.1,channel
cdec_ORO,39.65625_-120.40625,202488.0,channel
cdec_ORO,39.65625_-120.46875,213969.1,channel
cdec_ORO,39.65625_-120.53125,153849.9,fallback
cdec_ORO,39.65625_-120.59375,144661.7,fallback
cdec_ORO,39.65625_-120.65625,135493.1,fallback
cdec_ORO,39.65625_-120.71875,126348.3,fallback
cdec_ORO,39.65625_-121.03125,71428.8,center
cdec_ORO,39.65625_-121.09375,58015.9,channel
cdec_ORO,39.65625_-121.15625,56543.9,channel
cdec_ORO,39.65625_-121.21875,42748.0,channel
cdec_ORO,39.65625_-121.28125,34969.2,channel
cdec_ORO,39.65625_-121.34375,41708.4,channel
cdec_ORO,39.65625_-121.40625,32434.9,channel
cdec_ORO,39.65625_-121.46875,20372.8,channel
cdec_ORO,39.65625_-121.53125,22800.8,channel
cdec_ORO,39.65625_-121.59375,26974.6,fallback
cdec_ORO,39.71875_-120.09375,220182.5,fallback
cdec_ORO,39.71875_-120.15625,210773.8,channel
cdec_ORO,39.71875_-120.21875,202764.8,channel
cdec_ORO,39.71875_-120.28125,192317.9,channel
cdec_ORO,39.71875_-120.34375,190057.5,channel
cdec_ORO,39.71875_-120.40625,196203.6,channel
cdec_ORO,39.71875_-120.46875,203146.5,channel
cdec_ORO,39.71875_-120.53125,151203.4,channel
cdec_ORO,39.71875_-120.59375,147342.0,channel
cdec_ORO,39.71875_-120.65625,150684.3,channel
cdec_ORO,39.71875_-120.71875,144026.2,channel
cdec_ORO,39.71875_-120.78125,130955.7,center
cdec_ORO,39.71875_-120.84375,111646.3,fallback
cdec_ORO,39.71875_-120.90625,102929.9,fallback
cdec_ORO,39.71875_-120.96875,83738.8,center
cdec_ORO,39.71875_-121.03125,69691.6,channel
cdec_ORO,39.71875_-121.09375,69644.1,channel
cdec_ORO,39.71875_-121.15625,62776.4,channel
cdec_ORO,39.71875_-121.21875,53674.9,channel
cdec_ORO,39.71875_-121.28125,46748.7,channel
cdec_ORO,39.71875_-121.34375,40881.8,channel
cdec_ORO,39.71875_-121.40625,36266.0,channel
cdec_ORO,39.71875_-121.46875,42863.1,channel
cdec_ORO,39.71875_-121.53125,33937.5,channel
cdec_ORO,39.71875_-121.59375,35022.4,channel
cdec_ORO,39.78125_-120.09375,222505.1,fallback
cdec_ORO,39.78125_-120.15625,210769.1,channel
cdec_ORO,39.78125_-120.21875,200709.8,channel
cdec_ORO,39.78125_-120.28125,200670.8,channel
cdec_ORO,39.78125_-120.34375,180939.0,channel
cdec_ORO,39.78125_-120.40625,179653.5,channel
cdec_ORO,39.78125_-120.46875,164931.0,channel
cdec_ORO,39.78125_-120.53125,151549.0,channel
cdec_ORO,39.78125_-120.59375,141670.2,channel
cdec_ORO,39.78125_-120.65625,134079.2,channel
cdec_ORO,39.78125_-120.71875,141596.5,channel
cdec_ORO,39.78125_-120.78125,117595.0,channel
cdec_ORO,39.78125_-120.84375,115890.3,channel
cdec_ORO,39.78125_-120.90625,96404.8,channel
cdec_ORO,39.78125_-120.96875,88414.0,channel
cdec_ORO,39.78125_-121.03125,80516.8,channel
cdec_ORO,39.78125_-121.09375,72361.0,channel
cdec_ORO,39.78125_-121.15625,63109.3,channel
cdec_ORO,39.78125_-121.21875,69639.2,channel
cdec_ORO,39.78125_-121.28125,61626.0,channel
cdec_ORO,39.78125_-121.34375,50970.5,channel
cdec_ORO,39.78125_-121.40625,60134.3,channel
cdec_ORO,39.78125_-121.46875,51070.3,channel
cdec_ORO,39.78125_-121.53125,43434.3,channel
cdec_ORO,39.78125_-121.59375,42648.4,channel
cdec_ORO,39.84375_-120.09375,225454.8,fallback
cdec_ORO,39.84375_-120.15625,212879.2,channel
cdec_ORO,39.84375_-120.21875,197888.2,channel
cdec_ORO,39.84375_-120.28125,193118.9,channel
cdec_ORO,39.84375_-120.34375,187400.3,channel
cdec_ORO,39.84375_-120.40625,172224.9,channel
cdec_ORO,39.84375_-120.46875,169897.1,channel
cdec_ORO,39.84375_-120.53125,166129.5,channel
cdec_ORO,39.84375_-120.59375,161857.0,channel
cdec_ORO,39.84375_-120.65625,128007.9,channel
cdec_ORO,39.84375_-120.71875,120952.3,channel
cdec_ORO,39.84375_-120.78125,114123.9,channel
cdec_ORO,39.84375_-120.84375,105693.6,channel
cdec_ORO,39.84375_-120.90625,98450.7,channel
cdec_ORO,39.84375_-120.96875,89663.2,channel
cdec_ORO,39.84375_-121.03125,83214.4,channel
cdec_ORO,39.84375_-121.09375,81605.3,channel
cdec_ORO,39.84375_-121.15625,73916.4,channel
cdec_ORO,39.84375_-121.21875,93782.8,channel
cdec_ORO,39.84375_-121.28125,79859.2,channel
cdec_ORO,39.84375_-121.34375,71858.6,channel
cdec_ORO,39.84375_-121.40625,61306.1,channel
cdec_ORO,39.84375_-121.46875,63030.4,channel
cdec_ORO,39.84375_-121.53125,54312.0,channel
cdec_ORO,39.84375_-121.59375,51459.9,channel
cdec_ORO,39.90625_-120.09375,229007.6,fallback
cdec_ORO,39.90625_-120.15625,222946.1,channel
cdec_ORO,39.90625_-120.21875,223615.6,channel
cdec_ORO,39.90625_-120.28125,233559.5,channel
cdec_ORO,39.90625_-120.34375,227863.8,channel
cdec_ORO,39.90625_-120.40625,221001.8,channel
cdec_ORO,39.90625_-120.46875,182682.6,channel
cdec_ORO,39.90625_-120.53125,187709.6,channel
cdec_ORO,39.90625_-120.59375,196876.8,channel
cdec_ORO,39.90625_-120.65625,131184.4,channel
cdec_ORO,39.90625_-120.71875,127667.6,channel
cdec_ORO,39.90625_-120.78125,167380.8,channel
cdec_ORO,39.90625_-120.84375,160369.1,channel
cdec_ORO,39.90625_-120.90625,161258.7,channel
cdec_ORO,39.90625_-120.96875,177389.8,channel
cdec_ORO,39.90625_-121.03125,168347.7,channel
cdec_ORO,39.90625_-121.09375,172690.5,channel
cdec_ORO,39.90625_-121.15625,96814.3,channel
cdec_ORO,39.90625_-121.21875,89172.2,channel
cdec_ORO,39.90625_-121.28125,81565.7,channel
cdec_ORO,39.90625_-121.34375,72710.4,channel
cdec_ORO,39.90625_-121.40625,83459.2,channel
cdec_ORO,39.90625_-121.46875,66826.5,channel
cdec_ORO,39.90625_-121.53125,65306.4,channel
cdec_ORO,39.90625_-121.59375,74812.3,fallback
cdec_ORO,39.96875_-120.09375,233135.8,fallback
cdec_ORO,39.96875_-120.15625,239676.7,channel
cdec_ORO,39.96875_-120.21875,231874.3,channel
cdec_ORO,39.96875_-120.28125,241048.8,channel
cdec_ORO,39.96875_-120.34375,227704.4,channel
cdec_ORO,39.96875_-120.40625,218765.1,channel
cdec_ORO,39.96875_-120.46875,210112.8,channel
cdec_ORO,39.96875_-120.53125,201938.8,channel
cdec_ORO,39.96875_-120.59375,198736.0,channel
cdec_ORO,39.96875_-120.65625,188417.8,channel
cdec_ORO,39.96875_-120.71875,178732.1,channel
cdec_ORO,39.96875_-120.78125,172359.8,channel
cdec_ORO,39.96875_-120.84375,159300.3,channel
cdec_ORO,39.96875_-120.90625,146494.3,channel
cdec_ORO,39.96875_-120.96875,146322.0,channel
cdec_ORO,39.96875_-121.03125,163247.9,channel
cdec_ORO,39.96875_-121.09375,171730.8,channel
cdec_ORO,39.96875_-121.15625,109187.4,channel
cdec_ORO,39.96875_-121.21875,102602.7,channel
cdec_ORO,39.96875_-121.28125,83500.2,channel
cdec_ORO,39.96875_-121.34375,83217.8,channel
cdec_ORO,39.96875_-121.40625,85996.2,channel
cdec_ORO,39.96875_-121.46875,78124.7,channel
cdec_ORO,39.96875_-121.53125,75380.4,channel
cdec_ORO,40.03125_-120.15625,229375.4,fallback
cdec_ORO,40.03125_-120.21875,241118.8,channel
cdec_ORO,40.03125_-120.28125,245970.6,channel
cdec_ORO,40.03125_-120.34375,234572.7,channel
cdec_ORO,40.03125_-120.40625,212382.5,channel
cdec_ORO,40.03125_-120.46875,204644.3,channel
cdec_ORO,40.03125_-120.53125,197382.3,channel
cdec_ORO,40.03125_-120.59375,188529.6,channel
cdec_ORO,40.03125_-120.65625,183020.5,channel
cdec_ORO,40.03125_-120.71875,173422.6,channel
cdec_ORO,40.03125_-120.78125,164971.6,channel
cdec_ORO,40.03125_-120.84375,161815.5,channel
cdec_ORO,40.03125_-120.90625,146627.8,channel
cdec_ORO,40.03125_-120.96875,130746.0,channel
cdec_ORO,40.03125_-121.03125,122522.1,channel
cdec_ORO,40.03125_-121.09375,114207.0,channel
cdec_ORO,40.03125_-121.15625,106881.6,channel
cdec_ORO,40.03125_-121.21875,97622.2,channel
cdec_ORO,40.03125_-121.28125,95185.5,channel
cdec_ORO,40.03125_-121.34375,101472.6,channel
cdec_ORO,40.03125_-121.40625,102279.2,channel
cdec_ORO,40.03125_-121.46875,93579.8,channel
cdec_ORO,40.03125_-121.53125,85210.5,channel
cdec_ORO,40.09375_-120.21875,226599.4,fallback
cdec_ORO,40.09375_-120.28125,239795.8,channel
cdec_ORO,40.09375_-120.34375,231720.5,channel
cdec_ORO,40.09375_-120.40625,222869.4,channel
cdec_ORO,40.09375_-120.46875,215028.8,channel
cdec_ORO,40.09375_-120.53125,198284.1,channel
cdec_ORO,40.09375_-120.59375,192286.0,channel
cdec_ORO,40.09375_-120.65625,181113.2,channel
cdec_ORO,40.09375_-120.71875,180425.0,channel
cdec_ORO,40.09375_-120.78125,160464.6,channel
cdec_ORO,40.09375_-120.84375,152549.5,channel
cdec_ORO,40.09375_-120.90625,143216.1,channel
cdec_ORO,40.09375_-120.96875,140542.9,channel
cdec_ORO,40.09375_-121.03125,125608.5,channel
cdec_ORO,40.09375_-121.09375,119111.0,channel
cdec_ORO,40.09375_-121.15625,110482.2,channel
cdec_ORO,40.09375_-121.21875,109144.5,channel
cdec_ORO,40.09375_-121.28125,109594.9,channel
cdec_ORO,40.09375_-121.34375,116880.7,channel
cdec_ORO,40.09375_-121.40625,112769.0,fallback
cdec_ORO,40.09375_-121.46875,111419.0,fallback
cdec_ORO,40.15625_-120.34375,217117.7,fallback
cdec_ORO,40.15625_-120.40625,225626.6,channel
cdec_ORO,40.15625_-120.46875,219276.3,channel
cdec_ORO,40.15625_-120.53125,215674.5,channel
cdec_ORO,40.15625_-120.59375,193155.1,channel
cdec_ORO,40.15625_-120.65625,192619.8,channel
cdec_ORO,40.15625_-120.71875,200638.2,channel
cdec_ORO,40.15625_-120.78125,161781.5,channel
cdec_ORO,40.15625_-120.84375,161308.2,channel
cdec_ORO,40.15625_-120.90625,152261.9,channel
cdec_ORO,40.15625_-120.96875,158674.5,channel
cdec_ORO,40.15625_-121.03125,168374.0,channel
cdec_ORO,40.15625_-121.09375,127489.1,channel
cdec_ORO,40.15625_-121.15625,123123.1,channel
cdec_ORO,40.15625_-121.21875,128759.9,channel
cdec_ORO,40.15625_-121.28125,141014.9,channel
cdec_ORO,40.15625_-121.34375,149084.7,channel
cdec_ORO,40.15625_-121.40625,155687.5,channel
cdec_ORO,40.15625_-121.46875,123468.1,fallback
cdec_ORO,40.21875_-120.46875,225731.7,channel
cdec_ORO,40.21875_-120.53125,224675.2,channel
cdec_ORO,40.21875_-120.59375,201976.9,channel
cdec_ORO,40.21875_-120.65625,204521.1,channel
cdec_ORO,40.21875_-120.71875,178837.4,channel
cdec_ORO,40.21875_-120.78125,170098.8,channel
cdec_ORO,40.21875_-120.84375,171725.8,channel
cdec_ORO,40.21875_-120.90625,167290.3,channel
cdec_ORO,40.21875_-120.96875,166799.8,channel
cdec_ORO,40.21875_-121.03125,171215.9,channel
cdec_ORO,40.21875_-121.09375,136997.6,channel
cdec_ORO,40.21875_-121.15625,143567.6,channel
cdec_ORO,40.21875_-121.21875,132310.0,channel
cdec_ORO,40.21875_-121.28125,141561.9,channel
cdec_ORO,40.21875_-121.34375,148419.8,channel
cdec_ORO,40.21875_-121.40625,136637.8,fallback
cdec_ORO,40.21875_-121.46875,135527.8,fallback
cdec_ORO,40.28125_-120.53125,210790.4,fallback
cdec_ORO,40.28125_-120.59375,215901.5,center
cdec_ORO,40.28125_-120.65625,212320.3,channel
cdec_ORO,40.28125_-120.71875,180897.6,channel
cdec_ORO,40.28125_-120.78125,180216.5,channel
cdec_ORO,40.28125_-120.84375,172995.7,channel
cdec_ORO,40.28125_-120.90625,166057.6,channel
cdec_ORO,40.28125_-120.96875,159275.6,channel
cdec_ORO,40.28125_-121.03125,152137.0,channel
cdec_ORO,40.28125_-121.09375,144692.6,channel
cdec_ORO,40.28125_-121.15625,150611.9,channel
cdec_ORO,40.28125_-121.21875,152318.9,channel
cdec_ORO,40.28125_-121.28125,162655.6,channel
cdec_ORO,40.28125_-121.34375,183896.2,center
cdec_ORO,40.34375_-120.71875,201228.1,fallback
cdec_ORO,40.34375_-120.78125,195690.0,fallback
cdec_ORO,40.34375_-120.84375,190443.8,fallback
cdec_ORO,40.34375_-120.90625,170719.2,channel
cdec_ORO,40.34375_-120.96875,168116.3,channel
cdec_ORO,40.34375_-121.03125,163001.1,channel
cdec_ORO,40.34375_-121.09375,153303.3,channel
cdec_ORO,40.34375_-121.15625,162621.8,channel
cdec_ORO,40.34375_-121.21875,158631.1,channel
cdec_ORO,40.34375_-121.28125,166781.1,channel
cdec_ORO,40.34375_-121.34375,172570.4,channel
cdec_ORO,40.34375_-121.40625,179950.5,channel
cdec_ORO,40.34375_-121.46875,186867.5,channel
cdec_ORO,40.40625_-120.84375,200654.2,fallback
cdec_ORO,40.40625_-120.90625,195985.9,fallback
cdec_ORO,40.40625_-120.96875,186933.1,center
cdec_ORO,40.40625_-121.03125,172841.7,channel
cdec_ORO,40.40625_-121.09375,182807.8,channel
cdec_ORO,40.40625_-121.15625,171554.9,channel
cdec_ORO,40.40625_-121.21875,179070.8,channel
cdec_ORO,40.40625_-121.28125,176766.4,channel
cdec_ORO,40.40625_-121.34375,179109.1,channel
cdec_ORO,40.40625_-121.40625,184611.8,channel
cdec_ORO,40.40625_-121.46875,191322.5,channel
cdec_ORO,40.46875_-121.03125,198784.3,fallback
cdec_ORO,40.46875_-121.09375,185265.3,channel
cdec_ORO,40.46875_-121.15625,196077.4,center
cdec_ORO,40.46875_-121.21875,182618.8,channel
cdec_ORO,40.46875_-121.28125,187652.3,fallback
cdec_ORO,40.46875_-121.34375,187199.0,channel
cdec_ORO,40.46875_-121.40625,190376.7,channel
cdec_ORO,40.46875_-121.46875,198150.1,channel
cdec_ORO,40.46875_-121.53125,183480.8,fallback
cdec_ORO,40.53125_-121.21875,201539.9,fallback
cdec_PNF,36.59375_-118.46875,134657.9,fallback
cdec_PNF,36.59375_-118.53125,122583.0,channel
cdec_PNF,36.59375_-118.59375,117401.3,fallback
cdec_PNF,36.65625_-118.40625,140285.0,fallback
cdec_PNF,36.65625_-118.46875,131351.9,fallback
cdec_PNF,36.65625_-118.53125,113732.5,channel
cdec_PNF,36.65625_-118.59375,112352.1,channel
cdec_PNF,36.65625_-118.65625,115113.2,channel
cdec_PNF,36.65625_-118.71875,96109.6,fallback
cdec_PNF,36.65625_-118.78125,87495.7,fallback
cdec_PNF,36.71875_-118.34375,128814.9,channel
cdec_PNF,36.71875_-118.40625,126131.8,channel
cdec_PNF,36.71875_-118.46875,120128.5,channel
cdec_PNF,36.71875_-118.53125,111825.1,channel
cdec_PNF,36.71875_-118.59375,102354.3,channel
cdec_PNF,36.71875_-118.65625,103458.1,channel
cdec_PNF,36.71875_-118.71875,112772.8,channel
cdec_PNF,36.71875_-118.78125,86176.1,channel
cdec_PNF,36.71875_-118.84375,91378.3,channel
cdec_PNF,36.71875_-118.90625,79735.8,channel
cdec_PNF,36.71875_-118.96875,63267.7,channel
cdec_PNF,36.71875_-119.03125,49139.8,fallback
cdec_PNF,36.78125_-118.34375,145938.4,fallback
cdec_PNF,36.78125_-118.40625,120175.6,channel
cdec_PNF,36.78125_-118.46875,112768.4,channel
cdec_PNF,36.78125_-118.53125,105803.1,channel
cdec_PNF,36.78125_-118.59375,97461.0,channel
cdec_PNF,36.78125_-118.65625,90124.3,channel
cdec_PNF,36.78125_-118.71875,83193.8,channel
cdec_PNF,36.78125_-118.78125,76013.0,channel
cdec_PNF,36.78125_-118.84375,75642.3,channel
cdec_PNF,36.78125_-118.90625,70209.3,channel
cdec_PNF,36.78125_-118.96875,61268.8,channel
cdec_PNF,36.78125_-119.03125,52364.3,channel
cdec_PNF,36.78125_-119.09375,53350.1,channel
cdec_PNF,36.78125_-119.15625,27773.8,fallback
cdec_PNF,36.78125_-119.28125,12018.4,fallback
cdec_PNF,36.84375_-118.34375,145616.2,fallback
cdec_PNF,36.84375_-118.40625,126856.1,channel
cdec_PNF,36.84375_-118.46875,119921.4,channel
cdec_PNF,36.84375_-118.53125,110140.0,channel
cdec_PNF,36.84375_-118.59375,103441.6,channel
cdec_PNF,36.84375_-118.65625,91232.5,channel
cdec_PNF,36.84375_-118.71875,85801.8,channel
cdec_PNF,36.84375_-118.78125,76705.0,channel
cdec_PNF,36.84375_-118.84375,67009.7,channel
cdec_PNF,36.84375_-118.90625,59969.5,channel
cdec_PNF,36.84375_-118.96875,52904.2,channel
cdec_PNF,36.84375_-119.03125,45338.5,channel
cdec_PNF,36.84375_-119.09375,37210.5,channel
cdec_PNF,36.84375_-119.15625,34008.9,channel
cdec_PNF,36.84375_-119.21875,22638.0,channel
cdec_PNF,36.84375_-119.28125,4495.2,channel
cdec_PNF,36.84375_-119.34375,2729.0,fallback
cdec_PNF,36.90625_-118.34375,146196.2,fallback
cdec_PNF,36.90625_-118.40625,127357.6,channel
cdec_PNF,36.90625_-118.46875,120752.8,channel
cdec_PNF,36.90625_-118.53125,118996.4,channel
cdec_PNF,36.90625_-118.59375,106157.2,channel
cdec_PNF,36.90625_-118.65625,103593.6,channel
cdec_PNF,36.90625_-118.71875,86952.5,channel
cdec_PNF,36.90625_-118.78125,76780.6,channel
cdec_PNF,36.90625_-118.84375,86916.9,channel
cdec_PNF,36.90625_-118.90625,61490.0,channel
cdec_PNF,36.90625_-118.96875,60122.4,channel
cdec_PNF,36.90625_-119.03125,48412.5,channel
cdec_PNF,36.90625_-119.09375,38034.0,channel
cdec_PNF,36.90625_-119.15625,28088.1,channel
cdec_PNF,36.90625_-119.21875,19702.5,channel
cdec_PNF,36.90625_-119.28125,11633.4,channel
cdec_PNF,36.90625_-119.34375,26161.3,channel
cdec_PNF,36.90625_-119.40625,34181.2,channel
cdec_PNF,36.96875_-118.40625,140868.3,center
cdec_PNF,36.96875_-118.46875,129223.0,channel
cdec_PNF,36.96875_-118.53125,128480.9,channel
cdec_PNF,36.96875_-118.59375,103774.3,channel
cdec_PNF,36.96875_-118.65625,94400.6,channel
cdec_PNF,36.96875_-118.71875,89969.6,channel
cdec_PNF,36.96875_-118.78125,87295.9,channel
cdec_PNF,36.96875_-118.84375,89709.9,channel
cdec_PNF,36.96875_-118.90625,65393.3,channel
cdec_PNF,36.96875_-118.96875,60418.1,channel
cdec_PNF,36.96875_-119.03125,57090.4,channel
cdec_PNF,36.96875_-119.09375,52128.2,channel
cdec_PNF,36.96875_-119.15625,46354.8,channel
cdec_PNF,36.96875_-119.21875,26371.9,channel
cdec_PNF,36.96875_-119.28125,33890.1,channel
cdec_PNF,36.96875_-119.34375,28241.8,channel
cdec_PNF,36.96875_-119.40625,41062.2,center
cdec_PNF,37.03125_-118.40625,141133.0,fallback
cdec_PNF,37.03125_-118.46875,124084.8,channel
cdec_PNF,37.03125_-118.53125,117470.5,channel
cdec_PNF,37.03125_-118.59375,108756.5,channel
cdec_PNF,37.03125_-118.65625,106779.8,channel
cdec_PNF,37.03125_-118.71875,113822.3,channel
cdec_PNF,37.03125_-118.78125,93463.5,channel
cdec_PNF,37.03125_-118.84375,90371.0,channel
cdec_PNF,37.03125_-118.90625,72850.9,channel
cdec_PNF,37.03125_-118.96875,66776.4,channel
cdec_PNF,37.03125_-119.03125,65440.1,channel
cdec_PNF,37.03125_-119.09375,56988.9,channel
cdec_PNF,37.03125_-119.15625,60537.7,channel
cdec_PNF,37.03125_-119.21875,37161.1,channel
cdec_PNF,37.03125_-119.28125,38493.4,channel
cdec_PNF,37.03125_-119.34375,36930.1,channel
cdec_PNF,37.03125_-119.40625,38273.2,fallback
cdec_PNF,37.09375_-118.46875,135892.4,fallback
cdec_PNF,37.09375_-118.53125,125069.6,channel
cdec_PNF,37.09375_-118.59375,117326.7,channel
cdec_PNF,37.09375_-118.65625,126136.2,channel
cdec_PNF,37.09375_-118.71875,117402.8,channel
cdec_PNF,37.09375_-118.78125,92601.7,channel
cdec_PNF,37.09375_-118.84375,84277.4,channel
cdec_PNF,37.09375_-118.90625,76871.6,channel
cdec_PNF,37.09375_-118.96875,76240.9,channel
cdec_PNF,37.09375_-119.03125,86331.3,channel
cdec_PNF,37.09375_-119.09375,77788.9,channel
cdec_PNF,37.09375_-119.15625,68255.4,channel
cdec_PNF,37.09375_-119.21875,49068.4,channel
cdec_PNF,37.09375_-119.28125,48919.9,fallback
cdec_PNF,37.09375_-119.34375,48301.5,fallback
cdec_PNF,37.15625_-118.59375,123996.4,fallback
cdec_PNF,37.15625_-118.65625,116052.1,fallback
cdec_PNF,37.15625_-118.78125,100785.6,fallback
cdec_PNF,37.15625_-118.84375,90139.0,channel
cdec_PNF,37.15625_-118.90625,86552.0,channel
cdec_PNF,37.15625_-118.96875,85545.0,channel
cdec_PNF,37.15625_-119.03125,88830.2,channel
cdec_PNF,37.15625_-119.09375,80279.9,channel
cdec_PNF,37.15625_-119.15625,65241.0,fallback
cdec_PNF,37.15625_-119.21875,62133.0,fallback
cdec_PNF,37.21875_-118.90625,94965.1,fallback
cdec_PNF,37.21875_-118.96875,89172.5,fallback
cdec_SCC,35.96875_-118.59375,41538.3,fallback
cdec_SCC,35.96875_-118.65625,34517.9,fallback
cdec_SCC,35.96875_-118.71875,27735.3,fallback
cdec_SCC,35.96875_-118.78125,23678.5,channel
cdec_SCC,35.96875_-118.84375,16120.8,fallback
cdec_SCC,36.03125_-118.59375,43004.7,channel
cdec_SCC,36.03125_-118.65625,33445.5,channel
cdec_SCC,36.03125_-118.71875,24786.3,channel
cdec_SCC,36.03125_-118.78125,17038.9,channel
cdec_SCC,36.03125_-118.84375,6824.9,channel
cdec_SCC,36.03125_-118.90625,4282.3,fallback
cdec_SCC,36.09375_-118.53125,47217.4,fallback
cdec_SCC,36.09375_-118.59375,51439.6,channel
cdec_SCC,36.09375_-118.65625,40264.8,channel
cdec_SCC,36.09375_-118.71875,28382.9,channel
cdec_SCC,36.09375_-118.78125,15373.2,channel
cdec_SCC,36.09375_-118.84375,8303.5,channel
cdec_SCC,36.09375_-118.90625,833.4,channel
cdec_SCC,36.09375_-118.96875,6561.5,channel
cdec_SCC,36.15625_-118.53125,49140.3,fallback
cdec_SCC,36.15625_-118.59375,43547.8,channel
cdec_SCC,36.15625_-118.65625,35126.6,channel
cdec_SCC,36.15625_-118.71875,28184.1,channel
cdec_SCC,36.15625_-118.78125,19915.2,channel
cdec_SCC,36.15625_-118.84375,18710.3,channel
cdec_SCC,36.15625_-118.90625,15731.5,channel
cdec_SCC,36.21875_-118.59375,46121.4,fallback
cdec_SCC,36.21875_-118.65625,38150.7,channel
cdec_SCC,36.21875_-118.71875,33493.5,channel
cdec_SCC,36.21875_-118.78125,27535.8,channel
cdec_SCC,36.21875_-118.84375,31784.9,channel
cdec_SCC,36.21875_-118.90625,24071.5,fallback
cdec_SCC,36.28125_-118.59375,51521.1,fallback
cdec_SCC,36.28125_-118.65625,48319.5,channel
cdec_SCC,36.28125_-118.71875,42008.8,channel
cdec_SCC,36.28125_-118.78125,36160.8,channel
cdec_SCC,36.28125_-118.84375,38576.8,channel
cdec_SCC,36.34375_-118.65625,53113.0,fallback
cdec_SCC,36.34375_-118.71875,48997.6,fallback
cdec_SCC,36.34375_-118.78125,45735.2,fallback
cdec_SHA,40.46875_-121.21875,211713.4,fallback
cdec_SHA,40.46875_-121.28125,244602.8,channel
cdec_SHA,40.46875_-121.34375,249443.0,center
cdec_SHA,40.46875_-121.40625,181143.3,fallback
cdec_SHA,40.46875_-121.46875,171060.4,fallback
cdec_SHA,40.46875_-121.53125,161047.9,fallback
cdec_SHA,40.53125_-121.15625,218791.7,fallback
cdec_SHA,40.53125_-121.21875,208371.7,fallback
cdec_SHA,40.53125_-121.28125,234624.9,channel
cdec_SHA,40.53125_-121.34375,242891.6,channel
cdec_SHA,40.53125_-121.40625,218235.8,channel
cdec_SHA,40.53125_-121.46875,217854.6,channel
cdec_SHA,40.53125_-121.53125,223837.3,channel
cdec_SHA,40.53125_-121.59375,146471.5,fallback
cdec_SHA,40.59375_-121.03125,237537.8,fallback
cdec_SHA,40.59375_-121.09375,226993.9,fallback
cdec_SHA,40.59375_-121.15625,236952.7,channel
cdec_SHA,40.59375_-121.21875,228764.9,channel
cdec_SHA,40.59375_-121.28125,225177.5,channel
cdec_SHA,40.59375_-121.34375,227704.3,channel
cdec_SHA,40.59375_-121.40625,209322.2,channel
cdec_SHA,40.59375_-121.46875,209048.2,channel
cdec_SHA,40.59375_-121.53125,214333.0,channel
cdec_SHA,40.59375_-121.59375,143047.4,fallback
cdec_SHA,40.59375_-121.65625,132644.8,fallback
cdec_SHA,40.65625_-121.03125,236201.5,fallback
cdec_SHA,40.65625_-121.09375,250347.2,channel
cdec_SHA,40.65625_-121.15625,237630.5,channel
cdec_SHA,40.65625_-121.21875,221204.3,channel
cdec_SHA,40.65625_-121.28125,214522.8,channel
cdec_SHA,40.65625_-121.34375,222950.7,channel
cdec_SHA,40.65625_-121.40625,197112.0,channel
cdec_SHA,40.65625_-121.46875,199587.2,channel
cdec_SHA,40.65625_-121.53125,210788.0,channel
cdec_SHA,40.65625_-121.59375,140936.7,fallback
cdec_SHA,40.65625_-121.65625,130376.1,fallback
cdec_SHA,40.65625_-121.71875,119825.3,fallback
cdec_SHA,40.71875_-120.96875,246300.6,fallback
cdec_SHA,40.71875_-121.03125,235690.5,fallback
cdec_SHA,40.71875_-121.09375,225080.4,fallback
cdec_SHA,40.71875_-121.15625,235018.2,channel
cdec_SHA,40.71875_-121.21875,224290.7,channel
cdec_SHA,40.71875_-121.28125,211683.9,channel
cdec_SHA,40.71875_-121.34375,203456.7,channel
cdec_SHA,40.71875_-121.40625,190639.2,channel
cdec_SHA,40.71875_-121.46875,184138.0,channel
cdec_SHA,40.71875_-121.53125,189373.8,channel
cdec_SHA,40.71875_-121.59375,197576.0,channel
cdec_SHA,40.71875_-121.65625,185862.0,channel
cdec_SHA,40.71875_-121.71875,177122.1,channel
cdec_SHA,40.71875_-121.78125,108367.8,fallback
cdec_SHA,40.71875_-122.09375,55316.2,fallback
cdec_SHA,40.71875_-122.15625,28671.9,channel
cdec_SHA,40.71875_-122.21875,26628.6,channel
cdec_SHA,40.71875_-122.28125,23485.7,fallback
cdec_SHA,40.71875_-122.34375,12876.4,fallback
cdec_SHA,40.71875_-122.40625,1660.4,center
cdec_SHA,40.71875_-122.46875,8865.5,center
cdec_SHA,40.71875_-122.53125,18958.9,fallback
cdec_SHA,40.78125_-120.90625,257184.8,fallback
cdec_SHA,40.78125_-120.96875,232082.5,channel
cdec_SHA,40.78125_-121.03125,231324.3,channel
cdec_SHA,40.78125_-121.09375,228922.5,channel
cdec_SHA,40.78125_-121.15625,227836.2,channel
cdec_SHA,40.78125_-121.21875,213493.9,channel
cdec_SHA,40.78125_-121.28125,211827.4,channel
cdec_SHA,40.78125_-121.34375,196981.7,channel
cdec_SHA,40.78125_-121.40625,188841.1,channel
cdec_SHA,40.78125_-121.46875,181276.8,channel
cdec_SHA,40.78125_-121.53125,174646.1,channel
cdec_SHA,40.78125_-121.59375,140855.2,fallback
cdec_SHA,40.78125_-121.65625,172336.9,channel
cdec_SHA,40.78125_-121.71875,167802.8,channel
cdec_SHA,40.78125_-121.78125,174994.9,channel
cdec_SHA,40.78125_-121.84375,98744.6,fallback
cdec_SHA,40.78125_-121.90625,88263.5,fallback
cdec_SHA,40.78125_-121.96875,77816.0,fallback
cdec_SHA,40.78125_-122.03125,67417.9,fallback
cdec_SHA,40.78125_-122.09375,35639.3,channel
cdec_SHA,40.78125_-122.15625,32899.9,channel
cdec_SHA,40.78125_-122.21875,21121.2,channel
cdec_SHA,40.78125_-122.28125,14755.8,channel
cdec_SHA,40.78125_-122.34375,7833.4,channel
cdec_SHA,40.78125_-122.40625,6585.6,channel
cdec_SHA,40.78125_-122.46875,12880.8,channel
cdec_SHA,40.78125_-122.53125,23707.6,fallback
cdec_SHA,40.84375_-120.84375,252443.2,center
cdec_SHA,40.84375_-120.90625,237660.7,channel
cdec_SHA,40.84375_-120.96875,229981.6,channel
cdec_SHA,40.84375_-121.03125,222657.7,channel
cdec_SHA,40.84375_-121.09375,219649.7,channel
cdec_SHA,40.84375_-121.15625,208491.3,channel
cdec_SHA,40.84375_-121.21875,208723.9,channel
cdec_SHA,40.84375_-121.28125,202415.7,channel
cdec_SHA,40.84375_-121.34375,184641.4,fallback
cdec_SHA,40.84375_-121.40625,174173.5,fallback
cdec_SHA,40.84375_-121.46875,173943.0,channel
cdec_SHA,40.84375_-121.53125,162653.1,channel
cdec_SHA,40.84375_-121.59375,170231.7,center
cdec_SHA,40.84375_-121.65625,154266.5,channel
cdec_SHA,40.84375_-121.71875,155934.7,channel
cdec_SHA,40.84375_-121.78125,80824.1,channel
cdec_SHA,40.84375_-121.84375,72103.1,channel
cdec_SHA,40.84375_-121.90625,65314.6,channel
cdec_SHA,40.84375_-121.96875,56332.3,channel
cdec_SHA,40.84375_-122.03125,46605.4,channel
cdec_SHA,40.84375_-122.09375,45991.9,channel
cdec_SHA,40.84375_-122.15625,34038.0,channel
cdec_SHA,40.84375_-122.21875,28118.9,channel
cdec_SHA,40.84375_-122.28125,21277.5,channel
cdec_SHA,40.84375_-122.34375,27261.7,channel
cdec_SHA,40.84375_-122.40625,15883.7,channel
cdec_SHA,40.84375_-122.46875,12803.4,channel
cdec_SHA,40.84375_-122.53125,20554.4,channel
cdec_SHA,40.90625_-120.78125,280932.7,fallback
cdec_SHA,40.90625_-120.84375,246019.4,channel
cdec_SHA,40.90625_-120.90625,239015.9,channel
cdec_SHA,40.90625_-120.96875,228139.5,channel
cdec_SHA,40.90625_-121.03125,220440.5,channel
cdec_SHA,40.90625_-121.09375,213450.7,channel
cdec_SHA,40.90625_-121.15625,203142.6,channel
cdec_SHA,40.90625_-121.21875,197303.4,channel
cdec_SHA,40.90625_-121.28125,194103.9,channel
cdec_SHA,40.90625_-121.34375,187210.9,fallback
cdec_SHA,40.90625_-121.40625,176905.1,fallback
cdec_SHA,40.90625_-121.46875,166635.6,fallback
cdec_SHA,40.90625_-121.53125,148855.8,channel
cdec_SHA,40.90625_-121.59375,146236.0,fallback
cdec_SHA,40.90625_-121.65625,144633.0,channel
cdec_SHA,40.90625_-121.71875,151835.4,channel
cdec_SHA,40.90625_-121.78125,158761.1,channel
cdec_SHA,40.90625_-121.84375,72203.8,channel
cdec_SHA,40.90625_-121.90625,65190.5,channel
cdec_SHA,40.90625_-121.96875,63869.5,channel
cdec_SHA,40.90625_-122.03125,59120.8,channel
cdec_SHA,40.90625_-122.09375,45904.3,channel
cdec_SHA,40.90625_-122.15625,52511.9,channel
cdec_SHA,40.90625_-122.21875,30682.8,channel
cdec_SHA,40.90625_-122.28125,36516.6,channel
cdec_SHA,40.90625_-122.34375,30165.8,channel
cdec_SHA,40.90625_-122.40625,28384.4,channel
cdec_SHA,40.90625_-122.46875,44464.8,channel
cdec_SHA,40.90625_-122.53125,49939.9,channel
cdec_SHA,40.96875_-120.59375,314447.9,fallback
cdec_SHA,40.96875_-120.65625,313608.5,channel
cdec_SHA,40.96875_-120.71875,315698.8,channel
cdec_SHA,40.96875_-120.78125,290004.0,channel
cdec_SHA,40.96875_-120.84375,287297.0,channel
cdec_SHA,40.96875_-120.90625,242123.4,channel
cdec_SHA,40.96875_-120.96875,249790.9,channel
cdec_SHA,40.96875_-121.03125,243622.2,channel
cdec_SHA,40.96875_-121.09375,232117.4,channel
cdec_SHA,40.96875_-121.15625,201997.4,channel
cdec_SHA,40.96875_-121.21875,192528.8,channel
cdec_SHA,40.96875_-121.28125,186952.4,channel
cdec_SHA,40.96875_-121.34375,181413.0,channel
cdec_SHA,40.96875_-121.40625,159001.0,channel
cdec_SHA,40.96875_-121.46875,150104.1,channel
cdec_SHA,40.96875_-121.53125,141529.9,channel
cdec_SHA,40.96875_-121.59375,138395.0,channel
cdec_SHA,40.96875_-121.65625,134626.3,channel
cdec_SHA,40.96875_-121.71875,115585.6,channel
cdec_SHA,40.96875_-121.78125,105761.2,channel
cdec_SHA,40.96875_-121.84375,96492.8,channel
cdec_SHA,40.96875_-121.90625,95479.6,channel
cdec_SHA,40.96875_-121.96875,72617.8,channel
cdec_SHA,40.96875_-122.03125,62111.3,channel
cdec_SHA,40.96875_-122.09375,57723.0,channel
cdec_SHA,40.96875_-122.15625,49196.7,channel
cdec_SHA,40.96875_-122.21875,39827.7,channel
cdec_SHA,40.96875_-122.28125,43032.4,channel
cdec_SHA,40.96875_-122.34375,58102.7,channel
cdec_SHA,40.96875_-122.40625,40224.7,channel
cdec_SHA,40.96875_-122.46875,45751.1,channel
cdec_SHA,40.96875_-122.53125,56044.5,channel
cdec_SHA,41.03125_-120.21875,447963.7,center
cdec_SHA,41.03125_-120.28125,368903.7,fallback
cdec_SHA,41.03125_-120.34375,439601.8,center
cdec_SHA,41.03125_-120.40625,348145.0,fallback
cdec_SHA,41.03125_-120.59375,313117.2,channel
cdec_SHA,41.03125_-120.65625,303679.8,channel
cdec_SHA,41.03125_-120.71875,306095.1,channel
cdec_SHA,41.03125_-120.78125,289168.7,channel
cdec_SHA,41.03125_-120.84375,279998.4,channel
cdec_SHA,41.03125_-120.90625,278119.3,channel
cdec_SHA,41.03125_-120.96875,240993.7,channel
cdec_SHA,41.03125_-121.03125,234866.7,channel
cdec_SHA,41.03125_-121.09375,220755.7,channel
cdec_SHA,41.03125_-121.15625,211011.4,channel
cdec_SHA,41.03125_-121.21875,216259.4,channel
cdec_SHA,41.03125_-121.28125,178193.6,channel
cdec_SHA,41.03125_-121.34375,171076.6,channel
cdec_SHA,41.03125_-121.40625,161453.5,channel
cdec_SHA,41.03125_-121.46875,161608.9,channel
cdec_SHA,41.03125_-121.53125,173300.1,channel
cdec_SHA,41.03125_-121.59375,132803.4,channel
cdec_SHA,41.03125_-121.65625,123770.5,channel
cdec_SHA,41.03125_-121.71875,118445.0,channel
cdec_SHA,41.03125_-121.78125,117587.7,channel
cdec_SHA,41.03125_-121.84375,95533.0,channel
cdec_SHA,41.03125_-121.90625,86577.1,channel
cdec_SHA,41.03125_-121.96875,81601.7,channel
cdec_SHA,41.03125_-122.03125,67632.6,channel
cdec_SHA,41.03125_-122.09375,68656.7,channel
cdec_SHA,41.03125_-122.15625,61200.7,channel
cdec_SHA,41.03125_-122.21875,52436.9,channel
cdec_SHA,41.03125_-122.28125,71805.6,channel
cdec_SHA,41.03125_-122.34375,63948.1,channel
cdec_SHA,41.03125_-122.40625,53117.4,channel
cdec_SHA,41.03125_-122.46875,59882.9,channel
cdec_SHA,41.03125_-122.53125,56494.2,channel
cdec_SHA,41.09375_-120.15625,392294.0,fallback
cdec_SHA,41.09375_-120.21875,442101.2,channel
cdec_SHA,41.09375_-120.28125,434554.4,channel
cdec_SHA,41.09375_-120.34375,422431.5,channel
cdec_SHA,41.09375_-120.40625,429582.4,channel
cdec_SHA,41.09375_-120.46875,417573.8,center
cdec_SHA,41.09375_-120.53125,413586.1,channel
cdec_SHA,41.09375_-120.59375,307876.6,channel
cdec_SHA,41.09375_-120.65625,299603.3,channel
cdec_SHA,41.09375_-120.71875,290869.4,channel
cdec_SHA,41.09375_-120.78125,289856.5,channel
cdec_SHA,41.09375_-120.84375,274341.5,channel
cdec_SHA,41.09375_-120.90625,269875.7,channel
cdec_SHA,41.09375_-120.96875,266581.2,channel
cdec_SHA,41.09375_-121.03125,233035.0,channel
cdec_SHA,41.09375_-121.09375,222256.0,channel
cdec_SHA,41.09375_-121.15625,220701.0,channel
cdec_SHA,41.09375_-121.21875,226784.5,channel
cdec_SHA,41.09375_-121.28125,208681.4,channel
cdec_SHA,41.09375_-121.34375,194903.4,channel
cdec_SHA,41.09375_-121.40625,187682.9,channel
cdec_SHA,41.09375_-121.46875,175813.6,channel
cdec_SHA,41.09375_-121.53125,189882.0,channel
cdec_SHA,41.09375_-121.59375,204044.1,channel
cdec_SHA,41.09375_-121.65625,135373.3,channel
cdec_SHA,41.09375_-121.71875,134078.9,channel
cdec_SHA,41.09375_-121.78125,130296.0,channel
cdec_SHA,41.09375_-121.84375,104492.3,channel
cdec_SHA,41.09375_-121.90625,92391.8,channel
cdec_SHA,41.09375_-121.96875,101551.6,channel
cdec_SHA,41.09375_-122.03125,80371.2,channel
cdec_SHA,41.09375_-122.09375,72501.5,channel
cdec_SHA,41.09375_-122.15625,65014.3,channel
cdec_SHA,41.09375_-122.21875,61777.2,channel
cdec_SHA,41.09375_-122.28125,72190.3,channel
cdec_SHA,41.09375_-122.34375,66153.2,channel
cdec_SHA,41.09375_-122.40625,70081.8,channel
cdec_SHA,41.09375_-122.46875,74336.6,center
cdec_SHA,41.09375_-122.53125,86339.3,fallback
cdec_SHA,41.15625_-120.15625,443374.0,channel
cdec_SHA,41.15625_-120.21875,439107.8,channel
cdec_SHA,41.15625_-120.28125,425598.3,channel
cdec_SHA,41.15625_-120.34375,417996.0,channel
cdec_SHA,41.15625_-120.40625,413460.8,channel
cdec_SHA,41.15625_-120.46875,404853.7,channel
cdec_SHA,41.15625_-120.53125,404096.7,channel
cdec_SHA,41.15625_-120.59375,413765.1,channel
cdec_SHA,41.15625_-120.65625,417884.3,channel
cdec_SHA,41.15625_-120.71875,290761.2,channel
cdec_SHA,41.15625_-120.78125,282215.2,channel
cdec_SHA,41.15625_-120.84375,275567.3,channel
cdec_SHA,41.15625_-120.90625,263572.5,channel
cdec_SHA,41.15625_-120.96875,257765.3,channel
cdec_SHA,41.15625_-121.03125,248199.7,channel
cdec_SHA,41.15625_-121.09375,241352.9,channel
cdec_SHA,41.15625_-121.15625,233770.4,channel
cdec_SHA,41.15625_-121.21875,234585.5,channel
cdec_SHA,41.15625_-121.28125,210226.2,channel
cdec_SHA,41.15625_-121.34375,195429.2,channel
cdec_SHA,41.15625_-121.40625,197925.8,channel
cdec_SHA,41.15625_-121.46875,192070.6,channel
cdec_SHA,41.15625_-121.53125,204879.7,channel
cdec_SHA,41.15625_-121.59375,205080.4,channel
cdec_SHA,41.15625_-121.65625,219464.6,channel
cdec_SHA,41.15625_-121.71875,228070.7,channel
cdec_SHA,41.15625_-121.78125,111820.0,channel
cdec_SHA,41.15625_-121.84375,104530.9,channel
cdec_SHA,41.15625_-121.90625,102495.2,channel
cdec_SHA,41.15625_-121.96875,94995.9,channel
cdec_SHA,41.15625_-122.03125,93124.6,channel
cdec_SHA,41.15625_-122.09375,82210.4,channel
cdec_SHA,41.15625_-122.15625,74441.7,channel
cdec_SHA,41.15625_-122.21875,90685.6,channel
cdec_SHA,41.15625_-122.28125,79867.4,channel
cdec_SHA,41.15625_-122.34375,76312.2,channel
cdec_SHA,41.15625_-122.40625,85964.5,channel
cdec_SHA,41.15625_-122.46875,98595.3,fallback
cdec_SHA,41.21875_-120.15625,443985.1,channel
cdec_SHA,41.21875_-120.21875,430831.1,channel
cdec_SHA,41.21875_-120.28125,422739.2,channel
cdec_SHA,41.21875_-120.34375,412653.8,channel
cdec_SHA,41.21875_-120.40625,405271.7,channel
cdec_SHA,41.21875_-120.46875,398584.0,channel
cdec_SHA,41.21875_-120.53125,394619.4,channel
cdec_SHA,41.21875_-120.59375,396855.0,channel
cdec_SHA,41.21875_-120.65625,401337.2,channel
cdec_SHA,41.21875_-120.71875,300862.5,channel
cdec_SHA,41.21875_-120.78125,302825.2,channel
cdec_SHA,41.21875_-120.84375,271402.2,channel
cdec_SHA,41.21875_-120.90625,262553.2,channel
cdec_SHA,41.21875_-120.96875,255724.3,channel
cdec_SHA,41.21875_-121.03125,249282.7,channel
cdec_SHA,41.21875_-121.09375,255242.7,channel
cdec_SHA,41.21875_-121.15625,244905.4,channel
cdec_SHA,41.21875_-121.21875,247946.1,channel
cdec_SHA,41.21875_-121.28125,247747.1,channel
cdec_SHA,41.21875_-121.34375,254961.3,channel
cdec_SHA,41.21875_-121.40625,205522.0,channel
cdec_SHA,41.21875_-121.46875,215381.3,channel
cdec_SHA,41.21875_-121.53125,216648.5,channel
cdec_SHA,41.21875_-121.59375,215482.2,channel
cdec_SHA,41.21875_-121.65625,219741.9,channel
cdec_SHA,41.21875_-121.71875,229663.5,channel
cdec_SHA,41.21875_-121.78125,139052.1,channel
cdec_SHA,41.21875_-121.84375,136410.2,channel
cdec_SHA,41.21875_-121.90625,120909.6,channel
cdec_SHA,41.21875_-121.96875,111058.4,channel
cdec_SHA,41.21875_-122.03125,93959.4,channel
cdec_SHA,41.21875_-122.09375,93372.0,channel
cdec_SHA,41.21875_-122.15625,85200.1,channel
cdec_SHA,41.21875_-122.21875,91118.9,channel
cdec_SHA,41.21875_-122.28125,88395.3,channel
cdec_SHA,41.21875_-122.34375,91118.3,channel
cdec_SHA,41.21875_-122.40625,119399.3,channel
cdec_SHA,41.21875_-122.46875,121292.1,channel
cdec_SHA,41.21875_-122.53125,113820.7,fallback
cdec_SHA,41.28125_-120.15625,402884.7,fallback
cdec_SHA,41.28125_-120.21875,429005.3,channel
cdec_SHA,41.28125_-120.28125,420723.5,channel
cdec_SHA,41.28125_-120.34375,403310.8,channel
cdec_SHA,41.28125_-120.40625,401284.0,channel
cdec_SHA,41.28125_-120.46875,394073.7,channel
cdec_SHA,41.28125_-120.53125,383299.2,channel
cdec_SHA,41.28125_-120.59375,386951.2,channel
cdec_SHA,41.28125_-120.65625,398069.3,channel
cdec_SHA,41.28125_-120.71875,404831.8,channel
cdec_SHA,41.28125_-120.78125,347830.3,channel
cdec_SHA,41.28125_-120.84375,277329.0,channel
cdec_SHA,41.28125_-120.90625,270100.5,channel
cdec_SHA,41.28125_-120.96875,269295.8,channel
cdec_SHA,41.28125_-121.03125,276968.9,channel
cdec_SHA,41.28125_-121.09375,263105.6,channel
cdec_SHA,41.28125_-121.15625,256726.2,channel
cdec_SHA,41.28125_-121.21875,251568.8,channel
cdec_SHA,41.28125_-121.28125,261191.7,channel
cdec_SHA,41.28125_-121.34375,268908.1,channel
cdec_SHA,41.28125_-121.40625,257580.0,channel
cdec_SHA,41.28125_-121.46875,257379.3,channel
cdec_SHA,41.28125_-121.53125,225424.7,channel
cdec_SHA,41.28125_-121.59375,228367.4,channel
cdec_SHA,41.28125_-121.65625,230087.1,channel
cdec_SHA,41.28125_-121.71875,233714.7,channel
cdec_SHA,41.28125_-121.78125,138572.8,channel
cdec_SHA,41.28125_-121.84375,130019.5,channel
cdec_SHA,41.28125_-121.90625,122701.4,channel
cdec_SHA,41.28125_-121.96875,118715.5,channel
cdec_SHA,41.28125_-122.03125,104774.2,channel
cdec_SHA,41.28125_-122.09375,103020.8,channel
cdec_SHA,41.28125_-122.15625,94136.9,channel
cdec_SHA,41.28125_-122.21875,108696.1,channel
cdec_SHA,41.28125_-122.28125,98446.3,channel
cdec_SHA,41.28125_-122.34375,103754.6,channel
cdec_SHA,41.28125_-122.40625,111952.7,channel
cdec_SHA,41.28125_-122.46875,119223.8,channel
cdec_SHA,41.28125_-122.53125,127645.7,fallback
cdec_SHA,41.34375_-120.21875,434000.5,channel
cdec_SHA,41.34375_-120.28125,387783.4,channel
cdec_SHA,41.34375_-120.34375,396848.3,channel
cdec_SHA,41.34375_-120.40625,393513.8,channel
cdec_SHA,41.34375_-120.46875,379725.6,channel
cdec_SHA,41.34375_-120.53125,373819.2,channel
cdec_SHA,41.34375_-120.59375,346617.0,channel
cdec_SHA,41.34375_-120.65625,340734.2,channel
cdec_SHA,41.34375_-120.71875,338017.5,channel
cdec_SHA,41.34375_-120.78125,325710.0,channel
cdec_SHA,41.34375_-120.84375,312167.5,channel
cdec_SHA,41.34375_-120.90625,279460.0,channel
cdec_SHA,41.34375_-120.96875,287070.2,channel
cdec_SHA,41.34375_-121.03125,279573.3,channel
cdec_SHA,41.34375_-121.09375,272385.2,channel
cdec_SHA,41.34375_-121.15625,266340.4,channel
cdec_SHA,41.34375_-121.21875,273631.4,channel
cdec_SHA,41.34375_-121.28125,264922.4,channel
cdec_SHA,41.34375_-121.34375,269973.9,channel
cdec_SHA,41.34375_-121.40625,258796.9,channel
cdec_SHA,41.34375_-121.46875,248120.0,channel
cdec_SHA,41.34375_-121.53125,238600.0,channel
cdec_SHA,41.34375_-121.59375,235232.7,channel
cdec_SHA,41.34375_-121.65625,239879.2,channel
cdec_SHA,41.34375_-121.71875,244495.9,channel
cdec_SHA,41.34375_-121.78125,259959.4,channel
cdec_SHA,41.34375_-121.84375,139828.5,channel
cdec_SHA,41.34375_-121.90625,129944.6,channel
cdec_SHA,41.34375_-121.96875,131372.9,channel
cdec_SHA,41.34375_-122.03125,143455.8,channel
cdec_SHA,41.34375_-122.09375,114637.2,channel
cdec_SHA,41.34375_-122.15625,103210.4,channel
cdec_SHA,41.34375_-122.21875,119403.7,channel
cdec_SHA,41.34375_-122.28125,112582.9,channel
cdec_SHA,41.34375_-122.34375,113301.4,channel
cdec_SHA,41.34375_-122.40625,120073.1,channel
cdec_SHA,41.34375_-122.46875,140487.3,fallback
cdec_SHA,41.40625_-120.21875,398502.7,channel
cdec_SHA,41.40625_-120.28125,386131.5,channel
cdec_SHA,41.40625_-120.34375,378483.4,channel
cdec_SHA,41.40625_-120.40625,387129.7,channel
cdec_SHA,41.40625_-120.46875,386326.8,channel
cdec_SHA,41.40625_-120.53125,362528.3,channel
cdec_SHA,41.40625_-120.59375,368655.6,channel
cdec_SHA,41.40625_-120.65625,335910.2,channel
cdec_SHA,41.40625_-120.71875,327660.5,channel
cdec_SHA,41.40625_-120.78125,319457.6,channel
cdec_SHA,41.40625_-120.84375,309851.4,channel
cdec_SHA,41.40625_-120.90625,301138.9,channel
cdec_SHA,41.40625_-120.96875,293614.0,channel
cdec_SHA,41.40625_-121.03125,284776.7,channel
cdec_SHA,41.40625_-121.09375,303058.5,channel
cdec_SHA,41.40625_-121.15625,285434.0,channel
cdec_SHA,41.40625_-121.21875,277923.7,channel
cdec_SHA,41.40625_-121.28125,276463.6,channel
cdec_SHA,41.40625_-121.34375,282804.9,channel
cdec_SHA,41.40625_-121.40625,266700.8,center
cdec_SHA,41.40625_-121.46875,255383.6,channel
cdec_SHA,41.40625_-121.53125,266837.1,channel
cdec_SHA,41.40625_-121.59375,247130.8,channel
cdec_SHA,41.40625_-121.65625,243157.7,channel
cdec_SHA,41.40625_-121.71875,256725.0,channel
cdec_SHA,41.40625_-121.78125,261811.7,channel
cdec_SHA,41.40625_-121.84375,150486.0,channel
cdec_SHA,41.40625_-121.90625,141015.6,channel
cdec_SHA,41.40625_-121.96875,140745.4,channel
cdec_SHA,41.40625_-122.03125,144150.5,channel
cdec_SHA,41.40625_-122.09375,152263.0,channel
cdec_SHA,41.40625_-122.15625,124480.6,channel
cdec_SHA,41.40625_-122.21875,123747.0,channel
cdec_SHA,41.40625_-122.28125,156000.0,fallback
cdec_SHA,41.40625_-122.34375,154771.5,fallback
cdec_SHA,41.40625_-122.40625,154257.2,fallback
cdec_SHA,41.46875_-120.21875,407817.0,fallback
cdec_SHA,41.46875_-120.28125,389667.8,channel
cdec_SHA,41.46875_-120.34375,382454.8,channel
cdec_SHA,41.46875_-120.40625,374802.7,channel
cdec_SHA,41.46875_-120.46875,363836.6,channel
cdec_SHA,41.46875_-120.53125,356332.6,channel
cdec_SHA,41.46875_-120.59375,346359.7,channel
cdec_SHA,41.46875_-120.65625,339519.0,channel
cdec_SHA,41.46875_-120.71875,330908.9,channel
cdec_SHA,41.46875_-120.78125,327783.9,channel
cdec_SHA,41.46875_-120.84375,310360.6,channel
cdec_SHA,41.46875_-120.90625,318746.8,channel
cdec_SHA,41.46875_-120.96875,321237.8,channel
cdec_SHA,41.46875_-121.03125,298305.6,channel
cdec_SHA,41.46875_-121.09375,304354.3,channel
cdec_SHA,41.46875_-121.15625,271627.1,fallback
cdec_SHA,41.46875_-121.21875,288896.2,channel
cdec_SHA,41.46875_-121.28125,255396.4,fallback
cdec_SHA,41.46875_-121.34375,247556.4,fallback
cdec_SHA,41.46875_-121.40625,239924.3,fallback
cdec_SHA,41.46875_-121.46875,232520.5,fallback
cdec_SHA,41.46875_-121.53125,264052.7,channel
cdec_SHA,41.46875_-121.59375,255581.7,channel
cdec_SHA,41.46875_-121.65625,254618.9,channel
cdec_SHA,41.46875_-121.71875,258484.6,channel
cdec_SHA,41.46875_-121.78125,269714.1,channel
cdec_SHA,41.46875_-121.84375,156041.0,channel
cdec_SHA,41.46875_-121.90625,152229.6,channel
cdec_SHA,41.46875_-121.96875,184651.6,fallback
cdec_SHA,41.46875_-122.03125,180559.5,fallback
cdec_SHA,41.46875_-122.09375,157132.5,channel
cdec_SHA,41.53125_-120.28125,392739.8,channel
cdec_SHA,41.53125_-120.34375,387167.9,channel
cdec_SHA,41.53125_-120.40625,373298.6,channel
cdec_SHA,41.53125_-120.46875,364823.6,channel
cdec_SHA,41.53125_-120.53125,354125.1,channel
cdec_SHA,41.53125_-120.59375,350169.2,channel
cdec_SHA,41.53125_-120.65625,352044.0,channel
cdec_SHA,41.53125_-120.71875,339479.1,channel
cdec_SHA,41.53125_-120.78125,336248.1,channel
cdec_SHA,41.53125_-120.84375,337967.3,channel
cdec_SHA,41.53125_-120.90625,322001.5,channel
cdec_SHA,41.53125_-120.96875,326342.7,channel
cdec_SHA,41.53125_-121.03125,307147.4,channel
cdec_SHA,41.53125_-121.09375,288531.7,fallback
cdec_SHA,41.53125_-121.15625,280435.5,fallback
cdec_SHA,41.53125_-121.21875,272506.9,fallback
cdec_SHA,41.53125_-121.28125,264760.9,fallback
cdec_SHA,41.53125_-121.34375,257213.9,fallback
cdec_SHA,41.53125_-121.40625,249884.1,fallback
cdec_SHA,41.53125_-121.46875,242791.1,fallback
cdec_SHA,41.53125_-121.53125,267709.0,channel
cdec_SHA,41.53125_-121.59375,265047.8,channel
cdec_SHA,41.53125_-121.65625,265180.2,channel
cdec_SHA,41.53125_-121.71875,268915.4,channel
cdec_SHA,41.53125_-121.78125,289678.1,channel
cdec_SHA,41.53125_-121.84375,285113.1,channel
cdec_SHA,41.53125_-121.90625,201773.4,fallback
cdec_SHA,41.59375_-120.28125,392608.9,channel
cdec_SHA,41.59375_-120.34375,385611.0,channel
cdec_SHA,41.59375_-120.40625,376940.2,channel
cdec_SHA,41.59375_-120.46875,374818.8,channel
cdec_SHA,41.59375_-120.53125,371086.3,channel
cdec_SHA,41.59375_-120.59375,361111.4,channel
cdec_SHA,41.59375_-120.65625,365581.0,channel
cdec_SHA,41.59375_-120.71875,374281.5,channel
cdec_SHA,41.59375_-120.78125,346105.0,channel
cdec_SHA,41.59375_-120.84375,330349.1,fallback
cdec_SHA,41.59375_-120.90625,321931.4,fallback
cdec_SHA,41.59375_-120.96875,318083.0,channel
cdec_SHA,41.59375_-121.03125,305491.4,fallback
cdec_SHA,41.59375_-121.28125,274520.1,fallback
cdec_SHA,41.59375_-121.34375,267255.9,fallback
cdec_SHA,41.59375_-121.40625,260216.0,fallback
cdec_SHA,41.59375_-121.46875,253419.0,fallback
cdec_SHA,41.59375_-121.53125,274881.2,channel
cdec_SHA,41.59375_-121.59375,275012.3,channel
cdec_SHA,41.59375_-121.65625,234692.6,fallback
cdec_SHA,41.59375_-121.71875,229081.1,fallback
cdec_SHA,41.65625_-120.28125,417262.2,fallback
cdec_SHA,41.65625_-120.34375,391576.8,channel
cdec_SHA,41.65625_-120.40625,383102.1,channel
cdec_SHA,41.65625_-120.46875,389545.7,channel
cdec_SHA,41.65625_-120.53125,372919.0,channel
cdec_SHA,41.65625_-120.59375,385719.1,channel
cdec_SHA,41.65625_-120.65625,372898.1,channel
cdec_SHA,41.65625_-120.71875,383732.2,channel
cdec_SHA,41.65625_-120.78125,354780.3,channel
cdec_SHA,41.65625_-120.84375,338751.9,fallback
cdec_SHA,41.65625_-121.28125,284633.3,fallback
cdec_SHA,41.71875_-120.28125,422176.0,channel
cdec_SHA,41.71875_-120.34375,414951.9,channel
cdec_SHA,41.71875_-120.40625,404969.6,channel
cdec_SHA,41.71875_-120.46875,392759.3,channel
cdec_SHA,41.71875_-120.53125,383260.9,channel
cdec_SHA,41.71875_-120.59375,389082.8,channel
cdec_SHA,41.71875_-120.65625,383308.2,channel
cdec_SHA,41.71875_-120.71875,385118.7,channel
cdec_SHA,41.71875_-120.78125,355624.6,fallback
cdec_SHA,41.78125_-120.53125,410041.6,channel
cdec_SHA,41.78125_-120.59375,395824.0,channel
cdec_SHA,41.78125_-120.65625,392876.6,channel
cdec_SHA,41.78125_-120.71875,372541.7,fallback
cdec_SHA,41.84375_-120.53125,415016.1,channel
cdec_SHA,41.84375_-120.59375,397570.2,fallback
cdec_TLG,37.65625_-120.28125,23891.8,fallback
cdec_TLG,37.65625_-120.34375,15357.4,channel
cdec_TLG,37.65625_-120.40625,1657.3,channel
cdec_TLG,37.71875_-119.28125,171865.3,fallback
cdec_TLG,37.71875_-120.21875,34468.6,fallback
cdec_TLG,37.71875_-120.28125,25748.4,fallback
cdec_TLG,37.71875_-120.34375,14347.0,channel
cdec_TLG,37.71875_-120.40625,3565.7,channel
cdec_TLG,37.71875_-120.46875,10551.6,fallback
cdec_TLG,37.78125_-119.21875,182016.5,fallback
cdec_TLG,37.78125_-119.28125,182508.4,channel
cdec_TLG,37.78125_-119.34375,163695.9,fallback
cdec_TLG,37.78125_-119.65625,123383.9,channel
cdec_TLG,37.78125_-119.71875,115613.6,channel
cdec_TLG,37.78125_-119.78125,107544.0,channel
cdec_TLG,37.78125_-119.84375,101852.3,channel
cdec_TLG,37.78125_-119.90625,91788.2,channel
cdec_TLG,37.78125_-119.96875,84026.0,channel
cdec_TLG,37.78125_-120.03125,83947.3,channel
cdec_TLG,37.78125_-120.09375,55794.3,fallback
cdec_TLG,37.78125_-120.15625,71104.2,channel
cdec_TLG,37.78125_-120.21875,47764.9,channel
cdec_TLG,37.78125_-120.28125,39554.0,channel
cdec_TLG,37.78125_-120.34375,14465.1,channel
cdec_TLG,37.78125_-120.40625,20627.7,channel
cdec_TLG,37.78125_-120.46875,21827.4,fallback
cdec_TLG,37.84375_-119.21875,182050.4,channel
cdec_TLG,37.84375_-119.28125,173297.9,channel
cdec_TLG,37.84375_-119.34375,165911.9,channel
cdec_TLG,37.84375_-119.40625,164901.2,channel
cdec_TLG,37.84375_-119.46875,147528.3,fallback
cdec_TLG,37.84375_-119.53125,138551.6,fallback
cdec_TLG,37.84375_-119.59375,129610.2,fallback
cdec_TLG,37.84375_-119.65625,124745.6,channel
cdec_TLG,37.84375_-119.71875,116950.5,channel
cdec_TLG,37.84375_-119.78125,114785.8,channel
cdec_TLG,37.84375_-119.84375,99880.8,channel
cdec_TLG,37.84375_-119.90625,93056.3,channel
cdec_TLG,37.84375_-119.96875,91170.6,channel
cdec_TLG,37.84375_-120.03125,75050.6,channel
cdec_TLG,37.84375_-120.09375,65580.1,channel
cdec_TLG,37.84375_-120.15625,63812.7,channel
cdec_TLG,37.84375_-120.21875,56583.4,channel
cdec_TLG,37.84375_-120.28125,43110.2,channel
cdec_TLG,37.84375_-120.34375,30956.2,channel
cdec_TLG,37.84375_-120.40625,26567.6,channel
cdec_TLG,37.84375_-120.46875,31059.2,channel
cdec_TLG,37.90625_-119.21875,186070.9,fallback
cdec_TLG,37.90625_-119.28125,173798.5,channel
cdec_TLG,37.90625_-119.34375,166709.0,channel
cdec_TLG,37.90625_-119.40625,155311.4,channel
cdec_TLG,37.90625_-119.46875,146823.8,channel
cdec_TLG,37.90625_-119.53125,139121.7,channel
cdec_TLG,37.90625_-119.59375,131181.5,channel
cdec_TLG,37.90625_-119.65625,124378.6,channel
cdec_TLG,37.90625_-119.71875,121763.6,channel
cdec_TLG,37.90625_-119.78125,108760.4,channel
cdec_TLG,37.90625_-119.84375,100439.2,channel
cdec_TLG,37.90625_-119.90625,93513.3,channel
cdec_TLG,37.90625_-119.96875,84947.3,channel
cdec_TLG,37.90625_-120.03125,82672.0,channel
cdec_TLG,37.90625_-120.09375,77517.8,channel
cdec_TLG,37.90625_-120.15625,57535.3,channel
cdec_TLG,37.90625_-120.21875,49848.4,channel
cdec_TLG,37.90625_-120.28125,42198.7,channel
cdec_TLG,37.90625_-120.34375,39480.8,channel
cdec_TLG,37.90625_-120.40625,36268.0,channel
cdec_TLG,37.90625_-120.46875,44656.8,channel
cdec_TLG,37.96875_-119.28125,180370.3,fallback
cdec_TLG,37.96875_-119.34375,163853.5,channel
cdec_TLG,37.96875_-119.40625,156163.4,channel
cdec_TLG,37.96875_-119.46875,151349.3,channel
cdec_TLG,37.96875_-119.53125,141463.9,channel
cdec_TLG,37.96875_-119.59375,135613.4,channel
cdec_TLG,37.96875_-119.65625,124078.3,channel
cdec_TLG,37.96875_-119.71875,117321.6,channel
cdec_TLG,37.96875_-119.78125,111222.3,channel
cdec_TLG,37.96875_-119.84375,108436.9,channel
cdec_TLG,37.96875_-119.90625,101610.0,channel
cdec_TLG,37.96875_-119.96875,93842.5,channel
cdec_TLG,37.96875_-120.03125,87981.4,channel
cdec_TLG,37.96875_-120.09375,96012.0,channel
cdec_TLG,37.96875_-120.15625,66030.0,channel
cdec_TLG,37.96875_-120.21875,56407.2,channel
cdec_TLG,37.96875_-120.28125,53704.9,channel
cdec_TLG,37.96875_-120.34375,49771.4,channel
cdec_TLG,37.96875_-120.40625,47563.6,channel
cdec_TLG,37.96875_-120.46875,56626.6,fallback
cdec_TLG,38.03125_-119.28125,184292.0,fallback
cdec_TLG,38.03125_-119.34375,164405.2,channel
cdec_TLG,38.03125_-119.40625,163039.1,channel
cdec_TLG,38.03125_-119.46875,152937.1,channel
cdec_TLG,38.03125_-119.53125,145790.3,channel
cdec_TLG,38.03125_-119.59375,137575.7,channel
cdec_TLG,38.03125_-119.65625,132720.7,channel
cdec_TLG,38.03125_-119.71875,122583.7,channel
cdec_TLG,38.03125_-119.78125,116248.4,channel
cdec_TLG,38.03125_-119.84375,113888.7,channel
cdec_TLG,38.03125_-119.90625,112487.6,channel
cdec_TLG,38.03125_-119.96875,105094.4,channel
cdec_TLG,38.03125_-120.03125,98038.4,channel
cdec_TLG,38.03125_-120.09375,98446.4,channel
cdec_TLG,38.03125_-120.15625,67666.5,channel
cdec_TLG,38.03125_-120.21875,63078.0,channel
cdec_TLG,38.03125_-120.28125,60603.3,channel
cdec_TLG,38.03125_-120.34375,59061.3,channel
cdec_TLG,38.03125_-120.40625,68372.3,fallback
cdec_TLG,38.09375_-119.34375,180547.7,fallback
cdec_TLG,38.09375_-119.40625,162999.2,channel
cdec_TLG,38.09375_-119.46875,160080.9,channel
cdec_TLG,38.09375_-119.53125,145700.0,channel
cdec_TLG,38.09375_-119.59375,143146.8,channel
cdec_TLG,38.09375_-119.65625,138349.2,channel
cdec_TLG,38.09375_-119.71875,140940.2,channel
cdec_TLG,38.09375_-119.78125,133722.2,channel
cdec_TLG,38.09375_-119.84375,124211.6,channel
cdec_TLG,38.09375_-119.90625,121886.4,channel
cdec_TLG,38.09375_-119.96875,114251.7,channel
cdec_TLG,38.09375_-120.03125,108276.8,channel
cdec_TLG,38.09375_-120.09375,83665.5,channel
cdec_TLG,38.09375_-120.15625,90291.2,fallback
cdec_TLG,38.09375_-120.21875,86373.1,fallback
cdec_TLG,38.15625_-119.46875,170152.8,fallback
cdec_TLG,38.15625_-119.53125,162464.8,fallback
cdec_TLG,38.15625_-119.59375,148187.1,channel
cdec_TLG,38.15625_-119.65625,149684.3,channel
cdec_TLG,38.15625_-119.71875,143016.1,channel
cdec_TLG,38.15625_-119.78125,141133.1,channel
cdec_TLG,38.15625_-119.84375,132206.6,channel
cdec_TLG,38.15625_-119.90625,124067.4,channel
cdec_TLG,38.15625_-119.96875,117273.1,channel
cdec_TLG,38.15625_-120.03125,99946.9,center
cdec_TLG,38.15625_-120.09375,104938.6,fallback
cdec_TLG,38.21875_-119.59375,162068.8,fallback
cdec_TLG,38.21875_-119.65625,157068.9,channel
cdec_TLG,38.21875_-119.71875,148336.0,fallback
cdec_TLG,38.21875_-119.78125,141867.5,fallback
cdec_TLG,38.21875_-119.84375,135715.4,fallback
cdec_TLG,38.21875_-119.90625,129924.6,fallback
cdec_TLG,38.21875_-119.96875,124545.4,fallback
cdec_TLG,38.21875_-120.03125,119633.6,fallback
cdec_TRM,36.28125_-118.59375,58581.5,fallback
cdec_TRM,36.28125_-118.65625,51102.1,fallback
cdec_TRM,36.28125_-118.78125,36987.4,fallback
cdec_TRM,36.28125_-118.84375,30742.1,fallback
cdec_TRM,36.34375_-118.59375,55442.2,center
cdec_TRM,36.34375_-118.65625,42763.0,channel
cdec_TRM,36.34375_-118.71875,35361.8,channel
cdec_TRM,36.34375_-118.78125,27999.2,channel
cdec_TRM,36.34375_-118.84375,22584.9,channel
cdec_TRM,36.34375_-118.90625,15655.9,channel
cdec_TRM,36.34375_-118.96875,9604.1,channel
cdec_TRM,36.34375_-119.03125,11719.9,fallback
cdec_TRM,36.34375_-119.09375,15624.4,fallback
cdec_TRM,36.34375_-119.15625,21982.8,fallback
cdec_TRM,36.34375_-119.21875,29235.5,fallback
cdec_TRM,36.40625_-118.53125,62574.0,fallback
cdec_TRM,36.40625_-118.59375,60992.7,channel
cdec_TRM,36.40625_-118.65625,48873.5,channel
cdec_TRM,36.40625_-118.71875,41171.5,channel
cdec_TRM,36.40625_-118.78125,37458.1,channel
cdec_TRM,36.40625_-118.84375,19427.6,channel
cdec_TRM,36.40625_-118.90625,9451.6,channel
cdec_TRM,36.40625_-118.96875,1572.6,channel
cdec_TRM,36.40625_-119.03125,2834.4,fallback
cdec_TRM,36.40625_-119.09375,10710.4,fallback
cdec_TRM,36.40625_-119.15625,18805.3,fallback
cdec_TRM,36.46875_-118.53125,63144.5,fallback
cdec_TRM,36.46875_-118.59375,55996.5,channel
cdec_TRM,36.46875_-118.65625,48530.2,channel
cdec_TRM,36.46875_-118.71875,46831.8,channel
cdec_TRM,36.46875_-118.78125,31600.2,channel
cdec_TRM,36.46875_-118.84375,20761.7,channel
cdec_TRM,36.46875_-118.90625,15450.6,channel
cdec_TRM,36.46875_-118.96875,5250.3,channel
cdec_TRM,36.46875_-119.03125,9104.8,fallback
cdec_TRM,36.53125_-118.53125,65292.6,fallback
cdec_TRM,36.53125_-118.59375,57561.8,channel
cdec_TRM,36.53125_-118.65625,49534.1,channel
cdec_TRM,36.53125_-118.71875,41825.3,channel
cdec_TRM,36.53125_-118.78125,31745.1,channel
cdec_TRM,36.53125_-118.84375,31396.9,channel
cdec_TRM,36.53125_-118.90625,25337.0,channel
cdec_TRM,36.53125_-118.96875,30133.1,channel
cdec_TRM,36.59375_-118.53125,68871.0,fallback
cdec_TRM,36.59375_-118.59375,60035.0,channel
cdec_TRM,36.59375_-118.65625,55386.4,channel
cdec_TRM,36.59375_-118.71875,48211.5,channel
cdec_TRM,36.59375_-118.78125,40740.2,channel
cdec_TRM,36.59375_-118.84375,39181.1,channel
cdec_TRM,36.59375_-118.90625,36330.9,channel
cdec_TRM,36.59375_-118.96875,29507.5,fallback
cdec_TRM,36.65625_-118.59375,66927.2,fallback
cdec_TRM,36.65625_-118.65625,60521.4,fallback
cdec_TRM,36.65625_-118.71875,54316.1,channel
cdec_TRM,36.65625_-118.78125,57737.3,channel
cdec_TRM,36.65625_-118.84375,49906.2,channel
cdec_TRM,36.65625_-118.90625,49497.9,channel
cdec_TRM,36.65625_-118.96875,39472.7,fallback
cdec_TRM,36.71875_-118.78125,57587.9,fallback
cdec_TRM,36.71875_-118.84375,53812.2,fallback
cdec_TRM,36.71875_-118.90625,57563.8,channel
cdec_TRM,36.71875_-118.96875,49494.3,fallback
cdec_YRS,39.15625_-121.09375,28413.8,fallback
cdec_YRS,39.15625_-121.15625,21183.5,fallback
cdec_YRS,39.15625_-121.21875,14939.0,fallback
cdec_YRS,39.21875_-120.96875,42362.7,fallback
cdec_YRS,39.21875_-121.03125,34212.2,fallback
cdec_YRS,39.21875_-121.09375,21202.5,channel
cdec_YRS,39.21875_-121.15625,12896.8,channel
cdec_YRS,39.21875_-121.21875,5677.6,channel
cdec_YRS,39.21875_-121.28125,4033.1,center
cdec_YRS,39.28125_-120.34375,124203.0,fallback
cdec_YRS,39.28125_-120.40625,116081.4,fallback
cdec_YRS,39.28125_-120.46875,110939.2,channel
cdec_YRS,39.28125_-120.53125,104703.5,channel
cdec_YRS,39.28125_-120.59375,91744.7,fallback
cdec_YRS,39.28125_-120.65625,83646.6,fallback
cdec_YRS,39.28125_-120.78125,67486.8,fallback
cdec_YRS,39.28125_-120.84375,59434.9,fallback
cdec_YRS,39.28125_-120.90625,43662.8,channel
cdec_YRS,39.28125_-120.96875,36720.1,channel
cdec_YRS,39.28125_-121.03125,33869.6,channel
cdec_YRS,39.28125_-121.09375,25976.0,channel
cdec_YRS,39.28125_-121.15625,17356.5,channel
cdec_YRS,39.28125_-121.21875,9770.8,channel
cdec_YRS,39.28125_-121.28125,4588.3,channel
cdec_YRS,39.34375_-120.34375,125997.5,channel
cdec_YRS,39.34375_-120.40625,118029.2,channel
cdec_YRS,39.34375_-120.46875,113489.6,channel
cdec_YRS,39.34375_-120.53125,102904.6,channel
cdec_YRS,39.34375_-120.59375,94428.1,channel
cdec_YRS,39.34375_-120.65625,83720.6,channel
cdec_YRS,39.34375_-120.71875,76226.6,channel
cdec_YRS,39.34375_-120.78125,67824.3,channel
cdec_YRS,39.34375_-120.84375,59471.7,channel
cdec_YRS,39.34375_-120.90625,51674.4,channel
cdec_YRS,39.34375_-120.96875,42809.6,channel
cdec_YRS,39.34375_-121.03125,35328.3,channel
cdec_YRS,39.34375_-121.09375,29140.9,channel
cdec_YRS,39.34375_-121.15625,20609.3,channel
cdec_YRS,39.34375_-121.21875,17370.7,channel
cdec_YRS,39.34375_-121.28125,20313.3,fallback
cdec_YRS,39.40625_-120.34375,127481.0,fallback
cdec_YRS,39.40625_-120.40625,120369.2,channel
cdec_YRS,39.40625_-120.46875,113172.3,channel
cdec_YRS,39.40625_-120.53125,112402.0,channel
cdec_YRS,39.40625_-120.59375,103382.7,channel
cdec_YRS,39.40625_-120.65625,86141.2,channel
cdec_YRS,39.40625_-120.71875,82659.6,channel
cdec_YRS,39.40625_-120.78125,76672.2,channel
cdec_YRS,39.40625_-120.84375,68014.8,channel
cdec_YRS,39.40625_-120.90625,60249.3,channel
cdec_YRS,39.40625_-120.96875,52370.5,channel
cdec_YRS,39.40625_-121.03125,41188.8,channel
cdec_YRS,39.40625_-121.09375,33166.6,channel
cdec_YRS,39.40625_-121.15625,31882.7,channel
cdec_YRS,39.40625_-121.21875,32276.2,fallback
cdec_YRS,39.46875_-120.40625,122677.6,fallback
cdec_YRS,39.46875_-120.46875,121540.9,channel
cdec_YRS,39.46875_-120.53125,113034.4,channel
cdec_YRS,39.46875_-120.59375,98004.0,channel
cdec_YRS,39.46875_-120.65625,92677.4,channel
cdec_YRS,39.46875_-120.71875,84931.6,channel
cdec_YRS,39.46875_-120.78125,76540.5,channel
cdec_YRS,39.46875_-120.84375,72340.3,channel
cdec_YRS,39.46875_-120.90625,64725.5,channel
cdec_YRS,39.46875_-120.96875,54656.6,channel
cdec_YRS,39.46875_-121.03125,45914.1,channel
cdec_YRS,39.46875_-121.09375,42829.3,channel
cdec_YRS,39.46875_-121.15625,41188.3,channel
cdec_YRS,39.46875_-121.21875,42427.0,fallback
cdec_YRS,39.53125_-120.40625,126561.0,fallback
cdec_YRS,39.53125_-120.46875,118135.7,channel
cdec_YRS,39.53125_-120.53125,110447.7,channel
cdec_YRS,39.53125_-120.59375,103474.5,channel
cdec_YRS,39.53125_-120.65625,115202.8,channel
cdec_YRS,39.53125_-120.71875,104405.6,channel
cdec_YRS,39.53125_-120.78125,96710.0,channel
cdec_YRS,39.53125_-120.84375,88642.9,channel
cdec_YRS,39.53125_-120.90625,80995.3,channel
cdec_YRS,39.53125_-120.96875,72522.8,channel
cdec_YRS,39.53125_-121.03125,64211.3,channel
cdec_YRS,39.53125_-121.09375,56322.6,channel
cdec_YRS,39.53125_-121.15625,53008.1,channel
cdec_YRS,39.53125_-121.21875,52724.0,fallback
cdec_YRS,39.59375_-120.46875,124082.3,fallback
cdec_YRS,39.59375_-120.53125,126381.0,channel
cdec_YRS,39.59375_-120.59375,119318.8,channel
cdec_YRS,39.59375_-120.65625,112320.2,channel
cdec_YRS,39.59375_-120.71875,104905.2,channel
cdec_YRS,39.59375_-120.78125,99543.4,channel
cdec_YRS,39.59375_-120.84375,95402.7,channel
cdec_YRS,39.59375_-120.90625,84360.4,channel
cdec_YRS,39.59375_-120.96875,75305.2,channel
cdec_YRS,39.59375_-121.03125,67600.0,channel
cdec_YRS,39.59375_-121.09375,68763.6,channel
cdec_YRS,39.65625_-120.46875,129648.9,fallback
cdec_YRS,39.65625_-120.53125,131441.9,channel
cdec_YRS,39.65625_-120.59375,129573.4,channel
cdec_YRS,39.65625_-120.65625,130285.8,channel
cdec_YRS,39.65625_-120.71875,111545.5,channel
cdec_YRS,39.65625_-120.78125,107606.3,channel
cdec_YRS,39.65625_-120.84375,98110.0,channel
cdec_YRS,39.65625_-120.90625,86892.1,channel
cdec_YRS,39.65625_-120.96875,83517.2,channel
cdec_YRS,39.65625_-121.03125,79427.0,channel
cdec_YRS,39.71875_-120.59375,123385.2,fallback
cdec_YRS,39.71875_-120.71875,111950.8,fallback
cdec_YRS,39.71875_-120.78125,116663.8,channel
cdec_YRS,39.71875_-120.84375,97180.9,channel
cdec_YRS,39.71875_-120.90625,94710.8,channel
cdec_YRS,39.71875_-120.96875,93546.5,channel
cdec_YRS,39.71875_-121.03125,90083.6,fallback
cdec_YRS,39.78125_-120.84375,110600.8,fallback
cdec_YRS,39.78125_-120.90625,106535.1,fallback
