arc,node,entity,basis,trained_cell_frac,system,tier1_set,sq_mi,cover_frac,n_cells,n_nan_cells,nan_weight_frac,has_series,window,win_start,win_end,n_months,kge,nse,pbias,r,alpha,beta,seas_mismatch,ct_diff,sim_taf_yr,ref_taf_yr,excluded_wy
I_ALD002,ALD002,cdec_FOL,trained entity,1.0,FOLS,UF11,3.3370649331,1.0153814415552105,2,0,0.0,True,WY1976-85,1975-10,1985-09,120,0.7204986319498883,0.4584797934551883,-10.62985200236432,0.7467537541089451,1.0518457165516546,0.8937014799763567,0.2141497399083011,-0.5207225036174457,4.564133454104266,5.106999995373189,
I_ALD002,ALD002,cdec_FOL,trained entity,1.0,FOLS,UF11,3.3370649331,1.0153814415552105,2,0,0.0,True,WY1976-84,1975-10,1984-09,108,0.718038733473912,0.44909578203120026,-10.294094165673473,0.7438792668065636,1.0575107675159787,0.8970590583432653,0.21770063350482988,-0.5078438505691967,4.834151588284379,5.388888884542717,
I_ALD002,ALD002,cdec_FOL,trained entity,1.0,FOLS,UF11,3.3370649331,1.0153814415552105,2,0,0.0,True,WY1950-84_mixed,1949-10,1984-09,420,0.6948884550743546,0.5503144279522192,-15.31549275410718,0.760473918909287,0.8892575984813028,0.8468450724589283,0.2078692838546293,-0.5552041971946702,4.13260394609128,4.8799999911338094,
I_ALD002,ALD002,cdec_FOL,trained entity,1.0,FOLS,UF11,3.3370649331,1.0153814415552105,2,0,0.0,True,WY1976-85_own,1975-10,1985-09,0,,,,,,,,,,,
I_ALD002,ALD002,cdec_FOL,trained entity,1.0,FOLS,UF11,3.3370649331,1.0153814415552105,2,0,0.0,True,train,1987-10,2018-12,375,0.7558268588563284,0.5474453157089695,-10.533991617088907,0.7806608038220424,1.0203553908605272,0.8946600838291109,0.22592018902011887,-0.6036785682925006,3.7710280442949538,4.215040005087852,1976-1985
I_ALD004,ALD004,cdec_FOL,trained entity,1.0,FOLS,UF11,18.6571403474,1.0047880518579149,5,0,0.0,True,WY1976-85,1975-10,1985-09,120,0.8734097956474606,0.818649231656849,-4.299828612447498,0.9056056117454636,0.9274332948630893,0.9570017138755251,0.09288457042258466,0.0019426566558706782,27.27837688502141,28.504000034183264,
I_ALD004,ALD004,cdec_FOL,trained entity,1.0,FOLS,UF11,18.6571403474,1.0047880518579149,5,0,0.0,True,WY1976-84,1975-10,1984-09,108,0.8698891454388098,0.8140817179641168,-4.279339287381509,0.9030832206451456,0.9244705495818157,0.957206607126185,0.09176165647277029,-0.01556151234004588,28.793838335411806,30.081111142618788,
I_ALD004,ALD004,cdec_FOL,trained entity,1.0,FOLS,UF11,18.6571403474,1.0047880518579149,5,0,0.0,True,WY1950-84_mixed,1949-10,1984-09,420,0.8006450009612709,0.840846923571041,-7.281747213049463,0.9229600284885693,0.8311661343693918,0.9271825278695054,0.07170679325487953,-0.014128049314868107,25.238438313613,27.220571521776062,
I_ALD004,ALD004,cdec_FOL,trained entity,1.0,FOLS,UF11,18.6571403474,1.0047880518579149,5,0,0.0,True,WY1976-85_own,1975-10,1985-09,0,,,,,,,,,,,
I_ALD004,ALD004,cdec_FOL,trained entity,1.0,FOLS,UF11,18.6571403474,1.0047880518579149,5,0,0.0,True,train,1987-10,2018-12,375,0.8621062127126105,0.7929814790199798,-4.948071188555987,0.8918803067555897,0.930168147264356,0.9505192881144401,0.12736057707884757,-0.3385710774580044,22.379634406202918,23.544639952123166,1976-1985
I_ALMNR,ALMNR,cs_I_ALMNR,trained entity,1.0,OROV,UF8,355.493694935,1.0004542665616245,38,0,0.0,True,WY1976-85,1975-10,1985-09,120,0.7048335197963098,0.5407465205399117,-3.167100022227064,0.841610699791528,1.2470486356170114,0.9683289997777292,0.05815429858183248,0.16800368610562444,497.82278058771954,514.1050001621247,
I_ALMNR,ALMNR,cs_I_ALMNR,trained entity,1.0,OROV,UF8,355.493694935,1.0004542665616245,38,0,0.0,True,WY1976-84,1975-10,1984-09,108,0.7050358733267544,0.5349327797366314,-2.0766500052667647,0.8380970210107983,1.2456827505017296,0.9792334999473323,0.06014881323989374,0.20075967032909592,517.4161008443037,528.3888887299431,
I_ALMNR,ALMNR,cs_I_ALMNR,trained entity,1.0,OROV,UF8,355.493694935,1.0004542665616245,38,0,0.0,True,WY1950-84_mixed,1949-10,1984-09,420,0.8098356698977474,0.684866657090962,-6.33554141757342,0.8732541808383018,1.126822952429321,0.9366445858242659,0.05533100964072828,0.2963022852186006,511.2109814421881,545.789714881352,
I_ALMNR,ALMNR,cs_I_ALMNR,trained entity,1.0,OROV,UF8,355.493694935,1.0004542665616245,38,0,0.0,True,WY1976-85_own,1975-10,1985-09,120,0.7048335197963098,0.5407465205399117,-3.167100022227064,0.841610699791528,1.2470486356170114,0.9683289997777292,0.05815429858183248,0.16800368610562444,497.82278058771954,514.1050001621247,
I_ALMNR,ALMNR,cs_I_ALMNR,trained entity,1.0,OROV,UF8,355.493694935,1.0004542665616245,38,0,0.0,True,train,1949-10,2015-09,672,0.7867687299437619,0.707490355670491,-3.9229783270136345,0.8915839198549629,1.179372662912606,0.9607702167298637,0.07040989349499306,0.327660251687103,485.1663130872398,504.9764289515359,1976-1985
I_ALOHA,ALOHA,cdec_FOL,trained entity,1.0,FOLS,UF11,3.43883618161,0.997872300906354,3,0,0.0,True,WY1976-85,1975-10,1985-09,120,0.6737213200450344,0.7282828727133079,-31.034692970812117,0.9046836380833402,1.0325169396602707,0.6896530702918788,0.14842818889250314,0.20733675723933764,9.213764986317045,13.359999952465294,
I_ALOHA,ALOHA,cdec_FOL,trained entity,1.0,FOLS,UF11,3.43883618161,0.997872300906354,3,0,0.0,True,WY1976-84,1975-10,1984-09,108,0.674090047301025,0.72784470383968,-30.944576201325855,0.9057746727716727,1.0397769449429772,0.6905542379867415,0.16529858098609482,0.2644348080498995,9.549597788921684,13.828888831039269,
I_ALOHA,ALOHA,cdec_FOL,trained entity,1.0,FOLS,UF11,3.43883618161,0.997872300906354,3,0,0.0,True,WY1950-84_mixed,1949-10,1984-09,420,0.7016693947391694,0.7786025743703557,-28.718413865358666,0.9209308548245781,1.0165677645540687,0.7128158613464133,0.1461342173880478,0.20612422322952195,9.368029708842894,13.142285710573198,
I_ALOHA,ALOHA,cdec_FOL,trained entity,1.0,FOLS,UF11,3.43883618161,0.997872300906354,3,0,0.0,True,WY1976-85_own,1975-10,1985-09,0,,,,,,,,,,,
I_ALOHA,ALOHA,cdec_FOL,trained entity,1.0,FOLS,UF11,3.43883618161,0.997872300906354,3,0,0.0,True,train,1987-10,2018-12,375,0.48384270182081224,0.6045508141416935,-43.630697548768175,0.8599144007132284,0.7624487329503452,0.5636930245123182,0.10498367391885659,-0.48902342036946855,6.812838998289704,12.0860800152421,1976-1985
I_ANG017,ANG017,cdec_NML,trained entity,1.0,ST,UF16,2.25566313723,0.9685399694107556,2,0,0.0,True,WY1976-85,1975-10,1985-09,120,-0.10237007190180858,-0.08415503829585247,-82.06747920909491,0.8326739474711355,0.28326109830958407,0.17932520790905077,0.22478133278199972,-0.7852952772266546,1.623789760903204,9.055000018328428,
I_ANG017,ANG017,cdec_NML,trained entity,1.0,ST,UF16,2.25566313723,0.9685399694107556,2,0,0.0,True,WY1976-84,1975-10,1984-09,108,-0.09569774230196937,-0.08947890644169831,-81.40425147217903,0.8352330929470788,0.2853391062529929,0.18595748527820982,0.2257995356385654,-0.808603114160853,1.7723814587338755,9.531111135871873,
I_ANG017,ANG017,cdec_NML,trained entity,1.0,ST,UF16,2.25566313723,0.9685399694107556,2,0,0.0,True,WY1950-84_mixed,1949-10,1984-09,420,-0.20034781365479226,-0.2447132728674879,-86.47325736709092,0.6974411981757681,0.22441594832216233,0.1352674263290908,0.2830191887251483,-0.8958970193648854,1.15259441326392,8.520857123870934,
I_ANG017,ANG017,cdec_NML,trained entity,1.0,ST,UF16,2.25566313723,0.9685399694107556,2,0,0.0,True,WY1976-85_own,1975-10,1985-09,0,,,,,,,,,,,
I_ANG017,ANG017,cdec_NML,trained entity,1.0,ST,UF16,2.25566313723,0.9685399694107556,2,0,0.0,True,train,1987-10,2018-12,375,-0.2195443318995427,-0.11823557916994765,-88.85509611993203,0.7985520683883429,0.18933095675889353,0.11144903880067974,0.2099807496010792,-0.5466953000492589,0.8501867611142553,7.6284799785017965,1976-1985
I_ANT011,ANT011,cs_I_ANT011,trained entity,1.0,,UF7,123.775993873,1.0016227545370484,19,0,0.0,True,WY1976-85,1975-10,1985-09,120,0.838568426254809,0.8713880665548641,-13.674482742878732,0.9412920437165337,0.9374349854763956,0.8632551725712126,0.049778224956971914,-0.015200762145972213,94.5143561443816,109.4860003709793,
I_ANT011,ANT011,cs_I_ANT011,trained entity,1.0,,UF7,123.775993873,1.0016227545370484,19,0,0.0,True,WY1976-84,1975-10,1984-09,108,0.8362941168075678,0.8684546924457566,-14.021527564029524,0.9404067834131216,0.9401005742451592,0.8597847243597048,0.05568724836557952,0.026015251092548652,99.47804826095964,115.70111150211758,
I_ANT011,ANT011,cs_I_ANT011,trained entity,1.0,,UF7,123.775993873,1.0016227545370484,19,0,0.0,True,WY1950-84_mixed,1949-10,1984-09,420,0.7036948662091762,0.8234100347620836,-20.663605799459514,0.9374790729520591,0.7970482679839406,0.7933639420054049,0.05683628131439115,0.08915654733625455,90.37412701918724,113.912571815082,
I_ANT011,ANT011,cs_I_ANT011,trained entity,1.0,,UF7,123.775993873,1.0016227545370484,19,0,0.0,True,WY1976-85_own,1975-10,1985-09,84,0.6418185126216922,0.828907569114402,-26.403495997909808,0.9590011342130776,0.7614657030665005,0.7359650400209019,0.063080678450223,-0.026669285525783515,73.14125708899404,99.38142861638751,
I_ANT011,ANT011,cs_I_ANT011,trained entity,1.0,,UF7,123.775993873,1.0016227545370484,19,0,0.0,True,train,1949-10,2015-09,672,0.7790199330822789,0.8543041543697172,-14.854582088801333,0.9377115386042741,0.8487172295050758,0.8514541791119866,0.04997426853590595,0.10606405541750341,88.49224118711487,103.93071448590075,1976-1985
I_ANTLP,ANTLP,cs_I_ANTLP,trained entity,1.0,OROV,UF8,70.9672749628,1.0015041007002665,12,0,0.0,True,WY1976-85,1975-10,1985-09,120,0.5187426685314964,0.6207163389976349,-15.993591258459627,0.8364058151518856,0.576601764715772,0.8400640874154037,0.20455311561115694,-0.4001914941438063,29.989447851028206,35.69899999331683,
I_ANTLP,ANTLP,cs_I_ANTLP,trained entity,1.0,OROV,UF8,70.9672749628,1.0015041007002665,12,0,0.0,True,WY1976-84,1975-10,1984-09,108,0.5249278218534101,0.6268330060185372,-15.182114886357228,0.8395987720430853,0.5793869245059016,0.8481788511364278,0.19940959305830855,-0.39221588442608013,31.532462429598343,37.17666667513549,
I_ANTLP,ANTLP,cs_I_ANTLP,trained entity,1.0,OROV,UF8,70.9672749628,1.0015041007002665,12,0,0.0,True,WY1950-84_mixed,1949-10,1984-09,420,0.5069411257037364,0.6267495898951965,-9.591304923768236,0.8553280541722058,0.5385048552816311,0.9040869507623176,0.2179605802018108,-0.30412034755971806,37.20808590332366,41.15542854805078,
I_ANTLP,ANTLP,cs_I_ANTLP,trained entity,1.0,OROV,UF8,70.9672749628,1.0015041007002665,12,0,0.0,True,WY1976-85_own,1975-10,1985-09,120,0.5187426685314964,0.6207163389976349,-15.993591258459627,0.8364058151518856,0.576601764715772,0.8400640874154037,0.20455311561115694,-0.4001914941438063,29.989447851028206,35.69899999331683,
I_ANTLP,ANTLP,cs_I_ANTLP,trained entity,1.0,OROV,UF8,70.9672749628,1.0015041007002665,12,0,0.0,True,train,1949-10,2015-09,672,0.623643642790694,0.6748323491589341,8.201058571060768,0.8410102896186469,0.6688797145505649,1.0820105857106077,0.19842200721069805,-0.13493738444679426,38.28675128193916,35.38482135717225,1976-1985
I_BCC014,BCC014,cs_I_BCC014,trained entity,1.0,,UF7,72.1496586683,1.0003723940741713,17,0,0.0,True,WY1976-85,1975-10,1985-09,120,0.8176821783296909,0.9307638927632812,-8.71078414608146,0.9757310441231701,0.8416869246230979,0.9128921585391854,0.039123948484868824,-0.14944032880464153,97.02309139853685,106.2809998869896,
I_BCC014,BCC014,cs_I_BCC014,trained entity,1.0,,UF7,72.1496586683,1.0003723940741713,17,0,0.0,True,WY1976-84,1975-10,1984-09,108,0.81470956115082,0.9298816682813229,-9.160089519446544,0.9756550139384503,0.8407858536996249,0.9083991048055348,0.04183359099949413,-0.13731595611646963,102.91152509706845,113.28888871934677,
I_BCC014,BCC014,cs_I_BCC014,trained entity,1.0,,UF7,72.1496586683,1.0003723940741713,17,0,0.0,True,WY1950-84_mixed,1949-10,1984-09,420,0.6625349528755785,0.8217570411770672,-19.389683185999466,0.9407345595719677,0.7302329074994203,0.8061031681400054,0.060084432937166095,0.09346802544189092,93.87462901534894,116.454856804439,
I_BCC014,BCC014,cs_I_BCC014,trained entity,1.0,,UF7,72.1496586683,1.0003723940741713,17,0,0.0,True,WY1976-85_own,1975-10,1985-09,120,0.8176821783296909,0.9307638927632812,-8.71078414608146,0.9757310441231701,0.8416869246230979,0.9128921585391854,0.039123948484868824,-0.14944032880464153,97.02309139853685,106.2809998869896,
I_BCC014,BCC014,cs_I_BCC014,trained entity,1.0,,UF7,72.1496586683,1.0003723940741713,17,0,0.0,True,train,1949-10,2015-09,672,0.7085360418435139,0.8416725298983505,-15.345758798068212,0.9407507632770218,0.7593934008736636,0.8465424120193179,0.05078301244935022,0.13876187531136086,88.50721844080016,104.55142847441935,1976-1985
I_BCK040,BCK040,cs_I_BCK040,trained entity,1.0,,,71.435415285,1.0015413154657062,13,0,0.0,True,WY1976-85,1975-10,1985-09,120,0.8068073550636649,0.8804793759324778,-16.462595739370126,0.9427130994590577,0.9166939183725684,0.8353740426062987,0.10032583602992268,-0.6347330229163735,25.28259557985178,30.265000215917826,
I_BCK040,BCK040,cs_I_BCK040,trained entity,1.0,,,71.435415285,1.0015413154657062,13,0,0.0,True,WY1976-84,1975-10,1984-09,108,0.8144272797676775,0.8799777762548797,-15.582923458969852,0.9422959077949874,0.9173881250399927,0.8441707654103013,0.10197390670951624,-0.6120042720334595,27.71787831475878,32.8344447006368,
I_BCK040,BCK040,cs_I_BCK040,trained entity,1.0,,,71.435415285,1.0015413154657062,13,0,0.0,True,WY1950-84_mixed,1949-10,1984-09,420,0.8652919393288149,0.8773961751010505,-8.990262779999377,0.9377650053542687,0.9213197320423139,0.9100973722000063,0.09166523663783903,-0.38777919686019846,20.367979214411527,22.38000002700303,
I_BCK040,BCK040,cs_I_BCK040,trained entity,1.0,,,71.435415285,1.0015413154657062,13,0,0.0,True,WY1976-85_own,1975-10,1985-09,0,,,,,,,,,,,
I_BCK040,BCK040,cs_I_BCK040,trained entity,1.0,,,71.435415285,1.0015413154657062,13,0,0.0,True,train,1949-10,2015-09,672,0.8467100749511798,0.9015505048161618,-9.138213709913611,0.9525332591854035,0.8864481851439286,0.9086178629008638,0.060819269757490094,-0.3707290958463565,17.09158877038515,18.810535724906785,1976-1985
I_BCN010,BCN010,cs_I_BCN010,trained entity,1.0,SRBB,UF6,73.5176290471,0.9995696413214319,13,0,0.0,True,WY1976-85,1975-10,1985-09,120,0.7252866329252052,0.8237679891300076,-7.910964650256982,0.9274649416801896,0.7471210503138883,0.9208903534974301,0.13816648492308278,0.5186274330373593,56.72592485440505,61.598999966681006,
I_BCN010,BCN010,cs_I_BCN010,trained entity,1.0,SRBB,UF6,73.5176290471,0.9995696413214319,13,0,0.0,True,WY1976-84,1975-10,1984-09,108,0.7239921127060248,0.8253802447607017,-6.881515319652139,0.929117073967863,0.7422783685133404,0.9311848468034785,0.14627515348769188,0.5919888512999494,59.9476110749534,64.37777771055698,
I_BCN010,BCN010,cs_I_BCN010,trained entity,1.0,SRBB,UF6,73.5176290471,0.9995696413214319,13,0,0.0,True,WY1950-84_mixed,1949-10,1984-09,420,0.5054070933495262,0.6356696633911139,-27.986492273728018,0.8665848153745653,0.6146454141422713,0.7201350772627197,0.10375336608222871,0.4523199102768114,48.25213652602014,67.0042857923678,
I_BCN010,BCN010,cs_I_BCN010,trained entity,1.0,SRBB,UF6,73.5176290471,0.9995696413214319,13,0,0.0,True,WY1976-85_own,1975-10,1985-09,0,,,,,,,,,,,
I_BCN010,BCN010,cs_I_BCN010,trained entity,1.0,SRBB,UF6,73.5176290471,0.9995696413214319,13,0,0.0,True,train,1949-10,2015-09,672,0.4783666650875077,0.6282499870319393,-30.378494910379615,0.8727264864744939,0.5955034072519212,0.6962150508962038,0.10482481264578361,0.3820972030800851,43.45190028771762,62.41160720639995,1976-1985
I_BEARD,BEARD,cdec_NML,trained entity,1.0,ST,UF16,12.992228426,1.000611036648117,4,0,0.0,True,WY1976-85,1975-10,1985-09,120,0.11208312242715324,0.21021993557672303,-62.703994903126194,0.7390329662309831,0.4280616369892758,0.3729600509687381,0.17308967608109224,-0.8358191782042246,14.59057012702729,39.12099992781878,
I_BEARD,BEARD,cdec_NML,trained entity,1.0,ST,UF16,12.992228426,1.000611036648117,4,0,0.0,True,WY1976-84,1975-10,1984-09,108,0.1237946516292392,0.22889433628860534,-61.44091732752769,0.746359913224603,0.4291200768206276,0.3855908267247231,0.16665674133980607,-0.9873752353523253,15.573156586288146,40.38777768280771,
I_BEARD,BEARD,cdec_NML,trained entity,1.0,ST,UF16,12.992228426,1.000611036648117,4,0,0.0,True,WY1950-84_mixed,1949-10,1984-09,420,0.10665900176759924,0.20890504235948515,-62.24927649531121,0.7457335629782889,0.41185930619606353,0.3775072350468878,0.17317953508998984,-0.6715338487804017,12.180432705333113,32.265428512437005,
I_BEARD,BEARD,cdec_NML,trained entity,1.0,ST,UF16,12.992228426,1.000611036648117,4,0,0.0,True,WY1976-85_own,1975-10,1985-09,0,,,,,,,,,,,
I_BEARD,BEARD,cdec_NML,trained entity,1.0,ST,UF16,12.992228426,1.000611036648117,4,0,0.0,True,train,1987-10,2018-12,375,0.13983143650827867,0.22640550776462331,-64.15075653999843,0.7344232512620997,0.4922333294870545,0.3584924346000156,0.20375355718740862,-0.7004644645976477,10.125547142970369,28.244800073027612,1976-1985
I_BLKBT,BLKBT,uf_04,trained entity,1.0,,UF4,389.817891857,0.9996584002888181,46,0,0.0,True,WY1976-85,1975-10,1985-09,120,0.9027943177160408,0.9535992149447131,-3.9822626823946825,0.9788955560755711,0.9138738976397321,0.9601773731760532,0.05865002848974732,-0.13689234071272516,235.9261422510296,245.71099969856442,
I_BLKBT,BLKBT,uf_04,trained entity,1.0,,UF4,389.817891857,0.9996584002888181,46,0,0.0,True,WY1976-84,1975-10,1984-09,108,0.8966592693217365,0.9547143987938513,-5.4342439729493295,0.9796771562435094,0.9144828211233962,0.9456575602705067,0.06365870294219263,-0.17074552939789456,249.23540479715206,263.55777743251787,
I_BLKBT,BLKBT,uf_04,trained entity,1.0,,UF4,389.817891857,0.9996584002888181,46,0,0.0,True,WY1950-84_mixed,1949-10,1984-09,420,0.8378263522409367,0.9075134576230647,-11.830966753482338,0.9568811478513578,0.8978047007702223,0.8816903324651765,0.0640799208576606,-0.05141342044103148,209.77755823696054,237.9265718502658,
I_BLKBT,BLKBT,uf_04,trained entity,1.0,,UF4,389.817891857,0.9996584002888181,46,0,0.0,True,WY1976-85_own,1975-10,1985-09,0,,,,,,,,,,,
I_BLKBT,BLKBT,uf_04,trained entity,1.0,,UF4,389.817891857,0.9996584002888181,46,0,0.0,True,train,1984-10,2014-09,348,0.8774275858969977,0.9223415984330425,-3.4151126234377327,0.9634841769364282,0.8880880169867792,0.9658488737656226,0.049993258830777175,-0.05948213908424549,208.26932307656182,215.633448185913,1976-1985
I_BOWMN,BOWMN,cdec_YRS,trained entity,1.0,YUBA,UF9,22.8581300354,1.0014281848871152,6,0,0.0,True,WY1976-85,1975-10,1985-09,120,0.7802135306272531,0.7247487107467471,-16.193435863361724,0.8875125065708407,1.0971077722702014,0.8380656413663827,0.12611456501611534,0.27267949133959934,66.73013857697417,79.62399993892758,
I_BOWMN,BOWMN,cdec_YRS,trained entity,1.0,YUBA,UF9,22.8581300354,1.0014281848871152,6,0,0.0,True,WY1976-84,1975-10,1984-09,108,0.7819658045385477,0.7411702847374428,-15.754542700412454,0.8973231317674861,1.110344050816407,0.8424545729958755,0.1307229176376867,0.2935197076099243,69.78051222726113,82.82999993591673,
I_BOWMN,BOWMN,cdec_YRS,trained entity,1.0,YUBA,UF9,22.8581300354,1.0014281848871152,6,0,0.0,True,WY1950-84_mixed,1949-10,1984-09,420,0.7520691993932499,0.7599901259571176,-22.7220765660277,0.9008016066311892,1.0002903365430245,0.772779234339723,0.11502017106526895,0.21413261685566898,66.2795088687185,85.76771466348852,
I_BOWMN,BOWMN,cdec_YRS,trained entity,1.0,YUBA,UF9,22.8581300354,1.0014281848871152,6,0,0.0,True,WY1976-85_own,1975-10,1985-09,0,,,,,,,,,,,
I_BOWMN,BOWMN,cdec_YRS,trained entity,1.0,YUBA,UF9,22.8581300354,1.0014281848871152,6,0,0.0,True,train,1987-10,2018-12,375,0.8051738438466622,0.7205212947836301,-14.043168879539538,0.8744294707801992,1.0496811241319794,0.8595683112046046,0.1065969087937054,0.32606331056509585,66.511057808083,77.3772798986435,1976-1985
I_BRC003,BRC003,uf_03,trained entity,1.0,,UF3,94.9552297083,1.0003279082639787,16,0,0.0,True,WY1976-85,1975-10,1985-09,120,0.46726212049750826,0.7177037388221216,-38.18649361169245,0.9070413433781287,0.6403508557214606,0.6181350638830756,0.08563442481338919,-0.2274887805717336,27.437779025256635,44.38799969200045,
I_BRC003,BRC003,uf_03,trained entity,1.0,,UF3,94.9552297083,1.0003279082639787,16,0,0.0,True,WY1976-84,1975-10,1984-09,108,0.46643214073442474,0.7153593171742997,-38.36195237728872,0.9066153851965599,0.6410988504622409,0.6163804762271127,0.08996270849138456,-0.1710027004514476,29.402033386557328,47.701110792035855,
I_BRC003,BRC003,uf_03,trained entity,1.0,,UF3,94.9552297083,1.0003279082639787,16,0,0.0,True,WY1950-84_mixed,1949-10,1984-09,420,0.501828329923665,0.7437651095310865,-35.07154999192124,0.917992366016426,0.6558366682061004,0.6492845000807875,0.08007510057732574,-0.07446463775495449,24.873161704869396,38.30857151491301,
I_BRC003,BRC003,uf_03,trained entity,1.0,,UF3,94.9552297083,1.0003279082639787,16,0,0.0,True,WY1976-85_own,1975-10,1985-09,0,,,,,,,,,,,
I_BRC003,BRC003,uf_03,trained entity,1.0,,UF3,94.9552297083,1.0003279082639787,16,0,0.0,True,train,1984-10,2014-09,348,0.8755734851469495,0.8480015047985837,7.834039718170165,0.9315346287418613,1.0682439206550653,1.0783403971817016,0.05091532666079562,-0.1801459547589559,35.10778858902985,32.55724136903882,1976-1985
I_BRR023,BRR023,uf_10,trained entity,1.0,,UF10,105.591907451,1.000364017188411,20,0,0.0,True,WY1976-85,1975-10,1985-09,120,0.8968044364048416,0.8959648949896184,-7.211625311375125,0.9534388870909148,1.0572768116014077,0.9278837468862488,0.07555171215948633,0.0470155838372035,86.49453952401882,93.2170003131032,
I_BRR023,BRR023,uf_10,trained entity,1.0,,UF10,105.591907451,1.000364017188411,20,0,0.0,True,WY1976-84,1975-10,1984-09,108,0.9013804851920779,0.8956718098833426,-6.32185948977815,0.953300926823891,1.0595685699391264,0.9367814051022186,0.07797337181995469,0.04421090859934651,92.27088696434181,98.4977780961328,
I_BRR023,BRR023,uf_10,trained entity,1.0,,UF10,105.591907451,1.000364017188411,20,0,0.0,True,WY1950-84_mixed,1949-10,1984-09,420,0.882489698255743,0.9069955477060534,-10.885585202359573,0.9560021000106407,0.995177211100441,0.8911441479764043,0.07293610383347808,0.08510524710099077,88.96190187451023,99.82885717930537,
I_BRR023,BRR023,uf_10,trained entity,1.0,,UF10,105.591907451,1.000364017188411,20,0,0.0,True,WY1976-85_own,1975-10,1985-09,0,,,,,,,,,,,
I_BRR023,BRR023,uf_10,trained entity,1.0,,UF10,105.591907451,1.000364017188411,20,0,0.0,True,train,1984-10,2014-09,348,0.835417630235113,0.8490354884691563,-14.826500616203155,0.9290949446276225,1.0087930374637468,0.8517349938379685,0.07264470196306808,0.22488778019201838,73.66450364554366,86.48758613710004,1976-1985
I_BSH003,BSH003,cdec_FOL,trained entity,1.0,FOLS,UF11,8.01461019792,1.0006222752800893,3,0,0.0,True,WY1976-85,1975-10,1985-09,120,0.661502708227272,0.4651400890271631,-20.345611575134033,0.7340163210368623,0.9506167232144006,0.7965438842486596,0.2405842542170284,-0.36084358583406306,10.069111270027644,12.641000036709013,
I_BSH003,BSH003,cdec_FOL,trained entity,1.0,FOLS,UF11,8.01461019792,1.0006222752800893,3,0,0.0,True,WY1976-84,1975-10,1984-09,108,0.6609644207853823,0.4575457226096421,-19.9169872796872,0.7299598271030174,0.9514738136132987,0.800830127203128,0.24556050857216868,-0.3164470071961336,10.666167511196136,13.318888923981124,
I_BSH003,BSH003,cdec_FOL,trained entity,1.0,FOLS,UF11,8.01461019792,1.0006222752800893,3,0,0.0,True,WY1950-84_mixed,1949-10,1984-09,420,0.6096199145005787,0.4322508773725712,-22.464497917122568,0.7047665429862362,0.8784744868457774,0.7753550208287744,0.2234467827400815,-0.4996724062323823,9.532879250465635,12.294857187196612,
I_BSH003,BSH003,cdec_FOL,trained entity,1.0,FOLS,UF11,8.01461019792,1.0006222752800893,3,0,0.0,True,WY1976-85_own,1975-10,1985-09,0,,,,,,,,,,,
I_BSH003,BSH003,cdec_FOL,trained entity,1.0,FOLS,UF11,8.01461019792,1.0006222752800893,3,0,0.0,True,train,1987-10,2018-12,375,0.7681273629178552,0.6655248922347075,-15.491626267332688,0.832558591498517,0.9584157949962213,0.8450837373266731,0.15605870018422796,-0.4292834774739145,9.47981134082186,11.217600010633468,1976-1985
I_BTC048,BTC048,uf_07,trained entity,1.0,,UF7,147.693507988,0.998893552044287,27,0,0.0,True,WY1976-85,1975-10,1985-09,120,0.8145472324405132,0.9141242185319969,6.35084001816581,0.967499737212957,0.8288183858569719,1.0635084001816582,0.08673435425387521,0.05283760910729285,264.45944239255766,248.6669991016388,
I_BTC048,BTC048,uf_07,trained entity,1.0,,UF7,147.693507988,0.998893552044287,27,0,0.0,True,WY1976-84,1975-10,1984-09,108,0.814237219954555,0.9131029915571293,5.588601036334604,0.9670352282668712,0.8259371144658831,1.055886010363346,0.08984784047152064,0.0708870254831826,277.2017531236516,262.5299988852607,
I_BTC048,BTC048,uf_07,trained entity,1.0,,UF7,147.693507988,0.998893552044287,27,0,0.0,True,WY1950-84_mixed,1949-10,1984-09,420,0.7120105541296675,0.8389843375533559,-3.900462254908003,0.9433811570605399,0.7203379414781087,0.9609953774509201,0.09358458996048155,0.21160495843289695,259.6052125033119,270.1419992174421,
I_BTC048,BTC048,uf_07,trained entity,1.0,,UF7,147.693507988,0.998893552044287,27,0,0.0,True,WY1976-85_own,1975-10,1985-09,120,0.8145472324405132,0.9141242185319969,6.35084001816581,0.967499737212957,0.8288183858569719,1.0635084001816582,0.08673435425387521,0.05283760910729285,264.45944239255766,248.6669991016388,
I_BTC048,BTC048,uf_07,trained entity,1.0,,UF7,147.693507988,0.998893552044287,27,0,0.0,True,train,1984-10,2014-09,348,0.7663651528970021,0.8846220151274082,2.389756300315343,0.9593693699844974,0.7711697131761295,1.0238975630031533,0.07233211573112429,0.15669920056635966,244.74082236938756,239.02862084322965,1976-1985
I_BTL006,BTL006,cs_I_BTL006,trained entity,1.0,SRBB,UF6,360.368194618,1.000059128906181,40,0,0.0,True,WY1976-85,1975-10,1985-09,120,0.663276436990004,0.783916616538455,1.8199433080124743,0.9611540622755244,1.3339798371818499,1.0181994330801247,0.04892810159962832,0.15698316737790385,377.21845144524184,370.4759983062744,
I_BTL006,BTL006,cs_I_BTL006,trained entity,1.0,SRBB,UF6,360.368194618,1.000059128906181,40,0,0.0,True,WY1976-84,1975-10,1984-09,108,0.6668179493184857,0.7862521120562143,3.4781191632169413,0.9615423142443082,1.3291223997410415,1.0347811916321694,0.049765830616959696,0.1840479359642675,392.9018171588956,379.6955533557468,
I_BTL006,BTL006,cs_I_BTL006,trained entity,1.0,SRBB,UF6,360.368194618,1.000059128906181,40,0,0.0,True,WY1950-84_mixed,1949-10,1984-09,420,0.8140446005737848,0.8313905363063832,-4.6159981113937025,0.9430817691874506,1.170906353657474,0.953840018886063,0.052287890943939506,0.22308113682694053,360.0157408504737,377.4382849557059,
I_BTL006,BTL006,cs_I_BTL006,trained entity,1.0,SRBB,UF6,360.368194618,1.000059128906181,40,0,0.0,True,WY1976-85_own,1975-10,1985-09,120,0.663276436990004,0.783916616538455,1.8199433080124743,0.9611540622755244,1.3339798371818499,1.0181994330801247,0.04892810159962832,0.15698316737790385,377.21845144524184,370.4759983062744,
I_BTL006,BTL006,cs_I_BTL006,trained entity,1.0,SRBB,UF6,360.368194618,1.000059128906181,40,0,0.0,True,train,1949-10,2015-09,672,0.8067011539280163,0.8222867182969126,-3.4322058827256825,0.9397527382306615,1.1804347738655594,0.9656779411727432,0.05475999162506993,0.1623815233991346,341.69617221007945,353.8407140118735,1976-1985
I_BTVLY,BTVLY,cdec_ORO,trained entity,1.0,OROV,UF8,62.9378215702,0.9997657868162944,14,0,0.0,True,WY1976-85,1975-10,1985-09,120,0.5621641140526594,0.57810554694667,15.056453038135382,0.9173151754563211,1.402732920189691,1.1505645303813539,0.10946482869795596,-0.4013203247917385,79.5569354061805,69.14600033760071,
I_BTVLY,BTVLY,cdec_ORO,trained entity,1.0,OROV,UF8,62.9378215702,0.9997657868162944,14,0,0.0,True,WY1976-84,1975-10,1984-09,108,0.5582430986118837,0.5676262291119041,15.659717327406371,0.9150986956166732,1.404250236562222,1.1565971732740636,0.11248763444116647,-0.4155583835766823,83.63868243515554,72.3144447935952,
I_BTVLY,BTVLY,cdec_ORO,trained entity,1.0,OROV,UF8,62.9378215702,0.9997657868162944,14,0,0.0,True,WY1950-84_mixed,1949-10,1984-09,420,0.8149985949537293,0.72258716789182,2.1432784395645674,0.8885509510134217,1.1461001885766455,1.0214327843956457,0.1008087101050732,-0.18357358593478512,81.36441745866476,79.6571430853435,
I_BTVLY,BTVLY,cdec_ORO,trained entity,1.0,OROV,UF8,62.9378215702,0.9997657868162944,14,0,0.0,True,WY1976-85_own,1975-10,1985-09,0,,,,,,,,,,,
I_BTVLY,BTVLY,cdec_ORO,trained entity,1.0,OROV,UF8,62.9378215702,0.9997657868162944,14,0,0.0,True,train,1987-10,2018-12,375,0.6505752554674594,0.7241752873390053,12.586379102124448,0.9403777874294079,1.3204702013753835,1.1258637910212446,0.09701102687281224,-0.21760615378211678,73.86278934122754,65.60543995666504,1976-1985
I_BUCKS,BUCKS,cs_I_BUCKS,trained entity,1.0,OROV,UF8,28.5426705415,1.0005414523842904,7,0,0.0,True,WY1976-85,1975-10,1985-09,120,0.7693332584431427,0.567753856662621,2.231393394029332,0.8198509530512461,1.1423220112843473,1.0223139339402934,0.1829577041575735,-0.7695402145594468,96.30708403228817,94.20499988794327,
I_BUCKS,BUCKS,cs_I_BUCKS,trained entity,1.0,OROV,UF8,28.5426705415,1.0005414523842904,7,0,0.0,True,WY1976-84,1975-10,1984-09,108,0.7718062594322407,0.5759225420339736,2.386540042505386,0.8235744942823628,1.1427475633036643,1.023865400425054,0.17260662116159012,-0.6878704879037736,100.95199070966359,98.59888874822192,
I_BUCKS,BUCKS,cs_I_BUCKS,trained entity,1.0,OROV,UF8,28.5426705415,1.0005414523842904,7,0,0.0,True,WY1950-84_mixed,1949-10,1984-09,420,0.7829304981079019,0.582848450002196,-8.026623801970807,0.8089377487226982,1.064588821189865,0.919733761980292,0.17647192790105073,-0.6685870109926855,92.15364394683616,100.19599992547717,
I_BUCKS,BUCKS,cs_I_BUCKS,trained entity,1.0,OROV,UF8,28.5426705415,1.0005414523842904,7,0,0.0,True,WY1976-85_own,1975-10,1985-09,0,,,,,,,,,,,
I_BUCKS,BUCKS,cs_I_BUCKS,trained entity,1.0,OROV,UF8,28.5426705415,1.0005414523842904,7,0,0.0,True,train,1949-10,2015-09,672,0.7981699571720655,0.6034012068488976,-5.519115841036688,0.8167942289030525,1.0642257554102756,0.9448088415896331,0.16288839188545162,-0.5396051331439473,85.26866043670464,90.24964276714516,1976-1985
I_BVC007,BVC007,cs_I_BVC007,trained entity,1.0,ST,UF16,29.5199122645,0.9983602730509663,10,0,0.0,True,WY1976-85,1975-10,1985-09,120,0.803635899480486,0.6502118937967327,1.9798513564504543,0.8523086437541498,1.1278833144852576,1.0197985135645047,0.1588667493218565,0.48991003391730814,45.07203474679831,44.19699984584003,
I_BVC007,BVC007,cs_I_BVC007,trained entity,1.0,ST,UF16,29.5199122645,0.9983602730509663,10,0,0.0,True,WY1976-84,1975-10,1984-09,108,0.8002125366660177,0.6417691797979641,2.628964330037851,0.8486236926511169,1.1277070817691122,1.0262896433003785,0.1574307868565192,0.44863320078677305,47.74869564368122,46.52555538817412,
I_BVC007,BVC007,cs_I_BVC007,trained entity,1.0,ST,UF16,29.5199122645,0.9983602730509663,10,0,0.0,True,WY1950-84_mixed,1949-10,1984-09,420,0.8429605321381937,0.6902037198917621,-3.786923187449994,0.8499317122187119,1.0265861758428543,0.9621307681255001,0.12802994578875307,0.5038454809345358,40.03206210687721,41.607714286978755,
I_BVC007,BVC007,cs_I_BVC007,trained entity,1.0,ST,UF16,29.5199122645,0.9983602730509663,10,0,0.0,True,WY1976-85_own,1975-10,1985-09,0,,,,,,,,,,,
I_BVC007,BVC007,cs_I_BVC007,trained entity,1.0,ST,UF16,29.5199122645,0.9983602730509663,10,0,0.0,True,train,1949-10,2015-09,672,0.8406354740967708,0.7592525321694574,-8.036874977676241,0.8757871827291392,0.940762408883236,0.9196312502232376,0.10767025752300903,0.44074655540924823,35.22926693410669,38.30803588455144,1976-1985
I_CAPLS,CAPLS,cs_I_CAPLS,trained entity,1.0,FOLS,UF11,13.5972377226,1.000280185588894,5,0,0.0,True,WY1976-85,1975-10,1985-09,120,0.49903017581478215,0.4183501028894957,16.782490912375437,0.8762742480751071,1.455518938061187,1.1678249091237543,0.15651882046733004,0.17339461389011923,36.593793516038076,31.334999990276994,
I_CAPLS,CAPLS,cs_I_CAPLS,trained entity,1.0,FOLS,UF11,13.5972377226,1.000280185588894,5,0,0.0,True,WY1976-84,1975-10,1984-09,108,0.48878862255386013,0.3974618922243013,17.16387699359652,0.8730184723312951,1.4644920846647125,1.1716387699359652,0.1720680496961438,0.1915930767768277,37.98062343547917,32.416666646798454,
I_CAPLS,CAPLS,cs_I_CAPLS,trained entity,1.0,FOLS,UF11,13.5972377226,1.000280185588894,5,0,0.0,True,WY1950-84_mixed,1949-10,1984-09,420,0.489529973344339,0.33371397019053606,18.94691953585126,0.8453063573492202,1.4480523954265414,1.1894691953585126,0.18821527306887273,0.3216362677103586,38.22852044276566,32.13914289831051,
I_CAPLS,CAPLS,cs_I_CAPLS,trained entity,1.0,FOLS,UF11,13.5972377226,1.000280185588894,5,0,0.0,True,WY1976-85_own,1975-10,1985-09,120,0.49903017581478215,0.4183501028894957,16.782490912375437,0.8762742480751071,1.455518938061187,1.1678249091237543,0.15651882046733004,0.17339461389011923,36.593793516038076,31.334999990276994,
I_CAPLS,CAPLS,cs_I_CAPLS,trained entity,1.0,FOLS,UF11,13.5972377226,1.000280185588894,5,0,0.0,True,train,1949-10,2015-09,672,0.6577810060409588,0.4634233104159051,0.1753932696400035,0.826396274294928,1.2949110204243865,1.0017539326964,0.1485946688430133,-0.017047574436217516,29.771948031100948,29.719821464503184,1976-1985
I_CCH053,CCH053,uf_03,trained entity,1.0,,UF3,248.025211085,0.999353414911753,34,0,0.0,True,WY1976-85,1975-10,1985-09,120,0.4157201273700596,0.7363744444302393,48.85937524298467,0.9592379732681925,1.3178011513882484,1.4885937524298467,0.07618238332237956,0.11896563931159232,100.3490822064285,67.41200011260807,
I_CCH053,CCH053,uf_03,trained entity,1.0,,UF3,248.025211085,0.999353414911753,34,0,0.0,True,WY1976-84,1975-10,1984-09,108,0.43192687430229226,0.7388301776076674,46.880788447955965,0.9596702478426711,1.3182762238696004,1.4688078844795596,0.07229668632757416,0.19831361469963493,106.3449551254703,72.40222240715391,
I_CCH053,CCH053,uf_03,trained entity,1.0,,UF3,248.025211085,0.999353414911753,34,0,0.0,True,WY1950-84_mixed,1949-10,1984-09,420,0.1165894590967207,0.4451821808807248,77.0737541655975,0.9197301637338086,1.4241869623726398,1.7707375416559752,0.07425903709480913,0.1901959598615086,116.34099795850346,65.70199999809265,
I_CCH053,CCH053,uf_03,trained entity,1.0,,UF3,248.025211085,0.999353414911753,34,0,0.0,True,WY1976-85_own,1975-10,1985-09,0,,,,,,,,,,,
I_CCH053,CCH053,uf_03,trained entity,1.0,,UF3,248.025211085,0.999353414911753,34,0,0.0,True,train,1984-10,2014-09,348,-0.42711856987255037,-0.022425915144833164,119.0213964804963,0.9609091602254407,1.78646680585009,2.190213964804963,0.06493142267827653,-0.03749266080369651,116.22408198555468,53.06517255993496,1976-1985
I_CFS001,CFS001,cs_I_CFS001,trained entity,1.0,ST,UF16,67.2646813002,0.9976690656754202,12,0,0.0,True,WY1976-85,1975-10,1985-09,120,0.7946770735260187,0.8186507238884997,14.915982971344897,0.9314166133475965,1.1233092389522448,1.1491598297134489,0.1472300047086179,0.12707176079162252,140.99731423802112,122.6959998011589,
I_CFS001,CFS001,cs_I_CFS001,trained entity,1.0,ST,UF16,67.2646813002,0.9976690656754202,12,0,0.0,True,WY1976-84,1975-10,1984-09,108,0.8026662310722148,0.8188506813030606,13.577113368250556,0.9309909821973803,1.125477372779834,1.1357711336825056,0.1482543842177726,0.1237852225531535,144.8347967016392,127.52111090554132,
I_CFS001,CFS001,cs_I_CFS001,trained entity,1.0,ST,UF16,67.2646813002,0.9976690656754202,12,0,0.0,True,WY1950-84_mixed,1949-10,1984-09,420,0.8018517196851492,0.818380633355016,15.068068670669868,0.9292997750207855,1.1075153469659975,1.1506806867066988,0.13733016287919494,0.18293608942371709,132.26318354768006,114.94342876843044,
I_CFS001,CFS001,cs_I_CFS001,trained entity,1.0,ST,UF16,67.2646813002,0.9976690656754202,12,0,0.0,True,WY1976-85_own,1975-10,1985-09,120,0.7946770735260187,0.8186507238884997,14.915982971344897,0.9314166133475965,1.1233092389522448,1.1491598297134489,0.1472300047086179,0.12707176079162252,140.99731423802112,122.6959998011589,
I_CFS001,CFS001,cs_I_CFS001,trained entity,1.0,ST,UF16,67.2646813002,0.9976690656754202,12,0,0.0,True,train,1949-10,2015-09,672,0.8298337755702744,0.7837488240781898,9.540344950122334,0.9101934398551154,1.1085794985937885,1.0954034495012233,0.13020322539634743,0.06655380352274509,115.45298088022574,105.3976787573525,1976-1985
I_CLR011,CLR011,cdec_BND,trained entity,1.0,SRBB,UF6,28.3454815416,0.9985835241900818,4,0,0.0,True,WY1976-85,1975-10,1985-09,120,0.6703043463950367,0.873708485059176,-20.89119964231907,0.9721523712472913,0.746465956271486,0.7910880035768092,0.04138501181182497,-0.4327628372599941,43.458419405291714,54.93499990999699,
I_CLR011,CLR011,cdec_BND,trained entity,1.0,SRBB,UF6,28.3454815416,0.9985835241900818,4,0,0.0,True,WY1976-84,1975-10,1984-09,108,0.6610992673069036,0.8712587720074121,-21.95389357447346,0.9735276832461806,0.7431818177042904,0.7804610642552654,0.03567362736758348,-0.42362391585451764,45.495676896132316,58.29333323571417,
I_CLR011,CLR011,cdec_BND,trained entity,1.0,SRBB,UF6,28.3454815416,0.9985835241900818,4,0,0.0,True,WY1950-84_mixed,1949-10,1984-09,420,0.5644726853389568,0.7677098646878338,-30.509716480010724,0.9377535623843211,0.695491965867971,0.6949028351998927,0.04162421551259194,-0.25764334543969625,36.63805707734403,52.72399999174689,
I_CLR011,CLR011,cdec_BND,trained entity,1.0,SRBB,UF6,28.3454815416,0.9985835241900818,4,0,0.0,True,WY1976-85_own,1975-10,1985-09,0,,,,,,,,,,,
I_CLR011,CLR011,cdec_BND,trained entity,1.0,SRBB,UF6,28.3454815416,0.9985835241900818,4,0,0.0,True,train,1999-10,2018-12,231,0.9003409060759023,0.8751550204113282,6.944741736543796,0.9372531998785222,0.9657679930831085,1.0694474173654378,0.09533175745252867,-0.08657171886102688,45.2273482482947,42.29038989098815,1976-1985
I_CLRLK,CLRLK,uf_03,trained entity,1.0,,UF3,489.454785185,0.9994423335537771,56,0,0.0,True,WY1976-85,1975-10,1985-09,120,0.7017777184252876,0.8486786740742489,-21.45330575740161,0.9421912660697473,0.8010772845626919,0.785466942425984,0.07604597636029657,-0.18625274985051554,384.59524797326014,489.6389996826648,
I_CLRLK,CLRLK,uf_03,trained entity,1.0,,UF3,489.454785185,0.9994423335537771,56,0,0.0,True,WY1976-84,1975-10,1984-09,108,0.701431046699527,0.8482990484061242,-21.76028761399988,0.9421532791820415,0.803923063413492,0.7823971238600013,0.0767264474000855,-0.22445957465347277,404.7679357453326,517.3433329463005,
I_CLRLK,CLRLK,uf_03,trained entity,1.0,,UF3,489.454785185,0.9994423335537771,56,0,0.0,True,WY1950-84_mixed,1949-10,1984-09,420,0.6191902433202799,0.8241884133425348,-25.104921153581234,0.9516053819489119,0.717779651489472,0.7489507884641877,0.07942886362961697,0.17458751271499562,366.27973184770383,489.057141656535,
I_CLRLK,CLRLK,uf_03,trained entity,1.0,,UF3,489.454785185,0.9994423335537771,56,0,0.0,True,WY1976-85_own,1975-10,1985-09,0,,,,,,,,,,,
I_CLRLK,CLRLK,uf_03,trained entity,1.0,,UF3,489.454785185,0.9994423335537771,56,0,0.0,True,train,1984-10,2014-09,348,0.704022018417203,0.8874836031146421,-14.07132307945993,0.9733670502961019,0.7409759890449499,0.8592867692054006,0.08585791412005774,0.27934775175636606,362.9313214785478,422.36344662231625,1976-1985
I_CMBIE,CMBIE,uf_10,trained entity,1.0,,UF10,31.8448124247,1.001037292010328,8,0,0.0,True,WY1976-85,1975-10,1985-09,120,0.8489300321898674,0.8215095810877091,-8.100843028374666,0.925263588636861,1.1033162049906864,0.9189915697162534,0.10741552587831016,0.14108384216804382,28.179957404137998,30.663999902457,
I_CMBIE,CMBIE,uf_10,trained entity,1.0,,UF10,31.8448124247,1.001037292010328,8,0,0.0,True,WY1976-84,1975-10,1984-09,108,0.8537478392572209,0.8203322860869591,-6.7312478623002745,0.9247573334138584,1.105817134097301,0.9326875213769972,0.11016049809222386,0.12257894510834966,30.220111890798584,32.40111098107364,
I_CMBIE,CMBIE,uf_10,trained entity,1.0,,UF10,31.8448124247,1.001037292010328,8,0,0.0,True,WY1950-84_mixed,1949-10,1984-09,420,0.8671115025180947,0.8476135571805835,-10.034384049656145,0.931212522532729,1.0534672739261006,0.8996561595034385,0.10545798636048516,0.16415346032250788,29.54290883267418,32.837999852054885,
I_CMBIE,CMBIE,uf_10,trained entity,1.0,,UF10,31.8448124247,1.001037292010328,8,0,0.0,True,WY1976-85_own,1975-10,1985-09,0,,,,,,,,,,,
I_CMBIE,CMBIE,uf_10,trained entity,1.0,,UF10,31.8448124247,1.001037292010328,8,0,0.0,True,train,1984-10,2014-09,348,0.7861452263361155,0.7656794100435056,-18.218591569776823,0.8927130022531148,1.0321194093136348,0.8178140843022318,0.11005074836371981,0.3272772707097431,23.266528747619947,28.44965523853898,1976-1985
I_CMP001,CMP001,cs_I_CMP001,trained entity,1.0,,UF13,15.7076840199,1.0017978712385531,5,0,0.0,True,WY1976-85,1975-10,1985-09,120,0.7835383232154818,0.7484226936471889,-0.14061120702052596,0.9112238032486673,1.1974144555385444,0.9985938879297946,0.1413302069992393,-0.6417941283967714,13.91041287232863,13.930000013485552,
I_CMP001,CMP001,cs_I_CMP001,trained entity,1.0,,UF13,15.7076840199,1.0017978712385531,5,0,0.0,True,WY1976-84,1975-10,1984-09,108,0.7826000616128415,0.7498111893282421,1.0114612411342403,0.912105103946353,1.1985822627382094,1.0101146124113423,0.1334246958653278,-0.6045730424877451,14.892456447508762,14.743333345072138,
I_CMP001,CMP001,cs_I_CMP001,trained entity,1.0,,UF13,15.7076840199,1.0017978712385531,5,0,0.0,True,WY1950-84_mixed,1949-10,1984-09,420,0.7792668268383498,0.5933787147325402,-5.880048445188896,0.8266678098328754,1.1233758023848353,0.9411995155481109,0.18216980999097918,-0.6578749535150612,12.06214408179562,12.815714290684888,
I_CMP001,CMP001,cs_I_CMP001,trained entity,1.0,,UF13,15.7076840199,1.0017978712385531,5,0,0.0,True,WY1976-85_own,1975-10,1985-09,120,0.7835383232154818,0.7484226936471889,-0.14061120702052596,0.9112238032486673,1.1974144555385444,0.9985938879297946,0.1413302069992393,-0.6417941283967714,13.91041287232863,13.930000013485552,
I_CMP001,CMP001,cs_I_CMP001,trained entity,1.0,,UF13,15.7076840199,1.0017978712385531,5,0,0.0,True,train,1949-10,2015-09,672,0.8155756672962622,0.6708815596708579,-8.098798436458793,0.8500858893841113,1.070562315154956,0.919012015635412,0.17258284090514053,-0.652809040190351,10.906867399810697,11.868035688597178,1976-1985
I_CMP014,CMP014,cs_I_CMP014,trained entity,1.0,,UF13,29.7308203078,0.9974012600769985,9,0,0.0,True,WY1976-85,1975-10,1985-09,120,0.6944408546414471,0.6354245477970419,-14.512971465626368,0.8036986707608488,0.8162350812179237,0.8548702853437363,0.1435062091953484,-0.4169942981085377,42.050214622508285,49.18900018334388,
I_CMP014,CMP014,cs_I_CMP014,trained entity,1.0,,UF13,29.7308203078,0.9974012600769985,9,0,0.0,True,WY1976-84,1975-10,1984-09,108,0.6916174204435531,0.6268683683641504,-14.33287643137168,0.7985150801454169,0.8157162303256644,0.8566712356862832,0.14508898263755554,-0.38627728519825677,44.561182298826374,52.016666887534996,
I_CMP014,CMP014,cs_I_CMP014,trained entity,1.0,,UF13,29.7308203078,0.9974012600769985,9,0,0.0,True,WY1950-84_mixed,1949-10,1984-09,420,0.7221323691276986,0.7029589697651304,-16.228777725557297,0.8481635577506639,0.83321033471736,0.837712222744427,0.08282439447195217,-0.14130312515797794,38.08694527066934,45.46542862403605,
I_CMP014,CMP014,cs_I_CMP014,trained entity,1.0,,UF13,29.7308203078,0.9974012600769985,9,0,0.0,True,WY1976-85_own,1975-10,1985-09,0,,,,,,,,,,,
I_CMP014,CMP014,cs_I_CMP014,trained entity,1.0,,UF13,29.7308203078,0.9974012600769985,9,0,0.0,True,train,1949-10,2015-09,672,0.7657857253002348,0.7239534511103618,-15.397319534051176,0.8596851019407764,0.8929471580367931,0.8460268046594882,0.08761485139508646,-0.26765224164280266,34.32527148392708,40.57232146177973,1976-1985
I_CMPFW,CMPFW,uf_10,trained entity,1.0,,UF10,25.0969974101,1.0008649844741633,7,0,0.0,True,WY1976-85,1975-10,1985-09,120,0.7425712125983659,0.8336353194739851,3.4077892687523033,0.9590945000601163,1.251863093540363,1.034077892687523,0.12033247631101128,-0.3329505333839826,16.37358948993859,15.834000132605436,
I_CMPFW,CMPFW,uf_10,trained entity,1.0,,UF10,25.0969974101,1.0008649844741633,7,0,0.0,True,WY1976-84,1975-10,1984-09,108,0.7395369485803618,0.8371304915181819,4.015822737773029,0.9611707854041042,1.2544024567935095,1.0401582273777303,0.11267278140600778,-0.30059552638696374,17.40300304223739,16.731111271513832,
I_CMPFW,CMPFW,uf_10,trained entity,1.0,,UF10,25.0969974101,1.0008649844741633,7,0,0.0,True,WY1950-84_mixed,1949-10,1984-09,420,0.8121618565298455,0.8459698691124361,-4.535271156318137,0.9478197764026787,1.1746525807467922,0.9546472884368187,0.11964208113721998,-0.3721200439286996,16.18699945583303,16.956000034670744,
I_CMPFW,CMPFW,uf_10,trained entity,1.0,,UF10,25.0969974101,1.0008649844741633,7,0,0.0,True,WY1976-85_own,1975-10,1985-09,0,,,,,,,,,,,
I_CMPFW,CMPFW,uf_10,trained entity,1.0,,UF10,25.0969974101,1.0008649844741633,7,0,0.0,True,train,1984-10,2014-09,348,0.8037560047864915,0.8350107062313352,-4.658378080556242,0.9446301944253639,1.1824166704384385,0.9534162191944375,0.13241609916338487,-0.14764737968983432,14.006341810722816,14.690689678592928,1976-1985
I_COL003,COL003,cs_I_COL003,trained entity,1.0,,UF14,20.6784256592,1.0015910282237719,5,0,0.0,True,WY1976-85,1975-10,1985-09,120,0.8126700258824457,0.880720290573712,-11.093267888304482,0.9455552224666283,0.8592085721428451,0.8890673211169552,0.051840665245197134,-0.10244678299801446,45.58425976255771,51.27200008351356,
I_COL003,COL003,cs_I_COL003,trained entity,1.0,,UF14,20.6784256592,1.0015910282237719,5,0,0.0,True,WY1976-84,1975-10,1984-09,108,0.80776765966915,0.8774820645884198,-11.288443754857967,0.944316738096036,0.8547080498714704,0.8871155624514204,0.04849126372412842,-0.11168719461712318,47.381828004218946,53.41111125734945,
I_COL003,COL003,cs_I_COL003,trained entity,1.0,,UF14,20.6784256592,1.0015910282237719,5,0,0.0,True,WY1950-84_mixed,1949-10,1984-09,420,0.7527722966344645,0.8874283555791342,-16.27973346277544,0.95906353683407,0.8184985643776871,0.8372026653722455,0.04331749844331516,-0.024726230074747058,43.28098578028713,51.697142842997394,
I_COL003,COL003,cs_I_COL003,trained entity,1.0,,UF14,20.6784256592,1.0015910282237719,5,0,0.0,True,WY1976-85_own,1975-10,1985-09,120,0.8126700258824457,0.880720290573712,-11.093267888304482,0.9455552224666283,0.8592085721428451,0.8890673211169552,0.051840665245197134,-0.10244678299801446,45.58425976255771,51.27200008351356,
I_COL003,COL003,cs_I_COL003,trained entity,1.0,,UF14,20.6784256592,1.0015910282237719,5,0,0.0,True,train,1949-10,2015-09,672,0.7421852269321343,0.8650086114366345,-15.64586020758037,0.9473232837927014,0.801973924398487,0.8435413979241962,0.07268373002335624,-0.2713742807150483,39.4837626763983,46.80714280717075,1976-1985
I_COT033,COT033,uf_21,trained entity,1.0,,UF21,30.3173832183,0.9961527697988904,7,0,0.0,True,WY1976-85,1975-10,1985-09,120,0.13270699734003155,0.5076139740066286,-67.31346128923562,0.9087518420056199,0.460777671964676,0.3268653871076438,0.15833914501344099,-0.6027951571552279,2.291326372440503,7.0100000269711025,
I_COT033,COT033,uf_21,trained entity,1.0,,UF21,30.3173832183,0.9961527697988904,7,0,0.0,True,WY1976-84,1975-10,1984-09,108,0.13682838259058316,0.49979410678175207,-66.91447660308695,0.9081627764323322,0.46252772391307145,0.33085523396913036,0.16002753153848778,-0.4944132692757037,2.5247930621658172,7.631111141501201,
I_COT033,COT033,uf_21,trained entity,1.0,,UF21,30.3173832183,0.9961527697988904,7,0,0.0,True,WY1950-84_mixed,1949-10,1984-09,420,0.052532827499753854,0.42966229272445244,-72.85389529882667,0.8801271992701403,0.4062361171395226,0.2714610470117333,0.16890645956845218,-0.6949948574406042,1.444250330003993,5.320285712821143,
I_COT033,COT033,uf_21,trained entity,1.0,,UF21,30.3173832183,0.9961527697988904,7,0,0.0,True,WY1976-85_own,1975-10,1985-09,0,,,,,,,,,,,
I_COT033,COT033,uf_21,trained entity,1.0,,UF21,30.3173832183,0.9961527697988904,7,0,0.0,True,train,1984-10,2014-09,348,0.1410526563933424,0.5727262988869521,-65.60252270749864,0.9360180760418052,0.4492480105013204,0.34397477292501355,0.13828676023111972,-0.8813893696751167,1.4509804856132464,4.218275873183177,1976-1985
I_COW014,COW014,cdec_BND,trained entity,1.0,SRBB,UF6,384.0351176,1.0002284582102137,40,0,0.0,True,WY1976-85,1975-10,1985-09,120,0.8412273476356529,0.9465826090959981,3.885107220241713,0.9827242975747031,0.847026474730936,1.0388510722024171,0.0704238675299286,0.3926937774075583,479.33419801178513,461.4080023959279,
I_COW014,COW014,cdec_BND,trained entity,1.0,SRBB,UF6,384.0351176,1.0002284582102137,40,0,0.0,True,WY1976-84,1975-10,1984-09,108,0.8378498098113414,0.9461379037198552,3.7656166276385545,0.9830730615049785,0.8431938264201019,1.0376561662763855,0.07223786093991912,0.4137410894428468,506.00726770005065,487.64444730844764,
I_COW014,COW014,cdec_BND,trained entity,1.0,SRBB,UF6,384.0351176,1.0002284582102137,40,0,0.0,True,WY1950-84_mixed,1949-10,1984-09,420,0.8031092075026294,0.9105084374498135,-6.690044736158694,0.9671761320000022,0.8177559109255368,0.9330995526384129,0.0554813801643364,0.24058518451131494,442.13402780841864,473.8337153396436,
I_COW014,COW014,cdec_BND,trained entity,1.0,SRBB,UF6,384.0351176,1.0002284582102137,40,0,0.0,True,WY1976-85_own,1975-10,1985-09,0,,,,,,,,,,,
I_COW014,COW014,cdec_BND,trained entity,1.0,SRBB,UF6,384.0351176,1.0002284582102137,40,0,0.0,True,train,1999-10,2018-12,231,0.8168447056875063,0.8915798378939266,0.9309586673581653,0.9531615935274881,0.8231798735726643,1.0093095866735817,0.07353689553951445,0.3422991873612089,394.31497201886555,390.67792204215925,1976-1985
I_CSM035,CSM035,cs_I_CSM035,trained entity,1.0,,UF13,476.361044335,1.0005294626837336,55,0,0.0,True,WY1976-85,1975-10,1985-09,120,0.8512622879771432,0.9376861386371269,-7.780306448574649,0.9745803197584315,0.875808897295992,0.9221969355142535,0.049138042231982496,0.09467153998660827,352.78090177878266,382.5439970498905,
I_CSM035,CSM035,cs_I_CSM035,trained entity,1.0,,UF13,476.361044335,1.0005294626837336,55,0,0.0,True,WY1976-84,1975-10,1984-09,108,0.8511788584819253,0.9367437397638739,-7.581236186613528,0.9741769487232805,0.8745671973773173,0.9241876381338646,0.050238786431680255,0.1035028741208599,377.6179316063558,408.59444124230913,
I_CSM035,CSM035,cs_I_CSM035,trained entity,1.0,,UF13,476.361044335,1.0005294626837336,55,0,0.0,True,WY1950-84_mixed,1949-10,1984-09,420,0.8465485099090913,0.9214547972980959,-7.91837636050551,0.9658399434543452,0.8730733206561493,0.9208162363949449,0.03058704741679103,0.03331579967912113,316.2624910337167,343.45885588627846,
I_CSM035,CSM035,cs_I_CSM035,trained entity,1.0,,UF13,476.361044335,1.0005294626837336,55,0,0.0,True,WY1976-85_own,1975-10,1985-09,120,0.8512622879771432,0.9376861386371269,-7.780306448574649,0.9745803197584315,0.875808897295992,0.9221969355142535,0.049138042231982496,0.09467153998660827,352.78090177878266,382.5439970498905,
I_CSM035,CSM035,cs_I_CSM035,trained entity,1.0,,UF13,476.361044335,1.0005294626837336,55,0,0.0,True,train,1949-10,2015-09,672,0.8692557466907475,0.9270840484686328,-4.92402113869056,0.966889369952898,0.8834961479870695,0.9507597886130944,0.02754522647991861,-0.036030846247034454,281.131859581807,295.69178561064683,1976-1985
I_CWD018,CWD018,cs_I_CWD018,trained entity,1.0,SRBB,UF6,394.941946735,0.9997774051184816,44,0,0.0,True,WY1976-85,1975-10,1985-09,120,0.8905908134198555,0.9601045657708465,10.043607537643267,0.9818434252375272,0.9605880263878709,1.1004360753764326,0.04713958183327202,-0.005877925849643084,389.27376095176,353.7450013337657,
I_CWD018,CWD018,cs_I_CWD018,trained entity,1.0,SRBB,UF6,394.941946735,0.9997774051184816,44,0,0.0,True,WY1976-84,1975-10,1984-09,108,0.9092879757485659,0.9666325021615636,7.616756186627514,0.9847128762533005,0.9531654218478162,1.0761675618662752,0.04147253082260298,0.005922552613108145,401.2442938733134,372.84555685499475,
I_CWD018,CWD018,cs_I_CWD018,trained entity,1.0,SRBB,UF6,394.941946735,0.9997774051184816,44,0,0.0,True,WY1950-84_mixed,1949-10,1984-09,420,0.9037095617258669,0.9490504089281621,-1.0208417157433847,0.9766952882307938,0.9071316677681855,0.9897915828425661,0.039186181885484304,-0.0497710215457543,343.0628937776197,346.60114283088063,
I_CWD018,CWD018,cs_I_CWD018,trained entity,1.0,SRBB,UF6,394.941946735,0.9997774051184816,44,0,0.0,True,WY1976-85_own,1975-10,1985-09,120,0.8905908134198555,0.9601045657708465,10.043607537643267,0.9818434252375272,0.9605880263878709,1.1004360753764326,0.04713958183327202,-0.005877925849643084,389.27376095176,353.7450013337657,
I_CWD018,CWD018,cs_I_CWD018,trained entity,1.0,SRBB,UF6,394.941946735,0.9997774051184816,44,0,0.0,True,train,1949-10,2015-09,672,0.8752950028966759,0.8900935849365248,11.244932118837943,0.9470491734230783,0.9898660752107842,1.1124493211883795,0.0530652567900441,-0.11713693728995889,350.95551125845924,315.47999946959317,1976-1985
I_CYN009,CYN009,cdec_FOL,trained entity,1.0,FOLS,UF11,1.27797359812,0.9901029227995297,3,0,0.0,True,WY1976-85,1975-10,1985-09,120,0.5250161882856018,0.4647800750032597,18.378527220951938,0.8819162983968031,1.4217686978964879,1.1837852722095195,0.1973675176729863,-0.7160968988974581,3.097966043692666,2.616999988444149,
I_CYN009,CYN009,cdec_FOL,trained entity,1.0,FOLS,UF11,1.27797359812,0.9901029227995297,3,0,0.0,True,WY1976-84,1975-10,1984-09,108,0.5203225466254124,0.46499103215803306,17.784725826048245,0.8850379077608429,1.4304004290810528,1.1778472582604824,0.19308685465129558,-0.6699307898316782,3.2508584164469765,2.759999986117084,
I_CYN009,CYN009,cdec_FOL,trained entity,1.0,FOLS,UF11,1.27797359812,0.9901029227995297,3,0,0.0,True,WY1950-84_mixed,1949-10,1984-09,420,0.46827131465525673,0.3267619890781145,22.210348355320125,0.8544138053759953,1.4606626719703728,1.2221034835532012,0.1984044101057892,-0.7050146066473308,3.261968777634178,2.669142852084977,
I_CYN009,CYN009,cdec_FOL,trained entity,1.0,FOLS,UF11,1.27797359812,0.9901029227995297,3,0,0.0,True,WY1976-85_own,1975-10,1985-09,0,,,,,,,,,,,
I_CYN009,CYN009,cdec_FOL,trained entity,1.0,FOLS,UF11,1.27797359812,0.9901029227995297,3,0,0.0,True,train,1987-10,2018-12,375,0.6623798009755466,0.592674057485783,13.317860213256065,0.8766966585487458,1.2846878021803605,1.1331786021325607,0.1873049030235651,-0.6940409547782034,2.6873557227629874,2.3715200037360193,1976-1985
I_DAVIS,DAVIS,cs_I_DAVIS,trained entity,1.0,OROV,UF8,43.8743604741,1.001784693890689,11,0,0.0,True,WY1976-85,1975-10,1985-09,120,0.698896619296624,0.8319419403856322,-14.245959745109808,0.9390981655091781,0.7418150362226225,0.8575404025489018,0.0912362657567283,0.22294111337244615,31.783020031744336,37.06300010737032,
I_DAVIS,DAVIS,cs_I_DAVIS,trained entity,1.0,OROV,UF8,43.8743604741,1.001784693890689,11,0,0.0,True,WY1976-84,1975-10,1984-09,108,0.6906440541212562,0.8317929112441541,-14.82754036137755,0.9416390382829513,0.734840606273952,0.8517245963862244,0.09120969070695137,0.19641378728740566,32.981615538300105,38.723333432235655,
I_DAVIS,DAVIS,cs_I_DAVIS,trained entity,1.0,OROV,UF8,43.8743604741,1.001784693890689,11,0,0.0,True,WY1950-84_mixed,1949-10,1984-09,420,0.6151893592312253,0.7464911607340556,-9.392683769163906,0.9068393678489782,0.6386441158257617,0.906073162308361,0.13467728145514993,0.04140371797277975,32.68464774412587,36.072857141973714,
I_DAVIS,DAVIS,cs_I_DAVIS,trained entity,1.0,OROV,UF8,43.8743604741,1.001784693890689,11,0,0.0,True,WY1976-85_own,1975-10,1985-09,60,0.7156793023390808,0.8063069375730629,-15.479676953902082,0.915671883753448,0.7769193238557335,0.8452032304609792,0.11827414697687495,-0.03244481333170146,19.87748951287275,23.517999927699563,
I_DAVIS,DAVIS,cs_I_DAVIS,trained entity,1.0,OROV,UF8,43.8743604741,1.001784693890689,11,0,0.0,True,train,1949-10,2015-09,672,0.658724048420618,0.7553994638089229,-3.385108661856909,0.8969148565503297,0.6764311012147247,0.9661489133814308,0.13890654943355965,0.150724477583017,30.115034125636335,31.17017853928597,1976-1985
I_DBC024,DBC024,uf_21,trained entity,1.0,,UF21,31.9508949143,1.0031320878380585,6,0,0.0,True,WY1976-85,1975-10,1985-09,120,0.22922922103199683,0.612731732092616,-60.94927579482416,0.9313737413650388,0.5332060322311823,0.39050724205175835,0.1435787999195588,-0.7178208279821456,2.819852793872334,7.220999997481703,
I_DBC024,DBC024,uf_21,trained entity,1.0,,UF21,31.9508949143,1.0031320878380585,6,0,0.0,True,WY1976-84,1975-10,1984-09,108,0.23425441607116448,0.6070192584496219,-60.44372870204981,0.9310414675903357,0.5349552858340193,0.39556271297950196,0.14496916980821536,-0.6111530792969537,3.1095624377350886,7.861111110076308,
I_DBC024,DBC024,uf_21,trained entity,1.0,,UF21,31.9508949143,1.0031320878380585,6,0,0.0,True,WY1950-84_mixed,1949-10,1984-09,420,0.02812892562563385,0.3862769610195985,-75.33188978893794,0.8340278030135473,0.4088170730511531,0.24668110211062055,0.1801042563645896,-0.8674823355771535,1.3523057996116565,5.4819999912487605,
I_DBC024,DBC024,uf_21,trained entity,1.0,,UF21,31.9508949143,1.0031320878380585,6,0,0.0,True,WY1976-85_own,1975-10,1985-09,0,,,,,,,,,,,
I_DBC024,DBC024,uf_21,trained entity,1.0,,UF21,31.9508949143,1.0031320878380585,6,0,0.0,True,train,1984-10,2014-09,348,0.2616659867596759,0.6756198617774556,-58.63758615825244,0.9330639092911809,0.5563559717278546,0.41362413841747564,0.15565283011135178,-0.9106419543555813,1.7981239765762713,4.34724139518522,1976-1985
I_DCC010,DCC010,cs_I_DCC010,trained entity,1.0,FOLS,UF11,9.70096734654,0.9978359616907656,4,0,0.0,True,WY1976-85,1975-10,1985-09,120,0.7490422097966825,0.8713485726773147,-14.448914934119994,0.9509453441979439,0.8007605989505825,0.8555108506588002,0.043872498668392844,0.051587661902168236,25.18880597799312,29.443000002391635,
I_DCC010,DCC010,cs_I_DCC010,trained entity,1.0,FOLS,UF11,9.70096734654,0.9978359616907656,4,0,0.0,True,WY1976-84,1975-10,1984-09,108,0.749821537972053,0.8692733649788633,-14.635894561226715,0.9495276283056396,0.8034780887598518,0.8536410543877329,0.04888146283844774,0.0593558842595483,26.33862046826677,30.854444421206914,
I_DCC010,DCC010,cs_I_DCC010,trained entity,1.0,FOLS,UF11,9.70096734654,0.9978359616907656,4,0,0.0,True,WY1950-84_mixed,1949-10,1984-09,420,0.8253286509323442,0.8854318108132208,-7.780913104293485,0.9474284311057283,0.8527177897522817,0.922190868957065,0.04439878018105015,0.054290190958199425,26.79596827943449,29.056857079640032,
I_DCC010,DCC010,cs_I_DCC010,trained entity,1.0,FOLS,UF11,9.70096734654,0.9978359616907656,4,0,0.0,True,WY1976-85_own,1975-10,1985-09,120,0.7490422097966825,0.8713485726773147,-14.448914934119994,0.9509453441979439,0.8007605989505825,0.8555108506588002,0.043872498668392844,0.051587661902168236,25.18880597799312,29.443000002391635,
I_DCC010,DCC010,cs_I_DCC010,trained entity,1.0,FOLS,UF11,9.70096734654,0.9978359616907656,4,0,0.0,True,train,1949-10,2015-09,672,0.7230933048011834,0.800012439349446,-14.979988987183539,0.9089363693955927,0.7856527909641453,0.8502001101281645,0.06394600496925879,0.015332210403396829,23.911118969995798,28.1241071191949,1976-1985
I_DCM027,DCM027,cs_I_DCM027,trained entity,1.0,,,39.0293138661,0.9993116850782858,10,0,0.0,True,WY1976-85,1975-10,1985-09,120,0.48301871151134335,0.7884134884428637,-37.42291234745544,0.9540781429344265,0.6462862755921007,0.6257708765254455,0.042733563924960145,-0.21710013638243542,6.56871689978804,10.49700001422316,
I_DCM027,DCM027,cs_I_DCM027,trained entity,1.0,,,39.0293138661,0.9993116850782858,10,0,0.0,True,WY1976-84,1975-10,1984-09,108,0.4850142360544012,0.7857507112541413,-37.15674358788307,0.9536561198851728,0.6464462948334928,0.6284325641211692,0.04186395907942515,-0.14822217018673367,7.222086688815383,11.492222238538995,
I_DCM027,DCM027,cs_I_DCM027,trained entity,1.0,,,39.0293138661,0.9993116850782858,10,0,0.0,True,WY1950-84_mixed,1949-10,1984-09,420,0.6703987407247208,0.8083720269697858,-23.48864611263693,0.913270395985317,0.7856560794357893,0.7651135388736306,0.055767188135657134,-0.16949632786039803,6.394381742998027,8.357428562055741,
I_DCM027,DCM027,cs_I_DCM027,trained entity,1.0,,,39.0293138661,0.9993116850782858,10,0,0.0,True,WY1976-85_own,1975-10,1985-09,120,0.48301871151134335,0.7884134884428637,-37.42291234745544,0.9540781429344265,0.6462862755921007,0.6257708765254455,0.042733563924960145,-0.21710013638243542,6.56871689978804,10.49700001422316,
I_DCM027,DCM027,cs_I_DCM027,trained entity,1.0,,,39.0293138661,0.9993116850782858,10,0,0.0,True,train,1949-10,2015-09,672,0.7200692052846214,0.822076520645562,-20.426754272942947,0.9139905502910622,0.8290076160233154,0.7957324572705706,0.0895030323104994,-0.3056791326713908,5.4493463638067166,6.84821426349559,1976-1985
I_DEE023,DEE023,cs_I_DEE023,trained entity,1.0,,,74.7954339992,0.9988984320198777,14,0,0.0,True,WY1976-85,1975-10,1985-09,120,0.8232716053845224,0.8844405170105494,-11.821384690493769,0.9445780718890102,0.8808915546749089,0.8817861530950623,0.03586490264446579,-0.07364616117061829,38.4273587469269,43.578999978676435,
I_DEE023,DEE023,cs_I_DEE023,trained entity,1.0,,,74.7954339992,0.9988984320198777,14,0,0.0,True,WY1976-84,1975-10,1984-09,108,0.8231601838024132,0.8841513627200417,-11.72710673337863,0.9445658277329453,0.879804867385333,0.8827289326662138,0.03938465380795905,-0.0345586625597889,41.24109571356537,46.719999976663125,
I_DEE023,DEE023,cs_I_DEE023,trained entity,1.0,,,74.7954339992,0.9988984320198777,14,0,0.0,True,WY1950-84_mixed,1949-10,1984-09,420,0.8877183155273661,0.8660768779911759,-7.687335908147209,0.9317496216860979,0.9548386316465898,0.9231266409185279,0.08221539063894732,-0.059616585978168324,35.69783464720629,38.6705713656864,
I_DEE023,DEE023,cs_I_DEE023,trained entity,1.0,,,74.7954339992,0.9988984320198777,14,0,0.0,True,WY1976-85_own,1975-10,1985-09,24,0.21335506418200867,0.35195613841778006,-46.63959079364294,0.7775960984143286,0.40685447260582297,0.5336040920635706,0.26863687227392413,-0.4754364083622553,0.9684914278109996,1.8150000013411045,
I_DEE023,DEE023,cs_I_DEE023,trained entity,1.0,,,74.7954339992,0.9988984320198777,14,0,0.0,True,train,1949-10,2015-09,672,0.8941550260087917,0.8152491770425485,3.528527551583545,0.9132562407459328,1.0493318161174263,1.0352852755158355,0.09071861801709624,-0.03374540016947858,34.216732911926954,33.05053565538089,1976-1985
I_DONLL,DONLL,cdec_NML,trained entity,1.0,ST,UF16,112.93927312,1.0033191253257403,19,0,0.0,True,WY1976-85,1975-10,1985-09,120,0.8131572252970791,0.8108510810657971,15.11478041619247,0.9208374826122454,1.076143677324833,1.151147804161925,0.14107074692174443,0.2597412531771175,245.05749488499617,212.88099929392337,
I_DONLL,DONLL,cdec_NML,trained entity,1.0,ST,UF16,112.93927312,1.0033191253257403,19,0,0.0,True,WY1976-84,1975-10,1984-09,108,0.8201161788276659,0.8060806259024523,14.002527006640195,0.9181808435840121,1.0778250506313205,1.140025270066402,0.14401169115423423,0.27891132323388934,254.52710778441468,223.26444375183848,
I_DONLL,DONLL,cdec_NML,trained entity,1.0,ST,UF16,112.93927312,1.0033191253257403,19,0,0.0,True,WY1950-84_mixed,1949-10,1984-09,420,0.8398166549078143,0.8321148411964493,13.779751277501946,0.9241587050000478,1.0303091981198909,1.1377975127750195,0.13287181398113299,0.1958692571248486,224.07133984630963,196.93428516978662,
I_DONLL,DONLL,cdec_NML,trained entity,1.0,ST,UF16,112.93927312,1.0033191253257403,19,0,0.0,True,WY1976-85_own,1975-10,1985-09,120,0.8131572252970791,0.8108510810657971,15.11478041619247,0.9208374826122454,1.076143677324833,1.151147804161925,0.14107074692174443,0.2597412531771175,245.05749488499617,212.88099929392337,
I_DONLL,DONLL,cdec_NML,trained entity,1.0,ST,UF16,112.93927312,1.0033191253257403,19,0,0.0,True,train,1987-10,2018-12,375,0.8013379311442801,0.8933409960479463,4.075363077650615,0.9568442668141516,0.8104127064548923,1.0407536307765062,0.11128285433211649,-0.14190162556113606,185.1392469241818,177.88959985280036,1976-1985
I_DRC012,DRC012,cs_I_DRC012,trained entity,1.0,,UF7,208.997747437,1.000835117562561,30,0,0.0,True,WY1976-85,1975-10,1985-09,120,0.5975483031387596,0.7970170848405588,26.000055414381208,0.9796649989985202,1.3065184625527022,1.260000554143812,0.03796022332955136,-0.10350415275732683,303.88441256222427,241.1779991388321,
I_DRC012,DRC012,cs_I_DRC012,trained entity,1.0,,UF7,208.997747437,1.000835117562561,30,0,0.0,True,WY1976-84,1975-10,1984-09,108,0.5980245754985046,0.7959126211731975,25.974022753840586,0.9795136711967043,1.3061038490996444,1.2597402275384058,0.03752970793455082,-0.09229765120226663,319.32315082916807,253.4833323955536,
I_DRC012,DRC012,cs_I_DRC012,trained entity,1.0,,UF7,208.997747437,1.000835117562561,30,0,0.0,True,WY1950-84_mixed,1949-10,1984-09,420,0.7685225183000135,0.8446574802283504,17.581491842494167,0.9545269863959582,1.1435379532638157,1.1758149184249416,0.0364404689356303,0.07191405958115915,309.2947546234492,263.04714268956866,
I_DRC012,DRC012,cs_I_DRC012,trained entity,1.0,,UF7,208.997747437,1.000835117562561,30,0,0.0,True,WY1976-85_own,1975-10,1985-09,120,0.5975483031387596,0.7970170848405588,26.000055414381208,0.9796649989985202,1.3065184625527022,1.260000554143812,0.03796022332955136,-0.10350415275732683,303.88441256222427,241.1779991388321,
I_DRC012,DRC012,cs_I_DRC012,trained entity,1.0,,UF7,208.997747437,1.000835117562561,30,0,0.0,True,train,1949-10,2015-09,672,0.6970391472646744,0.8086743065722938,23.60875891945314,0.9538571209408414,1.184170473286468,1.2360875891945315,0.03930383543268538,0.09550583368457755,298.60719698211904,241.5744641338076,1976-1985
I_EBF001,EBF001,cs_I_EBF001,trained entity,1.0,OROV,UF8,955.672466225,1.000309105145893,99,0,0.0,True,WY1976-85,1975-10,1985-09,120,0.9503925067343624,0.9221180438664185,2.68647104275653,0.9607946739026384,0.9857826469642591,1.0268647104275652,0.07587643957189853,0.010602595923250746,683.298363934467,665.4219947338105,
I_EBF001,EBF001,cs_I_EBF001,trained entity,1.0,OROV,UF8,955.672466225,1.000309105145893,99,0,0.0,True,WY1976-84,1975-10,1984-09,108,0.951712570123462,0.9212891061676676,2.3358782549149875,0.9603240717278915,0.9854444554327363,1.02335878254915,0.07680010927170788,0.01810536978907784,723.1689855012223,706.662216451433,
I_EBF001,EBF001,cs_I_EBF001,trained entity,1.0,OROV,UF8,955.672466225,1.000309105145893,99,0,0.0,True,WY1950-84_mixed,1949-10,1984-09,420,0.8535389431177101,0.8486052869882209,-3.0614624724631163,0.9225151710255968,0.879543836957776,0.9693853752753688,0.09286617405700934,-0.03408785484640742,707.3810041001022,729.7211430481502,
I_EBF001,EBF001,cs_I_EBF001,trained entity,1.0,OROV,UF8,955.672466225,1.000309105145893,99,0,0.0,True,WY1976-85_own,1975-10,1985-09,12,0.803550801972865,0.8430514970916991,-12.743947714485751,0.9420549362790376,0.8621818710730572,0.8725605228551424,0.09363221338963201,-0.22335442989713972,145.31622840283669,166.53999876976013,
I_EBF001,EBF001,cs_I_EBF001,trained entity,1.0,OROV,UF8,955.672466225,1.000309105145893,99,0,0.0,True,train,1949-10,2015-09,672,0.8778588178068263,0.8668684188871547,0.5566420721821006,0.9316408051787083,0.8989331714592843,1.005566420721821,0.08315507421316025,-0.016562657972396977,645.4786534417401,641.9055371582508,1976-1985
I_ECHOL,ECHOL,cdec_FOL,trained entity,1.0,FOLS,UF11,4.75103086469,0.994370482777899,2,0,0.0,True,WY1976-85,1975-10,1985-09,120,0.6626970597800597,0.6041029040898498,-23.759034226842182,0.87243817224144,1.2026131359035892,0.7624096577315781,0.17151989420547006,-0.6742276373839404,12.041498081771142,15.793999931216241,
I_ECHOL,ECHOL,cdec_FOL,trained entity,1.0,FOLS,UF11,4.75103086469,0.994370482777899,2,0,0.0,True,WY1976-84,1975-10,1984-09,108,0.6725365703712551,0.6361625148208276,-22.780406786135647,0.8848171602616393,1.2051109890762695,0.7721959321386436,0.17485147055847455,-0.6519308418973218,12.517296025498704,16.209999955362743,
I_ECHOL,ECHOL,cdec_FOL,trained entity,1.0,FOLS,UF11,4.75103086469,0.994370482777899,2,0,0.0,True,WY1950-84_mixed,1949-10,1984-09,420,0.6841366333927048,0.6447209739322568,-22.900442633282225,0.8823231574070629,1.182972128483621,0.7709955736671777,0.1755986899995266,-0.42522351915330425,12.416993839223299,16.105142835208348,
I_ECHOL,ECHOL,cdec_FOL,trained entity,1.0,FOLS,UF11,4.75103086469,0.994370482777899,2,0,0.0,True,WY1976-85_own,1975-10,1985-09,0,,,,,,,,,,,
I_ECHOL,ECHOL,cdec_FOL,trained entity,1.0,FOLS,UF11,4.75103086469,0.994370482777899,2,0,0.0,True,train,1987-10,2018-12,375,0.3690940140705584,0.1639299116269587,-45.28444010643758,0.6048676253937819,0.8080502199941382,0.5471555989356242,0.2795910101297219,-1.2182265852396528,8.027341675578587,14.671039995193482,1976-1985
I_ELD027,ELD027,cs_I_ELD027,trained entity,1.0,,,92.824593101,0.9994137002000828,15,0,0.0,True,WY1976-85,1975-10,1985-09,120,0.6133348504442626,0.8479807107594852,-27.003641477394986,0.9635854075219393,0.7256566931167285,0.7299635852260501,0.06906128924685248,0.16500613071202697,55.90426097137618,76.58499972168357,
I_ELD027,ELD027,cs_I_ELD027,trained entity,1.0,,,92.824593101,0.9994137002000828,15,0,0.0,True,WY1976-84,1975-10,1984-09,108,0.6097036388499897,0.8479453273179116,-27.669319751759282,0.9645143832777562,0.7270294979667735,0.7233068024824072,0.07144278460141612,0.15894608815760414,58.80243176106289,81.29666630985835,
I_ELD027,ELD027,cs_I_ELD027,trained entity,1.0,,,92.824593101,0.9994137002000828,15,0,0.0,True,WY1950-84_mixed,1949-10,1984-09,420,0.45908623031123963,0.7206114773849965,-38.32149845437725,0.9346007509584107,0.6238924088976431,0.6167850154562275,0.06143696997917591,0.11541477188773897,47.93547408231238,77.71828575772898,
I_ELD027,ELD027,cs_I_ELD027,trained entity,1.0,,,92.824593101,0.9994137002000828,15,0,0.0,True,WY1976-85_own,1975-10,1985-09,120,0.6133348504442626,0.8479807107594852,-27.003641477394986,0.9635854075219393,0.7256566931167285,0.7299635852260501,0.06906128924685248,0.16500613071202697,55.90426097137618,76.58499972168357,
I_ELD027,ELD027,cs_I_ELD027,trained entity,1.0,,,92.824593101,0.9994137002000828,15,0,0.0,True,train,1949-10,2015-09,672,0.49853865411414877,0.7402157645056242,-34.12686274647446,0.9313786771462702,0.6390424964406712,0.6587313725352554,0.04419901069540111,0.07913700594014639,47.43983373259063,72.01696429002499,1976-1985
I_ELENR,ELENR,cdec_TLG,trained entity,1.0,TU,UF18,109.4475973122,1.0004699141574886,18,0,0.0,True,WY1976-85,1975-10,1985-09,120,0.7984581117108415,0.8213955689415098,7.120259137065025,0.9396626963169428,1.1786301584322265,1.0712025913706504,0.07576074710638073,0.25959189039647157,209.27977864585029,195.36899960078296,
I_ELENR,ELENR,cdec_TLG,trained entity,1.0,TU,UF18,109.4475973122,1.0004699141574886,18,0,0.0,True,WY1976-84,1975-10,1984-09,108,0.7866604101492829,0.810933352042132,8.202777459418687,0.9376196202656097,1.186799124775762,1.0820277745941869,0.07925824835374803,0.2763781805875505,219.27533257724173,202.65222180593346,
I_ELENR,ELENR,cdec_TLG,trained entity,1.0,TU,UF18,109.4475973122,1.0004699141574886,18,0,0.0,True,WY1950-84_mixed,1949-10,1984-09,420,0.8836754867018486,0.8650439988106586,4.830017986693084,0.9424694305654896,1.0888184586638099,1.048300179866931,0.06284583649752265,0.27455943588296705,186.54022471331868,177.94542850979735,
I_ELENR,ELENR,cdec_TLG,trained entity,1.0,TU,UF18,109.4475973122,1.0004699141574886,18,0,0.0,True,WY1976-85_own,1975-10,1985-09,120,0.7984581117108415,0.8213955689415098,7.120259137065025,0.9396626963169428,1.1786301584322265,1.0712025913706504,0.07576074710638073,0.25959189039647157,209.27977864585029,195.36899960078296,
I_ELENR,ELENR,cdec_TLG,trained entity,1.0,TU,UF18,109.4475973122,1.0004699141574886,18,0,0.0,True,train,1986-10,2018-12,387,0.9307587508667255,0.8930592825931378,-4.501086654320263,0.9474602895163737,1.0028198044015357,0.9549891334567974,0.04586557500567677,-0.005625984174629117,175.3197179756845,183.58294543213853,1976-1985
I_ENGLB,ENGLB,cdec_YRS,trained entity,1.0,YUBA,UF9,135.508215946,0.9997359665111133,23,0,0.0,True,WY1976-85,1975-10,1985-09,120,0.0354241442545532,-0.6926986322283282,55.8670462909553,0.6978481631767687,1.7259463911776365,1.5586704629095531,0.15175154097271576,0.01642318350772598,128.11959355307368,82.19799925759435,
I_ENGLB,ENGLB,cdec_YRS,trained entity,1.0,YUBA,UF9,135.508215946,0.9997359665111133,23,0,0.0,True,WY1976-84,1975-10,1984-09,108,0.002184391677849562,-0.7508274120160041,59.35347918022807,0.69669187507501,1.7425339187444657,1.5935347918022809,0.1562794852181532,0.048211458388403905,137.26354451268315,86.13777698410883,
I_ENGLB,ENGLB,cdec_YRS,trained entity,1.0,YUBA,UF9,135.508215946,0.9997359665111133,23,0,0.0,True,WY1950-84_mixed,1949-10,1984-09,420,0.7107508674124529,0.43019031729380264,-0.25711096038929704,0.711108618242455,0.9858501009095617,0.9974288903961072,0.191122917495117,-0.19332371819529914,133.7466649357124,134.09142869583198,
I_ENGLB,ENGLB,cdec_YRS,trained entity,1.0,YUBA,UF9,135.508215946,0.9997359665111133,23,0,0.0,True,WY1976-85_own,1975-10,1985-09,0,,,,,,,,,,,
I_ENGLB,ENGLB,cdec_YRS,trained entity,1.0,YUBA,UF9,135.508215946,0.9997359665111133,23,0,0.0,True,train,1987-10,2018-12,375,0.755451570410536,0.6446839595301862,-8.153744189464792,0.80676777560289,0.8742347924166032,0.918462558105352,0.12716803684895384,-0.4320555451804804,109.15920175764604,118.84992022192478,1976-1985
I_EPARK,EPARK,uf_04,trained entity,1.0,,UF4,97.6343125206,1.0017719939581728,16,0,0.0,True,WY1976-85,1975-10,1985-09,120,0.8699309059967155,0.8519507530095087,-8.334386629310224,0.9352171200123928,1.0759930761758205,0.9166561337068979,0.0933497574629285,-0.004189480648245869,66.34390417931274,72.37599983215331,
I_EPARK,EPARK,uf_04,trained entity,1.0,,UF4,97.6343125206,1.0017719939581728,16,0,0.0,True,WY1976-84,1975-10,1984-09,108,0.8836881739915369,0.8560878065581481,-6.039910048453445,0.9365752887348384,1.0765355834302777,0.9396008995154655,0.09527232014677192,0.07672832126342843,70.8866237327634,75.44333319531546,
I_EPARK,EPARK,uf_04,trained entity,1.0,,UF4,97.6343125206,1.0017719939581728,16,0,0.0,True,WY1950-84_mixed,1949-10,1984-09,420,0.7440911237987642,0.8100415927453217,-21.111289858242912,0.910785432266784,0.8861516013512711,0.7888871014175709,0.09234929935603145,0.173681790323565,59.85827392879695,75.8768571842994,
I_EPARK,EPARK,uf_04,trained entity,1.0,,UF4,97.6343125206,1.0017719939581728,16,0,0.0,True,WY1976-85_own,1975-10,1985-09,0,,,,,,,,,,,
I_EPARK,EPARK,uf_04,trained entity,1.0,,UF4,97.6343125206,1.0017719939581728,16,0,0.0,True,train,1984-10,2014-09,348,0.7557165518757859,0.7389728343809725,6.650392137842725,0.9130276757506681,1.2183745550274039,1.0665039213784273,0.06360329951357502,-0.1340674464533338,64.55511475646934,60.529655318129166,1976-1985
I_ESTMN,ESTMN,uf_20,trained entity,1.0,,UF20,234.811659592,0.9999382639212854,30,0,0.0,True,WY1976-85,1975-10,1985-09,120,0.8681725651132374,0.9218910200243025,-6.8534584835080965,0.963316322629961,0.8935303278632002,0.9314654151649192,0.05305745638168549,-0.3414988504969143,95.99775649243969,103.06099929157644,
I_ESTMN,ESTMN,uf_20,trained entity,1.0,,UF20,234.811659592,0.9999382639212854,30,0,0.0,True,WY1976-84,1975-10,1984-09,108,0.8706415394955359,0.9213294814806814,-5.876634050934752,0.9630797482125136,0.8908348794936174,0.9412336594906525,0.051732441291751086,-0.275302693273316,105.60014098188898,112.19333256636229,
I_ESTMN,ESTMN,uf_20,trained entity,1.0,,UF20,234.811659592,0.9999382639212854,30,0,0.0,True,WY1950-84_mixed,1949-10,1984-09,420,0.8666194465598377,0.9186538616568921,-5.858059068518654,0.9618314665293427,0.8864136914778988,0.9414194093148135,0.056800673000003805,-0.27305105958560105,73.65988207504813,78.24342832347112,
I_ESTMN,ESTMN,uf_20,trained entity,1.0,,UF20,234.811659592,0.9999382639212854,30,0,0.0,True,WY1976-85_own,1975-10,1985-09,0,,,,,,,,,,,
I_ESTMN,ESTMN,uf_20,trained entity,1.0,,UF20,234.811659592,0.9999382639212854,30,0,0.0,True,train,1984-10,2014-09,348,0.8811021871217002,0.8921847784764163,10.641012336013995,0.94730359893735,1.0060551522497243,1.10641012336014,0.040817497148304516,-0.4844524570500992,68.61993729477351,62.02034475821359,1976-1985
I_FOLSM,FOLSM,cdec_FOL,trained entity,1.0,FOLS,UF11,193.996983146,1.0000599565731898,26,0,0.0,True,WY1976-85,1975-10,1985-09,120,0.41321448901969304,0.3438546054132807,-44.8471777720201,0.6863797100245765,0.7882628653243984,0.5515282222797989,0.23393227146334006,-1.1482709995827332,102.34212878398718,185.56100059747695,
I_FOLSM,FOLSM,cdec_FOL,trained entity,1.0,FOLS,UF11,193.996983146,1.0000599565731898,26,0,0.0,True,WY1976-84,1975-10,1984-09,108,0.4469371304418446,0.3810671824794737,-41.27933143190988,0.6960110868437603,0.7924645620250771,0.5872066856809012,0.217921967214996,-0.9661889744028445,110.30808116388351,187.8522228267458,
I_FOLSM,FOLSM,cdec_FOL,trained entity,1.0,FOLS,UF11,193.996983146,1.0000599565731898,26,0,0.0,True,WY1950-84_mixed,1949-10,1984-09,420,0.45731944018407755,0.4916651374038562,-39.948252349005564,0.7457285129390743,0.7349303595355259,0.6005174765099444,0.1776107374128091,-0.583419314950171,92.41432063134401,153.89114263323802,
I_FOLSM,FOLSM,cdec_FOL,trained entity,1.0,FOLS,UF11,193.996983146,1.0000599565731898,26,0,0.0,True,WY1976-85_own,1975-10,1985-09,0,,,,,,,,,,,
I_FOLSM,FOLSM,cdec_FOL,trained entity,1.0,FOLS,UF11,193.996983146,1.0000599565731898,26,0,0.0,True,train,1987-10,2018-12,375,0.5448492262870129,0.4843743051324092,-35.74149074913655,0.7420922498007326,0.8864200585419165,0.6425850925086345,0.36657495993450506,-2.024001857814114,101.47929949782112,157.92351967215538,1976-1985
I_FRDYC,FRDYC,cs_I_FRDYC,trained entity,1.0,YUBA,UF9,31.626772939,1.0033690091244043,7,0,0.0,True,WY1976-85,1975-10,1985-09,120,0.8283906694103533,0.8100100678992742,-12.60208968724267,0.9197704298893702,1.0844494640406874,0.8739791031275733,0.1349230018730266,0.08958162137808223,88.62497669786464,101.40399968456477,
I_FRDYC,FRDYC,cs_I_FRDYC,trained entity,1.0,YUBA,UF9,31.626772939,1.0033690091244043,7,0,0.0,True,WY1976-84,1975-10,1984-09,108,0.828457923641629,0.8031738284007073,-12.102540767626257,0.917087904354145,1.0889107364368795,0.8789745923237374,0.14190781247977624,0.07466424136387939,92.9046841172533,105.6966662388295,
I_FRDYC,FRDYC,cs_I_FRDYC,trained entity,1.0,YUBA,UF9,31.626772939,1.0033690091244043,7,0,0.0,True,WY1950-84_mixed,1949-10,1984-09,420,0.8310431433208395,0.7385172799304466,-6.896829768337282,0.8880779359752208,1.106128435953769,0.9310317023166271,0.14250500214399914,0.10695419207510337,91.63586426112781,98.42399999174688,
I_FRDYC,FRDYC,cs_I_FRDYC,trained entity,1.0,YUBA,UF9,31.626772939,1.0033690091244043,7,0,0.0,True,WY1976-85_own,1975-10,1985-09,120,0.8283906694103533,0.8100100678992742,-12.60208968724267,0.9197704298893702,1.0844494640406874,0.8739791031275733,0.1349230018730266,0.08958162137808223,88.62497669786464,101.40399968456477,
I_FRDYC,FRDYC,cs_I_FRDYC,trained entity,1.0,YUBA,UF9,31.626772939,1.0033690091244043,7,0,0.0,True,train,1949-10,2015-09,672,0.8406312348618796,0.7480215020316588,-8.495230748635175,0.8868534614612001,1.0733441856664971,0.9150476925136483,0.11616867184603212,0.2018525342267221,83.97801180050222,91.77446431214256,1976-1985
I_FRMAN,FRMAN,cs_I_FRMAN,trained entity,1.0,OROV,UF8,81.1801970227,1.0012941063655425,14,0,0.0,True,WY1976-85,1975-10,1985-09,120,0.5841636448522731,0.700894952558621,-27.526094837568678,0.8641926759348719,0.7194511534649746,0.7247390516243132,0.1494443125302365,-0.5658016066440519,20.03975963173185,27.651000159047545,
I_FRMAN,FRMAN,cs_I_FRMAN,trained entity,1.0,OROV,UF8,81.1801970227,1.0012941063655425,14,0,0.0,True,WY1976-84,1975-10,1984-09,108,0.5951214746024708,0.7011670910284504,-25.788902636240323,0.8623405249270288,0.7198754931596247,0.7421109736375968,0.15619361764558198,-0.6139862710336992,21.415673693060217,28.857777952113086,
I_FRMAN,FRMAN,cs_I_FRMAN,trained entity,1.0,OROV,UF8,81.1801970227,1.0012941063655425,14,0,0.0,True,WY1950-84_mixed,1949-10,1984-09,420,0.5376821499978334,0.5186810523643954,-29.18559999263856,0.7437417134245414,0.7492220896908868,0.7081440000736144,0.23134961755195077,-0.8776423152101618,19.844420523743135,28.023142922456774,
I_FRMAN,FRMAN,cs_I_FRMAN,trained entity,1.0,OROV,UF8,81.1801970227,1.0012941063655425,14,0,0.0,True,WY1976-85_own,1975-10,1985-09,120,0.5841636448522731,0.700894952558621,-27.526094837568678,0.8641926759348719,0.7194511534649746,0.7247390516243132,0.1494443125302365,-0.5658016066440519,20.03975963173185,27.651000159047545,
I_FRMAN,FRMAN,cs_I_FRMAN,trained entity,1.0,OROV,UF8,81.1801970227,1.0012941063655425,14,0,0.0,True,train,1949-10,2015-09,672,0.6351425986318523,0.5935907234098301,-24.623532425901654,0.7852844132952838,0.8375613800655025,0.7537646757409835,0.21937265668203748,-0.8003597377566409,17.908775723644688,23.759107185594203,1976-1985
I_FRMDW,FRMDW,cs_I_FRMDW,trained entity,1.0,FOLS,UF11,47.0378382962,0.9996591042910774,9,0,0.0,True,WY1976-85,1975-10,1985-09,120,0.8412655870821728,0.9211692879089572,-8.685486649823112,0.9669764824506769,0.8713054263047145,0.913145133501769,0.039325751842335444,-0.13930728044048557,115.16951687885857,126.12400006689131,
I_FRMDW,FRMDW,cs_I_FRMDW,trained entity,1.0,FOLS,UF11,47.0378382962,0.9996591042910774,9,0,0.0,True,WY1976-84,1975-10,1984-09,108,0.843914827643288,0.9204578830478944,-8.527166583191482,0.9662837994005897,0.8736887105084622,0.9147283341680851,0.04004941959997658,-0.12587865497867057,120.38333072168311,131.60555568792753,
I_FRMDW,FRMDW,cs_I_FRMDW,trained entity,1.0,FOLS,UF11,47.0378382962,0.9996591042910774,9,0,0.0,True,WY1950-84_mixed,1949-10,1984-09,420,0.9023550353074332,0.8599806994322292,0.8475954863362956,0.9274082010165714,0.9352456330482928,1.0084759548633628,0.0690526346724342,-0.022552241516918592,126.876935845945,125.81057112376605,
I_FRMDW,FRMDW,cs_I_FRMDW,trained entity,1.0,FOLS,UF11,47.0378382962,0.9996591042910774,9,0,0.0,True,WY1976-85_own,1975-10,1985-09,120,0.8412655870821728,0.9211692879089572,-8.685486649823112,0.9669764824506769,0.8713054263047145,0.913145133501769,0.039325751842335444,-0.13930728044048557,115.16951687885857,126.12400006689131,
I_FRMDW,FRMDW,cs_I_FRMDW,trained entity,1.0,FOLS,UF11,47.0378382962,0.9996591042910774,9,0,0.0,True,train,1949-10,2015-09,672,0.9022115600649812,0.8786760101178989,-0.11559811366098816,0.9374627027128796,0.9248313287295904,0.9988440188633901,0.06643240805198239,-0.060494959539298065,114.93608915823279,115.06910687518706,1976-1985
I_FRNCH,FRNCH,cdec_YRS,trained entity,1.0,YUBA,UF9,4.72906279714,0.9988845077437977,2,0,0.0,True,WY1976-85,1975-10,1985-09,120,0.5730204675363824,0.29241919931010707,-12.002308637602447,0.787257290158999,1.3502092507189531,0.8799769136239756,0.21634401659961858,0.5246530557233271,14.350663568196392,16.308000069111586,
I_FRNCH,FRNCH,cdec_YRS,trained entity,1.0,YUBA,UF9,4.72906279714,0.9988845077437977,2,0,0.0,True,WY1976-84,1975-10,1984-09,108,0.5610927071261688,0.28234755735541084,-11.668084861025358,0.7908546190587196,1.3678089190549256,0.8833191513897464,0.23239598192274313,0.5745808476380914,14.985018719429593,16.964444499876763,
I_FRNCH,FRNCH,cdec_YRS,trained entity,1.0,YUBA,UF9,4.72906279714,0.9988845077437977,2,0,0.0,True,WY1950-84_mixed,1949-10,1984-09,420,0.6410601007797683,0.48120204828723057,-18.701773787965525,0.8304998427019799,1.2552095485019186,0.8129822621203447,0.22288306283097858,0.5508777711191124,14.280846413346229,17.565999996236393,
I_FRNCH,FRNCH,cdec_YRS,trained entity,1.0,YUBA,UF9,4.72906279714,0.9988845077437977,2,0,0.0,True,WY1976-85_own,1975-10,1985-09,0,,,,,,,,,,,
I_FRNCH,FRNCH,cdec_YRS,trained entity,1.0,YUBA,UF9,4.72906279714,0.9988845077437977,2,0,0.0,True,train,1987-10,2018-12,375,0.7134450935177802,0.564226076336715,-17.731764554610443,0.8284020756525379,1.145692550827633,0.8226823544538955,0.17390693854456032,0.416240468822501,13.037080184766388,15.847040007829666,1976-1985
I_FRS046,FRS046,uf_21,trained entity,1.0,,UF21,45.8220529924,0.9987878994838939,12,0,0.0,True,WY1976-85,1975-10,1985-09,120,0.30663832298231275,0.6818413273436676,-54.3475495508893,0.9486036443973952,0.5725152452204716,0.45652450449110704,0.12706292180910578,-0.6140519037628671,5.147770312971655,11.276000000722705,
I_FRS046,FRS046,uf_21,trained entity,1.0,,UF21,45.8220529924,0.9987878994838939,12,0,0.0,True,WY1976-84,1975-10,1984-09,108,0.3116134913504317,0.6772866313544479,-53.80944454445834,0.9482677625250122,0.5737909800599477,0.46190555455541665,0.12781034057709223,-0.5315087559911946,5.670660524387751,12.276666665863658,
I_FRS046,FRS046,uf_21,trained entity,1.0,,UF21,45.8220529924,0.9987878994838939,12,0,0.0,True,WY1950-84_mixed,1949-10,1984-09,420,0.16671918583615097,0.5527198555454517,-64.72556406499079,0.9124133831659073,0.48255856809489794,0.3527443593500922,0.148114476598252,-0.6906321284881711,3.019290145091412,8.55942856366081,
I_FRS046,FRS046,uf_21,trained entity,1.0,,UF21,45.8220529924,0.9987878994838939,12,0,0.0,True,WY1976-85_own,1975-10,1985-09,0,,,,,,,,,,,
I_FRS046,FRS046,uf_21,trained entity,1.0,,UF21,45.8220529924,0.9987878994838939,12,0,0.0,True,train,1984-10,2014-09,348,0.3015028249179784,0.7064627410926441,-54.834081828545564,0.9448544382149436,0.5708384714177984,0.45165918171454444,0.14142080665234819,-0.8339718610054474,3.064429669013776,6.784827571490714,1976-1985
I_GERLE,GERLE,cdec_FOL,trained entity,1.0,FOLS,UF11,22.6793716999,1.002158134042513,5,0,0.0,True,WY1976-85,1975-10,1985-09,120,0.8098512609208925,0.8055443287021609,-6.939999919681861,0.9001028467720943,0.853846854765912,0.9306000008031815,0.07500848492689832,-0.2333369338915272,46.99623034101302,50.500999678112564,
I_GERLE,GERLE,cdec_FOL,trained entity,1.0,FOLS,UF11,22.6793716999,1.002158134042513,5,0,0.0,True,WY1976-84,1975-10,1984-09,108,0.8134255575900641,0.8014796340157208,-6.479934458179077,0.8973428697497238,0.8583222631775667,0.9352006554182094,0.07618495421949861,-0.2242886930813892,49.05646958938924,52.455555185054735,
I_GERLE,GERLE,cdec_FOL,trained entity,1.0,FOLS,UF11,22.6793716999,1.002158134042513,5,0,0.0,True,WY1950-84_mixed,1949-10,1984-09,420,0.8194302904361358,0.8329559883140456,-4.685055525528704,0.9158552556937792,0.8472580362510345,0.953149444744713,0.09727618781810143,-0.2273464569081156,48.851904512392466,51.253142706783756,
I_GERLE,GERLE,cdec_FOL,trained entity,1.0,FOLS,UF11,22.6793716999,1.002158134042513,5,0,0.0,True,WY1976-85_own,1975-10,1985-09,0,,,,,,,,,,,
I_GERLE,GERLE,cdec_FOL,trained entity,1.0,FOLS,UF11,22.6793716999,1.002158134042513,5,0,0.0,True,train,1987-10,2018-12,375,0.8342027883164898,0.897512804789403,-7.914350851647529,0.9534374885635687,0.8619530768526096,0.9208564914835248,0.08178140185499119,-0.20437471164504473,45.630280904906726,49.55200004225969,1976-1985
I_GZL009,GZL009,cs_I_GZL009,trained entity,1.0,OROV,UF8,13.689701561,0.9988053187924132,5,0,0.0,True,WY1976-85,1975-10,1985-09,120,0.8254722820708197,0.7707593312222621,-8.513525022247094,0.9075307185196385,1.1210840430347058,0.9148647497775291,0.14010688600150048,-0.3885741546833019,48.92788161763393,53.48099992871285,
I_GZL009,GZL009,cs_I_GZL009,trained entity,1.0,OROV,UF8,13.689701561,0.9988053187924132,5,0,0.0,True,WY1976-84,1975-10,1984-09,108,0.827648418045501,0.7761523087183892,-7.840544328610146,0.9100984399823943,1.124400015159682,0.9215945567138984,0.13389190906690845,-0.32341525187662157,51.308240881120824,55.67333325412538,
I_GZL009,GZL009,cs_I_GZL009,trained entity,1.0,OROV,UF8,13.689701561,0.9988053187924132,5,0,0.0,True,WY1950-84_mixed,1949-10,1984-09,420,0.8197667557612955,0.7755299622704216,-14.57238726618759,0.9050089943784947,1.0471729171903643,0.854276127338124,0.12502925473362694,-0.3080490515306584,48.24072878746003,56.46971423370498,
I_GZL009,GZL009,cs_I_GZL009,trained entity,1.0,OROV,UF8,13.689701561,0.9988053187924132,5,0,0.0,True,WY1976-85_own,1975-10,1985-09,0,,,,,,,,,,,
I_GZL009,GZL009,cs_I_GZL009,trained entity,1.0,OROV,UF8,13.689701561,0.9988053187924132,5,0,0.0,True,train,1949-10,2015-09,672,0.833597329940335,0.7912930945028029,-13.59940913956106,0.9041074096595716,0.9997414922228613,0.8640059086043894,0.11218308988089981,-0.21547704729276518,44.995730512618735,52.078035652903566,1976-1985
I_HHOLE,HHOLE,cs_I_HHOLE,trained entity,1.0,FOLS,UF11,80.9806008299,1.0006990593586524,15,0,0.0,True,WY1976-85,1975-10,1985-09,120,0.7836998139459829,0.8661803089981769,-16.493110164312814,0.9433836397451794,0.8720230882179018,0.8350688983568719,0.0310386828757845,-0.2790318168378283,175.99327473367757,210.7529990399256,
I_HHOLE,HHOLE,cs_I_HHOLE,trained entity,1.0,FOLS,UF11,80.9806008299,1.0006990593586524,15,0,0.0,True,WY1976-84,1975-10,1984-09,108,0.785222416314681,0.8627901353174242,-16.256106504504636,0.9412955971601542,0.8724966523092768,0.8374389349549536,0.03248132107460532,-0.32461503773072753,183.51357619787217,219.13666601582537,
I_HHOLE,HHOLE,cs_I_HHOLE,trained entity,1.0,FOLS,UF11,80.9806008299,1.0006990593586524,15,0,0.0,True,WY1950-84_mixed,1949-10,1984-09,420,0.8617855348163812,0.8745237593215722,-8.425085981485573,0.9380594093822356,0.9096208307165095,0.9157491401851443,0.04100301821938556,-0.18378061464222295,193.0221268706515,210.78057122895763,
I_HHOLE,HHOLE,cs_I_HHOLE,trained entity,1.0,FOLS,UF11,80.9806008299,1.0006990593586524,15,0,0.0,True,WY1976-85_own,1975-10,1985-09,120,0.7836998139459829,0.8661803089981769,-16.493110164312814,0.9433836397451794,0.8720230882179018,0.8350688983568719,0.0310386828757845,-0.2790318168378283,175.99327473367757,210.7529990399256,
I_HHOLE,HHOLE,cs_I_HHOLE,trained entity,1.0,FOLS,UF11,80.9806008299,1.0006990593586524,15,0,0.0,True,train,1949-10,2015-09,672,0.8341542991759567,0.8765451637380074,-10.276149634969878,0.9413155552179843,0.8838061650068497,0.8972385036503012,0.04729900431363842,-0.13479136451233042,177.85382030506733,198.22357108114687,1976-1985
I_HNSLY,HNSLY,uf_21,trained entity,1.0,,UF21,235.594591668,1.0013490618304963,30,0,0.0,True,WY1976-85,1975-10,1985-09,120,0.9324117939655272,0.9357374451371757,0.32572957601091745,0.9677134441908524,0.9407114350547062,1.0032572957601094,0.03554944273008398,-0.07368828922165527,98.3452991163474,98.02599944397807,
I_HNSLY,HNSLY,uf_21,trained entity,1.0,,UF21,235.594591668,1.0013490618304963,30,0,0.0,True,WY1976-84,1975-10,1984-09,108,0.9279797883028371,0.9351898622067725,1.393955832149761,0.9675558442198535,0.9372307689833681,1.0139395583214976,0.03469749952276464,-0.07403268783451544,108.13214686264652,106.6455549299717,
I_HNSLY,HNSLY,uf_21,trained entity,1.0,,UF21,235.594591668,1.0013490618304963,30,0,0.0,True,WY1950-84_mixed,1949-10,1984-09,420,0.8873706838928218,0.9149093996508826,10.212557231324933,0.9580230237896074,0.9777814538123206,1.1021255723132495,0.03676556047812609,0.07613873330768417,83.57071821306606,75.82685704103537,
I_HNSLY,HNSLY,uf_21,trained entity,1.0,,UF21,235.594591668,1.0013490618304963,30,0,0.0,True,WY1976-85_own,1975-10,1985-09,0,,,,,,,,,,,
I_HNSLY,HNSLY,uf_21,trained entity,1.0,,UF21,235.594591668,1.0013490618304963,30,0,0.0,True,train,1984-10,2014-09,348,0.8681921097713775,0.9271173751924003,9.489851542084615,0.9648486056695529,0.9155490013435872,1.0948985154208462,0.05653877224781828,-0.0011213942266170562,60.36402039161068,55.13206890084106,1976-1985
I_HON021,HON021,cs_I_HON021,trained entity,1.0,,,30.5528396547,1.0005136603418117,7,0,0.0,True,WY1976-85,1975-10,1985-09,120,0.5791415301574924,0.7975410040935329,28.780862111785652,0.9693053934543758,1.3055255969267132,1.2878086211178563,0.03706924921665622,-0.3319608950079651,35.03382723784745,27.204218595335263,
I_HON021,HON021,cs_I_HON021,trained entity,1.0,,,30.5528396547,1.0005136603418117,7,0,0.0,True,WY1976-84,1975-10,1984-09,108,0.5850594330157222,0.7988297826660974,27.980034247968483,0.9696114658541235,1.3048999499343186,1.2798003424796849,0.03829548619672077,-0.37504813532366477,37.274804528483145,29.125484101888205,
I_HON021,HON021,cs_I_HON021,trained entity,1.0,,,30.5528396547,1.0005136603418117,7,0,0.0,True,WY1950-84_mixed,1949-10,1984-09,420,0.5753577309073487,0.7929501608106639,32.15853281126871,0.9619377933891313,1.2746911026420817,1.321585328112687,0.030037581827742323,-0.040215162824243755,36.16965319157101,27.368382821882346,
I_HON021,HON021,cs_I_HON021,trained entity,1.0,,,30.5528396547,1.0005136603418117,7,0,0.0,True,WY1976-85_own,1975-10,1985-09,120,0.5791415301574924,0.7975410040935329,28.780862111785652,0.9693053934543758,1.3055255969267132,1.2878086211178563,0.03706924921665622,-0.3319608950079651,35.03382723784745,27.204218595335263,
I_HON021,HON021,cs_I_HON021,trained entity,1.0,,,30.5528396547,1.0005136603418117,7,0,0.0,True,train,1949-10,2015-09,672,0.7778245631733178,0.8131318363983283,14.691914094663717,0.9318094494273473,1.152074782805131,1.146919140946637,0.04560996172261911,0.04976526129457959,28.26884542597143,24.647635928927883,1976-1985
I_HTCHY,HTCHY,cdec_TLG,trained entity,1.0,TU,UF18,526.2135664093,1.000698901972814,58,0,0.0,True,WY1976-85,1975-10,1985-09,120,0.8228015556338235,0.9366628983056597,13.198499952291646,0.9817348409867905,1.116814522012252,1.1319849995229163,0.04741406888720484,0.028134996425021264,964.1953920507628,851.7740009427071,
I_HTCHY,HTCHY,cdec_TLG,trained entity,1.0,TU,UF18,526.2135664093,1.000698901972814,58,0,0.0,True,WY1976-84,1975-10,1984-09,108,0.8191437640056449,0.9352700855633833,13.312111800172497,0.9817761145738719,1.1210604643968956,1.133121118001725,0.048247944921767004,0.03255669838624087,1004.6377749408381,886.6111124224133,
I_HTCHY,HTCHY,cdec_TLG,trained entity,1.0,TU,UF18,526.2135664093,1.000698901972814,58,0,0.0,True,WY1950-84_mixed,1949-10,1984-09,420,0.87118985935559,0.9381428804290708,9.156531121201118,0.9771274231660239,1.087662371314345,1.0915653112120112,0.05047585096507087,0.05799106609842486,869.4657639853663,796.531142071528,
I_HTCHY,HTCHY,cdec_TLG,trained entity,1.0,TU,UF18,526.2135664093,1.000698901972814,58,0,0.0,True,WY1976-85_own,1975-10,1985-09,120,0.8228015556338235,0.9366628983056597,13.198499952291646,0.9817348409867905,1.116814522012252,1.1319849995229163,0.04741406888720484,0.028134996425021264,964.1953920507628,851.7740009427071,
I_HTCHY,HTCHY,cdec_TLG,trained entity,1.0,TU,UF18,526.2135664093,1.000698901972814,58,0,0.0,True,train,1986-10,2018-12,387,0.8572778538738421,0.9337324021625165,12.1062924434083,0.9747089341548113,1.0712301994293023,1.121062924434083,0.049918408871659735,-0.18235768578042588,807.3040077496721,720.1237237929373,1976-1985
I_ICEHS,ICEHS,cs_I_ICEHS,trained entity,1.0,FOLS,UF11,27.2920439684,0.9978250080796658,9,0,0.0,True,WY1976-85,1975-10,1985-09,120,0.6904706671978751,0.8714078185021015,-23.459870552737854,0.9673374279421052,0.800738835654386,0.7654012944726215,0.0554060043250609,-0.1551003953331449,50.56547120291232,66.064000110887,
I_ICEHS,ICEHS,cs_I_ICEHS,trained entity,1.0,FOLS,UF11,27.2920439684,0.9978250080796658,9,0,0.0,True,WY1976-84,1975-10,1984-09,108,0.6917025343727071,0.8721921787944102,-23.09171675971687,0.9681407288715881,0.7982338584789826,0.7690828324028312,0.05504299052585926,-0.17455624703461758,52.97186194477276,68.87666674248047,
I_ICEHS,ICEHS,cs_I_ICEHS,trained entity,1.0,FOLS,UF11,27.2920439684,0.9978250080796658,9,0,0.0,True,WY1950-84_mixed,1949-10,1984-09,420,0.7156876480230934,0.8838167217700034,-19.293980251002896,0.9677321454287855,0.7936834188549006,0.8070601974899709,0.04406024646720991,-0.17706111936138136,50.1804666342143,62.176857179030776,
I_ICEHS,ICEHS,cs_I_ICEHS,trained entity,1.0,FOLS,UF11,27.2920439684,0.9978250080796658,9,0,0.0,True,WY1976-85_own,1975-10,1985-09,120,0.6904706671978751,0.8714078185021015,-23.459870552737854,0.9673374279421052,0.800738835654386,0.7654012944726215,0.0554060043250609,-0.1551003953331449,50.56547120291232,66.064000110887,
I_ICEHS,ICEHS,cs_I_ICEHS,trained entity,1.0,FOLS,UF11,27.2920439684,0.9978250080796658,9,0,0.0,True,train,1949-10,2015-09,672,0.6314383511689965,0.7822074797275281,-25.088905431782006,0.9218223287319761,0.7415805287373903,0.74911094568218,0.10138544585419657,-0.43518168531115897,42.83643787878143,57.18303560465574,1976-1985
I_INDVL,INDVL,uf_03,trained entity,1.0,,UF3,120.931192953,0.9986354285655822,19,0,0.0,True,WY1976-85,1975-10,1985-09,120,0.7073743457485755,0.8707283488043831,-20.395431335014564,0.9530130154463676,0.7954892793164584,0.7960456866498544,0.09313309186625635,0.18678383824562772,103.71750672518601,130.29089719922922,
I_INDVL,INDVL,uf_03,trained entity,1.0,,UF3,120.931192953,0.9986354285655822,19,0,0.0,True,WY1976-84,1975-10,1984-09,108,0.7086052639129523,0.8710691260189138,-20.214693946016126,0.9533806552085151,0.7953682727988087,0.7978530605398387,0.09653288081557126,0.22449892065854282,110.53555218758576,138.54123980272237,
I_INDVL,INDVL,uf_03,trained entity,1.0,,UF3,120.931192953,0.9986354285655822,19,0,0.0,True,WY1950-84_mixed,1949-10,1984-09,420,0.6553707361614909,0.7774368487868677,-18.204771455747526,0.9058112964243424,0.7229504606807483,0.8179522854425246,0.10895677897601522,0.19064091045757703,102.0047313483197,124.70743485132948,
I_INDVL,INDVL,uf_03,trained entity,1.0,,UF3,120.931192953,0.9986354285655822,19,0,0.0,True,WY1976-85_own,1975-10,1985-09,0,,,,,,,,,,,
I_INDVL,INDVL,uf_03,trained entity,1.0,,UF3,120.931192953,0.9986354285655822,19,0,0.0,True,train,1984-10,2014-09,348,0.8280920881219167,0.8315401960876818,-5.785324392714185,0.9137286188939032,0.8630234285162748,0.9421467560728582,0.0781765258515232,0.050372314280681785,103.59683650708172,109.95827968341523,1976-1985
I_JKSMD,JKSMD,cs_I_JKSMD,trained entity,1.0,YUBA,UF9,37.1519493027,1.0007655392526378,9,0,0.0,True,WY1976-85,1975-10,1985-09,120,0.47141273694614605,0.31203909880055625,28.771536804560427,0.8292439285599287,1.4092269855709663,1.2877153680456044,0.12656332913947152,0.1669700712323987,96.22066778971478,74.72200004551559,
I_JKSMD,JKSMD,cs_I_JKSMD,trained entity,1.0,YUBA,UF9,37.1519493027,1.0007655392526378,9,0,0.0,True,WY1976-84,1975-10,1984-09,108,0.4467202188091466,0.2731109070365756,30.96559558835729,0.8236474273207037,1.423239264919765,1.3096559558835728,0.13195780587685657,0.1768762829817172,100.66888779466022,76.86666665578053,
I_JKSMD,JKSMD,cs_I_JKSMD,trained entity,1.0,YUBA,UF9,37.1519493027,1.0007655392526378,9,0,0.0,True,WY1950-84_mixed,1949-10,1984-09,420,0.7653725207791573,0.7226269800620584,13.225206279846939,0.8959633803949144,1.1635109405276094,1.1322520627984693,0.08209829991825739,0.09156179330346514,94.07494201730945,83.08657154025775,
I_JKSMD,JKSMD,cs_I_JKSMD,trained entity,1.0,YUBA,UF9,37.1519493027,1.0007655392526378,9,0,0.0,True,WY1976-85_own,1975-10,1985-09,120,0.47141273694614605,0.31203909880055625,28.771536804560427,0.8292439285599287,1.4092269855709663,1.2877153680456044,0.12656332913947152,0.1669700712323987,96.22066778971478,74.72200004551559,
I_JKSMD,JKSMD,cs_I_JKSMD,trained entity,1.0,YUBA,UF9,37.1519493027,1.0007655392526378,9,0,0.0,True,train,1949-10,2015-09,672,0.7777992691160311,0.7055754688445972,11.765072553306545,0.8842746419829789,1.1487921809059385,1.1176507255330654,0.08650762477768811,0.1719468935292987,89.2150721315801,79.82375002622472,1976-1985
I_JNKSN,JNKSN,cs_I_JNKSN,trained entity,1.0,,UF13,17.3137755283,0.9974958685118371,6,0,0.0,True,WY1976-85,1975-10,1985-09,120,0.8516551845810536,0.8561302843298675,-4.475854270877193,0.9269020243000824,0.8789234000112219,0.955241457291228,0.10295549200520501,0.14633209047451423,20.81757714615382,21.79300007056445,
I_JNKSN,JNKSN,cs_I_JNKSN,trained entity,1.0,,UF13,17.3137755283,0.9974958685118371,6,0,0.0,True,WY1976-84,1975-10,1984-09,108,0.8493940116739067,0.8537181577001335,-4.650486616885436,0.9256574886439812,0.8775555140172636,0.9534951338311456,0.1083377928276967,0.1772924281409507,22.206901740470524,23.290000077130067,
I_JNKSN,JNKSN,cs_I_JNKSN,trained entity,1.0,,UF13,17.3137755283,0.9974958685118371,6,0,0.0,True,WY1950-84_mixed,1949-10,1984-09,420,0.8007730049002746,0.8163547839548277,-7.584669638119253,0.9072322276440432,0.8408371442935301,0.9241533036188074,0.09880304901918366,0.23552829244132933,18.135584422391606,19.623999991534014,
I_JNKSN,JNKSN,cs_I_JNKSN,trained entity,1.0,,UF13,17.3137755283,0.9974958685118371,6,0,0.0,True,WY1976-85_own,1975-10,1985-09,0,,,,,,,,,,,
I_JNKSN,JNKSN,cs_I_JNKSN,trained entity,1.0,,UF13,17.3137755283,0.9974958685118371,6,0,0.0,True,train,1949-10,2015-09,672,0.7840030818243796,0.8131422636247142,-3.910498226877378,0.9073761875008138,0.8088291382526088,0.9608950177312262,0.08510761872999394,0.21293406888399602,16.244788189375697,16.90589282867898,1976-1985
I_LCBRF,LCBRF,cdec_YRS,trained entity,1.0,YUBA,UF9,17.5034310232,1.0021645171060602,6,0,0.0,True,WY1976-85,1975-10,1985-09,120,0.6892255221947583,0.7936909333775481,-17.837604213148442,0.9142758968147374,0.7603875174751741,0.8216239578685156,0.13547341663213502,-0.4778504524820555,50.223407764568705,61.12700011190027,
I_LCBRF,LCBRF,cdec_YRS,trained entity,1.0,YUBA,UF9,17.5034310232,1.0021645171060602,6,0,0.0,True,WY1976-84,1975-10,1984-09,108,0.7001686460952653,0.8018697638449427,-16.97889152127635,0.9174189185878987,0.7670817095030381,0.8302110847872364,0.1324460182059714,-0.4554443333561471,52.608631577603404,63.36777783578469,
I_LCBRF,LCBRF,cdec_YRS,trained entity,1.0,YUBA,UF9,17.5034310232,1.0021645171060602,6,0,0.0,True,WY1950-84_mixed,1949-10,1984-09,420,0.6478998084083053,0.7236001905794548,-19.654861665094,0.874944235992238,0.7359843904237007,0.8034513833490601,0.1633958522447617,-0.6024394498115795,49.883312325048465,62.08628593944013,
I_LCBRF,LCBRF,cdec_YRS,trained entity,1.0,YUBA,UF9,17.5034310232,1.0021645171060602,6,0,0.0,True,WY1976-85_own,1975-10,1985-09,0,,,,,,,,,,,
I_LCBRF,LCBRF,cdec_YRS,trained entity,1.0,YUBA,UF9,17.5034310232,1.0021645171060602,6,0,0.0,True,train,1987-10,2018-12,375,0.6648819602603395,0.7465368529394614,-19.852570141932702,0.8868057233620865,0.75489042823395,0.8014742985806731,0.12251637510768296,-0.38315258426399446,50.231279751649524,62.67360018980503,1976-1985
I_LCC038,LCC038,cs_I_LCC038,trained entity,1.0,,UF7,25.5196856026,1.0033312781476755,7,0,0.0,True,WY1976-85,1975-10,1985-09,120,0.8359015011690274,0.954603242607374,16.041147724027894,0.9808599990548268,0.9711879252397719,1.160411477240279,0.06324197905818842,0.015390079814007862,27.737315401848605,23.90299988053739,
I_LCC038,LCC038,cs_I_LCC038,trained entity,1.0,,UF7,25.5196856026,1.0033312781476755,7,0,0.0,True,WY1976-84,1975-10,1984-09,108,0.8465764365669324,0.9551308867198093,14.913804359419046,0.9808476286050769,0.9695070427910195,1.1491380435941907,0.06327923152468656,-0.008546893007029155,29.599242207864798,25.757777642872597,
I_LCC038,LCC038,cs_I_LCC038,trained entity,1.0,,UF7,25.5196856026,1.0033312781476755,7,0,0.0,True,WY1950-84_mixed,1949-10,1984-09,420,0.9183017188426776,0.9190446307275139,1.3247131707393935,0.9591278389223349,0.9305119499882948,1.0132471317073939,0.052235033091861185,0.056819493178364766,25.733582130278794,25.39714283416314,
I_LCC038,LCC038,cs_I_LCC038,trained entity,1.0,,UF7,25.5196856026,1.0033312781476755,7,0,0.0,True,WY1976-85_own,1975-10,1985-09,120,0.8359015011690274,0.954603242607374,16.041147724027894,0.9808599990548268,0.9711879252397719,1.160411477240279,0.06324197905818842,0.015390079814007862,27.737315401848605,23.90299988053739,
I_LCC038,LCC038,cs_I_LCC038,trained entity,1.0,,UF7,25.5196856026,1.0033312781476755,7,0,0.0,True,train,1949-10,2015-09,672,0.8807531396764536,0.8778019510044289,10.333865368914214,0.9411858235992905,1.009045938593931,1.103338653689142,0.05911166796536925,0.10238028229492713,25.26507596665994,22.89874997325907,1976-1985
I_LDC029,LDC029,uf_07,trained entity,1.0,,UF7,33.546785214,1.0022509266303354,8,0,0.0,True,WY1976-85,1975-10,1985-09,120,0.7720750749194074,0.9174377992576339,21.277469005535487,0.9653933178127507,0.9259791901366108,1.212774690055355,0.11147108207815547,-0.004913049363356237,34.07290477537749,28.09499988313764,
I_LDC029,LDC029,uf_07,trained entity,1.0,,UF7,33.546785214,1.0022509266303354,8,0,0.0,True,WY1976-84,1975-10,1984-09,108,0.7889863099779458,0.9191525485331911,19.34415773248825,0.965610810731708,0.9230291145935383,1.1934415773248825,0.11136932056623138,-0.02695174541914991,36.13343266426499,30.276666533822812,
I_LDC029,LDC029,uf_07,trained entity,1.0,,UF7,33.546785214,1.0022509266303354,8,0,0.0,True,WY1950-84_mixed,1949-10,1984-09,420,0.8902151906423571,0.9081536343801238,5.325298321930291,0.9542880883281735,0.9155769861042277,1.053252983219303,0.09801173815852796,0.022503321354505168,31.451638721910598,29.86142856750105,
I_LDC029,LDC029,uf_07,trained entity,1.0,,UF7,33.546785214,1.0022509266303354,8,0,0.0,True,WY1976-85_own,1975-10,1985-09,0,,,,,,,,,,,
I_LDC029,LDC029,uf_07,trained entity,1.0,,UF7,33.546785214,1.0022509266303354,8,0,0.0,True,train,1984-10,2014-09,348,0.6683375738371302,0.8263843020464398,31.499257427759034,0.9355986724284203,1.0814377804537656,1.3149925742775905,0.10249666597549469,0.07053487750191767,32.9995118570157,25.094827531740584,1976-1985
I_LGRSV,LGRSV,cdec_ORO,trained entity,1.0,OROV,UF8,25.669838468,1.0001783369004695,7,0,0.0,True,WY1976-85,1975-10,1985-09,120,0.8283990689467232,0.7828716449788774,-9.776340422312904,0.888544897766861,0.9135884468415417,0.902236595776871,0.135774571763503,-0.5165902412590428,73.83814065192938,81.83899987824262,
I_LGRSV,LGRSV,cdec_ORO,trained entity,1.0,OROV,UF8,25.669838468,1.0001783369004695,7,0,0.0,True,WY1976-84,1975-10,1984-09,108,0.8302213412717324,0.7839163052355769,-10.162897388126883,0.889749953073782,0.9203678973015489,0.8983710261187312,0.13544051763765866,-0.4622839488100343,77.50945564637192,86.27777765856848,
I_LGRSV,LGRSV,cdec_ORO,trained entity,1.0,OROV,UF8,25.669838468,1.0001783369004695,7,0,0.0,True,WY1950-84_mixed,1949-10,1984-09,420,0.7184455474880962,0.7084472962308646,-18.651283937782186,0.8568163328099462,0.8451313203823684,0.8134871606221781,0.1551935049548653,-0.5410667325346763,71.21103910304154,87.53800004486527,
I_LGRSV,LGRSV,cdec_ORO,trained entity,1.0,OROV,UF8,25.669838468,1.0001783369004695,7,0,0.0,True,WY1976-85_own,1975-10,1985-09,120,0.8283990689467232,0.7828716449788774,-9.776340422312904,0.888544897766861,0.9135884468415417,0.902236595776871,0.135774571763503,-0.5165902412590428,73.83814065192938,81.83899987824262,
I_LGRSV,LGRSV,cdec_ORO,trained entity,1.0,OROV,UF8,25.669838468,1.0001783369004695,7,0,0.0,True,train,1987-10,2018-12,375,0.7463969222712624,0.7067791832355281,-14.751592622136965,0.8485054400669769,0.8599893902047447,0.8524840737786303,0.13323267752788442,-0.3957745464794007,64.97865475853907,76.22271988087893,1976-1985
I_LJC022,LJC022,cs_I_LJC022,trained entity,1.0,,,200.938181195,1.0014076987947154,24,0,0.0,True,WY1976-85,1975-10,1985-09,120,0.3768551493646308,0.6887551064008944,-43.248105885564044,0.9382853557637161,0.5556342257877307,0.5675189411443595,0.07977196231275177,0.14523438995112947,45.61093000395237,80.36900039315223,
I_LJC022,LJC022,cs_I_LJC022,trained entity,1.0,,,200.938181195,1.0014076987947154,24,0,0.0,True,WY1976-84,1975-10,1984-09,108,0.39801321716475924,0.7029730733740662,-40.21055842620375,0.9448997046107739,0.5554067665138966,0.5978944157379625,0.07282941446976196,0.16855389286801703,49.60065666747578,82.95888933208253,
I_LJC022,LJC022,cs_I_LJC022,trained entity,1.0,,,200.938181195,1.0014076987947154,24,0,0.0,True,WY1950-84_mixed,1949-10,1984-09,420,0.3911567648408023,0.6964364684253783,-41.67246342961939,0.9278320446541527,0.5620246007011108,0.5832753657038061,0.06659113147517917,-0.037486586171382896,32.62509100947322,55.93428580702415,
I_LJC022,LJC022,cs_I_LJC022,trained entity,1.0,,,200.938181195,1.0014076987947154,24,0,0.0,True,WY1976-85_own,1975-10,1985-09,120,0.3768551493646308,0.6887551064008944,-43.248105885564044,0.9382853557637161,0.5556342257877307,0.5675189411443595,0.07977196231275177,0.14523438995112947,45.61093000395237,80.36900039315223,
I_LJC022,LJC022,cs_I_LJC022,trained entity,1.0,,,200.938181195,1.0014076987947154,24,0,0.0,True,train,1949-10,2015-09,672,0.5673356287119473,0.7833214222726443,-30.411087219540775,0.9187681796149028,0.7031558877936812,0.6958891278045922,0.08596587889002315,-0.15454706313398603,34.031836474580416,48.904107155610944,1976-1985
I_LKVLY,LKVLY,cdec_FOL,trained entity,1.0,FOLS,UF11,4.36066723759,0.9955481684982994,2,0,0.0,True,WY1976-85,1975-10,1985-09,120,-0.5419583520065541,-2.469195509856995,68.08402116599082,0.7407509533633755,2.3590004037260845,1.6808402116599084,0.15696132472494895,0.2423543607550913,13.814825654461476,8.218999973125754,
I_LKVLY,LKVLY,cdec_FOL,trained entity,1.0,FOLS,UF11,4.36066723759,0.9955481684982994,2,0,0.0,True,WY1976-84,1975-10,1984-09,108,-0.5997786232554301,-2.714445349564918,71.75053839783618,0.7317653289519939,2.4044670977402323,1.7175053839783618,0.16862735770885107,0.2412744603375252,14.428953524453508,8.40111108765834,
I_LKVLY,LKVLY,cdec_FOL,trained entity,1.0,FOLS,UF11,4.36066723759,0.9955481684982994,2,0,0.0,True,WY1950-84_mixed,1949-10,1984-09,420,-0.7735995168975478,-3.249441500802874,96.40860416585862,0.7113467174706964,2.4604357682224003,1.9640860416585864,0.14786399355784582,0.059888538004642555,13.647030954020018,6.948285698571375,
I_LKVLY,LKVLY,cdec_FOL,trained entity,1.0,FOLS,UF11,4.36066723759,0.9955481684982994,2,0,0.0,True,WY1976-85_own,1975-10,1985-09,0,,,,,,,,,,,
I_LKVLY,LKVLY,cdec_FOL,trained entity,1.0,FOLS,UF11,4.36066723759,0.9955481684982994,2,0,0.0,True,train,1987-10,2018-12,375,-0.7338793203569538,-3.08544468946688,103.82245271469105,0.6707558610597185,2.34908325383037,2.0382245271469106,0.10714361656672466,0.37467395909063317,12.37088147173342,6.069439998865127,1976-1985
I_LLOYD,LLOYD,cdec_TLG,trained entity,1.0,TU,UF18,115.601148771,1.0023375090874838,20,0,0.0,True,WY1976-85,1975-10,1985-09,120,0.6856019107116034,0.6993376360661836,-22.416525307741292,0.8553557004668665,0.8336445838768597,0.775834746922587,0.19009469376104826,0.8463222559286736,249.44561230371465,321.5190003968776,
I_LLOYD,LLOYD,cdec_TLG,trained entity,1.0,TU,UF18,115.601148771,1.0023375090874838,20,0,0.0,True,WY1976-84,1975-10,1984-09,108,0.6813334388642946,0.6898627924273739,-22.7598432671484,0.8506946890497742,0.8343037273998097,0.772401567328516,0.19685127208435327,0.8624524810480878,259.1184123317168,335.471111520297,
I_LLOYD,LLOYD,cdec_TLG,trained entity,1.0,TU,UF18,115.601148771,1.0023375090874838,20,0,0.0,True,WY1950-84_mixed,1949-10,1984-09,420,0.658793186638422,0.7059881705558002,-23.746000773401303,0.8631181830766308,0.7967804084073524,0.762539992265987,0.1996834070813134,0.7349148413059146,226.79072308171072,297.4148574263922,
I_LLOYD,LLOYD,cdec_TLG,trained entity,1.0,TU,UF18,115.601148771,1.0023375090874838,20,0,0.0,True,WY1976-85_own,1975-10,1985-09,120,0.6856019107116034,0.6993376360661836,-22.416525307741292,0.8553557004668665,0.8336445838768597,0.775834746922587,0.19009469376104826,0.8463222559286736,249.44561230371465,321.5190003968776,
I_LLOYD,LLOYD,cdec_TLG,trained entity,1.0,TU,UF18,115.601148771,1.0023375090874838,20,0,0.0,True,train,1986-10,2018-12,387,0.639585431604865,0.7505857081327667,-25.11077614669272,0.8982236522664195,0.7623339984673164,0.7488922385330729,0.13215846261476064,0.44637791735722665,219.81647536385088,293.5221705521031,1976-1985
I_LNG012,LNG012,cs_I_LNG012,trained entity,1.0,FOLS,UF11,7.42642391296,0.9940240777578827,2,0,0.0,True,WY1976-85,1975-10,1985-09,120,0.6897717026928243,0.8278335930218955,-15.574052868116524,0.9364923001886485,0.7393215462664937,0.8442594713188347,0.06897730238740284,0.12587718168007633,15.473587635564598,18.328000053577124,
I_LNG012,LNG012,cs_I_LNG012,trained entity,1.0,FOLS,UF11,7.42642391296,0.9940240777578827,2,0,0.0,True,WY1976-84,1975-10,1984-09,108,0.6830623409220276,0.8244155109862416,-16.603404753270276,0.9358355034031111,0.737769009882125,0.8339659524672971,0.07192386573138657,0.13521413795105452,16.22897748460448,19.460000059463912,
I_LNG012,LNG012,cs_I_LNG012,trained entity,1.0,FOLS,UF11,7.42642391296,0.9940240777578827,2,0,0.0,True,WY1950-84_mixed,1949-10,1984-09,420,0.708214564493588,0.7982774800863166,-15.659535179228332,0.9118097716812522,0.7701323863616175,0.8434046482077167,0.052285046259297634,0.13193608077349595,15.5745511711535,18.466285672304885,
I_LNG012,LNG012,cs_I_LNG012,trained entity,1.0,FOLS,UF11,7.42642391296,0.9940240777578827,2,0,0.0,True,WY1976-85_own,1975-10,1985-09,120,0.6897717026928243,0.8278335930218955,-15.574052868116524,0.9364923001886485,0.7393215462664937,0.8442594713188347,0.06897730238740284,0.12587718168007633,15.473587635564598,18.328000053577124,
I_LNG012,LNG012,cs_I_LNG012,trained entity,1.0,FOLS,UF11,7.42642391296,0.9940240777578827,2,0,0.0,True,train,1949-10,2015-09,672,0.7943718689204815,0.7788834088284422,-4.720830294592602,0.8843721652615908,0.8366460644553415,0.9527916970540738,0.05951304517627916,0.11555958906667296,14.911019882196126,15.649821391495479,1976-1985
I_LOONL,LOONL,cs_I_LOONL,trained entity,1.0,FOLS,UF11,8.0314318553,1.012356635541884,4,0,0.0,True,WY1976-85,1975-10,1985-09,120,0.46796378776853986,0.6525371394585826,-42.68770386695767,0.922243190060828,0.6921162500384674,0.5731229613304233,0.09228416103078453,-0.4581956288645106,16.107047864667166,28.104000278189776,
I_LOONL,LOONL,cs_I_LOONL,trained entity,1.0,FOLS,UF11,8.0314318553,1.012356635541884,4,0,0.0,True,WY1976-84,1975-10,1984-09,108,0.47390563232877436,0.6519785977911237,-42.04529332164771,0.9195938545142646,0.6941741240294174,0.579547066783523,0.09567518564723348,-0.4788875245566713,16.808152977389284,29.002222495360506,
I_LOONL,LOONL,cs_I_LOONL,trained entity,1.0,FOLS,UF11,8.0314318553,1.012356635541884,4,0,0.0,True,WY1950-84_mixed,1949-10,1984-09,420,0.5823882772072788,0.708991831531594,-31.470594407115296,0.8927020894821914,0.7473206019899895,0.6852940559288471,0.06194338488124426,-0.19667900817510908,17.040326263581385,24.865714383710706,
I_LOONL,LOONL,cs_I_LOONL,trained entity,1.0,FOLS,UF11,8.0314318553,1.012356635541884,4,0,0.0,True,WY1976-85_own,1975-10,1985-09,120,0.46796378776853986,0.6525371394585826,-42.68770386695767,0.922243190060828,0.6921162500384674,0.5731229613304233,0.09228416103078453,-0.4581956288645106,16.107047864667166,28.104000278189776,
I_LOONL,LOONL,cs_I_LOONL,trained entity,1.0,FOLS,UF11,8.0314318553,1.012356635541884,4,0,0.0,True,train,1949-10,2015-09,672,0.5549936658806279,0.6766693576323202,-33.541642789556064,0.8769492893062205,0.7346983228437857,0.6645835721044394,0.07212718359440451,-0.18987664734985366,15.684172308910808,23.600000010903123,1976-1985
I_LRB004,LRB004,cs_I_LRB004,trained entity,1.0,FOLS,UF11,5.85396271009,1.003607628147976,4,0,0.0,True,WY1976-85,1975-10,1985-09,120,0.5076339026084564,0.6929798316227188,-45.225999238072795,0.9216804855738661,0.8218109801014177,0.547740007619272,0.09534091446064011,-0.21959130216527356,11.629615838727972,21.231999994441864,
I_LRB004,LRB004,cs_I_LRB004,trained entity,1.0,FOLS,UF11,5.85396271009,1.003607628147976,4,0,0.0,True,WY1976-84,1975-10,1984-09,108,0.5169624692966188,0.6978594179079897,-44.55529267495469,0.9227378920271745,0.8301812371834952,0.5544470732504532,0.10734210227527993,-0.24366244307092444,12.149783515919506,21.913333304640318,
I_LRB004,LRB004,cs_I_LRB004,trained entity,1.0,FOLS,UF11,5.85396271009,1.003607628147976,4,0,0.0,True,WY1950-84_mixed,1949-10,1984-09,420,0.5138277166890333,0.7182151065248424,-42.92810302098602,0.9276020691222586,0.7835748957112836,0.5707189697901398,0.08169186455991623,-0.08695735700104645,11.936994907696803,20.91571428243603,
I_LRB004,LRB004,cs_I_LRB004,trained entity,1.0,FOLS,UF11,5.85396271009,1.003607628147976,4,0,0.0,True,WY1976-85_own,1975-10,1985-09,0,,,,,,,,,,,
I_LRB004,LRB004,cs_I_LRB004,trained entity,1.0,FOLS,UF11,5.85396271009,1.003607628147976,4,0,0.0,True,train,1949-10,2015-09,672,0.4347485678506685,0.5990158972296585,-46.702304554475646,0.8679934097362343,0.7102191921401543,0.5329769544552435,0.0650935970127349,-0.24394473343464096,10.421698121492966,19.553749996836164,1976-1985
I_LYONS,LYONS,cdec_NML,trained entity,1.0,ST,UF16,18.6824052239,1.002517744045726,5,0,0.0,True,WY1976-85,1975-10,1985-09,120,0.5579985789247184,0.7616665211483528,29.06515033485606,0.9653785653134334,1.331192264544379,1.2906515033485606,0.08004079254495583,-0.15021313334410014,19.84763883595701,15.378000013530254,
I_LYONS,LYONS,cdec_NML,trained entity,1.0,ST,UF16,18.6824052239,1.002517744045726,5,0,0.0,True,WY1976-84,1975-10,1984-09,108,0.5573614806674729,0.7605859177846115,29.14614385179752,0.9660037188616749,1.3313960493468329,1.2914614385179752,0.08038172529982997,-0.17158791030501597,21.329203147012674,16.515555564314127,
I_LYONS,LYONS,cdec_NML,trained entity,1.0,ST,UF16,18.6824052239,1.002517744045726,5,0,0.0,True,WY1950-84_mixed,1949-10,1984-09,420,0.7654505030020994,0.7465523001102259,9.202743733975613,0.9122346052096615,1.197082857691737,1.0920274373397563,0.10671277140214568,-0.24034662492788517,15.77106027402547,14.442000021945152,
I_LYONS,LYONS,cdec_NML,trained entity,1.0,ST,UF16,18.6824052239,1.002517744045726,5,0,0.0,True,WY1976-85_own,1975-10,1985-09,120,0.5579985789247184,0.7616665211483528,29.06515033485606,0.9653785653134334,1.331192264544379,1.2906515033485606,0.08004079254495583,-0.15021313334410014,19.84763883595701,15.378000013530254,
I_LYONS,LYONS,cdec_NML,trained entity,1.0,ST,UF16,18.6824052239,1.002517744045726,5,0,0.0,True,train,1987-10,2018-12,375,0.6248062186584942,0.6797367585319222,-23.509655932322413,0.838359385758378,0.7563356957219409,0.7649034406767758,0.1370372470751301,-0.43175077081313873,12.938739406376264,16.915519944489002,1976-1985
I_MCLRE,MCLRE,cdec_MRC,trained entity,1.0,ME,UF19,1036.0761981327,1.0002918525186533,98,0,0.0,True,WY1976-85,1975-10,1985-09,120,0.9326486519789019,0.9474183641109768,-5.2036560373483525,0.9743446293925347,0.9657917784187854,0.9479634396265164,0.03047280075831068,-0.03102053273351668,1132.0588872820063,1194.2009997010232,
I_MCLRE,MCLRE,cdec_MRC,trained entity,1.0,ME,UF19,1036.0761981327,1.0002918525186533,98,0,0.0,True,WY1976-84,1975-10,1984-09,108,0.93825749514378,0.9480489630773707,-4.447441335844886,0.9744491110090084,0.965629728920007,0.9555255866415511,0.03552302913595061,-0.015201194006653651,1207.6792340411,1263.8900003565682,
I_MCLRE,MCLRE,cdec_MRC,trained entity,1.0,ME,UF19,1036.0761981327,1.0002918525186533,98,0,0.0,True,WY1950-84_mixed,1949-10,1984-09,420,0.9591633285897299,0.9360307191215068,2.44287126134241,0.9685389191037294,1.0090040058173804,1.0244287126134242,0.030240876167935058,0.013407723279065031,1060.8260791710659,1035.5294283628464,
I_MCLRE,MCLRE,cdec_MRC,trained entity,1.0,ME,UF19,1036.0761981327,1.0002918525186533,98,0,0.0,True,WY1976-85_own,1975-10,1985-09,0,,,,,,,,,,,
I_MCLRE,MCLRE,cdec_MRC,trained entity,1.0,ME,UF19,1036.0761981327,1.0002918525186533,98,0,0.0,True,train,1988-10,2018-12,363,0.959069650626349,0.9459115190870993,0.46871120114104936,0.9725896761032826,0.9699667080605759,1.0046871120114105,0.04466025397887582,-0.1956938775705499,959.2440368905172,954.7689279800604,1976-1985
I_MFA001,MFA001,cdec_FOL,trained entity,1.0,FOLS,UF11,93.4866010393,1.0009713684509678,17,0,0.0,True,WY1976-85,1975-10,1985-09,120,0.527396634378603,0.630339739375823,43.48035359599396,0.8215165649029955,0.9505683329293984,1.4348035359599396,0.1874323851679897,0.11932642711854857,84.4267089982859,58.84199953675271,
I_MFA001,MFA001,cdec_FOL,trained entity,1.0,FOLS,UF11,93.4866010393,1.0009713684509678,17,0,0.0,True,WY1976-84,1975-10,1984-09,108,0.530932584421747,0.6295317071403306,42.99927580530966,0.8207515835894801,0.9452234211229504,1.4299927580530964,0.19726467854811325,0.011021313425040091,90.3437639193199,63.177777237362335,
I_MFA001,MFA001,cdec_FOL,trained entity,1.0,FOLS,UF11,93.4866010393,1.0009713684509678,17,0,0.0,True,WY1950-84_mixed,1949-10,1984-09,420,0.7154507486940689,0.5524553552649866,14.880882378895059,0.7660310694470359,0.9361036001231889,1.1488088237889504,0.06532659011006683,-0.05879237416144978,81.78173066177426,71.18828561226172,
I_MFA001,MFA001,cdec_FOL,trained entity,1.0,FOLS,UF11,93.4866010393,1.0009713684509678,17,0,0.0,True,WY1976-85_own,1975-10,1985-09,0,,,,,,,,,,,
I_MFA001,MFA001,cdec_FOL,trained entity,1.0,FOLS,UF11,93.4866010393,1.0009713684509678,17,0,0.0,True,train,1987-10,2018-12,375,0.2985193622315403,0.06274172863311755,28.42436151037255,0.8402021806168186,1.621083979311325,1.2842436151037253,0.2211944276109275,-0.7709174810273476,78.54228512534901,61.158400323450564,1976-1985
I_MFA023,MFA023,cdec_FOL,trained entity,1.0,FOLS,UF11,4.60564481899,0.9974970061269376,4,0,0.0,True,WY1976-85,1975-10,1985-09,120,-0.10126404474468731,0.09830278038354257,-78.26506747235963,0.9408544423112095,0.22750908056611435,0.21734932527640372,0.10328920458940437,-0.35307147994828103,6.484834437113036,29.83599985353649,
I_MFA023,MFA023,cdec_FOL,trained entity,1.0,FOLS,UF11,4.60564481899,0.9974970061269376,4,0,0.0,True,WY1976-84,1975-10,1984-09,108,-0.10233560896429794,0.08625451776785997,-78.40984526513677,0.9425722562265354,0.2273192990726961,0.21590154734863237,0.0958209631487925,-0.2882598981515878,6.851755511474282,31.735555375201834,
I_MFA023,MFA023,cdec_FOL,trained entity,1.0,FOLS,UF11,4.60564481899,0.9974970061269376,4,0,0.0,True,WY1950-84_mixed,1949-10,1984-09,420,-0.09306795725273886,0.07857759433400846,-76.10426154022379,0.825156670798597,0.2351199395015148,0.23895738459776206,0.14509045474831633,-0.5241114045678312,6.543267643985347,27.382571394475445,
I_MFA023,MFA023,cdec_FOL,trained entity,1.0,FOLS,UF11,4.60564481899,0.9974970061269376,4,0,0.0,True,WY1976-85_own,1975-10,1985-09,120,-0.10126404474468731,0.09830278038354257,-78.26506747235963,0.9408544423112095,0.22750908056611435,0.21734932527640372,0.10328920458940437,-0.35307147994828103,6.484834437113036,29.83599985353649,
I_MFA023,MFA023,cdec_FOL,trained entity,1.0,FOLS,UF11,4.60564481899,0.9974970061269376,4,0,0.0,True,train,1987-10,2018-12,375,0.023205118517969803,0.29990323029441,-63.71388579659298,0.836500581027647,0.2778848733373141,0.3628611420340702,0.07605189926660855,-0.38569113719269943,6.386820515745061,17.601279872357846,1976-1985
I_MFA025,MFA025,cdec_FOL,trained entity,1.0,FOLS,UF11,141.9181601903,1.0008739760949164,21,0,0.0,True,WY1976-85,1975-10,1985-09,120,0.6316121653533038,0.820593948900318,30.933283912994565,0.9591861087822419,1.1958494769846315,1.3093328391299457,0.07119271471023139,0.23189725362299995,226.67955563242577,173.12599887363612,
I_MFA025,MFA025,cdec_FOL,trained entity,1.0,FOLS,UF11,141.9181601903,1.0008739760949164,21,0,0.0,True,WY1976-84,1975-10,1984-09,108,0.6431764287393388,0.8227107517772388,29.620420443379388,0.9590198335400839,1.1946965748026221,1.2962042044337938,0.07709517742374772,0.30547511205465483,238.67871993999603,184.13666544482112,
I_MFA025,MFA025,cdec_FOL,trained entity,1.0,FOLS,UF11,141.9181601903,1.0008739760949164,21,0,0.0,True,WY1950-84_mixed,1949-10,1984-09,420,0.5225241853527158,0.4929673379626832,41.85042817120374,0.82117890140833,1.1444310716578943,1.4185042817120372,0.07622261967378391,0.21753256498723594,225.40600385759112,158.903999630894,
I_MFA025,MFA025,cdec_FOL,trained entity,1.0,FOLS,UF11,141.9181601903,1.0008739760949164,21,0,0.0,True,WY1976-85_own,1975-10,1985-09,0,,,,,,,,,,,
I_MFA025,MFA025,cdec_FOL,trained entity,1.0,FOLS,UF11,141.9181601903,1.0008739760949164,21,0,0.0,True,train,1987-10,2018-12,375,-0.2517025343873138,0.04193419107107055,115.32213068626893,0.8431441607846305,1.4606908916980852,2.1532213068626898,0.11849130643531455,0.24067089765560734,219.90900873970537,102.1302399520278,1976-1985
I_MFA036,MFA036,cs_I_MFA036,trained entity,1.0,FOLS,UF11,32.0777236666,1.0024319164710247,8,0,0.0,True,WY1976-85,1975-10,1985-09,120,0.7404345609536986,0.8000532567300822,17.51130471084786,0.9372635408132947,1.181035285423582,1.1751130471084785,0.09207043570481407,0.22224871133805646,66.9931949349012,57.010000101476905,
I_MFA036,MFA036,cs_I_MFA036,trained entity,1.0,FOLS,UF11,32.0777236666,1.0024319164710247,8,0,0.0,True,WY1976-84,1975-10,1984-09,108,0.7373667822391462,0.7954752990462439,18.10210648684008,0.9356532522577655,1.1790728265268842,1.1810210648684007,0.0946263476791357,0.23195552904967887,70.6723005973208,59.84000006400876,
I_MFA036,MFA036,cs_I_MFA036,trained entity,1.0,FOLS,UF11,32.0777236666,1.0024319164710247,8,0,0.0,True,WY1950-84_mixed,1949-10,1984-09,420,0.7525711263637833,0.7485572330787116,21.536904769866535,0.8957264130844919,1.0629622098883993,1.2153690476986654,0.06959407698119807,0.18042905264178266,68.34193790463534,56.231428662793974,
I_MFA036,MFA036,cs_I_MFA036,trained entity,1.0,FOLS,UF11,32.0777236666,1.0024319164710247,8,0,0.0,True,WY1976-85_own,1975-10,1985-09,120,0.7404345609536986,0.8000532567300822,17.51130471084786,0.9372635408132947,1.181035285423582,1.1751130471084785,0.09207043570481407,0.22224871133805646,66.9931949349012,57.010000101476905,
I_MFA036,MFA036,cs_I_MFA036,trained entity,1.0,FOLS,UF11,32.0777236666,1.0024319164710247,8,0,0.0,True,train,1949-10,2015-09,672,0.7473918418336538,0.7238763147417335,19.522282667052767,0.8920470662818237,1.1185119977917926,1.1952228266705278,0.05465200690254306,0.11477289735344876,62.22522137916583,52.06160725067768,1976-1985
I_MFF019,MFF019,cdec_ORO,trained entity,1.0,OROV,UF8,476.008562915,1.0007256751451006,59,0,0.0,True,WY1976-85,1975-10,1985-09,120,0.9379216685353238,0.9312694819338146,3.408361246756787,0.968209659632666,1.0410048882199172,1.034083612467568,0.06407672795373082,-0.1563285779488126,911.2520569606002,881.2169982910157,
I_MFF019,MFF019,cdec_ORO,trained entity,1.0,OROV,UF8,476.008562915,1.0007256751451006,59,0,0.0,True,WY1976-84,1975-10,1984-09,108,0.9366779716146902,0.9314653509130338,3.3257408388963583,0.968486298932294,1.0437093892784484,1.0332574083889636,0.06661225156922669,-0.12649996345501346,956.2579161104477,925.4788868162367,
I_MFF019,MFF019,cdec_ORO,trained entity,1.0,OROV,UF8,476.008562915,1.0007256751451006,59,0,0.0,True,WY1950-84_mixed,1949-10,1984-09,420,0.9243702320298854,0.880321283880285,-0.6971074277659811,0.9384508883764509,0.9566067656773477,0.9930289257223401,0.07638198334101175,-0.23006162940638752,886.8182397797289,893.0437138421196,
I_MFF019,MFF019,cdec_ORO,trained entity,1.0,OROV,UF8,476.008562915,1.0007256751451006,59,0,0.0,True,WY1976-85_own,1975-10,1985-09,120,0.9379216685353238,0.9312694819338146,3.408361246756787,0.968209659632666,1.0410048882199172,1.034083612467568,0.06407672795373082,-0.1563285779488126,911.2520569606002,881.2169982910157,
I_MFF019,MFF019,cdec_ORO,trained entity,1.0,OROV,UF8,476.008562915,1.0007256751451006,59,0,0.0,True,train,1987-10,2018-12,375,0.8863425137740453,0.9081749567498377,-0.09512042498319567,0.9548130614031703,0.8957154854931734,0.999048795750168,0.03917825298421684,-0.12217913888464427,788.9163883637405,789.6675234680176,1976-1985
I_MFF087,MFF087,cdec_ORO,trained entity,1.0,OROV,UF8,460.211668108,1.000773862291861,54,0,0.0,True,WY1976-85,1975-10,1985-09,120,-0.6107122107709864,-1.1809222353464026,141.092988215719,0.8457002411897407,1.761486886291387,2.4109298821571903,0.15354877780401158,0.45775319471531706,292.28908456635986,121.2350001256913,
I_MFF087,MFF087,cdec_ORO,trained entity,1.0,OROV,UF8,460.211668108,1.000773862291861,54,0,0.0,True,WY1976-84,1975-10,1984-09,108,-0.6142157582263656,-1.1747661070091748,142.09130726566215,0.8437168083065919,1.749849396915114,2.4209130726566217,0.16211516010785199,0.5132538622125491,305.36321603129153,126.13555582819713,
I_MFF087,MFF087,cdec_ORO,trained entity,1.0,OROV,UF8,460.211668108,1.000773862291861,54,0,0.0,True,WY1950-84_mixed,1949-10,1984-09,420,-0.08703474116993104,-0.28736550625987345,95.45186720935831,0.8497719607389914,1.497966032330394,1.9545186720935828,0.09515811714449277,0.06442872281357737,275.34030625135415,140.87371493689716,
I_MFF087,MFF087,cdec_ORO,trained entity,1.0,OROV,UF8,460.211668108,1.000773862291861,54,0,0.0,True,WY1976-85_own,1975-10,1985-09,0,,,,,,,,,,,
I_MFF087,MFF087,cdec_ORO,trained entity,1.0,OROV,UF8,460.211668108,1.000773862291861,54,0,0.0,True,train,1987-10,2018-12,375,0.010500361582174045,-0.16271121834189395,77.50076337170817,0.8629972695354149,1.5997524105449734,1.7750076337170817,0.06967606620639263,-0.19520151497358995,245.77749604978004,138.4655994606018,1976-1985
I_MFM008,MFM008,cs_I_MFM008,trained entity,1.0,,UF14,94.8846631828,1.000618920781894,17,0,0.0,True,WY1976-85,1975-10,1985-09,120,0.15969995306726248,0.39412312141252026,67.63676561347103,0.9548934932300767,1.4965847013924352,1.6763676561347103,0.0757102883894154,0.25120565453004673,102.17460844656796,60.94999988377094,
I_MFM008,MFM008,cs_I_MFM008,trained entity,1.0,,UF14,94.8846631828,1.000618920781894,17,0,0.0,True,WY1976-84,1975-10,1984-09,108,0.1629460038568269,0.3908338872867646,67.55348931399969,0.9545470948581467,1.4921849591604297,1.675534893139997,0.07600054178221032,0.21845675520694918,108.2432773166335,64.60222210817867,
I_MFM008,MFM008,cs_I_MFM008,trained entity,1.0,,UF14,94.8846631828,1.000618920781894,17,0,0.0,True,WY1950-84_mixed,1949-10,1984-09,420,0.27738113625908767,0.45619592099840245,55.93852150417692,0.9496538117053646,1.454677319371752,1.559385215041769,0.05506292320864663,0.2213778159941704,87.5256189227813,56.128285736271316,
I_MFM008,MFM008,cs_I_MFM008,trained entity,1.0,,UF14,94.8846631828,1.000618920781894,17,0,0.0,True,WY1976-85_own,1975-10,1985-09,120,0.15969995306726248,0.39412312141252026,67.63676561347103,0.9548934932300767,1.4965847013924352,1.6763676561347103,0.0757102883894154,0.25120565453004673,102.17460844656796,60.94999988377094,
I_MFM008,MFM008,cs_I_MFM008,trained entity,1.0,,UF14,94.8846631828,1.000618920781894,17,0,0.0,True,train,1949-10,2015-09,672,0.20824020902633478,0.4066229187297675,60.6614678266356,0.9492979300847553,1.5062919106807624,1.606614678266356,0.03870121754329787,0.10133545003188615,77.36652990565287,48.15500004589558,1976-1985
I_MFS013,MFS013,cdec_NML,trained entity,1.0,ST,UF16,22.9136452749,0.9988146856909057,6,0,0.0,True,WY1976-85,1975-10,1985-09,120,-0.7042039998690521,-2.876457185459015,95.80894980353575,0.7011939520366849,2.3773491687384785,1.9580894980353576,0.19154906421177675,-0.9815470163517039,24.186321384087883,12.351999951153994,
I_MFS013,MFS013,cdec_NML,trained entity,1.0,ST,UF16,22.9136452749,0.9988146856909057,6,0,0.0,True,WY1976-84,1975-10,1984-09,108,-0.7546198032953273,-2.959698988941437,103.69375709152433,0.707873055509277,2.3849595576922242,2.0369375709152435,0.18613763469614494,-1.1412247489843752,25.97548046510221,12.752222177055149,
I_MFS013,MFS013,cdec_NML,trained entity,1.0,ST,UF16,22.9136452749,0.9988146856909057,6,0,0.0,True,WY1950-84_mixed,1949-10,1984-09,420,-0.5552420121409174,-2.3178601578640423,91.53412956119513,0.7041016189931745,2.2220360784334905,1.915341295611951,0.1906414851042856,-0.7938250699181548,19.51240260279708,10.187428552550928,
I_MFS013,MFS013,cdec_NML,trained entity,1.0,ST,UF16,22.9136452749,0.9988146856909057,6,0,0.0,True,WY1976-85_own,1975-10,1985-09,0,,,,,,,,,,,
I_MFS013,MFS013,cdec_NML,trained entity,1.0,ST,UF16,22.9136452749,0.9988146856909057,6,0,0.0,True,train,1987-10,2018-12,375,-0.7288010259165414,-3.1101386238581528,75.32583767959024,0.7201741000946271,2.5307031948549126,1.7532583767959025,0.2068293722142021,-0.7935374468293528,15.639625743623036,8.920319988548757,1976-1985
I_MFS022,MFS022,cdec_NML,trained entity,1.0,ST,UF16,65.8988709257,1.0013958329545598,10,0,0.0,True,WY1976-85,1975-10,1985-09,120,-0.10328293034182434,-0.38473993451379496,72.99489084887608,0.8871776812187674,1.8195602111892302,1.729948908488761,0.1447417303758945,-0.5502388779072982,103.8713221538029,60.042999908328056,
I_MFS022,MFS022,cdec_NML,trained entity,1.0,ST,UF16,65.8988709257,1.0013958329545598,10,0,0.0,True,WY1976-84,1975-10,1984-09,108,-0.11341929684439411,-0.4192115222737456,74.08055276353984,0.8848080972362137,1.8231892409087733,1.7408055276353984,0.14446643912966953,-0.565053885507858,109.62045802295165,62.97111094991366,
I_MFS022,MFS022,cdec_NML,trained entity,1.0,ST,UF16,65.8988709257,1.0013958329545598,10,0,0.0,True,WY1950-84_mixed,1949-10,1984-09,420,0.022334754868001183,-0.1637111525820245,67.05064053316674,0.8766235583221977,1.7007344329966532,1.6705064053316674,0.16209065280515927,-0.5750219097203786,92.78994875523036,55.54599997885525,
I_MFS022,MFS022,cdec_NML,trained entity,1.0,ST,UF16,65.8988709257,1.0013958329545598,10,0,0.0,True,WY1976-85_own,1975-10,1985-09,120,-0.10328293034182434,-0.38473993451379496,72.99489084887608,0.8871776812187674,1.8195602111892302,1.729948908488761,0.1447417303758945,-0.5502388779072982,103.8713221538029,60.042999908328056,
I_MFS022,MFS022,cdec_NML,trained entity,1.0,ST,UF16,65.8988709257,1.0013958329545598,10,0,0.0,True,train,1987-10,2018-12,375,0.08542199704549658,-0.40865163879209,61.04908133701056,0.7428019079532914,1.6305577148259207,1.6104908133701057,0.26030372258630324,-0.8743897416363016,80.80798720294297,50.17600009393692,1976-1985
I_MFS047,MFS047,cdec_NML,trained entity,1.0,ST,UF16,23.0889626821,1.0020907049617047,7,0,0.0,True,WY1976-85,1975-10,1985-09,120,0.8042345129732869,0.7573697265479664,7.724917480805123,0.8723310007180964,0.8732825287316756,1.0772491748080513,0.1822753100404156,0.011791921585436071,49.78291579946382,46.212999706715344,
I_MFS047,MFS047,cdec_NML,trained entity,1.0,ST,UF16,23.0889626821,1.0020907049617047,7,0,0.0,True,WY1976-84,1975-10,1984-09,108,0.8184077158970087,0.7607641252930178,5.030652184478403,0.8731374545633678,0.880204732685468,1.050306521844784,0.1777487681330004,0.04269601538569745,50.55825466646657,48.136666406359936,
I_MFS047,MFS047,cdec_NML,trained entity,1.0,ST,UF16,23.0889626821,1.0020907049617047,7,0,0.0,True,WY1950-84_mixed,1949-10,1984-09,420,0.7183480840908125,0.7205745974297626,-2.4766912507448566,0.8542819884569979,0.7602487478820644,0.9752330874925513,0.20126382372492643,-0.010177132336668393,44.753167627446324,45.88971416311605,
I_MFS047,MFS047,cdec_NML,trained entity,1.0,ST,UF16,23.0889626821,1.0020907049617047,7,0,0.0,True,WY1976-85_own,1975-10,1985-09,120,0.8042345129732869,0.7573697265479664,7.724917480805123,0.8723310007180964,0.8732825287316756,1.0772491748080513,0.1822753100404156,0.011791921585436071,49.78291579946382,46.212999706715344,
I_MFS047,MFS047,cdec_NML,trained entity,1.0,ST,UF16,23.0889626821,1.0020907049617047,7,0,0.0,True,train,1987-10,2018-12,375,0.6757914355678662,0.7127925529263546,14.570269270024193,0.8582887953060626,0.7474136720738097,1.1457026927002418,0.2378624105359837,-0.09272216152287793,47.56774264639458,41.518399973630906,1976-1985
I_MFY013,MFY013,cdec_YRS,trained entity,1.0,YUBA,UF9,107.718585653,1.002930353625017,18,0,0.0,True,WY1976-85,1975-10,1985-09,120,0.8389266110495517,0.9248155708512099,-11.754694418866707,0.9693194292101025,0.8942358514623463,0.8824530558113329,0.06128569984995811,-0.040555104584231394,223.9198164075755,253.74700096845626,
I_MFY013,MFY013,cdec_YRS,trained entity,1.0,YUBA,UF9,107.718585653,1.002930353625017,18,0,0.0,True,WY1976-84,1975-10,1984-09,108,0.8374763776808806,0.9232681729089602,-11.987135907869979,0.9688292479107912,0.8947708723853215,0.8801286409213003,0.06038131412738543,-0.030618316125083922,236.31943044401874,268.5055564112133,
I_MFY013,MFY013,cdec_YRS,trained entity,1.0,YUBA,UF9,107.718585653,1.002930353625017,18,0,0.0,True,WY1950-84_mixed,1949-10,1984-09,420,0.8486146026743309,0.9232700272276885,-9.722908965985992,0.9677040120063599,0.8885504068788033,0.9027709103401401,0.04912002467864892,-0.05336547347275822,219.44323178303483,243.07742891311642,
I_MFY013,MFY013,cdec_YRS,trained entity,1.0,YUBA,UF9,107.718585653,1.002930353625017,18,0,0.0,True,WY1976-85_own,1975-10,1985-09,120,0.8389266110495517,0.9248155708512099,-11.754694418866707,0.9693194292101025,0.8942358514623463,0.8824530558113329,0.06128569984995811,-0.040555104584231394,223.9198164075755,253.74700096845626,
I_MFY013,MFY013,cdec_YRS,trained entity,1.0,YUBA,UF9,107.718585653,1.002930353625017,18,0,0.0,True,train,1987-10,2018-12,375,0.8858732025806012,0.9077163140574848,9.132624169090105,0.9599265379444432,1.055484782658901,1.0913262416909009,0.032990519643699916,-0.03882263876834724,216.71434234114156,198.57887958908083,1976-1985
I_MIL003,MIL003,cdec_NML,trained entity,1.0,ST,UF16,12.3116336358,0.9987651282485819,5,0,0.0,True,WY1976-85,1975-10,1985-09,120,0.7330373638892504,0.6241612998912962,-8.402821710498957,0.8665168713871708,1.2153846841933942,0.9159717828950104,0.17907506810569768,-0.5073995064848473,16.85296492819601,18.39900010339916,
I_MIL003,MIL003,cdec_NML,trained entity,1.0,ST,UF16,12.3116336358,0.9987651282485819,5,0,0.0,True,WY1976-84,1975-10,1984-09,108,0.7298559010759087,0.6206694761124976,-7.008342258717845,0.8671674155896477,1.2245476621584888,0.9299165774128215,0.17560704556573514,-0.5344246337466032,18.0104177262211,19.367777888559633,
I_MIL003,MIL003,cdec_NML,trained entity,1.0,ST,UF16,12.3116336358,0.9987651282485819,5,0,0.0,True,WY1950-84_mixed,1949-10,1984-09,420,0.7218902801747564,0.5079500008910608,-15.544087994192322,0.7767031371698697,1.0576338455629861,0.8445591200580769,0.20906829107504063,-0.5256198699716448,14.630418290149036,17.323142859605806,
I_MIL003,MIL003,cdec_NML,trained entity,1.0,ST,UF16,12.3116336358,0.9987651282485819,5,0,0.0,True,WY1976-85_own,1975-10,1985-09,0,,,,,,,,,,,
I_MIL003,MIL003,cdec_NML,trained entity,1.0,ST,UF16,12.3116336358,0.9987651282485819,5,0,0.0,True,train,1987-10,2018-12,375,0.7262372691401986,0.6471777768089303,-21.96762594251178,0.8368909667091347,1.0091551685797577,0.7803237405748822,0.13524791512705764,-0.22443679961083518,12.107128592884553,15.515519986569881,1976-1985
I_MLC006,MLC006,cs_I_MLC006,trained entity,1.0,,UF7,131.950406359,0.998315549990833,28,0,0.0,True,WY1976-85,1975-10,1985-09,120,0.900776226158907,0.8829431660059108,-8.018212142542744,0.9454839396163707,0.9789243301592843,0.9198178785745725,0.05108974980294647,0.2647324174677559,204.4378018442809,222.25899996757505,
I_MLC006,MLC006,cs_I_MLC006,trained entity,1.0,,UF7,131.950406359,0.998315549990833,28,0,0.0,True,WY1976-84,1975-10,1984-09,108,0.9020622213955166,0.8820056373150713,-7.837026276614018,0.9448533846307293,0.9797821562657971,0.9216297372338598,0.05401868440296113,0.2988442735724455,213.38902904157237,231.53444427914093,
I_MLC006,MLC006,cs_I_MLC006,trained entity,1.0,,UF7,131.950406359,0.998315549990833,28,0,0.0,True,WY1950-84_mixed,1949-10,1984-09,420,0.7871839419789078,0.8373335173932372,-13.839731295631372,0.93627514933798,0.8514200493800989,0.8616026870436863,0.05246662929712232,0.2585711906654202,207.04755705015026,240.30514315196444,
I_MLC006,MLC006,cs_I_MLC006,trained entity,1.0,,UF7,131.950406359,0.998315549990833,28,0,0.0,True,WY1976-85_own,1975-10,1985-09,120,0.900776226158907,0.8829431660059108,-8.018212142542744,0.9454839396163707,0.9789243301592843,0.9198178785745725,0.05108974980294647,0.2647324174677559,204.4378018442809,222.25899996757505,
I_MLC006,MLC006,cs_I_MLC006,trained entity,1.0,,UF7,131.950406359,0.998315549990833,28,0,0.0,True,train,1949-10,2015-09,672,0.8548508766149538,0.8628421515996759,-10.334134880532115,0.9378342010588361,0.9192271884323006,0.8966586511946789,0.041801833237159254,0.16616273587958919,201.73090398161816,224.9807144701481,1976-1985
I_MLRTN,MLRTN,cdec_MIL,trained entity,1.0,SJ,UF22,1637.79925007,1.000776366283674,146,0,0.0,True,WY1976-85,1975-10,1985-09,120,0.8699044268553068,0.9643593124201959,-11.07856067392195,0.9882775475957761,0.9328137543771055,0.8892143932607804,0.03186537020978779,0.016243657265476052,1943.5390013882566,2185.6809967517856,
I_MLRTN,MLRTN,cdec_MIL,trained entity,1.0,SJ,UF22,1637.79925007,1.000776366283674,146,0,0.0,True,WY1976-84,1975-10,1984-09,108,0.8716193536621616,0.9642002760005354,-10.889577261682225,0.9881794328741916,0.9330404954234969,0.8911042273831777,0.03294473358621208,-0.0028656518826384314,2048.3149459136876,2298.625551276737,
I_MLRTN,MLRTN,cdec_MIL,trained entity,1.0,SJ,UF22,1637.79925007,1.000776366283674,146,0,0.0,True,WY1950-84_mixed,1949-10,1984-09,420,0.8244787762960836,0.920008059212945,-13.935623311062399,0.9690372562380936,0.897878264985008,0.860643766889376,0.01970644941176057,0.016748557254597785,1647.6732279324492,1914.4659978049142,
I_MLRTN,MLRTN,cdec_MIL,trained entity,1.0,SJ,UF22,1637.79925007,1.000776366283674,146,0,0.0,True,WY1976-85_own,1975-10,1985-09,120,0.8699044268553068,0.9643593124201959,-11.07856067392195,0.9882775475957761,0.9328137543771055,0.8892143932607804,0.03186537020978779,0.016243657265476052,1943.5390013882566,2185.6809967517856,
I_MLRTN,MLRTN,cdec_MIL,trained entity,1.0,SJ,UF22,1637.79925007,1.000776366283674,146,0,0.0,True,train,1987-10,2018-12,375,0.8997232770095589,0.9400763465311354,-5.281575884196497,0.9718497904508753,0.9195420451789296,0.9471842411580349,0.0309627802232608,-0.03742828316284008,1619.1237124798245,1709.4073593330386,1976-1985
I_MNS000,MNS000,uf_07,trained entity,1.0,,UF7,292.266972649,1.000436791172434,42,0,0.0,True,WY1976-85,1975-10,1985-09,120,0.665197886011563,0.8027041857991495,-0.3964014372178996,0.9676521243461769,1.333212180242362,0.9960359856278208,0.11737518401559019,-0.5229205007965545,257.2641429047108,258.2880002498627,
I_MNS000,MNS000,uf_07,trained entity,1.0,,UF7,292.266972649,1.000436791172434,42,0,0.0,True,WY1976-84,1975-10,1984-09,108,0.6603959868688485,0.8016689879749627,-0.1311218952148517,0.9686188673454127,1.3381484747162968,0.9986887810478514,0.11793259397855896,-0.48409382157712333,272.59099349896394,272.9488892555237,
I_MNS000,MNS000,uf_07,trained entity,1.0,,UF7,292.266972649,1.000436791172434,42,0,0.0,True,WY1950-84_mixed,1949-10,1984-09,420,0.7566659728626475,0.7981018673679672,-7.095394132243141,0.9399476748563408,1.2248793125623942,0.9290460586775686,0.13061997709563594,-0.4979901079465394,249.65644171219003,268.7234280586243,
I_MNS000,MNS000,uf_07,trained entity,1.0,,UF7,292.266972649,1.000436791172434,42,0,0.0,True,WY1976-85_own,1975-10,1985-09,0,,,,,,,,,,,
I_MNS000,MNS000,uf_07,trained entity,1.0,,UF7,292.266972649,1.000436791172434,42,0,0.0,True,train,1984-10,2014-09,348,0.4766122059638681,0.4137686857751681,9.723146466846018,0.8913064791123373,1.5026594709557133,1.0972314646684602,0.14887711611142843,-0.42124503667215407,252.20470611785157,229.85551749015679,1976-1985
I_MOK079,MOK079,cdec_MKM,trained entity,1.0,,UF14,56.9074629542,1.0015768283805908,13,0,0.0,True,WY1976-85,1975-10,1985-09,120,0.2114008083941601,0.1457658274576079,-58.406227962969325,0.6132453687487643,0.6378111076787818,0.4159377203703067,0.36174999547298825,-0.6005173273336561,28.53623922546351,68.60700010582805,
I_MOK079,MOK079,cdec_MKM,trained entity,1.0,,UF14,56.9074629542,1.0015768283805908,13,0,0.0,True,WY1976-84,1975-10,1984-09,108,0.21216806992267034,0.1212891158208752,-58.05810898002021,0.604817282681737,0.6430190927392142,0.4194189101997979,0.36658832485260745,-0.6017423722878137,30.833814259494787,73.51555571208397,
I_MOK079,MOK079,cdec_MKM,trained entity,1.0,,UF14,56.9074629542,1.0015768283805908,13,0,0.0,True,WY1950-84_mixed,1949-10,1984-09,420,0.14294047752531558,0.07724095092444272,-60.31153962830692,0.5587583713574027,0.5803469659543983,0.39688460371693096,0.3562089695428438,-0.8107245993134296,24.774670913524453,62.422857126487145,
I_MOK079,MOK079,cdec_MKM,trained entity,1.0,,UF14,56.9074629542,1.0015768283805908,13,0,0.0,True,WY1976-85_own,1975-10,1985-09,120,0.2114008083941601,0.1457658274576079,-58.406227962969325,0.6132453687487643,0.6378111076787818,0.4159377203703067,0.36174999547298825,-0.6005173273336561,28.53623922546351,68.60700010582805,
I_MOK079,MOK079,cdec_MKM,trained entity,1.0,,UF14,56.9074629542,1.0015768283805908,13,0,0.0,True,train,1988-10,2018-12,363,0.2708157348154344,0.3634083818427807,-55.71701712491838,0.709569729330307,0.6299711487712897,0.4428298287508163,0.28429939638926605,-0.5969033974198599,24.84282667741516,56.10016549132333,1976-1985
I_MPS038,MPS038,cs_I_MPS038,trained entity,1.0,,,108.890848206,1.0003670631884412,17,0,0.0,True,WY1976-85,1975-10,1985-09,120,0.40915655805330375,0.3579746374690248,-24.109694333232362,0.6058639973993528,0.6317269379099091,0.7589030566676763,0.37045812375535503,-0.8944018572620678,33.4767317739092,44.11200018208474,
I_MPS038,MPS038,cs_I_MPS038,trained entity,1.0,,,108.890848206,1.0003670631884412,17,0,0.0,True,WY1976-84,1975-10,1984-09,108,0.4097730198538363,0.3530636794128781,-22.690330484103452,0.6014531021636502,0.6284584160962616,0.7730966951589654,0.37327651579449894,-0.7226273858319185,36.921380334722436,47.75777799325685,
I_MPS038,MPS038,cs_I_MPS038,trained entity,1.0,,,108.890848206,1.0003670631884412,17,0,0.0,True,WY1950-84_mixed,1949-10,1984-09,420,0.20797713097614068,0.170340987915792,-34.2762863589386,0.4433644420151055,0.5528191641096025,0.6572371364106141,0.349606251311084,-0.9306621372207333,22.034156677111646,33.5254285803863,
I_MPS038,MPS038,cs_I_MPS038,trained entity,1.0,,,108.890848206,1.0003670631884412,17,0,0.0,True,WY1976-85_own,1975-10,1985-09,0,,,,,,,,,,,
I_MPS038,MPS038,cs_I_MPS038,trained entity,1.0,,,108.890848206,1.0003670631884412,17,0,0.0,True,train,1949-10,2015-09,672,0.2994768769154207,0.3118489129479979,-37.32933788681312,0.5744351737844184,0.587350902148704,0.6267066211318688,0.19557282195196254,-0.7484490741343839,17.924704637737065,28.6014285366317,1976-1985
I_MTMDW,MTMDW,cdec_ORO,trained entity,1.0,OROV,UF8,153.83242463,1.0001637928050153,21,0,0.0,True,WY1976-85,1975-10,1985-09,120,0.4578802040370078,-0.13935135250240882,-49.79001661906411,0.8096350974293907,0.9012553720369022,0.5020998338093589,0.15813961493386525,-0.033077304476243796,127.140715900455,253.21800036430358,
I_MTMDW,MTMDW,cdec_ORO,trained entity,1.0,OROV,UF8,153.83242463,1.0001637928050153,21,0,0.0,True,WY1976-84,1975-10,1984-09,108,0.46665616070340665,-0.09835509242248075,-48.595457006429555,0.8051782983804565,0.8982733499651068,0.5140454299357045,0.15906208178326972,-0.0621209995610732,133.78203685539785,260.2533337805006,
I_MTMDW,MTMDW,cdec_ORO,trained entity,1.0,OROV,UF8,153.83242463,1.0001637928050153,21,0,0.0,True,WY1950-84_mixed,1949-10,1984-09,420,0.4742202940799348,-0.07761592074640866,-49.4193879364859,0.8597071417827786,0.8880418708224178,0.5058061206351411,0.12096940242261889,0.20373735643413315,135.97340274966987,268.8251430783953,
I_MTMDW,MTMDW,cdec_ORO,trained entity,1.0,OROV,UF8,153.83242463,1.0001637928050153,21,0,0.0,True,WY1976-85_own,1975-10,1985-09,120,0.4578802040370078,-0.13935135250240882,-49.79001661906411,0.8096350974293907,0.9012553720369022,0.5020998338093589,0.15813961493386525,-0.033077304476243796,127.140715900455,253.21800036430358,
I_MTMDW,MTMDW,cdec_ORO,trained entity,1.0,OROV,UF8,153.83242463,1.0001637928050153,21,0,0.0,True,train,1987-10,2018-12,375,0.5686067947718672,0.33200696040221533,-41.69337855625846,0.8935092946968195,1.0304309982991984,0.5830662144374155,0.1452573893024031,0.24603222884876796,132.40379547830617,227.0819200286865,1976-1985
I_NBLDB,NBLDB,cdec_YRS,trained entity,1.0,YUBA,UF9,189.17083045,1.0005761477168238,27,0,0.0,True,WY1976-85,1975-10,1985-09,120,0.6725454632789796,0.8592887552519359,-19.148535570686125,0.9651674211400189,0.7366627188965486,0.8085146442931388,0.044020193250137646,-0.034136282361015624,354.8004826102986,438.8300015524029,
I_NBLDB,NBLDB,cdec_YRS,trained entity,1.0,YUBA,UF9,189.17083045,1.0005761477168238,27,0,0.0,True,WY1976-84,1975-10,1984-09,108,0.6717982219158402,0.858720535055072,-19.2230378994716,0.965313625056327,0.7362562912173659,0.807769621005284,0.046920868409453434,-0.0354686142226841,373.30444915420736,462.14222402870655,
I_NBLDB,NBLDB,cdec_YRS,trained entity,1.0,YUBA,UF9,189.17083045,1.0005761477168238,27,0,0.0,True,WY1950-84_mixed,1949-10,1984-09,420,0.6506362402156272,0.8187238521507362,-17.634691034185824,0.9473884988943145,0.7030339517470726,0.8236530896581418,0.045437512237549556,0.019925039164378155,361.64112609479776,439.0697134941816,
I_NBLDB,NBLDB,cdec_YRS,trained entity,1.0,YUBA,UF9,189.17083045,1.0005761477168238,27,0,0.0,True,WY1976-85_own,1975-10,1985-09,0,,,,,,,,,,,
I_NBLDB,NBLDB,cdec_YRS,trained entity,1.0,YUBA,UF9,189.17083045,1.0005761477168238,27,0,0.0,True,train,1987-10,2018-12,375,0.6934384044076816,0.8501934864215975,-15.469209260446812,0.952871956030667,0.7395593813373508,0.8453079073955319,0.045338489009882826,0.1488961920447247,323.4161581752904,382.60160037040714,1976-1985
I_NFA016,NFA016,cdec_FOL,trained entity,1.0,FOLS,UF11,14.507347798,1.0031345116278352,5,0,0.0,True,WY1976-85,1975-10,1985-09,120,0.37575042724134533,0.4582452888614381,-52.54592610047158,0.793619333772526,0.7335659280023579,0.47454073899528415,0.28347492765870186,-1.1408833699499263,7.848903791002462,16.5399999326095,
I_NFA016,NFA016,cdec_FOL,trained entity,1.0,FOLS,UF11,14.507347798,1.0031345116278352,5,0,0.0,True,WY1976-84,1975-10,1984-09,108,0.3885136520161606,0.4619547611441063,-51.30582086059908,0.7945705460444316,0.7383025261869315,0.48694179139400917,0.27587771350847895,-1.1157733072529794,8.514988750297372,17.48666658066213,
I_NFA016,NFA016,cdec_FOL,trained entity,1.0,FOLS,UF11,14.507347798,1.0031345116278352,5,0,0.0,True,WY1950-84_mixed,1949-10,1984-09,420,0.28535247681991904,0.2787314046085889,-58.32962603976681,0.7189966064420614,0.6974712446684737,0.4167037396023319,0.3038566794842684,-1.1765528647823764,7.121585944975745,17.09028565899602,
I_NFA016,NFA016,cdec_FOL,trained entity,1.0,FOLS,UF11,14.507347798,1.0031345116278352,5,0,0.0,True,WY1976-85_own,1975-10,1985-09,0,,,,,,,,,,,
I_NFA016,NFA016,cdec_FOL,trained entity,1.0,FOLS,UF11,14.507347798,1.0031345116278352,5,0,0.0,True,train,1987-10,2018-12,375,0.3683835859404976,0.48542940680048374,-56.04691753284533,0.8033097525524697,0.7852290881542436,0.4395308246715467,0.29319857403968097,-1.0497621897342917,6.684525425964036,15.208319987475871,1976-1985
I_NFA022,NFA022,cdec_FOL,trained entity,1.0,FOLS,UF11,145.136220173,1.0006003944290434,22,0,0.0,True,WY1976-85,1975-10,1985-09,120,0.7116758344424156,0.7331948427874433,-25.64521788416117,0.8814315956360598,0.942514019983508,0.7435478211583882,0.21003106525486295,-0.7453392562129251,173.67641301050966,233.5780000537634,
I_NFA022,NFA022,cdec_FOL,trained entity,1.0,FOLS,UF11,145.136220173,1.0006003944290434,22,0,0.0,True,WY1976-84,1975-10,1984-09,108,0.7212711975263191,0.7384877642565788,-24.75563600580482,0.8837813783621604,0.9461592542044326,0.7524436399419517,0.20082661024621778,-0.733386833796339,185.82598939965249,246.96333324578075,
I_NFA022,NFA022,cdec_FOL,trained entity,1.0,FOLS,UF11,145.136220173,1.0006003944290434,22,0,0.0,True,WY1950-84_mixed,1949-10,1984-09,420,0.6782989184049013,0.6114217266083521,-26.026246759136487,0.8204830924072719,0.9405970223721566,0.7397375324086352,0.2353266525058503,-0.7714901334389328,178.55552037282618,241.37685672300202,
I_NFA022,NFA022,cdec_FOL,trained entity,1.0,FOLS,UF11,145.136220173,1.0006003944290434,22,0,0.0,True,WY1976-85_own,1975-10,1985-09,0,,,,,,,,,,,
I_NFA022,NFA022,cdec_FOL,trained entity,1.0,FOLS,UF11,145.136220173,1.0006003944290434,22,0,0.0,True,train,1987-10,2018-12,375,0.7197616977987005,0.7690494539022033,-25.613051238624774,0.897353370093323,0.9510680471038929,0.7438694876137524,0.20625430567256103,-0.673745830143571,159.74888894427613,214.75392068672178,1976-1985
I_NFA054,NFA054,cdec_FOL,trained entity,1.0,FOLS,UF11,185.406364803,1.000334836170267,26,0,0.0,True,WY1976-85,1975-10,1985-09,120,0.7009110295480465,0.8466254959574664,24.81534306476416,0.9622531156048004,1.1626322840713708,1.2481534306476416,0.047477167868166456,0.015529820485101986,479.3520761477488,384.0489994078875,
I_NFA054,NFA054,cdec_FOL,trained entity,1.0,FOLS,UF11,185.406364803,1.000334836170267,26,0,0.0,True,WY1976-84,1975-10,1984-09,108,0.7094702344793791,0.8476608402306093,24.024429709579564,0.9615360761146434,1.1587789309882002,1.2402442970957954,0.050108243965619664,0.027973605383107447,502.48635407085646,405.1511103477743,
I_NFA054,NFA054,cdec_FOL,trained entity,1.0,FOLS,UF11,185.406364803,1.000334836170267,26,0,0.0,True,WY1950-84_mixed,1949-10,1984-09,420,0.6580408072779467,0.7970980585250349,27.831635767838982,0.9541395934487256,1.1933207636202197,1.2783163576783898,0.05449122275473753,0.12492749416044013,501.1653883531164,392.0511423817703,
I_NFA054,NFA054,cdec_FOL,trained entity,1.0,FOLS,UF11,185.406364803,1.000334836170267,26,0,0.0,True,WY1976-85_own,1975-10,1985-09,0,,,,,,,,,,,
I_NFA054,NFA054,cdec_FOL,trained entity,1.0,FOLS,UF11,185.406364803,1.000334836170267,26,0,0.0,True,train,1987-10,2018-12,375,0.7771109035991652,0.882326184365929,20.655980676455194,0.9582166997460116,1.0725723869226906,1.2065598067645518,0.02329363245412939,-0.04939273661672061,420.426825794353,348.4508794651032,1976-1985
I_NFF029,NFF029,cdec_ORO,trained entity,1.0,OROV,UF8,309.586475883,1.0005549529152968,35,0,0.0,True,WY1976-85,1975-10,1985-09,120,0.6658492051671303,0.7344148589412748,19.025304086044862,0.9360947971283483,1.2671641053298965,1.1902530408604488,0.09735704795439985,-0.4368465331172686,706.891279406239,593.8999986886978,
I_NFF029,NFF029,cdec_ORO,trained entity,1.0,OROV,UF8,309.586475883,1.0005549529152968,35,0,0.0,True,WY1976-84,1975-10,1984-09,108,0.6587713718875963,0.7379566894490843,19.982764041367034,0.9395339027968281,1.2699069133223426,1.1998276404136703,0.09150175280937452,-0.3859249803027982,739.5457603153121,616.3766656186846,
I_NFF029,NFF029,cdec_ORO,trained entity,1.0,OROV,UF8,309.586475883,1.0005549529152968,35,0,0.0,True,WY1950-84_mixed,1949-10,1984-09,420,0.8616772818569381,0.7800343528821708,-3.7936182836762753,0.9039667323206437,1.0920414682905795,0.9620638171632373,0.11239460819588559,-0.501810149987362,707.0803468364948,734.961999632631,
I_NFF029,NFF029,cdec_ORO,trained entity,1.0,OROV,UF8,309.586475883,1.0005549529152968,35,0,0.0,True,WY1976-85_own,1975-10,1985-09,120,0.6658492051671303,0.7344148589412748,19.025304086044862,0.9360947971283483,1.2671641053298965,1.1902530408604488,0.09735704795439985,-0.4368465331172686,706.891279406239,593.8999986886978,
I_NFF029,NFF029,cdec_ORO,trained entity,1.0,OROV,UF8,309.586475883,1.0005549529152968,35,0,0.0,True,train,1987-10,2018-12,375,0.9107849240564168,0.8288108162842656,-0.7434216478027887,0.9177820012271861,1.0338269549142503,0.9925657835219721,0.07778390164666887,-0.3007471404731845,646.506532341071,651.3488003253938,1976-1985
I_NFM010,NFM010,cdec_MKM,trained entity,1.0,,UF14,92.4677112424,1.0001188372524483,14,0,0.0,True,WY1976-85,1975-10,1985-09,120,0.5724317682309037,0.4906137293484063,-24.036527030956798,0.723496798990768,0.7795796981246776,0.759634729690432,0.24176749846619433,-0.3302616792072479,106.25998451621354,139.88299950361252,
I_NFM010,NFM010,cdec_MKM,trained entity,1.0,,UF14,92.4677112424,1.0001188372524483,14,0,0.0,True,WY1976-84,1975-10,1984-09,108,0.5684098583325691,0.4795854016390023,-24.3477036966446,0.7180761489444784,0.7820368722453795,0.7565229630335539,0.24756943749772958,-0.3193785693971396,112.52270327697451,148.736666003863,
I_NFM010,NFM010,cdec_MKM,trained entity,1.0,,UF14,92.4677112424,1.0001188372524483,14,0,0.0,True,WY1950-84_mixed,1949-10,1984-09,420,0.5043432479093997,0.4698264512520708,-27.25172484745909,0.7130090052224174,0.701594011297671,0.7274827515254092,0.23406998760088774,-0.5166817349596382,94.66400486142318,130.12542862759105,
I_NFM010,NFM010,cdec_MKM,trained entity,1.0,,UF14,92.4677112424,1.0001188372524483,14,0,0.0,True,WY1976-85_own,1975-10,1985-09,0,,,,,,,,,,,
I_NFM010,NFM010,cdec_MKM,trained entity,1.0,,UF14,92.4677112424,1.0001188372524483,14,0,0.0,True,train,1988-10,2018-12,363,0.5983999809532282,0.7117208587164783,-24.244519642813867,0.8695546047831945,0.7076185695123233,0.7575548035718613,0.1639033284665194,-0.4405551775182719,87.34293832106017,115.29586758507678,1976-1985
I_NFS005,NFS005,cdec_NML,trained entity,1.0,ST,UF16,5.97190782342,1.0100488903821334,2,0,0.0,True,WY1976-85,1975-10,1985-09,120,0.44103388232022644,0.3231302257882076,-34.407354439977254,0.6325917599946161,0.7569615217001174,0.6559264556002274,0.2823063069915755,-1.0275933423565693,6.665524627827709,10.161999978683887,
I_NFS005,NFS005,cdec_NML,trained entity,1.0,ST,UF16,5.97190782342,1.0100488903821334,2,0,0.0,True,WY1976-84,1975-10,1984-09,108,0.4511161209180131,0.32105411811688456,-32.8027108524557,0.6297988423350067,0.7620444754736582,0.671972891475443,0.2777094663472532,-1.0283090702126811,7.19085656911403,10.701111101855835,
I_NFS005,NFS005,cdec_NML,trained entity,1.0,ST,UF16,5.97190782342,1.0100488903821334,2,0,0.0,True,WY1950-84_mixed,1949-10,1984-09,420,0.27301445145288217,0.18868821191274576,-42.69854377445758,0.5389190786470209,0.634492397186167,0.5730145622554241,0.3047111285580766,-0.9866676563776444,5.499793770443864,9.598000003344247,
I_NFS005,NFS005,cdec_NML,trained entity,1.0,ST,UF16,5.97190782342,1.0100488903821334,2,0,0.0,True,WY1976-85_own,1975-10,1985-09,0,,,,,,,,,,,
I_NFS005,NFS005,cdec_NML,trained entity,1.0,ST,UF16,5.97190782342,1.0100488903821334,2,0,0.0,True,train,1987-10,2018-12,375,0.31681992074249454,0.42159919412057467,-50.163675984686584,0.7374796924961633,0.6176668075974566,0.4983632401531341,0.23594808480055104,-0.8396868694814588,4.2329777528069314,8.49375999623537,1976-1985
I_NFS009,NFS009,cdec_NML,trained entity,1.0,ST,UF16,92.1647223165,1.0013029100523378,17,0,0.0,True,WY1976-85,1975-10,1985-09,120,0.868826622958845,0.8781720491087556,-9.320516943184977,0.9395644069763935,0.9302376152110167,0.9067948305681502,0.0733223548633144,-0.020126539355691087,163.6964160787448,180.52199964150788,
I_NFS009,NFS009,cdec_NML,trained entity,1.0,ST,UF16,92.1647223165,1.0013029100523378,17,0,0.0,True,WY1976-84,1975-10,1984-09,108,0.8652392744556698,0.8755885358032042,-9.512379314870866,0.9384078595870329,0.9270731505850873,0.9048762068512914,0.07726547933968493,-0.01828032802533741,172.0390856988352,190.12444398055473,
I_NFS009,NFS009,cdec_NML,trained entity,1.0,ST,UF16,92.1647223165,1.0013029100523378,17,0,0.0,True,WY1950-84_mixed,1949-10,1984-09,420,0.8306973607029988,0.8615552704841383,-12.172748786651386,0.9327057337923298,0.9034739200722963,0.8782725121334861,0.05771326520871271,0.05765410797312143,149.70431003323594,170.45314291981714,
I_NFS009,NFS009,cdec_NML,trained entity,1.0,ST,UF16,92.1647223165,1.0013029100523378,17,0,0.0,True,WY1976-85_own,1975-10,1985-09,120,0.868826622958845,0.8781720491087556,-9.320516943184977,0.9395644069763935,0.9302376152110167,0.9067948305681502,0.0733223548633144,-0.020126539355691087,163.6964160787448,180.52199964150788,
I_NFS009,NFS009,cdec_NML,trained entity,1.0,ST,UF16,92.1647223165,1.0013029100523378,17,0,0.0,True,train,1987-10,2018-12,375,0.793085838349192,0.7906272261755309,-11.583930925144342,0.892800458607695,0.8661979706839816,0.8841606907485566,0.09837847260804385,-0.32186945088737406,133.41659479722904,150.89632031059264,1976-1985
I_NFS033,NFS033,cs_I_NFS033,trained entity,1.0,ST,UF16,28.4436447487,0.9999480353152199,8,0,0.0,True,WY1976-85,1975-10,1985-09,120,0.8023972714485514,0.8296415575311055,-2.175382042762312,0.9432699771697247,1.1880300883833665,0.9782461795723768,0.1526610654162179,0.34285467536865344,67.88245927279226,69.39200038835406,
I_NFS033,NFS033,cs_I_NFS033,trained entity,1.0,ST,UF16,28.4436447487,0.9999480353152199,8,0,0.0,True,WY1976-84,1975-10,1984-09,108,0.8035351853338271,0.8269098945730796,-1.9352419281545297,0.9418180294839116,1.1866514547937679,0.9806475807184547,0.15840768487347406,0.34259252117791483,70.74936492131498,72.14555596974161,
I_NFS033,NFS033,cs_I_NFS033,trained entity,1.0,ST,UF16,28.4436447487,0.9999480353152199,8,0,0.0,True,WY1950-84_mixed,1949-10,1984-09,420,0.7650768172130317,0.774850718052456,-0.7252410659852461,0.9284486826446674,1.223644166780841,0.9927475893401476,0.16555773612202634,0.36878098712770857,65.67053686382843,66.1502859024597,
I_NFS033,NFS033,cs_I_NFS033,trained entity,1.0,ST,UF16,28.4436447487,0.9999480353152199,8,0,0.0,True,WY1976-85_own,1975-10,1985-09,120,0.8023972714485514,0.8296415575311055,-2.175382042762312,0.9432699771697247,1.1880300883833665,0.9782461795723768,0.1526610654162179,0.34285467536865344,67.88245927279226,69.39200038835406,
I_NFS033,NFS033,cs_I_NFS033,trained entity,1.0,ST,UF16,28.4436447487,0.9999480353152199,8,0,0.0,True,train,1949-10,2015-09,672,0.8508749314427866,0.8149275348085678,-9.76308297353724,0.9190289543884242,1.0784231912762063,0.9023691702646276,0.08689064076207567,0.06260216162051702,55.95607346059166,62.01017865468748,1976-1985
I_NFY029,NFY029,cs_I_NFY029,trained entity,1.0,YUBA,UF9,250.183229094,1.0007495395055872,32,0,0.0,True,WY1976-85,1975-10,1985-09,120,0.8260914953732589,0.8833477357686724,7.990124801706362,0.9615570526098152,1.1496064782781161,1.0799012480170636,0.04010552801511237,-0.11125466308058041,629.3977629831003,582.8289986133576,
I_NFY029,NFY029,cs_I_NFY029,trained entity,1.0,YUBA,UF9,250.183229094,1.0007495395055872,32,0,0.0,True,WY1976-84,1975-10,1984-09,108,0.8267726879572811,0.8811836913726139,7.667981925957085,0.9605761540036002,1.1502453570754092,1.0766798192595708,0.04122737898700307,-0.09798213396202904,656.1896922460213,609.456665303972,
I_NFY029,NFY029,cs_I_NFY029,trained entity,1.0,YUBA,UF9,250.183229094,1.0007495395055872,32,0,0.0,True,WY1950-84_mixed,1949-10,1984-09,420,0.9020369785725344,0.9060705872159472,2.9996575298926746,0.9604053371849015,1.0844347186534813,1.0299965752989269,0.03993729839602512,-0.17427793326155605,620.6197258182626,602.5454265594483,
I_NFY029,NFY029,cs_I_NFY029,trained entity,1.0,YUBA,UF9,250.183229094,1.0007495395055872,32,0,0.0,True,WY1976-85_own,1975-10,1985-09,120,0.8260914953732589,0.8833477357686724,7.990124801706362,0.9615570526098152,1.1496064782781161,1.0799012480170636,0.04010552801511237,-0.11125466308058041,629.3977629831003,582.8289986133576,
I_NFY029,NFY029,cs_I_NFY029,trained entity,1.0,YUBA,UF9,250.183229094,1.0007495395055872,32,0,0.0,True,train,1949-10,2015-09,672,0.8907142421701277,0.8946839620428694,6.207693682939847,0.955617498814621,1.0782305846000027,1.0620769368293985,0.04345292629462468,-0.1930723877055236,581.5134835505528,547.5248198934963,1976-1985
I_NHGAN,NHGAN,cdec_NHG,trained entity,1.0,,UF15,361.610671554,1.000911462785514,42,0,0.0,True,WY1976-85,1975-10,1985-09,120,0.9415332360280873,0.9711583295536094,-5.438632821037221,0.9859690202205638,0.983763577993595,0.9456136717896277,0.032829573307828805,-0.4314093136132051,194.56190327155096,205.75199902020398,
I_NHGAN,NHGAN,cdec_NHG,trained entity,1.0,,UF15,361.610671554,1.000911462785514,42,0,0.0,True,WY1976-84,1975-10,1984-09,108,0.9520916126395822,0.9724435843827169,-4.281253982991981,0.9864499449673833,0.9833058087527304,0.95718746017008,0.03241567746781328,-0.42161868373897793,210.3206724631342,219.7277766528229,
I_NHGAN,NHGAN,cdec_NHG,trained entity,1.0,,UF15,361.610671554,1.000911462785514,42,0,0.0,True,WY1950-84_mixed,1949-10,1984-09,420,0.7748619675659083,0.9149844195515442,-16.67520911797272,0.9679951149071834,0.852160353539121,0.8332479088202729,0.038518502918751314,-0.14823621935162556,148.70332614961663,178.46228544414043,
I_NHGAN,NHGAN,cdec_NHG,trained entity,1.0,,UF15,361.610671554,1.000911462785514,42,0,0.0,True,WY1976-85_own,1975-10,1985-09,120,0.9415332360280873,0.9711583295536094,-5.438632821037221,0.9859690202205638,0.983763577993595,0.9456136717896277,0.032829573307828805,-0.4314093136132051,194.56190327155096,205.75199902020398,
I_NHGAN,NHGAN,cdec_NHG,trained entity,1.0,,UF15,361.610671554,1.000911462785514,42,0,0.0,True,train,1987-10,2018-12,375,0.8344621662348188,0.9360320871357792,-9.743580010516839,0.9741543370344706,0.8686948555028908,0.9025641998948317,0.025856922383577056,-0.23959411924777108,138.38056482359093,153.31935926520822,1976-1985
I_NLC003,NLC003,cdec_FOL,trained entity,1.0,FOLS,UF11,3.56226889426,0.9991573847540586,3,0,0.0,True,WY1976-85,1975-10,1985-09,120,0.31034843789552313,0.2895632319942034,49.05975931432662,0.8755930457706805,1.4684615122446703,1.4905975931432662,0.1489195411345162,0.5127560152726902,8.60223867851148,5.770999978855252,
I_NLC003,NLC003,cdec_FOL,trained entity,1.0,FOLS,UF11,3.56226889426,0.9991573847540586,3,0,0.0,True,WY1976-84,1975-10,1984-09,108,0.309727335732608,0.26818406559732233,48.50687966136608,0.8711649634822246,1.473905208825607,1.4850687966136606,0.15200574806222722,0.535638667728791,9.009417331638128,6.066666643445691,
I_NLC003,NLC003,cdec_FOL,trained entity,1.0,FOLS,UF11,3.56226889426,0.9991573847540586,3,0,0.0,True,WY1950-84_mixed,1949-10,1984-09,420,0.04965829340605321,-0.041172092904719904,73.19757771610597,0.8625947124860305,1.590322460952115,1.7319757771610598,0.13432461538229545,0.46200339198302665,9.056253874110865,5.228857120020049,
I_NLC003,NLC003,cdec_FOL,trained entity,1.0,FOLS,UF11,3.56226889426,0.9991573847540586,3,0,0.0,True,WY1976-85_own,1975-10,1985-09,0,,,,,,,,,,,
I_NLC003,NLC003,cdec_FOL,trained entity,1.0,FOLS,UF11,3.56226889426,0.9991573847540586,3,0,0.0,True,train,1987-10,2018-12,375,0.3283820879465339,0.4484241954871193,54.32038287503007,0.9002792933779283,1.3821727369827237,1.5432038287503007,0.04439999113961916,0.18564415817531454,7.81330269852388,5.063039990544319,1976-1985
I_NMA003,NMA003,cs_I_NMA003,trained entity,1.0,FOLS,UF11,88.6991249531,0.9988962285227774,14,0,0.0,True,WY1976-85,1975-10,1985-09,120,0.7039354117219121,0.8236018050767224,-16.982245054172346,0.9296920293772102,0.7678979427252259,0.8301775494582765,0.09439718036472829,0.10579711882844478,169.4566719324133,204.12100043296815,
I_NMA003,NMA003,cs_I_NMA003,trained entity,1.0,FOLS,UF11,88.6991249531,0.9988962285227774,14,0,0.0,True,WY1976-84,1975-10,1984-09,108,0.7042133005203768,0.8223404629839206,-16.668816353663544,0.9291354965382139,0.7661559282877856,0.8333118364633645,0.09772446574668872,0.1345809460185432,179.48796279762308,215.3911116388109,
I_NMA003,NMA003,cs_I_NMA003,trained entity,1.0,FOLS,UF11,88.6991249531,0.9988962285227774,14,0,0.0,True,WY1950-84_mixed,1949-10,1984-09,420,0.6494313757820895,0.7052666188643384,-12.867358631535629,0.858143161059626,0.706370802343112,0.8713264136846436,0.08474312994411654,0.05514968216044114,172.72477775265213,198.23200013211795,
I_NMA003,NMA003,cs_I_NMA003,trained entity,1.0,FOLS,UF11,88.6991249531,0.9988962285227774,14,0,0.0,True,WY1976-85_own,1975-10,1985-09,120,0.7039354117219121,0.8236018050767224,-16.982245054172346,0.9296920293772102,0.7678979427252259,0.8301775494582765,0.09439718036472829,0.10579711882844478,169.4566719324133,204.12100043296815,
I_NMA003,NMA003,cs_I_NMA003,trained entity,1.0,FOLS,UF11,88.6991249531,0.9988962285227774,14,0,0.0,True,train,1949-10,2015-09,672,0.6877308365788644,0.7272230527405088,-11.77068326255175,0.8648227201318537,0.744296587851368,0.8822931673744825,0.08099496117342578,-0.023848015048526072,156.21488941850689,177.05553572784578,1976-1985
I_NNA013,NNA013,cdec_FOL,trained entity,1.0,FOLS,UF11,4.40290834774,1.0032763585204705,3,0,0.0,True,WY1976-85,1975-10,1985-09,120,-0.24679606945351829,-1.2503675583368965,63.170195642054345,0.8087335002400923,2.0577666108971266,1.6317019564205435,0.08108212603431746,-0.08052079956825242,13.779723051938808,8.44500001836568,
I_NNA013,NNA013,cdec_FOL,trained entity,1.0,FOLS,UF11,4.40290834774,1.0032763585204705,3,0,0.0,True,WY1976-84,1975-10,1984-09,108,-0.29619771817416374,-1.4033753239207472,66.78780193272918,0.805338260329054,2.0936975281162717,1.667878019327292,0.0962755909182508,-0.07366533573494038,14.393787367533282,8.630000036416781,
I_NNA013,NNA013,cdec_FOL,trained entity,1.0,FOLS,UF11,4.40290834774,1.0032763585204705,3,0,0.0,True,WY1950-84_mixed,1949-10,1984-09,420,-0.49818691013544036,-2.0820766448249417,90.19161167380516,0.744813514917972,2.168756259406045,1.9019161167380516,0.09583698571282989,-0.2711336067455994,13.569899819203238,7.1348571578839,
I_NNA013,NNA013,cdec_FOL,trained entity,1.0,FOLS,UF11,4.40290834774,1.0032763585204705,3,0,0.0,True,WY1976-85_own,1975-10,1985-09,0,,,,,,,,,,,
I_NNA013,NNA013,cdec_FOL,trained entity,1.0,FOLS,UF11,4.40290834774,1.0032763585204705,3,0,0.0,True,train,1987-10,2018-12,375,-0.5211513059443409,-2.0857428141750116,98.76829018771367,0.7237838059709256,2.123427075991951,1.9876829018771367,0.04323475582214407,0.10210413865491219,12.392964338902534,6.2348799837231645,1976-1985
I_OGN005,OGN005,cs_I_OGN005,trained entity,1.0,YUBA,UF9,29.0862704328,0.9979953568575983,9,0,0.0,True,WY1976-85,1975-10,1985-09,120,0.575417917601073,0.7622555275974351,-29.565115055835825,0.9198976898045859,0.7059864598881783,0.7043488494416417,0.09314687433824301,0.05449293480164652,44.54020409619401,63.23600035905838,
I_OGN005,OGN005,cs_I_OGN005,trained entity,1.0,YUBA,UF9,29.0862704328,0.9979953568575983,9,0,0.0,True,WY1976-84,1975-10,1984-09,108,0.5819377619955,0.7641569860833555,-28.623057529342756,0.9200157670501331,0.7059751454520449,0.7137694247065725,0.09714562858822495,0.05574825988448051,47.48866626651541,66.5322226236264,
I_OGN005,OGN005,cs_I_OGN005,trained entity,1.0,YUBA,UF9,29.0862704328,0.9979953568575983,9,0,0.0,True,WY1950-84_mixed,1949-10,1984-09,420,0.5509213814886496,0.725016463904534,-29.329101669349935,0.907402576091307,0.6727727055754207,0.7067089833065007,0.07748291248325459,0.15322517037192807,42.79970961929794,60.56200024379151,
I_OGN005,OGN005,cs_I_OGN005,trained entity,1.0,YUBA,UF9,29.0862704328,0.9979953568575983,9,0,0.0,True,WY1976-85_own,1975-10,1985-09,120,0.575417917601073,0.7622555275974351,-29.565115055835825,0.9198976898045859,0.7059864598881783,0.7043488494416417,0.09314687433824301,0.05449293480164652,44.54020409619401,63.23600035905838,
I_OGN005,OGN005,cs_I_OGN005,trained entity,1.0,YUBA,UF9,29.0862704328,0.9979953568575983,9,0,0.0,True,train,1949-10,2015-09,672,0.6241415816516727,0.7612784323522451,-22.619206947950776,0.9065024000438447,0.714754671992121,0.7738079305204922,0.05313738818827714,0.15653504013833963,39.453979179773455,50.98678576896366,1976-1985
I_OROVL,OROVL,cdec_ORO,trained entity,1.0,OROV,UF8,311.880023373,1.000515908688535,41,0,0.0,True,WY1976-85,1975-10,1985-09,120,0.9273890874349717,0.878001580085554,1.544447102915018,0.9423086596819273,1.0412979683575385,1.0154444710291501,0.09123461440799478,-0.8796317575255781,615.6436739149212,606.2800000190734,
I_OROVL,OROVL,cdec_ORO,trained entity,1.0,OROV,UF8,311.880023373,1.000515908688535,41,0,0.0,True,WY1976-84,1975-10,1984-09,108,0.9269642198895414,0.8765742277277462,1.2605103009090852,0.9416813376865488,1.0421220866107452,1.0126051030090908,0.08897902972347499,-0.8971772963173761,652.9412720421357,644.8133335510889,
I_OROVL,OROVL,cdec_ORO,trained entity,1.0,OROV,UF8,311.880023373,1.000515908688535,41,0,0.0,True,WY1950-84_mixed,1949-10,1984-09,420,0.8779776878264781,0.8173098204702673,-4.349934875979467,0.905262972183065,0.9365796019717674,0.9565006512402053,0.07962643851328143,-0.3620606845307206,578.8632639012145,605.1885726901037,
I_OROVL,OROVL,cdec_ORO,trained entity,1.0,OROV,UF8,311.880023373,1.000515908688535,41,0,0.0,True,WY1976-85_own,1975-10,1985-09,0,,,,,,,,,,,
I_OROVL,OROVL,cdec_ORO,trained entity,1.0,OROV,UF8,311.880023373,1.000515908688535,41,0,0.0,True,train,1987-10,2018-12,375,0.7832539671837017,0.7339237823668467,-4.129700689980901,0.8572823983046032,0.8421865464257402,0.9587029931001909,0.09946388371076723,-0.25453010390353104,479.0100458055954,499.64384095287323,1976-1985
I_OWN040,OWN040,cs_I_OWN040,trained entity,1.0,,,25.7269042283,1.0040534438817732,9,0,0.0,True,WY1976-85,1975-10,1985-09,120,0.8516974115858134,0.7427195138497507,-2.6552367314964402,0.8859637798357279,1.091018514660285,0.9734476326850356,0.11576139776263308,-0.5738875775665502,6.097675952521254,6.26399998087436,
I_OWN040,OWN040,cs_I_OWN040,trained entity,1.0,,,25.7269042283,1.0040534438817732,9,0,0.0,True,WY1976-84,1975-10,1984-09,108,0.8511867067074903,0.7383239640422086,-1.7489763205328857,0.8840169176138515,1.09158290803306,0.9825102367946711,0.11641178960326633,-0.5743405613706045,6.723645035684594,6.843333314897286,
I_OWN040,OWN040,cs_I_OWN040,trained entity,1.0,,,25.7269042283,1.0040534438817732,9,0,0.0,True,WY1950-84_mixed,1949-10,1984-09,420,0.8166995780450724,0.8310978401707717,-15.152951495026294,0.914405202870075,0.9424553956301767,0.848470485049737,0.09456560605446532,-0.4306062218790183,4.129384627885507,4.866857127792069,
I_OWN040,OWN040,cs_I_OWN040,trained entity,1.0,,,25.7269042283,1.0040534438817732,9,0,0.0,True,WY1976-85_own,1975-10,1985-09,0,,,,,,,,,,,
I_OWN040,OWN040,cs_I_OWN040,trained entity,1.0,,,25.7269042283,1.0040534438817732,9,0,0.0,True,train,1949-10,2015-09,672,0.5835526312996344,0.7975462776395731,-36.128876748576815,0.9138741086269316,0.8116355441669869,0.6387112325142318,0.1736937578253735,-0.6372212616847337,3.2330193940678513,5.061785717062386,1976-1985
I_PCRST,PCRST,cs_I_PCRST,trained entity,1.0,ST,UF16,27.1802698741,1.0027332297678433,8,0,0.0,True,WY1976-85,1975-10,1985-09,120,0.7702024548243334,0.7626655017935509,1.6318617935240325,0.9214923028318267,1.2153535603671242,1.0163186179352404,0.1548495770923047,0.5471285028408017,60.880534324200084,59.90300015155226,
I_PCRST,PCRST,cs_I_PCRST,trained entity,1.0,ST,UF16,27.1802698741,1.0027332297678433,8,0,0.0,True,WY1976-84,1975-10,1984-09,108,0.7652390849372914,0.7527290945176841,2.373703948981338,0.9183150879060845,1.2188077131491224,1.0237370394898133,0.1633005304160834,0.5631499601095351,63.88801630468995,62.40666679065261,
I_PCRST,PCRST,cs_I_PCRST,trained entity,1.0,ST,UF16,27.1802698741,1.0027332297678433,8,0,0.0,True,WY1950-84_mixed,1949-10,1984-09,420,0.830379310127474,0.8095729986686895,-5.338336333659202,0.9263172198276108,1.1431511189539656,0.9466166366634079,0.13970558043816955,0.3531644467586803,55.297827829788645,58.41628563036876,
I_PCRST,PCRST,cs_I_PCRST,trained entity,1.0,ST,UF16,27.1802698741,1.0027332297678433,8,0,0.0,True,WY1976-85_own,1975-10,1985-09,120,0.7702024548243334,0.7626655017935509,1.6318617935240325,0.9214923028318267,1.2153535603671242,1.0163186179352404,0.1548495770923047,0.5471285028408017,60.880534324200084,59.90300015155226,
I_PCRST,PCRST,cs_I_PCRST,trained entity,1.0,ST,UF16,27.1802698741,1.0027332297678433,8,0,0.0,True,train,1949-10,2015-09,672,0.8786267962761491,0.8749538099967666,-4.794728852342759,0.9480023689028382,1.0986344689534346,0.9520527114765724,0.09311180587793093,0.17763875206773871,50.86851636983242,53.43035711850305,1976-1985
I_PEDRO,PEDRO,cdec_TLG,trained entity,1.0,TU,UF18,780.3108621645,1.000390134392972,85,0,0.0,True,WY1976-85,1975-10,1985-09,120,0.879452106774384,0.9525593588811933,-11.900699546568196,0.980864693189764,0.9982767401113577,0.8809930045343181,0.054817579806757825,-0.11556124739523277,743.8699679589653,844.3540006905794,
I_PEDRO,PEDRO,cdec_TLG,trained entity,1.0,TU,UF18,780.3108621645,1.000390134392972,85,0,0.0,True,WY1976-84,1975-10,1984-09,108,0.8875898978650002,0.9527194430441748,-11.07055360781605,0.9805306370760227,0.9988778364724054,0.8892944639218395,0.05360880419889498,-0.12289500294824673,797.9224228227324,897.2533341811763,
I_PEDRO,PEDRO,cdec_TLG,trained entity,1.0,TU,UF18,780.3108621645,1.000390134392972,85,0,0.0,True,WY1950-84_mixed,1949-10,1984-09,420,0.7989166016414875,0.9119486572240992,-17.49012909085014,0.9673999322961115,0.9062913711569215,0.8250987090914985,0.05553751953704157,-0.08991057509135114,600.8635180447616,728.2322847242866,
I_PEDRO,PEDRO,cdec_TLG,trained entity,1.0,TU,UF18,780.3108621645,1.000390134392972,85,0,0.0,True,WY1976-85_own,1975-10,1985-09,0,,,,,,,,,,,
I_PEDRO,PEDRO,cdec_TLG,trained entity,1.0,TU,UF18,780.3108621645,1.000390134392972,85,0,0.0,True,train,1986-10,2018-12,387,0.8377152199399129,0.922301385159521,-14.820806113485244,0.9657514580472035,0.9434512791664902,0.8517919388651476,0.07780828600353032,-0.29655927156813355,514.3949071726728,603.8973647226659,1976-1985
I_PLC007,PLC007,cdec_FOL,trained entity,1.0,FOLS,UF11,4.03620567777,1.0059379947718516,2,0,0.0,True,WY1976-85,1975-10,1985-09,120,0.18624239435252155,0.44490250079044114,-55.86321655616551,0.9217444144714954,0.4134783825956596,0.44136783443834493,0.050155182749461985,0.11307823245139126,4.639217351327054,10.511000098660588,
I_PLC007,PLC007,cdec_FOL,trained entity,1.0,FOLS,UF11,4.03620567777,1.0059379947718516,2,0,0.0,True,WY1976-84,1975-10,1984-09,108,0.18354134727888893,0.43691696359838816,-56.25768711398497,0.9218405948791519,0.41348222273078217,0.4374231288601502,0.050870638927584255,0.10074264616872153,4.889904603271445,11.178888999339607,
I_PLC007,PLC007,cdec_FOL,trained entity,1.0,FOLS,UF11,4.03620567777,1.0059379947718516,2,0,0.0,True,WY1950-84_mixed,1949-10,1984-09,420,0.15226994224443546,0.29679480005330794,-55.48197700990891,0.7673193759752751,0.4027722371381992,0.445180229900911,0.12048594071118582,-0.2605233817829342,4.474188516911836,10.05028574136751,
I_PLC007,PLC007,cdec_FOL,trained entity,1.0,FOLS,UF11,4.03620567777,1.0059379947718516,2,0,0.0,True,WY1976-85_own,1975-10,1985-09,0,,,,,,,,,,,
I_PLC007,PLC007,cdec_FOL,trained entity,1.0,FOLS,UF11,4.03620567777,1.0059379947718516,2,0,0.0,True,train,1987-10,2018-12,375,0.2710696529865755,0.5499805418695833,-50.33557154397768,0.928585433963282,0.4776280690073315,0.49664428456022325,0.05223891260296762,0.0628592561464254,4.427683123218788,8.91519999498129,1976-1985
I_PLM001,PLM001,cdec_FOL,trained entity,1.0,FOLS,UF11,7.03359170139,1.0025811523853192,3,0,0.0,True,WY1976-85,1975-10,1985-09,120,0.4913041814568929,0.11313995492372964,31.426777694368567,0.6833009926499751,1.2443541260581135,1.3142677769436857,0.20537068670818473,0.373496686807969,11.135790881691445,8.473000005818903,
I_PLM001,PLM001,cdec_FOL,trained entity,1.0,FOLS,UF11,7.03359170139,1.0025811523853192,3,0,0.0,True,WY1976-84,1975-10,1984-09,108,0.4860755046302855,0.1001789964032973,31.868077361065307,0.6782067335976864,1.242919832805107,1.318680773610653,0.2104860656396176,0.381786858224765,11.777284512870676,8.931111113892662,
I_PLM001,PLM001,cdec_FOL,trained entity,1.0,FOLS,UF11,7.03359170139,1.0025811523853192,3,0,0.0,True,WY1950-84_mixed,1949-10,1984-09,420,0.6120691964612026,0.32258468125738016,22.670141762769603,0.6902605893881751,1.0561985150487923,1.226701417627696,0.15301504092442245,0.23531876380083805,10.13921294597112,8.265428571509464,
I_PLM001,PLM001,cdec_FOL,trained entity,1.0,FOLS,UF11,7.03359170139,1.0025811523853192,3,0,0.0,True,WY1976-85_own,1975-10,1985-09,0,,,,,,,,,,,
I_PLM001,PLM001,cdec_FOL,trained entity,1.0,FOLS,UF11,7.03359170139,1.0025811523853192,3,0,0.0,True,train,1987-10,2018-12,375,0.5358945898331402,0.45029100585762716,32.511126150676596,0.8323636028066079,1.2856475760857207,1.3251112615067662,0.08215672267796281,0.22444206956679658,9.51408681806172,7.179839983582497,1976-1985
I_PTH070,PTH070,uf_02,trained entity,1.0,,UF2,567.457149998,0.9999383761659864,60,0,0.0,True,WY1976-85,1975-10,1985-09,120,0.8651571463571175,0.9724922503805999,-9.057688632103023,0.9915778068466362,0.9004636272238613,0.9094231136789698,0.0444707650594591,-0.3194154311823203,406.4402868146958,446.9209993690252,
I_PTH070,PTH070,uf_02,trained entity,1.0,,UF2,567.457149998,0.9999383761659864,60,0,0.0,True,WY1976-84,1975-10,1984-09,108,0.8598399041966737,0.9726301144350988,-9.96682853609383,0.9918748257526476,0.9017906985451055,0.9003317146390617,0.04421617004563763,-0.3615872705407943,428.989054438546,476.47888824012546,
I_PTH070,PTH070,uf_02,trained entity,1.0,,UF2,567.457149998,0.9999383761659864,60,0,0.0,True,WY1950-84_mixed,1949-10,1984-09,420,0.9482645324084357,0.9702760709700264,2.81896665829769,0.9855007779336409,0.9591138915482434,1.028189666582977,0.043222440831923295,0.06014580011939419,436.72855373527347,424.754855966089,
I_PTH070,PTH070,uf_02,trained entity,1.0,,UF2,567.457149998,0.9999383761659864,60,0,0.0,True,WY1976-85_own,1975-10,1985-09,0,,,,,,,,,,,
I_PTH070,PTH070,uf_02,trained entity,1.0,,UF2,567.457149998,0.9999383761659864,60,0,0.0,True,train,1984-10,2014-09,348,0.9391966049835266,0.9672590146878765,3.868090089148601,0.984057204254552,0.9558789390928633,1.038680900891486,0.04404410388418419,0.096075511047232,377.0977575755329,363.0544830966613,1976-1985
I_PYR001,PYR001,cdec_FOL,trained entity,1.0,FOLS,UF11,5.31118515482,0.9958219013658455,2,0,0.0,True,WY1976-85,1975-10,1985-09,120,0.6632957717417575,0.7969456007538622,-33.080003658802504,0.9395002848572374,0.9832411937183871,0.6691999634119751,0.12298668386719998,-0.02457673466600596,14.337609243025579,21.425000040233133,
I_PYR001,PYR001,cdec_FOL,trained entity,1.0,FOLS,UF11,5.31118515482,0.9958219013658455,2,0,0.0,True,WY1976-84,1975-10,1984-09,108,0.6658142036337656,0.8056980694033052,-32.93219375152556,0.9444677161095438,0.988026136377839,0.6706780624847444,0.1397219671805945,0.015898082613746922,14.872658635499988,22.175555557012558,
I_PYR001,PYR001,cdec_FOL,trained entity,1.0,FOLS,UF11,5.31118515482,0.9958219013658455,2,0,0.0,True,WY1950-84_mixed,1949-10,1984-09,420,0.688872657685589,0.8154489799468929,-30.48088136548715,0.9407518829036933,0.9804687206133136,0.6951911863451286,0.14314965008446362,0.028073980034404755,14.654828845946955,21.08028573117086,
I_PYR001,PYR001,cdec_FOL,trained entity,1.0,FOLS,UF11,5.31118515482,0.9958219013658455,2,0,0.0,True,WY1976-85_own,1975-10,1985-09,0,,,,,,,,,,,
I_PYR001,PYR001,cdec_FOL,trained entity,1.0,FOLS,UF11,5.31118515482,0.9958219013658455,2,0,0.0,True,train,1987-10,2018-12,375,0.39547082648056353,0.4924484587740019,-47.56535556787331,0.8121174636781,0.6776502378603,0.5243464443212669,0.14458664177899508,-0.7171950979670685,10.167287308706236,19.39040002810955,1976-1985
I_RCK001,RCK001,cs_I_RCK001,trained entity,1.0,FOLS,UF11,72.9349251115,1.0009887000080862,11,0,0.0,True,WY1976-85,1975-10,1985-09,120,0.7142817636846879,0.4799878750757235,-1.4843284866179214,0.8018023837624091,1.2052615219062028,0.9851567151338207,0.1745783694889718,0.07316432124462935,54.772742831157515,55.59799977988005,
I_RCK001,RCK001,cs_I_RCK001,trained entity,1.0,FOLS,UF11,72.9349251115,1.0009887000080862,11,0,0.0,True,WY1976-84,1975-10,1984-09,108,0.7113994735208873,0.4716426207620015,-0.18019981145954667,0.7988645561605509,1.2069578457520367,0.9981980018854046,0.17773923850707965,0.07869570538717063,58.74727945085233,58.85333304603894,
I_RCK001,RCK001,cs_I_RCK001,trained entity,1.0,FOLS,UF11,72.9349251115,1.0009887000080862,11,0,0.0,True,WY1950-84_mixed,1949-10,1984-09,420,0.7218547371140256,0.4549206120497882,-3.18484145232362,0.7777300175205947,1.164153954100621,0.9681515854767638,0.15500722020268098,-0.03895654357944078,53.46962894808401,55.22857138301645,
I_RCK001,RCK001,cs_I_RCK001,trained entity,1.0,FOLS,UF11,72.9349251115,1.0009887000080862,11,0,0.0,True,WY1976-85_own,1975-10,1985-09,0,,,,,,,,,,,
I_RCK001,RCK001,cs_I_RCK001,trained entity,1.0,FOLS,UF11,72.9349251115,1.0009887000080862,11,0,0.0,True,train,1949-10,2015-09,672,0.7545505948918507,0.5886070551475442,0.11483040288325114,0.8415770693780972,1.187473376560432,1.0011483040288323,0.12013159652056321,0.0370937015530588,48.892150071565254,48.83607141400821,1976-1985
I_RLIEF,RLIEF,cs_I_RLIEF,trained entity,1.0,ST,UF16,24.292465043,0.9991166708068023,5,0,0.0,True,WY1976-85,1975-10,1985-09,120,0.8817441664915252,0.8040595290840797,-5.540740669583301,0.9003241649614,0.9687079986037251,0.944592593304167,0.17058147038862997,0.4331888106829691,55.55715817751731,58.816000222042206,
I_RLIEF,RLIEF,cs_I_RLIEF,trained entity,1.0,ST,UF16,24.292465043,0.9991166708068023,5,0,0.0,True,WY1976-84,1975-10,1984-09,108,0.8747392790110249,0.7988251425538754,-6.751103952154082,0.8983403283697768,0.9717543113124495,0.9324889604784591,0.17671499313777553,0.4886875573223959,57.12427393118226,61.26000022764008,
I_RLIEF,RLIEF,cs_I_RLIEF,trained entity,1.0,ST,UF16,24.292465043,0.9991166708068023,5,0,0.0,True,WY1950-84_mixed,1949-10,1984-09,420,0.780831356704303,0.7731282931071584,-14.34722603280155,0.8865450543510883,0.8792582092718139,0.8565277396719846,0.1568787238731172,0.388056092077937,50.024645951011436,58.403999816945614,
I_RLIEF,RLIEF,cs_I_RLIEF,trained entity,1.0,ST,UF16,24.292465043,0.9991166708068023,5,0,0.0,True,WY1976-85_own,1975-10,1985-09,120,0.8817441664915252,0.8040595290840797,-5.540740669583301,0.9003241649614,0.9687079986037251,0.944592593304167,0.17058147038862997,0.4331888106829691,55.55715817751731,58.816000222042206,
I_RLIEF,RLIEF,cs_I_RLIEF,trained entity,1.0,ST,UF16,24.292465043,0.9991166708068023,5,0,0.0,True,train,1949-10,2015-09,672,0.8054741667573364,0.8017469408261934,-10.886919235921617,0.8996266167926884,0.8738533286316175,0.8911308076407837,0.1408269092985359,0.2520179889551972,47.934880785285344,53.79107127065904,1976-1985
I_RLLNS,RLLNS,uf_10,trained entity,1.0,,UF10,103.682747844,1.0022768734451286,20,0,0.0,True,WY1976-85,1975-10,1985-09,120,0.8687134975603006,0.960439176708247,-12.899001469845734,0.9846113337476904,0.9810023479893966,0.8710099853015426,0.08646236031346155,-0.08684428757124607,190.8844515710698,219.1530003011227,
I_RLLNS,RLLNS,uf_10,trained entity,1.0,,UF10,103.682747844,1.0022768734451286,20,0,0.0,True,WY1976-84,1975-10,1984-09,108,0.876511846326292,0.9629253415756066,-12.089922376213439,0.9853665942925637,0.9795411332460409,0.8791007762378655,0.08017737603312307,-0.05453837001291273,202.14336319177656,229.94333375162552,
I_RLLNS,RLLNS,uf_10,trained entity,1.0,,UF10,103.682747844,1.0022768734451286,20,0,0.0,True,WY1950-84_mixed,1949-10,1984-09,420,0.9055256764696412,0.941062583925353,-7.674509355706295,0.9748834808252838,1.049038239017961,0.9232549064429371,0.10046505442330123,-0.23816589489541684,196.90916921037189,213.27714354534234,
I_RLLNS,RLLNS,uf_10,trained entity,1.0,,UF10,103.682747844,1.0022768734451286,20,0,0.0,True,WY1976-85_own,1975-10,1985-09,0,,,,,,,,,,,
I_RLLNS,RLLNS,uf_10,trained entity,1.0,,UF10,103.682747844,1.0022768734451286,20,0,0.0,True,train,1984-10,2014-09,348,0.8118241793244396,0.9249403269060975,-15.94410456726036,0.9698420194494104,0.9047152234044826,0.8405589543273964,0.09446227069441385,-0.30582797536850315,154.39097063731856,183.67655218289843,1976-1985
I_RUB047,RUB047,cs_I_RUB047,trained entity,1.0,FOLS,UF11,26.4876926074,1.0012355653448384,5,0,0.0,True,WY1976-85,1975-10,1985-09,120,0.5823247074045523,0.7853602264560927,-39.049275801309356,0.9412617573901737,0.8639196015616885,0.6095072419869065,0.14342498336757364,0.07712726627323008,59.895057749667174,98.26800015438347,
I_RUB047,RUB047,cs_I_RUB047,trained entity,1.0,FOLS,UF11,26.4876926074,1.0012355653448384,5,0,0.0,True,WY1976-84,1975-10,1984-09,108,0.5829221431167291,0.7852134520528756,-39.03817266463009,0.942134133289855,0.8650645055114152,0.6096182733536992,0.15963265410521255,0.09979804838588802,62.310438451873026,102.21222226342393,
I_RUB047,RUB047,cs_I_RUB047,trained entity,1.0,FOLS,UF11,26.4876926074,1.0012355653448384,5,0,0.0,True,WY1950-84_mixed,1949-10,1984-09,420,0.6214659316974345,0.7878289402952418,-35.51987529150342,0.9320409800787146,0.8881811357389365,0.6448012470849658,0.14265116126422536,0.2096143465848188,62.17431556449197,96.42400017923543,
I_RUB047,RUB047,cs_I_RUB047,trained entity,1.0,FOLS,UF11,26.4876926074,1.0012355653448384,5,0,0.0,True,WY1976-85_own,1975-10,1985-09,0,,,,,,,,,,,
I_RUB047,RUB047,cs_I_RUB047,trained entity,1.0,FOLS,UF11,26.4876926074,1.0012355653448384,5,0,0.0,True,train,1949-10,2015-09,672,0.5819245216614365,0.7569693339343531,-38.40536828774124,0.9224124242988924,0.854157474126579,0.6159463171225875,0.09086694917637242,-0.02047724529681627,54.66842541064643,88.75517864289162,1976-1985
I_RVPHB,RVPHB,cdec_ORO,trained entity,1.0,OROV,UF8,7.59692364845,0.9930139150271199,4,0,0.0,True,WY1976-85,1975-10,1985-09,120,0.5920622839889139,0.368629985936203,-1.0939174367713542,0.6346031653924985,0.8189512003151844,0.9890608256322865,0.216714996925977,0.6333124624856348,21.595154058366166,21.83399999141693,
I_RVPHB,RVPHB,cdec_ORO,trained entity,1.0,OROV,UF8,7.59692364845,0.9930139150271199,4,0,0.0,True,WY1976-84,1975-10,1984-09,108,0.5838881997476332,0.3577313191207808,-2.143216096797399,0.6274348352536704,0.8159215091243718,0.978567839032026,0.2222218988626818,0.65372011141549,22.361362412611072,22.851111104091007,
I_RVPHB,RVPHB,cdec_ORO,trained entity,1.0,OROV,UF8,7.59692364845,0.9930139150271199,4,0,0.0,True,WY1950-84_mixed,1949-10,1984-09,420,0.5658193690710571,0.3573169467526187,-6.49375756847278,0.6243639308727055,0.7921696001335714,0.9350624243152722,0.22128348665158684,0.6687003097646596,21.63066541063622,23.132857067244394,
I_RVPHB,RVPHB,cdec_ORO,trained entity,1.0,OROV,UF8,7.59692364845,0.9930139150271199,4,0,0.0,True,WY1976-85_own,1975-10,1985-09,0,,,,,,,,,,,
I_RVPHB,RVPHB,cdec_ORO,trained entity,1.0,OROV,UF8,7.59692364845,0.9930139150271199,4,0,0.0,True,train,1987-10,2018-12,375,0.5867093662499907,0.3373040518275058,4.197571215680766,0.6214534110161284,0.8395329706665918,1.0419757121568076,0.2170047611006965,0.6885106502502163,20.464069571245936,19.639680016040803,1976-1985
I_SCOTF,SCOTF,cdec_YRS,trained entity,1.0,YUBA,UF9,14.5280311817,0.9999235309743343,7,0,0.0,True,WY1976-85,1975-10,1985-09,120,0.6666296400638638,0.8250009855069745,-28.114276449398815,0.9383090545621606,0.831807342289824,0.7188572355060118,0.11629053450140958,0.02940116629955991,28.754289227160143,39.999999731406575,
I_SCOTF,SCOTF,cdec_YRS,trained entity,1.0,YUBA,UF9,14.5280311817,0.9999235309743343,7,0,0.0,True,WY1976-84,1975-10,1984-09,108,0.6782187241107489,0.8305343545566701,-26.722251859419792,0.9389677551799058,0.8314462098874427,0.7327774814058021,0.11665934367780227,0.05879477531023625,30.49901276947319,41.62111083293955,
I_SCOTF,SCOTF,cdec_YRS,trained entity,1.0,YUBA,UF9,14.5280311817,0.9999235309743343,7,0,0.0,True,WY1950-84_mixed,1949-10,1984-09,420,0.6891369733036078,0.8479035447952388,-22.22404685839807,0.9483382444440032,0.7888695699258702,0.7777595314160194,0.07773518402331452,0.3514407956209391,29.211092386122235,37.55799987811063,
I_SCOTF,SCOTF,cdec_YRS,trained entity,1.0,YUBA,UF9,14.5280311817,0.9999235309743343,7,0,0.0,True,WY1976-85_own,1975-10,1985-09,0,,,,,,,,,,,
I_SCOTF,SCOTF,cdec_YRS,trained entity,1.0,YUBA,UF9,14.5280311817,0.9999235309743343,7,0,0.0,True,train,1987-10,2018-12,375,0.4840916178901399,0.7640404178860405,-38.680869032961525,0.9630888708661541,0.6606210608143667,0.6131913096703847,0.09653340697954493,0.13491392364062538,21.796645465896297,35.54624001049996,1976-1985
I_SCW008,SCW008,cdec_BND,trained entity,1.0,SRBB,UF6,372.17399023,0.9997719320935119,45,0,0.0,True,WY1976-85,1975-10,1985-09,120,0.19543722650644912,0.604276642457733,68.14916012314487,0.9801714623354363,1.4271970072890445,1.6814916012314487,0.054552532680150013,0.11411558977330127,357.2967882981409,212.48800055645404,
I_SCW008,SCW008,cdec_BND,trained entity,1.0,SRBB,UF6,372.17399023,0.9997719320935119,45,0,0.0,True,WY1976-84,1975-10,1984-09,108,0.22034466217540483,0.6187715548338776,65.40251435318801,0.9810881928335842,1.4239762976584749,1.65402514353188,0.060212696762427784,0.11623041515535171,370.9813002471031,224.29000048629112,
I_SCW008,SCW008,cdec_BND,trained entity,1.0,SRBB,UF6,372.17399023,0.9997719320935119,45,0,0.0,True,WY1950-84_mixed,1949-10,1984-09,420,0.2897515230556543,0.6552661943317439,60.81694362951624,0.9769879316679291,1.3661328726968769,1.6081694362951622,0.05295761253335854,0.09953523421180677,335.29138136479946,208.49257161436338,
I_SCW008,SCW008,cdec_BND,trained entity,1.0,SRBB,UF6,372.17399023,0.9997719320935119,45,0,0.0,True,WY1976-85_own,1975-10,1985-09,120,0.19543722650644912,0.604276642457733,68.14916012314487,0.9801714623354363,1.4271970072890445,1.6814916012314487,0.054552532680150013,0.11411558977330127,357.2967882981409,212.48800055645404,
I_SCW008,SCW008,cdec_BND,trained entity,1.0,SRBB,UF6,372.17399023,0.9997719320935119,45,0,0.0,True,train,1999-10,2018-12,231,0.11534343027739202,0.3757891215329997,72.82365884323335,0.9442915139222673,1.4991846173518717,1.7282365884323336,0.037268025968886745,-0.012682412123785625,289.78981354086034,167.6794806223411,1976-1985
I_SFA030,SFA030,cdec_FOL,trained entity,1.0,FOLS,UF11,31.5416976429,1.0017582627646264,9,0,0.0,True,WY1976-85,1975-10,1985-09,120,-0.08061652776030348,0.16261231804113851,-76.57129077250679,0.8352617898639081,0.2555020852056647,0.23428709227493216,0.15795319985090447,-0.6146685616902374,18.114609513619474,77.31800048276781,
I_SFA030,SFA030,cdec_FOL,trained entity,1.0,FOLS,UF11,31.5416976429,1.0017582627646264,9,0,0.0,True,WY1976-84,1975-10,1984-09,108,-0.07397350197695007,0.1707019484664548,-75.65329838077989,0.837440344049005,0.25525085725689006,0.2434670161922013,0.15119461327548503,-0.685463289130765,19.543097546144516,80.27000064237251,
I_SFA030,SFA030,cdec_FOL,trained entity,1.0,FOLS,UF11,31.5416976429,1.0017582627646264,9,0,0.0,True,WY1950-84_mixed,1949-10,1984-09,420,-0.07712826060204203,0.10956157293006785,-74.93988334063013,0.7122915708222823,0.2817865651096846,0.2506011665936986,0.20294351994563753,-0.7834957837808219,16.349936100863314,65.24285709879229,
I_SFA030,SFA030,cdec_FOL,trained entity,1.0,FOLS,UF11,31.5416976429,1.0017582627646264,9,0,0.0,True,WY1976-85_own,1975-10,1985-09,120,-0.08061652776030348,0.16261231804113851,-76.57129077250679,0.8352617898639081,0.2555020852056647,0.23428709227493216,0.15795319985090447,-0.6146685616902374,18.114609513619474,77.31800048276781,
I_SFA030,SFA030,cdec_FOL,trained entity,1.0,FOLS,UF11,31.5416976429,1.0017582627646264,9,0,0.0,True,train,1987-10,2018-12,375,0.10698493122406705,0.2968811161757797,-67.88110042220778,0.7716936383315113,0.46655109070352796,0.32118899577792215,0.23711336332786712,-0.7931350640937502,16.667396316509247,51.89279998880625,1976-1985
I_SFA040,SFA040,cdec_FOL,trained entity,1.0,FOLS,UF11,99.2697638745,0.9997910284570227,20,0,0.0,True,WY1976-85,1975-10,1985-09,120,0.5796471236353006,0.6662144020070369,39.24767214283068,0.8628410537095632,1.0620160241990775,1.392476721428307,0.11798993493345165,0.2786942684212912,122.22325167950275,87.77399995177984,
I_SFA040,SFA040,cdec_FOL,trained entity,1.0,FOLS,UF11,99.2697638745,0.9997910284570227,20,0,0.0,True,WY1976-84,1975-10,1984-09,108,0.5605286845178312,0.6739243286680552,41.452614767758405,0.8691949462789277,1.0647545206471105,1.4145261476775841,0.11163174358698076,0.29044871939273254,129.53601766798616,91.5755554470751,
I_SFA040,SFA040,cdec_FOL,trained entity,1.0,FOLS,UF11,99.2697638745,0.9997910284570227,20,0,0.0,True,WY1950-84_mixed,1949-10,1984-09,420,0.817081113366685,0.6824529588950183,5.394749595192815,0.834177267618188,0.9447568267283802,1.0539474959519282,0.08176014980934251,0.0650703226681042,111.50463379333362,105.79714285731316,
I_SFA040,SFA040,cdec_FOL,trained entity,1.0,FOLS,UF11,99.2697638745,0.9997910284570227,20,0,0.0,True,WY1976-85_own,1975-10,1985-09,120,0.5796471236353006,0.6662144020070369,39.24767214283068,0.8628410537095632,1.0620160241990775,1.392476721428307,0.11798993493345165,0.2786942684212912,122.22325167950275,87.77399995177984,
I_SFA040,SFA040,cdec_FOL,trained entity,1.0,FOLS,UF11,99.2697638745,0.9997910284570227,20,0,0.0,True,train,1987-10,2018-12,375,0.7787874599853123,0.7052467173357944,13.098398744824305,0.8448489468324241,0.9122142745493302,1.130983987448243,0.1141961262287025,0.28334964631882986,108.65480769488377,96.0710398208499,1976-1985
I_SFA066,SFA066,cdec_FOL,trained entity,1.0,FOLS,UF11,67.4375224867,1.0017822201807955,12,0,0.0,True,WY1976-85,1975-10,1985-09,120,0.8182932417167094,0.7136110204940529,-0.02878241168276659,0.8466081329168696,0.9025926169335647,0.9997121758831724,0.19741666120053808,-0.7044108856494482,108.99262112845898,109.02400086522101,
I_SFA066,SFA066,cdec_FOL,trained entity,1.0,FOLS,UF11,67.4375224867,1.0017822201807955,12,0,0.0,True,WY1976-84,1975-10,1984-09,108,0.8138223629837229,0.7072975398386285,0.4858177328413584,0.8429583646761251,0.9001178924290573,1.0048581773284135,0.19807067000938847,-0.7203570865229691,114.93791235560379,114.38222323192491,
I_SFA066,SFA066,cdec_FOL,trained entity,1.0,FOLS,UF11,67.4375224867,1.0017822201807955,12,0,0.0,True,WY1950-84_mixed,1949-10,1984-09,420,0.8207437048285902,0.7678581478479232,-0.3655521955524376,0.8762998703877916,0.8703167919438483,0.9963444780444757,0.18311446164277487,-0.6239619225177861,105.93931604043448,106.32800038031169,
I_SFA066,SFA066,cdec_FOL,trained entity,1.0,FOLS,UF11,67.4375224867,1.0017822201807955,12,0,0.0,True,WY1976-85_own,1975-10,1985-09,0,,,,,,,,,,,
I_SFA066,SFA066,cdec_FOL,trained entity,1.0,FOLS,UF11,67.4375224867,1.0017822201807955,12,0,0.0,True,train,1987-10,2018-12,375,0.6264989039952986,0.5400096643337103,-20.767263299920685,0.7514480081128335,0.8139971679010992,0.7923273670007932,0.2638538669554779,-0.950042376056583,74.22370646532306,93.67807999145984,1976-1985
I_SFA076,SFA076,cdec_FOL,trained entity,1.0,FOLS,UF11,39.5115212214,1.0010516547322412,9,0,0.0,True,WY1976-85,1975-10,1985-09,120,0.3371152555467163,0.32983305054496126,29.8956793204111,0.912891488966524,1.585194948313415,1.298956793204111,0.1486979101726782,0.17388056733491375,83.120245093867,63.98999992050231,
I_SFA076,SFA076,cdec_FOL,trained entity,1.0,FOLS,UF11,39.5115212214,1.0010516547322412,9,0,0.0,True,WY1976-84,1975-10,1984-09,108,0.3403050659091881,0.3245870048025594,29.61159738621565,0.9103642766674928,1.5826475548660661,1.2961159738621564,0.16013785309712272,0.18336566835949242,87.01402569661894,67.134444333199,
I_SFA076,SFA076,cdec_FOL,trained entity,1.0,FOLS,UF11,39.5115212214,1.0010516547322412,9,0,0.0,True,WY1950-84_mixed,1949-10,1984-09,420,0.3150887821240389,0.3318766120100898,36.2646805038904,0.9163327781211096,1.5749699706510558,1.362646805038904,0.13303122895380776,0.2477138315168501,85.03655777123095,62.405428506327524,
I_SFA076,SFA076,cdec_FOL,trained entity,1.0,FOLS,UF11,39.5115212214,1.0010516547322412,9,0,0.0,True,WY1976-85_own,1975-10,1985-09,0,,,,,,,,,,,
I_SFA076,SFA076,cdec_FOL,trained entity,1.0,FOLS,UF11,39.5115212214,1.0010516547322412,9,0,0.0,True,train,1987-10,2018-12,375,0.8496273958048467,0.77295279830711,-9.961821406229264,0.8934094668648904,1.036422380007965,0.9003817859377075,0.0805173354160007,-0.51757006238656,49.50255848319744,54.97952008396386,1976-1985
I_SFD003,SFD003,cdec_YRS,trained entity,1.0,YUBA,UF9,5.67754980116,1.0058996375985874,3,0,0.0,True,WY1976-85,1975-10,1985-09,120,0.5758013182936148,0.5746308222990185,18.133733858458392,0.9016406882628055,1.3706571690809182,1.181337338584584,0.13640546192110745,0.2537337789891554,11.813373357020438,9.999999975599348,
I_SFD003,SFD003,cdec_YRS,trained entity,1.0,YUBA,UF9,5.67754980116,1.0058996375985874,3,0,0.0,True,WY1976-84,1975-10,1984-09,108,0.564194753806304,0.5724333185597785,20.73286711955007,0.9028996029851749,1.370826843162438,1.2073286711955005,0.13878032890821634,0.2501451638612284,12.564267002030098,10.406666636673942,
I_SFD003,SFD003,cdec_YRS,trained entity,1.0,YUBA,UF9,5.67754980116,1.0058996375985874,3,0,0.0,True,WY1950-84_mixed,1949-10,1984-09,420,0.6176998815564563,0.6393395848545953,26.787118905217607,0.8965319103408187,1.2523742480127489,1.267871189052176,0.13171297611250837,0.693027171677044,11.907846202946615,9.391999996347087,
I_SFD003,SFD003,cdec_YRS,trained entity,1.0,YUBA,UF9,5.67754980116,1.0058996375985874,3,0,0.0,True,WY1976-85_own,1975-10,1985-09,0,,,,,,,,,,,
I_SFD003,SFD003,cdec_YRS,trained entity,1.0,YUBA,UF9,5.67754980116,1.0058996375985874,3,0,0.0,True,train,1987-10,2018-12,375,0.9025598419751951,0.8376982656371279,-5.310491985587793,0.9215900710282514,1.022941990359275,0.946895080144122,0.09120468684796315,0.4991347425349151,8.416609447739418,8.888639960467815,1976-1985
I_SFF008,SFF008,cdec_ORO,trained entity,1.0,OROV,UF8,24.5213843918,1.0004549992297649,8,0,0.0,True,WY1976-85,1975-10,1985-09,120,0.38285666061072554,0.599321210218791,43.796181459459305,0.9613007988159477,1.4330793485462827,1.4379618145945932,0.054261646470835465,-0.41893125411832166,38.524350356807304,26.790941154211758,
I_SFF008,SFF008,cdec_ORO,trained entity,1.0,OROV,UF8,24.5213843918,1.0004549992297649,8,0,0.0,True,WY1976-84,1975-10,1984-09,108,0.3772205453286872,0.5998316422523376,44.805640072830776,0.9634429282312366,1.4310026582641753,1.4480564007283077,0.0535966543058545,-0.37320695382904123,40.951003461699614,28.279978211555218,
I_SFF008,SFF008,cdec_ORO,trained entity,1.0,OROV,UF8,24.5213843918,1.0004549992297649,8,0,0.0,True,WY1950-84_mixed,1949-10,1984-09,420,0.2609503534352857,0.32890232632821326,58.28822638021729,0.9014993552867915,1.4435541338138622,1.582882263802173,0.048237952979419726,-0.19396891448777875,38.89864437340555,24.5745658176552,
I_SFF008,SFF008,cdec_ORO,trained entity,1.0,OROV,UF8,24.5213843918,1.0004549992297649,8,0,0.0,True,WY1976-85_own,1975-10,1985-09,0,,,,,,,,,,,
I_SFF008,SFF008,cdec_ORO,trained entity,1.0,OROV,UF8,24.5213843918,1.0004549992297649,8,0,0.0,True,train,1987-10,2018-12,375,0.4777369879361494,0.7099294204786744,44.85374875347489,0.9437943633878497,1.2615601316314158,1.448537487534749,0.03312861687299574,-0.037306292685316045,29.015389777517008,20.03081730863452,1976-1985
I_SFF011,SFF011,cdec_ORO,trained entity,1.0,OROV,UF8,57.9016624919,0.9995822418805481,13,0,0.0,True,WY1976-85,1975-10,1985-09,120,0.9456193869421575,0.9445531148915223,3.394701173676202,0.9740218319992867,1.0336152682276616,1.0339470117367622,0.06574215757885257,-0.07254980180458492,122.84531329262607,118.8120009034872,
I_SFF011,SFF011,cdec_ORO,trained entity,1.0,OROV,UF8,57.9016624919,0.9995822418805481,13,0,0.0,True,WY1976-84,1975-10,1984-09,108,0.9451682636683905,0.9464848662580748,3.555640159224052,0.9749821837082857,1.0334121307752813,1.0355564015922405,0.06656132068444917,-0.015838919857290357,129.87488249606966,125.41555659969649,
I_SFF011,SFF011,cdec_ORO,trained entity,1.0,OROV,UF8,57.9016624919,0.9995822418805481,13,0,0.0,True,WY1950-84_mixed,1949-10,1984-09,420,0.8183421375157744,0.8672042900662582,16.696336434411364,0.9449609945070095,1.0457550198729624,1.1669633643441135,0.03816000053013653,0.0594357560319283,127.17900184470088,108.98285732918552,
I_SFF011,SFF011,cdec_ORO,trained entity,1.0,OROV,UF8,57.9016624919,0.9995822418805481,13,0,0.0,True,WY1976-85_own,1975-10,1985-09,0,,,,,,,,,,,
I_SFF011,SFF011,cdec_ORO,trained entity,1.0,OROV,UF8,57.9016624919,0.9995822418805481,13,0,0.0,True,train,1987-10,2018-12,375,0.7335633192539094,0.8376947403022966,25.586645421908752,0.9347958973968578,1.0356270607272713,1.2558664542190876,0.05262858486036616,0.2476606963842789,111.56153107686796,88.83232026946544,1976-1985
I_SFM005,SFM005,cs_I_SFM005,trained entity,1.0,,UF14,64.0549020101,1.0022275217169545,15,0,0.0,True,WY1976-85,1975-10,1985-09,120,0.9731442028879771,0.961857477278673,-0.22628331321724207,0.9807446860247655,0.9814165044070493,0.9977371668678275,0.042948811255674534,0.04731966375836727,71.3711328917424,71.53300013449044,
I_SFM005,SFM005,cs_I_SFM005,trained entity,1.0,,UF14,64.0549020101,1.0022275217169545,15,0,0.0,True,WY1976-84,1975-10,1984-09,108,0.9723366422898213,0.9614214365890539,0.09568844373341441,0.9805212245334057,0.9803805443934624,1.0009568844373342,0.0414442047611579,0.02895585339676998,76.48867659044681,76.41555573439433,
I_SFM005,SFM005,cs_I_SFM005,trained entity,1.0,,UF14,64.0549020101,1.0022275217169545,15,0,0.0,True,WY1950-84_mixed,1949-10,1984-09,420,0.9091333159064868,0.9233089349276252,-7.400864424506489,0.9624964738893869,0.9629465199417345,0.925991355754935,0.06500330172992527,0.06953697696182459,61.75304061648215,66.68857137023339,
I_SFM005,SFM005,cs_I_SFM005,trained entity,1.0,,UF14,64.0549020101,1.0022275217169545,15,0,0.0,True,WY1976-85_own,1975-10,1985-09,120,0.9731442028879771,0.961857477278673,-0.22628331321724207,0.9807446860247655,0.9814165044070493,0.9977371668678275,0.042948811255674534,0.04731966375836727,71.3711328917424,71.53300013449044,
I_SFM005,SFM005,cs_I_SFM005,trained entity,1.0,,UF14,64.0549020101,1.0022275217169545,15,0,0.0,True,train,1949-10,2015-09,672,0.9142430715450905,0.92156777943047,-6.277146827711432,0.960913418646374,0.9565692193664209,0.9372285317228857,0.060855124660689534,0.051110684290391006,53.099351857173545,56.655714225389865,1976-1985
I_SFR006,SFR006,cdec_FOL,trained entity,1.0,FOLS,UF11,15.2121235855,1.002179630986401,5,0,0.0,True,WY1976-85,1975-10,1985-09,120,0.7235488488241735,0.80660029563877,-13.754722951122577,0.9140253946509486,0.7761376184453924,0.8624527704887742,0.08071301619886503,0.047510873748628946,29.16125310011369,33.81200002823025,
I_SFR006,SFR006,cdec_FOL,trained entity,1.0,FOLS,UF11,15.2121235855,1.002179630986401,5,0,0.0,True,WY1976-84,1975-10,1984-09,108,0.7283118855925927,0.80403229259163,-13.108706437880407,0.9113813576168347,0.7791440530912416,0.8689129356211959,0.08149776240198313,0.041723691844481436,30.516222290391717,35.11999999007417,
I_SFR006,SFR006,cdec_FOL,trained entity,1.0,FOLS,UF11,15.2121235855,1.002179630986401,5,0,0.0,True,WY1950-84_mixed,1949-10,1984-09,420,0.6867365614604171,0.8090268440020816,-14.891267640698764,0.9257290280253242,0.7345893380949293,0.8510873235930123,0.09241108793985867,0.0884398894270948,29.20445362205283,34.31428575244333,
I_SFR006,SFR006,cdec_FOL,trained entity,1.0,FOLS,UF11,15.2121235855,1.002179630986401,5,0,0.0,True,WY1976-85_own,1975-10,1985-09,0,,,,,,,,,,,
I_SFR006,SFR006,cdec_FOL,trained entity,1.0,FOLS,UF11,15.2121235855,1.002179630986401,5,0,0.0,True,train,1987-10,2018-12,375,0.690813231830521,0.8589267104239809,-20.226878404187385,0.9560798298999315,0.7703158358273474,0.7977312159581262,0.07127938076250864,-0.10435106875813993,26.46680717033569,33.17759997463226,1976-1985
I_SFS030,SFS030,cdec_NML,trained entity,1.0,ST,UF16,3.33169382176,1.0068398772307094,2,0,0.0,True,WY1976-85,1975-10,1985-09,120,0.8888467972257574,0.817958336889751,6.411400936475151,0.9121384267282859,1.022907907638361,1.0641140093647514,0.12214964156998367,0.12789949229365938,3.707373199889844,3.48399999178946,
I_SFS030,SFS030,cdec_NML,trained entity,1.0,ST,UF16,3.33169382176,1.0068398772307094,2,0,0.0,True,WY1976-84,1975-10,1984-09,108,0.8919691330849175,0.8172094581944932,5.796926408309539,0.9115863491463316,1.0222094342749704,1.0579692640830953,0.12303107901078246,0.10442289858356357,3.9615071224724026,3.7444444342205925,
I_SFS030,SFS030,cdec_NML,trained entity,1.0,ST,UF16,3.33169382176,1.0068398772307094,2,0,0.0,True,WY1950-84_mixed,1949-10,1984-09,420,0.8445793456801343,0.776965387511725,-7.3491855239309904,0.8841123663674462,0.9270302571352584,0.92650814476069,0.09224021550400271,0.03404027505460405,3.030475779273072,3.270857138612441,
I_SFS030,SFS030,cdec_NML,trained entity,1.0,ST,UF16,3.33169382176,1.0068398772307094,2,0,0.0,True,WY1976-85_own,1975-10,1985-09,120,0.8888467972257574,0.817958336889751,6.411400936475151,0.9121384267282859,1.022907907638361,1.0641140093647514,0.12214964156998367,0.12789949229365938,3.707373199889844,3.48399999178946,
I_SFS030,SFS030,cdec_NML,trained entity,1.0,ST,UF16,3.33169382176,1.0068398772307094,2,0,0.0,True,train,1987-10,2018-12,375,0.49542136366975464,0.6358181596469943,-31.706181359293954,0.8393428436705255,0.6418649909291569,0.6829381864070605,0.11242431281344659,-0.2315325557452681,2.6152708051744034,3.8294399950504303,1976-1985
I_SFS033,SFS033,cdec_NML,trained entity,1.0,ST,UF16,17.9306459864,1.0005601918612779,7,0,0.0,True,WY1976-85,1975-10,1985-09,120,0.8779042692170973,0.9153520339563957,-11.054381948745569,0.9626012286570028,1.0358993502806124,0.8894561805125444,0.05419794192137998,-0.02804094230893117,35.51776421433573,39.932000015862286,
I_SFS033,SFS033,cdec_NML,trained entity,1.0,ST,UF16,17.9306459864,1.0005601918612779,7,0,0.0,True,WY1976-84,1975-10,1984-09,108,0.8839364862277989,0.9152716725335848,-10.151440411663712,0.9626310788665077,1.042061011867439,0.8984855958833629,0.06049824054440032,-0.0519308028587977,37.38299068816093,41.606666661591994,
I_SFS033,SFS033,cdec_NML,trained entity,1.0,ST,UF16,17.9306459864,1.0005601918612779,7,0,0.0,True,WY1950-84_mixed,1949-10,1984-09,420,0.8105660913813821,0.8848389470379164,-17.654650828956616,0.949196637060155,0.9537879403262371,0.8234534917104339,0.04774402726187495,-0.15982692992745395,32.06810226238284,38.94342860308076,
I_SFS033,SFS033,cdec_NML,trained entity,1.0,ST,UF16,17.9306459864,1.0005601918612779,7,0,0.0,True,WY1976-85_own,1975-10,1985-09,120,0.8779042692170973,0.9153520339563957,-11.054381948745569,0.9626012286570028,1.0358993502806124,0.8894561805125444,0.05419794192137998,-0.02804094230893117,35.51776421433573,39.932000015862286,
I_SFS033,SFS033,cdec_NML,trained entity,1.0,ST,UF16,17.9306459864,1.0005601918612779,7,0,0.0,True,train,1987-10,2018-12,375,0.7521777940944431,0.7869477024483778,-16.633187725894896,0.8947769456434266,0.84940896049471,0.8336681227410511,0.13322374255617364,-0.4057154846058353,28.980971665480002,34.7631999772191,1976-1985
I_SFY007,SFY007,cdec_YRS,trained entity,1.0,YUBA,UF9,146.645751024,1.0007437074109473,23,0,0.0,True,WY1976-85,1975-10,1985-09,120,0.4924619859024044,0.7572848024851223,37.985359398502936,0.9753529320091127,1.3357061288243635,1.3798535939850294,0.05348471704167985,0.23102187693393095,269.0824905315024,195.00800063461065,
I_SFY007,SFY007,cdec_YRS,trained entity,1.0,YUBA,UF9,146.645751024,1.0007437074109473,23,0,0.0,True,WY1976-84,1975-10,1984-09,108,0.4879448081354598,0.7562223180534258,38.90663345966712,0.9756090285334226,1.3320135348293178,1.3890663345966714,0.05402389094333682,0.2395998018458485,285.5627144540834,205.57888946102725,
I_SFY007,SFY007,cdec_YRS,trained entity,1.0,YUBA,UF9,146.645751024,1.0007437074109473,23,0,0.0,True,WY1950-84_mixed,1949-10,1984-09,420,0.592508727296764,0.6823296875530962,26.626482045949675,0.9289601517031603,1.3001758195940125,1.2662648204594966,0.04431762382793161,0.12211462257956907,271.7158290848504,214.58057168977604,
I_SFY007,SFY007,cdec_YRS,trained entity,1.0,YUBA,UF9,146.645751024,1.0007437074109473,23,0,0.0,True,WY1976-85_own,1975-10,1985-09,120,0.4924619859024044,0.7572848024851223,37.985359398502936,0.9753529320091127,1.3357061288243635,1.3798535939850294,0.05348471704167985,0.23102187693393095,269.0824905315024,195.00800063461065,
I_SFY007,SFY007,cdec_YRS,trained entity,1.0,YUBA,UF9,146.645751024,1.0007437074109473,23,0,0.0,True,train,1987-10,2018-12,375,0.5706906765917297,0.773059752141678,35.07124895734594,0.9507249058564013,1.2426503861929596,1.3507124895734595,0.04568469126669367,0.10688676003180664,236.73343485030455,175.26559995388985,1976-1985
I_SFY048,SFY048,cs_I_SFY048,trained entity,1.0,YUBA,UF9,54.2431944696,1.0018992122584356,12,0,0.0,True,WY1976-85,1975-10,1985-09,120,0.8959191222022105,0.9102460074321428,-3.1278111272091826,0.9630270288945154,1.0921276738338814,0.9687218887279082,0.061454295352573816,-0.04066055085592346,148.05363987623096,152.83399869352579,
I_SFY048,SFY048,cs_I_SFY048,trained entity,1.0,YUBA,UF9,54.2431944696,1.0018992122584356,12,0,0.0,True,WY1976-84,1975-10,1984-09,108,0.8920253148994282,0.9069841048590392,-2.149109307920647,0.9622325108561913,1.0988447383759037,0.9785089069207936,0.06273412620126914,-0.05313274633528664,154.97732664247178,158.3811098155048,
I_SFY048,SFY048,cs_I_SFY048,trained entity,1.0,YUBA,UF9,54.2431944696,1.0018992122584356,12,0,0.0,True,WY1950-84_mixed,1949-10,1984-09,420,0.8302180162595434,0.8334387814249151,3.5055858950329966,0.9384664583089204,1.1543069408777564,1.03505585895033,0.08130227467170617,0.11850185732776275,160.24054577847434,154.81342808008193,
I_SFY048,SFY048,cs_I_SFY048,trained entity,1.0,YUBA,UF9,54.2431944696,1.0018992122584356,12,0,0.0,True,WY1976-85_own,1975-10,1985-09,120,0.8959191222022105,0.9102460074321428,-3.1278111272091826,0.9630270288945154,1.0921276738338814,0.9687218887279082,0.061454295352573816,-0.04066055085592346,148.05363987623096,152.83399869352579,
I_SFY048,SFY048,cs_I_SFY048,trained entity,1.0,YUBA,UF9,54.2431944696,1.0018992122584356,12,0,0.0,True,train,1949-10,2015-09,672,0.8953654628114963,0.8295153476827031,-5.710350182232054,0.9188857936683367,1.0332875649975324,0.9428964981776794,0.06420167442810426,0.038401175706106905,142.98082488750438,151.63999989801752,1976-1985
I_SGRGE,SGRGE,uf_04,trained entity,1.0,,UF4,257.48496143,0.9988038974814001,29,0,0.0,True,WY1976-85,1975-10,1985-09,120,0.8721522933352401,0.9178211908030929,8.50412207681961,0.9671726454746077,1.0896403461871809,1.085041220768196,0.05555745991639515,-0.08644076374367327,211.1501075493458,194.60100087244064,
I_SGRGE,SGRGE,uf_04,trained entity,1.0,,UF4,257.48496143,0.9988038974814001,29,0,0.0,True,WY1976-84,1975-10,1984-09,108,0.8767064446247378,0.9203037223507633,7.618669312898359,0.9683388919112011,1.0916213011353382,1.0761866931289836,0.0485624911551807,-0.09249474898835786,222.90696349792765,207.12666763220395,
I_SGRGE,SGRGE,uf_04,trained entity,1.0,,UF4,257.48496143,0.9988038974814001,29,0,0.0,True,WY1950-84_mixed,1949-10,1984-09,420,0.9416301574841934,0.8874459900813333,-1.4120369010784077,0.9444340693622457,1.0109581497835916,0.9858796309892159,0.05032448177376901,-0.14068867980017608,188.12752345978473,190.822000522539,
I_SGRGE,SGRGE,uf_04,trained entity,1.0,,UF4,257.48496143,0.9988038974814001,29,0,0.0,True,WY1976-85_own,1975-10,1985-09,0,,,,,,,,,,,
I_SGRGE,SGRGE,uf_04,trained entity,1.0,,UF4,257.48496143,0.9988038974814001,29,0,0.0,True,train,1984-10,2014-09,348,0.7183994331546619,0.8458065814718915,24.576939101634014,0.9462176465813464,1.1265059055847755,1.24576939101634,0.020470092499554404,-0.02860635220277441,201.34554371063706,161.62344745553003,1976-1985
I_SHSTA,SHSTA,cdec_SHA,trained entity,1.0,SHAS,SHA,6588.45234035,1.0004476364567116,544,0,0.0,True,WY1976-85,1975-10,1985-09,120,0.8622713894050715,0.9220909468703675,-12.773130843947348,0.9744659637672454,1.04474255261397,0.8722686915605264,0.05420815342655054,-0.04576042388939339,5151.8779389616475,5906.296980285644,
I_SHSTA,SHSTA,cdec_SHA,trained entity,1.0,SHAS,SHA,6588.45234035,1.0004476364567116,544,0,0.0,True,WY1976-84,1975-10,1984-09,108,0.8739971146940358,0.926871728604831,-11.677878337137187,0.974580748259936,1.039916218517107,0.8832212166286282,0.05537351494259649,0.026806278859429433,5406.481644913678,6121.322204589844,
I_SHSTA,SHSTA,cdec_SHA,trained entity,1.0,SHAS,SHA,6588.45234035,1.0004476364567116,544,0,0.0,True,WY1950-84_mixed,1949-10,1984-09,420,0.8817185767189372,0.9030604385089072,-11.201082151279401,0.9622482705633253,1.004344868463263,0.8879891784872059,0.05545047583159809,0.049381485366986944,5614.512764485081,6322.7265607561385,
I_SHSTA,SHSTA,cdec_SHA,trained entity,1.0,SHAS,SHA,6588.45234035,1.0004476364567116,544,0,0.0,True,WY1976-85_own,1975-10,1985-09,0,,,,,,,,,,,
I_SHSTA,SHSTA,cdec_SHA,trained entity,1.0,SHAS,SHA,6588.45234035,1.0004476364567116,544,0,0.0,True,train,1987-10,2018-12,375,0.8774393647099855,0.869575597469822,-4.823978799627116,0.946599765975777,1.099209108366747,0.9517602120037287,0.06954281443864474,0.11208450631909717,5235.283894199453,5500.63327734375,1976-1985
I_SILVR,SILVR,cs_I_SILVR,trained entity,1.0,FOLS,UF11,15.044219396,0.9983029791322516,5,0,0.0,True,WY1976-85,1975-10,1985-09,120,0.5784749720643847,0.7416933484999884,20.871941826460763,0.9603930668314462,1.3640753280028555,1.2087194182646077,0.0903707365296553,0.12479369240493465,39.53962952124188,32.71199992634356,
I_SILVR,SILVR,cs_I_SILVR,trained entity,1.0,FOLS,UF11,15.044219396,0.9983029791322516,5,0,0.0,True,WY1976-84,1975-10,1984-09,108,0.5698454920930435,0.7387462163131635,22.31880712020589,0.9606760244529393,1.3656140184579288,1.223188071202059,0.09244388100760954,0.1082520482453182,41.177946747649415,33.66444434598088,
I_SILVR,SILVR,cs_I_SILVR,trained entity,1.0,FOLS,UF11,15.044219396,0.9983029791322516,5,0,0.0,True,WY1950-84_mixed,1949-10,1984-09,420,0.5074346146477569,0.6378096965991529,27.797130387593302,0.939681748227729,1.4021371924752226,1.2779713038759333,0.12243649551165676,0.2363846390498221,40.25573105639415,31.49971437879971,
I_SILVR,SILVR,cs_I_SILVR,trained entity,1.0,FOLS,UF11,15.044219396,0.9983029791322516,5,0,0.0,True,WY1976-85_own,1975-10,1985-09,120,0.5784749720643847,0.7416933484999884,20.871941826460763,0.9603930668314462,1.3640753280028555,1.2087194182646077,0.0903707365296553,0.12479369240493465,39.53962952124188,32.71199992634356,
I_SILVR,SILVR,cs_I_SILVR,trained entity,1.0,FOLS,UF11,15.044219396,0.9983029791322516,5,0,0.0,True,train,1949-10,2015-09,672,0.7124415882943544,0.726513290224807,13.215309269445946,0.9159698073544021,1.2411728155450088,1.1321530926944594,0.06968551944505746,-0.10017053640401041,33.42823539616748,29.526250126305968,1976-1985
I_SLC003,SLC003,cdec_FOL,trained entity,1.0,FOLS,UF11,7.05098842626,1.0018427593082104,4,0,0.0,True,WY1976-85,1975-10,1985-09,120,0.34898285449487443,0.46020215110188367,46.886847896561804,0.9235980447271213,1.4451386462716875,1.4688684789656181,0.06057608753438903,0.18477940391956515,16.4983307410113,11.231999989971518,
I_SLC003,SLC003,cdec_FOL,trained entity,1.0,FOLS,UF11,7.05098842626,1.0018427593082104,4,0,0.0,True,WY1976-84,1975-10,1984-09,108,0.3480457570412492,0.4446830488716301,46.119032438599206,0.9216814775288343,1.4541079482266246,1.461190324385992,0.06357259213595029,0.22767132978036386,17.24042228467961,11.798888890072703,
I_SLC003,SLC003,cdec_FOL,trained entity,1.0,FOLS,UF11,7.05098842626,1.0018427593082104,4,0,0.0,True,WY1950-84_mixed,1949-10,1984-09,420,0.03389674075373639,0.07765141464333158,76.28457703053495,0.9074740286133133,1.585543152015666,1.7628457703053495,0.04195728739287333,0.13528026320224384,17.497503437218512,9.925714280828835,
I_SLC003,SLC003,cdec_FOL,trained entity,1.0,FOLS,UF11,7.05098842626,1.0018427593082104,4,0,0.0,True,WY1976-85_own,1975-10,1985-09,0,,,,,,,,,,,
I_SLC003,SLC003,cdec_FOL,trained entity,1.0,FOLS,UF11,7.05098842626,1.0018427593082104,4,0,0.0,True,train,1987-10,2018-12,375,0.08834844627340055,0.1154815011991076,71.47966625074501,0.8870107638256274,1.5544436122718568,1.7147966625074502,0.08732888818195741,-0.06422767995966527,15.92483646158804,9.286719999969005,1976-1985
I_SLF009,SLF009,cdec_FOL,trained entity,1.0,FOLS,UF11,45.1471686865,1.0010947889189274,8,0,0.0,True,WY1976-85,1975-10,1985-09,120,0.2446194372383197,0.2767173635536404,35.915386415752714,0.9364049713847596,1.6614861818619466,1.359153864157527,0.11588813955463341,-0.13012693821637988,99.34735136631915,73.09499975405633,
I_SLF009,SLF009,cdec_FOL,trained entity,1.0,FOLS,UF11,45.1471686865,1.0010947889189274,8,0,0.0,True,WY1976-84,1975-10,1984-09,108,0.2583915068876309,0.3001195777653676,35.211940126719,0.9382107573244015,1.6497516246976305,1.35211940126719,0.11964616116076718,-0.13606300181004993,103.6910316844494,76.6877774161597,
I_SLF009,SLF009,cdec_FOL,trained entity,1.0,FOLS,UF11,45.1471686865,1.0010947889189274,8,0,0.0,True,WY1950-84_mixed,1949-10,1984-09,420,0.24873304295217602,0.3533903914010166,40.989242176672526,0.9514469706560308,1.6277203570632623,1.4098924217667255,0.08581603906414455,-0.039494751367188385,100.50397977739905,71.28485707544854,
I_SLF009,SLF009,cdec_FOL,trained entity,1.0,FOLS,UF11,45.1471686865,1.0010947889189274,8,0,0.0,True,WY1976-85_own,1975-10,1985-09,0,,,,,,,,,,,
I_SLF009,SLF009,cdec_FOL,trained entity,1.0,FOLS,UF11,45.1471686865,1.0010947889189274,8,0,0.0,True,train,1987-10,2018-12,375,0.7333066563486375,0.6512783665969071,14.607885643149574,0.8708243872797369,1.181933966949426,1.1460788564314957,0.17612103059392556,-0.828130096640102,71.97705291442988,62.80288002043963,1976-1985
I_SLT009,SLT009,cs_I_SLT009,trained entity,1.0,YUBA,UF9,49.2131940552,1.0015999062122276,11,0,0.0,True,WY1976-85,1975-10,1985-09,120,0.7272030643577969,0.844074102894611,-17.795540522618133,0.9393501032977012,0.8023345455660943,0.8220445947738187,0.08190764139589482,-0.1551548060258794,123.83115367572111,150.63800000995397,
I_SLT009,SLT009,cs_I_SLT009,trained entity,1.0,YUBA,UF9,49.2131940552,1.0015999062122276,11,0,0.0,True,WY1976-84,1975-10,1984-09,108,0.7265087401595975,0.8413272201040547,-18.11961769313922,0.9381964023231923,0.8046906812547302,0.8188038230686078,0.08675488229978315,-0.13914734625182668,130.21346217123812,159.02888885305987,
I_SLT009,SLT009,cs_I_SLT009,trained entity,1.0,YUBA,UF9,49.2131940552,1.0015999062122276,11,0,0.0,True,WY1950-84_mixed,1949-10,1984-09,420,0.6491220156598738,0.786162903494258,-22.443952187140095,0.9241293960855934,0.7411836319349372,0.7755604781285991,0.08913974159890692,-0.1798553150817508,122.8560921622353,158.409428570526,
I_SLT009,SLT009,cs_I_SLT009,trained entity,1.0,YUBA,UF9,49.2131940552,1.0015999062122276,11,0,0.0,True,WY1976-85_own,1975-10,1985-09,120,0.7272030643577969,0.844074102894611,-17.795540522618133,0.9393501032977012,0.8023345455660943,0.8220445947738187,0.08190764139589482,-0.1551548060258794,123.83115367572111,150.63800000995397,
I_SLT009,SLT009,cs_I_SLT009,trained entity,1.0,YUBA,UF9,49.2131940552,1.0015999062122276,11,0,0.0,True,train,1949-10,2015-09,672,0.6680766058015033,0.8114545338092405,-19.999920595726607,0.9333552228867205,0.7436176080222455,0.8000007940427339,0.07408112706384762,-0.1499250783201962,114.11882751656377,142.64839280955493,1976-1985
I_SLTSP,SLTSP,cs_I_SLTSP,trained entity,1.0,,UF14,169.781488615,1.001130163242664,24,0,0.0,True,WY1976-85,1975-10,1985-09,120,0.6110747054049082,0.6147338858117887,10.859634573182456,0.9096821071329585,1.362370524046356,1.1085963457318244,0.16190693657827857,0.3033280867314545,410.6894933498176,370.458999735117,
I_SLTSP,SLTSP,cs_I_SLTSP,trained entity,1.0,,UF14,169.781488615,1.001130163242664,24,0,0.0,True,WY1976-84,1975-10,1984-09,108,0.5961772331250933,0.5911025304840607,11.21434487644811,0.9060651434424697,1.376394628905926,1.112143448764481,0.17145628257835566,0.32916790438208743,426.6824842724657,383.6577779120869,
I_SLTSP,SLTSP,cs_I_SLTSP,trained entity,1.0,,UF14,169.781488615,1.001130163242664,24,0,0.0,True,WY1950-84_mixed,1949-10,1984-09,420,0.6397908363555155,0.6809759487648432,13.471345449030009,0.9238791423646294,1.3252822494167251,1.1347134544903,0.15029279010364868,0.3677886086233393,403.87823581095427,355.9297144250146,
I_SLTSP,SLTSP,cs_I_SLTSP,trained entity,1.0,,UF14,169.781488615,1.001130163242664,24,0,0.0,True,WY1976-85_own,1975-10,1985-09,0,,,,,,,,,,,
I_SLTSP,SLTSP,cs_I_SLTSP,trained entity,1.0,,UF14,169.781488615,1.001130163242664,24,0,0.0,True,train,1949-10,2015-09,672,0.8020499691975487,0.751386055997498,0.8861796627112593,0.9071687914870514,1.1746082758097582,1.0088617966271127,0.09068308800802907,0.015811069682762913,335.74163896596707,332.7924995162258,1976-1985
I_SLV006,SLV006,cs_I_SLV006,trained entity,1.0,FOLS,UF11,24.5070203364,0.9976706168164087,6,0,0.0,True,WY1976-85,1975-10,1985-09,120,0.6681725492186872,0.42382254811254905,-15.998113110907823,0.7111710864028561,0.9669341044068351,0.8400188688909217,0.21315809057426832,-0.2781550565578472,33.630155478133645,40.03500007390976,
I_SLV006,SLV006,cs_I_SLV006,trained entity,1.0,FOLS,UF11,24.5070203364,0.9976706168164087,6,0,0.0,True,WY1976-84,1975-10,1984-09,108,0.6651218918924515,0.41361718974457673,-15.760853884142172,0.706228077608487,0.9683621525960147,0.8423914611585783,0.21898875024368797,-0.24070975598909605,35.533007863576955,42.18111116025183,
I_SLV006,SLV006,cs_I_SLV006,trained entity,1.0,FOLS,UF11,24.5070203364,0.9976706168164087,6,0,0.0,True,WY1950-84_mixed,1949-10,1984-09,420,0.6260583712140841,0.4836855705612735,-19.883914466434387,0.7244406470532114,0.8439154738875019,0.8011608553356562,0.18009377704766066,-0.3641096338425074,31.196516958434696,38.93914280842458,
I_SLV006,SLV006,cs_I_SLV006,trained entity,1.0,FOLS,UF11,24.5070203364,0.9976706168164087,6,0,0.0,True,WY1976-85_own,1975-10,1985-09,0,,,,,,,,,,,
I_SLV006,SLV006,cs_I_SLV006,trained entity,1.0,FOLS,UF11,24.5070203364,0.9976706168164087,6,0,0.0,True,train,1949-10,2015-09,672,0.6970287792150263,0.6054294080631347,-15.902994004186768,0.7895463006646942,0.8509688648962842,0.8409700599581322,0.13618606938877306,-0.3935782071315588,28.826351219208476,34.277499986912254,1976-1985
I_SLV015,SLV015,cs_I_SLV015,trained entity,1.0,FOLS,UF11,31.3952280157,0.9999078658095492,10,0,0.0,True,WY1976-85,1975-10,1985-09,120,0.6876564900877311,0.47998887684184954,-13.51024634876166,0.7284265267598113,0.9254772439039363,0.8648975365123834,0.19381673103400957,-0.17668121420569438,48.614160919009066,56.20800021588802,
I_SLV015,SLV015,cs_I_SLV015,trained entity,1.0,FOLS,UF11,31.3952280157,0.9999078658095492,10,0,0.0,True,WY1976-84,1975-10,1984-09,108,0.6828314873401613,0.4698571190743146,-13.766271458027415,0.7237150013169308,0.9271203599079916,0.8623372854197259,0.20115265778257,-0.15621917993277012,51.06761425283644,59.22000024384923,
I_SLV015,SLV015,cs_I_SLV015,trained entity,1.0,FOLS,UF11,31.3952280157,0.9999078658095492,10,0,0.0,True,WY1950-84_mixed,1949-10,1984-09,420,0.6507601854488166,0.5536206537451364,-17.111740040305122,0.7592545302251855,0.8136430786636818,0.8288825995969489,0.15387413544728462,-0.2595096777714234,45.31169617603682,54.66599998367684,
I_SLV015,SLV015,cs_I_SLV015,trained entity,1.0,FOLS,UF11,31.3952280157,0.9999078658095492,10,0,0.0,True,WY1976-85_own,1975-10,1985-09,0,,,,,,,,,,,
I_SLV015,SLV015,cs_I_SLV015,trained entity,1.0,FOLS,UF11,31.3952280157,0.9999078658095492,10,0,0.0,True,train,1949-10,2015-09,672,0.7133416533655706,0.6557541229774728,-13.262785326590716,0.8159026354278757,0.8248114712920392,0.8673721467340929,0.1171893394816278,-0.3103958446209605,41.73872212851235,48.12089284359743,1976-1985
I_SLYCK,SLYCK,cs_I_SLYCK,trained entity,1.0,OROV,UF8,24.0454557489,0.9995389886658609,6,0,0.0,True,WY1976-85,1975-10,1985-09,120,0.6134597037990319,0.7991341600232186,-26.98586501828314,0.9489002029020526,0.7280100732652385,0.7301413498171686,0.08507321073836344,0.26844434983518983,56.3822449485378,77.22099969089031,
I_SLYCK,SLYCK,cs_I_SLYCK,trained entity,1.0,OROV,UF8,24.0454557489,0.9995389886658609,6,0,0.0,True,WY1976-84,1975-10,1984-09,108,0.6139046899336712,0.7977840895499014,-26.819720341204803,0.9484404383621035,0.7270870832282228,0.7318027965879519,0.08617369868100447,0.2691093658245922,59.41669502082723,81.19222186340227,
I_SLYCK,SLYCK,cs_I_SLYCK,trained entity,1.0,OROV,UF8,24.0454557489,0.9995389886658609,6,0,0.0,True,WY1950-84_mixed,1949-10,1984-09,420,0.5482740243852756,0.7238460163036177,-31.689031331922635,0.9427842030281061,0.6831984233839925,0.6831096866807735,0.05394395827079472,0.11198823148492476,57.565067605061586,84.26914260983467,
I_SLYCK,SLYCK,cs_I_SLYCK,trained entity,1.0,OROV,UF8,24.0454557489,0.9995389886658609,6,0,0.0,True,WY1976-85_own,1975-10,1985-09,120,0.6134597037990319,0.7991341600232186,-26.98586501828314,0.9489002029020526,0.7280100732652385,0.7301413498171686,0.08507321073836344,0.26844434983518983,56.3822449485378,77.22099969089031,
I_SLYCK,SLYCK,cs_I_SLYCK,trained entity,1.0,OROV,UF8,24.0454557489,0.9995389886658609,6,0,0.0,True,train,1949-10,2015-09,672,0.5548380601677103,0.7337056414546994,-29.506192785072724,0.9371982378976328,0.6726415571806692,0.7049380721492728,0.04491255609935258,0.05299497416350185,53.32063455004916,75.63874992235962,1976-1985
I_SPICE,SPICE,cs_I_SPICE,trained entity,1.0,ST,UF16,44.6567069583,1.002472140770066,10,0,0.0,True,WY1976-85,1975-10,1985-09,120,0.8046375563229536,0.6935310341216421,8.417683546662342,0.871227755930545,1.1204095259006064,1.0841768354666237,0.17645546626254296,0.21403311083514875,104.68703107074938,96.55900001376867,
I_SPICE,SPICE,cs_I_SPICE,trained entity,1.0,ST,UF16,44.6567069583,1.002472140770066,10,0,0.0,True,WY1976-84,1975-10,1984-09,108,0.7977132858613747,0.6800516681562256,8.51089494261634,0.8665564965857548,1.125973063950628,1.0851089494261634,0.17982518797808208,0.230732433686069,108.79905161306621,100.26555551919672,
I_SPICE,SPICE,cs_I_SPICE,trained entity,1.0,ST,UF16,44.6567069583,1.002472140770066,10,0,0.0,True,WY1950-84_mixed,1949-10,1984-09,420,0.8369437653349051,0.7070725209488565,5.776074206866686,0.8670681430898353,1.0747004267541418,1.057760742068667,0.19152218707136995,0.31988258900673827,101.09412288190182,95.5737142259521,
I_SPICE,SPICE,cs_I_SPICE,trained entity,1.0,ST,UF16,44.6567069583,1.002472140770066,10,0,0.0,True,WY1976-85_own,1975-10,1985-09,120,0.8046375563229536,0.6935310341216421,8.417683546662342,0.871227755930545,1.1204095259006064,1.0841768354666237,0.17645546626254296,0.21403311083514875,104.68703107074938,96.55900001376867,
I_SPICE,SPICE,cs_I_SPICE,trained entity,1.0,ST,UF16,44.6567069583,1.002472140770066,10,0,0.0,True,train,1949-10,2015-09,672,0.8636593439841862,0.752313341856278,-5.553019559628221,0.8758198645361173,0.9908094713953525,0.9444698044037177,0.1274617865249683,0.08097551914529433,86.6431299135906,91.73732130937944,1976-1985
I_SPLDG,SPLDG,cs_I_SPLDG,trained entity,1.0,YUBA,UF9,33.4097986743,0.9998165186678027,9,0,0.0,True,WY1976-85,1975-10,1985-09,120,0.7292181887879206,0.7909512796154442,-16.943802287321056,0.9037251983647133,0.8119981163440166,0.8305619771267896,0.08533733935838969,0.20007777736306576,99.57856720903416,119.8930001027882,
I_SPLDG,SPLDG,cs_I_SPLDG,trained entity,1.0,YUBA,UF9,33.4097986743,0.9998165186678027,9,0,0.0,True,WY1976-84,1975-10,1984-09,108,0.7251125074132441,0.7860212904967918,-16.831221961150188,0.9013717829396232,0.806333779120946,0.8316877803884981,0.08698135816905146,0.1787202426611536,104.16057779522517,125.24000021566948,
I_SPLDG,SPLDG,cs_I_SPLDG,trained entity,1.0,YUBA,UF9,33.4097986743,0.9998165186678027,9,0,0.0,True,WY1950-84_mixed,1949-10,1984-09,420,0.7635298377981854,0.8062724054552766,-13.190097031737972,0.9073018863330304,0.8270048227155687,0.8680990296826202,0.0793906070999122,0.19476247639328204,98.59620786689482,113.57714327009661,
I_SPLDG,SPLDG,cs_I_SPLDG,trained entity,1.0,YUBA,UF9,33.4097986743,0.9998165186678027,9,0,0.0,True,WY1976-85_own,1975-10,1985-09,120,0.7292181887879206,0.7909512796154442,-16.943802287321056,0.9037251983647133,0.8119981163440166,0.8305619771267896,0.08533733935838969,0.20007777736306576,99.57856720903416,119.8930001027882,
I_SPLDG,SPLDG,cs_I_SPLDG,trained entity,1.0,YUBA,UF9,33.4097986743,0.9998165186678027,9,0,0.0,True,train,1949-10,2015-09,672,0.7786357905901262,0.7011195469247645,-8.858069356874704,0.8407634841761592,0.8743047098622151,0.911419306431253,0.11097091100293102,0.16742672505610212,91.41389183750857,100.29839305845753,1976-1985
I_SRBB_VAL,SRBB_VAL,cdec_BND,trained entity,1.0,,UF6,682.0250291206,0.9996261149967539,80,0,0.0,False,WY1976-85,1975-10,1985-09,0,,,,,,,,,735.9300791506948,,
I_SRBB_VAL,SRBB_VAL,cdec_BND,trained entity,1.0,,UF6,682.0250291206,0.9996261149967539,80,0,0.0,False,WY1976-84,1975-10,1984-09,0,,,,,,,,,774.8958255125111,,
I_SRBB_VAL,SRBB_VAL,cdec_BND,trained entity,1.0,,UF6,682.0250291206,0.9996261149967539,80,0,0.0,False,WY1950-84_mixed,1949-10,1984-09,0,,,,,,,,,681.1796810296066,,
I_SRBB_VAL,SRBB_VAL,cdec_BND,trained entity,1.0,,UF6,682.0250291206,0.9996261149967539,80,0,0.0,False,WY1976-85_own,1975-10,1985-09,0,,,,,,,,,,,
I_SRBB_VAL,SRBB_VAL,cdec_BND,trained entity,1.0,,UF6,682.0250291206,0.9996261149967539,80,0,0.0,False,train,1999-10,2018-12,0,,,,,,,,,654.6678726766442,,1976-1985
I_STMPY,STMPY,cdec_FOL,trained entity,1.0,FOLS,UF11,14.8927676082,0.9991958829674927,4,0,0.0,True,WY1976-85,1975-10,1985-09,120,0.6573049810742011,0.8255162169873624,-14.895978191214624,0.9486346558983376,0.6956770452388493,0.8510402180878538,0.043018694061947915,0.2132410981065762,22.54660844467242,26.492999937571582,
I_STMPY,STMPY,cdec_FOL,trained entity,1.0,FOLS,UF11,14.8927676082,0.9991958829674927,4,0,0.0,True,WY1976-84,1975-10,1984-09,108,0.6499352825642177,0.8238701581319552,-16.566573848040882,0.9495650025120045,0.695769034259297,0.8343342615195911,0.042699684055031016,0.20397392785740465,23.510612403149665,28.178888830873703,
I_STMPY,STMPY,cdec_FOL,trained entity,1.0,FOLS,UF11,14.8927676082,0.9991958829674927,4,0,0.0,True,WY1950-84_mixed,1949-10,1984-09,420,0.6084514028009296,0.6987122534986832,-14.349365220025204,0.8671518604648506,0.6607784683000761,0.856506347799748,0.07379299096906089,-0.08613562922721663,21.695550410431196,25.330285602861217,
I_STMPY,STMPY,cdec_FOL,trained entity,1.0,FOLS,UF11,14.8927676082,0.9991958829674927,4,0,0.0,True,WY1976-85_own,1975-10,1985-09,0,,,,,,,,,,,
I_STMPY,STMPY,cdec_FOL,trained entity,1.0,FOLS,UF11,14.8927676082,0.9991958829674927,4,0,0.0,True,train,1987-10,2018-12,375,0.7883741463388535,0.8739216852501729,-3.7390491618139037,0.946834477536994,0.7986026805153592,0.962609508381861,0.0394583376284343,0.1488326805591873,21.63730546197769,22.477759957253934,1976-1985
I_STS072,STS072,cdec_NML,trained entity,1.0,ST,UF16,291.896053403,1.0007352502833793,36,0,0.0,True,WY1976-85,1975-10,1985-09,120,0.768196635409371,0.8168986821518328,20.304673829506335,0.9243796629688212,1.0823795273752104,1.2030467382950634,0.10752815667487772,-0.26862767770847906,256.57497971342366,213.27099899463354,
I_STS072,STS072,cdec_NML,trained entity,1.0,ST,UF16,291.896053403,1.0007352502833793,36,0,0.0,True,WY1976-84,1975-10,1984-09,108,0.7625968193911887,0.8137757655212585,20.970209392007384,0.923492536033022,1.0808202321579068,1.2097020939200738,0.10425075005177085,-0.2982749411415213,277.3443654531991,229.26666560893256,
I_STS072,STS072,cdec_NML,trained entity,1.0,ST,UF16,291.896053403,1.0007352502833793,36,0,0.0,True,WY1950-84_mixed,1949-10,1984-09,420,0.8934194912807748,0.7890936973393148,1.550720143366308,0.8945542204230377,0.9996548740065949,1.015507201433663,0.07827537307284985,-0.19449301228203186,197.36498514897357,194.35114282827294,
I_STS072,STS072,cdec_NML,trained entity,1.0,ST,UF16,291.896053403,1.0007352502833793,36,0,0.0,True,WY1976-85_own,1975-10,1985-09,0,,,,,,,,,,,
I_STS072,STS072,cdec_NML,trained entity,1.0,ST,UF16,291.896053403,1.0007352502833793,36,0,0.0,True,train,1987-10,2018-12,375,0.8283704983987588,0.8977006233649973,-11.366618159451972,0.9518315270354986,0.8807671052356766,0.8863338184054803,0.054250176735467906,-0.16824979386269412,146.58543188802088,165.38399962186813,1976-1985
I_TGC003,TGC003,cdec_MKM,trained entity,1.0,,UF14,7.8703110319,1.004734320103701,4,0,0.0,True,WY1976-85,1975-10,1985-09,120,0.5549352304870852,0.47448188408732317,-25.492678002882812,0.7149740238079193,0.7722826779064251,0.7450732199711718,0.23327254256568786,-0.2926409238402945,7.789740547467579,10.455000043846667,
I_TGC003,TGC003,cdec_MKM,trained entity,1.0,,UF14,7.8703110319,1.004734320103701,4,0,0.0,True,WY1976-84,1975-10,1984-09,108,0.5547856254507613,0.4653420083229005,-25.165701948551124,0.7097610314094434,0.7749535048919252,0.7483429805144888,0.23935756404173192,-0.3262419575247133,8.31907950689462,11.116666720352239,
I_TGC003,TGC003,cdec_MKM,trained entity,1.0,,UF14,7.8703110319,1.004734320103701,4,0,0.0,True,WY1950-84_mixed,1949-10,1984-09,420,0.4824306951443821,0.4183620632966558,-26.146278337116303,0.6739374807780582,0.694715817967631,0.7385372166288369,0.23845440038844212,-0.4218194380861293,7.183435005402993,9.726571449158447,
I_TGC003,TGC003,cdec_MKM,trained entity,1.0,,UF14,7.8703110319,1.004734320103701,4,0,0.0,True,WY1976-85_own,1975-10,1985-09,0,,,,,,,,,,,
I_TGC003,TGC003,cdec_MKM,trained entity,1.0,,UF14,7.8703110319,1.004734320103701,4,0,0.0,True,train,1988-10,2018-12,363,0.6067375000391795,0.7222000654770305,-25.106864165495892,0.8740708851485863,0.7247514049341801,0.7489313583450411,0.16695084672679344,-0.18633978544773822,6.453931470275366,8.617520682452138,1976-1985
I_THM028,THM028,cs_I_THM028,trained entity,1.0,,,204.127963777,0.9995106529836005,28,0,0.0,True,WY1976-85,1975-10,1985-09,120,0.9172977833585615,0.8529852409958192,2.0091270751577106,0.9301239251742045,1.039412328577922,1.020091270751577,0.08435849941348275,0.11937435155209197,235.80021711327078,231.15599934458731,
I_THM028,THM028,cs_I_THM028,trained entity,1.0,,,204.127963777,0.9995106529836005,28,0,0.0,True,WY1976-84,1975-10,1984-09,108,0.9189732077646919,0.8545868778208341,0.807618055138496,0.9310663547234608,1.0418123058026398,1.008076180551385,0.08921164054172567,0.12657072563292182,243.864828107665,241.91111030346815,
I_THM028,THM028,cs_I_THM028,trained entity,1.0,,,204.127963777,0.9995106529836005,28,0,0.0,True,WY1950-84_mixed,1949-10,1984-09,420,0.8183137577479196,0.8012799927766641,-8.800228492632831,0.897587824099399,0.8784383502138469,0.9119977150736718,0.07156380113311071,0.01350773476534517,223.718772067616,245.3062857175512,
I_THM028,THM028,cs_I_THM028,trained entity,1.0,,,204.127963777,0.9995106529836005,28,0,0.0,True,WY1976-85_own,1975-10,1985-09,120,0.9172977833585615,0.8529852409958192,2.0091270751577106,0.9301239251742045,1.039412328577922,1.020091270751577,0.08435849941348275,0.11937435155209197,235.80021711327078,231.15599934458731,
I_THM028,THM028,cs_I_THM028,trained entity,1.0,,,204.127963777,0.9995106529836005,28,0,0.0,True,train,1949-10,2015-09,672,0.8199705662242363,0.8228444583350096,-8.043089591154464,0.9098261116529237,0.8665453714970611,0.9195691040884555,0.04703017342220108,-0.03446061538389866,211.67052179967655,230.18446450470947,1976-1985
I_TRNTY,TRNTY,cdec_CLE,trained entity,1.0,TRIN,CLE,692.855878007,0.9995304414855304,71,0,0.0,True,WY1976-85,1975-10,1985-09,120,0.9329865736591033,0.8826839388498949,0.25910834312656994,0.9400029852213235,0.9702603998976737,1.0025910834312657,0.09880983944652127,-0.44334730467812467,1332.8536084294885,1329.408998799324,
I_TRNTY,TRNTY,cdec_CLE,trained entity,1.0,TRIN,CLE,692.855878007,0.9995304414855304,71,0,0.0,True,WY1976-84,1975-10,1984-09,108,0.9334719327064039,0.8818979840885869,0.1271698678625118,0.9396528428273877,0.9720252409934231,1.0012716986786252,0.09738571943691188,-0.4403130315060775,1385.6899419130532,1383.9299999607933,
I_TRNTY,TRNTY,cdec_CLE,trained entity,1.0,TRIN,CLE,692.855878007,0.9995304414855304,71,0,0.0,True,WY1950-84_mixed,1949-10,1984-09,420,0.6990733929020689,0.7378719790530184,22.118143205940946,0.9256552114471486,1.1900222339271203,1.2211814320594094,0.07233014732015608,-0.33533645879446716,1728.2651582478275,1415.2402852484158,
I_TRNTY,TRNTY,cdec_CLE,trained entity,1.0,TRIN,CLE,692.855878007,0.9995304414855304,71,0,0.0,True,WY1976-85_own,1975-10,1985-09,0,,,,,,,,,,,
I_TRNTY,TRNTY,cdec_CLE,trained entity,1.0,TRIN,CLE,692.855878007,0.9995304414855304,71,0,0.0,True,train,1986-04,2018-12,393,0.9273079585656719,0.9029304771956537,2.820817411836147,0.9505657128334488,0.9547818282862606,1.0282081741183615,0.049699763968100094,-0.17726371006262198,1261.2042267589604,1226.6039684428513,1976-1985
I_UBEAR,UBEAR,cs_I_UBEAR,trained entity,1.0,,UF14,37.2529927898,1.0025167886228221,10,0,0.0,True,WY1976-85,1975-10,1985-09,120,0.8207322206794101,0.8074285893089129,-4.309817081425015,0.9282722375382911,1.1585389935228494,0.9569018291857497,0.06239357480893353,-0.3773739755708565,78.23820726138071,81.76199989914895,
I_UBEAR,UBEAR,cs_I_UBEAR,trained entity,1.0,,UF14,37.2529927898,1.0025167886228221,10,0,0.0,True,WY1976-84,1975-10,1984-09,108,0.8183575359602588,0.8134967152057119,-3.844272985020507,0.9318626348008766,1.1639312073029846,0.961557270149795,0.06294853235308694,-0.3827888475933987,81.42039584285368,84.67555534177356,
I_UBEAR,UBEAR,cs_I_UBEAR,trained entity,1.0,,UF14,37.2529927898,1.0025167886228221,10,0,0.0,True,WY1950-84_mixed,1949-10,1984-09,420,0.8538165816276558,0.8569871679690073,-5.42655979499189,0.9439917792823491,1.1236443120333663,0.9457344020500811,0.08134005622293596,-0.25367025967030266,74.29500307681062,78.55799991600216,
I_UBEAR,UBEAR,cs_I_UBEAR,trained entity,1.0,,UF14,37.2529927898,1.0025167886228221,10,0,0.0,True,WY1976-85_own,1975-10,1985-09,0,,,,,,,,,,,
I_UBEAR,UBEAR,cs_I_UBEAR,trained entity,1.0,,UF14,37.2529927898,1.0025167886228221,10,0,0.0,True,train,1949-10,2015-09,672,0.8666485692310464,0.7697006626796092,-6.965713311592719,0.8896599211755861,1.0274873588985767,0.9303428668840729,0.11554560402030299,-0.5335497215970308,68.33418208507112,73.45053583732806,1976-1985
I_UNVLY,UNVLY,cs_I_UNVLY,trained entity,1.0,FOLS,UF11,83.8034998021,1.0011166408654055,14,0,0.0,True,WY1976-85,1975-10,1985-09,120,0.7181721011541581,0.8302632610435385,-18.65061680862446,0.9337151989127239,0.7993791162952674,0.8134938319137555,0.07371245607948648,-0.33755399596093216,145.8122617788421,179.2420004412532,
I_UNVLY,UNVLY,cs_I_UNVLY,trained entity,1.0,FOLS,UF11,83.8034998021,1.0011166408654055,14,0,0.0,True,WY1976-84,1975-10,1984-09,108,0.7213671806849883,0.8290411596655034,-18.109444373316155,0.9324393931744999,0.7993096543084871,0.8189055562668385,0.07518723830529492,-0.3679523911224747,153.12897022487996,186.99222279422813,
I_UNVLY,UNVLY,cs_I_UNVLY,trained entity,1.0,FOLS,UF11,83.8034998021,1.0011166408654055,14,0,0.0,True,WY1950-84_mixed,1949-10,1984-09,420,0.6777433372856541,0.8295053272767192,-18.930568467592646,0.9444495717248949,0.745192495535122,0.8106943153240735,0.07630935010008026,-0.18400395392376545,143.5568230124884,177.07885734353746,
I_UNVLY,UNVLY,cs_I_UNVLY,trained entity,1.0,FOLS,UF11,83.8034998021,1.0011166408654055,14,0,0.0,True,WY1976-85_own,1975-10,1985-09,0,,,,,,,,,,,
I_UNVLY,UNVLY,cs_I_UNVLY,trained entity,1.0,FOLS,UF11,83.8034998021,1.0011166408654055,14,0,0.0,True,train,1949-10,2015-09,672,0.671260598202222,0.8063628986007554,-20.977793545657253,0.9281160904199975,0.7573160169408929,0.7902220645434274,0.10296321811847328,-0.2726536615001205,127.89222019683332,161.8433930603122,1976-1985
I_WBF006,WBF006,cdec_ORO,trained entity,1.0,OROV,UF8,36.2822419915,0.9997877889430837,9,0,0.0,True,WY1976-85,1975-10,1985-09,120,0.8291795400283244,0.8171998837415722,-14.361351388915288,0.9230849000780701,1.0513697924596204,0.8563864861108471,0.1311871132953765,-0.4527136302308348,63.29209961208568,73.90599996447563,
I_WBF006,WBF006,cdec_ORO,trained entity,1.0,OROV,UF8,36.2822419915,0.9997877889430837,9,0,0.0,True,WY1976-84,1975-10,1984-09,108,0.8371102407335408,0.8202176680842005,-13.388649834168556,0.9236301784036491,1.0526794987165635,0.8661135016583145,0.13087048066602278,-0.42673574057333497,66.9948416697134,77.35111107428868,
I_WBF006,WBF006,cdec_ORO,trained entity,1.0,OROV,UF8,36.2822419915,0.9997877889430837,9,0,0.0,True,WY1950-84_mixed,1949-10,1984-09,420,0.73961731254705,0.6490588165603599,-21.049321987479203,0.846784239260986,0.9959160101459081,0.7895067801252079,0.15175995175819287,-0.5050532256017819,61.83575012127474,78.32200011185238,
I_WBF006,WBF006,cdec_ORO,trained entity,1.0,OROV,UF8,36.2822419915,0.9997877889430837,9,0,0.0,True,WY1976-85_own,1975-10,1985-09,0,,,,,,,,,,,
I_WBF006,WBF006,cdec_ORO,trained entity,1.0,OROV,UF8,36.2822419915,0.9997877889430837,9,0,0.0,True,train,1987-10,2018-12,375,0.8313910942169986,0.7334457170208618,-11.030906381177603,0.8733701615159138,1.015025230640653,0.8896909361882239,0.11777313667995837,-0.36390436943658866,59.159749842185434,66.49472017288208,1976-1985
I_WBF015,WBF015,cdec_ORO,trained entity,1.0,OROV,UF8,63.682345685,0.999720031461249,13,0,0.0,True,WY1976-85,1975-10,1985-09,120,0.90475014889473,0.896368559606229,-6.71366456099314,0.953686314881617,1.049196011246623,0.9328633543900686,0.09908100521526488,-0.3370182805658928,147.25714506969038,157.85500028133393,
I_WBF015,WBF015,cdec_ORO,trained entity,1.0,OROV,UF8,63.682345685,0.999720031461249,13,0,0.0,True,WY1976-84,1975-10,1984-09,108,0.9086889204433489,0.8975988857017979,-6.184118439769843,0.9539797773496065,1.0489440524405074,0.9381588156023016,0.10357201630135401,-0.29150510521981765,154.99634552730464,165.21333376566568,
I_WBF015,WBF015,cdec_ORO,trained entity,1.0,OROV,UF8,63.682345685,0.999720031461249,13,0,0.0,True,WY1950-84_mixed,1949-10,1984-09,420,0.8523926250332984,0.8481105803996936,-12.436925086451739,0.9301094408504033,0.9621115277991328,0.8756307491354826,0.0952023661005347,-0.3684705626039735,146.48626925033298,167.29228546960013,
I_WBF015,WBF015,cdec_ORO,trained entity,1.0,OROV,UF8,63.682345685,0.999720031461249,13,0,0.0,True,WY1976-85_own,1975-10,1985-09,0,,,,,,,,,,,
I_WBF015,WBF015,cdec_ORO,trained entity,1.0,OROV,UF8,63.682345685,0.999720031461249,13,0,0.0,True,train,1987-10,2018-12,375,0.9263646343681741,0.8776932945689317,-4.099142375008652,0.940402846270517,1.01378584484237,0.9590085762499134,0.0748232917180392,-0.2613973385063728,136.20622299668273,142.0281594657898,1976-1985
I_WBF030,WBF030,cdec_ORO,trained entity,1.0,OROV,UF8,38.0437790686,1.003720626381906,8,0,0.0,True,WY1976-85,1975-10,1985-09,120,0.8050281936061894,0.8579619247409642,-1.8454267995389797,0.9336708464256442,0.8175886827323221,0.9815457320046101,0.0795211988631867,0.24453669679553514,100.8871962642175,102.78399974107742,
I_WBF030,WBF030,cdec_ORO,trained entity,1.0,OROV,UF8,38.0437790686,1.003720626381906,8,0,0.0,True,WY1976-84,1975-10,1984-09,108,0.8021834731753298,0.8549938531949273,-2.166174935195634,0.9322364398019279,0.8154187257350552,0.9783382506480436,0.08440127483154414,0.2640784005907335,105.24419352837673,107.57444417476654,
I_WBF030,WBF030,cdec_ORO,trained entity,1.0,OROV,UF8,38.0437790686,1.003720626381906,8,0,0.0,True,WY1950-84_mixed,1949-10,1984-09,420,0.7326482283190786,0.7769170500626957,-7.641640237833799,0.893929351347528,0.7667908218724586,0.923583597621662,0.08864667758647535,0.29594398828878266,100.60411375104229,108.92799959863936,
I_WBF030,WBF030,cdec_ORO,trained entity,1.0,OROV,UF8,38.0437790686,1.003720626381906,8,0,0.0,True,WY1976-85_own,1975-10,1985-09,0,,,,,,,,,,,
I_WBF030,WBF030,cdec_ORO,trained entity,1.0,OROV,UF8,38.0437790686,1.003720626381906,8,0,0.0,True,train,1987-10,2018-12,375,0.7827621541748173,0.7929082741968966,1.8634338736348408,0.8945077856749871,0.8110120750009927,1.0186343387363483,0.11019582978378561,0.38550084329298606,94.20819302044221,92.4847999305725,1976-1985
I_WBR001,WBR001,cs_I_WBR001,trained entity,1.0,FOLS,UF11,98.9278850295,1.00061431747726,20,0,0.0,True,WY1976-85,1975-10,1985-09,120,0.6280157058861771,0.6877220193399252,-22.18934436383049,0.8424843588712141,0.7463773717952573,0.7781065563616952,0.12992454280536025,0.21510401816442037,53.59597926919403,68.87999957203864,
I_WBR001,WBR001,cs_I_WBR001,trained entity,1.0,FOLS,UF11,98.9278850295,1.00061431747726,20,0,0.0,True,WY1976-84,1975-10,1984-09,108,0.6310381956971101,0.6850231793140495,-21.37319008096041,0.8405826021897191,0.7449753327888529,0.786268099190396,0.13591578607750027,0.2702179046540092,57.89029889063958,73.6266662099709,
I_WBR001,WBR001,cs_I_WBR001,trained entity,1.0,FOLS,UF11,98.9278850295,1.00061431747726,20,0,0.0,True,WY1950-84_mixed,1949-10,1984-09,420,0.5868004807501275,0.7195050496316577,-28.505802746541736,0.8744435580446676,0.7285016693064793,0.7149419725345826,0.070657445496703,0.05588485157037848,48.2551105175614,67.4951427826924,
I_WBR001,WBR001,cs_I_WBR001,trained entity,1.0,FOLS,UF11,98.9278850295,1.00061431747726,20,0,0.0,True,WY1976-85_own,1975-10,1985-09,0,,,,,,,,,,,
I_WBR001,WBR001,cs_I_WBR001,trained entity,1.0,FOLS,UF11,98.9278850295,1.00061431747726,20,0,0.0,True,train,1949-10,2015-09,672,0.6555354119261367,0.751912080148795,-24.186230434914943,0.8804622967285716,0.7858290036713477,0.7581376956508505,0.04969249640351975,0.005244612248191949,44.05917226167074,58.115000104099245,1976-1985
I_WKYTN,WKYTN,cdec_BND,trained entity,1.0,SRBB,UF6,199.855505833,0.9984438577316721,27,0,0.0,True,WY1976-85,1975-10,1985-09,120,0.9271081130634125,0.9480964250827884,-4.566292648105227,0.9745327769022867,0.9492107799424566,0.9543370735189477,0.05616847567484798,-0.27311246694316704,322.04868108115596,337.4580009698868,
I_WKYTN,WKYTN,cdec_BND,trained entity,1.0,SRBB,UF6,199.855505833,0.9984438577316721,27,0,0.0,True,WY1976-84,1975-10,1984-09,108,0.9182256335812965,0.949146217464178,-6.006821228817831,0.975468067306851,0.9502301180027364,0.9399317877118217,0.058118661419763434,-0.2845469798748237,336.57286417853993,358.0822231769562,
I_WKYTN,WKYTN,cdec_BND,trained entity,1.0,SRBB,UF6,199.855505833,0.9984438577316721,27,0,0.0,True,WY1950-84_mixed,1949-10,1984-09,420,0.9327909765980369,0.9118360776696081,3.834219039060416,0.9554150203282215,0.9674560474071853,1.0383421903906043,0.0491473016761103,-0.05106210851710902,336.29500604449294,323.87685789593627,
I_WKYTN,WKYTN,cdec_BND,trained entity,1.0,SRBB,UF6,199.855505833,0.9984438577316721,27,0,0.0,True,WY1976-85_own,1975-10,1985-09,0,,,,,,,,,,,
I_WKYTN,WKYTN,cdec_BND,trained entity,1.0,SRBB,UF6,199.855505833,0.9984438577316721,27,0,0.0,True,train,1999-10,2018-12,231,0.6753370754202908,0.6832168964750123,25.608381472193503,0.8906304652918262,1.1669293243017211,1.256083814721935,0.04282537451355571,0.06224573208912876,326.34688842340796,259.81298747620025,1976-1985
I_WLF013,WLF013,uf_10,trained entity,1.0,,UF10,15.7482511574,1.0044604524339358,5,0,0.0,True,WY1976-85,1975-10,1985-09,120,0.42634684681500024,0.6672971992445882,36.2703876219195,0.9730701042394114,1.4436199038016526,1.362703876219195,0.08356201532214232,-0.11678916690940344,26.286557596927082,19.289999871328472,
I_WLF013,WLF013,uf_10,trained entity,1.0,,UF10,15.7482511574,1.0044604524339358,5,0,0.0,True,WY1976-84,1975-10,1984-09,108,0.43389181138879895,0.6729967182831862,35.19785832231248,0.9741023161573323,1.4426272338395845,1.3519785832231248,0.08151211847200962,-0.09616953570790088,27.556327725037516,20.38222207584315,
I_WLF013,WLF013,uf_10,trained entity,1.0,,UF10,15.7482511574,1.0044604524339358,5,0,0.0,True,WY1950-84_mixed,1949-10,1984-09,420,0.4229192007261482,0.6475383444601587,36.79916036502824,0.9674092303852962,1.4433308812493917,1.3679916036502826,0.0715164893576116,-0.18930743303083108,28.260752171235243,20.65857136536922,
I_WLF013,WLF013,uf_10,trained entity,1.0,,UF10,15.7482511574,1.0044604524339358,5,0,0.0,True,WY1976-85_own,1975-10,1985-09,0,,,,,,,,,,,
I_WLF013,WLF013,uf_10,trained entity,1.0,,UF10,15.7482511574,1.0044604524339358,5,0,0.0,True,train,1984-10,2014-09,348,0.32478027215368066,0.5251853023462241,45.60955396172021,0.9479837649662994,1.4951695173443833,1.4560955396172022,0.06472066636665867,-0.05557793663035504,26.055072342997484,17.89379311597039,1976-1985
I_AMADR,AMADR,,extrapolated,0.3268234902096122,,,60.1788933909,1.0018059322051693,11,0,0.0,True,WY1976-85,1975-10,1985-09,120,0.5435914774788984,0.7651707883607252,-39.54806848157074,0.9223415187594994,0.7858203378959318,0.6045193151842926,0.17614143229677898,-0.8805434091188822,22.70151378553635,37.55299990475177,
I_AMADR,AMADR,,extrapolated,0.3268234902096122,,,60.1788933909,1.0018059322051693,11,0,0.0,True,WY1976-84,1975-10,1984-09,108,0.5518293814688102,0.7664320020817577,-38.73110436818782,0.9229632161315878,0.7880745586582509,0.6126889563181219,0.17180584167793256,-0.836682263440153,24.54295799616547,40.05777767507566,
I_AMADR,AMADR,,extrapolated,0.3268234902096122,,,60.1788933909,1.0018059322051693,11,0,0.0,True,WY1950-84_mixed,1949-10,1984-09,420,0.48987095957040105,0.6565125461557307,-44.58950730920114,0.8718700052643286,0.787886996789612,0.5541049269079886,0.2177217903840953,-1.020211089609047,18.803154935603104,33.93428576881332,
I_AMADR,AMADR,,extrapolated,0.3268234902096122,,,60.1788933909,1.0018059322051693,11,0,0.0,True,WY1976-85_own,1975-10,1985-09,0,,,,,,,,,,,
I_AMADR,AMADR,,extrapolated,0.3268234902096122,,,60.1788933909,1.0018059322051693,11,0,0.0,True,train,1984-10,2014-09,348,0.6209623952712894,0.7115553388560877,-32.66688185845411,0.8624188378791299,0.8657300756217936,0.6733311814154589,0.22995972114484212,-0.9213152466442791,18.844450104385235,27.98689652953682,1976-1985
I_BANOS,BANOS,,extrapolated,0.0,,,149.594871012,1.000058767692371,19,0,0.0,True,WY1976-85,1975-10,1985-09,120,-0.14584642282060978,0.2191837594807161,-83.2099860629355,0.8872400650109634,0.22034684397953974,0.16790013937064513,0.16780460358268476,0.3221185674828586,2.583143639488771,15.384999971836805,
I_BANOS,BANOS,,extrapolated,0.0,,,149.594871012,1.000058767692371,19,0,0.0,True,WY1976-84,1975-10,1984-09,108,-0.14374744172243248,0.21314951218267264,-82.96983210598218,0.8873676825879161,0.22085119036765144,0.17030167894017814,0.17781306980977013,0.5418970941632386,2.8260617455908807,16.594444418739943,
I_BANOS,BANOS,,extrapolated,0.0,,,149.594871012,1.000058767692371,19,0,0.0,True,WY1950-84_mixed,1949-10,1984-09,420,-0.023204939735533392,0.34367219659799964,-72.47260564997114,0.8508299488521192,0.2932689425459551,0.27527394350028855,0.05590811863073918,0.04527205964762171,2.9429144033668613,10.690857136515634,
I_BANOS,BANOS,,extrapolated,0.0,,,149.594871012,1.000058767692371,19,0,0.0,True,WY1976-85_own,1975-10,1985-09,0,,,,,,,,,,,
I_BANOS,BANOS,,extrapolated,0.0,,,149.594871012,1.000058767692371,19,0,0.0,True,train,1984-10,2014-09,348,-0.007307935831504686,0.46796295244104735,-76.31431780664619,0.9068450311967371,0.3491513853844274,0.23685682193353813,0.09243717243695156,-0.3583481015455341,2.3294460273650763,9.834827675002401,1976-1985
I_BUR005,BUR005,,extrapolated,0.5925711568258843,,,72.1427575124,1.0000367412363345,12,0,0.0,True,WY1976-85,1975-10,1985-09,120,0.6504622199218953,0.8778535554025928,-22.627421157979455,0.9710759511294195,0.7351603498854372,0.7737257884202053,0.04948874495057282,-0.4780173359850348,15.060572522645774,19.46500006597489,
I_BUR005,BUR005,,extrapolated,0.5925711568258843,,,72.1427575124,1.0000367412363345,12,0,0.0,True,WY1976-84,1975-10,1984-09,108,0.6489080895681072,0.8761025129045746,-22.85040551720076,0.9707677189511549,0.7350530240116983,0.7714959448279924,0.04802143032884878,-0.41187676309979615,16.527157628319298,21.42222229308552,
I_BUR005,BUR005,,extrapolated,0.5925711568258843,,,72.1427575124,1.0000367412363345,12,0,0.0,True,WY1950-84_mixed,1949-10,1984-09,420,0.6812786219125144,0.8594922327602013,-16.542149095843047,0.9560018174675643,0.7311446353279921,0.8345785090415695,0.05451423997868595,-0.1983244579186012,13.231884661635794,15.85457152117576,
I_BUR005,BUR005,,extrapolated,0.5925711568258843,,,72.1427575124,1.0000367412363345,12,0,0.0,True,WY1976-85_own,1975-10,1985-09,0,,,,,,,,,,,
I_BUR005,BUR005,,extrapolated,0.5925711568258843,,,72.1427575124,1.0000367412363345,12,0,0.0,True,train,1984-10,2014-09,348,0.4037897858895195,0.7076370255637947,-36.94790244647309,0.9419175877224716,0.535695893541443,0.6305209755352692,0.03689300888160386,-0.24509291892699814,10.578837381861181,16.777930937000903,1976-1985
I_CAP000,CAP000,,extrapolated,0.0,,,47.3677845143,0.999428184722616,9,0,0.0,True,WY1976-85,1975-10,1985-09,120,-0.5348178228265319,-0.12214055231561471,-99.68452777899032,0.3893684830981693,0.005467752166820998,0.003154722210096911,0.3105904646004402,-0.7110530936223745,0.01078284060157153,3.4180000277236107,
I_CAP000,CAP000,,extrapolated,0.0,,,47.3677845143,0.999428184722616,9,0,0.0,True,WY1976-84,1975-10,1984-09,108,-0.5364793313485368,-0.13737274944382127,-99.68493726919449,0.3851702771339324,0.005492847835996295,0.0031506273080550763,0.31125116763327404,-0.4775995796244832,0.011933876200614965,3.7877778085983462,
I_CAP000,CAP000,,extrapolated,0.0,,,47.3677845143,0.999428184722616,9,0,0.0,True,WY1950-84_mixed,1949-10,1984-09,420,-0.49557626664533294,-0.09817735160225083,-99.5077435092254,0.48585814689840096,0.008926126662463544,0.004922564907745964,0.3099839160427622,-0.8525698210713664,0.011956206997578636,2.4288571550909963,
I_CAP000,CAP000,,extrapolated,0.0,,,47.3677845143,0.999428184722616,9,0,0.0,True,WY1976-85_own,1975-10,1985-09,0,,,,,,,,,,,
I_CAP000,CAP000,,extrapolated,0.0,,,47.3677845143,0.999428184722616,9,0,0.0,True,train,1984-10,2014-09,348,-0.4256918628984301,-0.03467644956453042,-99.05671411897922,0.6867224595372161,0.023664397160757345,0.009432858810207964,0.2768924342257648,-0.7323429185169461,0.021682564544961456,2.298620702506139,1976-1985
I_CHC000,CHC000,,extrapolated,0.06315806778580171,,,186.861894178,0.9996254906584441,27,1,0.0011232319068482902,True,WY1976-85,1975-10,1985-09,120,0.3770753342880614,0.5967387286481312,-40.09251918524365,0.8346129858419561,0.5528520767818502,0.5990748081475634,0.1537652605496813,-0.7430611341048019,11.332099157407681,18.9160001443699,
I_CHC000,CHC000,,extrapolated,0.06315806778580171,,,186.861894178,0.9996254906584441,27,1,0.0011232319068482902,True,WY1976-84,1975-10,1984-09,108,0.3683665772299676,0.5918793161436376,-41.4746220691964,0.8334903574669472,0.5536583235620561,0.585253779308036,0.15048277881964692,-0.5642283416383931,12.268870154215193,20.96333349392646,
I_CHC000,CHC000,,extrapolated,0.06315806778580171,,,186.861894178,0.9996254906584441,27,1,0.0011232319068482902,True,WY1950-84_mixed,1949-10,1984-09,420,0.43275455460207346,0.6201838722489719,-32.030147342809705,0.8444162484709616,0.5584481256923117,0.679698526571903,0.1819249861131262,-0.3473647884256943,9.14349882934164,13.452285788314683,
I_CHC000,CHC000,,extrapolated,0.06315806778580171,,,186.861894178,0.9996254906584441,27,1,0.0011232319068482902,True,WY1976-85_own,1975-10,1985-09,0,,,,,,,,,,,
I_CHC000,CHC000,,extrapolated,0.06315806778580171,,,186.861894178,0.9996254906584441,27,1,0.0011232319068482902,True,train,1984-10,2014-09,348,0.7314144722527005,0.8599638094214495,0.7653801328046577,0.9522762731442013,0.7357992223033412,1.0076538013280465,0.09797525867708075,-0.1899620581496233,12.818746224668072,12.721379314774069,1976-1985
I_CHW031,CHW031,,extrapolated,0.5957539318696702,,,30.3683615088,1.002589476318054,8,0,0.0,True,WY1976-85,1975-10,1985-09,120,0.7530263833553683,0.8416090621731895,-22.160789447111963,0.924303750656727,0.9215399065641159,0.7783921055288805,0.16426324076759144,-0.7065266562874459,5.886201100495731,7.5619999980553985,
I_CHW031,CHW031,,extrapolated,0.5957539318696702,,,30.3683615088,1.002589476318054,8,0,0.0,True,WY1976-84,1975-10,1984-09,108,0.7611342510235934,0.8400151672107763,-21.266164289224015,0.9234489709387705,0.9227225024596436,0.7873383571077599,0.16203583406942265,-0.6226332503333554,6.480669498585428,8.231111110084587,
I_CHW031,CHW031,,extrapolated,0.5957539318696702,,,30.3683615088,1.002589476318054,8,0,0.0,True,WY1950-84_mixed,1949-10,1984-09,420,0.6060402965745229,0.7820961006008851,-34.209679080538855,0.9020344135399703,0.8309533274113727,0.6579032091946114,0.20315503973245652,-0.7918046143315447,3.7773042679952784,5.741428549374852,
I_CHW031,CHW031,,extrapolated,0.5957539318696702,,,30.3683615088,1.002589476318054,8,0,0.0,True,WY1976-85_own,1975-10,1985-09,0,,,,,,,,,,,
I_CHW031,CHW031,,extrapolated,0.5957539318696702,,,30.3683615088,1.002589476318054,8,0,0.0,True,train,1984-10,2014-09,348,0.6284038047901593,0.836811616060516,-31.309853020973158,0.9305519856089848,0.8123033938184254,0.6869014697902683,0.16133884915988525,-0.8786177074800499,3.1275334597069464,4.553103461347777,1976-1985
I_CLV026,CLV026,,extrapolated,0.440493288181348,,,104.439795204,1.0010778728635503,20,0,0.0,True,WY1976-85,1975-10,1985-09,120,0.7547061811337642,0.8963839346897524,-21.43559732211942,0.9557856664905672,0.8892495280791409,0.7856440267788057,0.06995228031380563,-0.38782817901147926,24.176623505858842,30.772999834269285,
I_CLV026,CLV026,,extrapolated,0.440493288181348,,,104.439795204,1.0010778728635503,20,0,0.0,True,WY1976-84,1975-10,1984-09,108,0.7674948543568327,0.8994489076512724,-20.026110770933325,0.9567921321847715,0.89005814423777,0.7997388922906667,0.06575537830045461,-0.34564886677541296,26.234101316504425,32.80333314960202,
I_CLV026,CLV026,,extrapolated,0.440493288181348,,,104.439795204,1.0010778728635503,20,0,0.0,True,WY1950-84_mixed,1949-10,1984-09,420,0.6960060041259468,0.8419146164412764,-23.74954633528729,0.9306149364563132,0.8233818600162581,0.7625045366471271,0.07952161128617981,-0.16380527414855717,19.81640357654286,25.9885713777904,
I_CLV026,CLV026,,extrapolated,0.440493288181348,,,104.439795204,1.0010778728635503,20,0,0.0,True,WY1976-85_own,1975-10,1985-09,0,,,,,,,,,,,
I_CLV026,CLV026,,extrapolated,0.440493288181348,,,104.439795204,1.0010778728635503,20,0,0.0,True,train,1984-10,2014-09,348,0.6947529521484898,0.8398977666858607,-23.548988098734622,0.9277120100729418,0.8197370734539872,0.7645101190126538,0.07973764519458233,-0.22195512174672327,18.025830428353093,23.578275787419287,1976-1985
I_CMCHE,CMCHE,,extrapolated,0.0,,,42.4021599839,1.0002300084961278,7,0,0.0,True,WY1976-85,1975-10,1985-09,120,0.8431084462355314,0.7811030123144105,-8.4258542265589,0.9046845774852693,1.0918173618045381,0.915741457734411,0.19166219367062962,-0.9429925563514132,13.190339976569579,14.40400002114475,
I_CMCHE,CMCHE,,extrapolated,0.0,,,42.4021599839,1.0002300084961278,7,0,0.0,True,WY1976-84,1975-10,1984-09,108,0.8479866719305444,0.781862553045046,-7.319646624519047,0.905098479493091,1.093509521683331,0.9268035337548096,0.1859760171603339,-0.8794527624402617,14.257327719887542,15.383333360983265,
I_CMCHE,CMCHE,,extrapolated,0.0,,,42.4021599839,1.0002300084961278,7,0,0.0,True,WY1950-84_mixed,1949-10,1984-09,420,0.8198844730607608,0.7579224729695035,-11.309164309185244,0.8950089479457807,1.0928911314170147,0.8869083569081476,0.2025962840631258,-0.7402175821916206,11.07925921410152,12.492000022104808,
I_CMCHE,CMCHE,,extrapolated,0.0,,,42.4021599839,1.0002300084961278,7,0,0.0,True,WY1976-85_own,1975-10,1985-09,0,,,,,,,,,,,
I_CMCHE,CMCHE,,extrapolated,0.0,,,42.4021599839,1.0002300084961278,7,0,0.0,True,train,1984-10,2014-09,348,0.8014062796823813,0.7205683396236906,4.040195442461138,0.8909590588622766,1.1609882634978828,1.0404019544246115,0.2059305656264976,-0.7317068990368449,10.821256592569148,10.401034471867927,1976-1985
I_DCT050,DCT050,,extrapolated,0.44251182665354116,,,65.4620551779,1.0008270945312066,13,0,0.0,True,WY1976-85,1975-10,1985-09,120,0.5394708423735177,0.7384672821290852,-34.50467719242998,0.8959198902228832,0.7132995274549397,0.6549532280757001,0.16047155238954766,-0.6456812712733502,13.837851771264882,21.1279999518767,
I_DCT050,DCT050,,extrapolated,0.44251182665354116,,,65.4620551779,1.0008270945312066,13,0,0.0,True,WY1976-84,1975-10,1984-09,108,0.5440312757598124,0.7346424204114557,-33.84171722601086,0.8942449723685871,0.713299513192992,0.6615828277398914,0.15884861036944872,-0.5895666065568115,15.215669905611252,22.998888827860355,
I_DCT050,DCT050,,extrapolated,0.44251182665354116,,,65.4620551779,1.0008270945312066,13,0,0.0,True,WY1950-84_mixed,1949-10,1984-09,420,0.5995544824270195,0.7581735754334251,-30.948329324466343,0.8913793888155559,0.7702647903070847,0.6905167067553366,0.1711904956188336,-0.5790582446776709,11.074704200684131,16.038285666863835,
I_DCT050,DCT050,,extrapolated,0.44251182665354116,,,65.4620551779,1.0008270945312066,13,0,0.0,True,WY1976-85_own,1975-10,1985-09,0,,,,,,,,,,,
I_DCT050,DCT050,,extrapolated,0.44251182665354116,,,65.4620551779,1.0008270945312066,13,0,0.0,True,train,1984-10,2014-09,348,0.8409996170941477,0.7835281430655524,6.159965176072339,0.9091230056372195,1.1150129408490732,1.0615996517607234,0.14083518460516742,-0.7302050027658398,13.498788637085422,12.715517205282532,1976-1985
I_DED044,DED044,,extrapolated,0.7328452674894084,,,42.6065177606,1.000305378280797,11,0,0.0,True,WY1976-85,1975-10,1985-09,120,0.8404450369291259,0.8202843944264833,-13.331624107053724,0.9141668585106381,1.0178111742857572,0.8666837589294628,0.1837187207139336,-0.8461868355904452,9.793526505283632,11.30000003390014,
I_DED044,DED044,,extrapolated,0.7328452674894084,,,42.6065177606,1.000305378280797,11,0,0.0,True,WY1976-84,1975-10,1984-09,108,0.8484693999157776,0.8182143812886205,-12.268566298120167,0.9130651245911627,1.018763749582572,0.8773143370187984,0.18143624363468722,-0.7614470355789384,10.785117614917189,12.293333369617661,
I_DED044,DED044,,extrapolated,0.7328452674894084,,,42.6065177606,1.000305378280797,11,0,0.0,True,WY1950-84_mixed,1949-10,1984-09,420,0.7373168817888671,0.8023977609310705,-23.65455911579757,0.9035354845600112,0.938818293928855,0.7634544088420243,0.21165476960120477,-0.8221165929878937,6.50463156746204,8.520000005406994,
I_DED044,DED044,,extrapolated,0.7328452674894084,,,42.6065177606,1.000305378280797,11,0,0.0,True,WY1976-85_own,1975-10,1985-09,0,,,,,,,,,,,
I_DED044,DED044,,extrapolated,0.7328452674894084,,,42.6065177606,1.000305378280797,11,0,0.0,True,train,1984-10,2014-09,348,0.6181521084470255,0.8085967869203852,-31.207212796535366,0.915396475005023,0.7968718562358913,0.6879278720346463,0.17693393594567175,-0.9003576601241683,4.66818367288612,6.785862097837802,1976-1985
I_DER001,DER001,,extrapolated,0.8515672506711054,YUBA,UF9,28.5369717379,0.996532817337608,7,0,0.0,True,WY1976-85,1975-10,1985-09,120,0.5911925771605209,0.8218487149361534,-37.09450416214675,0.9557296670868192,0.8339776440088245,0.6290549583785325,0.12944666699136448,-0.49247848040282705,22.01692363065792,35.000000138953325,
I_DER001,DER001,,extrapolated,0.8515672506711054,YUBA,UF9,28.5369717379,0.996532817337608,7,0,0.0,True,WY1976-84,1975-10,1984-09,108,0.6086908668674266,0.8324004038437739,-35.17171648575843,0.9571508725643615,0.8339222293757731,0.6482828351424157,0.11929463683609165,-0.4654079947031793,23.609740633901573,36.41888903122809,
I_DER001,DER001,,extrapolated,0.8515672506711054,YUBA,UF9,28.5369717379,0.996532817337608,7,0,0.0,True,WY1950-84_mixed,1949-10,1984-09,420,0.6280574228384306,0.8007843231087168,-32.84288625297347,0.9304859974803935,0.8398639128218787,0.6715711374702654,0.1105293232721023,-0.17426735956962247,22.06993824741361,32.86314288393727,
I_DER001,DER001,,extrapolated,0.8515672506711054,YUBA,UF9,28.5369717379,0.996532817337608,7,0,0.0,True,WY1976-85_own,1975-10,1985-09,120,0.5911925771605209,0.8218487149361534,-37.09450416214675,0.9557296670868192,0.8339776440088245,0.6290549583785325,0.12944666699136448,-0.49247848040282705,22.01692363065792,35.000000138953325,
I_DER001,DER001,,extrapolated,0.8515672506711054,YUBA,UF9,28.5369717379,0.996532817337608,7,0,0.0,True,train,1984-10,2014-09,348,0.5557568391308487,0.8174472649672998,-41.29954909906765,0.9588205806986717,0.8415987189875345,0.5870045090093234,0.1546782051123527,-0.4319949185199041,17.892302185925104,30.480689519952087,1976-1985
I_DER004,DER004,,extrapolated,1.0,YUBA,UF9,35.6402921871,1.0026053289231098,11,0,0.0,True,WY1976-85,1975-10,1985-09,120,0.7170774773135729,0.8506755087857318,3.851225898736435,0.9723598059906663,1.2789228915418533,1.0385122589873643,0.11691830976770215,-0.33553137192201365,41.54049008055701,39.999999731406575,
I_DER004,DER004,,extrapolated,1.0,YUBA,UF9,35.6402921871,1.0026053289231098,11,0,0.0,True,WY1976-84,1975-10,1984-09,108,0.7142881198022882,0.8521386827063488,6.077469303195081,0.9731596473533454,1.2778800292262598,1.0607746930319508,0.10747758672816349,-0.2989078649592294,44.15062106746025,41.62111083293955,
I_DER004,DER004,,extrapolated,1.0,YUBA,UF9,35.6402921871,1.0026053289231098,11,0,0.0,True,WY1950-84_mixed,1949-10,1984-09,420,0.6605794887933337,0.8070700918161623,14.568108440974525,0.9659180648596949,1.3046665829560036,1.1456810844097451,0.0871557153442089,-0.07035060011850991,43.029490028614866,37.55799987811063,
I_DER004,DER004,,extrapolated,1.0,YUBA,UF9,35.6402921871,1.0026053289231098,11,0,0.0,True,WY1976-85_own,1975-10,1985-09,0,,,,,,,,,,,
I_DER004,DER004,,extrapolated,1.0,YUBA,UF9,35.6402921871,1.0026053289231098,11,0,0.0,True,train,1984-10,2014-09,348,0.5504721192952933,0.7344778818999564,12.247424315769226,0.9750962777239037,1.4318045621697513,1.1224742431576922,0.14239504338306783,-0.31407337629667875,39.10158381966479,34.83517243982903,1976-1985
I_DHC021,DHC021,,extrapolated,0.4331565294635779,,,96.7029423067,1.0006011761830365,14,0,0.0,True,WY1976-85,1975-10,1985-09,120,0.6401786402296401,0.8281356954408188,23.74311314969978,0.968448651142376,1.2685188654979584,1.2374311314969977,0.08153374403883819,-0.5920464221016095,74.62575915019025,60.306999921612444,
I_DHC021,DHC021,,extrapolated,0.4331565294635779,,,96.7029423067,1.0006011761830365,14,0,0.0,True,WY1976-84,1975-10,1984-09,108,0.6456278525682787,0.8284325941493045,22.74912410093097,0.9686515092661351,1.2698974365719735,1.22749124100931,0.07932554792236354,-0.6218270388849332,79.25501768826061,64.56666658011575,
I_DHC021,DHC021,,extrapolated,0.4331565294635779,,,96.7029423067,1.0006011761830365,14,0,0.0,True,WY1950-84_mixed,1949-10,1984-09,420,0.6284582302132071,0.8030844265924098,26.70857107901813,0.9568689743573513,1.254653145307532,1.2670857107901812,0.09049655447505846,-0.31683923838871575,76.87807255039031,60.67314302080444,
I_DHC021,DHC021,,extrapolated,0.4331565294635779,,,96.7029423067,1.0006011761830365,14,0,0.0,True,WY1976-85_own,1975-10,1985-09,0,,,,,,,,,,,
I_DHC021,DHC021,,extrapolated,0.4331565294635779,,,96.7029423067,1.0006011761830365,14,0,0.0,True,train,1984-10,2014-09,348,0.5411269242698985,0.5862567535791519,27.826655855619517,0.901170520148048,1.3512334778057007,1.2782665585561952,0.11228526111771574,-0.20350232218092046,66.18864260282507,51.78000015707622,1976-1985
I_DPC008,DPC008,,extrapolated,1.0,,,72.7753538063,1.0008493121616533,10,0,0.0,True,WY1976-85,1975-10,1985-09,120,0.022815382371775272,0.46453794798653225,-73.34534350657049,0.9232858151568305,0.35886758827572474,0.2665465649342952,0.1550465137332545,-0.10399994743671659,1.889015504873134,7.086999996937811,
I_DPC008,DPC008,,extrapolated,1.0,,,72.7753538063,1.0008493121616533,10,0,0.0,True,WY1976-84,1975-10,1984-09,108,0.022855508915561984,0.4588147654642374,-73.42299234956718,0.9231699924908879,0.35983211120335395,0.2657700765043281,0.15470588105368227,0.03573852656907395,2.0656240937065746,7.772222218828069,
I_DPC008,DPC008,,extrapolated,1.0,,,72.7753538063,1.0008493121616533,10,0,0.0,True,WY1950-84_mixed,1949-10,1984-09,420,0.049055917078324573,0.4582441186083016,-69.97281911418345,0.8840551256465458,0.36657131934503917,0.3002718088581655,0.1258833087356007,-0.3722422936610279,1.4072452855317052,4.6865714463272266,
I_DPC008,DPC008,,extrapolated,1.0,,,72.7753538063,1.0008493121616533,10,0,0.0,True,WY1976-85_own,1975-10,1985-09,120,0.022815382371775272,0.46453794798653225,-73.34534350657049,0.9232858151568305,0.35886758827572474,0.2665465649342952,0.1550465137332545,-0.10399994743671659,1.889015504873134,7.086999996937811,
I_DPC008,DPC008,,extrapolated,1.0,,,72.7753538063,1.0008493121616533,10,0,0.0,True,train,1984-10,2014-09,348,0.7410844260539171,0.8655942927191629,-20.7412369932938,0.9354450210454274,0.8591098373810069,0.792587630067062,0.06777311698067706,-0.4175886876730859,3.8538890046177006,4.862413767789459,1976-1985
I_DSC035,DSC035,,extrapolated,0.4970891955577066,,,158.898955941,1.000687098463983,25,0,0.0,True,WY1976-85,1975-10,1985-09,120,0.8144053918226305,0.9412784456205989,-13.823796809038106,0.9782132585943503,0.8780944600861904,0.8617620319096189,0.030715857688536772,-0.1964518568275473,73.15411764031668,84.8890005959198,
I_DSC035,DSC035,,extrapolated,0.4970891955577066,,,158.898955941,1.000687098463983,25,0,0.0,True,WY1976-84,1975-10,1984-09,108,0.8154591768161021,0.9412730874678674,-13.68770163643822,0.9783244524421556,0.8781387327710608,0.8631229836356178,0.028166490474549496,-0.16088044443280847,78.73312010678235,91.21888954357969,
I_DSC035,DSC035,,extrapolated,0.4970891955577066,,,158.898955941,1.000687098463983,25,0,0.0,True,WY1950-84_mixed,1949-10,1984-09,420,0.8041068751536442,0.9197844341392161,-15.892228745976444,0.9662280989795068,0.890559232403606,0.8410777125402354,0.06543179920718535,-0.2756174405467018,63.59052162739631,75.60600011066667,
I_DSC035,DSC035,,extrapolated,0.4970891955577066,,,158.898955941,1.000687098463983,25,0,0.0,True,WY1976-85_own,1975-10,1985-09,0,,,,,,,,,,,
I_DSC035,DSC035,,extrapolated,0.4970891955577066,,,158.898955941,1.000687098463983,25,0,0.0,True,train,1984-10,2014-09,348,0.9007699075222892,0.8740669109255896,-4.217518928776163,0.9351014954107119,0.9379029085725373,0.9578248107122384,0.08932675519788788,-0.33578079548146267,57.99662256003075,60.550344814000454,1976-1985
I_GRZ012,GRZ012,,extrapolated,0.737821340139098,,,54.2953535256,1.0017124734254519,11,0,0.0,True,WY1976-85,1975-10,1985-09,120,0.2236651684904335,0.5617343881014024,-53.84437037448292,0.8881684944608786,0.4520329728155251,0.46155629625517075,0.11215692354666011,-0.47359125223600174,3.055502713672092,6.620000070333481,
I_GRZ012,GRZ012,,extrapolated,0.737821340139098,,,54.2953535256,1.0017124734254519,11,0,0.0,True,WY1976-84,1975-10,1984-09,108,0.2205173828719562,0.5558559279374711,-54.316978306800905,0.8869438968313696,0.4524800873913712,0.45683021693199094,0.11434478951003121,-0.2865790497546632,3.3511034714767534,7.335555633736981,
I_GRZ012,GRZ012,,extrapolated,0.737821340139098,,,54.2953535256,1.0017124734254519,11,0,0.0,True,WY1950-84_mixed,1949-10,1984-09,420,0.6822555425487729,0.49112544467868013,16.311416820805768,0.8016109278157052,1.187075076930688,1.1631141682080577,0.05972464305043072,-0.19739760699853726,5.474612242604296,4.706857153187904,
I_GRZ012,GRZ012,,extrapolated,0.737821340139098,,,54.2953535256,1.0017124734254519,11,0,0.0,True,WY1976-85_own,1975-10,1985-09,0,,,,,,,,,,,
I_GRZ012,GRZ012,,extrapolated,0.737821340139098,,,54.2953535256,1.0017124734254519,11,0,0.0,True,train,1984-10,2014-09,348,0.7235072370934346,0.8279638827997096,-22.875600429958773,0.9128101831282897,0.8714820079892672,0.7712439957004122,0.04807454787981407,-0.21991351476105514,3.432567649755826,4.450689624673847,1976-1985
I_ING008,ING008,,extrapolated,0.28274520237698375,,,62.2512305176,0.9990588834253856,12,0,0.0,True,WY1976-85,1975-10,1985-09,120,-0.2524485389983768,0.10824678361217366,-88.6437176567804,0.6588251010214584,0.18363233580411148,0.11356282343219616,0.25196424124053585,-0.439843297873721,0.753830025273203,6.638000029325485,
I_ING008,ING008,,extrapolated,0.28274520237698375,,,62.2512305176,0.9990588834253856,12,0,0.0,True,WY1976-84,1975-10,1984-09,108,-0.2531289369969498,0.09614948441178017,-88.75389894313268,0.6571630212647938,0.18448207806937778,0.11246101056867323,0.2512304615539501,-0.24982513864771771,0.8272132147399356,7.355555588172542,
I_ING008,ING008,,extrapolated,0.28274520237698375,,,62.2512305176,0.9990588834253856,12,0,0.0,True,WY1950-84_mixed,1949-10,1984-09,420,-0.28798372552015494,0.08346211083978383,-90.397192255879,0.6740817852696114,0.14237877956693548,0.09602807744120989,0.1702239377387796,-0.435158299852775,0.4533074011031568,4.720571453496814,
I_ING008,ING008,,extrapolated,0.28274520237698375,,,62.2512305176,0.9990588834253856,12,0,0.0,True,WY1976-85_own,1975-10,1985-09,0,,,,,,,,,,,
I_ING008,ING008,,extrapolated,0.28274520237698375,,,62.2512305176,0.9990588834253856,12,0,0.0,True,train,1984-10,2014-09,348,0.11752537742137514,0.52323839875964,-63.319218032918016,0.8951084226053443,0.39433765243584257,0.3668078196708198,0.047039765182528295,-0.18480338863677837,1.636848288031445,4.462413831581843,1976-1985
I_LOSVQ,LOSVQ,,extrapolated,0.6083785631339578,,,18.6866888749,1.000139475760356,4,0,0.0,True,WY1976-85,1975-10,1985-09,120,0.09292717445847343,0.5928549862892079,80.85505666908496,0.9465830516911546,1.407644111417257,1.8085505666908495,0.09820964223648557,-0.19608262930879405,4.2717964343331385,2.3619999976828696,
I_LOSVQ,LOSVQ,,extrapolated,0.6083785631339578,,,18.6866888749,1.000139475760356,4,0,0.0,True,WY1976-84,1975-10,1984-09,108,0.12409921947238489,0.5947456612956201,77.44289556575772,0.9466676174037701,1.405730978524698,1.7744289556575772,0.08828450467161535,-0.19743763305296813,4.587884639376876,2.5855555528153973,
I_LOSVQ,LOSVQ,,extrapolated,0.6083785631339578,,,18.6866888749,1.000139475760356,4,0,0.0,True,WY1950-84_mixed,1949-10,1984-09,420,-0.5780998873927476,-0.525365545223843,135.09062936049472,0.8165326743303064,1.7948529303582883,2.350906293604947,0.11488359123462621,0.08142048009681879,4.106025774598908,1.7465714332248483,
I_LOSVQ,LOSVQ,,extrapolated,0.6083785631339578,,,18.6866888749,1.000139475760356,4,0,0.0,True,WY1976-85_own,1975-10,1985-09,0,,,,,,,,,,,
I_LOSVQ,LOSVQ,,extrapolated,0.6083785631339578,,,18.6866888749,1.000139475760356,4,0,0.0,True,train,1984-10,2014-09,348,-1.324313332216052,-2.0010585092257744,202.32588201379573,0.6514732480108983,2.0896721140779797,3.0232588201379578,0.1331502057538445,0.16514826747259725,3.5945504931002947,1.188965519312127,1976-1985
I_LPC007,LPC007,,extrapolated,0.0,,,81.9149254051,1.001126263064723,13,0,0.0,True,WY1976-85,1975-10,1985-09,120,-0.48479718672981353,-0.11863521799047105,-99.50822960745667,0.5219471811678802,0.007075324021805911,0.0049177039254333,0.4570061685076563,-0.24132609137253969,0.030956946193748336,6.294999996572733,
I_LPC007,LPC007,,extrapolated,0.0,,,81.9149254051,1.001126263064723,13,0,0.0,True,WY1976-84,1975-10,1984-09,108,-0.48566555856553983,-0.13385464116963774,-99.51615363444888,0.519369052312166,0.007100427730463529,0.004838463655511066,0.4530440153837872,0.16357469926577828,0.03375634808277412,6.976666662428114,
I_LPC007,LPC007,,extrapolated,0.0,,,81.9149254051,1.001126263064723,13,0,0.0,True,WY1950-84_mixed,1949-10,1984-09,420,-0.47173508203030057,-0.09553659640942391,-99.19901983629289,0.5511710514755624,0.009791853700920092,0.008009801637071042,0.3044862417132896,-0.6084638574556749,0.035854160514385655,4.476285698318056,
I_LPC007,LPC007,,extrapolated,0.0,,,81.9149254051,1.001126263064723,13,0,0.0,True,WY1976-85_own,1975-10,1985-09,0,,,,,,,,,,,
I_LPC007,LPC007,,extrapolated,0.0,,,81.9149254051,1.001126263064723,13,0,0.0,True,train,1984-10,2014-09,348,-0.41529372312753265,-0.038661817861292525,-98.94491901712186,0.752877245267609,0.018686101755821027,0.010550809828781257,0.1569013855989579,-0.8899125969323052,0.04465903094698072,4.232758591208478,1976-1985
I_LWSTN,LWSTN,,extrapolated,1.0,TRIN,,26.1407616861,0.9996594524613117,6,0,0.0,True,WY1976-85,1975-10,1985-09,120,0.13839043119872674,0.32201525442696466,-42.8224532968623,0.7154925174022169,0.3085881901792587,0.571775467031377,0.2675648544951027,-1.468770759077537,18.818273958206362,32.91199962794781,
I_LWSTN,LWSTN,,extrapolated,1.0,TRIN,,26.1407616861,0.9996594524613117,6,0,0.0,True,WY1976-84,1975-10,1984-09,108,0.12572241631930858,0.3170820676085049,-45.24701708900468,0.718157195543278,0.3070377561820195,0.5475298291099532,0.25325545428297824,-1.0165536931060846,19.725674422786476,36.026666263739266,
I_LWSTN,LWSTN,,extrapolated,1.0,TRIN,,26.1407616861,0.9996594524613117,6,0,0.0,True,WY1950-84_mixed,1949-10,1984-09,420,0.25711834021284896,0.21371758616185743,-28.36859409877335,0.4942293808271314,0.5356816521873061,0.7163140590122665,0.26060791059165833,-0.8321991786082021,25.93670871318298,36.20857134780714,
I_LWSTN,LWSTN,,extrapolated,1.0,TRIN,,26.1407616861,0.9996594524613117,6,0,0.0,True,WY1976-85_own,1975-10,1985-09,0,,,,,,,,,,,
I_LWSTN,LWSTN,,extrapolated,1.0,TRIN,,26.1407616861,0.9996594524613117,6,0,0.0,True,train,1984-10,2014-09,348,-0.21473202124274016,0.055075496248595535,-67.89770822184116,0.441277653292001,0.1619108970140752,0.32102291778158837,0.31257308045881904,-1.2017363321473207,15.851890373353509,49.37931062024215,1976-1985
I_MCD055,MCD055,,extrapolated,0.8993860768168628,,,22.928904448,0.9997759016006734,6,0,0.0,True,WY1976-85,1975-10,1985-09,120,0.7638735951863029,0.9235824891488658,-14.019635880513574,0.9770769819664741,0.8113861212098691,0.8598036411948643,0.07333756669303725,-0.5045716897452266,5.436538425875977,6.323000003024935,
I_MCD055,MCD055,,extrapolated,0.8993860768168628,,,22.928904448,0.9997759016006734,6,0,0.0,True,WY1976-84,1975-10,1984-09,108,0.7618163908395094,0.9226483495499722,-14.349539941017081,0.9768829280411463,0.8113042051213591,0.8565046005898292,0.06900876664615926,-0.4361466727187908,5.960320349291087,6.958888890014753,
I_MCD055,MCD055,,extrapolated,0.8993860768168628,,,22.928904448,0.9997759016006734,6,0,0.0,True,WY1950-84_mixed,1949-10,1984-09,420,0.8779618948864795,0.8794760367743881,1.3551033199348528,0.938828637573682,0.8952730549579675,1.0135510331993485,0.08290759353016584,-0.24235849870706172,5.218629497893158,5.1488571635314395,
I_MCD055,MCD055,,extrapolated,0.8993860768168628,,,22.928904448,0.9997759016006734,6,0,0.0,True,WY1976-85_own,1975-10,1985-09,0,,,,,,,,,,,
I_MCD055,MCD055,,extrapolated,0.8993860768168628,,,22.928904448,0.9997759016006734,6,0,0.0,True,train,1984-10,2014-09,348,0.6140572323694802,0.8086429689949882,-20.495272025940157,0.9383220743604749,0.6788426618721252,0.7950472797405985,0.054199135843544285,-0.30407735553634296,4.331088612728456,5.447586229263708,1976-1985
I_MERLC,MERLC,,extrapolated,1.0,,,71.6025363333,1.0028673017155123,10,0,0.0,True,WY1976-85,1975-10,1985-09,120,0.2464773557697626,0.3153406152146083,51.46986966356153,0.906085065520249,1.5422744804349469,1.5146986966356155,0.09961358587402702,0.19361971935779376,86.38517699258352,57.03126119039952,
I_MERLC,MERLC,,extrapolated,1.0,,,71.6025363333,1.0028673017155123,10,0,0.0,True,WY1976-84,1975-10,1984-09,108,0.24797319059613077,0.3136694942475168,51.48789813691411,0.9058420602066893,1.5399798505317754,1.514878981369141,0.09965843796292316,0.17076555057142073,91.88560452836975,60.65540921646688,
I_MERLC,MERLC,,extrapolated,1.0,,,71.6025363333,1.0028673017155123,10,0,0.0,True,WY1950-84_mixed,1949-10,1984-09,420,0.23880057358258122,0.17837117071344621,49.222664750615195,0.8782719196911423,1.567732127615993,1.4922266475061519,0.09472318782139638,0.2595286332577533,92.81187894855816,62.196904943138364,
I_MERLC,MERLC,,extrapolated,1.0,,,71.6025363333,1.0028673017155123,10,0,0.0,True,WY1976-85_own,1975-10,1985-09,0,,,,,,,,,,,
I_MERLC,MERLC,,extrapolated,1.0,,,71.6025363333,1.0028673017155123,10,0,0.0,True,train,1984-10,2014-09,348,0.7932878933490636,0.7894474643252054,13.897010075684435,0.9170705260637877,1.1286075755325622,1.1389701007568445,0.07624141557846162,0.25799752914442653,61.20552169577813,53.737601764179,1976-1985
I_MSH015,MSH015,,extrapolated,0.7534202758373217,,,87.2765390898,0.9999624776850056,13,0,0.0,True,WY1976-85,1975-10,1985-09,120,0.3134971080733939,0.6495300182185122,-48.879855741476256,0.9177954489223915,0.5250214713537366,0.5112014425852375,0.12325450379043697,-0.5084878163857915,12.231516968989185,23.927000102214514,
I_MSH015,MSH015,,extrapolated,0.7534202758373217,,,87.2765390898,0.9999624776850056,13,0,0.0,True,WY1976-84,1975-10,1984-09,108,0.31498158950586563,0.6455477957158,-48.64740456908288,0.9169345622855163,0.5249280489837261,0.5135259543091711,0.12447572611763498,-0.3797754023329123,13.422997914069029,26.138888991748292,
I_MSH015,MSH015,,extrapolated,0.7534202758373217,,,87.2765390898,0.9999624776850056,13,0,0.0,True,WY1950-84_mixed,1949-10,1984-09,420,0.502161260897236,0.7076324193637029,-36.44457136545407,0.8742801656478125,0.6850122935720808,0.6355542863454593,0.13743844005053418,-0.456884666378361,10.823852666423004,17.030571422406606,
I_MSH015,MSH015,,extrapolated,0.7534202758373217,,,87.2765390898,0.9999624776850056,13,0,0.0,True,WY1976-85_own,1975-10,1985-09,0,,,,,,,,,,,
I_MSH015,MSH015,,extrapolated,0.7534202758373217,,,87.2765390898,0.9999624776850056,13,0,0.0,True,train,1984-10,2014-09,348,0.6334187317605596,0.7234083545523673,-25.209555210569015,0.8589045955797874,0.7743415286676335,0.7479044478943099,0.1487876325773042,-0.5085751348336185,10.331655189604867,13.814137913864748,1976-1985
I_ORG000,ORG000,,extrapolated,0.0,,,112.587492611,1.0007275467556658,19,0,0.0,True,WY1976-85,1975-10,1985-09,120,-0.47553175308822615,-0.11889975662664964,-99.4060307271132,0.5513191493006772,0.006157178375087319,0.005939692728868003,0.3298175401051644,-0.7193689003398385,0.04478528339936952,7.540000037662685,
I_ORG000,ORG000,,extrapolated,0.0,,,112.587492611,1.0007275467556658,19,0,0.0,True,WY1976-84,1975-10,1984-09,108,-0.47618690627814786,-0.13412232287307368,-99.42441128118244,0.5495647898271071,0.006161709410137784,0.00575588718817555,0.3186275266113243,-0.41706254891452765,0.04810003084491421,8.356666708779004,
I_ORG000,ORG000,,extrapolated,0.0,,,112.587492611,1.0007275467556658,19,0,0.0,True,WY1950-84_mixed,1949-10,1984-09,420,-0.4755354912389056,-0.09170638958228294,-98.82151181081299,0.5235984470491172,0.013249055437918378,0.011784881891870203,0.35002677359480844,-0.9116335850116974,0.06320400502743861,5.363142847535865,
I_ORG000,ORG000,,extrapolated,0.0,,,112.587492611,1.0007275467556658,19,0,0.0,True,WY1976-85_own,1975-10,1985-09,0,,,,,,,,,,,
I_ORG000,ORG000,,extrapolated,0.0,,,112.587492611,1.0007275467556658,19,0,0.0,True,train,1984-10,2014-09,348,-0.4033317283024147,-0.00778218025714672,-98.18155319119307,0.703119292653397,0.04227350116950635,0.018184468088069262,0.26637725697778136,-0.9394396948829256,0.09223914622201473,5.07241376405903,1976-1985
I_ORT014,ORT014,,extrapolated,0.9999983908698876,,,141.306704127,1.000351273013172,21,0,0.0,True,WY1976-85,1975-10,1985-09,120,0.13923819631909073,0.4884622733753181,-60.00725459260871,0.8722850527621289,0.3962511163125648,0.39992745407391295,0.10489653014040484,-0.5420910655852031,7.1307065329103985,17.830000066943466,
I_ORT014,ORT014,,extrapolated,0.9999983908698876,,,141.306704127,1.000351273013172,21,0,0.0,True,WY1976-84,1975-10,1984-09,108,0.13571829606888464,0.4815754662107802,-60.54136774093357,0.8710337912296016,0.3968210382057686,0.3945863225906642,0.10638289416679497,-0.3602359111136595,7.797025763865626,19.760000074696208,
I_ORT014,ORT014,,extrapolated,0.9999983908698876,,,141.306704127,1.000351273013172,21,0,0.0,True,WY1950-84_mixed,1949-10,1984-09,420,0.6775868087991905,0.674079045930952,-19.585682931061456,0.8235942986491709,0.814335256972131,0.8041431706893853,0.056862375160585815,-0.2294213962212952,10.197684200361943,12.681428596377373,
I_ORT014,ORT014,,extrapolated,0.9999983908698876,,,141.306704127,1.000351273013172,21,0,0.0,True,WY1976-85_own,1975-10,1985-09,120,0.13923819631909073,0.4884622733753181,-60.00725459260871,0.8722850527621289,0.3962511163125648,0.39992745407391295,0.10489653014040484,-0.5420910655852031,7.1307065329103985,17.830000066943466,
I_ORT014,ORT014,,extrapolated,0.9999983908698876,,,141.306704127,1.000351273013172,21,0,0.0,True,train,1984-10,2014-09,348,0.626926335475015,0.8034437131619347,-27.253805219822553,0.9116958560675203,0.7610243790039447,0.7274619478017744,0.022755336775756276,-0.20446434785961642,8.723272077230403,11.991379210404281,1976-1985
I_PARDE,PARDE,,extrapolated,0.29244706869756215,,,33.6541263259,0.998700094616953,9,0,0.0,True,WY1976-85,1975-10,1985-09,120,0.8662681112169757,0.8833361747256046,-4.006622196976617,0.9544618768374331,1.119185549767476,0.9599337780302338,0.13478732454084827,-0.8062683573164149,13.826886159045046,14.40400002114475,
I_PARDE,PARDE,,extrapolated,0.29244706869756215,,,33.6541263259,0.998700094616953,9,0,0.0,True,WY1976-84,1975-10,1984-09,108,0.8683666878923754,0.8841579038283062,-2.770909415820567,0.9549087242709539,1.120525150115991,0.9722909058417945,0.12977221176012213,-0.7704190960369637,14.957075128416715,15.383333360983265,
I_PARDE,PARDE,,extrapolated,0.29244706869756215,,,33.6541263259,0.998700094616953,9,0,0.0,True,WY1950-84_mixed,1949-10,1984-09,420,0.8633203790970045,0.8565958831189492,-6.693394311415596,0.9404659849630883,1.103232102966869,0.9330660568858441,0.14434847018330987,-0.6132701604369721,11.65586120324321,12.492000022104808,
I_PARDE,PARDE,,extrapolated,0.29244706869756215,,,33.6541263259,0.998700094616953,9,0,0.0,True,WY1976-85_own,1975-10,1985-09,0,,,,,,,,,,,
I_PARDE,PARDE,,extrapolated,0.29244706869756215,,,33.6541263259,0.998700094616953,9,0,0.0,True,train,1984-10,2014-09,348,0.8338829677857221,0.8232728082310818,5.277840479616744,0.9316797261088566,1.1419212759042507,1.0527784047961675,0.14306161626213224,-0.5952345629922178,10.949984479523064,10.401034471867927,1976-1985
I_PYN001,PYN001,,extrapolated,1.0,,,101.921331719,0.9995398894113824,19,0,0.0,True,WY1976-85,1975-10,1985-09,120,0.8504457282656497,0.8686320143286156,12.568770269859792,0.9350691126774209,0.9514916351971816,1.1256877026985979,0.13898581247680303,0.6224609826098533,61.469303057824995,54.60600032359362,
I_PYN001,PYN001,,extrapolated,1.0,,,101.921331719,0.9995398894113824,19,0,0.0,True,WY1976-84,1975-10,1984-09,108,0.8507105325294874,0.8682371048475268,12.388981766512162,0.9348108645366572,0.9481440958609911,1.1238898176651217,0.1459166906815237,0.6886684164199597,65.07696717122113,57.90333371505969,
I_PYN001,PYN001,,extrapolated,1.0,,,101.921331719,0.9995398894113824,19,0,0.0,True,WY1950-84_mixed,1949-10,1984-09,420,0.7829573332452696,0.8437160806329058,-4.963370714417899,0.9276632643404359,0.8014769258215833,0.9503662928558211,0.09442218240944703,0.4658142111372703,57.962025791744225,60.98914305722075,
I_PYN001,PYN001,,extrapolated,1.0,,,101.921331719,0.9995398894113824,19,0,0.0,True,WY1976-85_own,1975-10,1985-09,0,,,,,,,,,,,
I_PYN001,PYN001,,extrapolated,1.0,,,101.921331719,0.9995398894113824,19,0,0.0,True,train,1984-10,2014-09,348,0.826980456356169,0.8370216245081041,15.43582719189546,0.9220744228596839,0.9939262202655766,1.1543582719189545,0.09252181150703291,0.41328529789306057,58.70429262961261,50.85448257933403,1976-1985
I_QNT005,QNT005,,extrapolated,0.05761686332944201,,,55.0372085535,0.9995688331665076,13,0,0.0,True,WY1976-85,1975-10,1985-09,120,0.12330431746214598,0.4421880035808795,-60.909827088173365,0.8144847556615915,0.39735689640761956,0.3909017291182663,0.1460150573973871,-0.41155842300765144,2.3430649638776346,5.993999998830259,
I_QNT005,QNT005,,extrapolated,0.05761686332944201,,,55.0372085535,0.9995688331665076,13,0,0.0,True,WY1976-84,1975-10,1984-09,108,0.1206572523007966,0.43467717187275634,-61.2792143107819,0.812440213316099,0.3978780989736374,0.38720785689218107,0.14715243776924672,-0.18033128050226832,2.571920630998344,6.642222220492032,
I_QNT005,QNT005,,extrapolated,0.05761686332944201,,,55.0372085535,0.9995688331665076,13,0,0.0,True,WY1950-84_mixed,1949-10,1984-09,420,0.6514517498701766,0.380946209923516,16.84184508027782,0.7518466826070414,1.1775979706095303,1.1684184508027782,0.06370678963272777,-0.1630031740291198,4.982470099360737,4.264285706835134,
I_QNT005,QNT005,,extrapolated,0.05761686332944201,,,55.0372085535,0.9995688331665076,13,0,0.0,True,WY1976-85_own,1975-10,1985-09,0,,,,,,,,,,,
I_QNT005,QNT005,,extrapolated,0.05761686332944201,,,55.0372085535,0.9995688331665076,13,0,0.0,True,train,1984-10,2014-09,348,0.5598792584896557,0.7698753192672345,-37.41341431931719,0.8873993473247271,0.7973895288445612,0.625865856806828,0.0571232492600974,-0.2590048709645849,2.523965930703336,4.032758622719296,1976-1985
I_SLO007,SLO007,,extrapolated,0.9795203280443229,,,53.4047968676,1.0013783248498542,11,0,0.0,True,WY1976-85,1975-10,1985-09,120,0.4339123838395361,0.687354089798323,-37.59263267169984,0.8923988144515608,0.5906632548623667,0.6240736732830017,0.12263452282862368,-0.7426950986126375,3.460488542021274,5.545000037923455,
I_SLO007,SLO007,,extrapolated,0.9795203280443229,,,53.4047968676,1.0013783248498542,11,0,0.0,True,WY1976-84,1975-10,1984-09,108,0.4254338448795424,0.683772697496462,-38.942615623848724,0.8919726393629174,0.5915840052091388,0.6105738437615128,0.11789071792705655,-0.5508706459722594,3.7516370880524645,6.144444486747185,
I_SLO007,SLO007,,extrapolated,0.9795203280443229,,,53.4047968676,1.0013783248498542,11,0,0.0,True,WY1950-84_mixed,1949-10,1984-09,420,0.7299344971923022,0.7532723429475083,-14.472351031581171,0.8712426453202333,0.8118191694552483,0.8552764896841882,0.10553466908036313,-0.40154691035049517,3.3719886457550343,3.942571421552982,
I_SLO007,SLO007,,extrapolated,0.9795203280443229,,,53.4047968676,1.0013783248498542,11,0,0.0,True,WY1976-85_own,1975-10,1985-09,0,,,,,,,,,,,
I_SLO007,SLO007,,extrapolated,0.9795203280443229,,,53.4047968676,1.0013783248498542,11,0,0.0,True,train,1984-10,2014-09,348,0.6831043539477137,0.816152047239234,27.30628811848441,0.9311720761673056,1.1453348901909255,1.2730628811848441,0.08811072626692337,-0.3229599062621231,4.748085562732776,3.729655174859639,1976-1985
I_SLUIS,SLUIS,,extrapolated,0.0,,,87.1421589868,1.0017722806726976,13,0,0.0,True,WY1976-85,1975-10,1985-09,120,0.6866481436131487,0.48558061666042396,-7.454488724079678,0.7175617615572184,0.8865932667224684,0.9254551127592031,0.200480267060143,-0.2868611301874129,6.8659514751342225,7.41899999305606,
I_SLUIS,SLUIS,,extrapolated,0.0,,,87.1421589868,1.0017722806726976,13,0,0.0,True,WY1976-84,1975-10,1984-09,108,0.6801869322825178,0.4787140709988811,-8.965063572159647,0.7142078347642176,0.8879018283493271,0.9103493642784036,0.20366547631739848,-0.08318693040370917,7.498244256884979,8.236666659100187,
I_SLUIS,SLUIS,,extrapolated,0.0,,,87.1421589868,1.0017722806726976,13,0,0.0,True,WY1950-84_mixed,1949-10,1984-09,420,-0.43605737977298786,-0.8326606461724053,114.80945308347519,0.715552690782295,1.814389019171181,2.1480945308347517,0.13039023851651288,-0.0007764925638369391,11.25049162685742,5.237428551380123,
I_SLUIS,SLUIS,,extrapolated,0.0,,,87.1421589868,1.0017722806726976,13,0,0.0,True,WY1976-85_own,1975-10,1985-09,0,,,,,,,,,,,
I_SLUIS,SLUIS,,extrapolated,0.0,,,87.1421589868,1.0017722806726976,13,0,0.0,True,train,1984-10,2014-09,348,0.5178505432932059,0.5779994937408681,28.368619777243165,0.90048464424586,1.3769442051089318,1.2836861977724316,0.05389183377431621,-0.10363912224867633,6.3644276904694195,4.957931074988226,1976-1985
I_STS059,STS059,,extrapolated,0.9384437992118145,,,17.7977932518,0.9960104514291892,6,0,0.0,True,WY1976-85,1975-10,1985-09,120,0.5942542213336106,0.7876135382488975,-33.92547125120858,0.9167481813759584,0.7935901852146408,0.6607452874879142,0.1420428168907275,-0.8085772596613294,4.315327494278947,6.531000032834708,
I_STS059,STS059,,extrapolated,0.9384437992118145,,,17.7977932518,0.9960104514291892,6,0,0.0,True,WY1976-84,1975-10,1984-09,108,0.6081760582055693,0.789935609104329,-32.25118211588809,0.9169281627153767,0.7935752039452031,0.6774881788411191,0.13942249033770243,-0.7841185578495207,4.725856453383962,6.975555590457386,
I_STS059,STS059,,extrapolated,0.9384437992118145,,,17.7977932518,0.9960104514291892,6,0,0.0,True,WY1950-84_mixed,1949-10,1984-09,420,0.47275626810080884,0.7273989042441752,-44.49518269893911,0.9042381515985843,0.733854376559498,0.5550481730106089,0.14562799660680795,-0.5813620281280505,3.1475989107327296,5.670857168414763,
I_STS059,STS059,,extrapolated,0.9384437992118145,,,17.7977932518,0.9960104514291892,6,0,0.0,True,WY1976-85_own,1975-10,1985-09,0,,,,,,,,,,,
I_STS059,STS059,,extrapolated,0.9384437992118145,,,17.7977932518,0.9960104514291892,6,0,0.0,True,train,1984-10,2014-09,348,0.8242761296190213,0.7645767509564527,0.02125707684774969,0.9072696948094966,1.1492646104561142,1.0002125707684775,0.14077801735850104,-0.6069363950779678,4.725831987345063,4.724827627105446,1976-1985
I_TULOC,TULOC,,extrapolated,0.9151353124081756,,,74.6799693523,1.0010500420936597,12,0,0.0,True,WY1976-85,1975-10,1985-09,120,0.6906515657838688,0.743471159890014,11.658804665757637,0.931695895811669,1.278277254693179,1.1165880466575764,0.1534404474436716,-0.8348522138804659,34.53718480425393,30.930999940074976,
I_TULOC,TULOC,,extrapolated,0.9151353124081756,,,74.6799693523,1.0010500420936597,12,0,0.0,True,WY1976-84,1975-10,1984-09,108,0.6816901996816906,0.7421879777219695,13.993913994668162,0.9319169549243894,1.2776740266263618,1.1399391399466816,0.14952299131864946,-0.8216501943892496,37.65218975345506,33.029999965801835,
I_TULOC,TULOC,,extrapolated,0.9151353124081756,,,74.6799693523,1.0010500420936597,12,0,0.0,True,WY1950-84_mixed,1949-10,1984-09,420,0.8132673581034189,0.7952366430375863,-9.662919214888007,0.9196993119987636,1.1381436870829056,0.90337080785112,0.15367801968933145,-0.6086727964222094,24.23201865503291,26.82400011649089,
I_TULOC,TULOC,,extrapolated,0.9151353124081756,,,74.6799693523,1.0010500420936597,12,0,0.0,True,WY1976-85_own,1975-10,1985-09,0,,,,,,,,,,,
I_TULOC,TULOC,,extrapolated,0.9151353124081756,,,74.6799693523,1.0010500420936597,12,0,0.0,True,train,1984-10,2014-09,348,0.7685132423434473,0.7854417600881216,5.6197707169111,0.9306550324124226,1.213586544870121,1.0561977071691109,0.1456626306146825,-0.6270408457382635,23.590357894870312,22.33517241587156,1976-1985
