basin,key,lat,lon,soil_chi,veg_frac_obs,lai_obs_mean,sac_exchanges
uf_02,38.40625_-122.15625,38.40625,-122.15625,0.6311420209454088,0.3499999940395355,1.5653971,1
uf_02,38.40625_-122.21875,38.40625,-122.21875,0.5986942134905275,0.47999998927116394,2.183548,1
uf_02,38.40625_-122.28125,38.40625,-122.28125,0.5943433621706875,0.23000000417232513,1.1852657,1
uf_02,38.46875_-122.09375,38.46875,-122.09375,0.6647080083903927,0.33000001311302185,1.4978398,1
uf_02,38.46875_-122.15625,38.46875,-122.15625,0.6660214677185154,0.3700000047683716,1.5389036,1
uf_02,38.46875_-122.21875,38.46875,-122.21875,0.7140110567496537,0.3499999940395355,1.3136861,1
uf_02,38.46875_-122.28125,38.46875,-122.28125,0.5860573898398367,0.4300000071525574,2.7354438,1
uf_02,38.53125_-122.09375,38.53125,-122.09375,0.8396729592302881,0.3400000035762787,1.0607218,1
uf_02,38.53125_-122.15625,38.53125,-122.15625,0.8500519560220332,0.3400000035762787,0.6367,1
uf_02,38.53125_-122.21875,38.53125,-122.21875,0.9410535095032607,0.36000001430511475,1.0716529,1
uf_02,38.53125_-122.28125,38.53125,-122.28125,0.6015259368236492,0.3100000023841858,1.5227257,1
uf_02,38.53125_-122.34375,38.53125,-122.34375,0.5580769891595188,0.4699999988079071,1.5935187,1
uf_02,38.53125_-122.40625,38.53125,-122.40625,0.5589138482359706,0.4399999976158142,2.018899,1
uf_02,38.59375_-122.09375,38.59375,-122.09375,0.6569493916304723,0.23000000417232513,1.183992,1
uf_02,38.59375_-122.15625,38.59375,-122.15625,0.6158738398719891,0.2800000011920929,1.2959713,1
uf_02,38.59375_-122.21875,38.59375,-122.21875,0.8319940464545276,0.0,1.0768697,1
uf_02,38.59375_-122.28125,38.59375,-122.28125,0.8625336000878832,0.23999999463558197,1.0768697,1
uf_02,38.59375_-122.34375,38.59375,-122.34375,0.7257055919145292,0.4000000059604645,1.1055616,1
uf_02,38.59375_-122.40625,38.59375,-122.40625,0.5964801273229886,0.4300000071525574,1.5973252,1
uf_02,38.59375_-122.46875,38.59375,-122.46875,0.7153385558213862,0.23000000417232513,1.3265574,1
uf_02,38.59375_-122.53125,38.59375,-122.53125,0.6469625946031615,0.33000001311302185,1.8320192,1
uf_02,38.65625_-122.15625,38.65625,-122.15625,0.6518500341767082,0.4099999964237213,1.2676638,1
uf_02,38.65625_-122.21875,38.65625,-122.21875,0.7271141343888057,0.3400000035762787,0.9881964,1
uf_02,38.65625_-122.28125,38.65625,-122.28125,0.8892611408853157,0.20999999344348907,0.6117737,1
uf_02,38.65625_-122.34375,38.65625,-122.34375,0.8111680357125823,0.3100000023841858,0.87644464,1
uf_02,38.65625_-122.40625,38.65625,-122.40625,0.7061955440350455,0.36000001430511475,1.0650246,1
uf_02,38.65625_-122.46875,38.65625,-122.46875,0.7087686138374419,0.4399999976158142,1.1574564,1
uf_02,38.65625_-122.53125,38.65625,-122.53125,0.6114163803102473,0.3199999928474426,1.524409,1
uf_02,38.65625_-122.59375,38.65625,-122.59375,0.5716452441495564,0.75,3.183613,1
uf_02,38.65625_-122.65625,38.65625,-122.65625,0.5667608779734319,0.4399999976158142,2.9134102,1
uf_02,38.71875_-122.21875,38.71875,-122.21875,0.7125485587523571,0.3799999952316284,1.1512666,1
uf_02,38.71875_-122.28125,38.71875,-122.28125,0.6612213205937899,0.3499999940395355,0.9880219,1
uf_02,38.71875_-122.34375,38.71875,-122.34375,0.5892311011237368,0.41999998688697815,0.7403271,1
uf_02,38.71875_-122.40625,38.71875,-122.40625,0.8899023612493326,0.23000000417232513,0.9417267,1
uf_02,38.71875_-122.46875,38.71875,-122.46875,0.763427126867187,0.25999999046325684,1.0151092,1
uf_02,38.71875_-122.53125,38.71875,-122.53125,0.8732877892017947,0.49000000953674316,1.0655565,1
uf_02,38.71875_-122.59375,38.71875,-122.59375,0.8186738713113344,0.4300000071525574,1.517538,1
uf_02,38.71875_-122.65625,38.71875,-122.65625,0.5851709304227639,0.550000011920929,2.7978806,1
uf_02,38.71875_-122.71875,38.71875,-122.71875,0.5676442010876321,0.5,1.6740663,1
uf_02,38.78125_-122.21875,38.78125,-122.21875,0.7131823654841976,0.36000001430511475,1.1399066,1
uf_02,38.78125_-122.28125,38.78125,-122.28125,0.593760094202182,0.0,1.030182,1
uf_02,38.78125_-122.34375,38.78125,-122.34375,0.5694784678480721,0.5600000023841858,1.2299048,1
uf_02,38.78125_-122.40625,38.78125,-122.40625,0.7830550779125377,0.33000001311302185,0.76613605,1
uf_02,38.78125_-122.46875,38.78125,-122.46875,0.7806225842022503,0.2800000011920929,0.8481548,1
uf_02,38.78125_-122.53125,38.78125,-122.53125,0.8606584797159773,0.3700000047683716,1.0716481,1
uf_02,38.78125_-122.59375,38.78125,-122.59375,0.9006088154093495,0.41999998688697815,0.933444,1
uf_02,38.78125_-122.65625,38.78125,-122.65625,0.6298125850326445,0.27000001072883606,1.0230596,1
uf_02,38.78125_-122.71875,38.78125,-122.71875,0.5587036853016035,0.38999998569488525,1.392558,1
uf_02,38.84375_-122.28125,38.84375,-122.28125,0.5800493972141405,0.25999999046325684,1.0430679,1
uf_02,38.84375_-122.34375,38.84375,-122.34375,0.673355870451594,0.3499999940395355,1.0228333,1
uf_02,38.84375_-122.40625,38.84375,-122.40625,0.6948969891680286,0.3499999940395355,0.81124175,1
uf_02,38.84375_-122.46875,38.84375,-122.46875,0.6854640457036427,0.25999999046325684,0.8966613,1
uf_02,38.84375_-122.53125,38.84375,-122.53125,0.7422566709482076,0.0,1.1169077,1
uf_02,38.84375_-122.59375,38.84375,-122.59375,0.7633988969388352,0.33000001311302185,1.209642,1
uf_02,38.84375_-122.65625,38.84375,-122.65625,0.5847761823431818,0.36000001430511475,1.2538865,1
uf_02,38.84375_-122.71875,38.84375,-122.71875,0.6539690631240576,0.28999999165534973,2.1200128,1
uf_02,38.90625_-122.40625,38.90625,-122.40625,0.5583864889273854,0.36000001430511475,2.1684113,1
uf_02,38.90625_-122.46875,38.90625,-122.46875,0.6556155938688775,0.3499999940395355,1.0601108,1
uf_02,38.90625_-122.53125,38.90625,-122.53125,0.5885157583208273,0.4300000071525574,1.0875882,1
uf_02,38.90625_-122.59375,38.90625,-122.59375,0.9766146228867476,0.0,1.0440859,1
uf_03,38.78125_-122.71875,38.78125,-122.71875,0.5587036853016035,0.38999998569488525,1.392558,1
uf_03,38.78125_-122.78125,38.78125,-122.78125,0.5434364775416632,0.49000000953674316,3.0187888,1
uf_03,38.84375_-122.28125,38.84375,-122.28125,0.5800493972141405,0.25999999046325684,1.0430679,1
uf_03,38.84375_-122.34375,38.84375,-122.34375,0.673355870451594,0.3499999940395355,1.0228333,1
uf_03,38.84375_-122.40625,38.84375,-122.40625,0.6948969891680286,0.3499999940395355,0.81124175,1
uf_03,38.84375_-122.59375,38.84375,-122.59375,0.7633988969388352,0.33000001311302185,1.209642,1
uf_03,38.84375_-122.65625,38.84375,-122.65625,0.5847761823431818,0.36000001430511475,1.2538865,1
uf_03,38.84375_-122.71875,38.84375,-122.71875,0.6539690631240576,0.28999999165534973,2.1200128,1
uf_03,38.84375_-122.78125,38.84375,-122.78125,0.5395046542021014,0.3199999928474426,1.54519,1
uf_03,38.84375_-122.84375,38.84375,-122.84375,0.516491622421725,0.5600000023841858,1.6743615,1
uf_03,38.84375_-122.90625,38.84375,-122.90625,0.5362197113162044,0.5,1.7290746,1
uf_03,38.90625_-122.28125,38.90625,-122.28125,0.6285817069169068,0.27000001072883606,1.1334684,1
uf_03,38.90625_-122.34375,38.90625,-122.34375,0.6166722270633075,0.3799999952316284,1.2473624,1
uf_03,38.90625_-122.40625,38.90625,-122.40625,0.5583864889273854,0.36000001430511475,2.1684113,1
uf_03,38.90625_-122.46875,38.90625,-122.46875,0.6556155938688775,0.3499999940395355,1.0601108,1
uf_03,38.90625_-122.53125,38.90625,-122.53125,0.5885157583208273,0.4300000071525574,1.0875882,1
uf_03,38.90625_-122.59375,38.90625,-122.59375,0.9766146228867476,0.0,1.0440859,1
uf_03,38.90625_-122.65625,38.90625,-122.65625,0.7988426413173544,0.0,1.4159963,1
uf_03,38.90625_-122.71875,38.90625,-122.71875,0.6007532127816355,0.0,1.1642766,1
uf_03,38.90625_-122.78125,38.90625,-122.78125,0.6293240176203408,0.5400000214576721,1.7953224,1
uf_03,38.90625_-122.84375,38.90625,-122.84375,0.5972277646847098,0.5600000023841858,1.0201224,1
uf_03,38.90625_-122.90625,38.90625,-122.90625,0.5259294189861238,0.4699999988079071,2.6979518,1
uf_03,38.90625_-122.96875,38.90625,-122.96875,0.5146600259388777,0.41999998688697815,1.7183689,1
uf_03,38.96875_-122.34375,38.96875,-122.34375,0.751307908861764,0.4000000059604645,0.91885626,1
uf_03,38.96875_-122.40625,38.96875,-122.40625,0.65861730600804,0.38999998569488525,0.92937696,1
uf_03,38.96875_-122.46875,38.96875,-122.46875,0.6763629366161515,0.4000000059604645,0.87579685,1
uf_03,38.96875_-122.53125,38.96875,-122.53125,0.7093629020255843,0.4099999964237213,0.78869146,1
uf_03,38.96875_-122.59375,38.96875,-122.59375,0.7119248792785144,0.5199999809265137,0.97849977,1
uf_03,38.96875_-122.65625,38.96875,-122.65625,0.9174838898569997,0.0,0.97849977,1
uf_03,38.96875_-122.71875,38.96875,-122.71875,0.65789818005461,0.0,1.8866553,1
uf_03,38.96875_-122.78125,38.96875,-122.78125,0.5913105596455298,0.4300000071525574,1.8866553,1
uf_03,38.96875_-122.84375,38.96875,-122.84375,0.6950598913051866,0.0,1.201087,1
uf_03,38.96875_-122.90625,38.96875,-122.90625,0.7879821300080387,0.49000000953674316,1.0247002,1
uf_03,38.96875_-122.96875,38.96875,-122.96875,0.5315601932186599,0.0,1.5964152,1
uf_03,38.96875_-123.03125,38.96875,-123.03125,0.5985801381753526,0.0,1.4391836,1
uf_03,39.03125_-122.34375,39.03125,-122.34375,0.8720017497999977,0.4099999964237213,0.9014374,1
uf_03,39.03125_-122.40625,39.03125,-122.40625,0.7025158164617686,0.36000001430511475,0.86844575,1
uf_03,39.03125_-122.46875,39.03125,-122.46875,0.5885221642838215,0.5199999809265137,0.9229306,1
uf_03,39.03125_-122.53125,39.03125,-122.53125,0.7142760699979394,0.33000001311302185,0.7549403,1
uf_03,39.03125_-122.59375,39.03125,-122.59375,0.7993594121581751,0.5799999833106995,1.0325267,1
uf_03,39.03125_-122.65625,39.03125,-122.65625,0.8820591319192547,0.5400000214576721,1.140204,1
uf_03,39.03125_-122.71875,39.03125,-122.71875,0.6867344564116772,0.3100000023841858,1.2419443,1
uf_03,39.03125_-122.78125,39.03125,-122.78125,0.7217691485935248,0.0,1.2419443,1
uf_03,39.03125_-122.84375,39.03125,-122.84375,0.5802751401008304,0.0,1.201087,1
uf_03,39.03125_-122.90625,39.03125,-122.90625,0.8125992268112427,0.0,0.9890977,1
uf_03,39.03125_-122.96875,39.03125,-122.96875,0.7917539153959354,0.4399999976158142,0.9890977,1
uf_03,39.03125_-123.03125,39.03125,-123.03125,0.5779029552725354,0.46000000834465027,2.4251282,1
uf_03,39.03125_-123.09375,39.03125,-123.09375,0.6511618802683976,0.36000001430511475,1.5268136,1
uf_03,39.09375_-122.40625,39.09375,-122.40625,0.8804199652257856,0.30000001192092896,0.86448276,1
uf_03,39.09375_-122.46875,39.09375,-122.46875,0.5576611020720297,0.47999998927116394,0.8701073,1
uf_03,39.09375_-122.53125,39.09375,-122.53125,0.803888561999414,0.0,0.8534286,1
uf_03,39.09375_-122.59375,39.09375,-122.59375,0.7616529966411442,0.3799999952316284,0.8534286,1
uf_03,39.09375_-122.65625,39.09375,-122.65625,0.6705254394261762,0.3799999952316284,1.1367397,1
uf_03,39.09375_-122.71875,39.09375,-122.71875,0.7162651533067116,0.4300000071525574,2.4292233,1
uf_03,39.09375_-122.78125,39.09375,-122.78125,0.8156622379114558,0.0,1.2415156,1
uf_03,39.09375_-122.84375,39.09375,-122.84375,0.7135862380264977,0.0,1.2415156,1
uf_03,39.09375_-122.90625,39.09375,-122.90625,0.9488276801506328,0.0,1.1405919,1
uf_03,39.09375_-122.96875,39.09375,-122.96875,0.8571489613018344,0.3700000047683716,1.1405919,1
uf_03,39.09375_-123.03125,39.09375,-123.03125,0.6385331986361027,0.3799999952316284,1.4421676,1
uf_03,39.09375_-123.09375,39.09375,-123.09375,0.600365817787601,0.5899999737739563,1.2849857,1
uf_03,39.15625_-122.40625,39.15625,-122.40625,0.8647430083090213,0.33000001311302185,0.8881429,1
uf_03,39.15625_-122.46875,39.15625,-122.46875,0.8825795107984744,0.4000000059604645,1.0117483,1
uf_03,39.15625_-122.53125,39.15625,-122.53125,0.9345468200802309,0.0,1.0773985,1
uf_03,39.15625_-122.59375,39.15625,-122.59375,0.5945981449571727,0.3400000035762787,1.0773985,1
uf_03,39.15625_-122.65625,39.15625,-122.65625,0.5761378240770842,0.4399999976158142,1.775684,1
uf_03,39.15625_-122.71875,39.15625,-122.71875,0.5607535292696815,0.4300000071525574,2.2110991,1
uf_03,39.15625_-122.78125,39.15625,-122.78125,0.5905117105424261,0.4399999976158142,1.3427092,1
uf_03,39.15625_-122.84375,39.15625,-122.84375,0.7579206031347518,0.4300000071525574,1.5280122,1
uf_03,39.15625_-122.90625,39.15625,-122.90625,1.0668407219856024,0.36000001430511475,1.5477847,1
uf_03,39.15625_-122.96875,39.15625,-122.96875,0.8244886646496303,0.3799999952316284,2.1353834,1
uf_03,39.15625_-123.03125,39.15625,-123.03125,0.5707363636927374,0.4300000071525574,1.5968719,1
uf_03,39.15625_-123.09375,39.15625,-123.09375,0.5268587428321512,0.4399999976158142,1.6327084,1
uf_03,39.21875_-122.40625,39.21875,-122.40625,0.7433628836333711,0.550000011920929,0.9438905,1
uf_03,39.21875_-122.46875,39.21875,-122.46875,0.9550078378876475,0.27000001072883606,0.97303396,1
uf_03,39.21875_-122.53125,39.21875,-122.53125,0.73676153755951,0.28999999165534973,0.82458246,1
uf_03,39.21875_-122.59375,39.21875,-122.59375,0.6152000180930861,0.38999998569488525,1.6186223,1
uf_03,39.21875_-122.65625,39.21875,-122.65625,0.595796676034522,0.4399999976158142,1.9016373,1
uf_03,39.21875_-122.71875,39.21875,-122.71875,0.5740978352529987,0.3799999952316284,1.2466052,1
uf_03,39.21875_-122.78125,39.21875,-122.78125,0.6007555379206952,0.41999998688697815,1.3918836,1
uf_03,39.21875_-122.84375,39.21875,-122.84375,0.5794412624598705,0.36000001430511475,1.6464521,1
uf_03,39.21875_-122.90625,39.21875,-122.90625,0.6670536190844217,0.47999998927116394,1.6678717,1
uf_03,39.21875_-122.96875,39.21875,-122.96875,0.892359084883607,0.46000000834465027,1.648662,1
uf_03,39.21875_-123.03125,39.21875,-123.03125,0.6780391344880574,0.4099999964237213,1.1424364,1
uf_03,39.28125_-122.53125,39.28125,-122.53125,0.9501298575617453,0.27000001072883606,0.8272666,1
uf_03,39.28125_-122.59375,39.28125,-122.59375,0.5918243842071719,0.3400000035762787,0.94436187,1
uf_03,39.28125_-122.71875,39.28125,-122.71875,0.5766671580589392,0.3400000035762787,1.3156183,1
uf_03,39.28125_-122.78125,39.28125,-122.78125,0.6219939884885722,0.550000011920929,1.5378519,1
uf_03,39.28125_-122.84375,39.28125,-122.84375,0.6258383719011199,0.4300000071525574,1.5696665,1
uf_03,39.28125_-122.90625,39.28125,-122.90625,0.6387019309852205,0.30000001192092896,2.3736093,1
uf_03,39.28125_-122.96875,39.28125,-122.96875,0.6796324690086885,0.3400000035762787,1.6734077,1
uf_03,39.28125_-123.03125,39.28125,-123.03125,0.860343607554052,0.41999998688697815,1.5367628,1
uf_03,39.34375_-122.96875,39.34375,-122.96875,0.5932498419704866,0.47999998927116394,2.5649145,1
uf_03,39.34375_-123.03125,39.34375,-123.03125,0.5934587437992215,0.3499999940395355,2.5833783,1
uf_04,39.21875_-122.40625,39.21875,-122.40625,0.7433628836333711,0.550000011920929,0.9438905,1
uf_04,39.21875_-122.46875,39.21875,-122.46875,0.9550078378876475,0.27000001072883606,0.97303396,1
uf_04,39.21875_-122.53125,39.21875,-122.53125,0.73676153755951,0.28999999165534973,0.82458246,1
uf_04,39.21875_-122.59375,39.21875,-122.59375,0.6152000180930861,0.38999998569488525,1.6186223,1
uf_04,39.21875_-122.65625,39.21875,-122.65625,0.595796676034522,0.4399999976158142,1.9016373,1
uf_04,39.21875_-122.71875,39.21875,-122.71875,0.5740978352529987,0.3799999952316284,1.2466052,1
uf_04,39.28125_-122.40625,39.28125,-122.40625,0.6258910734925828,0.550000011920929,0.919836,1
uf_04,39.28125_-122.46875,39.28125,-122.46875,0.8956778435005922,0.550000011920929,0.9312459,1
uf_04,39.28125_-122.53125,39.28125,-122.53125,0.9501298575617453,0.27000001072883606,0.8272666,1
uf_04,39.28125_-122.59375,39.28125,-122.59375,0.5918243842071719,0.3400000035762787,0.94436187,1
uf_04,39.28125_-122.65625,39.28125,-122.65625,0.5993151655759765,0.4099999964237213,1.8801056,1
uf_04,39.28125_-122.71875,39.28125,-122.71875,0.5766671580589392,0.3400000035762787,1.3156183,1
uf_04,39.28125_-122.78125,39.28125,-122.78125,0.6219939884885722,0.550000011920929,1.5378519,1
uf_04,39.34375_-122.46875,39.34375,-122.46875,0.941061504822275,0.4300000071525574,0.7942057,1
uf_04,39.34375_-122.53125,39.34375,-122.53125,1.0959909786178468,0.4000000059604645,0.61368346,1
uf_04,39.34375_-122.59375,39.34375,-122.59375,0.6154313602886265,0.28999999165534973,0.842607,1
uf_04,39.34375_-122.65625,39.34375,-122.65625,0.5549203526503013,0.0,0.75097674,1
uf_04,39.34375_-122.71875,39.34375,-122.71875,0.5820339390847481,0.4000000059604645,1.7531621,1
uf_04,39.34375_-122.78125,39.34375,-122.78125,0.6004878394619825,0.3400000035762787,1.624756,1
uf_04,39.40625_-122.46875,39.40625,-122.46875,0.7784310780907637,0.36000001430511475,0.9381964,1
uf_04,39.40625_-122.53125,39.40625,-122.53125,0.9904400103550222,0.25,0.7517548,1
uf_04,39.40625_-122.59375,39.40625,-122.59375,0.7414428986078172,0.3799999952316284,0.9552913,1
uf_04,39.40625_-122.65625,39.40625,-122.65625,0.6457854301455856,0.30000001192092896,1.2144202,1
uf_04,39.40625_-122.71875,39.40625,-122.71875,0.5810617121375009,0.46000000834465027,1.3860846,1
uf_04,39.40625_-122.78125,39.40625,-122.78125,0.6222859836394448,0.38999998569488525,0.64342713,1
uf_04,39.46875_-122.46875,39.46875,-122.46875,0.7626564326255727,0.41999998688697815,0.81090033,1
uf_04,39.46875_-122.53125,39.46875,-122.53125,0.9358966525619059,0.4000000059604645,0.7555513,1
uf_04,39.46875_-122.59375,39.46875,-122.59375,0.6300328008750589,0.47999998927116394,0.9335865,1
uf_04,39.46875_-122.65625,39.46875,-122.65625,0.6741989602285325,0.36000001430511475,0.9604759,1
uf_04,39.46875_-122.71875,39.46875,-122.71875,0.6046555615256927,0.44999998807907104,2.2133148,1
uf_04,39.46875_-122.78125,39.46875,-122.78125,0.5925724950627715,0.0,2.2726338,1
uf_04,39.53125_-122.46875,39.53125,-122.46875,0.8198900716409048,0.41999998688697815,0.6405635,1
uf_04,39.53125_-122.53125,39.53125,-122.53125,0.9603429286478503,0.4399999976158142,0.6232163,1
uf_04,39.53125_-122.59375,39.53125,-122.59375,0.9211918341684162,0.3499999940395355,0.81226885,1
uf_04,39.53125_-122.65625,39.53125,-122.65625,0.5962013167814494,0.27000001072883606,2.132791,1
uf_04,39.53125_-122.71875,39.53125,-122.71875,0.56180180243345,0.0,1.9797429,1
uf_04,39.59375_-122.46875,39.59375,-122.46875,0.8227134349011415,0.3400000035762787,0.8396625,1
uf_04,39.59375_-122.53125,39.59375,-122.53125,1.0047516127616998,0.47999998927116394,0.75665694,1
uf_04,39.59375_-122.59375,39.59375,-122.59375,0.9554708285020176,0.4399999976158142,0.7929519,1
uf_04,39.59375_-122.65625,39.59375,-122.65625,0.69050501062797,0.33000001311302185,2.555506,1
uf_04,39.59375_-122.71875,39.59375,-122.71875,0.5889822156863119,0.36000001430511475,2.6774158,1
uf_04,39.59375_-122.78125,39.59375,-122.78125,0.5575399278644856,0.3199999928474426,2.165015,1
uf_04,39.65625_-122.46875,39.65625,-122.46875,0.8382091234927715,0.28999999165534973,0.8993877,1
uf_04,39.65625_-122.53125,39.65625,-122.53125,0.9018346700421724,0.28999999165534973,0.7784131,1
uf_04,39.65625_-122.59375,39.65625,-122.59375,1.0099179554701776,0.25,0.91597426,1
uf_04,39.65625_-122.65625,39.65625,-122.65625,0.762242245877693,0.47999998927116394,1.3681442,1
uf_04,39.65625_-122.71875,39.65625,-122.71875,0.661627404696713,0.3100000023841858,1.86654,1
uf_04,39.65625_-122.78125,39.65625,-122.78125,0.6533506376687972,0.44999998807907104,2.616137,1
uf_04,39.71875_-122.34375,39.71875,-122.34375,0.6425744106725545,0.25999999046325684,0.66784054,1
uf_04,39.71875_-122.40625,39.71875,-122.40625,0.8889362294781877,0.44999998807907104,0.905764,1
uf_04,39.71875_-122.46875,39.71875,-122.46875,0.9124366613323487,0.49000000953674316,0.67364585,1
uf_04,39.71875_-122.53125,39.71875,-122.53125,0.8639690564876332,0.3799999952316284,0.76103663,1
uf_04,39.71875_-122.59375,39.71875,-122.59375,0.874514153265515,0.3400000035762787,0.9862641,1
uf_04,39.71875_-122.65625,39.71875,-122.65625,0.7062283125558501,0.4099999964237213,1.2600344,1
uf_04,39.71875_-122.71875,39.71875,-122.71875,0.7617228352359255,0.23000000417232513,1.0649283,1
uf_04,39.71875_-122.78125,39.71875,-122.78125,0.6502911894498177,0.3700000047683716,2.1572056,1
uf_04,39.71875_-122.84375,39.71875,-122.84375,0.5971426989561482,0.30000001192092896,2.0482757,1
uf_04,39.71875_-122.90625,39.71875,-122.90625,0.6341568255580075,0.3499999940395355,2.369591,1
uf_04,39.78125_-122.34375,39.78125,-122.34375,0.9418088931764954,0.4300000071525574,0.60227,1
uf_04,39.78125_-122.40625,39.78125,-122.40625,0.7816244480703587,0.3799999952316284,0.9275161,1
uf_04,39.78125_-122.46875,39.78125,-122.46875,0.808865635074669,0.25,0.83959997,1
uf_04,39.78125_-122.53125,39.78125,-122.53125,0.818559589603802,0.25,0.6571836,1
uf_04,39.78125_-122.59375,39.78125,-122.59375,0.9517141091644667,0.4000000059604645,0.9190097,1
uf_04,39.78125_-122.65625,39.78125,-122.65625,0.7403447383504863,0.30000001192092896,2.0521417,1
uf_04,39.78125_-122.71875,39.78125,-122.71875,0.6316037950266545,0.4000000059604645,1.4175185,1
uf_04,39.78125_-122.78125,39.78125,-122.78125,0.7158968474127486,0.38999998569488525,1.2989401,1
uf_04,39.78125_-122.84375,39.78125,-122.84375,0.6104671901666093,0.4399999976158142,2.7286117,1
uf_04,39.78125_-122.90625,39.78125,-122.90625,0.5983741811620226,0.4399999976158142,2.472175,1
uf_04,39.78125_-122.96875,39.78125,-122.96875,0.8604231090260663,0.4399999976158142,1.7098088,1
uf_04,39.84375_-122.34375,39.84375,-122.34375,0.6621331316892283,0.30000001192092896,0.6755068,1
uf_04,39.84375_-122.40625,39.84375,-122.40625,0.6798317487243896,0.6000000238418579,0.6421633,1
uf_04,39.84375_-122.46875,39.84375,-122.46875,0.725652959691458,0.33000001311302185,0.89329904,1
uf_04,39.84375_-122.53125,39.84375,-122.53125,0.856462115808051,0.36000001430511475,0.72145826,1
uf_04,39.84375_-122.59375,39.84375,-122.59375,0.9838614531773839,0.25999999046325684,0.7247533,1
uf_04,39.84375_-122.65625,39.84375,-122.65625,0.8785032626007028,0.3499999940395355,0.76346445,1
uf_04,39.84375_-122.71875,39.84375,-122.71875,0.6764802556051798,0.5699999928474426,2.515501,1
uf_04,39.84375_-122.78125,39.84375,-122.78125,0.6310231415145997,0.4099999964237213,2.6917226,1
uf_04,39.84375_-122.84375,39.84375,-122.84375,0.5948979042273967,0.5299999713897705,2.3504872,1
uf_04,39.84375_-122.90625,39.84375,-122.90625,0.5878170405298202,0.44999998807907104,3.2835984,1
uf_04,39.84375_-122.96875,39.84375,-122.96875,0.593149562078304,0.3100000023841858,0.731304,1
uf_06,40.03125_-122.71875,40.03125,-122.71875,0.5502644273336956,0.6399999856948853,2.5414479,1
uf_06,40.03125_-122.78125,40.03125,-122.78125,0.6111062730999601,0.3457988202571869,1.5140699,1
uf_06,40.03125_-122.84375,40.03125,-122.84375,0.6881672390245365,0.25414201617240906,1.0486425,1
uf_06,40.03125_-122.90625,40.03125,-122.90625,0.5939207328714167,0.3254437744617462,1.2062802,1
uf_06,40.03125_-122.96875,40.03125,-122.96875,0.6551256739383493,0.2865680456161499,0.90060526,1
uf_06,40.09375_-122.65625,40.09375,-122.65625,0.8227244277460055,0.33041420578956604,1.0138248,1
uf_06,40.09375_-122.71875,40.09375,-122.71875,0.7436657007695474,0.35733726620674133,1.6018739,1
uf_06,40.09375_-122.78125,40.09375,-122.78125,0.6344052292133655,0.399822473526001,1.8989656,1
uf_06,40.09375_-122.84375,40.09375,-122.84375,0.6249873685161135,0.3775147795677185,1.5501158,1
uf_06,40.09375_-122.90625,40.09375,-122.90625,0.5995722366044292,0.3912425935268402,1.3428532,1
uf_06,40.09375_-122.96875,40.09375,-122.96875,0.6288585627982037,0.3562721908092499,1.093048,1
uf_06,40.15625_-122.53125,40.15625,-122.53125,0.7736206000611336,0.40739643573760986,0.9847348,1
uf_06,40.15625_-122.59375,40.15625,-122.59375,0.8845094819052848,0.40473371744155884,0.94810754,1
uf_06,40.15625_-122.65625,40.15625,-122.65625,1.0904401843870901,0.3409467339515686,0.8859642,1
uf_06,40.15625_-122.71875,40.15625,-122.71875,0.8901486386050795,0.2836686372756958,0.826462,1
uf_06,40.15625_-122.78125,40.15625,-122.78125,0.7555839137665357,0.33349111676216125,1.469092,1
uf_06,40.15625_-122.84375,40.15625,-122.84375,0.5909299493586287,0.36769232153892517,1.8558828,1
uf_06,40.15625_-122.90625,40.15625,-122.90625,0.5732739369204899,0.36538460850715637,1.6867572,1
uf_06,40.15625_-122.96875,40.15625,-122.96875,0.6051720184335512,0.345976322889328,1.3431572,1
uf_06,40.21875_-122.21875,40.21875,-122.21875,1.0670645889033952,0.33000001311302185,1.141077,1
uf_06,40.21875_-122.40625,40.21875,-122.40625,0.7520468772169075,0.0,0.77436584,1
uf_06,40.21875_-122.46875,40.21875,-122.46875,0.7993859511784107,0.4280473291873932,0.988044,1
uf_06,40.21875_-122.53125,40.21875,-122.53125,0.8460329262540356,0.4177514910697937,0.97439724,1
uf_06,40.21875_-122.59375,40.21875,-122.59375,0.8271678416722692,0.4037869870662689,0.92263687,1
uf_06,40.21875_-122.65625,40.21875,-122.65625,1.0294030367555242,0.37467455863952637,0.8023395,1
uf_06,40.21875_-122.71875,40.21875,-122.71875,1.0634670003091942,0.30313608050346375,0.7854826,1
uf_06,40.21875_-122.78125,40.21875,-122.78125,0.8446761700310241,0.28065088391304016,0.9029661,1
uf_06,40.21875_-122.84375,40.21875,-122.84375,0.7659477226166009,0.33213016390800476,1.5241014,1
uf_06,40.21875_-122.90625,40.21875,-122.90625,0.6576777818233515,0.33639052510261536,1.6641536,1
uf_06,40.21875_-122.96875,40.21875,-122.96875,0.5750171496230585,0.3879881799221039,1.8683318,1
uf_06,40.28125_-121.59375,40.28125,-121.59375,0.8061379714340104,0.44189348816871643,2.3171256,1
uf_06,40.28125_-122.09375,40.28125,-122.09375,0.7698659940874528,0.31917160749435425,0.845821,1
uf_06,40.28125_-122.15625,40.28125,-122.15625,0.7751648498237891,0.3577514886856079,0.8413935,1
uf_06,40.28125_-122.21875,40.28125,-122.21875,0.837544656963016,0.42680472135543823,0.9469508,1
uf_06,40.28125_-122.28125,40.28125,-122.28125,0.8597851754434108,0.3939644992351532,1.0387641,1
uf_06,40.28125_-122.34375,40.28125,-122.34375,0.8511412692949509,0.37390533089637756,1.0053377,1
uf_06,40.28125_-122.40625,40.28125,-122.40625,0.799714461615247,0.3897041380405426,1.0090412,1
uf_06,40.28125_-122.46875,40.28125,-122.46875,0.811025106180439,0.4270414113998413,1.0615233,1
uf_06,40.28125_-122.53125,40.28125,-122.53125,0.799529117251829,0.4218343198299408,0.9690997,1
uf_06,40.28125_-122.59375,40.28125,-122.59375,0.8253165759192868,0.38958579301834106,0.928267,1
uf_06,40.28125_-122.65625,40.28125,-122.65625,1.085232944335191,0.3971005976200104,0.74626476,1
uf_06,40.28125_-122.71875,40.28125,-122.71875,1.086649887323727,0.352544367313385,0.78086525,1
uf_06,40.28125_-122.78125,40.28125,-122.78125,1.0235461530193495,0.30041420459747314,0.83296126,1
uf_06,40.28125_-122.84375,40.28125,-122.84375,0.9172155030198383,0.3234911262989044,1.3133069,1
uf_06,40.28125_-122.90625,40.28125,-122.90625,0.7261183231989552,0.33331361413002014,1.5465139,1
uf_06,40.28125_-122.96875,40.28125,-122.96875,0.7101242860954375,0.31106507778167725,1.6045264,1
uf_06,40.28125_-123.03125,40.28125,-123.03125,0.6351160869141228,0.3614201247692108,1.807712,1
uf_06,40.28125_-123.09375,40.28125,-123.09375,0.6386466183917938,0.3506508767604828,2.1811967,1
uf_06,40.34375_-121.53125,40.34375,-121.53125,0.7910085792227244,0.4220118224620819,2.135786,1
uf_06,40.34375_-121.59375,40.34375,-121.59375,0.7288672095725482,0.4864497184753418,2.0766041,1
uf_06,40.34375_-121.65625,40.34375,-121.65625,0.6805135541041396,0.4963313639163971,2.0420055,1
uf_06,40.34375_-121.71875,40.34375,-121.71875,0.6644349921378991,0.48633137345314026,2.104982,1
uf_06,40.34375_-121.78125,40.34375,-121.78125,0.9928569911509966,0.3331952691078186,1.2173827,1
uf_06,40.34375_-121.84375,40.34375,-121.84375,1.198601082297317,0.31550297141075134,0.9858356,1
uf_06,40.34375_-121.90625,40.34375,-121.90625,1.113534300810951,0.36816567182540894,1.2602549,1
uf_06,40.34375_-121.96875,40.34375,-121.96875,1.02395450936628,0.4359763264656067,1.657368,1
uf_06,40.34375_-122.03125,40.34375,-122.03125,0.8383540067215289,0.37242603302001953,1.0300063,1
uf_06,40.34375_-122.09375,40.34375,-122.09375,0.7304779336862262,0.33171597123146057,0.6647011,1
uf_06,40.34375_-122.15625,40.34375,-122.15625,0.871864786199579,0.3746153712272644,1.025011,1
uf_06,40.34375_-122.21875,40.34375,-122.21875,0.9979675002365611,0.34976330399513245,1.1699532,1
uf_06,40.34375_-122.28125,40.34375,-122.28125,0.9201004232670041,0.4045562148094177,1.1056942,1
uf_06,40.34375_-122.34375,40.34375,-122.34375,0.9481342503418153,0.4000000059604645,1.2104232,1
uf_06,40.34375_-122.40625,40.34375,-122.40625,0.8874469442846374,0.40970414876937866,1.1869096,1
uf_06,40.34375_-122.46875,40.34375,-122.46875,0.8069893467580014,0.4071597754955292,1.0773666,1
uf_06,40.34375_-122.53125,40.34375,-122.53125,0.7506062827865305,0.424911230802536,1.0003452,1
uf_06,40.34375_-122.59375,40.34375,-122.59375,0.8375551391159934,0.3860355019569397,0.95132846,1
uf_06,40.34375_-122.65625,40.34375,-122.65625,1.0904005564722556,0.39213016629219055,0.83295494,1
uf_06,40.34375_-122.71875,40.34375,-122.71875,1.0064726160413096,0.37976330518722534,0.8112369,1
uf_06,40.34375_-122.78125,40.34375,-122.78125,0.8513221876786843,0.4034319519996643,0.79108083,1
uf_06,40.34375_-122.84375,40.34375,-122.84375,0.7590456017254785,0.3823668658733368,1.0276116,1
uf_06,40.34375_-122.90625,40.34375,-122.90625,0.8162436478481818,0.4082840383052826,1.5124542,1
uf_06,40.34375_-122.96875,40.34375,-122.96875,0.8488928766648602,0.40816569328308105,1.9828988,1
uf_06,40.34375_-123.03125,40.34375,-123.03125,0.6479058473158449,0.4072781205177307,2.4403543,1
uf_06,40.34375_-123.09375,40.34375,-123.09375,0.7384208693274809,0.32029587030410767,1.7108556,1
uf_06,40.40625_-121.53125,40.40625,-121.53125,0.8673030913873021,0.38769230246543884,1.250224,1
uf_06,40.40625_-121.59375,40.40625,-121.59375,0.7981758083895439,0.47491124272346497,1.6221937,1
uf_06,40.40625_-121.65625,40.40625,-121.65625,0.7290929604669117,0.4858579933643341,1.9788071,1
uf_06,40.40625_-121.71875,40.40625,-121.71875,0.6155416593784794,0.4831360876560211,2.0060408,1
uf_06,40.40625_-121.78125,40.40625,-121.78125,0.5923990442196131,0.3440236747264862,1.4740286,1
uf_06,40.40625_-121.84375,40.40625,-121.84375,1.0980566268685112,0.35029587149620056,1.2008117,1
uf_06,40.40625_-121.90625,40.40625,-121.90625,0.9448561194973715,0.36988165974617004,1.0511556,1
uf_06,40.40625_-121.96875,40.40625,-121.96875,0.8974948298329822,0.40023669600486755,1.18812,1
uf_06,40.40625_-122.03125,40.40625,-122.03125,0.7767868823344026,0.3363313674926758,0.81931573,1
uf_06,40.40625_-122.09375,40.40625,-122.09375,0.8144807786339603,0.3555029630661011,0.85712236,1
uf_06,40.40625_-122.15625,40.40625,-122.15625,0.8761037826734005,0.35420119762420654,1.0410333,1
uf_06,40.40625_-122.21875,40.40625,-122.21875,0.9116237144868451,0.40994083881378174,1.5307852,1
uf_06,40.40625_-122.28125,40.40625,-122.28125,1.0370011014821996,0.3451479375362396,1.226306,1
uf_06,40.40625_-122.34375,40.40625,-122.34375,0.8785419945505408,0.3901183307170868,1.1115685,1
uf_06,40.40625_-122.40625,40.40625,-122.40625,0.8344819772357487,0.39810651540756226,1.1118271,1
uf_06,40.40625_-122.46875,40.40625,-122.46875,0.8066349573374156,0.39810651540756226,1.1331892,1
uf_06,40.40625_-122.53125,40.40625,-122.53125,0.8575608804935524,0.406686395406723,1.1051108,1
uf_06,40.40625_-122.59375,40.40625,-122.59375,1.0505160485316243,0.39715975522994995,0.8916584,1
uf_06,40.40625_-122.65625,40.40625,-122.65625,1.081962363760062,0.373786985874176,0.79124904,1
uf_06,40.40625_-122.71875,40.40625,-122.71875,0.974211932768996,0.35420119762420654,0.9485379,1
uf_06,40.40625_-122.78125,40.40625,-122.78125,0.8795266707829392,0.3879881799221039,0.96965396,1
uf_06,40.40625_-122.84375,40.40625,-122.84375,0.7471445869522945,0.4602958559989929,1.5369304,1
uf_06,40.40625_-122.90625,40.40625,-122.90625,0.7376128939400933,0.47899407148361206,1.9724323,1
uf_06,40.40625_-122.96875,40.40625,-122.96875,0.647913428170119,0.46431952714920044,2.1677692,1
uf_06,40.40625_-123.03125,40.40625,-123.03125,0.6009988601940411,0.47260355949401855,2.5146024,1
uf_06,40.46875_-121.21875,40.46875,-121.21875,1.2597833142430628,0.3722485303878784,0.860824,1
uf_06,40.46875_-121.28125,40.46875,-121.28125,1.1874963061680943,0.35461539030075073,0.87463456,1
uf_06,40.46875_-121.34375,40.46875,-121.34375,1.1027720877747877,0.3552071154117584,0.95077056,1
uf_06,40.46875_-121.40625,40.46875,-121.40625,1.1120734409833424,0.3584023714065552,1.1099523,1
uf_06,40.46875_-121.46875,40.46875,-121.46875,1.1902158541456334,0.2819526493549347,0.6209389,1
uf_06,40.46875_-121.53125,40.46875,-121.53125,0.9846664054085814,0.2546153962612152,0.5261976,1
uf_06,40.46875_-121.59375,40.46875,-121.59375,0.7731618310093687,0.45982247591018677,1.5604703,1
uf_06,40.46875_-121.65625,40.46875,-121.65625,0.6383578933844385,0.4990532398223877,2.1363382,1
uf_06,40.46875_-121.71875,40.46875,-121.71875,0.7075723845216306,0.4411242604255676,1.9367594,1
uf_06,40.46875_-121.78125,40.46875,-121.78125,0.7085628319615652,0.3870414197444916,1.5963665,1
uf_06,40.46875_-121.84375,40.46875,-121.84375,0.8311125115920266,0.44804733991622925,2.0378227,1
uf_06,40.46875_-121.90625,40.46875,-121.90625,1.0685170136856992,0.42402365803718567,1.657892,1
uf_06,40.46875_-121.96875,40.46875,-121.96875,1.2038029551950378,0.4284023642539978,1.1655874,1
uf_06,40.46875_-122.03125,40.46875,-122.03125,1.0082960778236365,0.382781058549881,1.1019155,1
uf_06,40.46875_-122.09375,40.46875,-122.09375,0.7693580446492012,0.3542603552341461,0.95445544,1
uf_06,40.46875_-122.15625,40.46875,-122.15625,0.7898868161157291,0.34378698468208313,0.9405783,1
uf_06,40.46875_-122.21875,40.46875,-122.21875,0.9788210862902942,0.3453846275806427,1.1773053,1
uf_06,40.46875_-122.28125,40.46875,-122.28125,1.1164710342651438,0.27431952953338623,1.2405618,1
uf_06,40.46875_-122.34375,40.46875,-122.34375,1.125370870596338,0.3147929012775421,1.1738092,1
uf_06,40.46875_-122.40625,40.46875,-122.40625,0.9792186532504508,0.32556211948394775,1.15887,1
uf_06,40.46875_-122.46875,40.46875,-122.46875,0.9265846102839659,0.3363313674926758,1.0979292,1
uf_06,40.46875_-122.53125,40.46875,-122.53125,0.8922277633016444,0.34396448731422424,0.99357015,1
uf_06,40.46875_-122.59375,40.46875,-122.59375,0.9773260172168226,0.3592899441719055,1.1595842,1
uf_06,40.46875_-122.65625,40.46875,-122.65625,1.1274579802212807,0.3780473470687866,1.2301736,1
uf_06,40.46875_-122.71875,40.46875,-122.71875,0.9178677684572011,0.4411242604255676,1.9818971,1
uf_06,40.46875_-122.78125,40.46875,-122.78125,0.7046794366077245,0.44242602586746216,1.932545,1
uf_06,40.46875_-122.84375,40.46875,-122.84375,0.631233718691046,0.48443788290023804,2.1847222,1
uf_06,40.46875_-122.90625,40.46875,-122.90625,0.6563116869259648,0.48674556612968445,2.3725216,1
uf_06,40.53125_-121.15625,40.53125,-121.15625,1.150635826664857,0.3984023630619049,1.4142983,1
uf_06,40.53125_-121.21875,40.53125,-121.21875,1.227594081323191,0.37396448850631714,1.197092,1
uf_06,40.53125_-121.28125,40.53125,-121.28125,1.1868009929890935,0.29674556851387024,0.9456718,1
uf_06,40.53125_-121.34375,40.53125,-121.34375,1.4080563079494728,0.2757396399974823,0.76355445,1
uf_06,40.53125_-121.40625,40.53125,-121.40625,1.2797414398453346,0.2819526493549347,0.8470478,1
uf_06,40.53125_-121.46875,40.53125,-121.46875,1.0336045988611762,0.3378698229789734,1.1276582,1
uf_06,40.53125_-121.53125,40.53125,-121.53125,0.8586472385759882,0.3342011868953705,1.2017533,1
uf_06,40.53125_-121.59375,40.53125,-121.59375,0.7835462904400611,0.49449703097343445,2.1187177,1
uf_06,40.53125_-121.65625,40.53125,-121.65625,0.7114314162270644,0.4626627266407013,1.959233,1
uf_06,40.53125_-121.71875,40.53125,-121.71875,0.7217221935540938,0.42674556374549866,1.9070222,1
uf_06,40.53125_-121.78125,40.53125,-121.78125,0.7099393023768594,0.4344378709793091,2.03753,1
uf_06,40.53125_-121.84375,40.53125,-121.84375,0.6478515514099871,0.47999998927116394,2.5733917,1
uf_06,40.53125_-121.90625,40.53125,-121.90625,0.956305878624701,0.4963313639163971,2.203811,1
uf_06,40.53125_-121.96875,40.53125,-121.96875,1.1409625630830527,0.4266272187232971,1.4759755,1
uf_06,40.53125_-122.03125,40.53125,-122.03125,1.0928508514746156,0.40644970536231995,1.233224,1
uf_06,40.53125_-122.09375,40.53125,-122.09375,0.94288508002665,0.40390533208847046,1.0895046,1
uf_06,40.53125_-122.15625,40.53125,-122.15625,0.8456488315309422,0.3510059118270874,0.9295746,1
uf_06,40.53125_-122.21875,40.53125,-122.21875,0.9428006596614358,0.33236685395240784,1.0482814,1
uf_06,40.53125_-122.28125,40.53125,-122.28125,0.9127938508597462,0.3143787086009979,0.9971374,1
uf_06,40.53125_-122.34375,40.53125,-122.34375,1.0616244687661467,0.20094674825668335,1.1756196,1
uf_06,40.53125_-122.40625,40.53125,-122.40625,1.0713141415723957,0.25822484493255615,1.0608722,1
uf_06,40.53125_-122.46875,40.53125,-122.46875,1.0735381363374212,0.3333727717399597,1.192572,1
uf_06,40.53125_-122.53125,40.53125,-122.53125,1.1229724044327,0.33988165855407715,1.4104321,1
uf_06,40.53125_-122.59375,40.53125,-122.59375,0.997290019818588,0.35958579182624817,1.6120465,1
uf_06,40.53125_-122.65625,40.53125,-122.65625,0.8269590181303885,0.3628402352333069,1.4970247,1
uf_06,40.53125_-122.71875,40.53125,-122.71875,0.6581003295859615,0.4382248520851135,1.8370064,1
uf_06,40.53125_-122.78125,40.53125,-122.78125,0.6527980598603488,0.5167455673217773,2.2475579,1
uf_06,40.53125_-122.84375,40.53125,-122.84375,0.667016687932793,0.5828402638435364,2.7198322,1
uf_06,40.59375_-121.03125,40.59375,-121.03125,1.3769703505812094,0.39254438877105713,1.1455259,1
uf_06,40.59375_-121.09375,40.59375,-121.09375,1.395707031864747,0.3728402256965637,1.173837,1
uf_06,40.59375_-121.15625,40.59375,-121.15625,0.8941025985978543,0.4125443696975708,1.7142707,1
uf_06,40.59375_-121.21875,40.59375,-121.21875,0.9820618348536949,0.42017751932144165,1.6972333,1
uf_06,40.59375_-121.28125,40.59375,-121.28125,1.2269987035888978,0.3801775276660919,1.5153913,1
uf_06,40.59375_-121.34375,40.59375,-121.34375,1.234162191456309,0.3366864025592804,1.2520199,1
uf_06,40.59375_-121.40625,40.59375,-121.40625,0.841771648587687,0.3273964524269104,1.4945762,1
uf_06,40.59375_-121.46875,40.59375,-121.46875,0.8847490788587525,0.40526628494262695,1.8245646,1
uf_06,40.59375_-121.53125,40.59375,-121.53125,0.8212527894776909,0.4497041404247284,1.9589092,1
uf_06,40.59375_-121.59375,40.59375,-121.59375,0.8003966974585612,0.46272188425064087,2.0218413,1
uf_06,40.59375_-121.65625,40.59375,-121.65625,0.8224649439427538,0.502662718296051,2.0849364,1
uf_06,40.59375_-121.71875,40.59375,-121.71875,0.7246374972605656,0.5339053273200989,2.1150975,1
uf_06,40.59375_-121.78125,40.59375,-121.78125,0.7114832509770626,0.5350295901298523,2.7776449,1
uf_06,40.59375_-121.84375,40.59375,-121.84375,0.8915986168740317,0.49526625871658325,2.3736691,1
uf_06,40.59375_-121.90625,40.59375,-121.90625,1.2392326569696195,0.4294082820415497,1.6216018,1
uf_06,40.59375_-121.96875,40.59375,-121.96875,1.2086776117599956,0.4215976297855377,1.3640052,1
uf_06,40.59375_-122.03125,40.59375,-122.03125,1.030817103857179,0.44479289650917053,1.3044051,1
uf_06,40.59375_-122.09375,40.59375,-122.09375,0.9190579599234298,0.45757395029067993,1.1463357,1
uf_06,40.59375_-122.15625,40.59375,-122.15625,0.8940044963824617,0.41692307591438293,1.1129649,1
uf_06,40.59375_-122.21875,40.59375,-122.21875,1.0114825605385103,0.3655029535293579,1.1621569,1
uf_06,40.59375_-122.28125,40.59375,-122.28125,1.0519643098025335,0.3620710074901581,1.0763739,1
uf_06,40.59375_-122.34375,40.59375,-122.34375,0.9197772627399794,0.12420118600130081,0.94359326,1
uf_06,40.59375_-122.40625,40.59375,-122.40625,0.8834179524779017,0.11928994208574295,0.97593373,1
uf_06,40.59375_-122.46875,40.59375,-122.46875,1.1681357645030617,0.26017752289772034,1.2059276,1
uf_06,40.59375_-122.53125,40.59375,-122.53125,1.0429514054212592,0.3062721788883209,1.6928557,1
uf_06,40.59375_-122.59375,40.59375,-122.59375,0.7491442435093543,0.36680471897125244,2.169838,1
uf_06,40.59375_-122.65625,40.59375,-122.65625,0.5759376364362232,0.3682248592376709,1.68232,1
uf_06,40.59375_-122.71875,40.59375,-122.71875,0.611867290979808,0.4103550314903259,1.8765676,1
uf_06,40.65625_-121.03125,40.65625,-121.03125,1.3169997926582468,0.3835502862930298,1.0327111,1
uf_06,40.65625_-121.09375,40.65625,-121.09375,1.4409915596159584,0.3537278175354004,0.9820124,1
uf_06,40.65625_-121.15625,40.65625,-121.15625,1.4688663568722022,0.3307100534439087,1.0292385,1
uf_06,40.65625_-121.21875,40.65625,-121.21875,1.4205564367215855,0.3462130129337311,1.1560314,1
uf_06,40.65625_-121.28125,40.65625,-121.28125,1.280241570092989,0.34242603182792664,1.0772388,1
uf_06,40.65625_-121.34375,40.65625,-121.34375,1.3302152989663363,0.37431952357292175,1.3909935,1
uf_06,40.65625_-121.40625,40.65625,-121.40625,1.2681297850623865,0.3276331424713135,1.3148407,1
uf_06,40.65625_-121.46875,40.65625,-121.46875,1.0080459609779546,0.4003550410270691,1.443978,1
uf_06,40.65625_-121.53125,40.65625,-121.53125,1.1051557658065079,0.4148520827293396,1.483125,1
uf_06,40.65625_-121.59375,40.65625,-121.59375,0.9658968250568056,0.4514792859554291,1.648657,1
uf_06,40.65625_-121.65625,40.65625,-121.65625,0.7969004273572279,0.526627242565155,2.0313487,1
uf_06,40.65625_-121.71875,40.65625,-121.71875,0.7846392599644236,0.5139644742012024,2.3370464,1
uf_06,40.65625_-121.78125,40.65625,-121.78125,0.7753935316682201,0.5327810645103455,2.4835386,1
uf_06,40.65625_-121.84375,40.65625,-121.84375,0.811476046603349,0.4940236806869507,2.190116,1
uf_06,40.65625_-121.90625,40.65625,-121.90625,1.2594638794676976,0.46159762144088745,1.52152,1
uf_06,40.65625_-121.96875,40.65625,-121.96875,1.153810475983026,0.4557396471500397,1.2632631,1
uf_06,40.65625_-122.03125,40.65625,-122.03125,1.0779745189225234,0.43355029821395874,1.2531953,1
uf_06,40.65625_-122.09375,40.65625,-122.09375,0.9434484384340232,0.438106507062912,1.101544,1
uf_06,40.65625_-122.15625,40.65625,-122.15625,0.8852575652709618,0.4262721836566925,1.0070058,1
uf_06,40.65625_-122.21875,40.65625,-122.21875,0.9137265114010624,0.39307692646980286,1.07637,1
uf_06,40.65625_-122.28125,40.65625,-122.28125,1.0121118454013236,0.34047338366508484,1.141133,1
uf_06,40.65625_-122.34375,40.65625,-122.34375,1.064046178270195,0.2469230741262436,1.124734,1
uf_06,40.65625_-122.40625,40.65625,-122.40625,1.1686204733695367,0.3374556303024292,1.4046912,1
uf_06,40.65625_-122.46875,40.65625,-122.46875,1.064689549901051,0.3637278079986572,1.2472699,1
uf_06,40.65625_-122.53125,40.65625,-122.53125,0.6825374613822067,0.30100592970848083,1.4099731,1
uf_06,40.65625_-122.59375,40.65625,-122.59375,0.863157011341658,0.33698225021362305,1.7040442,1
uf_06,40.65625_-122.65625,40.65625,-122.65625,0.7667391655691308,0.3802366852760315,1.7531462,1
uf_06,40.65625_-122.71875,40.65625,-122.71875,0.7362988875226149,0.4175739586353302,2.145752,1
uf_06,40.65625_-122.78125,40.65625,-122.78125,0.8325941001365949,0.5176923274993896,2.2421634,1
uf_06,40.71875_-120.96875,40.71875,-120.96875,1.3648480233285794,0.3788165748119354,1.2693558,1
uf_06,40.71875_-121.03125,40.71875,-121.03125,1.366332058420248,0.3825443685054779,1.2657167,1
uf_06,40.71875_-121.09375,40.71875,-121.09375,1.2432409417362047,0.397396445274353,1.4394051,1
uf_06,40.71875_-121.15625,40.71875,-121.15625,1.351880598554356,0.3995266258716583,1.2437575,1
uf_06,40.71875_-121.21875,40.71875,-121.21875,1.3672316328404133,0.3168047368526459,0.98367107,1
uf_06,40.71875_-121.28125,40.71875,-121.28125,1.3686007661440172,0.3502366840839386,1.0088682,1
uf_06,40.71875_-121.34375,40.71875,-121.34375,1.3459052484789096,0.36384615302085876,1.1561669,1
uf_06,40.71875_-121.40625,40.71875,-121.40625,1.178249723156005,0.3664497137069702,1.0492808,1
uf_06,40.71875_-121.46875,40.71875,-121.46875,0.7719230480316853,0.42621302604675293,1.5024258,1
uf_06,40.71875_-121.53125,40.71875,-121.53125,0.9624549859432454,0.41224852204322815,1.4639162,1
uf_06,40.71875_-121.59375,40.71875,-121.59375,0.7983945481748831,0.40295857191085815,1.255612,1
uf_06,40.71875_-121.65625,40.71875,-121.65625,0.724608897410452,0.5381065011024475,2.2358406,1
uf_06,40.71875_-121.71875,40.71875,-121.71875,0.813601437077288,0.46792900562286377,1.8930831,1
uf_06,40.71875_-121.78125,40.71875,-121.78125,0.7419779332716103,0.5023077130317688,1.785408,1
uf_06,40.71875_-121.84375,40.71875,-121.84375,0.7132634576912991,0.5121893286705017,2.2578115,1
uf_06,40.71875_-121.90625,40.71875,-121.90625,0.809887298365936,0.5040236711502075,2.3522215,1
uf_06,40.71875_-121.96875,40.71875,-121.96875,1.2977209319399137,0.4876331388950348,2.0194273,1
uf_06,40.71875_-122.03125,40.71875,-122.03125,1.2637760725630258,0.44189348816871643,1.674104,1
uf_06,40.71875_-122.09375,40.71875,-122.09375,1.2697168309751907,0.45485207438468933,1.7311683,1
uf_06,40.71875_-122.15625,40.71875,-122.15625,1.1532469253417215,0.37994083762168884,1.3598913,1
uf_06,40.71875_-122.21875,40.71875,-122.21875,1.0519290888900246,0.31065088510513306,1.1600171,1
uf_06,40.71875_-122.28125,40.71875,-122.28125,1.1661977911873171,0.31609466671943665,1.6017718,1
uf_06,40.71875_-122.34375,40.71875,-122.34375,1.1943709083425187,0.3856213092803955,1.7181463,1
uf_06,40.71875_-122.40625,40.71875,-122.40625,1.07179846771987,0.3254437744617462,1.5941372,1
uf_06,40.71875_-122.46875,40.71875,-122.46875,0.8261975140723621,0.3914792835712433,1.4379524,1
uf_06,40.71875_-122.53125,40.71875,-122.53125,0.584921907101035,0.3767455518245697,1.6661022,1
uf_06,40.71875_-122.59375,40.71875,-122.59375,0.6494298506457208,0.3740236759185791,1.6502272,1
uf_06,40.71875_-122.65625,40.71875,-122.65625,0.6871497453069263,0.37550294399261475,1.4981363,1
uf_06,40.71875_-122.71875,40.71875,-122.71875,0.6365650753470002,0.42923077940940857,2.1870873,1
uf_06,40.71875_-122.78125,40.71875,-122.78125,0.7402630724789749,0.4595857858657837,1.899304,1
uf_06,40.78125_-120.90625,40.78125,-120.90625,1.299507532417179,0.3784615397453308,1.207558,1
uf_06,40.78125_-120.96875,40.78125,-120.96875,1.2489365539843096,0.3678106367588043,1.2000744,1
uf_06,40.78125_-121.03125,40.78125,-121.03125,1.278458906327219,0.36023667454719543,1.1205401,1
uf_06,40.78125_-121.09375,40.78125,-121.09375,1.2206293251317881,0.39313608407974243,1.3350272,1
uf_06,40.78125_-121.15625,40.78125,-121.15625,1.167392955940066,0.3904733657836914,1.3539305,1
uf_06,40.78125_-121.21875,40.78125,-121.21875,1.0769985104451272,0.40970414876937866,1.5236152,1
uf_06,40.78125_-121.28125,40.78125,-121.28125,1.2881448038901748,0.3765680491924286,1.1604621,1
uf_06,40.78125_-121.34375,40.78125,-121.34375,1.3801371017940491,0.3549112379550934,0.9317687,1
uf_06,40.78125_-121.40625,40.78125,-121.40625,1.382219729344643,0.3061538338661194,0.65968335,1
uf_06,40.78125_-121.46875,40.78125,-121.46875,1.1722411147617366,0.2800000011920929,0.7972886,1
uf_06,40.78125_-121.53125,40.78125,-121.53125,0.9108158382304522,0.3427218794822693,1.332593,1
uf_06,40.78125_-121.59375,40.78125,-121.59375,1.0440965075047552,0.36331361532211304,1.3720129,1
uf_06,40.78125_-121.65625,40.78125,-121.65625,0.8596733042255168,0.4821893572807312,2.135169,1
uf_06,40.78125_-121.71875,40.78125,-121.71875,0.6978673365748067,0.515562117099762,2.3705633,1
uf_06,40.78125_-121.78125,40.78125,-121.78125,0.7582982222860966,0.5751479268074036,2.3708332,1
uf_06,40.78125_-121.84375,40.78125,-121.84375,0.7159885026782764,0.5152071118354797,2.1920264,1
uf_06,40.78125_-121.90625,40.78125,-121.90625,0.8225498291123685,0.44840237498283386,1.8978167,1
uf_06,40.78125_-121.96875,40.78125,-121.96875,1.1837822574600252,0.44958579540252686,1.8980019,1
uf_06,40.78125_-122.03125,40.78125,-122.03125,1.2195757021287508,0.5257396697998047,2.6827292,1
uf_06,40.78125_-122.09375,40.78125,-122.09375,1.1995796178792921,0.5224260091781616,2.5464988,1
uf_06,40.78125_-122.15625,40.78125,-122.15625,1.1941854475716478,0.3883431851863861,2.0547018,1
uf_06,40.78125_-122.21875,40.78125,-122.21875,1.174292075987105,0.3279881775379181,1.817619,1
uf_06,40.78125_-122.28125,40.78125,-122.28125,0.9564730116631477,0.34396448731422424,1.813641,1
uf_06,40.78125_-122.34375,40.78125,-122.34375,1.1166476513280617,0.29420119524002075,1.7153546,1
uf_06,40.78125_-122.40625,40.78125,-122.40625,0.9249640166657043,0.21213017404079437,1.348731,1
uf_06,40.78125_-122.46875,40.78125,-122.46875,0.6695298424536349,0.4146745502948761,2.0808425,1
uf_06,40.78125_-122.53125,40.78125,-122.53125,0.6719440951539948,0.42331361770629883,2.2681193,1
uf_06,40.78125_-122.59375,40.78125,-122.59375,0.7629320463773317,0.41863906383514404,2.148946,1
uf_06,40.78125_-122.65625,40.78125,-122.65625,0.6375529497013359,0.34662720561027527,2.1693225,1
uf_06,40.78125_-122.71875,40.78125,-122.71875,0.6325243968510748,0.4816568195819855,2.5256937,1
uf_06,40.84375_-120.84375,40.84375,-120.84375,1.501684032049475,0.3368639051914215,0.87257576,1
uf_06,40.84375_-120.90625,40.84375,-120.90625,1.3816236008856024,0.36544379591941833,0.982036,1
uf_06,40.84375_-120.96875,40.84375,-120.96875,1.3346309925830564,0.3356804847717285,0.82394534,1
uf_06,40.84375_-121.03125,40.84375,-121.03125,1.3232616499635228,0.3188757300376892,0.6415657,1
uf_06,40.84375_-121.09375,40.84375,-121.09375,1.3882903964322368,0.3418934941291809,0.72135365,1
uf_06,40.84375_-121.15625,40.84375,-121.15625,1.2685416595505805,0.38538461923599243,1.2278392,1
uf_06,40.84375_-121.21875,40.84375,-121.21875,1.297147665382008,0.35887575149536133,1.0757858,1
uf_06,40.84375_-121.28125,40.84375,-121.28125,1.4768253572366974,0.32053253054618835,0.9871155,1
uf_06,40.84375_-121.34375,40.84375,-121.34375,1.348480927331587,0.32153844833374023,0.9645543,1
uf_06,40.84375_-121.40625,40.84375,-121.40625,1.341335259100418,0.30952662229537964,0.68655515,1
uf_06,40.84375_-121.46875,40.84375,-121.46875,1.3037767768211854,0.38999998569488525,0.687079,1
uf_06,40.84375_-121.53125,40.84375,-121.53125,1.3309939263532542,0.3784615397453308,0.9932582,1
uf_06,40.84375_-121.59375,40.84375,-121.59375,0.8939755010899288,0.4000000059604645,1.5631382,1
uf_06,40.84375_-121.65625,40.84375,-121.65625,0.7514224387475046,0.46355029940605164,2.0659227,1
uf_06,40.84375_-121.71875,40.84375,-121.71875,0.828241030292816,0.4936094582080841,2.1803472,1
uf_06,40.84375_-121.78125,40.84375,-121.78125,0.7484274941410414,0.44532543420791626,2.096655,1
uf_06,40.84375_-121.84375,40.84375,-121.84375,0.7157221914976799,0.46715977787971497,2.1103256,1
uf_06,40.84375_-121.90625,40.84375,-121.90625,0.8476262036443484,0.42810651659965515,1.8743039,1
uf_06,40.84375_-121.96875,40.84375,-121.96875,1.1794071574202674,0.5020710229873657,2.4008226,1
uf_06,40.84375_-122.03125,40.84375,-122.03125,1.1149115924138564,0.5766863822937012,3.127337,1
uf_06,40.84375_-122.09375,40.84375,-122.09375,1.0316461968531145,0.6105325222015381,3.170113,1
uf_06,40.84375_-122.15625,40.84375,-122.15625,1.1162297856164787,0.5988757610321045,3.214111,1
uf_06,40.84375_-122.21875,40.84375,-122.21875,1.0897659352647808,0.5583431720733643,2.72615,1
uf_06,40.84375_-122.28125,40.84375,-122.28125,1.1888594234084215,0.480236679315567,2.4393423,1
uf_06,40.84375_-122.34375,40.84375,-122.34375,1.1830381217106014,0.43508875370025635,2.1017182,1
uf_06,40.84375_-122.40625,40.84375,-122.40625,0.9676876589209645,0.32846152782440186,1.5671813,1
uf_06,40.84375_-122.46875,40.84375,-122.46875,1.0470184683983779,0.4645562171936035,2.2319267,1
uf_06,40.84375_-122.53125,40.84375,-122.53125,0.6513806396807973,0.386982262134552,2.0049474,1
uf_06,40.84375_-122.59375,40.84375,-122.59375,0.6810818546299668,0.3811834454536438,2.3036861,1
uf_06,40.84375_-122.65625,40.84375,-122.65625,0.6266541374351068,0.4375147819519043,2.534181,1
uf_06,40.90625_-120.78125,40.90625,-120.78125,1.4913927072473512,0.3700000047683716,0.560331,1
uf_06,40.90625_-120.84375,40.90625,-120.84375,1.4996421609554678,0.3039644956588745,0.4467781,1
uf_06,40.90625_-120.90625,40.90625,-120.90625,1.4307077175859026,0.28260356187820435,0.38256484,1
uf_06,40.90625_-120.96875,40.90625,-120.96875,1.3757988935214778,0.2718935012817383,0.37542787,1
uf_06,40.90625_-121.03125,40.90625,-121.03125,1.4549555983546176,0.27721893787384033,0.4900945,1
uf_06,40.90625_-121.09375,40.90625,-121.09375,1.4244048188042395,0.3382840156555176,0.6494645,1
uf_06,40.90625_-121.15625,40.90625,-121.15625,1.4769197977487565,0.32692307233810425,0.59286356,1
uf_06,40.90625_-121.21875,40.90625,-121.21875,1.446691074646978,0.3459171652793884,0.86589473,1
uf_06,40.90625_-121.28125,40.90625,-121.28125,1.3796866137728727,0.33816567063331604,0.6387712,1
uf_06,40.90625_-121.34375,40.90625,-121.34375,1.4527238289944497,0.34088757634162903,0.6801955,1
uf_06,40.90625_-121.40625,40.90625,-121.40625,1.434813943627744,0.3284023702144623,0.5741639,1
uf_06,40.90625_-121.46875,40.90625,-121.46875,1.3247318420063823,0.3284023702144623,0.589437,1
uf_06,40.90625_-121.53125,40.90625,-121.53125,1.341291784289301,0.3320710062980652,0.79023093,1
uf_06,40.90625_-121.59375,40.90625,-121.59375,1.2354821145639052,0.359112411737442,0.9870652,1
uf_06,40.90625_-121.65625,40.90625,-121.65625,1.293159810696608,0.3434911370277405,1.1508694,1
uf_06,40.90625_-121.71875,40.90625,-121.71875,0.9638851849647889,0.34976330399513245,1.6407601,1
uf_06,40.90625_-121.78125,40.90625,-121.78125,0.7643627539104905,0.4398224949836731,2.2730386,1
uf_06,40.90625_-121.84375,40.90625,-121.84375,0.6955216418353591,0.455443799495697,1.9718812,1
uf_06,40.90625_-121.90625,40.90625,-121.90625,0.9040764065298823,0.48053255677223206,2.5268123,1
uf_06,40.90625_-121.96875,40.90625,-121.96875,1.1134418499610366,0.5649704337120056,3.002355,1
uf_06,40.90625_-122.03125,40.90625,-122.03125,1.0083436747173087,0.6329585909843445,3.3293765,1
uf_06,40.90625_-122.09375,40.90625,-122.09375,1.0283048766152085,0.6138461828231812,3.3934884,1
uf_06,40.90625_-122.15625,40.90625,-122.15625,0.985124565531168,0.6071597337722778,3.5916278,1
uf_06,40.90625_-122.21875,40.90625,-122.21875,1.1283446442884375,0.48639053106307983,2.6386418,1
uf_06,40.90625_-122.28125,40.90625,-122.28125,1.0660103008725745,0.4359763264656067,2.7970583,1
uf_06,40.90625_-122.34375,40.90625,-122.34375,0.9357504265282268,0.3614201247692108,2.6232517,1
uf_06,40.90625_-122.40625,40.90625,-122.40625,1.211076620175261,0.4363313615322113,2.0649865,1
uf_06,40.90625_-122.46875,40.90625,-122.46875,0.8058512227781045,0.5299999713897705,2.4262807,1
uf_06,40.90625_-122.53125,40.90625,-122.53125,0.6419915617451666,0.4603550434112549,2.4255323,1
uf_06,40.90625_-122.59375,40.90625,-122.59375,0.5838934590376204,0.43988165259361267,2.3076706,1
uf_06,40.90625_-122.65625,40.90625,-122.65625,0.7023373060860898,0.5014201402664185,2.2292855,1
uf_06,40.96875_-120.59375,40.96875,-120.59375,1.5047847440168347,0.23396450281143188,0.38232496,1
uf_06,40.96875_-120.65625,40.96875,-120.65625,1.5335975114317228,0.2757396399974823,0.40772435,1
uf_06,40.96875_-120.71875,40.96875,-120.71875,1.5371844767122413,0.2955029606819153,0.5411822,1
uf_06,40.96875_-120.78125,40.96875,-120.78125,1.3868255494938109,0.3202366828918457,0.9469738,1
uf_06,40.96875_-120.84375,40.96875,-120.84375,1.461151994094672,0.32881656289100647,0.7966703,1
uf_06,40.96875_-120.90625,40.96875,-120.90625,1.502791287452582,0.21958580613136292,0.31817016,1
uf_06,40.96875_-120.96875,40.96875,-120.96875,1.4846076997790183,0.2687574028968811,0.5089203,1
uf_06,40.96875_-121.03125,40.96875,-121.03125,1.358429558933991,0.281715989112854,0.83800226,1
uf_06,40.96875_-121.09375,40.96875,-121.09375,1.207472851721866,0.32668638229370117,1.1586748,1
uf_06,40.96875_-121.15625,40.96875,-121.15625,1.4299711645719033,0.2818934917449951,0.52435255,1
uf_06,40.96875_-121.21875,40.96875,-121.21875,1.3898505031205173,0.2950887680053711,0.4766498,1
uf_06,40.96875_-121.28125,40.96875,-121.28125,1.44260036440713,0.3161538541316986,0.54195917,1
uf_06,40.96875_-121.34375,40.96875,-121.34375,1.289696911351467,0.33656805753707886,0.5736882,1
uf_06,40.96875_-121.40625,40.96875,-121.40625,1.3727924186621654,0.33757397532463074,0.6083383,1
uf_06,40.96875_-121.46875,40.96875,-121.46875,1.453621069713512,0.2892899513244629,0.6481146,1
uf_06,40.96875_-121.53125,40.96875,-121.53125,1.4536082596456845,0.30792897939682007,0.70368713,1
uf_06,40.96875_-121.59375,40.96875,-121.59375,1.1378630850847327,0.2774556279182434,0.8379558,1
uf_06,40.96875_-121.65625,40.96875,-121.65625,1.385330180177637,0.3263905346393585,1.4131774,1
uf_06,40.96875_-121.71875,40.96875,-121.71875,0.877918333506747,0.3127219080924988,1.8525612,1
uf_06,40.96875_-121.78125,40.96875,-121.78125,0.6680630705502814,0.39988166093826294,2.3891263,1
uf_06,40.96875_-121.84375,40.96875,-121.84375,0.7064607841836399,0.43952661752700806,2.3220904,1
uf_06,40.96875_-121.90625,40.96875,-121.90625,0.8351753467491891,0.42254438996315,2.3732007,1
uf_06,40.96875_-121.96875,40.96875,-121.96875,0.8634979040905696,0.4760355055332184,2.7154956,1
uf_06,40.96875_-122.03125,40.96875,-122.03125,1.0284597334559378,0.49041420221328735,2.9462256,1
uf_06,40.96875_-122.09375,40.96875,-122.09375,1.0658453894640756,0.4965088665485382,3.0641062,1
uf_06,40.96875_-122.15625,40.96875,-122.15625,1.0445841943706058,0.5751479268074036,3.2963238,1
uf_06,40.96875_-122.21875,40.96875,-122.21875,1.077149640867126,0.4666863977909088,2.7754784,1
uf_06,40.96875_-122.28125,40.96875,-122.28125,0.7346102836383643,0.36449703574180603,2.5054548,1
uf_06,40.96875_-122.34375,40.96875,-122.34375,0.7871115548685768,0.3478698134422302,2.6528952,1
uf_06,40.96875_-122.40625,40.96875,-122.40625,0.7969123305516568,0.32792899012565613,2.4620605,1
uf_06,40.96875_-122.46875,40.96875,-122.46875,0.713272474456876,0.2879289984703064,2.4629557,1
uf_06,40.96875_-122.53125,40.96875,-122.53125,0.6141092207667778,0.3752070963382721,2.420303,1
uf_06,40.96875_-122.59375,40.96875,-122.59375,0.6442141863088464,0.49289941787719727,2.4784677,1
uf_06,41.03125_-120.21875,41.03125,-120.21875,1.52416270740132,0.27585798501968384,0.33149147,1
uf_06,41.03125_-120.28125,41.03125,-120.28125,1.5256034907611031,0.28573963046073914,0.33252496,1
uf_06,41.03125_-120.34375,41.03125,-120.34375,1.5193452627209627,0.272426038980484,0.37015846,1
uf_06,41.03125_-120.40625,41.03125,-120.40625,1.490618038183709,0.2569822371006012,0.3431508,1
uf_06,41.03125_-120.59375,41.03125,-120.59375,1.4343391793685667,0.25360947847366333,0.38273862,1
uf_06,41.03125_-120.65625,41.03125,-120.65625,1.503506276710241,0.23680473864078522,0.44951952,1
uf_06,41.03125_-120.71875,41.03125,-120.71875,1.5038764487546328,0.27289941906929016,0.63728976,1
uf_06,41.03125_-120.78125,41.03125,-120.78125,1.481411381962785,0.29497042298316956,0.9263392,1
uf_06,41.03125_-120.84375,41.03125,-120.84375,1.5147794762776894,0.24757397174835205,0.75356203,1
uf_06,41.03125_-120.90625,41.03125,-120.90625,1.3903607975025905,0.2975739538669586,0.78256565,1
uf_06,41.03125_-120.96875,41.03125,-120.96875,1.3256095649257698,0.3061538338661194,0.86954504,1
uf_06,41.03125_-121.03125,41.03125,-121.03125,1.2569345265869174,0.3276331424713135,0.96966505,1
uf_06,41.03125_-121.09375,41.03125,-121.09375,1.3151544570525247,0.3043195307254791,0.98719597,1
uf_06,41.03125_-121.15625,41.03125,-121.15625,1.4962042513869998,0.31840237975120544,0.6231231,1
uf_06,41.03125_-121.21875,41.03125,-121.21875,1.4254059270223793,0.31934911012649536,0.94624835,1
uf_06,41.03125_-121.28125,41.03125,-121.28125,1.5064068867933451,0.3179289996623993,0.79288286,1
uf_06,41.03125_-121.34375,41.03125,-121.34375,1.467796591657423,0.33875739574432373,0.9552374,1
uf_06,41.03125_-121.40625,41.03125,-121.40625,1.3321155729429766,0.33017751574516296,0.97218364,1
uf_06,41.03125_-121.46875,41.03125,-121.46875,1.2532143730942429,0.343313604593277,0.91172624,1
uf_06,41.03125_-121.53125,41.03125,-121.53125,1.3856454222114682,0.3134319484233856,0.8884048,1
uf_06,41.03125_-121.59375,41.03125,-121.59375,1.3597670596820364,0.3422485291957855,1.0998187,1
uf_06,41.03125_-121.65625,41.03125,-121.65625,1.041087254588354,0.32946744561195374,1.4800252,1
uf_06,41.03125_-121.71875,41.03125,-121.71875,1.1318095100761272,0.4747928977012634,2.639578,1
uf_06,41.03125_-121.78125,41.03125,-121.78125,0.8881210840854659,0.5320709943771362,3.1697314,1
uf_06,41.03125_-121.84375,41.03125,-121.84375,0.9538629856553068,0.526627242565155,2.9186742,1
uf_06,41.03125_-121.90625,41.03125,-121.90625,1.1020590316777676,0.480295866727829,2.5703254,1
uf_06,41.03125_-121.96875,41.03125,-121.96875,0.9790274551375089,0.48538461327552795,2.7873912,1
uf_06,41.03125_-122.03125,41.03125,-122.03125,0.7104069593381174,0.3724852204322815,2.491546,1
uf_06,41.03125_-122.09375,41.03125,-122.09375,0.6457147611189997,0.33000001311302185,2.1424966,1
uf_06,41.03125_-122.15625,41.03125,-122.15625,0.8715677582052107,0.5462722182273865,2.9478264,1
uf_06,41.03125_-122.21875,41.03125,-122.21875,0.9887089269126952,0.4614792764186859,2.7281148,1
uf_06,41.03125_-122.28125,41.03125,-122.28125,0.6041101319342073,0.4457988142967224,2.5979178,1
uf_06,41.03125_-122.34375,41.03125,-122.34375,0.6902398295165988,0.4409467577934265,2.9077332,1
uf_06,41.03125_-122.40625,41.03125,-122.40625,0.8685570362520465,0.32946744561195374,2.112263,1
uf_06,41.03125_-122.46875,41.03125,-122.46875,0.7520656537767316,0.2597041428089142,1.7027065,1
uf_06,41.03125_-122.53125,41.03125,-122.53125,0.6572031802526377,0.25201183557510376,1.7604103,1
uf_06,41.09375_-120.15625,41.09375,-120.15625,1.3276039078975268,0.34029585123062134,0.4918768,1
uf_06,41.09375_-120.21875,41.09375,-120.21875,1.4374211590070742,0.35976332426071167,0.46803695,1
uf_06,41.09375_-120.28125,41.09375,-120.28125,1.5540784479250673,0.3095858097076416,0.4614834,1
uf_06,41.09375_-120.34375,41.09375,-120.34375,1.502910297423033,0.280177503824234,0.41786277,1
uf_06,41.09375_-120.40625,41.09375,-120.40625,1.4775157681670126,0.1998816579580307,0.2944353,1
uf_06,41.09375_-120.46875,41.09375,-120.46875,1.4995748156178537,0.25207099318504333,0.40008402,1
uf_06,41.09375_-120.53125,41.09375,-120.53125,1.511693824439901,0.26171597838401794,0.4102157,1
uf_06,41.09375_-120.59375,41.09375,-120.59375,1.4093778148106835,0.26751479506492615,0.42835373,1
uf_06,41.09375_-120.65625,41.09375,-120.65625,1.5214861825816532,0.31603550910949707,0.44581822,1
uf_06,41.09375_-120.71875,41.09375,-120.71875,1.45427473451571,0.3117159903049469,0.46547303,1
uf_06,41.09375_-120.78125,41.09375,-120.78125,1.5125727367184492,0.28644970059394836,0.77193815,1
uf_06,41.09375_-120.84375,41.09375,-120.84375,1.5199264294293742,0.29343196749687195,0.6693083,1
uf_06,41.09375_-120.90625,41.09375,-120.90625,1.501636220087732,0.3113609552383423,0.70043826,1
uf_06,41.09375_-120.96875,41.09375,-120.96875,1.4755038375933722,0.3351479172706604,0.81402445,1
uf_06,41.09375_-121.03125,41.09375,-121.03125,1.4565740645146015,0.31875738501548767,0.48114628,1
uf_06,41.09375_-121.09375,41.09375,-121.09375,1.3331671978156359,0.2937869727611542,0.75628895,1
uf_06,41.09375_-121.15625,41.09375,-121.15625,0.9664604837339805,0.41266271471977234,0.6492113,1
uf_06,41.09375_-121.21875,41.09375,-121.21875,1.45032948204374,0.34532544016838074,1.1757816,1
uf_06,41.09375_-121.28125,41.09375,-121.28125,1.5036694273169504,0.3405325412750244,0.79583406,1
uf_06,41.09375_-121.34375,41.09375,-121.34375,1.356161110073802,0.35650888085365295,0.9167551,1
uf_06,41.09375_-121.40625,41.09375,-121.40625,1.0224936213723879,0.4229585826396942,0.88736176,1
uf_06,41.09375_-121.46875,41.09375,-121.46875,1.1039521916984625,0.33331361413002014,1.0640252,1
uf_06,41.09375_-121.53125,41.09375,-121.53125,1.2975630531234348,0.40124261379241943,1.2370449,1
uf_06,41.09375_-121.59375,41.09375,-121.59375,1.000688149629616,0.448579877614975,2.0538137,1
uf_06,41.09375_-121.65625,41.09375,-121.65625,1.0121748945495876,0.4073372781276703,2.531743,1
uf_06,41.09375_-121.71875,41.09375,-121.71875,0.8419535119746422,0.4515976309776306,2.8725045,1
uf_06,41.09375_-121.78125,41.09375,-121.78125,0.7358733250953338,0.44692307710647583,2.130965,1
uf_06,41.09375_-121.84375,41.09375,-121.84375,0.8512041848650345,0.49721893668174744,2.5131786,1
uf_06,41.09375_-121.90625,41.09375,-121.90625,1.0741215401530746,0.612958550453186,3.3904889,1
uf_06,41.09375_-121.96875,41.09375,-121.96875,0.9369651579180073,0.6068639159202576,3.44338,1
uf_06,41.09375_-122.03125,41.09375,-122.03125,0.7339407542170278,0.49408283829689026,2.8428736,1
uf_06,41.09375_-122.09375,41.09375,-122.09375,0.6407538333187918,0.4769822359085083,2.6367023,1
uf_06,41.09375_-122.15625,41.09375,-122.15625,1.0240846059600583,0.6534911394119263,3.3204594,1
uf_06,41.09375_-122.21875,41.09375,-122.21875,0.8802219846196376,0.5979290008544922,3.2183852,1
uf_06,41.09375_-122.28125,41.09375,-122.28125,0.8974917843950779,0.6023668646812439,3.1026952,1
uf_06,41.09375_-122.34375,41.09375,-122.34375,0.934696758661517,0.5323668718338013,2.7806537,1
uf_06,41.09375_-122.40625,41.09375,-122.40625,0.7507031148608594,0.518224835395813,2.0786862,1
uf_06,41.09375_-122.46875,41.09375,-122.46875,0.6516381637502335,0.4304733872413635,1.291792,1
uf_06,41.09375_-122.53125,41.09375,-122.53125,0.5866630085486059,0.4108284115791321,1.3086616,1
uf_06,41.15625_-120.15625,41.15625,-120.15625,1.1895397044231526,0.3502366840839386,0.6960269,1
uf_06,41.15625_-120.21875,41.15625,-120.21875,1.1504682297139597,0.36384615302085876,0.6569636,1
uf_06,41.15625_-120.28125,41.15625,-120.28125,1.2163138151430917,0.3264496922492981,0.756703,1
uf_06,41.15625_-120.34375,41.15625,-120.34375,1.4623222363901278,0.28278106451034546,0.51165307,1
uf_06,41.15625_-120.40625,41.15625,-120.40625,1.42569927985584,0.23911242187023163,0.44854718,1
uf_06,41.15625_-120.46875,41.15625,-120.46875,1.560445926249632,0.24017751216888428,0.4631803,1
uf_06,41.15625_-120.53125,41.15625,-120.53125,1.4671367071793728,0.26905325055122375,0.5183261,1
uf_06,41.15625_-120.59375,41.15625,-120.59375,1.3967104715581402,0.30798816680908203,0.5064236,1
uf_06,41.15625_-120.65625,41.15625,-120.65625,1.459024823165402,0.3484615385532379,0.7058948,1
uf_06,41.15625_-120.71875,41.15625,-120.71875,1.4741556068301982,0.36467456817626953,0.7679328,1
uf_06,41.15625_-120.78125,41.15625,-120.78125,1.3326407176983452,0.373786985874176,1.1366242,1
uf_06,41.15625_-120.84375,41.15625,-120.84375,1.4817569184940318,0.3403550386428833,0.7824206,1
uf_06,41.15625_-120.90625,41.15625,-120.90625,1.4750422299123471,0.3210059106349945,0.41331986,1
uf_06,41.15625_-120.96875,41.15625,-120.96875,1.2389084714331133,0.3581656813621521,0.6501141,1
uf_06,41.15625_-121.03125,41.15625,-121.03125,1.0342967508499914,0.2983431816101074,0.66842854,1
uf_06,41.15625_-121.09375,41.15625,-121.09375,0.7657361304550521,0.39834320545196533,0.7216068,1
uf_06,41.15625_-121.15625,41.15625,-121.15625,0.9230131678563667,0.3949112296104431,0.6040062,1
uf_06,41.15625_-121.21875,41.15625,-121.21875,1.3926916128933016,0.39230769872665405,1.3224772,1
uf_06,41.15625_-121.28125,41.15625,-121.28125,0.7929949473451468,0.4028402268886566,1.7630812,1
uf_06,41.15625_-121.34375,41.15625,-121.34375,1.2661197931000436,0.3582248389720917,1.0679446,1
uf_06,41.15625_-121.40625,41.15625,-121.40625,1.008571862523981,0.2376331388950348,0.45696387,1
uf_06,41.15625_-121.46875,41.15625,-121.46875,1.1968062963082702,0.26792898774147034,0.5806862,1
uf_06,41.15625_-121.53125,41.15625,-121.53125,0.9993972146636858,0.32035502791404724,0.9067381,1
uf_06,41.15625_-121.59375,41.15625,-121.59375,0.7998563843734057,0.42905324697494507,2.3734307,1
uf_06,41.15625_-121.65625,41.15625,-121.65625,0.8506652526543161,0.43491125106811523,2.6861632,1
uf_06,41.15625_-121.71875,41.15625,-121.71875,0.85950364067904,0.43603551387786865,2.2862468,1
uf_06,41.15625_-121.78125,41.15625,-121.78125,0.74195472339995,0.4317159652709961,2.0591426,1
uf_06,41.15625_-121.84375,41.15625,-121.84375,0.9045055483491788,0.5210651159286499,2.5833232,1
uf_06,41.15625_-121.90625,41.15625,-121.90625,1.0336723598523139,0.5355029702186584,2.6005402,1
uf_06,41.15625_-121.96875,41.15625,-121.96875,0.7324689871169924,0.5113017559051514,2.4509296,1
uf_06,41.15625_-122.03125,41.15625,-122.03125,0.7681918207860491,0.5201775431632996,2.8682415,1
uf_06,41.15625_-122.09375,41.15625,-122.09375,0.7804452783863431,0.5121893286705017,2.8543007,1
uf_06,41.15625_-122.15625,41.15625,-122.15625,1.021267786067662,0.61834317445755,3.3217106,1
uf_06,41.15625_-122.21875,41.15625,-122.21875,0.905004757473189,0.6346745491027832,3.2609553,1
uf_06,41.15625_-122.28125,41.15625,-122.28125,1.0933207340390898,0.5994082689285278,3.0974607,1
uf_06,41.15625_-122.34375,41.15625,-122.34375,0.8308645232163439,0.502366840839386,2.2993917,1
uf_06,41.15625_-122.40625,41.15625,-122.40625,0.7211178974945985,0.5326627492904663,2.187921,1
uf_06,41.15625_-122.46875,41.15625,-122.46875,0.6740285930240408,0.4552662670612335,1.4162631,1
uf_06,41.21875_-120.15625,41.21875,-120.15625,1.2807969838898208,0.36792898178100586,0.60981077,1
uf_06,41.21875_-120.21875,41.21875,-120.21875,1.0973343280562813,0.34313610196113586,0.6851585,1
uf_06,41.21875_-120.28125,41.21875,-120.28125,1.5529187309315344,0.3604733645915985,0.71795887,1
uf_06,41.21875_-120.34375,41.21875,-120.34375,1.48862128078295,0.3401775062084198,0.6355528,1
uf_06,41.21875_-120.40625,41.21875,-120.40625,1.491371716247778,0.2331952601671219,0.3234424,1
uf_06,41.21875_-120.46875,41.21875,-120.46875,1.4558855810676719,0.32112425565719604,0.47829387,1
uf_06,41.21875_-120.53125,41.21875,-120.53125,1.4007476242529058,0.42502957582473755,0.8044779,1
uf_06,41.21875_-120.59375,41.21875,-120.59375,1.4664766880001858,0.29171597957611084,0.44327858,1
uf_06,41.21875_-120.65625,41.21875,-120.65625,1.3079912382744143,0.35088756680488586,0.9059168,1
uf_06,41.21875_-120.71875,41.21875,-120.71875,1.151742421486382,0.3708875775337219,1.2922225,1
uf_06,41.21875_-120.78125,41.21875,-120.78125,1.186562385098976,0.3856804668903351,1.2232841,1
uf_06,41.21875_-120.84375,41.21875,-120.84375,1.4743781330301613,0.3614201247692108,0.81741333,1
uf_06,41.21875_-120.90625,41.21875,-120.90625,1.486152729090092,0.39195266366004944,0.60832345,1
uf_06,41.21875_-120.96875,41.21875,-120.96875,1.5112769185111024,0.34958580136299133,0.63650507,1
uf_06,41.21875_-121.03125,41.21875,-121.03125,1.330732686234641,0.37899407744407654,0.5136788,1
uf_06,41.21875_-121.09375,41.21875,-121.09375,1.1285774664828692,0.3771597743034363,0.60471404,1
uf_06,41.21875_-121.15625,41.21875,-121.15625,1.4030808823145435,0.27852070331573486,0.6295059,1
uf_06,41.21875_-121.21875,41.21875,-121.21875,1.403110898173118,0.30443787574768066,1.0756605,1
uf_06,41.21875_-121.28125,41.21875,-121.28125,1.181367703770527,0.3550295829772949,1.9413745,1
uf_06,41.21875_-121.34375,41.21875,-121.34375,1.0697346965660932,0.33603549003601074,1.565263,1
uf_06,41.21875_-121.40625,41.21875,-121.40625,1.4600344959681495,0.36911243200302124,0.9038878,1
uf_06,41.21875_-121.46875,41.21875,-121.46875,1.1250159864911389,0.3237278163433075,1.1058152,1
uf_06,41.21875_-121.53125,41.21875,-121.53125,1.078360510372898,0.3085798919200897,0.60445166,1
uf_06,41.21875_-121.59375,41.21875,-121.59375,1.047560511338078,0.3452070951461792,1.3318911,1
uf_06,41.21875_-121.65625,41.21875,-121.65625,0.9339137950317258,0.410591721534729,2.046545,1
uf_06,41.21875_-121.71875,41.21875,-121.71875,1.0034837798214105,0.3837278187274933,1.9969524,1
uf_06,41.21875_-121.78125,41.21875,-121.78125,0.9563738737329951,0.5268639326095581,2.605804,1
uf_06,41.21875_-121.84375,41.21875,-121.84375,0.9018509276687314,0.4681065082550049,2.358339,1
uf_06,41.21875_-121.90625,41.21875,-121.90625,0.8689713636964372,0.47514793276786804,2.623739,1
uf_06,41.21875_-121.96875,41.21875,-121.96875,0.8864677430484422,0.45928993821144104,2.709245,1
uf_06,41.21875_-122.03125,41.21875,-122.03125,0.9458528029156921,0.43739643692970276,2.6814866,1
uf_06,41.21875_-122.09375,41.21875,-122.09375,0.9603673022585331,0.4326627254486084,2.3259726,1
uf_06,41.21875_-122.15625,41.21875,-122.15625,0.8947473435888731,0.4783431887626648,2.6240308,1
uf_06,41.21875_-122.21875,41.21875,-122.21875,0.7573994495277465,0.4800591766834259,2.7116613,1
uf_06,41.21875_-122.28125,41.21875,-122.28125,0.9353984580933119,0.48360946774482727,2.6067975,1
uf_06,41.21875_-122.34375,41.21875,-122.34375,0.6643795226869949,0.49816566705703735,1.9580178,1
uf_06,41.21875_-122.40625,41.21875,-122.40625,0.6112386398224038,0.47958579659461975,1.6121315,1
uf_06,41.21875_-122.46875,41.21875,-122.46875,0.6814622907637587,0.42964497208595276,1.3716459,1
uf_06,41.21875_-122.53125,41.21875,-122.53125,0.6296481678459349,0.39970412850379944,1.1308091,1
uf_06,41.28125_-120.15625,41.28125,-120.15625,1.3507876982322307,0.30834320187568665,0.6787024,1
uf_06,41.28125_-120.21875,41.28125,-120.21875,1.1343606124884351,0.3438461422920227,0.66456676,1
uf_06,41.28125_-120.28125,41.28125,-120.28125,1.3606583425159116,0.4111834466457367,1.2421477,1
uf_06,41.28125_-120.34375,41.28125,-120.34375,1.4666077710956889,0.3454437851905823,0.6757671,1
uf_06,41.28125_-120.40625,41.28125,-120.40625,1.2130322220121936,0.3680473268032074,0.30204588,1
uf_06,41.28125_-120.46875,41.28125,-120.46875,1.0727431354093886,0.3440236747264862,0.31208146,1
uf_06,41.28125_-120.53125,41.28125,-120.53125,0.9786419604596615,0.43278107047080994,1.0330907,1
uf_06,41.28125_-120.59375,41.28125,-120.59375,1.4703149699302356,0.31005915999412537,0.47231704,1
uf_06,41.28125_-120.65625,41.28125,-120.65625,1.4252717087817202,0.26094675064086914,0.34977484,1
uf_06,41.28125_-120.71875,41.28125,-120.71875,1.407166444586507,0.31573963165283203,0.9380526,1
uf_06,41.28125_-120.78125,41.28125,-120.78125,0.9639537216146203,0.36059170961380005,1.4738536,1
uf_06,41.28125_-120.84375,41.28125,-120.84375,1.3740556797571868,0.3742011785507202,1.0952239,1
uf_06,41.28125_-120.90625,41.28125,-120.90625,1.4263412809476472,0.3533135950565338,0.9692686,1
uf_06,41.28125_-120.96875,41.28125,-120.96875,1.4435240630383932,0.2817751467227936,1.0528831,1
uf_06,41.28125_-121.03125,41.28125,-121.03125,1.3063709055337238,0.27313610911369324,1.102858,1
uf_06,41.28125_-121.09375,41.28125,-121.09375,1.5042851564417101,0.3244970440864563,0.60523206,1
uf_06,41.28125_-121.15625,41.28125,-121.15625,1.4861273116684386,0.3304733633995056,0.5581289,1
uf_06,41.28125_-121.21875,41.28125,-121.21875,1.3166603481934835,0.30289942026138306,0.88467616,1
uf_06,41.28125_-121.28125,41.28125,-121.28125,1.4431266691446543,0.3035503029823303,0.9992452,1
uf_06,41.28125_-121.34375,41.28125,-121.34375,1.151673122396894,0.3742011785507202,1.7821358,1
uf_06,41.28125_-121.40625,41.28125,-121.40625,1.0801232260920925,0.3356804847717285,1.4519347,1
uf_06,41.28125_-121.46875,41.28125,-121.46875,1.0444504920825886,0.3728994131088257,1.5653908,1
uf_06,41.28125_-121.53125,41.28125,-121.53125,1.170615730315634,0.348698228597641,1.2123029,1
uf_06,41.28125_-121.59375,41.28125,-121.59375,1.2452768852931249,0.34686389565467834,1.0644879,1
uf_06,41.28125_-121.65625,41.28125,-121.65625,0.8712683193291348,0.42343196272850037,2.4078677,1
uf_06,41.28125_-121.71875,41.28125,-121.71875,0.9866815071429909,0.4286390542984009,2.2339404,1
uf_06,41.28125_-121.78125,41.28125,-121.78125,1.0082667440800417,0.45674556493759155,2.3153803,1
uf_06,41.28125_-121.84375,41.28125,-121.84375,1.0976772933608876,0.414497047662735,2.1543715,1
uf_06,41.28125_-121.90625,41.28125,-121.90625,1.0526898255592083,0.4804733693599701,2.451031,1
uf_06,41.28125_-121.96875,41.28125,-121.96875,1.1881005878798552,0.37177515029907227,1.4482188,1
uf_06,41.28125_-122.03125,41.28125,-122.03125,1.152562364752904,0.37100592255592346,1.6380792,1
uf_06,41.28125_-122.09375,41.28125,-122.09375,0.9965570774388307,0.44781064987182617,2.0340214,1
uf_06,41.28125_-122.15625,41.28125,-122.15625,0.9197290370975469,0.4197041392326355,2.2253525,1
uf_06,41.28125_-122.21875,41.28125,-122.21875,0.8530690604765607,0.44071006774902344,2.025674,1
uf_06,41.28125_-122.28125,41.28125,-122.28125,0.7908681691759478,0.3838461637496948,2.1407855,1
uf_06,41.28125_-122.34375,41.28125,-122.34375,0.7282706876902068,0.46100592613220215,2.27362,1
uf_06,41.28125_-122.40625,41.28125,-122.40625,0.8754228149716755,0.5097041130065918,2.0598931,1
uf_06,41.28125_-122.46875,41.28125,-122.46875,0.8379061382618207,0.3364497125148773,1.0123123,1
uf_06,41.28125_-122.53125,41.28125,-122.53125,0.6197140294736856,0.37739646434783936,1.0933628,1
uf_06,41.34375_-120.21875,41.34375,-120.21875,1.1509466123510776,0.30621302127838135,0.5542455,1
uf_06,41.34375_-120.28125,41.34375,-120.28125,1.0275312896836593,0.42810651659965515,1.2849572,1
uf_06,41.34375_-120.34375,41.34375,-120.34375,1.3944036994904447,0.356449693441391,0.77409804,1
uf_06,41.34375_-120.40625,41.34375,-120.40625,1.180850142766567,0.30017751455307007,0.30853418,1
uf_06,41.34375_-120.46875,41.34375,-120.46875,1.2500784877059763,0.2752071022987366,0.28717595,1
uf_06,41.34375_-120.53125,41.34375,-120.53125,1.274370410299254,0.19650886952877045,0.7698511,1
uf_06,41.34375_-120.59375,41.34375,-120.59375,1.4965769555443484,0.22165679931640625,0.45766178,1
uf_06,41.34375_-120.65625,41.34375,-120.65625,1.2975107702517303,0.2521893382072449,0.3803986,1
uf_06,41.34375_-120.71875,41.34375,-120.71875,1.3712850868816417,0.28165680170059204,0.64256334,1
uf_06,41.34375_-120.78125,41.34375,-120.78125,1.0781528574036445,0.37899407744407654,1.2931751,1
uf_06,41.34375_-120.84375,41.34375,-120.84375,1.1381781966373385,0.3680473268032074,1.2427151,1
uf_06,41.34375_-120.90625,41.34375,-120.90625,1.4975736787244283,0.3305325508117676,0.89632297,1
uf_06,41.34375_-120.96875,41.34375,-120.96875,1.391132237645706,0.325029581785202,1.0471945,1
uf_06,41.34375_-121.03125,41.34375,-121.03125,1.3823082525116748,0.3403550386428833,0.95869136,1
uf_06,41.34375_-121.09375,41.34375,-121.09375,1.5322230527478173,0.3082840144634247,0.6056292,1
uf_06,41.34375_-121.15625,41.34375,-121.15625,1.5006564552203183,0.32810652256011963,0.71441656,1
uf_06,41.34375_-121.21875,41.34375,-121.21875,0.9484345746187135,0.33544379472732544,1.2239139,1
uf_06,41.34375_-121.28125,41.34375,-121.28125,1.362484989788899,0.27875739336013794,0.6940401,1
uf_06,41.34375_-121.34375,41.34375,-121.34375,1.1187692998592063,0.3392307758331299,1.117864,1
uf_06,41.34375_-121.40625,41.34375,-121.40625,1.0494363521083216,0.33739644289016724,1.183157,1
uf_06,41.34375_-121.46875,41.34375,-121.46875,1.0912291678459836,0.31603550910949707,1.157974,1
uf_06,41.34375_-121.53125,41.34375,-121.53125,1.2449939922247832,0.3786390423774719,1.3129013,1
uf_06,41.34375_-121.59375,41.34375,-121.59375,1.2926872992604157,0.3476923108100891,1.0084534,1
uf_06,41.34375_-121.65625,41.34375,-121.65625,0.9158881571310852,0.424970418214798,2.1488569,1
uf_06,41.34375_-121.71875,41.34375,-121.71875,1.0034485301624574,0.41414201259613037,1.8127016,1
uf_06,41.34375_-121.78125,41.34375,-121.78125,0.9727507643207343,0.4253254532814026,2.0280285,1
uf_06,41.34375_-121.84375,41.34375,-121.84375,0.9999650743912992,0.5110650658607483,2.2640805,1
uf_06,41.34375_-121.90625,41.34375,-121.90625,1.0224634143149998,0.49071004986763,2.372047,1
uf_06,41.34375_-121.96875,41.34375,-121.96875,1.031002771232293,0.38183432817459106,1.7664591,1
uf_06,41.34375_-122.03125,41.34375,-122.03125,0.9763661238773129,0.434201180934906,2.0449827,1
uf_06,41.34375_-122.09375,41.34375,-122.09375,0.9387639523954852,0.45130178332328796,1.6667751,1
uf_06,41.34375_-122.15625,41.34375,-122.15625,0.9877823661804443,0.3978698253631592,1.2333779,1
uf_06,41.34375_-122.21875,41.34375,-122.21875,0.9723899385726742,0.34449705481529236,1.0422103,1
uf_06,41.34375_-122.28125,41.34375,-122.28125,0.780380742788964,0.41402366757392883,2.1182134,1
uf_06,41.34375_-122.34375,41.34375,-122.34375,0.6666316550911024,0.3147929012775421,1.5538762,1
uf_06,41.34375_-122.40625,41.34375,-122.40625,0.6830992662740871,0.4372780919075012,1.8869302,1
uf_06,41.34375_-122.46875,41.34375,-122.46875,0.8955604292736676,0.2792307734489441,0.9060661,1
uf_06,41.40625_-120.21875,41.40625,-120.21875,1.2599168389296915,0.27733728289604187,0.5441634,1
uf_06,41.40625_-120.28125,41.40625,-120.28125,1.165912120724812,0.38958579301834106,1.042735,1
uf_06,41.40625_-120.34375,41.40625,-120.34375,1.4008601916516201,0.3653254508972168,0.77762544,1
uf_06,41.40625_-120.40625,41.40625,-120.40625,1.2367249994198484,0.30988165736198425,0.31670934,1
uf_06,41.40625_-120.46875,41.40625,-120.46875,1.357887876251454,0.31159764528274536,0.4243632,1
uf_06,41.40625_-120.53125,41.40625,-120.53125,1.302805409444284,0.28952664136886597,0.5823742,1
uf_06,41.40625_-120.59375,41.40625,-120.59375,1.4870761872591656,0.1668047308921814,0.46278757,1
uf_06,41.40625_-120.65625,41.40625,-120.65625,1.431669008827647,0.2097633183002472,0.2971153,1
uf_06,41.40625_-120.71875,41.40625,-120.71875,1.087156420181275,0.3248520791530609,0.46485066,1
uf_06,41.40625_-120.78125,41.40625,-120.78125,1.4484605253751455,0.36467456817626953,0.6435119,1
uf_06,41.40625_-120.84375,41.40625,-120.84375,1.413968375351729,0.3554437756538391,0.86696285,1
uf_06,41.40625_-120.90625,41.40625,-120.90625,1.487165641232068,0.3655029535293579,0.7370952,1
uf_06,41.40625_-120.96875,41.40625,-120.96875,1.5040136475550416,0.2474556267261505,0.610241,1
uf_06,41.40625_-121.03125,41.40625,-121.03125,1.4963530276753465,0.23207101225852966,0.77091336,1
uf_06,41.40625_-121.09375,41.40625,-121.09375,1.546692057214289,0.280177503824234,0.92057276,1
uf_06,41.40625_-121.15625,41.40625,-121.15625,1.3223729058464808,0.33680474758148193,1.0452591,1
uf_06,41.40625_-121.21875,41.40625,-121.21875,1.111264126799842,0.31284022331237793,0.94890225,1
uf_06,41.40625_-121.28125,41.40625,-121.28125,1.1390083253633785,0.29869821667671204,0.803452,1
uf_06,41.40625_-121.34375,41.40625,-121.34375,1.390482885887168,0.31029585003852844,0.8416338,1
uf_06,41.40625_-121.40625,41.40625,-121.40625,1.4320861065610186,0.31372779607772827,0.9708075,1
uf_06,41.40625_-121.46875,41.40625,-121.46875,1.2703621890356398,0.35846152901649475,1.2564564,1
uf_06,41.40625_-121.53125,41.40625,-121.53125,1.32774036224603,0.3752070963382721,1.1948302,1
uf_06,41.40625_-121.59375,41.40625,-121.59375,1.2605637597526806,0.377692312002182,1.4070054,1
uf_06,41.40625_-121.65625,41.40625,-121.65625,1.2241709792070898,0.3559763431549072,1.442351,1
uf_06,41.40625_-121.71875,41.40625,-121.71875,1.1215987095630982,0.4001775085926056,1.6493847,1
uf_06,41.40625_-121.78125,41.40625,-121.78125,1.0715304256886782,0.3995858132839203,1.8889608,1
uf_06,41.40625_-121.84375,41.40625,-121.84375,0.9309799828240944,0.41112425923347473,1.5148482,1
uf_06,41.40625_-121.90625,41.40625,-121.90625,1.0427649232715743,0.39171597361564636,1.7877591,1
uf_06,41.40625_-121.96875,41.40625,-121.96875,0.994220355001746,0.4580473303794861,2.1309452,1
uf_06,41.40625_-122.03125,41.40625,-122.03125,0.9694186778064269,0.4363905191421509,1.6975337,1
uf_06,41.40625_-122.09375,41.40625,-122.09375,0.9699477723145067,0.4139053225517273,1.2238898,1
uf_06,41.40625_-122.15625,41.40625,-122.15625,1.285869252510934,0.10071005672216415,0.29970014,1
uf_06,41.40625_-122.21875,41.40625,-122.21875,0.9732784519106905,0.03343195095658302,0.19409122,1
uf_06,41.40625_-122.28125,41.40625,-122.28125,0.6395148022394682,0.3413017690181732,1.4129539,1
uf_06,41.40625_-122.34375,41.40625,-122.34375,0.7659650627403695,0.3390532433986664,1.3202317,1
uf_06,41.40625_-122.40625,41.40625,-122.40625,0.7703375918572587,0.36289942264556885,1.4307368,1
uf_06,41.46875_-120.21875,41.46875,-120.21875,1.4838818273392622,0.2523076832294464,0.61296934,1
uf_06,41.46875_-120.28125,41.46875,-120.28125,1.5086958663175443,0.28804734349250793,0.8188899,1
uf_06,41.46875_-120.34375,41.46875,-120.34375,1.5221183359585126,0.2995857894420624,0.5869735,1
uf_06,41.46875_-120.40625,41.46875,-120.40625,1.4524280725645826,0.3549112379550934,0.4368725,1
uf_06,41.46875_-120.46875,41.46875,-120.46875,1.376677808861789,0.3765680491924286,0.6541899,1
uf_06,41.46875_-120.53125,41.46875,-120.53125,1.2640990865434976,0.3419526517391205,0.7137108,1
uf_06,41.46875_-120.59375,41.46875,-120.59375,1.4936908184055755,0.24674555659294128,0.41013098,1
uf_06,41.46875_-120.65625,41.46875,-120.65625,1.4553806554818838,0.2824852168560028,0.38739365,1
uf_06,41.46875_-120.71875,41.46875,-120.71875,1.4188181746171498,0.3214201331138611,0.5246536,1
uf_06,41.46875_-120.78125,41.46875,-120.78125,1.3604955354013173,0.34242603182792664,0.6108721,1
uf_06,41.46875_-120.84375,41.46875,-120.84375,1.5121760364991474,0.3369230628013611,0.4934571,1
uf_06,41.46875_-120.90625,41.46875,-120.90625,1.519325495254942,0.3078698217868805,0.46557388,1
uf_06,41.46875_-120.96875,41.46875,-120.96875,1.5181788017903084,0.2706508934497833,0.68481344,1
uf_06,41.46875_-121.03125,41.46875,-121.03125,1.4669948669508217,0.24502958357334137,0.73347145,1
uf_06,41.46875_-121.09375,41.46875,-121.09375,1.3657564400453386,0.30218935012817383,0.98248017,1
uf_06,41.46875_-121.15625,41.46875,-121.15625,1.291610891450591,0.3270414173603058,0.9206411,1
uf_06,41.46875_-121.21875,41.46875,-121.21875,1.1458482360724833,0.3154437839984894,0.7090881,1
uf_06,41.46875_-121.28125,41.46875,-121.28125,1.2331590767896312,0.3700000047683716,1.0430691,1
uf_06,41.46875_-121.34375,41.46875,-121.34375,1.3332049458518718,0.33307692408561707,0.80784625,1
uf_06,41.46875_-121.40625,41.46875,-121.40625,1.0953847860627755,0.36000001430511475,0.8008471,1
uf_06,41.46875_-121.46875,41.46875,-121.46875,1.0774545361573917,0.38147929310798645,1.8944397,1
uf_06,41.46875_-121.53125,41.46875,-121.53125,1.3891505921809277,0.18124260008335114,1.0621034,1
uf_06,41.46875_-121.59375,41.46875,-121.59375,1.334301358646196,0.33159762620925903,1.2759509,1
uf_06,41.46875_-121.65625,41.46875,-121.65625,1.3473020498609043,0.29828402400016785,1.1175455,1
uf_06,41.46875_-121.71875,41.46875,-121.71875,1.1545479728727028,0.35846152901649475,1.4801626,1
uf_06,41.46875_-121.78125,41.46875,-121.78125,0.9547396512149648,0.40840235352516174,1.9529657,1
uf_06,41.46875_-121.84375,41.46875,-121.84375,0.9897768678089454,0.39153847098350525,1.6835814,1
uf_06,41.46875_-121.90625,41.46875,-121.90625,0.9097836310677485,0.3353254497051239,1.6563197,1
uf_06,41.46875_-121.96875,41.46875,-121.96875,0.8180849275816161,0.39266273379325867,1.3746107,1
uf_06,41.46875_-122.03125,41.46875,-122.03125,0.7979632785106687,0.39834320545196533,1.2602075,1
uf_06,41.46875_-122.09375,41.46875,-122.09375,1.036167635579896,0.40355029702186584,1.3128881,1
uf_06,41.53125_-120.28125,41.53125,-120.28125,1.1076249904146778,0.3504733741283417,0.83732057,1
uf_06,41.53125_-120.34375,41.53125,-120.34375,1.5630933885944978,0.3376923203468323,0.60940844,1
uf_06,41.53125_-120.40625,41.53125,-120.40625,1.496300792270827,0.32378697395324707,0.4679352,1
uf_06,41.53125_-120.46875,41.53125,-120.46875,1.5045886903193948,0.3020710051059723,0.5023332,1
uf_06,41.53125_-120.53125,41.53125,-120.53125,1.4937428156832095,0.2718935012817383,0.5101088,1
uf_06,41.53125_-120.59375,41.53125,-120.59375,1.4736165602794693,0.28804734349250793,0.39887884,1
uf_06,41.53125_-120.65625,41.53125,-120.65625,1.351486784923964,0.23532544076442719,0.27043223,1
uf_06,41.53125_-120.71875,41.53125,-120.71875,1.4277405983004434,0.24147929251194,0.30805078,1
uf_06,41.53125_-120.78125,41.53125,-120.78125,1.4453468957837827,0.24946746230125427,0.3561387,1
uf_06,41.53125_-120.84375,41.53125,-120.84375,1.4356247606656853,0.22893491387367249,0.29609898,1
uf_06,41.53125_-120.90625,41.53125,-120.90625,1.4865965732528528,0.2790532410144806,0.41469577,1
uf_06,41.53125_-120.96875,41.53125,-120.96875,1.4435467424006931,0.26497042179107666,0.5760255,1
uf_06,41.53125_-121.03125,41.53125,-121.03125,1.370908860354454,0.2739644944667816,0.56476307,1
uf_06,41.53125_-121.09375,41.53125,-121.09375,1.360205714561602,0.2846745550632477,0.59348345,1
uf_06,41.53125_-121.15625,41.53125,-121.15625,1.4216214245435719,0.28999999165534973,0.743394,1
uf_06,41.53125_-121.21875,41.53125,-121.21875,1.4415087578134398,0.38999998569488525,0.39729986,1
uf_06,41.53125_-121.28125,41.53125,-121.28125,1.4072065574688162,0.30000001192092896,0.35014784,1
uf_06,41.53125_-121.34375,41.53125,-121.34375,1.1588612577639685,0.23999999463558197,0.5620336,1
uf_06,41.53125_-121.40625,41.53125,-121.40625,0.8703200073026804,0.3799999952316284,2.1260839,1
uf_06,41.53125_-121.46875,41.53125,-121.46875,0.8840984543423107,0.48213016986846924,2.353875,1
uf_06,41.53125_-121.53125,41.53125,-121.53125,1.1117493171004007,0.37609466910362244,1.5295564,1
uf_06,41.53125_-121.59375,41.53125,-121.59375,0.9346157574737257,0.44165679812431335,1.5216788,1
uf_06,41.53125_-121.65625,41.53125,-121.65625,1.0607628892791092,0.3786982297897339,1.2399781,1
uf_06,41.53125_-121.71875,41.53125,-121.71875,0.9750103695732777,0.3711834251880646,1.5143465,1
uf_06,41.53125_-121.78125,41.53125,-121.78125,0.8701901874753315,0.43485206365585327,1.7205534,1
uf_06,41.53125_-121.84375,41.53125,-121.84375,1.0422366489025054,0.34840238094329834,1.7883705,1
uf_06,41.53125_-121.90625,41.53125,-121.90625,0.9483207718415113,0.30289942026138306,2.021268,1
uf_06,41.59375_-120.28125,41.59375,-120.28125,1.3152444077134808,0.33887574076652527,0.74208784,1
uf_06,41.59375_-120.34375,41.59375,-120.34375,1.544436616794478,0.36017751693725586,0.7421107,1
uf_06,41.59375_-120.40625,41.59375,-120.40625,1.5167457319369977,0.343609482049942,0.4763398,1
uf_06,41.59375_-120.46875,41.59375,-120.46875,1.2726093213892082,0.2761538326740265,0.32335162,1
uf_06,41.59375_-120.53125,41.59375,-120.53125,1.2547018637532066,0.22964496910572052,0.25391656,1
uf_06,41.59375_-120.59375,41.59375,-120.59375,1.2481786952626202,0.25147929787635803,0.25878665,1
uf_06,41.59375_-120.65625,41.59375,-120.65625,1.2526766150493904,0.18745562434196472,0.22945513,1
uf_06,41.59375_-120.71875,41.59375,-120.71875,1.294038075745402,0.236863911151886,0.25537017,1
uf_06,41.59375_-120.78125,41.59375,-120.78125,1.3981426558144774,0.25319525599479675,0.2960091,1
uf_06,41.59375_-120.84375,41.59375,-120.84375,1.441921233729113,0.2161538451910019,0.2871569,1
uf_06,41.59375_-120.90625,41.59375,-120.90625,1.406561140278261,0.41999998688697815,0.5284117,1
uf_06,41.59375_-120.96875,41.59375,-120.96875,1.175820815127546,0.34236687421798706,1.0729499,1
uf_06,41.59375_-121.03125,41.59375,-121.03125,1.1402551611653322,0.3163313567638397,0.93448865,1
uf_06,41.59375_-121.28125,41.59375,-121.28125,1.2613770435226055,0.25,0.33143932,1
uf_06,41.59375_-121.34375,41.59375,-121.34375,1.1057312291838557,0.3499999940395355,0.5562577,1
uf_06,41.59375_-121.40625,41.59375,-121.40625,0.9245153762133818,0.3499999940395355,1.5329064,1
uf_06,41.59375_-121.46875,41.59375,-121.46875,1.1264008623998643,0.4300000071525574,1.0106794,1
uf_06,41.59375_-121.53125,41.59375,-121.53125,1.0623658652284145,0.3076923191547394,0.8463864,1
uf_06,41.59375_-121.59375,41.59375,-121.59375,1.0125019632957826,0.3494674563407898,1.013287,1
uf_06,41.59375_-121.65625,41.59375,-121.65625,1.0601756857565854,0.31431952118873596,1.2640371,1
uf_06,41.59375_-121.71875,41.59375,-121.71875,1.1185050989472498,0.2897041440010071,1.8683828,1
uf_06,41.65625_-120.28125,41.65625,-120.28125,1.2188590810294926,0.3598816692829132,0.83866364,1
uf_06,41.65625_-120.34375,41.65625,-120.34375,1.4762486339743406,0.36816567182540894,0.8532213,1
uf_06,41.65625_-120.40625,41.65625,-120.40625,1.48806872432958,0.35751479864120483,0.5870151,1
uf_06,41.65625_-120.46875,41.65625,-120.46875,1.2940026963633016,0.2507692277431488,0.3038564,1
uf_06,41.65625_-120.53125,41.65625,-120.53125,1.263947494623399,0.20923076570034027,0.25073883,1
uf_06,41.65625_-120.59375,41.65625,-120.59375,0.9890771207980544,0.20674556493759155,0.20578942,1
uf_06,41.65625_-120.65625,41.65625,-120.65625,1.1310171975696777,0.21431952714920044,0.23414728,1
uf_06,41.65625_-120.71875,41.65625,-120.71875,1.309479667933492,0.2547928988933563,0.2850482,1
uf_06,41.65625_-120.78125,41.65625,-120.78125,1.2884287620437767,0.24597632884979248,0.29155815,1
uf_06,41.65625_-120.84375,41.65625,-120.84375,1.297372075634327,0.23769231140613556,0.26826882,1
uf_06,41.65625_-121.28125,41.65625,-121.28125,1.337173583761913,0.0,0.31147882,1
uf_06,41.71875_-120.28125,41.71875,-120.28125,0.9105110928138302,0.4469822347164154,1.2958511,1
uf_06,41.71875_-120.34375,41.71875,-120.34375,1.496010322714545,0.3748520612716675,0.85183114,1
uf_06,41.71875_-120.40625,41.71875,-120.40625,1.0223536713063384,0.3857988119125366,0.57820565,1
uf_06,41.71875_-120.46875,41.71875,-120.46875,0.9080107754740503,0.29633137583732605,0.37106743,1
uf_06,41.71875_-120.53125,41.71875,-120.53125,1.335033144757107,0.30000001192092896,0.3349935,1
uf_06,41.71875_-120.59375,41.71875,-120.59375,1.2497155764643924,0.2350887507200241,0.27444625,1
uf_06,41.71875_-120.65625,41.71875,-120.65625,1.206418799930931,0.20041419565677643,0.21970609,1
uf_06,41.71875_-120.71875,41.71875,-120.71875,1.3903950199199069,0.25088757276535034,0.42809418,1
uf_06,41.71875_-120.78125,41.71875,-120.78125,1.3099375493832115,0.23461538553237915,0.30869186,1
uf_06,41.78125_-120.53125,41.78125,-120.53125,1.4432863275537224,0.5199999809265137,0.3268896,1
uf_06,41.78125_-120.59375,41.78125,-120.59375,1.258515547741839,0.2411242574453354,0.27956566,1
uf_06,41.78125_-120.65625,41.78125,-120.65625,1.205766087160277,0.21621301770210266,0.23775719,1
uf_06,41.78125_-120.71875,41.78125,-120.71875,1.2841398925458978,0.3400000035762787,0.25192794,1
uf_06,41.84375_-120.53125,41.84375,-120.53125,1.3897830324523153,0.3499999940395355,0.8317802,1
uf_06,41.84375_-120.59375,41.84375,-120.59375,1.4411777735430764,0.15000000596046448,0.3570909,1
uf_07,39.65625_-121.59375,39.65625,-121.59375,0.8204506517478999,0.374970406293869,1.1023724,1
uf_07,39.65625_-121.65625,39.65625,-121.65625,0.8270994796053703,0.3700000047683716,1.1165018,1
uf_07,39.65625_-121.71875,39.65625,-121.71875,0.8172257313042653,0.3499999940395355,0.6090752,1
uf_07,39.71875_-121.59375,39.71875,-121.59375,1.0190818436480176,0.2862130105495453,1.3437617,1
uf_07,39.71875_-121.65625,39.71875,-121.65625,0.8761637597983816,0.36000001430511475,1.1034424,1
uf_07,39.71875_-121.71875,39.71875,-121.71875,0.896961793710784,0.0,0.56415635,1
uf_07,39.71875_-121.78125,39.71875,-121.78125,1.0860887167157065,0.3400000035762787,0.56415635,1
uf_07,39.78125_-121.59375,39.78125,-121.59375,0.9744212469758466,0.2571597695350647,1.8702519,1
uf_07,39.78125_-121.65625,39.78125,-121.65625,1.0550345645431498,0.0,1.4610758,1
uf_07,39.78125_-121.71875,39.78125,-121.71875,0.9168230592335886,0.33000001311302185,1.3516271,1
uf_07,39.78125_-121.78125,39.78125,-121.78125,0.8804978188493267,0.27000001072883606,0.96545583,1
uf_07,39.78125_-121.84375,39.78125,-121.84375,0.9915236697222995,0.0,0.6178092,1
uf_07,39.84375_-121.53125,39.84375,-121.53125,0.6207733462662628,0.41846153140068054,2.5083668,1
uf_07,39.84375_-121.59375,39.84375,-121.59375,0.6751608798365141,0.4295857846736908,2.690203,1
uf_07,39.84375_-121.65625,39.84375,-121.65625,0.833927178766125,0.6200000047683716,2.3576825,1
uf_07,39.84375_-121.71875,39.84375,-121.71875,0.9341916994615449,0.25,1.9247674,1
uf_07,39.84375_-121.78125,39.84375,-121.78125,0.9072648087167205,0.550000011920929,1.1763933,1
uf_07,39.84375_-121.84375,39.84375,-121.84375,0.7779131381346389,0.0,0.9313971,1
uf_07,39.90625_-121.53125,39.90625,-121.53125,0.6195577529922806,0.5330177545547485,2.9481268,1
uf_07,39.90625_-121.59375,39.90625,-121.59375,0.5907402661301434,0.581952691078186,3.31151,1
uf_07,39.90625_-121.65625,39.90625,-121.65625,0.670038516826472,0.0,3.324609,1
uf_07,39.90625_-121.71875,39.90625,-121.71875,0.8713272621683468,0.15000000596046448,1.7840832,1
uf_07,39.90625_-121.78125,39.90625,-121.78125,0.9850094960485409,0.44999998807907104,1.4157538,1
uf_07,39.90625_-121.84375,39.90625,-121.84375,0.8493702302132118,0.15000000596046448,1.1620414,1
uf_07,39.90625_-121.90625,39.90625,-121.90625,0.634551805008951,0.25999999046325684,0.9353034,1
uf_07,39.96875_-121.53125,39.96875,-121.53125,0.6481218996093188,0.4719526767730713,2.6035116,1
uf_07,39.96875_-121.59375,39.96875,-121.59375,0.6124095899092427,0.6399999856948853,3.8704565,1
uf_07,39.96875_-121.65625,39.96875,-121.65625,0.6669985011819627,0.3499999940395355,3.1284904,1
uf_07,39.96875_-121.71875,39.96875,-121.71875,0.6999179367042968,0.44999998807907104,2.7405312,1
uf_07,39.96875_-121.78125,39.96875,-121.78125,0.9058885878601752,0.15000000596046448,1.2096959,1
uf_07,39.96875_-121.84375,39.96875,-121.84375,0.8509630594649777,0.550000011920929,1.0834837,1
uf_07,39.96875_-121.90625,39.96875,-121.90625,0.8455452114939518,0.550000011920929,0.8892109,1
uf_07,40.03125_-121.40625,40.03125,-121.40625,0.7772187397639072,0.3483431935310364,1.1016188,1
uf_07,40.03125_-121.46875,40.03125,-121.46875,0.7732072132245393,0.4444378614425659,1.8372369,1
uf_07,40.03125_-121.53125,40.03125,-121.53125,0.7554145016647628,0.46390533447265625,2.2537515,1
uf_07,40.03125_-121.59375,40.03125,-121.59375,0.6669150584849979,0.28999999165534973,2.252519,1
uf_07,40.03125_-121.65625,40.03125,-121.65625,0.7538784763640858,0.3499999940395355,2.4346328,1
uf_07,40.03125_-121.71875,40.03125,-121.71875,0.7792052440176886,0.0,1.838307,1
uf_07,40.03125_-121.78125,40.03125,-121.78125,0.9337321737456887,0.550000011920929,1.0917729,1
uf_07,40.03125_-121.84375,40.03125,-121.84375,0.9227907559782125,0.25,1.472344,1
uf_07,40.03125_-121.90625,40.03125,-121.90625,0.9038338788763698,0.550000011920929,0.95753807,1
uf_07,40.03125_-121.96875,40.03125,-121.96875,0.8226265459212989,0.3199999928474426,0.7716739,1
uf_07,40.03125_-122.03125,40.03125,-122.03125,0.6184521271142667,0.3799999952316284,0.6381362,1
uf_07,40.09375_-121.34375,40.09375,-121.34375,0.925379885567005,0.3572189211845398,1.2616981,1
uf_07,40.09375_-121.40625,40.09375,-121.40625,0.9757304553575059,0.39597633481025696,1.5862465,1
uf_07,40.09375_-121.46875,40.09375,-121.46875,0.8270945558196288,0.4143195152282715,2.1272397,1
uf_07,40.09375_-121.53125,40.09375,-121.53125,0.7545161245086183,0.3700000047683716,2.2758613,1
uf_07,40.09375_-121.59375,40.09375,-121.59375,0.6794449778793603,0.550000011920929,2.5894017,1
uf_07,40.09375_-121.65625,40.09375,-121.65625,0.8491361377373378,0.3499999940395355,2.0913405,1
uf_07,40.09375_-121.71875,40.09375,-121.71875,0.9702404535154335,0.25,0.9307453,1
uf_07,40.09375_-121.78125,40.09375,-121.78125,0.9249815325769073,0.15000000596046448,0.8896491,1
uf_07,40.09375_-121.84375,40.09375,-121.84375,0.9694408975547315,0.550000011920929,0.8671041,1
uf_07,40.09375_-121.90625,40.09375,-121.90625,0.9335321784230799,0.550000011920929,0.99839425,1
uf_07,40.09375_-121.96875,40.09375,-121.96875,0.8205577541010056,0.25,0.9006264,1
uf_07,40.09375_-122.03125,40.09375,-122.03125,0.7380785738680916,0.3799999952316284,0.8845277,1
uf_07,40.15625_-121.40625,40.15625,-121.40625,0.8429002424557392,0.41207101941108704,1.696838,1
uf_07,40.15625_-121.46875,40.15625,-121.46875,0.7041963338948347,0.5083432197570801,1.7653161,1
uf_07,40.15625_-121.53125,40.15625,-121.53125,0.6692191503559093,0.6100000143051147,1.9575039,1
uf_07,40.15625_-121.59375,40.15625,-121.59375,0.7134804617302717,0.6499999761581421,1.6997585,1
uf_07,40.15625_-121.65625,40.15625,-121.65625,0.7417166896789112,0.25,2.113266,1
uf_07,40.15625_-121.71875,40.15625,-121.71875,0.9218792987305824,0.44999998807907104,1.316618,1
uf_07,40.15625_-121.78125,40.15625,-121.78125,0.926165334322502,0.25,1.0161331,1
uf_07,40.15625_-121.84375,40.15625,-121.84375,1.0042604040717344,0.550000011920929,0.8087165,1
uf_07,40.15625_-121.90625,40.15625,-121.90625,0.8957066006535472,0.550000011920929,0.7891237,1
uf_07,40.15625_-121.96875,40.15625,-121.96875,0.8297760577205612,0.550000011920929,0.8852762,1
uf_07,40.15625_-122.03125,40.15625,-122.03125,0.8277807669929486,0.23000000417232513,0.86065423,1
uf_07,40.15625_-122.09375,40.15625,-122.09375,0.842551504584947,0.2199999988079071,0.89440966,1
uf_07,40.21875_-121.34375,40.21875,-121.34375,0.8980685601505691,0.3759763240814209,1.9994721,1
uf_07,40.21875_-121.40625,40.21875,-121.40625,0.8373120807908851,0.43680474162101746,1.9009789,1
uf_07,40.21875_-121.46875,40.21875,-121.46875,0.6304635736975159,0.4856804609298706,1.8002034,1
uf_07,40.21875_-121.53125,40.21875,-121.53125,0.7911740388652438,0.47999998927116394,1.4808738,1
uf_07,40.21875_-121.59375,40.21875,-121.59375,0.6390779764072892,0.550000011920929,2.0997972,1
uf_07,40.21875_-121.65625,40.21875,-121.65625,0.644523420555889,0.15000000596046448,1.6602377,1
uf_07,40.21875_-121.71875,40.21875,-121.71875,0.7039489119665467,0.25,2.2619135,1
uf_07,40.21875_-121.78125,40.21875,-121.78125,0.9151744837307183,0.550000011920929,1.0212817,1
uf_07,40.21875_-121.84375,40.21875,-121.84375,0.8902314570483212,0.550000011920929,0.9167545,1
uf_07,40.21875_-121.90625,40.21875,-121.90625,0.9401204137312216,0.550000011920929,0.8850909,1
uf_07,40.21875_-121.96875,40.21875,-121.96875,0.9331628640097684,0.550000011920929,0.7841203,1
uf_07,40.21875_-122.03125,40.21875,-122.03125,0.7878669308016486,0.3100000023841858,0.80317956,1
uf_07,40.21875_-122.09375,40.21875,-122.09375,0.8221541884572404,0.3100000023841858,0.7201128,1
uf_07,40.21875_-122.15625,40.21875,-122.15625,0.8038625315061989,0.38999998569488525,0.68671024,1
uf_07,40.28125_-121.34375,40.28125,-121.34375,1.19078031744334,0.3708875775337219,1.7792902,1
uf_07,40.28125_-121.40625,40.28125,-121.40625,0.932771101874868,0.44999998807907104,1.6853044,1
uf_07,40.28125_-121.46875,40.28125,-121.46875,0.7050871921129813,0.33000001311302185,1.6372538,1
uf_07,40.28125_-121.53125,40.28125,-121.53125,0.8143171661634536,0.25,1.1991024,1
uf_07,40.28125_-121.59375,40.28125,-121.59375,0.8061379714340104,0.44189348816871643,2.3171256,1
uf_07,40.28125_-121.65625,40.28125,-121.65625,0.7362070086091128,0.6499999761581421,2.3470218,1
uf_07,40.28125_-121.71875,40.28125,-121.71875,0.6692459254036082,0.550000011920929,2.431333,1
uf_07,40.28125_-121.78125,40.28125,-121.78125,0.8488293110959119,0.15000000596046448,1.3938118,1
uf_07,40.28125_-121.84375,40.28125,-121.84375,1.2034334209785738,0.550000011920929,1.0222374,1
uf_07,40.28125_-121.90625,40.28125,-121.90625,1.0096540606922315,0.25,0.81587404,1
uf_07,40.28125_-121.96875,40.28125,-121.96875,0.9060547882050172,0.15000000596046448,0.83640593,1
uf_07,40.28125_-122.03125,40.28125,-122.03125,0.7806887823814658,0.4399999976158142,0.85622305,1
uf_07,40.28125_-122.09375,40.28125,-122.09375,0.7698659940874528,0.31917160749435425,0.845821,1
uf_07,40.34375_-121.34375,40.34375,-121.34375,1.0958233317158181,0.39325442910194397,1.4649745,1
uf_07,40.34375_-121.40625,40.34375,-121.40625,1.1410462116885842,0.37899407744407654,1.3620818,1
uf_07,40.34375_-121.46875,40.34375,-121.46875,0.894656622796149,0.3870414197444916,1.5604098,1
uf_07,40.34375_-121.53125,40.34375,-121.53125,0.7910085792227244,0.4220118224620819,2.135786,1
uf_07,40.34375_-121.59375,40.34375,-121.59375,0.7288672095725482,0.4864497184753418,2.0766041,1
uf_07,40.34375_-121.65625,40.34375,-121.65625,0.6805135541041396,0.4963313639163971,2.0420055,1
uf_07,40.34375_-121.71875,40.34375,-121.71875,0.6644349921378991,0.48633137345314026,2.104982,1
uf_07,40.40625_-121.46875,40.40625,-121.46875,1.1705912181773372,0.34899407625198364,1.072738,1
uf_07,40.40625_-121.53125,40.40625,-121.53125,0.8673030913873021,0.38769230246543884,1.250224,1
uf_07,40.46875_-121.46875,40.46875,-121.46875,1.1902158541456334,0.2819526493549347,0.6209389,1
uf_07,40.46875_-121.53125,40.46875,-121.53125,0.9846664054085814,0.2546153962612152,0.5261976,1
uf_10,38.96875_-120.96875,38.96875,-120.96875,0.7124466750113382,0.42893490195274353,1.930048,1
uf_10,38.96875_-121.03125,38.96875,-121.03125,0.6346173960442654,0.33680474758148193,1.6620651,1
uf_10,38.96875_-121.09375,38.96875,-121.09375,0.8415548745314048,0.0,1.0928868,1
uf_10,38.96875_-121.15625,38.96875,-121.15625,0.6555932803552071,0.41999998688697815,1.4425153,1
uf_10,38.96875_-121.21875,38.96875,-121.21875,0.6505149756941282,0.33000001311302185,1.3517847,1
uf_10,39.03125_-120.96875,39.03125,-120.96875,0.6032270385618738,0.3685798943042755,1.9674759,1
uf_10,39.03125_-121.03125,39.03125,-121.03125,0.6472440060368555,0.44999998807907104,1.5544652,1
uf_10,39.03125_-121.09375,39.03125,-121.09375,0.8329736381242312,0.5099999904632568,1.460608,1
uf_10,39.03125_-121.15625,39.03125,-121.15625,0.7291139900402478,0.4699999988079071,1.4639131,1
uf_10,39.03125_-121.21875,39.03125,-121.21875,0.6645983559085784,0.550000011920929,0.95340276,1
uf_10,39.03125_-121.28125,39.03125,-121.28125,0.7469591884407031,0.0,0.9526996,1
uf_10,39.03125_-121.34375,39.03125,-121.34375,0.7660400915327792,0.4000000059604645,0.9630936,1
uf_10,39.09375_-120.90625,39.09375,-120.90625,0.6683834387998018,0.5113609433174133,2.5629215,1
uf_10,39.09375_-120.96875,39.09375,-120.96875,0.6512684068234686,0.35609468817710876,1.9527758,1
uf_10,39.09375_-121.03125,39.09375,-121.03125,0.6960002383011481,0.46000000834465027,1.5605469,1
uf_10,39.09375_-121.09375,39.09375,-121.09375,0.7488397594368279,0.3199999928474426,1.5814593,1
uf_10,39.09375_-121.15625,39.09375,-121.15625,0.7064887544850337,0.550000011920929,1.4486654,1
uf_10,39.09375_-121.21875,39.09375,-121.21875,0.655847746373759,0.47999998927116394,1.4483466,1
uf_10,39.09375_-121.28125,39.09375,-121.28125,0.6419204688998781,0.0,1.172428,1
uf_10,39.09375_-121.34375,39.09375,-121.34375,0.6283742216159829,0.38999998569488525,0.71321654,1
uf_10,39.15625_-120.84375,39.15625,-120.84375,0.567777210082619,0.5078698396682739,2.6871707,1
uf_10,39.15625_-120.90625,39.15625,-120.90625,0.5676174031765558,0.4976923167705536,2.672828,1
uf_10,39.15625_-120.96875,39.15625,-120.96875,0.657930552859517,0.36000001430511475,1.5708908,1
uf_10,39.15625_-121.03125,39.15625,-121.03125,0.5602730353579034,0.7099999785423279,1.6689879,1
uf_10,39.15625_-121.09375,39.15625,-121.09375,0.7686063545324229,0.4300000071525574,1.1793478,1
uf_10,39.21875_-120.71875,39.21875,-120.71875,0.6353498415928205,0.565858006477356,2.9457023,1
uf_10,39.21875_-120.78125,39.21875,-120.78125,0.5498051069208325,0.5086390376091003,2.7038293,1
uf_10,39.21875_-120.84375,39.21875,-120.84375,0.5677020655467693,0.4850887656211853,2.4659114,1
uf_10,39.21875_-120.90625,39.21875,-120.90625,0.5909272361263345,0.5099999904632568,2.0301917,1
uf_10,39.21875_-120.96875,39.21875,-120.96875,0.5332387215425554,0.6299999952316284,2.6747043,1
uf_10,39.21875_-121.03125,39.21875,-121.03125,0.5789657720464706,0.0,1.7776252,1
uf_10,39.21875_-121.09375,39.21875,-121.09375,0.6621467473823783,0.47999998927116394,1.7776252,1
uf_10,39.28125_-120.65625,39.28125,-120.65625,0.587327085218048,0.47846153378486633,1.9905075,1
uf_10,39.28125_-120.71875,39.28125,-120.71875,0.5521830943349223,0.48284024000167847,2.2829456,1
uf_10,39.28125_-120.78125,39.28125,-120.78125,0.5558075693647998,0.587041437625885,2.9247146,1
uf_10,39.28125_-120.84375,39.28125,-120.84375,0.5477532348221286,0.6000000238418579,2.545604,1
uf_10,39.28125_-120.90625,39.28125,-120.90625,0.5428410529568382,0.4932544231414795,2.976146,1
uf_10,39.28125_-120.96875,39.28125,-120.96875,0.5282442054644589,0.48207101225852966,2.9621062,1
uf_10,39.34375_-120.65625,39.34375,-120.65625,0.5790816111466357,0.4185798764228821,1.5872291,1
uf_10,39.34375_-120.71875,39.34375,-120.71875,0.5879361322676738,0.5436094403266907,2.51645,1
uf_10,39.34375_-120.78125,39.34375,-120.78125,0.5972116282889172,0.5504142045974731,2.677668,1
uf_13,38.46875_-120.53125,38.46875,-120.53125,0.5160375833620406,0.44130176305770874,2.62163,1
uf_13,38.46875_-120.59375,38.46875,-120.59375,0.5411042480237205,0.6700000166893005,3.34974,1
uf_13,38.46875_-120.65625,38.46875,-120.65625,0.5701623800261443,0.5299999713897705,1.9211146,1
uf_13,38.46875_-120.78125,38.46875,-120.78125,0.6692159480819839,0.5,1.791042,1
uf_13,38.46875_-120.84375,38.46875,-120.84375,0.7064023018347219,0.4000000059604645,1.3450874,1
uf_13,38.46875_-120.90625,38.46875,-120.90625,0.6429093227589987,0.30000001192092896,1.0941076,1
uf_13,38.46875_-120.96875,38.46875,-120.96875,0.595798078874385,0.3499999940395355,1.2767222,1
uf_13,38.46875_-121.03125,38.46875,-121.03125,0.6374607551180171,0.36000001430511475,1.3468994,1
uf_13,38.53125_-120.28125,38.53125,-120.28125,0.5590347295650833,0.4345562160015106,1.4052664,1
uf_13,38.53125_-120.34375,38.53125,-120.34375,0.548516478347913,0.5142603516578674,2.097227,1
uf_13,38.53125_-120.40625,38.53125,-120.40625,0.5370259955803219,0.5237869620323181,2.497622,1
uf_13,38.53125_-120.46875,38.53125,-120.46875,0.5326318732805926,0.5042011737823486,2.8218453,1
uf_13,38.53125_-120.53125,38.53125,-120.53125,0.5272516775826542,0.5265088677406311,2.8666446,1
uf_13,38.53125_-120.59375,38.53125,-120.59375,0.5503236187533265,0.7300000190734863,2.807659,1
uf_13,38.53125_-120.65625,38.53125,-120.65625,0.5554756501188325,0.5400000214576721,2.7632303,1
uf_13,38.53125_-120.71875,38.53125,-120.71875,0.7321568070740996,0.5099999904632568,1.7169845,1
uf_13,38.53125_-120.78125,38.53125,-120.78125,0.5550052372704047,0.4399999976158142,1.3464438,1
uf_13,38.53125_-120.84375,38.53125,-120.84375,0.737336038575975,0.46000000834465027,1.4971057,1
uf_13,38.53125_-120.90625,38.53125,-120.90625,0.6502795520117208,0.5099999904632568,1.327054,1
uf_13,38.53125_-120.96875,38.53125,-120.96875,0.6391290063204415,0.5299999713897705,1.1876516,1
uf_13,38.53125_-121.03125,38.53125,-121.03125,0.5853353947190736,0.41999998688697815,1.1338762,1
uf_13,38.59375_-120.21875,38.59375,-120.21875,0.6772174864741356,0.3766863942146301,0.99213415,1
uf_13,38.59375_-120.28125,38.59375,-120.28125,0.5751410288673902,0.4530177414417267,1.5698949,1
uf_13,38.59375_-120.34375,38.59375,-120.34375,0.5604939991015526,0.5600000023841858,2.2769084,1
uf_13,38.59375_-120.40625,38.59375,-120.40625,0.5401016315575347,0.4099999964237213,2.5469677,1
uf_13,38.59375_-120.46875,38.59375,-120.46875,0.5562830323872974,0.38999998569488525,2.8790286,1
uf_13,38.59375_-120.53125,38.59375,-120.53125,0.5585885318701261,0.3799999952316284,3.1125698,1
uf_13,38.59375_-120.59375,38.59375,-120.59375,0.5796606431073856,0.38999998569488525,2.719952,1
uf_13,38.59375_-120.65625,38.59375,-120.65625,0.5810176873355822,0.0,1.4565234,1
uf_13,38.59375_-120.71875,38.59375,-120.71875,0.6125267079040644,0.46000000834465027,1.495845,1
uf_13,38.59375_-120.78125,38.59375,-120.78125,0.7326561749667331,0.3400000035762787,1.556376,1
uf_13,38.59375_-120.84375,38.59375,-120.84375,0.6733245549851627,0.0,1.3789599,1
uf_13,38.59375_-120.90625,38.59375,-120.90625,0.6394178510681845,0.49000000953674316,1.4132644,1
uf_13,38.59375_-120.96875,38.59375,-120.96875,0.645853607928875,0.41999998688697815,1.4070979,1
uf_13,38.59375_-121.03125,38.59375,-121.03125,0.6576436339103883,0.36000001430511475,1.1641128,1
uf_13,38.65625_-120.21875,38.65625,-120.21875,0.7514184940251011,0.3163905441761017,1.3234475,1
uf_13,38.65625_-120.28125,38.65625,-120.28125,0.6305805747247168,0.35982248187065125,1.4363734,1
uf_13,38.65625_-120.34375,38.65625,-120.34375,0.5986276025870717,0.4187574088573456,1.9549093,1
uf_13,38.65625_-120.40625,38.65625,-120.40625,0.5722297174622349,0.3199999928474426,1.1966437,1
uf_13,38.65625_-120.46875,38.65625,-120.46875,0.5683313078907486,0.3499999940395355,2.896878,1
uf_13,38.65625_-120.53125,38.65625,-120.53125,0.5640607840002404,0.27000001072883606,2.8460708,1
uf_13,38.65625_-120.59375,38.65625,-120.59375,0.5824810720301318,0.44999998807907104,1.7359197,1
uf_13,38.65625_-120.65625,38.65625,-120.65625,0.627589963540641,0.6200000047683716,1.7617598,1
uf_13,38.65625_-120.71875,38.65625,-120.71875,0.5928254067544062,0.39946746826171875,1.6812677,1
uf_13,38.65625_-120.78125,38.65625,-120.78125,0.6155823806979359,0.4218343198299408,1.7828407,1
uf_13,38.65625_-120.84375,38.65625,-120.84375,0.7672741248420395,0.39331361651420593,1.4098833,1
uf_13,38.65625_-120.90625,38.65625,-120.90625,0.7257099896967794,0.3917751610279083,1.4101399,1
uf_13,38.65625_-120.96875,38.65625,-120.96875,0.8054892496705275,0.2862130105495453,1.2389095,1
uf_13,38.71875_-120.34375,38.71875,-120.34375,0.6649844235928495,0.3796449601650238,1.8983133,1
uf_13,38.71875_-120.40625,38.71875,-120.40625,0.5893891832435608,0.3585798740386963,2.1752062,1
uf_13,38.71875_-120.46875,38.71875,-120.46875,0.5744375057987421,0.3592899441719055,2.5528839,1
uf_13,38.71875_-120.53125,38.71875,-120.53125,0.5422189998517747,0.30000001192092896,3.061243,1
uf_13,38.71875_-120.59375,38.71875,-120.59375,0.5420932559960816,0.4179881513118744,2.5693362,1
uf_13,38.71875_-120.65625,38.71875,-120.65625,0.5603470969234311,0.4098816514015198,1.8365463,1
uf_13,38.71875_-120.71875,38.71875,-120.71875,0.5775387762152755,0.40295857191085815,1.8992176,1
uf_13,38.71875_-120.78125,38.71875,-120.78125,0.5942943325770539,0.3322485089302063,1.645333,1
uf_13,38.71875_-120.84375,38.71875,-120.84375,0.7239005536516909,0.2931360900402069,1.4325713,1
uf_13,38.78125_-120.46875,38.78125,-120.46875,0.6134985660473344,0.4812425971031189,2.2650657,1
uf_13,38.78125_-120.53125,38.78125,-120.53125,0.5753341645618377,0.4048520624637604,2.2786431,1
uf_20,37.21875_-119.84375,37.21875,-119.84375,0.5678191138827376,0.3400000035762787,1.1356016,1
uf_20,37.21875_-119.90625,37.21875,-119.90625,0.5709987065876424,0.0,0.7412431,1
uf_20,37.21875_-119.96875,37.21875,-119.96875,0.6787647950561064,0.0,0.9335639,1
uf_20,37.28125_-119.78125,37.28125,-119.78125,0.5808939696276775,0.3400000035762787,1.1444776,1
uf_20,37.28125_-119.84375,37.28125,-119.84375,0.592668329639796,0.3199999928474426,1.1320524,1
uf_20,37.28125_-119.90625,37.28125,-119.90625,0.6004126486260866,0.3400000035762787,1.110837,1
uf_20,37.28125_-119.96875,37.28125,-119.96875,0.5982927707649344,0.38999998569488525,1.1386658,1
uf_20,37.28125_-120.03125,37.28125,-120.03125,0.6961706545676382,0.49000000953674316,0.8638276,1
uf_20,37.34375_-119.78125,37.34375,-119.78125,0.7428468666079779,0.4399999976158142,1.2313384,1
uf_20,37.34375_-119.84375,37.34375,-119.84375,0.6403130775191828,0.41999998688697815,1.0657231,1
uf_20,37.34375_-119.90625,37.34375,-119.90625,0.6032378861376645,0.36000001430511475,1.1675175,1
uf_20,37.34375_-119.96875,37.34375,-119.96875,0.8031187777579056,0.4699999988079071,0.8662078,1
uf_20,37.34375_-120.03125,37.34375,-120.03125,0.725025448720698,0.4000000059604645,0.9048165,1
uf_20,37.40625_-119.71875,37.40625,-119.71875,0.5318851944362164,0.3700000047683716,1.56548,1
uf_20,37.40625_-119.78125,37.40625,-119.78125,0.6060437503647514,0.4699999988079071,1.4062083,1
uf_20,37.40625_-119.84375,37.40625,-119.84375,0.6015609678572496,0.3199999928474426,1.2418841,1
uf_20,37.40625_-119.90625,37.40625,-119.90625,0.5877713396475628,0.46000000834465027,1.3420199,1
uf_20,37.40625_-119.96875,37.40625,-119.96875,0.6447768634474745,0.4699999988079071,1.5146977,1
uf_20,37.40625_-120.03125,37.40625,-120.03125,0.692687340158567,0.47999998927116394,1.0662678,1
uf_20,37.46875_-119.65625,37.46875,-119.65625,0.50952588901604,0.4715384542942047,2.5993972,1
uf_20,37.46875_-119.71875,37.46875,-119.71875,0.5103149926697006,0.4502958655357361,2.350405,1
uf_20,37.46875_-119.78125,37.46875,-119.78125,0.5217570452009065,0.3700000047683716,1.5956811,1
uf_20,37.46875_-119.84375,37.46875,-119.84375,0.546338468947838,0.4099999964237213,1.5524949,1
uf_20,37.46875_-119.90625,37.46875,-119.90625,0.5787956063888731,0.33000001311302185,1.4572397,1
uf_20,37.53125_-119.71875,37.53125,-119.71875,0.5113543278333091,0.386982262134552,2.1739168,1
uf_20,37.53125_-119.78125,37.53125,-119.78125,0.5245325128682579,0.3852662742137909,2.067586,1
uf_20,37.53125_-119.84375,37.53125,-119.84375,0.5389523847094945,0.303846150636673,2.040947,1
uf_20,37.53125_-119.90625,37.53125,-119.90625,0.557984847323585,0.3227810561656952,1.7886566,1
uf_20,37.59375_-119.84375,37.59375,-119.84375,0.5543505559172385,0.34816569089889526,1.9501561,1
uf_20,37.59375_-119.90625,37.59375,-119.90625,0.5756977721056553,0.3566272258758545,1.726815,1
uf_21,36.96875_-119.78125,36.96875,-119.78125,0.5504340223938126,0.0,0.848989,1
uf_21,37.03125_-119.78125,37.03125,-119.78125,0.5382424621123731,0.4000000059604645,0.91012806,1
uf_21,37.03125_-119.84375,37.03125,-119.84375,0.5220110693515401,0.5199999809265137,0.9253063,1
uf_21,37.03125_-119.90625,37.03125,-119.90625,0.524546696377567,0.5299999713897705,0.89807045,1
uf_21,37.09375_-119.71875,37.09375,-119.71875,0.5712840937795045,0.4318934977054596,0.9696893,1
uf_21,37.09375_-119.78125,37.09375,-119.78125,0.5627954813868259,0.4699999988079071,0.8312096,1
uf_21,37.09375_-119.84375,37.09375,-119.84375,0.5893017936191489,0.4699999988079071,0.7337847,1
uf_21,37.09375_-119.90625,37.09375,-119.90625,0.5422945862756918,0.5600000023841858,0.8336146,1
uf_21,37.09375_-119.96875,37.09375,-119.96875,0.5274624484072192,0.4300000071525574,0.76385856,1
uf_21,37.15625_-119.65625,37.15625,-119.65625,0.5924105694998041,0.4059171676635742,1.1790471,1
uf_21,37.15625_-119.71875,37.15625,-119.71875,0.5867562822789688,0.4102366864681244,1.110383,1
uf_21,37.15625_-119.78125,37.15625,-119.78125,0.5789882532597987,0.3700000047683716,1.0993714,1
uf_21,37.15625_-119.84375,37.15625,-119.84375,0.5912502491247585,0.41999998688697815,0.77686363,1
uf_21,37.15625_-119.90625,37.15625,-119.90625,0.5638890842870793,0.4099999964237213,0.8310729,1
uf_21,37.15625_-119.96875,37.15625,-119.96875,0.5803027351608853,0.5299999713897705,1.0415494,1
uf_21,37.15625_-120.03125,37.15625,-120.03125,0.5336972938815908,0.36000001430511475,0.7655589,1
uf_21,37.21875_-119.65625,37.21875,-119.65625,0.5787559943598601,0.41165679693222046,1.3684465,1
uf_21,37.21875_-119.71875,37.21875,-119.71875,0.555150387884101,0.44999998807907104,1.2093441,1
uf_21,37.21875_-119.78125,37.21875,-119.78125,0.5942649364446405,0.0,1.0705234,1
uf_21,37.21875_-119.84375,37.21875,-119.84375,0.5678191138827376,0.3400000035762787,1.1356016,1
uf_21,37.21875_-119.90625,37.21875,-119.90625,0.5709987065876424,0.0,0.7412431,1
uf_21,37.21875_-119.96875,37.21875,-119.96875,0.6787647950561064,0.0,0.9335639,1
uf_21,37.28125_-119.59375,37.28125,-119.59375,0.527046160396182,0.43183431029319763,1.9416224,1
uf_21,37.28125_-119.65625,37.28125,-119.65625,0.5622872127673828,0.3971005976200104,1.4918766,1
uf_21,37.28125_-119.71875,37.28125,-119.71875,0.5673550881982277,0.5600000023841858,1.4239562,1
uf_21,37.28125_-119.78125,37.28125,-119.78125,0.5808939696276775,0.3400000035762787,1.1444776,1
uf_21,37.28125_-119.84375,37.28125,-119.84375,0.592668329639796,0.3199999928474426,1.1320524,1
uf_21,37.34375_-119.59375,37.34375,-119.59375,0.5232671803445879,0.38745561242103577,1.752579,1
uf_21,37.34375_-119.65625,37.34375,-119.65625,0.5431432361780962,0.30000001192092896,1.38785,1
uf_21,37.34375_-119.71875,37.34375,-119.71875,0.5872138779536541,0.4000000059604645,1.1470546,1
uf_21,37.34375_-119.78125,37.34375,-119.78125,0.7428468666079779,0.4399999976158142,1.2313384,1
uf_21,37.40625_-119.59375,37.40625,-119.59375,0.5116493439534877,0.42402365803718567,2.313842,1
uf_21,37.40625_-119.65625,37.40625,-119.65625,0.5139728650782365,0.5199999809265137,2.219718,1
uf_21,37.40625_-119.71875,37.40625,-119.71875,0.5318851944362164,0.3700000047683716,1.56548,1
uf_21,37.40625_-119.78125,37.40625,-119.78125,0.6060437503647514,0.4699999988079071,1.4062083,1
uf_21,37.46875_-119.53125,37.46875,-119.53125,0.5428494053653676,0.43680474162101746,1.3854588,1
uf_21,37.46875_-119.59375,37.46875,-119.59375,0.5113890211004306,0.4308875799179077,2.216755,1
uf_21,37.46875_-119.65625,37.46875,-119.65625,0.50952588901604,0.4715384542942047,2.5993972,1
uf_21,37.46875_-119.71875,37.46875,-119.71875,0.5103149926697006,0.4502958655357361,2.350405,1
usgs_11196400,35.21875_-118.21875,35.21875,-118.21875,0.5064389800827266,0.0,0.6438243,1
usgs_11196400,35.21875_-118.28125,35.21875,-118.28125,0.5080617009300298,0.38999998569488525,0.6438021,1
usgs_11196400,35.21875_-118.34375,35.21875,-118.34375,0.5056577458712164,0.36000001430511475,0.89366525,1
usgs_11196400,35.21875_-118.40625,35.21875,-118.40625,0.502787025127729,0.5099999904632568,1.3016986,1
usgs_11196400,35.21875_-118.46875,35.21875,-118.46875,0.5071427578454545,0.5299999713897705,1.0808026,1
usgs_11196400,35.28125_-118.21875,35.28125,-118.21875,0.5195630080576407,0.4399999976158142,0.5205781,1
usgs_11196400,35.28125_-118.28125,35.28125,-118.28125,0.5073422167282771,0.3400000035762787,0.6623913,1
usgs_11196400,35.28125_-118.34375,35.28125,-118.34375,0.5129745644015761,0.25999999046325684,0.46324366,1
usgs_11196400,35.28125_-118.40625,35.28125,-118.40625,0.5147839599203666,0.23999999463558197,0.5449572,1
usgs_11196400,35.28125_-118.46875,35.28125,-118.46875,0.5100135040380327,0.20999999344348907,0.7836811,1
usgs_11196400,35.28125_-118.53125,35.28125,-118.53125,0.5142215257860375,0.3799999952316284,1.1446223,1
usgs_11196400,35.28125_-118.59375,35.28125,-118.59375,0.5874711796134608,0.20000000298023224,0.62037766,1
usgs_11196400,35.34375_-118.28125,35.34375,-118.28125,0.5019596597207285,0.33000001311302185,1.3502543,1
usgs_11196400,35.34375_-118.34375,35.34375,-118.34375,0.5151813917671457,0.4000000059604645,0.55493397,1
usgs_11196400,35.34375_-118.40625,35.34375,-118.40625,0.5149398415137016,0.1899999976158142,0.46335205,1
usgs_11196400,35.34375_-118.46875,35.34375,-118.46875,0.5063713706861445,0.3400000035762787,1.2697034,1
usgs_11196400,35.34375_-118.53125,35.34375,-118.53125,0.5201097639258795,0.18000000715255737,0.74660015,1
usgs_11196400,35.34375_-118.59375,35.34375,-118.59375,0.5586223394825889,0.33000001311302185,0.7794678,1
usgs_11196400,35.40625_-118.28125,35.40625,-118.28125,0.5023262104337316,0.29366862773895264,0.9070531,1
usgs_11196400,35.40625_-118.34375,35.40625,-118.34375,0.5018292923953874,0.31893491744995117,1.0350349,1
usgs_11196400,35.40625_-118.40625,35.40625,-118.40625,0.5048768566902293,0.3499999940395355,0.56543934,1
usgs_11196400,35.40625_-118.46875,35.40625,-118.46875,0.5117198383968595,0.20000000298023224,0.48733863,1
usgs_11197250,35.78125_-120.21875,35.78125,-120.21875,0.7572185867323193,0.3700000047683716,0.52537155,1
usgs_11197250,35.84375_-120.15625,35.84375,-120.15625,0.6506123267703816,0.1599999964237213,0.56540257,1
usgs_11197250,35.84375_-120.21875,35.84375,-120.21875,0.7581634070775525,0.0,0.52906275,1
usgs_11197250,35.84375_-120.28125,35.84375,-120.28125,0.711057565572101,0.33000001311302185,0.6394125,1
usgs_11197250,35.90625_-120.15625,35.90625,-120.15625,0.7190304695875539,0.3499999940395355,0.5466162,1
usgs_11197250,35.90625_-120.21875,35.90625,-120.21875,0.6846926496815557,0.20999999344348907,0.5016669,1
usgs_11197250,35.90625_-120.28125,35.90625,-120.28125,0.5797879366385871,0.20999999344348907,0.74908173,1
usgs_11197250,35.90625_-120.34375,35.90625,-120.34375,0.6313132286988143,0.4099999964237213,0.58677155,1
usgs_11197250,35.96875_-120.21875,35.96875,-120.21875,0.6567578966130382,0.5699999928474426,0.6307266,1
usgs_11197250,35.96875_-120.28125,35.96875,-120.28125,0.6008303407647724,0.2800000011920929,0.74561846,1
usgs_11197250,35.96875_-120.34375,35.96875,-120.34375,0.5677763257337556,0.25,0.90811557,1
usgs_11199500,35.78125_-118.71875,35.78125,-118.71875,0.5528712327310581,0.5199999809265137,1.0598217,1
usgs_11199500,35.78125_-118.78125,35.78125,-118.78125,0.5240383306699821,0.3799999952316284,1.2071465,1
usgs_11199500,35.78125_-118.84375,35.78125,-118.84375,0.5862947842284307,0.4699999988079071,0.80084646,1
usgs_11199500,35.78125_-118.90625,35.78125,-118.90625,0.600192134324289,0.4000000059604645,0.7139021,1
usgs_11199500,35.84375_-118.59375,35.84375,-118.59375,0.5093630083704318,0.4150887429714203,1.9814548,1
usgs_11199500,35.84375_-118.65625,35.84375,-118.65625,0.5167506576768905,0.5600000023841858,1.9798838,1
usgs_11199500,35.84375_-118.71875,35.84375,-118.71875,0.5558647724636334,0.36000001430511475,0.9376101,1
usgs_11199500,35.84375_-118.78125,35.84375,-118.78125,0.6011338168163955,0.4699999988079071,0.8063078,1
usgs_11199500,35.84375_-118.84375,35.84375,-118.84375,0.5802599429473821,0.46000000834465027,0.80037487,1
usgs_11199500,35.84375_-118.90625,35.84375,-118.90625,0.5602749728957688,0.4300000071525574,0.846359,1
usgs_11199500,35.90625_-118.71875,35.90625,-118.71875,0.5668685211823054,0.5199999809265137,1.2831899,1
usgs_11199500,35.90625_-118.78125,35.90625,-118.78125,0.6164139883773694,0.3400000035762787,1.0882795,1
usgs_11199500,35.90625_-118.84375,35.90625,-118.84375,0.572883719662876,0.46000000834465027,0.8805107,1
usgs_11203580,36.03125_-118.59375,36.03125,-118.59375,0.5169123758403135,0.33656805753707886,1.8930291,1
usgs_11203580,36.03125_-118.65625,36.03125,-118.65625,0.5201605750013533,0.3834911286830902,2.022597,1
usgs_11203580,36.09375_-118.59375,36.09375,-118.59375,0.5240016100139433,0.3693491220474243,1.7183979,1
usgs_11203580,36.09375_-118.65625,36.09375,-118.65625,0.5098359766520276,0.3899408280849457,2.26865,1
usgs_11204100,35.96875_-118.59375,35.96875,-118.59375,0.5108014674939971,0.32461538910865784,1.8668936,1
usgs_11204100,35.96875_-118.65625,35.96875,-118.65625,0.5140950546920069,0.3491124212741852,2.2006054,1
usgs_11204100,35.96875_-118.71875,35.96875,-118.71875,0.5375889314997561,0.3873964548110962,1.7892175,1
usgs_11204100,35.96875_-118.78125,35.96875,-118.78125,0.5962192126473776,0.36100590229034424,1.1446247,1
usgs_11204100,36.03125_-118.59375,36.03125,-118.59375,0.5169123758403135,0.33656805753707886,1.8930291,1
usgs_11204100,36.03125_-118.65625,36.03125,-118.65625,0.5201605750013533,0.3834911286830902,2.022597,1
usgs_11204100,36.03125_-118.71875,36.03125,-118.71875,0.5507176326920565,0.381538450717926,1.4961852,1
usgs_11204100,36.03125_-118.78125,36.03125,-118.78125,0.7272974640428642,0.34165680408477783,1.0373594,1
usgs_11204100,36.03125_-118.84375,36.03125,-118.84375,0.6012856616419932,0.3629585802555084,0.82585,1
usgs_11204100,36.09375_-118.59375,36.09375,-118.59375,0.5240016100139433,0.3693491220474243,1.7183979,1
usgs_11204100,36.09375_-118.65625,36.09375,-118.65625,0.5098359766520276,0.3899408280849457,2.26865,1
usgs_11204100,36.09375_-118.71875,36.09375,-118.71875,0.5178515041258983,0.43396449089050293,2.1076636,1
usgs_11204100,36.09375_-118.78125,36.09375,-118.78125,0.5821398378405683,0.4214792847633362,1.2882472,1
usgs_11208000,36.53125_-118.78125,36.53125,-118.78125,0.5410899697903455,0.38130176067352295,1.7153058,1
usgs_11208000,36.53125_-118.84375,36.53125,-118.84375,0.5254901754738693,0.38047337532043457,1.6522899,1
usgs_11208000,36.59375_-118.59375,36.59375,-118.59375,1.2252326405588103,0.12183432281017303,0.32005113,1
usgs_11208000,36.59375_-118.65625,36.59375,-118.65625,1.1522981005802784,0.20887574553489685,0.55769634,1
usgs_11208000,36.59375_-118.71875,36.59375,-118.71875,0.5315996570539823,0.3953254520893097,1.2368156,1
usgs_11208000,36.59375_-118.78125,36.59375,-118.78125,0.5143368981849371,0.3872189223766327,1.528292,1
usgs_11208000,36.59375_-118.84375,36.59375,-118.84375,0.5142054348436998,0.42130178213119507,1.9580157,1
usgs_11208000,36.65625_-118.59375,36.65625,-118.59375,0.8639524750564032,0.17017751932144165,0.35160172,1
usgs_11208000,36.65625_-118.65625,36.65625,-118.65625,0.9053839777388843,0.20023669302463531,0.3871186,1
usgs_11208000,36.65625_-118.71875,36.65625,-118.71875,0.7461735508932102,0.2646745443344116,0.5877467,1
usgs_11208000,36.65625_-118.78125,36.65625,-118.78125,0.5554964674034755,0.36698225140571594,0.8037228,1
usgs_11208500,36.46875_-118.84375,36.46875,-118.84375,0.5968800742720756,0.3878106474876404,1.2912611,1
usgs_11208500,36.53125_-118.84375,36.53125,-118.84375,0.5254901754738693,0.38047337532043457,1.6522899,1
usgs_11209900,36.34375_-118.59375,36.34375,-118.59375,0.6215928367076472,0.3037869930267334,0.82239145,1
usgs_11209900,36.34375_-118.65625,36.34375,-118.65625,0.5576939078610885,0.35473373532295227,0.9896042,1
usgs_11209900,36.34375_-118.71875,36.34375,-118.71875,0.5142019824685841,0.38556212186813354,1.6997529,1
usgs_11209900,36.40625_-118.53125,36.40625,-118.53125,0.897450300540018,0.11597633361816406,0.22669429,1
usgs_11209900,36.40625_-118.59375,36.40625,-118.59375,0.9437813695691462,0.1240236684679985,0.32509404,1
usgs_11209900,36.40625_-118.65625,36.40625,-118.65625,0.5541421351091519,0.34822484850883484,1.06492,1
usgs_11209900,36.40625_-118.71875,36.40625,-118.71875,0.5155866837888111,0.40970414876937866,1.7016363,1
usgs_11209900,36.40625_-118.78125,36.40625,-118.78125,0.5202217786780569,0.4092307686805725,2.0093124,1
usgs_11209900,36.40625_-118.84375,36.40625,-118.84375,0.5702840435380497,0.40414202213287354,1.4589928,1
usgs_11209900,36.40625_-118.90625,36.40625,-118.90625,0.6810524333084575,0.3796449601650238,1.0906484,1
usgs_11209900,36.46875_-118.53125,36.46875,-118.53125,0.9458840290069783,0.10573964565992355,0.24717316,1
usgs_11209900,36.46875_-118.59375,36.46875,-118.59375,0.7424545175781248,0.23804733157157898,0.6382408,1
usgs_11209900,36.46875_-118.65625,36.46875,-118.65625,0.5238427351667952,0.410591721534729,1.5824475,1
usgs_11209900,36.46875_-118.71875,36.46875,-118.71875,0.5166301891557401,0.3812426030635834,1.8062057,1
usgs_11209900,36.46875_-118.78125,36.46875,-118.78125,0.5351135878911447,0.4142603576183319,1.7406036,1
usgs_11209900,36.46875_-118.84375,36.46875,-118.84375,0.5968800742720756,0.3878106474876404,1.2912611,1
usgs_11209900,36.46875_-118.90625,36.46875,-118.90625,0.6804454399850745,0.37183430790901184,1.1775453,1
usgs_11209900,36.46875_-118.96875,36.46875,-118.96875,0.7001452692757889,0.4028402268886566,1.1670331,1
usgs_11209900,36.53125_-118.53125,36.53125,-118.53125,1.0178243289324953,0.09562130272388458,0.2052905,1
usgs_11209900,36.53125_-118.59375,36.53125,-118.59375,0.6063151166007632,0.24538461863994598,0.91063535,1
usgs_11209900,36.53125_-118.65625,36.53125,-118.65625,0.5268055308197227,0.4695858061313629,2.2395887,1
usgs_11209900,36.53125_-118.71875,36.53125,-118.71875,0.5357000286113851,0.43426036834716797,1.9872735,1
usgs_11209900,36.53125_-118.78125,36.53125,-118.78125,0.5410899697903455,0.38130176067352295,1.7153058,1
usgs_11209900,36.53125_-118.84375,36.53125,-118.84375,0.5254901754738693,0.38047337532043457,1.6522899,1
usgs_11209900,36.53125_-118.90625,36.53125,-118.90625,0.6791836452824027,0.4022485315799713,1.2251384,1
usgs_11209900,36.53125_-118.96875,36.53125,-118.96875,0.5915427474040628,0.41609466075897217,1.2956167,1
usgs_11209900,36.59375_-118.53125,36.59375,-118.53125,0.92720134033415,0.03544378653168678,0.1037294,1
usgs_11209900,36.59375_-118.59375,36.59375,-118.59375,1.2252326405588103,0.12183432281017303,0.32005113,1
usgs_11209900,36.59375_-118.65625,36.59375,-118.65625,1.1522981005802784,0.20887574553489685,0.55769634,1
usgs_11209900,36.59375_-118.71875,36.59375,-118.71875,0.5315996570539823,0.3953254520893097,1.2368156,1
usgs_11209900,36.59375_-118.78125,36.59375,-118.78125,0.5143368981849371,0.3872189223766327,1.528292,1
usgs_11209900,36.59375_-118.84375,36.59375,-118.84375,0.5142054348436998,0.42130178213119507,1.9580157,1
usgs_11209900,36.59375_-118.90625,36.59375,-118.90625,0.5595866631778358,0.41905325651168823,1.5128294,1
usgs_11209900,36.59375_-118.96875,36.59375,-118.96875,0.5415547121334012,0.43396449089050293,1.4015604,1
usgs_11209900,36.65625_-118.59375,36.65625,-118.59375,0.8639524750564032,0.17017751932144165,0.35160172,1
usgs_11209900,36.65625_-118.65625,36.65625,-118.65625,0.9053839777388843,0.20023669302463531,0.3871186,1
usgs_11209900,36.65625_-118.71875,36.65625,-118.71875,0.7461735508932102,0.2646745443344116,0.5877467,1
usgs_11209900,36.65625_-118.78125,36.65625,-118.78125,0.5554964674034755,0.36698225140571594,0.8037228,1
usgs_11209900,36.65625_-118.84375,36.65625,-118.84375,0.5169638490964921,0.4179881513118744,1.3801887,1
usgs_11209900,36.65625_-118.90625,36.65625,-118.90625,0.5170800200351766,0.3655621409416199,1.8433621,1
usgs_11209900,36.65625_-118.96875,36.65625,-118.96875,0.5321541552621739,0.4536094665527344,1.7182207,1
usgs_11209900,36.71875_-118.78125,36.71875,-118.78125,0.5504137133499092,0.3829585909843445,0.9409004,1
usgs_11209900,36.71875_-118.84375,36.71875,-118.84375,0.5581126736055186,0.37917160987854004,0.921536,1
usgs_11209900,36.71875_-118.90625,36.71875,-118.90625,0.5159246404196391,0.44029584527015686,1.6141863,1
usgs_11209900,36.71875_-118.96875,36.71875,-118.96875,0.5096793097533823,0.4559171497821808,1.9821147,1
usgs_11213500,36.59375_-118.46875,36.59375,-118.46875,0.927959634230265,0.051479291170835495,0.12885803,1
usgs_11213500,36.59375_-118.53125,36.59375,-118.53125,0.92720134033415,0.03544378653168678,0.1037294,1
usgs_11213500,36.59375_-118.59375,36.59375,-118.59375,1.2252326405588103,0.12183432281017303,0.32005113,1
usgs_11213500,36.65625_-118.40625,36.65625,-118.40625,0.9755715136525028,0.08952663093805313,0.16227548,1
usgs_11213500,36.65625_-118.46875,36.65625,-118.46875,0.7727805094296261,0.024319525808095932,0.089756474,1
usgs_11213500,36.65625_-118.53125,36.65625,-118.53125,0.9031463522122,0.08786982297897339,0.26977637,1
usgs_11213500,36.65625_-118.59375,36.65625,-118.59375,0.8639524750564032,0.17017751932144165,0.35160172,1
usgs_11213500,36.65625_-118.65625,36.65625,-118.65625,0.9053839777388843,0.20023669302463531,0.3871186,1
usgs_11213500,36.65625_-118.71875,36.65625,-118.71875,0.7461735508932102,0.2646745443344116,0.5877467,1
usgs_11213500,36.65625_-118.78125,36.65625,-118.78125,0.5554964674034755,0.36698225140571594,0.8037228,1
usgs_11213500,36.71875_-118.34375,36.71875,-118.34375,0.8313358705374834,0.06319526582956314,0.20590597,1
usgs_11213500,36.71875_-118.40625,36.71875,-118.40625,0.7608819033187713,0.06355029344558716,0.15508716,1
usgs_11213500,36.71875_-118.46875,36.71875,-118.46875,0.8765616400647637,0.05952662602066994,0.16311274,1
usgs_11213500,36.71875_-118.53125,36.71875,-118.53125,0.6915086323038042,0.15662722289562225,0.4595343,1
usgs_11213500,36.71875_-118.59375,36.71875,-118.59375,0.5586705825875694,0.3285207152366638,0.9905976,1
usgs_11213500,36.71875_-118.65625,36.71875,-118.65625,0.5484677211518407,0.36213016510009766,1.0265853,1
usgs_11213500,36.71875_-118.71875,36.71875,-118.71875,0.5496485135480308,0.3743787109851837,1.0133655,1
usgs_11213500,36.71875_-118.78125,36.71875,-118.78125,0.5504137133499092,0.3829585909843445,0.9409004,1
usgs_11213500,36.71875_-118.84375,36.71875,-118.84375,0.5581126736055186,0.37917160987854004,0.921536,1
usgs_11213500,36.71875_-118.90625,36.71875,-118.90625,0.5159246404196391,0.44029584527015686,1.6141863,1
usgs_11213500,36.71875_-118.96875,36.71875,-118.96875,0.5096793097533823,0.4559171497821808,1.9821147,1
usgs_11213500,36.71875_-119.03125,36.71875,-119.03125,0.5176503214701337,0.45887574553489685,1.7495704,1
usgs_11213500,36.78125_-118.34375,36.78125,-118.34375,0.8665156387805211,0.09994082897901535,0.2392367,1
usgs_11213500,36.78125_-118.40625,36.78125,-118.40625,0.8983722338346741,0.07804733514785767,0.20263313,1
usgs_11213500,36.78125_-118.46875,36.78125,-118.46875,0.7324148308326484,0.155207097530365,0.38899583,1
usgs_11213500,36.78125_-118.53125,36.78125,-118.53125,0.5363748561966877,0.26615384221076965,0.82775146,1
usgs_11213500,36.78125_-118.59375,36.78125,-118.59375,0.5341402548793958,0.3446153700351715,1.0183997,1
usgs_11213500,36.78125_-118.65625,36.78125,-118.65625,0.5291515108994238,0.37414202094078064,1.1486452,1
usgs_11213500,36.78125_-118.71875,36.78125,-118.71875,0.5383751377522621,0.38473373651504517,1.270384,1
usgs_11213500,36.78125_-118.78125,36.78125,-118.78125,0.5290685668120321,0.40798816084861755,1.3713522,1
usgs_11213500,36.78125_-118.84375,36.78125,-118.84375,0.5275165917897789,0.41189348697662354,1.5330731,1
usgs_11213500,36.78125_-118.90625,36.78125,-118.90625,0.5166944100256848,0.4143195152282715,1.5751752,1
usgs_11213500,36.78125_-118.96875,36.78125,-118.96875,0.5129207003955134,0.4297633171081543,1.7341685,1
usgs_11213500,36.78125_-119.03125,36.78125,-119.03125,0.5289225730499676,0.4137278199195862,1.894155,1
usgs_11213500,36.78125_-119.09375,36.78125,-119.09375,0.5288159640158409,0.41124260425567627,1.6265987,1
usgs_11213500,36.78125_-119.15625,36.78125,-119.15625,0.6049416495131651,0.42656806111335754,1.4707979,1
usgs_11213500,36.84375_-118.34375,36.84375,-118.34375,0.9187161266380072,0.0872781053185463,0.22878946,1
usgs_11213500,36.84375_-118.40625,36.84375,-118.40625,0.91302236097286,0.07792899757623672,0.1892844,1
usgs_11213500,36.84375_-118.46875,36.84375,-118.46875,0.7509575589704047,0.13218934834003448,0.30114776,1
usgs_11213500,36.84375_-118.53125,36.84375,-118.53125,0.6037128221720519,0.2511242628097534,0.7461905,1
usgs_11213500,36.84375_-118.59375,36.84375,-118.59375,1.1495753402780582,0.2155621349811554,0.5456915,1
usgs_11213500,36.84375_-118.65625,36.84375,-118.65625,0.7788313892652828,0.2892899513244629,0.72904795,1
usgs_11213500,36.84375_-118.71875,36.84375,-118.71875,0.6688289182333527,0.29284024238586426,0.9103055,1
usgs_11213500,36.84375_-118.78125,36.84375,-118.78125,0.5368839775330175,0.3508284091949463,1.0358938,1
usgs_11213500,36.84375_-118.84375,36.84375,-118.84375,0.5916479685153576,0.31568047404289246,1.1587967,1
usgs_11213500,36.84375_-118.90625,36.84375,-118.90625,0.5999105248488907,0.34899407625198364,1.356558,1
usgs_11213500,36.84375_-118.96875,36.84375,-118.96875,0.5552625367779025,0.37467455863952637,1.5001707,1
usgs_11213500,36.84375_-119.03125,36.84375,-119.03125,0.6609639523728505,0.3662721812725067,1.2946335,1
usgs_11213500,36.84375_-119.09375,36.84375,-119.09375,0.8811230866112147,0.37662720680236816,1.1962317,1
usgs_11213500,36.84375_-119.15625,36.84375,-119.15625,0.5992108083345701,0.4192899465560913,1.3287607,1
usgs_11213500,36.90625_-118.34375,36.90625,-118.34375,0.727649298954456,0.14479289948940277,0.30251712,1
usgs_11213500,36.90625_-118.40625,36.90625,-118.40625,0.9907468970954718,0.08248520642518997,0.1491641,1
usgs_11213500,36.90625_-118.46875,36.90625,-118.46875,1.0357593238938765,0.07923077046871185,0.18367124,1
usgs_11213500,36.90625_-118.53125,36.90625,-118.53125,1.0511860894229912,0.1368047297000885,0.27906844,1
usgs_11213500,36.90625_-118.59375,36.90625,-118.59375,0.8962067470769886,0.18911242485046387,0.402762,1
usgs_11213500,36.90625_-118.65625,36.90625,-118.65625,0.8538284289284017,0.18988165259361267,0.42927444,1
usgs_11213500,36.90625_-118.71875,36.90625,-118.71875,0.5962068291998814,0.21455621719360352,0.51374286,1
usgs_11213500,36.90625_-118.78125,36.90625,-118.78125,0.5338785334263445,0.36597633361816406,1.0979841,1
usgs_11213500,36.90625_-118.84375,36.90625,-118.84375,0.5888966416954817,0.3806508779525757,1.0822531,1
usgs_11213500,36.90625_-118.90625,36.90625,-118.90625,0.54325030123899,0.3622485101222992,1.1009935,1
usgs_11213500,36.90625_-118.96875,36.90625,-118.96875,0.5197057719997693,0.40822485089302063,1.4791632,1
usgs_11213500,36.90625_-119.03125,36.90625,-119.03125,0.5266858291915796,0.40396448969841003,1.5152228,1
usgs_11213500,36.90625_-119.09375,36.90625,-119.09375,0.5967118986993906,0.3772781193256378,1.361082,1
usgs_11213500,36.96875_-118.40625,36.96875,-118.40625,0.7927771990984656,0.052662722766399384,0.14599766,1
usgs_11213500,36.96875_-118.46875,36.96875,-118.46875,1.0248649767238986,0.10668639093637466,0.20626305,1
usgs_11213500,36.96875_-118.53125,36.96875,-118.53125,1.0319204943962763,0.07840237021446228,0.18054931,1
usgs_11213500,36.96875_-118.59375,36.96875,-118.59375,0.6147762234446505,0.2562130093574524,0.76792705,1
usgs_11213500,36.96875_-118.65625,36.96875,-118.65625,0.7510240062359526,0.27798816561698914,0.77896726,1
usgs_11213500,36.96875_-118.71875,36.96875,-118.71875,0.7755816569023432,0.30526626110076904,0.6944425,1
usgs_11213500,36.96875_-118.78125,36.96875,-118.78125,0.6302769704059923,0.36289942264556885,0.927095,1
usgs_11213500,36.96875_-118.84375,36.96875,-118.84375,0.6429543177674543,0.3568047285079956,1.0081724,1
usgs_11213500,36.96875_-118.90625,36.96875,-118.90625,0.5906017023189296,0.38420116901397705,1.0542191,1
usgs_11213500,37.03125_-118.40625,37.03125,-118.40625,0.866425273556862,0.11100591719150543,0.17694913,1
usgs_11213500,37.03125_-118.46875,37.03125,-118.46875,0.917716986294127,0.037218935787677765,0.09322611,1
usgs_11213500,37.03125_-118.53125,37.03125,-118.53125,0.949719230931241,0.07863905280828476,0.18431477,1
usgs_11213500,37.03125_-118.59375,37.03125,-118.59375,1.0819445587051488,0.11479289829730988,0.31997484,1
usgs_11213500,37.03125_-118.65625,37.03125,-118.65625,1.0922178804697595,0.09497041255235672,0.2608716,1
usgs_11213500,37.03125_-118.71875,37.03125,-118.71875,1.0726960185068735,0.06248520687222481,0.12311727,1
usgs_11213500,37.03125_-118.78125,37.03125,-118.78125,1.0046936778067241,0.14662721753120422,0.31611344,1
usgs_11213500,37.03125_-118.84375,37.03125,-118.84375,0.949169808794223,0.25337278842926025,0.5026678,1
usgs_11213500,37.09375_-118.46875,37.09375,-118.46875,0.8299470684770023,0.0750887542963028,0.16121046,1
usgs_11213500,37.09375_-118.53125,37.09375,-118.53125,0.8933254075612536,0.0530177503824234,0.10258863,1
usgs_11213500,37.09375_-118.59375,37.09375,-118.59375,1.1184629687774197,0.0923076942563057,0.2360488,1
usgs_11213500,37.09375_-118.65625,37.09375,-118.65625,0.9555415790224093,0.01928994059562683,0.082974605,1
usgs_11213500,37.09375_-118.71875,37.09375,-118.71875,0.9936278430727781,0.03911242634057999,0.08829014,1
usgs_11213500,37.15625_-118.59375,37.15625,-118.59375,0.953136409476391,0.06621301919221878,0.15346383,1
usgs_11213500,37.15625_-118.65625,37.15625,-118.65625,0.8454279043420192,0.02869822457432747,0.0906823,1
usgs_11214000,37.03125_-118.71875,37.03125,-118.71875,1.0726960185068735,0.06248520687222481,0.12311727,1
usgs_11214000,37.03125_-118.78125,37.03125,-118.78125,1.0046936778067241,0.14662721753120422,0.31611344,1
usgs_11214000,37.03125_-118.84375,37.03125,-118.84375,0.949169808794223,0.25337278842926025,0.5026678,1
usgs_11214000,37.09375_-118.71875,37.09375,-118.71875,0.9936278430727781,0.03911242634057999,0.08829014,1
usgs_11214000,37.09375_-118.78125,37.09375,-118.78125,1.0699256172612088,0.0959763303399086,0.16125372,1
usgs_11214000,37.09375_-118.84375,37.09375,-118.84375,0.804970849195464,0.25644969940185547,0.5042308,1
usgs_11214000,37.15625_-118.78125,37.15625,-118.78125,1.1718790655560298,0.13053254783153534,0.20620811,1
usgs_11218500,36.59375_-118.46875,36.59375,-118.46875,0.927959634230265,0.051479291170835495,0.12885803,1
usgs_11218500,36.59375_-118.53125,36.59375,-118.53125,0.92720134033415,0.03544378653168678,0.1037294,1
usgs_11218500,36.59375_-118.59375,36.59375,-118.59375,1.2252326405588103,0.12183432281017303,0.32005113,1
usgs_11218500,36.65625_-118.40625,36.65625,-118.40625,0.9755715136525028,0.08952663093805313,0.16227548,1
usgs_11218500,36.65625_-118.46875,36.65625,-118.46875,0.7727805094296261,0.024319525808095932,0.089756474,1
usgs_11218500,36.65625_-118.53125,36.65625,-118.53125,0.9031463522122,0.08786982297897339,0.26977637,1
usgs_11218500,36.65625_-118.59375,36.65625,-118.59375,0.8639524750564032,0.17017751932144165,0.35160172,1
usgs_11218500,36.65625_-118.65625,36.65625,-118.65625,0.9053839777388843,0.20023669302463531,0.3871186,1
usgs_11218500,36.65625_-118.71875,36.65625,-118.71875,0.7461735508932102,0.2646745443344116,0.5877467,1
usgs_11218500,36.65625_-118.78125,36.65625,-118.78125,0.5554964674034755,0.36698225140571594,0.8037228,1
usgs_11218500,36.71875_-118.34375,36.71875,-118.34375,0.8313358705374834,0.06319526582956314,0.20590597,1
usgs_11218500,36.71875_-118.40625,36.71875,-118.40625,0.7608819033187713,0.06355029344558716,0.15508716,1
usgs_11218500,36.71875_-118.46875,36.71875,-118.46875,0.8765616400647637,0.05952662602066994,0.16311274,1
usgs_11218500,36.71875_-118.53125,36.71875,-118.53125,0.6915086323038042,0.15662722289562225,0.4595343,1
usgs_11218500,36.71875_-118.59375,36.71875,-118.59375,0.5586705825875694,0.3285207152366638,0.9905976,1
usgs_11218500,36.71875_-118.65625,36.71875,-118.65625,0.5484677211518407,0.36213016510009766,1.0265853,1
usgs_11218500,36.71875_-118.71875,36.71875,-118.71875,0.5496485135480308,0.3743787109851837,1.0133655,1
usgs_11218500,36.71875_-118.78125,36.71875,-118.78125,0.5504137133499092,0.3829585909843445,0.9409004,1
usgs_11218500,36.71875_-118.84375,36.71875,-118.84375,0.5581126736055186,0.37917160987854004,0.921536,1
usgs_11218500,36.71875_-118.90625,36.71875,-118.90625,0.5159246404196391,0.44029584527015686,1.6141863,1
usgs_11218500,36.71875_-118.96875,36.71875,-118.96875,0.5096793097533823,0.4559171497821808,1.9821147,1
usgs_11218500,36.71875_-119.03125,36.71875,-119.03125,0.5176503214701337,0.45887574553489685,1.7495704,1
usgs_11218500,36.78125_-118.34375,36.78125,-118.34375,0.8665156387805211,0.09994082897901535,0.2392367,1
usgs_11218500,36.78125_-118.40625,36.78125,-118.40625,0.8983722338346741,0.07804733514785767,0.20263313,1
usgs_11218500,36.78125_-118.46875,36.78125,-118.46875,0.7324148308326484,0.155207097530365,0.38899583,1
usgs_11218500,36.78125_-118.53125,36.78125,-118.53125,0.5363748561966877,0.26615384221076965,0.82775146,1
usgs_11218500,36.78125_-118.59375,36.78125,-118.59375,0.5341402548793958,0.3446153700351715,1.0183997,1
usgs_11218500,36.78125_-118.65625,36.78125,-118.65625,0.5291515108994238,0.37414202094078064,1.1486452,1
usgs_11218500,36.78125_-118.71875,36.78125,-118.71875,0.5383751377522621,0.38473373651504517,1.270384,1
usgs_11218500,36.78125_-118.78125,36.78125,-118.78125,0.5290685668120321,0.40798816084861755,1.3713522,1
usgs_11218500,36.78125_-118.84375,36.78125,-118.84375,0.5275165917897789,0.41189348697662354,1.5330731,1
usgs_11218500,36.78125_-118.90625,36.78125,-118.90625,0.5166944100256848,0.4143195152282715,1.5751752,1
usgs_11218500,36.78125_-118.96875,36.78125,-118.96875,0.5129207003955134,0.4297633171081543,1.7341685,1
usgs_11218500,36.78125_-119.03125,36.78125,-119.03125,0.5289225730499676,0.4137278199195862,1.894155,1
usgs_11218500,36.78125_-119.09375,36.78125,-119.09375,0.5288159640158409,0.41124260425567627,1.6265987,1
usgs_11218500,36.78125_-119.15625,36.78125,-119.15625,0.6049416495131651,0.42656806111335754,1.4707979,1
usgs_11218500,36.84375_-118.34375,36.84375,-118.34375,0.9187161266380072,0.0872781053185463,0.22878946,1
usgs_11218500,36.84375_-118.40625,36.84375,-118.40625,0.91302236097286,0.07792899757623672,0.1892844,1
usgs_11218500,36.84375_-118.46875,36.84375,-118.46875,0.7509575589704047,0.13218934834003448,0.30114776,1
usgs_11218500,36.84375_-118.53125,36.84375,-118.53125,0.6037128221720519,0.2511242628097534,0.7461905,1
usgs_11218500,36.84375_-118.59375,36.84375,-118.59375,1.1495753402780582,0.2155621349811554,0.5456915,1
usgs_11218500,36.84375_-118.65625,36.84375,-118.65625,0.7788313892652828,0.2892899513244629,0.72904795,1
usgs_11218500,36.84375_-118.71875,36.84375,-118.71875,0.6688289182333527,0.29284024238586426,0.9103055,1
usgs_11218500,36.84375_-118.78125,36.84375,-118.78125,0.5368839775330175,0.3508284091949463,1.0358938,1
usgs_11218500,36.84375_-118.84375,36.84375,-118.84375,0.5916479685153576,0.31568047404289246,1.1587967,1
usgs_11218500,36.84375_-118.90625,36.84375,-118.90625,0.5999105248488907,0.34899407625198364,1.356558,1
usgs_11218500,36.84375_-118.96875,36.84375,-118.96875,0.5552625367779025,0.37467455863952637,1.5001707,1
usgs_11218500,36.84375_-119.03125,36.84375,-119.03125,0.6609639523728505,0.3662721812725067,1.2946335,1
usgs_11218500,36.84375_-119.09375,36.84375,-119.09375,0.8811230866112147,0.37662720680236816,1.1962317,1
usgs_11218500,36.84375_-119.15625,36.84375,-119.15625,0.5992108083345701,0.4192899465560913,1.3287607,1
usgs_11218500,36.90625_-118.34375,36.90625,-118.34375,0.727649298954456,0.14479289948940277,0.30251712,1
usgs_11218500,36.90625_-118.40625,36.90625,-118.40625,0.9907468970954718,0.08248520642518997,0.1491641,1
usgs_11218500,36.90625_-118.46875,36.90625,-118.46875,1.0357593238938765,0.07923077046871185,0.18367124,1
usgs_11218500,36.90625_-118.53125,36.90625,-118.53125,1.0511860894229912,0.1368047297000885,0.27906844,1
usgs_11218500,36.90625_-118.59375,36.90625,-118.59375,0.8962067470769886,0.18911242485046387,0.402762,1
usgs_11218500,36.90625_-118.65625,36.90625,-118.65625,0.8538284289284017,0.18988165259361267,0.42927444,1
usgs_11218500,36.90625_-118.71875,36.90625,-118.71875,0.5962068291998814,0.21455621719360352,0.51374286,1
usgs_11218500,36.90625_-118.78125,36.90625,-118.78125,0.5338785334263445,0.36597633361816406,1.0979841,1
usgs_11218500,36.90625_-118.84375,36.90625,-118.84375,0.5888966416954817,0.3806508779525757,1.0822531,1
usgs_11218500,36.90625_-118.90625,36.90625,-118.90625,0.54325030123899,0.3622485101222992,1.1009935,1
usgs_11218500,36.90625_-118.96875,36.90625,-118.96875,0.5197057719997693,0.40822485089302063,1.4791632,1
usgs_11218500,36.90625_-119.03125,36.90625,-119.03125,0.5266858291915796,0.40396448969841003,1.5152228,1
usgs_11218500,36.90625_-119.09375,36.90625,-119.09375,0.5967118986993906,0.3772781193256378,1.361082,1
usgs_11218500,36.90625_-119.15625,36.90625,-119.15625,0.7813977388773015,0.4074556231498718,1.2657514,1
usgs_11218500,36.96875_-118.40625,36.96875,-118.40625,0.7927771990984656,0.052662722766399384,0.14599766,1
usgs_11218500,36.96875_-118.46875,36.96875,-118.46875,1.0248649767238986,0.10668639093637466,0.20626305,1
usgs_11218500,36.96875_-118.53125,36.96875,-118.53125,1.0319204943962763,0.07840237021446228,0.18054931,1
usgs_11218500,36.96875_-118.59375,36.96875,-118.59375,0.6147762234446505,0.2562130093574524,0.76792705,1
usgs_11218500,36.96875_-118.65625,36.96875,-118.65625,0.7510240062359526,0.27798816561698914,0.77896726,1
usgs_11218500,36.96875_-118.71875,36.96875,-118.71875,0.7755816569023432,0.30526626110076904,0.6944425,1
usgs_11218500,36.96875_-118.78125,36.96875,-118.78125,0.6302769704059923,0.36289942264556885,0.927095,1
usgs_11218500,36.96875_-118.84375,36.96875,-118.84375,0.6429543177674543,0.3568047285079956,1.0081724,1
usgs_11218500,36.96875_-118.90625,36.96875,-118.90625,0.5906017023189296,0.38420116901397705,1.0542191,1
usgs_11218500,36.96875_-118.96875,36.96875,-118.96875,0.5274199831107917,0.3980473279953003,1.2099835,1
usgs_11218500,36.96875_-119.03125,36.96875,-119.03125,0.5341253870733323,0.4036094546318054,1.293913,1
usgs_11218500,36.96875_-119.09375,36.96875,-119.09375,0.5145932682747383,0.4399999976158142,1.7153407,1
usgs_11218500,36.96875_-119.15625,36.96875,-119.15625,0.5249126962129539,0.43183431029319763,1.9431766,1
usgs_11218500,37.03125_-118.40625,37.03125,-118.40625,0.866425273556862,0.11100591719150543,0.17694913,1
usgs_11218500,37.03125_-118.46875,37.03125,-118.46875,0.917716986294127,0.037218935787677765,0.09322611,1
usgs_11218500,37.03125_-118.53125,37.03125,-118.53125,0.949719230931241,0.07863905280828476,0.18431477,1
usgs_11218500,37.03125_-118.59375,37.03125,-118.59375,1.0819445587051488,0.11479289829730988,0.31997484,1
usgs_11218500,37.03125_-118.65625,37.03125,-118.65625,1.0922178804697595,0.09497041255235672,0.2608716,1
usgs_11218500,37.03125_-118.71875,37.03125,-118.71875,1.0726960185068735,0.06248520687222481,0.12311727,1
usgs_11218500,37.03125_-118.78125,37.03125,-118.78125,1.0046936778067241,0.14662721753120422,0.31611344,1
usgs_11218500,37.03125_-118.84375,37.03125,-118.84375,0.949169808794223,0.25337278842926025,0.5026678,1
usgs_11218500,37.03125_-118.90625,37.03125,-118.90625,0.6334422199753573,0.29443785548210144,0.67418104,1
usgs_11218500,37.03125_-118.96875,37.03125,-118.96875,0.5705759124652544,0.299940824508667,0.76518536,1
usgs_11218500,37.03125_-119.03125,37.03125,-119.03125,0.5586162561519468,0.3860355019569397,1.0022091,1
usgs_11218500,37.03125_-119.09375,37.03125,-119.09375,0.5294236859898022,0.41106510162353516,1.3768331,1
usgs_11218500,37.03125_-119.15625,37.03125,-119.15625,0.5167469951007221,0.4344378709793091,1.9297162,1
usgs_11218500,37.09375_-118.46875,37.09375,-118.46875,0.8299470684770023,0.0750887542963028,0.16121046,1
usgs_11218500,37.09375_-118.53125,37.09375,-118.53125,0.8933254075612536,0.0530177503824234,0.10258863,1
usgs_11218500,37.09375_-118.59375,37.09375,-118.59375,1.1184629687774197,0.0923076942563057,0.2360488,1
usgs_11218500,37.09375_-118.65625,37.09375,-118.65625,0.9555415790224093,0.01928994059562683,0.082974605,1
usgs_11218500,37.09375_-118.71875,37.09375,-118.71875,0.9936278430727781,0.03911242634057999,0.08829014,1
usgs_11218500,37.09375_-118.78125,37.09375,-118.78125,1.0699256172612088,0.0959763303399086,0.16125372,1
usgs_11218500,37.09375_-118.84375,37.09375,-118.84375,0.804970849195464,0.25644969940185547,0.5042308,1
usgs_11218500,37.09375_-118.90625,37.09375,-118.90625,0.6517494302012419,0.30094674229621887,0.63214374,1
usgs_11218500,37.09375_-118.96875,37.09375,-118.96875,0.68048025909011,0.2554437816143036,0.5306479,1
usgs_11218500,37.09375_-119.03125,37.09375,-119.03125,0.775689770273035,0.2730769217014313,0.5193995,1
usgs_11218500,37.09375_-119.09375,37.09375,-119.09375,0.6024955609437562,0.368461549282074,0.7686958,1
usgs_11218500,37.09375_-119.15625,37.09375,-119.15625,0.5479872736630278,0.34242603182792664,0.9981479,1
usgs_11218500,37.09375_-119.21875,37.09375,-119.21875,0.5188237267143191,0.39639052748680115,1.2889059,1
usgs_11218500,37.15625_-118.59375,37.15625,-118.59375,0.953136409476391,0.06621301919221878,0.15346383,1
usgs_11218500,37.15625_-118.65625,37.15625,-118.65625,0.8454279043420192,0.02869822457432747,0.0906823,1
usgs_11218500,37.15625_-118.78125,37.15625,-118.78125,1.1718790655560298,0.13053254783153534,0.20620811,1
usgs_11218500,37.15625_-118.84375,37.15625,-118.84375,1.0863256870950075,0.18201182782649994,0.28455004,1
usgs_11218500,37.15625_-118.90625,37.15625,-118.90625,0.7275583719607928,0.3245562016963959,0.6811713,1
usgs_11218500,37.15625_-118.96875,37.15625,-118.96875,0.612708892672288,0.38360947370529175,0.78607464,1
usgs_11218500,37.15625_-119.03125,37.15625,-119.03125,0.7126318411758846,0.3361538350582123,0.63872564,1
usgs_11218500,37.15625_-119.09375,37.15625,-119.09375,0.658892921885726,0.32147929072380066,0.628943,1
usgs_11218500,37.15625_-119.15625,37.15625,-119.15625,0.5743001880909316,0.40917161107063293,1.0371357,1
usgs_11218500,37.15625_-119.21875,37.15625,-119.21875,0.575956817135113,0.32076922059059143,1.1322808,1
usgs_11218500,37.21875_-118.90625,37.21875,-118.90625,0.7613600290738274,0.21491123735904694,0.44229534,1
usgs_11218500,37.21875_-118.96875,37.21875,-118.96875,0.6622217942472686,0.33094674348831177,0.66128856,1
usgs_11220000,36.90625_-119.21875,36.90625,-119.21875,0.867511931609917,0.3950887620449066,1.1704218,1
usgs_11220000,36.90625_-119.28125,36.90625,-119.28125,0.9140295390869552,0.3390532433986664,0.9934829,1
usgs_11220000,36.96875_-119.15625,36.96875,-119.15625,0.5249126962129539,0.43183431029319763,1.9431766,1
usgs_11220000,36.96875_-119.21875,36.96875,-119.21875,0.5923548216714221,0.42911243438720703,1.5831307,1
usgs_11220000,36.96875_-119.28125,36.96875,-119.28125,0.6617730912782775,0.4077514708042145,1.3320334,1
usgs_11220000,37.03125_-119.15625,37.03125,-119.15625,0.5167469951007221,0.4344378709793091,1.9297162,1
usgs_11220000,37.03125_-119.21875,37.03125,-119.21875,0.5160243765646869,0.4260946810245514,1.9762377,1
usgs_11220000,37.03125_-119.28125,37.03125,-119.28125,0.5152617250228775,0.3415384590625763,1.6522293,1
usgs_11220000,37.03125_-119.34375,37.03125,-119.34375,0.5285855925631376,0.32573965191841125,1.5585022,1
usgs_11220000,37.09375_-119.15625,37.09375,-119.15625,0.5479872736630278,0.34242603182792664,0.9981479,1
usgs_11220000,37.09375_-119.21875,37.09375,-119.21875,0.5188237267143191,0.39639052748680115,1.2889059,1
usgs_11220000,37.09375_-119.28125,37.09375,-119.28125,0.5082313497808976,0.36869823932647705,1.6320494,1
usgs_11220000,37.09375_-119.34375,37.09375,-119.34375,0.5254374705831238,0.33520710468292236,1.6587437,1
usgs_11220500,36.90625_-119.28125,36.90625,-119.28125,0.9140295390869552,0.3390532433986664,0.9934829,1
usgs_11220500,36.90625_-119.34375,36.90625,-119.34375,0.7045812359243468,0.40183430910110474,1.0567397,1
usgs_11220500,36.90625_-119.40625,36.90625,-119.40625,0.7685876861842207,0.3813609480857849,0.9479807,1
usgs_11220500,36.96875_-119.28125,36.96875,-119.28125,0.6617730912782775,0.4077514708042145,1.3320334,1
usgs_11220500,36.96875_-119.34375,36.96875,-119.34375,0.6898794879555673,0.4086982309818268,1.2276477,1
usgs_11220500,36.96875_-119.40625,36.96875,-119.40625,0.7081707580239187,0.3552071154117584,1.1311481,1
usgs_11220500,37.03125_-119.28125,37.03125,-119.28125,0.5152617250228775,0.3415384590625763,1.6522293,1
usgs_11220500,37.03125_-119.34375,37.03125,-119.34375,0.5285855925631376,0.32573965191841125,1.5585022,1
usgs_11220500,37.03125_-119.40625,37.03125,-119.40625,0.5425300060259199,0.3721301853656769,1.4049164,1
usgs_11220500,37.09375_-119.34375,37.09375,-119.34375,0.5254374705831238,0.33520710468292236,1.6587437,1
usgs_11224500,36.15625_-120.46875,36.15625,-120.46875,0.6548033059713321,0.3499999940395355,0.58731556,1
usgs_11224500,36.15625_-120.53125,36.15625,-120.53125,0.6035276846005099,0.23000000417232513,0.51391643,1
usgs_11224500,36.21875_-120.46875,36.21875,-120.46875,0.7279009582657721,0.25,0.5298896,1
usgs_11224500,36.21875_-120.53125,36.21875,-120.53125,0.5987916031801169,0.3400000035762787,0.72126144,1
usgs_11224500,36.21875_-120.59375,36.21875,-120.59375,0.5571336552667101,0.550000011920929,0.84473956,1
usgs_11224500,36.21875_-120.65625,36.21875,-120.65625,0.5279209016772829,0.30000001192092896,0.85500467,1
usgs_11224500,36.28125_-120.46875,36.28125,-120.46875,0.6635279130542141,0.38999998569488525,0.50298065,1
usgs_11224500,36.28125_-120.53125,36.28125,-120.53125,0.5892743576218326,0.38999998569488525,0.43770146,1
usgs_11224500,36.28125_-120.59375,36.28125,-120.59375,0.5370841117202698,0.0,0.52166855,1
usgs_11224500,36.28125_-120.65625,36.28125,-120.65625,0.5071957872261774,0.38999998569488525,0.8489345,1
usgs_11224500,36.34375_-120.46875,36.34375,-120.46875,0.5534427810725845,0.36000001430511475,0.7239796,1
usgs_11224500,36.34375_-120.53125,36.34375,-120.53125,0.5080019535490724,0.550000011920929,0.92988,1
usgs_11224500,36.34375_-120.59375,36.34375,-120.59375,0.5016266874218,0.5899999737739563,1.1435087,1
usgs_11224500,36.34375_-120.65625,36.34375,-120.65625,0.5019739209848895,0.46000000834465027,0.88745683,1
usgs_11226500,37.46875_-118.84375,37.46875,-118.84375,1.098461013041899,0.10763313621282578,0.18683775,1
usgs_11226500,37.46875_-118.90625,37.46875,-118.90625,1.0993251318766815,0.1209467425942421,0.19619672,1
usgs_11226500,37.46875_-118.96875,37.46875,-118.96875,0.9795629236114733,0.2014201134443283,0.32845175,1
usgs_11226500,37.46875_-119.03125,37.46875,-119.03125,1.0688784264716347,0.15988165140151978,0.2775416,1
usgs_11226500,37.46875_-119.09375,37.46875,-119.09375,0.6410173643868347,0.3689940869808197,0.92767125,1
usgs_11226500,37.46875_-119.15625,37.46875,-119.15625,0.5437063287927093,0.34526628255844116,1.34087,1
usgs_11226500,37.46875_-119.21875,37.46875,-119.21875,0.5659658134802272,0.2653254568576813,0.83754677,1
usgs_11226500,37.53125_-118.84375,37.53125,-118.84375,1.1112236676736829,0.09840236604213715,0.21269602,1
usgs_11226500,37.53125_-118.90625,37.53125,-118.90625,1.013117397546524,0.1108875721693039,0.14996575,1
usgs_11226500,37.53125_-118.96875,37.53125,-118.96875,0.987564683545072,0.2262130230665207,0.3525995,1
usgs_11226500,37.53125_-119.03125,37.53125,-119.03125,0.6679569537295793,0.33230769634246826,0.6700952,1
usgs_11226500,37.53125_-119.09375,37.53125,-119.09375,0.5862968736558953,0.3569822609424591,0.8412686,1
usgs_11226500,37.53125_-119.15625,37.53125,-119.15625,0.5537735407412531,0.3292899429798126,1.14257,1
usgs_11226500,37.53125_-119.21875,37.53125,-119.21875,0.6112893751067092,0.33076924085617065,1.0670663,1
usgs_11226500,37.59375_-118.96875,37.59375,-118.96875,0.7761413171058469,0.2605917155742645,0.52035433,1
usgs_11226500,37.59375_-119.03125,37.59375,-119.03125,0.8384690700263859,0.30852070450782776,0.57325447,1
usgs_11226500,37.59375_-119.09375,37.59375,-119.09375,0.8206880988895613,0.316982239484787,0.61721766,1
usgs_11226500,37.59375_-119.15625,37.59375,-119.15625,1.1301313859159485,0.27124258875846863,0.5784552,1
usgs_11226500,37.59375_-119.21875,37.59375,-119.21875,0.8056756314433617,0.33153846859931946,0.79736996,1
usgs_11226500,37.59375_-119.28125,37.59375,-119.28125,0.8899103820302808,0.2991715967655182,0.64511156,1
usgs_11226500,37.65625_-119.03125,37.65625,-119.03125,0.8542510509746413,0.2940828502178192,0.72860765,1
usgs_11226500,37.65625_-119.09375,37.65625,-119.09375,0.849689801955036,0.3438461422920227,0.68461466,1
usgs_11226500,37.65625_-119.15625,37.65625,-119.15625,1.1593304939024662,0.17071005702018738,0.2106235,1
usgs_11226500,37.65625_-119.21875,37.65625,-119.21875,1.119644946034339,0.15508875250816345,0.24864343,1
usgs_11226500,37.65625_-119.28125,37.65625,-119.28125,1.2861202699762515,0.1623668670654297,0.21821204,1
usgs_11226500,37.71875_-119.09375,37.71875,-119.09375,1.2234237374096044,0.2637869715690613,0.4708504,1
usgs_11226500,37.71875_-119.15625,37.71875,-119.15625,1.3118878458561873,0.2366272211074829,0.27473798,1
usgs_11226500,37.71875_-119.21875,37.71875,-119.21875,1.219845541007694,0.10118342936038971,0.13185787,1
usgs_11226500,37.71875_-119.28125,37.71875,-119.28125,0.971498157537907,0.04289940744638443,0.09242787,1
usgs_11230500,37.28125_-118.78125,37.28125,-118.78125,1.1435774536091707,0.12923076748847961,0.25349206,1
usgs_11230500,37.28125_-118.84375,37.28125,-118.84375,1.068616849165064,0.12011834233999252,0.17719974,1
usgs_11230500,37.28125_-118.90625,37.28125,-118.90625,0.9181358545766154,0.23461538553237915,0.47996488,1
usgs_11230500,37.34375_-118.78125,37.34375,-118.78125,0.8331034125524269,0.017869822680950165,0.08030797,1
usgs_11230500,37.34375_-118.84375,37.34375,-118.84375,0.9191621166156102,0.09721893817186356,0.19684058,1
usgs_11230500,37.34375_-118.90625,37.34375,-118.90625,0.8355046591304958,0.25532543659210205,0.4608028,1
usgs_11230500,37.34375_-118.96875,37.34375,-118.96875,0.5870168902260775,0.3040236830711365,0.76232094,1
usgs_11230500,37.40625_-118.78125,37.40625,-118.78125,0.8804794143642123,0.06408283859491348,0.13242532,1
usgs_11230500,37.40625_-118.84375,37.40625,-118.84375,0.9250965359015406,0.10822485387325287,0.29769576,1
usgs_11230500,37.40625_-118.90625,37.40625,-118.90625,0.8879861273125487,0.28023669123649597,0.5325241,1
usgs_11230500,37.40625_-118.96875,37.40625,-118.96875,0.6642854108195316,0.3218343257904053,0.8613896,1
usgs_11237500,37.15625_-119.09375,37.15625,-119.09375,0.658892921885726,0.32147929072380066,0.628943,1
usgs_11237500,37.15625_-119.15625,37.15625,-119.15625,0.5743001880909316,0.40917161107063293,1.0371357,1
usgs_11237500,37.15625_-119.21875,37.15625,-119.21875,0.575956817135113,0.32076922059059143,1.1322808,1
usgs_11237500,37.21875_-119.09375,37.21875,-119.09375,0.5959821381260811,0.3552071154117584,0.7419015,1
usgs_11237500,37.21875_-119.15625,37.21875,-119.15625,0.5808210318149418,0.3357396423816681,0.97606605,1
usgs_11237500,37.21875_-119.21875,37.21875,-119.21875,0.5318016707275129,0.3256804645061493,1.2868499,1
usgs_11253310,36.34375_-120.53125,36.34375,-120.53125,0.5080019535490724,0.550000011920929,0.92988,1
usgs_11253310,36.34375_-120.59375,36.34375,-120.59375,0.5016266874218,0.5899999737739563,1.1435087,1
usgs_11253310,36.34375_-120.65625,36.34375,-120.65625,0.5019739209848895,0.46000000834465027,0.88745683,1
usgs_11253310,36.40625_-120.40625,36.40625,-120.40625,0.6833258221301072,0.0,0.4333559,1
usgs_11253310,36.40625_-120.46875,36.40625,-120.46875,0.6406492351447237,0.20000000298023224,0.44717607,1
usgs_11253310,36.40625_-120.53125,36.40625,-120.53125,0.6390220645154436,0.0,0.42071307,1
usgs_11253310,36.40625_-120.59375,36.40625,-120.59375,0.5455381408459601,0.4099999964237213,0.53336215,1
usgs_11253310,36.40625_-120.65625,36.40625,-120.65625,0.5069749531015645,0.44999998807907104,0.8190552,1
usgs_11253310,36.46875_-120.46875,36.46875,-120.46875,0.6118806150171561,0.11999999731779099,0.32800797,1
usgs_11257500,37.21875_-119.71875,37.21875,-119.71875,0.555150387884101,0.44999998807907104,1.2093441,1
usgs_11257500,37.21875_-119.78125,37.21875,-119.78125,0.5942649364446405,0.0,1.0705234,1
usgs_11257500,37.21875_-119.84375,37.21875,-119.84375,0.5678191138827376,0.3400000035762787,1.1356016,1
usgs_11257500,37.28125_-119.59375,37.28125,-119.59375,0.527046160396182,0.43183431029319763,1.9416224,1
usgs_11257500,37.28125_-119.65625,37.28125,-119.65625,0.5622872127673828,0.3971005976200104,1.4918766,1
usgs_11257500,37.28125_-119.71875,37.28125,-119.71875,0.5673550881982277,0.5600000023841858,1.4239562,1
usgs_11257500,37.28125_-119.78125,37.28125,-119.78125,0.5808939696276775,0.3400000035762787,1.1444776,1
usgs_11257500,37.28125_-119.84375,37.28125,-119.84375,0.592668329639796,0.3199999928474426,1.1320524,1
usgs_11257500,37.34375_-119.59375,37.34375,-119.59375,0.5232671803445879,0.38745561242103577,1.752579,1
usgs_11257500,37.34375_-119.65625,37.34375,-119.65625,0.5431432361780962,0.30000001192092896,1.38785,1
usgs_11257500,37.34375_-119.71875,37.34375,-119.71875,0.5872138779536541,0.4000000059604645,1.1470546,1
usgs_11257500,37.34375_-119.78125,37.34375,-119.78125,0.7428468666079779,0.4399999976158142,1.2313384,1
usgs_11257500,37.40625_-119.53125,37.40625,-119.53125,0.5184726238163093,0.4862130284309387,2.0662568,1
usgs_11257500,37.40625_-119.59375,37.40625,-119.59375,0.5116493439534877,0.42402365803718567,2.313842,1
usgs_11257500,37.40625_-119.65625,37.40625,-119.65625,0.5139728650782365,0.5199999809265137,2.219718,1
usgs_11257500,37.40625_-119.71875,37.40625,-119.71875,0.5318851944362164,0.3700000047683716,1.56548,1
usgs_11257500,37.40625_-119.78125,37.40625,-119.78125,0.6060437503647514,0.4699999988079071,1.4062083,1
usgs_11257500,37.46875_-119.53125,37.46875,-119.53125,0.5428494053653676,0.43680474162101746,1.3854588,1
usgs_11257500,37.46875_-119.59375,37.46875,-119.59375,0.5113890211004306,0.4308875799179077,2.216755,1
usgs_11257500,37.46875_-119.65625,37.46875,-119.65625,0.50952588901604,0.4715384542942047,2.5993972,1
usgs_11257500,37.46875_-119.71875,37.46875,-119.71875,0.5103149926697006,0.4502958655357361,2.350405,1
usgs_11258000,37.09375_-119.71875,37.09375,-119.71875,0.5712840937795045,0.4318934977054596,0.9696893,1
usgs_11258000,37.09375_-119.78125,37.09375,-119.78125,0.5627954813868259,0.4699999988079071,0.8312096,1
usgs_11258000,37.09375_-119.84375,37.09375,-119.84375,0.5893017936191489,0.4699999988079071,0.7337847,1
usgs_11258000,37.09375_-119.90625,37.09375,-119.90625,0.5422945862756918,0.5600000023841858,0.8336146,1
usgs_11258000,37.15625_-119.65625,37.15625,-119.65625,0.5924105694998041,0.4059171676635742,1.1790471,1
usgs_11258000,37.15625_-119.71875,37.15625,-119.71875,0.5867562822789688,0.4102366864681244,1.110383,1
usgs_11258000,37.15625_-119.78125,37.15625,-119.78125,0.5789882532597987,0.3700000047683716,1.0993714,1
usgs_11258000,37.15625_-119.84375,37.15625,-119.84375,0.5912502491247585,0.41999998688697815,0.77686363,1
usgs_11258000,37.15625_-119.90625,37.15625,-119.90625,0.5638890842870793,0.4099999964237213,0.8310729,1
usgs_11258000,37.21875_-119.65625,37.21875,-119.65625,0.5787559943598601,0.41165679693222046,1.3684465,1
usgs_11258000,37.21875_-119.71875,37.21875,-119.71875,0.555150387884101,0.44999998807907104,1.2093441,1
usgs_11258000,37.21875_-119.78125,37.21875,-119.78125,0.5942649364446405,0.0,1.0705234,1
usgs_11258000,37.21875_-119.84375,37.21875,-119.84375,0.5678191138827376,0.3400000035762787,1.1356016,1
usgs_11258000,37.21875_-119.90625,37.21875,-119.90625,0.5709987065876424,0.0,0.7412431,1
usgs_11258000,37.28125_-119.59375,37.28125,-119.59375,0.527046160396182,0.43183431029319763,1.9416224,1
usgs_11258000,37.28125_-119.65625,37.28125,-119.65625,0.5622872127673828,0.3971005976200104,1.4918766,1
usgs_11258000,37.28125_-119.71875,37.28125,-119.71875,0.5673550881982277,0.5600000023841858,1.4239562,1
usgs_11258000,37.28125_-119.78125,37.28125,-119.78125,0.5808939696276775,0.3400000035762787,1.1444776,1
usgs_11258000,37.28125_-119.84375,37.28125,-119.84375,0.592668329639796,0.3199999928474426,1.1320524,1
usgs_11258000,37.34375_-119.59375,37.34375,-119.59375,0.5232671803445879,0.38745561242103577,1.752579,1
usgs_11258000,37.34375_-119.65625,37.34375,-119.65625,0.5431432361780962,0.30000001192092896,1.38785,1
usgs_11258000,37.34375_-119.71875,37.34375,-119.71875,0.5872138779536541,0.4000000059604645,1.1470546,1
usgs_11258000,37.34375_-119.78125,37.34375,-119.78125,0.7428468666079779,0.4399999976158142,1.2313384,1
usgs_11258000,37.40625_-119.53125,37.40625,-119.53125,0.5184726238163093,0.4862130284309387,2.0662568,1
usgs_11258000,37.40625_-119.59375,37.40625,-119.59375,0.5116493439534877,0.42402365803718567,2.313842,1
usgs_11258000,37.40625_-119.65625,37.40625,-119.65625,0.5139728650782365,0.5199999809265137,2.219718,1
usgs_11258000,37.40625_-119.71875,37.40625,-119.71875,0.5318851944362164,0.3700000047683716,1.56548,1
usgs_11258000,37.40625_-119.78125,37.40625,-119.78125,0.6060437503647514,0.4699999988079071,1.4062083,1
usgs_11258000,37.46875_-119.53125,37.46875,-119.53125,0.5428494053653676,0.43680474162101746,1.3854588,1
usgs_11258000,37.46875_-119.59375,37.46875,-119.59375,0.5113890211004306,0.4308875799179077,2.216755,1
usgs_11258000,37.46875_-119.65625,37.46875,-119.65625,0.50952588901604,0.4715384542942047,2.5993972,1
usgs_11258000,37.46875_-119.71875,37.46875,-119.71875,0.5103149926697006,0.4502958655357361,2.350405,1
usgs_11259000,37.15625_-119.90625,37.15625,-119.90625,0.5638890842870793,0.4099999964237213,0.8310729,1
usgs_11259000,37.21875_-119.84375,37.21875,-119.84375,0.5678191138827376,0.3400000035762787,1.1356016,1
usgs_11259000,37.21875_-119.90625,37.21875,-119.90625,0.5709987065876424,0.0,0.7412431,1
usgs_11259000,37.21875_-119.96875,37.21875,-119.96875,0.6787647950561064,0.0,0.9335639,1
usgs_11259000,37.28125_-119.78125,37.28125,-119.78125,0.5808939696276775,0.3400000035762787,1.1444776,1
usgs_11259000,37.28125_-119.84375,37.28125,-119.84375,0.592668329639796,0.3199999928474426,1.1320524,1
usgs_11259000,37.28125_-119.90625,37.28125,-119.90625,0.6004126486260866,0.3400000035762787,1.110837,1
usgs_11259000,37.28125_-119.96875,37.28125,-119.96875,0.5982927707649344,0.38999998569488525,1.1386658,1
usgs_11259000,37.28125_-120.03125,37.28125,-120.03125,0.6961706545676382,0.49000000953674316,0.8638276,1
usgs_11259000,37.34375_-119.78125,37.34375,-119.78125,0.7428468666079779,0.4399999976158142,1.2313384,1
usgs_11259000,37.34375_-119.84375,37.34375,-119.84375,0.6403130775191828,0.41999998688697815,1.0657231,1
usgs_11259000,37.34375_-119.90625,37.34375,-119.90625,0.6032378861376645,0.36000001430511475,1.1675175,1
usgs_11259000,37.34375_-119.96875,37.34375,-119.96875,0.8031187777579056,0.4699999988079071,0.8662078,1
usgs_11259000,37.34375_-120.03125,37.34375,-120.03125,0.725025448720698,0.4000000059604645,0.9048165,1
usgs_11259000,37.40625_-119.71875,37.40625,-119.71875,0.5318851944362164,0.3700000047683716,1.56548,1
usgs_11259000,37.40625_-119.78125,37.40625,-119.78125,0.6060437503647514,0.4699999988079071,1.4062083,1
usgs_11259000,37.40625_-119.84375,37.40625,-119.84375,0.6015609678572496,0.3199999928474426,1.2418841,1
usgs_11259000,37.40625_-119.90625,37.40625,-119.90625,0.5877713396475628,0.46000000834465027,1.3420199,1
usgs_11259000,37.40625_-119.96875,37.40625,-119.96875,0.6447768634474745,0.4699999988079071,1.5146977,1
usgs_11259000,37.40625_-120.03125,37.40625,-120.03125,0.692687340158567,0.47999998927116394,1.0662678,1
usgs_11259000,37.46875_-119.65625,37.46875,-119.65625,0.50952588901604,0.4715384542942047,2.5993972,1
usgs_11259000,37.46875_-119.71875,37.46875,-119.71875,0.5103149926697006,0.4502958655357361,2.350405,1
usgs_11259000,37.46875_-119.78125,37.46875,-119.78125,0.5217570452009065,0.3700000047683716,1.5956811,1
usgs_11259000,37.46875_-119.84375,37.46875,-119.84375,0.546338468947838,0.4099999964237213,1.5524949,1
usgs_11259000,37.46875_-119.90625,37.46875,-119.90625,0.5787956063888731,0.33000001311302185,1.4572397,1
usgs_11259000,37.53125_-119.71875,37.53125,-119.71875,0.5113543278333091,0.386982262134552,2.1739168,1
usgs_11259000,37.53125_-119.78125,37.53125,-119.78125,0.5245325128682579,0.3852662742137909,2.067586,1
usgs_11259000,37.53125_-119.84375,37.53125,-119.84375,0.5389523847094945,0.303846150636673,2.040947,1
usgs_11259000,37.53125_-119.90625,37.53125,-119.90625,0.557984847323585,0.3227810561656952,1.7886566,1
usgs_11259000,37.59375_-119.84375,37.59375,-119.84375,0.5543505559172385,0.34816569089889526,1.9501561,1
usgs_11259000,37.59375_-119.90625,37.59375,-119.90625,0.5756977721056553,0.3566272258758545,1.726815,1
usgs_11264500,37.59375_-119.40625,37.59375,-119.40625,0.8053699469437228,0.21834319829940796,0.33236757,1
usgs_11264500,37.59375_-119.46875,37.59375,-119.46875,0.781784228450809,0.2583431899547577,0.46251866,1
usgs_11264500,37.59375_-119.53125,37.59375,-119.53125,0.6877122527417658,0.27005916833877563,0.6037368,1
usgs_11264500,37.65625_-119.28125,37.65625,-119.28125,1.2861202699762515,0.1623668670654297,0.21821204,1
usgs_11264500,37.65625_-119.34375,37.65625,-119.34375,1.06279030858043,0.15804733335971832,0.22322355,1
usgs_11264500,37.65625_-119.40625,37.65625,-119.40625,1.0236881051969258,0.11053254455327988,0.19283086,1
usgs_11264500,37.65625_-119.46875,37.65625,-119.46875,0.6176370267396013,0.31431952118873596,0.7720174,1
usgs_11264500,37.65625_-119.53125,37.65625,-119.53125,0.5953592509711281,0.3190532624721527,0.77500826,1
usgs_11264500,37.65625_-119.59375,37.65625,-119.59375,0.5729444490535354,0.3655029535293579,1.0122432,1
usgs_11264500,37.71875_-119.28125,37.71875,-119.28125,0.971498157537907,0.04289940744638443,0.09242787,1
usgs_11264500,37.71875_-119.34375,37.71875,-119.34375,0.8619201347215475,0.18005916476249695,0.31418443,1
usgs_11264500,37.71875_-119.40625,37.71875,-119.40625,0.6836621163268658,0.22644969820976257,0.44679365,1
usgs_11264500,37.71875_-119.46875,37.71875,-119.46875,0.5908811347840713,0.2826627194881439,0.6155209,1
usgs_11264500,37.71875_-119.53125,37.71875,-119.53125,0.5463275557139491,0.345976322889328,0.86689216,1
usgs_11264500,37.71875_-119.59375,37.71875,-119.59375,0.5291784363805772,0.3651479184627533,1.1311091,1
usgs_11264500,37.78125_-119.28125,37.78125,-119.28125,1.1598091166239168,0.1460946798324585,0.22676516,1
usgs_11264500,37.78125_-119.34375,37.78125,-119.34375,1.0905558813522611,0.1569230705499649,0.21755967,1
usgs_11264500,37.78125_-119.40625,37.78125,-119.40625,0.9343719075564229,0.2426627278327942,0.34339353,1
usgs_11264500,37.78125_-119.46875,37.78125,-119.46875,0.7538888674517009,0.2641420066356659,0.45774624,1
usgs_11264500,37.78125_-119.53125,37.78125,-119.53125,0.5482126094607006,0.33579882979393005,0.789818,1
usgs_11264500,37.84375_-119.34375,37.84375,-119.34375,0.9599488211823584,0.26751479506492615,0.50064576,1
usgs_11264500,37.84375_-119.40625,37.84375,-119.40625,0.9156992313262903,0.24319526553153992,0.3883451,1
usgs_11264500,37.84375_-119.46875,37.84375,-119.46875,0.8172869719373823,0.23656804859638214,0.35019273,1
usgs_11266500,37.59375_-119.40625,37.59375,-119.40625,0.8053699469437228,0.21834319829940796,0.33236757,1
usgs_11266500,37.59375_-119.46875,37.59375,-119.46875,0.781784228450809,0.2583431899547577,0.46251866,1
usgs_11266500,37.59375_-119.53125,37.59375,-119.53125,0.6877122527417658,0.27005916833877563,0.6037368,1
usgs_11266500,37.59375_-119.59375,37.59375,-119.59375,0.5749026629466522,0.3599408268928528,1.0073057,1
usgs_11266500,37.65625_-119.28125,37.65625,-119.28125,1.2861202699762515,0.1623668670654297,0.21821204,1
usgs_11266500,37.65625_-119.34375,37.65625,-119.34375,1.06279030858043,0.15804733335971832,0.22322355,1
usgs_11266500,37.65625_-119.40625,37.65625,-119.40625,1.0236881051969258,0.11053254455327988,0.19283086,1
usgs_11266500,37.65625_-119.46875,37.65625,-119.46875,0.6176370267396013,0.31431952118873596,0.7720174,1
usgs_11266500,37.65625_-119.53125,37.65625,-119.53125,0.5953592509711281,0.3190532624721527,0.77500826,1
usgs_11266500,37.65625_-119.59375,37.65625,-119.59375,0.5729444490535354,0.3655029535293579,1.0122432,1
usgs_11266500,37.65625_-119.65625,37.65625,-119.65625,0.5287165868390209,0.4453846216201782,1.4828845,1
usgs_11266500,37.71875_-119.28125,37.71875,-119.28125,0.971498157537907,0.04289940744638443,0.09242787,1
usgs_11266500,37.71875_-119.34375,37.71875,-119.34375,0.8619201347215475,0.18005916476249695,0.31418443,1
usgs_11266500,37.71875_-119.40625,37.71875,-119.40625,0.6836621163268658,0.22644969820976257,0.44679365,1
usgs_11266500,37.71875_-119.46875,37.71875,-119.46875,0.5908811347840713,0.2826627194881439,0.6155209,1
usgs_11266500,37.71875_-119.53125,37.71875,-119.53125,0.5463275557139491,0.345976322889328,0.86689216,1
usgs_11266500,37.71875_-119.59375,37.71875,-119.59375,0.5291784363805772,0.3651479184627533,1.1311091,1
usgs_11266500,37.71875_-119.65625,37.71875,-119.65625,0.519958623466963,0.3866272270679474,1.3431263,1
usgs_11266500,37.78125_-119.28125,37.78125,-119.28125,1.1598091166239168,0.1460946798324585,0.22676516,1
usgs_11266500,37.78125_-119.34375,37.78125,-119.34375,1.0905558813522611,0.1569230705499649,0.21755967,1
usgs_11266500,37.78125_-119.40625,37.78125,-119.40625,0.9343719075564229,0.2426627278327942,0.34339353,1
usgs_11266500,37.78125_-119.46875,37.78125,-119.46875,0.7538888674517009,0.2641420066356659,0.45774624,1
usgs_11266500,37.78125_-119.53125,37.78125,-119.53125,0.5482126094607006,0.33579882979393005,0.789818,1
usgs_11266500,37.78125_-119.59375,37.78125,-119.59375,0.5912579666268252,0.3701183497905731,0.8198876,1
usgs_11266500,37.78125_-119.65625,37.78125,-119.65625,0.633218836272695,0.3318343162536621,0.7022689,1
usgs_11266500,37.84375_-119.34375,37.84375,-119.34375,0.9599488211823584,0.26751479506492615,0.50064576,1
usgs_11266500,37.84375_-119.40625,37.84375,-119.40625,0.9156992313262903,0.24319526553153992,0.3883451,1
usgs_11266500,37.84375_-119.46875,37.84375,-119.46875,0.8172869719373823,0.23656804859638214,0.35019273,1
usgs_11266500,37.84375_-119.53125,37.84375,-119.53125,0.8330561981139799,0.2271597683429718,0.44542456,1
usgs_11266500,37.84375_-119.59375,37.84375,-119.59375,0.6490119398891769,0.3442011773586273,0.81418365,1
usgs_11266500,37.84375_-119.65625,37.84375,-119.65625,0.6582196420283339,0.3585207164287567,0.8102599,1
usgs_11266500,37.90625_-119.53125,37.90625,-119.53125,0.6181570570177705,0.23692308366298676,0.48946267,1
usgs_11266500,37.90625_-119.59375,37.90625,-119.59375,0.562938992350455,0.3109467327594757,0.7573519,1
usgs_11268000,37.46875_-119.46875,37.46875,-119.46875,0.5724677973248963,0.39698225259780884,1.0389456,1
usgs_11268000,37.46875_-119.53125,37.46875,-119.53125,0.5428494053653676,0.43680474162101746,1.3854588,1
usgs_11268000,37.46875_-119.59375,37.46875,-119.59375,0.5113890211004306,0.4308875799179077,2.216755,1
usgs_11268000,37.46875_-119.65625,37.46875,-119.65625,0.50952588901604,0.4715384542942047,2.5993972,1
usgs_11268000,37.46875_-119.71875,37.46875,-119.71875,0.5103149926697006,0.4502958655357361,2.350405,1
usgs_11268000,37.53125_-119.40625,37.53125,-119.40625,0.7133253872499571,0.30000001192092896,0.74168473,1
usgs_11268000,37.53125_-119.46875,37.53125,-119.46875,0.6026264252454411,0.38130176067352295,0.8484126,1
usgs_11268000,37.53125_-119.53125,37.53125,-119.53125,0.5461679935493872,0.35958579182624817,1.1226006,1
usgs_11268000,37.53125_-119.59375,37.53125,-119.59375,0.5114770494071477,0.37952661514282227,1.8495194,1
usgs_11268000,37.53125_-119.65625,37.53125,-119.65625,0.5095788985585011,0.45786982774734497,2.2157993,1
usgs_11268000,37.53125_-119.71875,37.53125,-119.71875,0.5113543278333091,0.386982262134552,2.1739168,1
usgs_11268000,37.53125_-119.78125,37.53125,-119.78125,0.5245325128682579,0.3852662742137909,2.067586,1
usgs_11268000,37.53125_-119.84375,37.53125,-119.84375,0.5389523847094945,0.303846150636673,2.040947,1
usgs_11268000,37.59375_-119.34375,37.59375,-119.34375,1.1243618482587303,0.19585798680782318,0.32419956,1
usgs_11268000,37.59375_-119.40625,37.59375,-119.40625,0.8053699469437228,0.21834319829940796,0.33236757,1
usgs_11268000,37.59375_-119.46875,37.59375,-119.46875,0.781784228450809,0.2583431899547577,0.46251866,1
usgs_11268000,37.59375_-119.53125,37.59375,-119.53125,0.6877122527417658,0.27005916833877563,0.6037368,1
usgs_11268000,37.59375_-119.59375,37.59375,-119.59375,0.5749026629466522,0.3599408268928528,1.0073057,1
usgs_11268000,37.59375_-119.65625,37.59375,-119.65625,0.5124998051508645,0.4937869906425476,2.0394962,1
usgs_11268000,37.59375_-119.71875,37.59375,-119.71875,0.5352130961421346,0.3751479387283325,1.8323164,1
usgs_11268000,37.59375_-119.78125,37.59375,-119.78125,0.5704167695706996,0.3533727824687958,1.5881735,1
usgs_11268000,37.59375_-119.84375,37.59375,-119.84375,0.5543505559172385,0.34816569089889526,1.9501561,1
usgs_11268000,37.59375_-119.90625,37.59375,-119.90625,0.5756977721056553,0.3566272258758545,1.726815,1
usgs_11268000,37.65625_-119.34375,37.65625,-119.34375,1.06279030858043,0.15804733335971832,0.22322355,1
usgs_11268000,37.65625_-119.40625,37.65625,-119.40625,1.0236881051969258,0.11053254455327988,0.19283086,1
usgs_11268000,37.65625_-119.59375,37.65625,-119.59375,0.5729444490535354,0.3655029535293579,1.0122432,1
usgs_11268000,37.65625_-119.65625,37.65625,-119.65625,0.5287165868390209,0.4453846216201782,1.4828845,1
usgs_11268000,37.65625_-119.71875,37.65625,-119.71875,0.5133926206687117,0.3887574076652527,1.9316374,1
usgs_11268000,37.65625_-119.78125,37.65625,-119.78125,0.5761334532879993,0.35147929191589355,1.5756124,1
usgs_11268000,37.65625_-119.84375,37.65625,-119.84375,0.6792698368394174,0.3291715979576111,1.2626147,1
usgs_11268000,37.65625_-119.90625,37.65625,-119.90625,0.6980148621308419,0.32727810740470886,1.1709238,1
usgs_11269300,37.65625_-120.09375,37.65625,-120.09375,0.5961518466917771,0.3722485303878784,1.0890235,1
usgs_11269300,37.65625_-120.15625,37.65625,-120.15625,0.7264090060150146,0.3199999928474426,0.96582866,1
usgs_11269300,37.71875_-120.09375,37.71875,-120.09375,0.5185810038676454,0.45059171319007874,1.49545,1
usgs_11269300,37.71875_-120.15625,37.71875,-120.15625,0.5562053875305013,0.4324851930141449,1.4570773,1
usgs_11269300,37.71875_-120.21875,37.71875,-120.21875,0.6074827121134053,0.4278106391429901,1.1282659,1
usgs_11269300,37.78125_-120.15625,37.78125,-120.15625,0.5279769860067715,0.4562721848487854,1.8220307,1
usgs_11269300,37.78125_-120.21875,37.78125,-120.21875,0.5329603936674759,0.4508875608444214,1.4137285,1
usgs_11274500,37.15625_-121.34375,37.15625,-121.34375,0.5368452482630025,0.25999999046325684,0.94130117,1
usgs_11274500,37.15625_-121.40625,37.15625,-121.40625,0.5258568458890445,0.33000001311302185,1.0243399,1
usgs_11274500,37.21875_-121.21875,37.21875,-121.21875,0.5980807253569536,0.3400000035762787,0.55439496,1
usgs_11274500,37.21875_-121.28125,37.21875,-121.28125,0.5568046658342014,0.36000001430511475,0.85227823,1
usgs_11274500,37.21875_-121.34375,37.21875,-121.34375,0.5781467796254685,0.3700000047683716,0.8323204,1
usgs_11274500,37.21875_-121.40625,37.21875,-121.40625,0.5328922642940795,0.2800000011920929,0.93404824,1
usgs_11274500,37.21875_-121.46875,37.21875,-121.46875,0.5244122538985774,0.25999999046325684,0.90603006,1
usgs_11274500,37.28125_-121.09375,37.28125,-121.09375,0.5746197950003844,0.0,0.80119944,1
usgs_11274500,37.28125_-121.15625,37.28125,-121.15625,0.6160965968111011,0.3799999952316284,0.80919075,1
usgs_11274500,37.28125_-121.21875,37.28125,-121.21875,0.7084961212024324,0.3700000047683716,0.7713834,1
usgs_11274500,37.28125_-121.28125,37.28125,-121.28125,0.6005560849194638,0.25999999046325684,0.8532018,1
usgs_11274500,37.28125_-121.34375,37.28125,-121.34375,0.5622229281129622,0.3700000047683716,0.9148046,1
usgs_11274500,37.28125_-121.40625,37.28125,-121.40625,0.5393686303030686,0.25999999046325684,0.805041,1
usgs_11274500,37.28125_-121.46875,37.28125,-121.46875,0.5603473742530365,0.25,0.82466483,1
usgs_11274500,37.34375_-121.09375,37.34375,-121.09375,0.7301189011237652,0.10000000149011612,0.7747976,1
usgs_11274500,37.34375_-121.15625,37.34375,-121.15625,0.6135088634248624,0.3499999940395355,0.6515973,1
usgs_11274500,37.34375_-121.21875,37.34375,-121.21875,0.7567276418491757,0.4000000059604645,0.63489014,1
usgs_11274500,37.34375_-121.28125,37.34375,-121.28125,0.6381829431848232,0.3700000047683716,0.64413786,1
usgs_11274500,37.34375_-121.34375,37.34375,-121.34375,0.5471300524140021,0.20999999344348907,0.8121072,1
usgs_11274500,37.34375_-121.40625,37.34375,-121.40625,0.5097363906123819,0.4099999964237213,0.8586499,1
usgs_11274500,37.40625_-121.34375,37.40625,-121.34375,0.5675745667581326,0.20000000298023224,0.7614065,1
usgs_11274500,37.40625_-121.40625,37.40625,-121.40625,0.5511507691770774,0.2199999988079071,0.353844,1
usgs_11274630,37.34375_-121.34375,37.34375,-121.34375,0.5471300524140021,0.20999999344348907,0.8121072,1
usgs_11274630,37.40625_-121.21875,37.40625,-121.21875,0.8288341709292965,0.38999998569488525,0.7252774,1
usgs_11274630,37.40625_-121.28125,37.40625,-121.28125,0.6402589095319311,0.38999998569488525,0.6416709,1
usgs_11274630,37.40625_-121.34375,37.40625,-121.34375,0.5675745667581326,0.20000000298023224,0.7614065,1
usgs_11274630,37.40625_-121.40625,37.40625,-121.40625,0.5511507691770774,0.2199999988079071,0.353844,1
usgs_11274630,37.40625_-121.46875,37.40625,-121.46875,0.5942305665285594,0.0,0.88952684,1
usgs_11274630,37.46875_-121.21875,37.46875,-121.21875,0.7293936046748764,0.33000001311302185,0.69328535,1
usgs_11274630,37.46875_-121.28125,37.46875,-121.28125,0.7485258362474951,0.3199999928474426,0.57188517,1
usgs_11274630,37.46875_-121.34375,37.46875,-121.34375,0.5620800831743055,0.25,0.87734544,1
usgs_11274630,37.46875_-121.40625,37.46875,-121.40625,0.5506631211070288,0.36000001430511475,0.92625344,1
usgs_11274630,37.46875_-121.46875,37.46875,-121.46875,0.5549842308503656,0.25999999046325684,0.9411125,1
usgs_11275000,37.96875_-119.71875,37.96875,-119.71875,0.5690033474237665,0.28284022212028503,0.83302265,1
usgs_11275000,37.96875_-119.78125,37.96875,-119.78125,0.5573591861705698,0.28686389327049255,0.8785365,1
usgs_11275000,38.03125_-119.65625,38.03125,-119.65625,0.8564395624913661,0.2188757359981537,0.3699556,1
usgs_11275000,38.03125_-119.71875,38.03125,-119.71875,0.7646997207936337,0.21254438161849976,0.41219047,1
usgs_11275000,38.03125_-119.78125,38.03125,-119.78125,0.6548391779219032,0.2554437816143036,0.5164328,1
usgs_11275000,38.09375_-119.59375,38.09375,-119.59375,1.1313034567416889,0.1474556177854538,0.21850984,1
usgs_11275000,38.09375_-119.65625,38.09375,-119.65625,1.1938097957769402,0.15934911370277405,0.22355889,1
usgs_11275000,38.15625_-119.53125,38.15625,-119.53125,1.2027092328280817,0.14402367174625397,0.2394104,1
usgs_11275000,38.15625_-119.59375,38.15625,-119.59375,1.2447372819652842,0.14852070808410645,0.24250042,1
usgs_11275000,38.15625_-119.65625,38.15625,-119.65625,1.1659777223875767,0.1528402417898178,0.24332815,1
usgs_11281000,37.78125_-119.65625,37.78125,-119.65625,0.633218836272695,0.3318343162536621,0.7022689,1
usgs_11281000,37.78125_-119.71875,37.78125,-119.71875,0.5485420487806423,0.3858579993247986,0.9942055,1
usgs_11281000,37.78125_-119.78125,37.78125,-119.78125,0.5111592808542627,0.40041419863700867,1.6660738,1
usgs_11281000,37.78125_-119.84375,37.78125,-119.84375,0.5111022151785082,0.3960946798324585,2.0976837,1
usgs_11281000,37.78125_-119.90625,37.78125,-119.90625,0.5117000478555463,0.3914792835712433,2.1305215,1
usgs_11281000,37.78125_-119.96875,37.78125,-119.96875,0.5211397829961234,0.41899406909942627,2.215863,1
usgs_11281000,37.78125_-120.03125,37.78125,-120.03125,0.5292806581873442,0.46739643812179565,1.7758132,1
usgs_11281000,37.84375_-119.65625,37.84375,-119.65625,0.6582196420283339,0.3585207164287567,0.8102599,1
usgs_11281000,37.84375_-119.71875,37.84375,-119.71875,0.5637983242683013,0.3484615385532379,0.87969476,1
usgs_11281000,37.84375_-119.78125,37.84375,-119.78125,0.5140109602249322,0.38609468936920166,1.4992392,1
usgs_11281000,37.84375_-119.84375,37.84375,-119.84375,0.5167613345854694,0.3656804859638214,1.7389213,1
usgs_11281000,37.84375_-119.90625,37.84375,-119.90625,0.5234398314611237,0.3535502851009369,1.8486279,1
usgs_11281000,37.84375_-119.96875,37.84375,-119.96875,0.5201613525547822,0.36230769753456116,1.6764964,1
usgs_11281000,37.84375_-120.03125,37.84375,-120.03125,0.5549974932722748,0.3480473458766937,1.3702224,1
usgs_11282000,37.84375_-119.59375,37.84375,-119.59375,0.6490119398891769,0.3442011773586273,0.81418365,1
usgs_11282000,37.84375_-119.65625,37.84375,-119.65625,0.6582196420283339,0.3585207164287567,0.8102599,1
usgs_11282000,37.84375_-119.71875,37.84375,-119.71875,0.5637983242683013,0.3484615385532379,0.87969476,1
usgs_11282000,37.84375_-119.78125,37.84375,-119.78125,0.5140109602249322,0.38609468936920166,1.4992392,1
usgs_11282000,37.84375_-119.84375,37.84375,-119.84375,0.5167613345854694,0.3656804859638214,1.7389213,1
usgs_11282000,37.84375_-119.90625,37.84375,-119.90625,0.5234398314611237,0.3535502851009369,1.8486279,1
usgs_11282000,37.84375_-119.96875,37.84375,-119.96875,0.5201613525547822,0.36230769753456116,1.6764964,1
usgs_11282000,37.84375_-120.03125,37.84375,-120.03125,0.5549974932722748,0.3480473458766937,1.3702224,1
usgs_11282000,37.90625_-119.59375,37.90625,-119.59375,0.562938992350455,0.3109467327594757,0.7573519,1
usgs_11282000,37.90625_-119.65625,37.90625,-119.65625,0.5441081510790398,0.3339644968509674,0.92369616,1
usgs_11282000,37.90625_-119.71875,37.90625,-119.71875,0.539683314661722,0.35301774740219116,1.0403595,1
usgs_11282000,37.90625_-119.78125,37.90625,-119.78125,0.5170784216751171,0.37958580255508423,1.3295051,1
usgs_11282000,37.90625_-119.84375,37.90625,-119.84375,0.5605552185592468,0.3233136236667633,1.1720109,1
usgs_11282000,37.90625_-119.90625,37.90625,-119.90625,0.5456803470117265,0.3713609576225281,1.4760062,1
usgs_11283500,37.90625_-120.03125,37.90625,-120.03125,0.522971611855648,0.34431952238082886,1.6218402,1
usgs_11283500,37.90625_-120.09375,37.90625,-120.09375,0.5522124337832265,0.3921893537044525,1.610475,1
usgs_11283500,37.96875_-119.96875,37.96875,-119.96875,0.5245107891820935,0.34863904118537903,1.6364622,1
usgs_11283500,37.96875_-120.03125,37.96875,-120.03125,0.5290442428481363,0.3557988107204437,2.0922916,1
usgs_11283500,37.96875_-120.09375,37.96875,-120.09375,0.5254249858075822,0.39869821071624756,2.0230234,1
usgs_11283500,38.03125_-119.90625,38.03125,-119.90625,0.545348866712538,0.3084615468978882,1.0703477,1
usgs_11283500,38.03125_-119.96875,38.03125,-119.96875,0.5235769195254857,0.411775141954422,1.6656773,1
usgs_11283500,38.03125_-120.03125,38.03125,-120.03125,0.5143408406920258,0.46526625752449036,2.4153874,1
usgs_11283500,38.03125_-120.09375,38.03125,-120.09375,0.536636550255416,0.4837869703769684,2.4013853,1
usgs_11283500,38.09375_-119.90625,38.09375,-119.90625,0.6222505301742164,0.3555029630661011,0.9023244,1
usgs_11283500,38.09375_-119.96875,38.09375,-119.96875,0.5329688649269555,0.4733135998249054,1.4631958,1
usgs_11283500,38.09375_-120.03125,38.09375,-120.03125,0.537005473844498,0.5144378542900085,1.8516349,1
usgs_11283500,38.09375_-120.09375,38.09375,-120.09375,0.535461626083893,0.5249112248420715,2.1080258,1
usgs_11283500,38.15625_-119.84375,38.15625,-119.84375,1.042148454840151,0.14733727276325226,0.25084212,1
usgs_11283500,38.15625_-119.90625,38.15625,-119.90625,0.6406968020243062,0.359112411737442,0.7945119,1
usgs_11283500,38.15625_-119.96875,38.15625,-119.96875,0.543151018619614,0.4349704086780548,1.4761113,1
usgs_11283500,38.15625_-120.03125,38.15625,-120.03125,0.5345010540487392,0.5074556469917297,2.091119,1
usgs_11283500,38.21875_-119.78125,38.21875,-119.78125,1.1587675123669996,0.19307692348957062,0.3129587,1
usgs_11283500,38.21875_-119.84375,38.21875,-119.84375,1.039899990159133,0.18739645183086395,0.3703389,1
usgs_11283500,38.21875_-119.90625,38.21875,-119.90625,0.6662915699343392,0.3243195414543152,0.6769794,1
usgs_11284400,37.78125_-120.09375,37.78125,-120.09375,0.5182935623938656,0.4326627254486084,1.609646,1
usgs_11284400,37.78125_-120.15625,37.78125,-120.15625,0.5279769860067715,0.4562721848487854,1.8220307,1
usgs_11284400,37.84375_-120.09375,37.84375,-120.09375,0.7072769871559447,0.34603551030158997,1.2318128,1
usgs_11284400,37.84375_-120.15625,37.84375,-120.15625,0.6103537134437018,0.38165679574012756,1.4677467,1
usgs_11284400,37.84375_-120.21875,37.84375,-120.21875,0.546459546061644,0.3752070963382721,1.5159858,1
usgs_11292500,38.34375_-119.65625,38.34375,-119.65625,1.317321331045572,0.17650887370109558,0.2556792,1
usgs_11292500,38.34375_-119.71875,38.34375,-119.71875,0.9730314379594449,0.28822484612464905,0.61743975,1
usgs_11292500,38.34375_-119.78125,38.34375,-119.78125,0.6987189576993237,0.33426034450531006,0.9117342,1
usgs_11292500,38.34375_-119.84375,38.34375,-119.84375,0.618013187258844,0.34627220034599304,1.2004294,1
usgs_11292500,38.40625_-119.65625,38.40625,-119.65625,0.9703745421496315,0.23041419684886932,0.4261061,1
usgs_11292500,38.40625_-119.71875,38.40625,-119.71875,0.6604425160142542,0.3571597635746002,0.80224824,1
usgs_11292500,38.40625_-119.78125,38.40625,-119.78125,0.5799005420316882,0.37627220153808594,1.1737899,1
usgs_11292500,38.40625_-119.84375,38.40625,-119.84375,0.6841902150281396,0.36852070689201355,0.9955979,1
usgs_11292500,38.40625_-119.90625,38.40625,-119.90625,0.7312205323436106,0.30579882860183716,0.6715703,1
usgs_11292500,38.46875_-119.65625,38.46875,-119.65625,0.6762083403776483,0.3111834228038788,0.6788131,1
usgs_11292500,38.46875_-119.71875,38.46875,-119.71875,0.8529622543582702,0.3300591707229614,0.65579706,1
usgs_11292500,38.46875_-119.78125,38.46875,-119.78125,0.990801698357157,0.31165680289268494,0.59377897,1
usgs_11292500,38.46875_-119.84375,38.46875,-119.84375,0.8507596971695603,0.3062721788883209,0.56553006,1
usgs_11294000,38.34375_-119.96875,38.34375,-119.96875,0.6195660779687588,0.3858579993247986,1.0572926,1
usgs_11294000,38.40625_-119.84375,38.40625,-119.84375,0.6841902150281396,0.36852070689201355,0.9955979,1
usgs_11294000,38.40625_-119.90625,38.40625,-119.90625,0.7312205323436106,0.30579882860183716,0.6715703,1
usgs_11294000,38.40625_-119.96875,38.40625,-119.96875,0.7849963666588912,0.2627218961715698,0.60112035,1
usgs_11294000,38.40625_-120.03125,38.40625,-120.03125,0.6490577341877741,0.38266271352767944,0.91798776,1
usgs_11294000,38.46875_-119.78125,38.46875,-119.78125,0.990801698357157,0.31165680289268494,0.59377897,1
usgs_11294000,38.46875_-119.84375,38.46875,-119.84375,0.8507596971695603,0.3062721788883209,0.56553006,1
usgs_11294000,38.46875_-119.90625,38.46875,-119.90625,0.841843814195222,0.28218933939933777,0.51501566,1
usgs_11294000,38.46875_-119.96875,38.46875,-119.96875,0.7690510410219373,0.3206508755683899,0.5208087,1
usgs_11294000,38.53125_-119.84375,38.53125,-119.84375,0.8091580234907212,0.309171587228775,0.6154244,1
usgs_11294500,38.21875_-120.28125,38.21875,-120.28125,0.5403554279561219,0.5099999904632568,2.0104513,1
usgs_11294500,38.28125_-120.21875,38.28125,-120.21875,0.5476552019355823,0.4918343126773834,2.1338837,1
usgs_11294500,38.28125_-120.28125,38.28125,-120.28125,0.5222344456435749,0.48059171438217163,2.5738482,1
usgs_11294500,38.34375_-119.96875,38.34375,-119.96875,0.6195660779687588,0.3858579993247986,1.0572926,1
usgs_11294500,38.34375_-120.03125,38.34375,-120.03125,0.5925560006519607,0.44455620646476746,1.3174696,1
usgs_11294500,38.34375_-120.09375,38.34375,-120.09375,0.6012590851262877,0.436923086643219,1.2360071,1
usgs_11294500,38.34375_-120.15625,38.34375,-120.15625,0.5617179194790248,0.49857988953590393,1.7625328,1
usgs_11294500,38.34375_-120.21875,38.34375,-120.21875,0.5307563006167596,0.45662721991539,1.9717127,1
usgs_11294500,38.34375_-120.28125,38.34375,-120.28125,0.5361433284359022,0.48479288816452026,2.0783732,1
usgs_11294500,38.40625_-119.84375,38.40625,-119.84375,0.6841902150281396,0.36852070689201355,0.9955979,1
usgs_11294500,38.40625_-119.90625,38.40625,-119.90625,0.7312205323436106,0.30579882860183716,0.6715703,1
usgs_11294500,38.40625_-119.96875,38.40625,-119.96875,0.7849963666588912,0.2627218961715698,0.60112035,1
usgs_11294500,38.40625_-120.03125,38.40625,-120.03125,0.6490577341877741,0.38266271352767944,0.91798776,1
usgs_11294500,38.40625_-120.09375,38.40625,-120.09375,0.6077656177820436,0.415680468082428,1.1438287,1
usgs_11294500,38.40625_-120.15625,38.40625,-120.15625,0.5646321350399327,0.44207102060317993,1.476958,1
usgs_11294500,38.40625_-120.21875,38.40625,-120.21875,0.5532901176651608,0.46792900562286377,1.7864678,1
usgs_11294500,38.46875_-119.78125,38.46875,-119.78125,0.990801698357157,0.31165680289268494,0.59377897,1
usgs_11294500,38.46875_-119.84375,38.46875,-119.84375,0.8507596971695603,0.3062721788883209,0.56553006,1
usgs_11294500,38.46875_-119.90625,38.46875,-119.90625,0.841843814195222,0.28218933939933777,0.51501566,1
usgs_11294500,38.46875_-119.96875,38.46875,-119.96875,0.7690510410219373,0.3206508755683899,0.5208087,1
usgs_11294500,38.46875_-120.03125,38.46875,-120.03125,0.6775128788664022,0.354082852602005,0.7285589,1
usgs_11294500,38.46875_-120.09375,38.46875,-120.09375,0.6236228951250871,0.39733728766441345,0.9831986,1
usgs_11294500,38.46875_-120.15625,38.46875,-120.15625,0.5579852772360624,0.44550296664237976,1.3505068,1
usgs_11294500,38.53125_-119.84375,38.53125,-119.84375,0.8091580234907212,0.309171587228775,0.6154244,1
usgs_11294500,38.53125_-119.90625,38.53125,-119.90625,0.7268143606863086,0.3500591814517975,0.78047353,1
usgs_11294500,38.53125_-119.96875,38.53125,-119.96875,0.7774935268466947,0.34449705481529236,0.6241349,1
usgs_11294500,38.53125_-120.03125,38.53125,-120.03125,0.607108940517163,0.375029593706131,0.87467813,1
usgs_11299600,37.96875_-120.53125,37.96875,-120.53125,0.8165567262550422,0.19863905012607574,0.8745991,1
usgs_11299600,37.96875_-120.59375,37.96875,-120.59375,0.6078654997337211,0.37603551149368286,1.1276121,1
usgs_11299600,37.96875_-120.65625,37.96875,-120.65625,0.6251989147999766,0.3799999952316284,1.1595088,1
usgs_11299600,38.03125_-120.59375,38.03125,-120.59375,0.5833524014399966,0.3860355019569397,1.2608882,1
usgs_11299600,38.03125_-120.65625,38.03125,-120.65625,0.61072257606104,0.4236094653606415,1.1965009,1
usgs_11315000,38.53125_-120.09375,38.53125,-120.09375,0.6245060722303986,0.3140828311443329,0.847214,1
usgs_11315000,38.53125_-120.15625,38.53125,-120.15625,0.6230432128990093,0.3902958631515503,1.0772175,1
usgs_11315000,38.53125_-120.21875,38.53125,-120.21875,0.56031527128928,0.4017159640789032,1.2282064,1
usgs_11315000,38.59375_-120.09375,38.59375,-120.09375,0.8085936419336477,0.26573964953422546,0.46721667,1
usgs_11315000,38.59375_-120.15625,38.59375,-120.15625,0.7477310754012774,0.24887573719024658,0.44766393,1
usgs_11316800,38.40625_-120.21875,38.40625,-120.21875,0.5532901176651608,0.46792900562286377,1.7864678,1
usgs_11316800,38.40625_-120.28125,38.40625,-120.28125,0.5514632375196288,0.5013017654418945,2.164998,1
usgs_11316800,38.40625_-120.34375,38.40625,-120.34375,0.5429375167531238,0.5460355281829834,2.5019429,1
usgs_11316800,38.40625_-120.40625,38.40625,-120.40625,0.5340612831739324,0.5407100319862366,2.4527228,1
usgs_11316800,38.40625_-120.46875,38.40625,-120.46875,0.5337646424138754,0.4740236699581146,2.2033012,1
usgs_11316800,38.46875_-120.34375,38.46875,-120.34375,0.5469215577223199,0.5443786978721619,2.3281584,1
usgs_11316800,38.46875_-120.40625,38.46875,-120.40625,0.5517995876175513,0.5536686182022095,2.7177973,1
usgs_11318500,38.28125_-120.28125,38.28125,-120.28125,0.5222344456435749,0.48059171438217163,2.5738482,1
usgs_11318500,38.28125_-120.34375,38.28125,-120.34375,0.5222980531215822,0.48035502433776855,2.4614704,1
usgs_11318500,38.28125_-120.40625,38.28125,-120.40625,0.534369605874164,0.5075739622116089,2.1351912,1
usgs_11318500,38.34375_-120.21875,38.34375,-120.21875,0.5307563006167596,0.45662721991539,1.9717127,1
usgs_11318500,38.34375_-120.28125,38.34375,-120.28125,0.5361433284359022,0.48479288816452026,2.0783732,1
usgs_11318500,38.34375_-120.34375,38.34375,-120.34375,0.5373425691155902,0.5624852180480957,2.7107675,1
usgs_11318500,38.34375_-120.40625,38.34375,-120.40625,0.5310564465852751,0.5824260115623474,2.7787566,1
usgs_11318500,38.34375_-120.46875,38.34375,-120.46875,0.5677379941909405,0.49390533566474915,2.0379653,1
usgs_11318500,38.34375_-120.53125,38.34375,-120.53125,0.5448809314209829,0.46473371982574463,2.0450664,1
usgs_11318500,38.34375_-120.59375,38.34375,-120.59375,0.7295019286759045,0.41183432936668396,1.9824749,1
usgs_11318500,38.40625_-120.21875,38.40625,-120.21875,0.5532901176651608,0.46792900562286377,1.7864678,1
usgs_11318500,38.40625_-120.28125,38.40625,-120.28125,0.5514632375196288,0.5013017654418945,2.164998,1
usgs_11318500,38.40625_-120.34375,38.40625,-120.34375,0.5429375167531238,0.5460355281829834,2.5019429,1
usgs_11318500,38.40625_-120.40625,38.40625,-120.40625,0.5340612831739324,0.5407100319862366,2.4527228,1
usgs_11318500,38.40625_-120.46875,38.40625,-120.46875,0.5337646424138754,0.4740236699581146,2.2033012,1
usgs_11318500,38.40625_-120.53125,38.40625,-120.53125,0.5584336350804908,0.4427219033241272,2.0827372,1
usgs_11334300,38.46875_-120.53125,38.46875,-120.53125,0.5160375833620406,0.44130176305770874,2.62163,1
usgs_11334300,38.46875_-120.59375,38.46875,-120.59375,0.5411042480237205,0.6700000166893005,3.34974,1
usgs_11334300,38.46875_-120.65625,38.46875,-120.65625,0.5701623800261443,0.5299999713897705,1.9211146,1
usgs_11334300,38.53125_-120.46875,38.53125,-120.46875,0.5326318732805926,0.5042011737823486,2.8218453,1
usgs_11334300,38.53125_-120.53125,38.53125,-120.53125,0.5272516775826542,0.5265088677406311,2.8666446,1
usgs_11334300,38.53125_-120.59375,38.53125,-120.59375,0.5503236187533265,0.7300000190734863,2.807659,1
usgs_11334300,38.53125_-120.65625,38.53125,-120.65625,0.5554756501188325,0.5400000214576721,2.7632303,1
usgs_11334300,38.53125_-120.71875,38.53125,-120.71875,0.7321568070740996,0.5099999904632568,1.7169845,1
usgs_11334300,38.53125_-120.78125,38.53125,-120.78125,0.5550052372704047,0.4399999976158142,1.3464438,1
usgs_11334300,38.59375_-120.53125,38.59375,-120.53125,0.5585885318701261,0.3799999952316284,3.1125698,1
usgs_11334300,38.59375_-120.59375,38.59375,-120.59375,0.5796606431073856,0.38999998569488525,2.719952,1
usgs_11334300,38.59375_-120.65625,38.59375,-120.65625,0.5810176873355822,0.0,1.4565234,1
usgs_11334300,38.59375_-120.71875,38.59375,-120.71875,0.6125267079040644,0.46000000834465027,1.495845,1
usgs_11337500,37.78125_-121.78125,37.78125,-121.78125,0.6731740963745465,0.41999998688697815,1.19477,1
usgs_11337500,37.84375_-121.71875,37.84375,-121.71875,0.7149979465194529,0.49000000953674316,0.7935061,1
usgs_11337500,37.84375_-121.78125,37.84375,-121.78125,0.5596330915362554,0.3199999928474426,1.2545993,1
usgs_11337500,37.84375_-121.84375,37.84375,-121.84375,0.5138701777829103,0.28999999165534973,1.6549022,1
usgs_11337500,37.84375_-121.90625,37.84375,-121.90625,0.5226627135355006,0.49000000953674316,1.4213374,1
usgs_11337500,37.90625_-121.71875,37.90625,-121.71875,0.8518613227927607,0.0,0.7313996,1
usgs_11337500,37.90625_-121.78125,37.90625,-121.78125,0.6030450423497183,0.3100000023841858,0.7962841,1
usgs_11337500,37.90625_-121.84375,37.90625,-121.84375,0.5630595128207438,0.4099999964237213,1.0454447,1
usgs_11337500,37.90625_-121.90625,37.90625,-121.90625,0.5323461136980212,0.41999998688697815,1.1385297,1
usgs_11341400,41.15625_-122.46875,41.15625,-122.46875,0.6740285930240408,0.4552662670612335,1.4162631,1
usgs_11341400,41.21875_-122.34375,41.21875,-122.34375,0.6643795226869949,0.49816566705703735,1.9580178,1
usgs_11341400,41.21875_-122.40625,41.21875,-122.40625,0.6112386398224038,0.47958579659461975,1.6121315,1
usgs_11341400,41.21875_-122.46875,41.21875,-122.46875,0.6814622907637587,0.42964497208595276,1.3716459,1
usgs_11341400,41.21875_-122.53125,41.21875,-122.53125,0.6296481678459349,0.39970412850379944,1.1308091,1
usgs_11341400,41.28125_-122.28125,41.28125,-122.28125,0.7908681691759478,0.3838461637496948,2.1407855,1
usgs_11341400,41.28125_-122.34375,41.28125,-122.34375,0.7282706876902068,0.46100592613220215,2.27362,1
usgs_11341400,41.28125_-122.40625,41.28125,-122.40625,0.8754228149716755,0.5097041130065918,2.0598931,1
usgs_11341400,41.28125_-122.46875,41.28125,-122.46875,0.8379061382618207,0.3364497125148773,1.0123123,1
usgs_11341400,41.28125_-122.53125,41.28125,-122.53125,0.6197140294736856,0.37739646434783936,1.0933628,1
usgs_11341400,41.34375_-122.21875,41.34375,-122.21875,0.9723899385726742,0.34449705481529236,1.0422103,1
usgs_11341400,41.34375_-122.28125,41.34375,-122.28125,0.780380742788964,0.41402366757392883,2.1182134,1
usgs_11341400,41.34375_-122.34375,41.34375,-122.34375,0.6666316550911024,0.3147929012775421,1.5538762,1
usgs_11341400,41.34375_-122.40625,41.34375,-122.40625,0.6830992662740871,0.4372780919075012,1.8869302,1
usgs_11341400,41.34375_-122.46875,41.34375,-122.46875,0.8955604292736676,0.2792307734489441,0.9060661,1
usgs_11341400,41.40625_-122.21875,41.40625,-122.21875,0.9732784519106905,0.03343195095658302,0.19409122,1
usgs_11341400,41.40625_-122.28125,41.40625,-122.28125,0.6395148022394682,0.3413017690181732,1.4129539,1
usgs_11341400,41.40625_-122.34375,41.40625,-122.34375,0.7659650627403695,0.3390532433986664,1.3202317,1
usgs_11341400,41.40625_-122.40625,41.40625,-122.40625,0.7703375918572587,0.36289942264556885,1.4307368,1
usgs_11371000,40.71875_-122.53125,40.71875,-122.53125,0.584921907101035,0.3767455518245697,1.6661022,1
usgs_11371000,40.71875_-122.59375,40.71875,-122.59375,0.6494298506457208,0.3740236759185791,1.6502272,1
usgs_11371000,40.71875_-122.65625,40.71875,-122.65625,0.6871497453069263,0.37550294399261475,1.4981363,1
usgs_11371000,40.71875_-122.71875,40.71875,-122.71875,0.6365650753470002,0.42923077940940857,2.1870873,1
usgs_11371000,40.78125_-122.53125,40.78125,-122.53125,0.6719440951539948,0.42331361770629883,2.2681193,1
usgs_11371000,40.78125_-122.59375,40.78125,-122.59375,0.7629320463773317,0.41863906383514404,2.148946,1
usgs_11371000,40.78125_-122.65625,40.78125,-122.65625,0.6375529497013359,0.34662720561027527,2.1693225,1
usgs_11371000,40.78125_-122.71875,40.78125,-122.71875,0.6325243968510748,0.4816568195819855,2.5256937,1
usgs_11371000,40.84375_-122.53125,40.84375,-122.53125,0.6513806396807973,0.386982262134552,2.0049474,1
usgs_11371000,40.84375_-122.59375,40.84375,-122.59375,0.6810818546299668,0.3811834454536438,2.3036861,1
usgs_11371000,40.84375_-122.65625,40.84375,-122.65625,0.6266541374351068,0.4375147819519043,2.534181,1
usgs_11371000,40.90625_-122.53125,40.90625,-122.53125,0.6419915617451666,0.4603550434112549,2.4255323,1
usgs_11371000,40.90625_-122.59375,40.90625,-122.59375,0.5838934590376204,0.43988165259361267,2.3076706,1
usgs_11371000,40.90625_-122.65625,40.90625,-122.65625,0.7023373060860898,0.5014201402664185,2.2292855,1
usgs_11371000,40.96875_-122.53125,40.96875,-122.53125,0.6141092207667778,0.3752070963382721,2.420303,1
usgs_11371000,40.96875_-122.59375,40.96875,-122.59375,0.6442141863088464,0.49289941787719727,2.4784677,1
usgs_11371000,41.03125_-122.53125,41.03125,-122.53125,0.6572031802526377,0.25201183557510376,1.7604103,1
usgs_11372000,40.53125_-122.53125,40.53125,-122.53125,1.1229724044327,0.33988165855407715,1.4104321,1
usgs_11372000,40.53125_-122.59375,40.53125,-122.59375,0.997290019818588,0.35958579182624817,1.6120465,1
usgs_11372000,40.59375_-122.53125,40.59375,-122.53125,1.0429514054212592,0.3062721788883209,1.6928557,1
usgs_11372000,40.59375_-122.59375,40.59375,-122.59375,0.7491442435093543,0.36680471897125244,2.169838,1
usgs_11372000,40.59375_-122.65625,40.59375,-122.65625,0.5759376364362232,0.3682248592376709,1.68232,1
usgs_11372000,40.59375_-122.71875,40.59375,-122.71875,0.611867290979808,0.4103550314903259,1.8765676,1
usgs_11372000,40.65625_-122.53125,40.65625,-122.53125,0.6825374613822067,0.30100592970848083,1.4099731,1
usgs_11372000,40.65625_-122.59375,40.65625,-122.59375,0.863157011341658,0.33698225021362305,1.7040442,1
usgs_11372000,40.65625_-122.65625,40.65625,-122.65625,0.7667391655691308,0.3802366852760315,1.7531462,1
usgs_11372000,40.65625_-122.71875,40.65625,-122.71875,0.7362988875226149,0.4175739586353302,2.145752,1
usgs_11372000,40.65625_-122.78125,40.65625,-122.78125,0.8325941001365949,0.5176923274993896,2.2421634,1
usgs_11372000,40.71875_-122.53125,40.71875,-122.53125,0.584921907101035,0.3767455518245697,1.6661022,1
usgs_11372000,40.71875_-122.59375,40.71875,-122.59375,0.6494298506457208,0.3740236759185791,1.6502272,1
usgs_11372000,40.71875_-122.65625,40.71875,-122.65625,0.6871497453069263,0.37550294399261475,1.4981363,1
usgs_11372000,40.71875_-122.71875,40.71875,-122.71875,0.6365650753470002,0.42923077940940857,2.1870873,1
usgs_11372000,40.71875_-122.78125,40.71875,-122.78125,0.7402630724789749,0.4595857858657837,1.899304,1
usgs_11372000,40.78125_-122.53125,40.78125,-122.53125,0.6719440951539948,0.42331361770629883,2.2681193,1
usgs_11372000,40.78125_-122.59375,40.78125,-122.59375,0.7629320463773317,0.41863906383514404,2.148946,1
usgs_11372000,40.78125_-122.65625,40.78125,-122.65625,0.6375529497013359,0.34662720561027527,2.1693225,1
usgs_11372000,40.78125_-122.71875,40.78125,-122.71875,0.6325243968510748,0.4816568195819855,2.5256937,1
usgs_11372000,40.84375_-122.53125,40.84375,-122.53125,0.6513806396807973,0.386982262134552,2.0049474,1
usgs_11372000,40.84375_-122.59375,40.84375,-122.59375,0.6810818546299668,0.3811834454536438,2.3036861,1
usgs_11372000,40.84375_-122.65625,40.84375,-122.65625,0.6266541374351068,0.4375147819519043,2.534181,1
usgs_11372000,40.90625_-122.53125,40.90625,-122.53125,0.6419915617451666,0.4603550434112549,2.4255323,1
usgs_11372000,40.90625_-122.59375,40.90625,-122.59375,0.5838934590376204,0.43988165259361267,2.3076706,1
usgs_11372000,40.90625_-122.65625,40.90625,-122.65625,0.7023373060860898,0.5014201402664185,2.2292855,1
usgs_11372000,40.96875_-122.53125,40.96875,-122.53125,0.6141092207667778,0.3752070963382721,2.420303,1
usgs_11372000,40.96875_-122.59375,40.96875,-122.59375,0.6442141863088464,0.49289941787719727,2.4784677,1
usgs_11372000,41.03125_-122.53125,41.03125,-122.53125,0.6572031802526377,0.25201183557510376,1.7604103,1
usgs_11374000,40.53125_-121.90625,40.53125,-121.90625,0.956305878624701,0.4963313639163971,2.203811,1
usgs_11374000,40.53125_-121.96875,40.53125,-121.96875,1.1409625630830527,0.4266272187232971,1.4759755,1
usgs_11374000,40.53125_-122.03125,40.53125,-122.03125,1.0928508514746156,0.40644970536231995,1.233224,1
usgs_11374000,40.53125_-122.09375,40.53125,-122.09375,0.94288508002665,0.40390533208847046,1.0895046,1
usgs_11374000,40.53125_-122.15625,40.53125,-122.15625,0.8456488315309422,0.3510059118270874,0.9295746,1
usgs_11374000,40.53125_-122.21875,40.53125,-122.21875,0.9428006596614358,0.33236685395240784,1.0482814,1
usgs_11374000,40.53125_-122.28125,40.53125,-122.28125,0.9127938508597462,0.3143787086009979,0.9971374,1
usgs_11374000,40.59375_-121.65625,40.59375,-121.65625,0.8224649439427538,0.502662718296051,2.0849364,1
usgs_11374000,40.59375_-121.71875,40.59375,-121.71875,0.7246374972605656,0.5339053273200989,2.1150975,1
usgs_11374000,40.59375_-121.78125,40.59375,-121.78125,0.7114832509770626,0.5350295901298523,2.7776449,1
usgs_11374000,40.59375_-121.84375,40.59375,-121.84375,0.8915986168740317,0.49526625871658325,2.3736691,1
usgs_11374000,40.59375_-121.90625,40.59375,-121.90625,1.2392326569696195,0.4294082820415497,1.6216018,1
usgs_11374000,40.59375_-121.96875,40.59375,-121.96875,1.2086776117599956,0.4215976297855377,1.3640052,1
usgs_11374000,40.59375_-122.03125,40.59375,-122.03125,1.030817103857179,0.44479289650917053,1.3044051,1
usgs_11374000,40.59375_-122.09375,40.59375,-122.09375,0.9190579599234298,0.45757395029067993,1.1463357,1
usgs_11374000,40.59375_-122.15625,40.59375,-122.15625,0.8940044963824617,0.41692307591438293,1.1129649,1
usgs_11374000,40.59375_-122.21875,40.59375,-122.21875,1.0114825605385103,0.3655029535293579,1.1621569,1
usgs_11374000,40.59375_-122.28125,40.59375,-122.28125,1.0519643098025335,0.3620710074901581,1.0763739,1
usgs_11374000,40.65625_-121.65625,40.65625,-121.65625,0.7969004273572279,0.526627242565155,2.0313487,1
usgs_11374000,40.65625_-121.71875,40.65625,-121.71875,0.7846392599644236,0.5139644742012024,2.3370464,1
usgs_11374000,40.65625_-121.78125,40.65625,-121.78125,0.7753935316682201,0.5327810645103455,2.4835386,1
usgs_11374000,40.65625_-121.84375,40.65625,-121.84375,0.811476046603349,0.4940236806869507,2.190116,1
usgs_11374000,40.65625_-121.90625,40.65625,-121.90625,1.2594638794676976,0.46159762144088745,1.52152,1
usgs_11374000,40.65625_-121.96875,40.65625,-121.96875,1.153810475983026,0.4557396471500397,1.2632631,1
usgs_11374000,40.65625_-122.03125,40.65625,-122.03125,1.0779745189225234,0.43355029821395874,1.2531953,1
usgs_11374000,40.65625_-122.09375,40.65625,-122.09375,0.9434484384340232,0.438106507062912,1.101544,1
usgs_11374000,40.65625_-122.15625,40.65625,-122.15625,0.8852575652709618,0.4262721836566925,1.0070058,1
usgs_11374000,40.65625_-122.21875,40.65625,-122.21875,0.9137265114010624,0.39307692646980286,1.07637,1
usgs_11374000,40.65625_-122.28125,40.65625,-122.28125,1.0121118454013236,0.34047338366508484,1.141133,1
usgs_11374000,40.71875_-121.71875,40.71875,-121.71875,0.813601437077288,0.46792900562286377,1.8930831,1
usgs_11374000,40.71875_-121.78125,40.71875,-121.78125,0.7419779332716103,0.5023077130317688,1.785408,1
usgs_11374000,40.71875_-121.84375,40.71875,-121.84375,0.7132634576912991,0.5121893286705017,2.2578115,1
usgs_11374000,40.71875_-121.90625,40.71875,-121.90625,0.809887298365936,0.5040236711502075,2.3522215,1
usgs_11374000,40.71875_-121.96875,40.71875,-121.96875,1.2977209319399137,0.4876331388950348,2.0194273,1
usgs_11374000,40.71875_-122.03125,40.71875,-122.03125,1.2637760725630258,0.44189348816871643,1.674104,1
usgs_11374000,40.71875_-122.09375,40.71875,-122.09375,1.2697168309751907,0.45485207438468933,1.7311683,1
usgs_11374000,40.71875_-122.15625,40.71875,-122.15625,1.1532469253417215,0.37994083762168884,1.3598913,1
usgs_11374000,40.71875_-122.21875,40.71875,-122.21875,1.0519290888900246,0.31065088510513306,1.1600171,1
usgs_11374000,40.71875_-122.28125,40.71875,-122.28125,1.1661977911873171,0.31609466671943665,1.6017718,1
usgs_11374000,40.78125_-121.78125,40.78125,-121.78125,0.7582982222860966,0.5751479268074036,2.3708332,1
usgs_11374000,40.78125_-121.84375,40.78125,-121.84375,0.7159885026782764,0.5152071118354797,2.1920264,1
usgs_11374000,40.78125_-121.90625,40.78125,-121.90625,0.8225498291123685,0.44840237498283386,1.8978167,1
usgs_11374000,40.78125_-121.96875,40.78125,-121.96875,1.1837822574600252,0.44958579540252686,1.8980019,1
usgs_11374000,40.78125_-122.03125,40.78125,-122.03125,1.2195757021287508,0.5257396697998047,2.6827292,1
usgs_11374000,40.78125_-122.09375,40.78125,-122.09375,1.1995796178792921,0.5224260091781616,2.5464988,1
usgs_11375700,40.40625_-122.59375,40.40625,-122.59375,1.0505160485316243,0.39715975522994995,0.8916584,1
usgs_11375700,40.40625_-122.65625,40.40625,-122.65625,1.081962363760062,0.373786985874176,0.79124904,1
usgs_11375700,40.46875_-122.53125,40.46875,-122.53125,0.8922277633016444,0.34396448731422424,0.99357015,1
usgs_11375700,40.46875_-122.59375,40.46875,-122.59375,0.9773260172168226,0.3592899441719055,1.1595842,1
usgs_11375700,40.46875_-122.65625,40.46875,-122.65625,1.1274579802212807,0.3780473470687866,1.2301736,1
usgs_11375700,40.46875_-122.71875,40.46875,-122.71875,0.9178677684572011,0.4411242604255676,1.9818971,1
usgs_11375700,40.46875_-122.78125,40.46875,-122.78125,0.7046794366077245,0.44242602586746216,1.932545,1
usgs_11375700,40.53125_-122.59375,40.53125,-122.59375,0.997290019818588,0.35958579182624817,1.6120465,1
usgs_11375700,40.53125_-122.65625,40.53125,-122.65625,0.8269590181303885,0.3628402352333069,1.4970247,1
usgs_11375700,40.53125_-122.71875,40.53125,-122.71875,0.6581003295859615,0.4382248520851135,1.8370064,1
usgs_11375700,40.53125_-122.78125,40.53125,-122.78125,0.6527980598603488,0.5167455673217773,2.2475579,1
usgs_11375700,40.59375_-122.59375,40.59375,-122.59375,0.7491442435093543,0.36680471897125244,2.169838,1
usgs_11375700,40.59375_-122.65625,40.59375,-122.65625,0.5759376364362232,0.3682248592376709,1.68232,1
usgs_11375700,40.59375_-122.71875,40.59375,-122.71875,0.611867290979808,0.4103550314903259,1.8765676,1
usgs_11379000,40.21875_-121.59375,40.21875,-121.59375,0.6390779764072892,0.550000011920929,2.0997972,1
usgs_11379000,40.21875_-121.65625,40.21875,-121.65625,0.644523420555889,0.15000000596046448,1.6602377,1
usgs_11379000,40.21875_-121.71875,40.21875,-121.71875,0.7039489119665467,0.25,2.2619135,1
usgs_11379000,40.21875_-121.78125,40.21875,-121.78125,0.9151744837307183,0.550000011920929,1.0212817,1
usgs_11379000,40.21875_-121.84375,40.21875,-121.84375,0.8902314570483212,0.550000011920929,0.9167545,1
usgs_11379000,40.21875_-121.90625,40.21875,-121.90625,0.9401204137312216,0.550000011920929,0.8850909,1
usgs_11379000,40.21875_-121.96875,40.21875,-121.96875,0.9331628640097684,0.550000011920929,0.7841203,1
usgs_11379000,40.21875_-122.03125,40.21875,-122.03125,0.7878669308016486,0.3100000023841858,0.80317956,1
usgs_11379000,40.21875_-122.09375,40.21875,-122.09375,0.8221541884572404,0.3100000023841858,0.7201128,1
usgs_11379000,40.28125_-121.59375,40.28125,-121.59375,0.8061379714340104,0.44189348816871643,2.3171256,1
usgs_11379000,40.28125_-121.65625,40.28125,-121.65625,0.7362070086091128,0.6499999761581421,2.3470218,1
usgs_11379000,40.28125_-121.71875,40.28125,-121.71875,0.6692459254036082,0.550000011920929,2.431333,1
usgs_11379000,40.28125_-121.78125,40.28125,-121.78125,0.8488293110959119,0.15000000596046448,1.3938118,1
usgs_11379000,40.28125_-121.84375,40.28125,-121.84375,1.2034334209785738,0.550000011920929,1.0222374,1
usgs_11379000,40.28125_-121.90625,40.28125,-121.90625,1.0096540606922315,0.25,0.81587404,1
usgs_11379000,40.28125_-121.96875,40.28125,-121.96875,0.9060547882050172,0.15000000596046448,0.83640593,1
usgs_11379000,40.34375_-121.59375,40.34375,-121.59375,0.7288672095725482,0.4864497184753418,2.0766041,1
usgs_11379000,40.34375_-121.65625,40.34375,-121.65625,0.6805135541041396,0.4963313639163971,2.0420055,1
usgs_11379000,40.34375_-121.71875,40.34375,-121.71875,0.6644349921378991,0.48633137345314026,2.104982,1
usgs_11390672,39.15625_-122.34375,39.15625,-122.34375,0.8630423190478271,0.4399999976158142,0.57467896,1
usgs_11390672,39.21875_-122.34375,39.21875,-122.34375,0.763451966615886,0.3400000035762787,0.86733073,1
usgs_11390672,39.21875_-122.40625,39.21875,-122.40625,0.7433628836333711,0.550000011920929,0.9438905,1
usgs_11390672,39.28125_-122.28125,39.28125,-122.28125,0.8170472836736494,0.18000000715255737,0.9215444,1
usgs_11390672,39.28125_-122.34375,39.28125,-122.34375,0.772871366040992,0.5099999904632568,0.60604626,1
usgs_11390672,39.28125_-122.40625,39.28125,-122.40625,0.6258910734925828,0.550000011920929,0.919836,1
usgs_11390672,39.34375_-122.28125,39.34375,-122.28125,0.7240865396528338,0.41999998688697815,0.7931214,1
usgs_11390672,39.34375_-122.34375,39.34375,-122.34375,0.7764781511709608,0.4399999976158142,0.81638235,1
usgs_11390672,39.34375_-122.40625,39.34375,-122.40625,0.745393244905236,0.3799999952316284,0.9098521,1
usgs_11394500,39.46875_-120.28125,39.46875,-120.28125,0.8158190782703445,0.3499999940395355,1.7033416,1
usgs_11394500,39.46875_-120.34375,39.46875,-120.34375,0.687900665578435,0.44999998807907104,1.119578,1
usgs_11394500,39.46875_-120.40625,39.46875,-120.40625,0.7359836318318013,0.39544379711151123,0.993333,1
usgs_11394500,39.53125_-120.09375,39.53125,-120.09375,1.0767449450402826,0.3700000047683716,1.148196,1
usgs_11394500,39.53125_-120.15625,39.53125,-120.15625,0.8901774717452808,0.41710057854652405,1.2166538,1
usgs_11394500,39.53125_-120.21875,39.53125,-120.21875,1.0020298720328942,0.39911243319511414,1.0108823,1
usgs_11394500,39.53125_-120.28125,39.53125,-120.28125,0.7842386905642704,0.4221893548965454,1.3077217,1
usgs_11394500,39.53125_-120.34375,39.53125,-120.34375,0.6683235214335819,0.4511834383010864,1.7936238,1
usgs_11394500,39.53125_-120.40625,39.53125,-120.40625,0.6609686892071186,0.45615383982658386,1.6442881,1
usgs_11394500,39.53125_-120.46875,39.53125,-120.46875,0.6558704493818303,0.4088165760040283,1.2624482,1
usgs_11394500,39.59375_-120.09375,39.59375,-120.09375,0.9212150643158442,0.3922485113143921,1.0242385,1
usgs_11394500,39.59375_-120.15625,39.59375,-120.15625,0.7901476408536807,0.38396450877189636,1.0441319,1
usgs_11394500,39.59375_-120.21875,39.59375,-120.21875,0.7935197495692615,0.36331361532211304,0.82924664,1
usgs_11394500,39.59375_-120.28125,39.59375,-120.28125,0.8861018349210449,0.3759171664714813,0.89156157,1
usgs_11394500,39.59375_-120.34375,39.59375,-120.34375,1.1916490027027813,0.4359763264656067,1.0559403,1
usgs_11394500,39.59375_-120.40625,39.59375,-120.40625,0.9571653141188106,0.5265088677406311,1.4566015,1
usgs_11394500,39.59375_-120.46875,39.59375,-120.46875,0.6595829762375351,0.4361538589000702,1.4707338,1
usgs_11394500,39.65625_-120.09375,39.65625,-120.09375,1.264947026508385,0.3422485291957855,0.7651794,1
usgs_11394500,39.65625_-120.15625,39.65625,-120.15625,1.4456215518765236,0.35301774740219116,0.53719455,1
usgs_11394500,39.65625_-120.21875,39.65625,-120.21875,1.5129756590872934,0.3084615468978882,0.5520325,1
usgs_11394500,39.65625_-120.28125,39.65625,-120.28125,1.1453266956405164,0.3806508779525757,0.82567686,1
usgs_11394500,39.65625_-120.34375,39.65625,-120.34375,1.407661480093613,0.4059171676635742,0.6987974,1
usgs_11394500,39.65625_-120.40625,39.65625,-120.40625,0.7792547152752778,0.4685207009315491,0.7828271,1
usgs_11394500,39.65625_-120.46875,39.65625,-120.46875,0.7051014354752752,0.46502959728240967,2.0129066,1
usgs_11394500,39.65625_-120.53125,39.65625,-120.53125,0.7108082501041589,0.49550294876098633,1.8178016,1
usgs_11394500,39.65625_-120.59375,39.65625,-120.59375,0.6939960083110178,0.44319525361061096,1.3882059,1
usgs_11394500,39.65625_-120.65625,39.65625,-120.65625,0.6972111321754837,0.35207101702690125,0.86326385,1
usgs_11394500,39.65625_-120.71875,39.65625,-120.71875,0.6330096731874832,0.4695858061313629,1.4396706,1
usgs_11394500,39.71875_-120.09375,39.71875,-120.09375,1.540366009690532,0.23000000417232513,0.3194514,1
usgs_11394500,39.71875_-120.15625,39.71875,-120.15625,1.4763850700247172,0.3362721800804138,0.62429345,1
usgs_11394500,39.71875_-120.21875,39.71875,-120.21875,1.1564528105545475,0.36100590229034424,0.4651434,1
usgs_11394500,39.71875_-120.28125,39.71875,-120.28125,0.5917960196856709,0.45272189378738403,0.6294171,1
usgs_11394500,39.71875_-120.34375,39.71875,-120.34375,0.5827120385409277,0.5166863799095154,0.6237294,1
usgs_11394500,39.71875_-120.40625,39.71875,-120.40625,1.3143585816354126,0.3661538362503052,0.7979351,1
usgs_11394500,39.71875_-120.46875,39.71875,-120.46875,0.9415661207608832,0.4018934965133667,1.5771669,1
usgs_11394500,39.71875_-120.53125,39.71875,-120.53125,0.7632731737441959,0.44029584527015686,1.9023236,1
usgs_11394500,39.71875_-120.59375,39.71875,-120.59375,0.7385713694337829,0.4826035499572754,1.9400076,1
usgs_11394500,39.71875_-120.65625,39.71875,-120.65625,0.6699234058263035,0.46502959728240967,1.623821,1
usgs_11394500,39.71875_-120.71875,39.71875,-120.71875,0.6158190584980685,0.41999998688697815,1.0435479,1
usgs_11394500,39.71875_-120.78125,39.71875,-120.78125,0.6657394842323963,0.4626627266407013,1.3731897,1
usgs_11394500,39.71875_-120.84375,39.71875,-120.84375,0.6774466608717153,0.49639052152633667,1.6615199,1
usgs_11394500,39.71875_-121.03125,39.71875,-121.03125,0.6183861613563099,0.428816556930542,1.6860882,1
usgs_11394500,39.71875_-121.15625,39.71875,-121.15625,0.5660410350843507,0.36254438757896423,2.3204844,1
usgs_11394500,39.71875_-121.21875,39.71875,-121.21875,0.5839111159592523,0.3947928845882416,2.3978767,1
usgs_11394500,39.71875_-121.28125,39.71875,-121.28125,0.6596142586041374,0.414437860250473,3.0264218,1
usgs_11394500,39.71875_-121.34375,39.71875,-121.34375,0.628148376131288,0.4275739789009094,3.5157323,1
usgs_11394500,39.78125_-120.09375,39.78125,-120.09375,1.4704349200421405,0.31455621123313904,0.3288934,1
usgs_11394500,39.78125_-120.15625,39.78125,-120.15625,1.4257726136955458,0.3215976357460022,0.38637868,1
usgs_11394500,39.78125_-120.21875,39.78125,-120.21875,0.7897772034337138,0.3585798740386963,0.7128101,1
usgs_11394500,39.78125_-120.28125,39.78125,-120.28125,0.7145095387935353,0.38343194127082825,0.7132103,1
usgs_11394500,39.78125_-120.34375,39.78125,-120.34375,0.6347610619575821,0.44781064987182617,0.5201366,1
usgs_11394500,39.78125_-120.40625,39.78125,-120.40625,1.2728971183779008,0.3520118296146393,0.9466998,1
usgs_11394500,39.78125_-120.46875,39.78125,-120.46875,0.8755971580405169,0.3659171462059021,1.0614002,1
usgs_11394500,39.78125_-120.53125,39.78125,-120.53125,0.9748107361935524,0.37491124868392944,1.1698593,1
usgs_11394500,39.78125_-120.59375,39.78125,-120.59375,0.6585913913654493,0.38147929310798645,1.5050913,1
usgs_11394500,39.78125_-120.65625,39.78125,-120.65625,0.7064472194463411,0.47011834383010864,2.117823,1
usgs_11394500,39.78125_-120.71875,39.78125,-120.71875,0.740630204745985,0.488047331571579,2.0992486,1
usgs_11394500,39.78125_-120.78125,39.78125,-120.78125,0.744559597073331,0.5030177235603333,2.0440698,1
usgs_11394500,39.78125_-120.84375,39.78125,-120.84375,0.6673798573514629,0.5040828585624695,1.8831004,1
usgs_11394500,39.78125_-120.90625,39.78125,-120.90625,0.6622479091156701,0.4138461649417877,1.5271125,1
usgs_11394500,39.78125_-120.96875,39.78125,-120.96875,0.606962094436335,0.48325443267822266,2.2970135,1
usgs_11394500,39.78125_-121.03125,39.78125,-121.03125,0.5803287504231736,0.4108284115791321,2.2524052,1
usgs_11394500,39.78125_-121.09375,39.78125,-121.09375,0.5661429536079238,0.45136094093322754,2.4300654,1
usgs_11394500,39.78125_-121.15625,39.78125,-121.15625,0.5840616608880698,0.4531360864639282,2.3650184,1
usgs_11394500,39.78125_-121.21875,39.78125,-121.21875,0.5748595263739199,0.42059171199798584,2.40852,1
usgs_11394500,39.78125_-121.28125,39.78125,-121.28125,0.5765002003137091,0.42035502195358276,2.725736,1
usgs_11394500,39.78125_-121.34375,39.78125,-121.34375,0.584773552878477,0.44514793157577515,3.1215217,1
usgs_11394500,39.84375_-120.09375,39.84375,-120.09375,1.4611620010329127,0.2910059094429016,0.40841532,1
usgs_11394500,39.84375_-120.15625,39.84375,-120.15625,1.450720666862876,0.29733726382255554,0.6957857,1
usgs_11394500,39.84375_-120.21875,39.84375,-120.21875,1.378307268198005,0.3331952691078186,0.61372715,1
usgs_11394500,39.84375_-120.28125,39.84375,-120.28125,1.4040663625756984,0.28514793515205383,0.6036829,1
usgs_11394500,39.84375_-120.34375,39.84375,-120.34375,1.3765923471971693,0.2958579957485199,0.59062386,1
usgs_11394500,39.84375_-120.40625,39.84375,-120.40625,1.0096280562702193,0.3334319591522217,0.9269353,1
usgs_11394500,39.84375_-120.46875,39.84375,-120.46875,0.8483053306047155,0.38266271352767944,1.2528707,1
usgs_11394500,39.84375_-120.53125,39.84375,-120.53125,0.7862305970747401,0.4173964560031891,1.5839276,1
usgs_11394500,39.84375_-120.59375,39.84375,-120.59375,0.7066875192511618,0.4610650837421417,1.6948426,1
usgs_11394500,39.84375_-120.65625,39.84375,-120.65625,0.6368291816617867,0.4620710015296936,1.6589439,1
usgs_11394500,39.84375_-120.71875,39.84375,-120.71875,0.7201035093692295,0.471005916595459,2.0997348,1
usgs_11394500,39.84375_-120.78125,39.84375,-120.78125,0.6069745211644763,0.48272189497947693,2.078257,1
usgs_11394500,39.84375_-120.84375,39.84375,-120.84375,0.6020208953940658,0.46834319829940796,2.2966352,1
usgs_11394500,39.84375_-120.90625,39.84375,-120.90625,0.5825552382646263,0.43005916476249695,2.2935596,1
usgs_11394500,39.84375_-120.96875,39.84375,-120.96875,0.6159912801171178,0.3769822418689728,1.742593,1
usgs_11394500,39.84375_-121.03125,39.84375,-121.03125,0.6032870259288147,0.4923076927661896,2.235313,1
usgs_11394500,39.84375_-121.09375,39.84375,-121.09375,0.6177189169083286,0.5093491077423096,2.297218,1
usgs_11394500,39.84375_-121.15625,39.84375,-121.15625,0.6781787914492697,0.4742603600025177,1.6126164,1
usgs_11394500,39.84375_-121.21875,39.84375,-121.21875,0.6905172467107137,0.42562130093574524,1.7082499,1
usgs_11394500,39.84375_-121.28125,39.84375,-121.28125,0.6090772072811906,0.4241420030593872,1.9641666,1
usgs_11394500,39.84375_-121.34375,39.84375,-121.34375,0.5678977744321813,0.4655621349811554,2.2114103,1
usgs_11394500,39.90625_-120.09375,39.90625,-120.09375,1.021404717076476,0.29011833667755127,0.8853343,1
usgs_11394500,39.90625_-120.15625,39.90625,-120.15625,1.3056685786218536,0.29497042298316956,0.8580219,1
usgs_11394500,39.90625_-120.21875,39.90625,-120.21875,1.413149664334024,0.2832544445991516,0.78748226,1
usgs_11394500,39.90625_-120.28125,39.90625,-120.28125,1.1596380711264227,0.3330177366733551,1.0241603,1
usgs_11394500,39.90625_-120.34375,39.90625,-120.34375,0.9738951893195114,0.3478698134422302,0.9027522,1
usgs_11394500,39.90625_-120.40625,39.90625,-120.40625,1.1499335956420629,0.36964496970176697,1.0073985,1
usgs_11394500,39.90625_-120.46875,39.90625,-120.46875,0.7684005452625668,0.3161538541316986,1.1020137,1
usgs_11394500,39.90625_-120.53125,39.90625,-120.53125,0.9705904743849587,0.3260354995727539,1.1072385,1
usgs_11394500,39.90625_-120.59375,39.90625,-120.59375,0.9768994326191724,0.4206508994102478,1.4226129,1
usgs_11394500,39.90625_-120.65625,39.90625,-120.65625,0.9068865305090128,0.44473373889923096,1.6827377,1
usgs_11394500,39.90625_-120.71875,39.90625,-120.71875,0.8359525296390962,0.4388757348060608,1.9210125,1
usgs_11394500,39.90625_-120.78125,39.90625,-120.78125,0.7474527161510456,0.4322485327720642,2.0351908,1
usgs_11394500,39.90625_-120.84375,39.90625,-120.84375,0.6417716252310737,0.38130176067352295,2.1047163,1
usgs_11394500,39.90625_-120.90625,39.90625,-120.90625,0.6308348586334991,0.4092307686805725,2.1460447,1
usgs_11394500,39.90625_-120.96875,39.90625,-120.96875,0.6935118909272316,0.4864497184753418,2.2032478,1
usgs_11394500,39.90625_-121.03125,39.90625,-121.03125,0.6996089294652125,0.5903550386428833,2.5544384,1
usgs_11394500,39.90625_-121.09375,39.90625,-121.09375,0.6914220375784383,0.5771597623825073,2.5493257,1
usgs_11394500,39.96875_-120.09375,39.96875,-120.09375,1.3431024221798546,0.23999999463558197,0.4807613,1
usgs_11394500,39.96875_-120.15625,39.96875,-120.15625,0.9114890037368204,0.294556200504303,1.0765873,1
usgs_11394500,39.96875_-120.21875,39.96875,-120.21875,1.4128615979910073,0.2881065011024475,0.93791366,1
usgs_11394500,39.96875_-120.28125,39.96875,-120.28125,1.0390172053572304,0.2724851965904236,1.0252956,1
usgs_11394500,39.96875_-120.46875,39.96875,-120.46875,1.4795600828712603,0.31260356307029724,0.77770895,1
usgs_11394500,39.96875_-120.53125,39.96875,-120.53125,1.3532037856431214,0.28106507658958435,1.055609,1
usgs_11394500,39.96875_-120.59375,39.96875,-120.59375,0.9817287874438478,0.31284022331237793,1.4088316,1
usgs_11394500,39.96875_-120.65625,39.96875,-120.65625,0.8747122461166006,0.3314792811870575,1.5329056,1
usgs_11394500,40.03125_-120.15625,40.03125,-120.15625,1.4854594310986677,0.2563905417919159,0.53012055,1
usgs_11394500,40.03125_-120.21875,40.03125,-120.21875,1.5524806544939247,0.2813017666339874,0.5935017,1
usgs_11394500,40.03125_-120.28125,40.03125,-120.28125,1.2864297335765718,0.29964497685432434,1.0100427,1
usgs_11396400,39.53125_-121.21875,39.53125,-121.21875,0.5368862098729452,0.5500591993331909,3.4176571,1
usgs_11396400,39.53125_-121.28125,39.53125,-121.28125,0.5588272673477315,0.49142012000083923,3.0695465,1
usgs_11396400,39.59375_-121.15625,39.59375,-121.15625,0.5619769147177632,0.4653254449367523,3.0828247,1
usgs_11396400,39.59375_-121.21875,39.59375,-121.21875,0.6343766932704717,0.31568047404289246,3.1744444,1
usgs_11396400,39.59375_-121.28125,39.59375,-121.28125,0.7577125040573851,0.3721301853656769,2.5761223,1
usgs_11396400,39.65625_-121.21875,39.65625,-121.21875,0.5953919903459833,0.32378697395324707,2.591688,1
usgs_11408850,39.40625_-120.46875,39.40625,-120.46875,0.7555621407392271,0.33390533924102783,0.7533684,1
usgs_11408850,39.40625_-120.53125,39.40625,-120.53125,0.9664881330256108,0.21816568076610565,0.4130366,1
usgs_11408850,39.40625_-120.78125,39.40625,-120.78125,0.5951470335591884,0.5744970440864563,3.0116107,1
usgs_11408850,39.40625_-120.84375,39.40625,-120.84375,0.6004640996167894,0.5486982464790344,2.7254407,1
usgs_11408850,39.40625_-120.90625,39.40625,-120.90625,0.5805508140176052,0.5936094522476196,3.0685217,1
usgs_11408850,39.40625_-120.96875,39.40625,-120.96875,0.5769322719475628,0.587041437625885,3.3712256,1
usgs_11408850,39.46875_-120.40625,39.46875,-120.40625,0.7359836318318013,0.39544379711151123,0.993333,1
usgs_11408850,39.46875_-120.46875,39.46875,-120.46875,0.6847034555529028,0.4162130057811737,1.0786828,1
usgs_11408850,39.46875_-120.53125,39.46875,-120.53125,0.7019811623239873,0.3611242473125458,1.0463312,1
usgs_11408850,39.46875_-120.59375,39.46875,-120.59375,0.7177648020599927,0.40840235352516174,1.1009512,1
usgs_11408850,39.46875_-120.65625,39.46875,-120.65625,0.6006299597614804,0.38071006536483765,1.1807841,1
usgs_11408850,39.46875_-120.71875,39.46875,-120.71875,0.6452034760884309,0.5295266509056091,2.2301435,1
usgs_11408850,39.46875_-120.78125,39.46875,-120.78125,0.6366638081592424,0.5690532326698303,2.8486612,1
usgs_11408850,39.46875_-120.84375,39.46875,-120.84375,0.585999209351968,0.5717751383781433,2.7349052,1
usgs_11408850,39.46875_-120.90625,39.46875,-120.90625,0.5818179358539646,0.5852662920951843,2.9204254,1
usgs_11408850,39.53125_-120.46875,39.53125,-120.46875,0.6558704493818303,0.4088165760040283,1.2624482,1
usgs_11408850,39.53125_-120.53125,39.53125,-120.53125,0.7093960380984006,0.41556212306022644,1.340139,1
usgs_11408850,39.53125_-120.59375,39.53125,-120.59375,0.6908221805573913,0.47260355949401855,1.546556,1
usgs_11408850,39.53125_-120.65625,39.53125,-120.65625,0.6155365627636743,0.472485214471817,1.6143075,1
usgs_11408850,39.53125_-120.71875,39.53125,-120.71875,0.6626319976272481,0.5432544350624084,2.0825691,1
usgs_11408850,39.53125_-120.78125,39.53125,-120.78125,0.6654621389733907,0.5913609266281128,2.823007,1
usgs_11408850,39.53125_-120.84375,39.53125,-120.84375,0.6418853514855785,0.6018934845924377,2.8729222,1
usgs_11409300,39.40625_-121.03125,39.40625,-121.03125,0.6269428647733208,0.5363905429840088,3.1144392,1
usgs_11409300,39.46875_-120.84375,39.46875,-120.84375,0.585999209351968,0.5717751383781433,2.7349052,1
usgs_11409300,39.46875_-120.90625,39.46875,-120.90625,0.5818179358539646,0.5852662920951843,2.9204254,1
usgs_11409300,39.46875_-120.96875,39.46875,-120.96875,0.5661190321176792,0.5903550386428833,3.229296,1
usgs_11409300,39.46875_-121.03125,39.46875,-121.03125,0.5470271896687854,0.6095858216285706,3.6587467,1
usgs_11409300,39.53125_-120.84375,39.53125,-120.84375,0.6418853514855785,0.6018934845924377,2.8729222,1
usgs_11409300,39.53125_-120.90625,39.53125,-120.90625,0.6281698869369209,0.5878698229789734,2.9882133,1
usgs_11409500,39.40625_-120.96875,39.40625,-120.96875,0.5769322719475628,0.587041437625885,3.3712256,1
usgs_11409500,39.40625_-121.03125,39.40625,-121.03125,0.6269428647733208,0.5363905429840088,3.1144392,1
usgs_11409500,39.40625_-121.09375,39.40625,-121.09375,0.6036864775516225,0.5383431911468506,2.9020948,1
usgs_11409500,39.46875_-120.84375,39.46875,-120.84375,0.585999209351968,0.5717751383781433,2.7349052,1
usgs_11409500,39.46875_-120.90625,39.46875,-120.90625,0.5818179358539646,0.5852662920951843,2.9204254,1
usgs_11409500,39.46875_-120.96875,39.46875,-120.96875,0.5661190321176792,0.5903550386428833,3.229296,1
usgs_11409500,39.46875_-121.03125,39.46875,-121.03125,0.5470271896687854,0.6095858216285706,3.6587467,1
usgs_11409500,39.46875_-121.09375,39.46875,-121.09375,0.5612793455460147,0.5693491101264954,3.0764613,1
usgs_11409500,39.53125_-120.84375,39.53125,-120.84375,0.6418853514855785,0.6018934845924377,2.8729222,1
usgs_11409500,39.53125_-120.90625,39.53125,-120.90625,0.6281698869369209,0.5878698229789734,2.9882133,1
usgs_11413100,39.46875_-120.78125,39.46875,-120.78125,0.6366638081592424,0.5690532326698303,2.8486612,1
usgs_11413100,39.46875_-120.84375,39.46875,-120.84375,0.585999209351968,0.5717751383781433,2.7349052,1
usgs_11413100,39.46875_-120.90625,39.46875,-120.90625,0.5818179358539646,0.5852662920951843,2.9204254,1
usgs_11413100,39.46875_-120.96875,39.46875,-120.96875,0.5661190321176792,0.5903550386428833,3.229296,1
usgs_11413100,39.46875_-121.03125,39.46875,-121.03125,0.5470271896687854,0.6095858216285706,3.6587467,1
usgs_11413100,39.53125_-120.40625,39.53125,-120.40625,0.6609686892071186,0.45615383982658386,1.6442881,1
usgs_11413100,39.53125_-120.46875,39.53125,-120.46875,0.6558704493818303,0.4088165760040283,1.2624482,1
usgs_11413100,39.53125_-120.53125,39.53125,-120.53125,0.7093960380984006,0.41556212306022644,1.340139,1
usgs_11413100,39.53125_-120.59375,39.53125,-120.59375,0.6908221805573913,0.47260355949401855,1.546556,1
usgs_11413100,39.53125_-120.65625,39.53125,-120.65625,0.6155365627636743,0.472485214471817,1.6143075,1
usgs_11413100,39.53125_-120.71875,39.53125,-120.71875,0.6626319976272481,0.5432544350624084,2.0825691,1
usgs_11413100,39.53125_-120.78125,39.53125,-120.78125,0.6654621389733907,0.5913609266281128,2.823007,1
usgs_11413100,39.53125_-120.84375,39.53125,-120.84375,0.6418853514855785,0.6018934845924377,2.8729222,1
usgs_11413100,39.53125_-120.90625,39.53125,-120.90625,0.6281698869369209,0.5878698229789734,2.9882133,1
usgs_11413100,39.53125_-120.96875,39.53125,-120.96875,0.6464397049203341,0.6085206866264343,3.1445498,1
usgs_11413100,39.53125_-121.03125,39.53125,-121.03125,0.5930740618910542,0.6549704074859619,3.541055,1
usgs_11413100,39.53125_-121.09375,39.53125,-121.09375,0.5755231142054106,0.6588165760040283,3.5388358,1
usgs_11413100,39.59375_-120.46875,39.59375,-120.46875,0.6595829762375351,0.4361538589000702,1.4707338,1
usgs_11413100,39.59375_-120.53125,39.59375,-120.53125,0.6802647145282686,0.4665680527687073,1.3920797,1
usgs_11413100,39.59375_-120.59375,39.59375,-120.59375,0.6422631473843463,0.502781093120575,1.8948114,1
usgs_11413100,39.59375_-120.65625,39.59375,-120.65625,0.5929349833181015,0.3926035463809967,1.4532149,1
usgs_11413100,39.59375_-120.71875,39.59375,-120.71875,0.7007023592602748,0.5490532517433167,2.3765295,1
usgs_11413100,39.59375_-120.78125,39.59375,-120.78125,0.7646352333751023,0.6244378685951233,3.3170066,1
usgs_11413100,39.59375_-120.84375,39.59375,-120.84375,0.7121362467627229,0.5781065225601196,3.0116487,1
usgs_11413100,39.59375_-120.90625,39.59375,-120.90625,0.6072198168334475,0.5847337245941162,2.752166,1
usgs_11413100,39.59375_-120.96875,39.59375,-120.96875,0.5892922600709452,0.5846745371818542,2.9557695,1
usgs_11413100,39.59375_-121.03125,39.59375,-121.03125,0.5796214687386494,0.6459171772003174,3.378193,1
usgs_11413100,39.65625_-120.46875,39.65625,-120.46875,0.7051014354752752,0.46502959728240967,2.0129066,1
usgs_11413100,39.65625_-120.53125,39.65625,-120.53125,0.7108082501041589,0.49550294876098633,1.8178016,1
usgs_11413100,39.65625_-120.59375,39.65625,-120.59375,0.6939960083110178,0.44319525361061096,1.3882059,1
usgs_11413100,39.65625_-120.65625,39.65625,-120.65625,0.6972111321754837,0.35207101702690125,0.86326385,1
usgs_11413100,39.65625_-120.71875,39.65625,-120.71875,0.6330096731874832,0.4695858061313629,1.4396706,1
usgs_11413100,39.65625_-120.78125,39.65625,-120.78125,0.8357587382960068,0.5747337341308594,2.486978,1
usgs_11413100,39.65625_-120.84375,39.65625,-120.84375,0.6522499867046485,0.5044378638267517,1.8956492,1
usgs_11413100,39.65625_-120.90625,39.65625,-120.90625,0.6337293310315865,0.55266273021698,2.4939115,1
usgs_11413100,39.65625_-120.96875,39.65625,-120.96875,0.6041072395869063,0.5573372840881348,2.6092937,1
usgs_11413100,39.71875_-120.59375,39.71875,-120.59375,0.7385713694337829,0.4826035499572754,1.9400076,1
usgs_11413100,39.71875_-120.71875,39.71875,-120.71875,0.6158190584980685,0.41999998688697815,1.0435479,1
usgs_11413100,39.71875_-120.78125,39.71875,-120.78125,0.6657394842323963,0.4626627266407013,1.3731897,1
usgs_11413100,39.71875_-120.84375,39.71875,-120.84375,0.6774466608717153,0.49639052152633667,1.6615199,1
usgs_11413100,39.71875_-120.90625,39.71875,-120.90625,0.6544601036145987,0.5019526481628418,1.7879876,1
usgs_11413320,39.53125_-121.09375,39.53125,-121.09375,0.5755231142054106,0.6588165760040283,3.5388358,1
usgs_11413320,39.59375_-121.09375,39.59375,-121.09375,0.5749674194753507,0.5868047475814819,3.1956153,1
usgs_11413323,39.53125_-121.09375,39.53125,-121.09375,0.5755231142054106,0.6588165760040283,3.5388358,1
usgs_11413323,39.53125_-121.15625,39.53125,-121.15625,0.5370269007705278,0.5534319281578064,3.2352722,1
usgs_11413323,39.59375_-121.09375,39.59375,-121.09375,0.5749674194753507,0.5868047475814819,3.1956153,1
usgs_11414000,39.28125_-120.34375,39.28125,-120.34375,0.7194498453191539,0.4146745502948761,1.0911965,1
usgs_11414000,39.28125_-120.40625,39.28125,-120.40625,0.6673848680381088,0.3713017702102661,1.059344,1
usgs_11414000,39.28125_-120.46875,39.28125,-120.46875,0.6684068953508101,0.3620118200778961,0.81651384,1
usgs_11414000,39.28125_-120.53125,39.28125,-120.53125,0.6297813990461315,0.4157988131046295,1.1620367,1
usgs_11414000,39.28125_-120.59375,39.28125,-120.59375,0.6283564771671761,0.42408284544944763,1.2780514,1
usgs_11414000,39.34375_-120.34375,39.34375,-120.34375,0.8332379352706316,0.326272189617157,0.6334303,1
usgs_11414000,39.34375_-120.40625,39.34375,-120.40625,0.695866647307693,0.33443787693977356,0.7039944,1
usgs_11414000,39.34375_-120.46875,39.34375,-120.46875,0.6871123083446697,0.33544379472732544,0.8047537,1
usgs_11414000,39.34375_-120.53125,39.34375,-120.53125,0.7128201140372163,0.32094675302505493,0.7957774,1
usgs_11414000,39.34375_-120.59375,39.34375,-120.59375,0.6821366291151224,0.3798224925994873,1.1204683,1
usgs_11414000,39.40625_-120.34375,39.40625,-120.34375,0.7827584242343435,0.3234911262989044,0.7289141,1
usgs_11414000,39.40625_-120.40625,39.40625,-120.40625,0.7324994837439369,0.37686389684677124,0.7372967,1
usgs_11418000,39.21875_-121.09375,39.21875,-121.09375,0.6621467473823783,0.47999998927116394,1.7776252,1
usgs_11418000,39.21875_-121.15625,39.21875,-121.15625,0.781186650904726,0.47999998927116394,1.4864522,1
usgs_11418000,39.21875_-121.21875,39.21875,-121.21875,0.7258651594149754,0.32360947132110596,1.4646599,1
usgs_11418000,39.21875_-121.28125,39.21875,-121.28125,0.7850659655590626,0.3812426030635834,1.2436839,1
usgs_11418000,39.28125_-120.34375,39.28125,-120.34375,0.7194498453191539,0.4146745502948761,1.0911965,1
usgs_11418000,39.28125_-120.40625,39.28125,-120.40625,0.6673848680381088,0.3713017702102661,1.059344,1
usgs_11418000,39.28125_-120.46875,39.28125,-120.46875,0.6684068953508101,0.3620118200778961,0.81651384,1
usgs_11418000,39.28125_-120.53125,39.28125,-120.53125,0.6297813990461315,0.4157988131046295,1.1620367,1
usgs_11418000,39.28125_-120.59375,39.28125,-120.59375,0.6283564771671761,0.42408284544944763,1.2780514,1
usgs_11418000,39.28125_-120.65625,39.28125,-120.65625,0.587327085218048,0.47846153378486633,1.9905075,1
usgs_11418000,39.28125_-120.78125,39.28125,-120.78125,0.5558075693647998,0.587041437625885,2.9247146,1
usgs_11418000,39.28125_-120.90625,39.28125,-120.90625,0.5428410529568382,0.4932544231414795,2.976146,1
usgs_11418000,39.28125_-120.96875,39.28125,-120.96875,0.5282442054644589,0.48207101225852966,2.9621062,1
usgs_11418000,39.28125_-121.03125,39.28125,-121.03125,0.5523728054688614,0.3976331353187561,2.2772975,1
usgs_11418000,39.28125_-121.09375,39.28125,-121.09375,0.7490753232644369,0.45059171319007874,1.7938024,1
usgs_11418000,39.28125_-121.15625,39.28125,-121.15625,0.6987047109639228,0.451242595911026,1.6444489,1
usgs_11418000,39.28125_-121.21875,39.28125,-121.21875,0.7169940840197394,0.46213018894195557,1.5681622,1
usgs_11418000,39.28125_-121.28125,39.28125,-121.28125,0.7473792942146787,0.42964497208595276,1.4318931,1
usgs_11418000,39.34375_-120.34375,39.34375,-120.34375,0.8332379352706316,0.326272189617157,0.6334303,1
usgs_11418000,39.34375_-120.40625,39.34375,-120.40625,0.695866647307693,0.33443787693977356,0.7039944,1
usgs_11418000,39.34375_-120.46875,39.34375,-120.46875,0.6871123083446697,0.33544379472732544,0.8047537,1
usgs_11418000,39.34375_-120.53125,39.34375,-120.53125,0.7128201140372163,0.32094675302505493,0.7957774,1
usgs_11418000,39.34375_-120.59375,39.34375,-120.59375,0.6821366291151224,0.3798224925994873,1.1204683,1
usgs_11418000,39.34375_-120.65625,39.34375,-120.65625,0.5790816111466357,0.4185798764228821,1.5872291,1
usgs_11418000,39.34375_-120.71875,39.34375,-120.71875,0.5879361322676738,0.5436094403266907,2.51645,1
usgs_11418000,39.34375_-120.78125,39.34375,-120.78125,0.5972116282889172,0.5504142045974731,2.677668,1
usgs_11418000,39.34375_-120.84375,39.34375,-120.84375,0.591140708404635,0.5898816585540771,3.178872,1
usgs_11418000,39.34375_-120.90625,39.34375,-120.90625,0.5840738715335745,0.6004142165184021,3.0262601,1
usgs_11418000,39.34375_-120.96875,39.34375,-120.96875,0.5908814099059945,0.4862130284309387,2.6118934,1
usgs_11418000,39.34375_-121.03125,39.34375,-121.03125,0.6201402774705985,0.47585800290107727,2.2760766,1
usgs_11418000,39.34375_-121.09375,39.34375,-121.09375,0.6420692887921312,0.44550296664237976,1.8841106,1
usgs_11418000,39.34375_-121.15625,39.34375,-121.15625,0.6954254649121351,0.47414201498031616,2.1567116,1
usgs_11418000,39.34375_-121.21875,39.34375,-121.21875,0.7330923513113562,0.4385206997394562,1.7289956,1
usgs_11418000,39.34375_-121.28125,39.34375,-121.28125,0.830159382090087,0.42538461089134216,1.4553064,1
usgs_11418000,39.40625_-120.34375,39.40625,-120.34375,0.7827584242343435,0.3234911262989044,0.7289141,1
usgs_11418000,39.40625_-120.40625,39.40625,-120.40625,0.7324994837439369,0.37686389684677124,0.7372967,1
usgs_11418000,39.40625_-120.46875,39.40625,-120.46875,0.7555621407392271,0.33390533924102783,0.7533684,1
usgs_11418000,39.40625_-120.53125,39.40625,-120.53125,0.9664881330256108,0.21816568076610565,0.4130366,1
usgs_11418000,39.40625_-120.59375,39.40625,-120.59375,0.8421250231817963,0.3005325496196747,0.6187748,1
usgs_11418000,39.40625_-120.65625,39.40625,-120.65625,0.646541825605768,0.47029584646224976,1.5602789,1
usgs_11418000,39.40625_-120.71875,39.40625,-120.71875,0.6093055427863975,0.5299999713897705,2.6122978,1
usgs_11418000,39.40625_-120.78125,39.40625,-120.78125,0.5951470335591884,0.5744970440864563,3.0116107,1
usgs_11418000,39.40625_-120.84375,39.40625,-120.84375,0.6004640996167894,0.5486982464790344,2.7254407,1
usgs_11418000,39.40625_-120.90625,39.40625,-120.90625,0.5805508140176052,0.5936094522476196,3.0685217,1
usgs_11418000,39.40625_-120.96875,39.40625,-120.96875,0.5769322719475628,0.587041437625885,3.3712256,1
usgs_11418000,39.40625_-121.03125,39.40625,-121.03125,0.6269428647733208,0.5363905429840088,3.1144392,1
usgs_11418000,39.40625_-121.09375,39.40625,-121.09375,0.6036864775516225,0.5383431911468506,2.9020948,1
usgs_11418000,39.40625_-121.15625,39.40625,-121.15625,0.5842739775435787,0.49224853515625,2.6018486,1
usgs_11418000,39.40625_-121.21875,39.40625,-121.21875,0.6264337197947591,0.47183433175086975,1.9963261,1
usgs_11418000,39.46875_-120.40625,39.46875,-120.40625,0.7359836318318013,0.39544379711151123,0.993333,1
usgs_11418000,39.46875_-120.46875,39.46875,-120.46875,0.6847034555529028,0.4162130057811737,1.0786828,1
usgs_11418000,39.46875_-120.53125,39.46875,-120.53125,0.7019811623239873,0.3611242473125458,1.0463312,1
usgs_11418000,39.46875_-120.59375,39.46875,-120.59375,0.7177648020599927,0.40840235352516174,1.1009512,1
usgs_11418000,39.46875_-120.65625,39.46875,-120.65625,0.6006299597614804,0.38071006536483765,1.1807841,1
usgs_11418000,39.46875_-120.71875,39.46875,-120.71875,0.6452034760884309,0.5295266509056091,2.2301435,1
usgs_11418000,39.46875_-120.78125,39.46875,-120.78125,0.6366638081592424,0.5690532326698303,2.8486612,1
usgs_11418000,39.46875_-120.84375,39.46875,-120.84375,0.585999209351968,0.5717751383781433,2.7349052,1
usgs_11418000,39.46875_-120.90625,39.46875,-120.90625,0.5818179358539646,0.5852662920951843,2.9204254,1
usgs_11418000,39.46875_-120.96875,39.46875,-120.96875,0.5661190321176792,0.5903550386428833,3.229296,1
usgs_11418000,39.46875_-121.03125,39.46875,-121.03125,0.5470271896687854,0.6095858216285706,3.6587467,1
usgs_11418000,39.46875_-121.09375,39.46875,-121.09375,0.5612793455460147,0.5693491101264954,3.0764613,1
usgs_11418000,39.46875_-121.15625,39.46875,-121.15625,0.5689481648409467,0.5326035618782043,3.0228195,1
usgs_11418000,39.46875_-121.21875,39.46875,-121.21875,0.5332918737860317,0.5542603731155396,3.4549308,1
usgs_11418000,39.53125_-120.40625,39.53125,-120.40625,0.6609686892071186,0.45615383982658386,1.6442881,1
usgs_11418000,39.53125_-120.46875,39.53125,-120.46875,0.6558704493818303,0.4088165760040283,1.2624482,1
usgs_11418000,39.53125_-120.53125,39.53125,-120.53125,0.7093960380984006,0.41556212306022644,1.340139,1
usgs_11418000,39.53125_-120.59375,39.53125,-120.59375,0.6908221805573913,0.47260355949401855,1.546556,1
usgs_11418000,39.53125_-120.65625,39.53125,-120.65625,0.6155365627636743,0.472485214471817,1.6143075,1
usgs_11418000,39.53125_-120.71875,39.53125,-120.71875,0.6626319976272481,0.5432544350624084,2.0825691,1
usgs_11418000,39.53125_-120.78125,39.53125,-120.78125,0.6654621389733907,0.5913609266281128,2.823007,1
usgs_11418000,39.53125_-120.84375,39.53125,-120.84375,0.6418853514855785,0.6018934845924377,2.8729222,1
usgs_11418000,39.53125_-120.90625,39.53125,-120.90625,0.6281698869369209,0.5878698229789734,2.9882133,1
usgs_11418000,39.53125_-120.96875,39.53125,-120.96875,0.6464397049203341,0.6085206866264343,3.1445498,1
usgs_11418000,39.53125_-121.03125,39.53125,-121.03125,0.5930740618910542,0.6549704074859619,3.541055,1
usgs_11418000,39.53125_-121.09375,39.53125,-121.09375,0.5755231142054106,0.6588165760040283,3.5388358,1
usgs_11418000,39.53125_-121.15625,39.53125,-121.15625,0.5370269007705278,0.5534319281578064,3.2352722,1
usgs_11418000,39.53125_-121.21875,39.53125,-121.21875,0.5368862098729452,0.5500591993331909,3.4176571,1
usgs_11418000,39.59375_-120.46875,39.59375,-120.46875,0.6595829762375351,0.4361538589000702,1.4707338,1
usgs_11418000,39.59375_-120.53125,39.59375,-120.53125,0.6802647145282686,0.4665680527687073,1.3920797,1
usgs_11418000,39.59375_-120.59375,39.59375,-120.59375,0.6422631473843463,0.502781093120575,1.8948114,1
usgs_11418000,39.59375_-120.65625,39.59375,-120.65625,0.5929349833181015,0.3926035463809967,1.4532149,1
usgs_11418000,39.59375_-120.71875,39.59375,-120.71875,0.7007023592602748,0.5490532517433167,2.3765295,1
usgs_11418000,39.59375_-120.78125,39.59375,-120.78125,0.7646352333751023,0.6244378685951233,3.3170066,1
usgs_11418000,39.59375_-120.84375,39.59375,-120.84375,0.7121362467627229,0.5781065225601196,3.0116487,1
usgs_11418000,39.59375_-120.90625,39.59375,-120.90625,0.6072198168334475,0.5847337245941162,2.752166,1
usgs_11418000,39.59375_-120.96875,39.59375,-120.96875,0.5892922600709452,0.5846745371818542,2.9557695,1
usgs_11418000,39.59375_-121.03125,39.59375,-121.03125,0.5796214687386494,0.6459171772003174,3.378193,1
usgs_11418000,39.59375_-121.09375,39.59375,-121.09375,0.5749674194753507,0.5868047475814819,3.1956153,1
usgs_11418000,39.65625_-120.46875,39.65625,-120.46875,0.7051014354752752,0.46502959728240967,2.0129066,1
usgs_11418000,39.65625_-120.53125,39.65625,-120.53125,0.7108082501041589,0.49550294876098633,1.8178016,1
usgs_11418000,39.65625_-120.59375,39.65625,-120.59375,0.6939960083110178,0.44319525361061096,1.3882059,1
usgs_11418000,39.65625_-120.65625,39.65625,-120.65625,0.6972111321754837,0.35207101702690125,0.86326385,1
usgs_11418000,39.65625_-120.71875,39.65625,-120.71875,0.6330096731874832,0.4695858061313629,1.4396706,1
usgs_11418000,39.65625_-120.78125,39.65625,-120.78125,0.8357587382960068,0.5747337341308594,2.486978,1
usgs_11418000,39.65625_-120.84375,39.65625,-120.84375,0.6522499867046485,0.5044378638267517,1.8956492,1
usgs_11418000,39.65625_-120.90625,39.65625,-120.90625,0.6337293310315865,0.55266273021698,2.4939115,1
usgs_11418000,39.65625_-120.96875,39.65625,-120.96875,0.6041072395869063,0.5573372840881348,2.6092937,1
usgs_11418000,39.65625_-121.03125,39.65625,-121.03125,0.5924286998180841,0.5996449589729309,2.7797987,1
usgs_11418000,39.71875_-120.59375,39.71875,-120.59375,0.7385713694337829,0.4826035499572754,1.9400076,1
usgs_11418000,39.71875_-120.71875,39.71875,-120.71875,0.6158190584980685,0.41999998688697815,1.0435479,1
usgs_11418000,39.71875_-120.78125,39.71875,-120.78125,0.6657394842323963,0.4626627266407013,1.3731897,1
usgs_11418000,39.71875_-120.84375,39.71875,-120.84375,0.6774466608717153,0.49639052152633667,1.6615199,1
usgs_11418000,39.71875_-120.90625,39.71875,-120.90625,0.6544601036145987,0.5019526481628418,1.7879876,1
usgs_11418000,39.71875_-120.96875,39.71875,-120.96875,0.6408308313410102,0.4187574088573456,1.7377431,1
usgs_11418000,39.71875_-121.03125,39.71875,-121.03125,0.6183861613563099,0.428816556930542,1.6860882,1
usgs_11418000,39.78125_-120.84375,39.78125,-120.84375,0.6673798573514629,0.5040828585624695,1.8831004,1
usgs_11418000,39.78125_-120.90625,39.78125,-120.90625,0.6622479091156701,0.4138461649417877,1.5271125,1
usgs_11426150,39.28125_-120.34375,39.28125,-120.34375,0.7194498453191539,0.4146745502948761,1.0911965,1
usgs_11426150,39.28125_-120.40625,39.28125,-120.40625,0.6673848680381088,0.3713017702102661,1.059344,1
usgs_11427700,39.15625_-120.40625,39.15625,-120.40625,0.6314786736910938,0.4665680527687073,1.616243,1
usgs_11427700,39.15625_-120.46875,39.15625,-120.46875,0.5876191166128001,0.45384615659713745,1.2896234,1
usgs_11427700,39.15625_-120.53125,39.15625,-120.53125,0.5677146881580817,0.3969230651855469,1.2545791,1
usgs_11427700,39.21875_-120.40625,39.21875,-120.40625,0.5791951049285895,0.4005917012691498,1.2237217,1
usgs_11433260,39.03125_-120.59375,39.03125,-120.59375,0.562708846155937,0.4882248640060425,2.847748,1
usgs_11433260,39.03125_-120.65625,39.03125,-120.65625,0.5779683284042667,0.35804733633995056,2.5964248,1
usgs_11433260,39.03125_-120.71875,39.03125,-120.71875,0.6610937873513388,0.30041420459747314,2.6085508,1
usgs_11433260,39.09375_-120.53125,39.09375,-120.53125,0.5942437436841013,0.46988165378570557,2.0619113,1
usgs_11433260,39.09375_-120.59375,39.09375,-120.59375,0.5640626138856946,0.5110059380531311,2.456059,1
usgs_11433260,39.09375_-120.65625,39.09375,-120.65625,0.5549433930385421,0.4204733669757843,2.8205693,1
usgs_11433260,39.09375_-120.71875,39.09375,-120.71875,0.5898274596926396,0.4357396364212036,2.9000247,1
usgs_11433260,39.15625_-120.53125,39.15625,-120.53125,0.5677146881580817,0.3969230651855469,1.2545791,1
usgs_11433260,39.15625_-120.59375,39.15625,-120.59375,0.5694235960766306,0.41183432936668396,1.723612,1
usgs_11433260,39.15625_-120.65625,39.15625,-120.65625,0.6457045783930508,0.47378697991371155,2.2532723,1
usgs_11433260,39.15625_-120.71875,39.15625,-120.71875,0.6318595933851807,0.5885798931121826,3.0672326,1
usgs_11433260,39.21875_-120.53125,39.21875,-120.53125,0.5726864604945676,0.4672780930995941,1.8380424,1
usgs_11433260,39.21875_-120.59375,39.21875,-120.59375,0.5481345753473621,0.4481656849384308,1.7384101,1
usgs_11433300,38.84375_-120.15625,38.84375,-120.15625,1.2391428609175175,0.15834319591522217,0.37511796,1
usgs_11433300,38.90625_-120.15625,38.90625,-120.15625,1.0116370393274936,0.18100591003894806,0.31845266,1
usgs_11433300,38.90625_-120.21875,38.90625,-120.21875,0.9904632284502546,0.22573964297771454,0.35149533,1
usgs_11433300,38.90625_-120.34375,38.90625,-120.34375,0.6103980449439955,0.4612426161766052,1.525745,1
usgs_11433300,38.90625_-120.40625,38.90625,-120.40625,0.6085636931021452,0.39041420817375183,1.7265567,1
usgs_11433300,38.90625_-120.46875,38.90625,-120.46875,0.6520406810238294,0.4607100486755371,1.8633786,1
usgs_11433300,38.90625_-120.53125,38.90625,-120.53125,0.5861273390625998,0.36502957344055176,1.9635767,1
usgs_11433300,38.90625_-120.59375,38.90625,-120.59375,0.5859116062973324,0.3964497148990631,2.3378744,1
usgs_11433300,38.90625_-120.65625,38.90625,-120.65625,0.5401615048854876,0.5179881453514099,3.2308779,1
usgs_11433300,38.90625_-120.71875,38.90625,-120.71875,0.5262965690004102,0.5926627516746521,3.582056,1
usgs_11433300,38.96875_-120.15625,38.96875,-120.15625,0.7366814239329083,0.25923076272010803,0.65152186,1
usgs_11433300,38.96875_-120.21875,38.96875,-120.21875,0.9697711864281752,0.1917751431465149,0.34031188,1
usgs_11433300,38.96875_-120.28125,38.96875,-120.28125,0.6594882423639127,0.33520710468292236,0.77995276,1
usgs_11433300,38.96875_-120.34375,38.96875,-120.34375,0.6030427638034606,0.3949112296104431,1.2723114,1
usgs_11433300,38.96875_-120.40625,38.96875,-120.40625,0.6198362178800872,0.4153846204280853,1.761591,1
usgs_11433300,38.96875_-120.46875,38.96875,-120.46875,0.5745760814395675,0.3988165557384491,2.1300044,1
usgs_11433300,38.96875_-120.53125,38.96875,-120.53125,0.5489819248446555,0.3676331341266632,2.307309,1
usgs_11433300,38.96875_-120.59375,38.96875,-120.59375,0.5442205769195018,0.3972781002521515,3.0563264,1
usgs_11433300,38.96875_-120.65625,38.96875,-120.65625,0.6014349622724384,0.3356804847717285,2.823427,1
usgs_11433300,38.96875_-120.71875,38.96875,-120.71875,0.5457231377221883,0.40005916357040405,3.14315,1
usgs_11433300,38.96875_-120.78125,38.96875,-120.78125,0.5519174022937502,0.49579882621765137,2.9803536,1
usgs_11433300,39.03125_-120.21875,39.03125,-120.21875,0.6852839726624017,0.38242602348327637,0.9057362,1
usgs_11433300,39.03125_-120.28125,39.03125,-120.28125,0.7079899858204429,0.26810652017593384,0.7026796,1
usgs_11433300,39.03125_-120.34375,39.03125,-120.34375,0.6644946310609414,0.3430769145488739,0.92423433,1
usgs_11433300,39.03125_-120.40625,39.03125,-120.40625,0.5676100557738463,0.3820118308067322,1.6302474,1
usgs_11433300,39.03125_-120.46875,39.03125,-120.46875,0.5773906125146357,0.3823668658733368,1.9391015,1
usgs_11433300,39.03125_-120.53125,39.03125,-120.53125,0.5800760171903654,0.47863906621932983,2.6030254,1
usgs_11433300,39.03125_-120.59375,39.03125,-120.59375,0.562708846155937,0.4882248640060425,2.847748,1
usgs_11433300,39.03125_-120.65625,39.03125,-120.65625,0.5779683284042667,0.35804733633995056,2.5964248,1
usgs_11433300,39.03125_-120.71875,39.03125,-120.71875,0.6610937873513388,0.30041420459747314,2.6085508,1
usgs_11433300,39.03125_-120.78125,39.03125,-120.78125,0.5834196999728589,0.4021301865577698,2.9256191,1
usgs_11433300,39.09375_-120.21875,39.09375,-120.21875,0.6554218509851739,0.41124260425567627,1.0568128,1
usgs_11433300,39.09375_-120.28125,39.09375,-120.28125,0.644382502923176,0.44609466195106506,1.3059455,1
usgs_11433300,39.09375_-120.34375,39.09375,-120.34375,0.6154176571802212,0.45982247591018677,1.4318435,1
usgs_11433300,39.09375_-120.40625,39.09375,-120.40625,0.5509685129578056,0.3906508982181549,1.4428723,1
usgs_11433300,39.09375_-120.46875,39.09375,-120.46875,0.5382726926860433,0.3942011892795563,1.2512099,1
usgs_11433300,39.09375_-120.53125,39.09375,-120.53125,0.5942437436841013,0.46988165378570557,2.0619113,1
usgs_11433300,39.09375_-120.59375,39.09375,-120.59375,0.5640626138856946,0.5110059380531311,2.456059,1
usgs_11433300,39.09375_-120.65625,39.09375,-120.65625,0.5549433930385421,0.4204733669757843,2.8205693,1
usgs_11433300,39.09375_-120.71875,39.09375,-120.71875,0.5898274596926396,0.4357396364212036,2.9000247,1
usgs_11433300,39.15625_-120.21875,39.15625,-120.21875,0.6471170602610659,0.37934911251068115,1.135421,1
usgs_11433300,39.15625_-120.28125,39.15625,-120.28125,0.704171181584717,0.3759763240814209,0.8428433,1
usgs_11433300,39.15625_-120.34375,39.15625,-120.34375,0.6281458450144346,0.406686395406723,1.1269873,1
usgs_11433300,39.15625_-120.40625,39.15625,-120.40625,0.6314786736910938,0.4665680527687073,1.616243,1
usgs_11433300,39.15625_-120.46875,39.15625,-120.46875,0.5876191166128001,0.45384615659713745,1.2896234,1
usgs_11433300,39.15625_-120.53125,39.15625,-120.53125,0.5677146881580817,0.3969230651855469,1.2545791,1
usgs_11433300,39.15625_-120.59375,39.15625,-120.59375,0.5694235960766306,0.41183432936668396,1.723612,1
usgs_11433300,39.15625_-120.65625,39.15625,-120.65625,0.6457045783930508,0.47378697991371155,2.2532723,1
usgs_11433300,39.15625_-120.71875,39.15625,-120.71875,0.6318595933851807,0.5885798931121826,3.0672326,1
usgs_11433300,39.21875_-120.28125,39.21875,-120.28125,0.7999038514912307,0.3272189497947693,0.66712177,1
usgs_11433300,39.21875_-120.34375,39.21875,-120.34375,0.6405196092859271,0.411775141954422,1.1005192,1
usgs_11433300,39.21875_-120.40625,39.21875,-120.40625,0.5791951049285895,0.4005917012691498,1.2237217,1
usgs_11433300,39.21875_-120.53125,39.21875,-120.53125,0.5726864604945676,0.4672780930995941,1.8380424,1
usgs_11433300,39.21875_-120.59375,39.21875,-120.59375,0.5481345753473621,0.4481656849384308,1.7384101,1
usgs_11433500,38.84375_-120.15625,38.84375,-120.15625,1.2391428609175175,0.15834319591522217,0.37511796,1
usgs_11433500,38.90625_-120.15625,38.90625,-120.15625,1.0116370393274936,0.18100591003894806,0.31845266,1
usgs_11433500,38.90625_-120.21875,38.90625,-120.21875,0.9904632284502546,0.22573964297771454,0.35149533,1
usgs_11433500,38.90625_-120.34375,38.90625,-120.34375,0.6103980449439955,0.4612426161766052,1.525745,1
usgs_11433500,38.90625_-120.40625,38.90625,-120.40625,0.6085636931021452,0.39041420817375183,1.7265567,1
usgs_11433500,38.90625_-120.46875,38.90625,-120.46875,0.6520406810238294,0.4607100486755371,1.8633786,1
usgs_11433500,38.90625_-120.53125,38.90625,-120.53125,0.5861273390625998,0.36502957344055176,1.9635767,1
usgs_11433500,38.90625_-120.59375,38.90625,-120.59375,0.5859116062973324,0.3964497148990631,2.3378744,1
usgs_11433500,38.90625_-120.65625,38.90625,-120.65625,0.5401615048854876,0.5179881453514099,3.2308779,1
usgs_11433500,38.90625_-120.71875,38.90625,-120.71875,0.5262965690004102,0.5926627516746521,3.582056,1
usgs_11433500,38.90625_-120.78125,38.90625,-120.78125,0.5250376813958962,0.5612425804138184,3.2653956,1
usgs_11433500,38.90625_-120.84375,38.90625,-120.84375,0.5306601901680876,0.5086982250213623,2.7598472,1
usgs_11433500,38.90625_-120.90625,38.90625,-120.90625,0.5721845774566485,0.45751479268074036,2.044006,1
usgs_11433500,38.90625_-120.96875,38.90625,-120.96875,0.7619434215350913,0.41745561361312866,1.6251981,1
usgs_11433500,38.90625_-121.03125,38.90625,-121.03125,0.8860959619137774,0.3759763240814209,1.522033,1
usgs_11433500,38.96875_-120.15625,38.96875,-120.15625,0.7366814239329083,0.25923076272010803,0.65152186,1
usgs_11433500,38.96875_-120.21875,38.96875,-120.21875,0.9697711864281752,0.1917751431465149,0.34031188,1
usgs_11433500,38.96875_-120.28125,38.96875,-120.28125,0.6594882423639127,0.33520710468292236,0.77995276,1
usgs_11433500,38.96875_-120.34375,38.96875,-120.34375,0.6030427638034606,0.3949112296104431,1.2723114,1
usgs_11433500,38.96875_-120.40625,38.96875,-120.40625,0.6198362178800872,0.4153846204280853,1.761591,1
usgs_11433500,38.96875_-120.46875,38.96875,-120.46875,0.5745760814395675,0.3988165557384491,2.1300044,1
usgs_11433500,38.96875_-120.53125,38.96875,-120.53125,0.5489819248446555,0.3676331341266632,2.307309,1
usgs_11433500,38.96875_-120.59375,38.96875,-120.59375,0.5442205769195018,0.3972781002521515,3.0563264,1
usgs_11433500,38.96875_-120.65625,38.96875,-120.65625,0.6014349622724384,0.3356804847717285,2.823427,1
usgs_11433500,38.96875_-120.71875,38.96875,-120.71875,0.5457231377221883,0.40005916357040405,3.14315,1
usgs_11433500,38.96875_-120.78125,38.96875,-120.78125,0.5519174022937502,0.49579882621765137,2.9803536,1
usgs_11433500,38.96875_-120.84375,38.96875,-120.84375,0.6296914239317626,0.4581656754016876,2.80614,1
usgs_11433500,38.96875_-120.90625,38.96875,-120.90625,0.5991016286032225,0.4152662754058838,2.2734451,1
usgs_11433500,38.96875_-120.96875,38.96875,-120.96875,0.7124466750113382,0.42893490195274353,1.930048,1
usgs_11433500,39.03125_-120.21875,39.03125,-120.21875,0.6852839726624017,0.38242602348327637,0.9057362,1
usgs_11433500,39.03125_-120.28125,39.03125,-120.28125,0.7079899858204429,0.26810652017593384,0.7026796,1
usgs_11433500,39.03125_-120.34375,39.03125,-120.34375,0.6644946310609414,0.3430769145488739,0.92423433,1
usgs_11433500,39.03125_-120.40625,39.03125,-120.40625,0.5676100557738463,0.3820118308067322,1.6302474,1
usgs_11433500,39.03125_-120.46875,39.03125,-120.46875,0.5773906125146357,0.3823668658733368,1.9391015,1
usgs_11433500,39.03125_-120.53125,39.03125,-120.53125,0.5800760171903654,0.47863906621932983,2.6030254,1
usgs_11433500,39.03125_-120.59375,39.03125,-120.59375,0.562708846155937,0.4882248640060425,2.847748,1
usgs_11433500,39.03125_-120.65625,39.03125,-120.65625,0.5779683284042667,0.35804733633995056,2.5964248,1
usgs_11433500,39.03125_-120.71875,39.03125,-120.71875,0.6610937873513388,0.30041420459747314,2.6085508,1
usgs_11433500,39.03125_-120.78125,39.03125,-120.78125,0.5834196999728589,0.4021301865577698,2.9256191,1
usgs_11433500,39.03125_-120.84375,39.03125,-120.84375,0.5459593377860013,0.4976923167705536,3.2046366,1
usgs_11433500,39.03125_-120.90625,39.03125,-120.90625,0.731753403266848,0.4589940905570984,2.4354234,1
usgs_11433500,39.09375_-120.21875,39.09375,-120.21875,0.6554218509851739,0.41124260425567627,1.0568128,1
usgs_11433500,39.09375_-120.28125,39.09375,-120.28125,0.644382502923176,0.44609466195106506,1.3059455,1
usgs_11433500,39.09375_-120.34375,39.09375,-120.34375,0.6154176571802212,0.45982247591018677,1.4318435,1
usgs_11433500,39.09375_-120.40625,39.09375,-120.40625,0.5509685129578056,0.3906508982181549,1.4428723,1
usgs_11433500,39.09375_-120.46875,39.09375,-120.46875,0.5382726926860433,0.3942011892795563,1.2512099,1
usgs_11433500,39.09375_-120.53125,39.09375,-120.53125,0.5942437436841013,0.46988165378570557,2.0619113,1
usgs_11433500,39.09375_-120.59375,39.09375,-120.59375,0.5640626138856946,0.5110059380531311,2.456059,1
usgs_11433500,39.09375_-120.65625,39.09375,-120.65625,0.5549433930385421,0.4204733669757843,2.8205693,1
usgs_11433500,39.09375_-120.71875,39.09375,-120.71875,0.5898274596926396,0.4357396364212036,2.9000247,1
usgs_11433500,39.09375_-120.78125,39.09375,-120.78125,0.5530821693612619,0.5315976142883301,3.0388398,1
usgs_11433500,39.15625_-120.21875,39.15625,-120.21875,0.6471170602610659,0.37934911251068115,1.135421,1
usgs_11433500,39.15625_-120.28125,39.15625,-120.28125,0.704171181584717,0.3759763240814209,0.8428433,1
usgs_11433500,39.15625_-120.34375,39.15625,-120.34375,0.6281458450144346,0.406686395406723,1.1269873,1
usgs_11433500,39.15625_-120.40625,39.15625,-120.40625,0.6314786736910938,0.4665680527687073,1.616243,1
usgs_11433500,39.15625_-120.46875,39.15625,-120.46875,0.5876191166128001,0.45384615659713745,1.2896234,1
usgs_11433500,39.15625_-120.53125,39.15625,-120.53125,0.5677146881580817,0.3969230651855469,1.2545791,1
usgs_11433500,39.15625_-120.59375,39.15625,-120.59375,0.5694235960766306,0.41183432936668396,1.723612,1
usgs_11433500,39.15625_-120.65625,39.15625,-120.65625,0.6457045783930508,0.47378697991371155,2.2532723,1
usgs_11433500,39.15625_-120.71875,39.15625,-120.71875,0.6318595933851807,0.5885798931121826,3.0672326,1
usgs_11433500,39.21875_-120.28125,39.21875,-120.28125,0.7999038514912307,0.3272189497947693,0.66712177,1
usgs_11433500,39.21875_-120.34375,39.21875,-120.34375,0.6405196092859271,0.411775141954422,1.1005192,1
usgs_11433500,39.21875_-120.40625,39.21875,-120.40625,0.5791951049285895,0.4005917012691498,1.2237217,1
usgs_11433500,39.21875_-120.53125,39.21875,-120.53125,0.5726864604945676,0.4672780930995941,1.8380424,1
usgs_11433500,39.21875_-120.59375,39.21875,-120.59375,0.5481345753473621,0.4481656849384308,1.7384101,1
usgs_11445500,38.59375_-120.09375,38.59375,-120.09375,0.8085936419336477,0.26573964953422546,0.46721667,1
usgs_11445500,38.59375_-120.15625,38.59375,-120.15625,0.7477310754012774,0.24887573719024658,0.44766393,1
usgs_11445500,38.65625_-119.96875,38.65625,-119.96875,1.1453058886549297,0.2530769109725952,0.46622092,1
usgs_11445500,38.65625_-120.03125,38.65625,-120.03125,1.0995717771504276,0.24254438281059265,0.40972182,1
usgs_11445500,38.65625_-120.09375,38.65625,-120.09375,0.7035952661080327,0.27603551745414734,0.5490117,1
usgs_11445500,38.65625_-120.15625,38.65625,-120.15625,0.8409567432122624,0.2800000011920929,0.74549997,1
usgs_11445500,38.65625_-120.21875,38.65625,-120.21875,0.7514184940251011,0.3163905441761017,1.3234475,1
usgs_11445500,38.65625_-120.28125,38.65625,-120.28125,0.6305805747247168,0.35982248187065125,1.4363734,1
usgs_11445500,38.65625_-120.34375,38.65625,-120.34375,0.5986276025870717,0.4187574088573456,1.9549093,1
usgs_11445500,38.71875_-119.96875,38.71875,-119.96875,1.1686135102146225,0.3150295913219452,0.6815628,1
usgs_11445500,38.71875_-120.03125,38.71875,-120.03125,0.9797536572025638,0.30485206842422485,0.5651826,1
usgs_11445500,38.71875_-120.09375,38.71875,-120.09375,0.7633671784605276,0.30467456579208374,0.7799129,1
usgs_11445500,38.71875_-120.15625,38.71875,-120.15625,0.6865429361094345,0.35183432698249817,1.3147584,1
usgs_11445500,38.71875_-120.21875,38.71875,-120.21875,0.6323721180580701,0.34994083642959595,1.7583264,1
usgs_11445500,38.71875_-120.28125,38.71875,-120.28125,0.6300373374156648,0.3671005964279175,1.7526499,1
usgs_11445500,38.71875_-120.34375,38.71875,-120.34375,0.6649844235928495,0.3796449601650238,1.8983133,1
usgs_11445500,38.71875_-120.40625,38.71875,-120.40625,0.5893891832435608,0.3585798740386963,2.1752062,1
usgs_11445500,38.71875_-120.46875,38.71875,-120.46875,0.5744375057987421,0.3592899441719055,2.5528839,1
usgs_11445500,38.71875_-120.53125,38.71875,-120.53125,0.5422189998517747,0.30000001192092896,3.061243,1
usgs_11445500,38.71875_-120.59375,38.71875,-120.59375,0.5420932559960816,0.4179881513118744,2.5693362,1
usgs_11445500,38.71875_-120.65625,38.71875,-120.65625,0.5603470969234311,0.4098816514015198,1.8365463,1
usgs_11445500,38.71875_-120.71875,38.71875,-120.71875,0.5775387762152755,0.40295857191085815,1.8992176,1
usgs_11445500,38.71875_-120.78125,38.71875,-120.78125,0.5942943325770539,0.3322485089302063,1.645333,1
usgs_11445500,38.71875_-120.84375,38.71875,-120.84375,0.7239005536516909,0.2931360900402069,1.4325713,1
usgs_11445500,38.78125_-120.03125,38.78125,-120.03125,0.7478274414349547,0.3743787109851837,0.92105454,1
usgs_11445500,38.78125_-120.09375,38.78125,-120.09375,0.6737262403658649,0.34781065583229065,1.1159941,1
usgs_11445500,38.78125_-120.15625,38.78125,-120.15625,0.5939998143284518,0.3598816692829132,1.4075644,1
usgs_11445500,38.78125_-120.21875,38.78125,-120.21875,0.580934838842443,0.36733728647232056,1.5866377,1
usgs_11445500,38.78125_-120.28125,38.78125,-120.28125,0.5571900410597596,0.40319526195526123,1.6492783,1
usgs_11445500,38.78125_-120.34375,38.78125,-120.34375,0.5590476624156481,0.41822484135627747,1.5845404,1
usgs_11445500,38.78125_-120.40625,38.78125,-120.40625,0.6166667688280447,0.4332544505596161,1.9214174,1
usgs_11445500,38.78125_-120.46875,38.78125,-120.46875,0.6134985660473344,0.4812425971031189,2.2650657,1
usgs_11445500,38.78125_-120.53125,38.78125,-120.53125,0.5753341645618377,0.4048520624637604,2.2786431,1
usgs_11445500,38.78125_-120.59375,38.78125,-120.59375,0.5678368658922481,0.41609466075897217,2.4744954,1
usgs_11445500,38.78125_-120.65625,38.78125,-120.65625,0.5666617868744105,0.4752070903778076,2.6392548,1
usgs_11445500,38.78125_-120.71875,38.78125,-120.71875,0.5602463487476992,0.4250887632369995,2.2085352,1
usgs_11445500,38.78125_-120.78125,38.78125,-120.78125,0.6076123798592997,0.4501183331012726,2.0757356,1
usgs_11445500,38.78125_-120.84375,38.78125,-120.84375,0.7183241093863869,0.44846153259277344,1.6167988,1
usgs_11445500,38.78125_-120.90625,38.78125,-120.90625,0.7998880752523194,0.36390531063079834,1.3807503,1
usgs_11445500,38.78125_-120.96875,38.78125,-120.96875,0.738710196988215,0.3885207176208496,1.3480928,1
usgs_11445500,38.84375_-120.03125,38.84375,-120.03125,0.5882260255957104,0.28201183676719666,1.0579878,1
usgs_11445500,38.84375_-120.09375,38.84375,-120.09375,0.8267598251355278,0.26384615898132324,0.6338212,1
usgs_11445500,38.84375_-120.15625,38.84375,-120.15625,1.2391428609175175,0.15834319591522217,0.37511796,1
usgs_11445500,38.84375_-120.21875,38.84375,-120.21875,0.7649358157042858,0.3007100522518158,0.7288273,1
usgs_11445500,38.84375_-120.28125,38.84375,-120.28125,0.6237338069827535,0.43834319710731506,1.2571446,1
usgs_11445500,38.84375_-120.34375,38.84375,-120.34375,0.6169030835316849,0.4134911298751831,1.5656024,1
usgs_11445500,38.84375_-120.40625,38.84375,-120.40625,0.5712399858555569,0.37840235233306885,1.5057489,1
usgs_11445500,38.84375_-120.46875,38.84375,-120.46875,0.660936167435769,0.4351479411125183,1.7139742,1
usgs_11445500,38.84375_-120.53125,38.84375,-120.53125,0.5603786768993525,0.4098816514015198,2.159998,1
usgs_11445500,38.84375_-120.59375,38.84375,-120.59375,0.578756769543613,0.3799999952316284,2.3699389,1
usgs_11445500,38.84375_-120.65625,38.84375,-120.65625,0.5311581966156732,0.49562129378318787,3.1344104,1
usgs_11445500,38.84375_-120.71875,38.84375,-120.71875,0.5308035984889984,0.6040828227996826,3.3101726,1
usgs_11445500,38.84375_-120.78125,38.84375,-120.78125,0.5615090634996485,0.5480473637580872,2.7562265,1
usgs_11445500,38.84375_-120.84375,38.84375,-120.84375,0.5924384282700529,0.41266271471977234,1.7661554,1
usgs_11445500,38.84375_-120.90625,38.84375,-120.90625,0.7823187546860229,0.41917160153388977,1.3963145,1
usgs_11445500,38.84375_-120.96875,38.84375,-120.96875,0.795171593057873,0.4167455732822418,1.4008907,1
usgs_11445500,38.90625_-120.15625,38.90625,-120.15625,1.0116370393274936,0.18100591003894806,0.31845266,1
usgs_11445500,38.90625_-120.21875,38.90625,-120.21875,0.9904632284502546,0.22573964297771454,0.35149533,1
usgs_11445500,38.90625_-120.28125,38.90625,-120.28125,0.6207059382331384,0.40526628494262695,0.9624066,1
usgs_11445500,38.90625_-120.34375,38.90625,-120.34375,0.6103980449439955,0.4612426161766052,1.525745,1
usgs_11445500,38.90625_-120.40625,38.90625,-120.40625,0.6085636931021452,0.39041420817375183,1.7265567,1
usgs_11445500,38.90625_-120.46875,38.90625,-120.46875,0.6520406810238294,0.4607100486755371,1.8633786,1
usgs_11445500,38.90625_-120.53125,38.90625,-120.53125,0.5861273390625998,0.36502957344055176,1.9635767,1
usgs_11445500,38.90625_-120.59375,38.90625,-120.59375,0.5859116062973324,0.3964497148990631,2.3378744,1
usgs_11445500,38.90625_-120.65625,38.90625,-120.65625,0.5401615048854876,0.5179881453514099,3.2308779,1
usgs_11445500,38.90625_-120.71875,38.90625,-120.71875,0.5262965690004102,0.5926627516746521,3.582056,1
usgs_11445500,38.90625_-120.78125,38.90625,-120.78125,0.5250376813958962,0.5612425804138184,3.2653956,1
usgs_11445500,38.90625_-120.84375,38.90625,-120.84375,0.5306601901680876,0.5086982250213623,2.7598472,1
usgs_11445500,38.90625_-120.90625,38.90625,-120.90625,0.5721845774566485,0.45751479268074036,2.044006,1
usgs_11445500,38.90625_-120.96875,38.90625,-120.96875,0.7619434215350913,0.41745561361312866,1.6251981,1
usgs_11445500,38.96875_-120.21875,38.96875,-120.21875,0.9697711864281752,0.1917751431465149,0.34031188,1
usgs_11445500,38.96875_-120.28125,38.96875,-120.28125,0.6594882423639127,0.33520710468292236,0.77995276,1
usgs_11445500,38.96875_-120.34375,38.96875,-120.34375,0.6030427638034606,0.3949112296104431,1.2723114,1
usgs_11445500,38.96875_-120.40625,38.96875,-120.40625,0.6198362178800872,0.4153846204280853,1.761591,1
usgs_11445500,38.96875_-120.46875,38.96875,-120.46875,0.5745760814395675,0.3988165557384491,2.1300044,1
usgs_11445500,38.96875_-120.71875,38.96875,-120.71875,0.5457231377221883,0.40005916357040405,3.14315,1
usgs_11449500,38.78125_-122.71875,38.78125,-122.71875,0.5587036853016035,0.38999998569488525,1.392558,1
usgs_11449500,38.78125_-122.78125,38.78125,-122.78125,0.5434364775416632,0.49000000953674316,3.0187888,1
usgs_11449500,38.84375_-122.65625,38.84375,-122.65625,0.5847761823431818,0.36000001430511475,1.2538865,1
usgs_11449500,38.84375_-122.71875,38.84375,-122.71875,0.6539690631240576,0.28999999165534973,2.1200128,1
usgs_11449500,38.84375_-122.78125,38.84375,-122.78125,0.5395046542021014,0.3199999928474426,1.54519,1
usgs_11449500,38.84375_-122.84375,38.84375,-122.84375,0.516491622421725,0.5600000023841858,1.6743615,1
usgs_11449500,38.90625_-122.71875,38.90625,-122.71875,0.6007532127816355,0.0,1.1642766,1
usgs_11449500,38.90625_-122.78125,38.90625,-122.78125,0.6293240176203408,0.5400000214576721,1.7953224,1
usgs_11449500,38.90625_-122.84375,38.90625,-122.84375,0.5972277646847098,0.5600000023841858,1.0201224,1
usgs_11451100,39.15625_-122.59375,39.15625,-122.59375,0.5945981449571727,0.3400000035762787,1.0773985,1
usgs_11451100,39.15625_-122.65625,39.15625,-122.65625,0.5761378240770842,0.4399999976158142,1.775684,1
usgs_11451100,39.15625_-122.71875,39.15625,-122.71875,0.5607535292696815,0.4300000071525574,2.2110991,1
usgs_11451100,39.15625_-122.78125,39.15625,-122.78125,0.5905117105424261,0.4399999976158142,1.3427092,1
usgs_11451100,39.21875_-122.65625,39.21875,-122.65625,0.595796676034522,0.4399999976158142,1.9016373,1
usgs_11451100,39.21875_-122.71875,39.21875,-122.71875,0.5740978352529987,0.3799999952316284,1.2466052,1
usgs_11451100,39.21875_-122.78125,39.21875,-122.78125,0.6007555379206952,0.41999998688697815,1.3918836,1
usgs_11451100,39.21875_-122.84375,39.21875,-122.84375,0.5794412624598705,0.36000001430511475,1.6464521,1
usgs_11451100,39.28125_-122.71875,39.28125,-122.71875,0.5766671580589392,0.3400000035762787,1.3156183,1
usgs_11451100,39.28125_-122.78125,39.28125,-122.78125,0.6219939884885722,0.550000011920929,1.5378519,1
usgs_11451100,39.28125_-122.84375,39.28125,-122.84375,0.6258383719011199,0.4300000071525574,1.5696665,1
usgs_11451715,38.96875_-122.34375,38.96875,-122.34375,0.751307908861764,0.4000000059604645,0.91885626,1
usgs_11451715,38.96875_-122.40625,38.96875,-122.40625,0.65861730600804,0.38999998569488525,0.92937696,1
usgs_11451715,39.03125_-122.34375,39.03125,-122.34375,0.8720017497999977,0.4099999964237213,0.9014374,1
usgs_11451715,39.03125_-122.40625,39.03125,-122.40625,0.7025158164617686,0.36000001430511475,0.86844575,1
usgs_11451715,39.03125_-122.46875,39.03125,-122.46875,0.5885221642838215,0.5199999809265137,0.9229306,1
usgs_11451715,39.09375_-122.40625,39.09375,-122.40625,0.8804199652257856,0.30000001192092896,0.86448276,1
usgs_11451715,39.09375_-122.46875,39.09375,-122.46875,0.5576611020720297,0.47999998927116394,0.8701073,1
usgs_11451715,39.09375_-122.53125,39.09375,-122.53125,0.803888561999414,0.0,0.8534286,1
usgs_11451715,39.15625_-122.40625,39.15625,-122.40625,0.8647430083090213,0.33000001311302185,0.8881429,1
usgs_11451715,39.15625_-122.46875,39.15625,-122.46875,0.8825795107984744,0.4000000059604645,1.0117483,1
usgs_11451715,39.21875_-122.40625,39.21875,-122.40625,0.7433628836333711,0.550000011920929,0.9438905,1
usgs_11451715,39.21875_-122.46875,39.21875,-122.46875,0.9550078378876475,0.27000001072883606,0.97303396,1
usgs_11451715,39.21875_-122.53125,39.21875,-122.53125,0.73676153755951,0.28999999165534973,0.82458246,1
usgs_11451715,39.21875_-122.59375,39.21875,-122.59375,0.6152000180930861,0.38999998569488525,1.6186223,1
usgs_11451715,39.28125_-122.53125,39.28125,-122.53125,0.9501298575617453,0.27000001072883606,0.8272666,1
usgs_11451715,39.28125_-122.59375,39.28125,-122.59375,0.5918243842071719,0.3400000035762787,0.94436187,1
usgs_11523200,41.09375_-122.59375,41.09375,-122.59375,0.5831109485981436,0.7400000095367432,2.8248491,1
usgs_11523200,41.09375_-122.65625,41.09375,-122.65625,0.5740160001506358,0.47999998927116394,1.6182618,1
usgs_11523200,41.09375_-122.71875,41.09375,-122.71875,0.7040243462565381,0.5899999737739563,2.081583,1
usgs_11523200,41.09375_-122.78125,41.09375,-122.78125,0.5853220154443597,0.4099999964237213,2.991686,1
usgs_11523200,41.15625_-122.59375,41.15625,-122.59375,0.5975291642462477,0.4000000059604645,1.7733427,1
usgs_11523200,41.15625_-122.65625,41.15625,-122.65625,0.6175306972980437,0.5199999809265137,1.9120785,1
usgs_11523200,41.15625_-122.71875,41.15625,-122.71875,0.6903226612909094,0.5899999737739563,2.7598612,1
usgs_11523200,41.15625_-122.78125,41.15625,-122.78125,0.5884685945954516,0.4699999988079071,2.2235982,1
usgs_11523200,41.21875_-122.53125,41.21875,-122.53125,0.6296481678459349,0.39970412850379944,1.1308091,1
usgs_11523200,41.21875_-122.59375,41.21875,-122.59375,0.5706622024097303,0.47999998927116394,1.5645235,1
usgs_11523200,41.21875_-122.65625,41.21875,-122.65625,0.638375754522771,0.33000001311302185,1.7059343,1
usgs_11523200,41.21875_-122.71875,41.21875,-122.71875,0.600677235937356,0.5699999928474426,1.6449134,1
usgs_11523200,41.21875_-122.78125,41.21875,-122.78125,0.6723675634074493,0.0,0.29695868,1
usgs_11523200,41.28125_-122.46875,41.28125,-122.46875,0.8379061382618207,0.3364497125148773,1.0123123,1
usgs_11523200,41.28125_-122.53125,41.28125,-122.53125,0.6197140294736856,0.37739646434783936,1.0933628,1
usgs_11523200,41.28125_-122.59375,41.28125,-122.59375,0.6059270739311087,0.36000001430511475,1.3191139,1
usgs_11523200,41.28125_-122.65625,41.28125,-122.65625,0.6253775585958132,0.4399999976158142,1.4937141,1
usgs_11523200,41.28125_-122.71875,41.28125,-122.71875,0.6274645483314015,0.5600000023841858,1.5604194,1
usgs_11523200,41.34375_-122.46875,41.34375,-122.46875,0.8955604292736676,0.2792307734489441,0.9060661,1
usgs_11523200,41.34375_-122.53125,41.34375,-122.53125,0.6902942753603163,0.5400000214576721,0.71550244,1
usgs_11523200,41.34375_-122.59375,41.34375,-122.59375,0.861877378308766,0.4300000071525574,0.8354659,1
usgs_11523200,41.34375_-122.65625,41.34375,-122.65625,0.6475745836606438,0.6899999976158142,2.6018991,1
usgs_11525500,40.71875_-122.71875,40.71875,-122.71875,0.6365650753470002,0.42923077940940857,2.1870873,1
usgs_11525500,40.71875_-122.78125,40.71875,-122.78125,0.7402630724789749,0.4595857858657837,1.899304,1
usgs_11525500,40.71875_-122.84375,40.71875,-122.84375,0.90479523113753,0.46000000834465027,1.2751974,1
usgs_11525500,40.78125_-122.65625,40.78125,-122.65625,0.6375529497013359,0.34662720561027527,2.1693225,1
usgs_11525500,40.78125_-122.71875,40.78125,-122.71875,0.6325243968510748,0.4816568195819855,2.5256937,1
usgs_11525500,40.78125_-122.78125,40.78125,-122.78125,0.8279102933409745,0.5099999904632568,2.2995236,1
usgs_11525500,40.78125_-122.84375,40.78125,-122.84375,0.8971858449686174,0.6499999761581421,2.249527,1
usgs_11525500,40.84375_-122.65625,40.84375,-122.65625,0.6266541374351068,0.4375147819519043,2.534181,1
usgs_11525500,40.84375_-122.71875,40.84375,-122.71875,0.6697452059215401,0.7200000286102295,2.7962446,1
usgs_11525500,40.84375_-122.78125,40.84375,-122.78125,0.6350000917854209,0.0,0.26098192,1
usgs_11525500,40.84375_-122.84375,40.84375,-122.84375,0.7562876525449145,0.6000000238418579,1.4270471,1
usgs_11525500,40.84375_-122.90625,40.84375,-122.90625,0.8089518648078984,0.6499999761581421,2.6572857,1
usgs_11525500,40.84375_-122.96875,40.84375,-122.96875,0.5824763481628363,0.28999999165534973,0.47548914,1
usgs_11525500,40.90625_-122.59375,40.90625,-122.59375,0.5838934590376204,0.43988165259361267,2.3076706,1
usgs_11525500,40.90625_-122.65625,40.90625,-122.65625,0.7023373060860898,0.5014201402664185,2.2292855,1
usgs_11525500,40.90625_-122.71875,40.90625,-122.71875,0.6537718640209234,0.7699999809265137,2.4990542,1
usgs_11525500,40.90625_-122.78125,40.90625,-122.78125,0.835084002465667,0.5199999809265137,3.0062692,1
usgs_11525500,40.90625_-122.84375,40.90625,-122.84375,0.8201530438472787,0.6200000047683716,2.981823,1
usgs_11525500,40.90625_-122.90625,40.90625,-122.90625,0.6735032590962631,0.3799999952316284,0.55355984,1
usgs_11525500,40.90625_-122.96875,40.90625,-122.96875,0.6555982079989009,0.4399999976158142,1.6650852,1
usgs_11525500,40.90625_-123.03125,40.90625,-123.03125,0.6372420717371245,0.46000000834465027,1.8790065,1
usgs_11525500,40.96875_-122.53125,40.96875,-122.53125,0.6141092207667778,0.3752070963382721,2.420303,1
usgs_11525500,40.96875_-122.59375,40.96875,-122.59375,0.6442141863088464,0.49289941787719727,2.4784677,1
usgs_11525500,40.96875_-122.65625,40.96875,-122.65625,0.6330387601167067,0.0,1.998013,1
usgs_11525500,40.96875_-122.71875,40.96875,-122.71875,0.7100610396996909,0.25,1.7361591,1
usgs_11525500,40.96875_-122.78125,40.96875,-122.78125,0.6761505791217285,0.5099999904632568,1.5748588,1
usgs_11525500,40.96875_-122.84375,40.96875,-122.84375,0.6815246067751928,0.0,0.37381315,1
usgs_11525500,40.96875_-122.90625,40.96875,-122.90625,0.6553090398179954,0.4099999964237213,0.8840886,1
usgs_11525500,40.96875_-122.96875,40.96875,-122.96875,0.7402857673143665,0.5699999928474426,1.5589106,1
usgs_11525500,40.96875_-123.03125,40.96875,-123.03125,0.8256280886106349,0.2199999988079071,0.5168006,1
usgs_11525500,41.03125_-122.53125,41.03125,-122.53125,0.6572031802526377,0.25201183557510376,1.7604103,1
usgs_11525500,41.03125_-122.59375,41.03125,-122.59375,0.6254496059261612,0.4300000071525574,1.8638676,1
usgs_11525500,41.03125_-122.65625,41.03125,-122.65625,0.7121084754388232,0.7699999809265137,2.8272786,1
usgs_11525500,41.03125_-122.71875,41.03125,-122.71875,0.7542140472577399,0.7599999904632568,2.3230114,1
usgs_11525500,41.03125_-122.78125,41.03125,-122.78125,0.6455497331541984,0.4399999976158142,1.8894372,1
usgs_11525500,41.03125_-122.84375,41.03125,-122.84375,0.6800637889832541,0.49000000953674316,1.0049026,1
usgs_11525500,41.03125_-122.90625,41.03125,-122.90625,0.6801438043002956,0.25999999046325684,0.61914456,1
usgs_11525500,41.03125_-122.96875,41.03125,-122.96875,0.6170703960033984,0.0,0.33749944,1
usgs_11525500,41.03125_-123.03125,41.03125,-123.03125,0.582253482442956,0.5099999904632568,0.93015903,1
usgs_11525500,41.09375_-122.46875,41.09375,-122.46875,0.6516381637502335,0.4304733872413635,1.291792,1
usgs_11525500,41.09375_-122.53125,41.09375,-122.53125,0.5866630085486059,0.4108284115791321,1.3086616,1
usgs_11525500,41.09375_-122.59375,41.09375,-122.59375,0.5831109485981436,0.7400000095367432,2.8248491,1
usgs_11525500,41.09375_-122.65625,41.09375,-122.65625,0.5740160001506358,0.47999998927116394,1.6182618,1
usgs_11525500,41.09375_-122.71875,41.09375,-122.71875,0.7040243462565381,0.5899999737739563,2.081583,1
usgs_11525500,41.09375_-122.78125,41.09375,-122.78125,0.5853220154443597,0.4099999964237213,2.991686,1
usgs_11525500,41.09375_-122.84375,41.09375,-122.84375,0.6307597822807545,0.0,1.1503713,1
usgs_11525500,41.09375_-122.90625,41.09375,-122.90625,0.6092527143898105,0.3700000047683716,1.9931134,1
usgs_11525500,41.09375_-122.96875,41.09375,-122.96875,0.5697619456029309,0.44999998807907104,0.7935174,1
usgs_11525500,41.15625_-122.46875,41.15625,-122.46875,0.6740285930240408,0.4552662670612335,1.4162631,1
usgs_11525500,41.15625_-122.53125,41.15625,-122.53125,0.6288063508236088,0.41999998688697815,1.5380244,1
usgs_11525500,41.15625_-122.59375,41.15625,-122.59375,0.5975291642462477,0.4000000059604645,1.7733427,1
usgs_11525500,41.15625_-122.65625,41.15625,-122.65625,0.6175306972980437,0.5199999809265137,1.9120785,1
usgs_11525500,41.15625_-122.71875,41.15625,-122.71875,0.6903226612909094,0.5899999737739563,2.7598612,1
usgs_11525500,41.15625_-122.78125,41.15625,-122.78125,0.5884685945954516,0.4699999988079071,2.2235982,1
usgs_11525500,41.15625_-122.84375,41.15625,-122.84375,0.6063339057957483,0.36000001430511475,1.8326875,1
usgs_11525500,41.15625_-122.90625,41.15625,-122.90625,0.6288104845882254,0.4699999988079071,1.7182454,1
usgs_11525500,41.15625_-122.96875,41.15625,-122.96875,0.6010433296134872,0.5899999737739563,1.0290443,1
usgs_11525500,41.21875_-122.46875,41.21875,-122.46875,0.6814622907637587,0.42964497208595276,1.3716459,1
usgs_11525500,41.21875_-122.53125,41.21875,-122.53125,0.6296481678459349,0.39970412850379944,1.1308091,1
usgs_11525500,41.21875_-122.59375,41.21875,-122.59375,0.5706622024097303,0.47999998927116394,1.5645235,1
usgs_11525500,41.21875_-122.65625,41.21875,-122.65625,0.638375754522771,0.33000001311302185,1.7059343,1
usgs_11525500,41.21875_-122.71875,41.21875,-122.71875,0.600677235937356,0.5699999928474426,1.6449134,1
usgs_11525500,41.21875_-122.78125,41.21875,-122.78125,0.6723675634074493,0.0,0.29695868,1
usgs_11525500,41.21875_-122.84375,41.21875,-122.84375,0.6739050466923253,0.4099999964237213,1.4432039,1
usgs_11525500,41.21875_-122.90625,41.21875,-122.90625,0.6405930860899984,0.4300000071525574,1.526853,1
usgs_11525500,41.28125_-122.46875,41.28125,-122.46875,0.8379061382618207,0.3364497125148773,1.0123123,1
usgs_11525500,41.28125_-122.53125,41.28125,-122.53125,0.6197140294736856,0.37739646434783936,1.0933628,1
usgs_11525500,41.28125_-122.59375,41.28125,-122.59375,0.6059270739311087,0.36000001430511475,1.3191139,1
usgs_11525500,41.28125_-122.65625,41.28125,-122.65625,0.6253775585958132,0.4399999976158142,1.4937141,1
usgs_11525500,41.28125_-122.71875,41.28125,-122.71875,0.6274645483314015,0.5600000023841858,1.5604194,1
usgs_11525500,41.34375_-122.46875,41.34375,-122.46875,0.8955604292736676,0.2792307734489441,0.9060661,1
usgs_11525500,41.34375_-122.53125,41.34375,-122.53125,0.6902942753603163,0.5400000214576721,0.71550244,1
usgs_11525500,41.34375_-122.59375,41.34375,-122.59375,0.861877378308766,0.4300000071525574,0.8354659,1
usgs_11525500,41.34375_-122.65625,41.34375,-122.65625,0.6475745836606438,0.6899999976158142,2.6018991,1
cdec_BND,40.03125_-122.71875,40.03125,-122.71875,0.5502644273336956,0.6399999856948853,2.5414479,1
cdec_BND,40.03125_-122.78125,40.03125,-122.78125,0.6111062730999601,0.3457988202571869,1.5140699,1
cdec_BND,40.03125_-122.84375,40.03125,-122.84375,0.6881672390245365,0.25414201617240906,1.0486425,1
cdec_BND,40.03125_-122.90625,40.03125,-122.90625,0.5939207328714167,0.3254437744617462,1.2062802,1
cdec_BND,40.03125_-122.96875,40.03125,-122.96875,0.6551256739383493,0.2865680456161499,0.90060526,1
cdec_BND,40.09375_-122.65625,40.09375,-122.65625,0.8227244277460055,0.33041420578956604,1.0138248,1
cdec_BND,40.09375_-122.71875,40.09375,-122.71875,0.7436657007695474,0.35733726620674133,1.6018739,1
cdec_BND,40.09375_-122.78125,40.09375,-122.78125,0.6344052292133655,0.399822473526001,1.8989656,1
cdec_BND,40.09375_-122.84375,40.09375,-122.84375,0.6249873685161135,0.3775147795677185,1.5501158,1
cdec_BND,40.09375_-122.90625,40.09375,-122.90625,0.5995722366044292,0.3912425935268402,1.3428532,1
cdec_BND,40.09375_-122.96875,40.09375,-122.96875,0.6288585627982037,0.3562721908092499,1.093048,1
cdec_BND,40.15625_-122.53125,40.15625,-122.53125,0.7736206000611336,0.40739643573760986,0.9847348,1
cdec_BND,40.15625_-122.59375,40.15625,-122.59375,0.8845094819052848,0.40473371744155884,0.94810754,1
cdec_BND,40.15625_-122.65625,40.15625,-122.65625,1.0904401843870901,0.3409467339515686,0.8859642,1
cdec_BND,40.15625_-122.71875,40.15625,-122.71875,0.8901486386050795,0.2836686372756958,0.826462,1
cdec_BND,40.15625_-122.78125,40.15625,-122.78125,0.7555839137665357,0.33349111676216125,1.469092,1
cdec_BND,40.15625_-122.84375,40.15625,-122.84375,0.5909299493586287,0.36769232153892517,1.8558828,1
cdec_BND,40.15625_-122.90625,40.15625,-122.90625,0.5732739369204899,0.36538460850715637,1.6867572,1
cdec_BND,40.15625_-122.96875,40.15625,-122.96875,0.6051720184335512,0.345976322889328,1.3431572,1
cdec_BND,40.21875_-122.21875,40.21875,-122.21875,1.0670645889033952,0.33000001311302185,1.141077,1
cdec_BND,40.21875_-122.40625,40.21875,-122.40625,0.7520468772169075,0.0,0.77436584,1
cdec_BND,40.21875_-122.46875,40.21875,-122.46875,0.7993859511784107,0.4280473291873932,0.988044,1
cdec_BND,40.21875_-122.53125,40.21875,-122.53125,0.8460329262540356,0.4177514910697937,0.97439724,1
cdec_BND,40.21875_-122.59375,40.21875,-122.59375,0.8271678416722692,0.4037869870662689,0.92263687,1
cdec_BND,40.21875_-122.65625,40.21875,-122.65625,1.0294030367555242,0.37467455863952637,0.8023395,1
cdec_BND,40.21875_-122.71875,40.21875,-122.71875,1.0634670003091942,0.30313608050346375,0.7854826,1
cdec_BND,40.21875_-122.78125,40.21875,-122.78125,0.8446761700310241,0.28065088391304016,0.9029661,1
cdec_BND,40.21875_-122.84375,40.21875,-122.84375,0.7659477226166009,0.33213016390800476,1.5241014,1
cdec_BND,40.21875_-122.90625,40.21875,-122.90625,0.6576777818233515,0.33639052510261536,1.6641536,1
cdec_BND,40.21875_-122.96875,40.21875,-122.96875,0.5750171496230585,0.3879881799221039,1.8683318,1
cdec_BND,40.28125_-121.59375,40.28125,-121.59375,0.8061379714340104,0.44189348816871643,2.3171256,1
cdec_BND,40.28125_-122.09375,40.28125,-122.09375,0.7698659940874528,0.31917160749435425,0.845821,1
cdec_BND,40.28125_-122.15625,40.28125,-122.15625,0.7751648498237891,0.3577514886856079,0.8413935,1
cdec_BND,40.28125_-122.21875,40.28125,-122.21875,0.837544656963016,0.42680472135543823,0.9469508,1
cdec_BND,40.28125_-122.28125,40.28125,-122.28125,0.8597851754434108,0.3939644992351532,1.0387641,1
cdec_BND,40.28125_-122.34375,40.28125,-122.34375,0.8511412692949509,0.37390533089637756,1.0053377,1
cdec_BND,40.28125_-122.40625,40.28125,-122.40625,0.799714461615247,0.3897041380405426,1.0090412,1
cdec_BND,40.28125_-122.46875,40.28125,-122.46875,0.811025106180439,0.4270414113998413,1.0615233,1
cdec_BND,40.28125_-122.53125,40.28125,-122.53125,0.799529117251829,0.4218343198299408,0.9690997,1
cdec_BND,40.28125_-122.59375,40.28125,-122.59375,0.8253165759192868,0.38958579301834106,0.928267,1
cdec_BND,40.28125_-122.65625,40.28125,-122.65625,1.085232944335191,0.3971005976200104,0.74626476,1
cdec_BND,40.28125_-122.71875,40.28125,-122.71875,1.086649887323727,0.352544367313385,0.78086525,1
cdec_BND,40.28125_-122.78125,40.28125,-122.78125,1.0235461530193495,0.30041420459747314,0.83296126,1
cdec_BND,40.28125_-122.84375,40.28125,-122.84375,0.9172155030198383,0.3234911262989044,1.3133069,1
cdec_BND,40.28125_-122.90625,40.28125,-122.90625,0.7261183231989552,0.33331361413002014,1.5465139,1
cdec_BND,40.28125_-122.96875,40.28125,-122.96875,0.7101242860954375,0.31106507778167725,1.6045264,1
cdec_BND,40.28125_-123.03125,40.28125,-123.03125,0.6351160869141228,0.3614201247692108,1.807712,1
cdec_BND,40.28125_-123.09375,40.28125,-123.09375,0.6386466183917938,0.3506508767604828,2.1811967,1
cdec_BND,40.34375_-121.53125,40.34375,-121.53125,0.7910085792227244,0.4220118224620819,2.135786,1
cdec_BND,40.34375_-121.59375,40.34375,-121.59375,0.7288672095725482,0.4864497184753418,2.0766041,1
cdec_BND,40.34375_-121.65625,40.34375,-121.65625,0.6805135541041396,0.4963313639163971,2.0420055,1
cdec_BND,40.34375_-121.71875,40.34375,-121.71875,0.6644349921378991,0.48633137345314026,2.104982,1
cdec_BND,40.34375_-121.78125,40.34375,-121.78125,0.9928569911509966,0.3331952691078186,1.2173827,1
cdec_BND,40.34375_-121.84375,40.34375,-121.84375,1.198601082297317,0.31550297141075134,0.9858356,1
cdec_BND,40.34375_-121.90625,40.34375,-121.90625,1.113534300810951,0.36816567182540894,1.2602549,1
cdec_BND,40.34375_-121.96875,40.34375,-121.96875,1.02395450936628,0.4359763264656067,1.657368,1
cdec_BND,40.34375_-122.03125,40.34375,-122.03125,0.8383540067215289,0.37242603302001953,1.0300063,1
cdec_BND,40.34375_-122.09375,40.34375,-122.09375,0.7304779336862262,0.33171597123146057,0.6647011,1
cdec_BND,40.34375_-122.15625,40.34375,-122.15625,0.871864786199579,0.3746153712272644,1.025011,1
cdec_BND,40.34375_-122.21875,40.34375,-122.21875,0.9979675002365611,0.34976330399513245,1.1699532,1
cdec_BND,40.34375_-122.28125,40.34375,-122.28125,0.9201004232670041,0.4045562148094177,1.1056942,1
cdec_BND,40.34375_-122.34375,40.34375,-122.34375,0.9481342503418153,0.4000000059604645,1.2104232,1
cdec_BND,40.34375_-122.40625,40.34375,-122.40625,0.8874469442846374,0.40970414876937866,1.1869096,1
cdec_BND,40.34375_-122.46875,40.34375,-122.46875,0.8069893467580014,0.4071597754955292,1.0773666,1
cdec_BND,40.34375_-122.53125,40.34375,-122.53125,0.7506062827865305,0.424911230802536,1.0003452,1
cdec_BND,40.34375_-122.59375,40.34375,-122.59375,0.8375551391159934,0.3860355019569397,0.95132846,1
cdec_BND,40.34375_-122.65625,40.34375,-122.65625,1.0904005564722556,0.39213016629219055,0.83295494,1
cdec_BND,40.34375_-122.71875,40.34375,-122.71875,1.0064726160413096,0.37976330518722534,0.8112369,1
cdec_BND,40.34375_-122.78125,40.34375,-122.78125,0.8513221876786843,0.4034319519996643,0.79108083,1
cdec_BND,40.34375_-122.84375,40.34375,-122.84375,0.7590456017254785,0.3823668658733368,1.0276116,1
cdec_BND,40.34375_-122.90625,40.34375,-122.90625,0.8162436478481818,0.4082840383052826,1.5124542,1
cdec_BND,40.34375_-122.96875,40.34375,-122.96875,0.8488928766648602,0.40816569328308105,1.9828988,1
cdec_BND,40.34375_-123.03125,40.34375,-123.03125,0.6479058473158449,0.4072781205177307,2.4403543,1
cdec_BND,40.34375_-123.09375,40.34375,-123.09375,0.7384208693274809,0.32029587030410767,1.7108556,1
cdec_BND,40.40625_-121.53125,40.40625,-121.53125,0.8673030913873021,0.38769230246543884,1.250224,1
cdec_BND,40.40625_-121.59375,40.40625,-121.59375,0.7981758083895439,0.47491124272346497,1.6221937,1
cdec_BND,40.40625_-121.65625,40.40625,-121.65625,0.7290929604669117,0.4858579933643341,1.9788071,1
cdec_BND,40.40625_-121.71875,40.40625,-121.71875,0.6155416593784794,0.4831360876560211,2.0060408,1
cdec_BND,40.40625_-121.78125,40.40625,-121.78125,0.5923990442196131,0.3440236747264862,1.4740286,1
cdec_BND,40.40625_-121.84375,40.40625,-121.84375,1.0980566268685112,0.35029587149620056,1.2008117,1
cdec_BND,40.40625_-121.90625,40.40625,-121.90625,0.9448561194973715,0.36988165974617004,1.0511556,1
cdec_BND,40.40625_-121.96875,40.40625,-121.96875,0.8974948298329822,0.40023669600486755,1.18812,1
cdec_BND,40.40625_-122.03125,40.40625,-122.03125,0.7767868823344026,0.3363313674926758,0.81931573,1
cdec_BND,40.40625_-122.09375,40.40625,-122.09375,0.8144807786339603,0.3555029630661011,0.85712236,1
cdec_BND,40.40625_-122.15625,40.40625,-122.15625,0.8761037826734005,0.35420119762420654,1.0410333,1
cdec_BND,40.40625_-122.21875,40.40625,-122.21875,0.9116237144868451,0.40994083881378174,1.5307852,1
cdec_BND,40.40625_-122.28125,40.40625,-122.28125,1.0370011014821996,0.3451479375362396,1.226306,1
cdec_BND,40.40625_-122.34375,40.40625,-122.34375,0.8785419945505408,0.3901183307170868,1.1115685,1
cdec_BND,40.40625_-122.40625,40.40625,-122.40625,0.8344819772357487,0.39810651540756226,1.1118271,1
cdec_BND,40.40625_-122.46875,40.40625,-122.46875,0.8066349573374156,0.39810651540756226,1.1331892,1
cdec_BND,40.40625_-122.53125,40.40625,-122.53125,0.8575608804935524,0.406686395406723,1.1051108,1
cdec_BND,40.40625_-122.59375,40.40625,-122.59375,1.0505160485316243,0.39715975522994995,0.8916584,1
cdec_BND,40.40625_-122.65625,40.40625,-122.65625,1.081962363760062,0.373786985874176,0.79124904,1
cdec_BND,40.40625_-122.71875,40.40625,-122.71875,0.974211932768996,0.35420119762420654,0.9485379,1
cdec_BND,40.40625_-122.78125,40.40625,-122.78125,0.8795266707829392,0.3879881799221039,0.96965396,1
cdec_BND,40.40625_-122.84375,40.40625,-122.84375,0.7471445869522945,0.4602958559989929,1.5369304,1
cdec_BND,40.40625_-122.90625,40.40625,-122.90625,0.7376128939400933,0.47899407148361206,1.9724323,1
cdec_BND,40.40625_-122.96875,40.40625,-122.96875,0.647913428170119,0.46431952714920044,2.1677692,1
cdec_BND,40.40625_-123.03125,40.40625,-123.03125,0.6009988601940411,0.47260355949401855,2.5146024,1
cdec_BND,40.46875_-121.21875,40.46875,-121.21875,1.2597833142430628,0.3722485303878784,0.860824,1
cdec_BND,40.46875_-121.28125,40.46875,-121.28125,1.1874963061680943,0.35461539030075073,0.87463456,1
cdec_BND,40.46875_-121.34375,40.46875,-121.34375,1.1027720877747877,0.3552071154117584,0.95077056,1
cdec_BND,40.46875_-121.40625,40.46875,-121.40625,1.1120734409833424,0.3584023714065552,1.1099523,1
cdec_BND,40.46875_-121.46875,40.46875,-121.46875,1.1902158541456334,0.2819526493549347,0.6209389,1
cdec_BND,40.46875_-121.53125,40.46875,-121.53125,0.9846664054085814,0.2546153962612152,0.5261976,1
cdec_BND,40.46875_-121.59375,40.46875,-121.59375,0.7731618310093687,0.45982247591018677,1.5604703,1
cdec_BND,40.46875_-121.65625,40.46875,-121.65625,0.6383578933844385,0.4990532398223877,2.1363382,1
cdec_BND,40.46875_-121.71875,40.46875,-121.71875,0.7075723845216306,0.4411242604255676,1.9367594,1
cdec_BND,40.46875_-121.78125,40.46875,-121.78125,0.7085628319615652,0.3870414197444916,1.5963665,1
cdec_BND,40.46875_-121.84375,40.46875,-121.84375,0.8311125115920266,0.44804733991622925,2.0378227,1
cdec_BND,40.46875_-121.90625,40.46875,-121.90625,1.0685170136856992,0.42402365803718567,1.657892,1
cdec_BND,40.46875_-121.96875,40.46875,-121.96875,1.2038029551950378,0.4284023642539978,1.1655874,1
cdec_BND,40.46875_-122.03125,40.46875,-122.03125,1.0082960778236365,0.382781058549881,1.1019155,1
cdec_BND,40.46875_-122.09375,40.46875,-122.09375,0.7693580446492012,0.3542603552341461,0.95445544,1
cdec_BND,40.46875_-122.15625,40.46875,-122.15625,0.7898868161157291,0.34378698468208313,0.9405783,1
cdec_BND,40.46875_-122.21875,40.46875,-122.21875,0.9788210862902942,0.3453846275806427,1.1773053,1
cdec_BND,40.46875_-122.28125,40.46875,-122.28125,1.1164710342651438,0.27431952953338623,1.2405618,1
cdec_BND,40.46875_-122.34375,40.46875,-122.34375,1.125370870596338,0.3147929012775421,1.1738092,1
cdec_BND,40.46875_-122.40625,40.46875,-122.40625,0.9792186532504508,0.32556211948394775,1.15887,1
cdec_BND,40.46875_-122.46875,40.46875,-122.46875,0.9265846102839659,0.3363313674926758,1.0979292,1
cdec_BND,40.46875_-122.53125,40.46875,-122.53125,0.8922277633016444,0.34396448731422424,0.99357015,1
cdec_BND,40.46875_-122.59375,40.46875,-122.59375,0.9773260172168226,0.3592899441719055,1.1595842,1
cdec_BND,40.46875_-122.65625,40.46875,-122.65625,1.1274579802212807,0.3780473470687866,1.2301736,1
cdec_BND,40.46875_-122.71875,40.46875,-122.71875,0.9178677684572011,0.4411242604255676,1.9818971,1
cdec_BND,40.46875_-122.78125,40.46875,-122.78125,0.7046794366077245,0.44242602586746216,1.932545,1
cdec_BND,40.46875_-122.84375,40.46875,-122.84375,0.631233718691046,0.48443788290023804,2.1847222,1
cdec_BND,40.46875_-122.90625,40.46875,-122.90625,0.6563116869259648,0.48674556612968445,2.3725216,1
cdec_BND,40.53125_-121.15625,40.53125,-121.15625,1.150635826664857,0.3984023630619049,1.4142983,1
cdec_BND,40.53125_-121.21875,40.53125,-121.21875,1.227594081323191,0.37396448850631714,1.197092,1
cdec_BND,40.53125_-121.28125,40.53125,-121.28125,1.1868009929890935,0.29674556851387024,0.9456718,1
cdec_BND,40.53125_-121.34375,40.53125,-121.34375,1.4080563079494728,0.2757396399974823,0.76355445,1
cdec_BND,40.53125_-121.40625,40.53125,-121.40625,1.2797414398453346,0.2819526493549347,0.8470478,1
cdec_BND,40.53125_-121.46875,40.53125,-121.46875,1.0336045988611762,0.3378698229789734,1.1276582,1
cdec_BND,40.53125_-121.53125,40.53125,-121.53125,0.8586472385759882,0.3342011868953705,1.2017533,1
cdec_BND,40.53125_-121.59375,40.53125,-121.59375,0.7835462904400611,0.49449703097343445,2.1187177,1
cdec_BND,40.53125_-121.65625,40.53125,-121.65625,0.7114314162270644,0.4626627266407013,1.959233,1
cdec_BND,40.53125_-121.71875,40.53125,-121.71875,0.7217221935540938,0.42674556374549866,1.9070222,1
cdec_BND,40.53125_-121.78125,40.53125,-121.78125,0.7099393023768594,0.4344378709793091,2.03753,1
cdec_BND,40.53125_-121.84375,40.53125,-121.84375,0.6478515514099871,0.47999998927116394,2.5733917,1
cdec_BND,40.53125_-121.90625,40.53125,-121.90625,0.956305878624701,0.4963313639163971,2.203811,1
cdec_BND,40.53125_-121.96875,40.53125,-121.96875,1.1409625630830527,0.4266272187232971,1.4759755,1
cdec_BND,40.53125_-122.03125,40.53125,-122.03125,1.0928508514746156,0.40644970536231995,1.233224,1
cdec_BND,40.53125_-122.09375,40.53125,-122.09375,0.94288508002665,0.40390533208847046,1.0895046,1
cdec_BND,40.53125_-122.15625,40.53125,-122.15625,0.8456488315309422,0.3510059118270874,0.9295746,1
cdec_BND,40.53125_-122.21875,40.53125,-122.21875,0.9428006596614358,0.33236685395240784,1.0482814,1
cdec_BND,40.53125_-122.28125,40.53125,-122.28125,0.9127938508597462,0.3143787086009979,0.9971374,1
cdec_BND,40.53125_-122.34375,40.53125,-122.34375,1.0616244687661467,0.20094674825668335,1.1756196,1
cdec_BND,40.53125_-122.40625,40.53125,-122.40625,1.0713141415723957,0.25822484493255615,1.0608722,1
cdec_BND,40.53125_-122.46875,40.53125,-122.46875,1.0735381363374212,0.3333727717399597,1.192572,1
cdec_BND,40.53125_-122.53125,40.53125,-122.53125,1.1229724044327,0.33988165855407715,1.4104321,1
cdec_BND,40.53125_-122.59375,40.53125,-122.59375,0.997290019818588,0.35958579182624817,1.6120465,1
cdec_BND,40.53125_-122.65625,40.53125,-122.65625,0.8269590181303885,0.3628402352333069,1.4970247,1
cdec_BND,40.53125_-122.71875,40.53125,-122.71875,0.6581003295859615,0.4382248520851135,1.8370064,1
cdec_BND,40.53125_-122.78125,40.53125,-122.78125,0.6527980598603488,0.5167455673217773,2.2475579,1
cdec_BND,40.53125_-122.84375,40.53125,-122.84375,0.667016687932793,0.5828402638435364,2.7198322,1
cdec_BND,40.59375_-121.03125,40.59375,-121.03125,1.3769703505812094,0.39254438877105713,1.1455259,1
cdec_BND,40.59375_-121.09375,40.59375,-121.09375,1.395707031864747,0.3728402256965637,1.173837,1
cdec_BND,40.59375_-121.15625,40.59375,-121.15625,0.8941025985978543,0.4125443696975708,1.7142707,1
cdec_BND,40.59375_-121.21875,40.59375,-121.21875,0.9820618348536949,0.42017751932144165,1.6972333,1
cdec_BND,40.59375_-121.28125,40.59375,-121.28125,1.2269987035888978,0.3801775276660919,1.5153913,1
cdec_BND,40.59375_-121.34375,40.59375,-121.34375,1.234162191456309,0.3366864025592804,1.2520199,1
cdec_BND,40.59375_-121.40625,40.59375,-121.40625,0.841771648587687,0.3273964524269104,1.4945762,1
cdec_BND,40.59375_-121.46875,40.59375,-121.46875,0.8847490788587525,0.40526628494262695,1.8245646,1
cdec_BND,40.59375_-121.53125,40.59375,-121.53125,0.8212527894776909,0.4497041404247284,1.9589092,1
cdec_BND,40.59375_-121.59375,40.59375,-121.59375,0.8003966974585612,0.46272188425064087,2.0218413,1
cdec_BND,40.59375_-121.65625,40.59375,-121.65625,0.8224649439427538,0.502662718296051,2.0849364,1
cdec_BND,40.59375_-121.71875,40.59375,-121.71875,0.7246374972605656,0.5339053273200989,2.1150975,1
cdec_BND,40.59375_-121.78125,40.59375,-121.78125,0.7114832509770626,0.5350295901298523,2.7776449,1
cdec_BND,40.59375_-121.84375,40.59375,-121.84375,0.8915986168740317,0.49526625871658325,2.3736691,1
cdec_BND,40.59375_-121.90625,40.59375,-121.90625,1.2392326569696195,0.4294082820415497,1.6216018,1
cdec_BND,40.59375_-121.96875,40.59375,-121.96875,1.2086776117599956,0.4215976297855377,1.3640052,1
cdec_BND,40.59375_-122.03125,40.59375,-122.03125,1.030817103857179,0.44479289650917053,1.3044051,1
cdec_BND,40.59375_-122.09375,40.59375,-122.09375,0.9190579599234298,0.45757395029067993,1.1463357,1
cdec_BND,40.59375_-122.15625,40.59375,-122.15625,0.8940044963824617,0.41692307591438293,1.1129649,1
cdec_BND,40.59375_-122.21875,40.59375,-122.21875,1.0114825605385103,0.3655029535293579,1.1621569,1
cdec_BND,40.59375_-122.28125,40.59375,-122.28125,1.0519643098025335,0.3620710074901581,1.0763739,1
cdec_BND,40.59375_-122.34375,40.59375,-122.34375,0.9197772627399794,0.12420118600130081,0.94359326,1
cdec_BND,40.59375_-122.40625,40.59375,-122.40625,0.8834179524779017,0.11928994208574295,0.97593373,1
cdec_BND,40.59375_-122.46875,40.59375,-122.46875,1.1681357645030617,0.26017752289772034,1.2059276,1
cdec_BND,40.59375_-122.53125,40.59375,-122.53125,1.0429514054212592,0.3062721788883209,1.6928557,1
cdec_BND,40.59375_-122.59375,40.59375,-122.59375,0.7491442435093543,0.36680471897125244,2.169838,1
cdec_BND,40.59375_-122.65625,40.59375,-122.65625,0.5759376364362232,0.3682248592376709,1.68232,1
cdec_BND,40.59375_-122.71875,40.59375,-122.71875,0.611867290979808,0.4103550314903259,1.8765676,1
cdec_BND,40.65625_-121.03125,40.65625,-121.03125,1.3169997926582468,0.3835502862930298,1.0327111,1
cdec_BND,40.65625_-121.09375,40.65625,-121.09375,1.4409915596159584,0.3537278175354004,0.9820124,1
cdec_BND,40.65625_-121.15625,40.65625,-121.15625,1.4688663568722022,0.3307100534439087,1.0292385,1
cdec_BND,40.65625_-121.21875,40.65625,-121.21875,1.4205564367215855,0.3462130129337311,1.1560314,1
cdec_BND,40.65625_-121.28125,40.65625,-121.28125,1.280241570092989,0.34242603182792664,1.0772388,1
cdec_BND,40.65625_-121.34375,40.65625,-121.34375,1.3302152989663363,0.37431952357292175,1.3909935,1
cdec_BND,40.65625_-121.40625,40.65625,-121.40625,1.2681297850623865,0.3276331424713135,1.3148407,1
cdec_BND,40.65625_-121.46875,40.65625,-121.46875,1.0080459609779546,0.4003550410270691,1.443978,1
cdec_BND,40.65625_-121.53125,40.65625,-121.53125,1.1051557658065079,0.4148520827293396,1.483125,1
cdec_BND,40.65625_-121.59375,40.65625,-121.59375,0.9658968250568056,0.4514792859554291,1.648657,1
cdec_BND,40.65625_-121.65625,40.65625,-121.65625,0.7969004273572279,0.526627242565155,2.0313487,1
cdec_BND,40.65625_-121.71875,40.65625,-121.71875,0.7846392599644236,0.5139644742012024,2.3370464,1
cdec_BND,40.65625_-121.78125,40.65625,-121.78125,0.7753935316682201,0.5327810645103455,2.4835386,1
cdec_BND,40.65625_-121.84375,40.65625,-121.84375,0.811476046603349,0.4940236806869507,2.190116,1
cdec_BND,40.65625_-121.90625,40.65625,-121.90625,1.2594638794676976,0.46159762144088745,1.52152,1
cdec_BND,40.65625_-121.96875,40.65625,-121.96875,1.153810475983026,0.4557396471500397,1.2632631,1
cdec_BND,40.65625_-122.03125,40.65625,-122.03125,1.0779745189225234,0.43355029821395874,1.2531953,1
cdec_BND,40.65625_-122.09375,40.65625,-122.09375,0.9434484384340232,0.438106507062912,1.101544,1
cdec_BND,40.65625_-122.15625,40.65625,-122.15625,0.8852575652709618,0.4262721836566925,1.0070058,1
cdec_BND,40.65625_-122.21875,40.65625,-122.21875,0.9137265114010624,0.39307692646980286,1.07637,1
cdec_BND,40.65625_-122.28125,40.65625,-122.28125,1.0121118454013236,0.34047338366508484,1.141133,1
cdec_BND,40.65625_-122.34375,40.65625,-122.34375,1.064046178270195,0.2469230741262436,1.124734,1
cdec_BND,40.65625_-122.40625,40.65625,-122.40625,1.1686204733695367,0.3374556303024292,1.4046912,1
cdec_BND,40.65625_-122.46875,40.65625,-122.46875,1.064689549901051,0.3637278079986572,1.2472699,1
cdec_BND,40.65625_-122.53125,40.65625,-122.53125,0.6825374613822067,0.30100592970848083,1.4099731,1
cdec_BND,40.65625_-122.59375,40.65625,-122.59375,0.863157011341658,0.33698225021362305,1.7040442,1
cdec_BND,40.65625_-122.65625,40.65625,-122.65625,0.7667391655691308,0.3802366852760315,1.7531462,1
cdec_BND,40.65625_-122.71875,40.65625,-122.71875,0.7362988875226149,0.4175739586353302,2.145752,1
cdec_BND,40.65625_-122.78125,40.65625,-122.78125,0.8325941001365949,0.5176923274993896,2.2421634,1
cdec_BND,40.71875_-120.96875,40.71875,-120.96875,1.3648480233285794,0.3788165748119354,1.2693558,1
cdec_BND,40.71875_-121.03125,40.71875,-121.03125,1.366332058420248,0.3825443685054779,1.2657167,1
cdec_BND,40.71875_-121.09375,40.71875,-121.09375,1.2432409417362047,0.397396445274353,1.4394051,1
cdec_BND,40.71875_-121.15625,40.71875,-121.15625,1.351880598554356,0.3995266258716583,1.2437575,1
cdec_BND,40.71875_-121.21875,40.71875,-121.21875,1.3672316328404133,0.3168047368526459,0.98367107,1
cdec_BND,40.71875_-121.28125,40.71875,-121.28125,1.3686007661440172,0.3502366840839386,1.0088682,1
cdec_BND,40.71875_-121.34375,40.71875,-121.34375,1.3459052484789096,0.36384615302085876,1.1561669,1
cdec_BND,40.71875_-121.40625,40.71875,-121.40625,1.178249723156005,0.3664497137069702,1.0492808,1
cdec_BND,40.71875_-121.46875,40.71875,-121.46875,0.7719230480316853,0.42621302604675293,1.5024258,1
cdec_BND,40.71875_-121.53125,40.71875,-121.53125,0.9624549859432454,0.41224852204322815,1.4639162,1
cdec_BND,40.71875_-121.59375,40.71875,-121.59375,0.7983945481748831,0.40295857191085815,1.255612,1
cdec_BND,40.71875_-121.65625,40.71875,-121.65625,0.724608897410452,0.5381065011024475,2.2358406,1
cdec_BND,40.71875_-121.71875,40.71875,-121.71875,0.813601437077288,0.46792900562286377,1.8930831,1
cdec_BND,40.71875_-121.78125,40.71875,-121.78125,0.7419779332716103,0.5023077130317688,1.785408,1
cdec_BND,40.71875_-121.84375,40.71875,-121.84375,0.7132634576912991,0.5121893286705017,2.2578115,1
cdec_BND,40.71875_-121.90625,40.71875,-121.90625,0.809887298365936,0.5040236711502075,2.3522215,1
cdec_BND,40.71875_-121.96875,40.71875,-121.96875,1.2977209319399137,0.4876331388950348,2.0194273,1
cdec_BND,40.71875_-122.03125,40.71875,-122.03125,1.2637760725630258,0.44189348816871643,1.674104,1
cdec_BND,40.71875_-122.09375,40.71875,-122.09375,1.2697168309751907,0.45485207438468933,1.7311683,1
cdec_BND,40.71875_-122.15625,40.71875,-122.15625,1.1532469253417215,0.37994083762168884,1.3598913,1
cdec_BND,40.71875_-122.21875,40.71875,-122.21875,1.0519290888900246,0.31065088510513306,1.1600171,1
cdec_BND,40.71875_-122.28125,40.71875,-122.28125,1.1661977911873171,0.31609466671943665,1.6017718,1
cdec_BND,40.71875_-122.34375,40.71875,-122.34375,1.1943709083425187,0.3856213092803955,1.7181463,1
cdec_BND,40.71875_-122.40625,40.71875,-122.40625,1.07179846771987,0.3254437744617462,1.5941372,1
cdec_BND,40.71875_-122.46875,40.71875,-122.46875,0.8261975140723621,0.3914792835712433,1.4379524,1
cdec_BND,40.71875_-122.53125,40.71875,-122.53125,0.584921907101035,0.3767455518245697,1.6661022,1
cdec_BND,40.71875_-122.59375,40.71875,-122.59375,0.6494298506457208,0.3740236759185791,1.6502272,1
cdec_BND,40.71875_-122.65625,40.71875,-122.65625,0.6871497453069263,0.37550294399261475,1.4981363,1
cdec_BND,40.71875_-122.71875,40.71875,-122.71875,0.6365650753470002,0.42923077940940857,2.1870873,1
cdec_BND,40.71875_-122.78125,40.71875,-122.78125,0.7402630724789749,0.4595857858657837,1.899304,1
cdec_BND,40.78125_-120.90625,40.78125,-120.90625,1.299507532417179,0.3784615397453308,1.207558,1
cdec_BND,40.78125_-120.96875,40.78125,-120.96875,1.2489365539843096,0.3678106367588043,1.2000744,1
cdec_BND,40.78125_-121.03125,40.78125,-121.03125,1.278458906327219,0.36023667454719543,1.1205401,1
cdec_BND,40.78125_-121.09375,40.78125,-121.09375,1.2206293251317881,0.39313608407974243,1.3350272,1
cdec_BND,40.78125_-121.15625,40.78125,-121.15625,1.167392955940066,0.3904733657836914,1.3539305,1
cdec_BND,40.78125_-121.21875,40.78125,-121.21875,1.0769985104451272,0.40970414876937866,1.5236152,1
cdec_BND,40.78125_-121.28125,40.78125,-121.28125,1.2881448038901748,0.3765680491924286,1.1604621,1
cdec_BND,40.78125_-121.34375,40.78125,-121.34375,1.3801371017940491,0.3549112379550934,0.9317687,1
cdec_BND,40.78125_-121.40625,40.78125,-121.40625,1.382219729344643,0.3061538338661194,0.65968335,1
cdec_BND,40.78125_-121.46875,40.78125,-121.46875,1.1722411147617366,0.2800000011920929,0.7972886,1
cdec_BND,40.78125_-121.53125,40.78125,-121.53125,0.9108158382304522,0.3427218794822693,1.332593,1
cdec_BND,40.78125_-121.59375,40.78125,-121.59375,1.0440965075047552,0.36331361532211304,1.3720129,1
cdec_BND,40.78125_-121.65625,40.78125,-121.65625,0.8596733042255168,0.4821893572807312,2.135169,1
cdec_BND,40.78125_-121.71875,40.78125,-121.71875,0.6978673365748067,0.515562117099762,2.3705633,1
cdec_BND,40.78125_-121.78125,40.78125,-121.78125,0.7582982222860966,0.5751479268074036,2.3708332,1
cdec_BND,40.78125_-121.84375,40.78125,-121.84375,0.7159885026782764,0.5152071118354797,2.1920264,1
cdec_BND,40.78125_-121.90625,40.78125,-121.90625,0.8225498291123685,0.44840237498283386,1.8978167,1
cdec_BND,40.78125_-121.96875,40.78125,-121.96875,1.1837822574600252,0.44958579540252686,1.8980019,1
cdec_BND,40.78125_-122.03125,40.78125,-122.03125,1.2195757021287508,0.5257396697998047,2.6827292,1
cdec_BND,40.78125_-122.09375,40.78125,-122.09375,1.1995796178792921,0.5224260091781616,2.5464988,1
cdec_BND,40.78125_-122.15625,40.78125,-122.15625,1.1941854475716478,0.3883431851863861,2.0547018,1
cdec_BND,40.78125_-122.21875,40.78125,-122.21875,1.174292075987105,0.3279881775379181,1.817619,1
cdec_BND,40.78125_-122.28125,40.78125,-122.28125,0.9564730116631477,0.34396448731422424,1.813641,1
cdec_BND,40.78125_-122.34375,40.78125,-122.34375,1.1166476513280617,0.29420119524002075,1.7153546,1
cdec_BND,40.78125_-122.40625,40.78125,-122.40625,0.9249640166657043,0.21213017404079437,1.348731,1
cdec_BND,40.78125_-122.46875,40.78125,-122.46875,0.6695298424536349,0.4146745502948761,2.0808425,1
cdec_BND,40.78125_-122.53125,40.78125,-122.53125,0.6719440951539948,0.42331361770629883,2.2681193,1
cdec_BND,40.78125_-122.59375,40.78125,-122.59375,0.7629320463773317,0.41863906383514404,2.148946,1
cdec_BND,40.78125_-122.65625,40.78125,-122.65625,0.6375529497013359,0.34662720561027527,2.1693225,1
cdec_BND,40.78125_-122.71875,40.78125,-122.71875,0.6325243968510748,0.4816568195819855,2.5256937,1
cdec_BND,40.84375_-120.84375,40.84375,-120.84375,1.501684032049475,0.3368639051914215,0.87257576,1
cdec_BND,40.84375_-120.90625,40.84375,-120.90625,1.3816236008856024,0.36544379591941833,0.982036,1
cdec_BND,40.84375_-120.96875,40.84375,-120.96875,1.3346309925830564,0.3356804847717285,0.82394534,1
cdec_BND,40.84375_-121.03125,40.84375,-121.03125,1.3232616499635228,0.3188757300376892,0.6415657,1
cdec_BND,40.84375_-121.09375,40.84375,-121.09375,1.3882903964322368,0.3418934941291809,0.72135365,1
cdec_BND,40.84375_-121.15625,40.84375,-121.15625,1.2685416595505805,0.38538461923599243,1.2278392,1
cdec_BND,40.84375_-121.21875,40.84375,-121.21875,1.297147665382008,0.35887575149536133,1.0757858,1
cdec_BND,40.84375_-121.28125,40.84375,-121.28125,1.4768253572366974,0.32053253054618835,0.9871155,1
cdec_BND,40.84375_-121.34375,40.84375,-121.34375,1.348480927331587,0.32153844833374023,0.9645543,1
cdec_BND,40.84375_-121.40625,40.84375,-121.40625,1.341335259100418,0.30952662229537964,0.68655515,1
cdec_BND,40.84375_-121.46875,40.84375,-121.46875,1.3037767768211854,0.38999998569488525,0.687079,1
cdec_BND,40.84375_-121.53125,40.84375,-121.53125,1.3309939263532542,0.3784615397453308,0.9932582,1
cdec_BND,40.84375_-121.59375,40.84375,-121.59375,0.8939755010899288,0.4000000059604645,1.5631382,1
cdec_BND,40.84375_-121.65625,40.84375,-121.65625,0.7514224387475046,0.46355029940605164,2.0659227,1
cdec_BND,40.84375_-121.71875,40.84375,-121.71875,0.828241030292816,0.4936094582080841,2.1803472,1
cdec_BND,40.84375_-121.78125,40.84375,-121.78125,0.7484274941410414,0.44532543420791626,2.096655,1
cdec_BND,40.84375_-121.84375,40.84375,-121.84375,0.7157221914976799,0.46715977787971497,2.1103256,1
cdec_BND,40.84375_-121.90625,40.84375,-121.90625,0.8476262036443484,0.42810651659965515,1.8743039,1
cdec_BND,40.84375_-121.96875,40.84375,-121.96875,1.1794071574202674,0.5020710229873657,2.4008226,1
cdec_BND,40.84375_-122.03125,40.84375,-122.03125,1.1149115924138564,0.5766863822937012,3.127337,1
cdec_BND,40.84375_-122.09375,40.84375,-122.09375,1.0316461968531145,0.6105325222015381,3.170113,1
cdec_BND,40.84375_-122.15625,40.84375,-122.15625,1.1162297856164787,0.5988757610321045,3.214111,1
cdec_BND,40.84375_-122.21875,40.84375,-122.21875,1.0897659352647808,0.5583431720733643,2.72615,1
cdec_BND,40.84375_-122.28125,40.84375,-122.28125,1.1888594234084215,0.480236679315567,2.4393423,1
cdec_BND,40.84375_-122.34375,40.84375,-122.34375,1.1830381217106014,0.43508875370025635,2.1017182,1
cdec_BND,40.84375_-122.40625,40.84375,-122.40625,0.9676876589209645,0.32846152782440186,1.5671813,1
cdec_BND,40.84375_-122.46875,40.84375,-122.46875,1.0470184683983779,0.4645562171936035,2.2319267,1
cdec_BND,40.84375_-122.53125,40.84375,-122.53125,0.6513806396807973,0.386982262134552,2.0049474,1
cdec_BND,40.84375_-122.59375,40.84375,-122.59375,0.6810818546299668,0.3811834454536438,2.3036861,1
cdec_BND,40.84375_-122.65625,40.84375,-122.65625,0.6266541374351068,0.4375147819519043,2.534181,1
cdec_BND,40.90625_-120.78125,40.90625,-120.78125,1.4913927072473512,0.3700000047683716,0.560331,1
cdec_BND,40.90625_-120.84375,40.90625,-120.84375,1.4996421609554678,0.3039644956588745,0.4467781,1
cdec_BND,40.90625_-120.90625,40.90625,-120.90625,1.4307077175859026,0.28260356187820435,0.38256484,1
cdec_BND,40.90625_-120.96875,40.90625,-120.96875,1.3757988935214778,0.2718935012817383,0.37542787,1
cdec_BND,40.90625_-121.03125,40.90625,-121.03125,1.4549555983546176,0.27721893787384033,0.4900945,1
cdec_BND,40.90625_-121.09375,40.90625,-121.09375,1.4244048188042395,0.3382840156555176,0.6494645,1
cdec_BND,40.90625_-121.15625,40.90625,-121.15625,1.4769197977487565,0.32692307233810425,0.59286356,1
cdec_BND,40.90625_-121.21875,40.90625,-121.21875,1.446691074646978,0.3459171652793884,0.86589473,1
cdec_BND,40.90625_-121.28125,40.90625,-121.28125,1.3796866137728727,0.33816567063331604,0.6387712,1
cdec_BND,40.90625_-121.34375,40.90625,-121.34375,1.4527238289944497,0.34088757634162903,0.6801955,1
cdec_BND,40.90625_-121.40625,40.90625,-121.40625,1.434813943627744,0.3284023702144623,0.5741639,1
cdec_BND,40.90625_-121.46875,40.90625,-121.46875,1.3247318420063823,0.3284023702144623,0.589437,1
cdec_BND,40.90625_-121.53125,40.90625,-121.53125,1.341291784289301,0.3320710062980652,0.79023093,1
cdec_BND,40.90625_-121.59375,40.90625,-121.59375,1.2354821145639052,0.359112411737442,0.9870652,1
cdec_BND,40.90625_-121.65625,40.90625,-121.65625,1.293159810696608,0.3434911370277405,1.1508694,1
cdec_BND,40.90625_-121.71875,40.90625,-121.71875,0.9638851849647889,0.34976330399513245,1.6407601,1
cdec_BND,40.90625_-121.78125,40.90625,-121.78125,0.7643627539104905,0.4398224949836731,2.2730386,1
cdec_BND,40.90625_-121.84375,40.90625,-121.84375,0.6955216418353591,0.455443799495697,1.9718812,1
cdec_BND,40.90625_-121.90625,40.90625,-121.90625,0.9040764065298823,0.48053255677223206,2.5268123,1
cdec_BND,40.90625_-121.96875,40.90625,-121.96875,1.1134418499610366,0.5649704337120056,3.002355,1
cdec_BND,40.90625_-122.03125,40.90625,-122.03125,1.0083436747173087,0.6329585909843445,3.3293765,1
cdec_BND,40.90625_-122.09375,40.90625,-122.09375,1.0283048766152085,0.6138461828231812,3.3934884,1
cdec_BND,40.90625_-122.15625,40.90625,-122.15625,0.985124565531168,0.6071597337722778,3.5916278,1
cdec_BND,40.90625_-122.21875,40.90625,-122.21875,1.1283446442884375,0.48639053106307983,2.6386418,1
cdec_BND,40.90625_-122.28125,40.90625,-122.28125,1.0660103008725745,0.4359763264656067,2.7970583,1
cdec_BND,40.90625_-122.34375,40.90625,-122.34375,0.9357504265282268,0.3614201247692108,2.6232517,1
cdec_BND,40.90625_-122.40625,40.90625,-122.40625,1.211076620175261,0.4363313615322113,2.0649865,1
cdec_BND,40.90625_-122.46875,40.90625,-122.46875,0.8058512227781045,0.5299999713897705,2.4262807,1
cdec_BND,40.90625_-122.53125,40.90625,-122.53125,0.6419915617451666,0.4603550434112549,2.4255323,1
cdec_BND,40.90625_-122.59375,40.90625,-122.59375,0.5838934590376204,0.43988165259361267,2.3076706,1
cdec_BND,40.90625_-122.65625,40.90625,-122.65625,0.7023373060860898,0.5014201402664185,2.2292855,1
cdec_BND,40.96875_-120.59375,40.96875,-120.59375,1.5047847440168347,0.23396450281143188,0.38232496,1
cdec_BND,40.96875_-120.65625,40.96875,-120.65625,1.5335975114317228,0.2757396399974823,0.40772435,1
cdec_BND,40.96875_-120.71875,40.96875,-120.71875,1.5371844767122413,0.2955029606819153,0.5411822,1
cdec_BND,40.96875_-120.78125,40.96875,-120.78125,1.3868255494938109,0.3202366828918457,0.9469738,1
cdec_BND,40.96875_-120.84375,40.96875,-120.84375,1.461151994094672,0.32881656289100647,0.7966703,1
cdec_BND,40.96875_-120.90625,40.96875,-120.90625,1.502791287452582,0.21958580613136292,0.31817016,1
cdec_BND,40.96875_-120.96875,40.96875,-120.96875,1.4846076997790183,0.2687574028968811,0.5089203,1
cdec_BND,40.96875_-121.03125,40.96875,-121.03125,1.358429558933991,0.281715989112854,0.83800226,1
cdec_BND,40.96875_-121.09375,40.96875,-121.09375,1.207472851721866,0.32668638229370117,1.1586748,1
cdec_BND,40.96875_-121.15625,40.96875,-121.15625,1.4299711645719033,0.2818934917449951,0.52435255,1
cdec_BND,40.96875_-121.21875,40.96875,-121.21875,1.3898505031205173,0.2950887680053711,0.4766498,1
cdec_BND,40.96875_-121.28125,40.96875,-121.28125,1.44260036440713,0.3161538541316986,0.54195917,1
cdec_BND,40.96875_-121.34375,40.96875,-121.34375,1.289696911351467,0.33656805753707886,0.5736882,1
cdec_BND,40.96875_-121.40625,40.96875,-121.40625,1.3727924186621654,0.33757397532463074,0.6083383,1
cdec_BND,40.96875_-121.46875,40.96875,-121.46875,1.453621069713512,0.2892899513244629,0.6481146,1
cdec_BND,40.96875_-121.53125,40.96875,-121.53125,1.4536082596456845,0.30792897939682007,0.70368713,1
cdec_BND,40.96875_-121.59375,40.96875,-121.59375,1.1378630850847327,0.2774556279182434,0.8379558,1
cdec_BND,40.96875_-121.65625,40.96875,-121.65625,1.385330180177637,0.3263905346393585,1.4131774,1
cdec_BND,40.96875_-121.71875,40.96875,-121.71875,0.877918333506747,0.3127219080924988,1.8525612,1
cdec_BND,40.96875_-121.78125,40.96875,-121.78125,0.6680630705502814,0.39988166093826294,2.3891263,1
cdec_BND,40.96875_-121.84375,40.96875,-121.84375,0.7064607841836399,0.43952661752700806,2.3220904,1
cdec_BND,40.96875_-121.90625,40.96875,-121.90625,0.8351753467491891,0.42254438996315,2.3732007,1
cdec_BND,40.96875_-121.96875,40.96875,-121.96875,0.8634979040905696,0.4760355055332184,2.7154956,1
cdec_BND,40.96875_-122.03125,40.96875,-122.03125,1.0284597334559378,0.49041420221328735,2.9462256,1
cdec_BND,40.96875_-122.09375,40.96875,-122.09375,1.0658453894640756,0.4965088665485382,3.0641062,1
cdec_BND,40.96875_-122.15625,40.96875,-122.15625,1.0445841943706058,0.5751479268074036,3.2963238,1
cdec_BND,40.96875_-122.21875,40.96875,-122.21875,1.077149640867126,0.4666863977909088,2.7754784,1
cdec_BND,40.96875_-122.28125,40.96875,-122.28125,0.7346102836383643,0.36449703574180603,2.5054548,1
cdec_BND,40.96875_-122.34375,40.96875,-122.34375,0.7871115548685768,0.3478698134422302,2.6528952,1
cdec_BND,40.96875_-122.40625,40.96875,-122.40625,0.7969123305516568,0.32792899012565613,2.4620605,1
cdec_BND,40.96875_-122.46875,40.96875,-122.46875,0.713272474456876,0.2879289984703064,2.4629557,1
cdec_BND,40.96875_-122.53125,40.96875,-122.53125,0.6141092207667778,0.3752070963382721,2.420303,1
cdec_BND,40.96875_-122.59375,40.96875,-122.59375,0.6442141863088464,0.49289941787719727,2.4784677,1
cdec_BND,41.03125_-120.21875,41.03125,-120.21875,1.52416270740132,0.27585798501968384,0.33149147,1
cdec_BND,41.03125_-120.28125,41.03125,-120.28125,1.5256034907611031,0.28573963046073914,0.33252496,1
cdec_BND,41.03125_-120.34375,41.03125,-120.34375,1.5193452627209627,0.272426038980484,0.37015846,1
cdec_BND,41.03125_-120.40625,41.03125,-120.40625,1.490618038183709,0.2569822371006012,0.3431508,1
cdec_BND,41.03125_-120.59375,41.03125,-120.59375,1.4343391793685667,0.25360947847366333,0.38273862,1
cdec_BND,41.03125_-120.65625,41.03125,-120.65625,1.503506276710241,0.23680473864078522,0.44951952,1
cdec_BND,41.03125_-120.71875,41.03125,-120.71875,1.5038764487546328,0.27289941906929016,0.63728976,1
cdec_BND,41.03125_-120.78125,41.03125,-120.78125,1.481411381962785,0.29497042298316956,0.9263392,1
cdec_BND,41.03125_-120.84375,41.03125,-120.84375,1.5147794762776894,0.24757397174835205,0.75356203,1
cdec_BND,41.03125_-120.90625,41.03125,-120.90625,1.3903607975025905,0.2975739538669586,0.78256565,1
cdec_BND,41.03125_-120.96875,41.03125,-120.96875,1.3256095649257698,0.3061538338661194,0.86954504,1
cdec_BND,41.03125_-121.03125,41.03125,-121.03125,1.2569345265869174,0.3276331424713135,0.96966505,1
cdec_BND,41.03125_-121.09375,41.03125,-121.09375,1.3151544570525247,0.3043195307254791,0.98719597,1
cdec_BND,41.03125_-121.15625,41.03125,-121.15625,1.4962042513869998,0.31840237975120544,0.6231231,1
cdec_BND,41.03125_-121.21875,41.03125,-121.21875,1.4254059270223793,0.31934911012649536,0.94624835,1
cdec_BND,41.03125_-121.28125,41.03125,-121.28125,1.5064068867933451,0.3179289996623993,0.79288286,1
cdec_BND,41.03125_-121.34375,41.03125,-121.34375,1.467796591657423,0.33875739574432373,0.9552374,1
cdec_BND,41.03125_-121.40625,41.03125,-121.40625,1.3321155729429766,0.33017751574516296,0.97218364,1
cdec_BND,41.03125_-121.46875,41.03125,-121.46875,1.2532143730942429,0.343313604593277,0.91172624,1
cdec_BND,41.03125_-121.53125,41.03125,-121.53125,1.3856454222114682,0.3134319484233856,0.8884048,1
cdec_BND,41.03125_-121.59375,41.03125,-121.59375,1.3597670596820364,0.3422485291957855,1.0998187,1
cdec_BND,41.03125_-121.65625,41.03125,-121.65625,1.041087254588354,0.32946744561195374,1.4800252,1
cdec_BND,41.03125_-121.71875,41.03125,-121.71875,1.1318095100761272,0.4747928977012634,2.639578,1
cdec_BND,41.03125_-121.78125,41.03125,-121.78125,0.8881210840854659,0.5320709943771362,3.1697314,1
cdec_BND,41.03125_-121.84375,41.03125,-121.84375,0.9538629856553068,0.526627242565155,2.9186742,1
cdec_BND,41.03125_-121.90625,41.03125,-121.90625,1.1020590316777676,0.480295866727829,2.5703254,1
cdec_BND,41.03125_-121.96875,41.03125,-121.96875,0.9790274551375089,0.48538461327552795,2.7873912,1
cdec_BND,41.03125_-122.03125,41.03125,-122.03125,0.7104069593381174,0.3724852204322815,2.491546,1
cdec_BND,41.03125_-122.09375,41.03125,-122.09375,0.6457147611189997,0.33000001311302185,2.1424966,1
cdec_BND,41.03125_-122.15625,41.03125,-122.15625,0.8715677582052107,0.5462722182273865,2.9478264,1
cdec_BND,41.03125_-122.21875,41.03125,-122.21875,0.9887089269126952,0.4614792764186859,2.7281148,1
cdec_BND,41.03125_-122.28125,41.03125,-122.28125,0.6041101319342073,0.4457988142967224,2.5979178,1
cdec_BND,41.03125_-122.34375,41.03125,-122.34375,0.6902398295165988,0.4409467577934265,2.9077332,1
cdec_BND,41.03125_-122.40625,41.03125,-122.40625,0.8685570362520465,0.32946744561195374,2.112263,1
cdec_BND,41.03125_-122.46875,41.03125,-122.46875,0.7520656537767316,0.2597041428089142,1.7027065,1
cdec_BND,41.03125_-122.53125,41.03125,-122.53125,0.6572031802526377,0.25201183557510376,1.7604103,1
cdec_BND,41.09375_-120.15625,41.09375,-120.15625,1.3276039078975268,0.34029585123062134,0.4918768,1
cdec_BND,41.09375_-120.21875,41.09375,-120.21875,1.4374211590070742,0.35976332426071167,0.46803695,1
cdec_BND,41.09375_-120.28125,41.09375,-120.28125,1.5540784479250673,0.3095858097076416,0.4614834,1
cdec_BND,41.09375_-120.34375,41.09375,-120.34375,1.502910297423033,0.280177503824234,0.41786277,1
cdec_BND,41.09375_-120.40625,41.09375,-120.40625,1.4775157681670126,0.1998816579580307,0.2944353,1
cdec_BND,41.09375_-120.46875,41.09375,-120.46875,1.4995748156178537,0.25207099318504333,0.40008402,1
cdec_BND,41.09375_-120.53125,41.09375,-120.53125,1.511693824439901,0.26171597838401794,0.4102157,1
cdec_BND,41.09375_-120.59375,41.09375,-120.59375,1.4093778148106835,0.26751479506492615,0.42835373,1
cdec_BND,41.09375_-120.65625,41.09375,-120.65625,1.5214861825816532,0.31603550910949707,0.44581822,1
cdec_BND,41.09375_-120.71875,41.09375,-120.71875,1.45427473451571,0.3117159903049469,0.46547303,1
cdec_BND,41.09375_-120.78125,41.09375,-120.78125,1.5125727367184492,0.28644970059394836,0.77193815,1
cdec_BND,41.09375_-120.84375,41.09375,-120.84375,1.5199264294293742,0.29343196749687195,0.6693083,1
cdec_BND,41.09375_-120.90625,41.09375,-120.90625,1.501636220087732,0.3113609552383423,0.70043826,1
cdec_BND,41.09375_-120.96875,41.09375,-120.96875,1.4755038375933722,0.3351479172706604,0.81402445,1
cdec_BND,41.09375_-121.03125,41.09375,-121.03125,1.4565740645146015,0.31875738501548767,0.48114628,1
cdec_BND,41.09375_-121.09375,41.09375,-121.09375,1.3331671978156359,0.2937869727611542,0.75628895,1
cdec_BND,41.09375_-121.15625,41.09375,-121.15625,0.9664604837339805,0.41266271471977234,0.6492113,1
cdec_BND,41.09375_-121.21875,41.09375,-121.21875,1.45032948204374,0.34532544016838074,1.1757816,1
cdec_BND,41.09375_-121.28125,41.09375,-121.28125,1.5036694273169504,0.3405325412750244,0.79583406,1
cdec_BND,41.09375_-121.34375,41.09375,-121.34375,1.356161110073802,0.35650888085365295,0.9167551,1
cdec_BND,41.09375_-121.40625,41.09375,-121.40625,1.0224936213723879,0.4229585826396942,0.88736176,1
cdec_BND,41.09375_-121.46875,41.09375,-121.46875,1.1039521916984625,0.33331361413002014,1.0640252,1
cdec_BND,41.09375_-121.53125,41.09375,-121.53125,1.2975630531234348,0.40124261379241943,1.2370449,1
cdec_BND,41.09375_-121.59375,41.09375,-121.59375,1.000688149629616,0.448579877614975,2.0538137,1
cdec_BND,41.09375_-121.65625,41.09375,-121.65625,1.0121748945495876,0.4073372781276703,2.531743,1
cdec_BND,41.09375_-121.71875,41.09375,-121.71875,0.8419535119746422,0.4515976309776306,2.8725045,1
cdec_BND,41.09375_-121.78125,41.09375,-121.78125,0.7358733250953338,0.44692307710647583,2.130965,1
cdec_BND,41.09375_-121.84375,41.09375,-121.84375,0.8512041848650345,0.49721893668174744,2.5131786,1
cdec_BND,41.09375_-121.90625,41.09375,-121.90625,1.0741215401530746,0.612958550453186,3.3904889,1
cdec_BND,41.09375_-121.96875,41.09375,-121.96875,0.9369651579180073,0.6068639159202576,3.44338,1
cdec_BND,41.09375_-122.03125,41.09375,-122.03125,0.7339407542170278,0.49408283829689026,2.8428736,1
cdec_BND,41.09375_-122.09375,41.09375,-122.09375,0.6407538333187918,0.4769822359085083,2.6367023,1
cdec_BND,41.09375_-122.15625,41.09375,-122.15625,1.0240846059600583,0.6534911394119263,3.3204594,1
cdec_BND,41.09375_-122.21875,41.09375,-122.21875,0.8802219846196376,0.5979290008544922,3.2183852,1
cdec_BND,41.09375_-122.28125,41.09375,-122.28125,0.8974917843950779,0.6023668646812439,3.1026952,1
cdec_BND,41.09375_-122.34375,41.09375,-122.34375,0.934696758661517,0.5323668718338013,2.7806537,1
cdec_BND,41.09375_-122.40625,41.09375,-122.40625,0.7507031148608594,0.518224835395813,2.0786862,1
cdec_BND,41.09375_-122.46875,41.09375,-122.46875,0.6516381637502335,0.4304733872413635,1.291792,1
cdec_BND,41.09375_-122.53125,41.09375,-122.53125,0.5866630085486059,0.4108284115791321,1.3086616,1
cdec_BND,41.15625_-120.15625,41.15625,-120.15625,1.1895397044231526,0.3502366840839386,0.6960269,1
cdec_BND,41.15625_-120.21875,41.15625,-120.21875,1.1504682297139597,0.36384615302085876,0.6569636,1
cdec_BND,41.15625_-120.28125,41.15625,-120.28125,1.2163138151430917,0.3264496922492981,0.756703,1
cdec_BND,41.15625_-120.34375,41.15625,-120.34375,1.4623222363901278,0.28278106451034546,0.51165307,1
cdec_BND,41.15625_-120.40625,41.15625,-120.40625,1.42569927985584,0.23911242187023163,0.44854718,1
cdec_BND,41.15625_-120.46875,41.15625,-120.46875,1.560445926249632,0.24017751216888428,0.4631803,1
cdec_BND,41.15625_-120.53125,41.15625,-120.53125,1.4671367071793728,0.26905325055122375,0.5183261,1
cdec_BND,41.15625_-120.59375,41.15625,-120.59375,1.3967104715581402,0.30798816680908203,0.5064236,1
cdec_BND,41.15625_-120.65625,41.15625,-120.65625,1.459024823165402,0.3484615385532379,0.7058948,1
cdec_BND,41.15625_-120.71875,41.15625,-120.71875,1.4741556068301982,0.36467456817626953,0.7679328,1
cdec_BND,41.15625_-120.78125,41.15625,-120.78125,1.3326407176983452,0.373786985874176,1.1366242,1
cdec_BND,41.15625_-120.84375,41.15625,-120.84375,1.4817569184940318,0.3403550386428833,0.7824206,1
cdec_BND,41.15625_-120.90625,41.15625,-120.90625,1.4750422299123471,0.3210059106349945,0.41331986,1
cdec_BND,41.15625_-120.96875,41.15625,-120.96875,1.2389084714331133,0.3581656813621521,0.6501141,1
cdec_BND,41.15625_-121.03125,41.15625,-121.03125,1.0342967508499914,0.2983431816101074,0.66842854,1
cdec_BND,41.15625_-121.09375,41.15625,-121.09375,0.7657361304550521,0.39834320545196533,0.7216068,1
cdec_BND,41.15625_-121.15625,41.15625,-121.15625,0.9230131678563667,0.3949112296104431,0.6040062,1
cdec_BND,41.15625_-121.21875,41.15625,-121.21875,1.3926916128933016,0.39230769872665405,1.3224772,1
cdec_BND,41.15625_-121.28125,41.15625,-121.28125,0.7929949473451468,0.4028402268886566,1.7630812,1
cdec_BND,41.15625_-121.34375,41.15625,-121.34375,1.2661197931000436,0.3582248389720917,1.0679446,1
cdec_BND,41.15625_-121.40625,41.15625,-121.40625,1.008571862523981,0.2376331388950348,0.45696387,1
cdec_BND,41.15625_-121.46875,41.15625,-121.46875,1.1968062963082702,0.26792898774147034,0.5806862,1
cdec_BND,41.15625_-121.53125,41.15625,-121.53125,0.9993972146636858,0.32035502791404724,0.9067381,1
cdec_BND,41.15625_-121.59375,41.15625,-121.59375,0.7998563843734057,0.42905324697494507,2.3734307,1
cdec_BND,41.15625_-121.65625,41.15625,-121.65625,0.8506652526543161,0.43491125106811523,2.6861632,1
cdec_BND,41.15625_-121.71875,41.15625,-121.71875,0.85950364067904,0.43603551387786865,2.2862468,1
cdec_BND,41.15625_-121.78125,41.15625,-121.78125,0.74195472339995,0.4317159652709961,2.0591426,1
cdec_BND,41.15625_-121.84375,41.15625,-121.84375,0.9045055483491788,0.5210651159286499,2.5833232,1
cdec_BND,41.15625_-121.90625,41.15625,-121.90625,1.0336723598523139,0.5355029702186584,2.6005402,1
cdec_BND,41.15625_-121.96875,41.15625,-121.96875,0.7324689871169924,0.5113017559051514,2.4509296,1
cdec_BND,41.15625_-122.03125,41.15625,-122.03125,0.7681918207860491,0.5201775431632996,2.8682415,1
cdec_BND,41.15625_-122.09375,41.15625,-122.09375,0.7804452783863431,0.5121893286705017,2.8543007,1
cdec_BND,41.15625_-122.15625,41.15625,-122.15625,1.021267786067662,0.61834317445755,3.3217106,1
cdec_BND,41.15625_-122.21875,41.15625,-122.21875,0.905004757473189,0.6346745491027832,3.2609553,1
cdec_BND,41.15625_-122.28125,41.15625,-122.28125,1.0933207340390898,0.5994082689285278,3.0974607,1
cdec_BND,41.15625_-122.34375,41.15625,-122.34375,0.8308645232163439,0.502366840839386,2.2993917,1
cdec_BND,41.15625_-122.40625,41.15625,-122.40625,0.7211178974945985,0.5326627492904663,2.187921,1
cdec_BND,41.15625_-122.46875,41.15625,-122.46875,0.6740285930240408,0.4552662670612335,1.4162631,1
cdec_BND,41.21875_-120.15625,41.21875,-120.15625,1.2807969838898208,0.36792898178100586,0.60981077,1
cdec_BND,41.21875_-120.21875,41.21875,-120.21875,1.0973343280562813,0.34313610196113586,0.6851585,1
cdec_BND,41.21875_-120.28125,41.21875,-120.28125,1.5529187309315344,0.3604733645915985,0.71795887,1
cdec_BND,41.21875_-120.34375,41.21875,-120.34375,1.48862128078295,0.3401775062084198,0.6355528,1
cdec_BND,41.21875_-120.40625,41.21875,-120.40625,1.491371716247778,0.2331952601671219,0.3234424,1
cdec_BND,41.21875_-120.46875,41.21875,-120.46875,1.4558855810676719,0.32112425565719604,0.47829387,1
cdec_BND,41.21875_-120.53125,41.21875,-120.53125,1.4007476242529058,0.42502957582473755,0.8044779,1
cdec_BND,41.21875_-120.59375,41.21875,-120.59375,1.4664766880001858,0.29171597957611084,0.44327858,1
cdec_BND,41.21875_-120.65625,41.21875,-120.65625,1.3079912382744143,0.35088756680488586,0.9059168,1
cdec_BND,41.21875_-120.71875,41.21875,-120.71875,1.151742421486382,0.3708875775337219,1.2922225,1
cdec_BND,41.21875_-120.78125,41.21875,-120.78125,1.186562385098976,0.3856804668903351,1.2232841,1
cdec_BND,41.21875_-120.84375,41.21875,-120.84375,1.4743781330301613,0.3614201247692108,0.81741333,1
cdec_BND,41.21875_-120.90625,41.21875,-120.90625,1.486152729090092,0.39195266366004944,0.60832345,1
cdec_BND,41.21875_-120.96875,41.21875,-120.96875,1.5112769185111024,0.34958580136299133,0.63650507,1
cdec_BND,41.21875_-121.03125,41.21875,-121.03125,1.330732686234641,0.37899407744407654,0.5136788,1
cdec_BND,41.21875_-121.09375,41.21875,-121.09375,1.1285774664828692,0.3771597743034363,0.60471404,1
cdec_BND,41.21875_-121.15625,41.21875,-121.15625,1.4030808823145435,0.27852070331573486,0.6295059,1
cdec_BND,41.21875_-121.21875,41.21875,-121.21875,1.403110898173118,0.30443787574768066,1.0756605,1
cdec_BND,41.21875_-121.28125,41.21875,-121.28125,1.181367703770527,0.3550295829772949,1.9413745,1
cdec_BND,41.21875_-121.34375,41.21875,-121.34375,1.0697346965660932,0.33603549003601074,1.565263,1
cdec_BND,41.21875_-121.40625,41.21875,-121.40625,1.4600344959681495,0.36911243200302124,0.9038878,1
cdec_BND,41.21875_-121.46875,41.21875,-121.46875,1.1250159864911389,0.3237278163433075,1.1058152,1
cdec_BND,41.21875_-121.53125,41.21875,-121.53125,1.078360510372898,0.3085798919200897,0.60445166,1
cdec_BND,41.21875_-121.59375,41.21875,-121.59375,1.047560511338078,0.3452070951461792,1.3318911,1
cdec_BND,41.21875_-121.65625,41.21875,-121.65625,0.9339137950317258,0.410591721534729,2.046545,1
cdec_BND,41.21875_-121.71875,41.21875,-121.71875,1.0034837798214105,0.3837278187274933,1.9969524,1
cdec_BND,41.21875_-121.78125,41.21875,-121.78125,0.9563738737329951,0.5268639326095581,2.605804,1
cdec_BND,41.21875_-121.84375,41.21875,-121.84375,0.9018509276687314,0.4681065082550049,2.358339,1
cdec_BND,41.21875_-121.90625,41.21875,-121.90625,0.8689713636964372,0.47514793276786804,2.623739,1
cdec_BND,41.21875_-121.96875,41.21875,-121.96875,0.8864677430484422,0.45928993821144104,2.709245,1
cdec_BND,41.21875_-122.03125,41.21875,-122.03125,0.9458528029156921,0.43739643692970276,2.6814866,1
cdec_BND,41.21875_-122.09375,41.21875,-122.09375,0.9603673022585331,0.4326627254486084,2.3259726,1
cdec_BND,41.21875_-122.15625,41.21875,-122.15625,0.8947473435888731,0.4783431887626648,2.6240308,1
cdec_BND,41.21875_-122.21875,41.21875,-122.21875,0.7573994495277465,0.4800591766834259,2.7116613,1
cdec_BND,41.21875_-122.28125,41.21875,-122.28125,0.9353984580933119,0.48360946774482727,2.6067975,1
cdec_BND,41.21875_-122.34375,41.21875,-122.34375,0.6643795226869949,0.49816566705703735,1.9580178,1
cdec_BND,41.21875_-122.40625,41.21875,-122.40625,0.6112386398224038,0.47958579659461975,1.6121315,1
cdec_BND,41.21875_-122.46875,41.21875,-122.46875,0.6814622907637587,0.42964497208595276,1.3716459,1
cdec_BND,41.21875_-122.53125,41.21875,-122.53125,0.6296481678459349,0.39970412850379944,1.1308091,1
cdec_BND,41.28125_-120.15625,41.28125,-120.15625,1.3507876982322307,0.30834320187568665,0.6787024,1
cdec_BND,41.28125_-120.21875,41.28125,-120.21875,1.1343606124884351,0.3438461422920227,0.66456676,1
cdec_BND,41.28125_-120.28125,41.28125,-120.28125,1.3606583425159116,0.4111834466457367,1.2421477,1
cdec_BND,41.28125_-120.34375,41.28125,-120.34375,1.4666077710956889,0.3454437851905823,0.6757671,1
cdec_BND,41.28125_-120.40625,41.28125,-120.40625,1.2130322220121936,0.3680473268032074,0.30204588,1
cdec_BND,41.28125_-120.46875,41.28125,-120.46875,1.0727431354093886,0.3440236747264862,0.31208146,1
cdec_BND,41.28125_-120.53125,41.28125,-120.53125,0.9786419604596615,0.43278107047080994,1.0330907,1
cdec_BND,41.28125_-120.59375,41.28125,-120.59375,1.4703149699302356,0.31005915999412537,0.47231704,1
cdec_BND,41.28125_-120.65625,41.28125,-120.65625,1.4252717087817202,0.26094675064086914,0.34977484,1
cdec_BND,41.28125_-120.71875,41.28125,-120.71875,1.407166444586507,0.31573963165283203,0.9380526,1
cdec_BND,41.28125_-120.78125,41.28125,-120.78125,0.9639537216146203,0.36059170961380005,1.4738536,1
cdec_BND,41.28125_-120.84375,41.28125,-120.84375,1.3740556797571868,0.3742011785507202,1.0952239,1
cdec_BND,41.28125_-120.90625,41.28125,-120.90625,1.4263412809476472,0.3533135950565338,0.9692686,1
cdec_BND,41.28125_-120.96875,41.28125,-120.96875,1.4435240630383932,0.2817751467227936,1.0528831,1
cdec_BND,41.28125_-121.03125,41.28125,-121.03125,1.3063709055337238,0.27313610911369324,1.102858,1
cdec_BND,41.28125_-121.09375,41.28125,-121.09375,1.5042851564417101,0.3244970440864563,0.60523206,1
cdec_BND,41.28125_-121.15625,41.28125,-121.15625,1.4861273116684386,0.3304733633995056,0.5581289,1
cdec_BND,41.28125_-121.21875,41.28125,-121.21875,1.3166603481934835,0.30289942026138306,0.88467616,1
cdec_BND,41.28125_-121.28125,41.28125,-121.28125,1.4431266691446543,0.3035503029823303,0.9992452,1
cdec_BND,41.28125_-121.34375,41.28125,-121.34375,1.151673122396894,0.3742011785507202,1.7821358,1
cdec_BND,41.28125_-121.40625,41.28125,-121.40625,1.0801232260920925,0.3356804847717285,1.4519347,1
cdec_BND,41.28125_-121.46875,41.28125,-121.46875,1.0444504920825886,0.3728994131088257,1.5653908,1
cdec_BND,41.28125_-121.53125,41.28125,-121.53125,1.170615730315634,0.348698228597641,1.2123029,1
cdec_BND,41.28125_-121.59375,41.28125,-121.59375,1.2452768852931249,0.34686389565467834,1.0644879,1
cdec_BND,41.28125_-121.65625,41.28125,-121.65625,0.8712683193291348,0.42343196272850037,2.4078677,1
cdec_BND,41.28125_-121.71875,41.28125,-121.71875,0.9866815071429909,0.4286390542984009,2.2339404,1
cdec_BND,41.28125_-121.78125,41.28125,-121.78125,1.0082667440800417,0.45674556493759155,2.3153803,1
cdec_BND,41.28125_-121.84375,41.28125,-121.84375,1.0976772933608876,0.414497047662735,2.1543715,1
cdec_BND,41.28125_-121.90625,41.28125,-121.90625,1.0526898255592083,0.4804733693599701,2.451031,1
cdec_BND,41.28125_-121.96875,41.28125,-121.96875,1.1881005878798552,0.37177515029907227,1.4482188,1
cdec_BND,41.28125_-122.03125,41.28125,-122.03125,1.152562364752904,0.37100592255592346,1.6380792,1
cdec_BND,41.28125_-122.09375,41.28125,-122.09375,0.9965570774388307,0.44781064987182617,2.0340214,1
cdec_BND,41.28125_-122.15625,41.28125,-122.15625,0.9197290370975469,0.4197041392326355,2.2253525,1
cdec_BND,41.28125_-122.21875,41.28125,-122.21875,0.8530690604765607,0.44071006774902344,2.025674,1
cdec_BND,41.28125_-122.28125,41.28125,-122.28125,0.7908681691759478,0.3838461637496948,2.1407855,1
cdec_BND,41.28125_-122.34375,41.28125,-122.34375,0.7282706876902068,0.46100592613220215,2.27362,1
cdec_BND,41.28125_-122.40625,41.28125,-122.40625,0.8754228149716755,0.5097041130065918,2.0598931,1
cdec_BND,41.28125_-122.46875,41.28125,-122.46875,0.8379061382618207,0.3364497125148773,1.0123123,1
cdec_BND,41.28125_-122.53125,41.28125,-122.53125,0.6197140294736856,0.37739646434783936,1.0933628,1
cdec_BND,41.34375_-120.21875,41.34375,-120.21875,1.1509466123510776,0.30621302127838135,0.5542455,1
cdec_BND,41.34375_-120.28125,41.34375,-120.28125,1.0275312896836593,0.42810651659965515,1.2849572,1
cdec_BND,41.34375_-120.34375,41.34375,-120.34375,1.3944036994904447,0.356449693441391,0.77409804,1
cdec_BND,41.34375_-120.40625,41.34375,-120.40625,1.180850142766567,0.30017751455307007,0.30853418,1
cdec_BND,41.34375_-120.46875,41.34375,-120.46875,1.2500784877059763,0.2752071022987366,0.28717595,1
cdec_BND,41.34375_-120.53125,41.34375,-120.53125,1.274370410299254,0.19650886952877045,0.7698511,1
cdec_BND,41.34375_-120.59375,41.34375,-120.59375,1.4965769555443484,0.22165679931640625,0.45766178,1
cdec_BND,41.34375_-120.65625,41.34375,-120.65625,1.2975107702517303,0.2521893382072449,0.3803986,1
cdec_BND,41.34375_-120.71875,41.34375,-120.71875,1.3712850868816417,0.28165680170059204,0.64256334,1
cdec_BND,41.34375_-120.78125,41.34375,-120.78125,1.0781528574036445,0.37899407744407654,1.2931751,1
cdec_BND,41.34375_-120.84375,41.34375,-120.84375,1.1381781966373385,0.3680473268032074,1.2427151,1
cdec_BND,41.34375_-120.90625,41.34375,-120.90625,1.4975736787244283,0.3305325508117676,0.89632297,1
cdec_BND,41.34375_-120.96875,41.34375,-120.96875,1.391132237645706,0.325029581785202,1.0471945,1
cdec_BND,41.34375_-121.03125,41.34375,-121.03125,1.3823082525116748,0.3403550386428833,0.95869136,1
cdec_BND,41.34375_-121.09375,41.34375,-121.09375,1.5322230527478173,0.3082840144634247,0.6056292,1
cdec_BND,41.34375_-121.15625,41.34375,-121.15625,1.5006564552203183,0.32810652256011963,0.71441656,1
cdec_BND,41.34375_-121.21875,41.34375,-121.21875,0.9484345746187135,0.33544379472732544,1.2239139,1
cdec_BND,41.34375_-121.28125,41.34375,-121.28125,1.362484989788899,0.27875739336013794,0.6940401,1
cdec_BND,41.34375_-121.34375,41.34375,-121.34375,1.1187692998592063,0.3392307758331299,1.117864,1
cdec_BND,41.34375_-121.40625,41.34375,-121.40625,1.0494363521083216,0.33739644289016724,1.183157,1
cdec_BND,41.34375_-121.46875,41.34375,-121.46875,1.0912291678459836,0.31603550910949707,1.157974,1
cdec_BND,41.34375_-121.53125,41.34375,-121.53125,1.2449939922247832,0.3786390423774719,1.3129013,1
cdec_BND,41.34375_-121.59375,41.34375,-121.59375,1.2926872992604157,0.3476923108100891,1.0084534,1
cdec_BND,41.34375_-121.65625,41.34375,-121.65625,0.9158881571310852,0.424970418214798,2.1488569,1
cdec_BND,41.34375_-121.71875,41.34375,-121.71875,1.0034485301624574,0.41414201259613037,1.8127016,1
cdec_BND,41.34375_-121.78125,41.34375,-121.78125,0.9727507643207343,0.4253254532814026,2.0280285,1
cdec_BND,41.34375_-121.84375,41.34375,-121.84375,0.9999650743912992,0.5110650658607483,2.2640805,1
cdec_BND,41.34375_-121.90625,41.34375,-121.90625,1.0224634143149998,0.49071004986763,2.372047,1
cdec_BND,41.34375_-121.96875,41.34375,-121.96875,1.031002771232293,0.38183432817459106,1.7664591,1
cdec_BND,41.34375_-122.03125,41.34375,-122.03125,0.9763661238773129,0.434201180934906,2.0449827,1
cdec_BND,41.34375_-122.09375,41.34375,-122.09375,0.9387639523954852,0.45130178332328796,1.6667751,1
cdec_BND,41.34375_-122.15625,41.34375,-122.15625,0.9877823661804443,0.3978698253631592,1.2333779,1
cdec_BND,41.34375_-122.21875,41.34375,-122.21875,0.9723899385726742,0.34449705481529236,1.0422103,1
cdec_BND,41.34375_-122.28125,41.34375,-122.28125,0.780380742788964,0.41402366757392883,2.1182134,1
cdec_BND,41.34375_-122.34375,41.34375,-122.34375,0.6666316550911024,0.3147929012775421,1.5538762,1
cdec_BND,41.34375_-122.40625,41.34375,-122.40625,0.6830992662740871,0.4372780919075012,1.8869302,1
cdec_BND,41.34375_-122.46875,41.34375,-122.46875,0.8955604292736676,0.2792307734489441,0.9060661,1
cdec_BND,41.40625_-120.21875,41.40625,-120.21875,1.2599168389296915,0.27733728289604187,0.5441634,1
cdec_BND,41.40625_-120.28125,41.40625,-120.28125,1.165912120724812,0.38958579301834106,1.042735,1
cdec_BND,41.40625_-120.34375,41.40625,-120.34375,1.4008601916516201,0.3653254508972168,0.77762544,1
cdec_BND,41.40625_-120.40625,41.40625,-120.40625,1.2367249994198484,0.30988165736198425,0.31670934,1
cdec_BND,41.40625_-120.46875,41.40625,-120.46875,1.357887876251454,0.31159764528274536,0.4243632,1
cdec_BND,41.40625_-120.53125,41.40625,-120.53125,1.302805409444284,0.28952664136886597,0.5823742,1
cdec_BND,41.40625_-120.59375,41.40625,-120.59375,1.4870761872591656,0.1668047308921814,0.46278757,1
cdec_BND,41.40625_-120.65625,41.40625,-120.65625,1.431669008827647,0.2097633183002472,0.2971153,1
cdec_BND,41.40625_-120.71875,41.40625,-120.71875,1.087156420181275,0.3248520791530609,0.46485066,1
cdec_BND,41.40625_-120.78125,41.40625,-120.78125,1.4484605253751455,0.36467456817626953,0.6435119,1
cdec_BND,41.40625_-120.84375,41.40625,-120.84375,1.413968375351729,0.3554437756538391,0.86696285,1
cdec_BND,41.40625_-120.90625,41.40625,-120.90625,1.487165641232068,0.3655029535293579,0.7370952,1
cdec_BND,41.40625_-120.96875,41.40625,-120.96875,1.5040136475550416,0.2474556267261505,0.610241,1
cdec_BND,41.40625_-121.03125,41.40625,-121.03125,1.4963530276753465,0.23207101225852966,0.77091336,1
cdec_BND,41.40625_-121.09375,41.40625,-121.09375,1.546692057214289,0.280177503824234,0.92057276,1
cdec_BND,41.40625_-121.15625,41.40625,-121.15625,1.3223729058464808,0.33680474758148193,1.0452591,1
cdec_BND,41.40625_-121.21875,41.40625,-121.21875,1.111264126799842,0.31284022331237793,0.94890225,1
cdec_BND,41.40625_-121.28125,41.40625,-121.28125,1.1390083253633785,0.29869821667671204,0.803452,1
cdec_BND,41.40625_-121.34375,41.40625,-121.34375,1.390482885887168,0.31029585003852844,0.8416338,1
cdec_BND,41.40625_-121.40625,41.40625,-121.40625,1.4320861065610186,0.31372779607772827,0.9708075,1
cdec_BND,41.40625_-121.46875,41.40625,-121.46875,1.2703621890356398,0.35846152901649475,1.2564564,1
cdec_BND,41.40625_-121.53125,41.40625,-121.53125,1.32774036224603,0.3752070963382721,1.1948302,1
cdec_BND,41.40625_-121.59375,41.40625,-121.59375,1.2605637597526806,0.377692312002182,1.4070054,1
cdec_BND,41.40625_-121.65625,41.40625,-121.65625,1.2241709792070898,0.3559763431549072,1.442351,1
cdec_BND,41.40625_-121.71875,41.40625,-121.71875,1.1215987095630982,0.4001775085926056,1.6493847,1
cdec_BND,41.40625_-121.78125,41.40625,-121.78125,1.0715304256886782,0.3995858132839203,1.8889608,1
cdec_BND,41.40625_-121.84375,41.40625,-121.84375,0.9309799828240944,0.41112425923347473,1.5148482,1
cdec_BND,41.40625_-121.90625,41.40625,-121.90625,1.0427649232715743,0.39171597361564636,1.7877591,1
cdec_BND,41.40625_-121.96875,41.40625,-121.96875,0.994220355001746,0.4580473303794861,2.1309452,1
cdec_BND,41.40625_-122.03125,41.40625,-122.03125,0.9694186778064269,0.4363905191421509,1.6975337,1
cdec_BND,41.40625_-122.09375,41.40625,-122.09375,0.9699477723145067,0.4139053225517273,1.2238898,1
cdec_BND,41.40625_-122.15625,41.40625,-122.15625,1.285869252510934,0.10071005672216415,0.29970014,1
cdec_BND,41.40625_-122.21875,41.40625,-122.21875,0.9732784519106905,0.03343195095658302,0.19409122,1
cdec_BND,41.40625_-122.28125,41.40625,-122.28125,0.6395148022394682,0.3413017690181732,1.4129539,1
cdec_BND,41.40625_-122.34375,41.40625,-122.34375,0.7659650627403695,0.3390532433986664,1.3202317,1
cdec_BND,41.40625_-122.40625,41.40625,-122.40625,0.7703375918572587,0.36289942264556885,1.4307368,1
cdec_BND,41.46875_-120.21875,41.46875,-120.21875,1.4838818273392622,0.2523076832294464,0.61296934,1
cdec_BND,41.46875_-120.28125,41.46875,-120.28125,1.5086958663175443,0.28804734349250793,0.8188899,1
cdec_BND,41.46875_-120.34375,41.46875,-120.34375,1.5221183359585126,0.2995857894420624,0.5869735,1
cdec_BND,41.46875_-120.40625,41.46875,-120.40625,1.4524280725645826,0.3549112379550934,0.4368725,1
cdec_BND,41.46875_-120.46875,41.46875,-120.46875,1.376677808861789,0.3765680491924286,0.6541899,1
cdec_BND,41.46875_-120.53125,41.46875,-120.53125,1.2640990865434976,0.3419526517391205,0.7137108,1
cdec_BND,41.46875_-120.59375,41.46875,-120.59375,1.4936908184055755,0.24674555659294128,0.41013098,1
cdec_BND,41.46875_-120.65625,41.46875,-120.65625,1.4553806554818838,0.2824852168560028,0.38739365,1
cdec_BND,41.46875_-120.71875,41.46875,-120.71875,1.4188181746171498,0.3214201331138611,0.5246536,1
cdec_BND,41.46875_-120.78125,41.46875,-120.78125,1.3604955354013173,0.34242603182792664,0.6108721,1
cdec_BND,41.46875_-120.84375,41.46875,-120.84375,1.5121760364991474,0.3369230628013611,0.4934571,1
cdec_BND,41.46875_-120.90625,41.46875,-120.90625,1.519325495254942,0.3078698217868805,0.46557388,1
cdec_BND,41.46875_-120.96875,41.46875,-120.96875,1.5181788017903084,0.2706508934497833,0.68481344,1
cdec_BND,41.46875_-121.03125,41.46875,-121.03125,1.4669948669508217,0.24502958357334137,0.73347145,1
cdec_BND,41.46875_-121.09375,41.46875,-121.09375,1.3657564400453386,0.30218935012817383,0.98248017,1
cdec_BND,41.46875_-121.15625,41.46875,-121.15625,1.291610891450591,0.3270414173603058,0.9206411,1
cdec_BND,41.46875_-121.21875,41.46875,-121.21875,1.1458482360724833,0.3154437839984894,0.7090881,1
cdec_BND,41.46875_-121.28125,41.46875,-121.28125,1.2331590767896312,0.3700000047683716,1.0430691,1
cdec_BND,41.46875_-121.34375,41.46875,-121.34375,1.3332049458518718,0.33307692408561707,0.80784625,1
cdec_BND,41.46875_-121.40625,41.46875,-121.40625,1.0953847860627755,0.36000001430511475,0.8008471,1
cdec_BND,41.46875_-121.46875,41.46875,-121.46875,1.0774545361573917,0.38147929310798645,1.8944397,1
cdec_BND,41.46875_-121.53125,41.46875,-121.53125,1.3891505921809277,0.18124260008335114,1.0621034,1
cdec_BND,41.46875_-121.59375,41.46875,-121.59375,1.334301358646196,0.33159762620925903,1.2759509,1
cdec_BND,41.46875_-121.65625,41.46875,-121.65625,1.3473020498609043,0.29828402400016785,1.1175455,1
cdec_BND,41.46875_-121.71875,41.46875,-121.71875,1.1545479728727028,0.35846152901649475,1.4801626,1
cdec_BND,41.46875_-121.78125,41.46875,-121.78125,0.9547396512149648,0.40840235352516174,1.9529657,1
cdec_BND,41.46875_-121.84375,41.46875,-121.84375,0.9897768678089454,0.39153847098350525,1.6835814,1
cdec_BND,41.46875_-121.90625,41.46875,-121.90625,0.9097836310677485,0.3353254497051239,1.6563197,1
cdec_BND,41.46875_-121.96875,41.46875,-121.96875,0.8180849275816161,0.39266273379325867,1.3746107,1
cdec_BND,41.46875_-122.03125,41.46875,-122.03125,0.7979632785106687,0.39834320545196533,1.2602075,1
cdec_BND,41.46875_-122.09375,41.46875,-122.09375,1.036167635579896,0.40355029702186584,1.3128881,1
cdec_BND,41.53125_-120.28125,41.53125,-120.28125,1.1076249904146778,0.3504733741283417,0.83732057,1
cdec_BND,41.53125_-120.34375,41.53125,-120.34375,1.5630933885944978,0.3376923203468323,0.60940844,1
cdec_BND,41.53125_-120.40625,41.53125,-120.40625,1.496300792270827,0.32378697395324707,0.4679352,1
cdec_BND,41.53125_-120.46875,41.53125,-120.46875,1.5045886903193948,0.3020710051059723,0.5023332,1
cdec_BND,41.53125_-120.53125,41.53125,-120.53125,1.4937428156832095,0.2718935012817383,0.5101088,1
cdec_BND,41.53125_-120.59375,41.53125,-120.59375,1.4736165602794693,0.28804734349250793,0.39887884,1
cdec_BND,41.53125_-120.65625,41.53125,-120.65625,1.351486784923964,0.23532544076442719,0.27043223,1
cdec_BND,41.53125_-120.71875,41.53125,-120.71875,1.4277405983004434,0.24147929251194,0.30805078,1
cdec_BND,41.53125_-120.78125,41.53125,-120.78125,1.4453468957837827,0.24946746230125427,0.3561387,1
cdec_BND,41.53125_-120.84375,41.53125,-120.84375,1.4356247606656853,0.22893491387367249,0.29609898,1
cdec_BND,41.53125_-120.90625,41.53125,-120.90625,1.4865965732528528,0.2790532410144806,0.41469577,1
cdec_BND,41.53125_-120.96875,41.53125,-120.96875,1.4435467424006931,0.26497042179107666,0.5760255,1
cdec_BND,41.53125_-121.03125,41.53125,-121.03125,1.370908860354454,0.2739644944667816,0.56476307,1
cdec_BND,41.53125_-121.09375,41.53125,-121.09375,1.360205714561602,0.2846745550632477,0.59348345,1
cdec_BND,41.53125_-121.15625,41.53125,-121.15625,1.4216214245435719,0.28999999165534973,0.743394,1
cdec_BND,41.53125_-121.21875,41.53125,-121.21875,1.4415087578134398,0.38999998569488525,0.39729986,1
cdec_BND,41.53125_-121.28125,41.53125,-121.28125,1.4072065574688162,0.30000001192092896,0.35014784,1
cdec_BND,41.53125_-121.34375,41.53125,-121.34375,1.1588612577639685,0.23999999463558197,0.5620336,1
cdec_BND,41.53125_-121.40625,41.53125,-121.40625,0.8703200073026804,0.3799999952316284,2.1260839,1
cdec_BND,41.53125_-121.46875,41.53125,-121.46875,0.8840984543423107,0.48213016986846924,2.353875,1
cdec_BND,41.53125_-121.53125,41.53125,-121.53125,1.1117493171004007,0.37609466910362244,1.5295564,1
cdec_BND,41.53125_-121.59375,41.53125,-121.59375,0.9346157574737257,0.44165679812431335,1.5216788,1
cdec_BND,41.53125_-121.65625,41.53125,-121.65625,1.0607628892791092,0.3786982297897339,1.2399781,1
cdec_BND,41.53125_-121.71875,41.53125,-121.71875,0.9750103695732777,0.3711834251880646,1.5143465,1
cdec_BND,41.53125_-121.78125,41.53125,-121.78125,0.8701901874753315,0.43485206365585327,1.7205534,1
cdec_BND,41.53125_-121.84375,41.53125,-121.84375,1.0422366489025054,0.34840238094329834,1.7883705,1
cdec_BND,41.53125_-121.90625,41.53125,-121.90625,0.9483207718415113,0.30289942026138306,2.021268,1
cdec_BND,41.59375_-120.28125,41.59375,-120.28125,1.3152444077134808,0.33887574076652527,0.74208784,1
cdec_BND,41.59375_-120.34375,41.59375,-120.34375,1.544436616794478,0.36017751693725586,0.7421107,1
cdec_BND,41.59375_-120.40625,41.59375,-120.40625,1.5167457319369977,0.343609482049942,0.4763398,1
cdec_BND,41.59375_-120.46875,41.59375,-120.46875,1.2726093213892082,0.2761538326740265,0.32335162,1
cdec_BND,41.59375_-120.53125,41.59375,-120.53125,1.2547018637532066,0.22964496910572052,0.25391656,1
cdec_BND,41.59375_-120.59375,41.59375,-120.59375,1.2481786952626202,0.25147929787635803,0.25878665,1
cdec_BND,41.59375_-120.65625,41.59375,-120.65625,1.2526766150493904,0.18745562434196472,0.22945513,1
cdec_BND,41.59375_-120.71875,41.59375,-120.71875,1.294038075745402,0.236863911151886,0.25537017,1
cdec_BND,41.59375_-120.78125,41.59375,-120.78125,1.3981426558144774,0.25319525599479675,0.2960091,1
cdec_BND,41.59375_-120.84375,41.59375,-120.84375,1.441921233729113,0.2161538451910019,0.2871569,1
cdec_BND,41.59375_-120.90625,41.59375,-120.90625,1.406561140278261,0.41999998688697815,0.5284117,1
cdec_BND,41.59375_-120.96875,41.59375,-120.96875,1.175820815127546,0.34236687421798706,1.0729499,1
cdec_BND,41.59375_-121.03125,41.59375,-121.03125,1.1402551611653322,0.3163313567638397,0.93448865,1
cdec_BND,41.59375_-121.28125,41.59375,-121.28125,1.2613770435226055,0.25,0.33143932,1
cdec_BND,41.59375_-121.34375,41.59375,-121.34375,1.1057312291838557,0.3499999940395355,0.5562577,1
cdec_BND,41.59375_-121.40625,41.59375,-121.40625,0.9245153762133818,0.3499999940395355,1.5329064,1
cdec_BND,41.59375_-121.46875,41.59375,-121.46875,1.1264008623998643,0.4300000071525574,1.0106794,1
cdec_BND,41.59375_-121.53125,41.59375,-121.53125,1.0623658652284145,0.3076923191547394,0.8463864,1
cdec_BND,41.59375_-121.59375,41.59375,-121.59375,1.0125019632957826,0.3494674563407898,1.013287,1
cdec_BND,41.59375_-121.65625,41.59375,-121.65625,1.0601756857565854,0.31431952118873596,1.2640371,1
cdec_BND,41.59375_-121.71875,41.59375,-121.71875,1.1185050989472498,0.2897041440010071,1.8683828,1
cdec_BND,41.65625_-120.28125,41.65625,-120.28125,1.2188590810294926,0.3598816692829132,0.83866364,1
cdec_BND,41.65625_-120.34375,41.65625,-120.34375,1.4762486339743406,0.36816567182540894,0.8532213,1
cdec_BND,41.65625_-120.40625,41.65625,-120.40625,1.48806872432958,0.35751479864120483,0.5870151,1
cdec_BND,41.65625_-120.46875,41.65625,-120.46875,1.2940026963633016,0.2507692277431488,0.3038564,1
cdec_BND,41.65625_-120.53125,41.65625,-120.53125,1.263947494623399,0.20923076570034027,0.25073883,1
cdec_BND,41.65625_-120.59375,41.65625,-120.59375,0.9890771207980544,0.20674556493759155,0.20578942,1
cdec_BND,41.65625_-120.65625,41.65625,-120.65625,1.1310171975696777,0.21431952714920044,0.23414728,1
cdec_BND,41.65625_-120.71875,41.65625,-120.71875,1.309479667933492,0.2547928988933563,0.2850482,1
cdec_BND,41.65625_-120.78125,41.65625,-120.78125,1.2884287620437767,0.24597632884979248,0.29155815,1
cdec_BND,41.65625_-120.84375,41.65625,-120.84375,1.297372075634327,0.23769231140613556,0.26826882,1
cdec_BND,41.65625_-121.28125,41.65625,-121.28125,1.337173583761913,0.0,0.31147882,1
cdec_BND,41.71875_-120.28125,41.71875,-120.28125,0.9105110928138302,0.4469822347164154,1.2958511,1
cdec_BND,41.71875_-120.34375,41.71875,-120.34375,1.496010322714545,0.3748520612716675,0.85183114,1
cdec_BND,41.71875_-120.40625,41.71875,-120.40625,1.0223536713063384,0.3857988119125366,0.57820565,1
cdec_BND,41.71875_-120.46875,41.71875,-120.46875,0.9080107754740503,0.29633137583732605,0.37106743,1
cdec_BND,41.71875_-120.53125,41.71875,-120.53125,1.335033144757107,0.30000001192092896,0.3349935,1
cdec_BND,41.71875_-120.59375,41.71875,-120.59375,1.2497155764643924,0.2350887507200241,0.27444625,1
cdec_BND,41.71875_-120.65625,41.71875,-120.65625,1.206418799930931,0.20041419565677643,0.21970609,1
cdec_BND,41.71875_-120.71875,41.71875,-120.71875,1.3903950199199069,0.25088757276535034,0.42809418,1
cdec_BND,41.71875_-120.78125,41.71875,-120.78125,1.3099375493832115,0.23461538553237915,0.30869186,1
cdec_BND,41.78125_-120.53125,41.78125,-120.53125,1.4432863275537224,0.5199999809265137,0.3268896,1
cdec_BND,41.78125_-120.59375,41.78125,-120.59375,1.258515547741839,0.2411242574453354,0.27956566,1
cdec_BND,41.78125_-120.65625,41.78125,-120.65625,1.205766087160277,0.21621301770210266,0.23775719,1
cdec_BND,41.78125_-120.71875,41.78125,-120.71875,1.2841398925458978,0.3400000035762787,0.25192794,1
cdec_BND,41.84375_-120.53125,41.84375,-120.53125,1.3897830324523153,0.3499999940395355,0.8317802,1
cdec_BND,41.84375_-120.59375,41.84375,-120.59375,1.4411777735430764,0.15000000596046448,0.3570909,1
cdec_CLE,40.78125_-122.65625,40.78125,-122.65625,0.6375529497013359,0.34662720561027527,2.1693225,1
cdec_CLE,40.78125_-122.71875,40.78125,-122.71875,0.6325243968510748,0.4816568195819855,2.5256937,1
cdec_CLE,40.78125_-122.78125,40.78125,-122.78125,0.8279102933409745,0.5099999904632568,2.2995236,1
cdec_CLE,40.78125_-122.84375,40.78125,-122.84375,0.8971858449686174,0.6499999761581421,2.249527,1
cdec_CLE,40.84375_-122.65625,40.84375,-122.65625,0.6266541374351068,0.4375147819519043,2.534181,1
cdec_CLE,40.84375_-122.71875,40.84375,-122.71875,0.6697452059215401,0.7200000286102295,2.7962446,1
cdec_CLE,40.84375_-122.78125,40.84375,-122.78125,0.6350000917854209,0.0,0.26098192,1
cdec_CLE,40.84375_-122.84375,40.84375,-122.84375,0.7562876525449145,0.6000000238418579,1.4270471,1
cdec_CLE,40.84375_-122.90625,40.84375,-122.90625,0.8089518648078984,0.6499999761581421,2.6572857,1
cdec_CLE,40.84375_-122.96875,40.84375,-122.96875,0.5824763481628363,0.28999999165534973,0.47548914,1
cdec_CLE,40.90625_-122.59375,40.90625,-122.59375,0.5838934590376204,0.43988165259361267,2.3076706,1
cdec_CLE,40.90625_-122.65625,40.90625,-122.65625,0.7023373060860898,0.5014201402664185,2.2292855,1
cdec_CLE,40.90625_-122.71875,40.90625,-122.71875,0.6537718640209234,0.7699999809265137,2.4990542,1
cdec_CLE,40.90625_-122.78125,40.90625,-122.78125,0.835084002465667,0.5199999809265137,3.0062692,1
cdec_CLE,40.90625_-122.84375,40.90625,-122.84375,0.8201530438472787,0.6200000047683716,2.981823,1
cdec_CLE,40.90625_-122.90625,40.90625,-122.90625,0.6735032590962631,0.3799999952316284,0.55355984,1
cdec_CLE,40.90625_-122.96875,40.90625,-122.96875,0.6555982079989009,0.4399999976158142,1.6650852,1
cdec_CLE,40.90625_-123.03125,40.90625,-123.03125,0.6372420717371245,0.46000000834465027,1.8790065,1
cdec_CLE,40.96875_-122.53125,40.96875,-122.53125,0.6141092207667778,0.3752070963382721,2.420303,1
cdec_CLE,40.96875_-122.59375,40.96875,-122.59375,0.6442141863088464,0.49289941787719727,2.4784677,1
cdec_CLE,40.96875_-122.65625,40.96875,-122.65625,0.6330387601167067,0.0,1.998013,1
cdec_CLE,40.96875_-122.71875,40.96875,-122.71875,0.7100610396996909,0.25,1.7361591,1
cdec_CLE,40.96875_-122.78125,40.96875,-122.78125,0.6761505791217285,0.5099999904632568,1.5748588,1
cdec_CLE,40.96875_-122.84375,40.96875,-122.84375,0.6815246067751928,0.0,0.37381315,1
cdec_CLE,40.96875_-122.90625,40.96875,-122.90625,0.6553090398179954,0.4099999964237213,0.8840886,1
cdec_CLE,40.96875_-122.96875,40.96875,-122.96875,0.7402857673143665,0.5699999928474426,1.5589106,1
cdec_CLE,40.96875_-123.03125,40.96875,-123.03125,0.8256280886106349,0.2199999988079071,0.5168006,1
cdec_CLE,41.03125_-122.53125,41.03125,-122.53125,0.6572031802526377,0.25201183557510376,1.7604103,1
cdec_CLE,41.03125_-122.59375,41.03125,-122.59375,0.6254496059261612,0.4300000071525574,1.8638676,1
cdec_CLE,41.03125_-122.65625,41.03125,-122.65625,0.7121084754388232,0.7699999809265137,2.8272786,1
cdec_CLE,41.03125_-122.71875,41.03125,-122.71875,0.7542140472577399,0.7599999904632568,2.3230114,1
cdec_CLE,41.03125_-122.78125,41.03125,-122.78125,0.6455497331541984,0.4399999976158142,1.8894372,1
cdec_CLE,41.03125_-122.84375,41.03125,-122.84375,0.6800637889832541,0.49000000953674316,1.0049026,1
cdec_CLE,41.03125_-122.90625,41.03125,-122.90625,0.6801438043002956,0.25999999046325684,0.61914456,1
cdec_CLE,41.03125_-122.96875,41.03125,-122.96875,0.6170703960033984,0.0,0.33749944,1
cdec_CLE,41.03125_-123.03125,41.03125,-123.03125,0.582253482442956,0.5099999904632568,0.93015903,1
cdec_CLE,41.09375_-122.46875,41.09375,-122.46875,0.6516381637502335,0.4304733872413635,1.291792,1
cdec_CLE,41.09375_-122.53125,41.09375,-122.53125,0.5866630085486059,0.4108284115791321,1.3086616,1
cdec_CLE,41.09375_-122.59375,41.09375,-122.59375,0.5831109485981436,0.7400000095367432,2.8248491,1
cdec_CLE,41.09375_-122.65625,41.09375,-122.65625,0.5740160001506358,0.47999998927116394,1.6182618,1
cdec_CLE,41.09375_-122.71875,41.09375,-122.71875,0.7040243462565381,0.5899999737739563,2.081583,1
cdec_CLE,41.09375_-122.78125,41.09375,-122.78125,0.5853220154443597,0.4099999964237213,2.991686,1
cdec_CLE,41.09375_-122.84375,41.09375,-122.84375,0.6307597822807545,0.0,1.1503713,1
cdec_CLE,41.09375_-122.90625,41.09375,-122.90625,0.6092527143898105,0.3700000047683716,1.9931134,1
cdec_CLE,41.09375_-122.96875,41.09375,-122.96875,0.5697619456029309,0.44999998807907104,0.7935174,1
cdec_CLE,41.15625_-122.46875,41.15625,-122.46875,0.6740285930240408,0.4552662670612335,1.4162631,1
cdec_CLE,41.15625_-122.53125,41.15625,-122.53125,0.6288063508236088,0.41999998688697815,1.5380244,1
cdec_CLE,41.15625_-122.59375,41.15625,-122.59375,0.5975291642462477,0.4000000059604645,1.7733427,1
cdec_CLE,41.15625_-122.65625,41.15625,-122.65625,0.6175306972980437,0.5199999809265137,1.9120785,1
cdec_CLE,41.15625_-122.71875,41.15625,-122.71875,0.6903226612909094,0.5899999737739563,2.7598612,1
cdec_CLE,41.15625_-122.78125,41.15625,-122.78125,0.5884685945954516,0.4699999988079071,2.2235982,1
cdec_CLE,41.15625_-122.84375,41.15625,-122.84375,0.6063339057957483,0.36000001430511475,1.8326875,1
cdec_CLE,41.15625_-122.90625,41.15625,-122.90625,0.6288104845882254,0.4699999988079071,1.7182454,1
cdec_CLE,41.15625_-122.96875,41.15625,-122.96875,0.6010433296134872,0.5899999737739563,1.0290443,1
cdec_CLE,41.21875_-122.46875,41.21875,-122.46875,0.6814622907637587,0.42964497208595276,1.3716459,1
cdec_CLE,41.21875_-122.53125,41.21875,-122.53125,0.6296481678459349,0.39970412850379944,1.1308091,1
cdec_CLE,41.21875_-122.59375,41.21875,-122.59375,0.5706622024097303,0.47999998927116394,1.5645235,1
cdec_CLE,41.21875_-122.65625,41.21875,-122.65625,0.638375754522771,0.33000001311302185,1.7059343,1
cdec_CLE,41.21875_-122.71875,41.21875,-122.71875,0.600677235937356,0.5699999928474426,1.6449134,1
cdec_CLE,41.21875_-122.78125,41.21875,-122.78125,0.6723675634074493,0.0,0.29695868,1
cdec_CLE,41.21875_-122.84375,41.21875,-122.84375,0.6739050466923253,0.4099999964237213,1.4432039,1
cdec_CLE,41.21875_-122.90625,41.21875,-122.90625,0.6405930860899984,0.4300000071525574,1.526853,1
cdec_CLE,41.28125_-122.46875,41.28125,-122.46875,0.8379061382618207,0.3364497125148773,1.0123123,1
cdec_CLE,41.28125_-122.53125,41.28125,-122.53125,0.6197140294736856,0.37739646434783936,1.0933628,1
cdec_CLE,41.28125_-122.59375,41.28125,-122.59375,0.6059270739311087,0.36000001430511475,1.3191139,1
cdec_CLE,41.28125_-122.65625,41.28125,-122.65625,0.6253775585958132,0.4399999976158142,1.4937141,1
cdec_CLE,41.28125_-122.71875,41.28125,-122.71875,0.6274645483314015,0.5600000023841858,1.5604194,1
cdec_CLE,41.34375_-122.46875,41.34375,-122.46875,0.8955604292736676,0.2792307734489441,0.9060661,1
cdec_CLE,41.34375_-122.53125,41.34375,-122.53125,0.6902942753603163,0.5400000214576721,0.71550244,1
cdec_CLE,41.34375_-122.59375,41.34375,-122.59375,0.861877378308766,0.4300000071525574,0.8354659,1
cdec_CLE,41.34375_-122.65625,41.34375,-122.65625,0.6475745836606438,0.6899999976158142,2.6018991,1
cdec_CSN,38.46875_-120.53125,38.46875,-120.53125,0.5160375833620406,0.44130176305770874,2.62163,1
cdec_CSN,38.46875_-120.59375,38.46875,-120.59375,0.5411042480237205,0.6700000166893005,3.34974,1
cdec_CSN,38.46875_-120.65625,38.46875,-120.65625,0.5701623800261443,0.5299999713897705,1.9211146,1
cdec_CSN,38.46875_-120.78125,38.46875,-120.78125,0.6692159480819839,0.5,1.791042,1
cdec_CSN,38.46875_-120.84375,38.46875,-120.84375,0.7064023018347219,0.4000000059604645,1.3450874,1
cdec_CSN,38.46875_-120.90625,38.46875,-120.90625,0.6429093227589987,0.30000001192092896,1.0941076,1
cdec_CSN,38.46875_-120.96875,38.46875,-120.96875,0.595798078874385,0.3499999940395355,1.2767222,1
cdec_CSN,38.46875_-121.03125,38.46875,-121.03125,0.6374607551180171,0.36000001430511475,1.3468994,1
cdec_CSN,38.53125_-120.28125,38.53125,-120.28125,0.5590347295650833,0.4345562160015106,1.4052664,1
cdec_CSN,38.53125_-120.34375,38.53125,-120.34375,0.548516478347913,0.5142603516578674,2.097227,1
cdec_CSN,38.53125_-120.40625,38.53125,-120.40625,0.5370259955803219,0.5237869620323181,2.497622,1
cdec_CSN,38.53125_-120.46875,38.53125,-120.46875,0.5326318732805926,0.5042011737823486,2.8218453,1
cdec_CSN,38.53125_-120.53125,38.53125,-120.53125,0.5272516775826542,0.5265088677406311,2.8666446,1
cdec_CSN,38.53125_-120.59375,38.53125,-120.59375,0.5503236187533265,0.7300000190734863,2.807659,1
cdec_CSN,38.53125_-120.65625,38.53125,-120.65625,0.5554756501188325,0.5400000214576721,2.7632303,1
cdec_CSN,38.53125_-120.71875,38.53125,-120.71875,0.7321568070740996,0.5099999904632568,1.7169845,1
cdec_CSN,38.53125_-120.78125,38.53125,-120.78125,0.5550052372704047,0.4399999976158142,1.3464438,1
cdec_CSN,38.53125_-120.84375,38.53125,-120.84375,0.737336038575975,0.46000000834465027,1.4971057,1
cdec_CSN,38.53125_-120.90625,38.53125,-120.90625,0.6502795520117208,0.5099999904632568,1.327054,1
cdec_CSN,38.53125_-120.96875,38.53125,-120.96875,0.6391290063204415,0.5299999713897705,1.1876516,1
cdec_CSN,38.53125_-121.03125,38.53125,-121.03125,0.5853353947190736,0.41999998688697815,1.1338762,1
cdec_CSN,38.59375_-120.21875,38.59375,-120.21875,0.6772174864741356,0.3766863942146301,0.99213415,1
cdec_CSN,38.59375_-120.28125,38.59375,-120.28125,0.5751410288673902,0.4530177414417267,1.5698949,1
cdec_CSN,38.59375_-120.34375,38.59375,-120.34375,0.5604939991015526,0.5600000023841858,2.2769084,1
cdec_CSN,38.59375_-120.40625,38.59375,-120.40625,0.5401016315575347,0.4099999964237213,2.5469677,1
cdec_CSN,38.59375_-120.46875,38.59375,-120.46875,0.5562830323872974,0.38999998569488525,2.8790286,1
cdec_CSN,38.59375_-120.53125,38.59375,-120.53125,0.5585885318701261,0.3799999952316284,3.1125698,1
cdec_CSN,38.59375_-120.59375,38.59375,-120.59375,0.5796606431073856,0.38999998569488525,2.719952,1
cdec_CSN,38.59375_-120.65625,38.59375,-120.65625,0.5810176873355822,0.0,1.4565234,1
cdec_CSN,38.59375_-120.71875,38.59375,-120.71875,0.6125267079040644,0.46000000834465027,1.495845,1
cdec_CSN,38.59375_-120.78125,38.59375,-120.78125,0.7326561749667331,0.3400000035762787,1.556376,1
cdec_CSN,38.59375_-120.84375,38.59375,-120.84375,0.6733245549851627,0.0,1.3789599,1
cdec_CSN,38.59375_-120.90625,38.59375,-120.90625,0.6394178510681845,0.49000000953674316,1.4132644,1
cdec_CSN,38.59375_-120.96875,38.59375,-120.96875,0.645853607928875,0.41999998688697815,1.4070979,1
cdec_CSN,38.59375_-121.03125,38.59375,-121.03125,0.6576436339103883,0.36000001430511475,1.1641128,1
cdec_CSN,38.65625_-120.21875,38.65625,-120.21875,0.7514184940251011,0.3163905441761017,1.3234475,1
cdec_CSN,38.65625_-120.28125,38.65625,-120.28125,0.6305805747247168,0.35982248187065125,1.4363734,1
cdec_CSN,38.65625_-120.34375,38.65625,-120.34375,0.5986276025870717,0.4187574088573456,1.9549093,1
cdec_CSN,38.65625_-120.40625,38.65625,-120.40625,0.5722297174622349,0.3199999928474426,1.1966437,1
cdec_CSN,38.65625_-120.46875,38.65625,-120.46875,0.5683313078907486,0.3499999940395355,2.896878,1
cdec_CSN,38.65625_-120.53125,38.65625,-120.53125,0.5640607840002404,0.27000001072883606,2.8460708,1
cdec_CSN,38.65625_-120.59375,38.65625,-120.59375,0.5824810720301318,0.44999998807907104,1.7359197,1
cdec_CSN,38.65625_-120.65625,38.65625,-120.65625,0.627589963540641,0.6200000047683716,1.7617598,1
cdec_CSN,38.65625_-120.71875,38.65625,-120.71875,0.5928254067544062,0.39946746826171875,1.6812677,1
cdec_CSN,38.65625_-120.78125,38.65625,-120.78125,0.6155823806979359,0.4218343198299408,1.7828407,1
cdec_CSN,38.65625_-120.84375,38.65625,-120.84375,0.7672741248420395,0.39331361651420593,1.4098833,1
cdec_CSN,38.65625_-120.90625,38.65625,-120.90625,0.7257099896967794,0.3917751610279083,1.4101399,1
cdec_CSN,38.65625_-120.96875,38.65625,-120.96875,0.8054892496705275,0.2862130105495453,1.2389095,1
cdec_CSN,38.71875_-120.34375,38.71875,-120.34375,0.6649844235928495,0.3796449601650238,1.8983133,1
cdec_CSN,38.71875_-120.40625,38.71875,-120.40625,0.5893891832435608,0.3585798740386963,2.1752062,1
cdec_CSN,38.71875_-120.46875,38.71875,-120.46875,0.5744375057987421,0.3592899441719055,2.5528839,1
cdec_CSN,38.71875_-120.53125,38.71875,-120.53125,0.5422189998517747,0.30000001192092896,3.061243,1
cdec_CSN,38.71875_-120.59375,38.71875,-120.59375,0.5420932559960816,0.4179881513118744,2.5693362,1
cdec_CSN,38.71875_-120.65625,38.71875,-120.65625,0.5603470969234311,0.4098816514015198,1.8365463,1
cdec_CSN,38.71875_-120.71875,38.71875,-120.71875,0.5775387762152755,0.40295857191085815,1.8992176,1
cdec_CSN,38.71875_-120.78125,38.71875,-120.78125,0.5942943325770539,0.3322485089302063,1.645333,1
cdec_CSN,38.71875_-120.84375,38.71875,-120.84375,0.7239005536516909,0.2931360900402069,1.4325713,1
cdec_CSN,38.78125_-120.46875,38.78125,-120.46875,0.6134985660473344,0.4812425971031189,2.2650657,1
cdec_CSN,38.78125_-120.53125,38.78125,-120.53125,0.5753341645618377,0.4048520624637604,2.2786431,1
cdec_FOL,38.59375_-120.09375,38.59375,-120.09375,0.8085936419336477,0.26573964953422546,0.46721667,1
cdec_FOL,38.59375_-120.15625,38.59375,-120.15625,0.7477310754012774,0.24887573719024658,0.44766393,1
cdec_FOL,38.65625_-119.96875,38.65625,-119.96875,1.1453058886549297,0.2530769109725952,0.46622092,1
cdec_FOL,38.65625_-120.03125,38.65625,-120.03125,1.0995717771504276,0.24254438281059265,0.40972182,1
cdec_FOL,38.65625_-120.09375,38.65625,-120.09375,0.7035952661080327,0.27603551745414734,0.5490117,1
cdec_FOL,38.65625_-120.15625,38.65625,-120.15625,0.8409567432122624,0.2800000011920929,0.74549997,1
cdec_FOL,38.65625_-120.21875,38.65625,-120.21875,0.7514184940251011,0.3163905441761017,1.3234475,1
cdec_FOL,38.65625_-120.28125,38.65625,-120.28125,0.6305805747247168,0.35982248187065125,1.4363734,1
cdec_FOL,38.65625_-120.34375,38.65625,-120.34375,0.5986276025870717,0.4187574088573456,1.9549093,1
cdec_FOL,38.65625_-120.71875,38.65625,-120.71875,0.5928254067544062,0.39946746826171875,1.6812677,1
cdec_FOL,38.65625_-120.78125,38.65625,-120.78125,0.6155823806979359,0.4218343198299408,1.7828407,1
cdec_FOL,38.65625_-120.84375,38.65625,-120.84375,0.7672741248420395,0.39331361651420593,1.4098833,1
cdec_FOL,38.65625_-120.90625,38.65625,-120.90625,0.7257099896967794,0.3917751610279083,1.4101399,1
cdec_FOL,38.65625_-120.96875,38.65625,-120.96875,0.8054892496705275,0.2862130105495453,1.2389095,1
cdec_FOL,38.65625_-121.03125,38.65625,-121.03125,0.8637879086225555,0.26869821548461914,0.9411888,1
cdec_FOL,38.65625_-121.09375,38.65625,-121.09375,0.8028528811382785,0.12686391174793243,0.71698165,1
cdec_FOL,38.71875_-119.96875,38.71875,-119.96875,1.1686135102146225,0.3150295913219452,0.6815628,1
cdec_FOL,38.71875_-120.03125,38.71875,-120.03125,0.9797536572025638,0.30485206842422485,0.5651826,1
cdec_FOL,38.71875_-120.09375,38.71875,-120.09375,0.7633671784605276,0.30467456579208374,0.7799129,1
cdec_FOL,38.71875_-120.15625,38.71875,-120.15625,0.6865429361094345,0.35183432698249817,1.3147584,1
cdec_FOL,38.71875_-120.21875,38.71875,-120.21875,0.6323721180580701,0.34994083642959595,1.7583264,1
cdec_FOL,38.71875_-120.28125,38.71875,-120.28125,0.6300373374156648,0.3671005964279175,1.7526499,1
cdec_FOL,38.71875_-120.34375,38.71875,-120.34375,0.6649844235928495,0.3796449601650238,1.8983133,1
cdec_FOL,38.71875_-120.40625,38.71875,-120.40625,0.5893891832435608,0.3585798740386963,2.1752062,1
cdec_FOL,38.71875_-120.46875,38.71875,-120.46875,0.5744375057987421,0.3592899441719055,2.5528839,1
cdec_FOL,38.71875_-120.53125,38.71875,-120.53125,0.5422189998517747,0.30000001192092896,3.061243,1
cdec_FOL,38.71875_-120.59375,38.71875,-120.59375,0.5420932559960816,0.4179881513118744,2.5693362,1
cdec_FOL,38.71875_-120.65625,38.71875,-120.65625,0.5603470969234311,0.4098816514015198,1.8365463,1
cdec_FOL,38.71875_-120.71875,38.71875,-120.71875,0.5775387762152755,0.40295857191085815,1.8992176,1
cdec_FOL,38.71875_-120.78125,38.71875,-120.78125,0.5942943325770539,0.3322485089302063,1.645333,1
cdec_FOL,38.71875_-120.84375,38.71875,-120.84375,0.7239005536516909,0.2931360900402069,1.4325713,1
cdec_FOL,38.71875_-120.90625,38.71875,-120.90625,0.7871617581065005,0.37023669481277466,1.3384719,1
cdec_FOL,38.71875_-120.96875,38.71875,-120.96875,0.8093367315014768,0.3546745479106903,1.25458,1
cdec_FOL,38.71875_-121.03125,38.71875,-121.03125,0.7861626230717602,0.3473372757434845,1.1699876,1
cdec_FOL,38.71875_-121.09375,38.71875,-121.09375,0.9801178926663455,0.1534319519996643,0.90431553,1
cdec_FOL,38.71875_-121.15625,38.71875,-121.15625,1.0495440897855781,0.0615384615957737,0.79478496,1
cdec_FOL,38.78125_-120.03125,38.78125,-120.03125,0.7478274414349547,0.3743787109851837,0.92105454,1
cdec_FOL,38.78125_-120.09375,38.78125,-120.09375,0.6737262403658649,0.34781065583229065,1.1159941,1
cdec_FOL,38.78125_-120.15625,38.78125,-120.15625,0.5939998143284518,0.3598816692829132,1.4075644,1
cdec_FOL,38.78125_-120.21875,38.78125,-120.21875,0.580934838842443,0.36733728647232056,1.5866377,1
cdec_FOL,38.78125_-120.28125,38.78125,-120.28125,0.5571900410597596,0.40319526195526123,1.6492783,1
cdec_FOL,38.78125_-120.34375,38.78125,-120.34375,0.5590476624156481,0.41822484135627747,1.5845404,1
cdec_FOL,38.78125_-120.40625,38.78125,-120.40625,0.6166667688280447,0.4332544505596161,1.9214174,1
cdec_FOL,38.78125_-120.46875,38.78125,-120.46875,0.6134985660473344,0.4812425971031189,2.2650657,1
cdec_FOL,38.78125_-120.53125,38.78125,-120.53125,0.5753341645618377,0.4048520624637604,2.2786431,1
cdec_FOL,38.78125_-120.59375,38.78125,-120.59375,0.5678368658922481,0.41609466075897217,2.4744954,1
cdec_FOL,38.78125_-120.65625,38.78125,-120.65625,0.5666617868744105,0.4752070903778076,2.6392548,1
cdec_FOL,38.78125_-120.71875,38.78125,-120.71875,0.5602463487476992,0.4250887632369995,2.2085352,1
cdec_FOL,38.78125_-120.78125,38.78125,-120.78125,0.6076123798592997,0.4501183331012726,2.0757356,1
cdec_FOL,38.78125_-120.84375,38.78125,-120.84375,0.7183241093863869,0.44846153259277344,1.6167988,1
cdec_FOL,38.78125_-120.90625,38.78125,-120.90625,0.7998880752523194,0.36390531063079834,1.3807503,1
cdec_FOL,38.78125_-120.96875,38.78125,-120.96875,0.738710196988215,0.3885207176208496,1.3480928,1
cdec_FOL,38.78125_-121.03125,38.78125,-121.03125,0.7482664080524142,0.40337279438972473,1.1775007,1
cdec_FOL,38.78125_-121.09375,38.78125,-121.09375,0.9218786912257008,0.35153844952583313,1.1824793,1
cdec_FOL,38.78125_-121.15625,38.78125,-121.15625,0.9577408600647728,0.28106507658958435,1.3233119,1
cdec_FOL,38.84375_-120.03125,38.84375,-120.03125,0.5882260255957104,0.28201183676719666,1.0579878,1
cdec_FOL,38.84375_-120.09375,38.84375,-120.09375,0.8267598251355278,0.26384615898132324,0.6338212,1
cdec_FOL,38.84375_-120.15625,38.84375,-120.15625,1.2391428609175175,0.15834319591522217,0.37511796,1
cdec_FOL,38.84375_-120.21875,38.84375,-120.21875,0.7649358157042858,0.3007100522518158,0.7288273,1
cdec_FOL,38.84375_-120.28125,38.84375,-120.28125,0.6237338069827535,0.43834319710731506,1.2571446,1
cdec_FOL,38.84375_-120.34375,38.84375,-120.34375,0.6169030835316849,0.4134911298751831,1.5656024,1
cdec_FOL,38.84375_-120.40625,38.84375,-120.40625,0.5712399858555569,0.37840235233306885,1.5057489,1
cdec_FOL,38.84375_-120.46875,38.84375,-120.46875,0.660936167435769,0.4351479411125183,1.7139742,1
cdec_FOL,38.84375_-120.53125,38.84375,-120.53125,0.5603786768993525,0.4098816514015198,2.159998,1
cdec_FOL,38.84375_-120.59375,38.84375,-120.59375,0.578756769543613,0.3799999952316284,2.3699389,1
cdec_FOL,38.84375_-120.65625,38.84375,-120.65625,0.5311581966156732,0.49562129378318787,3.1344104,1
cdec_FOL,38.84375_-120.71875,38.84375,-120.71875,0.5308035984889984,0.6040828227996826,3.3101726,1
cdec_FOL,38.84375_-120.78125,38.84375,-120.78125,0.5615090634996485,0.5480473637580872,2.7562265,1
cdec_FOL,38.84375_-120.84375,38.84375,-120.84375,0.5924384282700529,0.41266271471977234,1.7661554,1
cdec_FOL,38.84375_-120.90625,38.84375,-120.90625,0.7823187546860229,0.41917160153388977,1.3963145,1
cdec_FOL,38.84375_-120.96875,38.84375,-120.96875,0.795171593057873,0.4167455732822418,1.4008907,1
cdec_FOL,38.84375_-121.03125,38.84375,-121.03125,0.7476151763202382,0.39556214213371277,1.4126632,1
cdec_FOL,38.84375_-121.09375,38.84375,-121.09375,0.8416117394733307,0.35106509923934937,1.4061295,1
cdec_FOL,38.90625_-120.15625,38.90625,-120.15625,1.0116370393274936,0.18100591003894806,0.31845266,1
cdec_FOL,38.90625_-120.21875,38.90625,-120.21875,0.9904632284502546,0.22573964297771454,0.35149533,1
cdec_FOL,38.90625_-120.28125,38.90625,-120.28125,0.6207059382331384,0.40526628494262695,0.9624066,1
cdec_FOL,38.90625_-120.34375,38.90625,-120.34375,0.6103980449439955,0.4612426161766052,1.525745,1
cdec_FOL,38.90625_-120.40625,38.90625,-120.40625,0.6085636931021452,0.39041420817375183,1.7265567,1
cdec_FOL,38.90625_-120.46875,38.90625,-120.46875,0.6520406810238294,0.4607100486755371,1.8633786,1
cdec_FOL,38.90625_-120.53125,38.90625,-120.53125,0.5861273390625998,0.36502957344055176,1.9635767,1
cdec_FOL,38.90625_-120.59375,38.90625,-120.59375,0.5859116062973324,0.3964497148990631,2.3378744,1
cdec_FOL,38.90625_-120.65625,38.90625,-120.65625,0.5401615048854876,0.5179881453514099,3.2308779,1
cdec_FOL,38.90625_-120.71875,38.90625,-120.71875,0.5262965690004102,0.5926627516746521,3.582056,1
cdec_FOL,38.90625_-120.78125,38.90625,-120.78125,0.5250376813958962,0.5612425804138184,3.2653956,1
cdec_FOL,38.90625_-120.84375,38.90625,-120.84375,0.5306601901680876,0.5086982250213623,2.7598472,1
cdec_FOL,38.90625_-120.90625,38.90625,-120.90625,0.5721845774566485,0.45751479268074036,2.044006,1
cdec_FOL,38.90625_-120.96875,38.90625,-120.96875,0.7619434215350913,0.41745561361312866,1.6251981,1
cdec_FOL,38.90625_-121.03125,38.90625,-121.03125,0.8860959619137774,0.3759763240814209,1.522033,1
cdec_FOL,38.90625_-121.09375,38.90625,-121.09375,0.7179022063933582,0.22964496910572052,1.4084574,1
cdec_FOL,38.96875_-120.15625,38.96875,-120.15625,0.7366814239329083,0.25923076272010803,0.65152186,1
cdec_FOL,38.96875_-120.21875,38.96875,-120.21875,0.9697711864281752,0.1917751431465149,0.34031188,1
cdec_FOL,38.96875_-120.28125,38.96875,-120.28125,0.6594882423639127,0.33520710468292236,0.77995276,1
cdec_FOL,38.96875_-120.34375,38.96875,-120.34375,0.6030427638034606,0.3949112296104431,1.2723114,1
cdec_FOL,38.96875_-120.40625,38.96875,-120.40625,0.6198362178800872,0.4153846204280853,1.761591,1
cdec_FOL,38.96875_-120.46875,38.96875,-120.46875,0.5745760814395675,0.3988165557384491,2.1300044,1
cdec_FOL,38.96875_-120.53125,38.96875,-120.53125,0.5489819248446555,0.3676331341266632,2.307309,1
cdec_FOL,38.96875_-120.59375,38.96875,-120.59375,0.5442205769195018,0.3972781002521515,3.0563264,1
cdec_FOL,38.96875_-120.65625,38.96875,-120.65625,0.6014349622724384,0.3356804847717285,2.823427,1
cdec_FOL,38.96875_-120.71875,38.96875,-120.71875,0.5457231377221883,0.40005916357040405,3.14315,1
cdec_FOL,38.96875_-120.78125,38.96875,-120.78125,0.5519174022937502,0.49579882621765137,2.9803536,1
cdec_FOL,38.96875_-120.84375,38.96875,-120.84375,0.6296914239317626,0.4581656754016876,2.80614,1
cdec_FOL,38.96875_-120.90625,38.96875,-120.90625,0.5991016286032225,0.4152662754058838,2.2734451,1
cdec_FOL,38.96875_-120.96875,38.96875,-120.96875,0.7124466750113382,0.42893490195274353,1.930048,1
cdec_FOL,38.96875_-121.03125,38.96875,-121.03125,0.6346173960442654,0.33680474758148193,1.6620651,1
cdec_FOL,39.03125_-120.21875,39.03125,-120.21875,0.6852839726624017,0.38242602348327637,0.9057362,1
cdec_FOL,39.03125_-120.28125,39.03125,-120.28125,0.7079899858204429,0.26810652017593384,0.7026796,1
cdec_FOL,39.03125_-120.34375,39.03125,-120.34375,0.6644946310609414,0.3430769145488739,0.92423433,1
cdec_FOL,39.03125_-120.40625,39.03125,-120.40625,0.5676100557738463,0.3820118308067322,1.6302474,1
cdec_FOL,39.03125_-120.46875,39.03125,-120.46875,0.5773906125146357,0.3823668658733368,1.9391015,1
cdec_FOL,39.03125_-120.53125,39.03125,-120.53125,0.5800760171903654,0.47863906621932983,2.6030254,1
cdec_FOL,39.03125_-120.59375,39.03125,-120.59375,0.562708846155937,0.4882248640060425,2.847748,1
cdec_FOL,39.03125_-120.65625,39.03125,-120.65625,0.5779683284042667,0.35804733633995056,2.5964248,1
cdec_FOL,39.03125_-120.71875,39.03125,-120.71875,0.6610937873513388,0.30041420459747314,2.6085508,1
cdec_FOL,39.03125_-120.78125,39.03125,-120.78125,0.5834196999728589,0.4021301865577698,2.9256191,1
cdec_FOL,39.03125_-120.84375,39.03125,-120.84375,0.5459593377860013,0.4976923167705536,3.2046366,1
cdec_FOL,39.03125_-120.90625,39.03125,-120.90625,0.731753403266848,0.4589940905570984,2.4354234,1
cdec_FOL,39.03125_-120.96875,39.03125,-120.96875,0.6032270385618738,0.3685798943042755,1.9674759,1
cdec_FOL,39.09375_-120.21875,39.09375,-120.21875,0.6554218509851739,0.41124260425567627,1.0568128,1
cdec_FOL,39.09375_-120.28125,39.09375,-120.28125,0.644382502923176,0.44609466195106506,1.3059455,1
cdec_FOL,39.09375_-120.34375,39.09375,-120.34375,0.6154176571802212,0.45982247591018677,1.4318435,1
cdec_FOL,39.09375_-120.40625,39.09375,-120.40625,0.5509685129578056,0.3906508982181549,1.4428723,1
cdec_FOL,39.09375_-120.46875,39.09375,-120.46875,0.5382726926860433,0.3942011892795563,1.2512099,1
cdec_FOL,39.09375_-120.53125,39.09375,-120.53125,0.5942437436841013,0.46988165378570557,2.0619113,1
cdec_FOL,39.09375_-120.59375,39.09375,-120.59375,0.5640626138856946,0.5110059380531311,2.456059,1
cdec_FOL,39.09375_-120.65625,39.09375,-120.65625,0.5549433930385421,0.4204733669757843,2.8205693,1
cdec_FOL,39.09375_-120.71875,39.09375,-120.71875,0.5898274596926396,0.4357396364212036,2.9000247,1
cdec_FOL,39.09375_-120.78125,39.09375,-120.78125,0.5530821693612619,0.5315976142883301,3.0388398,1
cdec_FOL,39.09375_-120.84375,39.09375,-120.84375,0.5645323851577376,0.591775119304657,3.3777356,1
cdec_FOL,39.09375_-120.90625,39.09375,-120.90625,0.6683834387998018,0.5113609433174133,2.5629215,1
cdec_FOL,39.09375_-120.96875,39.09375,-120.96875,0.6512684068234686,0.35609468817710876,1.9527758,1
cdec_FOL,39.15625_-120.21875,39.15625,-120.21875,0.6471170602610659,0.37934911251068115,1.135421,1
cdec_FOL,39.15625_-120.28125,39.15625,-120.28125,0.704171181584717,0.3759763240814209,0.8428433,1
cdec_FOL,39.15625_-120.34375,39.15625,-120.34375,0.6281458450144346,0.406686395406723,1.1269873,1
cdec_FOL,39.15625_-120.40625,39.15625,-120.40625,0.6314786736910938,0.4665680527687073,1.616243,1
cdec_FOL,39.15625_-120.46875,39.15625,-120.46875,0.5876191166128001,0.45384615659713745,1.2896234,1
cdec_FOL,39.15625_-120.53125,39.15625,-120.53125,0.5677146881580817,0.3969230651855469,1.2545791,1
cdec_FOL,39.15625_-120.59375,39.15625,-120.59375,0.5694235960766306,0.41183432936668396,1.723612,1
cdec_FOL,39.15625_-120.65625,39.15625,-120.65625,0.6457045783930508,0.47378697991371155,2.2532723,1
cdec_FOL,39.15625_-120.71875,39.15625,-120.71875,0.6318595933851807,0.5885798931121826,3.0672326,1
cdec_FOL,39.15625_-120.78125,39.15625,-120.78125,0.5564012028696613,0.5400591492652893,2.7945616,1
cdec_FOL,39.15625_-120.84375,39.15625,-120.84375,0.567777210082619,0.5078698396682739,2.6871707,1
cdec_FOL,39.15625_-120.90625,39.15625,-120.90625,0.5676174031765558,0.4976923167705536,2.672828,1
cdec_FOL,39.21875_-120.28125,39.21875,-120.28125,0.7999038514912307,0.3272189497947693,0.66712177,1
cdec_FOL,39.21875_-120.34375,39.21875,-120.34375,0.6405196092859271,0.411775141954422,1.1005192,1
cdec_FOL,39.21875_-120.40625,39.21875,-120.40625,0.5791951049285895,0.4005917012691498,1.2237217,1
cdec_FOL,39.21875_-120.46875,39.21875,-120.46875,0.571582278542797,0.44727811217308044,1.5817541,1
cdec_FOL,39.21875_-120.53125,39.21875,-120.53125,0.5726864604945676,0.4672780930995941,1.8380424,1
cdec_FOL,39.21875_-120.59375,39.21875,-120.59375,0.5481345753473621,0.4481656849384308,1.7384101,1
cdec_FOL,39.21875_-120.65625,39.21875,-120.65625,0.6033856903474653,0.5669230818748474,2.6119134,1
cdec_FOL,39.21875_-120.71875,39.21875,-120.71875,0.6353498415928205,0.565858006477356,2.9457023,1
cdec_FOL,39.21875_-120.78125,39.21875,-120.78125,0.5498051069208325,0.5086390376091003,2.7038293,1
cdec_FOL,39.21875_-120.84375,39.21875,-120.84375,0.5677020655467693,0.4850887656211853,2.4659114,1
cdec_FOL,39.28125_-120.28125,39.28125,-120.28125,0.67652336448426,0.4014793038368225,1.0372229,1
cdec_FOL,39.28125_-120.34375,39.28125,-120.34375,0.7194498453191539,0.4146745502948761,1.0911965,1
cdec_FOL,39.28125_-120.40625,39.28125,-120.40625,0.6673848680381088,0.3713017702102661,1.059344,1
cdec_FOL,39.28125_-120.46875,39.28125,-120.46875,0.6684068953508101,0.3620118200778961,0.81651384,1
cdec_FOL,39.28125_-120.53125,39.28125,-120.53125,0.6297813990461315,0.4157988131046295,1.1620367,1
cdec_FOL,39.28125_-120.59375,39.28125,-120.59375,0.6283564771671761,0.42408284544944763,1.2780514,1
cdec_FOL,39.28125_-120.65625,39.28125,-120.65625,0.587327085218048,0.47846153378486633,1.9905075,1
cdec_FOL,39.28125_-120.71875,39.28125,-120.71875,0.5521830943349223,0.48284024000167847,2.2829456,1
cdec_FOL,39.34375_-120.59375,39.34375,-120.59375,0.6821366291151224,0.3798224925994873,1.1204683,1
cdec_FOL,39.34375_-120.65625,39.34375,-120.65625,0.5790816111466357,0.4185798764228821,1.5872291,1
cdec_ISB,35.40625_-118.15625,35.40625,-118.15625,0.5101386216232948,0.15147928893566132,0.25360832,1
cdec_ISB,35.40625_-118.21875,35.40625,-118.21875,0.5042829984057471,0.16946744918823242,0.34140602,1
cdec_ISB,35.40625_-118.28125,35.40625,-118.28125,0.5023262104337316,0.29366862773895264,0.9070531,1
cdec_ISB,35.40625_-118.34375,35.40625,-118.34375,0.5018292923953874,0.31893491744995117,1.0350349,1
cdec_ISB,35.46875_-118.15625,35.46875,-118.15625,0.5186701514469024,0.15852071344852448,0.24169022,1
cdec_ISB,35.46875_-118.21875,35.46875,-118.21875,0.52502188135679,0.12911242246627808,0.2881979,1
cdec_ISB,35.46875_-118.28125,35.46875,-118.28125,0.5044525227511122,0.24153846502304077,0.5729552,1
cdec_ISB,35.46875_-118.34375,35.46875,-118.34375,0.5028720330959876,0.3256213068962097,0.9239722,1
cdec_ISB,35.46875_-118.40625,35.46875,-118.40625,0.5053705676739674,0.3490532636642456,1.0656855,1
cdec_ISB,35.53125_-118.15625,35.53125,-118.15625,0.5194636509860048,0.17171597480773926,0.24896282,1
cdec_ISB,35.53125_-118.21875,35.53125,-118.21875,0.5123711501977409,0.16733728349208832,0.27643698,1
cdec_ISB,35.53125_-118.28125,35.53125,-118.28125,0.5189052481476022,0.2442011833190918,0.56299716,1
cdec_ISB,35.53125_-118.34375,35.53125,-118.34375,0.5060811726469878,0.32029587030410767,0.7905327,1
cdec_ISB,35.59375_-118.09375,35.59375,-118.09375,0.5050029230694313,0.2502366900444031,0.50248516,1
cdec_ISB,35.59375_-118.15625,35.59375,-118.15625,0.5105545314101229,0.24526627361774445,0.48748866,1
cdec_ISB,35.59375_-118.21875,35.59375,-118.21875,0.5158824435289129,0.16940827667713165,0.31120068,1
cdec_ISB,35.59375_-118.28125,35.59375,-118.28125,0.5420564223255612,0.20461538434028625,0.4084341,1
cdec_ISB,35.59375_-118.34375,35.59375,-118.34375,0.5183183870100815,0.26035502552986145,0.5166697,1
cdec_ISB,35.59375_-118.40625,35.59375,-118.40625,0.5400596150888373,0.25497040152549744,0.48119158,1
cdec_ISB,35.59375_-118.46875,35.59375,-118.46875,0.5345928480470573,0.23000000417232513,0.43642345,1
cdec_ISB,35.65625_-117.96875,35.65625,-117.96875,0.5126708015229763,0.17828401923179626,0.24296218,1
cdec_ISB,35.65625_-118.03125,35.65625,-118.03125,0.5041459192671363,0.25609466433525085,0.44302514,1
cdec_ISB,35.65625_-118.09375,35.65625,-118.09375,0.5030504251313559,0.33603549003601074,0.77031827,1
cdec_ISB,35.65625_-118.15625,35.65625,-118.15625,0.5113496260617707,0.27715975046157837,0.5292661,1
cdec_ISB,35.65625_-118.21875,35.65625,-118.21875,0.5302092278191294,0.2169230729341507,0.39040655,1
cdec_ISB,35.65625_-118.28125,35.65625,-118.28125,0.5121146973028171,0.24958579242229462,0.6244337,1
cdec_ISB,35.65625_-118.34375,35.65625,-118.34375,0.5155283114438038,0.24568046629428864,0.54262495,1
cdec_ISB,35.65625_-118.40625,35.65625,-118.40625,0.5845084534730082,0.1950295865535736,0.3965285,1
cdec_ISB,35.65625_-118.46875,35.65625,-118.46875,0.5669391447180275,0.17349112033843994,0.3907664,1
cdec_ISB,35.65625_-118.53125,35.65625,-118.53125,0.507263344015032,0.2958579957485199,0.90561205,1
cdec_ISB,35.65625_-118.59375,35.65625,-118.59375,0.50563989723516,0.3800591826438904,1.8080848,1
cdec_ISB,35.71875_-117.96875,35.71875,-117.96875,0.5080715299962877,0.16627219319343567,0.37408826,1
cdec_ISB,35.71875_-118.03125,35.71875,-118.03125,0.506015618394542,0.22337278723716736,0.38044676,1
cdec_ISB,35.71875_-118.09375,35.71875,-118.09375,0.5063793917720698,0.21591715514659882,0.43561113,1
cdec_ISB,35.71875_-118.15625,35.71875,-118.15625,0.5136174280070286,0.19550295174121857,0.39066553,1
cdec_ISB,35.71875_-118.21875,35.71875,-118.21875,0.5118550097607907,0.23786982893943787,0.5007477,1
cdec_ISB,35.71875_-118.28125,35.71875,-118.28125,0.5126477230746135,0.227573961019516,0.50365734,1
cdec_ISB,35.71875_-118.34375,35.71875,-118.34375,0.5302584932934601,0.2254437804222107,0.4410382,1
cdec_ISB,35.71875_-118.40625,35.71875,-118.40625,0.5638244334459828,0.21698224544525146,0.399299,1
cdec_ISB,35.71875_-118.46875,35.71875,-118.46875,0.5468686951026662,0.2163313627243042,0.54757863,1
cdec_ISB,35.71875_-118.53125,35.71875,-118.53125,0.5069151566172149,0.3076331317424774,1.5381155,1
cdec_ISB,35.71875_-118.59375,35.71875,-118.59375,0.5127977896246043,0.3906508982181549,1.8094442,1
cdec_ISB,35.78125_-118.03125,35.78125,-118.03125,0.5052349865529161,0.2679881751537323,0.59230834,1
cdec_ISB,35.78125_-118.09375,35.78125,-118.09375,0.5100844216016949,0.15313608944416046,0.36100048,1
cdec_ISB,35.78125_-118.15625,35.78125,-118.15625,0.5102051807436259,0.15911242365837097,0.3820825,1
cdec_ISB,35.78125_-118.21875,35.78125,-118.21875,0.5080682636835023,0.24106508493423462,0.66515505,1
cdec_ISB,35.78125_-118.28125,35.78125,-118.28125,0.5037037611760583,0.2825443744659424,0.79731464,1
cdec_ISB,35.78125_-118.34375,35.78125,-118.34375,0.503777231587668,0.28301775455474854,0.7786766,1
cdec_ISB,35.78125_-118.40625,35.78125,-118.40625,0.5400743128927576,0.23668639361858368,0.4709687,1
cdec_ISB,35.78125_-118.46875,35.78125,-118.46875,0.524164170175115,0.28532543778419495,0.64033926,1
cdec_ISB,35.78125_-118.53125,35.78125,-118.53125,0.5123179915687094,0.3463313579559326,1.1277621,1
cdec_ISB,35.78125_-118.59375,35.78125,-118.59375,0.5136173571453576,0.3865680396556854,1.866248,1
cdec_ISB,35.84375_-117.96875,35.84375,-117.96875,0.5204494830939592,0.13260355591773987,0.3466015,1
cdec_ISB,35.84375_-118.03125,35.84375,-118.03125,0.5033066790576224,0.203964501619339,0.59882194,1
cdec_ISB,35.84375_-118.09375,35.84375,-118.09375,0.5082216440905699,0.22414201498031616,0.5323936,1
cdec_ISB,35.84375_-118.15625,35.84375,-118.15625,0.5071311456272021,0.30230769515037537,0.40097964,1
cdec_ISB,35.84375_-118.21875,35.84375,-118.21875,0.5080108418717805,0.22508876025676727,0.46947584,1
cdec_ISB,35.84375_-118.28125,35.84375,-118.28125,0.5060600767718474,0.28396448493003845,0.6622239,1
cdec_ISB,35.84375_-118.34375,35.84375,-118.34375,0.5079639575950835,0.31372779607772827,0.9063324,1
cdec_ISB,35.84375_-118.40625,35.84375,-118.40625,0.5080102234768992,0.28124260902404785,0.68372077,1
cdec_ISB,35.84375_-118.46875,35.84375,-118.46875,0.5297086443531004,0.2788165807723999,0.5906767,1
cdec_ISB,35.84375_-118.53125,35.84375,-118.53125,0.5122449548067705,0.34260356426239014,1.1279398,1
cdec_ISB,35.84375_-118.59375,35.84375,-118.59375,0.5093630083704318,0.4150887429714203,1.9814548,1
cdec_ISB,35.90625_-117.96875,35.90625,-117.96875,0.5136382673249072,0.10917159914970398,0.34088242,1
cdec_ISB,35.90625_-118.03125,35.90625,-118.03125,0.5037437584857833,0.22343195974826813,0.51666796,1
cdec_ISB,35.90625_-118.09375,35.90625,-118.09375,0.5132351908954393,0.2327810674905777,0.37963822,1
cdec_ISB,35.90625_-118.15625,35.90625,-118.15625,0.5143052640850982,0.2178698182106018,0.32719,1
cdec_ISB,35.90625_-118.21875,35.90625,-118.21875,0.5158102926076261,0.1814792901277542,0.33027598,1
cdec_ISB,35.90625_-118.28125,35.90625,-118.28125,0.5099664591112846,0.26905325055122375,0.57976025,1
cdec_ISB,35.90625_-118.34375,35.90625,-118.34375,0.5120852028791075,0.3271597623825073,0.9246903,1
cdec_ISB,35.90625_-118.40625,35.90625,-118.40625,0.506607798361829,0.3078698217868805,0.87273204,1
cdec_ISB,35.90625_-118.46875,35.90625,-118.46875,0.5145285630626308,0.3095858097076416,0.66098136,1
cdec_ISB,35.90625_-118.53125,35.90625,-118.53125,0.514606533125713,0.35769230127334595,1.3055958,1
cdec_ISB,35.90625_-118.59375,35.90625,-118.59375,0.5141494235476566,0.38899409770965576,2.047375,1
cdec_ISB,35.96875_-117.96875,35.96875,-117.96875,0.5216846439602332,0.1259763240814209,0.30205378,1
cdec_ISB,35.96875_-118.03125,35.96875,-118.03125,0.5067069540777266,0.1834319531917572,0.6023399,1
cdec_ISB,35.96875_-118.09375,35.96875,-118.09375,0.5127781593971957,0.1998816579580307,0.39860964,1
cdec_ISB,35.96875_-118.15625,35.96875,-118.15625,0.513502256688099,0.16733728349208832,0.34034938,1
cdec_ISB,35.96875_-118.21875,35.96875,-118.21875,0.5103582906837394,0.1968047320842743,0.39652315,1
cdec_ISB,35.96875_-118.28125,35.96875,-118.28125,0.5080388391921542,0.2312425971031189,0.9298639,1
cdec_ISB,35.96875_-118.34375,35.96875,-118.34375,0.5207681659227359,0.2908284068107605,1.0315819,1
cdec_ISB,35.96875_-118.40625,35.96875,-118.40625,0.5103068678833835,0.2963905334472656,0.72108245,1
cdec_ISB,35.96875_-118.46875,35.96875,-118.46875,0.5237821504975038,0.27603551745414734,0.5914188,1
cdec_ISB,35.96875_-118.53125,35.96875,-118.53125,0.5154438913183725,0.2869822382926941,1.0231644,1
cdec_ISB,35.96875_-118.59375,35.96875,-118.59375,0.5108014674939971,0.32461538910865784,1.8668936,1
cdec_ISB,35.96875_-118.65625,35.96875,-118.65625,0.5140950546920069,0.3491124212741852,2.2006054,1
cdec_ISB,36.03125_-118.03125,36.03125,-118.03125,0.5108944074162283,0.21082840859889984,0.57600117,1
cdec_ISB,36.03125_-118.09375,36.03125,-118.09375,0.5073932680018828,0.16822485625743866,0.52987987,1
cdec_ISB,36.03125_-118.15625,36.03125,-118.15625,0.510156527489334,0.20562130212783813,0.5564192,1
cdec_ISB,36.03125_-118.21875,36.03125,-118.21875,0.5136001597704848,0.24644970893859863,0.6739278,1
cdec_ISB,36.03125_-118.28125,36.03125,-118.28125,0.5179720490462384,0.290650874376297,0.84914404,1
cdec_ISB,36.03125_-118.34375,36.03125,-118.34375,0.5294835361634092,0.2795858085155487,0.8864581,1
cdec_ISB,36.03125_-118.40625,36.03125,-118.40625,0.5214199280415123,0.3016568124294281,0.8210179,1
cdec_ISB,36.03125_-118.46875,36.03125,-118.46875,0.5201561267156025,0.2753846049308777,0.6143268,1
cdec_ISB,36.03125_-118.53125,36.03125,-118.53125,0.5103147132872172,0.28301775455474854,1.158045,1
cdec_ISB,36.03125_-118.59375,36.03125,-118.59375,0.5169123758403135,0.33656805753707886,1.8930291,1
cdec_ISB,36.09375_-118.03125,36.09375,-118.03125,0.5384507057778055,0.2246745526790619,0.46408355,1
cdec_ISB,36.09375_-118.09375,36.09375,-118.09375,0.5221922217433972,0.25491124391555786,0.6102385,1
cdec_ISB,36.09375_-118.15625,36.09375,-118.15625,0.5165574385132825,0.27721893787384033,0.7479393,1
cdec_ISB,36.09375_-118.21875,36.09375,-118.21875,0.5148802922063052,0.3004733622074127,0.87789017,1
cdec_ISB,36.09375_-118.28125,36.09375,-118.28125,0.5185911580414982,0.3063313663005829,0.85909444,1
cdec_ISB,36.09375_-118.34375,36.09375,-118.34375,0.5302078666369244,0.3066864013671875,0.68418705,1
cdec_ISB,36.09375_-118.40625,36.09375,-118.40625,0.5258447379313722,0.31603550910949707,0.83751065,1
cdec_ISB,36.09375_-118.46875,36.09375,-118.46875,0.5253314223143821,0.2917751371860504,1.0320336,1
cdec_ISB,36.09375_-118.53125,36.09375,-118.53125,0.5212878860789302,0.3414793014526367,1.4972287,1
cdec_ISB,36.09375_-118.59375,36.09375,-118.59375,0.5240016100139433,0.3693491220474243,1.7183979,1
cdec_ISB,36.15625_-118.03125,36.15625,-118.03125,0.5228112863011073,0.21443787217140198,0.4339049,1
cdec_ISB,36.15625_-118.09375,36.15625,-118.09375,0.559776029178993,0.2252071052789688,0.5316436,1
cdec_ISB,36.15625_-118.15625,36.15625,-118.15625,0.5988841819809356,0.28165680170059204,0.55599594,1
cdec_ISB,36.15625_-118.21875,36.15625,-118.21875,0.5221475326858034,0.3444378674030304,0.89046055,1
cdec_ISB,36.15625_-118.28125,36.15625,-118.28125,0.5254172970676142,0.3449704051017761,0.9716053,1
cdec_ISB,36.15625_-118.34375,36.15625,-118.34375,0.5383549023092741,0.29846152663230896,0.6892084,1
cdec_ISB,36.15625_-118.40625,36.15625,-118.40625,0.5441840486695859,0.31023669242858887,0.7446596,1
cdec_ISB,36.15625_-118.46875,36.15625,-118.46875,0.525907815748345,0.3078106641769409,1.1107517,1
cdec_ISB,36.15625_-118.53125,36.15625,-118.53125,0.5330341317278492,0.36017751693725586,1.7030463,1
cdec_ISB,36.15625_-118.59375,36.15625,-118.59375,0.5158038981656246,0.37781065702438354,2.1775255,1
cdec_ISB,36.21875_-118.09375,36.21875,-118.09375,0.5395556606010464,0.22668638825416565,0.5406764,1
cdec_ISB,36.21875_-118.15625,36.21875,-118.15625,0.5823862709672559,0.22733727097511292,0.59534657,1
cdec_ISB,36.21875_-118.21875,36.21875,-118.21875,0.5195581878352986,0.3585207164287567,1.0310396,1
cdec_ISB,36.21875_-118.28125,36.21875,-118.28125,0.5474767623912646,0.316982239484787,0.7908216,1
cdec_ISB,36.21875_-118.34375,36.21875,-118.34375,0.5341120960328696,0.28005915880203247,0.6700135,1
cdec_ISB,36.21875_-118.40625,36.21875,-118.40625,0.5368410929290917,0.2963905334472656,0.92851585,1
cdec_ISB,36.21875_-118.46875,36.21875,-118.46875,0.5324007910453802,0.2914201319217682,0.9134145,1
cdec_ISB,36.21875_-118.53125,36.21875,-118.53125,0.531614869063802,0.31449705362319946,1.311765,1
cdec_ISB,36.21875_-118.59375,36.21875,-118.59375,0.5339265244987903,0.38242602348327637,1.6255337,1
cdec_ISB,36.28125_-118.09375,36.28125,-118.09375,0.5568995725783096,0.09426035732030869,0.37068492,1
cdec_ISB,36.28125_-118.15625,36.28125,-118.15625,0.5257630582100594,0.200059175491333,0.5428423,1
cdec_ISB,36.28125_-118.21875,36.28125,-118.21875,0.5329134642426503,0.2804141938686371,0.80304354,1
cdec_ISB,36.28125_-118.28125,36.28125,-118.28125,0.552082027779574,0.30520710349082947,0.7682631,1
cdec_ISB,36.28125_-118.34375,36.28125,-118.34375,0.5312869685684417,0.25360947847366333,0.6673647,1
cdec_ISB,36.28125_-118.40625,36.28125,-118.40625,0.5431274704413116,0.27177515625953674,0.8293802,1
cdec_ISB,36.28125_-118.46875,36.28125,-118.46875,0.5375821912768632,0.30349111557006836,0.8282546,1
cdec_ISB,36.28125_-118.53125,36.28125,-118.53125,0.5369418636967813,0.29337278008461,0.99651814,1
cdec_ISB,36.28125_-118.59375,36.28125,-118.59375,0.6074830157074858,0.3140828311443329,0.9205719,1
cdec_ISB,36.28125_-118.65625,36.28125,-118.65625,0.5502263199193083,0.29343196749687195,1.0724419,1
cdec_ISB,36.34375_-118.09375,36.34375,-118.09375,0.5202864611593067,0.15532544255256653,0.45452034,1
cdec_ISB,36.34375_-118.15625,36.34375,-118.15625,0.5334315517962326,0.11426035314798355,0.35871845,1
cdec_ISB,36.34375_-118.21875,36.34375,-118.21875,0.5802813185194068,0.13319526612758636,0.39485428,1
cdec_ISB,36.34375_-118.28125,36.34375,-118.28125,0.5368131565855755,0.20343194901943207,0.5379445,1
cdec_ISB,36.34375_-118.34375,36.34375,-118.34375,0.5299004725721442,0.26810652017593384,0.6850437,1
cdec_ISB,36.34375_-118.40625,36.34375,-118.40625,0.5458139247838814,0.27928993105888367,0.7311454,1
cdec_ISB,36.34375_-118.46875,36.34375,-118.46875,0.7784418102291484,0.184201180934906,0.42278084,1
cdec_ISB,36.34375_-118.53125,36.34375,-118.53125,0.5933705112500083,0.26520711183547974,0.68878776,1
cdec_ISB,36.34375_-118.59375,36.34375,-118.59375,0.6215928367076472,0.3037869930267334,0.82239145,1
cdec_ISB,36.40625_-118.15625,36.40625,-118.15625,0.5386343516374464,0.18218934535980225,0.4202429,1
cdec_ISB,36.40625_-118.21875,36.40625,-118.21875,0.5494088516454636,0.12958580255508423,0.3597226,1
cdec_ISB,36.40625_-118.28125,36.40625,-118.28125,0.5555159163184775,0.13562129437923431,0.41161534,1
cdec_ISB,36.40625_-118.34375,36.40625,-118.34375,0.562538852875343,0.19343195855617523,0.504358,1
cdec_ISB,36.40625_-118.40625,36.40625,-118.40625,0.5420024819482016,0.2490532547235489,0.6372415,1
cdec_ISB,36.40625_-118.46875,36.40625,-118.46875,0.7799688374156926,0.16319526731967926,0.4079348,1
cdec_ISB,36.40625_-118.53125,36.40625,-118.53125,0.897450300540018,0.11597633361816406,0.22669429,1
cdec_ISB,36.40625_-118.59375,36.40625,-118.59375,0.9437813695691462,0.1240236684679985,0.32509404,1
cdec_ISB,36.46875_-118.21875,36.46875,-118.21875,0.7273491918937031,0.1363905370235443,0.2844428,1
cdec_ISB,36.46875_-118.28125,36.46875,-118.28125,0.71206116855559,0.11130177229642868,0.29964116,1
cdec_ISB,36.46875_-118.34375,36.46875,-118.34375,0.7871842259751576,0.1346745491027832,0.35142526,1
cdec_ISB,36.46875_-118.40625,36.46875,-118.40625,0.5648465465501804,0.22745561599731445,0.6001062,1
cdec_ISB,36.46875_-118.46875,36.46875,-118.46875,0.6684886005352237,0.25940829515457153,0.6033104,1
cdec_ISB,36.46875_-118.53125,36.46875,-118.53125,0.9458840290069783,0.10573964565992355,0.24717316,1
cdec_ISB,36.46875_-118.59375,36.46875,-118.59375,0.7424545175781248,0.23804733157157898,0.6382408,1
cdec_ISB,36.53125_-118.21875,36.53125,-118.21875,0.6488813198236405,0.04319526627659798,0.1680795,1
cdec_ISB,36.53125_-118.28125,36.53125,-118.28125,0.6913170449889443,0.023786982521414757,0.10695275,1
cdec_ISB,36.53125_-118.34375,36.53125,-118.34375,0.7266281633402554,0.09881656616926193,0.3256319,1
cdec_ISB,36.53125_-118.40625,36.53125,-118.40625,0.6652531993917883,0.15639053285121918,0.4477529,1
cdec_ISB,36.53125_-118.46875,36.53125,-118.46875,0.8138292141131372,0.06289941072463989,0.16037658,1
cdec_ISB,36.53125_-118.53125,36.53125,-118.53125,1.0178243289324953,0.09562130272388458,0.2052905,1
cdec_ISB,36.53125_-118.59375,36.53125,-118.59375,0.6063151166007632,0.24538461863994598,0.91063535,1
cdec_ISB,36.59375_-118.28125,36.59375,-118.28125,0.6757153473109554,0.015917159616947174,0.11349879,1
cdec_ISB,36.59375_-118.34375,36.59375,-118.34375,0.7973372279589912,0.08857987821102142,0.1965425,1
cdec_ISB,36.59375_-118.40625,36.59375,-118.40625,0.7960375558355867,0.1547929048538208,0.3831698,1
cdec_ISB,36.59375_-118.46875,36.59375,-118.46875,0.927959634230265,0.051479291170835495,0.12885803,1
cdec_ISB,36.59375_-118.53125,36.59375,-118.53125,0.92720134033415,0.03544378653168678,0.1037294,1
cdec_ISB,36.65625_-118.28125,36.65625,-118.28125,0.6618446027277887,0.058816567063331604,0.24855971,1
cdec_ISB,36.65625_-118.34375,36.65625,-118.34375,0.7628521326827237,0.02662721835076809,0.10927415,1
cdec_ISB,36.65625_-118.40625,36.65625,-118.40625,0.9755715136525028,0.08952663093805313,0.16227548,1
cdec_ISB,36.65625_-118.46875,36.65625,-118.46875,0.7727805094296261,0.024319525808095932,0.089756474,1
cdec_ISB,36.71875_-118.34375,36.71875,-118.34375,0.8313358705374834,0.06319526582956314,0.20590597,1
cdec_ISB,36.71875_-118.40625,36.71875,-118.40625,0.7608819033187713,0.06355029344558716,0.15508716,1
cdec_MIL,36.96875_-119.59375,36.96875,-119.59375,0.5866237105241163,0.40278106927871704,0.8926996,1
cdec_MIL,36.96875_-119.65625,36.96875,-119.65625,0.6231303202403148,0.33952662348747253,0.8091801,1
cdec_MIL,36.96875_-119.71875,36.96875,-119.71875,0.6117874750111201,0.3407100737094879,0.88280624,1
cdec_MIL,37.03125_-119.34375,37.03125,-119.34375,0.5285855925631376,0.32573965191841125,1.5585022,1
cdec_MIL,37.03125_-119.40625,37.03125,-119.40625,0.5425300060259199,0.3721301853656769,1.4049164,1
cdec_MIL,37.03125_-119.46875,37.03125,-119.46875,0.637367090960699,0.35727810859680176,1.157973,1
cdec_MIL,37.03125_-119.53125,37.03125,-119.53125,0.6009847177743541,0.3709467351436615,1.1099358,1
cdec_MIL,37.03125_-119.59375,37.03125,-119.59375,0.6710524100537143,0.3713017702102661,0.9755981,1
cdec_MIL,37.03125_-119.65625,37.03125,-119.65625,0.7401092422906088,0.26579880714416504,0.821731,1
cdec_MIL,37.03125_-119.71875,37.03125,-119.71875,0.639098301924256,0.41183432936668396,0.8559459,1
cdec_MIL,37.09375_-118.65625,37.09375,-118.65625,0.9555415790224093,0.01928994059562683,0.082974605,1
cdec_MIL,37.09375_-118.71875,37.09375,-118.71875,0.9936278430727781,0.03911242634057999,0.08829014,1
cdec_MIL,37.09375_-118.78125,37.09375,-118.78125,1.0699256172612088,0.0959763303399086,0.16125372,1
cdec_MIL,37.09375_-119.21875,37.09375,-119.21875,0.5188237267143191,0.39639052748680115,1.2889059,1
cdec_MIL,37.09375_-119.28125,37.09375,-119.28125,0.5082313497808976,0.36869823932647705,1.6320494,1
cdec_MIL,37.09375_-119.34375,37.09375,-119.34375,0.5254374705831238,0.33520710468292236,1.6587437,1
cdec_MIL,37.09375_-119.40625,37.09375,-119.40625,0.5474800408591942,0.3210059106349945,1.5318959,1
cdec_MIL,37.09375_-119.46875,37.09375,-119.46875,0.5676478501672956,0.4042011797428131,1.2970527,1
cdec_MIL,37.09375_-119.53125,37.09375,-119.53125,0.6661378329893537,0.415976345539093,1.1705376,1
cdec_MIL,37.09375_-119.59375,37.09375,-119.59375,0.7150132813524331,0.4175739586353302,1.0972741,1
cdec_MIL,37.09375_-119.65625,37.09375,-119.65625,0.5746645603820919,0.4175148010253906,1.1047907,1
cdec_MIL,37.09375_-119.71875,37.09375,-119.71875,0.5712840937795045,0.4318934977054596,0.9696893,1
cdec_MIL,37.15625_-118.65625,37.15625,-118.65625,0.8454279043420192,0.02869822457432747,0.0906823,1
cdec_MIL,37.15625_-118.71875,37.15625,-118.71875,1.0318217119715531,0.11307692527770996,0.19441666,1
cdec_MIL,37.15625_-118.78125,37.15625,-118.78125,1.1718790655560298,0.13053254783153534,0.20620811,1
cdec_MIL,37.15625_-118.84375,37.15625,-118.84375,1.0863256870950075,0.18201182782649994,0.28455004,1
cdec_MIL,37.15625_-118.90625,37.15625,-118.90625,0.7275583719607928,0.3245562016963959,0.6811713,1
cdec_MIL,37.15625_-118.96875,37.15625,-118.96875,0.612708892672288,0.38360947370529175,0.78607464,1
cdec_MIL,37.15625_-119.03125,37.15625,-119.03125,0.7126318411758846,0.3361538350582123,0.63872564,1
cdec_MIL,37.15625_-119.09375,37.15625,-119.09375,0.658892921885726,0.32147929072380066,0.628943,1
cdec_MIL,37.15625_-119.15625,37.15625,-119.15625,0.5743001880909316,0.40917161107063293,1.0371357,1
cdec_MIL,37.15625_-119.21875,37.15625,-119.21875,0.575956817135113,0.32076922059059143,1.1322808,1
cdec_MIL,37.15625_-119.28125,37.15625,-119.28125,0.5177637529957299,0.3096449673175812,1.5787634,1
cdec_MIL,37.15625_-119.34375,37.15625,-119.34375,0.5647749240543272,0.3168047368526459,1.4680693,1
cdec_MIL,37.15625_-119.40625,37.15625,-119.40625,0.7461137031413759,0.3268639147281647,1.2293503,1
cdec_MIL,37.15625_-119.46875,37.15625,-119.46875,0.7336200329885036,0.4094082713127136,1.2257528,1
cdec_MIL,37.15625_-119.53125,37.15625,-119.53125,0.8182610810798094,0.4188757538795471,1.2236902,1
cdec_MIL,37.15625_-119.59375,37.15625,-119.59375,0.7138050057201393,0.41301774978637695,1.2281818,1
cdec_MIL,37.15625_-119.65625,37.15625,-119.65625,0.5924105694998041,0.4059171676635742,1.1790471,1
cdec_MIL,37.15625_-119.71875,37.15625,-119.71875,0.5867562822789688,0.4102366864681244,1.110383,1
cdec_MIL,37.21875_-118.65625,37.21875,-118.65625,0.8796310991981933,0.05414201319217682,0.14358315,1
cdec_MIL,37.21875_-118.71875,37.21875,-118.71875,1.0182817372544188,0.11142011731863022,0.1476597,1
cdec_MIL,37.21875_-118.78125,37.21875,-118.78125,1.0603113515618516,0.12911242246627808,0.23327428,1
cdec_MIL,37.21875_-118.84375,37.21875,-118.84375,0.7663098415225857,0.20094674825668335,0.39042947,1
cdec_MIL,37.21875_-118.90625,37.21875,-118.90625,0.7613600290738274,0.21491123735904694,0.44229534,1
cdec_MIL,37.21875_-118.96875,37.21875,-118.96875,0.6622217942472686,0.33094674348831177,0.66128856,1
cdec_MIL,37.21875_-119.03125,37.21875,-119.03125,0.6163391477773122,0.3637869954109192,0.6980079,1
cdec_MIL,37.21875_-119.09375,37.21875,-119.09375,0.5959821381260811,0.3552071154117584,0.7419015,1
cdec_MIL,37.21875_-119.15625,37.21875,-119.15625,0.5808210318149418,0.3357396423816681,0.97606605,1
cdec_MIL,37.21875_-119.21875,37.21875,-119.21875,0.5318016707275129,0.3256804645061493,1.2868499,1
cdec_MIL,37.21875_-119.28125,37.21875,-119.28125,0.5414694502642191,0.328934907913208,1.3526933,1
cdec_MIL,37.21875_-119.34375,37.21875,-119.34375,0.6546635092792116,0.3066864013671875,1.3410163,1
cdec_MIL,37.21875_-119.40625,37.21875,-119.40625,0.5294280331116346,0.34278106689453125,1.8711551,1
cdec_MIL,37.21875_-119.46875,37.21875,-119.46875,0.5682978951684746,0.35130178928375244,1.6129347,1
cdec_MIL,37.21875_-119.53125,37.21875,-119.53125,0.5664844981670775,0.3701775074005127,1.4039017,1
cdec_MIL,37.21875_-119.59375,37.21875,-119.59375,0.657041543670744,0.4224260449409485,1.4209018,1
cdec_MIL,37.21875_-119.65625,37.21875,-119.65625,0.5787559943598601,0.41165679693222046,1.3684465,1
cdec_MIL,37.28125_-118.65625,37.28125,-118.65625,0.9903728674135057,0.08704142272472382,0.1604181,1
cdec_MIL,37.28125_-118.71875,37.28125,-118.71875,1.108606068226477,0.11982248723506927,0.15709408,1
cdec_MIL,37.28125_-118.78125,37.28125,-118.78125,1.1435774536091707,0.12923076748847961,0.25349206,1
cdec_MIL,37.28125_-118.84375,37.28125,-118.84375,1.068616849165064,0.12011834233999252,0.17719974,1
cdec_MIL,37.28125_-118.90625,37.28125,-118.90625,0.9181358545766154,0.23461538553237915,0.47996488,1
cdec_MIL,37.28125_-118.96875,37.28125,-118.96875,0.6637501692910512,0.27295857667922974,0.5881209,1
cdec_MIL,37.28125_-119.03125,37.28125,-119.03125,0.75763744067114,0.31917160749435425,0.7285975,1
cdec_MIL,37.28125_-119.09375,37.28125,-119.09375,0.6291698400102893,0.3721301853656769,0.793547,1
cdec_MIL,37.28125_-119.15625,37.28125,-119.15625,0.6337674676229733,0.33059170842170715,0.87159455,1
cdec_MIL,37.28125_-119.21875,37.28125,-119.21875,0.6387066316581671,0.31899407505989075,0.90426326,1
cdec_MIL,37.28125_-119.28125,37.28125,-119.28125,0.5335753653477296,0.3537278175354004,1.3570652,1
cdec_MIL,37.28125_-119.34375,37.28125,-119.34375,0.5655147270221189,0.32497042417526245,1.6272221,1
cdec_MIL,37.28125_-119.40625,37.28125,-119.40625,0.5220733669996896,0.3697633147239685,1.8729832,1
cdec_MIL,37.28125_-119.46875,37.28125,-119.46875,0.511355546288816,0.40544378757476807,1.8038417,1
cdec_MIL,37.28125_-119.53125,37.28125,-119.53125,0.5206462421681792,0.4273964464664459,1.9337761,1
cdec_MIL,37.28125_-119.59375,37.28125,-119.59375,0.527046160396182,0.43183431029319763,1.9416224,1
cdec_MIL,37.28125_-119.65625,37.28125,-119.65625,0.5622872127673828,0.3971005976200104,1.4918766,1
cdec_MIL,37.34375_-118.71875,37.34375,-118.71875,0.9046904395755568,0.06207100674510002,0.1552819,1
cdec_MIL,37.34375_-118.78125,37.34375,-118.78125,0.8331034125524269,0.017869822680950165,0.08030797,1
cdec_MIL,37.34375_-118.84375,37.34375,-118.84375,0.9191621166156102,0.09721893817186356,0.19684058,1
cdec_MIL,37.34375_-118.90625,37.34375,-118.90625,0.8355046591304958,0.25532543659210205,0.4608028,1
cdec_MIL,37.34375_-118.96875,37.34375,-118.96875,0.5870168902260775,0.3040236830711365,0.76232094,1
cdec_MIL,37.34375_-119.03125,37.34375,-119.03125,0.654878670411551,0.26869821548461914,0.79703134,1
cdec_MIL,37.34375_-119.09375,37.34375,-119.09375,0.6518161307258084,0.31804734468460083,0.89733225,1
cdec_MIL,37.34375_-119.15625,37.34375,-119.15625,0.5986968106980796,0.35325443744659424,1.0897753,1
cdec_MIL,37.34375_-119.21875,37.34375,-119.21875,0.5545843060005052,0.3478698134422302,1.2130803,1
cdec_MIL,37.34375_-119.28125,37.34375,-119.28125,0.5555241209853508,0.29846152663230896,1.2253597,1
cdec_MIL,37.34375_-119.34375,37.34375,-119.34375,0.5743238653389928,0.27213019132614136,1.314592,1
cdec_MIL,37.34375_-119.40625,37.34375,-119.40625,0.5656400904098029,0.2917751371860504,1.2328107,1
cdec_MIL,37.34375_-119.46875,37.34375,-119.46875,0.5171444468853768,0.39964497089385986,1.6406976,1
cdec_MIL,37.34375_-119.53125,37.34375,-119.53125,0.5155003993910234,0.44491124153137207,2.1185226,1
cdec_MIL,37.34375_-119.59375,37.34375,-119.59375,0.5232671803445879,0.38745561242103577,1.752579,1
cdec_MIL,37.40625_-118.78125,37.40625,-118.78125,0.8804794143642123,0.06408283859491348,0.13242532,1
cdec_MIL,37.40625_-118.84375,37.40625,-118.84375,0.9250965359015406,0.10822485387325287,0.29769576,1
cdec_MIL,37.40625_-118.90625,37.40625,-118.90625,0.8879861273125487,0.28023669123649597,0.5325241,1
cdec_MIL,37.40625_-118.96875,37.40625,-118.96875,0.6642854108195316,0.3218343257904053,0.8613896,1
cdec_MIL,37.40625_-119.03125,37.40625,-119.03125,0.6733192718456361,0.34662720561027527,0.96011806,1
cdec_MIL,37.40625_-119.09375,37.40625,-119.09375,0.5704750457159894,0.3362721800804138,1.0820124,1
cdec_MIL,37.40625_-119.15625,37.40625,-119.15625,0.6165731200720617,0.3105917274951935,1.0104111,1
cdec_MIL,37.40625_-119.21875,37.40625,-119.21875,0.5671875034849919,0.3241420090198517,1.1825867,1
cdec_MIL,37.40625_-119.28125,37.40625,-119.28125,0.5424282041702858,0.2713017761707306,1.1390887,1
cdec_MIL,37.40625_-119.34375,37.40625,-119.34375,0.5444093592144205,0.31958580017089844,1.2814019,1
cdec_MIL,37.40625_-119.40625,37.40625,-119.40625,0.5309557130299277,0.3432544469833374,1.4851586,1
cdec_MIL,37.40625_-119.46875,37.40625,-119.46875,0.606731390537899,0.33579882979393005,0.8897335,1
cdec_MIL,37.40625_-119.53125,37.40625,-119.53125,0.5184726238163093,0.4862130284309387,2.0662568,1
cdec_MIL,37.40625_-119.59375,37.40625,-119.59375,0.5116493439534877,0.42402365803718567,2.313842,1
cdec_MIL,37.46875_-118.78125,37.46875,-118.78125,0.9916656454839948,0.12065088748931885,0.24182606,1
cdec_MIL,37.46875_-118.84375,37.46875,-118.84375,1.098461013041899,0.10763313621282578,0.18683775,1
cdec_MIL,37.46875_-118.90625,37.46875,-118.90625,1.0993251318766815,0.1209467425942421,0.19619672,1
cdec_MIL,37.46875_-118.96875,37.46875,-118.96875,0.9795629236114733,0.2014201134443283,0.32845175,1
cdec_MIL,37.46875_-119.03125,37.46875,-119.03125,1.0688784264716347,0.15988165140151978,0.2775416,1
cdec_MIL,37.46875_-119.09375,37.46875,-119.09375,0.6410173643868347,0.3689940869808197,0.92767125,1
cdec_MIL,37.46875_-119.15625,37.46875,-119.15625,0.5437063287927093,0.34526628255844116,1.34087,1
cdec_MIL,37.46875_-119.21875,37.46875,-119.21875,0.5659658134802272,0.2653254568576813,0.83754677,1
cdec_MIL,37.46875_-119.28125,37.46875,-119.28125,0.6175781208340978,0.31106507778167725,0.9820639,1
cdec_MIL,37.46875_-119.34375,37.46875,-119.34375,0.5668786121891218,0.33390533924102783,1.1013998,1
cdec_MIL,37.46875_-119.40625,37.46875,-119.40625,0.5548454238657405,0.36698225140571594,1.240181,1
cdec_MIL,37.46875_-119.46875,37.46875,-119.46875,0.5724677973248963,0.39698225259780884,1.0389456,1
cdec_MIL,37.46875_-119.53125,37.46875,-119.53125,0.5428494053653676,0.43680474162101746,1.3854588,1
cdec_MIL,37.46875_-119.59375,37.46875,-119.59375,0.5113890211004306,0.4308875799179077,2.216755,1
cdec_MIL,37.53125_-118.84375,37.53125,-118.84375,1.1112236676736829,0.09840236604213715,0.21269602,1
cdec_MIL,37.53125_-118.90625,37.53125,-118.90625,1.013117397546524,0.1108875721693039,0.14996575,1
cdec_MIL,37.53125_-118.96875,37.53125,-118.96875,0.987564683545072,0.2262130230665207,0.3525995,1
cdec_MIL,37.53125_-119.03125,37.53125,-119.03125,0.6679569537295793,0.33230769634246826,0.6700952,1
cdec_MIL,37.53125_-119.09375,37.53125,-119.09375,0.5862968736558953,0.3569822609424591,0.8412686,1
cdec_MIL,37.53125_-119.15625,37.53125,-119.15625,0.5537735407412531,0.3292899429798126,1.14257,1
cdec_MIL,37.53125_-119.21875,37.53125,-119.21875,0.6112893751067092,0.33076924085617065,1.0670663,1
cdec_MIL,37.53125_-119.28125,37.53125,-119.28125,0.6869393495275021,0.32692307233810425,0.98071074,1
cdec_MIL,37.53125_-119.34375,37.53125,-119.34375,0.9508633628413872,0.2503550350666046,0.6009196,1
cdec_MIL,37.53125_-119.40625,37.53125,-119.40625,0.7133253872499571,0.30000001192092896,0.74168473,1
cdec_MIL,37.53125_-119.46875,37.53125,-119.46875,0.6026264252454411,0.38130176067352295,0.8484126,1
cdec_MIL,37.59375_-118.96875,37.59375,-118.96875,0.7761413171058469,0.2605917155742645,0.52035433,1
cdec_MIL,37.59375_-119.03125,37.59375,-119.03125,0.8384690700263859,0.30852070450782776,0.57325447,1
cdec_MIL,37.59375_-119.09375,37.59375,-119.09375,0.8206880988895613,0.316982239484787,0.61721766,1
cdec_MIL,37.59375_-119.15625,37.59375,-119.15625,1.1301313859159485,0.27124258875846863,0.5784552,1
cdec_MIL,37.59375_-119.21875,37.59375,-119.21875,0.8056756314433617,0.33153846859931946,0.79736996,1
cdec_MIL,37.59375_-119.28125,37.59375,-119.28125,0.8899103820302808,0.2991715967655182,0.64511156,1
cdec_MIL,37.59375_-119.34375,37.59375,-119.34375,1.1243618482587303,0.19585798680782318,0.32419956,1
cdec_MIL,37.59375_-119.40625,37.59375,-119.40625,0.8053699469437228,0.21834319829940796,0.33236757,1
cdec_MIL,37.65625_-119.03125,37.65625,-119.03125,0.8542510509746413,0.2940828502178192,0.72860765,1
cdec_MIL,37.65625_-119.09375,37.65625,-119.09375,0.849689801955036,0.3438461422920227,0.68461466,1
cdec_MIL,37.65625_-119.15625,37.65625,-119.15625,1.1593304939024662,0.17071005702018738,0.2106235,1
cdec_MIL,37.65625_-119.21875,37.65625,-119.21875,1.119644946034339,0.15508875250816345,0.24864343,1
cdec_MIL,37.65625_-119.28125,37.65625,-119.28125,1.2861202699762515,0.1623668670654297,0.21821204,1
cdec_MIL,37.65625_-119.34375,37.65625,-119.34375,1.06279030858043,0.15804733335971832,0.22322355,1
cdec_MIL,37.71875_-119.09375,37.71875,-119.09375,1.2234237374096044,0.2637869715690613,0.4708504,1
cdec_MIL,37.71875_-119.15625,37.71875,-119.15625,1.3118878458561873,0.2366272211074829,0.27473798,1
cdec_MIL,37.71875_-119.21875,37.71875,-119.21875,1.219845541007694,0.10118342936038971,0.13185787,1
cdec_MIL,37.71875_-119.28125,37.71875,-119.28125,0.971498157537907,0.04289940744638443,0.09242787,1
cdec_MKM,38.28125_-120.28125,38.28125,-120.28125,0.5222344456435749,0.48059171438217163,2.5738482,1
cdec_MKM,38.28125_-120.34375,38.28125,-120.34375,0.5222980531215822,0.48035502433776855,2.4614704,1
cdec_MKM,38.28125_-120.40625,38.28125,-120.40625,0.534369605874164,0.5075739622116089,2.1351912,1
cdec_MKM,38.28125_-120.65625,38.28125,-120.65625,0.6860122923642529,0.3823668658733368,1.5396265,1
cdec_MKM,38.28125_-120.71875,38.28125,-120.71875,0.6615797192303299,0.4260946810245514,1.4265928,1
cdec_MKM,38.34375_-120.21875,38.34375,-120.21875,0.5307563006167596,0.45662721991539,1.9717127,1
cdec_MKM,38.34375_-120.28125,38.34375,-120.28125,0.5361433284359022,0.48479288816452026,2.0783732,1
cdec_MKM,38.34375_-120.34375,38.34375,-120.34375,0.5373425691155902,0.5624852180480957,2.7107675,1
cdec_MKM,38.34375_-120.40625,38.34375,-120.40625,0.5310564465852751,0.5824260115623474,2.7787566,1
cdec_MKM,38.34375_-120.46875,38.34375,-120.46875,0.5677379941909405,0.49390533566474915,2.0379653,1
cdec_MKM,38.34375_-120.53125,38.34375,-120.53125,0.5448809314209829,0.46473371982574463,2.0450664,1
cdec_MKM,38.34375_-120.59375,38.34375,-120.59375,0.7295019286759045,0.41183432936668396,1.9824749,1
cdec_MKM,38.34375_-120.65625,38.34375,-120.65625,0.7532194715655909,0.36017751693725586,1.5613662,1
cdec_MKM,38.34375_-120.71875,38.34375,-120.71875,0.7101350041774637,0.4085206985473633,1.5437162,1
cdec_MKM,38.40625_-120.15625,38.40625,-120.15625,0.5646321350399327,0.44207102060317993,1.476958,1
cdec_MKM,38.40625_-120.21875,38.40625,-120.21875,0.5532901176651608,0.46792900562286377,1.7864678,1
cdec_MKM,38.40625_-120.28125,38.40625,-120.28125,0.5514632375196288,0.5013017654418945,2.164998,1
cdec_MKM,38.40625_-120.34375,38.40625,-120.34375,0.5429375167531238,0.5460355281829834,2.5019429,1
cdec_MKM,38.40625_-120.40625,38.40625,-120.40625,0.5340612831739324,0.5407100319862366,2.4527228,1
cdec_MKM,38.40625_-120.46875,38.40625,-120.46875,0.5337646424138754,0.4740236699581146,2.2033012,1
cdec_MKM,38.40625_-120.53125,38.40625,-120.53125,0.5584336350804908,0.4427219033241272,2.0827372,1
cdec_MKM,38.40625_-120.59375,38.40625,-120.59375,0.5847641650644294,0.4831360876560211,2.150943,1
cdec_MKM,38.40625_-120.65625,38.40625,-120.65625,0.5338168321287193,0.42520710825920105,2.31316,1
cdec_MKM,38.46875_-119.78125,38.46875,-119.78125,0.990801698357157,0.31165680289268494,0.59377897,1
cdec_MKM,38.46875_-119.84375,38.46875,-119.84375,0.8507596971695603,0.3062721788883209,0.56553006,1
cdec_MKM,38.46875_-119.90625,38.46875,-119.90625,0.841843814195222,0.28218933939933777,0.51501566,1
cdec_MKM,38.46875_-120.03125,38.46875,-120.03125,0.6775128788664022,0.354082852602005,0.7285589,1
cdec_MKM,38.46875_-120.09375,38.46875,-120.09375,0.6236228951250871,0.39733728766441345,0.9831986,1
cdec_MKM,38.46875_-120.15625,38.46875,-120.15625,0.5579852772360624,0.44550296664237976,1.3505068,1
cdec_MKM,38.46875_-120.21875,38.46875,-120.21875,0.5480095066439145,0.47124260663986206,1.7596909,1
cdec_MKM,38.46875_-120.28125,38.46875,-120.28125,0.5452206815577897,0.4930769205093384,2.0057378,1
cdec_MKM,38.46875_-120.34375,38.46875,-120.34375,0.5469215577223199,0.5443786978721619,2.3281584,1
cdec_MKM,38.46875_-120.40625,38.46875,-120.40625,0.5517995876175513,0.5536686182022095,2.7177973,1
cdec_MKM,38.46875_-120.46875,38.46875,-120.46875,0.5424521683817272,0.5519526600837708,2.695722,1
cdec_MKM,38.46875_-120.53125,38.46875,-120.53125,0.5160375833620406,0.44130176305770874,2.62163,1
cdec_MKM,38.53125_-119.78125,38.53125,-119.78125,0.9992820343092317,0.2824852168560028,0.5217712,1
cdec_MKM,38.53125_-119.84375,38.53125,-119.84375,0.8091580234907212,0.309171587228775,0.6154244,1
cdec_MKM,38.53125_-119.90625,38.53125,-119.90625,0.7268143606863086,0.3500591814517975,0.78047353,1
cdec_MKM,38.53125_-119.96875,38.53125,-119.96875,0.7774935268466947,0.34449705481529236,0.6241349,1
cdec_MKM,38.53125_-120.03125,38.53125,-120.03125,0.607108940517163,0.375029593706131,0.87467813,1
cdec_MKM,38.53125_-120.09375,38.53125,-120.09375,0.6245060722303986,0.3140828311443329,0.847214,1
cdec_MKM,38.53125_-120.15625,38.53125,-120.15625,0.6230432128990093,0.3902958631515503,1.0772175,1
cdec_MKM,38.53125_-120.21875,38.53125,-120.21875,0.56031527128928,0.4017159640789032,1.2282064,1
cdec_MKM,38.53125_-120.28125,38.53125,-120.28125,0.5590347295650833,0.4345562160015106,1.4052664,1
cdec_MKM,38.53125_-120.34375,38.53125,-120.34375,0.548516478347913,0.5142603516578674,2.097227,1
cdec_MKM,38.53125_-120.40625,38.53125,-120.40625,0.5370259955803219,0.5237869620323181,2.497622,1
cdec_MKM,38.53125_-120.46875,38.53125,-120.46875,0.5326318732805926,0.5042011737823486,2.8218453,1
cdec_MKM,38.53125_-120.53125,38.53125,-120.53125,0.5272516775826542,0.5265088677406311,2.8666446,1
cdec_MKM,38.59375_-119.84375,38.59375,-119.84375,0.9902763935787462,0.25029584765434265,0.4245221,1
cdec_MKM,38.59375_-119.90625,38.59375,-119.90625,0.8098451975017735,0.33603549003601074,0.728317,1
cdec_MKM,38.59375_-119.96875,38.59375,-119.96875,1.141694687149579,0.2662721872329712,0.50443953,1
cdec_MKM,38.59375_-120.03125,38.59375,-120.03125,0.9792187641217125,0.2840236723423004,0.54417294,1
cdec_MKM,38.59375_-120.09375,38.59375,-120.09375,0.8085936419336477,0.26573964953422546,0.46721667,1
cdec_MKM,38.59375_-120.15625,38.59375,-120.15625,0.7477310754012774,0.24887573719024658,0.44766393,1
cdec_MKM,38.59375_-120.21875,38.59375,-120.21875,0.6772174864741356,0.3766863942146301,0.99213415,1
cdec_MKM,38.59375_-120.28125,38.59375,-120.28125,0.5751410288673902,0.4530177414417267,1.5698949,1
cdec_MKM,38.65625_-119.90625,38.65625,-119.90625,1.2136435455547558,0.28999999165534973,0.481123,1
cdec_MKM,38.65625_-119.96875,38.65625,-119.96875,1.1453058886549297,0.2530769109725952,0.46622092,1
cdec_MKM,38.65625_-120.03125,38.65625,-120.03125,1.0995717771504276,0.24254438281059265,0.40972182,1
cdec_MKM,38.65625_-120.09375,38.65625,-120.09375,0.7035952661080327,0.27603551745414734,0.5490117,1
cdec_MKM,38.65625_-120.15625,38.65625,-120.15625,0.8409567432122624,0.2800000011920929,0.74549997,1
cdec_MKM,38.65625_-120.21875,38.65625,-120.21875,0.7514184940251011,0.3163905441761017,1.3234475,1
cdec_MRC,37.46875_-119.46875,37.46875,-119.46875,0.5724677973248963,0.39698225259780884,1.0389456,1
cdec_MRC,37.46875_-119.53125,37.46875,-119.53125,0.5428494053653676,0.43680474162101746,1.3854588,1
cdec_MRC,37.46875_-119.59375,37.46875,-119.59375,0.5113890211004306,0.4308875799179077,2.216755,1
cdec_MRC,37.46875_-119.65625,37.46875,-119.65625,0.50952588901604,0.4715384542942047,2.5993972,1
cdec_MRC,37.46875_-119.71875,37.46875,-119.71875,0.5103149926697006,0.4502958655357361,2.350405,1
cdec_MRC,37.53125_-119.40625,37.53125,-119.40625,0.7133253872499571,0.30000001192092896,0.74168473,1
cdec_MRC,37.53125_-119.46875,37.53125,-119.46875,0.6026264252454411,0.38130176067352295,0.8484126,1
cdec_MRC,37.53125_-119.53125,37.53125,-119.53125,0.5461679935493872,0.35958579182624817,1.1226006,1
cdec_MRC,37.53125_-119.59375,37.53125,-119.59375,0.5114770494071477,0.37952661514282227,1.8495194,1
cdec_MRC,37.53125_-119.65625,37.53125,-119.65625,0.5095788985585011,0.45786982774734497,2.2157993,1
cdec_MRC,37.53125_-119.71875,37.53125,-119.71875,0.5113543278333091,0.386982262134552,2.1739168,1
cdec_MRC,37.53125_-119.78125,37.53125,-119.78125,0.5245325128682579,0.3852662742137909,2.067586,1
cdec_MRC,37.53125_-119.84375,37.53125,-119.84375,0.5389523847094945,0.303846150636673,2.040947,1
cdec_MRC,37.53125_-119.90625,37.53125,-119.90625,0.557984847323585,0.3227810561656952,1.7886566,1
cdec_MRC,37.53125_-119.96875,37.53125,-119.96875,0.5463204141036095,0.38230767846107483,1.3921607,1
cdec_MRC,37.53125_-120.03125,37.53125,-120.03125,0.5545327984105973,0.3291715979576111,1.1788218,1
cdec_MRC,37.53125_-120.09375,37.53125,-120.09375,0.6406275179592076,0.34899407625198364,1.141202,1
cdec_MRC,37.53125_-120.15625,37.53125,-120.15625,0.6839922353421151,0.38905325531959534,0.94421786,1
cdec_MRC,37.53125_-120.21875,37.53125,-120.21875,0.6131480768997994,0.4201183319091797,0.86335886,1
cdec_MRC,37.53125_-120.28125,37.53125,-120.28125,0.6100449005354935,0.4086982309818268,0.8195237,1
cdec_MRC,37.59375_-119.34375,37.59375,-119.34375,1.1243618482587303,0.19585798680782318,0.32419956,1
cdec_MRC,37.59375_-119.40625,37.59375,-119.40625,0.8053699469437228,0.21834319829940796,0.33236757,1
cdec_MRC,37.59375_-119.46875,37.59375,-119.46875,0.781784228450809,0.2583431899547577,0.46251866,1
cdec_MRC,37.59375_-119.53125,37.59375,-119.53125,0.6877122527417658,0.27005916833877563,0.6037368,1
cdec_MRC,37.59375_-119.59375,37.59375,-119.59375,0.5749026629466522,0.3599408268928528,1.0073057,1
cdec_MRC,37.59375_-119.65625,37.59375,-119.65625,0.5124998051508645,0.4937869906425476,2.0394962,1
cdec_MRC,37.59375_-119.71875,37.59375,-119.71875,0.5352130961421346,0.3751479387283325,1.8323164,1
cdec_MRC,37.59375_-119.78125,37.59375,-119.78125,0.5704167695706996,0.3533727824687958,1.5881735,1
cdec_MRC,37.59375_-119.84375,37.59375,-119.84375,0.5543505559172385,0.34816569089889526,1.9501561,1
cdec_MRC,37.59375_-119.90625,37.59375,-119.90625,0.5756977721056553,0.3566272258758545,1.726815,1
cdec_MRC,37.59375_-119.96875,37.59375,-119.96875,0.6288862405704689,0.3471597731113434,1.097485,1
cdec_MRC,37.59375_-120.03125,37.59375,-120.03125,0.5647724930217614,0.34088757634162903,1.0654464,1
cdec_MRC,37.59375_-120.09375,37.59375,-120.09375,0.6860367202851889,0.3229585886001587,1.055711,1
cdec_MRC,37.59375_-120.15625,37.59375,-120.15625,0.6288935696538855,0.3098224997520447,0.9718333,1
cdec_MRC,37.59375_-120.21875,37.59375,-120.21875,0.6631639756600938,0.3592899441719055,0.95761883,1
cdec_MRC,37.59375_-120.28125,37.59375,-120.28125,0.8400613726059357,0.31455621123313904,0.78445,1
cdec_MRC,37.65625_-119.28125,37.65625,-119.28125,1.2861202699762515,0.1623668670654297,0.21821204,1
cdec_MRC,37.65625_-119.34375,37.65625,-119.34375,1.06279030858043,0.15804733335971832,0.22322355,1
cdec_MRC,37.65625_-119.40625,37.65625,-119.40625,1.0236881051969258,0.11053254455327988,0.19283086,1
cdec_MRC,37.65625_-119.46875,37.65625,-119.46875,0.6176370267396013,0.31431952118873596,0.7720174,1
cdec_MRC,37.65625_-119.53125,37.65625,-119.53125,0.5953592509711281,0.3190532624721527,0.77500826,1
cdec_MRC,37.65625_-119.59375,37.65625,-119.59375,0.5729444490535354,0.3655029535293579,1.0122432,1
cdec_MRC,37.65625_-119.65625,37.65625,-119.65625,0.5287165868390209,0.4453846216201782,1.4828845,1
cdec_MRC,37.65625_-119.71875,37.65625,-119.71875,0.5133926206687117,0.3887574076652527,1.9316374,1
cdec_MRC,37.65625_-119.78125,37.65625,-119.78125,0.5761334532879993,0.35147929191589355,1.5756124,1
cdec_MRC,37.65625_-119.84375,37.65625,-119.84375,0.6792698368394174,0.3291715979576111,1.2626147,1
cdec_MRC,37.65625_-119.90625,37.65625,-119.90625,0.6980148621308419,0.32727810740470886,1.1709238,1
cdec_MRC,37.65625_-119.96875,37.65625,-119.96875,0.5405889361698002,0.40218934416770935,1.1732845,1
cdec_MRC,37.65625_-120.03125,37.65625,-120.03125,0.543884195714386,0.4036686420440674,1.067681,1
cdec_MRC,37.65625_-120.09375,37.65625,-120.09375,0.5961518466917771,0.3722485303878784,1.0890235,1
cdec_MRC,37.65625_-120.15625,37.65625,-120.15625,0.7264090060150146,0.3199999928474426,0.96582866,1
cdec_MRC,37.65625_-120.21875,37.65625,-120.21875,0.6618978212228304,0.3284023702144623,0.89161557,1
cdec_MRC,37.65625_-120.28125,37.65625,-120.28125,0.7171158464939712,0.31917160749435425,0.87691545,1
cdec_MRC,37.65625_-120.34375,37.65625,-120.34375,0.6098827315264412,0.32366862893104553,0.7653781,1
cdec_MRC,37.71875_-119.28125,37.71875,-119.28125,0.971498157537907,0.04289940744638443,0.09242787,1
cdec_MRC,37.71875_-119.34375,37.71875,-119.34375,0.8619201347215475,0.18005916476249695,0.31418443,1
cdec_MRC,37.71875_-119.40625,37.71875,-119.40625,0.6836621163268658,0.22644969820976257,0.44679365,1
cdec_MRC,37.71875_-119.46875,37.71875,-119.46875,0.5908811347840713,0.2826627194881439,0.6155209,1
cdec_MRC,37.71875_-119.53125,37.71875,-119.53125,0.5463275557139491,0.345976322889328,0.86689216,1
cdec_MRC,37.71875_-119.59375,37.71875,-119.59375,0.5291784363805772,0.3651479184627533,1.1311091,1
cdec_MRC,37.71875_-119.65625,37.71875,-119.65625,0.519958623466963,0.3866272270679474,1.3431263,1
cdec_MRC,37.71875_-119.71875,37.71875,-119.71875,0.5119879546350564,0.3951479196548462,1.3757483,1
cdec_MRC,37.71875_-119.78125,37.71875,-119.78125,0.5135811587228977,0.38325443863868713,1.627957,1
cdec_MRC,37.71875_-119.84375,37.71875,-119.84375,0.5179248568367448,0.4243786931037903,2.000061,1
cdec_MRC,37.71875_-119.90625,37.71875,-119.90625,0.5489132528314966,0.3718934953212738,1.6008974,1
cdec_MRC,37.71875_-119.96875,37.71875,-119.96875,0.5521761348359372,0.46562129259109497,1.8406016,1
cdec_MRC,37.71875_-120.03125,37.71875,-120.03125,0.5458421175200089,0.46715977787971497,1.4765534,1
cdec_MRC,37.71875_-120.09375,37.71875,-120.09375,0.5185810038676454,0.45059171319007874,1.49545,1
cdec_MRC,37.71875_-120.15625,37.71875,-120.15625,0.5562053875305013,0.4324851930141449,1.4570773,1
cdec_MRC,37.71875_-120.21875,37.71875,-120.21875,0.6074827121134053,0.4278106391429901,1.1282659,1
cdec_MRC,37.71875_-120.28125,37.71875,-120.28125,0.5732381696765423,0.439289927482605,1.0384601,1
cdec_MRC,37.71875_-120.34375,37.71875,-120.34375,0.7756310016149054,0.327751487493515,0.8946752,1
cdec_MRC,37.78125_-119.28125,37.78125,-119.28125,1.1598091166239168,0.1460946798324585,0.22676516,1
cdec_MRC,37.78125_-119.34375,37.78125,-119.34375,1.0905558813522611,0.1569230705499649,0.21755967,1
cdec_MRC,37.78125_-119.40625,37.78125,-119.40625,0.9343719075564229,0.2426627278327942,0.34339353,1
cdec_MRC,37.78125_-119.46875,37.78125,-119.46875,0.7538888674517009,0.2641420066356659,0.45774624,1
cdec_MRC,37.78125_-119.53125,37.78125,-119.53125,0.5482126094607006,0.33579882979393005,0.789818,1
cdec_MRC,37.78125_-119.59375,37.78125,-119.59375,0.5912579666268252,0.3701183497905731,0.8198876,1
cdec_MRC,37.78125_-119.65625,37.78125,-119.65625,0.633218836272695,0.3318343162536621,0.7022689,1
cdec_MRC,37.78125_-119.71875,37.78125,-119.71875,0.5485420487806423,0.3858579993247986,0.9942055,1
cdec_MRC,37.78125_-119.78125,37.78125,-119.78125,0.5111592808542627,0.40041419863700867,1.6660738,1
cdec_MRC,37.78125_-119.84375,37.78125,-119.84375,0.5111022151785082,0.3960946798324585,2.0976837,1
cdec_MRC,37.78125_-119.90625,37.78125,-119.90625,0.5117000478555463,0.3914792835712433,2.1305215,1
cdec_MRC,37.78125_-119.96875,37.78125,-119.96875,0.5211397829961234,0.41899406909942627,2.215863,1
cdec_MRC,37.78125_-120.03125,37.78125,-120.03125,0.5292806581873442,0.46739643812179565,1.7758132,1
cdec_MRC,37.78125_-120.09375,37.78125,-120.09375,0.5182935623938656,0.4326627254486084,1.609646,1
cdec_MRC,37.78125_-120.15625,37.78125,-120.15625,0.5279769860067715,0.4562721848487854,1.8220307,1
cdec_MRC,37.78125_-120.21875,37.78125,-120.21875,0.5329603936674759,0.4508875608444214,1.4137285,1
cdec_MRC,37.84375_-119.34375,37.84375,-119.34375,0.9599488211823584,0.26751479506492615,0.50064576,1
cdec_MRC,37.84375_-119.40625,37.84375,-119.40625,0.9156992313262903,0.24319526553153992,0.3883451,1
cdec_MRC,37.84375_-119.46875,37.84375,-119.46875,0.8172869719373823,0.23656804859638214,0.35019273,1
cdec_MRC,37.84375_-119.53125,37.84375,-119.53125,0.8330561981139799,0.2271597683429718,0.44542456,1
cdec_MRC,37.84375_-119.59375,37.84375,-119.59375,0.6490119398891769,0.3442011773586273,0.81418365,1
cdec_MRC,37.84375_-119.65625,37.84375,-119.65625,0.6582196420283339,0.3585207164287567,0.8102599,1
cdec_MRC,37.84375_-120.03125,37.84375,-120.03125,0.5549974932722748,0.3480473458766937,1.3702224,1
cdec_MRC,37.84375_-120.09375,37.84375,-120.09375,0.7072769871559447,0.34603551030158997,1.2318128,1
cdec_MRC,37.90625_-119.53125,37.90625,-119.53125,0.6181570570177705,0.23692308366298676,0.48946267,1
cdec_MRC,37.90625_-119.59375,37.90625,-119.59375,0.562938992350455,0.3109467327594757,0.7573519,1
cdec_NHG,38.03125_-120.59375,38.03125,-120.59375,0.5833524014399966,0.3860355019569397,1.2608882,1
cdec_NHG,38.03125_-120.65625,38.03125,-120.65625,0.61072257606104,0.4236094653606415,1.1965009,1
cdec_NHG,38.03125_-120.71875,38.03125,-120.71875,0.5854528872286114,0.30000001192092896,0.97370803,1
cdec_NHG,38.03125_-120.78125,38.03125,-120.78125,0.6227834687463674,0.4300000071525574,1.0357913,1
cdec_NHG,38.09375_-120.46875,38.09375,-120.46875,0.6704451669898137,0.40136095881462097,1.3919041,1
cdec_NHG,38.09375_-120.53125,38.09375,-120.53125,0.7560627542643131,0.37721893191337585,1.3979094,1
cdec_NHG,38.09375_-120.59375,38.09375,-120.59375,0.6518343453890869,0.42189347743988037,1.3185859,1
cdec_NHG,38.09375_-120.65625,38.09375,-120.65625,0.6295660898116495,0.45035502314567566,1.2228218,1
cdec_NHG,38.09375_-120.71875,38.09375,-120.71875,0.5898176111803519,0.44260355830192566,1.1531464,1
cdec_NHG,38.09375_-120.78125,38.09375,-120.78125,0.5701498624326997,0.38999998569488525,1.1815174,1
cdec_NHG,38.09375_-120.84375,38.09375,-120.84375,0.6024861192802328,0.3100000023841858,1.1068486,1
cdec_NHG,38.15625_-120.34375,38.15625,-120.34375,0.6395869184436481,0.4746745526790619,1.6667325,1
cdec_NHG,38.15625_-120.40625,38.15625,-120.40625,0.5459217270907334,0.44781064987182617,1.7195325,1
cdec_NHG,38.15625_-120.46875,38.15625,-120.46875,0.5598272013964024,0.4289940893650055,1.7378992,1
cdec_NHG,38.15625_-120.53125,38.15625,-120.53125,0.6267774369748509,0.4250887632369995,1.5817558,1
cdec_NHG,38.15625_-120.59375,38.15625,-120.59375,0.6442883753880972,0.4305325448513031,1.4147342,1
cdec_NHG,38.15625_-120.65625,38.15625,-120.65625,0.7368851033858131,0.41224852204322815,1.207745,1
cdec_NHG,38.15625_-120.71875,38.15625,-120.71875,0.5612027535507901,0.4443195164203644,1.3599148,1
cdec_NHG,38.15625_-120.78125,38.15625,-120.78125,0.8035322673753569,0.2956213057041168,0.91638964,1
cdec_NHG,38.15625_-120.84375,38.15625,-120.84375,0.6947652436800534,0.29224851727485657,1.0021203,1
cdec_NHG,38.21875_-120.34375,38.21875,-120.34375,0.521217494640603,0.3951479196548462,2.1198947,1
cdec_NHG,38.21875_-120.40625,38.21875,-120.40625,0.5360188610403065,0.4899408221244812,2.2328594,1
cdec_NHG,38.21875_-120.46875,38.21875,-120.46875,0.6016853952775996,0.4443195164203644,1.5748386,1
cdec_NHG,38.21875_-120.53125,38.21875,-120.53125,0.7021555018317127,0.3780473470687866,1.4868654,1
cdec_NHG,38.21875_-120.59375,38.21875,-120.59375,0.6353744878147969,0.37721893191337585,1.5253259,1
cdec_NHG,38.21875_-120.65625,38.21875,-120.65625,0.7236662621374839,0.3843195140361786,1.3775483,1
cdec_NHG,38.21875_-120.71875,38.21875,-120.71875,0.688639121767604,0.40816569328308105,1.2806331,1
cdec_NHG,38.21875_-120.78125,38.21875,-120.78125,0.635459628209833,0.40822485089302063,1.0660906,1
cdec_NHG,38.28125_-120.28125,38.28125,-120.28125,0.5222344456435749,0.48059171438217163,2.5738482,1
cdec_NHG,38.28125_-120.34375,38.28125,-120.34375,0.5222980531215822,0.48035502433776855,2.4614704,1
cdec_NHG,38.28125_-120.40625,38.28125,-120.40625,0.534369605874164,0.5075739622116089,2.1351912,1
cdec_NHG,38.28125_-120.46875,38.28125,-120.46875,0.5981321446145801,0.44088757038116455,1.3923808,1
cdec_NHG,38.28125_-120.53125,38.28125,-120.53125,0.6988095561349492,0.3678106367588043,1.8618457,1
cdec_NHG,38.28125_-120.59375,38.28125,-120.59375,0.6291135734720504,0.38378697633743286,1.847751,1
cdec_NHG,38.28125_-120.65625,38.28125,-120.65625,0.6860122923642529,0.3823668658733368,1.5396265,1
cdec_NHG,38.28125_-120.71875,38.28125,-120.71875,0.6615797192303299,0.4260946810245514,1.4265928,1
cdec_NHG,38.34375_-120.28125,38.34375,-120.28125,0.5361433284359022,0.48479288816452026,2.0783732,1
cdec_NHG,38.34375_-120.40625,38.34375,-120.40625,0.5310564465852751,0.5824260115623474,2.7787566,1
cdec_NHG,38.34375_-120.46875,38.34375,-120.46875,0.5677379941909405,0.49390533566474915,2.0379653,1
cdec_NHG,38.34375_-120.53125,38.34375,-120.53125,0.5448809314209829,0.46473371982574463,2.0450664,1
cdec_NHG,38.34375_-120.59375,38.34375,-120.59375,0.7295019286759045,0.41183432936668396,1.9824749,1
cdec_NHG,38.34375_-120.65625,38.34375,-120.65625,0.7532194715655909,0.36017751693725586,1.5613662,1
cdec_NML,37.90625_-120.46875,37.90625,-120.46875,0.6990656041276206,0.3937278091907501,1.0878545,1
cdec_NML,37.90625_-120.53125,37.90625,-120.53125,0.7250668109285511,0.3747929036617279,0.931514,1
cdec_NML,37.96875_-120.40625,37.96875,-120.40625,0.6835236920595892,0.31514793634414673,1.3669026,1
cdec_NML,37.96875_-120.46875,37.96875,-120.46875,0.7921193420875617,0.2933136224746704,1.0953628,1
cdec_NML,37.96875_-120.53125,37.96875,-120.53125,0.8165567262550422,0.19863905012607574,0.8745991,1
cdec_NML,37.96875_-120.59375,37.96875,-120.59375,0.6078654997337211,0.37603551149368286,1.1276121,1
cdec_NML,38.03125_-120.21875,38.03125,-120.21875,0.5101592832588528,0.3914792835712433,2.1590676,1
cdec_NML,38.03125_-120.28125,38.03125,-120.28125,0.5200790616279541,0.3766863942146301,1.9643158,1
cdec_NML,38.03125_-120.34375,38.03125,-120.34375,0.5607960559667942,0.42538461089134216,1.9911144,1
cdec_NML,38.03125_-120.40625,38.03125,-120.40625,0.6135222890381451,0.3840828537940979,1.485656,1
cdec_NML,38.03125_-120.46875,38.03125,-120.46875,0.7608359928752509,0.32745561003685,1.2242261,1
cdec_NML,38.03125_-120.53125,38.03125,-120.53125,0.8459643350457173,0.3620118200778961,1.1485858,1
cdec_NML,38.03125_-120.59375,38.03125,-120.59375,0.5833524014399966,0.3860355019569397,1.2608882,1
cdec_NML,38.09375_-120.09375,38.09375,-120.09375,0.535461626083893,0.5249112248420715,2.1080258,1
cdec_NML,38.09375_-120.15625,38.09375,-120.15625,0.5270997987131635,0.49153846502304077,2.1221294,1
cdec_NML,38.09375_-120.21875,38.09375,-120.21875,0.5280984975264994,0.5004141926765442,2.2393909,1
cdec_NML,38.09375_-120.28125,38.09375,-120.28125,0.5816895889203171,0.5285798907279968,2.4049633,1
cdec_NML,38.09375_-120.34375,38.09375,-120.34375,0.6423314243192547,0.521242618560791,2.032751,1
cdec_NML,38.09375_-120.40625,38.09375,-120.40625,0.6924495503582627,0.415976345539093,1.3422024,1
cdec_NML,38.09375_-120.46875,38.09375,-120.46875,0.6704451669898137,0.40136095881462097,1.3919041,1
cdec_NML,38.09375_-120.53125,38.09375,-120.53125,0.7560627542643131,0.37721893191337585,1.3979094,1
cdec_NML,38.09375_-120.59375,38.09375,-120.59375,0.6518343453890869,0.42189347743988037,1.3185859,1
cdec_NML,38.15625_-119.96875,38.15625,-119.96875,0.543151018619614,0.4349704086780548,1.4761113,1
cdec_NML,38.15625_-120.03125,38.15625,-120.03125,0.5345010540487392,0.5074556469917297,2.091119,1
cdec_NML,38.15625_-120.09375,38.15625,-120.09375,0.5344314309885897,0.49236685037612915,2.0256002,1
cdec_NML,38.15625_-120.15625,38.15625,-120.15625,0.5454746770053316,0.5040828585624695,1.8925898,1
cdec_NML,38.15625_-120.21875,38.15625,-120.21875,0.5541282485232472,0.5123077034950256,2.0366807,1
cdec_NML,38.15625_-120.28125,38.15625,-120.28125,0.5777718255102596,0.49153846502304077,2.0128245,1
cdec_NML,38.15625_-120.34375,38.15625,-120.34375,0.6395869184436481,0.4746745526790619,1.6667325,1
cdec_NML,38.15625_-120.40625,38.15625,-120.40625,0.5459217270907334,0.44781064987182617,1.7195325,1
cdec_NML,38.15625_-120.46875,38.15625,-120.46875,0.5598272013964024,0.4289940893650055,1.7378992,1
cdec_NML,38.21875_-119.59375,38.21875,-119.59375,1.2820482874502623,0.15088757872581482,0.23540086,1
cdec_NML,38.21875_-119.65625,38.21875,-119.65625,1.30158592094622,0.07976331561803818,0.14929593,1
cdec_NML,38.21875_-119.71875,38.21875,-119.71875,1.1877041210324286,0.09349112212657928,0.17226027,1
cdec_NML,38.21875_-119.78125,38.21875,-119.78125,1.1587675123669996,0.19307692348957062,0.3129587,1
cdec_NML,38.21875_-119.84375,38.21875,-119.84375,1.039899990159133,0.18739645183086395,0.3703389,1
cdec_NML,38.21875_-119.90625,38.21875,-119.90625,0.6662915699343392,0.3243195414543152,0.6769794,1
cdec_NML,38.21875_-119.96875,38.21875,-119.96875,0.5468918181716046,0.4338461458683014,1.5099119,1
cdec_NML,38.21875_-120.03125,38.21875,-120.03125,0.5321905282311833,0.47183433175086975,1.9714762,1
cdec_NML,38.21875_-120.09375,38.21875,-120.09375,0.5283808615509014,0.45467454195022583,1.8284996,1
cdec_NML,38.21875_-120.15625,38.21875,-120.15625,0.53496290647718,0.47165679931640625,1.8556651,1
cdec_NML,38.21875_-120.21875,38.21875,-120.21875,0.5406036713246104,0.5036094784736633,2.0927463,1
cdec_NML,38.21875_-120.28125,38.21875,-120.28125,0.5403554279561219,0.5099999904632568,2.0104513,1
cdec_NML,38.21875_-120.34375,38.21875,-120.34375,0.521217494640603,0.3951479196548462,2.1198947,1
cdec_NML,38.21875_-120.40625,38.21875,-120.40625,0.5360188610403065,0.4899408221244812,2.2328594,1
cdec_NML,38.28125_-119.59375,38.28125,-119.59375,1.294864252851545,0.195443794131279,0.34116784,1
cdec_NML,38.28125_-119.65625,38.28125,-119.65625,1.3378838448583954,0.15355029702186584,0.29143733,1
cdec_NML,38.28125_-119.71875,38.28125,-119.71875,0.7230561876756225,0.2344970405101776,0.5639113,1
cdec_NML,38.28125_-119.78125,38.28125,-119.78125,0.8634061498112878,0.3039644956588745,0.6571709,1
cdec_NML,38.28125_-119.84375,38.28125,-119.84375,0.6985956630858554,0.3246745467185974,0.7753871,1
cdec_NML,38.28125_-119.90625,38.28125,-119.90625,0.5961057833149588,0.4086982309818268,0.9719458,1
cdec_NML,38.28125_-119.96875,38.28125,-119.96875,0.5469875134803456,0.47183433175086975,1.5498317,1
cdec_NML,38.28125_-120.03125,38.28125,-120.03125,0.5443527468071611,0.4670414328575134,1.9827311,1
cdec_NML,38.28125_-120.09375,38.28125,-120.09375,0.5523655079119902,0.4768047332763672,1.5322003,1
cdec_NML,38.28125_-120.15625,38.28125,-120.15625,0.5616752655758205,0.4649704098701477,1.7105151,1
cdec_NML,38.28125_-120.21875,38.28125,-120.21875,0.5476552019355823,0.4918343126773834,2.1338837,1
cdec_NML,38.28125_-120.28125,38.28125,-120.28125,0.5222344456435749,0.48059171438217163,2.5738482,1
cdec_NML,38.28125_-120.34375,38.28125,-120.34375,0.5222980531215822,0.48035502433776855,2.4614704,1
cdec_NML,38.34375_-119.65625,38.34375,-119.65625,1.317321331045572,0.17650887370109558,0.2556792,1
cdec_NML,38.34375_-119.71875,38.34375,-119.71875,0.9730314379594449,0.28822484612464905,0.61743975,1
cdec_NML,38.34375_-119.78125,38.34375,-119.78125,0.6987189576993237,0.33426034450531006,0.9117342,1
cdec_NML,38.34375_-119.84375,38.34375,-119.84375,0.618013187258844,0.34627220034599304,1.2004294,1
cdec_NML,38.34375_-119.90625,38.34375,-119.90625,0.5811397000424682,0.38763314485549927,1.2181453,1
cdec_NML,38.34375_-119.96875,38.34375,-119.96875,0.6195660779687588,0.3858579993247986,1.0572926,1
cdec_NML,38.34375_-120.03125,38.34375,-120.03125,0.5925560006519607,0.44455620646476746,1.3174696,1
cdec_NML,38.34375_-120.09375,38.34375,-120.09375,0.6012590851262877,0.436923086643219,1.2360071,1
cdec_NML,38.34375_-120.15625,38.34375,-120.15625,0.5617179194790248,0.49857988953590393,1.7625328,1
cdec_NML,38.34375_-120.21875,38.34375,-120.21875,0.5307563006167596,0.45662721991539,1.9717127,1
cdec_NML,38.34375_-120.28125,38.34375,-120.28125,0.5361433284359022,0.48479288816452026,2.0783732,1
cdec_NML,38.40625_-119.65625,38.40625,-119.65625,0.9703745421496315,0.23041419684886932,0.4261061,1
cdec_NML,38.40625_-119.71875,38.40625,-119.71875,0.6604425160142542,0.3571597635746002,0.80224824,1
cdec_NML,38.40625_-119.78125,38.40625,-119.78125,0.5799005420316882,0.37627220153808594,1.1737899,1
cdec_NML,38.40625_-119.84375,38.40625,-119.84375,0.6841902150281396,0.36852070689201355,0.9955979,1
cdec_NML,38.40625_-119.90625,38.40625,-119.90625,0.7312205323436106,0.30579882860183716,0.6715703,1
cdec_NML,38.40625_-119.96875,38.40625,-119.96875,0.7849963666588912,0.2627218961715698,0.60112035,1
cdec_NML,38.40625_-120.03125,38.40625,-120.03125,0.6490577341877741,0.38266271352767944,0.91798776,1
cdec_NML,38.40625_-120.09375,38.40625,-120.09375,0.6077656177820436,0.415680468082428,1.1438287,1
cdec_NML,38.40625_-120.15625,38.40625,-120.15625,0.5646321350399327,0.44207102060317993,1.476958,1
cdec_NML,38.40625_-120.21875,38.40625,-120.21875,0.5532901176651608,0.46792900562286377,1.7864678,1
cdec_NML,38.46875_-119.65625,38.46875,-119.65625,0.6762083403776483,0.3111834228038788,0.6788131,1
cdec_NML,38.46875_-119.71875,38.46875,-119.71875,0.8529622543582702,0.3300591707229614,0.65579706,1
cdec_NML,38.46875_-119.78125,38.46875,-119.78125,0.990801698357157,0.31165680289268494,0.59377897,1
cdec_NML,38.46875_-119.84375,38.46875,-119.84375,0.8507596971695603,0.3062721788883209,0.56553006,1
cdec_NML,38.46875_-119.90625,38.46875,-119.90625,0.841843814195222,0.28218933939933777,0.51501566,1
cdec_NML,38.46875_-119.96875,38.46875,-119.96875,0.7690510410219373,0.3206508755683899,0.5208087,1
cdec_NML,38.46875_-120.03125,38.46875,-120.03125,0.6775128788664022,0.354082852602005,0.7285589,1
cdec_NML,38.46875_-120.09375,38.46875,-120.09375,0.6236228951250871,0.39733728766441345,0.9831986,1
cdec_NML,38.46875_-120.15625,38.46875,-120.15625,0.5579852772360624,0.44550296664237976,1.3505068,1
cdec_NML,38.53125_-119.84375,38.53125,-119.84375,0.8091580234907212,0.309171587228775,0.6154244,1
cdec_NML,38.53125_-119.90625,38.53125,-119.90625,0.7268143606863086,0.3500591814517975,0.78047353,1
cdec_NML,38.53125_-119.96875,38.53125,-119.96875,0.7774935268466947,0.34449705481529236,0.6241349,1
cdec_NML,38.53125_-120.03125,38.53125,-120.03125,0.607108940517163,0.375029593706131,0.87467813,1
cdec_ORO,39.46875_-120.28125,39.46875,-120.28125,0.8158190782703445,0.3499999940395355,1.7033416,1
cdec_ORO,39.46875_-120.34375,39.46875,-120.34375,0.687900665578435,0.44999998807907104,1.119578,1
cdec_ORO,39.46875_-120.40625,39.46875,-120.40625,0.7359836318318013,0.39544379711151123,0.993333,1
cdec_ORO,39.46875_-121.28125,39.46875,-121.28125,0.5642757778154698,0.46000000834465027,1.4554206,1
cdec_ORO,39.46875_-121.34375,39.46875,-121.34375,0.669257289888585,0.45579880475997925,1.8505012,1
cdec_ORO,39.46875_-121.40625,39.46875,-121.40625,0.8606754037104536,0.37106508016586304,1.3007919,1
cdec_ORO,39.53125_-120.09375,39.53125,-120.09375,1.0767449450402826,0.3700000047683716,1.148196,1
cdec_ORO,39.53125_-120.15625,39.53125,-120.15625,0.8901774717452808,0.41710057854652405,1.2166538,1
cdec_ORO,39.53125_-120.21875,39.53125,-120.21875,1.0020298720328942,0.39911243319511414,1.0108823,1
cdec_ORO,39.53125_-120.28125,39.53125,-120.28125,0.7842386905642704,0.4221893548965454,1.3077217,1
cdec_ORO,39.53125_-120.34375,39.53125,-120.34375,0.6683235214335819,0.4511834383010864,1.7936238,1
cdec_ORO,39.53125_-120.40625,39.53125,-120.40625,0.6609686892071186,0.45615383982658386,1.6442881,1
cdec_ORO,39.53125_-120.46875,39.53125,-120.46875,0.6558704493818303,0.4088165760040283,1.2624482,1
cdec_ORO,39.53125_-121.09375,39.53125,-121.09375,0.5755231142054106,0.6588165760040283,3.5388358,1
cdec_ORO,39.53125_-121.15625,39.53125,-121.15625,0.5370269007705278,0.5534319281578064,3.2352722,1
cdec_ORO,39.53125_-121.21875,39.53125,-121.21875,0.5368862098729452,0.5500591993331909,3.4176571,1
cdec_ORO,39.53125_-121.28125,39.53125,-121.28125,0.5588272673477315,0.49142012000083923,3.0695465,1
cdec_ORO,39.53125_-121.34375,39.53125,-121.34375,0.8108453337115322,0.4120118319988251,2.212381,1
cdec_ORO,39.53125_-121.40625,39.53125,-121.40625,1.0798270426075853,0.3246745467185974,1.4827114,1
cdec_ORO,39.53125_-121.46875,39.53125,-121.46875,1.0504840812259082,0.19994083046913147,1.1025035,1
cdec_ORO,39.53125_-121.53125,39.53125,-121.53125,0.9488622954848064,0.5199999809265137,1.3214309,1
cdec_ORO,39.59375_-120.09375,39.59375,-120.09375,0.9212150643158442,0.3922485113143921,1.0242385,1
cdec_ORO,39.59375_-120.15625,39.59375,-120.15625,0.7901476408536807,0.38396450877189636,1.0441319,1
cdec_ORO,39.59375_-120.21875,39.59375,-120.21875,0.7935197495692615,0.36331361532211304,0.82924664,1
cdec_ORO,39.59375_-120.28125,39.59375,-120.28125,0.8861018349210449,0.3759171664714813,0.89156157,1
cdec_ORO,39.59375_-120.34375,39.59375,-120.34375,1.1916490027027813,0.4359763264656067,1.0559403,1
cdec_ORO,39.59375_-120.40625,39.59375,-120.40625,0.9571653141188106,0.5265088677406311,1.4566015,1
cdec_ORO,39.59375_-120.46875,39.59375,-120.46875,0.6595829762375351,0.4361538589000702,1.4707338,1
cdec_ORO,39.59375_-121.03125,39.59375,-121.03125,0.5796214687386494,0.6459171772003174,3.378193,1
cdec_ORO,39.59375_-121.09375,39.59375,-121.09375,0.5749674194753507,0.5868047475814819,3.1956153,1
cdec_ORO,39.59375_-121.15625,39.59375,-121.15625,0.5619769147177632,0.4653254449367523,3.0828247,1
cdec_ORO,39.59375_-121.21875,39.59375,-121.21875,0.6343766932704717,0.31568047404289246,3.1744444,1
cdec_ORO,39.59375_-121.28125,39.59375,-121.28125,0.7577125040573851,0.3721301853656769,2.5761223,1
cdec_ORO,39.59375_-121.34375,39.59375,-121.34375,0.9374753785643276,0.3078106641769409,1.8525429,1
cdec_ORO,39.59375_-121.40625,39.59375,-121.40625,1.0438243896059163,0.2963905334472656,1.860633,1
cdec_ORO,39.59375_-121.46875,39.59375,-121.46875,1.1065483597917183,0.2695266306400299,1.3405914,1
cdec_ORO,39.59375_-121.53125,39.59375,-121.53125,0.8034658165016202,0.40585798025131226,1.2553227,1
cdec_ORO,39.65625_-120.09375,39.65625,-120.09375,1.264947026508385,0.3422485291957855,0.7651794,1
cdec_ORO,39.65625_-120.15625,39.65625,-120.15625,1.4456215518765236,0.35301774740219116,0.53719455,1
cdec_ORO,39.65625_-120.21875,39.65625,-120.21875,1.5129756590872934,0.3084615468978882,0.5520325,1
cdec_ORO,39.65625_-120.28125,39.65625,-120.28125,1.1453266956405164,0.3806508779525757,0.82567686,1
cdec_ORO,39.65625_-120.34375,39.65625,-120.34375,1.407661480093613,0.4059171676635742,0.6987974,1
cdec_ORO,39.65625_-120.40625,39.65625,-120.40625,0.7792547152752778,0.4685207009315491,0.7828271,1
cdec_ORO,39.65625_-120.46875,39.65625,-120.46875,0.7051014354752752,0.46502959728240967,2.0129066,1
cdec_ORO,39.65625_-120.53125,39.65625,-120.53125,0.7108082501041589,0.49550294876098633,1.8178016,1
cdec_ORO,39.65625_-120.59375,39.65625,-120.59375,0.6939960083110178,0.44319525361061096,1.3882059,1
cdec_ORO,39.65625_-120.65625,39.65625,-120.65625,0.6972111321754837,0.35207101702690125,0.86326385,1
cdec_ORO,39.65625_-120.71875,39.65625,-120.71875,0.6330096731874832,0.4695858061313629,1.4396706,1
cdec_ORO,39.65625_-121.03125,39.65625,-121.03125,0.5924286998180841,0.5996449589729309,2.7797987,1
cdec_ORO,39.65625_-121.09375,39.65625,-121.09375,0.5783344673267551,0.457810640335083,2.4814093,1
cdec_ORO,39.65625_-121.15625,39.65625,-121.15625,0.6323154043639403,0.30715975165367126,2.3054779,1
cdec_ORO,39.65625_-121.21875,39.65625,-121.21875,0.5953919903459833,0.32378697395324707,2.591688,1
cdec_ORO,39.65625_-121.28125,39.65625,-121.28125,0.687873423373305,0.36538460850715637,2.3128896,1
cdec_ORO,39.65625_-121.34375,39.65625,-121.34375,0.6759330166332771,0.34159764647483826,2.6222181,1
cdec_ORO,39.65625_-121.40625,39.65625,-121.40625,0.7278797699941093,0.3584023714065552,2.852996,1
cdec_ORO,39.65625_-121.46875,39.65625,-121.46875,0.8330152151515529,0.3484615385532379,1.9013058,1
cdec_ORO,39.65625_-121.53125,39.65625,-121.53125,1.0279559750588603,0.36136093735694885,1.3106686,1
cdec_ORO,39.65625_-121.59375,39.65625,-121.59375,0.8204506517478999,0.374970406293869,1.1023724,1
cdec_ORO,39.71875_-120.09375,39.71875,-120.09375,1.540366009690532,0.23000000417232513,0.3194514,1
cdec_ORO,39.71875_-120.15625,39.71875,-120.15625,1.4763850700247172,0.3362721800804138,0.62429345,1
cdec_ORO,39.71875_-120.21875,39.71875,-120.21875,1.1564528105545475,0.36100590229034424,0.4651434,1
cdec_ORO,39.71875_-120.28125,39.71875,-120.28125,0.5917960196856709,0.45272189378738403,0.6294171,1
cdec_ORO,39.71875_-120.34375,39.71875,-120.34375,0.5827120385409277,0.5166863799095154,0.6237294,1
cdec_ORO,39.71875_-120.40625,39.71875,-120.40625,1.3143585816354126,0.3661538362503052,0.7979351,1
cdec_ORO,39.71875_-120.46875,39.71875,-120.46875,0.9415661207608832,0.4018934965133667,1.5771669,1
cdec_ORO,39.71875_-120.53125,39.71875,-120.53125,0.7632731737441959,0.44029584527015686,1.9023236,1
cdec_ORO,39.71875_-120.59375,39.71875,-120.59375,0.7385713694337829,0.4826035499572754,1.9400076,1
cdec_ORO,39.71875_-120.65625,39.71875,-120.65625,0.6699234058263035,0.46502959728240967,1.623821,1
cdec_ORO,39.71875_-120.71875,39.71875,-120.71875,0.6158190584980685,0.41999998688697815,1.0435479,1
cdec_ORO,39.71875_-120.78125,39.71875,-120.78125,0.6657394842323963,0.4626627266407013,1.3731897,1
cdec_ORO,39.71875_-120.84375,39.71875,-120.84375,0.6774466608717153,0.49639052152633667,1.6615199,1
cdec_ORO,39.71875_-120.90625,39.71875,-120.90625,0.6544601036145987,0.5019526481628418,1.7879876,1
cdec_ORO,39.71875_-120.96875,39.71875,-120.96875,0.6408308313410102,0.4187574088573456,1.7377431,1
cdec_ORO,39.71875_-121.03125,39.71875,-121.03125,0.6183861613563099,0.428816556930542,1.6860882,1
cdec_ORO,39.71875_-121.09375,39.71875,-121.09375,0.6991922059557982,0.34455621242523193,1.8591844,1
cdec_ORO,39.71875_-121.15625,39.71875,-121.15625,0.5660410350843507,0.36254438757896423,2.3204844,1
cdec_ORO,39.71875_-121.21875,39.71875,-121.21875,0.5839111159592523,0.3947928845882416,2.3978767,1
cdec_ORO,39.71875_-121.28125,39.71875,-121.28125,0.6596142586041374,0.414437860250473,3.0264218,1
cdec_ORO,39.71875_-121.34375,39.71875,-121.34375,0.628148376131288,0.4275739789009094,3.5157323,1
cdec_ORO,39.71875_-121.40625,39.71875,-121.40625,0.5998302583612602,0.4801183342933655,3.3820553,1
cdec_ORO,39.71875_-121.46875,39.71875,-121.46875,0.7450880558777988,0.440828412771225,2.2541118,1
cdec_ORO,39.71875_-121.53125,39.71875,-121.53125,0.9367154902758572,0.3523077070713043,1.5250808,1
cdec_ORO,39.71875_-121.59375,39.71875,-121.59375,1.0190818436480176,0.2862130105495453,1.3437617,1
cdec_ORO,39.78125_-120.09375,39.78125,-120.09375,1.4704349200421405,0.31455621123313904,0.3288934,1
cdec_ORO,39.78125_-120.15625,39.78125,-120.15625,1.4257726136955458,0.3215976357460022,0.38637868,1
cdec_ORO,39.78125_-120.21875,39.78125,-120.21875,0.7897772034337138,0.3585798740386963,0.7128101,1
cdec_ORO,39.78125_-120.28125,39.78125,-120.28125,0.7145095387935353,0.38343194127082825,0.7132103,1
cdec_ORO,39.78125_-120.34375,39.78125,-120.34375,0.6347610619575821,0.44781064987182617,0.5201366,1
cdec_ORO,39.78125_-120.40625,39.78125,-120.40625,1.2728971183779008,0.3520118296146393,0.9466998,1
cdec_ORO,39.78125_-120.46875,39.78125,-120.46875,0.8755971580405169,0.3659171462059021,1.0614002,1
cdec_ORO,39.78125_-120.53125,39.78125,-120.53125,0.9748107361935524,0.37491124868392944,1.1698593,1
cdec_ORO,39.78125_-120.59375,39.78125,-120.59375,0.6585913913654493,0.38147929310798645,1.5050913,1
cdec_ORO,39.78125_-120.65625,39.78125,-120.65625,0.7064472194463411,0.47011834383010864,2.117823,1
cdec_ORO,39.78125_-120.71875,39.78125,-120.71875,0.740630204745985,0.488047331571579,2.0992486,1
cdec_ORO,39.78125_-120.78125,39.78125,-120.78125,0.744559597073331,0.5030177235603333,2.0440698,1
cdec_ORO,39.78125_-120.84375,39.78125,-120.84375,0.6673798573514629,0.5040828585624695,1.8831004,1
cdec_ORO,39.78125_-120.90625,39.78125,-120.90625,0.6622479091156701,0.4138461649417877,1.5271125,1
cdec_ORO,39.78125_-120.96875,39.78125,-120.96875,0.606962094436335,0.48325443267822266,2.2970135,1
cdec_ORO,39.78125_-121.03125,39.78125,-121.03125,0.5803287504231736,0.4108284115791321,2.2524052,1
cdec_ORO,39.78125_-121.09375,39.78125,-121.09375,0.5661429536079238,0.45136094093322754,2.4300654,1
cdec_ORO,39.78125_-121.15625,39.78125,-121.15625,0.5840616608880698,0.4531360864639282,2.3650184,1
cdec_ORO,39.78125_-121.21875,39.78125,-121.21875,0.5748595263739199,0.42059171199798584,2.40852,1
cdec_ORO,39.78125_-121.28125,39.78125,-121.28125,0.5765002003137091,0.42035502195358276,2.725736,1
cdec_ORO,39.78125_-121.34375,39.78125,-121.34375,0.584773552878477,0.44514793157577515,3.1215217,1
cdec_ORO,39.78125_-121.40625,39.78125,-121.40625,0.5498825045233539,0.5287573933601379,3.2850294,1
cdec_ORO,39.78125_-121.46875,39.78125,-121.46875,0.6485563322386722,0.38420116901397705,1.9737933,1
cdec_ORO,39.78125_-121.53125,39.78125,-121.53125,0.6188672305748154,0.3621893525123596,1.81716,1
cdec_ORO,39.78125_-121.59375,39.78125,-121.59375,0.9744212469758466,0.2571597695350647,1.8702519,1
cdec_ORO,39.84375_-120.09375,39.84375,-120.09375,1.4611620010329127,0.2910059094429016,0.40841532,1
cdec_ORO,39.84375_-120.15625,39.84375,-120.15625,1.450720666862876,0.29733726382255554,0.6957857,1
cdec_ORO,39.84375_-120.21875,39.84375,-120.21875,1.378307268198005,0.3331952691078186,0.61372715,1
cdec_ORO,39.84375_-120.28125,39.84375,-120.28125,1.4040663625756984,0.28514793515205383,0.6036829,1
cdec_ORO,39.84375_-120.34375,39.84375,-120.34375,1.3765923471971693,0.2958579957485199,0.59062386,1
cdec_ORO,39.84375_-120.40625,39.84375,-120.40625,1.0096280562702193,0.3334319591522217,0.9269353,1
cdec_ORO,39.84375_-120.46875,39.84375,-120.46875,0.8483053306047155,0.38266271352767944,1.2528707,1
cdec_ORO,39.84375_-120.53125,39.84375,-120.53125,0.7862305970747401,0.4173964560031891,1.5839276,1
cdec_ORO,39.84375_-120.59375,39.84375,-120.59375,0.7066875192511618,0.4610650837421417,1.6948426,1
cdec_ORO,39.84375_-120.65625,39.84375,-120.65625,0.6368291816617867,0.4620710015296936,1.6589439,1
cdec_ORO,39.84375_-120.71875,39.84375,-120.71875,0.7201035093692295,0.471005916595459,2.0997348,1
cdec_ORO,39.84375_-120.78125,39.84375,-120.78125,0.6069745211644763,0.48272189497947693,2.078257,1
cdec_ORO,39.84375_-120.84375,39.84375,-120.84375,0.6020208953940658,0.46834319829940796,2.2966352,1
cdec_ORO,39.84375_-120.90625,39.84375,-120.90625,0.5825552382646263,0.43005916476249695,2.2935596,1
cdec_ORO,39.84375_-120.96875,39.84375,-120.96875,0.6159912801171178,0.3769822418689728,1.742593,1
cdec_ORO,39.84375_-121.03125,39.84375,-121.03125,0.6032870259288147,0.4923076927661896,2.235313,1
cdec_ORO,39.84375_-121.09375,39.84375,-121.09375,0.6177189169083286,0.5093491077423096,2.297218,1
cdec_ORO,39.84375_-121.15625,39.84375,-121.15625,0.6781787914492697,0.4742603600025177,1.6126164,1
cdec_ORO,39.84375_-121.21875,39.84375,-121.21875,0.6905172467107137,0.42562130093574524,1.7082499,1
cdec_ORO,39.84375_-121.28125,39.84375,-121.28125,0.6090772072811906,0.4241420030593872,1.9641666,1
cdec_ORO,39.84375_-121.34375,39.84375,-121.34375,0.5678977744321813,0.4655621349811554,2.2114103,1
cdec_ORO,39.84375_-121.40625,39.84375,-121.40625,0.6871462293643391,0.4427810609340668,2.0410898,1
cdec_ORO,39.84375_-121.46875,39.84375,-121.46875,0.6081443010120975,0.4463905394077301,2.2733943,1
cdec_ORO,39.84375_-121.53125,39.84375,-121.53125,0.6207733462662628,0.41846153140068054,2.5083668,1
cdec_ORO,39.84375_-121.59375,39.84375,-121.59375,0.6751608798365141,0.4295857846736908,2.690203,1
cdec_ORO,39.90625_-120.09375,39.90625,-120.09375,1.021404717076476,0.29011833667755127,0.8853343,1
cdec_ORO,39.90625_-120.15625,39.90625,-120.15625,1.3056685786218536,0.29497042298316956,0.8580219,1
cdec_ORO,39.90625_-120.21875,39.90625,-120.21875,1.413149664334024,0.2832544445991516,0.78748226,1
cdec_ORO,39.90625_-120.28125,39.90625,-120.28125,1.1596380711264227,0.3330177366733551,1.0241603,1
cdec_ORO,39.90625_-120.34375,39.90625,-120.34375,0.9738951893195114,0.3478698134422302,0.9027522,1
cdec_ORO,39.90625_-120.40625,39.90625,-120.40625,1.1499335956420629,0.36964496970176697,1.0073985,1
cdec_ORO,39.90625_-120.46875,39.90625,-120.46875,0.7684005452625668,0.3161538541316986,1.1020137,1
cdec_ORO,39.90625_-120.53125,39.90625,-120.53125,0.9705904743849587,0.3260354995727539,1.1072385,1
cdec_ORO,39.90625_-120.59375,39.90625,-120.59375,0.9768994326191724,0.4206508994102478,1.4226129,1
cdec_ORO,39.90625_-120.65625,39.90625,-120.65625,0.9068865305090128,0.44473373889923096,1.6827377,1
cdec_ORO,39.90625_-120.71875,39.90625,-120.71875,0.8359525296390962,0.4388757348060608,1.9210125,1
cdec_ORO,39.90625_-120.78125,39.90625,-120.78125,0.7474527161510456,0.4322485327720642,2.0351908,1
cdec_ORO,39.90625_-120.84375,39.90625,-120.84375,0.6417716252310737,0.38130176067352295,2.1047163,1
cdec_ORO,39.90625_-120.90625,39.90625,-120.90625,0.6308348586334991,0.4092307686805725,2.1460447,1
cdec_ORO,39.90625_-120.96875,39.90625,-120.96875,0.6935118909272316,0.4864497184753418,2.2032478,1
cdec_ORO,39.90625_-121.03125,39.90625,-121.03125,0.6996089294652125,0.5903550386428833,2.5544384,1
cdec_ORO,39.90625_-121.09375,39.90625,-121.09375,0.6914220375784383,0.5771597623825073,2.5493257,1
cdec_ORO,39.90625_-121.15625,39.90625,-121.15625,0.6554158223713293,0.45656803250312805,1.6883521,1
cdec_ORO,39.90625_-121.21875,39.90625,-121.21875,0.5602443293122186,0.3985798954963684,1.6615901,1
cdec_ORO,39.90625_-121.28125,39.90625,-121.28125,0.573520902458509,0.45177513360977173,2.1002336,1
cdec_ORO,39.90625_-121.34375,39.90625,-121.34375,0.6074135581700484,0.3814201056957245,1.691757,1
cdec_ORO,39.90625_-121.40625,39.90625,-121.40625,0.7409726609451283,0.3921893537044525,1.3264587,1
cdec_ORO,39.90625_-121.46875,39.90625,-121.46875,0.641690502028484,0.4902958571910858,2.2271776,1
cdec_ORO,39.90625_-121.53125,39.90625,-121.53125,0.6195577529922806,0.5330177545547485,2.9481268,1
cdec_ORO,39.90625_-121.59375,39.90625,-121.59375,0.5907402661301434,0.581952691078186,3.31151,1
cdec_ORO,39.96875_-120.09375,39.96875,-120.09375,1.3431024221798546,0.23999999463558197,0.4807613,1
cdec_ORO,39.96875_-120.15625,39.96875,-120.15625,0.9114890037368204,0.294556200504303,1.0765873,1
cdec_ORO,39.96875_-120.21875,39.96875,-120.21875,1.4128615979910073,0.2881065011024475,0.93791366,1
cdec_ORO,39.96875_-120.28125,39.96875,-120.28125,1.0390172053572304,0.2724851965904236,1.0252956,1
cdec_ORO,39.96875_-120.34375,39.96875,-120.34375,1.328106483869254,0.2688165605068207,0.9196309,1
cdec_ORO,39.96875_-120.40625,39.96875,-120.40625,1.4798852313372497,0.2852070927619934,0.6626876,1
cdec_ORO,39.96875_-120.46875,39.96875,-120.46875,1.4795600828712603,0.31260356307029724,0.77770895,1
cdec_ORO,39.96875_-120.53125,39.96875,-120.53125,1.3532037856431214,0.28106507658958435,1.055609,1
cdec_ORO,39.96875_-120.59375,39.96875,-120.59375,0.9817287874438478,0.31284022331237793,1.4088316,1
cdec_ORO,39.96875_-120.65625,39.96875,-120.65625,0.8747122461166006,0.3314792811870575,1.5329056,1
cdec_ORO,39.96875_-120.71875,39.96875,-120.71875,0.7000444961975477,0.34822484850883484,1.8304489,1
cdec_ORO,39.96875_-120.78125,39.96875,-120.78125,0.815920119092999,0.4057396352291107,1.7260952,1
cdec_ORO,39.96875_-120.84375,39.96875,-120.84375,0.9218183855614355,0.4224260449409485,2.0898097,1
cdec_ORO,39.96875_-120.90625,39.96875,-120.90625,0.7315862496239822,0.38958579301834106,1.4158301,1
cdec_ORO,39.96875_-120.96875,39.96875,-120.96875,0.7857957118140931,0.45189347863197327,1.8984499,1
cdec_ORO,39.96875_-121.03125,39.96875,-121.03125,0.7101226826673521,0.49337276816368103,2.3103168,1
cdec_ORO,39.96875_-121.09375,39.96875,-121.09375,0.788453753930946,0.3719526529312134,1.9140528,1
cdec_ORO,39.96875_-121.15625,39.96875,-121.15625,0.6225983708564177,0.34396448731422424,1.4468153,1
cdec_ORO,39.96875_-121.21875,39.96875,-121.21875,0.5993990745763921,0.33520710468292236,1.2553691,1
cdec_ORO,39.96875_-121.28125,39.96875,-121.28125,0.6175534308335215,0.33674556016921997,1.596184,1
cdec_ORO,39.96875_-121.34375,39.96875,-121.34375,0.7775966077746156,0.3046153783798218,0.9595272,1
cdec_ORO,39.96875_-121.40625,39.96875,-121.40625,0.7687825751109093,0.39349111914634705,1.2365974,1
cdec_ORO,39.96875_-121.46875,39.96875,-121.46875,0.7263090128096211,0.44029584527015686,1.7640924,1
cdec_ORO,39.96875_-121.53125,39.96875,-121.53125,0.6481218996093188,0.4719526767730713,2.6035116,1
cdec_ORO,40.03125_-120.15625,40.03125,-120.15625,1.4854594310986677,0.2563905417919159,0.53012055,1
cdec_ORO,40.03125_-120.21875,40.03125,-120.21875,1.5524806544939247,0.2813017666339874,0.5935017,1
cdec_ORO,40.03125_-120.28125,40.03125,-120.28125,1.2864297335765718,0.29964497685432434,1.0100427,1
cdec_ORO,40.03125_-120.34375,40.03125,-120.34375,1.1662900850851965,0.29319527745246887,1.0102491,1
cdec_ORO,40.03125_-120.40625,40.03125,-120.40625,1.4467319066077624,0.2767455577850342,0.8595968,1
cdec_ORO,40.03125_-120.46875,40.03125,-120.46875,1.4534144090656107,0.2807692289352417,0.78258425,1
cdec_ORO,40.03125_-120.53125,40.03125,-120.53125,1.4895866086623712,0.2605917155742645,0.84410006,1
cdec_ORO,40.03125_-120.59375,40.03125,-120.59375,0.7536148869769024,0.3276331424713135,1.604618,1
cdec_ORO,40.03125_-120.65625,40.03125,-120.65625,0.6295432819628979,0.3792307674884796,1.8126316,1
cdec_ORO,40.03125_-120.71875,40.03125,-120.71875,0.6154119704187401,0.364556223154068,1.805088,1
cdec_ORO,40.03125_-120.78125,40.03125,-120.78125,0.5774579893808034,0.3879289925098419,2.0225163,1
cdec_ORO,40.03125_-120.84375,40.03125,-120.84375,0.7554126860925148,0.41479289531707764,2.131994,1
cdec_ORO,40.03125_-120.90625,40.03125,-120.90625,0.6519319104432916,0.31568047404289246,1.8001492,1
cdec_ORO,40.03125_-120.96875,40.03125,-120.96875,0.6475503582235739,0.33893489837646484,2.2268238,1
cdec_ORO,40.03125_-121.03125,40.03125,-121.03125,0.6404454418169148,0.28976330161094666,2.2116687,1
cdec_ORO,40.03125_-121.09375,40.03125,-121.09375,0.6270230605540112,0.32420119643211365,2.1315734,1
cdec_ORO,40.03125_-121.15625,40.03125,-121.15625,0.6610673456513017,0.31899407505989075,1.3357549,1
cdec_ORO,40.03125_-121.21875,40.03125,-121.21875,0.6729238106723963,0.2827219069004059,1.386445,1
cdec_ORO,40.03125_-121.28125,40.03125,-121.28125,0.7028113350252819,0.3195266127586365,1.2347356,1
cdec_ORO,40.03125_-121.34375,40.03125,-121.34375,0.7435377302297468,0.29420119524002075,1.085986,1
cdec_ORO,40.03125_-121.40625,40.03125,-121.40625,0.7772187397639072,0.3483431935310364,1.1016188,1
cdec_ORO,40.03125_-121.46875,40.03125,-121.46875,0.7732072132245393,0.4444378614425659,1.8372369,1
cdec_ORO,40.03125_-121.53125,40.03125,-121.53125,0.7554145016647628,0.46390533447265625,2.2537515,1
cdec_ORO,40.09375_-120.21875,40.09375,-120.21875,1.4872109687468344,0.2784615457057953,0.46113077,1
cdec_ORO,40.09375_-120.28125,40.09375,-120.28125,1.4724022545313664,0.2767455577850342,0.5332256,1
cdec_ORO,40.09375_-120.34375,40.09375,-120.34375,1.458791664673749,0.32437869906425476,0.7870964,1
cdec_ORO,40.09375_-120.40625,40.09375,-120.40625,1.3945661136507606,0.33585798740386963,0.91434824,1
cdec_ORO,40.09375_-120.46875,40.09375,-120.46875,1.445990301316755,0.30331361293792725,0.74122155,1
cdec_ORO,40.09375_-120.53125,40.09375,-120.53125,1.4052882918002059,0.33674556016921997,0.91466635,1
cdec_ORO,40.09375_-120.59375,40.09375,-120.59375,0.8524063232430396,0.3572189211845398,1.1123009,1
cdec_ORO,40.09375_-120.65625,40.09375,-120.65625,0.6443318116912259,0.3647337257862091,1.5583622,1
cdec_ORO,40.09375_-120.71875,40.09375,-120.71875,0.6542942321275305,0.36307692527770996,1.857526,1
cdec_ORO,40.09375_-120.78125,40.09375,-120.78125,0.6406977297259949,0.3950887620449066,2.0475123,1
cdec_ORO,40.09375_-120.84375,40.09375,-120.84375,0.838811179850826,0.5042603611946106,1.7991056,1
cdec_ORO,40.09375_-120.90625,40.09375,-120.90625,0.721000201835376,0.4797041416168213,1.9517993,1
cdec_ORO,40.09375_-120.96875,40.09375,-120.96875,0.6027837738584021,0.37970414757728577,2.3364427,1
cdec_ORO,40.09375_-121.03125,40.09375,-121.03125,0.6769542043636576,0.34704142808914185,2.1284072,1
cdec_ORO,40.09375_-121.09375,40.09375,-121.09375,0.6171213630561353,0.34372779726982117,1.7490218,1
cdec_ORO,40.09375_-121.15625,40.09375,-121.15625,0.6038423478471613,0.3488757312297821,1.8095527,1
cdec_ORO,40.09375_-121.21875,40.09375,-121.21875,0.6819429857653069,0.3409467339515686,1.5868537,1
cdec_ORO,40.09375_-121.28125,40.09375,-121.28125,0.7810624010123377,0.34414201974868774,1.1184974,1
cdec_ORO,40.09375_-121.34375,40.09375,-121.34375,0.925379885567005,0.3572189211845398,1.2616981,1
cdec_ORO,40.09375_-121.40625,40.09375,-121.40625,0.9757304553575059,0.39597633481025696,1.5862465,1
cdec_ORO,40.09375_-121.46875,40.09375,-121.46875,0.8270945558196288,0.4143195152282715,2.1272397,1
cdec_ORO,40.15625_-120.34375,40.15625,-120.34375,1.2297399071477213,0.3218343257904053,0.62996954,1
cdec_ORO,40.15625_-120.40625,40.15625,-120.40625,1.291566175150618,0.34023669362068176,0.816401,1
cdec_ORO,40.15625_-120.46875,40.15625,-120.46875,1.537746416011069,0.27721893787384033,0.5961877,1
cdec_ORO,40.15625_-120.53125,40.15625,-120.53125,1.1596215550801081,0.34319525957107544,0.9135479,1
cdec_ORO,40.15625_-120.59375,40.15625,-120.59375,0.6548154553370662,0.3194674551486969,1.0255907,1
cdec_ORO,40.15625_-120.65625,40.15625,-120.65625,0.7077014412802355,0.36562129855155945,1.4456645,1
cdec_ORO,40.15625_-120.71875,40.15625,-120.71875,0.8036606044684,0.36230769753456116,1.3223213,1
cdec_ORO,40.15625_-120.78125,40.15625,-120.78125,0.6011924932105306,0.37183430790901184,1.4496897,1
cdec_ORO,40.15625_-120.84375,40.15625,-120.84375,0.6551923113102648,0.40183430910110474,1.7111775,1
cdec_ORO,40.15625_-120.90625,40.15625,-120.90625,0.7760092632844948,0.39597633481025696,1.5217236,1
cdec_ORO,40.15625_-120.96875,40.15625,-120.96875,0.7499054202318064,0.32076922059059143,2.013843,1
cdec_ORO,40.15625_-121.03125,40.15625,-121.03125,0.7645108288438212,0.33698225021362305,2.0879776,1
cdec_ORO,40.15625_-121.09375,40.15625,-121.09375,0.6072693060676004,0.29940828680992126,1.7035335,1
cdec_ORO,40.15625_-121.15625,40.15625,-121.15625,0.5885791864969201,0.309230774641037,1.5687823,1
cdec_ORO,40.15625_-121.21875,40.15625,-121.21875,0.7233039639233954,0.3807692229747772,1.7798015,1
cdec_ORO,40.15625_-121.28125,40.15625,-121.28125,0.8339334959968614,0.411775141954422,1.9788291,1
cdec_ORO,40.15625_-121.34375,40.15625,-121.34375,0.8904689053264991,0.39502957463264465,1.8264059,1
cdec_ORO,40.15625_-121.40625,40.15625,-121.40625,0.8429002424557392,0.41207101941108704,1.696838,1
cdec_ORO,40.15625_-121.46875,40.15625,-121.46875,0.7041963338948347,0.5083432197570801,1.7653161,1
cdec_ORO,40.21875_-120.46875,40.21875,-120.46875,0.9664830326505651,0.28355029225349426,0.9180403,1
cdec_ORO,40.21875_-120.53125,40.21875,-120.53125,1.1962495473434689,0.33177515864372253,1.2655109,1
cdec_ORO,40.21875_-120.59375,40.21875,-120.59375,0.9649084531754588,0.3599408268928528,1.2497901,1
cdec_ORO,40.21875_-120.65625,40.21875,-120.65625,0.8605645464549552,0.3457988202571869,1.0774771,1
cdec_ORO,40.21875_-120.71875,40.21875,-120.71875,0.7694531459851729,0.3400000035762787,1.248636,1
cdec_ORO,40.21875_-120.78125,40.21875,-120.78125,0.6642320908552195,0.3205917179584503,1.3236654,1
cdec_ORO,40.21875_-120.84375,40.21875,-120.84375,0.9106509751210211,0.32384616136550903,1.4153346,1
cdec_ORO,40.21875_-120.90625,40.21875,-120.90625,0.9514523354441917,0.3499999940395355,1.6249863,1
cdec_ORO,40.21875_-120.96875,40.21875,-120.96875,0.780305975426478,0.3443787097930908,1.6659867,1
cdec_ORO,40.21875_-121.03125,40.21875,-121.03125,0.8705585669980342,0.3901183307170868,2.0195127,1
cdec_ORO,40.21875_-121.09375,40.21875,-121.09375,0.7200373747647739,0.13881656527519226,1.6877795,1
cdec_ORO,40.21875_-121.15625,40.21875,-121.15625,0.6510841844545256,0.18124260008335114,1.5931385,1
cdec_ORO,40.21875_-121.21875,40.21875,-121.21875,0.9764809535525434,0.33816567063331604,1.6692548,1
cdec_ORO,40.21875_-121.28125,40.21875,-121.28125,1.0757913751458026,0.3811834454536438,1.8288854,1
cdec_ORO,40.21875_-121.34375,40.21875,-121.34375,0.8980685601505691,0.3759763240814209,1.9994721,1
cdec_ORO,40.21875_-121.40625,40.21875,-121.40625,0.8373120807908851,0.43680474162101746,1.9009789,1
cdec_ORO,40.21875_-121.46875,40.21875,-121.46875,0.6304635736975159,0.4856804609298706,1.8002034,1
cdec_ORO,40.28125_-120.53125,40.28125,-120.53125,0.6933323148659314,0.3475739657878876,1.1949195,1
cdec_ORO,40.28125_-120.59375,40.28125,-120.59375,0.8933457718726157,0.42946746945381165,1.5094984,1
cdec_ORO,40.28125_-120.65625,40.28125,-120.65625,0.9184841932959249,0.3798224925994873,1.0383482,1
cdec_ORO,40.28125_-120.71875,40.28125,-120.71875,1.1362883516764688,0.3484615385532379,1.0930761,1
cdec_ORO,40.28125_-120.78125,40.28125,-120.78125,0.7544205601188362,0.3670414090156555,1.5274699,1
cdec_ORO,40.28125_-120.84375,40.28125,-120.84375,0.8876649266701206,0.3600591719150543,1.5244888,1
cdec_ORO,40.28125_-120.90625,40.28125,-120.90625,1.1805518814010925,0.3502366840839386,1.3672292,1
cdec_ORO,40.28125_-120.96875,40.28125,-120.96875,1.1819245024753076,0.2827219069004059,1.0441486,1
cdec_ORO,40.28125_-121.03125,40.28125,-121.03125,0.7989333769641471,0.3721301853656769,1.5912709,1
cdec_ORO,40.28125_-121.09375,40.28125,-121.09375,0.7216131989028299,0.32035502791404724,1.6449305,1
cdec_ORO,40.28125_-121.15625,40.28125,-121.15625,0.6422729962377314,0.1660355031490326,1.5714664,1
cdec_ORO,40.28125_-121.21875,40.28125,-121.21875,1.0545422926812522,0.10295858234167099,1.0105474,1
cdec_ORO,40.28125_-121.28125,40.28125,-121.28125,1.2780191267305603,0.2927810549736023,1.609831,1
cdec_ORO,40.28125_-121.34375,40.28125,-121.34375,1.19078031744334,0.3708875775337219,1.7792902,1
cdec_ORO,40.34375_-120.71875,40.34375,-120.71875,0.8675351668807743,0.31337279081344604,1.3622596,1
cdec_ORO,40.34375_-120.78125,40.34375,-120.78125,1.2035707069742254,0.3264496922492981,1.4616911,1
cdec_ORO,40.34375_-120.84375,40.34375,-120.84375,1.0283772815566212,0.3888757526874542,1.6824051,1
cdec_ORO,40.34375_-120.90625,40.34375,-120.90625,1.0587223637831413,0.4537278115749359,1.7520363,1
cdec_ORO,40.34375_-120.96875,40.34375,-120.96875,1.184611485951636,0.44005918502807617,1.5286647,1
cdec_ORO,40.34375_-121.03125,40.34375,-121.03125,1.3819733411284105,0.3552071154117584,1.6114825,1
cdec_ORO,40.34375_-121.09375,40.34375,-121.09375,1.217068812513339,0.37662720680236816,1.865552,1
cdec_ORO,40.34375_-121.15625,40.34375,-121.15625,1.261946717990891,0.33810651302337646,1.5946338,1
cdec_ORO,40.34375_-121.21875,40.34375,-121.21875,1.0662749736432442,0.30426034331321716,1.5125934,1
cdec_ORO,40.34375_-121.28125,40.34375,-121.28125,1.2646015403890485,0.3271597623825073,1.8258848,1
cdec_ORO,40.34375_-121.34375,40.34375,-121.34375,1.0958233317158181,0.39325442910194397,1.4649745,1
cdec_ORO,40.34375_-121.40625,40.34375,-121.40625,1.1410462116885842,0.37899407744407654,1.3620818,1
cdec_ORO,40.34375_-121.46875,40.34375,-121.46875,0.894656622796149,0.3870414197444916,1.5604098,1
cdec_ORO,40.40625_-120.84375,40.40625,-120.84375,1.2052623719376956,0.4042603671550751,1.6289129,1
cdec_ORO,40.40625_-120.90625,40.40625,-120.90625,0.9025219385131087,0.4530177414417267,1.8274399,1
cdec_ORO,40.40625_-120.96875,40.40625,-120.96875,1.0079190283446746,0.43899407982826233,1.7793767,1
cdec_ORO,40.40625_-121.03125,40.40625,-121.03125,1.2714301289576784,0.392071008682251,1.5445933,1
cdec_ORO,40.40625_-121.09375,40.40625,-121.09375,1.032783432942555,0.4302958548069,1.8034258,1
cdec_ORO,40.40625_-121.15625,40.40625,-121.15625,1.112510125244896,0.4065680503845215,1.4457,1
cdec_ORO,40.40625_-121.21875,40.40625,-121.21875,1.1289399539207985,0.4143195152282715,1.4689871,1
cdec_ORO,40.40625_-121.28125,40.40625,-121.28125,1.0917941476828523,0.3844378590583801,1.4672462,1
cdec_ORO,40.40625_-121.34375,40.40625,-121.34375,0.8424072014559556,0.38011834025382996,1.4905972,1
cdec_ORO,40.40625_-121.40625,40.40625,-121.40625,1.1746794191588203,0.36236685514450073,1.2303332,1
cdec_ORO,40.40625_-121.46875,40.40625,-121.46875,1.1705912181773372,0.34899407625198364,1.072738,1
cdec_ORO,40.46875_-121.03125,40.46875,-121.03125,1.1657088189413034,0.40260353684425354,1.2517294,1
cdec_ORO,40.46875_-121.09375,40.46875,-121.09375,1.1113949053893744,0.4114201068878174,1.3643453,1
cdec_ORO,40.46875_-121.15625,40.46875,-121.15625,1.1951835176812287,0.37218934297561646,1.170891,1
cdec_ORO,40.46875_-121.21875,40.46875,-121.21875,1.2597833142430628,0.3722485303878784,0.860824,1
cdec_ORO,40.46875_-121.28125,40.46875,-121.28125,1.1874963061680943,0.35461539030075073,0.87463456,1
cdec_ORO,40.46875_-121.34375,40.46875,-121.34375,1.1027720877747877,0.3552071154117584,0.95077056,1
cdec_ORO,40.46875_-121.40625,40.46875,-121.40625,1.1120734409833424,0.3584023714065552,1.1099523,1
cdec_ORO,40.46875_-121.46875,40.46875,-121.46875,1.1902158541456334,0.2819526493549347,0.6209389,1
cdec_ORO,40.46875_-121.53125,40.46875,-121.53125,0.9846664054085814,0.2546153962612152,0.5261976,1
cdec_ORO,40.53125_-121.21875,40.53125,-121.21875,1.227594081323191,0.37396448850631714,1.197092,1
cdec_PNF,36.59375_-118.46875,36.59375,-118.46875,0.927959634230265,0.051479291170835495,0.12885803,1
cdec_PNF,36.59375_-118.53125,36.59375,-118.53125,0.92720134033415,0.03544378653168678,0.1037294,1
cdec_PNF,36.59375_-118.59375,36.59375,-118.59375,1.2252326405588103,0.12183432281017303,0.32005113,1
cdec_PNF,36.65625_-118.40625,36.65625,-118.40625,0.9755715136525028,0.08952663093805313,0.16227548,1
cdec_PNF,36.65625_-118.46875,36.65625,-118.46875,0.7727805094296261,0.024319525808095932,0.089756474,1
cdec_PNF,36.65625_-118.53125,36.65625,-118.53125,0.9031463522122,0.08786982297897339,0.26977637,1
cdec_PNF,36.65625_-118.59375,36.65625,-118.59375,0.8639524750564032,0.17017751932144165,0.35160172,1
cdec_PNF,36.65625_-118.65625,36.65625,-118.65625,0.9053839777388843,0.20023669302463531,0.3871186,1
cdec_PNF,36.65625_-118.71875,36.65625,-118.71875,0.7461735508932102,0.2646745443344116,0.5877467,1
cdec_PNF,36.65625_-118.78125,36.65625,-118.78125,0.5554964674034755,0.36698225140571594,0.8037228,1
cdec_PNF,36.71875_-118.34375,36.71875,-118.34375,0.8313358705374834,0.06319526582956314,0.20590597,1
cdec_PNF,36.71875_-118.40625,36.71875,-118.40625,0.7608819033187713,0.06355029344558716,0.15508716,1
cdec_PNF,36.71875_-118.46875,36.71875,-118.46875,0.8765616400647637,0.05952662602066994,0.16311274,1
cdec_PNF,36.71875_-118.53125,36.71875,-118.53125,0.6915086323038042,0.15662722289562225,0.4595343,1
cdec_PNF,36.71875_-118.59375,36.71875,-118.59375,0.5586705825875694,0.3285207152366638,0.9905976,1
cdec_PNF,36.71875_-118.65625,36.71875,-118.65625,0.5484677211518407,0.36213016510009766,1.0265853,1
cdec_PNF,36.71875_-118.71875,36.71875,-118.71875,0.5496485135480308,0.3743787109851837,1.0133655,1
cdec_PNF,36.71875_-118.78125,36.71875,-118.78125,0.5504137133499092,0.3829585909843445,0.9409004,1
cdec_PNF,36.71875_-118.84375,36.71875,-118.84375,0.5581126736055186,0.37917160987854004,0.921536,1
cdec_PNF,36.71875_-118.90625,36.71875,-118.90625,0.5159246404196391,0.44029584527015686,1.6141863,1
cdec_PNF,36.71875_-118.96875,36.71875,-118.96875,0.5096793097533823,0.4559171497821808,1.9821147,1
cdec_PNF,36.71875_-119.03125,36.71875,-119.03125,0.5176503214701337,0.45887574553489685,1.7495704,1
cdec_PNF,36.78125_-118.34375,36.78125,-118.34375,0.8665156387805211,0.09994082897901535,0.2392367,1
cdec_PNF,36.78125_-118.40625,36.78125,-118.40625,0.8983722338346741,0.07804733514785767,0.20263313,1
cdec_PNF,36.78125_-118.46875,36.78125,-118.46875,0.7324148308326484,0.155207097530365,0.38899583,1
cdec_PNF,36.78125_-118.53125,36.78125,-118.53125,0.5363748561966877,0.26615384221076965,0.82775146,1
cdec_PNF,36.78125_-118.59375,36.78125,-118.59375,0.5341402548793958,0.3446153700351715,1.0183997,1
cdec_PNF,36.78125_-118.65625,36.78125,-118.65625,0.5291515108994238,0.37414202094078064,1.1486452,1
cdec_PNF,36.78125_-118.71875,36.78125,-118.71875,0.5383751377522621,0.38473373651504517,1.270384,1
cdec_PNF,36.78125_-118.78125,36.78125,-118.78125,0.5290685668120321,0.40798816084861755,1.3713522,1
cdec_PNF,36.78125_-118.84375,36.78125,-118.84375,0.5275165917897789,0.41189348697662354,1.5330731,1
cdec_PNF,36.78125_-118.90625,36.78125,-118.90625,0.5166944100256848,0.4143195152282715,1.5751752,1
cdec_PNF,36.78125_-118.96875,36.78125,-118.96875,0.5129207003955134,0.4297633171081543,1.7341685,1
cdec_PNF,36.78125_-119.03125,36.78125,-119.03125,0.5289225730499676,0.4137278199195862,1.894155,1
cdec_PNF,36.78125_-119.09375,36.78125,-119.09375,0.5288159640158409,0.41124260425567627,1.6265987,1
cdec_PNF,36.78125_-119.15625,36.78125,-119.15625,0.6049416495131651,0.42656806111335754,1.4707979,1
cdec_PNF,36.78125_-119.28125,36.78125,-119.28125,0.700102209468722,0.37798815965652466,1.0258802,1
cdec_PNF,36.84375_-118.34375,36.84375,-118.34375,0.9187161266380072,0.0872781053185463,0.22878946,1
cdec_PNF,36.84375_-118.40625,36.84375,-118.40625,0.91302236097286,0.07792899757623672,0.1892844,1
cdec_PNF,36.84375_-118.46875,36.84375,-118.46875,0.7509575589704047,0.13218934834003448,0.30114776,1
cdec_PNF,36.84375_-118.53125,36.84375,-118.53125,0.6037128221720519,0.2511242628097534,0.7461905,1
cdec_PNF,36.84375_-118.59375,36.84375,-118.59375,1.1495753402780582,0.2155621349811554,0.5456915,1
cdec_PNF,36.84375_-118.65625,36.84375,-118.65625,0.7788313892652828,0.2892899513244629,0.72904795,1
cdec_PNF,36.84375_-118.71875,36.84375,-118.71875,0.6688289182333527,0.29284024238586426,0.9103055,1
cdec_PNF,36.84375_-118.78125,36.84375,-118.78125,0.5368839775330175,0.3508284091949463,1.0358938,1
cdec_PNF,36.84375_-118.84375,36.84375,-118.84375,0.5916479685153576,0.31568047404289246,1.1587967,1
cdec_PNF,36.84375_-118.90625,36.84375,-118.90625,0.5999105248488907,0.34899407625198364,1.356558,1
cdec_PNF,36.84375_-118.96875,36.84375,-118.96875,0.5552625367779025,0.37467455863952637,1.5001707,1
cdec_PNF,36.84375_-119.03125,36.84375,-119.03125,0.6609639523728505,0.3662721812725067,1.2946335,1
cdec_PNF,36.84375_-119.09375,36.84375,-119.09375,0.8811230866112147,0.37662720680236816,1.1962317,1
cdec_PNF,36.84375_-119.15625,36.84375,-119.15625,0.5992108083345701,0.4192899465560913,1.3287607,1
cdec_PNF,36.84375_-119.21875,36.84375,-119.21875,0.7134842873485212,0.39325442910194397,1.1393291,1
cdec_PNF,36.84375_-119.28125,36.84375,-119.28125,0.8463198352404186,0.30562129616737366,0.8786772,1
cdec_PNF,36.84375_-119.34375,36.84375,-119.34375,0.7599645226005014,0.3442603647708893,0.85440767,1
cdec_PNF,36.90625_-118.34375,36.90625,-118.34375,0.727649298954456,0.14479289948940277,0.30251712,1
cdec_PNF,36.90625_-118.40625,36.90625,-118.40625,0.9907468970954718,0.08248520642518997,0.1491641,1
cdec_PNF,36.90625_-118.46875,36.90625,-118.46875,1.0357593238938765,0.07923077046871185,0.18367124,1
cdec_PNF,36.90625_-118.53125,36.90625,-118.53125,1.0511860894229912,0.1368047297000885,0.27906844,1
cdec_PNF,36.90625_-118.59375,36.90625,-118.59375,0.8962067470769886,0.18911242485046387,0.402762,1
cdec_PNF,36.90625_-118.65625,36.90625,-118.65625,0.8538284289284017,0.18988165259361267,0.42927444,1
cdec_PNF,36.90625_-118.71875,36.90625,-118.71875,0.5962068291998814,0.21455621719360352,0.51374286,1
cdec_PNF,36.90625_-118.78125,36.90625,-118.78125,0.5338785334263445,0.36597633361816406,1.0979841,1
cdec_PNF,36.90625_-118.84375,36.90625,-118.84375,0.5888966416954817,0.3806508779525757,1.0822531,1
cdec_PNF,36.90625_-118.90625,36.90625,-118.90625,0.54325030123899,0.3622485101222992,1.1009935,1
cdec_PNF,36.90625_-118.96875,36.90625,-118.96875,0.5197057719997693,0.40822485089302063,1.4791632,1
cdec_PNF,36.90625_-119.03125,36.90625,-119.03125,0.5266858291915796,0.40396448969841003,1.5152228,1
cdec_PNF,36.90625_-119.09375,36.90625,-119.09375,0.5967118986993906,0.3772781193256378,1.361082,1
cdec_PNF,36.90625_-119.15625,36.90625,-119.15625,0.7813977388773015,0.4074556231498718,1.2657514,1
cdec_PNF,36.90625_-119.21875,36.90625,-119.21875,0.867511931609917,0.3950887620449066,1.1704218,1
cdec_PNF,36.90625_-119.28125,36.90625,-119.28125,0.9140295390869552,0.3390532433986664,0.9934829,1
cdec_PNF,36.90625_-119.34375,36.90625,-119.34375,0.7045812359243468,0.40183430910110474,1.0567397,1
cdec_PNF,36.90625_-119.40625,36.90625,-119.40625,0.7685876861842207,0.3813609480857849,0.9479807,1
cdec_PNF,36.96875_-118.40625,36.96875,-118.40625,0.7927771990984656,0.052662722766399384,0.14599766,1
cdec_PNF,36.96875_-118.46875,36.96875,-118.46875,1.0248649767238986,0.10668639093637466,0.20626305,1
cdec_PNF,36.96875_-118.53125,36.96875,-118.53125,1.0319204943962763,0.07840237021446228,0.18054931,1
cdec_PNF,36.96875_-118.59375,36.96875,-118.59375,0.6147762234446505,0.2562130093574524,0.76792705,1
cdec_PNF,36.96875_-118.65625,36.96875,-118.65625,0.7510240062359526,0.27798816561698914,0.77896726,1
cdec_PNF,36.96875_-118.71875,36.96875,-118.71875,0.7755816569023432,0.30526626110076904,0.6944425,1
cdec_PNF,36.96875_-118.78125,36.96875,-118.78125,0.6302769704059923,0.36289942264556885,0.927095,1
cdec_PNF,36.96875_-118.84375,36.96875,-118.84375,0.6429543177674543,0.3568047285079956,1.0081724,1
cdec_PNF,36.96875_-118.90625,36.96875,-118.90625,0.5906017023189296,0.38420116901397705,1.0542191,1
cdec_PNF,36.96875_-118.96875,36.96875,-118.96875,0.5274199831107917,0.3980473279953003,1.2099835,1
cdec_PNF,36.96875_-119.03125,36.96875,-119.03125,0.5341253870733323,0.4036094546318054,1.293913,1
cdec_PNF,36.96875_-119.09375,36.96875,-119.09375,0.5145932682747383,0.4399999976158142,1.7153407,1
cdec_PNF,36.96875_-119.15625,36.96875,-119.15625,0.5249126962129539,0.43183431029319763,1.9431766,1
cdec_PNF,36.96875_-119.21875,36.96875,-119.21875,0.5923548216714221,0.42911243438720703,1.5831307,1
cdec_PNF,36.96875_-119.28125,36.96875,-119.28125,0.6617730912782775,0.4077514708042145,1.3320334,1
cdec_PNF,36.96875_-119.34375,36.96875,-119.34375,0.6898794879555673,0.4086982309818268,1.2276477,1
cdec_PNF,36.96875_-119.40625,36.96875,-119.40625,0.7081707580239187,0.3552071154117584,1.1311481,1
cdec_PNF,37.03125_-118.40625,37.03125,-118.40625,0.866425273556862,0.11100591719150543,0.17694913,1
cdec_PNF,37.03125_-118.46875,37.03125,-118.46875,0.917716986294127,0.037218935787677765,0.09322611,1
cdec_PNF,37.03125_-118.53125,37.03125,-118.53125,0.949719230931241,0.07863905280828476,0.18431477,1
cdec_PNF,37.03125_-118.59375,37.03125,-118.59375,1.0819445587051488,0.11479289829730988,0.31997484,1
cdec_PNF,37.03125_-118.65625,37.03125,-118.65625,1.0922178804697595,0.09497041255235672,0.2608716,1
cdec_PNF,37.03125_-118.71875,37.03125,-118.71875,1.0726960185068735,0.06248520687222481,0.12311727,1
cdec_PNF,37.03125_-118.78125,37.03125,-118.78125,1.0046936778067241,0.14662721753120422,0.31611344,1
cdec_PNF,37.03125_-118.84375,37.03125,-118.84375,0.949169808794223,0.25337278842926025,0.5026678,1
cdec_PNF,37.03125_-118.90625,37.03125,-118.90625,0.6334422199753573,0.29443785548210144,0.67418104,1
cdec_PNF,37.03125_-118.96875,37.03125,-118.96875,0.5705759124652544,0.299940824508667,0.76518536,1
cdec_PNF,37.03125_-119.03125,37.03125,-119.03125,0.5586162561519468,0.3860355019569397,1.0022091,1
cdec_PNF,37.03125_-119.09375,37.03125,-119.09375,0.5294236859898022,0.41106510162353516,1.3768331,1
cdec_PNF,37.03125_-119.15625,37.03125,-119.15625,0.5167469951007221,0.4344378709793091,1.9297162,1
cdec_PNF,37.03125_-119.21875,37.03125,-119.21875,0.5160243765646869,0.4260946810245514,1.9762377,1
cdec_PNF,37.03125_-119.28125,37.03125,-119.28125,0.5152617250228775,0.3415384590625763,1.6522293,1
cdec_PNF,37.03125_-119.34375,37.03125,-119.34375,0.5285855925631376,0.32573965191841125,1.5585022,1
cdec_PNF,37.03125_-119.40625,37.03125,-119.40625,0.5425300060259199,0.3721301853656769,1.4049164,1
cdec_PNF,37.09375_-118.46875,37.09375,-118.46875,0.8299470684770023,0.0750887542963028,0.16121046,1
cdec_PNF,37.09375_-118.53125,37.09375,-118.53125,0.8933254075612536,0.0530177503824234,0.10258863,1
cdec_PNF,37.09375_-118.59375,37.09375,-118.59375,1.1184629687774197,0.0923076942563057,0.2360488,1
cdec_PNF,37.09375_-118.65625,37.09375,-118.65625,0.9555415790224093,0.01928994059562683,0.082974605,1
cdec_PNF,37.09375_-118.71875,37.09375,-118.71875,0.9936278430727781,0.03911242634057999,0.08829014,1
cdec_PNF,37.09375_-118.78125,37.09375,-118.78125,1.0699256172612088,0.0959763303399086,0.16125372,1
cdec_PNF,37.09375_-118.84375,37.09375,-118.84375,0.804970849195464,0.25644969940185547,0.5042308,1
cdec_PNF,37.09375_-118.90625,37.09375,-118.90625,0.6517494302012419,0.30094674229621887,0.63214374,1
cdec_PNF,37.09375_-118.96875,37.09375,-118.96875,0.68048025909011,0.2554437816143036,0.5306479,1
cdec_PNF,37.09375_-119.03125,37.09375,-119.03125,0.775689770273035,0.2730769217014313,0.5193995,1
cdec_PNF,37.09375_-119.09375,37.09375,-119.09375,0.6024955609437562,0.368461549282074,0.7686958,1
cdec_PNF,37.09375_-119.15625,37.09375,-119.15625,0.5479872736630278,0.34242603182792664,0.9981479,1
cdec_PNF,37.09375_-119.21875,37.09375,-119.21875,0.5188237267143191,0.39639052748680115,1.2889059,1
cdec_PNF,37.09375_-119.28125,37.09375,-119.28125,0.5082313497808976,0.36869823932647705,1.6320494,1
cdec_PNF,37.09375_-119.34375,37.09375,-119.34375,0.5254374705831238,0.33520710468292236,1.6587437,1
cdec_PNF,37.15625_-118.59375,37.15625,-118.59375,0.953136409476391,0.06621301919221878,0.15346383,1
cdec_PNF,37.15625_-118.65625,37.15625,-118.65625,0.8454279043420192,0.02869822457432747,0.0906823,1
cdec_PNF,37.15625_-118.78125,37.15625,-118.78125,1.1718790655560298,0.13053254783153534,0.20620811,1
cdec_PNF,37.15625_-118.84375,37.15625,-118.84375,1.0863256870950075,0.18201182782649994,0.28455004,1
cdec_PNF,37.15625_-118.90625,37.15625,-118.90625,0.7275583719607928,0.3245562016963959,0.6811713,1
cdec_PNF,37.15625_-118.96875,37.15625,-118.96875,0.612708892672288,0.38360947370529175,0.78607464,1
cdec_PNF,37.15625_-119.03125,37.15625,-119.03125,0.7126318411758846,0.3361538350582123,0.63872564,1
cdec_PNF,37.15625_-119.09375,37.15625,-119.09375,0.658892921885726,0.32147929072380066,0.628943,1
cdec_PNF,37.15625_-119.15625,37.15625,-119.15625,0.5743001880909316,0.40917161107063293,1.0371357,1
cdec_PNF,37.15625_-119.21875,37.15625,-119.21875,0.575956817135113,0.32076922059059143,1.1322808,1
cdec_PNF,37.21875_-118.90625,37.21875,-118.90625,0.7613600290738274,0.21491123735904694,0.44229534,1
cdec_PNF,37.21875_-118.96875,37.21875,-118.96875,0.6622217942472686,0.33094674348831177,0.66128856,1
cdec_SCC,35.96875_-118.59375,35.96875,-118.59375,0.5108014674939971,0.32461538910865784,1.8668936,1
cdec_SCC,35.96875_-118.65625,35.96875,-118.65625,0.5140950546920069,0.3491124212741852,2.2006054,1
cdec_SCC,35.96875_-118.71875,35.96875,-118.71875,0.5375889314997561,0.3873964548110962,1.7892175,1
cdec_SCC,35.96875_-118.78125,35.96875,-118.78125,0.5962192126473776,0.36100590229034424,1.1446247,1
cdec_SCC,35.96875_-118.84375,35.96875,-118.84375,0.6338631622230232,0.352544367313385,0.7823598,1
cdec_SCC,36.03125_-118.59375,36.03125,-118.59375,0.5169123758403135,0.33656805753707886,1.8930291,1
cdec_SCC,36.03125_-118.65625,36.03125,-118.65625,0.5201605750013533,0.3834911286830902,2.022597,1
cdec_SCC,36.03125_-118.71875,36.03125,-118.71875,0.5507176326920565,0.381538450717926,1.4961852,1
cdec_SCC,36.03125_-118.78125,36.03125,-118.78125,0.7272974640428642,0.34165680408477783,1.0373594,1
cdec_SCC,36.03125_-118.84375,36.03125,-118.84375,0.6012856616419932,0.3629585802555084,0.82585,1
cdec_SCC,36.03125_-118.90625,36.03125,-118.90625,0.5871572965273701,0.2861538529396057,0.7447146,1
cdec_SCC,36.09375_-118.53125,36.09375,-118.53125,0.5212878860789302,0.3414793014526367,1.4972287,1
cdec_SCC,36.09375_-118.59375,36.09375,-118.59375,0.5240016100139433,0.3693491220474243,1.7183979,1
cdec_SCC,36.09375_-118.65625,36.09375,-118.65625,0.5098359766520276,0.3899408280849457,2.26865,1
cdec_SCC,36.09375_-118.71875,36.09375,-118.71875,0.5178515041258983,0.43396449089050293,2.1076636,1
cdec_SCC,36.09375_-118.78125,36.09375,-118.78125,0.5821398378405683,0.4214792847633362,1.2882472,1
cdec_SCC,36.09375_-118.84375,36.09375,-118.84375,0.5853541915492799,0.3362721800804138,0.88619447,1
cdec_SCC,36.09375_-118.90625,36.09375,-118.90625,0.5755777218166851,0.3024851977825165,0.7630979,1
cdec_SCC,36.09375_-118.96875,36.09375,-118.96875,0.5450121208132845,0.33230769634246826,0.72225004,1
cdec_SCC,36.15625_-118.53125,36.15625,-118.53125,0.5330341317278492,0.36017751693725586,1.7030463,1
cdec_SCC,36.15625_-118.59375,36.15625,-118.59375,0.5158038981656246,0.37781065702438354,2.1775255,1
cdec_SCC,36.15625_-118.65625,36.15625,-118.65625,0.5178485606173178,0.4032544493675232,2.310333,1
cdec_SCC,36.15625_-118.71875,36.15625,-118.71875,0.5298879178843401,0.38905325531959534,1.5676507,1
cdec_SCC,36.15625_-118.78125,36.15625,-118.78125,0.6354854709848698,0.37218934297561646,1.1760329,1
cdec_SCC,36.15625_-118.84375,36.15625,-118.84375,0.6774091244560667,0.4179881513118744,0.9542178,1
cdec_SCC,36.15625_-118.90625,36.15625,-118.90625,0.6609730437963753,0.4223668575286865,0.8017618,1
cdec_SCC,36.21875_-118.59375,36.21875,-118.59375,0.5339265244987903,0.38242602348327637,1.6255337,1
cdec_SCC,36.21875_-118.65625,36.21875,-118.65625,0.5098268444781014,0.4169822633266449,2.4587057,1
cdec_SCC,36.21875_-118.71875,36.21875,-118.71875,0.5168537188071585,0.4297633171081543,2.1269052,1
cdec_SCC,36.21875_-118.78125,36.21875,-118.78125,0.6095933988127409,0.4194674491882324,1.365649,1
cdec_SCC,36.21875_-118.84375,36.21875,-118.84375,0.648700361004409,0.45207101106643677,1.1238253,1
cdec_SCC,36.21875_-118.90625,36.21875,-118.90625,0.6658320702915961,0.43183431029319763,0.8810735,1
cdec_SCC,36.28125_-118.59375,36.28125,-118.59375,0.6074830157074858,0.3140828311443329,0.9205719,1
cdec_SCC,36.28125_-118.65625,36.28125,-118.65625,0.5502263199193083,0.29343196749687195,1.0724419,1
cdec_SCC,36.28125_-118.71875,36.28125,-118.71875,0.5140310643484467,0.3943786919116974,1.9372435,1
cdec_SCC,36.28125_-118.78125,36.28125,-118.78125,0.5286976678629737,0.41183432936668396,1.793378,1
cdec_SCC,36.28125_-118.84375,36.28125,-118.84375,0.5151982054367801,0.44378697872161865,1.5180427,1
cdec_SCC,36.34375_-118.65625,36.34375,-118.65625,0.5576939078610885,0.35473373532295227,0.9896042,1
cdec_SCC,36.34375_-118.71875,36.34375,-118.71875,0.5142019824685841,0.38556212186813354,1.6997529,1
cdec_SCC,36.34375_-118.78125,36.34375,-118.78125,0.5362191246867093,0.40976330637931824,1.8370454,1
cdec_SHA,40.46875_-121.21875,40.46875,-121.21875,1.2597833142430628,0.3722485303878784,0.860824,1
cdec_SHA,40.46875_-121.28125,40.46875,-121.28125,1.1874963061680943,0.35461539030075073,0.87463456,1
cdec_SHA,40.46875_-121.34375,40.46875,-121.34375,1.1027720877747877,0.3552071154117584,0.95077056,1
cdec_SHA,40.46875_-121.40625,40.46875,-121.40625,1.1120734409833424,0.3584023714065552,1.1099523,1
cdec_SHA,40.46875_-121.46875,40.46875,-121.46875,1.1902158541456334,0.2819526493549347,0.6209389,1
cdec_SHA,40.46875_-121.53125,40.46875,-121.53125,0.9846664054085814,0.2546153962612152,0.5261976,1
cdec_SHA,40.53125_-121.15625,40.53125,-121.15625,1.150635826664857,0.3984023630619049,1.4142983,1
cdec_SHA,40.53125_-121.21875,40.53125,-121.21875,1.227594081323191,0.37396448850631714,1.197092,1
cdec_SHA,40.53125_-121.28125,40.53125,-121.28125,1.1868009929890935,0.29674556851387024,0.9456718,1
cdec_SHA,40.53125_-121.34375,40.53125,-121.34375,1.4080563079494728,0.2757396399974823,0.76355445,1
cdec_SHA,40.53125_-121.40625,40.53125,-121.40625,1.2797414398453346,0.2819526493549347,0.8470478,1
cdec_SHA,40.53125_-121.46875,40.53125,-121.46875,1.0336045988611762,0.3378698229789734,1.1276582,1
cdec_SHA,40.53125_-121.53125,40.53125,-121.53125,0.8586472385759882,0.3342011868953705,1.2017533,1
cdec_SHA,40.53125_-121.59375,40.53125,-121.59375,0.7835462904400611,0.49449703097343445,2.1187177,1
cdec_SHA,40.59375_-121.03125,40.59375,-121.03125,1.3769703505812094,0.39254438877105713,1.1455259,1
cdec_SHA,40.59375_-121.09375,40.59375,-121.09375,1.395707031864747,0.3728402256965637,1.173837,1
cdec_SHA,40.59375_-121.15625,40.59375,-121.15625,0.8941025985978543,0.4125443696975708,1.7142707,1
cdec_SHA,40.59375_-121.21875,40.59375,-121.21875,0.9820618348536949,0.42017751932144165,1.6972333,1
cdec_SHA,40.59375_-121.28125,40.59375,-121.28125,1.2269987035888978,0.3801775276660919,1.5153913,1
cdec_SHA,40.59375_-121.34375,40.59375,-121.34375,1.234162191456309,0.3366864025592804,1.2520199,1
cdec_SHA,40.59375_-121.40625,40.59375,-121.40625,0.841771648587687,0.3273964524269104,1.4945762,1
cdec_SHA,40.59375_-121.46875,40.59375,-121.46875,0.8847490788587525,0.40526628494262695,1.8245646,1
cdec_SHA,40.59375_-121.53125,40.59375,-121.53125,0.8212527894776909,0.4497041404247284,1.9589092,1
cdec_SHA,40.59375_-121.59375,40.59375,-121.59375,0.8003966974585612,0.46272188425064087,2.0218413,1
cdec_SHA,40.59375_-121.65625,40.59375,-121.65625,0.8224649439427538,0.502662718296051,2.0849364,1
cdec_SHA,40.65625_-121.03125,40.65625,-121.03125,1.3169997926582468,0.3835502862930298,1.0327111,1
cdec_SHA,40.65625_-121.09375,40.65625,-121.09375,1.4409915596159584,0.3537278175354004,0.9820124,1
cdec_SHA,40.65625_-121.15625,40.65625,-121.15625,1.4688663568722022,0.3307100534439087,1.0292385,1
cdec_SHA,40.65625_-121.21875,40.65625,-121.21875,1.4205564367215855,0.3462130129337311,1.1560314,1
cdec_SHA,40.65625_-121.28125,40.65625,-121.28125,1.280241570092989,0.34242603182792664,1.0772388,1
cdec_SHA,40.65625_-121.34375,40.65625,-121.34375,1.3302152989663363,0.37431952357292175,1.3909935,1
cdec_SHA,40.65625_-121.40625,40.65625,-121.40625,1.2681297850623865,0.3276331424713135,1.3148407,1
cdec_SHA,40.65625_-121.46875,40.65625,-121.46875,1.0080459609779546,0.4003550410270691,1.443978,1
cdec_SHA,40.65625_-121.53125,40.65625,-121.53125,1.1051557658065079,0.4148520827293396,1.483125,1
cdec_SHA,40.65625_-121.59375,40.65625,-121.59375,0.9658968250568056,0.4514792859554291,1.648657,1
cdec_SHA,40.65625_-121.65625,40.65625,-121.65625,0.7969004273572279,0.526627242565155,2.0313487,1
cdec_SHA,40.65625_-121.71875,40.65625,-121.71875,0.7846392599644236,0.5139644742012024,2.3370464,1
cdec_SHA,40.71875_-120.96875,40.71875,-120.96875,1.3648480233285794,0.3788165748119354,1.2693558,1
cdec_SHA,40.71875_-121.03125,40.71875,-121.03125,1.366332058420248,0.3825443685054779,1.2657167,1
cdec_SHA,40.71875_-121.09375,40.71875,-121.09375,1.2432409417362047,0.397396445274353,1.4394051,1
cdec_SHA,40.71875_-121.15625,40.71875,-121.15625,1.351880598554356,0.3995266258716583,1.2437575,1
cdec_SHA,40.71875_-121.21875,40.71875,-121.21875,1.3672316328404133,0.3168047368526459,0.98367107,1
cdec_SHA,40.71875_-121.28125,40.71875,-121.28125,1.3686007661440172,0.3502366840839386,1.0088682,1
cdec_SHA,40.71875_-121.34375,40.71875,-121.34375,1.3459052484789096,0.36384615302085876,1.1561669,1
cdec_SHA,40.71875_-121.40625,40.71875,-121.40625,1.178249723156005,0.3664497137069702,1.0492808,1
cdec_SHA,40.71875_-121.46875,40.71875,-121.46875,0.7719230480316853,0.42621302604675293,1.5024258,1
cdec_SHA,40.71875_-121.53125,40.71875,-121.53125,0.9624549859432454,0.41224852204322815,1.4639162,1
cdec_SHA,40.71875_-121.59375,40.71875,-121.59375,0.7983945481748831,0.40295857191085815,1.255612,1
cdec_SHA,40.71875_-121.65625,40.71875,-121.65625,0.724608897410452,0.5381065011024475,2.2358406,1
cdec_SHA,40.71875_-121.71875,40.71875,-121.71875,0.813601437077288,0.46792900562286377,1.8930831,1
cdec_SHA,40.71875_-121.78125,40.71875,-121.78125,0.7419779332716103,0.5023077130317688,1.785408,1
cdec_SHA,40.71875_-122.09375,40.71875,-122.09375,1.2697168309751907,0.45485207438468933,1.7311683,1
cdec_SHA,40.71875_-122.15625,40.71875,-122.15625,1.1532469253417215,0.37994083762168884,1.3598913,1
cdec_SHA,40.71875_-122.21875,40.71875,-122.21875,1.0519290888900246,0.31065088510513306,1.1600171,1
cdec_SHA,40.71875_-122.28125,40.71875,-122.28125,1.1661977911873171,0.31609466671943665,1.6017718,1
cdec_SHA,40.71875_-122.34375,40.71875,-122.34375,1.1943709083425187,0.3856213092803955,1.7181463,1
cdec_SHA,40.71875_-122.40625,40.71875,-122.40625,1.07179846771987,0.3254437744617462,1.5941372,1
cdec_SHA,40.71875_-122.46875,40.71875,-122.46875,0.8261975140723621,0.3914792835712433,1.4379524,1
cdec_SHA,40.71875_-122.53125,40.71875,-122.53125,0.584921907101035,0.3767455518245697,1.6661022,1
cdec_SHA,40.78125_-120.90625,40.78125,-120.90625,1.299507532417179,0.3784615397453308,1.207558,1
cdec_SHA,40.78125_-120.96875,40.78125,-120.96875,1.2489365539843096,0.3678106367588043,1.2000744,1
cdec_SHA,40.78125_-121.03125,40.78125,-121.03125,1.278458906327219,0.36023667454719543,1.1205401,1
cdec_SHA,40.78125_-121.09375,40.78125,-121.09375,1.2206293251317881,0.39313608407974243,1.3350272,1
cdec_SHA,40.78125_-121.15625,40.78125,-121.15625,1.167392955940066,0.3904733657836914,1.3539305,1
cdec_SHA,40.78125_-121.21875,40.78125,-121.21875,1.0769985104451272,0.40970414876937866,1.5236152,1
cdec_SHA,40.78125_-121.28125,40.78125,-121.28125,1.2881448038901748,0.3765680491924286,1.1604621,1
cdec_SHA,40.78125_-121.34375,40.78125,-121.34375,1.3801371017940491,0.3549112379550934,0.9317687,1
cdec_SHA,40.78125_-121.40625,40.78125,-121.40625,1.382219729344643,0.3061538338661194,0.65968335,1
cdec_SHA,40.78125_-121.46875,40.78125,-121.46875,1.1722411147617366,0.2800000011920929,0.7972886,1
cdec_SHA,40.78125_-121.53125,40.78125,-121.53125,0.9108158382304522,0.3427218794822693,1.332593,1
cdec_SHA,40.78125_-121.59375,40.78125,-121.59375,1.0440965075047552,0.36331361532211304,1.3720129,1
cdec_SHA,40.78125_-121.65625,40.78125,-121.65625,0.8596733042255168,0.4821893572807312,2.135169,1
cdec_SHA,40.78125_-121.71875,40.78125,-121.71875,0.6978673365748067,0.515562117099762,2.3705633,1
cdec_SHA,40.78125_-121.78125,40.78125,-121.78125,0.7582982222860966,0.5751479268074036,2.3708332,1
cdec_SHA,40.78125_-121.84375,40.78125,-121.84375,0.7159885026782764,0.5152071118354797,2.1920264,1
cdec_SHA,40.78125_-121.90625,40.78125,-121.90625,0.8225498291123685,0.44840237498283386,1.8978167,1
cdec_SHA,40.78125_-121.96875,40.78125,-121.96875,1.1837822574600252,0.44958579540252686,1.8980019,1
cdec_SHA,40.78125_-122.03125,40.78125,-122.03125,1.2195757021287508,0.5257396697998047,2.6827292,1
cdec_SHA,40.78125_-122.09375,40.78125,-122.09375,1.1995796178792921,0.5224260091781616,2.5464988,1
cdec_SHA,40.78125_-122.15625,40.78125,-122.15625,1.1941854475716478,0.3883431851863861,2.0547018,1
cdec_SHA,40.78125_-122.21875,40.78125,-122.21875,1.174292075987105,0.3279881775379181,1.817619,1
cdec_SHA,40.78125_-122.28125,40.78125,-122.28125,0.9564730116631477,0.34396448731422424,1.813641,1
cdec_SHA,40.78125_-122.34375,40.78125,-122.34375,1.1166476513280617,0.29420119524002075,1.7153546,1
cdec_SHA,40.78125_-122.40625,40.78125,-122.40625,0.9249640166657043,0.21213017404079437,1.348731,1
cdec_SHA,40.78125_-122.46875,40.78125,-122.46875,0.6695298424536349,0.4146745502948761,2.0808425,1
cdec_SHA,40.78125_-122.53125,40.78125,-122.53125,0.6719440951539948,0.42331361770629883,2.2681193,1
cdec_SHA,40.84375_-120.84375,40.84375,-120.84375,1.501684032049475,0.3368639051914215,0.87257576,1
cdec_SHA,40.84375_-120.90625,40.84375,-120.90625,1.3816236008856024,0.36544379591941833,0.982036,1
cdec_SHA,40.84375_-120.96875,40.84375,-120.96875,1.3346309925830564,0.3356804847717285,0.82394534,1
cdec_SHA,40.84375_-121.03125,40.84375,-121.03125,1.3232616499635228,0.3188757300376892,0.6415657,1
cdec_SHA,40.84375_-121.09375,40.84375,-121.09375,1.3882903964322368,0.3418934941291809,0.72135365,1
cdec_SHA,40.84375_-121.15625,40.84375,-121.15625,1.2685416595505805,0.38538461923599243,1.2278392,1
cdec_SHA,40.84375_-121.21875,40.84375,-121.21875,1.297147665382008,0.35887575149536133,1.0757858,1
cdec_SHA,40.84375_-121.28125,40.84375,-121.28125,1.4768253572366974,0.32053253054618835,0.9871155,1
cdec_SHA,40.84375_-121.34375,40.84375,-121.34375,1.348480927331587,0.32153844833374023,0.9645543,1
cdec_SHA,40.84375_-121.40625,40.84375,-121.40625,1.341335259100418,0.30952662229537964,0.68655515,1
cdec_SHA,40.84375_-121.46875,40.84375,-121.46875,1.3037767768211854,0.38999998569488525,0.687079,1
cdec_SHA,40.84375_-121.53125,40.84375,-121.53125,1.3309939263532542,0.3784615397453308,0.9932582,1
cdec_SHA,40.84375_-121.59375,40.84375,-121.59375,0.8939755010899288,0.4000000059604645,1.5631382,1
cdec_SHA,40.84375_-121.65625,40.84375,-121.65625,0.7514224387475046,0.46355029940605164,2.0659227,1
cdec_SHA,40.84375_-121.71875,40.84375,-121.71875,0.828241030292816,0.4936094582080841,2.1803472,1
cdec_SHA,40.84375_-121.78125,40.84375,-121.78125,0.7484274941410414,0.44532543420791626,2.096655,1
cdec_SHA,40.84375_-121.84375,40.84375,-121.84375,0.7157221914976799,0.46715977787971497,2.1103256,1
cdec_SHA,40.84375_-121.90625,40.84375,-121.90625,0.8476262036443484,0.42810651659965515,1.8743039,1
cdec_SHA,40.84375_-121.96875,40.84375,-121.96875,1.1794071574202674,0.5020710229873657,2.4008226,1
cdec_SHA,40.84375_-122.03125,40.84375,-122.03125,1.1149115924138564,0.5766863822937012,3.127337,1
cdec_SHA,40.84375_-122.09375,40.84375,-122.09375,1.0316461968531145,0.6105325222015381,3.170113,1
cdec_SHA,40.84375_-122.15625,40.84375,-122.15625,1.1162297856164787,0.5988757610321045,3.214111,1
cdec_SHA,40.84375_-122.21875,40.84375,-122.21875,1.0897659352647808,0.5583431720733643,2.72615,1
cdec_SHA,40.84375_-122.28125,40.84375,-122.28125,1.1888594234084215,0.480236679315567,2.4393423,1
cdec_SHA,40.84375_-122.34375,40.84375,-122.34375,1.1830381217106014,0.43508875370025635,2.1017182,1
cdec_SHA,40.84375_-122.40625,40.84375,-122.40625,0.9676876589209645,0.32846152782440186,1.5671813,1
cdec_SHA,40.84375_-122.46875,40.84375,-122.46875,1.0470184683983779,0.4645562171936035,2.2319267,1
cdec_SHA,40.84375_-122.53125,40.84375,-122.53125,0.6513806396807973,0.386982262134552,2.0049474,1
cdec_SHA,40.90625_-120.78125,40.90625,-120.78125,1.4913927072473512,0.3700000047683716,0.560331,1
cdec_SHA,40.90625_-120.84375,40.90625,-120.84375,1.4996421609554678,0.3039644956588745,0.4467781,1
cdec_SHA,40.90625_-120.90625,40.90625,-120.90625,1.4307077175859026,0.28260356187820435,0.38256484,1
cdec_SHA,40.90625_-120.96875,40.90625,-120.96875,1.3757988935214778,0.2718935012817383,0.37542787,1
cdec_SHA,40.90625_-121.03125,40.90625,-121.03125,1.4549555983546176,0.27721893787384033,0.4900945,1
cdec_SHA,40.90625_-121.09375,40.90625,-121.09375,1.4244048188042395,0.3382840156555176,0.6494645,1
cdec_SHA,40.90625_-121.15625,40.90625,-121.15625,1.4769197977487565,0.32692307233810425,0.59286356,1
cdec_SHA,40.90625_-121.21875,40.90625,-121.21875,1.446691074646978,0.3459171652793884,0.86589473,1
cdec_SHA,40.90625_-121.28125,40.90625,-121.28125,1.3796866137728727,0.33816567063331604,0.6387712,1
cdec_SHA,40.90625_-121.34375,40.90625,-121.34375,1.4527238289944497,0.34088757634162903,0.6801955,1
cdec_SHA,40.90625_-121.40625,40.90625,-121.40625,1.434813943627744,0.3284023702144623,0.5741639,1
cdec_SHA,40.90625_-121.46875,40.90625,-121.46875,1.3247318420063823,0.3284023702144623,0.589437,1
cdec_SHA,40.90625_-121.53125,40.90625,-121.53125,1.341291784289301,0.3320710062980652,0.79023093,1
cdec_SHA,40.90625_-121.59375,40.90625,-121.59375,1.2354821145639052,0.359112411737442,0.9870652,1
cdec_SHA,40.90625_-121.65625,40.90625,-121.65625,1.293159810696608,0.3434911370277405,1.1508694,1
cdec_SHA,40.90625_-121.71875,40.90625,-121.71875,0.9638851849647889,0.34976330399513245,1.6407601,1
cdec_SHA,40.90625_-121.78125,40.90625,-121.78125,0.7643627539104905,0.4398224949836731,2.2730386,1
cdec_SHA,40.90625_-121.84375,40.90625,-121.84375,0.6955216418353591,0.455443799495697,1.9718812,1
cdec_SHA,40.90625_-121.90625,40.90625,-121.90625,0.9040764065298823,0.48053255677223206,2.5268123,1
cdec_SHA,40.90625_-121.96875,40.90625,-121.96875,1.1134418499610366,0.5649704337120056,3.002355,1
cdec_SHA,40.90625_-122.03125,40.90625,-122.03125,1.0083436747173087,0.6329585909843445,3.3293765,1
cdec_SHA,40.90625_-122.09375,40.90625,-122.09375,1.0283048766152085,0.6138461828231812,3.3934884,1
cdec_SHA,40.90625_-122.15625,40.90625,-122.15625,0.985124565531168,0.6071597337722778,3.5916278,1
cdec_SHA,40.90625_-122.21875,40.90625,-122.21875,1.1283446442884375,0.48639053106307983,2.6386418,1
cdec_SHA,40.90625_-122.28125,40.90625,-122.28125,1.0660103008725745,0.4359763264656067,2.7970583,1
cdec_SHA,40.90625_-122.34375,40.90625,-122.34375,0.9357504265282268,0.3614201247692108,2.6232517,1
cdec_SHA,40.90625_-122.40625,40.90625,-122.40625,1.211076620175261,0.4363313615322113,2.0649865,1
cdec_SHA,40.90625_-122.46875,40.90625,-122.46875,0.8058512227781045,0.5299999713897705,2.4262807,1
cdec_SHA,40.90625_-122.53125,40.90625,-122.53125,0.6419915617451666,0.4603550434112549,2.4255323,1
cdec_SHA,40.96875_-120.59375,40.96875,-120.59375,1.5047847440168347,0.23396450281143188,0.38232496,1
cdec_SHA,40.96875_-120.65625,40.96875,-120.65625,1.5335975114317228,0.2757396399974823,0.40772435,1
cdec_SHA,40.96875_-120.71875,40.96875,-120.71875,1.5371844767122413,0.2955029606819153,0.5411822,1
cdec_SHA,40.96875_-120.78125,40.96875,-120.78125,1.3868255494938109,0.3202366828918457,0.9469738,1
cdec_SHA,40.96875_-120.84375,40.96875,-120.84375,1.461151994094672,0.32881656289100647,0.7966703,1
cdec_SHA,40.96875_-120.90625,40.96875,-120.90625,1.502791287452582,0.21958580613136292,0.31817016,1
cdec_SHA,40.96875_-120.96875,40.96875,-120.96875,1.4846076997790183,0.2687574028968811,0.5089203,1
cdec_SHA,40.96875_-121.03125,40.96875,-121.03125,1.358429558933991,0.281715989112854,0.83800226,1
cdec_SHA,40.96875_-121.09375,40.96875,-121.09375,1.207472851721866,0.32668638229370117,1.1586748,1
cdec_SHA,40.96875_-121.15625,40.96875,-121.15625,1.4299711645719033,0.2818934917449951,0.52435255,1
cdec_SHA,40.96875_-121.21875,40.96875,-121.21875,1.3898505031205173,0.2950887680053711,0.4766498,1
cdec_SHA,40.96875_-121.28125,40.96875,-121.28125,1.44260036440713,0.3161538541316986,0.54195917,1
cdec_SHA,40.96875_-121.34375,40.96875,-121.34375,1.289696911351467,0.33656805753707886,0.5736882,1
cdec_SHA,40.96875_-121.40625,40.96875,-121.40625,1.3727924186621654,0.33757397532463074,0.6083383,1
cdec_SHA,40.96875_-121.46875,40.96875,-121.46875,1.453621069713512,0.2892899513244629,0.6481146,1
cdec_SHA,40.96875_-121.53125,40.96875,-121.53125,1.4536082596456845,0.30792897939682007,0.70368713,1
cdec_SHA,40.96875_-121.59375,40.96875,-121.59375,1.1378630850847327,0.2774556279182434,0.8379558,1
cdec_SHA,40.96875_-121.65625,40.96875,-121.65625,1.385330180177637,0.3263905346393585,1.4131774,1
cdec_SHA,40.96875_-121.71875,40.96875,-121.71875,0.877918333506747,0.3127219080924988,1.8525612,1
cdec_SHA,40.96875_-121.78125,40.96875,-121.78125,0.6680630705502814,0.39988166093826294,2.3891263,1
cdec_SHA,40.96875_-121.84375,40.96875,-121.84375,0.7064607841836399,0.43952661752700806,2.3220904,1
cdec_SHA,40.96875_-121.90625,40.96875,-121.90625,0.8351753467491891,0.42254438996315,2.3732007,1
cdec_SHA,40.96875_-121.96875,40.96875,-121.96875,0.8634979040905696,0.4760355055332184,2.7154956,1
cdec_SHA,40.96875_-122.03125,40.96875,-122.03125,1.0284597334559378,0.49041420221328735,2.9462256,1
cdec_SHA,40.96875_-122.09375,40.96875,-122.09375,1.0658453894640756,0.4965088665485382,3.0641062,1
cdec_SHA,40.96875_-122.15625,40.96875,-122.15625,1.0445841943706058,0.5751479268074036,3.2963238,1
cdec_SHA,40.96875_-122.21875,40.96875,-122.21875,1.077149640867126,0.4666863977909088,2.7754784,1
cdec_SHA,40.96875_-122.28125,40.96875,-122.28125,0.7346102836383643,0.36449703574180603,2.5054548,1
cdec_SHA,40.96875_-122.34375,40.96875,-122.34375,0.7871115548685768,0.3478698134422302,2.6528952,1
cdec_SHA,40.96875_-122.40625,40.96875,-122.40625,0.7969123305516568,0.32792899012565613,2.4620605,1
cdec_SHA,40.96875_-122.46875,40.96875,-122.46875,0.713272474456876,0.2879289984703064,2.4629557,1
cdec_SHA,40.96875_-122.53125,40.96875,-122.53125,0.6141092207667778,0.3752070963382721,2.420303,1
cdec_SHA,41.03125_-120.21875,41.03125,-120.21875,1.52416270740132,0.27585798501968384,0.33149147,1
cdec_SHA,41.03125_-120.28125,41.03125,-120.28125,1.5256034907611031,0.28573963046073914,0.33252496,1
cdec_SHA,41.03125_-120.34375,41.03125,-120.34375,1.5193452627209627,0.272426038980484,0.37015846,1
cdec_SHA,41.03125_-120.40625,41.03125,-120.40625,1.490618038183709,0.2569822371006012,0.3431508,1
cdec_SHA,41.03125_-120.59375,41.03125,-120.59375,1.4343391793685667,0.25360947847366333,0.38273862,1
cdec_SHA,41.03125_-120.65625,41.03125,-120.65625,1.503506276710241,0.23680473864078522,0.44951952,1
cdec_SHA,41.03125_-120.71875,41.03125,-120.71875,1.5038764487546328,0.27289941906929016,0.63728976,1
cdec_SHA,41.03125_-120.78125,41.03125,-120.78125,1.481411381962785,0.29497042298316956,0.9263392,1
cdec_SHA,41.03125_-120.84375,41.03125,-120.84375,1.5147794762776894,0.24757397174835205,0.75356203,1
cdec_SHA,41.03125_-120.90625,41.03125,-120.90625,1.3903607975025905,0.2975739538669586,0.78256565,1
cdec_SHA,41.03125_-120.96875,41.03125,-120.96875,1.3256095649257698,0.3061538338661194,0.86954504,1
cdec_SHA,41.03125_-121.03125,41.03125,-121.03125,1.2569345265869174,0.3276331424713135,0.96966505,1
cdec_SHA,41.03125_-121.09375,41.03125,-121.09375,1.3151544570525247,0.3043195307254791,0.98719597,1
cdec_SHA,41.03125_-121.15625,41.03125,-121.15625,1.4962042513869998,0.31840237975120544,0.6231231,1
cdec_SHA,41.03125_-121.21875,41.03125,-121.21875,1.4254059270223793,0.31934911012649536,0.94624835,1
cdec_SHA,41.03125_-121.28125,41.03125,-121.28125,1.5064068867933451,0.3179289996623993,0.79288286,1
cdec_SHA,41.03125_-121.34375,41.03125,-121.34375,1.467796591657423,0.33875739574432373,0.9552374,1
cdec_SHA,41.03125_-121.40625,41.03125,-121.40625,1.3321155729429766,0.33017751574516296,0.97218364,1
cdec_SHA,41.03125_-121.46875,41.03125,-121.46875,1.2532143730942429,0.343313604593277,0.91172624,1
cdec_SHA,41.03125_-121.53125,41.03125,-121.53125,1.3856454222114682,0.3134319484233856,0.8884048,1
cdec_SHA,41.03125_-121.59375,41.03125,-121.59375,1.3597670596820364,0.3422485291957855,1.0998187,1
cdec_SHA,41.03125_-121.65625,41.03125,-121.65625,1.041087254588354,0.32946744561195374,1.4800252,1
cdec_SHA,41.03125_-121.71875,41.03125,-121.71875,1.1318095100761272,0.4747928977012634,2.639578,1
cdec_SHA,41.03125_-121.78125,41.03125,-121.78125,0.8881210840854659,0.5320709943771362,3.1697314,1
cdec_SHA,41.03125_-121.84375,41.03125,-121.84375,0.9538629856553068,0.526627242565155,2.9186742,1
cdec_SHA,41.03125_-121.90625,41.03125,-121.90625,1.1020590316777676,0.480295866727829,2.5703254,1
cdec_SHA,41.03125_-121.96875,41.03125,-121.96875,0.9790274551375089,0.48538461327552795,2.7873912,1
cdec_SHA,41.03125_-122.03125,41.03125,-122.03125,0.7104069593381174,0.3724852204322815,2.491546,1
cdec_SHA,41.03125_-122.09375,41.03125,-122.09375,0.6457147611189997,0.33000001311302185,2.1424966,1
cdec_SHA,41.03125_-122.15625,41.03125,-122.15625,0.8715677582052107,0.5462722182273865,2.9478264,1
cdec_SHA,41.03125_-122.21875,41.03125,-122.21875,0.9887089269126952,0.4614792764186859,2.7281148,1
cdec_SHA,41.03125_-122.28125,41.03125,-122.28125,0.6041101319342073,0.4457988142967224,2.5979178,1
cdec_SHA,41.03125_-122.34375,41.03125,-122.34375,0.6902398295165988,0.4409467577934265,2.9077332,1
cdec_SHA,41.03125_-122.40625,41.03125,-122.40625,0.8685570362520465,0.32946744561195374,2.112263,1
cdec_SHA,41.03125_-122.46875,41.03125,-122.46875,0.7520656537767316,0.2597041428089142,1.7027065,1
cdec_SHA,41.03125_-122.53125,41.03125,-122.53125,0.6572031802526377,0.25201183557510376,1.7604103,1
cdec_SHA,41.09375_-120.15625,41.09375,-120.15625,1.3276039078975268,0.34029585123062134,0.4918768,1
cdec_SHA,41.09375_-120.21875,41.09375,-120.21875,1.4374211590070742,0.35976332426071167,0.46803695,1
cdec_SHA,41.09375_-120.28125,41.09375,-120.28125,1.5540784479250673,0.3095858097076416,0.4614834,1
cdec_SHA,41.09375_-120.34375,41.09375,-120.34375,1.502910297423033,0.280177503824234,0.41786277,1
cdec_SHA,41.09375_-120.40625,41.09375,-120.40625,1.4775157681670126,0.1998816579580307,0.2944353,1
cdec_SHA,41.09375_-120.46875,41.09375,-120.46875,1.4995748156178537,0.25207099318504333,0.40008402,1
cdec_SHA,41.09375_-120.53125,41.09375,-120.53125,1.511693824439901,0.26171597838401794,0.4102157,1
cdec_SHA,41.09375_-120.59375,41.09375,-120.59375,1.4093778148106835,0.26751479506492615,0.42835373,1
cdec_SHA,41.09375_-120.65625,41.09375,-120.65625,1.5214861825816532,0.31603550910949707,0.44581822,1
cdec_SHA,41.09375_-120.71875,41.09375,-120.71875,1.45427473451571,0.3117159903049469,0.46547303,1
cdec_SHA,41.09375_-120.78125,41.09375,-120.78125,1.5125727367184492,0.28644970059394836,0.77193815,1
cdec_SHA,41.09375_-120.84375,41.09375,-120.84375,1.5199264294293742,0.29343196749687195,0.6693083,1
cdec_SHA,41.09375_-120.90625,41.09375,-120.90625,1.501636220087732,0.3113609552383423,0.70043826,1
cdec_SHA,41.09375_-120.96875,41.09375,-120.96875,1.4755038375933722,0.3351479172706604,0.81402445,1
cdec_SHA,41.09375_-121.03125,41.09375,-121.03125,1.4565740645146015,0.31875738501548767,0.48114628,1
cdec_SHA,41.09375_-121.09375,41.09375,-121.09375,1.3331671978156359,0.2937869727611542,0.75628895,1
cdec_SHA,41.09375_-121.15625,41.09375,-121.15625,0.9664604837339805,0.41266271471977234,0.6492113,1
cdec_SHA,41.09375_-121.21875,41.09375,-121.21875,1.45032948204374,0.34532544016838074,1.1757816,1
cdec_SHA,41.09375_-121.28125,41.09375,-121.28125,1.5036694273169504,0.3405325412750244,0.79583406,1
cdec_SHA,41.09375_-121.34375,41.09375,-121.34375,1.356161110073802,0.35650888085365295,0.9167551,1
cdec_SHA,41.09375_-121.40625,41.09375,-121.40625,1.0224936213723879,0.4229585826396942,0.88736176,1
cdec_SHA,41.09375_-121.46875,41.09375,-121.46875,1.1039521916984625,0.33331361413002014,1.0640252,1
cdec_SHA,41.09375_-121.53125,41.09375,-121.53125,1.2975630531234348,0.40124261379241943,1.2370449,1
cdec_SHA,41.09375_-121.59375,41.09375,-121.59375,1.000688149629616,0.448579877614975,2.0538137,1
cdec_SHA,41.09375_-121.65625,41.09375,-121.65625,1.0121748945495876,0.4073372781276703,2.531743,1
cdec_SHA,41.09375_-121.71875,41.09375,-121.71875,0.8419535119746422,0.4515976309776306,2.8725045,1
cdec_SHA,41.09375_-121.78125,41.09375,-121.78125,0.7358733250953338,0.44692307710647583,2.130965,1
cdec_SHA,41.09375_-121.84375,41.09375,-121.84375,0.8512041848650345,0.49721893668174744,2.5131786,1
cdec_SHA,41.09375_-121.90625,41.09375,-121.90625,1.0741215401530746,0.612958550453186,3.3904889,1
cdec_SHA,41.09375_-121.96875,41.09375,-121.96875,0.9369651579180073,0.6068639159202576,3.44338,1
cdec_SHA,41.09375_-122.03125,41.09375,-122.03125,0.7339407542170278,0.49408283829689026,2.8428736,1
cdec_SHA,41.09375_-122.09375,41.09375,-122.09375,0.6407538333187918,0.4769822359085083,2.6367023,1
cdec_SHA,41.09375_-122.15625,41.09375,-122.15625,1.0240846059600583,0.6534911394119263,3.3204594,1
cdec_SHA,41.09375_-122.21875,41.09375,-122.21875,0.8802219846196376,0.5979290008544922,3.2183852,1
cdec_SHA,41.09375_-122.28125,41.09375,-122.28125,0.8974917843950779,0.6023668646812439,3.1026952,1
cdec_SHA,41.09375_-122.34375,41.09375,-122.34375,0.934696758661517,0.5323668718338013,2.7806537,1
cdec_SHA,41.09375_-122.40625,41.09375,-122.40625,0.7507031148608594,0.518224835395813,2.0786862,1
cdec_SHA,41.09375_-122.46875,41.09375,-122.46875,0.6516381637502335,0.4304733872413635,1.291792,1
cdec_SHA,41.09375_-122.53125,41.09375,-122.53125,0.5866630085486059,0.4108284115791321,1.3086616,1
cdec_SHA,41.15625_-120.15625,41.15625,-120.15625,1.1895397044231526,0.3502366840839386,0.6960269,1
cdec_SHA,41.15625_-120.21875,41.15625,-120.21875,1.1504682297139597,0.36384615302085876,0.6569636,1
cdec_SHA,41.15625_-120.28125,41.15625,-120.28125,1.2163138151430917,0.3264496922492981,0.756703,1
cdec_SHA,41.15625_-120.34375,41.15625,-120.34375,1.4623222363901278,0.28278106451034546,0.51165307,1
cdec_SHA,41.15625_-120.40625,41.15625,-120.40625,1.42569927985584,0.23911242187023163,0.44854718,1
cdec_SHA,41.15625_-120.46875,41.15625,-120.46875,1.560445926249632,0.24017751216888428,0.4631803,1
cdec_SHA,41.15625_-120.53125,41.15625,-120.53125,1.4671367071793728,0.26905325055122375,0.5183261,1
cdec_SHA,41.15625_-120.59375,41.15625,-120.59375,1.3967104715581402,0.30798816680908203,0.5064236,1
cdec_SHA,41.15625_-120.65625,41.15625,-120.65625,1.459024823165402,0.3484615385532379,0.7058948,1
cdec_SHA,41.15625_-120.71875,41.15625,-120.71875,1.4741556068301982,0.36467456817626953,0.7679328,1
cdec_SHA,41.15625_-120.78125,41.15625,-120.78125,1.3326407176983452,0.373786985874176,1.1366242,1
cdec_SHA,41.15625_-120.84375,41.15625,-120.84375,1.4817569184940318,0.3403550386428833,0.7824206,1
cdec_SHA,41.15625_-120.90625,41.15625,-120.90625,1.4750422299123471,0.3210059106349945,0.41331986,1
cdec_SHA,41.15625_-120.96875,41.15625,-120.96875,1.2389084714331133,0.3581656813621521,0.6501141,1
cdec_SHA,41.15625_-121.03125,41.15625,-121.03125,1.0342967508499914,0.2983431816101074,0.66842854,1
cdec_SHA,41.15625_-121.09375,41.15625,-121.09375,0.7657361304550521,0.39834320545196533,0.7216068,1
cdec_SHA,41.15625_-121.15625,41.15625,-121.15625,0.9230131678563667,0.3949112296104431,0.6040062,1
cdec_SHA,41.15625_-121.21875,41.15625,-121.21875,1.3926916128933016,0.39230769872665405,1.3224772,1
cdec_SHA,41.15625_-121.28125,41.15625,-121.28125,0.7929949473451468,0.4028402268886566,1.7630812,1
cdec_SHA,41.15625_-121.34375,41.15625,-121.34375,1.2661197931000436,0.3582248389720917,1.0679446,1
cdec_SHA,41.15625_-121.40625,41.15625,-121.40625,1.008571862523981,0.2376331388950348,0.45696387,1
cdec_SHA,41.15625_-121.46875,41.15625,-121.46875,1.1968062963082702,0.26792898774147034,0.5806862,1
cdec_SHA,41.15625_-121.53125,41.15625,-121.53125,0.9993972146636858,0.32035502791404724,0.9067381,1
cdec_SHA,41.15625_-121.59375,41.15625,-121.59375,0.7998563843734057,0.42905324697494507,2.3734307,1
cdec_SHA,41.15625_-121.65625,41.15625,-121.65625,0.8506652526543161,0.43491125106811523,2.6861632,1
cdec_SHA,41.15625_-121.71875,41.15625,-121.71875,0.85950364067904,0.43603551387786865,2.2862468,1
cdec_SHA,41.15625_-121.78125,41.15625,-121.78125,0.74195472339995,0.4317159652709961,2.0591426,1
cdec_SHA,41.15625_-121.84375,41.15625,-121.84375,0.9045055483491788,0.5210651159286499,2.5833232,1
cdec_SHA,41.15625_-121.90625,41.15625,-121.90625,1.0336723598523139,0.5355029702186584,2.6005402,1
cdec_SHA,41.15625_-121.96875,41.15625,-121.96875,0.7324689871169924,0.5113017559051514,2.4509296,1
cdec_SHA,41.15625_-122.03125,41.15625,-122.03125,0.7681918207860491,0.5201775431632996,2.8682415,1
cdec_SHA,41.15625_-122.09375,41.15625,-122.09375,0.7804452783863431,0.5121893286705017,2.8543007,1
cdec_SHA,41.15625_-122.15625,41.15625,-122.15625,1.021267786067662,0.61834317445755,3.3217106,1
cdec_SHA,41.15625_-122.21875,41.15625,-122.21875,0.905004757473189,0.6346745491027832,3.2609553,1
cdec_SHA,41.15625_-122.28125,41.15625,-122.28125,1.0933207340390898,0.5994082689285278,3.0974607,1
cdec_SHA,41.15625_-122.34375,41.15625,-122.34375,0.8308645232163439,0.502366840839386,2.2993917,1
cdec_SHA,41.15625_-122.40625,41.15625,-122.40625,0.7211178974945985,0.5326627492904663,2.187921,1
cdec_SHA,41.15625_-122.46875,41.15625,-122.46875,0.6740285930240408,0.4552662670612335,1.4162631,1
cdec_SHA,41.21875_-120.15625,41.21875,-120.15625,1.2807969838898208,0.36792898178100586,0.60981077,1
cdec_SHA,41.21875_-120.21875,41.21875,-120.21875,1.0973343280562813,0.34313610196113586,0.6851585,1
cdec_SHA,41.21875_-120.28125,41.21875,-120.28125,1.5529187309315344,0.3604733645915985,0.71795887,1
cdec_SHA,41.21875_-120.34375,41.21875,-120.34375,1.48862128078295,0.3401775062084198,0.6355528,1
cdec_SHA,41.21875_-120.40625,41.21875,-120.40625,1.491371716247778,0.2331952601671219,0.3234424,1
cdec_SHA,41.21875_-120.46875,41.21875,-120.46875,1.4558855810676719,0.32112425565719604,0.47829387,1
cdec_SHA,41.21875_-120.53125,41.21875,-120.53125,1.4007476242529058,0.42502957582473755,0.8044779,1
cdec_SHA,41.21875_-120.59375,41.21875,-120.59375,1.4664766880001858,0.29171597957611084,0.44327858,1
cdec_SHA,41.21875_-120.65625,41.21875,-120.65625,1.3079912382744143,0.35088756680488586,0.9059168,1
cdec_SHA,41.21875_-120.71875,41.21875,-120.71875,1.151742421486382,0.3708875775337219,1.2922225,1
cdec_SHA,41.21875_-120.78125,41.21875,-120.78125,1.186562385098976,0.3856804668903351,1.2232841,1
cdec_SHA,41.21875_-120.84375,41.21875,-120.84375,1.4743781330301613,0.3614201247692108,0.81741333,1
cdec_SHA,41.21875_-120.90625,41.21875,-120.90625,1.486152729090092,0.39195266366004944,0.60832345,1
cdec_SHA,41.21875_-120.96875,41.21875,-120.96875,1.5112769185111024,0.34958580136299133,0.63650507,1
cdec_SHA,41.21875_-121.03125,41.21875,-121.03125,1.330732686234641,0.37899407744407654,0.5136788,1
cdec_SHA,41.21875_-121.09375,41.21875,-121.09375,1.1285774664828692,0.3771597743034363,0.60471404,1
cdec_SHA,41.21875_-121.15625,41.21875,-121.15625,1.4030808823145435,0.27852070331573486,0.6295059,1
cdec_SHA,41.21875_-121.21875,41.21875,-121.21875,1.403110898173118,0.30443787574768066,1.0756605,1
cdec_SHA,41.21875_-121.28125,41.21875,-121.28125,1.181367703770527,0.3550295829772949,1.9413745,1
cdec_SHA,41.21875_-121.34375,41.21875,-121.34375,1.0697346965660932,0.33603549003601074,1.565263,1
cdec_SHA,41.21875_-121.40625,41.21875,-121.40625,1.4600344959681495,0.36911243200302124,0.9038878,1
cdec_SHA,41.21875_-121.46875,41.21875,-121.46875,1.1250159864911389,0.3237278163433075,1.1058152,1
cdec_SHA,41.21875_-121.53125,41.21875,-121.53125,1.078360510372898,0.3085798919200897,0.60445166,1
cdec_SHA,41.21875_-121.59375,41.21875,-121.59375,1.047560511338078,0.3452070951461792,1.3318911,1
cdec_SHA,41.21875_-121.65625,41.21875,-121.65625,0.9339137950317258,0.410591721534729,2.046545,1
cdec_SHA,41.21875_-121.71875,41.21875,-121.71875,1.0034837798214105,0.3837278187274933,1.9969524,1
cdec_SHA,41.21875_-121.78125,41.21875,-121.78125,0.9563738737329951,0.5268639326095581,2.605804,1
cdec_SHA,41.21875_-121.84375,41.21875,-121.84375,0.9018509276687314,0.4681065082550049,2.358339,1
cdec_SHA,41.21875_-121.90625,41.21875,-121.90625,0.8689713636964372,0.47514793276786804,2.623739,1
cdec_SHA,41.21875_-121.96875,41.21875,-121.96875,0.8864677430484422,0.45928993821144104,2.709245,1
cdec_SHA,41.21875_-122.03125,41.21875,-122.03125,0.9458528029156921,0.43739643692970276,2.6814866,1
cdec_SHA,41.21875_-122.09375,41.21875,-122.09375,0.9603673022585331,0.4326627254486084,2.3259726,1
cdec_SHA,41.21875_-122.15625,41.21875,-122.15625,0.8947473435888731,0.4783431887626648,2.6240308,1
cdec_SHA,41.21875_-122.21875,41.21875,-122.21875,0.7573994495277465,0.4800591766834259,2.7116613,1
cdec_SHA,41.21875_-122.28125,41.21875,-122.28125,0.9353984580933119,0.48360946774482727,2.6067975,1
cdec_SHA,41.21875_-122.34375,41.21875,-122.34375,0.6643795226869949,0.49816566705703735,1.9580178,1
cdec_SHA,41.21875_-122.40625,41.21875,-122.40625,0.6112386398224038,0.47958579659461975,1.6121315,1
cdec_SHA,41.21875_-122.46875,41.21875,-122.46875,0.6814622907637587,0.42964497208595276,1.3716459,1
cdec_SHA,41.21875_-122.53125,41.21875,-122.53125,0.6296481678459349,0.39970412850379944,1.1308091,1
cdec_SHA,41.28125_-120.15625,41.28125,-120.15625,1.3507876982322307,0.30834320187568665,0.6787024,1
cdec_SHA,41.28125_-120.21875,41.28125,-120.21875,1.1343606124884351,0.3438461422920227,0.66456676,1
cdec_SHA,41.28125_-120.28125,41.28125,-120.28125,1.3606583425159116,0.4111834466457367,1.2421477,1
cdec_SHA,41.28125_-120.34375,41.28125,-120.34375,1.4666077710956889,0.3454437851905823,0.6757671,1
cdec_SHA,41.28125_-120.40625,41.28125,-120.40625,1.2130322220121936,0.3680473268032074,0.30204588,1
cdec_SHA,41.28125_-120.46875,41.28125,-120.46875,1.0727431354093886,0.3440236747264862,0.31208146,1
cdec_SHA,41.28125_-120.53125,41.28125,-120.53125,0.9786419604596615,0.43278107047080994,1.0330907,1
cdec_SHA,41.28125_-120.59375,41.28125,-120.59375,1.4703149699302356,0.31005915999412537,0.47231704,1
cdec_SHA,41.28125_-120.65625,41.28125,-120.65625,1.4252717087817202,0.26094675064086914,0.34977484,1
cdec_SHA,41.28125_-120.71875,41.28125,-120.71875,1.407166444586507,0.31573963165283203,0.9380526,1
cdec_SHA,41.28125_-120.78125,41.28125,-120.78125,0.9639537216146203,0.36059170961380005,1.4738536,1
cdec_SHA,41.28125_-120.84375,41.28125,-120.84375,1.3740556797571868,0.3742011785507202,1.0952239,1
cdec_SHA,41.28125_-120.90625,41.28125,-120.90625,1.4263412809476472,0.3533135950565338,0.9692686,1
cdec_SHA,41.28125_-120.96875,41.28125,-120.96875,1.4435240630383932,0.2817751467227936,1.0528831,1
cdec_SHA,41.28125_-121.03125,41.28125,-121.03125,1.3063709055337238,0.27313610911369324,1.102858,1
cdec_SHA,41.28125_-121.09375,41.28125,-121.09375,1.5042851564417101,0.3244970440864563,0.60523206,1
cdec_SHA,41.28125_-121.15625,41.28125,-121.15625,1.4861273116684386,0.3304733633995056,0.5581289,1
cdec_SHA,41.28125_-121.21875,41.28125,-121.21875,1.3166603481934835,0.30289942026138306,0.88467616,1
cdec_SHA,41.28125_-121.28125,41.28125,-121.28125,1.4431266691446543,0.3035503029823303,0.9992452,1
cdec_SHA,41.28125_-121.34375,41.28125,-121.34375,1.151673122396894,0.3742011785507202,1.7821358,1
cdec_SHA,41.28125_-121.40625,41.28125,-121.40625,1.0801232260920925,0.3356804847717285,1.4519347,1
cdec_SHA,41.28125_-121.46875,41.28125,-121.46875,1.0444504920825886,0.3728994131088257,1.5653908,1
cdec_SHA,41.28125_-121.53125,41.28125,-121.53125,1.170615730315634,0.348698228597641,1.2123029,1
cdec_SHA,41.28125_-121.59375,41.28125,-121.59375,1.2452768852931249,0.34686389565467834,1.0644879,1
cdec_SHA,41.28125_-121.65625,41.28125,-121.65625,0.8712683193291348,0.42343196272850037,2.4078677,1
cdec_SHA,41.28125_-121.71875,41.28125,-121.71875,0.9866815071429909,0.4286390542984009,2.2339404,1
cdec_SHA,41.28125_-121.78125,41.28125,-121.78125,1.0082667440800417,0.45674556493759155,2.3153803,1
cdec_SHA,41.28125_-121.84375,41.28125,-121.84375,1.0976772933608876,0.414497047662735,2.1543715,1
cdec_SHA,41.28125_-121.90625,41.28125,-121.90625,1.0526898255592083,0.4804733693599701,2.451031,1
cdec_SHA,41.28125_-121.96875,41.28125,-121.96875,1.1881005878798552,0.37177515029907227,1.4482188,1
cdec_SHA,41.28125_-122.03125,41.28125,-122.03125,1.152562364752904,0.37100592255592346,1.6380792,1
cdec_SHA,41.28125_-122.09375,41.28125,-122.09375,0.9965570774388307,0.44781064987182617,2.0340214,1
cdec_SHA,41.28125_-122.15625,41.28125,-122.15625,0.9197290370975469,0.4197041392326355,2.2253525,1
cdec_SHA,41.28125_-122.21875,41.28125,-122.21875,0.8530690604765607,0.44071006774902344,2.025674,1
cdec_SHA,41.28125_-122.28125,41.28125,-122.28125,0.7908681691759478,0.3838461637496948,2.1407855,1
cdec_SHA,41.28125_-122.34375,41.28125,-122.34375,0.7282706876902068,0.46100592613220215,2.27362,1
cdec_SHA,41.28125_-122.40625,41.28125,-122.40625,0.8754228149716755,0.5097041130065918,2.0598931,1
cdec_SHA,41.28125_-122.46875,41.28125,-122.46875,0.8379061382618207,0.3364497125148773,1.0123123,1
cdec_SHA,41.28125_-122.53125,41.28125,-122.53125,0.6197140294736856,0.37739646434783936,1.0933628,1
cdec_SHA,41.34375_-120.21875,41.34375,-120.21875,1.1509466123510776,0.30621302127838135,0.5542455,1
cdec_SHA,41.34375_-120.28125,41.34375,-120.28125,1.0275312896836593,0.42810651659965515,1.2849572,1
cdec_SHA,41.34375_-120.34375,41.34375,-120.34375,1.3944036994904447,0.356449693441391,0.77409804,1
cdec_SHA,41.34375_-120.40625,41.34375,-120.40625,1.180850142766567,0.30017751455307007,0.30853418,1
cdec_SHA,41.34375_-120.46875,41.34375,-120.46875,1.2500784877059763,0.2752071022987366,0.28717595,1
cdec_SHA,41.34375_-120.53125,41.34375,-120.53125,1.274370410299254,0.19650886952877045,0.7698511,1
cdec_SHA,41.34375_-120.59375,41.34375,-120.59375,1.4965769555443484,0.22165679931640625,0.45766178,1
cdec_SHA,41.34375_-120.65625,41.34375,-120.65625,1.2975107702517303,0.2521893382072449,0.3803986,1
cdec_SHA,41.34375_-120.71875,41.34375,-120.71875,1.3712850868816417,0.28165680170059204,0.64256334,1
cdec_SHA,41.34375_-120.78125,41.34375,-120.78125,1.0781528574036445,0.37899407744407654,1.2931751,1
cdec_SHA,41.34375_-120.84375,41.34375,-120.84375,1.1381781966373385,0.3680473268032074,1.2427151,1
cdec_SHA,41.34375_-120.90625,41.34375,-120.90625,1.4975736787244283,0.3305325508117676,0.89632297,1
cdec_SHA,41.34375_-120.96875,41.34375,-120.96875,1.391132237645706,0.325029581785202,1.0471945,1
cdec_SHA,41.34375_-121.03125,41.34375,-121.03125,1.3823082525116748,0.3403550386428833,0.95869136,1
cdec_SHA,41.34375_-121.09375,41.34375,-121.09375,1.5322230527478173,0.3082840144634247,0.6056292,1
cdec_SHA,41.34375_-121.15625,41.34375,-121.15625,1.5006564552203183,0.32810652256011963,0.71441656,1
cdec_SHA,41.34375_-121.21875,41.34375,-121.21875,0.9484345746187135,0.33544379472732544,1.2239139,1
cdec_SHA,41.34375_-121.28125,41.34375,-121.28125,1.362484989788899,0.27875739336013794,0.6940401,1
cdec_SHA,41.34375_-121.34375,41.34375,-121.34375,1.1187692998592063,0.3392307758331299,1.117864,1
cdec_SHA,41.34375_-121.40625,41.34375,-121.40625,1.0494363521083216,0.33739644289016724,1.183157,1
cdec_SHA,41.34375_-121.46875,41.34375,-121.46875,1.0912291678459836,0.31603550910949707,1.157974,1
cdec_SHA,41.34375_-121.53125,41.34375,-121.53125,1.2449939922247832,0.3786390423774719,1.3129013,1
cdec_SHA,41.34375_-121.59375,41.34375,-121.59375,1.2926872992604157,0.3476923108100891,1.0084534,1
cdec_SHA,41.34375_-121.65625,41.34375,-121.65625,0.9158881571310852,0.424970418214798,2.1488569,1
cdec_SHA,41.34375_-121.71875,41.34375,-121.71875,1.0034485301624574,0.41414201259613037,1.8127016,1
cdec_SHA,41.34375_-121.78125,41.34375,-121.78125,0.9727507643207343,0.4253254532814026,2.0280285,1
cdec_SHA,41.34375_-121.84375,41.34375,-121.84375,0.9999650743912992,0.5110650658607483,2.2640805,1
cdec_SHA,41.34375_-121.90625,41.34375,-121.90625,1.0224634143149998,0.49071004986763,2.372047,1
cdec_SHA,41.34375_-121.96875,41.34375,-121.96875,1.031002771232293,0.38183432817459106,1.7664591,1
cdec_SHA,41.34375_-122.03125,41.34375,-122.03125,0.9763661238773129,0.434201180934906,2.0449827,1
cdec_SHA,41.34375_-122.09375,41.34375,-122.09375,0.9387639523954852,0.45130178332328796,1.6667751,1
cdec_SHA,41.34375_-122.15625,41.34375,-122.15625,0.9877823661804443,0.3978698253631592,1.2333779,1
cdec_SHA,41.34375_-122.21875,41.34375,-122.21875,0.9723899385726742,0.34449705481529236,1.0422103,1
cdec_SHA,41.34375_-122.28125,41.34375,-122.28125,0.780380742788964,0.41402366757392883,2.1182134,1
cdec_SHA,41.34375_-122.34375,41.34375,-122.34375,0.6666316550911024,0.3147929012775421,1.5538762,1
cdec_SHA,41.34375_-122.40625,41.34375,-122.40625,0.6830992662740871,0.4372780919075012,1.8869302,1
cdec_SHA,41.34375_-122.46875,41.34375,-122.46875,0.8955604292736676,0.2792307734489441,0.9060661,1
cdec_SHA,41.40625_-120.21875,41.40625,-120.21875,1.2599168389296915,0.27733728289604187,0.5441634,1
cdec_SHA,41.40625_-120.28125,41.40625,-120.28125,1.165912120724812,0.38958579301834106,1.042735,1
cdec_SHA,41.40625_-120.34375,41.40625,-120.34375,1.4008601916516201,0.3653254508972168,0.77762544,1
cdec_SHA,41.40625_-120.40625,41.40625,-120.40625,1.2367249994198484,0.30988165736198425,0.31670934,1
cdec_SHA,41.40625_-120.46875,41.40625,-120.46875,1.357887876251454,0.31159764528274536,0.4243632,1
cdec_SHA,41.40625_-120.53125,41.40625,-120.53125,1.302805409444284,0.28952664136886597,0.5823742,1
cdec_SHA,41.40625_-120.59375,41.40625,-120.59375,1.4870761872591656,0.1668047308921814,0.46278757,1
cdec_SHA,41.40625_-120.65625,41.40625,-120.65625,1.431669008827647,0.2097633183002472,0.2971153,1
cdec_SHA,41.40625_-120.71875,41.40625,-120.71875,1.087156420181275,0.3248520791530609,0.46485066,1
cdec_SHA,41.40625_-120.78125,41.40625,-120.78125,1.4484605253751455,0.36467456817626953,0.6435119,1
cdec_SHA,41.40625_-120.84375,41.40625,-120.84375,1.413968375351729,0.3554437756538391,0.86696285,1
cdec_SHA,41.40625_-120.90625,41.40625,-120.90625,1.487165641232068,0.3655029535293579,0.7370952,1
cdec_SHA,41.40625_-120.96875,41.40625,-120.96875,1.5040136475550416,0.2474556267261505,0.610241,1
cdec_SHA,41.40625_-121.03125,41.40625,-121.03125,1.4963530276753465,0.23207101225852966,0.77091336,1
cdec_SHA,41.40625_-121.09375,41.40625,-121.09375,1.546692057214289,0.280177503824234,0.92057276,1
cdec_SHA,41.40625_-121.15625,41.40625,-121.15625,1.3223729058464808,0.33680474758148193,1.0452591,1
cdec_SHA,41.40625_-121.21875,41.40625,-121.21875,1.111264126799842,0.31284022331237793,0.94890225,1
cdec_SHA,41.40625_-121.28125,41.40625,-121.28125,1.1390083253633785,0.29869821667671204,0.803452,1
cdec_SHA,41.40625_-121.34375,41.40625,-121.34375,1.390482885887168,0.31029585003852844,0.8416338,1
cdec_SHA,41.40625_-121.40625,41.40625,-121.40625,1.4320861065610186,0.31372779607772827,0.9708075,1
cdec_SHA,41.40625_-121.46875,41.40625,-121.46875,1.2703621890356398,0.35846152901649475,1.2564564,1
cdec_SHA,41.40625_-121.53125,41.40625,-121.53125,1.32774036224603,0.3752070963382721,1.1948302,1
cdec_SHA,41.40625_-121.59375,41.40625,-121.59375,1.2605637597526806,0.377692312002182,1.4070054,1
cdec_SHA,41.40625_-121.65625,41.40625,-121.65625,1.2241709792070898,0.3559763431549072,1.442351,1
cdec_SHA,41.40625_-121.71875,41.40625,-121.71875,1.1215987095630982,0.4001775085926056,1.6493847,1
cdec_SHA,41.40625_-121.78125,41.40625,-121.78125,1.0715304256886782,0.3995858132839203,1.8889608,1
cdec_SHA,41.40625_-121.84375,41.40625,-121.84375,0.9309799828240944,0.41112425923347473,1.5148482,1
cdec_SHA,41.40625_-121.90625,41.40625,-121.90625,1.0427649232715743,0.39171597361564636,1.7877591,1
cdec_SHA,41.40625_-121.96875,41.40625,-121.96875,0.994220355001746,0.4580473303794861,2.1309452,1
cdec_SHA,41.40625_-122.03125,41.40625,-122.03125,0.9694186778064269,0.4363905191421509,1.6975337,1
cdec_SHA,41.40625_-122.09375,41.40625,-122.09375,0.9699477723145067,0.4139053225517273,1.2238898,1
cdec_SHA,41.40625_-122.15625,41.40625,-122.15625,1.285869252510934,0.10071005672216415,0.29970014,1
cdec_SHA,41.40625_-122.21875,41.40625,-122.21875,0.9732784519106905,0.03343195095658302,0.19409122,1
cdec_SHA,41.40625_-122.28125,41.40625,-122.28125,0.6395148022394682,0.3413017690181732,1.4129539,1
cdec_SHA,41.40625_-122.34375,41.40625,-122.34375,0.7659650627403695,0.3390532433986664,1.3202317,1
cdec_SHA,41.40625_-122.40625,41.40625,-122.40625,0.7703375918572587,0.36289942264556885,1.4307368,1
cdec_SHA,41.46875_-120.21875,41.46875,-120.21875,1.4838818273392622,0.2523076832294464,0.61296934,1
cdec_SHA,41.46875_-120.28125,41.46875,-120.28125,1.5086958663175443,0.28804734349250793,0.8188899,1
cdec_SHA,41.46875_-120.34375,41.46875,-120.34375,1.5221183359585126,0.2995857894420624,0.5869735,1
cdec_SHA,41.46875_-120.40625,41.46875,-120.40625,1.4524280725645826,0.3549112379550934,0.4368725,1
cdec_SHA,41.46875_-120.46875,41.46875,-120.46875,1.376677808861789,0.3765680491924286,0.6541899,1
cdec_SHA,41.46875_-120.53125,41.46875,-120.53125,1.2640990865434976,0.3419526517391205,0.7137108,1
cdec_SHA,41.46875_-120.59375,41.46875,-120.59375,1.4936908184055755,0.24674555659294128,0.41013098,1
cdec_SHA,41.46875_-120.65625,41.46875,-120.65625,1.4553806554818838,0.2824852168560028,0.38739365,1
cdec_SHA,41.46875_-120.71875,41.46875,-120.71875,1.4188181746171498,0.3214201331138611,0.5246536,1
cdec_SHA,41.46875_-120.78125,41.46875,-120.78125,1.3604955354013173,0.34242603182792664,0.6108721,1
cdec_SHA,41.46875_-120.84375,41.46875,-120.84375,1.5121760364991474,0.3369230628013611,0.4934571,1
cdec_SHA,41.46875_-120.90625,41.46875,-120.90625,1.519325495254942,0.3078698217868805,0.46557388,1
cdec_SHA,41.46875_-120.96875,41.46875,-120.96875,1.5181788017903084,0.2706508934497833,0.68481344,1
cdec_SHA,41.46875_-121.03125,41.46875,-121.03125,1.4669948669508217,0.24502958357334137,0.73347145,1
cdec_SHA,41.46875_-121.09375,41.46875,-121.09375,1.3657564400453386,0.30218935012817383,0.98248017,1
cdec_SHA,41.46875_-121.15625,41.46875,-121.15625,1.291610891450591,0.3270414173603058,0.9206411,1
cdec_SHA,41.46875_-121.21875,41.46875,-121.21875,1.1458482360724833,0.3154437839984894,0.7090881,1
cdec_SHA,41.46875_-121.28125,41.46875,-121.28125,1.2331590767896312,0.3700000047683716,1.0430691,1
cdec_SHA,41.46875_-121.34375,41.46875,-121.34375,1.3332049458518718,0.33307692408561707,0.80784625,1
cdec_SHA,41.46875_-121.40625,41.46875,-121.40625,1.0953847860627755,0.36000001430511475,0.8008471,1
cdec_SHA,41.46875_-121.46875,41.46875,-121.46875,1.0774545361573917,0.38147929310798645,1.8944397,1
cdec_SHA,41.46875_-121.53125,41.46875,-121.53125,1.3891505921809277,0.18124260008335114,1.0621034,1
cdec_SHA,41.46875_-121.59375,41.46875,-121.59375,1.334301358646196,0.33159762620925903,1.2759509,1
cdec_SHA,41.46875_-121.65625,41.46875,-121.65625,1.3473020498609043,0.29828402400016785,1.1175455,1
cdec_SHA,41.46875_-121.71875,41.46875,-121.71875,1.1545479728727028,0.35846152901649475,1.4801626,1
cdec_SHA,41.46875_-121.78125,41.46875,-121.78125,0.9547396512149648,0.40840235352516174,1.9529657,1
cdec_SHA,41.46875_-121.84375,41.46875,-121.84375,0.9897768678089454,0.39153847098350525,1.6835814,1
cdec_SHA,41.46875_-121.90625,41.46875,-121.90625,0.9097836310677485,0.3353254497051239,1.6563197,1
cdec_SHA,41.46875_-121.96875,41.46875,-121.96875,0.8180849275816161,0.39266273379325867,1.3746107,1
cdec_SHA,41.46875_-122.03125,41.46875,-122.03125,0.7979632785106687,0.39834320545196533,1.2602075,1
cdec_SHA,41.46875_-122.09375,41.46875,-122.09375,1.036167635579896,0.40355029702186584,1.3128881,1
cdec_SHA,41.53125_-120.28125,41.53125,-120.28125,1.1076249904146778,0.3504733741283417,0.83732057,1
cdec_SHA,41.53125_-120.34375,41.53125,-120.34375,1.5630933885944978,0.3376923203468323,0.60940844,1
cdec_SHA,41.53125_-120.40625,41.53125,-120.40625,1.496300792270827,0.32378697395324707,0.4679352,1
cdec_SHA,41.53125_-120.46875,41.53125,-120.46875,1.5045886903193948,0.3020710051059723,0.5023332,1
cdec_SHA,41.53125_-120.53125,41.53125,-120.53125,1.4937428156832095,0.2718935012817383,0.5101088,1
cdec_SHA,41.53125_-120.59375,41.53125,-120.59375,1.4736165602794693,0.28804734349250793,0.39887884,1
cdec_SHA,41.53125_-120.65625,41.53125,-120.65625,1.351486784923964,0.23532544076442719,0.27043223,1
cdec_SHA,41.53125_-120.71875,41.53125,-120.71875,1.4277405983004434,0.24147929251194,0.30805078,1
cdec_SHA,41.53125_-120.78125,41.53125,-120.78125,1.4453468957837827,0.24946746230125427,0.3561387,1
cdec_SHA,41.53125_-120.84375,41.53125,-120.84375,1.4356247606656853,0.22893491387367249,0.29609898,1
cdec_SHA,41.53125_-120.90625,41.53125,-120.90625,1.4865965732528528,0.2790532410144806,0.41469577,1
cdec_SHA,41.53125_-120.96875,41.53125,-120.96875,1.4435467424006931,0.26497042179107666,0.5760255,1
cdec_SHA,41.53125_-121.03125,41.53125,-121.03125,1.370908860354454,0.2739644944667816,0.56476307,1
cdec_SHA,41.53125_-121.09375,41.53125,-121.09375,1.360205714561602,0.2846745550632477,0.59348345,1
cdec_SHA,41.53125_-121.15625,41.53125,-121.15625,1.4216214245435719,0.28999999165534973,0.743394,1
cdec_SHA,41.53125_-121.21875,41.53125,-121.21875,1.4415087578134398,0.38999998569488525,0.39729986,1
cdec_SHA,41.53125_-121.28125,41.53125,-121.28125,1.4072065574688162,0.30000001192092896,0.35014784,1
cdec_SHA,41.53125_-121.34375,41.53125,-121.34375,1.1588612577639685,0.23999999463558197,0.5620336,1
cdec_SHA,41.53125_-121.40625,41.53125,-121.40625,0.8703200073026804,0.3799999952316284,2.1260839,1
cdec_SHA,41.53125_-121.46875,41.53125,-121.46875,0.8840984543423107,0.48213016986846924,2.353875,1
cdec_SHA,41.53125_-121.53125,41.53125,-121.53125,1.1117493171004007,0.37609466910362244,1.5295564,1
cdec_SHA,41.53125_-121.59375,41.53125,-121.59375,0.9346157574737257,0.44165679812431335,1.5216788,1
cdec_SHA,41.53125_-121.65625,41.53125,-121.65625,1.0607628892791092,0.3786982297897339,1.2399781,1
cdec_SHA,41.53125_-121.71875,41.53125,-121.71875,0.9750103695732777,0.3711834251880646,1.5143465,1
cdec_SHA,41.53125_-121.78125,41.53125,-121.78125,0.8701901874753315,0.43485206365585327,1.7205534,1
cdec_SHA,41.53125_-121.84375,41.53125,-121.84375,1.0422366489025054,0.34840238094329834,1.7883705,1
cdec_SHA,41.53125_-121.90625,41.53125,-121.90625,0.9483207718415113,0.30289942026138306,2.021268,1
cdec_SHA,41.59375_-120.28125,41.59375,-120.28125,1.3152444077134808,0.33887574076652527,0.74208784,1
cdec_SHA,41.59375_-120.34375,41.59375,-120.34375,1.544436616794478,0.36017751693725586,0.7421107,1
cdec_SHA,41.59375_-120.40625,41.59375,-120.40625,1.5167457319369977,0.343609482049942,0.4763398,1
cdec_SHA,41.59375_-120.46875,41.59375,-120.46875,1.2726093213892082,0.2761538326740265,0.32335162,1
cdec_SHA,41.59375_-120.53125,41.59375,-120.53125,1.2547018637532066,0.22964496910572052,0.25391656,1
cdec_SHA,41.59375_-120.59375,41.59375,-120.59375,1.2481786952626202,0.25147929787635803,0.25878665,1
cdec_SHA,41.59375_-120.65625,41.59375,-120.65625,1.2526766150493904,0.18745562434196472,0.22945513,1
cdec_SHA,41.59375_-120.71875,41.59375,-120.71875,1.294038075745402,0.236863911151886,0.25537017,1
cdec_SHA,41.59375_-120.78125,41.59375,-120.78125,1.3981426558144774,0.25319525599479675,0.2960091,1
cdec_SHA,41.59375_-120.84375,41.59375,-120.84375,1.441921233729113,0.2161538451910019,0.2871569,1
cdec_SHA,41.59375_-120.90625,41.59375,-120.90625,1.406561140278261,0.41999998688697815,0.5284117,1
cdec_SHA,41.59375_-120.96875,41.59375,-120.96875,1.175820815127546,0.34236687421798706,1.0729499,1
cdec_SHA,41.59375_-121.03125,41.59375,-121.03125,1.1402551611653322,0.3163313567638397,0.93448865,1
cdec_SHA,41.59375_-121.28125,41.59375,-121.28125,1.2613770435226055,0.25,0.33143932,1
cdec_SHA,41.59375_-121.34375,41.59375,-121.34375,1.1057312291838557,0.3499999940395355,0.5562577,1
cdec_SHA,41.59375_-121.40625,41.59375,-121.40625,0.9245153762133818,0.3499999940395355,1.5329064,1
cdec_SHA,41.59375_-121.46875,41.59375,-121.46875,1.1264008623998643,0.4300000071525574,1.0106794,1
cdec_SHA,41.59375_-121.53125,41.59375,-121.53125,1.0623658652284145,0.3076923191547394,0.8463864,1
cdec_SHA,41.59375_-121.59375,41.59375,-121.59375,1.0125019632957826,0.3494674563407898,1.013287,1
cdec_SHA,41.59375_-121.65625,41.59375,-121.65625,1.0601756857565854,0.31431952118873596,1.2640371,1
cdec_SHA,41.59375_-121.71875,41.59375,-121.71875,1.1185050989472498,0.2897041440010071,1.8683828,1
cdec_SHA,41.65625_-120.28125,41.65625,-120.28125,1.2188590810294926,0.3598816692829132,0.83866364,1
cdec_SHA,41.65625_-120.34375,41.65625,-120.34375,1.4762486339743406,0.36816567182540894,0.8532213,1
cdec_SHA,41.65625_-120.40625,41.65625,-120.40625,1.48806872432958,0.35751479864120483,0.5870151,1
cdec_SHA,41.65625_-120.46875,41.65625,-120.46875,1.2940026963633016,0.2507692277431488,0.3038564,1
cdec_SHA,41.65625_-120.53125,41.65625,-120.53125,1.263947494623399,0.20923076570034027,0.25073883,1
cdec_SHA,41.65625_-120.59375,41.65625,-120.59375,0.9890771207980544,0.20674556493759155,0.20578942,1
cdec_SHA,41.65625_-120.65625,41.65625,-120.65625,1.1310171975696777,0.21431952714920044,0.23414728,1
cdec_SHA,41.65625_-120.71875,41.65625,-120.71875,1.309479667933492,0.2547928988933563,0.2850482,1
cdec_SHA,41.65625_-120.78125,41.65625,-120.78125,1.2884287620437767,0.24597632884979248,0.29155815,1
cdec_SHA,41.65625_-120.84375,41.65625,-120.84375,1.297372075634327,0.23769231140613556,0.26826882,1
cdec_SHA,41.65625_-121.28125,41.65625,-121.28125,1.337173583761913,0.0,0.31147882,1
cdec_SHA,41.71875_-120.28125,41.71875,-120.28125,0.9105110928138302,0.4469822347164154,1.2958511,1
cdec_SHA,41.71875_-120.34375,41.71875,-120.34375,1.496010322714545,0.3748520612716675,0.85183114,1
cdec_SHA,41.71875_-120.40625,41.71875,-120.40625,1.0223536713063384,0.3857988119125366,0.57820565,1
cdec_SHA,41.71875_-120.46875,41.71875,-120.46875,0.9080107754740503,0.29633137583732605,0.37106743,1
cdec_SHA,41.71875_-120.53125,41.71875,-120.53125,1.335033144757107,0.30000001192092896,0.3349935,1
cdec_SHA,41.71875_-120.59375,41.71875,-120.59375,1.2497155764643924,0.2350887507200241,0.27444625,1
cdec_SHA,41.71875_-120.65625,41.71875,-120.65625,1.206418799930931,0.20041419565677643,0.21970609,1
cdec_SHA,41.71875_-120.71875,41.71875,-120.71875,1.3903950199199069,0.25088757276535034,0.42809418,1
cdec_SHA,41.71875_-120.78125,41.71875,-120.78125,1.3099375493832115,0.23461538553237915,0.30869186,1
cdec_SHA,41.78125_-120.53125,41.78125,-120.53125,1.4432863275537224,0.5199999809265137,0.3268896,1
cdec_SHA,41.78125_-120.59375,41.78125,-120.59375,1.258515547741839,0.2411242574453354,0.27956566,1
cdec_SHA,41.78125_-120.65625,41.78125,-120.65625,1.205766087160277,0.21621301770210266,0.23775719,1
cdec_SHA,41.78125_-120.71875,41.78125,-120.71875,1.2841398925458978,0.3400000035762787,0.25192794,1
cdec_SHA,41.84375_-120.53125,41.84375,-120.53125,1.3897830324523153,0.3499999940395355,0.8317802,1
cdec_SHA,41.84375_-120.59375,41.84375,-120.59375,1.4411777735430764,0.15000000596046448,0.3570909,1
cdec_TLG,37.65625_-120.28125,37.65625,-120.28125,0.7171158464939712,0.31917160749435425,0.87691545,1
cdec_TLG,37.65625_-120.34375,37.65625,-120.34375,0.6098827315264412,0.32366862893104553,0.7653781,1
cdec_TLG,37.65625_-120.40625,37.65625,-120.40625,0.562600908493001,0.41532543301582336,0.815691,1
cdec_TLG,37.71875_-119.28125,37.71875,-119.28125,0.971498157537907,0.04289940744638443,0.09242787,1
cdec_TLG,37.71875_-120.21875,37.71875,-120.21875,0.6074827121134053,0.4278106391429901,1.1282659,1
cdec_TLG,37.71875_-120.28125,37.71875,-120.28125,0.5732381696765423,0.439289927482605,1.0384601,1
cdec_TLG,37.71875_-120.34375,37.71875,-120.34375,0.7756310016149054,0.327751487493515,0.8946752,1
cdec_TLG,37.71875_-120.40625,37.71875,-120.40625,0.8122987261043505,0.24272190034389496,0.74229956,1
cdec_TLG,37.71875_-120.46875,37.71875,-120.46875,0.5581865163306483,0.444674551486969,0.8255578,1
cdec_TLG,37.78125_-119.21875,37.78125,-119.21875,1.185285814356094,0.13982248306274414,0.16611217,1
cdec_TLG,37.78125_-119.28125,37.78125,-119.28125,1.1598091166239168,0.1460946798324585,0.22676516,1
cdec_TLG,37.78125_-119.34375,37.78125,-119.34375,1.0905558813522611,0.1569230705499649,0.21755967,1
cdec_TLG,37.78125_-119.65625,37.78125,-119.65625,0.633218836272695,0.3318343162536621,0.7022689,1
cdec_TLG,37.78125_-119.71875,37.78125,-119.71875,0.5485420487806423,0.3858579993247986,0.9942055,1
cdec_TLG,37.78125_-119.78125,37.78125,-119.78125,0.5111592808542627,0.40041419863700867,1.6660738,1
cdec_TLG,37.78125_-119.84375,37.78125,-119.84375,0.5111022151785082,0.3960946798324585,2.0976837,1
cdec_TLG,37.78125_-119.90625,37.78125,-119.90625,0.5117000478555463,0.3914792835712433,2.1305215,1
cdec_TLG,37.78125_-119.96875,37.78125,-119.96875,0.5211397829961234,0.41899406909942627,2.215863,1
cdec_TLG,37.78125_-120.03125,37.78125,-120.03125,0.5292806581873442,0.46739643812179565,1.7758132,1
cdec_TLG,37.78125_-120.09375,37.78125,-120.09375,0.5182935623938656,0.4326627254486084,1.609646,1
cdec_TLG,37.78125_-120.15625,37.78125,-120.15625,0.5279769860067715,0.4562721848487854,1.8220307,1
cdec_TLG,37.78125_-120.21875,37.78125,-120.21875,0.5329603936674759,0.4508875608444214,1.4137285,1
cdec_TLG,37.78125_-120.28125,37.78125,-120.28125,0.5733072938480291,0.3812426030635834,1.1733795,1
cdec_TLG,37.78125_-120.34375,37.78125,-120.34375,0.7277405304739488,0.36443787813186646,0.9542763,1
cdec_TLG,37.78125_-120.40625,37.78125,-120.40625,0.7295914549905538,0.3584023714065552,0.93730825,1
cdec_TLG,37.78125_-120.46875,37.78125,-120.46875,0.5742275745148474,0.42538461089134216,0.87852854,1
cdec_TLG,37.84375_-119.21875,37.84375,-119.21875,1.0580882744336635,0.13366864621639252,0.19364502,1
cdec_TLG,37.84375_-119.28125,37.84375,-119.28125,0.9219447102272003,0.2572189271450043,0.53789806,1
cdec_TLG,37.84375_-119.34375,37.84375,-119.34375,0.9599488211823584,0.26751479506492615,0.50064576,1
cdec_TLG,37.84375_-119.40625,37.84375,-119.40625,0.9156992313262903,0.24319526553153992,0.3883451,1
cdec_TLG,37.84375_-119.46875,37.84375,-119.46875,0.8172869719373823,0.23656804859638214,0.35019273,1
cdec_TLG,37.84375_-119.53125,37.84375,-119.53125,0.8330561981139799,0.2271597683429718,0.44542456,1
cdec_TLG,37.84375_-119.59375,37.84375,-119.59375,0.6490119398891769,0.3442011773586273,0.81418365,1
cdec_TLG,37.84375_-119.65625,37.84375,-119.65625,0.6582196420283339,0.3585207164287567,0.8102599,1
cdec_TLG,37.84375_-119.71875,37.84375,-119.71875,0.5637983242683013,0.3484615385532379,0.87969476,1
cdec_TLG,37.84375_-119.78125,37.84375,-119.78125,0.5140109602249322,0.38609468936920166,1.4992392,1
cdec_TLG,37.84375_-119.84375,37.84375,-119.84375,0.5167613345854694,0.3656804859638214,1.7389213,1
cdec_TLG,37.84375_-119.90625,37.84375,-119.90625,0.5234398314611237,0.3535502851009369,1.8486279,1
cdec_TLG,37.84375_-119.96875,37.84375,-119.96875,0.5201613525547822,0.36230769753456116,1.6764964,1
cdec_TLG,37.84375_-120.03125,37.84375,-120.03125,0.5549974932722748,0.3480473458766937,1.3702224,1
cdec_TLG,37.84375_-120.09375,37.84375,-120.09375,0.7072769871559447,0.34603551030158997,1.2318128,1
cdec_TLG,37.84375_-120.15625,37.84375,-120.15625,0.6103537134437018,0.38165679574012756,1.4677467,1
cdec_TLG,37.84375_-120.21875,37.84375,-120.21875,0.546459546061644,0.3752070963382721,1.5159858,1
cdec_TLG,37.84375_-120.28125,37.84375,-120.28125,0.5504475476519406,0.42869821190834045,1.4036582,1
cdec_TLG,37.84375_-120.34375,37.84375,-120.34375,0.6603050880071447,0.3802366852760315,1.2194259,1
cdec_TLG,37.84375_-120.40625,37.84375,-120.40625,0.8363940038272659,0.37106508016586304,0.8761153,1
cdec_TLG,37.84375_-120.46875,37.84375,-120.46875,0.707975011339709,0.33289942145347595,0.7771323,1
cdec_TLG,37.90625_-119.21875,37.90625,-119.21875,0.9146965609582463,0.11360947042703629,0.24513699,1
cdec_TLG,37.90625_-119.28125,37.90625,-119.28125,1.2070832639723839,0.2997633218765259,0.5390856,1
cdec_TLG,37.90625_-119.34375,37.90625,-119.34375,1.0069436452805236,0.31627219915390015,0.61383826,1
cdec_TLG,37.90625_-119.40625,37.90625,-119.40625,0.7519295337525185,0.31236687302589417,0.49226347,1
cdec_TLG,37.90625_-119.46875,37.90625,-119.46875,0.6423640860846491,0.21810650825500488,0.38357535,1
cdec_TLG,37.90625_-119.53125,37.90625,-119.53125,0.6181570570177705,0.23692308366298676,0.48946267,1
cdec_TLG,37.90625_-119.59375,37.90625,-119.59375,0.562938992350455,0.3109467327594757,0.7573519,1
cdec_TLG,37.90625_-119.65625,37.90625,-119.65625,0.5441081510790398,0.3339644968509674,0.92369616,1
cdec_TLG,37.90625_-119.71875,37.90625,-119.71875,0.539683314661722,0.35301774740219116,1.0403595,1
cdec_TLG,37.90625_-119.78125,37.90625,-119.78125,0.5170784216751171,0.37958580255508423,1.3295051,1
cdec_TLG,37.90625_-119.84375,37.90625,-119.84375,0.5605552185592468,0.3233136236667633,1.1720109,1
cdec_TLG,37.90625_-119.90625,37.90625,-119.90625,0.5456803470117265,0.3713609576225281,1.4760062,1
cdec_TLG,37.90625_-119.96875,37.90625,-119.96875,0.5401699441159074,0.3689940869808197,1.6301575,1
cdec_TLG,37.90625_-120.03125,37.90625,-120.03125,0.522971611855648,0.34431952238082886,1.6218402,1
cdec_TLG,37.90625_-120.09375,37.90625,-120.09375,0.5522124337832265,0.3921893537044525,1.610475,1
cdec_TLG,37.90625_-120.15625,37.90625,-120.15625,0.6267648147886205,0.3989940881729126,1.5205668,1
cdec_TLG,37.90625_-120.21875,37.90625,-120.21875,0.7309098829058491,0.3995266258716583,1.3688039,1
cdec_TLG,37.90625_-120.28125,37.90625,-120.28125,0.7408689657843315,0.4376923143863678,1.3443611,1
cdec_TLG,37.90625_-120.34375,37.90625,-120.34375,0.6659640945797641,0.4245562255382538,1.3085057,1
cdec_TLG,37.90625_-120.40625,37.90625,-120.40625,0.664937485667929,0.4186982214450836,1.1992419,1
cdec_TLG,37.90625_-120.46875,37.90625,-120.46875,0.6990656041276206,0.3937278091907501,1.0878545,1
cdec_TLG,37.96875_-119.28125,37.96875,-119.28125,1.2623009301361034,0.12609466910362244,0.15473592,1
cdec_TLG,37.96875_-119.34375,37.96875,-119.34375,0.9533188758307267,0.16905325651168823,0.34769735,1
cdec_TLG,37.96875_-119.40625,37.96875,-119.40625,0.7857176124076075,0.27508875727653503,0.48209152,1
cdec_TLG,37.96875_-119.46875,37.96875,-119.46875,1.1101983728636657,0.18568047881126404,0.31562695,1
cdec_TLG,37.96875_-119.53125,37.96875,-119.53125,0.7786491520858971,0.28857988119125366,0.5907633,1
cdec_TLG,37.96875_-119.59375,37.96875,-119.59375,0.7312638260212259,0.3168047368526459,0.7492147,1
cdec_TLG,37.96875_-119.65625,37.96875,-119.65625,0.6180628574478257,0.29846152663230896,0.74691004,1
cdec_TLG,37.96875_-119.71875,37.96875,-119.71875,0.5690033474237665,0.28284022212028503,0.83302265,1
cdec_TLG,37.96875_-119.78125,37.96875,-119.78125,0.5573591861705698,0.28686389327049255,0.8785365,1
cdec_TLG,37.96875_-119.84375,37.96875,-119.84375,0.53893553015253,0.29094675183296204,1.0496736,1
cdec_TLG,37.96875_-119.90625,37.96875,-119.90625,0.5257579921226281,0.33988165855407715,1.3549474,1
cdec_TLG,37.96875_-119.96875,37.96875,-119.96875,0.5245107891820935,0.34863904118537903,1.6364622,1
cdec_TLG,37.96875_-120.03125,37.96875,-120.03125,0.5290442428481363,0.3557988107204437,2.0922916,1
cdec_TLG,37.96875_-120.09375,37.96875,-120.09375,0.5254249858075822,0.39869821071624756,2.0230234,1
cdec_TLG,37.96875_-120.15625,37.96875,-120.15625,0.5357851936763464,0.47360947728157043,2.115863,1
cdec_TLG,37.96875_-120.21875,37.96875,-120.21875,0.5617710182763666,0.40609467029571533,1.7407644,1
cdec_TLG,37.96875_-120.28125,37.96875,-120.28125,0.5740763820026953,0.3546745479106903,1.3960298,1
cdec_TLG,37.96875_-120.34375,37.96875,-120.34375,0.638726591805347,0.29319527745246887,1.343217,1
cdec_TLG,37.96875_-120.40625,37.96875,-120.40625,0.6835236920595892,0.31514793634414673,1.3669026,1
cdec_TLG,37.96875_-120.46875,37.96875,-120.46875,0.7921193420875617,0.2933136224746704,1.0953628,1
cdec_TLG,38.03125_-119.28125,38.03125,-119.28125,1.056753852849567,0.08946745842695236,0.19063237,1
cdec_TLG,38.03125_-119.34375,38.03125,-119.34375,1.1456368214225563,0.19520710408687592,0.32572836,1
cdec_TLG,38.03125_-119.40625,38.03125,-119.40625,1.1694424815247442,0.18727810680866241,0.29895407,1
cdec_TLG,38.03125_-119.46875,38.03125,-119.46875,1.115652619161934,0.11349112540483475,0.21166784,1
cdec_TLG,38.03125_-119.53125,38.03125,-119.53125,1.0488937554152642,0.15473373234272003,0.25415903,1
cdec_TLG,38.03125_-119.59375,38.03125,-119.59375,0.9542278962171287,0.20461538434028625,0.33466718,1
cdec_TLG,38.03125_-119.65625,38.03125,-119.65625,0.8564395624913661,0.2188757359981537,0.3699556,1
cdec_TLG,38.03125_-119.71875,38.03125,-119.71875,0.7646997207936337,0.21254438161849976,0.41219047,1
cdec_TLG,38.03125_-119.78125,38.03125,-119.78125,0.6548391779219032,0.2554437816143036,0.5164328,1
cdec_TLG,38.03125_-119.84375,38.03125,-119.84375,0.6296009110875381,0.2839053273200989,0.6150591,1
cdec_TLG,38.03125_-119.90625,38.03125,-119.90625,0.545348866712538,0.3084615468978882,1.0703477,1
cdec_TLG,38.03125_-119.96875,38.03125,-119.96875,0.5235769195254857,0.411775141954422,1.6656773,1
cdec_TLG,38.03125_-120.03125,38.03125,-120.03125,0.5143408406920258,0.46526625752449036,2.4153874,1
cdec_TLG,38.03125_-120.09375,38.03125,-120.09375,0.536636550255416,0.4837869703769684,2.4013853,1
cdec_TLG,38.03125_-120.15625,38.03125,-120.15625,0.5380757040896449,0.4918935000896454,2.5137463,1
cdec_TLG,38.03125_-120.21875,38.03125,-120.21875,0.5101592832588528,0.3914792835712433,2.1590676,1
cdec_TLG,38.03125_-120.28125,38.03125,-120.28125,0.5200790616279541,0.3766863942146301,1.9643158,1
cdec_TLG,38.03125_-120.34375,38.03125,-120.34375,0.5607960559667942,0.42538461089134216,1.9911144,1
cdec_TLG,38.03125_-120.40625,38.03125,-120.40625,0.6135222890381451,0.3840828537940979,1.485656,1
cdec_TLG,38.09375_-119.34375,38.09375,-119.34375,1.0427876016672268,0.09857988357543945,0.18072931,1
cdec_TLG,38.09375_-119.40625,38.09375,-119.40625,1.102838015424666,0.10094674676656723,0.19282109,1
cdec_TLG,38.09375_-119.46875,38.09375,-119.46875,1.208803651523788,0.16142012178897858,0.23945938,1
cdec_TLG,38.09375_-119.53125,38.09375,-119.53125,1.1989838308048897,0.1265680491924286,0.1878555,1
cdec_TLG,38.09375_-119.59375,38.09375,-119.59375,1.1313034567416889,0.1474556177854538,0.21850984,1
cdec_TLG,38.09375_-119.65625,38.09375,-119.65625,1.1938097957769402,0.15934911370277405,0.22355889,1
cdec_TLG,38.09375_-119.71875,38.09375,-119.71875,1.0834512172907074,0.13455621898174286,0.21823902,1
cdec_TLG,38.09375_-119.78125,38.09375,-119.78125,1.1029152564645057,0.09786982089281082,0.15650547,1
cdec_TLG,38.09375_-119.84375,38.09375,-119.84375,0.9611046922289344,0.16183431446552277,0.2868211,1
cdec_TLG,38.09375_-119.90625,38.09375,-119.90625,0.6222505301742164,0.3555029630661011,0.9023244,1
cdec_TLG,38.09375_-119.96875,38.09375,-119.96875,0.5329688649269555,0.4733135998249054,1.4631958,1
cdec_TLG,38.09375_-120.03125,38.09375,-120.03125,0.537005473844498,0.5144378542900085,1.8516349,1
cdec_TLG,38.09375_-120.09375,38.09375,-120.09375,0.535461626083893,0.5249112248420715,2.1080258,1
cdec_TLG,38.09375_-120.15625,38.09375,-120.15625,0.5270997987131635,0.49153846502304077,2.1221294,1
cdec_TLG,38.09375_-120.21875,38.09375,-120.21875,0.5280984975264994,0.5004141926765442,2.2393909,1
cdec_TLG,38.15625_-119.46875,38.15625,-119.46875,1.1701314530097489,0.15437869727611542,0.31383157,1
cdec_TLG,38.15625_-119.53125,38.15625,-119.53125,1.2027092328280817,0.14402367174625397,0.2394104,1
cdec_TLG,38.15625_-119.59375,38.15625,-119.59375,1.2447372819652842,0.14852070808410645,0.24250042,1
cdec_TLG,38.15625_-119.65625,38.15625,-119.65625,1.1659777223875767,0.1528402417898178,0.24332815,1
cdec_TLG,38.15625_-119.71875,38.15625,-119.71875,1.1097158192619694,0.13514792919158936,0.20705765,1
cdec_TLG,38.15625_-119.78125,38.15625,-119.78125,1.1220890664653407,0.09940828382968903,0.18896437,1
cdec_TLG,38.15625_-119.84375,38.15625,-119.84375,1.042148454840151,0.14733727276325226,0.25084212,1
cdec_TLG,38.15625_-119.90625,38.15625,-119.90625,0.6406968020243062,0.359112411737442,0.7945119,1
cdec_TLG,38.15625_-119.96875,38.15625,-119.96875,0.543151018619614,0.4349704086780548,1.4761113,1
cdec_TLG,38.15625_-120.03125,38.15625,-120.03125,0.5345010540487392,0.5074556469917297,2.091119,1
cdec_TLG,38.15625_-120.09375,38.15625,-120.09375,0.5344314309885897,0.49236685037612915,2.0256002,1
cdec_TLG,38.21875_-119.59375,38.21875,-119.59375,1.2820482874502623,0.15088757872581482,0.23540086,1
cdec_TLG,38.21875_-119.65625,38.21875,-119.65625,1.30158592094622,0.07976331561803818,0.14929593,1
cdec_TLG,38.21875_-119.71875,38.21875,-119.71875,1.1877041210324286,0.09349112212657928,0.17226027,1
cdec_TLG,38.21875_-119.78125,38.21875,-119.78125,1.1587675123669996,0.19307692348957062,0.3129587,1
cdec_TLG,38.21875_-119.84375,38.21875,-119.84375,1.039899990159133,0.18739645183086395,0.3703389,1
cdec_TLG,38.21875_-119.90625,38.21875,-119.90625,0.6662915699343392,0.3243195414543152,0.6769794,1
cdec_TLG,38.21875_-119.96875,38.21875,-119.96875,0.5468918181716046,0.4338461458683014,1.5099119,1
cdec_TLG,38.21875_-120.03125,38.21875,-120.03125,0.5321905282311833,0.47183433175086975,1.9714762,1
cdec_TRM,36.28125_-118.59375,36.28125,-118.59375,0.6074830157074858,0.3140828311443329,0.9205719,1
cdec_TRM,36.28125_-118.65625,36.28125,-118.65625,0.5502263199193083,0.29343196749687195,1.0724419,1
cdec_TRM,36.28125_-118.78125,36.28125,-118.78125,0.5286976678629737,0.41183432936668396,1.793378,1
cdec_TRM,36.28125_-118.84375,36.28125,-118.84375,0.5151982054367801,0.44378697872161865,1.5180427,1
cdec_TRM,36.34375_-118.59375,36.34375,-118.59375,0.6215928367076472,0.3037869930267334,0.82239145,1
cdec_TRM,36.34375_-118.65625,36.34375,-118.65625,0.5576939078610885,0.35473373532295227,0.9896042,1
cdec_TRM,36.34375_-118.71875,36.34375,-118.71875,0.5142019824685841,0.38556212186813354,1.6997529,1
cdec_TRM,36.34375_-118.78125,36.34375,-118.78125,0.5362191246867093,0.40976330637931824,1.8370454,1
cdec_TRM,36.34375_-118.84375,36.34375,-118.84375,0.5558666490423168,0.40254437923431396,1.4406618,1
cdec_TRM,36.34375_-118.90625,36.34375,-118.90625,0.5973241651997933,0.43721893429756165,1.1671691,1
cdec_TRM,36.34375_-118.96875,36.34375,-118.96875,0.6815316247800456,0.4218343198299408,0.9035308,1
cdec_TRM,36.34375_-119.03125,36.34375,-119.03125,0.5429008936738136,0.3400000035762787,0.8188148,1
cdec_TRM,36.34375_-119.09375,36.34375,-119.09375,0.506417844696233,0.10000000149011612,1.0546356,1
cdec_TRM,36.34375_-119.15625,36.34375,-119.15625,0.5758235715671707,0.0,0.7629281,1
cdec_TRM,36.34375_-119.21875,36.34375,-119.21875,1.1346509328077254,0.0,0.87085027,1
cdec_TRM,36.40625_-118.53125,36.40625,-118.53125,0.897450300540018,0.11597633361816406,0.22669429,1
cdec_TRM,36.40625_-118.59375,36.40625,-118.59375,0.9437813695691462,0.1240236684679985,0.32509404,1
cdec_TRM,36.40625_-118.65625,36.40625,-118.65625,0.5541421351091519,0.34822484850883484,1.06492,1
cdec_TRM,36.40625_-118.71875,36.40625,-118.71875,0.5155866837888111,0.40970414876937866,1.7016363,1
cdec_TRM,36.40625_-118.78125,36.40625,-118.78125,0.5202217786780569,0.4092307686805725,2.0093124,1
cdec_TRM,36.40625_-118.84375,36.40625,-118.84375,0.5702840435380497,0.40414202213287354,1.4589928,1
cdec_TRM,36.40625_-118.90625,36.40625,-118.90625,0.6810524333084575,0.3796449601650238,1.0906484,1
cdec_TRM,36.40625_-118.96875,36.40625,-118.96875,0.7129760197442276,0.3276331424713135,0.825506,1
cdec_TRM,36.40625_-119.03125,36.40625,-119.03125,0.5201611653325694,0.30798816680908203,0.8777393,1
cdec_TRM,36.40625_-119.09375,36.40625,-119.09375,0.5409714979320561,0.0,0.46036342,1
cdec_TRM,36.40625_-119.15625,36.40625,-119.15625,0.5057773690459608,0.33000001311302185,1.0645179,1
cdec_TRM,36.46875_-118.53125,36.46875,-118.53125,0.9458840290069783,0.10573964565992355,0.24717316,1
cdec_TRM,36.46875_-118.59375,36.46875,-118.59375,0.7424545175781248,0.23804733157157898,0.6382408,1
cdec_TRM,36.46875_-118.65625,36.46875,-118.65625,0.5238427351667952,0.410591721534729,1.5824475,1
cdec_TRM,36.46875_-118.71875,36.46875,-118.71875,0.5166301891557401,0.3812426030635834,1.8062057,1
cdec_TRM,36.46875_-118.78125,36.46875,-118.78125,0.5351135878911447,0.4142603576183319,1.7406036,1
cdec_TRM,36.46875_-118.84375,36.46875,-118.84375,0.5968800742720756,0.3878106474876404,1.2912611,1
cdec_TRM,36.46875_-118.90625,36.46875,-118.90625,0.6804454399850745,0.37183430790901184,1.1775453,1
cdec_TRM,36.46875_-118.96875,36.46875,-118.96875,0.7001452692757889,0.4028402268886566,1.1670331,1
cdec_TRM,36.46875_-119.03125,36.46875,-119.03125,0.7223523078308334,0.4399999976158142,1.0454556,1
cdec_TRM,36.53125_-118.53125,36.53125,-118.53125,1.0178243289324953,0.09562130272388458,0.2052905,1
cdec_TRM,36.53125_-118.59375,36.53125,-118.59375,0.6063151166007632,0.24538461863994598,0.91063535,1
cdec_TRM,36.53125_-118.65625,36.53125,-118.65625,0.5268055308197227,0.4695858061313629,2.2395887,1
cdec_TRM,36.53125_-118.71875,36.53125,-118.71875,0.5357000286113851,0.43426036834716797,1.9872735,1
cdec_TRM,36.53125_-118.78125,36.53125,-118.78125,0.5410899697903455,0.38130176067352295,1.7153058,1
cdec_TRM,36.53125_-118.84375,36.53125,-118.84375,0.5254901754738693,0.38047337532043457,1.6522899,1
cdec_TRM,36.53125_-118.90625,36.53125,-118.90625,0.6791836452824027,0.4022485315799713,1.2251384,1
cdec_TRM,36.53125_-118.96875,36.53125,-118.96875,0.5915427474040628,0.41609466075897217,1.2956167,1
cdec_TRM,36.59375_-118.53125,36.59375,-118.53125,0.92720134033415,0.03544378653168678,0.1037294,1
cdec_TRM,36.59375_-118.59375,36.59375,-118.59375,1.2252326405588103,0.12183432281017303,0.32005113,1
cdec_TRM,36.59375_-118.65625,36.59375,-118.65625,1.1522981005802784,0.20887574553489685,0.55769634,1
cdec_TRM,36.59375_-118.71875,36.59375,-118.71875,0.5315996570539823,0.3953254520893097,1.2368156,1
cdec_TRM,36.59375_-118.78125,36.59375,-118.78125,0.5143368981849371,0.3872189223766327,1.528292,1
cdec_TRM,36.59375_-118.84375,36.59375,-118.84375,0.5142054348436998,0.42130178213119507,1.9580157,1
cdec_TRM,36.59375_-118.90625,36.59375,-118.90625,0.5595866631778358,0.41905325651168823,1.5128294,1
cdec_TRM,36.59375_-118.96875,36.59375,-118.96875,0.5415547121334012,0.43396449089050293,1.4015604,1
cdec_TRM,36.65625_-118.59375,36.65625,-118.59375,0.8639524750564032,0.17017751932144165,0.35160172,1
cdec_TRM,36.65625_-118.65625,36.65625,-118.65625,0.9053839777388843,0.20023669302463531,0.3871186,1
cdec_TRM,36.65625_-118.71875,36.65625,-118.71875,0.7461735508932102,0.2646745443344116,0.5877467,1
cdec_TRM,36.65625_-118.78125,36.65625,-118.78125,0.5554964674034755,0.36698225140571594,0.8037228,1
cdec_TRM,36.65625_-118.84375,36.65625,-118.84375,0.5169638490964921,0.4179881513118744,1.3801887,1
cdec_TRM,36.65625_-118.90625,36.65625,-118.90625,0.5170800200351766,0.3655621409416199,1.8433621,1
cdec_TRM,36.65625_-118.96875,36.65625,-118.96875,0.5321541552621739,0.4536094665527344,1.7182207,1
cdec_TRM,36.71875_-118.78125,36.71875,-118.78125,0.5504137133499092,0.3829585909843445,0.9409004,1
cdec_TRM,36.71875_-118.84375,36.71875,-118.84375,0.5581126736055186,0.37917160987854004,0.921536,1
cdec_TRM,36.71875_-118.90625,36.71875,-118.90625,0.5159246404196391,0.44029584527015686,1.6141863,1
cdec_TRM,36.71875_-118.96875,36.71875,-118.96875,0.5096793097533823,0.4559171497821808,1.9821147,1
cdec_YRS,39.21875_-121.09375,39.21875,-121.09375,0.6621467473823783,0.47999998927116394,1.7776252,1
cdec_YRS,39.21875_-121.15625,39.21875,-121.15625,0.781186650904726,0.47999998927116394,1.4864522,1
cdec_YRS,39.21875_-121.21875,39.21875,-121.21875,0.7258651594149754,0.32360947132110596,1.4646599,1
cdec_YRS,39.21875_-121.28125,39.21875,-121.28125,0.7850659655590626,0.3812426030635834,1.2436839,1
cdec_YRS,39.28125_-120.34375,39.28125,-120.34375,0.7194498453191539,0.4146745502948761,1.0911965,1
cdec_YRS,39.28125_-120.40625,39.28125,-120.40625,0.6673848680381088,0.3713017702102661,1.059344,1
cdec_YRS,39.28125_-120.46875,39.28125,-120.46875,0.6684068953508101,0.3620118200778961,0.81651384,1
cdec_YRS,39.28125_-120.53125,39.28125,-120.53125,0.6297813990461315,0.4157988131046295,1.1620367,1
cdec_YRS,39.28125_-120.59375,39.28125,-120.59375,0.6283564771671761,0.42408284544944763,1.2780514,1
cdec_YRS,39.28125_-120.65625,39.28125,-120.65625,0.587327085218048,0.47846153378486633,1.9905075,1
cdec_YRS,39.28125_-120.78125,39.28125,-120.78125,0.5558075693647998,0.587041437625885,2.9247146,1
cdec_YRS,39.28125_-120.84375,39.28125,-120.84375,0.5477532348221286,0.6000000238418579,2.545604,1
cdec_YRS,39.28125_-120.90625,39.28125,-120.90625,0.5428410529568382,0.4932544231414795,2.976146,1
cdec_YRS,39.28125_-120.96875,39.28125,-120.96875,0.5282442054644589,0.48207101225852966,2.9621062,1
cdec_YRS,39.28125_-121.03125,39.28125,-121.03125,0.5523728054688614,0.3976331353187561,2.2772975,1
cdec_YRS,39.28125_-121.09375,39.28125,-121.09375,0.7490753232644369,0.45059171319007874,1.7938024,1
cdec_YRS,39.28125_-121.15625,39.28125,-121.15625,0.6987047109639228,0.451242595911026,1.6444489,1
cdec_YRS,39.28125_-121.21875,39.28125,-121.21875,0.7169940840197394,0.46213018894195557,1.5681622,1
cdec_YRS,39.28125_-121.28125,39.28125,-121.28125,0.7473792942146787,0.42964497208595276,1.4318931,1
cdec_YRS,39.34375_-120.34375,39.34375,-120.34375,0.8332379352706316,0.326272189617157,0.6334303,1
cdec_YRS,39.34375_-120.40625,39.34375,-120.40625,0.695866647307693,0.33443787693977356,0.7039944,1
cdec_YRS,39.34375_-120.46875,39.34375,-120.46875,0.6871123083446697,0.33544379472732544,0.8047537,1
cdec_YRS,39.34375_-120.53125,39.34375,-120.53125,0.7128201140372163,0.32094675302505493,0.7957774,1
cdec_YRS,39.34375_-120.59375,39.34375,-120.59375,0.6821366291151224,0.3798224925994873,1.1204683,1
cdec_YRS,39.34375_-120.65625,39.34375,-120.65625,0.5790816111466357,0.4185798764228821,1.5872291,1
cdec_YRS,39.34375_-120.71875,39.34375,-120.71875,0.5879361322676738,0.5436094403266907,2.51645,1
cdec_YRS,39.34375_-120.78125,39.34375,-120.78125,0.5972116282889172,0.5504142045974731,2.677668,1
cdec_YRS,39.34375_-120.84375,39.34375,-120.84375,0.591140708404635,0.5898816585540771,3.178872,1
cdec_YRS,39.34375_-120.90625,39.34375,-120.90625,0.5840738715335745,0.6004142165184021,3.0262601,1
cdec_YRS,39.34375_-120.96875,39.34375,-120.96875,0.5908814099059945,0.4862130284309387,2.6118934,1
cdec_YRS,39.34375_-121.03125,39.34375,-121.03125,0.6201402774705985,0.47585800290107727,2.2760766,1
cdec_YRS,39.34375_-121.09375,39.34375,-121.09375,0.6420692887921312,0.44550296664237976,1.8841106,1
cdec_YRS,39.34375_-121.15625,39.34375,-121.15625,0.6954254649121351,0.47414201498031616,2.1567116,1
cdec_YRS,39.34375_-121.21875,39.34375,-121.21875,0.7330923513113562,0.4385206997394562,1.7289956,1
cdec_YRS,39.34375_-121.28125,39.34375,-121.28125,0.830159382090087,0.42538461089134216,1.4553064,1
cdec_YRS,39.40625_-120.34375,39.40625,-120.34375,0.7827584242343435,0.3234911262989044,0.7289141,1
cdec_YRS,39.40625_-120.40625,39.40625,-120.40625,0.7324994837439369,0.37686389684677124,0.7372967,1
cdec_YRS,39.40625_-120.46875,39.40625,-120.46875,0.7555621407392271,0.33390533924102783,0.7533684,1
cdec_YRS,39.40625_-120.53125,39.40625,-120.53125,0.9664881330256108,0.21816568076610565,0.4130366,1
cdec_YRS,39.40625_-120.59375,39.40625,-120.59375,0.8421250231817963,0.3005325496196747,0.6187748,1
cdec_YRS,39.40625_-120.65625,39.40625,-120.65625,0.646541825605768,0.47029584646224976,1.5602789,1
cdec_YRS,39.40625_-120.71875,39.40625,-120.71875,0.6093055427863975,0.5299999713897705,2.6122978,1
cdec_YRS,39.40625_-120.78125,39.40625,-120.78125,0.5951470335591884,0.5744970440864563,3.0116107,1
cdec_YRS,39.40625_-120.84375,39.40625,-120.84375,0.6004640996167894,0.5486982464790344,2.7254407,1
cdec_YRS,39.40625_-120.90625,39.40625,-120.90625,0.5805508140176052,0.5936094522476196,3.0685217,1
cdec_YRS,39.40625_-120.96875,39.40625,-120.96875,0.5769322719475628,0.587041437625885,3.3712256,1
cdec_YRS,39.40625_-121.03125,39.40625,-121.03125,0.6269428647733208,0.5363905429840088,3.1144392,1
cdec_YRS,39.40625_-121.09375,39.40625,-121.09375,0.6036864775516225,0.5383431911468506,2.9020948,1
cdec_YRS,39.40625_-121.15625,39.40625,-121.15625,0.5842739775435787,0.49224853515625,2.6018486,1
cdec_YRS,39.40625_-121.21875,39.40625,-121.21875,0.6264337197947591,0.47183433175086975,1.9963261,1
cdec_YRS,39.46875_-120.40625,39.46875,-120.40625,0.7359836318318013,0.39544379711151123,0.993333,1
cdec_YRS,39.46875_-120.46875,39.46875,-120.46875,0.6847034555529028,0.4162130057811737,1.0786828,1
cdec_YRS,39.46875_-120.53125,39.46875,-120.53125,0.7019811623239873,0.3611242473125458,1.0463312,1
cdec_YRS,39.46875_-120.59375,39.46875,-120.59375,0.7177648020599927,0.40840235352516174,1.1009512,1
cdec_YRS,39.46875_-120.65625,39.46875,-120.65625,0.6006299597614804,0.38071006536483765,1.1807841,1
cdec_YRS,39.46875_-120.71875,39.46875,-120.71875,0.6452034760884309,0.5295266509056091,2.2301435,1
cdec_YRS,39.46875_-120.78125,39.46875,-120.78125,0.6366638081592424,0.5690532326698303,2.8486612,1
cdec_YRS,39.46875_-120.84375,39.46875,-120.84375,0.585999209351968,0.5717751383781433,2.7349052,1
cdec_YRS,39.46875_-120.90625,39.46875,-120.90625,0.5818179358539646,0.5852662920951843,2.9204254,1
cdec_YRS,39.46875_-120.96875,39.46875,-120.96875,0.5661190321176792,0.5903550386428833,3.229296,1
cdec_YRS,39.46875_-121.03125,39.46875,-121.03125,0.5470271896687854,0.6095858216285706,3.6587467,1
cdec_YRS,39.46875_-121.09375,39.46875,-121.09375,0.5612793455460147,0.5693491101264954,3.0764613,1
cdec_YRS,39.46875_-121.15625,39.46875,-121.15625,0.5689481648409467,0.5326035618782043,3.0228195,1
cdec_YRS,39.46875_-121.21875,39.46875,-121.21875,0.5332918737860317,0.5542603731155396,3.4549308,1
cdec_YRS,39.53125_-120.40625,39.53125,-120.40625,0.6609686892071186,0.45615383982658386,1.6442881,1
cdec_YRS,39.53125_-120.46875,39.53125,-120.46875,0.6558704493818303,0.4088165760040283,1.2624482,1
cdec_YRS,39.53125_-120.53125,39.53125,-120.53125,0.7093960380984006,0.41556212306022644,1.340139,1
cdec_YRS,39.53125_-120.59375,39.53125,-120.59375,0.6908221805573913,0.47260355949401855,1.546556,1
cdec_YRS,39.53125_-120.65625,39.53125,-120.65625,0.6155365627636743,0.472485214471817,1.6143075,1
cdec_YRS,39.53125_-120.71875,39.53125,-120.71875,0.6626319976272481,0.5432544350624084,2.0825691,1
cdec_YRS,39.53125_-120.78125,39.53125,-120.78125,0.6654621389733907,0.5913609266281128,2.823007,1
cdec_YRS,39.53125_-120.84375,39.53125,-120.84375,0.6418853514855785,0.6018934845924377,2.8729222,1
cdec_YRS,39.53125_-120.90625,39.53125,-120.90625,0.6281698869369209,0.5878698229789734,2.9882133,1
cdec_YRS,39.53125_-120.96875,39.53125,-120.96875,0.6464397049203341,0.6085206866264343,3.1445498,1
cdec_YRS,39.53125_-121.03125,39.53125,-121.03125,0.5930740618910542,0.6549704074859619,3.541055,1
cdec_YRS,39.53125_-121.09375,39.53125,-121.09375,0.5755231142054106,0.6588165760040283,3.5388358,1
cdec_YRS,39.53125_-121.15625,39.53125,-121.15625,0.5370269007705278,0.5534319281578064,3.2352722,1
cdec_YRS,39.53125_-121.21875,39.53125,-121.21875,0.5368862098729452,0.5500591993331909,3.4176571,1
cdec_YRS,39.59375_-120.46875,39.59375,-120.46875,0.6595829762375351,0.4361538589000702,1.4707338,1
cdec_YRS,39.59375_-120.53125,39.59375,-120.53125,0.6802647145282686,0.4665680527687073,1.3920797,1
cdec_YRS,39.59375_-120.59375,39.59375,-120.59375,0.6422631473843463,0.502781093120575,1.8948114,1
cdec_YRS,39.59375_-120.65625,39.59375,-120.65625,0.5929349833181015,0.3926035463809967,1.4532149,1
cdec_YRS,39.59375_-120.71875,39.59375,-120.71875,0.7007023592602748,0.5490532517433167,2.3765295,1
cdec_YRS,39.59375_-120.78125,39.59375,-120.78125,0.7646352333751023,0.6244378685951233,3.3170066,1
cdec_YRS,39.59375_-120.84375,39.59375,-120.84375,0.7121362467627229,0.5781065225601196,3.0116487,1
cdec_YRS,39.59375_-120.90625,39.59375,-120.90625,0.6072198168334475,0.5847337245941162,2.752166,1
cdec_YRS,39.59375_-120.96875,39.59375,-120.96875,0.5892922600709452,0.5846745371818542,2.9557695,1
cdec_YRS,39.59375_-121.03125,39.59375,-121.03125,0.5796214687386494,0.6459171772003174,3.378193,1
cdec_YRS,39.59375_-121.09375,39.59375,-121.09375,0.5749674194753507,0.5868047475814819,3.1956153,1
cdec_YRS,39.65625_-120.46875,39.65625,-120.46875,0.7051014354752752,0.46502959728240967,2.0129066,1
cdec_YRS,39.65625_-120.53125,39.65625,-120.53125,0.7108082501041589,0.49550294876098633,1.8178016,1
cdec_YRS,39.65625_-120.59375,39.65625,-120.59375,0.6939960083110178,0.44319525361061096,1.3882059,1
cdec_YRS,39.65625_-120.65625,39.65625,-120.65625,0.6972111321754837,0.35207101702690125,0.86326385,1
cdec_YRS,39.65625_-120.71875,39.65625,-120.71875,0.6330096731874832,0.4695858061313629,1.4396706,1
cdec_YRS,39.65625_-120.78125,39.65625,-120.78125,0.8357587382960068,0.5747337341308594,2.486978,1
cdec_YRS,39.65625_-120.84375,39.65625,-120.84375,0.6522499867046485,0.5044378638267517,1.8956492,1
cdec_YRS,39.65625_-120.90625,39.65625,-120.90625,0.6337293310315865,0.55266273021698,2.4939115,1
cdec_YRS,39.65625_-120.96875,39.65625,-120.96875,0.6041072395869063,0.5573372840881348,2.6092937,1
cdec_YRS,39.65625_-121.03125,39.65625,-121.03125,0.5924286998180841,0.5996449589729309,2.7797987,1
cdec_YRS,39.71875_-120.59375,39.71875,-120.59375,0.7385713694337829,0.4826035499572754,1.9400076,1
cdec_YRS,39.71875_-120.71875,39.71875,-120.71875,0.6158190584980685,0.41999998688697815,1.0435479,1
cdec_YRS,39.71875_-120.78125,39.71875,-120.78125,0.6657394842323963,0.4626627266407013,1.3731897,1
cdec_YRS,39.71875_-120.84375,39.71875,-120.84375,0.6774466608717153,0.49639052152633667,1.6615199,1
cdec_YRS,39.71875_-120.90625,39.71875,-120.90625,0.6544601036145987,0.5019526481628418,1.7879876,1
cdec_YRS,39.71875_-120.96875,39.71875,-120.96875,0.6408308313410102,0.4187574088573456,1.7377431,1
cdec_YRS,39.71875_-121.03125,39.71875,-121.03125,0.6183861613563099,0.428816556930542,1.6860882,1
cdec_YRS,39.78125_-120.84375,39.78125,-120.84375,0.6673798573514629,0.5040828585624695,1.8831004,1
cdec_YRS,39.78125_-120.90625,39.78125,-120.90625,0.6622479091156701,0.4138461649417877,1.5271125,1
cs_I_ALMNR,40.15625_-121.09375,40.15625,-121.09375,0.6072693060676004,0.29940828680992126,1.7035335,1
cs_I_ALMNR,40.15625_-121.15625,40.15625,-121.15625,0.5885791864969201,0.309230774641037,1.5687823,1
cs_I_ALMNR,40.21875_-121.03125,40.21875,-121.03125,0.8705585669980342,0.3901183307170868,2.0195127,1
cs_I_ALMNR,40.21875_-121.09375,40.21875,-121.09375,0.7200373747647739,0.13881656527519226,1.6877795,1
cs_I_ALMNR,40.21875_-121.15625,40.21875,-121.15625,0.6510841844545256,0.18124260008335114,1.5931385,1
cs_I_ALMNR,40.21875_-121.21875,40.21875,-121.21875,0.9764809535525434,0.33816567063331604,1.6692548,1
cs_I_ALMNR,40.21875_-121.28125,40.21875,-121.28125,1.0757913751458026,0.3811834454536438,1.8288854,1
cs_I_ALMNR,40.21875_-121.34375,40.21875,-121.34375,0.8980685601505691,0.3759763240814209,1.9994721,1
cs_I_ALMNR,40.28125_-121.03125,40.28125,-121.03125,0.7989333769641471,0.3721301853656769,1.5912709,1
cs_I_ALMNR,40.28125_-121.09375,40.28125,-121.09375,0.7216131989028299,0.32035502791404724,1.6449305,1
cs_I_ALMNR,40.28125_-121.15625,40.28125,-121.15625,0.6422729962377314,0.1660355031490326,1.5714664,1
cs_I_ALMNR,40.28125_-121.21875,40.28125,-121.21875,1.0545422926812522,0.10295858234167099,1.0105474,1
cs_I_ALMNR,40.28125_-121.28125,40.28125,-121.28125,1.2780191267305603,0.2927810549736023,1.609831,1
cs_I_ALMNR,40.28125_-121.34375,40.28125,-121.34375,1.19078031744334,0.3708875775337219,1.7792902,1
cs_I_ALMNR,40.34375_-121.03125,40.34375,-121.03125,1.3819733411284105,0.3552071154117584,1.6114825,1
cs_I_ALMNR,40.34375_-121.09375,40.34375,-121.09375,1.217068812513339,0.37662720680236816,1.865552,1
cs_I_ALMNR,40.34375_-121.15625,40.34375,-121.15625,1.261946717990891,0.33810651302337646,1.5946338,1
cs_I_ALMNR,40.34375_-121.21875,40.34375,-121.21875,1.0662749736432442,0.30426034331321716,1.5125934,1
cs_I_ALMNR,40.34375_-121.28125,40.34375,-121.28125,1.2646015403890485,0.3271597623825073,1.8258848,1
cs_I_ALMNR,40.34375_-121.34375,40.34375,-121.34375,1.0958233317158181,0.39325442910194397,1.4649745,1
cs_I_ALMNR,40.34375_-121.40625,40.34375,-121.40625,1.1410462116885842,0.37899407744407654,1.3620818,1
cs_I_ALMNR,40.34375_-121.46875,40.34375,-121.46875,0.894656622796149,0.3870414197444916,1.5604098,1
cs_I_ALMNR,40.40625_-121.03125,40.40625,-121.03125,1.2714301289576784,0.392071008682251,1.5445933,1
cs_I_ALMNR,40.40625_-121.09375,40.40625,-121.09375,1.032783432942555,0.4302958548069,1.8034258,1
cs_I_ALMNR,40.40625_-121.15625,40.40625,-121.15625,1.112510125244896,0.4065680503845215,1.4457,1
cs_I_ALMNR,40.40625_-121.21875,40.40625,-121.21875,1.1289399539207985,0.4143195152282715,1.4689871,1
cs_I_ALMNR,40.40625_-121.28125,40.40625,-121.28125,1.0917941476828523,0.3844378590583801,1.4672462,1
cs_I_ALMNR,40.40625_-121.34375,40.40625,-121.34375,0.8424072014559556,0.38011834025382996,1.4905972,1
cs_I_ALMNR,40.40625_-121.40625,40.40625,-121.40625,1.1746794191588203,0.36236685514450073,1.2303332,1
cs_I_ALMNR,40.40625_-121.46875,40.40625,-121.46875,1.1705912181773372,0.34899407625198364,1.072738,1
cs_I_ALMNR,40.46875_-121.15625,40.46875,-121.15625,1.1951835176812287,0.37218934297561646,1.170891,1
cs_I_ALMNR,40.46875_-121.21875,40.46875,-121.21875,1.2597833142430628,0.3722485303878784,0.860824,1
cs_I_ALMNR,40.46875_-121.28125,40.46875,-121.28125,1.1874963061680943,0.35461539030075073,0.87463456,1
cs_I_ALMNR,40.46875_-121.34375,40.46875,-121.34375,1.1027720877747877,0.3552071154117584,0.95077056,1
cs_I_ALMNR,40.46875_-121.40625,40.46875,-121.40625,1.1120734409833424,0.3584023714065552,1.1099523,1
cs_I_ALMNR,40.46875_-121.46875,40.46875,-121.46875,1.1902158541456334,0.2819526493549347,0.6209389,1
cs_I_ALMNR,40.46875_-121.53125,40.46875,-121.53125,0.9846664054085814,0.2546153962612152,0.5261976,1
cs_I_ALMNR,40.53125_-121.21875,40.53125,-121.21875,1.227594081323191,0.37396448850631714,1.197092,1
cs_I_ANT011,40.21875_-121.59375,40.21875,-121.59375,0.6390779764072892,0.550000011920929,2.0997972,1
cs_I_ANT011,40.21875_-121.65625,40.21875,-121.65625,0.644523420555889,0.15000000596046448,1.6602377,1
cs_I_ANT011,40.21875_-121.71875,40.21875,-121.71875,0.7039489119665467,0.25,2.2619135,1
cs_I_ANT011,40.21875_-121.78125,40.21875,-121.78125,0.9151744837307183,0.550000011920929,1.0212817,1
cs_I_ANT011,40.21875_-121.84375,40.21875,-121.84375,0.8902314570483212,0.550000011920929,0.9167545,1
cs_I_ANT011,40.21875_-121.90625,40.21875,-121.90625,0.9401204137312216,0.550000011920929,0.8850909,1
cs_I_ANT011,40.21875_-121.96875,40.21875,-121.96875,0.9331628640097684,0.550000011920929,0.7841203,1
cs_I_ANT011,40.21875_-122.03125,40.21875,-122.03125,0.7878669308016486,0.3100000023841858,0.80317956,1
cs_I_ANT011,40.21875_-122.09375,40.21875,-122.09375,0.8221541884572404,0.3100000023841858,0.7201128,1
cs_I_ANT011,40.28125_-121.59375,40.28125,-121.59375,0.8061379714340104,0.44189348816871643,2.3171256,1
cs_I_ANT011,40.28125_-121.65625,40.28125,-121.65625,0.7362070086091128,0.6499999761581421,2.3470218,1
cs_I_ANT011,40.28125_-121.71875,40.28125,-121.71875,0.6692459254036082,0.550000011920929,2.431333,1
cs_I_ANT011,40.28125_-121.78125,40.28125,-121.78125,0.8488293110959119,0.15000000596046448,1.3938118,1
cs_I_ANT011,40.28125_-121.84375,40.28125,-121.84375,1.2034334209785738,0.550000011920929,1.0222374,1
cs_I_ANT011,40.28125_-121.90625,40.28125,-121.90625,1.0096540606922315,0.25,0.81587404,1
cs_I_ANT011,40.28125_-121.96875,40.28125,-121.96875,0.9060547882050172,0.15000000596046448,0.83640593,1
cs_I_ANT011,40.34375_-121.59375,40.34375,-121.59375,0.7288672095725482,0.4864497184753418,2.0766041,1
cs_I_ANT011,40.34375_-121.65625,40.34375,-121.65625,0.6805135541041396,0.4963313639163971,2.0420055,1
cs_I_ANT011,40.34375_-121.71875,40.34375,-121.71875,0.6644349921378991,0.48633137345314026,2.104982,1
cs_I_ANTLP,40.15625_-120.53125,40.15625,-120.53125,1.1596215550801081,0.34319525957107544,0.9135479,1
cs_I_ANTLP,40.15625_-120.59375,40.15625,-120.59375,0.6548154553370662,0.3194674551486969,1.0255907,1
cs_I_ANTLP,40.15625_-120.65625,40.15625,-120.65625,0.7077014412802355,0.36562129855155945,1.4456645,1
cs_I_ANTLP,40.21875_-120.53125,40.21875,-120.53125,1.1962495473434689,0.33177515864372253,1.2655109,1
cs_I_ANTLP,40.21875_-120.59375,40.21875,-120.59375,0.9649084531754588,0.3599408268928528,1.2497901,1
cs_I_ANTLP,40.21875_-120.65625,40.21875,-120.65625,0.8605645464549552,0.3457988202571869,1.0774771,1
cs_I_ANTLP,40.21875_-120.71875,40.21875,-120.71875,0.7694531459851729,0.3400000035762787,1.248636,1
cs_I_ANTLP,40.28125_-120.53125,40.28125,-120.53125,0.6933323148659314,0.3475739657878876,1.1949195,1
cs_I_ANTLP,40.28125_-120.59375,40.28125,-120.59375,0.8933457718726157,0.42946746945381165,1.5094984,1
cs_I_ANTLP,40.28125_-120.65625,40.28125,-120.65625,0.9184841932959249,0.3798224925994873,1.0383482,1
cs_I_ANTLP,40.28125_-120.71875,40.28125,-120.71875,1.1362883516764688,0.3484615385532379,1.0930761,1
cs_I_ANTLP,40.34375_-120.71875,40.34375,-120.71875,0.8675351668807743,0.31337279081344604,1.3622596,1
cs_I_BCC014,39.78125_-121.71875,39.78125,-121.71875,0.9168230592335886,0.33000001311302185,1.3516271,1
cs_I_BCC014,39.78125_-121.78125,39.78125,-121.78125,0.8804978188493267,0.27000001072883606,0.96545583,1
cs_I_BCC014,39.84375_-121.65625,39.84375,-121.65625,0.833927178766125,0.6200000047683716,2.3576825,1
cs_I_BCC014,39.84375_-121.71875,39.84375,-121.71875,0.9341916994615449,0.25,1.9247674,1
cs_I_BCC014,39.90625_-121.65625,39.90625,-121.65625,0.670038516826472,0.0,3.324609,1
cs_I_BCC014,39.90625_-121.71875,39.90625,-121.71875,0.8713272621683468,0.15000000596046448,1.7840832,1
cs_I_BCC014,39.96875_-121.65625,39.96875,-121.65625,0.6669985011819627,0.3499999940395355,3.1284904,1
cs_I_BCC014,39.96875_-121.71875,39.96875,-121.71875,0.6999179367042968,0.44999998807907104,2.7405312,1
cs_I_BCC014,40.03125_-121.59375,40.03125,-121.59375,0.6669150584849979,0.28999999165534973,2.252519,1
cs_I_BCC014,40.03125_-121.65625,40.03125,-121.65625,0.7538784763640858,0.3499999940395355,2.4346328,1
cs_I_BCC014,40.03125_-121.71875,40.03125,-121.71875,0.7792052440176886,0.0,1.838307,1
cs_I_BCC014,40.09375_-121.46875,40.09375,-121.46875,0.8270945558196288,0.4143195152282715,2.1272397,1
cs_I_BCC014,40.09375_-121.53125,40.09375,-121.53125,0.7545161245086183,0.3700000047683716,2.2758613,1
cs_I_BCC014,40.09375_-121.59375,40.09375,-121.59375,0.6794449778793603,0.550000011920929,2.5894017,1
cs_I_BCC014,40.09375_-121.65625,40.09375,-121.65625,0.8491361377373378,0.3499999940395355,2.0913405,1
cs_I_BCC014,40.15625_-121.53125,40.15625,-121.53125,0.6692191503559093,0.6100000143051147,1.9575039,1
cs_I_BCC014,40.15625_-121.59375,40.15625,-121.59375,0.7134804617302717,0.6499999761581421,1.6997585,1
cs_I_BCK040,37.34375_-120.21875,37.34375,-120.21875,0.5373445610978722,0.4300000071525574,0.80678964,1
cs_I_BCK040,37.40625_-120.09375,37.40625,-120.09375,0.5941937535114233,0.4399999976158142,0.84854746,1
cs_I_BCK040,37.40625_-120.15625,37.40625,-120.15625,0.6205781942986058,0.4399999976158142,0.8762004,1
cs_I_BCK040,37.40625_-120.21875,37.40625,-120.21875,0.6392611577075813,0.47999998927116394,0.83427763,1
cs_I_BCK040,37.46875_-120.03125,37.46875,-120.03125,0.6579474287551088,0.3400000035762787,1.3168138,1
cs_I_BCK040,37.46875_-120.09375,37.46875,-120.09375,0.6477052891541674,0.49000000953674316,1.1882889,1
cs_I_BCK040,37.46875_-120.15625,37.46875,-120.15625,0.6155682988249312,0.3199999928474426,1.0435882,1
cs_I_BCK040,37.46875_-120.21875,37.46875,-120.21875,0.5912996808406767,0.4300000071525574,0.92042994,1
cs_I_BCK040,37.53125_-120.03125,37.53125,-120.03125,0.5545327984105973,0.3291715979576111,1.1788218,1
cs_I_BCK040,37.53125_-120.09375,37.53125,-120.09375,0.6406275179592076,0.34899407625198364,1.141202,1
cs_I_BCK040,37.53125_-120.15625,37.53125,-120.15625,0.6839922353421151,0.38905325531959534,0.94421786,1
cs_I_BCK040,37.59375_-120.09375,37.59375,-120.09375,0.6860367202851889,0.3229585886001587,1.055711,1
cs_I_BCK040,37.59375_-120.15625,37.59375,-120.15625,0.6288935696538855,0.3098224997520447,0.9718333,1
cs_I_BCN010,40.46875_-121.90625,40.46875,-121.90625,1.0685170136856992,0.42402365803718567,1.657892,1
cs_I_BCN010,40.46875_-121.96875,40.46875,-121.96875,1.2038029551950378,0.4284023642539978,1.1655874,1
cs_I_BCN010,40.53125_-121.71875,40.53125,-121.71875,0.7217221935540938,0.42674556374549866,1.9070222,1
cs_I_BCN010,40.53125_-121.78125,40.53125,-121.78125,0.7099393023768594,0.4344378709793091,2.03753,1
cs_I_BCN010,40.53125_-121.84375,40.53125,-121.84375,0.6478515514099871,0.47999998927116394,2.5733917,1
cs_I_BCN010,40.53125_-121.90625,40.53125,-121.90625,0.956305878624701,0.4963313639163971,2.203811,1
cs_I_BCN010,40.53125_-121.96875,40.53125,-121.96875,1.1409625630830527,0.4266272187232971,1.4759755,1
cs_I_BCN010,40.53125_-122.03125,40.53125,-122.03125,1.0928508514746156,0.40644970536231995,1.233224,1
cs_I_BCN010,40.53125_-122.09375,40.53125,-122.09375,0.94288508002665,0.40390533208847046,1.0895046,1
cs_I_BCN010,40.59375_-121.71875,40.59375,-121.71875,0.7246374972605656,0.5339053273200989,2.1150975,1
cs_I_BCN010,40.59375_-121.78125,40.59375,-121.78125,0.7114832509770626,0.5350295901298523,2.7776449,1
cs_I_BCN010,40.59375_-121.84375,40.59375,-121.84375,0.8915986168740317,0.49526625871658325,2.3736691,1
cs_I_BCN010,40.59375_-121.90625,40.59375,-121.90625,1.2392326569696195,0.4294082820415497,1.6216018,1
cs_I_BTL006,40.28125_-121.59375,40.28125,-121.59375,0.8061379714340104,0.44189348816871643,2.3171256,1
cs_I_BTL006,40.34375_-121.53125,40.34375,-121.53125,0.7910085792227244,0.4220118224620819,2.135786,1
cs_I_BTL006,40.34375_-121.59375,40.34375,-121.59375,0.7288672095725482,0.4864497184753418,2.0766041,1
cs_I_BTL006,40.34375_-121.65625,40.34375,-121.65625,0.6805135541041396,0.4963313639163971,2.0420055,1
cs_I_BTL006,40.34375_-121.71875,40.34375,-121.71875,0.6644349921378991,0.48633137345314026,2.104982,1
cs_I_BTL006,40.34375_-121.78125,40.34375,-121.78125,0.9928569911509966,0.3331952691078186,1.2173827,1
cs_I_BTL006,40.34375_-121.84375,40.34375,-121.84375,1.198601082297317,0.31550297141075134,0.9858356,1
cs_I_BTL006,40.34375_-121.90625,40.34375,-121.90625,1.113534300810951,0.36816567182540894,1.2602549,1
cs_I_BTL006,40.34375_-121.96875,40.34375,-121.96875,1.02395450936628,0.4359763264656067,1.657368,1
cs_I_BTL006,40.34375_-122.03125,40.34375,-122.03125,0.8383540067215289,0.37242603302001953,1.0300063,1
cs_I_BTL006,40.40625_-121.53125,40.40625,-121.53125,0.8673030913873021,0.38769230246543884,1.250224,1
cs_I_BTL006,40.40625_-121.59375,40.40625,-121.59375,0.7981758083895439,0.47491124272346497,1.6221937,1
cs_I_BTL006,40.40625_-121.65625,40.40625,-121.65625,0.7290929604669117,0.4858579933643341,1.9788071,1
cs_I_BTL006,40.40625_-121.71875,40.40625,-121.71875,0.6155416593784794,0.4831360876560211,2.0060408,1
cs_I_BTL006,40.40625_-121.78125,40.40625,-121.78125,0.5923990442196131,0.3440236747264862,1.4740286,1
cs_I_BTL006,40.40625_-121.84375,40.40625,-121.84375,1.0980566268685112,0.35029587149620056,1.2008117,1
cs_I_BTL006,40.40625_-121.90625,40.40625,-121.90625,0.9448561194973715,0.36988165974617004,1.0511556,1
cs_I_BTL006,40.40625_-121.96875,40.40625,-121.96875,0.8974948298329822,0.40023669600486755,1.18812,1
cs_I_BTL006,40.40625_-122.03125,40.40625,-122.03125,0.7767868823344026,0.3363313674926758,0.81931573,1
cs_I_BTL006,40.40625_-122.09375,40.40625,-122.09375,0.8144807786339603,0.3555029630661011,0.85712236,1
cs_I_BTL006,40.40625_-122.15625,40.40625,-122.15625,0.8761037826734005,0.35420119762420654,1.0410333,1
cs_I_BTL006,40.46875_-121.53125,40.46875,-121.53125,0.9846664054085814,0.2546153962612152,0.5261976,1
cs_I_BTL006,40.46875_-121.59375,40.46875,-121.59375,0.7731618310093687,0.45982247591018677,1.5604703,1
cs_I_BTL006,40.46875_-121.65625,40.46875,-121.65625,0.6383578933844385,0.4990532398223877,2.1363382,1
cs_I_BTL006,40.46875_-121.71875,40.46875,-121.71875,0.7075723845216306,0.4411242604255676,1.9367594,1
cs_I_BTL006,40.46875_-121.78125,40.46875,-121.78125,0.7085628319615652,0.3870414197444916,1.5963665,1
cs_I_BTL006,40.46875_-121.84375,40.46875,-121.84375,0.8311125115920266,0.44804733991622925,2.0378227,1
cs_I_BTL006,40.46875_-121.90625,40.46875,-121.90625,1.0685170136856992,0.42402365803718567,1.657892,1
cs_I_BTL006,40.46875_-121.96875,40.46875,-121.96875,1.2038029551950378,0.4284023642539978,1.1655874,1
cs_I_BTL006,40.46875_-122.03125,40.46875,-122.03125,1.0082960778236365,0.382781058549881,1.1019155,1
cs_I_BTL006,40.53125_-121.53125,40.53125,-121.53125,0.8586472385759882,0.3342011868953705,1.2017533,1
cs_I_BTL006,40.53125_-121.59375,40.53125,-121.59375,0.7835462904400611,0.49449703097343445,2.1187177,1
cs_I_BTL006,40.53125_-121.65625,40.53125,-121.65625,0.7114314162270644,0.4626627266407013,1.959233,1
cs_I_BTL006,40.53125_-121.71875,40.53125,-121.71875,0.7217221935540938,0.42674556374549866,1.9070222,1
cs_I_BTL006,40.53125_-121.78125,40.53125,-121.78125,0.7099393023768594,0.4344378709793091,2.03753,1
cs_I_BTL006,40.53125_-121.84375,40.53125,-121.84375,0.6478515514099871,0.47999998927116394,2.5733917,1
cs_I_BTL006,40.59375_-121.59375,40.59375,-121.59375,0.8003966974585612,0.46272188425064087,2.0218413,1
cs_I_BTL006,40.59375_-121.65625,40.59375,-121.65625,0.8224649439427538,0.502662718296051,2.0849364,1
cs_I_BTL006,40.59375_-121.71875,40.59375,-121.71875,0.7246374972605656,0.5339053273200989,2.1150975,1
cs_I_BTL006,40.65625_-121.65625,40.65625,-121.65625,0.7969004273572279,0.526627242565155,2.0313487,1
cs_I_BUCKS,39.84375_-121.15625,39.84375,-121.15625,0.6781787914492697,0.4742603600025177,1.6126164,1
cs_I_BUCKS,39.84375_-121.21875,39.84375,-121.21875,0.6905172467107137,0.42562130093574524,1.7082499,1
cs_I_BUCKS,39.90625_-121.09375,39.90625,-121.09375,0.6914220375784383,0.5771597623825073,2.5493257,1
cs_I_BUCKS,39.90625_-121.15625,39.90625,-121.15625,0.6554158223713293,0.45656803250312805,1.6883521,1
cs_I_BUCKS,39.90625_-121.21875,39.90625,-121.21875,0.5602443293122186,0.3985798954963684,1.6615901,1
cs_I_BUCKS,39.96875_-121.15625,39.96875,-121.15625,0.6225983708564177,0.34396448731422424,1.4468153,1
cs_I_BUCKS,39.96875_-121.21875,39.96875,-121.21875,0.5993990745763921,0.33520710468292236,1.2553691,1
cs_I_BVC007,38.21875_-120.21875,38.21875,-120.21875,0.5406036713246104,0.5036094784736633,2.0927463,1
cs_I_BVC007,38.21875_-120.28125,38.21875,-120.28125,0.5403554279561219,0.5099999904632568,2.0104513,1
cs_I_BVC007,38.28125_-120.09375,38.28125,-120.09375,0.5523655079119902,0.4768047332763672,1.5322003,1
cs_I_BVC007,38.28125_-120.15625,38.28125,-120.15625,0.5616752655758205,0.4649704098701477,1.7105151,1
cs_I_BVC007,38.28125_-120.21875,38.28125,-120.21875,0.5476552019355823,0.4918343126773834,2.1338837,1
cs_I_BVC007,38.28125_-120.28125,38.28125,-120.28125,0.5222344456435749,0.48059171438217163,2.5738482,1
cs_I_BVC007,38.34375_-120.03125,38.34375,-120.03125,0.5925560006519607,0.44455620646476746,1.3174696,1
cs_I_BVC007,38.34375_-120.09375,38.34375,-120.09375,0.6012590851262877,0.436923086643219,1.2360071,1
cs_I_BVC007,38.34375_-120.15625,38.34375,-120.15625,0.5617179194790248,0.49857988953590393,1.7625328,1
cs_I_BVC007,38.34375_-120.21875,38.34375,-120.21875,0.5307563006167596,0.45662721991539,1.9717127,1
cs_I_CAPLS,38.65625_-119.96875,38.65625,-119.96875,1.1453058886549297,0.2530769109725952,0.46622092,1
cs_I_CAPLS,38.65625_-120.03125,38.65625,-120.03125,1.0995717771504276,0.24254438281059265,0.40972182,1
cs_I_CAPLS,38.71875_-119.96875,38.71875,-119.96875,1.1686135102146225,0.3150295913219452,0.6815628,1
cs_I_CAPLS,38.71875_-120.03125,38.71875,-120.03125,0.9797536572025638,0.30485206842422485,0.5651826,1
cs_I_CAPLS,38.71875_-120.09375,38.71875,-120.09375,0.7633671784605276,0.30467456579208374,0.7799129,1
cs_I_CFS001,38.34375_-119.65625,38.34375,-119.65625,1.317321331045572,0.17650887370109558,0.2556792,1
cs_I_CFS001,38.34375_-119.71875,38.34375,-119.71875,0.9730314379594449,0.28822484612464905,0.61743975,1
cs_I_CFS001,38.34375_-119.78125,38.34375,-119.78125,0.6987189576993237,0.33426034450531006,0.9117342,1
cs_I_CFS001,38.34375_-119.84375,38.34375,-119.84375,0.618013187258844,0.34627220034599304,1.2004294,1
cs_I_CFS001,38.40625_-119.65625,38.40625,-119.65625,0.9703745421496315,0.23041419684886932,0.4261061,1
cs_I_CFS001,38.40625_-119.71875,38.40625,-119.71875,0.6604425160142542,0.3571597635746002,0.80224824,1
cs_I_CFS001,38.40625_-119.78125,38.40625,-119.78125,0.5799005420316882,0.37627220153808594,1.1737899,1
cs_I_CFS001,38.40625_-119.84375,38.40625,-119.84375,0.6841902150281396,0.36852070689201355,0.9955979,1
cs_I_CFS001,38.46875_-119.65625,38.46875,-119.65625,0.6762083403776483,0.3111834228038788,0.6788131,1
cs_I_CFS001,38.46875_-119.71875,38.46875,-119.71875,0.8529622543582702,0.3300591707229614,0.65579706,1
cs_I_CFS001,38.46875_-119.78125,38.46875,-119.78125,0.990801698357157,0.31165680289268494,0.59377897,1
cs_I_CFS001,38.46875_-119.84375,38.46875,-119.84375,0.8507596971695603,0.3062721788883209,0.56553006,1
cs_I_CMP001,38.65625_-120.53125,38.65625,-120.53125,0.5640607840002404,0.27000001072883606,2.8460708,1
cs_I_CMP001,38.65625_-120.59375,38.65625,-120.59375,0.5824810720301318,0.44999998807907104,1.7359197,1
cs_I_CMP001,38.65625_-120.65625,38.65625,-120.65625,0.627589963540641,0.6200000047683716,1.7617598,1
cs_I_CMP001,38.71875_-120.53125,38.71875,-120.53125,0.5422189998517747,0.30000001192092896,3.061243,1
cs_I_CMP001,38.71875_-120.59375,38.71875,-120.59375,0.5420932559960816,0.4179881513118744,2.5693362,1
cs_I_CMP014,38.65625_-120.21875,38.65625,-120.21875,0.7514184940251011,0.3163905441761017,1.3234475,1
cs_I_CMP014,38.65625_-120.28125,38.65625,-120.28125,0.6305805747247168,0.35982248187065125,1.4363734,1
cs_I_CMP014,38.65625_-120.34375,38.65625,-120.34375,0.5986276025870717,0.4187574088573456,1.9549093,1
cs_I_CMP014,38.65625_-120.40625,38.65625,-120.40625,0.5722297174622349,0.3199999928474426,1.1966437,1
cs_I_CMP014,38.65625_-120.46875,38.65625,-120.46875,0.5683313078907486,0.3499999940395355,2.896878,1
cs_I_CMP014,38.71875_-120.34375,38.71875,-120.34375,0.6649844235928495,0.3796449601650238,1.8983133,1
cs_I_CMP014,38.71875_-120.40625,38.71875,-120.40625,0.5893891832435608,0.3585798740386963,2.1752062,1
cs_I_CMP014,38.71875_-120.46875,38.71875,-120.46875,0.5744375057987421,0.3592899441719055,2.5528839,1
cs_I_CMP014,38.71875_-120.53125,38.71875,-120.53125,0.5422189998517747,0.30000001192092896,3.061243,1
cs_I_COL003,38.53125_-120.09375,38.53125,-120.09375,0.6245060722303986,0.3140828311443329,0.847214,1
cs_I_COL003,38.53125_-120.15625,38.53125,-120.15625,0.6230432128990093,0.3902958631515503,1.0772175,1
cs_I_COL003,38.53125_-120.21875,38.53125,-120.21875,0.56031527128928,0.4017159640789032,1.2282064,1
cs_I_COL003,38.59375_-120.09375,38.59375,-120.09375,0.8085936419336477,0.26573964953422546,0.46721667,1
cs_I_COL003,38.59375_-120.15625,38.59375,-120.15625,0.7477310754012774,0.24887573719024658,0.44766393,1
cs_I_CSM035,38.46875_-120.53125,38.46875,-120.53125,0.5160375833620406,0.44130176305770874,2.62163,1
cs_I_CSM035,38.46875_-120.59375,38.46875,-120.59375,0.5411042480237205,0.6700000166893005,3.34974,1
cs_I_CSM035,38.46875_-120.65625,38.46875,-120.65625,0.5701623800261443,0.5299999713897705,1.9211146,1
cs_I_CSM035,38.46875_-120.78125,38.46875,-120.78125,0.6692159480819839,0.5,1.791042,1
cs_I_CSM035,38.46875_-120.84375,38.46875,-120.84375,0.7064023018347219,0.4000000059604645,1.3450874,1
cs_I_CSM035,38.46875_-120.90625,38.46875,-120.90625,0.6429093227589987,0.30000001192092896,1.0941076,1
cs_I_CSM035,38.46875_-120.96875,38.46875,-120.96875,0.595798078874385,0.3499999940395355,1.2767222,1
cs_I_CSM035,38.46875_-121.03125,38.46875,-121.03125,0.6374607551180171,0.36000001430511475,1.3468994,1
cs_I_CSM035,38.53125_-120.28125,38.53125,-120.28125,0.5590347295650833,0.4345562160015106,1.4052664,1
cs_I_CSM035,38.53125_-120.34375,38.53125,-120.34375,0.548516478347913,0.5142603516578674,2.097227,1
cs_I_CSM035,38.53125_-120.40625,38.53125,-120.40625,0.5370259955803219,0.5237869620323181,2.497622,1
cs_I_CSM035,38.53125_-120.46875,38.53125,-120.46875,0.5326318732805926,0.5042011737823486,2.8218453,1
cs_I_CSM035,38.53125_-120.53125,38.53125,-120.53125,0.5272516775826542,0.5265088677406311,2.8666446,1
cs_I_CSM035,38.53125_-120.59375,38.53125,-120.59375,0.5503236187533265,0.7300000190734863,2.807659,1
cs_I_CSM035,38.53125_-120.65625,38.53125,-120.65625,0.5554756501188325,0.5400000214576721,2.7632303,1
cs_I_CSM035,38.53125_-120.71875,38.53125,-120.71875,0.7321568070740996,0.5099999904632568,1.7169845,1
cs_I_CSM035,38.53125_-120.78125,38.53125,-120.78125,0.5550052372704047,0.4399999976158142,1.3464438,1
cs_I_CSM035,38.53125_-120.84375,38.53125,-120.84375,0.737336038575975,0.46000000834465027,1.4971057,1
cs_I_CSM035,38.53125_-120.90625,38.53125,-120.90625,0.6502795520117208,0.5099999904632568,1.327054,1
cs_I_CSM035,38.53125_-120.96875,38.53125,-120.96875,0.6391290063204415,0.5299999713897705,1.1876516,1
cs_I_CSM035,38.53125_-121.03125,38.53125,-121.03125,0.5853353947190736,0.41999998688697815,1.1338762,1
cs_I_CSM035,38.59375_-120.21875,38.59375,-120.21875,0.6772174864741356,0.3766863942146301,0.99213415,1
cs_I_CSM035,38.59375_-120.28125,38.59375,-120.28125,0.5751410288673902,0.4530177414417267,1.5698949,1
cs_I_CSM035,38.59375_-120.34375,38.59375,-120.34375,0.5604939991015526,0.5600000023841858,2.2769084,1
cs_I_CSM035,38.59375_-120.40625,38.59375,-120.40625,0.5401016315575347,0.4099999964237213,2.5469677,1
cs_I_CSM035,38.59375_-120.46875,38.59375,-120.46875,0.5562830323872974,0.38999998569488525,2.8790286,1
cs_I_CSM035,38.59375_-120.53125,38.59375,-120.53125,0.5585885318701261,0.3799999952316284,3.1125698,1
cs_I_CSM035,38.59375_-120.59375,38.59375,-120.59375,0.5796606431073856,0.38999998569488525,2.719952,1
cs_I_CSM035,38.59375_-120.65625,38.59375,-120.65625,0.5810176873355822,0.0,1.4565234,1
cs_I_CSM035,38.59375_-120.71875,38.59375,-120.71875,0.6125267079040644,0.46000000834465027,1.495845,1
cs_I_CSM035,38.59375_-120.78125,38.59375,-120.78125,0.7326561749667331,0.3400000035762787,1.556376,1
cs_I_CSM035,38.59375_-120.84375,38.59375,-120.84375,0.6733245549851627,0.0,1.3789599,1
cs_I_CSM035,38.59375_-120.90625,38.59375,-120.90625,0.6394178510681845,0.49000000953674316,1.4132644,1
cs_I_CSM035,38.59375_-120.96875,38.59375,-120.96875,0.645853607928875,0.41999998688697815,1.4070979,1
cs_I_CSM035,38.59375_-121.03125,38.59375,-121.03125,0.6576436339103883,0.36000001430511475,1.1641128,1
cs_I_CSM035,38.65625_-120.21875,38.65625,-120.21875,0.7514184940251011,0.3163905441761017,1.3234475,1
cs_I_CSM035,38.65625_-120.28125,38.65625,-120.28125,0.6305805747247168,0.35982248187065125,1.4363734,1
cs_I_CSM035,38.65625_-120.34375,38.65625,-120.34375,0.5986276025870717,0.4187574088573456,1.9549093,1
cs_I_CSM035,38.65625_-120.40625,38.65625,-120.40625,0.5722297174622349,0.3199999928474426,1.1966437,1
cs_I_CSM035,38.65625_-120.46875,38.65625,-120.46875,0.5683313078907486,0.3499999940395355,2.896878,1
cs_I_CSM035,38.65625_-120.53125,38.65625,-120.53125,0.5640607840002404,0.27000001072883606,2.8460708,1
cs_I_CSM035,38.65625_-120.59375,38.65625,-120.59375,0.5824810720301318,0.44999998807907104,1.7359197,1
cs_I_CSM035,38.65625_-120.65625,38.65625,-120.65625,0.627589963540641,0.6200000047683716,1.7617598,1
cs_I_CSM035,38.65625_-120.71875,38.65625,-120.71875,0.5928254067544062,0.39946746826171875,1.6812677,1
cs_I_CSM035,38.65625_-120.78125,38.65625,-120.78125,0.6155823806979359,0.4218343198299408,1.7828407,1
cs_I_CSM035,38.65625_-120.84375,38.65625,-120.84375,0.7672741248420395,0.39331361651420593,1.4098833,1
cs_I_CSM035,38.65625_-120.90625,38.65625,-120.90625,0.7257099896967794,0.3917751610279083,1.4101399,1
cs_I_CSM035,38.65625_-120.96875,38.65625,-120.96875,0.8054892496705275,0.2862130105495453,1.2389095,1
cs_I_CSM035,38.71875_-120.46875,38.71875,-120.46875,0.5744375057987421,0.3592899441719055,2.5528839,1
cs_I_CSM035,38.71875_-120.53125,38.71875,-120.53125,0.5422189998517747,0.30000001192092896,3.061243,1
cs_I_CSM035,38.71875_-120.59375,38.71875,-120.59375,0.5420932559960816,0.4179881513118744,2.5693362,1
cs_I_CSM035,38.71875_-120.65625,38.71875,-120.65625,0.5603470969234311,0.4098816514015198,1.8365463,1
cs_I_CSM035,38.71875_-120.71875,38.71875,-120.71875,0.5775387762152755,0.40295857191085815,1.8992176,1
cs_I_CSM035,38.71875_-120.78125,38.71875,-120.78125,0.5942943325770539,0.3322485089302063,1.645333,1
cs_I_CSM035,38.71875_-120.84375,38.71875,-120.84375,0.7239005536516909,0.2931360900402069,1.4325713,1
cs_I_CWD018,40.15625_-122.96875,40.15625,-122.96875,0.6051720184335512,0.345976322889328,1.3431572,1
cs_I_CWD018,40.21875_-122.90625,40.21875,-122.90625,0.6576777818233515,0.33639052510261536,1.6641536,1
cs_I_CWD018,40.21875_-122.96875,40.21875,-122.96875,0.5750171496230585,0.3879881799221039,1.8683318,1
cs_I_CWD018,40.28125_-122.71875,40.28125,-122.71875,1.086649887323727,0.352544367313385,0.78086525,1
cs_I_CWD018,40.28125_-122.90625,40.28125,-122.90625,0.7261183231989552,0.33331361413002014,1.5465139,1
cs_I_CWD018,40.28125_-122.96875,40.28125,-122.96875,0.7101242860954375,0.31106507778167725,1.6045264,1
cs_I_CWD018,40.28125_-123.03125,40.28125,-123.03125,0.6351160869141228,0.3614201247692108,1.807712,1
cs_I_CWD018,40.28125_-123.09375,40.28125,-123.09375,0.6386466183917938,0.3506508767604828,2.1811967,1
cs_I_CWD018,40.34375_-122.46875,40.34375,-122.46875,0.8069893467580014,0.4071597754955292,1.0773666,1
cs_I_CWD018,40.34375_-122.53125,40.34375,-122.53125,0.7506062827865305,0.424911230802536,1.0003452,1
cs_I_CWD018,40.34375_-122.59375,40.34375,-122.59375,0.8375551391159934,0.3860355019569397,0.95132846,1
cs_I_CWD018,40.34375_-122.65625,40.34375,-122.65625,1.0904005564722556,0.39213016629219055,0.83295494,1
cs_I_CWD018,40.34375_-122.71875,40.34375,-122.71875,1.0064726160413096,0.37976330518722534,0.8112369,1
cs_I_CWD018,40.34375_-122.78125,40.34375,-122.78125,0.8513221876786843,0.4034319519996643,0.79108083,1
cs_I_CWD018,40.34375_-122.84375,40.34375,-122.84375,0.7590456017254785,0.3823668658733368,1.0276116,1
cs_I_CWD018,40.34375_-122.90625,40.34375,-122.90625,0.8162436478481818,0.4082840383052826,1.5124542,1
cs_I_CWD018,40.34375_-122.96875,40.34375,-122.96875,0.8488928766648602,0.40816569328308105,1.9828988,1
cs_I_CWD018,40.34375_-123.03125,40.34375,-123.03125,0.6479058473158449,0.4072781205177307,2.4403543,1
cs_I_CWD018,40.34375_-123.09375,40.34375,-123.09375,0.7384208693274809,0.32029587030410767,1.7108556,1
cs_I_CWD018,40.40625_-122.46875,40.40625,-122.46875,0.8066349573374156,0.39810651540756226,1.1331892,1
cs_I_CWD018,40.40625_-122.53125,40.40625,-122.53125,0.8575608804935524,0.406686395406723,1.1051108,1
cs_I_CWD018,40.40625_-122.59375,40.40625,-122.59375,1.0505160485316243,0.39715975522994995,0.8916584,1
cs_I_CWD018,40.40625_-122.65625,40.40625,-122.65625,1.081962363760062,0.373786985874176,0.79124904,1
cs_I_CWD018,40.40625_-122.71875,40.40625,-122.71875,0.974211932768996,0.35420119762420654,0.9485379,1
cs_I_CWD018,40.40625_-122.78125,40.40625,-122.78125,0.8795266707829392,0.3879881799221039,0.96965396,1
cs_I_CWD018,40.40625_-122.84375,40.40625,-122.84375,0.7471445869522945,0.4602958559989929,1.5369304,1
cs_I_CWD018,40.40625_-122.90625,40.40625,-122.90625,0.7376128939400933,0.47899407148361206,1.9724323,1
cs_I_CWD018,40.40625_-122.96875,40.40625,-122.96875,0.647913428170119,0.46431952714920044,2.1677692,1
cs_I_CWD018,40.40625_-123.03125,40.40625,-123.03125,0.6009988601940411,0.47260355949401855,2.5146024,1
cs_I_CWD018,40.46875_-122.53125,40.46875,-122.53125,0.8922277633016444,0.34396448731422424,0.99357015,1
cs_I_CWD018,40.46875_-122.59375,40.46875,-122.59375,0.9773260172168226,0.3592899441719055,1.1595842,1
cs_I_CWD018,40.46875_-122.65625,40.46875,-122.65625,1.1274579802212807,0.3780473470687866,1.2301736,1
cs_I_CWD018,40.46875_-122.71875,40.46875,-122.71875,0.9178677684572011,0.4411242604255676,1.9818971,1
cs_I_CWD018,40.46875_-122.78125,40.46875,-122.78125,0.7046794366077245,0.44242602586746216,1.932545,1
cs_I_CWD018,40.46875_-122.84375,40.46875,-122.84375,0.631233718691046,0.48443788290023804,2.1847222,1
cs_I_CWD018,40.46875_-122.90625,40.46875,-122.90625,0.6563116869259648,0.48674556612968445,2.3725216,1
cs_I_CWD018,40.53125_-122.59375,40.53125,-122.59375,0.997290019818588,0.35958579182624817,1.6120465,1
cs_I_CWD018,40.53125_-122.65625,40.53125,-122.65625,0.8269590181303885,0.3628402352333069,1.4970247,1
cs_I_CWD018,40.53125_-122.71875,40.53125,-122.71875,0.6581003295859615,0.4382248520851135,1.8370064,1
cs_I_CWD018,40.53125_-122.78125,40.53125,-122.78125,0.6527980598603488,0.5167455673217773,2.2475579,1
cs_I_CWD018,40.53125_-122.84375,40.53125,-122.84375,0.667016687932793,0.5828402638435364,2.7198322,1
cs_I_CWD018,40.59375_-122.59375,40.59375,-122.59375,0.7491442435093543,0.36680471897125244,2.169838,1
cs_I_CWD018,40.59375_-122.65625,40.59375,-122.65625,0.5759376364362232,0.3682248592376709,1.68232,1
cs_I_CWD018,40.59375_-122.71875,40.59375,-122.71875,0.611867290979808,0.4103550314903259,1.8765676,1
cs_I_DAVIS,39.84375_-120.46875,39.84375,-120.46875,0.8483053306047155,0.38266271352767944,1.2528707,1
cs_I_DAVIS,39.84375_-120.53125,39.84375,-120.53125,0.7862305970747401,0.4173964560031891,1.5839276,1
cs_I_DAVIS,39.84375_-120.59375,39.84375,-120.59375,0.7066875192511618,0.4610650837421417,1.6948426,1
cs_I_DAVIS,39.90625_-120.46875,39.90625,-120.46875,0.7684005452625668,0.3161538541316986,1.1020137,1
cs_I_DAVIS,39.90625_-120.53125,39.90625,-120.53125,0.9705904743849587,0.3260354995727539,1.1072385,1
cs_I_DAVIS,39.90625_-120.59375,39.90625,-120.59375,0.9768994326191724,0.4206508994102478,1.4226129,1
cs_I_DAVIS,39.90625_-120.65625,39.90625,-120.65625,0.9068865305090128,0.44473373889923096,1.6827377,1
cs_I_DAVIS,39.96875_-120.46875,39.96875,-120.46875,1.4795600828712603,0.31260356307029724,0.77770895,1
cs_I_DAVIS,39.96875_-120.53125,39.96875,-120.53125,1.3532037856431214,0.28106507658958435,1.055609,1
cs_I_DAVIS,39.96875_-120.59375,39.96875,-120.59375,0.9817287874438478,0.31284022331237793,1.4088316,1
cs_I_DAVIS,39.96875_-120.65625,39.96875,-120.65625,0.8747122461166006,0.3314792811870575,1.5329056,1
cs_I_DCC010,39.15625_-120.40625,39.15625,-120.40625,0.6314786736910938,0.4665680527687073,1.616243,1
cs_I_DCC010,39.15625_-120.46875,39.15625,-120.46875,0.5876191166128001,0.45384615659713745,1.2896234,1
cs_I_DCC010,39.15625_-120.53125,39.15625,-120.53125,0.5677146881580817,0.3969230651855469,1.2545791,1
cs_I_DCC010,39.21875_-120.40625,39.21875,-120.40625,0.5791951049285895,0.4005917012691498,1.2237217,1
cs_I_DCM027,37.53125_-120.28125,37.53125,-120.28125,0.6100449005354935,0.4086982309818268,0.8195237,1
cs_I_DCM027,37.53125_-120.34375,37.53125,-120.34375,0.5755063931057282,0.3837278187274933,0.9537962,1
cs_I_DCM027,37.59375_-120.28125,37.59375,-120.28125,0.8400613726059357,0.31455621123313904,0.78445,1
cs_I_DCM027,37.59375_-120.34375,37.59375,-120.34375,0.5587130486331283,0.41999998688697815,0.83719414,1
cs_I_DCM027,37.59375_-120.40625,37.59375,-120.40625,0.5358732242817204,0.4000000059604645,0.8259309,1
cs_I_DCM027,37.59375_-120.46875,37.59375,-120.46875,0.5367315643172219,0.6100000143051147,0.98025507,1
cs_I_DCM027,37.65625_-120.28125,37.65625,-120.28125,0.7171158464939712,0.31917160749435425,0.87691545,1
cs_I_DCM027,37.65625_-120.34375,37.65625,-120.34375,0.6098827315264412,0.32366862893104553,0.7653781,1
cs_I_DCM027,37.65625_-120.40625,37.65625,-120.40625,0.562600908493001,0.41532543301582336,0.815691,1
cs_I_DCM027,37.65625_-120.46875,37.65625,-120.46875,0.5898878363044071,0.39384615421295166,0.89072436,1
cs_I_DEE023,38.53125_-120.96875,38.53125,-120.96875,0.6391290063204415,0.5299999713897705,1.1876516,1
cs_I_DEE023,38.53125_-121.03125,38.53125,-121.03125,0.5853353947190736,0.41999998688697815,1.1338762,1
cs_I_DEE023,38.53125_-121.09375,38.53125,-121.09375,0.6386039462522226,0.4699999988079071,0.88344014,1
cs_I_DEE023,38.53125_-121.15625,38.53125,-121.15625,0.575631781580269,0.4699999988079071,0.7203754,1
cs_I_DEE023,38.59375_-120.96875,38.59375,-120.96875,0.645853607928875,0.41999998688697815,1.4070979,1
cs_I_DEE023,38.59375_-121.03125,38.59375,-121.03125,0.6576436339103883,0.36000001430511475,1.1641128,1
cs_I_DEE023,38.59375_-121.09375,38.59375,-121.09375,0.5596234936303962,0.4000000059604645,0.7178729,1
cs_I_DEE023,38.59375_-121.15625,38.59375,-121.15625,0.5862972501117676,0.49000000953674316,0.5101472,1
cs_I_DEE023,38.65625_-120.90625,38.65625,-120.90625,0.7257099896967794,0.3917751610279083,1.4101399,1
cs_I_DEE023,38.65625_-120.96875,38.65625,-120.96875,0.8054892496705275,0.2862130105495453,1.2389095,1
cs_I_DEE023,38.65625_-121.03125,38.65625,-121.03125,0.8637879086225555,0.26869821548461914,0.9411888,1
cs_I_DEE023,38.65625_-121.09375,38.65625,-121.09375,0.8028528811382785,0.12686391174793243,0.71698165,1
cs_I_DEE023,38.71875_-120.96875,38.71875,-120.96875,0.8093367315014768,0.3546745479106903,1.25458,1
cs_I_DEE023,38.71875_-121.03125,38.71875,-121.03125,0.7861626230717602,0.3473372757434845,1.1699876,1
cs_I_DRC012,40.03125_-121.65625,40.03125,-121.65625,0.7538784763640858,0.3499999940395355,2.4346328,1
cs_I_DRC012,40.03125_-121.71875,40.03125,-121.71875,0.7792052440176886,0.0,1.838307,1
cs_I_DRC012,40.03125_-121.78125,40.03125,-121.78125,0.9337321737456887,0.550000011920929,1.0917729,1
cs_I_DRC012,40.03125_-121.84375,40.03125,-121.84375,0.9227907559782125,0.25,1.472344,1
cs_I_DRC012,40.03125_-121.90625,40.03125,-121.90625,0.9038338788763698,0.550000011920929,0.95753807,1
cs_I_DRC012,40.03125_-121.96875,40.03125,-121.96875,0.8226265459212989,0.3199999928474426,0.7716739,1
cs_I_DRC012,40.09375_-121.59375,40.09375,-121.59375,0.6794449778793603,0.550000011920929,2.5894017,1
cs_I_DRC012,40.09375_-121.65625,40.09375,-121.65625,0.8491361377373378,0.3499999940395355,2.0913405,1
cs_I_DRC012,40.09375_-121.71875,40.09375,-121.71875,0.9702404535154335,0.25,0.9307453,1
cs_I_DRC012,40.09375_-121.78125,40.09375,-121.78125,0.9249815325769073,0.15000000596046448,0.8896491,1
cs_I_DRC012,40.15625_-121.40625,40.15625,-121.40625,0.8429002424557392,0.41207101941108704,1.696838,1
cs_I_DRC012,40.15625_-121.46875,40.15625,-121.46875,0.7041963338948347,0.5083432197570801,1.7653161,1
cs_I_DRC012,40.15625_-121.53125,40.15625,-121.53125,0.6692191503559093,0.6100000143051147,1.9575039,1
cs_I_DRC012,40.15625_-121.59375,40.15625,-121.59375,0.7134804617302717,0.6499999761581421,1.6997585,1
cs_I_DRC012,40.15625_-121.65625,40.15625,-121.65625,0.7417166896789112,0.25,2.113266,1
cs_I_DRC012,40.15625_-121.71875,40.15625,-121.71875,0.9218792987305824,0.44999998807907104,1.316618,1
cs_I_DRC012,40.21875_-121.34375,40.21875,-121.34375,0.8980685601505691,0.3759763240814209,1.9994721,1
cs_I_DRC012,40.21875_-121.40625,40.21875,-121.40625,0.8373120807908851,0.43680474162101746,1.9009789,1
cs_I_DRC012,40.21875_-121.46875,40.21875,-121.46875,0.6304635736975159,0.4856804609298706,1.8002034,1
cs_I_DRC012,40.21875_-121.53125,40.21875,-121.53125,0.7911740388652438,0.47999998927116394,1.4808738,1
cs_I_DRC012,40.21875_-121.59375,40.21875,-121.59375,0.6390779764072892,0.550000011920929,2.0997972,1
cs_I_DRC012,40.21875_-121.65625,40.21875,-121.65625,0.644523420555889,0.15000000596046448,1.6602377,1
cs_I_DRC012,40.28125_-121.34375,40.28125,-121.34375,1.19078031744334,0.3708875775337219,1.7792902,1
cs_I_DRC012,40.28125_-121.40625,40.28125,-121.40625,0.932771101874868,0.44999998807907104,1.6853044,1
cs_I_DRC012,40.28125_-121.46875,40.28125,-121.46875,0.7050871921129813,0.33000001311302185,1.6372538,1
cs_I_DRC012,40.28125_-121.53125,40.28125,-121.53125,0.8143171661634536,0.25,1.1991024,1
cs_I_DRC012,40.34375_-121.34375,40.34375,-121.34375,1.0958233317158181,0.39325442910194397,1.4649745,1
cs_I_DRC012,40.34375_-121.40625,40.34375,-121.40625,1.1410462116885842,0.37899407744407654,1.3620818,1
cs_I_DRC012,40.34375_-121.46875,40.34375,-121.46875,0.894656622796149,0.3870414197444916,1.5604098,1
cs_I_DRC012,40.34375_-121.53125,40.34375,-121.53125,0.7910085792227244,0.4220118224620819,2.135786,1
cs_I_EBF001,39.84375_-120.34375,39.84375,-120.34375,1.3765923471971693,0.2958579957485199,0.59062386,1
cs_I_EBF001,39.84375_-120.40625,39.84375,-120.40625,1.0096280562702193,0.3334319591522217,0.9269353,1
cs_I_EBF001,39.84375_-120.46875,39.84375,-120.46875,0.8483053306047155,0.38266271352767944,1.2528707,1
cs_I_EBF001,39.84375_-120.78125,39.84375,-120.78125,0.6069745211644763,0.48272189497947693,2.078257,1
cs_I_EBF001,39.84375_-120.96875,39.84375,-120.96875,0.6159912801171178,0.3769822418689728,1.742593,1
cs_I_EBF001,39.84375_-121.03125,39.84375,-121.03125,0.6032870259288147,0.4923076927661896,2.235313,1
cs_I_EBF001,39.84375_-121.09375,39.84375,-121.09375,0.6177189169083286,0.5093491077423096,2.297218,1
cs_I_EBF001,39.84375_-121.15625,39.84375,-121.15625,0.6781787914492697,0.4742603600025177,1.6126164,1
cs_I_EBF001,39.90625_-120.28125,39.90625,-120.28125,1.1596380711264227,0.3330177366733551,1.0241603,1
cs_I_EBF001,39.90625_-120.34375,39.90625,-120.34375,0.9738951893195114,0.3478698134422302,0.9027522,1
cs_I_EBF001,39.90625_-120.40625,39.90625,-120.40625,1.1499335956420629,0.36964496970176697,1.0073985,1
cs_I_EBF001,39.90625_-120.46875,39.90625,-120.46875,0.7684005452625668,0.3161538541316986,1.1020137,1
cs_I_EBF001,39.90625_-120.65625,39.90625,-120.65625,0.9068865305090128,0.44473373889923096,1.6827377,1
cs_I_EBF001,39.90625_-120.71875,39.90625,-120.71875,0.8359525296390962,0.4388757348060608,1.9210125,1
cs_I_EBF001,39.90625_-120.78125,39.90625,-120.78125,0.7474527161510456,0.4322485327720642,2.0351908,1
cs_I_EBF001,39.90625_-120.84375,39.90625,-120.84375,0.6417716252310737,0.38130176067352295,2.1047163,1
cs_I_EBF001,39.90625_-120.90625,39.90625,-120.90625,0.6308348586334991,0.4092307686805725,2.1460447,1
cs_I_EBF001,39.90625_-120.96875,39.90625,-120.96875,0.6935118909272316,0.4864497184753418,2.2032478,1
cs_I_EBF001,39.90625_-121.03125,39.90625,-121.03125,0.6996089294652125,0.5903550386428833,2.5544384,1
cs_I_EBF001,39.90625_-121.09375,39.90625,-121.09375,0.6914220375784383,0.5771597623825073,2.5493257,1
cs_I_EBF001,39.90625_-121.15625,39.90625,-121.15625,0.6554158223713293,0.45656803250312805,1.6883521,1
cs_I_EBF001,39.96875_-120.28125,39.96875,-120.28125,1.0390172053572304,0.2724851965904236,1.0252956,1
cs_I_EBF001,39.96875_-120.34375,39.96875,-120.34375,1.328106483869254,0.2688165605068207,0.9196309,1
cs_I_EBF001,39.96875_-120.40625,39.96875,-120.40625,1.4798852313372497,0.2852070927619934,0.6626876,1
cs_I_EBF001,39.96875_-120.46875,39.96875,-120.46875,1.4795600828712603,0.31260356307029724,0.77770895,1
cs_I_EBF001,39.96875_-120.53125,39.96875,-120.53125,1.3532037856431214,0.28106507658958435,1.055609,1
cs_I_EBF001,39.96875_-120.59375,39.96875,-120.59375,0.9817287874438478,0.31284022331237793,1.4088316,1
cs_I_EBF001,39.96875_-120.65625,39.96875,-120.65625,0.8747122461166006,0.3314792811870575,1.5329056,1
cs_I_EBF001,39.96875_-120.71875,39.96875,-120.71875,0.7000444961975477,0.34822484850883484,1.8304489,1
cs_I_EBF001,39.96875_-120.78125,39.96875,-120.78125,0.815920119092999,0.4057396352291107,1.7260952,1
cs_I_EBF001,39.96875_-120.84375,39.96875,-120.84375,0.9218183855614355,0.4224260449409485,2.0898097,1
cs_I_EBF001,39.96875_-120.90625,39.96875,-120.90625,0.7315862496239822,0.38958579301834106,1.4158301,1
cs_I_EBF001,39.96875_-120.96875,39.96875,-120.96875,0.7857957118140931,0.45189347863197327,1.8984499,1
cs_I_EBF001,39.96875_-121.03125,39.96875,-121.03125,0.7101226826673521,0.49337276816368103,2.3103168,1
cs_I_EBF001,39.96875_-121.09375,39.96875,-121.09375,0.788453753930946,0.3719526529312134,1.9140528,1
cs_I_EBF001,39.96875_-121.15625,39.96875,-121.15625,0.6225983708564177,0.34396448731422424,1.4468153,1
cs_I_EBF001,39.96875_-121.21875,39.96875,-121.21875,0.5993990745763921,0.33520710468292236,1.2553691,1
cs_I_EBF001,40.03125_-120.21875,40.03125,-120.21875,1.5524806544939247,0.2813017666339874,0.5935017,1
cs_I_EBF001,40.03125_-120.28125,40.03125,-120.28125,1.2864297335765718,0.29964497685432434,1.0100427,1
cs_I_EBF001,40.03125_-120.34375,40.03125,-120.34375,1.1662900850851965,0.29319527745246887,1.0102491,1
cs_I_EBF001,40.03125_-120.40625,40.03125,-120.40625,1.4467319066077624,0.2767455577850342,0.8595968,1
cs_I_EBF001,40.03125_-120.46875,40.03125,-120.46875,1.4534144090656107,0.2807692289352417,0.78258425,1
cs_I_EBF001,40.03125_-120.53125,40.03125,-120.53125,1.4895866086623712,0.2605917155742645,0.84410006,1
cs_I_EBF001,40.03125_-120.59375,40.03125,-120.59375,0.7536148869769024,0.3276331424713135,1.604618,1
cs_I_EBF001,40.03125_-120.65625,40.03125,-120.65625,0.6295432819628979,0.3792307674884796,1.8126316,1
cs_I_EBF001,40.03125_-120.71875,40.03125,-120.71875,0.6154119704187401,0.364556223154068,1.805088,1
cs_I_EBF001,40.03125_-120.78125,40.03125,-120.78125,0.5774579893808034,0.3879289925098419,2.0225163,1
cs_I_EBF001,40.03125_-120.84375,40.03125,-120.84375,0.7554126860925148,0.41479289531707764,2.131994,1
cs_I_EBF001,40.03125_-120.90625,40.03125,-120.90625,0.6519319104432916,0.31568047404289246,1.8001492,1
cs_I_EBF001,40.03125_-120.96875,40.03125,-120.96875,0.6475503582235739,0.33893489837646484,2.2268238,1
cs_I_EBF001,40.03125_-121.03125,40.03125,-121.03125,0.6404454418169148,0.28976330161094666,2.2116687,1
cs_I_EBF001,40.03125_-121.09375,40.03125,-121.09375,0.6270230605540112,0.32420119643211365,2.1315734,1
cs_I_EBF001,40.03125_-121.15625,40.03125,-121.15625,0.6610673456513017,0.31899407505989075,1.3357549,1
cs_I_EBF001,40.03125_-121.21875,40.03125,-121.21875,0.6729238106723963,0.2827219069004059,1.386445,1
cs_I_EBF001,40.09375_-120.21875,40.09375,-120.21875,1.4872109687468344,0.2784615457057953,0.46113077,1
cs_I_EBF001,40.09375_-120.28125,40.09375,-120.28125,1.4724022545313664,0.2767455577850342,0.5332256,1
cs_I_EBF001,40.09375_-120.34375,40.09375,-120.34375,1.458791664673749,0.32437869906425476,0.7870964,1
cs_I_EBF001,40.09375_-120.40625,40.09375,-120.40625,1.3945661136507606,0.33585798740386963,0.91434824,1
cs_I_EBF001,40.09375_-120.46875,40.09375,-120.46875,1.445990301316755,0.30331361293792725,0.74122155,1
cs_I_EBF001,40.09375_-120.53125,40.09375,-120.53125,1.4052882918002059,0.33674556016921997,0.91466635,1
cs_I_EBF001,40.09375_-120.59375,40.09375,-120.59375,0.8524063232430396,0.3572189211845398,1.1123009,1
cs_I_EBF001,40.09375_-120.65625,40.09375,-120.65625,0.6443318116912259,0.3647337257862091,1.5583622,1
cs_I_EBF001,40.09375_-120.71875,40.09375,-120.71875,0.6542942321275305,0.36307692527770996,1.857526,1
cs_I_EBF001,40.09375_-120.78125,40.09375,-120.78125,0.6406977297259949,0.3950887620449066,2.0475123,1
cs_I_EBF001,40.09375_-120.84375,40.09375,-120.84375,0.838811179850826,0.5042603611946106,1.7991056,1
cs_I_EBF001,40.09375_-120.90625,40.09375,-120.90625,0.721000201835376,0.4797041416168213,1.9517993,1
cs_I_EBF001,40.09375_-120.96875,40.09375,-120.96875,0.6027837738584021,0.37970414757728577,2.3364427,1
cs_I_EBF001,40.09375_-121.03125,40.09375,-121.03125,0.6769542043636576,0.34704142808914185,2.1284072,1
cs_I_EBF001,40.09375_-121.09375,40.09375,-121.09375,0.6171213630561353,0.34372779726982117,1.7490218,1
cs_I_EBF001,40.09375_-121.15625,40.09375,-121.15625,0.6038423478471613,0.3488757312297821,1.8095527,1
cs_I_EBF001,40.15625_-120.34375,40.15625,-120.34375,1.2297399071477213,0.3218343257904053,0.62996954,1
cs_I_EBF001,40.15625_-120.40625,40.15625,-120.40625,1.291566175150618,0.34023669362068176,0.816401,1
cs_I_EBF001,40.15625_-120.46875,40.15625,-120.46875,1.537746416011069,0.27721893787384033,0.5961877,1
cs_I_EBF001,40.15625_-120.53125,40.15625,-120.53125,1.1596215550801081,0.34319525957107544,0.9135479,1
cs_I_EBF001,40.15625_-120.59375,40.15625,-120.59375,0.6548154553370662,0.3194674551486969,1.0255907,1
cs_I_EBF001,40.15625_-120.65625,40.15625,-120.65625,0.7077014412802355,0.36562129855155945,1.4456645,1
cs_I_EBF001,40.15625_-120.71875,40.15625,-120.71875,0.8036606044684,0.36230769753456116,1.3223213,1
cs_I_EBF001,40.15625_-120.78125,40.15625,-120.78125,0.6011924932105306,0.37183430790901184,1.4496897,1
cs_I_EBF001,40.15625_-120.84375,40.15625,-120.84375,0.6551923113102648,0.40183430910110474,1.7111775,1
cs_I_EBF001,40.15625_-120.90625,40.15625,-120.90625,0.7760092632844948,0.39597633481025696,1.5217236,1
cs_I_EBF001,40.15625_-120.96875,40.15625,-120.96875,0.7499054202318064,0.32076922059059143,2.013843,1
cs_I_EBF001,40.15625_-121.03125,40.15625,-121.03125,0.7645108288438212,0.33698225021362305,2.0879776,1
cs_I_EBF001,40.15625_-121.09375,40.15625,-121.09375,0.6072693060676004,0.29940828680992126,1.7035335,1
cs_I_EBF001,40.21875_-120.46875,40.21875,-120.46875,0.9664830326505651,0.28355029225349426,0.9180403,1
cs_I_EBF001,40.21875_-120.53125,40.21875,-120.53125,1.1962495473434689,0.33177515864372253,1.2655109,1
cs_I_EBF001,40.21875_-120.65625,40.21875,-120.65625,0.8605645464549552,0.3457988202571869,1.0774771,1
cs_I_EBF001,40.21875_-120.71875,40.21875,-120.71875,0.7694531459851729,0.3400000035762787,1.248636,1
cs_I_EBF001,40.21875_-120.78125,40.21875,-120.78125,0.6642320908552195,0.3205917179584503,1.3236654,1
cs_I_EBF001,40.21875_-120.84375,40.21875,-120.84375,0.9106509751210211,0.32384616136550903,1.4153346,1
cs_I_EBF001,40.21875_-120.90625,40.21875,-120.90625,0.9514523354441917,0.3499999940395355,1.6249863,1
cs_I_EBF001,40.21875_-120.96875,40.21875,-120.96875,0.780305975426478,0.3443787097930908,1.6659867,1
cs_I_EBF001,40.21875_-121.03125,40.21875,-121.03125,0.8705585669980342,0.3901183307170868,2.0195127,1
cs_I_EBF001,40.21875_-121.09375,40.21875,-121.09375,0.7200373747647739,0.13881656527519226,1.6877795,1
cs_I_EBF001,40.28125_-120.53125,40.28125,-120.53125,0.6933323148659314,0.3475739657878876,1.1949195,1
cs_I_EBF001,40.28125_-120.71875,40.28125,-120.71875,1.1362883516764688,0.3484615385532379,1.0930761,1
cs_I_EBF001,40.28125_-120.78125,40.28125,-120.78125,0.7544205601188362,0.3670414090156555,1.5274699,1
cs_I_EBF001,40.28125_-120.84375,40.28125,-120.84375,0.8876649266701206,0.3600591719150543,1.5244888,1
cs_I_EBF001,40.34375_-120.71875,40.34375,-120.71875,0.8675351668807743,0.31337279081344604,1.3622596,1
cs_I_EBF001,40.34375_-120.78125,40.34375,-120.78125,1.2035707069742254,0.3264496922492981,1.4616911,1
cs_I_ELD027,39.90625_-122.65625,39.90625,-122.65625,0.6219415775721373,0.27000001072883606,1.1971227,1
cs_I_ELD027,39.90625_-122.71875,39.90625,-122.71875,0.6029862571470169,0.2800000011920929,2.163211,1
cs_I_ELD027,39.96875_-122.53125,39.96875,-122.53125,0.909660687798882,0.49000000953674316,0.794564,1
cs_I_ELD027,39.96875_-122.59375,39.96875,-122.59375,0.9572415499676351,0.4000000059604645,0.8063582,1
cs_I_ELD027,39.96875_-122.65625,39.96875,-122.65625,0.5652227786924794,0.49000000953674316,1.8172524,1
cs_I_ELD027,39.96875_-122.71875,39.96875,-122.71875,0.5758374354482421,0.5699999928474426,1.7587243,1
cs_I_ELD027,39.96875_-122.78125,39.96875,-122.78125,0.5985498507168134,0.27000001072883606,2.0174901,1
cs_I_ELD027,40.03125_-122.53125,40.03125,-122.53125,0.8790784022973984,0.46000000834465027,0.9066192,1
cs_I_ELD027,40.03125_-122.59375,40.03125,-122.59375,0.8751727707513335,0.49000000953674316,1.0824226,1
cs_I_ELD027,40.03125_-122.65625,40.03125,-122.65625,0.6060044666283251,0.3799999952316284,0.79909843,1
cs_I_ELD027,40.03125_-122.71875,40.03125,-122.71875,0.5502644273336956,0.6399999856948853,2.5414479,1
cs_I_ELD027,40.03125_-122.78125,40.03125,-122.78125,0.6111062730999601,0.3457988202571869,1.5140699,1
cs_I_ELD027,40.03125_-122.84375,40.03125,-122.84375,0.6881672390245365,0.25414201617240906,1.0486425,1
cs_I_ELD027,40.09375_-122.71875,40.09375,-122.71875,0.7436657007695474,0.35733726620674133,1.6018739,1
cs_I_ELD027,40.09375_-122.78125,40.09375,-122.78125,0.6344052292133655,0.399822473526001,1.8989656,1
cs_I_FRDYC,39.34375_-120.40625,39.34375,-120.40625,0.695866647307693,0.33443787693977356,0.7039944,1
cs_I_FRDYC,39.34375_-120.46875,39.34375,-120.46875,0.6871123083446697,0.33544379472732544,0.8047537,1
cs_I_FRDYC,39.34375_-120.53125,39.34375,-120.53125,0.7128201140372163,0.32094675302505493,0.7957774,1
cs_I_FRDYC,39.40625_-120.34375,39.40625,-120.34375,0.7827584242343435,0.3234911262989044,0.7289141,1
cs_I_FRDYC,39.40625_-120.40625,39.40625,-120.40625,0.7324994837439369,0.37686389684677124,0.7372967,1
cs_I_FRDYC,39.40625_-120.46875,39.40625,-120.46875,0.7555621407392271,0.33390533924102783,0.7533684,1
cs_I_FRDYC,39.40625_-120.53125,39.40625,-120.53125,0.9664881330256108,0.21816568076610565,0.4130366,1
cs_I_FRMAN,39.84375_-120.28125,39.84375,-120.28125,1.4040663625756984,0.28514793515205383,0.6036829,1
cs_I_FRMAN,39.84375_-120.34375,39.84375,-120.34375,1.3765923471971693,0.2958579957485199,0.59062386,1
cs_I_FRMAN,39.90625_-120.09375,39.90625,-120.09375,1.021404717076476,0.29011833667755127,0.8853343,1
cs_I_FRMAN,39.90625_-120.15625,39.90625,-120.15625,1.3056685786218536,0.29497042298316956,0.8580219,1
cs_I_FRMAN,39.90625_-120.21875,39.90625,-120.21875,1.413149664334024,0.2832544445991516,0.78748226,1
cs_I_FRMAN,39.90625_-120.28125,39.90625,-120.28125,1.1596380711264227,0.3330177366733551,1.0241603,1
cs_I_FRMAN,39.90625_-120.34375,39.90625,-120.34375,0.9738951893195114,0.3478698134422302,0.9027522,1
cs_I_FRMAN,39.96875_-120.09375,39.96875,-120.09375,1.3431024221798546,0.23999999463558197,0.4807613,1
cs_I_FRMAN,39.96875_-120.15625,39.96875,-120.15625,0.9114890037368204,0.294556200504303,1.0765873,1
cs_I_FRMAN,39.96875_-120.21875,39.96875,-120.21875,1.4128615979910073,0.2881065011024475,0.93791366,1
cs_I_FRMAN,39.96875_-120.28125,39.96875,-120.28125,1.0390172053572304,0.2724851965904236,1.0252956,1
cs_I_FRMAN,40.03125_-120.15625,40.03125,-120.15625,1.4854594310986677,0.2563905417919159,0.53012055,1
cs_I_FRMAN,40.03125_-120.21875,40.03125,-120.21875,1.5524806544939247,0.2813017666339874,0.5935017,1
cs_I_FRMAN,40.03125_-120.28125,40.03125,-120.28125,1.2864297335765718,0.29964497685432434,1.0100427,1
cs_I_FRMDW,39.09375_-120.40625,39.09375,-120.40625,0.5509685129578056,0.3906508982181549,1.4428723,1
cs_I_FRMDW,39.09375_-120.46875,39.09375,-120.46875,0.5382726926860433,0.3942011892795563,1.2512099,1
cs_I_FRMDW,39.15625_-120.28125,39.15625,-120.28125,0.704171181584717,0.3759763240814209,0.8428433,1
cs_I_FRMDW,39.15625_-120.34375,39.15625,-120.34375,0.6281458450144346,0.406686395406723,1.1269873,1
cs_I_FRMDW,39.15625_-120.40625,39.15625,-120.40625,0.6314786736910938,0.4665680527687073,1.616243,1
cs_I_FRMDW,39.15625_-120.46875,39.15625,-120.46875,0.5876191166128001,0.45384615659713745,1.2896234,1
cs_I_FRMDW,39.21875_-120.28125,39.21875,-120.28125,0.7999038514912307,0.3272189497947693,0.66712177,1
cs_I_FRMDW,39.21875_-120.34375,39.21875,-120.34375,0.6405196092859271,0.411775141954422,1.1005192,1
cs_I_FRMDW,39.21875_-120.40625,39.21875,-120.40625,0.5791951049285895,0.4005917012691498,1.2237217,1
cs_I_GZL009,39.84375_-121.15625,39.84375,-121.15625,0.6781787914492697,0.4742603600025177,1.6126164,1
cs_I_GZL009,39.84375_-121.21875,39.84375,-121.21875,0.6905172467107137,0.42562130093574524,1.7082499,1
cs_I_GZL009,39.84375_-121.28125,39.84375,-121.28125,0.6090772072811906,0.4241420030593872,1.9641666,1
cs_I_GZL009,39.90625_-121.21875,39.90625,-121.21875,0.5602443293122186,0.3985798954963684,1.6615901,1
cs_I_GZL009,39.90625_-121.28125,39.90625,-121.28125,0.573520902458509,0.45177513360977173,2.1002336,1
cs_I_HHOLE,38.96875_-120.21875,38.96875,-120.21875,0.9697711864281752,0.1917751431465149,0.34031188,1
cs_I_HHOLE,38.96875_-120.28125,38.96875,-120.28125,0.6594882423639127,0.33520710468292236,0.77995276,1
cs_I_HHOLE,39.03125_-120.21875,39.03125,-120.21875,0.6852839726624017,0.38242602348327637,0.9057362,1
cs_I_HHOLE,39.03125_-120.28125,39.03125,-120.28125,0.7079899858204429,0.26810652017593384,0.7026796,1
cs_I_HHOLE,39.03125_-120.34375,39.03125,-120.34375,0.6644946310609414,0.3430769145488739,0.92423433,1
cs_I_HHOLE,39.03125_-120.40625,39.03125,-120.40625,0.5676100557738463,0.3820118308067322,1.6302474,1
cs_I_HHOLE,39.09375_-120.21875,39.09375,-120.21875,0.6554218509851739,0.41124260425567627,1.0568128,1
cs_I_HHOLE,39.09375_-120.28125,39.09375,-120.28125,0.644382502923176,0.44609466195106506,1.3059455,1
cs_I_HHOLE,39.09375_-120.34375,39.09375,-120.34375,0.6154176571802212,0.45982247591018677,1.4318435,1
cs_I_HHOLE,39.09375_-120.40625,39.09375,-120.40625,0.5509685129578056,0.3906508982181549,1.4428723,1
cs_I_HHOLE,39.15625_-120.21875,39.15625,-120.21875,0.6471170602610659,0.37934911251068115,1.135421,1
cs_I_HHOLE,39.15625_-120.28125,39.15625,-120.28125,0.704171181584717,0.3759763240814209,0.8428433,1
cs_I_HHOLE,39.15625_-120.34375,39.15625,-120.34375,0.6281458450144346,0.406686395406723,1.1269873,1
cs_I_HHOLE,39.15625_-120.40625,39.15625,-120.40625,0.6314786736910938,0.4665680527687073,1.616243,1
cs_I_HHOLE,39.21875_-120.28125,39.21875,-120.28125,0.7999038514912307,0.3272189497947693,0.66712177,1
cs_I_HON021,39.34375_-121.34375,39.34375,-121.34375,0.8673065161328763,0.36000001430511475,1.4192373,1
cs_I_HON021,39.34375_-121.40625,39.34375,-121.40625,0.7178748973118847,0.3700000047683716,1.4321842,1
cs_I_HON021,39.40625_-121.28125,39.40625,-121.28125,0.5949355608764763,0.5699999928474426,1.7709738,1
cs_I_HON021,39.40625_-121.34375,39.40625,-121.34375,0.7605744284728697,0.44999998807907104,1.7792945,1
cs_I_HON021,39.40625_-121.40625,39.40625,-121.40625,0.7315688047148776,0.3700000047683716,1.220824,1
cs_I_HON021,39.46875_-121.28125,39.46875,-121.28125,0.5642757778154698,0.46000000834465027,1.4554206,1
cs_I_HON021,39.46875_-121.34375,39.46875,-121.34375,0.669257289888585,0.45579880475997925,1.8505012,1
cs_I_ICEHS,38.78125_-120.21875,38.78125,-120.21875,0.580934838842443,0.36733728647232056,1.5866377,1
cs_I_ICEHS,38.78125_-120.28125,38.78125,-120.28125,0.5571900410597596,0.40319526195526123,1.6492783,1
cs_I_ICEHS,38.78125_-120.34375,38.78125,-120.34375,0.5590476624156481,0.41822484135627747,1.5845404,1
cs_I_ICEHS,38.84375_-120.15625,38.84375,-120.15625,1.2391428609175175,0.15834319591522217,0.37511796,1
cs_I_ICEHS,38.84375_-120.21875,38.84375,-120.21875,0.7649358157042858,0.3007100522518158,0.7288273,1
cs_I_ICEHS,38.84375_-120.28125,38.84375,-120.28125,0.6237338069827535,0.43834319710731506,1.2571446,1
cs_I_ICEHS,38.84375_-120.34375,38.84375,-120.34375,0.6169030835316849,0.4134911298751831,1.5656024,1
cs_I_ICEHS,38.90625_-120.15625,38.90625,-120.15625,1.0116370393274936,0.18100591003894806,0.31845266,1
cs_I_ICEHS,38.90625_-120.21875,38.90625,-120.21875,0.9904632284502546,0.22573964297771454,0.35149533,1
cs_I_JKSMD,39.40625_-120.46875,39.40625,-120.46875,0.7555621407392271,0.33390533924102783,0.7533684,1
cs_I_JKSMD,39.40625_-120.53125,39.40625,-120.53125,0.9664881330256108,0.21816568076610565,0.4130366,1
cs_I_JKSMD,39.46875_-120.40625,39.46875,-120.40625,0.7359836318318013,0.39544379711151123,0.993333,1
cs_I_JKSMD,39.46875_-120.46875,39.46875,-120.46875,0.6847034555529028,0.4162130057811737,1.0786828,1
cs_I_JKSMD,39.46875_-120.53125,39.46875,-120.53125,0.7019811623239873,0.3611242473125458,1.0463312,1
cs_I_JKSMD,39.46875_-120.59375,39.46875,-120.59375,0.7177648020599927,0.40840235352516174,1.1009512,1
cs_I_JKSMD,39.53125_-120.46875,39.53125,-120.46875,0.6558704493818303,0.4088165760040283,1.2624482,1
cs_I_JKSMD,39.53125_-120.53125,39.53125,-120.53125,0.7093960380984006,0.41556212306022644,1.340139,1
cs_I_JKSMD,39.53125_-120.59375,39.53125,-120.59375,0.6908221805573913,0.47260355949401855,1.546556,1
cs_I_JNKSN,38.71875_-120.40625,38.71875,-120.40625,0.5893891832435608,0.3585798740386963,2.1752062,1
cs_I_JNKSN,38.71875_-120.46875,38.71875,-120.46875,0.5744375057987421,0.3592899441719055,2.5528839,1
cs_I_JNKSN,38.71875_-120.53125,38.71875,-120.53125,0.5422189998517747,0.30000001192092896,3.061243,1
cs_I_JNKSN,38.71875_-120.59375,38.71875,-120.59375,0.5420932559960816,0.4179881513118744,2.5693362,1
cs_I_JNKSN,38.78125_-120.46875,38.78125,-120.46875,0.6134985660473344,0.4812425971031189,2.2650657,1
cs_I_JNKSN,38.78125_-120.53125,38.78125,-120.53125,0.5753341645618377,0.4048520624637604,2.2786431,1
cs_I_LCC038,39.71875_-121.71875,39.71875,-121.71875,0.896961793710784,0.0,0.56415635,1
cs_I_LCC038,39.71875_-121.78125,39.71875,-121.78125,1.0860887167157065,0.3400000035762787,0.56415635,1
cs_I_LCC038,39.78125_-121.65625,39.78125,-121.65625,1.0550345645431498,0.0,1.4610758,1
cs_I_LCC038,39.78125_-121.71875,39.78125,-121.71875,0.9168230592335886,0.33000001311302185,1.3516271,1
cs_I_LCC038,39.84375_-121.65625,39.84375,-121.65625,0.833927178766125,0.6200000047683716,2.3576825,1
cs_I_LCC038,39.84375_-121.71875,39.84375,-121.71875,0.9341916994615449,0.25,1.9247674,1
cs_I_LCC038,39.90625_-121.65625,39.90625,-121.65625,0.670038516826472,0.0,3.324609,1
cs_I_LJC022,37.84375_-120.59375,37.84375,-120.59375,0.5686348171365685,0.4300000071525574,1.082958,1
cs_I_LJC022,37.84375_-120.65625,37.84375,-120.65625,0.5993308782292359,0.14000000059604645,0.8302941,1
cs_I_LJC022,37.84375_-120.71875,37.84375,-120.71875,0.662884730786235,0.38999998569488525,1.1170975,1
cs_I_LJC022,37.84375_-120.78125,37.84375,-120.78125,0.5837583965833041,0.47999998927116394,0.9280312,1
cs_I_LJC022,37.84375_-120.84375,37.84375,-120.84375,0.6331846940167505,0.5199999809265137,0.8979641,1
cs_I_LJC022,37.84375_-120.90625,37.84375,-120.90625,0.6251031718340055,0.0,1.7630181,1
cs_I_LJC022,37.90625_-120.59375,37.90625,-120.59375,0.748603640948079,0.0,1.1442935,1
cs_I_LJC022,37.90625_-120.65625,37.90625,-120.65625,0.5911817002236847,0.33000001311302185,1.1442935,1
cs_I_LJC022,37.90625_-120.71875,37.90625,-120.71875,0.58344966915463,0.5199999809265137,0.7974206,1
cs_I_LJC022,37.90625_-120.78125,37.90625,-120.78125,0.540137604675191,0.41999998688697815,0.84307235,1
cs_I_LJC022,37.90625_-120.84375,37.90625,-120.84375,0.6853552752182794,0.0,1.0923,1
cs_I_LJC022,37.90625_-120.90625,37.90625,-120.90625,0.5879781593391904,0.27000001072883606,0.92536384,1
cs_I_LJC022,37.96875_-120.65625,37.96875,-120.65625,0.6251989147999766,0.3799999952316284,1.1595088,1
cs_I_LJC022,37.96875_-120.71875,37.96875,-120.71875,0.5861814491481383,0.5299999713897705,1.1640685,1
cs_I_LJC022,37.96875_-120.78125,37.96875,-120.78125,0.5750686793332349,0.47999998927116394,0.75184655,1
cs_I_LJC022,37.96875_-120.84375,37.96875,-120.84375,0.5501296096135568,0.0,1.3755406,1
cs_I_LJC022,37.96875_-120.90625,37.96875,-120.90625,0.5382246091073692,0.3799999952316284,0.9380742,1
cs_I_LJC022,38.03125_-120.65625,38.03125,-120.65625,0.61072257606104,0.4236094653606415,1.1965009,1
cs_I_LJC022,38.03125_-120.71875,38.03125,-120.71875,0.5854528872286114,0.30000001192092896,0.97370803,1
cs_I_LJC022,38.03125_-120.78125,38.03125,-120.78125,0.6227834687463674,0.4300000071525574,1.0357913,1
cs_I_LJC022,38.03125_-120.84375,38.03125,-120.84375,0.5741336563901177,0.4000000059604645,0.6947041,1
cs_I_LJC022,38.09375_-120.65625,38.09375,-120.65625,0.6295660898116495,0.45035502314567566,1.2228218,1
cs_I_LJC022,38.09375_-120.71875,38.09375,-120.71875,0.5898176111803519,0.44260355830192566,1.1531464,1
cs_I_LJC022,38.09375_-120.78125,38.09375,-120.78125,0.5701498624326997,0.38999998569488525,1.1815174,1
cs_I_LNG012,39.03125_-120.46875,39.03125,-120.46875,0.5773906125146357,0.3823668658733368,1.9391015,1
cs_I_LNG012,39.03125_-120.53125,39.03125,-120.53125,0.5800760171903654,0.47863906621932983,2.6030254,1
cs_I_LOONL,38.96875_-120.28125,38.96875,-120.28125,0.6594882423639127,0.33520710468292236,0.77995276,1
cs_I_LOONL,38.96875_-120.34375,38.96875,-120.34375,0.6030427638034606,0.3949112296104431,1.2723114,1
cs_I_LOONL,39.03125_-120.28125,39.03125,-120.28125,0.7079899858204429,0.26810652017593384,0.7026796,1
cs_I_LOONL,39.03125_-120.34375,39.03125,-120.34375,0.6644946310609414,0.3430769145488739,0.92423433,1
cs_I_LRB004,38.96875_-120.21875,38.96875,-120.21875,0.9697711864281752,0.1917751431465149,0.34031188,1
cs_I_LRB004,38.96875_-120.28125,38.96875,-120.28125,0.6594882423639127,0.33520710468292236,0.77995276,1
cs_I_LRB004,39.03125_-120.21875,39.03125,-120.21875,0.6852839726624017,0.38242602348327637,0.9057362,1
cs_I_LRB004,39.03125_-120.28125,39.03125,-120.28125,0.7079899858204429,0.26810652017593384,0.7026796,1
cs_I_MFA036,39.03125_-120.46875,39.03125,-120.46875,0.5773906125146357,0.3823668658733368,1.9391015,1
cs_I_MFA036,39.03125_-120.53125,39.03125,-120.53125,0.5800760171903654,0.47863906621932983,2.6030254,1
cs_I_MFA036,39.03125_-120.59375,39.03125,-120.59375,0.562708846155937,0.4882248640060425,2.847748,1
cs_I_MFA036,39.09375_-120.46875,39.09375,-120.46875,0.5382726926860433,0.3942011892795563,1.2512099,1
cs_I_MFA036,39.09375_-120.53125,39.09375,-120.53125,0.5942437436841013,0.46988165378570557,2.0619113,1
cs_I_MFA036,39.09375_-120.59375,39.09375,-120.59375,0.5640626138856946,0.5110059380531311,2.456059,1
cs_I_MFA036,39.15625_-120.46875,39.15625,-120.46875,0.5876191166128001,0.45384615659713745,1.2896234,1
cs_I_MFA036,39.15625_-120.53125,39.15625,-120.53125,0.5677146881580817,0.3969230651855469,1.2545791,1
cs_I_MFM008,38.34375_-120.28125,38.34375,-120.28125,0.5361433284359022,0.48479288816452026,2.0783732,1
cs_I_MFM008,38.34375_-120.34375,38.34375,-120.34375,0.5373425691155902,0.5624852180480957,2.7107675,1
cs_I_MFM008,38.34375_-120.40625,38.34375,-120.40625,0.5310564465852751,0.5824260115623474,2.7787566,1
cs_I_MFM008,38.34375_-120.46875,38.34375,-120.46875,0.5677379941909405,0.49390533566474915,2.0379653,1
cs_I_MFM008,38.40625_-120.15625,38.40625,-120.15625,0.5646321350399327,0.44207102060317993,1.476958,1
cs_I_MFM008,38.40625_-120.21875,38.40625,-120.21875,0.5532901176651608,0.46792900562286377,1.7864678,1
cs_I_MFM008,38.40625_-120.28125,38.40625,-120.28125,0.5514632375196288,0.5013017654418945,2.164998,1
cs_I_MFM008,38.40625_-120.34375,38.40625,-120.34375,0.5429375167531238,0.5460355281829834,2.5019429,1
cs_I_MFM008,38.40625_-120.40625,38.40625,-120.40625,0.5340612831739324,0.5407100319862366,2.4527228,1
cs_I_MFM008,38.40625_-120.46875,38.40625,-120.46875,0.5337646424138754,0.4740236699581146,2.2033012,1
cs_I_MFM008,38.40625_-120.53125,38.40625,-120.53125,0.5584336350804908,0.4427219033241272,2.0827372,1
cs_I_MFM008,38.46875_-120.15625,38.46875,-120.15625,0.5579852772360624,0.44550296664237976,1.3505068,1
cs_I_MFM008,38.46875_-120.21875,38.46875,-120.21875,0.5480095066439145,0.47124260663986206,1.7596909,1
cs_I_MFM008,38.46875_-120.28125,38.46875,-120.28125,0.5452206815577897,0.4930769205093384,2.0057378,1
cs_I_MFM008,38.46875_-120.34375,38.46875,-120.34375,0.5469215577223199,0.5443786978721619,2.3281584,1
cs_I_MFM008,38.46875_-120.40625,38.46875,-120.40625,0.5517995876175513,0.5536686182022095,2.7177973,1
cs_I_MFM008,38.46875_-120.46875,38.46875,-120.46875,0.5424521683817272,0.5519526600837708,2.695722,1
cs_I_MLC006,40.03125_-121.96875,40.03125,-121.96875,0.8226265459212989,0.3199999928474426,0.7716739,1
cs_I_MLC006,40.03125_-122.03125,40.03125,-122.03125,0.6184521271142667,0.3799999952316284,0.6381362,1
cs_I_MLC006,40.09375_-121.78125,40.09375,-121.78125,0.9249815325769073,0.15000000596046448,0.8896491,1
cs_I_MLC006,40.09375_-121.84375,40.09375,-121.84375,0.9694408975547315,0.550000011920929,0.8671041,1
cs_I_MLC006,40.09375_-121.90625,40.09375,-121.90625,0.9335321784230799,0.550000011920929,0.99839425,1
cs_I_MLC006,40.09375_-121.96875,40.09375,-121.96875,0.8205577541010056,0.25,0.9006264,1
cs_I_MLC006,40.09375_-122.03125,40.09375,-122.03125,0.7380785738680916,0.3799999952316284,0.8845277,1
cs_I_MLC006,40.15625_-121.65625,40.15625,-121.65625,0.7417166896789112,0.25,2.113266,1
cs_I_MLC006,40.15625_-121.71875,40.15625,-121.71875,0.9218792987305824,0.44999998807907104,1.316618,1
cs_I_MLC006,40.15625_-121.78125,40.15625,-121.78125,0.926165334322502,0.25,1.0161331,1
cs_I_MLC006,40.15625_-121.84375,40.15625,-121.84375,1.0042604040717344,0.550000011920929,0.8087165,1
cs_I_MLC006,40.15625_-121.90625,40.15625,-121.90625,0.8957066006535472,0.550000011920929,0.7891237,1
cs_I_MLC006,40.21875_-121.53125,40.21875,-121.53125,0.7911740388652438,0.47999998927116394,1.4808738,1
cs_I_MLC006,40.21875_-121.59375,40.21875,-121.59375,0.6390779764072892,0.550000011920929,2.0997972,1
cs_I_MLC006,40.21875_-121.65625,40.21875,-121.65625,0.644523420555889,0.15000000596046448,1.6602377,1
cs_I_MLC006,40.21875_-121.71875,40.21875,-121.71875,0.7039489119665467,0.25,2.2619135,1
cs_I_MLC006,40.21875_-121.78125,40.21875,-121.78125,0.9151744837307183,0.550000011920929,1.0212817,1
cs_I_MLC006,40.21875_-121.84375,40.21875,-121.84375,0.8902314570483212,0.550000011920929,0.9167545,1
cs_I_MLC006,40.28125_-121.46875,40.28125,-121.46875,0.7050871921129813,0.33000001311302185,1.6372538,1
cs_I_MLC006,40.28125_-121.53125,40.28125,-121.53125,0.8143171661634536,0.25,1.1991024,1
cs_I_MLC006,40.28125_-121.59375,40.28125,-121.59375,0.8061379714340104,0.44189348816871643,2.3171256,1
cs_I_MLC006,40.34375_-121.46875,40.34375,-121.46875,0.894656622796149,0.3870414197444916,1.5604098,1
cs_I_MLC006,40.34375_-121.53125,40.34375,-121.53125,0.7910085792227244,0.4220118224620819,2.135786,1
cs_I_MLC006,40.34375_-121.59375,40.34375,-121.59375,0.7288672095725482,0.4864497184753418,2.0766041,1
cs_I_MLC006,40.40625_-121.46875,40.40625,-121.46875,1.1705912181773372,0.34899407625198364,1.072738,1
cs_I_MLC006,40.40625_-121.53125,40.40625,-121.53125,0.8673030913873021,0.38769230246543884,1.250224,1
cs_I_MLC006,40.46875_-121.46875,40.46875,-121.46875,1.1902158541456334,0.2819526493549347,0.6209389,1
cs_I_MLC006,40.46875_-121.53125,40.46875,-121.53125,0.9846664054085814,0.2546153962612152,0.5261976,1
cs_I_MPS038,37.28125_-120.09375,37.28125,-120.09375,0.6678693346205559,0.4399999976158142,0.8694962,1
cs_I_MPS038,37.28125_-120.15625,37.28125,-120.15625,0.5534402418710831,0.0,0.8254576,1
cs_I_MPS038,37.34375_-119.96875,37.34375,-119.96875,0.8031187777579056,0.4699999988079071,0.8662078,1
cs_I_MPS038,37.34375_-120.03125,37.34375,-120.03125,0.725025448720698,0.4000000059604645,0.9048165,1
cs_I_MPS038,37.34375_-120.09375,37.34375,-120.09375,0.6937518801280682,0.47999998927116394,1.0948387,1
cs_I_MPS038,37.34375_-120.15625,37.34375,-120.15625,0.6528607811696053,0.3400000035762787,0.8773016,1
cs_I_MPS038,37.40625_-119.90625,37.40625,-119.90625,0.5877713396475628,0.46000000834465027,1.3420199,1
cs_I_MPS038,37.40625_-119.96875,37.40625,-119.96875,0.6447768634474745,0.4699999988079071,1.5146977,1
cs_I_MPS038,37.40625_-120.03125,37.40625,-120.03125,0.692687340158567,0.47999998927116394,1.0662678,1
cs_I_MPS038,37.40625_-120.09375,37.40625,-120.09375,0.5941937535114233,0.4399999976158142,0.84854746,1
cs_I_MPS038,37.46875_-119.90625,37.46875,-119.90625,0.5787956063888731,0.33000001311302185,1.4572397,1
cs_I_MPS038,37.46875_-119.96875,37.46875,-119.96875,0.611051347253823,0.5199999809265137,0.99000174,1
cs_I_MPS038,37.46875_-120.03125,37.46875,-120.03125,0.6579474287551088,0.3400000035762787,1.3168138,1
cs_I_MPS038,37.46875_-120.09375,37.46875,-120.09375,0.6477052891541674,0.49000000953674316,1.1882889,1
cs_I_MPS038,37.53125_-119.90625,37.53125,-119.90625,0.557984847323585,0.3227810561656952,1.7886566,1
cs_I_MPS038,37.53125_-119.96875,37.53125,-119.96875,0.5463204141036095,0.38230767846107483,1.3921607,1
cs_I_MPS038,37.53125_-120.03125,37.53125,-120.03125,0.5545327984105973,0.3291715979576111,1.1788218,1
cs_I_NFS033,38.40625_-119.96875,38.40625,-119.96875,0.7849963666588912,0.2627218961715698,0.60112035,1
cs_I_NFS033,38.40625_-120.03125,38.40625,-120.03125,0.6490577341877741,0.38266271352767944,0.91798776,1
cs_I_NFS033,38.46875_-119.90625,38.46875,-119.90625,0.841843814195222,0.28218933939933777,0.51501566,1
cs_I_NFS033,38.46875_-119.96875,38.46875,-119.96875,0.7690510410219373,0.3206508755683899,0.5208087,1
cs_I_NFS033,38.46875_-120.03125,38.46875,-120.03125,0.6775128788664022,0.354082852602005,0.7285589,1
cs_I_NFS033,38.53125_-119.90625,38.53125,-119.90625,0.7268143606863086,0.3500591814517975,0.78047353,1
cs_I_NFS033,38.53125_-119.96875,38.53125,-119.96875,0.7774935268466947,0.34449705481529236,0.6241349,1
cs_I_NFS033,38.53125_-120.03125,38.53125,-120.03125,0.607108940517163,0.375029593706131,0.87467813,1
cs_I_NFY029,39.46875_-120.78125,39.46875,-120.78125,0.6366638081592424,0.5690532326698303,2.8486612,1
cs_I_NFY029,39.46875_-120.84375,39.46875,-120.84375,0.585999209351968,0.5717751383781433,2.7349052,1
cs_I_NFY029,39.46875_-120.90625,39.46875,-120.90625,0.5818179358539646,0.5852662920951843,2.9204254,1
cs_I_NFY029,39.53125_-120.40625,39.53125,-120.40625,0.6609686892071186,0.45615383982658386,1.6442881,1
cs_I_NFY029,39.53125_-120.46875,39.53125,-120.46875,0.6558704493818303,0.4088165760040283,1.2624482,1
cs_I_NFY029,39.53125_-120.53125,39.53125,-120.53125,0.7093960380984006,0.41556212306022644,1.340139,1
cs_I_NFY029,39.53125_-120.59375,39.53125,-120.59375,0.6908221805573913,0.47260355949401855,1.546556,1
cs_I_NFY029,39.53125_-120.65625,39.53125,-120.65625,0.6155365627636743,0.472485214471817,1.6143075,1
cs_I_NFY029,39.53125_-120.71875,39.53125,-120.71875,0.6626319976272481,0.5432544350624084,2.0825691,1
cs_I_NFY029,39.53125_-120.78125,39.53125,-120.78125,0.6654621389733907,0.5913609266281128,2.823007,1
cs_I_NFY029,39.53125_-120.84375,39.53125,-120.84375,0.6418853514855785,0.6018934845924377,2.8729222,1
cs_I_NFY029,39.53125_-120.90625,39.53125,-120.90625,0.6281698869369209,0.5878698229789734,2.9882133,1
cs_I_NFY029,39.53125_-120.96875,39.53125,-120.96875,0.6464397049203341,0.6085206866264343,3.1445498,1
cs_I_NFY029,39.59375_-120.46875,39.59375,-120.46875,0.6595829762375351,0.4361538589000702,1.4707338,1
cs_I_NFY029,39.59375_-120.53125,39.59375,-120.53125,0.6802647145282686,0.4665680527687073,1.3920797,1
cs_I_NFY029,39.59375_-120.59375,39.59375,-120.59375,0.6422631473843463,0.502781093120575,1.8948114,1
cs_I_NFY029,39.59375_-120.65625,39.59375,-120.65625,0.5929349833181015,0.3926035463809967,1.4532149,1
cs_I_NFY029,39.59375_-120.71875,39.59375,-120.71875,0.7007023592602748,0.5490532517433167,2.3765295,1
cs_I_NFY029,39.59375_-120.78125,39.59375,-120.78125,0.7646352333751023,0.6244378685951233,3.3170066,1
cs_I_NFY029,39.59375_-120.84375,39.59375,-120.84375,0.7121362467627229,0.5781065225601196,3.0116487,1
cs_I_NFY029,39.59375_-120.90625,39.59375,-120.90625,0.6072198168334475,0.5847337245941162,2.752166,1
cs_I_NFY029,39.65625_-120.46875,39.65625,-120.46875,0.7051014354752752,0.46502959728240967,2.0129066,1
cs_I_NFY029,39.65625_-120.53125,39.65625,-120.53125,0.7108082501041589,0.49550294876098633,1.8178016,1
cs_I_NFY029,39.65625_-120.59375,39.65625,-120.59375,0.6939960083110178,0.44319525361061096,1.3882059,1
cs_I_NFY029,39.65625_-120.65625,39.65625,-120.65625,0.6972111321754837,0.35207101702690125,0.86326385,1
cs_I_NFY029,39.65625_-120.71875,39.65625,-120.71875,0.6330096731874832,0.4695858061313629,1.4396706,1
cs_I_NFY029,39.65625_-120.78125,39.65625,-120.78125,0.8357587382960068,0.5747337341308594,2.486978,1
cs_I_NFY029,39.65625_-120.84375,39.65625,-120.84375,0.6522499867046485,0.5044378638267517,1.8956492,1
cs_I_NFY029,39.65625_-120.90625,39.65625,-120.90625,0.6337293310315865,0.55266273021698,2.4939115,1
cs_I_NFY029,39.71875_-120.59375,39.71875,-120.59375,0.7385713694337829,0.4826035499572754,1.9400076,1
cs_I_NFY029,39.71875_-120.71875,39.71875,-120.71875,0.6158190584980685,0.41999998688697815,1.0435479,1
cs_I_NFY029,39.71875_-120.78125,39.71875,-120.78125,0.6657394842323963,0.4626627266407013,1.3731897,1
cs_I_NMA003,39.03125_-120.59375,39.03125,-120.59375,0.562708846155937,0.4882248640060425,2.847748,1
cs_I_NMA003,39.03125_-120.65625,39.03125,-120.65625,0.5779683284042667,0.35804733633995056,2.5964248,1
cs_I_NMA003,39.03125_-120.71875,39.03125,-120.71875,0.6610937873513388,0.30041420459747314,2.6085508,1
cs_I_NMA003,39.09375_-120.53125,39.09375,-120.53125,0.5942437436841013,0.46988165378570557,2.0619113,1
cs_I_NMA003,39.09375_-120.59375,39.09375,-120.59375,0.5640626138856946,0.5110059380531311,2.456059,1
cs_I_NMA003,39.09375_-120.65625,39.09375,-120.65625,0.5549433930385421,0.4204733669757843,2.8205693,1
cs_I_NMA003,39.09375_-120.71875,39.09375,-120.71875,0.5898274596926396,0.4357396364212036,2.9000247,1
cs_I_NMA003,39.15625_-120.46875,39.15625,-120.46875,0.5876191166128001,0.45384615659713745,1.2896234,1
cs_I_NMA003,39.15625_-120.53125,39.15625,-120.53125,0.5677146881580817,0.3969230651855469,1.2545791,1
cs_I_NMA003,39.15625_-120.59375,39.15625,-120.59375,0.5694235960766306,0.41183432936668396,1.723612,1
cs_I_NMA003,39.15625_-120.65625,39.15625,-120.65625,0.6457045783930508,0.47378697991371155,2.2532723,1
cs_I_NMA003,39.15625_-120.71875,39.15625,-120.71875,0.6318595933851807,0.5885798931121826,3.0672326,1
cs_I_NMA003,39.21875_-120.53125,39.21875,-120.53125,0.5726864604945676,0.4672780930995941,1.8380424,1
cs_I_NMA003,39.21875_-120.59375,39.21875,-120.59375,0.5481345753473621,0.4481656849384308,1.7384101,1
cs_I_OGN005,39.40625_-120.96875,39.40625,-120.96875,0.5769322719475628,0.587041437625885,3.3712256,1
cs_I_OGN005,39.40625_-121.03125,39.40625,-121.03125,0.6269428647733208,0.5363905429840088,3.1144392,1
cs_I_OGN005,39.46875_-120.84375,39.46875,-120.84375,0.585999209351968,0.5717751383781433,2.7349052,1
cs_I_OGN005,39.46875_-120.90625,39.46875,-120.90625,0.5818179358539646,0.5852662920951843,2.9204254,1
cs_I_OGN005,39.46875_-120.96875,39.46875,-120.96875,0.5661190321176792,0.5903550386428833,3.229296,1
cs_I_OGN005,39.46875_-121.03125,39.46875,-121.03125,0.5470271896687854,0.6095858216285706,3.6587467,1
cs_I_OGN005,39.46875_-121.09375,39.46875,-121.09375,0.5612793455460147,0.5693491101264954,3.0764613,1
cs_I_OGN005,39.53125_-120.84375,39.53125,-120.84375,0.6418853514855785,0.6018934845924377,2.8729222,1
cs_I_OGN005,39.53125_-120.90625,39.53125,-120.90625,0.6281698869369209,0.5878698229789734,2.9882133,1
cs_I_OWN040,37.28125_-120.15625,37.28125,-120.15625,0.5534402418710831,0.0,0.8254576,1
cs_I_OWN040,37.34375_-120.09375,37.34375,-120.09375,0.6937518801280682,0.47999998927116394,1.0948387,1
cs_I_OWN040,37.34375_-120.15625,37.34375,-120.15625,0.6528607811696053,0.3400000035762787,0.8773016,1
cs_I_OWN040,37.34375_-120.21875,37.34375,-120.21875,0.5373445610978722,0.4300000071525574,0.80678964,1
cs_I_OWN040,37.40625_-120.03125,37.40625,-120.03125,0.692687340158567,0.47999998927116394,1.0662678,1
cs_I_OWN040,37.40625_-120.09375,37.40625,-120.09375,0.5941937535114233,0.4399999976158142,0.84854746,1
cs_I_OWN040,37.40625_-120.15625,37.40625,-120.15625,0.6205781942986058,0.4399999976158142,0.8762004,1
cs_I_OWN040,37.46875_-120.03125,37.46875,-120.03125,0.6579474287551088,0.3400000035762787,1.3168138,1
cs_I_OWN040,37.46875_-120.09375,37.46875,-120.09375,0.6477052891541674,0.49000000953674316,1.1882889,1
cs_I_PCRST,38.15625_-119.96875,38.15625,-119.96875,0.543151018619614,0.4349704086780548,1.4761113,1
cs_I_PCRST,38.21875_-119.78125,38.21875,-119.78125,1.1587675123669996,0.19307692348957062,0.3129587,1
cs_I_PCRST,38.21875_-119.84375,38.21875,-119.84375,1.039899990159133,0.18739645183086395,0.3703389,1
cs_I_PCRST,38.21875_-119.90625,38.21875,-119.90625,0.6662915699343392,0.3243195414543152,0.6769794,1
cs_I_PCRST,38.21875_-119.96875,38.21875,-119.96875,0.5468918181716046,0.4338461458683014,1.5099119,1
cs_I_PCRST,38.21875_-120.03125,38.21875,-120.03125,0.5321905282311833,0.47183433175086975,1.9714762,1
cs_I_PCRST,38.28125_-119.78125,38.28125,-119.78125,0.8634061498112878,0.3039644956588745,0.6571709,1
cs_I_PCRST,38.28125_-119.84375,38.28125,-119.84375,0.6985956630858554,0.3246745467185974,0.7753871,1
cs_I_RCK001,38.78125_-120.71875,38.78125,-120.71875,0.5602463487476992,0.4250887632369995,2.2085352,1
cs_I_RCK001,38.78125_-120.78125,38.78125,-120.78125,0.6076123798592997,0.4501183331012726,2.0757356,1
cs_I_RCK001,38.84375_-120.65625,38.84375,-120.65625,0.5311581966156732,0.49562129378318787,3.1344104,1
cs_I_RCK001,38.84375_-120.71875,38.84375,-120.71875,0.5308035984889984,0.6040828227996826,3.3101726,1
cs_I_RCK001,38.84375_-120.78125,38.84375,-120.78125,0.5615090634996485,0.5480473637580872,2.7562265,1
cs_I_RCK001,38.84375_-120.84375,38.84375,-120.84375,0.5924384282700529,0.41266271471977234,1.7661554,1
cs_I_RCK001,38.90625_-120.65625,38.90625,-120.65625,0.5401615048854876,0.5179881453514099,3.2308779,1
cs_I_RCK001,38.90625_-120.71875,38.90625,-120.71875,0.5262965690004102,0.5926627516746521,3.582056,1
cs_I_RCK001,38.90625_-120.78125,38.90625,-120.78125,0.5250376813958962,0.5612425804138184,3.2653956,1
cs_I_RCK001,38.90625_-120.84375,38.90625,-120.84375,0.5306601901680876,0.5086982250213623,2.7598472,1
cs_I_RCK001,38.96875_-120.71875,38.96875,-120.71875,0.5457231377221883,0.40005916357040405,3.14315,1
cs_I_RLIEF,38.21875_-119.65625,38.21875,-119.65625,1.30158592094622,0.07976331561803818,0.14929593,1
cs_I_RLIEF,38.21875_-119.71875,38.21875,-119.71875,1.1877041210324286,0.09349112212657928,0.17226027,1
cs_I_RLIEF,38.21875_-119.78125,38.21875,-119.78125,1.1587675123669996,0.19307692348957062,0.3129587,1
cs_I_RLIEF,38.28125_-119.71875,38.28125,-119.71875,0.7230561876756225,0.2344970405101776,0.5639113,1
cs_I_RLIEF,38.28125_-119.78125,38.28125,-119.78125,0.8634061498112878,0.3039644956588745,0.6571709,1
cs_I_RUB047,38.84375_-120.15625,38.84375,-120.15625,1.2391428609175175,0.15834319591522217,0.37511796,1
cs_I_RUB047,38.90625_-120.15625,38.90625,-120.15625,1.0116370393274936,0.18100591003894806,0.31845266,1
cs_I_RUB047,38.90625_-120.21875,38.90625,-120.21875,0.9904632284502546,0.22573964297771454,0.35149533,1
cs_I_RUB047,38.96875_-120.15625,38.96875,-120.15625,0.7366814239329083,0.25923076272010803,0.65152186,1
cs_I_RUB047,38.96875_-120.21875,38.96875,-120.21875,0.9697711864281752,0.1917751431465149,0.34031188,1
cs_I_SFM005,38.28125_-120.28125,38.28125,-120.28125,0.5222344456435749,0.48059171438217163,2.5738482,1
cs_I_SFM005,38.28125_-120.34375,38.28125,-120.34375,0.5222980531215822,0.48035502433776855,2.4614704,1
cs_I_SFM005,38.28125_-120.40625,38.28125,-120.40625,0.534369605874164,0.5075739622116089,2.1351912,1
cs_I_SFM005,38.34375_-120.21875,38.34375,-120.21875,0.5307563006167596,0.45662721991539,1.9717127,1
cs_I_SFM005,38.34375_-120.28125,38.34375,-120.28125,0.5361433284359022,0.48479288816452026,2.0783732,1
cs_I_SFM005,38.34375_-120.34375,38.34375,-120.34375,0.5373425691155902,0.5624852180480957,2.7107675,1
cs_I_SFM005,38.34375_-120.40625,38.34375,-120.40625,0.5310564465852751,0.5824260115623474,2.7787566,1
cs_I_SFM005,38.34375_-120.46875,38.34375,-120.46875,0.5677379941909405,0.49390533566474915,2.0379653,1
cs_I_SFM005,38.34375_-120.53125,38.34375,-120.53125,0.5448809314209829,0.46473371982574463,2.0450664,1
cs_I_SFM005,38.40625_-120.21875,38.40625,-120.21875,0.5532901176651608,0.46792900562286377,1.7864678,1
cs_I_SFM005,38.40625_-120.28125,38.40625,-120.28125,0.5514632375196288,0.5013017654418945,2.164998,1
cs_I_SFM005,38.40625_-120.34375,38.40625,-120.34375,0.5429375167531238,0.5460355281829834,2.5019429,1
cs_I_SFM005,38.40625_-120.40625,38.40625,-120.40625,0.5340612831739324,0.5407100319862366,2.4527228,1
cs_I_SFM005,38.40625_-120.46875,38.40625,-120.46875,0.5337646424138754,0.4740236699581146,2.2033012,1
cs_I_SFM005,38.40625_-120.53125,38.40625,-120.53125,0.5584336350804908,0.4427219033241272,2.0827372,1
cs_I_SFY048,39.28125_-120.34375,39.28125,-120.34375,0.7194498453191539,0.4146745502948761,1.0911965,1
cs_I_SFY048,39.28125_-120.40625,39.28125,-120.40625,0.6673848680381088,0.3713017702102661,1.059344,1
cs_I_SFY048,39.28125_-120.46875,39.28125,-120.46875,0.6684068953508101,0.3620118200778961,0.81651384,1
cs_I_SFY048,39.28125_-120.53125,39.28125,-120.53125,0.6297813990461315,0.4157988131046295,1.1620367,1
cs_I_SFY048,39.28125_-120.59375,39.28125,-120.59375,0.6283564771671761,0.42408284544944763,1.2780514,1
cs_I_SFY048,39.34375_-120.34375,39.34375,-120.34375,0.8332379352706316,0.326272189617157,0.6334303,1
cs_I_SFY048,39.34375_-120.40625,39.34375,-120.40625,0.695866647307693,0.33443787693977356,0.7039944,1
cs_I_SFY048,39.34375_-120.46875,39.34375,-120.46875,0.6871123083446697,0.33544379472732544,0.8047537,1
cs_I_SFY048,39.34375_-120.53125,39.34375,-120.53125,0.7128201140372163,0.32094675302505493,0.7957774,1
cs_I_SFY048,39.34375_-120.59375,39.34375,-120.59375,0.6821366291151224,0.3798224925994873,1.1204683,1
cs_I_SFY048,39.40625_-120.34375,39.40625,-120.34375,0.7827584242343435,0.3234911262989044,0.7289141,1
cs_I_SFY048,39.40625_-120.40625,39.40625,-120.40625,0.7324994837439369,0.37686389684677124,0.7372967,1
cs_I_SILVR,38.59375_-120.09375,38.59375,-120.09375,0.8085936419336477,0.26573964953422546,0.46721667,1
cs_I_SILVR,38.59375_-120.15625,38.59375,-120.15625,0.7477310754012774,0.24887573719024658,0.44766393,1
cs_I_SILVR,38.65625_-120.03125,38.65625,-120.03125,1.0995717771504276,0.24254438281059265,0.40972182,1
cs_I_SILVR,38.65625_-120.09375,38.65625,-120.09375,0.7035952661080327,0.27603551745414734,0.5490117,1
cs_I_SILVR,38.65625_-120.15625,38.65625,-120.15625,0.8409567432122624,0.2800000011920929,0.74549997,1
cs_I_SLT009,39.59375_-120.96875,39.59375,-120.96875,0.5892922600709452,0.5846745371818542,2.9557695,1
cs_I_SLT009,39.59375_-121.03125,39.59375,-121.03125,0.5796214687386494,0.6459171772003174,3.378193,1
cs_I_SLT009,39.65625_-120.90625,39.65625,-120.90625,0.6337293310315865,0.55266273021698,2.4939115,1
cs_I_SLT009,39.65625_-120.96875,39.65625,-120.96875,0.6041072395869063,0.5573372840881348,2.6092937,1
cs_I_SLT009,39.65625_-121.03125,39.65625,-121.03125,0.5924286998180841,0.5996449589729309,2.7797987,1
cs_I_SLT009,39.71875_-120.84375,39.71875,-120.84375,0.6774466608717153,0.49639052152633667,1.6615199,1
cs_I_SLT009,39.71875_-120.90625,39.71875,-120.90625,0.6544601036145987,0.5019526481628418,1.7879876,1
cs_I_SLT009,39.71875_-120.96875,39.71875,-120.96875,0.6408308313410102,0.4187574088573456,1.7377431,1
cs_I_SLT009,39.71875_-121.03125,39.71875,-121.03125,0.6183861613563099,0.428816556930542,1.6860882,1
cs_I_SLT009,39.78125_-120.84375,39.78125,-120.84375,0.6673798573514629,0.5040828585624695,1.8831004,1
cs_I_SLT009,39.78125_-120.90625,39.78125,-120.90625,0.6622479091156701,0.4138461649417877,1.5271125,1
cs_I_SLTSP,38.46875_-119.78125,38.46875,-119.78125,0.990801698357157,0.31165680289268494,0.59377897,1
cs_I_SLTSP,38.46875_-119.84375,38.46875,-119.84375,0.8507596971695603,0.3062721788883209,0.56553006,1
cs_I_SLTSP,38.46875_-119.90625,38.46875,-119.90625,0.841843814195222,0.28218933939933777,0.51501566,1
cs_I_SLTSP,38.46875_-120.03125,38.46875,-120.03125,0.6775128788664022,0.354082852602005,0.7285589,1
cs_I_SLTSP,38.46875_-120.09375,38.46875,-120.09375,0.6236228951250871,0.39733728766441345,0.9831986,1
cs_I_SLTSP,38.46875_-120.15625,38.46875,-120.15625,0.5579852772360624,0.44550296664237976,1.3505068,1
cs_I_SLTSP,38.46875_-120.21875,38.46875,-120.21875,0.5480095066439145,0.47124260663986206,1.7596909,1
cs_I_SLTSP,38.53125_-119.78125,38.53125,-119.78125,0.9992820343092317,0.2824852168560028,0.5217712,1
cs_I_SLTSP,38.53125_-119.84375,38.53125,-119.84375,0.8091580234907212,0.309171587228775,0.6154244,1
cs_I_SLTSP,38.53125_-119.90625,38.53125,-119.90625,0.7268143606863086,0.3500591814517975,0.78047353,1
cs_I_SLTSP,38.53125_-119.96875,38.53125,-119.96875,0.7774935268466947,0.34449705481529236,0.6241349,1
cs_I_SLTSP,38.53125_-120.03125,38.53125,-120.03125,0.607108940517163,0.375029593706131,0.87467813,1
cs_I_SLTSP,38.53125_-120.09375,38.53125,-120.09375,0.6245060722303986,0.3140828311443329,0.847214,1
cs_I_SLTSP,38.53125_-120.15625,38.53125,-120.15625,0.6230432128990093,0.3902958631515503,1.0772175,1
cs_I_SLTSP,38.53125_-120.21875,38.53125,-120.21875,0.56031527128928,0.4017159640789032,1.2282064,1
cs_I_SLTSP,38.59375_-119.84375,38.59375,-119.84375,0.9902763935787462,0.25029584765434265,0.4245221,1
cs_I_SLTSP,38.59375_-119.90625,38.59375,-119.90625,0.8098451975017735,0.33603549003601074,0.728317,1
cs_I_SLTSP,38.59375_-119.96875,38.59375,-119.96875,1.141694687149579,0.2662721872329712,0.50443953,1
cs_I_SLTSP,38.59375_-120.03125,38.59375,-120.03125,0.9792187641217125,0.2840236723423004,0.54417294,1
cs_I_SLTSP,38.59375_-120.09375,38.59375,-120.09375,0.8085936419336477,0.26573964953422546,0.46721667,1
cs_I_SLTSP,38.65625_-119.90625,38.65625,-119.90625,1.2136435455547558,0.28999999165534973,0.481123,1
cs_I_SLTSP,38.65625_-119.96875,38.65625,-119.96875,1.1453058886549297,0.2530769109725952,0.46622092,1
cs_I_SLTSP,38.65625_-120.03125,38.65625,-120.03125,1.0995717771504276,0.24254438281059265,0.40972182,1
cs_I_SLTSP,38.65625_-120.09375,38.65625,-120.09375,0.7035952661080327,0.27603551745414734,0.5490117,1
cs_I_SLV006,38.78125_-120.46875,38.78125,-120.46875,0.6134985660473344,0.4812425971031189,2.2650657,1
cs_I_SLV006,38.84375_-120.46875,38.84375,-120.46875,0.660936167435769,0.4351479411125183,1.7139742,1
cs_I_SLV006,38.84375_-120.53125,38.84375,-120.53125,0.5603786768993525,0.4098816514015198,2.159998,1
cs_I_SLV006,38.84375_-120.59375,38.84375,-120.59375,0.578756769543613,0.3799999952316284,2.3699389,1
cs_I_SLV006,38.90625_-120.46875,38.90625,-120.46875,0.6520406810238294,0.4607100486755371,1.8633786,1
cs_I_SLV006,38.90625_-120.53125,38.90625,-120.53125,0.5861273390625998,0.36502957344055176,1.9635767,1
cs_I_SLV015,38.78125_-120.34375,38.78125,-120.34375,0.5590476624156481,0.41822484135627747,1.5845404,1
cs_I_SLV015,38.78125_-120.40625,38.78125,-120.40625,0.6166667688280447,0.4332544505596161,1.9214174,1
cs_I_SLV015,38.78125_-120.46875,38.78125,-120.46875,0.6134985660473344,0.4812425971031189,2.2650657,1
cs_I_SLV015,38.84375_-120.34375,38.84375,-120.34375,0.6169030835316849,0.4134911298751831,1.5656024,1
cs_I_SLV015,38.84375_-120.40625,38.84375,-120.40625,0.5712399858555569,0.37840235233306885,1.5057489,1
cs_I_SLV015,38.84375_-120.46875,38.84375,-120.46875,0.660936167435769,0.4351479411125183,1.7139742,1
cs_I_SLV015,38.90625_-120.40625,38.90625,-120.40625,0.6085636931021452,0.39041420817375183,1.7265567,1
cs_I_SLV015,38.90625_-120.46875,38.90625,-120.46875,0.6520406810238294,0.4607100486755371,1.8633786,1
cs_I_SLV015,38.96875_-120.40625,38.96875,-120.40625,0.6198362178800872,0.4153846204280853,1.761591,1
cs_I_SLV015,38.96875_-120.46875,38.96875,-120.46875,0.5745760814395675,0.3988165557384491,2.1300044,1
cs_I_SLYCK,39.59375_-121.03125,39.59375,-121.03125,0.5796214687386494,0.6459171772003174,3.378193,1
cs_I_SLYCK,39.59375_-121.09375,39.59375,-121.09375,0.5749674194753507,0.5868047475814819,3.1956153,1
cs_I_SLYCK,39.59375_-121.15625,39.59375,-121.15625,0.5619769147177632,0.4653254449367523,3.0828247,1
cs_I_SLYCK,39.65625_-121.03125,39.65625,-121.03125,0.5924286998180841,0.5996449589729309,2.7797987,1
cs_I_SLYCK,39.65625_-121.09375,39.65625,-121.09375,0.5783344673267551,0.457810640335083,2.4814093,1
cs_I_SLYCK,39.71875_-121.03125,39.71875,-121.03125,0.6183861613563099,0.428816556930542,1.6860882,1
cs_I_SPICE,38.34375_-119.96875,38.34375,-119.96875,0.6195660779687588,0.3858579993247986,1.0572926,1
cs_I_SPICE,38.40625_-119.84375,38.40625,-119.84375,0.6841902150281396,0.36852070689201355,0.9955979,1
cs_I_SPICE,38.40625_-119.90625,38.40625,-119.90625,0.7312205323436106,0.30579882860183716,0.6715703,1
cs_I_SPICE,38.40625_-119.96875,38.40625,-119.96875,0.7849963666588912,0.2627218961715698,0.60112035,1
cs_I_SPICE,38.40625_-120.03125,38.40625,-120.03125,0.6490577341877741,0.38266271352767944,0.91798776,1
cs_I_SPICE,38.46875_-119.78125,38.46875,-119.78125,0.990801698357157,0.31165680289268494,0.59377897,1
cs_I_SPICE,38.46875_-119.84375,38.46875,-119.84375,0.8507596971695603,0.3062721788883209,0.56553006,1
cs_I_SPICE,38.46875_-119.90625,38.46875,-119.90625,0.841843814195222,0.28218933939933777,0.51501566,1
cs_I_SPICE,38.46875_-119.96875,38.46875,-119.96875,0.7690510410219373,0.3206508755683899,0.5208087,1
cs_I_SPICE,38.53125_-119.84375,38.53125,-119.84375,0.8091580234907212,0.309171587228775,0.6154244,1
cs_I_SPLDG,39.28125_-120.59375,39.28125,-120.59375,0.6283564771671761,0.42408284544944763,1.2780514,1
cs_I_SPLDG,39.28125_-120.65625,39.28125,-120.65625,0.587327085218048,0.47846153378486633,1.9905075,1
cs_I_SPLDG,39.34375_-120.46875,39.34375,-120.46875,0.6871123083446697,0.33544379472732544,0.8047537,1
cs_I_SPLDG,39.34375_-120.53125,39.34375,-120.53125,0.7128201140372163,0.32094675302505493,0.7957774,1
cs_I_SPLDG,39.34375_-120.59375,39.34375,-120.59375,0.6821366291151224,0.3798224925994873,1.1204683,1
cs_I_SPLDG,39.34375_-120.65625,39.34375,-120.65625,0.5790816111466357,0.4185798764228821,1.5872291,1
cs_I_SPLDG,39.40625_-120.46875,39.40625,-120.46875,0.7555621407392271,0.33390533924102783,0.7533684,1
cs_I_SPLDG,39.40625_-120.53125,39.40625,-120.53125,0.9664881330256108,0.21816568076610565,0.4130366,1
cs_I_SPLDG,39.40625_-120.59375,39.40625,-120.59375,0.8421250231817963,0.3005325496196747,0.6187748,1
cs_I_THM028,39.78125_-122.59375,39.78125,-122.59375,0.9517141091644667,0.4000000059604645,0.9190097,1
cs_I_THM028,39.78125_-122.65625,39.78125,-122.65625,0.7403447383504863,0.30000001192092896,2.0521417,1
cs_I_THM028,39.78125_-122.71875,39.78125,-122.71875,0.6316037950266545,0.4000000059604645,1.4175185,1
cs_I_THM028,39.84375_-122.53125,39.84375,-122.53125,0.856462115808051,0.36000001430511475,0.72145826,1
cs_I_THM028,39.84375_-122.59375,39.84375,-122.59375,0.9838614531773839,0.25999999046325684,0.7247533,1
cs_I_THM028,39.84375_-122.65625,39.84375,-122.65625,0.8785032626007028,0.3499999940395355,0.76346445,1
cs_I_THM028,39.84375_-122.71875,39.84375,-122.71875,0.6764802556051798,0.5699999928474426,2.515501,1
cs_I_THM028,39.84375_-122.78125,39.84375,-122.78125,0.6310231415145997,0.4099999964237213,2.6917226,1
cs_I_THM028,39.84375_-122.84375,39.84375,-122.84375,0.5948979042273967,0.5299999713897705,2.3504872,1
cs_I_THM028,39.84375_-122.90625,39.84375,-122.90625,0.5878170405298202,0.44999998807907104,3.2835984,1
cs_I_THM028,39.84375_-122.96875,39.84375,-122.96875,0.593149562078304,0.3100000023841858,0.731304,1
cs_I_THM028,39.90625_-122.53125,39.90625,-122.53125,0.8881627409975315,0.4300000071525574,0.62358236,1
cs_I_THM028,39.90625_-122.59375,39.90625,-122.59375,0.9278430384107383,0.6000000238418579,0.73592275,1
cs_I_THM028,39.90625_-122.65625,39.90625,-122.65625,0.6219415775721373,0.27000001072883606,1.1971227,1
cs_I_THM028,39.90625_-122.71875,39.90625,-122.71875,0.6029862571470169,0.2800000011920929,2.163211,1
cs_I_THM028,39.90625_-122.78125,39.90625,-122.78125,0.6316517323254813,0.2800000011920929,2.5317209,1
cs_I_THM028,39.90625_-122.84375,39.90625,-122.84375,0.6369048170776455,0.3799999952316284,2.3717077,1
cs_I_THM028,39.90625_-122.90625,39.90625,-122.90625,0.5723838346235626,0.4300000071525574,2.5669537,1
cs_I_THM028,39.90625_-122.96875,39.90625,-122.96875,0.5940296891872269,0.3400000035762787,1.8660002,1
cs_I_THM028,39.96875_-122.71875,39.96875,-122.71875,0.5758374354482421,0.5699999928474426,1.7587243,1
cs_I_THM028,39.96875_-122.78125,39.96875,-122.78125,0.5985498507168134,0.27000001072883606,2.0174901,1
cs_I_THM028,39.96875_-122.84375,39.96875,-122.84375,0.6454482489648241,0.4300000071525574,1.5223923,1
cs_I_THM028,39.96875_-122.90625,39.96875,-122.90625,0.5912207347849185,0.3799999952316284,2.0364294,1
cs_I_THM028,39.96875_-122.96875,39.96875,-122.96875,0.5988643115250732,0.3100000023841858,1.2439703,1
cs_I_THM028,40.03125_-122.78125,40.03125,-122.78125,0.6111062730999601,0.3457988202571869,1.5140699,1
cs_I_THM028,40.03125_-122.84375,40.03125,-122.84375,0.6881672390245365,0.25414201617240906,1.0486425,1
cs_I_THM028,40.03125_-122.90625,40.03125,-122.90625,0.5939207328714167,0.3254437744617462,1.2062802,1
cs_I_THM028,40.03125_-122.96875,40.03125,-122.96875,0.6551256739383493,0.2865680456161499,0.90060526,1
cs_I_UBEAR,38.53125_-120.15625,38.53125,-120.15625,0.6230432128990093,0.3902958631515503,1.0772175,1
cs_I_UBEAR,38.53125_-120.21875,38.53125,-120.21875,0.56031527128928,0.4017159640789032,1.2282064,1
cs_I_UBEAR,38.53125_-120.28125,38.53125,-120.28125,0.5590347295650833,0.4345562160015106,1.4052664,1
cs_I_UBEAR,38.59375_-120.09375,38.59375,-120.09375,0.8085936419336477,0.26573964953422546,0.46721667,1
cs_I_UBEAR,38.59375_-120.15625,38.59375,-120.15625,0.7477310754012774,0.24887573719024658,0.44766393,1
cs_I_UBEAR,38.59375_-120.21875,38.59375,-120.21875,0.6772174864741356,0.3766863942146301,0.99213415,1
cs_I_UBEAR,38.59375_-120.28125,38.59375,-120.28125,0.5751410288673902,0.4530177414417267,1.5698949,1
cs_I_UBEAR,38.65625_-120.09375,38.65625,-120.09375,0.7035952661080327,0.27603551745414734,0.5490117,1
cs_I_UBEAR,38.65625_-120.15625,38.65625,-120.15625,0.8409567432122624,0.2800000011920929,0.74549997,1
cs_I_UBEAR,38.65625_-120.21875,38.65625,-120.21875,0.7514184940251011,0.3163905441761017,1.3234475,1
cs_I_UNVLY,38.84375_-120.21875,38.84375,-120.21875,0.7649358157042858,0.3007100522518158,0.7288273,1
cs_I_UNVLY,38.84375_-120.28125,38.84375,-120.28125,0.6237338069827535,0.43834319710731506,1.2571446,1
cs_I_UNVLY,38.84375_-120.34375,38.84375,-120.34375,0.6169030835316849,0.4134911298751831,1.5656024,1
cs_I_UNVLY,38.84375_-120.40625,38.84375,-120.40625,0.5712399858555569,0.37840235233306885,1.5057489,1
cs_I_UNVLY,38.84375_-120.46875,38.84375,-120.46875,0.660936167435769,0.4351479411125183,1.7139742,1
cs_I_UNVLY,38.90625_-120.15625,38.90625,-120.15625,1.0116370393274936,0.18100591003894806,0.31845266,1
cs_I_UNVLY,38.90625_-120.21875,38.90625,-120.21875,0.9904632284502546,0.22573964297771454,0.35149533,1
cs_I_UNVLY,38.90625_-120.28125,38.90625,-120.28125,0.6207059382331384,0.40526628494262695,0.9624066,1
cs_I_UNVLY,38.90625_-120.34375,38.90625,-120.34375,0.6103980449439955,0.4612426161766052,1.525745,1
cs_I_UNVLY,38.90625_-120.40625,38.90625,-120.40625,0.6085636931021452,0.39041420817375183,1.7265567,1
cs_I_UNVLY,38.90625_-120.46875,38.90625,-120.46875,0.6520406810238294,0.4607100486755371,1.8633786,1
cs_I_UNVLY,38.96875_-120.21875,38.96875,-120.21875,0.9697711864281752,0.1917751431465149,0.34031188,1
cs_I_UNVLY,38.96875_-120.28125,38.96875,-120.28125,0.6594882423639127,0.33520710468292236,0.77995276,1
cs_I_UNVLY,38.96875_-120.34375,38.96875,-120.34375,0.6030427638034606,0.3949112296104431,1.2723114,1
cs_I_WBR001,38.65625_-120.71875,38.65625,-120.71875,0.5928254067544062,0.39946746826171875,1.6812677,1
cs_I_WBR001,38.65625_-120.78125,38.65625,-120.78125,0.6155823806979359,0.4218343198299408,1.7828407,1
cs_I_WBR001,38.65625_-120.84375,38.65625,-120.84375,0.7672741248420395,0.39331361651420593,1.4098833,1
cs_I_WBR001,38.65625_-120.90625,38.65625,-120.90625,0.7257099896967794,0.3917751610279083,1.4101399,1
cs_I_WBR001,38.65625_-120.96875,38.65625,-120.96875,0.8054892496705275,0.2862130105495453,1.2389095,1
cs_I_WBR001,38.71875_-120.53125,38.71875,-120.53125,0.5422189998517747,0.30000001192092896,3.061243,1
cs_I_WBR001,38.71875_-120.59375,38.71875,-120.59375,0.5420932559960816,0.4179881513118744,2.5693362,1
cs_I_WBR001,38.71875_-120.65625,38.71875,-120.65625,0.5603470969234311,0.4098816514015198,1.8365463,1
cs_I_WBR001,38.71875_-120.71875,38.71875,-120.71875,0.5775387762152755,0.40295857191085815,1.8992176,1
cs_I_WBR001,38.71875_-120.78125,38.71875,-120.78125,0.5942943325770539,0.3322485089302063,1.645333,1
cs_I_WBR001,38.71875_-120.84375,38.71875,-120.84375,0.7239005536516909,0.2931360900402069,1.4325713,1
cs_I_WBR001,38.71875_-120.90625,38.71875,-120.90625,0.7871617581065005,0.37023669481277466,1.3384719,1
cs_I_WBR001,38.71875_-120.96875,38.71875,-120.96875,0.8093367315014768,0.3546745479106903,1.25458,1
cs_I_WBR001,38.71875_-121.03125,38.71875,-121.03125,0.7861626230717602,0.3473372757434845,1.1699876,1
cs_I_WBR001,38.78125_-120.53125,38.78125,-120.53125,0.5753341645618377,0.4048520624637604,2.2786431,1
cs_I_WBR001,38.78125_-120.59375,38.78125,-120.59375,0.5678368658922481,0.41609466075897217,2.4744954,1
cs_I_WBR001,38.78125_-120.78125,38.78125,-120.78125,0.6076123798592997,0.4501183331012726,2.0757356,1
cs_I_WBR001,38.78125_-120.84375,38.78125,-120.84375,0.7183241093863869,0.44846153259277344,1.6167988,1
cs_I_WBR001,38.78125_-120.90625,38.78125,-120.90625,0.7998880752523194,0.36390531063079834,1.3807503,1
cs_I_WBR001,38.78125_-120.96875,38.78125,-120.96875,0.738710196988215,0.3885207176208496,1.3480928,1
