sheet,month,rch_mm,run_mm,area_m2,measured_m3,p_m3,q_m3
6,1999-10,0.3,0.1,17478941400,357413164.8,390184825.7601031,429203308.33611345
6,1999-11,8.7,2.0,17478941400,406777034.40000004,387501521.43015015,426251673.5731652
6,1999-12,6.8,0.2,17478941400,404231131.68,322191548.85956824,354410703.74552506
6,2000-01,23.2,36.9,17478941400,1030739059.8000001,846076960.6388304,930684656.7027135
6,2000-02,38.1,72.4,17478941400,1907634793.56,1462910524.036824,1609201576.4405065
6,2000-03,59.9,17.6,17478941400,1346236107.24,828950014.8771033,911845016.3648137
6,2000-04,57.9,52.5,17478941400,940155989.04,1193962057.2573895,1313358262.9831285
6,2000-05,22.4,12.2,17478941400,610719384.12,685974484.3274217,754571932.7601639
6,2000-06,3.6,1.7,17478941400,431346722.52,427971824.83049,470769007.313539
6,2000-07,0.2,0.2,17478941400,351100214.16,349055085.4480037,383960593.9928041
6,2000-08,0.0,0.0,17478941400,320635725.12,323245800.12144625,355570380.1335909
6,2000-09,0.1,0.0,17478941400,329041891.32,310738106.3260964,341811916.9587061
6,2000-10,1.4,0.6,17478941400,358893340.8,309853162.5992755,340838478.8592031
6,2000-11,2.3,0.0,17478941400,332036780.76,294728670.5613536,324201537.61748904
6,2000-12,5.2,0.3,17478941400,386074306.08,294223908.9925276,323646299.8917804
6,2001-01,10.8,2.6,17478941400,416681878.8,329667518.89055467,362634270.77961016
6,2001-02,18.7,17.8,17478941400,684602369.16,571530675.491665,628683743.0408316
6,2001-03,46.7,11.1,17478941400,802029665.16,521944344.6007453,574138779.0608199
6,2001-04,27.3,3.1,17478941400,513991116.0,390930214.589694,430023236.04866344
6,2001-05,7.8,2.5,17478941400,454417732.44,348831122.9913457,383714235.2904803
6,2001-06,0.3,0.2,17478941400,324818455.8,299020233.1986386,328922256.51850253
6,2001-07,0.0,0.0,17478941400,310001894.04,278608046.53238094,306468851.18561906
6,2001-08,0.0,0.0,17478941400,271544454.6,266199419.13959908,292819361.053559
6,2001-09,0.0,0.0,17478941400,247703753.16,255051724.61959267,280556897.08155197
6,2001-10,0.3,0.0,17478941400,250128774.84,255946287.8882937,281540916.6771231
6,2001-11,15.8,12.4,17478941400,446106544.2,436079706.33527064,479687676.96879774
6,2001-12,16.3,28.0,17478941400,1025498003.28,690446072.5847056,759490679.8431762
6,2002-01,17.3,6.4,17478941400,1081378347.72,446331187.2479485,490964305.9727434
6,2002-02,37.0,11.3,17478941400,642904577.76,489142460.26121366,538056706.287335
6,2002-03,49.0,13.0,17478941400,708802013.28,543024346.4057964,597326781.0463761
6,2002-04,59.4,26.2,17478941400,596860002.84,735449320.5967762,808994252.656454
6,2002-05,18.1,8.6,17478941400,447900024.12,512338817.3864877,563572699.1251365
6,2002-06,3.0,1.2,17478941400,289685244.96,354952112.3041997,390447323.5346197
6,2002-07,0.1,0.1,17478941400,258340051.20000002,301434698.1010795,331578167.9111875
6,2002-08,0.0,0.0,17478941400,249673620.72,281863022.9053562,310049325.19589186
6,2002-09,0.0,0.0,17478941400,223789042.92000002,269633046.31020874,296596350.94122964
6,2002-10,0.0,0.0,17478941400,229941641.16,258761098.96001562,284637208.85601723
6,2002-11,0.5,0.0,17478941400,278509916.16,263835560.9945276,290219117.0939804
6,2002-12,21.8,56.9,17478941400,1381247203.56,1094388804.6887598,1203827685.157636
6,2003-01,47.7,23.0,17478941400,1283688803.4,774741921.9003929,852216114.0904323
6,2003-02,29.2,3.4,17478941400,597238681.2,460185043.3411319,506203547.67524517
6,2003-03,62.6,26.5,17478941400,857849569.08,740563458.2993406,814619804.1292747
6,2003-04,45.6,52.2,17478941400,1009144525.44,1160138152.206262,1276151967.4268885
6,2003-05,33.7,24.6,17478941400,993721091.52,844753671.6339691,929229038.797366
6,2003-06,10.0,9.2,17478941400,420719058.84000003,555257458.7556771,610783204.6312449
6,2003-07,0.8,0.7,17478941400,299284186.32,369264028.6332141,406190431.49653554
6,2003-08,0.0,0.0,17478941400,249842607.48,316102783.24138576,347713061.56552434
6,2003-09,0.0,0.0,17478941400,255024456.96,298055079.332458,327860587.26570386
6,2003-10,0.0,0.0,17478941400,258166130.52,286324628.2203216,314957091.0423538
6,2003-11,0.3,0.1,17478941400,328802596.2,285492084.9130647,314041293.4043712
6,2003-12,13.0,21.7,17478941400,828396533.64,596923714.0888795,656616085.4977674
6,2004-01,18.5,7.4,17478941400,814908429.84,454572975.34563065,500030272.88019377
6,2004-02,25.8,49.8,17478941400,1692064427.88,1058469001.7626925,1164315901.9389617
6,2004-03,67.1,28.4,17478941400,961093078.5600001,889922198.9276487,978914418.8204136
6,2004-04,61.6,26.9,17478941400,636705107.28,836444807.8345083,920089288.6179593
6,2004-05,29.1,18.6,17478941400,482776671.12,699173022.6057985,769090324.8663784
6,2004-06,5.1,2.7,17478941400,325701627.48,436774306.35202587,480451736.9872285
6,2004-07,0.2,0.2,17478941400,282363307.68,342553356.12717485,376808691.73989236
6,2004-08,0.0,0.0,17478941400,232050891.96,313966171.8041763,345362788.9845939
6,2004-09,0.0,0.0,17478941400,222893536.44,302076460.8346054,332284106.91806597
6,2004-10,3.0,1.5,17478941400,302568943.56,317672795.7056751,349440075.2762427
6,2004-11,7.5,0.7,17478941400,260422165.44,316467834.57262826,348114618.02989113
6,2004-12,28.3,19.4,17478941400,588585819.0,592464735.3515915,651711208.8867507
6,2005-01,32.4,11.7,17478941400,740532052.8,545375309.3398371,599912840.2738209
6,2005-02,43.0,7.9,17478941400,615405374.64,505676483.4895735,556244131.8385309
6,2005-03,64.4,30.6,17478941400,975075807.84,826475754.577812,909123330.0355933
6,2005-04,38.6,11.6,17478941400,740475312.72,622850061.5920058,685135067.7512065
6,2005-05,35.2,51.0,17478941400,1352470115.16,1129654776.4075968,1242620254.0483565
6,2005-06,2.1,1.4,17478941400,544308820.92,515264019.7732736,566790421.7506009
6,2005-07,0.4,0.4,17478941400,329596957.32,373079055.10569394,410386960.6162634
6,2005-08,0.0,0.0,17478941400,265385688.96,332449633.51557237,365694596.8671296
6,2005-09,0.0,0.0,17478941400,249504633.96,316486330.3903932,348134963.4294326
6,2005-10,0.0,0.0,17478941400,264287891.76,309142426.81608653,340056669.4976952
6,2005-11,7.1,3.3,17478941400,358063208.76,370037044.4880495,407040748.9368545
6,2005-12,39.0,65.8,17478941400,1488435382.08,1268423701.7400599,1395266071.9140658
6,2006-01,27.8,30.1,17478941400,1744693319.04,951839704.7101703,1047023675.1811874
6,2006-02,49.3,18.5,17478941400,1017863995.5600001,724056141.6427581,796461755.807034
6,2006-03,22.6,32.5,17478941400,1700622312.1200001,905801660.3788602,996381826.4167464
6,2006-04,69.6,143.7,17478941400,2161542951.12,2515647403.6201863,2767212143.9822054
6,2006-05,65.0,75.4,17478941400,1150952787.1200001,1873782167.1415565,2061160383.8557124
6,2006-06,17.2,18.0,17478941400,538263535.44,927115030.5823704,1019826533.6406075
6,2006-07,1.7,1.4,17478941400,368393603.76,493293112.5328535,542622423.7861389
6,2006-08,0.1,0.0,17478941400,313581453.0,381089102.735383,419198013.0089213
6,2006-09,0.0,0.0,17478941400,282423748.2,351741224.01051736,386915346.4115691
6,2006-10,0.0,0.0,17478941400,296450882.76,338487880.03275377,372336668.03602916
6,2006-11,1.7,0.3,17478941400,355142328.12,339774308.1559621,373751738.97155833
6,2006-12,14.5,5.8,17478941400,590327492.76,413867559.74057674,455254315.7146345
6,2007-01,8.3,0.3,17478941400,401350955.88,355612201.35876334,391173421.4946397
6,2007-02,32.2,42.3,17478941400,747808351.32,956251467.5713842,1051876614.3285227
6,2007-03,43.9,4.5,17478941400,670974882.12,531379885.5584327,584517874.114276
6,2007-04,24.6,3.5,17478941400,426406635.12,427612581.61922765,470373839.78115046
6,2007-05,6.3,2.0,17478941400,368241885.72,377501558.3240502,415251714.1564552
6,2007-06,0.4,0.1,17478941400,261231328.32,331805951.3993113,364986546.53924245
6,2007-07,0.0,0.0,17478941400,273494586.48,313479608.1750973,344827568.99260706
6,2007-08,0.0,0.0,17478941400,235703226.24,301444635.0642737,331589098.5707011
6,2007-09,0.0,0.0,17478941400,235409658.0,291350136.4482061,320485150.09302676
6,2007-10,1.4,0.7,17478941400,279881545.92,291839787.2222494,321023765.94447434
6,2007-11,1.4,0.0,17478941400,257698641.6,273978860.4638024,301376746.5101827
6,2007-12,2.6,0.5,17478941400,398803819.68,274641060.157003,302105166.1727033
6,2008-01,7.8,10.9,17478941400,710573290.5600001,428124455.0702132,470936900.57723457
6,2008-02,19.0,16.7,17478941400,751977513.72,546732541.2753083,601405795.4028392
6,2008-03,29.9,7.8,17478941400,647939643.12,459214083.913182,505135492.3045003
6,2008-04,46.1,12.9,17478941400,455233062.72,519959780.5691242,571955758.6260366
6,2008-05,29.5,16.4,17478941400,481507420.2,569578282.4452835,626536110.689812
6,2008-06,1.5,0.3,17478941400,296200486.32,339504022.8956607,373454425.1852268
6,2008-07,0.0,0.0,17478941400,226508866.32,283861882.6562687,312248070.9218956
6,2008-08,0.0,0.0,17478941400,202953098.76,265281574.2244582,291809731.64690405
6,2008-09,0.0,0.0,17478941400,200521909.68,252921998.88369384,278214198.77206326
6,2008-10,0.1,0.0,17478941400,245666044.20000002,242921505.21647856,267213655.73812643
6,2008-11,2.6,0.2,17478941400,307163656.56,237932612.99763918,261725874.29740313
6,2008-12,4.9,0.7,17478941400,275811061.92,245728080.2050961,270300888.2256057
6,2009-01,7.6,0.2,17478941400,302884714.44,245049891.39522007,269554880.5347421
6,2009-02,27.6,42.6,17478941400,818874068.04,863164623.7274157,949481086.1001574
6,2009-03,47.4,30.3,17478941400,1282555235.28,827769039.5310954,910545943.484205
6,2009-04,36.7,6.7,17478941400,578808023.04,481654210.3328425,529819631.36612684
6,2009-05,17.4,15.6,17478941400,756226852.32,532791592.5747253,586070751.8321978
6,2009-06,1.3,1.5,17478941400,328462155.72,331569251.39691603,364726176.5366077
6,2009-07,0.1,0.0,17478941400,254116615.68,263424320.33663082,289766752.3702939
6,2009-08,0.0,0.0,17478941400,218159440.20000002,241184436.47780198,265302880.1255822
6,2009-09,0.0,0.0,17478941400,197893363.8,235171440.0300342,258688584.03303766
6,2009-10,0.4,0.2,17478941400,325012112.16,237958809.58459976,261754690.54305977
6,2009-11,3.2,0.1,17478941400,262618993.32,219259933.40902957,241185926.74993256
6,2009-12,5.5,1.0,17478941400,359788847.28000003,215084746.79119402,236593221.47031343
6,2010-01,29.0,55.8,17478941400,1143903448.92,1003030612.8528496,1103333674.1381347
6,2010-02,40.2,20.7,17478941400,1031712275.52,715330818.2345048,786863900.0579554
6,2010-03,54.2,11.5,17478941400,786141209.28,546550271.5555736,601205298.711131
6,2010-04,43.8,43.0,17478941400,904841456.64,961422378.4218956,1057564616.2640853
6,2010-05,27.3,16.6,17478941400,715075492.5600001,660838850.4644994,726922735.5109494
6,2010-06,9.3,9.8,17478941400,597912161.28,497085133.60392517,546793646.9643177
6,2010-07,1.0,0.8,17478941400,312957312.12,328301581.27137405,361131739.39851147
6,2010-08,0.0,0.0,17478941400,265185865.20000002,243015500.0369917,267317050.04069087
6,2010-09,0.0,0.0,17478941400,243376705.32,234923788.61760423,258416167.47936466
8,1999-10,0.1,0.0,9054325800,120608440.92,127450823.18735385,127450823.18735385
8,1999-11,9.4,1.1,9054325800,186217242.12,133783316.43450531,133783316.43450531
8,1999-12,9.1,0.5,9054325800,151577423.28,164570616.8606909,164570616.8606909
8,2000-01,25.5,25.1,9054325800,533211201.36,449390205.07212615,449390205.07212615
8,2000-02,49.6,112.6,9054325800,1206347140.44,1291124630.1494431,1291124630.1494431
8,2000-03,83.6,39.1,9054325800,939116165.4,1022797278.9003284,1022797278.9003284
8,2000-04,94.0,107.0,9054325800,861469832.88,1359429881.9782379,1359429881.9782379
8,2000-05,36.4,38.7,9054325800,602034451.44,782619447.5307243,782619447.5307243
8,2000-06,2.3,0.6,9054325800,256324544.88,304797829.44009316,304797829.44009316
8,2000-07,0.0,0.0,9054325800,161976893.16,154103686.67703515,154103686.67703515
8,2000-08,0.0,0.0,9054325800,115848441.60000001,88997795.88329595,88997795.88329595
8,2000-09,0.0,0.0,9054325800,101350117.68,67611292.11503111,67611292.11503111
8,2000-10,0.7,0.4,9054325800,136437689.76,70431149.99539855,70431149.99539855
8,2000-11,2.5,0.1,9054325800,118909938.96000001,63363791.643312015,63363791.643312015
8,2000-12,14.1,1.9,9054325800,151373899.08,117019652.62338477,117019652.62338477
8,2001-01,20.5,6.1,9054325800,169982178.36,194433151.5451695,194433151.5451695
8,2001-02,22.3,22.7,9054325800,260935293.12,467173997.6872524,467173997.6872524
8,2001-03,61.0,34.9,9054325800,489053850.84000003,641597861.3156385,641597861.3156385
8,2001-04,51.8,20.9,9054325800,417666195.84000003,467603517.9184284,467603517.9184284
8,2001-05,9.4,2.5,9054325800,366342326.52,223826069.3068903,223826069.3068903
8,2001-06,0.0,0.0,9054325800,132052668.36,115502457.44098972,115502457.44098972
8,2001-07,0.0,0.0,9054325800,106036108.2,68712395.42410244,68712395.42410244
8,2001-08,0.0,0.0,9054325800,87525273.84,67473464.22608717,67473464.22608717
8,2001-09,0.0,0.0,9054325800,80728799.04,65967239.481200315,65967239.481200315
8,2001-10,0.0,0.0,9054325800,77346596.88,55751278.118205786,55751278.118205786
8,2001-11,18.8,14.5,9054325800,210640146.12,197597100.26858622,197597100.26858622
8,2001-12,19.7,32.9,9054325800,450925750.56,408954056.239862,408954056.239862
8,2002-01,23.3,9.1,9054325800,607370485.92,329716785.7385316,329716785.7385316
8,2002-02,37.0,15.3,9054325800,375049461.84000003,444209491.25404036,444209491.25404036
8,2002-03,54.0,28.7,9054325800,550384943.4,667937469.0843315,667937469.0843315
8,2002-04,73.6,57.9,9054325800,624489954.84,837441486.4650223,837441486.4650223
8,2002-05,26.8,20.2,9054325800,421007693.16,482828212.1461162,482828212.1461162
8,2002-06,1.6,0.4,9054325800,198125258.04,204243797.84035376,204243797.84035376
8,2002-07,0.0,0.0,9054325800,117212670.48,107446810.0432525,107446810.0432525
8,2002-08,0.0,0.0,9054325800,92490030.84,68422370.44882648,68422370.44882648
8,2002-09,0.0,0.0,9054325800,79420076.76,67431695.36648813,67431695.36648813
8,2002-10,0.0,0.0,9054325800,64850211.0,64399610.56635932,64399610.56635932
8,2002-11,4.0,1.2,9054325800,166053544.56,118246185.11395189,118246185.11395189
8,2002-12,32.3,78.4,9054325800,816471249.0,827864179.579039,827864179.579039
8,2003-01,57.2,40.9,9054325800,916265948.4,699882174.7196913,699882174.7196913
8,2003-02,37.4,7.7,9054325800,456265485.48,576361814.2415743,576361814.2415743
8,2003-03,81.9,47.0,9054325800,701390031.96,838732221.1680695,838732221.1680695
8,2003-04,56.9,85.9,9054325800,787842178.2,1146509572.7804759,1146509572.7804759
8,2003-05,44.8,83.6,9054325800,1035279499.6800001,1076113516.7268438,1076113516.7268438
8,2003-06,11.4,10.0,9054325800,428618264.76,431685930.64484835,431685930.64484835
8,2003-07,0.2,0.1,9054325800,167085967.32,178030533.1980932,178030533.1980932
8,2003-08,0.0,0.0,9054325800,144249318.6,92902082.61650182,92902082.61650182
8,2003-09,0.0,0.0,9054325800,103841747.28,68248025.70958707,68248025.70958707
8,2003-10,0.0,0.0,9054325800,91019722.68,67406888.55746885,67406888.55746885
8,2003-11,0.2,0.0,9054325800,130579893.24,61115483.452498324,61115483.452498324
8,2003-12,15.3,20.3,9054325800,492322572.84000003,257987698.8373495,257987698.8373495
8,2004-01,23.9,10.2,9054325800,398303026.8,263630854.7790828,263630854.7790828
8,2004-02,25.8,48.9,9054325800,965518804.8000001,688569188.7819641,688569188.7819641
8,2004-03,63.9,45.5,9054325800,892579431.96,867513638.9900529,867513638.9900529
8,2004-04,83.9,66.9,9054325800,639907221.36,983235876.5531234,983235876.5531234
8,2004-05,35.9,38.8,9054325800,499746888.96,675674130.9057597,675674130.9057597
8,2004-06,3.0,1.2,9054325800,236227455.24,265000051.1943526,265000051.1943526
8,2004-07,0.0,0.0,9054325800,134587469.76,130666237.49695176,130666237.49695176
8,2004-08,0.0,0.0,9054325800,113856371.4,73471255.23202227,73471255.23202227
8,2004-09,0.0,0.0,9054325800,92739193.8,67581487.43422115,67581487.43422115
8,2004-10,2.1,1.1,9054325800,153417775.44,75790454.56796044,75790454.56796044
8,2004-11,6.9,0.5,9054325800,134971082.04,151589912.8031714,151589912.8031714
8,2004-12,36.1,22.4,9054325800,287783218.8,386330842.1302837,386330842.1302837
8,2005-01,39.0,23.9,9054325800,369072017.76,505507792.6583955,505507792.6583955
8,2005-02,48.1,14.8,9054325800,402415449.12,589777785.8555644,589777785.8555644
8,2005-03,79.8,98.8,9054325800,843950716.44,1254670696.8245816,1254670696.8245816
8,2005-04,68.5,33.9,9054325800,737164652.4,846618455.8956295,846618455.8956295
8,2005-05,39.6,73.3,9054325800,1377113812.08,914699202.3198252,914699202.3198252
8,2005-06,1.0,0.6,9054325800,485225128.92,316541936.4374511,316541936.4374511
8,2005-07,0.0,0.0,9054325800,211835388.24,146576082.80072737,146576082.80072737
8,2005-08,0.0,0.0,9054325800,137565090.48,80911251.0374535,80911251.0374535
8,2005-09,0.0,0.0,9054325800,122100951.72,67754831.0786424,67754831.0786424
8,2005-10,0.0,0.0,9054325800,105256548.84,67338442.99233694,67338442.99233694
8,2005-11,7.3,0.9,9054325800,177437331.48,187133340.16341737,187133340.16341737
8,2005-12,47.4,146.2,9054325800,1669406633.76,1309188385.4341416,1309188385.4341416
8,2006-01,37.7,36.0,9054325800,1262377969.44,827717296.1723487,827717296.1723487
8,2006-02,63.2,37.6,9054325800,893944894.32,677385719.0099767,677385719.0099767
8,2006-03,25.1,42.8,9054325800,1397648787.1200001,850168976.2924898,850168976.2924898
8,2006-04,84.9,217.8,9054325800,2104519170.72,2278820771.6829963,2278820771.6829963
8,2006-05,102.2,179.8,9054325800,1487908686.1200001,2131071341.842193,2131071341.842193
8,2006-06,27.6,40.7,9054325800,520269529.2,950781713.1881247,950781713.1881247
8,2006-07,1.0,0.4,9054325800,238129481.4,336181764.16760945,336181764.16760945
8,2006-08,0.0,0.0,9054325800,156511343.28,159849811.63673678,159849811.63673678
8,2006-09,0.0,0.0,9054325800,116269058.28,89990040.22074129,89990040.22074129
8,2006-10,0.0,0.0,9054325800,120496194.24,67754194.67061087,67754194.67061087
8,2006-11,1.2,0.1,9054325800,170553279.6,115514337.56937689,115514337.56937689
8,2006-12,23.4,8.9,9054325800,349241359.8,159780639.25591046,159780639.25591046
8,2007-01,7.5,0.4,9054325800,223284549.6,205641264.6399987,205641264.6399987
8,2007-02,39.1,69.8,9054325800,575998155.6,841304314.566646,841304314.566646
8,2007-03,62.9,19.2,9054325800,544132433.28,590217602.1172662,590217602.1172662
8,2007-04,44.8,13.9,9054325800,381763293.48,387613488.63935137,387613488.63935137
8,2007-05,3.5,0.9,9054325800,278123836.92,187913913.10622922,187913913.10622922
8,2007-06,0.0,0.0,9054325800,135206676.72,102995733.44325788,102995733.44325788
8,2007-07,0.0,0.0,9054325800,141011433.6,68063852.8870466,68063852.8870466
8,2007-08,0.0,0.0,9054325800,114950468.16,67380985.17956042,67380985.17956042
8,2007-09,0.0,0.0,9054325800,98752408.8,63852618.135707326,63852618.135707326
8,2007-10,0.2,0.1,9054325800,112234345.2,54729464.862447165,54729464.862447165
8,2007-11,0.4,0.0,9054325800,91793114.64,45822565.11605211,45822565.11605211
8,2007-12,4.9,0.8,9054325800,142786411.32,45169201.078581065,45169201.078581065
8,2008-01,13.0,14.3,9054325800,281851413.48,177423118.38116232,177423118.38116232
8,2008-02,24.5,21.6,9054325800,294538988.76,318601307.12536263,318601307.12536263
8,2008-03,27.7,10.9,9054325800,448599407.28000003,411773530.4535285,411773530.4535285
8,2008-04,62.3,32.8,9054325800,441419320.2,569379965.6420412,569379965.6420412
8,2008-05,35.4,22.9,9054325800,515250499.08,417572533.5716424,417572533.5716424
8,2008-06,0.2,0.0,9054325800,178461119.88,166668902.6914749,166668902.6914749
8,2008-07,0.0,0.0,9054325800,109102539.48,85312259.7311563,85312259.7311563
8,2008-08,0.0,0.0,9054325800,81011265.96000001,68239312.68251507,68239312.68251507
8,2008-09,0.0,0.0,9054325800,64140960.0,67405655.65767102,67405655.65767102
8,2008-10,0.0,0.0,9054325800,79445979.84,59350554.74079949,59350554.74079949
8,2008-11,5.3,0.6,9054325800,156855484.2,54718774.08635234,54718774.08635234
8,2008-12,15.1,2.8,9054325800,139448614.44,136881907.01783842,136881907.01783842
8,2009-01,28.4,7.3,9054325800,212090718.6,252632463.5571413,252632463.5571413
8,2009-02,34.7,54.7,9054325800,587184585.72,727883026.9925576,727883026.9925576
8,2009-03,58.3,54.3,9054325800,958848144.96,892771707.2382495,892771707.2382495
8,2009-04,67.9,31.2,9054325800,505202571.0,663755811.6705635,663755811.6705635
8,2009-05,22.7,38.2,9054325800,748341214.6800001,567060942.4850388,567060942.4850388
8,2009-06,0.3,0.1,9054325800,217247898.48,208493965.3408481,208493965.3408481
8,2009-07,0.0,0.0,9054325800,105229412.28,101594822.51833215,101594822.51833215
8,2009-08,0.0,0.0,9054325800,96009149.28,68918236.6507911,68918236.6507911
8,2009-09,0.0,0.0,9054325800,75599989.2,67503428.37418121,67503428.37418121
8,2009-10,0.2,0.1,9054325800,114856723.68,63002210.406898394,63002210.406898394
8,2009-11,1.8,0.1,9054325800,92493731.28,53693325.545644335,53693325.545644335
8,2009-12,10.4,1.9,9054325800,139495486.68,108299920.82981123,108299920.82981123
8,2010-01,28.2,50.3,9054325800,428826722.88,569597959.2257216,569597959.2257216
8,2010-02,41.0,21.0,9054325800,388362411.48,581003767.9951013,581003767.9951013
8,2010-03,70.4,33.3,9054325800,539868292.92,714187610.463145,714187610.463145
8,2010-04,62.4,90.4,9054325800,762314076.12,1102761987.2845235,1102761987.2845235
8,2010-05,33.7,48.7,9054325800,842370628.5600001,778307779.4175427,778307779.4175427
8,2010-06,9.8,6.0,9054325800,676939991.4,321018919.3490983,321018919.3490983
8,2010-07,0.0,0.0,9054325800,223210540.8,141205247.49716008,141205247.49716008
8,2010-08,0.0,0.0,9054325800,115586943.84,71129072.66606708,71129072.66606708
8,2010-09,0.0,0.0,9054325800,98605624.68,67278235.40241194,67278235.40241194
9,1999-10,1.2,0.1,3174284700,41755764.96,42957023.973086976,36083900.13739306
9,1999-11,25.1,3.8,3174284700,51088274.64,82448008.17458856,69256326.8666544
9,1999-12,25.4,1.5,3174284700,47579024.04,81059390.91534227,68089888.3688875
9,2000-01,49.3,84.9,3174284700,314447355.96,384969931.65843076,323374742.59308183
9,2000-02,71.8,234.2,3174284700,664596557.04,912461024.6336129,766467260.6922348
9,2000-03,84.1,52.3,3174284700,493171207.08,404113384.2433319,339455242.7643988
9,2000-04,87.1,94.3,3174284700,475620020.16,550093041.2865602,462078154.68071055
9,2000-05,55.7,117.8,3174284700,449563988.64,584610796.7982864,491073069.3105606
9,2000-06,19.7,10.9,3174284700,126606854.16,172438057.74110872,144847968.50253132
9,2000-07,0.0,0.0,3174284700,42783253.8,59197072.035964854,49725540.51021048
9,2000-08,0.0,0.0,3174284700,18927750.6,24780036.835437566,20815230.941767555
9,2000-09,0.0,0.0,3174284700,23136384.36,18911382.211738784,15885561.057860577
9,2000-10,3.2,2.2,3174284700,22945194.96,24060667.987968706,20210961.109893713
9,2000-11,8.6,0.4,3174284700,52395763.44,17745593.116820104,14906298.218128888
9,2000-12,37.3,5.4,3174284700,53875939.44,86107333.02946076,72330159.74474703
9,2001-01,41.1,14.9,3174284700,59219374.800000004,150557123.3904118,126467983.6479459
9,2001-02,43.4,30.9,3174284700,115806503.28,219591260.30278695,184456658.65434104
9,2001-03,86.9,52.2,3174284700,259172650.20000002,370063047.531336,310852959.9263222
9,2001-04,69.3,40.6,3174284700,249229567.92000002,342953611.68622625,288081033.81643003
9,2001-05,29.5,13.5,3174284700,252825162.12,193145928.3867767,162242579.8448924
9,2001-06,0.0,0.0,3174284700,34916118.36,67464084.10512134,56669830.64830193
9,2001-07,0.0,0.0,3174284700,11995593.0,28565735.708429925,23995217.995081138
9,2001-08,0.0,0.0,3174284700,11366518.2,18911391.01717139,15885568.454423968
9,2001-09,0.0,0.0,3174284700,13019381.4,17479776.038061704,14683011.87197183
9,2001-10,0.0,0.0,3174284700,17709072.36,15484679.214820668,13007130.54044936
9,2001-11,30.7,27.8,3174284700,82804745.88,122903290.49160105,103238764.01294488
9,2001-12,39.4,69.1,3174284700,233957852.04,305261989.7091026,256420071.35564616
9,2002-01,52.6,21.9,3174284700,282797492.64,204100067.5323714,171444056.72719198
9,2002-02,80.1,47.8,3174284700,230659526.52,348383255.21264464,292641934.37862146
9,2002-03,87.6,81.0,3174284700,347240655.24,496072269.9409917,416700706.750433
9,2002-04,81.7,83.7,3174284700,401960295.0,516322772.4392344,433711128.8489569
9,2002-05,62.1,71.1,3174284700,354499685.04,448561827.5842635,376791935.1707813
9,2002-06,18.6,10.9,3174284700,118248793.68,172180973.27469128,144632017.55074066
9,2002-07,0.0,0.0,3174284700,27526339.68,60412500.43285359,50746500.36359701
9,2002-08,0.0,0.0,3174284700,14661143.28,25365587.936728217,21307093.866851702
9,2002-09,0.0,0.0,3174284700,12877531.200000001,18911374.206870418,15885554.33377115
9,2002-10,0.0,0.0,3174284700,15069425.16,17231150.54063578,14474166.454134054
9,2002-11,17.4,7.4,3174284700,82675230.48,43231667.27541731,36314600.51135054
9,2002-12,52.9,122.9,3174284700,361784617.92,488142418.98869485,410039631.95050365
9,2003-01,100.5,66.3,3174284700,401769105.6,435289583.78557163,365643250.37988013
9,2003-02,53.5,16.2,3174284700,212750630.4,248206296.89263982,208493289.38981745
9,2003-03,94.6,67.2,3174284700,350049289.2,461106576.33589095,387329524.1221484
9,2003-04,59.3,131.4,3174284700,424583551.68,630202819.6700921,529370368.52287734
9,2003-05,63.4,136.7,3174284700,686772060.48,642167026.8314965,539420302.538457
9,2003-06,37.4,37.6,3174284700,270005071.56,285773159.23087823,240049453.75393772
9,2003-07,0.0,0.0,3174284700,29892154.32,74397452.0315134,62493859.70647125
9,2003-08,0.0,0.0,3174284700,61862722.44,31069132.487377875,26098071.289397415
9,2003-09,0.0,0.0,3174284700,26518586.52,18911649.518301576,15885785.595373323
9,2003-10,0.0,0.0,3174284700,26755414.68,17676744.508821346,14848465.38740993
9,2003-11,0.5,0.0,3174284700,41240170.32,15661978.412773589,13156061.866729815
9,2003-12,28.9,46.3,3174284700,228472566.48,179047017.43673408,150399494.64685664
9,2004-01,50.0,22.9,3174284700,184724731.32,180470296.5508597,151595049.10272214
9,2004-02,52.6,97.7,3174284700,382498447.56,445047166.6113034,373839619.95349485
9,2004-03,76.3,70.4,3174284700,404334744.0,420347255.77458376,353091694.85065037
9,2004-04,74.9,75.5,3174284700,352929465.0,457476453.92553794,384280221.29745185
9,2004-05,63.0,85.8,3174284700,292897226.88,480052110.72870076,403243773.0121086
9,2004-06,22.2,12.0,3174284700,94050383.04,176318229.27950394,148107312.5947833
9,2004-07,0.0,0.0,3174284700,31773211.32,60397665.73495399,50734039.21736135
9,2004-08,0.0,0.0,3174284700,19940437.68,25322969.90970386,21271294.72415124
9,2004-09,0.0,0.0,3174284700,17503081.2,18911385.95182742,15885564.199535035
9,2004-10,10.6,6.3,3174284700,50879816.52,37872074.374089584,31812542.474235248
9,2004-11,31.6,3.1,3174284700,43126161.24,76343567.70326531,64128596.87074286
9,2004-12,76.7,61.1,3174284700,132675575.76,354226084.41783404,297549910.9109806
9,2005-01,74.1,61.4,3174284700,216903757.56,397197737.7602457,333646099.71860635
9,2005-02,72.7,35.4,3174284700,200297416.32,331643092.6162649,278580197.7976625
9,2005-03,79.5,167.7,3174284700,445919055.24,760098454.069837,638482701.418663
9,2005-04,70.5,49.6,3174284700,393052102.44,394503683.6432157,331383094.2603012
9,2005-05,52.2,200.5,3174284700,968513694.24,821992479.4755249,690473682.7594409
9,2005-06,12.7,22.2,3174284700,341893519.44,192754266.04157275,161913583.4749211
9,2005-07,0.1,0.0,3174284700,79444746.36,50714770.19886139,42600406.96704356
9,2005-08,0.0,0.0,3174284700,31627660.68,20492085.256844226,17213351.61574915
9,2005-09,0.0,0.0,3174284700,26153476.44,18911502.601183075,15885662.184993783
9,2005-10,0.1,0.0,3174284700,30429951.6,16872289.374901325,14172723.074917112
9,2005-11,16.7,2.5,3174284700,49504486.32,24971887.62173884,20976385.602260623
9,2005-12,87.7,334.7,3174284700,1053775532.28,1205390913.5805502,1012528367.4076622
9,2006-01,63.7,93.6,3174284700,640475855.64,497776983.9605771,418132666.52688473
9,2006-02,90.1,72.0,3174284700,525263889.72,469558828.72397345,394429416.1281377
9,2006-03,38.4,92.6,3174284700,605651014.8,468777180.5160008,393772831.6334407
9,2006-04,75.2,307.6,3174284700,1013654128.32,1171931677.4439285,984422609.0528998
9,2006-05,92.8,205.7,3174284700,871378377.72,914811548.2504653,768441700.5303909
9,2006-06,72.4,165.8,3174284700,275875202.88,770756203.5882758,647435211.0141517
9,2006-07,15.1,10.5,3174284700,85211265.36,180353908.80682236,151497283.39773077
9,2006-08,0.0,0.0,3174284700,34193299.08,62000837.67041679,52080703.6431501
9,2006-09,0.0,0.0,3174284700,21664842.72,26057299.712784648,21888131.758739103
9,2006-10,0.0,0.0,3174284700,24211978.92,18911387.70711591,15885565.673977364
9,2006-11,15.1,1.7,3174284700,52373560.800000004,32457932.46693763,27264663.272227608
9,2006-12,53.8,24.2,3174284700,143368613.88,184235471.7561801,154757796.27519128
9,2007-01,23.4,1.9,3174284700,101711527.32000001,96989018.13798042,81470775.23590355
9,2007-02,73.0,150.9,3174284700,307151321.76,637089590.8075247,535155256.2783207
9,2007-03,62.8,28.1,3174284700,300685419.6,281589697.2427332,236535345.68389586
9,2007-04,77.3,46.3,3174284700,253737937.32,363382400.7518013,305241216.6315131
9,2007-05,26.4,15.3,3174284700,219174594.24,195594727.41562426,164299571.02912438
9,2007-06,0.2,0.0,3174284700,54243516.480000004,66295820.99944414,55688489.63953308
9,2007-07,0.0,0.0,3174284700,23320172.88,27978128.979107425,23501628.342450235
9,2007-08,0.0,0.0,3174284700,14891804.040000001,18911407.67502786,15885582.447023401
9,2007-09,0.0,0.0,3174284700,17663433.6,17433461.721840136,14644107.846345713
9,2007-10,1.9,1.3,3174284700,42529156.92,19507179.99867322,16386031.198885504
9,2007-11,2.9,0.1,3174284700,30839466.96,14730267.204641541,12373424.451898895
9,2007-12,13.3,4.1,3174284700,61995938.28,26563729.46587235,22313532.751332775
9,2008-01,28.4,33.9,3174284700,153051431.88,155938268.24455234,130988145.32542397
9,2008-02,68.5,57.4,3174284700,171277332.36,324316097.0057745,272425521.4848506
9,2008-03,70.5,37.3,3174284700,224719086.84,306717458.3541225,257642665.0174629
9,2008-04,66.7,47.3,3174284700,284319606.96,349924628.7230337,293936688.1273483
9,2008-05,63.9,76.1,3174284700,389424437.76,441434361.2512062,370804863.4510132
9,2008-06,8.5,2.3,3174284700,88097608.56,118443034.02138324,99492148.57796192
9,2008-07,0.0,0.0,3174284700,24051626.52,47243385.779136576,39684444.05447472
9,2008-08,0.0,0.0,3174284700,16130217.96,19433459.527926568,16324106.003458317
9,2008-09,0.0,0.0,3174284700,9441055.92,18911310.93134048,15885501.182326002
9,2008-10,0.0,0.0,3174284700,25419555.84,16803601.457313918,14115025.22414369
9,2008-11,17.6,2.8,3174284700,63282457.92,27098593.178093217,22762818.2695983
9,2008-12,36.9,10.0,3174284700,47809684.8,107950359.9246514,90678302.33670717
9,2009-01,59.7,19.6,3174284700,109424477.76,200471245.4707836,168395846.1954582
9,2009-02,56.7,89.7,3174284700,280069034.88,441559605.23835987,370910068.4002223
9,2009-03,80.6,87.4,3174284700,466525572.12,489816473.6578904,411445837.8726279
9,2009-04,64.5,45.3,3174284700,312853699.8,354711909.5671838,297958004.03643435
9,2009-05,40.2,150.5,3174284700,615084669.84,635697178.050098,533985629.56208223
9,2009-06,1.2,1.1,3174284700,109547825.76,89160208.02446721,74894574.74055246
9,2009-07,0.0,0.0,3174284700,31007220.240000002,33229730.9266183,27912973.97835937
9,2009-08,0.0,0.0,3174284700,14656209.36,18913846.95690388,15887631.443799257
9,2009-09,0.0,0.0,3174284700,13813742.52,17836541.72437055,14982695.048471263
9,2009-10,1.0,0.5,3174284700,27433828.68,17370466.39935238,14591191.775455998
9,2009-11,4.4,0.2,3174284700,23955415.080000002,14996769.296800284,12597286.209312238
9,2009-12,21.8,6.9,3174284700,57156996.24,44690595.46214756,37540100.18820395
9,2010-01,61.3,85.2,3174284700,169504821.6,387018817.61522615,325095806.79678994
9,2010-02,75.8,44.2,3174284700,167010725.04,329035393.5719999,276389730.6004799
9,2010-03,87.2,54.2,3174284700,251856880.32,406412003.80488485,341386083.1961033
9,2010-04,64.6,129.3,3174284700,404886109.56,624504374.9318589,524583674.9427615
9,2010-05,40.7,100.5,3174284700,501324509.88,491320379.28373,412709118.5983332
9,2010-06,40.6,50.1,3174284700,527269528.2,310193372.2659191,260562432.70337203
9,2010-07,0.9,0.2,3174284700,86976375.24,71623187.79901874,60163477.75117574
9,2010-08,0.0,0.0,3174284700,26678938.92,29191775.839804485,24521091.705435768
9,2010-09,0.0,0.0,3174284700,23323873.32,18911292.87738748,15885486.01700548
11,1999-10,1.1,0.0,4724867700,22927926.240000002,15241936.935270105,14327420.719153898
11,1999-11,9.5,0.7,4724867700,42368804.52,38793021.85404581,36465440.54280306
11,1999-12,9.4,0.3,4724867700,50116292.4,43069733.262520954,40485549.26676969
11,2000-01,51.8,53.2,4724867700,389874657.96,424815062.2723298,399326158.53599
11,2000-02,77.5,178.4,4724867700,836005871.76,1132975885.5222163,1064997332.3908833
11,2000-03,75.2,18.3,4724867700,531141421.92,439019858.89806736,412678667.3641833
11,2000-04,83.7,49.3,4724867700,540000275.28,605758862.9664916,569413331.1885021
11,2000-05,42.5,78.3,4724867700,574941063.24,627766032.7745574,590100070.8080839
11,2000-06,8.1,2.5,4724867700,197327196.48,131633092.6591272,123735107.09957957
11,2000-07,0.0,0.0,4724867700,55578141.84,36686404.80674523,34485220.51834051
11,2000-08,0.0,0.0,4724867700,15119997.84,11145215.184423229,10476502.273357835
11,2000-09,0.1,0.0,4724867700,23064842.52,3560994.5348423817,3347334.8627518388
11,2000-10,2.6,1.2,4724867700,23701318.2,15352876.310620323,14431703.731983103
11,2000-11,2.6,0.1,4724867700,26324930.16,12094217.150024068,11368564.121022623
11,2000-12,12.3,0.5,4724867700,41539905.96,46092505.961968444,43326955.604250334
11,2001-01,29.4,2.3,4724867700,66076290.12,118915981.32223028,111781022.44289646
11,2001-02,41.2,12.9,4724867700,130079100.36,226055332.19101647,212492012.25955546
11,2001-03,76.3,17.2,4724867700,281095290.24,375583304.235661,353048305.9815213
11,2001-04,56.3,30.2,4724867700,311900219.76,417303433.39680433,392265227.3929961
11,2001-05,22.5,11.6,4724867700,314383215.0,220015483.90843523,206814554.8739291
11,2001-06,0.2,0.0,4724867700,39629245.44,55221180.73072528,51907909.88688176
11,2001-07,0.0,0.0,4724867700,15740438.28,16931176.158049606,15915305.58856663
11,2001-08,0.0,0.0,4724867700,2866607.52,4994004.471893724,4694364.2035801
11,2001-09,0.0,0.0,4724867700,7819029.72,1383223.6062588182,1300230.189883289
11,2001-10,0.0,0.0,4724867700,2508898.32,355245.7773335896,333931.0306935742
11,2001-11,12.8,7.3,4724867700,67108712.88,76238183.82398404,71663892.794545
11,2001-12,32.1,29.4,4724867700,222929307.36,253228311.9071409,238034613.19271246
11,2002-01,50.2,10.8,4724867700,279290709.0,249604554.1645261,234628280.91465452
11,2002-02,81.5,26.5,4724867700,268871503.44,444949570.7116369,418252596.46893865
11,2002-03,88.9,60.0,4724867700,439139849.16,666307738.965238,626329274.6273236
11,2002-04,75.6,43.7,4724867700,524088383.28000003,575098438.3128917,540592532.0141182
11,2002-05,50.4,42.2,4724867700,460945308.6,481945310.0403577,453028591.43793625
11,2002-06,10.8,5.3,4724867700,189255303.36,157304540.80804104,147866268.35955855
11,2002-07,0.0,0.0,4724867700,26894797.92,42282988.04993461,39746008.76693853
11,2002-08,0.0,0.0,4724867700,10267487.52,12892794.348700449,12119226.68777842
11,2002-09,0.0,0.0,4724867700,6722466.0,3752425.9596445225,3527280.402065851
11,2002-10,0.0,0.0,4724867700,0.0,1022929.8824698816,961554.0895216886
11,2002-11,6.9,2.9,4724867700,79639636.2,36778892.548087135,34572158.99520191
11,2002-12,33.2,30.5,4724867700,239751507.6,255671182.18781677,240330911.25654775
11,2003-01,74.6,20.7,4724867700,297136697.64,371090169.2693897,348824759.1132263
11,2003-02,46.8,3.7,4724867700,197853892.44,257555851.09069657,242102500.02525476
11,2003-03,89.6,28.3,4724867700,332112023.04,491722826.3718111,462219456.7895024
11,2003-04,65.1,91.1,4724867700,512065653.72,750062992.2959177,705059212.7581626
11,2003-05,48.9,74.6,4724867700,782555482.92,617336217.9892511,580296044.909896
11,2003-06,21.0,18.1,4724867700,328322772.48,245420571.82037964,230695337.51115686
11,2003-07,0.0,0.0,4724867700,47723341.2,52160737.58772643,49031093.33246284
11,2003-08,0.0,0.0,4724867700,20818675.44,15730733.044386625,14786889.061723428
11,2003-09,0.0,0.0,4724867700,5665373.64,4619726.667113843,4342543.067087012
11,2003-10,0.0,0.0,4724867700,24546252.0,1274038.181023144,1197595.8901617553
11,2003-11,0.2,0.0,4724867700,20085988.32,1031297.2543325771,969419.4190726224
11,2003-12,17.8,14.0,4724867700,180945348.6,123586707.16562471,116171504.73568723
11,2004-01,41.9,6.6,4724867700,164041738.68,184165851.4568407,173115900.36943024
11,2004-02,55.1,53.2,4724867700,330677485.8,471188917.4456911,442917582.3989496
11,2004-03,64.6,28.5,4724867700,472258787.16,414571118.3383732,389696851.2380708
11,2004-04,58.9,29.8,4724867700,388742323.32,418808806.8412645,393680278.4307886
11,2004-05,44.3,41.0,4724867700,295535640.6,425354761.8414874,399833476.13099813
11,2004-06,8.9,4.5,4724867700,82909591.68,130264646.40540795,122448767.62108347
11,2004-07,0.0,0.0,4724867700,12567927.72,34400001.40372812,32336001.319504432
11,2004-08,0.0,0.0,4724867700,0.0,10381687.903916823,9758786.629681813
11,2004-09,0.0,0.0,4724867700,1544316.96,2988190.590335872,2808899.1549157198
11,2004-10,7.0,3.7,4724867700,64525805.76,41324713.29580782,38845230.498059355
11,2004-11,20.9,0.9,4724867700,53153120.160000004,79588795.15617715,74813467.44680652
11,2004-12,70.8,24.9,4724867700,153147643.32,363704686.3728051,341882405.1904368
11,2005-01,71.1,69.6,4724867700,335600304.48,630599328.9106005,592763369.1759645
11,2005-02,75.0,21.8,4724867700,275791326.24,445208246.38326025,418495751.6002646
11,2005-03,83.0,121.4,4724867700,645937705.08,937553613.4616315,881300396.6539336
11,2005-04,62.8,19.0,4724867700,574621591.92,422529841.4013996,397178050.9173156
11,2005-05,60.2,115.4,4724867700,1201854806.28,833883329.312701,783850329.5539389
11,2005-06,13.1,20.8,4724867700,557492255.16,248647922.70796177,233729047.34548405
11,2005-07,1.1,0.3,4724867700,137774782.08,52977642.335565604,49798983.795431666
11,2005-08,0.0,0.0,4724867700,28342903.44,15467136.761778325,14539108.556071624
11,2005-09,0.1,0.0,4724867700,15307486.8,4868878.945007354,4576746.208306912
11,2005-10,0.4,0.0,4724867700,17506781.64,2724693.044399385,2561211.461735422
11,2005-11,7.0,0.5,4724867700,41717527.08,26390192.029584505,24806780.507809434
11,2005-12,83.9,148.8,4724867700,1084151210.76,962299271.4709675,904561315.1827095
11,2006-01,69.7,75.2,4724867700,765724648.32,672482931.7321334,632133955.8282053
11,2006-02,87.3,39.0,4724867700,596921676.84,565190807.9641365,531279359.48628825
11,2006-03,43.0,70.5,4724867700,810749135.28,593041862.6684157,557459350.9083107
11,2006-04,85.6,218.2,4724867700,1547061453.0,1372172553.4873655,1289842200.2781234
11,2006-05,89.5,130.5,4724867700,1128674904.84,1024899024.0024772,963405082.5623285
11,2006-06,51.9,90.8,4724867700,449832887.28000003,731502914.3297353,687612739.4699512
11,2006-07,5.1,2.2,4724867700,109092671.64,135201891.11749992,127089777.65044992
11,2006-08,0.0,0.0,4724867700,30824665.2,37896782.39978717,35622975.45579994
11,2006-09,0.0,0.0,4724867700,15836649.72,11533819.076629464,10841789.932031695
11,2006-10,0.0,0.0,4724867700,0.0,3338408.5883656866,3138104.073063745
11,2006-11,7.0,0.5,4724867700,57486335.4,26553141.156460404,24959952.68707278
11,2006-12,26.8,4.3,4724867700,123958572.60000001,113980100.33658744,107141294.3163922
11,2007-01,17.2,0.2,4724867700,104988883.68,86669401.6837396,81469237.58271523
11,2007-02,67.6,82.9,4724867700,317021628.72,625457209.2479608,587929776.6930832
11,2007-03,60.1,10.9,4724867700,347389906.32,327632840.8770834,307974870.4244584
11,2007-04,65.6,17.5,4724867700,309343215.72,378372612.84430015,355670256.07364213
11,2007-05,16.9,8.1,4724867700,275206656.72,192026441.89954215,180504855.3855696
11,2007-06,0.1,0.0,4724867700,56502018.36,50957898.00947653,47900424.128907934
11,2007-07,0.0,0.0,4724867700,3627664.68,15642889.674498,14704316.294028118
11,2007-08,0.0,0.0,4724867700,291101.28,4596948.305098761,4321131.406792835
11,2007-09,0.0,0.0,4724867700,5397708.48,1267453.3982366903,1191406.194342489
11,2007-10,0.4,0.2,4724867700,20877882.48,2656212.251736707,2496839.5166325043
11,2007-11,1.0,0.0,4724867700,18689688.96,3910682.793290046,3676041.825692643
11,2007-12,4.3,0.6,4724867700,57782370.6,18295318.85336985,17197599.72216766
11,2008-01,22.0,15.8,4724867700,148044736.56,149431495.03038248,140465605.32855952
11,2008-02,58.1,28.2,4724867700,169212486.84,340840602.16283095,320390166.0330611
11,2008-03,53.3,13.7,4724867700,228245606.16,303299242.9650707,285101288.38716644
11,2008-04,52.7,18.5,4724867700,310267092.24,332028457.5374881,312106750.0852388
11,2008-05,53.3,44.2,4724867700,401346021.96,455975002.26155853,428616502.125865
11,2008-06,6.9,1.8,4724867700,105648795.48,117462458.89007142,110414711.35666713
11,2008-07,0.0,0.0,4724867700,14457619.08,34001071.18340309,31961006.9123989
11,2008-08,0.0,0.0,4724867700,0.0,10320348.246705359,9701127.351903036
11,2008-09,0.0,0.0,4724867700,0.0,2970480.2621696396,2792251.446439461
11,2008-10,0.0,0.0,4724867700,6969162.0,799030.3525857432,751088.5314305986
11,2008-11,8.4,0.7,4724867700,55204397.4,31407654.943361547,29523195.646759853
11,2008-12,19.9,2.6,4724867700,43350654.6,85264399.62125826,80148535.64398275
11,2009-01,49.4,6.8,4724867700,125919805.8,212305374.6862996,199567052.2051216
11,2009-02,59.7,45.4,4724867700,295623217.68,458789437.86849356,431262071.5963839
11,2009-03,84.9,48.9,4724867700,553485912.12,579368501.2501097,544606391.1751031
11,2009-04,59.6,19.6,4724867700,409674478.92,399961075.3812784,375963410.85840166
11,2009-05,42.9,82.6,4724867700,747968703.72,621779280.6239054,584472523.786471
11,2009-06,1.8,1.0,4724867700,132363505.32000001,96951071.84378226,91134007.53315532
11,2009-07,0.0,0.0,4724867700,27753300.0,27178883.850353874,25548150.81933264
11,2009-08,0.0,0.0,4724867700,4250572.08,8150407.904549016,7661383.430276074
11,2009-09,0.0,0.0,4724867700,6130395.6,2317078.3270186684,2178053.6273975484
11,2009-10,1.5,0.7,4724867700,29736735.84,9005509.574055001,8465178.9996117
11,2009-11,3.1,0.1,4724867700,13169865.96,12557592.345577743,11804136.804843077
11,2009-12,10.2,1.2,4724867700,65607567.72,42689761.27427825,40128375.597821556
11,2010-01,61.5,31.1,4724867700,177325084.8,351594301.31238717,330498643.23364395
11,2010-02,71.4,24.1,4724867700,198019178.76,407665636.2964367,383205698.1186505
11,2010-03,86.2,23.5,4724867700,313522245.96,479222910.72217387,450469536.0788434
11,2010-04,64.5,68.3,4724867700,496922219.76,645034528.7822431,606332457.0553085
11,2010-05,41.9,49.4,4724867700,642472859.76,476977059.67356545,448358436.0931515
11,2010-06,29.6,33.9,4724867700,662458936.2,335893567.33023477,315739953.29042065
11,2010-07,1.0,0.2,4724867700,95888268.24,64412912.82195941,60548138.052641846
11,2010-08,0.0,0.0,4724867700,15499909.68,19013114.156904843,17872327.30749055
11,2010-09,0.0,0.0,4724867700,9347311.44,41627.66037009367,39130.00074788804
13,1999-10,0.0,0.0,1764690300,806695.92,1303247.3409861112,781948.4045916667
13,1999-11,0.6,0.0,1764690300,4709426.64,1570905.8273538859,942543.4964123315
13,1999-12,0.5,0.0,1764690300,5407576.32,1455212.0777093768,873127.2466256261
13,2000-01,53.4,42.9,1764690300,63696907.2,107213163.92514786,64327898.35508871
13,2000-02,99.1,167.3,1764690300,187550634.0,336182089.2301755,201709253.53810528
13,2000-03,48.9,3.0,1764690300,94366153.92,176910086.3799366,106146051.82796197
13,2000-04,41.7,3.3,1764690300,49241755.08,114124063.62775731,68474438.17665438
13,2000-05,8.7,7.2,1764690300,40690038.24,64179304.238172404,38507582.54290344
13,2000-06,0.0,0.0,1764690300,12397707.48,25324409.462256055,15194645.677353632
13,2000-07,0.0,0.0,1764690300,6320351.5200000005,9800494.633454042,5880296.780072425
13,2000-08,0.0,0.0,1764690300,3717708.72,3673475.455099494,2204085.2730596964
13,2000-09,0.0,0.0,1764690300,3214448.88,1510045.4927617733,906027.295657064
13,2000-10,0.2,0.1,1764690300,3852158.04,1415621.3221666724,849372.7933000034
13,2000-11,0.7,0.0,1764690300,4290043.44,879129.7581758689,527477.8549055213
13,2000-12,1.6,0.0,1764690300,5646871.44,1641705.7614517703,985023.4568710622
13,2001-01,21.4,0.5,1764690300,10520350.92,23831179.318753712,14298707.591252226
13,2001-02,43.7,10.7,1764690300,25647749.64,67372881.87033212,40423729.122199275
13,2001-03,52.7,1.7,1764690300,39499730.04,81718058.8070172,49030835.284210324
13,2001-04,31.4,17.2,1764690300,39763694.76,87489137.04215513,52493482.22529308
13,2001-05,1.1,0.0,1764690300,24176208.0,36172412.24689137,21703447.348134823
13,2001-06,0.0,0.0,1764690300,4230836.4,14299360.64051707,8579616.384310242
13,2001-07,0.0,0.0,1764690300,1761409.44,5501942.442454718,3301165.465472831
13,2001-08,0.0,0.0,1764690300,1034889.72,2012777.008003018,1207666.204801811
13,2001-09,0.0,0.0,1764690300,891806.04,1450540.5867490356,870324.3520494214
13,2001-10,0.0,0.0,1764690300,1139735.52,885049.1304562828,531029.4782737696
13,2001-11,2.6,1.2,1764690300,5222554.32,3375462.1288690683,2025277.2773214409
13,2001-12,30.4,17.3,1764690300,25539203.400000002,54478050.675162934,32686830.40509776
13,2002-01,46.6,5.3,1764690300,45223077.24,73656283.73696509,44193770.24217905
13,2002-02,72.9,11.5,1764690300,43565280.12,116335364.31027734,69801218.5861664
13,2002-03,86.2,25.6,1764690300,72476817.84,164510328.68545794,98706197.21127476
13,2002-04,30.0,1.8,1764690300,45130566.24,100252502.6270319,60151501.57621914
13,2002-05,5.9,0.4,1764690300,26720877.240000002,48703422.10646538,29222053.263879225
13,2002-06,0.0,0.0,1764690300,8845285.08,20257284.755724985,12154370.853434991
13,2002-07,0.0,0.0,1764690300,2519999.64,8182138.199711183,4909282.91982671
13,2002-08,0.0,0.0,1764690300,1281585.72,3165252.02929905,1899151.21757943
13,2002-09,0.0,0.0,1764690300,1062026.28,1438732.615251121,863239.5691506726
13,2002-10,0.0,0.0,1764690300,1112598.96,1202937.371889303,721762.4231335818
13,2002-11,0.4,0.1,1764690300,5171981.64,785314.1175244617,471188.470514677
13,2002-12,28.9,17.2,1764690300,21146781.12,50837040.355996884,30502224.21359813
13,2003-01,45.1,2.1,1764690300,24763344.48,67037084.81758069,40222250.890548415
13,2003-02,41.1,1.9,1764690300,20895151.2,71091216.16259408,42654729.69755644
13,2003-03,57.3,2.9,1764690300,30742022.04,90572210.89440359,54343326.53664216
13,2003-04,62.4,73.5,1764690300,84442807.32000001,189580874.52242476,113748524.71345486
13,2003-05,7.6,8.1,1764690300,84209679.6,90332630.54538968,54199578.327233806
13,2003-06,0.0,0.0,1764690300,17845988.64,34238424.40539579,20543054.643237475
13,2003-07,0.0,0.0,1764690300,4319646.96,12761271.227206474,7656762.736323884
13,2003-08,0.0,0.0,1764690300,2052510.72,4636093.69920467,2781656.219522802
13,2003-09,0.0,0.0,1764690300,958413.96,1659321.8545437863,995593.1127262717
13,2003-10,0.0,0.0,1764690300,933744.36,1423003.254864334,853801.9529186003
13,2003-11,0.0,0.0,1764690300,2751893.88,752782.5783451922,451669.5470071153
13,2003-12,11.7,5.9,1764690300,17853389.52,18848233.690827362,11308940.214496417
13,2004-01,38.3,3.1,1764690300,24573388.56,50049338.882746436,30029603.32964786
13,2004-02,66.7,43.7,1764690300,57906952.08,140219509.27130607,84131705.56278364
13,2004-03,47.7,3.4,1764690300,64043515.08,105970633.71495187,63582380.22897112
13,2004-04,16.4,0.9,1764690300,31309422.84,61185877.37554907,36711526.42532944
13,2004-05,4.4,0.3,1764690300,15316121.16,30240523.466797814,18144314.080078688
13,2004-06,0.0,0.0,1764690300,4241937.72,12345518.231373478,7407310.938824086
13,2004-07,0.0,0.0,1764690300,2022907.2,4867250.524084525,2920350.314450715
13,2004-08,0.0,0.0,1764690300,960880.92,1805820.6983903612,1083492.4190342166
13,2004-09,0.0,0.0,1764690300,1121233.32,1430607.6568383041,858364.5941029824
13,2004-10,0.8,0.4,1764690300,4624316.5200000005,1390347.4515743593,834208.4709446155
13,2004-11,8.2,0.0,1764690300,6147664.32,8995266.441662626,5397159.864997576
13,2004-12,54.4,6.2,1764690300,22999468.080000002,66618591.17516119,39971154.705096714
13,2005-01,80.0,81.0,1764690300,95700779.28,204510577.71409965,122706346.62845978
13,2005-02,78.8,14.4,1764690300,66452501.52,172860724.50189552,103716434.7011373
13,2005-03,79.2,89.9,1764690300,152513634.6,255500264.7784626,153300158.86707756
13,2005-04,27.4,0.7,1764690300,104690381.52,127048552.06261495,76229131.23756896
13,2005-05,22.3,22.4,1764690300,121481744.76,100185360.52616656,60111216.315699935
13,2005-06,0.0,0.0,1764690300,40286690.28,38548075.570418574,23128845.342251144
13,2005-07,0.0,0.0,1764690300,10467311.28,14601141.799930781,8760685.079958469
13,2005-08,0.0,0.0,1764690300,3960704.2800000003,5400117.1033097925,3240070.261985875
13,2005-09,0.0,0.0,1764690300,2561937.96,1899344.7585565674,1139606.8551339405
13,2005-10,0.0,0.0,1764690300,2755594.32,1479647.1925074381,887788.3155044628
13,2005-11,0.1,0.0,1764690300,3792951.0,834136.1303414659,500481.6782048795
13,2005-12,62.1,62.9,1764690300,117113992.08,138659953.60405064,83195972.16243038
13,2006-01,76.5,61.0,1764690300,141409847.64000002,200302183.42876267,120181310.05725761
13,2006-02,76.3,12.5,1764690300,76771795.2,166586210.81614396,99951726.48968637
13,2006-03,63.7,86.9,1764690300,195792747.36,234642055.2954234,140785233.17725402
13,2006-04,78.0,160.4,1764690300,386351839.08,355883389.36941475,213530033.62164885
13,2006-05,36.9,16.4,1764690300,120932846.16,188798829.17140627,113279297.50284375
13,2006-06,5.0,0.5,1764690300,32077880.88,77567341.37472479,46540404.824834876
13,2006-07,0.0,0.0,1764690300,10256386.2,29482390.283296704,17689434.169978023
13,2006-08,0.0,0.0,1764690300,5205285.6,11011771.686077667,6607063.0116466
13,2006-09,0.0,0.0,1764690300,3725109.6,3999760.4449206926,2399856.2669524155
13,2006-10,0.0,0.0,1764690300,4827840.72,1603278.1430906155,961966.8858543693
13,2006-11,0.2,0.0,1764690300,6712598.16,1290747.995678742,774448.7974072451
13,2006-12,5.6,0.1,1764690300,11309778.120000001,5808478.922001451,3485087.3532008706
13,2007-01,6.6,0.0,1764690300,13169865.96,9505722.073955396,5703433.244373238
13,2007-02,58.0,51.4,1764690300,47852856.6,125217359.24622336,75130415.547734
13,2007-03,26.8,0.1,1764690300,49838759.4,73813120.22719428,44287872.13631657
13,2007-04,24.3,0.7,1764690300,29619555.240000002,54531535.69426593,32718921.41655956
13,2007-05,0.0,0.0,1764690300,19306428.96,22512747.493541647,13507648.496124988
13,2007-06,0.0,0.0,1764690300,5396475.0,9053128.248928895,5431876.949357337
13,2007-07,0.0,0.0,1764690300,2302907.16,3500087.592660877,2100052.5555965262
13,2007-08,0.0,0.0,1764690300,1256916.12,1449879.362404329,869927.6174425974
13,2007-09,0.0,0.0,1764690300,1143435.96,1284621.4521080572,770772.8712648343
13,2007-10,0.0,0.0,1764690300,2490396.12,691967.4842336335,415180.49054018006
13,2007-11,0.0,0.0,1764690300,2552070.12,362758.6253163199,217655.17518979195
13,2007-12,0.7,0.0,1764690300,5244756.96,184231.72011334996,110539.03206800997
13,2008-01,20.4,13.5,1764690300,26570392.68,37692345.57508805,22615407.345052827
13,2008-02,61.7,16.9,1764690300,33104136.240000002,96618808.74644673,57971285.24786804
13,2008-03,36.5,3.3,1764690300,33000523.92,79132655.76245508,47479593.45747305
13,2008-04,24.4,0.6,1764690300,28273828.56,57960841.212942325,34776504.727765396
13,2008-05,9.0,0.8,1764690300,22482639.96,34581882.33588466,20749129.401530795
13,2008-06,0.0,0.0,1764690300,6104492.5200000005,14317472.321802288,8590483.393081373
13,2008-07,0.0,0.0,1764690300,1763876.4000000001,5725197.291387049,3435118.374832229
13,2008-08,0.0,0.0,1764690300,2443523.88,2167869.516077757,1300721.709646654
13,2008-09,0.0,0.0,1764690300,2675418.12,1429383.361303015,857630.0167818089
13,2008-10,0.0,0.0,1764690300,1607224.44,944269.5519454622,566561.7311672773
13,2008-11,0.4,0.0,1764690300,3202114.08,502493.32209457783,301495.9932567467
13,2008-12,6.6,0.1,1764690300,4281409.08,6456726.665214534,3874035.9991287203
13,2009-01,31.6,0.6,1764690300,13197002.52,36108544.59787518,21665126.758725107
13,2009-02,60.4,24.0,1764690300,41013210.0,105184793.3562306,63110876.01373836
13,2009-03,76.2,21.3,1764690300,93909766.32000001,143051222.7853291,85830733.67119746
13,2009-04,22.7,0.6,1764690300,40596293.76,82001571.60523675,49200942.96314205
13,2009-05,9.2,7.2,1764690300,59176203.0,52482028.04848776,31489216.829092655
13,2009-06,0.0,0.0,1764690300,7599470.28,20774547.700513784,12464728.62030827
13,2009-07,0.0,0.0,1764690300,2364581.16,8045530.116232078,4827318.069739247
13,2009-08,0.0,0.0,1764690300,1081761.96,3002853.3858172195,1801712.0314903317
13,2009-09,0.0,0.0,1764690300,728986.68,1480080.455441834,888048.2732651003
13,2009-10,0.1,0.0,1764690300,2463259.56,1120060.2561471956,672036.1536883173
13,2009-11,0.2,0.0,1764690300,1989603.24,679821.9794410946,407893.1876646567
13,2009-12,5.5,0.3,1764690300,7432950.48,5433311.895516817,3259987.1373100905
13,2010-01,62.0,16.7,1764690300,28680876.96,85917541.84642307,51550525.107853845
13,2010-02,69.4,12.5,1764690300,35895501.480000004,118467949.5998823,71080769.75992937
13,2010-03,74.4,7.6,1764690300,56107304.76,131610496.5225766,78966297.91354595
13,2010-04,48.1,38.0,1764690300,79413909.36,149954474.4159626,89972684.64957756
13,2010-05,12.8,9.6,1764690300,81150649.2,84296894.95970514,50578136.97582308
13,2010-06,0.6,0.0,1764690300,47929332.36,33586953.0893617,20152171.853617016
13,2010-07,0.0,0.0,1764690300,6938325.0,12955321.240817845,7773192.744490706
13,2010-08,0.0,0.0,1764690300,2204228.7600000002,4866975.980550225,2920185.5883301347
13,2010-09,0.0,0.0,1764690300,1507312.56,1423197.56485992,853918.538915952
14,1999-10,2.4,0.0,1361188800,5216386.92,3477939.8701822027,3721395.661094957
14,1999-11,14.4,0.1,1361188800,13198236.0,13412934.629510686,14351840.053576434
14,1999-12,2.7,0.0,1361188800,11348016.0,7611011.818603628,8143782.645905883
14,2000-01,49.4,35.9,1361188800,73302015.96000001,82851096.46046844,88650673.21270123
14,2000-02,87.1,105.1,1361188800,125879100.96000001,209685680.20011267,224363677.81412056
14,2000-03,68.2,5.0,1361188800,122839806.24,116669679.49980977,124836557.06479646
14,2000-04,110.8,22.7,1361188800,172468874.04,153271751.34380645,164000773.93787292
14,2000-05,63.4,77.3,1361188800,261845601.36,195121392.0374196,208779889.48003897
14,2000-06,31.3,9.3,1361188800,90969150.0,96092834.26899055,102819332.66781989
14,2000-07,0.0,0.0,1361188800,19772684.4,34822603.802185506,37260186.06833849
14,2000-08,0.0,0.0,1361188800,9127752.0,13560907.037173042,14510170.529775156
14,2000-09,0.1,0.1,1361188800,8068192.68,5541684.935335925,5929602.88080944
14,2000-10,6.2,2.8,1361188800,10176210.0,10500143.653366247,11235153.709101886
14,2000-11,3.3,0.0,1361188800,11441760.48,6048579.707394268,6471980.286911868
14,2000-12,7.7,0.0,1361188800,10337795.88,8570099.907684322,9170006.901222225
14,2001-01,19.1,0.3,1361188800,16043874.36,19111229.616266545,20449015.689405203
14,2001-02,45.1,6.2,1361188800,23095679.52,50291261.85650972,53811650.186465405
14,2001-03,96.0,10.1,1361188800,78074350.08,104491425.22122194,111805824.98670748
14,2001-04,57.9,29.4,1361188800,114042626.88,120123534.76420894,128532182.19770357
14,2001-05,70.2,25.6,1361188800,175324380.24,125608267.26685023,134400845.97552976
14,2001-06,2.6,0.3,1361188800,16452156.24,48262990.16558214,51641399.477172896
14,2001-07,0.0,0.0,1361188800,5406342.84,19025153.289922614,20356914.0202172
14,2001-08,0.0,0.0,1361188800,3371100.84,7610182.274006178,8142895.033186611
14,2001-09,0.0,0.0,1361188800,5328633.6,2968796.625409799,3176612.389188485
14,2001-10,0.3,0.0,1361188800,148017.6,1353698.3433253302,1448457.2273581033
14,2001-11,14.5,6.8,1361188800,17758411.56,20310007.889258053,21731708.441506118
14,2001-12,29.3,16.4,1361188800,39155589.12,48282220.27737343,51661975.69678958
14,2002-01,33.7,0.5,1361188800,57112590.96,42039697.18839942,44982475.99158738
14,2002-02,71.5,5.0,1361188800,46978319.28,77660104.79652499,83096312.13228174
14,2002-03,88.6,19.5,1361188800,83211794.28,121789918.80743997,130315213.12396078
14,2002-04,92.1,15.9,1361188800,170014248.84,135138541.83761692,144598239.7662501
14,2002-05,80.3,30.0,1361188800,201805962.36,148739395.10135335,159151152.7584481
14,2002-06,31.1,9.6,1361188800,79753116.36,90418545.73691234,96747843.9384962
14,2002-07,0.1,0.0,1361188800,12783786.72,34982104.5844882,37430851.90540238
14,2002-08,0.0,0.0,1361188800,5212686.48,14084502.124089709,15070417.272775989
14,2002-09,0.0,0.0,1361188800,2093215.56,5633464.497561069,6027807.012390344
14,2002-10,0.0,0.0,1361188800,2233832.2800000003,2168472.8666737033,2320265.967340863
14,2002-11,7.7,1.7,1361188800,23922111.12,9224367.018399116,9870072.709687054
14,2002-12,26.5,15.3,1361188800,24822551.52,41909194.054224536,44842837.638020255
14,2003-01,56.3,1.5,1361188800,53270300.76,58362341.49534489,62447705.400019035
14,2003-02,41.5,0.4,1361188800,44397879.12,56442011.760028906,60392952.583230935
14,2003-03,73.8,1.8,1361188800,74018667.84,82655562.20494388,88441451.55928996
14,2003-04,70.8,55.7,1361188800,122712757.8,152744298.40136293,163436399.28945833
14,2003-05,60.3,65.3,1361188800,275410180.92,169714621.03059396,181594644.50273556
14,2003-06,50.8,24.9,1361188800,178822529.52,119062367.58395141,127396733.31482802
14,2003-07,0.1,0.0,1361188800,22910657.52,40772145.655417785,43626195.851297036
14,2003-08,0.0,0.0,1361188800,3009691.2,15396284.02765422,16474023.909590015
14,2003-09,0.0,0.0,1361188800,2966519.4,5999412.262582439,6419371.12096321
14,2003-10,0.0,0.0,1361188800,3475946.64,2292287.5761855505,2452747.706518539
14,2003-11,0.0,0.0,1361188800,7505725.8,876252.1764176405,937589.8287668754
14,2003-12,18.0,9.7,1361188800,37215325.08,26208833.9577414,28043452.334783297
14,2004-01,39.9,1.0,1361188800,28874533.32,40427194.91071052,43257098.55446026
14,2004-02,58.2,24.5,1361188800,55578141.84,89371776.83575164,95627801.21425426
14,2004-03,68.0,9.7,1361188800,135513813.24,94214209.76554364,100809204.4491317
14,2004-04,60.8,9.8,1361188800,151060595.16,94577216.8072702,101197621.98377912
14,2004-05,80.6,36.5,1361188800,144941300.88,140421260.81303498,150250749.06994745
14,2004-06,25.2,8.9,1361188800,41543606.4,79632787.3446329,85207082.4587572
14,2004-07,0.0,0.0,1361188800,7958412.96,29916521.958745442,32010678.495857626
14,2004-08,0.0,0.0,1361188800,3077532.6,11834437.135035492,12662847.734487977
14,2004-09,0.0,0.0,1361188800,2368281.6,4671322.18881697,4998314.742034159
14,2004-10,20.9,10.8,1361188800,12849161.16,31132951.381454088,33312257.978155877
14,2004-11,20.5,0.0,1361188800,14648808.48,25922943.856134497,27737549.926063914
14,2004-12,73.7,7.2,1361188800,33613563.480000004,75585511.83151679,80876497.65972297
14,2005-01,74.9,62.8,1361188800,84883159.68,158793951.7314412,169909528.3526421
14,2005-02,78.0,9.9,1361188800,81632939.88,120850251.78136486,129309769.40606041
14,2005-03,93.0,75.7,1361188800,147159097.92000002,202644374.59703043,216829480.81882256
14,2005-04,69.1,5.0,1361188800,160895131.2,123819147.37717614,132486487.69357847
14,2005-05,75.5,95.7,1361188800,403238180.28000003,214046042.02605835,229029264.96788245
14,2005-06,34.6,43.8,1361188800,253647893.28,140850724.02593404,150710274.70774943
14,2005-07,5.2,1.9,1361188800,65394175.68,49520691.00367734,52987139.37393475
14,2005-08,0.0,0.0,1361188800,9491628.6,17373668.479506444,18589825.273071896
14,2005-09,0.2,0.0,1361188800,4778501.5200000005,6701309.148897166,7170400.789319969
14,2005-10,1.3,0.0,1361188800,9254800.44,3630932.1543322494,3885097.405135507
14,2005-11,9.5,0.1,1361188800,13129161.120000001,9330054.061124714,9983157.845403444
14,2005-12,80.4,61.5,1361188800,171829931.4,135912333.35175058,145426196.68637314
14,2006-01,65.4,38.3,1361188800,178442617.68,134033445.74630222,143415786.94854337
14,2006-02,75.8,5.2,1361188800,116154344.64,107464613.72624063,114987136.68707749
14,2006-03,51.6,54.4,1361188800,171188521.8,144174692.9223888,154266921.42695603
14,2006-04,108.8,138.2,1361188800,383692456.2,283364972.3378753,303200520.4015266
14,2006-05,129.7,83.5,1361188800,442456676.88,272720369.67372364,291810795.5508843
14,2006-06,89.0,94.4,1361188800,251204369.4,261679509.74332532,279997075.4253581
14,2006-07,10.4,4.2,1361188800,43424663.4,95344886.93793626,102019029.0235918
14,2006-08,0.0,0.0,1361188800,10117002.96,34302864.28995644,36704064.79025339
14,2006-09,0.0,0.0,1361188800,7297267.68,13300558.180374058,14231597.253000243
14,2006-10,0.4,0.0,1361188800,8007752.16,5552877.702887885,5941579.142090037
14,2006-11,9.8,0.1,1361188800,18249336.6,10292288.11685259,11012748.285032272
14,2006-12,15.0,0.1,1361188800,25264137.36,16303908.272372719,17445181.85143881
14,2007-01,7.0,0.0,1361188800,24029423.88,12306008.27931319,13167428.858865114
14,2007-02,66.0,48.2,1361188800,63370035.0,111221598.61046648,119007110.51319914
14,2007-03,59.6,0.8,1361188800,94142894.04,80284324.5101813,85904227.22589399
14,2007-04,72.9,7.5,1361188800,123121039.68,96439908.73862493,103190702.35032868
14,2007-05,40.2,9.1,1361188800,119416899.24,80840068.78070433,86498873.59535365
14,2007-06,0.6,0.0,1361188800,22641758.88,32493788.709209856,34768353.91885455
14,2007-07,0.0,0.0,1361188800,9557003.040000001,13231586.575848198,14157797.636157572
14,2007-08,0.0,0.0,1361188800,2883876.24,5305924.759725318,5677339.492906091
14,2007-09,0.0,0.0,1361188800,5226254.76,2038283.0224289182,2180962.8339989427
14,2007-10,0.2,0.0,1361188800,2353479.84,892938.717332158,955444.4275454091
14,2007-11,0.3,0.0,1361188800,6349955.04,874703.8633379405,935933.1337715965
14,2007-12,2.4,0.0,1361188800,10843522.68,2092417.907795358,2238887.161341033
14,2008-01,14.1,7.8,1361188800,25008807.0,21417013.809730574,22916204.776411716
14,2008-02,49.6,9.3,1361188800,34115589.84,56016416.51488047,59937565.67092211
14,2008-03,43.3,3.5,1361188800,65437347.480000004,58279434.36022364,62358994.7654393
14,2008-04,57.6,6.0,1361188800,104632407.96000001,74707202.99991219,79936707.20990604
14,2008-05,82.9,34.1,1361188800,179948696.76,132328420.47740662,141591409.9108251
14,2008-06,21.3,4.8,1361188800,65582898.12,69332067.28408034,74185311.99396597
14,2008-07,0.0,0.0,1361188800,5936739.24,26772785.38088627,28646880.35754831
14,2008-08,0.0,0.0,1361188800,2639647.2,10706773.257495163,11456247.385519825
14,2008-09,0.0,0.0,1361188800,4613215.2,4230912.446892403,4527076.318174872
14,2008-10,0.0,0.0,1361188800,1624493.16,1596629.8533610082,1708393.943096279
14,2008-11,15.4,0.3,1361188800,17599292.64,13581025.635617204,14531697.43011041
14,2008-12,15.4,0.3,1361188800,11354183.4,18132094.562792532,19401341.18218801
14,2009-01,52.6,1.2,1361188800,40792417.08,49844586.243895546,53333707.280968234
14,2009-02,65.4,16.4,1361188800,54930564.84,90091310.81828606,96397702.5755661
14,2009-03,85.0,19.0,1361188800,128603858.28,120435662.51107267,128866158.88684776
14,2009-04,68.9,6.3,1361188800,145884913.08,105866062.92128171,113276687.32577144
14,2009-05,61.2,90.0,1361188800,304437665.76,191737654.29678598,205159290.097561
14,2009-06,9.3,5.3,1361188800,67725452.88,70202672.03416911,75116859.07656094
14,2009-07,0.1,0.0,1361188800,13025548.8,23882467.559922878,25554240.28911748
14,2009-08,0.0,0.0,1361188800,4995594.0,8880686.280746898,9502334.320399182
14,2009-09,0.0,0.0,1361188800,2638413.72,3375389.3642870947,3611666.6197871915
14,2009-10,5.1,2.3,1361188800,12963874.8,8221944.987678236,8797481.136815714
14,2009-11,8.5,0.1,1361188800,6142730.4,9635722.689320222,10310223.277572637
14,2009-12,14.7,0.4,1361188800,15636825.96,16056684.197315244,17180652.091127314
14,2010-01,69.4,12.7,1361188800,33451977.6,74980399.71384445,80229027.69381356
14,2010-02,70.6,7.1,1361188800,39853738.8,90635108.09581292,96979565.66251983
14,2010-03,79.0,3.0,1361188800,74475055.44,100330866.59268731,107354027.25417542
14,2010-04,65.5,38.9,1361188800,131797338.0,136932269.88196555,146517528.77370316
14,2010-05,43.5,29.9,1361188800,215891070.48,115292195.29004884,123362648.96035226
14,2010-06,73.1,47.1,1361188800,290379694.2,148227937.25875825,158603892.86687133
14,2010-07,5.8,1.5,1361188800,42076469.76,55297365.52435143,59168181.11105604
14,2010-08,0.0,0.0,1361188800,6908721.48,20514129.416039567,21950118.47516234
14,2010-09,0.0,0.0,1361188800,5344668.84,874689.6591546225,935917.9352954461
16,1999-10,2.2,0.0,2469414600,11330747.28,10856489.671098452,10367947.63589902
16,1999-11,13.2,0.3,2469414600,22134798.6,33216052.678409927,31721330.30788148
16,1999-12,0.8,0.0,2469414600,14645108.040000001,15676522.068181442,14971078.575113276
16,2000-01,22.8,12.4,2469414600,112807913.4,72506943.38142595,69244130.92926177
16,2000-02,72.0,78.2,2469414600,232868689.20000002,365208380.25879824,348774003.1471523
16,2000-03,67.6,4.1,2469414600,197132306.64000002,180655492.13382939,172525994.98780707
16,2000-04,119.5,28.4,2469414600,274173000.48,361633275.3553468,345359777.9643562
16,2000-05,71.7,89.3,2469414600,360342679.8,396925771.51149863,379064111.7934812
16,2000-06,29.1,43.6,2469414600,157896541.32,183769669.9298623,175500034.78301847
16,2000-07,1.6,0.2,2469414600,29422198.44,18177165.58892134,17359193.137419876
16,2000-08,0.0,0.0,2469414600,8568985.56,14718727.209709346,14056384.485272424
16,2000-09,0.1,0.0,2469414600,11951187.72,13311862.338391101,12712828.533163501
16,2000-10,4.9,2.2,2469414600,16436121.0,17424850.927372564,16640732.635640798
16,2000-11,1.1,0.0,2469414600,15866253.24,12160718.064860005,11613485.751941305
16,2000-12,2.9,0.0,2469414600,14641407.6,11182884.081277765,10679654.297620265
16,2001-01,5.0,0.2,2469414600,27802639.2,11281562.222132478,10773891.922136515
16,2001-02,22.0,2.7,2469414600,44149949.64,17513931.57707813,16725804.656109614
16,2001-03,89.2,8.6,2469414600,118272229.8,230669968.18235973,220289819.61415353
16,2001-04,55.8,31.6,2469414600,164834866.32,216200563.1249,206471537.7842795
16,2001-05,78.5,34.4,2469414600,246746572.68,277571899.9745958,265081164.47573897
16,2001-06,11.8,3.0,2469414600,35039466.36,41089495.13468501,39240467.85362418
16,2001-07,0.0,0.0,2469414600,6182201.76,15806893.392566822,15095583.189901315
16,2001-08,0.0,0.0,2469414600,2473127.4,14244449.117269946,13603448.906992799
16,2001-09,0.0,0.0,2469414600,4512069.84,12907888.131116688,12327033.165216437
16,2001-10,1.2,0.0,2469414600,6699029.88,11681626.670084039,11155953.469930256
16,2001-11,9.8,4.5,2469414600,26349599.76,21776977.48361517,20797013.496852487
16,2001-12,13.4,6.9,2469414600,70609329.12,29057507.541325793,27749919.70196613
16,2002-01,18.0,0.7,2469414600,76721222.52,29281290.11751651,27963632.062228266
16,2002-02,52.9,2.8,2469414600,67630474.92,135566943.99636444,129466431.51652804
16,2002-03,76.3,12.3,2469414600,127074343.08,217208573.4041324,207434187.60094643
16,2002-04,94.2,19.7,2469414600,263333178.24,280021111.93685424,267420161.89969578
16,2002-05,88.6,29.8,2469414600,267666393.48,292162739.8282684,279015416.5359963
16,2002-06,43.6,24.8,2469414600,119120864.04,171317093.94758362,163607824.71994236
16,2002-07,2.0,0.3,2469414600,19487750.52,17493720.918349285,16706503.477023566
16,2002-08,0.0,0.0,2469414600,4794536.76,14863997.471126169,14195117.584925491
16,2002-09,0.2,0.0,2469414600,2793832.2,13455092.769812329,12849613.595170774
16,2002-10,0.0,0.0,2469414600,3899030.2800000003,12230842.39091565,11680454.483324446
16,2002-11,7.1,2.4,2469414600,37592769.96,16895169.14922412,16134886.537509035
16,2002-12,12.0,6.4,2469414600,59179903.44,27316293.450193312,26087060.24493461
16,2003-01,38.8,1.0,2469414600,71149593.36,72893371.5802948,69613169.85918154
16,2003-02,31.1,0.9,2469414600,67672413.24,78947785.67585336,75395135.32043995
16,2003-03,65.3,2.9,2469414600,112856019.12,166707118.97236484,159205298.61860842
16,2003-04,62.6,45.9,2469414600,187577770.56,266058010.12230107,254085399.66679752
16,2003-05,65.3,84.3,2469414600,398301793.32,367389654.8627739,350857120.39394903
16,2003-06,55.9,39.4,2469414600,219237501.72,237927259.52915457,227220532.8503426
16,2003-07,2.2,2.3,2469414600,24644930.4,23077391.487163797,22038908.870241426
16,2003-08,0.0,0.0,2469414600,13458500.28,15052562.898217835,14375197.567798031
16,2003-09,0.1,0.0,2469414600,6081056.4,13546268.533296486,12936686.449298143
16,2003-10,0.0,0.0,2469414600,2809867.44,12290093.574610097,11737039.363752643
16,2003-11,0.0,0.0,2469414600,9785196.84,11114635.353695085,10614476.762778806
16,2003-12,6.4,3.1,2469414600,58003163.52,17571632.367747996,16780908.911199335
16,2004-01,19.1,0.5,2469414600,52293384.6,11934070.072085623,11397036.91884177
16,2004-02,35.6,13.2,2469414600,93564391.92,101740439.11716437,97162119.35689197
16,2004-03,64.5,7.3,2469414600,202501645.08,175864725.1354881,167950812.50439113
16,2004-04,71.5,13.6,2469414600,215905872.24,209500082.96752384,200072579.23398528
16,2004-05,87.4,31.9,2469414600,188631162.48,292967477.68515605,279783941.189324
16,2004-06,35.7,20.4,2469414600,75502544.28,141529999.574855,135161149.5939865
16,2004-07,0.9,0.1,2469414600,21076472.76,16809063.429813694,16052655.575472077
16,2004-08,0.0,0.0,2469414600,6412862.5200000005,14567106.358385295,13911586.572257956
16,2004-09,0.0,0.0,2469414600,0.0,13191538.741255758,12597919.49789925
16,2004-10,21.7,12.7,2469414600,20739732.72,44571951.35653678,42566213.54549263
16,2004-11,16.8,0.2,2469414600,28730216.16,42091393.84893895,40197281.1257367
16,2004-12,55.8,3.5,2469414600,50963693.160000004,144489122.92260623,137987112.39108893
16,2005-01,60.6,50.5,2469414600,180490194.48,271916806.48392576,259680550.1921491
16,2005-02,67.2,11.5,2469414600,136839804.24,195799382.3342011,186988410.12916204
16,2005-03,82.6,65.2,2469414600,239816882.04,361721987.21828496,345444497.7934621
16,2005-04,68.6,9.8,2469414600,260753971.56,196833017.19218025,187975531.41853213
16,2005-05,77.5,110.0,2469414600,657781580.04,457823059.680028,437221021.9944267
16,2005-06,32.7,51.0,2469414600,360095983.8,211633249.90153176,202109753.65596282
16,2005-07,21.6,15.0,2469414600,124342184.88,92675259.20027213,88504872.53625987
16,2005-08,0.0,0.0,2469414600,18697089.84,16341320.487684326,15605961.06573853
16,2005-09,0.1,0.0,2469414600,7917708.12,14288642.753549505,13645653.829639778
16,2005-10,1.3,0.0,2469414600,15420966.96,12965085.529481241,12381656.680654585
16,2005-11,10.2,0.2,2469414600,13660791.0,12527888.030024894,11964133.068673773
16,2005-12,55.2,30.2,2469414600,259220755.92000002,182147462.6093354,173950826.7919153
16,2006-01,47.5,24.3,2469414600,246055823.88,177437877.3920958,169453172.90945148
16,2006-02,61.0,3.5,2469414600,170185702.56,159562808.63385227,152382482.2453289
16,2006-03,34.7,42.2,2469414600,282855466.2,189382643.937996,180860424.96078616
16,2006-04,99.7,123.0,2469414600,579860181.48,542812897.8049297,518386317.40370786
16,2006-05,139.7,102.4,2469414600,663476557.2,596731115.3969711,569878215.2041074
16,2006-06,103.9,88.1,2469414600,341908321.2,476606882.9238956,455159573.1923203
16,2006-07,19.4,13.0,2469414600,95286330.0,87714588.54020973,83767432.05590029
16,2006-08,0.0,0.0,2469414600,27953123.76,16284883.496662823,15552063.739312995
16,2006-09,0.0,0.0,2469414600,19418675.64,14284563.412814543,13641758.059237888
16,2006-10,0.4,0.0,2469414600,20103257.04,12938780.322291119,12356535.207788019
16,2006-11,6.9,0.1,2469414600,16079645.28,12048232.165619483,11506061.718166607
16,2006-12,6.8,0.1,2469414600,36161933.160000004,12549852.754506396,11985109.380553607
16,2007-01,2.2,0.0,2469414600,33720876.24,12731424.129324969,12158510.043505345
16,2007-02,46.5,26.2,2469414600,96202805.64,138407266.20282295,132178939.22369592
16,2007-03,58.1,2.8,2469414600,138295310.64000002,150166999.2608247,143409484.2940876
16,2007-04,75.5,9.4,2469414600,152841740.28,208519819.7344189,199136427.84637004
16,2007-05,40.5,13.8,2469414600,153544823.88,135555122.59059197,129455142.07401532
16,2007-06,2.7,0.4,2469414600,39470126.52,17224536.63914042,16449432.4903791
16,2007-07,0.0,0.0,2469414600,5730748.08,15005057.626181351,14329830.03300319
16,2007-08,0.0,0.0,2469414600,2782730.88,13588561.409026641,12977076.145620441
16,2007-09,0.0,0.0,2469414600,1739206.8,12306521.40058607,11752727.937559696
16,2007-10,0.6,0.0,2469414600,10631364.120000001,11129715.792055039,10628878.581412561
16,2007-11,0.2,0.0,2469414600,3683171.2800000003,10195181.51677219,9736398.34851744
16,2007-12,0.2,0.0,2469414600,17406869.76,9243540.17487841,8827580.86700888
16,2008-01,5.4,3.8,2469414600,57597348.6,17607981.92105588,16815622.734608363
16,2008-02,25.2,6.2,2469414600,64613382.84,24074335.059718087,22990989.98203077
16,2008-03,29.8,1.6,2469414600,89698665.6,58941790.00031308,56289409.45029899
16,2008-04,56.3,6.4,2469414600,160866761.16,153066104.188876,146178129.50037658
16,2008-05,96.9,38.7,2469414600,237092124.72,331355555.0261336,316444555.0499576
16,2008-06,35.5,17.6,2469414600,104353641.48,135012698.47806907,128937127.04655595
16,2008-07,0.2,0.0,2469414600,15968632.08,16445291.476034747,15705253.359613184
16,2008-08,0.0,0.0,2469414600,5085638.04,14401073.992366781,13753025.662710276
16,2008-09,0.0,0.0,2469414600,3489514.92,13043774.647693677,12456804.78854746
16,2008-10,0.1,0.0,2469414600,3026959.92,11806306.483068686,11275022.691330595
16,2008-11,14.2,0.7,2469414600,29264313.0,12398735.306995876,11840792.21818106
16,2008-12,8.8,0.2,2469414600,18893213.16,13533552.605323106,12924542.738083566
16,2009-01,42.2,1.1,2469414600,65363338.68,85913441.64673273,82047336.77262975
16,2009-02,49.9,10.0,2469414600,89862718.44,146810733.1956699,140204250.20186475
16,2009-03,77.0,16.3,2469414600,207687195.0,228783416.89990848,218488163.13941258
16,2009-04,71.9,11.0,2469414600,228863579.64000002,205169799.54232308,195937158.56291854
16,2009-05,65.0,105.2,2469414600,408312717.0,416113172.6574655,397388079.88787955
16,2009-06,13.2,18.4,2469414600,118567031.52,84570639.75831117,80764960.96918716
16,2009-07,0.6,0.3,2469414600,31792947.0,17270370.931921873,16493204.239985388
16,2009-08,0.0,0.0,2469414600,8768809.32,14408121.746345611,13759756.267760059
16,2009-09,0.0,0.0,2469414600,4566342.96,13039056.36897967,12452298.832375584
16,2009-10,3.2,1.5,2469414600,25725458.88,15450372.795666719,14755106.019861717
16,2009-11,6.2,0.1,2469414600,11007575.52,11727261.718352532,11199534.941026667
16,2009-12,4.1,0.1,2469414600,25275238.68,12047783.70279567,11505633.436169865
16,2010-01,42.2,6.2,2469414600,67186422.12,75426423.70719871,72032234.64037476
16,2010-02,59.4,8.0,2469414600,80648622.84,164784274.479041,157368982.12748417
16,2010-03,69.4,3.9,2469414600,121671700.68,180667602.1255347,172537560.02988565
16,2010-04,61.8,40.6,2469414600,215508691.68,251552300.8549989,240232447.31652394
16,2010-05,47.7,37.7,2469414600,321488059.8,211676836.96492696,202151379.30150524
16,2010-06,77.4,52.3,2469414600,384965407.56,318166331.0521214,303848846.1547759
16,2010-07,20.4,10.8,2469414600,86140075.8,81652434.29896939,77978074.75551577
16,2010-08,0.0,0.0,2469414600,11060615.16,16155341.934939772,15428351.54786748
16,2010-09,0.0,0.0,2469414600,7086342.600000001,14278144.663714599,13635628.153847441
17,1999-10,2.3,0.0,4046387400,13766870.28,9339255.24908827,9899610.564033568
17,1999-11,13.8,0.3,4046387400,21080173.2,49253328.47712791,52208528.18575559
17,1999-12,0.5,0.0,4046387400,12491451.96,9726839.350120813,10310449.711128062
17,2000-01,18.6,10.0,4046387400,162287730.12,103955334.75044018,110192654.8354666
17,2000-02,61.5,79.9,4046387400,341644356.48,533257183.55861986,565252614.5721371
17,2000-03,52.1,8.0,4046387400,311919955.44,249675938.3180327,264656494.6171147
17,2000-04,94.8,13.7,4046387400,412195712.04,406640378.7449965,431038801.4696963
17,2000-05,91.4,50.0,4046387400,665305808.04,565844760.7919797,599795446.4394984
17,2000-06,45.2,45.4,4046387400,396772278.12,401198469.6763772,425270377.8569598
17,2000-07,1.4,0.3,4046387400,86809855.44,48328792.89512793,51228520.46883561
17,2000-08,0.0,0.0,4046387400,43772504.76,7307811.495369392,7746280.185091556
17,2000-09,0.1,0.0,4046387400,22655327.16,1436055.0709354808,1522218.3751916096
17,2000-10,5.9,2.6,4046387400,20991362.64,30680281.938567594,32521098.85488165
17,2000-11,1.4,0.0,4046387400,20685459.6,8198724.128471294,8690647.576179573
17,2000-12,3.0,0.0,4046387400,27332683.32,11490219.88539334,12179633.078516942
17,2001-01,4.1,0.2,4046387400,39392417.28,16565427.526088677,17559353.177653998
17,2001-02,17.5,2.0,4046387400,73939725.12,69451919.16914114,73619034.31928961
17,2001-03,58.3,8.6,4046387400,221106223.92000002,238830412.4538195,253160237.2010487
17,2001-04,35.7,21.6,4046387400,279834673.68,241848543.59700558,256359456.21282592
17,2001-05,101.8,18.8,4046387400,503191998.6,440551174.8020495,466984245.2901725
17,2001-06,18.8,3.4,4046387400,68133734.76,144362597.3449216,153024353.18561688
17,2001-07,0.2,0.1,4046387400,15240878.88,23973994.963682335,25412434.661503278
17,2001-08,0.0,0.0,4046387400,2269603.2,3751184.7334364513,3976255.817442639
17,2001-09,0.0,0.0,4046387400,2835770.52,541062.9244249314,573526.6998904273
17,2001-10,1.4,0.0,4046387400,4961056.5600000005,4914587.102088077,5209462.328213362
17,2001-11,10.0,4.5,4046387400,48850741.92,52556821.27492908,55710230.55142482
17,2001-12,10.8,6.0,4046387400,114865358.04,66326962.4698723,70306580.21806465
17,2002-01,18.5,0.8,4046387400,134100245.16,72794634.7886605,77162312.87598012
17,2002-02,37.5,4.0,4046387400,98032056.48,153004627.6934463,162184905.3550531
17,2002-03,56.9,10.0,4046387400,174439975.08,253238113.52091885,268432400.332174
17,2002-04,66.5,7.3,4046387400,371701797.12,288468892.90474194,305777026.4790265
17,2002-05,89.0,9.1,4046387400,458510419.08,377849013.8792126,400519954.7119654
17,2002-06,68.2,24.8,4046387400,275429916.6,387340997.9332529,410581457.8092481
17,2002-07,2.5,0.5,4046387400,29982198.36,64540112.927909784,68412519.70358437
17,2002-08,0.0,0.0,4046387400,10198412.64,10296387.255301738,10914170.490619844
17,2002-09,0.2,0.0,4046387400,7613038.5600000005,2262762.4377753385,2398528.184041859
17,2002-10,0.0,0.0,4046387400,34537.44,316972.4092660544,335990.7538220177
17,2002-11,11.8,5.3,4046387400,85016375.52,61132113.17425576,64800039.96471111
17,2002-12,18.3,9.8,4046387400,85256904.12,107489794.77984121,113939182.4666317
17,2003-01,30.0,2.2,4046387400,110107825.68,121407759.07057592,128692224.61481048
17,2003-02,25.2,1.6,4046387400,80135495.16,110279241.00483105,116895995.46512091
17,2003-03,43.7,4.2,4046387400,152459361.48,180459026.3417843,191286567.92229137
17,2003-04,49.4,41.1,4046387400,269220578.28000003,356727738.9650246,378131403.30292606
17,2003-05,69.7,44.3,4046387400,641910392.88,444560756.822256,471234402.2315914
17,2003-06,88.8,39.6,4046387400,459339317.64,502381929.232234,532524844.9861681
17,2003-07,3.0,2.4,4046387400,68356994.64,85179588.42178984,90290363.72709723
17,2003-08,0.0,0.0,4046387400,36758937.480000004,12556373.997118007,13309756.436945088
17,2003-09,0.1,0.0,4046387400,18391186.8,2262136.943121795,2397865.159709103
17,2003-10,0.0,0.0,4046387400,6525109.2,316615.9018635792,335612.85597539396
17,2003-11,0.4,0.0,4046387400,16569336.84,1440051.2592058869,1526454.3347582403
17,2003-12,4.7,2.4,4046387400,101104655.16,25825316.80431417,27374835.812573023
17,2004-01,14.0,0.7,4046387400,86851793.76,52790443.55887632,55957870.1724089
17,2004-02,31.8,13.8,4046387400,135591522.48,169678564.55501077,179859278.4283114
17,2004-03,55.7,9.8,4046387400,316982157.36,245205822.49898192,259918171.84892085
17,2004-04,50.4,4.6,4046387400,326064270.6,223180708.35072634,236571550.85176992
17,2004-05,92.7,10.3,4046387400,392067785.4,384524481.5488445,407595950.4417752
17,2004-06,58.2,18.9,4046387400,182177595.12,331480060.7777647,351368864.42443055
17,2004-07,0.8,0.1,4046387400,40285456.8,50650738.473190516,53689782.78158195
17,2004-08,0.0,0.0,4046387400,16510129.8,8176351.196059668,8666932.26782325
17,2004-09,0.0,0.0,4046387400,8848985.52,1233837.140390971,1307867.3688144293
17,2004-10,32.3,16.0,4046387400,66526510.32,172161957.0421243,182491674.46465176
17,2004-11,12.3,0.5,4046387400,67297435.32000001,63282616.73199037,67079573.73590979
17,2004-12,49.5,10.3,4046387400,87706595.4,216198333.76805183,229170233.79413494
17,2005-01,59.2,60.7,4046387400,320313786.84000003,469342851.28096515,497503422.3578231
17,2005-02,60.9,16.1,4046387400,237104459.52,311571303.33210593,330265581.5320323
17,2005-03,66.2,62.0,4046387400,400884700.44,510539556.9057488,541171930.3200938
17,2005-04,46.1,5.6,4046387400,376237303.08,227753694.00764963,241418915.64810863
17,2005-05,86.1,66.9,4046387400,1032252539.76,586893831.240503,622107461.1149331
17,2005-06,80.8,31.5,4046387400,726322363.2,456037298.2253385,483399536.1188589
17,2005-07,49.3,25.3,4046387400,318157663.8,325945948.3505942,345502705.2516299
17,2005-08,0.6,0.5,4046387400,49212151.56,45945359.253531314,48702080.808743194
17,2005-09,0.1,0.0,4046387400,25771097.64,7360401.793970307,7802025.901608526
17,2005-10,1.3,0.0,4046387400,18109953.36,5577286.5125123,5911923.703263039
17,2005-11,10.3,0.2,4046387400,20134094.04,36556127.89715177,38749495.57098088
17,2005-12,39.8,23.4,4046387400,306390264.6,231915670.29270193,245830610.51026407
17,2006-01,45.6,26.7,4046387400,305848766.88,283977142.7161435,301015771.2791121
17,2006-02,48.7,5.9,4046387400,190169312.04,218692722.9385768,231814286.3148914
17,2006-03,33.8,38.8,4046387400,364844881.8,301566759.3092278,319660764.8677815
17,2006-04,82.6,106.1,4046387400,752210641.44,723443368.8872142,766849971.020447
17,2006-05,142.5,45.0,4046387400,1006977301.08,711090244.655232,753755659.3345459
17,2006-06,125.7,80.1,4046387400,801063850.32,832945526.7866964,882922258.3938982
17,2006-07,30.7,22.7,4046387400,256012474.44,293566883.65283686,311180896.6720071
17,2006-08,0.0,0.0,4046387400,45688099.2,36962000.69518762,39179720.73689888
17,2006-09,0.0,0.0,4046387400,18958587.6,5795658.866390136,6143398.398373544
17,2006-10,0.2,0.0,4046387400,13481936.4,1551841.2481176737,1644951.7230047341
17,2006-11,5.8,0.1,4046387400,23125283.04,20405991.68616206,21630351.187331785
17,2006-12,5.3,0.1,4046387400,36142197.480000004,21613130.27734602,22909918.09398678
17,2007-01,1.6,0.0,4046387400,34541140.44,8865688.95656708,9397630.293961106
17,2007-02,30.0,16.5,4046387400,116030996.64,167624000.77545545,177681440.82198277
17,2007-03,36.7,3.3,4046387400,181394335.32,154465175.60126808,163733086.13734418
17,2007-04,52.0,2.3,4046387400,215772656.4,206991365.41940543,219410847.34456977
17,2007-05,57.8,7.7,4046387400,309914316.96,257967685.51916903,273445746.65031916
17,2007-06,5.3,1.3,4046387400,75823249.08,64291384.097987846,68148867.14386712
17,2007-07,0.0,0.0,4046387400,18344314.56,9947656.109353567,10544515.475914782
17,2007-08,0.0,0.0,4046387400,12751716.24,1509379.2377362957,1599941.9920004734
17,2007-09,0.0,0.0,4046387400,9492862.08,205946.19139208068,218302.96287560553
17,2007-10,0.3,0.0,4046387400,8460439.32,1078593.8628499939,1143309.4946209935
17,2007-11,0.2,0.0,4046387400,8677531.8,846595.8801729452,897391.632983322
17,2007-12,0.3,0.0,4046387400,22242111.36,1162885.8149360595,1232658.963832223
17,2008-01,6.5,4.1,4046387400,95879633.88,38634570.98841418,40952645.247719035
17,2008-02,32.5,11.1,4046387400,124255841.28,156898571.40846613,166312485.69297412
17,2008-03,33.2,4.7,4046387400,152530903.32,149893110.6148393,158886697.25172964
17,2008-04,46.2,6.6,4046387400,232586222.28,203254820.70584065,215450109.9481911
17,2008-05,92.9,13.9,4046387400,444473416.68,394598120.76564074,418274008.0115792
17,2008-06,71.7,22.4,4046387400,251604016.92000002,389255969.0188835,412611327.16001654
17,2008-07,2.4,1.1,4046387400,40049862.12,68523935.24792884,72635371.36280458
17,2008-08,0.0,0.0,4046387400,6153831.72,10646591.155078797,11285386.624383526
17,2008-09,0.0,0.0,4046387400,5428545.48,1621797.6307588043,1719105.4886043326
17,2008-10,0.2,0.0,4046387400,5318765.76,923624.0026961524,979041.4428579216
17,2008-11,16.4,0.6,4046387400,75860253.48,57929462.65844562,61405230.41795236
17,2008-12,8.1,0.2,4046387400,33866426.88,37514232.7448558,39765086.70954715
17,2009-01,37.4,2.9,4046387400,129959452.8,142695708.63352868,151257451.1515404
17,2009-02,42.8,16.7,4046387400,145725794.16,232114408.24620566,246041272.740978
17,2009-03,65.3,12.6,4046387400,281656523.64,297349981.62967825,315190980.52745897
17,2009-04,49.5,5.1,4046387400,320453170.08,229954006.8068116,243751247.2152203
17,2009-05,86.4,76.1,4046387400,694626861.12,625718662.1103389,663261781.8369592
17,2009-06,27.9,24.6,4046387400,277763660.76,255425700.45874438,270751242.48626906
17,2009-07,3.1,1.2,4046387400,70092501.0,43888035.933074616,46521318.08905909
17,2009-08,0.0,0.0,4046387400,10517883.96,6222261.1241046935,6595596.791550975
17,2009-09,0.0,0.0,4046387400,8034888.72,911774.5225948463,966480.9939505372
17,2009-10,6.9,3.3,4046387400,67132149.0,36769877.24759317,38976069.88244876
17,2009-11,6.2,0.1,4046387400,14035768.92,25459677.863698427,26987258.535520334
17,2009-12,4.6,0.7,4046387400,47620962.36,22443632.349508435,23790250.29047894
17,2010-01,36.7,7.5,4046387400,111486856.32000001,155880516.90921184,165233347.92376456
17,2010-02,54.6,11.8,4046387400,127626942.12,251062988.7214528,266126768.04474
17,2010-03,58.0,7.5,4046387400,198241205.16,259624110.04335648,275201556.6459579
17,2010-04,48.3,34.4,4046387400,308329295.16,338755992.71600753,359081352.278968
17,2010-05,37.4,22.6,4046387400,476490857.04,252870411.49900284,268042636.18894303
17,2010-06,113.8,48.7,4046387400,776322708.48,599579199.9032017,635553951.8973938
17,2010-07,40.5,13.7,4046387400,176082970.44,267082765.55050793,283107731.48353845
17,2010-08,0.0,0.0,4046387400,17267486.52,38439631.47127819,40746009.35955489
17,2010-09,0.0,0.0,4046387400,7609338.12,3162.2776601683795,3352.0143197784823
18,1999-10,0.7,0.0,2583357300,4489867.2,5488340.794309583,5707874.426081966
18,1999-11,4.4,0.1,2583357300,12085637.040000001,11100844.11764411,11544877.882349875
18,1999-12,0.1,0.0,2583357300,1946431.44,2937187.427977265,3054674.9250963554
18,2000-01,11.4,5.9,2583357300,69805100.16,37099847.281314895,38583841.172567494
18,2000-02,56.1,90.0,2583357300,211297590.96,317557663.2222336,330259969.75112295
18,2000-03,47.4,2.5,2583357300,142643327.64000002,162618710.54962724,169123458.97161233
18,2000-04,86.5,12.7,2583357300,204417239.52,239143890.068058,248709645.67078033
18,2000-05,84.7,31.6,2583357300,340338101.16,289700703.7282124,301288731.8773409
18,2000-06,18.2,21.0,2583357300,160029228.24,135211421.52947038,140619878.3906492
18,2000-07,0.0,0.0,2583357300,32103783.96,22876706.317666393,23791774.57037305
18,2000-08,0.0,0.0,2583357300,13960526.64,4354132.004331746,4528297.284505016
18,2000-09,0.0,0.0,2583357300,8053390.92,2894914.118506128,3010710.683246373
18,2000-10,2.5,1.1,2583357300,5334801.0,5130230.42557355,5335439.642596493
18,2000-11,0.7,0.0,2583357300,7632774.24,3222330.7756272447,3351224.0066523347
18,2000-12,1.9,0.0,2583357300,11835240.6,3789889.9274983853,3941485.524598321
18,2001-01,3.8,0.1,2583357300,16198059.36,9170201.031630607,9537009.072895832
18,2001-02,15.2,3.2,2583357300,38271183.96,41389344.40645381,43044918.18271197
18,2001-03,48.3,3.3,2583357300,106381482.60000001,117286514.55672757,121977975.13899668
18,2001-04,30.6,15.1,2583357300,132970377.48,118322545.04809381,123055446.85001756
18,2001-05,76.3,16.9,2583357300,265287010.56,218833877.3136891,227587232.40623668
18,2001-06,5.9,2.1,2583357300,40765280.52,55537336.37825368,57758829.833383836
18,2001-07,0.1,0.0,2583357300,12819557.64,9239086.515738744,9608649.976368295
18,2001-08,0.0,0.0,2583357300,3594360.72,3119359.5357634127,3244133.917193949
18,2001-09,0.0,0.0,2583357300,1631894.04,2537797.5527426116,2639309.454852316
18,2001-10,0.5,0.0,2583357300,2089515.12,2067524.5161960348,2150225.4968438763
18,2001-11,7.2,3.3,2583357300,14317002.36,18789653.684641674,19541239.832027342
18,2001-12,11.6,6.6,2583357300,58639639.2,42604697.255287476,44308885.145498976
18,2002-01,17.2,0.9,2583357300,54846688.2,45926067.69118337,47763110.39883071
18,2002-02,31.6,1.1,2583357300,41204399.4,77770597.1777769,80881421.06488799
18,2002-03,43.4,3.0,2583357300,69734791.8,112533651.73084606,117034997.80007991
18,2002-04,60.6,4.3,2583357300,185425347.96,157838791.06194904,164152342.704427
18,2002-05,69.6,14.2,2583357300,224424285.12,206267572.23336145,214518275.12269592
18,2002-06,35.7,13.2,2583357300,108889147.44,140787764.40862316,146419274.9849681
18,2002-07,0.3,0.0,2583357300,19106605.2,24675820.62219197,25662853.447079647
18,2002-08,0.0,0.0,2583357300,5206519.08,3779167.2377609825,3930333.927271422
18,2002-09,0.0,0.0,2583357300,1027488.84,2981310.5615732977,3100562.9840362296
18,2002-10,0.0,0.0,2583357300,1724405.04,2387244.7803799403,2482734.571595138
18,2002-11,11.7,5.6,2583357300,36592417.68,33663766.25627187,35010316.90652274
18,2002-12,19.5,10.1,2583357300,38917527.480000004,69488365.79184124,72267900.42351489
18,2003-01,22.7,0.2,2583357300,49981843.08,60675172.57872567,63102179.481874704
18,2003-02,25.2,0.7,2583357300,42441579.84,65767663.107794985,68398369.63210678
18,2003-03,40.8,1.1,2583357300,77738843.52,100788896.27467504,104820452.12566204
18,2003-04,44.3,30.6,2583357300,143885442.0,177792200.73428,184903888.7636512
18,2003-05,70.1,42.6,2583357300,318387091.08,270845005.421838,281678805.6387115
18,2003-06,60.1,25.7,2583357300,233009305.92000002,230423181.1631117,239640108.40963617
18,2003-07,0.4,0.3,2583357300,39309774.12,41690553.36244451,43358175.4969423
18,2003-08,0.0,0.0,2583357300,17131803.72,6609327.244871059,6873700.334665902
18,2003-09,0.0,0.0,2583357300,6975329.4,3155720.4925212744,3281949.3122221255
18,2003-10,0.0,0.0,2583357300,2786431.32,2454495.9670501524,2552675.8057321585
18,2003-11,0.1,0.0,2583357300,10519117.44,1993870.763334382,2073625.5938677574
18,2003-12,2.0,1.0,2583357300,32563872.0,3905372.896299647,4061587.812151633
18,2004-01,8.9,0.1,2583357300,42773385.96,17584288.459912308,18287659.9983088
18,2004-02,27.2,15.6,2583357300,74142015.84,95252032.02793719,99062113.30905467
18,2004-03,42.3,4.1,2583357300,148021300.44,115304028.90592353,119916190.06216048
18,2004-04,52.8,3.7,2583357300,171321737.64000002,140380276.8387543,145995487.91230446
18,2004-05,76.4,12.6,2583357300,166786231.68,214042995.15108052,222604714.95712376
18,2004-06,25.5,9.3,2583357300,67006334.04,112216982.04572593,116705661.32755497
18,2004-07,0.0,0.0,2583357300,21566164.32,18944875.82751732,19702670.860618014
18,2004-08,0.0,0.0,2583357300,8208809.4,3454321.383530542,3592494.2388717635
18,2004-09,0.0,0.0,2583357300,4368986.16,2825170.771428492,2938177.6022856315
18,2004-10,26.6,14.3,2583357300,24129335.76,85942464.84009936,89380163.43370335
18,2004-11,12.5,0.1,2583357300,26736912.48,41535622.72838567,43197047.6375211
18,2004-12,57.4,14.0,2583357300,50089155.84,159738357.89088106,166127892.2065163
18,2005-01,64.0,82.4,2583357300,246768775.32,339257669.02662873,352827975.7876939
18,2005-02,64.1,21.5,2583357300,130028527.68,242382984.6883202,252078304.07585302
18,2005-03,67.3,61.1,2583357300,235599613.92000002,315698731.0630299,328326680.3055511
18,2005-04,44.8,3.0,2583357300,187988519.4,157653892.46562207,163960048.16424695
18,2005-05,78.0,71.0,2583357300,575459124.84,344364587.20700455,358139170.6952847
18,2005-06,61.6,17.9,2583357300,400386374.52,230329985.24227792,239543184.65196905
18,2005-07,23.3,14.5,2583357300,154811607.84,121260864.95864195,126111299.55698763
18,2005-08,0.1,0.1,2583357300,30745722.48,20869619.607716758,21704404.39202543
18,2005-09,0.0,0.0,2583357300,14267663.16,3961431.659977597,4119888.9263767013
18,2005-10,0.1,0.0,2583357300,10256386.2,2852923.8520821496,2967040.806165436
18,2005-11,1.8,0.0,2583357300,8577619.92,2295247.1276331637,2387057.0127384905
18,2005-12,23.4,11.3,2583357300,91868356.92,74720536.31665,77709357.769316
18,2006-01,42.7,30.4,2583357300,159432223.92000002,169082871.71547157,175846186.58409044
18,2006-02,50.9,3.6,2583357300,83531265.6,145371988.6806504,151186868.22787642
18,2006-03,32.7,41.1,2583357300,211517150.4,183090621.63013715,190414246.49534264
18,2006-04,83.0,98.1,2583357300,423972979.08,416252529.37254107,432902630.54744273
18,2006-05,125.5,49.9,2583357300,611918326.6800001,446074113.97108066,463917078.5299239
18,2006-06,91.2,54.4,2583357300,409633774.08,389136127.11850536,404701572.2032456
18,2006-07,7.9,11.6,2583357300,104604037.92,111275591.04928108,115726614.69125232
18,2006-08,0.0,0.0,2583357300,21559996.92,18626747.864263535,19371817.778834075
18,2006-09,0.0,0.0,2583357300,10906430.16,4132400.9574083462,4297696.995704681
18,2006-10,0.0,0.0,2583357300,15737971.32,2769298.17032499,2880070.09713799
18,2006-11,1.1,0.0,2583357300,12625901.28,2161315.597722286,2247768.2216311772
18,2006-12,2.8,0.0,2583357300,19015327.68,3556101.641753259,3698345.7074233894
18,2007-01,0.6,0.0,2583357300,19797354.0,2874115.6465970986,2989080.2724609827
18,2007-02,19.4,5.6,2583357300,45674530.92,53764245.11588767,55914814.92052318
18,2007-03,31.7,0.7,2583357300,84772146.48,78377935.0046754,81513052.40486242
18,2007-04,39.6,1.5,2583357300,115408089.24,101279868.6775097,105331063.4246101
18,2007-05,22.3,4.8,2583357300,127288968.60000001,75684703.49926354,78712091.63923408
18,2007-06,0.9,0.3,2583357300,35675942.04,15197536.203414872,15805437.651551468
18,2007-07,0.0,0.0,2583357300,16138852.32,3206485.700266984,3334745.128277663
18,2007-08,0.0,0.0,2583357300,10364932.44,2722099.3926944938,2830983.3684022734
18,2007-09,0.0,0.0,2583357300,6940791.96,2214656.443491052,2303242.701230694
18,2007-10,0.0,0.0,2583357300,5995946.28,1814127.85930248,1886692.9736745793
18,2007-11,0.0,0.0,2583357300,7492157.5200000005,1481025.521400221,1540266.5422562298
18,2007-12,0.1,0.0,2583357300,8675064.84,1203025.0042094477,1251146.0043778257
18,2008-01,5.3,3.9,2583357300,58925806.56,11690040.100428352,12157641.704445487
18,2008-02,26.8,18.1,2583357300,79465715.52,99004522.9934233,102964703.91316023
18,2008-03,23.0,1.2,2583357300,69081047.4,68561395.19227402,71303850.99996498
18,2008-04,33.3,2.7,2583357300,128811082.92,88688785.53344914,92236336.9547871
18,2008-05,85.4,13.4,2583357300,242121022.68,225659093.79412153,234685457.5458864
18,2008-06,43.4,15.9,2583357300,115120688.4,166507741.26702335,173168050.91770428
18,2008-07,1.1,0.5,2583357300,30360876.72,32134312.570072215,33419685.072875105
18,2008-08,0.0,0.0,2583357300,9029073.6,5025117.150760211,5226121.836790619
18,2008-09,0.0,0.0,2583357300,5439646.8,3026689.6477706265,3147757.2336814515
18,2008-10,0.1,0.0,2583357300,3969338.64,2417705.0284476345,2514413.22958554
18,2008-11,8.3,0.5,2583357300,26733212.04,15488065.906111775,16107588.542356247
18,2008-12,6.7,0.1,2583357300,16465724.52,17347875.339411438,18041790.352987897
18,2009-01,32.3,1.0,2583357300,61641929.52,74410341.27550396,77386754.92652412
18,2009-02,40.1,19.9,2583357300,75847918.68,141388829.99327946,147044383.19301063
18,2009-03,57.4,4.3,2583357300,129215664.36,155793552.53752342,162025294.63902435
18,2009-04,47.8,2.3,2583357300,183259357.08,133966399.64383212,139325055.62958542
18,2009-05,64.1,67.3,2583357300,355775103.36,303391797.2959158,315527469.1877524
18,2009-06,9.3,11.6,2583357300,118257428.04,98285507.9974418,102216928.31733948
18,2009-07,0.8,0.3,2583357300,39534267.480000004,18736558.304743428,19486020.636933167
18,2009-08,0.0,0.0,2583357300,14377442.88,4254330.4543608315,4424503.672535265
18,2009-09,0.0,0.0,2583357300,6816210.48,2765964.2820269438,2876602.8533080216
18,2009-10,7.3,3.8,2583357300,33913299.12,21077323.80060651,21920416.752630774
18,2009-11,0.7,0.0,2583357300,10378500.72,4852061.736289693,5046144.205741281
18,2009-12,7.5,2.8,2583357300,29134797.6,23275474.767382815,24206493.758078128
18,2010-01,41.3,7.0,2583357300,70024659.6,107498146.52692963,111798072.38800682
18,2010-02,57.5,20.2,2583357300,85270472.4,184436803.9632933,191814276.12182504
18,2010-03,50.5,2.6,2583357300,111860600.76,145192876.90838152,151000591.98471677
18,2010-04,49.1,32.0,2583357300,169059535.32,198619593.7918324,206564377.5435057
18,2010-05,44.6,25.8,2583357300,272549740.8,184857217.19805747,192251505.88597977
18,2010-06,88.0,42.1,2583357300,407755184.04,308809368.24527466,321161742.9750857
18,2010-07,18.0,7.9,2583357300,95387475.36,110079973.61194286,114483172.55642058
18,2010-08,0.0,0.0,2583357300,20981494.8,18477645.489648905,19216751.30923486
18,2010-09,0.0,0.0,2583357300,9512597.76,2873969.356249678,2988928.130499665
21,1999-10,1.2,0.0,4176878400,14452685.16,9789975.913193265,11454271.81843612
21,1999-11,3.6,0.1,4176878400,15100262.16,15919665.19947481,18626008.283385526
21,1999-12,0.0,0.0,4176878400,19394006.04,8277571.208248811,9684758.313651107
21,2000-01,8.5,3.9,4176878400,98603157.72,41393336.48033419,48430203.681991
21,2000-02,55.7,36.0,4176878400,190884730.44,346246221.5317387,405108079.19213426
21,2000-03,39.5,0.9,4176878400,202784112.0,174713862.39847195,204415219.00621217
21,2000-04,77.9,12.8,4176878400,344905677.6,350181044.2295021,409711821.7485174
21,2000-05,89.9,30.2,4176878400,653518673.16,486733034.2738734,569477650.1004318
21,2000-06,22.1,45.1,4176878400,432746722.32,330256263.5673145,386399828.37375796
21,2000-07,0.3,0.0,4176878400,112059191.04,26207591.30270635,30662881.82416643
21,2000-08,0.0,0.0,4176878400,45922460.4,8277489.9084439995,9684663.19287948
21,2000-09,0.0,0.0,4176878400,18276473.16,7320051.960437425,8564460.793711787
21,2000-10,2.9,1.3,4176878400,24092331.36,11332066.38251251,13258517.667539636
21,2000-11,0.1,0.0,4176878400,21212155.56,7115119.957445118,8324690.350210787
21,2000-12,0.7,0.0,4176878400,19127574.36,5815736.135739169,6804411.278814827
21,2001-01,4.3,0.0,4176878400,32393651.76,5249016.680771423,6141349.516502564
21,2001-02,11.8,1.2,4176878400,51691446.36,45075035.035391524,52737790.99140808
21,2001-03,37.2,1.7,4176878400,155916805.92000002,142324022.64393473,166519106.4934036
21,2001-04,31.2,15.0,4176878400,231826398.6,193753721.46504483,226691854.11410242
21,2001-05,85.6,28.1,4176878400,548791287.24,433122850.4950794,506753735.0792429
21,2001-06,30.4,16.4,4176878400,141367909.32,230483997.51440972,269666277.09185934
21,2001-07,1.7,5.0,4176878400,58437348.480000004,55373238.28157012,64786688.78943704
21,2001-08,0.1,0.0,4176878400,16418852.28,8312385.173691577,9725490.653219145
21,2001-09,0.0,0.0,4176878400,12562993.8,7721425.944910124,9034068.355544845
21,2001-10,1.6,0.0,4176878400,11788368.36,6242510.108361324,7303736.826782749
21,2001-11,4.3,1.9,4176878400,26868894.84,15476043.402363777,18106970.78076562
21,2001-12,9.7,4.4,4176878400,71913117.48,53912563.10945116,63077698.83805785
21,2002-01,10.4,0.1,4176878400,78565275.12,42561034.067122295,49796409.858533084
21,2002-02,18.4,0.2,4176878400,69918580.32000001,71718012.49519256,83910074.61937529
21,2002-03,32.9,0.7,4176878400,116487384.24,128557869.86186725,150412707.73838466
21,2002-04,56.2,6.5,4176878400,304179868.44,241994289.2751938,283133318.4519767
21,2002-05,58.9,19.0,4176878400,398204348.4,319534902.4335773,373855835.8472854
21,2002-06,58.1,35.0,4176878400,275323837.32,388291792.5718649,454301397.3090819
21,2002-07,10.4,6.2,4176878400,65860431.12,105579077.2254052,123527520.35372408
21,2002-08,0.0,0.0,4176878400,15905724.6,13441586.541028075,15726656.253002847
21,2002-09,0.0,0.0,4176878400,9301672.68,8277078.973579505,9684182.399088021
21,2002-10,0.0,0.0,4176878400,8724404.040000001,6868755.050573127,8036443.409170559
21,2002-11,9.1,4.3,4176878400,76891442.76,38858794.2679214,45464789.293468036
21,2002-12,15.4,7.0,4176878400,55743428.160000004,86702045.59355213,101441393.34445599
21,2003-01,13.9,0.1,4176878400,76443689.52,58427038.03452499,68359634.50039424
21,2003-02,24.9,0.4,4176878400,74261663.4,97622266.98135248,114218052.36818239
21,2003-03,35.0,0.8,4176878400,134925443.28,140552359.6833191,164446260.82948333
21,2003-04,39.9,19.4,4176878400,194624641.8,242219414.27097732,283396714.6970434
21,2003-05,70.6,36.2,4176878400,537576487.08,421374903.0906395,493008636.61604816
21,2003-06,66.2,39.4,4176878400,462511828.2,439897572.1196548,514680159.37999606
21,2003-07,3.4,9.7,4176878400,110146063.56,102297820.02307414,119688449.42699674
21,2003-08,0.0,0.0,4176878400,42424311.12,10257145.413039094,12000860.133255739
21,2003-09,0.0,0.0,4176878400,14209689.6,8277111.020065259,9684219.893476352
21,2003-10,0.0,0.0,4176878400,10139205.6,6760405.54204229,7909674.484189479
21,2003-11,0.0,0.0,4176878400,16654446.96,5448260.533906523,6374464.824670631
21,2003-12,2.0,0.9,4176878400,54862723.44,8121226.314514631,9501834.787982117
21,2004-01,6.8,0.1,4176878400,59225542.2,11598802.295000665,13570598.685150778
21,2004-02,17.8,0.9,4176878400,85229767.56,68064528.00924891,79635497.77082123
21,2004-03,36.6,2.0,4176878400,236887367.04,145525520.34469795,170264858.8032966
21,2004-04,43.1,4.4,4176878400,274905687.6,190619847.65647087,223025221.7580709
21,2004-05,55.9,14.3,4176878400,350647527.0,281915796.76757264,329841482.21805996
21,2004-06,35.0,21.8,4176878400,213363669.96,251111082.0161053,293799965.9588432
21,2004-07,1.2,0.3,4176878400,68278051.92,33749612.44254345,39487046.55777583
21,2004-08,0.0,0.0,4176878400,15763874.4,8279039.833132236,9686476.604764717
21,2004-09,0.0,0.0,4176878400,8781144.120000001,7563671.719220565,8849495.91148806
21,2004-10,16.2,10.1,4176878400,44466954.0,90282651.23501775,105630701.94497076
21,2004-11,7.4,0.0,4176878400,50549243.88,34265797.193040416,40090982.71585728
21,2004-12,39.5,9.5,4176878400,71223602.16,181646455.29528368,212526352.6954819
21,2005-01,51.5,25.9,4176878400,203647548.0,309851656.0040436,362526437.524731
21,2005-02,55.0,2.6,4176878400,164240328.96,235631340.7420875,275688668.6682424
21,2005-03,56.8,28.9,4176878400,278326127.64,355414646.9904271,415835136.97879964
21,2005-04,46.7,3.6,4176878400,317288060.4,217637551.92925268,254635935.75722563
21,2005-05,83.7,81.9,4176878400,1008974305.2,663707230.4915831,776537459.6751522
21,2005-06,83.7,40.8,4176878400,816963407.52,515234615.67775774,602824500.3429766
21,2005-07,52.0,59.3,4176878400,423388309.56,488489962.0080329,571533255.5493984
21,2005-08,4.4,8.3,4176878400,89930559.84,93595466.01521246,109506695.23779857
21,2005-09,0.6,0.0,4176878400,21542728.2,11843998.956587514,13857478.77920739
21,2005-10,0.4,0.0,4176878400,22207573.92,8277098.363571109,9684205.085378198
21,2005-11,1.1,0.0,4176878400,27078586.44,7133439.741342404,8346124.497370612
21,2005-12,10.1,4.6,4176878400,135148703.16,48557595.83273707,56812387.12430237
21,2006-01,26.9,12.3,4176878400,201162085.8,149620468.5070616,175055948.15326205
21,2006-02,35.6,0.8,4176878400,139982711.28,143110053.0837575,167438762.10799626
21,2006-03,30.0,14.7,4176878400,244259877.0,189188826.1373577,221350926.5807085
21,2006-04,90.6,77.2,4176878400,614264405.64,654170255.0593383,765379198.4194258
21,2006-05,118.9,71.3,4176878400,1090266804.6,763375375.7857141,893149189.6692855
21,2006-06,109.5,88.8,4176878400,940935548.4,829676718.8043234,970721761.0010583
21,2006-07,18.2,57.6,4176878400,401666726.76,388323943.9435196,454339014.4139179
21,2006-08,2.1,0.9,4176878400,78552940.32000001,37350669.09469949,43700282.8407984
21,2006-09,0.0,0.0,4176878400,27945722.88,8283465.756233356,9691654.934793025
21,2006-10,0.1,0.0,4176878400,24994005.240000002,7594025.702007777,8885010.0713491
21,2006-11,0.1,0.0,4176878400,17876825.64,6218075.920069355,7275148.826481145
21,2006-12,0.3,0.0,4176878400,32407220.04,5083660.790070259,5947883.1243822025
21,2007-01,0.2,0.0,4176878400,29939026.56,4320787.725852307,5055321.639247199
21,2007-02,9.5,0.8,4176878400,57832943.28,17281587.865443874,20219457.80256933
21,2007-03,15.3,0.5,4176878400,118499190.12,58425889.9332746,68358291.22193128
21,2007-04,22.8,2.5,4176878400,169210019.88,98881456.03865372,115691303.56522484
21,2007-05,35.3,10.9,4176878400,243155912.4,182386356.22783828,213392036.78657076
21,2007-06,8.9,3.0,4176878400,88080339.84,67385825.70758173,78841416.07787062
21,2007-07,0.0,0.0,4176878400,31197176.16,8999990.39140238,10529988.757940784
21,2007-08,0.0,0.0,4176878400,17667134.04,8277051.645056538,9684150.424716149
21,2007-09,0.0,0.0,4176878400,13102024.56,6722374.590129812,7865178.27045188
21,2007-10,0.0,0.0,4176878400,11965989.48,5416874.833600645,6337743.555312755
21,2007-11,0.0,0.0,4176878400,10953302.4,4341940.653038668,5080070.564055242
21,2007-12,0.0,0.0,4176878400,20605283.4,3461038.1289263214,4049414.610843796
21,2008-01,2.3,1.1,4176878400,72116641.68,7330261.932368763,8576406.460871452
21,2008-02,20.3,3.4,4176878400,89190471.84,67990237.89221644,79548578.33389324
21,2008-03,17.4,0.3,4176878400,125611435.8,71397847.29643252,83535481.33682606
21,2008-04,29.4,2.0,4176878400,217124550.48,121845219.30084802,142558906.58199218
21,2008-05,60.4,15.4,4176878400,432459321.48,291260142.269125,340774366.4548762
21,2008-06,65.9,42.7,4176878400,283139166.6,444453127.5047749,520010159.18058664
21,2008-07,10.5,6.6,4176878400,84381133.32000001,112179316.68455844,131249800.52093336
21,2008-08,0.0,0.0,4176878400,20055151.32,14321959.984698264,16756693.182096967
21,2008-09,0.0,0.0,4176878400,9935681.4,8277082.655277849,9684186.706675082
21,2008-10,0.0,0.0,4176878400,12746782.32,6899314.075909041,8072197.468813578
21,2008-11,8.0,2.2,4176878400,53465190.6,26361086.83587128,30842471.597969394
21,2008-12,5.4,0.0,4176878400,32102550.48,22143063.46198985,25907384.250528123
21,2009-01,27.4,0.4,4176878400,92144656.44,100259900.3958346,117304083.46312647
21,2009-02,33.9,6.6,4176878400,100643333.64,161434512.45281857,188878379.56979772
21,2009-03,38.2,1.1,4176878400,171903940.2,159559067.19022778,186684108.6125665
21,2009-04,45.8,3.2,4176878400,285430972.44,198030087.1151427,231695201.92471695
21,2009-05,66.1,80.3,4176878400,606537886.92,594009640.1900078,694991279.0223091
21,2009-06,17.9,29.7,4176878400,274773705.24,232907675.63680357,272501980.49506015
21,2009-07,9.6,5.8,4176878400,118932141.60000001,76481259.8379967,89483074.01045614
21,2009-08,0.0,0.0,4176878400,34150127.28,8530221.634837631,9980359.312760027
21,2009-09,0.0,0.0,4176878400,12350835.24,8277075.371765711,9684178.184965882
21,2009-10,8.5,4.7,4176878400,66435232.800000004,43668701.34730066,51092380.57634177
21,2009-11,0.3,0.0,4176878400,26961405.84,8309935.464791716,9722624.493806308
21,2009-12,9.4,3.7,4176878400,50382724.08,46460639.312816165,54358947.99599491
21,2010-01,34.3,7.9,4176878400,87667124.04,156790494.49579102,183444878.5600755
21,2010-02,49.0,13.0,4176878400,124752933.72,244270137.87969828,285796061.31924695
21,2010-03,39.2,0.8,4176878400,174888961.8,171962739.39872876,201196405.09651265
21,2010-04,48.2,24.7,4176878400,273780753.84000003,298319381.78295624,349033676.68605876
21,2010-05,53.5,9.8,4176878400,472972972.08,259346028.57103193,303434853.4281073
21,2010-06,108.2,62.9,4176878400,847257676.32,670499381.6841835,784484276.5704947
21,2010-07,47.6,40.6,4176878400,299660397.72,407838204.32881236,477170699.06471044
21,2010-08,3.1,1.2,4176878400,57882282.480000004,58796530.32116175,68791940.47575924
21,2010-09,0.0,0.0,4176878400,19727045.64,8277031.197095167,9684126.500601344
23,1999-10,0.0,0.0,2113735500,15212508.84,6273607.827018683,29172276.39563688
23,1999-11,0.2,0.0,2113735500,16162288.44,1301007.6238956929,6049685.451114972
23,1999-12,0.0,0.0,2113735500,14122112.52,1069241.492782019,4971972.941436389
23,2000-01,2.5,0.9,2113735500,55628714.52,2792984.680227675,12987378.76305869
23,2000-02,32.9,28.1,2113735500,137246852.64000002,36975403.1598102,171935624.69311744
23,2000-03,30.3,3.2,2113735500,152746762.32,107772277.81936738,501141091.86005837
23,2000-04,40.0,10.3,2113735500,304762071.0,71811303.46801378,333922561.1262641
23,2000-05,30.8,17.7,2113735500,679126951.44,86766045.91276483,403462113.4943565
23,2000-06,5.8,4.5,2113735500,355403825.88,78234477.72142194,363790321.40461206
23,2000-07,0.0,0.0,2113735500,75599989.2,31265010.80873643,145382300.2606244
23,2000-08,0.0,0.0,2113735500,29525810.76,11255610.240953375,52338587.6204332
23,2000-09,0.0,0.0,2113735500,15448103.52,5651442.405892005,26279207.187397826
23,2000-10,2.4,1.1,2113735500,21537794.28,5357937.261904808,24914408.267857358
23,2000-11,0.2,0.0,2113735500,23627309.4,5131922.858095946,23863441.29014615
23,2000-12,0.2,0.0,2113735500,16087046.16,1526433.299653637,7097914.843389412
23,2001-01,3.1,0.1,2113735500,25853740.8,4185522.2499116873,19462678.46208935
23,2001-02,10.0,1.4,2113735500,41426425.8,12839505.895728448,59703702.41513729
23,2001-03,17.9,1.5,2113735500,122800334.88,27668718.48154515,128659540.93918496
23,2001-04,21.3,15.4,2113735500,221447897.88,37422323.757438816,174013805.4720905
23,2001-05,35.5,15.5,2113735500,549691727.64,85589780.58557178,397992479.7229088
23,2001-06,3.6,1.1,2113735500,134800861.8,64821039.4069752,301417833.24243474
23,2001-07,0.0,0.0,2113735500,54907128.72,19249594.809475318,89510615.86406024
23,2001-08,0.0,0.0,2113735500,11129690.040000001,8646598.702116782,40206683.96484304
23,2001-09,0.0,0.0,2113735500,12181848.48,4288686.284392988,19942391.222427398
23,2001-10,0.0,0.0,2113735500,10390835.52,2038946.8275945385,9481102.748314604
23,2001-11,4.7,2.1,2113735500,32371449.12,6124612.4069596045,28479447.692362163
23,2001-12,13.9,7.1,2113735500,70054263.12,21951828.90950046,102076004.42917715
23,2002-01,18.3,1.4,2113735500,67935144.48,42566556.00689316,197934485.4320532
23,2002-02,15.0,1.0,2113735500,60017436.36,32498216.251073293,151116705.56749082
23,2002-03,35.2,4.4,2113735500,96227475.24,52447724.24817035,243881917.75399217
23,2002-04,31.4,4.0,2113735500,292073262.24,66960139.337015346,311364647.9171214
23,2002-05,25.2,9.9,2113735500,407570162.04,64116267.66708508,298140644.65194565
23,2002-06,11.2,7.8,2113735500,271693705.68,61856551.484680235,287632964.4037631
23,2002-07,0.0,0.0,2113735500,63112237.68,38254869.02802924,177885140.98033598
23,2002-08,0.0,0.0,2113735500,15398764.32,11298189.036629822,52536579.02032868
23,2002-09,0.0,0.0,2113735500,12139910.16,5667552.670849221,26354119.91944888
23,2002-10,0.0,0.0,2113735500,10339029.36,2745759.6014435813,12767782.146712653
23,2002-11,17.8,8.9,2113735500,93120339.12,19939064.214744035,92716648.59855977
23,2002-12,16.3,3.7,2113735500,45599288.64,45605755.52917043,212066763.21064252
23,2003-01,9.0,0.2,2113735500,64845277.08,30974912.257406592,144033341.99694067
23,2003-02,24.5,2.7,2113735500,67719285.48,37021349.82161996,172149276.67053282
23,2003-03,33.7,2.8,2113735500,129408087.24,58271872.33171069,270964206.34245473
23,2003-04,20.9,11.8,2113735500,180096714.36,54638959.7125111,254071162.66317663
23,2003-05,18.0,30.9,2113735500,546836221.44,68713509.81603882,319517820.64458054
23,2003-06,17.4,12.1,2113735500,447961698.12,105795302.20042078,491948155.23195666
23,2003-07,0.1,0.1,2113735500,97066241.64,47291672.422750786,219906276.76579118
23,2003-08,0.0,0.0,2113735500,46459024.2,11461867.224751784,53297682.5950958
23,2003-09,0.0,0.0,2113735500,12122641.44,5634228.988990021,26199164.798803598
23,2003-10,0.0,0.0,2113735500,10933566.72,2728464.588539731,12687360.33670975
23,2003-11,0.0,0.0,2113735500,15540614.52,1241692.8695759326,5773871.843528087
23,2003-12,3.6,1.7,2113735500,45820081.56,4618045.647678379,21473912.261704464
23,2004-01,9.1,0.4,2113735500,53196291.96,15487737.108661996,72017977.55527829
23,2004-02,18.5,4.5,2113735500,63997876.32,25801978.872960098,119979201.75926447
23,2004-03,27.2,4.2,2113735500,213691775.64000002,49671266.80050784,230971390.62236148
23,2004-04,24.7,2.6,2113735500,265806305.64000002,54613526.40662588,253952897.79081038
23,2004-05,20.6,5.9,2113735500,343765942.08,50225668.07867166,233549356.56582323
23,2004-06,6.9,3.9,2113735500,196238033.64000002,43176545.266354844,200770935.48855004
23,2004-07,0.0,0.0,2113735500,59919991.44,24388530.201214917,113406665.43564938
23,2004-08,0.0,0.0,2113735500,17353830.12,8264181.0954460325,38428442.09382405
23,2004-09,0.0,0.0,2113735500,10393302.48,4084163.93090868,18991362.278725363
23,2004-10,3.1,1.4,2113735500,34200699.96,5347049.840597519,24863781.758778464
23,2004-11,1.9,0.0,2113735500,44429949.6,7623217.175831711,35447959.86761746
23,2004-12,12.4,0.4,2113735500,53815498.92,15317001.320341555,71224056.13958824
23,2005-01,37.5,26.1,2113735500,164334073.44,46207847.45151374,214866490.6495389
23,2005-02,27.2,2.7,2113735500,106576372.44,106012441.22161491,492957851.6805094
23,2005-03,46.6,35.4,2113735500,204154508.28,78379463.88895261,364464507.08362967
23,2005-04,24.0,3.2,2113735500,265233970.92000002,137378181.62647492,638808544.5631084
23,2005-05,19.5,34.8,2113735500,917849736.72,59775270.5343372,277955007.984668
23,2005-06,17.4,11.6,2113735500,801800237.88,118922462.12516125,552989448.8819999
23,2005-07,2.7,1.0,2113735500,380528580.0,51573902.47810951,239818646.52320924
23,2005-08,0.0,0.0,2113735500,96043686.72,16243466.231589474,75532117.97689106
23,2005-09,0.1,0.0,2113735500,32623079.04,7269435.0969184395,33802873.20067075
23,2005-10,0.2,0.0,2113735500,25555238.64,3791268.173265094,17629397.00568269
23,2005-11,0.1,0.0,2113735500,22251979.2,1900497.8075394863,8837314.805058612
23,2005-12,2.8,0.5,2113735500,89269414.56,4017709.6701998925,18682349.9664295
23,2006-01,21.6,12.5,2113735500,162719448.12,25368636.504566588,117964159.74623464
23,2006-02,24.0,2.2,2113735500,98485977.12,63081229.694865525,293327718.0811247
23,2006-03,25.8,16.8,2113735500,194509928.16,49648615.60783667,230866062.57644054
23,2006-04,46.4,50.3,2113735500,489264775.92,104671329.46374296,486721682.00640476
23,2006-05,43.2,38.3,2113735500,1062593680.8000001,185377574.12797776,862005719.6950966
23,2006-06,26.6,20.5,2113735500,941058896.4,149826975.70369947,696695437.0222026
23,2006-07,0.6,0.9,2113735500,350995368.36,81280424.82792857,377953975.4498679
23,2006-08,0.0,0.0,2113735500,83137785.48,22041091.598998785,102491075.93534435
23,2006-09,0.0,0.0,2113735500,30349775.400000002,10360060.740951331,48174282.44542369
23,2006-10,0.0,0.0,2113735500,26951538.0,5186650.768125881,24117926.07178535
23,2006-11,0.0,0.0,2113735500,23614974.6,2498640.5438618744,11618678.528957717
23,2006-12,0.1,0.0,2113735500,28321934.28,1246171.614108066,5794698.005602508
23,2007-01,0.1,0.0,2113735500,26761582.080000002,1069234.599991189,4971940.88995903
23,2007-02,7.5,0.3,2113735500,45332856.96,8266638.216720772,38439867.707751594
23,2007-03,13.3,0.4,2113735500,115479631.08,18639692.62093535,86674570.6873494
23,2007-04,14.8,0.8,2113735500,179536714.44,25177746.030263178,117076519.04072379
23,2007-05,5.5,2.2,2113735500,253730536.44,19969465.93647939,92858016.60462917
23,2007-06,0.0,0.0,2113735500,79816023.84,14043195.357723307,65300858.41341338
23,2007-07,0.0,0.0,2113735500,24299556.0,4690393.97057554,21810331.963176265
23,2007-08,0.0,0.0,2113735500,16470658.44,2240675.055281793,10419139.007060338
23,2007-09,0.0,0.0,2113735500,11657619.48,1069234.6011601086,4971940.895394505
23,2007-10,0.0,0.0,2113735500,11550306.72,1041527.5095041067,4843102.919194097
23,2007-11,0.0,0.0,2113735500,10743610.8,838139.7081441585,3897349.6428703372
23,2007-12,0.0,0.0,2113735500,19966340.76,670418.3044226487,3117445.1155653168
23,2008-01,3.8,1.9,2113735500,62009506.56,3129833.82067922,14553727.266158374
23,2008-02,22.1,14.1,2113735500,90881572.92,28668333.42569037,133307750.42946024
23,2008-03,16.1,1.6,2113735500,126567382.8,58836069.10278188,273587721.32793576
23,2008-04,24.5,3.2,2113735500,243307630.44,43100700.24662322,200418256.14679798
23,2008-05,27.8,7.0,2113735500,474532090.8,55242099.26002966,256875761.55913794
23,2008-06,8.2,4.4,2113735500,307971585.96,48845079.00594662,227129617.3776518
23,2008-07,0.0,0.0,2113735500,105600689.76,27279073.160315875,126847690.19546883
23,2008-08,0.0,0.0,2113735500,23849335.8,9246052.8951129,42994145.96227499
23,2008-09,0.0,0.0,2113735500,11655152.52,4596071.186791211,21371731.018579133
23,2008-10,0.0,0.0,2113735500,11687223.0,2196050.726938807,10211635.880265454
23,2008-11,2.3,0.1,2113735500,45041755.68,3600724.3222408574,16743368.098419989
23,2008-12,2.1,0.0,2113735500,30264665.28,4245649.921827811,19742272.136499323
23,2009-01,17.6,0.6,2113735500,72517522.68,20302058.510079008,94404572.07186739
23,2009-02,23.5,6.3,2113735500,79395407.16,35414481.80042913,164677340.37199545
23,2009-03,18.0,0.9,2113735500,134622007.2,49261886.048595205,229067770.1259677
23,2009-04,24.2,2.0,2113735500,268908507.84000003,44929612.67133743,208922698.92171907
23,2009-05,15.2,14.5,2113735500,588578418.12,42192347.77485029,196194417.15305385
23,2009-06,0.9,0.7,2113735500,264743045.88,51625505.86922851,240058602.2919126
23,2009-07,0.0,0.0,2113735500,124150995.48,12403273.259876592,57675220.65842616
23,2009-08,0.0,0.0,2113735500,29856383.400000002,5460167.072885147,25389776.888915937
23,2009-09,0.0,0.0,2113735500,14376209.4,2637999.434718754,12266697.371442208
23,2009-10,2.8,1.3,2113735500,87488269.44,4346301.931420747,20210303.981106475
23,2009-11,0.1,0.0,2113735500,25016207.88,4926016.068826665,22905974.720043994
23,2009-12,6.2,2.3,2113735500,47329861.08,7780194.931646846,36177906.43215784
23,2010-01,27.4,4.6,2113735500,75125099.4,36663484.59283702,170485203.35669217
23,2010-02,34.2,21.3,2113735500,101531439.24,60268849.28155905,280250149.1592496
23,2010-03,27.4,2.3,2113735500,152428524.48,98886324.79340465,459821410.2893317
23,2010-04,29.0,22.1,2113735500,249914149.32,62229158.35689789,289365586.3595752
23,2010-05,29.2,9.4,2113735500,511543891.68,105952826.36739905,492680642.60840565
23,2010-06,33.8,22.9,2113735500,888843221.04,84749785.8381082,394086504.14720315
23,2010-07,3.5,1.4,2113735500,284476258.92,86843032.15971582,403820099.5426786
23,2010-08,0.0,0.0,2113735500,59166335.160000004,23443038.77825626,109010130.31889161
23,2010-09,0.0,0.0,2113735500,26012859.72,1073773.060185059,4993044.729860525
