arc,closure_group,window,n_months,kge_abs,nse_abs,pbias_abs,r_abs,alpha_abs,beta_abs,kge_resc,nse_resc,pbias_resc,r_resc,alpha_resc,beta_resc
I_ALD002,FU_FOLS,WY1976-85,120,0.676456263785272,0.625251495572807,-22.236795766632653,0.8091605683060658,0.8628382270534951,0.7776320423336736,0.6951552443441296,0.6265999418099872,-20.653463331356253,0.8092414147717923,0.88216565672669,0.7934653666864375
I_ALD002,FU_FOLS,WY1976-84,108,0.6819267621751756,0.6209546696998028,-21.219901934676162,0.8058581037062703,0.8641652293699631,0.7878009806532384,0.7000849543989377,0.6219047977040171,-19.680558704309302,0.8059108583878614,0.8836127129159973,0.8031944129569071
I_ALD002,FU_FOLS,WY1950-84_mixed,420,0.5614402795557727,0.6299231088828837,-28.804723442976233,0.825649792249954,0.7189921278842883,0.7119527655702377,0.5711205966415853,0.6313922581925555,-28.19933506949757,0.8241196776485722,0.7289217732859238,0.7180066493050243
I_ALD002,FU_FOLS,WY1976-85_own,0,,,,,,,,,,,,
I_ALD004,FU_FOLS,WY1976-85,120,0.7224607860031325,0.7986168916105086,-17.708388922791315,0.9088050594705098,0.8067312898999479,0.8229161107720868,0.748087120474034,0.8088708011604393,-15.832748459661595,0.9108545697210839,0.8255133278649653,0.8416725154033841
I_ALD004,FU_FOLS,WY1976-84,108,0.7211579050845829,0.7949651830664342,-17.3372006433224,0.9070014280817922,0.802398565533267,0.8266279935667761,0.7462201162313296,0.8054049878830821,-15.52635276591371,0.9091837852008839,0.8209751930205172,0.8447364723408629
I_ALD004,FU_FOLS,WY1950-84_mixed,420,0.6270875396385018,0.782394158202562,-22.344398340931026,0.922612988768085,0.7116465019049755,0.7765560165906898,0.638289591907503,0.7866907436440888,-21.720964903975986,0.921841227441428,0.7215299047319398,0.7827903509602402
I_ALD004,FU_FOLS,WY1976-85_own,0,,,,,,,,,,,,
I_ALMNR,FU_OROV,WY1976-85,120,0.668518830220763,0.42729041382240796,-12.919628798203528,0.8144822265563927,1.2424278053903899,0.8708037120179647,0.726497376491512,0.49050599898726577,-11.04862765288673,0.8083811587677404,1.1608685408947892,0.8895137234711327
I_ALMNR,FU_OROV,WY1976-84,108,0.669711236563709,0.4282625446623922,-11.93705397998891,0.812002892394195,1.2439229981203261,0.8806294602001109,0.7285625556731052,0.49124598934456154,-10.226070138662392,0.805707611748304,1.15959794172258,0.8977392986133761
I_ALMNR,FU_OROV,WY1950-84_mixed,420,0.7222661708986978,0.5297667122608076,-15.463646877762503,0.8460370303079239,1.171811077392742,0.845363531222375,0.7060246720693959,0.5551601994446492,-8.654813750232453,0.8539441032100837,1.239997059022977,0.9134518624976755
I_ALMNR,FU_OROV,WY1976-85_own,120,0.668518830220763,0.42729041382240796,-12.919628798203528,0.8144822265563927,1.2424278053903899,0.8708037120179647,0.726497376491512,0.49050599898726577,-11.04862765288673,0.8083811587677404,1.1608685408947892,0.8895137234711327
I_ALOHA,FU_FOLS,WY1976-85,120,0.6821862018111313,0.7431107165870101,-30.402365785663715,0.908048792017344,1.0109636277406537,0.6959763421433628,0.6970573422359416,0.7393839989562241,-28.496756198939813,0.9054424410875515,1.040331260326064,0.7150324380106019
I_ALOHA,FU_FOLS,WY1976-84,108,0.6842832006639123,0.7409377999781077,-30.146434358473137,0.9073144062369246,1.0143432088054458,0.6985356564152686,0.6982072168075915,0.736635593269782,-28.30093648223744,0.904613309383976,1.0434276716297248,0.7169906351776256
I_ALOHA,FU_FOLS,WY1950-84_mixed,420,0.7079413771181171,0.7797829330590573,-28.02519738551936,0.91809092725424,0.9930736624497853,0.7197480261448064,0.7125823095003787,0.7819528300359357,-27.577587670969105,0.9191085741407788,1.0036293056635581,0.7242241232903089
I_ALOHA,FU_FOLS,WY1976-85_own,0,,,,,,,,,,,,
I_AMADR,,WY1976-85,0,,,,,,,,,,,,
I_AMADR,,WY1976-84,0,,,,,,,,,,,,
I_AMADR,,WY1950-84_mixed,0,,,,,,,,,,,,
I_AMADR,,WY1976-85_own,0,,,,,,,,,,,,
I_ANG017,FU_ST,WY1976-85,120,-0.06104743245309163,-0.01645571776925059,-79.6578010128208,0.8373870721767657,0.3182066563831544,0.20342198987179194,-0.08375431072152795,-0.05113793951293588,-81.04674104094138,0.8409829754479258,0.29830236670318055,0.18953258959058614
I_ANG017,FU_ST,WY1976-84,108,-0.05357290482371213,-0.019657248150386275,-78.91669693771948,0.840236854340056,0.3205096781325521,0.21083303062280517,-0.07656529538149415,-0.05508339226207637,-80.33002816303845,0.8440702150887187,0.3004377119012842,0.19669971836961558
I_ANG017,FU_ST,WY1950-84_mixed,420,-0.15612627707044124,-0.17741640999315256,-83.90072471508819,0.705406675423497,0.26114305790902864,0.16099275284911807,-0.16351164251070038,-0.1880903801498539,-84.2844102273601,0.7063726888379842,0.25357105920233747,0.15715589772639912
I_ANG017,FU_ST,WY1976-85_own,0,,,,,,,,,,,,
I_ANT011,uf_07,WY1976-85,120,0.8652761407061322,0.8565505805630665,-11.317010153080405,0.9361965203862616,1.0356673852661036,0.886829898469196,0.8590146067860824,0.8800497535641222,-11.996642346106556,0.9441192139519027,0.9513967481304999,0.8800335765389345
I_ANT011,uf_07,WY1976-84,108,0.8638128453478335,0.8533583346129705,-11.31561865964181,0.9351744074097826,1.039246159971861,0.886843813403582,0.8581129569876358,0.877479638128289,-12.130213218533772,0.9431278149275039,0.9532744152828121,0.8786978678146623
I_ANT011,uf_07,WY1950-84_mixed,420,0.791193394937882,0.841916750117817,-17.097581443334878,0.9312629999496987,0.9018027799756771,0.8290241855666513,0.8506363064896743,0.8777962286193666,-11.229183314280583,0.9428031464376161,0.9198215921145972,0.8877081668571942
I_ANT011,uf_07,WY1976-85_own,84,0.7118826365382072,0.8435151805155723,-23.62208172361128,0.9462486315722468,0.844044458179192,0.7637791827638872,0.7158615266303467,0.8472286069903125,-19.923904320059656,0.9471323128868034,0.8044405886369845,0.8007609567994034
I_ANTLP,FU_OROV,WY1976-85,120,0.2826833720424673,0.44445148414983093,-51.150319740368765,0.7871342553382011,0.5443731806184503,0.4884968025963124,0.26625549915346824,0.4347941315271585,-52.06323119422942,0.7899543295583152,0.527555501023823,0.4793676880577058
I_ANTLP,FU_OROV,WY1976-84,108,0.30149685008937377,0.46031586405676184,-49.0330134414244,0.7929671167614206,0.5476501409547064,0.509669865585756,0.2839471332606217,0.44969583235164656,-50.06618209413374,0.795392894594086,0.530739537746041,0.4993381790586626
I_ANTLP,FU_OROV,WY1950-84_mixed,420,0.33719081586909494,0.5234982808911133,-46.17137579155667,0.8445396222643422,0.5505909532797009,0.5382862420844333,0.39451523856216575,0.5766230249755835,-42.27791144915544,0.8566682387044959,0.5909454524307343,0.5772208855084455
I_ANTLP,FU_OROV,WY1976-85_own,120,0.2826833720424673,0.44445148414983093,-51.150319740368765,0.7871342553382011,0.5443731806184503,0.4884968025963124,0.26625549915346824,0.4347941315271585,-52.06323119422942,0.7899543295583152,0.527555501023823,0.4793676880577058
I_BANOS,,WY1976-85,0,,,,,,,,,,,,
I_BANOS,,WY1976-84,0,,,,,,,,,,,,
I_BANOS,,WY1950-84_mixed,0,,,,,,,,,,,,
I_BANOS,,WY1976-85_own,0,,,,,,,,,,,,
I_BCC014,uf_07,WY1976-85,120,0.9307910698586512,0.9542428318884102,1.9509397431383837,0.977771371419489,0.937428860529761,1.0195093974313838,0.87826390992811,0.9427464783386893,-0.39121391229127683,0.9755681609375455,0.8808049664058917,0.9960878608770872
I_BCC014,uf_07,WY1976-84,108,0.9302733391591071,0.9543883901206572,1.5094673743088958,0.977895722430105,0.9356155378237604,1.015094673743089,0.8757344938358462,0.942785773574059,-1.0364080887566007,0.9758615404272836,0.8785428609794975,0.9896359191124341
I_BCC014,uf_07,WY1950-84_mixed,420,0.7928643515930851,0.8772622300638433,-8.174333481225165,0.9474243417112062,0.8170819740697348,0.9182566651877484,0.8344487064733738,0.9024551621893973,-2.520312767491682,0.9570745515457822,0.8421094080739916,0.9747968723250833
I_BCC014,uf_07,WY1976-85_own,120,0.9307910698586512,0.9542428318884102,1.9509397431383837,0.977771371419489,0.937428860529761,1.0195093974313838,0.87826390992811,0.9427464783386893,-0.39121391229127683,0.9755681609375455,0.8808049664058917,0.9960878608770872
I_BCK040,,WY1976-85,0,,,,,,,,,,,,
I_BCK040,,WY1976-84,0,,,,,,,,,,,,
I_BCK040,,WY1950-84_mixed,0,,,,,,,,,,,,
I_BCK040,,WY1976-85_own,0,,,,,,,,,,,,
I_BCN010,,WY1976-85,0,,,,,,,,,,,,
I_BCN010,,WY1976-84,0,,,,,,,,,,,,
I_BCN010,,WY1950-84_mixed,0,,,,,,,,,,,,
I_BCN010,,WY1976-85_own,0,,,,,,,,,,,,
I_BEARD,FU_ST,WY1976-85,120,0.0828786499070494,0.1442706994618066,-65.66773633946107,0.6788174404736529,0.4461695434002178,0.34332263660538925,0.04923855652269127,0.11273253555433405,-68.10415555720701,0.6813824979977873,0.41809570425636094,0.3189584444279298
I_BEARD,FU_ST,WY1976-84,108,0.09550542875138579,0.16338138819668346,-64.34622070112334,0.684884572079674,0.4479410496577047,0.3565377929887666,0.061661128907557594,0.1320591513071434,-66.79277734301823,0.6874562645411498,0.41976837391515204,0.3320722265698177
I_BEARD,FU_ST,WY1950-84_mixed,420,0.0752198616059937,0.1432787866245574,-66.3994500402128,0.6899631734524874,0.4359018046579892,0.33600549959787196,0.06235460174852292,0.13221070108361888,-67.18310553335766,0.6925605582445821,0.4226760739371173,0.32816894466642327
I_BEARD,FU_ST,WY1976-85_own,0,,,,,,,,,,,,
I_BLKBT,uf_04,WY1976-85,120,0.9045378482687808,0.9565461808587872,3.3797718415289517,0.9805188269103117,0.9128723893468625,1.0337977184152896,0.9045033146933643,0.9536520083939117,1.0137586322577565,0.9792047517521898,0.9073479417475313,1.0101375863225777
I_BLKBT,uf_04,WY1976-84,108,0.9087595310719679,0.958018275347159,1.6402375067163897,0.981252287924976,0.9122258092927353,1.016402375067164,0.9040484589108659,0.9535889608900461,0.5254751563375791,0.9792294158011199,0.9064710277217577,1.0052547515633758
I_BLKBT,uf_04,WY1950-84_mixed,420,0.8981442905405891,0.9250685103899928,-3.3889074386597704,0.96341874707537,0.9111859914137199,0.9661109256134023,0.9221289816676261,0.9459928538852359,3.000825725537658,0.9736150961187279,0.9331626089692897,1.0300082572553766
I_BLKBT,uf_04,WY1976-85_own,0,,,,,,,,,,,,
I_BOWMN,FU_YUBA,WY1976-85,120,0.8111739152035374,0.7827709587230958,-15.803070369128317,0.9051759193825232,1.0411093751527438,0.841969296308717,0.8165826501551744,0.7805909253131736,-15.173714487934786,0.9024119356976197,1.0330807012271122,0.8482628551206522
I_BOWMN,FU_YUBA,WY1976-84,108,0.8160693620531455,0.7968144344734512,-15.368953667678259,0.913083631305751,1.0515320361000622,0.8463104633232174,0.8218017646010369,0.7945173758486855,-14.79345075595735,0.910194343714002,1.0424845462662828,0.8520654924404265
I_BOWMN,FU_YUBA,WY1950-84_mixed,420,0.7548213266967216,0.7832104670222982,-22.267884701480273,0.9083952511098115,0.9537908784364033,0.7773211529851972,0.7933608631630359,0.792019769337984,-18.594322297043558,0.9098644987083906,0.9993350857177413,0.8140567770295645
I_BOWMN,FU_YUBA,WY1976-85_own,0,,,,,,,,,,,,
I_BRC003,,WY1976-85,0,,,,,,,,,,,,
I_BRC003,,WY1976-84,0,,,,,,,,,,,,
I_BRC003,,WY1950-84_mixed,0,,,,,,,,,,,,
I_BRC003,,WY1976-85_own,0,,,,,,,,,,,,
I_BRR023,uf_10,WY1976-85,120,0.8849290152689131,0.8935031670980962,0.047164463594753625,0.9570355885383078,1.10674815420451,1.0004716446359476,0.9031671380545675,0.9142411673989933,-8.74872658351157,0.9591346460105915,1.0072528830515404,0.9125127341648843
I_BRR023,uf_10,WY1976-84,108,0.8835239116356165,0.8920529876374951,0.7523258275233817,0.9565353226709499,1.1078002855760287,1.0075232582752338,0.9058450393407885,0.9133386239221374,-8.419176688922843,0.958654919077208,1.0082150647164383,0.9158082331107716
I_BRR023,uf_10,WY1950-84_mixed,420,0.9307061501474038,0.9183414790975329,-3.7253014710625516,0.9621632195239063,1.044522225523529,0.9627469852893746,0.8785232117796151,0.926405350739599,-11.196559563037173,0.9654712365256928,0.9679363139297478,0.8880344043696283
I_BRR023,uf_10,WY1976-85_own,0,,,,,,,,,,,,
I_BSH003,FU_FOLS,WY1976-85,120,0.7116965335731557,0.5066646064237735,-15.962179296960793,0.7600065124707972,0.9934503506603362,0.840378207030392,0.7247324262738596,0.5149965629917903,-14.548969550362036,0.7665007073575921,1.0091140541382584,0.8545103044963795
I_BSH003,FU_FOLS,WY1976-84,108,0.7110471004345206,0.5002836433614661,-15.598907514386337,0.7568342651884937,0.994377543540376,0.8440109248561366,0.7236265756836893,0.5088387709793056,-14.282550841852574,0.7636094897872697,1.0101326449991213,0.8571744915814743
I_BSH003,FU_FOLS,WY1950-84_mixed,420,0.6628114639217769,0.44160141969807987,-17.68635797256656,0.7178626125540483,0.9469540045397284,0.8231364202743343,0.6673995465866416,0.4395875866576193,-17.173320534350623,0.7185075490512203,0.9564940480845955,0.8282667946564937
I_BSH003,FU_FOLS,WY1976-85_own,0,,,,,,,,,,,,
I_BTC048,uf_07,WY1976-85,120,0.8928889032646534,0.9136550106923005,5.601454343293775,0.9577310474311133,0.9190772367218129,1.0560145434329378,0.8389071415126301,0.9035175355088338,4.918933456896436,0.9570945877183061,0.8527232400640476,1.0491893345689642
I_BTC048,uf_07,WY1976-84,108,0.8891740415371953,0.9124976678461477,5.640396753569536,0.9573421761733791,0.9146694920804492,1.0564039675356953,0.8340365551259987,0.9022345885699165,4.801465577747828,0.9570338182739516,0.8470543721026975,1.0480146557774783
I_BTC048,uf_07,WY1950-84_mixed,420,0.8125930678699511,0.8579055888184134,-3.4432045887421534,0.9325687000425057,0.8285683453604741,0.9655679541125786,0.8328589381781655,0.8811644101427494,3.2383086318377186,0.944312594809688,0.8457716525064317,1.0323830863183772
I_BTC048,uf_07,WY1976-85_own,120,0.8928889032646534,0.9136550106923005,5.601454343293775,0.9577310474311133,0.9190772367218129,1.0560145434329378,0.8389071415126301,0.9035175355088338,4.918933456896436,0.9570945877183061,0.8527232400640476,1.0491893345689642
I_BTL006,,WY1976-85,0,,,,,,,,,,,,
I_BTL006,,WY1976-84,0,,,,,,,,,,,,
I_BTL006,,WY1950-84_mixed,0,,,,,,,,,,,,
I_BTL006,,WY1976-85_own,0,,,,,,,,,,,,
I_BTVLY,FU_OROV,WY1976-85,120,0.7648336494733999,0.728431969171189,5.949909054321262,0.9072317710926726,1.2077429333333098,1.0594990905432127,0.8050721403742757,0.7521557348071273,5.316358470078671,0.9062248784340975,1.1624091447404628,1.0531635847007867
I_BTVLY,FU_OROV,WY1976-84,108,0.7624022728936778,0.7207567033021522,6.768725776686592,0.9043591692956391,1.2066977178496947,1.067687257766866,0.8032973147385499,0.7453969598092315,5.798379920893327,0.9033651196114815,1.1612188739281475,1.0579837992089334
I_BTVLY,FU_OROV,WY1950-84_mixed,420,0.8440261512010009,0.7078947965753097,-6.448948604620092,0.8585415674721207,1.0125880723474778,0.9355105139537991,0.8517390719535105,0.7139655020036915,0.08362787484497,0.8682530364195237,1.0679951543154795,1.0008362787484497
I_BTVLY,FU_OROV,WY1976-85_own,0,,,,,,,,,,,,
I_BUCKS,FU_OROV,WY1976-85,120,0.7641647960587955,0.5622791656307795,3.049411644327877,0.8193911896032352,1.1485557467329983,1.0304941164432788,0.783450017063605,0.5755271217129654,3.789912806948525,0.8125738178919557,1.1016315770896425,1.0378991280694851
I_BUCKS,FU_OROV,WY1976-84,108,0.7674624485034844,0.5682714233483829,3.0606153410457986,0.8211045350083597,1.1453732741422402,1.030606153410458,0.7884252416856596,0.5839339713812836,3.521745105132345,0.8149629258955665,1.0963581377159686,1.0352174510513235
I_BUCKS,FU_OROV,WY1950-84_mixed,420,0.7612349839170972,0.531547795991226,-7.030272237589352,0.7921361298342103,1.094121578882351,0.9296972776241066,0.7409998379923042,0.49711006045362394,-0.36855435004243825,0.7928286471575032,1.1553947594049712,0.9963144564995756
I_BUCKS,FU_OROV,WY1976-85_own,0,,,,,,,,,,,,
I_BUR005,,WY1976-85,0,,,,,,,,,,,,
I_BUR005,,WY1976-84,0,,,,,,,,,,,,
I_BUR005,,WY1950-84_mixed,0,,,,,,,,,,,,
I_BUR005,,WY1976-85_own,0,,,,,,,,,,,,
I_BVC007,FU_ST,WY1976-85,120,0.7829111175749652,0.556642604899932,-1.4500138639193252,0.7956554466371062,1.0718375414592831,0.9854998613608068,0.7777749528011488,0.5835597786847112,-8.91221159786927,0.7966769274840185,1.0100472995711784,0.9108778840213073
I_BVC007,FU_ST,WY1976-84,108,0.7780350447515787,0.5457522019950666,-1.6223591295286097,0.7905525466006156,1.0716728728908638,0.983776408704714,0.7736321008357665,0.5726089510095563,-8.734382913248336,0.7914523947533191,1.0110171516454438,0.9126561708675167
I_BVC007,FU_ST,WY1950-84_mixed,420,0.8065007613717996,0.6480104964736113,-7.774931326082507,0.8234709004186798,0.9846873699786204,0.922250686739175,0.7953918039298182,0.6521065663476728,-9.851490205210744,0.8239317936645217,0.9659512894434298,0.9014850979478927
I_BVC007,FU_ST,WY1976-85_own,0,,,,,,,,,,,,
I_CAP000,,WY1976-85,0,,,,,,,,,,,,
I_CAP000,,WY1976-84,0,,,,,,,,,,,,
I_CAP000,,WY1950-84_mixed,0,,,,,,,,,,,,
I_CAP000,,WY1976-85_own,0,,,,,,,,,,,,
I_CAPLS,FU_FOLS,WY1976-85,120,0.524142896109467,0.5112617566678841,17.61255885111632,0.8993119292550548,1.4304435767953134,1.176125588511163,0.47973518621557787,0.46107994238644967,20.95824139360121,0.8972981869261203,1.46497637125152,1.209582413936012
I_CAPLS,FU_FOLS,WY1976-84,108,0.5120554651219364,0.4893020532894221,18.451359308572485,0.8956695779262396,1.4394994495034963,1.184513593085725,0.4682760371485444,0.43792732060681816,21.720512203886287,0.8934215480861631,1.4734905925339898,1.2172051220388629
I_CAPLS,FU_FOLS,WY1950-84_mixed,420,0.5041485919961117,0.4033196115121863,19.996788134383088,0.86398832793224,1.432876761112941,1.1999678813438308,0.4895337851043813,0.38758145358800467,20.75442525658685,0.8643763879407572,1.4462144950903535,1.2075442525658684
I_CAPLS,FU_FOLS,WY1976-85_own,120,0.524142896109467,0.5112617566678841,17.61255885111632,0.8993119292550548,1.4304435767953134,1.176125588511163,0.47973518621557787,0.46107994238644967,20.95824139360121,0.8972981869261203,1.46497637125152,1.209582413936012
I_CCH053,,WY1976-85,0,,,,,,,,,,,,
I_CCH053,,WY1976-84,0,,,,,,,,,,,,
I_CCH053,,WY1950-84_mixed,0,,,,,,,,,,,,
I_CCH053,,WY1976-85_own,0,,,,,,,,,,,,
I_CFS001,FU_ST,WY1976-85,120,0.6801278138777536,0.7714258277683781,15.119802100936214,0.9452744532800462,1.2765185137268023,1.1511980210093622,0.7891413412849267,0.8296630413148954,5.884548190201048,0.9454221740644411,1.194986779374879,1.0588454819020106
I_CFS001,FU_ST,WY1976-84,108,0.688505681885351,0.775176815619576,13.957371415211972,0.9451528249580277,1.2730195522767698,1.1395737141521196,0.7910227444519031,0.8288319073486416,5.318898007189139,0.9448157702645565,1.1944148310284797,1.0531889800718914
I_CFS001,FU_ST,WY1950-84_mixed,420,0.6410024482535914,0.730845436766087,16.29942682740154,0.9412083458313946,1.3144131868574418,1.1629942682740155,0.6667016964069086,0.7433444249656943,13.922624588693878,0.9394100298732602,1.2967029948522646,1.1392262458869389
I_CFS001,FU_ST,WY1976-85_own,120,0.6801278138777536,0.7714258277683781,15.119802100936214,0.9452744532800462,1.2765185137268023,1.1511980210093622,0.7891413412849267,0.8296630413148954,5.884548190201048,0.9454221740644411,1.194986779374879,1.0588454819020106
I_CHC000,,WY1976-85,0,,,,,,,,,,,,
I_CHC000,,WY1976-84,0,,,,,,,,,,,,
I_CHC000,,WY1950-84_mixed,0,,,,,,,,,,,,
I_CHC000,,WY1976-85_own,0,,,,,,,,,,,,
I_CHW031,,WY1976-85,0,,,,,,,,,,,,
I_CHW031,,WY1976-84,0,,,,,,,,,,,,
I_CHW031,,WY1950-84_mixed,0,,,,,,,,,,,,
I_CHW031,,WY1976-85_own,0,,,,,,,,,,,,
I_CLR011,,WY1976-85,0,,,,,,,,,,,,
I_CLR011,,WY1976-84,0,,,,,,,,,,,,
I_CLR011,,WY1950-84_mixed,0,,,,,,,,,,,,
I_CLR011,,WY1976-85_own,0,,,,,,,,,,,,
I_CLRLK,,WY1976-85,0,,,,,,,,,,,,
I_CLRLK,,WY1976-84,0,,,,,,,,,,,,
I_CLRLK,,WY1950-84_mixed,0,,,,,,,,,,,,
I_CLRLK,,WY1976-85_own,0,,,,,,,,,,,,
I_CLV026,,WY1976-85,0,,,,,,,,,,,,
I_CLV026,,WY1976-84,0,,,,,,,,,,,,
I_CLV026,,WY1950-84_mixed,0,,,,,,,,,,,,
I_CLV026,,WY1976-85_own,0,,,,,,,,,,,,
I_CMBIE,uf_10,WY1976-85,120,0.822549434000363,0.8601984952071575,11.177811455143697,0.9476608005112287,1.1274949594211159,1.111778114551437,0.940158167517021,0.8943912823053121,1.4157157841874795,0.9490607902709881,1.028032422459447,1.0141571578418747
I_CMBIE,uf_10,WY1976-84,108,0.8196107996818178,0.8578662174941701,11.605600006611253,0.9468922348668521,1.127478757927155,1.1160560000661124,0.9394378066321896,0.8928474890101497,1.4329522716290906,0.9483203591862143,1.0281364313586754,1.014329522716291
I_CMBIE,uf_10,WY1950-84_mixed,420,0.8705754337366458,0.8952761888159407,9.815850704706918,0.9555942168194026,1.0717199572424971,1.0981585070470692,0.9557617249886136,0.9166170552525589,1.3474024865308996,0.9581551566493914,0.9950517968033714,1.013474024865309
I_CMBIE,uf_10,WY1976-85_own,0,,,,,,,,,,,,
I_CMCHE,,WY1976-85,0,,,,,,,,,,,,
I_CMCHE,,WY1976-84,0,,,,,,,,,,,,
I_CMCHE,,WY1950-84_mixed,0,,,,,,,,,,,,
I_CMCHE,,WY1976-85_own,0,,,,,,,,,,,,
I_CMP001,uf_13,WY1976-85,120,0.7028000162690988,0.6819317789561298,1.2140731711192423,0.906997813577905,1.2820124576749663,1.0121407317111923,0.6071435363819406,0.6156640301230805,9.905064724684673,0.9114764824051245,1.369714426441677,1.0990506472468466
I_CMP001,uf_13,WY1976-84,108,0.6997840517088557,0.6809500276190661,2.84657903312417,0.9073822586733772,1.2841500807332695,1.0284657903312417,0.6006479086619643,0.613041338219539,11.730003942642615,0.9119377814358912,1.3714402230079408,1.117300039426426
I_CMP001,uf_13,WY1950-84_mixed,420,0.7090515357430069,0.49944922574974326,-4.277296356701956,0.8153693222732609,1.2207555101993202,0.9572270364329806,0.6292532805556894,0.41197813647573067,5.529413549875667,0.8154837694169665,1.3167798118718936,1.0552941354987566
I_CMP001,uf_13,WY1976-85_own,120,0.7028000162690988,0.6819317789561298,1.2140731711192423,0.906997813577905,1.2820124576749663,1.0121407317111923,0.6071435363819406,0.6156640301230805,9.905064724684673,0.9114764824051245,1.369714426441677,1.0990506472468466
I_CMP014,uf_13,WY1976-85,120,0.5977286876675465,0.5716580866016505,-22.50159707110372,0.7725317608753786,0.7561799396272159,0.7749840292889629,0.6687872469957843,0.5824761129348828,-15.067490261830969,0.7716056539773257,0.8133586750516664,0.8493250973816904
I_CMP014,uf_13,WY1976-84,108,0.5960375005899691,0.5624009412046687,-22.128355738537635,0.7664552566735255,0.7557129945636829,0.7787164426146236,0.6661363395536513,0.5728854532211063,-14.56815961395923,0.7654361373247034,0.8123257858956109,0.8543184038604076
I_CMP014,uf_13,WY1950-84_mixed,420,0.6236034073555667,0.6543401404877109,-25.198086990378105,0.8349013264398872,0.7743399367509516,0.748019130096219,0.7162663303752603,0.6784058448714374,-16.794707777108272,0.8341608105388684,0.842532741226153,0.8320529222289172
I_CMP014,uf_13,WY1976-85_own,0,,,,,,,,,,,,
I_CMPFW,uf_10,WY1976-85,120,0.5556746622048406,0.6665883031989792,14.570197873842767,0.9468157809951748,1.4163740842647823,1.1457019787384277,0.7083567930766019,0.7913155813226809,4.405562364386584,0.9504820120323481,1.2840120262199288,1.0440556236438658
I_CMPFW,uf_10,WY1976-84,108,0.555537869851769,0.6731160287779501,14.6736940835602,0.9492962304833769,1.4164660647482783,1.146736940835602,0.7102216343540353,0.8002422328330692,4.086536050265474,0.95369071610207,1.2831200694622256,1.0408653605026548
I_CMPFW,uf_10,WY1950-84_mixed,420,0.6356610882046658,0.7066722505876807,6.599656003201266,0.9383769078824772,1.352972932715845,1.0659965600320127,0.7405250183498463,0.7906695950964909,-1.7485979949333772,0.9418873914443052,1.2522784797290718,0.9825140200506662
I_CMPFW,uf_10,WY1976-85_own,0,,,,,,,,,,,,
I_COL003,cdec_MKM,WY1976-85,120,0.8189966498274113,0.9017749657612686,-10.004958808191482,0.9576316024398759,0.8552339418699011,0.8999504119180851,0.7972184372664431,0.8975738239720971,-12.101830185276878,0.9580616787095432,0.8427864191341156,0.8789816981472311
I_COL003,cdec_MKM,WY1976-84,108,0.8114310166728966,0.9004805632426887,-10.261381721553997,0.9580455811503829,0.8474598651879971,0.89738618278446,0.7925131974369998,0.8960270947082084,-12.11196470441958,0.958063854288731,0.8368370016805585,0.8788803529558041
I_COL003,cdec_MKM,WY1950-84_mixed,420,0.7573530330008462,0.8905543432216726,-15.083370488495566,0.9606679381496518,0.814043733702876,0.8491662951150443,0.7686287986550996,0.8946221552093153,-14.499628416154545,0.9609288823930913,0.8239825060964852,0.8550037158384545
I_COL003,cdec_MKM,WY1976-85_own,120,0.8189966498274113,0.9017749657612686,-10.004958808191482,0.9576316024398759,0.8552339418699011,0.8999504119180851,0.7972184372664431,0.8975738239720971,-12.101830185276878,0.9580616787095432,0.8427864191341156,0.8789816981472311
I_COT033,uf_21,WY1976-85,120,0.2017069297861267,0.49377004870305985,-57.16589938533288,0.8577638674390917,0.4612545097244828,0.42834100614667114,0.3293667225572162,0.5307357818078835,-45.0362328170546,0.809641735402818,0.5409940117187964,0.549637671829454
I_COT033,uf_21,WY1976-84,108,0.19679528226419785,0.4851203573009426,-57.9994565738435,0.8581128681625803,0.46277363790867043,0.42000543426156495,0.31181699341914904,0.5266739407941832,-47.922077930300496,0.8170488199509663,0.5412275499231168,0.5207792206969951
I_COT033,uf_21,WY1950-84_mixed,420,0.17350617973562876,0.4871823204183857,-59.733437474650174,0.8596133374768353,0.4463076082633898,0.40266562525349836,0.26084923476956157,0.5059697954340892,-51.228060241006396,0.8153876204693984,0.5001693212104985,0.48771939758993604
I_COT033,uf_21,WY1976-85_own,0,,,,,,,,,,,,
I_COW014,,WY1976-85,0,,,,,,,,,,,,
I_COW014,,WY1976-84,0,,,,,,,,,,,,
I_COW014,,WY1950-84_mixed,0,,,,,,,,,,,,
I_COW014,,WY1976-85_own,0,,,,,,,,,,,,
I_CSM035,uf_13,WY1976-85,120,0.8412051466494778,0.9517289958868733,-7.045705061248819,0.9846742585104007,0.8585195026959648,0.9295429493875118,0.9256810094187848,0.9695652284558955,1.9672883945986097,0.9863748605579594,0.9296391758615389,1.019672883945986
I_CSM035,uf_13,WY1976-84,108,0.8402170195950818,0.9511451244077536,-6.991319774733174,0.9845725229045256,0.8571548441203217,0.9300868022526683,0.9234036162431064,0.9692785125784321,2.124410026851793,0.9863601535840215,0.927683689266093,1.021244100268518
I_CSM035,uf_13,WY1950-84_mixed,420,0.8463022715092664,0.9399288337888227,-7.59322540653577,0.9768610929878294,0.8683874036497746,0.9240677459346422,0.9302565011449764,0.9607340132690706,2.362166247886513,0.981292410984145,0.937101678818198,1.023621662478865
I_CSM035,uf_13,WY1976-85_own,120,0.8412051466494778,0.9517289958868733,-7.045705061248819,0.9846742585104007,0.8585195026959648,0.9295429493875118,0.9256810094187848,0.9695652284558955,1.9672883945986097,0.9863748605579594,0.9296391758615389,1.019672883945986
I_CWD018,,WY1976-85,0,,,,,,,,,,,,
I_CWD018,,WY1976-84,0,,,,,,,,,,,,
I_CWD018,,WY1950-84_mixed,0,,,,,,,,,,,,
I_CWD018,,WY1976-85_own,0,,,,,,,,,,,,
I_CYN009,FU_FOLS,WY1976-85,120,0.6196385882826343,0.5562341435786264,9.734744754068965,0.8827312376466865,1.3484914853437056,1.0973474475406897,0.5994021157838587,0.5432253711807994,11.761640244982903,0.8847879163469451,1.3652002498541456,1.117616402449829
I_CYN009,FU_FOLS,WY1976-84,108,0.6135600659406585,0.554775095187992,9.40191726813621,0.8849728643994091,1.3567421700326774,1.0940191726813622,0.593938128984199,0.5423527654981345,11.281525764147124,0.887212766189079,1.373413980222249,1.1128152576414714
I_CYN009,FU_FOLS,WY1950-84_mixed,420,0.6067512591296353,0.5364953573122198,13.037917501337047,0.8784460673385336,1.3505288638236397,1.1303791750133707,0.5958749016103642,0.5271713333556188,13.627347343988102,0.8790062221898295,1.3607036752187118,1.1362734734398812
I_CYN009,FU_FOLS,WY1976-85_own,0,,,,,,,,,,,,
I_DAVIS,FU_OROV,WY1976-85,120,0.6968201269810139,0.8244323257703253,-23.469099877764002,0.9308482104724117,0.8209575455326464,0.7653090012223599,0.6780591017715718,0.817664069650966,-23.872096303003993,0.9312151550234062,0.79523943528188,0.76127903696996
I_DAVIS,FU_OROV,WY1976-84,108,0.6952156986432783,0.8267170884758185,-23.191005886969364,0.9330441254415752,0.8139137140714644,0.7680899411303064,0.672959290191395,0.8199626336783294,-23.854452287189723,0.9345571017835638,0.7860622437413902,0.7614554771281028
I_DAVIS,FU_OROV,WY1950-84_mixed,420,0.645193866774423,0.7676027023556955,-19.439462538287543,0.9050877116277893,0.7187709486687271,0.8056053746171246,0.714821738119878,0.8067162825173444,-13.744036577348753,0.9152914345511525,0.7649228938313734,0.8625596342265126
I_DAVIS,FU_OROV,WY1976-85_own,60,0.6583809324820514,0.7572669035406973,-30.009539756462615,0.8979865047676574,0.8725653640377058,0.6999046024353738,0.6364647455534227,0.7585882392423511,-29.003625356700287,0.9019129520923367,0.8040005513397687,0.7099637464329971
I_DBC024,uf_21,WY1976-85,120,0.16511851667638655,0.4841970234390861,-60.20695125906375,0.8835285646741249,0.4334545049524797,0.39793048740936254,0.2669059283807199,0.5303077683074351,-51.23907313861494,0.8499464619186484,0.49763898246164695,0.48760926861385057
I_DBC024,uf_21,WY1976-84,108,0.16053902270421472,0.47543391646461086,-60.992807799267936,0.8845736263451996,0.4348812298786623,0.39007192200732066,0.24926549967254374,0.5259592572874587,-53.99270349502968,0.8598519308925526,0.49756631717494254,0.4600729650497032
I_DBC024,uf_21,WY1950-84_mixed,420,0.031246030366332445,0.3599486598159686,-71.02718381414672,0.8360511434607235,0.3619412706783222,0.28972816185853284,0.08902758236779307,0.3854849791964783,-65.98381789449293,0.800769748766221,0.4043561212547946,0.3401618210550707
I_DBC024,uf_21,WY1976-85_own,0,,,,,,,,,,,,
I_DCC010,FU_FOLS,WY1976-85,120,0.6715203758156554,0.8524310129165669,-20.167985309873732,0.9584570387666741,0.7440736771445219,0.7983201469012627,0.691151126869702,0.8645810773339201,-18.539968820523008,0.961111276298994,0.7560691712469184,0.81460031179477
I_DCC010,FU_FOLS,WY1976-84,108,0.6707550520387211,0.8505911906852509,-20.379105574346355,0.9577108759429881,0.7448861600314863,0.7962089442565364,0.689500351057847,0.8626377866462239,-18.859945148086712,0.9604634301566982,0.7565310316706828,0.8114005485191329
I_DCC010,FU_FOLS,WY1950-84_mixed,420,0.7363438213581905,0.8458595818780047,-13.810173293835057,0.9378852333591146,0.7841661572862713,0.8618982670616495,0.7437567163088474,0.8530002269398255,-13.46540435871025,0.9409481103444728,0.7901386569408776,0.8653459564128975
I_DCC010,FU_FOLS,WY1976-85_own,120,0.6715203758156554,0.8524310129165669,-20.167985309873732,0.9584570387666741,0.7440736771445219,0.7983201469012627,0.691151126869702,0.8645810773339201,-18.539968820523008,0.961111276298994,0.7560691712469184,0.81460031179477
I_DCM027,,WY1976-85,0,,,,,,,,,,,,
I_DCM027,,WY1976-84,0,,,,,,,,,,,,
I_DCM027,,WY1950-84_mixed,0,,,,,,,,,,,,
I_DCM027,,WY1976-85_own,0,,,,,,,,,,,,
I_DCT050,,WY1976-85,0,,,,,,,,,,,,
I_DCT050,,WY1976-84,0,,,,,,,,,,,,
I_DCT050,,WY1950-84_mixed,0,,,,,,,,,,,,
I_DCT050,,WY1976-85_own,0,,,,,,,,,,,,
I_DED044,,WY1976-85,0,,,,,,,,,,,,
I_DED044,,WY1976-84,0,,,,,,,,,,,,
I_DED044,,WY1950-84_mixed,0,,,,,,,,,,,,
I_DED044,,WY1976-85_own,0,,,,,,,,,,,,
I_DEE023,,WY1976-85,0,,,,,,,,,,,,
I_DEE023,,WY1976-84,0,,,,,,,,,,,,
I_DEE023,,WY1950-84_mixed,0,,,,,,,,,,,,
I_DEE023,,WY1976-85_own,0,,,,,,,,,,,,
I_DER001,FU_YUBA,WY1976-85,120,0.6985327492078908,0.8795108363762968,-28.495602707700325,0.9632067396949183,0.9087376204081595,0.7150439729229968,0.6943021234360482,0.8776801463427422,-28.75692871218806,0.9630119131557906,0.9031135805619398,0.7124307128781194
I_DER001,FU_YUBA,WY1976-84,108,0.717696522969962,0.888421152132924,-26.425620006763015,0.9645772243469014,0.9072145440594485,0.7357437999323698,0.7126958127447085,0.8863184127848812,-26.755391008085898,0.9643259724458624,0.9015826998290756,0.7324460899191411
I_DER001,FU_YUBA,WY1950-84_mixed,420,0.7533264291096284,0.8690505042434175,-22.69440132076978,0.947078286899303,0.9191077400026495,0.7730559867923023,0.7943236583574997,0.8725427460668174,-19.403883691253586,0.9447765345764372,0.9599743064059423,0.8059611630874642
I_DER001,FU_YUBA,WY1976-85_own,120,0.6985327492078908,0.8795108363762968,-28.495602707700325,0.9632067396949183,0.9087376204081595,0.7150439729229968,0.6943021234360482,0.8776801463427422,-28.75692871218806,0.9630119131557906,0.9031135805619398,0.7124307128781194
I_DER004,FU_YUBA,WY1976-85,120,0.7042146423846529,0.8550731181026081,10.318781978385214,0.9754127522309302,1.2761099760512764,1.103187819783852,0.7129033854647304,0.8595905664320508,10.102315693967729,0.975102570480739,1.2675797186688258,1.1010231569396771
I_DER004,FU_YUBA,WY1976-84,108,0.697075322137008,0.8553378572742598,12.645249050411591,0.9762232522095186,1.2742403952159707,1.126452490504116,0.7061445202752192,0.8598538260884313,12.319996502667516,0.9758443328965103,1.2656864982051073,1.123199965026675
I_DER004,FU_YUBA,WY1950-84_mixed,420,0.6325795573213837,0.8161319467739723,21.764257510337842,0.97216882890511,1.2947115829349223,1.2176425751033784,0.5537345347274462,0.7544137120942043,27.14726796875815,0.96960506472153,1.3528903478243495,1.2714726796875815
I_DER004,FU_YUBA,WY1976-85_own,0,,,,,,,,,,,,
I_DHC021,,WY1976-85,0,,,,,,,,,,,,
I_DHC021,,WY1976-84,0,,,,,,,,,,,,
I_DHC021,,WY1950-84_mixed,0,,,,,,,,,,,,
I_DHC021,,WY1976-85_own,0,,,,,,,,,,,,
I_DONLL,FU_ST,WY1976-85,120,0.71202630612036,0.6925597789350613,16.83874254316681,0.8978595399494123,1.210099618618962,1.1683874254316682,0.8082866603400289,0.7483627665899679,7.840613997687622,0.9005997499368511,1.143965524014916,1.0784061399768763
I_DONLL,FU_ST,WY1976-84,108,0.7183846197934539,0.6876539009621874,15.791574206163471,0.8946818948415312,1.208033500917113,1.1579157420616346,0.807921760700526,0.7407874503035166,7.341277353358376,0.8973195266655101,1.1447802993859932,1.0734127735335837
I_DONLL,FU_ST,WY1950-84_mixed,420,0.7355963883020431,0.7359014271086077,16.64928293898817,0.9094407637394852,1.18435951933271,1.166492829389882,0.7590230236488077,0.7484428965851233,14.263524347331936,0.910241239520591,1.1722453348217887,1.1426352434733194
I_DONLL,FU_ST,WY1976-85_own,120,0.71202630612036,0.6925597789350613,16.83874254316681,0.8978595399494123,1.210099618618962,1.1683874254316682,0.8082866603400289,0.7483627665899679,7.840613997687622,0.9005997499368511,1.143965524014916,1.0784061399768763
I_DPC008,,WY1976-85,0,,,,,,,,,,,,
I_DPC008,,WY1976-84,0,,,,,,,,,,,,
I_DPC008,,WY1950-84_mixed,0,,,,,,,,,,,,
I_DPC008,,WY1976-85_own,0,,,,,,,,,,,,
I_DRC012,uf_07,WY1976-85,120,0.5935999951104263,0.714046854841942,25.823961275135666,0.9484560531485811,1.309542384695946,1.2582396127513567,0.6736611358997624,0.7816195834164713,24.38631695684082,0.9484402310365561,1.2106404495217369,1.2438631695684081
I_DRC012,uf_07,WY1976-84,108,0.5929019421753041,0.7114258348590564,26.20676809549357,0.9478445690748508,1.3071305427803517,1.2620676809549358,0.6751407970961775,0.7812747984627684,24.537525479947103,0.9480535556713947,1.2064607782728156,1.245375254799471
I_DRC012,uf_07,WY1950-84_mixed,420,0.7273821737921151,0.7586836905507611,18.52598008576475,0.9273086009707824,1.186320277639532,1.1852598008576476,0.6477159374802712,0.7241208558157883,26.932897358609917,0.9358299520614551,1.2178260077218221,1.269328973586099
I_DRC012,uf_07,WY1976-85_own,120,0.5935999951104263,0.714046854841942,25.823961275135666,0.9484560531485811,1.309542384695946,1.2582396127513567,0.6736611358997624,0.7816195834164713,24.38631695684082,0.9484402310365561,1.2106404495217369,1.2438631695684081
I_DSC035,,WY1976-85,0,,,,,,,,,,,,
I_DSC035,,WY1976-84,0,,,,,,,,,,,,
I_DSC035,,WY1950-84_mixed,0,,,,,,,,,,,,
I_DSC035,,WY1976-85_own,0,,,,,,,,,,,,
I_EBF001,FU_OROV,WY1976-85,120,0.9390643872112202,0.9204792533738995,1.7728591285208395,0.9630052653417142,1.045058135386955,1.0177285912852083,0.962099563880585,0.9279801240608371,0.49013100477095506,0.9645119512238799,1.012370069196322,1.0049013100477096
I_EBF001,FU_OROV,WY1976-84,108,0.9392747405515135,0.9202516585812415,1.8659600216505527,0.9628461664415836,1.0442602429586607,1.0186596002165056,0.9626867759503639,0.9282275124684363,0.2871472862359223,0.9645843539146254,1.0113913715124458,1.0028714728623591
I_EBF001,FU_OROV,WY1950-84_mixed,420,0.9135958240629576,0.8722804402226498,-4.089976239720025,0.9348704723757134,0.9606168095928067,0.9591002376027997,0.9396790850787825,0.8896829330826764,2.3594635814759775,0.9457118719232209,1.0116062520919045,1.0235946358147598
I_EBF001,FU_OROV,WY1976-85_own,12,0.586022056182318,0.5287727137812368,-35.512566087279495,0.9143509670336782,0.8052495286036245,0.644874339127205,0.8026832694823027,0.7628253796808477,-6.745379714384319,0.9143509670336781,1.1644631282233338,0.9325462028561567
I_ECHOL,FU_FOLS,WY1976-85,120,0.7170996700950905,0.6161320500280281,-21.937065530560073,0.8468467247874778,1.0919412124282435,0.7806293446943993,0.7184877225542676,0.5979971156574415,-19.72044196402725,0.8430999705270948,1.1254669676784603,0.8027955803597274
I_ECHOL,FU_FOLS,WY1976-84,108,0.7290588198584168,0.6366398445245456,-20.94250933148813,0.8544809318469856,1.0915120439638708,0.7905749066851187,0.7296924112169196,0.6185350102201177,-18.767496997480414,0.8506338519110485,1.1246356770902644,0.8123250300251958
I_ECHOL,FU_FOLS,WY1950-84_mixed,420,0.7510385461284399,0.6951089926547274,-20.898525454488517,0.8723537755630435,1.044871040590125,0.7910147454551149,0.7520365008241356,0.6904202784415894,-20.4002988314244,0.8715726028682407,1.0580954503240887,0.795997011685756
I_ECHOL,FU_FOLS,WY1976-85_own,0,,,,,,,,,,,,
I_ELD027,,WY1976-85,0,,,,,,,,,,,,
I_ELD027,,WY1976-84,0,,,,,,,,,,,,
I_ELD027,,WY1950-84_mixed,0,,,,,,,,,,,,
I_ELD027,,WY1976-85_own,0,,,,,,,,,,,,
I_ELENR,FU_TU,WY1976-85,120,0.9113954853019653,0.8719016574711418,1.2535665537106453,0.9420012803233574,1.0658009546305087,1.0125356655371065,0.8767876458786916,0.8711610686521436,6.209942681920821,0.9464321298751649,1.0919534049784416,1.0620994268192083
I_ELENR,FU_TU,WY1976-84,108,0.9018958494965608,0.8669755947374533,2.096041213372776,0.9409950623945945,1.0755215386983603,1.0209604121337277,0.8669133300343552,0.8645460392396719,6.797463311517121,0.9449224881493403,1.1002894743417413,1.0679746331151712
I_ELENR,FU_TU,WY1950-84_mixed,420,0.9207361454522689,0.879281446334601,-1.9708489400308447,0.9380073896238137,0.954709268695812,0.9802915105996916,0.9056641978756003,0.8833095012679764,7.379821620994058,0.9451122036540589,1.0209856298206954,1.0737982162099406
I_ELENR,FU_TU,WY1976-85_own,120,0.9113954853019653,0.8719016574711418,1.2535665537106453,0.9420012803233574,1.0658009546305087,1.0125356655371065,0.8767876458786916,0.8711610686521436,6.209942681920821,0.9464321298751649,1.0919534049784416,1.0620994268192083
I_ENGLB,FU_YUBA,WY1976-85,120,0.007752455000107572,-0.6590710813780876,64.47676986238346,0.699358984263427,1.691697032685929,1.6447676986238347,0.02880923483085529,-0.5954454288671445,63.614381011754936,0.7056429292396847,1.6722250144797965,1.6361438101175496
I_ENGLB,FU_YUBA,WY1976-84,108,-0.02495076738981461,-0.7164280669472132,67.85939617856658,0.6976712923336966,1.7061385580194772,1.678593961785666,-0.0026739460025801964,-0.6502401359752357,66.82578464498893,0.7039323522872096,1.6863894234531565,1.6682578464498892
I_ENGLB,FU_YUBA,WY1950-84_mixed,420,0.7139784600041905,0.45913077052328166,5.523656076604242,0.7213515598569463,0.9666489804929923,1.0552365607660426,0.7233584718947683,0.47693344610638355,9.962607243965524,0.7420169795074972,1.0070669583422558,1.0996260724396552
I_ENGLB,FU_YUBA,WY1976-85_own,0,,,,,,,,,,,,
I_EPARK,uf_04,WY1976-85,120,0.8487261482466197,0.8473287006229908,-13.117943948641699,0.9294156545718117,1.0263359651580748,0.868820560513583,0.8313151276680886,0.8489118045615698,-15.3001184565361,0.9303444014124639,1.0139040016053522,0.846998815434639
I_EPARK,uf_04,WY1976-84,108,0.8692865317584022,0.8522692929597969,-10.761209542944034,0.9306990112082415,1.0265145365699042,0.8923879045705596,0.8594693118823659,0.8570983908563085,-12.26030091537806,0.9326172609611676,1.0133019896586315,0.8773969908462194
I_EPARK,uf_04,WY1950-84_mixed,420,0.6871244886798268,0.7967260950505637,-25.679478112976163,0.9104419983581244,0.8453168066327454,0.7432052188702384,0.7364692752657367,0.8355579216212253,-21.08788559513266,0.926746338837397,0.8599555352114897,0.7891211440486735
I_EPARK,uf_04,WY1976-85_own,0,,,,,,,,,,,,
I_ESTMN,uf_20,WY1976-85,120,0.8178565249520646,0.8965375363544665,-11.414343195530085,0.9525587528670135,0.8662208890952314,0.8858565680446993,0.9541861836114256,0.9536750908588452,3.7249791238316963,0.9774394767697635,1.0142260892857375,1.037249791238317
I_ESTMN,uf_20,WY1976-84,108,0.8204904862355602,0.8953878671156518,-10.779083029292496,0.9519867975092406,0.864724226768838,0.892209169707075,0.955220473998459,0.9534537047760312,3.59102413993884,0.9773315865007788,1.0142057573183787,1.0359102413993884
I_ESTMN,uf_20,WY1950-84_mixed,420,0.8234713444923348,0.9031384355987808,-10.632559157277885,0.9559057538170775,0.8661607970525736,0.8936744084272211,0.9563134500968835,0.9437154393401549,3.34049081140235,0.9719267885760636,0.9978736047690758,1.0334049081140235
I_ESTMN,uf_20,WY1976-85_own,0,,,,,,,,,,,,
I_FOLSM,FU_FOLS,WY1976-85,120,0.46590553666307555,0.3500484145385049,-40.47956810853015,0.6865260352104238,0.8479098105039392,0.5952043189146985,0.4814750212785077,0.3512627306545888,-39.395201274663364,0.6887799214713533,0.8703387955800843,0.6060479872533664
I_FOLSM,FU_FOLS,WY1976-84,108,0.49943541935969993,0.3833029594860994,-36.834608747468856,0.6949439765933273,0.8522607641247726,0.6316539125253114,0.5151669000507705,0.38382878520653885,-35.73352836560024,0.6971045680429208,0.8749840523757139,0.6426647163439976
I_FOLSM,FU_FOLS,WY1950-84_mixed,420,0.5219214231110401,0.5128047931249546,-34.8649042365028,0.7504965125791445,0.7884557240127895,0.6513509576349719,0.533317774583894,0.5208622466439026,-34.336078754236794,0.7552429544654993,0.8000258572744056,0.656639212457632
I_FOLSM,FU_FOLS,WY1976-85_own,0,,,,,,,,,,,,
I_FRDYC,FU_YUBA,WY1976-85,120,0.8429011846191359,0.8308784460009573,-11.364209124398453,0.9281785202808108,1.0812846107372782,0.8863579087560155,0.8494066391001327,0.8296426429673232,-10.713925227841333,0.9265150440599078,1.07615446289498,0.8928607477215866
I_FRDYC,FU_YUBA,WY1976-84,108,0.843887471415687,0.8253462843539086,-10.907204291133985,0.9257406756509138,1.083426397401254,0.89092795708866,0.8502817915745474,0.8240394646203504,-10.312397311993891,0.9239396482159148,1.0774326222503574,0.896876026880061
I_FRDYC,FU_YUBA,WY1950-84_mixed,420,0.844794436416852,0.7548104367158096,-5.597405977421911,0.8935189840205903,1.098068674078665,0.9440259402257809,0.8118096718728542,0.7279968881825674,-1.0897137279436284,0.8924639968331172,1.1540547306076905,0.9891028627205637
I_FRDYC,FU_YUBA,WY1976-85_own,120,0.8429011846191359,0.8308784460009573,-11.364209124398453,0.9281785202808108,1.0812846107372782,0.8863579087560155,0.8494066391001327,0.8296426429673232,-10.713925227841333,0.9265150440599078,1.07615446289498,0.8928607477215866
I_FRMAN,FU_OROV,WY1976-85,120,0.5076447628811028,0.7036355405398527,-35.41892638060752,0.8888594714242812,0.6765631006968658,0.6458107361939248,0.4930139855201582,0.690095727845978,-36.04876041040616,0.8843145928044723,0.6628051116528119,0.6395123958959383
I_FRMAN,FU_OROV,WY1976-84,108,0.5197784432273629,0.7057135458037248,-33.75551864439968,0.8876166343142405,0.6774488896143208,0.6624448135560032,0.5033333060100501,0.6908532016783625,-34.55488453258827,0.8824663082500509,0.6631623065681579,0.6544511546741173
I_FRMAN,FU_OROV,WY1950-84_mixed,420,0.46532012352465735,0.5186486445793017,-37.97458978480457,0.7613872648027399,0.7088993542141283,0.6202541021519543,0.5138132115414482,0.5417828462999466,-34.14211163725842,0.7677985468634467,0.7433062140841503,0.6585788836274159
I_FRMAN,FU_OROV,WY1976-85_own,120,0.5076447628811028,0.7036355405398527,-35.41892638060752,0.8888594714242812,0.6765631006968658,0.6458107361939248,0.4930139855201582,0.690095727845978,-36.04876041040616,0.8843145928044723,0.6628051116528119,0.6395123958959383
I_FRMDW,FU_FOLS,WY1976-85,120,0.7755198393881892,0.8931122817763283,-13.147526382788705,0.9607808704647175,0.8223276684787791,0.868524736172113,0.7933870934973579,0.9017201823416605,-11.324417496884138,0.9628443308390192,0.8312276497221903,0.8867558250311587
I_FRMDW,FU_FOLS,WY1976-84,108,0.7752489861496765,0.8908096895171205,-13.089764567039293,0.9595813401325167,0.8218282948411471,0.8691023543296069,0.7919022011926458,0.8992530706154863,-11.378096092462625,0.9617275200290019,0.8300182242815298,0.8862190390753738
I_FRMDW,FU_FOLS,WY1950-84_mixed,420,0.8297148685856904,0.8180178948182631,-4.000666338703546,0.9059656673754635,0.8637867952315814,0.9599933366129645,0.8357847132704839,0.8239826720894688,-3.639603327704199,0.9091021492907605,0.8681684032798113,0.963603966722958
I_FRMDW,FU_FOLS,WY1976-85_own,120,0.7755198393881892,0.8931122817763283,-13.147526382788705,0.9607808704647175,0.8223276684787791,0.868524736172113,0.7933870934973579,0.9017201823416605,-11.324417496884138,0.9628443308390192,0.8312276497221903,0.8867558250311587
I_FRNCH,FU_YUBA,WY1976-85,120,0.7166803757631024,0.5607237469269435,-8.910675345260872,0.8412673941186206,1.2171035600744022,0.9108932465473912,0.7210625909076733,0.555455221083631,-8.066089836673434,0.8369182915513997,1.2114338053275708,0.9193391016332656
I_FRNCH,FU_YUBA,WY1976-84,108,0.7099235488884048,0.5549906861505337,-8.571687827698181,0.8421490684832487,1.2277719203221518,0.9142831217230182,0.7148976917649787,0.549762886112142,-7.77660816290188,0.8374743886442447,1.2209551727442556,0.9222339183709812
I_FRNCH,FU_YUBA,WY1950-84_mixed,420,0.7615841567994557,0.6678044585611094,-15.83618554176034,0.8667729661615327,1.1183815631436098,0.8416381445823966,0.7515422355280883,0.647763993069493,-11.789935783292641,0.8676781253550218,1.1741319144769338,0.8821006421670736
I_FRNCH,FU_YUBA,WY1976-85_own,0,,,,,,,,,,,,
I_FRS046,uf_21,WY1976-85,120,0.3123669932443365,0.6098579403149158,-51.06171287646223,0.8890043821492236,0.5530220669765319,0.4893828712353777,0.4284902305902363,0.6474009784822344,-41.30420905721393,0.8642576240511075,0.629063812336478,0.5869579094278607
I_FRS046,uf_21,WY1976-84,108,0.3100428128180136,0.6035088598847732,-51.52203849800564,0.8888097866841429,0.5547746508700842,0.48477961501994365,0.41428295559413997,0.6444603493259646,-43.52764972519816,0.8686133398232795,0.6307624442514158,0.5647235027480184
I_FRS046,uf_21,WY1950-84_mixed,420,0.1998956039105596,0.5347993187450699,-60.77163962575898,0.871845171391388,0.4955952356830544,0.3922836037424102,0.2720649393400887,0.5574668820227853,-54.67221661171998,0.8463339004846177,0.5446198780427561,0.4532778338828002
I_FRS046,uf_21,WY1976-85_own,0,,,,,,,,,,,,
I_GERLE,FU_FOLS,WY1976-85,120,0.8160678233594428,0.837929343739398,-7.868909684620101,0.9194294849095032,0.8545783243827992,0.921310903153799,0.8322712049676699,0.849378318018553,-6.069497969281422,0.9247197173910421,0.8629527556884062,0.9393050203071858
I_GERLE,FU_FOLS,WY1976-84,108,0.8161956483578725,0.8341400684786583,-7.607968029870382,0.9171178591712436,0.8546505154468305,0.9239203197012962,0.8311391577435843,0.8456505265596486,-5.9370028539289725,0.9225863359396125,0.8621729040589787,0.9406299714607103
I_GERLE,FU_FOLS,WY1950-84_mixed,420,0.8202718034143119,0.8285292962715122,-5.5549845621463545,0.9131000824793036,0.8528101782246087,0.9444501543785364,0.8268224407924656,0.8347943535981996,-5.17284930262793,0.9163145167718364,0.8574820365035409,0.9482715069737208
I_GERLE,FU_FOLS,WY1976-85_own,0,,,,,,,,,,,,
I_GRZ012,,WY1976-85,0,,,,,,,,,,,,
I_GRZ012,,WY1976-84,0,,,,,,,,,,,,
I_GRZ012,,WY1950-84_mixed,0,,,,,,,,,,,,
I_GRZ012,,WY1976-85_own,0,,,,,,,,,,,,
I_GZL009,FU_OROV,WY1976-85,120,0.8469909343285056,0.7767068225262781,-10.38924164699852,0.9002321243562991,1.0516189012594597,0.8961075835300147,0.8573934083127921,0.7843733474428707,-9.932153117178663,0.8980205149736771,1.0084887026158174,0.9006784688282132
I_GZL009,FU_OROV,WY1976-84,108,0.852722910883841,0.7851648367181169,-9.865429971845755,0.9038582288634157,1.0521021109774877,0.9013457002815426,0.8623179619211642,0.7934395143784649,-9.660266753537108,0.9021706587081229,1.0073272243714793,0.903397332464629
I_GZL009,FU_OROV,WY1950-84_mixed,420,0.8019042852945901,0.7509833627545682,-16.38660908982543,0.8891521511561861,0.9898722734500224,0.8361339091017456,0.8462165901876084,0.7664308288583608,-10.408844808075012,0.8942459421905741,1.040385781736987,0.8959115519192498
I_GZL009,FU_OROV,WY1976-85_own,0,,,,,,,,,,,,
I_HHOLE,FU_FOLS,WY1976-85,120,0.7653417788441317,0.8647337335555748,-16.997550462255184,0.9456196166695839,0.8476333944291524,0.8300244953774482,0.7841147491453797,0.8814658126615643,-15.357532503005435,0.9523512046318067,0.8559491291993153,0.8464246749699457
I_HHOLE,FU_FOLS,WY1976-84,108,0.763944442470405,0.8605163660116526,-16.89752877236068,0.943499937160013,0.8451538787104769,0.8310247122763932,0.7813075639131846,0.877543628001059,-15.375507417113104,0.9506501068533283,0.8525200121554525,0.8462449258288689
I_HHOLE,FU_FOLS,WY1950-84_mixed,420,0.8359146403747522,0.8591881792290039,-8.961211906438455,0.9310852607057828,0.8810696335322742,0.9103878809356154,0.8426956917244509,0.8668089706619546,-8.661462258246798,0.9349301994828811,0.8859453042719942,0.913385377417532
I_HHOLE,FU_FOLS,WY1976-85_own,120,0.7653417788441317,0.8647337335555748,-16.997550462255184,0.9456196166695839,0.8476333944291524,0.8300244953774482,0.7841147491453797,0.8814658126615643,-15.357532503005435,0.9523512046318067,0.8559491291993153,0.8464246749699457
I_HNSLY,uf_21,WY1976-85,120,0.9232010480321329,0.9289733494141598,-3.3588978542936623,0.9642679204602904,0.9408977323990629,0.9664110214570635,0.9074221233747797,0.9727405043602144,9.162341213608963,0.9875269566691895,1.0044985307648715,1.0916234121360897
I_HNSLY,uf_21,WY1976-84,108,0.9248364940404264,0.9283422504800907,-2.359160814927466,0.9639240324254686,0.9384247353507328,0.9764083918507254,0.9089682470789724,0.9723765832675918,9.009744327532413,0.9873785093841676,1.0031509886955017,1.0900974432753243
I_HNSLY,uf_21,WY1950-84_mixed,420,0.9322892663767111,0.9153946422154727,5.215776676411434,0.9576961785948801,0.9913572279615886,1.0521577667641144,0.8290225549712382,0.9402431996298721,16.699019318659445,0.9744967979783463,1.026403575036533,1.1669901931865945
I_HNSLY,uf_21,WY1976-85_own,0,,,,,,,,,,,,
I_HON021,,WY1976-85,0,,,,,,,,,,,,
I_HON021,,WY1976-84,0,,,,,,,,,,,,
I_HON021,,WY1950-84_mixed,0,,,,,,,,,,,,
I_HON021,,WY1976-85_own,0,,,,,,,,,,,,
I_HTCHY,FU_TU,WY1976-85,120,0.8394173251603766,0.9355442614250457,11.60140127736821,0.9794065079846064,1.1091029439813982,1.116014012773682,0.7727958532155654,0.9176576021645404,17.399437792555574,0.9799336660370888,1.144723954505226,1.1739943779255557
I_HTCHY,FU_TU,WY1976-84,108,0.8356599067883292,0.9342985177944633,11.720354396532704,0.979472192271452,1.1133560965658578,1.117203543965327,0.7724658956771697,0.9165734068774565,17.202026911767824,0.9798414348662591,1.1475616071152077,1.1720202691176782
I_HTCHY,FU_TU,WY1950-84_mixed,420,0.8883171012879827,0.9306170780329176,7.936877060818968,0.9717277427775931,1.0733099419479606,1.0793687706081896,0.7533778541675005,0.8985160726069941,18.35686060241553,0.9754005931244724,1.162849374818411,1.1835686060241555
I_HTCHY,FU_TU,WY1976-85_own,120,0.8394173251603766,0.9355442614250457,11.60140127736821,0.9794065079846064,1.1091029439813982,1.116014012773682,0.7727958532155654,0.9176576021645404,17.399437792555574,0.9799336660370888,1.144723954505226,1.1739943779255557
I_ICEHS,FU_FOLS,WY1976-85,120,0.7322633310065734,0.8876380408934562,-22.107572536502815,0.9658595303536684,0.8528848209383195,0.7789242746349719,0.7575605096281264,0.8992956732652817,-20.306187201934833,0.9674064889705005,0.8716238119332815,0.7969381279806517
I_ICEHS,FU_FOLS,WY1976-84,108,0.7315795788075914,0.8913401203305649,-21.8237771450557,0.9687994557725798,0.8468715452134474,0.781762228549443,0.7560209054847725,0.9035147982091832,-20.103266612009747,0.9706493132238798,0.8649066881785564,0.7989673338799025
I_ICEHS,FU_FOLS,WY1950-84_mixed,420,0.7566879741946577,0.8740822204502438,-17.589940163635006,0.9514947796952409,0.839042285029079,0.8241005983636498,0.766275831156142,0.8811449001346268,-17.11083139889609,0.9539811006559094,0.8475821766040273,0.8288916860110391
I_ICEHS,FU_FOLS,WY1976-85_own,120,0.7322633310065734,0.8876380408934562,-22.107572536502815,0.9658595303536684,0.8528848209383195,0.7789242746349719,0.7575605096281264,0.8992956732652817,-20.306187201934833,0.9674064889705005,0.8716238119332815,0.7969381279806517
I_INDVL,,WY1976-85,0,,,,,,,,,,,,
I_INDVL,,WY1976-84,0,,,,,,,,,,,,
I_INDVL,,WY1950-84_mixed,0,,,,,,,,,,,,
I_INDVL,,WY1976-85_own,0,,,,,,,,,,,,
I_ING008,,WY1976-85,0,,,,,,,,,,,,
I_ING008,,WY1976-84,0,,,,,,,,,,,,
I_ING008,,WY1950-84_mixed,0,,,,,,,,,,,,
I_ING008,,WY1976-85_own,0,,,,,,,,,,,,
I_JKSMD,FU_YUBA,WY1976-85,120,0.5171932210031966,0.39396625326636914,26.39934816067934,0.8415703087631953,1.3719003367153657,1.2639934816067935,0.5210347805901551,0.41368154611645125,27.22592906843967,0.8460397892514538,1.3627379405943267,1.2722592906843968
I_JKSMD,FU_YUBA,WY1976-84,108,0.49545703193341073,0.35973316854408577,28.458457922035162,0.8354311844595209,1.3827431630310627,1.2845845792203514,0.5003710293081225,0.38081976198160017,29.204055995268945,0.8397677604030973,1.3723802479870615,1.2920405599526894
I_JKSMD,FU_YUBA,WY1950-84_mixed,420,0.7925456973572906,0.7441142169377766,11.173195519447251,0.8997107136064896,1.1431618556322658,1.1117319551944724,0.7310088352964235,0.7359053179844064,16.31728181963892,0.9106850675964046,1.194303167602013,1.1631728181963892
I_JKSMD,FU_YUBA,WY1976-85_own,120,0.5171932210031966,0.39396625326636914,26.39934816067934,0.8415703087631953,1.3719003367153657,1.2639934816067935,0.5210347805901551,0.41368154611645125,27.22592906843967,0.8460397892514538,1.3627379405943267,1.2722592906843968
I_JNKSN,uf_13,WY1976-85,120,0.9031651957409259,0.9165457805450984,-6.217788477413788,0.958286877231816,0.9385923021939949,0.9378221152258621,0.9604922947414968,0.9337168537187529,2.0650269265149945,0.9672178250690235,1.0077300815561299,1.02065026926515
I_JNKSN,uf_13,WY1976-84,108,0.9034407218122138,0.9153814847206778,-6.107666093932475,0.957680812602464,0.938336217512536,0.9389233390606753,0.9592738868040973,0.9328807060090556,2.2490967912926356,0.9667955204118034,1.0070876790038934,1.0224909679129264
I_JNKSN,uf_13,WY1950-84_mixed,420,0.860799277755365,0.895992602522057,-9.15548755555635,0.9492275904473776,0.908257380331418,0.9084451244444366,0.9490094058896678,0.90511730265585,0.5464071037863011,0.9519207994703655,0.983919729733334,1.005464071037863
I_JNKSN,uf_13,WY1976-85_own,0,,,,,,,,,,,,
I_LCBRF,FU_YUBA,WY1976-85,120,0.7220301501498385,0.8573696994643479,-19.62814901834648,0.9480634483966851,0.8101489830297559,0.8037185098165351,0.7188352508031397,0.8570360650101604,-19.19471288883106,0.9488684817872629,0.8010138604130225,0.8080528711116893
I_LCBRF,FU_YUBA,WY1976-84,108,0.7335260293225405,0.8701019957747126,-18.90103048690507,0.9538803116961135,0.8179108568511775,0.8109896951309492,0.7293646776745077,0.8692881195430457,-18.528529252317306,0.9545843958429052,0.8080357820741811,0.8147147074768268
I_LCBRF,FU_YUBA,WY1950-84_mixed,420,0.663793410817446,0.7818122624488866,-21.26568374548831,0.9128742959586111,0.7546002204794259,0.7873431625451169,0.7123401447264561,0.8019634511377158,-17.57504136704256,0.9141643955311116,0.7890681782278193,0.8242495863295743
I_LCBRF,FU_YUBA,WY1976-85_own,0,,,,,,,,,,,,
I_LCC038,uf_07,WY1976-85,120,0.7953435699100593,0.9586521065753901,20.410605299297526,0.9852701367354382,0.9971707532813656,1.2041060529929752,0.8110847689214691,0.9528707025981562,17.89265916037068,0.9816402382672942,0.9422318556672163,1.1789265916037068
I_LCC038,uf_07,WY1976-84,108,0.8088923096101774,0.9598912220467599,19.04885404754654,0.9854349983842445,0.9950881773655521,1.1904885404754655,0.8248709773943003,0.9542280512470711,16.340572507877923,0.98192762592059,0.939649914122348,1.1634057250787793
I_LCC038,uf_07,WY1950-84_mixed,420,0.9162223259507571,0.9283255757406634,5.816510527163129,0.9642077805774687,0.9514774668154,1.0581651052716312,0.8710628791578481,0.9187320823000209,12.267194620272983,0.9617081274774537,0.9895068000774155,1.1226719462027297
I_LCC038,uf_07,WY1976-85_own,120,0.7953435699100593,0.9586521065753901,20.410605299297526,0.9852701367354382,0.9971707532813656,1.2041060529929752,0.8110847689214691,0.9528707025981562,17.89265916037068,0.9816402382672942,0.9422318556672163,1.1789265916037068
I_LDC029,uf_07,WY1976-85,120,0.785589828929713,0.9305099811272903,15.228872111370926,0.9761307340534131,0.8509693822628661,1.1522887211137094,0.753549774722496,0.9104380933065515,14.104023747652509,0.9726442452360775,0.7997575778382763,1.1410402374765252
I_LDC029,uf_07,WY1976-84,108,0.7963066629483846,0.9317676671239744,13.319306995037678,0.9766391174449265,0.8476686150438292,1.1331930699503767,0.761308979728615,0.9115824369725074,12.039169023981804,0.9734722551456987,0.7956093866334866,1.1203916902398179
I_LDC029,uf_07,WY1950-84_mixed,420,0.8201778495275318,0.903196936314617,-0.9420886071887437,0.9599186619693585,0.8249550370680808,0.9905791139281126,0.8413086746930372,0.9047859371424974,5.521752233860741,0.9569468666002396,0.8575907669463524,1.0552175223386075
I_LDC029,uf_07,WY1976-85_own,0,,,,,,,,,,,,
I_LGRSV,FU_OROV,WY1976-85,120,0.8193470546836846,0.8135085108182776,-12.103003963098534,0.9070492727417823,0.903318158579027,0.8789699603690146,0.7987561006309697,0.8083990150546849,-12.139393299256005,0.9048977111314651,0.8707012191943947,0.8786060670074399
I_LGRSV,FU_OROV,WY1976-84,108,0.817907578920482,0.8108504191347643,-12.462362601323903,0.9061332753807895,0.9061083621232747,0.875376373986761,0.7950674649150864,0.8054265046521557,-12.762350491089993,0.9039925767425946,0.8715781965160889,0.8723764950891001
I_LGRSV,FU_OROV,WY1950-84_mixed,420,0.716629346663782,0.7361112625861352,-20.826729494092294,0.8766678555711978,0.8526472152255725,0.7917327050590771,0.7826845677280874,0.751091490830091,-15.146106770011015,0.8767647066403815,0.904613394309056,0.8485389322998897
I_LGRSV,FU_OROV,WY1976-85_own,120,0.8193470546836846,0.8135085108182776,-12.103003963098534,0.9070492727417823,0.903318158579027,0.8789699603690146,0.7987561006309697,0.8083990150546849,-12.139393299256005,0.9048977111314651,0.8707012191943947,0.8786060670074399
I_LJC022,,WY1976-85,0,,,,,,,,,,,,
I_LJC022,,WY1976-84,0,,,,,,,,,,,,
I_LJC022,,WY1950-84_mixed,0,,,,,,,,,,,,
I_LJC022,,WY1976-85_own,0,,,,,,,,,,,,
I_LKVLY,FU_FOLS,WY1976-85,120,-0.35010097881838065,-1.7519960736302913,62.81270570667207,0.7600917292102004,2.170757479068017,1.6281270570667208,-0.4056673324077211,-1.9377164167155194,66.52897563371211,0.7553781017494897,2.2138576178479292,1.665289756337121
I_LKVLY,FU_FOLS,WY1976-84,108,-0.400315009225638,-1.9439915365076037,66.30905181251073,0.7512113483325699,2.2080137816418643,1.6630905181251072,-0.45502300664103545,-2.1374479163287132,69.90897348682586,0.7456827624611502,2.2504752037314275,1.6990897348682585
I_LKVLY,FU_FOLS,WY1950-84_mixed,420,-0.5675773844099661,-2.381527958318881,90.25173203547932,0.7338873234465348,2.2537724617931056,1.9025173203547936,-0.5969357719360864,-2.498650798597671,91.36476603530369,0.7303028480069561,2.2816845394352567,1.9136476603530372
I_LKVLY,FU_FOLS,WY1976-85_own,0,,,,,,,,,,,,
I_LLOYD,FU_TU,WY1976-85,120,0.5941351744022991,0.6775383325737758,-26.817168454982514,0.8604032872279708,0.7292178697801408,0.7318283154501748,0.6336154032367269,0.6921084951198926,-22.80522424066812,0.8582602353155995,0.7507216684389091,0.7719477575933187
I_LLOYD,FU_TU,WY1976-84,108,0.5896111521146381,0.6686652461608842,-27.366459564314077,0.8561959185465879,0.7300980146099487,0.7263354043568593,0.6266797503892116,0.6825100953566291,-23.60011801827548,0.8540166871631114,0.75027950805956,0.7639988198172452
I_LLOYD,FU_TU,WY1950-84_mixed,420,0.5603526175209503,0.6686070590309163,-28.40329233068413,0.8646156228727534,0.692939436220935,0.7159670766931587,0.6469186658260482,0.7098485071341114,-21.25635177333939,0.8664430141504987,0.7517144567203738,0.7874364822666061
I_LLOYD,FU_TU,WY1976-85_own,120,0.5941351744022991,0.6775383325737758,-26.817168454982514,0.8604032872279708,0.7292178697801408,0.7318283154501748,0.6336154032367269,0.6921084951198926,-22.80522424066812,0.8582602353155995,0.7507216684389091,0.7719477575933187
I_LNG012,FU_FOLS,WY1976-85,120,0.5984521626995666,0.7900422271784673,-22.94277539697109,0.9388277092396898,0.6761767114733636,0.7705722460302891,0.6130257849571081,0.8000669304819875,-21.702805399981344,0.94107198226137,0.6850788104771098,0.7829719460001865
I_LNG012,FU_FOLS,WY1976-84,108,0.5927497337048508,0.786717207088774,-23.71127505788444,0.9387494464056898,0.6746099377749911,0.7628872494211556,0.6066978052742444,0.7969555105943895,-22.59291134900751,0.9412005049066542,0.6834794296882862,0.7740708865099248
I_LNG012,FU_FOLS,WY1950-84_mixed,420,0.5982656569553533,0.758289055862879,-23.484663867985077,0.9175286340315737,0.6846652374418712,0.7651533613201492,0.6047232905135218,0.7620447589749654,-23.114140191205475,0.9177821013052944,0.6900684809206803,0.7688585980879452
I_LNG012,FU_FOLS,WY1976-85_own,120,0.5984521626995666,0.7900422271784673,-22.94277539697109,0.9388277092396898,0.6761767114733636,0.7705722460302891,0.6130257849571081,0.8000669304819875,-21.702805399981344,0.94107198226137,0.6850788104771098,0.7829719460001865
I_LOONL,FU_FOLS,WY1976-85,120,0.46578751652480255,0.6412423095223299,-41.65603898143246,0.9141840695581637,0.6767415194911693,0.5834396101856755,0.4793344647872151,0.6568854630465624,-40.493593869195216,0.9178615943336338,0.6831833851757914,0.595064061308048
I_LOONL,FU_FOLS,WY1976-84,108,0.47034905110924563,0.6391762042606779,-41.07944119040126,0.9110338904855582,0.6777219986297897,0.5892055880959874,0.48284336567082364,0.6540371833737966,-39.98846746593436,0.9147875152381103,0.6833265659326992,0.6001153253406565
I_LOONL,FU_FOLS,WY1950-84_mixed,420,0.5841941257107068,0.7068898211087555,-30.260511192442827,0.8899874435557399,0.7368994322406618,0.6973948880755717,0.5896411563695332,0.7123626928990688,-29.995363778617826,0.8919897809370801,0.7416281975475029,0.7000463622138218
I_LOONL,FU_FOLS,WY1976-85_own,120,0.46578751652480255,0.6412423095223299,-41.65603898143246,0.9141840695581637,0.6767415194911693,0.5834396101856755,0.4793344647872151,0.6568854630465624,-40.493593869195216,0.9178615943336338,0.6831833851757914,0.595064061308048
I_LOSVQ,,WY1976-85,0,,,,,,,,,,,,
I_LOSVQ,,WY1976-84,0,,,,,,,,,,,,
I_LOSVQ,,WY1950-84_mixed,0,,,,,,,,,,,,
I_LOSVQ,,WY1976-85_own,0,,,,,,,,,,,,
I_LPC007,,WY1976-85,0,,,,,,,,,,,,
I_LPC007,,WY1976-84,0,,,,,,,,,,,,
I_LPC007,,WY1950-84_mixed,0,,,,,,,,,,,,
I_LPC007,,WY1976-85_own,0,,,,,,,,,,,,
I_LRB004,FU_FOLS,WY1976-85,120,0.4754005406062569,0.6481072087003602,-44.72275544928776,0.9040473234349212,0.7431241717122353,0.5527724455071225,0.49508609965030637,0.6606935924854108,-43.55494857372095,0.90342051183695,0.76355318841956,0.5644505142627906
I_LRB004,FU_FOLS,WY1976-84,108,0.4815915390262735,0.6493352593229451,-44.29356926103824,0.9037631929634856,0.7484174457711242,0.5570643073896177,0.5005590150075976,0.661208401370093,-43.19305495769762,0.9030734358767658,0.7687370781997751,0.5680694504230237
I_LRB004,FU_FOLS,WY1950-84_mixed,420,0.46487972578251735,0.6491526414433818,-42.42566513421367,0.9016792623698254,0.6890449643076849,0.5757433486578634,0.4715286830092874,0.6546264410770302,-42.18772206159893,0.9022411527438845,0.6971060393629784,0.5781227793840107
I_LRB004,FU_FOLS,WY1976-85_own,0,,,,,,,,,,,,
I_LWSTN,,WY1976-85,0,,,,,,,,,,,,
I_LWSTN,,WY1976-84,0,,,,,,,,,,,,
I_LWSTN,,WY1950-84_mixed,0,,,,,,,,,,,,
I_LWSTN,,WY1976-85_own,0,,,,,,,,,,,,
I_LYONS,FU_ST,WY1976-85,120,0.6767223441031504,0.7903320666290252,19.133434429091754,0.9487904476586835,1.2554940180237661,1.1913343442909174,0.7867816455360852,0.8415187812859091,10.624524649581184,0.948140175532902,1.1774389271935153,1.1062452464958117
I_LYONS,FU_ST,WY1976-84,108,0.6769049937857653,0.7898113443947893,18.812217052915496,0.9493212383105318,1.257744243601284,1.188122170529155,0.7853612957647441,0.8411483108569605,10.610684652736202,0.9484800330108066,1.1793231816504517,1.1061068465273622
I_LYONS,FU_ST,WY1950-84_mixed,420,0.8478109347166545,0.778665485876677,-2.80212103026353,0.9073158450736423,1.117413673780275,0.9719787896973647,0.8721442268251576,0.8055415233840175,-5.256110710313233,0.9132875582966561,1.0778805573174333,0.9474388928968678
I_LYONS,FU_ST,WY1976-85_own,120,0.6767223441031504,0.7903320666290252,19.133434429091754,0.9487904476586835,1.2554940180237661,1.1913343442909174,0.7867816455360852,0.8415187812859091,10.624524649581184,0.948140175532902,1.1774389271935153,1.1062452464958117
I_MCD055,,WY1976-85,0,,,,,,,,,,,,
I_MCD055,,WY1976-84,0,,,,,,,,,,,,
I_MCD055,,WY1950-84_mixed,0,,,,,,,,,,,,
I_MCD055,,WY1976-85_own,0,,,,,,,,,,,,
I_MCLRE,FU_ME,WY1976-85,120,0.9468721752188439,0.9519193935957329,-4.760655256864717,0.9766628301699676,0.9966002319446658,0.9523934474313528,0.9560919534113107,0.9580148858723742,-0.28814249409323484,0.9805445969575566,1.039256862304575,0.9971185750590676
I_MCLRE,FU_ME,WY1976-84,108,0.9528895559101465,0.9528497444052305,-4.095289019685014,0.9769569858561409,0.996642288571979,0.9590471098031499,0.9566886926450687,0.9592072606814301,-0.3025052763957057,0.9810960321922011,1.0388504620524686,0.996974947236043
I_MCLRE,FU_ME,WY1950-84_mixed,420,0.9295387079468447,0.9362002609910376,3.3326944728700703,0.9715639214334478,1.0551860296506919,1.0333269447287008,0.9725097766545688,0.9599854307429821,-0.972008105518018,0.9804914834420978,1.0167526172752936,0.9902799189448197
I_MCLRE,FU_ME,WY1976-85_own,0,,,,,,,,,,,,
I_MERLC,,WY1976-85,0,,,,,,,,,,,,
I_MERLC,,WY1976-84,0,,,,,,,,,,,,
I_MERLC,,WY1950-84_mixed,0,,,,,,,,,,,,
I_MERLC,,WY1976-85_own,0,,,,,,,,,,,,
I_MFA001,FU_FOLS,WY1976-85,120,0.4719495626308473,0.592116645858751,49.11244658693212,0.8084467999965763,0.9693178390791048,1.4911244658693212,0.4503380637318162,0.5820588931074273,51.4455374333009,0.8072708032157062,0.9821291100150612,1.5144553743330087
I_MFA001,FU_FOLS,WY1976-84,108,0.47813686549750156,0.5907936628437275,48.36273142509898,0.8072262068709996,0.9641668206015064,1.4836273142509897,0.45824663504347274,0.5810162266233018,50.53208643371033,0.8060538988817528,0.9769252872530592,1.5053208643371032
I_MFA001,FU_FOLS,WY1950-84_mixed,420,0.7072916291904315,0.5764447146737841,19.51346756258195,0.7853050336706361,0.961183506814353,1.1951346756258194,0.6995389430249095,0.5635727918956799,20.335380258679756,0.7808010863507848,0.9704041559153616,1.2033538025867976
I_MFA001,FU_FOLS,WY1976-85_own,0,,,,,,,,,,,,
I_MFA023,FU_FOLS,WY1976-85,120,-0.08001535899950896,0.11903707330147761,-76.35446935512405,0.9175075601511766,0.24063995760089626,0.23645530644875937,-0.07507470418153628,0.12658365197835386,-75.98465798154251,0.9190322395696254,0.24378375018470527,0.24015342018457494
I_MFA023,FU_FOLS,WY1976-84,108,-0.08174618114801913,0.10712629064070778,-76.61388905867499,0.9195770955547073,0.24056721350773216,0.2338611094132502,-0.07706389194212204,0.11465314909092816,-76.2817304542664,0.9214033480216159,0.24369387579263577,0.2371826954573361
I_MFA023,FU_FOLS,WY1950-84_mixed,420,-0.07141588154413081,0.09784701424184072,-73.88341631067652,0.797906380100975,0.2508576640935174,0.2611658368932348,-0.068722801356079,0.10168841047671073,-73.75021416342783,0.7988840523374066,0.25313227890140066,0.26249785836572165
I_MFA023,FU_FOLS,WY1976-85_own,120,-0.08001535899950896,0.11903707330147761,-76.35446935512405,0.9175075601511766,0.24063995760089626,0.23645530644875937,-0.07507470418153628,0.12658365197835386,-75.98465798154251,0.9190322395696254,0.24378375018470527,0.24015342018457494
I_MFA025,FU_FOLS,WY1976-85,120,0.5943402148520132,0.8069371631771918,32.76439541587252,0.9642529045301357,1.2364982996873646,1.327643954158725,0.5678016582502377,0.7980034965873148,34.94050793959877,0.9668725183116836,1.2522182924780003,1.3494050793959877
I_MFA025,FU_FOLS,WY1976-84,108,0.6070981696692659,0.8113841529711389,31.249570009138303,0.9647986752389656,1.2355401291430097,1.3124957000913828,0.5822747903859055,0.803786423804002,33.21609993512422,0.9676502941399212,1.251230805809896,1.3321609993512422
I_MFA025,FU_FOLS,WY1950-84_mixed,420,0.4826522213963398,0.46403976393950797,44.326756199103826,0.8313597131462779,1.2066955397742225,1.4432675619910382,0.4733291437738637,0.459695422950701,45.08135850388247,0.8335419977815407,1.2155018232866097,1.4508135850388248
I_MFA025,FU_FOLS,WY1976-85_own,0,,,,,,,,,,,,
I_MFA036,FU_FOLS,WY1976-85,120,0.8163268376202495,0.8451251187572894,11.173135148011596,0.9430726575965875,1.134205861876036,1.111731351480116,0.7951235010865773,0.8469550302015849,13.058289975150206,0.9476443219372938,1.148934109840913,1.1305828997515022
I_MFA036,FU_FOLS,WY1976-84,108,0.8131015699820434,0.8414182631173648,11.931033265902428,0.9415332946592591,1.1314447109265677,1.1193103326590244,0.7927868554492992,0.8436329099659486,13.68954673388597,0.946241486991417,1.1459689712773604,1.1368954673388596
I_MFA036,FU_FOLS,WY1950-84_mixed,420,0.8217444219607379,0.7850143488235399,14.584323785679874,0.9016934841763133,1.0289936203355836,1.1458432378567986,0.8166623827563725,0.7862666558407783,15.165284040783456,0.9037373060302375,1.0367095579173948,1.1516528404078346
I_MFA036,FU_FOLS,WY1976-85_own,120,0.8163268376202495,0.8451251187572894,11.173135148011596,0.9430726575965875,1.134205861876036,1.111731351480116,0.7951235010865773,0.8469550302015849,13.058289975150206,0.9476443219372938,1.148934109840913,1.1305828997515022
I_MFF019,FU_OROV,WY1976-85,120,0.9624061047521646,0.927383778275121,0.9948261596211887,0.9638061018221803,1.00208201484437,1.0099482615962119,0.948081194227269,0.931136582702107,0.7825494655247561,0.9649809623701234,0.9624767934506585,1.0078254946552476
I_MFF019,FU_OROV,WY1976-84,108,0.9620368741219121,0.9264295409566624,0.9459304809396872,0.9633689410612374,1.0031442010087417,1.0094593048093967,0.9483221796361201,0.9304325259579103,0.41855105850130375,0.9645983146944722,0.962586108245298,1.004185510585013
I_MFF019,FU_OROV,WY1950-84_mixed,420,0.9103908095130689,0.8819444233479765,-2.984029593720952,0.9395020350767699,0.941013899957274,0.9701597040627905,0.9328365214727068,0.8927980278134179,3.8470255093690855,0.9464003441885427,0.9874282372832669,1.0384702550936908
I_MFF019,FU_OROV,WY1976-85_own,120,0.9624061047521646,0.927383778275121,0.9948261596211887,0.9638061018221803,1.00208201484437,1.0099482615962119,0.948081194227269,0.931136582702107,0.7825494655247561,0.9649809623701234,0.9624767934506585,1.0078254946552476
I_MFF087,FU_OROV,WY1976-85,120,-0.01105688422996165,0.055639456949211796,89.49556693551654,0.8941193070314063,1.4583444685979488,1.8949556693551655,-0.022510639107787167,0.07259498880383441,93.48414666940822,0.8916598417031202,1.399827274379925,1.934841466694082
I_MFF087,FU_OROV,WY1976-84,108,-0.004106400517690956,0.06320571111518491,88.7671257737578,0.8928764896222584,1.456939772039521,1.8876712577375783,-0.010981928752658021,0.08609274365875186,92.32899511917795,0.8903287783363322,1.3969790289568513,1.9232899511917794
I_MFF087,FU_OROV,WY1950-84_mixed,420,0.4608811514352753,0.4833067085966172,48.180864953377984,0.8639393776074951,1.1999926627312967,1.4818086495337797,0.3433340460915416,0.412584891126061,59.670642641072554,0.8813075434875308,1.2471107372610157,1.5967064264107254
I_MFF087,FU_OROV,WY1976-85_own,0,,,,,,,,,,,,
I_MFM008,cdec_MKM,WY1976-85,120,0.15966443400739583,0.45522278674915806,69.68924689326232,0.9703589422195927,1.468642889533984,1.696892468932623,0.2025512245490293,0.5094629536096593,66.09896699038832,0.9729943980078389,1.4452952988856376,1.660989669903883
I_MFM008,cdec_MKM,WY1976-84,108,0.17098484472884712,0.4624465521578357,68.75833438226134,0.9711764027119584,1.4622385457816607,1.6875833438226133,0.2106305329253283,0.513856759899062,65.558138395112,0.9736926337993721,1.438890791712553,1.6555813839511198
I_MFM008,cdec_MKM,WY1950-84_mixed,420,0.2436353941728786,0.4632154087094347,58.89883669900434,0.9655577813375369,1.4732798897819614,1.5889883669900435,0.23517753965145738,0.4591440676351356,59.83039986085264,0.9671567013274294,1.475296790263674,1.5983039986085263
I_MFM008,cdec_MKM,WY1976-85_own,120,0.15966443400739583,0.45522278674915806,69.68924689326232,0.9703589422195927,1.468642889533984,1.696892468932623,0.2025512245490293,0.5094629536096593,66.09896699038832,0.9729943980078389,1.4452952988856376,1.660989669903883
I_MFS013,FU_ST,WY1976-85,120,-0.7492240732344013,-3.407441507305995,89.35119431352825,0.6353916133943476,2.4589317976773915,1.8935119431352825,-0.5523970506631533,-2.728441509903205,75.83947780635386,0.6364616366637944,2.304842450986496,1.7583947780635385
I_MFS013,FU_ST,WY1976-84,108,-0.7983003707982872,-3.5075488647524686,97.01277145257983,0.6404615648310348,2.4708733986167744,1.9701277145257983,-0.5984338970025531,-2.810464682262585,83.38868224242302,0.6415475489052266,2.315726237018225,1.83388682242423
I_MFS013,FU_ST,WY1950-84_mixed,420,-0.601316844117753,-2.818365672118343,81.50243963700987,0.6490135600049856,2.3329513822778467,1.8150243963700987,-0.5145415086823744,-2.509737967432202,77.07980838485635,0.6521722881204448,2.2564721160081107,1.7707980838485635
I_MFS013,FU_ST,WY1976-85_own,0,,,,,,,,,,,,
I_MFS022,FU_ST,WY1976-85,120,-0.14628702237752167,-0.4063607372652238,65.6077555337404,0.9267385033556901,1.9371066813138493,1.656077555337404,0.004726901257303462,-0.13425525055681264,53.38333402245488,0.9258514227138621,1.8367153007039085,1.5338333402245488
I_MFS022,FU_ST,WY1976-84,108,-0.1492088847110049,-0.41989530858977986,66.30112879790647,0.9259376247132851,1.9357413410114697,1.6630112879790646,-0.0042224709163667384,-0.15557084453771863,54.58976381779406,0.9249416666712231,1.8395384364774643,1.5458976381779406
I_MFS022,FU_ST,WY1950-84_mixed,420,-0.03745039292210417,-0.2913906997546001,59.01176098304603,0.8977332453920456,1.8471163056181656,1.5901176098304604,0.0019838205512379137,-0.21871042970296384,55.667132203083874,0.8989180187069976,1.8221531285154993,1.5566713220308388
I_MFS022,FU_ST,WY1976-85_own,120,-0.14628702237752167,-0.4063607372652238,65.6077555337404,0.9267385033556901,1.9371066813138493,1.656077555337404,0.004726901257303462,-0.13425525055681264,53.38333402245488,0.9258514227138621,1.8367153007039085,1.5338333402245488
I_MFS047,FU_ST,WY1976-85,120,0.8449829191505088,0.7695941357092191,5.040493464760345,0.9022039872807113,1.109204293937909,1.0504049346476034,0.8934870841503879,0.8042365447203234,-3.5855553388332373,0.9065810311896536,1.0365003671271198,0.9641444466116675
I_MFS047,FU_ST,WY1976-84,108,0.8488663763714404,0.7684669010214624,3.3921544186156214,0.9013547976660905,1.1093609852169768,1.0339215441861562,0.887668650382621,0.8006854714233355,-4.63675220473193,0.9054699878736268,1.039146670528168,0.9536324779526808
I_MFS047,FU_ST,WY1950-84_mixed,420,0.8758068328496247,0.7624538480540111,-4.058109524348488,0.8833993155616618,1.0134684024364937,0.9594189047565151,0.8724502894735799,0.7763064704445811,-6.221028758940723,0.888777210452898,0.9946802388420285,0.9377897124105928
I_MFS047,FU_ST,WY1976-85_own,120,0.8449829191505088,0.7695941357092191,5.040493464760345,0.9022039872807113,1.109204293937909,1.0504049346476034,0.8934870841503879,0.8042365447203234,-3.5855553388332373,0.9065810311896536,1.0365003671271198,0.9641444466116675
I_MFY013,FU_YUBA,WY1976-85,120,0.7843485122006795,0.9157706525351448,-15.215150096387942,0.9727378695878386,0.8496262616349204,0.8478484990361206,0.7750250255652759,0.9093821245468449,-15.214751089220622,0.9708974621148984,0.8368500188787721,0.8478524891077939
I_MFY013,FU_YUBA,WY1976-84,108,0.782876483218184,0.9137611050703106,-15.340978894649584,0.9721830536204856,0.8488898557699903,0.8465902110535042,0.772756998680514,0.9070959398849258,-15.420272169913734,0.9703390704356046,0.8357406577188309,0.8457972783008626
I_MFY013,FU_YUBA,WY1950-84_mixed,420,0.7917854631629371,0.9148234576002099,-13.585809489954325,0.9718431577367141,0.8447483860492916,0.8641419051004569,0.839313616054215,0.9266934982971343,-9.763792379308123,0.9709444176440174,0.8757312470614457,0.9023620762069189
I_MFY013,FU_YUBA,WY1976-85_own,120,0.7843485122006795,0.9157706525351448,-15.215150096387942,0.9727378695878386,0.8496262616349204,0.8478484990361206,0.7750250255652759,0.9093821245468449,-15.214751089220622,0.9708974621148984,0.8368500188787721,0.8478524891077939
I_MIL003,FU_ST,WY1976-85,120,0.7434580714375287,0.6259011252500569,-12.681387077687523,0.8578080640882401,1.1717948097318545,0.8731861292231247,0.7451110943384949,0.6579088553388401,-18.839738600502603,0.8604247784254699,1.0999676782675964,0.8116026139949739
I_MIL003,FU_ST,WY1976-84,108,0.7443461630300929,0.6225416868252854,-11.12872834515094,0.8579161234108812,1.1810695913532343,0.8887127165484906,0.7537707208759425,0.6582946751200252,-17.182497329654474,0.8608933970380653,1.1084176621311552,0.8281750267034552
I_MIL003,FU_ST,WY1950-84_mixed,420,0.682434157557117,0.48925483172781914,-21.246041654087897,0.7648099856224446,1.0198568080722834,0.7875395834591211,0.6720176811455838,0.49995993339019174,-22.971536849871587,0.7660369039113463,0.9919675268297697,0.7702846315012841
I_MIL003,FU_ST,WY1976-85_own,0,,,,,,,,,,,,
I_MLC006,uf_07,WY1976-85,120,0.8671909655732706,0.8265033329602592,-10.77866840108036,0.9225515948556822,1.0046920055324984,0.8922133159891964,0.8414568813739858,0.8285722607219558,-9.227353961705045,0.917569368794893,0.9008702598140663,0.9077264603829497
I_MLC006,uf_07,WY1976-84,108,0.8711778733055804,0.8287621920233298,-10.315216770238091,0.9229218407118748,1.0037051295695822,0.8968478322976191,0.8409290968180225,0.8307029905667808,-8.780766871925117,0.9182437505377256,0.8955524953525332,0.9121923312807486
I_MLC006,uf_07,WY1950-84_mixed,420,0.8014590187808709,0.7944007037940166,-15.825666878496461,0.9145197257001852,0.9159376974252488,0.8417433312150354,0.8645678731582043,0.8274539025417319,-8.926959261130515,0.9172493438741504,0.9406271970794268,0.9107304073886948
I_MLC006,uf_07,WY1976-85_own,120,0.8671909655732706,0.8265033329602592,-10.77866840108036,0.9225515948556822,1.0046920055324984,0.8922133159891964,0.8414568813739858,0.8285722607219558,-9.227353961705045,0.917569368794893,0.9008702598140663,0.9077264603829497
I_MLRTN,FU_SJ,WY1976-85,120,0.8468660040670176,0.9530746487162515,-13.010153356335282,0.9848671898829923,0.9206614234257444,0.8698984664366471,0.9529325477875513,0.9672704495310263,-2.0927118907575326,0.9851644837409166,1.0394627445741653,0.9790728810924247
I_MLRTN,FU_SJ,WY1976-84,108,0.8474325119778346,0.952364628061152,-12.963072174451778,0.9846480788209862,0.9210251122349496,0.8703692782554822,0.9527341364351805,0.9667829764340433,-2.016857818129122,0.9849527644574928,1.0400108862086506,0.9798314218187087
I_MLRTN,FU_SJ,WY1950-84_mixed,420,0.8099854643221311,0.9120056842061811,-15.534486131063392,0.9666297584883333,0.8957890369744668,0.844655138689366,0.9586534696124208,0.957798638989711,-1.8668692387096268,0.9801253246632226,1.0310807461285065,0.9813313076129038
I_MLRTN,FU_SJ,WY1976-85_own,120,0.8468660040670176,0.9530746487162515,-13.010153356335282,0.9848671898829923,0.9206614234257444,0.8698984664366471,0.9529325477875513,0.9672704495310263,-2.0927118907575326,0.9851644837409166,1.0394627445741653,0.9790728810924247
I_MNS000,uf_07,WY1976-85,120,0.67249177881922,0.8097798519807726,2.001499079143153,0.9682910667197043,1.3253545429755722,1.0200149907914313,0.7591125085988496,0.8613369825269079,2.3680747174261634,0.9669265095565909,1.2374281995818899,1.0236807471742615
I_MNS000,uf_07,WY1976-84,108,0.667994159784455,0.8099127149621634,1.7798340393841077,0.9696108099690456,1.3301326917251872,1.017798340393841,0.7571723257341735,0.8634055639063182,2.045323334796489,0.9682562004716323,1.2398734579449482,1.020453233347965
I_MNS000,uf_07,WY1950-84_mixed,420,0.7782729567319755,0.8170936198531326,-4.967380456019034,0.9431616082552855,1.2084821145344866,0.9503261954398096,0.7388679964770846,0.7980377399821246,1.8942722310173663,0.9454826714837943,1.2546742182216875,1.0189427223101737
I_MNS000,uf_07,WY1976-85_own,0,,,,,,,,,,,,
I_MOK079,cdec_MKM,WY1976-85,120,0.2732673491771337,0.21367768638536921,-53.94012520890948,0.6407200338151271,0.6712074500312645,0.46059874791090516,0.26268190180593576,0.20695177007569032,-54.71071119587722,0.6395315629334941,0.6618073155027245,0.45289288804122774
I_MOK079,cdec_MKM,WY1976-84,108,0.274498716021333,0.1915387447557494,-53.458983844905944,0.6320698047961204,0.6756650047575221,0.46541016155094067,0.26417867437063447,0.1848495046339962,-54.182723706296095,0.6307086899275628,0.6661134972289868,0.458172762937039
I_MOK079,cdec_MKM,WY1950-84_mixed,420,0.2018901791576535,0.13558934057286187,-55.613671920017104,0.5796488115991012,0.6114178155238914,0.44386328079982884,0.20500657771728759,0.13616590747117496,-55.297819609606954,0.5784536360700424,0.6146062803151201,0.4470218039039305
I_MOK079,cdec_MKM,WY1976-85_own,120,0.2732673491771337,0.21367768638536921,-53.94012520890948,0.6407200338151271,0.6712074500312645,0.46059874791090516,0.26268190180593576,0.20695177007569032,-54.71071119587722,0.6395315629334941,0.6618073155027245,0.45289288804122774
I_MPS038,,WY1976-85,0,,,,,,,,,,,,
I_MPS038,,WY1976-84,0,,,,,,,,,,,,
I_MPS038,,WY1950-84_mixed,0,,,,,,,,,,,,
I_MPS038,,WY1976-85_own,0,,,,,,,,,,,,
I_MSH015,,WY1976-85,0,,,,,,,,,,,,
I_MSH015,,WY1976-84,0,,,,,,,,,,,,
I_MSH015,,WY1950-84_mixed,0,,,,,,,,,,,,
I_MSH015,,WY1976-85_own,0,,,,,,,,,,,,
I_MTMDW,FU_OROV,WY1976-85,120,0.39522870233473506,-0.29565729374246863,-53.5106690141105,0.7836003773908603,0.8194997064252196,0.464893309858895,0.38411480031443,-0.27819561086918454,-52.75512557339352,0.7776592222862078,0.7729122849405796,0.47244874426606476
I_MTMDW,FU_OROV,WY1976-84,108,0.3973973954427349,-0.2742307839012246,-53.04440417607973,0.7788896827414387,0.8187012267512889,0.4695559582392027,0.38436761154514065,-0.2602676716853103,-52.39700655840208,0.7731270944236643,0.7698103112607719,0.4760299344159791
I_MTMDW,FU_OROV,WY1950-84_mixed,420,0.4290593338424067,-0.2180435351854797,-53.084602246248984,0.8505183714129886,0.8522468700053869,0.4691539775375102,0.47817136014135464,-0.08806220636893425,-49.32796405926044,0.8534724935769301,0.913339654887647,0.5067203594073957
I_MTMDW,FU_OROV,WY1976-85_own,120,0.39522870233473506,-0.29565729374246863,-53.5106690141105,0.7836003773908603,0.8194997064252196,0.464893309858895,0.38411480031443,-0.27819561086918454,-52.75512557339352,0.7776592222862078,0.7729122849405796,0.47244874426606476
I_NBLDB,FU_YUBA,WY1976-85,120,0.6765150797147665,0.8750525219092748,-17.707643128942372,0.9759729086332716,0.7303536946030954,0.8229235687105764,0.6675960140503978,0.8683790391388123,-17.751288798568257,0.9749755520412238,0.7200797229950563,0.8224871120143176
I_NBLDB,FU_YUBA,WY1976-84,108,0.6754581517262074,0.8743120093737632,-17.711810337533414,0.976151614781593,0.7290980929189158,0.8228818966246659,0.6659803340549137,0.8673519017862863,-17.84062008719432,0.9751321020435316,0.7187137536605576,0.8215937991280567
I_NBLDB,FU_YUBA,WY1950-84_mixed,420,0.6713773601596664,0.8528718239262933,-15.822078072304773,0.9649842033135769,0.7141103045833342,0.8417792192769523,0.7108543547616728,0.8676265761035565,-12.074896667526069,0.9622902828746247,0.7399944838249205,0.8792510333247393
I_NBLDB,FU_YUBA,WY1976-85_own,0,,,,,,,,,,,,
I_NFA016,FU_FOLS,WY1976-85,120,0.5601204460158529,0.5939070925265157,-37.923413665453246,0.8261846020028227,0.8604876384392176,0.6207658633454676,0.574309662243096,0.5908014337089256,-36.80897981741282,0.8225624523275968,0.8806765705499535,0.6319102018258718
I_NFA016,FU_FOLS,WY1976-84,108,0.5702649338092494,0.5985175270613752,-37.015074365016225,0.8284726436607432,0.864948083625347,0.6298492563498377,0.5841234805334083,0.5951895280330495,-35.93676840373163,0.8248659262837879,0.8853867226850819,0.6406323159626837
I_NFA016,FU_FOLS,WY1950-84_mixed,420,0.48103732552616174,0.4344866258798181,-43.21982427793642,0.7570165496850971,0.846748640108696,0.5678017572206359,0.48675598748123194,0.4290821438751652,-42.74313072001996,0.7535304226326657,0.8586683282350998,0.5725686927998004
I_NFA016,FU_FOLS,WY1976-85_own,0,,,,,,,,,,,,
I_NFA022,FU_FOLS,WY1976-85,120,0.7259286774177599,0.7376634688417099,-24.243363409021985,0.8820989294815729,0.9505999949959866,0.7575663659097801,0.7392213184963514,0.733374142571569,-22.931533329245756,0.879509029647849,0.969967938676349,0.7706846667075424
I_NFA022,FU_FOLS,WY1976-84,108,0.7351451957807194,0.7426391581467828,-23.38888483990032,0.8843603448065483,0.9544857817889713,0.7661111516009967,0.7477312739770344,0.7380781983159599,-22.13394069405155,0.8817761579137661,0.9740866785833966,0.7786605930594845
I_NFA022,FU_FOLS,WY1950-84_mixed,420,0.6938561580322764,0.6322787897499674,-24.827245391061602,0.8297510768480841,0.9443210563177371,0.751727546089384,0.6985441863445051,0.6281114598277139,-24.34026168249056,0.8280012175436228,0.9547540881072283,0.7565973831750944
I_NFA022,FU_FOLS,WY1976-85_own,0,,,,,,,,,,,,
I_NFA054,FU_FOLS,WY1976-85,120,0.735354413175929,0.833727407033912,21.81611361911336,0.9490926747702662,1.1408951720933145,1.2181611361911335,0.707780625973967,0.8241279291172731,24.339689302156195,0.9503786149649746,1.153908522086409,1.243396893021562
I_NFA054,FU_FOLS,WY1976-84,108,0.7447871928950651,0.8357430465521514,21.04741273198888,0.9484853059439345,1.1348349173457009,1.2104741273198887,0.7190709235821284,0.827719059866369,23.406437787636474,0.95005546861487,1.147107296797503,1.2340643778763645
I_NFA054,FU_FOLS,WY1950-84_mixed,420,0.6937510729045899,0.789229374566011,24.73281771425576,0.9413626882802713,1.1708181600788186,1.2473281771425575,0.6841810556348793,0.7852683918346983,25.36659286698468,0.9422918860485648,1.1790669590855096,1.2536659286698468
I_NFA054,FU_FOLS,WY1976-85_own,0,,,,,,,,,,,,
I_NFF029,FU_OROV,WY1976-85,120,0.6873601556233353,0.7060879796510269,16.779081331753122,0.917631827343704,1.2506100544498746,1.1677908133175312,0.7278447090628923,0.7378990063876306,17.042808752431572,0.9171529470215903,1.1953436335810779,1.1704280875243158
I_NFF029,FU_OROV,WY1976-84,108,0.6816535455684573,0.712562472805929,17.82891503263331,0.9218670909258969,1.2518981787243935,1.178289150326333,0.7248721818816803,0.7465910203611001,17.742282730993107,0.9216626589099316,1.1951402512113682,1.177422827309931
I_NFF029,FU_OROV,WY1950-84_mixed,420,0.8551922154836142,0.745671393543018,-5.5674405108574305,0.8848409280793119,1.0678825693879965,0.9443255948914256,0.8423302691860534,0.7415335449912016,1.0619986134757118,0.8894731935230389,1.1119409887371214,1.0106199861347571
I_NFF029,FU_OROV,WY1976-85_own,120,0.6873601556233353,0.7060879796510269,16.779081331753122,0.917631827343704,1.2506100544498746,1.1677908133175312,0.7278447090628923,0.7378990063876306,17.042808752431572,0.9171529470215903,1.1953436335810779,1.1704280875243158
I_NFM010,cdec_MKM,WY1976-85,120,0.5177467254826487,0.4375565471754631,-28.983328122965204,0.696472545706095,0.762437430633059,0.710166718770348,0.5034861048682334,0.4355113259616247,-30.451588962768163,0.6971663955724648,0.7508255048111712,0.6954841103723184
I_NFM010,cdec_MKM,WY1976-84,108,0.5141516363693761,0.4257557180455305,-29.18196111107094,0.6907679204495987,0.7649139136599457,0.7081803888892906,0.5007990130465853,0.42399834510351064,-30.506796838475587,0.6913733647410496,0.7532516260446692,0.6949320316152442
I_NFM010,cdec_MKM,WY1950-84_mixed,420,0.4511625972649699,0.42323198510298643,-33.48571490580798,0.693724421170822,0.6913117200500147,0.6651428509419202,0.45571976562230443,0.42727181982141726,-33.092203788176825,0.6956564658876052,0.6932320231471439,0.6690779621182318
I_NFM010,cdec_MKM,WY1976-85_own,0,,,,,,,,,,,,
I_NFS005,FU_ST,WY1976-85,120,0.40447903482430914,0.23613975124752828,-37.263244081425874,0.5886846323864675,0.7841066180228329,0.6273675591857413,0.35303244844252213,0.2231964052697094,-41.610006898101716,0.5808024217431959,0.7359902733877003,0.583899931018983
I_NFS005,FU_ST,WY1976-84,108,0.41573063213045014,0.23301489148836552,-35.42678300564079,0.5854332052138014,0.7902397285506496,0.645732169943592,0.36471440475850425,0.22106727182297192,-39.79339837113106,0.5775115145589346,0.7416595041448156,0.6020660162886894
I_NFS005,FU_ST,WY1950-84_mixed,420,0.24237830367763158,0.11881639899421947,-45.821398192212975,0.501009792508029,0.6608254810034091,0.5417860180778702,0.22400474289952,0.11416124973732056,-47.05711800318656,0.49749644614431543,0.6419195873434784,0.5294288199681344
I_NFS005,FU_ST,WY1976-85_own,0,,,,,,,,,,,,
I_NFS009,FU_ST,WY1976-85,120,0.8737540093303982,0.8361533740052758,-9.578524798599851,0.919309293341706,0.9841177367042628,0.9042147520140015,0.8025502252271726,0.8300552472101549,-16.491456044631935,0.9188546623236645,0.9278540681394227,0.8350854395536806
I_NFS009,FU_ST,WY1976-84,108,0.8682523148513761,0.8361911456290189,-10.129159957634457,0.9192227217198813,0.9760731174002408,0.8987084004236554,0.7988992139183092,0.827396508123183,-16.674012476881703,0.917854831995444,0.9232443596322943,0.833259875231183
I_NFS009,FU_ST,WY1950-84_mixed,420,0.8482170167171916,0.8401913899183545,-12.499152722118984,0.9218909452004438,0.9637485490571236,0.8750084727788102,0.8288057181424162,0.8340971043980092,-14.32947281181366,0.9195570938985104,0.9520099813270503,0.8567052718818634
I_NFS009,FU_ST,WY1976-85_own,120,0.8737540093303982,0.8361533740052758,-9.578524798599851,0.919309293341706,0.9841177367042628,0.9042147520140015,0.8025502252271726,0.8300552472101549,-16.491456044631935,0.9188546623236645,0.9278540681394227,0.8350854395536806
I_NFS033,FU_ST,WY1976-85,120,0.8542848835842345,0.8723084282117843,1.1525445484634536,0.9521513736479632,1.1371516249071223,1.0115254454846345,0.8950816036863245,0.8995683100567041,-6.784770020595712,0.9559769692638048,1.0668321197224513,0.9321522997940429
I_NFS033,FU_ST,WY1976-84,108,0.856655138856706,0.8712864876146521,1.3214657798841591,0.9512224077962215,1.1341412260800223,1.0132146577988415,0.8980969248153892,0.8980034661792153,-6.242581254050757,0.9551133402155401,1.0668763219243702,0.9375741874594924
I_NFS033,FU_ST,WY1950-84_mixed,420,0.8112079484284528,0.8040849519266032,2.729440722692611,0.9293932440192665,1.1729512650448144,1.027294407226926,0.8239156808386452,0.8077667755885132,0.7166139168603154,0.9283212504571444,1.1606751093601826,1.007166139168603
I_NFS033,FU_ST,WY1976-85_own,120,0.8542848835842345,0.8723084282117843,1.1525445484634536,0.9521513736479632,1.1371516249071223,1.0115254454846345,0.8950816036863245,0.8995683100567041,-6.784770020595712,0.9559769692638048,1.0668321197224513,0.9321522997940429
I_NFY029,FU_YUBA,WY1976-85,120,0.835303790655761,0.8504629445225806,3.6321338997419232,0.9454930725120175,1.1511112059432251,1.036321338997419,0.8480951627141845,0.853971575628084,4.083101941695878,0.9444348704954473,1.1353529601720787,1.0408310194169585
I_NFY029,FU_YUBA,WY1976-84,108,0.8369243877584126,0.8474723819206408,3.5214295632945385,0.943792122354144,1.1489774586358372,1.0352142956329453,0.8508696169847082,0.8515984862621676,3.8802770456534117,0.9427995665049729,1.132145096583892,1.0388027704565341
I_NFY029,FU_YUBA,WY1950-84_mixed,420,0.8840727221211312,0.8851172690989252,-1.0106157830700544,0.9531282680602623,1.1055463882625778,0.9898938421692995,0.8391487095950723,0.8745792024271539,3.4617750815302357,0.9559173313730264,1.1507695834050902,1.0346177508153025
I_NFY029,FU_YUBA,WY1976-85_own,120,0.835303790655761,0.8504629445225806,3.6321338997419232,0.9454930725120175,1.1511112059432251,1.036321338997419,0.8480951627141845,0.853971575628084,4.083101941695878,0.9444348704954473,1.1353529601720787,1.0408310194169585
I_NHGAN,cdec_NHG,WY1976-85,120,0.9164502497969697,0.968335581725624,2.6756061584292463,0.9882672726780626,1.078275264528939,1.0267560615842923,0.9297591639718373,0.9803733924005932,3.9115056077806436,0.9925435610723771,1.057863537331241,1.0391150560778064
I_NHGAN,cdec_NHG,WY1976-84,108,0.9120186163670724,0.9689949439287554,4.000513937131573,0.9886577770270895,1.0775349383689623,1.0400051393713157,0.9288912290877333,0.9805955259069555,4.068165686656683,0.9926796929850574,1.0578608088471906,1.0406816568665669
I_NHGAN,cdec_NHG,WY1950-84_mixed,420,0.8889821906131462,0.9443526984251507,-9.484712775907022,0.9735263978092927,0.9487347608611976,0.9051528722409298,0.9498986912154187,0.9656414658771831,3.13503629020467,0.9841768289742101,1.0357340614334074,1.0313503629020468
I_NHGAN,cdec_NHG,WY1976-85_own,120,0.9164502497969697,0.968335581725624,2.6756061584292463,0.9882672726780626,1.078275264528939,1.0267560615842923,0.9297591639718373,0.9803733924005932,3.9115056077806436,0.9925435610723771,1.057863537331241,1.0391150560778064
I_NLC003,FU_FOLS,WY1976-85,120,0.5233409317842685,0.6671960866837697,38.86573825773776,0.9277245764270148,1.2663185487864803,1.3886573825773776,0.49330828480208444,0.6403855785994086,41.345238983426576,0.9259399101318825,1.2833879296640316,1.413452389834266
I_NLC003,FU_FOLS,WY1976-84,108,0.5240008738376145,0.6569138330848696,38.58971975610007,0.92494387127589,1.2683749216355178,1.3858971975610008,0.4958067630968723,0.6303881788726793,40.8731592859429,0.9229949634123085,1.2849904024306356,1.408731592859429
I_NLC003,FU_FOLS,WY1950-84_mixed,420,0.29952739890424196,0.43946221636714,61.16198627897067,0.8957340066230302,1.3251332203144903,1.6116198627897067,0.2894989837207256,0.4322030060894081,61.85230235055816,0.897503328267131,1.334268448722101,1.6185230235055816
I_NLC003,FU_FOLS,WY1976-85_own,0,,,,,,,,,,,,
I_NMA003,FU_FOLS,WY1976-85,120,0.7068960277536027,0.8659897865666054,-18.16340085507864,0.9571807139420345,0.7739789075641925,0.8183659914492136,0.7247713951503234,0.8713811314541078,-16.749897750559573,0.9563117799714498,0.7860228589479326,0.8325010224944043
I_NMA003,FU_FOLS,WY1976-84,108,0.7079536373379456,0.8658948789140255,-17.816844770633466,0.9573248316077799,0.7725666862820071,0.8218315522936653,0.725281767376693,0.8711509597486902,-16.492813255239497,0.9564197096158841,0.7846640375634177,0.835071867447605
I_NMA003,FU_FOLS,WY1950-84_mixed,420,0.6556492752874862,0.7183075546246894,-14.239953209808855,0.8664778225278267,0.7163247931324128,0.8576004679019115,0.6629162458324132,0.722506392519745,-13.779146330067968,0.8677397616182284,0.7222479535478298,0.8622085366993203
I_NMA003,FU_FOLS,WY1976-85_own,120,0.7068960277536027,0.8659897865666054,-18.16340085507864,0.9571807139420345,0.7739789075641925,0.8183659914492136,0.7247713951503234,0.8713811314541078,-16.749897750559573,0.9563117799714498,0.7860228589479326,0.8325010224944043
I_NNA013,FU_FOLS,WY1976-85,120,-0.23627021101828372,-1.268916315981126,59.79534675147619,0.7988446620298422,2.063180236528302,1.5979534675147617,-0.28722522408500306,-1.4202716248887448,63.40438090520882,0.795289093424671,2.1013767159571297,1.6340438090520883
I_NNA013,FU_FOLS,WY1976-84,108,-0.28045483088925516,-1.410910905428369,63.30074541527701,0.7941010610410942,2.093833517437757,1.6330074541527702,-0.3302354702872965,-1.5670080607524932,66.79449792601811,0.7898573930128584,2.131024312656553,1.6679449792601813
I_NNA013,FU_FOLS,WY1950-84_mixed,420,-0.4458832217947082,-1.9170859140129495,86.13877820790825,0.7477349041560469,2.1335571010633587,1.8613877820790825,-0.47186712965955846,-2.0122268752529147,87.2578568982201,0.7445482965093624,2.15747307334079,1.872578568982201
I_NNA013,FU_FOLS,WY1976-85_own,0,,,,,,,,,,,,
I_OGN005,FU_YUBA,WY1976-85,120,0.5218301002982606,0.7481138854875704,-29.917071532966723,0.9387879621505109,0.6320374713476664,0.7008292846703328,0.5142212270194455,0.7444967422029496,-30.13862117043151,0.9405155474422754,0.6236903302107125,0.6986137882956849
I_OGN005,FU_YUBA,WY1976-84,108,0.5254325403982691,0.7495229255631559,-29.263044525680286,0.9394499757907508,0.631332954022325,0.7073695547431971,0.5173233129413546,0.7456387817797603,-29.556777182128254,0.9411424582619993,0.6229691441392744,0.7044322281787174
I_OGN005,FU_YUBA,WY1950-84_mixed,420,0.4954763808159687,0.7179656316513928,-30.195565962645976,0.936056644288615,0.6009033836344008,0.6980443403735402,0.527967860229519,0.7409796059717814,-27.23299071676349,0.9379490799960433,0.6194734622066039,0.7276700928323652
I_OGN005,FU_YUBA,WY1976-85_own,120,0.5218301002982606,0.7481138854875704,-29.917071532966723,0.9387879621505109,0.6320374713476664,0.7008292846703328,0.5142212270194455,0.7444967422029496,-30.13862117043151,0.9405155474422754,0.6236903302107125,0.6986137882956849
I_ORG000,,WY1976-85,0,,,,,,,,,,,,
I_ORG000,,WY1976-84,0,,,,,,,,,,,,
I_ORG000,,WY1950-84_mixed,0,,,,,,,,,,,,
I_ORG000,,WY1976-85_own,0,,,,,,,,,,,,
I_OROVL,FU_OROV,WY1976-85,120,0.83129094298715,0.8254713284109807,12.00979288722356,0.928337938804028,1.094359855785759,1.1200979288722357,0.8603438579822662,0.8421985194679319,11.010743050072557,0.9294473090216464,1.0490154011257513,1.1101074305007255
I_OROVL,FU_OROV,WY1976-84,108,0.8369288004701453,0.8253451258542643,11.181868149949503,0.9278965531385377,1.0942862213396871,1.111818681499495,0.8696108422912694,0.8436099048666541,9.838815830257959,0.9294777063230995,1.0484531613867223,1.0983881583025796
I_OROVL,FU_OROV,WY1950-84_mixed,420,0.881470776993243,0.8094043987848033,7.066260794733069,0.9053858884516528,0.9897949796382242,1.0706626079473307,0.8248719672462812,0.7841069724216133,14.134796671138993,0.9023354249146416,1.033944232737533,1.14134796671139
I_OROVL,FU_OROV,WY1976-85_own,0,,,,,,,,,,,,
I_ORT014,,WY1976-85,0,,,,,,,,,,,,
I_ORT014,,WY1976-84,0,,,,,,,,,,,,
I_ORT014,,WY1950-84_mixed,0,,,,,,,,,,,,
I_ORT014,,WY1976-85_own,0,,,,,,,,,,,,
I_OWN040,,WY1976-85,0,,,,,,,,,,,,
I_OWN040,,WY1976-84,0,,,,,,,,,,,,
I_OWN040,,WY1950-84_mixed,0,,,,,,,,,,,,
I_OWN040,,WY1976-85_own,0,,,,,,,,,,,,
I_PARDE,,WY1976-85,0,,,,,,,,,,,,
I_PARDE,,WY1976-84,0,,,,,,,,,,,,
I_PARDE,,WY1950-84_mixed,0,,,,,,,,,,,,
I_PARDE,,WY1976-85_own,0,,,,,,,,,,,,
I_PCRST,FU_ST,WY1976-85,120,0.8435544485219414,0.8353436641318375,2.0679101357707714,0.9367534522854933,1.1415890516477463,1.0206791013577077,0.8834760232505606,0.8492475799864869,-5.487913654648196,0.933638839910093,1.0785004073934537,0.945120863453518
I_PCRST,FU_ST,WY1976-84,108,0.8397486749883714,0.828196312544216,2.4816906860105625,0.9340972989386632,1.1439494435373043,1.0248169068601056,0.8821629520381359,0.8431024932225468,-4.712909475838674,0.931295889468677,1.0833316476239454,0.9528709052416131
I_PCRST,FU_ST,WY1950-84_mixed,420,0.8887403318061676,0.8556038248516361,-4.788971404318437,0.9363563587513909,1.0776838206068808,0.9521102859568157,0.8879934132455223,0.8586633346909534,-6.71968973343732,0.9365139365106758,1.0632421711174715,0.9328031026656268
I_PCRST,FU_ST,WY1976-85_own,120,0.8435544485219414,0.8353436641318375,2.0679101357707714,0.9367534522854933,1.1415890516477463,1.0206791013577077,0.8834760232505606,0.8492475799864869,-5.487913654648196,0.933638839910093,1.0785004073934537,0.945120863453518
I_PEDRO,FU_TU,WY1976-85,120,0.8555799397724004,0.9545723959131405,-13.91941367263442,0.9836387882127801,0.9651509419638775,0.8608058632736558,0.8923027401645456,0.9617429904741313,-10.57829673708776,0.9844011250611391,0.9871415906536217,0.8942170326291224
I_PEDRO,FU_TU,WY1976-84,108,0.863053645025481,0.9551774126116929,-13.14249352262101,0.9835290512108034,0.9652077826579405,0.8685750647737899,0.8984395308353497,0.9620680854831394,-9.949667771076347,0.9843007148802974,0.9870203055430948,0.9005033222892365
I_PEDRO,FU_TU,WY1950-84_mixed,420,0.7746526648664983,0.9078929595914784,-19.906371710175996,0.96898154459459,0.8990400405622913,0.80093628289824,0.858335122758094,0.9380809623276523,-13.046514502613428,0.9746116900617078,0.9509773817942039,0.8695348549738656
I_PEDRO,FU_TU,WY1976-85_own,0,,,,,,,,,,,,
I_PLC007,FU_FOLS,WY1976-85,120,0.2836356895122203,0.5595676167965324,-49.9722810664894,0.934701279528838,0.49089194177793694,0.500277189335106,0.2962808562978766,0.5738249759330779,-49.06436212487164,0.9372187774363727,0.4994523117282308,0.5093563787512836
I_PLC007,FU_FOLS,WY1976-84,108,0.2793470773923872,0.5532634080165093,-50.60210306037834,0.9362740683593369,0.4908611612869154,0.4939789693962166,0.2914850200416552,0.5676902394038499,-49.77172687724625,0.9390661002568128,0.49944225402742853,0.5022827312275375
I_PLC007,FU_FOLS,WY1950-84_mixed,420,0.27322824082944785,0.4252107684298324,-48.450066712881835,0.7981497608977639,0.4972945450326213,0.5154993328711817,0.2787967428500827,0.43060016119958044,-48.15404016092449,0.7992065973277088,0.5020692927877012,0.5184595983907552
I_PLC007,FU_FOLS,WY1976-85_own,0,,,,,,,,,,,,
I_PLM001,FU_FOLS,WY1976-85,120,0.5853257697022043,0.2102359805551588,19.09270846886271,0.6980467645381674,1.2105369544747484,1.190927084688627,0.5643767848095012,0.187175580907334,21.1494466890995,0.7005675631450441,1.235325076960583,1.211494466890995
I_PLM001,FU_FOLS,WY1976-84,108,0.5779555147227606,0.19997882405732048,20.192090476429915,0.694067726300097,1.2091768143961095,1.2019209047642991,0.5574822959362362,0.17680806569778595,22.139867994961346,0.6966758282734928,1.2340918404662193,1.2213986799496135
I_PLM001,FU_FOLS,WY1950-84_mixed,420,0.7056484309966393,0.41869316756147257,8.900480022641691,0.7218908814004021,1.0370986504222275,1.089004800226417,0.7015432517192169,0.41076141257493104,9.75306923381187,0.7224441780952422,1.0502688807629563,1.0975306923381187
I_PLM001,FU_FOLS,WY1976-85_own,0,,,,,,,,,,,,
I_PTH070,uf_02,WY1976-85,120,0.8267653999950526,0.9692468360086994,-12.253824037294782,0.9935353515332966,0.877718298157992,0.8774617596270522,0.9796833725340678,0.9881406185145237,1.3154451545742751,0.9942817524182361,1.0143884467790594,1.013154451545743
I_PTH070,uf_02,WY1976-84,108,0.8206579506793482,0.9691577050481969,-13.169169806085959,0.9939105457043145,0.8784114073493766,0.8683083019391403,0.9795008858203003,0.9883729165486861,1.27532771449209,0.9944088579119188,1.0150434947524867,1.0127532771449208
I_PTH070,uf_02,WY1950-84_mixed,420,0.9287551876848742,0.9724800224566571,-1.1617249817008288,0.9878128349385056,0.9307733014201124,0.9883827501829918,0.9611261297861041,0.9812682251307246,3.6698818054272246,0.9907946913374032,0.9910760529331162,1.0366988180542724
I_PTH070,uf_02,WY1976-85_own,0,,,,,,,,,,,,
I_PYN001,,WY1976-85,0,,,,,,,,,,,,
I_PYN001,,WY1976-84,0,,,,,,,,,,,,
I_PYN001,,WY1950-84_mixed,0,,,,,,,,,,,,
I_PYN001,,WY1976-85_own,0,,,,,,,,,,,,
I_PYR001,FU_FOLS,WY1976-85,120,0.6675435162873956,0.8324351965461745,-31.929089902906497,0.9548753895196825,0.919102503816495,0.680709100970935,0.6913120780238594,0.8374827551058821,-30.01945938878846,0.9521180092409055,0.9463459793176509,0.6998054061121155
I_PYR001,FU_FOLS,WY1976-84,108,0.6705935565474407,0.8379479406057133,-31.68083769181061,0.9578594563664845,0.9202175966465592,0.6831916230818939,0.6937669551429699,0.8427838274919401,-29.82678028763276,0.9550386373130882,0.9471466992982275,0.7017321971236724
I_PYR001,FU_FOLS,WY1950-84_mixed,420,0.6910816633346109,0.8400504425581341,-29.187807653142748,0.9507489802638375,0.9116141175109226,0.7081219234685725,0.6983024184152049,0.844163599697365,-28.739646428647127,0.9515659162424744,0.9220330673918865,0.7126035357135286
I_PYR001,FU_FOLS,WY1976-85_own,0,,,,,,,,,,,,
I_QNT005,,WY1976-85,0,,,,,,,,,,,,
I_QNT005,,WY1976-84,0,,,,,,,,,,,,
I_QNT005,,WY1950-84_mixed,0,,,,,,,,,,,,
I_QNT005,,WY1976-85_own,0,,,,,,,,,,,,
I_RCK001,FU_FOLS,WY1976-85,120,0.818293043597727,0.6420012035128175,0.6906794930497349,0.8374329245624198,1.080880530243302,1.0069067949304973,0.8047895457865669,0.6310815919790871,2.8653899573667414,0.8384435398192156,1.105761929101599,1.0286538995736674
I_RCK001,FU_FOLS,WY1976-84,108,0.8154688314320763,0.6362665343384608,0.9394651533222462,0.8351226089896635,1.0823343101582652,1.0093946515332224,0.8017828263549098,0.6251518019008317,3.0264012574907855,0.8362059227802431,1.107450629306868,1.0302640125749079
I_RCK001,FU_FOLS,WY1950-84_mixed,420,0.8019062467008637,0.5996638343001156,-2.359553354246583,0.8045583949044649,1.0220672809984908,0.9764044664575341,0.8000687839493296,0.5923097906044502,-1.556477160727356,0.804039397901159,1.0364646604450523,0.9844352283927265
I_RCK001,FU_FOLS,WY1976-85_own,0,,,,,,,,,,,,
I_RLIEF,FU_ST,WY1976-85,120,0.8450915424102112,0.8112834529226252,-9.595191784426476,0.904033686070438,0.9252984184529699,0.9040480821557352,0.7647220470883225,0.8042997703798574,-16.96791404592594,0.9073867816458135,0.8658825283365501,0.8303208595407406
I_RLIEF,FU_ST,WY1976-84,108,0.8374657243569593,0.8057706292203551,-10.717039901749253,0.9019216729628382,0.9271128399590786,0.8928296009825074,0.7611202566427173,0.7991892747179031,-17.61223934319748,0.9052856305399225,0.8693339273720456,0.8238776065680251
I_RLIEF,FU_ST,WY1950-84_mixed,420,0.7375671840737267,0.7701960820644529,-18.04373329921316,0.8902407646723303,0.8442236795980688,0.8195626670078685,0.7176735603844219,0.7720468776056828,-19.87379343965117,0.8949241183926178,0.8292062324256301,0.8012620656034883
I_RLIEF,FU_ST,WY1976-85_own,120,0.8450915424102112,0.8112834529226252,-9.595191784426476,0.904033686070438,0.9252984184529699,0.9040480821557352,0.7647220470883225,0.8042997703798574,-16.96791404592594,0.9073867816458135,0.8658825283365501,0.8303208595407406
I_RLLNS,uf_10,WY1976-85,120,0.8302895088817888,0.9534283400864894,-14.770545193234781,0.9847416927461375,0.9178298452916628,0.8522945480676521,0.728933878183437,0.9220924597157165,-22.003495393641366,0.984040971602951,0.842498346499174,0.7799650460635863
I_RLLNS,uf_10,WY1976-84,108,0.8360057265268822,0.9551068225525675,-14.02699993559944,0.9851904125956532,0.9163392258369667,0.8597300006440055,0.7315389246341295,0.9232892735730516,-21.61169641003734,0.9845153670937824,0.8414912211945436,0.7838830358996265
I_RLLNS,uf_10,WY1950-84_mixed,420,0.8911260016093305,0.9493937540199264,-10.176949752588552,0.9778711220472699,0.9682694207513721,0.8982305024741145,0.7953467613325489,0.9279892934118025,-17.253951857448943,0.977007337750111,0.8923691488939037,0.8274604814255105
I_RLLNS,uf_10,WY1976-85_own,0,,,,,,,,,,,,
I_RUB047,FU_FOLS,WY1976-85,120,0.5440661060439702,0.7948431030385237,-38.08870663412346,0.9643639160246387,0.7519459174478735,0.6191129336587654,0.5672742650931143,0.80455762323694,-36.623717694865704,0.9607844630591164,0.7728788131111044,0.633762823051343
I_RUB047,FU_FOLS,WY1976-84,108,0.5418467973001293,0.7930632877400503,-38.242455781738,0.965399199510902,0.7500828150609811,0.6175754421826201,0.5642098623382648,0.8025107994865756,-36.8579087342545,0.9617871120462181,0.7706481400746824,0.631420912657455
I_RUB047,FU_FOLS,WY1950-84_mixed,420,0.5770704350265365,0.7906244564041428,-34.529920036137845,0.9489374235491331,0.7611894214138849,0.6547007996386215,0.5845625789911362,0.7959579523621877,-34.23274853211012,0.9494443337194793,0.7701211880682348,0.6576725146788988
I_RUB047,FU_FOLS,WY1976-85_own,0,,,,,,,,,,,,
I_RVPHB,FU_OROV,WY1976-85,120,0.5322609394157762,0.08199800827475656,-9.189650919999396,0.5414359354427354,0.9926611247599865,0.908103490800006,0.5209617004975546,0.10063892050747114,-7.367850826016765,0.5295493025498345,0.9477954879401811,0.9263214917398324
I_RVPHB,FU_OROV,WY1976-84,108,0.5253365085918373,0.07428266090546243,-9.533194040552427,0.5351964362409356,0.986775086723239,0.9046680595944758,0.5130343057106708,0.09521713157850686,-7.903856568526803,0.5233420166141491,0.9392903679500695,0.920961434314732
I_RVPHB,FU_OROV,WY1950-84_mixed,420,0.5220281643047862,0.06387156171835873,-12.99466353225498,0.5400335673218717,0.9986477812463735,0.8700533646774502,0.5258184898443826,0.008184936610533211,-6.514422718045269,0.5335742468779324,1.055239035681622,0.9348557728195472
I_RVPHB,FU_OROV,WY1976-85_own,0,,,,,,,,,,,,
I_SCOTF,FU_YUBA,WY1976-85,120,0.619077551816922,0.813380512086333,-30.44993259798822,0.9450055255768632,0.7778341165018579,0.6955006740201178,0.6122139325295253,0.8135088273445222,-30.676140035383114,0.9476489471361362,0.7686240188757333,0.6932385996461689
I_SCOTF,FU_YUBA,WY1976-84,108,0.6294243425913728,0.8190015654668792,-29.136285948776354,0.9456763869758122,0.7775523723593613,0.7086371405122365,0.6218227479064886,0.8188480219644423,-29.439957640756408,0.9482923505925909,0.7683251364415928,0.7056004235924359
I_SCOTF,FU_YUBA,WY1950-84_mixed,420,0.6250188554507381,0.821959457523697,-25.443575393495266,0.9516982006610711,0.7288169583700916,0.7455642460650475,0.6667302720375959,0.8431803277244571,-22.189171589235112,0.952847634225185,0.7558495701492193,0.7781082841076489
I_SCOTF,FU_YUBA,WY1976-85_own,0,,,,,,,,,,,,
I_SCW008,,WY1976-85,0,,,,,,,,,,,,
I_SCW008,,WY1976-84,0,,,,,,,,,,,,
I_SCW008,,WY1950-84_mixed,0,,,,,,,,,,,,
I_SCW008,,WY1976-85_own,0,,,,,,,,,,,,
I_SFA030,FU_FOLS,WY1976-85,120,-0.05584516156769226,0.17795537042129173,-74.0326066062673,0.8012921985219779,0.27388600705822774,0.25967393393732713,-0.04507317885475026,0.19626143073024194,-73.51321713075534,0.8183934602154154,0.279737752913784,0.26486782869244674
I_SFA030,FU_FOLS,WY1976-84,108,-0.04875211068828511,0.18567994136103538,-73.01035750087425,0.802625812146483,0.2734511789275609,0.26989642499125743,-0.037899376431382414,0.20408837483245523,-72.48752496818766,0.8199542849844802,0.2793235618532821,0.27512475031812345
I_SFA030,FU_FOLS,WY1950-84_mixed,420,-0.03818951229233747,0.14460809882407388,-71.68240351248035,0.6997066708047774,0.3116507553995239,0.28317596487519653,-0.03164416352968846,0.15401062666385468,-71.4275298235081,0.7079552657825616,0.31530272989304076,0.285724701764919
I_SFA030,FU_FOLS,WY1976-85_own,120,-0.05584516156769226,0.17795537042129173,-74.0326066062673,0.8012921985219779,0.27388600705822774,0.25967393393732713,-0.04507317885475026,0.19626143073024194,-73.51321713075534,0.8183934602154154,0.279737752913784,0.26486782869244674
I_SFA040,FU_FOLS,WY1976-85,120,0.5596135276749648,0.6706015889056604,40.85965502178276,0.8752767325305987,1.1069261928095049,1.4085965502178277,0.5313792247217561,0.647863319439846,43.288787171945756,0.8713483048873205,1.1251489627812186,1.4328878717194578
I_SFA040,FU_FOLS,WY1976-84,108,0.5383469843967945,0.678154708645591,43.24325506085076,0.8817583285117938,1.1102021012205716,1.4324325506085076,0.5111309073402389,0.6549728262313408,45.55127853014304,0.877645123543232,1.1285705113630657,1.4555127853014302
I_SFA040,FU_FOLS,WY1950-84_mixed,420,0.8314262704318274,0.6919868912285667,7.139509784519288,0.8473028332939685,1.0018486709142438,1.0713950978451927,0.8262848708878807,0.6852251300489801,7.9019479051722,0.8457393711538043,1.0116844512413274,1.079019479051722
I_SFA040,FU_FOLS,WY1976-85_own,120,0.5596135276749648,0.6706015889056604,40.85965502178276,0.8752767325305987,1.1069261928095049,1.4085965502178277,0.5313792247217561,0.647863319439846,43.288787171945756,0.8713483048873205,1.1251489627812186,1.4328878717194578
I_SFA066,FU_FOLS,WY1976-85,120,0.8358500250663441,0.7362463849576493,-5.091450413594598,0.861497021320591,0.9280983140931884,0.949085495864054,0.8522615664832616,0.740783228465129,-2.960314216097105,0.8649650439494032,0.9478860924839593,0.9703968578390288
I_SFA066,FU_FOLS,WY1976-84,108,0.8333389367304065,0.7339539276170401,-4.53888198157102,0.8597095530162538,0.9223188856221209,0.9546111801842897,0.8493851838909096,0.7390427821820174,-2.4900797089569835,0.8634332678348933,0.941567981366179,0.9750992029104302
I_SFA066,FU_FOLS,WY1950-84_mixed,420,0.8340490664260257,0.742412834883779,-5.708148746833056,0.8646530448664564,0.9227820106545437,0.9429185125316695,0.8427716856199707,0.7463240976104917,-5.087502852249532,0.8672312969769922,0.9328811068833152,0.9491249714775045
I_SFA066,FU_FOLS,WY1976-85_own,0,,,,,,,,,,,,
I_SFA076,FU_FOLS,WY1976-85,120,0.22067496569684852,0.18058602668827972,33.55811397143227,0.9217621613408861,1.6990076168122883,1.3355811397143227,0.15782470608193733,0.0701146403499735,37.04220887901839,0.9185661125621515,1.7519409709538722,1.370422088790184
I_SFA076,FU_FOLS,WY1976-84,108,0.2289551523518737,0.1891796665002029,33.02779090172397,0.9212153968584461,1.6922569221089452,1.3302779090172396,0.16732435121746103,0.08085514967445873,36.370765815105976,0.918020753907548,1.7445434028233728,1.3637076581510597
I_SFA076,FU_FOLS,WY1950-84_mixed,420,0.20507376350978457,0.22438973590293565,40.6641357554824,0.9344200659757343,1.6798895498828033,1.4066413575548238,0.18189564920155965,0.19167339244377102,41.487697993280065,0.9358353834700586,1.702178554430952,1.4148769799328007
I_SFA076,FU_FOLS,WY1976-85_own,0,,,,,,,,,,,,
I_SFD003,FU_YUBA,WY1976-85,120,0.790595124351505,0.7776854350779057,17.01184861459157,0.9074626886208453,1.079667738887839,1.1701184861459157,0.7990955340229007,0.7906692396479178,16.88401549232774,0.910808596986812,1.0624539843690233,1.1688401549232774
I_SFD003,FU_YUBA,WY1976-84,108,0.7794049706210789,0.7770673418854691,18.45364915961448,0.9082958161756262,1.0787324134342304,1.1845364915961445,0.7885504905426537,0.790233648911525,18.19893656427345,0.9116247840646262,1.0614864786037022,1.1819893656427345
I_SFD003,FU_YUBA,WY1950-84_mixed,420,0.7349858980869362,0.780873375335704,24.35080648055612,0.9030275605935745,0.9608510206645753,1.2435080648055612,0.6868538733829213,0.7655006297470615,29.84058020166599,0.9054388116660912,0.9914761746291589,1.2984058020166598
I_SFD003,FU_YUBA,WY1976-85_own,0,,,,,,,,,,,,
I_SFF008,FU_OROV,WY1976-85,120,0.08062604556281827,0.27469222542800775,68.97599749451223,0.9678416026972126,1.6069971025829375,1.6897599749451224,0.13741067253150097,0.36656024241084884,65.96036229817715,0.9699245805002025,1.5550485362144375,1.6596036229817714
I_SFF008,FU_OROV,WY1976-84,108,0.0788496785816124,0.2778560684528546,69.59776561287805,0.9706765138672547,1.6027214530607903,1.6959776561287805,0.13984822143467146,0.3749211582469212,65.99944482486545,0.973133492011629,1.5509506340849086,1.6599944482486546
I_SFF008,FU_OROV,WY1950-84_mixed,420,-0.10917776279131908,-0.1416478836187467,89.25345883342368,0.9186018795248941,1.6534765979596437,1.892534588334237,-0.26676841910271376,-0.4656006157665149,101.74181600874601,0.9068248909192559,1.7489198316295458,2.0174181600874603
I_SFF008,FU_OROV,WY1976-85_own,0,,,,,,,,,,,,
I_SFF011,FU_OROV,WY1976-85,120,0.9606082951182119,0.9563994342740519,3.2911841154524843,0.9785557352518727,1.0029428956361786,1.0329118411545248,0.9580042003694649,0.959404790635026,2.0775892735571473,0.979660173689617,0.9696965194521895,1.0207758927355717
I_SFF011,FU_OROV,WY1976-84,108,0.9595708595628686,0.9583927190573536,3.484014248209726,0.9795659544834943,1.001769082288033,1.0348401424820972,0.9583070657455544,0.961691489449679,1.9377651884971336,0.9808417402140287,0.968444200911027,1.0193776518849713
I_SFF011,FU_OROV,WY1950-84_mixed,420,0.8243051882384926,0.8878096076950638,16.562894731473133,0.9538985156704115,1.03619905846751,1.1656289473147312,0.7304148890155377,0.8345404596435828,24.628187825915653,0.9439496874840108,1.0942323244566683,1.2462818782591565
I_SFF011,FU_OROV,WY1976-85_own,0,,,,,,,,,,,,
I_SFM005,cdec_MKM,WY1976-85,120,0.8813668772874628,0.9581036389195758,-5.587191909997928,0.9833418929521652,0.8966817831638768,0.9441280809000208,0.8631851549966485,0.958167345694716,-7.284655024881825,0.9851146370993341,0.885151804970853,0.9271534497511817
I_SFM005,cdec_MKM,WY1976-84,108,0.8808360483680914,0.9575040445394214,-5.499375009877581,0.9831220898106023,0.8956406642113708,0.9450062499012242,0.8634126154466595,0.9577121662507939,-7.036501406243484,0.9849742305044761,0.8839004536348963,0.9296349859375652
I_SFM005,cdec_MKM,WY1950-84_mixed,420,0.8083746682726582,0.9220454622992466,-14.786873993776052,0.9707266207543874,0.8816861260190705,0.8521312600622395,0.8130696486856743,0.9267505023357914,-14.287150778644417,0.9728404339380267,0.8825561986452647,0.8571284922135558
I_SFM005,cdec_MKM,WY1976-85_own,120,0.8813668772874628,0.9581036389195758,-5.587191909997928,0.9833418929521652,0.8966817831638768,0.9441280809000208,0.8631851549966485,0.958167345694716,-7.284655024881825,0.9851146370993341,0.885151804970853,0.9271534497511817
I_SFR006,FU_FOLS,WY1976-85,120,0.7695758764689725,0.8606219006081268,-13.183930327258954,0.9401674190730319,0.8207411450520277,0.8681606967274105,0.788696817701624,0.8719434241078251,-11.468541459598253,0.9441734840372118,0.8315372722415286,0.8853145854040174
I_SFR006,FU_FOLS,WY1976-84,108,0.7705749415452684,0.8563783783312604,-12.709305702719837,0.9374647246765502,0.8195213263494586,0.8729069429728016,0.7883550477832741,0.8675182006225461,-11.104185163556133,0.9415937414343353,0.8295535217596829,0.8889581483644386
I_SFR006,FU_FOLS,WY1950-84_mixed,420,0.7396152168919898,0.8579514492280149,-14.291663586989015,0.9447652939325526,0.7894668726506885,0.8570833641301098,0.7472976028426491,0.8635379511422175,-13.870130472906189,0.9467197354351934,0.7955943665075944,0.8612986952709382
I_SFR006,FU_FOLS,WY1976-85_own,0,,,,,,,,,,,,
I_SFS030,FU_ST,WY1976-85,120,0.8276738162660812,0.8077499386434617,-4.037424379713386,0.8997829357984459,0.8657510741907871,0.9596257562028662,0.758598073884285,0.7944619448575327,-11.150018875997334,0.8985526665404405,0.8114501753572484,0.8884998112400265
I_SFS030,FU_ST,WY1976-84,108,0.8240433613883551,0.8059711679153938,-5.467720051294188,0.8991105887514452,0.8666115855349629,0.9453227994870581,0.7536749859166298,0.7913729243004186,-12.187379702121383,0.8974891730147474,0.8120789513822253,0.8781262029787861
I_SFS030,FU_ST,WY1950-84_mixed,420,0.7019014000340831,0.7477235294947533,-18.224521615164498,0.878489465484225,0.7978004785041007,0.817754783848355,0.6728320798082967,0.7474375197891259,-20.249602320465144,0.8843050825318985,0.7705465305101813,0.7975039767953485
I_SFS030,FU_ST,WY1976-85_own,120,0.8276738162660812,0.8077499386434617,-4.037424379713386,0.8997829357984459,0.8657510741907871,0.9596257562028662,0.758598073884285,0.7944619448575327,-11.150018875997334,0.8985526665404405,0.8114501753572484,0.8884998112400265
I_SFS033,FU_ST,WY1976-85,120,0.8478202233658716,0.9019941409449286,-9.188489736636315,0.9639133708399342,1.1158171198409372,0.9081151026336369,0.8271107768823867,0.8972455018558134,-15.818910808388036,0.9585397875478409,1.0561065088671546,0.8418108919161196
I_SFS033,FU_ST,WY1976-84,108,0.8484876816768785,0.9012580443912256,-8.515754516363906,0.9639450012345234,1.120017549422454,0.9148424548363611,0.8335724903802633,0.8974850116316986,-14.860751047795,0.9587195668078835,1.062528790354882,0.85139248952205
I_SFS033,FU_ST,WY1950-84_mixed,420,0.8303994294959454,0.8746666874535849,-15.41256013185159,0.9470648233344603,1.046984248476429,0.8458743986814842,0.8171176893833907,0.8705050919987521,-17.111447023782695,0.9452801577314873,1.0342274228332622,0.8288855297621731
I_SFS033,FU_ST,WY1976-85_own,120,0.8478202233658716,0.9019941409449286,-9.188489736636315,0.9639133708399342,1.1158171198409372,0.9081151026336369,0.8271107768823867,0.8972455018558134,-15.818910808388036,0.9585397875478409,1.0561065088671546,0.8418108919161196
I_SFY007,FU_YUBA,WY1976-85,120,0.5479833513676097,0.7669761014620609,36.375618030336014,0.9589550162187634,1.2651712677466496,1.36375618030336,0.5593421973068855,0.7830047289237102,36.09679453200505,0.9613298629520477,1.2497720201032085,1.3609679453200503
I_SFY007,FU_YUBA,WY1976-84,108,0.5433410550047488,0.7653249885357208,37.26207120979716,0.9588401906427729,1.260762472479176,1.3726207120979719,0.5556490430830561,0.7819036404523277,36.85004680808147,0.9612809776061284,1.2452672323040463,1.3685004680808148
I_SFY007,FU_YUBA,WY1950-84_mixed,420,0.650567474926163,0.7042502224291054,24.771342514006953,0.916865779951526,1.2320126075061113,1.2477134251400694,0.5802452810262497,0.6532250185864601,30.300219364930083,0.9163173865674081,1.2781742528587705,1.3030021936493006
I_SFY007,FU_YUBA,WY1976-85_own,120,0.5479833513676097,0.7669761014620609,36.375618030336014,0.9589550162187634,1.2651712677466496,1.36375618030336,0.5593421973068855,0.7830047289237102,36.09679453200505,0.9613298629520477,1.2497720201032085,1.3609679453200503
I_SFY048,FU_YUBA,WY1976-85,120,0.9294195030221272,0.8919325211555669,-3.2742628471290978,0.94871907498351,1.035774202491288,0.9672573715287092,0.9350130762835812,0.891752103628048,-2.613074808223286,0.9479723122226481,1.0288722005279975,0.9738692519177671
I_SFY048,FU_YUBA,WY1976-84,108,0.9296686343048737,0.8877594269489424,-2.3297127258210115,0.9469314695442965,1.0398431416598695,0.9767028727417899,0.9348901806317276,0.8873380964428088,-1.730981678170654,0.9459863157328575,1.0319715613169307,0.9826901832182935
I_SFY048,FU_YUBA,WY1950-84_mixed,420,0.8542501953774818,0.7912939369287437,3.4273256692383742,0.9119054249736028,1.110940052614548,1.0342732566923836,0.7902253124260789,0.7550724922124972,8.44514283502108,0.9092253278968646,1.1692138726609427,1.0844514283502107
I_SFY048,FU_YUBA,WY1976-85_own,120,0.9294195030221272,0.8919325211555669,-3.2742628471290978,0.94871907498351,1.035774202491288,0.9672573715287092,0.9350130762835812,0.891752103628048,-2.613074808223286,0.9479723122226481,1.0288722005279975,0.9738692519177671
I_SGRGE,uf_04,WY1976-85,120,0.9236969527963453,0.9312251339595193,1.7910934529755427,0.9700058399938521,1.0678358592660222,1.0179109345297555,0.9397708652101353,0.9522816609267603,-1.0818562880710108,0.9788637002326103,1.0553512800834348,0.9891814371192899
I_SGRGE,uf_04,WY1976-84,108,0.9230317286755441,0.9333970900839533,1.3442425417771113,0.9712080691507237,1.0701030720263613,1.0134424254177712,0.9393784530145071,0.9546582897435362,-0.4489020704091156,0.9800983907362405,1.057085432474014,0.9955109792959089
I_SGRGE,uf_04,WY1950-84_mixed,420,0.8992206995405213,0.8918876887651999,-8.486131401132063,0.9469131260621452,0.9883034791121365,0.9151386859886794,0.955762609523573,0.9304511635496682,-2.5716236211175802,0.9658139624583847,1.0112666209884844,0.9742837637888242
I_SGRGE,uf_04,WY1976-85_own,0,,,,,,,,,,,,
I_SHSTA,FU_SHAS,WY1976-85,120,0.8958151637259819,0.9448291953773176,-8.917686794823908,0.9780410539884347,0.9508088318653903,0.9108231320517609,0.9560851318212855,0.9669642251480585,0.008212050254005645,0.9836461270123504,0.9592438993317471,1.00008212050254
I_SHSTA,FU_SHAS,WY1976-84,108,0.8936576498411478,0.9461581123480536,-9.022147805808467,0.9789115216504457,0.9478075061409894,0.9097785219419153,0.9508607393457799,0.9693155349952007,0.017897867557598014,0.9850537678094932,0.9531892635436641,1.000178978675576
I_SHSTA,FU_SHAS,WY1950-84_mixed,420,0.9078453808202053,0.9456574188371596,-6.337681953570185,0.9767105364132549,0.9372827498406241,0.936623180464298,0.9550135084640601,0.9605647140071991,-0.000939658808399373,0.9803036473684746,0.9595545054989814,0.9999906034119159
I_SHSTA,FU_SHAS,WY1976-85_own,0,,,,,,,,,,,,
I_SILVR,FU_FOLS,WY1976-85,120,0.590408219812097,0.7877398642923789,26.883590016802046,0.9661300744756313,1.307157147602525,1.2688359001680205,0.5340474188180993,0.734282472470474,30.501556875013524,0.9609807067218021,1.3500782847909554,1.3050155687501352
I_SILVR,FU_FOLS,WY1976-84,108,0.5822171120864279,0.7866112005740729,28.254735971383177,0.9665128636575983,1.3059217917241797,1.2825473597138317,0.5265806706370932,0.7326147179540137,31.80090411145866,0.961091719011339,1.348543048782088,1.3180090411145866
I_SILVR,FU_FOLS,WY1950-84_mixed,420,0.5239888368183018,0.709424661815715,34.20329879049301,0.948691986297288,1.3270589402360093,1.3420329879049302,0.5025744047520629,0.6857432021873199,35.14367971661276,0.9469310535038155,1.3480058725412025,1.3514367971661276
I_SILVR,FU_FOLS,WY1976-85_own,120,0.590408219812097,0.7877398642923789,26.883590016802046,0.9661300744756313,1.307157147602525,1.2688359001680205,0.5340474188180993,0.734282472470474,30.501556875013524,0.9609807067218021,1.3500782847909554,1.3050155687501352
I_SLC003,FU_FOLS,WY1976-85,120,0.37581920641041444,0.497325704699745,47.415525969244534,0.9211305577887571,1.398193500546408,1.4741552596924452,0.34452193115733565,0.4712288254842423,50.23760707094349,0.9226327370183681,1.4138648196343686,1.502376070709435
I_SLC003,FU_FOLS,WY1976-84,108,0.3810783005643016,0.49145290707586897,46.359796173841936,0.9200562983045947,1.4021815565930293,1.4635979617384194,0.3521541083219851,0.467280407420381,48.950640654561695,0.9216414259148455,1.4170703911598386,1.489506406545617
I_SLC003,FU_FOLS,WY1950-84_mixed,420,0.059062099456647754,0.10072217493991042,76.74550754475479,0.8942187253101112,1.534029176893653,1.7674550754475478,0.04742180051751044,0.09294727499129485,77.47430774751234,0.8979745997320486,1.544765277650697,1.7747430774751234
I_SLC003,FU_FOLS,WY1976-85_own,0,,,,,,,,,,,,
I_SLF009,FU_FOLS,WY1976-85,120,0.2796900245853321,0.34665019182034307,36.88935839208657,0.9394157940769262,1.6157057238783552,1.3688935839208656,0.21823729444368456,0.24994060302026155,40.54910031407639,0.9361763650110857,1.6653243703543628,1.405491003140764
I_SLF009,FU_FOLS,WY1976-84,108,0.2921439486096036,0.36271908713688106,36.01970170176253,0.9401495267456973,1.6064125817237338,1.3601970170176252,0.23216546889529255,0.26882525815022773,39.52663383734386,0.9369321419500546,1.6552532595772662,1.3952663383734385
I_SLF009,FU_FOLS,WY1950-84_mixed,420,0.27922933588481735,0.4042563086708373,42.09554010193631,0.9506677946698256,1.5829864785043732,1.4209554010193632,0.2547954344145935,0.37122884718393834,43.02188642740345,0.9512020804734094,1.6065149103212308,1.4302188642740346
I_SLF009,FU_FOLS,WY1976-85_own,0,,,,,,,,,,,,
I_SLO007,,WY1976-85,0,,,,,,,,,,,,
I_SLO007,,WY1976-84,0,,,,,,,,,,,,
I_SLO007,,WY1950-84_mixed,0,,,,,,,,,,,,
I_SLO007,,WY1976-85_own,0,,,,,,,,,,,,
I_SLT009,FU_YUBA,WY1976-85,120,0.684843999619152,0.8271463379594575,-18.38340129336251,0.9400390920837014,0.7511364836167704,0.8161659870663749,0.6787892706860874,0.8233470426157349,-18.159943654141294,0.9395088129069026,0.7420488543187201,0.818400563458587
I_SLT009,FU_YUBA,WY1976-84,108,0.6796757766013226,0.8217924048621081,-19.091959540223133,0.9383797955859995,0.7502796231874723,0.8090804045977686,0.6729073925596836,0.8177573212497191,-18.947870864893197,0.9379111865823411,0.7407079406167145,0.810521291351068
I_SLT009,FU_YUBA,WY1950-84_mixed,420,0.6239327635309148,0.7951900733836496,-22.998122643037235,0.9409490878626373,0.7083697690382182,0.7700187735696277,0.6675002615980459,0.8200244112225521,-19.543698737241648,0.9424493335640248,0.7372294141329039,0.8045630126275836
I_SLT009,FU_YUBA,WY1976-85_own,120,0.684843999619152,0.8271463379594575,-18.38340129336251,0.9400390920837014,0.7511364836167704,0.8161659870663749,0.6787892706860874,0.8233470426157349,-18.159943654141294,0.9395088129069026,0.7420488543187201,0.818400563458587
I_SLTSP,cdec_MKM,WY1976-85,120,0.656926347740652,0.6391483446748092,11.48191278126886,0.9016738821354786,1.3079741438961943,1.1148191278126887,0.6844033593027379,0.6664712941597323,9.010736318737036,0.9045256625242317,1.2869957379515926,1.0901073631873703
I_SLTSP,cdec_MKM,WY1976-84,108,0.6447924862150385,0.6170992446291745,11.895941195671556,0.8969308783796607,1.3184302000825576,1.1189594119567157,0.670001588874889,0.6452919781825208,9.720781015517703,0.9004506182591656,1.2992315384195832,1.097207810155177
I_SLTSP,cdec_MKM,WY1950-84_mixed,420,0.6703614803965381,0.6708260511409228,14.381116329301896,0.9076889770226862,1.2818839796007435,1.143811163293019,0.6560980248091459,0.661463692577368,15.208079244816181,0.9083859410983364,1.2945282080210188,1.1520807924481618
I_SLTSP,cdec_MKM,WY1976-85_own,0,,,,,,,,,,,,
I_SLUIS,,WY1976-85,0,,,,,,,,,,,,
I_SLUIS,,WY1976-84,0,,,,,,,,,,,,
I_SLUIS,,WY1950-84_mixed,0,,,,,,,,,,,,
I_SLUIS,,WY1976-85_own,0,,,,,,,,,,,,
I_SLV006,FU_FOLS,WY1976-85,120,0.7148353121923012,0.4345601501249069,-9.683508429018094,0.743990706916632,1.0800069214376486,0.903164915709819,0.7201544353907836,0.43888216862176166,-8.172668703770729,0.7502972121680177,1.0963473217387372,0.9182733129622926
I_SLV006,FU_FOLS,WY1976-84,108,0.7118156497976271,0.42580000296762077,-9.483037253012878,0.7403861828697427,1.0815970961641295,0.9051696274698713,0.7168657165644788,0.43041915353015914,-8.084592207731614,0.746975284393814,1.0980176138886437,0.9191540779226839
I_SLV006,FU_FOLS,WY1950-84_mixed,420,0.7222646149054714,0.49328348421293255,-12.41048365709048,0.7515384992017179,0.9986523003374712,0.8758951634290952,0.7260168384023521,0.4927907426488489,-11.864260443211705,0.7531643528696107,1.0079289695628741,0.881357395567883
I_SLV006,FU_FOLS,WY1976-85_own,0,,,,,,,,,,,,
I_SLV015,FU_FOLS,WY1976-85,120,0.7056135945085535,0.45848445718656217,-14.275112089677382,0.744558870155607,1.0321761154384574,0.8572488791032261,0.7145188352435905,0.4609147937578263,-12.735611746171438,0.7493719148772198,1.0496535771464925,0.8726438825382857
I_SLV015,FU_FOLS,WY1976-84,108,0.7025240072303168,0.4496262520729052,-14.219308871489545,0.7409684292478679,1.0342890237497313,0.8578069112851046,0.7109630971742247,0.4522028367749653,-12.786312006729393,0.7460251539322245,1.0518664755562122,0.872136879932706
I_SLV015,FU_FOLS,WY1950-84_mixed,420,0.7084841736326644,0.5462907911135464,-17.544564951262057,0.7731181798330875,0.9477990348032335,0.8245543504873795,0.7144528248136623,0.5470346012227822,-17.005261173174834,0.774623369450969,0.9572838098319398,0.8299473882682518
I_SLV015,FU_FOLS,WY1976-85_own,0,,,,,,,,,,,,
I_SLYCK,FU_OROV,WY1976-85,120,0.617644787278931,0.8171056790015491,-25.8405196051162,0.9605349806779805,0.7209573946533486,0.741594803948838,0.5989483936487412,0.8048119779353466,-25.40935618861237,0.9610691809196468,0.6921636082418448,0.7459064381138762
I_SLYCK,FU_OROV,WY1976-84,108,0.6165994988489469,0.8152526151247906,-25.876973053382304,0.9602887041185562,0.7198979046459172,0.741230269466177,0.5963842931976195,0.802288628728241,-25.639116132515163,0.9610221132545731,0.6907267623657265,0.7436088386748483
I_SLYCK,FU_OROV,WY1950-84_mixed,420,0.5743993732248371,0.7489561151641156,-30.27781564427607,0.9466347799228166,0.7056983948758546,0.6972218435572394,0.6383096475924723,0.7917351176861559,-25.000205812673716,0.9447677544874006,0.7445234237494305,0.7499979418732629
I_SLYCK,FU_OROV,WY1976-85_own,120,0.617644787278931,0.8171056790015491,-25.8405196051162,0.9605349806779805,0.7209573946533486,0.741594803948838,0.5989483936487412,0.8048119779353466,-25.40935618861237,0.9610691809196468,0.6921636082418448,0.7459064381138762
I_SPICE,FU_ST,WY1976-85,120,0.8160522483753093,0.7125442624221575,11.443068956252782,0.8690904192056152,1.0600422706954171,1.1144306895625278,0.8718195108702765,0.7506654937097847,2.6163640053116923,0.8746920124601063,0.993396213858101,1.0261636400531169
I_SPICE,FU_ST,WY1976-84,108,0.8131375883414331,0.7023063938524396,11.26115050555179,0.8647419568850118,1.0627811404220309,1.1126115050555179,0.8679024667466061,0.742276472072786,2.898272702004443,0.8711319210912963,0.9983332473209218,1.0289827270200445
I_SPICE,FU_ST,WY1950-84_mixed,420,0.8224949308676384,0.6859637026855778,8.945561248424113,0.8508623202792378,1.035548494345909,1.0894556124842412,0.8353835741514787,0.6942200398876109,6.813401254480641,0.8521905694130395,1.0246717697631198,1.0681340125448064
I_SPICE,FU_ST,WY1976-85_own,120,0.8160522483753093,0.7125442624221575,11.443068956252782,0.8690904192056152,1.0600422706954171,1.1144306895625278,0.8718195108702765,0.7506654937097847,2.6163640053116923,0.8746920124601063,0.993396213858101,1.0261636400531169
I_SPLDG,FU_YUBA,WY1976-85,120,0.7442822696357111,0.7644671833323546,-15.738045232983298,0.8842292120893506,0.835014923360724,0.842619547670167,0.7414417119838065,0.7593715092147226,-15.160116806702552,0.8809687751926665,0.8276600984581796,0.8483988319329744
I_SPLDG,FU_YUBA,WY1976-84,108,0.7398232177635855,0.7604668132921626,-15.68258840853312,0.8822853869904299,0.8290003801765745,0.8431741159146688,0.7359354969217022,0.7551992316128286,-15.16475327075583,0.8790499487225857,0.8208236268206961,0.8483524672924416
I_SPLDG,FU_YUBA,WY1950-84_mixed,420,0.7587219226647586,0.7790401133867505,-12.002199429991203,0.8901593958026258,0.821829090038754,0.879978005700088,0.8058214411880158,0.7849641041992063,-7.807181634667707,0.8884585778457448,0.8615492313548381,0.921928183653323
I_SPLDG,FU_YUBA,WY1976-85_own,120,0.7442822696357111,0.7644671833323546,-15.738045232983298,0.8842292120893506,0.835014923360724,0.842619547670167,0.7414417119838065,0.7593715092147226,-15.160116806702552,0.8809687751926665,0.8276600984581796,0.8483988319329744
I_SRBB_VAL,,WY1976-85,0,,,,,,,,,,,,
I_SRBB_VAL,,WY1976-84,0,,,,,,,,,,,,
I_SRBB_VAL,,WY1950-84_mixed,0,,,,,,,,,,,,
I_SRBB_VAL,,WY1976-85_own,0,,,,,,,,,,,,
I_STMPY,FU_FOLS,WY1976-85,120,0.7474816299909335,0.859602752635981,-11.825988900697222,0.9444143624745455,0.7839204712496272,0.8817401109930277,0.7667161627787354,0.8696779127886334,-10.232077451526958,0.9471510145394892,0.7971237013668981,0.8976792254847304
I_STMPY,FU_FOLS,WY1976-84,108,0.7411377555632543,0.8596271374099673,-13.083572845673485,0.9456952299343827,0.7833374381621379,0.869164271543265,0.7601422827845653,0.8702943319240031,-11.63250402162288,0.9486981074136265,0.796607951621632,0.8836749597837712
I_STMPY,FU_FOLS,WY1950-84_mixed,420,0.7002752670160821,0.7133298931373091,-10.27805988974246,0.852898964501045,0.7599326148605298,0.8972194011025754,0.7087227853847407,0.7185333196663819,-9.772108913073797,0.8551289576175701,0.7669648404807669,0.902278910869262
I_STMPY,FU_FOLS,WY1976-85_own,0,,,,,,,,,,,,
I_STS059,,WY1976-85,0,,,,,,,,,,,,
I_STS059,,WY1976-84,0,,,,,,,,,,,,
I_STS059,,WY1950-84_mixed,0,,,,,,,,,,,,
I_STS059,,WY1976-85_own,0,,,,,,,,,,,,
I_STS072,FU_ST,WY1976-85,120,0.7489369237029988,0.8060301588532094,21.75584288745797,0.9227442971103391,1.0986537109102477,1.2175584288745798,0.8512139735859443,0.8671100004519747,13.249201372403665,0.9383576158109521,1.0279886481796379,1.1324920137240369
I_STS072,FU_ST,WY1976-84,108,0.7439255532739066,0.8024390621687815,22.363074046354548,0.9216768001598632,1.0971024744926887,1.2236307404635454,0.8441991687711767,0.8653022942522817,14.042485976414879,0.9378388256192639,1.0262820503655847,1.1404248597641489
I_STS072,FU_ST,WY1950-84_mixed,420,0.9006988916621109,0.8081836248765775,2.5255791853934393,0.9064958705680972,1.021905087859808,1.0252557918539342,0.9156772910444283,0.8348846910353173,0.12387347207887615,0.9165235198539535,0.9881483315805629,1.0012387347207887
I_STS072,FU_ST,WY1976-85_own,0,,,,,,,,,,,,
I_TGC003,cdec_MKM,WY1976-85,120,0.48215375478679656,0.44055130641266904,-23.86667167908853,0.6857786956751971,0.6646376528497987,0.7613332832091146,0.4678994890848237,0.43702664957505144,-25.48329539112713,0.6866730653566391,0.6535647948835994,0.7451670460887286
I_TGC003,cdec_MKM,WY1976-84,108,0.47689996445175176,0.4306812918167985,-24.836832799877072,0.6812817697586544,0.6677869500614129,0.7516316720012293,0.4631889994575792,0.42722931270735787,-26.254840482249996,0.6819640883696129,0.6563613171630059,0.7374515951775
I_TGC003,cdec_MKM,WY1950-84_mixed,420,0.40206846839256416,0.376905735560669,-25.527004266851826,0.6426441146145913,0.5942216208484766,0.7447299573314817,0.4054728072812116,0.37858193928041683,-25.015278098199023,0.642792055533344,0.5959100923569532,0.7498472190180097
I_TGC003,cdec_MKM,WY1976-85_own,0,,,,,,,,,,,,
I_THM028,,WY1976-85,0,,,,,,,,,,,,
I_THM028,,WY1976-84,0,,,,,,,,,,,,
I_THM028,,WY1950-84_mixed,0,,,,,,,,,,,,
I_THM028,,WY1976-85_own,0,,,,,,,,,,,,
I_TRNTY,FU_TRIN,WY1976-85,120,0.9125010373104034,0.8333705402502087,-1.163403499138767,0.9153341826886003,0.9812272250168685,0.9883659650086124,0.9178444180292882,0.8357354282474698,0.0017300205018774633,0.917844891139917,0.9997217234520198,1.0000173002050188
I_TRNTY,FU_TRIN,WY1976-84,108,0.912324000994204,0.8331937673124646,-1.2582258614924688,0.9152632040521839,0.9813333724976987,0.9874177413850753,0.9178350562062896,0.835644966311635,8.027700799450032e-05,0.9178352017471424,1.0001546481372965,1.00000080277008
I_TRNTY,FU_TRIN,WY1950-84_mixed,420,0.721805679593887,0.7188152448687157,20.593008698811445,0.908902803649496,1.1633590523857322,1.2059300869881144,0.9161516476132913,0.8560232229378809,0.05727454303504108,0.9258748186329271,0.96081230233943,1.0005727454303504
I_TRNTY,FU_TRIN,WY1976-85_own,0,,,,,,,,,,,,
I_TULOC,,WY1976-85,0,,,,,,,,,,,,
I_TULOC,,WY1976-84,0,,,,,,,,,,,,
I_TULOC,,WY1950-84_mixed,0,,,,,,,,,,,,
I_TULOC,,WY1976-85_own,0,,,,,,,,,,,,
I_UBEAR,cdec_MKM,WY1976-85,120,0.7820789995082189,0.736343539892031,-2.4902135120209254,0.9057414968635931,1.194896846327173,0.9750978648797907,0.7969142681231017,0.7535570378198191,-4.742262165356506,0.9088389376253909,1.175170117754744,0.952577378346435
I_UBEAR,cdec_MKM,WY1976-84,108,0.780338038609715,0.739972132694831,-2.0988156704394383,0.9080564056951249,1.1983866175584417,0.9790118432956055,0.79430504054795,0.7565520899845173,-4.1003822081598775,0.9112896755023078,1.180996080748162,0.9589961779184012
I_UBEAR,cdec_MKM,WY1950-84_mixed,420,0.8257091257336951,0.7936905301105578,-3.415677302608859,0.9206810914344618,1.15139066831522,0.9658432269739115,0.8152966053364198,0.7880802581674681,-2.7389344265961935,0.9208565794249225,1.1646252921048503,0.972610655734038
I_UBEAR,cdec_MKM,WY1976-85_own,0,,,,,,,,,,,,
I_UNVLY,FU_FOLS,WY1976-85,120,0.7355259058030252,0.8481940258061881,-19.255664394760494,0.9412646592421352,0.8284813563515527,0.807443356052395,0.7572884286792461,0.8652006484744059,-17.588840464821082,0.9472869571833826,0.8412753608279101,0.8241115953517891
I_UNVLY,FU_FOLS,WY1976-84,108,0.7359784245266559,0.8477693504425259,-18.981734868801333,0.9412389557528299,0.8261497594725217,0.8101826513119867,0.7567194404749843,0.8651112564654728,-17.41163678181599,0.9476376240977018,0.8383611968292193,0.8258836321818401
I_UNVLY,FU_FOLS,WY1950-84_mixed,420,0.7038163759527525,0.8359314024350201,-19.40717755291604,0.9403131014177699,0.7843652179393246,0.8059282244708396,0.7119389098785267,0.8437089179382392,-18.970896188435972,0.9433207623536417,0.7907700656154627,0.8102910381156403
I_UNVLY,FU_FOLS,WY1976-85_own,0,,,,,,,,,,,,
I_WBF006,FU_OROV,WY1976-85,120,0.8243109527233292,0.8234044291256063,-15.760671793594758,0.9224821157917897,0.9957879432191149,0.8423932820640524,0.8112169520380859,0.8322477161810733,-16.862734955981892,0.9266075547613977,0.9573689648246755,0.831372650440181
I_WBF006,FU_OROV,WY1976-84,108,0.8338568347951171,0.8285573396696303,-14.743000340815211,0.9236543365141738,0.9937322167971216,0.852569996591848,0.8178538156461126,0.8374224861609637,-16.127031921468,0.9282638905051623,0.9550217029043983,0.8387296807853201
I_WBF006,FU_OROV,WY1950-84_mixed,420,0.7284528349511912,0.673280759236272,-22.274460401738136,0.8556250947473729,0.9427410185169175,0.7772553959826187,0.7737243565582929,0.6790310432924931,-17.25392819654348,0.8538035942776816,0.9924188425892839,0.8274607180345652
I_WBF006,FU_OROV,WY1976-85_own,0,,,,,,,,,,,,
I_WBF015,FU_OROV,WY1976-85,120,0.8556769925821004,0.882855644082309,-6.042578765474628,0.9561052306478285,1.1234953597507626,0.9395742123452537,0.8901891051835205,0.90292245842298,-6.61814065683651,0.9595826538221419,1.0777489046415953,0.9338185934316349
I_WBF015,FU_OROV,WY1976-84,108,0.859367766917847,0.8841949214652339,-5.292615329459014,0.9562642770716369,1.122733181410098,0.94707384670541,0.8941379072080079,0.9048535060292794,-6.162148143175834,0.9600967640157096,1.0762712755527128,0.9383785185682417
I_WBF015,FU_OROV,WY1950-84_mixed,420,0.8638427145550093,0.8554195928751769,-11.342143108360963,0.9379080866485839,1.0426494976178493,0.8865785689163904,0.8826678738958169,0.8689988799697251,-5.414631434771157,0.9447781651440882,1.0882357830691898,0.9458536856522884
I_WBF015,FU_OROV,WY1976-85_own,0,,,,,,,,,,,,
I_WBF030,FU_OROV,WY1976-85,120,0.8141440860814664,0.7563622709733488,-7.369967383867077,0.8725875952807103,0.8865237560622717,0.9263003261613291,0.787408755111271,0.756308470384859,-6.4983453738586725,0.8723215667764375,0.8429318433509809,0.9350165462614133
I_WBF030,FU_OROV,WY1976-84,108,0.8106671875495628,0.7525430787076197,-7.225186215431795,0.8702962218278893,0.8825116507329098,0.927748137845682,0.7820316572134877,0.7525761408386644,-6.585227778672348,0.8703877687481857,0.8375981974320329,0.9341477222132765
I_WBF030,FU_OROV,WY1950-84_mixed,420,0.760733645377649,0.678816768628149,-11.946387591880544,0.8338621866302208,0.8760040413020113,0.8805361240811946,0.8060780290846724,0.6873663443227562,-5.705709564661512,0.8349985038572589,0.9155919144233493,0.9429429043533849
I_WBF030,FU_OROV,WY1976-85_own,0,,,,,,,,,,,,
I_WBR001,FU_FOLS,WY1976-85,120,0.7169067057690992,0.7274354787754432,-14.006386418633673,0.8579003106922511,0.7991726973583122,0.8599361358136633,0.7417002083499499,0.7335901464278863,-12.211367743778561,0.8596396150836605,0.8208185431044361,0.8778863225622145
I_WBR001,FU_FOLS,WY1976-84,108,0.7178642549885164,0.7245679089018366,-13.327656276902228,0.8560723620112282,0.797212496803593,0.8667234372309778,0.7423562828516819,0.7307265015246927,-11.573691993785157,0.8578331712203627,0.8189645251779553,0.8842630800621485
I_WBR001,FU_FOLS,WY1950-84_mixed,420,0.6845551819113338,0.7637978066042895,-20.212729744273492,0.8864950240642883,0.7860686808218083,0.7978727025572651,0.6966441367781631,0.7664457395326318,-19.489451812556194,0.8862985704484566,0.7972368586907219,0.8051054818744382
I_WBR001,FU_FOLS,WY1976-85_own,0,,,,,,,,,,,,
I_WKYTN,FU_WH,WY1976-85,120,0.9263845952043046,0.9495293333767075,2.0721559407307195,0.9754311627265634,0.9337714786969018,1.0207215594073071,0.9343936136091876,0.9649154891811672,0.4104208687576375,0.9834174844901493,0.9366567005463485,1.0041042086875764
I_WKYTN,FU_WH,WY1976-84,108,0.9274469520801334,0.9523175117564361,0.361417130040733,0.9769371238406062,0.9313051219410775,1.0036141713004072,0.9324207224544216,0.964778683676143,0.39159165855277994,0.9834494475170664,0.9345958444486349,1.0039159165855278
I_WKYTN,FU_WH,WY1950-84_mixed,420,0.867440267228871,0.9117233956602965,11.682907670923955,0.9589217604408575,0.9527175738530534,1.1168290767092395,0.9035702345923352,0.9396591831218042,0.43455639617861674,0.9714394314431679,0.9079994040555074,1.0043455639617862
I_WKYTN,FU_WH,WY1976-85_own,0,,,,,,,,,,,,
I_WLF013,uf_10,WY1976-85,120,0.397287888938731,0.6429403608338915,41.78495726322571,0.9678145142000588,1.4331601528012397,1.417849572632257,0.5756212172392382,0.7937226864352301,29.999629309029608,0.9702464556156196,1.2986876327974657,1.2999962930902962
I_WLF013,uf_10,WY1976-84,108,0.40666213814190955,0.6488018899141905,40.566228482461135,0.9686327829063254,1.4318611196634918,1.4056622848246112,0.5889848958891499,0.8022667751879446,28.322105998843277,0.9717240543856945,1.2965125931320596,1.2832210599884328
I_WLF013,uf_10,WY1950-84_mixed,420,0.40666492383136166,0.6422236005077475,41.47550522163839,0.9647036793877436,1.4228225739293792,1.4147550522163839,0.5648339223525976,0.7859170528399164,30.358311268804357,0.9711467696239326,1.3104421039783898,1.3035831126880435
I_WLF013,uf_10,WY1976-85_own,0,,,,,,,,,,,,
