Year, Month, BearRiver, CacheCreek, CalaverasRiver, ChowchillaRiver, CosumnesRiver, FresnoRiver, MokelumneRiver, PutahCreek, StonyCreek
1922, 10,       0.587981,       0.901576,       0.000000,       0.000000,       0.335335,       0.000000,       1.685074,       0.086730,       1.421496
1922, 11,       2.921457,       2.996168,       0.059635,       0.000000,       1.248705,       0.041359,       4.951863,       2.989250,       6.186494
1922, 12,      49.935941,      12.539470,      14.502527,      10.742741,      21.672582,      14.015665,      50.093261,      27.363943,      35.160148
1922,  1,      31.150214,       1.706038,      18.267057,       8.131852,       8.271872,       6.523495,      25.777082,       5.603777,      18.730127
1922,  2,     252.139257,      18.060943,      89.717833,      53.103314,      87.153552,      45.044125,     121.328303,      35.874323,     114.174510
1922,  3,     128.891409,      14.413739,      54.459213,      38.765882,      70.052942,      38.010807,      83.084713,       9.092912,      42.787596
1922,  4,      81.185431,       7.847166,      14.290754,      10.540825,      47.071903,      14.138621,      68.025005,       0.983901,      14.891691
1922,  5,      37.745878,       3.216697,       1.093783,       3.158245,      15.283892,       8.424356,      83.375122,       0.222225,       2.404546
1922,  6,       5.254029,       0.907965,       0.000000,       0.030086,       1.428873,       1.647770,      34.575071,       0.000000,       0.326589
1922,  7,       0.000001,       0.016525,       0.000000,       0.000000,       1.835540,       0.003466,      14.172758,       0.000000,       0.000000
1922,  8,       0.000000,       0.044005,       0.000000,       0.000000,       0.186784,       0.000000,       3.431676,       0.000000,       0.205692
1922,  9,       0.000000,       0.000000,       0.000000,       0.000000,       0.000530,       0.000000,       0.216685,       0.000000,       0.008687
1923, 10,       3.306998,       4.729826,       0.179831,       0.002177,       2.199918,       0.128138,       4.445470,       5.197303,       9.705613
1923, 11,      26.369308,      10.965545,       7.863340,       3.904082,      20.573654,       5.031550,      23.220626,      22.461842,      25.195293
1923, 12,     151.571863,      19.405357,      56.571448,       5.120996,      55.055487,       7.179080,      94.928776,      53.923908,      88.779555
1923,  1,      88.711547,      16.875373,      52.889114,      12.839049,      78.340032,      10.894674,     101.084338,      18.210712,      62.034790
1923,  2,      51.023922,      13.321131,      12.406916,       6.348580,      54.923439,       6.485048,      78.151969,       4.558588,      19.874499
1923,  3,      20.048178,       6.135624,       0.668276,       0.804531,      15.468402,       2.319447,      59.834438,       0.014207,       2.436822
1923,  4,      83.017659,      20.776092,      33.773157,      21.605022,      56.686171,      22.336620,     112.838487,      15.948099,      55.807022
1923,  5,       8.965368,       6.317220,       0.235800,       1.060015,       9.717623,       3.033949,      44.442409,       0.000000,       3.154033
1923,  6,       4.420385,       2.142924,       0.000307,       0.021967,       1.754729,       0.802813,      15.232570,       0.048392,       2.135257
1923,  7,       0.001277,       0.158976,       0.000000,       0.000000,       0.133721,       0.000056,       4.505343,       0.000000,       0.162120
1923,  8,       0.000000,       0.000901,       0.000000,       0.000000,       0.360304,       0.000000,       1.689451,       0.012005,       0.000000
1923,  9,       4.059399,       5.366307,       0.827539,       0.044339,       4.213014,       0.509916,       9.509716,       2.676967,       9.263933
1924, 10,       1.773016,       0.696421,       0.016276,       0.000327,       1.015477,       0.029763,       3.762374,       0.047846,       3.891487
1924, 11,       0.517448,       0.787279,       0.000000,       0.000000,       0.245022,       0.020922,       1.526543,       0.092860,       1.512735
1924, 12,       6.790513,       2.622248,       0.679713,       0.036334,       3.768185,       0.022042,       7.269957,       3.602136,       7.267393
1924,  1,      10.633611,       8.411597,       2.273905,       1.146757,       7.400791,       1.111177,      11.144308,      14.872235,      19.034307
1924,  2,      20.075291,       5.851393,       1.860834,       0.002528,       5.444922,       0.053443,      36.863869,      13.227518,      28.452725
1924,  3,      10.847270,       1.709183,       1.411685,       2.605320,       4.369880,       3.513187,      35.173940,       2.651542,       6.121676
1924,  4,       4.925724,       0.313155,       0.443827,       0.137679,       1.745696,       0.249180,      35.484591,       0.046710,       1.760884
1924,  5,       0.108467,       0.503899,       0.000007,       0.000000,       0.002331,       0.000394,      12.622192,       0.002241,       0.906339
1924,  6,       0.000000,       0.107912,       0.000000,       0.000000,       0.000000,       0.000000,       3.280166,       0.000000,       0.752799
1924,  7,       0.000000,       0.171303,       0.000000,       0.000000,       0.000000,       0.000000,       0.256590,       0.000000,       1.781255
1924,  8,       0.000000,       0.113941,       0.000000,       0.000000,       0.000000,       0.000000,       0.006357,       0.000000,       1.283405
1924,  9,       0.000000,       0.103478,       0.000000,       0.000000,       0.005336,       0.000000,       1.152597,       0.000000,       1.029997
1925, 10,      13.660353,       9.297264,       1.697136,       0.905518,       5.193371,       1.157189,      16.197110,      12.927478,      20.439497
1925, 11,       9.399949,       2.643969,       2.442465,       4.638774,       9.964911,       6.925403,      20.757665,       7.876547,      20.106970
1925, 12,      31.422051,      12.643931,       7.914838,       2.060666,      12.020295,       3.135009,      24.843860,      25.100184,      79.550014
1925,  1,      23.879754,       6.130474,       5.944441,       0.326072,       6.592486,       0.867072,      13.706659,       7.847029,      25.208394
1925,  2,     144.834368,      54.457683,      55.264498,      17.655675,      54.898765,      16.827964,     122.670135,     103.831650,     180.918844
1925,  3,      44.959409,      37.565210,      16.337730,       8.664412,      16.147943,      13.787450,      51.736420,      12.793950,      34.506305
1925,  4,      64.613641,      37.820935,      33.946468,      15.022004,      56.841492,      19.849450,      77.591108,      11.683857,      68.510068
1925,  5,      23.610215,      44.312444,       1.672012,       1.641784,      16.652542,       6.287615,      31.417516,      21.291879,      45.766775
1925,  6,       8.341177,      24.291917,       0.010515,       0.117646,       3.930116,       1.745662,      11.825418,       0.098897,       4.805861
1925,  7,       0.000720,       7.232418,       0.000000,       0.000000,       0.496252,       0.003862,       3.870588,       0.000000,       0.039543
1925,  8,       0.008242,       1.063822,       0.000000,       0.000000,       0.149490,       0.000000,       1.948662,       0.000000,       0.047502
1925,  9,       0.058902,       2.195543,       0.000000,       0.000000,       0.036373,       0.000000,       1.242556,       0.263372,       2.808282
1926, 10,       5.203579,       0.103057,       0.075738,       0.120501,       1.570827,       0.955017,       5.063029,       0.009674,       0.607157
1926, 11,       6.098747,       3.887426,       0.038459,       0.006151,       2.275433,       0.146835,       7.139640,       4.593814,       4.278940
1926, 12,      10.756414,       3.454205,       1.778545,       0.745730,       5.835335,       0.948580,       7.321516,       4.127752,      10.144181
1926,  1,      13.216611,      18.507149,       2.348153,       3.946216,       3.027451,       4.150679,      19.193168,      34.681734,      18.773306
1926,  2,     127.662837,      40.863082,      36.074144,      10.549393,      31.934886,      22.742846,      58.838169,      71.030118,     134.510140
1926,  3,      20.449548,      19.357166,       2.975626,       0.588050,       1.221503,       3.791828,      22.564680,       0.663323,      10.925430
1926,  4,      88.321504,      47.399229,      11.805165,      16.030772,      22.751584,      32.071299,      34.303843,      56.637397,      75.670300
1926,  5,      13.950262,      17.727485,       0.009690,       0.261119,       2.156608,       4.159595,       8.237018,       0.881466,       5.348873
1926,  6,       0.027591,       4.185414,       0.000000,       0.000000,       0.084357,       0.160748,       1.657734,       0.000000,       0.019866
1926,  7,       0.000000,       0.240429,       0.000000,       0.000000,       0.000000,       0.000000,       0.199466,       0.000000,       0.000000
1926,  8,       0.000000,       0.002578,       0.000000,       0.000000,       0.000000,       0.000000,       0.000000,       0.000000,       0.126549
1926,  9,       0.000000,       0.002411,       0.000000,       0.000000,       0.000000,       0.000000,       0.000000,       0.000000,       0.029842
1927, 10,       7.736042,       3.632261,       0.355883,       0.000000,       2.882966,       0.000000,       3.805936,       2.611699,       5.751414
1927, 11,      64.153794,      20.510016,      13.938789,       5.291362,      25.396350,       7.834917,      58.171638,      54.402108,      32.272018
1927, 12,      26.021980,      11.724673,       8.546223,       0.447617,       8.289798,       1.458520,      14.701712,      14.997983,      71.736608
1927,  1,      68.894818,      23.611514,      15.365054,       2.177465,      15.611168,       4.525230,      37.960780,      20.346954,      54.498784
1927,  2,     252.125573,      77.675118,      51.202286,      29.264469,      79.787853,      45.214832,      92.103250,     109.100118,     165.821590
1927,  3,      71.462017,      66.824931,      12.242243,       6.153021,      33.052972,      16.377487,      63.327136,      15.208247,      38.254328
1927,  4,     148.083396,      39.752347,      26.378914,      22.680214,      72.609971,      40.531946,      92.711178,      32.342581,      28.350669
1927,  5,      20.442152,      15.352383,       0.142855,       0.976045,      11.047737,       8.128952,      24.514023,       0.697201,       3.322159
1927,  6,       4.274007,       5.006227,       0.001296,       0.004648,       2.525590,       1.666110,       9.358021,       1.273324,       1.518436
1927,  7,       0.001167,       0.587735,       0.000000,       0.000000,       0.000000,       0.018884,       0.593422,       0.000000,       0.005264
1927,  8,       0.000000,       0.002797,       0.000000,       0.000000,       0.000000,       0.000000,       0.005345,       0.000000,       0.000000
1927,  9,       0.001812,       0.000052,       0.000000,       0.000000,       0.000000,       0.000000,       0.051809,       0.000000,       0.000000
1928, 10,       2.295155,       2.710102,       0.486909,       1.695966,       3.238031,       1.795348,      11.064347,       3.588920,       2.937828
1928, 11,      28.756384,       8.079002,       3.696685,       1.247755,      10.574978,       3.670552,      14.558302,      20.976188,      18.811339
1928, 12,      21.684961,      10.601447,       6.388847,       2.813967,       7.073237,       2.076273,      18.056908,      15.572615,      32.751524
1928,  1,      20.107887,       5.505544,       4.419623,       0.889541,       9.520203,       1.873250,      19.383962,      10.674161,      34.416220
1928,  2,      28.515544,      14.607790,      13.207056,       3.029654,       8.744989,       3.601238,      28.249031,      15.404612,      66.961622
1928,  3,     204.822765,      24.759077,      53.402361,      25.575466,      85.252146,      25.380703,     122.229422,      27.030835,      61.229107
1928,  4,      73.360412,      31.996970,      20.898529,      10.363885,      47.734018,      14.677602,      67.952319,      10.332324,      36.101309
1928,  5,      11.089342,      11.522761,       0.025802,       0.260272,       6.584569,       2.890465,      19.632905,       0.420481,       2.381731
1928,  6,       0.359456,       3.112360,       0.000000,       0.000000,       0.337538,       0.190273,       4.392826,       0.000000,       0.029471
1928,  7,       0.000000,       0.359450,       0.000000,       0.000000,       0.005828,       0.000175,       0.881250,       0.000000,       0.000000
1928,  8,       0.000000,       0.000295,       0.000000,       0.000000,       0.000000,       0.000000,       0.000000,       0.000000,       0.000000
1928,  9,       0.000000,       0.003857,       0.000000,       0.000000,       0.000000,       0.000000,       0.000000,       0.000000,       0.006004
1929, 10,       0.020901,       0.141790,       0.000000,       0.000000,       0.000000,       0.000000,       0.022225,       0.000000,       0.208932
1929, 11,      16.524124,       7.780400,       2.862866,       1.817448,       8.782818,       3.046374,      10.590204,      15.784206,      18.053598
1929, 12,      16.302817,       7.827265,       2.899868,       0.731818,       7.661189,       1.644430,      10.211744,      18.602374,      19.884308
1929,  1,       7.839691,       1.848045,       4.458671,       1.511114,       7.204097,       1.126136,      10.509661,       2.833250,       5.101400
1929,  2,      29.924462,       5.123493,       8.523530,       1.341541,       9.123241,       2.113212,      13.767321,      10.481703,      25.713609
1929,  3,      24.919717,       2.854891,       6.044919,       4.126491,       9.889080,       6.466209,      27.732537,       7.559597,       6.675157
1929,  4,      26.964847,       1.707811,       9.042872,       5.187100,      13.652211,       8.287615,      50.022026,       1.880330,       2.353251
1929,  5,       3.757113,       0.006350,       0.027717,       0.003825,       0.899427,       0.719130,      35.291969,       0.000000,       0.051177
1929,  6,      11.352064,       2.490650,       1.074999,       1.383883,      10.219720,       3.299604,      28.446652,       4.648406,       3.029423
1929,  7,       0.003276,       0.000000,       0.000000,       0.000000,       0.017368,       0.000001,       5.921314,       0.000000,       0.000000
1929,  8,       0.000000,       0.000000,       0.000000,       0.000000,       0.000816,       0.000000,       0.847464,       0.000000,       0.000000
1929,  9,       0.000000,       0.000000,       0.000000,       0.000000,       0.000000,       0.000000,       0.034107,       0.000000,       0.000000
1930, 10,       0.000222,       0.000000,       0.000000,       0.000000,       0.000222,       0.000000,       0.275033,       0.000000,       0.002144
1930, 11,       0.000000,       0.000000,       0.000000,       0.000000,       0.000000,       0.000000,       0.000000,       0.000000,       0.000000
1930, 12,      72.888110,      19.425347,       2.768776,       0.037912,      13.010922,       0.294124,      20.518970,      48.628093,      38.633001
1930,  1,      70.358459,      12.637228,      19.219243,       4.604123,      17.480119,       4.872530,      31.509629,      31.290245,      31.051838
1930,  2,      37.392982,      11.343232,      17.163364,       3.013851,      17.074270,       4.809748,      56.728550,      18.573032,      42.246899
1930,  3,      96.081990,      22.332999,      38.383287,       3.826745,      47.119154,       6.420485,     100.846838,      27.347106,      76.760506
1930,  4,      33.726748,      11.503107,       4.601058,       2.318271,      15.346823,       3.251443,     112.540765,       7.075094,      13.632871
1930,  5,      13.032004,       4.562580,       1.312727,       0.528236,       8.534772,       3.138966,      74.499326,       1.849389,       4.015298
1930,  6,       0.831416,       0.944482,       0.000197,       0.000000,       0.614621,       0.137907,      21.106742,       0.002096,       0.395139
1930,  7,       0.000000,       0.065436,       0.000000,       0.000000,       0.000000,       0.000000,       5.832542,       0.000000,       0.000000
1930,  8,       0.000000,       0.000231,       0.000000,       0.000000,       0.021825,       0.000000,       1.492812,       0.000000,       0.000000
1930,  9,       0.001393,       0.270461,       0.000137,       0.001188,       0.011196,       0.021974,       2.787817,       0.000554,       0.703875
1931, 10,       0.068339,       0.902300,       0.011704,       0.000000,       0.527724,       0.059848,       1.868095,       1.505778,       1.363689
1931, 11,      18.227703,       2.992564,       4.110178,       3.070917,      12.340656,       4.899725,      25.427794,       5.075641,       4.888386
1931, 12,       0.823896,       1.099310,       0.096644,       0.000007,       0.045762,       0.006696,       1.032726,       1.310261,       0.954987
1931,  1,      25.915075,      14.458614,      13.835773,       2.465740,      13.288786,       2.167321,      25.039498,      25.717005,      36.050014
1931,  2,      15.002910,       2.702043,       8.337431,       1.328489,       8.403980,       1.716310,      22.174098,       3.070195,       8.807408
1931,  3,      24.993892,       5.097091,       5.042294,       0.468391,       7.806287,       1.080859,      46.429327,       9.140806,       9.519024
1931,  4,       6.791664,       1.279923,       0.241092,       0.190690,       1.637914,       0.606903,      38.849555,       0.118094,       2.660776
1931,  5,       2.727856,       4.672969,       0.149798,       0.333777,       1.488323,       1.770849,      18.945198,       3.691417,      11.259293
1931,  6,       2.001209,       2.367946,       0.067431,       0.000000,       2.421147,       0.046901,      10.504288,       1.122790,       5.298916
1931,  7,       0.000849,       0.001451,       0.000000,       0.000000,       0.000000,       0.000000,       1.593096,       0.000000,       0.003735
1931,  8,       0.000000,       0.000058,       0.000000,       0.000000,       0.001212,       0.000000,       0.461964,       0.000000,       0.000000
1931,  9,       0.133811,       0.007303,       0.000000,       0.000000,       0.000522,       0.000000,       0.801973,       0.000000,       0.194622
1932, 10,      11.642922,       1.499551,       0.082239,       0.000000,       1.697325,       0.000000,       6.118439,       3.178320,       1.901444
1932, 11,      14.387752,       2.099981,       4.579301,       3.019599,      11.670664,       3.547975,      22.598246,       6.244051,       3.383324
1932, 12,      83.508887,      20.115608,      41.836838,      23.637124,      29.713987,      32.333044,      59.135645,      86.742803,      67.210233
1932,  1,      71.340626,       6.100964,      37.789949,      32.938729,      23.498413,      29.056929,      33.625674,      22.757095,      54.524832
1932,  2,     102.985315,       5.017159,      75.323239,      94.604522,      73.722114,     117.218349,      73.190351,      10.905404,      17.381320
1932,  3,      33.168899,       2.184448,       2.876412,      11.949091,      14.546230,      28.716863,      67.182334,       2.494825,       6.791912
1932,  4,      37.713125,       2.335529,       2.130830,       4.091943,       9.183212,      17.516106,      77.261027,       1.610215,       4.104684
1932,  5,      24.634938,       2.295496,       1.905126,       0.817895,       7.185930,      11.133017,     122.096415,       2.378672,       8.639668
1932,  6,       6.468662,       0.030503,       0.018606,       0.000792,       0.656631,       2.629190,      31.259072,       0.047260,       1.376580
1932,  7,       0.000029,       0.015395,       0.000000,       0.000000,       0.041100,       0.036531,       9.655125,       0.000000,       0.025805
1932,  8,       0.000000,       0.000024,       0.000000,       0.000000,       0.000000,       0.000000,       1.960313,       0.000000,       0.000000
1932,  9,       0.000000,       0.011623,       0.000000,       0.000000,       0.000000,       0.000000,       0.264509,       0.000000,       0.000000
1933, 10,       0.053233,       0.000004,       0.000000,       0.000000,       0.000000,       0.000000,       0.014097,       0.000000,       0.000326
1933, 11,       0.564832,       1.930650,       0.073193,       0.209328,       0.046305,       0.047680,       2.273267,       1.719122,       1.161688
1933, 12,      12.532197,       7.540223,       2.303560,       0.478150,       9.630056,       2.031727,       6.578636,      15.043154,      18.708777
1933,  1,      31.005906,      10.367964,      19.662609,       8.898185,      14.537182,      13.882569,      16.450964,      31.734401,      31.695731
1933,  2,      11.976455,       1.724829,      12.452177,       0.647756,       5.835063,       2.168152,       8.900496,       5.860006,      14.896521
1933,  3,      45.659657,       7.273181,      14.164626,       3.275066,      14.724777,      10.959812,      37.630259,      21.286340,      21.879141
1933,  4,      12.812802,       2.017602,       0.784750,       0.133003,       2.911639,       2.103322,      65.044660,       0.307871,       3.268243
1933,  5,      25.452812,       2.969238,       8.328382,       1.271525,      15.089977,       5.170969,     112.752541,       3.254745,       7.146452
1933,  6,       1.214198,       0.253126,       0.002945,       0.007823,       0.727435,       0.490309,      99.532495,       0.022972,       0.119237
1933,  7,       0.000000,       0.008027,       0.000000,       0.000000,       0.011814,       0.000326,      21.419827,       0.000000,       0.000000
1933,  8,       0.000000,       0.000118,       0.000000,       0.000000,       0.028194,       0.000000,       6.391023,       0.000000,       0.000000
1933,  9,       0.000000,       0.015861,       0.000000,       0.000000,       0.242045,       0.000000,       2.415998,       0.000000,       0.054520
1934, 10,       7.978387,       3.711068,       2.028519,       0.227927,       0.910575,       0.550755,      15.378254,       7.586580,       2.611158
1934, 11,       9.606878,       0.153079,       1.295596,       0.026130,      11.326439,       0.769491,       0.977380,       0.716984,       3.723781
1934, 12,      39.398467,      17.571031,      19.334616,       4.620222,      22.377604,       8.475613,      28.662443,      34.998188,      44.392558
1934,  1,      46.624974,       3.097567,      18.430272,       2.247697,      13.924899,       3.451290,      26.405486,       9.888266,      41.933315
1934,  2,      42.702874,      11.223206,      23.471855,       4.006734,      17.614600,      10.188445,      49.886808,      23.794444,      38.294094
1934,  3,      20.927924,       6.871423,       3.449815,       0.246513,       6.792275,       2.398673,      47.847237,       1.811536,      16.345908
1934,  4,       6.498735,       4.387509,       0.003633,       0.000042,       0.901673,       0.496973,      17.510462,       1.237159,       7.612738
1934,  5,       4.531320,       2.552530,       0.426399,       0.005522,       2.691910,       0.311039,      12.900154,       0.908969,       4.043693
1934,  6,       1.450834,       1.308803,       0.007913,       0.000001,       1.090251,       0.149413,       8.838985,       1.195146,       0.994711
1934,  7,       0.000741,       0.011244,       0.000000,       0.000000,       0.000030,       0.000000,       1.575656,       0.000000,       0.003177
1934,  8,       0.000000,       0.000061,       0.000000,       0.000000,       0.018635,       0.000000,       1.271128,       0.000000,       0.000000
1934,  9,       1.250190,       0.044559,       0.104860,       0.000000,       1.150564,       0.010760,       4.112141,       0.000000,       0.095014
1935, 10,       2.723967,       3.470099,       0.350338,       0.324712,       0.732553,       0.924935,       6.749614,       3.118547,       2.964721
1935, 11,      22.403605,       9.624984,       5.028139,       2.031887,      14.071408,       5.210858,      29.149259,      17.983214,      29.198919
1935, 12,      12.890218,       4.559909,       5.524889,       3.860763,       7.120603,       5.898129,      15.843793,       9.840232,      14.700727
1935,  1,      70.029376,      23.299969,      30.871884,      21.173578,      25.635186,      33.665069,      42.946582,      45.273439,      78.096896
1935,  2,      30.347445,      10.707584,       8.185720,       8.632493,       6.689805,      19.123526,      27.583342,       6.907796,      17.660803
1935,  3,      98.134436,      35.677856,      31.982692,      32.223138,      40.305294,      51.502688,      51.570098,      42.560041,      81.229131
1935,  4,     139.961035,      32.450785,      80.542874,      54.081442,     106.033062,      75.326475,     246.313792,      29.649989,      56.576217
1935,  5,      28.397836,      13.671073,       7.209447,       8.266127,      27.143076,      25.463187,     173.440319,       0.118165,       6.243513
1935,  6,       1.842970,       4.070466,       0.000653,       0.058519,       3.727717,       5.596400,      50.908039,       0.000000,       0.048660
1935,  7,       0.113412,       0.653429,       0.000000,       0.000000,       0.182943,       0.695660,      16.419601,       0.000000,       0.002769
1935,  8,       0.000000,       0.016767,       0.000000,       0.000000,       0.180447,       0.000013,       5.765613,       0.011146,       0.000326
1935,  9,       0.000000,       0.167959,       0.000000,       0.000000,       0.008563,       0.000000,       0.762525,       0.000000,       0.736427
1936, 10,       3.698336,       1.766524,       0.104209,       0.128466,       2.420766,       0.473311,       6.943122,       1.926139,       3.073830
1936, 11,       4.877651,       3.195573,       0.840134,       0.409173,       5.036212,       1.118584,       5.218346,       3.534067,       5.467679
1936, 12,       8.866464,       5.546099,       1.509465,       1.419276,       4.440694,       1.755906,       6.240995,       7.447752,       9.702660
1936,  1,     140.147399,      17.139472,      45.981558,       5.212527,      40.963760,       6.654520,     113.804450,      26.701534,      79.192440
1936,  2,     283.255509,      38.265724,     212.679512,     125.250830,     237.585515,     128.999301,     341.917599,      78.566288,     102.863294
1936,  3,      56.608746,      27.479721,      16.516617,      22.186987,      58.035579,      27.280159,     163.454578,       6.493076,      22.217681
1936,  4,     100.763140,      21.608004,      34.468484,      22.242792,      69.030969,      44.471119,     179.158555,       7.820053,      39.558421
1936,  5,      18.294829,       8.481046,       0.153207,       1.371483,      11.190585,      11.921712,     132.106727,       0.803220,       3.719882
1936,  6,      10.231495,       6.306976,       1.037635,       0.197920,      10.377619,       4.323186,      55.718498,       3.230393,       6.956068
1936,  7,       0.001870,       0.600797,       0.002938,       0.000000,       0.043126,       0.243949,      13.361232,       0.000000,       0.456500
1936,  8,       0.000000,       0.002145,       0.000000,       0.000000,       0.000009,       0.000000,       3.394248,       0.000000,       0.000000
1936,  9,       0.115723,       0.021613,       0.000000,       0.000000,       1.087526,       0.000000,       1.822630,       0.000000,       0.623124
1937, 10,       0.003315,       0.459772,       0.066742,       0.347107,       0.037017,       0.502674,       2.366455,       0.137385,       0.102335
1937, 11,       0.031896,       0.009433,       0.199761,       0.049790,       0.501931,       1.429775,       0.902403,       0.005070,       0.194726
1937, 12,      13.875733,       3.615941,       7.074582,       8.314864,      10.823657,      10.188653,      15.332594,       7.932883,       7.661640
1937,  1,      27.373688,       6.304631,      24.092527,       6.205889,      10.846850,      12.332611,      15.144576,      16.721936,      11.147409
1937,  2,     138.008812,      23.833768,     110.773457,      96.451128,      72.660631,     121.705952,      81.512570,      55.585149,     100.800315
1937,  3,     149.075133,      26.465932,     110.690331,      50.603073,     109.177062,      71.171607,     137.884993,      44.568886,      94.232485
1937,  4,      64.986937,      17.318424,      16.368243,      15.163575,      53.287753,      31.267765,     134.317093,       3.201067,      22.163284
1937,  5,      17.564317,       6.103217,       0.206954,       1.761589,      13.855396,      14.827265,     232.209802,       0.016954,       2.224917
1937,  6,       6.083228,       4.668367,       0.126538,       0.000165,       3.858899,       3.359600,      67.573772,       2.649494,       5.280959
1937,  7,       0.000002,       0.314126,       0.000000,       0.000000,       0.399065,       0.012892,      21.007852,       0.000000,       0.046738
1937,  8,       0.000000,       0.001322,       0.000000,       0.000000,       0.000088,       0.000000,       5.285935,       0.000000,       0.003028
1937,  9,       0.000000,       0.000000,       0.000000,       0.000000,       0.000000,       0.000000,       1.049249,       0.000000,       0.000000
1938, 10,       3.461088,       2.191581,       0.045173,       0.000000,       0.796346,       0.000000,       4.572871,       0.421472,       3.525961
1938, 11,      28.528149,      15.403377,       0.917684,       0.284790,       6.449661,       0.721771,      13.582432,      17.513077,      38.609390
1938, 12,     105.312813,      42.743542,      27.000628,      13.031448,      22.858730,      19.857610,      78.345822,      41.149259,      88.495948
1938,  1,      52.482574,      31.260942,      19.919876,      17.151785,      10.792141,      24.185521,      57.035387,      21.197570,      49.733396
1938,  2,     348.916244,     113.093573,     167.930574,     128.642395,     174.754273,     158.262932,     212.355016,     137.342515,     184.056385
1938,  3,     286.949218,     121.756849,     181.717134,     165.666887,     226.191423,     217.897268,     281.786332,      98.576746,     166.519631
1938,  4,      84.780333,      67.923923,      26.177511,      33.199359,      81.882422,      58.720066,     206.960897,      17.860063,      34.312739
1938,  5,      30.763366,      26.665587,       3.959429,       9.666131,      28.044713,      36.155719,     304.369656,       0.762179,       4.787697
1938,  6,       1.102906,       8.613073,       0.000000,       0.114119,       2.955066,      11.543799,     114.505213,       0.000000,       0.107080
1938,  7,       0.000001,       1.495462,       0.049468,       0.000000,       2.719530,       1.306905,      33.328566,       0.000000,       0.000000
1938,  8,       0.000000,       0.053464,       0.000014,       0.000000,       0.051152,       0.000287,       8.998515,       0.000000,       0.000000
1938,  9,       0.001128,       2.565561,       0.000000,       0.000000,       0.070811,       0.002562,       3.628919,       1.027764,       0.899424
1939, 10,       3.267992,       3.251436,       0.425631,       0.530236,       2.646336,       0.766880,      11.635901,       2.211007,       4.588663
1939, 11,       4.647392,       3.568955,       0.798155,       0.016589,       4.564052,       1.025324,       7.589146,       4.978356,       3.933718
1939, 12,       6.966976,       4.043587,       0.901834,       0.322764,       3.018444,       1.227192,       8.102843,       5.015428,       9.620983
1939,  1,      14.405744,       5.682185,       4.346828,       2.738702,       6.873608,       4.217804,      25.241355,      12.017483,       7.581654
1939,  2,      23.589491,       2.713902,      18.422647,       2.877906,      13.099127,       6.564079,      19.111048,       4.085307,       5.021884
1939,  3,      48.629603,       4.584099,      10.263534,       3.232166,      15.914215,       7.771958,      67.299827,      11.329552,       6.746410
1939,  4,       4.948299,       0.388782,       0.627528,       0.246164,       3.227234,       3.952552,      86.077873,       0.059903,       0.163726
1939,  5,       9.928329,       1.968276,       1.482684,       0.065165,       6.782115,       0.592676,      37.020073,       3.289320,       2.459237
1939,  6,       0.077921,       0.007143,       0.000041,       0.000000,       0.129467,       0.063107,      10.925948,       0.000000,       0.054337
1939,  7,       0.000000,       0.000000,       0.000000,       0.000000,       0.000000,       0.000000,       2.760138,       0.000000,       0.000000
1939,  8,       0.000000,       0.000000,       0.000000,       0.000000,       0.000000,       0.000000,       0.297917,       0.000000,       0.000000
1939,  9,       0.000766,       0.139238,       0.032352,       0.069878,       0.701037,       0.501081,       5.370708,       0.000000,       1.694037
1940, 10,       3.836471,       0.278563,       0.590727,       0.125414,       3.522151,       0.931090,      10.982234,       0.004923,       1.716109
1940, 11,       1.126537,       0.586492,       0.246345,       0.009625,       1.705237,       0.000110,       3.139493,       0.869261,       0.357022
1940, 12,       4.327999,       9.242666,       0.414013,       0.197489,       2.990445,       0.546821,       4.505284,      15.456538,       8.914741
1940,  1,     131.573540,      27.724209,      48.694464,      35.011793,      54.921879,      40.327709,     117.226655,     116.224387,      68.936010
1940,  2,     171.407452,      67.961650,      69.533209,      54.328271,      67.136447,      55.083090,     178.963808,     268.910898,     130.734807
1940,  3,     210.874246,      88.288616,      62.928622,      35.159351,     113.973541,      46.786171,     202.527329,     141.889244,     101.119543
1940,  4,     117.026912,      62.578427,      33.717393,      16.710979,      89.714931,      33.534969,     115.767152,      29.811702,      32.657580
1940,  5,      20.007591,      28.787193,       0.359806,       1.009324,      13.011978,       9.651599,      39.034328,      10.397015,       7.121359
1940,  6,       2.620402,       8.637619,       0.000000,       0.000001,       0.930771,       1.261678,       9.301155,       0.348117,       4.023023
1940,  7,       0.000000,       1.985546,       0.000000,       0.000000,       0.000000,       0.001008,       0.865573,       0.000000,       0.000000
1940,  8,       0.000000,       0.158807,       0.000000,       0.000000,       0.000000,       0.000000,       0.035327,       0.000000,       0.001166
1940,  9,       0.261413,       0.562305,       0.000000,       0.000000,       0.000000,       0.000000,       0.067350,       0.141990,       0.215038
1941, 10,       4.740697,       3.911754,       0.212467,       0.592686,       1.531489,       3.428565,       4.361445,       5.059526,       6.705364
1941, 11,      16.601924,       4.126616,       0.360557,       0.000000,       2.314289,       0.041999,       4.580103,       9.329933,       6.990504
1941, 12,     106.609468,      57.594403,      26.296674,      13.658461,      28.728511,      15.122790,      76.302009,     199.522128,     133.960148
1941,  1,     190.718944,     126.545906,      37.561892,      19.995542,      28.583737,      22.128977,      89.489671,     210.170862,     210.326745
1941,  2,     164.492409,     151.209701,      50.916204,      65.587907,      54.353522,      57.049009,     141.201932,     189.948711,     198.476654
1941,  3,     116.691461,     163.596822,      52.677010,      49.043172,      70.494309,      44.948569,     187.550449,     154.662134,     160.870154
1941,  4,     122.770631,     147.657007,      43.464935,      36.530808,      92.575015,      40.696645,     132.047642,     140.738179,     153.461930
1941,  5,      40.339740,      61.160010,       0.638380,       3.079278,      18.681566,      12.004008,     128.624107,      13.717710,      15.460399
1941,  6,       5.903439,      23.363376,       0.000000,       0.010497,       1.721990,       2.295959,      34.637158,       0.788264,       0.870843
1941,  7,       0.025571,       6.844571,       0.000000,       0.000000,       0.030509,       0.020332,       9.768947,       0.000000,       0.024144
1941,  8,       0.000476,       1.210961,       0.000000,       0.000000,       0.000038,       0.000000,       2.823704,       0.030362,       0.000000
1941,  9,       0.006266,       0.209447,       0.000000,       0.000000,       0.352967,       0.000000,       1.628339,       0.000000,       0.009490
1942, 10,       2.369483,       2.938260,       0.005607,       0.205428,       0.234378,       0.299379,       3.930546,       5.531157,       4.942996
1942, 11,      10.230010,       6.480102,       0.517950,       0.115188,       5.039364,       0.319379,       9.566578,       9.988076,       5.885640
1942, 12,      99.044265,      40.543592,      24.760817,      22.139031,      25.886436,      23.102197,      71.768400,     118.492667,      61.833616
1942,  1,     148.988100,      54.341792,      76.691330,      28.513683,      97.377401,      47.033768,     151.087172,     107.106556,      77.567182
1942,  2,     196.234359,     132.070971,      53.735653,      34.781701,     118.612486,      38.649592,     166.699867,     194.545415,     127.185299
1942,  3,      65.351047,      74.563459,      21.517546,      26.020704,      45.056573,      35.208033,      96.408573,      56.107302,      36.494044
1942,  4,     128.230079,      91.020163,      39.529052,      30.663106,      70.678090,      56.523507,     176.400386,      92.261212,      88.752065
1942,  5,      79.635207,      48.248674,      36.812980,      13.825819,      82.673981,      33.012370,     205.083479,      16.597468,      12.293059
1942,  6,      12.104428,      17.797537,       0.351979,       0.846240,      16.294945,       9.661774,      73.880178,       0.323137,       1.601594
1942,  7,       0.004527,       5.044361,       0.000000,       0.000000,       0.167642,       1.082373,      18.403374,       0.000000,       0.000000
1942,  8,       0.000000,       0.697751,       0.000000,       0.000000,       0.000000,       0.008940,       3.301049,       0.000000,       0.000000
1942,  9,       0.000000,       0.315869,       0.000000,       0.000000,       0.000000,       0.000000,       0.883500,       0.000000,       1.840854
1943, 10,       0.004641,       1.395423,       0.002361,       0.000000,       0.139746,       0.013720,       1.297050,       0.558016,       0.922725
1943, 11,      43.214009,      10.058813,      18.935402,       8.935260,      34.169683,      11.972046,      52.319774,      21.776446,       9.155038
1943, 12,      58.920523,      16.034034,      24.663771,       4.014470,      26.951224,       7.165200,      50.627232,      28.014459,      25.983598
1943,  1,     205.238306,      63.103825,     109.516275,      63.460234,     126.736649,      92.168626,     223.087460,     156.997198,      87.269202
1943,  2,      94.860826,      46.856238,      55.354345,      43.753340,      83.227039,      55.450171,     133.374515,      18.648363,      26.244610
1943,  3,     192.615890,      42.814640,     122.820422,     110.674129,     194.467354,     111.368447,     257.940957,      26.597933,      33.547252
1943,  4,      56.089455,      28.092726,      11.438474,      18.181386,      56.080693,      36.366826,     117.558999,      13.838290,      14.367788
1943,  5,      18.203082,      15.785089,       0.858342,       5.006032,      21.261321,      22.494272,      46.278876,       0.206152,       6.916183
1943,  6,      12.145767,       5.294517,       0.127380,       0.394362,       8.094738,       8.713482,      24.172002,       0.159759,       0.250518
1943,  7,       0.000501,       0.705361,       0.000000,       0.000000,       0.220401,       0.851581,       5.826879,       0.000000,       0.017446
1943,  8,       0.000000,       0.017450,       0.000000,       0.000000,       0.000000,       0.003105,       0.580623,       0.000000,       0.000447
1943,  9,       0.000000,       0.000000,       0.000000,       0.000000,       0.000000,       0.000000,       0.000182,       0.000000,       0.000000
1944, 10,       2.562208,       1.404051,       0.214905,       0.095595,       1.787274,       0.872948,       4.238904,       1.817055,       1.794882
1944, 11,       3.118156,       1.929533,       0.037092,       0.112153,       2.278891,       0.540033,       2.726317,       4.098833,       2.447453
1944, 12,      10.579359,       5.856939,       1.261258,       1.580271,       3.557316,       2.877093,       8.236322,      10.359415,       8.877810
1944,  1,      20.732529,      12.426972,       5.465070,       2.895810,      13.426562,       5.604484,      29.604369,      24.641070,      14.535106
1944,  2,      58.842336,      16.474169,      28.834108,       9.315531,      15.007226,      14.875670,      51.786520,      54.631336,      32.388463
1944,  3,     103.927523,      26.027512,      36.317397,      15.640015,      35.120255,      25.623342,      60.863898,      56.880052,      29.120226
1944,  4,      30.088719,      13.292979,      10.781030,       2.960521,      21.054469,       8.025325,      80.353126,      13.997958,      17.713602
1944,  5,      10.567895,       7.176859,       0.662853,       0.259805,       7.124709,       3.013650,      76.048735,       4.583232,      11.198482
1944,  6,       4.525461,       2.347836,       0.010717,       0.018314,       1.942236,       0.674434,      20.666012,       0.464345,       1.303420
1944,  7,       0.000004,       0.328826,       0.000000,       0.000000,       0.000675,       0.000403,       5.449998,       0.000000,       0.018428
1944,  8,       0.000000,       0.026079,       0.000000,       0.000000,       0.000000,       0.000000,       0.997252,       0.000000,       0.000000
1944,  9,       0.004296,       0.000010,       0.000000,       0.000000,       0.179090,       0.000000,       0.720947,       0.000000,       0.000000
1945, 10,       1.570116,       3.344217,       0.452913,       1.433089,       0.053711,       0.188968,       8.231612,       5.409169,       1.605372
1945, 11,      39.159003,      12.698953,      24.998277,       7.662434,      33.406139,      15.659210,      66.077549,      28.540130,      13.745378
1945, 12,      33.373839,      11.319321,      13.978376,       2.715522,      10.853280,       6.059821,      34.552845,      19.338878,      28.411096
1945,  1,      13.331987,       7.072283,       2.744474,       0.426093,       5.714287,       1.673643,      14.725623,       8.777885,       8.751667
1945,  2,     164.681601,      34.185127,      72.908315,      57.093262,     104.914014,      76.598782,     192.750201,      73.605459,      50.101697
1945,  3,      93.287462,      31.708979,      70.404476,      66.254665,      77.607322,      82.436940,     110.915239,      42.552142,      36.262472
1945,  4,      33.440374,      20.227665,       6.375416,      12.239196,      33.129027,      24.952799,     110.569956,       3.873353,       6.936787
1945,  5,      16.704781,      10.781286,       0.380956,       2.150785,      14.182185,      14.195856,      99.845430,       5.017651,       5.524377
1945,  6,       4.370574,       2.289843,       0.433485,       0.333448,       7.926540,       5.671990,      52.131287,       0.000002,       3.159633
1945,  7,       0.000342,       0.116603,       0.000000,       0.000000,       0.382631,       0.075098,      14.919622,       0.000000,       0.025521
1945,  8,       0.000000,       0.000996,       0.000000,       0.000000,       0.082198,       0.000000,       3.502178,       0.000000,       0.009481
1945,  9,       0.000000,       0.000000,       0.000000,       0.000000,       0.000000,       0.001655,       0.655759,       0.000000,       0.000035
1946, 10,       6.054590,      10.809419,       1.524162,       2.617387,       1.642947,       2.127114,      23.539594,      18.535764,       7.254904
1946, 11,      30.321271,      10.519566,      13.350029,       0.953230,      25.965055,       4.345649,      34.511081,      28.048861,      19.188577
1946, 12,     158.611674,      51.204319,      65.069267,      27.035025,      99.473143,      33.657009,     186.401773,     140.776190,     104.903081
1946,  1,      56.595068,      48.495001,      26.721639,       7.771551,      53.447510,      11.878068,     121.231322,      23.966873,      40.696744
1946,  2,      41.399367,      24.029211,      14.902981,       8.853604,      30.242740,      14.042389,      55.012478,      13.745399,      12.130950
1946,  3,      63.944152,      16.117042,      29.881293,      24.987459,      49.177352,      35.997749,     101.373390,       8.270977,       4.831633
1946,  4,      39.472872,       8.212871,      11.270670,      17.949485,      50.158845,      31.964511,     128.764076,       1.809120,       9.265141
1946,  5,       6.625065,       3.495923,       0.910853,       1.621771,      10.090578,       8.798517,     121.825363,       1.479603,       0.779509
1946,  6,       0.028408,       0.591496,       0.000776,       0.003685,       0.279473,       1.904440,      26.940790,       0.000000,       0.138575
1946,  7,       0.196976,       0.741377,       0.000000,       0.000000,       0.045283,       0.030890,       9.809912,       0.076002,       1.187375
1946,  8,       0.000508,       0.000000,       0.000000,       0.000000,       0.000259,       0.000000,       2.035719,       0.000000,       0.293216
1946,  9,       0.452641,       0.104815,       0.000000,       0.000000,       0.086169,       0.000297,       1.542923,       0.000729,       0.009324
1947, 10,       0.728132,       0.455837,       0.388481,       0.830581,       3.147997,       2.577362,       7.790069,       0.011328,       0.153803
1947, 11,      31.769968,      11.335528,      15.342302,      12.306686,      23.025261,      18.016878,      58.166820,      28.897783,      11.463520
1947, 12,      18.322071,       8.820140,      11.001853,      14.467935,       8.333537,      24.937078,      29.947129,      20.221998,      16.287212
1947,  1,       7.142694,       2.052790,       4.253653,       3.534956,       3.815356,       7.998212,      15.227835,       3.141429,       2.213811
1947,  2,      36.393993,      12.352712,      11.753609,       8.645650,      12.536308,      19.887329,      41.068744,      23.903234,      27.510332
1947,  3,      68.856924,      24.998121,      22.029096,       7.374672,      28.288511,      13.640354,      95.762672,      39.830032,      35.854653
1947,  4,      27.194646,      10.000152,       6.805930,       2.111027,      26.134392,      10.246161,      70.670569,       6.207175,       6.407155
1947,  5,       1.651258,       3.586369,       0.021594,       0.244612,       2.503113,       2.509889,      22.783187,       0.121220,       1.025482
1947,  6,       6.150742,       3.143991,       0.004397,       0.000244,       2.263254,       0.486495,       9.789165,       4.283565,       1.983135
1947,  7,       0.000000,       0.101608,       0.000000,       0.000000,       0.000000,       0.000479,       1.329011,       0.000000,       0.000000
1947,  8,       0.000000,       0.001604,       0.000000,       0.000000,       0.000000,       0.000000,       0.086801,       0.000000,       0.000000
1947,  9,       0.000000,       0.000000,       0.000000,       0.000000,       0.000000,       0.005392,       0.067252,       0.000000,       0.000000
1948, 10,      19.133032,       9.014270,       2.500189,       0.646664,      10.647640,       1.393767,      19.515559,      17.765244,      10.812723
1948, 11,       6.378353,       1.638315,       1.668096,       0.041469,       4.866671,       0.208602,       6.607332,       2.509848,       3.843244
1948, 12,       2.049467,       3.107645,       0.646785,       0.792474,       1.494867,       1.711613,       2.068511,       4.366798,       7.264730
1948,  1,      30.165466,       4.660906,       2.769919,       0.020054,       6.470237,       0.103546,      23.240458,       9.766754,       6.646216
1948,  2,      14.754879,       3.764604,       8.313498,       2.292416,       9.975571,       2.241008,      17.182755,       5.072168,       4.471150
1948,  3,      59.067452,      13.244802,      39.347530,      18.211529,      48.615392,      20.583241,      56.183065,      20.784204,      17.045219
1948,  4,     139.655270,      44.305325,      54.852069,      41.564221,      86.678125,      45.783623,     123.989157,      59.417377,      55.140309
1948,  5,      60.014838,      25.098008,      12.912954,       7.968722,      52.933805,      17.659370,     165.810572,      10.394031,      21.645648
1948,  6,      14.815874,      10.024662,       0.591056,       1.145804,      12.471719,       6.920549,      47.474919,       1.486689,      11.568343
1948,  7,       0.096343,       2.414443,       0.000000,       0.001129,       0.328911,       1.107373,      13.299036,       0.000000,       0.197558
1948,  8,       0.000000,       0.251203,       0.000000,       0.000000,       0.000000,       0.020341,       2.821892,       0.000000,       0.000000
1948,  9,       0.000000,       0.257957,       0.000000,       0.000000,       0.006715,       0.002617,       1.267324,       0.000000,       1.314601
1949, 10,       0.020086,       1.354630,       0.000000,       0.000027,       0.034302,       0.183979,       1.065062,       0.630479,       2.251405
1949, 11,      10.847801,       2.150925,       0.030263,       0.000000,       2.902199,       0.018052,       5.512640,       3.128162,       1.177993
1949, 12,      30.885612,      11.475730,       5.956213,       3.503192,      13.202103,       5.522828,      11.745418,      25.130510,      16.273345
1949,  1,      21.727578,       2.568498,      10.752143,       2.234550,       9.518393,       3.526608,       7.617500,       7.267253,       7.625352
1949,  2,      51.552845,       7.027168,      18.731859,       2.979058,      12.666938,       3.623956,      12.623440,      16.281322,      12.203497
1949,  3,     164.155902,      69.298852,      58.482795,      22.623656,      71.448077,      32.048321,      64.427014,      86.062723,     159.988299
1949,  4,      25.271344,      23.374310,       2.260736,       1.762537,      22.969374,       6.162232,     121.142858,       1.542752,      14.458991
1949,  5,       8.539779,       9.803160,       0.062904,       0.451349,       7.941580,       3.958209,      67.187405,       0.328705,       8.461922
1949,  6,       0.357388,       2.160668,       0.000000,       0.000096,       1.008503,       0.563162,      19.052588,       0.000000,       1.444854
1949,  7,       0.000000,       0.304405,       0.000000,       0.000000,       0.002176,       0.012800,       5.353583,       0.000000,       0.013926
1949,  8,       0.005994,       0.047385,       0.000000,       0.000000,       0.057960,       0.000000,       1.514075,       0.000000,       0.062673
1949,  9,       0.001382,       0.296360,       0.000000,       0.000000,       0.039099,       0.000000,       0.315490,       0.000874,       0.003025
1950, 10,       0.023495,       0.022813,       0.000000,       0.000000,       0.026556,       0.000000,       0.841771,       0.000000,       0.035530
1950, 11,      12.018130,       4.132264,       2.657361,       2.387607,       8.830119,       4.234267,      11.681494,      10.540471,       4.427528
1950, 12,      10.342727,       3.475381,       1.741949,       1.531592,       3.762291,       2.399073,       3.515739,       8.240596,       4.883406
1950,  1,     134.300043,      15.435601,      42.631771,       5.933805,      38.598801,       7.052600,      52.845082,      41.309100,      27.996529
1950,  2,     121.300380,      20.602326,      43.675363,      12.604498,      52.742451,      13.673543,      53.503808,      62.888632,      37.987506
1950,  3,      93.028618,      14.920140,      28.177737,       5.793879,      46.996476,       8.989496,      82.815995,      16.182908,      13.818580
1950,  4,      61.470210,      15.493794,      25.621389,      11.753408,      68.150093,      13.948662,     150.771462,      10.136786,       4.194249
1950,  5,      28.900269,       7.250436,       1.862414,       0.970978,      23.526030,       3.110515,     134.163399,       2.998926,       1.042559
1950,  6,       1.779313,       1.877554,       0.000323,       0.000000,       3.041025,       0.380149,      40.466437,       0.000000,       0.946425
1950,  7,       0.000008,       0.099184,       0.000000,       0.000000,       0.028962,       0.005555,      10.927041,       0.000000,       0.000000
1950,  8,       0.000000,       0.000040,       0.000000,       0.000000,       0.000000,       0.000000,       2.638063,       0.000000,       0.000000
1950,  9,       0.021741,       0.242541,       0.000000,       0.000000,       0.000071,       0.000000,       1.097741,       0.000000,       0.717362
1951, 10,      12.328773,      11.355299,       3.399744,       1.579404,       9.692275,       2.738362,      19.906554,      21.638387,       9.189347
1951, 11,     184.014282,      18.105952,      69.156176,      28.245135,     107.479187,      30.029902,     186.401092,      63.134028,      18.506931
1951, 12,     223.378479,      41.704911,      98.444741,      61.068973,     170.256087,      61.145942,     292.368624,     116.216969,      62.158942
1951,  1,     226.188688,      48.116521,      80.293198,      31.494887,     140.150353,      40.533432,     153.872556,      75.843423,      48.438046
1951,  2,      88.145026,      53.013146,      24.808417,      12.929162,      72.095999,      21.700203,      98.275302,      25.117332,      34.715657
1951,  3,     114.592980,      33.319554,      45.249306,      15.040664,      87.829842,      24.118531,     103.494241,      21.628118,       9.358231
1951,  4,      30.382923,      14.985433,       0.997548,       3.462362,      18.507878,      10.237924,      57.023889,       6.206170,       1.859755
1951,  5,      36.358213,      22.400617,       8.269282,       0.681767,      34.770930,       6.853594,      66.408791,      11.030319,      15.091245
1951,  6,       0.729308,       4.461868,       0.000000,       0.007683,       1.315289,       0.958337,      12.937216,       0.000000,       0.037988
1951,  7,       0.000000,       0.722764,       0.000000,       0.000000,       0.000000,       0.017989,       1.799113,       0.000000,       0.000000
1951,  8,       0.000000,       0.014235,       0.000000,       0.000000,       0.000000,       0.000000,       0.138171,       0.000000,       0.058241
1951,  9,       0.000000,       0.004970,       0.000000,       0.000000,       0.000000,       0.000000,       0.000000,       0.000000,       0.004548
1952, 10,      15.040216,       4.423536,       1.487733,       1.077385,      11.676577,       1.439933,      13.250073,       9.238007,       5.320555
1952, 11,      28.951256,      12.234808,       8.337120,       2.725081,      15.562689,       3.889354,      20.428462,      26.996665,      11.556429
1952, 12,     131.730295,      45.070536,      55.157942,      16.295241,      39.810113,      15.127419,      80.931210,     125.904003,      55.835040
1952,  1,     325.026654,     105.931434,     132.133431,      81.516150,     176.424098,      78.804784,     126.233744,     207.147676,     132.640304
1952,  2,     171.674531,      83.541563,      51.652844,      20.606884,     121.078717,      28.014708,     122.056943,      58.343500,      40.803328
1952,  3,     194.298420,      76.780063,      94.338951,      82.962495,     133.916824,      86.486347,     141.911444,      68.315213,      71.214492
1952,  4,      42.912369,      36.587485,       5.245839,      17.944139,      62.451485,      33.941708,     205.856651,       7.443582,       9.837990
1952,  5,      19.630911,      15.447789,       0.228525,       3.735861,      19.252034,      15.196496,     259.600264,       2.188829,       3.302283
1952,  6,       2.163967,       7.733339,       0.001455,       0.033025,       3.147434,       4.251860,      67.852020,       2.861339,       1.530058
1952,  7,       1.021882,       0.601192,       0.000103,       0.000000,       0.755027,       0.236359,      23.187667,       0.074689,       1.594523
1952,  8,       0.010099,       0.006639,       0.000306,       0.000000,       0.054702,       0.027121,       6.170980,       0.000000,       0.853789
1952,  9,       0.187998,       0.000000,       0.000000,       0.003955,       0.317830,       0.084817,       3.253370,       0.000000,       0.000000
1953, 10,       0.001191,       0.346647,       0.000000,       0.000000,       0.000000,       0.000000,       0.197322,       0.000000,       0.363736
1953, 11,      10.535121,       4.434350,       1.906941,       2.134959,       6.480138,       2.909785,       8.696985,      11.634137,      11.343861
1953, 12,      57.562821,      45.957706,      12.663406,       9.105607,      19.807035,       7.877358,      23.186447,     145.891972,     124.597954
1953,  1,     152.157050,      87.334101,      32.561790,      10.563603,      42.041598,      10.146877,      47.656569,     164.751242,     105.854236
1953,  2,      23.827736,      32.059868,       1.956712,       0.637685,       5.607344,       0.903639,      12.986042,      10.345054,      10.231729
1953,  3,      82.282014,      33.204440,      12.572553,       2.466259,      27.979020,       4.147608,      59.555675,      33.256314,      12.714659
1953,  4,      62.721039,      21.614786,       9.379240,       3.538093,      22.387659,       5.544942,     114.729016,      16.854196,       7.527370
1953,  5,      45.199893,      13.844084,       4.280189,       1.240398,      33.881182,       3.051322,     112.179190,       2.959655,       8.594013
1953,  6,      14.945343,       5.949665,       0.556830,       0.614850,      20.798806,       1.549684,      64.564457,       2.202751,       2.713779
1953,  7,       0.197327,       0.986825,       0.000000,       0.000000,       1.868357,       0.014530,      19.836653,       0.000000,       0.000099
1953,  8,       0.002083,       0.868136,       0.000000,       0.000000,       0.002555,       0.000000,       5.111836,       0.174944,       0.376677
1953,  9,       0.011570,       0.001016,       0.000000,       0.000000,       0.075204,       0.000000,       0.831202,       0.005888,       0.503523
1954, 10,       3.486881,       2.077852,       0.842914,       0.050640,       2.535001,       0.107172,       5.550514,       2.323496,       1.497192
1954, 11,      15.738031,      12.009573,       1.922621,       2.536688,       7.731618,       2.749734,       9.779549,      21.943669,      15.648612
1954, 12,       9.344075,       2.218441,       2.152341,       1.619455,       7.196063,       1.759533,       4.912783,       3.260532,       1.546692
1954,  1,      73.966773,      40.438857,      11.524546,       5.398317,      16.258623,       7.066401,      33.317821,      80.358645,      50.053257
1954,  2,      83.041942,      40.035378,      11.348056,      15.933167,      23.947838,      16.189163,      40.890740,      63.202302,      44.337042
1954,  3,     112.261552,      47.089362,      32.311284,      34.328950,      56.160202,      32.471716,     101.953780,      50.740882,      42.353253
1954,  4,      66.974840,      40.421710,       9.828670,      11.098108,      38.391793,      15.083687,     126.522150,      34.058173,      21.005188
1954,  5,      15.012005,      14.205588,       1.075567,       2.463478,      12.163419,       7.461838,      46.477179,       0.796927,       2.340094
1954,  6,       5.468465,       6.012761,       0.378291,       1.198159,       5.363614,       3.858034,      18.871808,       0.702078,       6.133003
1954,  7,       0.000000,       0.641094,       0.000000,       0.000000,       0.000108,       0.137344,       3.156675,       0.000000,       0.000000
1954,  8,       0.041100,       3.580104,       0.000000,       0.000000,       0.000003,       0.000000,       0.259498,       5.324882,       3.069318
1954,  9,       0.038927,       0.026854,       0.000000,       0.000000,       0.000000,       0.000000,       0.000000,       0.000006,       1.865962
1955, 10,       0.095840,       0.625912,       0.000000,       0.000000,       0.000000,       0.000000,       0.000000,       0.444275,       0.132701
1955, 11,      13.853557,      12.083216,       1.632489,       1.832382,       7.377945,       3.730481,      12.889592,      26.047196,      26.863955
1955, 12,      43.487529,      19.503938,      12.400957,       3.812582,      22.187220,       4.488357,      28.015627,      31.502231,      34.817737
1955,  1,      67.201638,      12.434658,      34.035198,       6.579137,      26.813683,       8.145699,      26.156199,      13.191884,      21.206084
1955,  2,      27.261512,       8.556986,      11.583042,       2.884834,      14.176840,       3.878324,      17.300400,       7.461097,       3.938625
1955,  3,      30.834013,       6.341083,       6.582023,       2.013399,      19.745534,       4.354495,      25.852672,       2.659287,       4.917235
1955,  4,      51.420187,      21.615047,      11.078661,       7.618296,      31.639152,      12.170025,      41.668075,      22.697665,      25.283496
1955,  5,      15.285083,      10.907661,       2.945393,       4.957051,      17.871556,       8.351207,     102.184758,       0.338866,      12.417930
1955,  6,       0.789395,       3.429021,       0.000000,       0.024201,       1.399507,       1.098925,      44.895035,       0.000000,       0.241937
1955,  7,       0.026052,       0.574456,       0.000000,       0.000000,       0.007574,       0.076834,      12.102724,       0.000000,       0.891459
1955,  8,       0.000000,       0.000215,       0.000000,       0.000000,       0.000250,       0.000000,       2.962544,       0.000000,       0.000000
1955,  9,       0.207721,       0.490158,       0.000000,       0.000000,       0.000745,       0.000000,       1.131589,       0.334135,       0.081880
1956, 10,       0.148118,       0.306927,       0.000000,       0.000000,       0.000004,       0.000000,       0.183978,       0.009617,       0.153459
1956, 11,      13.739274,       6.574922,       1.890766,       1.620488,       8.494702,       2.813563,       9.027750,       8.121295,      10.566207
1956, 12,     369.221200,      93.393103,     124.904269,     108.785613,     152.223946,      95.515559,     285.455466,     314.796008,     116.174247
1956,  1,     303.778900,     144.279705,     141.480953,      82.772762,     185.959516,      88.510260,     225.702792,     213.920861,     152.660502
1956,  2,     123.601667,     141.964998,      33.461584,      26.336080,      78.661645,      36.287156,     107.688034,     223.982129,      86.341039
1956,  3,      53.572332,      80.804470,       5.368011,      11.115637,      41.436538,      22.563011,      68.193396,      29.483481,      21.654243
1956,  4,      37.897187,      37.529012,       4.168545,      11.154197,      21.792151,      28.208942,      87.331861,      17.614553,      11.619986
1956,  5,      43.996292,      16.450356,      20.445257,      10.466829,      55.248352,      30.790802,     231.022218,       3.213240,       6.478168
1956,  6,       1.998540,       5.244692,       0.000425,       0.245187,       6.508139,       6.002148,      68.262745,       0.022778,       0.445853
1956,  7,       0.001819,       0.915576,       0.000000,       0.000000,       0.173222,       0.678457,      20.043584,       0.000000,       0.000614
1956,  8,       0.000000,       0.055661,       0.000000,       0.000000,       0.000248,       0.014312,       4.938971,       0.000000,       0.000000
1956,  9,       0.124979,       0.262625,       0.018844,       0.000000,       0.225847,       0.000681,       3.228558,       0.000000,       0.077156
1957, 10,       9.759144,       5.208168,       0.780021,       0.211565,       4.241761,       0.579246,      14.343268,      11.331443,       2.075241
1957, 11,       5.265207,       0.166560,       0.553737,       0.001313,       4.729931,       0.481930,       2.549613,       0.560948,       2.850796
1957, 12,       6.367488,       0.533111,       1.647497,       0.552498,       5.842217,       1.324074,       4.887991,       0.619843,       0.109065
1957,  1,      20.127754,      12.861814,       7.800198,       2.798241,      13.825005,       4.278482,      18.603090,      19.994463,      23.518015
1957,  2,      68.777256,      34.779390,      19.408027,       3.528933,      18.656777,       5.274149,      71.159062,      54.693427,      25.662836
1957,  3,      92.040429,      28.297252,      42.748808,       4.498735,      58.079546,       6.940230,     115.407389,      19.448838,      26.014345
1957,  4,      49.494589,      21.148420,       4.918456,       1.760938,      22.842394,       2.998068,      68.845649,      12.901873,      15.232750
1957,  5,      96.132319,      26.415625,      20.732886,      13.114228,      53.103214,      19.120862,     102.333767,      20.380578,       8.751666
1957,  6,       6.164906,       9.233530,       0.063743,       0.281548,       9.125458,       2.076148,      36.669590,       0.084848,       0.452487
1957,  7,       0.000000,       2.560914,       0.000000,       0.000000,       0.077039,       0.113984,       9.236230,       0.000000,       0.002190
1957,  8,       0.000000,       0.301557,       0.000000,       0.000000,       0.000542,       0.000000,       0.901951,       0.000000,       0.000000
1957,  9,       1.209938,       7.844817,       0.000000,       0.039308,       0.000426,       0.139827,       0.567874,       8.522255,       3.109372
1958, 10,       7.977260,      15.560102,       0.902682,       0.412796,       1.662377,       0.796245,       4.773033,      26.515682,      36.478136
1958, 11,       7.996778,       3.007382,       1.070763,       0.510525,       5.798699,       0.617258,       8.237178,       3.463488,       4.243761
1958, 12,      37.092881,      22.085205,       6.898399,       3.999513,      14.323903,       5.922985,      18.546659,      28.126511,      26.092784
1958,  1,      65.051002,      61.385986,      23.775022,       5.128673,      17.330870,       6.383412,      50.500529,      67.508854,      65.682097
1958,  2,     202.640444,     226.783653,      86.979669,      32.330855,      84.391257,      40.604326,     129.892125,     278.210253,     298.862160
1958,  3,     196.102461,     181.973001,     106.012042,      87.011932,     129.722265,      96.222050,     183.610745,     159.365187,     158.123198
1958,  4,     241.163654,     168.397292,     152.919767,     117.325515,     233.080902,     121.037213,     253.347124,     172.099708,     102.515441
1958,  5,      28.093451,      58.963967,       1.048595,      11.184103,      38.233187,      28.703932,     203.846576,       9.726156,      15.399079
1958,  6,       8.019678,      23.421737,       0.068307,       1.409651,      11.302840,      11.532118,      55.216225,       2.379688,       2.747879
1958,  7,       0.002576,       8.123319,       0.000000,       0.000883,       0.488511,       1.993929,      17.031434,       0.003624,       1.794421
1958,  8,       0.000000,       0.865320,       0.000000,       0.000000,       0.074295,       0.060616,       4.886269,       0.000000,       0.146542
1958,  9,       0.710855,       0.017522,       0.000000,       0.030287,       0.306666,       0.317483,       2.523417,       0.000000,       0.010874
1959, 10,       0.103607,       0.186109,       0.000000,       0.000000,       0.000812,       0.001194,       0.421063,       0.000000,       0.671973
1959, 11,       4.297586,       1.269561,       0.045232,       0.016311,       1.914982,       0.341803,       4.165337,       0.132494,       0.646030
1959, 12,       4.955662,       3.033795,       0.447577,       0.080841,       2.442544,       0.222354,       4.552221,       6.031560,       3.248826
1959,  1,      47.485931,      32.892401,      14.656872,       4.118240,      21.003402,       4.708844,      41.028048,      69.612063,      39.884807
1959,  2,      95.118392,      61.530104,      47.779370,      14.413872,      20.507826,      19.284026,      40.981649,     101.260576,      74.244918
1959,  3,      25.177269,      22.611096,       4.490287,       1.112834,       9.871660,       3.342905,      44.941879,       8.258425,      11.155150
1959,  4,      17.348985,       9.310274,       1.365077,       1.948342,       7.917395,       4.446855,      49.264805,       1.495007,       3.406886
1959,  5,       6.318772,       2.921927,       0.071959,       0.196813,       2.700764,       1.728447,      25.805048,       0.028087,       0.633499
1959,  6,       0.176779,       0.465779,       0.000005,       0.000000,       0.019793,       0.239934,       7.588183,       0.000000,       0.004586
1959,  7,       0.000000,       0.001499,       0.000000,       0.000000,       0.034910,       0.003536,       2.319154,       0.000000,       0.000000
1959,  8,       0.000000,       0.008212,       0.000000,       0.000000,       0.015329,       0.000000,       0.569687,       0.000000,       0.748239
1959,  9,       9.368073,       4.786562,       3.531334,       4.914999,       5.034330,       6.087490,      12.560937,      12.224751,       6.545538
1960, 10,       0.000000,       0.000438,       0.000000,       0.000000,       0.000000,       0.000001,       0.002961,       0.000000,       0.003190
1960, 11,       0.000000,       0.001930,       0.000000,       0.000000,       0.000000,       0.000000,       0.000413,       0.000000,       0.000000
1960, 12,       8.119900,       5.104352,       0.619662,       0.397026,       2.866485,       0.539557,       3.171357,      10.155526,       7.641803
1960,  1,      42.087879,      14.281187,       6.513080,       2.804213,      16.009931,       3.321498,      15.816961,      32.761264,      20.526684
1960,  2,     144.301483,      44.723326,      39.593012,      11.358474,      36.627358,      12.330409,      73.433374,     110.507233,      67.990813
1960,  3,      85.500366,      32.668844,      10.930849,       8.681577,      29.523164,      10.539119,      70.081923,      48.211574,      38.263109
1960,  4,      39.139797,      12.973505,       6.930082,       7.547303,      18.402174,       9.570462,      53.709075,       9.440056,       9.278154
1960,  5,      20.584521,       8.540288,       0.920482,       2.192431,      10.344214,       3.620429,      34.874752,       6.297081,       5.957870
1960,  6,       0.893057,       1.853204,       0.000001,       0.000002,       0.212179,       0.312836,       8.491221,       0.000000,       0.322084
1960,  7,       0.007329,       0.223363,       0.000000,       0.000000,       0.016022,       0.001097,       2.522620,       0.000000,       0.000000
1960,  8,       0.000000,       0.001520,       0.000000,       0.000000,       0.000000,       0.000000,       0.062707,       0.000000,       0.000000
1960,  9,       0.000000,       0.000000,       0.000000,       0.000000,       0.000000,       0.000000,       0.242714,       0.000000,       0.000000
1961, 10,       0.006238,       1.406054,       0.000000,       0.064458,       0.209355,       0.235539,       2.102847,       1.993923,       0.461995
1961, 11,      27.347329,      10.790241,       3.370370,       2.832742,      12.022797,       4.637189,      15.830023,      18.756697,      13.833613
1961, 12,      10.888072,      21.859616,       3.243634,       1.803278,       5.520359,       3.095743,       7.005388,      34.683742,      36.463898
1961,  1,       4.350202,      15.369625,       1.016283,       1.620927,       1.135751,       2.259092,       6.325244,      30.340297,      22.347290
1961,  2,      29.096654,      24.379294,       1.891982,       0.251373,       4.809880,       0.641743,      18.781382,      26.616422,      52.748739
1961,  3,      47.125404,      35.737296,       8.638667,       1.659298,      10.575268,       3.375116,      27.772404,      31.190897,      30.996220
1961,  4,      26.518401,      18.842138,       3.267776,       0.508141,       7.177502,       1.400896,      43.317383,       8.948543,       6.583581
1961,  5,      16.750432,       8.378745,       1.026268,       0.209018,       4.468809,       0.851110,      34.364761,       0.751012,       1.669942
1961,  6,       2.668939,       2.221283,       0.002522,       0.003794,       0.486303,       0.120144,       9.791540,       0.100644,       1.373625
1961,  7,       0.000000,       0.235613,       0.000000,       0.000000,       0.190353,       0.000000,       3.400046,       0.000000,       0.000000
1961,  8,       0.001114,       0.219307,       0.000000,       0.000000,       0.003752,       0.000000,       1.458348,       0.000000,       2.445535
1961,  9,       0.028386,       0.355442,       0.111286,       0.000000,       0.551981,       0.000140,       5.080828,       0.220587,       1.291620
1962, 10,       0.854256,       0.299469,       0.066030,       0.000000,       0.533437,       0.014171,       2.664356,       0.013452,       0.213700
1962, 11,       6.017991,      13.496829,       0.700697,       1.178060,       1.758805,       2.380545,       7.961655,      20.667240,       9.917364
1962, 12,      23.076910,      12.581698,       3.821585,       2.546711,       9.006002,       3.286083,       8.039344,      30.332392,      27.745370
1962,  1,      24.696927,       3.865218,       3.075169,       2.853677,       6.520507,       3.389909,       6.440229,       9.453814,       6.851090
1962,  2,     221.483232,      71.324378,      75.654661,      64.402254,      64.841662,      67.052699,     127.106932,     140.519957,      83.523375
1962,  3,     131.834459,      75.468382,      51.700892,      36.891490,      55.267732,      46.787082,      57.000244,      84.974799,      79.466768
1962,  4,      33.921584,      21.873121,       2.075934,       5.201380,      16.929951,      13.567037,     132.146248,       3.901592,       6.024898
1962,  5,      13.902701,       9.134062,       0.066545,       1.165520,       7.321386,       7.747250,      89.376221,       0.191648,       1.910362
1962,  6,       0.540673,       2.217101,       0.000000,       0.023403,       0.569735,       1.795629,      25.961047,       0.000000,       0.852193
1962,  7,       0.000000,       0.136601,       0.000000,       0.000000,       2.157984,       0.123650,      10.143310,       0.000000,       0.000000
1962,  8,       0.008896,       0.095804,       0.000000,       0.000000,       0.013415,       0.000000,       2.071305,       0.000000,       1.490123
1962,  9,       0.000000,       0.421516,       0.000000,       0.000000,       0.000000,       0.000000,       0.214991,       0.255044,       0.265699
1963, 10,     134.298043,      26.170797,       5.194233,       2.607480,      31.892649,       2.400509,      34.410292,      79.451211,      23.029597
1963, 11,      22.332278,       3.954740,       0.874888,       0.000668,       2.729182,       0.026396,       4.661809,       5.591860,       3.926057
1963, 12,      65.827802,      13.854363,       3.765060,       1.932332,      11.974240,       0.850507,      16.722294,      30.776626,      17.273842
1963,  1,      30.676557,      31.494906,       5.458325,      10.668586,       0.667393,       3.608041,      75.714698,      65.170166,       8.586401
1963,  2,     181.872508,      74.784658,      73.181620,      44.495280,     111.455725,      50.259808,     176.145610,     115.813976,      80.827996
1963,  3,     101.693477,      60.418747,      35.508475,      18.480513,      50.519448,      28.126675,      85.101320,      64.314766,      41.727845
1963,  4,     188.207642,     103.947017,      78.857437,      57.554177,     138.007743,      61.280269,     188.348258,     117.360998,      72.247259
1963,  5,      44.999035,      47.860538,      11.372388,      11.509617,      55.439972,      22.041926,     180.778790,      12.444310,      12.630650
1963,  6,       7.621761,      16.500001,       0.242829,       1.277809,      12.473023,       7.848144,      55.648785,       0.074380,       1.007938
1963,  7,       0.225616,       5.007182,       0.000000,       0.000645,       0.658835,       1.634232,      15.525207,       0.000000,       0.012916
1963,  8,       0.000000,       0.517841,       0.000000,       0.000000,       0.000039,       0.061888,       3.237541,       0.000000,       0.000000
1963,  9,       0.071564,       0.002767,       0.000000,       0.000000,       0.370467,       0.052328,       3.940530,       0.000000,       0.000000
1964, 10,       6.809837,       5.638224,       1.339707,       0.366473,       6.423356,       0.814445,      11.122297,       6.273049,       6.232622
1964, 11,      49.910299,      16.858902,       7.373071,       7.097191,      21.156951,      11.234007,      61.031710,      39.266968,      21.920598
1964, 12,       9.733183,       2.193706,       0.882087,       0.187719,       2.115898,       1.335715,      15.860947,       2.749273,       3.236329
1964,  1,      90.354549,      19.688381,      24.458357,       3.209008,      25.145811,       4.585960,      31.292443,      35.206164,      15.829781
1964,  2,      17.117333,       3.252722,       2.392132,       0.046969,       6.121016,       0.686534,      11.164744,       0.690141,       1.751295
1964,  3,      39.394926,       6.546992,       9.261837,       2.619021,      15.702754,       5.278714,      33.415579,       8.756832,       7.173758
1964,  4,      18.885401,       2.375617,       4.101913,       1.471361,      12.957027,       4.966350,      65.658213,       0.593947,       1.078101
1964,  5,      18.070680,       1.749356,       2.879587,       0.826493,      23.877232,       2.924549,      74.297961,       1.119325,       0.479861
1964,  6,       5.512953,       0.680511,       0.300175,       0.568305,       5.112478,       1.555336,      27.113655,       1.122125,       1.361335
1964,  7,       0.000213,       0.013346,       0.000000,       0.000000,       0.014509,       0.015766,       6.907225,       0.000000,       0.002147
1964,  8,       0.000261,       0.000000,       0.000000,       0.000000,       0.000059,       0.000369,       1.422796,       0.000000,       0.002012
1964,  9,       0.094854,       0.022442,       0.006235,       0.000014,       0.052157,       0.050409,       0.512191,       0.000000,       0.308180
1965, 10,       2.981877,       4.442072,       1.238955,       1.897610,       1.461481,       2.060411,       6.225920,       6.910313,       5.100795
1965, 11,      31.436549,      17.594859,       9.956577,       5.331686,      20.143026,       7.790460,      22.594296,      32.806822,      31.819367
1965, 12,     354.374513,      91.453009,     114.137711,      38.241499,     164.496850,      36.967643,     274.929658,     183.941357,      76.546030
1965,  1,     270.561984,     136.340819,      95.658345,      58.302152,     172.698252,      71.758654,     197.772025,     180.549107,     100.486812
1965,  2,      46.789012,      40.249107,       8.926822,      10.876430,      44.700016,      20.935624,      91.079903,      15.758078,      12.880515
1965,  3,      49.332859,      20.207608,       8.916207,       7.829664,      35.118411,      21.562284,      75.834564,       7.680560,       7.700652
1965,  4,     107.392508,      53.513889,      51.055537,      36.505945,      87.038645,      55.105754,     165.226444,      36.321012,      63.967123
1965,  5,      15.821635,      20.219720,       0.385600,       2.723180,      19.323815,      13.086509,     137.791862,       0.313768,       4.753000
1965,  6,       1.634268,       6.650348,       0.016435,       0.076390,       3.193473,       4.033148,      51.392421,       0.000000,       0.079076
1965,  7,       0.015063,       1.041091,       0.000000,       0.000000,       0.002403,       0.375066,      13.397433,       0.000000,       0.016444
1965,  8,       1.079259,       2.439513,       0.344866,       0.000000,       4.549867,       0.004768,      18.017603,       2.694123,       4.248130
1965,  9,       0.012909,       0.000000,       0.000255,       0.000000,       0.162630,       0.000000,       3.088376,       0.000000,       0.000000
1966, 10,       0.468611,       0.024340,       0.042920,       0.000000,       1.300538,       0.016972,       2.231963,       0.000000,       0.000371
1966, 11,      30.537983,      19.025863,      17.293320,      13.878573,      23.537834,      17.990371,      75.844448,      35.172457,      36.913392
1966, 12,      33.299426,      14.318967,      18.446065,      10.013031,      11.012853,       8.722767,      34.436451,      29.456060,      10.272950
1966,  1,      78.765665,      56.331554,      20.107287,       9.966432,      24.816219,       9.592013,      22.742747,      99.425853,      50.891756
1966,  2,      49.023907,      52.296205,      17.278137,       7.780252,      36.794365,      14.163084,      32.214415,      45.139871,      55.712033
1966,  3,      30.442563,      24.897262,       1.458334,       1.491629,      19.741552,       4.520405,      68.091276,       6.264729,      10.915382
1966,  4,      22.545330,      11.607321,       0.737738,       0.463100,      11.022726,       2.932187,     110.625595,       5.139867,       2.235835
1966,  5,       3.551855,       3.939188,       0.012764,       0.263887,       2.175605,       1.345342,      31.849920,       0.060036,       0.296572
1966,  6,       0.019821,       0.723728,       0.000000,       0.000000,       0.110836,       0.108122,       9.509068,       0.000000,       0.000000
1966,  7,       0.000000,       0.022098,       0.000000,       0.000000,       0.000000,       0.000000,       2.176925,       0.000000,       0.000000
1966,  8,       0.000000,       0.596494,       0.000000,       0.000000,       0.000839,       0.000000,       0.480132,       0.381228,       0.081882
1966,  9,       0.000000,       0.226983,       0.000000,       0.000000,       0.000000,       0.000000,       0.204284,       0.189258,       0.870157
1967, 10,       0.000000,       0.000000,       0.000000,       0.000000,       0.000000,       0.000000,       0.000000,       0.000000,       0.001902
1967, 11,      41.050236,      20.010098,       5.309656,       2.561416,      15.400688,       3.027181,      24.516065,      43.832704,      24.161356
1967, 12,      96.606473,      27.417622,      34.456052,      22.769373,      22.636215,      29.294215,      78.903327,      72.675632,      31.841088
1967,  1,     186.487310,      80.215351,      52.315418,      22.209910,      48.851869,      27.678082,      92.307375,     232.328681,      79.302464
1967,  2,      78.623936,      44.988239,      25.295899,      12.844869,      43.786815,      20.731798,      54.542522,      23.736319,      39.769085
1967,  3,     132.002688,      78.049008,      59.273252,      47.955656,      82.928093,      67.934772,     148.986033,      83.324066,      33.328925
1967,  4,     153.505740,      70.837605,     131.035474,      92.500443,     149.250864,     121.204904,     167.487747,      77.560136,      72.500104
1967,  5,      39.512482,      35.655527,      11.770436,      16.099831,      69.579468,      36.963216,     293.501386,       5.629057,      11.807357
1967,  6,      20.129849,      18.868231,       0.740832,       3.502293,      20.749889,      18.018989,     113.749827,      12.020130,      13.789310
1967,  7,       0.010172,       3.509932,       0.000000,       0.000000,       0.782254,       2.486411,      30.280754,       0.000000,       0.004455
1967,  8,       0.000000,       0.195783,       0.000000,       0.000000,       0.210560,       0.158561,       9.809437,       0.000000,       0.026379
1967,  9,       0.525328,       0.050838,       0.000110,       0.000000,       0.315876,       0.160321,       5.713143,       0.000000,       0.129569
1968, 10,       5.313961,       2.373527,       0.887074,       0.000000,       4.737055,       0.035423,       6.209902,       2.416663,       1.013720
1968, 11,       8.189404,       5.824948,       0.841943,       2.346661,       5.181775,       1.491647,       7.993001,       8.532046,       6.784242
1968, 12,      29.284865,       9.173050,       7.746904,       2.965172,      13.604157,       5.813252,       7.456465,      19.447989,      16.097516
1968,  1,      50.594611,      49.779676,      10.088730,       1.965400,       9.947758,       2.646301,      20.361635,      89.150403,      51.378745
1968,  2,     100.420694,      51.775053,      33.681026,       1.331662,      30.551526,       3.323471,      55.275548,      49.221264,      92.254644
1968,  3,      58.487130,      51.945989,      18.800215,       2.150371,      28.010883,       3.884476,      72.006996,      38.771326,      25.589690
1968,  4,      16.588688,      21.295176,       1.481631,       0.693772,       7.228443,       1.613960,      56.513750,       3.958851,       4.337461
1968,  5,       5.875865,       9.053672,       0.411064,       0.610228,       4.034995,       1.547213,      27.246478,       1.326194,       2.817841
1968,  6,       0.896985,       1.769319,       0.000000,       0.063542,       0.178158,       0.381343,       7.542970,       0.000000,       0.645394
1968,  7,       0.000000,       0.029997,       0.000000,       0.000000,       0.000000,       0.000000,       1.827549,       0.000000,       0.000000
1968,  8,       2.690438,       3.294037,       0.127814,       0.000000,       1.447973,       0.000000,       4.868915,       1.429611,       5.325090
1968,  9,       0.000000,       0.026522,       0.000000,       0.000000,       0.000000,       0.000000,       0.054433,       0.000000,       0.136741
1969, 10,       8.697990,       2.500600,       0.290585,       0.288978,       0.716077,       0.702538,       5.967253,       9.273195,       0.512114
1969, 11,      23.446105,       6.086921,       6.981511,       2.635604,      18.056857,       3.435764,      29.391908,      10.102730,      11.517199
1969, 12,      72.208366,      39.635215,      21.649861,       6.758394,      16.739251,       8.240869,      31.892694,      64.398752,      57.114837
1969,  1,     401.547832,     118.334844,     190.468024,     146.093066,     194.486643,     156.186609,     352.528108,     257.235025,     123.474035
1969,  2,     251.413584,     147.451057,     135.188486,     144.235336,     140.149015,     159.802277,     177.818655,     184.710677,     159.250853
1969,  3,     105.198093,      88.951882,      52.359286,      85.898965,     104.816599,      91.324597,     151.626143,      49.630844,      86.811907
1969,  4,      67.556102,      39.166911,      27.887589,      44.556146,      73.475824,      75.888005,     183.125721,      20.281940,      14.181466
1969,  5,      18.020134,      15.120124,       0.121085,       9.081778,      15.242068,      31.064163,     197.530463,       0.426354,       0.692444
1969,  6,       0.920285,       5.503178,       0.003244,       1.325053,       1.933040,      15.810039,      46.162920,       0.022792,       0.900347
1969,  7,       0.000147,       0.604656,       0.000000,       0.000246,       0.052586,       3.305760,      13.905608,       0.000000,       0.000559
1969,  8,       0.000000,       0.000015,       0.000000,       0.000000,       0.000000,       0.219271,       3.079245,       0.000000,       0.000000
1969,  9,       0.000000,       0.000000,       0.000000,       0.000000,       0.042561,       0.033273,       2.066007,       0.000000,       0.000000
1970, 10,       8.586595,       4.092747,       2.942691,       2.542941,       7.500421,       3.761948,      14.488758,       8.947231,       5.361923
1970, 11,       9.029922,       2.338366,       3.873295,       1.793900,       9.189357,       2.374623,      13.745433,       4.097530,       1.566628
1970, 12,     103.368558,      38.238747,      24.569466,       2.279811,      24.401092,       4.257850,      76.376266,     101.164565,      49.166185
1970,  1,     351.717634,     179.934361,     125.787438,      29.618798,     145.688952,      35.685493,     287.632679,     352.769943,     172.200210
1970,  2,      76.315751,     101.848048,      29.883576,      12.690466,      62.596289,      17.985375,     123.368993,      64.272641,      56.888219
1970,  3,      94.921242,      66.664382,      43.292249,      28.489010,      66.601751,      35.596513,     111.793326,      39.863318,      37.701064
1970,  4,      28.645604,      23.785645,       2.886927,       3.577384,      19.186441,      10.060115,      47.553447,       3.023783,       3.482388
1970,  5,       7.206382,       9.261310,       0.211602,       0.347736,       3.879139,       4.040415,      38.503015,       0.021594,       0.077450
1970,  6,       2.220178,       2.982363,       0.481873,       1.339613,       4.039426,       2.289943,      18.665279,       0.540614,       0.273862
1970,  7,       0.013758,       0.033056,       0.000000,       0.000000,       0.121207,       0.052906,       3.146645,       0.000000,       0.153009
1970,  8,       0.000000,       0.000000,       0.000000,       0.000000,       0.000000,       0.000000,       0.390195,       0.000000,       0.000000
1970,  9,       0.000000,       0.000000,       0.000000,       0.000000,       0.000000,       0.000000,       0.074363,       0.000000,       0.000000
1971, 10,       5.049111,       2.073238,       0.020177,       0.000000,       2.033420,       0.018353,       2.982233,       3.791760,       2.143871
1971, 11,      44.677529,      21.576415,       9.922204,       4.099940,      19.603262,       4.769926,      49.156008,      61.353736,      24.072286
1971, 12,     190.791122,      45.858353,      75.758884,       6.045046,      59.366757,      12.500533,      51.265190,     150.276082,      84.373901
1971,  1,     104.543369,      54.673374,      31.498765,       4.122598,      49.299989,       7.604587,      29.628634,      44.956120,      55.251345
1971,  2,      29.520948,      17.123101,       1.881673,       0.553340,      20.319661,       2.069637,      29.325504,       4.369134,       6.543520
1971,  3,     106.112658,      43.422907,      15.161534,       2.409587,      52.326827,       6.144340,      97.568922,      32.264834,      29.681832
1971,  4,      34.419274,      22.198720,       1.114862,       0.325842,      25.422214,       2.371708,     108.485991,       4.678910,       7.490345
1971,  5,      20.126820,      10.075371,       0.510078,       1.151255,      12.088171,       5.145802,     142.639736,       1.363424,       4.488437
1971,  6,       5.689086,       2.590619,       0.057317,       0.000294,       4.614962,       0.566663,      49.320974,       0.015395,       1.097504
1971,  7,       0.102770,       0.271391,       0.003421,       0.000000,       0.670989,       0.010539,      15.039301,       0.000000,       0.612082
1971,  8,       0.000000,       0.057581,       0.000000,       0.000000,       0.000987,       0.000000,       4.149297,       0.000000,       0.016814
1971,  9,       0.273369,       0.352690,       0.021251,       0.000000,       0.002940,       0.000058,       2.843978,       0.118618,       0.066905
1972, 10,       3.138544,       0.484565,       0.175854,       0.000000,       2.196720,       0.014708,       2.695737,       0.121611,       0.446415
1972, 11,      12.034791,       5.364526,       2.548484,       1.073450,       9.981369,       2.178932,      24.568710,       7.882197,       6.115724
1972, 12,      52.074365,      16.511011,      30.979224,       3.789255,      33.041157,       6.305411,      39.775754,      38.851096,      20.931379
1972,  1,      32.306413,       4.458516,      11.662078,       0.349639,      12.197873,       0.725037,       9.005272,      10.254050,      10.856979
1972,  2,      62.625007,       7.688764,      12.552296,       1.086979,      26.184140,       0.752755,      24.187904,      14.896560,      12.438429
1972,  3,      29.273555,       5.186990,       0.591306,       0.000000,      16.562701,       0.060425,     102.127215,       2.866593,       2.803802
1972,  4,      42.380133,      11.190509,       3.428926,       2.054375,      26.802958,       3.035233,      90.574506,       9.745537,       4.091701
1972,  5,       7.864577,       3.077623,       0.011252,       0.000000,       4.964240,       0.088902,      39.803424,       0.110716,       4.375177
1972,  6,       0.805970,       0.554557,       0.000000,       0.016451,       0.630383,       0.197827,      12.631246,       0.013526,       0.349439
1972,  7,       0.000000,       0.010021,       0.000000,       0.000000,       0.000000,       0.000000,       2.437201,       0.000000,       0.000000
1972,  8,       0.000000,       0.007303,       0.000000,       0.000000,       0.039651,       0.006793,       1.017495,       0.000000,       0.012962
1972,  9,       4.427058,       1.950856,       0.105768,       0.000000,       3.449036,       0.026961,       5.527757,       1.711539,       0.768496
1973, 10,       4.069690,       5.792924,       0.001376,       0.000308,       1.455823,       0.044149,       3.962062,       9.545777,      11.061453
1973, 11,      33.398853,      16.088310,       4.548221,       4.354068,      14.767123,       5.451966,      21.648894,      37.075144,      32.264787
1973, 12,      45.100741,      10.779612,       9.407876,       1.697991,      12.666780,       1.685504,      26.475588,      20.656072,      35.096457
1973,  1,     216.700023,     118.011874,      68.287991,      11.664685,      90.026156,      13.691445,     115.950076,     205.905886,     137.581029
1973,  2,     152.710187,     131.639304,      69.061628,      32.799089,      99.948251,      29.436088,      99.703695,     154.250448,     157.213378
1973,  3,     117.241843,      90.830597,      56.916617,      36.441036,      90.682148,      45.800427,      93.117609,      49.449910,      97.474268
1973,  4,      40.873643,      35.518976,       6.558584,       6.327245,      33.392582,      12.494041,     100.546052,       5.731416,      13.008908
1973,  5,      10.328196,      14.132530,       0.037724,       0.815343,       7.905890,       5.441603,      95.211358,       0.057954,       1.051140
1973,  6,       0.222016,       3.886042,       0.000000,       0.011859,       0.515028,       1.185347,      21.778698,       0.000000,       0.085456
1973,  7,       0.000000,       0.244584,       0.000000,       0.000000,       0.056007,       0.007497,       7.026795,       0.000000,       0.000000
1973,  8,       0.004148,       0.138477,       0.000000,       0.000000,       0.027205,       0.000000,       2.216888,       0.000000,       0.000000
1973,  9,       2.540746,       1.025088,       0.000000,       0.000000,       0.009523,       0.000000,       0.196021,       0.356738,       0.117724
1974, 10,       9.644855,       5.582990,       2.724707,       2.083036,       9.270879,       2.154082,      13.801255,       9.300645,       6.162292
1974, 11,     141.756043,      29.328027,      13.247404,       4.442558,      30.357825,       7.437584,      74.170360,      81.775049,      32.464797
1974, 12,     159.096386,      38.220838,      43.557077,       7.590414,      58.837427,      10.563880,     115.483945,      63.118687,      52.216956
1974,  1,     178.605931,      84.931768,      49.085136,      18.059282,     105.713021,      24.615071,     114.615567,     100.639167,      75.417697
1974,  2,      66.932273,      42.402588,       6.544206,       2.497710,      37.171796,       5.349606,      50.999993,      18.276581,      15.443395
1974,  3,     236.539656,     114.195982,      69.756333,      35.337712,     104.485801,      54.815720,     184.573453,     143.395827,      59.253526
1974,  4,     128.994946,      62.486013,      39.662565,      29.136862,      94.412641,      38.594226,     151.685772,      33.902790,      39.293795
1974,  5,      20.196698,      22.280931,       0.347171,       2.480291,      20.991605,       9.862244,     103.010873,       0.920424,       3.418119
1974,  6,       1.443096,       7.314232,       0.000000,       0.007316,       2.147003,       2.099212,      23.871171,       0.000000,       1.964051
1974,  7,      32.947283,       4.400061,      17.574268,       0.030877,      14.506099,       0.340772,      23.564479,       4.568910,       7.287037
1974,  8,       0.001715,       0.227976,       0.000000,       0.000000,       0.072099,       0.000000,       2.742830,       0.000000,       0.136060
1974,  9,       0.000000,       0.000000,       0.000000,       0.000000,       0.000000,       0.000000,       0.176913,       0.000000,       0.000000
1975, 10,       5.431372,       2.453459,       1.578480,       0.731353,       4.702186,       1.421949,       8.582493,       3.499613,       2.840031
1975, 11,       6.141780,       1.644785,       1.352451,       0.863749,       7.446361,       1.383471,       8.109435,       2.295527,       2.832526
1975, 12,      12.379890,       8.918080,       4.492899,       5.349060,       6.730342,       5.092985,      11.447993,      21.297943,      23.865069
1975,  1,      16.786745,       3.396274,      10.842053,       1.997967,      10.052718,       2.639155,      21.509305,       5.454942,       7.079886
1975,  2,     145.904488,      52.616146,      53.088571,      22.855381,      56.318293,      13.806426,      68.869046,      78.566202,     102.381690
1975,  3,     160.029762,     104.183926,      90.655018,      42.302919,     113.350999,      43.743369,     155.570197,     103.737438,     149.932219
1975,  4,      83.853654,      43.339302,      38.075444,      26.076219,      82.347250,      28.420438,     116.420767,      13.297999,      28.867897
1975,  5,      24.103965,      18.119477,       1.616231,       4.393711,      32.640615,      10.685765,     207.157917,       0.504881,       3.197222
1975,  6,       1.616425,       5.720372,       0.000000,       0.027705,       4.779226,       2.314488,      60.829962,       0.000000,       0.005344
1975,  7,       0.008464,       1.615397,       0.000000,       0.000000,       0.231135,       0.228091,      17.813494,       0.064970,       2.211107
1975,  8,       1.874255,       0.419383,       0.245790,       0.000000,       2.975199,       0.089067,      13.018817,       0.000000,       1.484634
1975,  9,       0.000000,       0.000000,       0.000000,       0.000000,       0.031381,       0.002321,       2.122109,       0.000000,       0.000000
1976, 10,      16.991262,       5.698343,       2.482933,       1.219914,      12.664001,       2.272404,      30.902121,      10.068167,      10.370889
1976, 11,       9.107646,       1.899205,       1.800644,       0.254547,       5.661231,       1.375673,      14.099505,       1.140410,       2.088227
1976, 12,       6.541006,       1.585340,       0.348905,       0.021244,       3.284524,       0.235197,       5.737974,       0.822082,       3.199454
1976,  1,       2.197720,       0.443126,       0.121605,       0.012320,       0.688312,       0.073639,       4.635324,       0.491055,       0.524187
1976,  2,      10.249719,       3.068317,       1.786843,       2.691390,       5.554264,       5.563887,      15.999208,       2.975656,       2.189862
1976,  3,      12.075438,       2.311284,       4.985683,       2.018490,       6.254479,       2.450030,      30.595136,       4.250635,       5.631074
1976,  4,       7.209213,       6.251405,       1.110911,       0.160586,       4.145334,       0.478156,      29.183033,       7.535354,       8.495732
1976,  5,       0.151133,       0.132149,       0.055191,       0.000024,       0.389448,       0.017499,      15.369888,       0.000000,       0.066266
1976,  6,       0.514262,       0.175509,       0.000000,       0.000000,       0.023911,       0.000000,       4.114067,       0.000000,       1.161698
1976,  7,       0.000000,       0.010102,       0.000000,       0.000000,       0.057342,       0.000000,       2.239605,       0.000000,       0.012889
1976,  8,       4.803908,       0.897650,       0.977357,       0.000000,       6.348915,       0.020399,      14.333773,       1.255323,       7.771473
1976,  9,       1.864862,       0.186365,       0.158257,       0.119920,       2.107156,       0.884291,       4.305640,       0.285763,       1.166836
1977, 10,       0.079365,       0.436798,       0.022028,       0.008895,       0.823860,       0.110145,       2.716374,       0.104674,       0.830991
1977, 11,       5.203027,       2.858140,       1.015749,       0.173784,       3.791204,       0.170805,       5.654229,       4.021563,       2.432242
1977, 12,       0.200199,       1.236107,       0.000097,       0.002829,       0.001250,       0.040740,       0.278440,       3.501224,       0.771396
1977,  1,      11.376298,       4.110823,       1.896611,       1.255448,       5.977554,       1.738172,       6.354235,       7.996190,       9.512759
1977,  2,       7.791183,       3.806915,       1.006047,       0.229945,       3.759568,       0.434196,      12.466679,       6.523762,       4.280820
1977,  3,       3.813559,       5.189722,       0.797813,       0.105794,       2.307954,       0.190407,       7.812144,       9.404412,      15.453318
1977,  4,       0.313375,       0.062675,       0.080713,       0.000000,       0.575306,       0.000007,      12.423159,       0.065659,       2.091156
1977,  5,       7.561993,       2.329451,       0.910783,       0.218691,       5.497356,       1.018037,      24.512172,       1.748204,       8.980526
1977,  6,       0.002769,       0.042665,       0.000022,       0.069096,       0.063833,       0.498956,       8.617914,       0.000000,       0.150743
1977,  7,       0.000000,       0.001494,       0.000000,       0.000000,       0.102172,       0.000000,       2.778673,       0.000000,       0.031845
1977,  8,       0.112614,       0.005704,       0.000000,       0.000000,       0.000000,       0.000000,       0.084799,       0.000000,       0.006993
1977,  9,       0.025788,       2.612433,       0.004730,       0.000000,       0.128032,       0.000000,       1.479931,       1.941873,       0.724955
1978, 10,       0.032460,       0.887256,       0.000000,       0.000000,       0.013346,       0.000000,       0.534902,       0.648007,       0.476919
1978, 11,      17.165782,       8.933336,       2.817211,       1.977158,      10.517645,       2.577596,      14.765380,      27.239759,      13.372381
1978, 12,      52.836791,      15.498682,      14.822386,       8.386418,      22.052361,       9.843839,      46.201385,      40.570593,      36.975435
1978,  1,     262.109482,     116.623535,      78.330575,      51.444769,      80.608665,      35.872570,     111.634862,     247.823354,     196.552920
1978,  2,     121.950551,      99.395394,      54.885105,      83.293592,      57.325201,      70.945103,      71.452437,     122.187421,     145.609895
1978,  3,     169.688525,      90.625318,      74.429505,      71.666545,      80.742852,      82.581741,     171.919170,      71.327126,     102.550237
1978,  4,     130.515435,      58.371964,      85.327593,      69.112393,     102.506667,      80.367812,     173.914312,      23.743940,      42.669515
1978,  5,      31.019358,      23.865372,       2.950564,      13.751458,      30.207409,      24.907927,     170.942640,       0.572779,       4.790930
1978,  6,       2.499305,       8.233465,       0.000001,       0.639038,       4.317831,       8.177322,      47.685355,       0.000000,       0.035972
1978,  7,       0.064767,       1.874302,       0.000000,       0.000035,       0.104144,       1.470719,      12.965209,       0.000000,       0.000000
1978,  8,       0.011199,       0.038956,       0.000000,       0.000000,       0.000000,       0.011825,       3.062262,       0.000000,       0.000000
1978,  9,       7.554913,       2.337662,       1.006033,       0.428794,       5.194389,       1.333794,      14.234069,       2.128406,       2.026874
1979, 10,       0.000026,       0.000000,       0.000000,       0.000000,       0.000000,       0.000068,       0.188243,       0.000000,       0.000000
1979, 11,      16.315391,       2.027057,       1.694333,       2.553656,       4.800827,       3.938392,       4.806081,       3.589805,       4.327332
1979, 12,       6.733377,       0.682707,       4.442728,       1.694203,       5.864278,       2.820814,       4.832144,       1.984532,       0.530813
1979,  1,      65.500605,      19.136220,      43.627343,      15.495919,      22.593387,      15.566351,      45.033241,      48.231690,      40.454441
1979,  2,     115.198591,      34.997248,      70.767250,      37.647748,      46.120713,      31.979745,      40.625374,      66.755821,      57.848512
1979,  3,     106.258782,      37.546670,      73.469140,      39.588994,      72.146466,      49.298869,     111.793451,      29.251942,      40.126289
1979,  4,      43.489104,      20.163328,       6.593397,      11.545176,      32.050911,      15.054952,     113.738225,       9.950682,      22.884811
1979,  5,      31.842725,      12.684909,       3.582762,       2.184723,      23.818851,       7.392864,     124.163048,       3.106341,       8.045537
1979,  6,       0.633841,       3.586912,       0.000000,       0.000192,       1.638759,       1.280479,      30.378587,       0.000000,       0.089590
1979,  7,       0.784666,       0.652181,       0.000000,       0.000000,       1.035363,       0.150192,      10.178347,       0.000000,       0.000000
1979,  8,       0.001282,       0.051175,       0.000000,       0.000000,       0.003439,       0.000000,       1.679000,       0.000000,       0.277872
1979,  9,       0.001388,       0.034854,       0.000000,       0.000000,       0.010286,       0.000000,       0.063035,       0.000000,       1.019364
1980, 10,      13.491789,       7.346425,       1.406664,       0.743128,       7.325099,       1.268636,      13.134303,      12.755516,       8.719386
1980, 11,      13.841625,      13.056948,       4.847190,       1.234656,       8.382838,       2.082854,      16.531383,      14.512997,      21.223495
1980, 12,      33.988318,      33.817145,       8.545121,       2.823949,      10.848479,       2.226504,      14.482044,      43.109670,      40.827152
1980,  1,     231.656441,      92.267817,     135.349024,      64.521936,     125.531970,      46.355281,     232.059583,     117.022071,      90.864044
1980,  2,     221.880196,     125.848398,     122.748454,     100.548983,     135.640910,      82.452957,     240.699177,     178.981411,     164.840946
1980,  3,     103.673614,      83.897904,      42.772036,      60.408414,      78.579004,      57.981063,     148.326354,      45.713879,      69.160182
1980,  4,      50.923412,      37.306045,       5.851083,      16.436878,      34.416262,      24.378262,     120.841212,      11.944174,      18.506289
1980,  5,      24.880395,      14.507892,       0.953268,       6.503155,      13.275427,      14.517588,     100.200421,       1.113199,       2.134923
1980,  6,       5.168346,       5.536821,       0.005463,       0.560735,       2.262386,       4.999856,      27.132902,       0.174867,       2.279667
1980,  7,       4.401483,       0.822520,       5.105749,       0.000371,      13.535377,       1.017527,      13.704384,       0.011953,       0.000163
1980,  8,       0.000000,       0.004231,       0.000000,       0.000000,       0.071173,       0.004865,       2.119513,       0.000000,       0.000000
1980,  9,       0.000000,       0.170492,       0.000000,       0.000000,       0.016239,       0.000704,       1.068999,       0.000000,       0.557818
1981, 10,       0.295478,       1.049599,       0.000000,       0.001670,       0.460306,       0.092709,       1.842978,       0.069744,       0.945148
1981, 11,       1.447947,       0.674867,       0.000000,       0.017609,       0.368151,       0.137632,       1.463087,       0.099538,       0.506224
1981, 12,      12.660410,      11.111446,       2.119027,       1.765886,       6.953521,       2.041533,       8.459827,      28.159310,      19.040211
1981,  1,      42.650242,      23.808993,      28.263655,       8.253200,      18.014220,       7.378581,      43.144646,      51.644146,      52.041303
1981,  2,      24.146018,      13.426292,      11.667235,       0.896611,      12.688418,       3.121922,      20.585391,      12.284050,      35.549626
1981,  3,      69.072997,      22.310767,      35.768683,       9.104509,      38.124593,      10.794224,      60.618644,      19.187085,      44.260826
1981,  4,      20.420550,      11.321899,       4.839769,       1.992970,      13.699780,       3.102851,      63.861146,       1.968097,      12.694669
1981,  5,       8.061250,       5.252476,       0.222299,       0.062217,       5.873357,       1.091373,      32.475979,       0.491785,       5.930402
1981,  6,       0.162959,       0.903019,       0.000023,       0.000000,       0.156922,       0.062538,       8.986339,       0.000000,       0.289801
1981,  7,       0.000000,       0.100401,       0.000000,       0.000000,       0.000000,       0.000000,       2.056397,       0.000000,       0.000513
1981,  8,       0.000000,       0.000000,       0.000000,       0.000000,       0.000000,       0.000000,       0.179402,       0.000000,       0.000000
1981,  9,       2.024871,       1.234453,       0.000000,       0.000000,       0.465157,       0.000000,       1.863004,       0.746023,       1.609865
1982, 10,      13.288752,       7.644807,       1.435961,       0.492770,       6.638418,       0.347406,      14.354238,      12.738011,       8.555756
1982, 11,     109.258010,      25.888308,      26.163284,       4.873892,      36.105651,       4.663318,      84.838134,      56.964750,      35.886345
1982, 12,     221.404729,      63.727604,      44.710087,       4.223756,      67.195900,       3.042371,     134.618173,     109.223393,      61.714433
1982,  1,     214.303819,      82.948526,     136.570736,      60.680973,     199.702511,      49.324123,     135.373152,     120.854030,      91.490187
1982,  2,     180.378228,      63.129287,     109.549411,      57.643092,     167.688065,      45.365386,     203.787559,      80.015445,      56.903141
1982,  3,     160.239672,      80.386322,     142.642141,      87.683977,     146.027484,      87.305126,     258.787716,     112.196754,      48.608022
1982,  4,     305.628469,     116.216116,     176.029068,     128.270058,     231.468820,     135.319184,     320.071188,     176.622251,      67.636456
1982,  5,      27.759586,      36.866729,       0.964530,      11.972821,      40.784565,      30.064383,     172.073797,       5.591176,       3.780934
1982,  6,       5.467334,      13.392616,       0.000000,       1.876657,       6.998137,      12.707823,      47.541921,       0.003809,       1.076615
1982,  7,       1.311810,       3.936720,       0.000000,       0.091967,       1.465356,       4.745869,      12.251021,       0.109662,       2.567242
1982,  8,       0.000000,       0.246984,       0.000000,       0.000000,       0.000000,       0.374978,       2.265031,       0.000000,       0.019704
1982,  9,       4.733796,       2.730253,       0.635357,       0.908086,       7.328022,       1.895951,      14.287020,       2.537706,       1.375871
1983, 10,      21.207340,       8.229176,       9.531062,       2.792280,      11.940337,       3.085313,      59.241015,      12.739056,       7.887868
1983, 11,      57.072654,      15.522783,      46.225704,      14.095515,      24.832020,      18.221103,      96.546573,      47.425062,      26.855095
1983, 12,     202.034333,      39.638094,     111.715252,      61.497414,     141.258484,      70.767475,     157.248528,      46.857681,      69.843784
1983,  1,     137.330063,     105.956915,     128.745270,      70.540066,     122.928247,      68.377503,     167.830563,     146.171170,     122.812713
1983,  2,     231.544877,     160.334950,     132.926679,      99.142264,     175.434150,      92.538737,     237.663514,     215.213376,     148.043336
1983,  3,     379.531902,     303.215485,     263.881557,     156.644466,     292.429094,     148.273798,     338.016148,     327.009137,     325.205612
1983,  4,     116.815599,     140.071914,      54.818486,      40.543653,     130.854680,      56.574048,     176.843239,      66.591359,      79.041772
1983,  5,      76.320551,      73.273650,      30.018732,      23.674329,      97.393256,      47.317305,     250.853843,      17.062482,      43.588329
1983,  6,       6.015663,      27.620298,       0.000000,       1.358521,      14.450285,      14.464238,     121.433902,       0.660513,       2.392559
1983,  7,       0.708982,      10.598073,       0.000000,       0.000006,       0.996077,       3.130074,      29.358667,       0.000000,       0.584653
1983,  8,       0.029486,       3.490173,       0.000000,       0.000000,       0.043258,       0.149523,      10.693556,       0.022424,       0.590852
1983,  9,       0.736364,       1.529706,       0.128484,       0.064361,       0.924094,       0.084961,      10.611216,       0.204184,       1.392449
1984, 10,       6.246378,       1.949534,       0.176457,       0.049436,       0.795828,       1.202094,       6.628281,       2.722627,       0.755684
1984, 11,     151.736249,      42.918564,      86.767212,       7.365835,      83.689419,      11.592269,     187.102225,      67.694424,      71.444753
1984, 12,     244.211769,     154.509062,     146.282736,      28.399290,     140.583817,      24.448498,     203.777509,     179.186438,     217.601514
1984,  1,      56.150627,      66.148748,      14.125996,       6.273660,      53.261241,       6.782351,      88.072891,      15.397804,      51.991946
1984,  2,      79.788609,      46.700011,      28.277220,       4.921173,      62.888579,       8.136617,      71.617999,      13.564523,      19.195965
1984,  3,      59.849846,      35.747362,      25.974210,       4.973090,      55.837381,      10.315930,     107.072196,      14.691293,      12.725323
1984,  4,      38.047966,      17.036818,       2.502343,       1.384261,      25.811239,       3.959617,      85.933792,       3.622111,       4.909410
1984,  5,      13.188539,       6.362201,       0.430358,       0.073124,       9.755911,       1.192621,     127.579795,       0.034031,       0.472283
1984,  6,       3.499316,       1.985910,       0.097062,       0.255030,       3.058916,       0.430283,      38.310182,       0.125524,       0.082723
1984,  7,       0.000535,       0.047646,       0.000000,       0.000000,       0.058330,       0.000000,      11.035222,       0.000000,       0.000000
1984,  8,       0.001530,       0.247718,       0.000000,       0.000000,       0.000000,       0.000000,       2.663990,       0.469022,       0.089028
1984,  9,       0.019763,       0.142903,       0.000000,       0.000000,       0.000431,       0.000000,       1.022576,       0.101270,       0.325844
1985, 10,       6.629467,       3.812921,       1.284688,       0.663615,       6.863945,       0.888113,      11.885940,       4.735863,       4.160619
1985, 11,      44.594610,      24.841864,      15.356546,       2.805520,      21.306961,       3.859451,      51.453546,      60.444817,      43.657072
1985, 12,      22.718300,       9.097615,       9.189946,       0.830833,       7.653851,       1.718580,      10.588829,      14.805842,      30.956268
1985,  1,      11.074451,       3.433946,       2.840323,       0.419471,       4.502567,       0.667408,       8.675261,       4.731820,       4.614681
1985,  2,      56.827629,      27.708068,      18.372536,       2.207028,      20.621057,       2.865460,      26.410389,      38.224109,      18.173618
1985,  3,      64.818043,      41.426379,      27.364706,       4.454650,      33.921572,       5.363599,      49.932436,      29.869466,      36.241365
1985,  4,      14.162584,      14.429823,       1.869919,       0.110731,      21.169144,       0.431285,     126.110704,       0.717653,       9.369325
1985,  5,       1.319514,       5.336373,       0.000012,       0.000000,       2.541210,       0.003582,      39.951458,       0.000000,       0.465379
1985,  6,       0.684163,       1.040375,       0.014823,       0.004387,       0.828929,       0.023162,      11.763251,       0.000000,       0.214865
1985,  7,       0.000000,       0.006658,       0.000000,       0.000000,       0.000000,       0.000000,       2.918048,       0.008757,       0.000000
1985,  8,       0.000000,       0.022690,       0.000000,       0.000000,       0.000248,       0.000000,       0.393354,       0.046453,       0.021282
1985,  9,       2.842778,       2.728489,       0.236813,       0.000000,       1.989178,       0.000000,       7.628795,       2.052339,       4.026279
1986, 10,       2.800143,       2.780966,       0.625963,       0.062041,       2.809179,       0.170514,       6.957950,       3.234302,       2.196609
1986, 11,      28.213581,       8.848968,       7.315040,       4.400532,      14.345889,       5.381576,      30.322909,      20.144682,       9.411611
1986, 12,      35.138208,       7.546009,      14.645456,       1.215317,      11.889474,       2.534528,      21.171173,      18.850331,      22.278421
1986,  1,      62.609561,      37.153007,      20.557794,       2.037396,      24.883114,       2.040776,      61.023836,      49.231748,      32.912229
1986,  2,     476.645366,     245.296136,     229.253634,     139.470255,     278.693902,      89.405337,     448.534676,     481.079497,     232.813653
1986,  3,     234.956626,     166.864377,     131.793358,      91.386416,     173.432741,      73.755478,     335.222768,     185.116416,     134.450011
1986,  4,      45.772464,      56.073481,       6.805759,      16.754424,      45.370102,      21.324986,     128.035295,      21.029903,      21.300888
1986,  5,      23.590284,      23.444928,       0.663265,       5.479476,      17.045363,      12.002302,      65.146842,       4.826207,       2.904608
1986,  6,       0.485720,       7.576114,       0.000000,       0.108865,       0.702569,       3.309324,      16.001921,       0.000000,       0.000000
1986,  7,       0.000000,       1.410020,       0.000000,       0.000001,       0.401843,       0.506407,       7.395716,       0.000000,       0.053828
1986,  8,       0.000000,       0.000454,       0.000000,       0.000000,       0.000573,       0.000894,       0.661672,       0.000000,       0.006083
1986,  9,      11.898112,       2.100870,       1.049210,       0.209835,       3.310067,       0.747383,       7.904568,       1.761909,       0.830083
1987, 10,       0.349262,       0.589391,       0.001966,       0.000000,       0.444256,       0.012825,       0.054390,       0.221323,       1.162677
1987, 11,       1.040648,       0.062666,       0.005103,       0.000000,       0.237447,       0.000053,       1.348864,       0.000000,       0.265666
1987, 12,       3.072574,       3.647360,       0.196783,       0.000177,       1.496307,       0.061489,       1.791549,       3.129459,       4.097379
1987,  1,      14.610919,       8.509956,       2.495237,       1.323369,       8.321106,       2.618325,      10.226433,      10.467716,      11.998658
1987,  2,      38.125298,       8.618685,      11.548092,       3.580360,      12.575910,       4.419407,      30.034111,      21.722549,      20.221432
1987,  3,      55.990991,      24.367718,      31.072552,       2.491792,      15.541230,       3.746036,      42.657518,      36.772871,      38.019734
1987,  4,       8.221363,       3.266433,       1.119951,       0.049100,       0.765626,       0.166757,      23.478886,       0.044622,       2.734930
1987,  5,       3.421021,       1.304755,       0.112348,       0.000704,       1.624312,       0.038219,      14.304344,       0.298301,       0.212803
1987,  6,       0.031795,       0.151269,       0.000000,       0.000000,       0.047097,       0.000000,       3.661083,       0.000000,       0.000569
1987,  7,       0.002700,       0.152513,       0.000000,       0.000000,       0.000000,       0.000000,       0.650596,       0.000000,       2.819049
1987,  8,       0.000000,       0.000000,       0.000000,       0.000000,       0.000000,       0.000000,       0.007823,       0.000000,       0.118798
1987,  9,       0.000000,       0.000000,       0.000000,       0.000000,       0.000000,       0.000000,       0.071819,       0.000000,       0.000000
1988, 10,       1.152004,       2.418747,       0.071403,       0.181188,       0.829924,       0.529928,       3.489331,       2.432706,       3.902943
1988, 11,       5.706341,       5.948939,       0.455296,       0.022005,       1.711253,       0.118362,       5.232907,       8.546678,       8.994863
1988, 12,      42.584457,      21.636262,       2.316372,       1.368169,       6.786373,       1.477293,       9.837109,      47.844362,      42.358927
1988,  1,      62.937617,      60.087542,       8.235057,       2.328687,      11.399611,       3.564917,      14.116243,      77.442895,     106.411323
1988,  2,      15.435590,      13.802622,       0.735571,       0.341703,       0.336519,       0.157265,       7.387962,       3.279559,      12.682457
1988,  3,      15.938196,       5.641503,       1.760703,       1.582726,       3.662332,       2.407895,      20.999434,       0.765581,       3.147813
1988,  4,      20.232526,       5.901329,       3.558214,       2.973450,       7.577202,       4.809286,      31.657021,       7.598604,       6.714773
1988,  5,       6.957290,       2.901514,       0.271328,       0.256152,       0.292014,       0.601290,      13.867421,       3.318497,       6.616658
1988,  6,       1.785079,       0.732439,       0.023528,       0.000375,       0.482082,       0.060500,       4.944310,       0.249426,       3.569208
1988,  7,       0.000419,       0.000132,       0.000000,       0.000000,       0.002471,       0.000000,       0.885115,       0.000000,       0.000000
1988,  8,       0.000000,       0.000000,       0.000000,       0.000000,       0.000009,       0.000000,       0.012986,       0.000000,       0.000000
1988,  9,       0.000000,       0.000000,       0.000000,       0.000000,       0.020722,       0.000000,       0.328491,       0.000000,       0.000000
1989, 10,       0.000000,       0.195870,       0.000000,       0.000000,       0.000000,       0.000000,       0.000000,       0.000000,       0.095940
1989, 11,      42.181939,       9.772300,       3.228723,       2.378694,      12.705946,       2.942728,      16.869243,      17.862144,      15.264563
1989, 12,      27.288753,       7.609039,       5.164792,       1.715647,       4.858550,       2.399115,       6.150128,      21.381713,      10.636183
1989,  1,      33.775864,       1.946840,       6.982774,       0.871571,       5.362542,       0.962654,       5.334488,       4.037044,       7.341505
1989,  2,      28.140596,       1.125842,       5.111318,       2.107719,       5.605508,       1.536167,      11.190853,       2.504562,       2.178329
1989,  3,     246.768053,      39.163447,      34.137232,       7.611519,      42.565919,       7.477922,     104.684888,      60.224056,      45.718842
1989,  4,      47.341017,      10.503891,       4.174623,       0.511970,      11.878570,       0.758384,     103.781760,       5.917220,       7.299466
1989,  5,      16.693848,       3.530796,       0.060235,       0.782058,       3.205696,       1.517952,      34.747086,       0.145639,       3.044550
1989,  6,       1.934645,       1.283391,       0.000000,       0.000000,       1.134722,       0.081859,      11.920919,       0.138685,       0.531109
1989,  7,       0.000024,       0.098956,       0.000000,       0.000000,       0.006832,       0.000000,       2.606789,       0.002126,       0.007654
1989,  8,       0.188422,       0.000577,       0.000000,       0.000000,       0.031519,       0.000000,       1.008558,       0.000000,       0.000000
1989,  9,       5.677207,       7.270022,       1.696843,       0.184113,       5.748002,       0.452716,      11.827944,       8.339236,      11.622199
1990, 10,      14.368812,       9.900528,       7.868410,       1.602759,      11.989362,       1.387091,      24.780139,      17.869681,      11.450473
1990, 11,      14.693233,       3.444404,       5.058599,       2.044631,       9.267920,       2.171680,      28.457084,       7.321179,       2.107955
1990, 12,       0.958246,       0.000896,       0.651296,       0.000000,       0.871936,       0.011833,       5.742356,       0.000000,       0.528140
1990,  1,      44.707374,      17.615622,       8.811562,       3.155107,      12.016757,       3.846604,      29.446654,      26.446664,      28.081852
1990,  2,      56.133490,      17.876035,      16.757799,       9.914341,      15.689184,       5.677563,      21.949227,      17.392940,       9.454323
1990,  3,      37.602307,      11.224785,      14.939732,       3.808026,      23.014545,       6.011021,      69.376767,       4.102184,       7.150377
1990,  4,      13.585070,       3.658888,       1.630948,       0.836266,       8.723916,       1.842274,      47.513666,       0.006554,       0.410463
1990,  5,      17.199645,      14.611152,       2.650915,       1.074606,       6.846736,       2.683727,      32.177357,      17.919667,       9.145328
1990,  6,      13.714800,       3.178248,       1.788092,       0.000282,       5.081995,       0.364896,      18.226924,       0.119672,       5.461761
1990,  7,       0.029072,       0.736335,       0.000000,       0.000000,       0.428882,       0.000998,       5.479198,       0.000000,       0.030341
1990,  8,       0.000000,       0.020126,       0.000000,       0.000000,       0.004224,       0.000000,       1.156903,       0.000000,       0.042020
1990,  9,       0.003783,       1.080085,       0.000000,       0.000000,       0.119829,       0.000000,       1.265888,       0.002633,       0.133946
1991, 10,       0.427944,       1.540972,       0.000000,       0.000000,       0.205997,       0.000000,       0.928517,       0.540178,       0.220633
1991, 11,       2.638296,       0.797269,       0.382507,       0.000027,       2.620521,       0.068666,       2.803903,       0.945825,       1.532471
1991, 12,       3.129783,       2.185871,       0.185166,       0.110815,       1.035276,       0.284182,       1.403981,       2.060189,       3.154825
1991,  1,       1.514275,       0.835018,       0.017216,       0.426880,       0.457948,       0.755193,       0.962682,       1.141132,       1.360461
1991,  2,       8.321335,       6.954547,       0.803340,       1.176799,       4.474957,       0.133276,       7.048997,      14.186069,       9.019224
1991,  3,     152.636387,      71.683927,      58.420194,      67.756978,      43.731285,      49.973050,      67.927207,     135.451030,      98.020377
1991,  4,      33.594921,      22.281423,       9.246069,       9.684156,       8.511022,       8.401119,      39.906967,       2.139253,      20.697998
1991,  5,      24.230038,       9.285442,       1.229857,       3.330268,       5.523921,       5.317411,      50.440955,       0.160467,       3.380553
1991,  6,       7.903119,       3.833793,       0.180340,       0.102884,       1.627677,       1.677951,      18.335974,       1.077408,       0.790305
1991,  7,       2.156861,       0.489426,       0.182610,       0.000000,       3.108967,       0.093319,       5.616877,       0.005430,       1.104187
1991,  8,       0.002804,       0.000000,       0.000000,       0.000000,       0.005686,       0.000000,       1.880487,       0.000000,       0.000000
1991,  9,       0.000000,       0.000000,       0.000000,       0.000000,       0.000000,       0.000000,       0.575490,       0.000000,       0.000000
1992, 10,      11.973346,       2.388796,       4.867264,       2.852922,      13.204446,       4.068772,      18.330676,       6.549200,       0.964688
1992, 11,       6.112419,       2.647416,       1.010652,       0.447566,       3.320371,       0.677069,       8.194966,       4.089290,       3.112559
1992, 12,      10.425926,       6.714974,       1.806302,       1.626396,       3.534042,       1.480136,       9.423790,      12.830495,       9.439840
1992,  1,      10.520343,       5.343344,       2.832420,       0.912933,       5.150268,       2.286960,       8.668959,       9.143067,      12.518736
1992,  2,      87.530285,      29.847434,      30.735111,      11.805555,      22.803719,      11.731071,      45.595644,      49.971913,      67.912915
1992,  3,      49.025291,      36.996352,      19.712494,       9.720861,      18.983532,      10.284288,      61.289016,      32.556046,      69.479623
1992,  4,      22.970857,      14.272121,       1.294395,       1.904098,       4.549564,       3.003397,      29.560928,       6.620629,      14.436624
1992,  5,       1.997966,       4.745580,       0.000000,       0.006625,       0.109810,       0.657391,       8.814858,       0.142067,       0.631649
1992,  6,       0.747576,       2.936295,       0.002867,       0.000000,       0.143012,       0.006945,       5.672834,       1.639042,       2.648732
1992,  7,       2.393863,       0.267441,       0.564231,       0.150900,       2.991624,       1.172569,       9.423137,       0.059292,       3.006158
1992,  8,       0.000000,       0.000000,       0.000000,       0.000000,       0.031449,       0.000000,       1.560514,       0.000000,       0.000000
1992,  9,       0.000000,       0.000000,       0.000000,       0.000000,       0.019520,       0.000000,       0.085788,       0.000000,       0.000000
1993, 10,       7.188440,       5.637246,       0.641683,       1.209367,       1.262019,       1.487418,      12.057571,      10.466214,       6.142497
1993, 11,       5.081873,       1.143752,       0.566964,       0.058311,       5.578017,       1.120381,       2.055022,       0.880820,       3.242353
1993, 12,      63.335896,      24.604587,      29.577119,      12.044355,      28.012413,       9.622014,      47.090242,      49.606483,      40.798461
1993,  1,     230.361461,     130.159362,     137.187025,     142.552903,     140.299501,      88.288921,     106.749835,     276.584668,     176.507500
1993,  2,     156.619321,     142.794953,      81.040830,      69.684436,      94.121660,      62.327904,      95.630823,     170.317946,     172.921966
1993,  3,     106.354532,      86.010652,      56.337933,      48.260790,      90.615244,      49.539681,     186.026760,      37.692013,      42.146657
1993,  4,      56.785036,      40.217176,      20.984454,      17.367653,      50.460191,      22.757024,     176.802182,      12.565333,      12.457137
1993,  5,      23.617985,      24.729692,       0.711798,       4.434728,      15.842006,      11.895340,     149.600150,       7.431168,       8.245579
1993,  6,      24.924674,      18.370576,       1.984832,       3.287649,      18.238202,      10.543760,      56.378641,       5.831327,      14.984577
1993,  7,       0.118358,       4.745044,       0.000000,       0.000377,       0.318306,       1.775018,      14.883042,       0.000000,       0.058407
1993,  8,       0.051962,       0.928390,       0.000000,       0.000000,       0.000000,       0.058323,       3.348498,       0.000000,       0.000000
1993,  9,       0.000000,       0.037264,       0.000000,       0.000000,       0.000000,       0.000165,       0.359626,       0.000000,       0.000000
1994, 10,       1.744559,       1.499694,       0.146757,       0.018434,       2.171123,       0.226202,       5.495316,       2.112753,       1.560921
1994, 11,       3.669017,       5.025521,       0.371698,       0.370379,       0.913951,       0.802722,       4.760366,      11.435420,       2.969693
1994, 12,      30.464985,       9.367218,       2.640872,       2.540062,      13.447611,       3.596990,       8.252078,      23.008844,      11.722949
1994,  1,       9.797753,       6.976906,       3.143347,       1.134818,       7.096400,       2.039057,       9.143154,      11.113421,      11.014211
1994,  2,      46.793170,      25.271232,      22.926110,       9.103699,      15.814323,       9.068896,      24.861738,      35.755610,      45.051643
1994,  3,      17.779374,       7.072702,       3.371777,       0.985070,       4.337889,       1.836409,      28.887864,       0.853886,       7.368731
1994,  4,      13.856856,       7.656728,       4.090979,       4.728787,       7.086377,       6.901033,      27.234184,       7.676876,       8.753326
1994,  5,       5.323881,       4.288407,       1.051428,       1.263033,       5.436916,       2.925884,      28.735127,       5.310017,       8.247766
1994,  6,       0.074819,       0.510242,       0.000000,       0.007727,       0.077661,       0.499608,       7.837910,       0.000000,       0.041982
1994,  7,       0.000000,       0.024915,       0.000000,       0.000000,       0.000000,       0.000000,       1.483215,       0.000000,       0.000000
1994,  8,       0.000000,       0.000000,       0.000000,       0.000000,       0.000000,       0.000000,       0.010314,       0.000000,       0.000000
1994,  9,       0.028401,       0.028765,       0.000000,       0.000000,       0.012722,       0.006023,       1.682642,       0.000000,       0.000000
1995, 10,       1.250170,       1.020284,       1.441936,       2.843526,       2.926541,       3.212230,       5.720307,       2.230591,       1.953188
1995, 11,      31.088040,      12.605246,      10.378968,       2.659050,      21.536884,       3.425787,      28.811759,      28.165916,      13.275147
1995, 12,      68.741507,       7.920729,      15.530138,       4.593945,      16.402401,       4.496297,      21.799230,      22.547626,      11.460954
1995,  1,     351.339247,     266.921195,     150.571725,      97.325176,     171.508899,      64.792782,     166.428445,     419.321925,     349.591389
1995,  2,      50.018333,      86.996241,      16.244600,      23.185294,      41.840549,      20.664982,      75.439121,      28.836867,      73.226101
1995,  3,     368.471806,     261.846352,     198.121131,     208.392275,     260.036298,     173.238982,     353.356405,     322.197124,     264.781216
1995,  4,      98.519568,      95.091955,      35.460303,      37.837929,      98.845138,      40.862623,     225.173577,      38.222869,      35.876274
1995,  5,      99.120478,      59.251627,      75.660893,      38.219267,     120.925595,      54.892169,     265.848539,      19.158992,      29.554088
1995,  6,      24.240807,      21.117889,       1.666281,       8.931373,      29.649945,      20.495135,      79.226915,       2.117144,       3.687609
1995,  7,       0.653529,       7.843484,       0.000000,       0.231219,       3.085949,       5.351583,      23.789096,       0.000000,       1.438771
1995,  8,       0.000001,       1.201944,       0.000000,       0.000000,       0.000000,       0.365166,       3.946047,       0.000000,       0.000133
1995,  9,       0.000000,       0.050444,       0.000000,       0.000000,       0.000000,       0.033566,       0.431090,       0.000000,       0.000000
1996, 10,       0.000000,       0.002686,       0.000000,       0.000000,       0.000000,       0.012120,       0.019342,       0.000000,       0.000000
1996, 11,       0.737215,       0.049879,       0.000000,       0.000000,       0.451141,       0.000004,       0.652808,       0.000000,       0.008014
1996, 12,      41.346016,      23.834231,       9.662331,       8.566369,      18.885999,       9.591186,      34.330661,      61.158673,      37.287540
1996,  1,     111.175895,      54.701567,      79.737929,      23.968111,      58.598446,      15.732698,      63.046425,      80.963906,      59.416742
1996,  2,     184.966912,     142.105903,     117.155353,      77.295544,     119.160112,      52.457603,     189.699992,     210.365925,     120.177476
1996,  3,      91.183597,     106.363872,      54.102850,      45.271535,     104.058209,      38.848716,     204.777187,      54.493358,      91.817576
1996,  4,      90.786716,      48.350598,      19.557785,      27.654026,      66.634851,      30.605267,     157.604064,      31.293895,      17.848897
1996,  5,      85.389789,      28.603311,      21.809284,      12.957752,      68.152733,      18.159405,     120.370242,      21.054897,      17.665720
1996,  6,       7.203520,      10.144764,       0.088707,       0.882472,      14.207341,       5.144881,      40.599930,       0.003715,       3.007585
1996,  7,       0.029432,       2.069334,       0.002484,       0.001486,       0.716961,       0.805203,       9.751096,       0.000000,       1.059125
1996,  8,       0.000042,       0.078492,       0.000000,       0.000000,       0.000048,       0.001120,       1.695951,       0.000000,       0.000000
1996,  9,       0.122990,       0.143411,       0.000000,       0.000000,       0.084518,       0.000000,       0.547268,       0.000000,       0.052026
1997, 10,       1.904005,       2.510549,       0.140724,       1.748385,       1.140198,       1.931472,       5.753798,       2.952286,       2.303684
1997, 11,      26.081915,       7.259106,       8.639576,      11.681926,      20.741641,      14.983302,      30.532292,      15.143945,      12.895017
1997, 12,     271.706868,      40.298581,     106.375266,      70.692157,     128.295219,      55.787280,     182.803926,      95.946251,      37.174162
1997,  1,     515.214678,     181.890359,     261.359117,     190.619524,     364.605495,     167.066536,     538.527670,     283.785352,     150.793185
1997,  2,      53.012549,      57.008438,      14.425152,      30.709092,      75.887092,      35.046913,     120.200908,      20.528887,      30.815590
1997,  3,      40.289330,      35.389411,       1.178795,      13.400649,      29.711309,      25.077721,      87.096053,      10.653643,      20.231074
1997,  4,      22.854155,      13.287043,       0.057156,       3.419937,      11.383731,      13.067078,      69.106805,       2.449788,       2.223398
1997,  5,       4.489928,       5.755555,       0.101453,       0.061798,       1.804788,       3.210539,      28.060213,       0.517871,       1.527722
1997,  6,       3.352533,       2.044017,       0.069198,       0.000000,       3.466180,       0.556096,      19.035084,       0.661331,       0.712370
1997,  7,       0.034071,       0.029928,       0.000000,       0.000000,       0.016390,       0.020688,       4.457996,       0.000000,       0.547051
1997,  8,       0.076579,       2.143598,       0.000000,       0.000000,       0.000000,       0.000000,       0.736950,       2.383501,       2.285145
1997,  9,       0.088760,       0.886521,       0.000000,       0.000000,       0.000353,       0.000000,       0.545882,       0.024292,       0.594470
1998, 10,       6.836475,       2.112711,       0.242891,       0.000000,       3.358560,       0.000135,       6.181919,       4.004776,       2.122721
1998, 11,      17.922985,      18.207838,       3.811524,       0.708674,       9.250258,       1.280242,      15.328470,      31.951619,      23.638261
1998, 12,      20.524648,      11.017535,       9.649933,       1.474453,       9.604413,       1.850962,      10.685553,      17.152589,      38.973733
1998,  1,     186.329045,     104.308594,     107.009222,       9.784945,      74.957751,       9.471423,     119.579108,      84.126009,     109.462949
1998,  2,     289.508663,     331.777906,     221.675137,      87.316422,     209.890011,      51.695256,     231.365990,     338.871184,     433.458027
1998,  3,      88.208447,     137.182794,      69.671044,      75.785840,     128.373689,      55.018063,     193.123951,      41.637879,      93.580588
1998,  4,     108.381210,      76.920671,      69.283769,      41.618469,     107.129889,      40.683362,     171.036174,      29.502459,      75.948472
1998,  5,      78.790589,      72.603187,      39.437754,      19.696167,      90.428425,      30.913722,     198.406116,      29.830514,      71.649563
1998,  6,      22.812793,      37.820171,       2.104923,       5.504331,      45.775098,      14.177897,     110.346960,       0.516149,      47.945497
1998,  7,       0.535406,      14.065867,       0.000000,       0.111393,       4.509770,       3.172463,      32.063124,       0.000000,       1.090006
1998,  8,       0.000000,       3.325233,       0.000000,       0.000000,       0.001901,       0.169157,       5.886130,       0.000000,       0.000000
1998,  9,       0.708094,       1.817347,       0.000000,       0.000002,       0.393508,       0.122151,       7.953857,       0.616860,       0.035069
1999, 10,       1.274138,       2.089722,       0.040373,       0.000000,       1.336196,       0.107798,       3.345184,       1.724725,       2.661344
1999, 11,      24.144391,      13.367319,       1.204726,       0.615505,       6.992108,       0.252037,      17.920893,      22.664022,      10.861558
1999, 12,      45.345209,       4.459741,       6.630815,       0.803109,       9.886476,       1.632773,      24.475431,      11.415391,      11.918065
1999,  1,     110.466842,       7.141183,      44.881111,       6.018941,      39.965932,       6.950738,      93.950577,      14.100722,       4.492739
1999,  2,     224.206943,      91.098667,     132.679862,      20.744490,     153.682512,      17.093586,     216.876494,     110.816054,      42.255385
1999,  3,      82.578010,      81.333208,      27.222286,       5.339345,      72.963854,       5.947824,     112.043898,      40.803114,      57.376879
1999,  4,      51.885689,      55.200801,      28.492470,      13.082544,      61.438289,      14.222923,     114.103224,      21.630804,      37.108117
1999,  5,      18.593424,      21.322634,       1.402357,       0.567433,      18.671368,       2.582342,      83.094747,       0.344823,       2.740575
1999,  6,       1.498460,       7.234029,       0.078753,       0.130231,       3.092279,       0.799286,      24.500666,       0.407398,       3.509222
1999,  7,       0.010903,       1.203798,       0.000000,       0.000000,       0.000000,       0.000007,       5.558466,       0.000000,       0.000000
1999,  8,       0.000176,       0.199658,       0.000000,       0.000000,       0.000423,       0.000000,       2.077873,       0.000000,       0.476975
1999,  9,       0.000000,       0.000355,       0.000000,       0.000000,       0.000065,       0.000000,       0.166236,       0.000000,       0.000000
2000, 10,       4.912140,       1.345979,       0.359916,       0.000000,       2.461056,       0.000000,       4.867369,       1.673944,       1.127792
2000, 11,      10.599809,       8.595233,       2.048268,       0.714386,       9.303798,       1.181508,      10.929586,      12.755913,      11.532500
2000, 12,       5.568959,       1.541184,       0.237542,       0.000000,       2.405630,       0.000000,       1.966173,       2.178422,       1.817871
2000,  1,      75.700743,      14.857715,      58.309383,      10.835780,      41.203027,      11.090103,      98.043902,      27.672799,      19.994464
2000,  2,     262.675671,      90.199632,     144.918043,      63.421663,     123.202448,      47.735291,     175.689039,     107.586484,      77.682795
2000,  3,     114.834883,      58.761924,      46.862653,      31.501578,      86.677443,      26.793071,     114.586961,      48.598801,      46.626787
2000,  4,      35.641861,      28.041572,       3.013600,       5.464481,      24.271230,       9.459465,      49.893020,      12.606353,      18.305037
2000,  5,      26.366441,      20.181866,       8.181771,       1.244639,      34.657813,       4.330876,      52.848754,       6.985600,      24.973354
2000,  6,       3.241730,       6.617514,       0.048842,       0.046720,       6.255734,       1.024199,      16.143097,       0.600456,       3.292523
2000,  7,       0.000000,       1.260551,       0.000000,       0.000000,       0.000005,       0.006395,       1.943967,       0.000000,       0.007784
2000,  8,       0.000000,       0.002498,       0.000000,       0.000000,       0.000000,       0.000000,       0.049995,       0.000000,       0.000000
2000,  9,       1.665722,       0.508884,       0.429147,       0.000000,       3.410770,       0.039992,       4.361776,       0.000000,       0.706378
2001, 10,       9.669708,       4.440929,       2.924215,       1.158585,       8.120644,       2.020870,      12.642796,       9.810640,       6.518498
2001, 11,       2.681625,       2.425070,       0.495353,       0.014214,       6.521387,       0.325491,       3.490373,       3.357740,       3.576631
2001, 12,       7.163571,       1.566183,       1.355980,       0.000448,       5.486888,       0.062516,       5.635430,       1.382420,       2.818804
2001,  1,      16.135570,      11.908395,      11.821394,       4.924000,      11.919637,       6.787098,      15.659328,      27.249752,      27.491154
2001,  2,      36.150636,      41.709561,      30.587454,      12.180318,      17.722555,      12.632219,      21.649626,      59.595389,      47.756658
2001,  3,      28.412318,      63.314587,      21.252591,      22.742829,      19.586867,      17.469607,      40.201500,      42.337578,      87.249584
2001,  4,      26.149625,      14.577433,      28.113161,       5.061906,      39.376004,       7.921469,      72.499343,       3.719426,       9.445497
2001,  5,       2.085624,       4.416470,       0.301896,       0.223760,       6.771997,       1.494746,      28.182992,       0.000000,       0.279395
2001,  6,       0.004183,       1.067554,       0.000000,       0.000000,       0.188207,       0.089141,       6.680909,       0.000000,       0.554291
2001,  7,       0.000169,       0.000026,       0.000000,       0.000000,       0.000000,       0.000000,       0.855268,       0.000000,       0.327413
2001,  8,       0.000000,       0.000000,       0.000000,       0.000000,       0.001085,       0.000000,       0.611991,       0.000000,       0.000000
2001,  9,       0.055498,       0.485832,       0.000000,       0.000000,       0.017381,       0.000000,       1.060389,       0.162299,       1.197232
2002, 10,       0.863993,       2.387940,       0.022269,       0.081953,       0.002251,       0.066621,       1.177002,       3.757009,       1.784236
2002, 11,      23.113748,      20.369022,       3.380973,       2.882743,      13.767873,       4.287479,      17.382589,      35.715004,      33.069648
2002, 12,      80.192203,      45.207227,      29.061070,      20.807920,      22.234147,      15.508803,      35.979526,     109.914808,      84.774814
2002,  1,      72.002315,      76.745721,      23.893145,      13.197453,      18.057213,      10.184752,      15.211815,      83.505349,      98.464847
2002,  2,      60.413131,      24.706653,      16.097216,       4.021750,      24.802251,       5.714803,      27.926859,       9.838780,      17.316756
2002,  3,     106.158064,      16.871872,      38.316644,      12.649284,      54.757883,      13.737906,      76.677104,      11.501017,       6.958860
2002,  4,      28.160943,       6.955102,       1.627385,       1.463761,      13.483703,       3.377101,      42.800981,       0.367460,       0.803792
2002,  5,      17.258103,       3.949623,       2.297963,       1.074119,      10.421522,       2.906088,      21.083028,       4.310804,       2.611891
2002,  6,       0.386662,       0.377595,       0.000098,       0.000000,       0.127764,       0.199794,       3.963413,       0.000000,       0.018890
2002,  7,       0.000000,       0.000189,       0.000000,       0.000000,       0.000000,       0.000000,       0.447664,       0.000000,       0.000000
2002,  8,       0.000000,       0.000000,       0.000000,       0.000000,       0.000000,       0.000000,       0.000153,       0.000000,       0.000000
2002,  9,       0.000000,       0.000000,       0.000000,       0.000000,       0.000000,       0.003186,       0.008250,       0.000000,       0.000000
2003, 10,       0.000000,       0.000000,       0.000000,       0.000000,       0.000000,       0.000000,       0.003519,       0.000000,       0.000000
2003, 11,      17.398505,       9.120500,       3.401944,       8.094625,       9.950668,       8.164237,      17.350862,      15.818445,      10.101060
2003, 12,      87.140987,      96.287270,      29.164284,      13.107852,      25.922272,      10.496915,      42.545855,     212.428051,      97.006063
2003,  1,      48.358744,      75.448285,      10.859517,       5.343057,      10.785684,       4.472540,      11.935899,      53.113264,      84.476751
2003,  2,      29.456134,      39.842490,       3.217020,       3.837168,       6.454568,       5.235322,      13.643941,      15.169363,      25.718523
2003,  3,      54.523596,      57.736815,       6.588425,      10.693688,      15.757700,       9.179185,      28.318815,      27.882602,      32.677355
2003,  4,      88.436336,      76.334013,      41.302733,      25.987873,      80.437706,      19.330286,     100.567044,      28.840502,      34.148989
2003,  5,      49.231580,      49.717769,       6.023472,      14.908183,      54.303035,      14.564591,      72.656726,      10.454295,      46.440829
2003,  6,       1.119849,      16.463425,       0.000004,       0.081541,       6.833239,       2.047456,      20.362082,       0.000000,       0.814238
2003,  7,       0.000001,       4.178795,       0.000000,       0.000000,       0.023734,       0.168026,       4.165892,       0.000000,       0.005575
2003,  8,       0.962815,       1.698998,       0.003642,       0.007467,       0.371553,       0.180598,       3.938624,       0.677021,       1.882184
2003,  9,       0.000002,       0.030102,       0.000000,       0.000000,       0.330685,       0.000000,       0.401333,       0.000000,       0.000847
2004, 10,       0.007315,       0.017789,       0.000000,       0.000000,       0.000000,       0.000000,       0.000000,       0.000000,       0.032286
2004, 11,       7.266396,      11.055348,       0.709650,       0.694359,       4.241796,       0.685253,       7.789151,      10.258294,      13.980039
2004, 12,      49.659588,      80.113626,      24.141668,       4.804216,      22.544500,       4.875268,      44.424551,     106.350464,     113.788726
2004,  1,      49.956044,      64.925379,      22.761286,       2.757936,      12.085792,       3.704184,      15.690251,      42.566774,      86.654222
2004,  2,     105.567336,     162.560253,      38.063287,      15.322671,      39.875139,      11.262256,      46.448966,     156.737931,     145.811289
2004,  3,      35.732360,      77.857926,       6.969410,       6.129034,      31.306836,       4.137290,      53.212292,      19.879079,      57.287478
2004,  4,      13.711255,      30.068972,       0.015136,       0.461082,       4.716978,       1.202579,      17.208784,       2.223991,       7.532343
2004,  5,       1.714690,      11.812916,       0.001363,       0.000051,       0.434950,       0.206382,       5.950709,       0.008048,       0.399123
2004,  6,       0.016972,       3.184903,       0.000133,       0.045095,       0.071744,       0.119398,       0.722730,       0.000000,       0.011121
2004,  7,       0.000000,       0.111793,       0.000000,       0.000000,       0.000000,       0.000000,       0.009685,       0.000000,       0.000000
2004,  8,       0.000000,       0.000000,       0.000000,       0.000000,       0.000000,       0.000000,       0.041974,       0.000000,       0.000000
2004,  9,       0.049114,       0.002395,       0.000000,       0.000000,       0.206087,       0.000000,       0.319663,       0.000000,       0.000000
2005, 10,      15.701586,       8.661499,       5.448822,       5.470880,      16.407597,       5.251643,      23.288349,      13.986783,      12.928961
2005, 11,       9.835978,       4.034129,       3.565288,       0.417723,       5.376153,       0.989073,      10.082572,       9.037301,       9.046511
2005, 12,      28.132124,      29.205892,      15.114817,       4.946126,       9.557189,       4.079637,      46.548437,      70.009710,      59.035023
2005,  1,      85.631532,      58.533031,      97.907509,      57.480891,     100.768420,      40.723684,     125.982174,      72.537382,     122.131047
2005,  2,      41.074395,      38.020712,      33.298377,      37.421187,      37.530321,      25.823090,      69.495147,      30.178473,      63.942735
2005,  3,     111.955973,      86.309512,      92.451561,      64.398768,     110.553665,      50.913537,     160.739374,      64.595833,      78.161664
2005,  4,      51.352822,      52.643148,      18.576605,      16.567057,      60.944546,      18.487152,     105.526981,      13.962636,      23.233213
2005,  5,      98.613649,      61.840273,      15.306048,      21.725672,      65.585871,      35.728411,      99.977159,      37.226832,      34.264503
2005,  6,      22.763644,      22.110347,       0.144774,       1.035423,      19.926517,       6.979035,      36.064576,       1.965277,       5.010420
2005,  7,       0.428835,       6.086253,       0.000000,       0.000000,       0.985467,       0.684246,       6.893161,       0.000000,       0.027258
2005,  8,       0.000000,       0.779505,       0.000000,       0.000032,       0.000000,       0.095428,       0.224970,       0.000000,       0.000000
2005,  9,       0.334971,       0.023313,       0.035588,       0.000000,       0.480087,       0.041104,       2.228182,       0.000000,       0.018734
2006, 10,       0.811232,       1.422957,       0.020387,       0.001883,       0.640039,       0.075172,       1.807611,       1.180895,       0.365125
2006, 11,       6.367193,       8.187230,       0.256488,       0.079807,       1.160886,       0.034169,       6.485571,       9.244832,      10.157452
2006, 12,     137.449199,     115.902940,      45.375403,       6.257048,      48.471463,       5.819812,     120.762687,     146.594809,     110.046857
2006,  1,     191.004591,     114.812499,      90.307339,      24.547034,     127.799300,      18.545901,     143.473477,      96.528261,     140.766901
2006,  2,      80.085233,      71.228250,      14.768528,       5.837259,      43.231960,       2.934870,      92.515480,      49.926884,      26.613285
2006,  3,     210.033844,     203.904168,     142.033744,      52.981855,     174.155613,      47.724325,     202.247914,     181.945846,     136.950241
2006,  4,     241.509033,     181.433371,     172.924490,      96.232008,     284.198939,      97.653997,     345.703081,     142.776578,     148.272122
2006,  5,      32.840927,      58.478666,       2.905829,       9.051553,      55.651705,      19.485657,     136.762410,       9.414169,      20.511778
2006,  6,       3.368273,      20.904965,       0.002347,       0.270930,       9.590931,       5.024707,      36.421200,       0.000307,       2.012596
2006,  7,       0.000000,       6.283577,       0.000000,       0.000000,       0.011206,       0.110579,       7.268143,       0.000000,       0.000210
2006,  8,       0.000000,       1.021772,       0.000000,       0.000000,       0.000000,       0.000000,       0.622639,       0.000000,       0.000000
2006,  9,       0.000000,       0.007043,       0.000000,       0.000000,       0.000000,       0.000000,       0.000033,       0.000000,       0.000000
2007, 10,       0.105231,       0.294808,       0.062831,       0.019714,       0.515120,       0.135627,       2.979981,       0.004952,       0.024192
2007, 11,       8.525066,       5.603221,       0.794932,       0.293408,       4.159503,       0.473252,       8.527288,       6.136861,       4.335553
2007, 12,      23.361415,      12.539008,       4.434786,       1.971172,      11.167011,       2.984167,      15.894378,      23.178391,      17.129121
2007,  1,       9.498582,       0.494893,       4.531156,       0.159086,       5.263740,       0.530260,       7.697181,       0.390612,       3.217964
2007,  2,      83.082482,      28.760346,      38.386397,       4.771122,      19.225290,       4.571723,      56.241655,      38.504576,      34.417740
2007,  3,      37.010981,       6.442674,      16.916670,       0.321405,      25.096851,       1.832902,      35.732862,       0.796123,       7.072800
2007,  4,      21.041988,       6.341267,       2.160417,       0.216827,      14.240764,       0.293873,      24.476113,       4.797826,       6.643071
2007,  5,       9.333315,       1.725544,       0.923641,       0.000000,       4.865570,       0.009373,      15.503323,       0.420429,       1.589265
2007,  6,       1.114051,       0.235448,       0.000000,       0.000000,       0.167850,       0.000000,       3.327858,       0.000000,       0.001145
2007,  7,       0.000000,       0.186316,       0.000000,       0.000000,       0.000000,       0.000000,       0.098575,       0.000000,       0.991065
2007,  8,       0.000000,       0.000000,       0.000000,       0.000000,       0.000000,       0.000000,       0.000000,       0.000000,       0.000000
2007,  9,       0.550777,       0.037061,       0.000000,       0.000000,       0.000000,       0.000000,       0.172376,       0.039818,       0.268198
2008, 10,       4.651423,       2.469499,       0.002012,       0.000000,       1.399934,       0.000973,       2.988851,       4.146569,       2.798360
2008, 11,       3.908769,       0.804838,       0.498596,       0.000000,       1.870860,       0.003979,       3.347439,       1.469637,       0.298644
2008, 12,      25.301731,      10.389235,       4.958954,       2.644034,       9.825210,       3.916999,      13.544882,      17.323357,       9.646935
2008,  1,      53.667819,      72.107404,      40.066161,      11.255323,      21.489577,      10.583502,      31.168962,     125.734694,      89.667910
2008,  2,      57.882253,      60.322451,      34.985929,      16.342184,      23.194851,       8.279656,      27.802477,      56.648949,      74.326973
2008,  3,      21.965252,      20.829583,       3.922274,       2.851080,      10.418375,       1.269788,      26.017908,       3.202268,      16.654276
2008,  4,       8.745577,       8.112626,       0.091828,       0.237537,       1.971050,       0.524373,      21.455906,       0.432983,       1.768597
2008,  5,       1.158489,       2.753329,       0.059893,       0.188358,       1.760054,       0.558210,       8.979135,       0.072220,       2.208868
2008,  6,       0.001098,       0.275809,       0.000022,       0.000000,       0.075072,       0.008294,       1.356229,       0.000000,       0.368709
2008,  7,       0.000000,       0.000000,       0.000000,       0.000000,       0.000000,       0.000000,       0.139411,       0.000000,       0.000000
2008,  8,       0.000000,       0.000000,       0.000000,       0.000000,       0.000000,       0.000000,       0.000000,       0.000000,       0.000000
2008,  9,       0.000000,       0.046315,       0.000000,       0.000000,       0.000000,       0.000000,       0.000000,       0.000000,       0.016017
2009, 10,       1.757906,       3.659504,       0.018292,       0.040135,       1.459556,       0.133130,       2.599348,       4.345053,       2.341391
2009, 11,      11.989921,       6.935412,       1.300607,       2.196718,      10.209893,       2.253252,      10.273516,      13.489716,       9.955068
2009, 12,      15.821332,       7.527359,       6.215548,       2.967132,      10.297837,       2.991647,      11.260479,      14.731903,       7.575406
2009,  1,       8.120086,       0.849729,      10.543913,       3.162172,       9.655964,       3.204962,      20.740749,       1.267972,       2.493449
2009,  2,      48.135746,      30.994528,      22.236698,      14.358350,      20.235565,       9.188875,      23.838911,      61.606139,      52.610852
2009,  3,      58.427988,      41.337314,      37.110390,      17.198425,      53.051752,      12.010015,      60.092671,      42.816193,      40.667276
2009,  4,      20.009594,       8.603274,       3.949328,       2.826385,      15.837938,       3.421716,      35.704205,       2.116142,       3.858863
2009,  5,      43.196460,      14.948812,       6.323252,       6.149109,      34.571677,       7.221637,      40.189101,       9.474490,       8.385608
2009,  6,       2.115027,       2.357927,       0.000000,       0.386419,       1.993941,       1.395656,       7.392181,       0.000000,       5.884334
2009,  7,       0.000000,       0.161775,       0.000000,       0.000000,       0.000000,       0.000703,       0.853940,       0.000000,       0.000000
2009,  8,       0.000000,       0.000000,       0.000000,       0.000000,       0.000000,       0.004079,       0.005987,       0.000000,       0.267169
2009,  9,       0.000000,       0.000654,       0.000000,       0.000000,       0.000000,       0.000001,       0.001292,       0.000000,       0.000555
2010, 10,       8.235348,       8.034227,       2.882386,       5.789073,       8.040949,       6.642554,      13.891442,      20.100361,      10.873604
2010, 11,       1.968186,       2.170565,       0.051128,       0.014229,       1.369032,       0.065148,       1.636223,       2.108691,       2.623995
2010, 12,      18.229450,       7.146303,       7.417875,       4.899801,      15.489587,       5.056013,      18.095348,       9.519835,      14.714920
2010,  1,      42.533841,      85.106670,      27.796173,      13.072955,      18.750813,      11.833425,      28.143455,     103.467639,     114.040175
2010,  2,      38.749631,      69.981262,      21.466207,      17.245659,       9.401789,      13.940255,      34.352342,      50.819528,      80.839147
2010,  3,      46.422764,      63.614054,      23.296167,      21.400220,      42.404364,      20.939972,      38.092024,      32.530905,      45.438740
2010,  4,      70.989128,      99.065821,      31.630885,      20.868166,      63.279389,      27.987169,      65.807326,      50.632719,      83.351989
2010,  5,      44.696108,      42.637961,       9.930546,       4.962372,      55.866018,      10.609337,      57.771936,       8.483959,      22.004502
2010,  6,       8.648214,      16.134409,       0.341675,       0.168910,      19.503790,       2.677732,      25.716527,       0.012468,       5.011825
2010,  7,       0.003698,       5.143017,       0.000000,       0.000000,       0.836538,       0.126988,       6.203084,       0.000000,       0.042654
2010,  8,       0.000000,       1.056586,       0.000000,       0.000000,       0.000000,       0.000000,       0.355649,       0.000000,       0.000000
2010,  9,       0.000000,       0.176667,       0.000000,       0.000000,       0.000000,       0.000000,       0.000027,       0.000000,       0.449506
2011, 10,      23.314261,      11.053920,       5.462475,       1.227927,      17.924514,       1.700421,      27.877274,      13.349844,      16.467577
2011, 11,      32.803309,       7.542046,      20.656261,       2.462477,      18.262999,       3.449388,      29.524747,      12.045305,      17.392884
2011, 12,     168.004322,      54.340439,     101.470258,      33.321135,     106.473780,      29.152596,     174.083505,      54.361310,      61.019214
2011,  1,      51.112879,      35.393445,      35.841590,      23.796412,      67.381611,      27.318407,      85.406705,      17.855682,      30.398527
2011,  2,      59.635979,      77.519105,      74.640411,      27.402713,      78.162362,      30.374601,     104.430946,      63.720439,      39.543561
2011,  3,     293.928763,     209.039263,     252.828352,     100.255157,     291.255921,      95.060078,     322.169399,     219.577238,     140.520850
2011,  4,      55.778299,      75.895801,      13.876319,      19.861602,      88.399053,      26.763353,     196.606487,      21.358907,      28.120317
2011,  5,      40.571266,      37.424496,       3.349112,       7.731710,      55.244705,      18.808785,     206.005311,      13.240187,      13.345174
2011,  6,      21.414118,      31.663857,       4.068953,       3.312102,      33.346436,      11.063877,     119.894462,      15.256125,      13.423384
2011,  7,       1.965985,       8.193859,       0.183746,       0.002281,       6.151263,       2.040049,      31.486582,       0.044069,       1.298610
2011,  8,       0.000000,       1.836445,       0.000000,       0.000000,       0.000000,       0.018047,       6.854383,       0.000000,       0.000000
2011,  9,       0.001456,       0.062877,       0.000000,       0.000000,       0.188796,       0.001814,       2.261423,       0.000000,       0.000000
2012, 10,       9.792019,       7.083715,       1.353975,       1.007793,       8.822735,       2.266777,      11.022146,       5.683831,       8.007678
2012, 11,       3.992721,       7.151513,       0.589080,       0.011553,       2.255715,       0.341742,       4.810848,       8.812593,      10.630048
2012, 12,       0.023389,       0.769674,       0.000000,       0.000000,       0.000055,       0.000000,       0.007854,       0.586185,       0.979162
2012,  1,      26.613419,      17.038841,      13.739555,       3.976838,      17.185604,       5.118084,      26.127050,      30.972678,      31.005063
2012,  2,       6.616069,       9.885733,       3.303815,       0.379625,       2.865996,       0.780397,       7.489549,       7.880962,      10.115720
2012,  3,     174.877156,     121.775759,      56.122077,       4.800738,      57.395355,       6.169934,      80.194287,     115.018786,      56.327859
2012,  4,     111.953658,      74.763209,      51.026513,       1.261065,      84.668474,       2.121010,     111.397296,      36.078908,      44.433236
2012,  5,      19.156665,      26.216576,       1.428265,       0.000000,      21.193208,       0.006292,      43.200421,       0.630504,       3.451960
2012,  6,       5.641832,       8.715142,       0.303381,       0.030045,       5.759833,       0.037665,      15.791632,       0.000000,       0.090699
2012,  7,       0.016760,       1.563404,       0.000000,       0.000000,       3.041480,       0.000000,       2.789684,       0.000000,       0.000048
2012,  8,       0.000001,       0.000234,       0.000000,       0.000000,       0.000262,       0.000000,       0.103655,       0.000000,       0.000000
2012,  9,       0.000000,       0.000000,       0.000000,       0.000000,       0.000000,       0.000000,       0.070614,       0.000000,       0.000000
2013, 10,       5.339056,       2.425850,       0.379161,       0.385901,       4.893598,       0.544975,       6.800596,       3.429236,       1.877245
2013, 11,      23.704679,      23.481807,       2.003563,       1.141770,       6.317794,       1.234397,      15.348757,      48.316092,      16.256325
2013, 12,     194.301540,     138.672638,      42.774673,       9.917666,      53.689029,       9.999832,      49.065322,     167.543450,     135.344855
2013,  1,      37.947823,      48.799786,       9.441077,       0.610049,      13.696290,       0.370408,       9.075995,      12.552711,      35.129239
2013,  2,      21.386617,      18.201352,       1.130033,       0.532489,       5.379110,       0.617322,       5.623900,       3.951369,       5.379857
2013,  3,      20.315327,      21.152493,       1.349311,       0.889730,      10.360935,       0.631064,      18.774608,       6.811548,       6.740060
2013,  4,      12.809032,      13.834902,       1.707456,       0.503670,      10.239224,       1.008554,      12.462818,       3.800225,      16.491235
2013,  5,       2.315753,       3.985958,       0.000000,       0.240569,       2.827924,       0.274416,       4.895077,       0.116546,       1.162933
2013,  6,       4.107482,       2.618162,       0.000000,       0.000000,       2.069247,       0.000000,       2.620040,       0.925887,       0.662959
2013,  7,       0.012421,       0.043900,       0.000000,       0.000000,       0.048310,       0.000000,       0.127805,       0.000000,       0.163532
2013,  8,       0.000000,       0.002001,       0.000000,       0.000000,       0.000000,       0.000000,       0.054260,       0.000000,       0.000000
2013,  9,       1.494599,       1.196793,       0.013431,       0.000000,       3.054335,       0.002478,       2.379741,       0.351365,       1.536734
2014, 10,       0.193209,       0.112650,       0.000000,       0.025210,       0.411272,       0.071443,       0.894565,       0.000000,       1.197778
2014, 11,       4.048239,       1.968195,       0.777747,       0.137536,       3.571742,       0.288193,       4.002823,       1.331729,       2.917687
2014, 12,       1.004824,       0.787688,       0.490184,       0.046222,       1.153355,       0.054430,       1.164045,       1.175104,       0.587485
2014,  1,       1.754946,       0.290301,       0.275642,       0.466897,       0.136349,       0.057235,       4.294730,       0.000000,       0.117943
2014,  2,      57.295077,      20.023251,      16.751878,       1.152695,      28.509198,       1.235421,      51.110277,      41.950616,      19.572581
2014,  3,      64.824522,      33.967920,      12.398520,       1.127714,      14.670748,       2.000619,      20.870093,      17.413120,      60.147398
2014,  4,      37.540823,      18.371100,       6.178064,       1.302781,      22.163916,       1.762838,      18.139426,       9.670375,      27.882846
2014,  5,       7.800009,       3.965050,       0.128490,       0.000000,       3.314744,       0.011341,       6.565777,       0.000000,       3.522811
2014,  6,       0.068821,       0.978007,       0.000000,       0.000000,       0.018357,       0.000000,       0.860031,       0.000000,       0.007954
2014,  7,       0.000000,       0.025218,       0.000000,       0.000000,       0.003757,       0.000000,       0.418682,       0.000000,       0.000000
2014,  8,       0.000188,       0.001863,       0.000000,       0.000000,       0.000000,       0.000000,       0.114685,       0.000000,       0.047347
2014,  9,       0.782013,       0.932054,       0.024806,       0.000887,       0.266367,       0.014208,       2.201275,       0.003052,       1.842174
2015, 10,       0.766401,       1.391450,       0.006232,       0.000000,       1.015189,       0.007726,       1.068851,       0.455144,       1.148433
2015, 11,       9.274351,       9.060221,       1.158852,       0.374556,       4.884973,       0.744542,       8.424672,       8.227415,       7.444087
2015, 12,      77.024335,      68.159971,      14.129844,       3.376710,      22.505147,       3.838298,      31.424653,     115.920277,     146.876446
2015,  1,      13.715156,      12.179307,       1.188415,       0.000000,       0.030309,       0.000001,       1.304148,       1.336998,      14.256186
2015,  2,      28.542213,      71.778842,      16.928956,       1.290830,      22.759579,       1.554863,      39.738442,      39.294729,      44.749935
2015,  3,      10.824101,      14.883317,       0.678593,       0.000000,       2.996288,       0.000031,       4.515939,       0.400335,       3.335199
2015,  4,       9.843015,      10.035996,       1.962718,       0.460717,       9.310703,       0.599635,      10.112948,       6.624227,       6.584484
2015,  5,       0.562116,       2.391645,       0.231954,       0.214587,       1.740040,       0.254846,       6.258212,       0.569709,       3.149680
2015,  6,       0.117565,       0.247348,       0.000000,       0.000000,       1.183642,       0.000000,       1.767075,       0.000000,       0.084051
2015,  7,       0.000000,       0.224679,       0.000000,       0.084095,       0.012075,       0.263252,       0.590953,       0.008254,       0.556984
2015,  8,       0.000000,       0.000000,       0.000000,       0.000000,       0.000000,       0.000001,       0.001144,       0.000000,       0.000000
2015,  9,       0.000000,       0.732883,       0.000000,       0.000000,       0.000000,       0.000000,       0.014533,       0.007217,       1.402550
2016, 10,       0.178721,       0.225304,       0.347825,       0.380609,       2.113103,       0.474492,       5.776478,       0.370664,       0.003658
2016, 11,       7.959642,       3.271532,       3.367491,       1.097984,       9.332156,       1.453348,      15.660405,       2.801705,       4.159027
2016, 12,      43.143476,      18.794480,      26.662099,       6.184001,      27.802495,       6.594982,      59.532423,      21.285488,      24.833878
2016,  1,     100.027542,      86.625318,      58.291191,      14.628258,      50.077685,       8.668324,      72.840753,      63.666656,      83.809912
2016,  2,      55.295796,      31.035098,      16.322870,       7.364493,      53.855048,       6.082718,      47.094925,       6.019420,      15.974054
2016,  3,     215.663050,     171.032087,      70.048429,      32.169501,     119.528794,      25.871062,     130.519780,     132.880615,     108.407264
2016,  4,      41.401049,      38.260756,       6.569896,       7.750371,      34.805374,      14.916050,      51.094389,       7.872043,      11.892172
2016,  5,      18.461223,      16.527384,       0.204372,       1.260243,      11.953863,       4.632045,      24.374421,       1.131586,       6.749395
2016,  6,       1.158487,       5.083731,       0.000000,       0.002055,       0.567322,       0.633736,       5.758564,       0.004306,       1.656028
2016,  7,       0.000000,       0.696816,       0.000000,       0.000000,       0.000000,       0.000007,       0.444304,       0.000000,       0.000000
2016,  8,       0.000000,       0.000068,       0.000000,       0.000000,       0.000000,       0.000000,       0.000000,       0.000000,       0.000000
2016,  9,       0.000000,       0.000000,       0.000000,       0.000000,       0.000000,       0.000000,       0.000000,       0.000000,       0.000000
2017, 10,      27.403624,      15.139088,       7.940893,       1.849823,      22.659805,       1.623507,      39.691697,      24.519946,       6.083401
2017, 11,      29.641164,      10.924647,       9.953979,       1.137800,      14.609259,       2.587377,      21.727260,      13.935766,      12.684330
2017, 12,     131.345849,      62.524378,      47.944781,       8.557759,      59.480139,       9.012294,      92.085652,      52.810779,      36.415056
2017,  1,     422.883836,     308.561412,     253.420552,     131.476487,     342.522022,     115.194336,     349.398013,     383.726603,     153.221858
2017,  2,     447.490561,     296.004106,     284.852950,     145.542781,     364.990718,     135.218463,     488.019676,     306.807638,     185.729751
2017,  3,     113.136262,     129.912519,      47.475856,      40.252391,     137.804711,      53.298281,     266.298825,      55.143247,      53.137405
2017,  4,     169.800255,      99.958547,      83.313474,      40.459064,     131.308539,      56.414061,     245.727003,      53.802396,      39.694671
2017,  5,      28.580801,      36.758083,       0.710125,       7.303404,      34.850724,      22.671159,      94.626101,       1.888237,       2.565852
2017,  6,       4.819191,      14.142357,       0.000064,       0.518537,       6.064548,       6.964552,      26.776751,       0.271977,       0.207825
2017,  7,       0.000000,       3.553953,       0.000000,       0.000000,       0.000145,       0.311375,       4.292317,       0.000000,       0.000000
2017,  8,       0.000000,       0.030454,       0.000000,       0.000000,       0.000000,       0.000000,       0.710459,       0.000000,       0.000000
2017,  9,       0.129765,       0.020370,       0.000000,       0.160517,       0.016522,       0.514352,       0.212671,       0.000000,       0.000000
2018, 10,       0.907545,       0.706359,       0.004792,       0.000000,       0.911065,       0.041490,       1.845534,       0.008242,       0.243739
2018, 11,      43.331007,      12.595941,       5.194754,       1.808951,      22.364219,       1.954831,      26.202029,      16.121686,       7.626009
2018, 12,       7.005038,       0.495673,       0.339788,       0.001034,       2.589594,       0.071588,       1.863933,       0.516201,       0.355864
2018,  1,      52.102470,      15.958130,      13.785900,       1.973339,      14.475373,       2.428852,      25.883439,      27.424276,      15.680651
2018,  2,      11.349179,       1.376497,       0.874091,       0.164787,       0.320066,       0.215043,       1.899660,       0.923885,       1.038888
2018,  3,     171.563617,      30.382306,      80.349666,      26.599708,     103.327504,      25.504443,     131.180445,      37.167047,      20.112221
2018,  4,      88.642301,      49.890773,      41.213572,      13.161095,      57.302244,      15.145497,     117.611675,      15.382227,      33.315286
2018,  5,      18.523097,       9.991709,       0.473762,       0.756898,      13.569044,       2.933926,      34.579823,       0.028678,       2.035954
2018,  6,       1.553238,       2.820411,       0.000000,       0.000005,       0.985429,       0.279193,       8.401282,       0.000000,       0.174248
2018,  7,       0.000064,       0.195405,       0.000000,       0.000000,       0.000000,       0.000000,       0.932261,       0.000000,       0.000000
2018,  8,       0.000000,       0.000000,       0.000000,       0.000000,       0.000000,       0.000000,       0.000000,       0.000000,       0.000000
2018,  9,       0.000000,       0.080610,       0.000000,       0.000000,       0.000000,       0.000000,       0.000000,       0.000000,       0.001638
