Year, Month, AMF, BLB, BND, FTO, MRC, SHA, SJF, SNS, TLG, TNL, YRS
1922, 10,   2.489826,   1.082003,   7.349192,   4.382897,   0.311519,   8.069154,   2.896059,   1.154217,   1.670219,   4.773076,   8.528158
1922, 11,   5.467145,   5.764221,  11.215046,   9.894784,   0.461750,  12.705786,   2.430739,   3.383955,   1.097481,  10.079350,  12.448621
1922, 12,  63.015671,  29.712332,  29.161109,  46.276671,  43.944521,  27.949102,  36.818206,  41.798366,  55.074624,  37.185906,  85.557876
1922,  1,  25.074704,   9.070720,  11.367463,  22.742749,  28.814218,  10.699549,  22.697864,  19.281874,  23.682843,  63.587345,  28.799994
1922,  2, 225.718873,  85.434793,  41.161489, 141.280114,  71.216134,  41.001600,  37.112317,  72.070275,  65.764729,  75.395245, 316.160814
1922,  3, 135.581161,  33.276166,  29.611937, 100.530009,  74.959950,  26.582830,  61.282219,  67.137166,  82.344999,  96.801227, 188.884777
1922,  4, 108.441030,  11.913601,  17.273852,  70.672037,  58.643225,  15.828947,  80.806798,  53.987766,  65.316002, 102.812307, 136.575012
1922,  5,  65.999429,   2.197782,  15.602607,  47.435222, 126.231201,  16.631326, 178.319980,  79.083383, 191.605670,  86.131802, 100.073252
1922,  6,  22.964263,   0.244051,  10.481560,  23.909404,  57.808529,  11.570331, 167.341165,  34.560422, 152.329087,  47.578313,  22.677450
1922,  7,   8.301274,   0.000000,   6.425098,  10.148701,  12.212683,   7.658181,  66.663838,  10.124168,  41.235218,  19.846452,   4.119485
1922,  8,   1.662278,   0.093431,   4.967315,   5.306553,   1.483252,   5.765945,  17.533146,   1.661665,   9.006878,   7.290327,   0.863545
1922,  9,   0.061719,   0.000001,   2.562780,   1.532868,   0.053292,   2.858059,   4.268067,   0.070883,   1.210424,   2.285006,   0.011079
1923, 10,   6.071325,   7.262048,  12.757866,  12.446859,   3.101334,  13.793140,   7.078910,   4.471041,  11.324566,   9.024793,  15.362374
1923, 11,  28.296697,  21.727300,  13.733264,  29.214070,  16.045082,  15.043559,  21.666991,  23.883193,  24.997880,   9.654145,  47.841635
1923, 12, 154.928543,  67.398363,  32.132242,  59.328560,  37.935234,  32.518283,  27.608625,  55.174294,  51.559221,  46.218919, 152.824110
1923,  1, 113.786847,  44.916698,  26.692758,  58.883487,  41.308423,  25.714744,  30.020611,  73.897662,  51.016213,  86.678707, 118.891333
1923,  2,  81.464259,  16.392348,  14.607440,  43.128801,  27.484833,  13.904116,  22.813029,  49.017270,  28.563584,  68.659170,  82.665757
1923,  3,  49.001338,   2.332976,   6.367442,  22.311362,  22.254847,   6.396538,  32.824634,  33.840092,  41.331551,  61.018040,  51.759680
1923,  4, 114.470537,  50.569191,  30.751662,  52.975985,  88.411334,  28.282658,  85.462073,  72.667979, 120.624371, 103.098856, 146.392796
1923,  5,  32.249177,   2.842052,  11.530937,  17.545513, 103.921913,  13.454533, 134.743804,  46.386551, 161.979994,  57.981979,  31.197975
1923,  6,  16.231704,   1.706407,  15.936658,  18.429459,  31.864944,  19.463843,  98.478852,  14.128000,  89.322338,  40.101889,  24.491519
1923,  7,   2.634879,   0.000887,   5.144920,   6.457774,   5.448751,   5.978137,  34.105313,   3.313526,  21.405223,  20.602403,   1.925276
1923,  8,   0.846785,   0.000000,   4.653810,   3.534727,   0.736576,   5.261194,   8.945209,   1.527612,   5.353264,   6.963382,   0.885763
1923,  9,   8.679232,   9.339836,  12.006511,  13.547288,   7.792285,  14.040022,  18.131474,  10.608282,  16.850619,   6.927409,  19.887629
1924, 10,   4.751482,   1.563696,   8.873129,   9.074463,   3.179043,  11.374567,   7.782635,   3.301116,   6.533024,   8.982374,   7.780758
1924, 11,   1.767495,   1.415063,   3.955347,   1.598398,   1.284970,   3.847308,   4.389762,   1.464561,   3.187419,   5.669305,   2.929907
1924, 12,  10.213854,   6.120854,   6.755939,   7.197410,   3.040974,   8.547535,   1.397196,   5.662768,   6.936315,  14.724849,  21.508667
1924,  1,  16.550814,  18.797808,   9.232010,  12.492542,  11.611467,   9.490424,   8.852608,  15.199687,  23.201404,  15.658026,  25.254726
1924,  2,  22.738517,  19.584740,  14.741772,  34.421553,   9.286130,  14.667859,   6.690902,  23.865852,  33.612464,  52.948936,  37.392593
1924,  3,  17.840376,   5.086049,   7.759033,  11.148009,  14.848805,   9.144828,  21.886160,  18.471871,  28.094731,  31.104581,  18.705886
1924,  4,  21.279092,   1.111115,   4.156474,   8.498904,  17.557331,   4.417814,  30.376923,  24.682180,  44.329618,  21.074188,  18.769079
1924,  5,   5.074423,   0.700829,   1.135127,   1.623377,   8.287930,   1.009434,  46.473802,   7.280032,  23.672723,  10.179517,   1.822194
1924,  6,   1.243634,   0.229900,   1.297060,   0.909366,   0.917761,   1.353297,  14.023087,   0.857402,   3.920149,   3.321929,   0.261524
1924,  7,   0.040774,   1.018171,   0.799419,   0.107498,   0.060318,   0.858142,   3.595504,   0.006632,   0.358976,   0.027691,   0.000000
1924,  8,   0.000085,   0.411480,   2.674417,   0.523628,   0.000000,   2.760263,   0.761414,   0.000000,   0.006672,   0.599876,   0.013991
1924,  9,   0.760641,   0.174133,   1.571511,   2.106975,   0.000000,   2.089219,   0.073209,   0.905296,   0.089919,   0.122688,   0.651228
1925, 10,  16.338509,  17.389152,  16.770407,  15.072897,  15.605223,  18.059399,  21.064792,  17.173131,  27.686119,  11.528096,  42.817732
1925, 11,  16.689427,  11.337477,  16.416304,  18.586730,  16.443445,  18.990029,  21.183128,  16.076880,  21.980759,  72.161175,  24.391258
1925, 12,  28.737177,  59.446785,  17.399703,  20.662723,  12.805888,  16.272131,  17.642349,  21.043383,  22.005215,  77.379965,  50.024690
1925,  1,  25.413021,  19.772804,  14.744308,  13.339348,  11.481468,  16.943369,  10.021418,  15.147462,  16.787345,  79.453397,  40.768193
1925,  2, 138.597766, 145.905644,  66.705337,  81.612288,  74.172860,  55.886051,  56.575854, 115.750227, 131.760416, 279.935950, 187.816087
1925,  3,  46.374741,  34.507469,  22.367591,  27.850760,  65.011992,  20.223077,  65.802536,  52.671475, 103.599852, 172.675614,  67.662133
1925,  4,  87.401275,  56.362962,  34.902437,  39.744286,  89.271445,  31.803576,  86.555571,  71.448327, 128.058622, 203.130853,  96.400961
1925,  5,  39.183102,  44.855744,  22.296873,  23.949669,  65.089205,  24.063243, 111.468484,  35.941245, 128.484096, 131.122586,  46.081048
1925,  6,  20.836190,   5.018163,  15.797986,  16.690343,  19.522100,  17.087364,  50.938748,   9.806793,  40.765437,  84.847090,  24.094264
1925,  7,   7.276468,   0.154799,   7.691319,   5.401725,   3.642499,   8.305871,  16.540533,   3.172647,  10.325764,  38.350705,   2.662569
1925,  8,   2.305636,   0.041543,   7.409334,   5.518645,   1.191869,   8.624407,   6.742590,   2.394322,   4.136405,  16.086297,   4.203007
1925,  9,   2.601473,   2.227754,  15.018532,  11.535756,   0.476206,  19.355545,   1.554777,   1.310802,   2.990787,  18.147056,   7.582259
1926, 10,   6.767937,   0.205694,   6.799062,   9.362190,   6.341551,   8.934953,  14.064627,   4.952666,  10.490520,   9.669013,  12.208572
1926, 11,   9.152010,   3.831627,  12.842265,  13.555163,   3.678526,  14.125686,   6.194645,   6.509919,   8.799808,  18.291574,  24.775283
1926, 12,  14.190604,   8.267389,  12.179083,  12.535643,   8.028136,  13.056658,  10.179778,   7.938119,  13.014327,  35.329545,  26.265290
1926,  1,  12.402032,  26.155674,  17.731837,  17.130392,  17.754022,  14.952600,  23.615225,  18.330541,  26.419019,  38.587674,  40.923039
1926,  2, 129.126909,  93.052698,  48.639891, 111.040259,  51.930021,  42.672118,  56.559801,  48.317386,  71.878510, 179.728226, 184.409106
1926,  3,  30.822623,   7.931614,  10.177898,  22.995837,  29.063575,  10.056984,  47.501154,  21.710327,  49.848093,  98.515239,  44.951846
1926,  4,  98.101024,  69.483984,  30.592525,  86.117717, 109.828534,  27.576631, 121.063925,  41.125941, 129.640670,  91.732959, 162.590537
1926,  5,  25.862989,   4.667905,  12.679558,  31.573501,  34.361039,  13.894126,  81.048457,   7.817780,  51.810118,  56.707450,  42.693153
1926,  6,   6.537890,   0.099455,   4.627255,  11.514164,   6.928259,   4.613428,  22.952009,   1.398954,  13.783738,  24.884696,   6.822682
1926,  7,   0.753147,   0.001573,   4.104371,   6.202240,   2.363625,   4.313569,   7.783045,   0.802594,   5.511474,   5.481154,   0.578718
1926,  8,   0.000817,   0.012267,   3.610072,   2.562088,   0.036156,   3.340382,   1.717060,   0.000000,   0.168938,   0.208053,   0.393035
1926,  9,   0.002785,   0.000154,   2.086838,   1.328465,   0.000000,   2.104655,   0.132763,   0.000000,   0.001745,   0.050797,   0.434389
1927, 10,   6.560621,   4.788718,   8.743428,  12.234348,   0.469185,   9.761003,   3.764939,   2.551349,   1.507455,   5.188873,  20.278105
1927, 11,  70.339185,  30.762350,  50.949765,  67.321805,  45.242167,  55.763292,  49.143041,  46.755127,  66.489763,  88.160980, 131.337533
1927, 12,  21.742969,  44.155620,  28.503964,  27.058450,   9.282887,  25.297281,   9.361280,   9.280145,  10.825142, 173.685140,  16.363949
1927,  1,  58.950858,  43.476916,  37.415315,  42.727471,  31.533086,  35.722334,  25.068546,  32.562255,  46.418869, 172.286173, 113.869710
1927,  2, 197.173034, 133.986282,  77.237625, 157.470452,  92.886214,  61.526553,  77.082217,  79.239815, 111.779235, 339.927400, 369.598892
1927,  3,  88.266489,  32.415694,  38.626467,  72.484566,  61.567025,  29.655190,  74.792961,  51.649016,  87.297668, 228.893455, 153.685436
1927,  4, 160.525315,  26.639123,  46.870270,  91.378525, 119.487595,  40.794698, 112.518309,  79.557527, 145.581914, 221.731249, 205.617741
1927,  5,  37.081174,   3.491261,  23.518478,  34.599307,  73.641214,  24.353516, 144.955387,  19.158830, 111.316418, 116.714601,  49.833103
1927,  6,  15.359568,   1.130751,  14.156460,  21.310778,  16.016620,  14.169241,  72.283623,   6.755419,  31.199616,  66.502553,  16.487831
1927,  7,   2.210120,   0.003101,   8.226485,   8.887641,   2.342227,   7.664371,  19.563642,   0.411336,   6.608836,  27.566360,   1.104983
1927,  8,   0.095019,   0.000000,   6.183930,   3.954578,   0.860203,   5.962155,   4.852783,   0.024661,   0.988792,   6.733391,   0.025525
1927,  9,   0.296837,   0.000000,   5.578390,   3.000144,   0.618297,   5.864693,   4.019070,   0.124911,   1.428466,   2.516145,   1.356649
1928, 10,   7.407796,   2.969620,   9.189089,   7.136002,  17.558427,   9.063277,  23.824296,  16.405047,  34.173192,   3.130541,  15.653790
1928, 11,  35.354511,  15.291651,  37.664646,  51.264375,  16.788777,  42.356555,  24.716108,  15.419111,  32.334346,  43.579584,  69.160521
1928, 12,  18.059570,  28.497019,  13.783497,  14.035197,  12.324574,   9.689502,   8.280052,  15.220136,  22.807665,  44.456048,  29.332115
1928,  1,  31.765253,  22.920738,  18.199332,  27.268818,  12.107395,  18.048309,  13.314893,  17.388295,  19.183423,  67.505940,  37.832446
1928,  2,  28.127474,  49.328382,  21.646804,  36.036086,  28.201676,  18.731656,  27.459640,  24.240789,  32.373931,  86.012483,  38.750288
1928,  3, 212.889855,  56.545692,  52.043618, 110.047521, 109.448319,  45.371519,  80.574639, 111.658492, 169.922989, 141.969937, 306.214103
1928,  4, 101.799165,  30.203610,  32.312876,  75.352890,  94.974993,  26.000765,  89.211939,  66.728064, 140.347869, 146.223021, 155.173006
1928,  5,  30.194218,   2.190411,  13.215999,  28.167137,  40.083476,  14.053613,  86.537376,  17.325594,  93.884776,  82.469453,  42.209657
1928,  6,   9.670813,   0.110812,   8.347749,  16.076419,   6.858949,   8.372662,  23.743405,   3.369123,  21.441217,  42.650714,  11.371391
1928,  7,   1.668194,   0.003476,   6.482856,   6.901815,   0.736184,   7.185309,   6.102052,   0.974556,   3.593977,  14.838676,   0.913622
1928,  8,   0.015055,   0.000000,   4.619530,   2.354978,   0.011321,   4.993304,   1.316836,   0.002739,   0.192921,   2.928089,   0.003016
1928,  9,   0.085329,   0.006850,   4.100279,   1.376986,   0.000000,   4.539420,   0.118246,   0.000000,   0.000000,   0.790497,   0.886696
1929, 10,   0.297951,   0.168363,   4.956834,   1.844805,   0.570876,   5.163771,   2.062711,   0.057274,   1.163336,   1.802899,   2.081765
1929, 11,  14.033816,  15.992504,  21.713516,  20.876451,  10.222225,  23.423696,  14.162965,  11.574816,  13.759716,  15.781833,  32.563064
1929, 12,  15.185080,  15.900354,  18.136505,  16.228298,  12.220436,  20.104461,  13.158737,  13.025856,  18.499240,  22.203717,  32.672138
1929,  1,  11.514451,   2.818403,  10.231079,  11.153925,   7.825182,  11.034132,   7.540082,  10.391315,  10.502808,  34.449891,  18.049464
1929,  2,  27.133739,  18.687844,  16.930799,  25.867131,   9.248114,  15.850166,  10.780924,  10.410392,  13.940909,  61.090165,  33.488837
1929,  3,  34.938398,   5.801041,  12.860333,  18.134701,  36.012405,  13.651804,  51.484256,  27.782618,  43.540136,  50.980738,  40.447213
1929,  4,  34.923278,   2.284934,  18.763673,  19.828377,  48.955507,  19.395808,  58.368359,  41.544161,  51.286731,  46.874744,  41.031852
1929,  5,  19.658350,   0.146019,   4.357261,   5.157593,  59.628270,   4.056962,  66.752064,  20.353787, 119.790244,  33.839605,  17.176365
1929,  6,  33.835590,   2.323143,  12.934278,  18.959652,  27.899047,  14.721325,  41.592513,  22.235262,  68.140447,  28.637798,  48.506342
1929,  7,   5.855304,   0.000000,   2.084776,   1.575831,   3.603838,   1.933945,   8.943157,   2.223237,  13.952107,  10.918734,   3.946219
1929,  8,   1.226330,   0.000000,   1.546443,   0.491487,   0.277135,   1.587569,   2.483948,   0.174794,   2.147038,   2.380287,   0.536118
1929,  9,   0.164377,   0.000000,   1.225736,   0.161138,   1.839546,   1.306859,   2.615900,   0.345680,   2.046779,   0.609670,   0.026552
1930, 10,   0.440984,   0.004451,   3.217340,   1.007291,   0.000985,   4.240474,   0.084773,   0.118376,   0.003591,   0.519258,   0.887605
1930, 11,   0.000000,   0.000000,   0.565009,   0.034344,   0.000000,   0.547836,   0.000012,   0.000000,   0.000000,   0.048045,   0.000000
1930, 12,  73.701773,  30.231010,  38.547976, 109.986864,  10.529604,  42.099868,  10.625783,  21.173855,  23.963164,  57.428880, 154.556048
1930,  1,  53.807750,  23.219956,  30.470121,  55.856600,  25.165058,  30.681545,  21.945130,  30.677037,  35.297833,  56.510103,  85.362790
1930,  2,  60.215699,  33.139563,  28.823471,  44.587113,  28.097801,  26.986785,  30.098563,  47.755125,  32.910072, 122.319034, 107.232987
1930,  3, 115.173161,  56.711161,  27.713009,  64.488810,  47.639049,  22.735503,  49.444494,  99.747220,  62.645304, 117.134338, 172.150726
1930,  4,  69.392862,  11.846848,  20.723462,  41.767947,  65.081972,  19.998592,  60.926508,  83.795583,  97.325495,  87.388554,  89.433266
1930,  5,  41.210065,   4.027124,  13.907599,  33.348738,  50.591220,  12.211402,  67.634849,  45.127975, 102.606196,  60.920101,  45.530519
1930,  6,  12.538311,   0.186627,   5.266696,  12.048117,  14.437550,   5.238219,  28.772129,   9.279270,  48.530131,  32.108763,   8.944454
1930,  7,   2.871433,   0.001840,   3.977891,   5.723021,   1.855559,   3.771196,   7.077266,   1.464261,  10.132160,  11.114522,   0.858422
1930,  8,   0.866396,   0.000000,   2.875346,   2.478697,   0.308577,   2.896234,   2.142653,   0.274635,   2.832775,   2.006061,   0.614374
1930,  9,   0.847013,   0.362568,  10.351662,   5.902273,   2.829695,  12.674120,   3.852595,   4.989503,   8.828726,   2.988417,   4.686730
1931, 10,   2.499220,   0.809207,   3.999059,   6.091386,   1.219492,   5.003389,   2.925466,   2.405173,   5.944784,   1.482294,   3.101423
1931, 11,  21.022708,   4.296151,   7.848524,  15.002608,  18.270309,   8.511421,  16.883035,  26.398502,  24.086385,   6.083313,  42.112702
1931, 12,   0.937538,   1.327003,   3.695936,   2.442444,   0.211559,   3.283772,   0.895215,   1.187016,   0.464301,   4.119294,   3.435923
1931,  1,  25.045929,  29.183028,  22.148934,  23.924719,  17.452415,  20.251235,  18.579718,  35.437640,  32.919173,  61.930793,  46.829876
1931,  2,  18.000684,   5.954187,  11.837630,  11.649909,  10.809402,  11.454638,  12.696435,  29.478235,  20.844796,  47.531049,  26.239445
1931,  3,  23.440684,   8.084554,  15.490603,  21.900298,  19.740710,  15.487419,  24.879141,  33.660973,  37.235291,  74.293111,  46.463870
1931,  4,  13.710523,   2.525159,   5.035124,   9.081668,  23.367264,   5.031409,  31.543424,  26.708178,  64.931576,  49.959968,  17.447283
1931,  5,  16.815504,  11.187934,   5.780878,  14.782627,  19.290462,   5.872761,  42.346290,  17.597287,  44.373091,  37.048610,  24.421520
1931,  6,  13.758376,   3.736731,   9.384490,   8.106854,   5.670771,   9.971235,  18.098069,   7.995871,  17.125183,  37.013976,  20.802079
1931,  7,   2.156581,   0.066566,   1.146134,   0.371229,   0.193554,   0.945283,   3.769690,   0.654776,   1.872632,  14.929830,   2.115778
1931,  8,   0.285182,   0.000000,   0.916852,   0.139345,   0.638123,   0.818492,   3.644930,   0.446953,   1.787524,   3.791644,   0.145224
1931,  9,   0.759241,   0.060564,   2.055935,   0.934888,   0.875953,   2.676833,   2.289445,   0.769886,   1.500248,   1.149430,   3.713208
1932, 10,  11.773288,   1.671259,  13.113473,  13.880929,   0.762621,  16.356659,   3.385757,   6.827290,   3.035770,   5.948842,  33.936242
1932, 11,  17.386280,   2.516902,   9.255323,  16.139702,  11.258473,   8.513984,  14.099559,  17.772129,  16.497519,   7.786187,  35.064657
1932, 12,  80.262244,  60.855592,  36.085983,  45.915366,  57.562324,  36.702457,  49.068513,  52.278176,  58.886250,  36.376458,  92.512578
1932,  1,  47.061746,  32.997888,  19.911464,  37.947099,  48.665183,  17.112291,  35.548003,  49.942384,  33.612680,  50.448926,  59.850146
1932,  2, 112.111345,  13.664308,  13.249116,  35.755246, 110.592179,  14.152665,  98.095681, 104.663757,  95.508630,  45.324315, 105.492604
1932,  3,  57.071743,   6.245187,  15.851935,  26.853493,  47.657155,  15.930917,  98.445819,  86.181625,  61.975771,  92.399191,  79.056848
1932,  4,  66.128348,   4.349905,  17.927289,  32.944517,  47.093733,  16.554779,  98.956801,  81.672890,  80.100554,  89.956962, 109.400611
1932,  5,  73.388163,   8.891916,  19.231276,  31.886406, 114.466570,  17.672868, 142.305829,  78.603945, 179.681712,  83.871418, 132.837331
1932,  6,  26.304695,   0.485850,   6.582001,  16.913814,  61.834273,   6.389118, 110.869192,  19.613312,  74.838673,  42.896056,  35.383843
1932,  7,   7.153016,   0.048018,   3.979169,   5.904413,  12.565019,   3.884258,  34.285717,   5.241229,  19.395815,  19.500129,   6.876655
1932,  8,   1.257536,   0.000000,   2.717087,   2.489081,   1.390178,   2.626765,   8.798235,   0.685861,   3.289589,   6.739930,   1.067848
1932,  9,   0.163307,   0.000000,   1.807242,   0.791068,   0.579978,   1.681995,   4.695442,   0.418927,   1.694593,   1.352374,   0.409460
1933, 10,   0.365877,   0.001181,   2.479601,   1.696834,   0.084264,   2.786262,   1.672299,   0.012860,   0.087431,   1.019089,   1.349907
1933, 11,   0.745962,   1.635715,   7.863246,   3.045128,   2.006829,   8.410985,   2.868435,   2.821280,   3.063865,   5.434449,   5.151273
1933, 12,  13.470524,  16.687149,  10.298236,  14.023696,   6.037060,   9.056224,   5.624538,   6.693236,  10.854302,   7.728966,  19.813734
1933,  1,  23.345116,  24.930316,  18.179270,  23.643066,  26.819107,  18.070218,  23.340336,  24.058094,  33.908425,  19.691103,  46.922661
1933,  2,   9.091570,   8.710151,   5.708230,  11.770412,   6.102322,   4.774761,  11.826667,  10.988899,   8.617456,  14.942169,  16.794602
1933,  3,  50.219768,  17.845038,  29.268710,  42.111717,  42.541551,  30.170923,  61.369267,  58.582298,  40.356202, 100.351257,  75.729073
1933,  4,  35.937699,   2.902478,  11.001130,  20.164475,  38.935602,   9.152385,  48.462042,  67.323681,  46.404012,  93.504103,  41.185261
1933,  5,  73.098951,   7.155428,  15.795595,  25.140064,  47.625825,  16.793163,  70.017238,  83.863962,  77.073342,  71.678069,  90.286439
1933,  6,  27.320550,   0.307782,   4.319892,   5.236030,  23.872418,   3.805905,  45.350031,  27.171966,  42.034285,  39.790878,  22.712465
1933,  7,   6.099363,   0.023266,   3.326653,   2.220723,   3.544785,   3.297818,  11.826968,   5.009895,   8.180712,  16.603774,   4.297958
1933,  8,   1.401466,   0.000000,   2.635838,   0.796255,   0.279711,   3.027481,   2.896152,   0.768221,   1.038108,   4.383187,   0.893601
1933,  9,   0.897972,   0.072337,   3.065716,   1.281370,   0.019320,   3.351260,   0.440288,   0.756860,   0.276378,   2.485208,   2.165889
1934, 10,   1.721728,   4.440873,  10.454550,   7.577106,   5.600832,   8.765990,  10.985544,  16.499827,  10.860882,   2.321709,  31.900786
1934, 11,  19.392050,   0.837904,   1.283740,  13.277656,   0.896573,   4.547026,   1.519004,   0.422629,   1.589018,   1.985978,  10.417621
1934, 12,  42.083059,  44.381841,  30.747346,  36.055019,  31.214419,  27.297802,  40.133187,  35.619844,  41.102207,  29.188445,  63.994771
1934,  1,  49.950888,  19.469492,  19.337589,  32.633727,  22.789338,  18.417420,  23.599211,  26.025150,  31.171775,  78.916759,  46.191972
1934,  2,  38.552552,  31.159703,  23.237580,  29.268911,  32.327206,  22.908926,  38.087200,  54.358054,  48.617184,  59.736025,  73.691216
1934,  3,  28.853491,  13.481198,  16.746972,  20.784288,  33.135439,  15.685926,  50.685546,  26.617599,  60.689033,  78.748228,  34.158015
1934,  4,  15.116041,   6.756863,  12.811972,  16.061729,   9.825482,   9.944380,  44.003078,   7.207428,  23.032897,  61.950492,  19.556367
1934,  5,  13.965282,   3.837372,  14.074315,  13.954935,   4.581166,  13.841845,  27.086463,   9.500471,  14.531797,  54.046712,  20.317340
1934,  6,  10.581327,   0.672559,  10.126327,  10.141645,   3.352607,  12.940899,  10.441051,   5.227367,  10.355784,  30.007423,  14.946224
1934,  7,   0.890221,   0.003609,   2.569898,   1.653227,   0.026774,   2.338013,   1.782119,   0.037257,   0.415952,  11.516096,   0.285350
1934,  8,   0.369121,   0.000000,   2.139110,   0.677760,   0.515523,   2.124717,   1.691294,   0.842838,   0.899474,   1.903614,   0.521542
1934,  9,   3.682108,   0.103118,   3.291124,   4.388159,   2.367225,   3.590378,   3.468560,   5.054832,   6.370792,   1.109010,  11.445486
1935, 10,   5.122984,   4.399689,   8.127671,   7.229489,   6.407720,   7.113762,  12.460365,   8.683041,  12.383087,   5.214491,  12.636219
1935, 11,  30.864758,  21.589026,  27.748589,  33.440475,  18.423338,  29.721508,  25.585058,  22.708304,  28.181171,  63.245516,  60.752349
1935, 12,  13.668975,  11.900125,  13.476455,  14.670598,  14.957626,  13.028160,  19.334552,  12.779253,  18.787435,  53.546979,  32.698171
1935,  1,  76.030983,  58.655875,  40.278108,  67.708698,  66.536792,  34.922182,  56.280216,  60.470807,  73.656209, 105.190014, 119.778990
1935,  2,  27.159740,  17.914597,  20.799810,  24.103754,  31.284320,  15.515452,  44.677931,  49.332570,  41.921190,  84.653621,  53.582682
1935,  3,  70.847944,  65.217998,  31.038013,  68.545591,  52.664901,  26.615737,  68.701275,  62.035389,  61.144809,  95.661554, 116.986778
1935,  4, 201.620785,  51.158519,  58.662041, 108.934612, 165.466378,  49.614259, 158.897951, 237.206162, 201.035823, 186.381994, 279.710607
1935,  5,  64.546792,   5.040111,  18.535260,  36.575140, 123.264762,  17.685593, 155.297902,  95.216600, 168.537664, 110.653334,  73.160944
1935,  6,  22.982304,   0.197690,   8.618891,  17.491788,  37.620671,   8.614076,  75.878868,  20.007757,  52.537484,  53.979094,  17.377174
1935,  7,   5.796602,   0.014040,   7.251883,   8.844019,   6.864184,   7.229458,  20.135978,   6.524241,  13.071563,  24.115188,   3.015554
1935,  8,   1.525290,   0.004114,   5.140114,   3.645682,   1.799671,   4.738804,   7.501862,   2.444637,   2.985439,   6.591039,   0.202924
1935,  9,   0.174893,   0.566201,   4.218155,   1.904196,   0.007401,   3.882780,   1.239198,   0.019140,   0.054364,   3.182424,   0.037515
1936, 10,   8.654166,   1.928756,  11.040307,   9.133086,   5.644343,  11.901789,   8.907286,   8.715071,  13.115748,   4.897117,  17.023912
1936, 11,   6.850253,   4.554523,   5.306454,   7.394203,   5.823088,   5.849937,   7.032302,   6.109632,   8.905923,   5.248666,  12.601005
1936, 12,   8.294934,  11.320622,  19.474015,  13.501475,   8.831887,  19.791439,   9.595029,   7.039507,  10.316556,  22.569606,  21.999636
1936,  1, 127.894001,  56.840448,  54.611034,  84.849540,  40.652192,  53.312132,  30.603280,  97.210966,  65.462604, 201.536736, 180.795748
1936,  2, 256.019216,  83.654002,  48.562114, 112.490176, 174.335216,  41.404037, 135.820623, 297.811205, 182.377219, 146.894240, 331.176296
1936,  3,  78.840686,  21.691018,  19.231782,  43.739776, 118.229214,  14.675742, 112.748392, 135.623463, 127.445318, 117.411839, 120.560468
1936,  4, 113.876741,  34.579170,  23.540029,  49.888465, 106.160243,  20.440748, 119.521650, 127.633601, 149.949962,  90.598852, 124.696690
1936,  5,  42.033528,   3.706231,  13.481335,  23.017726,  51.996847,  12.811670, 115.268228,  41.205225,  89.009656,  60.443075,  35.587379
1936,  6,  33.694407,   6.252814,  15.908201,  22.542499,  13.629637,  15.626591,  44.003477,  25.172773,  34.000931,  46.794785,  36.860922
1936,  7,   5.207311,   0.529754,   6.224063,   5.398957,   2.989862,   5.324402,  14.507386,   4.782774,   8.237644,  20.792538,   2.697249
1936,  8,   0.978592,   0.000004,   3.960581,   2.044461,   0.217642,   3.543851,   3.699849,   0.958984,   1.339699,   5.004611,   1.024069
1936,  9,   2.553841,   0.174011,   4.678953,   3.891356,   0.354688,   5.114770,   0.815444,   0.577501,   0.756434,   1.281545,   2.294498
1937, 10,   0.795364,   0.148662,   2.059726,   0.515914,   4.452823,   1.708927,  13.401038,   3.285856,   7.291196,   0.157129,   0.856057
1937, 11,   0.852777,   0.041991,   1.404087,   0.467425,   0.890305,   1.200119,   2.562883,   0.978984,   1.623545,   0.154728,   0.999262
1937, 12,  12.864397,   9.116203,  10.541531,   9.276158,  31.576540,   8.730120,  41.388724,  22.189214,  37.190106,   5.940408,  23.148553
1937,  1,  15.151683,   9.556123,  11.908182,  12.180727,  14.025295,  10.950688,  15.491504,  13.085815,  17.985473,   2.744699,  32.465484
1937,  2, 104.091609,  74.633647,  36.657127,  55.187149, 119.450698,  36.400433, 124.194778,  79.383895, 122.013678,  23.199863, 104.764007
1937,  3,  96.961433,  74.020625,  48.588737,  78.875471, 111.099435,  46.809888, 155.654809, 148.236543, 125.574765,  94.951467, 124.670688
1937,  4,  97.813732,  18.628268,  32.240226,  57.112144, 104.415472,  26.143510, 126.055953, 123.134692, 113.157909, 147.090096, 128.638104
1937,  5,  86.776386,   2.151559,  13.726008,  24.812908, 123.869009,  12.294836, 157.162731, 156.758373, 172.280757, 167.696602,  72.267312
1937,  6,  26.683878,   5.023897,  19.509941,  19.921071,  25.794734,  18.784817,  64.563144,  35.627262,  40.806741,  84.387941,  27.021198
1937,  7,   7.527704,   0.108695,   8.499717,   6.169264,   4.830380,   9.510026,  17.965726,  11.130447,  11.830190,  43.160687,   3.404142
1937,  8,   1.224733,   0.000021,   4.492465,   2.351274,   0.206519,   4.185622,   4.367019,   1.697564,   1.023853,  18.664955,   0.265131
1937,  9,   0.204546,   0.000000,   3.355599,   0.884436,   1.705177,   3.190940,   1.140394,   0.146700,   1.332872,   7.958946,   0.014808
1938, 10,   6.322476,   2.418893,  15.988008,  12.863487,   0.558785,  17.169192,   0.994363,   4.602324,   3.925765,  12.274609,  15.120695
1938, 11,  26.695527,  31.981363,  48.608631,  62.863535,   8.984125,  47.216707,   7.687740,  14.057083,  16.502258, 101.556404,  67.342967
1938, 12, 117.628634,  71.563097,  73.345645, 123.640832,  88.667026,  56.199507, 101.599422,  69.559593, 114.338439, 188.609109, 167.699167
1938,  1,  38.982900,  42.308410,  42.237127,  54.223417,  66.374659,  34.019251,  51.050913,  58.885771,  73.390738, 155.851806,  93.023654
1938,  2, 268.643247, 142.374852, 131.778392, 246.434868, 156.961386,  87.214034, 118.169726, 179.433297, 154.617150, 494.472098, 448.374585
1938,  3, 284.385409, 144.242816, 122.623226, 208.151047, 202.700122,  79.581364, 222.260638, 260.958539, 235.808755, 442.799953, 396.849870
1938,  4, 148.579266,  33.628835,  57.176130,  97.870474, 149.121236,  39.275524, 162.778692, 178.204826, 181.635345, 294.778551, 205.948817
1938,  5, 108.150329,   4.589929,  32.179375,  54.162782, 169.282161,  22.690589, 198.192177, 211.064422, 221.106834, 234.964701,  86.255481
1938,  6,  28.990686,   0.240157,  20.819508,  29.812964,  54.321727,  14.483528, 150.451098,  63.716834,  83.633302, 107.637032,  20.347074
1938,  7,  12.794816,   0.003255,  17.329925,  15.787351,  11.763986,  13.037241,  43.378975,  19.546623,  20.709878,  50.593020,   5.454607
1938,  8,   1.950919,   0.000000,  11.428795,   6.833082,   1.024716,   8.199368,  11.548562,   4.390123,   3.559602,  20.777036,   0.330639
1938,  9,   0.818251,   1.443392,  12.134329,   3.880053,   2.617951,   9.721346,   9.021507,   2.381449,   4.857247,   8.543807,   1.723629
1939, 10,   7.318560,   3.878938,  18.727972,  11.402967,  11.622706,  18.188388,  14.107588,  14.494233,  24.743148,  18.517007,  19.144624
1939, 11,   8.992687,   4.739035,  13.943680,  10.793747,   4.314550,  14.082471,   7.348255,   7.346934,   9.609244,  25.012885,  17.319958
1939, 12,   8.356218,   5.752780,  12.716586,  11.308305,   4.407635,  10.916037,   7.641260,   6.700788,   7.246255,  76.426763,  15.419850
1939,  1,  16.530720,   6.648028,  18.749323,  18.396546,  15.290297,  18.861176,  16.977110,  21.526483,  20.779507,  86.585796,  36.753407
1939,  2,  18.974782,   3.056671,  11.835794,  15.863350,  12.923157,  11.379437,  11.404735,  13.578369,  17.388104,  55.305273,  22.769242
1939,  3,  65.196501,   5.540301,  27.480121,  32.905425,  50.326405,  27.219017,  51.315657,  74.678622,  71.214000, 143.237544,  93.255396
1939,  4,  20.444696,   0.182816,   7.086149,   5.609383,  41.697238,   6.990921,  66.397145,  48.071570,  71.368295,  70.011533,  25.194408
1939,  5,  21.330993,   1.733343,  13.893655,  14.417024,  12.365987,  14.247742,  39.037108,  23.560143,  28.161155,  53.884962,  29.659101
1939,  6,   4.543105,   0.000017,   4.538618,   3.418814,   1.646363,   5.161608,  11.518222,   4.590464,   5.810656,  29.006222,   3.905397
1939,  7,   0.839067,   0.000000,   5.065198,   0.915121,   0.161713,   5.913224,   2.882280,   0.841647,   0.917799,   9.617048,   0.359672
1939,  8,   0.109527,   0.000000,   1.829338,   0.481024,   0.016852,   2.030716,   1.146573,   0.046754,   0.347915,   0.604222,   0.045302
1939,  9,   4.384522,   0.926866,   5.561968,   0.976418,   6.188318,   6.815550,  10.127558,   7.702460,  12.121218,   1.625829,   4.309195
1940, 10,   9.931240,   0.825875,   7.948481,  10.754912,  10.514215,   9.486631,  17.693106,  12.760343,  19.790496,   1.148700,  25.154374
1940, 11,   2.397540,   0.208155,   2.184572,   2.207251,   0.792548,   2.538237,   0.269354,   3.402166,   3.476810,   1.572368,   5.444664
1940, 12,   7.052954,   8.705691,  37.231185,  17.237162,   3.738130,  38.570231,   4.616810,   5.343319,   4.881396,  96.535635,  19.959944
1940,  1, 161.362228,  47.565811,  78.578783, 102.794224, 131.061725,  71.068114, 118.379844, 111.661495, 155.421229, 307.688333, 218.232672
1940,  2, 139.594288, 100.308417, 114.496158, 123.842518, 125.375026,  90.945157,  94.260609, 151.785156, 134.091159, 492.581586, 325.369949
1940,  3, 217.674153,  64.226283,  86.956068, 182.780826, 125.376109,  64.837907, 105.579936, 177.227102, 164.990689, 448.488383, 351.632318
1940,  4, 160.050293,  26.102704,  56.659614, 130.649665,  94.900697,  43.759345, 102.696062, 100.969080, 133.731894, 297.685881, 172.783259
1940,  5,  37.206787,   9.371543,  29.266823,  44.856527,  50.687102,  25.761751, 104.374720,  27.960083,  91.814428, 171.057585,  51.313721
1940,  6,  12.265761,   1.734785,  17.274982,  24.115402,   8.738344,  15.853300,  31.661818,   4.945681,  18.083823,  98.863821,  13.171993
1940,  7,   1.797658,   0.024692,  12.049575,  11.111880,   1.235950,  10.394053,   8.024393,   0.516655,   3.553543,  48.477064,   0.872122
1940,  8,   0.039340,   0.004810,   9.089600,   4.511711,   0.042400,   7.978363,   1.736079,   0.040312,   0.193828,  15.868548,   0.028453
1940,  9,   0.594168,   0.168293,  13.304727,   7.019936,   0.211067,  15.245654,   0.760311,   0.059100,   0.503671,  13.470399,   5.724595
1941, 10,   5.662977,   7.917891,  18.989428,  12.806138,   5.991302,  20.765594,  17.543954,   5.625581,   9.751719,  14.946834,  15.108921
1941, 11,  15.849417,   3.932670,  15.831874,  24.381251,   1.697859,  17.580069,   2.736571,   5.456734,   5.500102,  22.138692,  37.209389
1941, 12, 105.312449, 103.219158,  92.810448,  98.418856,  59.511848,  78.470285,  57.411737,  67.791480,  67.882507, 382.825073, 187.631290
1941,  1, 120.657351, 164.996897, 115.571990, 128.093655,  57.064121,  87.437215,  47.340030,  87.493623,  48.844875, 482.113893, 232.579327
1941,  2, 120.249879, 188.344822, 113.880763, 150.126067, 127.571500,  79.871123,  84.120305, 130.252498, 117.533237, 420.054343, 240.750874
1941,  3, 118.589468, 147.880058,  96.519054, 115.968617,  90.199424,  65.971127,  84.958675, 153.880154, 104.742598, 451.703888, 164.555871
1941,  4, 115.851654, 138.265640, 106.338815, 120.028964,  78.148805,  72.851589,  78.429352, 103.050009, 106.305201, 495.654435, 168.158438
1941,  5,  67.243344,  15.119569,  51.517694,  67.555824, 121.659053,  45.142715, 164.810288,  98.697082, 194.599613, 230.774764,  92.364619
1941,  6,  22.754024,   1.258688,  31.032365,  33.765913,  63.175223,  29.159934, 136.843134,  42.552892, 114.431532, 138.184637,  26.682555
1941,  7,   5.341870,   0.036726,  19.580149,  18.111025,  12.386351,  16.594262,  41.991352,   9.905004,  26.686543,  79.784674,   7.292032
1941,  8,   0.917245,   0.000000,  17.035269,   7.841629,   2.470409,  16.677155,  12.967711,   2.950895,   7.248749,  38.658693,   0.181622
1941,  9,   0.771199,   0.027177,  11.560042,   5.193810,   0.341063,  11.132578,   3.808290,   1.000216,   1.203086,  21.057038,   1.766100
1942, 10,   4.820203,   5.373514,  13.952938,   6.706311,   4.897159,  13.683528,   7.943393,   5.191534,   7.756910,  15.887546,   8.765693
1942, 11,  13.707672,   6.084862,  17.828594,  15.380768,   7.965791,  17.006086,  13.223107,  11.302532,  17.011260,  15.145472,  29.607215
1942, 12,  93.471100,  46.810477,  79.493592, 111.792459,  62.297778,  70.277445,  50.189452,  56.238631,  68.415255, 256.855013, 177.539638
1942,  1, 186.132841,  54.425565,  79.884773, 118.730098,  66.141663,  70.057464,  44.623396, 134.030272,  74.658924, 268.816762, 259.471317
1942,  2, 218.619345,  98.657835, 118.591878, 184.171016,  69.207102,  85.304977,  50.090341, 130.266639,  77.411485, 407.649883, 321.592149
1942,  3,  77.540043,  34.180518,  35.926055,  72.677730,  60.379352,  35.292109,  66.652805,  73.649966,  66.493472, 150.457486, 109.341259
1942,  4, 131.755149,  85.444521,  74.889814, 120.182128, 140.154567,  60.374141, 122.472719, 141.616843, 144.279481, 236.628629, 198.517130
1942,  5, 148.610988,  13.697646,  52.485015,  92.694181, 152.841822,  48.896516, 157.891350, 158.561239, 186.293092, 184.338494, 162.033879
1942,  6,  54.562003,   2.131818,  25.901777,  46.416772,  85.225863,  23.892472, 116.266351,  59.342058, 126.652869,  99.972739,  51.442956
1942,  7,  15.007337,   0.074109,  16.165430,  23.131434,  14.866304,  15.534457,  31.779514,  12.132592,  26.473166,  49.960731,  11.867647
1942,  8,   2.286424,   0.000000,  13.510197,  11.088199,   1.988806,  14.351901,   8.099365,   2.555084,   5.825608,  18.575419,   0.795393
1942,  9,   0.408598,   1.322944,   9.447770,   5.094667,   0.171493,   9.371500,   2.511950,   0.792730,   0.923953,   5.993697,   0.422040
1943, 10,   1.042881,   0.654174,   8.949745,   3.996935,   1.097039,   8.648172,   0.924617,   1.548373,   2.970756,   3.868016,   2.675439
1943, 11,  66.481701,   8.939414,  27.800974,  39.263664,  38.674738,  31.346233,  35.107688,  40.540769,  50.867618,  26.084477,  97.630892
1943, 12,  68.544453,  22.818438,  28.353012,  34.815489,  26.511338,  30.506280,  19.125179,  42.412113,  37.582613,  88.921031, 111.268167
1943,  1, 226.442740,  64.573110,  76.835968, 152.173715, 146.083407,  66.396259, 108.589488, 197.993166, 128.381821, 247.572297, 338.299368
1943,  2, 129.682613,  18.284772,  46.813601,  89.731824, 101.883259,  39.568435,  92.164517, 118.709802,  91.231997, 163.873231, 156.297310
1943,  3, 237.925889,  30.023080,  49.293399, 114.010092, 203.213712,  38.208674, 163.653100, 207.837560, 220.839585, 146.353530, 266.808358
1943,  4,  95.574245,  18.018736,  44.477000,  66.218419,  90.264199,  37.228764, 124.977961,  84.618344, 151.099042, 137.590390, 110.980817
1943,  5,  47.260211,   5.807734,  26.006143,  41.524093,  60.497328,  20.438612, 126.605574,  33.745419,  93.933181,  83.309090,  38.532715
1943,  6,  27.859470,   0.567090,  23.801959,  33.850398,  16.336527,  24.475459,  57.466683,  12.149094,  30.212548,  53.185446,  27.547015
1943,  7,   4.452458,   0.026016,  10.478658,  12.972340,   2.405878,   9.765394,  14.698543,   3.522983,   6.253289,  21.809685,   1.849591
1943,  8,   0.197614,   0.000000,   7.408552,   4.856515,   0.197685,   6.683103,   3.511547,   0.089627,   0.600316,   5.892168,   0.011640
1943,  9,   0.001312,   0.000000,   5.299772,   1.596895,   0.195720,   4.803721,   1.395396,   0.003147,   0.570605,   0.347203,   0.005671
1944, 10,   4.573948,   1.897545,  10.980478,   7.382352,   5.223281,  11.892219,   6.024257,   5.753978,  10.720943,   6.120308,  13.192634
1944, 11,   4.316022,   1.353800,  10.578620,   9.030348,   4.176968,  11.682641,   5.208421,   3.265299,   7.421162,   7.169861,   9.836697
1944, 12,  10.159448,   9.224641,   7.888257,  11.456987,   8.265458,   7.846138,  12.763341,  10.328169,  10.657758,   5.249628,  21.969682
1944,  1,  24.848300,  14.219106,  16.811571,  25.682680,  19.438115,  16.625316,  19.087122,  24.635020,  27.128727,  24.829662,  46.636445
1944,  2,  39.592220,  20.505232,  31.451724,  50.586238,  28.233857,  28.870126,  27.656625,  36.407246,  29.056481,  93.137216,  75.609132
1944,  3,  88.903739,  18.309515,  25.450255,  82.084073,  43.831745,  25.454322,  53.517109,  56.137264,  46.040297,  86.692732, 118.608172
1944,  4,  51.676185,  19.130800,  20.183614,  37.204579,  49.648225,  21.667942,  57.216293,  77.072281,  65.618614,  54.093102,  56.874347
1944,  5,  40.522428,   7.186612,  10.605058,  20.191939,  74.825967,   9.072339, 110.752537,  73.902731, 113.356418,  44.172699,  27.086254
1944,  6,  15.726543,   1.184660,  18.149567,  15.175243,  17.181233,  20.375506,  60.978958,  19.092585,  27.245238,  38.031194,  16.461445
1944,  7,   3.788102,   0.002010,   5.801858,   6.496517,   2.397046,   6.504349,  15.599551,   4.306336,   5.283623,  16.011102,   2.457753
1944,  8,   0.449049,   0.000000,   3.435485,   2.157457,   0.102812,   3.409451,   3.710039,   0.660093,   0.421261,   5.095227,   0.060313
1944,  9,   1.058801,   0.000000,   2.889698,   1.437985,   0.078566,   3.261443,   0.979751,   0.759297,   0.640402,   0.744680,   1.816497
1945, 10,   0.991713,   1.489702,   7.422900,   4.484581,   6.949301,   6.524495,   9.144612,  10.125585,   8.827951,   1.206269,   7.391551
1945, 11,  68.644852,  12.164307,  35.991422,  52.126512,  33.926669,  39.592209,  44.565245,  47.836137,  47.168086,  59.789730,  85.599692
1945, 12,  37.068649,  21.783444,  33.985982,  36.765894,  14.197754,  31.404712,  16.951688,  31.476084,  20.872740,  88.835042,  60.967373
1945,  1,  20.139046,   8.806635,  17.261601,  18.331231,   4.755817,  13.976646,   7.351306,  22.302966,   6.357626,  64.841473,  18.194793
1945,  2, 193.463690,  33.047888,  68.585200, 127.553355,  97.765818,  60.448721, 104.562688, 181.122650, 112.468801, 233.282538, 279.925092
1945,  3, 106.456324,  30.463296,  39.879273,  60.761137,  67.824546,  36.392581,  76.205108, 112.099215,  88.454459, 138.665657, 123.826407
1945,  4,  74.346379,   6.412660,  21.539637,  40.488839,  89.289098,  20.826532,  96.257585, 102.048044, 109.119071,  98.786673,  77.507644
1945,  5,  51.471161,   5.389330,  36.040483,  42.532406, 103.465589,  37.273548, 149.511603,  83.952068, 136.112804,  85.611663,  58.587412
1945,  6,  32.444326,   2.394066,  19.568951,  24.771715,  28.273878,  19.887284,  93.914975,  40.666207,  47.422978,  54.621574,  35.200953
1945,  7,   8.091711,   0.002104,   8.967213,   9.515162,   3.838404,   9.114295,  28.203229,  10.950956,   8.695731,  21.651660,   4.917925
1945,  8,   1.897188,   0.034948,   6.583920,   3.603411,   0.896113,   6.737703,   8.956283,   2.408425,   2.427255,   4.992337,   0.264210
1945,  9,   0.176880,   0.000378,   5.076333,   2.101932,   0.820765,   5.331695,   4.161090,   0.824407,   1.896577,   0.395117,   0.009230
1946, 10,   6.711605,  12.514362,  26.240818,  12.744756,  21.261133,  23.366285,  38.782614,  27.212907,  35.658813,  10.522321,  31.676991
1946, 11,  64.858199,  11.421269,  39.149814,  47.181860,  15.341396,  46.839700,  19.827943,  28.584835,  26.041781,  96.659516,  77.723173
1946, 12, 218.608546,  79.160913, 105.558504, 123.003045,  71.786500,  83.509941,  52.284928, 164.440243,  91.991248, 312.992838, 280.119062
1946,  1,  93.852902,  27.945697,  62.191926,  69.025212,  40.328701,  48.262760,  30.638692, 102.133061,  48.333669, 222.392639, 113.269782
1946,  2,  48.013980,  11.078707,  35.132330,  43.583086,  20.326897,  35.116627,  19.970509,  52.202283,  29.659701, 134.676654,  71.352043
1946,  3,  89.735735,   7.070732,  36.892569,  50.511934,  57.168753,  36.331278,  61.239403,  94.060343,  72.124674, 128.199958, 133.631539
1946,  4, 103.009520,   8.008262,  23.383527,  37.396522, 101.866035,  21.353448, 112.154849, 100.247607, 112.650412,  84.592409,  77.159971
1946,  5,  40.692442,   0.921707,  17.314559,  19.590359,  79.986911,  18.740497, 119.286473,  69.590711, 100.356221,  51.397008,  31.332721
1946,  6,  10.012155,   0.009951,  10.087309,   9.375150,  13.635810,  10.796455,  32.547418,  14.552361,  19.709601,  24.907544,   4.238611
1946,  7,   3.493030,   1.363156,  11.849576,   5.290735,   2.458647,  13.027940,  10.712019,   6.779745,   5.982974,   6.633933,   4.142747
1946,  8,   0.305154,   0.001795,   5.347440,   0.865058,   0.257740,   5.907519,   2.902434,   0.663447,   0.719675,   0.188870,   0.003536
1946,  9,   2.155414,   0.020008,   4.501164,   1.699413,   1.241220,   4.920676,   2.390204,   1.662428,   3.363653,   0.166885,   4.581668
1947, 10,   7.028585,   0.150040,   7.527370,   3.731337,   9.806845,   8.583532,  20.942228,   8.867439,  14.070075,   1.822438,   6.695291
1947, 11,  53.730564,  10.992925,  28.129918,  41.338873,  39.615053,  31.725266,  41.633031,  49.848580,  51.521887,  39.461529,  72.002695
1947, 12,  28.122980,  13.688142,  19.453947,  25.033242,  45.299826,  18.287872,  43.556360,  33.170209,  33.596328,  48.156130,  40.274452
1947,  1,  12.269425,   2.215214,   7.874331,   4.834069,  16.324320,   8.672125,  20.248121,  18.724401,  11.782219,  29.003238,  10.074249
1947,  2,  54.021157,  20.298581,  32.879577,  45.340774,  31.679532,  29.743121,  27.574221,  47.368350,  35.642747, 126.347334,  82.887156
1947,  3,  95.132532,  27.087126,  57.294891,  63.882584,  49.844816,  50.123475,  37.802766,  88.788352,  74.143452, 171.651423, 165.618151
1947,  4,  68.160691,   4.108989,  25.329505,  39.069716,  40.433616,  22.263383,  51.809325,  50.462904,  61.760189,  91.896552,  68.978631
1947,  5,  17.977258,   1.231287,  15.585105,  14.168021,  20.952680,  17.364699,  77.061280,  15.398562,  31.042829,  48.508300,  18.304839
1947,  6,  14.175698,   1.214986,  34.705506,  18.443487,   3.384635,  35.216561,  20.388144,   6.233034,   8.269307,  95.851684,  25.564720
1947,  7,   0.734686,   0.000000,   8.893743,   3.534371,   0.231618,   9.857808,   5.375053,   0.355291,   0.745937,  35.143598,   0.264667
1947,  8,   0.006905,   0.002793,   7.619605,   1.586733,   0.017369,   8.184584,   1.457436,   0.005029,   0.018708,  14.035280,   0.063317
1947,  9,   0.046067,   0.000157,   5.386147,   0.809922,   0.871118,   6.720107,   5.155668,   0.125494,   0.460498,   3.487885,   0.043461
1948, 10,  24.662166,   9.523292,  33.257246,  28.677334,  11.416194,  34.222747,  14.118962,  22.517251,  24.275940,  33.549671,  59.944045
1948, 11,   9.750311,   1.612635,   9.902725,  12.117119,   2.915140,  10.587501,   4.259255,   6.238312,   7.336262,  19.466973,  11.786674
1948, 12,   2.856741,   6.440393,   9.179611,   5.164306,   3.293876,   9.243146,   5.303732,   2.824878,   2.840637,  18.357276,   5.315179
1948,  1,  36.441681,   5.063702,  60.258082,  54.512321,   7.176123,  51.890226,   7.401578,  15.046546,  19.220225, 183.846748,  80.188017
1948,  2,  17.571510,   3.646686,  16.527711,  15.717696,  10.259638,  16.910978,  11.401489,  17.134525,  17.489784,  67.049718,  25.900553
1948,  3,  74.411844,  14.203026,  54.099063,  68.806935,  41.998985,  46.217379,  29.733165,  51.083083,  41.854966, 103.553082,  94.527444
1948,  4, 168.328671,  42.722137,  98.442998, 125.572619, 132.884889,  77.734223,  88.408565, 139.503826, 135.183501, 195.857438, 259.616092
1948,  5, 132.110039,  18.478642,  53.405163,  76.203671, 108.006482,  43.698163,  87.792695, 132.446509, 128.998218, 191.904364, 169.069244
1948,  6,  43.442964,   9.473686,  41.711599,  46.877365,  23.303734,  39.204626,  36.650661,  34.190937,  34.210942, 130.939761,  50.720169
1948,  7,  12.803765,   0.414916,  19.352531,  19.667473,   3.021620,  17.769164,   8.677952,   8.058049,   6.192429,  65.875442,  11.178402
1948,  8,   2.257861,   0.000000,  15.750707,  10.138574,   0.076408,  15.097192,   1.700487,   1.498740,   0.517606,  30.221392,   1.355650
1948,  9,   0.429906,   0.967618,  14.732879,   5.847301,   0.010149,  15.309734,   0.204337,   1.189998,   0.308970,  17.505889,   1.050457
1949, 10,   0.653419,   1.639036,  12.312197,   5.407695,   1.850502,  12.920036,   4.111190,   1.247247,   3.231888,  14.149717,   1.941264
1949, 11,  14.939374,   0.951624,  16.207923,  23.031385,   0.889631,  17.622260,   1.428626,   5.790415,   3.955016,  18.400444,  36.557406
1949, 12,  19.870686,  18.247702,  21.741409,  20.821649,  13.301809,  20.669290,   9.549516,  14.183665,  16.528219,  20.086987,  36.394202
1949,  1,  11.467332,   5.242613,   9.105895,   6.815492,   8.528947,   7.837394,   5.934420,   8.049960,  10.987091,  11.699253,  11.508557
1949,  2,  21.436523,   9.283916,  30.675970,  19.316942,  12.480416,  31.181022,  11.499541,  11.823103,  17.866482,  39.163534,  34.644170
1949,  3, 126.802465, 123.130735,  89.367242,  89.245007,  54.163295,  65.139262,  41.104860,  58.265010,  54.091277, 272.481264, 151.293611
1949,  4, 103.126736,  10.838016,  23.283180,  34.066868,  82.007828,  22.633037,  64.034532, 104.996143, 100.336629, 202.684809, 117.035384
1949,  5,  53.547272,   8.958478,  28.510750,  26.649537,  70.284061,  31.583079,  80.308651,  51.744336,  93.095482,  99.021357,  57.004106
1949,  6,  16.233717,   0.420981,  13.546236,   9.392442,  14.649467,  15.008462,  46.737022,  11.101460,  21.149040,  59.771520,  11.971639
1949,  7,   4.315307,   0.048084,   8.220273,   3.409758,   1.852239,   8.308836,  13.000256,   2.446063,   4.035273,  23.277413,   2.199669
1949,  8,   1.860822,   0.056327,   6.635616,   2.380671,   0.217829,   7.121240,   4.437488,   0.588728,   0.844849,   6.594849,   4.041107
1949,  9,   0.354902,   0.002481,   4.942583,   1.233384,   0.106953,   5.289587,   1.571554,   0.186478,   0.477483,   1.384231,   0.194501
1950, 10,   1.090098,   0.047916,   4.815653,   1.071546,   0.017931,   5.756764,   0.709479,   0.635812,   0.308329,   1.612522,   1.624796
1950, 11,  16.667165,   3.965692,  13.755966,  16.137869,  13.384016,  16.635036,  19.681549,  17.853552,  20.767788,   5.584284,  29.204416
1950, 12,   8.176922,   4.147163,   8.599707,   9.419642,   6.510237,   9.333761,   6.435059,   5.377807,   7.518617,   3.319408,  18.148361
1950,  1, 116.984554,  23.435456,  42.768678,  58.350952,  28.517049,  46.354616,  18.363300,  41.536786,  40.343188,  15.240857, 143.776593
1950,  2,  95.119360,  26.560060,  42.709113,  85.384043,  45.678488,  38.776231,  33.213271,  56.376558,  32.269332,  53.942905, 174.975650
1950,  3, 107.910257,  11.610708,  44.527324,  63.594153,  49.255895,  43.141643,  42.598014,  76.398217,  56.656698, 168.525898, 165.040027
1950,  4, 139.129648,   3.880072,  32.983313,  71.697517, 102.143467,  30.073718,  94.288577, 119.770265, 108.190978, 170.470437, 178.672396
1950,  5,  87.222271,   1.228293,  20.614963,  46.843813,  82.687771,  21.064256,  85.849214,  76.019181, 138.491424,  75.074688,  97.239815
1950,  6,  28.780954,   0.713548,  14.889127,  20.036864,  21.776727,  17.719250,  39.548170,  18.854939,  46.814521,  41.298793,  23.088891
1950,  7,   6.405189,   0.000000,   7.109360,   8.371822,   4.002679,   7.552347,  12.140730,   4.089737,  11.353586,  13.304544,   3.387421
1950,  8,   1.373825,   0.000000,   5.782799,   3.600952,   0.234533,   6.576192,   2.421349,   0.627160,   1.419236,   2.609937,   0.540948
1950,  9,   1.759140,   0.475527,   8.321862,   3.784390,   0.472560,  10.208427,   2.784784,   0.560885,   1.088635,   2.404050,   1.913372
1951, 10,  19.428915,  11.094569,  48.350071,  28.823025,  15.999135,  51.495934,  17.897314,  24.744240,  29.018992, 131.326414,  52.287441
1951, 11, 244.421971,  11.553997,  48.815962,  97.773989, 121.424630,  46.294956, 107.759122, 144.374060, 176.107877, 166.958402, 258.692851
1951, 12, 266.089636,  44.428643,  65.722411, 116.493157, 226.851297,  58.087727, 160.763798, 253.870075, 269.399023, 205.778600, 360.817595
1951,  1, 197.600318,  38.019838,  76.480477, 112.809150,  78.704798,  66.109481,  58.750119, 110.427540,  96.786628, 198.825179, 273.239912
1951,  2, 116.519127,  28.194078,  65.291461,  92.572414,  52.799175,  52.065143,  42.653612,  71.388449,  68.340497, 208.597935, 170.640674
1951,  3, 126.287193,   8.471173,  45.464860,  76.562229,  51.031203,  39.873415,  41.766334,  79.113117,  75.683474, 145.074049, 151.256697
1951,  4,  48.721993,   3.096642,  27.743610,  41.614975,  47.234539,  28.242145,  56.560931,  38.578358,  74.586562, 106.649804,  71.280171
1951,  5,  87.655661,  14.945259,  36.825829,  50.311467,  40.820205,  33.648074,  72.534853,  49.906315,  68.304128, 109.498028,  83.031266
1951,  6,  16.198769,   0.210234,  13.423882,  16.473073,   8.459891,  12.765626,  32.734577,   7.124370,  15.442713,  43.562199,  13.480587
1951,  7,   3.352357,   0.003185,   9.872000,   7.340286,   0.728645,   9.273909,   8.174844,   0.845749,   2.152256,  13.921705,   1.932791
1951,  8,   0.182102,   0.020994,   9.097970,   3.884221,   0.028521,   9.265811,   2.074625,   0.183396,   0.056763,   1.614712,   0.724979
1951,  9,   0.017386,   0.005563,   5.375524,   0.882983,   0.009024,   5.298743,   0.394094,   0.019026,   0.212238,   0.148995,   0.128242
1952, 10,  23.138865,   5.114993,  18.834121,  22.151809,   7.744855,  21.613259,   8.266102,  14.093266,  11.628092,   7.633390,  47.588282
1952, 11,  37.786678,  10.901531,  33.681174,  34.109989,  15.449169,  34.449922,  12.736299,  20.837908,  23.285174,  55.851708,  57.914293
1952, 12, 112.119504,  43.570522, 100.063200,  99.086997,  47.772504,  89.605064,  32.306840,  52.377436,  54.941147, 313.009271, 194.044238
1952,  1, 262.204536,  92.842660, 102.696660, 176.898087,  97.181714,  82.107771,  41.170465, 109.088794, 101.836411, 189.643203, 291.869885
1952,  2, 181.402260,  31.612495,  84.056777, 160.342377,  58.860717,  69.388271,  38.644075,  99.219490,  77.190932, 233.123027, 281.422599
1952,  3, 175.151550,  60.789730,  71.618451, 126.943732,  95.491435,  59.339444,  84.963418, 110.874293, 118.826725, 184.326482, 210.459409
1952,  4, 154.682656,   9.605889,  40.149112, 106.070205, 119.335747,  36.484273, 145.906094, 172.546310, 145.822981, 203.952609, 208.116289
1952,  5, 145.457222,   2.988323,  39.545207,  80.525800, 172.060000,  35.035885, 221.869305, 210.564355, 239.930140, 134.081792, 173.912688
1952,  6,  41.961350,   2.316738,  31.224309,  36.874621,  82.989120,  31.030491, 210.469436,  64.207259, 116.118907,  73.486996,  52.022200
1952,  7,  14.751100,   0.699517,  17.783170,  22.241559,  17.739002,  17.797649, 122.820194,  20.393537,  30.720893,  42.521431,  18.029652
1952,  8,   5.145029,   0.433818,  11.339178,  11.272461,   2.430174,  10.750066,  32.535809,   5.329885,   8.695102,  14.596090,   4.007986
1952,  9,   2.593620,   0.000313,  11.568776,   6.383005,   2.074176,  12.786822,  14.686336,   3.313442,   4.190054,   5.313560,   4.219909
1953, 10,   0.262808,   0.234192,   6.891248,   3.128381,   0.186799,   6.493660,   2.783169,   0.150987,   0.438489,   2.019630,   0.353852
1953, 11,  13.995209,  10.668252,  14.407869,  16.646599,   9.059054,  14.874755,   8.723640,  11.925005,  13.366560,   8.138532,  26.096250
1953, 12,  47.275678,  92.652074,  74.801763,  54.579334,  24.344264,  68.343551,  18.674919,  24.263733,  27.983118, 166.278706,  87.600801
1953,  1, 162.728228,  74.881773, 140.503747, 144.001996,  30.611068, 111.692547,  25.698634,  59.413993,  41.732664, 384.573158, 265.938952
1953,  2,  31.185828,   7.951499,  32.414181,  30.703209,   6.645028,  31.471388,   6.842528,  26.689046,   6.540571, 132.320944,  51.821962
1953,  3,  71.522248,  13.778931,  60.338481,  67.656077,  27.857949,  54.369162,  26.066329,  53.448257,  35.725402, 177.756884, 125.861805
1953,  4,  87.742825,  10.173865,  41.718305,  56.476988,  50.819392,  38.530933,  53.976910,  72.431865,  66.598430, 137.768109, 148.683332
1953,  5, 108.437311,   8.055374,  53.163441,  72.246559,  43.635933,  47.399208,  64.105556,  67.103104,  73.312911, 125.441746, 135.712046
1953,  6,  67.566808,   2.805472,  35.851769,  37.566733,  31.826279,  32.550242, 101.247158,  38.726879,  52.945994,  92.172617,  65.008315
1953,  7,  20.121302,   0.075113,  15.989637,  17.050054,   5.782523,  15.080340,  47.179716,   8.880470,   9.386304,  42.367690,  15.044085
1953,  8,   4.729197,   0.468404,  15.034434,  10.085525,   0.488624,  14.717670,  11.803960,   1.945981,   1.191512,  17.620418,   2.763745
1953,  9,   1.527639,   0.065134,   8.777722,   4.222953,   0.095346,   8.990267,   3.045899,   0.138360,   0.344316,   3.682598,   1.330597
1954, 10,   6.051866,   1.063872,  12.258446,  11.555877,   2.721997,  13.587173,   6.404552,   6.245421,   5.998620,   6.975545,  15.659587
1954, 11,  17.556296,  14.554871,  31.452909,  26.356418,  12.134525,  34.357720,  14.781620,  13.124482,  17.565203,  63.472141,  44.613903
1954, 12,  11.675386,   1.226009,  15.887174,   8.880891,   6.104606,  16.457131,   4.292114,  10.081444,   9.699843,  52.678315,  16.075978
1954,  1,  62.111551,  41.650988, 102.330636,  87.346398,  27.762698,  89.561385,  27.061743,  30.784196,  34.765441, 293.836661, 113.454422
1954,  2,  91.314473,  33.155517,  77.880421,  98.718447,  59.786886,  63.577722,  42.409732,  57.320924,  60.457578, 278.271664, 156.434869
1954,  3, 121.337093,  36.961500,  77.525133, 100.682537,  85.163083,  64.288214,  68.715216,  92.322270,  94.489214, 213.642359, 189.288800
1954,  4, 111.226018,  20.129141,  65.331647,  94.328470, 107.900494,  54.809260, 115.770708,  97.338189, 128.884812, 196.443904, 160.552047
1954,  5,  41.072063,   1.825092,  24.420629,  43.120496,  53.370215,  24.099996, 120.022658,  36.114883,  77.728165,  91.773184,  42.695939
1954,  6,  17.986859,   5.967148,  24.900754,  29.123006,  14.718616,  26.971807,  50.260854,  14.770959,  27.747613,  57.523381,  21.791664
1954,  7,   2.138791,   0.001573,  13.011478,  10.354890,   0.902671,  13.249943,  11.080142,   1.450775,   2.942764,  22.422389,   0.859513
1954,  8,   0.546420,   4.222106,  19.383391,   4.949998,   0.010760,  19.059961,   2.602267,   0.031953,   0.151427,  11.682879,   1.729548
1954,  9,   0.205699,   0.133765,   8.049470,   3.019820,   0.000000,   8.261836,   0.551802,   0.000000,   0.000000,   4.782743,   1.458631
1955, 10,   0.292497,   0.159081,   7.841104,   1.860297,   0.000000,   8.254300,   0.083279,   0.000000,   0.000000,   3.208792,   1.805592
1955, 11,  17.913214,  25.079441,  31.296307,  24.924751,  13.292729,  30.408203,  26.304724,  17.788010,  19.481018,  37.394975,  41.314836
1955, 12,  49.722088,  25.054860,  45.935189,  33.201310,  21.392907,  40.957388,  18.500637,  27.197909,  30.189331, 112.350968,  66.149602
1955,  1,  55.177906,  16.483661,  29.025739,  27.790487,  22.071400,  26.334678,  18.578076,  18.959503,  24.358457,  79.959683,  70.070523
1955,  2,  20.860556,   3.724660,  15.279314,  13.771264,  12.139807,  16.509191,  15.558614,  17.988020,  12.041963,  46.921688,  27.581491
1955,  3,  40.217297,   4.801775,  18.297551,  24.590650,  21.409465,  18.711882,  25.780750,  26.469034,  20.696970,  46.816779,  54.159746
1955,  4,  72.420009,  26.516502,  44.539482,  43.619103,  38.287288,  40.698628,  42.476010,  37.594731,  33.187525,  98.370370, 120.214551
1955,  5,  83.812850,  10.486798,  21.651374,  29.784680,  94.129035,  19.097580, 115.708170,  86.539210, 105.745153,  69.755451, 117.019429
1955,  6,  31.142222,   0.521183,  11.188346,  12.061056,  27.264907,  11.839269,  85.270192,  21.582872,  45.074684,  29.638659,  24.895844
1955,  7,   7.220704,   0.795397,   8.699978,   5.381175,   5.073960,   9.912184,  23.462107,   5.375659,  11.911025,   9.092668,   5.805251
1955,  8,   1.248256,   0.000000,   5.298412,   1.515291,   0.245605,   5.625081,   5.710801,   0.780901,   1.338907,   0.149151,   0.398932
1955,  9,   1.215412,   0.115071,   8.819358,   4.026108,   0.098879,  10.589721,   1.875035,   0.677888,   0.669643,   1.345178,   5.980663
1956, 10,   0.725620,   0.163885,   5.551010,   4.476419,   0.047795,   6.345034,   0.421377,   0.140892,   0.240145,   1.201885,   6.283218
1956, 11,  16.984273,   9.113924,  28.925442,  18.852314,   8.685963,  31.582568,  10.653347,  15.102021,  14.435205,  20.281077,  34.761728
1956, 12, 390.651964,  90.723599, 136.505349, 209.202920, 213.140280, 119.744275, 159.985324, 265.270166, 234.491218, 366.632913, 579.925147
1956,  1, 306.213410, 113.804684, 161.018798, 201.087872, 186.708182, 128.221506, 130.697640, 215.785255, 196.178929, 382.366772, 444.140873
1956,  2, 124.767103,  76.502637, 124.901941, 178.583622,  74.568416,  93.481400,  69.821656,  82.890783,  83.411861, 327.799148, 210.482101
1956,  3,  80.488982,  20.195874,  57.470818,  94.500017,  36.222793,  49.687345,  46.069221,  63.723137,  51.570815, 174.453884, 103.748824
1956,  4,  68.778712,  13.279974,  37.524669,  65.802820,  72.225526,  35.502407,  87.012623,  88.817794,  89.554357, 116.649694,  72.758352
1956,  5, 137.346294,   7.700843,  43.454257,  65.017773, 149.276482,  38.523702, 181.240715, 167.463400, 207.177120,  83.844094, 103.196824
1956,  6,  40.947735,   0.622606,  22.974989,  26.249873,  42.387248,  23.056289, 174.894609,  52.062704, 103.158699,  44.307224,  19.147393
1956,  7,  11.751871,   0.005305,  17.068482,  13.931760,   9.360792,  17.456066,  76.856908,  13.564834,  24.315144,  15.556622,   4.476458
1956,  8,   2.257151,   0.000000,  10.940379,   5.769548,   0.837063,  10.410592,  19.014738,   3.086097,   4.910594,   3.009054,   0.350416
1956,  9,   1.990074,   0.133194,   9.836160,   8.135242,   1.226419,  10.097830,   6.588618,   2.957208,   3.131951,   0.720081,   4.968218
1957, 10,  13.455276,   3.922955,  24.657725,  15.457279,   6.596912,  25.106444,  11.236871,  13.541689,  12.189354,  10.418872,  38.466911
1957, 11,  12.596112,   0.705070,   6.243489,  13.817829,   0.871002,   9.627557,   3.220322,   2.837968,   3.720417,  12.517367,  10.973706
1957, 12,   9.356112,   0.119766,   8.148141,   5.352408,   5.231651,   9.968997,   4.695431,   9.559066,   6.168140,   6.770917,  13.460694
1957,  1,  38.375495,  21.938964,  26.339854,  32.564955,  16.799657,  27.200868,  17.197205,  18.062502,  22.438421,  57.682493,  42.291824
1957,  2,  91.705802,  22.948158,  58.143036,  53.450031,  35.344256,  56.287657,  25.467425,  58.058307,  43.535175, 208.724740, 153.308731
1957,  3, 130.123536,  14.362834,  70.914774,  67.628300,  44.365375,  60.432109,  25.156591,  90.562433,  55.574699, 214.851984, 143.088562
1957,  4,  69.322156,  12.196891,  44.244768,  43.113557,  30.142088,  44.575702,  30.431863,  45.687792,  54.049692, 159.063221,  91.783502
1957,  5, 130.816254,   7.979674,  55.864324,  85.222669,  77.294487,  51.943642,  92.914767,  96.826240, 113.223823, 171.576066, 193.782282
1957,  6,  36.235743,   0.656201,  19.571350,  26.933593,  23.436994,  21.530823,  88.166674,  24.677362,  34.068041,  77.337948,  42.569436
1957,  7,  10.895264,   0.025362,  13.031424,  13.665628,   2.452489,  14.830426,  21.611660,   4.668565,   6.325788,  37.264728,   9.008235
1957,  8,   1.251188,   0.000000,   9.447026,   6.219702,   0.032653,  10.779109,   4.768319,   0.341660,   0.372459,  13.354968,   0.356320
1957,  9,   0.922376,   4.032432,  26.732868,   9.815496,   1.095692,  29.435036,   4.013843,   0.496689,   0.513842,  19.693282,   9.776297
1958, 10,  10.524746,  28.789152,  31.593536,  28.034212,   4.033316,  33.234344,  10.491792,   7.311277,   9.451987,  95.307962,  31.525588
1958, 11,  13.452802,   2.852904,  27.924220,  15.270645,   5.334225,  28.853517,   5.797991,   9.936156,  11.099679,  96.813706,  26.329352
1958, 12,  45.120628,  22.711622,  48.421989,  51.393116,  24.887831,  46.720894,  28.899782,  21.493577,  30.221130, 158.129170,  83.148450
1958,  1,  61.690860,  55.897409,  71.302623,  57.223535,  32.700067,  63.910731,  27.279082,  44.705794,  41.581950, 206.572576, 123.561552
1958,  2, 199.710741, 260.219548, 184.712472, 192.629168,  78.879219, 132.043744,  63.972047, 119.840106,  76.609827, 666.852803, 365.258805
1958,  3, 206.267540, 146.915121, 120.732569, 174.561413, 122.045785,  92.571161, 102.903646, 144.686553, 118.488026, 389.596935, 288.582275
1958,  4, 307.979560,  94.422927, 119.023983, 193.235893, 196.831059,  87.839339, 161.889933, 210.493695, 189.835374, 386.160919, 331.766927
1958,  5, 111.818565,  16.376764,  46.683465,  71.589853, 154.541778,  44.550149, 199.592098, 159.904467, 175.342093, 154.034772, 102.779389
1958,  6,  36.453627,   3.094063,  48.334933,  53.006231,  31.634018,  45.462598, 151.049929,  40.715502,  50.067974, 114.809737,  32.583399
1958,  7,  10.630195,   1.891504,  30.087477,  28.059392,   5.554618,  30.995429,  63.273117,  11.862705,  11.574831,  57.124830,   5.414162
1958,  8,   2.836377,   0.041756,  18.588911,  13.056206,   0.527942,  18.059144,  17.334061,   3.152805,   1.965411,  22.860718,   0.809499
1958,  9,   2.513604,   0.017189,  15.320845,   6.853149,   4.326468,  15.607754,  16.403587,   3.174507,   7.011049,   9.717985,   3.923963
1959, 10,   0.816215,   0.408072,  11.605531,   5.822004,   0.048215,  11.739154,   1.517959,   0.178468,   0.233214,   3.810354,   4.042835
1959, 11,   7.176788,   0.562006,  12.076210,  10.332383,   2.566099,  12.645582,   5.147504,   4.577294,   4.840896,   6.267755,  15.864337
1959, 12,   6.263512,   3.272810,  15.486069,  10.905622,   3.106338,  16.922412,   3.252908,   6.285234,   7.530167,   6.733619,  19.489628
1959,  1,  47.950670,  33.349951,  87.393333,  56.935175,  25.387987,  82.232010,  21.509299,  41.501112,  39.786834, 235.567313,  87.443466
1959,  2,  63.310986,  52.441027,  81.364296,  83.288524,  29.738030,  70.290262,  32.621129,  32.689003,  35.720283, 229.130944, 118.734557
1959,  3,  39.431920,   6.852156,  35.454497,  33.930570,  37.633417,  38.532133,  36.550270,  49.841148,  29.357012, 139.950911,  76.952486
1959,  4,  38.574436,   3.208399,  23.913116,  21.164390,  49.228162,  26.898603,  66.453081,  35.306013,  59.767599,  91.183053,  42.925946
1959,  5,  27.200431,   0.169262,  19.089111,  19.333652,  19.774344,  24.222647,  46.396045,  19.372658,  32.996781,  51.528745,  28.190280
1959,  6,   7.706025,   0.000030,  10.545390,   5.881039,   2.258506,  13.074239,  20.605047,   3.287990,   5.614537,  22.179219,   4.328175
1959,  7,   2.236572,   0.000000,   7.284647,   1.724192,   0.060537,   8.977044,   5.170192,   0.823565,   0.567974,   3.447205,   0.624435
1959,  8,   0.325203,   0.392393,   6.387663,   1.575239,   0.063482,   8.034382,   1.097221,   0.555745,   0.092306,   0.178469,   2.037342
1959,  9,  10.669907,   6.068830,  15.655623,  17.475516,  23.598138,  18.954341,  33.758110,  24.396225,  35.786375,   4.400098,  28.034962
1960, 10,   0.007245,   0.006718,   3.928050,   0.316500,   0.022210,   5.014352,   0.139500,   0.001401,   0.040603,   0.106327,   0.185889
1960, 11,   0.001280,   0.001490,   2.049929,   0.051344,   0.000000,   2.486002,   0.035524,   0.000000,   0.000555,   0.013223,   0.000000
1960, 12,   8.991191,   7.897522,   8.402796,  10.866014,   3.846329,   9.475406,   3.631289,   5.360532,   5.933001,   3.131775,  19.903174
1960,  1,  37.919803,  17.180086,  28.965611,  43.518591,  15.801345,  32.656258,  12.446661,  22.119139,  23.531805,  17.588756,  82.213021
1960,  2, 128.536290,  44.090686,  68.161330, 120.364358,  30.505772,  63.649985,  24.376949,  51.518905,  46.286574, 230.814232, 245.647350
1960,  3,  92.807166,  28.274427,  59.288156,  89.271497,  66.329766,  55.815765,  51.762929,  79.163011,  75.387639, 153.148934, 202.777583
1960,  4,  50.569561,  10.339937,  29.276208,  49.098474,  57.587890,  30.989941,  51.221619,  54.858697,  83.190698, 106.405616,  82.907599
1960,  5,  32.943237,   4.290966,  36.224386,  39.252591,  30.188387,  35.546661,  33.787881,  34.393641,  43.269886,  96.464786,  58.111267
1960,  6,   7.960250,   0.350708,  14.862388,  16.282621,   2.942485,  14.588800,   6.906906,   5.420694,   6.932203,  48.165032,  13.189873
1960,  7,   1.732506,   0.012273,  10.517768,   7.597821,   0.675894,  11.299816,   2.350449,   1.664770,   1.903536,  16.318651,   1.924227
1960,  8,   0.142831,   0.000000,   7.073876,   3.198706,   0.000385,   9.205736,   0.076941,   0.019741,   0.027195,   2.450337,   0.037074
1960,  9,   0.209970,   0.000000,   5.730040,   2.595020,   0.270757,   6.806247,   0.621917,   0.436331,   1.143077,   0.098824,   0.063982
1961, 10,   1.821483,   0.322978,   7.536975,   4.537135,   2.181112,   9.082894,   3.054125,   2.018108,   2.484671,   2.202139,   3.470414
1961, 11,  27.407082,  15.012440,  34.938127,  41.595955,  19.277795,  40.221844,  27.341448,  23.053716,  26.488363,  24.305484,  61.794473
1961, 12,  12.882252,  26.786923,  46.528626,  27.658240,  11.289092,  43.412527,  13.073791,  11.158164,  14.656285, 157.599035,  24.228874
1961,  1,   3.178758,  20.856177,  22.059589,   9.857635,   8.005618,  20.821860,   9.784724,   7.178936,  10.626794,  54.351480,  13.698896
1961,  2,  26.880026,  33.137188,  66.061871,  54.425095,   7.859695,  58.385169,   7.796485,  12.305162,  11.367111, 182.699478,  49.254316
1961,  3,  36.523734,  27.422489,  59.632207,  58.275721,  22.245178,  55.488419,  24.070953,  28.756508,  26.523828, 177.558686,  78.367436
1961,  4,  37.664012,   6.979308,  29.112994,  38.374079,  22.708366,  29.295145,  31.230806,  25.092551,  37.612039, 101.238000,  51.830753
1961,  5,  46.297444,   2.223538,  30.742260,  33.854002,  13.331448,  29.987353,  22.410094,  23.025874,  27.075478,  79.643235,  61.492489
1961,  6,  16.512497,   0.889361,  17.381201,  21.731269,   3.027499,  20.407609,   6.511717,   5.725219,  12.189357,  51.642453,  21.142671
1961,  7,   4.058816,   0.001660,   9.892394,   6.896613,   0.689130,  10.693606,   2.255155,   1.954803,   2.737763,  17.857233,   2.274754
1961,  8,   1.068268,   2.025739,  10.586700,   4.312356,   1.102345,  12.393553,   2.931445,   2.747993,   6.683792,   4.262436,   2.593613
1961,  9,   2.539111,   0.740753,   6.851290,   2.729574,   1.584779,   7.728002,   4.646138,   6.539785,   4.180103,   2.907054,   1.353880
1962, 10,   5.237302,   0.219038,   9.647390,   4.020383,   1.561399,  12.164701,   3.052864,   2.685793,   2.997976,   3.819035,  11.696814
1962, 11,   5.688417,  12.054403,  28.804492,  11.858107,  10.557382,  30.697111,  13.448850,  11.558783,  13.856385,  26.203631,  20.127453
1962, 12,  21.287839,  20.156659,  42.799215,  36.155311,   9.437962,  43.298261,   8.200909,  11.582259,  13.988631, 120.041192,  45.338585
1962,  1,  19.378605,   5.722123,  22.129452,  24.176747,   7.406921,  22.855616,  10.848228,  13.661290,  11.817899,  67.299788,  28.613945
1962,  2, 188.031133,  62.382972, 105.228591, 184.312360, 103.874586,  88.783380,  90.658069, 130.921557, 105.188762, 312.457375, 322.940852
1962,  3, 103.979960,  63.461241,  64.433952,  93.431975,  62.156222,  58.674054,  56.972838,  78.316081,  60.815136, 202.083219, 157.163008
1962,  4,  79.776469,   4.948096,  24.827581,  51.626747,  99.321380,  27.537252, 115.338643, 122.313216, 115.743614, 107.973288, 118.425531
1962,  5,  42.287991,   2.013817,  25.906260,  33.421511,  69.019128,  31.112349, 104.046686,  54.408053,  97.637483,  72.859053,  41.363191
1962,  6,  14.157295,   0.511858,  12.307024,  16.728599,  25.013955,  13.184034,  42.395741,  18.014488,  35.202527,  34.796458,   8.366314
1962,  7,   5.761710,   0.000000,   8.905661,   6.985923,   4.474089,   9.938085,  12.056235,   5.487168,   8.627249,  10.609981,   1.815841
1962,  8,   1.039511,   1.201156,   9.752026,   3.966027,   0.574446,  10.501493,   2.868495,   1.020011,   1.860513,   5.130694,   3.039757
1962,  9,   0.125330,   0.257034,   7.368031,   1.120846,   1.683875,   8.251138,   3.354939,   0.639077,   3.910230,   1.514193,   1.244562
1963, 10, 106.932973,  20.626569,  73.635221, 134.051827,   8.886542,  79.073340,   9.203438,  23.468038,  14.552833, 150.072962, 220.318113
1963, 11,  11.133322,   4.849459,  23.938444,  20.776595,   1.332742,  25.903241,   1.085612,   3.994732,   3.578405,  92.412280,  29.635798
1963, 12,  57.813925,  12.061853,  50.061203,  63.583772,   7.935450,  43.108802,   3.332351,  13.192196,  13.408115, 144.918032, 120.478863
1963,  1,  11.502391,  15.034245,  24.681170,  32.183445,  50.018747,  21.311201,  47.839680,  57.655164,  64.028171,  59.463645,  71.680291
1963,  2, 263.254416,  56.328365,  72.766355, 141.937869, 135.951868,  65.986245,  96.695126, 172.261008, 166.531432, 207.995927, 331.172822
1963,  3, 100.596377,  40.165393,  54.760590,  78.018400,  60.600443,  53.981753,  50.155167,  75.221294,  72.978347, 154.637617, 146.859781
1963,  4, 216.566298,  61.897265, 124.797564, 192.452884, 104.043641,  97.485618,  81.752522, 155.628572, 114.986465, 322.304962, 304.002245
1963,  5, 137.221157,  12.770032,  51.188150,  77.858564, 116.157471,  49.689098, 117.999148, 140.657050, 138.893308, 154.189462, 136.968954
1963,  6,  46.063089,   1.488376,  27.754682,  44.187578,  22.768700,  30.767823,  61.184941,  36.968183,  43.688163,  80.440935,  40.713503
1963,  7,  14.092156,   0.063110,  17.615406,  22.090398,   2.823709,  18.332895,  18.495145,   7.846800,   7.440253,  41.700907,   7.589020
1963,  8,   3.052915,   0.000000,  13.304001,  10.772871,   0.682525,  13.768277,   5.550595,   1.468436,   1.157518,  13.846468,   0.822359
1963,  9,   3.254173,   0.000000,  11.274111,  10.965993,   1.513540,  12.757959,   4.752366,   3.519141,   3.597299,   3.062208,   5.404043
1964, 10,  11.437603,   5.227894,  17.722260,  16.525923,   6.142018,  18.722944,   8.683382,  11.574769,  11.258347,  23.119798,  20.973279
1964, 11,  73.936803,  19.628956,  43.020536,  53.347997,  33.718465,  43.488265,  39.512375,  40.507135,  43.637330, 123.851314, 104.976861
1964, 12,  14.771135,   1.962871,  11.831105,   9.533174,   3.472035,  12.480323,   2.775466,  11.623149,   4.256731,  51.471586,  13.063958
1964,  1,  77.007275,  13.145402,  53.584857,  64.477945,  12.113016,  50.971154,   8.536204,  22.601384,  20.646447, 168.443648, 108.386591
1964,  2,  23.210909,   1.213095,  16.802937,  17.416837,   5.013489,  16.940096,   3.780370,  16.483744,   5.479294,  74.243677,  29.175079
1964,  3,  40.987189,   7.008933,  21.000316,  28.792142,  21.131790,  21.463393,  21.376372,  36.726025,  28.382618,  57.811205,  54.148394
1964,  4,  55.250723,   0.950914,  11.848329,  24.127359,  36.177438,  12.124069,  37.934237,  46.736254,  46.713593,  33.842189,  66.674362
1964,  5,  80.932673,   0.509361,  15.984684,  25.749305,  40.502679,  19.033345,  36.851046,  48.829419,  67.356483,  22.820071,  66.937499
1964,  6,  27.228425,   0.888110,  18.423847,  16.285138,  13.658335,  20.937207,  14.063184,  16.652676,  22.993313,  16.205193,  24.949577
1964,  7,   7.428507,   0.012694,   5.052871,   3.469291,   1.616956,   4.920478,   3.144110,   2.579179,   4.002605,   3.248454,   3.299119
1964,  8,   1.161851,   0.000714,   3.403417,   1.129773,   0.829813,   3.275682,   1.609200,   0.352051,   0.928751,   0.125755,   0.840130
1964,  9,   0.818233,   0.061007,   4.358538,   2.506934,   0.834582,   4.578723,   1.640012,   1.322286,   2.214037,   0.427164,   1.911948
1965, 10,   2.284175,   7.359706,   6.777452,   1.980193,   9.662600,   5.606166,  10.919205,   9.003934,  12.495190,   2.609768,   7.543228
1965, 11,  35.018809,  24.282997,  28.126899,  36.324616,  22.216566,  27.825329,  19.212203,  26.077488,  30.014297,  32.775736,  65.649619
1965, 12, 382.341553,  57.374806, 123.482701, 191.504709, 117.367970, 103.699898,  59.425665, 219.422452, 162.531070, 361.040101, 553.852199
1965,  1, 260.059697,  72.695345, 110.827038, 240.716139, 123.373073,  91.167091,  73.739686, 189.943616, 145.483644, 249.742217, 412.823507
1965,  2,  76.967852,  10.985362,  30.888526,  65.629221,  49.708979,  30.169694,  39.877169,  85.098991,  60.247654, 120.799864, 105.426408
1965,  3,  75.133873,   8.283432,  25.407367,  63.329274,  34.350129,  25.276681,  36.527933,  58.531726,  46.311351,  89.948396,  79.848949
1965,  4, 140.394736,  60.866112,  77.302920,  96.803125, 108.096025,  61.671921,  98.051431, 124.479799, 119.505394, 219.628308, 160.831978
1965,  5,  67.092216,   5.347297,  25.862304,  42.240703, 110.460164,  25.632784,  95.834512,  77.070818, 106.358369,  88.802231,  50.605479
1965,  6,  30.783513,   0.439115,  21.968135,  26.855528,  43.594532,  25.411267,  44.801455,  24.578472,  38.299171,  48.327817,  19.627368
1965,  7,   6.353338,   0.015809,  13.053762,  12.617906,   8.431010,  13.914962,  12.596123,   7.192187,  11.531451,  17.903628,   1.875276
1965,  8,   9.625169,   3.422270,  20.444869,  18.860267,   4.374244,  22.097360,   5.850700,  13.673687,  15.603511,   6.026667,  21.368375
1965,  9,   2.028486,   0.000000,   6.564245,   4.468186,   0.263079,   6.676945,   0.897876,   2.132972,   2.155380,   0.744664,   2.839896
1966, 10,   2.292875,   0.009554,   4.980121,   1.740190,   1.305363,   5.108201,   1.761358,   2.157336,   2.771227,   0.223951,   3.894903
1966, 11,  52.556225,  32.427987,  52.416520,  50.910331,  63.359744,  51.317304,  51.751005,  63.366881,  76.521333, 102.423942,  77.174191
1966, 12,  19.350611,   8.708521,  21.782400,  21.883893,  29.394296,  22.641008,  15.987675,  29.469657,  34.716914,  70.143184,  40.583128
1966,  1,  35.133739,  38.707761,  71.897337,  61.721747,  19.654799,  64.087400,   9.698057,  28.572862,  20.326356, 204.998045,  80.585966
1966,  2,  47.101187,  43.617297,  44.232933,  34.882248,  15.654338,  40.022139,  14.018993,  27.039823,  19.358271, 137.984825,  55.965462
1966,  3,  64.741027,  10.016476,  42.459442,  35.394020,  32.333319,  40.615920,  30.713354,  61.793516,  38.361191, 151.094717,  91.572208
1966,  4,  83.728957,   2.551182,  22.911478,  35.943034,  63.531661,  25.487134,  56.665659,  68.029915,  84.933764,  94.798675,  96.844926
1966,  5,  23.907766,   0.384686,  13.153774,  16.922933,  26.517760,  14.493301,  32.225135,  18.320548,  31.105305,  45.823673,  26.173239
1966,  6,   6.690305,   0.007346,  10.116167,   7.297175,   4.169422,  12.895474,   7.739185,   4.592942,   6.730360,  20.387560,   4.958585
1966,  7,   1.301811,   0.000000,   7.275429,   2.970979,   0.346934,   8.494024,   1.695046,   0.689276,   0.722023,   4.555059,   0.374261
1966,  8,   0.351734,   0.115136,   5.431820,   0.692531,   0.267236,   6.231037,   1.639611,   0.277811,   0.296080,   0.096191,   0.301685
1966,  9,   0.150193,   0.547519,   5.409045,   0.397303,   0.729236,   6.575188,   0.972266,   0.464140,   1.664848,   1.286665,   0.017052
1967, 10,   0.001020,   0.000000,   2.810216,   0.076241,   0.003440,   3.330283,   0.036129,   0.000000,   0.031569,   0.080292,   0.000492
1967, 11,  32.051593,  23.374591,  49.877083,  54.056391,  23.955121,  54.104135,  21.769307,  33.803296,  39.571935,  55.765292,  99.968855
1967, 12,  78.417708,  19.978766,  58.518464,  76.332248,  73.906797,  58.244393,  58.514604,  67.161906,  68.629622, 177.642210, 135.923081
1967,  1, 131.645696,  60.773710,  72.829269, 139.379416,  70.045223,  69.394218,  36.897846,  84.827855,  74.024120, 183.712296, 279.490382
1967,  2,  90.191921,  23.057136,  38.390761,  94.742809,  49.566611,  33.776447,  35.407992,  64.024918,  42.333924, 113.276050, 135.031022
1967,  3, 138.885689,  32.553229,  76.041772, 121.735115, 111.728825,  68.926974,  87.957307, 133.044796, 104.729025, 179.083737, 194.771836
1967,  4, 148.532674,  60.790511,  85.505830, 102.849552, 100.500183,  71.059814,  91.503087, 124.720867, 118.934123, 172.821177, 149.921223
1967,  5, 194.439115,  11.439449,  45.321407,  95.334028, 224.054020,  42.104234, 212.801822, 230.938619, 237.074605, 159.549364, 197.759718
1967,  6,  66.072793,  15.240311,  30.993466,  55.952868, 103.951625,  30.110401, 132.579955,  84.936603, 117.433027,  69.767624,  77.319651
1967,  7,  17.650822,   0.197454,  17.471407,  23.300391,  21.665935,  17.546589,  51.709650,  20.926021,  28.665434,  28.078428,  14.305675
1967,  8,   5.069250,   0.029115,  13.046101,  10.968361,   3.347169,  13.445232,  13.639180,   6.833938,   8.267056,   4.796569,   3.139887
1967,  9,   2.914810,   0.110391,   9.209392,   6.208104,   2.568565,   9.517941,   8.503942,   5.487415,   6.034645,   0.698649,   3.030308
1968, 10,   7.927998,   0.830378,  12.217586,  12.934028,   0.208619,  13.553316,   1.200482,   5.460643,   2.104018,   5.510128,  16.810447
1968, 11,   8.786384,   7.061554,  15.169847,  13.929297,   8.049835,  15.667933,  10.613215,   9.344118,  12.607877,   4.739130,  20.998775
1968, 12,  23.243549,  14.149718,  24.828412,  29.180776,   8.829331,  26.789354,   7.705124,  15.109494,  13.724223,  45.215290,  45.323067
1968,  1,  31.755436,  46.725477,  51.453758,  59.713099,  12.833353,  46.817150,  14.751740,  23.569695,  24.218578,  95.273175,  88.542795
1968,  2, 106.518269,  64.001804,  64.594210,  87.701104,  20.627312,  54.746628,  19.924937,  58.711984,  40.499022, 185.046088, 190.564196
1968,  3,  79.246631,  23.027051,  45.443928,  78.042628,  26.501279,  39.708404,  20.292239,  58.488757,  46.849993, 123.061044, 133.716377
1968,  4,  34.240017,   4.600054,  17.281761,  35.573705,  25.140626,  17.588344,  17.109885,  28.087116,  39.471878,  67.356749,  41.585039
1968,  5,  22.451118,   2.951716,  21.864527,  25.413984,  18.710218,  25.412853,  14.920606,  18.479813,  28.722453,  43.524109,  18.590047
1968,  6,   7.089997,   0.497269,  12.494740,  12.768325,   3.706698,  13.855076,   4.515521,   2.982197,   5.427751,  21.740606,   5.577123
1968,  7,   0.852821,   0.000000,   6.924619,   4.303383,   0.685031,   7.225231,   1.829620,   0.745807,   1.566838,   3.638738,   0.065203
1968,  8,   5.541904,   4.719543,  19.657035,   9.425817,   0.887787,  21.126250,   0.606709,   4.944075,   3.437109,   2.196160,  13.832858
1968,  9,   0.184886,   0.002895,   4.151477,   0.875714,   0.000000,   4.324753,   0.002564,   0.078125,   0.070757,   0.204604,   0.088676
1969, 10,   7.124799,   0.539744,  13.718336,  13.766964,   6.678140,  15.016840,  10.049642,   9.331684,  14.033354,   4.224151,  28.255371
1969, 11,  30.705726,  10.472238,  21.630249,  27.496665,  17.219674,  21.627187,  16.354855,  30.667917,  33.628988,   8.095156,  50.267524
1969, 12,  52.504711,  44.361061,  64.876681,  59.129581,  25.190341,  52.972047,  21.792186,  22.624274,  31.003750, 141.982536,  83.207132
1969,  1, 399.349041,  93.382297, 151.744374, 280.457128, 231.144130, 115.883525, 142.296169, 358.197904, 252.796689, 259.235408, 584.301018
1969,  2, 190.915170, 136.332238, 123.222982, 172.004628, 173.799572,  84.739241, 110.992700, 143.100515, 164.375763, 221.062847, 289.481383
1969,  3, 136.360801,  79.628352,  69.166769, 107.152238, 114.744405,  51.555263, 102.067410, 120.366538, 126.529497, 188.409179, 158.928376
1969,  4, 149.229008,  15.700883,  53.783713,  94.989056, 154.468773,  44.605417, 174.320583, 160.382215, 144.447939, 195.021491, 176.079647
1969,  5,  87.834284,   1.316128,  29.375560,  59.356836, 215.572114,  24.967737, 213.196430, 174.688116, 232.343418, 129.926648,  75.438751
1969,  6,  24.775100,   0.820891,  26.441545,  37.581151,  98.937148,  26.055956, 163.642070,  49.037487,  87.687848,  57.324717,  23.279048
1969,  7,   7.448847,   0.000000,  15.042325,  14.729348,  17.494566,  12.614433,  73.785349,  13.090654,  20.405212,  23.309518,   3.610740
1969,  8,   1.239260,   0.000000,  10.932149,   5.876150,   2.369620,   9.490085,  19.678400,   2.700729,   3.869451,   5.980615,   0.275246
1969,  9,   0.520042,   0.000000,   8.153638,   2.163245,   0.093321,   7.200403,   5.287609,   1.916654,   0.497015,   1.706134,   0.020597
1970, 10,  14.457084,   4.774410,  16.136378,  15.180821,  16.891217,  17.547443,  14.182139,  20.978646,  26.972513,   5.461010,  28.396609
1970, 11,  12.524593,   1.216205,  13.306481,  12.832446,   7.985125,  14.059644,   8.599564,  13.510874,  12.013998,   5.850852,  18.574801
1970, 12,  92.069905,  39.492813,  83.003270,  93.375983,  18.698247,  77.934936,  17.704058,  48.994738,  33.764998, 214.422455, 166.785887
1970,  1, 314.309352, 124.757897, 209.436550, 297.115911, 114.733582, 154.514798,  57.091417, 241.291741, 156.291248, 463.107658, 582.493510
1970,  2, 108.755615,  46.931836,  69.478737, 124.414159,  57.383167,  54.214123,  30.217477,  90.627558,  71.929602, 192.848986, 187.381963
1970,  3, 101.930559,  34.379336,  70.099522, 117.601129,  71.343651,  59.684531,  47.499134,  88.386769,  78.417788, 174.665055, 149.707587
1970,  4,  39.096916,   3.934935,  30.858452,  53.556073,  24.170674,  30.129203,  20.335913,  37.325576,  34.008461,  94.907486,  48.146974
1970,  5,  26.142039,   0.348945,  25.138736,  35.380847,  70.633911,  24.809891,  44.689099,  46.451764,  93.162774,  59.223092,  19.540331
1970,  6,  14.088239,   0.326528,  25.993046,  22.293744,  23.643029,  27.258227,  17.545567,  20.061393,  35.670745,  29.813221,  12.326590
1970,  7,   2.853576,   0.027492,  11.793592,   9.036469,   2.908862,  11.776684,   3.875217,   2.727994,   6.022567,   6.442766,   0.278877
1970,  8,   0.334207,   0.000000,   8.727481,   2.181328,   0.086537,   8.316960,   0.575587,   0.421427,   0.510115,   0.200565,   0.048832
1970,  9,   0.178047,   0.000000,   6.569129,   1.042785,   0.000000,   6.470730,   0.056581,   0.061148,   0.004657,   0.016103,   0.756922
1971, 10,   7.239027,   1.529771,  14.665230,  11.819306,   1.418447,  15.979566,   1.365171,   2.931505,   3.169027,   4.011953,  19.706082
1971, 11,  46.913276,  32.242365,  63.768599,  51.480827,  28.964494,  64.563638,  28.902689,  41.974123,  50.171623, 113.595523, 116.693584
1971, 12, 136.115612,  43.913319,  88.549241, 118.444378,  23.641129,  73.415819,  16.979381,  31.114586,  34.528042, 169.704609, 208.031623
1971,  1,  79.140290,  41.463147,  81.561800,  80.276968,  19.732452,  66.215401,  14.465620,  45.977720,  27.451334, 251.916235, 152.817093
1971,  2,  42.466293,   4.588932,  24.177964,  32.332160,  11.882936,  25.503938,  12.643323,  54.346599,  22.398514, 113.032083,  72.397525
1971,  3, 119.633782,  30.485910,  80.301581, 116.991503,  35.903942,  71.528153,  29.537316,  81.370558,  62.268257, 260.522366, 210.306481
1971,  4,  81.119550,   7.460706,  42.025990,  77.444732,  34.123083,  37.314574,  25.391825,  75.225871,  55.191079, 138.486007, 123.334435
1971,  5,  73.255833,   5.519389,  37.507217,  55.286796,  68.121431,  39.378668,  51.544645,  73.433662, 102.278810, 113.157760,  69.349740
1971,  6,  39.075409,   0.254025,  32.874398,  37.594702,  24.734529,  34.778664,  24.862834,  31.222377,  46.237997,  51.134932,  30.292987
1971,  7,  10.050729,   0.482774,  14.929599,  17.380292,   4.513285,  14.422472,   7.513549,   7.813386,  12.105374,  22.572408,   4.051079
1971,  8,   2.312073,   0.021505,  10.334222,   5.884521,   2.126793,  10.190808,   2.792507,   1.652237,   3.260990,   5.340899,   0.886424
1971,  9,   0.739196,   0.119757,  12.138552,   5.008399,   1.622716,  12.133642,   1.960443,   2.820458,   3.478343,   2.991982,   3.207736
1972, 10,   6.125861,   0.289376,  10.741563,   8.045325,   1.599378,  14.561104,   1.611181,   2.533834,   3.018780,   4.606979,   8.417143
1972, 11,  17.657684,   5.273565,  20.444006,  14.759754,  17.018485,  21.816275,  15.375584,  23.901640,  29.814425,  23.749252,  32.899323
1972, 12,  77.251997,  19.969738,  22.401085,  37.898082,  17.698470,  21.978491,  17.728815,  19.826122,  25.292303,  43.396215,  61.694688
1972,  1,  26.364840,   6.224811,  31.735458,  27.406771,   5.212052,  31.891561,   3.729168,  12.391323,   8.153576, 140.510789,  49.132690
1972,  2,  66.504442,   9.230146,  37.746484,  34.229636,  14.721755,  36.956167,   8.318701,  31.363745,  23.496246, 106.560866, 107.502882
1972,  3,  76.132647,   2.104450,  44.126489,  42.261691,  43.031516,  37.214463,  29.776735,  84.648703,  67.608710, 178.852548, 110.949461
1972,  4,  78.948031,   3.651369,  40.725265,  52.165349,  49.610330,  36.709007,  22.879692,  53.369816,  61.528351, 120.541003, 131.163165
1972,  5,  32.992883,   3.958181,  20.275847,  26.845712,  46.718398,  20.701309,  21.513516,  22.553543,  41.703387,  65.816615,  37.249593
1972,  6,  11.791673,   0.234598,  12.919404,  12.132304,  11.181003,  13.183781,  12.240328,   6.954374,  12.782637,  40.110593,  11.854989
1972,  7,   1.517298,   0.000000,   7.489924,   4.390730,   0.962905,   7.319707,   1.588285,   0.586742,   1.234249,  13.212570,   0.603072
1972,  8,   0.166655,   0.022113,   6.200028,   1.614796,   1.367734,   6.467645,   0.606148,   0.464384,   0.348640,   2.670600,   0.275462
1972,  9,   7.460600,   0.793677,  13.009520,   6.383431,   4.442392,  14.932001,   8.213511,   3.227653,   4.727704,   3.366936,  16.691899
1973, 10,   8.436662,   8.461602,  16.088749,  18.357896,   2.342365,  16.721782,   4.855881,   3.316196,   3.787730,  10.411316,  28.108797
1973, 11,  32.902156,  26.827609,  35.216134,  34.399264,  16.871905,  32.428355,  17.291448,  21.161872,  24.134121,  67.597295,  67.284550
1973, 12,  48.203324,  22.945644,  32.757162,  32.036238,   9.684184,  29.051863,   7.053796,  22.317238,  21.547791,  92.620431,  79.982314
1973,  1, 185.497031, 100.505673,  89.345535, 149.386613,  39.662655,  69.296613,  24.158499,  83.807477,  49.013245, 198.475380, 322.313750
1973,  2, 138.927433, 129.514659,  82.188180, 122.202853,  70.158097,  64.883439,  39.378864,  69.170592,  69.184551, 265.211388, 243.224910
1973,  3, 112.318845,  88.637811,  66.792270, 105.747938,  64.232892,  49.858801,  40.343836,  67.442401,  63.605400, 189.290927, 160.676731
1973,  4,  57.132778,  13.476885,  28.719557,  50.843922,  50.669603,  27.833129,  49.457770,  78.227447,  57.931609, 105.430252,  64.567760
1973,  5,  33.976986,   1.583837,  22.598752,  32.199143,  97.747827,  21.880658, 118.874855,  92.141674, 130.019184,  63.114110,  21.850055
1973,  6,   8.839148,   0.091992,  13.296788,  16.924774,  24.443991,  12.483759,  56.012778,  19.714803,  34.974828,  27.809282,   4.039269
1973,  7,   1.581373,   0.000411,  10.557467,   7.620938,   3.725023,  10.340931,  14.637937,   5.893215,   7.949320,   4.630981,   0.380025
1973,  8,   1.357111,   0.000000,   7.363581,   3.747406,   1.230205,   7.137047,   4.390672,   1.724238,   2.329326,   0.012619,   4.314911
1973,  9,   2.989267,   0.168083,  12.475145,   7.091986,   0.020874,  14.609030,   0.583571,   0.118703,   0.060737,   3.714651,  10.834216
1974, 10,  13.322496,   5.047951,  21.763736,  18.543411,  11.271614,  22.681910,  11.357909,  16.866451,  16.630108,  38.513491,  32.410176
1974, 11, 105.950311,  26.538451, 110.886428, 131.314633,  28.474773,  95.953525,  29.180328,  44.734797,  46.988289, 285.601871, 270.606311
1974, 12, 129.723002,  35.384401,  94.197864, 108.127160,  42.312645,  81.474443,  25.162470,  93.198884,  70.943418, 338.343972, 217.438469
1974,  1, 186.744734,  55.413067, 154.531332, 161.793433,  44.587414, 111.564330,  36.270730,  89.234221,  63.758289, 422.037670, 277.891487
1974,  2,  74.837938,  13.620175,  58.044697,  77.762641,  16.079570,  49.498840,  15.115591,  32.650674,  22.849084, 182.026700, 120.870569
1974,  3, 195.694629,  60.787306, 152.759799, 215.973178,  97.021174, 116.241137,  75.096621, 161.987600, 110.535971, 398.585633, 386.194204
1974,  4, 168.702055,  34.805910,  90.422439, 163.709557,  91.692850,  65.710619,  65.742173, 124.889595, 107.417854, 281.773526, 212.018944
1974,  5,  65.468593,   4.132848,  36.141176,  60.147278, 102.349582,  32.578008,  77.420963,  72.708935, 113.379924, 117.858635,  51.302912
1974,  6,  18.179107,   2.251524,  25.403274,  32.966680,  19.682832,  22.748486,  31.586173,  14.292921,  21.196603,  66.021265,  13.669176
1974,  7,  36.035321,   6.910773,  27.065942,  36.095485,   7.601951,  25.243200,  11.748066,  25.639947,  18.748638,  34.478085,  48.504986
1974,  8,   1.741059,   0.112656,  16.066597,  11.425908,   0.384364,  15.850391,   2.842974,   1.536286,   0.967427,   8.186096,   1.177608
1974,  9,   0.190090,   0.000000,  10.110663,   3.683817,   0.000000,   9.206064,   0.267462,   0.013879,   0.001209,   0.271383,   0.027786
1975, 10,   7.254296,   4.038469,  13.451094,   6.628610,   6.224318,  12.338624,   9.932365,  11.983961,  13.975650,   3.081177,  14.027483
1975, 11,  13.413720,   0.897849,  13.499005,  16.416542,   5.084798,  15.148738,   8.696385,   9.903561,   9.924177,   7.430256,  21.271310
1975, 12,  12.724138,  24.931194,  23.981060,  18.093405,  16.241508,  24.101279,  16.591896,  13.496033,  18.576367,  19.830670,  27.937427
1975,  1,  27.645875,   4.484673,  14.789406,  18.912250,  14.606927,  14.647255,  15.740326,  27.997981,  21.304299,  59.773619,  34.411697
1975,  2, 121.844121,  77.472275,  77.434059, 124.592328,  46.689113,  68.388356,  30.832267,  75.722041,  58.822166, 188.809451, 219.809794
1975,  3, 162.021337, 124.867277, 115.516578, 121.465614,  87.453805,  85.364919,  79.209000, 142.001398,  99.807115, 352.597467, 279.126980
1975,  4, 104.494038,  27.365880,  57.122023,  74.386210,  62.361438,  51.151580,  64.970975,  94.705685,  82.337527, 142.969017, 157.005392
1975,  5, 116.705728,   4.005438,  29.598972,  66.255130, 129.095631,  27.912097, 114.245041, 152.560226, 167.649078, 172.817852, 126.486968
1975,  6,  33.545780,   0.368009,  21.367100,  29.217815,  44.015401,  22.724242,  60.600961,  50.253480,  67.090711,  58.250615,  29.954118
1975,  7,   8.655455,   2.162825,  17.136825,  15.706688,   7.498479,  17.477882,  15.042114,  11.923919,  14.802886,  25.006719,   6.760886
1975,  8,   7.015125,   0.969394,  15.383950,  15.246188,   2.109574,  16.860661,   7.054393,  11.570989,  10.848139,   7.476598,  11.230191
1975,  9,   1.034255,   0.000000,   7.675015,   5.102013,   1.616055,   8.107297,   5.521532,   1.342990,   2.593014,   1.212900,   2.397521
1976, 10,  28.576118,  10.621999,  24.438708,  24.661370,  16.520406,  24.167107,  27.564037,  27.517524,  32.468187,  15.581535,  52.125079
1976, 11,  15.429650,   1.131133,  12.087472,  17.079493,   4.665184,  13.563108,   5.237643,   8.426701,  10.039523,  29.562455,  22.830616
1976, 12,   7.595187,   2.799858,  12.303942,   9.439221,   1.509754,  11.873323,   3.967722,   4.739533,   2.964697,  33.261924,  14.159664
1976,  1,   3.768627,   0.334897,   5.766955,   5.242450,   1.261840,   6.142494,   2.874076,   2.265833,   2.526238,  18.368049,   7.276550
1976,  2,  14.737110,   2.411312,  24.883478,  15.573198,   9.518340,  21.599428,  21.785382,  11.293485,  13.295738,  55.061596,  34.169325
1976,  3,  30.467686,   4.093014,  24.701717,  25.663656,  14.687803,  23.543049,  19.808750,  24.870569,  25.578457,  50.485822,  50.551975
1976,  4,  16.208788,   7.308743,  24.165307,  13.680828,  11.259899,  19.093898,  16.831061,  21.296912,  24.978877,  87.390963,  23.922791
1976,  5,   9.766828,   0.100081,   6.937913,   3.598503,   8.998013,   6.333856,  25.647529,  15.547210,  29.052854,  31.570129,   5.960595
1976,  6,   2.868601,   0.864543,   6.565578,   3.100167,   0.809074,   7.529365,   6.202118,   2.774640,   4.382196,  14.759410,   4.661944
1976,  7,   1.470837,   0.021981,   5.501620,   1.188109,   1.199001,   6.337885,   5.405677,   2.202881,   3.834818,   3.067046,   0.081160
1976,  8,   9.325061,   6.270124,  20.424885,   9.924407,   2.632728,  21.889333,   2.538088,  14.353527,  10.983809,   4.529667,  22.187964
1976,  9,   5.299987,   0.629206,   7.519232,   7.436656,   5.798018,   8.701937,  16.802159,   5.292693,   7.656287,   1.284243,   8.559731
1977, 10,   2.864634,   0.370578,   2.809194,   0.778441,   1.757038,   3.250062,   4.508789,   3.303132,   4.213102,   0.529042,   2.099584
1977, 11,   6.612788,   1.691468,   4.897670,   5.424743,   2.938942,   5.100026,   2.681727,   6.714791,   6.533196,   1.082307,  12.301235
1977, 12,   0.049784,   1.514962,   1.812286,   0.376551,   0.368494,   1.653137,   1.945747,   0.495471,   0.794909,   0.210072,   1.153426
1977,  1,  10.738007,   8.027779,  11.208255,  13.250560,   4.856525,  11.827642,   8.675452,  10.754853,   9.910326,   3.477256,  24.233589
1977,  2,  11.086140,   3.989503,   6.387502,  12.163261,   5.533569,   6.438949,   9.506693,   9.704068,  12.360961,   3.082316,  24.628552
1977,  3,   8.084179,  14.241246,   9.818610,  10.209037,   3.568698,   9.644672,   7.735477,   7.120486,   5.623205,   8.273477,  17.986195
1977,  4,   5.502769,   1.425928,   4.316954,   3.000385,   3.484434,   3.530253,   8.674470,   4.999664,   8.128098,   4.429909,   3.951036
1977,  5,  16.751218,   7.194061,  17.090465,  14.256312,   8.634484,  17.322587,  22.055317,  20.011677,  25.607595,   9.746450,  33.122080
1977,  6,   3.356749,   0.074659,   4.987706,   3.278419,   5.319451,   6.168940,  20.583585,   6.792011,  14.364189,   4.434006,   3.234773
1977,  7,   1.195550,   0.044601,   2.063480,   0.528643,   0.112780,   2.461311,   3.086385,   1.346262,   1.379146,   0.933266,   0.903375
1977,  8,   0.394670,   0.015586,   3.334135,   0.490076,   0.001950,   4.018869,   1.748232,   0.064531,   0.114684,   0.033952,   2.300312
1977,  9,   0.804148,   0.658441,  19.996395,   7.584720,   0.346254,  20.692442,   0.456420,   1.820843,   1.402586,   3.164402,   8.670401
1978, 10,   0.706548,   0.489752,   4.193159,   2.701904,   0.517515,   6.530326,   1.869131,   0.694944,   1.565305,   1.174011,   3.447260
1978, 11,  18.764433,  13.038364,  14.045258,  16.946177,  12.653625,  14.374127,  14.751115,  24.536657,  26.993956,  15.407554,  36.254235
1978, 12,  56.300700,  29.616172,  49.898780,  51.070919,  36.948754,  49.606541,  49.815564,  43.831359,  52.368292, 118.125857, 120.019419
1978,  1, 165.383189, 135.711295, 143.859231, 210.982837,  76.173337, 111.791808,  74.603947, 116.355885,  69.600079, 301.624718, 376.361790
1978,  2,  90.696509, 116.255066,  82.382918, 114.234086,  86.557000,  67.836346,  91.413322,  93.633922,  80.488383, 215.200304, 184.270057
1978,  3, 128.808935,  93.023941, 103.366781, 144.154183, 129.480528,  78.563746, 159.098124, 196.975438, 158.664297, 211.454930, 226.704543
1978,  4, 128.854544,  42.397966,  93.600319, 111.462146, 113.724479,  78.829491, 130.674093, 173.884393, 155.093904, 164.725953, 190.993226
1978,  5,  63.848391,   5.589458,  37.334917,  59.355889, 135.611936,  35.594326, 152.204279, 123.747806, 172.579890,  92.399970,  73.817352
1978,  6,  23.581105,   0.336660,  23.741524,  28.754628,  71.117641,  23.054568, 174.461624,  37.753831,  94.257936,  50.797164,  20.140334
1978,  7,   5.762431,   0.007792,  17.925513,  18.744372,  12.449151,  17.844246,  51.005625,   8.586677,  19.951545,  21.677032,   3.364505
1978,  8,   1.180873,   0.000563,  14.396276,   7.766209,   1.629096,  14.509173,  13.666194,   2.047252,   4.751789,   4.886325,   1.174994
1978,  9,  12.311241,   1.596352,  18.566737,  15.816014,  14.393609,  21.183334,  25.096593,  21.128359,  26.680582,  13.493148,  25.280997
1979, 10,   0.071704,   0.000000,   6.983418,   2.197141,   0.005348,   6.916620,   1.163023,   0.096517,   0.227594,   2.349769,   0.017447
1979, 11,  12.000764,   3.877865,  12.792747,  14.744440,   9.886418,  13.186769,   9.351639,   9.170543,  14.069931,   5.158950,  26.337955
1979, 12,  10.194795,   0.243429,   8.004650,  11.688003,   7.291430,   9.782897,   9.809606,   8.511510,   8.820061,   3.179179,  13.292741
1979,  1,  62.382689,  34.561379,  30.088085,  47.529808,  49.006660,  27.660026,  41.434105,  39.676515,  62.402558,  45.783562,  73.432997
1979,  2,  74.804642,  40.831653,  59.492076,  96.940309,  64.182313,  52.633791,  42.261447,  53.419396,  69.221033,  64.229636, 143.208407
1979,  3, 111.205242,  33.840297,  50.215995,  79.477597, 101.518523,  42.412398, 108.363028, 130.115387, 109.094168, 100.493969, 181.557672
1979,  4,  69.515023,  19.363043,  35.417686,  55.040786,  71.155815,  31.374087,  95.471071,  87.295616,  88.552476,  69.268354, 113.879986
1979,  5,  91.752150,   7.990665,  33.317797,  57.642009, 121.649904,  29.018300, 132.829703, 107.392743, 152.854777,  63.822741, 119.026268
1979,  6,  21.912701,   0.457846,  12.895975,  21.918276,  31.468018,  12.598756,  59.601659,  22.422516,  39.585342,  27.087372,  24.378981
1979,  7,  10.037336,   0.026021,   9.984441,  12.352589,   5.916111,  10.032680,  18.278512,   7.858679,   9.672888,   9.403493,   7.088536
1979,  8,   0.988390,   0.207140,  14.100090,   7.092441,   0.350253,  15.093299,   4.623710,   1.117321,   1.376987,   1.497688,   2.966818
1979,  9,   0.412235,   0.454823,   6.576182,   4.307367,   0.033028,   7.448559,   1.641346,   0.030442,   0.188585,   1.523730,   0.531559
1980, 10,  17.161087,   8.819004,  29.860568,  26.910249,   9.038536,  31.832355,  13.112853,  16.294575,  18.525551,  15.042628,  46.108836
1980, 11,  16.877328,  17.399770,  27.351052,  20.135386,  10.785540,  27.069844,  15.900251,  18.524017,  21.117574,  52.504928,  33.129346
1980, 12,  32.971613,  36.012010,  36.582014,  39.656835,  13.468366,  31.391185,   9.740046,  15.031158,  21.896752,  60.425264,  52.091014
1980,  1, 295.224988,  63.912210,  93.500370, 173.142187, 187.241108,  79.813825, 132.588197, 237.709479, 229.672385, 145.280626, 440.791280
1980,  2, 241.075607, 143.037528, 112.857027, 179.191028, 179.946789,  86.773453, 122.227926, 214.440679, 193.160828, 213.246001, 383.940842
1980,  3, 137.745901,  59.182531,  67.119275, 105.250165, 115.221038,  55.091422, 113.409261, 114.419021, 124.147344, 129.054092, 196.492624
1980,  4,  88.977274,  18.983955,  46.334843,  67.777715,  87.546423,  41.592515, 102.507881,  98.993436,  99.522112, 103.919499, 103.216776
1980,  5,  53.533596,   2.927068,  31.638922,  44.831494, 107.405334,  31.677890, 131.820691,  90.021290, 142.514824,  58.522381,  51.025783
1980,  6,  16.961851,   1.959073,  22.909229,  26.447088,  57.816237,  23.929405, 122.104809,  32.442807,  72.723681,  35.126521,  15.221060
1980,  7,  25.966216,   0.001744,  13.639614,  16.727915,  13.211395,  13.705934,  61.238940,  11.692287,  19.216081,  11.925104,  11.431211
1980,  8,   1.403636,   0.000000,   9.630771,   5.378813,   1.895365,   9.820681,  15.802279,   2.208697,   3.367147,   1.253421,   0.337807
1980,  9,   0.428646,   0.431867,   9.998467,   4.381278,   0.289129,  10.972852,   4.922049,   0.946748,   0.984767,   0.369516,   0.177099
1981, 10,   3.780005,   0.661568,  11.215554,   6.597279,   1.202521,  12.621806,   2.873662,   1.683457,   2.528913,   1.753589,   8.261120
1981, 11,   3.099186,   0.443639,   7.312919,   3.986024,   1.952200,   7.561137,   3.833758,   1.369822,   2.819020,   1.406182,   9.611636
1981, 12,  15.400621,  18.448422,  32.881147,  45.308863,  11.747425,  31.372606,  10.195197,  14.972585,  17.847843,  22.864449,  37.589147
1981,  1,  49.000224,  42.150911,  43.051511,  49.974367,  26.232218,  38.725982,  22.939703,  35.912064,  40.684928,  79.029466,  84.748028
1981,  2,  39.192463,  20.637557,  47.276804,  53.610269,   8.852982,  39.184191,  15.339162,  20.975797,  16.350840,  83.612761,  53.452546
1981,  3,  80.118697,  35.295202,  62.269395,  64.592553,  41.784932,  50.481387,  38.408834,  56.820529,  44.133728,  87.591325, 116.038121
1981,  4,  41.674303,  12.628056,  32.862095,  40.178336,  55.880059,  29.055145,  58.525187,  59.821971,  73.015680,  62.292730,  54.180706
1981,  5,  29.258635,   6.467357,  30.578098,  29.044739,  31.910840,  29.815719,  64.909033,  29.621205,  59.502689,  41.126492,  34.055947
1981,  6,   8.222652,   0.113003,  13.986037,  11.112952,   4.344747,  13.219463,  23.709779,   5.277042,  11.523457,  18.828676,   6.110501
1981,  7,   1.742146,   0.018416,   9.323173,   4.555414,   0.468401,   8.647647,   6.200452,   0.899500,   2.005438,   4.309334,   0.588478
1981,  8,   0.092311,   0.000000,   6.541750,   1.329730,   0.049706,   6.085007,   1.228264,   0.138204,   0.039567,   0.070986,   0.005433
1981,  9,   2.697675,   1.620184,  11.058364,   5.828859,   0.367788,  11.350049,   1.241800,   1.588579,   0.744039,   1.577825,   8.641323
1982, 10,  16.942747,  10.251737,  24.612702,  30.545410,  12.233911,  27.576704,  15.526151,  18.012994,  25.094968,   6.420080,  52.150938
1982, 11, 144.013642,  27.317210, 104.642962, 163.319045,  31.243454,  92.943946,  37.978574,  72.044659,  62.225708, 141.455541, 280.164874
1982, 12, 205.043835,  46.559619, 108.812471, 152.226131,  31.608419,  84.613835,  25.717598, 117.333020,  72.629194, 213.965214, 385.133609
1982,  1, 236.413791,  71.236244,  72.636181, 123.072326,  88.397494,  58.131417,  49.006345, 130.245410, 117.108453, 139.928917, 230.005871
1982,  2, 256.199859,  44.231437,  81.184748, 160.666443,  92.455868,  63.056119,  85.189856, 209.062554, 170.008631, 208.628937, 311.548143
1982,  3, 223.788355,  49.256009,  94.760521, 143.012855, 118.605566,  73.999379, 139.534168, 230.961973, 212.865811, 169.179751, 301.037663
1982,  4, 338.916355,  62.639592, 120.272058, 269.776332, 189.598894,  85.565431, 216.778783, 282.591267, 235.512214, 187.068789, 500.339533
1982,  5, 139.168945,   4.816237,  39.309143,  89.124187, 167.506307,  35.138515, 191.913596, 159.891380, 205.666754,  91.789186, 171.032898
1982,  6,  38.497977,   2.444047,  34.051919,  50.670537,  59.560371,  31.146797, 108.704938,  46.443867,  80.793450,  51.206439,  45.400218
1982,  7,  13.915930,   1.463282,  24.393078,  32.365857,  14.256867,  23.473124,  36.870020,  12.042920,  21.005014,  25.396556,  12.741711
1982,  8,   2.259121,   0.061583,  15.435770,  14.881965,   2.822721,  14.038095,  12.109429,   2.806001,   5.980791,   5.723986,   1.223945
1982,  9,  16.608571,   0.907802,  15.891749,  18.957468,  12.001182,  15.436937,  27.422580,  18.862569,  25.867884,   2.674086,  23.945958
1983, 10,  37.295054,  10.952318,  26.191114,  35.397294,  30.360246,  26.678351,  35.179010,  41.063070,  48.325101,  13.872852,  58.430069
1983, 11,  65.858846,  24.037782,  36.708263,  57.370528,  48.362832,  33.171734,  60.872780,  89.634400,  90.566968,  55.531980, 104.274222
1983, 12, 246.707561,  48.584575,  79.275342, 129.676907,  81.955844,  64.557018,  84.119731, 143.236378, 122.284066, 186.592770, 238.941883
1983,  1, 164.662820, 103.015170, 102.334180, 126.458987, 112.836192,  81.953922,  96.803529, 158.669387, 164.210707, 218.258900, 192.628687
1983,  2, 232.100176, 134.326729, 144.312792, 230.110278, 130.225457,  99.207686, 141.252980, 196.686560, 183.074536, 278.192106, 366.314131
1983,  3, 366.179017, 296.136852, 250.505218, 366.534601, 188.904056, 151.887717, 197.999796, 288.218660, 268.716780, 476.092872, 539.950856
1983,  4, 169.357175,  81.007557, 103.188034, 160.694977,  87.782959,  73.501178, 103.790070, 139.520626, 131.880372, 256.351193, 244.899347
1983,  5, 165.840223,  41.499955,  71.203275, 116.619408, 199.629536,  50.419349, 205.846913, 216.450082, 248.750836, 156.460028, 209.529037
1983,  6,  55.555814,   3.708213,  39.776156,  61.113900, 167.069712,  32.736410, 267.799636, 153.629780, 238.416534,  85.019797,  60.308643
1983,  7,  15.904907,   0.848998,  28.458054,  33.540387,  32.638056,  22.357142,  84.787169,  34.946413,  60.708338,  46.277334,  16.665102
1983,  8,   4.379438,   0.607949,  25.397882,  19.517475,   6.655028,  21.917764,  29.461057,  13.630050,  18.186575,  16.747705,   5.046782
1983,  9,   4.120770,   1.159986,  21.294605,  12.548065,   4.435938,  18.343965,  13.692235,  13.467865,  14.498670,   9.638289,   6.467573
1984, 10,   5.624137,   0.665313,  18.369815,  15.283094,   4.044968,  16.640631,   7.982763,   6.265398,   7.798193,   5.336574,  24.328742
1984, 11, 182.392250,  54.720958,  71.673898, 122.840552,  49.130807,  66.156454,  46.031706, 132.718646,  89.951480, 113.472455, 288.668896
1984, 12, 214.879482, 179.172439, 129.503815, 174.567404,  91.479152,  99.419760,  66.759226, 179.612272, 130.535606, 204.069604, 367.651482
1984,  1,  91.233430,  42.550375,  46.975551,  79.901928,  44.211429,  39.115469,  45.006127,  79.612191,  59.451986, 120.691108, 135.211805
1984,  2,  97.797500,  19.810815,  47.679322,  84.505883,  40.139263,  42.629053,  39.652030,  66.750785,  59.197222, 109.117971, 155.237872
1984,  3,  93.347009,  14.995217,  58.154836,  95.884351,  45.332035,  49.915880,  60.062353,  99.733424,  70.586024, 103.588180, 161.705189
1984,  4,  70.452948,   6.187164,  39.708459,  58.621359,  38.025387,  36.472085,  52.951492,  63.869436,  60.455871,  84.207580,  97.602391
1984,  5,  52.491641,   0.914915,  25.734664,  34.043869,  82.891085,  25.041909,  83.474144,  81.452429, 128.305708,  47.752526,  43.974364
1984,  6,  20.446611,   0.160773,  21.897122,  23.156356,  22.314853,  22.253540,  30.936117,  23.562407,  40.164078,  23.673280,  21.369051
1984,  7,   3.958388,   0.000000,  11.801801,   9.032720,   4.959861,  11.823522,  15.014882,   5.685944,  11.053192,   5.347410,   2.341376
1984,  8,   0.556703,   0.140555,  12.362304,   4.366465,   0.645325,  10.353963,   4.448924,   0.889549,   2.454777,   0.411764,   0.991341
1984,  9,   0.609505,   0.175906,   9.792651,   5.227209,   0.272663,  12.624836,   1.282281,   0.460838,   0.740388,   0.579380,   2.905878
1985, 10,  13.450436,   3.509373,  16.534556,  15.392823,   9.126429,  18.349268,  10.096932,  14.330751,  16.101222,   3.652686,  27.413267
1985, 11,  54.366764,  36.429042,  72.437956,  57.305057,  24.315095,  67.552114,  30.290425,  36.767225,  40.171225, 126.538893,  96.088140
1985, 12,  22.323858,  18.239635,  31.120079,  25.455625,   2.822349,  23.327757,   5.246798,   6.991654,   4.418444,  64.602118,  20.387451
1985,  1,  10.580744,   3.378622,  14.381617,  13.716947,   3.429419,  14.833595,   9.061909,  10.361470,   4.950076,  44.525432,  18.772995
1985,  2,  56.952310,  16.662372,  26.108239,  50.534900,  12.058450,  21.871857,  15.420488,  28.519601,  21.341394,  70.617142,  98.679181
1985,  3,  56.861189,  32.023472,  27.215258,  38.690807,  26.842365,  22.871659,  29.841188,  47.623757,  43.836355,  38.398908,  88.573775
1985,  4,  78.021160,   7.673824,  16.248710,  38.470231,  59.469569,  13.989676,  81.710860, 100.827327, 107.221322,  48.273439, 106.733004
1985,  5,  19.227472,   0.851723,  11.384003,  13.160989,  16.473422,  10.656288,  55.723721,  25.766101,  44.063700,  16.899842,  21.122313
1985,  6,   6.638985,   0.180693,   7.640687,   6.949480,   3.027376,   7.465702,  24.767920,   6.991375,   9.432382,   6.680584,   5.984384
1985,  7,   1.053424,   0.000000,   5.945827,   3.010078,   2.477668,   5.399728,   8.792563,   1.919360,   2.503408,   0.542899,   1.315167
1985,  8,   0.193592,   0.056016,   4.563817,   0.867905,   0.000705,   4.358174,   1.271071,   0.231605,   0.132608,   0.403903,   0.607750
1985,  9,   6.780643,   3.201122,  18.529603,  14.376938,   2.252454,  22.303544,   7.033916,  10.285033,   7.953959,   1.802517,  16.498032
1986, 10,   6.354327,   1.948263,   9.683761,   6.797212,   7.434128,   9.672648,  11.640027,   8.182403,  13.236965,   5.155231,  10.219956
1986, 11,  25.675908,  12.276433,  16.941961,  23.251299,  16.021595,  14.602395,  25.622347,  25.470433,  23.353436,   3.588589,  54.559248
1986, 12,  36.736900,  15.238790,  23.132787,  32.670188,  18.099097,  22.934841,  21.577985,  22.277246,  24.625945,  27.788988,  42.515346
1986,  1,  73.304830,  29.090729,  60.288541,  63.728730,  34.886988,  53.897296,  39.750997,  71.088690,  44.253566,  85.086293, 105.307012
1986,  2, 486.032718, 177.912952, 184.898748, 352.740498, 227.893802, 137.491431, 174.658661, 389.619982, 228.338786, 401.289587, 708.792279
1986,  3, 269.488577, 119.673318, 130.135790, 189.671922, 236.309484,  98.550438, 210.345237, 286.174482, 256.951006, 233.104505, 417.373333
1986,  4,  73.507260,  19.552675,  45.920222,  75.753656,  92.411968,  45.335350, 113.848614, 105.923850, 113.648012, 106.940739,  99.716995
1986,  5,  37.398753,   3.504106,  47.456526,  58.056371,  81.658418,  43.986338, 108.246290,  51.238744, 106.483382,  73.951488,  45.150023
1986,  6,   9.845798,   0.170350,  22.761357,  26.595655,  23.959882,  22.224318,  77.314390,  11.090074,  28.382865,  34.812058,   7.368900
1986,  7,   3.227366,   0.071951,  16.886144,  14.701327,   5.374879,  16.286462,  21.116539,   6.634348,   9.540061,  11.158320,   1.072570
1986,  8,   0.038166,   0.000010,  11.916198,   5.475949,   0.370148,  11.315243,   5.902932,   0.262882,   0.693501,   0.335317,   0.010953
1986,  9,  13.387986,   0.888325,  25.921090,  31.117283,   6.235915,  29.116669,   9.155766,  11.206308,  11.986953,   8.103262,  49.661856
1987, 10,   1.043490,   1.072287,  11.248196,   9.919750,   0.474748,  11.208248,   3.335852,   0.164599,   1.218283,   3.069194,   4.057481
1987, 11,   1.437342,   0.101143,   7.558967,   6.031318,   0.092290,   8.550184,   0.391904,   1.098876,   0.456008,   3.562343,   5.391493
1987, 12,   4.811207,   3.793939,  11.151788,   8.882453,   1.707672,  11.355214,   1.951123,   2.671028,   2.999076,   9.633401,   9.780492
1987,  1,  16.956090,  10.529463,  28.713100,  29.533473,   8.212435,  29.784387,  14.287382,  15.524041,  17.518889,  69.709059,  41.429177
1987,  2,  39.851163,  14.530400,  35.622603,  50.919634,  17.077446,  29.921433,  19.446095,  22.193734,  25.612671,  81.323567,  80.794627
1987,  3,  51.277286,  26.996027,  72.792440,  77.741949,  22.160999,  60.708156,  28.216563,  44.302223,  32.327588, 142.689285,  95.339991
1987,  4,  14.556810,   1.805212,  18.075025,  24.489673,  21.114608,  19.310232,  34.992912,  24.406291,  38.092543,  58.724295,  38.354294
1987,  5,  11.185176,   0.348222,  18.271108,  18.645470,   7.577814,  22.479968,  20.646335,  12.308820,  16.351277,  36.790559,  22.616920
1987,  6,   2.521010,   0.003195,  10.434705,   7.197582,   0.692942,  12.091401,   8.008340,   1.819190,   3.011151,  15.753474,   2.681228
1987,  7,   0.466825,   2.480893,  13.533465,   5.208589,   0.042567,  17.872152,   1.291476,   0.079437,   0.456420,   4.738770,   2.863693
1987,  8,   0.003337,   0.000029,   4.666397,   0.636936,   0.000000,   5.042512,   0.804220,   0.000670,   0.000243,   0.096988,   0.000000
1987,  9,   0.050453,   0.000000,   3.322923,   0.205306,   0.224870,   3.633534,   0.443524,   0.018136,   0.004489,   0.000000,   0.000157
1988, 10,   3.902620,   3.625668,   3.671544,   1.718122,   8.333767,   3.615749,  12.427205,   6.619702,  12.842957,   0.089376,   5.679614
1988, 11,   9.170572,   7.407119,  11.714568,   9.351908,   5.972752,  12.005994,  14.120906,   6.976433,  11.598446,   1.966596,  18.370036
1988, 12,  28.550417,  32.831959,  46.961229,  45.441978,   8.321124,  45.240352,  11.017400,  10.109290,  12.835231,  72.013529,  77.019684
1988,  1,  40.637968,  70.318333,  51.248149,  49.130899,  16.294718,  46.274411,  31.690036,  20.649243,  28.033188,  97.402075,  67.414073
1988,  2,   7.464295,   8.341952,  13.426254,  16.141311,   8.070166,  13.094992,  15.206053,   9.355219,   9.587296,  42.422015,  20.741774
1988,  3,  14.014488,   1.928729,  12.711091,  16.956586,  12.383360,  13.845685,  22.630599,  18.325298,  19.728507,  28.614887,  33.040229
1988,  4,  24.498055,   6.352819,  26.873734,  25.133876,  31.556379,  28.774644,  43.231756,  31.438183,  56.249151,  29.756533,  56.574789
1988,  5,   9.118772,   6.664759,  26.755853,  17.141783,  18.820337,  23.237399,  37.681219,  15.288939,  32.517870,  31.720354,  28.697647
1988,  6,   6.407963,   3.283353,  14.646396,  13.582630,   2.741902,  11.992890,  12.990221,   4.172232,   7.699379,  39.385923,  14.185818
1988,  7,   0.713239,   0.001798,   6.202635,   4.726357,   2.002392,   5.252905,   4.873356,   0.382658,   1.488350,   9.731524,   5.545267
1988,  8,   0.072436,   0.000000,   4.620053,   1.458551,   0.023875,   4.236295,   1.459781,   0.176461,   0.245192,   1.212410,   0.078315
1988,  9,   0.224662,   0.000000,   3.981936,   0.609846,   0.365785,   4.153533,   2.551453,   0.244079,   0.308071,   0.035469,   0.481057
1989, 10,   0.049231,   0.118607,   2.756452,   0.306117,   0.000000,   2.313366,   0.000430,   0.001119,   0.005429,   0.054766,   0.081816
1989, 11,  44.551512,  15.066888,  41.683239,  54.555885,  16.655923,  42.791340,  15.387768,  21.453893,  28.056149,  34.181184, 110.230185
1989, 12,  12.238671,   8.548549,  14.064713,  15.564048,   6.514154,  11.577130,   9.313424,   8.286165,   8.177659,  27.840208,  23.731258
1989,  1,  13.914175,   4.837477,  23.995869,  19.691978,   3.482212,  23.164915,   6.859809,  10.375602,   6.093686,  38.222891,  33.167167
1989,  2,  30.134927,   1.769091,  13.714043,  24.079385,   9.922759,  14.258056,  15.655343,  14.432199,  18.345656,  23.232375,  54.449692
1989,  3, 197.957645,  35.508975, 112.655042, 188.029763,  54.634738,  90.675425,  54.906790, 114.192208,  87.655068, 209.041204, 451.794481
1989,  4,  77.166629,   6.099574,  39.613958,  62.037193,  49.820077,  35.904438,  56.210967,  73.658903,  85.904677,  93.626009, 154.190559
1989,  5,  30.101648,   2.166278,  25.287772,  35.947684,  21.090754,  27.649696,  32.827678,  23.940235,  40.310089,  62.197641,  52.839804
1989,  6,  14.019899,   0.440778,  15.297432,  23.585823,   4.878278,  16.120320,   8.004914,   6.641368,  11.334914,  31.663062,  15.930970
1989,  7,   2.504541,   0.014321,   9.511354,   8.883626,   0.146852,   9.853640,   2.028006,   0.724816,   1.103583,  12.895680,   1.555837
1989,  8,   2.127136,   0.002152,  10.057360,   7.397368,   0.630032,  11.565881,   2.775805,   0.912724,   2.024392,   2.601125,   7.207792
1989,  9,  10.572747,  11.380170,  19.064328,  17.131847,   9.279816,  19.546237,  16.297122,  17.543875,  19.670372,   7.039916,  22.008898
1990, 10,  22.867542,   9.399628,  27.813082,  33.157037,  17.127031,  28.996352,  11.037953,  26.967602,  26.010037,  30.569109,  61.838759
1990, 11,  34.242037,   1.648779,  10.593838,  20.586220,  10.734376,  10.339403,   8.610665,  18.617320,  16.578317,  13.879607,  45.687887
1990, 12,   3.556298,   0.016199,   4.892555,  10.800775,   0.428925,   4.670388,   0.263719,   9.150764,   1.458813,   8.543424,   6.289407
1990,  1,  33.934618,  24.768899,  42.035762,  56.821658,  24.686945,  35.902868,  24.328099,  29.269050,  27.992660, 101.209836,  97.621845
1990,  2,  37.824412,   7.826652,  24.621794,  33.133695,  21.422576,  23.637447,  17.886364,  27.477351,  19.879516,  37.314219,  63.047553
1990,  3,  62.735787,   6.011445,  32.117716,  51.602903,  38.215061,  29.482956,  35.679613,  63.432370,  49.736053,  65.604294, 128.606500
1990,  4,  32.283003,   0.563380,  14.524410,  27.551163,  39.763031,  15.821313,  38.519470,  31.519747,  56.987765,  32.116387,  62.414380
1990,  5,  26.809577,  11.245654,  44.357075,  39.572511,  20.093293,  38.263770,  39.690339,  28.441022,  35.036025,  74.737915,  80.227432
1990,  6,  36.646345,   3.052853,  27.320715,  38.520151,   3.378865,  22.970384,  14.159666,  13.206814,  10.696370,  52.888677,  68.069508
1990,  7,   7.153260,   0.174673,  11.310629,  12.387116,   2.443613,  10.868279,   5.872688,   2.889472,   2.966299,  21.194244,  13.441650
1990,  8,   1.356803,   0.067307,  11.331220,   9.102073,   0.083420,  12.246537,   1.603843,   0.569434,   0.456998,   7.000706,   2.266574
1990,  9,   1.236234,   0.246159,   6.658555,   4.893898,   0.584722,   6.226134,   4.435729,   1.477853,   1.962049,   2.104540,   5.132094
1991, 10,   1.400359,   0.260959,   6.924410,   4.686303,   0.053651,   6.286031,   0.522328,   0.657317,   0.292625,   1.135429,   3.158273
1991, 11,   6.108688,   0.916864,   7.991147,   8.638061,   2.948226,   9.806336,   3.101080,   4.923084,   6.931350,   3.704787,  13.288806
1991, 12,   3.884833,   2.288365,   5.615056,   7.838450,   0.982989,   5.925835,   5.145182,   1.299222,   1.965992,   2.288906,  14.947636
1991,  1,   2.356291,   1.036395,   6.666208,   4.778859,   2.317318,   8.533559,   5.867056,   3.094156,   3.174431,   1.786034,   9.847286
1991,  2,   9.719401,   8.964081,  11.877050,  11.959695,   9.258011,  11.425660,   8.844100,   6.934639,  10.623514,  24.962384,  25.483724
1991,  3, 121.646247,  69.009117,  68.217142, 113.456600,  78.137092,  61.845115, 100.103379,  58.691330,  83.299379, 112.621456, 245.793186
1991,  4,  37.445367,  13.531927,  27.209985,  51.204057,  49.822165,  25.630831,  65.266520,  45.037175,  38.964097,  61.784689, 100.940838
1991,  5,  40.945045,   2.448681,  25.386545,  33.824545,  77.707901,  26.435843,  75.582534,  48.952324,  85.887779,  38.574531,  82.723198
1991,  6,  18.333788,   1.324597,  10.822593,  15.904926,  38.323356,  11.090201,  77.014836,  24.500456,  53.116132,  20.518900,  33.997452
1991,  7,   9.517488,   0.196595,   8.351432,  12.750683,   5.908695,   9.309301,  19.614118,   4.913256,  10.407071,   7.377656,   8.777286
1991,  8,   2.241997,   0.002870,   5.324836,   4.947741,   0.407006,   5.672053,   5.204259,   2.408648,   1.605476,   0.897186,   5.828663
1991,  9,   0.402781,   0.000048,   3.186559,   1.804650,   0.268825,   3.214601,   2.803076,   0.716407,   0.588255,   0.008835,   0.668675
1992, 10,  16.992366,   0.988487,   8.290858,   9.558603,  14.289659,   8.686242,  14.486110,  23.331848,  26.116939,   2.057618,  29.504324
1992, 11,   9.310105,   2.062885,  10.593705,  12.615417,   7.068251,  13.052424,  10.851826,  10.817067,  11.647545,   4.143866,  21.139346
1992, 12,   8.933477,  13.446422,  13.836365,  15.037384,   9.508140,  12.581448,  12.087287,   8.677261,  12.071604,   8.148928,  24.524767
1992,  1,  11.016350,   7.583447,  10.607840,  17.425164,   5.860804,   9.382365,   8.649183,   7.799228,   8.992076,  19.440338,  17.656670
1992,  2,  65.450847,  46.822120,  54.229210,  73.811083,  36.020967,  45.937047,  34.918847,  40.974555,  39.397939, 128.015895, 141.563269
1992,  3,  40.752908,  54.254813,  45.838325,  45.826680,  34.277277,  38.825488,  36.015042,  54.318226,  38.957862, 116.445309,  80.496786
1992,  4,  21.060297,  12.106063,  29.636408,  32.280230,  39.520254,  26.723727,  45.562275,  24.098163,  51.347881,  89.032239,  47.894271
1992,  5,   6.011236,   0.993245,  12.485360,  14.728792,   9.505888,  12.805776,  25.610496,   6.365097,  14.166206,  50.153223,  11.166688
1992,  6,   3.683373,   2.414113,  17.157459,  12.640359,   2.706139,  17.581013,   7.336686,   5.149892,   8.387613,  27.421188,  11.767450
1992,  7,   6.519281,   2.404621,   8.720532,   9.612942,  10.877896,  11.162992,  12.275884,  17.937110,  26.728911,  17.459042,   7.588121
1992,  8,   0.757033,   0.000000,   4.721892,   2.420521,   0.315621,   5.136608,   1.843813,   1.345149,   2.082848,   2.013538,   0.229104
1992,  9,   0.566307,   0.000000,   3.558072,   0.640797,   0.154417,   3.979158,   0.722437,   0.083037,   0.462295,   0.726846,   0.236438
1993, 10,   4.528019,   6.724780,  19.847213,  11.008984,   9.136349,  18.644172,  19.840343,  14.925440,  16.813094,   4.485799,  33.351540
1993, 11,  13.919457,   1.432804,   8.992638,  11.713270,   0.988489,  14.178585,   1.268636,   1.486957,   1.679028,   5.480859,  12.110880
1993, 12,  70.774537,  35.987175,  42.350613,  54.707769,  30.863173,  40.364894,  30.502718,  36.200111,  37.053451,  56.912503,  91.735759
1993,  1, 186.409171, 130.962220, 102.472543, 158.006868, 114.609363,  81.015854,  92.958501, 116.604151,  89.617326, 153.014761, 282.018641
1993,  2, 144.908791, 149.447804,  70.258411, 110.380376,  81.670351,  57.730681,  77.773679,  88.803131,  65.942404, 115.482126, 212.704095
1993,  3, 169.407459,  37.625352,  94.251195, 139.576201, 119.311836,  78.106495, 130.147997, 184.930819, 139.389732, 197.508861, 290.325486
1993,  4, 104.491348,  12.819728,  66.495241,  94.530347,  96.992970,  56.053920, 102.796907, 130.163717, 120.376854, 152.746027, 190.116908
1993,  5,  72.281354,  11.804224,  46.172926,  67.868150, 150.380837,  39.536768, 164.802377, 106.753383, 156.548582, 110.921991,  90.065086
1993,  6,  59.959584,  13.618514,  54.503084,  60.217198,  54.226914,  46.584060,  91.207402,  42.397012,  59.255625, 135.764059,  90.781518
1993,  7,  13.876618,   0.439873,  20.051913,  22.016298,   8.812722,  18.662203,  23.831857,   8.639991,  10.959899,  49.266812,  15.052869
1993,  8,   2.606132,   0.018165,  18.298517,  14.071587,   0.773347,  18.543143,   6.066425,   1.806934,   1.481935,  19.756568,   6.408273
1993,  9,   0.227739,   0.000000,  12.253580,   5.983926,   0.004221,  12.775831,   1.299427,   0.151732,   0.017378,   5.896357,   0.350911
1994, 10,   6.407400,   0.986918,  18.903196,  15.685512,   3.048325,  20.566641,   3.632308,   5.976301,   7.359417,   5.087975,  14.243010
1994, 11,   2.226155,   4.804385,  11.371874,   7.540849,   5.114838,  10.281006,  11.428875,   5.979075,   6.729732,   3.461136,  14.048953
1994, 12,  26.960818,   8.602594,  28.168991,  37.290214,  11.156891,  28.911060,  13.570158,   8.353337,  11.801678,  15.151981,  52.703366
1994,  1,  11.099100,  10.274976,  23.121158,  15.215615,   6.860966,  21.075239,  10.831105,  10.621251,   9.410459,  35.636778,  23.182030
1994,  2,  38.961356,  33.308764,  39.744957,  51.957841,  23.924230,  34.075749,  26.732615,  21.771235,  27.594933,  55.613392,  62.066915
1994,  3,  29.662675,   4.833070,  21.997884,  34.755938,  21.336981,  20.538088,  26.208623,  28.045646,  28.604029,  37.682037,  68.720321
1994,  4,  18.994215,   9.958768,  17.802603,  21.420222,  26.770851,  16.767239,  30.025282,  26.746758,  40.836049,  25.795713,  35.168235
1994,  5,  20.210513,   7.080058,  25.667741,  24.328321,  19.110358,  23.883300,  40.005139,  25.152359,  35.793270,  21.847441,  26.309467
1994,  6,   5.077915,   0.199215,   9.941317,   7.383194,   2.572538,   9.564699,  10.464913,   4.291820,   8.173866,   9.107733,   3.732546
1994,  7,   0.722016,   0.001230,   5.612501,   2.892204,   0.043265,   5.010015,   2.156182,   0.445160,   0.745867,   0.918889,   0.178117
1994,  8,   0.014355,   0.000000,   3.673549,   0.882474,   0.000000,   3.017432,   0.200360,   0.000190,   0.000000,   0.000000,   0.000000
1994,  9,   0.584099,   0.000036,   4.441780,   1.052327,   3.541389,   4.241361,   8.889625,   2.212859,   3.163064,   0.165985,   3.823780
1995, 10,   5.507463,   1.449544,   2.594578,   4.111190,  14.884426,   2.873051,  18.133271,   8.855862,  15.826502,   0.214983,   5.343402
1995, 11,  38.905783,  12.526362,  21.506770,  29.993599,  23.556654,  23.435259,  20.459250,  26.257526,  35.896312,   7.394316,  59.750877
1995, 12,  58.029889,   9.145453,  22.022870,  41.168436,  18.311643,  23.661692,  14.545343,  16.502009,  14.527049,   5.372283,  86.271030
1995,  1, 298.257841, 281.065199, 191.195060, 306.957158, 162.442555, 143.359965, 132.151074, 160.457220, 150.175941, 356.392096, 550.176758
1995,  2,  79.195410,  59.005334,  60.600865,  83.521357,  71.028370,  48.783911,  76.742104,  79.916734,  63.118342, 171.505722, 143.427189
1995,  3, 387.112538, 253.522564, 216.316645, 342.292023, 265.730210, 148.598142, 234.964440, 291.965907, 247.967024, 363.469645, 527.649658
1995,  4, 186.190396,  36.321193, 110.682749, 168.928045, 138.348995,  84.997958, 150.695508, 178.315307, 170.239504, 213.685848, 256.624930
1995,  5, 207.170952,  32.474671,  80.065728, 178.515510, 171.393062,  63.711823, 170.258832, 221.076882, 250.565630, 145.233258, 224.355752
1995,  6,  65.305583,   4.973865,  50.814481,  80.397363, 106.781192,  45.188498, 161.549909,  87.221298, 152.901106,  92.547219,  68.685915
1995,  7,  20.021805,   1.710161,  28.098332,  41.761869,  20.214551,  23.410771,  64.378165,  21.116966,  36.667057,  50.494769,  16.054116
1995,  8,   3.848075,   0.000989,  19.742367,  21.710001,   2.902370,  16.370459,  16.187121,   4.750688,   7.696253,  20.584268,   1.591566
1995,  9,   0.330861,   0.000000,  14.389702,  11.281912,   0.153983,  12.057265,   4.053691,   0.942161,   1.094758,   6.346127,   0.009374
1996, 10,   0.045125,   0.000000,  11.385158,   7.028631,   0.000125,  10.112078,   1.051052,   0.175366,   0.062038,   2.845447,   0.000000
1996, 11,   2.055220,   0.024851,   9.874587,   5.517874,   0.031780,   9.153136,   0.305357,   0.546157,   0.202882,   1.408891,   4.734789
1996, 12,  44.620471,  34.154187,  65.825908,  57.229370,  35.323325,  63.660763,  37.762737,  37.973295,  49.862449,  94.779158,  96.314995
1996,  1, 123.780981,  44.929232,  67.341818,  72.650233,  53.066295,  59.946724,  36.489848,  44.000376,  50.735929, 144.828899, 179.586784
1996,  2, 204.343130,  94.895613, 131.231251, 159.594621, 132.742177, 105.993833,  95.360449, 184.930032, 148.531819, 187.745742, 341.617464
1996,  3, 180.238432,  76.995761,  79.950302, 118.031919, 142.751608,  69.008926, 134.378741, 160.068802, 154.948317, 171.109755, 218.828080
1996,  4, 144.953466,  18.871783,  65.309379, 107.416229, 132.362370,  60.233037, 120.720515, 107.387470, 134.572751, 125.682414, 213.747326
1996,  5, 150.586275,  20.629612,  83.138674, 118.295573, 106.125766,  72.735180, 114.266466,  90.191923, 135.353968, 109.088904, 227.029001
1996,  6,  43.422301,   5.173931,  33.159798,  47.663193,  21.930318,  32.693222,  44.739522,  24.733880,  33.653436,  60.449718,  56.792705
1996,  7,  12.752852,   0.239949,  23.091050,  27.817657,   2.725417,  24.764275,  12.472663,   5.823111,   6.710581,  27.170270,  13.795095
1996,  8,   2.068507,   0.000000,  16.057114,  12.607274,   0.061917,  16.928981,   2.627796,   0.961482,   0.807703,   8.362361,   0.978620
1996,  9,   1.775303,   0.084820,  14.705151,  10.640476,   0.090710,  15.977995,   0.813813,   0.263092,   0.220859,   3.913977,   6.788157
1997, 10,   3.845505,   4.351323,  16.288532,  10.050048,   9.936265,  17.587377,  14.503387,   6.299578,   9.135698,   4.576134,  11.027235
1997, 11,  40.921483,   9.584619,  32.843254,  27.856997,  48.856037,  36.313476,  55.702896,  34.927632,  59.330296,  23.630654,  51.921763
1997, 12, 281.841786,  34.268468, 141.120707, 141.921282, 130.872225, 122.552053, 114.453705, 151.645608, 147.176503, 252.592392, 412.664671
1997,  1, 599.942039, 112.502374, 215.512688, 344.372582, 307.096418, 164.021919, 275.066653, 432.539378, 403.715184, 343.771544, 733.866215
1997,  2, 110.299589,  22.164706,  57.986115,  93.124239,  88.479150,  48.682214, 104.492976,  92.068790, 107.879772, 110.927454, 139.486435
1997,  3,  60.907532,  21.315508,  50.573526,  69.250847,  53.984458,  46.770368,  73.076493,  78.571819,  88.641212,  97.642695,  82.906678
1997,  4,  36.763228,   3.163608,  43.557933,  46.077509,  42.000367,  42.139545,  52.689283,  38.231942,  62.652824,  72.117663,  39.030567
1997,  5,  15.503467,   1.743891,  28.136453,  26.534716,  43.359407,  27.378744,  69.256335,  24.889794,  65.170489,  41.740413,  13.578948
1997,  6,  12.990920,   0.512017,  24.972045,  21.222605,   8.801923,  25.024436,  29.007537,  12.314310,  18.505208,  25.115334,  16.209646
1997,  7,   1.810601,   0.498337,  15.312867,   7.154892,   1.857794,  15.754719,   9.025963,   2.012131,   4.489508,  12.480039,   1.030722
1997,  8,   1.005798,   1.647155,  13.363189,   4.128401,   0.489644,  13.552347,   1.994698,   0.194185,   0.546467,   3.269051,   4.027234
1997,  9,   0.671138,   0.450372,  13.206789,   6.025957,   1.295098,  14.889365,   2.245926,   0.392820,   0.798531,   1.614151,   2.748518
1998, 10,   9.635851,   1.774197,  15.383107,  13.867045,   0.729976,  14.909970,   2.875323,   4.609494,   3.205426,   3.708448,  23.201665
1998, 11,  21.855508,  25.254233,  41.626704,  29.391130,  11.169845,  41.055539,  19.979846,  18.287814,  20.022667,  29.114601,  53.697246
1998, 12,  25.424777,  22.080455,  36.607978,  33.110015,   9.988498,  30.302108,  11.722691,   9.965664,  12.458359,  46.472761,  31.181889
1998,  1, 163.107837,  81.953000, 137.086535, 160.566002,  55.156939, 111.559968,  48.652776,  97.574121,  81.897660, 225.625706, 293.466361
1998,  2, 260.722976, 383.739608, 215.295403, 246.224866, 127.139470, 136.099125,  97.123371, 175.661435, 141.659289, 371.996518, 363.119507
1998,  3, 183.009460,  91.984507, 120.046494, 143.083039, 141.677823,  86.832252, 115.862885, 152.744627, 143.145085, 330.649013, 212.465454
1998,  4, 151.037293,  72.981684,  86.873932, 119.583065, 115.000084,  66.915433, 125.561189, 133.596749, 139.892817, 200.479715, 198.447573
1998,  5, 139.201690,  81.985058, 108.140579, 108.818268, 116.803674,  90.365683, 135.637752, 141.879191, 161.323893, 183.437858, 182.346666
1998,  6,  78.681321,  44.430122,  70.066052,  79.012464, 137.350183,  55.153924, 176.785210, 111.645776, 195.716302, 118.037459,  75.916957
1998,  7,  23.218945,   2.332932,  35.709884,  35.846321,  30.615414,  32.446433,  84.107703,  30.895024,  53.488387,  59.330149,  18.164697
1998,  8,   4.455022,   0.113185,  24.864018,  18.276593,   4.453145,  22.080531,  20.470807,   6.948493,  11.005086,  22.665833,   2.036297
1998,  9,   6.538622,   0.052008,  22.426543,  15.810978,   3.630788,  22.594470,  13.324404,  10.129608,  11.980663,   9.033596,  11.517226
1999, 10,   4.230052,   2.495296,  18.335969,  13.074255,   1.150214,  17.019375,   3.475601,   2.941085,   2.932468,   9.145900,   9.734309
1999, 11,  26.155260,  12.795567,  58.182511,  45.244163,  10.926692,  60.636196,  11.049579,  18.558727,  20.712091,  71.129869,  78.984557
1999, 12,  46.100979,   6.900573,  47.711377,  57.862294,   8.737494,  44.056160,   8.725217,  18.469155,  15.381530,  84.947885,  77.842496
1999,  1, 152.262044,   4.172494,  51.234168,  71.385943,  51.904412,  47.903277,  41.588340,  81.706504,  83.824701,  88.753238, 216.837730
1999,  2, 271.366520,  33.093398, 107.738109, 175.488470,  84.526013,  86.804685,  49.966207, 180.348310, 120.998757, 173.946908, 369.181944
1999,  3, 136.432288,  47.347591,  80.111609, 110.291845,  42.822648,  65.996388,  45.972728,  83.926319,  69.784680, 147.960361, 180.778840
1999,  4, 109.397028,  32.000459,  51.688622,  76.117010,  65.026061,  46.447316,  78.861675,  89.299910,  90.307194, 125.359016, 119.944456
1999,  5,  68.977408,   3.380868,  27.651914,  42.256304,  44.583352,  28.638566,  63.132646,  53.209323,  75.195057,  64.797312,  59.186912
1999,  6,  20.518025,   3.716422,  21.590462,  24.064513,  12.261728,  22.824710,  30.836890,  17.245824,  25.911605,  30.449023,  14.800759
1999,  7,   4.957971,   0.001924,  14.239405,  11.222735,   1.519335,  14.683413,   8.560830,   3.293401,   4.586147,   7.978831,   2.769114
1999,  8,   1.782709,   0.384156,  13.255660,   6.198117,   0.238290,  14.639120,   1.851483,   1.185357,   0.826795,   1.007097,   1.882184
1999,  9,   0.264931,   0.000000,   7.686317,   1.583632,   0.156931,   8.557328,   1.545923,   0.225350,   0.886899,   0.074676,   0.174587
2000, 10,   6.708581,   1.317677,  14.697433,   7.623059,   1.033988,  16.558355,   0.711580,   4.927678,   4.092039,   3.162937,  18.367957
2000, 11,  16.348137,  10.016312,  21.123333,  22.046993,   9.166891,  20.437433,  12.054677,  13.567429,  17.216305,   8.013971,  31.286628
2000, 12,   7.144839,   1.059291,  10.125564,   8.575796,   0.280059,  12.315508,   0.308573,   1.192886,   1.104398,   8.969423,  14.303031
2000,  1, 123.314924,  17.964892,  65.738975,  60.143406,  50.737196,  67.163840,  51.093218,  78.049138,  75.530205, 107.672916, 164.283539
2000,  2, 224.464529,  50.903720, 109.366421, 138.062311,  86.937801,  89.635327,  71.633316, 160.901698, 115.400571, 207.144896, 363.127383
2000,  3, 151.153843,  31.592444,  73.568003, 111.604659,  77.133491,  62.051421,  77.770324,  99.594030,  98.078738, 159.913153, 183.951805
2000,  4,  53.630608,  18.443333,  53.290021,  58.117438,  74.881462,  51.226572,  82.016485,  59.465941, 107.706422, 141.873743,  81.744692
2000,  5,  64.670973,  26.598364,  31.135355,  37.970109,  45.827102,  32.287196,  68.558806,  57.277162,  96.227794,  75.681402,  57.241859
2000,  6,  20.619727,   3.874880,  18.954014,  17.604710,   8.573761,  20.110748,  22.711055,  13.291412,  22.681851,  38.823769,  15.539614
2000,  7,   3.787024,   0.161419,  14.779323,   7.869180,   0.542631,  16.425137,   4.202623,   2.178688,   3.242290,  16.899375,   1.604833
2000,  8,   0.141828,   0.000000,   9.569181,   2.659623,   0.189548,  10.742478,   1.946139,   0.591661,   0.849483,   2.193068,   0.000128
2000,  9,   5.259155,   0.561925,  15.376927,   3.677746,   1.830589,  17.672632,   2.725812,   5.323341,   5.562835,   1.101047,   8.326873
2001, 10,  13.140604,   7.345211,  22.219613,  13.123001,  11.623899,  22.582699,  18.094943,  15.948987,  19.093849,   4.311277,  33.125144
2001, 11,   9.765293,   2.237575,   9.731352,   8.623316,   1.621064,  10.604800,   2.123076,   4.349538,   4.063514,   2.099462,  10.730902
2001, 12,  11.988853,   1.634272,  12.200490,  10.835712,   1.800633,  14.637071,   1.934655,   5.260177,   4.745917,   3.863884,  22.161878
2001,  1,  16.776108,  25.648812,  20.966546,  16.792414,  17.132816,  17.938925,  19.784638,  16.815486,  21.951859,   9.763841,  30.978220
2001,  2,  30.662076,  33.616478,  40.933502,  34.202433,  16.915927,  34.740276,  18.525183,  15.935480,  18.387335,  39.709524,  53.158409
2001,  3,  42.266413,  64.420666,  38.276859,  42.435484,  59.059099,  32.118551,  62.395469,  51.610017,  55.438051,  85.567726,  91.669213
2001,  4,  56.213350,   7.792684,  31.432257,  27.788352,  60.065771,  29.727210,  81.210786,  79.205150,  84.539175,  44.904443,  80.691871
2001,  5,  18.478872,   0.527795,  12.395049,  10.021581,  38.238221,  11.452363, 109.376744,  33.682091,  55.342159,  25.686326,  26.156133
2001,  6,   5.114034,   0.685464,  13.246998,   5.647729,   5.286988,  13.746738,  34.530802,   5.610931,   9.810239,  12.161413,   7.263608
2001,  7,   0.532801,   0.012432,   7.027989,   3.383825,   1.469799,   7.119625,  14.197073,   2.754502,   5.642444,   2.527383,   0.739494
2001,  8,   0.085115,   0.000000,   4.370491,   0.329166,   0.026668,   4.536469,   2.727287,   0.581209,   0.153926,   0.067463,   0.000167
2001,  9,   1.448170,   0.919259,   8.541382,   1.807791,   0.455184,  10.621818,   1.908902,   1.712209,   2.167771,   2.153283,   3.383845
2002, 10,   0.059204,   2.627262,   7.095954,   2.042271,   2.868677,   6.296738,   7.327015,   2.995452,   5.325528,   0.757095,   5.895767
2002, 11,  31.904077,  30.514322,  38.634782,  34.552933,  21.171030,  41.427896,  25.871216,  25.446887,  32.289377,  24.564104,  79.618360
2002, 12,  60.069268,  54.377729,  70.783353,  62.974290,  36.904609,  60.378361,  35.542186,  34.153322,  38.892782,  89.124913, 126.336480
2002,  1,  57.937566,  68.897751, 143.261652,  52.347621,  20.658537,  86.698660,  21.485048,  20.065028,  17.792593, 182.879143, 141.110194
2002,  2,  56.992330,  14.657422,  58.124229,  37.158084,  23.553077,  45.214804,  25.228063,  36.283886,  32.979065, 162.030788, 103.760745
2002,  3, 109.783910,   7.738922,  49.376523,  53.755425,  43.220937,  40.627975,  44.484664,  74.095347,  53.545799, 114.174301, 182.772749
2002,  4,  44.395273,   1.509903,  30.877545,  27.439538,  64.740884,  27.871716,  70.128565,  47.786418,  87.128349,  76.755672,  94.705178
2002,  5,  30.057579,   2.348221,  25.102834,  20.952591,  30.593517,  23.256825,  57.751061,  32.385177,  58.255700,  52.932163,  48.153277
2002,  6,   6.980008,   0.003033,  13.290006,   7.343708,   5.551576,  11.990477,  24.039003,   6.865553,  13.597107,  23.432521,   9.741231
2002,  7,   0.996195,   0.000000,   9.626906,   2.948319,   0.410616,   8.396366,   5.932772,   1.503432,   2.087934,   3.741461,   1.500647
2002,  8,   0.007812,   0.000000,   6.825191,   0.747457,   0.001647,   5.994177,   1.099807,   0.175909,   0.091724,   0.259147,   0.046384
2002,  9,   0.001135,   0.000000,   5.142854,   0.161722,   0.798334,   4.667161,   1.180771,   0.103421,   0.975326,   0.244333,   0.008635
2003, 10,   0.000626,   0.000000,   3.850133,   0.090807,   0.147642,   3.529945,   0.730519,   0.061091,   0.367649,   0.000000,   0.000000
2003, 11,  24.310156,   8.819763,  19.730831,  33.990965,  32.258846,  21.359084,  50.571133,  29.871099,  45.827704,   9.024290,  61.282877
2003, 12,  68.423824,  77.405760, 103.608481, 116.305684,  34.240503,  85.728319,  35.218455,  34.170454,  45.071725, 203.382129, 200.734090
2003,  1,  41.565766,  56.865934,  83.928310,  98.361706,  21.081537,  62.386656,  16.886714,  27.999341,  19.270931, 178.639358, 152.856186
2003,  2,  27.262468,  21.910333,  37.068760,  44.116930,  19.680608,  34.173634,  23.981681,  18.830267,  18.264753,  96.285618,  90.536117
2003,  3,  47.971962,  32.312562,  72.720908,  72.925602,  43.521301,  62.278228,  43.009130,  29.679858,  50.470252, 145.686588, 151.815524
2003,  4, 126.224681,  34.495013,  82.997259,  90.740361,  95.145182,  72.486094,  73.091072,  97.135702, 114.322787, 170.553617, 186.129250
2003,  5,  99.468289,  44.947353,  56.718232,  74.741121,  93.929531,  45.107800, 121.133170,  81.508860, 127.225505, 118.347967, 138.120768
2003,  6,  26.089786,   2.158402,  22.375212,  27.410974,  17.952278,  22.440002,  51.118332,  17.416684,  33.163055,  53.752769,  29.821235
2003,  7,   5.999970,   0.205958,  17.906268,  14.529749,   3.282531,  18.271908,  17.114998,   4.832872,   8.894562,  19.582934,   4.850920
2003,  8,   4.440743,   1.405323,  18.070984,  13.480714,   3.364582,  19.306498,   6.577740,   5.480899,   7.906717,  10.442620,  11.057689
2003,  9,   0.998540,   0.006804,  13.565470,   3.372372,   0.196560,  11.743436,   1.103108,   0.300146,   0.867106,   1.534099,   0.120413
2004, 10,   0.015506,   0.032806,   6.754558,   1.578467,   0.001361,   6.677110,   0.236908,   0.001273,   0.010011,   0.166265,   0.358719
2004, 11,  10.542352,  14.446535,  25.422122,  15.143067,   7.981406,  23.770713,   8.543649,  11.550265,  15.392240,  11.573231,  24.964122
2004, 12,  44.855435,  88.825528,  62.168237,  56.047083,  27.751308,  62.196548,  25.351743,  41.706870,  47.896144,  68.156167,  97.704216
2004,  1,  21.883100,  63.751313,  55.308550,  42.983497,   9.653346,  50.590680,   9.677641,  17.717345,  16.377367,  92.645914,  52.260148
2004,  2,  65.225334, 129.722551, 122.808641, 114.874252,  32.604153,  96.123738,  22.154510,  46.594657,  48.764704, 273.507256, 172.174307
2004,  3,  59.621769,  51.114776,  54.374937,  60.026304,  78.712105,  46.193429,  59.091358,  67.392364,  97.146927, 138.976649, 111.770171
2004,  4,  17.813765,   7.349489,  35.127025,  26.951518,  27.737082,  35.639516,  34.997002,  20.476593,  41.249077,  87.003172,  37.958269
2004,  5,   7.328453,   1.021708,  28.586527,  18.505293,   8.470954,  31.912283,  29.847757,   7.422725,  17.329604,  54.162406,  15.120157
2004,  6,   1.437925,   0.079370,  15.081082,   8.904526,   1.466218,  15.241027,   7.556795,   1.090503,   2.468779,  25.567435,   1.821915
2004,  7,   0.046138,   0.000000,  10.756489,   2.996222,   0.189137,  11.277974,   2.449639,   0.125569,   0.516786,   5.736675,   0.158599
2004,  8,   0.086692,   0.000000,   8.655324,   0.609450,   0.164887,   9.558435,   1.286648,   0.061056,   0.571036,   0.382126,   0.002921
2004,  9,   0.751064,   0.000592,   6.508641,   1.485017,   0.121426,   6.905579,   0.498235,   0.137035,   0.374117,   0.008101,   1.943827
2005, 10,  25.417667,  12.683553,  25.017548,  25.160050,  33.241561,  29.726194,  37.298095,  30.340883,  45.673004,   9.236909,  41.118299
2005, 11,  11.161429,   8.083456,  11.962711,   9.948542,   6.548527,  14.148737,  13.855533,  10.626800,  14.406583,   2.318805,  14.979467
2005, 12,  22.730070,  48.804164,  41.988417,  33.333172,  21.317270,  38.883965,  24.611231,  34.146873,  30.249822,  89.727846,  56.226563
2005,  1, 122.573600,  75.364367,  41.347644,  71.556152, 110.179599,  39.298226,  74.959484, 139.090737, 118.278231,  83.858976,  94.789472
2005,  2,  39.242218,  51.275718,  29.963628,  31.990818,  71.913968,  26.746887,  66.907991,  78.393076,  75.489265,  59.735898,  44.467717
2005,  3, 148.381140,  74.980289,  59.999059,  76.738701, 108.610428,  52.725962, 121.145662, 135.691225, 127.038515, 121.601569, 185.531805
2005,  4,  86.301434,  25.387630,  47.221156,  61.743167,  80.066529,  40.622816,  95.815352,  87.273450, 102.255636,  95.131978, 117.846529
2005,  5, 143.129827,  38.066735,  88.059492,  95.818020, 174.942871,  75.749351, 246.607686, 137.332158, 243.425943, 145.546507, 215.552723
2005,  6,  52.353607,   6.649781,  32.460577,  45.547831,  60.591980,  32.381800, 222.569681,  60.114140, 122.393068,  90.475041,  66.939023
2005,  7,  14.347339,   0.424605,  17.100192,  19.146334,  10.296302,  17.301834, 102.603356,  14.706982,  29.722499,  39.365873,  12.890801
2005,  8,   1.972269,   0.001205,  12.658622,   9.132648,   2.282993,  13.091593,  27.659014,   4.283106,   8.619021,  12.574990,   0.813463
2005,  9,   1.690543,   0.033083,  10.341852,   7.014367,   1.499527,  11.092018,   9.887016,   4.020285,   4.779608,   4.502388,   2.203096
2006, 10,   3.403055,   0.415759,  11.300909,   6.394386,   1.656176,  12.797772,   5.583671,   3.357099,   5.522054,   2.805627,   8.928347
2006, 11,   6.149166,  12.359367,  33.841078,  21.427637,   4.034719,  37.443590,   6.215520,   8.330849,   8.530591,  14.608166,  29.585613
2006, 12, 132.944091,  98.412307, 105.185759, 123.868269,  54.894616,  89.313380,  54.771096, 119.065647, 133.444347, 212.442082, 327.089927
2006,  1, 226.108151, 107.329176, 132.830846, 175.819629,  98.564845, 101.705970,  75.757432, 158.405734, 168.675076, 283.289170, 289.979109
2006,  2,  94.048255,  29.807566,  76.133176,  83.610077,  45.189542,  60.453914,  41.842809,  81.679882,  74.019424, 175.488055, 157.052556
2006,  3, 210.496425, 120.145800, 151.629747, 206.293659, 104.523505, 116.010266,  99.951942, 151.551031, 156.563677, 229.311848, 239.290127
2006,  4, 323.188845, 141.235899, 149.601262, 241.483417, 225.332792, 105.551317, 245.534379, 269.595922, 264.110707, 264.601521, 398.351809
2006,  5, 103.196783,  22.874915,  53.870804,  85.699806, 159.478655,  47.044582, 301.863993, 129.003736, 200.546760, 127.598786, 104.090805
2006,  6,  29.184271,   3.450565,  34.113204,  46.820328,  28.390325,  28.903896, 196.079303,  25.554569,  42.958619,  72.032803,  26.111640
2006,  7,   6.320024,   0.187862,  24.425276,  25.040828,   4.207216,  21.172221,  65.826833,   6.033046,   9.165668,  30.104880,   3.524331
2006,  8,   0.463375,   0.000000,  18.560031,  12.514598,   0.202261,  16.480541,  15.592516,   0.795525,   0.899749,   9.043265,   0.075873
2006,  9,   0.002856,   0.000946,  12.953912,   5.584765,   0.000000,  11.416569,   4.040011,   0.032115,   0.004841,   1.373974,   0.000006
2007, 10,   1.183722,   0.057030,  11.591811,   4.829985,   2.820720,  10.978725,   7.247940,   3.914470,   5.240731,   0.546614,   2.042244
2007, 11,  13.779089,   3.944025,  24.875561,  18.781139,   5.439566,  26.855101,   6.091353,   9.718796,  10.774785,   9.344773,  35.597587
2007, 12,  22.380422,  17.164762,  33.764267,  31.689420,  17.495612,  34.183407,  18.056786,  19.837364,  22.219009,  45.476361,  52.835371
2007,  1,   8.817731,   0.576875,  12.485041,   8.599725,   4.209710,  12.160527,   7.136807,   7.211004,   7.960308,  27.417312,  11.693236
2007,  2,  53.781151,  27.528177,  49.699940,  63.214670,  23.403351,  47.589630,  25.221623,  36.194500,  38.323511, 103.610974, 130.040278
2007,  3,  43.201719,   4.129554,  27.252204,  37.915434,  21.722369,  26.575022,  39.079849,  42.471015,  41.427065,  60.402049,  67.947892
2007,  4,  26.053163,   6.336913,  21.210078,  26.532334,  10.161292,  22.220466,  38.742276,  25.751524,  30.146745,  41.435325,  55.293761
2007,  5,  15.830073,   1.426005,  12.976607,  17.524059,   3.231638,  12.697898,  40.926816,  17.004768,  17.917644,  24.463927,  36.937267
2007,  6,   4.480210,   0.028495,   8.166291,   8.131012,   0.063852,   9.337210,  12.087976,   2.090833,   1.845666,   8.792119,  12.124368
2007,  7,   0.206989,   0.938277,   9.065423,   5.507012,   0.006302,   8.664180,   3.197152,   0.191175,   0.370302,   1.275713,   0.713853
2007,  8,   0.002797,   0.000000,   3.413252,   0.691976,   0.157550,   3.630493,   1.720024,   0.131436,   0.686134,   0.000000,   0.023040
2007,  9,   1.243182,   0.163045,   6.394996,   2.648657,   0.914844,   7.852310,   1.878944,   1.113450,   2.833558,   0.012969,   4.888328
2008, 10,   8.158292,   2.401201,  15.798431,  11.707881,   0.955046,  17.916615,   2.237564,   2.522276,   2.720066,   5.160497,  20.503994
2008, 11,   4.062971,   0.252851,   5.008474,   4.815506,   0.406574,   6.900850,   1.094325,   3.776583,   3.412839,   0.639235,   9.324023
2008, 12,  19.934364,   9.044816,  22.754501,  20.679264,  11.295105,  22.788252,  15.937456,  17.930051,  22.985402,  18.957697,  41.107692
2008,  1,  39.663841,  68.432632,  62.265777,  53.661003,  32.922875,  55.914049,  25.262822,  29.999757,  42.422321, 110.582900,  69.495958
2008,  2,  39.870725,  47.288017,  53.678411,  51.771902,  35.221965,  47.536179,  23.204884,  35.758242,  48.246047, 103.623430,  77.646831
2008,  3,  28.514674,   9.856809,  23.733750,  38.349474,  22.786900,  24.390600,  28.308237,  38.541698,  34.155193,  71.693610,  56.551809
2008,  4,  17.499659,   1.766144,  14.856199,  19.613448,  30.223585,  16.601032,  36.196345,  33.638874,  47.408465,  47.331578,  36.673836
2008,  5,  12.764467,   2.483190,  15.169021,  13.624773,  43.474490,  18.337176,  85.654657,  32.012144,  74.486406,  24.934536,  26.870288
2008,  6,   1.652849,   0.006750,   7.241309,   5.114071,   9.620076,   8.069335,  62.279831,   6.442927,  18.463700,   9.801905,   3.707325
2008,  7,   0.204381,   0.000000,   5.073337,   1.415734,   1.221650,   5.450921,  22.817781,   1.301535,   3.533327,   1.223044,   0.589356
2008,  8,   0.002159,   0.000000,   4.051973,   0.375729,   0.012165,   4.840766,   4.603709,   0.112235,   0.167526,   0.091050,   0.013904
2008,  9,   0.000000,   0.038935,   2.619128,   0.152085,   0.000000,   2.946989,   1.087154,   0.000089,   0.000000,   0.002430,   0.000000
2009, 10,   3.722523,   1.990228,   8.793243,   7.105746,   4.087200,   8.503957,   7.683689,   3.971097,   7.491084,   1.814607,  12.543315
2009, 11,  18.508537,   8.502921,  17.681935,  24.838446,  17.271690,  21.336827,  20.958077,  15.226992,  25.116563,   7.394782,  36.560327
2009, 12,  14.067004,   7.830390,  13.692829,  14.641482,  12.003399,  13.747318,   8.228999,  14.569506,  19.409361,   3.665828,  23.308721
2009,  1,  19.891986,   0.980398,  10.905271,  17.246013,  26.373871,  13.813854,  32.328253,  33.652622,  41.723284,   2.010158,  30.492731
2009,  2,  41.941362,  40.260542,  48.058545,  63.747715,  28.571549,  44.393265,  25.304368,  28.690918,  41.049787,  44.929005, 105.237288
2009,  3,  86.621515,  25.580652,  64.417840, 104.722970,  65.602694,  56.570773,  51.162710,  87.802795,  94.550109, 118.353041, 153.531064
2009,  4,  29.077459,   2.780863,  22.400613,  26.314985,  57.550148,  26.107421,  58.693104,  48.609099,  80.119869,  43.453511,  43.031668
2009,  5,  81.141165,   8.414666,  38.919104,  55.358016,  70.692619,  34.222975, 106.098547,  59.716928,  98.010002,  67.923380, 131.959940
2009,  6,  13.370636,   4.983685,  22.045531,  20.304012,  11.610578,  25.764346,  39.000319,   9.092786,  21.961261,  41.425930,  21.538833
2009,  7,   2.268820,   0.008085,   8.365644,   7.365305,   0.804093,   9.470307,   8.631207,   0.936762,   2.472046,  13.225430,   2.243016
2009,  8,   0.181914,   0.267724,   7.616741,   3.671087,   0.343874,   8.986379,   2.633289,   0.655666,   1.602456,   3.041628,   0.974495
2009,  9,   0.000046,   0.007542,   4.688932,   1.662661,   0.000000,   5.223980,   0.279837,   0.025487,   0.053270,   0.260635,   0.138206
2010, 10,  12.446534,  10.127367,  17.391992,  17.533635,  13.578139,  19.274475,  37.400454,  20.736642,  25.450235,   7.124663,  32.189183
2010, 11,   3.776855,   2.321017,  10.370031,   8.644563,   0.525851,  12.854251,   2.736691,   1.710774,   3.513050,   3.367656,  11.039964
2010, 12,  19.464651,  13.907071,  16.946337,  20.669534,  23.207303,  16.384765,  21.496671,  23.979003,  29.353502,   9.429724,  34.376378
2010,  1,  43.003426,  87.539364,  78.026352,  71.751349,  27.676087,  66.835506,  26.791585,  28.912622,  35.800012, 148.617041,  86.418777
2010,  2,  25.985414,  59.762854,  59.311330,  41.675075,  42.132450,  48.394877,  43.010489,  46.938196,  53.660575, 132.739715,  52.647916
2010,  3,  54.809594,  35.301661,  51.451619,  52.489254,  60.877019,  45.983343,  62.447446,  51.993137,  76.641155, 130.214255,  89.967250
2010,  4,  92.166069,  78.315332,  66.257988,  74.065921,  63.067616,  59.315954,  83.270882,  78.575761, 107.917793, 180.758331, 144.568521
2010,  5,  92.528717,  23.071367,  39.572799,  54.838218,  55.498947,  37.243684,  80.357099,  63.953451, 109.524121, 103.558148,  97.007415
2010,  6,  36.340607,   5.209733,  24.548936,  26.241482,  37.204665,  24.170708, 136.090085,  35.269694,  64.373198,  66.268657,  35.325072
2010,  7,  10.313618,   0.438999,  13.826243,  13.454185,   5.460145,  13.932714,  42.789354,   5.289308,  11.756915,  28.827680,   7.047597
2010,  8,   1.619928,   0.007444,  12.616915,   6.549774,   0.538865,  13.591817,  11.031595,   0.980727,   1.791326,   9.016603,   0.666772
2010,  9,   0.050368,   0.360479,  10.672790,   3.165941,   0.003092,  12.071443,   2.718450,   0.119116,   0.067069,   3.775169,   0.059186
2011, 10,  35.340048,  18.655451,  25.588305,  25.111661,  17.194842,  27.557159,  20.694179,  34.031765,  43.836056,  18.745799,  63.198675
2011, 11,  32.050334,  10.764525,  19.332698,  29.651949,  15.361797,  19.694404,  14.099402,  25.192830,  32.978844,  21.352349,  58.960558
2011, 12, 180.715520,  47.747357,  71.429905, 100.966366,  77.280658,  66.818727,  74.876656, 222.822374, 175.902860, 107.458885, 330.674407
2011,  1,  82.754088,  25.324142,  31.633895,  44.695102,  54.319913,  26.068062,  52.365337, 101.509653,  93.125279,  82.893985, 118.574836
2011,  2,  81.776600,  38.217990,  45.512884,  72.682169,  44.515033,  39.488161,  37.748547,  74.678175,  70.652584,  84.270154, 124.468378
2011,  3, 328.796500, 127.415743, 135.580214, 213.454365, 141.140588, 109.377152, 109.752087, 260.524518, 222.404377, 206.881889, 425.535600
2011,  4, 158.345639,  27.435621,  64.899123, 130.077521, 115.916622,  59.129353, 123.367548, 161.336789, 175.122761, 146.912734, 288.833185
2011,  5, 145.630392,  15.205542,  55.705320,  96.465593, 116.708134,  48.772719, 122.030880, 120.261598, 171.930744, 114.192980, 212.264855
2011,  6,  93.778348,  16.311219,  42.119965,  74.872732,  73.605680,  35.415098, 164.687216,  81.409888, 118.749816,  85.611819, 126.910763
2011,  7,  29.809298,   1.082413,  19.977815,  37.413090,  14.503172,  19.589720,  96.504533,  18.295392,  27.737843,  44.698214,  30.772887
2011,  8,   5.868778,   0.034408,  14.692084,  17.733646,   2.223256,  14.267708,  24.604832,   4.332728,   5.702346,  15.550925,   5.509142
2011,  9,   2.255447,   0.004049,  11.232089,  10.885495,   5.234510,  11.133134,   8.989752,   2.873111,   8.266871,   4.215546,   5.616186
2012, 10,  16.073367,   7.106295,  16.710539,  22.542479,   9.186223,  16.541093,  17.961637,  12.344835,  16.076740,   9.372805,  37.169777
2012, 11,   6.487839,  10.771167,  14.684784,  13.665478,   2.721522,  15.190997,   6.725117,   6.732576,   7.509352,   7.751732,  22.960259
2012, 12,   0.141817,   0.334201,   6.044531,   3.563124,   0.016432,   5.646458,   0.259252,   0.003946,   0.034287,   2.836881,   0.845591
2012,  1,  37.474199,  27.420287,  26.100224,  37.964629,  23.847247,  25.081363,  22.952550,  30.804983,  45.245597,  43.040861,  73.158345
2012,  2,   5.398308,   8.271594,  10.813007,  10.664198,   5.231971,   9.669848,   5.256652,   7.869977,  12.749097,  21.042409,  22.907660
2012,  3, 173.020763,  50.030280,  75.309686, 117.853353,  32.756572,  65.307545,  30.513604,  54.994575,  63.070056, 127.773074, 293.988741
2012,  4, 137.230978,  39.038406,  69.601534, 104.559327,  60.200443,  57.111712,  51.773273,  78.071712,  97.057755, 169.497063, 261.522313
2012,  5,  45.640434,   4.518588,  27.070369,  43.591047,  16.255903,  27.516197,  43.740522,  20.183493,  27.111264,  71.831704,  74.102701
2012,  6,  18.389796,   0.642070,  20.067197,  26.946089,   4.478891,  21.221496,  13.216290,   7.902787,   9.557531,  40.158347,  32.542566
2012,  7,   5.512435,   0.006619,  10.805078,  11.288392,   0.037463,  10.909669,   3.043658,   0.627468,   0.281885,  15.484177,   5.084223
2012,  8,   0.299031,   0.000000,   8.139313,   4.089709,   0.003614,   8.619868,   0.708979,   0.423629,   0.574762,   1.085963,   0.470063
2012,  9,   0.079661,   0.000000,   5.487574,   1.326145,   0.000000,   5.652847,   0.055323,   0.027975,   0.000901,   0.007724,   0.065760
2013, 10,   9.156905,   1.669724,  10.250242,  10.463092,   3.848081,  11.716485,   5.779598,   5.510219,   5.485898,   1.255507,  20.667505
2013, 11,  16.752760,  20.961582,  31.792821,  34.297113,  13.536643,  28.911724,  17.457127,  16.533411,  27.595263,  11.661481,  66.964242
2013, 12, 131.305475,  92.656871, 101.297374, 148.669088,  43.925572,  89.846813,  45.679555,  31.274008,  51.115290, 135.439747, 229.512692
2013,  1,  21.535681,  25.376460,  32.845857,  37.503624,   6.133384,  33.465641,   6.143464,   8.582536,   7.888897,  53.153310,  47.987250
2013,  2,   9.869015,   4.277830,  17.383997,  19.119917,   5.313427,  18.387587,   4.864274,   2.913587,   4.810221,  38.691101,  20.758899
2013,  3,  32.504681,   8.189439,  25.423744,  26.881610,  36.088067,  24.560526,  29.258229,   8.360197,  35.445149,  99.666517,  38.499512
2013,  4,  23.740251,  17.671475,  27.830873,  19.421225,  32.621066,  25.944041,  27.149625,   6.131972,  29.568764,  73.482138,  20.317808
2013,  5,  15.525253,   1.746164,  18.144969,  12.169527,  18.738155,  20.892178,  24.521119,   2.010805,  17.615141,  37.024392,  10.054630
2013,  6,   8.947980,   0.911383,  14.687539,   7.839548,   2.199594,  15.113694,   5.605733,   0.655722,   2.362141,  18.127298,  13.674543
2013,  7,   0.289777,   0.008012,   7.021722,   2.300458,   0.759047,   7.975790,   2.210156,   1.153722,   2.047558,   5.856797,   0.131485
2013,  8,   0.049503,   0.000000,   5.896362,   1.278628,   0.027581,   6.938091,   0.400119,   0.265453,   0.650493,   1.004170,   0.367801
2013,  9,   4.629505,   1.374015,   8.436786,   5.975613,   2.282264,   9.309322,   2.055569,   1.659533,   3.988546,   1.844599,  17.678835
2014, 10,   1.770805,   0.979449,   4.173398,   2.169384,   2.016011,   5.106875,   3.915148,   1.236579,   3.135460,   1.512573,   3.789521
2014, 11,   5.752042,   2.557829,   6.266568,   6.903633,   3.063512,   6.273990,   4.335400,   4.134495,   5.843037,   1.254175,  10.338078
2014, 12,   3.128051,   0.452538,   2.662375,   2.244785,   2.417672,   2.899534,   1.930505,   3.662554,   3.509583,   0.239862,   6.667861
2014,  1,   1.362694,   0.204111,   3.281318,   2.867475,   5.686618,   3.184561,   7.191026,   6.078305,  11.064685,   0.494961,   9.790506
2014,  2,  76.284331,  22.761446,  32.027436,  40.519604,  15.921666,  31.612998,  17.631188,  39.375491,  40.585061,  14.231110, 119.655758
2014,  3,  42.738295,  39.583983,  50.674385,  54.382563,  17.632371,  46.801480,  15.825376,  20.362556,  38.373405,  67.195963, 129.937690
2014,  4,  48.220158,  18.514942,  25.749599,  34.283216,  25.499160,  23.253897,  22.863270,  21.404124,  43.027125,  34.932143,  79.119316
2014,  5,  14.430823,   2.978581,  10.284205,  11.443858,   9.641230,  10.513924,  16.395477,   8.440460,  15.852162,  18.403407,  24.471267
2014,  6,   3.075790,   0.094325,   6.369492,   3.871597,   1.052701,   6.729956,   5.030555,   0.951725,   3.058088,   6.534233,   3.921967
2014,  7,   2.248989,   0.000000,   4.829850,   1.837970,   0.970189,   5.177003,   2.230445,   4.594670,   9.095808,   0.185885,   1.562634
2014,  8,   1.044609,   0.081509,   5.008424,   6.232649,   0.160157,   5.639333,   0.589694,   0.493971,   0.733046,   0.012692,   6.453827
2014,  9,   2.699636,   1.458678,   8.434648,   2.260317,   1.605053,   8.425394,   3.551293,   2.494632,   3.159679,   4.552277,   3.613264
2015, 10,   4.133909,   0.702495,  13.576382,   6.393008,   0.014813,  15.208793,   0.105922,   0.496221,   0.201993,   5.008799,  12.911737
2015, 11,  11.899409,   7.027559,  15.238052,  11.843143,   7.536116,  15.426688,  11.755163,  11.467138,  17.446835,  10.167348,  28.315679
2015, 12,  61.144260, 101.657224,  86.465351,  89.866876,  17.142687,  76.797840,  22.436839,  25.773107,  30.300642, 117.787526, 118.336116
2015,  1,   1.839186,   7.794308,  15.059193,   9.353143,   1.357000,  16.429155,   2.726136,   0.582533,   2.217955,  50.064306,   6.270787
2015,  2,  43.988572,  41.095864,  66.530695,  55.009731,  17.606205,  54.718844,  18.467650,  33.088340,  38.682374, 246.888386,  88.392752
2015,  3,   9.354392,   3.178591,  20.678408,  16.031302,   2.729456,  24.365347,   5.035075,   3.995763,   6.737499,  73.990542,  21.491693
2015,  4,  16.534418,   6.624392,  18.266783,  15.203548,  13.821544,  19.512841,  14.021107,  13.931561,  26.344484,  50.663797,  27.441659
2015,  5,   9.118805,   2.488903,  19.565845,  11.280804,  13.645755,  24.776559,  17.659216,  11.631941,  31.305721,  31.723747,  13.247080
2015,  6,   6.065477,   0.069070,   8.722742,   4.174881,   3.079364,   9.520218,   6.865934,   3.370976,   9.713649,  13.804390,   4.050912
2015,  7,   1.547545,   0.549656,  10.790117,   4.670798,   6.041628,  13.827423,   7.913824,   4.316164,  11.068513,   3.542466,   4.368381
2015,  8,   0.050552,   0.000000,   3.979220,   0.438699,   0.008493,   4.297647,   0.234030,   0.080489,   0.235554,   0.062694,   0.159442
2015,  9,   0.072370,   1.044121,   5.465905,   1.002809,   0.209370,   6.354392,   0.782569,   0.022891,   0.197847,   0.378452,   0.393725
2016, 10,   5.195911,   0.009007,   7.648291,   3.541579,   7.738622,   7.536199,   6.975288,   5.972065,  10.426128,   0.335311,   6.519429
2016, 11,  15.859416,   3.296200,   9.997417,  14.142923,  13.172877,  11.648838,  16.377746,  17.308793,  22.737879,   0.850769,  25.703361
2016, 12,  70.410084,  20.028674,  41.887378,  39.215739,  18.422177,  45.332470,  26.924923,  41.473818,  41.772107,  31.437558,  75.118394
2016,  1,  74.245467,  59.502235,  99.908053,  85.094668,  38.266721,  86.269214,  36.647103,  78.556845,  74.776424, 165.671748, 195.208752
2016,  2, 107.176847,  11.922406,  46.563751,  52.419411,  50.361915,  42.774387,  35.477972,  66.520429,  71.801008, 105.091058, 111.806615
2016,  3, 217.641697,  97.394051, 130.946670, 188.126555, 124.442729,  98.909945,  94.160816, 144.048411, 171.629321, 243.253582, 384.739014
2016,  4,  71.661777,  11.298665,  39.109467,  53.265697,  74.376839,  35.797962,  79.297637,  52.869447,  90.802834, 105.066501,  89.604558
2016,  5,  38.200856,   6.851184,  34.686734,  37.657500,  33.375693,  34.461747,  56.132730,  22.289790,  48.117660,  70.147952,  42.132744
2016,  6,  11.275418,   1.536554,  23.681948,  18.916658,   5.919720,  22.336348,  47.169047,   3.691457,  10.597308,  37.722848,   9.455295
2016,  7,   1.946506,   0.004385,  12.744209,   8.147593,   0.605449,  11.485117,  11.145366,   0.405160,   1.690171,  13.813694,   0.794498
2016,  8,   0.045871,   0.000000,   9.362138,   3.213817,   0.011956,   8.435065,   2.639065,   0.006286,   0.019864,   1.318369,   0.025748
2016,  9,   0.004367,   0.000000,   6.686316,   1.385668,   0.150031,   6.160011,   1.067899,   0.000635,   0.517827,   0.113339,   0.002473
2017, 10,  39.479972,   5.765416,  41.075781,  34.354071,  21.940830,  42.165340,  20.630018,  38.391668,  42.040274,  26.818816,  80.481398
2017, 11,  41.737204,  10.267451,  39.653493,  28.141757,   6.679787,  35.991627,  10.434211,  12.706075,  13.059604,  58.780798,  51.210782
2017, 12, 145.567145,  28.409292,  74.390790,  80.410447,  56.191077,  60.590927,  50.882614,  86.683899,  84.189007, 111.662870, 202.176222
2017,  1, 438.254312, 123.936981, 150.583821, 254.374116, 194.203987, 113.284953, 137.689104, 339.921625, 285.067659, 173.976072, 602.776333
2017,  2, 509.842458, 158.000707, 160.282546, 348.336701, 230.174266, 112.581950, 186.329136, 409.753531, 351.530186, 345.002078, 786.093232
2017,  3, 218.910193,  49.219592,  99.993249, 174.238523, 171.150407,  78.055045, 161.862126, 203.213663, 226.328145, 226.036689, 303.070259
2017,  4, 224.995213,  42.563348, 112.167797, 189.493981, 168.763107,  87.122132, 154.639840, 200.649294, 218.104358, 236.161192, 366.725797
2017,  5,  74.725279,   4.263686,  43.074988,  77.034428, 148.937516,  36.354933, 188.432438,  82.295091, 175.677751, 115.673953,  99.083359
2017,  6,  25.762302,   0.633914,  32.227953,  45.444392,  44.448405,  30.147730, 130.351261,  20.599122,  52.842584,  65.740625,  31.023859
2017,  7,   4.156644,   0.001259,  22.134072,  23.053976,   7.621588,  19.840905,  38.554766,   3.973344,  11.368711,  24.954451,   3.796638
2017,  8,   0.639863,   0.000000,  16.743054,  11.045404,   4.178350,  15.307269,  11.326248,   1.357057,   3.605223,   3.972278,   0.375572
2017,  9,   1.334995,   0.001477,  12.876042,   8.439892,   4.489604,  11.954508,   8.102707,   2.374817,   7.940548,   1.618852,   4.267135
2018, 10,   2.586977,   0.246723,  11.669733,   6.521146,   1.170166,  11.238735,   2.055286,   1.909915,   2.378822,   2.188159,   4.813374
2018, 11,  57.868610,   6.852687,  38.446881,  54.473938,  17.588760,  42.166730,  15.357845,  28.497052,  39.966033,  11.454251, 117.203717
2018, 12,   5.475810,   0.079311,   7.642566,  10.174143,   0.490479,   7.032936,   0.651303,   0.800258,   1.613616,   2.289029,   9.084712
2018,  1,  47.509067,  13.640663,  27.736917,  38.187915,  17.980917,  28.245970,  17.623631,  23.091265,  31.933890,   8.852375,  88.901953
2018,  2,   5.621109,   0.341025,   6.998226,   7.204263,   2.106155,   5.905268,   1.553662,   1.058472,   3.713665,   6.575172,  23.090308
2018,  3, 192.587705,  14.742190,  55.828641, 108.280978,  89.152843,  50.887436,  82.588582, 136.692682, 148.628256,  50.198130, 293.332082
2018,  4, 150.496183,  25.702324,  50.834195,  75.297660, 134.784880,  44.686355, 107.034322, 127.674126, 164.930414,  79.827250, 227.798444
2018,  5,  52.132532,   1.611149,  26.513198,  35.887209,  31.599279,  31.575601,  59.992320,  28.432453,  44.874865,  34.812292,  70.984637
2018,  6,  15.712374,   0.119971,  11.384039,  17.237064,   4.249092,  11.436984,  20.139849,   5.129822,   8.563210,  17.480992,  19.165135
2018,  7,   3.287313,   0.000000,   7.488593,   6.635002,   0.421351,   7.700374,   6.477243,   0.918297,   1.738750,   4.239486,   3.095011
2018,  8,   0.112775,   0.000000,   5.342514,   2.093372,   0.000000,   5.455763,   0.956501,   0.013771,   0.069724,   0.132438,   0.057758
2018,  9,   0.000000,   0.011455,   4.011209,   0.657809,   0.048831,   4.077447,   0.249967,   0.017557,   0.132894,   0.008199,   0.000000
