31OCT1921 2400,31OCT1921 2400,31OCT1921 2400,31OCT1921 2400,31OCT1921 2400,31OCT1921 2400,31OCT1921 2400,31OCT1921 2400,31OCT1921 2400,31OCT1921 2400,31OCT1921 2400,31OCT1921 2400
/CALLITE/I_FOLSM/FLOW-INFLOW//1MON/2020D09E/,/CALLITE/I_MCLRE/FLOW-INFLOW//1MON/2020D09E/,/CALLITE/I_MELON/FLOW-INFLOW//1MON/2020D09E/,/CALLITE/I_MLRTN/FLOW-INFLOW//1MON/2020D09E/,/CALLITE/I_MOKELUMNE/FLOW-INFLOW//1MON/2020D09E/,/CALLITE/I_NHGAN/FLOW-INFLOW//1MON/2020D09E/,/CALLITE/I_OROVL/FLOW-INFLOW//1MON/2020D09E/,/CALLITE/I_PEDRO/FLOW-INFLOW//1MON/2020D09E/,/CALLITE/I_SHSTA/FLOW-INFLOW//1MON/2020D09E/,/CALLITE/I_TRNTY/FLOW-INFLOW//1MON/2020D09E/,/CALLITE/I_YUBA/FLOW-INFLOW//1MON/2020D09E/,/CALLITE/I_WKYTN/FLOW-INFLOW//1MON/2020D09E/
CFS,TAF,TAF,CFS,CFS,TAF,CFS,TAF,CFS,CFS,CFS,CFS
315.25, 0.46, 13.97, 681.38, 13.50, 0.00, 1217.20, 3.00, 2019.78, 123.54, 307.02, 51.75
677.26, 0.96, 18.94, 525.19, 14.32, 0.04, 1658.31, 2.35, 2720.45, 305.13, 365.91, 106.26
4745.17, 97.71, 107.33, 1974.24, 61.22, 15.14, 5368.65, 136.13, 5552.15, 1087.41, 2116.78, 313.52
2085.20, 59.49, 43.96, 1506.92, 32.38, 7.77, 2420.58, 105.10, 2381.07, 1469.65, 1435.07, 70.60
13188.42, 141.78, 131.98, 2195.44, 942.90, 68.50, 16711.33, 201.61, 9697.60, 2297.16, 7525.99, 376.21
7895.44, 154.81, 116.48, 2796.13, 305.78, 41.36, 10361.17, 227.40, 6693.71, 2322.45, 4819.62, 255.84
6532.41, 144.97, 89.41, 3793.82, 401.57, 10.77, 7943.21, 174.48, 4629.54, 2452.50, 3470.63, 164.39
4859.30, 274.13, 153.22, 7862.22, 334.87, 2.74, 5513.34, 509.17, 4251.81, 1879.22, 3448.10, 83.64
2551.88, 125.67, 85.05, 9597.25, 229.12, 0.00, 3451.94, 498.61, 2974.43, 1007.20, 1506.99, 30.87
1306.77, 26.51, 50.12, 4313.29, 131.43, 0.00, 2074.07, 113.10, 2013.79, 332.09, 888.94, 0.00
524.94, 4.81, 27.17, 2519.38, 73.10, 0.00, 1603.25, 21.88, 1577.76, 98.92, 532.97, 4.23
128.69, 0.45, 15.49, 1711.90, 33.14, 0.00, 1052.38, 2.43, 834.99, 27.22, 325.26, 0.00
785.93, 5.93, 27.11, 1418.68, 32.44, 0.27, 2081.54, 22.90, 2741.05, 223.88, 544.27, 94.45
3112.96, 41.26, 65.96, 1944.22, 39.72, 12.87, 3614.81, 58.14, 3053.38, 239.87, 1249.42, 88.36
8348.23, 81.05, 122.89, 1927.27, 297.25, 33.42, 6204.08, 164.96, 6647.28, 1494.58, 3639.85, 252.83
6326.55, 84.25, 133.18, 2038.49, 763.55, 39.99, 5982.37, 194.08, 6618.65, 2086.85, 2643.73, 133.29
5678.33, 50.33, 95.94, 1761.29, 700.05, 9.74, 4803.39, 114.13, 3995.74, 1654.31, 2033.42, 51.96
3258.55, 47.18, 75.07, 1869.16, 287.72, 0.69, 2062.17, 136.90, 1948.83, 1349.37, 1261.55, 14.32
7118.19, 201.34, 152.78, 4425.67, 392.88, 21.90, 5482.96, 342.54, 7337.17, 2669.14, 3624.90, 254.01
2583.32, 217.69, 101.68, 5471.49, 246.67, 0.43, 1821.89, 399.43, 3242.14, 1188.28, 1306.18, 19.12
2139.20, 64.69, 47.72, 4865.47, 171.22, 0.00, 2326.68, 243.79, 4544.25, 872.93, 1058.25, 55.65
711.70, 13.57, 30.53, 2725.35, 82.63, 0.00, 976.18, 55.63, 1658.22, 354.68, 446.11, 0.09
287.82, 2.44, 23.32, 1621.50, 30.78, 0.00, 740.64, 12.10, 1350.62, 90.54, 286.45, 3.91
1006.57, 16.52, 44.12, 1803.51, 19.68, 1.75, 2174.34, 34.83, 3016.71, 168.03, 590.94, 67.36
641.60, 9.26, 19.32, 1070.23, 24.75, 0.01, 1151.50, 14.68, 2348.38, 188.93, 273.89, 44.95
280.12, 3.59, 10.95, 785.37, 17.04, 0.00, 345.00, 6.80, 801.95, 120.63, 154.97, 25.93
1094.45, 6.25, 23.23, 496.93, 16.45, 0.85, 953.69, 15.24, 1696.77, 339.08, 480.63, 54.44
1598.41, 24.09, 44.35, 719.08, 29.21, 3.15, 1653.14, 62.34, 1898.99, 389.99, 547.69, 55.61
1505.56, 23.05, 39.08, 550.59, 72.94, 2.68, 3370.49, 101.97, 3382.49, 1426.94, 1146.67, 118.44
1340.34, 30.10, 45.86, 1127.80, 61.65, 1.14, 1289.65, 73.20, 1748.96, 594.65, 675.79, 32.77
1136.06, 40.56, 45.29, 1371.26, 80.57, 0.13, 860.03, 119.46, 1257.21, 405.02, 494.82, 2.04
237.64, 15.97, 17.86, 1702.91, 22.18, 0.00, 176.13, 50.18, 362.26, 171.15, 152.96, 0.00
86.51, 1.21, 9.15, 856.71, 6.44, 0.00, 157.96, 7.77, 380.76, 41.92, 89.04, 3.27
9.78, 0.07, 6.29, 581.33, 0.01, 0.00, 78.43, 0.43, 249.97, 0.04, 54.41, 0.00
1.23, 0.00, 4.48, 392.73, 0.00, 0.00, 146.21, 0.01, 562.55, 16.23, 33.81, 52.17
68.36, 0.00, 6.60, 266.48, 0.00, 0.00, 363.91, 0.17, 433.01, 2.65, 41.05, 2.23
1488.80, 27.83, 54.10, 1052.83, 0.23, 3.03, 1851.12, 58.13, 2861.21, 389.16, 938.19, 181.16
1699.04, 50.58, 45.38, 1353.35, 6.08, 4.85, 2231.48, 73.44, 4122.85, 2164.28, 651.04, 207.48
2371.73, 25.48, 55.33, 927.53, 8.24, 9.83, 2207.39, 68.71, 3049.92, 1812.11, 1463.44, 152.61
1523.12, 25.51, 29.78, 752.40, 48.82, 3.14, 1548.19, 72.12, 4026.25, 1769.47, 1259.99, 86.06
7883.65, 152.49, 201.11, 3059.36, 693.95, 51.82, 9746.27, 424.77, 15763.93, 8522.21, 4186.45, 1598.57
2914.07, 113.44, 99.70, 2935.99, 78.41, 15.12, 2656.18, 309.65, 5244.05, 3683.82, 2031.04, 416.07
5430.81, 194.37, 132.68, 4301.64, 383.87, 27.19, 4366.95, 354.90, 8918.70, 4891.33, 2218.13, 562.84
2909.03, 144.98, 72.35, 4987.34, 120.64, 2.44, 2488.34, 310.92, 6137.82, 2823.92, 1344.57, 221.92
2016.15, 42.32, 39.93, 3005.91, 77.70, 0.02, 1983.68, 91.72, 4765.77, 1857.03, 864.13, 93.64
990.69, 9.07, 28.49, 2004.53, 30.05, 0.00, 855.10, 20.79, 2617.72, 709.05, 394.74, 11.01
479.55, 2.96, 21.23, 1376.38, 6.72, 0.00, 1039.80, 7.93, 2387.39, 253.76, 329.42, 9.64
473.01, 0.87, 14.97, 850.04, 3.68, 0.00, 1675.95, 5.80, 4159.07, 425.54, 327.89, 56.20
847.03, 15.66, 21.75, 1201.36, 4.97, 0.11, 1279.48, 21.31, 2150.99, 200.91, 349.38, 5.63
1108.78, 8.31, 25.49, 682.71, 6.73, 0.03, 1697.80, 18.79, 2907.73, 478.18, 628.01, 118.43
1364.99, 20.32, 24.79, 794.59, 4.53, 3.18, 1469.76, 29.65, 2953.77, 821.89, 585.99, 80.54
937.64, 19.91, 50.67, 731.09, 2.31, 5.50, 1369.28, 75.75, 2648.14, 1111.88, 1042.57, 172.94
7400.04, 128.61, 92.41, 3429.39, 52.07, 20.06, 12906.79, 229.99, 12644.54, 5216.60, 3793.47, 486.78
1634.18, 64.90, 37.92, 2511.96, 14.77, 0.48, 2050.75, 165.32, 2931.14, 2021.25, 1292.79, 56.85
5660.63, 224.54, 81.18, 5240.86, 10.79, 11.19, 9298.48, 345.61, 7180.94, 2174.10, 3524.31, 168.91
2111.90, 65.78, 24.47, 3886.75, 0.07, 0.01, 3275.50, 123.47, 3560.50, 1154.37, 1291.00, 36.77
848.56, 14.34, 13.25, 2252.12, 0.00, 0.00, 1501.24, 30.09, 1620.91, 440.45, 601.56, 0.51
257.09, 5.59, 10.96, 1599.11, 0.00, 0.00, 1144.84, 10.52, 1351.42, 50.53, 373.75, 0.00
57.17, 0.16, 5.04, 1012.80, 0.00, 0.00, 808.12, 0.23, 995.61, 0.99, 235.76, 5.37
27.17, 0.00, 3.16, 666.99, 0.00, 0.00, 638.08, 0.00, 697.85, 0.49, 149.72, 0.03
699.25, 0.71, 12.31, 634.83, 0.00, 0.50, 1735.15, 2.67, 1983.90, 144.20, 510.22, 78.25
5032.25, 88.24, 123.01, 2401.44, 4.72, 16.25, 7874.59, 166.30, 11322.86, 3311.11, 3080.86, 553.01
1925.53, 36.24, 20.87, 878.54, 16.12, 2.40, 2487.29, 55.05, 6481.54, 3866.91, 1261.92, 410.48
3473.50, 66.08, 62.56, 1605.33, 58.93, 10.39, 4702.26, 157.97, 8693.38, 4104.68, 2457.13, 617.95
11606.08, 197.29, 138.63, 3911.43, 685.51, 43.03, 19118.05, 333.93, 18482.43, 9152.25, 9155.01, 1688.72
5067.42, 116.63, 89.99, 3524.89, 62.18, 9.43, 7303.09, 274.51, 8816.10, 4907.33, 3907.11, 688.92
9691.04, 264.61, 132.03, 5427.49, 593.79, 20.11, 11015.58, 397.55, 12634.88, 5257.59, 5968.57, 600.44
3301.81, 154.41, 50.53, 6453.05, 89.49, 0.41, 4616.86, 287.56, 6734.11, 2549.52, 2260.50, 220.47
2283.88, 35.79, 35.47, 4837.80, 53.19, 0.00, 3379.88, 74.84, 4401.76, 1481.27, 1354.20, 116.79
819.47, 6.48, 17.98, 2528.14, 15.37, 0.00, 2065.49, 13.98, 2666.77, 517.31, 749.04, 16.65
300.68, 2.16, 11.88, 1682.50, 1.87, 0.00, 1465.92, 1.70, 2085.56, 93.96, 455.50, 0.41
204.66, 1.27, 8.80, 1269.65, 0.63, 0.00, 1232.60, 2.90, 1737.17, 40.65, 319.68, 0.58
800.31, 28.02, 48.91, 1583.93, 1.16, 0.97, 1498.68, 77.35, 2003.20, 84.82, 541.65, 46.56
3373.74, 55.70, 46.37, 2021.38, 3.94, 5.87, 5960.09, 103.70, 8559.14, 1225.78, 1784.86, 361.56
1568.37, 19.95, 42.08, 840.74, 3.46, 7.27, 1763.38, 74.94, 2642.67, 1012.65, 1021.55, 171.87
2056.42, 29.07, 43.26, 1255.71, 8.12, 3.77, 2945.95, 111.76, 4114.19, 1646.22, 1158.31, 130.75
1834.64, 63.72, 44.79, 1958.81, 18.67, 7.26, 4018.95, 132.61, 5274.70, 2200.70, 1157.37, 225.49
10675.04, 233.08, 188.33, 3498.04, 819.47, 43.09, 12794.50, 486.72, 11728.59, 3619.51, 6476.00, 465.91
5819.92, 186.49, 98.49, 3837.51, 130.61, 17.37, 6522.66, 385.17, 7074.30, 3422.25, 3492.57, 431.23
2313.73, 83.88, 43.07, 3780.16, 0.25, 0.00, 2980.13, 176.69, 3870.58, 1790.04, 1650.31, 62.62
1323.19, 14.34, 27.15, 2006.15, 0.02, 0.00, 2156.92, 37.68, 2489.92, 928.98, 1005.76, 15.97
536.68, 1.77, 18.62, 1355.47, 0.00, 0.00, 1407.11, 4.61, 2092.20, 256.12, 592.62, 0.59
121.35, 0.07, 10.72, 918.25, 0.00, 0.00, 981.08, 0.10, 1457.73, 32.58, 359.83, 0.55
65.02, 0.00, 6.88, 617.04, 0.00, 0.00, 785.29, 0.00, 1242.22, 14.64, 244.42, 0.87
90.21, 1.03, 5.79, 514.20, 0.00, 0.00, 658.23, 2.38, 1150.72, 47.32, 194.12, 20.77
1558.22, 25.14, 37.13, 1080.21, 0.05, 5.76, 2742.77, 33.79, 4615.22, 433.85, 785.46, 212.99
1657.24, 27.70, 39.11, 878.82, 0.46, 4.58, 2117.09, 40.85, 3787.26, 600.48, 777.94, 141.33
1127.31, 21.79, 29.83, 583.18, 0.24, 4.72, 1317.23, 29.92, 2189.24, 771.17, 541.80, 42.62
2066.01, 23.10, 30.12, 758.15, 0.97, 4.42, 3052.08, 43.23, 4233.46, 1724.87, 1383.53, 171.10
2311.16, 71.85, 59.35, 2207.15, 47.20, 7.63, 1924.00, 155.20, 3091.83, 1145.08, 1184.53, 69.60
2471.97, 109.53, 66.17, 2654.82, 144.73, 6.78, 2226.60, 170.20, 4340.64, 1103.40, 1208.77, 93.11
865.53, 126.86, 25.06, 2593.40, 1.63, 0.00, 481.49, 303.74, 1372.05, 695.71, 582.70, 2.16
2438.23, 57.95, 52.91, 2415.57, 2.19, 1.89, 2249.78, 171.14, 3144.52, 642.45, 1184.16, 60.00
405.25, 6.60, 11.15, 1110.88, 0.06, 0.00, 232.54, 33.51, 696.97, 170.88, 243.32, 0.00
165.58, 0.65, 6.24, 794.07, 0.00, 0.00, 176.54, 4.27, 549.55, 21.32, 149.15, 0.00
66.93, 3.54, 5.70, 652.45, 0.00, 0.00, 120.69, 4.04, 409.31, 4.06, 90.96, 0.00
71.32, 0.10, 3.67, 352.84, 0.00, 0.00, 233.65, 0.01, 904.17, 8.07, 79.60, 5.43
23.49, 0.00, 1.73, 233.93, 0.00, 0.00, 61.10, 0.00, 200.56, 0.03, 34.02, 0.00
5134.92, 25.72, 56.72, 671.18, 2.57, 4.95, 11375.41, 52.91, 8203.96, 1480.26, 3865.68, 288.68
4014.09, 61.19, 83.71, 1239.15, 10.98, 16.69, 6197.98, 92.89, 5896.69, 1361.11, 2446.17, 150.63
3485.12, 53.80, 81.92, 1645.79, 400.09, 15.23, 5315.50, 125.33, 7598.56, 3476.78, 2357.02, 298.78
6128.33, 96.88, 158.68, 2135.27, 849.54, 30.10, 6696.23, 211.95, 5929.59, 2677.44, 3240.07, 202.96
4172.82, 142.20, 146.12, 2610.69, 504.00, 4.90, 4582.89, 277.94, 5032.51, 2037.77, 2311.32, 118.60
2726.06, 105.17, 93.97, 2991.82, 264.24, 2.37, 3582.75, 278.80, 3260.62, 1331.07, 1387.17, 38.80
1290.00, 26.73, 40.52, 1795.76, 172.75, 0.00, 1598.58, 119.83, 1708.75, 681.65, 669.77, 1.63
535.34, 3.56, 27.45, 1125.78, 88.55, 0.00, 1072.59, 21.83, 1210.03, 173.08, 412.18, 0.25
251.96, 0.62, 19.56, 792.76, 38.98, 0.00, 789.73, 5.27, 930.89, 18.33, 266.87, 0.00
200.63, 2.44, 26.22, 557.35, 22.16, 0.00, 1076.61, 18.59, 2528.69, 73.56, 298.39, 15.61
358.87, 7.02, 17.18, 634.14, 23.72, 0.02, 1166.10, 11.64, 1214.61, 33.84, 148.37, 14.11
2299.56, 45.78, 76.89, 1083.95, 30.55, 7.14, 1963.01, 57.24, 1714.25, 172.03, 969.87, 80.09
210.40, 0.12, 10.20, 259.10, 35.10, 0.00, 424.39, 3.60, 684.23, 104.92, 131.53, 37.34
2176.18, 39.68, 84.46, 940.05, 106.73, 12.66, 2724.37, 100.63, 4068.35, 1565.64, 1248.36, 202.00
1518.83, 28.91, 54.98, 976.84, 51.65, 6.65, 1484.19, 80.76, 2688.40, 1218.56, 924.94, 87.02
1575.56, 38.58, 53.67, 1065.07, 29.02, 4.13, 2238.40, 111.26, 3461.58, 1721.20, 1218.98, 64.57
919.91, 43.52, 47.51, 1186.05, 19.53, 0.36, 1033.07, 136.69, 1318.60, 1133.46, 694.95, 11.57
1075.90, 44.28, 38.18, 1849.89, 10.92, 0.28, 1773.48, 97.08, 1340.44, 777.73, 642.86, 12.63
1003.22, 13.11, 24.90, 1111.05, 3.24, 0.13, 848.30, 38.12, 2104.51, 837.93, 506.54, 99.03
121.71, 0.23, 8.39, 552.87, 0.00, 0.00, 85.73, 3.48, 362.95, 248.19, 121.11, 0.00
29.83, 0.85, 8.07, 458.31, 0.00, 0.00, 87.23, 3.67, 281.54, 34.59, 72.88, 0.00
83.28, 1.56, 6.95, 395.55, 0.00, 0.00, 183.59, 2.99, 591.61, 10.00, 132.29, 0.13
1168.04, 1.65, 22.65, 323.87, 0.41, 0.12, 1754.63, 5.29, 2978.47, 159.72, 731.73, 83.38
1765.26, 26.63, 48.50, 820.40, 3.49, 8.37, 1823.99, 35.60, 1652.13, 197.29, 869.22, 115.67
4803.49, 108.72, 120.67, 2360.82, 231.42, 37.10, 5123.59, 166.55, 6962.77, 1139.83, 2124.62, 278.38
3463.41, 84.38, 75.09, 1969.16, 304.66, 32.38, 3840.39, 154.68, 3490.16, 1052.19, 2092.47, 80.63
7260.58, 244.76, 148.99, 5418.56, 1158.94, 62.74, 4305.57, 273.65, 3639.13, 1181.27, 2390.93, 35.13
3671.92, 113.81, 165.72, 4919.48, 590.47, 3.18, 2835.38, 179.83, 3935.43, 2201.70, 1691.60, 51.92
4113.11, 117.08, 152.07, 5200.28, 366.99, 3.13, 3551.83, 242.42, 4094.41, 2060.12, 2163.87, 89.97
3636.82, 250.36, 145.34, 6558.16, 253.70, 2.14, 2892.49, 455.63, 4499.05, 1863.29, 2958.39, 60.22
1977.65, 119.44, 60.48, 5985.04, 154.77, 0.02, 1661.52, 189.49, 2090.82, 950.89, 1508.75, 0.68
852.07, 25.43, 40.51, 2869.09, 80.76, 0.00, 755.43, 43.00, 1283.65, 373.79, 697.98, 0.14
357.27, 3.99, 24.92, 1930.23, 28.81, 0.00, 542.38, 6.06, 944.07, 105.88, 425.30, 0.00
150.31, 0.87, 16.91, 1339.05, 6.96, 0.00, 400.55, 3.56, 628.51, 14.95, 269.30, 0.00
155.61, 0.74, 10.85, 1035.43, 6.72, 0.00, 452.10, 0.15, 731.71, 16.09, 193.75, 0.31
184.04, 1.28, 15.12, 622.16, 4.99, 0.42, 489.31, 6.53, 1570.20, 165.47, 262.96, 62.02
1511.81, 19.02, 27.40, 917.95, 10.13, 4.34, 1750.93, 23.16, 1838.51, 198.14, 435.42, 124.27
2419.08, 57.81, 66.41, 1525.29, 7.83, 16.98, 2859.00, 89.15, 3069.48, 521.54, 1215.56, 174.49
1071.31, 21.86, 35.36, 900.51, 3.72, 5.83, 1308.88, 48.02, 1041.26, 331.87, 808.91, 40.13
3327.58, 84.16, 117.28, 2608.62, 416.86, 10.85, 4973.34, 137.22, 6649.16, 2642.57, 1847.20, 183.07
1814.18, 86.01, 106.81, 2206.98, 721.63, 0.51, 1527.44, 135.28, 2315.91, 2142.69, 1228.21, 21.23
3613.12, 103.10, 143.64, 2875.96, 593.74, 7.02, 2574.49, 184.82, 4033.67, 1582.81, 1726.09, 61.51
1417.04, 52.66, 58.18, 2532.48, 313.60, 0.00, 522.29, 92.79, 1123.74, 863.61, 952.50, 0.90
551.35, 6.44, 33.60, 1327.35, 171.07, 0.00, 367.40, 15.64, 1035.53, 292.74, 448.45, 0.00
234.99, 0.51, 23.74, 917.05, 90.64, 0.00, 306.93, 1.43, 874.80, 54.29, 276.75, 0.00
188.95, 0.01, 17.34, 592.26, 59.04, 0.00, 372.69, 0.52, 831.74, 37.35, 220.75, 5.92
407.12, 4.78, 48.67, 517.58, 34.36, 7.16, 657.85, 23.44, 1221.29, 72.72, 928.84, 60.36
1882.23, 11.32, 7.70, 720.28, 45.26, 0.52, 1933.97, 2.98, 1478.61, 34.85, 126.21, 0.07
3611.09, 76.10, 95.75, 2074.84, 41.79, 20.85, 3787.43, 101.52, 4872.45, 803.72, 1724.69, 287.54
2983.49, 48.98, 64.17, 1466.09, 144.69, 8.44, 3517.25, 139.44, 4455.24, 1847.64, 1571.16, 124.40
2972.11, 65.53, 85.77, 2072.79, 135.61, 19.56, 3711.87, 150.58, 5606.46, 1525.92, 1914.87, 169.66
1562.37, 75.37, 36.03, 2156.94, 122.61, 1.50, 1926.52, 142.55, 3450.52, 1829.38, 1136.66, 88.03
1249.79, 19.75, 19.13, 2008.19, 37.02, 0.02, 1774.89, 37.23, 2733.25, 1447.11, 754.84, 135.93
1131.67, 9.90, 32.28, 1566.75, 21.76, 1.08, 1495.62, 26.04, 2943.88, 1199.84, 577.78, 37.46
1106.75, 8.40, 20.23, 1178.13, 13.65, 0.01, 1405.28, 19.01, 3095.48, 658.81, 493.34, 12.68
143.04, 0.05, 4.38, 576.79, 1.50, 0.00, 307.41, 0.29, 826.44, 191.54, 127.80, 0.01
43.32, 0.65, 6.74, 441.19, 0.00, 0.00, 282.36, 1.88, 609.92, 18.98, 94.07, 0.03
389.58, 4.99, 16.22, 458.13, 0.18, 0.15, 753.39, 12.71, 895.89, 29.19, 298.79, 5.90
548.33, 14.25, 29.67, 679.69, 0.17, 0.98, 905.64, 24.62, 1350.45, 156.02, 356.66, 83.16
2855.33, 47.37, 60.42, 1427.60, 4.01, 6.15, 4007.26, 63.68, 5759.59, 1572.70, 1461.44, 259.18
1107.68, 32.51, 34.14, 1032.16, 2.82, 6.26, 1642.75, 65.43, 2740.33, 1190.34, 1026.55, 87.47
4336.35, 134.50, 115.39, 2716.10, 304.66, 20.46, 7146.76, 259.15, 7701.60, 2583.61, 2748.19, 259.62
1959.12, 61.66, 95.07, 2670.19, 466.24, 4.31, 2633.53, 158.84, 3944.41, 2242.10, 1682.04, 230.02
4275.98, 99.51, 116.97, 3310.05, 448.62, 26.91, 7753.71, 184.65, 6406.33, 2285.74, 2170.53, 251.08
11165.25, 358.89, 414.78, 7275.48, 2670.57, 69.13, 12167.37, 542.99, 12222.46, 4646.51, 5868.09, 696.35
3634.24, 271.59, 147.06, 7115.78, 572.94, 2.46, 4075.11, 416.65, 4501.98, 2414.44, 2130.52, 107.79
2110.69, 73.11, 71.26, 4727.01, 329.79, 0.00, 2714.75, 122.61, 2834.53, 1233.55, 1149.93, 22.20
1011.09, 15.89, 52.82, 2795.84, 209.75, 0.00, 1751.94, 26.57, 2056.40, 476.11, 696.00, 3.33
389.43, 3.96, 37.05, 1988.81, 109.96, 0.00, 1271.74, 5.27, 1466.95, 108.39, 422.18, 26.76
140.66, 0.49, 20.56, 1296.59, 64.40, 0.00, 971.84, 0.04, 1130.01, 71.22, 263.70, 13.33
1094.22, 13.97, 41.38, 1282.16, 61.57, 0.17, 1626.34, 25.80, 2383.83, 123.54, 539.33, 48.97
972.38, 14.48, 25.62, 981.85, 56.63, 1.62, 1276.97, 22.26, 1348.33, 145.77, 382.39, 30.28
1002.90, 15.91, 27.51, 782.86, 40.44, 2.97, 1807.73, 23.73, 3456.16, 569.83, 563.54, 165.38
7351.15, 96.85, 195.30, 1847.00, 705.47, 29.44, 8984.99, 224.99, 11670.69, 5052.21, 4357.17, 505.76
15613.13, 385.01, 523.49, 6661.35, 5041.90, 171.66, 13560.35, 523.39, 10525.47, 3760.61, 8317.95, 670.34
5108.94, 231.05, 246.95, 4900.35, 1323.56, 19.87, 4269.86, 399.08, 3767.54, 2597.80, 3417.98, 225.94
7496.59, 247.50, 242.93, 6288.43, 1834.56, 17.26, 5782.56, 398.77, 5096.12, 2112.75, 3657.11, 232.83
3613.34, 111.75, 107.55, 5832.75, 712.10, 0.68, 2944.10, 214.59, 3315.88, 1338.05, 1706.48, 73.83
3535.70, 32.92, 94.09, 3460.37, 514.22, 2.57, 2957.31, 74.66, 4120.81, 1062.06, 1510.54, 78.23
1061.33, 8.14, 48.32, 2267.42, 294.27, 0.02, 1172.50, 16.41, 1623.45, 389.75, 609.76, 11.01
377.01, 0.71, 29.97, 1457.38, 157.42, 0.00, 875.00, 2.45, 1157.56, 61.85, 392.50, 0.00
451.26, 0.66, 20.61, 991.99, 101.50, 0.00, 1029.10, 1.55, 1313.14, 15.59, 283.30, 0.51
205.47, 6.89, 24.07, 1117.12, 72.68, 0.24, 468.36, 15.10, 577.04, 1.67, 170.63, 1.40
205.34, 5.72, 10.94, 702.51, 57.43, 0.20, 346.51, 3.05, 421.64, 1.71, 107.96, 0.04
1466.39, 67.45, 61.02, 2057.98, 51.16, 12.08, 1404.16, 85.87, 1707.38, 177.46, 584.71, 153.94
1792.93, 34.35, 40.96, 899.76, 40.01, 14.55, 1526.13, 52.23, 1912.76, 65.69, 840.22, 79.09
7549.29, 250.62, 161.41, 6699.78, 713.57, 77.85, 7230.75, 404.44, 6459.21, 717.15, 3342.96, 314.59
5890.65, 252.19, 249.68, 6894.45, 1523.70, 80.23, 9199.08, 359.79, 10805.61, 2531.93, 2842.73, 429.46
5239.19, 244.74, 222.13, 6562.93, 915.04, 15.94, 4832.93, 314.91, 6957.44, 3541.18, 2627.60, 285.87
4298.73, 255.82, 279.38, 7418.60, 1401.64, 0.18, 2329.68, 464.69, 3849.94, 3610.73, 2083.85, 43.60
2489.10, 45.50, 100.35, 4873.72, 502.60, 0.54, 2426.20, 107.48, 4731.26, 1959.81, 1267.40, 92.51
1018.58, 11.54, 66.30, 2835.40, 303.99, 0.00, 1128.43, 26.98, 2680.47, 921.99, 615.29, 0.49
335.27, 0.83, 39.73, 1891.94, 175.36, 0.00, 720.77, 1.83, 1460.43, 363.77, 366.24, 0.00
171.23, 1.84, 25.84, 1287.62, 108.25, 0.00, 517.51, 2.03, 1071.49, 158.03, 224.99, 0.46
805.93, 3.31, 31.94, 916.20, 83.79, 0.10, 1762.29, 7.68, 3405.94, 306.03, 475.42, 100.30
2798.48, 21.28, 49.36, 996.76, 75.98, 1.60, 7126.22, 36.47, 10364.64, 2685.24, 1690.43, 453.45
6174.25, 201.37, 169.86, 4803.23, 149.27, 21.09, 12693.80, 353.01, 14432.81, 4638.63, 4341.87, 752.34
2758.37, 133.14, 102.73, 2604.26, 206.82, 15.22, 5477.24, 223.64, 9031.92, 3694.04, 2387.16, 576.53
16059.22, 355.49, 281.75, 6375.55, 2637.26, 127.49, 31132.45, 401.29, 31292.40, 13058.74, 11987.92, 2814.00
17726.20, 507.06, 504.93, 11201.33, 3555.04, 126.93, 24376.93, 638.57, 26271.02, 9765.32, 12201.25, 2146.31
9085.47, 337.93, 370.14, 8368.74, 2257.16, 22.20, 11772.41, 496.66, 13923.09, 6864.04, 6334.27, 849.68
6991.46, 365.64, 428.75, 9813.22, 2821.21, 3.60, 7499.30, 630.50, 8861.67, 4995.51, 3737.16, 376.96
3306.01, 108.96, 165.98, 9595.97, 1319.70, 0.00, 5275.46, 247.62, 6234.99, 2498.77, 2028.64, 218.27
2067.30, 27.42, 100.23, 4242.25, 682.15, 0.13, 3684.61, 51.18, 4976.64, 1088.15, 1231.70, 95.50
760.60, 5.37, 60.71, 2808.06, 429.67, 0.00, 2537.22, 7.44, 3537.62, 429.78, 719.36, 37.16
390.05, 3.37, 45.08, 2041.63, 274.80, 0.00, 1998.87, 10.00, 3098.54, 219.22, 491.46, 49.70
1171.03, 22.42, 65.68, 1862.02, 228.44, 1.26, 2322.36, 53.80, 4348.74, 523.06, 729.96, 214.42
1347.15, 16.49, 36.85, 1338.98, 189.07, 1.03, 1951.10, 25.78, 3448.24, 674.46, 534.49, 159.72
1040.99, 10.73, 30.71, 1033.07, 135.31, 1.52, 1817.60, 21.00, 2782.60, 1762.54, 406.68, 164.96
1637.42, 28.45, 59.47, 1143.64, 101.23, 7.51, 2351.76, 66.07, 4168.39, 2139.03, 926.05, 205.90
2086.99, 37.51, 41.68, 1162.15, 89.19, 8.98, 2386.94, 78.81, 3158.46, 1401.78, 962.21, 143.03
3353.66, 95.47, 129.33, 2236.24, 733.40, 9.07, 3452.45, 224.90, 6686.49, 3578.77, 2006.19, 376.23
1018.86, 90.25, 69.31, 2690.32, 226.48, 0.37, 696.79, 166.58, 2026.85, 1627.08, 935.43, 54.37
1773.13, 25.49, 59.71, 2010.24, 119.54, 2.98, 1753.45, 58.52, 3184.03, 1202.38, 954.42, 130.68
400.77, 4.24, 23.07, 1226.29, 75.14, 0.00, 426.20, 10.05, 1408.76, 643.84, 329.21, 13.00
130.19, 0.16, 14.94, 731.24, 29.25, 0.00, 191.66, 1.51, 1339.02, 163.68, 183.65, 8.53
39.53, 0.15, 9.66, 569.96, 2.23, 0.00, 230.30, 0.65, 712.99, 5.19, 116.43, 0.13
420.21, 10.95, 32.12, 827.81, 2.51, 0.03, 329.42, 24.41, 1448.48, 40.71, 192.84, 12.31
1015.81, 24.87, 39.18, 1069.41, 9.37, 0.77, 1445.46, 42.53, 1832.27, 29.20, 577.09, 17.35
252.44, 1.87, 12.66, 166.70, 4.89, 0.38, 290.21, 7.43, 581.10, 47.38, 145.11, 27.41
709.19, 9.09, 17.25, 362.88, 4.04, 0.67, 1930.46, 11.67, 7392.79, 2430.30, 481.28, 410.99
8764.94, 273.70, 204.80, 5066.06, 416.78, 38.23, 11339.11, 467.55, 18104.99, 7537.73, 4828.04, 1028.45
8391.61, 237.83, 262.52, 4177.11, 1248.59, 59.07, 14579.03, 389.53, 28089.52, 12910.00, 8963.62, 1994.73
12307.36, 273.25, 297.72, 5214.04, 1746.98, 53.26, 20943.07, 478.61, 20884.85, 9709.66, 9887.99, 1629.43
10321.83, 240.02, 155.12, 5714.25, 1281.89, 24.30, 15694.32, 370.44, 14636.43, 6739.12, 4499.58, 1114.77
3602.19, 110.98, 80.68, 5328.87, 313.24, 0.76, 5865.77, 235.29, 8507.82, 4112.33, 2473.83, 380.00
2046.03, 16.27, 48.12, 2859.86, 180.80, 0.00, 4070.43, 43.93, 5758.92, 2454.72, 1402.30, 204.50
859.65, 3.38, 32.16, 1977.90, 85.11, 0.00, 2655.50, 7.39, 3914.10, 1140.66, 836.62, 85.00
265.36, 0.20, 21.57, 1311.82, 25.20, 0.00, 1904.84, 0.27, 3013.95, 346.95, 509.28, 20.90
233.56, 0.36, 15.44, 912.76, 14.18, 0.00, 1960.54, 1.05, 3816.88, 362.60, 463.21, 55.52
706.19, 11.94, 27.90, 1362.13, 10.95, 0.39, 2399.48, 20.77, 4502.03, 413.94, 529.34, 137.67
1871.83, 5.91, 21.26, 573.84, 18.85, 0.60, 3159.34, 11.00, 4058.98, 541.56, 952.91, 91.92
6191.15, 118.12, 163.45, 2684.49, 212.25, 20.22, 11331.79, 193.29, 20639.52, 9546.05, 3935.58, 1394.78
7069.08, 132.01, 148.42, 2531.23, 961.00, 22.81, 14033.99, 184.77, 25412.44, 10709.74, 5393.67, 2049.08
7652.68, 269.01, 230.89, 4247.55, 1324.49, 37.02, 17176.92, 331.65, 27260.81, 10844.01, 7090.50, 1887.09
6873.54, 211.69, 279.33, 4364.33, 1991.90, 41.13, 12204.42, 297.05, 22547.30, 10340.37, 4995.19, 1509.71
7551.99, 189.27, 206.91, 4457.14, 1031.11, 27.17, 13701.48, 281.82, 25643.30, 11251.95, 5374.34, 1824.12
4862.43, 266.27, 189.54, 7586.21, 776.53, 1.23, 7539.61, 505.35, 13051.22, 5580.36, 3172.52, 644.24
2567.12, 130.68, 109.23, 7444.04, 431.01, 0.00, 4439.69, 345.85, 8884.86, 3552.09, 1617.93, 361.75
1138.76, 26.67, 55.03, 3335.47, 249.13, 0.00, 3091.32, 70.18, 5612.57, 2002.83, 988.65, 165.15
464.71, 7.90, 36.79, 2330.83, 138.56, 0.00, 1989.66, 16.37, 4933.85, 984.22, 548.59, 106.56
306.55, 1.41, 25.12, 1559.42, 89.24, 0.00, 1593.35, 2.39, 3678.87, 585.76, 377.35, 60.25
657.97, 9.25, 32.65, 1368.42, 66.21, 0.01, 1578.24, 17.20, 3411.45, 461.30, 401.66, 124.57
1623.22, 16.29, 40.80, 1151.76, 58.86, 1.04, 2180.29, 36.82, 3965.93, 484.18, 814.93, 172.63
6012.99, 116.92, 138.61, 2631.62, 132.68, 20.14, 12346.33, 203.04, 17171.88, 6086.21, 4016.94, 747.44
9595.79, 157.67, 266.74, 3115.09, 2254.39, 48.62, 13590.70, 281.80, 19306.78, 6227.81, 6267.59, 756.74
12869.83, 154.72, 219.62, 3125.30, 1419.29, 42.37, 20556.10, 238.27, 27771.00, 10461.46, 9728.31, 1862.28
5173.08, 133.28, 152.32, 3359.72, 710.75, 13.78, 7372.71, 188.83, 9597.87, 3766.41, 3498.13, 333.84
8391.98, 319.24, 272.78, 5730.77, 1311.69, 28.23, 13286.34, 394.79, 17137.25, 5797.42, 6106.47, 894.27
8616.99, 321.07, 287.44, 6828.54, 1331.40, 24.18, 9875.79, 484.61, 13140.28, 4351.72, 4848.55, 444.14
3931.34, 171.81, 134.67, 5863.71, 614.40, 0.26, 4979.04, 347.26, 7203.93, 2581.89, 2339.90, 183.57
1868.59, 28.62, 74.53, 3033.85, 333.24, 0.00, 3323.67, 66.06, 4801.94, 1212.20, 1425.99, 54.13
818.10, 5.73, 49.19, 2070.92, 165.85, 0.00, 2358.12, 12.42, 4107.71, 423.66, 867.52, 15.24
424.96, 0.82, 32.62, 1424.97, 101.26, 0.00, 1701.79, 1.64, 2992.69, 142.11, 543.44, 6.69
361.28, 2.15, 27.72, 975.22, 70.52, 0.01, 1359.97, 5.90, 2348.33, 109.43, 388.78, 33.48
5686.19, 92.68, 117.92, 2267.45, 97.04, 20.03, 4996.05, 129.16, 6150.46, 703.83, 2729.30, 258.79
4152.45, 50.69, 94.76, 1377.20, 237.30, 12.61, 3976.30, 149.68, 6428.45, 2047.67, 2649.62, 257.71
12010.36, 320.58, 347.04, 4964.35, 2201.74, 79.13, 17131.01, 418.63, 16293.92, 5886.60, 8799.42, 700.24
7721.08, 208.72, 199.83, 4730.06, 1115.91, 36.64, 9750.04, 278.77, 11808.43, 4051.12, 3876.32, 509.85
13417.10, 464.34, 387.24, 7605.01, 2079.17, 89.96, 11865.80, 626.61, 9870.59, 3451.73, 7760.32, 473.28
6443.20, 190.27, 181.34, 6404.67, 765.45, 12.22, 7207.01, 397.17, 9866.02, 3379.74, 3733.43, 401.82
4191.89, 142.96, 109.03, 6758.64, 528.63, 0.73, 4606.18, 205.69, 6560.05, 2027.12, 2077.55, 154.69
3679.31, 39.21, 71.71, 4187.60, 331.29, 0.38, 4266.74, 63.41, 6311.77, 1351.52, 1492.93, 120.40
1334.07, 6.92, 47.30, 2489.45, 150.68, 0.00, 2189.92, 11.37, 3037.58, 508.57, 745.45, 6.88
457.74, 1.04, 27.92, 1680.74, 66.40, 0.00, 1403.23, 0.75, 2193.17, 123.78, 443.70, 0.12
103.66, 0.30, 18.03, 1169.49, 20.03, 0.00, 1024.84, 1.22, 1597.83, 8.16, 272.16, 0.00
601.62, 11.10, 31.23, 1038.35, 19.75, 0.36, 1468.58, 22.56, 2509.51, 178.62, 463.89, 62.75
595.22, 9.74, 18.39, 818.93, 19.33, 0.04, 1473.56, 17.01, 2662.05, 218.60, 345.02, 127.46
1156.60, 17.73, 33.23, 980.83, 18.45, 2.76, 1599.96, 24.60, 1685.13, 127.36, 515.43, 51.31
2527.57, 45.25, 67.45, 1253.29, 24.33, 7.58, 2971.08, 72.34, 3305.12, 491.21, 1216.12, 156.11
2975.91, 57.23, 81.60, 1610.15, 155.14, 17.33, 5545.38, 115.05, 7064.78, 2358.65, 2404.51, 589.60
4415.70, 78.05, 96.71, 2488.98, 497.84, 19.30, 8683.98, 172.03, 6219.07, 1934.67, 2528.60, 375.56
3216.22, 111.48, 138.03, 2684.97, 435.67, 9.61, 3816.65, 183.80, 5193.25, 1267.70, 1609.89, 171.06
2169.54, 159.39, 118.15, 4372.55, 233.13, 0.99, 1978.99, 268.29, 2468.86, 974.83, 902.61, 99.77
1405.84, 35.34, 50.87, 3318.71, 144.77, 0.03, 1768.08, 64.52, 4781.72, 860.70, 631.11, 129.56
495.19, 5.93, 29.09, 1789.35, 80.35, 0.00, 969.66, 11.03, 1711.09, 280.24, 290.82, 4.81
177.56, 0.35, 18.90, 1207.14, 36.33, 0.00, 579.72, 0.68, 1173.16, 68.87, 154.50, 12.14
154.27, 0.07, 15.30, 830.64, 12.20, 0.00, 509.10, 1.19, 939.52, 9.34, 137.17, 0.03
177.69, 4.55, 35.00, 684.02, 10.46, 2.84, 649.57, 19.10, 1315.75, 59.88, 401.92, 126.67
5305.91, 91.93, 125.45, 2753.15, 53.49, 18.33, 5877.92, 119.94, 8167.77, 1362.50, 2161.52, 390.84
2413.62, 29.16, 63.26, 1219.21, 146.35, 9.25, 4047.78, 82.53, 7861.17, 2066.95, 1655.89, 390.99
1330.30, 7.27, 46.10, 781.87, 63.20, 1.76, 1561.74, 50.35, 3628.89, 1493.71, 884.44, 204.47
10430.27, 203.92, 308.12, 5082.98, 1756.18, 56.64, 15028.63, 341.30, 17259.37, 5973.47, 5560.16, 1386.62
6179.42, 145.92, 200.28, 3852.88, 758.85, 49.98, 6471.01, 234.13, 9435.42, 3152.00, 2692.91, 683.06
4490.66, 184.35, 186.68, 4321.28, 845.51, 6.95, 3856.25, 274.35, 5953.43, 2368.73, 1927.56, 296.42
3782.23, 223.19, 159.62, 6719.43, 456.45, 1.11, 4474.04, 337.92, 8999.32, 1969.98, 1752.22, 307.12
2708.45, 61.72, 100.28, 5414.40, 380.73, 1.14, 2785.51, 113.37, 5849.84, 1293.13, 1114.60, 93.55
1005.35, 11.09, 56.66, 2731.71, 191.31, 0.00, 1357.03, 19.08, 2962.37, 435.19, 500.92, 10.77
449.78, 2.17, 34.90, 1926.04, 98.85, 0.00, 903.04, 4.80, 2214.13, 68.89, 303.33, 1.31
177.72, 1.50, 24.29, 1374.83, 52.56, 0.00, 761.77, 3.86, 1698.56, 4.58, 186.88, 0.05
946.36, 24.41, 87.64, 1744.29, 44.98, 4.91, 1466.44, 79.21, 4163.71, 366.51, 1024.90, 339.29
5311.29, 58.29, 78.76, 2297.16, 110.08, 9.95, 5739.21, 84.69, 11180.11, 2245.43, 1829.72, 451.59
10792.79, 157.32, 301.37, 2891.80, 2122.96, 42.03, 14569.07, 287.15, 23237.46, 7266.88, 5963.73, 1834.07
5211.30, 76.85, 180.23, 2008.26, 1159.39, 17.92, 5626.08, 171.04, 13705.06, 5035.81, 2951.17, 1197.98
4365.60, 43.64, 123.35, 1819.93, 619.60, 12.14, 5085.82, 90.83, 10740.65, 3561.81, 2445.63, 450.73
5747.19, 112.41, 194.13, 2743.37, 868.03, 22.80, 4978.21, 209.97, 10223.82, 3016.89, 3435.04, 367.73
5947.62, 227.61, 186.37, 4886.88, 1153.93, 5.92, 3877.35, 287.37, 6642.03, 2124.35, 2182.43, 239.26
3286.58, 162.40, 133.65, 5099.05, 511.12, 2.38, 2303.63, 230.34, 5199.12, 1271.15, 1500.67, 157.17
1533.81, 29.77, 56.83, 2606.40, 338.94, 0.00, 1378.55, 43.41, 3380.88, 620.35, 765.33, 49.29
754.35, 6.14, 46.42, 1852.91, 181.93, 0.00, 1295.40, 11.46, 3347.40, 137.51, 557.41, 29.70
155.60, 0.68, 25.46, 1235.62, 90.96, 0.00, 703.97, 1.28, 1958.23, 2.89, 285.35, 0.37
310.52, 2.64, 21.77, 894.11, 61.13, 0.00, 688.87, 7.03, 1498.69, 4.02, 278.95, 1.09
829.02, 23.41, 36.10, 1475.83, 58.69, 0.62, 838.46, 29.83, 1946.90, 51.48, 271.65, 24.40
4292.59, 87.79, 129.22, 2331.18, 93.60, 15.81, 4953.43, 144.26, 6328.39, 882.46, 1822.56, 323.78
2010.98, 91.43, 60.93, 2453.16, 100.48, 6.38, 2549.28, 130.66, 4035.44, 1094.62, 1462.91, 203.47
1131.56, 33.10, 41.44, 1468.47, 60.84, 3.13, 616.77, 56.37, 1956.87, 623.21, 648.37, 63.78
3197.10, 77.10, 86.64, 1868.33, 283.15, 7.83, 5093.82, 119.56, 8178.56, 3257.85, 2016.39, 438.84
5046.58, 104.29, 153.93, 1908.40, 447.86, 16.46, 6975.99, 199.71, 12788.08, 4087.32, 3459.10, 1049.31
3699.75, 86.70, 84.53, 2377.36, 321.24, 3.20, 4139.99, 130.46, 6217.09, 2091.40, 1659.15, 320.60
1475.82, 38.32, 48.19, 3013.91, 154.86, 0.09, 1572.01, 54.46, 4212.66, 1105.11, 887.74, 135.79
1757.95, 10.29, 33.19, 1585.61, 102.92, 0.02, 2359.61, 13.09, 9284.32, 2298.01, 935.87, 407.05
361.42, 0.62, 16.62, 1004.53, 48.99, 0.00, 725.12, 0.65, 2951.33, 718.44, 298.78, 47.53
88.58, 0.02, 11.01, 693.87, 13.83, 0.00, 578.95, 0.02, 2307.53, 229.07, 183.82, 31.32
26.69, 1.56, 7.88, 702.70, 3.37, 0.00, 455.17, 0.89, 1990.33, 41.91, 114.27, 2.77
2495.36, 24.05, 66.02, 907.93, 9.11, 4.17, 3445.39, 50.54, 6528.27, 751.46, 1350.18, 387.02
1061.82, 8.47, 21.14, 528.35, 15.41, 1.33, 1397.32, 17.08, 2705.35, 422.39, 398.40, 58.91
352.93, 7.77, 11.80, 556.71, 9.87, 1.01, 644.57, 9.84, 2094.92, 386.27, 208.50, 80.57
2253.97, 16.40, 34.61, 351.54, 10.74, 2.32, 5568.32, 46.37, 13966.14, 4234.70, 2016.91, 719.87
1748.39, 21.01, 47.12, 660.15, 21.92, 8.44, 1709.19, 55.45, 4701.60, 1593.59, 954.32, 172.06
4076.13, 85.01, 96.05, 1384.31, 170.99, 30.34, 7709.59, 140.73, 12205.41, 2476.43, 1875.08, 715.90
8689.06, 285.91, 218.35, 3681.35, 1109.53, 46.39, 13369.91, 367.81, 21481.94, 4722.22, 4849.39, 1684.62
6391.86, 223.30, 209.53, 3487.69, 660.58, 9.87, 7450.92, 336.80, 12421.53, 4168.33, 3662.44, 728.55
3183.48, 53.91, 75.16, 2417.71, 232.88, 0.33, 5075.04, 85.70, 11578.39, 3108.16, 1928.28, 303.03
1511.87, 7.36, 45.93, 1348.33, 133.32, 0.00, 2522.71, 14.11, 5844.71, 1552.58, 1032.98, 122.09
703.28, 0.23, 30.25, 908.06, 71.28, 0.00, 1787.00, 0.97, 4728.86, 679.12, 629.62, 68.15
304.96, 0.00, 22.74, 618.68, 32.11, 0.00, 1423.63, 0.65, 4252.19, 427.51, 413.33, 67.54
264.04, 3.40, 19.93, 604.01, 26.28, 0.00, 1158.52, 6.23, 3330.77, 358.96, 292.06, 72.08
1838.20, 1.60, 25.36, 388.49, 31.33, 0.06, 3078.90, 7.63, 4162.97, 483.24, 927.04, 162.27
2413.08, 28.90, 48.04, 761.73, 25.39, 7.28, 2567.76, 37.21, 4618.66, 416.40, 1000.55, 180.00
1397.69, 24.83, 26.98, 505.13, 17.32, 7.52, 976.80, 26.23, 2256.87, 233.83, 529.33, 54.38
2016.45, 28.19, 38.61, 768.69, 11.18, 13.11, 2843.36, 68.53, 8047.98, 1196.37, 1186.65, 450.43
7153.91, 105.05, 109.84, 1944.21, 286.59, 37.46, 9648.15, 173.31, 18065.17, 6243.12, 3084.73, 2146.04
4209.21, 164.27, 145.13, 2536.01, 565.63, 0.80, 2839.72, 248.42, 6842.66, 4415.16, 1871.75, 371.18
3312.43, 161.10, 93.24, 3342.12, 91.33, 0.24, 2843.80, 245.87, 7724.68, 2368.45, 1794.83, 292.82
1439.89, 29.21, 37.46, 2430.69, 54.32, 0.00, 1276.82, 55.99, 4616.60, 1416.97, 727.01, 105.64
595.03, 3.83, 25.79, 1390.84, 15.51, 0.00, 771.02, 9.40, 2700.34, 510.30, 440.64, 27.48
353.91, 0.27, 19.13, 1000.84, 2.07, 0.00, 684.04, 1.59, 2084.37, 138.52, 355.20, 6.16
166.42, 0.19, 11.85, 682.39, 0.08, 0.00, 554.25, 1.02, 1657.60, 33.29, 173.71, 1.91
215.37, 0.01, 10.20, 455.22, 0.71, 0.00, 442.40, 0.43, 1552.34, 43.73, 142.00, 4.47
1792.43, 32.08, 47.92, 1309.77, 1.93, 5.91, 2037.25, 50.49, 3404.45, 166.47, 689.78, 99.81
964.31, 16.15, 23.79, 635.39, 1.12, 2.47, 1198.19, 17.18, 1849.87, 98.23, 420.21, 63.80
7346.44, 63.58, 111.04, 1208.28, 142.77, 32.02, 6411.39, 128.51, 9530.68, 416.72, 3436.73, 447.43
6256.98, 83.02, 86.76, 1638.19, 766.37, 31.72, 10256.73, 128.67, 10729.98, 1557.82, 4362.77, 482.14
6401.26, 107.43, 128.22, 1918.41, 432.29, 21.12, 7044.88, 156.17, 10935.75, 3645.93, 3845.92, 391.43
7345.08, 218.81, 197.88, 4285.05, 1114.13, 19.40, 7049.58, 295.75, 8523.18, 3694.37, 4445.97, 337.79
4934.47, 176.70, 131.01, 3564.41, 338.63, 2.39, 4726.58, 354.88, 5777.43, 1837.47, 3051.70, 108.22
2544.86, 43.12, 61.00, 2313.09, 210.46, 0.01, 2493.58, 124.66, 4636.40, 1033.29, 1441.13, 46.66
1016.15, 9.54, 39.28, 1572.61, 101.74, 0.00, 1536.25, 26.11, 2418.95, 273.96, 841.79, 1.08
458.50, 0.90, 25.51, 1002.30, 45.15, 0.00, 1167.09, 2.53, 1964.75, 49.38, 509.53, 0.42
409.15, 0.82, 20.29, 798.05, 21.57, 0.00, 1156.82, 2.10, 2452.05, 62.88, 364.31, 9.77
2095.86, 25.49, 72.92, 1089.19, 18.31, 7.26, 3818.89, 62.40, 10838.04, 3178.93, 1352.50, 648.38
13437.41, 283.37, 293.66, 5083.09, 1182.24, 48.41, 10607.89, 547.51, 12367.65, 3769.56, 6313.18, 677.90
15087.25, 468.14, 424.31, 6979.28, 3034.26, 76.10, 12675.05, 785.65, 14779.89, 4697.05, 9196.21, 1088.88
12500.42, 175.54, 216.71, 3880.76, 1339.90, 60.22, 12414.52, 254.98, 17989.44, 4556.68, 8071.48, 1042.97
8117.22, 126.02, 151.10, 3559.10, 522.50, 19.97, 10618.81, 199.94, 16845.02, 5391.26, 5826.19, 1269.12
8450.67, 127.25, 176.75, 3219.81, 923.30, 30.63, 8341.23, 210.05, 12066.34, 3468.08, 4998.56, 609.85
4513.69, 89.59, 105.53, 3007.71, 404.14, 3.44, 4907.95, 166.85, 7922.58, 2574.46, 3220.63, 322.28
6453.05, 97.87, 123.75, 3592.71, 411.09, 5.36, 5716.52, 163.76, 10124.27, 2620.46, 3027.59, 392.23
2147.27, 14.23, 47.45, 2145.52, 162.17, 0.00, 2435.00, 32.77, 4504.81, 1087.77, 1300.85, 90.60
902.61, 1.53, 30.99, 1364.70, 48.75, 0.00, 1675.24, 3.39, 3290.03, 300.85, 796.07, 18.71
278.43, 0.08, 21.49, 927.94, 5.24, 0.00, 1435.31, 0.04, 2811.81, 38.13, 504.67, 12.67
88.35, 0.01, 13.23, 623.01, 0.74, 0.00, 903.82, 0.41, 1930.84, 5.48, 304.51, 5.09
2456.54, 16.45, 44.39, 754.17, 5.84, 3.20, 3141.36, 27.29, 4500.87, 220.11, 1178.44, 142.81
3257.46, 39.02, 60.35, 979.07, 14.58, 9.68, 3998.77, 50.05, 7188.97, 1447.69, 1654.70, 538.50
6376.98, 81.51, 125.62, 1498.11, 441.65, 37.01, 11488.43, 177.51, 23319.36, 7191.25, 4571.36, 1897.58
15251.20, 229.17, 181.58, 2444.78, 1709.14, 92.76, 19182.67, 297.05, 21081.74, 4474.03, 7649.15, 1680.26
11778.85, 128.83, 196.22, 2336.32, 1328.38, 36.42, 18594.22, 206.43, 21077.62, 5620.58, 8679.68, 983.27
11454.95, 222.52, 223.74, 3879.34, 1437.74, 68.20, 15293.76, 306.08, 16667.44, 4501.96, 6649.31, 1005.86
9524.08, 272.96, 343.67, 6763.93, 2040.70, 7.41, 12795.57, 397.79, 12428.10, 4603.69, 5333.81, 383.61
8043.43, 364.05, 381.44, 10067.90, 1716.29, 0.86, 8214.21, 670.76, 11192.75, 3149.46, 5739.00, 355.20
3814.07, 170.65, 140.52, 11040.51, 703.35, 0.05, 5149.73, 365.36, 8679.79, 1947.77, 3829.75, 250.58
1972.10, 36.96, 89.98, 7856.20, 386.41, 0.01, 3729.47, 78.38, 5615.80, 1020.45, 1767.74, 58.67
1036.39, 10.78, 55.39, 3473.97, 228.92, 0.00, 2828.16, 19.22, 3914.39, 353.55, 986.18, 11.54
679.55, 5.29, 41.67, 2491.88, 143.69, 0.00, 2015.91, 8.65, 3640.41, 137.10, 684.23, 12.44
285.54, 0.40, 24.22, 1564.97, 89.94, 0.00, 1379.24, 0.85, 2099.15, 56.04, 374.98, 23.17
1740.32, 22.14, 45.47, 1455.14, 90.11, 4.20, 2551.18, 29.98, 3430.21, 247.91, 783.06, 137.46
4425.81, 53.37, 78.11, 1568.15, 93.36, 13.10, 6230.87, 67.17, 15409.27, 3826.65, 2545.45, 977.00
8686.52, 68.30, 142.13, 2004.14, 759.22, 15.81, 15706.67, 182.87, 31537.92, 8211.39, 5749.95, 1510.22
2372.72, 10.23, 53.02, 997.53, 136.19, 0.16, 3587.72, 42.98, 10163.93, 3689.55, 1857.68, 324.46
4703.35, 61.50, 105.13, 1349.08, 222.28, 11.13, 7346.15, 97.73, 15608.64, 4239.16, 3060.16, 628.46
4911.48, 98.83, 115.51, 2270.83, 274.62, 9.74, 6157.55, 166.86, 10811.38, 3390.23, 3781.73, 366.44
6076.19, 101.64, 114.47, 2954.48, 391.40, 1.96, 6976.25, 183.52, 13040.41, 2962.95, 3559.90, 303.00
3876.78, 67.01, 78.39, 4433.69, 287.23, 0.61, 3678.50, 113.92, 9517.62, 2352.85, 2420.99, 167.87
1698.15, 9.60, 40.20, 2588.03, 137.95, 0.00, 2101.62, 17.20, 4976.17, 1068.13, 1208.72, 35.53
817.54, 0.95, 25.95, 1476.94, 66.80, 0.00, 1629.81, 1.33, 4313.40, 423.55, 750.49, 65.10
488.78, 0.11, 15.83, 1001.92, 31.30, 0.00, 1229.41, 0.65, 3064.17, 88.42, 466.36, 3.49
901.09, 6.31, 26.83, 917.98, 26.31, 1.78, 1780.54, 12.39, 3342.88, 196.62, 603.14, 58.56
2117.14, 29.31, 40.82, 1183.94, 25.50, 3.96, 3352.55, 39.12, 7579.36, 1395.98, 1157.62, 392.55
1450.65, 15.16, 30.92, 755.41, 24.59, 4.46, 1146.38, 25.84, 4021.03, 1193.12, 570.36, 130.15
3613.48, 58.76, 77.31, 1388.90, 23.71, 9.62, 8977.99, 101.13, 24634.27, 6525.33, 2652.45, 1009.22
5165.82, 129.09, 99.59, 2247.82, 302.74, 8.25, 11296.35, 219.91, 19517.71, 6963.11, 3539.77, 1310.15
6676.36, 168.57, 155.36, 3400.14, 386.49, 24.54, 10234.42, 286.41, 17587.30, 5084.17, 4285.41, 901.94
5924.47, 225.56, 161.96, 4955.88, 493.26, 7.78, 10083.00, 324.02, 16025.90, 4839.03, 4233.34, 781.00
2949.26, 119.62, 75.50, 5270.95, 178.46, 0.78, 4313.72, 187.05, 7300.04, 2404.82, 1601.16, 204.10
2192.29, 34.20, 55.08, 3248.31, 110.13, 0.90, 3708.36, 59.70, 7323.57, 1568.49, 1192.61, 180.79
644.96, 2.84, 26.72, 1810.15, 40.26, 0.00, 1981.13, 5.07, 4019.74, 550.97, 580.93, 44.90
253.86, 0.07, 17.17, 1214.50, 10.28, 0.00, 1486.55, 0.13, 4630.09, 306.09, 394.37, 249.83
94.89, 0.00, 11.03, 826.65, 1.59, 0.00, 1172.98, 0.00, 2462.17, 119.33, 251.31, 33.19
77.25, 0.00, 7.57, 560.48, 1.12, 0.00, 840.29, 0.00, 2129.92, 88.74, 179.76, 42.79
1901.12, 32.56, 48.26, 1587.05, 6.36, 3.16, 3233.13, 45.02, 6657.79, 827.04, 971.60, 345.95
3834.66, 51.76, 74.15, 1280.92, 14.60, 12.89, 3714.05, 74.33, 10378.33, 2533.28, 2137.66, 663.39
3353.01, 50.51, 51.96, 1124.95, 44.19, 21.58, 3046.06, 89.87, 6452.41, 1772.56, 1871.87, 353.63
2022.45, 17.35, 37.01, 1119.57, 49.78, 9.47, 1849.68, 45.29, 5020.23, 1220.58, 1146.78, 162.14
2390.12, 47.18, 49.89, 1353.58, 80.58, 2.73, 2574.01, 66.74, 4600.81, 1014.95, 1130.04, 106.52
4322.30, 86.61, 71.20, 2106.04, 56.45, 11.16, 5023.30, 83.92, 11230.88, 2444.01, 2153.69, 714.15
3548.57, 199.09, 127.74, 4045.88, 499.90, 2.12, 2416.48, 263.06, 5325.00, 1545.94, 2304.11, 258.68
1904.84, 48.53, 46.54, 4106.42, 117.22, 0.00, 1310.18, 118.87, 3517.25, 629.81, 1091.92, 61.61
795.99, 10.74, 28.48, 2027.09, 60.36, 0.00, 810.97, 27.40, 2835.05, 149.87, 641.51, 19.87
272.44, 0.65, 18.88, 1367.62, 15.00, 0.00, 534.03, 2.59, 1774.27, 1.07, 379.79, 1.08
235.02, 0.17, 14.14, 957.35, 5.31, 0.00, 862.42, 1.41, 2508.87, 35.65, 375.46, 11.13
169.28, 0.07, 9.03, 637.13, 4.04, 0.00, 806.35, 0.41, 1536.57, 32.09, 287.18, 13.62
2004.57, 20.33, 47.72, 1007.41, 8.92, 3.86, 2375.21, 35.06, 6084.51, 515.76, 853.53, 307.92
21107.28, 480.69, 510.81, 7545.35, 3365.47, 103.97, 23645.14, 710.64, 31483.35, 8038.30, 14321.68, 1523.11
17838.18, 395.94, 368.17, 6123.55, 2205.54, 109.14, 21215.68, 534.89, 36370.32, 8159.90, 12906.94, 1861.18
8599.92, 163.89, 166.25, 4412.59, 675.71, 26.31, 22297.61, 214.02, 34199.52, 8352.60, 7388.13, 1608.30
6235.81, 98.85, 153.80, 3605.11, 767.81, 6.65, 9964.13, 145.41, 14469.63, 4503.70, 3864.46, 671.72
5833.83, 164.90, 189.61, 5045.10, 947.57, 7.85, 8067.36, 246.05, 11169.07, 3124.33, 3046.42, 362.46
7874.33, 316.95, 301.41, 8081.47, 1090.87, 11.42, 7316.70, 559.89, 11255.08, 2198.68, 3593.42, 309.22
3259.05, 77.14, 118.86, 8627.19, 510.57, 0.00, 3822.60, 298.31, 7188.40, 1232.77, 1455.01, 139.19
1635.28, 21.42, 68.67, 5578.74, 304.99, 0.00, 2778.49, 60.48, 5234.97, 399.82, 916.76, 50.16
746.48, 3.75, 43.16, 2587.43, 185.03, 0.00, 1871.28, 10.55, 3564.92, 83.27, 539.53, 14.88
519.30, 1.77, 36.15, 1810.49, 101.12, 0.06, 2044.28, 6.21, 3140.89, 24.70, 446.05, 8.47
1716.28, 10.21, 55.51, 1611.29, 92.11, 1.97, 2331.02, 25.95, 4952.27, 303.63, 1163.67, 136.99
1507.98, 7.05, 18.52, 1047.51, 81.35, 0.61, 2227.91, 7.81, 2835.39, 235.67, 233.67, 22.32
1298.75, 12.45, 32.71, 854.02, 62.07, 3.45, 985.00, 21.07, 2314.92, 162.83, 384.09, 11.53
2659.77, 40.74, 52.00, 1192.19, 51.42, 8.49, 3685.48, 51.16, 5893.72, 1155.57, 1175.01, 259.04
5019.82, 62.41, 115.17, 1452.67, 470.80, 10.70, 6449.30, 147.37, 15926.20, 5221.40, 3471.89, 775.69
6881.80, 99.69, 143.05, 1464.31, 440.43, 24.55, 6536.40, 200.43, 15731.70, 4616.64, 3094.91, 1024.13
4313.72, 66.64, 86.20, 1599.14, 175.28, 5.12, 4535.14, 152.13, 12333.89, 3880.51, 2225.40, 521.14
7380.11, 168.55, 174.65, 3808.11, 403.89, 13.24, 8902.78, 272.49, 13923.82, 4079.88, 4673.14, 652.93
2534.98, 37.30, 59.39, 3924.37, 178.25, 0.04, 2664.94, 80.50, 6295.50, 2046.89, 1525.28, 152.37
1253.03, 3.09, 37.06, 1846.06, 87.56, 0.00, 1783.42, 13.26, 4424.45, 902.90, 926.36, 52.15
516.12, 0.03, 23.73, 1234.33, 31.63, 0.00, 1263.38, 0.43, 3266.05, 294.26, 563.06, 21.45
341.06, 2.46, 17.99, 971.60, 11.38, 0.00, 1787.44, 0.79, 6248.18, 523.40, 588.60, 203.26
1347.92, 8.76, 31.95, 1073.63, 16.92, 1.83, 3473.64, 19.75, 7775.25, 1950.95, 860.24, 301.28
1637.79, 12.47, 32.15, 754.75, 18.80, 2.23, 1916.63, 24.60, 6952.64, 2304.00, 738.34, 271.32
3282.26, 60.29, 60.52, 1594.47, 18.44, 7.97, 5184.44, 72.65, 11533.41, 3440.97, 2138.64, 534.19
3706.28, 59.72, 92.92, 1366.11, 106.65, 18.00, 6584.75, 133.85, 16782.31, 4556.93, 2770.52, 853.00
10852.44, 168.78, 198.52, 3221.87, 1142.89, 62.64, 22648.03, 243.06, 45833.52, 15229.60, 9416.93, 3701.22
11816.01, 271.65, 250.14, 4719.38, 1298.45, 84.53, 17656.71, 317.10, 28562.45, 9070.77, 8544.11, 1891.07
18006.99, 442.44, 379.14, 7624.49, 2723.11, 113.42, 21543.50, 493.71, 29398.39, 9056.52, 9717.60, 2126.53
7055.32, 327.19, 296.84, 9164.54, 1282.41, 2.45, 8151.72, 471.22, 12812.54, 4185.72, 4418.90, 579.78
4171.85, 63.07, 121.73, 8673.75, 551.03, 0.35, 6935.45, 130.96, 12669.72, 3050.33, 2425.22, 465.83
2044.29, 13.57, 77.56, 4864.85, 316.88, 0.00, 4447.60, 27.26, 8522.02, 1572.30, 1391.51, 230.45
862.90, 2.16, 50.48, 2795.98, 165.42, 0.00, 3007.47, 3.96, 5608.01, 652.33, 839.86, 96.46
635.66, 8.91, 39.01, 2402.67, 97.27, 0.00, 2201.39, 14.62, 4569.43, 319.72, 597.53, 71.42
316.40, 0.70, 21.70, 1266.40, 61.43, 0.00, 1733.10, 0.50, 3279.62, 146.08, 402.43, 51.27
1012.99, 5.27, 26.41, 1107.36, 57.06, 0.10, 1934.14, 10.74, 3210.58, 231.45, 536.48, 79.00
738.49, 5.33, 25.37, 706.13, 35.31, 0.88, 1856.36, 15.90, 3595.13, 227.15, 525.86, 97.07
3991.01, 62.55, 106.05, 1490.81, 50.48, 16.54, 6067.91, 102.03, 20904.89, 4825.96, 2524.94, 885.29
4538.66, 62.03, 75.61, 1917.96, 78.81, 28.18, 10013.23, 134.25, 21275.42, 5816.28, 3086.78, 1351.22
2218.48, 76.76, 84.20, 1954.48, 305.71, 2.70, 3321.60, 104.41, 9826.26, 3387.89, 1934.91, 431.07
2367.11, 96.39, 56.38, 2732.21, 54.62, 2.72, 2253.30, 138.85, 7207.15, 2338.75, 1240.19, 241.29
1645.46, 48.39, 43.47, 2298.26, 33.56, 0.16, 2170.06, 71.08, 6011.55, 1381.98, 893.92, 108.02
606.34, 4.19, 16.07, 1453.50, 13.13, 0.00, 878.43, 10.44, 3634.31, 590.88, 381.26, 44.39
261.90, 0.07, 12.30, 916.31, 1.45, 0.00, 603.92, 0.83, 2608.42, 80.44, 236.67, 8.05
71.97, 0.02, 10.32, 619.00, 0.00, 0.00, 586.02, 0.10, 2149.14, 4.68, 188.71, 3.72
1112.85, 57.38, 63.66, 1924.22, 1.17, 7.97, 2273.37, 77.84, 4004.13, 129.42, 695.45, 103.82
21.80, 0.16, 3.31, 288.22, 0.00, 0.00, 225.49, 0.20, 1285.88, 3.40, 59.25, 1.49
12.23, 0.00, 2.10, 195.33, 0.00, 0.00, 143.72, 0.00, 738.95, 0.27, 32.62, 1.85
912.96, 8.03, 17.13, 316.51, 0.01, 1.27, 1433.26, 13.48, 1883.25, 90.57, 438.19, 69.10
3277.54, 36.24, 59.97, 748.01, 0.50, 7.03, 4724.80, 54.61, 6501.76, 416.30, 2073.39, 257.77
7022.19, 67.48, 109.65, 1342.95, 124.22, 29.09, 13628.74, 173.82, 16411.75, 5285.60, 5866.25, 798.63
5186.24, 122.27, 117.51, 1948.23, 235.37, 8.92, 9264.43, 208.24, 14095.87, 3515.58, 4743.05, 680.33
3543.31, 120.81, 89.33, 2201.44, 10.63, 6.40, 5472.49, 204.84, 8249.54, 2552.01, 2440.57, 298.52
2597.18, 70.68, 60.82, 1781.38, 32.64, 0.50, 3971.04, 104.51, 9396.92, 2225.11, 1835.49, 326.76
979.63, 5.27, 26.22, 923.30, 5.69, 0.00, 1833.54, 15.37, 4350.22, 1226.41, 871.41, 92.74
366.20, 1.15, 20.64, 686.83, 0.18, 0.00, 1320.68, 3.83, 3225.02, 341.56, 540.73, 18.68
62.51, 0.06, 11.84, 434.72, 0.00, 0.00, 979.98, 0.03, 2720.25, 45.55, 329.18, 4.44
33.78, 0.45, 10.73, 326.87, 0.00, 0.00, 846.20, 2.21, 1959.45, 2.36, 205.94, 1.10
209.71, 4.86, 12.98, 348.19, 0.00, 0.00, 933.68, 4.73, 2137.86, 59.33, 210.01, 30.47
2852.73, 43.40, 67.32, 1451.94, 1.08, 5.60, 5026.84, 59.50, 7844.20, 590.06, 1468.67, 280.02
1345.19, 31.68, 32.10, 787.15, 2.03, 2.63, 2785.70, 41.50, 10625.88, 3427.78, 926.63, 608.78
364.38, 14.07, 17.62, 531.54, 0.15, 1.33, 971.06, 33.40, 4947.84, 1489.64, 666.79, 246.82
2290.81, 19.88, 30.45, 582.43, 2.60, 1.62, 6656.49, 42.02, 16536.99, 4342.98, 1549.72, 810.18
2695.02, 41.28, 61.51, 1118.62, 22.68, 6.58, 6361.44, 88.88, 14101.87, 3933.31, 1893.95, 771.75
1907.61, 45.71, 38.33, 1137.25, 30.13, 3.78, 3761.84, 70.61, 7916.73, 2637.81, 1247.15, 269.74
2258.59, 28.84, 38.25, 990.90, 41.11, 0.77, 3271.15, 50.23, 7870.68, 2007.43, 1185.47, 198.15
1057.11, 8.41, 14.19, 598.53, 1.54, 0.00, 2469.84, 23.80, 5701.10, 1289.19, 574.34, 76.88
356.76, 1.23, 11.64, 359.49, 0.01, 0.00, 1068.18, 4.68, 3260.25, 390.44, 270.58, 16.16
138.93, 1.95, 13.34, 339.48, 0.00, 0.00, 962.86, 13.66, 3111.64, 82.78, 230.59, 5.47
303.36, 2.81, 21.03, 344.37, 0.02, 0.22, 796.53, 8.25, 2280.30, 76.39, 140.26, 18.44
534.63, 3.14, 10.09, 242.15, 0.04, 0.13, 811.09, 5.97, 2558.79, 108.66, 323.25, 25.04
704.74, 20.28, 32.78, 640.29, 0.01, 1.70, 1542.24, 30.64, 6518.81, 613.91, 634.50, 327.41
2096.66, 29.54, 34.54, 676.90, 1.24, 4.93, 3959.97, 34.01, 10485.73, 2481.87, 1063.74, 439.48
1481.53, 15.74, 35.06, 668.32, 2.06, 4.65, 2424.44, 43.26, 5585.39, 1559.79, 944.59, 176.00
10582.90, 213.34, 206.69, 4492.92, 1055.48, 71.08, 22121.29, 319.68, 27412.98, 7727.69, 6841.87, 1824.62
6565.83, 118.86, 107.33, 2914.51, 534.65, 46.64, 10218.74, 181.07, 15402.92, 4778.25, 3771.85, 1218.25
4766.95, 228.98, 218.13, 5324.63, 1009.37, 2.38, 5366.62, 303.73, 7488.46, 2754.64, 2983.90, 294.94
3131.40, 143.37, 109.76, 4584.44, 240.95, 0.09, 4055.81, 247.19, 7664.72, 1865.44, 1838.80, 204.00
1531.88, 60.86, 56.37, 3073.54, 157.31, 0.00, 2535.82, 88.62, 4085.41, 946.82, 957.79, 91.39
925.05, 11.08, 39.06, 1897.49, 85.91, 0.00, 1623.26, 19.20, 2910.56, 260.21, 596.24, 26.41
338.21, 1.65, 24.18, 1263.95, 37.70, 0.00, 1322.42, 3.63, 2828.24, 135.49, 421.72, 113.82
125.55, 2.68, 17.27, 958.47, 14.04, 0.00, 868.04, 8.31, 2097.80, 52.95, 258.19, 38.40
6970.65, 23.15, 70.56, 1001.78, 29.54, 9.62, 13725.14, 30.78, 16876.87, 3053.06, 5689.19, 463.32
1302.33, 1.94, 17.45, 434.02, 22.57, 1.73, 2469.93, 7.39, 6440.33, 2161.44, 1522.85, 183.13
3470.62, 20.44, 36.23, 443.86, 21.15, 6.77, 6825.48, 28.96, 11315.03, 3326.31, 2357.34, 402.61
1186.86, 39.00, 135.26, 450.52, 13.48, 12.74, 2540.80, 191.25, 5413.03, 1701.36, 2747.65, 176.89
15163.09, 355.90, 278.91, 6511.30, 1966.18, 46.55, 17355.29, 504.25, 19863.41, 5023.30, 7906.07, 894.46
6451.23, 121.47, 135.91, 2660.53, 594.88, 26.61, 8765.81, 187.64, 14507.20, 3646.98, 4018.14, 574.85
13320.45, 243.16, 272.81, 4193.01, 1810.96, 64.42, 20945.03, 304.86, 28192.64, 7246.47, 8827.57, 1823.98
7920.96, 254.18, 247.86, 5080.54, 1134.07, 7.76, 8028.79, 373.22, 13649.50, 3869.95, 4318.76, 412.34
4127.54, 47.79, 102.81, 3839.34, 477.11, 0.69, 5622.85, 112.64, 9027.75, 2280.89, 2245.76, 192.99
2098.57, 6.97, 59.37, 2246.93, 294.30, 0.00, 3411.28, 19.05, 5829.83, 1120.17, 1277.76, 82.77
1018.01, 0.82, 39.80, 1492.86, 159.76, 0.00, 2433.01, 2.57, 4300.91, 369.80, 781.68, 28.02
848.51, 3.21, 35.61, 1223.14, 96.66, 0.00, 2454.81, 7.36, 3688.89, 98.97, 605.46, 11.60
1574.59, 14.52, 47.93, 1057.83, 75.05, 2.94, 2687.10, 23.35, 4247.18, 532.32, 741.75, 152.41
5557.15, 78.85, 104.62, 2284.85, 186.89, 10.03, 6258.87, 110.42, 9950.18, 2563.94, 2716.96, 576.68
1429.76, 6.58, 26.61, 609.82, 84.78, 0.68, 1142.22, 28.41, 2981.06, 1328.50, 882.88, 123.86
4342.27, 26.61, 58.36, 745.76, 62.36, 14.56, 7177.25, 72.25, 13098.38, 3747.77, 2170.88, 510.71
1968.83, 9.31, 39.72, 510.39, 252.88, 0.26, 1792.33, 27.36, 4597.46, 2013.37, 962.29, 142.92
2979.29, 39.75, 75.10, 993.72, 165.27, 8.66, 3030.35, 77.73, 5430.05, 1501.89, 1155.66, 133.82
2892.02, 77.54, 73.13, 1523.75, 147.90, 3.18, 2472.62, 121.03, 3780.59, 932.26, 1123.75, 45.40
4175.80, 86.01, 86.77, 1518.52, 227.54, 2.51, 2450.89, 141.74, 4327.06, 615.65, 1528.22, 74.02
2090.88, 26.75, 45.06, 933.70, 105.16, 0.56, 1798.78, 46.00, 5374.13, 405.37, 882.00, 40.65
809.92, 3.07, 20.65, 529.12, 45.22, 0.00, 538.68, 6.66, 1647.55, 60.94, 378.73, 1.11
298.97, 0.84, 13.61, 378.12, 9.47, 0.00, 373.53, 1.66, 1190.56, 1.19, 251.84, 1.28
230.32, 2.52, 12.20, 336.57, 4.29, 0.02, 510.54, 4.26, 1266.63, 10.86, 168.66, 7.83
326.74, 12.36, 28.93, 425.63, 0.72, 2.93, 453.53, 26.17, 1211.29, 74.32, 259.43, 104.94
3677.97, 65.30, 74.06, 1319.98, 12.91, 9.02, 4209.16, 70.75, 5525.80, 703.72, 1608.98, 422.01
19641.54, 248.70, 406.55, 2772.99, 3209.66, 88.18, 21919.49, 498.97, 27614.61, 7487.30, 13650.93, 1683.67
16202.45, 264.46, 352.83, 3630.08, 2118.32, 75.88, 24716.16, 426.15, 24343.01, 5651.15, 11876.45, 1272.99
5751.74, 106.57, 178.78, 2651.38, 930.69, 7.96, 7192.83, 186.63, 9471.73, 3402.60, 4000.01, 341.82
5777.28, 89.09, 143.06, 2564.91, 581.33, 10.30, 7074.40, 130.72, 7311.88, 2358.90, 3069.01, 224.52
8588.93, 235.82, 242.33, 4273.47, 1162.54, 30.30, 10547.77, 294.34, 17366.38, 4989.98, 5001.16, 1360.82
4252.34, 228.77, 130.02, 4191.32, 551.75, 0.42, 4462.53, 260.47, 7102.02, 2399.58, 2250.72, 321.07
2858.41, 89.25, 76.15, 2894.96, 348.14, 0.13, 3536.66, 92.99, 6672.06, 1331.47, 1466.63, 136.49
1189.37, 19.00, 50.65, 1794.77, 187.85, 0.00, 2304.52, 24.60, 3994.86, 460.57, 806.93, 40.24
1354.01, 11.28, 62.47, 1362.42, 117.39, 0.80, 3061.71, 33.10, 5129.06, 156.24, 936.34, 159.59
499.85, 0.95, 24.74, 825.29, 80.95, 0.00, 1294.31, 4.38, 2103.17, 30.40, 364.38, 11.22
410.51, 2.95, 19.65, 636.06, 42.60, 0.10, 858.83, 5.42, 1530.59, 10.03, 268.81, 6.22
4237.23, 139.34, 142.22, 2701.71, 73.42, 14.65, 6055.15, 197.94, 11621.22, 2400.00, 1909.72, 1195.95
1951.34, 46.08, 64.25, 926.92, 147.38, 15.14, 2220.27, 109.91, 5303.35, 1635.62, 1257.08, 412.75
3271.56, 44.75, 72.15, 967.35, 314.21, 11.34, 6681.84, 86.12, 16500.39, 4587.78, 2037.74, 1031.90
3495.39, 42.52, 63.21, 1219.98, 257.47, 9.04, 4161.84, 57.07, 11402.74, 3470.71, 1449.72, 1112.14
3191.99, 68.63, 107.50, 1292.32, 438.92, 1.46, 3482.27, 114.45, 10638.29, 3358.40, 1570.48, 656.90
3521.62, 133.97, 99.77, 2373.38, 220.67, 1.58, 3467.28, 219.21, 6805.90, 2326.79, 2011.81, 243.91
1615.00, 55.10, 45.41, 1577.62, 147.67, 0.04, 1737.08, 72.83, 3985.17, 1221.29, 945.74, 116.66
777.25, 8.83, 26.29, 893.39, 82.35, 0.00, 1035.51, 14.46, 3554.62, 544.02, 520.63, 49.85
309.30, 0.89, 18.25, 586.53, 27.18, 0.00, 709.96, 1.24, 2340.73, 117.40, 310.58, 10.81
100.84, 0.45, 12.42, 468.48, 2.05, 0.00, 535.96, 0.58, 1746.32, 5.17, 194.40, 2.95
57.51, 1.23, 9.62, 325.03, 0.74, 0.00, 417.57, 3.28, 1671.36, 37.06, 119.75, 8.46
21.95, 0.00, 5.00, 185.43, 0.35, 0.00, 252.51, 0.06, 928.51, 2.60, 70.97, 0.27
3359.03, 52.28, 88.02, 1073.42, 5.13, 8.23, 6155.81, 86.78, 10745.31, 1286.69, 2552.57, 616.79
4688.62, 159.04, 136.17, 2933.75, 185.33, 21.65, 8194.79, 248.37, 14012.71, 3885.09, 3589.97, 782.01
7151.36, 140.95, 153.58, 1730.68, 609.17, 44.94, 14968.36, 218.67, 16778.27, 4061.02, 6952.63, 821.88
5871.04, 124.12, 110.81, 2396.99, 969.73, 17.46, 11253.11, 144.99, 10056.60, 3037.60, 3248.36, 649.11
8821.86, 259.46, 261.72, 4197.89, 1421.81, 46.73, 13215.34, 292.48, 18360.75, 4138.29, 5512.88, 979.91
9441.75, 231.87, 244.76, 5087.97, 1321.87, 96.94, 11618.19, 317.52, 19717.40, 4294.79, 4318.16, 1656.16
9822.29, 480.45, 404.61, 8529.48, 2151.10, 9.59, 9793.65, 614.03, 12062.74, 3657.89, 5444.05, 394.49
5017.14, 200.87, 173.55, 6443.09, 718.07, 1.98, 6561.82, 326.79, 8794.05, 1893.10, 3213.76, 264.24
2090.78, 42.79, 91.56, 4472.20, 405.55, 0.00, 3440.20, 74.78, 5449.11, 672.08, 1530.94, 78.43
1055.16, 9.68, 64.15, 2648.19, 220.06, 0.00, 2484.07, 17.91, 4255.43, 98.13, 961.45, 19.40
753.40, 6.50, 50.59, 2030.00, 144.84, 0.01, 1926.06, 12.56, 2972.65, 21.00, 640.63, 8.56
1224.74, 0.64, 38.95, 1217.00, 116.27, 1.96, 2275.80, 3.97, 3282.56, 160.22, 702.92, 63.68
1278.70, 15.29, 42.03, 1222.38, 83.59, 2.17, 2178.80, 27.01, 3476.23, 157.70, 738.65, 131.23
3054.64, 26.17, 56.74, 1237.88, 91.06, 7.93, 3705.26, 40.54, 5392.04, 889.45, 1282.25, 200.48
2525.17, 23.58, 64.43, 1071.39, 74.16, 10.90, 5816.94, 65.41, 10997.63, 1982.86, 2324.79, 328.74
5793.72, 44.88, 110.97, 1145.02, 388.21, 16.28, 10702.29, 151.89, 14705.05, 4180.09, 3904.45, 920.79
4157.08, 54.26, 93.09, 1039.84, 135.80, 12.10, 7636.83, 151.25, 10318.21, 2947.71, 2858.56, 502.44
2141.15, 55.62, 50.97, 813.42, 96.33, 1.87, 3360.15, 90.68, 5134.66, 1852.74, 1472.78, 134.57
1844.75, 41.36, 41.25, 759.43, 61.09, 0.97, 2845.62, 47.29, 6120.50, 1156.63, 1002.26, 128.07
968.85, 7.03, 18.01, 379.78, 27.39, 0.00, 1876.44, 7.41, 3748.94, 582.21, 606.59, 41.61
233.71, 0.92, 12.80, 225.57, 3.12, 0.00, 1169.51, 2.42, 2214.26, 75.13, 323.04, 2.32
615.99, 1.30, 21.68, 181.43, 0.32, 0.30, 1757.98, 6.67, 4464.50, 53.23, 495.71, 121.36
39.83, 0.03, 5.38, 80.46, 0.00, 0.00, 617.93, 0.15, 1297.08, 5.03, 124.14, 2.57
755.07, 13.36, 28.80, 459.86, 0.11, 0.64, 1891.10, 29.53, 2947.31, 121.41, 686.68, 83.22
3076.05, 43.73, 78.34, 910.54, 7.12, 10.44, 3349.73, 85.93, 4693.80, 213.09, 1285.82, 165.45
3410.18, 54.37, 59.00, 1048.48, 9.31, 15.71, 6434.09, 104.73, 12950.62, 2941.03, 2070.03, 750.48
20946.51, 531.33, 627.38, 6758.05, 4984.37, 148.45, 31382.96, 768.94, 32036.73, 5746.42, 14944.77, 1746.73
12374.00, 360.54, 234.67, 5672.65, 1210.47, 100.84, 19037.96, 416.18, 27573.54, 5733.80, 9157.29, 2361.16
8949.47, 271.89, 254.77, 5528.93, 1404.88, 43.26, 11877.77, 317.49, 15358.43, 4480.39, 4706.29, 1072.71
9776.97, 365.42, 328.83, 9122.59, 1872.66, 20.85, 10977.71, 402.55, 14168.52, 4365.76, 5285.65, 537.31
5305.31, 450.46, 314.31, 10086.87, 1225.39, 0.64, 6305.66, 638.57, 8330.31, 2986.69, 3686.25, 265.80
3035.94, 207.96, 130.74, 9120.98, 591.04, 0.07, 5176.63, 258.76, 7555.05, 1606.67, 1905.20, 189.65
1471.54, 41.25, 77.27, 5943.25, 331.93, 0.00, 2867.97, 50.77, 4356.75, 641.88, 1083.20, 50.02
525.37, 9.21, 50.16, 3100.65, 167.98, 0.00, 2021.46, 8.16, 3339.31, 171.62, 653.71, 8.65
310.54, 1.14, 37.84, 2037.96, 102.77, 0.00, 1456.56, 0.81, 2476.53, 58.86, 402.59, 3.20
1749.72, 41.86, 71.30, 1958.84, 101.95, 6.35, 2496.50, 58.97, 3961.44, 169.87, 842.87, 63.77
1522.36, 19.53, 46.63, 1314.01, 89.81, 6.73, 2034.81, 27.07, 3230.13, 188.27, 551.28, 103.61
5364.19, 42.13, 110.11, 1438.12, 234.84, 16.53, 10409.29, 94.63, 17950.14, 4349.50, 3798.68, 948.42
16475.69, 250.85, 409.63, 2944.00, 3055.31, 85.94, 33687.76, 472.01, 45784.97, 9558.36, 16019.83, 2364.34
6826.87, 115.22, 156.21, 1886.52, 678.03, 19.81, 12783.54, 217.00, 16372.21, 5435.77, 5706.63, 1028.84
6520.68, 161.24, 179.17, 2554.19, 722.31, 31.82, 12463.69, 227.20, 17103.15, 4465.43, 4978.30, 759.92
4014.37, 60.67, 107.51, 1696.92, 408.14, 6.31, 6465.87, 100.56, 9105.35, 2783.70, 2587.56, 286.94
2759.35, 143.02, 103.21, 1950.35, 312.74, 0.12, 4745.57, 230.77, 7310.11, 1688.44, 1546.90, 183.27
2055.83, 40.61, 70.80, 1325.93, 178.78, 1.39, 3560.38, 84.16, 6556.49, 870.82, 1093.09, 143.40
752.54, 7.20, 32.17, 769.69, 89.22, 0.00, 2439.64, 12.69, 4170.80, 182.01, 538.65, 18.17
177.94, 0.22, 20.93, 496.96, 23.46, 0.00, 1531.22, 0.77, 2651.78, 9.79, 329.12, 2.29
96.58, 0.00, 13.64, 334.36, 8.91, 0.00, 1172.44, 0.00, 2023.02, 1.19, 220.46, 1.31
810.58, 2.52, 19.33, 304.32, 6.84, 0.04, 2104.19, 6.37, 3452.78, 116.78, 540.80, 104.14
4226.91, 50.45, 113.69, 1176.27, 23.15, 14.03, 5746.07, 115.88, 14183.25, 2487.89, 2862.05, 860.91
7526.12, 69.33, 71.14, 1308.49, 166.03, 41.28, 13285.40, 144.75, 17686.63, 3802.74, 4811.35, 1583.52
5751.09, 30.99, 99.51, 1008.54, 887.89, 20.85, 9178.05, 124.43, 18342.38, 5521.11, 3769.61, 1050.72
3436.05, 22.81, 109.72, 940.73, 807.72, 1.89, 3966.87, 75.73, 7450.75, 3069.67, 2081.51, 308.98
6997.90, 75.39, 170.17, 1240.20, 718.96, 12.76, 13566.00, 160.90, 18951.46, 5534.44, 5658.02, 791.28
4342.72, 82.63, 124.08, 1395.14, 385.50, 1.30, 6859.58, 155.74, 10101.13, 3626.41, 3367.12, 388.18
3949.26, 147.96, 117.83, 1993.47, 287.14, 1.17, 5202.69, 245.03, 9587.42, 2832.20, 2696.44, 226.51
2732.32, 45.43, 64.96, 1148.07, 206.44, 0.19, 4108.07, 94.30, 9521.42, 1562.53, 1558.50, 102.92
1211.32, 9.11, 36.47, 737.14, 116.25, 0.00, 2275.30, 23.22, 4739.80, 674.00, 794.91, 23.33
422.02, 4.71, 23.74, 555.19, 43.32, 0.00, 1394.72, 5.61, 3262.36, 183.11, 500.12, 11.59
263.13, 2.40, 21.90, 363.18, 22.34, 0.17, 1187.73, 7.04, 3010.20, 120.44, 417.50, 18.09
809.14, 4.09, 17.51, 342.26, 22.52, 0.23, 1475.66, 5.91, 3557.10, 151.42, 311.28, 27.23
1927.84, 37.61, 65.90, 837.30, 27.51, 5.29, 2020.23, 66.96, 4210.58, 526.40, 837.83, 213.62
4848.15, 42.70, 58.09, 1047.20, 46.16, 21.48, 4373.05, 75.76, 5151.83, 858.88, 1632.63, 240.26
2055.27, 13.08, 41.26, 408.38, 136.04, 5.83, 2998.67, 53.73, 7766.95, 2857.32, 1440.39, 235.80
3918.53, 27.35, 68.15, 484.79, 256.78, 7.31, 3759.41, 90.93, 9445.85, 2672.84, 2404.86, 235.12
3652.30, 87.86, 119.16, 1287.41, 407.57, 0.51, 3911.65, 190.85, 10361.67, 3860.88, 2056.13, 396.20
4401.47, 109.31, 97.81, 1055.74, 182.62, 3.70, 5174.44, 159.36, 10236.68, 3047.98, 3120.32, 453.52
2079.87, 96.55, 49.20, 775.11, 137.18, 0.00, 2485.01, 75.23, 5687.88, 1805.35, 1296.50, 134.06
1329.52, 21.27, 31.67, 763.53, 79.52, 0.00, 1384.80, 23.02, 3926.95, 1096.89, 798.52, 70.25
402.96, 1.79, 18.09, 303.21, 19.59, 0.00, 797.63, 1.14, 2408.97, 324.46, 431.53, 4.03
109.03, 1.20, 13.80, 226.98, 1.06, 0.00, 591.98, 0.56, 1975.93, 72.16, 272.70, 3.44
758.69, 11.08, 17.55, 557.10, 1.41, 0.11, 1185.98, 9.92, 3061.67, 102.31, 533.44, 33.20
1017.46, 4.46, 17.92, 360.27, 3.21, 0.00, 2338.61, 7.30, 3702.40, 258.82, 704.05, 192.37
3143.99, 41.03, 60.18, 948.26, 12.59, 7.42, 3754.33, 54.36, 7404.75, 1438.66, 1977.42, 737.94
2957.98, 22.93, 61.66, 569.45, 69.98, 6.73, 3414.89, 61.05, 6993.51, 1873.41, 1934.66, 460.80
9066.62, 78.48, 159.70, 1168.01, 849.61, 55.34, 16097.71, 174.11, 18379.92, 4332.59, 6835.78, 1407.89
8170.32, 132.81, 116.73, 1876.58, 701.04, 63.56, 14005.24, 205.41, 20029.31, 6370.75, 6825.19, 1770.62
6652.97, 146.61, 112.45, 2303.17, 344.65, 43.16, 10824.08, 174.21, 13284.20, 4483.17, 4380.39, 1372.18
4291.57, 100.76, 137.79, 2268.60, 641.46, 5.62, 5607.47, 155.47, 8015.24, 2864.98, 2564.39, 404.73
2959.86, 214.79, 148.01, 4654.34, 351.61, 0.11, 3974.26, 330.13, 5983.82, 1675.24, 1559.48, 243.56
1527.99, 44.15, 57.41, 3287.02, 195.75, 0.00, 2794.81, 89.68, 3824.49, 720.75, 914.44, 123.56
515.92, 8.85, 38.83, 1851.94, 91.46, 0.00, 1952.26, 17.74, 2996.01, 105.16, 556.06, 31.84
232.29, 2.33, 27.13, 1302.28, 37.22, 0.00, 1487.12, 4.51, 2139.65, 2.56, 428.63, 8.15
405.85, 0.01, 16.39, 846.50, 17.42, 0.00, 1692.83, 0.10, 3311.97, 107.14, 453.67, 54.07
1411.96, 26.78, 53.30, 1091.73, 19.36, 5.67, 2669.28, 35.38, 4528.88, 766.16, 803.48, 331.13
6997.52, 67.86, 115.79, 1746.59, 99.48, 10.10, 14368.08, 127.10, 24671.20, 6480.45, 6274.30, 1875.30
6897.44, 75.74, 171.33, 1452.12, 978.59, 24.40, 12230.41, 221.15, 21758.63, 7107.39, 5454.41, 1444.17
9862.68, 104.96, 162.22, 2018.63, 931.90, 33.94, 17448.20, 207.80, 34790.83, 9343.45, 7799.75, 1785.99
5352.97, 35.46, 75.84, 1144.81, 315.37, 5.57, 8859.80, 71.00, 15100.70, 5288.43, 4164.79, 771.76
11471.17, 209.01, 305.21, 3331.48, 1464.93, 52.14, 24307.40, 307.30, 35969.70, 9258.16, 12959.70, 1751.97
10426.59, 208.58, 226.43, 3564.86, 1264.93, 27.76, 18511.90, 310.22, 20251.58, 6633.97, 6657.81, 1600.01
4469.31, 204.93, 128.15, 3191.48, 574.42, 0.33, 6980.52, 264.36, 9892.31, 3519.45, 2840.95, 438.25
2538.17, 34.92, 65.90, 2284.76, 320.25, 0.00, 4883.85, 49.38, 7223.97, 2040.22, 1759.31, 269.46
3995.27, 17.53, 96.07, 1460.34, 191.59, 16.22, 5172.41, 39.41, 6740.55, 1025.29, 2062.12, 240.74
776.72, 2.00, 31.32, 1048.97, 86.28, 0.00, 2650.47, 1.68, 4720.18, 277.88, 698.93, 70.83
243.77, 0.00, 18.75, 624.92, 31.76, 0.00, 1730.41, 0.00, 3056.85, 31.54, 418.24, 22.98
867.05, 9.20, 45.08, 805.39, 27.16, 3.69, 1705.80, 29.45, 2948.54, 111.57, 584.74, 98.49
1688.17, 16.33, 33.91, 855.94, 35.76, 2.42, 2620.94, 22.15, 3633.88, 262.19, 586.09, 149.97
1496.55, 39.36, 41.80, 940.59, 39.82, 5.45, 2489.82, 42.97, 4890.56, 502.82, 691.77, 336.88
2053.39, 34.47, 61.74, 1000.64, 49.36, 6.21, 2154.46, 81.11, 3295.07, 1146.58, 1050.13, 171.08
6993.14, 81.32, 133.01, 1669.76, 413.20, 33.22, 14585.74, 209.99, 17680.89, 4538.73, 4794.30, 1269.20
8609.62, 192.98, 242.89, 3556.59, 1273.58, 62.82, 13687.99, 278.69, 23493.22, 7598.45, 6344.65, 2490.07
6149.55, 136.70, 181.78, 3375.14, 694.80, 27.90, 7999.63, 219.84, 12788.25, 3787.75, 3983.81, 755.49
5588.91, 275.59, 263.23, 4451.56, 964.27, 1.60, 6001.68, 427.97, 7713.31, 3890.01, 3859.35, 328.87
2670.34, 85.90, 113.95, 3455.27, 378.92, 0.01, 3541.80, 178.64, 6198.39, 1725.86, 1884.81, 182.04
1291.34, 16.09, 65.69, 2013.06, 206.77, 0.00, 2420.66, 34.01, 4599.94, 715.05, 1133.36, 91.21
1142.78, 5.12, 64.91, 1542.32, 113.21, 0.58, 2559.32, 22.15, 4272.42, 235.12, 897.92, 49.69
375.43, 3.56, 30.27, 1157.01, 58.73, 0.00, 1455.38, 5.47, 2374.95, 52.20, 468.33, 6.90
2956.39, 31.58, 87.11, 1684.87, 71.08, 4.64, 3240.59, 70.89, 4752.02, 445.27, 1388.62, 239.98
1683.83, 18.40, 32.43, 810.79, 70.73, 1.58, 2279.51, 30.69, 3237.96, 596.88, 753.57, 99.20
974.63, 3.84, 18.71, 580.48, 51.34, 0.27, 1272.69, 11.74, 2593.05, 745.55, 503.88, 106.19
502.83, 2.39, 10.68, 263.66, 32.79, 0.11, 761.83, 5.24, 1466.52, 472.47, 288.00, 28.53
1394.12, 21.76, 34.84, 1187.60, 23.45, 2.05, 1736.78, 34.89, 4744.43, 1148.30, 948.74, 239.55
1695.81, 32.91, 47.82, 1063.51, 42.90, 3.82, 2657.15, 83.13, 5786.89, 1152.62, 966.71, 187.37
1121.44, 20.33, 39.32, 901.09, 14.70, 0.69, 1411.93, 65.21, 5214.98, 1994.46, 602.42, 418.90
405.69, 14.55, 26.37, 965.79, 3.37, 0.09, 350.46, 51.62, 1956.95, 837.20, 227.23, 35.10
233.63, 0.80, 10.11, 503.95, 0.00, 0.00, 428.64, 7.10, 2008.72, 386.28, 202.73, 9.10
141.94, 1.42, 11.55, 442.54, 0.00, 0.00, 296.45, 7.45, 1600.69, 70.33, 75.64, 1.10
906.82, 5.74, 42.16, 419.29, 1.55, 1.93, 1391.40, 22.51, 4281.06, 112.75, 521.70, 221.36
543.23, 12.86, 17.33, 858.17, 0.00, 0.18, 993.28, 16.01, 1868.00, 34.84, 217.83, 34.19
282.64, 4.14, 11.20, 382.05, 0.09, 0.03, 189.15, 8.62, 789.15, 13.16, 69.23, 0.14
671.65, 7.04, 18.11, 202.51, 0.13, 2.13, 676.63, 13.91, 1086.93, 30.21, 276.07, 40.73
16.71, 0.25, 3.12, 67.51, 0.00, 0.00, 88.39, 1.51, 396.89, 5.72, 40.48, 13.02
1070.58, 11.70, 30.19, 598.30, 0.12, 4.10, 1563.48, 25.64, 2178.42, 96.45, 504.59, 74.66
1073.70, 11.16, 23.83, 463.29, 1.34, 1.54, 1584.22, 25.13, 1389.60, 94.19, 585.94, 70.40
776.26, 9.25, 22.65, 449.93, 0.17, 0.74, 1149.86, 15.48, 1848.46, 114.67, 446.66, 87.48
231.49, 7.54, 8.38, 357.38, 0.06, 0.06, 289.91, 16.41, 805.14, 73.73, 162.71, 23.56
1332.43, 17.61, 43.09, 995.50, 0.16, 0.94, 1736.15, 60.33, 3362.76, 173.89, 792.50, 131.20
161.68, 10.31, 10.07, 824.48, 0.04, 0.00, 487.80, 30.35, 1298.56, 73.91, 139.45, 2.86
61.60, 0.07, 3.77, 272.81, 0.00, 0.00, 99.88, 1.71, 559.10, 6.85, 78.81, 0.55
30.53, 0.00, 1.14, 232.01, 0.00, 0.00, 117.99, 0.18, 799.92, 0.22, 88.35, 16.00
72.57, 0.50, 7.13, 137.25, 0.00, 0.00, 942.71, 2.63, 3609.50, 88.52, 260.11, 114.94
52.72, 0.67, 2.58, 168.90, 0.00, 0.00, 398.96, 3.09, 1463.72, 24.46, 77.68, 33.34
1962.03, 29.48, 60.20, 764.54, 2.26, 6.15, 2076.60, 63.98, 2951.04, 265.14, 785.31, 115.65
4108.83, 78.46, 101.29, 2104.31, 30.03, 16.75, 5329.91, 153.07, 10940.46, 2213.21, 2717.94, 471.48
9370.35, 158.33, 165.53, 3492.56, 1163.12, 72.08, 25275.62, 235.69, 31621.81, 6553.18, 7799.25, 2446.26
6466.65, 181.75, 137.08, 5018.53, 935.59, 47.67, 15693.01, 246.11, 21150.65, 5453.37, 5400.76, 1384.51
8536.87, 292.14, 349.27, 7660.80, 1556.23, 64.93, 17785.64, 437.79, 23117.48, 4972.30, 6375.96, 1607.45
8882.28, 277.53, 309.89, 7578.31, 1337.18, 58.23, 14061.24, 428.63, 21843.12, 3996.23, 5427.02, 1147.21
4502.16, 300.56, 210.35, 7424.77, 664.87, 4.12, 7152.16, 450.18, 9976.33, 2489.45, 2643.40, 431.92
2548.80, 153.40, 105.93, 9701.16, 382.61, 0.00, 4389.46, 246.13, 6741.65, 1405.69, 1507.01, 224.53
1284.16, 29.38, 63.35, 4203.80, 199.49, 0.00, 3478.19, 46.12, 5227.43, 560.76, 900.95, 109.48
489.14, 6.21, 42.76, 2838.99, 82.89, 0.00, 2221.37, 9.19, 4095.00, 128.24, 569.97, 32.73
1638.39, 36.83, 78.66, 2887.86, 77.83, 2.14, 2910.55, 55.99, 5170.25, 396.17, 879.54, 147.36
135.43, 0.13, 18.53, 1291.49, 36.56, 0.00, 1101.36, 0.50, 2161.53, 67.74, 204.50, 12.80
1547.69, 23.30, 38.88, 1363.93, 45.29, 3.56, 2312.73, 34.13, 2950.17, 164.35, 701.38, 97.17
1268.59, 19.08, 32.61, 1165.65, 37.27, 5.54, 1666.66, 24.30, 2266.06, 99.19, 364.24, 33.91
4011.72, 99.48, 117.46, 2387.86, 57.52, 24.97, 4780.88, 214.59, 5819.87, 814.71, 2061.83, 298.40
4793.76, 141.67, 81.62, 2705.65, 280.37, 48.86, 12259.62, 209.37, 13955.94, 1499.14, 3213.63, 604.37
6116.56, 216.57, 207.21, 4826.93, 1281.19, 53.46, 8110.74, 301.78, 10856.97, 2083.99, 3369.62, 596.94
4408.83, 166.89, 154.42, 4485.16, 286.02, 7.72, 5613.95, 248.18, 8472.53, 1650.38, 2652.77, 421.82
4526.02, 268.95, 169.53, 5890.63, 298.34, 2.77, 5573.03, 395.00, 7885.18, 1490.32, 3331.89, 174.42
1814.96, 51.10, 65.51, 3654.09, 156.92, 0.00, 2509.41, 99.97, 3930.89, 681.59, 1354.60, 35.77
1313.29, 13.37, 49.47, 2410.45, 74.01, 0.00, 1899.14, 20.94, 3019.47, 188.65, 881.61, 6.51
367.19, 1.20, 29.78, 1584.06, 26.20, 0.00, 1405.72, 2.23, 3159.76, 27.82, 572.24, 24.70
177.39, 0.03, 18.64, 1078.59, 6.86, 0.00, 1238.58, 0.39, 2498.91, 35.77, 316.58, 21.01
1850.96, 21.25, 54.23, 1330.43, 9.94, 2.48, 3663.29, 39.54, 6208.98, 327.48, 1159.81, 206.50
1892.11, 24.69, 54.64, 1228.78, 20.67, 7.26, 2356.73, 47.26, 6155.18, 991.63, 952.22, 249.86
2261.57, 25.80, 44.39, 671.51, 13.11, 7.99, 4061.97, 55.04, 7409.73, 1303.14, 1605.74, 240.98
15094.91, 427.74, 409.58, 6042.00, 2405.37, 96.65, 18949.61, 708.59, 20795.14, 3070.60, 10331.22, 442.66
14806.82, 411.74, 395.64, 6217.09, 2684.70, 88.58, 21254.70, 533.20, 25986.86, 5089.42, 12299.77, 1604.34
8194.12, 247.59, 226.09, 5791.84, 1102.05, 32.02, 10234.78, 342.49, 14712.32, 3138.77, 5865.49, 805.58
6548.27, 198.39, 212.22, 5436.22, 904.36, 8.57, 7374.37, 261.36, 11865.00, 2606.71, 4026.02, 557.61
4472.82, 232.96, 183.91, 6810.02, 514.48, 2.62, 5110.34, 395.95, 8480.08, 1558.77, 2374.74, 206.80
2508.14, 120.30, 93.99, 6493.86, 337.44, 0.05, 3602.06, 205.17, 6495.56, 965.10, 1320.00, 148.24
2909.55, 25.92, 63.68, 4220.96, 179.50, 5.48, 2652.59, 49.59, 3986.23, 295.11, 941.52, 31.21
628.79, 5.60, 36.84, 2422.84, 75.16, 0.00, 1528.09, 7.60, 2925.70, 25.85, 461.72, 3.27
331.11, 1.17, 25.21, 1677.98, 43.58, 0.00, 1335.70, 1.95, 2855.71, 8.66, 283.25, 10.67
562.48, 2.05, 21.54, 1210.20, 26.12, 0.00, 1389.25, 5.12, 2852.10, 48.47, 352.81, 37.76
498.64, 4.46, 15.39, 934.56, 21.64, 0.00, 857.97, 5.82, 1840.57, 40.98, 380.79, 34.84
1703.59, 28.62, 43.14, 1140.91, 22.85, 5.00, 4881.93, 39.79, 6422.19, 475.29, 840.34, 295.78
2972.93, 42.95, 92.57, 1201.20, 19.22, 23.06, 5814.97, 98.52, 9476.93, 1505.75, 1884.89, 550.52
2813.34, 38.36, 50.93, 1365.39, 77.02, 3.98, 5592.82, 77.84, 11295.67, 2014.78, 1675.26, 693.26
4197.99, 83.90, 101.75, 1985.55, 217.25, 21.67, 6803.05, 156.64, 12872.35, 1965.23, 2316.24, 826.91
2415.78, 115.36, 88.90, 2329.41, 46.48, 4.75, 3707.68, 200.37, 7874.33, 1567.63, 1292.00, 311.18
2071.24, 66.65, 55.82, 2695.93, 26.56, 0.50, 3034.52, 142.40, 7765.49, 1032.20, 1006.93, 195.46
741.28, 9.04, 22.51, 1627.71, 9.80, 0.00, 1380.82, 25.89, 4077.98, 449.19, 397.85, 49.77
241.36, 0.97, 16.00, 1034.68, 0.21, 0.00, 933.42, 3.73, 2781.84, 70.67, 240.65, 11.85
41.31, 0.01, 10.42, 691.17, 0.00, 0.00, 665.17, 0.05, 1994.28, 0.42, 146.60, 0.15
279.92, 0.48, 11.85, 529.30, 0.00, 0.00, 1179.92, 1.28, 2519.88, 45.10, 287.45, 27.95
1632.64, 20.14, 54.61, 893.07, 0.64, 2.83, 3573.26, 52.95, 5476.49, 180.00, 1161.92, 178.92
8364.34, 80.50, 158.09, 2116.23, 147.13, 19.39, 18760.23, 180.87, 23893.11, 2928.80, 6172.40, 1136.56
11116.35, 51.95, 191.65, 1129.80, 991.53, 31.69, 15674.96, 223.82, 22311.19, 4632.20, 10480.21, 1604.01
14242.74, 184.82, 200.31, 2947.67, 1556.12, 111.37, 13161.85, 348.69, 15238.45, 3364.18, 6087.88, 1048.80
17381.71, 221.81, 401.73, 4609.14, 2826.18, 84.89, 19602.13, 470.88, 20090.14, 5034.15, 11422.18, 1282.36
13429.40, 265.28, 455.43, 6258.50, 1853.27, 101.01, 15141.77, 565.06, 20475.47, 4153.01, 10137.90, 1139.59
22445.66, 454.00, 570.59, 10693.65, 4309.92, 117.11, 32637.16, 670.05, 26729.37, 4447.55, 16702.48, 1790.51
7827.42, 350.33, 299.94, 8825.31, 1383.52, 1.90, 9488.51, 556.91, 10641.30, 2424.25, 6345.31, 390.42
4310.80, 113.08, 149.68, 6379.09, 856.28, 0.05, 6947.86, 217.98, 8757.99, 1439.70, 3194.91, 308.22
2598.56, 45.95, 92.53, 4150.89, 466.99, 0.01, 5181.58, 51.93, 6843.54, 666.76, 1900.69, 149.37
1039.15, 8.69, 61.50, 2682.56, 210.97, 0.00, 3382.09, 12.93, 4357.30, 156.97, 1134.95, 57.31
2361.82, 22.61, 89.08, 2733.88, 153.26, 1.04, 3721.82, 57.06, 4197.74, 83.61, 1222.12, 68.82
3386.27, 56.89, 123.49, 2372.34, 164.70, 9.52, 5145.29, 124.52, 5711.32, 345.47, 1782.90, 160.41
4622.19, 99.31, 176.01, 3404.89, 413.97, 26.78, 5871.41, 279.44, 7882.25, 1104.88, 2915.56, 345.43
12817.02, 194.62, 250.69, 4872.12, 2205.50, 69.50, 14995.70, 366.52, 17377.93, 3830.26, 5537.87, 1088.49
9725.02, 243.69, 310.50, 5385.40, 2036.30, 86.52, 14836.78, 500.24, 23705.51, 4835.50, 5352.91, 1232.26
14659.34, 292.79, 391.54, 7731.69, 2608.28, 98.29, 25850.89, 559.42, 30998.05, 6802.49, 12605.58, 2422.76
21853.38, 467.13, 585.74, 10321.57, 4182.17, 167.85, 41739.36, 827.46, 50352.79, 10193.41, 17678.59, 4297.49
11724.96, 195.15, 333.27, 6485.36, 2317.75, 40.78, 18144.31, 405.00, 22722.25, 6226.42, 8722.68, 1627.97
9989.09, 422.43, 421.87, 9356.64, 2543.16, 21.10, 13383.22, 690.52, 15371.78, 4230.51, 6359.89, 1017.34
5220.81, 358.45, 317.20, 14365.08, 1366.56, 0.10, 8480.61, 713.40, 10418.29, 2492.28, 3841.56, 455.63
2820.19, 65.56, 130.22, 5712.16, 761.63, 0.00, 5596.60, 173.63, 7252.29, 1303.68, 2015.71, 297.37
1393.92, 21.42, 92.70, 3949.53, 379.75, 0.00, 4203.14, 41.63, 6390.87, 491.25, 1262.21, 227.82
1056.02, 8.66, 80.61, 2662.48, 256.40, 0.49, 3175.46, 31.28, 5300.75, 318.59, 963.15, 176.85
1186.28, 13.79, 51.67, 2142.68, 202.32, 0.46, 2984.94, 16.93, 4210.02, 205.36, 1001.49, 156.42
11201.41, 106.79, 276.35, 3251.43, 1371.86, 49.20, 14784.28, 268.39, 15682.96, 2235.71, 6970.58, 823.38
12095.13, 186.96, 330.29, 3749.61, 2255.50, 96.92, 20602.52, 390.67, 24808.13, 4468.36, 10376.94, 2082.58
5610.69, 98.83, 170.36, 2878.05, 932.07, 14.34, 7367.22, 192.86, 10742.00, 2910.56, 3860.90, 587.29
7104.44, 93.97, 161.29, 3034.12, 901.82, 17.34, 9836.20, 172.93, 11879.25, 2726.14, 5305.69, 476.24
5885.63, 104.65, 207.47, 3341.09, 1160.98, 16.64, 10142.24, 218.86, 13742.81, 2451.06, 5095.52, 644.19
5108.61, 82.51, 148.87, 2935.71, 823.06, 4.29, 6239.95, 178.97, 10280.67, 2169.68, 3357.41, 327.47
3603.87, 170.99, 139.81, 3416.04, 541.97, 0.94, 3832.51, 316.71, 7205.76, 1334.88, 2126.70, 161.29
2447.59, 38.94, 73.69, 2093.11, 346.35, 0.36, 3165.20, 94.28, 6142.11, 679.11, 1382.44, 95.87
859.64, 11.25, 42.35, 1610.20, 170.24, 0.00, 1944.57, 23.02, 3619.56, 137.57, 716.99, 5.74
283.26, 2.29, 26.37, 1083.06, 83.71, 0.00, 1366.49, 4.57, 2806.95, 14.06, 467.82, 18.37
178.04, 0.43, 19.10, 657.54, 40.72, 0.00, 1509.18, 1.46, 3412.58, 13.14, 325.68, 4.63
1534.65, 20.97, 50.18, 919.16, 51.36, 2.31, 2273.63, 37.36, 3811.68, 107.73, 738.69, 81.57
4469.81, 49.45, 103.97, 1576.52, 68.81, 11.60, 6512.29, 105.50, 15611.87, 2585.70, 2457.81, 992.98
1709.73, 11.21, 21.57, 663.54, 61.50, 3.34, 2620.28, 32.54, 6214.26, 1542.43, 1105.36, 469.49
1061.36, 6.11, 26.15, 662.00, 105.22, 2.45, 1578.76, 24.86, 3843.39, 1103.37, 804.84, 124.47
3283.54, 24.81, 61.72, 926.39, 208.06, 10.87, 5924.08, 83.71, 6314.98, 1745.71, 2233.06, 318.10
3423.96, 52.00, 92.18, 1539.02, 142.99, 18.76, 4459.17, 133.63, 5798.19, 1003.68, 1651.41, 235.74
3410.11, 124.30, 150.61, 3116.00, 453.49, 1.26, 3440.97, 277.25, 4402.66, 1063.56, 1821.72, 115.55
1309.16, 33.35, 50.13, 2528.93, 98.65, 0.00, 1327.45, 95.10, 2679.50, 436.63, 966.09, 39.45
810.29, 6.19, 34.21, 1679.99, 44.21, 0.07, 1028.31, 19.14, 2422.73, 173.56, 582.05, 38.98
209.47, 5.00, 24.77, 1185.12, 6.00, 0.00, 781.40, 4.53, 1485.34, 13.91, 363.33, 17.22
65.64, 0.09, 15.06, 705.22, 0.86, 0.00, 513.48, 0.20, 1323.02, 6.74, 230.45, 19.18
741.21, 4.14, 38.91, 820.23, 3.06, 0.46, 1979.33, 16.07, 4443.91, 46.35, 492.58, 98.52
662.16, 16.58, 28.83, 862.36, 2.98, 1.16, 1009.01, 28.03, 1975.64, 146.33, 302.76, 105.57
2681.03, 31.00, 68.58, 1269.54, 6.69, 10.38, 2780.74, 53.03, 2481.88, 108.46, 1372.67, 128.05
2591.06, 39.91, 59.10, 1327.55, 58.93, 7.15, 3163.19, 88.31, 5317.01, 458.82, 1535.35, 183.93
4003.47, 63.76, 113.06, 1876.71, 295.45, 13.85, 7002.09, 164.95, 13490.04, 1708.61, 2399.84, 606.46
29083.01, 533.23, 702.05, 9007.03, 6572.13, 186.49, 44468.77, 681.71, 44002.49, 9062.72, 21101.82, 2952.07
14798.57, 487.51, 515.62, 9112.68, 2640.05, 95.27, 19410.22, 732.92, 27696.77, 5473.70, 12106.06, 1893.98
5658.10, 209.09, 204.63, 6636.34, 946.19, 8.61, 8720.14, 308.74, 12639.62, 3080.45, 3952.00, 504.40
4266.90, 190.40, 133.70, 5814.22, 611.56, 2.17, 6992.21, 237.53, 12163.29, 2023.91, 2530.51, 386.28
2164.05, 48.78, 73.67, 5327.05, 338.73, 0.00, 4159.54, 57.58, 6844.27, 966.69, 1383.56, 176.82
1174.00, 12.46, 61.08, 2753.19, 169.46, 0.00, 3022.82, 17.39, 4931.02, 299.73, 861.21, 76.51
284.98, 1.54, 33.10, 1861.96, 62.97, 0.00, 2090.20, 0.78, 3578.73, 11.15, 515.13, 13.20
1609.01, 11.62, 52.26, 1597.10, 52.43, 2.27, 4724.09, 26.04, 6360.70, 247.35, 1402.78, 131.19
384.61, 3.67, 15.42, 996.34, 39.34, 0.00, 1638.39, 1.83, 2821.52, 102.60, 354.43, 54.80
309.64, 0.04, 13.37, 579.10, 23.73, 0.02, 1266.72, 0.86, 2271.57, 105.73, 266.50, 31.57
586.34, 3.40, 15.71, 541.44, 19.47, 0.29, 1375.32, 6.30, 2481.17, 189.91, 296.48, 93.00
1724.48, 17.77, 45.57, 924.37, 18.18, 4.85, 3292.87, 39.44, 6569.90, 1252.10, 1000.09, 229.50
3007.39, 42.30, 66.74, 1230.66, 20.24, 7.75, 5782.58, 67.74, 8322.90, 1891.55, 2158.31, 374.68
3225.37, 45.59, 80.20, 1427.41, 49.97, 15.83, 8121.20, 119.14, 15299.99, 3140.68, 2149.71, 1073.42
755.39, 37.04, 29.25, 1334.80, 9.86, 0.16, 2308.24, 97.69, 5234.34, 1605.71, 1045.00, 183.91
1015.30, 14.71, 26.20, 1110.21, 1.57, 0.27, 2154.86, 34.36, 5471.04, 980.21, 778.32, 126.37
294.85, 1.13, 7.30, 656.90, 0.01, 0.00, 1159.53, 4.49, 3312.02, 405.79, 343.98, 21.52
68.03, 0.02, 3.95, 350.11, 0.00, 0.00, 1029.88, 0.66, 3993.38, 105.67, 258.83, 6.16
1.04, 0.00, 2.70, 258.11, 0.00, 0.00, 536.24, 0.00, 1499.87, 1.69, 120.79, 0.00
3.78, 0.22, 1.96, 212.16, 0.00, 0.00, 401.09, 0.00, 1105.61, 0.00, 74.37, 0.00
361.98, 13.58, 21.96, 566.70, 0.00, 0.13, 539.53, 26.76, 941.73, 1.90, 193.14, 10.54
921.87, 17.30, 23.06, 928.86, 0.00, 0.55, 1355.44, 25.66, 2433.15, 57.48, 465.54, 116.86
2668.99, 16.18, 32.25, 608.74, 0.16, 3.47, 5008.01, 29.80, 9399.67, 1415.78, 2144.57, 638.67
2943.71, 41.51, 59.13, 1568.13, 1.85, 4.45, 5605.99, 95.81, 10446.67, 2046.81, 2242.04, 801.50
528.73, 10.41, 23.34, 645.88, 10.91, 0.15, 1833.28, 47.29, 3820.22, 1171.12, 1023.65, 130.52
1014.88, 28.35, 25.60, 1325.27, 3.52, 2.30, 1818.65, 66.84, 3518.75, 752.88, 928.95, 77.58
1812.33, 63.24, 54.95, 1937.57, 2.27, 4.82, 2601.36, 114.51, 7022.14, 707.30, 1259.24, 172.82
630.26, 40.16, 28.58, 1458.49, 0.17, 0.33, 1574.44, 56.47, 5703.51, 723.75, 746.10, 212.70
576.25, 7.75, 12.05, 1034.16, 0.06, 0.00, 1488.80, 11.28, 3816.65, 808.80, 430.93, 85.88
63.45, 3.64, 5.08, 643.73, 0.00, 0.00, 622.28, 1.91, 1879.31, 182.76, 246.91, 7.81
11.70, 0.47, 3.44, 411.93, 0.00, 0.00, 318.70, 0.41, 1476.54, 16.35, 90.12, 0.00
18.04, 0.67, 3.12, 375.81, 0.00, 0.00, 249.35, 0.52, 1264.25, 0.61, 67.76, 0.00
3.49, 0.03, 1.37, 161.36, 0.00, 0.00, 176.88, 0.01, 798.21, 0.95, 37.17, 11.68
3848.31, 38.72, 59.75, 869.44, 1.38, 5.89, 6316.56, 61.75, 8291.11, 733.05, 2824.09, 567.89
1172.77, 16.95, 27.43, 624.01, 0.00, 7.02, 1304.50, 22.68, 2866.08, 540.26, 1250.67, 281.66
1594.84, 7.37, 36.29, 528.44, 0.37, 3.00, 2482.09, 30.66, 4761.63, 815.75, 1340.48, 216.51
2278.70, 21.01, 39.74, 871.86, 59.14, 4.12, 3248.77, 62.38, 3673.07, 610.40, 1375.90, 75.97
10206.90, 106.80, 206.40, 2353.42, 628.09, 27.64, 20179.32, 278.45, 23316.06, 4339.47, 8343.23, 1556.26
4095.16, 108.17, 87.66, 2062.61, 94.58, 2.88, 6114.85, 197.40, 9590.71, 2356.15, 3858.47, 392.47
2434.96, 47.32, 48.55, 1746.95, 39.95, 0.09, 3999.33, 90.64, 6883.11, 1571.87, 2014.32, 173.25
1730.68, 11.52, 26.74, 887.15, 22.49, 0.00, 3228.79, 23.84, 4639.32, 815.99, 1202.66, 69.12
638.43, 0.41, 15.65, 592.98, 4.80, 0.00, 1659.34, 2.01, 2930.23, 285.13, 677.65, 10.50
461.68, 1.26, 14.03, 515.16, 0.14, 0.00, 1604.88, 3.94, 2922.65, 45.83, 573.58, 4.86
1271.12, 19.01, 51.79, 941.12, 0.40, 3.34, 2562.83, 40.82, 4239.20, 201.31, 748.28, 144.95
2263.23, 40.85, 75.16, 798.46, 4.25, 9.00, 4189.24, 59.25, 6174.02, 524.14, 1488.62, 178.12
2001.41, 23.73, 44.63, 490.20, 7.52, 6.12, 2211.16, 41.95, 2491.25, 324.61, 1186.96, 44.56
512.48, 6.33, 14.71, 149.53, 18.78, 0.08, 885.58, 13.65, 1315.04, 204.34, 447.25, 3.07
2433.45, 48.53, 56.41, 1136.97, 17.28, 8.60, 5843.28, 87.37, 8862.85, 2059.95, 2016.08, 288.74
2849.13, 36.74, 56.84, 1009.90, 152.49, 11.06, 4339.55, 69.95, 6319.04, 1038.78, 1455.32, 147.65
2993.38, 86.01, 98.67, 1716.02, 120.95, 10.69, 5108.18, 145.47, 7906.42, 1410.76, 2056.63, 142.14
2119.98, 84.03, 59.76, 1730.12, 47.17, 3.31, 2491.92, 106.29, 4283.50, 866.55, 1907.03, 50.81
2127.66, 38.58, 71.74, 1823.03, 32.82, 5.04, 4068.06, 71.98, 9733.57, 1501.97, 2324.45, 509.85
1955.67, 12.75, 34.06, 996.92, 27.50, 0.44, 3713.69, 22.55, 6590.30, 1245.47, 1731.85, 199.16
604.19, 5.41, 20.95, 715.88, 4.63, 0.00, 1373.21, 5.82, 3370.54, 479.33, 821.25, 14.01
226.32, 0.06, 13.60, 455.62, 0.09, 0.00, 1299.18, 0.77, 3259.40, 130.54, 491.64, 44.78
171.79, 0.73, 12.33, 457.95, 0.03, 0.00, 909.88, 3.75, 1927.51, 40.25, 406.21, 6.18
189.03, 0.25, 7.93, 230.78, 0.00, 0.00, 796.18, 0.54, 1680.70, 30.88, 264.54, 35.29
647.49, 5.80, 17.63, 297.32, 0.02, 0.67, 1283.31, 14.17, 2246.63, 99.50, 384.91, 20.86
494.58, 3.42, 9.29, 393.86, 0.17, 0.18, 992.39, 4.66, 1463.03, 63.13, 400.52, 23.97
271.73, 4.87, 10.40, 384.08, 0.01, 0.00, 696.95, 9.89, 1675.89, 48.26, 278.33, 29.92
1022.51, 13.31, 19.94, 237.84, 0.04, 1.46, 1494.43, 18.91, 2469.54, 468.32, 692.11, 135.21
7609.47, 170.34, 141.92, 4411.00, 11.79, 48.42, 11837.48, 248.75, 13712.33, 2318.54, 5552.10, 1110.88
2499.68, 112.36, 61.86, 3173.28, 202.78, 4.02, 5654.02, 127.79, 6305.94, 1405.22, 2380.43, 334.72
2331.81, 168.48, 74.83, 3629.49, 21.80, 1.79, 3118.62, 214.27, 6405.47, 953.74, 2254.82, 120.34
1441.57, 75.84, 50.56, 3659.38, 3.44, 0.59, 1720.76, 138.54, 3086.80, 508.11, 1343.34, 49.11
912.17, 12.21, 21.44, 2046.23, 0.56, 0.18, 1765.54, 25.28, 2632.70, 141.34, 678.15, 6.95
325.51, 0.85, 16.80, 1354.87, 0.00, 0.00, 985.78, 3.24, 1668.16, 10.71, 501.97, 3.72
87.82, 0.45, 10.66, 987.93, 0.00, 0.00, 608.88, 1.10, 1050.49, 0.05, 253.19, 0.00
1622.96, 27.86, 59.16, 1222.73, 4.50, 11.04, 1508.52, 56.80, 1814.97, 56.12, 756.84, 55.41
1067.12, 23.51, 31.10, 947.40, 0.58, 1.15, 1523.45, 30.64, 2657.69, 118.36, 548.75, 59.89
980.90, 16.12, 26.28, 732.48, 0.24, 2.18, 1827.26, 28.42, 2471.21, 179.96, 603.19, 162.40
958.83, 21.48, 24.14, 799.86, 1.09, 2.64, 1772.22, 28.86, 1952.89, 339.45, 622.14, 124.76
4080.39, 72.63, 84.07, 1791.93, 41.75, 20.64, 8415.60, 141.24, 11849.72, 2718.27, 2922.89, 1332.56
2276.07, 69.51, 90.70, 1740.27, 61.79, 13.51, 4406.29, 144.80, 9624.43, 2642.00, 1755.22, 1041.54
1367.40, 85.34, 35.10, 1956.40, 0.11, 0.91, 3211.26, 95.50, 7076.83, 2115.33, 1168.50, 579.52
471.75, 17.49, 19.40, 1350.78, 0.00, 0.00, 1538.11, 21.56, 3573.60, 1200.44, 505.12, 185.58
431.38, 4.31, 23.39, 880.64, 0.00, 0.05, 1607.90, 14.46, 4053.82, 672.34, 602.38, 204.38
663.77, 27.22, 49.20, 1064.81, 0.01, 1.13, 1468.28, 58.38, 2916.64, 340.62, 266.40, 42.56
68.53, 0.36, 8.77, 436.54, 0.00, 0.00, 680.28, 3.53, 1510.79, 30.75, 119.32, 2.63
55.95, 0.20, 4.11, 297.27, 0.00, 0.00, 433.56, 0.82, 1141.39, 15.18, 74.81, 0.49
548.33, 10.19, 41.73, 521.33, 0.01, 1.99, 1315.80, 35.26, 2943.26, 132.02, 858.14, 175.01
1272.83, 14.30, 6.78, 753.64, 0.20, 0.28, 1716.97, 3.15, 3534.51, 129.41, 174.51, 82.86
4815.87, 63.70, 87.25, 1345.60, 11.16, 28.06, 5539.14, 93.12, 8773.55, 1063.63, 2514.03, 481.75
10528.83, 252.59, 169.94, 4292.19, 1291.16, 114.63, 17809.19, 278.20, 19844.93, 3299.33, 5905.63, 1381.38
9926.34, 180.43, 135.51, 4362.19, 619.46, 59.23, 14138.16, 177.33, 15978.29, 2915.22, 5434.17, 1185.73
10194.91, 272.49, 357.74, 6385.06, 1797.05, 40.01, 16791.27, 382.25, 22023.54, 4243.78, 6662.81, 1414.35
6807.10, 219.86, 249.86, 5486.25, 978.64, 18.73, 10435.28, 338.60, 15946.50, 3649.15, 5430.35, 759.36
5086.01, 318.25, 195.82, 7881.28, 491.39, 2.83, 6936.41, 405.71, 10953.82, 2816.42, 3848.79, 540.11
4647.80, 116.36, 112.86, 5442.45, 323.51, 2.50, 7006.39, 150.66, 13465.71, 3135.69, 3095.98, 610.80
1765.62, 22.32, 57.06, 2933.52, 167.36, 0.00, 3165.33, 25.88, 5820.85, 1235.41, 1323.20, 145.44
826.34, 3.26, 37.64, 1985.86, 73.39, 0.00, 2527.67, 2.94, 5286.78, 483.24, 896.93, 60.13
357.44, 0.08, 24.10, 1346.94, 33.84, 0.00, 1615.73, 0.02, 3830.88, 150.04, 500.93, 20.77
955.44, 6.43, 33.68, 1103.87, 27.58, 0.33, 2507.21, 14.58, 4689.19, 138.48, 612.60, 74.37
584.68, 6.81, 27.92, 931.93, 24.92, 1.34, 1281.25, 14.42, 2490.40, 114.76, 630.84, 62.15
2887.25, 32.77, 32.37, 1307.77, 26.07, 4.23, 4318.24, 25.84, 6240.77, 420.69, 1336.22, 323.54
1213.24, 14.82, 32.22, 766.26, 15.66, 3.96, 1976.76, 24.09, 5533.14, 684.47, 798.52, 261.78
3029.27, 54.06, 61.66, 1469.76, 16.52, 12.69, 6290.20, 76.76, 8846.09, 1310.38, 1754.12, 529.45
1641.65, 39.33, 45.05, 1370.80, 42.53, 0.74, 3225.23, 106.49, 5604.63, 886.72, 1281.15, 129.24
1440.57, 50.00, 49.28, 1509.40, 8.36, 6.21, 2189.53, 88.89, 4431.19, 621.92, 957.71, 185.23
1348.12, 42.21, 47.33, 1567.90, 8.23, 1.11, 2366.12, 76.05, 6132.12, 489.75, 683.00, 81.62
329.98, 6.94, 12.41, 941.32, 0.20, 0.00, 800.05, 15.54, 2847.58, 171.84, 237.53, 31.94
60.27, 0.02, 8.29, 523.01, 0.00, 0.00, 519.04, 1.03, 1700.95, 7.14, 135.69, 0.04
6.28, 0.00, 5.25, 344.41, 0.00, 0.00, 362.88, 0.00, 1138.12, 0.00, 82.53, 0.00
64.15, 4.48, 11.81, 366.81, 0.00, 0.00, 358.26, 6.05, 1106.96, 5.92, 171.10, 0.14
537.68, 39.26, 24.62, 1253.53, 0.15, 3.17, 745.05, 33.47, 915.80, 3.32, 132.08, 0.06
3896.17, 53.00, 71.57, 1149.92, 3.03, 11.48, 3618.30, 87.70, 4554.26, 212.12, 1394.68, 189.57
3641.32, 31.13, 49.00, 926.52, 29.20, 8.72, 4052.69, 68.67, 4204.44, 144.64, 2728.13, 146.84
15184.09, 361.91, 256.62, 5884.57, 1722.91, 126.40, 33596.07, 432.45, 38950.35, 7583.87, 12291.32, 2853.15
5230.91, 147.03, 136.32, 4241.48, 505.18, 14.47, 9410.96, 213.07, 15636.69, 4279.85, 3966.28, 1002.01
22903.95, 634.95, 528.77, 11288.94, 3238.13, 142.88, 39143.21, 693.71, 46727.66, 7891.23, 16587.54, 3045.82
12169.53, 280.27, 375.34, 7464.02, 1494.21, 30.48, 18539.96, 472.60, 26441.23, 5229.98, 8807.48, 1118.91
12995.36, 407.23, 415.68, 9390.02, 2347.11, 46.12, 21074.63, 670.93, 20740.39, 3767.99, 7735.44, 776.81
5749.42, 238.24, 194.98, 8648.61, 910.46, 4.76, 10233.71, 383.25, 13858.00, 2527.54, 3336.68, 450.43
3016.55, 41.51, 100.60, 5153.66, 511.61, 0.00, 6278.14, 85.44, 8121.06, 1378.52, 1800.60, 207.11
1435.10, 9.02, 65.11, 2973.33, 230.14, 0.00, 4260.38, 15.28, 5954.67, 563.89, 1076.26, 103.55
696.98, 0.96, 41.75, 2013.93, 112.36, 0.00, 3046.54, 1.79, 4614.33, 182.36, 658.73, 47.18
478.89, 0.03, 28.66, 1367.88, 81.31, 0.00, 2186.23, 0.06, 3428.06, 90.55, 403.99, 35.84
500.91, 0.01, 20.52, 936.07, 49.78, 0.00, 1749.49, 0.30, 2824.79, 54.60, 355.39, 37.54
4465.64, 81.95, 106.81, 2252.52, 83.04, 13.53, 6709.55, 114.56, 13376.67, 1954.16, 2712.38, 713.30
6689.15, 102.69, 102.75, 1974.05, 172.31, 44.84, 8757.74, 189.93, 14837.27, 2981.89, 3708.37, 788.65
11905.60, 313.09, 326.12, 4965.86, 2578.98, 82.04, 18467.46, 481.58, 32511.49, 4506.40, 9265.56, 1717.78
10019.69, 303.51, 297.10, 5758.65, 1495.99, 39.91, 11557.45, 453.56, 18447.59, 3949.38, 5867.29, 944.92
8639.38, 281.32, 198.85, 5740.26, 663.13, 14.03, 11383.87, 359.44, 17540.60, 3101.76, 7045.63, 431.84
9003.85, 239.36, 187.08, 5878.50, 577.60, 14.25, 12362.68, 317.07, 20358.95, 2674.01, 7437.31, 590.65
3546.27, 40.14, 86.23, 3542.08, 329.69, 0.32, 5226.80, 77.37, 9346.35, 1644.49, 2671.22, 187.30
1877.30, 8.14, 54.56, 2285.28, 160.04, 0.00, 3862.48, 13.49, 7255.80, 706.49, 1636.32, 56.58
822.80, 0.23, 35.63, 1537.42, 64.02, 0.00, 2641.74, 1.37, 5072.08, 201.03, 984.23, 11.54
631.14, 0.15, 23.37, 1028.62, 35.99, 0.00, 2334.29, 0.45, 4401.82, 108.18, 754.85, 22.93
764.89, 12.07, 33.85, 1022.99, 26.38, 0.38, 2027.48, 19.38, 4102.35, 136.05, 633.56, 93.83
4138.35, 117.13, 100.00, 3380.39, 46.24, 11.96, 3757.38, 168.49, 7808.81, 523.96, 1401.66, 404.09
14556.63, 273.74, 276.20, 4772.83, 1350.35, 64.31, 15040.10, 441.56, 32438.63, 5586.32, 11029.07, 1635.71
34474.84, 719.10, 814.03, 12917.79, 6686.01, 185.88, 39700.20, 1215.74, 53184.47, 7303.21, 22643.31, 2046.04
7491.96, 180.73, 192.41, 6121.27, 1259.45, 18.19, 9767.08, 295.92, 16177.90, 3319.47, 4836.91, 582.66
5614.96, 131.98, 174.29, 5329.87, 1090.00, 2.32, 7699.38, 254.46, 14412.61, 2512.29, 3593.94, 376.78
4668.42, 93.09, 111.78, 4327.85, 673.02, 0.63, 5810.71, 180.47, 12667.69, 1857.36, 2262.75, 296.22
2753.42, 90.87, 82.21, 4101.18, 405.46, 0.41, 3745.35, 142.89, 8450.51, 1128.26, 1313.60, 139.65
2287.86, 17.73, 61.13, 2652.87, 241.88, 0.32, 3295.20, 38.40, 7254.14, 719.29, 1048.48, 195.03
657.41, 4.62, 32.35, 1696.47, 107.17, 0.00, 1856.43, 8.15, 4659.61, 311.30, 466.99, 24.10
257.23, 0.99, 19.99, 1150.15, 32.44, 0.00, 1473.02, 0.83, 4037.05, 81.52, 366.70, 62.01
143.08, 2.26, 15.42, 863.26, 11.79, 0.00, 1487.45, 1.59, 3800.54, 42.64, 232.50, 28.47
1052.93, 1.15, 24.49, 657.09, 14.43, 0.33, 2066.44, 6.43, 3515.32, 105.31, 594.54, 65.97
2222.87, 20.79, 55.92, 1217.90, 16.39, 7.21, 3745.77, 42.90, 10038.76, 535.66, 1318.62, 449.12
1991.86, 29.17, 32.46, 908.47, 22.10, 5.63, 3333.56, 30.71, 7933.10, 895.84, 1177.02, 305.04
7959.70, 111.52, 182.67, 2272.48, 523.90, 75.37, 17903.73, 277.70, 29342.27, 4419.34, 5498.92, 1556.07
14897.03, 285.29, 273.10, 4833.01, 2314.63, 166.17, 29255.66, 400.73, 48040.59, 8891.72, 10552.69, 4417.92
10816.09, 323.82, 300.95, 5600.23, 1705.68, 46.16, 14977.40, 420.24, 25455.12, 7270.18, 6066.32, 1992.20
9184.39, 246.45, 249.48, 5925.25, 1160.06, 50.04, 12570.10, 375.18, 19509.39, 5188.19, 5913.93, 1325.75
8797.59, 269.42, 285.37, 7031.75, 1115.12, 27.46, 12315.24, 461.64, 25121.66, 4357.12, 5964.70, 896.79
5620.04, 301.84, 224.08, 8635.16, 843.36, 2.58, 8284.22, 543.65, 16426.78, 3203.79, 3408.02, 654.71
2670.37, 51.53, 102.71, 5312.10, 429.67, 0.00, 4549.00, 149.53, 9879.91, 1625.48, 1853.13, 254.12
1226.01, 10.65, 63.41, 3042.74, 168.02, 0.00, 3172.57, 25.41, 7230.93, 618.02, 1127.54, 125.43
1266.69, 6.74, 64.74, 2398.36, 101.35, 0.02, 2957.42, 25.05, 6504.34, 271.61, 955.76, 75.00
1062.72, 3.45, 34.61, 1528.98, 98.30, 0.06, 2421.54, 6.01, 4728.28, 288.19, 636.10, 111.77
3118.31, 15.00, 65.86, 1346.63, 96.18, 2.50, 5480.89, 48.80, 13236.05, 1487.56, 2269.18, 572.81
3401.18, 30.54, 54.46, 1262.19, 99.89, 5.33, 6341.40, 53.47, 11898.79, 1889.79, 2011.76, 387.98
7405.38, 106.82, 152.97, 2122.56, 419.88, 23.79, 8007.26, 251.89, 12731.92, 1918.45, 4942.34, 483.91
15945.61, 184.33, 307.27, 2690.22, 2188.05, 86.24, 20782.15, 354.59, 25485.77, 4252.74, 11616.05, 1650.12
7825.77, 86.28, 163.38, 2354.20, 693.47, 20.23, 10677.66, 220.99, 17949.07, 3507.93, 5247.70, 1041.10
7254.04, 146.10, 180.96, 3641.55, 895.85, 17.21, 8069.67, 250.28, 13224.22, 3090.36, 3843.98, 665.51
4818.16, 86.73, 117.13, 2999.59, 481.64, 2.69, 4639.86, 178.87, 8149.77, 1750.87, 2643.18, 230.30
2577.51, 23.24, 67.66, 2275.82, 288.97, 0.27, 3327.22, 56.59, 6451.05, 852.35, 1455.45, 125.47
1175.26, 2.89, 40.39, 1422.02, 127.27, 0.00, 2231.48, 8.27, 4308.16, 208.70, 879.66, 33.15
615.00, 0.38, 28.75, 911.62, 60.34, 0.00, 1746.17, 1.29, 3873.42, 33.13, 566.42, 11.11
240.87, 0.19, 18.14, 675.85, 25.57, 0.00, 1129.18, 1.75, 2639.02, 3.12, 327.98, 0.56
692.78, 1.24, 24.10, 430.27, 13.01, 0.79, 1554.77, 8.55, 3408.61, 91.83, 583.79, 74.20
1951.36, 21.73, 42.39, 876.39, 18.70, 3.69, 2932.91, 37.18, 4440.08, 258.52, 851.72, 237.67
883.19, 0.53, 9.71, 218.18, 17.69, 0.18, 1297.66, 2.47, 2756.41, 203.09, 357.43, 53.62
6682.61, 104.31, 181.04, 2266.61, 63.42, 38.82, 6507.24, 224.45, 15465.58, 2051.75, 3729.33, 440.68
12751.01, 172.00, 249.03, 3249.05, 1711.77, 108.20, 16468.57, 345.19, 25290.09, 4754.75, 9915.73, 2099.00
8182.47, 178.51, 160.42, 3647.83, 564.94, 34.36, 11379.04, 287.78, 15693.38, 3714.96, 4571.53, 1384.20
4585.30, 167.60, 125.99, 4080.14, 119.46, 6.36, 6171.69, 295.40, 13745.18, 3400.40, 3020.00, 750.31
4879.69, 96.54, 126.56, 3516.89, 84.84, 7.44, 4200.87, 234.16, 8314.42, 2051.19, 2200.54, 346.24
2283.22, 18.31, 54.33, 2137.92, 29.36, 0.18, 2481.91, 51.83, 5593.66, 1076.24, 1142.04, 173.33
885.66, 1.47, 32.00, 1284.61, 2.79, 0.00, 1643.64, 6.29, 4355.20, 443.64, 642.87, 62.04
198.46, 0.16, 22.45, 912.85, 0.00, 0.00, 1163.35, 1.57, 3095.31, 54.22, 391.02, 11.01
680.12, 3.78, 27.60, 743.53, 0.06, 1.01, 1132.99, 11.67, 4086.93, 31.14, 431.63, 63.80
1513.86, 16.59, 51.16, 1073.86, 0.20, 6.38, 2018.85, 40.69, 4415.49, 126.38, 887.55, 282.25
1136.10, 11.98, 18.51, 603.71, 0.54, 0.59, 1238.35, 10.70, 2474.81, 70.10, 328.79, 67.68
1263.61, 4.77, 18.69, 355.42, 0.19, 1.71, 1515.46, 13.09, 3332.06, 107.99, 521.09, 104.78
1598.98, 39.80, 46.40, 1053.53, 2.10, 10.88, 2030.74, 51.11, 4241.38, 220.63, 854.39, 314.84
2633.42, 37.59, 45.72, 1120.80, 2.60, 16.08, 4538.54, 65.52, 9481.24, 793.20, 1569.07, 946.59
2234.17, 108.29, 81.55, 2501.68, 15.73, 12.62, 4133.00, 192.30, 8210.63, 1790.46, 1850.68, 742.00
2969.15, 124.68, 114.23, 3537.92, 181.06, 19.22, 2839.03, 224.09, 8056.04, 1021.35, 1606.06, 311.73
911.32, 86.40, 50.40, 4554.90, 0.03, 0.16, 966.30, 124.85, 3577.00, 575.37, 848.60, 102.89
396.25, 10.01, 25.88, 2449.22, 0.00, 0.00, 782.55, 20.23, 3652.13, 262.13, 498.85, 108.25
89.17, 3.20, 22.89, 1880.24, 0.00, 0.00, 671.08, 11.03, 2167.98, 39.24, 289.27, 8.27
9.81, 0.03, 13.02, 1148.51, 0.00, 0.00, 337.07, 0.23, 1460.94, 0.37, 171.49, 0.18
136.44, 0.45, 13.11, 834.79, 0.00, 0.00, 522.68, 4.07, 2419.10, 59.45, 188.45, 18.84
28.04, 2.34, 13.83, 580.04, 0.00, 0.06, 299.18, 11.39, 1376.42, 26.14, 254.14, 71.56
3119.96, 47.69, 67.03, 1793.93, 0.74, 5.42, 4370.10, 69.97, 8433.77, 518.90, 1926.96, 527.76
4376.47, 73.27, 88.15, 1664.16, 4.24, 21.97, 6578.76, 124.77, 13987.53, 1798.04, 3667.73, 1493.88
3730.22, 50.23, 40.56, 1623.67, 35.76, 12.14, 6123.28, 92.25, 27460.07, 4209.96, 3150.90, 4428.85
3638.05, 48.28, 58.51, 1521.12, 27.44, 11.68, 4369.41, 107.88, 12921.79, 3818.57, 2793.69, 1969.31
5929.80, 89.54, 113.70, 2072.32, 267.12, 29.21, 5709.18, 156.74, 10830.63, 2638.12, 4244.99, 918.06
2870.48, 140.18, 78.51, 3114.78, 0.43, 2.09, 2817.90, 199.91, 7517.24, 1846.80, 2742.97, 525.43
2665.02, 72.26, 66.74, 2782.28, 1.89, 4.39, 2463.49, 132.87, 6395.67, 1240.74, 1923.57, 380.37
939.96, 12.30, 26.09, 1668.98, 0.00, 0.00, 1114.98, 30.81, 3659.38, 541.56, 908.03, 201.70
282.78, 0.89, 17.66, 1098.58, 0.00, 0.00, 800.92, 4.07, 2639.64, 68.18, 558.54, 75.26
39.47, 0.00, 11.33, 734.40, 0.00, 0.00, 540.50, 0.13, 1902.16, 5.20, 338.02, 28.99
6.77, 1.10, 7.86, 541.45, 0.00, 0.00, 386.21, 1.97, 1454.63, 5.64, 207.87, 12.90
4.64, 0.41, 5.30, 388.68, 0.00, 0.00, 288.10, 0.62, 1073.86, 0.01, 127.11, 12.07
2476.88, 79.86, 77.50, 2464.61, 1.61, 7.31, 4019.14, 107.63, 4282.00, 267.62, 1529.92, 217.44
4635.45, 65.29, 87.78, 1598.01, 5.59, 23.46, 12786.62, 139.92, 20920.44, 4324.39, 4579.85, 1648.49
2760.96, 41.05, 51.42, 1405.45, 19.03, 3.73, 10372.01, 119.69, 15291.12, 3771.78, 3557.71, 1574.85
1980.92, 43.12, 34.32, 1613.24, 0.82, 4.02, 5075.24, 62.48, 9425.82, 2653.34, 2630.88, 501.87
2996.37, 99.26, 51.27, 2157.24, 1.73, 5.64, 8164.72, 131.66, 16001.26, 3363.95, 4103.93, 742.71
6517.12, 206.16, 164.67, 3345.16, 409.17, 29.72, 10800.10, 298.16, 18882.50, 3971.06, 5058.97, 1092.75
4819.35, 200.36, 134.18, 4679.42, 46.43, 4.43, 7974.25, 303.37, 11466.60, 2904.41, 3990.63, 685.27
1955.13, 29.11, 50.76, 2938.85, 2.86, 0.00, 3783.25, 69.82, 6369.14, 1450.22, 1826.18, 181.18
801.40, 5.72, 38.40, 1977.30, 0.00, 0.00, 2698.48, 16.41, 4921.75, 470.92, 1121.88, 61.30
701.96, 7.69, 38.91, 1524.37, 0.00, 0.02, 2694.51, 14.57, 4797.64, 262.92, 924.94, 123.18
200.63, 0.30, 15.19, 889.74, 0.00, 0.00, 1398.55, 1.71, 3171.27, 40.10, 421.72, 304.80
27.29, 0.00, 9.82, 585.06, 0.00, 0.00, 975.62, 0.01, 1868.62, 7.21, 277.37, 30.19
1331.96, 19.27, 38.69, 876.26, 0.13, 1.20, 2247.39, 34.57, 4681.95, 366.05, 698.51, 330.82
4041.33, 59.41, 109.98, 1464.32, 4.47, 19.97, 6293.43, 128.04, 13520.22, 1366.59, 2583.13, 1030.21
2028.76, 28.70, 38.26, 786.07, 15.02, 12.26, 5020.07, 87.89, 11819.69, 1974.85, 1901.53, 701.57
4037.61, 56.02, 82.85, 1251.57, 246.92, 27.84, 13799.11, 144.00, 29060.96, 6377.13, 3956.67, 1977.56
3027.71, 156.66, 98.50, 2403.97, 78.86, 7.03, 5859.73, 249.84, 11518.60, 3369.05, 2146.67, 1009.32
1456.51, 67.08, 36.36, 1794.82, 0.00, 0.02, 3180.56, 99.73, 9537.92, 2233.81, 1354.01, 430.85
889.11, 18.85, 26.76, 1496.26, 0.00, 0.02, 2471.11, 35.09, 7651.88, 1407.48, 824.16, 226.20
348.88, 6.19, 13.51, 910.20, 0.00, 0.00, 1624.04, 4.16, 4486.81, 645.49, 429.98, 126.22
45.08, 0.38, 9.20, 600.29, 0.00, 0.00, 1040.91, 0.76, 3265.88, 121.02, 260.16, 26.35
11.22, 0.12, 6.47, 430.98, 0.00, 0.00, 712.14, 1.06, 2628.17, 7.30, 155.51, 4.86
82.42, 0.09, 5.20, 284.16, 0.00, 0.00, 675.47, 0.54, 1941.16, 0.23, 145.61, 2.60
2475.17, 78.60, 79.52, 1828.47, 1.21, 9.37, 3287.22, 102.17, 5581.60, 266.19, 923.91, 205.94
1132.70, 15.17, 31.99, 849.24, 0.22, 3.71, 1256.23, 48.85, 3035.09, 70.04, 372.13, 55.08
2005.05, 34.85, 81.77, 1100.93, 1.81, 16.00, 3172.11, 112.01, 8662.18, 1705.14, 1634.95, 653.32
6527.63, 233.41, 222.60, 3935.33, 1065.77, 74.86, 7968.98, 356.71, 9636.53, 1816.00, 2475.69, 705.99
3045.42, 155.48, 133.57, 3921.12, 274.41, 27.07, 3482.24, 214.79, 7379.93, 1615.75, 1535.20, 472.89
7721.98, 250.49, 239.63, 5808.74, 924.24, 69.00, 8125.43, 346.21, 13541.56, 2650.70, 3326.99, 1024.48
5180.25, 172.93, 166.88, 4964.13, 240.12, 16.53, 6116.08, 295.31, 10600.34, 2321.79, 2478.97, 687.51
7996.54, 383.93, 263.80, 11099.15, 246.34, 11.85, 10061.88, 648.06, 20078.61, 3249.79, 5275.04, 1027.26
4172.84, 118.76, 139.68, 10797.82, 144.40, 0.48, 4810.04, 326.89, 8948.50, 2174.89, 2153.70, 331.83
1705.58, 22.02, 68.69, 7369.00, 47.94, 0.00, 2451.94, 79.71, 5250.53, 941.18, 1104.73, 97.00
658.04, 6.53, 44.90, 3386.88, 8.32, 0.00, 1739.40, 18.61, 4071.58, 253.04, 671.45, 23.84
523.46, 2.97, 37.99, 2373.31, 4.48, 0.08, 1539.33, 9.18, 3269.57, 93.02, 464.83, 14.17
598.47, 2.81, 29.42, 1691.44, 2.41, 0.04, 1369.00, 11.05, 3132.67, 67.70, 457.40, 42.64
943.41, 4.87, 34.53, 1230.13, 2.34, 1.09, 2773.07, 18.44, 7587.59, 430.39, 884.86, 318.82
7817.94, 104.44, 253.45, 2890.32, 136.15, 35.20, 13292.20, 403.52, 22415.48, 4603.72, 8070.79, 1301.01
12037.62, 228.60, 261.43, 4141.94, 1424.24, 58.42, 18233.35, 508.35, 27250.79, 5808.17, 6540.91, 1863.57
6241.56, 68.23, 160.96, 2173.15, 282.26, 12.17, 8510.54, 228.35, 18728.55, 4747.89, 5647.85, 869.88
12533.18, 260.84, 296.36, 5474.71, 1858.89, 93.81, 23757.38, 430.13, 33920.98, 5230.26, 7059.48, 1985.14
19271.92, 510.59, 529.82, 11356.64, 3654.76, 122.47, 26574.50, 733.66, 33249.54, 6007.35, 12986.78, 1935.86
6276.11, 340.46, 251.89, 14059.25, 1146.50, 4.83, 9714.92, 548.97, 14086.91, 3450.91, 4188.26, 611.91
3492.98, 57.59, 109.89, 11632.87, 686.12, 0.02, 6642.68, 116.51, 9554.63, 2090.10, 2389.89, 323.69
1574.38, 11.23, 76.20, 5454.82, 274.57, 0.00, 4675.14, 21.51, 6951.05, 809.75, 1448.53, 145.68
658.22, 1.08, 49.18, 3196.27, 110.79, 0.00, 3279.65, 1.77, 5423.27, 246.83, 880.53, 74.01
252.92, 0.01, 31.63, 2169.85, 45.68, 0.00, 2346.03, 0.01, 3922.37, 51.09, 538.79, 30.27
396.86, 5.86, 33.56, 1769.40, 45.62, 0.16, 1846.03, 10.62, 3211.87, 27.08, 391.73, 38.88
1774.59, 12.94, 41.57, 1292.54, 48.33, 1.59, 3148.47, 22.98, 5828.63, 297.10, 997.42, 233.25
2528.11, 40.36, 62.44, 1636.20, 56.69, 6.07, 4021.48, 52.99, 7584.77, 865.26, 1463.17, 325.00
995.60, 11.51, 25.16, 886.58, 45.23, 3.11, 1177.36, 23.23, 3113.01, 626.53, 771.06, 73.70
3880.82, 43.60, 88.77, 1567.14, 39.83, 26.82, 7882.32, 122.69, 12646.46, 2420.66, 3128.53, 662.94
2611.71, 47.55, 54.38, 1838.38, 190.12, 6.91, 4102.63, 125.58, 6477.06, 1486.86, 1694.94, 239.82
2029.09, 22.37, 43.86, 1691.35, 17.86, 4.40, 2976.48, 68.11, 5744.43, 1053.55, 1444.22, 166.04
1145.53, 7.52, 33.77, 1897.90, 4.62, 1.10, 1759.73, 42.63, 3580.92, 613.61, 879.48, 57.31
426.61, 0.10, 11.47, 993.29, 0.00, 0.00, 1079.16, 3.71, 2611.24, 190.85, 509.34, 8.65
51.22, 0.00, 7.84, 682.53, 0.00, 0.00, 919.38, 0.63, 2213.08, 21.56, 246.79, 78.18
1.23, 0.03, 5.49, 466.61, 0.00, 0.00, 408.93, 1.12, 1150.75, 0.00, 145.18, 0.00
129.88, 1.45, 8.10, 464.68, 0.00, 0.00, 640.01, 5.67, 1735.55, 0.15, 225.82, 0.94
799.24, 1.34, 14.87, 286.50, 0.00, 0.00, 1576.47, 4.69, 3368.16, 140.50, 514.15, 113.87
411.03, 1.53, 11.17, 263.83, 0.00, 0.86, 787.31, 7.06, 1616.84, 15.58, 239.44, 16.36
1963.94, 27.39, 48.12, 860.60, 0.45, 9.02, 2399.74, 50.91, 4651.77, 389.26, 950.75, 259.68
2979.92, 74.13, 81.68, 1274.49, 4.09, 26.51, 5766.52, 133.12, 13352.18, 2275.09, 2104.59, 806.06
3120.24, 65.61, 74.49, 1228.80, 124.81, 24.44, 7019.55, 186.27, 12051.28, 2416.73, 2007.85, 1068.23
1770.83, 42.28, 59.04, 1490.49, 28.62, 2.28, 3413.45, 118.84, 6436.86, 1695.85, 1337.62, 272.73
973.55, 55.24, 42.52, 1526.77, 0.00, 0.18, 1804.12, 123.82, 4616.59, 1166.96, 890.38, 133.99
844.43, 103.00, 50.79, 3495.94, 0.00, 0.20, 1450.57, 163.69, 4031.74, 628.72, 843.70, 85.77
226.72, 23.10, 17.40, 3041.74, 0.00, 0.00, 779.14, 39.25, 2897.04, 236.12, 345.97, 15.21
36.70, 2.72, 11.46, 1757.90, 0.00, 0.00, 507.04, 6.34, 1643.85, 25.81, 211.68, 0.18
2.90, 0.04, 7.60, 1054.03, 0.00, 0.00, 357.05, 0.21, 1390.03, 1.38, 128.84, 0.06
0.22, 0.00, 4.83, 716.21, 0.00, 0.00, 256.26, 0.00, 908.12, 0.03, 79.14, 0.00
366.97, 7.52, 15.88, 722.33, 0.00, 0.03, 956.71, 15.48, 1732.60, 52.70, 365.54, 125.04
1858.14, 43.54, 43.21, 1399.58, 0.19, 2.36, 3038.16, 53.63, 4216.35, 210.57, 789.96, 141.94
1492.98, 27.45, 42.38, 693.65, 0.76, 8.18, 1782.07, 46.50, 2121.77, 103.96, 587.97, 101.08
1745.55, 55.90, 83.04, 1886.03, 0.84, 7.87, 2096.22, 153.15, 3181.38, 46.14, 826.51, 15.55
3142.20, 52.06, 59.92, 1648.79, 57.91, 14.01, 8481.67, 155.77, 11335.04, 976.30, 2534.88, 897.70
4775.36, 135.83, 129.77, 2542.66, 255.77, 28.05, 10541.72, 278.64, 14466.74, 2492.08, 3279.23, 883.83
1910.10, 126.17, 75.61, 2572.85, 11.01, 3.46, 2747.12, 189.28, 6378.74, 1085.37, 1408.48, 259.90
4329.85, 151.79, 107.65, 4143.06, 18.00, 6.05, 5843.61, 221.19, 9362.09, 1490.15, 2711.24, 753.69
1259.62, 27.76, 34.42, 2471.23, 0.00, 0.00, 2529.95, 42.25, 6182.17, 937.26, 920.39, 190.28
365.71, 2.19, 20.21, 1413.61, 0.00, 0.00, 1264.42, 3.87, 2775.39, 252.85, 492.18, 28.71
93.88, 0.49, 15.80, 998.77, 0.00, 0.00, 1010.23, 2.85, 2416.80, 47.08, 321.55, 17.02
9.02, 0.04, 10.06, 648.34, 0.00, 0.00, 730.89, 0.10, 1543.07, 3.39, 190.93, 1.28
1288.26, 33.89, 55.08, 2066.90, 1.57, 6.65, 2299.75, 55.25, 3862.01, 194.32, 786.88, 224.70
445.80, 1.12, 10.64, 444.09, 0.00, 0.03, 1309.32, 7.41, 2626.08, 87.25, 331.01, 53.98
2105.49, 55.89, 67.52, 1211.40, 2.89, 9.84, 2483.81, 73.13, 3448.44, 221.39, 857.39, 195.58
3100.86, 62.03, 68.54, 1460.64, 5.56, 18.47, 7445.25, 132.44, 17101.28, 3019.12, 2247.67, 1224.55
2142.95, 63.86, 81.03, 2018.35, 5.85, 15.11, 4794.53, 168.99, 13709.82, 3303.04, 1839.56, 1393.44
3102.80, 133.45, 81.11, 3084.87, 101.61, 16.58, 5310.70, 215.87, 12068.10, 2943.10, 1895.92, 842.34
5133.57, 132.38, 139.37, 4164.95, 103.97, 25.68, 8133.23, 284.03, 15582.41, 4016.02, 2610.34, 1117.47
4884.87, 122.47, 114.98, 4098.05, 88.57, 7.48, 5676.10, 276.24, 9893.92, 2629.83, 1949.45, 537.89
2368.89, 81.67, 70.66, 6172.41, 29.65, 0.12, 2819.60, 152.26, 6964.47, 1734.68, 1084.51, 252.02
1039.15, 10.54, 35.62, 3140.86, 8.77, 0.00, 1927.55, 25.52, 4207.45, 684.13, 603.95, 84.37
425.54, 1.45, 23.29, 1914.04, 0.52, 0.00, 1334.39, 3.11, 3723.20, 181.52, 378.30, 44.79
180.64, 0.03, 14.84, 1299.57, 0.04, 0.00, 1024.21, 0.05, 3393.83, 84.94, 225.72, 27.45
3408.00, 38.23, 103.57, 1762.47, 5.88, 9.76, 3520.09, 97.93, 5567.23, 441.95, 1584.63, 251.14
2842.76, 38.68, 64.14, 1318.51, 7.57, 14.49, 3404.17, 94.12, 4516.75, 505.97, 1758.30, 260.33
10328.90, 156.09, 401.80, 3626.69, 1848.89, 72.05, 11143.17, 550.67, 15947.01, 2178.79, 6946.12, 774.67
5128.68, 104.26, 171.17, 2959.70, 626.02, 29.91, 3993.03, 288.15, 6894.53, 1895.37, 2913.49, 431.68
5918.65, 105.91, 149.37, 2855.50, 450.18, 57.27, 8821.70, 203.97, 11893.24, 2187.87, 3604.94, 519.33
20475.57, 333.30, 534.27, 5409.74, 4065.64, 166.78, 24415.27, 630.28, 28986.61, 4506.29, 12982.43, 1819.58
10081.97, 271.50, 317.97, 6100.40, 1877.50, 18.12, 14047.16, 511.04, 15781.66, 3570.90, 8347.34, 694.93
8043.84, 248.78, 244.12, 6185.18, 979.40, 7.68, 10645.64, 416.96, 13098.53, 2730.34, 6826.51, 440.06
6349.42, 151.13, 185.56, 7860.00, 736.85, 4.99, 8356.38, 284.28, 10194.33, 2136.16, 5286.29, 410.89
3218.70, 35.99, 82.86, 6363.73, 366.83, 0.09, 5050.00, 60.20, 6137.81, 1107.93, 2197.99, 119.32
1345.98, 6.15, 53.57, 2800.09, 161.16, 0.00, 3176.70, 10.51, 4551.18, 374.20, 1334.40, 33.26
753.32, 11.34, 40.74, 1984.84, 74.53, 0.00, 2545.11, 17.07, 3500.93, 99.41, 943.39, 8.71
2166.02, 23.55, 54.32, 1956.57, 72.53, 3.11, 3387.23, 34.62, 3944.47, 260.06, 1271.22, 137.03
1253.62, 6.18, 34.10, 1193.40, 66.07, 1.06, 2244.88, 16.22, 3514.87, 233.21, 820.99, 113.90
376.65, 0.07, 10.55, 601.07, 43.99, 0.00, 889.63, 0.05, 1500.64, 89.34, 243.43, 29.23
3066.13, 53.38, 82.56, 1397.10, 31.26, 14.37, 4419.81, 126.25, 5268.37, 754.30, 1634.92, 214.74
810.04, 11.81, 22.77, 583.29, 19.89, 3.15, 1191.13, 44.71, 2486.12, 543.20, 853.79, 94.17
8706.49, 67.38, 101.74, 1487.21, 93.77, 30.66, 12641.38, 180.36, 16221.88, 2696.81, 5938.86, 1015.77
6982.47, 127.30, 119.58, 2154.89, 375.28, 32.71, 10633.97, 250.30, 15073.26, 3725.42, 6434.85, 1058.53
2992.98, 28.80, 39.96, 1917.78, 20.41, 0.55, 3964.35, 65.15, 7415.76, 1841.66, 2605.32, 204.69
2050.48, 9.86, 31.51, 1091.93, 7.84, 0.79, 3128.84, 20.05, 5656.50, 1051.67, 1767.47, 116.55
952.75, 0.04, 17.24, 715.65, 0.16, 0.00, 1858.69, 0.39, 3256.45, 346.27, 959.69, 25.68
138.78, 0.00, 12.47, 494.66, 0.00, 0.00, 1286.32, 1.07, 2585.35, 16.10, 570.50, 1.03
26.23, 0.00, 7.85, 327.52, 0.00, 0.00, 914.30, 0.00, 1750.06, 0.08, 343.11, 0.09
957.54, 8.08, 20.34, 492.97, 0.06, 0.78, 1796.06, 11.49, 2603.57, 34.74, 662.22, 36.83
1963.33, 24.64, 49.04, 722.03, 0.02, 3.98, 3766.98, 60.81, 5564.29, 378.96, 2039.43, 374.23
7763.96, 102.20, 81.45, 2404.46, 14.90, 23.76, 16608.53, 163.62, 22292.63, 2896.96, 5079.35, 1272.70
2055.52, 11.22, 22.53, 547.98, 25.03, 3.28, 3792.38, 56.68, 7736.52, 1278.01, 1620.33, 309.09
1389.31, 9.15, 7.10, 542.65, 0.87, 1.37, 2547.86, 24.54, 5529.19, 1035.92, 1028.49, 131.25
2202.94, 76.08, 18.52, 1080.65, 0.66, 3.45, 2778.21, 79.31, 6766.08, 2047.98, 1118.04, 203.67
1625.97, 76.71, 14.49, 1194.16, 0.36, 2.53, 2160.05, 48.72, 7122.84, 1674.70, 590.76, 169.70
1189.54, 39.32, 6.62, 1182.05, 0.00, 0.00, 1486.05, 32.80, 4904.81, 978.58, 399.20, 49.59
905.89, 3.83, 3.96, 553.94, 0.00, 0.00, 1248.71, 3.15, 3957.07, 478.02, 443.55, 91.43
55.36, 1.25, 4.18, 427.78, 0.00, 0.00, 579.51, 3.90, 2287.13, 129.17, 99.86, 0.58
5.38, 0.10, 1.22, 269.90, 0.00, 0.00, 486.00, 1.30, 1810.96, 19.37, 69.13, 2.46
461.78, 4.89, 7.65, 281.81, 0.00, 0.01, 1070.27, 8.08, 2084.04, 57.66, 439.24, 40.37
142.18, 3.49, 5.56, 280.23, 0.00, 0.00, 425.58, 6.31, 1225.87, 34.04, 111.58, 1.12
609.64, 7.96, 12.07, 354.90, 0.00, 1.52, 980.82, 11.89, 1411.39, 35.44, 239.13, 53.29
370.79, 5.44, 10.90, 273.53, 0.00, 0.99, 362.99, 12.80, 694.55, 6.17, 161.29, 5.32
117.71, 4.62, 16.17, 79.65, 0.00, 0.77, 343.69, 21.47, 506.13, 13.17, 246.72, 8.41
5538.44, 35.07, 97.23, 851.48, 10.12, 19.60, 4760.44, 107.77, 6685.16, 375.03, 3353.18, 391.90
3151.14, 43.24, 45.64, 1002.64, 1.91, 7.81, 5701.85, 120.31, 10499.07, 1264.42, 2843.70, 591.59
2823.50, 50.96, 36.64, 1051.91, 6.23, 5.54, 3837.12, 107.22, 6393.96, 794.14, 1889.50, 338.06
1125.43, 25.41, 13.81, 727.63, 0.10, 0.15, 1229.85, 33.76, 2813.89, 397.56, 969.17, 42.73
337.49, 1.76, 2.66, 307.18, 0.00, 0.00, 575.96, 4.87, 1832.37, 112.94, 496.87, 9.20
237.62, 1.90, 14.15, 239.10, 0.00, 0.00, 524.86, 18.78, 1522.04, 0.62, 340.31, 0.16
114.18, 0.12, 2.81, 199.32, 0.00, 0.00, 1076.82, 1.38, 1377.04, 0.11, 331.35, 10.80
251.50, 1.67, 12.28, 172.30, 0.00, 0.02, 518.05, 6.21, 1794.78, 131.59, 216.54, 63.86
421.88, 1.81, 4.14, 181.68, 0.00, 0.00, 1058.18, 0.30, 2930.00, 139.55, 380.47, 142.08
1248.42, 17.58, 33.60, 621.86, 0.00, 2.18, 1457.16, 37.08, 2891.59, 195.12, 719.36, 131.56
4535.76, 42.82, 69.69, 1152.50, 2.86, 13.07, 9303.30, 75.58, 17813.34, 2404.05, 3168.75, 1171.12
199.06, 2.11, 1.47, 197.34, 0.00, 0.02, 1040.49, 9.22, 4030.10, 1220.92, 883.17, 204.18
2734.40, 36.80, 63.72, 881.48, 50.41, 14.45, 6519.10, 98.21, 16163.25, 6129.93, 1962.24, 1308.11
843.80, 4.03, 7.99, 237.14, 0.09, 0.24, 1773.31, 16.21, 5897.54, 1900.25, 739.55, 242.07
1447.49, 26.15, 33.51, 681.74, 0.86, 4.20, 1884.44, 58.90, 5063.22, 1288.81, 836.51, 191.53
678.63, 32.87, 22.72, 753.84, 0.00, 0.38, 1448.49, 73.33, 5647.47, 791.60, 424.15, 93.67
452.19, 5.24, 8.08, 365.62, 0.00, 0.00, 749.83, 19.80, 2617.35, 322.96, 205.06, 26.53
111.84, 13.28, 13.71, 527.36, 0.00, 0.00, 916.08, 21.62, 3107.48, 60.49, 186.88, 24.80
5.74, 0.20, 1.67, 130.83, 0.00, 0.00, 307.31, 0.31, 1236.51, 0.84, 60.95, 11.89
5.86, 0.28, 1.20, 147.81, 0.00, 0.00, 301.58, 0.32, 1514.47, 8.45, 55.09, 24.97
495.03, 16.76, 21.41, 384.21, 0.00, 0.58, 677.82, 20.68, 1509.33, 8.47, 177.08, 126.85
1610.49, 33.90, 48.81, 944.95, 0.02, 5.18, 1842.83, 53.31, 2429.85, 22.15, 586.76, 39.94
4351.50, 44.49, 101.68, 1307.29, 48.30, 22.00, 4229.17, 124.96, 8898.32, 656.46, 2042.63, 402.94
4686.64, 67.86, 123.59, 1444.99, 346.79, 52.28, 9085.41, 237.10, 20618.55, 3528.18, 4183.84, 1425.04
5894.06, 98.58, 83.70, 2262.25, 270.36, 11.35, 5700.01, 234.13, 12908.22, 2508.72, 2400.85, 538.98
12207.48, 266.56, 219.32, 4325.75, 968.76, 58.97, 21003.24, 465.64, 29428.08, 5394.36, 8888.31, 1888.57
5128.29, 159.03, 94.79, 4004.87, 49.95, 8.38, 6349.45, 200.89, 11029.22, 2734.79, 2845.33, 424.34
3482.24, 75.90, 57.45, 3079.68, 33.49, 0.27, 4732.83, 96.01, 9895.67, 1791.91, 1803.46, 257.01
1709.03, 15.73, 29.13, 2889.28, 13.08, 0.00, 2973.90, 19.16, 6820.23, 976.55, 975.61, 150.03
672.38, 1.70, 19.60, 1469.72, 0.75, 0.00, 1841.77, 2.40, 4034.66, 308.45, 574.14, 35.40
141.21, 0.04, 12.71, 986.21, 0.00, 0.00, 1334.98, 0.00, 3013.34, 20.32, 350.54, 3.89
61.53, 0.24, 8.32, 690.08, 0.00, 0.00, 971.58, 1.10, 2214.15, 2.64, 215.65, 1.90
3831.59, 42.93, 100.61, 1042.49, 4.93, 12.14, 4384.32, 91.76, 8715.51, 630.21, 1992.80, 352.65
3203.10, 24.33, 37.77, 1121.58, 4.64, 6.38, 3481.57, 33.05, 9722.84, 1183.64, 1560.71, 300.96
7481.02, 126.79, 160.95, 2632.30, 409.02, 28.93, 8376.96, 286.78, 15893.42, 2505.67, 4259.76, 760.63
25133.91, 425.46, 564.43, 6354.72, 4447.33, 201.48, 28102.60, 794.79, 32697.28, 4145.58, 17039.42, 2011.17
36076.50, 549.87, 810.90, 10546.32, 6853.91, 194.30, 45624.71, 1024.06, 38349.69, 7937.66, 29722.32, 3089.35
13022.22, 370.34, 404.40, 8285.19, 2170.16, 40.06, 19379.08, 621.34, 24140.16, 5213.56, 9434.86, 1169.34
14974.49, 399.60, 424.50, 9067.77, 2474.22, 53.36, 23012.71, 625.62, 27793.11, 5714.84, 13522.00, 1434.74
6191.07, 315.96, 206.60, 9628.87, 1276.12, 2.40, 10245.60, 463.28, 11919.13, 3180.57, 4430.88, 456.77
3934.35, 103.47, 109.07, 8822.53, 761.97, 0.07, 7524.92, 137.24, 9640.03, 1858.41, 2670.55, 285.69
1613.96, 20.31, 72.39, 3936.75, 314.04, 0.00, 5076.50, 25.65, 6526.99, 644.53, 1561.02, 120.67
612.90, 11.37, 49.49, 2589.66, 123.27, 0.00, 3738.57, 7.19, 5147.02, 100.23, 958.67, 35.47
487.48, 10.72, 37.17, 1982.36, 72.32, 0.00, 3042.20, 17.06, 3842.67, 55.54, 693.31, 35.11
525.44, 3.25, 27.43, 1233.02, 56.34, 0.02, 2209.45, 4.93, 3212.37, 72.04, 464.30, 66.39
5243.81, 39.71, 86.00, 1394.86, 72.03, 10.94, 7027.82, 95.25, 8820.65, 362.76, 3220.64, 301.33
945.64, 4.12, 12.62, 673.99, 59.99, 0.05, 1678.53, 6.86, 2020.60, 82.47, 913.64, 34.63
3357.45, 39.76, 63.82, 1171.78, 47.09, 9.63, 4395.03, 88.69, 6436.12, 233.73, 2097.39, 166.38
774.60, 3.78, 7.34, 386.86, 24.59, 0.27, 1047.89, 11.76, 1861.94, 126.29, 876.05, 20.30
10626.87, 179.38, 241.55, 3637.67, 982.25, 55.75, 12135.45, 457.67, 12044.67, 1011.05, 6187.04, 415.62
7673.95, 294.32, 189.94, 4533.74, 438.37, 27.66, 7589.60, 456.57, 11341.56, 1723.87, 6016.46, 348.62
3825.79, 61.75, 59.95, 3112.78, 27.98, 0.19, 3825.22, 112.28, 7813.04, 823.60, 2475.70, 87.01
1834.44, 11.32, 34.37, 1999.19, 8.02, 0.00, 2214.63, 19.10, 3532.67, 385.40, 1336.43, 11.11
701.57, 0.92, 25.38, 1350.46, 0.12, 0.00, 1416.68, 3.47, 2402.60, 62.16, 800.93, 0.57
175.28, 0.02, 15.66, 858.31, 0.00, 0.00, 984.66, 0.14, 1727.40, 0.68, 482.41, 0.00
74.91, 0.01, 10.31, 590.41, 0.00, 0.00, 704.44, 0.22, 1295.97, 0.18, 295.45, 1.43
