date,uf,flow_taf
1921-10-31,2,0.5
1921-11-30,2,0.2
1921-12-31,2,10.4
1922-01-31,2,30.5
1922-02-28,2,49.0
1922-03-31,2,43.4
1922-04-30,2,27.7
1922-05-31,2,18.9
1922-06-30,2,12.0
1922-07-31,2,7.5
1922-08-31,2,4.0
1922-09-30,2,1.8
1922-10-31,2,0.9
1922-11-30,2,6.4
1922-12-31,2,54.7
1923-01-31,2,53.3
1923-02-28,2,33.5
1923-03-31,2,25.9
1923-04-30,2,18.2
1923-05-31,2,13.6
1923-06-30,2,8.2
1923-07-31,2,4.9
1923-08-31,2,2.7
1923-09-30,2,1.3
1923-10-31,2,0.7
1923-11-30,2,0.3
1923-12-31,2,0.3
1924-01-31,2,0.8
1924-02-29,2,21.6
1924-03-31,2,16.8
1924-04-30,2,13.2
1924-05-31,2,9.4
1924-06-30,2,5.6
1924-07-31,2,3.0
1924-08-31,2,1.3
1924-09-30,2,0.5
1924-10-31,2,0.4
1924-11-30,2,3.7
1924-12-31,2,35.5
1925-01-31,2,34.6
1925-02-28,2,140.6
1925-03-31,2,68.0
1925-04-30,2,46.7
1925-05-31,2,30.6
1925-06-30,2,20.2
1925-07-31,2,13.2
1925-08-31,2,7.7
1925-09-30,2,4.0
1925-10-31,2,2.1
1925-11-30,2,1.0
1925-12-31,2,0.9
1926-01-31,2,56.5
1926-02-28,2,94.6
1926-03-31,2,52.3
1926-04-30,2,53.8
1926-05-31,2,29.2
1926-06-30,2,18.4
1926-07-31,2,12.1
1926-08-31,2,6.9
1926-09-30,2,3.4
1926-10-31,2,1.6
1926-11-30,2,38.0
1926-12-31,2,92.4
1927-01-31,2,63.3
1927-02-28,2,113.6
1927-03-31,2,73.9
1927-04-30,2,61.7
1927-05-31,2,28.0
1927-06-30,2,17.5
1927-07-31,2,11.4
1927-08-31,2,6.5
1927-09-30,2,3.2
1927-10-31,2,1.5
1927-11-30,2,11.5
1927-12-31,2,19.5
1928-01-31,2,34.5
1928-02-29,2,53.2
1928-03-31,2,44.0
1928-04-30,2,42.7
1928-05-31,2,26.8
1928-06-30,2,17.2
1928-07-31,2,11.4
1928-08-31,2,6.6
1928-09-30,2,3.3
1928-10-31,2,1.6
1928-11-30,2,3.1
1928-12-31,2,9.0
1929-01-31,2,15.6
1929-02-28,2,25.0
1929-03-31,2,21.5
1929-04-30,2,14.5
1929-05-31,2,9.8
1929-06-30,2,5.7
1929-07-31,2,3.2
1929-08-31,2,1.5
1929-09-30,2,0.6
1929-10-31,2,0.2
1929-11-30,2,0.1
1929-12-31,2,85.6
1930-01-31,2,64.2
1930-02-28,2,47.8
1930-03-31,2,49.8
1930-04-30,2,26.8
1930-05-31,2,18.0
1930-06-30,2,11.1
1930-07-31,2,6.8
1930-08-31,2,3.5
1930-09-30,2,1.5
1930-10-31,2,0.7
1930-11-30,2,0.3
1930-12-31,2,0.3
1931-01-31,2,14.5
1931-02-28,2,19.4
1931-03-31,2,19.3
1931-04-30,2,14.5
1931-05-31,2,9.6
1931-06-30,2,5.4
1931-07-31,2,2.9
1931-08-31,2,1.3
1931-09-30,2,0.5
1931-10-31,2,0.2
1931-11-30,2,0.3
1931-12-31,2,98.3
1932-01-31,2,88.1
1932-02-29,2,49.8
1932-03-31,2,31.5
1932-04-30,2,20.3
1932-05-31,2,13.7
1932-06-30,2,7.9
1932-07-31,2,4.3
1932-08-31,2,1.9
1932-09-30,2,0.7
1932-10-31,2,0.2
1932-11-30,2,0.1
1932-12-31,2,4.4
1933-01-31,2,31.0
1933-02-28,2,36.5
1933-03-31,2,33.2
1933-04-30,2,23.7
1933-05-31,2,16.5
1933-06-30,2,10.5
1933-07-31,2,6.6
1933-08-31,2,3.6
1933-09-30,2,1.6
1933-10-31,2,0.7
1933-11-30,2,0.7
1933-12-31,2,32.5
1934-01-31,2,62.0
1934-02-28,2,32.9
1934-03-31,2,29.4
1934-04-30,2,19.3
1934-05-31,2,13.7
1934-06-30,2,8.5
1934-07-31,2,5.1
1934-08-31,2,2.5
1934-09-30,2,1.0
1934-10-31,2,0.4
1934-11-30,2,4.1
1934-12-31,2,11.6
1935-01-31,2,94.5
1935-02-28,2,48.4
1935-03-31,2,75.3
1935-04-30,2,39.7
1935-05-31,2,25.4
1935-06-30,2,16.1
1935-07-31,2,10.6
1935-08-31,2,6.2
1935-09-30,2,3.1
1935-10-31,2,1.5
1935-11-30,2,0.6
1935-12-31,2,0.5
1936-01-31,2,78.5
1936-02-29,2,121.7
1936-03-31,2,64.8
1936-04-30,2,36.2
1936-05-31,2,24.0
1936-06-30,2,15.1
1936-07-31,2,9.6
1936-08-31,2,5.3
1936-09-30,2,2.5
1936-10-31,2,1.1
1936-11-30,2,0.4
1936-12-31,2,0.2
1937-01-31,2,2.3
1937-02-28,2,88.0
1937-03-31,2,69.9
1937-04-30,2,46.8
1937-05-31,2,27.6
1937-06-30,2,17.2
1937-07-31,2,11.0
1937-08-31,2,6.1
1937-09-30,2,2.9
1937-10-31,2,1.3
1937-11-30,2,16.9
1937-12-31,2,140.6
1938-01-31,2,89.2
1938-02-28,2,159.6
1938-03-31,2,128.2
1938-04-30,2,57.7
1938-05-31,2,32.0
1938-06-30,2,20.1
1938-07-31,2,13.1
1938-08-31,2,7.5
1938-09-30,2,3.7
1938-10-31,2,1.8
1938-11-30,2,0.9
1938-12-31,2,1.5
1939-01-31,2,5.3
1939-02-28,2,9.1
1939-03-31,2,12.1
1939-04-30,2,10.7
1939-05-31,2,8.4
1939-06-30,2,5.7
1939-07-31,2,3.5
1939-08-31,2,1.8
1939-09-30,2,0.8
1939-10-31,2,0.4
1939-11-30,2,0.2
1939-12-31,2,5.2
1940-01-31,2,112.9
1940-02-29,2,193.8
1940-03-31,2,155.7
1940-04-30,2,77.6
1940-05-31,2,40.0
1940-06-30,2,24.2
1940-07-31,2,15.8
1940-08-31,2,9.3
1940-09-30,2,4.7
1940-10-31,2,2.3
1940-11-30,2,1.8
1940-12-31,2,137.8
1941-01-31,2,204.7
1941-02-28,2,160.4
1941-03-31,2,142.6
1941-04-30,2,102.2
1941-05-31,2,42.6
1941-06-30,2,25.4
1941-07-31,2,16.8
1941-08-31,2,10.2
1941-09-30,2,5.4
1941-10-31,2,2.8
1941-11-30,2,1.6
1941-12-31,2,89.9
1942-01-31,2,121.9
1942-02-28,2,188.1
1942-03-31,2,73.8
1942-04-30,2,48.7
1942-05-31,2,29.6
1942-06-30,2,19.0
1942-07-31,2,12.8
1942-08-31,2,7.8
1942-09-30,2,4.3
1942-10-31,2,2.4
1942-11-30,2,4.0
1942-12-31,2,19.7
1943-01-31,2,154.9
1943-02-28,2,78.0
1943-03-31,2,52.9
1943-04-30,2,29.3
1943-05-31,2,20.4
1943-06-30,2,12.8
1943-07-31,2,8.0
1943-08-31,2,4.4
1943-09-30,2,2.1
1943-10-31,2,1.1
1943-11-30,2,0.6
1943-12-31,2,0.5
1944-01-31,2,9.5
1944-02-29,2,51.9
1944-03-31,2,68.6
1944-04-30,2,30.8
1944-05-31,2,22.0
1944-06-30,2,14.1
1944-07-31,2,8.9
1944-08-31,2,4.8
1944-09-30,2,2.2
1944-10-31,2,1.0
1944-11-30,2,7.4
1944-12-31,2,17.7
1945-01-31,2,38.2
1945-02-28,2,83.7
1945-03-31,2,40.4
1945-04-30,2,27.5
1945-05-31,2,18.6
1945-06-30,2,11.8
1945-07-31,2,7.5
1945-08-31,2,4.1
1945-09-30,2,1.9
1945-10-31,2,6.2
1945-11-30,2,12.4
1945-12-31,2,106.5
1946-01-31,2,89.3
1946-02-28,2,39.9
1946-03-31,2,27.5
1946-04-30,2,17.5
1946-05-31,2,11.3
1946-06-30,2,6.1
1946-07-31,2,3.2
1946-08-31,2,1.4
1946-09-30,2,0.6
1946-10-31,2,0.2
1946-11-30,2,5.5
1946-12-31,2,19.9
1947-01-31,2,18.2
1947-02-28,2,24.9
1947-03-31,2,31.1
1947-04-30,2,22.0
1947-05-31,2,15.6
1947-06-30,2,10.0
1947-07-31,2,6.4
1947-08-31,2,3.5
1947-09-30,2,1.6
1947-10-31,2,1.0
1947-11-30,2,1.4
1947-12-31,2,2.2
1948-01-31,2,7.2
1948-02-29,2,8.5
1948-03-31,2,9.2
1948-04-30,2,35.3
1948-05-31,2,30.9
1948-06-30,2,21.0
1948-07-31,2,14.7
1948-08-31,2,9.2
1948-09-30,2,5.1
1948-10-31,2,2.6
1948-11-30,2,1.1
1948-12-31,2,5.5
1949-01-31,2,8.0
1949-02-28,2,15.3
1949-03-31,2,62.1
1949-04-30,2,37.4
1949-05-31,2,26.0
1949-06-30,2,16.7
1949-07-31,2,11.0
1949-08-31,2,6.3
1949-09-30,2,3.0
1949-10-31,2,1.4
1949-11-30,2,0.7
1949-12-31,2,0.9
1950-01-31,2,32.3
1950-02-28,2,83.5
1950-03-31,2,46.0
1950-04-30,2,29.1
1950-05-31,2,19.7
1950-06-30,2,12.1
1950-07-31,2,7.4
1950-08-31,2,3.9
1950-09-30,2,1.7
1950-10-31,2,0.9
1950-11-30,2,39.5
1950-12-31,2,122.5
1951-01-31,2,87.0
1951-02-28,2,57.8
1951-03-31,2,38.0
1951-04-30,2,23.9
1951-05-31,2,16.5
1951-06-30,2,10.3
1951-07-31,2,6.3
1951-08-31,2,3.4
1951-09-30,2,1.6
1951-10-31,2,0.9
1951-11-30,2,2.5
1951-12-31,2,115.1
1952-01-31,2,182.7
1952-02-29,2,108.0
1952-03-31,2,62.4
1952-04-30,2,35.7
1952-05-31,2,24.5
1952-06-30,2,15.3
1952-07-31,2,9.8
1952-08-31,2,5.3
1952-09-30,2,2.5
1952-10-31,2,1.2
1952-11-30,2,0.7
1952-12-31,2,110.6
1953-01-31,2,187.1
1953-02-28,2,61.2
1953-03-31,2,43.3
1953-04-30,2,27.3
1953-05-31,2,19.0
1953-06-30,2,12.0
1953-07-31,2,7.5
1953-08-31,2,4.1
1953-09-30,2,2.0
1953-10-31,2,1.0
1953-11-30,2,5.2
1953-12-31,2,10.1
1954-01-31,2,83.2
1954-02-28,2,68.9
1954-03-31,2,50.5
1954-04-30,2,45.6
1954-05-31,2,27.5
1954-06-30,2,17.3
1954-07-31,2,11.3
1954-08-31,2,6.4
1954-09-30,2,3.2
1954-10-31,2,1.5
1954-11-30,2,5.0
1954-12-31,2,38.7
1955-01-31,2,30.7
1955-02-28,2,22.6
1955-03-31,2,18.5
1955-04-30,2,13.1
1955-05-31,2,12.0
1955-06-30,2,8.4
1955-07-31,2,5.7
1955-08-31,2,3.7
1955-09-30,2,2.0
1955-10-31,2,1.1
1955-11-30,2,0.6
1955-12-31,2,303.0
1956-01-31,2,235.9
1956-02-29,2,182.1
1956-03-31,2,104.2
1956-04-30,2,44.7
1956-05-31,2,27.1
1956-06-30,2,16.6
1956-07-31,2,10.4
1956-08-31,2,5.6
1956-09-30,2,2.6
1956-10-31,2,1.3
1956-11-30,2,1.3
1956-12-31,2,1.5
1957-01-31,2,5.9
1957-02-28,2,43.6
1957-03-31,2,53.0
1957-04-30,2,32.8
1957-05-31,2,24.9
1957-06-30,2,17.6
1957-07-31,2,11.4
1957-08-31,2,6.4
1957-09-30,2,3.2
1957-10-31,2,9.5
1957-11-30,2,14.4
1957-12-31,2,28.6
1958-01-31,2,52.1
1958-02-28,2,193.6
1958-03-31,2,144.4
1958-04-30,2,146.4
1958-05-31,2,52.7
1958-06-30,2,27.8
1958-07-31,2,18.4
1958-08-31,2,11.3
1958-09-30,2,6.2
1958-10-31,2,3.3
1958-11-30,2,1.6
1958-12-31,2,0.9
1959-01-31,2,57.1
1959-02-28,2,96.5
1959-03-31,2,58.8
1959-04-30,2,31.0
1959-05-31,2,21.0
1959-06-30,2,12.9
1959-07-31,2,7.9
1959-08-31,2,4.1
1959-09-30,2,2.0
1959-10-31,2,1.1
1959-11-30,2,0.8
1959-12-31,2,0.8
1960-01-31,2,10.8
1960-02-29,2,123.4
1960-03-31,2,74.6
1960-04-30,2,34.3
1960-05-31,2,22.7
1960-06-30,2,14.0
1960-07-31,2,8.6
1960-08-31,2,4.5
1960-09-30,2,2.0
1960-10-31,2,0.9
1960-11-30,2,0.9
1960-12-31,2,35.3
1961-01-31,2,52.7
1961-02-28,2,49.8
1961-03-31,2,37.0
1961-04-30,2,26.2
1961-05-31,2,18.0
1961-06-30,2,11.4
1961-07-31,2,7.1
1961-08-31,2,3.7
1961-09-30,2,1.7
1961-10-31,2,0.7
1961-11-30,2,0.6
1961-12-31,2,24.9
1962-01-31,2,20.0
1962-02-28,2,103.7
1962-03-31,2,99.8
1962-04-30,2,42.3
1962-05-31,2,26.7
1962-06-30,2,16.5
1962-07-31,2,10.5
1962-08-31,2,5.6
1962-09-30,2,2.6
1962-10-31,2,74.4
1962-11-30,2,35.7
1962-12-31,2,49.2
1963-01-31,2,127.5
1963-02-28,2,106.6
1963-03-31,2,67.8
1963-04-30,2,77.8
1963-05-31,2,43.2
1963-06-30,2,25.7
1963-07-31,2,17.2
1963-08-31,2,10.6
1963-09-30,2,5.7
1963-10-31,2,3.0
1963-11-30,2,11.7
1963-12-31,2,19.1
1964-01-31,2,48.3
1964-02-29,2,33.0
1964-03-31,2,25.0
1964-04-30,2,16.2
1964-05-31,2,10.8
1964-06-30,2,6.2
1964-07-31,2,3.4
1964-08-31,2,1.5
1964-09-30,2,0.6
1964-10-31,2,0.3
1964-11-30,2,18.0
1964-12-31,2,200.4
1965-01-31,2,240.6
1965-02-28,2,69.0
1965-03-31,2,39.0
1965-04-30,2,33.0
1965-05-31,2,21.2
1965-06-30,2,13.5
1965-07-31,2,8.7
1965-08-31,2,5.0
1965-09-30,2,2.6
1965-10-31,2,1.3
1965-11-30,2,11.8
1965-12-31,2,40.7
1966-01-31,2,159.1
1966-02-28,2,67.1
1966-03-31,2,39.3
1966-04-30,2,23.8
1966-05-31,2,15.7
1966-06-30,2,9.3
1966-07-31,2,5.3
1966-08-31,2,2.5
1966-09-30,2,1.1
1966-10-31,2,0.5
1966-11-30,2,13.9
1966-12-31,2,101.2
1967-01-31,2,177.0
1967-02-28,2,101.5
1967-03-31,2,78.6
1967-04-30,2,51.4
1967-05-31,2,32.9
1967-06-30,2,21.7
1967-07-31,2,15.1
1967-08-31,2,9.5
1967-09-30,2,5.3
1967-10-31,2,2.8
1967-11-30,2,1.4
1967-12-31,2,7.7
1968-01-31,2,71.1
1968-02-29,2,77.3
1968-03-31,2,55.3
1968-04-30,2,31.6
1968-05-31,2,21.9
1968-06-30,2,14.0
1968-07-31,2,8.8
1968-08-31,2,4.8
1968-09-30,2,2.2
1968-10-31,2,1.1
1968-11-30,2,0.8
1968-12-31,2,46.7
1969-01-31,2,229.5
1969-02-28,2,186.1
1969-03-31,2,97.0
1969-04-30,2,42.5
1969-05-31,2,26.3
1969-06-30,2,16.2
1969-07-31,2,10.2
1969-08-31,2,5.6
1969-09-30,2,2.7
1969-10-31,2,1.4
1969-11-30,2,0.9
1969-12-31,2,77.9
1970-01-31,2,289.9
1970-02-28,2,155.9
1970-03-31,2,75.9
1970-04-30,2,35.2
1970-05-31,2,23.1
1970-06-30,2,14.2
1970-07-31,2,8.8
1970-08-31,2,4.8
1970-09-30,2,2.4
1970-10-31,2,1.4
1970-11-30,2,40.2
1970-12-31,2,177.3
1971-01-31,2,83.6
1971-02-28,2,41.2
1971-03-31,2,35.0
1971-04-30,2,23.4
1971-05-31,2,16.4
1971-06-30,2,10.4
1971-07-31,2,6.7
1971-08-31,2,3.9
1971-09-30,2,2.0
1971-10-31,2,1.2
1971-11-30,2,0.8
1971-12-31,2,11.6
1972-01-31,2,28.1
1972-02-29,2,28.2
1972-03-31,2,23.6
1972-04-30,2,16.0
1972-05-31,2,11.4
1972-06-30,2,6.9
1972-07-31,2,4.0
1972-08-31,2,2.0
1972-09-30,2,0.8
1972-10-31,2,0.7
1972-11-30,2,19.0
1972-12-31,2,31.7
1973-01-31,2,187.6
1973-02-28,2,142.3
1973-03-31,2,73.9
1973-04-30,2,38.3
1973-05-31,2,25.4
1973-06-30,2,15.8
1973-07-31,2,10.0
1973-08-31,2,5.5
1973-09-30,2,2.7
1973-10-31,2,1.5
1973-11-30,2,106.2
1973-12-31,2,100.5
1974-01-31,2,121.5
1974-02-28,2,61.1
1974-03-31,2,95.3
1974-04-30,2,59.2
1974-05-31,2,30.8
1974-06-30,2,19.6
1974-07-31,2,13.1
1974-08-31,2,7.8
1974-09-30,2,4.2
1974-10-31,2,2.4
1974-11-30,2,1.4
1974-12-31,2,3.2
1975-01-31,2,12.3
1975-02-28,2,89.7
1975-03-31,2,93.2
1975-04-30,2,54.3
1975-05-31,2,30.7
1975-06-30,2,19.5
1975-07-31,2,13.0
1975-08-31,2,7.7
1975-09-30,2,4.1
1975-10-31,2,2.3
1975-11-30,2,1.8
1975-12-31,2,1.8
1976-01-31,2,2.8
1976-02-29,2,2.4
1976-03-31,2,4.6
1976-04-30,2,4.4
1976-05-31,2,3.7
1976-06-30,2,2.7
1976-07-31,2,1.9
1976-08-31,2,1.1
1976-09-30,2,0.5
1976-10-31,2,0.2
1976-11-30,2,0.1
1976-12-31,2,0.1
1977-01-31,2,0.7
1977-02-28,2,1.3
1977-03-31,2,2.0
1977-04-30,2,2.0
1977-05-31,2,1.7
1977-06-30,2,1.2
1977-07-31,2,0.8
1977-08-31,2,0.4
1977-09-30,2,0.2
1977-10-31,2,0.1
1977-11-30,2,5.3
1977-12-31,2,59.8
1978-01-31,2,276.8
1978-02-28,2,167.6
1978-03-31,2,96.5
1978-04-30,2,42.5
1978-05-31,2,26.5
1978-06-30,2,16.2
1978-07-31,2,10.1
1978-08-31,2,5.4
1978-09-30,2,2.5
1978-10-31,2,1.1
1978-11-30,2,0.5
1978-12-31,2,0.3
1979-01-31,2,43.6
1979-02-28,2,72.0
1979-03-31,2,62.0
1979-04-30,2,33.2
1979-05-31,2,22.9
1979-06-30,2,14.4
1979-07-31,2,9.0
1979-08-31,2,4.8
1979-09-30,2,2.2
1979-10-31,2,1.5
1979-11-30,2,8.7
1979-12-31,2,46.0
1980-01-31,2,150.2
1980-02-29,2,160.3
1980-03-31,2,100.9
1980-04-30,2,43.7
1980-05-31,2,27.0
1980-06-30,2,16.6
1980-07-31,2,10.4
1980-08-31,2,5.6
1980-09-30,2,2.6
1980-10-31,2,1.1
1980-11-30,2,0.5
1980-12-31,2,23.8
1981-01-31,2,61.6
1981-02-28,2,59.1
1981-03-31,2,40.8
1981-04-30,2,26.6
1981-05-31,2,18.1
1981-06-30,2,11.4
1981-07-31,2,7.2
1981-08-31,2,3.9
1981-09-30,2,1.8
1981-10-31,2,0.9
1981-11-30,2,30.0
1981-12-31,2,138.4
1982-01-31,2,151.6
1982-02-28,2,99.0
1982-03-31,2,124.0
1982-04-30,2,128.0
1982-05-31,2,53.9
1982-06-30,2,28.5
1982-07-31,2,18.9
1982-08-31,2,11.5
1982-09-30,2,6.2
1982-10-31,2,3.3
1982-11-30,2,28.1
1982-12-31,2,77.3
1983-01-31,2,120.0
1983-02-28,2,188.5
1983-03-31,2,268.5
1983-04-30,2,90.6
1983-05-31,2,49.5
1983-06-30,2,28.2
1983-07-31,2,19.4
1983-08-31,2,12.6
1983-09-30,2,7.6
1983-10-31,2,4.8
1983-11-30,2,42.0
1983-12-31,2,157.1
1984-01-31,2,97.0
1984-02-29,2,46.0
1984-03-31,2,31.0
1984-04-30,2,20.9
1984-05-31,2,14.3
1984-06-30,2,9.2
1984-07-31,2,6.3
1984-08-31,2,4.1
1984-09-30,2,2.7
1984-10-31,2,2.2
1984-11-30,2,37.9
1984-12-31,2,48.7
1985-01-31,2,32.9
1985-02-28,2,47.9
1985-03-31,2,32.8
1985-04-30,2,24.7
1985-05-31,2,17.3
1985-06-30,2,11.3
1985-07-31,2,7.5
1985-08-31,2,4.4
1985-09-30,2,2.4
1985-10-31,2,1.4
1985-11-30,2,1.1
1985-12-31,2,17.2
1986-01-31,2,55.7
1986-02-28,2,293.9
1986-03-31,2,194.2
1986-04-30,2,67.6
1986-05-31,2,35.2
1986-06-30,2,21.5
1986-07-31,2,14.1
1986-08-31,2,8.4
1986-09-30,2,4.7
1986-10-31,2,2.9
1986-11-30,2,1.8
1986-12-31,2,1.4
1987-01-31,2,1.7
1987-02-28,2,16.2
1987-03-31,2,35.3
1987-04-30,2,28.3
1987-05-31,2,20.8
1987-06-30,2,13.7
1987-07-31,2,8.9
1987-08-31,2,5.0
1987-09-30,2,2.4
1987-10-31,2,1.1
1987-11-30,2,0.8
1987-12-31,2,36.7
1988-01-31,2,102.6
1988-02-29,2,48.6
1988-03-31,2,30.6
1988-04-30,2,19.5
1988-05-31,2,12.9
1988-06-30,2,7.3
1988-07-31,2,4.0
1988-08-31,2,1.9
1988-09-30,2,0.8
1988-10-31,2,0.3
1988-11-30,2,4.0
1988-12-31,2,12.0
1989-01-31,2,17.2
1989-02-28,2,15.4
1989-03-31,2,39.4
1989-04-30,2,31.3
1989-05-31,2,22.3
1989-06-30,2,14.4
1989-07-31,2,9.4
1989-08-31,2,5.2
1989-09-30,2,2.5
1989-10-31,2,2.5
1989-11-30,2,4.3
1989-12-31,2,6.1
1990-01-31,2,25.9
1990-02-28,2,25.2
1990-03-31,2,23.1
1990-04-30,2,16.1
1990-05-31,2,11.6
1990-06-30,2,9.9
1990-07-31,2,8.3
1990-08-31,2,5.6
1990-09-30,2,3.4
1990-10-31,2,2.0
1990-11-30,2,1.0
1990-12-31,2,0.5
1991-01-31,2,0.3
1991-02-28,2,0.8
1991-03-31,2,48.0
1991-04-30,2,35.3
1991-05-31,2,26.9
1991-06-30,2,17.5
1991-07-31,2,11.8
1991-08-31,2,6.9
1991-09-30,2,3.4
1991-10-31,2,1.6
1991-11-30,2,0.8
1991-12-31,2,0.6
1992-01-31,2,4.1
1992-02-29,2,42.8
1992-03-31,2,46.3
1992-04-30,2,30.2
1992-05-31,2,21.4
1992-06-30,2,13.7
1992-07-31,2,8.6
1992-08-31,2,4.6
1992-09-30,2,2.1
1992-10-31,2,0.9
1992-11-30,2,0.8
1992-12-31,2,51.7
1993-01-31,2,207.4
1993-02-28,2,128.6
1993-03-31,2,77.9
1993-04-30,2,36.9
1993-05-31,2,23.7
1993-06-30,2,14.5
1993-07-31,2,8.8
1993-08-31,2,4.6
1993-09-30,2,2.1
1993-10-31,2,1.0
1993-11-30,2,0.5
1993-12-31,2,13.7
1994-01-31,2,15.5
1994-02-28,2,32.8
1994-03-31,2,30.5
1994-04-30,2,20.7
1994-05-31,2,14.5
1994-06-30,2,8.9
1994-07-31,2,5.3
1994-08-31,2,2.7
1994-09-30,2,1.2
1994-10-31,2,0.5
1994-11-30,2,2.0
1994-12-31,2,16.9
1995-01-31,2,359.7
1995-02-28,2,115.6
1995-03-31,2,201.5
1995-04-30,2,75.3
1995-05-31,2,38.6
1995-06-30,2,23.0
1995-07-31,2,14.9
1995-08-31,2,8.7
1995-09-30,2,4.5
1995-10-31,2,2.2
1995-11-30,2,0.9
1995-12-31,2,46.8
1996-01-31,2,87.1
1996-02-29,2,154.0
1996-03-31,2,81.8
1996-04-30,2,39.9
1996-05-31,2,26.5
1996-06-30,2,17.4
1996-07-31,2,11.3
1996-08-31,2,6.3
1996-09-30,2,3.2
1996-10-31,2,1.6
1996-11-30,2,1.3
1996-12-31,2,107.0
1997-01-31,2,259.7
1997-02-28,2,97.2
1997-03-31,2,48.7
1997-04-30,2,26.8
1997-05-31,2,17.6
1997-06-30,2,10.4
1997-07-31,2,5.9
1997-08-31,2,3.0
1997-09-30,2,1.4
1997-10-31,2,0.8
1997-11-30,2,5.8
1997-12-31,2,21.9
1998-01-31,2,92.6
1998-02-28,2,234.5
1998-03-31,2,97.3
1998-04-30,2,47.2
1998-05-31,2,29.7
1998-06-30,2,20.1
1998-07-31,2,14.3
1998-08-31,2,9.2
1998-09-30,2,5.6
1998-10-31,2,3.5
1998-11-30,2,10.7
1998-12-31,2,17.3
1999-01-31,2,24.2
1999-02-28,2,96.7
1999-03-31,2,61.2
1999-04-30,2,38.7
1999-05-31,2,26.3
1999-06-30,2,16.8
1999-07-31,2,11.2
1999-08-31,2,6.8
1999-09-30,2,3.8
1999-10-31,2,2.3
1999-11-30,2,2.0
1999-12-31,2,4.1
2000-01-31,2,10.2
2000-02-29,2,70.8
2000-03-31,2,76.3
2000-04-30,2,38.9
2000-05-31,2,26.3
2000-06-30,2,16.6
2000-07-31,2,10.9
2000-08-31,2,6.5
2000-09-30,2,3.5
2000-10-31,2,2.1
2000-11-30,2,1.5
2000-12-31,2,1.4
2001-01-31,2,5.0
2001-02-28,2,26.8
2001-03-31,2,57.5
2001-04-30,2,31.9
2001-05-31,2,22.5
2001-06-30,2,14.3
2001-07-31,2,9.0
2001-08-31,2,4.9
2001-09-30,2,2.3
2001-10-31,2,1.1
2001-11-30,2,9.0
2001-12-31,2,88.1
2002-01-31,2,103.8
2002-02-28,2,43.4
2002-03-31,2,30.4
2002-04-30,2,19.2
2002-05-31,2,12.3
2002-06-30,2,6.8
2002-07-31,2,3.7
2002-08-31,2,1.7
2002-09-30,2,0.7
2002-10-31,2,0.3
2002-11-30,2,1.0
2002-12-31,2,184.3
2003-01-31,2,117.3
2003-02-28,2,50.6
2003-03-31,2,39.0
2003-04-30,2,27.7
2003-05-31,2,23.7
2003-06-30,2,15.6
2003-07-31,2,10.8
2003-08-31,2,7.1
2003-09-30,2,4.1
2003-10-31,2,2.3
2003-11-30,2,1.3
2003-12-31,2,56.4
2004-01-31,2,88.5
2004-02-29,2,107.6
2004-03-31,2,75.3
2004-04-30,2,35.7
2004-05-31,2,23.8
2004-06-30,2,14.8
2004-07-31,2,9.4
2004-08-31,2,5.3
2004-09-30,2,2.7
2004-10-31,2,1.6
2004-11-30,2,1.8
2004-12-31,2,53.7
2005-01-31,2,95.4
2005-02-28,2,50.7
2005-03-31,2,54.5
2005-04-30,2,35.5
2005-05-31,2,26.0
2005-06-30,2,17.7
2005-07-31,2,11.8
2005-08-31,2,7.2
2005-09-30,2,4.0
2005-10-31,2,2.3
2005-11-30,2,1.4
2005-12-31,2,164.9
2006-01-31,2,163.1
2006-02-28,2,76.5
2006-03-31,2,105.1
2006-04-30,2,85.2
2006-05-31,2,46.0
2006-06-30,2,27.5
2006-07-31,2,18.7
2006-08-31,2,12.0
2006-09-30,2,7.2
2006-10-31,2,4.5
2006-11-30,2,2.9
2006-12-31,2,10.5
2007-01-31,2,12.1
2007-02-28,2,28.5
2007-03-31,2,28.8
2007-04-30,2,21.2
2007-05-31,2,15.7
2007-06-30,2,10.4
2007-07-31,2,7.0
2007-08-31,2,4.2
2007-09-30,2,2.2
2007-10-31,2,1.2
2007-11-30,2,0.6
2007-12-31,2,1.2
2008-01-31,2,99.8
2008-02-29,2,79.3
2008-03-31,2,45.9
2008-04-30,2,27.1
2008-05-31,2,18.2
2008-06-30,2,11.0
2008-07-31,2,6.4
2008-08-31,2,3.1
2008-09-30,2,1.3
2008-10-31,2,0.6
2008-11-30,2,0.9
2008-12-31,2,1.9
2009-01-31,2,5.4
2009-02-28,2,31.2
2009-03-31,2,63.7
2009-04-30,2,31.2
2009-05-31,2,21.5
2009-06-30,2,13.4
2009-07-31,2,8.3
2009-08-31,2,4.3
2009-09-30,2,1.9
2009-10-31,2,2.6
2009-11-30,2,3.8
2009-12-31,2,5.1
2010-01-31,2,82.9
2010-02-28,2,78.7
2010-03-31,2,56.2
2010-04-30,2,41.4
2010-05-31,2,26.9
2010-06-30,2,17.4
2010-07-31,2,11.8
2010-08-31,2,7.0
2010-09-30,2,3.6
2010-10-31,2,2.0
2010-11-30,2,2.6
2010-12-31,2,31.8
2011-01-31,2,39.0
2011-02-28,2,26.8
2011-03-31,2,20.8
2011-04-30,2,13.2
2011-05-31,2,8.2
2011-06-30,2,4.2
2011-07-31,2,2.0
2011-08-31,2,0.8
2011-09-30,2,0.3
2011-10-31,2,0.1
2011-11-30,2,0.1
2011-12-31,2,0.0
2012-01-31,2,4.6
2012-02-29,2,8.8
2012-03-31,2,63.9
2012-04-30,2,58.2
2012-05-31,2,33.7
2012-06-30,2,22.3
2012-07-31,2,15.2
2012-08-31,2,9.2
2012-09-30,2,4.8
2012-10-31,2,2.3
2012-11-30,2,26.2
2012-12-31,2,166.4
2013-01-31,2,87.6
2013-02-28,2,36.9
2013-03-31,2,25.6
2013-04-30,2,15.7
2013-05-31,2,9.8
2013-06-30,2,5.1
2013-07-31,2,2.5
2013-08-31,2,1.0
2013-09-30,2,0.3
2013-10-31,2,0.1
2013-11-30,2,0.0
2013-12-31,2,0.0
2014-01-31,2,0.0
2014-02-28,2,23.1
2014-03-31,2,39.2
2014-04-30,2,27.6
2014-05-31,2,19.5
2014-06-30,2,12.6
2014-07-31,2,8.1
2014-08-31,2,4.4
2014-09-30,2,2.0
1921-10-31,3,0.5
1921-11-30,3,1.1
1921-12-31,3,23.7
1922-01-31,3,33.9
1922-02-28,3,88.6
1922-03-31,3,79.3
1922-04-30,3,64.1
1922-05-31,3,41.6
1922-06-30,3,25.0
1922-07-31,3,14.6
1922-08-31,3,6.4
1922-09-30,3,2.3
1922-10-31,3,2.0
1922-11-30,3,26.6
1922-12-31,3,65.4
1923-01-31,3,70.4
1923-02-28,3,57.0
1923-03-31,3,41.2
1923-04-30,3,44.2
1923-05-31,3,27.1
1923-06-30,3,19.4
1923-07-31,3,12.6
1923-08-31,3,6.4
1923-09-30,3,3.3
1923-10-31,3,2.2
1923-11-30,3,2.0
1923-12-31,3,3.7
1924-01-31,3,15.9
1924-02-29,3,42.3
1924-03-31,3,35.5
1924-04-30,3,27.1
1924-05-31,3,18.7
1924-06-30,3,9.4
1924-07-31,3,4.2
1924-08-31,3,1.5
1924-09-30,3,0.4
1924-10-31,3,3.0
1924-11-30,3,20.4
1924-12-31,3,57.6
1925-01-31,3,59.2
1925-02-28,3,187.7
1925-03-31,3,105.7
1925-04-30,3,84.8
1925-05-31,3,65.5
1925-06-30,3,40.8
1925-07-31,3,27.2
1925-08-31,3,16.7
1925-09-30,3,8.1
1925-10-31,3,3.6
1925-11-30,3,2.4
1925-12-31,3,9.2
1926-01-31,3,96.9
1926-02-28,3,103.9
1926-03-31,3,73.9
1926-04-30,3,83.1
1926-05-31,3,45.9
1926-06-30,3,27.2
1926-07-31,3,17.3
1926-08-31,3,8.2
1926-09-30,3,3.1
1926-10-31,3,1.8
1926-11-30,3,71.1
1926-12-31,3,85.7
1927-01-31,3,102.4
1927-02-28,3,182.7
1927-03-31,3,103.7
1927-04-30,3,96.1
1927-05-31,3,51.3
1927-06-30,3,28.1
1927-07-31,3,17.6
1927-08-31,3,8.1
1927-09-30,3,3.0
1927-10-31,3,1.1
1927-11-30,3,23.9
1927-12-31,3,39.8
1928-01-31,3,47.1
1928-02-29,3,75.0
1928-03-31,3,83.9
1928-04-30,3,74.3
1928-05-31,3,54.5
1928-06-30,3,32.2
1928-07-31,3,21.3
1928-08-31,3,10.5
1928-09-30,3,4.1
1928-10-31,3,1.5
1928-11-30,3,14.6
1928-12-31,3,26.1
1929-01-31,3,30.3
1929-02-28,3,46.9
1929-03-31,3,35.0
1929-04-30,3,25.5
1929-05-31,3,17.1
1929-06-30,3,9.3
1929-07-31,3,5.1
1929-08-31,3,2.4
1929-09-30,3,0.9
1929-10-31,3,0.3
1929-11-30,3,0.1
1929-12-31,3,60.6
1930-01-31,3,65.8
1930-02-28,3,78.2
1930-03-31,3,76.7
1930-04-30,3,54.8
1930-05-31,3,34.9
1930-06-30,3,22.4
1930-07-31,3,12.6
1930-08-31,3,5.6
1930-09-30,3,2.1
1930-10-31,3,0.8
1930-11-30,3,1.1
1930-12-31,3,2.6
1931-01-31,3,36.3
1931-02-28,3,30.3
1931-03-31,3,37.8
1931-04-30,3,28.8
1931-05-31,3,23.2
1931-06-30,3,16.1
1931-07-31,3,9.5
1931-08-31,3,4.6
1931-09-30,3,2.0
1931-10-31,3,1.0
1931-11-30,3,3.4
1931-12-31,3,69.2
1932-01-31,3,76.1
1932-02-29,3,71.7
1932-03-31,3,50.4
1932-04-30,3,29.4
1932-05-31,3,20.0
1932-06-30,3,11.2
1932-07-31,3,6.5
1932-08-31,3,3.3
1932-09-30,3,1.4
1932-10-31,3,0.5
1932-11-30,3,0.6
1932-12-31,3,12.4
1933-01-31,3,45.1
1933-02-28,3,48.2
1933-03-31,3,59.4
1933-04-30,3,43.1
1933-05-31,3,32.5
1933-06-30,3,21.9
1933-07-31,3,13.1
1933-08-31,3,6.2
1933-09-30,3,2.5
1933-10-31,3,1.4
1933-11-30,3,3.5
1933-12-31,3,46.8
1934-01-31,3,50.7
1934-02-28,3,53.4
1934-03-31,3,49.2
1934-04-30,3,34.1
1934-05-31,3,25.9
1934-06-30,3,16.2
1934-07-31,3,9.2
1934-08-31,3,4.4
1934-09-30,3,1.8
1934-10-31,3,1.2
1934-11-30,3,20.7
1934-12-31,3,27.5
1935-01-31,3,96.2
1935-02-28,3,79.2
1935-03-31,3,79.2
1935-04-30,3,65.5
1935-05-31,3,45.6
1935-06-30,3,28.3
1935-07-31,3,18.9
1935-08-31,3,9.2
1935-09-30,3,3.7
1935-10-31,3,1.7
1935-11-30,3,1.6
1935-12-31,3,5.3
1936-01-31,3,97.6
1936-02-29,3,150.5
1936-03-31,3,95.3
1936-04-30,3,78.7
1936-05-31,3,43.8
1936-06-30,3,27.4
1936-07-31,3,16.7
1936-08-31,3,8.3
1936-09-30,3,3.7
1936-10-31,3,1.6
1936-11-30,3,0.7
1936-12-31,3,0.9
1937-01-31,3,12.3
1937-02-28,3,120.7
1937-03-31,3,97.2
1937-04-30,3,72.0
1937-05-31,3,48.1
1937-06-30,3,27.7
1937-07-31,3,17.6
1937-08-31,3,8.4
1937-09-30,3,3.4
1937-10-31,3,2.0
1937-11-30,3,58.9
1937-12-31,3,202.2
1938-01-31,3,132.4
1938-02-28,3,200.0
1938-03-31,3,156.3
1938-04-30,3,101.2
1938-05-31,3,67.4
1938-06-30,3,34.2
1938-07-31,3,21.3
1938-08-31,3,10.1
1938-09-30,3,3.9
1938-10-31,3,2.2
1938-11-30,3,3.3
1938-12-31,3,24.0
1939-01-31,3,33.2
1939-02-28,3,40.8
1939-03-31,3,47.8
1939-04-30,3,30.8
1939-05-31,3,23.4
1939-06-30,3,14.3
1939-07-31,3,8.2
1939-08-31,3,3.9
1939-09-30,3,1.6
1939-10-31,3,0.6
1939-11-30,3,0.3
1939-12-31,3,10.8
1940-01-31,3,97.6
1940-02-29,3,225.2
1940-03-31,3,171.3
1940-04-30,3,101.5
1940-05-31,3,73.1
1940-06-30,3,38.5
1940-07-31,3,23.8
1940-08-31,3,12.1
1940-09-30,3,4.9
1940-10-31,3,2.0
1940-11-30,3,7.0
1940-12-31,3,119.4
1941-01-31,3,180.5
1941-02-28,3,197.5
1941-03-31,3,156.9
1941-04-30,3,127.3
1941-05-31,3,78.7
1941-06-30,3,44.1
1941-07-31,3,26.2
1941-08-31,3,14.5
1941-09-30,3,6.1
1941-10-31,3,2.5
1941-11-30,3,5.1
1941-12-31,3,94.2
1942-01-31,3,115.3
1942-02-28,3,191.5
1942-03-31,3,104.6
1942-04-30,3,88.2
1942-05-31,3,56.4
1942-06-30,3,34.2
1942-07-31,3,23.0
1942-08-31,3,12.1
1942-09-30,3,5.1
1942-10-31,3,2.1
1942-11-30,3,16.5
1942-12-31,3,42.9
1943-01-31,3,175.7
1943-02-28,3,83.6
1943-03-31,3,86.4
1943-04-30,3,59.6
1943-05-31,3,39.1
1943-06-30,3,25.2
1943-07-31,3,16.1
1943-08-31,3,8.0
1943-09-30,3,3.3
1943-10-31,3,1.3
1943-11-30,3,1.0
1943-12-31,3,4.3
1944-01-31,3,34.7
1944-02-29,3,66.1
1944-03-31,3,79.2
1944-04-30,3,50.8
1944-05-31,3,35.8
1944-06-30,3,24.0
1944-07-31,3,14.8
1944-08-31,3,7.4
1944-09-30,3,3.1
1944-10-31,3,2.0
1944-11-30,3,25.6
1944-12-31,3,41.2
1945-01-31,3,68.0
1945-02-28,3,80.9
1945-03-31,3,66.0
1945-04-30,3,50.1
1945-05-31,3,34.3
1945-06-30,3,23.2
1945-07-31,3,13.7
1945-08-31,3,6.4
1945-09-30,3,2.5
1945-10-31,3,13.0
1945-11-30,3,25.9
1945-12-31,3,127.2
1946-01-31,3,107.3
1946-02-28,3,77.7
1946-03-31,3,57.9
1946-04-30,3,35.5
1946-05-31,3,24.9
1946-06-30,3,14.5
1946-07-31,3,7.6
1946-08-31,3,3.2
1946-09-30,3,1.1
1946-10-31,3,0.4
1946-11-30,3,19.3
1946-12-31,3,30.2
1947-01-31,3,31.0
1947-02-28,3,51.9
1947-03-31,3,58.0
1947-04-30,3,46.5
1947-05-31,3,33.1
1947-06-30,3,22.5
1947-07-31,3,13.1
1947-08-31,3,6.0
1947-09-30,3,2.3
1947-10-31,3,5.1
1947-11-30,3,11.2
1947-12-31,3,13.5
1948-01-31,3,27.5
1948-02-29,3,29.1
1948-03-31,3,45.2
1948-04-30,3,74.3
1948-05-31,3,61.3
1948-06-30,3,40.5
1948-07-31,3,26.6
1948-08-31,3,15.6
1948-09-30,3,7.0
1948-10-31,3,3.1
1948-11-30,3,1.9
1948-12-31,3,9.9
1949-01-31,3,22.3
1949-02-28,3,39.7
1949-03-31,3,99.7
1949-04-30,3,62.3
1949-05-31,3,42.7
1949-06-30,3,25.4
1949-07-31,3,15.0
1949-08-31,3,6.6
1949-09-30,3,2.4
1949-10-31,3,0.8
1949-11-30,3,1.6
1949-12-31,3,4.6
1950-01-31,3,57.5
1950-02-28,3,98.9
1950-03-31,3,71.7
1950-04-30,3,56.4
1950-05-31,3,37.7
1950-06-30,3,24.7
1950-07-31,3,15.0
1950-08-31,3,7.0
1950-09-30,3,2.7
1950-10-31,3,6.4
1950-11-30,3,49.1
1950-12-31,3,118.1
1951-01-31,3,116.3
1951-02-28,3,101.3
1951-03-31,3,79.1
1951-04-30,3,47.1
1951-05-31,3,44.7
1951-06-30,3,23.7
1951-07-31,3,15.0
1951-08-31,3,7.8
1951-09-30,3,3.4
1951-10-31,3,1.8
1951-11-30,3,22.4
1951-12-31,3,116.0
1952-01-31,3,152.6
1952-02-29,3,119.6
1952-03-31,3,103.8
1952-04-30,3,65.5
1952-05-31,3,37.7
1952-06-30,3,22.7
1952-07-31,3,12.4
1952-08-31,3,5.5
1952-09-30,3,2.1
1952-10-31,3,0.8
1952-11-30,3,2.0
1952-12-31,3,113.3
1953-01-31,3,173.0
1953-02-28,3,85.7
1953-03-31,3,82.8
1953-04-30,3,50.6
1953-05-31,3,35.3
1953-06-30,3,25.4
1953-07-31,3,17.4
1953-08-31,3,9.9
1953-09-30,3,4.8
1953-10-31,3,2.4
1953-11-30,3,28.7
1953-12-31,3,17.1
1954-01-31,3,116.8
1954-02-28,3,89.2
1954-03-31,3,88.6
1954-04-30,3,73.7
1954-05-31,3,45.7
1954-06-30,3,27.0
1954-07-31,3,17.0
1954-08-31,3,8.2
1954-09-30,3,3.6
1954-10-31,3,1.7
1954-11-30,3,17.8
1954-12-31,3,50.1
1955-01-31,3,47.6
1955-02-28,3,35.6
1955-03-31,3,32.4
1955-04-30,3,32.6
1955-05-31,3,25.4
1955-06-30,3,18.9
1955-07-31,3,13.5
1955-08-31,3,7.4
1955-09-30,3,3.3
1955-10-31,3,1.4
1955-11-30,3,3.1
1955-12-31,3,234.7
1956-01-31,3,251.3
1956-02-29,3,231.0
1956-03-31,3,112.9
1956-04-30,3,77.9
1956-05-31,3,45.9
1956-06-30,3,25.2
1956-07-31,3,14.6
1956-08-31,3,6.4
1956-09-30,3,2.3
1956-10-31,3,1.6
1956-11-30,3,5.4
1956-12-31,3,5.5
1957-01-31,3,37.2
1957-02-28,3,81.0
1957-03-31,3,70.6
1957-04-30,3,66.9
1957-05-31,3,57.7
1957-06-30,3,36.7
1957-07-31,3,25.8
1957-08-31,3,15.3
1957-09-30,3,8.7
1957-10-31,3,35.5
1957-11-30,3,23.1
1957-12-31,3,41.1
1958-01-31,3,81.2
1958-02-28,3,267.9
1958-03-31,3,188.8
1958-04-30,3,165.4
1958-05-31,3,85.6
1958-06-30,3,47.5
1958-07-31,3,26.8
1958-08-31,3,14.7
1958-09-30,3,6.1
1958-10-31,3,2.3
1958-11-30,3,0.9
1958-12-31,3,0.8
1959-01-31,3,78.3
1959-02-28,3,119.0
1959-03-31,3,79.0
1959-04-30,3,54.4
1959-05-31,3,32.1
1959-06-30,3,19.5
1959-07-31,3,9.9
1959-08-31,3,3.9
1959-09-30,3,2.0
1959-10-31,3,1.8
1959-11-30,3,1.2
1959-12-31,3,1.4
1960-01-31,3,21.9
1960-02-29,3,147.3
1960-03-31,3,100.6
1960-04-30,3,71.8
1960-05-31,3,46.8
1960-06-30,3,28.6
1960-07-31,3,19.3
1960-08-31,3,10.0
1960-09-30,3,4.3
1960-10-31,3,2.0
1960-11-30,3,18.9
1960-12-31,3,76.5
1961-01-31,3,73.1
1961-02-28,3,69.6
1961-03-31,3,75.4
1961-04-30,3,54.1
1961-05-31,3,38.0
1961-06-30,3,25.1
1961-07-31,3,15.7
1961-08-31,3,7.6
1961-09-30,3,3.1
1961-10-31,3,1.2
1961-11-30,3,28.7
1961-12-31,3,54.2
1962-01-31,3,45.4
1962-02-28,3,140.1
1962-03-31,3,119.6
1962-04-30,3,72.2
1962-05-31,3,44.2
1962-06-30,3,24.9
1962-07-31,3,14.1
1962-08-31,3,5.9
1962-09-30,3,2.1
1962-10-31,3,68.2
1962-11-30,3,38.5
1962-12-31,3,56.2
1963-01-31,3,135.0
1963-02-28,3,98.4
1963-03-31,3,93.8
1963-04-30,3,99.7
1963-05-31,3,73.9
1963-06-30,3,43.1
1963-07-31,3,26.1
1963-08-31,3,14.4
1963-09-30,3,6.0
1963-10-31,3,3.3
1963-11-30,3,39.0
1963-12-31,3,34.8
1964-01-31,3,66.3
1964-02-29,3,42.7
1964-03-31,3,38.3
1964-04-30,3,27.2
1964-05-31,3,19.5
1964-06-30,3,11.0
1964-07-31,3,5.8
1964-08-31,3,2.5
1964-09-30,3,0.8
1964-10-31,3,0.5
1964-11-30,3,56.9
1964-12-31,3,237.4
1965-01-31,3,259.3
1965-02-28,3,97.2
1965-03-31,3,75.3
1965-04-30,3,65.1
1965-05-31,3,38.9
1965-06-30,3,26.4
1965-07-31,3,17.6
1965-08-31,3,9.0
1965-09-30,3,3.9
1965-10-31,3,1.6
1965-11-30,3,42.1
1965-12-31,3,47.2
1966-01-31,3,134.2
1966-02-28,3,105.2
1966-03-31,3,75.5
1966-04-30,3,45.4
1966-05-31,3,28.1
1966-06-30,3,17.2
1966-07-31,3,9.0
1966-08-31,3,3.8
1966-09-30,3,1.4
1966-10-31,3,0.5
1966-11-30,3,57.3
1966-12-31,3,103.5
1967-01-31,3,167.5
1967-02-28,3,89.2
1967-03-31,3,117.2
1967-04-30,3,80.2
1967-05-31,3,58.7
1967-06-30,3,37.9
1967-07-31,3,24.8
1967-08-31,3,13.7
1967-09-30,3,6.0
1967-10-31,3,3.1
1967-11-30,3,3.8
1967-12-31,3,29.8
1968-01-31,3,106.4
1968-02-29,3,87.2
1968-03-31,3,91.1
1968-04-30,3,60.5
1968-05-31,3,36.2
1968-06-30,3,22.2
1968-07-31,3,11.9
1968-08-31,3,5.1
1968-09-30,3,1.9
1968-10-31,3,1.2
1968-11-30,3,6.0
1968-12-31,3,75.0
1969-01-31,3,208.6
1969-02-28,3,203.3
1969-03-31,3,117.2
1969-04-30,3,78.6
1969-05-31,3,45.4
1969-06-30,3,25.2
1969-07-31,3,14.6
1969-08-31,3,6.4
1969-09-30,3,2.3
1969-10-31,3,1.3
1969-11-30,3,3.5
1969-12-31,3,79.3
1970-01-31,3,293.6
1970-02-28,3,159.0
1970-03-31,3,107.6
1970-04-30,3,67.2
1970-05-31,3,35.9
1970-06-30,3,20.7
1970-07-31,3,10.2
1970-08-31,3,3.9
1970-09-30,3,1.2
1970-10-31,3,0.6
1970-11-30,3,87.3
1970-12-31,3,145.1
1971-01-31,3,126.6
1971-02-28,3,78.0
1971-03-31,3,77.6
1971-04-30,3,48.2
1971-05-31,3,34.5
1971-06-30,3,24.1
1971-07-31,3,14.8
1971-08-31,3,7.0
1971-09-30,3,2.7
1971-10-31,3,1.0
1971-11-30,3,2.1
1971-12-31,3,33.8
1972-01-31,3,41.5
1972-02-29,3,50.4
1972-03-31,3,45.9
1972-04-30,3,37.8
1972-05-31,3,27.1
1972-06-30,3,17.5
1972-07-31,3,10.0
1972-08-31,3,4.6
1972-09-30,3,1.8
1972-10-31,3,3.9
1972-11-30,3,38.2
1972-12-31,3,61.1
1973-01-31,3,172.7
1973-02-28,3,180.4
1973-03-31,3,115.3
1973-04-30,3,75.8
1973-05-31,3,42.9
1973-06-30,3,24.1
1973-07-31,3,13.2
1973-08-31,3,5.4
1973-09-30,3,1.9
1973-10-31,3,2.4
1973-11-30,3,149.3
1973-12-31,3,122.8
1974-01-31,3,162.0
1974-02-28,3,113.7
1974-03-31,3,144.9
1974-04-30,3,94.7
1974-05-31,3,62.5
1974-06-30,3,33.6
1974-07-31,3,21.8
1974-08-31,3,11.0
1974-09-30,3,4.4
1974-10-31,3,1.8
1974-11-30,3,1.6
1974-12-31,3,19.2
1975-01-31,3,30.2
1975-02-28,3,138.8
1975-03-31,3,154.1
1975-04-30,3,95.2
1975-05-31,3,69.8
1975-06-30,3,36.2
1975-07-31,3,22.8
1975-08-31,3,11.4
1975-09-30,3,4.5
1975-10-31,3,3.6
1975-11-30,3,8.6
1975-12-31,3,12.3
1976-01-31,3,13.3
1976-02-29,3,21.7
1976-03-31,3,29.0
1976-04-30,3,32.7
1976-05-31,3,26.8
1976-06-30,3,18.5
1976-07-31,3,11.1
1976-08-31,3,5.3
1976-09-30,3,2.1
1976-10-31,3,0.9
1976-11-30,3,1.1
1976-12-31,3,1.3
1977-01-31,3,11.1
1977-02-28,3,11.9
1977-03-31,3,19.7
1977-04-30,3,17.5
1977-05-31,3,14.6
1977-06-30,3,9.8
1977-07-31,3,5.7
1977-08-31,3,2.6
1977-09-30,3,1.3
1977-10-31,3,0.8
1977-11-30,3,22.2
1977-12-31,3,57.0
1978-01-31,3,252.9
1978-02-28,3,186.8
1978-03-31,3,137.4
1978-04-30,3,93.0
1978-05-31,3,59.3
1978-06-30,3,31.8
1978-07-31,3,20.7
1978-08-31,3,10.1
1978-09-30,3,4.4
1978-10-31,3,1.8
1978-11-30,3,1.1
1978-12-31,3,1.2
1979-01-31,3,60.4
1979-02-28,3,94.2
1979-03-31,3,88.3
1979-04-30,3,67.5
1979-05-31,3,47.3
1979-06-30,3,28.1
1979-07-31,3,18.8
1979-08-31,3,9.5
1979-09-30,3,4.0
1979-10-31,3,7.9
1979-11-30,3,38.1
1979-12-31,3,83.8
1980-01-31,3,143.3
1980-02-29,3,188.9
1980-03-31,3,112.4
1980-04-30,3,78.3
1980-05-31,3,45.6
1980-06-30,3,25.6
1980-07-31,3,15.1
1980-08-31,3,6.6
1980-09-30,3,2.4
1980-10-31,3,0.9
1980-11-30,3,0.6
1980-12-31,3,29.5
1981-01-31,3,63.4
1981-02-28,3,61.3
1981-03-31,3,66.7
1981-04-30,3,48.5
1981-05-31,3,31.9
1981-06-30,3,20.7
1981-07-31,3,11.3
1981-08-31,3,4.9
1981-09-30,3,1.8
1981-10-31,3,6.2
1981-11-30,3,77.7
1981-12-31,3,140.7
1982-01-31,3,150.2
1982-02-28,3,134.6
1982-03-31,3,148.7
1982-04-30,3,123.7
1982-05-31,3,81.0
1982-06-30,3,46.2
1982-07-31,3,26.7
1982-08-31,3,14.6
1982-09-30,3,6.1
1982-10-31,3,4.8
1982-11-30,3,72.2
1982-12-31,3,93.2
1983-01-31,3,171.3
1983-02-28,3,221.1
1983-03-31,3,296.0
1983-04-30,3,127.1
1983-05-31,3,95.7
1983-06-30,3,56.5
1983-07-31,3,30.9
1983-08-31,3,18.1
1983-09-30,3,8.0
1983-10-31,3,3.6
1983-11-30,3,95.0
1983-12-31,3,188.1
1984-01-31,3,101.0
1984-02-29,3,85.2
1984-03-31,3,64.9
1984-04-30,3,41.9
1984-05-31,3,28.6
1984-06-30,3,18.5
1984-07-31,3,10.3
1984-08-31,3,4.7
1984-09-30,3,1.8
1984-10-31,3,1.3
1984-11-30,3,71.7
1984-12-31,3,65.5
1985-01-31,3,55.1
1985-02-28,3,74.0
1985-03-31,3,56.9
1985-04-30,3,43.6
1985-05-31,3,30.7
1985-06-30,3,20.7
1985-07-31,3,11.6
1985-08-31,3,5.1
1985-09-30,3,2.1
1985-10-31,3,1.3
1985-11-30,3,10.8
1985-12-31,3,39.2
1986-01-31,3,78.3
1986-02-28,3,349.5
1986-03-31,3,195.3
1986-04-30,3,93.6
1986-05-31,3,61.8
1986-06-30,3,31.1
1986-07-31,3,19.1
1986-08-31,3,8.6
1986-09-30,3,3.5
1986-10-31,3,1.6
1986-11-30,3,1.2
1986-12-31,3,3.5
1987-01-31,3,18.0
1987-02-28,3,58.6
1987-03-31,3,78.6
1987-04-30,3,56.0
1987-05-31,3,37.2
1987-06-30,3,23.4
1987-07-31,3,13.1
1987-08-31,3,5.6
1987-09-30,3,2.0
1987-10-31,3,0.8
1987-11-30,3,6.9
1987-12-31,3,63.2
1988-01-31,3,111.5
1988-02-29,3,71.3
1988-03-31,3,51.4
1988-04-30,3,30.7
1988-05-31,3,22.2
1988-06-30,3,12.3
1988-07-31,3,6.6
1988-08-31,3,3.2
1988-09-30,3,1.3
1988-10-31,3,0.5
1988-11-30,3,24.4
1988-12-31,3,32.1
1989-01-31,3,44.8
1989-02-28,3,35.1
1989-03-31,3,78.4
1989-04-30,3,55.2
1989-05-31,3,40.2
1989-06-30,3,25.4
1989-07-31,3,15.6
1989-08-31,3,7.2
1989-09-30,3,3.2
1989-10-31,3,14.2
1989-11-30,3,14.1
1989-12-31,3,15.5
1990-01-31,3,45.3
1990-02-28,3,48.4
1990-03-31,3,45.5
1990-04-30,3,30.9
1990-05-31,3,41.1
1990-06-30,3,26.5
1990-07-31,3,20.8
1990-08-31,3,14.3
1990-09-30,3,8.0
1990-10-31,3,4.1
1990-11-30,3,2.3
1990-12-31,3,1.9
1991-01-31,3,2.0
1991-02-28,3,19.0
1991-03-31,3,103.6
1991-04-30,3,66.9
1991-05-31,3,49.5
1991-06-30,3,28.4
1991-07-31,3,18.0
1991-08-31,3,8.4
1991-09-30,3,3.2
1991-10-31,3,1.4
1991-11-30,3,4.3
1991-12-31,3,9.6
1992-01-31,3,26.7
1992-02-29,3,87.4
1992-03-31,3,80.8
1992-04-30,3,60.3
1992-05-31,3,37.4
1992-06-30,3,23.5
1992-07-31,3,13.5
1992-08-31,3,6.2
1992-09-30,3,2.5
1992-10-31,3,1.8
1992-11-30,3,5.8
1992-12-31,3,74.3
1993-01-31,3,188.5
1993-02-28,3,142.1
1993-03-31,3,106.0
1993-04-30,3,73.0
1993-05-31,3,47.5
1993-06-30,3,35.6
1993-07-31,3,25.9
1993-08-31,3,16.0
1993-09-30,3,7.8
1993-10-31,3,3.6
1993-11-30,3,2.3
1993-12-31,3,24.2
1994-01-31,3,31.2
1994-02-28,3,63.7
1994-03-31,3,49.2
1994-04-30,3,35.7
1994-05-31,3,27.6
1994-06-30,3,17.6
1994-07-31,3,10.4
1994-08-31,3,5.1
1994-09-30,3,2.1
1994-10-31,3,1.0
1994-11-30,3,17.2
1994-12-31,3,37.1
1995-01-31,3,368.2
1995-02-28,3,110.3
1995-03-31,3,270.9
1995-04-30,3,106.8
1995-05-31,3,88.6
1995-06-30,3,49.9
1995-07-31,3,29.0
1995-08-31,3,17.2
1995-09-30,3,7.7
1995-10-31,3,3.1
1995-11-30,3,1.0
1995-12-31,3,77.1
1996-01-31,3,118.1
1996-02-29,3,181.8
1996-03-31,3,114.5
1996-04-30,3,85.1
1996-05-31,3,57.9
1996-06-30,3,33.2
1996-07-31,3,22.9
1996-08-31,3,12.6
1996-09-30,3,5.7
1996-10-31,3,2.4
1996-11-30,3,9.6
1996-12-31,3,121.2
1997-01-31,3,239.2
1997-02-28,3,100.0
1997-03-31,3,83.0
1997-04-30,3,47.4
1997-05-31,3,28.2
1997-06-30,3,17.1
1997-07-31,3,9.0
1997-08-31,3,4.2
1997-09-30,3,2.0
1997-10-31,3,1.6
1997-11-30,3,29.0
1997-12-31,3,50.0
1998-01-31,3,128.4
1998-02-28,3,327.3
1998-03-31,3,130.1
1998-04-30,3,98.3
1998-05-31,3,78.4
1998-06-30,3,47.8
1998-07-31,3,29.1
1998-08-31,3,18.3
1998-09-30,3,9.0
1998-10-31,3,4.2
1998-11-30,3,32.7
1998-12-31,3,38.4
1999-01-31,3,47.8
1999-02-28,3,129.1
1999-03-31,3,104.6
1999-04-30,3,86.1
1999-05-31,3,56.6
1999-06-30,3,30.3
1999-07-31,3,19.2
1999-08-31,3,8.9
1999-09-30,3,3.4
1999-10-31,3,1.2
1999-11-30,3,11.1
1999-12-31,3,18.4
2000-01-31,3,35.9
2000-02-29,3,115.6
2000-03-31,3,101.3
2000-04-30,3,73.3
2000-05-31,3,45.6
2000-06-30,3,26.5
2000-07-31,3,16.6
2000-08-31,3,8.0
2000-09-30,3,3.3
2000-10-31,3,1.7
2000-11-30,3,3.6
2000-12-31,3,8.8
2001-01-31,3,27.3
2001-02-28,3,59.1
2001-03-31,3,81.0
2001-04-30,3,51.9
2001-05-31,3,32.0
2001-06-30,3,19.8
2001-07-31,3,10.3
2001-08-31,3,4.2
2001-09-30,3,1.5
2001-10-31,3,0.6
2001-11-30,3,29.6
2001-12-31,3,100.1
2002-01-31,3,124.1
2002-02-28,3,76.3
2002-03-31,3,60.6
2002-04-30,3,36.4
2002-05-31,3,25.5
2002-06-30,3,15.3
2002-07-31,3,8.0
2002-08-31,3,3.3
2002-09-30,3,1.1
2002-10-31,3,0.3
2002-11-30,3,11.6
2002-12-31,3,210.7
2003-01-31,3,122.0
2003-02-28,3,92.8
2003-03-31,3,92.9
2003-04-30,3,66.8
2003-05-31,3,59.2
2003-06-30,3,39.4
2003-07-31,3,26.5
2003-08-31,3,15.6
2003-09-30,3,6.9
2003-10-31,3,2.7
2003-11-30,3,11.2
2003-12-31,3,92.8
2004-01-31,3,94.8
2004-02-29,3,164.0
2004-03-31,3,92.3
2004-04-30,3,61.3
2004-05-31,3,34.9
2004-06-30,3,21.3
2004-07-31,3,11.4
2004-08-31,3,4.8
2004-09-30,3,1.7
2004-10-31,3,3.1
2004-11-30,3,9.2
2004-12-31,3,77.6
2005-01-31,3,87.7
2005-02-28,3,73.7
2005-03-31,3,86.6
2005-04-30,3,69.0
2005-05-31,3,61.8
2005-06-30,3,38.8
2005-07-31,3,26.4
2005-08-31,3,16.0
2005-09-30,3,7.6
2005-10-31,3,3.4
2005-11-30,3,7.1
2005-12-31,3,191.8
2006-01-31,3,164.6
2006-02-28,3,139.4
2006-03-31,3,152.4
2006-04-30,3,138.2
2006-05-31,3,84.7
2006-06-30,3,47.4
2006-07-31,3,27.1
2006-08-31,3,15.1
2006-09-30,3,6.2
2006-10-31,3,2.4
2006-11-30,3,3.8
2006-12-31,3,25.7
2007-01-31,3,30.6
2007-02-28,3,74.9
2007-03-31,3,60.2
2007-04-30,3,44.5
2007-05-31,3,30.2
2007-06-30,3,19.4
2007-07-31,3,10.9
2007-08-31,3,5.0
2007-09-30,3,1.9
2007-10-31,3,1.3
2007-11-30,3,1.3
2007-12-31,3,14.4
2008-01-31,3,129.8
2008-02-29,3,94.1
2008-03-31,3,75.2
2008-04-30,3,43.4
2008-05-31,3,26.1
2008-06-30,3,14.2
2008-07-31,3,6.5
2008-08-31,3,2.4
2008-09-30,3,0.7
2008-10-31,3,0.8
2008-11-30,3,8.0
2008-12-31,3,12.3
2009-01-31,3,18.0
2009-02-28,3,56.8
2009-03-31,3,69.9
2009-04-30,3,47.9
2009-05-31,3,38.2
2009-06-30,3,24.1
2009-07-31,3,14.9
2009-08-31,3,7.5
2009-09-30,3,3.1
2009-10-31,3,5.8
2009-11-30,3,9.7
2009-12-31,3,14.7
2010-01-31,3,98.8
2010-02-28,3,83.7
2010-03-31,3,87.8
2010-04-30,3,86.0
2010-05-31,3,57.2
2010-06-30,3,36.1
2010-07-31,3,25.0
2010-08-31,3,14.4
2010-09-30,3,6.6
2010-10-31,3,6.4
2010-11-30,3,19.0
2010-12-31,3,58.7
2011-01-31,3,63.6
2011-02-28,3,41.2
2011-03-31,3,28.6
2011-04-30,3,16.9
2011-05-31,3,8.2
2011-06-30,3,3.1
2011-07-31,3,1.0
2011-08-31,3,0.2
2011-09-30,3,0.0
2011-10-31,3,0.0
2011-11-30,3,0.0
2011-12-31,3,0.0
2012-01-31,3,25.2
2012-02-29,3,21.4
2012-03-31,3,109.3
2012-04-30,3,80.0
2012-05-31,3,61.2
2012-06-30,3,34.4
2012-07-31,3,22.3
2012-08-31,3,11.0
2012-09-30,3,4.3
2012-10-31,3,1.7
2012-11-30,3,60.2
2012-12-31,3,198.8
2013-01-31,3,93.1
2013-02-28,3,62.6
2013-03-31,3,42.7
2013-04-30,3,26.6
2013-05-31,3,15.2
2013-06-30,3,7.1
2013-07-31,3,3.3
2013-08-31,3,1.3
2013-09-30,3,0.4
2013-10-31,3,0.2
2013-11-30,3,0.2
2013-12-31,3,0.6
2014-01-31,3,0.7
2014-02-28,3,42.0
2014-03-31,3,52.4
2014-04-30,3,49.0
2014-05-31,3,35.3
2014-06-30,3,23.7
2014-07-31,3,14.0
2014-08-31,3,6.4
2014-09-30,3,2.4
1921-10-31,4,0.3
1921-11-30,4,4.2
1921-12-31,4,35.4
1922-01-31,4,83.5
1922-02-28,4,68.4
1922-03-31,4,105.4
1922-04-30,4,59.2
1922-05-31,4,30.4
1922-06-30,4,7.6
1922-07-31,4,1.6
1922-08-31,4,0.0
1922-09-30,4,0.1
1922-10-31,4,10.6
1922-11-30,4,26.7
1922-12-31,4,52.5
1923-01-31,4,77.2
1923-02-28,4,39.4
1923-03-31,4,22.6
1923-04-30,4,38.3
1923-05-31,4,16.1
1923-06-30,4,1.5
1923-07-31,4,1.5
1923-08-31,4,0.1
1923-09-30,4,1.5
1923-10-31,4,25.0
1923-11-30,4,9.4
1923-12-31,4,25.0
1924-01-31,4,16.8
1924-02-29,4,65.9
1924-03-31,4,31.6
1924-04-30,4,8.2
1924-05-31,4,1.8
1924-06-30,4,0.2
1924-07-31,4,0.0
1924-08-31,4,1.0
1924-09-30,4,0.7
1924-10-31,4,8.3
1924-11-30,4,55.3
1924-12-31,4,58.0
1925-01-31,4,36.6
1925-02-28,4,151.4
1925-03-31,4,72.9
1925-04-30,4,61.6
1925-05-31,4,28.9
1925-06-30,4,7.4
1925-07-31,4,1.7
1925-08-31,4,0.1
1925-09-30,4,1.6
1925-10-31,4,2.5
1925-11-30,4,13.4
1925-12-31,4,48.6
1926-01-31,4,15.7
1926-02-28,4,144.5
1926-03-31,4,50.0
1926-04-30,4,24.0
1926-05-31,4,12.5
1926-06-30,4,1.2
1926-07-31,4,0.0
1926-08-31,4,0.0
1926-09-30,4,0.6
1926-10-31,4,4.1
1926-11-30,4,11.5
1926-12-31,4,179.7
1927-01-31,4,72.1
1927-02-28,4,149.2
1927-03-31,4,118.9
1927-04-30,4,51.0
1927-05-31,4,11.1
1927-06-30,4,3.7
1927-07-31,4,2.3
1927-08-31,4,0.1
1927-09-30,4,0.0
1927-10-31,4,0.0
1927-11-30,4,42.7
1927-12-31,4,55.8
1928-01-31,4,90.3
1928-02-29,4,114.8
1928-03-31,4,55.4
1928-04-30,4,98.0
1928-05-31,4,20.0
1928-06-30,4,1.6
1928-07-31,4,0.3
1928-08-31,4,0.0
1928-09-30,4,0.1
1928-10-31,4,1.1
1928-11-30,4,32.3
1928-12-31,4,48.3
1929-01-31,4,35.6
1929-02-28,4,68.4
1929-03-31,4,34.9
1929-04-30,4,19.8
1929-05-31,4,11.4
1929-06-30,4,4.4
1929-07-31,4,5.2
1929-08-31,4,0.4
1929-09-30,4,0.0
1929-10-31,4,0.2
1929-11-30,4,0.2
1929-12-31,4,61.2
1930-01-31,4,60.3
1930-02-28,4,45.5
1930-03-31,4,100.2
1930-04-30,4,38.8
1930-05-31,4,15.4
1930-06-30,4,2.2
1930-07-31,4,0.2
1930-08-31,4,0.0
1930-09-30,4,0.6
1930-10-31,4,1.8
1930-11-30,4,8.9
1930-12-31,4,23.9
1931-01-31,4,80.6
1931-02-28,4,50.8
1931-03-31,4,37.8
1931-04-30,4,22.2
1931-05-31,4,2.9
1931-06-30,4,8.0
1931-07-31,4,11.8
1931-08-31,4,1.3
1931-09-30,4,0.3
1931-10-31,4,0.9
1931-11-30,4,12.2
1931-12-31,4,36.3
1932-01-31,4,152.0
1932-02-29,4,32.3
1932-03-31,4,27.1
1932-04-30,4,32.3
1932-05-31,4,23.9
1932-06-30,4,4.6
1932-07-31,4,0.6
1932-08-31,4,0.0
1932-09-30,4,0.0
1932-10-31,4,0.1
1932-11-30,4,1.7
1932-12-31,4,34.4
1933-01-31,4,59.2
1933-02-28,4,44.3
1933-03-31,4,48.2
1933-04-30,4,49.8
1933-05-31,4,20.4
1933-06-30,4,4.4
1933-07-31,4,0.1
1933-08-31,4,0.0
1933-09-30,4,0.0
1933-10-31,4,0.2
1933-11-30,4,12.2
1933-12-31,4,33.7
1934-01-31,4,146.4
1934-02-28,4,31.9
1934-03-31,4,25.1
1934-04-30,4,32.0
1934-05-31,4,9.4
1934-06-30,4,2.4
1934-07-31,4,0.9
1934-08-31,4,0.0
1934-09-30,4,0.0
1934-10-31,4,1.3
1934-11-30,4,50.8
1934-12-31,4,52.1
1935-01-31,4,74.1
1935-02-28,4,49.6
1935-03-31,4,94.3
1935-04-30,4,57.1
1935-05-31,4,29.8
1935-06-30,4,3.3
1935-07-31,4,0.1
1935-08-31,4,0.0
1935-09-30,4,0.3
1935-10-31,4,4.3
1935-11-30,4,6.9
1935-12-31,4,14.7
1936-01-31,4,217.1
1936-02-29,4,99.0
1936-03-31,4,65.1
1936-04-30,4,48.5
1936-05-31,4,13.2
1936-06-30,4,22.0
1936-07-31,4,14.8
1936-08-31,4,1.2
1936-09-30,4,0.3
1936-10-31,4,0.1
1936-11-30,4,0.4
1936-12-31,4,2.2
1937-01-31,4,32.0
1937-02-28,4,76.2
1937-03-31,4,127.0
1937-04-30,4,100.6
1937-05-31,4,44.3
1937-06-30,4,22.8
1937-07-31,4,23.4
1937-08-31,4,2.4
1937-09-30,4,0.0
1937-10-31,4,7.4
1937-11-30,4,90.6
1937-12-31,4,215.2
1938-01-31,4,106.3
1938-02-28,4,191.1
1938-03-31,4,208.5
1938-04-30,4,87.0
1938-05-31,4,24.7
1938-06-30,4,3.8
1938-07-31,4,0.6
1938-08-31,4,0.0
1938-09-30,4,0.0
1938-10-31,4,10.8
1938-11-30,4,12.7
1938-12-31,4,145.1
1939-01-31,4,75.7
1939-02-28,4,54.4
1939-03-31,4,54.1
1939-04-30,4,37.8
1939-05-31,4,10.9
1939-06-30,4,7.3
1939-07-31,4,1.3
1939-08-31,4,0.0
1939-09-30,4,0.3
1939-10-31,4,3.7
1939-11-30,4,2.0
1939-12-31,4,51.2
1940-01-31,4,159.7
1940-02-29,4,98.9
1940-03-31,4,130.4
1940-04-30,4,58.1
1940-05-31,4,15.6
1940-06-30,4,5.1
1940-07-31,4,1.2
1940-08-31,4,0.0
1940-09-30,4,0.1
1940-10-31,4,0.8
1940-11-30,4,29.3
1940-12-31,4,56.1
1941-01-31,4,221.2
1941-02-28,4,174.6
1941-03-31,4,151.5
1941-04-30,4,80.0
1941-05-31,4,27.8
1941-06-30,4,6.8
1941-07-31,4,2.8
1941-08-31,4,0.7
1941-09-30,4,0.2
1941-10-31,4,0.4
1941-11-30,4,11.2
1941-12-31,4,105.9
1942-01-31,4,118.8
1942-02-28,4,162.7
1942-03-31,4,45.6
1942-04-30,4,36.9
1942-05-31,4,27.8
1942-06-30,4,9.3
1942-07-31,4,1.7
1942-08-31,4,0.0
1942-09-30,4,0.3
1942-10-31,4,0.7
1942-11-30,4,10.5
1942-12-31,4,75.5
1943-01-31,4,143.0
1943-02-28,4,106.9
1943-03-31,4,65.4
1943-04-30,4,37.8
1943-05-31,4,22.3
1943-06-30,4,4.7
1943-07-31,4,1.3
1943-08-31,4,0.1
1943-09-30,4,0.0
1943-10-31,4,0.5
1943-11-30,4,11.9
1943-12-31,4,20.2
1944-01-31,4,46.5
1944-02-29,4,72.1
1944-03-31,4,51.7
1944-04-30,4,16.1
1944-05-31,4,16.0
1944-06-30,4,6.9
1944-07-31,4,6.3
1944-08-31,4,0.7
1944-09-30,4,0.0
1944-10-31,4,0.2
1944-11-30,4,38.3
1944-12-31,4,66.1
1945-01-31,4,75.7
1945-02-28,4,147.8
1945-03-31,4,37.5
1945-04-30,4,44.3
1945-05-31,4,10.9
1945-06-30,4,8.9
1945-07-31,4,2.5
1945-08-31,4,0.1
1945-09-30,4,0.0
1945-10-31,4,0.3
1945-11-30,4,38.7
1945-12-31,4,110.5
1946-01-31,4,182.4
1946-02-28,4,35.2
1946-03-31,4,42.4
1946-04-30,4,47.7
1946-05-31,4,10.6
1946-06-30,4,0.9
1946-07-31,4,0.3
1946-08-31,4,3.0
1946-09-30,4,0.6
1946-10-31,4,6.0
1946-11-30,4,10.7
1946-12-31,4,59.1
1947-01-31,4,21.2
1947-02-28,4,57.2
1947-03-31,4,83.6
1947-04-30,4,32.8
1947-05-31,4,6.0
1947-06-30,4,4.5
1947-07-31,4,3.9
1947-08-31,4,0.3
1947-09-30,4,0.0
1947-10-31,4,11.5
1947-11-30,4,37.3
1947-12-31,4,13.2
1948-01-31,4,86.4
1948-02-29,4,34.6
1948-03-31,4,26.5
1948-04-30,4,58.3
1948-05-31,4,38.0
1948-06-30,4,20.0
1948-07-31,4,9.7
1948-08-31,4,0.6
1948-09-30,4,2.2
1948-10-31,4,9.6
1948-11-30,4,22.4
1948-12-31,4,42.4
1949-01-31,4,42.2
1949-02-28,4,11.3
1949-03-31,4,136.8
1949-04-30,4,64.2
1949-05-31,4,31.4
1949-06-30,4,10.3
1949-07-31,4,1.6
1949-08-31,4,0.2
1949-09-30,4,0.1
1949-10-31,4,8.0
1949-11-30,4,16.3
1949-12-31,4,15.9
1950-01-31,4,29.3
1950-02-28,4,63.4
1950-03-31,4,54.5
1950-04-30,4,70.4
1950-05-31,4,24.6
1950-06-30,4,4.3
1950-07-31,4,2.6
1950-08-31,4,0.1
1950-09-30,4,0.2
1950-10-31,4,1.7
1950-11-30,4,45.1
1950-12-31,4,108.6
1951-01-31,4,93.6
1951-02-28,4,136.9
1951-03-31,4,48.6
1951-04-30,4,20.1
1951-05-31,4,24.1
1951-06-30,4,4.7
1951-07-31,4,0.1
1951-08-31,4,0.0
1951-09-30,4,0.0
1951-10-31,4,1.1
1951-11-30,4,14.0
1951-12-31,4,118.9
1952-01-31,4,124.0
1952-02-29,4,83.4
1952-03-31,4,50.1
1952-04-30,4,43.8
1952-05-31,4,36.8
1952-06-30,4,8.2
1952-07-31,4,8.5
1952-08-31,4,3.3
1952-09-30,4,0.6
1952-10-31,4,1.7
1952-11-30,4,35.8
1952-12-31,4,167.5
1953-01-31,4,221.8
1953-02-28,4,64.3
1953-03-31,4,40.4
1953-04-30,4,25.3
1953-05-31,4,18.3
1953-06-30,4,17.0
1953-07-31,4,7.5
1953-08-31,4,0.5
1953-09-30,4,1.5
1953-10-31,4,1.7
1953-11-30,4,22.5
1953-12-31,4,136.6
1954-01-31,4,171.6
1954-02-28,4,167.2
1954-03-31,4,69.5
1954-04-30,4,47.3
1954-05-31,4,16.0
1954-06-30,4,31.0
1954-07-31,4,20.5
1954-08-31,4,1.7
1954-09-30,4,6.3
1954-10-31,4,6.5
1954-11-30,4,26.1
1954-12-31,4,148.5
1955-01-31,4,56.3
1955-02-28,4,32.7
1955-03-31,4,39.9
1955-04-30,4,28.5
1955-05-31,4,35.2
1955-06-30,4,7.7
1955-07-31,4,0.9
1955-08-31,4,0.0
1955-09-30,4,0.1
1955-10-31,4,1.3
1955-11-30,4,9.5
1955-12-31,4,109.8
1956-01-31,4,243.7
1956-02-29,4,125.7
1956-03-31,4,118.7
1956-04-30,4,38.0
1956-05-31,4,28.3
1956-06-30,4,7.1
1956-07-31,4,2.5
1956-08-31,4,0.2
1956-09-30,4,0.3
1956-10-31,4,1.4
1956-11-30,4,15.1
1956-12-31,4,48.2
1957-01-31,4,59.0
1957-02-28,4,55.4
1957-03-31,4,122.7
1957-04-30,4,50.5
1957-05-31,4,17.3
1957-06-30,4,3.2
1957-07-31,4,0.2
1957-08-31,4,0.0
1957-09-30,4,0.0
1957-10-31,4,40.8
1957-11-30,4,40.8
1957-12-31,4,54.3
1958-01-31,4,113.8
1958-02-28,4,270.5
1958-03-31,4,212.0
1958-04-30,4,89.1
1958-05-31,4,23.2
1958-06-30,4,10.0
1958-07-31,4,7.0
1958-08-31,4,1.2
1958-09-30,4,0.2
1958-10-31,4,3.1
1958-11-30,4,9.7
1958-12-31,4,17.7
1959-01-31,4,106.7
1959-02-28,4,109.7
1959-03-31,4,82.0
1959-04-30,4,52.9
1959-05-31,4,11.4
1959-06-30,4,1.4
1959-07-31,4,0.1
1959-08-31,4,0.0
1959-09-30,4,1.0
1959-10-31,4,6.1
1959-11-30,4,1.3
1959-12-31,4,2.3
1960-01-31,4,34.9
1960-02-29,4,194.9
1960-03-31,4,110.8
1960-04-30,4,32.0
1960-05-31,4,15.5
1960-06-30,4,11.5
1960-07-31,4,1.7
1960-08-31,4,0.0
1960-09-30,4,0.0
1960-10-31,4,1.4
1960-11-30,4,10.0
1960-12-31,4,124.0
1961-01-31,4,40.2
1961-02-28,4,155.3
1961-03-31,4,67.3
1961-04-30,4,38.5
1961-05-31,4,14.5
1961-06-30,4,4.0
1961-07-31,4,0.8
1961-08-31,4,0.6
1961-09-30,4,1.6
1961-10-31,4,3.6
1961-11-30,4,19.2
1961-12-31,4,127.9
1962-01-31,4,33.7
1962-02-28,4,72.1
1962-03-31,4,110.5
1962-04-30,4,35.7
1962-05-31,4,23.3
1962-06-30,4,4.1
1962-07-31,4,1.8
1962-08-31,4,2.6
1962-09-30,4,2.4
1962-10-31,4,21.5
1962-11-30,4,53.6
1962-12-31,4,106.7
1963-01-31,4,35.0
1963-02-28,4,84.2
1963-03-31,4,50.9
1963-04-30,4,92.0
1963-05-31,4,37.6
1963-06-30,4,5.4
1963-07-31,4,0.4
1963-08-31,4,0.0
1963-09-30,4,0.0
1963-10-31,4,9.4
1963-11-30,4,44.9
1963-12-31,4,103.1
1964-01-31,4,101.2
1964-02-29,4,70.6
1964-03-31,4,34.0
1964-04-30,4,35.8
1964-05-31,4,7.6
1964-06-30,4,1.9
1964-07-31,4,1.1
1964-08-31,4,0.0
1964-09-30,4,0.2
1964-10-31,4,0.1
1964-11-30,4,87.8
1964-12-31,4,137.9
1965-01-31,4,260.6
1965-02-28,4,59.3
1965-03-31,4,29.6
1965-04-30,4,59.1
1965-05-31,4,30.0
1965-06-30,4,3.2
1965-07-31,4,0.1
1965-08-31,4,4.9
1965-09-30,4,6.1
1965-10-31,4,6.0
1965-11-30,4,51.7
1965-12-31,4,65.8
1966-01-31,4,198.0
1966-02-28,4,84.4
1966-03-31,4,109.3
1966-04-30,4,37.4
1966-05-31,4,7.0
1966-06-30,4,0.3
1966-07-31,4,0.0
1966-08-31,4,0.0
1966-09-30,4,0.7
1966-10-31,4,0.9
1966-11-30,4,23.9
1966-12-31,4,181.9
1967-01-31,4,65.1
1967-02-28,4,110.0
1967-03-31,4,41.3
1967-04-30,4,46.9
1967-05-31,4,31.1
1967-06-30,4,30.6
1967-07-31,4,12.5
1967-08-31,4,0.8
1967-09-30,4,0.2
1967-10-31,4,5.0
1967-11-30,4,13.2
1967-12-31,4,129.5
1968-01-31,4,88.3
1968-02-29,4,109.2
1968-03-31,4,89.1
1968-04-30,4,47.0
1968-05-31,4,15.7
1968-06-30,4,3.9
1968-07-31,4,0.3
1968-08-31,4,3.2
1968-09-30,4,15.1
1968-10-31,4,2.2
1968-11-30,4,30.6
1968-12-31,4,127.7
1969-01-31,4,190.4
1969-02-28,4,141.5
1969-03-31,4,108.4
1969-04-30,4,58.4
1969-05-31,4,32.9
1969-06-30,4,28.2
1969-07-31,4,8.9
1969-08-31,4,0.6
1969-09-30,4,0.0
1969-10-31,4,4.2
1969-11-30,4,20.1
1969-12-31,4,72.9
1970-01-31,4,224.8
1970-02-28,4,165.5
1970-03-31,4,66.1
1970-04-30,4,17.9
1970-05-31,4,6.5
1970-06-30,4,1.4
1970-07-31,4,1.4
1970-08-31,4,0.2
1970-09-30,4,0.0
1970-10-31,4,0.9
1970-11-30,4,36.4
1970-12-31,4,233.8
1971-01-31,4,218.1
1971-02-28,4,72.2
1971-03-31,4,57.5
1971-04-30,4,76.4
1971-05-31,4,19.5
1971-06-30,4,2.7
1971-07-31,4,0.8
1971-08-31,4,0.1
1971-09-30,4,0.3
1971-10-31,4,2.9
1971-11-30,4,24.9
1971-12-31,4,55.4
1972-01-31,4,89.0
1972-02-29,4,117.2
1972-03-31,4,99.3
1972-04-30,4,61.8
1972-05-31,4,13.5
1972-06-30,4,4.5
1972-07-31,4,1.7
1972-08-31,4,0.1
1972-09-30,4,0.3
1972-10-31,4,9.2
1972-11-30,4,60.8
1972-12-31,4,93.7
1973-01-31,4,97.5
1973-02-28,4,138.4
1973-03-31,4,133.9
1973-04-30,4,71.8
1973-05-31,4,35.8
1973-06-30,4,5.9
1973-07-31,4,0.4
1973-08-31,4,0.0
1973-09-30,4,0.1
1973-10-31,4,4.5
1973-11-30,4,73.0
1973-12-31,4,150.9
1974-01-31,4,151.0
1974-02-28,4,100.6
1974-03-31,4,95.8
1974-04-30,4,73.2
1974-05-31,4,27.1
1974-06-30,4,3.3
1974-07-31,4,3.3
1974-08-31,4,2.7
1974-09-30,4,0.2
1974-10-31,4,0.1
1974-11-30,4,27.0
1974-12-31,4,63.0
1975-01-31,4,128.8
1975-02-28,4,92.8
1975-03-31,4,179.2
1975-04-30,4,109.9
1975-05-31,4,35.2
1975-06-30,4,9.9
1975-07-31,4,1.2
1975-08-31,4,1.7
1975-09-30,4,1.5
1975-10-31,4,9.5
1975-11-30,4,55.5
1975-12-31,4,60.5
1976-01-31,4,79.2
1976-02-29,4,27.7
1976-03-31,4,68.4
1976-04-30,4,28.4
1976-05-31,4,11.0
1976-06-30,4,0.8
1976-07-31,4,1.0
1976-08-31,4,13.3
1976-09-30,4,15.6
1976-10-31,4,3.7
1976-11-30,4,3.6
1976-12-31,4,5.9
1977-01-31,4,25.6
1977-02-28,4,15.0
1977-03-31,4,48.6
1977-04-30,4,31.7
1977-05-31,4,9.6
1977-06-30,4,3.9
1977-07-31,4,0.2
1977-08-31,4,0.0
1977-09-30,4,0.3
1977-10-31,4,3.4
1977-11-30,4,8.0
1977-12-31,4,43.3
1978-01-31,4,179.9
1978-02-28,4,146.6
1978-03-31,4,104.0
1978-04-30,4,47.4
1978-05-31,4,17.4
1978-06-30,4,2.0
1978-07-31,4,0.2
1978-08-31,4,0.0
1978-09-30,4,1.2
1978-10-31,4,1.8
1978-11-30,4,4.2
1978-12-31,4,36.7
1979-01-31,4,56.4
1979-02-28,4,65.8
1979-03-31,4,85.8
1979-04-30,4,33.5
1979-05-31,4,16.7
1979-06-30,4,3.3
1979-07-31,4,0.1
1979-08-31,4,0.0
1979-09-30,4,0.7
1979-10-31,4,4.5
1979-11-30,4,47.1
1979-12-31,4,55.1
1980-01-31,4,128.7
1980-02-29,4,109.0
1980-03-31,4,133.9
1980-04-30,4,28.2
1980-05-31,4,10.0
1980-06-30,4,2.8
1980-07-31,4,0.9
1980-08-31,4,0.0
1980-09-30,4,0.0
1980-10-31,4,0.4
1980-11-30,4,0.9
1980-12-31,4,21.4
1981-01-31,4,35.4
1981-02-28,4,91.6
1981-03-31,4,49.6
1981-04-30,4,23.2
1981-05-31,4,5.9
1981-06-30,4,1.8
1981-07-31,4,0.2
1981-08-31,4,0.0
1981-09-30,4,0.0
1981-10-31,4,3.5
1981-11-30,4,48.4
1981-12-31,4,122.4
1982-01-31,4,150.6
1982-02-28,4,62.2
1982-03-31,4,58.7
1982-04-30,4,82.1
1982-05-31,4,26.5
1982-06-30,4,2.4
1982-07-31,4,4.2
1982-08-31,4,0.9
1982-09-30,4,0.1
1982-10-31,4,2.8
1982-11-30,4,66.0
1982-12-31,4,131.8
1983-01-31,4,109.8
1983-02-28,4,156.3
1983-03-31,4,231.7
1983-04-30,4,77.6
1983-05-31,4,40.2
1983-06-30,4,9.4
1983-07-31,4,0.6
1983-08-31,4,0.2
1983-09-30,4,3.0
1983-10-31,4,2.7
1983-11-30,4,40.6
1983-12-31,4,139.8
1984-01-31,4,113.1
1984-02-29,4,28.5
1984-03-31,4,24.5
1984-04-30,4,16.9
1984-05-31,4,8.1
1984-06-30,4,0.8
1984-07-31,4,0.0
1984-08-31,4,0.0
1984-09-30,4,0.0
1984-10-31,4,5.5
1984-11-30,4,62.7
1984-12-31,4,81.4
1985-01-31,4,23.2
1985-02-28,4,21.2
1985-03-31,4,23.9
1985-04-30,4,27.0
1985-05-31,4,6.0
1985-06-30,4,0.3
1985-07-31,4,0.0
1985-08-31,4,0.0
1985-09-30,4,1.7
1985-10-31,4,3.5
1985-11-30,4,10.0
1985-12-31,4,67.9
1986-01-31,4,48.2
1986-02-28,4,238.9
1986-03-31,4,243.1
1986-04-30,4,56.2
1986-05-31,4,8.8
1986-06-30,4,0.8
1986-07-31,4,0.0
1986-08-31,4,0.0
1986-09-30,4,0.2
1986-10-31,4,1.6
1986-11-30,4,6.4
1986-12-31,4,5.0
1987-01-31,4,26.1
1987-02-28,4,52.4
1987-03-31,4,83.0
1987-04-30,4,33.6
1987-05-31,4,5.0
1987-06-30,4,0.2
1987-07-31,4,0.0
1987-08-31,4,0.0
1987-09-30,4,0.0
1987-10-31,4,0.4
1987-11-30,4,13.4
1987-12-31,4,128.5
1988-01-31,4,146.4
1988-02-29,4,37.7
1988-03-31,4,7.5
1988-04-30,4,2.5
1988-05-31,4,10.5
1988-06-30,4,4.8
1988-07-31,4,2.8
1988-08-31,4,0.1
1988-09-30,4,0.0
1988-10-31,4,0.0
1988-11-30,4,13.0
1988-12-31,4,54.6
1989-01-31,4,56.5
1989-02-28,4,17.4
1989-03-31,4,64.7
1989-04-30,4,47.2
1989-05-31,4,11.4
1989-06-30,4,2.7
1989-07-31,4,0.4
1989-08-31,4,0.0
1989-09-30,4,2.9
1989-10-31,4,12.4
1989-11-30,4,33.0
1989-12-31,4,11.7
1990-01-31,4,53.9
1990-02-28,4,51.3
1990-03-31,4,26.5
1990-04-30,4,5.6
1990-05-31,4,0.9
1990-06-30,4,16.7
1990-07-31,4,5.0
1990-08-31,4,0.3
1990-09-30,4,0.2
1990-10-31,4,0.4
1990-11-30,4,2.7
1990-12-31,4,3.1
1991-01-31,4,7.8
1991-02-28,4,25.7
1991-03-31,4,108.9
1991-04-30,4,72.4
1991-05-31,4,15.4
1991-06-30,4,4.9
1991-07-31,4,1.7
1991-08-31,4,0.7
1991-09-30,4,0.0
1991-10-31,4,0.0
1991-11-30,4,4.2
1991-12-31,4,5.7
1992-01-31,4,41.3
1992-02-29,4,80.3
1992-03-31,4,82.1
1992-04-30,4,31.3
1992-05-31,4,9.1
1992-06-30,4,0.7
1992-07-31,4,2.6
1992-08-31,4,0.9
1992-09-30,4,0.0
1992-10-31,4,0.7
1992-11-30,4,15.3
1992-12-31,4,119.0
1993-01-31,4,224.5
1993-02-28,4,195.2
1993-03-31,4,108.4
1993-04-30,4,28.2
1993-05-31,4,17.8
1993-06-30,4,25.2
1993-07-31,4,7.1
1993-08-31,4,0.3
1993-09-30,4,0.0
1993-10-31,4,0.7
1993-11-30,4,3.1
1993-12-31,4,33.0
1994-01-31,4,31.5
1994-02-28,4,80.1
1994-03-31,4,50.5
1994-04-30,4,8.0
1994-05-31,4,9.7
1994-06-30,4,4.7
1994-07-31,4,0.2
1994-08-31,4,0.0
1994-09-30,4,0.0
1994-10-31,4,0.3
1994-11-30,4,16.2
1994-12-31,4,69.0
1995-01-31,4,348.9
1995-02-28,4,240.6
1995-03-31,4,218.1
1995-04-30,4,118.9
1995-05-31,4,35.3
1995-06-30,4,9.8
1995-07-31,4,4.2
1995-08-31,4,0.9
1995-09-30,4,0.1
1995-10-31,4,0.0
1995-11-30,4,0.1
1995-12-31,4,3.5
1996-01-31,4,35.7
1996-02-29,4,168.9
1996-03-31,4,139.8
1996-04-30,4,33.6
1996-05-31,4,20.3
1996-06-30,4,15.1
1996-07-31,4,2.0
1996-08-31,4,0.0
1996-09-30,4,0.0
1996-10-31,4,0.2
1996-11-30,4,14.8
1996-12-31,4,139.1
1997-01-31,4,263.9
1997-02-28,4,139.9
1997-03-31,4,40.7
1997-04-30,4,24.1
1997-05-31,4,7.2
1997-06-30,4,3.0
1997-07-31,4,1.0
1997-08-31,4,0.1
1997-09-30,4,0.9
1997-10-31,4,5.0
1997-11-30,4,24.9
1997-12-31,4,114.3
1998-01-31,4,165.1
1998-02-28,4,331.6
1998-03-31,4,213.2
1998-04-30,4,93.8
1998-05-31,4,26.5
1998-06-30,4,32.1
1998-07-31,4,10.0
1998-08-31,4,1.2
1998-09-30,4,0.6
1998-10-31,4,2.0
1998-11-30,4,34.2
1998-12-31,4,98.5
1999-01-31,4,28.0
1999-02-28,4,89.2
1999-03-31,4,99.9
1999-04-30,4,66.3
1999-05-31,4,24.6
1999-06-30,4,3.7
1999-07-31,4,0.2
1999-08-31,4,0.0
1999-09-30,4,0.0
1999-10-31,4,0.0
1999-11-30,4,25.1
1999-12-31,4,48.8
2000-01-31,4,36.5
2000-02-29,4,113.3
2000-03-31,4,88.8
2000-04-30,4,25.4
2000-05-31,4,15.4
2000-06-30,4,6.6
2000-07-31,4,1.6
2000-08-31,4,0.0
2000-09-30,4,0.4
2000-10-31,4,0.4
2000-11-30,4,10.7
2000-12-31,4,32.7
2001-01-31,4,40.0
2001-02-28,4,60.3
2001-03-31,4,131.1
2001-04-30,4,27.7
2001-05-31,4,5.2
2001-06-30,4,0.6
2001-07-31,4,0.4
2001-08-31,4,0.0
2001-09-30,4,0.0
2001-10-31,4,0.5
2001-11-30,4,30.8
2001-12-31,4,147.7
2002-01-31,4,121.5
2002-02-28,4,29.8
2002-03-31,4,17.5
2002-04-30,4,6.4
2002-05-31,4,2.0
2002-06-30,4,1.1
2002-07-31,4,0.1
2002-08-31,4,0.0
2002-09-30,4,0.0
2002-10-31,4,0.0
2002-11-30,4,8.8
2002-12-31,4,131.5
2003-01-31,4,200.1
2003-02-28,4,46.7
2003-03-31,4,44.5
2003-04-30,4,50.5
2003-05-31,4,79.9
2003-06-30,4,17.2
2003-07-31,4,1.2
2003-08-31,4,0.5
2003-09-30,4,1.1
2003-10-31,4,0.6
2003-11-30,4,15.4
2003-12-31,4,119.1
2004-01-31,4,154.3
2004-02-29,4,101.2
2004-03-31,4,102.0
2004-04-30,4,18.8
2004-05-31,4,3.2
2004-06-30,4,0.5
2004-07-31,4,0.0
2004-08-31,4,0.0
2004-09-30,4,0.0
2004-10-31,4,1.7
2004-11-30,4,24.2
2004-12-31,4,82.4
2005-01-31,4,191.1
2005-02-28,4,59.3
2005-03-31,4,51.4
2005-04-30,4,52.6
2005-05-31,4,31.5
2005-06-30,4,19.0
2005-07-31,4,7.4
2005-08-31,4,0.8
2005-09-30,4,0.0
2005-10-31,4,0.0
2005-11-30,4,10.8
2005-12-31,4,109.5
2006-01-31,4,260.4
2006-02-28,4,70.8
2006-03-31,4,114.0
2006-04-30,4,100.4
2006-05-31,4,35.0
2006-06-30,4,7.9
2006-07-31,4,1.2
2006-08-31,4,0.0
2006-09-30,4,0.0
2006-10-31,4,0.2
2006-11-30,4,3.4
2006-12-31,4,38.8
2007-01-31,4,58.4
2007-02-28,4,56.2
2007-03-31,4,58.3
2007-04-30,4,11.6
2007-05-31,4,3.4
2007-06-30,4,0.6
2007-07-31,4,0.2
2007-08-31,4,0.8
2007-09-30,4,0.0
2007-10-31,4,2.0
2007-11-30,4,6.0
2007-12-31,4,16.0
2008-01-31,4,139.8
2008-02-29,4,144.7
2008-03-31,4,41.4
2008-04-30,4,7.2
2008-05-31,4,2.0
2008-06-30,4,1.1
2008-07-31,4,0.1
2008-08-31,4,0.0
2008-09-30,4,0.0
2008-10-31,4,5.9
2008-11-30,4,26.6
2008-12-31,4,19.8
2009-01-31,4,31.6
2009-02-28,4,51.4
2009-03-31,4,129.5
2009-04-30,4,31.6
2009-05-31,4,9.7
2009-06-30,4,8.0
2009-07-31,4,1.4
2009-08-31,4,0.0
2009-09-30,4,0.0
2009-10-31,4,3.5
2009-11-30,4,9.1
2009-12-31,4,17.3
2010-01-31,4,100.0
2010-02-28,4,143.8
2010-03-31,4,64.2
2010-04-30,4,52.0
2010-05-31,4,36.7
2010-06-30,4,11.2
2010-07-31,4,2.6
2010-08-31,4,0.1
2010-09-30,4,0.2
2010-10-31,4,2.4
2010-11-30,4,44.3
2010-12-31,4,32.0
2011-01-31,4,8.0
2011-02-28,4,0.6
2011-03-31,4,0.1
2011-04-30,4,0.0
2011-05-31,4,0.0
2011-06-30,4,0.0
2011-07-31,4,0.0
2011-08-31,4,0.0
2011-09-30,4,0.0
2011-10-31,4,0.0
2011-11-30,4,0.0
2011-12-31,4,0.0
2012-01-31,4,9.6
2012-02-29,4,43.6
2012-03-31,4,26.2
2012-04-30,4,70.7
2012-05-31,4,19.2
2012-06-30,4,1.5
2012-07-31,4,0.0
2012-08-31,4,0.0
2012-09-30,4,0.0
2012-10-31,4,0.0
2012-11-30,4,4.7
2012-12-31,4,188.6
2013-01-31,4,126.2
2013-02-28,4,19.1
2013-03-31,4,4.1
2013-04-30,4,4.1
2013-05-31,4,1.9
2013-06-30,4,0.1
2013-07-31,4,0.5
2013-08-31,4,0.1
2013-09-30,4,0.0
2013-10-31,4,0.3
2013-11-30,4,0.2
2013-12-31,4,2.2
2014-01-31,4,0.7
2014-02-28,4,18.3
2014-03-31,4,105.4
2014-04-30,4,37.9
2014-05-31,4,10.7
2014-06-30,4,0.7
2014-07-31,4,0.5
2014-08-31,4,0.1
2014-09-30,4,0.0
1921-10-31,5,1.7
1921-11-30,5,1.6
1921-12-31,5,27.4
1922-01-31,5,24.8
1922-02-28,5,56.5
1922-03-31,5,41.8
1922-04-30,5,21.9
1922-05-31,5,13.4
1922-06-30,5,8.7
1922-07-31,5,6.4
1922-08-31,5,4.2
1922-09-30,5,2.6
1922-10-31,5,3.1
1922-11-30,5,12.9
1922-12-31,5,60.7
1923-01-31,5,35.8
1923-02-28,5,22.2
1923-03-31,5,13.4
1923-04-30,5,18.8
1923-05-31,5,10.2
1923-06-30,5,7.5
1923-07-31,5,6.5
1923-08-31,5,4.6
1923-09-30,5,3.3
1923-10-31,5,3.6
1923-11-30,5,2.9
1923-12-31,5,4.0
1924-01-31,5,7.4
1924-02-29,5,29.9
1924-03-31,5,11.4
1924-04-30,5,8.7
1924-05-31,5,6.8
1924-06-30,5,4.6
1924-07-31,5,3.1
1924-08-31,5,2.0
1924-09-30,5,1.2
1924-10-31,5,2.8
1924-11-30,5,15.5
1924-12-31,5,23.5
1925-01-31,5,21.6
1925-02-28,5,102.8
1925-03-31,5,35.5
1925-04-30,5,29.9
1925-05-31,5,16.2
1925-06-30,5,11.5
1925-07-31,5,8.3
1925-08-31,5,6.0
1925-09-30,5,4.1
1925-10-31,5,3.1
1925-11-30,5,2.7
1925-12-31,5,6.9
1926-01-31,5,37.3
1926-02-28,5,64.9
1926-03-31,5,20.4
1926-04-30,5,39.8
1926-05-31,5,13.2
1926-06-30,5,8.2
1926-07-31,5,6.0
1926-08-31,5,4.0
1926-09-30,5,2.5
1926-10-31,5,2.2
1926-11-30,5,46.5
1926-12-31,5,43.4
1927-01-31,5,51.2
1927-02-28,5,116.2
1927-03-31,5,47.3
1927-04-30,5,40.3
1927-05-31,5,14.0
1927-06-30,5,8.9
1927-07-31,5,6.6
1927-08-31,5,4.4
1927-09-30,5,2.7
1927-10-31,5,1.9
1927-11-30,5,18.4
1927-12-31,5,28.6
1928-01-31,5,30.9
1928-02-29,5,38.4
1928-03-31,5,59.9
1928-04-30,5,36.8
1928-05-31,5,14.5
1928-06-30,5,8.7
1928-07-31,5,6.4
1928-08-31,5,4.2
1928-09-30,5,2.5
1928-10-31,5,1.6
1928-11-30,5,8.2
1928-12-31,5,13.8
1929-01-31,5,15.5
1929-02-28,5,29.1
1929-03-31,5,15.3
1929-04-30,5,10.7
1929-05-31,5,8.1
1929-06-30,5,6.2
1929-07-31,5,5.1
1929-08-31,5,3.6
1929-09-30,5,2.5
1929-10-31,5,1.8
1929-11-30,5,1.2
1929-12-31,5,52.3
1930-01-31,5,35.0
1930-02-28,5,39.0
1930-03-31,5,38.3
1930-04-30,5,20.0
1930-05-31,5,13.0
1930-06-30,5,8.5
1930-07-31,5,6.1
1930-08-31,5,4.0
1930-09-30,5,2.5
1930-10-31,5,1.9
1930-11-30,5,2.5
1930-12-31,5,2.8
1931-01-31,5,29.1
1931-02-28,5,14.3
1931-03-31,5,21.9
1931-04-30,5,11.8
1931-05-31,5,8.7
1931-06-30,5,7.0
1931-07-31,5,5.6
1931-08-31,5,3.8
1931-09-30,5,2.5
1931-10-31,5,2.1
1931-11-30,5,3.5
1931-12-31,5,60.8
1932-01-31,5,37.2
1932-02-29,5,21.8
1932-03-31,5,14.5
1932-04-30,5,10.5
1932-05-31,5,9.9
1932-06-30,5,7.7
1932-07-31,5,6.1
1932-08-31,5,4.4
1932-09-30,5,3.0
1932-10-31,5,2.1
1932-11-30,5,1.4
1932-12-31,5,9.7
1933-01-31,5,28.2
1933-02-28,5,21.5
1933-03-31,5,37.3
1933-04-30,5,17.6
1933-05-31,5,14.0
1933-06-30,5,9.2
1933-07-31,5,7.0
1933-08-31,5,5.0
1933-09-30,5,3.2
1933-10-31,5,2.3
1933-11-30,5,4.0
1933-12-31,5,41.3
1934-01-31,5,33.1
1934-02-28,5,25.5
1934-03-31,5,24.3
1934-04-30,5,14.5
1934-05-31,5,10.4
1934-06-30,5,7.5
1934-07-31,5,5.8
1934-08-31,5,4.0
1934-09-30,5,2.6
1934-10-31,5,6.6
1934-11-30,5,19.3
1934-12-31,5,22.3
1935-01-31,5,62.4
1935-02-28,5,40.8
1935-03-31,5,37.4
1935-04-30,5,54.9
1935-05-31,5,18.8
1935-06-30,5,10.4
1935-07-31,5,7.1
1935-08-31,5,4.7
1935-09-30,5,2.8
1935-10-31,5,2.2
1935-11-30,5,2.2
1935-12-31,5,10.2
1936-01-31,5,90.6
1936-02-29,5,83.3
1936-03-31,5,31.1
1936-04-30,5,32.0
1936-05-31,5,12.4
1936-06-30,5,9.6
1936-07-31,5,7.4
1936-08-31,5,5.3
1936-09-30,5,3.6
1936-10-31,5,2.5
1936-11-30,5,1.7
1936-12-31,5,2.1
1937-01-31,5,6.5
1937-02-28,5,43.7
1937-03-31,5,65.3
1937-04-30,5,32.2
1937-05-31,5,17.0
1937-06-30,5,10.9
1937-07-31,5,8.3
1937-08-31,5,5.8
1937-09-30,5,3.7
1937-10-31,5,4.3
1937-11-30,5,48.9
1937-12-31,5,84.5
1938-01-31,5,68.8
1938-02-28,5,144.9
1938-03-31,5,137.0
1938-04-30,5,43.8
1938-05-31,5,16.9
1938-06-30,5,9.6
1938-07-31,5,6.7
1938-08-31,5,4.3
1938-09-30,5,2.6
1938-10-31,5,2.6
1938-11-30,5,6.2
1938-12-31,5,19.2
1939-01-31,5,20.2
1939-02-28,5,19.6
1939-03-31,5,24.9
1939-04-30,5,11.6
1939-05-31,5,8.5
1939-06-30,5,7.0
1939-07-31,5,5.3
1939-08-31,5,3.6
1939-09-30,5,2.4
1939-10-31,5,2.1
1939-11-30,5,1.6
1939-12-31,5,24.6
1940-01-31,5,82.8
1940-02-29,5,108.6
1940-03-31,5,85.0
1940-04-30,5,30.0
1940-05-31,5,17.2
1940-06-30,5,10.4
1940-07-31,5,7.4
1940-08-31,5,5.1
1940-09-30,5,3.2
1940-10-31,5,2.6
1940-11-30,5,6.3
1940-12-31,5,96.3
1941-01-31,5,138.5
1941-02-28,5,140.2
1941-03-31,5,78.8
1941-04-30,5,66.9
1941-05-31,5,21.2
1941-06-30,5,11.9
1941-07-31,5,8.1
1941-08-31,5,5.8
1941-09-30,5,3.7
1941-10-31,5,2.5
1941-11-30,5,4.8
1941-12-31,5,90.3
1942-01-31,5,78.0
1942-02-28,5,107.0
1942-03-31,5,29.4
1942-04-30,5,46.5
1942-05-31,5,21.3
1942-06-30,5,11.8
1942-07-31,5,8.0
1942-08-31,5,5.7
1942-09-30,5,3.7
1942-10-31,5,2.6
1942-11-30,5,8.7
1942-12-31,5,34.4
1943-01-31,5,87.0
1943-02-28,5,30.7
1943-03-31,5,39.8
1943-04-30,5,26.8
1943-05-31,5,15.4
1943-06-30,5,10.5
1943-07-31,5,7.5
1943-08-31,5,5.3
1943-09-30,5,3.4
1943-10-31,5,2.4
1943-11-30,5,2.7
1943-12-31,5,4.2
1944-01-31,5,25.6
1944-02-29,5,33.7
1944-03-31,5,30.8
1944-04-30,5,14.4
1944-05-31,5,11.6
1944-06-30,5,8.5
1944-07-31,5,6.6
1944-08-31,5,4.9
1944-09-30,5,3.3
1944-10-31,5,3.5
1944-11-30,5,18.7
1944-12-31,5,35.7
1945-01-31,5,38.5
1945-02-28,5,51.4
1945-03-31,5,31.0
1945-04-30,5,19.2
1945-05-31,5,14.0
1945-06-30,5,9.5
1945-07-31,5,7.1
1945-08-31,5,4.9
1945-09-30,5,3.1
1945-10-31,5,12.2
1945-11-30,5,21.0
1945-12-31,5,118.2
1946-01-31,5,52.8
1946-02-28,5,25.0
1946-03-31,5,19.9
1946-04-30,5,14.1
1946-05-31,5,9.3
1946-06-30,5,6.6
1946-07-31,5,4.7
1946-08-31,5,3.1
1946-09-30,5,2.0
1946-10-31,5,1.4
1946-11-30,5,8.9
1946-12-31,5,20.3
1947-01-31,5,10.1
1947-02-28,5,26.1
1947-03-31,5,40.4
1947-04-30,5,20.2
1947-05-31,5,11.8
1947-06-30,5,8.7
1947-07-31,5,6.8
1947-08-31,5,4.6
1947-09-30,5,2.9
1947-10-31,5,8.2
1947-11-30,5,8.6
1947-12-31,5,9.1
1948-01-31,5,40.4
1948-02-29,5,14.8
1948-03-31,5,24.2
1948-04-30,5,59.1
1948-05-31,5,22.8
1948-06-30,5,14.9
1948-07-31,5,9.9
1948-08-31,5,6.7
1948-09-30,5,4.5
1948-10-31,5,3.5
1948-11-30,5,2.8
1948-12-31,5,11.7
1949-01-31,5,11.4
1949-02-28,5,14.8
1949-03-31,5,81.6
1949-04-30,5,22.4
1949-05-31,5,13.2
1949-06-30,5,8.5
1949-07-31,5,6.1
1949-08-31,5,3.9
1949-09-30,5,2.4
1949-10-31,5,1.6
1949-11-30,5,2.3
1949-12-31,5,3.2
1950-01-31,5,24.5
1950-02-28,5,39.0
1950-03-31,5,37.6
1950-04-30,5,24.0
1950-05-31,5,14.9
1950-06-30,5,9.2
1950-07-31,5,6.9
1950-08-31,5,4.8
1950-09-30,5,3.0
1950-10-31,5,19.8
1950-11-30,5,21.0
1950-12-31,5,67.6
1951-01-31,5,76.6
1951-02-28,5,57.0
1951-03-31,5,26.7
1951-04-30,5,14.1
1951-05-31,5,15.0
1951-06-30,5,8.6
1951-07-31,5,6.3
1951-08-31,5,4.2
1951-09-30,5,2.6
1951-10-31,5,2.2
1951-11-30,5,15.4
1951-12-31,5,90.7
1952-01-31,5,79.7
1952-02-29,5,64.7
1952-03-31,5,57.7
1952-04-30,5,20.7
1952-05-31,5,13.3
1952-06-30,5,8.3
1952-07-31,5,7.0
1952-08-31,5,5.0
1952-09-30,5,3.1
1952-10-31,5,2.2
1952-11-30,5,3.3
1952-12-31,5,90.1
1953-01-31,5,118.6
1953-02-28,5,26.7
1953-03-31,5,34.0
1953-04-30,5,24.7
1953-05-31,5,13.9
1953-06-30,5,13.3
1953-07-31,5,8.5
1953-08-31,5,6.3
1953-09-30,5,4.3
1953-10-31,5,3.1
1953-11-30,5,10.5
1953-12-31,5,13.7
1954-01-31,5,107.8
1954-02-28,5,68.4
1954-03-31,5,60.4
1954-04-30,5,49.5
1954-05-31,5,17.7
1954-06-30,5,10.4
1954-07-31,5,7.6
1954-08-31,5,5.2
1954-09-30,5,3.7
1954-10-31,5,2.7
1954-11-30,5,11.4
1954-12-31,5,46.0
1955-01-31,5,26.2
1955-02-28,5,14.4
1955-03-31,5,11.9
1955-04-30,5,14.9
1955-05-31,5,11.4
1955-06-30,5,7.7
1955-07-31,5,5.8
1955-08-31,5,3.9
1955-09-30,5,2.5
1955-10-31,5,1.7
1955-11-30,5,5.0
1955-12-31,5,123.6
1956-01-31,5,147.0
1956-02-29,5,109.5
1956-03-31,5,32.6
1956-04-30,5,17.3
1956-05-31,5,14.7
1956-06-30,5,9.0
1956-07-31,5,6.8
1956-08-31,5,4.6
1956-09-30,5,2.9
1956-10-31,5,7.5
1956-11-30,5,4.8
1956-12-31,5,4.0
1957-01-31,5,18.0
1957-02-28,5,37.8
1957-03-31,5,45.6
1957-04-30,5,22.8
1957-05-31,5,22.1
1957-06-30,5,13.6
1957-07-31,5,8.9
1957-08-31,5,6.4
1957-09-30,5,4.4
1957-10-31,5,21.4
1957-11-30,5,19.1
1957-12-31,5,41.4
1958-01-31,5,84.5
1958-02-28,5,210.6
1958-03-31,5,97.0
1958-04-30,5,74.0
1958-05-31,5,19.8
1958-06-30,5,12.4
1958-07-31,5,8.5
1958-08-31,5,6.0
1958-09-30,5,3.9
1958-10-31,5,2.7
1958-11-30,5,1.9
1958-12-31,5,3.2
1959-01-31,5,61.7
1959-02-28,5,67.8
1959-03-31,5,23.3
1959-04-30,5,15.2
1959-05-31,5,10.1
1959-06-30,5,6.9
1959-07-31,5,4.9
1959-08-31,5,3.1
1959-09-30,5,2.3
1959-10-31,5,2.2
1959-11-30,5,1.5
1959-12-31,5,1.9
1960-01-31,5,13.2
1960-02-29,5,87.9
1960-03-31,5,50.9
1960-04-30,5,19.8
1960-05-31,5,17.7
1960-06-30,5,11.2
1960-07-31,5,7.9
1960-08-31,5,5.7
1960-09-30,5,3.7
1960-10-31,5,2.6
1960-11-30,5,5.9
1960-12-31,5,41.2
1961-01-31,5,39.7
1961-02-28,5,41.1
1961-03-31,5,36.2
1961-04-30,5,18.2
1961-05-31,5,13.3
1961-06-30,5,9.0
1961-07-31,5,6.9
1961-08-31,5,5.0
1961-09-30,5,3.2
1961-10-31,5,2.3
1961-11-30,5,11.2
1961-12-31,5,27.3
1962-01-31,5,15.1
1962-02-28,5,63.0
1962-03-31,5,47.1
1962-04-30,5,16.7
1962-05-31,5,10.6
1962-06-30,5,7.2
1962-07-31,5,5.3
1962-08-31,5,3.6
1962-09-30,5,2.3
1962-10-31,5,37.4
1962-11-30,5,14.9
1962-12-31,5,31.2
1963-01-31,5,40.3
1963-02-28,5,46.8
1963-03-31,5,41.7
1963-04-30,5,68.2
1963-05-31,5,23.3
1963-06-30,5,12.9
1963-07-31,5,8.4
1963-08-31,5,5.8
1963-09-30,5,3.6
1963-10-31,5,3.1
1963-11-30,5,31.0
1963-12-31,5,18.1
1964-01-31,5,43.2
1964-02-29,5,16.7
1964-03-31,5,13.8
1964-04-30,5,9.6
1964-05-31,5,7.7
1964-06-30,5,5.9
1964-07-31,5,4.4
1964-08-31,5,2.9
1964-09-30,5,2.0
1964-10-31,5,1.5
1964-11-30,5,25.9
1964-12-31,5,153.2
1965-01-31,5,112.7
1965-02-28,5,29.0
1965-03-31,5,17.0
1965-04-30,5,48.6
1965-05-31,5,16.4
1965-06-30,5,9.2
1965-07-31,5,6.6
1965-08-31,5,4.5
1965-09-30,5,3.0
1965-10-31,5,1.9
1965-11-30,5,20.5
1965-12-31,5,23.6
1966-01-31,5,70.1
1966-02-28,5,39.3
1966-03-31,5,31.3
1966-04-30,5,15.1
1966-05-31,5,10.1
1966-06-30,5,7.0
1966-07-31,5,5.2
1966-08-31,5,3.4
1966-09-30,5,2.1
1966-10-31,5,1.4
1966-11-30,5,20.6
1966-12-31,5,62.2
1967-01-31,5,90.2
1967-02-28,5,26.4
1967-03-31,5,46.3
1967-04-30,5,44.2
1967-05-31,5,22.6
1967-06-30,5,17.1
1967-07-31,5,9.4
1967-08-31,5,6.5
1967-09-30,5,4.1
1967-10-31,5,3.1
1967-11-30,5,3.7
1967-12-31,5,28.0
1968-01-31,5,63.1
1968-02-29,5,66.2
1968-03-31,5,37.4
1968-04-30,5,16.9
1968-05-31,5,10.6
1968-06-30,5,7.2
1968-07-31,5,5.2
1968-08-31,5,3.4
1968-09-30,5,2.7
1968-10-31,5,2.2
1968-11-30,5,6.7
1968-12-31,5,81.3
1969-01-31,5,124.4
1969-02-28,5,136.4
1969-03-31,5,44.9
1969-04-30,5,21.3
1969-05-31,5,13.3
1969-06-30,5,8.3
1969-07-31,5,6.3
1969-08-31,5,4.2
1969-09-30,5,2.6
1969-10-31,5,2.8
1969-11-30,5,3.8
1969-12-31,5,73.5
1970-01-31,5,196.6
1970-02-28,5,61.5
1970-03-31,5,43.4
1970-04-30,5,15.9
1970-05-31,5,9.7
1970-06-30,5,6.6
1970-07-31,5,4.8
1970-08-31,5,3.0
1970-09-30,5,1.9
1970-10-31,5,1.6
1970-11-30,5,47.8
1970-12-31,5,93.3
1971-01-31,5,66.3
1971-02-28,5,19.9
1971-03-31,5,52.3
1971-04-30,5,20.2
1971-05-31,5,13.6
1971-06-30,5,8.8
1971-07-31,5,6.8
1971-08-31,5,4.6
1971-09-30,5,2.8
1971-10-31,5,2.0
1971-11-30,5,3.3
1971-12-31,5,22.3
1972-01-31,5,24.2
1972-02-29,5,34.2
1972-03-31,5,28.2
1972-04-30,5,17.9
1972-05-31,5,12.5
1972-06-30,5,8.5
1972-07-31,5,6.5
1972-08-31,5,4.4
1972-09-30,5,2.8
1972-10-31,5,4.3
1972-11-30,5,29.4
1972-12-31,5,38.6
1973-01-31,5,94.2
1973-02-28,5,105.2
1973-03-31,5,55.1
1973-04-30,5,21.1
1973-05-31,5,11.9
1973-06-30,5,7.5
1973-07-31,5,5.3
1973-08-31,5,3.3
1973-09-30,5,2.0
1973-10-31,5,5.6
1973-11-30,5,82.2
1973-12-31,5,82.8
1974-01-31,5,107.3
1974-02-28,5,65.3
1974-03-31,5,88.3
1974-04-30,5,47.9
1974-05-31,5,17.7
1974-06-30,5,10.1
1974-07-31,5,7.4
1974-08-31,5,5.3
1974-09-30,5,3.2
1974-10-31,5,2.1
1974-11-30,5,2.5
1974-12-31,5,14.9
1975-01-31,5,27.0
1975-02-28,5,83.7
1975-03-31,5,125.3
1975-04-30,5,31.7
1975-05-31,5,19.1
1975-06-30,5,10.7
1975-07-31,5,7.3
1975-08-31,5,5.1
1975-09-30,5,3.1
1975-10-31,5,6.1
1975-11-30,5,8.4
1975-12-31,5,14.6
1976-01-31,5,11.0
1976-02-29,5,25.6
1976-03-31,5,21.2
1976-04-30,5,16.6
1976-05-31,5,10.3
1976-06-30,5,7.1
1976-07-31,5,5.2
1976-08-31,5,3.7
1976-09-30,5,2.8
1976-10-31,5,2.1
1976-11-30,5,1.6
1976-12-31,5,1.6
1977-01-31,5,6.0
1977-02-28,5,4.4
1977-03-31,5,7.5
1977-04-30,5,7.3
1977-05-31,5,7.6
1977-06-30,5,6.1
1977-07-31,5,4.5
1977-08-31,5,3.0
1977-09-30,5,2.3
1977-10-31,5,2.2
1977-11-30,5,10.6
1977-12-31,5,52.5
1978-01-31,5,126.8
1978-02-28,5,84.2
1978-03-31,5,81.2
1978-04-30,5,37.8
1978-05-31,5,17.1
1978-06-30,5,9.6
1978-07-31,5,7.0
1978-08-31,5,4.8
1978-09-30,5,3.2
1978-10-31,5,2.3
1978-11-30,5,1.7
1978-12-31,5,2.1
1979-01-31,5,22.1
1979-02-28,5,52.2
1979-03-31,5,35.3
1979-04-30,5,17.5
1979-05-31,5,15.6
1979-06-30,5,9.5
1979-07-31,5,7.1
1979-08-31,5,5.0
1979-09-30,5,3.1
1979-10-31,5,10.3
1979-11-30,5,22.5
1979-12-31,5,42.9
1980-01-31,5,57.3
1980-02-29,5,99.3
1980-03-31,5,50.2
1980-04-30,5,31.3
1980-05-31,5,13.1
1980-06-30,5,8.6
1980-07-31,5,6.5
1980-08-31,5,4.3
1980-09-30,5,2.7
1980-10-31,5,2.1
1980-11-30,5,1.6
1980-12-31,5,16.9
1981-01-31,5,44.1
1981-02-28,5,40.1
1981-03-31,5,47.1
1981-04-30,5,20.9
1981-05-31,5,13.5
1981-06-30,5,8.8
1981-07-31,5,6.3
1981-08-31,5,4.2
1981-09-30,5,2.6
1981-10-31,5,5.4
1981-11-30,5,39.4
1981-12-31,5,90.4
1982-01-31,5,45.3
1982-02-28,5,64.5
1982-03-31,5,75.5
1982-04-30,5,69.9
1982-05-31,5,21.1
1982-06-30,5,11.7
1982-07-31,5,8.4
1982-08-31,5,5.9
1982-09-30,5,3.8
1982-10-31,5,4.9
1982-11-30,5,28.1
1982-12-31,5,77.4
1983-01-31,5,96.9
1983-02-28,5,138.0
1983-03-31,5,199.9
1983-04-30,5,79.7
1983-05-31,5,36.4
1983-06-30,5,16.0
1983-07-31,5,9.6
1983-08-31,5,6.6
1983-09-30,5,4.8
1983-10-31,5,3.7
1983-11-30,5,49.1
1983-12-31,5,125.3
1984-01-31,5,30.6
1984-02-29,5,41.3
1984-03-31,5,34.5
1984-04-30,5,17.8
1984-05-31,5,13.0
1984-06-30,5,8.4
1984-07-31,5,6.4
1984-08-31,5,4.4
1984-09-30,5,2.9
1984-10-31,5,2.6
1984-11-30,5,43.6
1984-12-31,5,28.7
1985-01-31,5,16.6
1985-02-28,5,16.8
1985-03-31,5,15.3
1985-04-30,5,14.5
1985-05-31,5,10.8
1985-06-30,5,7.5
1985-07-31,5,5.7
1985-08-31,5,3.8
1985-09-30,5,3.0
1985-10-31,5,2.7
1985-11-30,5,4.5
1985-12-31,5,23.8
1986-01-31,5,52.2
1986-02-28,5,143.3
1986-03-31,5,94.6
1986-04-30,5,23.8
1986-05-31,5,15.6
1986-06-30,5,9.4
1986-07-31,5,6.9
1986-08-31,5,4.8
1986-09-30,5,3.3
1986-10-31,5,2.8
1986-11-30,5,1.9
1986-12-31,5,2.7
1987-01-31,5,18.0
1987-02-28,5,38.1
1987-03-31,5,57.6
1987-04-30,5,20.7
1987-05-31,5,12.8
1987-06-30,5,8.1
1987-07-31,5,6.0
1987-08-31,5,3.9
1987-09-30,5,2.3
1987-10-31,5,1.5
1987-11-30,5,2.1
1987-12-31,5,51.5
1988-01-31,5,48.0
1988-02-29,5,22.8
1988-03-31,5,15.2
1988-04-30,5,13.8
1988-05-31,5,14.3
1988-06-30,5,10.1
1988-07-31,5,7.7
1988-08-31,5,5.7
1988-09-30,5,3.7
1988-10-31,5,2.5
1988-11-30,5,17.5
1988-12-31,5,15.1
1989-01-31,5,17.2
1989-02-28,5,12.4
1989-03-31,5,79.7
1989-04-30,5,26.2
1989-05-31,5,18.6
1989-06-30,5,10.8
1989-07-31,5,7.6
1989-08-31,5,5.3
1989-09-30,5,4.1
1989-10-31,5,11.0
1989-11-30,5,7.8
1989-12-31,5,7.0
1990-01-31,5,31.1
1990-02-28,5,14.6
1990-03-31,5,22.4
1990-04-30,5,13.4
1990-05-31,5,18.3
1990-06-30,5,16.3
1990-07-31,5,10.0
1990-08-31,5,7.1
1990-09-30,5,4.8
1990-10-31,5,3.3
1990-11-30,5,2.6
1990-12-31,5,2.4
1991-01-31,5,2.8
1991-02-28,5,8.4
1991-03-31,5,60.6
1991-04-30,5,26.4
1991-05-31,5,16.2
1991-06-30,5,9.9
1991-07-31,5,7.4
1991-08-31,5,5.3
1991-09-30,5,3.3
1991-10-31,5,2.2
1991-11-30,5,2.2
1991-12-31,5,4.5
1992-01-31,5,12.9
1992-02-29,5,52.2
1992-03-31,5,44.9
1992-04-30,5,29.0
1992-05-31,5,15.3
1992-06-30,5,9.1
1992-07-31,5,7.2
1992-08-31,5,5.1
1992-09-30,5,3.2
1992-10-31,5,2.4
1992-11-30,5,4.8
1992-12-31,5,49.2
1993-01-31,5,69.9
1993-02-28,5,69.8
1993-03-31,5,71.8
1993-04-30,5,42.3
1993-05-31,5,38.5
1993-06-30,5,22.8
1993-07-31,5,12.9
1993-08-31,5,8.2
1993-09-30,5,5.5
1993-10-31,5,4.0
1993-11-30,5,2.9
1993-12-31,5,16.3
1994-01-31,5,19.5
1994-02-28,5,41.1
1994-03-31,5,24.5
1994-04-30,5,13.7
1994-05-31,5,13.0
1994-06-30,5,8.7
1994-07-31,5,6.5
1994-08-31,5,4.4
1994-09-30,5,2.8
1994-10-31,5,1.9
1994-11-30,5,4.0
1994-12-31,5,15.8
1995-01-31,5,213.5
1995-02-28,5,52.7
1995-03-31,5,179.9
1995-04-30,5,59.5
1995-05-31,5,32.2
1995-06-30,5,16.1
1995-07-31,5,10.5
1995-08-31,5,7.1
1995-09-30,5,4.6
1995-10-31,5,3.0
1995-11-30,5,1.8
1995-12-31,5,1.1
1996-01-31,5,18.2
1996-02-29,5,64.5
1996-03-31,5,39.8
1996-04-30,5,23.8
1996-05-31,5,21.7
1996-06-30,5,13.9
1996-07-31,5,9.0
1996-08-31,5,6.3
1996-09-30,5,4.0
1996-10-31,5,2.7
1996-11-30,5,7.9
1996-12-31,5,118.4
1997-01-31,5,119.3
1997-02-28,5,36.8
1997-03-31,5,31.5
1997-04-30,5,15.8
1997-05-31,5,11.0
1997-06-30,5,7.8
1997-07-31,5,6.2
1997-08-31,5,4.4
1997-09-30,5,3.2
1997-10-31,5,3.4
1997-11-30,5,21.8
1997-12-31,5,34.2
1998-01-31,5,121.2
1998-02-28,5,204.4
1998-03-31,5,120.4
1998-04-30,5,50.0
1998-05-31,5,36.3
1998-06-30,5,22.9
1998-07-31,5,12.8
1998-08-31,5,8.0
1998-09-30,5,5.2
1998-10-31,5,3.5
1998-11-30,5,24.7
1998-12-31,5,25.1
1999-01-31,5,27.5
1999-02-28,5,69.2
1999-03-31,5,66.5
1999-04-30,5,43.3
1999-05-31,5,19.7
1999-06-30,5,11.4
1999-07-31,5,7.8
1999-08-31,5,5.4
1999-09-30,5,3.3
1999-10-31,5,2.3
1999-11-30,5,6.7
1999-12-31,5,13.3
2000-01-31,5,46.8
2000-02-29,5,83.2
2000-03-31,5,50.1
2000-04-30,5,26.8
2000-05-31,5,15.6
2000-06-30,5,10.2
2000-07-31,5,7.4
2000-08-31,5,5.2
2000-09-30,5,3.4
2000-10-31,5,2.5
2000-11-30,5,3.6
2000-12-31,5,6.6
2001-01-31,5,15.1
2001-02-28,5,33.2
2001-03-31,5,40.3
2001-04-30,5,16.4
2001-05-31,5,11.1
2001-06-30,5,7.4
2001-07-31,5,5.7
2001-08-31,5,3.8
2001-09-30,5,2.4
2001-10-31,5,1.8
2001-11-30,5,15.5
2001-12-31,5,69.8
2002-01-31,5,61.7
2002-02-28,5,36.9
2002-03-31,5,28.9
2002-04-30,5,15.9
2002-05-31,5,10.9
2002-06-30,5,7.6
2002-07-31,5,5.6
2002-08-31,5,3.7
2002-09-30,5,2.3
2002-10-31,5,1.5
2002-11-30,5,4.0
2002-12-31,5,112.7
2003-01-31,5,60.5
2003-02-28,5,37.8
2003-03-31,5,47.8
2003-04-30,5,61.0
2003-05-31,5,38.2
2003-06-30,5,15.9
2003-07-31,5,9.5
2003-08-31,5,6.5
2003-09-30,5,4.1
2003-10-31,5,2.6
2003-11-30,5,3.6
2003-12-31,5,55.5
2004-01-31,5,40.7
2004-02-29,5,106.9
2004-03-31,5,45.8
2004-04-30,5,19.6
2004-05-31,5,12.3
2004-06-30,5,8.0
2004-07-31,5,6.0
2004-08-31,5,3.9
2004-09-30,5,2.4
2004-10-31,5,3.0
2004-11-30,5,6.6
2004-12-31,5,52.9
2005-01-31,5,42.6
2005-02-28,5,31.7
2005-03-31,5,57.8
2005-04-30,5,33.7
2005-05-31,5,46.2
2005-06-30,5,18.0
2005-07-31,5,11.7
2005-08-31,5,7.9
2005-09-30,5,5.5
2005-10-31,5,3.7
2005-11-30,5,5.5
2005-12-31,5,121.9
2006-01-31,5,81.1
2006-02-28,5,75.2
2006-03-31,5,87.9
2006-04-30,5,116.2
2006-05-31,5,31.4
2006-06-30,5,16.3
2006-07-31,5,10.0
2006-08-31,5,6.8
2006-09-30,5,4.4
2006-10-31,5,2.9
2006-11-30,5,2.8
2006-12-31,5,22.1
2007-01-31,5,15.5
2007-02-28,5,37.2
2007-03-31,5,25.5
2007-04-30,5,17.8
2007-05-31,5,13.6
2007-06-30,5,8.7
2007-07-31,5,6.5
2007-08-31,5,4.7
2007-09-30,5,3.0
2007-10-31,5,3.0
2007-11-30,5,3.3
2007-12-31,5,10.6
2008-01-31,5,54.5
2008-02-29,5,30.8
2008-03-31,5,30.4
2008-04-30,5,20.5
2008-05-31,5,14.5
2008-06-30,5,9.3
2008-07-31,5,6.9
2008-08-31,5,4.8
2008-09-30,5,3.0
2008-10-31,5,3.5
2008-11-30,5,5.3
2008-12-31,5,6.3
2009-01-31,5,8.7
2009-02-28,5,38.8
2009-03-31,5,47.2
2009-04-30,5,19.7
2009-05-31,5,23.8
2009-06-30,5,11.3
2009-07-31,5,8.0
2009-08-31,5,5.6
2009-09-30,5,3.5
2009-10-31,5,3.9
2009-11-30,5,4.0
2009-12-31,5,11.0
2010-01-31,5,48.9
2010-02-28,5,47.5
2010-03-31,5,53.1
2010-04-30,5,50.6
2010-05-31,5,24.3
2010-06-30,5,16.1
2010-07-31,5,10.4
2010-08-31,5,7.1
2010-09-30,5,4.8
2010-10-31,5,10.1
2010-11-30,5,13.7
2010-12-31,5,10.8
2011-01-31,5,10.7
2011-02-28,5,20.0
2011-03-31,5,89.4
2011-04-30,5,68.6
2011-05-31,5,37.6
2011-06-30,5,23.9
2011-07-31,5,14.8
2011-08-31,5,9.1
2011-09-30,5,6.2
2011-10-31,5,7.3
2011-11-30,5,5.3
2011-12-31,5,4.2
2012-01-31,5,4.2
2012-02-29,5,4.5
2012-03-31,5,24.3
2012-04-30,5,30.9
2012-05-31,5,19.5
2012-06-30,5,11.6
2012-07-31,5,7.9
2012-08-31,5,5.6
2012-09-30,5,3.5
2012-10-31,5,2.3
2012-11-30,5,13.1
2012-12-31,5,63.9
2013-01-31,5,22.5
2013-02-28,5,13.3
2013-03-31,5,14.3
2013-04-30,5,17.5
2013-05-31,5,11.7
2013-06-30,5,7.9
2013-07-31,5,6.3
2013-08-31,5,4.2
2013-09-30,5,2.6
2013-10-31,5,1.9
2013-11-30,5,1.2
2013-12-31,5,1.3
2014-01-31,5,1.1
2014-02-28,5,11.9
2014-03-31,5,45.4
2014-04-30,5,20.9
2014-05-31,5,13.4
2014-06-30,5,8.5
2014-07-31,5,6.6
2014-08-31,5,4.5
2014-09-30,5,2.7
1921-10-31,7,27.8
1921-11-30,7,30.8
1921-12-31,7,147.3
1922-01-31,7,108.1
1922-02-28,7,322.7
1922-03-31,7,186.3
1922-04-30,7,151.6
1922-05-31,7,186.4
1922-06-30,7,130.8
1922-07-31,7,45.3
1922-08-31,7,28.9
1922-09-30,7,23.0
1922-10-31,7,32.1
1922-11-30,7,78.7
1922-12-31,7,285.8
1923-01-31,7,164.6
1923-02-28,7,94.1
1923-03-31,7,66.5
1923-04-30,7,171.0
1923-05-31,7,71.6
1923-06-30,7,44.9
1923-07-31,7,23.8
1923-08-31,7,15.5
1923-09-30,7,21.0
1923-10-31,7,26.2
1923-11-30,7,19.8
1923-12-31,7,43.0
1924-01-31,7,61.5
1924-02-29,7,119.9
1924-03-31,7,50.2
1924-04-30,7,52.4
1924-05-31,7,19.4
1924-06-30,7,11.1
1924-07-31,7,10.6
1924-08-31,7,9.8
1924-09-30,7,9.8
1924-10-31,7,37.0
1924-11-30,7,53.1
1924-12-31,7,117.4
1925-01-31,7,77.8
1925-02-28,7,301.0
1925-03-31,7,81.0
1925-04-30,7,144.2
1925-05-31,7,57.5
1925-06-30,7,36.3
1925-07-31,7,21.4
1925-08-31,7,16.2
1925-09-30,7,15.8
1925-10-31,7,23.1
1925-11-30,7,35.7
1925-12-31,7,58.7
1926-01-31,7,71.4
1926-02-28,7,281.8
1926-03-31,7,69.3
1926-04-30,7,195.2
1926-05-31,7,43.2
1926-06-30,7,24.4
1926-07-31,7,14.1
1926-08-31,7,11.2
1926-09-30,7,11.6
1926-10-31,7,24.5
1926-11-30,7,172.4
1926-12-31,7,88.3
1927-01-31,7,176.3
1927-02-28,7,377.7
1927-03-31,7,133.1
1927-04-30,7,198.2
1927-05-31,7,110.6
1927-06-30,7,55.6
1927-07-31,7,35.1
1927-08-31,7,22.8
1927-09-30,7,20.2
1927-10-31,7,26.3
1927-11-30,7,118.2
1927-12-31,7,86.7
1928-01-31,7,95.3
1928-02-29,7,120.5
1928-03-31,7,386.9
1928-04-30,7,135.5
1928-05-31,7,56.1
1928-06-30,7,36.3
1928-07-31,7,20.1
1928-08-31,7,20.7
1928-09-30,7,17.1
1928-10-31,7,18.5
1928-11-30,7,48.4
1928-12-31,7,79.4
1929-01-31,7,57.7
1929-02-28,7,104.5
1929-03-31,7,86.6
1929-04-30,7,81.8
1929-05-31,7,51.5
1929-06-30,7,39.2
1929-07-31,7,19.7
1929-08-31,7,16.8
1929-09-30,7,13.1
1929-10-31,7,11.2
1929-11-30,7,11.6
1929-12-31,7,224.0
1930-01-31,7,166.4
1930-02-28,7,137.9
1930-03-31,7,200.7
1930-04-30,7,116.0
1930-05-31,7,70.7
1930-06-30,7,32.7
1930-07-31,7,25.3
1930-08-31,7,19.8
1930-09-30,7,15.0
1930-10-31,7,12.6
1930-11-30,7,34.6
1930-12-31,7,14.7
1931-01-31,7,94.2
1931-02-28,7,67.0
1931-03-31,7,70.3
1931-04-30,7,33.5
1931-05-31,7,23.0
1931-06-30,7,12.9
1931-07-31,7,5.6
1931-08-31,7,4.0
1931-09-30,7,6.4
1931-10-31,7,23.7
1931-11-30,7,40.3
1931-12-31,7,153.1
1932-01-31,7,128.7
1932-02-29,7,122.0
1932-03-31,7,72.5
1932-04-30,7,98.2
1932-05-31,7,100.1
1932-06-30,7,50.8
1932-07-31,7,16.6
1932-08-31,7,12.6
1932-09-30,7,11.1
1932-10-31,7,14.6
1932-11-30,7,14.3
1932-12-31,7,33.8
1933-01-31,7,67.1
1933-02-28,7,45.0
1933-03-31,7,119.5
1933-04-30,7,64.2
1933-05-31,7,80.1
1933-06-30,7,33.6
1933-07-31,7,11.6
1933-08-31,7,10.1
1933-09-30,7,9.1
1933-10-31,7,19.1
1933-11-30,7,22.1
1933-12-31,7,114.1
1934-01-31,7,128.5
1934-02-28,7,132.1
1934-03-31,7,55.0
1934-04-30,7,31.4
1934-05-31,7,25.2
1934-06-30,7,17.1
1934-07-31,7,7.4
1934-08-31,7,6.0
1934-09-30,7,8.0
1934-10-31,7,15.1
1934-11-30,7,70.1
1934-12-31,7,58.1
1935-01-31,7,171.4
1935-02-28,7,82.7
1935-03-31,7,148.1
1935-04-30,7,255.6
1935-05-31,7,103.0
1935-06-30,7,35.1
1935-07-31,7,19.4
1935-08-31,7,14.0
1935-09-30,7,12.7
1935-10-31,7,24.7
1935-11-30,7,21.4
1935-12-31,7,43.3
1936-01-31,7,295.4
1936-02-29,7,376.4
1936-03-31,7,82.3
1936-04-30,7,131.6
1936-05-31,7,51.6
1936-06-30,7,41.9
1936-07-31,7,23.4
1936-08-31,7,15.2
1936-09-30,7,12.3
1936-10-31,7,11.5
1936-11-30,7,15.4
1936-12-31,7,32.2
1937-01-31,7,61.6
1937-02-28,7,193.1
1937-03-31,7,228.8
1937-04-30,7,165.8
1937-05-31,7,111.6
1937-06-30,7,45.8
1937-07-31,7,23.3
1937-08-31,7,16.3
1937-09-30,7,12.2
1937-10-31,7,21.5
1937-11-30,7,94.9
1937-12-31,7,249.5
1938-01-31,7,121.4
1938-02-28,7,384.4
1938-03-31,7,351.4
1938-04-30,7,166.0
1938-05-31,7,145.3
1938-06-30,7,73.1
1938-07-31,7,38.0
1938-08-31,7,25.8
1938-09-30,7,19.4
1938-10-31,7,29.6
1938-11-30,7,32.9
1938-12-31,7,60.7
1939-01-31,7,72.8
1939-02-28,7,78.7
1939-03-31,7,107.2
1939-04-30,7,58.1
1939-05-31,7,35.2
1939-06-30,7,13.2
1939-07-31,7,7.9
1939-08-31,7,7.1
1939-09-30,7,10.0
1939-10-31,7,19.1
1939-11-30,7,12.0
1939-12-31,7,39.6
1940-01-31,7,324.6
1940-02-29,7,328.2
1940-03-31,7,294.8
1940-04-30,7,156.7
1940-05-31,7,51.1
1940-06-30,7,30.0
1940-07-31,7,20.5
1940-08-31,7,15.8
1940-09-30,7,14.0
1940-10-31,7,22.7
1940-11-30,7,54.9
1940-12-31,7,280.6
1941-01-31,7,328.1
1941-02-28,7,293.8
1941-03-31,7,195.1
1941-04-30,7,204.6
1941-05-31,7,114.9
1941-06-30,7,52.6
1941-07-31,7,35.8
1941-08-31,7,24.6
1941-09-30,7,19.3
1941-10-31,7,24.1
1941-11-30,7,42.5
1941-12-31,7,279.7
1942-01-31,7,289.9
1942-02-28,7,298.8
1942-03-31,7,99.8
1942-04-30,7,188.4
1942-05-31,7,131.2
1942-06-30,7,66.8
1942-07-31,7,33.3
1942-08-31,7,22.7
1942-09-30,7,19.1
1942-10-31,7,19.7
1942-11-30,7,93.4
1942-12-31,7,147.8
1943-01-31,7,315.9
1943-02-28,7,159.8
1943-03-31,7,262.1
1943-04-30,7,111.1
1943-05-31,7,67.1
1943-06-30,7,49.8
1943-07-31,7,25.9
1943-08-31,7,15.2
1943-09-30,7,12.6
1943-10-31,7,18.2
1943-11-30,7,23.6
1943-12-31,7,56.5
1944-01-31,7,98.5
1944-02-29,7,146.0
1944-03-31,7,152.4
1944-04-30,7,78.3
1944-05-31,7,79.7
1944-06-30,7,34.3
1944-07-31,7,16.4
1944-08-31,7,12.1
1944-09-30,7,10.4
1944-10-31,7,15.4
1944-11-30,7,113.8
1944-12-31,7,108.8
1945-01-31,7,64.0
1945-02-28,7,301.8
1945-03-31,7,119.5
1945-04-30,7,88.4
1945-05-31,7,71.8
1945-06-30,7,36.4
1945-07-31,7,21.2
1945-08-31,7,14.6
1945-09-30,7,11.2
1945-10-31,7,25.4
1945-11-30,7,99.9
1945-12-31,7,299.8
1946-01-31,7,150.5
1946-02-28,7,84.0
1946-03-31,7,105.0
1946-04-30,7,107.1
1946-05-31,7,77.1
1946-06-30,7,31.0
1946-07-31,7,20.9
1946-08-31,7,15.3
1946-09-30,7,13.1
1946-10-31,7,17.9
1946-11-30,7,71.9
1946-12-31,7,79.4
1947-01-31,7,34.3
1947-02-28,7,120.5
1947-03-31,7,140.1
1947-04-30,7,76.3
1947-05-31,7,27.8
1947-06-30,7,25.1
1947-07-31,7,11.0
1947-08-31,7,8.5
1947-09-30,7,8.2
1947-10-31,7,48.2
1947-11-30,7,42.7
1947-12-31,7,26.5
1948-01-31,7,106.6
1948-02-29,7,53.0
1948-03-31,7,118.1
1948-04-30,7,226.0
1948-05-31,7,131.0
1948-06-30,7,57.6
1948-07-31,7,23.7
1948-08-31,7,18.3
1948-09-30,7,15.8
1948-10-31,7,16.3
1948-11-30,7,30.4
1948-12-31,7,62.1
1949-01-31,7,44.4
1949-02-28,7,72.3
1949-03-31,7,227.2
1949-04-30,7,98.9
1949-05-31,7,81.8
1949-06-30,7,22.8
1949-07-31,7,15.3
1949-08-31,7,12.2
1949-09-30,7,9.3
1949-10-31,7,13.3
1949-11-30,7,27.9
1949-12-31,7,36.0
1950-01-31,7,188.4
1950-02-28,7,198.9
1950-03-31,7,135.6
1950-04-30,7,129.9
1950-05-31,7,94.6
1950-06-30,7,38.4
1950-07-31,7,17.9
1950-08-31,7,14.7
1950-09-30,7,13.8
1950-10-31,7,40.0
1950-11-30,7,259.1
1950-12-31,7,304.3
1951-01-31,7,240.4
1951-02-28,7,170.6
1951-03-31,7,153.0
1951-04-30,7,93.6
1951-05-31,7,89.5
1951-06-30,7,36.2
1951-07-31,7,27.1
1951-08-31,7,18.1
1951-09-30,7,13.1
1951-10-31,7,38.6
1951-11-30,7,76.9
1951-12-31,7,227.6
1952-01-31,7,315.3
1952-02-29,7,225.3
1952-03-31,7,192.4
1952-04-30,7,193.9
1952-05-31,7,160.5
1952-06-30,7,108.9
1952-07-31,7,59.3
1952-08-31,7,30.2
1952-09-30,7,25.3
1952-10-31,7,24.2
1952-11-30,7,35.1
1952-12-31,7,156.0
1953-01-31,7,318.3
1953-02-28,7,59.3
1953-03-31,7,129.6
1953-04-30,7,129.5
1953-05-31,7,121.0
1953-06-30,7,78.4
1953-07-31,7,26.4
1953-08-31,7,19.9
1953-09-30,7,17.5
1953-10-31,7,24.7
1953-11-30,7,58.1
1953-12-31,7,77.2
1954-01-31,7,167.5
1954-02-28,7,173.6
1954-03-31,7,177.7
1954-04-30,7,181.9
1954-05-31,7,62.2
1954-06-30,7,33.2
1954-07-31,7,19.2
1954-08-31,7,14.7
1954-09-30,7,13.9
1954-10-31,7,15.7
1954-11-30,7,41.9
1954-12-31,7,139.6
1955-01-31,7,120.8
1955-02-28,7,62.1
1955-03-31,7,76.1
1955-04-30,7,89.6
1955-05-31,7,90.7
1955-06-30,7,28.7
1955-07-31,7,18.3
1955-08-31,7,13.3
1955-09-30,7,13.2
1955-10-31,7,15.2
1955-11-30,7,34.8
1955-12-31,7,583.3
1956-01-31,7,397.6
1956-02-29,7,183.5
1956-03-31,7,117.7
1956-04-30,7,100.3
1956-05-31,7,140.9
1956-06-30,7,71.6
1956-07-31,7,32.0
1956-08-31,7,24.5
1956-09-30,7,22.5
1956-10-31,7,35.7
1956-11-30,7,39.0
1956-12-31,7,48.8
1957-01-31,7,80.1
1957-02-28,7,163.2
1957-03-31,7,182.0
1957-04-30,7,88.1
1957-05-31,7,116.0
1957-06-30,7,32.1
1957-07-31,7,18.5
1957-08-31,7,14.1
1957-09-30,7,15.1
1957-10-31,7,34.4
1957-11-30,7,41.7
1957-12-31,7,120.1
1958-01-31,7,156.3
1958-02-28,7,370.8
1958-03-31,7,242.4
1958-04-30,7,248.2
1958-05-31,7,143.0
1958-06-30,7,99.2
1958-07-31,7,40.0
1958-08-31,7,28.2
1958-09-30,7,24.6
1958-10-31,7,26.4
1958-11-30,7,30.1
1958-12-31,7,37.1
1959-01-31,7,169.4
1959-02-28,7,184.4
1959-03-31,7,92.7
1959-04-30,7,70.8
1959-05-31,7,40.1
1959-06-30,7,16.8
1959-07-31,7,12.2
1959-08-31,7,11.1
1959-09-30,7,18.8
1959-10-31,7,10.2
1959-11-30,7,10.5
1959-12-31,7,22.1
1960-01-31,7,113.8
1960-02-29,7,225.2
1960-03-31,7,161.0
1960-04-30,7,79.1
1960-05-31,7,57.8
1960-06-30,7,23.3
1960-07-31,7,15.2
1960-08-31,7,12.0
1960-09-30,7,10.7
1960-10-31,7,13.2
1960-11-30,7,70.6
1960-12-31,7,70.6
1961-01-31,7,47.7
1961-02-28,7,150.6
1961-03-31,7,121.5
1961-04-30,7,68.5
1961-05-31,7,53.5
1961-06-30,7,25.7
1961-07-31,7,14.7
1961-08-31,7,10.0
1961-09-30,7,9.5
1961-10-31,7,10.3
1961-11-30,7,21.8
1961-12-31,7,84.7
1962-01-31,7,63.5
1962-02-28,7,330.4
1962-03-31,7,140.6
1962-04-30,7,94.5
1962-05-31,7,68.1
1962-06-30,7,30.2
1962-07-31,7,19.5
1962-08-31,7,15.3
1962-09-30,7,12.1
1962-10-31,7,223.1
1962-11-30,7,43.2
1962-12-31,7,174.6
1963-01-31,7,126.2
1963-02-28,7,247.4
1963-03-31,7,120.4
1963-04-30,7,260.7
1963-05-31,7,117.0
1963-06-30,7,41.0
1963-07-31,7,26.9
1963-08-31,7,20.9
1963-09-30,7,17.6
1963-10-31,7,25.9
1963-11-30,7,125.2
1963-12-31,7,67.1
1964-01-31,7,148.1
1964-02-29,7,59.0
1964-03-31,7,86.1
1964-04-30,7,85.7
1964-05-31,7,71.1
1964-06-30,7,33.6
1964-07-31,7,16.3
1964-08-31,7,11.9
1964-09-30,7,11.8
1964-10-31,7,14.2
1964-11-30,7,86.1
1964-12-31,7,540.0
1965-01-31,7,336.0
1965-02-28,7,86.4
1965-03-31,7,94.2
1965-04-30,7,184.9
1965-05-31,7,100.0
1965-06-30,7,48.4
1965-07-31,7,28.9
1965-08-31,7,27.1
1965-09-30,7,19.4
1965-10-31,7,19.3
1965-11-30,7,91.4
1965-12-31,7,85.8
1966-01-31,7,155.3
1966-02-28,7,111.0
1966-03-31,7,113.5
1966-04-30,7,117.0
1966-05-31,7,48.0
1966-06-30,7,23.9
1966-07-31,7,12.6
1966-08-31,7,10.6
1966-09-30,7,9.8
1966-10-31,7,10.4
1966-11-30,7,110.7
1966-12-31,7,226.2
1967-01-31,7,304.6
1967-02-28,7,142.9
1967-03-31,7,188.1
1967-04-30,7,170.7
1967-05-31,7,166.7
1967-06-30,7,93.9
1967-07-31,7,36.7
1967-08-31,7,26.7
1967-09-30,7,25.3
1967-10-31,7,28.4
1967-11-30,7,32.3
1967-12-31,7,106.5
1968-01-31,7,144.2
1968-02-29,7,233.0
1968-03-31,7,128.1
1968-04-30,7,78.1
1968-05-31,7,53.1
1968-06-30,7,28.1
1968-07-31,7,14.2
1968-08-31,7,14.8
1968-09-30,7,12.1
1968-10-31,7,24.4
1968-11-30,7,78.1
1968-12-31,7,155.9
1969-01-31,7,574.1
1969-02-28,7,260.9
1969-03-31,7,138.4
1969-04-30,7,164.2
1969-05-31,7,148.7
1969-06-30,7,78.5
1969-07-31,7,37.7
1969-08-31,7,27.7
1969-09-30,7,24.5
1969-10-31,7,36.5
1969-11-30,7,45.2
1969-12-31,7,247.9
1970-01-31,7,601.8
1970-02-28,7,139.7
1970-03-31,7,152.1
1970-04-30,7,61.9
1970-05-31,7,54.0
1970-06-30,7,41.2
1970-07-31,7,20.8
1970-08-31,7,12.9
1970-09-30,7,12.8
1970-10-31,7,23.8
1970-11-30,7,120.0
1970-12-31,7,258.4
1971-01-31,7,161.5
1971-02-28,7,70.8
1971-03-31,7,182.6
1971-04-30,7,110.5
1971-05-31,7,105.7
1971-06-30,7,61.4
1971-07-31,7,29.5
1971-08-31,7,20.3
1971-09-30,7,17.2
1971-10-31,7,22.1
1971-11-30,7,40.2
1971-12-31,7,111.8
1972-01-31,7,99.4
1972-02-29,7,128.7
1972-03-31,7,101.5
1972-04-30,7,105.1
1972-05-31,7,52.2
1972-06-30,7,26.0
1972-07-31,7,16.2
1972-08-31,7,11.5
1972-09-30,7,14.3
1972-10-31,7,27.7
1972-11-30,7,105.1
1972-12-31,7,105.1
1973-01-31,7,332.8
1973-02-28,7,228.2
1973-03-31,7,182.5
1973-04-30,7,102.6
1973-05-31,7,97.4
1973-06-30,7,41.3
1973-07-31,7,27.6
1973-08-31,7,18.9
1973-09-30,7,17.4
1973-10-31,7,30.0
1973-11-30,7,271.9
1973-12-31,7,233.1
1974-01-31,7,317.8
1974-02-28,7,121.6
1974-03-31,7,330.8
1974-04-30,7,204.6
1974-05-31,7,99.4
1974-06-30,7,54.6
1974-07-31,7,49.6
1974-08-31,7,28.0
1974-09-30,7,20.0
1974-10-31,7,23.7
1974-11-30,7,45.5
1974-12-31,7,62.0
1975-01-31,7,79.2
1975-02-28,7,236.3
1975-03-31,7,240.2
1975-04-30,7,114.6
1975-05-31,7,127.3
1975-06-30,7,72.7
1975-07-31,7,32.2
1975-08-31,7,27.1
1975-09-30,7,16.9
1975-10-31,7,44.9
1975-11-30,7,49.6
1975-12-31,7,51.2
1976-01-31,7,32.4
1976-02-29,7,57.5
1976-03-31,7,73.3
1976-04-30,7,49.3
1976-05-31,7,21.2
1976-06-30,7,11.5
1976-07-31,7,8.8
1976-08-31,7,14.1
1976-09-30,7,11.6
1976-10-31,7,10.4
1976-11-30,7,16.6
1976-12-31,7,10.6
1977-01-31,7,46.4
1977-02-28,7,37.7
1977-03-31,7,33.5
1977-04-30,7,14.9
1977-05-31,7,25.7
1977-06-30,7,6.4
1977-07-31,7,4.6
1977-08-31,7,4.9
1977-09-30,7,7.0
1977-10-31,7,9.0
1977-11-30,7,34.9
1977-12-31,7,143.3
1978-01-31,7,371.0
1978-02-28,7,173.7
1978-03-31,7,241.5
1978-04-30,7,170.7
1978-05-31,7,110.8
1978-06-30,7,60.8
1978-07-31,7,27.2
1978-08-31,7,22.0
1978-09-30,7,23.5
1978-10-31,7,16.9
1978-11-30,7,46.1
1978-12-31,7,49.4
1979-01-31,7,157.9
1979-02-28,7,171.7
1979-03-31,7,157.9
1979-04-30,7,102.1
1979-05-31,7,114.6
1979-06-30,7,31.7
1979-07-31,7,21.2
1979-08-31,7,17.4
1979-09-30,7,12.7
1979-10-31,7,39.3
1979-11-30,7,66.0
1979-12-31,7,94.1
1980-01-31,7,397.7
1980-02-29,7,422.3
1980-03-31,7,161.4
1980-04-30,7,100.9
1980-05-31,7,69.5
1980-06-30,7,46.0
1980-07-31,7,27.6
1980-08-31,7,17.8
1980-09-30,7,12.7
1980-10-31,7,21.3
1980-11-30,7,18.6
1980-12-31,7,137.4
1981-01-31,7,151.3
1981-02-28,7,140.3
1981-03-31,7,211.0
1981-04-30,7,73.3
1981-05-31,7,50.5
1981-06-30,7,24.0
1981-07-31,7,16.3
1981-08-31,7,10.2
1981-09-30,7,13.5
1981-10-31,7,84.9
1981-11-30,7,478.6
1981-12-31,7,336.2
1982-01-31,7,162.4
1982-02-28,7,297.5
1982-03-31,7,268.0
1982-04-30,7,416.1
1982-05-31,7,174.2
1982-06-30,7,65.4
1982-07-31,7,63.4
1982-08-31,7,43.8
1982-09-30,7,44.1
1982-10-31,7,108.6
1982-11-30,7,192.2
1982-12-31,7,277.2
1983-01-31,7,321.4
1983-02-28,7,414.5
1983-03-31,7,653.1
1983-04-30,7,250.1
1983-05-31,7,268.5
1983-06-30,7,152.3
1983-07-31,7,81.3
1983-08-31,7,65.4
1983-09-30,7,51.6
1983-10-31,7,51.0
1983-11-30,7,323.8
1983-12-31,7,482.3
1984-01-31,7,168.9
1984-02-29,7,176.4
1984-03-31,7,228.8
1984-04-30,7,130.0
1984-05-31,7,90.1
1984-06-30,7,59.6
1984-07-31,7,26.9
1984-08-31,7,21.8
1984-09-30,7,24.9
1984-10-31,7,48.4
1984-11-30,7,219.3
1984-12-31,7,79.9
1985-01-31,7,55.7
1985-02-28,7,98.3
1985-03-31,7,135.1
1985-04-30,7,124.9
1985-05-31,7,47.1
1985-06-30,7,25.1
1985-07-31,7,14.4
1985-08-31,7,12.5
1985-09-30,7,37.9
1985-10-31,7,21.7
1985-11-30,7,61.9
1985-12-31,7,80.1
1986-01-31,7,237.6
1986-02-28,7,767.7
1986-03-31,7,334.5
1986-04-30,7,105.6
1986-05-31,7,98.2
1986-06-30,7,48.8
1986-07-31,7,36.2
1986-08-31,7,23.6
1986-09-30,7,61.2
1986-10-31,7,32.9
1986-11-30,7,30.6
1986-12-31,7,47.3
1987-01-31,7,80.9
1987-02-28,7,166.2
1987-03-31,7,282.4
1987-04-30,7,112.4
1987-05-31,7,56.7
1987-06-30,7,22.1
1987-07-31,7,17.9
1987-08-31,7,11.6
1987-09-30,7,8.3
1987-10-31,7,12.1
1987-11-30,7,36.0
1987-12-31,7,235.7
1988-01-31,7,155.4
1988-02-29,7,87.5
1988-03-31,7,120.6
1988-04-30,7,83.4
1988-05-31,7,61.3
1988-06-30,7,36.9
1988-07-31,7,13.6
1988-08-31,7,9.8
1988-09-30,7,5.9
1988-10-31,7,8.0
1988-11-30,7,154.2
1988-12-31,7,53.8
1989-01-31,7,59.2
1989-02-28,7,90.7
1989-03-31,7,513.3
1989-04-30,7,152.8
1989-05-31,7,49.5
1989-06-30,7,37.1
1989-07-31,7,24.8
1989-08-31,7,20.0
1989-09-30,7,37.7
1989-10-31,7,99.2
1989-11-30,7,40.0
1989-12-31,7,29.7
1990-01-31,7,152.6
1990-02-28,7,61.2
1990-03-31,7,165.5
1990-04-30,7,55.4
1990-05-31,7,76.4
1990-06-30,7,56.8
1990-07-31,7,13.4
1990-08-31,7,11.1
1990-09-30,7,9.9
1990-10-31,7,12.2
1990-11-30,7,21.0
1990-12-31,7,18.1
1991-01-31,7,17.3
1991-02-28,7,56.1
1991-03-31,7,280.1
1991-04-30,7,164.3
1991-05-31,7,81.6
1991-06-30,7,24.3
1991-07-31,7,19.6
1991-08-31,7,9.4
1991-09-30,7,8.7
1991-10-31,7,20.1
1991-11-30,7,31.5
1991-12-31,7,63.8
1992-01-31,7,53.8
1992-02-29,7,267.5
1992-03-31,7,174.0
1992-04-30,7,83.5
1992-05-31,7,33.2
1992-06-30,7,25.5
1992-07-31,7,22.7
1992-08-31,7,8.1
1992-09-30,7,5.4
1992-10-31,7,28.9
1992-11-30,7,31.9
1992-12-31,7,129.8
1993-01-31,7,263.1
1993-02-28,7,258.0
1993-03-31,7,318.5
1993-04-30,7,257.3
1993-05-31,7,268.1
1993-06-30,7,183.9
1993-07-31,7,47.0
1993-08-31,7,41.9
1993-09-30,7,30.4
1993-10-31,7,55.2
1993-11-30,7,41.8
1993-12-31,7,130.5
1994-01-31,7,101.3
1994-02-28,7,151.0
1994-03-31,7,151.7
1994-04-30,7,88.6
1994-05-31,7,62.2
1994-06-30,7,20.9
1994-07-31,7,12.4
1994-08-31,7,8.8
1994-09-30,7,8.8
1994-10-31,7,12.7
1994-11-30,7,55.7
1994-12-31,7,103.9
1995-01-31,7,704.3
1995-02-28,7,169.0
1995-03-31,7,658.6
1995-04-30,7,351.9
1995-05-31,7,366.6
1995-06-30,7,135.2
1995-07-31,7,64.6
1995-08-31,7,54.8
1995-09-30,7,39.8
1995-10-31,7,37.4
1995-11-30,7,35.3
1995-12-31,7,208.1
1996-01-31,7,209.7
1996-02-29,7,394.8
1996-03-31,7,243.1
1996-04-30,7,239.0
1996-05-31,7,197.2
1996-06-30,7,62.1
1996-07-31,7,34.6
1996-08-31,7,21.7
1996-09-30,7,28.0
1996-10-31,7,31.2
1996-11-30,7,99.5
1996-12-31,7,525.0
1997-01-31,7,616.0
1997-02-28,7,125.0
1997-03-31,7,157.3
1997-04-30,7,87.1
1997-05-31,7,58.1
1997-06-30,7,53.1
1997-07-31,7,28.6
1997-08-31,7,22.4
1997-09-30,7,21.6
1997-10-31,7,40.5
1997-11-30,7,117.9
1997-12-31,7,132.6
1998-01-31,7,442.6
1998-02-28,7,506.7
1998-03-31,7,275.2
1998-04-30,7,231.7
1998-05-31,7,358.4
1998-06-30,7,230.7
1998-07-31,7,82.5
1998-08-31,7,64.7
1998-09-30,7,55.9
1998-10-31,7,62.6
1998-11-30,7,188.1
1998-12-31,7,191.5
1999-01-31,7,187.3
1999-02-28,7,308.7
1999-03-31,7,233.2
1999-04-30,7,198.8
1999-05-31,7,139.9
1999-06-30,7,61.3
1999-07-31,7,31.7
1999-08-31,7,26.5
1999-09-30,7,20.1
1999-10-31,7,31.3
1999-11-30,7,95.8
1999-12-31,7,57.9
2000-01-31,7,220.3
2000-02-29,7,400.3
2000-03-31,7,257.8
2000-04-30,7,172.7
2000-05-31,7,75.5
2000-06-30,7,53.8
2000-07-31,7,32.2
2000-08-31,7,19.4
2000-09-30,7,20.6
2000-10-31,7,42.3
2000-11-30,7,35.2
2000-12-31,7,49.3
2001-01-31,7,82.8
2001-02-28,7,128.3
2001-03-31,7,183.2
2001-04-30,7,131.6
2001-05-31,7,50.8
2001-06-30,7,25.1
2001-07-31,7,14.6
2001-08-31,7,10.8
2001-09-30,7,12.5
2001-10-31,7,13.4
2001-11-30,7,121.1
2001-12-31,7,187.4
2002-01-31,7,203.8
2002-02-28,7,121.8
2002-03-31,7,154.0
2002-04-30,7,155.6
2002-05-31,7,62.7
2002-06-30,7,32.9
2002-07-31,7,21.3
2002-08-31,7,17.0
2002-09-30,7,11.9
2002-10-31,7,10.6
2002-11-30,7,76.6
2002-12-31,7,412.1
2003-01-31,7,339.5
2003-02-28,7,135.6
2003-03-31,7,226.0
2003-04-30,7,236.7
2003-05-31,7,204.7
2003-06-30,7,63.4
2003-07-31,7,41.2
2003-08-31,7,34.4
2003-09-30,7,22.1
2003-10-31,7,17.6
2003-11-30,7,50.2
2003-12-31,7,217.0
2004-01-31,7,135.1
2004-02-29,7,371.3
2004-03-31,7,197.4
2004-04-30,7,142.0
2004-05-31,7,70.6
2004-06-30,7,47.5
2004-07-31,7,23.3
2004-08-31,7,15.1
2004-09-30,7,13.1
2004-10-31,7,62.7
2004-11-30,7,45.8
2004-12-31,7,131.1
2005-01-31,7,157.3
2005-02-28,7,140.9
2005-03-31,7,225.1
2005-04-30,7,146.3
2005-05-31,7,208.2
2005-06-30,7,69.4
2005-07-31,7,35.8
2005-08-31,7,23.2
2005-09-30,7,15.3
2005-10-31,7,20.6
2005-11-30,7,92.3
2005-12-31,7,511.6
2006-01-31,7,325.2
2006-02-28,7,227.9
2006-03-31,7,396.6
2006-04-30,7,470.2
2006-05-31,7,286.8
2006-06-30,7,112.7
2006-07-31,7,64.4
2006-08-31,7,58.1
2006-09-30,7,40.8
2006-10-31,7,37.3
2006-11-30,7,67.5
2006-12-31,7,152.4
2007-01-31,7,52.2
2007-02-28,7,237.7
2007-03-31,7,134.3
2007-04-30,7,85.3
2007-05-31,7,38.1
2007-06-30,7,19.5
2007-07-31,7,17.4
2007-08-31,7,11.8
2007-09-30,7,15.1
2007-10-31,7,30.3
2007-11-30,7,22.4
2007-12-31,7,64.1
2008-01-31,7,150.3
2008-02-29,7,132.2
2008-03-31,7,128.9
2008-04-30,7,120.9
2008-05-31,7,115.0
2008-06-30,7,26.4
2008-07-31,7,17.4
2008-08-31,7,14.7
2008-09-30,7,11.1
2008-10-31,7,23.2
2008-11-30,7,81.9
2008-12-31,7,43.0
2009-01-31,7,79.3
2009-02-28,7,269.5
2009-03-31,7,268.1
2009-04-30,7,120.0
2009-05-31,7,104.6
2009-06-30,7,40.8
2009-07-31,7,23.4
2009-08-31,7,16.8
2009-09-30,7,12.0
2009-10-31,7,34.1
2009-11-30,7,37.1
2009-12-31,7,79.1
2010-01-31,7,243.4
2010-02-28,7,175.7
2010-03-31,7,165.7
2010-04-30,7,224.7
2010-05-31,7,208.3
2010-06-30,7,93.4
2010-07-31,7,40.0
2010-08-31,7,26.9
2010-09-30,7,24.3
2010-10-31,7,68.3
2010-11-30,7,77.5
2010-12-31,7,291.1
2011-01-31,7,110.3
2011-02-28,7,172.2
2011-03-31,7,394.8
2011-04-30,7,225.3
2011-05-31,7,293.6
2011-06-30,7,165.7
2011-07-31,7,68.8
2011-08-31,7,47.2
2011-09-30,7,33.0
2011-10-31,7,53.0
2011-11-30,7,52.6
2011-12-31,7,30.6
2012-01-31,7,101.1
2012-02-29,7,69.6
2012-03-31,7,207.6
2012-04-30,7,166.0
2012-05-31,7,43.8
2012-06-30,7,22.9
2012-07-31,7,12.5
2012-08-31,7,10.3
2012-09-30,7,8.9
2012-10-31,7,14.7
2012-11-30,7,66.1
2012-12-31,7,322.0
2013-01-31,7,84.7
2013-02-28,7,59.8
2013-03-31,7,90.3
2013-04-30,7,56.2
2013-05-31,7,23.8
2013-06-30,7,18.8
2013-07-31,7,10.8
2013-08-31,7,9.3
2013-09-30,7,10.5
2013-10-31,7,5.1
2013-11-30,7,10.4
2013-12-31,7,5.7
2014-01-31,7,6.1
2014-02-28,7,84.0
2014-03-31,7,144.7
2014-04-30,7,70.9
2014-05-31,7,9.3
2014-06-30,7,8.8
2014-07-31,7,6.3
2014-08-31,7,4.5
2014-09-30,7,5.2
1921-10-31,8,71.5
1921-11-30,8,76.2
1921-12-31,8,337.7
1922-01-31,8,247.4
1922-02-28,8,404.3
1922-03-31,8,473.8
1922-04-30,8,703.9
1922-05-31,8,1042.4
1922-06-30,8,553.5
1922-07-31,8,314.6
1922-08-31,8,150.4
1922-09-30,8,84.9
1922-10-31,8,117.8
1922-11-30,8,185.1
1922-12-31,8,422.6
1923-01-31,8,318.4
1923-02-28,8,298.2
1923-03-31,8,441.6
1923-04-30,8,672.8
1923-05-31,8,376.8
1923-06-30,8,259.2
1923-07-31,8,133.3
1923-08-31,8,78.2
1923-09-30,8,82.8
1923-10-31,8,86.9
1923-11-30,8,55.6
1923-12-31,8,70.0
1924-01-31,8,96.2
1924-02-29,8,379.0
1924-03-31,8,133.8
1924-04-30,8,216.4
1924-05-31,8,110.6
1924-06-30,8,71.4
1924-07-31,8,60.6
1924-08-31,8,50.6
1924-09-30,8,40.4
1924-10-31,8,93.0
1924-11-30,8,161.5
1924-12-31,8,182.8
1925-01-31,8,234.9
1925-02-28,8,731.9
1925-03-31,8,530.0
1925-04-30,8,624.3
1925-05-31,8,416.2
1925-06-30,8,235.4
1925-07-31,8,111.1
1925-08-31,8,75.5
1925-09-30,8,71.2
1925-10-31,8,81.6
1925-11-30,8,85.3
1925-12-31,8,117.5
1926-01-31,8,180.4
1926-02-28,8,653.3
1926-03-31,8,546.1
1926-04-30,8,866.4
1926-05-31,8,400.5
1926-06-30,8,177.2
1926-07-31,8,101.1
1926-08-31,8,70.8
1926-09-30,8,57.3
1926-10-31,8,95.0
1926-11-30,8,540.3
1926-12-31,8,294.6
1927-01-31,8,394.5
1927-02-28,8,767.7
1927-03-31,8,720.3
1927-04-30,8,830.4
1927-05-31,8,556.3
1927-06-30,8,361.1
1927-07-31,8,179.4
1927-08-31,8,96.8
1927-09-30,8,67.5
1927-10-31,8,88.8
1927-11-30,8,430.0
1927-12-31,8,244.5
1928-01-31,8,257.4
1928-02-29,8,333.9
1928-03-31,8,1034.7
1928-04-30,8,685.5
1928-05-31,8,412.0
1928-06-30,8,228.8
1928-07-31,8,117.8
1928-08-31,8,76.3
1928-09-30,8,60.2
1928-10-31,8,55.6
1928-11-30,8,119.5
1928-12-31,8,107.3
1929-01-31,8,102.8
1929-02-28,8,199.4
1929-03-31,8,305.5
1929-04-30,8,343.4
1929-05-31,8,287.5
1929-06-30,8,244.5
1929-07-31,8,111.8
1929-08-31,8,69.5
1929-09-30,8,57.0
1929-10-31,8,52.0
1929-11-30,8,40.4
1929-12-31,8,854.5
1930-01-31,8,391.6
1930-02-28,8,455.6
1930-03-31,8,744.7
1930-04-30,8,604.1
1930-05-31,8,409.2
1930-06-30,8,205.2
1930-07-31,8,106.9
1930-08-31,8,72.5
1930-09-30,8,63.4
1930-10-31,8,60.0
1930-11-30,8,89.8
1930-12-31,8,56.9
1931-01-31,8,190.6
1931-02-28,8,170.3
1931-03-31,8,381.5
1931-04-30,8,210.8
1931-05-31,8,163.1
1931-06-30,8,118.5
1931-07-31,8,66.9
1931-08-31,8,53.7
1931-09-30,8,43.3
1931-10-31,8,83.3
1931-11-30,8,94.9
1931-12-31,8,236.2
1932-01-31,8,207.6
1932-02-29,8,214.7
1932-03-31,8,580.7
1932-04-30,8,633.3
1932-05-31,8,556.9
1932-06-30,8,344.2
1932-07-31,8,173.3
1932-08-31,8,88.9
1932-09-30,8,64.2
1932-10-31,8,61.2
1932-11-30,8,66.1
1932-12-31,8,76.4
1933-01-31,8,128.3
1933-02-28,8,157.0
1933-03-31,8,488.8
1933-04-30,8,513.6
1933-05-31,8,422.5
1933-06-30,8,248.5
1933-07-31,8,120.3
1933-08-31,8,76.0
1933-09-30,8,61.3
1933-10-31,8,121.9
1933-11-30,8,93.6
1933-12-31,8,311.1
1934-01-31,8,428.0
1934-02-28,8,514.7
1934-03-31,8,445.6
1934-04-30,8,313.7
1934-05-31,8,194.4
1934-06-30,8,114.9
1934-07-31,8,69.6
1934-08-31,8,57.2
1934-09-30,8,46.7
1934-10-31,8,61.5
1934-11-30,8,211.1
1934-12-31,8,190.5
1935-01-31,8,433.5
1935-02-28,8,330.2
1935-03-31,8,439.3
1935-04-30,8,1184.1
1935-05-31,8,743.3
1935-06-30,8,418.8
1935-07-31,8,223.4
1935-08-31,8,116.0
1935-09-30,8,74.9
1935-10-31,8,95.1
1935-11-30,8,68.2
1935-12-31,8,112.9
1936-01-31,8,829.1
1936-02-29,8,977.2
1936-03-31,8,681.4
1936-04-30,8,660.2
1936-05-31,8,406.4
1936-06-30,8,263.6
1936-07-31,8,119.2
1936-08-31,8,73.8
1936-09-30,8,64.8
1936-10-31,8,54.3
1936-11-30,8,43.7
1936-12-31,8,46.7
1937-01-31,8,64.0
1937-02-28,8,251.1
1937-03-31,8,533.3
1937-04-30,8,770.0
1937-05-31,8,729.2
1937-06-30,8,418.4
1937-07-31,8,211.5
1937-08-31,8,105.5
1937-09-30,8,70.2
1937-10-31,8,109.2
1937-11-30,8,412.1
1937-12-31,8,1108.3
1938-01-31,8,460.3
1938-02-28,8,749.3
1938-03-31,8,844.3
1938-04-30,8,1013.7
1938-05-31,8,1100.1
1938-06-30,8,575.5
1938-07-31,8,339.4
1938-08-31,8,162.9
1938-09-30,8,99.1
1938-10-31,8,109.7
1938-11-30,8,100.0
1938-12-31,8,127.5
1939-01-31,8,123.0
1939-02-28,8,112.9
1939-03-31,8,394.2
1939-04-30,8,331.4
1939-05-31,8,242.4
1939-06-30,8,118.3
1939-07-31,8,70.7
1939-08-31,8,58.5
1939-09-30,8,48.0
1939-10-31,8,59.9
1939-11-30,8,44.6
1939-12-31,8,143.0
1940-01-31,8,1023.6
1940-02-29,8,1227.4
1940-03-31,8,1381.8
1940-04-30,8,936.3
1940-05-31,8,560.8
1940-06-30,8,323.9
1940-07-31,8,157.2
1940-08-31,8,88.9
1940-09-30,8,70.2
1940-10-31,8,100.5
1940-11-30,8,236.5
1940-12-31,8,712.5
1941-01-31,8,756.8
1941-02-28,8,1082.3
1941-03-31,8,1039.6
1941-04-30,8,918.6
1941-05-31,8,741.2
1941-06-30,8,405.2
1941-07-31,8,218.2
1941-08-31,8,110.7
1941-09-30,8,77.0
1941-10-31,8,73.1
1941-11-30,8,148.6
1941-12-31,8,839.0
1942-01-31,8,823.8
1942-02-28,8,817.5
1942-03-31,8,593.0
1942-04-30,8,963.7
1942-05-31,8,815.9
1942-06-30,8,463.8
1942-07-31,8,262.3
1942-08-31,8,128.0
1942-09-30,8,77.1
1942-10-31,8,68.6
1942-11-30,8,228.4
1942-12-31,8,321.8
1943-01-31,8,913.4
1943-02-28,8,661.5
1943-03-31,8,1011.6
1943-04-30,8,770.6
1943-05-31,8,514.7
1943-06-30,8,344.4
1943-07-31,8,154.3
1943-08-31,8,83.4
1943-09-30,8,63.0
1943-10-31,8,62.6
1943-11-30,8,91.7
1943-12-31,8,102.0
1944-01-31,8,202.4
1944-02-29,8,311.4
1944-03-31,8,560.1
1944-04-30,8,555.9
1944-05-31,8,463.2
1944-06-30,8,255.7
1944-07-31,8,128.5
1944-08-31,8,79.0
1944-09-30,8,60.7
1944-10-31,8,88.7
1944-11-30,8,439.1
1944-12-31,8,370.8
1945-01-31,8,244.9
1945-02-28,8,930.9
1945-03-31,8,483.0
1945-04-30,8,547.7
1945-05-31,8,500.5
1945-06-30,8,278.1
1945-07-31,8,139.9
1945-08-31,8,81.0
1945-09-30,8,61.8
1945-10-31,8,155.8
1945-11-30,8,302.9
1945-12-31,8,782.0
1946-01-31,8,505.4
1946-02-28,8,280.9
1946-03-31,8,534.0
1946-04-30,8,620.6
1946-05-31,8,465.1
1946-06-30,8,240.7
1946-07-31,8,128.1
1946-08-31,8,76.9
1946-09-30,8,62.4
1946-10-31,8,63.3
1946-11-30,8,279.7
1946-12-31,8,307.3
1947-01-31,8,109.2
1947-02-28,8,564.1
1947-03-31,8,709.4
1947-04-30,8,482.6
1947-05-31,8,238.4
1947-06-30,8,163.2
1947-07-31,8,82.5
1947-08-31,8,63.1
1947-09-30,8,51.8
1947-10-31,8,175.3
1947-11-30,8,178.2
1947-12-31,8,85.1
1948-01-31,8,636.7
1948-02-29,8,170.2
1948-03-31,8,329.3
1948-04-30,8,817.6
1948-05-31,8,711.6
1948-06-30,8,474.6
1948-07-31,8,248.5
1948-08-31,8,129.3
1948-09-30,8,80.2
1948-10-31,8,66.7
1948-11-30,8,142.1
1948-12-31,8,133.4
1949-01-31,8,83.0
1949-02-28,8,136.1
1949-03-31,8,447.3
1949-04-30,8,673.6
1949-05-31,8,510.1
1949-06-30,8,285.1
1949-07-31,8,142.7
1949-08-31,8,84.9
1949-09-30,8,65.2
1949-10-31,8,59.2
1949-11-30,8,104.4
1949-12-31,8,77.1
1950-01-31,8,270.0
1950-02-28,8,762.9
1950-03-31,8,707.4
1950-04-30,8,808.8
1950-05-31,8,627.8
1950-06-30,8,345.7
1950-07-31,8,183.8
1950-08-31,8,102.1
1950-09-30,8,72.7
1950-10-31,8,248.4
1950-11-30,8,780.0
1950-12-31,8,1125.7
1951-01-31,8,687.9
1951-02-28,8,713.6
1951-03-31,8,692.8
1951-04-30,8,543.4
1951-05-31,8,490.4
1951-06-30,8,248.2
1951-07-31,8,129.5
1951-08-31,8,79.0
1951-09-30,8,61.0
1951-10-31,8,114.7
1951-11-30,8,222.7
1951-12-31,8,640.8
1952-01-31,8,497.1
1952-02-29,8,611.6
1952-03-31,8,539.0
1952-04-30,8,1138.8
1952-05-31,8,1327.8
1952-06-30,8,770.8
1952-07-31,8,428.9
1952-08-31,8,233.0
1952-09-30,8,120.4
1952-10-31,8,86.8
1952-11-30,8,111.4
1952-12-31,8,406.1
1953-01-31,8,1289.6
1953-02-28,8,463.7
1953-03-31,8,558.0
1953-04-30,8,659.4
1953-05-31,8,541.0
1953-06-30,8,353.0
1953-07-31,8,184.2
1953-08-31,8,103.6
1953-09-30,8,66.8
1953-10-31,8,91.7
1953-11-30,8,189.4
1953-12-31,8,168.9
1954-01-31,8,484.5
1954-02-28,8,723.5
1954-03-31,8,861.7
1954-04-30,8,825.1
1954-05-31,8,453.7
1954-06-30,8,256.5
1954-07-31,8,126.0
1954-08-31,8,79.8
1954-09-30,8,61.9
1954-10-31,8,57.8
1954-11-30,8,181.7
1954-12-31,8,368.2
1955-01-31,8,200.9
1955-02-28,8,153.0
1955-03-31,8,327.3
1955-04-30,8,372.6
1955-05-31,8,474.8
1955-06-30,8,274.6
1955-07-31,8,138.5
1955-08-31,8,78.0
1955-09-30,8,62.7
1955-10-31,8,70.9
1955-11-30,8,114.8
1955-12-31,8,1668.9
1956-01-31,8,1258.9
1956-02-29,8,678.0
1956-03-31,8,738.8
1956-04-30,8,754.7
1956-05-31,8,840.9
1956-06-30,8,478.2
1956-07-31,8,269.6
1956-08-31,8,144.6
1956-09-30,8,90.6
1956-10-31,8,118.0
1956-11-30,8,129.7
1956-12-31,8,83.4
1957-01-31,8,155.0
1957-02-28,8,553.1
1957-03-31,8,741.4
1957-04-30,8,544.9
1957-05-31,8,538.7
1957-06-30,8,272.4
1957-07-31,8,136.7
1957-08-31,8,82.2
1957-09-30,8,78.6
1957-10-31,8,148.3
1957-11-30,8,143.2
1957-12-31,8,377.5
1958-01-31,8,485.4
1958-02-28,8,1075.2
1958-03-31,8,829.9
1958-04-30,8,1040.3
1958-05-31,8,864.5
1958-06-30,8,503.0
1958-07-31,8,290.5
1958-08-31,8,142.7
1958-09-30,8,84.2
1958-10-31,8,78.2
1958-11-30,8,81.7
1958-12-31,8,96.4
1959-01-31,8,570.3
1959-02-28,8,505.2
1959-03-31,8,568.5
1959-04-30,8,395.2
1959-05-31,8,270.6
1959-06-30,8,132.4
1959-07-31,8,79.1
1959-08-31,8,63.4
1959-09-30,8,78.7
1959-10-31,8,53.2
1959-11-30,8,39.4
1959-12-31,8,55.6
1960-01-31,8,247.2
1960-02-29,8,776.1
1960-03-31,8,900.5
1960-04-30,8,577.6
1960-05-31,8,426.5
1960-06-30,8,221.6
1960-07-31,8,108.3
1960-08-31,8,72.8
1960-09-30,8,61.6
1960-10-31,8,61.1
1960-11-30,8,204.0
1960-12-31,8,283.0
1961-01-31,8,245.4
1961-02-28,8,537.1
1961-03-31,8,539.1
1961-04-30,8,436.9
1961-05-31,8,353.2
1961-06-30,8,212.2
1961-07-31,8,103.8
1961-08-31,8,69.8
1961-09-30,8,57.6
1961-10-31,8,50.9
1961-11-30,8,99.9
1961-12-31,8,270.6
1962-01-31,8,161.7
1962-02-28,8,680.7
1962-03-31,8,515.1
1962-04-30,8,879.7
1962-05-31,8,633.4
1962-06-30,8,372.7
1962-07-31,8,194.8
1962-08-31,8,109.3
1962-09-30,8,69.6
1962-10-31,8,1002.6
1962-11-30,8,261.9
1962-12-31,8,622.4
1963-01-31,8,419.8
1963-02-28,8,1019.8
1963-03-31,8,550.5
1963-04-30,8,938.2
1963-05-31,8,582.1
1963-06-30,8,298.5
1963-07-31,8,157.9
1963-08-31,8,91.2
1963-09-30,8,72.5
1963-10-31,8,94.2
1963-11-30,8,350.9
1963-12-31,8,206.0
1964-01-31,8,312.3
1964-02-29,8,220.3
1964-03-31,8,330.5
1964-04-30,8,415.0
1964-05-31,8,350.5
1964-06-30,8,240.3
1964-07-31,8,115.6
1964-08-31,8,71.0
1964-09-30,8,63.1
1964-10-31,8,57.9
1964-11-30,8,242.4
1964-12-31,8,1721.3
1965-01-31,8,1263.8
1965-02-28,8,581.7
1965-03-31,8,720.5
1965-04-30,8,806.8
1965-05-31,8,521.9
1965-06-30,8,332.8
1965-07-31,8,167.9
1965-08-31,8,127.8
1965-09-30,8,73.3
1965-10-31,8,61.5
1965-11-30,8,321.2
1965-12-31,8,213.0
1966-01-31,8,358.3
1966-02-28,8,232.8
1966-03-31,8,570.2
1966-04-30,8,630.0
1966-05-31,8,368.0
1966-06-30,8,180.5
1966-07-31,8,97.8
1966-08-31,8,68.9
1966-09-30,8,57.8
1966-10-31,8,50.5
1966-11-30,8,410.5
1966-12-31,8,738.2
1967-01-31,8,906.1
1967-02-28,8,733.8
1967-03-31,8,791.4
1967-04-30,8,564.1
1967-05-31,8,871.9
1967-06-30,8,585.7
1967-07-31,8,339.8
1967-08-31,8,169.6
1967-09-30,8,96.3
1967-10-31,8,119.6
1967-11-30,8,97.4
1967-12-31,8,186.2
1968-01-31,8,330.5
1968-02-29,8,756.0
1968-03-31,8,797.4
1968-04-30,8,573.0
1968-05-31,8,389.1
1968-06-30,8,208.5
1968-07-31,8,109.4
1968-08-31,8,87.7
1968-09-30,8,63.2
1968-10-31,8,122.4
1968-11-30,8,218.1
1968-12-31,8,294.2
1969-01-31,8,1227.8
1969-02-28,8,624.4
1969-03-31,8,657.3
1969-04-30,8,1016.6
1969-05-31,8,1058.0
1969-06-30,8,581.5
1969-07-31,8,338.7
1969-08-31,8,172.4
1969-09-30,8,93.5
1969-10-31,8,127.8
1969-11-30,8,144.4
1969-12-31,8,759.8
1970-01-31,8,2039.3
1970-02-28,8,991.0
1970-03-31,8,832.4
1970-04-30,8,474.8
1970-05-31,8,360.5
1970-06-30,8,214.9
1970-07-31,8,116.6
1970-08-31,8,72.4
1970-09-30,8,58.8
1970-10-31,8,92.4
1970-11-30,8,459.0
1970-12-31,8,575.0
1971-01-31,8,391.3
1971-02-28,8,327.5
1971-03-31,8,817.0
1971-04-30,8,783.6
1971-05-31,8,602.7
1971-06-30,8,426.1
1971-07-31,8,248.0
1971-08-31,8,121.1
1971-09-30,8,81.7
1971-10-31,8,72.4
1971-11-30,8,109.4
1971-12-31,8,125.9
1972-01-31,8,176.4
1972-02-29,8,358.4
1972-03-31,8,692.6
1972-04-30,8,596.9
1972-05-31,8,360.5
1972-06-30,8,188.3
1972-07-31,8,100.1
1972-08-31,8,70.4
1972-09-30,8,65.4
1972-10-31,8,130.1
1972-11-30,8,272.3
1972-12-31,8,231.3
1973-01-31,8,717.0
1973-02-28,8,675.2
1973-03-31,8,561.9
1973-04-30,8,728.0
1973-05-31,8,658.5
1973-06-30,8,358.0
1973-07-31,8,197.9
1973-08-31,8,106.0
1973-09-30,8,85.2
1973-10-31,8,143.9
1973-11-30,8,1052.9
1973-12-31,8,668.3
1974-01-31,8,993.9
1974-02-28,8,488.8
1974-03-31,8,1209.4
1974-04-30,8,1066.5
1974-05-31,8,719.0
1974-06-30,8,419.6
1974-07-31,8,273.2
1974-08-31,8,128.8
1974-09-30,8,74.7
1974-10-31,8,83.8
1974-11-30,8,111.7
1974-12-31,8,155.8
1975-01-31,8,148.1
1975-02-28,8,550.0
1975-03-31,8,710.0
1975-04-30,8,474.9
1975-05-31,8,749.9
1975-06-30,8,434.4
1975-07-31,8,256.0
1975-08-31,8,149.3
1975-09-30,8,83.4
1975-10-31,8,187.1
1975-11-30,8,165.2
1975-12-31,8,145.3
1976-01-31,8,78.2
1976-02-29,8,152.8
1976-03-31,8,250.7
1976-04-30,8,225.9
1976-05-31,8,132.4
1976-06-30,8,82.2
1976-07-31,8,63.2
1976-08-31,8,64.5
1976-09-30,8,54.8
1976-10-31,8,45.4
1976-11-30,8,62.4
1976-12-31,8,38.5
1977-01-31,8,56.3
1977-02-28,8,56.4
1977-03-31,8,65.8
1977-04-30,8,99.6
1977-05-31,8,117.5
1977-06-30,8,61.7
1977-07-31,8,51.8
1977-08-31,8,43.3
1977-09-30,8,45.8
1977-10-31,8,40.0
1977-11-30,8,63.4
1977-12-31,8,406.0
1978-01-31,8,1301.6
1978-02-28,8,753.1
1978-03-31,8,1376.2
1978-04-30,8,995.9
1978-05-31,8,758.9
1978-06-30,8,395.1
1978-07-31,8,212.4
1978-08-31,8,113.4
1978-09-30,8,103.4
1978-10-31,8,65.8
1978-11-30,8,87.2
1978-12-31,8,80.7
1979-01-31,8,290.4
1979-02-28,8,420.1
1979-03-31,8,652.3
1979-04-30,8,557.2
1979-05-31,8,556.7
1979-06-30,8,300.6
1979-07-31,8,152.7
1979-08-31,8,91.5
1979-09-30,8,68.2
1979-10-31,8,181.0
1979-11-30,8,203.0
1979-12-31,8,216.2
1980-01-31,8,1334.8
1980-02-29,8,1144.9
1980-03-31,8,736.5
1980-04-30,8,625.9
1980-05-31,8,522.5
1980-06-30,8,323.3
1980-07-31,8,171.2
1980-08-31,8,89.6
1980-09-30,8,70.8
1980-10-31,8,65.7
1980-11-30,8,67.0
1980-12-31,8,326.2
1981-01-31,8,360.3
1981-02-28,8,545.7
1981-03-31,8,702.3
1981-04-30,8,576.8
1981-05-31,8,398.8
1981-06-30,8,200.6
1981-07-31,8,108.2
1981-08-31,8,71.1
1981-09-30,8,73.7
1981-10-31,8,191.9
1981-11-30,8,1208.8
1981-12-31,8,1235.4
1982-01-31,8,699.8
1982-02-28,8,1144.3
1982-03-31,8,1030.5
1982-04-30,8,1415.3
1982-05-31,8,841.6
1982-06-30,8,422.0
1982-07-31,8,245.6
1982-08-31,8,119.6
1982-09-30,8,98.9
1982-10-31,8,245.1
1982-11-30,8,363.2
1982-12-31,8,438.2
1983-01-31,8,819.1
1983-02-28,8,1334.0
1983-03-31,8,1769.5
1983-04-30,8,1030.9
1983-05-31,8,1167.5
1983-06-30,8,908.0
1983-07-31,8,462.4
1983-08-31,8,264.5
1983-09-30,8,146.7
1983-10-31,8,138.2
1983-11-30,8,766.9
1983-12-31,8,1066.3
1984-01-31,8,531.7
1984-02-29,8,548.3
1984-03-31,8,954.0
1984-04-30,8,680.8
1984-05-31,8,546.4
1984-06-30,8,368.6
1984-07-31,8,177.8
1984-08-31,8,99.5
1984-09-30,8,69.9
1984-10-31,8,101.4
1984-11-30,8,416.4
1984-12-31,8,229.1
1985-01-31,8,133.0
1985-02-28,8,281.6
1985-03-31,8,346.5
1985-04-30,8,618.7
1985-05-31,8,346.5
1985-06-30,8,186.6
1985-07-31,8,99.8
1985-08-31,8,70.2
1985-09-30,8,97.5
1985-10-31,8,76.9
1985-11-30,8,119.0
1985-12-31,8,270.7
1986-01-31,8,742.5
1986-02-28,8,2306.7
1986-03-31,8,1516.1
1986-04-30,8,734.8
1986-05-31,8,549.1
1986-06-30,8,328.7
1986-07-31,8,168.8
1986-08-31,8,91.4
1986-09-30,8,145.8
1986-10-31,8,99.7
1986-11-30,8,67.8
1986-12-31,8,77.2
1987-01-31,8,125.6
1987-02-28,8,353.3
1987-03-31,8,574.0
1987-04-30,8,393.3
1987-05-31,8,251.4
1987-06-30,8,121.5
1987-07-31,8,81.0
1987-08-31,8,62.9
1987-09-30,8,51.3
1987-10-31,8,45.9
1987-11-30,8,72.8
1987-12-31,8,358.1
1988-01-31,8,281.5
1988-02-29,8,335.0
1988-03-31,8,398.4
1988-04-30,8,288.2
1988-05-31,8,201.8
1988-06-30,8,118.7
1988-07-31,8,72.1
1988-08-31,8,59.6
1988-09-30,8,47.4
1988-10-31,8,39.4
1988-11-30,8,314.9
1988-12-31,8,157.4
1989-01-31,8,174.6
1989-02-28,8,215.9
1989-03-31,8,1341.7
1989-04-30,8,771.3
1989-05-31,8,440.2
1989-06-30,8,259.1
1989-07-31,8,120.3
1989-08-31,8,81.5
1989-09-30,8,89.7
1989-10-31,8,219.0
1989-11-30,8,125.8
1989-12-31,8,93.3
1990-01-31,8,268.6
1990-02-28,8,166.6
1990-03-31,8,473.5
1990-04-30,8,366.3
1990-05-31,8,335.8
1990-06-30,8,245.1
1990-07-31,8,104.7
1990-08-31,8,73.7
1990-09-30,8,59.4
1990-10-31,8,57.7
1990-11-30,8,53.5
1990-12-31,8,59.4
1991-01-31,8,46.5
1991-02-28,8,82.9
1991-03-31,8,588.0
1991-04-30,8,498.1
1991-05-31,8,338.5
1991-06-30,8,190.1
1991-07-31,8,107.8
1991-08-31,8,73.3
1991-09-30,8,58.2
1991-10-31,8,72.9
1991-11-30,8,81.3
1991-12-31,8,109.0
1992-01-31,8,154.7
1992-02-29,8,529.8
1992-03-31,8,585.0
1992-04-30,8,422.1
1992-05-31,8,222.3
1992-06-30,8,135.1
1992-07-31,8,88.8
1992-08-31,8,64.2
1992-09-30,8,51.7
1992-10-31,8,89.2
1992-11-30,8,77.1
1992-12-31,8,246.1
1993-01-31,8,515.5
1993-02-28,8,452.8
1993-03-31,8,1057.9
1993-04-30,8,1092.1
1993-05-31,8,1094.9
1993-06-30,8,722.8
1993-07-31,8,377.6
1993-08-31,8,199.8
1993-09-30,8,101.2
1993-10-31,8,116.8
1993-11-30,8,93.4
1993-12-31,8,267.9
1994-01-31,8,196.1
1994-02-28,8,269.8
1994-03-31,8,605.1
1994-04-30,8,334.9
1994-05-31,8,265.3
1994-06-30,8,126.8
1994-07-31,8,75.1
1994-08-31,8,60.7
1994-09-30,8,50.0
1994-10-31,8,50.7
1994-11-30,8,122.8
1994-12-31,8,252.6
1995-01-31,8,1792.3
1995-02-28,8,828.9
1995-03-31,8,1884.5
1995-04-30,8,1278.5
1995-05-31,8,1302.6
1995-06-30,8,800.1
1995-07-31,8,447.4
1995-08-31,8,243.7
1995-09-30,8,120.2
1995-10-31,8,78.1
1995-11-30,8,68.2
1995-12-31,8,565.8
1996-01-31,8,467.5
1996-02-29,8,1203.3
1996-03-31,8,983.0
1996-04-30,8,881.1
1996-05-31,8,756.3
1996-06-30,8,373.4
1996-07-31,8,209.1
1996-08-31,8,105.0
1996-09-30,8,81.1
1996-10-31,8,78.4
1996-11-30,8,219.8
1996-12-31,8,1271.1
1997-01-31,8,2085.9
1997-02-28,8,652.5
1997-03-31,8,800.7
1997-04-30,8,540.4
1997-05-31,8,391.7
1997-06-30,8,247.8
1997-07-31,8,120.2
1997-08-31,8,75.9
1997-09-30,8,68.2
1997-10-31,8,104.6
1997-11-30,8,247.2
1997-12-31,8,319.9
1998-01-31,8,1112.9
1998-02-28,8,1059.6
1998-03-31,8,1020.7
1998-04-30,8,966.7
1998-05-31,8,928.7
1998-06-30,8,739.3
1998-07-31,8,407.5
1998-08-31,8,220.4
1998-09-30,8,125.9
1998-10-31,8,98.2
1998-11-30,8,364.5
1998-12-31,8,434.8
1999-01-31,8,507.7
1999-02-28,8,748.9
1999-03-31,8,760.7
1999-04-30,8,686.0
1999-05-31,8,616.0
1999-06-30,8,393.7
1999-07-31,8,216.3
1999-08-31,8,115.6
1999-09-30,8,70.7
1999-10-31,8,87.3
1999-11-30,8,164.9
1999-12-31,8,127.0
2000-01-31,8,538.2
2000-02-29,8,1031.0
2000-03-31,8,971.3
2000-04-30,8,785.1
2000-05-31,8,533.8
2000-06-30,8,306.1
2000-07-31,8,161.4
2000-08-31,8,91.9
2000-09-30,8,68.5
2000-10-31,8,110.0
2000-11-30,8,84.0
2000-12-31,8,106.3
2001-01-31,8,154.7
2001-02-28,8,229.4
2001-03-31,8,512.1
2001-04-30,8,338.5
2001-05-31,8,198.4
2001-06-30,8,103.0
2001-07-31,8,75.9
2001-08-31,8,61.1
2001-09-30,8,49.6
2001-10-31,8,50.7
2001-11-30,8,213.2
2001-12-31,8,512.3
2002-01-31,8,519.2
2002-02-28,8,469.2
2002-03-31,8,645.3
2002-04-30,8,527.1
2002-05-31,8,369.6
2002-06-30,8,182.0
2002-07-31,8,101.9
2002-08-31,8,69.7
2002-09-30,8,57.0
2002-10-31,8,48.9
2002-11-30,8,255.8
2002-12-31,8,1021.8
2003-01-31,8,1127.8
2003-02-28,8,564.4
2003-03-31,8,730.3
2003-04-30,8,698.8
2003-05-31,8,663.4
2003-06-30,8,313.4
2003-07-31,8,160.0
2003-08-31,8,106.9
2003-09-30,8,69.5
2003-10-31,8,59.3
2003-11-30,8,92.4
2003-12-31,8,404.5
2004-01-31,8,349.1
2004-02-29,8,802.6
2004-03-31,8,929.3
2004-04-30,8,640.2
2004-05-31,8,423.2
2004-06-30,8,219.8
2004-07-31,8,110.4
2004-08-31,8,71.7
2004-09-30,8,58.5
2004-10-31,8,155.3
2004-11-30,8,148.2
2004-12-31,8,590.4
2005-01-31,8,429.7
2005-02-28,8,491.5
2005-03-31,8,972.0
2005-04-30,8,871.3
2005-05-31,8,1101.4
2005-06-30,8,595.0
2005-07-31,8,326.2
2005-08-31,8,162.8
2005-09-30,8,89.7
2005-10-31,8,76.9
2005-11-30,8,151.3
2005-12-31,8,1484.2
2006-01-31,8,1259.0
2006-02-28,8,937.3
2006-03-31,8,1134.1
2006-04-30,8,1539.6
2006-05-31,8,1107.8
2006-06-30,8,610.5
2006-07-31,8,362.0
2006-08-31,8,190.1
2006-09-30,8,92.6
2006-10-31,8,74.1
2006-11-30,8,122.2
2006-12-31,8,296.0
2007-01-31,8,163.8
2007-02-28,8,597.6
2007-03-31,8,551.2
2007-04-30,8,417.9
2007-05-31,8,298.1
2007-06-30,8,165.6
2007-07-31,8,82.2
2007-08-31,8,62.1
2007-09-30,8,54.0
2007-10-31,8,78.0
2007-11-30,8,62.3
2007-12-31,8,137.6
2008-01-31,8,303.7
2008-02-29,8,353.8
2008-03-31,8,390.2
2008-04-30,8,350.9
2008-05-31,8,388.4
2008-06-30,8,235.5
2008-07-31,8,127.1
2008-08-31,8,69.0
2008-09-30,8,55.8
2008-10-31,8,99.4
2008-11-30,8,207.5
2008-12-31,8,100.9
2009-01-31,8,220.3
2009-02-28,8,624.7
2009-03-31,8,904.1
2009-04-30,8,523.5
2009-05-31,8,695.9
2009-06-30,8,327.8
2009-07-31,8,152.7
2009-08-31,8,82.3
2009-09-30,8,62.3
2009-10-31,8,143.9
2009-11-30,8,74.8
2009-12-31,8,145.5
2010-01-31,8,630.5
2010-02-28,8,540.8
2010-03-31,8,626.1
2010-04-30,8,812.3
2010-05-31,8,789.7
2010-06-30,8,520.8
2010-07-31,8,307.4
2010-08-31,8,146.8
2010-09-30,8,80.9
2010-10-31,8,254.7
2010-11-30,8,251.9
2010-12-31,8,947.1
2011-01-31,8,502.1
2011-02-28,8,556.0
2011-03-31,8,1195.4
2011-04-30,8,930.4
2011-05-31,8,893.1
2011-06-30,8,627.3
2011-07-31,8,309.3
2011-08-31,8,155.2
2011-09-30,8,88.2
2011-10-31,8,147.1
2011-11-30,8,82.9
2011-12-31,8,60.0
2012-01-31,8,223.1
2012-02-29,8,152.8
2012-03-31,8,799.6
2012-04-30,8,762.0
2012-05-31,8,417.2
2012-06-30,8,202.6
2012-07-31,8,108.4
2012-08-31,8,75.4
2012-09-30,8,58.7
2012-10-31,8,70.6
2012-11-30,8,450.1
2012-12-31,8,1356.1
2013-01-31,8,515.1
2013-02-28,8,369.2
2013-03-31,8,446.6
2013-04-30,8,319.4
2013-05-31,8,172.0
2013-06-30,8,111.8
2013-07-31,8,74.8
2013-08-31,8,57.3
2013-09-30,8,56.1
2013-10-31,8,42.5
2013-11-30,8,52.4
2013-12-31,8,35.3
2014-01-31,8,31.9
2014-02-28,8,415.4
2014-03-31,8,708.1
2014-04-30,8,422.8
2014-05-31,8,184.3
2014-06-30,8,96.0
2014-07-31,8,70.6
2014-08-31,8,63.4
2014-09-30,8,46.8
1921-10-31,9,6.8
1921-11-30,9,16.5
1921-12-31,9,225.0
1922-01-31,9,78.3
1922-02-28,9,326.5
1922-03-31,9,281.8
1922-04-30,9,337.9
1922-05-31,9,884.6
1922-06-30,9,470.7
1922-07-31,9,29.3
1922-08-31,9,13.8
1922-09-30,9,10.4
1922-10-31,9,17.1
1922-11-30,9,156.6
1922-12-31,9,478.9
1923-01-31,9,143.3
1923-02-28,9,64.4
1923-03-31,9,124.9
1923-04-30,9,372.7
1923-05-31,9,290.8
1923-06-30,9,211.0
1923-07-31,9,29.8
1923-08-31,9,13.8
1923-09-30,9,50.7
1923-10-31,9,26.7
1923-11-30,9,16.7
1923-12-31,9,36.0
1924-01-31,9,84.7
1924-02-29,9,281.3
1924-03-31,9,37.4
1924-04-30,9,114.2
1924-05-31,9,66.6
1924-06-30,9,16.0
1924-07-31,9,12.5
1924-08-31,9,8.5
1924-09-30,9,3.6
1924-10-31,9,122.6
1924-11-30,9,136.3
1924-12-31,9,185.6
1925-01-31,9,140.5
1925-02-28,9,581.5
1925-03-31,9,203.5
1925-04-30,9,411.3
1925-05-31,9,400.0
1925-06-30,9,189.6
1925-07-31,9,20.0
1925-08-31,9,13.9
1925-09-30,9,13.8
1925-10-31,9,30.5
1925-11-30,9,77.9
1925-12-31,9,79.8
1926-01-31,9,251.6
1926-02-28,9,432.4
1926-03-31,9,175.4
1926-04-30,9,566.9
1926-05-31,9,211.4
1926-06-30,9,23.1
1926-07-31,9,13.5
1926-08-31,9,10.5
1926-09-30,9,5.4
1926-10-31,9,58.4
1926-11-30,9,609.3
1926-12-31,9,81.9
1927-01-31,9,272.2
1927-02-28,9,529.3
1927-03-31,9,246.0
1927-04-30,9,463.7
1927-05-31,9,535.2
1927-06-30,9,423.7
1927-07-31,9,40.6
1927-08-31,9,13.9
1927-09-30,9,10.8
1927-10-31,9,35.9
1927-11-30,9,342.3
1927-12-31,9,105.3
1928-01-31,9,98.3
1928-02-29,9,137.6
1928-03-31,9,929.7
1928-04-30,9,268.6
1928-05-31,9,320.5
1928-06-30,9,54.5
1928-07-31,9,14.5
1928-08-31,9,11.6
1928-09-30,9,6.8
1928-10-31,9,3.5
1928-11-30,9,39.8
1928-12-31,9,60.1
1929-01-31,9,33.5
1929-02-28,9,106.5
1929-03-31,9,157.7
1929-04-30,9,216.9
1929-05-31,9,318.5
1929-06-30,9,218.7
1929-07-31,9,20.7
1929-08-31,9,13.0
1929-09-30,9,9.1
1929-10-31,9,4.6
1929-11-30,9,2.4
1929-12-31,9,756.3
1930-01-31,9,163.6
1930-02-28,9,183.6
1930-03-31,9,320.8
1930-04-30,9,359.1
1930-05-31,9,210.5
1930-06-30,9,173.9
1930-07-31,9,17.4
1930-08-31,9,12.6
1930-09-30,9,10.1
1930-10-31,9,6.8
1930-11-30,9,75.8
1930-12-31,9,19.6
1931-01-31,9,140.9
1931-02-28,9,117.6
1931-03-31,9,263.6
1931-04-30,9,179.5
1931-05-31,9,154.3
1931-06-30,9,60.2
1931-07-31,9,15.2
1931-08-31,9,12.1
1931-09-30,9,8.7
1931-10-31,9,103.7
1931-11-30,9,48.0
1931-12-31,9,251.0
1932-01-31,9,76.7
1932-02-29,9,161.6
1932-03-31,9,316.3
1932-04-30,9,435.2
1932-05-31,9,593.0
1932-06-30,9,309.9
1932-07-31,9,27.2
1932-08-31,9,13.5
1932-09-30,9,10.2
1932-10-31,9,5.7
1932-11-30,9,9.0
1932-12-31,9,13.2
1933-01-31,9,39.6
1933-02-28,9,20.9
1933-03-31,9,291.2
1933-04-30,9,313.7
1933-05-31,9,349.1
1933-06-30,9,213.0
1933-07-31,9,18.8
1933-08-31,9,13.0
1933-09-30,9,9.6
1933-10-31,9,174.2
1933-11-30,9,28.1
1933-12-31,9,275.5
1934-01-31,9,183.9
1934-02-28,9,322.8
1934-03-31,9,256.8
1934-04-30,9,153.7
1934-05-31,9,55.8
1934-06-30,9,43.2
1934-07-31,9,14.5
1934-08-31,9,11.4
1934-09-30,9,16.4
1934-10-31,9,47.7
1934-11-30,9,229.5
1934-12-31,9,124.3
1935-01-31,9,214.6
1935-02-28,9,217.3
1935-03-31,9,177.7
1935-04-30,9,834.7
1935-05-31,9,459.4
1935-06-30,9,187.4
1935-07-31,9,17.2
1935-08-31,9,12.7
1935-09-30,9,8.8
1935-10-31,9,30.6
1935-11-30,9,11.2
1935-12-31,9,65.5
1936-01-31,9,662.5
1936-02-29,9,860.5
1936-03-31,9,255.6
1936-04-30,9,398.2
1936-05-31,9,353.7
1936-06-30,9,239.6
1936-07-31,9,19.1
1936-08-31,9,12.9
1936-09-30,9,9.8
1936-10-31,9,6.8
1936-11-30,9,4.3
1936-12-31,9,12.5
1937-01-31,9,14.5
1937-02-28,9,205.6
1937-03-31,9,405.1
1937-04-30,9,433.8
1937-05-31,9,696.5
1937-06-30,9,211.9
1937-07-31,9,20.9
1937-08-31,9,13.4
1937-09-30,9,9.8
1937-10-31,9,35.0
1937-11-30,9,305.3
1937-12-31,9,789.0
1938-01-31,9,277.5
1938-02-28,9,476.0
1938-03-31,9,576.2
1938-04-30,9,469.6
1938-05-31,9,719.3
1938-06-30,9,548.3
1938-07-31,9,39.1
1938-08-31,9,15.2
1938-09-30,9,11.6
1938-10-31,9,44.0
1938-11-30,9,44.6
1938-12-31,9,69.9
1939-01-31,9,101.0
1939-02-28,9,35.7
1939-03-31,9,301.3
1939-04-30,9,283.0
1939-05-31,9,193.3
1939-06-30,9,23.0
1939-07-31,9,13.8
1939-08-31,9,10.9
1939-09-30,9,6.1
1939-10-31,9,49.1
1939-11-30,9,14.7
1939-12-31,9,77.5
1940-01-31,9,836.0
1940-02-29,9,956.2
1940-03-31,9,801.6
1940-04-30,9,264.9
1940-05-31,9,419.5
1940-06-30,9,200.2
1940-07-31,9,17.1
1940-08-31,9,12.6
1940-09-30,9,8.9
1940-10-31,9,21.3
1940-11-30,9,144.8
1940-12-31,9,654.5
1941-01-31,9,410.1
1941-02-28,9,605.6
1941-03-31,9,325.9
1941-04-30,9,358.7
1941-05-31,9,549.8
1941-06-30,9,388.4
1941-07-31,9,60.8
1941-08-31,9,15.2
1941-09-30,9,12.1
1941-10-31,9,14.0
1941-11-30,9,113.1
1941-12-31,9,679.0
1942-01-31,9,545.8
1942-02-28,9,420.7
1942-03-31,9,163.4
1942-04-30,9,584.4
1942-05-31,9,541.2
1942-06-30,9,438.6
1942-07-31,9,78.5
1942-08-31,9,14.6
1942-09-30,9,11.5
1942-10-31,9,7.9
1942-11-30,9,283.9
1942-12-31,9,329.7
1943-01-31,9,701.5
1943-02-28,9,205.6
1943-03-31,9,584.2
1943-04-30,9,426.6
1943-05-31,9,411.8
1943-06-30,9,218.7
1943-07-31,9,26.2
1943-08-31,9,13.5
1943-09-30,9,10.5
1943-10-31,9,19.1
1943-11-30,9,26.3
1943-12-31,9,49.8
1944-01-31,9,164.6
1944-02-29,9,273.0
1944-03-31,9,228.4
1944-04-30,9,258.2
1944-05-31,9,390.4
1944-06-30,9,120.4
1944-07-31,9,18.8
1944-08-31,9,13.5
1944-09-30,9,10.6
1944-10-31,9,189.4
1944-11-30,9,296.4
1944-12-31,9,264.0
1945-01-31,9,118.7
1945-02-28,9,644.7
1945-03-31,9,145.1
1945-04-30,9,306.7
1945-05-31,9,402.1
1945-06-30,9,184.4
1945-07-31,9,18.9
1945-08-31,9,13.0
1945-09-30,9,9.8
1945-10-31,9,192.9
1945-11-30,9,185.9
1945-12-31,9,728.3
1946-01-31,9,148.8
1946-02-28,9,102.1
1946-03-31,9,203.1
1946-04-30,9,370.2
1946-05-31,9,408.8
1946-06-30,9,70.1
1946-07-31,9,16.0
1946-08-31,9,12.8
1946-09-30,9,11.9
1946-10-31,9,7.8
1946-11-30,9,202.6
1946-12-31,9,172.5
1947-01-31,9,21.4
1947-02-28,9,310.1
1947-03-31,9,508.2
1947-04-30,9,220.6
1947-05-31,9,171.6
1947-06-30,9,113.8
1947-07-31,9,15.2
1947-08-31,9,11.8
1947-09-30,9,7.2
1947-10-31,9,232.9
1947-11-30,9,68.8
1947-12-31,9,20.4
1948-01-31,9,439.9
1948-02-29,9,53.2
1948-03-31,9,189.4
1948-04-30,9,534.4
1948-05-31,9,511.2
1948-06-30,9,301.2
1948-07-31,9,26.1
1948-08-31,9,14.0
1948-09-30,9,10.9
1948-10-31,9,7.1
1948-11-30,9,89.0
1948-12-31,9,73.6
1949-01-31,9,18.5
1949-02-28,9,44.2
1949-03-31,9,357.5
1949-04-30,9,509.8
1949-05-31,9,347.4
1949-06-30,9,43.5
1949-07-31,9,15.3
1949-08-31,9,12.1
1949-09-30,9,8.5
1949-10-31,9,5.8
1949-11-30,9,48.4
1949-12-31,9,22.0
1950-01-31,9,291.2
1950-02-28,9,367.2
1950-03-31,9,354.7
1950-04-30,9,481.1
1950-05-31,9,511.6
1950-06-30,9,171.8
1950-07-31,9,18.7
1950-08-31,9,13.1
1950-09-30,9,9.9
1950-10-31,9,193.1
1950-11-30,9,974.7
1950-12-31,9,832.8
1951-01-31,9,344.3
1951-02-28,9,242.3
1951-03-31,9,228.4
1951-04-30,9,386.9
1951-05-31,9,408.5
1951-06-30,9,100.5
1951-07-31,9,16.2
1951-08-31,9,12.5
1951-09-30,9,8.6
1951-10-31,9,125.1
1951-11-30,9,223.9
1951-12-31,9,465.3
1952-01-31,9,256.9
1952-02-29,9,332.1
1952-03-31,9,201.0
1952-04-30,9,637.4
1952-05-31,9,904.3
1952-06-30,9,553.7
1952-07-31,9,145.5
1952-08-31,9,18.7
1952-09-30,9,13.1
1952-10-31,9,10.7
1952-11-30,9,33.8
1952-12-31,9,235.3
1953-01-31,9,673.4
1953-02-28,9,74.5
1953-03-31,9,274.3
1953-04-30,9,516.9
1953-05-31,9,376.4
1953-06-30,9,335.3
1953-07-31,9,112.6
1953-08-31,9,15.6
1953-09-30,9,12.2
1953-10-31,9,28.6
1953-11-30,9,156.6
1953-12-31,9,74.5
1954-01-31,9,347.6
1954-02-28,9,349.6
1954-03-31,9,411.7
1954-04-30,9,592.5
1954-05-31,9,217.7
1954-06-30,9,59.2
1954-07-31,9,15.6
1954-08-31,9,12.3
1954-09-30,9,8.4
1954-10-31,9,5.8
1954-11-30,9,133.1
1954-12-31,9,307.3
1955-01-31,9,72.5
1955-02-28,9,60.3
1955-03-31,9,141.4
1955-04-30,9,223.4
1955-05-31,9,456.0
1955-06-30,9,133.5
1955-07-31,9,18.0
1955-08-31,9,12.9
1955-09-30,9,10.9
1955-10-31,9,8.5
1955-11-30,9,38.7
1955-12-31,9,1606.3
1956-01-31,9,621.8
1956-02-29,9,163.9
1956-03-31,9,196.3
1956-04-30,9,374.6
1956-05-31,9,626.9
1956-06-30,9,418.5
1956-07-31,9,54.2
1956-08-31,9,15.6
1956-09-30,9,13.6
1956-10-31,9,111.8
1956-11-30,9,21.1
1956-12-31,9,36.0
1957-01-31,9,104.9
1957-02-28,9,600.7
1957-03-31,9,442.8
1957-04-30,9,320.2
1957-05-31,9,600.3
1957-06-30,9,104.0
1957-07-31,9,16.9
1957-08-31,9,12.7
1957-09-30,9,19.7
1957-10-31,9,101.5
1957-11-30,9,132.8
1957-12-31,9,300.2
1958-01-31,9,342.1
1958-02-28,9,700.6
1958-03-31,9,339.3
1958-04-30,9,497.3
1958-05-31,9,803.9
1958-06-30,9,438.2
1958-07-31,9,48.6
1958-08-31,9,15.4
1958-09-30,9,13.3
1958-10-31,9,11.3
1958-11-30,9,20.3
1958-12-31,9,47.9
1959-01-31,9,366.8
1959-02-28,9,224.9
1959-03-31,9,255.5
1959-04-30,9,296.5
1959-05-31,9,147.5
1959-06-30,9,31.8
1959-07-31,9,14.4
1959-08-31,9,11.9
1959-09-30,9,71.3
1959-10-31,9,11.4
1959-11-30,9,10.3
1959-12-31,9,31.4
1960-01-31,9,206.5
1960-02-29,9,580.4
1960-03-31,9,538.7
1960-04-30,9,300.1
1960-05-31,9,310.6
1960-06-30,9,166.8
1960-07-31,9,16.8
1960-08-31,9,12.7
1960-09-30,9,9.4
1960-10-31,9,6.3
1960-11-30,9,133.6
1960-12-31,9,111.5
1961-01-31,9,182.5
1961-02-28,9,204.9
1961-03-31,9,282.9
1961-04-30,9,208.9
1961-05-31,9,281.7
1961-06-30,9,102.7
1961-07-31,9,16.6
1961-08-31,9,12.7
1961-09-30,9,9.4
1961-10-31,9,9.0
1961-11-30,9,106.9
1961-12-31,9,110.8
1962-01-31,9,82.1
1962-02-28,9,608.2
1962-03-31,9,213.3
1962-04-30,9,536.9
1962-05-31,9,347.6
1962-06-30,9,240.8
1962-07-31,9,20.7
1962-08-31,9,14.2
1962-09-30,9,11.4
1962-10-31,9,1097.8
1962-11-30,9,97.9
1962-12-31,9,389.1
1963-01-31,9,661.0
1963-02-28,9,423.9
1963-03-31,9,219.8
1963-04-30,9,497.4
1963-05-31,9,514.9
1963-06-30,9,195.4
1963-07-31,9,20.8
1963-08-31,9,13.6
1963-09-30,9,11.6
1963-10-31,9,51.9
1963-11-30,9,425.4
1963-12-31,9,47.4
1964-01-31,9,200.7
1964-02-29,9,49.7
1964-03-31,9,131.8
1964-04-30,9,227.8
1964-05-31,9,299.7
1964-06-30,9,191.1
1964-07-31,9,20.8
1964-08-31,9,14.6
1964-09-30,9,11.1
1964-10-31,9,16.1
1964-11-30,9,182.4
1964-12-31,9,1540.4
1965-01-31,9,386.3
1965-02-28,9,160.9
1965-03-31,9,228.1
1965-04-30,9,464.4
1965-05-31,9,360.9
1965-06-30,9,347.1
1965-07-31,9,42.6
1965-08-31,9,69.5
1965-09-30,9,16.1
1965-10-31,9,13.5
1965-11-30,9,241.1
1965-12-31,9,88.9
1966-01-31,9,129.8
1966-02-28,9,74.9
1966-03-31,9,272.4
1966-04-30,9,475.2
1966-05-31,9,175.8
1966-06-30,9,19.9
1966-07-31,9,13.8
1966-08-31,9,11.3
1966-09-30,9,7.1
1966-10-31,9,4.5
1966-11-30,9,400.9
1966-12-31,9,422.2
1967-01-31,9,585.5
1967-02-28,9,128.5
1967-03-31,9,344.3
1967-04-30,9,165.1
1967-05-31,9,744.8
1967-06-30,9,621.7
1967-07-31,9,139.1
1967-08-31,9,16.1
1967-09-30,9,12.7
1967-10-31,9,42.7
1967-11-30,9,54.0
1967-12-31,9,59.7
1968-01-31,9,179.9
1968-02-29,9,474.7
1968-03-31,9,349.7
1968-04-30,9,207.2
1968-05-31,9,191.6
1968-06-30,9,66.2
1968-07-31,9,15.9
1968-08-31,9,27.9
1968-09-30,9,11.2
1968-10-31,9,77.3
1968-11-30,9,246.9
1968-12-31,9,217.7
1969-01-31,9,1035.8
1969-02-28,9,248.5
1969-03-31,9,212.9
1969-04-30,9,550.5
1969-05-31,9,776.5
1969-06-30,9,354.2
1969-07-31,9,41.1
1969-08-31,9,14.4
1969-09-30,9,11.5
1969-10-31,9,65.6
1969-11-30,9,53.7
1969-12-31,9,640.4
1970-01-31,9,1343.2
1970-02-28,9,203.0
1970-03-31,9,230.1
1970-04-30,9,115.0
1970-05-31,9,328.7
1970-06-30,9,273.3
1970-07-31,9,21.7
1970-08-31,9,13.5
1970-09-30,9,10.7
1970-10-31,9,33.1
1970-11-30,9,512.0
1970-12-31,9,288.4
1971-01-31,9,129.0
1971-02-28,9,94.1
1971-03-31,9,463.4
1971-04-30,9,327.2
1971-05-31,9,395.0
1971-06-30,9,464.0
1971-07-31,9,105.5
1971-08-31,9,16.5
1971-09-30,9,24.3
1971-10-31,9,11.3
1971-11-30,9,55.3
1971-12-31,9,66.0
1972-01-31,9,67.1
1972-02-29,9,275.8
1972-03-31,9,366.8
1972-04-30,9,335.7
1972-05-31,9,307.9
1972-06-30,9,68.5
1972-07-31,9,15.3
1972-08-31,9,12.3
1972-09-30,9,28.5
1972-10-31,9,105.1
1972-11-30,9,268.8
1972-12-31,9,207.9
1973-01-31,9,519.0
1973-02-28,9,389.6
1973-03-31,9,176.9
1973-04-30,9,364.2
1973-05-31,9,694.5
1973-06-30,9,162.4
1973-07-31,9,18.0
1973-08-31,9,13.1
1973-09-30,9,21.4
1973-10-31,9,106.9
1973-11-30,9,908.4
1973-12-31,9,396.9
1974-01-31,9,463.2
1974-02-28,9,187.7
1974-03-31,9,652.0
1974-04-30,9,398.9
1974-05-31,9,554.9
1974-06-30,9,466.4
1974-07-31,9,180.8
1974-08-31,9,18.2
1974-09-30,9,12.4
1974-10-31,9,38.1
1974-11-30,9,38.5
1974-12-31,9,71.5
1975-01-31,9,104.1
1975-02-28,9,328.8
1975-03-31,9,336.8
1975-04-30,9,200.1
1975-05-31,9,746.2
1975-06-30,9,441.9
1975-07-31,9,26.0
1975-08-31,9,22.2
1975-09-30,9,12.9
1975-10-31,9,153.3
1975-11-30,9,94.6
1975-12-31,9,66.5
1976-01-31,9,29.1
1976-02-29,9,150.3
1976-03-31,9,51.1
1976-04-30,9,119.1
1976-05-31,9,137.3
1976-06-30,9,30.0
1976-07-31,9,14.4
1976-08-31,9,39.5
1976-09-30,9,24.9
1976-10-31,9,12.7
1976-11-30,9,25.6
1976-12-31,9,10.0
1977-01-31,9,19.5
1977-02-28,9,31.1
1977-03-31,9,27.3
1977-04-30,9,69.6
1977-05-31,9,149.3
1977-06-30,9,45.5
1977-07-31,9,16.2
1977-08-31,9,12.6
1977-09-30,9,14.9
1977-10-31,9,10.0
1977-11-30,9,60.3
1977-12-31,9,359.8
1978-01-31,9,673.7
1978-02-28,9,234.5
1978-03-31,9,612.5
1978-04-30,9,469.6
1978-05-31,9,586.3
1978-06-30,9,492.9
1978-07-31,9,80.3
1978-08-31,9,15.5
1978-09-30,9,68.0
1978-10-31,9,13.5
1978-11-30,9,25.8
1978-12-31,9,23.1
1979-01-31,9,223.1
1979-02-28,9,238.7
1979-03-31,9,346.0
1979-04-30,9,414.7
1979-05-31,9,606.4
1979-06-30,9,102.2
1979-07-31,9,18.1
1979-08-31,9,13.2
1979-09-30,9,10.8
1979-10-31,9,150.4
1979-11-30,9,158.5
1979-12-31,9,185.5
1980-01-31,9,864.2
1980-02-29,9,670.5
1980-03-31,9,207.1
1980-04-30,9,389.0
1980-05-31,9,395.9
1980-06-30,9,328.7
1980-07-31,9,121.5
1980-08-31,9,16.2
1980-09-30,9,12.3
1980-10-31,9,12.1
1980-11-30,9,34.6
1980-12-31,9,91.8
1981-01-31,9,179.3
1981-02-28,9,213.6
1981-03-31,9,337.2
1981-04-30,9,306.7
1981-05-31,9,217.0
1981-06-30,9,29.8
1981-07-31,9,14.6
1981-08-31,9,11.9
1981-09-30,9,13.7
1981-10-31,9,157.0
1981-11-30,9,1022.7
1981-12-31,9,992.5
1982-01-31,9,129.5
1982-02-28,9,580.5
1982-03-31,9,404.7
1982-04-30,9,739.4
1982-05-31,9,597.9
1982-06-30,9,414.5
1982-07-31,9,114.4
1982-08-31,9,16.6
1982-09-30,9,46.1
1982-10-31,9,294.0
1982-11-30,9,445.8
1982-12-31,9,317.8
1983-01-31,9,356.5
1983-02-28,9,542.6
1983-03-31,9,743.3
1983-04-30,9,328.6
1983-05-31,9,722.1
1983-06-30,9,801.1
1983-07-31,9,316.2
1983-08-31,9,28.9
1983-09-30,9,58.7
1983-10-31,9,140.2
1983-11-30,9,737.9
1983-12-31,9,564.8
1984-01-31,9,99.0
1984-02-29,9,255.7
1984-03-31,9,378.1
1984-04-30,9,288.8
1984-05-31,9,467.5
1984-06-30,9,311.3
1984-07-31,9,25.9
1984-08-31,9,15.0
1984-09-30,9,12.1
1984-10-31,9,35.7
1984-11-30,9,335.8
1984-12-31,9,65.3
1985-01-31,9,33.8
1985-02-28,9,112.1
1985-03-31,9,174.6
1985-04-30,9,428.6
1985-05-31,9,195.8
1985-06-30,9,42.9
1985-07-31,9,15.3
1985-08-31,9,12.5
1985-09-30,9,31.0
1985-10-31,9,19.0
1985-11-30,9,95.7
1985-12-31,9,178.3
1986-01-31,9,487.8
1986-02-28,9,1393.8
1986-03-31,9,695.3
1986-04-30,9,241.7
1986-05-31,9,352.6
1986-06-30,9,291.4
1986-07-31,9,20.5
1986-08-31,9,13.4
1986-09-30,9,101.2
1986-10-31,9,33.9
1986-11-30,9,21.2
1986-12-31,9,32.7
1987-01-31,9,107.1
1987-02-28,9,288.6
1987-03-31,9,291.0
1987-04-30,9,293.0
1987-05-31,9,133.1
1987-06-30,9,18.7
1987-07-31,9,14.0
1987-08-31,9,11.9
1987-09-30,9,8.3
1987-10-31,9,5.9
1987-11-30,9,43.0
1987-12-31,9,283.7
1988-01-31,9,197.6
1988-02-29,9,139.8
1988-03-31,9,167.4
1988-04-30,9,271.4
1988-05-31,9,198.6
1988-06-30,9,67.7
1988-07-31,9,18.1
1988-08-31,9,13.3
1988-09-30,9,10.7
1988-10-31,9,7.8
1988-11-30,9,345.6
1988-12-31,9,53.9
1989-01-31,9,70.8
1989-02-28,9,121.7
1989-03-31,9,1027.8
1989-04-30,9,537.9
1989-05-31,9,340.7
1989-06-30,9,134.7
1989-07-31,9,17.4
1989-08-31,9,18.7
1989-09-30,9,52.3
1989-10-31,9,240.9
1989-11-30,9,136.5
1989-12-31,9,23.2
1990-01-31,9,266.0
1990-02-28,9,61.8
1990-03-31,9,257.4
1990-04-30,9,292.4
1990-05-31,9,418.1
1990-06-30,9,76.0
1990-07-31,9,17.9
1990-08-31,9,13.1
1990-09-30,9,11.7
1990-10-31,9,11.2
1990-11-30,9,12.0
1990-12-31,9,26.5
1991-01-31,9,20.9
1991-02-28,9,80.3
1991-03-31,9,510.0
1991-04-30,9,290.1
1991-05-31,9,368.1
1991-06-30,9,215.3
1991-07-31,9,24.0
1991-08-31,9,17.5
1991-09-30,9,12.4
1991-10-31,9,92.0
1991-11-30,9,57.9
1991-12-31,9,96.4
1992-01-31,9,89.3
1992-02-29,9,390.5
1992-03-31,9,284.6
1992-04-30,9,297.3
1992-05-31,9,74.8
1992-06-30,9,74.7
1992-07-31,9,21.8
1992-08-31,9,13.2
1992-09-30,9,10.3
1992-10-31,9,117.0
1992-11-30,9,27.3
1992-12-31,9,220.9
1993-01-31,9,512.7
1993-02-28,9,263.2
1993-03-31,9,619.0
1993-04-30,9,477.9
1993-05-31,9,714.0
1993-06-30,9,447.1
1993-07-31,9,47.4
1993-08-31,9,16.5
1993-09-30,9,12.4
1993-10-31,9,33.2
1993-11-30,9,81.7
1993-12-31,9,163.3
1994-01-31,9,105.9
1994-02-28,9,166.7
1994-03-31,9,205.2
1994-04-30,9,214.9
1994-05-31,9,175.7
1994-06-30,9,25.1
1994-07-31,9,14.5
1994-08-31,9,12.0
1994-09-30,9,8.5
1994-10-31,9,11.3
1994-11-30,9,95.8
1994-12-31,9,243.0
1995-01-31,9,1121.4
1995-02-28,9,182.1
1995-03-31,9,1048.8
1995-04-30,9,558.5
1995-05-31,9,772.5
1995-06-30,9,608.8
1995-07-31,9,401.6
1995-08-31,9,31.4
1995-09-30,9,13.8
1995-10-31,9,11.9
1995-11-30,9,10.0
1995-12-31,9,554.8
1996-01-31,9,372.7
1996-02-29,9,724.1
1996-03-31,9,398.5
1996-04-30,9,581.0
1996-05-31,9,734.6
1996-06-30,9,110.7
1996-07-31,9,18.5
1996-08-31,9,13.3
1996-09-30,9,15.0
1996-10-31,9,20.0
1996-11-30,9,257.9
1996-12-31,9,1357.5
1997-01-31,9,1173.8
1997-02-28,9,107.5
1997-03-31,9,275.4
1997-04-30,9,212.7
1997-05-31,9,387.6
1997-06-30,9,165.2
1997-07-31,9,19.1
1997-08-31,9,13.9
1997-09-30,9,13.0
1997-10-31,9,61.9
1997-11-30,9,227.2
1997-12-31,9,161.5
1998-01-31,9,729.9
1998-02-28,9,510.3
1998-03-31,9,417.0
1998-04-30,9,409.8
1998-05-31,9,557.9
1998-06-30,9,541.3
1998-07-31,9,290.0
1998-08-31,9,19.6
1998-09-30,9,21.0
1998-10-31,9,21.3
1998-11-30,9,374.6
1998-12-31,9,159.3
1999-01-31,9,456.9
1999-02-28,9,487.0
1999-03-31,9,169.3
1999-04-30,9,270.9
1999-05-31,9,459.8
1999-06-30,9,353.4
1999-07-31,9,38.5
1999-08-31,9,17.1
1999-09-30,9,12.4
1999-10-31,9,53.7
1999-11-30,9,171.5
1999-12-31,9,44.3
2000-01-31,9,501.9
2000-02-29,9,649.1
2000-03-31,9,259.7
2000-04-30,9,437.2
2000-05-31,9,446.9
2000-06-30,9,119.2
2000-07-31,9,17.4
2000-08-31,9,13.0
2000-09-30,9,18.8
2000-10-31,9,78.4
2000-11-30,9,42.4
2000-12-31,9,76.8
2001-01-31,9,77.2
2001-02-28,9,106.7
2001-03-31,9,340.7
2001-04-30,9,269.1
2001-05-31,9,222.2
2001-06-30,9,20.4
2001-07-31,9,14.7
2001-08-31,9,12.2
2001-09-30,9,9.7
2001-10-31,9,28.8
2001-11-30,9,181.1
2001-12-31,9,414.7
2002-01-31,9,191.9
2002-02-28,9,261.1
2002-03-31,9,388.8
2002-04-30,9,343.0
2002-05-31,9,329.9
2002-06-30,9,99.2
2002-07-31,9,17.3
2002-08-31,9,13.1
2002-09-30,9,10.5
2002-10-31,9,7.7
2002-11-30,9,236.9
2002-12-31,9,662.9
2003-01-31,9,341.6
2003-02-28,9,162.1
2003-03-31,9,397.8
2003-04-30,9,356.3
2003-05-31,9,520.5
2003-06-30,9,150.9
2003-07-31,9,18.0
2003-08-31,9,18.8
2003-09-30,9,12.8
2003-10-31,9,13.4
2003-11-30,9,48.7
2003-12-31,9,409.4
2004-01-31,9,144.5
2004-02-29,9,396.9
2004-03-31,9,380.3
2004-04-30,9,309.8
2004-05-31,9,241.7
2004-06-30,9,36.5
2004-07-31,9,15.2
2004-08-31,9,12.6
2004-09-30,9,9.6
2004-10-31,9,121.8
2004-11-30,9,67.8
2004-12-31,9,266.2
2005-01-31,9,250.8
2005-02-28,9,220.2
2005-03-31,9,458.9
2005-04-30,9,267.5
2005-05-31,9,704.2
2005-06-30,9,306.5
2005-07-31,9,33.2
2005-08-31,9,14.3
2005-09-30,9,11.8
2005-10-31,9,18.3
2005-11-30,9,115.6
2005-12-31,9,1300.7
2006-01-31,9,310.0
2006-02-28,9,401.6
2006-03-31,9,379.9
2006-04-30,9,776.4
2006-05-31,9,681.3
2006-06-30,9,368.4
2006-07-31,9,27.4
2006-08-31,9,14.3
2006-09-30,9,11.8
2006-10-31,9,9.5
2006-11-30,9,72.1
2006-12-31,9,262.7
2007-01-31,9,81.5
2007-02-28,9,476.9
2007-03-31,9,220.2
2007-04-30,9,272.5
2007-05-31,9,186.1
2007-06-30,9,33.1
2007-07-31,9,14.9
2007-08-31,9,12.3
2007-09-30,9,9.5
2007-10-31,9,60.8
2007-11-30,9,40.6
2007-12-31,9,129.2
2008-01-31,9,187.5
2008-02-29,9,158.9
2008-03-31,9,216.9
2008-04-30,9,215.4
2008-05-31,9,331.0
2008-06-30,9,44.1
2008-07-31,9,16.5
2008-08-31,9,12.9
2008-09-30,9,10.2
2008-10-31,9,54.7
2008-11-30,9,142.1
2008-12-31,9,31.9
2009-01-31,9,115.9
2009-02-28,9,403.4
2009-03-31,9,418.2
2009-04-30,9,271.0
2009-05-31,9,561.6
2009-06-30,9,54.6
2009-07-31,9,15.3
2009-08-31,9,12.5
2009-09-30,9,9.6
2009-10-31,9,90.3
2009-11-30,9,29.3
2009-12-31,9,97.1
2010-01-31,9,318.2
2010-02-28,9,230.9
2010-03-31,9,244.6
2010-04-30,9,390.9
2010-05-31,9,416.8
2010-06-30,9,343.2
2010-07-31,9,35.1
2010-08-31,9,15.1
2010-09-30,9,12.1
2010-10-31,9,319.2
2010-11-30,9,157.2
2010-12-31,9,731.6
2011-01-31,9,116.9
2011-02-28,9,136.0
2011-03-31,9,479.1
2011-04-30,9,480.4
2011-05-31,9,524.5
2011-06-30,9,735.5
2011-07-31,9,309.8
2011-08-31,9,20.4
2011-09-30,9,13.5
2011-10-31,9,68.7
2011-11-30,9,17.4
2011-12-31,9,13.9
2012-01-31,9,201.3
2012-02-29,9,52.9
2012-03-31,9,540.0
2012-04-30,9,577.4
2012-05-31,9,324.3
2012-06-30,9,90.8
2012-07-31,9,17.0
2012-08-31,9,13.0
2012-09-30,9,10.7
2012-10-31,9,17.9
2012-11-30,9,370.0
2012-12-31,9,754.5
2013-01-31,9,59.9
2013-02-28,9,49.0
2013-03-31,9,231.4
2013-04-30,9,217.6
2013-05-31,9,95.0
2013-06-30,9,58.1
2013-07-31,9,16.1
2013-08-31,9,12.7
2013-09-30,9,20.7
2013-10-31,9,10.2
2013-11-30,9,18.7
2013-12-31,9,11.1
2014-01-31,9,27.5
2014-02-28,9,411.4
2014-03-31,9,384.8
2014-04-30,9,273.3
2014-05-31,9,82.5
2014-06-30,9,17.4
2014-07-31,9,13.3
2014-08-31,9,11.7
2014-09-30,9,10.7
1921-10-31,10,2.4
1921-11-30,10,4.0
1921-12-31,10,28.3
1922-01-31,10,31.4
1922-02-28,10,69.8
1922-03-31,10,78.4
1922-04-30,10,69.7
1922-05-31,10,33.9
1922-06-30,10,6.9
1922-07-31,10,3.5
1922-08-31,10,3.0
1922-09-30,10,2.6
1922-10-31,10,4.5
1922-11-30,10,25.4
1922-12-31,10,119.6
1923-01-31,10,43.2
1923-02-28,10,36.6
1923-03-31,10,16.5
1923-04-30,10,45.7
1923-05-31,10,6.5
1923-06-30,10,4.2
1923-07-31,10,2.0
1923-08-31,10,0.6
1923-09-30,10,0.7
1923-10-31,10,3.6
1923-11-30,10,2.8
1923-12-31,10,8.2
1924-01-31,10,12.2
1924-02-29,10,36.5
1924-03-31,10,4.5
1924-04-30,10,4.6
1924-05-31,10,1.0
1924-06-30,10,0.0
1924-07-31,10,0.0
1924-08-31,10,0.0
1924-09-30,10,0.0
1924-10-31,10,4.4
1924-11-30,10,12.8
1924-12-31,10,33.9
1925-01-31,10,26.3
1925-02-28,10,106.9
1925-03-31,10,15.5
1925-04-30,10,33.0
1925-05-31,10,7.0
1925-06-30,10,3.2
1925-07-31,10,0.5
1925-08-31,10,0.1
1925-09-30,10,0.5
1925-10-31,10,1.7
1925-11-30,10,5.6
1925-12-31,10,11.0
1926-01-31,10,36.4
1926-02-28,10,90.1
1926-03-31,10,11.4
1926-04-30,10,49.3
1926-05-31,10,4.8
1926-06-30,10,1.3
1926-07-31,10,0.2
1926-08-31,10,0.0
1926-09-30,10,0.1
1926-10-31,10,2.1
1926-11-30,10,76.3
1926-12-31,10,22.7
1927-01-31,10,46.6
1927-02-28,10,125.0
1927-03-31,10,49.3
1927-04-30,10,64.9
1927-05-31,10,12.0
1927-06-30,10,5.9
1927-07-31,10,2.9
1927-08-31,10,2.1
1927-09-30,10,2.8
1927-10-31,10,3.7
1927-11-30,10,34.6
1927-12-31,10,25.5
1928-01-31,10,29.4
1928-02-29,10,35.9
1928-03-31,10,135.2
1928-04-30,10,28.2
1928-05-31,10,6.5
1928-06-30,10,3.1
1928-07-31,10,1.6
1928-08-31,10,0.6
1928-09-30,10,0.7
1928-10-31,10,1.9
1928-11-30,10,5.1
1928-12-31,10,15.8
1929-01-31,10,15.8
1929-02-28,10,35.7
1929-03-31,10,26.8
1929-04-30,10,21.8
1929-05-31,10,4.2
1929-06-30,10,2.5
1929-07-31,10,1.0
1929-08-31,10,0.0
1929-09-30,10,0.0
1929-10-31,10,0.0
1929-11-30,10,0.0
1929-12-31,10,80.6
1930-01-31,10,24.1
1930-02-28,10,39.7
1930-03-31,10,56.6
1930-04-30,10,15.5
1930-05-31,10,6.1
1930-06-30,10,1.7
1930-07-31,10,0.2
1930-08-31,10,0.0
1930-09-30,10,0.1
1930-10-31,10,0.6
1930-11-30,10,5.1
1930-12-31,10,5.9
1931-01-31,10,29.1
1931-02-28,10,26.6
1931-03-31,10,24.5
1931-04-30,10,3.7
1931-05-31,10,1.2
1931-06-30,10,0.6
1931-07-31,10,0.3
1931-08-31,10,0.0
1931-09-30,10,0.0
1931-10-31,10,2.6
1931-11-30,10,6.2
1931-12-31,10,24.6
1932-01-31,10,27.4
1932-02-29,10,54.4
1932-03-31,10,69.7
1932-04-30,10,34.5
1932-05-31,10,13.1
1932-06-30,10,3.9
1932-07-31,10,1.2
1932-08-31,10,0.5
1932-09-30,10,0.5
1932-10-31,10,1.4
1932-11-30,10,2.2
1932-12-31,10,3.2
1933-01-31,10,4.3
1933-02-28,10,4.8
1933-03-31,10,71.7
1933-04-30,10,24.0
1933-05-31,10,14.5
1933-06-30,10,2.3
1933-07-31,10,0.2
1933-08-31,10,0.0
1933-09-30,10,0.0
1933-10-31,10,6.3
1933-11-30,10,3.9
1933-12-31,10,39.6
1934-01-31,10,45.8
1934-02-28,10,44.7
1934-03-31,10,11.6
1934-04-30,10,4.5
1934-05-31,10,2.4
1934-06-30,10,1.0
1934-07-31,10,0.1
1934-08-31,10,0.0
1934-09-30,10,0.0
1934-10-31,10,0.7
1934-11-30,10,26.2
1934-12-31,10,13.4
1935-01-31,10,36.7
1935-02-28,10,53.9
1935-03-31,10,40.3
1935-04-30,10,88.9
1935-05-31,10,10.3
1935-06-30,10,3.7
1935-07-31,10,2.1
1935-08-31,10,1.0
1935-09-30,10,1.2
1935-10-31,10,3.3
1935-11-30,10,4.8
1935-12-31,10,10.7
1936-01-31,10,114.7
1936-02-29,10,146.5
1936-03-31,10,37.6
1936-04-30,10,40.1
1936-05-31,10,8.8
1936-06-30,10,6.3
1936-07-31,10,2.6
1936-08-31,10,1.4
1936-09-30,10,1.9
1936-10-31,10,2.6
1936-11-30,10,3.7
1936-12-31,10,4.6
1937-01-31,10,4.9
1937-02-28,10,29.9
1937-03-31,10,106.4
1937-04-30,10,91.6
1937-05-31,10,15.1
1937-06-30,10,5.5
1937-07-31,10,2.5
1937-08-31,10,1.4
1937-09-30,10,1.9
1937-10-31,10,3.4
1937-11-30,10,29.3
1937-12-31,10,99.1
1938-01-31,10,43.8
1938-02-28,10,65.7
1938-03-31,10,113.4
1938-04-30,10,112.4
1938-05-31,10,38.9
1938-06-30,10,10.3
1938-07-31,10,7.0
1938-08-31,10,5.2
1938-09-30,10,5.2
1938-10-31,10,8.8
1938-11-30,10,11.8
1938-12-31,10,15.2
1939-01-31,10,13.0
1939-02-28,10,24.0
1939-03-31,10,53.8
1939-04-30,10,12.4
1939-05-31,10,4.6
1939-06-30,10,2.2
1939-07-31,10,0.3
1939-08-31,10,0.0
1939-09-30,10,0.0
1939-10-31,10,0.9
1939-11-30,10,1.3
1939-12-31,10,5.6
1940-01-31,10,124.0
1940-02-29,10,133.2
1940-03-31,10,113.0
1940-04-30,10,32.0
1940-05-31,10,8.8
1940-06-30,10,4.3
1940-07-31,10,2.3
1940-08-31,10,1.4
1940-09-30,10,2.3
1940-10-31,10,3.7
1940-11-30,10,17.9
1940-12-31,10,95.5
1941-01-31,10,82.4
1941-02-28,10,109.7
1941-03-31,10,54.7
1941-04-30,10,48.0
1941-05-31,10,19.7
1941-06-30,10,7.9
1941-07-31,10,4.6
1941-08-31,10,3.6
1941-09-30,10,4.0
1941-10-31,10,5.0
1941-11-30,10,13.0
1941-12-31,10,82.3
1942-01-31,10,100.2
1942-02-28,10,86.3
1942-03-31,10,43.7
1942-04-30,10,71.6
1942-05-31,10,32.9
1942-06-30,10,8.9
1942-07-31,10,4.4
1942-08-31,10,3.1
1942-09-30,10,3.6
1942-10-31,10,4.5
1942-11-30,10,42.4
1942-12-31,10,54.4
1943-01-31,10,130.4
1943-02-28,10,57.4
1943-03-31,10,103.5
1943-04-30,10,22.8
1943-05-31,10,10.9
1943-06-30,10,7.6
1943-07-31,10,3.8
1943-08-31,10,2.3
1943-09-30,10,2.2
1943-10-31,10,3.7
1943-11-30,10,5.8
1943-12-31,10,10.6
1944-01-31,10,24.4
1944-02-29,10,57.9
1944-03-31,10,57.9
1944-04-30,10,20.9
1944-05-31,10,6.0
1944-06-30,10,3.4
1944-07-31,10,0.8
1944-08-31,10,0.1
1944-09-30,10,0.0
1944-10-31,10,4.0
1944-11-30,10,48.9
1944-12-31,10,39.7
1945-01-31,10,21.1
1945-02-28,10,114.0
1945-03-31,10,29.0
1945-04-30,10,31.2
1945-05-31,10,8.2
1945-06-30,10,3.9
1945-07-31,10,0.8
1945-08-31,10,0.1
1945-09-30,10,0.1
1945-10-31,10,10.3
1945-11-30,10,29.7
1945-12-31,10,107.3
1946-01-31,10,39.5
1946-02-28,10,33.3
1946-03-31,10,34.9
1946-04-30,10,25.9
1946-05-31,10,5.1
1946-06-30,10,3.0
1946-07-31,10,0.8
1946-08-31,10,0.2
1946-09-30,10,0.4
1946-10-31,10,1.4
1946-11-30,10,18.7
1946-12-31,10,30.3
1947-01-31,10,9.1
1947-02-28,10,49.4
1947-03-31,10,53.8
1947-04-30,10,14.5
1947-05-31,10,3.0
1947-06-30,10,1.9
1947-07-31,10,0.4
1947-08-31,10,0.0
1947-09-30,10,0.0
1947-10-31,10,10.2
1947-11-30,10,9.1
1947-12-31,10,4.2
1948-01-31,10,45.7
1948-02-29,10,12.0
1948-03-31,10,30.6
1948-04-30,10,84.3
1948-05-31,10,32.0
1948-06-30,10,5.6
1948-07-31,10,2.0
1948-08-31,10,0.9
1948-09-30,10,1.0
1948-10-31,10,2.1
1948-11-30,10,6.8
1948-12-31,10,5.6
1949-01-31,10,4.6
1949-02-28,10,12.8
1949-03-31,10,84.2
1949-04-30,10,66.3
1949-05-31,10,7.6
1949-06-30,10,2.8
1949-07-31,10,0.7
1949-08-31,10,0.4
1949-09-30,10,0.6
1949-10-31,10,1.5
1949-11-30,10,5.6
1949-12-31,10,4.0
1950-01-31,10,48.1
1950-02-28,10,96.0
1950-03-31,10,62.5
1950-04-30,10,49.4
1950-05-31,10,10.5
1950-06-30,10,4.1
1950-07-31,10,1.6
1950-08-31,10,1.0
1950-09-30,10,1.3
1950-10-31,10,10.4
1950-11-30,10,166.4
1950-12-31,10,122.4
1951-01-31,10,66.0
1951-02-28,10,69.5
1951-03-31,10,60.0
1951-04-30,10,19.6
1951-05-31,10,23.4
1951-06-30,10,5.8
1951-07-31,10,3.3
1951-08-31,10,2.3
1951-09-30,10,2.6
1951-10-31,10,10.0
1951-11-30,10,35.7
1951-12-31,10,92.7
1952-01-31,10,49.7
1952-02-29,10,89.4
1952-03-31,10,63.7
1952-04-30,10,99.7
1952-05-31,10,54.5
1952-06-30,10,12.4
1952-07-31,10,7.2
1952-08-31,10,5.8
1952-09-30,10,6.0
1952-10-31,10,6.6
1952-11-30,10,10.9
1952-12-31,10,28.6
1953-01-31,10,118.6
1953-02-28,10,32.9
1953-03-31,10,44.2
1953-04-30,10,46.4
1953-05-31,10,21.1
1953-06-30,10,9.1
1953-07-31,10,3.1
1953-08-31,10,2.2
1953-09-30,10,2.2
1953-10-31,10,3.5
1953-11-30,10,15.5
1953-12-31,10,17.7
1954-01-31,10,48.0
1954-02-28,10,66.7
1954-03-31,10,62.6
1954-04-30,10,45.7
1954-05-31,10,8.2
1954-06-30,10,4.1
1954-07-31,10,1.6
1954-08-31,10,0.8
1954-09-30,10,1.4
1954-10-31,10,2.0
1954-11-30,10,9.9
1954-12-31,10,49.6
1955-01-31,10,25.1
1955-02-28,10,25.9
1955-03-31,10,33.4
1955-04-30,10,24.3
1955-05-31,10,16.8
1955-06-30,10,2.3
1955-07-31,10,0.7
1955-08-31,10,0.1
1955-09-30,10,0.1
1955-10-31,10,0.5
1955-11-30,10,2.2
1955-12-31,10,262.5
1956-01-31,10,102.3
1956-02-29,10,43.5
1956-03-31,10,57.2
1956-04-30,10,34.4
1956-05-31,10,32.4
1956-06-30,10,6.3
1956-07-31,10,3.9
1956-08-31,10,3.1
1956-09-30,10,3.2
1956-10-31,10,8.9
1956-11-30,10,8.5
1956-12-31,10,9.6
1957-01-31,10,14.4
1957-02-28,10,83.4
1957-03-31,10,74.6
1957-04-30,10,23.4
1957-05-31,10,42.7
1957-06-30,10,5.3
1957-07-31,10,2.1
1957-08-31,10,1.4
1957-09-30,10,1.6
1957-10-31,10,6.7
1957-11-30,10,12.1
1957-12-31,10,47.4
1958-01-31,10,51.5
1958-02-28,10,127.4
1958-03-31,10,71.0
1958-04-30,10,97.7
1958-05-31,10,27.8
1958-06-30,10,10.3
1958-07-31,10,6.1
1958-08-31,10,4.4
1958-09-30,10,4.5
1958-10-31,10,5.6
1958-11-30,10,8.0
1958-12-31,10,8.9
1959-01-31,10,62.1
1959-02-28,10,46.5
1959-03-31,10,40.9
1959-04-30,10,10.6
1959-05-31,10,5.4
1959-06-30,10,2.0
1959-07-31,10,0.3
1959-08-31,10,0.0
1959-09-30,10,1.7
1959-10-31,10,1.4
1959-11-30,10,1.4
1959-12-31,10,3.3
1960-01-31,10,44.2
1960-02-29,10,124.3
1960-03-31,10,64.0
1960-04-30,10,12.0
1960-05-31,10,6.7
1960-06-30,10,2.0
1960-07-31,10,0.5
1960-08-31,10,0.1
1960-09-30,10,0.2
1960-10-31,10,0.5
1960-11-30,10,17.5
1960-12-31,10,25.8
1961-01-31,10,19.9
1961-02-28,10,40.4
1961-03-31,10,34.8
1961-04-30,10,10.0
1961-05-31,10,8.9
1961-06-30,10,2.1
1961-07-31,10,0.1
1961-08-31,10,0.0
1961-09-30,10,0.0
1961-10-31,10,0.1
1961-11-30,10,5.3
1961-12-31,10,16.8
1962-01-31,10,15.0
1962-02-28,10,149.8
1962-03-31,10,48.6
1962-04-30,10,38.0
1962-05-31,10,6.9
1962-06-30,10,2.8
1962-07-31,10,0.8
1962-08-31,10,0.4
1962-09-30,10,0.4
1962-10-31,10,134.8
1962-11-30,10,14.6
1962-12-31,10,54.4
1963-01-31,10,96.2
1963-02-28,10,65.7
1963-03-31,10,24.2
1963-04-30,10,92.2
1963-05-31,10,26.2
1963-06-30,10,5.6
1963-07-31,10,3.3
1963-08-31,10,1.7
1963-09-30,10,2.0
1963-10-31,10,4.3
1963-11-30,10,49.9
1963-12-31,10,16.5
1964-01-31,10,27.4
1964-02-29,10,40.9
1964-03-31,10,25.1
1964-04-30,10,16.7
1964-05-31,10,5.7
1964-06-30,10,2.8
1964-07-31,10,0.6
1964-08-31,10,0.0
1964-09-30,10,0.2
1964-10-31,10,0.2
1964-11-30,10,19.3
1964-12-31,10,239.2
1965-01-31,10,103.9
1965-02-28,10,44.4
1965-03-31,10,31.7
1965-04-30,10,52.1
1965-05-31,10,10.3
1965-06-30,10,5.6
1965-07-31,10,3.0
1965-08-31,10,2.5
1965-09-30,10,2.8
1965-10-31,10,3.2
1965-11-30,10,26.3
1965-12-31,10,15.6
1966-01-31,10,29.7
1966-02-28,10,41.9
1966-03-31,10,45.7
1966-04-30,10,22.4
1966-05-31,10,4.3
1966-06-30,10,1.8
1966-07-31,10,0.4
1966-08-31,10,0.0
1966-09-30,10,0.1
1966-10-31,10,0.3
1966-11-30,10,39.2
1966-12-31,10,74.7
1967-01-31,10,96.4
1967-02-28,10,49.3
1967-03-31,10,68.1
1967-04-30,10,36.0
1967-05-31,10,52.3
1967-06-30,10,8.5
1967-07-31,10,3.7
1967-08-31,10,2.4
1967-09-30,10,2.6
1967-10-31,10,5.2
1967-11-30,10,7.0
1967-12-31,10,13.1
1968-01-31,10,42.9
1968-02-29,10,83.4
1968-03-31,10,53.8
1968-04-30,10,16.3
1968-05-31,10,5.6
1968-06-30,10,2.6
1968-07-31,10,0.6
1968-08-31,10,0.5
1968-09-30,10,0.8
1968-10-31,10,3.1
1968-11-30,10,23.7
1968-12-31,10,30.5
1969-01-31,10,190.3
1969-02-28,10,58.1
1969-03-31,10,67.4
1969-04-30,10,77.8
1969-05-31,10,38.4
1969-06-30,10,9.0
1969-07-31,10,5.1
1969-08-31,10,3.2
1969-09-30,10,3.6
1969-10-31,10,8.6
1969-11-30,10,11.4
1969-12-31,10,93.7
1970-01-31,10,195.9
1970-02-28,10,49.6
1970-03-31,10,49.3
1970-04-30,10,17.3
1970-05-31,10,8.9
1970-06-30,10,4.6
1970-07-31,10,2.4
1970-08-31,10,1.2
1970-09-30,10,1.6
1970-10-31,10,3.5
1970-11-30,10,64.9
1970-12-31,10,60.3
1971-01-31,10,44.2
1971-02-28,10,53.0
1971-03-31,10,74.3
1971-04-30,10,32.3
1971-05-31,10,10.8
1971-06-30,10,5.0
1971-07-31,10,2.4
1971-08-31,10,0.9
1971-09-30,10,1.2
1971-10-31,10,2.8
1971-11-30,10,7.1
1971-12-31,10,10.0
1972-01-31,10,31.3
1972-02-29,10,65.5
1972-03-31,10,44.3
1972-04-30,10,20.6
1972-05-31,10,4.8
1972-06-30,10,1.8
1972-07-31,10,0.4
1972-08-31,10,0.1
1972-09-30,10,0.2
1972-10-31,10,4.7
1972-11-30,10,36.7
1972-12-31,10,31.1
1973-01-31,10,104.0
1973-02-28,10,91.4
1973-03-31,10,54.9
1973-04-30,10,47.7
1973-05-31,10,10.5
1973-06-30,10,4.6
1973-07-31,10,2.4
1973-08-31,10,1.5
1973-09-30,10,2.1
1973-10-31,10,6.8
1973-11-30,10,115.6
1973-12-31,10,75.2
1974-01-31,10,80.7
1974-02-28,10,53.3
1974-03-31,10,114.0
1974-04-30,10,66.4
1974-05-31,10,26.1
1974-06-30,10,7.8
1974-07-31,10,9.0
1974-08-31,10,4.5
1974-09-30,10,4.0
1974-10-31,10,6.8
1974-11-30,10,11.2
1974-12-31,10,13.3
1975-01-31,10,30.3
1975-02-28,10,80.6
1975-03-31,10,77.2
1975-04-30,10,41.0
1975-05-31,10,41.2
1975-06-30,10,5.5
1975-07-31,10,3.6
1975-08-31,10,2.3
1975-09-30,10,2.6
1975-10-31,10,10.7
1975-11-30,10,13.7
1975-12-31,10,12.8
1976-01-31,10,8.1
1976-02-29,10,25.0
1976-03-31,10,15.4
1976-04-30,10,6.3
1976-05-31,10,1.6
1976-06-30,10,0.1
1976-07-31,10,0.0
1976-08-31,10,0.3
1976-09-30,10,0.6
1976-10-31,10,0.3
1976-11-30,10,0.6
1976-12-31,10,0.4
1977-01-31,10,1.4
1977-02-28,10,6.8
1977-03-31,10,3.5
1977-04-30,10,1.0
1977-05-31,10,1.2
1977-06-30,10,0.5
1977-07-31,10,0.0
1977-08-31,10,0.0
1977-09-30,10,0.0
1977-10-31,10,0.1
1977-11-30,10,1.6
1977-12-31,10,48.5
1978-01-31,10,130.6
1978-02-28,10,48.4
1978-03-31,10,101.7
1978-04-30,10,63.5
1978-05-31,10,25.0
1978-06-30,10,5.6
1978-07-31,10,3.7
1978-08-31,10,1.9
1978-09-30,10,4.6
1978-10-31,10,3.6
1978-11-30,10,7.2
1978-12-31,10,7.7
1979-01-31,10,46.6
1979-02-28,10,52.3
1979-03-31,10,77.6
1979-04-30,10,42.7
1979-05-31,10,16.6
1979-06-30,10,3.7
1979-07-31,10,2.0
1979-08-31,10,1.1
1979-09-30,10,1.2
1979-10-31,10,6.1
1979-11-30,10,17.3
1979-12-31,10,27.4
1980-01-31,10,151.6
1980-02-29,10,130.6
1980-03-31,10,52.9
1980-04-30,10,33.0
1980-05-31,10,12.1
1980-06-30,10,6.7
1980-07-31,10,4.0
1980-08-31,10,2.2
1980-09-30,10,2.6
1980-10-31,10,3.4
1980-11-30,10,5.3
1980-12-31,10,11.9
1981-01-31,10,33.9
1981-02-28,10,41.1
1981-03-31,10,54.0
1981-04-30,10,14.3
1981-05-31,10,4.0
1981-06-30,10,1.6
1981-07-31,10,0.3
1981-08-31,10,0.0
1981-09-30,10,0.0
1981-10-31,10,6.6
1981-11-30,10,103.8
1981-12-31,10,138.2
1982-01-31,10,41.2
1982-02-28,10,122.2
1982-03-31,10,84.9
1982-04-30,10,118.3
1982-05-31,10,28.1
1982-06-30,10,11.7
1982-07-31,10,8.2
1982-08-31,10,5.9
1982-09-30,10,7.9
1982-10-31,10,27.9
1982-11-30,10,81.1
1982-12-31,10,75.0
1983-01-31,10,72.5
1983-02-28,10,110.8
1983-03-31,10,156.0
1983-04-30,10,79.1
1983-05-31,10,65.1
1983-06-30,10,19.4
1983-07-31,10,11.9
1983-08-31,10,9.6
1983-09-30,10,10.2
1983-10-31,10,15.4
1983-11-30,10,114.2
1983-12-31,10,109.3
1984-01-31,10,59.3
1984-02-29,10,61.9
1984-03-31,10,60.5
1984-04-30,10,22.8
1984-05-31,10,12.4
1984-06-30,10,6.7
1984-07-31,10,3.5
1984-08-31,10,2.7
1984-09-30,10,2.8
1984-10-31,10,6.5
1984-11-30,10,44.2
1984-12-31,10,23.6
1985-01-31,10,20.8
1985-02-28,10,35.7
1985-03-31,10,38.3
1985-04-30,10,19.7
1985-05-31,10,4.3
1985-06-30,10,1.8
1985-07-31,10,0.5
1985-08-31,10,0.3
1985-09-30,10,0.8
1985-10-31,10,1.2
1985-11-30,10,14.5
1985-12-31,10,33.9
1986-01-31,10,71.5
1986-02-28,10,250.0
1986-03-31,10,105.3
1986-04-30,10,20.1
1986-05-31,10,10.6
1986-06-30,10,5.1
1986-07-31,10,3.3
1986-08-31,10,2.0
1986-09-30,10,7.0
1986-10-31,10,6.2
1986-11-30,10,5.5
1986-12-31,10,8.0
1987-01-31,10,15.6
1987-02-28,10,57.9
1987-03-31,10,49.7
1987-04-30,10,8.1
1987-05-31,10,3.0
1987-06-30,10,1.0
1987-07-31,10,0.2
1987-08-31,10,0.1
1987-09-30,10,0.0
1987-10-31,10,0.2
1987-11-30,10,3.0
1987-12-31,10,29.3
1988-01-31,10,40.9
1988-02-29,10,34.4
1988-03-31,10,19.3
1988-04-30,10,7.3
1988-05-31,10,3.7
1988-06-30,10,1.3
1988-07-31,10,0.1
1988-08-31,10,0.0
1988-09-30,10,0.0
1988-10-31,10,0.0
1988-11-30,10,34.3
1988-12-31,10,9.7
1989-01-31,10,24.3
1989-02-28,10,31.6
1989-03-31,10,152.7
1989-04-30,10,26.2
1989-05-31,10,6.7
1989-06-30,10,3.7
1989-07-31,10,1.5
1989-08-31,10,0.8
1989-09-30,10,1.8
1989-10-31,10,10.2
1989-11-30,10,14.3
1989-12-31,10,8.4
1990-01-31,10,49.2
1990-02-28,10,27.9
1990-03-31,10,42.8
1990-04-30,10,6.6
1990-05-31,10,11.7
1990-06-30,10,7.6
1990-07-31,10,1.0
1990-08-31,10,0.2
1990-09-30,10,0.3
1990-10-31,10,0.5
1990-11-30,10,1.5
1990-12-31,10,2.9
1991-01-31,10,2.6
1991-02-28,10,8.0
1991-03-31,10,69.7
1991-04-30,10,49.9
1991-05-31,10,8.2
1991-06-30,10,2.3
1991-07-31,10,1.0
1991-08-31,10,0.2
1991-09-30,10,0.1
1991-10-31,10,2.1
1991-11-30,10,5.1
1991-12-31,10,11.6
1992-01-31,10,16.5
1992-02-29,10,75.7
1992-03-31,10,41.3
1992-04-30,10,8.1
1992-05-31,10,2.8
1992-06-30,10,0.7
1992-07-31,10,0.8
1992-08-31,10,0.1
1992-09-30,10,0.0
1992-10-31,10,3.7
1992-11-30,10,3.2
1992-12-31,10,27.5
1993-01-31,10,73.6
1993-02-28,10,72.6
1993-03-31,10,113.6
1993-04-30,10,58.8
1993-05-31,10,23.9
1993-06-30,10,12.3
1993-07-31,10,4.9
1993-08-31,10,3.7
1993-09-30,10,3.4
1993-10-31,10,5.3
1993-11-30,10,13.0
1993-12-31,10,27.4
1994-01-31,10,23.0
1994-02-28,10,41.6
1994-03-31,10,34.1
1994-04-30,10,6.2
1994-05-31,10,5.0
1994-06-30,10,1.5
1994-07-31,10,0.2
1994-08-31,10,0.0
1994-09-30,10,0.1
1994-10-31,10,0.7
1994-11-30,10,18.8
1994-12-31,10,46.4
1995-01-31,10,168.6
1995-02-28,10,51.2
1995-03-31,10,158.4
1995-04-30,10,78.1
1995-05-31,10,62.6
1995-06-30,10,15.0
1995-07-31,10,8.9
1995-08-31,10,6.7
1995-09-30,10,6.7
1995-10-31,10,7.9
1995-11-30,10,8.8
1995-12-31,10,55.8
1996-01-31,10,51.2
1996-02-29,10,136.8
1996-03-31,10,75.4
1996-04-30,10,50.9
1996-05-31,10,41.4
1996-06-30,10,9.2
1996-07-31,10,5.4
1996-08-31,10,4.0
1996-09-30,10,4.8
1996-10-31,10,6.6
1996-11-30,10,34.4
1996-12-31,10,179.3
1997-01-31,10,210.6
1997-02-28,10,54.9
1997-03-31,10,51.0
1997-04-30,10,24.6
1997-05-31,10,10.5
1997-06-30,10,7.2
1997-07-31,10,4.0
1997-08-31,10,2.9
1997-09-30,10,3.5
1997-10-31,10,6.9
1997-11-30,10,24.5
1997-12-31,10,35.0
1998-01-31,10,118.4
1998-02-28,10,100.8
1998-03-31,10,83.2
1998-04-30,10,61.5
1998-05-31,10,55.9
1998-06-30,10,17.4
1998-07-31,10,7.7
1998-08-31,10,5.7
1998-09-30,10,6.7
1998-10-31,10,8.8
1998-11-30,10,35.1
1998-12-31,10,37.6
1999-01-31,10,84.5
1999-02-28,10,92.1
1999-03-31,10,57.8
1999-04-30,10,43.4
1999-05-31,10,24.9
1999-06-30,10,6.8
1999-07-31,10,3.8
1999-08-31,10,3.4
1999-09-30,10,2.9
1999-10-31,10,4.2
1999-11-30,10,16.2
1999-12-31,10,11.0
2000-01-31,10,87.3
2000-02-29,10,105.1
2000-03-31,10,71.0
2000-04-30,10,36.6
2000-05-31,10,14.6
2000-06-30,10,5.5
2000-07-31,10,3.5
2000-08-31,10,2.2
2000-09-30,10,3.2
2000-10-31,10,7.9
2000-11-30,10,8.6
2000-12-31,10,12.4
2001-01-31,10,13.6
2001-02-28,10,29.4
2001-03-31,10,60.4
2001-04-30,10,17.9
2001-05-31,10,4.1
2001-06-30,10,1.1
2001-07-31,10,0.4
2001-08-31,10,0.1
2001-09-30,10,0.1
2001-10-31,10,0.4
2001-11-30,10,14.1
2001-12-31,10,48.1
2002-01-31,10,44.9
2002-02-28,10,57.1
2002-03-31,10,69.9
2002-04-30,10,30.1
2002-05-31,10,7.7
2002-06-30,10,3.3
2002-07-31,10,1.2
2002-08-31,10,0.7
2002-09-30,10,0.9
2002-10-31,10,1.8
2002-11-30,10,15.2
2002-12-31,10,76.0
2003-01-31,10,57.8
2003-02-28,10,31.9
2003-03-31,10,42.7
2003-04-30,10,46.3
2003-05-31,10,27.5
2003-06-30,10,4.0
2003-07-31,10,1.8
2003-08-31,10,1.5
2003-09-30,10,1.6
2003-10-31,10,2.0
2003-11-30,10,6.3
2003-12-31,10,44.5
2004-01-31,10,29.6
2004-02-29,10,72.6
2004-03-31,10,56.5
2004-04-30,10,10.2
2004-05-31,10,4.9
2004-06-30,10,2.3
2004-07-31,10,0.7
2004-08-31,10,0.3
2004-09-30,10,0.4
2004-10-31,10,8.4
2004-11-30,10,17.1
2004-12-31,10,36.4
2005-01-31,10,47.5
2005-02-28,10,65.5
2005-03-31,10,70.5
2005-04-30,10,34.6
2005-05-31,10,43.6
2005-06-30,10,8.4
2005-07-31,10,3.8
2005-08-31,10,2.4
2005-09-30,10,2.9
2005-10-31,10,4.2
2005-11-30,10,8.7
2005-12-31,10,191.1
2006-01-31,10,68.0
2006-02-28,10,69.6
2006-03-31,10,69.5
2006-04-30,10,132.7
2006-05-31,10,38.3
2006-06-30,10,11.2
2006-07-31,10,7.1
2006-08-31,10,6.5
2006-09-30,10,6.4
2006-10-31,10,8.5
2006-11-30,10,12.8
2006-12-31,10,25.0
2007-01-31,10,25.0
2007-02-28,10,77.9
2007-03-31,10,42.8
2007-04-30,10,15.4
2007-05-31,10,7.4
2007-06-30,10,2.6
2007-07-31,10,1.0
2007-08-31,10,0.6
2007-09-30,10,0.6
2007-10-31,10,4.4
2007-11-30,10,5.7
2007-12-31,10,13.1
2008-01-31,10,19.0
2008-02-29,10,39.2
2008-03-31,10,68.5
2008-04-30,10,14.0
2008-05-31,10,3.9
2008-06-30,10,1.6
2008-07-31,10,0.2
2008-08-31,10,0.0
2008-09-30,10,0.0
2008-10-31,10,0.7
2008-11-30,10,9.8
2008-12-31,10,3.3
2009-01-31,10,28.5
2009-02-28,10,51.2
2009-03-31,10,63.9
2009-04-30,10,16.9
2009-05-31,10,25.6
2009-06-30,10,3.4
2009-07-31,10,0.9
2009-08-31,10,0.3
2009-09-30,10,0.4
2009-10-31,10,3.5
2009-11-30,10,3.7
2009-12-31,10,14.2
2010-01-31,10,40.9
2010-02-28,10,52.3
2010-03-31,10,49.8
2010-04-30,10,45.5
2010-05-31,10,18.8
2010-06-30,10,5.8
2010-07-31,10,2.1
2010-08-31,10,1.2
2010-09-30,10,1.4
2010-10-31,10,19.7
2010-11-30,10,19.5
2010-12-31,10,116.1
2011-01-31,10,45.4
2011-02-28,10,34.4
2011-03-31,10,102.1
2011-04-30,10,95.3
2011-05-31,10,37.3
2011-06-30,10,15.7
2011-07-31,10,7.1
2011-08-31,10,5.4
2011-09-30,10,4.9
2011-10-31,10,10.7
2011-11-30,10,9.3
2011-12-31,10,8.5
2012-01-31,10,21.3
2012-02-29,10,20.7
2012-03-31,10,114.0
2012-04-30,10,62.3
2012-05-31,10,10.2
2012-06-30,10,4.4
2012-07-31,10,2.2
2012-08-31,10,0.9
2012-09-30,10,1.0
2012-10-31,10,2.8
2012-11-30,10,43.5
2012-12-31,10,115.1
2013-01-31,10,35.5
2013-02-28,10,23.0
2013-03-31,10,21.0
2013-04-30,10,11.3
2013-05-31,10,3.5
2013-06-30,10,1.4
2013-07-31,10,1.0
2013-08-31,10,0.3
2013-09-30,10,0.5
2013-10-31,10,0.8
2013-11-30,10,1.0
2013-12-31,10,1.8
2014-01-31,10,1.5
2014-02-28,10,80.0
2014-03-31,10,46.1
2014-04-30,10,15.3
2014-05-31,10,2.5
2014-06-30,10,0.5
2014-07-31,10,0.6
2014-08-31,10,0.1
2014-09-30,10,0.2
1921-10-31,11,3.7
1921-11-30,11,4.3
1921-12-31,11,220.4
1922-01-31,11,216.6
1922-02-28,11,382.2
1922-03-31,11,324.8
1922-04-30,11,384.1
1922-05-31,11,865.5
1922-06-30,11,459.4
1922-07-31,11,113.3
1922-08-31,11,26.9
1922-09-30,11,11.7
1922-10-31,11,10.4
1922-11-30,11,155.6
1922-12-31,11,551.0
1923-01-31,11,296.6
1923-02-28,11,148.4
1923-03-31,11,187.9
1923-04-30,11,530.9
1923-05-31,11,386.4
1923-06-30,11,252.6
1923-07-31,11,81.4
1923-08-31,11,26.6
1923-09-30,11,37.0
1923-10-31,11,44.8
1923-11-30,11,24.9
1923-12-31,11,25.0
1924-01-31,11,63.0
1924-02-29,11,179.1
1924-03-31,11,64.1
1924-04-30,11,156.5
1924-05-31,11,96.3
1924-06-30,11,30.9
1924-07-31,11,18.6
1924-08-31,11,6.7
1924-09-30,11,2.3
1924-10-31,11,52.2
1924-11-30,11,177.5
1924-12-31,11,117.5
1925-01-31,11,131.4
1925-02-28,11,672.7
1925-03-31,11,287.3
1925-04-30,11,518.3
1925-05-31,11,443.0
1925-06-30,11,231.4
1925-07-31,11,62.6
1925-08-31,11,23.8
1925-09-30,11,12.6
1925-10-31,11,24.3
1925-11-30,11,34.5
1925-12-31,11,86.8
1926-01-31,11,122.5
1926-02-28,11,543.5
1926-03-31,11,252.0
1926-04-30,11,495.1
1926-05-31,11,212.1
1926-06-30,11,51.1
1926-07-31,11,23.4
1926-08-31,11,10.2
1926-09-30,11,2.5
1926-10-31,11,30.3
1926-11-30,11,368.3
1926-12-31,11,230.6
1927-01-31,11,259.8
1927-02-28,11,459.3
1927-03-31,11,297.2
1927-04-30,11,522.4
1927-05-31,11,626.9
1927-06-30,11,420.4
1927-07-31,11,124.5
1927-08-31,11,26.7
1927-09-30,11,10.9
1927-10-31,11,26.4
1927-11-30,11,198.9
1927-12-31,11,134.0
1928-01-31,11,112.6
1928-02-29,11,164.7
1928-03-31,11,808.7
1928-04-30,11,352.4
1928-05-31,11,403.7
1928-06-30,11,197.7
1928-07-31,11,38.2
1928-08-31,11,17.1
1928-09-30,11,5.6
1928-10-31,11,1.5
1928-11-30,11,25.1
1928-12-31,11,52.3
1929-01-31,11,56.6
1929-02-28,11,124.9
1929-03-31,11,204.8
1929-04-30,11,209.6
1929-05-31,11,300.8
1929-06-30,11,287.2
1929-07-31,11,71.5
1929-08-31,11,23.5
1929-09-30,11,9.3
1929-10-31,11,2.7
1929-11-30,11,1.5
1929-12-31,11,426.3
1930-01-31,11,165.9
1930-02-28,11,150.8
1930-03-31,11,402.2
1930-04-30,11,407.4
1930-05-31,11,275.3
1930-06-30,11,194.6
1930-07-31,11,43.9
1930-08-31,11,19.5
1930-09-30,11,7.8
1930-10-31,11,6.7
1930-11-30,11,56.1
1930-12-31,11,27.8
1931-01-31,11,130.9
1931-02-28,11,115.2
1931-03-31,11,189.0
1931-04-30,11,213.5
1931-05-31,11,184.9
1931-06-30,11,106.9
1931-07-31,11,34.8
1931-08-31,11,17.5
1931-09-30,11,5.7
1931-10-31,11,36.1
1931-11-30,11,58.8
1931-12-31,11,216.5
1932-01-31,11,172.0
1932-02-29,11,213.1
1932-03-31,11,282.5
1932-04-30,11,418.7
1932-05-31,11,621.3
1932-06-30,11,392.6
1932-07-31,11,104.9
1932-08-31,11,25.9
1932-09-30,11,10.8
1932-10-31,11,2.9
1932-11-30,11,3.4
1932-12-31,11,18.0
1933-01-31,11,24.4
1933-02-28,11,29.0
1933-03-31,11,224.3
1933-04-30,11,308.6
1933-05-31,11,358.5
1933-06-30,11,295.0
1933-07-31,11,61.5
1933-08-31,11,22.9
1933-09-30,11,9.6
1933-10-31,11,88.9
1933-11-30,11,103.3
1933-12-31,11,237.9
1934-01-31,11,231.7
1934-02-28,11,214.9
1934-03-31,11,264.7
1934-04-30,11,232.9
1934-05-31,11,104.0
1934-06-30,11,80.0
1934-07-31,11,29.6
1934-08-31,11,16.6
1934-09-30,11,7.0
1934-10-31,11,18.7
1934-11-30,11,159.4
1934-12-31,11,108.2
1935-01-31,11,273.4
1935-02-28,11,153.8
1935-03-31,11,234.9
1935-04-30,11,743.7
1935-05-31,11,523.9
1935-06-30,11,341.9
1935-07-31,11,64.6
1935-08-31,11,22.6
1935-09-30,11,9.6
1935-10-31,11,23.3
1935-11-30,11,22.2
1935-12-31,11,31.4
1936-01-31,11,545.6
1936-02-29,11,772.6
1936-03-31,11,390.2
1936-04-30,11,559.0
1936-05-31,11,497.8
1936-06-30,11,382.0
1936-07-31,11,73.8
1936-08-31,11,23.8
1936-09-30,11,11.8
1936-10-31,11,6.5
1936-11-30,11,6.1
1936-12-31,11,13.0
1937-01-31,11,20.0
1937-02-28,11,301.1
1937-03-31,11,499.1
1937-04-30,11,464.5
1937-05-31,11,736.8
1937-06-30,11,351.1
1937-07-31,11,73.1
1937-08-31,11,24.7
1937-09-30,11,10.8
1937-10-31,11,15.2
1937-11-30,11,125.1
1937-12-31,11,757.4
1938-01-31,11,198.6
1938-02-28,11,487.9
1938-03-31,11,590.3
1938-04-30,11,555.9
1938-05-31,11,795.7
1938-06-30,11,629.3
1938-07-31,11,155.8
1938-08-31,11,31.8
1938-09-30,11,15.6
1938-10-31,11,26.7
1938-11-30,11,42.3
1938-12-31,11,60.4
1939-01-31,11,89.3
1939-02-28,11,57.7
1939-03-31,11,280.6
1939-04-30,11,318.1
1939-05-31,11,199.8
1939-06-30,11,75.1
1939-07-31,11,26.3
1939-08-31,11,13.0
1939-09-30,11,8.9
1939-10-31,11,37.3
1939-11-30,11,24.2
1939-12-31,11,40.6
1940-01-31,11,674.0
1940-02-29,11,703.0
1940-03-31,11,831.7
1940-04-30,11,456.9
1940-05-31,11,483.6
1940-06-30,11,259.5
1940-07-31,11,47.6
1940-08-31,11,19.6
1940-09-30,11,6.8
1940-10-31,11,4.2
1940-11-30,11,101.5
1940-12-31,11,364.0
1941-01-31,11,399.1
1941-02-28,11,408.6
1941-03-31,11,419.8
1941-04-30,11,382.6
1941-05-31,11,640.5
1941-06-30,11,452.4
1941-07-31,11,165.1
1941-08-31,11,32.3
1941-09-30,11,15.6
1941-10-31,11,6.8
1941-11-30,11,90.1
1941-12-31,11,397.6
1942-01-31,11,499.5
1942-02-28,11,451.1
1942-03-31,11,209.6
1942-04-30,11,525.7
1942-05-31,11,605.6
1942-06-30,11,512.2
1942-07-31,11,203.1
1942-08-31,11,35.1
1942-09-30,11,15.3
1942-10-31,11,5.8
1942-11-30,11,263.5
1942-12-31,11,228.5
1943-01-31,11,687.3
1943-02-28,11,297.6
1943-03-31,11,727.8
1943-04-30,11,445.9
1943-05-31,11,433.2
1943-06-30,11,370.2
1943-07-31,11,78.2
1943-08-31,11,25.8
1943-09-30,11,11.9
1943-10-31,11,4.9
1943-11-30,11,9.3
1943-12-31,11,28.3
1944-01-31,11,75.6
1944-02-29,11,197.1
1944-03-31,11,289.6
1944-04-30,11,323.7
1944-05-31,11,387.6
1944-06-30,11,194.1
1944-07-31,11,40.2
1944-08-31,11,21.1
1944-09-30,11,9.0
1944-10-31,11,87.6
1944-11-30,11,349.7
1944-12-31,11,159.2
1945-01-31,11,87.8
1945-02-28,11,563.1
1945-03-31,11,198.9
1945-04-30,11,380.9
1945-05-31,11,565.1
1945-06-30,11,305.6
1945-07-31,11,65.2
1945-08-31,11,24.6
1945-09-30,11,11.3
1945-10-31,11,114.5
1945-11-30,11,236.4
1945-12-31,11,553.7
1946-01-31,11,269.1
1946-02-28,11,77.8
1946-03-31,11,249.9
1946-04-30,11,397.5
1946-05-31,11,493.1
1946-06-30,11,218.3
1946-07-31,11,39.0
1946-08-31,11,20.6
1946-09-30,11,8.9
1946-10-31,11,12.3
1946-11-30,11,129.3
1946-12-31,11,125.6
1947-01-31,11,37.5
1947-02-28,11,186.7
1947-03-31,11,408.0
1947-04-30,11,389.7
1947-05-31,11,228.2
1947-06-30,11,128.3
1947-07-31,11,31.0
1947-08-31,11,15.2
1947-09-30,11,4.4
1947-10-31,11,145.1
1947-11-30,11,111.7
1947-12-31,11,29.0
1948-01-31,11,205.8
1948-02-29,11,44.1
1948-03-31,11,174.2
1948-04-30,11,562.9
1948-05-31,11,622.9
1948-06-30,11,390.2
1948-07-31,11,104.9
1948-08-31,11,26.3
1948-09-30,11,11.5
1948-10-31,11,4.1
1948-11-30,11,51.7
1948-12-31,11,40.3
1949-01-31,11,27.1
1949-02-28,11,19.0
1949-03-31,11,416.1
1949-04-30,11,550.1
1949-05-31,11,426.2
1949-06-30,11,130.3
1949-07-31,11,30.7
1949-08-31,11,16.2
1949-09-30,11,6.7
1949-10-31,11,4.0
1949-11-30,11,36.9
1949-12-31,11,27.1
1950-01-31,11,211.9
1950-02-28,11,338.4
1950-03-31,11,339.8
1950-04-30,11,621.1
1950-05-31,11,576.9
1950-06-30,11,284.5
1950-07-31,11,49.9
1950-08-31,11,21.2
1950-09-30,11,8.7
1950-10-31,11,92.3
1950-11-30,11,1331.5
1950-12-31,11,914.8
1951-01-31,11,380.7
1951-02-28,11,237.0
1951-03-31,11,268.1
1951-04-30,11,409.5
1951-05-31,11,495.3
1951-06-30,11,231.2
1951-07-31,11,45.6
1951-08-31,11,20.0
1951-09-30,11,7.2
1951-10-31,11,86.0
1951-11-30,11,163.3
1951-12-31,11,321.3
1952-01-31,11,378.3
1952-02-29,11,321.6
1952-03-31,11,316.5
1952-04-30,11,708.5
1952-05-31,11,986.9
1952-06-30,11,621.2
1952-07-31,11,243.4
1952-08-31,11,47.4
1952-09-30,11,21.5
1952-10-31,11,12.2
1952-11-30,11,23.6
1952-12-31,11,134.9
1953-01-31,11,453.5
1953-02-28,11,125.4
1953-03-31,11,252.3
1953-04-30,11,523.2
1953-05-31,11,444.3
1953-06-30,11,368.7
1953-07-31,11,178.5
1953-08-31,11,35.1
1953-09-30,11,16.8
1953-10-31,11,10.5
1953-11-30,11,87.2
1953-12-31,11,85.9
1954-01-31,11,177.1
1954-02-28,11,275.3
1954-03-31,11,465.4
1954-04-30,11,602.5
1954-05-31,11,397.1
1954-06-30,11,116.4
1954-07-31,11,31.5
1954-08-31,11,16.8
1954-09-30,11,5.9
1954-10-31,11,2.0
1954-11-30,11,54.8
1954-12-31,11,313.5
1955-01-31,11,156.4
1955-02-28,11,58.7
1955-03-31,11,122.0
1955-04-30,11,259.5
1955-05-31,11,440.8
1955-06-30,11,275.1
1955-07-31,11,49.1
1955-08-31,11,21.0
1955-09-30,11,8.4
1955-10-31,11,4.7
1955-11-30,11,7.3
1955-12-31,11,1302.5
1956-01-31,11,594.7
1956-02-29,11,180.7
1956-03-31,11,226.7
1956-04-30,11,448.4
1956-05-31,11,843.2
1956-06-30,11,495.8
1956-07-31,11,190.2
1956-08-31,11,38.1
1956-09-30,11,18.6
1956-10-31,11,42.1
1956-11-30,11,51.2
1956-12-31,11,29.0
1957-01-31,11,48.9
1957-02-28,11,314.6
1957-03-31,11,516.2
1957-04-30,11,352.4
1957-05-31,11,627.9
1957-06-30,11,380.7
1957-07-31,11,71.0
1957-08-31,11,23.6
1957-09-30,11,9.8
1957-10-31,11,42.7
1957-11-30,11,74.5
1957-12-31,11,192.5
1958-01-31,11,227.3
1958-02-28,11,559.9
1958-03-31,11,487.3
1958-04-30,11,697.0
1958-05-31,11,964.7
1958-06-30,11,535.5
1958-07-31,11,185.8
1958-08-31,11,37.3
1958-09-30,11,20.5
1958-10-31,11,13.7
1958-11-30,11,9.9
1958-12-31,11,18.2
1959-01-31,11,239.2
1959-02-28,11,191.0
1959-03-31,11,203.9
1959-04-30,11,342.3
1959-05-31,11,249.4
1959-06-30,11,72.3
1959-07-31,11,27.0
1959-08-31,11,14.7
1959-09-30,11,55.3
1959-10-31,11,32.6
1959-11-30,11,17.0
1959-12-31,11,11.1
1960-01-31,11,99.7
1960-02-29,11,404.9
1960-03-31,11,464.1
1960-04-30,11,439.7
1960-05-31,11,343.7
1960-06-30,11,223.9
1960-07-31,11,43.6
1960-08-31,11,19.0
1960-09-30,11,7.3
1960-10-31,11,4.1
1960-11-30,11,68.1
1960-12-31,11,99.0
1961-01-31,11,50.4
1961-02-28,11,179.7
1961-03-31,11,194.3
1961-04-30,11,303.7
1961-05-31,11,305.8
1961-06-30,11,172.8
1961-07-31,11,36.6
1961-08-31,11,19.5
1961-09-30,11,16.2
1961-10-31,11,12.0
1961-11-30,11,20.6
1961-12-31,11,109.2
1962-01-31,11,42.1
1962-02-28,11,399.6
1962-03-31,11,267.7
1962-04-30,11,684.9
1962-05-31,11,449.3
1962-06-30,11,256.3
1962-07-31,11,52.1
1962-08-31,11,22.8
1962-09-30,11,10.0
1962-10-31,11,962.8
1962-11-30,11,88.5
1962-12-31,11,312.3
1963-01-31,11,447.8
1963-02-28,11,545.9
1963-03-31,11,148.2
1963-04-30,11,514.5
1963-05-31,11,596.3
1963-06-30,11,403.1
1963-07-31,11,131.1
1963-08-31,11,30.0
1963-09-30,11,18.3
1963-10-31,11,58.5
1963-11-30,11,273.2
1963-12-31,11,104.0
1964-01-31,11,105.4
1964-02-29,11,50.7
1964-03-31,11,140.9
1964-04-30,11,284.6
1964-05-31,11,359.2
1964-06-30,11,284.0
1964-07-31,11,63.1
1964-08-31,11,23.8
1964-09-30,11,11.1
1964-10-31,11,13.3
1964-11-30,11,164.1
1964-12-31,11,1510.1
1965-01-31,11,447.3
1965-02-28,11,154.3
1965-03-31,11,254.9
1965-04-30,11,498.8
1965-05-31,11,484.7
1965-06-30,11,399.3
1965-07-31,11,156.7
1965-08-31,11,81.6
1965-09-30,11,34.9
1965-10-31,11,20.9
1965-11-30,11,149.0
1965-12-31,11,110.0
1966-01-31,11,116.4
1966-02-28,11,90.0
1966-03-31,11,226.2
1966-04-30,11,467.2
1966-05-31,11,266.0
1966-06-30,11,49.4
1966-07-31,11,23.9
1966-08-31,11,11.3
1966-09-30,11,3.6
1966-10-31,11,1.1
1966-11-30,11,192.9
1966-12-31,11,464.5
1967-01-31,11,344.8
1967-02-28,11,260.3
1967-03-31,11,338.6
1967-04-30,11,305.8
1967-05-31,11,931.7
1967-06-30,11,683.9
1967-07-31,11,275.9
1967-08-31,11,42.5
1967-09-30,11,20.5
1967-10-31,11,50.4
1967-11-30,11,47.8
1967-12-31,11,75.0
1968-01-31,11,122.0
1968-02-29,11,271.7
1968-03-31,11,376.7
1968-04-30,11,287.6
1968-05-31,11,253.6
1968-06-30,11,109.6
1968-07-31,11,30.7
1968-08-31,11,21.3
1968-09-30,11,15.0
1968-10-31,11,32.3
1968-11-30,11,256.1
1968-12-31,11,160.6
1969-01-31,11,907.2
1969-02-28,11,347.2
1969-03-31,11,307.6
1969-04-30,11,642.8
1969-05-31,11,847.6
1969-06-30,11,474.5
1969-07-31,11,116.5
1969-08-31,11,27.9
1969-09-30,11,13.3
1969-10-31,11,71.8
1969-11-30,11,112.8
1969-12-31,11,396.8
1970-01-31,11,1034.0
1970-02-28,11,290.9
1970-03-31,11,261.5
1970-04-30,11,151.2
1970-05-31,11,412.4
1970-06-30,11,380.7
1970-07-31,11,90.8
1970-08-31,11,25.4
1970-09-30,11,10.8
1970-10-31,11,7.5
1970-11-30,11,340.5
1970-12-31,11,387.7
1971-01-31,11,105.5
1971-02-28,11,93.6
1971-03-31,11,414.9
1971-04-30,11,422.7
1971-05-31,11,362.1
1971-06-30,11,465.4
1971-07-31,11,222.5
1971-08-31,11,38.8
1971-09-30,11,17.5
1971-10-31,11,13.2
1971-11-30,11,49.9
1971-12-31,11,120.7
1972-01-31,11,61.4
1972-02-29,11,151.1
1972-03-31,11,417.0
1972-04-30,11,354.7
1972-05-31,11,335.4
1972-06-30,11,153.3
1972-07-31,11,32.4
1972-08-31,11,15.9
1972-09-30,11,20.9
1972-10-31,11,61.9
1972-11-30,11,220.7
1972-12-31,11,177.1
1973-01-31,11,651.4
1973-02-28,11,349.0
1973-03-31,11,284.1
1973-04-30,11,397.8
1973-05-31,11,687.5
1973-06-30,11,291.7
1973-07-31,11,51.7
1973-08-31,11,20.7
1973-09-30,11,11.6
1973-10-31,11,75.2
1973-11-30,11,573.8
1973-12-31,11,445.5
1974-01-31,11,500.0
1974-02-28,11,199.6
1974-03-31,11,534.0
1974-04-30,11,522.7
1974-05-31,11,704.8
1974-06-30,11,552.6
1974-07-31,11,333.6
1974-08-31,11,45.5
1974-09-30,11,18.5
1974-10-31,11,23.5
1974-11-30,11,58.0
1974-12-31,11,83.5
1975-01-31,11,151.8
1975-02-28,11,306.0
1975-03-31,11,342.9
1975-04-30,11,241.8
1975-05-31,11,770.5
1975-06-30,11,528.2
1975-07-31,11,98.9
1975-08-31,11,31.6
1975-09-30,11,21.1
1975-10-31,11,121.6
1975-11-30,11,133.5
1975-12-31,11,58.3
1976-01-31,11,26.5
1976-02-29,11,53.6
1976-03-31,11,74.2
1976-04-30,11,127.5
1976-05-31,11,177.3
1976-06-30,11,44.9
1976-07-31,11,25.5
1976-08-31,11,37.1
1976-09-30,11,41.3
1976-10-31,11,25.8
1976-11-30,11,27.4
1976-12-31,11,16.6
1977-01-31,11,22.5
1977-02-28,11,24.0
1977-03-31,11,25.3
1977-04-30,11,46.1
1977-05-31,11,99.5
1977-06-30,11,75.1
1977-07-31,11,29.0
1977-08-31,11,16.9
1977-09-30,11,7.1
1977-10-31,11,7.5
1977-11-30,11,33.6
1977-12-31,11,233.5
1978-01-31,11,654.5
1978-02-28,11,275.6
1978-03-31,11,558.2
1978-04-30,11,570.2
1978-05-31,11,641.9
1978-06-30,11,614.5
1978-07-31,11,186.8
1978-08-31,11,34.7
1978-09-30,11,109.3
1978-10-31,11,31.0
1978-11-30,11,28.8
1978-12-31,11,34.7
1979-01-31,11,295.6
1979-02-28,11,195.8
1979-03-31,11,362.4
1979-04-30,11,383.5
1979-05-31,11,632.6
1979-06-30,11,268.1
1979-07-31,11,49.7
1979-08-31,11,22.8
1979-09-30,11,9.9
1979-10-31,11,64.4
1979-11-30,11,118.9
1979-12-31,11,161.0
1980-01-31,11,913.7
1980-02-29,11,530.0
1980-03-31,11,296.3
1980-04-30,11,375.3
1980-05-31,11,577.7
1980-06-30,11,397.2
1980-07-31,11,280.9
1980-08-31,11,49.6
1980-09-30,11,19.1
1980-10-31,11,9.7
1980-11-30,11,13.1
1980-12-31,11,74.0
1981-01-31,11,114.0
1981-02-28,11,177.3
1981-03-31,11,304.1
1981-04-30,11,317.8
1981-05-31,11,316.5
1981-06-30,11,101.9
1981-07-31,11,27.8
1981-08-31,11,13.7
1981-09-30,11,4.2
1981-10-31,11,48.5
1981-11-30,11,698.9
1981-12-31,11,838.0
1982-01-31,11,313.0
1982-02-28,11,632.5
1982-03-31,11,461.0
1982-04-30,11,794.7
1982-05-31,11,825.1
1982-06-30,11,605.8
1982-07-31,11,347.8
1982-08-31,11,89.1
1982-09-30,11,81.7
1982-10-31,11,304.5
1982-11-30,11,423.6
1982-12-31,11,464.3
1983-01-31,11,393.5
1983-02-28,11,501.0
1983-03-31,11,747.4
1983-04-30,11,387.5
1983-05-31,11,993.7
1983-06-30,11,999.0
1983-07-31,11,454.9
1983-08-31,11,94.9
1983-09-30,11,40.5
1983-10-31,11,93.4
1983-11-30,11,637.7
1983-12-31,11,605.6
1984-01-31,11,235.2
1984-02-29,11,215.2
1984-03-31,11,329.2
1984-04-30,11,343.3
1984-05-31,11,575.1
1984-06-30,11,444.1
1984-07-31,11,104.6
1984-08-31,11,26.7
1984-09-30,11,12.2
1984-10-31,11,28.4
1984-11-30,11,227.5
1984-12-31,11,116.4
1985-01-31,11,41.3
1985-02-28,11,126.8
1985-03-31,11,184.9
1985-04-30,11,472.4
1985-05-31,11,288.7
1985-06-30,11,74.6
1985-07-31,11,26.9
1985-08-31,11,13.8
1985-09-30,11,24.0
1985-10-31,11,34.2
1985-11-30,11,93.1
1985-12-31,11,222.3
1986-01-31,11,460.1
1986-02-28,11,1400.5
1986-03-31,11,895.1
1986-04-30,11,354.2
1986-05-31,11,368.0
1986-06-30,11,320.9
1986-07-31,11,67.0
1986-08-31,11,22.8
1986-09-30,11,38.0
1986-10-31,11,37.4
1986-11-30,11,20.8
1986-12-31,11,14.6
1987-01-31,11,61.7
1987-02-28,11,225.2
1987-03-31,11,315.5
1987-04-30,11,259.5
1987-05-31,11,182.6
1987-06-30,11,38.1
1987-07-31,11,23.1
1987-08-31,11,10.7
1987-09-30,11,2.9
1987-10-31,11,1.0
1987-11-30,11,32.3
1987-12-31,11,148.5
1988-01-31,11,212.9
1988-02-29,11,104.0
1988-03-31,11,197.2
1988-04-30,11,237.0
1988-05-31,11,197.4
1988-06-30,11,99.7
1988-07-31,11,32.7
1988-08-31,11,18.2
1988-09-30,11,6.7
1988-10-31,11,2.0
1988-11-30,11,135.7
1988-12-31,11,91.3
1989-01-31,11,62.6
1989-02-28,11,85.1
1989-03-31,11,933.0
1989-04-30,11,653.9
1989-05-31,11,385.3
1989-06-30,11,203.9
1989-07-31,11,43.6
1989-08-31,11,22.0
1989-09-30,11,52.3
1989-10-31,11,175.9
1989-11-30,11,155.4
1989-12-31,11,87.5
1990-01-31,11,194.1
1990-02-28,11,112.4
1990-03-31,11,247.8
1990-04-30,11,210.3
1990-05-31,11,208.2
1990-06-30,11,207.0
1990-07-31,11,39.9
1990-08-31,11,20.1
1990-09-30,11,9.2
1990-10-31,11,8.2
1990-11-30,11,13.4
1990-12-31,11,17.1
1991-01-31,11,13.8
1991-02-28,11,80.2
1991-03-31,11,446.9
1991-04-30,11,292.2
1991-05-31,11,295.2
1991-06-30,11,307.4
1991-07-31,11,114.2
1991-08-31,11,27.5
1991-09-30,11,14.6
1991-10-31,11,59.4
1991-11-30,11,80.0
1991-12-31,11,87.4
1992-01-31,11,120.8
1992-02-29,11,325.4
1992-03-31,11,309.2
1992-04-30,11,266.4
1992-05-31,11,140.3
1992-06-30,11,47.0
1992-07-31,11,70.9
1992-08-31,11,24.4
1992-09-30,11,11.1
1992-10-31,11,41.3
1992-11-30,11,92.9
1992-12-31,11,308.7
1993-01-31,11,604.4
1993-02-28,11,353.6
1993-03-31,11,719.6
1993-04-30,11,463.6
1993-05-31,11,502.6
1993-06-30,11,479.1
1993-07-31,11,177.2
1993-08-31,11,34.1
1993-09-30,11,14.5
1993-10-31,11,22.4
1993-11-30,11,42.8
1993-12-31,11,228.7
1994-01-31,11,104.5
1994-02-28,11,188.1
1994-03-31,11,196.3
1994-04-30,11,182.7
1994-05-31,11,197.9
1994-06-30,11,53.9
1994-07-31,11,25.0
1994-08-31,11,12.1
1994-09-30,11,3.3
1994-10-31,11,11.5
1994-11-30,11,171.5
1994-12-31,11,328.5
1995-01-31,11,1006.6
1995-02-28,11,303.4
1995-03-31,11,1031.7
1995-04-30,11,564.5
1995-05-31,11,742.7
1995-06-30,11,587.1
1995-07-31,11,428.8
1995-08-31,11,103.0
1995-09-30,11,24.6
1995-10-31,11,10.8
1995-11-30,11,2.9
1995-12-31,11,399.3
1996-01-31,11,394.9
1996-02-29,11,698.0
1996-03-31,11,496.7
1996-04-30,11,601.4
1996-05-31,11,789.6
1996-06-30,11,278.0
1996-07-31,11,65.6
1996-08-31,11,23.1
1996-09-30,11,10.0
1996-10-31,11,7.0
1996-11-30,11,334.7
1996-12-31,11,1187.3
1997-01-31,11,1575.1
1997-02-28,11,235.3
1997-03-31,11,233.5
1997-04-30,11,246.4
1997-05-31,11,392.2
1997-06-30,11,273.1
1997-07-31,11,60.7
1997-08-31,11,22.3
1997-09-30,11,9.5
1997-10-31,11,36.2
1997-11-30,11,106.6
1997-12-31,11,222.2
1998-01-31,11,648.3
1998-02-28,11,642.8
1998-03-31,11,618.0
1998-04-30,11,535.8
1998-05-31,11,539.9
1998-06-30,11,537.5
1998-07-31,11,342.3
1998-08-31,11,64.1
1998-09-30,11,41.2
1998-10-31,11,30.3
1998-11-30,11,147.3
1998-12-31,11,256.7
1999-01-31,11,566.5
1999-02-28,11,639.1
1999-03-31,11,336.3
1999-04-30,11,268.4
1999-05-31,11,450.5
1999-06-30,11,368.8
1999-07-31,11,103.8
1999-08-31,11,26.8
1999-09-30,11,13.2
1999-10-31,11,21.3
1999-11-30,11,129.7
1999-12-31,11,89.9
2000-01-31,11,488.4
2000-02-29,11,754.5
2000-03-31,11,408.6
2000-04-30,11,366.0
2000-05-31,11,463.5
2000-06-30,11,189.6
2000-07-31,11,38.8
2000-08-31,11,16.9
2000-09-30,11,22.5
2000-10-31,11,54.0
2000-11-30,11,61.0
2000-12-31,11,72.0
2001-01-31,11,84.7
2001-02-28,11,91.4
2001-03-31,11,301.9
2001-04-30,11,322.2
2001-05-31,11,258.1
2001-06-30,11,48.4
2001-07-31,11,22.4
2001-08-31,11,9.7
2001-09-30,11,2.7
2001-10-31,11,6.0
2001-11-30,11,154.3
2001-12-31,11,361.3
2002-01-31,11,311.8
2002-02-28,11,289.4
2002-03-31,11,487.1
2002-04-30,11,375.7
2002-05-31,11,307.2
2002-06-30,11,153.3
2002-07-31,11,34.7
2002-08-31,11,16.7
2002-09-30,11,5.7
2002-10-31,11,1.4
2002-11-30,11,218.8
2002-12-31,11,366.6
2003-01-31,11,269.0
2003-02-28,11,165.9
2003-03-31,11,272.2
2003-04-30,11,385.6
2003-05-31,11,572.3
2003-06-30,11,307.0
2003-07-31,11,51.7
2003-08-31,11,22.8
2003-09-30,11,13.8
2003-10-31,11,7.6
2003-11-30,11,12.4
2003-12-31,11,283.4
2004-01-31,11,229.5
2004-02-29,11,286.5
2004-03-31,11,374.1
2004-04-30,11,326.2
2004-05-31,11,231.7
2004-06-30,11,59.8
2004-07-31,11,25.2
2004-08-31,11,12.3
2004-09-30,11,3.4
2004-10-31,11,92.8
2004-11-30,11,107.0
2004-12-31,11,242.3
2005-01-31,11,394.7
2005-02-28,11,218.2
2005-03-31,11,451.8
2005-04-30,11,374.3
2005-05-31,11,750.3
2005-06-30,11,529.2
2005-07-31,11,186.9
2005-08-31,11,33.9
2005-09-30,11,15.7
2005-10-31,11,7.2
2005-11-30,11,33.9
2005-12-31,11,1128.3
2006-01-31,11,501.5
2006-02-28,11,322.1
2006-03-31,11,432.7
2006-04-30,11,916.0
2006-05-31,11,829.4
2006-06-30,11,488.1
2006-07-31,11,149.6
2006-08-31,11,29.9
2006-09-30,11,13.1
2006-10-31,11,4.7
2006-11-30,11,39.7
2006-12-31,11,171.8
2007-01-31,11,131.9
2007-02-28,11,342.3
2007-03-31,11,278.4
2007-04-30,11,262.2
2007-05-31,11,258.4
2007-06-30,11,55.1
2007-07-31,11,24.9
2007-08-31,11,12.0
2007-09-30,11,3.3
2007-10-31,11,24.3
2007-11-30,11,40.9
2007-12-31,11,97.2
2008-01-31,11,208.7
2008-02-29,11,167.0
2008-03-31,11,218.8
2008-04-30,11,175.6
2008-05-31,11,262.7
2008-06-30,11,98.9
2008-07-31,11,30.1
2008-08-31,11,16.4
2008-09-30,11,5.2
2008-10-31,11,26.6
2008-11-30,11,144.6
2008-12-31,11,51.3
2009-01-31,11,107.6
2009-02-28,11,253.1
2009-03-31,11,439.8
2009-04-30,11,295.1
2009-05-31,11,606.5
2009-06-30,11,171.7
2009-07-31,11,33.7
2009-08-31,11,17.1
2009-09-30,11,5.7
2009-10-31,11,91.5
2009-11-30,11,42.2
2009-12-31,11,88.9
2010-01-31,11,209.9
2010-02-28,11,224.7
2010-03-31,11,308.9
2010-04-30,11,398.0
2010-05-31,11,420.7
2010-06-30,11,417.3
2010-07-31,11,120.2
2010-08-31,11,28.0
2010-09-30,11,13.2
2010-10-31,11,263.4
2010-11-30,11,206.5
2010-12-31,11,618.3
2011-01-31,11,204.9
2011-02-28,11,114.5
2011-03-31,11,381.7
2011-04-30,11,535.3
2011-05-31,11,704.8
2011-06-30,11,776.6
2011-07-31,11,484.3
2011-08-31,11,120.0
2011-09-30,11,26.9
2011-10-31,11,58.9
2011-11-30,11,23.7
2011-12-31,11,12.3
2012-01-31,11,117.8
2012-02-29,11,54.4
2012-03-31,11,313.5
2012-04-30,11,545.6
2012-05-31,11,413.2
2012-06-30,11,160.8
2012-07-31,11,35.6
2012-08-31,11,18.2
2012-09-30,11,7.6
2012-10-31,11,3.9
2012-11-30,11,77.5
2012-12-31,11,542.2
2013-01-31,11,81.0
2013-02-28,11,35.8
2013-03-31,11,199.1
2013-04-30,11,290.8
2013-05-31,11,276.3
2013-06-30,11,118.0
2013-07-31,11,53.2
2013-08-31,11,21.7
2013-09-30,11,9.4
2013-10-31,11,7.9
2013-11-30,11,5.7
2013-12-31,11,8.7
2014-01-31,11,8.7
2014-02-28,11,359.8
2014-03-31,11,309.2
2014-04-30,11,330.0
2014-05-31,11,273.5
2014-06-30,11,87.9
2014-07-31,11,49.6
2014-08-31,11,21.2
2014-09-30,11,9.0
1921-10-31,13,0.0
1921-11-30,13,0.3
1921-12-31,13,15.9
1922-01-31,13,30.7
1922-02-28,13,72.7
1922-03-31,13,91.1
1922-04-30,13,86.7
1922-05-31,13,95.2
1922-06-30,13,19.2
1922-07-31,13,4.8
1922-08-31,13,0.9
1922-09-30,13,0.0
1922-10-31,13,0.1
1922-11-30,13,18.5
1922-12-31,13,114.3
1923-01-31,13,50.5
1923-02-28,13,23.4
1923-03-31,13,34.0
1923-04-30,13,106.9
1923-05-31,13,52.6
1923-06-30,13,10.5
1923-07-31,13,3.5
1923-08-31,13,0.8
1923-09-30,13,0.1
1923-10-31,13,3.8
1923-11-30,13,2.8
1923-12-31,13,1.4
1924-01-31,13,3.6
1924-02-29,13,12.5
1924-03-31,13,7.8
1924-04-30,13,17.7
1924-05-31,13,9.8
1924-06-30,13,2.8
1924-07-31,13,0.5
1924-08-31,13,0.0
1924-09-30,13,0.0
1924-10-31,13,2.4
1924-11-30,13,20.6
1924-12-31,13,24.7
1925-01-31,13,20.3
1925-02-28,13,151.2
1925-03-31,13,37.6
1925-04-30,13,76.2
1925-05-31,13,35.6
1925-06-30,13,8.7
1925-07-31,13,2.5
1925-08-31,13,0.5
1925-09-30,13,0.0
1925-10-31,13,1.2
1925-11-30,13,2.7
1925-12-31,13,5.8
1926-01-31,13,6.4
1926-02-28,13,79.0
1926-03-31,13,34.1
1926-04-30,13,76.8
1926-05-31,13,9.8
1926-06-30,13,2.6
1926-07-31,13,0.7
1926-08-31,13,0.0
1926-09-30,13,0.0
1926-10-31,13,0.4
1926-11-30,13,59.6
1926-12-31,13,47.9
1927-01-31,13,41.6
1927-02-28,13,124.5
1927-03-31,13,47.7
1927-04-30,13,93.0
1927-05-31,13,31.3
1927-06-30,13,7.8
1927-07-31,13,2.5
1927-08-31,13,0.4
1927-09-30,13,0.0
1927-10-31,13,0.0
1927-11-30,13,20.4
1927-12-31,13,19.1
1928-01-31,13,16.5
1928-02-29,13,32.2
1928-03-31,13,171.7
1928-04-30,13,80.3
1928-05-31,13,13.7
1928-06-30,13,3.8
1928-07-31,13,0.8
1928-08-31,13,0.0
1928-09-30,13,0.0
1928-10-31,13,0.0
1928-11-30,13,1.8
1928-12-31,13,5.3
1929-01-31,13,6.9
1929-02-28,13,22.4
1929-03-31,13,33.3
1929-04-30,13,59.1
1929-05-31,13,41.6
1929-06-30,13,11.0
1929-07-31,13,6.6
1929-08-31,13,1.6
1929-09-30,13,0.1
1929-10-31,13,0.0
1929-11-30,13,0.1
1929-12-31,13,24.9
1930-01-31,13,36.1
1930-02-28,13,33.8
1930-03-31,13,72.9
1930-04-30,13,55.5
1930-05-31,13,24.2
1930-06-30,13,9.1
1930-07-31,13,2.4
1930-08-31,13,0.3
1930-09-30,13,0.0
1930-10-31,13,0.3
1930-11-30,13,5.7
1930-12-31,13,6.5
1931-01-31,13,8.7
1931-02-28,13,24.8
1931-03-31,13,33.7
1931-04-30,13,27.6
1931-05-31,13,12.7
1931-06-30,13,4.7
1931-07-31,13,2.6
1931-08-31,13,0.7
1931-09-30,13,0.0
1931-10-31,13,0.1
1931-11-30,13,6.7
1931-12-31,13,66.4
1932-01-31,13,53.7
1932-02-29,13,59.0
1932-03-31,13,47.2
1932-04-30,13,53.2
1932-05-31,13,72.8
1932-06-30,13,12.9
1932-07-31,13,3.5
1932-08-31,13,0.6
1932-09-30,13,0.0
1932-10-31,13,0.0
1932-11-30,13,0.0
1932-12-31,13,1.7
1933-01-31,13,6.1
1933-02-28,13,7.3
1933-03-31,13,54.6
1933-04-30,13,52.2
1933-05-31,13,43.0
1933-06-30,13,10.8
1933-07-31,13,2.9
1933-08-31,13,0.4
1933-09-30,13,0.0
1933-10-31,13,5.5
1933-11-30,13,9.9
1933-12-31,13,28.7
1934-01-31,13,38.1
1934-02-28,13,62.6
1934-03-31,13,38.5
1934-04-30,13,13.9
1934-05-31,13,6.3
1934-06-30,13,2.5
1934-07-31,13,1.7
1934-08-31,13,0.4
1934-09-30,13,0.0
1934-10-31,13,1.1
1934-11-30,13,14.7
1934-12-31,13,12.9
1935-01-31,13,60.3
1935-02-28,13,29.1
1935-03-31,13,36.8
1935-04-30,13,169.9
1935-05-31,13,59.4
1935-06-30,13,12.2
1935-07-31,13,3.2
1935-08-31,13,0.5
1935-09-30,13,0.0
1935-10-31,13,0.4
1935-11-30,13,3.1
1935-12-31,13,2.3
1936-01-31,13,83.3
1936-02-29,13,208.7
1936-03-31,13,59.0
1936-04-30,13,79.3
1936-05-31,13,57.7
1936-06-30,13,19.6
1936-07-31,13,5.5
1936-08-31,13,1.0
1936-09-30,13,0.1
1936-10-31,13,0.4
1936-11-30,13,0.4
1936-12-31,13,1.8
1937-01-31,13,11.2
1937-02-28,13,84.5
1937-03-31,13,105.3
1937-04-30,13,89.1
1937-05-31,13,96.0
1937-06-30,13,13.0
1937-07-31,13,4.5
1937-08-31,13,0.9
1937-09-30,13,0.1
1937-10-31,13,0.3
1937-11-30,13,5.6
1937-12-31,13,73.0
1938-01-31,13,37.1
1938-02-28,13,113.6
1938-03-31,13,143.8
1938-04-30,13,100.6
1938-05-31,13,108.0
1938-06-30,13,39.6
1938-07-31,13,6.3
1938-08-31,13,1.5
1938-09-30,13,0.2
1938-10-31,13,0.6
1938-11-30,13,5.5
1938-12-31,13,5.6
1939-01-31,13,9.7
1939-02-28,13,13.4
1939-03-31,13,39.9
1939-04-30,13,37.8
1939-05-31,13,9.3
1939-06-30,13,6.1
1939-07-31,13,1.9
1939-08-31,13,0.2
1939-09-30,13,0.0
1939-10-31,13,3.6
1939-11-30,13,4.1
1939-12-31,13,2.6
1940-01-31,13,110.9
1940-02-29,13,143.3
1940-03-31,13,135.0
1940-04-30,13,86.1
1940-05-31,13,20.4
1940-06-30,13,5.4
1940-07-31,13,1.3
1940-08-31,13,0.1
1940-09-30,13,0.0
1940-10-31,13,0.1
1940-11-30,13,5.4
1940-12-31,13,68.4
1941-01-31,13,85.8
1941-02-28,13,100.4
1941-03-31,13,69.4
1941-04-30,13,75.1
1941-05-31,13,57.2
1941-06-30,13,11.6
1941-07-31,13,3.6
1941-08-31,13,0.8
1941-09-30,13,0.0
1941-10-31,13,0.1
1941-11-30,13,4.4
1941-12-31,13,49.4
1942-01-31,13,90.9
1942-02-28,13,94.6
1942-03-31,13,32.9
1942-04-30,13,90.5
1942-05-31,13,84.6
1942-06-30,13,36.3
1942-07-31,13,7.2
1942-08-31,13,1.6
1942-09-30,13,0.1
1942-10-31,13,0.0
1942-11-30,13,46.6
1942-12-31,13,51.1
1943-01-31,13,138.6
1943-02-28,13,57.4
1943-03-31,13,160.5
1943-04-30,13,59.7
1943-05-31,13,37.1
1943-06-30,13,11.3
1943-07-31,13,3.3
1943-08-31,13,0.6
1943-09-30,13,0.0
1943-10-31,13,0.0
1943-11-30,13,0.9
1943-12-31,13,2.5
1944-01-31,13,10.7
1944-02-29,13,40.5
1944-03-31,13,43.3
1944-04-30,13,44.1
1944-05-31,13,58.9
1944-06-30,13,10.4
1944-07-31,13,3.1
1944-08-31,13,0.5
1944-09-30,13,0.0
1944-10-31,13,5.3
1944-11-30,13,52.6
1944-12-31,13,22.0
1945-01-31,13,12.1
1945-02-28,13,124.3
1945-03-31,13,43.5
1945-04-30,13,62.9
1945-05-31,13,48.5
1945-06-30,13,11.4
1945-07-31,13,3.9
1945-08-31,13,0.8
1945-09-30,13,0.0
1945-10-31,13,9.1
1945-11-30,13,34.2
1945-12-31,13,112.9
1946-01-31,13,43.5
1946-02-28,13,15.7
1946-03-31,13,52.2
1946-04-30,13,69.8
1946-05-31,13,47.9
1946-06-30,13,9.5
1946-07-31,13,2.5
1946-08-31,13,0.3
1946-09-30,13,0.0
1946-10-31,13,0.8
1946-11-30,13,11.4
1946-12-31,13,18.1
1947-01-31,13,10.2
1947-02-28,13,26.2
1947-03-31,13,78.9
1947-04-30,13,51.3
1947-05-31,13,13.5
1947-06-30,13,3.8
1947-07-31,13,1.7
1947-08-31,13,0.3
1947-09-30,13,0.0
1947-10-31,13,8.9
1947-11-30,13,13.9
1947-12-31,13,4.7
1948-01-31,13,9.2
1948-02-29,13,8.3
1948-03-31,13,55.9
1948-04-30,13,111.7
1948-05-31,13,75.7
1948-06-30,13,19.4
1948-07-31,13,4.6
1948-08-31,13,0.8
1948-09-30,13,0.0
1948-10-31,13,0.0
1948-11-30,13,1.6
1948-12-31,13,5.6
1949-01-31,13,8.0
1949-02-28,13,9.7
1949-03-31,13,89.8
1949-04-30,13,85.8
1949-05-31,13,35.8
1949-06-30,13,8.0
1949-07-31,13,2.0
1949-08-31,13,0.2
1949-09-30,13,0.0
1949-10-31,13,0.1
1949-11-30,13,2.3
1949-12-31,13,4.5
1950-01-31,13,29.9
1950-02-28,13,56.3
1950-03-31,13,69.7
1950-04-30,13,100.5
1950-05-31,13,56.2
1950-06-30,13,12.3
1950-07-31,13,3.5
1950-08-31,13,0.6
1950-09-30,13,0.0
1950-10-31,13,6.6
1950-11-30,13,202.0
1950-12-31,13,157.6
1951-01-31,13,67.5
1951-02-28,13,56.7
1951-03-31,13,68.8
1951-04-30,13,53.5
1951-05-31,13,49.2
1951-06-30,13,8.3
1951-07-31,13,2.0
1951-08-31,13,0.2
1951-09-30,13,0.0
1951-10-31,13,1.8
1951-11-30,13,15.3
1951-12-31,13,75.7
1952-01-31,13,102.5
1952-02-29,13,67.8
1952-03-31,13,72.2
1952-04-30,13,121.2
1952-05-31,13,111.8
1952-06-30,13,33.0
1952-07-31,13,6.4
1952-08-31,13,1.5
1952-09-30,13,0.3
1952-10-31,13,0.4
1952-11-30,13,0.7
1952-12-31,13,21.9
1953-01-31,13,77.4
1953-02-28,13,12.3
1953-03-31,13,37.1
1953-04-30,13,75.2
1953-05-31,13,56.7
1953-06-30,13,21.4
1953-07-31,13,6.1
1953-08-31,13,1.3
1953-09-30,13,0.1
1953-10-31,13,0.0
1953-11-30,13,3.7
1953-12-31,13,9.5
1954-01-31,13,14.0
1954-02-28,13,35.5
1954-03-31,13,74.5
1954-04-30,13,94.1
1954-05-31,13,23.8
1954-06-30,13,5.7
1954-07-31,13,2.1
1954-08-31,13,0.4
1954-09-30,13,0.0
1954-10-31,13,0.0
1954-11-30,13,1.4
1954-12-31,13,35.8
1955-01-31,13,31.6
1955-02-28,13,16.7
1955-03-31,13,31.7
1955-04-30,13,36.7
1955-05-31,13,65.7
1955-06-30,13,12.5
1955-07-31,13,3.6
1955-08-31,13,0.6
1955-09-30,13,0.0
1955-10-31,13,0.1
1955-11-30,13,0.3
1955-12-31,13,213.7
1956-01-31,13,137.5
1956-02-29,13,30.5
1956-03-31,13,44.0
1956-04-30,13,60.8
1956-05-31,13,107.4
1956-06-30,13,25.4
1956-07-31,13,5.5
1956-08-31,13,1.1
1956-09-30,13,0.1
1956-10-31,13,0.9
1956-11-30,13,6.5
1956-12-31,13,3.5
1957-01-31,13,3.2
1957-02-28,13,37.5
1957-03-31,13,101.7
1957-04-30,13,52.9
1957-05-31,13,69.7
1957-06-30,13,13.0
1957-07-31,13,3.6
1957-08-31,13,0.6
1957-09-30,13,0.0
1957-10-31,13,0.4
1957-11-30,13,2.7
1957-12-31,13,9.5
1958-01-31,13,36.3
1958-02-28,13,120.9
1958-03-31,13,93.3
1958-04-30,13,144.4
1958-05-31,13,106.7
1958-06-30,13,22.1
1958-07-31,13,5.7
1958-08-31,13,1.2
1958-09-30,13,0.2
1958-10-31,13,0.3
1958-11-30,13,0.6
1958-12-31,13,1.1
1959-01-31,13,20.7
1959-02-28,13,45.9
1959-03-31,13,38.4
1959-04-30,13,44.0
1959-05-31,13,12.8
1959-06-30,13,4.1
1959-07-31,13,1.0
1959-08-31,13,0.0
1959-09-30,13,1.0
1959-10-31,13,4.1
1959-11-30,13,1.5
1959-12-31,13,0.4
1960-01-31,13,7.5
1960-02-29,13,76.0
1960-03-31,13,76.4
1960-04-30,13,44.2
1960-05-31,13,31.8
1960-06-30,13,7.4
1960-07-31,13,1.8
1960-08-31,13,0.2
1960-09-30,13,0.0
1960-10-31,13,0.1
1960-11-30,13,3.2
1960-12-31,13,12.5
1961-01-31,13,3.4
1961-02-28,13,20.4
1961-03-31,13,38.6
1961-04-30,13,42.7
1961-05-31,13,23.3
1961-06-30,13,6.9
1961-07-31,13,1.7
1961-08-31,13,0.2
1961-09-30,13,0.0
1961-10-31,13,1.2
1961-11-30,13,1.1
1961-12-31,13,7.0
1962-01-31,13,3.4
1962-02-28,13,90.7
1962-03-31,13,54.6
1962-04-30,13,86.7
1962-05-31,13,44.1
1962-06-30,13,10.6
1962-07-31,13,3.0
1962-08-31,13,0.6
1962-09-30,13,0.0
1962-10-31,13,59.5
1962-11-30,13,11.1
1962-12-31,13,21.1
1963-01-31,13,34.7
1963-02-28,13,115.9
1963-03-31,13,35.9
1963-04-30,13,100.2
1963-05-31,13,91.8
1963-06-30,13,21.5
1963-07-31,13,5.3
1963-08-31,13,1.0
1963-09-30,13,0.1
1963-10-31,13,2.2
1963-11-30,13,25.0
1963-12-31,13,10.9
1964-01-31,13,17.2
1964-02-29,13,10.4
1964-03-31,13,28.5
1964-04-30,13,54.4
1964-05-31,13,40.0
1964-06-30,13,10.7
1964-07-31,13,3.7
1964-08-31,13,0.7
1964-09-30,13,0.0
1964-10-31,13,0.1
1964-11-30,13,16.1
1964-12-31,13,218.7
1965-01-31,13,75.1
1965-02-28,13,28.8
1965-03-31,13,54.0
1965-04-30,13,101.1
1965-05-31,13,80.2
1965-06-30,13,20.1
1965-07-31,13,5.2
1965-08-31,13,1.2
1965-09-30,13,1.5
1965-10-31,13,1.0
1965-11-30,13,17.3
1965-12-31,13,20.0
1966-01-31,13,20.6
1966-02-28,13,20.5
1966-03-31,13,45.2
1966-04-30,13,69.7
1966-05-31,13,11.5
1966-06-30,13,3.3
1966-07-31,13,0.6
1966-08-31,13,0.0
1966-09-30,13,0.0
1966-10-31,13,0.0
1966-11-30,13,13.8
1966-12-31,13,75.5
1967-01-31,13,65.4
1967-02-28,13,39.9
1967-03-31,13,72.2
1967-04-30,13,67.2
1967-05-31,13,146.3
1967-06-30,13,58.7
1967-07-31,13,9.8
1967-08-31,13,2.3
1967-09-30,13,0.3
1967-10-31,13,1.9
1967-11-30,13,2.6
1967-12-31,13,10.7
1968-01-31,13,10.1
1968-02-29,13,55.6
1968-03-31,13,63.5
1968-04-30,13,42.7
1968-05-31,13,13.1
1968-06-30,13,4.2
1968-07-31,13,1.1
1968-08-31,13,0.1
1968-09-30,13,0.4
1968-10-31,13,0.5
1968-11-30,13,19.1
1968-12-31,13,21.2
1969-01-31,13,170.1
1969-02-28,13,75.8
1969-03-31,13,67.6
1969-04-30,13,115.1
1969-05-31,13,101.1
1969-06-30,13,24.2
1969-07-31,13,5.5
1969-08-31,13,1.1
1969-09-30,13,0.1
1969-10-31,13,1.8
1969-11-30,13,8.1
1969-12-31,13,47.1
1970-01-31,13,178.8
1970-02-28,13,46.6
1970-03-31,13,49.7
1970-04-30,13,24.0
1970-05-31,13,52.4
1970-06-30,13,11.5
1970-07-31,13,3.9
1970-08-31,13,0.8
1970-09-30,13,0.0
1970-10-31,13,0.0
1970-11-30,13,37.8
1970-12-31,13,94.2
1971-01-31,13,18.3
1971-02-28,13,16.8
1971-03-31,13,74.7
1971-04-30,13,57.7
1971-05-31,13,50.5
1971-06-30,13,12.8
1971-07-31,13,4.6
1971-08-31,13,1.3
1971-09-30,13,0.1
1971-10-31,13,0.5
1971-11-30,13,2.7
1971-12-31,13,21.3
1972-01-31,13,12.1
1972-02-29,13,40.9
1972-03-31,13,58.0
1972-04-30,13,50.8
1972-05-31,13,26.6
1972-06-30,13,6.4
1972-07-31,13,1.7
1972-08-31,13,0.2
1972-09-30,13,0.0
1972-10-31,13,1.9
1972-11-30,13,15.5
1972-12-31,13,12.1
1973-01-31,13,110.7
1973-02-28,13,92.9
1973-03-31,13,57.0
1973-04-30,13,67.6
1973-05-31,13,72.4
1973-06-30,13,10.6
1973-07-31,13,2.8
1973-08-31,13,0.4
1973-09-30,13,0.0
1973-10-31,13,0.9
1973-11-30,13,58.2
1973-12-31,13,72.7
1974-01-31,13,64.3
1974-02-28,13,32.8
1974-03-31,13,119.8
1974-04-30,13,88.5
1974-05-31,13,78.4
1974-06-30,13,16.9
1974-07-31,13,8.2
1974-08-31,13,4.1
1974-09-30,13,0.9
1974-10-31,13,0.2
1974-11-30,13,4.5
1974-12-31,13,10.2
1975-01-31,13,10.9
1975-02-28,13,54.3
1975-03-31,13,79.4
1975-04-30,13,48.8
1975-05-31,13,114.2
1975-06-30,13,31.8
1975-07-31,13,6.1
1975-08-31,13,1.3
1975-09-30,13,1.0
1975-10-31,13,5.6
1975-11-30,13,12.6
1975-12-31,13,6.2
1976-01-31,13,2.1
1976-02-29,13,2.2
1976-03-31,13,10.4
1976-04-30,13,20.5
1976-05-31,13,13.1
1976-06-30,13,3.9
1976-07-31,13,0.8
1976-08-31,13,0.3
1976-09-30,13,2.7
1976-10-31,13,2.5
1976-11-30,13,1.2
1976-12-31,13,1.5
1977-01-31,13,1.6
1977-02-28,13,0.8
1977-03-31,13,4.6
1977-04-30,13,7.2
1977-05-31,13,8.8
1977-06-30,13,4.7
1977-07-31,13,1.5
1977-08-31,13,0.2
1977-09-30,13,0.0
1977-10-31,13,0.3
1977-11-30,13,0.7
1977-12-31,13,27.2
1978-01-31,13,139.5
1978-02-28,13,52.8
1978-03-31,13,128.8
1978-04-30,13,88.6
1978-05-31,13,87.4
1978-06-30,13,22.8
1978-07-31,13,5.1
1978-08-31,13,1.0
1978-09-30,13,3.9
1978-10-31,13,4.8
1978-11-30,13,1.6
1978-12-31,13,4.4
1979-01-31,13,30.4
1979-02-28,13,51.7
1979-03-31,13,80.5
1979-04-30,13,69.9
1979-05-31,13,82.7
1979-06-30,13,11.7
1979-07-31,13,3.3
1979-08-31,13,0.7
1979-09-30,13,0.2
1979-10-31,13,0.4
1979-11-30,13,10.7
1979-12-31,13,14.1
1980-01-31,13,157.1
1980-02-29,13,109.2
1980-03-31,13,54.8
1980-04-30,13,54.3
1980-05-31,13,59.6
1980-06-30,13,23.0
1980-07-31,13,6.7
1980-08-31,13,1.9
1980-09-30,13,0.2
1980-10-31,13,0.1
1980-11-30,13,0.6
1980-12-31,13,2.6
1981-01-31,13,15.4
1981-02-28,13,26.4
1981-03-31,13,67.0
1981-04-30,13,57.4
1981-05-31,13,17.5
1981-06-30,13,6.9
1981-07-31,13,1.8
1981-08-31,13,0.2
1981-09-30,13,0.0
1981-10-31,13,1.4
1981-11-30,13,91.7
1981-12-31,13,116.7
1982-01-31,13,51.7
1982-02-28,13,133.7
1982-03-31,13,125.0
1982-04-30,13,150.4
1982-05-31,13,99.7
1982-06-30,13,15.1
1982-07-31,13,4.9
1982-08-31,13,1.4
1982-09-30,13,2.0
1982-10-31,13,27.3
1982-11-30,13,71.2
1982-12-31,13,90.9
1983-01-31,13,80.8
1983-02-28,13,111.2
1983-03-31,13,180.8
1983-04-30,13,76.2
1983-05-31,13,128.4
1983-06-30,13,101.3
1983-07-31,13,12.2
1983-08-31,13,3.5
1983-09-30,13,1.5
1983-10-31,13,3.1
1983-11-30,13,104.4
1983-12-31,13,119.4
1984-01-31,13,40.2
1984-02-29,13,51.1
1984-03-31,13,84.2
1984-04-30,13,49.7
1984-05-31,13,66.5
1984-06-30,13,13.4
1984-07-31,13,4.2
1984-08-31,13,0.8
1984-09-30,13,0.0
1984-10-31,13,0.6
1984-11-30,13,35.6
1984-12-31,13,18.6
1985-01-31,13,5.5
1985-02-28,13,11.8
1985-03-31,13,36.4
1985-04-30,13,76.1
1985-05-31,13,21.1
1985-06-30,13,4.9
1985-07-31,13,1.2
1985-08-31,13,0.1
1985-09-30,13,0.8
1985-10-31,13,2.9
1985-11-30,13,6.1
1985-12-31,13,19.5
1986-01-31,13,57.3
1986-02-28,13,278.7
1986-03-31,13,138.0
1986-04-30,13,40.0
1986-05-31,13,58.9
1986-06-30,13,14.1
1986-07-31,13,3.9
1986-08-31,13,0.7
1986-09-30,13,0.1
1986-10-31,13,2.2
1986-11-30,13,2.1
1986-12-31,13,0.9
1987-01-31,13,3.1
1987-02-28,13,15.4
1987-03-31,13,47.9
1987-04-30,13,39.2
1987-05-31,13,11.5
1987-06-30,13,3.4
1987-07-31,13,0.8
1987-08-31,13,0.0
1987-09-30,13,0.0
1987-10-31,13,0.0
1987-11-30,13,1.5
1987-12-31,13,7.7
1988-01-31,13,15.1
1988-02-29,13,11.8
1988-03-31,13,37.3
1988-04-30,13,29.9
1988-05-31,13,11.8
1988-06-30,13,4.2
1988-07-31,13,1.5
1988-08-31,13,0.3
1988-09-30,13,0.0
1988-10-31,13,0.0
1988-11-30,13,2.6
1988-12-31,13,8.6
1989-01-31,13,4.1
1989-02-28,13,1.9
1989-03-31,13,157.3
1989-04-30,13,83.7
1989-05-31,13,20.0
1989-06-30,13,5.4
1989-07-31,13,1.6
1989-08-31,13,0.2
1989-09-30,13,0.5
1989-10-31,13,9.5
1989-11-30,13,10.8
1989-12-31,13,7.9
1990-01-31,13,6.7
1990-02-28,13,7.4
1990-03-31,13,55.3
1990-04-30,13,33.0
1990-05-31,13,13.3
1990-06-30,13,10.1
1990-07-31,13,3.7
1990-08-31,13,0.7
1990-09-30,13,0.0
1990-10-31,13,0.2
1990-11-30,13,0.9
1990-12-31,13,1.2
1991-01-31,13,0.9
1991-02-28,13,3.7
1991-03-31,13,54.6
1991-04-30,13,54.1
1991-05-31,13,48.4
1991-06-30,13,10.8
1991-07-31,13,3.9
1991-08-31,13,1.4
1991-09-30,13,0.2
1991-10-31,13,0.2
1991-11-30,13,5.4
1991-12-31,13,4.5
1992-01-31,13,8.0
1992-02-29,13,52.4
1992-03-31,13,56.0
1992-04-30,13,41.4
1992-05-31,13,10.4
1992-06-30,13,2.6
1992-07-31,13,1.4
1992-08-31,13,1.4
1992-09-30,13,0.2
1992-10-31,13,0.2
1992-11-30,13,5.5
1992-12-31,13,22.7
1993-01-31,13,84.8
1993-02-28,13,62.4
1993-03-31,13,130.6
1993-04-30,13,90.7
1993-05-31,13,90.5
1993-06-30,13,24.7
1993-07-31,13,5.6
1993-08-31,13,1.0
1993-09-30,13,0.0
1993-10-31,13,0.1
1993-11-30,13,2.5
1993-12-31,13,8.0
1994-01-31,13,5.4
1994-02-28,13,16.6
1994-03-31,13,40.0
1994-04-30,13,28.6
1994-05-31,13,15.9
1994-06-30,13,5.8
1994-07-31,13,1.3
1994-08-31,13,0.1
1994-09-30,13,0.0
1994-10-31,13,0.7
1994-11-30,13,11.4
1994-12-31,13,20.4
1995-01-31,13,153.5
1995-02-28,13,38.9
1995-03-31,13,198.6
1995-04-30,13,113.5
1995-05-31,13,123.5
1995-06-30,13,69.0
1995-07-31,13,11.3
1995-08-31,13,2.9
1995-09-30,13,0.4
1995-10-31,13,0.0
1995-11-30,13,0.0
1995-12-31,13,23.5
1996-01-31,13,67.9
1996-02-29,13,122.3
1996-03-31,13,86.8
1996-04-30,13,76.3
1996-05-31,13,88.7
1996-06-30,13,12.0
1996-07-31,13,3.5
1996-08-31,13,0.9
1996-09-30,13,0.0
1996-10-31,13,0.2
1996-11-30,13,20.1
1996-12-31,13,169.9
1997-01-31,13,239.6
1997-02-28,13,39.6
1997-03-31,13,46.3
1997-04-30,13,39.8
1997-05-31,13,34.7
1997-06-30,13,8.3
1997-07-31,13,3.2
1997-08-31,13,0.7
1997-09-30,13,0.0
1997-10-31,13,0.4
1997-11-30,13,6.1
1997-12-31,13,17.9
1998-01-31,13,113.4
1998-02-28,13,149.5
1998-03-31,13,100.7
1998-04-30,13,91.8
1998-05-31,13,107.1
1998-06-30,13,50.4
1998-07-31,13,8.1
1998-08-31,13,1.7
1998-09-30,13,0.3
1998-10-31,13,1.6
1998-11-30,13,4.9
1998-12-31,13,18.5
1999-01-31,13,74.2
1999-02-28,13,125.0
1999-03-31,13,68.6
1999-04-30,13,60.8
1999-05-31,13,53.1
1999-06-30,13,11.3
1999-07-31,13,3.2
1999-08-31,13,0.5
1999-09-30,13,0.0
1999-10-31,13,0.1
1999-11-30,13,7.6
1999-12-31,13,10.9
2000-01-31,13,88.9
2000-02-29,13,137.1
2000-03-31,13,62.7
2000-04-30,13,47.2
2000-05-31,13,47.5
2000-06-30,13,9.2
2000-07-31,13,2.5
2000-08-31,13,0.3
2000-09-30,13,0.7
2000-10-31,13,2.2
2000-11-30,13,7.1
2000-12-31,13,4.4
2001-01-31,13,7.6
2001-02-28,13,33.3
2001-03-31,13,55.4
2001-04-30,13,52.4
2001-05-31,13,27.8
2001-06-30,13,5.2
2001-07-31,13,1.0
2001-08-31,13,0.0
2001-09-30,13,0.0
2001-10-31,13,0.1
2001-11-30,13,11.8
2001-12-31,13,71.5
2002-01-31,13,43.8
2002-02-28,13,44.4
2002-03-31,13,83.2
2002-04-30,13,50.0
2002-05-31,13,19.5
2002-06-30,13,7.2
2002-07-31,13,1.8
2002-08-31,13,0.2
2002-09-30,13,0.0
2002-10-31,13,0.0
2002-11-30,13,17.2
2002-12-31,13,76.3
2003-01-31,13,32.4
2003-02-28,13,23.5
2003-03-31,13,53.2
2003-04-30,13,92.0
2003-05-31,13,58.1
2003-06-30,13,8.2
2003-07-31,13,1.9
2003-08-31,13,0.2
2003-09-30,13,0.3
2003-10-31,13,0.2
2003-11-30,13,0.6
2003-12-31,13,48.9
2004-01-31,13,35.5
2004-02-29,13,77.8
2004-03-31,13,72.6
2004-04-30,13,17.0
2004-05-31,13,6.7
2004-06-30,13,1.7
2004-07-31,13,0.4
2004-08-31,13,0.0
2004-09-30,13,0.0
2004-10-31,13,17.3
2004-11-30,13,22.2
2004-12-31,13,70.8
2005-01-31,13,123.2
2005-02-28,13,66.5
2005-03-31,13,129.9
2005-04-30,13,56.9
2005-05-31,13,44.9
2005-06-30,13,9.8
2005-07-31,13,3.8
2005-08-31,13,0.8
2005-09-30,13,0.0
2005-10-31,13,0.1
2005-11-30,13,1.2
2005-12-31,13,167.3
2006-01-31,13,146.1
2006-02-28,13,56.1
2006-03-31,13,145.1
2006-04-30,13,224.8
2006-05-31,13,26.5
2006-06-30,13,7.7
2006-07-31,13,2.1
2006-08-31,13,0.3
2006-09-30,13,0.0
2006-10-31,13,0.1
2006-11-30,13,4.5
2006-12-31,13,25.0
2007-01-31,13,22.3
2007-02-28,13,78.2
2007-03-31,13,56.2
2007-04-30,13,21.9
2007-05-31,13,12.6
2007-06-30,13,3.8
2007-07-31,13,0.7
2007-08-31,13,0.0
2007-09-30,13,0.0
2007-10-31,13,0.3
2007-11-30,13,2.6
2007-12-31,13,6.5
2008-01-31,13,51.4
2008-02-29,13,45.3
2008-03-31,13,47.6
2008-04-30,13,22.0
2008-05-31,13,8.6
2008-06-30,13,3.1
2008-07-31,13,1.3
2008-08-31,13,0.1
2008-09-30,13,0.0
2008-10-31,13,0.7
2008-11-30,13,12.6
2008-12-31,13,7.2
2009-01-31,13,17.9
2009-02-28,13,70.0
2009-03-31,13,103.4
2009-04-30,13,44.3
2009-05-31,13,39.2
2009-06-30,13,6.0
2009-07-31,13,1.3
2009-08-31,13,0.1
2009-09-30,13,0.0
2009-10-31,13,4.4
2009-11-30,13,5.9
2009-12-31,13,13.6
2010-01-31,13,52.5
2010-02-28,13,66.1
2010-03-31,13,81.7
2010-04-30,13,81.6
2010-05-31,13,31.0
2010-06-30,13,11.4
2010-07-31,13,3.3
2010-08-31,13,0.5
2010-09-30,13,0.0
2010-10-31,13,20.6
2010-11-30,13,33.7
2010-12-31,13,156.4
2011-01-31,13,43.9
2011-02-28,13,44.3
2011-03-31,13,175.7
2011-04-30,13,101.0
2011-05-31,13,53.8
2011-06-30,13,18.5
2011-07-31,13,6.4
2011-08-31,13,1.8
2011-09-30,13,0.2
2011-10-31,13,2.6
2011-11-30,13,3.7
2011-12-31,13,1.6
2012-01-31,13,9.8
2012-02-29,13,13.3
2012-03-31,13,100.9
2012-04-30,13,63.3
2012-05-31,13,12.5
2012-06-30,13,3.7
2012-07-31,13,1.5
2012-08-31,13,0.2
2012-09-30,13,0.0
2012-10-31,13,0.1
2012-11-30,13,24.2
2012-12-31,13,129.1
2013-01-31,13,18.1
2013-02-28,13,8.4
2013-03-31,13,28.0
2013-04-30,13,17.6
2013-05-31,13,5.5
2013-06-30,13,1.9
2013-07-31,13,1.3
2013-08-31,13,0.9
2013-09-30,13,0.1
2013-10-31,13,0.8
2013-11-30,13,0.9
2013-12-31,13,1.9
2014-01-31,13,1.1
2014-02-28,13,94.8
2014-03-31,13,61.3
2014-04-30,13,21.4
2014-05-31,13,7.3
2014-06-30,13,2.3
2014-07-31,13,0.5
2014-08-31,13,0.0
2014-09-30,13,0.0
1921-10-31,14,2.1
1921-11-30,14,4.3
1921-12-31,14,19.7
1922-01-31,14,16.4
1922-02-28,14,48.0
1922-03-31,14,81.3
1922-04-30,14,113.8
1922-05-31,14,217.1
1922-06-30,14,246.7
1922-07-31,14,16.8
1922-08-31,14,2.8
1922-09-30,14,1.5
1922-10-31,14,8.4
1922-11-30,14,24.3
1922-12-31,14,92.1
1923-01-31,14,33.7
1923-02-28,14,26.0
1923-03-31,14,52.1
1923-04-30,14,105.5
1923-05-31,14,218.2
1923-06-30,14,176.9
1923-07-31,14,31.6
1923-08-31,14,3.3
1923-09-30,14,17.0
1923-10-31,14,15.8
1923-11-30,14,6.1
1923-12-31,14,7.9
1924-01-31,14,9.5
1924-02-29,14,24.7
1924-03-31,14,11.0
1924-04-30,14,36.7
1924-05-31,14,90.4
1924-06-30,14,3.5
1924-07-31,14,0.7
1924-08-31,14,0.0
1924-09-30,14,3.6
1924-10-31,14,23.5
1924-11-30,14,36.5
1924-12-31,14,25.7
1925-01-31,14,17.0
1925-02-28,14,145.3
1925-03-31,14,38.0
1925-04-30,14,88.1
1925-05-31,14,161.3
1925-06-30,14,151.1
1925-07-31,14,9.3
1925-08-31,14,4.1
1925-09-30,14,5.4
1925-10-31,14,14.4
1925-11-30,14,8.4
1925-12-31,14,10.8
1926-01-31,14,15.5
1926-02-28,14,62.3
1926-03-31,14,76.5
1926-04-30,14,216.1
1926-05-31,14,24.4
1926-06-30,14,4.1
1926-07-31,14,1.7
1926-08-31,14,0.4
1926-09-30,14,0.1
1926-10-31,14,10.4
1926-11-30,14,206.2
1926-12-31,14,30.2
1927-01-31,14,26.1
1927-02-28,14,179.5
1927-03-31,14,97.1
1927-04-30,14,202.9
1927-05-31,14,71.0
1927-06-30,14,10.4
1927-07-31,14,1.4
1927-08-31,14,0.2
1927-09-30,14,0.9
1927-10-31,14,27.2
1927-11-30,14,37.8
1927-12-31,14,12.1
1928-01-31,14,9.7
1928-02-29,14,41.5
1928-03-31,14,267.5
1928-04-30,14,86.5
1928-05-31,14,168.9
1928-06-30,14,10.3
1928-07-31,14,2.1
1928-08-31,14,0.7
1928-09-30,14,0.3
1928-10-31,14,0.4
1928-11-30,14,6.0
1928-12-31,14,5.9
1929-01-31,14,5.4
1929-02-28,14,12.5
1929-03-31,14,30.0
1929-04-30,14,73.8
1929-05-31,14,220.4
1929-06-30,14,46.8
1929-07-31,14,3.1
1929-08-31,14,0.6
1929-09-30,14,0.3
1929-10-31,14,1.3
1929-11-30,14,0.7
1929-12-31,14,24.1
1930-01-31,14,18.3
1930-02-28,14,53.5
1930-03-31,14,82.5
1930-04-30,14,76.8
1930-05-31,14,79.6
1930-06-30,14,200.6
1930-07-31,14,4.1
1930-08-31,14,2.0
1930-09-30,14,3.6
1930-10-31,14,4.6
1930-11-30,14,14.2
1930-12-31,14,3.3
1931-01-31,14,24.4
1931-02-28,14,35.9
1931-03-31,14,32.2
1931-04-30,14,62.6
1931-05-31,14,126.8
1931-06-30,14,15.0
1931-07-31,14,1.9
1931-08-31,14,0.3
1931-09-30,14,0.4
1931-10-31,14,4.6
1931-11-30,14,9.3
1931-12-31,14,44.1
1932-01-31,14,19.6
1932-02-29,14,36.3
1932-03-31,14,72.6
1932-04-30,14,118.4
1932-05-31,14,208.5
1932-06-30,14,195.0
1932-07-31,14,5.3
1932-08-31,14,1.4
1932-09-30,14,0.7
1932-10-31,14,0.9
1932-11-30,14,2.8
1932-12-31,14,5.3
1933-01-31,14,9.7
1933-02-28,14,5.4
1933-03-31,14,91.1
1933-04-30,14,86.6
1933-05-31,14,117.0
1933-06-30,14,118.6
1933-07-31,14,3.8
1933-08-31,14,0.9
1933-09-30,14,2.1
1933-10-31,14,10.4
1933-11-30,14,11.0
1933-12-31,14,32.4
1934-01-31,14,20.0
1934-02-28,14,58.7
1934-03-31,14,115.6
1934-04-30,14,102.4
1934-05-31,14,27.1
1934-06-30,14,13.0
1934-07-31,14,2.3
1934-08-31,14,1.0
1934-09-30,14,1.7
1934-10-31,14,15.5
1934-11-30,14,23.4
1934-12-31,14,12.4
1935-01-31,14,17.9
1935-02-28,14,26.5
1935-03-31,14,47.2
1935-04-30,14,247.4
1935-05-31,14,168.2
1935-06-30,14,195.3
1935-07-31,14,6.0
1935-08-31,14,2.8
1935-09-30,14,1.7
1935-10-31,14,12.0
1935-11-30,14,5.3
1935-12-31,14,5.6
1936-01-31,14,51.1
1936-02-29,14,191.4
1936-03-31,14,82.3
1936-04-30,14,144.8
1936-05-31,14,227.2
1936-06-30,14,227.6
1936-07-31,14,31.7
1936-08-31,14,3.2
1936-09-30,14,5.9
1936-10-31,14,7.8
1936-11-30,14,7.0
1936-12-31,14,15.0
1937-01-31,14,13.0
1937-02-28,14,66.9
1937-03-31,14,96.3
1937-04-30,14,128.7
1937-05-31,14,382.2
1937-06-30,14,62.8
1937-07-31,14,4.6
1937-08-31,14,2.1
1937-09-30,14,1.1
1937-10-31,14,10.7
1937-11-30,14,13.8
1937-12-31,14,138.5
1938-01-31,14,28.9
1938-02-28,14,71.4
1938-03-31,14,117.5
1938-04-30,14,141.0
1938-05-31,14,325.0
1938-06-30,14,367.0
1938-07-31,14,43.3
1938-08-31,14,4.9
1938-09-30,14,6.0
1938-10-31,14,25.3
1938-11-30,14,14.2
1938-12-31,14,20.9
1939-01-31,14,16.0
1939-02-28,14,15.9
1939-03-31,14,66.8
1939-04-30,14,113.1
1939-05-31,14,80.5
1939-06-30,14,17.3
1939-07-31,14,2.0
1939-08-31,14,0.6
1939-09-30,14,11.9
1939-10-31,14,17.3
1939-11-30,14,4.5
1939-12-31,14,6.1
1940-01-31,14,117.5
1940-02-29,14,151.4
1940-03-31,14,148.9
1940-04-30,14,86.0
1940-05-31,14,247.0
1940-06-30,14,98.4
1940-07-31,14,3.5
1940-08-31,14,1.4
1940-09-30,14,2.0
1940-10-31,14,7.0
1940-11-30,14,12.4
1940-12-31,14,73.3
1941-01-31,14,39.5
1941-02-28,14,122.3
1941-03-31,14,89.2
1941-04-30,14,83.3
1941-05-31,14,214.6
1941-06-30,14,229.7
1941-07-31,14,17.9
1941-08-31,14,3.0
1941-09-30,14,4.0
1941-10-31,14,7.4
1941-11-30,14,30.8
1941-12-31,14,50.5
1942-01-31,14,81.4
1942-02-28,14,68.9
1942-03-31,14,57.2
1942-04-30,14,118.0
1942-05-31,14,172.2
1942-06-30,14,330.7
1942-07-31,14,49.0
1942-08-31,14,2.9
1942-09-30,14,3.3
1942-10-31,14,6.4
1942-11-30,14,71.0
1942-12-31,14,57.2
1943-01-31,14,81.6
1943-02-28,14,65.1
1943-03-31,14,198.6
1943-04-30,14,148.9
1943-05-31,14,231.9
1943-06-30,14,151.0
1943-07-31,14,13.8
1943-08-31,14,3.1
1943-09-30,14,2.8
1943-10-31,14,7.8
1943-11-30,14,9.8
1943-12-31,14,11.4
1944-01-31,14,16.8
1944-02-29,14,39.0
1944-03-31,14,58.8
1944-04-30,14,68.8
1944-05-31,14,207.6
1944-06-30,14,80.9
1944-07-31,14,5.4
1944-08-31,14,1.7
1944-09-30,14,1.3
1944-10-31,14,36.4
1944-11-30,14,69.0
1944-12-31,14,29.3
1945-01-31,14,8.7
1945-02-28,14,123.8
1945-03-31,14,35.7
1945-04-30,14,132.2
1945-05-31,14,213.7
1945-06-30,14,189.5
1945-07-31,14,8.7
1945-08-31,14,2.8
1945-09-30,14,2.3
1945-10-31,14,70.8
1945-11-30,14,40.1
1945-12-31,14,84.4
1946-01-31,14,19.4
1946-02-28,14,15.8
1946-03-31,14,66.1
1946-04-30,14,173.6
1946-05-31,14,228.0
1946-06-30,14,87.8
1946-07-31,14,6.1
1946-08-31,14,2.3
1946-09-30,14,3.4
1946-10-31,14,15.4
1946-11-30,14,32.0
1946-12-31,14,23.6
1947-01-31,14,7.5
1947-02-28,14,48.4
1947-03-31,14,96.8
1947-04-30,14,93.7
1947-05-31,14,153.4
1947-06-30,14,14.4
1947-07-31,14,2.1
1947-08-31,14,0.6
1947-09-30,14,0.6
1947-10-31,14,33.5
1947-11-30,14,14.1
1947-12-31,14,4.3
1948-01-31,14,14.0
1948-02-29,14,8.7
1948-03-31,14,50.1
1948-04-30,14,107.2
1948-05-31,14,166.4
1948-06-30,14,211.4
1948-07-31,14,9.0
1948-08-31,14,1.4
1948-09-30,14,0.8
1948-10-31,14,3.6
1948-11-30,14,5.5
1948-12-31,14,7.0
1949-01-31,14,6.3
1949-02-28,14,7.1
1949-03-31,14,46.4
1949-04-30,14,190.1
1949-05-31,14,203.3
1949-06-30,14,39.4
1949-07-31,14,3.8
1949-08-31,14,2.8
1949-09-30,14,2.1
1949-10-31,14,2.6
1949-11-30,14,13.8
1949-12-31,14,7.2
1950-01-31,14,18.1
1950-02-28,14,60.9
1950-03-31,14,89.6
1950-04-30,14,155.2
1950-05-31,14,205.0
1950-06-30,14,137.4
1950-07-31,14,4.7
1950-08-31,14,1.9
1950-09-30,14,3.9
1950-10-31,14,30.6
1950-11-30,14,288.0
1950-12-31,14,157.3
1951-01-31,14,63.2
1951-02-28,14,48.4
1951-03-31,14,75.1
1951-04-30,14,108.2
1951-05-31,14,196.0
1951-06-30,14,181.2
1951-07-31,14,5.8
1951-08-31,14,2.1
1951-09-30,14,2.5
1951-10-31,14,17.3
1951-11-30,14,24.3
1951-12-31,14,66.8
1952-01-31,14,47.3
1952-02-29,14,51.2
1952-03-31,14,57.8
1952-04-30,14,206.8
1952-05-31,14,357.7
1952-06-30,14,283.9
1952-07-31,14,32.3
1952-08-31,14,6.1
1952-09-30,14,7.9
1952-10-31,14,7.8
1952-11-30,14,12.6
1952-12-31,14,28.7
1953-01-31,14,69.8
1953-02-28,14,27.4
1953-03-31,14,63.5
1953-04-30,14,132.2
1953-05-31,14,89.6
1953-06-30,14,182.1
1953-07-31,14,60.9
1953-08-31,14,5.1
1953-09-30,14,3.5
1953-10-31,14,5.7
1953-11-30,14,14.5
1953-12-31,14,10.5
1954-01-31,14,26.2
1954-02-28,14,50.5
1954-03-31,14,89.7
1954-04-30,14,178.9
1954-05-31,14,176.9
1954-06-30,14,11.8
1954-07-31,14,2.2
1954-08-31,14,1.2
1954-09-30,14,0.6
1954-10-31,14,0.6
1954-11-30,14,9.8
1954-12-31,14,33.3
1955-01-31,14,20.8
1955-02-28,14,23.3
1955-03-31,14,42.4
1955-04-30,14,45.4
1955-05-31,14,181.5
1955-06-30,14,129.2
1955-07-31,14,3.6
1955-08-31,14,1.6
1955-09-30,14,1.5
1955-10-31,14,1.6
1955-11-30,14,3.3
1955-12-31,14,176.9
1956-01-31,14,91.5
1956-02-29,14,18.8
1956-03-31,14,52.7
1956-04-30,14,127.3
1956-05-31,14,294.1
1956-06-30,14,330.8
1956-07-31,14,64.5
1956-08-31,14,4.8
1956-09-30,14,9.0
1956-10-31,14,15.7
1956-11-30,14,15.0
1956-12-31,14,11.6
1957-01-31,14,14.2
1957-02-28,14,64.3
1957-03-31,14,101.4
1957-04-30,14,87.2
1957-05-31,14,180.1
1957-06-30,14,132.5
1957-07-31,14,4.8
1957-08-31,14,2.0
1957-09-30,14,2.8
1957-10-31,14,7.4
1957-11-30,14,8.1
1957-12-31,14,16.2
1958-01-31,14,39.1
1958-02-28,14,118.6
1958-03-31,14,89.0
1958-04-30,14,151.7
1958-05-31,14,355.1
1958-06-30,14,226.8
1958-07-31,14,25.5
1958-08-31,14,10.0
1958-09-30,14,8.9
1958-10-31,14,6.4
1958-11-30,14,9.0
1958-12-31,14,8.8
1959-01-31,14,39.0
1959-02-28,14,40.4
1959-03-31,14,68.9
1959-04-30,14,113.0
1959-05-31,14,79.3
1959-06-30,14,25.3
1959-07-31,14,4.1
1959-08-31,14,1.5
1959-09-30,14,22.1
1959-10-31,14,4.0
1959-11-30,14,1.5
1959-12-31,14,2.2
1960-01-31,14,8.8
1960-02-29,14,61.3
1960-03-31,14,109.9
1960-04-30,14,96.9
1960-05-31,14,137.4
1960-06-30,14,48.2
1960-07-31,14,3.4
1960-08-31,14,2.4
1960-09-30,14,1.7
1960-10-31,14,4.1
1960-11-30,14,8.9
1960-12-31,14,6.4
1961-01-31,14,8.8
1961-02-28,14,23.8
1961-03-31,14,40.4
1961-04-30,14,78.9
1961-05-31,14,127.1
1961-06-30,14,40.3
1961-07-31,14,3.6
1961-08-31,14,2.2
1961-09-30,14,19.9
1961-10-31,14,3.7
1961-11-30,14,5.1
1961-12-31,14,5.5
1962-01-31,14,4.5
1962-02-28,14,79.5
1962-03-31,14,47.8
1962-04-30,14,216.0
1962-05-31,14,118.3
1962-06-30,14,149.9
1962-07-31,14,5.7
1962-08-31,14,2.0
1962-09-30,14,1.1
1962-10-31,14,76.8
1962-11-30,14,13.0
1962-12-31,14,18.7
1963-01-31,14,76.3
1963-02-28,14,117.4
1963-03-31,14,46.7
1963-04-30,14,98.5
1963-05-31,14,242.1
1963-06-30,14,243.1
1963-07-31,14,23.4
1963-08-31,14,3.5
1963-09-30,14,15.7
1963-10-31,14,27.9
1963-11-30,14,40.5
1963-12-31,14,9.2
1964-01-31,14,14.2
1964-02-29,14,16.4
1964-03-31,14,44.3
1964-04-30,14,81.1
1964-05-31,14,151.8
1964-06-30,14,94.6
1964-07-31,14,4.9
1964-08-31,14,2.0
1964-09-30,14,1.7
1964-10-31,14,4.0
1964-11-30,14,21.8
1964-12-31,14,199.7
1965-01-31,14,39.6
1965-02-28,14,42.1
1965-03-31,14,63.0
1965-04-30,14,152.1
1965-05-31,14,208.4
1965-06-30,14,291.3
1965-07-31,14,92.7
1965-08-31,14,41.1
1965-09-30,14,11.0
1965-10-31,14,6.9
1965-11-30,14,46.4
1965-12-31,14,21.3
1966-01-31,14,18.7
1966-02-28,14,16.4
1966-03-31,14,82.9
1966-04-30,14,194.9
1966-05-31,14,107.0
1966-06-30,14,5.3
1966-07-31,14,1.8
1966-08-31,14,1.9
1966-09-30,14,1.0
1966-10-31,14,1.6
1966-11-30,14,23.6
1966-12-31,14,53.3
1967-01-31,14,55.3
1967-02-28,14,34.9
1967-03-31,14,94.1
1967-04-30,14,42.4
1967-05-31,14,336.0
1967-06-30,14,345.1
1967-07-31,14,140.1
1967-08-31,14,8.9
1967-09-30,14,10.4
1967-10-31,14,18.1
1967-11-30,14,18.1
1967-12-31,14,14.5
1968-01-31,14,25.5
1968-02-29,14,69.9
1968-03-31,14,78.3
1968-04-30,14,82.7
1968-05-31,14,109.9
1968-06-30,14,22.3
1968-07-31,14,1.9
1968-08-31,14,6.5
1968-09-30,14,2.3
1968-10-31,14,4.1
1968-11-30,14,33.3
1968-12-31,14,24.5
1969-01-31,14,179.0
1969-02-28,14,36.7
1969-03-31,14,57.9
1969-04-30,14,173.6
1969-05-31,14,345.8
1969-06-30,14,309.8
1969-07-31,14,53.6
1969-08-31,14,4.0
1969-09-30,14,8.6
1969-10-31,14,21.6
1969-11-30,14,26.7
1969-12-31,14,89.8
1970-01-31,14,173.9
1970-02-28,14,53.8
1970-03-31,14,70.2
1970-04-30,14,40.3
1970-05-31,14,208.4
1970-06-30,14,217.8
1970-07-31,14,6.6
1970-08-31,14,2.1
1970-09-30,14,2.7
1970-10-31,14,5.2
1970-11-30,14,53.9
1970-12-31,14,55.9
1971-01-31,14,19.0
1971-02-28,14,38.7
1971-03-31,14,82.7
1971-04-30,14,87.9
1971-05-31,14,118.0
1971-06-30,14,249.6
1971-07-31,14,35.1
1971-08-31,14,3.0
1971-09-30,14,3.2
1971-10-31,14,7.0
1971-11-30,14,26.4
1971-12-31,14,31.4
1972-01-31,14,10.9
1972-02-29,14,37.3
1972-03-31,14,118.5
1972-04-30,14,71.6
1972-05-31,14,156.8
1972-06-30,14,35.8
1972-07-31,14,2.1
1972-08-31,14,0.6
1972-09-30,14,13.9
1972-10-31,14,12.3
1972-11-30,14,18.3
1972-12-31,14,12.8
1973-01-31,14,61.4
1973-02-28,14,63.1
1973-03-31,14,37.5
1973-04-30,14,141.0
1973-05-31,14,346.9
1973-06-30,14,76.4
1973-07-31,14,3.7
1973-08-31,14,6.5
1973-09-30,14,3.3
1973-10-31,14,15.6
1973-11-30,14,80.1
1973-12-31,14,57.5
1974-01-31,14,44.2
1974-02-28,14,30.4
1974-03-31,14,126.6
1974-04-30,14,119.4
1974-05-31,14,237.0
1974-06-30,14,280.9
1974-07-31,14,44.3
1974-08-31,14,6.2
1974-09-30,14,2.4
1974-10-31,14,9.1
1974-11-30,14,12.1
1974-12-31,14,12.8
1975-01-31,14,18.6
1975-02-28,14,45.7
1975-03-31,14,84.1
1975-04-30,14,44.4
1975-05-31,14,290.1
1975-06-30,14,268.3
1975-07-31,14,6.8
1975-08-31,14,11.5
1975-09-30,14,5.7
1975-10-31,14,29.9
1975-11-30,14,15.6
1975-12-31,14,7.8
1976-01-31,14,6.3
1976-02-29,14,18.5
1976-03-31,14,17.4
1976-04-30,14,32.7
1976-05-31,14,120.0
1976-06-30,14,5.4
1976-07-31,14,5.1
1976-08-31,14,20.1
1976-09-30,14,10.7
1976-10-31,14,8.2
1976-11-30,14,3.1
1976-12-31,14,1.6
1977-01-31,14,2.6
1977-02-28,14,8.6
1977-03-31,14,7.4
1977-04-30,14,46.8
1977-05-31,14,29.2
1977-06-30,14,16.9
1977-07-31,14,3.1
1977-08-31,14,0.5
1977-09-30,14,4.1
1977-10-31,14,2.0
1977-11-30,14,4.8
1977-12-31,14,33.4
1978-01-31,14,80.0
1978-02-28,14,44.9
1978-03-31,14,181.7
1978-04-30,14,134.9
1978-05-31,14,233.0
1978-06-30,14,294.3
1978-07-31,14,21.5
1978-08-31,14,2.6
1978-09-30,14,50.0
1978-10-31,14,3.3
1978-11-30,14,6.7
1978-12-31,14,10.7
1979-01-31,14,35.3
1979-02-28,14,36.0
1979-03-31,14,93.7
1979-04-30,14,119.7
1979-05-31,14,292.5
1979-06-30,14,105.5
1979-07-31,14,6.8
1979-08-31,14,2.1
1979-09-30,14,1.6
1979-10-31,14,15.3
1979-11-30,14,20.5
1979-12-31,14,25.9
1980-01-31,14,149.2
1980-02-29,14,125.3
1980-03-31,14,61.0
1980-04-30,14,111.1
1980-05-31,14,175.9
1980-06-30,14,234.4
1980-07-31,14,112.6
1980-08-31,14,5.0
1980-09-30,14,7.8
1980-10-31,14,9.1
1980-11-30,14,8.9
1980-12-31,14,12.7
1981-01-31,14,33.5
1981-02-28,14,39.9
1981-03-31,14,76.5
1981-04-30,14,113.8
1981-05-31,14,155.4
1981-06-30,14,12.5
1981-07-31,14,1.8
1981-08-31,14,0.6
1981-09-30,14,2.7
1981-10-31,14,14.5
1981-11-30,14,95.6
1981-12-31,14,88.9
1982-01-31,14,26.6
1982-02-28,14,133.3
1982-03-31,14,128.8
1982-04-30,14,157.5
1982-05-31,14,286.3
1982-06-30,14,340.0
1982-07-31,14,119.4
1982-08-31,14,7.5
1982-09-30,14,46.9
1982-10-31,14,84.4
1982-11-30,14,83.3
1982-12-31,14,60.7
1983-01-31,14,68.9
1983-02-28,14,93.6
1983-03-31,14,160.0
1983-04-30,14,92.8
1983-05-31,14,317.5
1983-06-30,14,426.4
1983-07-31,14,195.9
1983-08-31,14,20.5
1983-09-30,14,28.1
1983-10-31,14,30.8
1983-11-30,14,141.3
1983-12-31,14,118.1
1984-01-31,14,37.0
1984-02-29,14,64.2
1984-03-31,14,119.1
1984-04-30,14,69.8
1984-05-31,14,267.8
1984-06-30,14,176.4
1984-07-31,14,8.9
1984-08-31,14,3.9
1984-09-30,14,6.4
1984-10-31,14,20.2
1984-11-30,14,53.5
1984-12-31,14,14.3
1985-01-31,14,10.4
1985-02-28,14,32.2
1985-03-31,14,48.2
1985-04-30,14,151.1
1985-05-31,14,157.2
1985-06-30,14,16.7
1985-07-31,14,2.0
1985-08-31,14,1.9
1985-09-30,14,14.5
1985-10-31,14,10.0
1985-11-30,14,16.3
1985-12-31,14,24.0
1986-01-31,14,60.5
1986-02-28,14,260.8
1986-03-31,14,173.3
1986-04-30,14,79.3
1986-05-31,14,221.8
1986-06-30,14,274.1
1986-07-31,14,10.2
1986-08-31,14,3.8
1986-09-30,14,8.5
1986-10-31,14,14.6
1986-11-30,14,8.2
1986-12-31,14,8.1
1987-01-31,14,10.7
1987-02-28,14,28.0
1987-03-31,14,57.6
1987-04-30,14,153.4
1987-05-31,14,56.4
1987-06-30,14,4.8
1987-07-31,14,1.6
1987-08-31,14,0.5
1987-09-30,14,0.6
1987-10-31,14,4.8
1987-11-30,14,9.8
1987-12-31,14,7.8
1988-01-31,14,9.9
1988-02-29,14,30.6
1988-03-31,14,56.0
1988-04-30,14,74.4
1988-05-31,14,79.3
1988-06-30,14,8.5
1988-07-31,14,2.6
1988-08-31,14,0.9
1988-09-30,14,0.7
1988-10-31,14,0.9
1988-11-30,14,7.9
1988-12-31,14,7.1
1989-01-31,14,1.9
1989-02-28,14,8.4
1989-03-31,14,185.3
1989-04-30,14,183.5
1989-05-31,14,157.5
1989-06-30,14,34.9
1989-07-31,14,2.7
1989-08-31,14,2.2
1989-09-30,14,25.7
1989-10-31,14,25.2
1989-11-30,14,12.8
1989-12-31,14,4.7
1990-01-31,14,12.0
1990-02-28,14,10.5
1990-03-31,14,84.1
1990-04-30,14,131.4
1990-05-31,14,77.4
1990-06-30,14,20.7
1990-07-31,14,2.8
1990-08-31,14,2.4
1990-09-30,14,4.8
1990-10-31,14,3.8
1990-11-30,14,2.7
1990-12-31,14,2.3
1991-01-31,14,1.7
1991-02-28,14,16.2
1991-03-31,14,56.9
1991-04-30,14,67.5
1991-05-31,14,128.4
1991-06-30,14,118.1
1991-07-31,14,5.2
1991-08-31,14,2.2
1991-09-30,14,3.0
1991-10-31,14,10.0
1991-11-30,14,13.1
1991-12-31,14,6.8
1992-01-31,14,5.8
1992-02-29,14,59.1
1992-03-31,14,75.9
1992-04-30,14,138.2
1992-05-31,14,61.0
1992-06-30,14,9.2
1992-07-31,14,9.2
1992-08-31,14,1.9
1992-09-30,14,1.5
1992-10-31,14,9.0
1992-11-30,14,7.7
1992-12-31,14,20.0
1993-01-31,14,46.4
1993-02-28,14,43.0
1993-03-31,14,169.2
1993-04-30,14,151.0
1993-05-31,14,292.6
1993-06-30,14,239.3
1993-07-31,14,13.7
1993-08-31,14,2.5
1993-09-30,14,1.9
1993-10-31,14,14.2
1993-11-30,14,8.6
1993-12-31,14,12.2
1994-01-31,14,14.2
1994-02-28,14,24.4
1994-03-31,14,70.5
1994-04-30,14,94.9
1994-05-31,14,83.7
1994-06-30,14,6.3
1994-07-31,14,1.2
1994-08-31,14,0.2
1994-09-30,14,2.1
1994-10-31,14,9.2
1994-11-30,14,15.8
1994-12-31,14,13.6
1995-01-31,14,87.9
1995-02-28,14,59.8
1995-03-31,14,207.9
1995-04-30,14,162.7
1995-05-31,14,209.5
1995-06-30,14,297.0
1995-07-31,14,299.0
1995-08-31,14,7.7
1995-09-30,14,5.0
1995-10-31,14,7.7
1995-11-30,14,12.2
1995-12-31,14,47.1
1996-01-31,14,45.7
1996-02-29,14,142.7
1996-03-31,14,109.3
1996-04-30,14,129.5
1996-05-31,14,292.0
1996-06-30,14,192.2
1996-07-31,14,6.3
1996-08-31,14,3.1
1996-09-30,14,4.3
1996-10-31,14,6.8
1996-11-30,14,38.2
1996-12-31,14,138.2
1997-01-31,14,247.1
1997-02-28,14,29.3
1997-03-31,14,101.7
1997-04-30,14,114.7
1997-05-31,14,317.0
1997-06-30,14,125.3
1997-07-31,14,5.7
1997-08-31,14,3.4
1997-09-30,14,4.3
1997-10-31,14,12.4
1997-11-30,14,18.5
1997-12-31,14,17.8
1998-01-31,14,79.6
1998-02-28,14,86.4
1998-03-31,14,139.9
1998-04-30,14,128.4
1998-05-31,14,282.3
1998-06-30,14,363.0
1998-07-31,14,46.4
1998-08-31,14,4.7
1998-09-30,14,25.3
1998-10-31,14,13.5
1998-11-30,14,25.9
1998-12-31,14,23.1
1999-01-31,14,89.8
1999-02-28,14,97.5
1999-03-31,14,52.2
1999-04-30,14,95.2
1999-05-31,14,250.2
1999-06-30,14,196.5
1999-07-31,14,6.7
1999-08-31,14,4.7
1999-09-30,14,3.7
1999-10-31,14,13.7
1999-11-30,14,28.5
1999-12-31,14,9.3
2000-01-31,14,110.8
2000-02-29,14,104.4
2000-03-31,14,55.9
2000-04-30,14,132.9
2000-05-31,14,281.6
2000-06-30,14,55.9
2000-07-31,14,3.1
2000-08-31,14,1.3
2000-09-30,14,13.3
2000-10-31,14,13.4
2000-11-30,14,7.0
2000-12-31,14,7.5
2001-01-31,14,22.0
2001-02-28,14,25.4
2001-03-31,14,96.2
2001-04-30,14,113.7
2001-05-31,14,157.3
2001-06-30,14,3.7
2001-07-31,14,1.3
2001-08-31,14,0.6
2001-09-30,14,2.1
2001-10-31,14,8.5
2001-11-30,14,53.5
2001-12-31,14,69.0
2002-01-31,14,32.3
2002-02-28,14,55.8
2002-03-31,14,106.7
2002-04-30,14,122.6
2002-05-31,14,163.8
2002-06-30,14,25.4
2002-07-31,14,2.1
2002-08-31,14,1.1
2002-09-30,14,1.0
2002-10-31,14,1.1
2002-11-30,14,69.8
2002-12-31,14,81.3
2003-01-31,14,32.8
2003-02-28,14,36.1
2003-03-31,14,89.2
2003-04-30,14,101.1
2003-05-31,14,227.1
2003-06-30,14,49.2
2003-07-31,14,4.4
2003-08-31,14,4.5
2003-09-30,14,2.8
2003-10-31,14,1.0
2003-11-30,14,5.5
2003-12-31,14,82.7
2004-01-31,14,29.4
2004-02-29,14,98.6
2004-03-31,14,164.7
2004-04-30,14,103.5
2004-05-31,14,46.5
2004-06-30,14,5.1
2004-07-31,14,1.5
2004-08-31,14,0.5
2004-09-30,14,0.5
2004-10-31,14,49.6
2004-11-30,14,36.6
2004-12-31,14,119.0
2005-01-31,14,120.4
2005-02-28,14,107.7
2005-03-31,14,192.9
2005-04-30,14,107.7
2005-05-31,14,199.7
2005-06-30,14,79.2
2005-07-31,14,5.7
2005-08-31,14,2.5
2005-09-30,14,4.7
2005-10-31,14,10.9
2005-11-30,14,24.4
2005-12-31,14,359.6
2006-01-31,14,130.0
2006-02-28,14,130.0
2006-03-31,14,153.3
2006-04-30,14,283.3
2006-05-31,14,182.2
2006-06-30,14,59.9
2006-07-31,14,5.5
2006-08-31,14,4.6
2006-09-30,14,4.2
2006-10-31,14,10.9
2006-11-30,14,35.0
2006-12-31,14,52.0
2007-01-31,14,25.3
2007-02-28,14,116.7
2007-03-31,14,116.0
2007-04-30,14,60.8
2007-05-31,14,32.9
2007-06-30,14,4.0
2007-07-31,14,1.2
2007-08-31,14,0.4
2007-09-30,14,2.2
2007-10-31,14,10.4
2007-11-30,14,8.2
2007-12-31,14,18.2
2008-01-31,14,61.3
2008-02-29,14,62.0
2008-03-31,14,82.6
2008-04-30,14,73.7
2008-05-31,14,76.9
2008-06-30,14,8.8
2008-07-31,14,1.6
2008-08-31,14,0.6
2008-09-30,14,0.1
2008-10-31,14,14.3
2008-11-30,14,46.7
2008-12-31,14,11.9
2009-01-31,14,83.3
2009-02-28,14,97.8
2009-03-31,14,159.4
2009-04-30,14,95.4
2009-05-31,14,109.2
2009-06-30,14,9.1
2009-07-31,14,1.7
2009-08-31,14,1.0
2009-09-30,14,1.3
2009-10-31,14,48.0
2009-11-30,14,8.0
2009-12-31,14,31.3
2010-01-31,14,83.8
2010-02-28,14,100.8
2010-03-31,14,101.2
2010-04-30,14,128.7
2010-05-31,14,100.4
2010-06-30,14,92.6
2010-07-31,14,8.7
2010-08-31,14,1.9
2010-09-30,14,1.5
2010-10-31,14,115.0
2010-11-30,14,48.5
2010-12-31,14,242.5
2011-01-31,14,95.9
2011-02-28,14,65.8
2011-03-31,14,251.6
2011-04-30,14,139.8
2011-05-31,14,136.5
2011-06-30,14,141.9
2011-07-31,14,48.5
2011-08-31,14,4.4
2011-09-30,14,7.8
2011-10-31,14,29.8
2011-11-30,14,10.4
2011-12-31,14,8.6
2012-01-31,14,56.7
2012-02-29,14,23.8
2012-03-31,14,154.8
2012-04-30,14,107.4
2012-05-31,14,26.1
2012-06-30,14,8.9
2012-07-31,14,1.1
2012-08-31,14,0.9
2012-09-30,14,1.3
2012-10-31,14,4.7
2012-11-30,14,87.3
2012-12-31,14,161.1
2013-01-31,14,28.8
2013-02-28,14,14.2
2013-03-31,14,67.3
2013-04-30,14,40.8
2013-05-31,14,29.3
2013-06-30,14,8.0
2013-07-31,14,2.2
2013-08-31,14,0.9
2013-09-30,14,2.8
2013-10-31,14,1.5
2013-11-30,14,7.3
2013-12-31,14,2.8
2014-01-31,14,4.2
2014-02-28,14,149.8
2014-03-31,14,88.4
2014-04-30,14,53.6
2014-05-31,14,25.1
2014-06-30,14,2.8
2014-07-31,14,2.6
2014-08-31,14,2.5
2014-09-30,14,3.7
1921-10-31,15,0.1
1921-11-30,15,0.7
1921-12-31,15,22.3
1922-01-31,15,27.4
1922-02-28,15,85.6
1922-03-31,15,41.9
1922-04-30,15,14.0
1922-05-31,15,3.8
1922-06-30,15,0.5
1922-07-31,15,0.0
1922-08-31,15,0.0
1922-09-30,15,0.0
1922-10-31,15,0.8
1922-11-30,15,12.0
1922-12-31,15,65.1
1923-01-31,15,54.1
1923-02-28,15,18.1
1923-03-31,15,1.5
1923-04-30,15,48.7
1923-05-31,15,2.7
1923-06-30,15,0.7
1923-07-31,15,0.0
1923-08-31,15,0.0
1923-09-30,15,0.7
1923-10-31,15,1.8
1923-11-30,15,0.3
1923-12-31,15,2.0
1924-01-31,15,8.3
1924-02-29,15,9.3
1924-03-31,15,3.6
1924-04-30,15,3.7
1924-05-31,15,0.5
1924-06-30,15,0.0
1924-07-31,15,0.0
1924-08-31,15,0.0
1924-09-30,15,0.0
1924-10-31,15,2.9
1924-11-30,15,7.4
1924-12-31,15,17.0
1925-01-31,15,16.2
1925-02-28,15,82.3
1925-03-31,15,17.8
1925-04-30,15,42.7
1925-05-31,15,6.4
1925-06-30,15,1.6
1925-07-31,15,0.1
1925-08-31,15,0.0
1925-09-30,15,0.2
1925-10-31,15,1.3
1925-11-30,15,1.6
1925-12-31,15,5.0
1926-01-31,15,6.0
1926-02-28,15,52.6
1926-03-31,15,4.6
1926-04-30,15,26.6
1926-05-31,15,1.6
1926-06-30,15,0.1
1926-07-31,15,0.0
1926-08-31,15,0.0
1926-09-30,15,0.0
1926-10-31,15,1.7
1926-11-30,15,16.3
1926-12-31,15,21.6
1927-01-31,15,36.3
1927-02-28,15,64.4
1927-03-31,15,15.6
1927-04-30,15,30.5
1927-05-31,15,1.3
1927-06-30,15,1.0
1927-07-31,15,0.1
1927-08-31,15,0.0
1927-09-30,15,0.0
1927-10-31,15,1.0
1927-11-30,15,11.5
1927-12-31,15,15.7
1928-01-31,15,17.7
1928-02-29,15,22.6
1928-03-31,15,58.9
1928-04-30,15,25.1
1928-05-31,15,1.0
1928-06-30,15,0.2
1928-07-31,15,0.0
1928-08-31,15,0.0
1928-09-30,15,0.0
1928-10-31,15,0.0
1928-11-30,15,4.5
1928-12-31,15,9.2
1929-01-31,15,9.5
1929-02-28,15,18.8
1929-03-31,15,18.0
1929-04-30,15,22.6
1929-05-31,15,1.6
1929-06-30,15,6.3
1929-07-31,15,1.2
1929-08-31,15,0.0
1929-09-30,15,0.0
1929-10-31,15,0.0
1929-11-30,15,0.0
1929-12-31,15,10.1
1930-01-31,15,23.4
1930-02-28,15,28.5
1930-03-31,15,43.0
1930-04-30,15,6.3
1930-05-31,15,7.2
1930-06-30,15,0.5
1930-07-31,15,0.0
1930-08-31,15,0.0
1930-09-30,15,0.0
1930-10-31,15,0.3
1930-11-30,15,4.6
1930-12-31,15,1.1
1931-01-31,15,13.3
1931-02-28,15,14.6
1931-03-31,15,9.7
1931-04-30,15,1.4
1931-05-31,15,1.0
1931-06-30,15,1.7
1931-07-31,15,0.4
1931-08-31,15,0.0
1931-09-30,15,0.0
1931-10-31,15,0.3
1931-11-30,15,5.3
1931-12-31,15,55.9
1932-01-31,15,48.5
1932-02-29,15,56.4
1932-03-31,15,8.1
1932-04-30,15,5.7
1932-05-31,15,11.6
1932-06-30,15,1.4
1932-07-31,15,0.0
1932-08-31,15,0.0
1932-09-30,15,0.0
1932-10-31,15,0.0
1932-11-30,15,0.1
1932-12-31,15,4.5
1933-01-31,15,18.0
1933-02-28,15,16.9
1933-03-31,15,23.4
1933-04-30,15,4.0
1933-05-31,15,26.7
1933-06-30,15,1.2
1933-07-31,15,0.0
1933-08-31,15,0.0
1933-09-30,15,0.0
1933-10-31,15,1.6
1933-11-30,15,2.2
1933-12-31,15,28.6
1934-01-31,15,29.2
1934-02-28,15,36.2
1934-03-31,15,10.9
1934-04-30,15,0.6
1934-05-31,15,1.6
1934-06-30,15,1.6
1934-07-31,15,0.1
1934-08-31,15,0.0
1934-09-30,15,0.1
1934-10-31,15,1.4
1934-11-30,15,7.6
1934-12-31,15,12.3
1935-01-31,15,49.9
1935-02-28,15,15.8
1935-03-31,15,33.2
1935-04-30,15,68.7
1935-05-31,15,9.1
1935-06-30,15,0.4
1935-07-31,15,0.0
1935-08-31,15,0.0
1935-09-30,15,0.0
1935-10-31,15,1.2
1935-11-30,15,1.5
1935-12-31,15,2.5
1936-01-31,15,58.0
1936-02-29,15,154.2
1936-03-31,15,15.0
1936-04-30,15,25.2
1936-05-31,15,0.9
1936-06-30,15,6.1
1936-07-31,15,0.5
1936-08-31,15,0.0
1936-09-30,15,0.1
1936-10-31,15,0.0
1936-11-30,15,0.7
1936-12-31,15,8.8
1937-01-31,15,19.0
1937-02-28,15,95.4
1937-03-31,15,60.9
1937-04-30,15,17.1
1937-05-31,15,1.8
1937-06-30,15,0.6
1937-07-31,15,0.3
1937-08-31,15,0.0
1937-09-30,15,0.0
1937-10-31,15,0.7
1937-11-30,15,2.0
1937-12-31,15,24.2
1938-01-31,15,28.5
1938-02-28,15,121.2
1938-03-31,15,80.7
1938-04-30,15,19.0
1938-05-31,15,7.6
1938-06-30,15,0.3
1938-07-31,15,0.0
1938-08-31,15,0.0
1938-09-30,15,0.0
1938-10-31,15,1.7
1938-11-30,15,3.1
1938-12-31,15,3.3
1939-01-31,15,8.8
1939-02-28,15,18.0
1939-03-31,15,16.7
1939-04-30,15,4.0
1939-05-31,15,4.7
1939-06-30,15,1.5
1939-07-31,15,0.0
1939-08-31,15,0.0
1939-09-30,15,0.1
1939-10-31,15,2.6
1939-11-30,15,1.1
1939-12-31,15,2.5
1940-01-31,15,79.5
1940-02-29,15,67.6
1940-03-31,15,50.3
1940-04-30,15,21.0
1940-05-31,15,1.6
1940-06-30,15,0.1
1940-07-31,15,0.0
1940-08-31,15,0.0
1940-09-30,15,0.0
1940-10-31,15,0.5
1940-11-30,15,2.1
1940-12-31,15,37.5
1941-01-31,15,53.4
1941-02-28,15,51.2
1941-03-31,15,34.5
1941-04-30,15,41.4
1941-05-31,15,2.5
1941-06-30,15,0.4
1941-07-31,15,0.0
1941-08-31,15,0.0
1941-09-30,15,0.1
1941-10-31,15,0.2
1941-11-30,15,2.1
1941-12-31,15,33.5
1942-01-31,15,84.2
1942-02-28,15,49.3
1942-03-31,15,14.7
1942-04-30,15,41.2
1942-05-31,15,38.6
1942-06-30,15,3.5
1942-07-31,15,0.1
1942-08-31,15,0.0
1942-09-30,15,0.0
1942-10-31,15,0.1
1942-11-30,15,31.3
1942-12-31,15,35.2
1943-01-31,15,89.0
1943-02-28,15,39.9
1943-03-31,15,70.3
1943-04-30,15,13.5
1943-05-31,15,4.6
1943-06-30,15,1.5
1943-07-31,15,0.1
1943-08-31,15,0.0
1943-09-30,15,0.0
1943-10-31,15,0.5
1943-11-30,15,1.2
1943-12-31,15,4.2
1944-01-31,15,17.3
1944-02-29,15,37.7
1944-03-31,15,31.0
1944-04-30,15,19.6
1944-05-31,15,4.4
1944-06-30,15,0.8
1944-07-31,15,0.0
1944-08-31,15,0.0
1944-09-30,15,0.0
1944-10-31,15,1.0
1944-11-30,15,23.7
1944-12-31,15,24.6
1945-01-31,15,12.8
1945-02-28,15,82.9
1945-03-31,15,39.2
1945-04-30,15,11.8
1945-05-31,15,1.7
1945-06-30,15,6.9
1945-07-31,15,0.4
1945-08-31,15,0.0
1945-09-30,15,0.0
1945-10-31,15,1.5
1945-11-30,15,15.8
1945-12-31,15,88.1
1946-01-31,15,29.4
1946-02-28,15,17.4
1946-03-31,15,27.4
1946-04-30,15,14.6
1946-05-31,15,1.3
1946-06-30,15,1.1
1946-07-31,15,0.0
1946-08-31,15,0.0
1946-09-30,15,0.0
1946-10-31,15,1.1
1946-11-30,15,12.7
1946-12-31,15,23.7
1947-01-31,15,10.9
1947-02-28,15,24.6
1947-03-31,15,27.3
1947-04-30,15,14.7
1947-05-31,15,0.6
1947-06-30,15,1.2
1947-07-31,15,0.1
1947-08-31,15,0.0
1947-09-30,15,0.0
1947-10-31,15,3.8
1947-11-30,15,5.5
1947-12-31,15,2.8
1948-01-31,15,7.9
1948-02-29,15,15.1
1948-03-31,15,56.8
1948-04-30,15,58.5
1948-05-31,15,19.2
1948-06-30,15,4.5
1948-07-31,15,0.3
1948-08-31,15,0.0
1948-09-30,15,0.0
1948-10-31,15,0.3
1948-11-30,15,0.5
1948-12-31,15,9.5
1949-01-31,15,17.5
1949-02-28,15,27.7
1949-03-31,15,65.4
1949-04-30,15,5.1
1949-05-31,15,0.5
1949-06-30,15,0.3
1949-07-31,15,0.0
1949-08-31,15,0.0
1949-09-30,15,0.0
1949-10-31,15,0.2
1949-11-30,15,3.7
1949-12-31,15,5.6
1950-01-31,15,63.8
1950-02-28,15,51.1
1950-03-31,15,30.3
1950-04-30,15,33.5
1950-05-31,15,2.7
1950-06-30,15,0.2
1950-07-31,15,0.0
1950-08-31,15,0.0
1950-09-30,15,0.1
1950-10-31,15,4.1
1950-11-30,15,73.7
1950-12-31,15,112.4
1951-01-31,15,76.9
1951-02-28,15,33.6
1951-03-31,15,31.5
1951-04-30,15,3.3
1951-05-31,15,16.2
1951-06-30,15,0.5
1951-07-31,15,0.0
1951-08-31,15,0.0
1951-09-30,15,0.0
1951-10-31,15,1.8
1951-11-30,15,9.9
1951-12-31,15,68.1
1952-01-31,15,115.6
1952-02-29,15,49.2
1952-03-31,15,57.8
1952-04-30,15,9.4
1952-05-31,15,2.0
1952-06-30,15,0.1
1952-07-31,15,0.2
1952-08-31,15,0.0
1952-09-30,15,0.1
1952-10-31,15,0.0
1952-11-30,15,2.6
1952-12-31,15,30.8
1953-01-31,15,62.2
1953-02-28,15,3.6
1953-03-31,15,21.9
1953-04-30,15,20.5
1953-05-31,15,12.0
1953-06-30,15,7.8
1953-07-31,15,0.3
1953-08-31,15,0.0
1953-09-30,15,0.0
1953-10-31,15,1.1
1953-11-30,15,4.3
1953-12-31,15,9.7
1954-01-31,15,24.9
1954-02-28,15,34.9
1954-03-31,15,39.2
1954-04-30,15,17.8
1954-05-31,15,6.5
1954-06-30,15,1.4
1954-07-31,15,0.2
1954-08-31,15,0.0
1954-09-30,15,0.0
1954-10-31,15,0.0
1954-11-30,15,2.4
1954-12-31,15,26.7
1955-01-31,15,52.8
1955-02-28,15,22.3
1955-03-31,15,9.1
1955-04-30,15,25.9
1955-05-31,15,15.2
1955-06-30,15,0.4
1955-07-31,15,0.0
1955-08-31,15,0.0
1955-09-30,15,0.0
1955-10-31,15,0.0
1955-11-30,15,2.6
1955-12-31,15,179.9
1956-01-31,15,105.0
1956-02-29,15,27.0
1956-03-31,15,9.1
1956-04-30,15,12.4
1956-05-31,15,45.6
1956-06-30,15,1.2
1956-07-31,15,0.0
1956-08-31,15,0.0
1956-09-30,15,0.1
1956-10-31,15,1.9
1956-11-30,15,2.6
1956-12-31,15,5.4
1957-01-31,15,12.4
1957-02-28,15,26.7
1957-03-31,15,53.7
1957-04-30,15,13.6
1957-05-31,15,44.8
1957-06-30,15,4.3
1957-07-31,15,0.1
1957-08-31,15,0.0
1957-09-30,15,0.0
1957-10-31,15,1.4
1957-11-30,15,2.0
1957-12-31,15,12.7
1958-01-31,15,42.8
1958-02-28,15,85.1
1958-03-31,15,63.3
1958-04-30,15,95.0
1958-05-31,15,2.0
1958-06-30,15,1.1
1958-07-31,15,0.1
1958-08-31,15,0.0
1958-09-30,15,0.0
1958-10-31,15,0.0
1958-11-30,15,0.6
1958-12-31,15,1.1
1959-01-31,15,23.4
1959-02-28,15,50.9
1959-03-31,15,6.0
1959-04-30,15,2.8
1959-05-31,15,1.6
1959-06-30,15,0.1
1959-07-31,15,0.0
1959-08-31,15,0.0
1959-09-30,15,1.5
1959-10-31,15,0.7
1959-11-30,15,0.0
1959-12-31,15,0.7
1960-01-31,15,12.0
1960-02-29,15,57.9
1960-03-31,15,14.0
1960-04-30,15,11.7
1960-05-31,15,6.9
1960-06-30,15,0.4
1960-07-31,15,0.0
1960-08-31,15,0.0
1960-09-30,15,0.0
1960-10-31,15,0.1
1960-11-30,15,6.8
1960-12-31,15,7.1
1961-01-31,15,2.0
1961-02-28,15,9.6
1961-03-31,15,19.0
1961-04-30,15,9.5
1961-05-31,15,9.3
1961-06-30,15,0.7
1961-07-31,15,0.0
1961-08-31,15,0.0
1961-09-30,15,0.0
1961-10-31,15,0.0
1961-11-30,15,1.5
1961-12-31,15,8.3
1962-01-31,15,4.7
1962-02-28,15,87.7
1962-03-31,15,41.0
1962-04-30,15,4.4
1962-05-31,15,2.5
1962-06-30,15,0.2
1962-07-31,15,0.0
1962-08-31,15,0.0
1962-09-30,15,0.0
1962-10-31,15,12.7
1962-11-30,15,1.6
1962-12-31,15,13.7
1963-01-31,15,24.8
1963-02-28,15,57.9
1963-03-31,15,26.3
1963-04-30,15,74.2
1963-05-31,15,26.2
1963-06-30,15,2.7
1963-07-31,15,0.3
1963-08-31,15,0.0
1963-09-30,15,0.0
1963-10-31,15,2.2
1963-11-30,15,15.3
1963-12-31,15,3.9
1964-01-31,15,29.6
1964-02-29,15,6.9
1964-03-31,15,17.0
1964-04-30,15,10.6
1964-05-31,15,7.1
1964-06-30,15,2.3
1964-07-31,15,0.2
1964-08-31,15,0.0
1964-09-30,15,0.0
1964-10-31,15,0.9
1964-11-30,15,16.6
1964-12-31,15,134.9
1965-01-31,15,66.0
1965-02-28,15,10.1
1965-03-31,15,15.3
1965-04-30,15,54.9
1965-05-31,15,2.6
1965-06-30,15,0.2
1965-07-31,15,0.0
1965-08-31,15,0.5
1965-09-30,15,0.2
1965-10-31,15,0.3
1965-11-30,15,13.2
1965-12-31,15,23.4
1966-01-31,15,30.0
1966-02-28,15,24.0
1966-03-31,15,5.7
1966-04-30,15,6.4
1966-05-31,15,1.1
1966-06-30,15,0.1
1966-07-31,15,0.0
1966-08-31,15,0.0
1966-09-30,15,0.0
1966-10-31,15,0.0
1966-11-30,15,8.3
1966-12-31,15,50.4
1967-01-31,15,78.8
1967-02-28,15,23.6
1967-03-31,15,40.6
1967-04-30,15,100.3
1967-05-31,15,19.5
1967-06-30,15,3.3
1967-07-31,15,0.2
1967-08-31,15,0.0
1967-09-30,15,0.0
1967-10-31,15,1.7
1967-11-30,15,2.2
1967-12-31,15,11.8
1968-01-31,15,22.3
1968-02-29,15,44.5
1968-03-31,15,26.9
1968-04-30,15,6.2
1968-05-31,15,1.1
1968-06-30,15,0.4
1968-07-31,15,0.0
1968-08-31,15,0.1
1968-09-30,15,0.1
1968-10-31,15,0.6
1968-11-30,15,11.3
1968-12-31,15,31.2
1969-01-31,15,126.0
1969-02-28,15,81.9
1969-03-31,15,36.8
1969-04-30,15,24.2
1969-05-31,15,1.8
1969-06-30,15,0.0
1969-07-31,15,0.0
1969-08-31,15,0.0
1969-09-30,15,0.0
1969-10-31,15,2.5
1969-11-30,15,5.8
1969-12-31,15,29.3
1970-01-31,15,115.0
1970-02-28,15,27.0
1970-03-31,15,28.6
1970-04-30,15,8.7
1970-05-31,15,2.7
1970-06-30,15,1.6
1970-07-31,15,0.3
1970-08-31,15,0.0
1970-09-30,15,0.0
1970-10-31,15,0.3
1970-11-30,15,12.6
1970-12-31,15,87.8
1971-01-31,15,28.2
1971-02-28,15,2.0
1971-03-31,15,27.1
1971-04-30,15,7.0
1971-05-31,15,6.4
1971-06-30,15,0.6
1971-07-31,15,0.6
1971-08-31,15,0.0
1971-09-30,15,0.0
1971-10-31,15,0.7
1971-11-30,15,5.1
1971-12-31,15,57.2
1972-01-31,15,19.8
1972-02-29,15,23.6
1972-03-31,15,5.2
1972-04-30,15,13.4
1972-05-31,15,1.6
1972-06-30,15,0.1
1972-07-31,15,0.0
1972-08-31,15,0.0
1972-09-30,15,0.3
1972-10-31,15,1.5
1972-11-30,15,11.8
1972-12-31,15,21.8
1973-01-31,15,100.0
1973-02-28,15,75.4
1973-03-31,15,45.5
1973-04-30,15,10.5
1973-05-31,15,1.4
1973-06-30,15,0.0
1973-07-31,15,0.0
1973-08-31,15,0.0
1973-09-30,15,0.0
1973-10-31,15,3.0
1973-11-30,15,24.1
1973-12-31,15,64.8
1974-01-31,15,49.5
1974-02-28,15,17.0
1974-03-31,15,45.2
1974-04-30,15,37.5
1974-05-31,15,4.4
1974-06-30,15,0.3
1974-07-31,15,1.3
1974-08-31,15,0.2
1974-09-30,15,0.0
1974-10-31,15,1.0
1974-11-30,15,3.9
1974-12-31,15,8.7
1975-01-31,15,17.6
1975-02-28,15,62.5
1975-03-31,15,64.1
1975-04-30,15,26.3
1975-05-31,15,3.5
1975-06-30,15,0.2
1975-07-31,15,0.1
1975-08-31,15,0.5
1975-09-30,15,0.4
1975-10-31,15,3.5
1975-11-30,15,4.7
1975-12-31,15,2.9
1976-01-31,15,1.4
1976-02-29,15,11.5
1976-03-31,15,7.7
1976-04-30,15,6.7
1976-05-31,15,1.2
1976-06-30,15,0.0
1976-07-31,15,0.0
1976-08-31,15,0.8
1976-09-30,15,0.9
1976-10-31,15,0.3
1976-11-30,15,1.4
1976-12-31,15,0.5
1977-01-31,15,3.2
1977-02-28,15,2.2
1977-03-31,15,3.5
1977-04-30,15,1.0
1977-05-31,15,6.4
1977-06-30,15,0.7
1977-07-31,15,0.0
1977-08-31,15,0.0
1977-09-30,15,0.1
1977-10-31,15,0.1
1977-11-30,15,2.8
1977-12-31,15,32.6
1978-01-31,15,109.8
1978-02-28,15,47.4
1978-03-31,15,53.6
1978-04-30,15,66.1
1978-05-31,15,7.8
1978-06-30,15,0.3
1978-07-31,15,0.3
1978-08-31,15,0.0
1978-09-30,15,1.5
1978-10-31,15,0.3
1978-11-30,15,1.7
1978-12-31,15,8.9
1979-01-31,15,53.6
1979-02-28,15,57.4
1979-03-31,15,56.0
1979-04-30,15,12.8
1979-05-31,15,10.3
1979-06-30,15,0.6
1979-07-31,15,0.0
1979-08-31,15,0.0
1979-09-30,15,0.0
1979-10-31,15,2.2
1979-11-30,15,10.0
1979-12-31,15,13.7
1980-01-31,15,125.6
1980-02-29,15,63.0
1980-03-31,15,29.3
1980-04-30,15,9.9
1980-05-31,15,5.5
1980-06-30,15,0.7
1980-07-31,15,0.4
1980-08-31,15,0.0
1980-09-30,15,0.0
1980-10-31,15,0.1
1980-11-30,15,0.3
1980-12-31,15,3.5
1981-01-31,15,26.4
1981-02-28,15,22.7
1981-03-31,15,32.7
1981-04-30,15,12.7
1981-05-31,15,2.5
1981-06-30,15,0.8
1981-07-31,15,0.0
1981-08-31,15,0.0
1981-09-30,15,0.0
1981-10-31,15,2.6
1981-11-30,15,22.8
1981-12-31,15,52.1
1982-01-31,15,120.2
1982-02-28,15,82.9
1982-03-31,15,75.6
1982-04-30,15,68.1
1982-05-31,15,1.9
1982-06-30,15,0.1
1982-07-31,15,0.3
1982-08-31,15,0.0
1982-09-30,15,1.1
1982-10-31,15,9.1
1982-11-30,15,43.2
1982-12-31,15,73.1
1983-01-31,15,84.5
1983-02-28,15,72.4
1983-03-31,15,107.6
1983-04-30,15,43.2
1983-05-31,15,25.4
1983-06-30,15,0.9
1983-07-31,15,0.0
1983-08-31,15,0.0
1983-09-30,15,0.3
1983-10-31,15,1.1
1983-11-30,15,61.0
1983-12-31,15,117.0
1984-01-31,15,21.9
1984-02-29,15,34.4
1984-03-31,15,25.7
1984-04-30,15,10.2
1984-05-31,15,3.8
1984-06-30,15,0.7
1984-07-31,15,0.1
1984-08-31,15,0.0
1984-09-30,15,0.0
1984-10-31,15,2.6
1984-11-30,15,21.2
1984-12-31,15,12.7
1985-01-31,15,11.3
1985-02-28,15,27.8
1985-03-31,15,30.8
1985-04-30,15,7.9
1985-05-31,15,0.4
1985-06-30,15,0.2
1985-07-31,15,0.0
1985-08-31,15,0.0
1985-09-30,15,0.6
1985-10-31,15,1.1
1985-11-30,15,9.1
1985-12-31,15,20.8
1986-01-31,15,41.5
1986-02-28,15,176.9
1986-03-31,15,67.7
1986-04-30,15,6.1
1986-05-31,15,3.4
1986-06-30,15,0.2
1986-07-31,15,0.0
1986-08-31,15,0.0
1986-09-30,15,0.5
1986-10-31,15,1.3
1986-11-30,15,0.1
1986-12-31,15,1.1
1987-01-31,15,8.9
1987-02-28,15,22.5
1987-03-31,15,36.9
1987-04-30,15,3.4
1987-05-31,15,0.4
1987-06-30,15,0.2
1987-07-31,15,0.0
1987-08-31,15,0.0
1987-09-30,15,0.0
1987-10-31,15,0.1
1987-11-30,15,2.3
1987-12-31,15,10.5
1988-01-31,15,22.6
1988-02-29,15,4.0
1988-03-31,15,11.4
1988-04-30,15,14.1
1988-05-31,15,4.1
1988-06-30,15,0.6
1988-07-31,15,0.1
1988-08-31,15,0.0
1988-09-30,15,0.0
1988-10-31,15,0.0
1988-11-30,15,7.3
1988-12-31,15,10.7
1989-01-31,15,11.7
1989-02-28,15,19.1
1989-03-31,15,63.9
1989-04-30,15,12.2
1989-05-31,15,2.4
1989-06-30,15,0.3
1989-07-31,15,0.0
1989-08-31,15,0.0
1989-09-30,15,1.4
1989-10-31,15,5.8
1989-11-30,15,5.9
1989-12-31,15,2.7
1990-01-31,15,20.2
1990-02-28,15,24.4
1990-03-31,15,26.5
1990-04-30,15,7.9
1990-05-31,15,18.4
1990-06-30,15,11.7
1990-07-31,15,0.4
1990-08-31,15,0.0
1990-09-30,15,0.0
1990-10-31,15,0.1
1990-11-30,15,0.6
1990-12-31,15,1.6
1991-01-31,15,0.9
1991-02-28,15,2.3
1991-03-31,15,62.7
1991-04-30,15,10.8
1991-05-31,15,8.6
1991-06-30,15,2.0
1991-07-31,15,1.3
1991-08-31,15,0.0
1991-09-30,15,0.0
1991-10-31,15,3.4
1991-11-30,15,2.9
1991-12-31,15,5.4
1992-01-31,15,8.1
1992-02-29,15,60.0
1992-03-31,15,29.4
1992-04-30,15,3.3
1992-05-31,15,0.4
1992-06-30,15,0.1
1992-07-31,15,0.9
1992-08-31,15,0.0
1992-09-30,15,0.0
1992-10-31,15,0.6
1992-11-30,15,1.9
1992-12-31,15,34.3
1993-01-31,15,107.5
1993-02-28,15,62.8
1993-03-31,15,38.6
1993-04-30,15,19.2
1993-05-31,15,2.6
1993-06-30,15,10.3
1993-07-31,15,0.5
1993-08-31,15,0.0
1993-09-30,15,0.0
1993-10-31,15,0.8
1993-11-30,15,0.9
1993-12-31,15,6.8
1994-01-31,15,7.6
1994-02-28,15,30.6
1994-03-31,15,9.0
1994-04-30,15,12.6
1994-05-31,15,12.5
1994-06-30,15,1.0
1994-07-31,15,0.0
1994-08-31,15,0.0
1994-09-30,15,0.0
1994-10-31,15,2.1
1994-11-30,15,11.2
1994-12-31,15,32.6
1995-01-31,15,153.3
1995-02-28,15,23.3
1995-03-31,15,99.5
1995-04-30,15,43.8
1995-05-31,15,61.6
1995-06-30,15,3.2
1995-07-31,15,0.6
1995-08-31,15,0.0
1995-09-30,15,0.0
1995-10-31,15,0.0
1995-11-30,15,0.0
1995-12-31,15,16.4
1996-01-31,15,82.8
1996-02-29,15,94.2
1996-03-31,15,37.1
1996-04-30,15,29.6
1996-05-31,15,27.3
1996-06-30,15,2.5
1996-07-31,15,0.8
1996-08-31,15,0.0
1996-09-30,15,0.0
1996-10-31,15,0.2
1996-11-30,15,10.3
1996-12-31,15,141.7
1997-01-31,15,158.0
1997-02-28,15,20.9
1997-03-31,15,4.1
1997-04-30,15,1.5
1997-05-31,15,1.0
1997-06-30,15,1.6
1997-07-31,15,0.2
1997-08-31,15,0.0
1997-09-30,15,0.0
1997-10-31,15,1.5
1997-11-30,15,5.6
1997-12-31,15,18.8
1998-01-31,15,112.7
1998-02-28,15,134.8
1998-03-31,15,40.5
1998-04-30,15,48.8
1998-05-31,15,46.0
1998-06-30,15,10.7
1998-07-31,15,0.6
1998-08-31,15,0.0
1998-09-30,15,0.2
1998-10-31,15,0.2
1998-11-30,15,4.5
1998-12-31,15,12.2
1999-01-31,15,52.6
1999-02-28,15,103.0
1999-03-31,15,25.4
1999-04-30,15,27.8
1999-05-31,15,3.3
1999-06-30,15,0.4
1999-07-31,15,0.0
1999-08-31,15,0.0
1999-09-30,15,0.0
1999-10-31,15,0.3
1999-11-30,15,5.0
1999-12-31,15,4.1
2000-01-31,15,82.1
2000-02-29,15,108.4
2000-03-31,15,31.2
2000-04-30,15,10.5
2000-05-31,15,23.5
2000-06-30,15,2.0
2000-07-31,15,0.1
2000-08-31,15,0.0
2000-09-30,15,0.8
2000-10-31,15,2.6
2000-11-30,15,3.5
2000-12-31,15,6.6
2001-01-31,15,19.3
2001-02-28,15,43.8
2001-03-31,15,24.0
2001-04-30,15,29.2
2001-05-31,15,3.4
2001-06-30,15,0.1
2001-07-31,15,0.0
2001-08-31,15,0.0
2001-09-30,15,0.0
2001-10-31,15,0.2
2001-11-30,15,5.4
2001-12-31,15,56.6
2002-01-31,15,39.3
2002-02-28,15,29.9
2002-03-31,15,38.3
2002-04-30,15,6.6
2002-05-31,15,12.1
2002-06-30,15,2.5
2002-07-31,15,0.1
2002-08-31,15,0.0
2002-09-30,15,0.0
2002-10-31,15,0.0
2002-11-30,15,5.3
2002-12-31,15,58.4
2003-01-31,15,22.5
2003-02-28,15,18.1
2003-03-31,15,21.9
2003-04-30,15,60.9
2003-05-31,15,22.1
2003-06-30,15,0.6
2003-07-31,15,0.0
2003-08-31,15,0.3
2003-09-30,15,0.0
2003-10-31,15,0.0
2003-11-30,15,2.9
2003-12-31,15,64.2
2004-01-31,15,31.2
2004-02-29,15,39.4
2004-03-31,15,15.9
2004-04-30,15,1.9
2004-05-31,15,0.1
2004-06-30,15,0.1
2004-07-31,15,0.0
2004-08-31,15,0.0
2004-09-30,15,0.0
2004-10-31,15,9.7
2004-11-30,15,9.2
2004-12-31,15,36.7
2005-01-31,15,78.4
2005-02-28,15,34.8
2005-03-31,15,61.9
2005-04-30,15,23.1
2005-05-31,15,26.7
2005-06-30,15,2.3
2005-07-31,15,0.3
2005-08-31,15,0.0
2005-09-30,15,0.0
2005-10-31,15,0.1
2005-11-30,15,0.6
2005-12-31,15,71.5
2006-01-31,15,64.6
2006-02-28,15,19.8
2006-03-31,15,60.8
2006-04-30,15,106.1
2006-05-31,15,14.7
2006-06-30,15,2.3
2006-07-31,15,0.1
2006-08-31,15,0.0
2006-09-30,15,0.0
2006-10-31,15,0.9
2006-11-30,15,1.8
2006-12-31,15,11.1
2007-01-31,15,6.4
2007-02-28,15,46.8
2007-03-31,15,23.5
2007-04-30,15,17.2
2007-05-31,15,7.9
2007-06-30,15,0.3
2007-07-31,15,0.0
2007-08-31,15,0.0
2007-09-30,15,0.0
2007-10-31,15,0.5
2007-11-30,15,1.3
2007-12-31,15,6.1
2008-01-31,15,44.0
2008-02-29,15,32.9
2008-03-31,15,13.5
2008-04-30,15,3.7
2008-05-31,15,4.5
2008-06-30,15,1.9
2008-07-31,15,0.1
2008-08-31,15,0.0
2008-09-30,15,0.0
2008-10-31,15,0.6
2008-11-30,15,3.4
2008-12-31,15,3.9
2009-01-31,15,11.6
2009-02-28,15,33.0
2009-03-31,15,46.4
2009-04-30,15,16.1
2009-05-31,15,25.5
2009-06-30,15,0.6
2009-07-31,15,0.0
2009-08-31,15,0.0
2009-09-30,15,0.0
2009-10-31,15,3.2
2009-11-30,15,0.8
2009-12-31,15,9.5
2010-01-31,15,37.4
2010-02-28,15,29.7
2010-03-31,15,28.3
2010-04-30,15,27.8
2010-05-31,15,9.2
2010-06-30,15,2.8
2010-07-31,15,0.1
2010-08-31,15,0.0
2010-09-30,15,0.0
2010-10-31,15,4.6
2010-11-30,15,14.4
2010-12-31,15,60.8
2011-01-31,15,26.7
2011-02-28,15,34.2
2011-03-31,15,89.2
2011-04-30,15,14.0
2011-05-31,15,6.8
2011-06-30,15,6.8
2011-07-31,15,1.1
2011-08-31,15,0.0
2011-09-30,15,0.0
2011-10-31,15,2.2
2011-11-30,15,0.9
2011-12-31,15,0.4
2012-01-31,15,7.6
2012-02-29,15,4.9
2012-03-31,15,34.3
2012-04-30,15,29.8
2012-05-31,15,2.6
2012-06-30,15,0.6
2012-07-31,15,0.0
2012-08-31,15,0.0
2012-09-30,15,0.0
2012-10-31,15,0.5
2012-11-30,15,6.4
2012-12-31,15,47.6
2013-01-31,15,11.0
2013-02-28,15,1.8
2013-03-31,15,4.8
2013-04-30,15,7.3
2013-05-31,15,0.6
2013-06-30,15,0.1
2013-07-31,15,0.3
2013-08-31,15,0.0
2013-09-30,15,0.2
2013-10-31,15,0.4
2013-11-30,15,0.8
2013-12-31,15,1.0
2014-01-31,15,0.2
2014-02-28,15,20.6
2014-03-31,15,20.5
2014-04-30,15,11.9
2014-05-31,15,1.7
2014-06-30,15,0.1
2014-07-31,15,0.0
2014-08-31,15,0.0
2014-09-30,15,0.0
1921-10-31,16,1.9
1921-11-30,16,1.8
1921-12-31,16,15.7
1922-01-31,16,24.6
1922-02-28,16,41.1
1922-03-31,16,80.4
1922-04-30,16,172.0
1922-05-31,16,396.8
1922-06-30,16,271.0
1922-07-31,16,46.5
1922-08-31,16,5.0
1922-09-30,16,1.7
1922-10-31,16,5.2
1922-11-30,16,40.0
1922-12-31,16,91.5
1923-01-31,16,37.5
1923-02-28,16,37.9
1923-03-31,16,95.3
1923-04-30,16,258.4
1923-05-31,16,253.6
1923-06-30,16,151.9
1923-07-31,16,124.1
1923-08-31,16,9.8
1923-09-30,16,11.1
1923-10-31,16,28.7
1923-11-30,16,6.8
1923-12-31,16,3.9
1924-01-31,16,12.7
1924-02-29,16,61.3
1924-03-31,16,31.0
1924-04-30,16,99.9
1924-05-31,16,167.3
1924-06-30,16,22.5
1924-07-31,16,3.8
1924-08-31,16,0.9
1924-09-30,16,1.4
1924-10-31,16,20.1
1924-11-30,16,65.8
1924-12-31,16,29.9
1925-01-31,16,23.1
1925-02-28,16,206.7
1925-03-31,16,135.1
1925-04-30,16,212.6
1925-05-31,16,205.0
1925-06-30,16,256.3
1925-07-31,16,98.4
1925-08-31,16,11.6
1925-09-30,16,4.3
1925-10-31,16,9.9
1925-11-30,16,10.7
1925-12-31,16,29.2
1926-01-31,16,24.0
1926-02-28,16,96.2
1926-03-31,16,158.0
1926-04-30,16,305.0
1926-05-31,16,105.4
1926-06-30,16,24.7
1926-07-31,16,6.3
1926-08-31,16,2.0
1926-09-30,16,0.9
1926-10-31,16,5.6
1926-11-30,16,123.9
1926-12-31,16,43.5
1927-01-31,16,22.6
1927-02-28,16,120.6
1927-03-31,16,141.0
1927-04-30,16,337.4
1927-05-31,16,247.9
1927-06-30,16,150.3
1927-07-31,16,17.8
1927-08-31,16,3.4
1927-09-30,16,2.2
1927-10-31,16,27.0
1927-11-30,16,63.0
1927-12-31,16,15.9
1928-01-31,16,10.0
1928-02-29,16,50.9
1928-03-31,16,307.0
1928-04-30,16,172.7
1928-05-31,16,292.3
1928-06-30,16,71.4
1928-07-31,16,9.7
1928-08-31,16,2.7
1928-09-30,16,1.1
1928-10-31,16,1.2
1928-11-30,16,8.6
1928-12-31,16,18.7
1929-01-31,16,5.1
1929-02-28,16,19.7
1929-03-31,16,67.9
1929-04-30,16,120.6
1929-05-31,16,292.9
1929-06-30,16,155.4
1929-07-31,16,17.7
1929-08-31,16,3.8
1929-09-30,16,2.0
1929-10-31,16,3.3
1929-11-30,16,1.8
1929-12-31,16,33.5
1930-01-31,16,24.8
1930-02-28,16,110.7
1930-03-31,16,206.5
1930-04-30,16,185.3
1930-05-31,16,127.0
1930-06-30,16,257.5
1930-07-31,16,16.2
1930-08-31,16,3.2
1930-09-30,16,1.7
1930-10-31,16,8.7
1930-11-30,16,17.9
1930-12-31,16,13.3
1931-01-31,16,65.4
1931-02-28,16,58.1
1931-03-31,16,81.7
1931-04-30,16,112.2
1931-05-31,16,163.0
1931-06-30,16,58.5
1931-07-31,16,9.1
1931-08-31,16,2.8
1931-09-30,16,1.9
1931-10-31,16,3.8
1931-11-30,16,10.2
1931-12-31,16,35.0
1932-01-31,16,17.9
1932-02-29,16,77.1
1932-03-31,16,155.9
1932-04-30,16,240.7
1932-05-31,16,367.3
1932-06-30,16,240.3
1932-07-31,16,33.6
1932-08-31,16,4.2
1932-09-30,16,1.7
1932-10-31,16,2.6
1932-11-30,16,2.0
1932-12-31,16,2.3
1933-01-31,16,3.2
1933-02-28,16,19.9
1933-03-31,16,150.9
1933-04-30,16,158.8
1933-05-31,16,179.2
1933-06-30,16,193.2
1933-07-31,16,15.2
1933-08-31,16,3.2
1933-09-30,16,1.7
1933-10-31,16,5.0
1933-11-30,16,8.7
1933-12-31,16,33.8
1934-01-31,16,25.5
1934-02-28,16,82.2
1934-03-31,16,164.9
1934-04-30,16,147.3
1934-05-31,16,68.8
1934-06-30,16,41.4
1934-07-31,16,7.6
1934-08-31,16,2.4
1934-09-30,16,2.1
1934-10-31,16,14.4
1934-11-30,16,34.1
1934-12-31,16,26.7
1935-01-31,16,21.2
1935-02-28,16,36.6
1935-03-31,16,82.5
1935-04-30,16,443.7
1935-05-31,16,245.1
1935-06-30,16,248.8
1935-07-31,16,37.8
1935-08-31,16,5.4
1935-09-30,16,2.9
1935-10-31,16,10.9
1935-11-30,16,7.3
1935-12-31,16,5.6
1936-01-31,16,54.8
1936-02-29,16,213.8
1936-03-31,16,129.5
1936-04-30,16,273.1
1936-05-31,16,334.2
1936-06-30,16,254.5
1936-07-31,16,54.0
1936-08-31,16,6.0
1936-09-30,16,3.2
1936-10-31,16,3.8
1936-11-30,16,4.8
1936-12-31,16,13.2
1937-01-31,16,6.2
1937-02-28,16,142.7
1937-03-31,16,122.2
1937-04-30,16,177.7
1937-05-31,16,579.6
1937-06-30,16,158.4
1937-07-31,16,28.6
1937-08-31,16,5.6
1937-09-30,16,2.3
1937-10-31,16,5.5
1937-11-30,16,23.2
1937-12-31,16,230.7
1938-01-31,16,29.5
1938-02-28,16,90.1
1938-03-31,16,152.2
1938-04-30,16,248.9
1938-05-31,16,509.8
1938-06-30,16,443.1
1938-07-31,16,117.6
1938-08-31,16,9.7
1938-09-30,16,3.8
1938-10-31,16,23.1
1938-11-30,16,18.8
1938-12-31,16,20.4
1939-01-31,16,15.8
1939-02-28,16,26.0
1939-03-31,16,107.5
1939-04-30,16,201.2
1939-05-31,16,151.7
1939-06-30,16,64.2
1939-07-31,16,8.9
1939-08-31,16,4.9
1939-09-30,16,27.6
1939-10-31,16,42.7
1939-11-30,16,13.9
1939-12-31,16,16.4
1940-01-31,16,143.5
1940-02-29,16,167.8
1940-03-31,16,254.9
1940-04-30,16,196.6
1940-05-31,16,295.4
1940-06-30,16,145.1
1940-07-31,16,12.8
1940-08-31,16,3.4
1940-09-30,16,2.9
1940-10-31,16,5.3
1940-11-30,16,19.7
1940-12-31,16,100.3
1941-01-31,16,35.1
1941-02-28,16,141.2
1941-03-31,16,188.6
1941-04-30,16,196.1
1941-05-31,16,322.0
1941-06-30,16,264.7
1941-07-31,16,147.3
1941-08-31,16,9.5
1941-09-30,16,4.6
1941-10-31,16,3.7
1941-11-30,16,25.3
1941-12-31,16,81.7
1942-01-31,16,98.4
1942-02-28,16,75.0
1942-03-31,16,96.6
1942-04-30,16,224.3
1942-05-31,16,370.5
1942-06-30,16,432.4
1942-07-31,16,180.6
1942-08-31,16,8.6
1942-09-30,16,3.8
1942-10-31,16,4.8
1942-11-30,16,57.9
1942-12-31,16,63.3
1943-01-31,16,127.6
1943-02-28,16,100.6
1943-03-31,16,217.8
1943-04-30,16,307.2
1943-05-31,16,342.9
1943-06-30,16,212.6
1943-07-31,16,80.6
1943-08-31,16,8.2
1943-09-30,16,3.3
1943-10-31,16,5.8
1943-11-30,16,7.4
1943-12-31,16,14.8
1944-01-31,16,23.9
1944-02-29,16,38.2
1944-03-31,16,105.9
1944-04-30,16,154.2
1944-05-31,16,257.8
1944-06-30,16,121.1
1944-07-31,16,39.1
1944-08-31,16,5.8
1944-09-30,16,3.2
1944-10-31,16,7.7
1944-11-30,16,85.4
1944-12-31,16,35.9
1945-01-31,16,15.0
1945-02-28,16,193.6
1945-03-31,16,62.2
1945-04-30,16,272.7
1945-05-31,16,306.7
1945-06-30,16,272.7
1945-07-31,16,55.0
1945-08-31,16,6.2
1945-09-30,16,4.6
1945-10-31,16,38.4
1945-11-30,16,59.7
1945-12-31,16,123.9
1946-01-31,16,26.2
1946-02-28,16,19.9
1946-03-31,16,98.9
1946-04-30,16,329.3
1946-05-31,16,302.5
1946-06-30,16,216.0
1946-07-31,16,29.3
1946-08-31,16,6.4
1946-09-30,16,5.0
1946-10-31,16,19.1
1946-11-30,16,74.3
1946-12-31,16,57.6
1947-01-31,16,17.8
1947-02-28,16,89.7
1947-03-31,16,158.9
1947-04-30,16,190.2
1947-05-31,16,197.2
1947-06-30,16,57.5
1947-07-31,16,8.6
1947-08-31,16,4.0
1947-09-30,16,3.5
1947-10-31,16,37.5
1947-11-30,16,20.0
1947-12-31,16,7.1
1948-01-31,16,37.3
1948-02-29,16,18.8
1948-03-31,16,73.4
1948-04-30,16,209.0
1948-05-31,16,291.0
1948-06-30,16,238.0
1948-07-31,16,53.6
1948-08-31,16,6.5
1948-09-30,16,3.7
1948-10-31,16,4.3
1948-11-30,16,5.2
1948-12-31,16,4.9
1949-01-31,16,4.1
1949-02-28,16,11.2
1949-03-31,16,80.9
1949-04-30,16,296.7
1949-05-31,16,252.1
1949-06-30,16,73.7
1949-07-31,16,8.8
1949-08-31,16,4.7
1949-09-30,16,4.9
1949-10-31,16,5.5
1949-11-30,16,24.9
1949-12-31,16,14.4
1950-01-31,16,90.9
1950-02-28,16,153.2
1950-03-31,16,157.7
1950-04-30,16,345.9
1950-05-31,16,250.0
1950-06-30,16,92.3
1950-07-31,16,14.0
1950-08-31,16,5.4
1950-09-30,16,4.5
1950-10-31,16,39.0
1950-11-30,16,312.3
1950-12-31,16,298.5
1951-01-31,16,117.2
1951-02-28,16,128.3
1951-03-31,16,157.4
1951-04-30,16,201.5
1951-05-31,16,275.4
1951-06-30,16,199.2
1951-07-31,16,55.9
1951-08-31,16,7.1
1951-09-30,16,4.2
1951-10-31,16,12.5
1951-11-30,16,25.5
1951-12-31,16,70.7
1952-01-31,16,63.7
1952-02-29,16,75.0
1952-03-31,16,131.1
1952-04-30,16,454.3
1952-05-31,16,636.7
1952-06-30,16,247.3
1952-07-31,16,121.6
1952-08-31,16,17.6
1952-09-30,16,6.8
1952-10-31,16,7.5
1952-11-30,16,17.3
1952-12-31,16,20.7
1953-01-31,16,91.4
1953-02-28,16,51.2
1953-03-31,16,153.3
1953-04-30,16,271.4
1953-05-31,16,156.3
1953-06-30,16,173.7
1953-07-31,16,84.1
1953-08-31,16,7.8
1953-09-30,16,5.1
1953-10-31,16,6.5
1953-11-30,16,25.5
1953-12-31,16,17.0
1954-01-31,16,36.7
1954-02-28,16,114.3
1954-03-31,16,185.0
1954-04-30,16,308.8
1954-05-31,16,185.9
1954-06-30,16,58.2
1954-07-31,16,15.7
1954-08-31,16,6.3
1954-09-30,16,4.4
1954-10-31,16,4.5
1954-11-30,16,11.9
1954-12-31,16,52.2
1955-01-31,16,49.6
1955-02-28,16,74.4
1955-03-31,16,88.4
1955-04-30,16,133.9
1955-05-31,16,259.0
1955-06-30,16,133.8
1955-07-31,16,15.1
1955-08-31,16,6.7
1955-09-30,16,4.6
1955-10-31,16,5.4
1955-11-30,16,5.4
1955-12-31,16,258.0
1956-01-31,16,119.9
1956-02-29,16,63.7
1956-03-31,16,218.9
1956-04-30,16,298.2
1956-05-31,16,572.5
1956-06-30,16,307.5
1956-07-31,16,102.6
1956-08-31,16,16.5
1956-09-30,16,7.8
1956-10-31,16,13.4
1956-11-30,16,17.5
1956-12-31,16,17.1
1957-01-31,16,74.8
1957-02-28,16,131.9
1957-03-31,16,180.7
1957-04-30,16,146.7
1957-05-31,16,278.1
1957-06-30,16,176.2
1957-07-31,16,28.3
1957-08-31,16,6.4
1957-09-30,16,4.9
1957-10-31,16,17.0
1957-11-30,16,16.5
1957-12-31,16,28.5
1958-01-31,16,76.7
1958-02-28,16,214.2
1958-03-31,16,137.4
1958-04-30,16,293.8
1958-05-31,16,591.1
1958-06-30,16,220.1
1958-07-31,16,54.9
1958-08-31,16,10.0
1958-09-30,16,10.5
1958-10-31,16,8.4
1958-11-30,16,8.3
1958-12-31,16,11.6
1959-01-31,16,75.0
1959-02-28,16,107.4
1959-03-31,16,154.0
1959-04-30,16,156.5
1959-05-31,16,91.2
1959-06-30,16,49.9
1959-07-31,16,8.5
1959-08-31,16,6.1
1959-09-30,16,40.0
1959-10-31,16,27.4
1959-11-30,16,8.7
1959-12-31,16,6.6
1960-01-31,16,25.1
1960-02-29,16,185.8
1960-03-31,16,163.6
1960-04-30,16,152.4
1960-05-31,16,146.8
1960-06-30,16,51.9
1960-07-31,16,8.1
1960-08-31,16,6.5
1960-09-30,16,6.4
1960-10-31,16,16.5
1960-11-30,16,28.5
1960-12-31,16,22.2
1961-01-31,16,25.5
1961-02-28,16,43.7
1961-03-31,16,83.6
1961-04-30,16,141.6
1961-05-31,16,157.6
1961-06-30,16,97.0
1961-07-31,16,12.9
1961-08-31,16,9.2
1961-09-30,16,11.6
1961-10-31,16,10.1
1961-11-30,16,11.5
1961-12-31,16,13.5
1962-01-31,16,16.8
1962-02-28,16,128.6
1962-03-31,16,87.7
1962-04-30,16,368.8
1962-05-31,16,147.0
1962-06-30,16,182.9
1962-07-31,16,31.8
1962-08-31,16,7.5
1962-09-30,16,5.7
1962-10-31,16,90.9
1962-11-30,16,23.5
1962-12-31,16,40.2
1963-01-31,16,56.0
1963-02-28,16,236.0
1963-03-31,16,89.6
1963-04-30,16,186.2
1963-05-31,16,386.1
1963-06-30,16,249.7
1963-07-31,16,83.1
1963-08-31,16,9.3
1963-09-30,16,8.8
1963-10-31,16,37.3
1963-11-30,16,70.6
1963-12-31,16,15.4
1964-01-31,16,16.0
1964-02-29,16,35.4
1964-03-31,16,81.6
1964-04-30,16,187.6
1964-05-31,16,225.9
1964-06-30,16,145.5
1964-07-31,16,20.4
1964-08-31,16,7.5
1964-09-30,16,6.4
1964-10-31,16,17.1
1964-11-30,16,53.0
1964-12-31,16,232.8
1965-01-31,16,57.7
1965-02-28,16,77.3
1965-03-31,16,143.8
1965-04-30,16,254.3
1965-05-31,16,379.2
1965-06-30,16,329.5
1965-07-31,16,136.4
1965-08-31,16,35.8
1965-09-30,16,8.5
1965-10-31,16,7.7
1965-11-30,16,79.5
1965-12-31,16,21.5
1966-01-31,16,14.5
1966-02-28,16,27.0
1966-03-31,16,122.7
1966-04-30,16,303.0
1966-05-31,16,176.8
1966-06-30,16,27.7
1966-07-31,16,8.1
1966-08-31,16,6.8
1966-09-30,16,5.9
1966-10-31,16,7.5
1966-11-30,16,52.4
1966-12-31,16,116.6
1967-01-31,16,49.8
1967-02-28,16,63.5
1967-03-31,16,175.4
1967-04-30,16,117.8
1967-05-31,16,579.3
1967-06-30,16,424.5
1967-07-31,16,188.9
1967-08-31,16,11.3
1967-09-30,16,10.6
1967-10-31,16,15.7
1967-11-30,16,17.3
1967-12-31,16,16.0
1968-01-31,16,35.0
1968-02-29,16,107.9
1968-03-31,16,136.4
1968-04-30,16,141.5
1968-05-31,16,138.5
1968-06-30,16,82.5
1968-07-31,16,10.6
1968-08-31,16,9.6
1968-09-30,16,9.4
1968-10-31,16,14.2
1968-11-30,16,79.6
1968-12-31,16,30.2
1969-01-31,16,261.1
1969-02-28,16,54.7
1969-03-31,16,122.3
1969-04-30,16,337.5
1969-05-31,16,676.2
1969-06-30,16,358.5
1969-07-31,16,143.6
1969-08-31,16,17.4
1969-09-30,16,10.8
1969-10-31,16,34.8
1969-11-30,16,40.8
1969-12-31,16,129.4
1970-01-31,16,256.9
1970-02-28,16,87.3
1970-03-31,16,137.5
1970-04-30,16,157.8
1970-05-31,16,320.8
1970-06-30,16,294.3
1970-07-31,16,42.2
1970-08-31,16,7.7
1970-09-30,16,7.0
1970-10-31,16,7.4
1970-11-30,16,82.1
1970-12-31,16,61.3
1971-01-31,16,22.3
1971-02-28,16,73.3
1971-03-31,16,122.7
1971-04-30,16,179.9
1971-05-31,16,196.4
1971-06-30,16,303.6
1971-07-31,16,81.7
1971-08-31,16,11.6
1971-09-30,16,10.0
1971-10-31,16,13.0
1971-11-30,16,25.6
1971-12-31,16,27.8
1972-01-31,16,15.8
1972-02-29,16,74.2
1972-03-31,16,217.2
1972-04-30,16,125.2
1972-05-31,16,190.0
1972-06-30,16,96.2
1972-07-31,16,10.2
1972-08-31,16,7.0
1972-09-30,16,14.8
1972-10-31,16,18.0
1972-11-30,16,37.3
1972-12-31,16,46.5
1973-01-31,16,79.2
1973-02-28,16,87.9
1973-03-31,16,71.9
1973-04-30,16,293.6
1973-05-31,16,532.2
1973-06-30,16,167.6
1973-07-31,16,15.2
1973-08-31,16,9.2
1973-09-30,16,8.1
1973-10-31,16,30.9
1973-11-30,16,124.6
1973-12-31,16,86.7
1974-01-31,16,56.6
1974-02-28,16,38.1
1974-03-31,16,205.8
1974-04-30,16,243.5
1974-05-31,16,400.3
1974-06-30,16,311.0
1974-07-31,16,75.4
1974-08-31,16,12.5
1974-09-30,16,7.4
1974-10-31,16,16.8
1974-11-30,16,23.8
1974-12-31,16,38.5
1975-01-31,16,45.2
1975-02-28,16,96.6
1975-03-31,16,118.9
1975-04-30,16,100.5
1975-05-31,16,491.4
1975-06-30,16,284.7
1975-07-31,16,26.6
1975-08-31,16,21.3
1975-09-30,16,14.1
1975-10-31,16,37.3
1975-11-30,16,31.3
1975-12-31,16,13.2
1976-01-31,16,11.3
1976-02-29,16,37.2
1976-03-31,16,55.3
1976-04-30,16,70.9
1976-05-31,16,178.4
1976-06-30,16,33.9
1976-07-31,16,14.2
1976-08-31,16,28.4
1976-09-30,16,34.6
1976-10-31,16,15.4
1976-11-30,16,12.7
1976-12-31,16,9.6
1977-01-31,16,10.5
1977-02-28,16,39.4
1977-03-31,16,29.9
1977-04-30,16,95.1
1977-05-31,16,63.6
1977-06-30,16,79.9
1977-07-31,16,11.5
1977-08-31,16,7.6
1977-09-30,16,8.3
1977-10-31,16,10.0
1977-11-30,16,22.5
1977-12-31,16,79.8
1978-01-31,16,124.1
1978-02-28,16,91.2
1978-03-31,16,295.3
1978-04-30,16,265.1
1978-05-31,16,460.8
1978-06-30,16,346.8
1978-07-31,16,69.8
1978-08-31,16,10.9
1978-09-30,16,55.2
1978-10-31,16,14.7
1978-11-30,16,9.5
1978-12-31,16,10.5
1979-01-31,16,67.7
1979-02-28,16,58.8
1979-03-31,16,167.8
1979-04-30,16,212.1
1979-05-31,16,456.5
1979-06-30,16,132.6
1979-07-31,16,17.5
1979-08-31,16,9.3
1979-09-30,16,7.5
1979-10-31,16,24.7
1979-11-30,16,47.0
1979-12-31,16,29.5
1980-01-31,16,220.5
1980-02-29,16,187.8
1980-03-31,16,96.0
1980-04-30,16,274.1
1980-05-31,16,279.5
1980-06-30,16,277.8
1980-07-31,16,213.1
1980-08-31,16,16.4
1980-09-30,16,9.3
1980-10-31,16,9.2
1980-11-30,16,9.7
1980-12-31,16,16.1
1981-01-31,16,59.5
1981-02-28,16,68.1
1981-03-31,16,110.9
1981-04-30,16,224.9
1981-05-31,16,191.0
1981-06-30,16,63.1
1981-07-31,16,11.4
1981-08-31,16,7.6
1981-09-30,16,8.1
1981-10-31,16,30.6
1981-11-30,16,161.2
1981-12-31,16,117.8
1982-01-31,16,23.6
1982-02-28,16,225.4
1982-03-31,16,223.2
1982-04-30,16,367.7
1982-05-31,16,439.3
1982-06-30,16,373.9
1982-07-31,16,241.5
1982-08-31,16,25.7
1982-09-30,16,53.0
1982-10-31,16,123.7
1982-11-30,16,102.9
1982-12-31,16,74.3
1983-01-31,16,66.2
1983-02-28,16,129.2
1983-03-31,16,255.0
1983-04-30,16,174.6
1983-05-31,16,640.8
1983-06-30,16,545.5
1983-07-31,16,281.1
1983-08-31,16,55.9
1983-09-30,16,33.5
1983-10-31,16,27.2
1983-11-30,16,207.6
1983-12-31,16,114.7
1984-01-31,16,37.8
1984-02-29,16,73.7
1984-03-31,16,186.4
1984-04-30,16,217.8
1984-05-31,16,360.6
1984-06-30,16,231.4
1984-07-31,16,44.8
1984-08-31,16,9.9
1984-09-30,16,8.5
1984-10-31,16,21.3
1984-11-30,16,62.5
1984-12-31,16,17.9
1985-01-31,16,15.8
1985-02-28,16,61.6
1985-03-31,16,92.9
1985-04-30,16,277.0
1985-05-31,16,162.4
1985-06-30,16,79.4
1985-07-31,16,15.7
1985-08-31,16,11.9
1985-09-30,16,29.4
1985-10-31,16,29.6
1985-11-30,16,28.8
1985-12-31,16,36.3
1986-01-31,16,92.1
1986-02-28,16,417.0
1986-03-31,16,384.4
1986-04-30,16,247.7
1986-05-31,16,321.3
1986-06-30,16,315.9
1986-07-31,16,68.3
1986-08-31,16,13.1
1986-09-30,16,11.8
1986-10-31,16,24.3
1986-11-30,16,12.1
1986-12-31,16,10.7
1987-01-31,16,13.9
1987-02-28,16,65.8
1987-03-31,16,130.8
1987-04-30,16,222.7
1987-05-31,16,116.4
1987-06-30,16,22.2
1987-07-31,16,10.0
1987-08-31,16,8.6
1987-09-30,16,8.4
1987-10-31,16,14.0
1987-11-30,16,22.3
1987-12-31,16,13.4
1988-01-31,16,28.2
1988-02-29,16,91.5
1988-03-31,16,110.0
1988-04-30,16,139.6
1988-05-31,16,155.4
1988-06-30,16,62.0
1988-07-31,16,15.4
1988-08-31,16,10.8
1988-09-30,16,8.8
1988-10-31,16,9.5
1988-11-30,16,24.5
1988-12-31,16,21.2
1989-01-31,16,15.2
1989-02-28,16,46.3
1989-03-31,16,244.1
1989-04-30,16,324.0
1989-05-31,16,193.9
1989-06-30,16,81.2
1989-07-31,16,15.2
1989-08-31,16,10.3
1989-09-30,16,42.7
1989-10-31,16,63.2
1989-11-30,16,39.0
1989-12-31,16,19.3
1990-01-31,16,40.8
1990-02-28,16,38.6
1990-03-31,16,174.3
1990-04-30,16,198.7
1990-05-31,16,159.6
1990-06-30,16,119.8
1990-07-31,16,20.8
1990-08-31,16,10.6
1990-09-30,16,10.3
1990-10-31,16,11.2
1990-11-30,16,10.6
1990-12-31,16,11.2
1991-01-31,16,10.1
1991-02-28,16,33.9
1991-03-31,16,123.9
1991-04-30,16,136.2
1991-05-31,16,217.7
1991-06-30,16,197.8
1991-07-31,16,37.8
1991-08-31,16,11.0
1991-09-30,16,10.7
1991-10-31,16,21.7
1991-11-30,16,26.2
1991-12-31,16,22.2
1992-01-31,16,17.2
1992-02-29,16,105.9
1992-03-31,16,151.0
1992-04-30,16,195.6
1992-05-31,16,162.1
1992-06-30,16,24.4
1992-07-31,16,74.1
1992-08-31,16,11.0
1992-09-30,16,9.9
1992-10-31,16,17.6
1992-11-30,16,19.2
1992-12-31,16,30.0
1993-01-31,16,56.6
1993-02-28,16,73.3
1993-03-31,16,275.8
1993-04-30,16,292.0
1993-05-31,16,518.2
1993-06-30,16,339.8
1993-07-31,16,97.5
1993-08-31,16,11.5
1993-09-30,16,8.5
1993-10-31,16,15.5
1993-11-30,16,13.7
1993-12-31,16,14.4
1994-01-31,16,28.1
1994-02-28,16,48.4
1994-03-31,16,121.6
1994-04-30,16,162.7
1994-05-31,16,166.1
1994-06-30,16,42.6
1994-07-31,16,10.0
1994-08-31,16,8.6
1994-09-30,16,11.4
1994-10-31,16,27.5
1994-11-30,16,22.2
1994-12-31,16,20.8
1995-01-31,16,133.1
1995-02-28,16,103.1
1995-03-31,16,309.1
1995-04-30,16,303.5
1995-05-31,16,471.1
1995-06-30,16,452.7
1995-07-31,16,457.3
1995-08-31,16,81.5
1995-09-30,16,11.4
1995-10-31,16,9.0
1995-11-30,16,8.9
1995-12-31,16,71.3
1996-01-31,16,46.4
1996-02-29,16,217.2
1996-03-31,16,179.3
1996-04-30,16,295.3
1996-05-31,16,429.8
1996-06-30,16,312.2
1996-07-31,16,50.3
1996-08-31,16,10.7
1996-09-30,16,9.6
1996-10-31,16,11.1
1996-11-30,16,74.9
1996-12-31,16,153.6
1997-01-31,16,359.9
1997-02-28,16,70.6
1997-03-31,16,199.5
1997-04-30,16,269.3
1997-05-31,16,409.0
1997-06-30,16,299.8
1997-07-31,16,47.1
1997-08-31,16,10.8
1997-09-30,16,10.0
1997-10-31,16,16.7
1997-11-30,16,24.7
1997-12-31,16,29.3
1998-01-31,16,87.6
1998-02-28,16,82.1
1998-03-31,16,167.1
1998-04-30,16,253.4
1998-05-31,16,342.3
1998-06-30,16,646.7
1998-07-31,16,324.5
1998-08-31,16,38.2
1998-09-30,16,26.9
1998-10-31,16,14.7
1998-11-30,16,23.4
1998-12-31,16,36.4
1999-01-31,16,112.0
1999-02-28,16,101.2
1999-03-31,16,71.7
1999-04-30,16,202.8
1999-05-31,16,450.9
1999-06-30,16,281.2
1999-07-31,16,38.4
1999-08-31,16,11.3
1999-09-30,16,10.2
1999-10-31,16,15.7
1999-11-30,16,35.1
1999-12-31,16,13.7
2000-01-31,16,154.7
2000-02-29,16,139.2
2000-03-31,16,111.6
2000-04-30,16,318.7
2000-05-31,16,438.5
2000-06-30,16,115.8
2000-07-31,16,16.1
2000-08-31,16,10.1
2000-09-30,16,18.7
2000-10-31,16,21.3
2000-11-30,16,14.8
2000-12-31,16,15.7
2001-01-31,16,68.3
2001-02-28,16,41.5
2001-03-31,16,150.7
2001-04-30,16,200.0
2001-05-31,16,229.3
2001-06-30,16,16.4
2001-07-31,16,17.8
2001-08-31,16,10.8
2001-09-30,16,11.3
2001-10-31,16,13.1
2001-11-30,16,69.2
2001-12-31,16,109.0
2002-01-31,16,56.8
2002-02-28,16,90.4
2002-03-31,16,179.0
2002-04-30,16,191.3
2002-05-31,16,234.7
2002-06-30,16,89.1
2002-07-31,16,12.4
2002-08-31,16,9.8
2002-09-30,16,10.1
2002-10-31,16,10.3
2002-11-30,16,101.0
2002-12-31,16,122.6
2003-01-31,16,54.1
2003-02-28,16,74.1
2003-03-31,16,120.8
2003-04-30,16,176.4
2003-05-31,16,372.3
2003-06-30,16,98.3
2003-07-31,16,16.6
2003-08-31,16,23.8
2003-09-30,16,11.8
2003-10-31,16,9.9
2003-11-30,16,23.2
2003-12-31,16,153.1
2004-01-31,16,49.2
2004-02-29,16,92.6
2004-03-31,16,286.6
2004-04-30,16,179.1
2004-05-31,16,78.6
2004-06-30,16,15.8
2004-07-31,16,9.9
2004-08-31,16,9.5
2004-09-30,16,9.6
2004-10-31,16,69.3
2004-11-30,16,51.7
2004-12-31,16,75.9
2005-01-31,16,116.6
2005-02-28,16,84.1
2005-03-31,16,231.1
2005-04-30,16,226.6
2005-05-31,16,520.4
2005-06-30,16,161.2
2005-07-31,16,27.0
2005-08-31,16,10.0
2005-09-30,16,12.2
2005-10-31,16,15.9
2005-11-30,16,21.0
2005-12-31,16,197.6
2006-01-31,16,122.1
2006-02-28,16,149.0
2006-03-31,16,163.0
2006-04-30,16,379.5
2006-05-31,16,618.0
2006-06-30,16,117.4
2006-07-31,16,12.6
2006-08-31,16,10.5
2006-09-30,16,10.3
2006-10-31,16,17.0
2006-11-30,16,33.1
2006-12-31,16,49.7
2007-01-31,16,32.9
2007-02-28,16,122.0
2007-03-31,16,188.6
2007-04-30,16,121.8
2007-05-31,16,71.7
2007-06-30,16,12.3
2007-07-31,16,9.9
2007-08-31,16,10.0
2007-09-30,16,13.0
2007-10-31,16,16.1
2007-11-30,16,19.9
2007-12-31,16,34.1
2008-01-31,16,64.7
2008-02-29,16,73.2
2008-03-31,16,125.4
2008-04-30,16,199.1
2008-05-31,16,182.8
2008-06-30,16,28.6
2008-07-31,16,13.7
2008-08-31,16,10.1
2008-09-30,16,9.6
2008-10-31,16,21.3
2008-11-30,16,84.3
2008-12-31,16,26.0
2009-01-31,16,136.8
2009-02-28,16,99.8
2009-03-31,16,206.0
2009-04-30,16,222.3
2009-05-31,16,242.7
2009-06-30,16,23.8
2009-07-31,16,12.3
2009-08-31,16,13.8
2009-09-30,16,11.0
2009-10-31,16,90.0
2009-11-30,16,18.1
2009-12-31,16,42.7
2010-01-31,16,80.8
2010-02-28,16,83.9
2010-03-31,16,143.8
2010-04-30,16,280.2
2010-05-31,16,233.9
2010-06-30,16,155.2
2010-07-31,16,15.9
2010-08-31,16,9.7
2010-09-30,16,9.4
2010-10-31,16,151.0
2010-11-30,16,75.8
2010-12-31,16,184.2
2011-01-31,16,75.3
2011-02-28,16,61.0
2011-03-31,16,203.5
2011-04-30,16,264.8
2011-05-31,16,376.7
2011-06-30,16,373.3
2011-07-31,16,111.9
2011-08-31,16,11.2
2011-09-30,16,16.9
2011-10-31,16,35.3
2011-11-30,16,14.4
2011-12-31,16,13.8
2012-01-31,16,58.2
2012-02-29,16,34.6
2012-03-31,16,114.5
2012-04-30,16,230.6
2012-05-31,16,121.7
2012-06-30,16,28.1
2012-07-31,16,10.5
2012-08-31,16,11.5
2012-09-30,16,10.1
2012-10-31,16,12.1
2012-11-30,16,60.8
2012-12-31,16,154.6
2013-01-31,16,44.0
2013-02-28,16,41.9
2013-03-31,16,102.8
2013-04-30,16,133.5
2013-05-31,16,139.6
2013-06-30,16,39.9
2013-07-31,16,14.0
2013-08-31,16,9.6
2013-09-30,16,10.9
2013-10-31,16,11.8
2013-11-30,16,15.1
2013-12-31,16,14.9
2014-01-31,16,26.4
2014-02-28,16,124.7
2014-03-31,16,118.6
2014-04-30,16,6.7
2014-05-31,16,0.0
2014-06-30,16,0.0
2014-07-31,16,0.0
2014-08-31,16,0.0
2014-09-30,16,0.0
1921-10-31,18,4.5
1921-11-30,18,6.7
1921-12-31,18,150.4
1922-01-31,18,76.9
1922-02-28,18,251.8
1922-03-31,18,218.2
1922-04-30,18,238.9
1922-05-31,18,596.1
1922-06-30,18,397.8
1922-07-31,18,31.4
1922-08-31,18,6.3
1922-09-30,18,2.1
1922-10-31,18,19.3
1922-11-30,18,89.1
1922-12-31,18,268.3
1923-01-31,18,170.2
1923-02-28,18,91.3
1923-03-31,18,139.9
1923-04-30,18,250.5
1923-05-31,18,382.0
1923-06-30,18,237.0
1923-07-31,18,110.0
1923-08-31,18,9.7
1923-09-30,18,22.9
1923-10-31,18,40.8
1923-11-30,18,13.3
1923-12-31,18,12.8
1924-01-31,18,52.2
1924-02-29,18,80.3
1924-03-31,18,59.2
1924-04-30,18,156.4
1924-05-31,18,154.9
1924-06-30,18,11.5
1924-07-31,18,3.3
1924-08-31,18,1.1
1924-09-30,18,1.9
1924-10-31,18,48.6
1924-11-30,18,115.7
1924-12-31,18,94.0
1925-01-31,18,67.5
1925-02-28,18,351.7
1925-03-31,18,228.6
1925-04-30,18,321.4
1925-05-31,18,367.1
1925-06-30,18,279.6
1925-07-31,18,48.6
1925-08-31,18,16.4
1925-09-30,18,9.1
1925-10-31,18,28.3
1925-11-30,18,28.5
1925-12-31,18,49.2
1926-01-31,18,84.2
1926-02-28,18,242.1
1926-03-31,18,161.3
1926-04-30,18,378.5
1926-05-31,18,222.3
1926-06-30,18,55.3
1926-07-31,18,10.9
1926-08-31,18,4.9
1926-09-30,18,1.5
1926-10-31,18,7.3
1926-11-30,18,223.2
1926-12-31,18,68.1
1927-01-31,18,137.7
1927-02-28,18,289.4
1927-03-31,18,163.0
1927-04-30,18,378.1
1927-05-31,18,406.9
1927-06-30,18,293.3
1927-07-31,18,17.7
1927-08-31,18,5.6
1927-09-30,18,5.3
1927-10-31,18,107.8
1927-11-30,18,153.1
1927-12-31,18,82.2
1928-01-31,18,83.1
1928-02-29,18,113.1
1928-03-31,18,483.5
1928-04-30,18,223.5
1928-05-31,18,412.4
1928-06-30,18,107.8
1928-07-31,18,9.4
1928-08-31,18,3.3
1928-09-30,18,1.7
1928-10-31,18,1.8
1928-11-30,18,36.0
1928-12-31,18,59.2
1929-01-31,18,38.4
1929-02-28,18,67.4
1929-03-31,18,194.2
1929-04-30,18,184.1
1929-05-31,18,351.3
1929-06-30,18,200.4
1929-07-31,18,15.0
1929-08-31,18,4.7
1929-09-30,18,4.4
1929-10-31,18,7.1
1929-11-30,18,3.4
1929-12-31,18,64.7
1930-01-31,18,108.5
1930-02-28,18,188.2
1930-03-31,18,275.0
1930-04-30,18,218.2
1930-05-31,18,168.1
1930-06-30,18,219.5
1930-07-31,18,11.0
1930-08-31,18,5.1
1930-09-30,18,6.8
1930-10-31,18,19.9
1930-11-30,18,50.4
1930-12-31,18,21.7
1931-01-31,18,112.9
1931-02-28,18,81.6
1931-03-31,18,125.7
1931-04-30,18,171.6
1931-05-31,18,225.8
1931-06-30,18,45.6
1931-07-31,18,8.6
1931-08-31,18,7.0
1931-09-30,18,7.6
1931-10-31,18,9.4
1931-11-30,18,31.0
1931-12-31,18,246.7
1932-01-31,18,110.8
1932-02-29,18,254.6
1932-03-31,18,237.5
1932-04-30,18,236.2
1932-05-31,18,468.5
1932-06-30,18,558.1
1932-07-31,18,104.2
1932-08-31,18,7.5
1932-09-30,18,3.5
1932-10-31,18,6.1
1932-11-30,18,9.2
1932-12-31,18,20.7
1933-01-31,18,71.5
1933-02-28,18,66.8
1933-03-31,18,245.2
1933-04-30,18,235.7
1933-05-31,18,270.6
1933-06-30,18,323.7
1933-07-31,18,17.0
1933-08-31,18,5.6
1933-09-30,18,4.5
1933-10-31,18,23.1
1933-11-30,18,38.8
1933-12-31,18,216.4
1934-01-31,18,125.4
1934-02-28,18,171.6
1934-03-31,18,266.7
1934-04-30,18,173.1
1934-05-31,18,85.4
1934-06-30,18,55.4
1934-07-31,18,9.2
1934-08-31,18,6.0
1934-09-30,18,6.4
1934-10-31,18,48.1
1934-11-30,18,121.9
1934-12-31,18,102.0
1935-01-31,18,187.7
1935-02-28,18,127.7
1935-03-31,18,194.8
1935-04-30,18,513.4
1935-05-31,18,395.5
1935-06-30,18,489.8
1935-07-31,18,42.3
1935-08-31,18,9.5
1935-09-30,18,7.4
1935-10-31,18,35.2
1935-11-30,18,21.1
1935-12-31,18,31.6
1936-01-31,18,223.2
1936-02-29,18,498.5
1936-03-31,18,311.2
1936-04-30,18,434.2
1936-05-31,18,391.8
1936-06-30,18,292.7
1936-07-31,18,41.8
1936-08-31,18,9.6
1936-09-30,18,6.8
1936-10-31,18,16.3
1936-11-30,18,14.9
1936-12-31,18,133.9
1937-01-31,18,39.8
1937-02-28,18,426.0
1937-03-31,18,302.9
1937-04-30,18,259.9
1937-05-31,18,625.0
1937-06-30,18,309.0
1937-07-31,18,35.7
1937-08-31,18,8.4
1937-09-30,18,3.6
1937-10-31,18,14.3
1937-11-30,18,46.3
1937-12-31,18,575.6
1938-01-31,18,164.5
1938-02-28,18,301.6
1938-03-31,18,384.0
1938-04-30,18,418.3
1938-05-31,18,608.8
1938-06-30,18,616.2
1938-07-31,18,178.0
1938-08-31,18,11.9
1938-09-30,18,10.8
1938-10-31,18,82.7
1938-11-30,18,39.5
1938-12-31,18,49.6
1939-01-31,18,62.2
1939-02-28,18,78.3
1939-03-31,18,311.9
1939-04-30,18,288.4
1939-05-31,18,149.2
1939-06-30,18,44.0
1939-07-31,18,9.3
1939-08-31,18,5.5
1939-09-30,18,41.4
1939-10-31,18,85.4
1939-11-30,18,25.1
1939-12-31,18,40.2
1940-01-31,18,414.8
1940-02-29,18,286.1
1940-03-31,18,399.9
1940-04-30,18,297.9
1940-05-31,18,513.7
1940-06-30,18,193.3
1940-07-31,18,11.9
1940-08-31,18,4.6
1940-09-30,18,4.6
1940-10-31,18,18.4
1940-11-30,18,33.6
1940-12-31,18,279.1
1941-01-31,18,152.9
1941-02-28,18,295.5
1941-03-31,18,218.0
1941-04-30,18,252.5
1941-05-31,18,518.1
1941-06-30,18,482.3
1941-07-31,18,219.0
1941-08-31,18,14.0
1941-09-30,18,6.7
1941-10-31,18,8.1
1941-11-30,18,78.1
1941-12-31,18,254.1
1942-01-31,18,236.1
1942-02-28,18,126.2
1942-03-31,18,161.1
1942-04-30,18,325.1
1942-05-31,18,404.6
1942-06-30,18,582.0
1942-07-31,18,205.1
1942-08-31,18,10.9
1942-09-30,18,6.4
1942-10-31,18,10.6
1942-11-30,18,183.5
1942-12-31,18,178.1
1943-01-31,18,321.7
1943-02-28,18,176.6
1943-03-31,18,400.2
1943-04-30,18,319.7
1943-05-31,18,433.9
1943-06-30,18,288.2
1943-07-31,18,139.9
1943-08-31,18,10.9
1943-09-30,18,5.0
1943-10-31,18,15.9
1943-11-30,18,28.5
1943-12-31,18,38.1
1944-01-31,18,100.8
1944-02-29,18,137.6
1944-03-31,18,212.6
1944-04-30,18,181.0
1944-05-31,18,399.3
1944-06-30,18,206.1
1944-07-31,18,59.6
1944-08-31,18,8.4
1944-09-30,18,5.2
1944-10-31,18,76.0
1944-11-30,18,206.3
1944-12-31,18,110.2
1945-01-31,18,49.7
1945-02-28,18,328.5
1945-03-31,18,167.8
1945-04-30,18,355.6
1945-05-31,18,349.8
1945-06-30,18,410.1
1945-07-31,18,77.6
1945-08-31,18,10.3
1945-09-30,18,9.5
1945-10-31,18,165.2
1945-11-30,18,126.6
1945-12-31,18,360.8
1946-01-31,18,97.6
1946-02-28,18,80.8
1946-03-31,18,183.5
1946-04-30,18,357.3
1946-05-31,18,357.2
1946-06-30,18,248.6
1946-07-31,18,28.8
1946-08-31,18,10.7
1946-09-30,18,10.7
1946-10-31,18,53.8
1946-11-30,18,180.2
1946-12-31,18,142.6
1947-01-31,18,40.3
1947-02-28,18,139.5
1947-03-31,18,220.5
1947-04-30,18,190.3
1947-05-31,18,296.2
1947-06-30,18,59.3
1947-07-31,18,10.2
1947-08-31,18,5.4
1947-09-30,18,7.0
1947-10-31,18,102.1
1947-11-30,18,43.8
1947-12-31,18,13.6
1948-01-31,18,62.0
1948-02-29,18,48.0
1948-03-31,18,179.8
1948-04-30,18,385.5
1948-05-31,18,376.9
1948-06-30,18,294.8
1948-07-31,18,37.5
1948-08-31,18,8.0
1948-09-30,18,4.8
1948-10-31,18,10.7
1948-11-30,18,20.2
1948-12-31,18,31.2
1949-01-31,18,30.7
1949-02-28,18,73.8
1949-03-31,18,210.2
1949-04-30,18,499.2
1949-05-31,18,340.0
1949-06-30,18,181.7
1949-07-31,18,13.0
1949-08-31,18,9.3
1949-09-30,18,8.2
1949-10-31,18,8.0
1949-11-30,18,67.3
1949-12-31,18,32.8
1950-01-31,18,132.7
1950-02-28,18,236.9
1950-03-31,18,217.9
1950-04-30,18,438.9
1950-05-31,18,403.9
1950-06-30,18,141.1
1950-07-31,18,16.4
1950-08-31,18,9.9
1950-09-30,18,7.9
1950-10-31,18,133.9
1950-11-30,18,730.8
1950-12-31,18,561.3
1951-01-31,18,135.4
1951-02-28,18,140.5
1951-03-31,18,179.7
1951-04-30,18,215.7
1951-05-31,18,382.3
1951-06-30,18,273.2
1951-07-31,18,38.8
1951-08-31,18,10.3
1951-09-30,18,8.5
1951-10-31,18,24.1
1951-11-30,18,101.5
1951-12-31,18,216.4
1952-01-31,18,254.5
1952-02-29,18,173.2
1952-03-31,18,238.1
1952-04-30,18,492.3
1952-05-31,18,653.0
1952-06-30,18,463.0
1952-07-31,18,269.5
1952-08-31,18,26.2
1952-09-30,18,12.4
1952-10-31,18,12.2
1952-11-30,18,30.4
1952-12-31,18,130.8
1953-01-31,18,226.0
1953-02-28,18,64.1
1953-03-31,18,143.1
1953-04-30,18,265.4
1953-05-31,18,180.7
1953-06-30,18,340.4
1953-07-31,18,127.1
1953-08-31,18,15.1
1953-09-30,18,10.5
1953-10-31,18,11.0
1953-11-30,18,62.3
1953-12-31,18,60.9
1954-01-31,18,111.3
1954-02-28,18,226.4
1954-03-31,18,254.6
1954-04-30,18,433.1
1954-05-31,18,377.6
1954-06-30,18,86.2
1954-07-31,18,12.7
1954-08-31,18,7.7
1954-09-30,18,5.8
1954-10-31,18,5.9
1954-11-30,18,50.8
1954-12-31,18,173.6
1955-01-31,18,82.5
1955-02-28,18,95.5
1955-03-31,18,122.2
1955-04-30,18,121.7
1955-05-31,18,414.2
1955-06-30,18,279.9
1955-07-31,18,26.4
1955-08-31,18,10.0
1955-09-30,18,7.0
1955-10-31,18,9.1
1955-11-30,18,20.3
1955-12-31,18,968.6
1956-01-31,18,297.9
1956-02-29,18,74.8
1956-03-31,18,187.1
1956-04-30,18,306.8
1956-05-31,18,581.4
1956-06-30,18,550.0
1956-07-31,18,214.8
1956-08-31,18,15.3
1956-09-30,18,10.5
1956-10-31,18,39.9
1956-11-30,18,50.2
1956-12-31,18,38.8
1957-01-31,18,80.3
1957-02-28,18,236.9
1957-03-31,18,227.7
1957-04-30,18,195.5
1957-05-31,18,386.3
1957-06-30,18,265.2
1957-07-31,18,15.6
1957-08-31,18,8.3
1957-09-30,18,8.0
1957-10-31,18,28.8
1957-11-30,18,35.1
1957-12-31,18,160.8
1958-01-31,18,171.0
1958-02-28,18,301.5
1958-03-31,18,294.1
1958-04-30,18,484.2
1958-05-31,18,631.0
1958-06-30,18,356.1
1958-07-31,18,94.2
1958-08-31,18,20.1
1958-09-30,18,26.0
1958-10-31,18,11.6
1958-11-30,18,16.4
1958-12-31,18,26.3
1959-01-31,18,178.9
1959-02-28,18,184.6
1959-03-31,18,159.6
1959-04-30,18,255.7
1959-05-31,18,139.0
1959-06-30,18,81.8
1959-07-31,18,11.0
1959-08-31,18,9.0
1959-09-30,18,146.8
1959-10-31,18,24.2
1959-11-30,18,10.8
1959-12-31,18,11.0
1960-01-31,18,76.9
1960-02-29,18,244.0
1960-03-31,18,306.5
1960-04-30,18,264.9
1960-05-31,18,250.0
1960-06-30,18,97.9
1960-07-31,18,15.1
1960-08-31,18,11.1
1960-09-30,18,10.0
1960-10-31,18,20.2
1960-11-30,18,78.8
1960-12-31,18,87.2
1961-01-31,18,58.1
1961-02-28,18,68.1
1961-03-31,18,139.9
1961-04-30,18,194.2
1961-05-31,18,157.7
1961-06-30,18,136.7
1961-07-31,18,16.8
1961-08-31,18,24.0
1961-09-30,18,21.3
1961-10-31,18,14.5
1961-11-30,18,36.0
1961-12-31,18,66.6
1962-01-31,18,65.8
1962-02-28,18,391.2
1962-03-31,18,195.9
1962-04-30,18,504.7
1962-05-31,18,237.5
1962-06-30,18,330.7
1962-07-31,18,31.8
1962-08-31,18,12.1
1962-09-30,18,18.5
1962-10-31,18,121.8
1962-11-30,18,22.6
1962-12-31,18,112.3
1963-01-31,18,408.2
1963-02-28,18,418.7
1963-03-31,18,139.5
1963-04-30,18,288.4
1963-05-31,18,493.4
1963-06-30,18,361.7
1963-07-31,18,154.6
1963-08-31,18,14.3
1963-09-30,18,17.3
1963-10-31,18,53.6
1963-11-30,18,200.9
1963-12-31,18,51.8
1964-01-31,18,79.5
1964-02-29,18,61.8
1964-03-31,18,129.6
1964-04-30,18,199.0
1964-05-31,18,289.3
1964-06-30,18,181.1
1964-07-31,18,19.8
1964-08-31,18,13.2
1964-09-30,18,12.4
1964-10-31,18,32.6
1964-11-30,18,136.6
1964-12-31,18,730.9
1965-01-31,18,244.0
1965-02-28,18,153.5
1965-03-31,18,142.3
1965-04-30,18,363.6
1965-05-31,18,338.3
1965-06-30,18,421.5
1965-07-31,18,270.3
1965-08-31,18,97.8
1965-09-30,18,15.3
1965-10-31,18,14.3
1965-11-30,18,221.2
1965-12-31,18,121.6
1966-01-31,18,74.8
1966-02-28,18,69.3
1966-03-31,18,190.0
1966-04-30,18,324.6
1966-05-31,18,286.8
1966-06-30,18,41.8
1966-07-31,18,11.3
1966-08-31,18,9.3
1966-09-30,18,11.1
1966-10-31,18,11.1
1966-11-30,18,155.5
1966-12-31,18,295.6
1967-01-31,18,220.5
1967-02-28,18,124.2
1967-03-31,18,258.5
1967-04-30,18,224.6
1967-05-31,18,730.0
1967-06-30,18,627.7
1967-07-31,18,377.0
1967-08-31,18,22.9
1967-09-30,18,22.7
1967-10-31,18,24.3
1967-11-30,18,39.1
1967-12-31,18,57.0
1968-01-31,18,142.8
1968-02-29,18,217.3
1968-03-31,18,180.8
1968-04-30,18,148.9
1968-05-31,18,190.8
1968-06-30,18,104.3
1968-07-31,18,13.8
1968-08-31,18,17.4
1968-09-30,18,12.1
1968-10-31,18,48.4
1968-11-30,18,184.2
1968-12-31,18,97.2
1969-01-31,18,743.5
1969-02-28,18,197.0
1969-03-31,18,276.5
1969-04-30,18,392.9
1969-05-31,18,736.4
1969-06-30,18,581.5
1969-07-31,18,346.3
1969-08-31,18,26.0
1969-09-30,18,11.8
1969-10-31,18,87.7
1969-11-30,18,92.3
1969-12-31,18,177.1
1970-01-31,18,503.6
1970-02-28,18,144.4
1970-03-31,18,178.2
1970-04-30,18,100.1
1970-05-31,18,486.9
1970-06-30,18,411.7
1970-07-31,18,47.0
1970-08-31,18,10.8
1970-09-30,18,8.5
1970-10-31,18,10.1
1970-11-30,18,199.5
1970-12-31,18,167.9
1971-01-31,18,123.0
1971-02-28,18,112.9
1971-03-31,18,197.4
1971-04-30,18,153.5
1971-05-31,18,239.4
1971-06-30,18,439.5
1971-07-31,18,122.7
1971-08-31,18,20.4
1971-09-30,18,17.7
1971-10-31,18,14.3
1971-11-30,18,69.0
1971-12-31,18,111.6
1972-01-31,18,75.4
1972-02-29,18,168.9
1972-03-31,18,256.1
1972-04-30,18,163.0
1972-05-31,18,285.4
1972-06-30,18,148.6
1972-07-31,18,13.0
1972-08-31,18,9.5
1972-09-30,18,27.8
1972-10-31,18,27.0
1972-11-30,18,88.3
1972-12-31,18,115.4
1973-01-31,18,219.5
1973-02-28,18,236.1
1973-03-31,18,145.8
1973-04-30,18,319.1
1973-05-31,18,614.4
1973-06-30,18,262.8
1973-07-31,18,16.8
1973-08-31,18,20.5
1973-09-30,18,10.8
1973-10-31,18,76.9
1973-11-30,18,238.5
1973-12-31,18,286.7
1974-01-31,18,161.6
1974-02-28,18,68.3
1974-03-31,18,330.7
1974-04-30,18,257.0
1974-05-31,18,470.8
1974-06-30,18,384.3
1974-07-31,18,89.3
1974-08-31,18,18.6
1974-09-30,18,9.7
1974-10-31,18,38.2
1974-11-30,18,49.0
1974-12-31,18,99.3
1975-01-31,18,124.5
1975-02-28,18,244.9
1975-03-31,18,280.9
1975-04-30,18,183.5
1975-05-31,18,560.7
1975-06-30,18,402.1
1975-07-31,18,30.0
1975-08-31,18,28.3
1975-09-30,18,19.7
1975-10-31,18,111.3
1975-11-30,18,77.4
1975-12-31,18,37.0
1976-01-31,18,26.6
1976-02-29,18,64.5
1976-03-31,18,112.8
1976-04-30,18,100.1
1976-05-31,18,221.7
1976-06-30,18,27.0
1976-07-31,18,27.6
1976-08-31,18,42.5
1976-09-30,18,39.3
1976-10-31,18,22.8
1976-11-30,18,21.1
1976-12-31,18,13.4
1977-01-31,18,28.7
1977-02-28,18,60.6
1977-03-31,18,37.8
1977-04-30,18,117.6
1977-05-31,18,97.5
1977-06-30,18,112.5
1977-07-31,18,13.5
1977-08-31,18,10.0
1977-09-30,18,10.9
1977-10-31,18,13.8
1977-11-30,18,62.8
1977-12-31,18,275.1
1978-01-31,18,310.3
1978-02-28,18,239.1
1978-03-31,18,512.2
1978-04-30,18,352.3
1978-05-31,18,448.6
1978-06-30,18,550.5
1978-07-31,18,207.0
1978-08-31,18,18.2
1978-09-30,18,111.2
1978-10-31,18,14.0
1978-11-30,18,27.6
1978-12-31,18,44.6
1979-01-31,18,218.6
1979-02-28,18,186.5
1979-03-31,18,326.4
1979-04-30,18,269.1
1979-05-31,18,558.1
1979-06-30,18,294.1
1979-07-31,18,20.6
1979-08-31,18,12.9
1979-09-30,18,10.5
1979-10-31,18,52.7
1979-11-30,18,96.4
1979-12-31,18,116.7
1980-01-31,18,591.7
1980-02-29,18,365.9
1980-03-31,18,149.6
1980-04-30,18,333.6
1980-05-31,18,368.4
1980-06-30,18,459.2
1980-07-31,18,385.8
1980-08-31,18,25.5
1980-09-30,18,16.2
1980-10-31,18,16.8
1980-11-30,18,22.5
1980-12-31,18,88.4
1981-01-31,18,148.0
1981-02-28,18,137.2
1981-03-31,18,188.5
1981-04-30,18,315.8
1981-05-31,18,261.0
1981-06-30,18,119.2
1981-07-31,18,14.4
1981-08-31,18,10.0
1981-09-30,18,12.4
1981-10-31,18,70.3
1981-11-30,18,343.4
1981-12-31,18,291.7
1982-01-31,18,166.9
1982-02-28,18,384.7
1982-03-31,18,326.2
1982-04-30,18,514.6
1982-05-31,18,532.3
1982-06-30,18,497.8
1982-07-31,18,311.6
1982-08-31,18,32.0
1982-09-30,18,107.9
1982-10-31,18,215.3
1982-11-30,18,229.9
1982-12-31,18,202.5
1983-01-31,18,270.3
1983-02-28,18,323.5
1983-03-31,18,435.3
1983-04-30,18,237.0
1983-05-31,18,733.5
1983-06-30,18,796.2
1983-07-31,18,400.4
1983-08-31,18,74.4
1983-09-30,18,36.5
1983-10-31,18,53.0
1983-11-30,18,304.2
1983-12-31,18,377.6
1984-01-31,18,108.7
1984-02-29,18,141.7
1984-03-31,18,190.7
1984-04-30,18,193.9
1984-05-31,18,575.2
1984-06-30,18,292.8
1984-07-31,18,42.0
1984-08-31,18,15.1
1984-09-30,18,13.6
1984-10-31,18,53.7
1984-11-30,18,164.8
1984-12-31,18,50.2
1985-01-31,18,49.6
1985-02-28,18,143.7
1985-03-31,18,159.1
1985-04-30,18,405.1
1985-05-31,18,203.6
1985-06-30,18,87.0
1985-07-31,18,16.5
1985-08-31,18,14.5
1985-09-30,18,37.2
1985-10-31,18,59.6
1985-11-30,18,84.6
1985-12-31,18,170.8
1986-01-31,18,242.2
1986-02-28,18,714.9
1986-03-31,18,522.3
1986-04-30,18,194.1
1986-05-31,18,420.1
1986-06-30,18,371.7
1986-07-31,18,41.6
1986-08-31,18,14.4
1986-09-30,18,22.1
1986-10-31,18,31.0
1986-11-30,18,14.8
1986-12-31,18,21.9
1987-01-31,18,52.5
1987-02-28,18,132.9
1987-03-31,18,194.2
1987-04-30,18,319.2
1987-05-31,18,152.1
1987-06-30,18,39.9
1987-07-31,18,14.4
1987-08-31,18,11.8
1987-09-30,18,11.9
1987-10-31,18,40.6
1987-11-30,18,50.5
1987-12-31,18,53.1
1988-01-31,18,136.5
1988-02-29,18,130.0
1988-03-31,18,142.6
1988-04-30,18,197.3
1988-05-31,18,234.6
1988-06-30,18,85.1
1988-07-31,18,16.2
1988-08-31,18,14.0
1988-09-30,18,13.6
1988-10-31,18,12.7
1988-11-30,18,59.9
1988-12-31,18,55.5
1989-01-31,18,59.5
1989-02-28,18,106.0
1989-03-31,18,443.1
1989-04-30,18,405.2
1989-05-31,18,237.8
1989-06-30,18,167.9
1989-07-31,18,15.7
1989-08-31,18,16.6
1989-09-30,18,69.9
1989-10-31,18,121.1
1989-11-30,18,78.7
1989-12-31,18,38.3
1990-01-31,18,93.6
1990-02-28,18,86.0
1990-03-31,18,222.4
1990-04-30,18,215.0
1990-05-31,18,145.5
1990-06-30,18,141.3
1990-07-31,18,30.3
1990-08-31,18,16.7
1990-09-30,18,14.6
1990-10-31,18,23.7
1990-11-30,18,22.1
1990-12-31,18,18.4
1991-01-31,18,23.3
1991-02-28,18,78.0
1991-03-31,18,333.9
1991-04-30,18,203.2
1991-05-31,18,261.6
1991-06-30,18,346.5
1991-07-31,18,49.5
1991-08-31,18,14.7
1991-09-30,18,16.4
1991-10-31,18,66.6
1991-11-30,18,75.0
1991-12-31,18,58.8
1992-01-31,18,71.7
1992-02-29,18,219.3
1992-03-31,18,216.7
1992-04-30,18,263.3
1992-05-31,18,172.7
1992-06-30,18,37.3
1992-07-31,18,59.0
1992-08-31,18,16.6
1992-09-30,18,15.6
1992-10-31,18,59.8
1992-11-30,18,44.9
1992-12-31,18,144.3
1993-01-31,18,348.5
1993-02-28,18,184.5
1993-03-31,18,568.8
1993-04-30,18,320.2
1993-05-31,18,511.3
1993-06-30,18,425.4
1993-07-31,18,124.5
1993-08-31,18,14.8
1993-09-30,18,11.3
1993-10-31,18,31.1
1993-11-30,18,33.6
1993-12-31,18,57.4
1994-01-31,18,69.9
1994-02-28,18,142.6
1994-03-31,18,203.0
1994-04-30,18,192.6
1994-05-31,18,226.3
1994-06-30,18,53.2
1994-07-31,18,13.0
1994-08-31,18,11.7
1994-09-30,18,17.8
1994-10-31,18,65.3
1994-11-30,18,81.7
1994-12-31,18,93.7
1995-01-31,18,486.7
1995-02-28,18,222.4
1995-03-31,18,543.9
1995-04-30,18,411.2
1995-05-31,18,491.4
1995-06-30,18,598.4
1995-07-31,18,531.3
1995-08-31,18,73.1
1995-09-30,18,14.1
1995-10-31,18,12.5
1995-11-30,18,14.4
1995-12-31,18,221.0
1996-01-31,18,228.9
1996-02-29,18,428.7
1996-03-31,18,369.4
1996-04-30,18,334.7
1996-05-31,18,466.0
1996-06-30,18,363.8
1996-07-31,18,55.6
1996-08-31,18,17.1
1996-09-30,18,12.7
1996-10-31,18,22.2
1996-11-30,18,220.3
1996-12-31,18,518.7
1997-01-31,18,840.1
1997-02-28,18,91.4
1997-03-31,18,268.9
1997-04-30,18,203.2
1997-05-31,18,535.7
1997-06-30,18,306.6
1997-07-31,18,77.0
1997-08-31,18,15.9
1997-09-30,18,15.8
1997-10-31,18,24.5
1997-11-30,18,72.5
1997-12-31,18,79.0
1998-01-31,18,346.6
1998-02-28,18,349.7
1998-03-31,18,445.1
1998-04-30,18,356.6
1998-05-31,18,318.8
1998-06-30,18,603.1
1998-07-31,18,394.8
1998-08-31,18,20.2
1998-09-30,18,39.6
1998-10-31,18,23.8
1998-11-30,18,80.9
1998-12-31,18,94.9
1999-01-31,18,284.3
1999-02-28,18,289.6
1999-03-31,18,141.7
1999-04-30,18,276.6
1999-05-31,18,395.0
1999-06-30,18,316.8
1999-07-31,18,31.8
1999-08-31,18,17.6
1999-09-30,18,16.8
1999-10-31,18,33.8
1999-11-30,18,83.4
1999-12-31,18,24.9
2000-01-31,18,376.1
2000-02-29,18,377.8
2000-03-31,18,255.2
2000-04-30,18,362.8
2000-05-31,18,445.6
2000-06-30,18,179.0
2000-07-31,18,17.3
2000-08-31,18,15.0
2000-09-30,18,28.2
2000-10-31,18,52.0
2000-11-30,18,37.0
2000-12-31,18,49.7
2001-01-31,18,107.8
2001-02-28,18,100.4
2001-03-31,18,384.5
2001-04-30,18,288.7
2001-05-31,18,310.6
2001-06-30,18,21.9
2001-07-31,18,22.2
2001-08-31,18,13.5
2001-09-30,18,17.2
2001-10-31,18,31.6
2001-11-30,18,139.5
2001-12-31,18,234.3
2002-01-31,18,114.8
2002-02-28,18,179.7
2002-03-31,18,236.2
2002-04-30,18,284.0
2002-05-31,18,321.9
2002-06-30,18,163.7
2002-07-31,18,16.3
2002-08-31,18,13.4
2002-09-30,18,16.2
2002-10-31,18,15.2
2002-11-30,18,228.8
2002-12-31,18,211.3
2003-01-31,18,179.3
2003-02-28,18,74.6
2003-03-31,18,223.5
2003-04-30,18,254.8
2003-05-31,18,524.5
2003-06-30,18,203.4
2003-07-31,18,23.4
2003-08-31,18,31.0
2003-09-30,18,16.5
2003-10-31,18,13.3
2003-11-30,18,47.3
2003-12-31,18,278.8
2004-01-31,18,116.7
2004-02-29,18,181.1
2004-03-31,18,425.3
2004-04-30,18,218.0
2004-05-31,18,220.2
2004-06-30,18,72.3
2004-07-31,18,15.1
2004-08-31,18,13.9
2004-09-30,18,13.5
2004-10-31,18,159.7
2004-11-30,18,86.0
2004-12-31,18,215.9
2005-01-31,18,340.7
2005-02-28,18,211.7
2005-03-31,18,358.5
2005-04-30,18,235.9
2005-05-31,18,633.4
2005-06-30,18,430.8
2005-07-31,18,229.5
2005-08-31,18,17.3
2005-09-30,18,18.8
2005-10-31,18,27.2
2005-11-30,18,39.9
2005-12-31,18,553.3
2006-01-31,18,252.6
2006-02-28,18,232.3
2006-03-31,18,251.0
2006-04-30,18,553.3
2006-05-31,18,638.7
2006-06-30,18,486.8
2006-07-31,18,50.3
2006-08-31,18,14.7
2006-09-30,18,12.7
2006-10-31,18,25.6
2006-11-30,18,57.9
2006-12-31,18,91.5
2007-01-31,18,64.3
2007-02-28,18,210.4
2007-03-31,18,281.4
2007-04-30,18,183.3
2007-05-31,18,129.9
2007-06-30,18,16.8
2007-07-31,18,13.5
2007-08-31,18,14.8
2007-09-30,18,17.9
2007-10-31,18,27.3
2007-11-30,18,24.4
2007-12-31,18,72.8
2008-01-31,18,192.5
2008-02-29,18,218.1
2008-03-31,18,187.3
2008-04-30,18,190.9
2008-05-31,18,291.0
2008-06-30,18,127.2
2008-07-31,18,18.2
2008-08-31,18,13.7
2008-09-30,18,12.7
2008-10-31,18,59.2
2008-11-30,18,134.5
2008-12-31,18,64.8
2009-01-31,18,244.9
2009-02-28,18,212.1
2009-03-31,18,288.6
2009-04-30,18,247.4
2009-05-31,18,536.6
2009-06-30,18,99.8
2009-07-31,18,17.2
2009-08-31,18,17.4
2009-09-30,18,14.8
2009-10-31,18,168.1
2009-11-30,18,32.4
2009-12-31,18,101.4
2010-01-31,18,199.4
2010-02-28,18,197.7
2010-03-31,18,246.7
2010-04-30,18,302.3
2010-05-31,18,279.1
2010-06-30,18,456.9
2010-07-31,18,74.6
2010-08-31,18,14.6
2010-09-30,18,13.0
2010-10-31,18,223.5
2010-11-30,18,123.1
2010-12-31,18,463.4
2011-01-31,18,190.9
2011-02-28,18,130.9
2011-03-31,18,465.6
2011-04-30,18,397.4
2011-05-31,18,429.3
2011-06-30,18,629.3
2011-07-31,18,193.4
2011-08-31,18,18.0
2011-09-30,18,31.1
2011-10-31,18,65.9
2011-11-30,18,26.0
2011-12-31,18,20.3
2012-01-31,18,117.5
2012-02-29,18,61.5
2012-03-31,18,218.0
2012-04-30,18,369.7
2012-05-31,18,152.2
2012-06-30,18,32.4
2012-07-31,18,14.5
2012-08-31,18,16.3
2012-09-30,18,14.5
2012-10-31,18,17.8
2012-11-30,18,170.7
2012-12-31,18,340.7
2013-01-31,18,99.0
2013-02-28,18,53.9
2013-03-31,18,188.1
2013-04-30,18,210.1
2013-05-31,18,202.6
2013-06-30,18,55.9
2013-07-31,18,17.0
2013-08-31,18,13.8
2013-09-30,18,17.7
2013-10-31,18,18.2
2013-11-30,18,25.9
2013-12-31,18,24.6
2014-01-31,18,48.0
2014-02-28,18,206.7
2014-03-31,18,189.0
2014-04-30,18,193.8
2014-05-31,18,112.8
2014-06-30,18,19.9
2014-07-31,18,25.8
2014-08-31,18,16.3
2014-09-30,18,18.1
1921-10-31,19,1.8
1921-11-30,19,1.7
1921-12-31,19,69.2
1922-01-31,19,39.8
1922-02-28,19,98.7
1922-03-31,19,108.3
1922-04-30,19,139.6
1922-05-31,19,352.8
1922-06-30,19,246.7
1922-07-31,19,73.4
1922-08-31,19,4.4
1922-09-30,19,0.5
1922-10-31,19,5.1
1922-11-30,19,41.6
1922-12-31,19,93.7
1923-01-31,19,68.0
1923-02-28,19,39.6
1923-03-31,19,70.5
1923-04-30,19,160.1
1923-05-31,19,229.3
1923-06-30,19,72.6
1923-07-31,19,129.7
1923-08-31,19,11.7
1923-09-30,19,4.8
1923-10-31,19,10.9
1923-11-30,19,4.4
1923-12-31,19,2.9
1924-01-31,19,14.3
1924-02-29,19,21.0
1924-03-31,19,24.2
1924-04-30,19,60.0
1924-05-31,19,70.0
1924-06-30,19,21.1
1924-07-31,19,1.5
1924-08-31,19,0.0
1924-09-30,19,0.0
1924-10-31,19,13.7
1924-11-30,19,47.5
1924-12-31,19,28.3
1925-01-31,19,29.2
1925-02-28,19,127.3
1925-03-31,19,103.5
1925-04-30,19,186.1
1925-05-31,19,202.8
1925-06-30,19,146.2
1925-07-31,19,56.8
1925-08-31,19,5.4
1925-09-30,19,2.1
1925-10-31,19,9.8
1925-11-30,19,8.0
1925-12-31,19,16.9
1926-01-31,19,12.7
1926-02-28,19,105.0
1926-03-31,19,82.0
1926-04-30,19,195.0
1926-05-31,19,89.8
1926-06-30,19,83.7
1926-07-31,19,9.3
1926-08-31,19,1.6
1926-09-30,19,0.0
1926-10-31,19,1.4
1926-11-30,19,110.9
1926-12-31,19,33.8
1927-01-31,19,49.2
1927-02-28,19,114.1
1927-03-31,19,70.1
1927-04-30,19,185.8
1927-05-31,19,261.8
1927-06-30,19,152.5
1927-07-31,19,28.6
1927-08-31,19,3.3
1927-09-30,19,1.7
1927-10-31,19,27.2
1927-11-30,19,78.3
1927-12-31,19,21.6
1928-01-31,19,21.8
1928-02-29,19,49.0
1928-03-31,19,184.2
1928-04-30,19,110.9
1928-05-31,19,233.8
1928-06-30,19,77.8
1928-07-31,19,13.9
1928-08-31,19,2.3
1928-09-30,19,0.1
1928-10-31,19,0.0
1928-11-30,19,13.7
1928-12-31,19,21.3
1929-01-31,19,15.0
1929-02-28,19,33.0
1929-03-31,19,78.2
1929-04-30,19,86.6
1929-05-31,19,179.0
1929-06-30,19,102.7
1929-07-31,19,22.6
1929-08-31,19,2.6
1929-09-30,19,2.4
1929-10-31,19,3.3
1929-11-30,19,0.7
1929-12-31,19,23.1
1930-01-31,19,41.9
1930-02-28,19,82.3
1930-03-31,19,134.8
1930-04-30,19,122.1
1930-05-31,19,66.9
1930-06-30,19,146.5
1930-07-31,19,11.9
1930-08-31,19,1.2
1930-09-30,19,0.3
1930-10-31,19,5.5
1930-11-30,19,20.9
1930-12-31,19,6.0
1931-01-31,19,30.0
1931-02-28,19,36.4
1931-03-31,19,50.5
1931-04-30,19,64.9
1931-05-31,19,88.9
1931-06-30,19,44.5
1931-07-31,19,10.0
1931-08-31,19,1.5
1931-09-30,19,0.9
1931-10-31,19,2.3
1931-11-30,19,7.4
1931-12-31,19,97.5
1932-01-31,19,39.7
1932-02-29,19,105.7
1932-03-31,19,168.3
1932-04-30,19,131.5
1932-05-31,19,250.8
1932-06-30,19,324.0
1932-07-31,19,97.5
1932-08-31,19,6.1
1932-09-30,19,0.6
1932-10-31,19,0.4
1932-11-30,19,1.0
1932-12-31,19,8.6
1933-01-31,19,12.8
1933-02-28,19,40.7
1933-03-31,19,118.5
1933-04-30,19,136.3
1933-05-31,19,93.3
1933-06-30,19,211.8
1933-07-31,19,25.0
1933-08-31,19,2.6
1933-09-30,19,0.1
1933-10-31,19,1.0
1933-11-30,19,17.2
1933-12-31,19,82.5
1934-01-31,19,54.9
1934-02-28,19,67.3
1934-03-31,19,149.7
1934-04-30,19,83.2
1934-05-31,19,71.6
1934-06-30,19,33.7
1934-07-31,19,10.1
1934-08-31,19,0.9
1934-09-30,19,1.0
1934-10-31,19,12.6
1934-11-30,19,65.6
1934-12-31,19,46.7
1935-01-31,19,95.0
1935-02-28,19,62.3
1935-03-31,19,80.7
1935-04-30,19,266.4
1935-05-31,19,239.7
1935-06-30,19,275.5
1935-07-31,19,42.5
1935-08-31,19,5.6
1935-09-30,19,2.4
1935-10-31,19,10.9
1935-11-30,19,6.5
1935-12-31,19,7.8
1936-01-31,19,84.1
1936-02-29,19,200.0
1936-03-31,19,161.5
1936-04-30,19,265.5
1936-05-31,19,181.9
1936-06-30,19,155.2
1936-07-31,19,46.7
1936-08-31,19,3.9
1936-09-30,19,0.8
1936-10-31,19,4.1
1936-11-30,19,7.1
1936-12-31,19,50.0
1937-01-31,19,14.9
1937-02-28,19,177.2
1937-03-31,19,157.8
1937-04-30,19,154.3
1937-05-31,19,400.7
1937-06-30,19,165.8
1937-07-31,19,70.0
1937-08-31,19,4.2
1937-09-30,19,0.3
1937-10-31,19,3.2
1937-11-30,19,9.3
1937-12-31,19,262.5
1938-01-31,19,67.5
1938-02-28,19,122.7
1938-03-31,19,211.5
1938-04-30,19,220.5
1938-05-31,19,364.4
1938-06-30,19,365.3
1938-07-31,19,164.6
1938-08-31,19,18.3
1938-09-30,19,3.2
1938-10-31,19,19.2
1938-11-30,19,20.3
1938-12-31,19,8.0
1939-01-31,19,19.2
1939-02-28,19,30.8
1939-03-31,19,141.7
1939-04-30,19,133.0
1939-05-31,19,55.8
1939-06-30,19,86.0
1939-07-31,19,7.9
1939-08-31,19,0.8
1939-09-30,19,9.8
1939-10-31,19,38.5
1939-11-30,19,6.8
1939-12-31,19,5.3
1940-01-31,19,170.2
1940-02-29,19,107.7
1940-03-31,19,171.5
1940-04-30,19,210.5
1940-05-31,19,297.2
1940-06-30,19,149.6
1940-07-31,19,13.8
1940-08-31,19,1.3
1940-09-30,19,0.1
1940-10-31,19,5.2
1940-11-30,19,12.3
1940-12-31,19,101.5
1941-01-31,19,75.6
1941-02-28,19,137.7
1941-03-31,19,119.5
1941-04-30,19,131.3
1941-05-31,19,396.3
1941-06-30,19,256.8
1941-07-31,19,153.9
1941-08-31,19,14.8
1941-09-30,19,3.2
1941-10-31,19,1.0
1941-11-30,19,21.6
1941-12-31,19,90.3
1942-01-31,19,92.8
1942-02-28,19,62.3
1942-03-31,19,76.4
1942-04-30,19,169.9
1942-05-31,19,253.3
1942-06-30,19,354.7
1942-07-31,19,161.8
1942-08-31,19,7.7
1942-09-30,19,0.9
1942-10-31,19,3.0
1942-11-30,19,64.3
1942-12-31,19,57.4
1943-01-31,19,103.9
1943-02-28,19,95.2
1943-03-31,19,190.8
1943-04-30,19,222.8
1943-05-31,19,286.6
1943-06-30,19,138.5
1943-07-31,19,138.1
1943-08-31,19,9.2
1943-09-30,19,1.0
1943-10-31,19,1.8
1943-11-30,19,9.3
1943-12-31,19,15.2
1944-01-31,19,38.6
1944-02-29,19,46.2
1944-03-31,19,101.7
1944-04-30,19,90.3
1944-05-31,19,221.9
1944-06-30,19,82.6
1944-07-31,19,84.7
1944-08-31,19,4.8
1944-09-30,19,0.3
1944-10-31,19,4.2
1944-11-30,19,116.8
1944-12-31,19,32.5
1945-01-31,19,11.4
1945-02-28,19,118.7
1945-03-31,19,59.7
1945-04-30,19,202.6
1945-05-31,19,234.1
1945-06-30,19,206.9
1945-07-31,19,77.7
1945-08-31,19,4.8
1945-09-30,19,1.8
1945-10-31,19,24.6
1945-11-30,19,73.0
1945-12-31,19,118.8
1946-01-31,19,31.4
1946-02-28,19,22.1
1946-03-31,19,81.1
1946-04-30,19,249.7
1946-05-31,19,197.3
1946-06-30,19,150.9
1946-07-31,19,78.5
1946-08-31,19,6.8
1946-09-30,19,1.5
1946-10-31,19,18.7
1946-11-30,19,70.6
1946-12-31,19,65.7
1947-01-31,19,12.5
1947-02-28,19,47.7
1947-03-31,19,96.7
1947-04-30,19,119.8
1947-05-31,19,175.1
1947-06-30,19,51.5
1947-07-31,19,10.3
1947-08-31,19,3.1
1947-09-30,19,0.6
1947-10-31,19,26.3
1947-11-30,19,14.4
1947-12-31,19,2.6
1948-01-31,19,11.0
1948-02-29,19,8.9
1948-03-31,19,74.4
1948-04-30,19,192.8
1948-05-31,19,186.1
1948-06-30,19,146.4
1948-07-31,19,75.2
1948-08-31,19,5.0
1948-09-30,19,0.4
1948-10-31,19,2.7
1948-11-30,19,5.5
1948-12-31,19,7.2
1949-01-31,19,6.8
1949-02-28,19,28.4
1949-03-31,19,114.5
1949-04-30,19,268.1
1949-05-31,19,145.5
1949-06-30,19,135.6
1949-07-31,19,13.7
1949-08-31,19,2.3
1949-09-30,19,1.1
1949-10-31,19,0.9
1949-11-30,19,19.3
1949-12-31,19,10.5
1950-01-31,19,33.2
1950-02-28,19,110.1
1950-03-31,19,74.2
1950-04-30,19,259.6
1950-05-31,19,173.2
1950-06-30,19,98.8
1950-07-31,19,35.8
1950-08-31,19,2.5
1950-09-30,19,0.6
1950-10-31,19,19.2
1950-11-30,19,311.7
1950-12-31,19,218.1
1951-01-31,19,41.1
1951-02-28,19,69.6
1951-03-31,19,83.2
1951-04-30,19,142.4
1951-05-31,19,241.7
1951-06-30,19,197.4
1951-07-31,19,67.9
1951-08-31,19,5.4
1951-09-30,19,0.4
1951-10-31,19,4.2
1951-11-30,19,27.9
1951-12-31,19,74.8
1952-01-31,19,97.4
1952-02-29,19,89.2
1952-03-31,19,98.8
1952-04-30,19,296.0
1952-05-31,19,391.4
1952-06-30,19,225.6
1952-07-31,19,169.5
1952-08-31,19,32.1
1952-09-30,19,3.3
1952-10-31,19,2.6
1952-11-30,19,5.6
1952-12-31,19,46.7
1953-01-31,19,77.0
1953-02-28,19,36.6
1953-03-31,19,67.1
1953-04-30,19,128.6
1953-05-31,19,87.2
1953-06-30,19,160.5
1953-07-31,19,97.7
1953-08-31,19,5.2
1953-09-30,19,1.1
1953-10-31,19,1.4
1953-11-30,19,16.0
1953-12-31,19,15.4
1954-01-31,19,39.1
1954-02-28,19,88.0
1954-03-31,19,119.1
1954-04-30,19,257.5
1954-05-31,19,174.2
1954-06-30,19,54.8
1954-07-31,19,33.6
1954-08-31,19,3.0
1954-09-30,19,0.1
1954-10-31,19,0.0
1954-11-30,19,21.6
1954-12-31,19,65.7
1955-01-31,19,38.0
1955-02-28,19,32.6
1955-03-31,19,49.1
1955-04-30,19,62.6
1955-05-31,19,227.4
1955-06-30,19,146.7
1955-07-31,19,28.9
1955-08-31,19,4.9
1955-09-30,19,0.4
1955-10-31,19,0.2
1955-11-30,19,3.1
1955-12-31,19,388.0
1956-01-31,19,133.4
1956-02-29,19,30.4
1956-03-31,19,98.0
1956-04-30,19,209.0
1956-05-31,19,376.0
1956-06-30,19,382.0
1956-07-31,19,202.8
1956-08-31,19,21.6
1956-09-30,19,6.1
1956-10-31,19,10.4
1956-11-30,19,9.5
1956-12-31,19,5.0
1957-01-31,19,22.4
1957-02-28,19,74.1
1957-03-31,19,83.4
1957-04-30,19,95.1
1957-05-31,19,181.1
1957-06-30,19,202.6
1957-07-31,19,18.6
1957-08-31,19,1.8
1957-09-30,19,0.6
1957-10-31,19,5.5
1957-11-30,19,8.3
1957-12-31,19,68.5
1958-01-31,19,60.8
1958-02-28,19,120.5
1958-03-31,19,126.0
1958-04-30,19,269.6
1958-05-31,19,406.3
1958-06-30,19,171.5
1958-07-31,19,114.1
1958-08-31,19,13.2
1958-09-30,19,7.8
1958-10-31,19,4.4
1958-11-30,19,3.7
1958-12-31,19,2.3
1959-01-31,19,67.6
1959-02-28,19,67.9
1959-03-31,19,92.9
1959-04-30,19,126.2
1959-05-31,19,72.3
1959-06-30,19,76.7
1959-07-31,19,6.8
1959-08-31,19,1.0
1959-09-30,19,47.9
1959-10-31,19,12.1
1959-11-30,19,3.6
1959-12-31,19,1.1
1960-01-31,19,31.4
1960-02-29,19,80.9
1960-03-31,19,163.9
1960-04-30,19,141.9
1960-05-31,19,92.4
1960-06-30,19,107.0
1960-07-31,19,6.1
1960-08-31,19,1.0
1960-09-30,19,0.4
1960-10-31,19,8.3
1960-11-30,19,31.4
1960-12-31,19,32.0
1961-01-31,19,14.1
1961-02-28,19,28.5
1961-03-31,19,50.8
1961-04-30,19,102.0
1961-05-31,19,55.3
1961-06-30,19,117.6
1961-07-31,19,11.8
1961-08-31,19,4.9
1961-09-30,19,2.9
1961-10-31,19,2.7
1961-11-30,19,11.2
1961-12-31,19,35.1
1962-01-31,19,5.5
1962-02-28,19,184.1
1962-03-31,19,81.4
1962-04-30,19,327.9
1962-05-31,19,116.1
1962-06-30,19,173.1
1962-07-31,19,48.8
1962-08-31,19,5.8
1962-09-30,19,1.7
1962-10-31,19,20.7
1962-11-30,19,6.1
1962-12-31,19,26.0
1963-01-31,19,23.6
1963-02-28,19,288.5
1963-03-31,19,59.5
1963-04-30,19,112.6
1963-05-31,19,322.5
1963-06-30,19,190.5
1963-07-31,19,131.0
1963-08-31,19,15.8
1963-09-30,19,4.7
1963-10-31,19,13.8
1963-11-30,19,80.1
1963-12-31,19,14.2
1964-01-31,19,11.1
1964-02-29,19,22.0
1964-03-31,19,47.3
1964-04-30,19,109.5
1964-05-31,19,113.6
1964-06-30,19,93.2
1964-07-31,19,38.2
1964-08-31,19,4.5
1964-09-30,19,3.2
1964-10-31,19,4.3
1964-11-30,19,58.5
1964-12-31,19,206.1
1965-01-31,19,90.5
1965-02-28,19,75.1
1965-03-31,19,76.6
1965-04-30,19,184.0
1965-05-31,19,251.4
1965-06-30,19,287.4
1965-07-31,19,191.7
1965-08-31,19,49.6
1965-09-30,19,5.0
1965-10-31,19,2.3
1965-11-30,19,109.9
1965-12-31,19,28.4
1966-01-31,19,22.7
1966-02-28,19,27.5
1966-03-31,19,72.9
1966-04-30,19,232.1
1966-05-31,19,131.6
1966-06-30,19,52.5
1966-07-31,19,10.0
1966-08-31,19,1.2
1966-09-30,19,0.6
1966-10-31,19,1.5
1966-11-30,19,38.5
1966-12-31,19,133.7
1967-01-31,19,63.5
1967-02-28,19,69.9
1967-03-31,19,129.6
1967-04-30,19,99.7
1967-05-31,19,468.8
1967-06-30,19,391.9
1967-07-31,19,235.3
1967-08-31,19,11.9
1967-09-30,19,5.4
1967-10-31,19,6.9
1967-11-30,19,7.3
1967-12-31,19,16.8
1968-01-31,19,29.2
1968-02-29,19,91.8
1968-03-31,19,78.3
1968-04-30,19,92.1
1968-05-31,19,86.7
1968-06-30,19,89.8
1968-07-31,19,9.4
1968-08-31,19,2.0
1968-09-30,19,1.3
1968-10-31,19,7.9
1968-11-30,19,55.4
1968-12-31,19,44.4
1969-01-31,19,275.1
1969-02-28,19,81.9
1969-03-31,19,131.2
1969-04-30,19,272.1
1969-05-31,19,532.2
1969-06-30,19,364.3
1969-07-31,19,242.9
1969-08-31,19,59.2
1969-09-30,19,5.2
1969-10-31,19,20.4
1969-11-30,19,32.3
1969-12-31,19,46.9
1970-01-31,19,174.5
1970-02-28,19,57.2
1970-03-31,19,100.2
1970-04-30,19,67.1
1970-05-31,19,313.1
1970-06-30,19,210.5
1970-07-31,19,40.2
1970-08-31,19,3.0
1970-09-30,19,0.1
1970-10-31,19,0.2
1970-11-30,19,47.2
1970-12-31,19,78.1
1971-01-31,19,36.6
1971-02-28,19,56.1
1971-03-31,19,96.8
1971-04-30,19,105.3
1971-05-31,19,138.6
1971-06-30,19,208.4
1971-07-31,19,82.3
1971-08-31,19,9.3
1971-09-30,19,4.7
1971-10-31,19,2.0
1971-11-30,19,19.5
1971-12-31,19,38.7
1972-01-31,19,17.5
1972-02-29,19,67.9
1972-03-31,19,143.9
1972-04-30,19,74.9
1972-05-31,19,157.3
1972-06-30,19,124.5
1972-07-31,19,20.3
1972-08-31,19,2.1
1972-09-30,19,7.1
1972-10-31,19,6.3
1972-11-30,19,36.0
1972-12-31,19,28.7
1973-01-31,19,75.6
1973-02-28,19,107.6
1973-03-31,19,72.6
1973-04-30,19,173.5
1973-05-31,19,367.1
1973-06-30,19,158.9
1973-07-31,19,17.6
1973-08-31,19,5.2
1973-09-30,19,1.0
1973-10-31,19,17.7
1973-11-30,19,77.4
1973-12-31,19,89.9
1974-01-31,19,65.3
1974-02-28,19,29.7
1974-03-31,19,149.1
1974-04-30,19,158.6
1974-05-31,19,275.3
1974-06-30,19,231.4
1974-07-31,19,47.7
1974-08-31,19,6.3
1974-09-30,19,0.7
1974-10-31,19,8.8
1974-11-30,19,16.7
1974-12-31,19,38.1
1975-01-31,19,40.6
1975-02-28,19,92.0
1975-03-31,19,133.0
1975-04-30,19,86.0
1975-05-31,19,319.5
1975-06-30,19,238.4
1975-07-31,19,39.0
1975-08-31,19,7.9
1975-09-30,19,5.8
1975-10-31,19,25.1
1975-11-30,19,32.8
1975-12-31,19,5.9
1976-01-31,19,2.8
1976-02-29,19,24.7
1976-03-31,19,50.8
1976-04-30,19,32.6
1976-05-31,19,85.8
1976-06-30,19,28.3
1976-07-31,19,10.2
1976-08-31,19,6.9
1976-09-30,19,12.0
1976-10-31,19,7.8
1976-11-30,19,3.2
1976-12-31,19,1.7
1977-01-31,19,9.9
1977-02-28,19,13.1
1977-03-31,19,9.5
1977-04-30,19,38.4
1977-05-31,19,28.2
1977-06-30,19,73.5
1977-07-31,19,6.1
1977-08-31,19,0.5
1977-09-30,19,0.1
1977-10-31,19,0.5
1977-11-30,19,19.9
1977-12-31,19,100.9
1978-01-31,19,143.8
1978-02-28,19,115.3
1978-03-31,19,230.6
1978-04-30,19,235.3
1978-05-31,19,303.8
1978-06-30,19,336.2
1978-07-31,19,148.6
1978-08-31,19,30.8
1978-09-30,19,30.0
1978-10-31,19,6.6
1978-11-30,19,7.1
1978-12-31,19,13.8
1979-01-31,19,77.2
1979-02-28,19,69.7
1979-03-31,19,161.7
1979-04-30,19,144.4
1979-05-31,19,351.2
1979-06-30,19,165.0
1979-07-31,19,31.9
1979-08-31,19,5.5
1979-09-30,19,0.5
1979-10-31,19,6.4
1979-11-30,19,30.9
1979-12-31,19,19.8
1980-01-31,19,246.1
1980-02-29,19,154.7
1980-03-31,19,88.7
1980-04-30,19,204.6
1980-05-31,19,271.1
1980-06-30,19,257.7
1980-07-31,19,239.8
1980-08-31,19,40.7
1980-09-30,19,3.7
1980-10-31,19,1.5
1980-11-30,19,3.7
1980-12-31,19,23.7
1981-01-31,19,35.0
1981-02-28,19,72.0
1981-03-31,19,84.1
1981-04-30,19,157.3
1981-05-31,19,131.0
1981-06-30,19,105.7
1981-07-31,19,7.7
1981-08-31,19,0.9
1981-09-30,19,0.4
1981-10-31,19,18.8
1981-11-30,19,114.5
1981-12-31,19,63.5
1982-01-31,19,80.1
1982-02-28,19,159.1
1982-03-31,19,134.0
1982-04-30,19,259.8
1982-05-31,19,405.1
1982-06-30,19,268.5
1982-07-31,19,181.5
1982-08-31,19,36.5
1982-09-30,19,22.6
1982-10-31,19,46.2
1982-11-30,19,99.6
1982-12-31,19,84.2
1983-01-31,19,93.7
1983-02-28,19,124.6
1983-03-31,19,204.7
1983-04-30,19,145.8
1983-05-31,19,413.3
1983-06-30,19,547.2
1983-07-31,19,145.5
1983-08-31,19,71.2
1983-09-30,19,22.3
1983-10-31,19,19.7
1983-11-30,19,108.6
1983-12-31,19,134.0
1984-01-31,19,45.0
1984-02-29,19,60.5
1984-03-31,19,107.8
1984-04-30,19,106.0
1984-05-31,19,315.4
1984-06-30,19,150.2
1984-07-31,19,63.2
1984-08-31,19,5.8
1984-09-30,19,1.0
1984-10-31,19,12.8
1984-11-30,19,53.9
1984-12-31,19,20.6
1985-01-31,19,9.5
1985-02-28,19,52.7
1985-03-31,19,65.7
1985-04-30,19,193.8
1985-05-31,19,73.3
1985-06-30,19,90.8
1985-07-31,19,7.2
1985-08-31,19,3.1
1985-09-30,19,2.8
1985-10-31,19,12.2
1985-11-30,19,30.1
1985-12-31,19,51.2
1986-01-31,19,89.9
1986-02-28,19,286.8
1986-03-31,19,243.3
1986-04-30,19,161.9
1986-05-31,19,239.3
1986-06-30,19,280.0
1986-07-31,19,63.1
1986-08-31,19,10.1
1986-09-30,19,1.8
1986-10-31,19,5.4
1986-11-30,19,2.2
1986-12-31,19,1.8
1987-01-31,19,11.2
1987-02-28,19,47.3
1987-03-31,19,61.4
1987-04-30,19,149.2
1987-05-31,19,84.9
1987-06-30,19,27.1
1987-07-31,19,4.7
1987-08-31,19,0.5
1987-09-30,19,0.4
1987-10-31,19,8.9
1987-11-30,19,24.8
1987-12-31,19,14.3
1988-01-31,19,44.3
1988-02-29,19,53.4
1988-03-31,19,80.6
1988-04-30,19,86.6
1988-05-31,19,125.2
1988-06-30,19,64.8
1988-07-31,19,9.0
1988-08-31,19,1.8
1988-09-30,19,0.3
1988-10-31,19,0.3
1988-11-30,19,13.7
1988-12-31,19,15.4
1989-01-31,19,13.0
1989-02-28,19,45.9
1989-03-31,19,185.3
1989-04-30,19,234.6
1989-05-31,19,88.1
1989-06-30,19,82.3
1989-07-31,19,21.1
1989-08-31,19,3.4
1989-09-30,19,13.4
1989-10-31,19,41.9
1989-11-30,19,18.7
1989-12-31,19,7.4
1990-01-31,19,50.2
1990-02-28,19,36.9
1990-03-31,19,105.5
1990-04-30,19,84.5
1990-05-31,19,54.1
1990-06-30,19,98.9
1990-07-31,19,22.1
1990-08-31,19,3.0
1990-09-30,19,0.5
1990-10-31,19,2.1
1990-11-30,19,3.4
1990-12-31,19,3.7
1991-01-31,19,2.3
1991-02-28,19,13.1
1991-03-31,19,122.9
1991-04-30,19,110.5
1991-05-31,19,170.2
1991-06-30,19,199.7
1991-07-31,19,55.4
1991-08-31,19,4.3
1991-09-30,19,1.9
1991-10-31,19,13.6
1991-11-30,19,20.8
1991-12-31,19,16.6
1992-01-31,19,25.3
1992-02-29,19,91.4
1992-03-31,19,102.7
1992-04-30,19,135.1
1992-05-31,19,124.0
1992-06-30,19,35.0
1992-07-31,19,29.7
1992-08-31,19,4.7
1992-09-30,19,1.1
1992-10-31,19,4.3
1992-11-30,19,18.3
1992-12-31,19,43.1
1993-01-31,19,132.7
1993-02-28,19,87.0
1993-03-31,19,323.4
1993-04-30,19,157.6
1993-05-31,19,311.8
1993-06-30,19,244.1
1993-07-31,19,147.8
1993-08-31,19,21.5
1993-09-30,19,2.3
1993-10-31,19,4.5
1993-11-30,19,5.8
1993-12-31,19,18.4
1994-01-31,19,12.5
1994-02-28,19,57.2
1994-03-31,19,86.2
1994-04-30,19,89.0
1994-05-31,19,95.0
1994-06-30,19,59.2
1994-07-31,19,6.6
1994-08-31,19,0.6
1994-09-30,19,0.8
1994-10-31,19,23.7
1994-11-30,19,24.5
1994-12-31,19,26.8
1995-01-31,19,183.8
1995-02-28,19,105.7
1995-03-31,19,251.5
1995-04-30,19,170.9
1995-05-31,19,278.2
1995-06-30,19,399.1
1995-07-31,19,350.5
1995-08-31,19,71.5
1995-09-30,19,6.5
1995-10-31,19,1.1
1995-11-30,19,0.1
1995-12-31,19,61.6
1996-01-31,19,72.4
1996-02-29,19,183.1
1996-03-31,19,183.1
1996-04-30,19,172.2
1996-05-31,19,298.7
1996-06-30,19,239.6
1996-07-31,19,59.8
1996-08-31,19,4.8
1996-09-30,19,0.8
1996-10-31,19,1.4
1996-11-30,19,83.0
1996-12-31,19,177.6
1997-01-31,19,270.5
1997-02-28,19,49.3
1997-03-31,19,178.6
1997-04-30,19,149.6
1997-05-31,19,356.5
1997-06-30,19,194.4
1997-07-31,19,102.9
1997-08-31,19,16.7
1997-09-30,19,4.3
1997-10-31,19,3.4
1997-11-30,19,19.3
1997-12-31,19,39.2
1998-01-31,19,125.7
1998-02-28,19,140.7
1998-03-31,19,223.9
1998-04-30,19,163.9
1998-05-31,19,194.1
1998-06-30,19,338.4
1998-07-31,19,285.7
1998-08-31,19,31.0
1998-09-30,19,8.7
1998-10-31,19,4.0
1998-11-30,19,14.2
1998-12-31,19,37.9
1999-01-31,19,90.3
1999-02-28,19,105.8
1999-03-31,19,65.9
1999-04-30,19,151.5
1999-05-31,19,199.1
1999-06-30,19,173.1
1999-07-31,19,47.1
1999-08-31,19,3.6
1999-09-30,19,1.1
1999-10-31,19,2.8
1999-11-30,19,20.3
1999-12-31,19,6.9
2000-01-31,19,125.1
2000-02-29,19,145.9
2000-03-31,19,148.6
2000-04-30,19,218.2
2000-05-31,19,225.1
2000-06-30,19,154.4
2000-07-31,19,11.5
2000-08-31,19,1.5
2000-09-30,19,4.3
2000-10-31,19,13.5
2000-11-30,19,10.4
2000-12-31,19,6.0
2001-01-31,19,26.2
2001-02-28,19,37.2
2001-03-31,19,167.4
2001-04-30,19,124.0
2001-05-31,19,201.9
2001-06-30,19,32.1
2001-07-31,19,7.6
2001-08-31,19,1.3
2001-09-30,19,0.3
2001-10-31,19,2.5
2001-11-30,19,42.8
2001-12-31,19,62.6
2002-01-31,19,62.5
2002-02-28,19,68.4
2002-03-31,19,90.6
2002-04-30,19,188.2
2002-05-31,19,133.6
2002-06-30,19,170.3
2002-07-31,19,19.0
2002-08-31,19,1.8
2002-09-30,19,0.9
2002-10-31,19,1.1
2002-11-30,19,86.3
2002-12-31,19,70.6
2003-01-31,19,54.1
2003-02-28,19,38.0
2003-03-31,19,109.2
2003-04-30,19,111.9
2003-05-31,19,284.4
2003-06-30,19,208.1
2003-07-31,19,15.5
2003-08-31,19,13.9
2003-09-30,19,2.2
2003-10-31,19,0.5
2003-11-30,19,6.6
2003-12-31,19,81.5
2004-01-31,19,42.1
2004-02-29,19,71.7
2004-03-31,19,251.7
2004-04-30,19,119.8
2004-05-31,19,94.4
2004-06-30,19,107.3
2004-07-31,19,10.1
2004-08-31,19,1.3
2004-09-30,19,0.0
2004-10-31,19,55.0
2004-11-30,19,29.8
2004-12-31,19,60.8
2005-01-31,19,148.0
2005-02-28,19,84.7
2005-03-31,19,167.8
2005-04-30,19,127.9
2005-05-31,19,409.2
2005-06-30,19,277.8
2005-07-31,19,197.9
2005-08-31,19,9.8
2005-09-30,19,3.4
2005-10-31,19,3.6
2005-11-30,19,6.4
2005-12-31,19,148.3
2006-01-31,19,123.6
2006-02-28,19,49.3
2006-03-31,19,153.8
2006-04-30,19,229.3
2006-05-31,19,488.6
2006-06-30,19,317.1
2006-07-31,19,67.8
2006-08-31,19,3.8
2006-09-30,19,0.2
2006-10-31,19,4.8
2006-11-30,19,9.6
2006-12-31,19,26.9
2007-01-31,19,16.9
2007-02-28,19,60.8
2007-03-31,19,137.6
2007-04-30,19,71.1
2007-05-31,19,86.0
2007-06-30,19,23.7
2007-07-31,19,3.5
2007-08-31,19,0.4
2007-09-30,19,1.7
2007-10-31,19,2.4
2007-11-30,19,4.6
2007-12-31,19,22.3
2008-01-31,19,75.6
2008-02-29,19,89.5
2008-03-31,19,94.4
2008-04-30,19,102.5
2008-05-31,19,173.2
2008-06-30,19,102.5
2008-07-31,19,9.2
2008-08-31,19,1.0
2008-09-30,19,0.0
2008-10-31,19,9.0
2008-11-30,19,42.7
2008-12-31,19,17.7
2009-01-31,19,77.3
2009-02-28,19,85.0
2009-03-31,19,126.0
2009-04-30,19,156.5
2009-05-31,19,318.0
2009-06-30,19,51.5
2009-07-31,19,39.6
2009-08-31,19,3.3
2009-09-30,19,1.6
2009-10-31,19,54.3
2009-11-30,19,12.9
2009-12-31,19,38.6
2010-01-31,19,75.8
2010-02-28,19,71.6
2010-03-31,19,127.9
2010-04-30,19,152.8
2010-05-31,19,146.3
2010-06-30,19,277.0
2010-07-31,19,102.1
2010-08-31,19,5.1
2010-09-30,19,0.4
2010-10-31,19,53.0
2010-11-30,19,45.8
2010-12-31,19,263.6
2011-01-31,19,62.3
2011-02-28,19,43.8
2011-03-31,19,150.3
2011-04-30,19,244.4
2011-05-31,19,235.3
2011-06-30,19,329.7
2011-07-31,19,226.1
2011-08-31,19,28.5
2011-09-30,19,9.9
2011-10-31,19,18.7
2011-11-30,19,6.3
2011-12-31,19,1.5
2012-01-31,19,21.0
2012-02-29,19,24.2
2012-03-31,19,74.4
2012-04-30,19,194.5
2012-05-31,19,93.6
2012-06-30,19,37.9
2012-07-31,19,4.3
2012-08-31,19,0.4
2012-09-30,19,0.2
2012-10-31,19,0.3
2012-11-30,19,18.2
2012-12-31,19,117.0
2013-01-31,19,31.0
2013-02-28,19,28.4
2013-03-31,19,92.6
2013-04-30,19,137.9
2013-05-31,19,120.8
2013-06-30,19,74.1
2013-07-31,19,10.1
2013-08-31,19,0.8
2013-09-30,19,0.3
2013-10-31,19,2.2
2013-11-30,19,2.4
2013-12-31,19,2.0
2014-01-31,19,2.1
2014-02-28,19,32.9
2014-03-31,19,68.7
2014-04-30,19,72.9
2014-05-31,19,67.7
2014-06-30,19,23.5
2014-07-31,19,4.0
2014-08-31,19,2.3
2014-09-30,19,0.5
1921-10-31,20,0.2
1921-11-30,20,0.2
1921-12-31,20,11.6
1922-01-31,20,11.4
1922-02-28,20,33.2
1922-03-31,20,27.4
1922-04-30,20,14.1
1922-05-31,20,3.2
1922-06-30,20,1.3
1922-07-31,20,0.4
1922-08-31,20,0.0
1922-09-30,20,0.0
1922-10-31,20,0.1
1922-11-30,20,5.1
1922-12-31,20,14.0
1923-01-31,20,17.0
1923-02-28,20,11.3
1923-03-31,20,6.5
1923-04-30,20,22.3
1923-05-31,20,2.1
1923-06-30,20,0.8
1923-07-31,20,0.2
1923-08-31,20,0.0
1923-09-30,20,0.1
1923-10-31,20,1.1
1923-11-30,20,0.7
1923-12-31,20,0.5
1924-01-31,20,1.2
1924-02-29,20,2.7
1924-03-31,20,8.3
1924-04-30,20,3.9
1924-05-31,20,1.4
1924-06-30,20,0.3
1924-07-31,20,0.0
1924-08-31,20,0.0
1924-09-30,20,0.0
1924-10-31,20,0.5
1924-11-30,20,8.9
1924-12-31,20,6.3
1925-01-31,20,4.9
1925-02-28,20,30.3
1925-03-31,20,10.0
1925-04-30,20,14.1
1925-05-31,20,2.4
1925-06-30,20,1.1
1925-07-31,20,0.3
1925-08-31,20,0.0
1925-09-30,20,0.0
1925-10-31,20,0.6
1925-11-30,20,1.2
1925-12-31,20,2.3
1926-01-31,20,4.4
1926-02-28,20,30.6
1926-03-31,20,4.7
1926-04-30,20,19.1
1926-05-31,20,1.8
1926-06-30,20,0.5
1926-07-31,20,0.1
1926-08-31,20,0.0
1926-09-30,20,0.0
1926-10-31,20,0.1
1926-11-30,20,11.0
1926-12-31,20,8.6
1927-01-31,20,11.0
1927-02-28,20,36.6
1927-03-31,20,12.7
1927-04-30,20,19.9
1927-05-31,20,1.6
1927-06-30,20,0.7
1927-07-31,20,0.2
1927-08-31,20,0.0
1927-09-30,20,0.0
1927-10-31,20,0.5
1927-11-30,20,6.7
1927-12-31,20,7.2
1928-01-31,20,6.0
1928-02-29,20,15.6
1928-03-31,20,35.6
1928-04-30,20,15.6
1928-05-31,20,1.5
1928-06-30,20,0.5
1928-07-31,20,0.1
1928-08-31,20,0.0
1928-09-30,20,0.0
1928-10-31,20,0.0
1928-11-30,20,2.1
1928-12-31,20,3.5
1929-01-31,20,5.2
1929-02-28,20,11.1
1929-03-31,20,18.1
1929-04-30,20,15.3
1929-05-31,20,2.1
1929-06-30,20,0.9
1929-07-31,20,0.7
1929-08-31,20,0.1
1929-09-30,20,0.0
1929-10-31,20,0.3
1929-11-30,20,0.1
1929-12-31,20,0.9
1930-01-31,20,4.9
1930-02-28,20,15.3
1930-03-31,20,22.0
1930-04-30,20,7.3
1930-05-31,20,3.3
1930-06-30,20,0.9
1930-07-31,20,0.1
1930-08-31,20,0.0
1930-09-30,20,0.0
1930-10-31,20,0.5
1930-11-30,20,2.5
1930-12-31,20,1.6
1931-01-31,20,6.7
1931-02-28,20,8.7
1931-03-31,20,5.1
1931-04-30,20,1.9
1931-05-31,20,1.8
1931-06-30,20,1.1
1931-07-31,20,0.3
1931-08-31,20,0.0
1931-09-30,20,0.0
1931-10-31,20,0.2
1931-11-30,20,1.3
1931-12-31,20,27.6
1932-01-31,20,15.6
1932-02-29,20,32.8
1932-03-31,20,17.9
1932-04-30,20,10.1
1932-05-31,20,4.0
1932-06-30,20,1.0
1932-07-31,20,0.2
1932-08-31,20,0.0
1932-09-30,20,0.0
1932-10-31,20,0.1
1932-11-30,20,0.0
1932-12-31,20,0.6
1933-01-31,20,5.6
1933-02-28,20,8.4
1933-03-31,20,19.8
1933-04-30,20,4.3
1933-05-31,20,3.5
1933-06-30,20,1.1
1933-07-31,20,0.3
1933-08-31,20,0.0
1933-09-30,20,0.0
1933-10-31,20,0.0
1933-11-30,20,0.4
1933-12-31,20,5.9
1934-01-31,20,9.4
1934-02-28,20,14.0
1934-03-31,20,4.4
1934-04-30,20,1.1
1934-05-31,20,0.6
1934-06-30,20,0.4
1934-07-31,20,0.2
1934-08-31,20,0.0
1934-09-30,20,0.0
1934-10-31,20,0.5
1934-11-30,20,5.8
1934-12-31,20,8.9
1935-01-31,20,22.5
1935-02-28,20,10.7
1935-03-31,20,23.8
1935-04-30,20,30.4
1935-05-31,20,4.6
1935-06-30,20,0.9
1935-07-31,20,0.1
1935-08-31,20,0.0
1935-09-30,20,0.0
1935-10-31,20,0.4
1935-11-30,20,1.1
1935-12-31,20,1.3
1936-01-31,20,15.3
1936-02-29,20,65.1
1936-03-31,20,11.4
1936-04-30,20,16.7
1936-05-31,20,1.7
1936-06-30,20,0.6
1936-07-31,20,0.3
1936-08-31,20,0.0
1936-09-30,20,0.0
1936-10-31,20,0.0
1936-11-30,20,0.8
1936-12-31,20,7.3
1937-01-31,20,7.7
1937-02-28,20,60.4
1937-03-31,20,38.5
1937-04-30,20,15.5
1937-05-31,20,2.2
1937-06-30,20,0.6
1937-07-31,20,0.1
1937-08-31,20,0.0
1937-09-30,20,0.0
1937-10-31,20,0.0
1937-11-30,20,0.6
1937-12-31,20,24.1
1938-01-31,20,21.5
1938-02-28,20,65.1
1938-03-31,20,72.7
1938-04-30,20,16.8
1938-05-31,20,6.1
1938-06-30,20,1.1
1938-07-31,20,0.5
1938-08-31,20,0.1
1938-09-30,20,0.0
1938-10-31,20,0.8
1938-11-30,20,2.4
1938-12-31,20,4.1
1939-01-31,20,8.5
1939-02-28,20,12.8
1939-03-31,20,21.1
1939-04-30,20,8.2
1939-05-31,20,1.2
1939-06-30,20,0.9
1939-07-31,20,0.2
1939-08-31,20,0.0
1939-09-30,20,0.3
1939-10-31,20,2.2
1939-11-30,20,1.1
1939-12-31,20,1.9
1940-01-31,20,46.3
1940-02-29,20,29.2
1940-03-31,20,21.4
1940-04-30,20,10.7
1940-05-31,20,1.9
1940-06-30,20,0.6
1940-07-31,20,0.1
1940-08-31,20,0.0
1940-09-30,20,0.0
1940-10-31,20,0.1
1940-11-30,20,1.3
1940-12-31,20,26.1
1941-01-31,20,23.6
1941-02-28,20,39.2
1941-03-31,20,24.1
1941-04-30,20,20.6
1941-05-31,20,3.5
1941-06-30,20,0.8
1941-07-31,20,0.1
1941-08-31,20,0.0
1941-09-30,20,0.0
1941-10-31,20,0.0
1941-11-30,20,0.8
1941-12-31,20,23.4
1942-01-31,20,24.4
1942-02-28,20,27.0
1942-03-31,20,18.7
1942-04-30,20,18.7
1942-05-31,20,7.7
1942-06-30,20,1.7
1942-07-31,20,0.4
1942-08-31,20,0.0
1942-09-30,20,0.0
1942-10-31,20,0.1
1942-11-30,20,12.9
1942-12-31,20,11.1
1943-01-31,20,49.0
1943-02-28,20,25.4
1943-03-31,20,45.6
1943-04-30,20,7.8
1943-05-31,20,3.4
1943-06-30,20,1.2
1943-07-31,20,0.3
1943-08-31,20,0.0
1943-09-30,20,0.0
1943-10-31,20,0.0
1943-11-30,20,0.9
1943-12-31,20,3.1
1944-01-31,20,10.3
1944-02-29,20,21.1
1944-03-31,20,17.0
1944-04-30,20,5.7
1944-05-31,20,2.0
1944-06-30,20,0.8
1944-07-31,20,0.1
1944-08-31,20,0.0
1944-09-30,20,0.0
1944-10-31,20,0.1
1944-11-30,20,16.1
1944-12-31,20,8.1
1945-01-31,20,3.4
1945-02-28,20,55.8
1945-03-31,20,32.5
1945-04-30,20,8.2
1945-05-31,20,1.3
1945-06-30,20,0.8
1945-07-31,20,0.3
1945-08-31,20,0.0
1945-09-30,20,0.0
1945-10-31,20,0.6
1945-11-30,20,4.2
1945-12-31,20,26.2
1946-01-31,20,12.7
1946-02-28,20,11.6
1946-03-31,20,23.1
1946-04-30,20,12.4
1946-05-31,20,1.2
1946-06-30,20,0.9
1946-07-31,20,0.2
1946-08-31,20,0.0
1946-09-30,20,0.0
1946-10-31,20,0.7
1946-11-30,20,15.6
1946-12-31,20,15.1
1947-01-31,20,6.6
1947-02-28,20,15.3
1947-03-31,20,11.9
1947-04-30,20,6.0
1947-05-31,20,1.2
1947-06-30,20,0.5
1947-07-31,20,0.2
1947-08-31,20,0.0
1947-09-30,20,0.0
1947-10-31,20,0.6
1947-11-30,20,1.7
1947-12-31,20,1.4
1948-01-31,20,3.7
1948-02-29,20,7.0
1948-03-31,20,32.3
1948-04-30,20,30.1
1948-05-31,20,4.0
1948-06-30,20,1.5
1948-07-31,20,0.5
1948-08-31,20,0.0
1948-09-30,20,0.0
1948-10-31,20,0.1
1948-11-30,20,0.5
1948-12-31,20,1.0
1949-01-31,20,3.5
1949-02-28,20,11.4
1949-03-31,20,36.8
1949-04-30,20,9.0
1949-05-31,20,1.6
1949-06-30,20,0.9
1949-07-31,20,0.2
1949-08-31,20,0.0
1949-09-30,20,0.0
1949-10-31,20,0.0
1949-11-30,20,2.0
1949-12-31,20,2.5
1950-01-31,20,11.9
1950-02-28,20,23.6
1950-03-31,20,19.2
1950-04-30,20,14.1
1950-05-31,20,1.9
1950-06-30,20,0.5
1950-07-31,20,0.0
1950-08-31,20,0.0
1950-09-30,20,0.0
1950-10-31,20,0.6
1950-11-30,20,40.6
1950-12-31,20,33.2
1951-01-31,20,17.5
1951-02-28,20,17.9
1951-03-31,20,18.7
1951-04-30,20,3.7
1951-05-31,20,3.9
1951-06-30,20,0.8
1951-07-31,20,0.1
1951-08-31,20,0.0
1951-09-30,20,0.0
1951-10-31,20,0.2
1951-11-30,20,2.7
1951-12-31,20,20.5
1952-01-31,20,37.0
1952-02-29,20,22.9
1952-03-31,20,45.1
1952-04-30,20,25.5
1952-05-31,20,5.3
1952-06-30,20,1.0
1952-07-31,20,0.4
1952-08-31,20,0.1
1952-09-30,20,0.0
1952-10-31,20,0.2
1952-11-30,20,1.4
1952-12-31,20,14.9
1953-01-31,20,24.6
1953-02-28,20,9.1
1953-03-31,20,13.6
1953-04-30,20,4.6
1953-05-31,20,3.3
1953-06-30,20,1.7
1953-07-31,20,0.6
1953-08-31,20,0.0
1953-09-30,20,0.0
1953-10-31,20,0.0
1953-11-30,20,1.5
1953-12-31,20,3.3
1954-01-31,20,14.7
1954-02-28,20,28.8
1954-03-31,20,29.3
1954-04-30,20,7.8
1954-05-31,20,3.0
1954-06-30,20,0.8
1954-07-31,20,0.3
1954-08-31,20,0.0
1954-09-30,20,0.0
1954-10-31,20,0.0
1954-11-30,20,1.5
1954-12-31,20,9.4
1955-01-31,20,13.1
1955-02-28,20,10.8
1955-03-31,20,10.2
1955-04-30,20,5.7
1955-05-31,20,5.1
1955-06-30,20,0.9
1955-07-31,20,0.1
1955-08-31,20,0.0
1955-09-30,20,0.0
1955-10-31,20,0.0
1955-11-30,20,0.5
1955-12-31,20,82.0
1956-01-31,20,36.4
1956-02-29,20,20.2
1956-03-31,20,9.9
1956-04-30,20,7.9
1956-05-31,20,5.5
1956-06-30,20,1.1
1956-07-31,20,0.2
1956-08-31,20,0.0
1956-09-30,20,0.0
1956-10-31,20,0.2
1956-11-30,20,0.8
1956-12-31,20,1.2
1957-01-31,20,4.6
1957-02-28,20,17.4
1957-03-31,20,20.9
1957-04-30,20,3.4
1957-05-31,20,6.9
1957-06-30,20,2.0
1957-07-31,20,0.5
1957-08-31,20,0.0
1957-09-30,20,0.0
1957-10-31,20,0.7
1957-11-30,20,1.2
1957-12-31,20,7.0
1958-01-31,20,13.0
1958-02-28,20,35.6
1958-03-31,20,49.4
1958-04-30,20,38.8
1958-05-31,20,3.1
1958-06-30,20,1.1
1958-07-31,20,0.4
1958-08-31,20,0.0
1958-09-30,20,0.1
1958-10-31,20,0.4
1958-11-30,20,0.3
1958-12-31,20,0.9
1959-01-31,20,9.1
1959-02-28,20,27.4
1959-03-31,20,6.7
1959-04-30,20,2.7
1959-05-31,20,1.8
1959-06-30,20,0.5
1959-07-31,20,0.0
1959-08-31,20,0.0
1959-09-30,20,2.8
1959-10-31,20,1.7
1959-11-30,20,0.4
1959-12-31,20,0.1
1960-01-31,20,2.6
1960-02-29,20,27.7
1960-03-31,20,14.4
1960-04-30,20,6.9
1960-05-31,20,2.9
1960-06-30,20,0.7
1960-07-31,20,0.0
1960-08-31,20,0.0
1960-09-30,20,0.0
1960-10-31,20,0.5
1960-11-30,20,3.8
1960-12-31,20,6.9
1961-01-31,20,2.3
1961-02-28,20,5.1
1961-03-31,20,9.8
1961-04-30,20,2.5
1961-05-31,20,1.4
1961-06-30,20,0.7
1961-07-31,20,0.1
1961-08-31,20,0.0
1961-09-30,20,0.0
1961-10-31,20,0.1
1961-11-30,20,1.1
1961-12-31,20,6.9
1962-01-31,20,1.7
1962-02-28,20,56.4
1962-03-31,20,23.5
1962-04-30,20,3.1
1962-05-31,20,1.2
1962-06-30,20,0.6
1962-07-31,20,0.1
1962-08-31,20,0.0
1962-09-30,20,0.0
1962-10-31,20,1.2
1962-11-30,20,1.0
1962-12-31,20,2.5
1963-01-31,20,14.3
1963-02-28,20,39.1
1963-03-31,20,14.7
1963-04-30,20,23.2
1963-05-31,20,5.0
1963-06-30,20,1.2
1963-07-31,20,0.3
1963-08-31,20,0.0
1963-09-30,20,0.0
1963-10-31,20,0.7
1963-11-30,20,10.9
1963-12-31,20,4.6
1964-01-31,20,3.6
1964-02-29,20,2.7
1964-03-31,20,11.0
1964-04-30,20,4.9
1964-05-31,20,2.1
1964-06-30,20,0.9
1964-07-31,20,0.3
1964-08-31,20,0.0
1964-09-30,20,0.1
1964-10-31,20,0.5
1964-11-30,20,10.5
1964-12-31,20,32.2
1965-01-31,20,21.1
1965-02-28,20,11.4
1965-03-31,20,13.2
1965-04-30,20,19.0
1965-05-31,20,2.0
1965-06-30,20,0.7
1965-07-31,20,0.1
1965-08-31,20,0.0
1965-09-30,20,0.0
1965-10-31,20,0.1
1965-11-30,20,18.2
1965-12-31,20,11.3
1966-01-31,20,9.2
1966-02-28,20,13.6
1966-03-31,20,7.5
1966-04-30,20,1.9
1966-05-31,20,1.1
1966-06-30,20,0.4
1966-07-31,20,0.0
1966-08-31,20,0.0
1966-09-30,20,0.0
1966-10-31,20,0.0
1966-11-30,20,3.4
1966-12-31,20,36.2
1967-01-31,20,15.1
1967-02-28,20,11.7
1967-03-31,20,39.6
1967-04-30,20,36.4
1967-05-31,20,6.3
1967-06-30,20,1.5
1967-07-31,20,0.5
1967-08-31,20,0.0
1967-09-30,20,0.0
1967-10-31,20,0.3
1967-11-30,20,1.0
1967-12-31,20,5.3
1968-01-31,20,9.2
1968-02-29,20,19.8
1968-03-31,20,15.9
1968-04-30,20,3.6
1968-05-31,20,1.0
1968-06-30,20,0.5
1968-07-31,20,0.1
1968-08-31,20,0.0
1968-09-30,20,0.0
1968-10-31,20,0.2
1968-11-30,20,4.1
1968-12-31,20,19.3
1969-01-31,20,92.4
1969-02-28,20,57.5
1969-03-31,20,41.0
1969-04-30,20,28.3
1969-05-31,20,5.7
1969-06-30,20,1.7
1969-07-31,20,0.8
1969-08-31,20,0.2
1969-09-30,20,0.0
1969-10-31,20,1.4
1969-11-30,20,3.9
1969-12-31,20,10.7
1970-01-31,20,49.2
1970-02-28,20,18.0
1970-03-31,20,22.7
1970-04-30,20,4.4
1970-05-31,20,1.8
1970-06-30,20,0.5
1970-07-31,20,0.3
1970-08-31,20,0.0
1970-09-30,20,0.0
1970-10-31,20,0.0
1970-11-30,20,6.2
1970-12-31,20,21.8
1971-01-31,20,13.8
1971-02-28,20,7.0
1971-03-31,20,14.0
1971-04-30,20,4.2
1971-05-31,20,3.0
1971-06-30,20,1.1
1971-07-31,20,0.3
1971-08-31,20,0.0
1971-09-30,20,0.1
1971-10-31,20,0.3
1971-11-30,20,2.2
1971-12-31,20,8.7
1972-01-31,20,6.3
1972-02-29,20,11.5
1972-03-31,20,4.6
1972-04-30,20,6.6
1972-05-31,20,1.5
1972-06-30,20,0.5
1972-07-31,20,0.1
1972-08-31,20,0.0
1972-09-30,20,0.3
1972-10-31,20,0.6
1972-11-30,20,8.3
1972-12-31,20,7.1
1973-01-31,20,24.3
1973-02-28,20,33.6
1973-03-31,20,30.8
1973-04-30,20,6.6
1973-05-31,20,1.5
1973-06-30,20,0.6
1973-07-31,20,0.2
1973-08-31,20,0.0
1973-09-30,20,0.0
1973-10-31,20,1.0
1973-11-30,20,12.7
1973-12-31,20,15.4
1974-01-31,20,20.0
1974-02-28,20,10.2
1974-03-31,20,36.1
1974-04-30,20,20.9
1974-05-31,20,2.3
1974-06-30,20,0.7
1974-07-31,20,0.1
1974-08-31,20,0.0
1974-09-30,20,0.0
1974-10-31,20,0.3
1974-11-30,20,2.2
1974-12-31,20,10.0
1975-01-31,20,10.0
1975-02-28,20,31.6
1975-03-31,20,33.6
1975-04-30,20,18.2
1975-05-31,20,3.9
1975-06-30,20,0.8
1975-07-31,20,0.1
1975-08-31,20,0.0
1975-09-30,20,0.1
1975-10-31,20,0.7
1975-11-30,20,2.1
1975-12-31,20,1.2
1976-01-31,20,1.1
1976-02-29,20,9.3
1976-03-31,20,8.7
1976-04-30,20,3.0
1976-05-31,20,1.2
1976-06-30,20,0.2
1976-07-31,20,0.0
1976-08-31,20,0.0
1976-09-30,20,0.5
1976-10-31,20,1.1
1976-11-30,20,0.7
1976-12-31,20,0.6
1977-01-31,20,1.5
1977-02-28,20,1.4
1977-03-31,20,2.5
1977-04-30,20,1.3
1977-05-31,20,0.9
1977-06-30,20,0.9
1977-07-31,20,0.4
1977-08-31,20,0.0
1977-09-30,20,0.0
1977-10-31,20,0.1
1977-11-30,20,1.4
1977-12-31,20,15.5
1978-01-31,20,39.3
1978-02-28,20,38.9
1978-03-31,20,32.5
1978-04-30,20,25.4
1978-05-31,20,5.0
1978-06-30,20,0.8
1978-07-31,20,0.2
1978-08-31,20,0.0
1978-09-30,20,1.3
1978-10-31,20,0.8
1978-11-30,20,1.1
1978-12-31,20,3.6
1979-01-31,20,24.0
1979-02-28,20,30.9
1979-03-31,20,35.8
1979-04-30,20,9.8
1979-05-31,20,2.6
1979-06-30,20,0.6
1979-07-31,20,0.0
1979-08-31,20,0.0
1979-09-30,20,0.0
1979-10-31,20,0.2
1979-11-30,20,2.3
1979-12-31,20,4.5
1980-01-31,20,51.2
1980-02-29,20,51.5
1980-03-31,20,30.7
1980-04-30,20,6.7
1980-05-31,20,3.1
1980-06-30,20,1.0
1980-07-31,20,0.3
1980-08-31,20,0.0
1980-09-30,20,0.1
1980-10-31,20,0.1
1980-11-30,20,0.6
1980-12-31,20,3.1
1981-01-31,20,9.5
1981-02-28,20,13.2
1981-03-31,20,19.0
1981-04-30,20,4.0
1981-05-31,20,1.1
1981-06-30,20,0.3
1981-07-31,20,0.0
1981-08-31,20,0.0
1981-09-30,20,0.0
1981-10-31,20,0.4
1981-11-30,20,11.3
1981-12-31,20,15.4
1982-01-31,20,30.6
1982-02-28,20,46.6
1982-03-31,20,48.1
1982-04-30,20,44.9
1982-05-31,20,4.4
1982-06-30,20,1.1
1982-07-31,20,1.0
1982-08-31,20,0.4
1982-09-30,20,0.4
1982-10-31,20,3.3
1982-11-30,20,25.9
1982-12-31,20,45.7
1983-01-31,20,30.8
1983-02-28,20,52.5
1983-03-31,20,64.5
1983-04-30,20,25.5
1983-05-31,20,11.9
1983-06-30,20,2.2
1983-07-31,20,0.8
1983-08-31,20,0.3
1983-09-30,20,0.3
1983-10-31,20,1.9
1983-11-30,20,18.4
1983-12-31,20,36.8
1984-01-31,20,15.9
1984-02-29,20,19.4
1984-03-31,20,12.6
1984-04-30,20,4.7
1984-05-31,20,1.6
1984-06-30,20,0.5
1984-07-31,20,0.1
1984-08-31,20,0.0
1984-09-30,20,0.0
1984-10-31,20,0.7
1984-11-30,20,9.1
1984-12-31,20,8.2
1985-01-31,20,3.1
1985-02-28,20,17.3
1985-03-31,20,17.6
1985-04-30,20,4.8
1985-05-31,20,1.0
1985-06-30,20,0.2
1985-07-31,20,0.0
1985-08-31,20,0.0
1985-09-30,20,0.1
1985-10-31,20,0.5
1985-11-30,20,6.6
1985-12-31,20,10.9
1986-01-31,20,10.3
1986-02-28,20,92.3
1986-03-31,20,41.7
1986-04-30,20,7.0
1986-05-31,20,2.7
1986-06-30,20,0.6
1986-07-31,20,0.0
1986-08-31,20,0.0
1986-09-30,20,0.2
1986-10-31,20,1.1
1986-11-30,20,0.5
1986-12-31,20,0.9
1987-01-31,20,3.4
1987-02-28,20,14.6
1987-03-31,20,18.4
1987-04-30,20,2.8
1987-05-31,20,0.8
1987-06-30,20,0.4
1987-07-31,20,0.1
1987-08-31,20,0.0
1987-09-30,20,0.0
1987-10-31,20,0.1
1987-11-30,20,2.5
1987-12-31,20,2.8
1988-01-31,20,10.5
1988-02-29,20,3.4
1988-03-31,20,9.2
1988-04-30,20,5.8
1988-05-31,20,2.4
1988-06-30,20,0.9
1988-07-31,20,0.2
1988-08-31,20,0.0
1988-09-30,20,0.0
1988-10-31,20,0.0
1988-11-30,20,5.2
1988-12-31,20,5.9
1989-01-31,20,3.8
1989-02-28,20,10.0
1989-03-31,20,31.0
1989-04-30,20,4.0
1989-05-31,20,1.7
1989-06-30,20,0.9
1989-07-31,20,0.1
1989-08-31,20,0.0
1989-09-30,20,0.5
1989-10-31,20,2.1
1989-11-30,20,3.1
1989-12-31,20,2.1
1990-01-31,20,6.9
1990-02-28,20,9.2
1990-03-31,20,7.9
1990-04-30,20,2.0
1990-05-31,20,1.7
1990-06-30,20,1.4
1990-07-31,20,0.5
1990-08-31,20,0.0
1990-09-30,20,0.0
1990-10-31,20,0.0
1990-11-30,20,0.2
1990-12-31,20,0.6
1991-01-31,20,0.6
1991-02-28,20,2.1
1991-03-31,20,62.2
1991-04-30,20,6.5
1991-05-31,20,1.4
1991-06-30,20,0.6
1991-07-31,20,0.1
1991-08-31,20,0.0
1991-09-30,20,0.0
1991-10-31,20,0.5
1991-11-30,20,1.8
1991-12-31,20,1.9
1992-01-31,20,3.7
1992-02-29,20,20.0
1992-03-31,20,10.4
1992-04-30,20,3.0
1992-05-31,20,0.9
1992-06-30,20,0.1
1992-07-31,20,0.0
1992-08-31,20,0.1
1992-09-30,20,0.0
1992-10-31,20,0.1
1992-11-30,20,1.0
1992-12-31,20,10.1
1993-01-31,20,44.1
1993-02-28,20,34.5
1993-03-31,20,28.4
1993-04-30,20,9.3
1993-05-31,20,1.5
1993-06-30,20,1.3
1993-07-31,20,0.7
1993-08-31,20,0.0
1993-09-30,20,0.0
1993-10-31,20,0.1
1993-11-30,20,0.6
1993-12-31,20,2.6
1994-01-31,20,2.0
1994-02-28,20,15.9
1994-03-31,20,4.5
1994-04-30,20,4.7
1994-05-31,20,3.1
1994-06-30,20,1.0
1994-07-31,20,0.2
1994-08-31,20,0.0
1994-09-30,20,0.0
1994-10-31,20,1.6
1994-11-30,20,4.2
1994-12-31,20,5.6
1995-01-31,20,45.4
1995-02-28,20,15.4
1995-03-31,20,96.1
1995-04-30,20,15.3
1995-05-31,20,14.6
1995-06-30,20,1.9
1995-07-31,20,0.8
1995-08-31,20,0.2
1995-09-30,20,0.0
1995-10-31,20,0.0
1995-11-30,20,0.1
1995-12-31,20,8.9
1996-01-31,20,15.3
1996-02-29,20,35.9
1996-03-31,20,30.1
1996-04-30,20,11.6
1996-05-31,20,3.7
1996-06-30,20,1.3
1996-07-31,20,0.4
1996-08-31,20,0.0
1996-09-30,20,0.0
1996-10-31,20,0.1
1996-11-30,20,17.4
1996-12-31,20,46.5
1997-01-31,20,71.7
1997-02-28,20,25.2
1997-03-31,20,10.1
1997-04-30,20,4.3
1997-05-31,20,1.3
1997-06-30,20,0.4
1997-07-31,20,0.1
1997-08-31,20,0.0
1997-09-30,20,0.0
1997-10-31,20,0.2
1997-11-30,20,1.5
1997-12-31,20,7.7
1998-01-31,20,32.0
1998-02-28,20,59.6
1998-03-31,20,33.5
1998-04-30,20,24.9
1998-05-31,20,11.8
1998-06-30,20,3.1
1998-07-31,20,0.9
1998-08-31,20,0.1
1998-09-30,20,0.1
1998-10-31,20,0.3
1998-11-30,20,1.0
1998-12-31,20,4.6
1999-01-31,20,18.4
1999-02-28,20,33.8
1999-03-31,20,13.1
1999-04-30,20,13.4
1999-05-31,20,1.9
1999-06-30,20,0.5
1999-07-31,20,0.1
1999-08-31,20,0.0
1999-09-30,20,0.0
1999-10-31,20,0.0
1999-11-30,20,1.3
1999-12-31,20,1.5
2000-01-31,20,26.8
2000-02-29,20,49.2
2000-03-31,20,19.9
2000-04-30,20,5.6
2000-05-31,20,2.2
2000-06-30,20,0.8
2000-07-31,20,0.2
2000-08-31,20,0.0
2000-09-30,20,0.2
2000-10-31,20,0.6
2000-11-30,20,1.5
2000-12-31,20,1.5
2001-01-31,20,9.3
2001-02-28,20,20.3
2001-03-31,20,22.6
2001-04-30,20,7.9
2001-05-31,20,2.0
2001-06-30,20,0.4
2001-07-31,20,0.0
2001-08-31,20,0.0
2001-09-30,20,0.0
2001-10-31,20,0.0
2001-11-30,20,7.3
2001-12-31,20,30.3
2002-01-31,20,10.8
2002-02-28,20,10.5
2002-03-31,20,12.2
2002-04-30,20,2.0
2002-05-31,20,1.3
2002-06-30,20,1.0
2002-07-31,20,0.2
2002-08-31,20,0.0
2002-09-30,20,0.0
2002-10-31,20,0.1
2002-11-30,20,14.1
2002-12-31,20,23.3
2003-01-31,20,7.6
2003-02-28,20,7.2
2003-03-31,20,12.3
2003-04-30,20,15.1
2003-05-31,20,8.1
2003-06-30,20,1.0
2003-07-31,20,0.1
2003-08-31,20,0.2
2003-09-30,20,0.1
2003-10-31,20,0.0
2003-11-30,20,0.6
2003-12-31,20,12.8
2004-01-31,20,13.1
2004-02-29,20,20.4
2004-03-31,20,8.6
2004-04-30,20,1.3
2004-05-31,20,0.3
2004-06-30,20,0.0
2004-07-31,20,0.0
2004-08-31,20,0.0
2004-09-30,20,0.0
2004-10-31,20,12.8
2004-11-30,20,6.2
2004-12-31,20,22.6
2005-01-31,20,50.1
2005-02-28,20,25.6
2005-03-31,20,34.3
2005-04-30,20,9.2
2005-05-31,20,10.3
2005-06-30,20,1.5
2005-07-31,20,0.4
2005-08-31,20,0.0
2005-09-30,20,0.0
2005-10-31,20,0.1
2005-11-30,20,0.2
2005-12-31,20,23.8
2006-01-31,20,37.5
2006-02-28,20,9.9
2006-03-31,20,38.6
2006-04-30,20,51.3
2006-05-31,20,3.6
2006-06-30,20,1.3
2006-07-31,20,0.3
2006-08-31,20,0.0
2006-09-30,20,0.0
2006-10-31,20,0.1
2006-11-30,20,0.6
2006-12-31,20,4.3
2007-01-31,20,4.6
2007-02-28,20,19.3
2007-03-31,20,6.1
2007-04-30,20,1.5
2007-05-31,20,0.9
2007-06-30,20,0.2
2007-07-31,20,0.0
2007-08-31,20,0.0
2007-09-30,20,0.0
2007-10-31,20,0.1
2007-11-30,20,0.3
2007-12-31,20,4.7
2008-01-31,20,41.2
2008-02-29,20,25.2
2008-03-31,20,5.7
2008-04-30,20,1.2
2008-05-31,20,0.2
2008-06-30,20,0.4
2008-07-31,20,0.2
2008-08-31,20,0.0
2008-09-30,20,0.0
2008-10-31,20,0.3
2008-11-30,20,3.4
2008-12-31,20,7.3
2009-01-31,20,16.7
2009-02-28,20,24.9
2009-03-31,20,16.8
2009-04-30,20,3.6
2009-05-31,20,3.2
2009-06-30,20,1.0
2009-07-31,20,0.4
2009-08-31,20,0.0
2009-09-30,20,0.0
2009-10-31,20,6.2
2009-11-30,20,1.5
2009-12-31,20,18.0
2010-01-31,20,22.4
2010-02-28,20,23.2
2010-03-31,20,21.9
2010-04-30,20,18.8
2010-05-31,20,3.5
2010-06-30,20,1.3
2010-07-31,20,0.3
2010-08-31,20,0.0
2010-09-30,20,0.0
2010-10-31,20,3.4
2010-11-30,20,8.8
2010-12-31,20,57.7
2011-01-31,20,26.1
2011-02-28,20,31.4
2011-03-31,20,64.2
2011-04-30,20,19.1
2011-05-31,20,8.2
2011-06-30,20,4.8
2011-07-31,20,1.5
2011-08-31,20,0.4
2011-09-30,20,0.0
2011-10-31,20,1.0
2011-11-30,20,0.9
2011-12-31,20,1.0
2012-01-31,20,9.3
2012-02-29,20,6.1
2012-03-31,20,15.2
2012-04-30,20,13.8
2012-05-31,20,2.0
2012-06-30,20,0.5
2012-07-31,20,0.1
2012-08-31,20,0.0
2012-09-30,20,0.0
2012-10-31,20,0.1
2012-11-30,20,2.6
2012-12-31,20,47.2
2013-01-31,20,6.7
2013-02-28,20,2.7
2013-03-31,20,2.7
2013-04-30,20,1.5
2013-05-31,20,0.8
2013-06-30,20,0.3
2013-07-31,20,0.0
2013-08-31,20,0.0
2013-09-30,20,0.0
2013-10-31,20,0.2
2013-11-30,20,0.5
2013-12-31,20,1.1
2014-01-31,20,0.8
2014-02-28,20,4.5
2014-03-31,20,7.6
2014-04-30,20,4.9
2014-05-31,20,1.6
2014-06-30,20,0.4
2014-07-31,20,0.0
2014-08-31,20,0.0
2014-09-30,20,0.0
1921-10-31,21,0.2
1921-11-30,21,0.2
1921-12-31,21,3.8
1922-01-31,21,8.6
1922-02-28,21,30.7
1922-03-31,21,26.0
1922-04-30,21,22.1
1922-05-31,21,8.2
1922-06-30,21,1.9
1922-07-31,21,0.4
1922-08-31,21,0.0
1922-09-30,21,0.0
1922-10-31,21,0.1
1922-11-30,21,5.1
1922-12-31,21,10.7
1923-01-31,21,12.9
1923-02-28,21,10.0
1923-03-31,21,11.6
1923-04-30,21,30.0
1923-05-31,21,2.9
1923-06-30,21,0.8
1923-07-31,21,0.3
1923-08-31,21,0.0
1923-09-30,21,0.5
1923-10-31,21,1.7
1923-11-30,21,0.8
1923-12-31,21,0.5
1924-01-31,21,0.4
1924-02-29,21,2.1
1924-03-31,21,6.2
1924-04-30,21,4.2
1924-05-31,21,1.2
1924-06-30,21,0.3
1924-07-31,21,0.0
1924-08-31,21,0.0
1924-09-30,21,0.0
1924-10-31,21,0.9
1924-11-30,21,12.2
1924-12-31,21,4.1
1925-01-31,21,5.1
1925-02-28,21,36.2
1925-03-31,21,10.8
1925-04-30,21,15.0
1925-05-31,21,2.2
1925-06-30,21,1.1
1925-07-31,21,0.3
1925-08-31,21,0.0
1925-09-30,21,0.0
1925-10-31,21,1.1
1925-11-30,21,1.0
1925-12-31,21,2.1
1926-01-31,21,5.3
1926-02-28,21,39.8
1926-03-31,21,5.7
1926-04-30,21,30.5
1926-05-31,21,2.1
1926-06-30,21,0.4
1926-07-31,21,0.1
1926-08-31,21,0.0
1926-09-30,21,0.0
1926-10-31,21,0.1
1926-11-30,21,11.2
1926-12-31,21,10.3
1927-01-31,21,11.3
1927-02-28,21,49.8
1927-03-31,21,16.0
1927-04-30,21,27.3
1927-05-31,21,2.2
1927-06-30,21,0.7
1927-07-31,21,0.2
1927-08-31,21,0.0
1927-09-30,21,0.1
1927-10-31,21,0.7
1927-11-30,21,7.5
1927-12-31,21,4.6
1928-01-31,21,4.9
1928-02-29,21,14.4
1928-03-31,21,35.0
1928-04-30,21,20.6
1928-05-31,21,1.4
1928-06-30,21,0.4
1928-07-31,21,0.1
1928-08-31,21,0.0
1928-09-30,21,0.0
1928-10-31,21,0.0
1928-11-30,21,2.6
1928-12-31,21,2.7
1929-01-31,21,2.5
1929-02-28,21,9.7
1929-03-31,21,20.9
1929-04-30,21,18.9
1929-05-31,21,2.9
1929-06-30,21,1.5
1929-07-31,21,0.7
1929-08-31,21,0.1
1929-09-30,21,0.1
1929-10-31,21,0.5
1929-11-30,21,0.2
1929-12-31,21,1.0
1930-01-31,21,2.3
1930-02-28,21,19.1
1930-03-31,21,21.2
1930-04-30,21,8.9
1930-05-31,21,2.9
1930-06-30,21,0.6
1930-07-31,21,0.2
1930-08-31,21,0.0
1930-09-30,21,0.0
1930-10-31,21,1.1
1930-11-30,21,2.2
1930-12-31,21,1.2
1931-01-31,21,3.4
1931-02-28,21,8.4
1931-03-31,21,5.6
1931-04-30,21,2.1
1931-05-31,21,2.3
1931-06-30,21,1.3
1931-07-31,21,0.3
1931-08-31,21,0.0
1931-09-30,21,0.0
1931-10-31,21,0.2
1931-11-30,21,0.5
1931-12-31,21,12.2
1932-01-31,21,5.6
1932-02-29,21,30.4
1932-03-31,21,40.3
1932-04-30,21,27.5
1932-05-31,21,8.8
1932-06-30,21,1.7
1932-07-31,21,0.3
1932-08-31,21,0.0
1932-09-30,21,0.0
1932-10-31,21,0.0
1932-11-30,21,0.0
1932-12-31,21,0.6
1933-01-31,21,0.9
1933-02-28,21,5.1
1933-03-31,21,32.5
1933-04-30,21,5.4
1933-05-31,21,3.4
1933-06-30,21,0.8
1933-07-31,21,0.2
1933-08-31,21,0.0
1933-09-30,21,0.0
1933-10-31,21,0.0
1933-11-30,21,0.7
1933-12-31,21,6.5
1934-01-31,21,14.4
1934-02-28,21,16.2
1934-03-31,21,5.0
1934-04-30,21,0.7
1934-05-31,21,0.4
1934-06-30,21,0.7
1934-07-31,21,0.3
1934-08-31,21,0.0
1934-09-30,21,0.0
1934-10-31,21,1.3
1934-11-30,21,7.9
1934-12-31,21,7.8
1935-01-31,21,20.4
1935-02-28,21,14.3
1935-03-31,21,24.1
1935-04-30,21,53.5
1935-05-31,21,8.2
1935-06-30,21,0.8
1935-07-31,21,0.1
1935-08-31,21,0.0
1935-09-30,21,0.0
1935-10-31,21,0.4
1935-11-30,21,1.2
1935-12-31,21,1.1
1936-01-31,21,18.5
1936-02-29,21,79.1
1936-03-31,21,18.0
1936-04-30,21,20.1
1936-05-31,21,2.7
1936-06-30,21,1.5
1936-07-31,21,0.3
1936-08-31,21,0.0
1936-09-30,21,0.0
1936-10-31,21,0.1
1936-11-30,21,1.1
1936-12-31,21,8.1
1937-01-31,21,4.3
1937-02-28,21,67.1
1937-03-31,21,47.3
1937-04-30,21,17.8
1937-05-31,21,4.6
1937-06-30,21,0.8
1937-07-31,21,0.2
1937-08-31,21,0.0
1937-09-30,21,0.0
1937-10-31,21,0.0
1937-11-30,21,1.1
1937-12-31,21,44.3
1938-01-31,21,24.4
1938-02-28,21,88.9
1938-03-31,21,94.2
1938-04-30,21,23.7
1938-05-31,21,13.1
1938-06-30,21,3.6
1938-07-31,21,1.4
1938-08-31,21,0.3
1938-09-30,21,0.5
1938-10-31,21,4.3
1938-11-30,21,6.5
1938-12-31,21,6.8
1939-01-31,21,7.9
1939-02-28,21,7.4
1939-03-31,21,20.8
1939-04-30,21,10.9
1939-05-31,21,1.6
1939-06-30,21,0.8
1939-07-31,21,0.2
1939-08-31,21,0.0
1939-09-30,21,0.6
1939-10-31,21,3.3
1939-11-30,21,0.7
1939-12-31,21,1.4
1940-01-31,21,55.0
1940-02-29,21,33.4
1940-03-31,21,30.4
1940-04-30,21,16.9
1940-05-31,21,2.4
1940-06-30,21,0.4
1940-07-31,21,0.0
1940-08-31,21,0.0
1940-09-30,21,0.0
1940-10-31,21,0.4
1940-11-30,21,1.5
1940-12-31,21,29.5
1941-01-31,21,27.9
1941-02-28,21,39.1
1941-03-31,21,24.8
1941-04-30,21,17.8
1941-05-31,21,4.1
1941-06-30,21,0.9
1941-07-31,21,0.2
1941-08-31,21,0.0
1941-09-30,21,0.0
1941-10-31,21,0.0
1941-11-30,21,1.2
1941-12-31,21,34.3
1942-01-31,21,30.8
1942-02-28,21,27.7
1942-03-31,21,19.2
1942-04-30,21,31.5
1942-05-31,21,10.9
1942-06-30,21,2.0
1942-07-31,21,0.3
1942-08-31,21,0.0
1942-09-30,21,0.0
1942-10-31,21,0.0
1942-11-30,21,18.7
1942-12-31,21,11.7
1943-01-31,21,78.3
1943-02-28,21,33.7
1943-03-31,21,54.9
1943-04-30,21,15.3
1943-05-31,21,6.5
1943-06-30,21,1.8
1943-07-31,21,0.4
1943-08-31,21,0.0
1943-09-30,21,0.0
1943-10-31,21,0.2
1943-11-30,21,1.1
1943-12-31,21,3.3
1944-01-31,21,8.3
1944-02-29,21,22.7
1944-03-31,21,25.4
1944-04-30,21,9.9
1944-05-31,21,3.3
1944-06-30,21,0.6
1944-07-31,21,0.2
1944-08-31,21,0.0
1944-09-30,21,0.0
1944-10-31,21,0.1
1944-11-30,21,19.9
1944-12-31,21,4.0
1945-01-31,21,2.1
1945-02-28,21,67.0
1945-03-31,21,33.8
1945-04-30,21,10.2
1945-05-31,21,2.3
1945-06-30,21,1.2
1945-07-31,21,0.3
1945-08-31,21,0.0
1945-09-30,21,0.0
1945-10-31,21,1.2
1945-11-30,21,4.6
1945-12-31,21,32.8
1946-01-31,21,13.5
1946-02-28,21,7.6
1946-03-31,21,24.3
1946-04-30,21,16.2
1946-05-31,21,1.8
1946-06-30,21,1.1
1946-07-31,21,0.2
1946-08-31,21,0.0
1946-09-30,21,0.1
1946-10-31,21,1.5
1946-11-30,21,20.7
1946-12-31,21,19.5
1947-01-31,21,6.0
1947-02-28,21,15.7
1947-03-31,21,9.6
1947-04-30,21,4.5
1947-05-31,21,0.6
1947-06-30,21,0.7
1947-07-31,21,0.2
1947-08-31,21,0.0
1947-09-30,21,0.1
1947-10-31,21,1.3
1947-11-30,21,1.3
1947-12-31,21,0.9
1948-01-31,21,2.8
1948-02-29,21,2.4
1948-03-31,21,35.4
1948-04-30,21,44.1
1948-05-31,21,7.1
1948-06-30,21,1.8
1948-07-31,21,0.3
1948-08-31,21,0.0
1948-09-30,21,0.0
1948-10-31,21,0.1
1948-11-30,21,0.3
1948-12-31,21,0.4
1949-01-31,21,1.3
1949-02-28,21,5.0
1949-03-31,21,46.0
1949-04-30,21,14.1
1949-05-31,21,3.3
1949-06-30,21,0.8
1949-07-31,21,0.2
1949-08-31,21,0.0
1949-09-30,21,0.0
1949-10-31,21,0.0
1949-11-30,21,2.9
1949-12-31,21,1.7
1950-01-31,21,6.7
1950-02-28,21,30.8
1950-03-31,21,18.6
1950-04-30,21,16.6
1950-05-31,21,2.2
1950-06-30,21,0.3
1950-07-31,21,0.0
1950-08-31,21,0.0
1950-09-30,21,0.0
1950-10-31,21,1.1
1950-11-30,21,54.9
1950-12-31,21,46.5
1951-01-31,21,19.3
1951-02-28,21,19.6
1951-03-31,21,17.5
1951-04-30,21,6.7
1951-05-31,21,4.5
1951-06-30,21,0.5
1951-07-31,21,0.2
1951-08-31,21,0.0
1951-09-30,21,0.0
1951-10-31,21,0.2
1951-11-30,21,3.0
1951-12-31,21,20.4
1952-01-31,21,30.2
1952-02-29,21,23.5
1952-03-31,21,44.9
1952-04-30,21,48.3
1952-05-31,21,12.7
1952-06-30,21,3.6
1952-07-31,21,0.8
1952-08-31,21,0.1
1952-09-30,21,0.3
1952-10-31,21,0.6
1952-11-30,21,2.7
1952-12-31,21,8.7
1953-01-31,21,28.4
1953-02-28,21,11.3
1953-03-31,21,16.7
1953-04-30,21,7.7
1953-05-31,21,3.8
1953-06-30,21,1.6
1953-07-31,21,0.3
1953-08-31,21,0.0
1953-09-30,21,0.0
1953-10-31,21,0.1
1953-11-30,21,1.7
1953-12-31,21,1.5
1954-01-31,21,17.1
1954-02-28,21,35.7
1954-03-31,21,35.4
1954-04-30,21,11.2
1954-05-31,21,3.2
1954-06-30,21,0.8
1954-07-31,21,0.3
1954-08-31,21,0.0
1954-09-30,21,0.0
1954-10-31,21,0.0
1954-11-30,21,2.8
1954-12-31,21,9.1
1955-01-31,21,10.3
1955-02-28,21,9.7
1955-03-31,21,10.6
1955-04-30,21,9.4
1955-05-31,21,6.7
1955-06-30,21,0.6
1955-07-31,21,0.1
1955-08-31,21,0.0
1955-09-30,21,0.0
1955-10-31,21,0.0
1955-11-30,21,0.1
1955-12-31,21,114.2
1956-01-31,21,51.3
1956-02-29,21,26.4
1956-03-31,21,12.7
1956-04-30,21,13.9
1956-05-31,21,11.7
1956-06-30,21,1.3
1956-07-31,21,0.3
1956-08-31,21,0.0
1956-09-30,21,0.0
1956-10-31,21,0.6
1956-11-30,21,1.0
1956-12-31,21,0.7
1957-01-31,21,5.5
1957-02-28,21,18.3
1957-03-31,21,21.4
1957-04-30,21,3.7
1957-05-31,21,8.9
1957-06-30,21,1.9
1957-07-31,21,0.3
1957-08-31,21,0.0
1957-09-30,21,0.1
1957-10-31,21,0.8
1957-11-30,21,1.2
1957-12-31,21,7.0
1958-01-31,21,14.9
1958-02-28,21,43.3
1958-03-31,21,64.6
1958-04-30,21,56.5
1958-05-31,21,11.3
1958-06-30,21,3.5
1958-07-31,21,0.5
1958-08-31,21,0.1
1958-09-30,21,0.4
1958-10-31,21,0.8
1958-11-30,21,1.2
1958-12-31,21,2.5
1959-01-31,21,14.1
1959-02-28,21,34.8
1959-03-31,21,13.0
1959-04-30,21,3.6
1959-05-31,21,2.0
1959-06-30,21,0.3
1959-07-31,21,0.0
1959-08-31,21,0.0
1959-09-30,21,6.2
1959-10-31,21,1.8
1959-11-30,21,0.3
1959-12-31,21,0.1
1960-01-31,21,3.0
1960-02-29,21,29.7
1960-03-31,21,17.2
1960-04-30,21,8.1
1960-05-31,21,2.8
1960-06-30,21,0.4
1960-07-31,21,0.0
1960-08-31,21,0.0
1960-09-30,21,0.0
1960-10-31,21,0.9
1960-11-30,21,3.6
1960-12-31,21,7.3
1961-01-31,21,2.5
1961-02-28,21,5.5
1961-03-31,21,12.0
1961-04-30,21,3.6
1961-05-31,21,1.7
1961-06-30,21,0.7
1961-07-31,21,0.1
1961-08-31,21,0.0
1961-09-30,21,0.0
1961-10-31,21,0.3
1961-11-30,21,1.3
1961-12-31,21,5.9
1962-01-31,21,1.0
1962-02-28,21,69.6
1962-03-31,21,26.6
1962-04-30,21,6.6
1962-05-31,21,3.0
1962-06-30,21,0.8
1962-07-31,21,0.1
1962-08-31,21,0.0
1962-09-30,21,0.0
1962-10-31,21,1.9
1962-11-30,21,0.8
1962-12-31,21,1.6
1963-01-31,21,17.7
1963-02-28,21,50.1
1963-03-31,21,15.0
1963-04-30,21,31.3
1963-05-31,21,7.9
1963-06-30,21,1.0
1963-07-31,21,0.2
1963-08-31,21,0.0
1963-09-30,21,0.1
1963-10-31,21,1.2
1963-11-30,21,14.6
1963-12-31,21,3.6
1964-01-31,21,0.7
1964-02-29,21,0.9
1964-03-31,21,6.4
1964-04-30,21,6.3
1964-05-31,21,2.2
1964-06-30,21,0.9
1964-07-31,21,0.3
1964-08-31,21,0.0
1964-09-30,21,0.2
1964-10-31,21,0.8
1964-11-30,21,11.0
1964-12-31,21,30.1
1965-01-31,21,23.0
1965-02-28,21,19.4
1965-03-31,21,22.2
1965-04-30,21,24.1
1965-05-31,21,5.6
1965-06-30,21,0.8
1965-07-31,21,0.1
1965-08-31,21,0.0
1965-09-30,21,0.0
1965-10-31,21,0.2
1965-11-30,21,23.1
1965-12-31,21,6.7
1966-01-31,21,4.7
1966-02-28,21,12.3
1966-03-31,21,8.5
1966-04-30,21,2.4
1966-05-31,21,1.0
1966-06-30,21,0.3
1966-07-31,21,0.0
1966-08-31,21,0.0
1966-09-30,21,0.0
1966-10-31,21,0.0
1966-11-30,21,4.1
1966-12-31,21,63.7
1967-01-31,21,12.6
1967-02-28,21,14.1
1967-03-31,21,62.5
1967-04-30,21,49.0
1967-05-31,21,13.9
1967-06-30,21,5.2
1967-07-31,21,0.5
1967-08-31,21,0.0
1967-09-30,21,0.1
1967-10-31,21,0.5
1967-11-30,21,0.8
1967-12-31,21,4.2
1968-01-31,21,6.5
1968-02-29,21,16.3
1968-03-31,21,14.0
1968-04-30,21,3.1
1968-05-31,21,0.8
1968-06-30,21,0.6
1968-07-31,21,0.2
1968-08-31,21,0.0
1968-09-30,21,0.0
1968-10-31,21,0.3
1968-11-30,21,4.4
1968-12-31,21,15.9
1969-01-31,21,134.2
1969-02-28,21,63.3
1969-03-31,21,44.4
1969-04-30,21,54.5
1969-05-31,21,15.6
1969-06-30,21,8.6
1969-07-31,21,1.8
1969-08-31,21,0.4
1969-09-30,21,0.5
1969-10-31,21,5.0
1969-11-30,21,6.8
1969-12-31,21,15.0
1970-01-31,21,60.7
1970-02-28,21,22.4
1970-03-31,21,27.3
1970-04-30,21,7.5
1970-05-31,21,2.6
1970-06-30,21,0.6
1970-07-31,21,0.5
1970-08-31,21,0.1
1970-09-30,21,0.0
1970-10-31,21,0.0
1970-11-30,21,9.2
1970-12-31,21,20.8
1971-01-31,21,6.9
1971-02-28,21,12.0
1971-03-31,21,19.8
1971-04-30,21,7.8
1971-05-31,21,4.1
1971-06-30,21,1.1
1971-07-31,21,0.3
1971-08-31,21,0.0
1971-09-30,21,0.1
1971-10-31,21,0.5
1971-11-30,21,2.4
1971-12-31,21,6.9
1972-01-31,21,2.4
1972-02-29,21,9.9
1972-03-31,21,5.3
1972-04-30,21,10.8
1972-05-31,21,1.5
1972-06-30,21,0.6
1972-07-31,21,0.3
1972-08-31,21,0.0
1972-09-30,21,0.9
1972-10-31,21,0.8
1972-11-30,21,9.1
1972-12-31,21,5.2
1973-01-31,21,31.2
1973-02-28,21,37.2
1973-03-31,21,30.5
1973-04-30,21,10.2
1973-05-31,21,3.4
1973-06-30,21,1.0
1973-07-31,21,0.2
1973-08-31,21,0.0
1973-09-30,21,0.0
1973-10-31,21,1.3
1973-11-30,21,19.5
1973-12-31,21,19.3
1974-01-31,21,18.9
1974-02-28,21,10.7
1974-03-31,21,55.6
1974-04-30,21,28.2
1974-05-31,21,4.2
1974-06-30,21,0.5
1974-07-31,21,0.1
1974-08-31,21,0.0
1974-09-30,21,0.0
1974-10-31,21,0.2
1974-11-30,21,2.0
1974-12-31,21,10.5
1975-01-31,21,7.1
1975-02-28,21,26.0
1975-03-31,21,47.2
1975-04-30,21,23.0
1975-05-31,21,7.6
1975-06-30,21,0.8
1975-07-31,21,0.1
1975-08-31,21,0.0
1975-09-30,21,0.2
1975-10-31,21,1.6
1975-11-30,21,1.9
1975-12-31,21,0.9
1976-01-31,21,0.7
1976-02-29,21,7.9
1976-03-31,21,6.0
1976-04-30,21,2.7
1976-05-31,21,0.9
1976-06-30,21,0.2
1976-07-31,21,0.0
1976-08-31,21,0.0
1976-09-30,21,1.4
1976-10-31,21,1.2
1976-11-30,21,0.6
1976-12-31,21,0.5
1977-01-31,21,1.0
1977-02-28,21,1.5
1977-03-31,21,2.1
1977-04-30,21,0.8
1977-05-31,21,1.6
1977-06-30,21,1.1
1977-07-31,21,0.4
1977-08-31,21,0.0
1977-09-30,21,0.0
1977-10-31,21,0.1
1977-11-30,21,2.0
1977-12-31,21,17.3
1978-01-31,21,51.4
1978-02-28,21,46.4
1978-03-31,21,48.8
1978-04-30,21,30.6
1978-05-31,21,9.4
1978-06-30,21,1.1
1978-07-31,21,0.4
1978-08-31,21,0.1
1978-09-30,21,2.6
1978-10-31,21,0.7
1978-11-30,21,1.3
1978-12-31,21,4.4
1979-01-31,21,26.5
1979-02-28,21,30.4
1979-03-31,21,45.3
1979-04-30,21,16.1
1979-05-31,21,5.7
1979-06-30,21,0.6
1979-07-31,21,0.1
1979-08-31,21,0.0
1979-09-30,21,0.0
1979-10-31,21,0.6
1979-11-30,21,2.7
1979-12-31,21,2.9
1980-01-31,21,65.2
1980-02-29,21,78.2
1980-03-31,21,38.6
1980-04-30,21,13.2
1980-05-31,21,6.8
1980-06-30,21,1.9
1980-07-31,21,0.3
1980-08-31,21,0.0
1980-09-30,21,0.1
1980-10-31,21,0.2
1980-11-30,21,1.0
1980-12-31,21,4.2
1981-01-31,21,10.1
1981-02-28,21,16.9
1981-03-31,21,25.0
1981-04-30,21,6.2
1981-05-31,21,1.0
1981-06-30,21,0.4
1981-07-31,21,0.1
1981-08-31,21,0.0
1981-09-30,21,0.1
1981-10-31,21,0.7
1981-11-30,21,12.1
1981-12-31,21,11.8
1982-01-31,21,15.7
1982-02-28,21,53.0
1982-03-31,21,60.9
1982-04-30,21,68.4
1982-05-31,21,10.3
1982-06-30,21,3.9
1982-07-31,21,2.7
1982-08-31,21,0.3
1982-09-30,21,1.6
1982-10-31,21,6.8
1982-11-30,21,33.4
1982-12-31,21,55.9
1983-01-31,21,31.5
1983-02-28,21,61.2
1983-03-31,21,69.4
1983-04-30,21,26.5
1983-05-31,21,19.5
1983-06-30,21,6.4
1983-07-31,21,3.0
1983-08-31,21,1.4
1983-09-30,21,1.8
1983-10-31,21,6.3
1983-11-30,21,26.1
1983-12-31,21,43.6
1984-01-31,21,19.7
1984-02-29,21,22.5
1984-03-31,21,18.1
1984-04-30,21,5.7
1984-05-31,21,1.7
1984-06-30,21,0.4
1984-07-31,21,0.2
1984-08-31,21,0.0
1984-09-30,21,0.0
1984-10-31,21,1.0
1984-11-30,21,8.2
1984-12-31,21,5.7
1985-01-31,21,2.2
1985-02-28,21,14.6
1985-03-31,21,20.0
1985-04-30,21,5.8
1985-05-31,21,0.7
1985-06-30,21,0.3
1985-07-31,21,0.1
1985-08-31,21,0.0
1985-09-30,21,0.3
1985-10-31,21,0.8
1985-11-30,21,7.3
1985-12-31,21,12.7
1986-01-31,21,13.8
1986-02-28,21,123.5
1986-03-31,21,55.2
1986-04-30,21,9.8
1986-05-31,21,4.4
1986-06-30,21,0.8
1986-07-31,21,0.1
1986-08-31,21,0.0
1986-09-30,21,0.4
1986-10-31,21,1.7
1986-11-30,21,0.8
1986-12-31,21,2.8
1987-01-31,21,6.8
1987-02-28,21,19.4
1987-03-31,21,19.3
1987-04-30,21,2.7
1987-05-31,21,0.7
1987-06-30,21,0.4
1987-07-31,21,0.1
1987-08-31,21,0.0
1987-09-30,21,0.2
1987-10-31,21,0.5
1987-11-30,21,4.1
1987-12-31,21,2.9
1988-01-31,21,8.9
1988-02-29,21,7.4
1988-03-31,21,13.2
1988-04-30,21,8.2
1988-05-31,21,2.7
1988-06-30,21,0.7
1988-07-31,21,0.2
1988-08-31,21,0.1
1988-09-30,21,0.0
1988-10-31,21,0.0
1988-11-30,21,3.3
1988-12-31,21,3.2
1989-01-31,21,2.3
1989-02-28,21,7.7
1989-03-31,21,31.1
1989-04-30,21,4.0
1989-05-31,21,2.5
1989-06-30,21,0.7
1989-07-31,21,0.1
1989-08-31,21,0.0
1989-09-30,21,1.2
1989-10-31,21,2.6
1989-11-30,21,3.4
1989-12-31,21,2.1
1990-01-31,21,7.6
1990-02-28,21,5.0
1990-03-31,21,11.3
1990-04-30,21,1.7
1990-05-31,21,1.9
1990-06-30,21,1.7
1990-07-31,21,0.4
1990-08-31,21,0.0
1990-09-30,21,0.0
1990-10-31,21,0.0
1990-11-30,21,0.2
1990-12-31,21,0.7
1991-01-31,21,0.8
1991-02-28,21,1.8
1991-03-31,21,72.1
1991-04-30,21,9.8
1991-05-31,21,2.1
1991-06-30,21,0.6
1991-07-31,21,0.2
1991-08-31,21,0.1
1991-09-30,21,0.0
1991-10-31,21,0.6
1991-11-30,21,2.3
1991-12-31,21,2.0
1992-01-31,21,5.1
1992-02-29,21,22.6
1992-03-31,21,14.2
1992-04-30,21,4.0
1992-05-31,21,0.6
1992-06-30,21,0.1
1992-07-31,21,0.2
1992-08-31,21,0.2
1992-09-30,21,0.0
1992-10-31,21,0.2
1992-11-30,21,1.7
1992-12-31,21,8.0
1993-01-31,21,48.8
1993-02-28,21,34.8
1993-03-31,21,44.1
1993-04-30,21,17.2
1993-05-31,21,5.7
1993-06-30,21,3.4
1993-07-31,21,0.5
1993-08-31,21,0.0
1993-09-30,21,0.0
1993-10-31,21,0.1
1993-11-30,21,0.8
1993-12-31,21,3.4
1994-01-31,21,3.6
1994-02-28,21,15.9
1994-03-31,21,5.2
1994-04-30,21,6.6
1994-05-31,21,4.5
1994-06-30,21,0.8
1994-07-31,21,0.1
1994-08-31,21,0.0
1994-09-30,21,0.0
1994-10-31,21,2.8
1994-11-30,21,2.9
1994-12-31,21,3.4
1995-01-31,21,53.7
1995-02-28,21,18.1
1995-03-31,21,120.1
1995-04-30,21,19.5
1995-05-31,21,21.8
1995-06-30,21,3.9
1995-07-31,21,0.9
1995-08-31,21,0.1
1995-09-30,21,0.1
1995-10-31,21,0.2
1995-11-30,21,0.9
1995-12-31,21,14.5
1996-01-31,21,12.5
1996-02-29,21,49.5
1996-03-31,21,42.2
1996-04-30,21,19.0
1996-05-31,21,6.5
1996-06-30,21,1.4
1996-07-31,21,0.4
1996-08-31,21,0.1
1996-09-30,21,0.0
1996-10-31,21,0.1
1996-11-30,21,23.5
1996-12-31,21,47.2
1997-01-31,21,88.8
1997-02-28,21,25.1
1997-03-31,21,13.0
1997-04-30,21,9.0
1997-05-31,21,4.9
1997-06-30,21,1.0
1997-07-31,21,0.2
1997-08-31,21,0.0
1997-09-30,21,0.1
1997-10-31,21,0.2
1997-11-30,21,1.6
1997-12-31,21,7.6
1998-01-31,21,28.6
1998-02-28,21,58.5
1998-03-31,21,33.6
1998-04-30,21,24.1
1998-05-31,21,17.8
1998-06-30,21,8.4
1998-07-31,21,1.2
1998-08-31,21,0.2
1998-09-30,21,0.5
1998-10-31,21,1.5
1998-11-30,21,2.8
1998-12-31,21,4.7
1999-01-31,21,19.4
1999-02-28,21,31.0
1999-03-31,21,10.9
1999-04-30,21,13.6
1999-05-31,21,2.2
1999-06-30,21,0.5
1999-07-31,21,0.1
1999-08-31,21,0.0
1999-09-30,21,0.0
1999-10-31,21,0.0
1999-11-30,21,1.7
1999-12-31,21,1.0
2000-01-31,21,30.3
2000-02-29,21,55.1
2000-03-31,21,19.4
2000-04-30,21,6.6
2000-05-31,21,2.3
2000-06-30,21,0.6
2000-07-31,21,0.2
2000-08-31,21,0.0
2000-09-30,21,0.5
2000-10-31,21,0.7
2000-11-30,21,1.6
2000-12-31,21,0.8
2001-01-31,21,7.4
2001-02-28,21,25.0
2001-03-31,21,27.2
2001-04-30,21,10.2
2001-05-31,21,2.5
2001-06-30,21,0.3
2001-07-31,21,0.1
2001-08-31,21,0.0
2001-09-30,21,0.0
2001-10-31,21,0.1
2001-11-30,21,6.6
2001-12-31,21,35.6
2002-01-31,21,13.1
2002-02-28,21,9.1
2002-03-31,21,17.3
2002-04-30,21,2.8
2002-05-31,21,1.8
2002-06-30,21,0.9
2002-07-31,21,0.1
2002-08-31,21,0.0
2002-09-30,21,0.1
2002-10-31,21,0.1
2002-11-30,21,16.9
2002-12-31,21,24.8
2003-01-31,21,8.6
2003-02-28,21,8.4
2003-03-31,21,13.5
2003-04-30,21,16.3
2003-05-31,21,10.6
2003-06-30,21,0.7
2003-07-31,21,0.1
2003-08-31,21,0.3
2003-09-30,21,0.2
2003-10-31,21,0.0
2003-11-30,21,1.2
2003-12-31,21,17.7
2004-01-31,21,16.9
2004-02-29,21,19.2
2004-03-31,21,11.5
2004-04-30,21,1.2
2004-05-31,21,0.2
2004-06-30,21,0.0
2004-07-31,21,0.0
2004-08-31,21,0.0
2004-09-30,21,0.0
2004-10-31,21,13.4
2004-11-30,21,5.7
2004-12-31,21,23.3
2005-01-31,21,51.9
2005-02-28,21,24.3
2005-03-31,21,34.8
2005-04-30,21,10.9
2005-05-31,21,11.5
2005-06-30,21,1.4
2005-07-31,21,0.3
2005-08-31,21,0.0
2005-09-30,21,0.0
2005-10-31,21,0.1
2005-11-30,21,0.3
2005-12-31,21,27.6
2006-01-31,21,46.3
2006-02-28,21,9.6
2006-03-31,21,39.4
2006-04-30,21,57.5
2006-05-31,21,5.4
2006-06-30,21,1.6
2006-07-31,21,0.3
2006-08-31,21,0.0
2006-09-30,21,0.0
2006-10-31,21,0.4
2006-11-30,21,1.6
2006-12-31,21,4.9
2007-01-31,21,4.6
2007-02-28,21,17.4
2007-03-31,21,7.1
2007-04-30,21,1.9
2007-05-31,21,0.8
2007-06-30,21,0.2
2007-07-31,21,0.0
2007-08-31,21,0.0
2007-09-30,21,0.0
2007-10-31,21,0.0
2007-11-30,21,0.4
2007-12-31,21,5.0
2008-01-31,21,44.5
2008-02-29,21,27.1
2008-03-31,21,7.8
2008-04-30,21,0.9
2008-05-31,21,0.3
2008-06-30,21,0.7
2008-07-31,21,0.2
2008-08-31,21,0.0
2008-09-30,21,0.0
2008-10-31,21,0.4
2008-11-30,21,4.8
2008-12-31,21,6.1
2009-01-31,21,17.1
2009-02-28,21,24.1
2009-03-31,21,17.7
2009-04-30,21,4.6
2009-05-31,21,4.1
2009-06-30,21,1.0
2009-07-31,21,0.3
2009-08-31,21,0.0
2009-09-30,21,0.0
2009-10-31,21,12.3
2009-11-30,21,1.4
2009-12-31,21,18.2
2010-01-31,21,24.0
2010-02-28,21,25.4
2010-03-31,21,26.1
2010-04-30,21,26.0
2010-05-31,21,5.6
2010-06-30,21,1.2
2010-07-31,21,0.2
2010-08-31,21,0.0
2010-09-30,21,0.0
2010-10-31,21,6.0
2010-11-30,21,9.1
2010-12-31,21,60.5
2011-01-31,21,30.3
2011-02-28,21,21.4
2011-03-31,21,74.9
2011-04-30,21,27.2
2011-05-31,21,11.1
2011-06-30,21,5.8
2011-07-31,21,2.0
2011-08-31,21,0.6
2011-09-30,21,0.3
2011-10-31,21,2.8
2011-11-30,21,2.7
2011-12-31,21,2.3
2012-01-31,21,13.8
2012-02-29,21,7.7
2012-03-31,21,15.9
2012-04-30,21,16.0
2012-05-31,21,2.2
2012-06-30,21,0.4
2012-07-31,21,0.1
2012-08-31,21,0.0
2012-09-30,21,0.0
2012-10-31,21,0.2
2012-11-30,21,2.9
2012-12-31,21,43.0
2013-01-31,21,7.0
2013-02-28,21,3.0
2013-03-31,21,5.3
2013-04-30,21,2.1
2013-05-31,21,0.7
2013-06-30,21,0.2
2013-07-31,21,0.0
2013-08-31,21,0.0
2013-09-30,21,0.0
2013-10-31,21,0.4
2013-11-30,21,1.0
2013-12-31,21,0.9
2014-01-31,21,0.6
2014-02-28,21,5.3
2014-03-31,21,10.3
2014-04-30,21,6.4
2014-05-31,21,1.7
2014-06-30,21,0.3
2014-07-31,21,0.0
2014-08-31,21,0.0
2014-09-30,21,0.0
1921-10-31,22,6.7
1921-11-30,22,4.0
1921-12-31,22,63.9
1922-01-31,22,52.3
1922-02-28,22,87.6
1922-03-31,22,81.3
1922-04-30,22,230.8
1922-05-31,22,641.6
1922-06-30,22,499.5
1922-07-31,22,281.6
1922-08-31,22,50.6
1922-09-30,22,13.2
1922-10-31,22,4.7
1922-11-30,22,34.5
1922-12-31,22,64.2
1923-01-31,22,63.9
1923-02-28,22,52.0
1923-03-31,22,116.3
1923-04-30,22,244.3
1923-05-31,22,350.0
1923-06-30,22,240.8
1923-07-31,22,274.0
1923-08-31,22,59.3
1923-09-30,22,20.6
1923-10-31,22,25.8
1923-11-30,22,25.1
1923-12-31,22,13.6
1924-01-31,22,12.4
1924-02-29,22,28.4
1924-03-31,22,65.7
1924-04-30,22,119.6
1924-05-31,22,230.9
1924-06-30,22,91.8
1924-07-31,22,37.3
1924-08-31,22,12.5
1924-09-30,22,1.9
1924-10-31,22,11.0
1924-11-30,22,79.6
1924-12-31,22,64.4
1925-01-31,22,29.3
1925-02-28,22,169.0
1925-03-31,22,181.4
1925-04-30,22,237.8
1925-05-31,22,376.6
1925-06-30,22,417.8
1925-07-31,22,195.1
1925-08-31,22,43.6
1925-09-30,22,15.0
1925-10-31,22,13.2
1925-11-30,22,19.4
1925-12-31,22,32.9
1926-01-31,22,34.6
1926-02-28,22,125.3
1926-03-31,22,150.9
1926-04-30,22,314.1
1926-05-31,22,360.0
1926-06-30,22,268.5
1926-07-31,22,71.3
1926-08-31,22,22.4
1926-09-30,22,4.3
1926-10-31,22,1.0
1926-11-30,22,106.9
1926-12-31,22,94.6
1927-01-31,22,40.8
1927-02-28,22,150.8
1927-03-31,22,148.2
1927-04-30,22,347.7
1927-05-31,22,456.7
1927-06-30,22,363.2
1927-07-31,22,168.9
1927-08-31,22,40.2
1927-09-30,22,10.7
1927-10-31,22,25.4
1927-11-30,22,110.3
1927-12-31,22,51.6
1928-01-31,22,36.7
1928-02-29,22,80.3
1928-03-31,22,236.3
1928-04-30,22,196.6
1928-05-31,22,399.1
1928-06-30,22,235.6
1928-07-31,22,64.0
1928-08-31,22,21.8
1928-09-30,22,4.5
1928-10-31,22,0.9
1928-11-30,22,10.8
1928-12-31,22,29.0
1929-01-31,22,24.3
1929-02-28,22,37.9
1929-03-31,22,131.2
1929-04-30,22,184.1
1929-05-31,22,392.3
1929-06-30,22,256.2
1929-07-31,22,132.6
1929-08-31,22,30.2
1929-09-30,22,7.4
1929-10-31,22,5.8
1929-11-30,22,3.5
1929-12-31,22,4.5
1930-01-31,22,31.4
1930-02-28,22,98.1
1930-03-31,22,154.2
1930-04-30,22,224.8
1930-05-31,22,210.1
1930-06-30,22,346.3
1930-07-31,22,87.9
1930-08-31,22,24.5
1930-09-30,22,5.2
1930-10-31,22,8.6
1930-11-30,22,20.2
1930-12-31,22,15.1
1931-01-31,22,29.1
1931-02-28,22,47.0
1931-03-31,22,88.5
1931-04-30,22,167.6
1931-05-31,22,306.0
1931-06-30,22,131.2
1931-07-31,22,47.3
1931-08-31,22,15.5
1931-09-30,22,5.0
1931-10-31,22,5.2
1931-11-30,22,14.4
1931-12-31,22,86.6
1932-01-31,22,50.3
1932-02-29,22,112.6
1932-03-31,22,201.9
1932-04-30,22,283.1
1932-05-31,22,436.7
1932-06-30,22,566.2
1932-07-31,22,387.2
1932-08-31,22,65.9
1932-09-30,22,18.7
1932-10-31,22,5.3
1932-11-30,22,4.1
1932-12-31,22,8.3
1933-01-31,22,40.5
1933-02-28,22,35.3
1933-03-31,22,146.5
1933-04-30,22,268.6
1933-05-31,22,265.6
1933-06-30,22,376.0
1933-07-31,22,112.1
1933-08-31,22,29.2
1933-09-30,22,6.7
1933-10-31,22,2.0
1933-11-30,22,10.8
1933-12-31,22,103.5
1934-01-31,22,71.4
1934-02-28,22,83.4
1934-03-31,22,199.2
1934-04-30,22,216.0
1934-05-31,22,263.7
1934-06-30,22,111.2
1934-07-31,22,66.4
1934-08-31,22,22.7
1934-09-30,22,5.8
1934-10-31,22,13.4
1934-11-30,22,82.1
1934-12-31,22,73.7
1935-01-31,22,97.3
1935-02-28,22,90.2
1935-03-31,22,111.8
1935-04-30,22,399.3
1935-05-31,22,408.7
1935-06-30,22,633.5
1935-07-31,22,217.6
1935-08-31,22,46.6
1935-09-30,22,14.5
1935-10-31,22,11.5
1935-11-30,22,17.2
1935-12-31,22,14.5
1936-01-31,22,83.0
1936-02-29,22,233.3
1936-03-31,22,204.2
1936-04-30,22,420.0
1936-05-31,22,513.2
1936-06-30,22,441.1
1936-07-31,22,203.2
1936-08-31,22,52.2
1936-09-30,22,15.9
1936-10-31,22,7.9
1936-11-30,22,20.4
1936-12-31,22,110.1
1937-01-31,22,47.8
1937-02-28,22,213.6
1937-03-31,22,216.2
1937-04-30,22,241.4
1937-05-31,22,681.5
1937-06-30,22,402.4
1937-07-31,22,256.6
1937-08-31,22,49.8
1937-09-30,22,12.9
1937-10-31,22,3.5
1937-11-30,22,6.9
1937-12-31,22,338.1
1938-01-31,22,88.7
1938-02-28,22,195.2
1938-03-31,22,257.3
1938-04-30,22,276.0
1938-05-31,22,593.9
1938-06-30,22,740.6
1938-07-31,22,423.1
1938-08-31,22,120.5
1938-09-30,22,28.1
1938-10-31,22,25.6
1938-11-30,22,33.2
1938-12-31,22,24.6
1939-01-31,22,44.7
1939-02-28,22,38.1
1939-03-31,22,138.3
1939-04-30,22,291.1
1939-05-31,22,226.2
1939-06-30,22,185.0
1939-07-31,22,60.5
1939-08-31,22,20.0
1939-09-30,22,7.9
1939-10-31,22,56.0
1939-11-30,22,37.6
1939-12-31,22,22.1
1940-01-31,22,187.7
1940-02-29,22,177.9
1940-03-31,22,255.2
1940-04-30,22,268.2
1940-05-31,22,574.3
1940-06-30,22,414.5
1940-07-31,22,120.1
1940-08-31,22,28.3
1940-09-30,22,6.4
1940-10-31,22,6.1
1940-11-30,22,19.5
1940-12-31,22,117.2
1941-01-31,22,102.0
1941-02-28,22,156.7
1941-03-31,22,164.3
1941-04-30,22,199.4
1941-05-31,22,581.4
1941-06-30,22,540.0
1941-07-31,22,409.9
1941-08-31,22,94.1
1941-09-30,22,30.7
1941-10-31,22,9.8
1941-11-30,22,16.1
1941-12-31,22,167.4
1942-01-31,22,93.3
1942-02-28,22,105.0
1942-03-31,22,119.2
1942-04-30,22,318.1
1942-05-31,22,405.3
1942-06-30,22,611.7
1942-07-31,22,348.9
1942-08-31,22,60.1
1942-09-30,22,16.5
1942-10-31,22,4.7
1942-11-30,22,62.7
1942-12-31,22,65.2
1943-01-31,22,178.5
1943-02-28,22,130.1
1943-03-31,22,317.7
1943-04-30,22,358.4
1943-05-31,22,504.1
1943-06-30,22,370.2
1943-07-31,22,258.8
1943-08-31,22,61.7
1943-09-30,22,17.7
1943-10-31,22,6.2
1943-11-30,22,9.3
1943-12-31,22,21.3
1944-01-31,22,44.1
1944-02-29,22,96.2
1944-03-31,22,123.5
1944-04-30,22,193.0
1944-05-31,22,451.7
1944-06-30,22,229.6
1944-07-31,22,190.6
1944-08-31,22,47.8
1944-09-30,22,13.8
1944-10-31,22,11.1
1944-11-30,22,138.8
1944-12-31,22,52.1
1945-01-31,22,29.1
1945-02-28,22,236.8
1945-03-31,22,106.0
1945-04-30,22,267.2
1945-05-31,22,460.3
1945-06-30,22,434.6
1945-07-31,22,256.3
1945-08-31,22,49.7
1945-09-30,22,15.4
1945-10-31,22,33.3
1945-11-30,22,87.3
1945-12-31,22,127.7
1946-01-31,22,60.2
1946-02-28,22,37.5
1946-03-31,22,159.2
1946-04-30,22,379.6
1946-05-31,22,369.4
1946-06-30,22,288.4
1946-07-31,22,105.7
1946-08-31,22,35.4
1946-09-30,22,12.7
1946-10-31,22,27.2
1946-11-30,22,116.4
1946-12-31,22,113.7
1947-01-31,22,51.1
1947-02-28,22,76.1
1947-03-31,22,148.7
1947-04-30,22,203.2
1947-05-31,22,366.9
1947-06-30,22,151.9
1947-07-31,22,55.2
1947-08-31,22,19.4
1947-09-30,22,6.6
1947-10-31,22,18.5
1947-11-30,22,30.2
1947-12-31,22,15.2
1948-01-31,22,16.2
1948-02-29,22,31.0
1948-03-31,22,76.8
1948-04-30,22,294.3
1948-05-31,22,397.2
1948-06-30,22,300.2
1948-07-31,22,183.8
1948-08-31,22,37.4
1948-09-30,22,8.7
1948-10-31,22,4.9
1948-11-30,22,13.5
1948-12-31,22,25.0
1949-01-31,22,19.9
1949-02-28,22,36.2
1949-03-31,22,132.3
1949-04-30,22,352.9
1949-05-31,22,332.8
1949-06-30,22,284.9
1949-07-31,22,75.0
1949-08-31,22,23.1
1949-09-30,22,8.2
1949-10-31,22,5.6
1949-11-30,22,15.7
1949-12-31,22,38.1
1950-01-31,22,49.0
1950-02-28,22,115.3
1950-03-31,22,161.9
1950-04-30,22,382.5
1950-05-31,22,369.7
1950-06-30,22,266.8
1950-07-31,22,79.7
1950-08-31,22,26.0
1950-09-30,22,7.4
1950-10-31,22,18.9
1950-11-30,22,362.2
1950-12-31,22,265.4
1951-01-31,22,69.7
1951-02-28,22,85.0
1951-03-31,22,118.5
1951-04-30,22,258.1
1951-05-31,22,401.7
1951-06-30,22,485.9
1951-07-31,22,197.3
1951-08-31,22,39.7
1951-09-30,22,10.5
1951-10-31,22,4.9
1951-11-30,22,27.8
1951-12-31,22,103.0
1952-01-31,22,135.8
1952-02-29,22,87.2
1952-03-31,22,124.5
1952-04-30,22,433.4
1952-05-31,22,708.1
1952-06-30,22,543.4
1952-07-31,22,385.7
1952-08-31,22,127.5
1952-09-30,22,41.6
1952-10-31,22,22.3
1952-11-30,22,14.8
1952-12-31,22,47.8
1953-01-31,22,75.4
1953-02-28,22,52.5
1953-03-31,22,106.4
1953-04-30,22,245.8
1953-05-31,22,230.6
1953-06-30,22,323.6
1953-07-31,22,236.0
1953-08-31,22,48.6
1953-09-30,22,13.8
1953-10-31,22,5.0
1953-11-30,22,16.1
1953-12-31,22,22.7
1954-01-31,22,67.8
1954-02-28,22,157.3
1954-03-31,22,231.4
1954-04-30,22,363.7
1954-05-31,22,452.4
1954-06-30,22,190.8
1954-07-31,22,86.9
1954-08-31,22,27.9
1954-09-30,22,7.1
1954-10-31,22,3.0
1954-11-30,22,21.3
1954-12-31,22,72.5
1955-01-31,22,56.0
1955-02-28,22,54.5
1955-03-31,22,98.6
1955-04-30,22,156.9
1955-05-31,22,373.4
1955-06-30,22,408.7
1955-07-31,22,117.9
1955-08-31,22,46.6
1955-09-30,22,14.4
1955-10-31,22,5.2
1955-11-30,22,6.4
1955-12-31,22,369.1
1956-01-31,22,200.0
1956-02-29,22,88.2
1956-03-31,22,130.3
1956-04-30,22,366.4
1956-05-31,22,588.6
1956-06-30,22,575.3
1956-07-31,22,413.7
1956-08-31,22,143.9
1956-09-30,22,48.6
1956-10-31,22,27.0
1956-11-30,22,21.4
1956-12-31,22,15.2
1957-01-31,22,46.7
1957-02-28,22,91.6
1957-03-31,22,160.0
1957-04-30,22,156.5
1957-05-31,22,341.8
1957-06-30,22,401.0
1957-07-31,22,117.1
1957-08-31,22,28.2
1957-09-30,22,7.5
1957-10-31,22,11.2
1957-11-30,22,19.7
1957-12-31,22,70.6
1958-01-31,22,60.6
1958-02-28,22,161.1
1958-03-31,22,217.7
1958-04-30,22,367.6
1958-05-31,22,812.9
1958-06-30,22,425.5
1958-07-31,22,293.8
1958-08-31,22,67.6
1958-09-30,22,30.7
1958-10-31,22,26.9
1958-11-30,22,11.6
1958-12-31,22,7.4
1959-01-31,22,46.7
1959-02-28,22,114.7
1959-03-31,22,155.1
1959-04-30,22,278.6
1959-05-31,22,206.0
1959-06-30,22,166.1
1959-07-31,22,50.9
1959-08-31,22,15.3
1959-09-30,22,61.5
1959-10-31,22,51.9
1959-11-30,22,21.7
1959-12-31,22,8.8
1960-01-31,22,21.4
1960-02-29,22,121.5
1960-03-31,22,181.6
1960-04-30,22,299.2
1960-05-31,22,291.5
1960-06-30,22,204.3
1960-07-31,22,51.0
1960-08-31,22,17.9
1960-09-30,22,6.0
1960-10-31,22,7.3
1960-11-30,22,32.1
1960-12-31,22,47.5
1961-01-31,22,22.7
1961-02-28,22,52.1
1961-03-31,22,100.5
1961-04-30,22,220.1
1961-05-31,22,219.7
1961-06-30,22,223.6
1961-07-31,22,63.9
1961-08-31,22,21.1
1961-09-30,22,12.5
1961-10-31,22,13.3
1961-11-30,22,14.8
1961-12-31,22,36.3
1962-01-31,22,23.0
1962-02-28,22,303.0
1962-03-31,22,119.7
1962-04-30,22,501.3
1962-05-31,22,350.5
1962-06-30,22,419.4
1962-07-31,22,244.6
1962-08-31,22,51.7
1962-09-30,22,15.9
1962-10-31,22,23.7
1962-11-30,22,20.4
1962-12-31,22,12.6
1963-01-31,22,207.3
1963-02-28,22,359.7
1963-03-31,22,127.9
1963-04-30,22,222.3
1963-05-31,22,535.4
1963-06-30,22,410.8
1963-07-31,22,351.8
1963-08-31,22,119.5
1963-09-30,22,33.2
1963-10-31,22,28.5
1963-11-30,22,96.1
1963-12-31,22,58.5
1964-01-31,22,37.8
1964-02-29,22,27.3
1964-03-31,22,71.8
1964-04-30,22,219.9
1964-05-31,22,333.0
1964-06-30,22,233.6
1964-07-31,22,85.0
1964-08-31,22,27.9
1964-09-30,22,11.1
1964-10-31,22,7.0
1964-11-30,22,70.5
1964-12-31,22,189.4
1965-01-31,22,146.0
1965-02-28,22,80.5
1965-03-31,22,119.7
1965-04-30,22,290.3
1965-05-31,22,543.4
1965-06-30,22,511.5
1965-07-31,22,383.0
1965-08-31,22,108.4
1965-09-30,22,36.1
1965-10-31,22,13.2
1965-11-30,22,101.7
1965-12-31,22,76.6
1966-01-31,22,35.7
1966-02-28,22,38.5
1966-03-31,22,120.9
1966-04-30,22,350.9
1966-05-31,22,350.3
1966-06-30,22,149.7
1966-07-31,22,54.9
1966-08-31,22,18.6
1966-09-30,22,5.9
1966-10-31,22,6.1
1966-11-30,22,31.7
1966-12-31,22,239.0
1967-01-31,22,67.4
1967-02-28,22,98.4
1967-03-31,22,279.1
1967-04-30,22,184.3
1967-05-31,22,711.5
1967-06-30,22,713.9
1967-07-31,22,644.0
1967-08-31,22,135.9
1967-09-30,22,35.5
1967-10-31,22,27.9
1967-11-30,22,15.7
1967-12-31,22,37.1
1968-01-31,22,36.2
1968-02-29,22,85.2
1968-03-31,22,146.0
1968-04-30,22,185.6
1968-05-31,22,256.3
1968-06-30,22,224.2
1968-07-31,22,53.0
1968-08-31,22,18.7
1968-09-30,22,7.8
1968-10-31,22,14.6
1968-11-30,22,60.9
1968-12-31,22,94.1
1969-01-31,22,366.9
1969-02-28,22,193.9
1969-03-31,22,144.2
1969-04-30,22,460.7
1969-05-31,22,969.5
1969-06-30,22,701.6
1969-07-31,22,520.0
1969-08-31,22,209.2
1969-09-30,22,46.1
1969-10-31,22,31.1
1969-11-30,22,38.2
1969-12-31,22,50.9
1970-01-31,22,155.5
1970-02-28,22,114.0
1970-03-31,22,170.3
1970-04-30,22,154.2
1970-05-31,22,497.1
1970-06-30,22,451.4
1970-07-31,22,152.2
1970-08-31,22,34.5
1970-09-30,22,9.4
1970-10-31,22,3.7
1970-11-30,22,51.4
1970-12-31,22,111.3
1971-01-31,22,42.4
1971-02-28,22,65.8
1971-03-31,22,139.0
1971-04-30,22,230.0
1971-05-31,22,256.7
1971-06-30,22,413.6
1971-07-31,22,254.8
1971-08-31,22,53.6
1971-09-30,22,20.0
1971-10-31,22,13.6
1971-11-30,22,26.0
1971-12-31,22,76.8
1972-01-31,22,27.9
1972-02-29,22,58.2
1972-03-31,22,244.4
1972-04-30,22,165.8
1972-05-31,22,296.3
1972-06-30,22,289.0
1972-07-31,22,76.4
1972-08-31,22,23.5
1972-09-30,22,17.4
1972-10-31,22,20.4
1972-11-30,22,39.5
1972-12-31,22,28.8
1973-01-31,22,88.4
1973-02-28,22,136.9
1973-03-31,22,112.8
1973-04-30,22,241.1
1973-05-31,22,727.4
1973-06-30,22,406.2
1973-07-31,22,160.7
1973-08-31,22,36.4
1973-09-30,22,13.1
1973-10-31,22,12.8
1973-11-30,22,125.6
1973-12-31,22,104.1
1974-01-31,22,103.7
1974-02-28,22,72.6
1974-03-31,22,236.3
1974-04-30,22,286.2
1974-05-31,22,511.0
1974-06-30,22,514.8
1974-07-31,22,142.1
1974-08-31,22,40.4
1974-09-30,22,14.6
1974-10-31,22,8.8
1974-11-30,22,24.5
1974-12-31,22,59.2
1975-01-31,22,47.8
1975-02-28,22,145.9
1975-03-31,22,214.8
1975-04-30,22,143.8
1975-05-31,22,585.1
1975-06-30,22,520.7
1975-07-31,22,150.9
1975-08-31,22,38.5
1975-09-30,22,19.7
1975-10-31,22,52.5
1975-11-30,22,57.8
1975-12-31,22,22.1
1976-01-31,22,11.6
1976-02-29,22,59.8
1976-03-31,22,98.8
1976-04-30,22,110.0
1976-05-31,22,287.5
1976-06-30,22,105.0
1976-07-31,22,46.0
1976-08-31,22,24.3
1976-09-30,22,38.4
1976-10-31,22,43.6
1976-11-30,22,18.8
1976-12-31,22,8.5
1977-01-31,22,23.3
1977-02-28,22,25.1
1977-03-31,22,49.0
1977-04-30,22,105.6
1977-05-31,22,125.6
1977-06-30,22,199.7
1977-07-31,22,54.7
1977-08-31,22,17.7
1977-09-30,22,5.8
1977-10-31,22,5.7
1977-11-30,22,14.9
1977-12-31,22,117.1
1978-01-31,22,211.9
1978-02-28,22,203.9
1978-03-31,22,368.2
1978-04-30,22,317.3
1978-05-31,22,579.9
1978-06-30,22,713.8
1978-07-31,22,413.4
1978-08-31,22,184.5
1978-09-30,22,100.3
1978-10-31,22,35.8
1978-11-30,22,16.7
1978-12-31,22,26.2
1979-01-31,22,86.2
1979-02-28,22,101.1
1979-03-31,22,231.3
1979-04-30,22,268.9
1979-05-31,22,601.6
1979-06-30,22,392.7
1979-07-31,22,156.5
1979-08-31,22,47.7
1979-09-30,22,14.8
1979-10-31,22,12.7
1979-11-30,22,48.6
1979-12-31,22,50.8
1980-01-31,22,292.2
1980-02-29,22,310.7
1980-03-31,22,187.1
1980-04-30,22,309.8
1980-05-31,22,449.7
1980-06-30,22,538.9
1980-07-31,22,512.1
1980-08-31,22,207.4
1980-09-30,22,38.4
1980-10-31,22,15.7
1980-11-30,22,12.4
1980-12-31,22,23.5
1981-01-31,22,44.4
1981-02-28,22,85.8
1981-03-31,22,178.8
1981-04-30,22,265.8
1981-05-31,22,359.1
1981-06-30,22,261.0
1981-07-31,22,60.5
1981-08-31,22,18.4
1981-09-30,22,5.5
1981-10-31,22,17.4
1981-11-30,22,164.7
1981-12-31,22,100.1
1982-01-31,22,127.3
1982-02-28,22,204.5
1982-03-31,22,292.4
1982-04-30,22,461.1
1982-05-31,22,573.5
1982-06-30,22,561.3
1982-07-31,22,434.1
1982-08-31,22,178.0
1982-09-30,22,82.7
1982-10-31,22,138.2
1982-11-30,22,175.1
1982-12-31,22,154.9
1983-01-31,22,106.6
1983-02-28,22,193.3
1983-03-31,22,295.9
1983-04-30,22,196.5
1983-05-31,22,619.3
1983-06-30,22,956.1
1983-07-31,22,557.3
1983-08-31,22,242.5
1983-09-30,22,80.3
1983-10-31,22,56.3
1983-11-30,22,128.6
1983-12-31,22,172.2
1984-01-31,22,74.1
1984-02-29,22,106.5
1984-03-31,22,192.0
1984-04-30,22,220.7
1984-05-31,22,551.1
1984-06-30,22,371.3
1984-07-31,22,125.8
1984-08-31,22,36.6
1984-09-30,22,13.3
1984-10-31,22,14.0
1984-11-30,22,78.1
1984-12-31,22,56.6
1985-01-31,22,21.1
1985-02-28,22,55.4
1985-03-31,22,129.8
1985-04-30,22,343.1
1985-05-31,22,248.6
1985-06-30,22,199.8
1985-07-31,22,66.4
1985-08-31,22,25.0
1985-09-30,22,14.1
1985-10-31,22,34.5
1985-11-30,22,56.3
1985-12-31,22,89.7
1986-01-31,22,108.8
1986-02-28,22,548.6
1986-03-31,22,364.6
1986-04-30,22,248.7
1986-05-31,22,443.0
1986-06-30,22,587.3
1986-07-31,22,264.1
1986-08-31,22,66.5
1986-09-30,22,24.5
1986-10-31,22,21.0
1986-11-30,22,13.1
1986-12-31,22,8.8
1987-01-31,22,16.7
1987-02-28,22,91.0
1987-03-31,22,128.1
1987-04-30,22,271.0
1987-05-31,22,255.3
1987-06-30,22,127.0
1987-07-31,22,49.0
1987-08-31,22,17.3
1987-09-30,22,7.0
1987-10-31,22,9.2
1987-11-30,22,63.4
1987-12-31,22,48.3
1988-01-31,22,80.8
1988-02-29,22,79.8
1988-03-31,22,146.3
1988-04-30,22,203.1
1988-05-31,22,294.8
1988-06-30,22,213.3
1988-07-31,22,81.8
1988-08-31,22,29.1
1988-09-30,22,11.3
1988-10-31,22,7.9
1988-11-30,22,20.9
1988-12-31,22,44.7
1989-01-31,22,26.6
1989-02-28,22,50.3
1989-03-31,22,298.8
1989-04-30,22,415.4
1989-05-31,22,273.5
1989-06-30,22,169.1
1989-07-31,22,74.6
1989-08-31,22,27.4
1989-09-30,22,21.5
1989-10-31,22,64.0
1989-11-30,22,54.6
1989-12-31,22,28.0
1990-01-31,22,54.5
1990-02-28,22,57.2
1990-03-31,22,181.1
1990-04-30,22,226.7
1990-05-31,22,224.6
1990-06-30,22,186.8
1990-07-31,22,84.9
1990-08-31,22,30.5
1990-09-30,22,10.6
1990-10-31,22,10.6
1990-11-30,22,11.7
1990-12-31,22,11.7
1991-01-31,22,10.5
1991-02-28,22,41.7
1991-03-31,22,290.1
1991-04-30,22,171.5
1991-05-31,22,331.3
1991-06-30,22,424.6
1991-07-31,22,167.2
1991-08-31,22,41.8
1991-09-30,22,15.2
1991-10-31,22,16.6
1991-11-30,22,36.4
1991-12-31,22,32.9
1992-01-31,22,45.7
1992-02-29,22,104.1
1992-03-31,22,148.9
1992-04-30,22,299.5
1992-05-31,22,318.5
1992-06-30,22,120.4
1992-07-31,22,66.3
1992-08-31,22,34.6
1992-09-30,22,11.6
1992-10-31,22,12.9
1992-11-30,22,40.1
1992-12-31,22,75.4
1993-01-31,22,159.7
1993-02-28,22,154.2
1993-03-31,22,323.3
1993-04-30,22,314.1
1993-05-31,22,591.1
1993-06-30,22,513.3
1993-07-31,22,376.7
1993-08-31,22,90.6
1993-09-30,22,24.9
1993-10-31,22,11.2
1993-11-30,22,17.4
1993-12-31,22,35.9
1994-01-31,22,31.1
1994-02-28,22,88.9
1994-03-31,22,151.5
1994-04-30,22,203.5
1994-05-31,22,277.3
1994-06-30,22,193.8
1994-07-31,22,53.2
1994-08-31,22,17.3
1994-09-30,22,5.8
1994-10-31,22,54.7
1994-11-30,22,57.3
1994-12-31,22,45.5
1995-01-31,22,218.2
1995-02-28,22,128.2
1995-03-31,22,538.4
1995-04-30,22,295.8
1995-05-31,22,572.6
1995-06-30,22,609.7
1995-07-31,22,674.7
1995-08-31,22,279.6
1995-09-30,22,53.4
1995-10-31,22,18.6
1995-11-30,22,6.5
1995-12-31,22,56.7
1996-01-31,22,96.6
1996-02-29,22,258.7
1996-03-31,22,258.7
1996-04-30,22,359.9
1996-05-31,22,575.2
1996-06-30,22,527.1
1996-07-31,22,196.4
1996-08-31,22,49.3
1996-09-30,22,16.3
1996-10-31,22,7.4
1996-11-30,22,135.7
1996-12-31,22,217.2
1997-01-31,22,391.4
1997-02-28,22,91.6
1997-03-31,22,237.1
1997-04-30,22,284.7
1997-05-31,22,661.9
1997-06-30,22,485.1
1997-07-31,22,242.0
1997-08-31,22,61.8
1997-09-30,22,22.4
1997-10-31,22,14.0
1997-11-30,22,17.8
1997-12-31,22,57.5
1998-01-31,22,131.2
1998-02-28,22,222.6
1998-03-31,22,218.9
1998-04-30,22,264.6
1998-05-31,22,376.7
1998-06-30,22,629.5
1998-07-31,22,720.5
1998-08-31,22,239.9
1998-09-30,22,53.7
1998-10-31,22,31.4
1998-11-30,22,24.3
1998-12-31,22,52.8
1999-01-31,22,98.7
1999-02-28,22,137.4
1999-03-31,22,118.6
1999-04-30,22,232.5
1999-05-31,22,394.6
1999-06-30,22,392.7
1999-07-31,22,186.1
1999-08-31,22,39.2
1999-09-30,22,13.1
1999-10-31,22,10.6
1999-11-30,22,21.4
1999-12-31,22,23.8
2000-01-31,22,115.5
2000-02-29,22,261.7
2000-03-31,22,177.7
2000-04-30,22,358.8
2000-05-31,22,502.4
2000-06-30,22,378.1
2000-07-31,22,96.4
2000-08-31,22,26.7
2000-09-30,22,13.5
2000-10-31,22,18.4
2000-11-30,22,35.7
2000-12-31,22,18.2
2001-01-31,22,49.3
2001-02-28,22,89.3
2001-03-31,22,185.1
2001-04-30,22,265.2
2001-05-31,22,538.3
2001-06-30,22,193.7
2001-07-31,22,50.3
2001-08-31,22,22.4
2001-09-30,22,7.5
2001-10-31,22,7.9
2001-11-30,22,59.6
2001-12-31,22,130.4
2002-01-31,22,106.4
2002-02-28,22,86.9
2002-03-31,22,156.7
2002-04-30,22,258.1
2002-05-31,22,301.4
2002-06-30,22,379.9
2002-07-31,22,87.0
2002-08-31,22,25.1
2002-09-30,22,8.4
2002-10-31,22,8.5
2002-11-30,22,149.7
2002-12-31,22,135.6
2003-01-31,22,73.7
2003-02-28,22,70.0
2003-03-31,22,102.9
2003-04-30,22,151.0
2003-05-31,22,519.9
2003-06-30,22,580.8
2003-07-31,22,85.0
2003-08-31,22,35.3
2003-09-30,22,18.5
2003-10-31,22,9.7
2003-11-30,22,12.6
2003-12-31,22,110.5
2004-01-31,22,91.6
2004-02-29,22,92.4
2004-03-31,22,261.0
2004-04-30,22,162.9
2004-05-31,22,270.8
2004-06-30,22,309.1
2004-07-31,22,115.5
2004-08-31,22,37.3
2004-09-30,22,12.8
2004-10-31,22,67.3
2004-11-30,22,81.0
2004-12-31,22,96.5
2005-01-31,22,239.2
2005-02-28,22,163.8
2005-03-31,22,261.4
2005-04-30,22,195.4
2005-05-31,22,699.1
2005-06-30,22,583.8
2005-07-31,22,376.4
2005-08-31,22,75.2
2005-09-30,22,25.1
2005-10-31,22,13.6
2005-11-30,22,17.6
2005-12-31,22,260.1
2006-01-31,22,283.3
2006-02-28,22,140.7
2006-03-31,22,207.6
2006-04-30,22,385.3
2006-05-31,22,684.0
2006-06-30,22,666.2
2006-07-31,22,264.3
2006-08-31,22,61.5
2006-09-30,22,18.1
2006-10-31,22,10.9
2006-11-30,22,19.7
2006-12-31,22,44.4
2007-01-31,22,44.4
2007-02-28,22,128.3
2007-03-31,22,218.6
2007-04-30,22,175.2
2007-05-31,22,203.9
2007-06-30,22,104.8
2007-07-31,22,46.4
2007-08-31,22,16.6
2007-09-30,22,9.2
2007-10-31,22,13.1
2007-11-30,22,15.4
2007-12-31,22,36.2
2008-01-31,22,125.5
2008-02-29,22,106.7
2008-03-31,22,151.7
2008-04-30,22,190.1
2008-05-31,22,378.5
2008-06-30,22,272.2
2008-07-31,22,96.5
2008-08-31,22,31.9
2008-09-30,22,9.3
2008-10-31,22,16.0
2008-11-30,22,90.0
2008-12-31,22,69.1
2009-01-31,22,154.9
2009-02-28,22,151.7
2009-03-31,22,185.4
2009-04-30,22,224.4
2009-05-31,22,542.5
2009-06-30,22,168.5
2009-07-31,22,100.0
2009-08-31,22,35.2
2009-09-30,22,13.3
2009-10-31,22,108.8
2009-11-30,22,55.5
2009-12-31,22,72.0
2010-01-31,22,96.8
2010-02-28,22,120.7
2010-03-31,22,169.0
2010-04-30,22,223.7
2010-05-31,22,314.6
2010-06-30,22,638.7
2010-07-31,22,283.6
2010-08-31,22,57.5
2010-09-30,22,17.2
2010-10-31,22,64.6
2010-11-30,22,95.7
2010-12-31,22,269.8
2011-01-31,22,139.7
2011-02-28,22,118.1
2011-03-31,22,201.4
2011-04-30,22,340.6
2011-05-31,22,438.4
2011-06-30,22,645.3
2011-07-31,22,522.4
2011-08-31,22,145.3
2011-09-30,22,36.3
2011-10-31,22,27.7
2011-11-30,22,34.6
2011-12-31,22,21.0
2012-01-31,22,68.3
2012-02-29,22,57.1
2012-03-31,22,90.8
2012-04-30,22,320.0
2012-05-31,22,268.8
2012-06-30,22,87.0
2012-07-31,22,35.9
2012-08-31,22,12.8
2012-09-30,22,6.6
2012-10-31,22,6.3
2012-11-30,22,15.6
2012-12-31,22,214.6
2013-01-31,22,255.2
2013-02-28,22,136.9
2013-03-31,22,268.2
2013-04-30,22,319.3
2013-05-31,22,299.6
2013-06-30,22,211.0
2013-07-31,22,60.9
2013-08-31,22,20.5
2013-09-30,22,7.7
2013-10-31,22,6.6
2013-11-30,22,9.4
2013-12-31,22,12.4
2014-01-31,22,17.0
2014-02-28,22,39.7
2014-03-31,22,123.7
2014-04-30,22,188.8
2014-05-31,22,193.2
2014-06-30,22,82.0
2014-07-31,22,31.4
2014-08-31,22,14.4
2014-09-30,22,8.5
