Year, Month, AMF, BLB, BND, FTO, MRC, SHA, SJF, SNS, TLG, TNL, YRS
1922, 10,   3.247726,   1.269820,   8.807711,   6.356672,   0.543435,   9.401120,   3.643769,   1.666487,   2.747999,  12.487570,   9.773058
1922, 11,   6.753107,   6.463386,  12.546504,  11.902946,   0.546037,  13.774253,   2.471623,   4.398226,   1.235343,  16.340765,  14.449141
1922, 12,  50.923824,  32.426463,  25.566001,  39.690072,  34.340374,  21.560076,  24.699476,  32.241196,  41.789206,  39.142421,  71.392552
1922,  1,  26.355532,  12.014346,  15.027136,  24.694886,  19.012380,  13.167046,  16.144898,  14.213364,  18.073377,  52.200548,  30.703841
1922,  2, 188.848700,  90.669130,  39.411892, 120.296918,  63.649378,  36.871004,  26.064306,  45.292287,  54.908715,  49.090196, 241.543743
1922,  3, 126.073462,  37.239544,  33.631146,  82.357934,  66.821009,  28.346689,  49.442205,  57.080648,  77.266148,  60.999603, 147.839312
1922,  4, 120.886766,  14.924348,  22.622273,  78.604663,  51.292677,  21.127092,  76.758801,  49.762490,  60.421433,  70.780609, 133.380199
1922,  5, 151.871923,   4.588845,  22.538654, 110.153721, 117.474119,  23.684211, 153.384141, 126.802406, 165.640552, 150.611415, 220.476130
1922,  6,  49.612933,   0.725004,  16.401873,  41.374782, 132.784245,  16.152587, 202.043729,  90.063726, 227.369782, 104.346718,  99.509674
1922,  7,  16.578532,   0.038710,  10.216052,  19.755665,  31.340472,  11.135743, 115.367092,  22.745344,  76.005951,  51.394611,  18.936202
1922,  8,   4.777346,   0.141607,   7.830907,  11.186212,   5.150342,   9.031158,  29.805721,   5.265096,  17.867424,  26.551273,   4.791461
1922,  9,   0.663216,   0.000002,   4.300623,   4.822249,   0.383081,   4.707459,   7.595441,   0.597546,   3.292321,  13.058824,   0.694622
1923, 10,   7.076565,   7.904306,  14.468056,  15.202815,   3.767231,  15.534751,   7.842458,   5.479638,  12.729570,  18.309113,  17.020693
1923, 11,  27.766910,  21.135911,  14.765613,  29.863497,  14.592766,  16.036384,  16.651147,  19.823094,  20.290459,  16.519448,  42.055947
1923, 12, 133.756378,  70.650488,  30.260127,  56.677471,  30.329553,  27.919571,  21.351237,  39.680810,  40.650048,  20.184223, 123.079793
1923,  1, 112.684303,  48.854252,  32.238241,  62.174021,  35.695147,  29.873208,  23.816858,  53.364275,  40.335907,  43.004668, 103.881227
1923,  2,  70.725237,  19.501329,  18.758560,  37.602784,  25.841362,  17.577884,  20.187463,  34.179516,  25.848528,  37.537330,  60.115370
1923,  3,  54.498699,   3.132770,  10.086320,  36.852947,  20.964923,   9.624304,  28.975542,  36.730773,  33.006558,  41.558343,  52.739985
1923,  4, 128.254332,  50.844484,  34.840676,  66.417714,  71.691253,  30.923616,  69.039506,  76.189026,  92.004226, 114.979402, 143.530582
1923,  5,  85.857477,   3.425004,  14.954582,  27.434386, 117.185411,  16.606461, 131.065070,  95.358987, 166.242640, 135.410832, 104.937292
1923,  6,  31.941767,   2.053530,  18.408021,  23.437411,  80.607315,  21.211428, 111.616647,  45.588168, 136.484616,  85.236700,  65.707423
1923,  7,   8.619226,   0.003794,   7.408033,   9.420088,  23.309003,   7.706109,  84.847678,  15.189320,  71.703975,  49.201200,  14.714288
1923,  8,   2.859715,   0.000000,   6.341794,   5.496068,   3.715624,   7.170835,  21.272465,   4.566821,  16.006176,  25.171796,   4.264336
1923,  9,   9.435007,   8.832032,  12.837431,  14.193561,   8.472134,  14.748206,  18.838003,  11.549162,  19.274216,  17.334928,  19.687992
1924, 10,   5.873905,   1.888485,  10.222433,  10.664538,   3.801726,  12.718372,   9.256714,   4.282973,   8.530690,  18.223634,   9.268113
1924, 11,   2.376356,   1.822189,   4.968660,   2.465346,   1.694761,   4.896023,   4.130277,   2.206854,   4.619136,  12.258409,   3.851138
1924, 12,  11.762160,   7.065172,   7.474198,   7.949665,   2.990979,   8.562930,   1.254707,   4.600522,   5.911625,  21.567713,  19.871024
1924,  1,  16.546753,  20.054855,  11.060948,  13.654335,  11.179989,  11.762905,   7.552893,  13.799116,  18.796414,  19.471515,  25.327995
1924,  2,  32.186642,  22.029087,  17.493292,  41.083709,   7.068629,  16.095386,   6.329992,  25.842221,  19.216347,  70.065870,  45.984085
1924,  3,  18.559733,   6.321226,   8.554900,  10.995012,  12.621413,   8.963835,  16.735723,  21.240837,  20.826375,  41.406141,  19.292218
1924,  4,  37.542040,   2.050794,   6.063930,  16.403156,  17.288393,   6.194356,  26.895044,  33.438724,  36.076487,  30.299104,  40.593643
1924,  5,  14.785699,   0.851004,   1.986340,   3.406835,  31.134398,   1.656779,  60.820194,  22.084422,  72.585905,  16.203611,   9.073466
1924,  6,   3.795174,   0.379382,   1.938496,   1.859748,   5.012042,   1.833659,  32.729940,   3.750034,  15.875425,   6.469000,   1.792517
1924,  7,   0.592970,   1.148429,   1.244131,   0.400157,   0.510795,   1.246727,   8.310526,   0.606908,   3.297592,   0.754674,   0.193531
1924,  8,   0.075709,   0.584767,   2.954543,   0.707500,   0.008404,   2.975907,   1.991890,   0.062539,   0.320441,   0.757331,   0.025895
1924,  9,   0.844724,   0.340896,   1.903308,   2.302944,   0.000000,   2.405573,   0.373796,   1.082638,   0.135700,   0.270954,   0.811337
1925, 10,  17.295275,  18.595180,  16.940659,  15.810928,  14.715562,  18.045865,  18.066192,  16.545409,  25.013985,  12.470731,  43.238137
1925, 11,  17.120494,  14.161597,  17.163635,  19.315100,  14.220155,  19.432277,  16.924171,  14.644779,  15.742114,  74.926054,  25.153196
1925, 12,  27.189648,  66.260432,  18.522300,  18.761101,  11.397691,  15.862486,  13.498283,  16.715716,  18.760507,  80.312107,  41.745531
1925,  1,  31.330001,  24.457070,  19.510446,  17.280924,   8.829207,  21.307958,   8.892616,   9.356574,  12.976254,  76.738790,  43.533310
1925,  2, 157.667827, 147.098310,  72.614559,  94.968221,  63.970364,  57.629590,  45.517267,  95.833046,  96.211906, 246.143370, 202.932372
1925,  3,  64.349809,  36.439602,  27.361272,  38.955076,  57.761947,  23.986623,  57.612366,  58.344873,  84.139701, 167.403476,  98.580256
1925,  4, 107.486191,  58.870859,  40.891162,  50.129269,  84.685597,  34.891114,  74.885443,  84.501331, 114.832780, 219.741093, 131.350753
1925,  5,  58.517036,  43.871011,  26.610129,  31.128105, 100.353653,  26.790801, 120.807707,  63.248101, 156.896400, 172.025707,  82.757100
1925,  6,  28.310510,   5.551871,  19.194555,  21.836600,  56.516895,  19.141624, 103.969200,  32.024053, 110.285184, 102.361722,  35.227915
1925,  7,  10.284621,   0.171759,  10.189459,   8.574889,  14.043662,  10.156333,  39.053049,   9.048490,  32.370069,  51.498134,   5.986248
1925,  8,   3.176085,   0.070015,   9.269737,   7.829277,   3.091986,  10.259999,  13.032568,   4.137832,   9.892916,  25.511906,   5.026954
1925,  9,   3.424264,   2.326403,  16.414114,  13.232797,   0.889261,  20.438309,   3.653895,   2.095147,   4.724163,  23.937236,   8.514007
1926, 10,   7.597188,   0.377133,   7.981692,  10.698051,   7.297877,   9.828754,  14.330953,   5.909623,  11.807594,  13.895961,  12.860436
1926, 11,  10.096259,   4.629251,  14.650151,  15.509504,   3.917088,  15.484525,   5.863966,   7.908927,   8.841515,  24.380260,  25.679431
1926, 12,  17.886755,   9.282314,  13.674584,  14.268355,   8.171594,  13.175454,   8.599049,   8.253601,  11.854794,  43.095312,  26.523542
1926,  1,  14.688807,  26.252042,  19.165121,  19.215476,  14.005791,  17.027376,  17.832915,  19.944641,  19.966065,  47.106882,  45.329331
1926,  2, 136.217819,  97.728256,  56.268418, 119.808895,  44.257967,  46.778757,  41.851153,  43.749979,  56.221133, 190.037325, 183.838824
1926,  3,  49.418079,   9.252414,  14.202921,  34.561603,  25.627143,  12.939240,  40.048130,  30.280335,  38.445490, 107.350094,  73.652752
1926,  4, 112.543299,  66.147958,  34.308417,  92.606908, 108.579265,  29.748583, 107.429289,  53.785745, 121.562124,  99.812338, 176.403812
1926,  5,  33.183291,   5.294791,  15.253524,  38.156171,  72.128235,  15.740638, 120.365057,  18.712510, 102.906307,  62.721224,  57.095857
1926,  6,   9.147028,   0.126839,   6.294676,  15.377236,  20.798000,   5.851614,  50.250980,   4.004695,  35.250473,  29.718931,  11.654414
1926,  7,   1.573088,   0.004683,   5.508016,   8.617821,   5.075200,   5.406863,  15.601937,   1.598104,  11.237197,   9.227842,   1.924941
1926,  8,   0.036095,   0.047756,   4.870215,   4.043894,   0.287673,   4.482138,   3.808535,   0.055841,   1.227985,   1.029803,   0.542041
1926,  9,   0.014911,   0.000942,   2.984722,   2.302203,   0.005486,   2.926427,   0.667397,   0.000421,   0.063681,   0.218336,   0.579770
1927, 10,   6.979752,   4.877063,   9.478565,  12.605739,   0.716672,  10.529439,   4.084084,   2.936268,   2.216289,   5.856869,  19.422811
1927, 11,  69.577930,  31.268878,  51.008800,  66.445216,  40.006212,  55.251715,  39.110573,  45.368451,  53.300796,  92.996346, 118.390774
1927, 12,  23.734039,  43.640784,  31.635388,  29.524609,   6.242752,  26.829241,   6.399458,   9.541032,   6.013958, 172.897693,  15.662879
1927,  1,  71.963579,  48.347309,  43.554986,  51.066055,  25.451028,  40.327942,  20.488714,  30.879978,  32.936314, 180.436202, 126.507313
1927,  2, 195.171077, 134.504196,  84.365231, 158.573262,  76.933367,  64.399111,  57.165820,  73.471404,  86.137570, 346.177028, 320.510350
1927,  3,  94.885209,  35.382777,  47.617707,  84.602947,  49.604697,  34.846698,  57.322266,  53.892077,  64.587434, 230.091751, 152.168172
1927,  4, 170.634053,  26.662023,  52.404110, 103.747067,  98.613075,  43.421499,  97.660690,  92.891782, 119.903769, 226.520402, 191.765352
1927,  5,  70.317198,   4.070127,  29.195114,  51.088258, 130.918335,  28.303110, 160.918138,  47.910515, 163.612132, 122.415765, 131.365719
1927,  6,  24.985761,   1.323345,  17.706907,  28.847683,  59.536573,  16.570212, 133.891721,  20.240352, 108.399775,  73.031985,  48.817523
1927,  7,   5.991474,   0.007742,  11.030638,  13.249995,  10.554742,   9.872957,  43.070620,   3.515050,  24.069737,  34.013082,   9.031844
1927,  8,   1.231448,   0.000043,   8.218408,   6.548267,   2.076638,   7.765967,  11.152486,   0.749256,   5.330634,  11.611404,   1.872748
1927,  9,   0.628988,   0.001043,   7.263867,   4.843694,   0.809937,   7.496473,   5.721000,   0.353354,   2.382807,   5.217714,   2.063475
1928, 10,   7.516716,   3.486406,  10.652807,   8.263776,  16.951628,  10.358639,  22.247458,  16.093788,  28.837792,   5.155524,  16.067974
1928, 11,  38.417792,  15.666055,  38.221336,  51.953497,  15.409710,  42.097101,  20.538619,  16.314159,  24.681930,  49.881707,  67.511161
1928, 12,  17.671525,  28.928053,  15.083283,  14.981300,  10.358554,   9.930519,   6.180331,  10.705767,  16.733154,  43.309783,  26.422878
1928,  1,  30.779974,  27.046856,  23.931026,  33.131489,   8.778755,  22.967419,  10.543913,  14.747907,  14.236805,  67.156340,  39.946368
1928,  2,  37.300593,  52.504778,  26.942969,  43.508475,  18.561883,  21.795362,  19.067583,  19.464535,  21.281697, 102.888558,  48.971809
1928,  3, 222.783572,  57.936440,  57.776127, 117.841092,  95.331662,  48.101900,  69.490997, 116.583631, 135.602854, 158.051996, 313.747698
1928,  4, 107.414787,  30.616199,  39.247298,  81.727714,  84.073673,  29.682426,  81.224349,  71.982180, 117.630916, 150.382876, 159.222370
1928,  5,  47.912279,   2.800355,  17.461482,  39.271883,  98.570214,  17.404914, 128.344916,  42.225343, 171.313599,  98.366509,  79.940796
1928,  6,  13.927530,   0.172284,  11.032157,  20.752898,  21.234247,  10.353510,  47.205188,   8.903648,  54.190805,  51.138929,  18.874653
1928,  7,   3.232048,   0.009204,   8.534094,   9.798406,   3.498697,   8.754716,  12.745658,   2.571254,  12.571953,  21.441386,   2.985781
1928,  8,   0.179795,   0.000000,   6.280309,   3.989660,   0.188699,   6.435132,   3.132494,   0.265388,   2.065044,   6.545214,   0.198922
1928,  9,   0.164810,   0.013373,   5.518556,   2.405305,   0.000032,   5.734073,   0.521690,   0.006874,   0.087211,   2.461073,   1.065180
1929, 10,   0.453940,   0.224082,   6.159332,   2.834246,   0.739480,   6.229951,   2.320654,   0.159186,   1.526352,   3.377031,   2.641476
1929, 11,  13.480946,  15.986799,  22.123922,  19.870991,   9.778681,  23.510707,  12.157546,  10.558716,  12.610249,  16.737539,  30.301528
1929, 12,  14.273807,  16.371972,  17.665340,  11.679190,  10.835985,  18.384556,  10.199537,  11.497574,  15.816215,  15.248961,  26.720702
1929,  1,  11.000337,   5.850736,  12.389209,  10.754402,   7.257871,  12.623584,   6.033173,   9.259719,   9.706391,  22.586538,  17.486041
1929,  2,  25.809484,  21.213081,  19.435043,  27.776692,   7.660096,  17.286924,   7.690743,   7.954775,  11.938044,  45.335951,  28.201373
1929,  3,  33.847431,   7.115304,  16.226981,  23.890479,  27.427647,  17.183036,  40.755949,  25.093036,  31.883678,  51.663324,  33.124825
1929,  4,  31.639521,   3.428236,  21.873888,  23.082707,  36.661610,  21.424642,  50.481455,  35.708415,  37.360709,  51.373209,  36.804544
1929,  5,  53.913898,   0.324812,   7.270195,  19.667723,  85.528383,   6.704239,  92.283118,  54.391215, 128.330629,  78.342444,  76.431274
1929,  6,  44.906468,   2.669292,  14.936680,  22.645672,  50.646447,  16.283595,  65.965447,  33.203369, 105.823325,  49.876100,  66.356847
1929,  7,  10.569901,   0.000047,   3.622048,   3.976706,   9.752728,   3.396206,  18.613459,   6.223954,  25.279265,  24.685980,  10.474824
1929,  8,   2.942291,   0.000000,   2.596248,   1.733215,   1.156568,   2.887093,   5.102790,   0.965183,   5.099779,  10.142436,   2.084474
1929,  9,   0.567467,   0.000000,   2.022853,   0.788309,   2.096245,   2.175288,   3.493739,   0.539691,   2.837903,   4.710417,   0.251205
1930, 10,   0.678284,   0.009394,   3.907147,   1.634261,   0.006293,   4.982562,   0.292408,   0.215705,   0.047066,   3.087013,   1.190433
1930, 11,   0.002802,   0.000000,   0.945116,   0.220897,   0.000000,   0.953845,   0.007864,   0.000000,   0.000000,   1.332544,   0.000000
1930, 12,  70.173630,  31.044236,  38.505984, 103.011414,  10.802770,  41.506596,   9.518265,  19.813867,  18.218843,  62.714709, 138.698746
1930,  1,  46.514434,  24.982686,  30.855512,  45.958044,  22.331448,  28.501747,  16.609374,  24.420462,  30.281179,  48.781148,  71.898757
1930,  2,  59.272623,  37.030397,  34.344123,  56.750165,  21.945102,  32.405565,  24.869297,  30.535734,  25.327510, 124.204246, 103.950893
1930,  3, 114.212788,  57.819389,  33.643882,  69.863337,  43.608760,  27.100611,  39.759008,  74.802992,  49.485898, 128.737739, 148.592904
1930,  4,  80.539049,  12.458050,  24.183349,  52.241680,  55.725745,  22.539870,  60.372234,  94.599390,  68.256104, 105.181825, 116.856840
1930,  5,  63.650900,   4.916088,  17.557872,  42.356941,  57.892131,  14.839647,  72.483363,  75.271292,  88.904218,  76.110970,  97.041618
1930,  6,  35.186764,   0.266676,   7.232305,  16.975633,  53.879024,   6.822957,  64.827915,  40.759993, 127.128254,  41.557510,  36.700695
1930,  7,   7.724720,   0.005907,   5.457993,   8.675027,   9.296387,   5.004572,  17.265611,   8.057508,  28.729564,  18.518780,   7.270582
1930,  8,   2.489224,   0.000000,   4.068290,   4.304379,   1.521859,   4.005648,   4.974814,   2.105035,   7.743768,   5.969842,   2.127131
1930,  9,   1.423318,   0.540206,  11.292593,   7.485096,   2.936152,  13.484945,   4.460338,   4.964359,   9.009296,   5.482182,   5.610023
1931, 10,   3.023144,   1.049811,   4.908921,   7.290062,   1.629821,   5.911185,   3.577352,   3.464451,   7.546254,   3.284328,   3.686957
1931, 11,  18.969439,   4.506174,   8.457469,  14.937076,  15.689661,   8.479781,  12.199969,  17.802714,  18.560332,   6.376680,  34.065740
1931, 12,   1.048970,   1.716116,   4.384308,   2.776787,   0.262481,   4.274560,   1.013536,   0.587662,   0.521862,   6.479211,   3.157348
1931,  1,  26.156330,  32.183976,  24.414349,  25.464016,  16.014765,  22.449408,  14.500652,  24.243114,  27.946456,  76.867623,  42.450192
1931,  2,  20.497020,   8.775616,  14.068897,  13.354710,   9.385964,  12.578627,  10.666890,  18.617212,  16.876230,  57.574016,  23.055873
1931,  3,  30.301724,   9.878431,  19.044744,  26.886191,  15.820272,  18.317927,  24.608011,  31.078805,  26.188116,  87.860743,  50.219483
1931,  4,  20.514991,   3.153411,   6.851228,  13.108637,  32.561445,   6.652011,  36.507199,  48.464220,  65.417924,  59.360983,  39.048397
1931,  5,  27.511799,  11.032547,   7.141236,  17.400222,  37.064084,   7.123901,  64.411932,  43.992534,  84.471102,  44.444222,  40.269350
1931,  6,  17.133539,   4.053941,   9.997894,   9.960937,   9.147184,  10.480659,  26.029997,  14.373824,  25.566890,  42.174443,  25.077956
1931,  7,   3.614242,   0.088220,   1.886956,   1.342829,   0.744235,   1.559869,   6.208983,   2.536240,   4.315222,  18.780132,   3.674841
1931,  8,   0.645351,   0.000989,   1.456600,   0.498927,   0.723338,   1.398519,   4.171132,   0.963777,   2.206369,   5.740532,   0.429302
1931,  9,   0.905051,   0.118863,   2.612702,   1.257945,   0.950486,   3.289408,   2.547168,   1.063790,   1.661263,   2.429652,   3.813184
1932, 10,  11.820730,   1.901316,  12.819466,  13.727823,   1.046734,  15.747567,   3.488106,   7.352187,   3.841738,   6.910903,  32.355142
1932, 11,  13.594207,   3.112852,   8.555971,  14.682638,   9.844065,   7.027892,  10.300837,  11.624707,  12.528970,   4.683755,  27.461878
1932, 12,  52.943221,  57.940275,  27.028452,  34.012284,  44.019809,  23.398630,  30.142869,  29.490969,  41.572734,   7.932368,  63.337814
1932,  1,  34.038420,  33.449096,  22.281619,  26.591231,  39.155177,  19.038126,  20.267260,  29.794900,  24.421168,   9.754465,  45.356065
1932,  2,  83.627040,  19.807979,  16.069786,  27.667163,  85.275055,  16.533807,  62.395915,  65.536919,  64.870421,   9.888455,  77.507287
1932,  3,  52.849646,  11.775336,  23.800939,  47.613648,  42.348719,  24.913713,  82.792283,  70.578562,  62.517874,  41.162665,  73.345174
1932,  4,  68.471901,   6.205869,  23.726953,  48.715106,  34.728216,  21.244119,  97.717244,  81.403286,  64.674847,  98.567944, 113.935605
1932,  5, 150.841940,  10.471484,  25.352460,  61.695928,  94.448232,  23.077694, 152.732719, 147.725253, 156.367629, 206.728969, 217.648455
1932,  6,  84.936022,   0.771517,  10.429638,  27.350380, 148.801548,   9.285717, 175.513943,  79.023255, 176.193562,  90.875297, 119.694247
1932,  7,  19.332827,   0.089519,   6.900341,  11.472182,  39.443761,   6.263513,  71.883844,  18.835691,  49.839719,  47.273263,  24.425388
1932,  8,   5.721648,   0.000000,   4.641545,   5.882772,   6.498348,   4.617269,  18.777394,   4.458693,  11.450188,  22.868758,   5.696586
1932,  9,   1.408682,   0.000000,   3.232528,   2.668241,   1.138284,   3.098763,   7.400577,   1.161266,   3.384945,   9.470102,   1.440157
1933, 10,   0.913875,   0.004430,   3.628672,   3.286219,   0.158577,   3.947598,   2.660839,   0.138503,   0.312119,   6.542314,   1.979316
1933, 11,   1.100028,   2.010559,   9.079516,   4.295467,   2.087955,   9.646115,   2.466109,   2.477934,   2.842331,   9.901603,   6.162651
1933, 12,  11.525165,  16.403585,   8.805815,  10.792948,   5.518056,   6.304286,   3.955946,   5.405282,   8.355386,   7.483945,  15.475803
1933,  1,  17.053316,  27.633131,  16.383113,  15.184425,  22.004272,  12.289681,  15.552900,  17.105042,  25.877875,   3.915131,  33.789400
1933,  2,   6.828862,   9.273636,   6.855841,   6.986526,   5.120899,   3.681233,   8.932753,   8.117072,   8.049987,   1.102675,  12.163707
1933,  3,  42.709735,  23.622631,  36.393243,  39.280881,  35.184585,  40.867462,  54.590191,  40.875603,  35.736238,  38.366084,  65.207593
1933,  4,  39.575338,   4.232734,  16.421053,  49.008162,  33.849889,  15.347984,  50.894524,  53.168143,  35.633695, 118.081786,  65.505477
1933,  5,  76.627364,   8.084208,  19.567066,  35.663961,  48.312816,  19.221526,  73.260822,  84.231398,  71.399553, 124.117431, 103.674090
1933,  6,  82.985953,   0.439424,   7.142261,  11.654481,  68.122634,   5.712913,  81.888196,  93.456258,  98.317671,  84.722210,  74.056661
1933,  7,  13.420133,   0.034954,   5.367986,   4.972541,  12.062867,   5.325322,  24.027782,  16.380028,  20.557481,  38.465740,  11.905722
1933,  8,   3.944096,   0.000000,   4.011665,   2.233501,   1.461835,   4.442461,   6.147092,   4.229944,   3.952335,  16.738111,   2.715129
1933,  9,   1.688461,   0.101816,   4.185005,   2.269716,   0.057771,   4.456110,   1.257900,   1.510416,   0.550765,   9.850225,   2.753199
1934, 10,   1.782873,   4.419965,  10.653317,   7.496107,   5.415169,   9.048894,   9.876253,  14.624287,   9.432371,   6.560870,  29.507312
1934, 11,  17.878564,   0.858381,   1.810710,  12.863118,   1.054598,   4.736568,   2.021281,   0.720170,   2.405140,   5.102453,   9.801880
1934, 12,  35.450516,  44.321060,  30.157912,  31.307240,  26.946457,  27.028016,  28.132574,  29.007256,  33.996794,  32.948283,  52.830496
1934,  1,  50.883846,  21.976902,  23.154037,  36.432430,  16.162450,  21.899604,  19.005356,  19.423679,  22.662247, 100.577092,  45.059756
1934,  2,  47.260839,  36.311354,  27.899032,  36.373399,  27.126615,  26.511299,  29.891488,  45.060394,  35.404850,  73.016980,  83.297069
1934,  3,  42.696778,  15.736538,  20.075893,  28.644171,  33.439122,  18.001095,  46.349650,  49.639877,  50.998868,  90.498078,  66.213691
1934,  4,  27.067629,   7.749833,  15.316737,  21.044393,  31.610152,  11.795173,  50.590223,  20.937421,  62.768595,  69.722841,  34.726185
1934,  5,  20.118719,   4.403270,  16.458045,  17.734246,  12.832108,  15.616182,  52.633283,  13.995121,  28.534156,  60.003387,  28.026423
1934,  6,  14.158224,   0.904650,  11.708469,  12.936550,   5.431671,  13.936032,  19.112753,   8.305508,  16.003437,  34.645007,  17.763109
1934,  7,   2.209211,   0.007064,   3.706165,   2.851087,   0.260981,   3.249424,   4.345253,   0.705905,   1.880533,  15.712368,   0.727599
1934,  8,   0.727512,   0.000641,   3.090577,   1.278986,   0.538966,   3.092963,   2.316358,   1.061073,   0.943432,   3.747095,   0.647350
1934,  9,   3.756831,   0.128884,   3.885450,   4.651544,   2.523930,   4.139662,   3.826981,   4.944483,   6.187639,   1.589955,  10.886390
1935, 10,   6.053304,   4.321830,   8.933222,   8.018612,   7.408315,   7.998385,  12.766005,   9.824366,  13.699255,   5.902762,  13.838169
1935, 11,  30.428660,  22.240816,  27.769657,  33.376680,  17.926687,  29.067613,  22.414146,  19.176040,  26.357161,  68.641344,  55.912154
1935, 12,  13.278978,  13.607827,  13.948965,  13.495094,  12.913298,  11.996195,  14.926232,  10.289325,  14.524334,  53.647096,  27.048179
1935,  1,  76.259881,  63.053205,  44.055354,  60.622936,  53.097027,  36.143483,  38.446219,  32.256387,  54.340612,  57.651297,  99.123504
1935,  2,  34.290645,  21.435662,  26.919450,  28.019759,  29.263910,  20.279764,  40.169568,  36.069980,  34.600885,  53.300321,  66.210063
1935,  3,  63.299505,  63.295482,  35.316438,  56.569914,  47.389695,  28.801330,  53.893787,  48.434333,  53.229685,  64.835092, 111.619011
1935,  4, 188.531183,  55.775058,  64.782546, 123.720523, 126.603096,  53.024834, 133.647646, 198.220210, 151.451871, 166.440357, 266.704846
1935,  5, 111.512117,   6.045737,  25.545884,  74.464613, 128.922911,  23.294195, 158.329608, 147.979289, 175.757259, 224.473468, 157.007148
1935,  6,  63.321023,   0.345097,  12.590816,  29.252745, 121.080029,  11.523342, 154.300189,  99.568125, 161.763999, 101.009496,  66.803748
1935,  7,  14.365191,   0.050614,  10.253730,  15.112885,  21.689824,   9.743010,  41.912562,  21.384479,  35.611466,  48.647960,  13.206696
1935,  8,   4.374395,   0.008062,   7.496675,   7.441219,   4.375283,   6.973599,  13.304618,   7.023478,   8.849807,  22.289683,   2.670164
1935,  9,   0.890948,   0.632771,   5.929416,   4.194428,   0.152686,   5.468058,   2.924894,   1.056801,   0.948141,  11.711832,   0.518049
1936, 10,   9.986129,   2.420516,  12.402106,  11.264286,   6.674766,  13.223490,   9.888095,   9.914766,  14.073132,  11.816587,  18.318443
1936, 11,   6.629277,   5.167142,   6.809241,   8.082351,   5.056489,   7.348345,   5.554438,   5.016764,   7.188817,   9.956706,  11.679628
1936, 12,   8.192142,  12.566768,  20.165552,  15.131369,   7.531625,  20.047173,   6.931220,   5.017237,   8.840845,  28.120107,  19.958221
1936,  1, 130.556062,  61.714602,  59.689281,  89.510713,  31.803979,  55.631137,  25.449732,  54.899186,  46.522524, 212.322893, 171.766536
1936,  2, 237.394087,  88.036266,  54.160526, 120.379329, 129.624146,  44.259926,  95.920425, 194.535814, 140.081008, 156.559277, 301.648331
1936,  3,  82.786794,  24.742192,  24.293770,  54.955768, 102.537762,  19.224099,  95.341573, 114.704055, 100.237616, 118.778831, 137.518650
1936,  4, 124.428221,  36.109649,  28.988603,  60.233845, 100.145469,  24.193370, 110.951433, 141.117623, 126.585849, 113.025750, 150.873707
1936,  5,  75.364603,   4.514589,  17.321433,  29.976825, 113.215864,  15.718953, 139.995987, 142.517708, 167.776718,  78.856439,  86.128483
1936,  6,  58.096093,   6.880458,  18.389781,  26.354104,  48.664557,  17.372709,  87.699434,  72.167880,  91.943601,  59.403839,  50.270376
1936,  7,  11.843742,   0.678512,   8.164868,   7.959701,  11.140935,   6.937569,  29.975618,  18.540548,  24.454182,  29.399962,   7.284050
1936,  8,   3.197466,   0.001388,   5.472199,   3.553099,   1.497431,   5.029382,   7.889127,   5.115027,   5.323623,  10.512883,   2.235546
1936,  9,   3.348937,   0.316137,   5.907341,   5.071366,   0.541805,   6.247586,   2.013744,   1.733707,   1.515877,   4.094815,   2.723643
1937, 10,   1.212630,   0.223648,   2.870633,   1.081190,   4.972732,   2.435125,  11.126723,   3.749979,   7.482599,   1.430321,   1.300874
1937, 11,   1.340784,   0.079706,   1.953985,   0.904203,   1.006283,   1.700106,   2.743776,   1.558425,   2.301827,   1.029000,   1.506344
1937, 12,  11.671043,   9.483538,  10.313452,   7.291191,  25.671303,   8.118985,  28.241822,  16.770427,  28.363569,   5.104320,  19.303119
1937,  1,  11.894678,   4.779490,   9.015755,   5.670072,  12.263211,   6.278891,  10.434057,   9.390305,  13.000516,   0.894306,  21.551977
1937,  2,  75.679516,  59.001090,  27.611335,  29.731338,  89.328078,  20.588256,  83.932645,  53.160675,  81.857798,   3.607322,  72.591442
1937,  3, 102.128147,  89.216994,  57.125092,  63.930718,  88.101111,  57.907318, 125.141058, 105.462379, 112.306484,  34.442030, 110.444080
1937,  4,  99.064376,  25.952746,  38.636171,  74.961626,  86.164015,  32.337877, 109.107505,  92.228545,  92.908693,  76.012016, 119.295233
1937,  5, 143.870752,   5.350997,  21.751767,  83.401461, 167.988263,  19.794910, 179.811966, 207.679614, 217.484333, 285.260872, 197.742739
1937,  6,  59.126826,   8.351143,  26.155731,  28.725987,  74.964505,  23.531879, 129.161018, 113.906811, 104.412845, 143.997555,  53.674787
1937,  7,  15.200702,   1.350854,  12.329414,  11.797752,  14.349212,  13.566433,  41.165489,  26.721568,  26.326268,  68.367326,  11.272849
1937,  8,   3.672802,   0.182895,   7.039240,   5.325140,   1.557980,   6.754808,  10.565493,   6.494634,   4.613155,  35.684623,   1.982205
1937,  9,   0.860868,   0.022435,   5.223122,   2.431658,   1.783724,   5.100234,   2.821604,   1.334476,   1.761129,  17.905823,   0.208613
1938, 10,   7.263211,   2.863751,  17.106995,  14.387019,   0.889867,  18.243906,   1.781845,   5.437457,   4.711365,  19.800648,  15.867484
1938, 11,  28.948691,  32.500192,  50.254877,  64.563220,   8.728924,  48.452938,   6.451710,  14.680464,  15.230322, 118.149100,  68.617732
1938, 12, 113.056213,  66.434996,  73.319154, 118.442776,  79.080932,  55.048442,  72.548509,  64.073650,  92.738988, 186.916215, 165.036791
1938,  1,  44.146304,  46.115339,  48.481530,  61.748103,  54.667716,  39.351853,  40.126684,  53.848122,  54.896900, 164.707274,  98.361784
1938,  2, 211.902095, 146.926349, 121.579399, 214.873225, 121.735601,  79.089277,  82.475018,  99.516806, 114.589181, 294.202200, 353.165779
1938,  3, 252.027422, 154.972877, 119.211481, 184.240960, 149.450337,  72.957371, 158.030370, 172.542448, 184.205307, 291.522518, 318.190931
1938,  4, 145.065209,  39.513906,  67.588222, 120.921360, 123.860630,  49.246605, 143.746493, 151.983753, 148.916789, 249.320498, 190.461914
1938,  5, 186.206946,   6.829040,  42.490210, 106.460565, 191.914965,  30.665953, 205.279329, 253.386289, 230.100778, 386.021650, 214.707184
1938,  6,  74.433175,   0.593505,  29.050097,  47.318341, 146.750201,  18.628462, 239.791728, 185.375155, 208.592177, 223.101747,  94.196551
1938,  7,  22.964960,   0.028013,  23.520749,  25.424135,  27.658136,  18.996494,  79.068639,  42.423752,  47.251523,  84.498731,  20.046238
1938,  8,   5.643182,   0.000000,  15.224262,  12.696600,   3.936886,  12.209737,  21.147582,  11.510084,  10.620279,  43.516201,   4.015792
1938,  9,   2.089359,   1.462973,  14.844178,   7.467652,   2.897906,  12.348118,  11.491177,   4.816759,   6.495256,  22.723118,   2.745047
1939, 10,   8.643237,   4.148893,  20.733313,  14.589587,  11.912450,  19.930943,  14.477948,  15.894538,  24.773750,  29.010584,  20.700081
1939, 11,   9.568459,   4.911449,  15.917132,  13.019041,   4.306715,  15.958371,   6.575205,   7.591488,   8.050857,  37.044806,  17.873055
1939, 12,   9.386691,   6.664933,  15.065627,  13.883169,   4.348498,  12.988441,   6.763114,   7.503649,   6.823278,  88.875302,  15.583036
1939,  1,  17.159575,   7.695309,  21.188373,  19.553310,  12.524062,  21.135982,  12.827999,  17.144893,  17.287663,  97.161784,  34.366087
1939,  2,  14.505520,   4.046914,  14.612550,  11.750195,  11.509801,  11.895074,   8.010419,   9.418734,  14.062166,  52.730035,  15.218275
1939,  3,  70.855541,   7.066132,  31.901217,  43.980391,  46.184525,  32.639230,  47.585341,  62.841360,  61.316809, 107.975313,  88.683506
1939,  4,  45.755414,   0.356964,  10.047627,  10.634436,  62.693417,   9.399363,  69.390742,  81.683605,  87.154857, 101.755053,  76.453683
1939,  5,  39.412625,   2.145295,  15.446469,  17.008456,  32.746657,  15.611556,  58.244251,  45.772395,  65.149804,  70.835275,  46.596468
1939,  6,  11.697703,   0.003374,   5.919335,   5.133583,   6.581251,   6.355971,  31.415486,  11.974250,  15.237552,  37.691117,   9.702429
1939,  7,   3.071158,   0.000000,   6.034184,   1.816924,   0.876754,   6.803834,   8.306511,   3.131968,   3.245841,  16.330549,   1.804878
1939,  8,   0.561109,   0.000000,   2.751510,   0.924163,   0.077966,   3.046582,   2.578310,   0.353919,   0.565164,   3.536603,   0.232483
1939,  9,   4.991756,   1.179593,   6.649107,   1.514502,   6.707788,   7.832293,  10.717232,   8.210525,  12.779579,   3.166914,   4.963168
1940, 10,  10.762763,   1.154905,   8.623082,  11.548646,  11.461832,  10.150020,  18.138692,  13.539151,  20.508708,   2.525227,  25.497338
1940, 11,   2.548139,   0.344809,   2.641748,   2.548017,   1.144380,   3.008093,   0.278272,   3.688964,   3.876213,   2.347437,   5.752659
1940, 12,   8.043553,   9.796674,  36.669046,  18.191922,   4.032107,  37.373948,   4.705149,   6.478434,   5.246395, 100.514933,  22.335847
1940,  1, 173.630794,  52.794526,  82.590026, 111.069542, 103.302059,  73.242514,  86.511788,  97.673220, 115.166799, 307.854555, 236.914094
1940,  2, 143.796043, 102.819375, 114.334337, 130.644421, 104.111639,  91.543305,  71.793654, 128.106963, 108.554372, 430.510752, 318.144998
1940,  3, 224.493154,  66.394246,  92.183774, 191.010589, 105.150461,  68.604673,  85.899746, 167.965333, 131.860778, 451.180178, 357.735714
1940,  4, 170.802413,  30.253150,  62.278137, 136.242729,  91.733198,  46.712943,  94.747714, 116.098141, 122.059780, 293.168101, 187.326241
1940,  5,  53.585287,  10.224662,  32.455274,  51.418847, 127.170051,  27.739952, 160.398832,  81.242742, 188.399479, 164.788668,  63.773058
1940,  6,  16.893810,   1.940158,  19.524804,  28.215393,  36.969901,  17.437559,  74.795446,  22.284894,  62.692708,  96.880279,  16.740829
1940,  7,   3.627898,   0.054014,  13.774917,  13.915352,   6.661475,  11.579254,  19.829137,   5.650593,  15.041892,  50.373958,   1.913643
1940,  8,   0.384114,   0.010697,  10.614961,   6.284469,   0.520579,   9.383788,   4.894780,   1.230496,   2.424037,  18.847923,   0.104388
1940,  9,   0.862048,   0.260617,  14.705244,   8.747082,   0.317603,  16.593040,   1.625023,   0.470875,   0.813662,  15.784573,   6.493818
1941, 10,   6.360700,   7.659038,  19.560070,  13.911886,   5.955973,  21.221759,  14.805847,   6.179520,   9.724568,  18.064291,  16.428225
1941, 11,  16.463633,   4.488364,  16.927143,  25.467287,   2.306723,  18.340576,   2.881363,   6.127466,   6.043695,  28.311240,  37.533258
1941, 12,  94.694699,  99.953584,  89.307569,  95.954643,  42.609833,  75.234569,  40.098715,  42.179652,  52.230748, 373.548524, 169.394442
1941,  1, 124.528364, 172.236772, 121.069321, 134.625823,  46.210537,  90.684988,  33.597991,  49.580129,  41.988343, 467.946335, 218.201214
1941,  2, 129.812104, 192.329203, 119.516746, 162.425422, 109.471299,  82.203088,  64.196162,  99.590767, 103.339523, 412.832558, 248.569659
1941,  3, 125.039327, 146.336936, 100.813848, 129.248566,  80.593903,  68.476261,  66.100641, 115.577410,  94.810331, 426.176518, 181.457743
1941,  4, 116.720751, 133.033063, 105.125685, 126.506780,  69.913692,  72.239903,  64.853441,  87.744261,  91.115849, 449.696803, 167.535789
1941,  5, 108.495724,  16.717120,  56.756960,  80.241605, 124.710127,  48.803320, 157.148847, 155.266305, 173.866030, 228.729560, 165.989352
1941,  6,  53.261633,   1.677282,  34.090065,  40.363060, 139.659709,  30.893678, 198.927121, 138.174449, 206.030790, 136.099452,  50.262969
1941,  7,  14.767138,   0.074496,  21.647171,  22.634319,  37.938991,  17.866683,  90.654896,  46.351229,  67.127610,  80.182952,  13.698545
1941,  8,   3.754076,   0.000000,  18.741051,  10.798621,   7.152697,  17.880313,  25.283582,  12.137935,  17.129760,  41.506294,   1.890812
1941,  9,   1.784347,   0.038488,  13.135791,   7.190465,   1.003967,  12.616398,   7.184252,   3.891276,   3.669300,  23.313629,   2.229432
1942, 10,   5.905633,   5.588346,  15.242826,   8.414940,   4.796101,  14.834159,   8.093854,   6.775308,   7.916624,  17.891769,   9.641879
1942, 11,  14.136969,   6.733785,  19.121426,  16.941651,   9.632154,  17.806009,  13.397756,  12.960393,  18.803709,  18.596200,  30.497885
1942, 12,  93.030027,  43.684760,  78.862799, 105.447565,  47.307437,  67.690536,  35.315769,  39.840908,  47.730051, 263.661100, 173.759872
1942,  1, 181.419201,  68.810640,  87.410258, 125.159737,  54.750469,  75.212148,  29.919979, 109.401231,  58.647915, 266.107771, 265.330551
1942,  2, 217.963182, 106.389395, 119.144102, 187.523922,  58.473301,  82.185629,  37.262209, 100.323629,  65.298704, 331.845674, 298.598951
1942,  3,  81.215031,  35.925839,  42.208989,  76.152117,  50.076772,  39.011249,  55.607158,  57.634541,  61.551261, 133.274439, 110.068752
1942,  4, 133.874739,  89.085637,  78.510540, 126.397588, 116.427232,  62.975277, 100.666641, 115.985776, 113.729063, 219.349954, 221.148630
1942,  5, 155.627227,  15.900931,  58.238486, 107.741656, 131.271342,  52.906382, 145.790272, 174.099143, 163.448871, 221.888690, 192.621630
1942,  6,  95.788594,   2.726445,  30.160755,  54.716852, 186.790423,  26.743878, 197.182686, 164.069861, 234.274401, 137.326297,  72.463410
1942,  7,  25.304832,   0.153940,  18.927508,  28.044666,  46.089598,  17.697843,  69.326681,  44.011348,  69.009504,  60.017287,  17.385151
1942,  8,   5.794002,   0.000021,  15.624748,  14.522406,   7.868022,  16.025312,  18.289246,  11.529807,  16.928509,  26.637393,   2.391869
1942,  9,   1.557205,   1.488477,  11.182961,   7.401746,   0.928271,  11.119171,   5.278667,   3.497243,   3.608908,  11.622666,   0.823943
1943, 10,   1.751882,   0.891988,  10.356137,   5.790366,   1.413102,  10.245259,   1.936708,   2.685869,   3.865938,   8.018112,   3.307450
1943, 11,  57.924758,   9.319433,  28.396116,  38.574348,  31.652874,  31.520772,  26.509894,  36.175151,  40.126764,  22.093440,  84.278604
1943, 12,  63.551635,  24.249291,  28.288575,  32.891157,  19.535327,  28.474315,  15.095240,  30.783367,  24.516131,  55.283122,  94.465059
1943,  1, 210.998275,  65.187137,  78.675886, 138.050539, 105.340864,  67.925717,  75.712806, 150.366904,  83.294932, 190.672906, 298.026117
1943,  2, 127.351475,  22.385374,  54.377569,  92.214369,  79.368842,  43.688062,  66.798560,  94.467093,  68.977963, 153.892321, 154.603411
1943,  3, 239.574079,  37.356478,  57.560593, 125.816922, 172.842679,  43.531042, 133.192378, 190.077336, 170.370605, 163.044482, 275.660794
1943,  4, 115.570351,  19.932922,  51.055099,  84.879462,  86.449860,  42.620606, 107.208558, 110.698003, 113.614592, 189.416415, 153.786730
1943,  5,  74.419312,   6.955373,  31.341630,  52.402006, 118.028501,  24.287902, 154.830559,  91.708069, 164.017369, 126.361143,  77.822448
1943,  6,  38.138873,   0.830633,  27.031039,  39.598858,  69.367003,  26.973031, 120.100194,  48.878351, 125.241094,  70.478451,  37.098990
1943,  7,   8.244091,   0.062283,  12.939959,  17.019139,  16.685042,  11.792595,  40.979947,  15.715207,  35.846278,  33.533519,   5.031621
1943,  8,   1.397610,   0.000001,   9.340643,   7.396300,   2.579587,   8.510130,  10.592997,   3.633726,   8.194547,  14.168244,   0.666947
1943,  9,   0.225342,   0.000565,   6.860360,   3.009118,   0.417692,   6.473700,   3.353534,   0.752648,   1.875613,   4.014690,   0.045498
1944, 10,   5.247759,   2.312757,  12.763746,   9.253744,   5.757340,  13.808985,   6.506152,   6.953629,  11.128613,   9.246443,  14.287771
1944, 11,   4.775322,   1.719507,  11.458223,  10.327049,   4.563113,  12.490248,   5.412751,   3.144622,   7.614472,  10.872195,  11.027971
1944, 12,  10.923709,   9.998674,   8.981256,  12.638945,   7.579967,   8.813572,  10.603418,   9.492805,   9.405933,   9.350920,  22.702562
1944,  1,  25.165239,  16.367276,  18.944505,  26.364730,  16.708988,  18.133802,  14.830205,  19.791929,  23.457646,  21.763726,  41.527082
1944,  2,  43.614077,  25.173646,  35.258764,  54.463077,  24.079570,  30.782979,  19.131771,  21.925664,  23.282200, 103.102267,  75.916932
1944,  3,  76.933391,  21.851197,  29.081370,  75.197529,  36.187080,  27.741830,  39.081712,  35.367930,  41.594763,  78.489034, 107.107900
1944,  4,  53.448959,  20.403714,  24.463025,  45.431999,  39.362967,  25.000755,  48.099420,  63.087157,  55.841592,  72.755162,  77.335632
1944,  5,  80.252248,   9.063824,  14.326123,  42.065823,  95.264775,  12.083502, 117.554756, 124.005590, 133.572559,  75.886871,  86.419087
1944,  6,  33.542059,   1.703625,  21.128690,  21.897779,  52.326482,  22.311251,  90.274171,  55.844765,  70.027761,  50.258421,  28.756022
1944,  7,   9.099231,   0.021226,   7.782516,  10.305456,  11.028428,   8.048648,  48.601555,  15.192730,  15.775057,  24.787338,   6.047446
1944,  8,   2.167149,   0.000000,   4.937489,   4.259571,   1.334497,   4.887421,  11.843189,   3.767695,   2.745693,  10.810657,   0.726732
1944,  9,   1.523758,   0.000000,   4.214565,   2.525064,   0.200870,   4.735175,   3.249935,   1.605404,   0.979166,   3.350292,   1.924016
1945, 10,   1.575218,   1.923276,   8.314903,   5.445247,   6.685281,   7.474349,   9.263895,   9.793345,   9.063858,   2.475721,   7.683106
1945, 11,  65.413258,  13.672603,  36.438079,  50.613603,  29.176546,  38.955129,  34.208763,  36.409941,  40.875931,  66.669662,  76.295690
1945, 12,  43.018725,  24.957682,  37.246309,  40.784975,  11.559156,  33.552453,  13.194381,  21.706648,  15.816667, 101.234629,  63.571729
1945,  1,  24.476279,  10.278962,  21.409039,  22.726774,   3.997799,  17.940065,   5.908747,  17.205761,   6.006013,  73.587957,  22.618781
1945,  2, 194.429352,  38.723250,  73.122367, 133.195353,  66.930459,  62.215732,  77.611350, 131.591703,  88.535249, 242.405870, 285.848392
1945,  3,  93.219523,  35.055874,  44.491736,  60.186287,  55.030697,  39.373474,  54.670074,  78.747928,  76.053511, 118.615242, 108.087315
1945,  4,  91.019847,   9.082195,  26.051381,  58.672561,  83.360398,  24.554696,  86.940171, 100.015958,  94.329309, 120.329476, 116.351444
1945,  5,  84.370105,   6.659368,  40.060527,  53.275516, 123.169482,  40.292873, 148.698996, 131.988329, 155.645824,  96.682440,  95.479799
1945,  6,  47.552318,   3.087864,  23.092608,  31.711153,  79.835500,  22.442432, 143.436236, 110.828083, 110.939715,  60.494726,  47.271406
1945,  7,  12.549930,   0.036572,  11.128119,  13.594638,  16.859537,  10.943421,  59.217916,  29.382449,  27.213556,  27.087929,   9.003678
1945,  8,   3.493278,   0.046712,   8.396482,   5.928717,   3.242802,   8.550316,  17.147390,   8.297984,   7.291508,   9.254482,   1.074959
1945,  9,   0.574865,   0.001558,   6.510342,   3.438766,   1.113053,   6.726559,   6.527111,   2.605811,   3.053141,   1.910018,   0.046790
1946, 10,   7.481654,  12.032030,  25.998765,  13.627902,  20.851280,  23.336678,  33.761036,  27.087629,  35.579947,  11.120573,  30.417733
1946, 11,  55.199781,  12.713155,  40.203287,  45.478669,  14.278154,  46.647922,  13.119531,  20.856047,  24.990484, 102.224202,  62.458990
1946, 12, 183.802880,  83.153072, 103.488539, 118.250024,  52.057518,  81.833334,  35.307934,  83.750234,  69.409973, 313.622186, 235.546591
1946,  1,  91.856237,  33.174164,  67.645125,  78.477252,  29.579111,  51.695775,  20.470438,  62.676712,  40.459610, 220.604032, 106.009406
1946,  2,  44.867493,  15.353854,  39.092860,  43.623966,  16.297024,  37.422999,  14.820483,  33.771868,  27.743471, 120.242678,  63.990770
1946,  3,  85.924529,   9.529470,  43.205709,  61.456810,  47.979911,  41.194478,  48.863931,  69.282331,  62.989517, 129.527147, 113.492320
1946,  4, 122.502682,  11.714776,  29.286726,  54.817485,  94.833467,  26.608080, 102.158650, 121.745610, 100.718809, 102.773984, 128.107117
1946,  5,  84.471043,   1.496150,  21.065476,  32.789047, 126.498396,  22.348799, 133.052080, 159.954213, 151.594265,  61.927236, 114.921045
1946,  6,  39.844390,   0.039087,  12.573418,  15.162770,  48.068661,  13.039520,  87.573026,  82.268500,  67.810048,  31.236104,  24.070756
1946,  7,   9.983616,   1.461833,  13.445844,   8.777902,   8.808597,  14.358116,  27.785220,  22.551294,  16.337903,  11.690823,   9.574835
1946,  8,   2.319491,   0.001883,   7.168520,   2.448066,   1.049207,   7.751449,   7.455314,   5.360223,   3.014771,   2.020638,   1.069552
1946,  9,   2.817516,   0.031974,   5.742007,   2.539629,   1.313018,   6.327757,   3.536094,   3.120890,   3.848276,   0.828922,   4.577364
1947, 10,   8.191132,   0.236217,   8.871243,   5.217029,   9.828914,   9.969429,  20.374815,   9.830675,  14.172714,   2.897354,   8.282815
1947, 11,  42.753361,  11.109499,  27.154481,  37.978420,  30.204036,  30.233051,  30.889800,  35.355163,  37.703057,  43.681673,  62.812428
1947, 12,  30.258320,  15.055823,  21.043983,  26.497594,  32.751195,  19.235734,  30.896345,  16.939129,  22.413688,  54.658212,  37.243959
1947,  1,  11.193173,   2.630241,   9.032538,   5.930055,  11.789530,   9.917053,  14.229738,  11.173415,   7.407908,  28.302570,   8.577791
1947,  2,  55.789003,  22.531675,  35.403542,  47.129027,  29.916777,  31.613658,  24.687926,  36.551056,  29.799657, 128.023939,  78.208403
1947,  3, 105.231103,  30.787792,  59.898731,  71.076211,  48.453271,  51.934257,  36.925335,  82.231658,  64.298331, 176.506511, 178.146888
1947,  4,  88.580388,   6.022348,  28.658375,  46.454645,  45.027301,  24.305524,  51.441139,  75.462764,  64.056156,  96.967690, 103.789604
1947,  5,  37.344401,   1.666028,  17.211273,  18.479129,  64.141814,  18.518124, 109.642427,  69.695307,  96.759337,  51.165372,  36.094023
1947,  6,  19.510330,   1.535579,  35.332243,  21.151386,  13.150306,  35.419127,  40.488169,  19.814332,  24.270171,  98.110679,  30.524149
1947,  7,   2.714146,   0.000000,  10.041712,   5.156515,   2.019723,  10.639826,  11.130113,   4.656052,   4.981739,  36.220494,   1.864765
1947,  8,   0.445675,   0.006634,   8.651285,   2.670718,   0.133202,   9.117369,   3.066050,   1.009099,   0.612719,  16.026093,   0.342872
1947,  9,   0.145927,   0.000373,   6.347420,   1.337237,   0.960836,   7.396081,   5.478351,   0.304948,   0.584644,   5.114976,   0.098475
1948, 10,  24.912928,  10.306682,  33.074308,  29.156091,  12.403119,  33.711604,  14.123028,  23.105633,  25.284100,  37.942456,  59.104976
1948, 11,  10.592055,   2.094464,  11.521665,  13.608446,   3.151443,  11.411093,   3.970000,   6.879273,   6.930048,  22.808342,  13.080424
1948, 12,   3.362529,   7.177079,  11.507739,   6.784386,   2.976054,  10.336860,   3.368397,   3.004480,   2.475990,  23.639525,   6.555794
1948,  1,  46.885567,   6.375924,  63.491505,  60.620356,   7.450789,  54.568403,   7.786811,  21.117667,  18.305962, 193.830495,  94.563284
1948,  2,  16.346938,   5.008903,  20.075206,  17.980516,   8.612483,  19.595785,   9.021106,  14.750959,  14.412528,  60.395766,  25.830537
1948,  3,  62.311235,  17.261108,  51.766047,  53.886818,  32.207424,  43.519410,  21.032136,  32.047730,  34.237281,  70.478030,  69.786097
1948,  4, 152.964251,  48.256601,  95.119930, 110.623663, 100.332082,  74.276620,  75.206211, 111.961888, 111.630332, 127.867296, 207.495546
1948,  5, 181.002278,  21.803082,  58.889658, 113.297533, 150.299422,  47.385430, 104.170950, 169.654267, 167.930315, 229.519457, 234.353036
1948,  6,  77.434014,  12.053932,  49.476443,  64.100493,  59.185709,  45.160732,  71.762299,  79.473576,  76.181625, 203.774025, 112.764009
1948,  7,  21.984453,   0.763823,  22.897493,  27.308865,  10.778446,  20.770347,  23.478791,  19.510936,  16.562180,  76.589316,  24.293263
1948,  8,   5.703215,   0.012212,  17.973640,  14.747997,   1.026885,  17.027454,   5.636099,   4.970254,   2.788230,  39.429353,   5.063468
1948,  9,   1.324231,   1.099663,  16.482589,   8.932116,   0.047729,  16.938813,   1.194007,   2.104234,   0.517152,  23.572767,   1.914377
1949, 10,   1.077014,   1.911752,  13.957821,   7.761272,   2.399338,  14.261109,   4.739468,   1.922708,   3.732614,  18.402191,   2.608357
1949, 11,  15.779766,   1.299615,  17.848050,  24.675926,   1.409359,  18.835255,   1.838833,   6.801142,   4.793377,  25.909122,  37.073007
1949, 12,  15.782692,  12.420622,  19.903330,  15.791167,  11.518639,  16.676706,   7.107491,  11.429125,  12.824213,  14.646500,  29.013627
1949,  1,   8.074702,   4.494580,  11.137464,   4.539122,   6.997943,   8.163795,   4.793526,   6.574272,   8.163490,   8.161794,   8.651631
1949,  2,  14.362722,   9.030676,  35.160438,   9.565271,  12.080825,  34.751199,   8.703022,   7.950519,  13.892754,  13.704113,  26.687835
1949,  3, 103.550473, 124.052639,  96.176003,  63.517276,  48.517423,  70.257491,  30.060425,  45.235890,  48.057091, 193.119884, 122.221870
1949,  4, 139.660758,  23.173304,  31.880074,  89.714647,  74.489203,  31.212341,  64.538777, 108.937827, 101.377611, 297.918703, 159.409178
1949,  5, 102.711640,  16.840199,  34.943303,  44.293593,  94.029506,  36.358187,  85.516924, 102.944764, 119.551571, 147.667078, 128.775270
1949,  6,  34.215111,   1.930866,  17.111810,  17.487013,  49.031248,  17.771942,  86.806302,  31.109387,  59.484812,  78.714501,  32.903975
1949,  7,   9.756552,   0.308178,  10.719001,   8.188899,   8.138161,  10.417596,  26.662626,   7.757530,  12.616423,  37.213875,   7.863446
1949,  8,   3.738896,   0.091724,   8.493940,   5.134517,   1.043811,   8.901199,   8.071409,   2.042285,   2.778923,  15.375982,   5.035639
1949,  9,   0.763860,   0.006341,   6.530917,   2.678275,   0.173732,   6.719034,   2.652888,   0.398325,   0.626879,   5.154383,   0.419941
1950, 10,   1.484334,   0.076669,   5.916858,   2.192499,   0.078130,   6.799280,   1.074626,   1.014996,   0.646065,   4.496842,   2.181286
1950, 11,  15.742033,   4.147514,  14.246692,  16.258977,  11.570297,  16.897257,  15.179728,  16.742345,  16.558757,   7.396992,  25.520153
1950, 12,   6.093205,   5.100449,   9.241074,   9.458886,   5.218698,   8.763001,   5.076837,   4.015984,   5.611749,   5.072110,  15.403259
1950,  1,  88.329622,  21.257554,  39.374421,  44.606906,  22.770625,  43.409225,  14.018714,  31.904591,  30.989841,   3.000651, 101.881520
1950,  2,  82.243791,  31.656366,  47.089144,  76.699750,  35.150637,  44.059741,  25.980753,  36.722415,  29.331557,   7.665478, 136.712127
1950,  3, 103.498435,  17.170669,  52.758999,  69.417572,  43.343141,  47.034868,  35.342292,  59.081073,  52.715070,  98.391439, 143.155812
1950,  4, 145.799163,   5.717809,  38.236890,  97.735708,  91.986212,  34.917917,  75.911672, 109.994320,  95.822177, 228.879772, 214.386388
1950,  5, 122.376485,   1.680413,  24.588049,  65.804665, 107.375919,  23.838730,  96.524259, 124.112259, 134.984721, 155.335004, 175.494416
1950,  6,  63.892716,   0.948345,  17.826676,  29.154311,  57.467400,  19.798523,  83.814481,  51.664680, 105.778490,  61.250673,  57.350275
1950,  7,  14.241008,   0.000000,   9.423571,  13.851318,  10.731724,   9.357640,  26.166371,  12.012481,  22.851336,  27.582773,  12.142034
1950,  8,   4.119905,   0.000000,   7.457287,   6.862836,   1.201117,   8.266695,   6.183058,   2.785681,   4.328203,   9.916677,   2.678257
1950,  9,   2.985460,   0.605797,   9.599874,   6.039948,   0.725528,  11.387260,   4.007722,   1.304519,   1.793992,   6.324812,   2.782038
1951, 10,  19.475026,  11.293544,  46.658543,  29.578835,  15.292780,  49.524572,  14.722229,  23.703631,  26.969913, 139.962214,  51.429627
1951, 11, 228.414132,  12.063862,  49.510415,  95.371831, 112.478615,  46.557965,  90.449237, 130.832963, 156.833714, 162.978380, 246.994038
1951, 12, 260.066230,  45.510827,  70.523792, 120.525513, 187.803839,  61.457214, 114.840077, 215.580789, 227.953997, 204.250740, 351.506697
1951,  1, 180.123313,  42.466899,  76.297184, 112.568776,  67.177040,  65.398442,  43.161426,  94.710809,  89.750355, 145.432439, 240.237268
1951,  2, 120.581233,  34.190814,  71.053126, 101.356781,  48.800049,  55.823382,  36.097823,  70.216210,  63.121669, 129.528604, 170.619175
1951,  3, 121.128679,  12.618516,  51.659619,  81.352791,  47.940490,  45.401434,  37.767924,  77.380643,  69.397210, 118.580198, 135.911701
1951,  4,  73.592202,   3.775181,  32.080245,  59.851048,  58.607571,  32.062249,  59.129188,  61.674384,  70.216346, 219.479710, 126.122522
1951,  5, 104.929354,  15.594176,  40.755959,  61.670725,  79.010182,  36.642343, 102.570767,  84.700161, 116.790299, 142.011173, 111.396675
1951,  6,  23.757834,   0.357626,  15.606665,  22.946349,  33.278715,  14.788030,  82.444233,  26.475576,  56.409400,  56.461304,  21.773202
1951,  7,   6.353203,   0.008365,  11.670901,  11.480103,   5.979365,  10.923253,  25.602570,   6.246385,  12.913151,  24.695497,   4.480880
1951,  8,   1.037159,   0.051135,  10.637834,   6.578139,   0.660395,  10.986758,   6.801045,   1.571406,   2.343673,   6.995715,   1.233033
1951,  9,   0.104757,   0.010911,   6.567305,   2.103819,   0.047034,   6.502580,   1.637400,   0.236853,   0.540072,   1.280072,   0.217773
1952, 10,  21.620010,   5.353939,  19.418301,  22.806138,   7.045506,  22.204223,   6.841513,  13.496575,  10.389328,  10.330624,  45.362536
1952, 11,  33.847007,  11.727975,  33.666042,  32.564064,  13.534682,  34.410357,  10.118061,  17.779502,  20.596338,  63.036992,  53.899376
1952, 12,  84.337621,  45.892796,  87.727005,  83.689341,  34.853247,  73.823068,  22.335107,  31.759176,  39.762040, 209.784717, 140.443175
1952,  1, 187.651724,  93.820455,  86.808714, 107.737581,  74.605476,  64.301740,  27.296548,  68.213340,  76.650062,  86.323401, 206.675713
1952,  2, 151.761331,  42.172429,  87.429875, 115.132865,  46.749863,  71.458814,  24.278867,  73.726298,  64.362152, 124.861746, 213.277992
1952,  3, 138.546001,  62.433202,  70.799996,  77.555821,  77.597905,  60.748480,  59.130780,  81.968931,  99.920248, 111.865274, 146.258563
1952,  4, 158.679646,  19.320104,  56.411902, 133.139317, 107.659168,  54.752857, 127.234138, 140.770625, 143.467214, 265.427981, 208.649847
1952,  5, 230.095344,   7.096731,  52.340659, 205.321282, 175.770281,  44.867048, 192.942289, 252.910570, 222.368966, 336.419161, 328.794912
1952,  6, 140.857564,   3.325201,  40.412813,  73.032616, 162.543289,  38.411516, 229.118703, 167.050254, 211.736711, 137.825902, 191.486163
1952,  7,  34.553240,   0.862930,  24.194392,  41.019837,  41.608357,  22.898644, 186.493356,  44.699769,  61.263462,  73.108390,  48.354370
1952,  8,  11.763241,   0.465092,  15.741485,  22.844973,   6.707780,  14.678149,  60.294955,  12.632832,  16.329848,  34.121237,  11.837218
1952,  9,   5.066578,   0.002250,  14.387114,  13.404460,   2.948301,  15.340591,  22.252930,   5.780768,   6.510269,  16.872308,   6.317551
1953, 10,   1.047968,   0.340112,   9.133775,   7.784806,   0.337593,   8.597179,   5.065040,   0.709694,   0.954686,   9.161861,   0.874911
1953, 11,  13.141307,  10.417704,  15.355823,  18.823856,   7.421002,  15.346438,   7.616888,   9.359743,  10.742990,  12.755075,  22.625582
1953, 12,  27.739673,  92.132129,  64.569743,  43.201581,  20.825832,  54.057293,  13.605662,  18.086373,  22.637952,  54.287263,  71.644074
1953,  1, 145.304703,  84.591503, 148.918396, 149.900034,  26.661779, 122.839065,  21.171230,  43.309093,  37.186631, 345.291021, 243.565879
1953,  2,  30.647040,   9.789433,  39.020453,  34.028118,   5.237206,  35.977436,   5.977414,  17.614304,   7.229449, 126.701027,  53.406382
1953,  3,  69.174584,  15.829130,  63.416862,  63.966062,  26.609082,  57.306902,  21.482716,  43.370010,  33.609621, 152.788192, 115.283134
1953,  4, 105.489752,  12.115756,  46.246559,  74.448634,  47.045487,  42.340754,  45.219782,  78.757760,  55.518909, 184.758836, 163.036575
1953,  5, 117.312170,  10.604815,  58.276792,  90.399912,  39.660670,  51.363171,  50.549378,  81.345591,  59.190098, 179.475627, 150.994894
1953,  6, 121.772868,   3.987229,  40.472041,  50.486325,  73.399728,  35.903910, 114.634148,  94.427786, 113.001596, 161.960349, 135.365589
1953,  7,  40.346632,   0.185075,  18.909235,  23.657279,  23.968297,  17.577799,  90.632274,  26.770680,  36.018384,  60.182787,  42.743999
1953,  8,  10.490570,   0.645539,  17.134005,  14.263635,   3.681182,  16.617441,  22.950495,   7.561331,   8.026798,  30.254346,   9.203821
1953,  9,   3.539163,   0.087234,  10.500399,   6.777406,   0.412259,  10.840211,   6.152065,   1.646105,   1.605940,  12.022469,   3.162612
1954, 10,   7.177571,   1.434331,  13.574882,  13.338921,   3.012581,  14.703059,   6.478596,   6.694119,   6.140676,  12.759286,  16.295548
1954, 11,  18.811585,  14.349776,  33.728496,  28.897571,  10.886435,  36.125980,  12.444539,  13.862731,  16.251995,  83.237333,  47.694394
1954, 12,  10.539759,   1.895695,  19.379794,  10.028356,   4.895746,  18.966925,   2.906503,   8.100147,   8.104610,  63.217043,  15.250351
1954,  1,  60.417962,  43.546893,  98.496754,  81.530723,  19.955148,  85.702366,  19.663767,  21.989455,  28.094315, 215.679318, 102.712787
1954,  2,  87.610069,  38.473763,  81.828286, 103.343065,  40.020444,  67.506900,  25.667198,  37.278712,  42.036511, 282.575013, 153.108101
1954,  3, 114.435825,  41.198005,  77.765778,  99.330482,  69.188070,  64.021103,  45.750285,  82.091560,  72.033862, 202.943417, 179.820141
1954,  4, 132.346979,  25.007498,  68.525710, 110.881024, 109.179068,  57.740606, 103.802199, 118.261918, 116.432588, 245.998778, 199.319758
1954,  5,  70.400559,   2.711633,  26.486916,  49.527287, 102.700800,  25.797803, 147.550782,  78.674867, 149.088848,  96.848631,  75.088528
1954,  6,  24.776702,   5.964524,  26.428628,  32.972022,  26.794472,  28.147771,  79.208701,  24.166084,  47.385351,  60.871807,  29.612293
1954,  7,   4.933871,   0.007036,  14.229530,  13.262029,   3.334650,  14.244645,  22.578330,   4.769927,   8.769041,  27.235845,   3.255365
1954,  8,   1.279946,   4.046942,  19.644817,   6.982289,   0.190242,  19.536968,   5.647934,   0.714339,   1.211327,  15.281974,   2.191118
1954,  9,   0.375719,   0.178338,   9.005683,   4.328884,   0.000000,   9.375213,   1.356710,   0.038144,   0.023771,   7.418618,   1.587269
1955, 10,   0.467840,   0.215940,   8.759157,   2.865516,   0.000000,   9.231550,   0.298294,   0.000320,   0.000000,   5.311939,   2.353152
1955, 11,  17.289813,  24.176549,  31.301531,  25.325325,  12.912820,  29.848757,  21.084958,  15.942457,  16.061771,  45.687013,  41.181738
1955, 12,  44.852259,  28.028809,  45.944259,  30.473552,  18.164482,  37.785098,  13.078954,  18.411977,  24.223351, 112.800538,  54.765986
1955,  1,  44.684916,  20.276418,  30.711464,  25.077162,  16.900050,  24.693331,  13.043807,  14.816343,  19.818453,  59.102310,  44.482278
1955,  2,  17.694540,   5.948729,  19.833714,  11.647907,   8.664340,  21.614188,  11.811627,  11.545314,  10.764393,  33.843623,  23.144236
1955,  3,  45.056668,   6.833465,  22.341503,  25.229208,  18.404303,  23.634327,  20.223788,  19.320607,  20.248558,  47.630426,  50.621256
1955,  4,  63.204512,  28.787493,  43.527952,  43.383391,  30.034005,  38.666311,  30.797925,  26.042388,  29.705200,  84.367211, 105.283702
1955,  5, 119.375034,  13.492360,  27.000096,  59.931984,  94.936021,  24.582850, 111.721202, 104.325565,  94.864763, 129.107553, 196.777358
1955,  6,  63.252949,   0.949523,  13.780036,  18.191591,  67.769290,  14.029688, 123.788166,  70.420411,  98.206167,  39.314941,  65.623538
1955,  7,  13.354765,   0.868123,  10.272122,   9.048025,  12.500918,  11.478617,  41.018944,  13.332054,  22.693387,  16.769541,  14.606062
1955,  8,   3.202863,   0.000000,   6.526751,   3.609942,   1.325301,   6.984350,  10.383750,   2.979891,   4.029502,   2.384833,   2.507455
1955,  9,   1.908443,   0.169527,   9.597080,   5.443445,   0.159886,  11.228041,   3.255455,   1.111267,   1.097469,   2.321055,   6.583799
1956, 10,   1.286150,   0.252593,   6.326228,   5.619658,   0.097722,   7.086420,   0.846681,   0.287488,   0.415511,   1.923554,   7.199958
1956, 11,  13.447506,  10.409880,  28.157705,  18.394662,   7.389690,  30.271161,   7.500053,  11.468202,  11.000908,  13.227157,  28.800304
1956, 12, 328.852567,  90.531020, 126.655280, 195.417531, 147.181770, 109.592243, 108.526289, 164.690669, 158.831311, 287.215224, 466.684703
1956,  1, 273.675556, 124.241877, 161.412516, 204.504566, 143.012404, 126.623663,  88.330098, 151.250876, 157.170600, 320.568152, 405.543613
1956,  2,  99.104367,  81.052667, 113.513430, 159.254453,  58.951992,  85.023349,  48.501152,  58.271106,  70.418685, 230.487321, 172.294481
1956,  3,  77.549780,  23.410912,  61.964757,  91.394852,  31.966274,  54.520337,  41.289649,  49.049671,  49.870531, 137.543216,  96.863796
1956,  4,  76.126206,  14.671900,  42.705086,  79.812913,  67.839143,  40.696271,  79.118141,  85.417920,  76.094609, 155.087839, 101.032942
1956,  5, 198.287586,  10.165407,  51.515144,  95.731813, 153.822734,  45.491881, 166.986934, 224.534102, 182.766135, 217.215062, 210.921727
1956,  6, 100.616050,   1.048956,  28.165127,  40.148208, 153.338682,  27.489561, 223.632439, 157.366415, 224.682499,  92.829367,  87.985433
1956,  7,  26.846074,   0.019013,  20.931206,  21.349446,  36.117841,  21.235242, 138.752756,  47.613631,  76.561809,  36.012519,  18.486918
1956,  8,   7.268086,   0.000000,  13.941922,  10.469306,   6.023331,  13.515878,  35.954966,  12.526753,  18.064733,  15.796180,   4.061086
1956,  9,   3.784103,   0.204262,  11.858434,  10.699565,   2.075045,  12.289994,  11.387242,   6.016829,   6.756931,   7.153403,   5.748185
1957, 10,  13.846739,   3.963306,  24.863867,  17.805366,   7.121238,  26.013915,  12.654538,  13.208836,  12.774047,  15.679837,  37.136013
1957, 11,  10.495217,   0.741575,   8.057275,  14.639259,   1.547773,  11.105960,   4.031176,   5.312792,   4.430104,  18.360668,  10.624719
1957, 12,   6.956736,   0.220288,   9.492666,   6.282580,   4.246027,  11.262807,   4.061947,   8.206330,   5.057398,  12.788656,  11.959190
1957,  1,  28.748414,  21.333586,  26.033285,  30.983949,  14.394759,  25.863883,  12.775747,  12.039917,  19.116843,  49.483339,  36.393497
1957,  2,  91.856021,  24.518805,  60.946101,  55.558089,  29.868849,  59.088486,  21.635492,  48.473526,  36.470864, 222.630013, 155.373118
1957,  3, 140.784024,  17.994539,  76.359768,  77.227272,  40.482030,  63.790166,  24.372571,  84.012113,  50.282901, 208.051304, 158.480716
1957,  4,  78.195911,  14.795100,  48.096819,  53.607493,  31.656281,  46.950392,  27.908185,  57.179710,  45.323654, 166.411987, 110.685087
1957,  5, 155.023692,  10.733661,  58.569940,  91.865777,  88.743787,  53.972919,  86.425046, 118.567503, 115.107547, 182.239841, 218.239041
1957,  6,  58.744001,   1.231987,  21.592890,  32.340684,  63.632403,  22.988879, 128.593716,  58.883150,  99.321638,  76.041430,  52.277231
1957,  7,  16.158082,   0.111998,  14.616229,  17.189006,   8.822866,  15.954117,  35.449346,  12.051716,  18.429910,  39.416215,  12.586334
1957,  8,   3.190469,   0.000000,  10.675131,   8.464402,   0.753639,  11.911538,   8.497958,   2.423042,   3.174997,  16.083675,   1.346424
1957,  9,   1.487533,   4.240741,  25.823982,  10.677062,   1.261234,  28.336097,   5.118608,   1.023570,   0.984020,  19.836434,   9.691104
1958, 10,  11.852008,  26.958057,  32.722969,  29.335623,   4.558002,  34.047302,  10.075036,   8.210113,   9.856955, 103.986569,  32.664374
1958, 11,  13.562075,   3.676090,  28.983382,  16.463829,   4.829498,  29.015751,   5.237341,   9.325012,   9.094970,  98.682329,  26.797926
1958, 12,  39.962393,  25.995630,  49.252091,  51.849486,  22.296711,  45.060055,  22.778846,  19.142740,  26.624509, 157.834652,  76.907882
1958,  1,  67.197460,  61.163995,  76.964179,  62.149055,  27.112998,  68.493822,  22.709536,  33.463769,  34.085087, 230.701563, 132.484357
1958,  2, 199.883369, 259.590810, 185.076297, 199.842870,  65.865195, 131.569786,  51.741510,  92.903732,  67.069122, 638.900767, 347.921726
1958,  3, 191.926760, 144.553357, 117.529942, 162.873336,  99.969003,  88.651598,  78.781250, 108.773597, 108.417546, 333.046316, 234.311790
1958,  4, 259.694971,  93.963288, 112.974410, 177.424170, 156.986712,  83.422966, 131.007629, 166.462471, 164.909958, 304.082598, 256.761839
1958,  5, 175.531861,  17.285742,  53.739647, 103.899446, 209.649704,  50.382454, 192.824887, 241.263568, 214.437861, 235.696682, 240.385275
1958,  6,  75.252214,   3.905859,  53.920502,  61.896830,  82.972419,  49.338285, 178.734204, 100.483191, 113.467466, 121.350377,  71.360185
1958,  7,  21.211105,   2.140054,  33.315927,  33.958258,  17.838764,  33.642206, 118.837365,  28.139960,  28.935823,  61.081771,  16.998024
1958,  8,   6.688614,   0.064438,  20.899787,  17.485527,   2.656689,  20.505397,  34.628808,   8.374685,   6.551676,  28.206761,   3.808525
1958,  9,   3.903371,   0.024611,  17.093652,   9.830179,   4.504851,  17.443530,  20.246960,   4.734145,   7.838350,  13.794599,   4.462368
1959, 10,   1.526864,   0.523747,  13.071258,   8.028520,   0.088742,  13.041689,   3.058233,   0.566651,   0.408089,   6.922620,   4.569806
1959, 11,   7.797897,   0.817959,  13.228058,  11.954415,   2.787549,  13.627996,   5.243370,   5.159035,   5.150513,   8.523261,  16.890047
1959, 12,   6.652540,   3.956940,  15.637979,  12.106004,   3.433435,  16.405055,   3.277617,   4.876278,   8.325599,  11.348909,  18.173799
1959,  1,  49.121586,  33.486295,  88.570376,  60.223880,  23.537939,  82.526857,  18.567317,  36.558419,  35.024767, 258.860766,  87.162930
1959,  2,  51.071706,  55.293033,  78.004316,  71.614175,  22.433370,  65.949734,  23.555961,  20.419696,  29.934053, 160.094670,  90.233025
1959,  3,  43.045287,   8.637192,  42.008012,  49.353926,  32.149569,  43.542370,  29.942531,  40.534642,  28.585237, 138.984914,  88.453288
1959,  4,  55.340956,   3.917532,  27.087782,  35.745084,  54.500093,  29.184492,  55.298913,  46.778688,  49.832186, 139.541408,  88.548930
1959,  5,  42.883657,   0.324733,  21.389222,  27.694106,  40.374663,  25.854030,  61.848006,  43.930843,  61.686310,  57.809976,  52.463155
1959,  6,  19.320561,   0.005275,  11.934495,  10.424873,  14.719941,  13.998769,  45.479084,  17.996361,  27.127371,  28.418595,  10.628458
1959,  7,   4.866551,   0.000000,   8.454594,   4.147112,   1.694589,   9.675389,  13.167681,   3.994638,   4.659294,   7.642422,   2.270244
1959,  8,   1.151213,   0.512447,   7.374943,   2.756397,   0.178110,   8.970778,   3.231507,   1.237977,   0.692425,   1.011156,   2.249155
1959,  9,  10.197458,   5.562420,  15.558193,  16.762472,  21.361749,  18.541644,  30.819863,  22.096200,  32.424820,   4.803512,  25.751654
1960, 10,   0.064090,   0.013696,   4.759602,   0.778495,   0.032496,   5.580651,   0.359380,   0.030840,   0.092406,   0.474909,   0.304491
1960, 11,   0.011705,   0.005297,   2.441112,   0.242408,   0.000946,   2.778080,   0.113495,   0.000364,   0.009507,   0.086100,   0.000000
1960, 12,   7.994050,   8.070545,   8.497610,  10.549091,   3.955030,   9.148481,   2.787888,   4.704887,   4.905659,   3.663274,  16.525865
1960,  1,  38.071791,  19.667663,  31.389321,  44.302920,  14.701938,  34.706339,  10.959998,  17.709474,  21.636285,  22.143264,  67.616683
1960,  2, 109.274819,  48.509053,  69.891168, 118.808697,  25.491813,  61.900628,  17.191848,  32.050582,  33.928849, 233.047429, 190.158954
1960,  3, 107.623378,  32.014142,  64.029389, 101.055759,  56.861000,  60.694027,  46.855990,  68.072961,  63.232463, 173.489084, 222.336629
1960,  4,  61.529747,  11.729927,  32.897905,  58.904497,  63.885146,  33.482331,  59.793222,  68.953166,  72.569280, 113.876001, 127.580197
1960,  5,  54.143658,   5.486048,  39.385700,  47.157816,  60.058263,  37.836385,  56.030210,  65.942748,  86.385690, 106.046665, 103.124622
1960,  6,  20.810411,   0.542449,  16.998345,  20.735551,  13.167569,  16.041177,  19.749798,  20.024290,  28.240629,  50.328255,  28.850250
1960,  7,   4.694515,   0.021752,  12.070074,  10.330532,   2.560557,  12.403587,   5.958308,   5.226877,   7.181305,  20.089066,   6.062388
1960,  8,   0.782453,   0.000000,   8.420846,   4.904504,   0.069331,  10.387732,   0.778804,   0.607730,   0.677961,   4.831208,   0.722238
1960,  9,   0.406440,   0.000000,   6.719418,   3.574474,   0.325249,   7.789703,   0.853195,   0.711360,   1.458610,   0.587323,   0.183400
1961, 10,   2.348522,   0.477788,   8.306902,   5.538493,   2.302093,   9.805960,   3.295731,   2.473615,   2.870888,   3.131049,   4.280566
1961, 11,  25.681089,  15.088188,  33.210355,  39.460945,  17.284667,  37.983298,  20.503769,  19.086412,  21.401370,  19.136785,  54.438160
1961, 12,  12.478190,  26.944261,  47.639670,  28.152390,   8.507575,  43.512942,   8.759620,   9.107114,  11.397486, 170.866209,  21.344709
1961,  1,   4.183408,  21.821334,  25.263476,  12.216438,   7.767865,  23.914967,   8.842203,   9.733375,  10.289498,  58.858114,  17.139308
1961,  2,  30.620155,  38.075583,  70.024668,  62.541465,   6.686275,  60.340830,   7.369719,  11.739702,  10.703172, 196.733028,  59.185899
1961,  3,  40.503717,  31.749540,  63.066461,  62.218401,  20.142564,  57.284760,  19.313463,  26.020512,  24.006293, 165.654565,  81.686315
1961,  4,  47.434017,   8.734921,  33.091558,  46.958718,  27.450701,  32.592325,  32.649967,  36.696288,  34.080249, 114.104705,  87.783428
1961,  5,  66.975058,   3.091117,  34.285896,  46.060405,  30.021731,  32.719794,  44.319578,  39.962520,  52.970677,  97.658960,  92.000406
1961,  6,  31.185866,   1.093040,  19.745010,  27.895435,  16.785369,  21.921365,  23.255439,  17.835026,  35.998720,  58.141660,  32.665141
1961,  7,   7.955095,   0.006512,  11.604164,  10.328085,   3.083757,  12.082247,   7.211989,   4.870819,   8.610050,  22.670614,   5.392230
1961,  8,   2.354074,   2.011958,  12.059325,   6.604484,   1.473105,  13.845784,   4.141518,   3.619863,   7.608799,   7.903445,   3.332139
1961,  9,   2.906054,   0.919114,   7.938224,   4.226771,   1.826339,   8.795729,   4.713480,   6.513717,   4.495083,   4.711911,   1.730929
1962, 10,   5.860344,   0.344806,  10.558400,   5.412521,   1.751719,  12.876216,   3.121164,   2.607581,   3.037917,   5.276486,  12.474704
1962, 11,   6.058345,  12.352031,  27.998788,  12.752646,   9.621467,  29.598526,  10.426133,   9.047041,  11.607186,  31.891961,  17.828879
1962, 12,  20.504238,  20.173857,  43.445774,  35.406587,   7.264499,  41.544902,   4.902600,   8.471685,  10.168636, 134.245263,  36.985993
1962,  1,  16.294252,   6.803630,  23.393527,  22.905215,   5.876389,  24.215470,   7.985556,  13.695260,   8.622196,  59.036692,  25.000856
1962,  2, 161.035667,  67.657297, 103.885444, 169.556572,  76.507068,  86.489097,  65.696887,  74.085792,  77.167868, 302.354138, 247.101126
1962,  3,  75.695693,  64.199912,  64.283449,  74.670069,  49.285375,  57.326467,  43.119066,  54.169499,  53.175671, 154.994528, 116.903149
1962,  4, 110.755291,   7.392546,  30.875992,  84.009110,  88.756894,  33.949099, 102.776160, 126.710246, 102.983804, 147.600185, 160.085607
1962,  5,  66.765304,   2.730826,  30.211437,  50.902088,  79.806934,  34.356553, 113.429551,  91.648688, 100.778319,  85.957410, 116.282709
1962,  6,  53.938017,   0.754280,  14.769200,  26.338415,  84.495334,  14.942453,  97.371344,  76.999911, 108.072653,  40.856767,  64.114224
1962,  7,  13.515668,   0.000130,  10.356350,  12.156809,  16.788470,  11.147343,  32.633487,  18.260111,  25.880796,  16.024651,  12.458790
1962,  8,   3.762393,   1.257502,  11.086842,   7.081554,   2.688430,  11.862750,   8.413007,   4.952581,   6.200218,   8.432501,   5.637154
1962,  9,   0.917896,   0.377124,   8.471261,   2.836751,   1.837423,   9.407042,   4.808449,   1.599538,   4.353250,   2.674344,   1.937694
1963, 10,  94.339618,  19.249198,  68.288028, 120.622543,   8.379508,  72.318698,   9.158558,  22.289953,  13.999192, 147.289816, 195.535515
1963, 11,  13.024157,   5.070474,  23.914477,  21.724488,   1.646963,  25.577682,   1.443735,   4.229258,   4.020742,  92.152084,  32.894825
1963, 12,  63.611871,  14.366350,  52.888741,  66.643648,   8.303385,  45.222006,   3.763445,  14.908117,  13.817336, 148.056536, 128.265739
1963,  1,  13.899516,  14.517328,  24.418921,  33.338773,  41.852858,  21.459153,  32.580477,  49.062971,  56.247204,  55.573326,  70.470644
1963,  2, 247.560598,  60.393215,  75.235525, 139.944648, 113.734500,  67.003278,  65.559375, 158.827821, 149.072725, 218.370957, 306.322235
1963,  3,  89.379324,  42.819209,  55.187427,  76.173534,  48.455034,  53.994626,  35.413943,  60.332108,  61.251217, 150.463740, 115.567259
1963,  4, 177.125021,  66.857535, 119.801005, 174.762963,  79.703979,  93.391686,  62.058866, 120.402850,  93.411353, 284.638038, 241.355842
1963,  5, 179.675844,  15.591173,  57.018571,  99.878229, 142.966862,  55.218168, 136.372125, 176.126768, 164.047945, 184.635357, 209.342378
1963,  6,  63.172348,   2.218183,  30.420150,  49.703539,  57.797721,  33.132419,  94.948073,  58.856046,  70.642518,  77.644994,  57.953651
1963,  7,  19.680125,   0.145680,  18.967413,  25.773598,  11.056432,  19.676339,  44.893179,  14.647684,  15.106597,  42.676017,  13.548863
1963,  8,   5.246079,   0.000000,  14.464640,  13.534495,   2.027727,  15.153516,  12.732718,   3.736792,   3.133873,  16.483556,   2.462556
1963,  9,   4.178998,   0.000000,  12.428618,  12.966460,   2.024117,  14.081124,   7.243985,   4.371870,   4.333789,   5.058218,   5.991024
1964, 10,  11.838863,   5.623725,  18.555431,  17.616464,   6.062041,  19.648013,   9.638207,  12.031357,  11.703730,  27.654371,  21.224230
1964, 11,  66.228010,  20.866389,  45.325899,  54.061073,  28.175431,  44.863662,  30.901811,  33.610419,  35.828343, 138.043854, 100.526058
1964, 12,  13.448981,   2.817771,  15.060580,  11.667966,   2.531075,  14.915261,   1.847844,   9.081053,   3.422685,  59.060817,  13.679134
1964,  1,  57.432727,  15.780474,  52.142640,  56.780932,   9.682021,  46.351990,   6.035337,  17.496903,  16.816280, 149.247843,  94.992268
1964,  2,  18.992233,   1.916101,  21.739938,  19.193956,   3.086086,  19.846971,   3.446209,  10.371828,   5.735056,  62.109040,  28.515257
1964,  3,  35.958118,   8.320494,  24.625708,  26.793121,  19.356621,  25.326620,  18.309005,  32.476431,  27.315647,  53.472268,  47.226931
1964,  4,  60.153547,   2.070478,  15.595486,  33.391612,  32.460075,  16.497697,  37.292834,  52.216173,  41.591564,  59.086584,  69.828852
1964,  5, 119.529846,   0.826469,  18.686463,  42.930035,  60.884868,  21.523987,  62.393113,  83.594392,  86.044976,  40.506600, 112.839554
1964,  6,  59.101123,   1.138508,  21.329898,  24.223324,  36.380145,  22.737432,  32.914193,  37.656779,  55.027972,  30.232146,  64.469533
1964,  7,  15.604341,   0.022255,   6.947062,   7.665607,   6.209314,   6.792904,   9.166089,   8.511782,  11.085629,   9.865775,  11.824161
1964,  8,   4.146068,   0.001208,   4.788455,   3.341009,   1.414245,   4.766925,   3.042804,   1.952072,   2.457913,   2.206852,   2.968402
1964,  9,   1.761508,   0.139793,   5.237930,   3.688674,   0.965387,   5.500308,   1.992187,   1.647094,   2.412419,   1.171239,   2.325487
1965, 10,   2.458364,   7.270192,   7.541391,   2.790785,   9.226305,   6.482031,  10.060589,   8.942384,  12.124411,   3.044502,   7.839388
1965, 11,  31.977729,  24.138061,  28.536401,  35.221238,  17.976660,  27.995107,  14.276519,  21.945753,  24.438378,  36.968287,  57.201812
1965, 12, 346.342988,  59.531055, 120.390222, 182.335562,  79.290785, 100.149569,  42.518306, 167.922717, 126.092576, 375.496904, 492.733354
1965,  1, 218.817197,  79.755710, 111.759199, 200.686042,  84.469226,  91.558980,  45.402199, 133.091628, 110.421913, 183.243519, 345.091792
1965,  2,  77.395931,  13.625380,  35.862137,  66.741645,  39.069767,  34.040386,  32.279162,  66.200301,  55.316382, 113.369454, 101.915484
1965,  3,  76.438856,  10.515305,  29.039886,  72.135416,  30.721825,  27.825079,  32.555321,  46.867507,  45.117897,  91.863521,  79.640812
1965,  4, 143.085579,  64.048878,  80.128477, 115.005535,  97.333413,  64.186457,  89.181869, 122.185640, 110.716088, 243.653406, 180.751305
1965,  5, 103.675527,   7.628845,  29.355870,  65.043637, 123.565182,  28.236529, 121.240137, 136.181504, 121.845775, 120.219932, 126.565182
1965,  6,  70.985122,   0.860962,  24.342978,  38.273212, 130.218418,  27.107921, 105.627448, 102.796629, 124.898819,  55.087296,  53.813318
1965,  7,  21.993985,   0.053892,  14.986015,  19.006060,  36.248914,  15.272129,  39.301538,  27.085537,  37.125758,  24.214534,  10.232013
1965,  8,  13.267186,   3.512224,  21.634977,  22.112004,   9.658382,  22.982773,  12.985330,  19.582356,  22.870381,  10.931935,  22.263768
1965,  9,   3.565445,   0.000000,   7.690953,   7.235299,   1.197418,   7.849085,   2.883276,   4.355298,   4.552092,   3.230161,   3.672138
1966, 10,   3.073346,   0.023476,   6.083693,   3.503132,   1.664105,   6.133112,   2.507258,   2.887689,   3.436592,   1.220646,   4.395214
1966, 11,  46.728981,  32.103977,  51.360980,  50.086974,  49.759523,  49.583668,  36.829864,  42.530611,  55.173226, 104.169408,  69.268577
1966, 12,  14.210657,  10.413654,  20.710084,  17.477590,  22.503261,  19.285494,   9.277783,  17.962881,  22.402535,  45.713595,  24.685040
1966,  1,  22.470876,  41.532926,  72.036080,  52.915912,  15.515704,  64.476487,   5.365564,  15.071098,  14.795740, 106.815972,  52.504559
1966,  2,  33.660193,  48.208619,  47.687152,  33.697823,  13.013519,  41.864339,  10.167367,  17.622954,  17.485079, 103.169535,  43.828489
1966,  3,  63.208060,  13.591722,  49.111778,  49.011455,  27.711190,  46.690974,  29.520532,  54.117674,  37.543208, 152.465923, 101.861370
1966,  4, 127.798408,   3.536965,  28.250444,  62.362457,  65.203540,  29.760261,  56.808513, 107.737531,  76.280901, 223.555322, 186.946166
1966,  5,  55.688342,   0.631852,  15.841272,  26.728207,  74.696176,  16.617190,  75.122105,  67.946135,  96.630646,  78.620277,  60.318360
1966,  6,  14.079103,   0.026811,  11.912543,  12.629270,  15.211921,  14.447064,  24.029490,  15.537448,  22.011228,  33.757233,  13.097739
1966,  7,   3.966267,   0.000000,   8.690210,   6.167281,   2.341144,   9.682016,   6.358606,   4.181581,   4.682697,  13.254393,   2.370494
1966,  8,   0.972678,   0.176136,   6.739625,   2.201760,   0.443342,   7.604303,   2.761778,   0.808975,   0.727161,   2.477474,   0.403194
1966,  9,   0.331278,   0.673930,   6.440901,   1.234549,   0.888426,   7.600212,   1.382073,   0.646057,   1.825561,   2.404677,   0.078868
1967, 10,   0.021743,   0.000000,   3.449957,   0.438099,   0.012630,   3.993032,   0.078298,   0.000000,   0.061205,   0.585194,   0.013141
1967, 11,  31.091128,  23.472664,  48.598772,  51.791733,  21.905086,  51.960852,  20.326191,  31.776476,  37.374124,  64.473617,  93.953446
1967, 12,  77.257761,  22.688280,  58.732668,  77.192109,  43.593251,  56.682237,  39.301669,  31.983320,  41.246271, 182.091323, 119.315840
1967,  1, 109.845989,  63.421818,  72.660313, 124.263333,  48.104348,  68.610104,  24.550752,  51.259344,  49.219880, 149.980653, 242.945589
1967,  2,  93.724543,  26.233870,  42.962811,  98.757812,  35.940668,  36.292833,  26.329588,  43.654816,  30.193274, 107.410002, 131.879372
1967,  3, 109.787569,  35.125774,  75.313410,  98.274664,  84.620429,  67.907251,  62.482651,  99.393288,  80.181322, 153.234254, 167.555829
1967,  4, 107.845300,  56.610749,  80.733999,  72.095180,  81.100029,  64.569603,  64.289915,  84.366717,  97.394995, 125.935876, 122.768595
1967,  5, 262.063843,  18.216849,  52.451870, 157.577340, 200.911308,  49.134259, 217.333435, 253.294765, 231.697516, 261.960547, 276.605751
1967,  6, 112.584199,  22.410319,  36.716615,  73.107515, 189.333990,  33.857835, 179.177246, 186.958042, 207.950130,  82.533270, 138.664582
1967,  7,  31.702012,   1.411795,  21.181188,  32.497985,  72.163101,  21.635288, 102.209420,  59.276305,  69.930757,  37.005550,  29.478007
1967,  8,   9.923062,   0.190980,  15.486743,  17.010334,  13.048415,  15.937499,  26.696076,  17.419475,  19.151416,  10.891867,   7.674878
1967,  9,   4.559445,   0.163545,  11.075044,  10.136591,   4.709645,  11.599321,  12.524457,   9.103959,   9.164403,   3.272649,   4.161521
1968, 10,   8.388367,   1.109324,  13.612223,  15.262506,   0.579276,  14.867371,   2.434936,   6.420799,   2.930388,   8.365319,  16.665836
1968, 11,   9.319503,   7.269689,  15.696697,  15.085525,   7.703474,  16.215266,   9.321737,   9.444724,  12.521823,   6.374750,  20.719275
1968, 12,  17.158404,  14.728815,  23.082889,  23.849753,   6.359704,  22.584008,   4.990250,  11.274138,   9.654605,  22.213876,  30.819764
1968,  1,  26.576316,  47.660382,  52.610334,  49.121691,  11.142081,  50.250539,  11.286698,  19.202864,  21.728187,  42.599747,  67.502913
1968,  2,  99.206775,  69.828098,  73.474037,  85.948991,  18.149324,  61.724623,  19.973064,  47.329287,  36.042210, 190.594682, 195.848621
1968,  3,  87.130477,  27.510706,  50.664086,  85.694403,  26.268816,  43.555585,  19.945951,  56.507725,  40.859138, 136.831538, 154.881910
1968,  4,  51.342873,   5.991840,  21.043224,  50.543378,  28.351482,  20.517058,  23.204993,  45.724950,  39.432081, 102.526455,  82.951708
1968,  5,  51.657653,   3.409428,  24.413964,  45.350259,  45.284129,  27.247678,  36.661226,  50.421878,  68.472801,  88.617184,  48.476977
1968,  6,  21.683374,   0.646219,  14.485622,  21.081391,  15.322465,  15.141069,  13.364143,  17.247325,  22.962376,  36.488666,  12.771691
1968,  7,   4.814234,   0.000000,   8.456650,   8.979374,   2.775597,   8.413969,   4.095290,   4.327179,   5.997051,  13.344486,   1.743508
1968,  8,   6.736087,   4.699947,  20.035832,  12.048522,   1.209778,  21.444107,   1.216190,   5.798762,   4.285140,   8.029344,  13.406515
1968,  9,   0.504520,   0.007779,   5.089808,   2.319116,   0.000161,   5.290951,   0.046949,   0.203565,   0.106741,   2.406743,   0.153293
1969, 10,   7.629222,   0.822971,  14.404384,  14.639406,   7.114563,  15.581165,   9.950083,   9.735940,  14.014574,   6.463107,  27.765392
1969, 11,  31.682377,  10.804658,  23.251074,  28.914258,  16.308678,  22.857757,  15.211157,  29.238891,  31.442723,  11.594129,  50.777421
1969, 12,  38.983373,  31.613023,  56.430017,  47.652171,  17.987770,  43.467600,  15.566432,  14.912657,  22.419871,  99.332692,  59.505709
1969,  1, 347.680346, 100.205449, 148.380192, 237.630525, 163.737188, 112.162056,  97.576278, 239.313084, 179.842329, 113.946312, 496.715051
1969,  2, 151.531689, 125.694207, 118.049220, 121.958623, 128.261066,  79.824871,  74.567780, 100.146344, 119.652867, 112.822457, 225.455125
1969,  3, 121.291631,  83.658138,  74.608886,  82.134595,  87.534794,  58.051555,  71.184395,  91.304997, 108.591790, 104.231293, 130.221517
1969,  4, 153.475188,  36.894457,  63.954666, 125.276246, 127.529872,  52.360557, 140.962646, 134.558566, 129.290060, 200.201186, 182.271292
1969,  5, 199.498030,  11.167762,  38.619227, 142.141440, 228.294080,  33.562474, 228.569614, 267.642652, 255.858242, 400.841268, 259.828544
1969,  6,  62.713641,   4.476510,  33.449475,  61.417065, 222.263239,  31.853901, 227.459681, 150.925617, 209.566602, 138.813024,  62.291188
1969,  7,  18.046086,   0.541266,  19.351610,  27.987555,  56.669343,  16.700601, 129.535873,  40.822197,  52.678093,  52.585669,  15.461320
1969,  8,   4.850873,   0.055492,  14.145932,  14.285823,   9.380676,  12.770640,  43.318564,  10.721599,  12.109537,  22.068132,   3.108128
1969,  9,   1.604104,   0.001483,  10.380348,   7.099858,   1.120505,   9.603980,  11.606125,   4.445354,   2.426265,   9.845745,   0.392442
1970, 10,  14.676494,   4.834788,  17.710249,  18.602238,  15.453311,  19.179782,  14.930584,  20.018038,  23.693921,  12.247317,  28.293820
1970, 11,  13.026532,   1.611804,  14.344012,  15.087851,   8.208904,  15.011169,   8.190337,  13.696609,  12.911135,  10.641029,  19.424406
1970, 12,  93.803864,  41.610712,  81.889514,  94.348017,  15.166417,  75.134179,  14.599879,  39.538931,  28.111167, 234.309325, 163.526505
1970,  1, 313.343318, 129.492373, 206.207389, 294.605403,  90.138018, 152.970146,  47.453570, 180.405749, 125.460801, 477.844491, 569.186487
1970,  2, 109.651284,  51.434569,  72.376859, 128.415715,  46.781358,  56.749527,  25.131262,  72.842565,  59.335850, 173.822333, 184.988010
1970,  3, 103.117260,  39.454236,  72.967773, 117.033405,  59.565730,  62.169845,  40.583315,  75.283172,  68.325901, 173.932542, 152.559222
1970,  4,  40.695987,   5.031143,  32.751575,  56.381525,  23.442980,  31.314143,  21.492217,  39.974053,  29.941938,  87.382606,  54.651018
1970,  5,  48.222943,   0.560992,  27.774683,  45.178745, 109.152187,  27.658691,  76.877522, 120.421607, 137.914706,  70.078952,  48.107038
1970,  6,  26.719336,   0.544520,  27.235336,  26.152010,  62.982355,  28.166576,  44.116844,  62.886703,  81.772316,  32.545439,  18.394588
1970,  7,   6.281320,   0.042792,  13.064376,  12.003060,  10.137077,  12.718118,  10.829619,  13.749467,  17.182314,   9.837911,   1.787670
1970,  8,   1.403272,   0.000000,   9.826982,   4.046576,   0.964735,   9.595914,   2.183684,   3.460256,   2.975016,   1.157343,   0.208660
1970,  9,   0.536254,   0.000000,   7.444811,   2.080818,   0.007394,   7.522170,   0.349704,   0.714348,   0.210509,   0.260155,   0.919402
1971, 10,   7.844898,   1.994710,  15.368821,  12.783829,   1.461134,  16.720384,   1.599092,   3.678757,   3.175797,   4.776433,  20.098484
1971, 11,  46.184618,  30.628145,  62.004450,  51.715299,  26.407534,  62.029161,  24.350321,  36.333826,  44.583537, 113.449553, 108.678127
1971, 12,  85.847470,  42.894738,  81.071194,  90.016014,  17.628031,  62.773810,  12.828791,  18.793059,  23.764198,  95.337680, 122.328130
1971,  1,  45.304949,  50.675217,  91.161093,  61.211978,  16.314021,  76.301951,   9.956387,  29.743858,  19.095177, 134.710580,  90.192192
1971,  2,  46.378490,   6.042043,  31.009237,  29.006165,  10.514794,  29.947926,  11.353278,  33.955377,  19.355066,  81.490088,  59.866706
1971,  3, 119.298102,  33.706114,  81.698359, 104.424648,  34.448625,  71.930117,  27.602299,  63.907862,  58.061356, 202.933904, 191.466868
1971,  4,  97.526754,   9.562661,  46.646806,  93.989649,  29.683967,  40.811805,  27.571835,  73.969775,  50.234164, 130.310572, 150.099199
1971,  5, 122.496481,   6.410149,  43.365564, 101.894504,  60.784906,  44.641006,  53.373508, 107.672678,  88.543636, 266.863672, 194.606968
1971,  6,  95.728879,   0.445796,  36.728226,  63.183867,  82.741520,  37.178256,  66.055846,  96.499905, 118.698846, 157.762652, 116.195867
1971,  7,  24.845852,   0.564120,  17.810477,  29.308452,  19.605476,  16.916315,  23.283006,  24.928082,  34.037882,  46.399736,  23.756496
1971,  8,   7.398453,   0.030851,  12.693567,  13.505653,   4.980564,  12.607756,   6.957755,   6.948168,   9.139746,  20.298505,   6.498502
1971,  9,   2.501140,   0.159911,  13.643758,   9.531227,   2.042241,  13.804960,   2.990529,   3.807185,   4.795664,  11.711000,   4.429924
1972, 10,   6.926179,   0.430178,  11.928596,  11.157049,   1.537793,  15.604028,   2.025328,   3.718072,   3.279783,  10.882865,   9.123910
1972, 11,  17.092691,   6.232690,  21.378031,  17.013516,  15.246496,  22.653835,  12.936620,  18.520579,  24.266604,  36.423569,  32.442097
1972, 12,  40.830699,  17.992194,  20.253826,  22.536561,  13.967719,  17.153754,  13.118243,  13.178004,  18.510416,  23.059988,  33.988294
1972,  1,  17.036470,  11.917157,  39.004234,  27.026440,   4.246656,  39.104693,   2.513937,   8.495427,   6.443827, 127.064779,  32.546206
1972,  2,  59.910551,  12.665017,  43.656525,  40.760002,  10.811509,  40.931967,   7.421011,  19.350344,  21.264701,  96.360895,  82.778937
1972,  3, 125.150549,   3.663199,  54.023449,  70.524378,  37.134801,  45.866235,  28.641881,  86.082973,  52.273275, 258.928489, 167.925075
1972,  4,  90.695911,   5.111195,  45.383279,  60.015461,  35.973323,  40.476808,  18.554963,  57.294268,  46.062200, 132.153141, 148.079516
1972,  5,  63.070048,   4.300679,  23.743599,  40.564624,  78.021681,  23.423943,  42.719575,  70.462998,  88.931852,  82.888481,  95.647727
1972,  6,  28.571999,   0.383850,  15.436751,  18.282186,  36.764201,  15.126352,  29.102756,  23.952613,  45.339919,  46.430808,  23.890564
1972,  7,   5.675135,   0.000789,   9.467518,   7.906722,   5.803268,   8.931155,   5.965436,   5.374934,   9.228172,  17.923345,   4.246221
1972,  8,   1.301339,   0.034928,   7.806842,   3.569325,   1.988174,   8.086700,   1.750269,   1.593541,   1.922306,   5.305381,   0.955526
1972,  9,   7.538516,   0.941338,  13.598153,   7.891817,   4.491612,  15.410128,   8.207206,   3.581177,   5.018142,   4.745084,  16.089337
1973, 10,  10.014071,   8.950899,  17.384304,  20.070106,   2.945238,  17.953899,   5.362091,   4.588445,   5.010113,  13.405008,  29.374039
1973, 11,  33.097050,  27.666748,  37.514777,  36.581918,  15.406378,  33.639730,  13.831323,  18.239236,  21.487657,  81.013607,  65.659741
1973, 12,  46.021665,  26.287890,  38.808293,  34.333833,   9.436182,  33.264028,   6.031917,  16.447477,  18.856847, 109.931971,  77.576139
1973,  1, 183.210997, 105.192950,  91.899205, 141.583917,  32.278183,  70.271950,  18.478995,  55.834624,  37.752540, 207.027251, 286.144080
1973,  2, 137.907095, 138.706520,  87.503106, 120.306655,  59.911915,  67.537598,  32.579464,  49.913561,  60.899103, 251.274157, 203.384810
1973,  3, 114.649166,  91.172198,  72.181282, 106.998662,  55.408547,  52.385713,  32.551239,  49.369069,  62.793518, 170.929193, 145.089121
1973,  4,  72.849276,  16.141734,  34.528677,  71.800639,  51.670950,  32.923235,  48.984073,  85.175393,  63.342553, 134.327217, 105.919295
1973,  5,  93.199400,   2.377547,  27.043440,  61.749445, 147.036014,  25.774659, 152.868350, 182.027687, 178.656633,  80.024152, 148.502335
1973,  6,  24.942695,   0.225139,  15.933392,  26.574694,  65.846996,  14.550926, 104.105710,  58.963672,  81.830112,  33.496336,  30.337386
1973,  7,   6.840387,   0.002213,  12.707132,  13.785991,  11.545730,  11.957741,  31.486247,  16.156086,  18.927056,   9.664763,   8.217163
1973,  8,   2.932287,   0.000928,   9.040060,   7.457854,   2.534334,   8.772765,   9.142312,   4.808447,   5.149962,   1.307363,   5.731191
1973,  9,   3.583319,   0.239485,  13.490763,   9.120136,   0.068761,  15.461369,   1.741241,   0.730495,   0.367200,   4.583326,  10.961708
1974, 10,  13.398707,   5.505061,  21.813238,  19.739963,  10.919578,  22.602522,  11.558157,  16.617315,  16.203152,  42.090616,  31.487765
1974, 11, 100.065956,  28.217494, 107.527268, 126.642998,  23.051414,  91.795400,  24.216591,  37.258951,  40.863949, 266.891601, 248.159444
1974, 12, 119.590969,  40.570460,  94.260807, 105.239512,  28.282030,  81.245222,  18.910667,  53.725828,  43.778841, 299.502589, 190.713444
1974,  1, 194.812993,  64.065808, 151.680289, 170.949059,  32.608683, 110.730991,  29.712099,  70.112062,  44.128717, 413.390458, 282.821735
1974,  2,  77.454294,  17.455494,  59.901615,  81.147256,  11.723685,  50.219048,  13.980031,  27.274086,  18.406306, 152.970631, 115.687188
1974,  3, 184.794293,  66.491864, 147.330289, 202.640990,  77.462404, 113.526257,  63.889895, 127.142867,  93.269619, 340.046402, 349.723246
1974,  4, 161.571582,  39.039037,  91.243895, 160.758907,  75.798775,  66.340537,  63.815339, 111.518582,  92.062735, 260.442410, 216.195935
1974,  5, 123.455631,   5.594250,  40.382819,  82.390170, 145.137560,  36.383791, 110.902131, 172.818105, 175.462090, 194.345032, 155.214363
1974,  6,  40.172536,   2.454608,  29.027900,  43.722186,  80.219872,  25.219305,  73.417416,  63.048725,  84.918663,  95.015505,  31.927205
1974,  7,  39.431732,   6.669245,  29.231093,  38.841398,  18.375915,  27.846009,  23.561385,  36.920193,  32.486707,  41.588981,  50.348911
1974,  8,   4.139885,   0.176837,  17.581017,  14.647006,   2.186626,  17.872983,   6.062775,   5.925402,   4.847649,  15.118401,   3.166685
1974,  9,   0.829389,   0.000000,  11.605335,   5.861553,   0.042503,  11.153366,   0.990329,   0.916951,   0.442519,   3.741480,   0.326948
1975, 10,   7.243502,   4.062971,  14.301781,   8.178588,   6.361752,  13.565119,   9.150019,  11.869927,  13.515898,   5.211351,  13.508057
1975, 11,  14.049360,   1.265918,  14.559034,  18.275171,   4.954392,  16.366241,   8.531878,   9.978915,   9.145672,   9.599857,  23.346847
1975, 12,  11.618866,  24.370774,  23.889631,  17.577667,  12.756430,  23.472499,  11.717161,   8.956252,  14.170747,  26.490771,  25.674588
1975,  1,  28.854044,   5.504679,  17.955317,  22.092632,  11.137746,  17.626690,  13.517304,  19.197283,  15.381010,  68.253460,  32.578014
1975,  2,  90.347390,  76.097910,  76.153695,  96.171549,  36.516752,  64.680438,  23.925894,  45.773502,  43.696850, 141.754013, 168.563860
1975,  3, 145.450338, 127.637688, 113.120503, 106.754233,  71.963607,  82.334392,  61.170020,  95.921489,  82.934020, 271.873055, 224.361593
1975,  4,  85.071279,  28.982610,  58.032976,  56.956393,  49.853789,  49.731799,  49.570887,  65.784702,  72.482200, 103.748622, 122.583008
1975,  5, 174.361855,  10.920182,  35.665485, 127.344460, 132.391523,  31.639190, 135.067530, 194.422808, 163.190147, 280.578317, 248.847495
1975,  6,  85.617292,   3.240257,  26.925040,  48.557922, 115.023054,  25.360955, 122.264121, 141.024739, 149.907975, 111.139342,  95.650474
1975,  7,  18.408109,   2.827259,  21.413037,  24.279133,  19.125503,  22.073648,  32.207407,  28.860594,  31.381868,  36.694294,  20.873203
1975,  8,  10.458179,   1.206134,  17.864931,  20.170660,   4.161689,  19.437153,  11.558218,  16.383903,  14.572705,  15.695907,  14.640372
1975,  9,   2.215171,   0.003127,   9.669092,   8.643043,   1.863824,  10.294273,   6.924509,   3.064910,   3.559882,   5.084185,   3.303781
1976, 10,  29.095810,  10.063358,  25.454223,  26.528625,  14.881525,  25.305127,  25.360704,  27.094637,  29.216309,  21.152674,  51.036553
1976, 11,  18.846867,   1.505372,  13.980892,  19.040932,   4.872921,  15.289794,   5.610067,  11.497921,   9.154083,  31.844475,  25.367045
1976, 12,   9.714116,   3.486608,  14.702929,  11.401310,   1.505664,  13.898472,   3.460394,   6.338058,   2.452976,  46.968045,  19.810807
1976,  1,   4.967083,   0.542208,   7.623674,   6.368584,   1.441979,   7.820475,   3.388801,   4.316572,   2.142114,  24.905438,  10.503093
1976,  2,  14.928225,   3.615127,  26.988937,  17.643902,   9.172019,  23.672527,  18.400100,   9.848717,  12.519667,  69.047249,  31.435916
1976,  3,  29.851760,   5.280935,  29.877140,  31.792688,  12.217702,  26.031723,  18.353245,  20.649127,  20.029396,  56.758921,  59.624233
1976,  4,  20.623271,   8.326056,  28.662656,  18.926738,  10.412403,  22.610557,  17.342171,  23.697107,  21.166942,  83.456665,  41.876331
1976,  5,  31.628144,   0.251677,  10.292489,  10.180697,  31.598187,   9.551629,  47.769529,  43.081653,  66.104846,  53.849499,  22.239291
1976,  6,   7.625630,   0.995119,   8.595026,   5.860431,   5.027747,   9.383250,  18.072968,   9.027934,  14.320442,  18.476759,   8.338584
1976,  7,   3.019532,   0.046613,   6.923885,   2.565598,   1.916947,   7.544962,   9.233695,   4.129389,   6.464862,   5.630880,   0.777391
1976,  8,   9.243151,   6.476027,  20.774755,  10.751866,   2.831051,  22.211842,   3.609277,  13.881400,  11.094390,   6.415094,  20.735231
1976,  9,   5.239253,   0.841672,   8.522737,   7.682176,   5.953689,   9.333702,  16.409733,   5.283057,   7.738947,   1.934068,   8.070794
1977, 10,   3.193316,   0.599745,   3.860973,   1.295141,   2.116277,   4.007012,   5.157524,   3.506117,   4.688544,   1.005390,   2.573005
1977, 11,   6.808536,   2.260625,   5.644029,   5.640907,   3.142985,   5.686304,   2.919252,   6.897599,   6.855109,   1.524990,  12.093977
1977, 12,   0.132219,   1.713093,   2.326440,   0.592569,   0.573120,   2.050519,   1.870010,   0.353961,   0.932733,   0.494103,   1.468235
1977,  1,   9.610962,   8.279087,  11.006162,  11.169946,   4.301759,   9.889829,   7.055583,   8.787306,   8.377561,   3.756885,  18.150373
1977,  2,  12.502886,   4.605979,   7.611752,  13.606680,   5.693535,   9.136154,   8.742313,  11.175875,  11.786232,   5.127262,  30.061097
1977,  3,   8.726560,  12.300577,  10.933808,  10.506507,   3.669456,  10.442778,   7.486779,   6.700953,   6.087564,  10.197578,  18.137711
1977,  4,   7.950689,   3.378429,   5.520412,   6.443057,   6.640026,   4.506392,  11.185144,  13.287261,  14.324115,  15.660170,  11.375111
1977,  5,  18.981343,   8.427237,  18.807909,  16.617768,  10.712988,  17.976588,  21.855377,  25.010197,  29.013796,  17.690009,  40.625198
1977,  6,  12.067228,   0.196344,   6.224457,   4.560300,  11.519276,   6.733379,  39.931910,  14.291482,  27.897446,   7.897563,   8.918476
1977,  7,   2.870817,   0.103781,   2.746901,   1.064368,   0.785130,   2.833480,   7.685233,   2.886020,   4.002668,   2.944341,   2.491547
1977,  8,   0.776098,   0.023948,   3.857620,   0.809221,   0.020805,   4.308252,   2.989152,   0.217450,   0.430950,   0.252216,   2.436037
1977,  9,   1.032858,   0.837100,  19.213457,   7.781132,   0.474573,  19.698016,   0.857862,   2.064767,   1.671415,   3.834115,   9.132508
1978, 10,   0.886205,   0.709068,   4.891532,   3.029088,   0.713067,   6.882767,   2.265079,   0.827236,   1.782933,   1.966042,   4.132248
1978, 11,  16.376222,  12.529612,  15.435252,  15.958889,  10.094303,  15.475912,  11.775589,  16.887673,  19.944921,  17.439289,  28.644935
1978, 12,  49.204327,  32.115440,  53.954480,  49.205571,  28.149157,  49.464806,  36.759659,  29.833614,  39.132469, 136.153127, 101.428752
1978,  1, 161.665313, 138.450554, 148.461787, 213.230108,  55.174257, 113.211947,  54.392194,  66.370981,  50.858758, 333.900083, 281.190077
1978,  2,  84.338771, 117.654946,  85.702747, 114.941961,  65.647508,  69.933508,  65.375977,  61.436512,  56.399103, 197.964921, 142.834316
1978,  3, 137.766339,  94.479891, 108.511491, 157.393306, 107.749574,  82.992692, 127.414881, 162.887492, 128.727559, 236.232999, 253.128598
1978,  4, 133.569582,  46.256989,  95.887611, 120.371338,  97.571556,  80.654315, 109.188091, 148.608090, 128.328400, 154.060154, 207.101624
1978,  5,  98.594908,   7.219221,  41.966009,  76.706491, 133.058884,  38.822674, 153.882007, 173.623548, 152.520239, 111.131023, 198.582950
1978,  6,  74.175844,   0.650102,  26.463402,  38.559661, 179.499565,  25.109649, 250.060178, 148.282449, 224.771456,  52.090571,  85.656009
1978,  7,  14.810463,   0.025675,  19.965078,  23.592316,  39.749033,  19.324368, 106.594281,  34.753173,  60.232174,  25.136900,  16.906203
1978,  8,   4.320310,   0.002790,  16.119288,  10.990885,   6.834316,  15.725438,  28.833691,   9.890652,  15.267845,   7.695774,   4.936772
1978,  9,  12.988742,   1.864605,  19.744730,  17.597056,  15.205292,  22.160169,  28.734706,  22.393651,  28.233534,  16.282645,  24.796536
1979, 10,   0.410536,   0.000000,   8.173066,   3.423698,   0.133000,   8.064601,   2.695981,   0.746858,   0.909815,   3.662937,   0.115222
1979, 11,  11.577250,   4.508800,  13.533244,  15.253696,   8.572680,  13.663854,   7.846561,   7.302737,  10.229999,   6.364642,  22.112633
1979, 12,   7.610001,   0.440704,   8.465632,   9.909398,   5.698403,   9.897173,   6.672020,   6.777062,   6.846464,   6.062773,   8.671977
1979,  1,  55.067469,  34.123919,  30.554396,  49.502457,  33.157045,  27.801528,  28.507312,  30.770573,  42.328343,  57.070010,  61.639149
1979,  2,  52.208819,  45.192795,  58.426680,  81.238030,  48.778383,  50.092778,  26.052477,  35.947818,  45.087522,  58.295878,  96.305636
1979,  3, 110.223923,  38.373036,  56.830818,  84.082851,  81.540640,  49.213223,  80.389164,  92.070758,  98.186033, 111.786198, 151.951294
1979,  4,  77.708859,  22.986709,  40.391274,  64.196132,  58.684833,  35.384538,  81.748957,  86.173352,  81.791676,  83.744188, 120.444223
1979,  5, 151.942431,  10.468307,  38.203709,  79.434910, 165.986891,  32.611892, 165.254487, 181.501326, 198.596390,  91.320667, 237.990253
1979,  6,  39.690352,   0.847169,  15.722236,  29.634767,  83.338731,  14.728774, 129.483897,  58.280647,  95.535576,  32.030662,  48.944166
1979,  7,  16.001759,   0.076504,  12.112798,  17.249395,  15.497944,  11.662844,  37.875780,  17.079981,  22.521759,  13.605706,  15.376474
1979,  8,   3.054523,   0.320126,  15.423570,  10.052893,   1.876104,  16.250472,  10.111638,   3.922333,   4.679436,   4.207735,   5.293451
1979,  9,   0.832294,   0.602184,   8.059616,   6.017895,   0.081167,   8.904199,   3.186523,   0.379278,   0.447376,   2.688091,   0.870802
1980, 10,  17.260329,   8.943667,  29.908749,  27.588706,   8.501209,  31.402564,  11.772841,  15.478024,  15.614751,  19.050215,  44.829520
1980, 11,  18.039303,  18.319017,  28.686047,  21.618475,  10.496009,  26.974552,  14.085018,  16.993080,  18.949570,  61.307059,  33.344121
1980, 12,  19.262002,  37.632274,  35.705762,  33.582030,  10.627409,  29.728830,   6.726151,  12.750099,  16.176502,  68.646948,  28.742656
1980,  1, 270.930630,  70.811087, 101.142645, 169.532207, 137.160213,  86.658412,  92.772329, 174.526332, 172.427585, 174.968110, 412.807019
1980,  2, 221.853846, 144.112785, 114.444825, 178.452329, 134.887430,  88.264733,  82.798724, 153.831176, 149.543642, 237.473633, 358.235928
1980,  3, 132.082679,  64.140566,  71.244952, 107.061694,  88.483682,  57.302927,  79.777655,  86.971166, 102.552327, 124.511105, 174.158652
1980,  4,  95.223412,  21.313228,  50.322621,  78.761864,  82.786913,  45.703856,  93.979142, 101.723516,  87.088760, 111.535466, 123.785978
1980,  5,  94.827105,   3.852362,  34.826274,  57.420944, 111.159100,  34.314612, 127.136680, 142.800145, 131.949372,  57.688815, 122.356850
1980,  6,  50.656023,   2.435180,  25.419291,  32.600377, 130.993071,  26.020825, 161.298941, 102.313370, 158.428328,  36.925707,  44.423460
1980,  7,  39.412764,   0.009476,  15.464281,  20.161268,  66.809176,  15.239529, 139.513722,  48.383781,  86.039940,  14.499552,  18.644228
1980,  8,   5.692535,   0.000000,  11.133200,   8.015169,  11.654245,  11.424270,  38.061766,  11.222529,  19.031014,   3.005132,   2.517400
1980,  9,   1.898815,   0.545422,  11.266341,   6.111558,   2.123870,  12.367160,  11.184363,   3.820268,   5.104788,   1.003156,   0.655753
1981, 10,   4.910134,   0.898431,  12.316348,   8.065775,   1.815151,  13.620064,   5.201806,   2.936615,   3.962854,   2.383733,   9.378411
1981, 11,   3.864007,   0.713803,   8.270728,   5.207172,   2.193199,   8.563613,   4.730471,   2.179311,   3.347461,   2.252635,  10.946874
1981, 12,  15.592925,  18.225823,  32.750513,  42.301105,  10.790097,  31.045606,   8.251592,  14.715915,  17.216813,  32.411879,  36.361149
1981,  1,  46.732666,  45.832661,  45.782307,  52.079147,  21.884918,  40.452077,  16.412178,  28.491433,  34.110858,  96.677534,  69.410635
1981,  2,  40.737204,  24.952392,  51.855041,  58.824330,   7.939273,  41.941899,  13.033288,  14.989336,  14.778097,  94.903606,  65.349569
1981,  3,  84.121160,  41.688728,  68.376779,  71.598374,  33.629697,  54.749875,  29.908439,  43.855203,  37.309691,  98.520204, 116.728430
1981,  4,  54.028718,  14.893583,  36.936045,  50.735445,  52.804616,  31.909344,  55.056716,  76.407639,  67.615073,  76.753071,  99.353960
1981,  5,  54.963434,   7.421239,  33.411365,  37.085757,  67.336249,  31.568655,  77.253918,  65.640283,  96.378715,  45.824965,  56.488774
1981,  6,  15.503837,   0.252932,  16.222901,  15.364435,  17.324748,  14.815588,  58.459583,  15.778958,  29.793166,  22.540691,  13.240059
1981,  7,   4.294439,   0.042858,  11.031035,   7.093765,   2.773768,   9.952882,  14.893005,   3.962448,   6.621945,   7.250116,   2.526598
1981,  8,   0.645480,   0.000000,   7.906371,   2.724030,   0.186269,   7.383256,   3.537046,   0.555172,   0.640599,   0.487719,   0.163741
1981,  9,   2.774981,   1.749489,  11.770606,   6.483649,   0.477643,  11.994056,   2.109993,   1.756354,   0.996077,   1.787429,   8.476067
1982, 10,  17.344829,  10.084651,  24.381662,  29.929101,  12.473898,  27.109999,  14.222890,  17.317674,  23.673166,   7.315898,  48.483644
1982, 11, 139.070291,  28.669582, 100.348733, 155.947270,  31.526133,  88.510438,  32.465595,  67.796032,  55.330431, 157.738550, 272.020759
1982, 12, 199.574567,  51.461337, 107.804749, 154.562002,  26.522512,  83.018487,  21.365864,  99.456234,  59.803068, 222.467686, 362.016656
1982,  1, 160.878603,  74.163479,  71.968373,  93.681003,  67.139945,  54.837684,  30.824158,  95.593733,  76.746198,  88.787662, 176.551350
1982,  2, 218.693942,  52.694968,  87.948088, 167.143930,  73.540203,  71.709771,  65.146860, 162.410329, 135.188422, 218.941395, 275.606742
1982,  3, 224.265485,  55.947965,  97.072471, 148.898543,  99.428287,  75.234972, 111.570276, 185.789544, 182.435749, 165.435209, 255.602658
1982,  4, 281.497062,  65.049395, 117.014506, 216.489710, 157.608279,  84.874719, 168.498147, 235.960560, 202.511091, 165.245348, 398.152502
1982,  5, 244.228094,   9.076107,  45.728830, 141.784466, 185.163391,  40.772854, 196.425294, 223.301600, 211.987891, 156.666497, 321.703727
1982,  6,  84.157283,   3.276828,  37.840098,  61.614938, 139.571693,  34.777885, 172.395330, 124.548143, 184.236825,  58.338773,  96.304315
1982,  7,  27.164764,   1.597694,  26.998865,  39.169255,  44.307434,  25.936768,  94.799546,  48.190270,  79.363651,  32.771779,  26.731046
1982,  8,   7.224600,   0.097882,  17.354547,  19.750713,   8.712571,  16.241635,  28.872011,  12.099634,  20.177768,  10.962752,   5.458207
1982,  9,  17.998020,   1.260483,  17.607805,  22.379538,  12.649845,  17.392357,  30.401078,  21.439111,  28.813143,   6.157624,  24.910447
1983, 10,  38.756217,  11.087868,  27.178951,  36.625082,  29.046925,  27.687104,  34.174284,  44.355439,  47.163706,  20.762501,  61.661705
1983, 11,  63.663626,  25.132875,  37.823711,  59.014689,  37.874977,  33.758899,  46.400163,  57.409495,  69.571042,  61.783516, 100.318352
1983, 12, 198.452248,  55.147884,  78.968744, 116.126443,  55.157278,  61.198950,  49.621506,  79.246563,  80.530863, 187.259248, 172.052236
1983,  1, 146.615902, 106.129043, 103.610105, 118.775496,  83.756676,  83.253538,  62.586399, 106.274222, 114.280720, 238.565671, 160.223153
1983,  2, 204.084151, 144.458250, 144.164416, 219.633004, 103.887686,  98.924485,  98.836952, 126.321206, 136.157736, 244.278682, 274.949185
1983,  3, 323.396494, 290.479788, 241.288677, 337.112103, 157.486099, 147.674313, 144.332264, 209.869054, 225.256982, 422.059149, 415.270977
1983,  4, 151.304053,  86.414081, 104.785168, 152.026850,  74.694241,  74.942322,  83.328899, 114.220768, 118.499840, 215.315222, 190.958360
1983,  5, 242.654854,  45.640212,  75.958718, 166.411849, 210.562563,  54.012606, 208.484553, 276.713803, 255.515226, 266.230099, 323.505799
1983,  6, 143.592412,   4.879029,  46.222792,  89.998323, 279.869302,  37.232641, 355.109999, 320.642974, 358.467141, 105.359881, 272.354898
1983,  7,  38.529811,   1.138567,  32.897876,  44.410390,  74.799289,  27.108496, 177.820762, 122.718014, 143.406352,  52.205463,  62.345677
1983,  8,  11.604158,   0.763926,  28.680478,  26.382833,  14.960367,  26.858002,  53.531705,  34.605191,  37.801886,  24.016252,  17.737443
1983,  9,   6.823109,   1.302225,  23.635365,  17.152432,   6.251507,  21.043294,  20.098641,  20.076982,  19.779322,  14.323510,  10.052450
1984, 10,   7.174038,   1.051015,  20.474772,  18.471640,   4.955321,  18.908809,  10.831090,   9.647823,  10.790718,   9.056669,  25.210673
1984, 11, 165.293238,  54.916015,  73.018018, 120.948603,  41.679262,  65.240785,  38.667274, 104.259178,  76.407471, 123.565453, 274.135528
1984, 12, 192.118011, 175.657606, 125.480300, 156.059083,  67.234995,  93.002858,  43.626689, 122.508169, 104.398907, 153.152716, 290.619097
1984,  1,  89.931460,  49.820724,  55.996490,  78.438982,  30.732584,  46.780460,  29.857480,  60.805604,  50.034657,  83.751601, 117.947321
1984,  2,  89.733871,  25.403495,  54.726026,  85.682030,  34.832378,  45.786224,  32.184129,  54.393677,  53.726211,  93.939490, 145.327706
1984,  3,  95.073317,  19.082455,  65.068009, 105.097908,  45.928365,  56.379064,  54.384558,  88.191778,  64.184179, 126.544185, 144.069225
1984,  4,  79.633866,   8.103673,  44.860343,  75.612974,  36.866567,  40.629494,  53.793891,  72.575700,  49.975004, 111.327331, 116.645463
1984,  5, 118.648638,   1.393665,  31.228578,  59.504918, 137.841272,  29.873205, 138.215185, 191.317125, 196.731962, 141.593075, 173.050766
1984,  6,  45.568363,   0.257369,  25.539649,  34.664685,  56.018937,  25.476384,  68.758412,  72.183053,  90.482898,  41.231452,  55.349467
1984,  7,  11.306392,   0.000000,  15.014111,  15.495615,  12.036437,  15.059939,  25.559005,  19.419721,  24.450301,  16.110223,  12.863102
1984,  8,   3.035603,   0.232946,  14.366519,   8.115564,   1.806688,  12.561343,   7.548336,   4.947473,   5.783181,   6.093217,   3.758486
1984,  9,   1.493573,   0.297021,  11.225657,   7.541668,   0.436163,  13.959507,   2.387470,   1.521652,   1.441244,   3.439698,   3.656278
1985, 10,  13.538098,   4.046253,  17.971790,  17.396468,   8.171276,  19.840557,   9.394515,  14.244006,  15.137796,   6.731812,  28.960179
1985, 11,  53.043738,  38.798384,  72.040921,  57.803346,  22.131079,  65.186750,  23.273211,  28.961762,  34.992493, 138.659791,  91.650705
1985, 12,  21.305490,  23.063716,  34.162557,  26.968832,   1.996111,  24.199785,   4.072532,   3.479686,   3.842746,  50.522144,  20.549256
1985,  1,  11.669878,   5.226354,  19.619851,  15.590425,   3.652099,  17.575950,   6.896957,   6.676519,   5.632689,  34.069667,  18.067441
1985,  2,  45.700889,  18.026574,  28.380449,  43.599053,  10.840884,  23.286399,  12.718344,  19.970620,  19.632204,  41.265767,  60.641893
1985,  3,  50.012675,  32.325308,  29.935415,  32.111711,  25.893426,  25.223295,  23.939605,  35.248183,  39.920239,  29.536294,  66.158770
1985,  4, 110.819655,  13.563463,  23.081667,  68.869298,  62.068153,  22.322404,  81.406340, 118.780761, 102.157260, 137.368130, 166.637797
1985,  5,  49.655005,   1.566534,  13.945491,  24.149369,  50.024344,  13.199801,  69.171928,  77.105007,  97.381495,  29.023086,  78.980629
1985,  6,  13.267452,   0.316205,   9.558372,  12.157897,  12.757242,   9.186780,  61.751645,  20.601951,  27.900186,  13.927366,  19.725614
1985,  7,   3.374806,   0.000074,   7.485902,   5.937680,   4.142517,   6.809054,  20.598154,   6.233079,   7.509070,   3.443209,   5.271916
1985,  8,   0.731960,   0.089895,   5.773334,   2.461174,   0.105073,   5.693016,   4.361338,   1.187755,   0.850467,   1.294156,   1.463004
1985,  9,   7.119053,   3.421814,  18.277532,  14.697124,   2.810133,  21.839043,   8.510424,  10.785416,   8.998636,   2.860717,  16.305618
1986, 10,   6.719439,   2.094447,  10.331099,   7.525078,   7.866738,  10.476507,  11.521324,   9.029531,  14.102287,   5.587282,  11.222704
1986, 11,  20.481551,  12.715514,  14.326660,  18.795493,  13.565532,  11.019292,  19.493894,  16.655441,  18.665865,   2.674506,  38.324986
1986, 12,  31.576940,  15.625165,  25.994397,  32.406833,  14.603802,  23.512753,  17.618438,  16.311539,  17.856834,  40.972930,  33.959691
1986,  1,  87.863941,  32.185707,  68.406821,  71.069263,  29.788738,  62.694850,  32.795411,  61.000559,  36.549150, 119.135222, 105.722196
1986,  2, 451.950961, 179.084096, 181.075365, 340.059223, 169.813504, 133.389628, 123.662609, 275.174170, 170.681671, 425.964443, 593.802796
1986,  3, 270.665759, 119.735601, 131.496111, 196.336542, 190.821343, 100.267598, 166.782023, 239.786908, 203.126474, 231.907560, 390.090342
1986,  4,  86.749369,  21.329601,  50.660515,  87.409675,  80.767727,  48.315643, 103.257199, 121.646841,  95.463336,  98.365962, 134.843536
1986,  5,  56.269949,   4.334772,  51.350764,  67.538823, 128.450467,  46.690594, 131.589205, 143.582472, 158.366278,  72.402187, 119.888257
1986,  6,  26.868788,   0.292121,  25.329147,  31.875501, 103.137583,  24.352914, 157.523890,  74.700083, 131.604249,  35.135459,  50.327801
1986,  7,   6.656808,   0.133804,  18.737682,  18.429861,  20.143128,  17.862542,  48.193348,  21.272717,  32.304185,  13.183439,  10.209991
1986,  8,   1.007282,   0.000018,  13.501874,   8.030947,   2.822479,  13.022182,  13.240241,   4.618678,   6.434168,   1.086745,   2.135014
1986,  9,  13.434340,   1.087352,  26.395513,  31.127936,   5.632678,  29.458527,   9.718761,  12.059357,  11.638818,   8.853411,  44.963427
1987, 10,   1.387264,   1.311968,  12.595978,  10.898785,   1.516286,  12.644264,   5.470097,   1.191052,   3.410229,   4.612577,   6.973402
1987, 11,   1.884104,   0.205480,   8.527655,   7.145380,   0.174290,   9.504754,   0.647182,   1.234304,   0.691282,   7.185647,   6.024568
1987, 12,   5.924142,   5.036565,  12.655412,  10.057710,   2.052938,  11.970144,   2.066551,   2.620811,   3.483058,  16.958114,  11.071725
1987,  1,  16.444588,  12.859754,  32.199180,  29.075052,   7.269170,  32.778823,  11.347016,  11.905663,  13.765295,  81.255764,  31.487270
1987,  2,  39.631431,  17.558639,  41.820029,  55.252325,  14.803753,  34.341776,  15.590438,  17.988399,  21.320690,  92.321388,  71.875291
1987,  3,  54.956772,  31.507925,  75.817137,  80.961574,  20.015387,  62.531999,  24.962945,  35.736510,  28.293705, 159.791459,  89.047786
1987,  4,  37.139508,   3.007742,  23.312767,  38.965428,  37.209629,  23.956837,  46.026118,  53.949596,  59.114514,  83.001111,  93.275333
1987,  5,  19.546526,   0.595978,  21.099883,  27.155778,  21.070622,  24.459310,  42.869156,  25.720670,  34.906318,  41.684170,  43.781707
1987,  6,   5.750301,   0.018685,  12.496100,  11.139684,   3.637912,  13.597747,  19.617601,   5.888104,   8.508408,  19.310561,   8.512091
1987,  7,   1.480605,   2.474969,  14.570513,   7.528696,   0.374089,  18.250066,   4.301770,   1.043462,   1.578717,   7.631395,   4.387933
1987,  8,   0.073504,   0.000029,   5.884227,   1.813872,   0.000000,   6.252091,   1.599842,   0.015664,   0.014129,   0.781314,   0.070356
1987,  9,   0.076235,   0.003878,   4.450079,   0.741168,   0.331817,   4.918012,   0.738219,   0.049837,   0.022645,   0.019785,   0.003453
1988, 10,   4.584044,   3.958180,   4.903130,   2.583879,   9.074126,   4.770332,  12.686361,   7.505542,  13.353015,   0.161994,   7.109324
1988, 11,  10.925544,   8.258396,  12.821972,  11.042580,   6.759485,  13.143993,  13.301910,   8.016613,  11.288646,   2.870775,  20.186763
1988, 12,  27.179941,  30.418349,  47.517503,  41.622110,   6.077864,  43.863906,   8.640508,   6.974086,   9.594473,  72.003248,  64.110502
1988,  1,  40.245899,  80.938865,  53.550525,  43.313906,  16.096435,  46.629080,  25.754072,  17.169427,  24.240168,  85.269033,  56.684966
1988,  2,  14.073692,  12.675157,  21.425276,  24.209947,   8.021802,  20.418064,  15.899583,   9.938480,   9.982884,  52.878577,  26.263461
1988,  3,  26.710920,   3.111349,  17.382424,  27.826930,  12.352386,  17.552543,  25.914120,  17.398421,  16.864301,  45.201722,  48.301185
1988,  4,  37.577776,   7.163617,  30.516157,  36.146982,  36.357223,  31.625115,  50.144644,  46.987496,  51.271132,  60.336597,  75.267245
1988,  5,  21.783198,   8.290315,  31.026192,  26.667306,  48.604257,  26.716082,  64.371213,  36.418981,  73.720815,  45.553792,  78.893233
1988,  6,  11.691739,   3.777766,  17.851526,  18.654699,  12.053121,  14.677331,  34.125719,  10.074103,  23.469874,  51.040096,  29.106623
1988,  7,   2.475263,   0.020146,   8.271736,   7.669254,   3.621160,   7.139132,  10.987424,   1.989223,   5.673748,  14.971792,   9.764919
1988,  8,   0.320958,   0.000000,   6.289607,   3.123382,   0.166576,   6.027386,   3.242984,   0.386773,   0.963303,   3.868852,   0.871087
1988,  9,   0.388950,   0.000000,   5.239783,   1.444747,   0.471232,   5.235616,   3.083816,   0.406884,   0.581494,   0.508442,   0.608759
1989, 10,   0.090856,   0.165126,   3.676328,   0.811289,   0.000000,   3.215760,   0.054720,   0.015329,   0.040997,   0.190198,   0.156767
1989, 11,  38.845944,  15.727745,  40.534000,  50.982346,  13.607686,  40.814826,  11.369220,  16.542783,  21.837698,  34.892293,  97.016535
1989, 12,   7.787992,   7.787019,  15.250944,  10.979343,   4.348560,  12.121279,   7.368703,   7.328838,   5.342568,  21.762445,  14.155393
1989,  1,  11.197550,   6.759157,  25.418215,  13.792955,   3.477752,  21.028797,   5.044295,   8.539075,   4.521831,  20.220728,  25.800796
1989,  2,  23.410250,   3.488704,  20.533499,  24.405930,   9.754494,  20.595756,  12.418831,  11.730071,  17.409335,  20.490321,  44.158650
1989,  3, 211.298694,  43.179175, 116.814548, 193.717978,  51.501194,  95.550230,  52.505913,  92.291824,  77.395270, 220.968625, 418.059238
1989,  4, 142.544226,   8.238527,  46.260518,  93.364743,  77.245409,  41.856394,  82.987751, 115.377753,  99.011994, 164.224785, 269.659797
1989,  5,  54.890936,   3.047763,  29.143182,  47.042696,  48.746482,  30.706496,  63.249522,  59.248348,  85.283553,  74.576227,  97.975722
1989,  6,  23.451890,   0.711894,  18.018007,  29.346127,  12.640329,  18.204237,  20.286094,  15.573371,  26.204390,  37.993005,  27.217071
1989,  7,   5.750750,   0.023926,  11.420847,  12.474305,   1.300310,  11.403568,   5.402451,   3.283098,   4.644696,  17.712643,   4.987901
1989,  8,   3.114500,   0.005235,  11.446498,   9.832417,   0.744466,  12.821089,   3.513456,   1.535960,   2.685016,   5.870522,   7.895780
1989,  9,  10.401357,  10.916570,  19.249102,  17.819206,   9.470148,  19.715887,  16.167440,  16.700903,  18.884819,   8.291911,  20.928883
1990, 10,  22.820942,   9.123264,  27.597207,  32.793484,  15.915943,  28.493742,  10.619531,  24.448711,  24.138698,  37.504117,  60.085386
1990, 11,  29.987777,   1.992837,  10.829141,  19.456947,   8.674411,   9.864475,   7.340990,  13.463975,  13.477693,  16.278571,  37.903645
1990, 12,   3.682833,   0.032591,   6.749854,  11.082483,   0.085817,   6.543253,   0.246921,   6.205510,   0.595592,   9.692852,   6.930697
1990,  1,  36.802187,  26.165882,  44.264494,  56.240865,  17.004593,  37.285686,  18.989185,  22.560298,  18.989981, 113.881401,  89.890619
1990,  2,  28.123940,   7.616743,  26.299176,  24.791040,  15.277557,  24.380620,  14.032819,  19.252153,  15.229745,  28.605216,  44.532713
1990,  3,  70.967911,  10.277579,  37.715922,  52.859499,  35.324118,  34.266750,  34.431087,  62.030317,  40.969048,  69.321305, 107.035000
1990,  4,  59.265150,   1.077034,  17.802525,  46.771133,  58.140896,  18.838646,  44.318503,  65.631599,  72.461744,  52.068799, 138.108772
1990,  5,  43.170693,  11.538335,  44.765793,  49.419871,  43.781954,  38.989550,  48.669846,  42.820131,  58.562047,  89.662758, 104.815956
1990,  6,  44.451126,   3.540807,  29.174872,  44.705869,  15.655208,  23.737767,  40.764208,  23.620297,  28.834887,  54.359189,  76.663546
1990,  7,  10.710875,   0.254667,  12.750721,  16.754452,   4.489494,  11.996675,  13.644891,   5.660913,   6.685447,  22.010977,  17.109872
1990,  8,   2.501390,   0.145154,  12.494699,  11.622681,   0.376329,  13.317911,   3.783541,   1.318723,   1.208501,   8.787106,   3.496554
1990,  9,   1.555926,   0.353423,   7.681394,   6.685542,   0.787597,   7.237499,   5.256493,   1.789401,   2.526649,   3.327766,   5.576955
1991, 10,   1.720606,   0.382623,   7.643089,   6.045926,   0.099950,   7.039992,   0.857962,   0.998556,   0.519945,   2.009487,   3.543795
1991, 11,   6.281141,   1.402573,   8.441466,   9.664143,   3.667293,   9.999793,   3.488889,   4.939980,   6.985859,   4.546547,  13.788593
1991, 12,   3.718354,   3.114060,   6.326090,   8.140150,   0.906133,   6.532025,   4.041709,   1.570982,   1.437180,   3.010476,  13.309728
1991,  1,   3.014039,   1.480283,   7.595775,   4.950760,   2.535625,   9.470402,   5.683069,   3.088784,   3.436054,   3.786842,   8.078577
1991,  2,  11.228044,   9.755117,  12.644746,  15.221639,   9.170785,  12.364980,   9.395863,   8.833875,  10.404224,  37.484383,  27.471912
1991,  3, 100.104069,  63.930221,  67.230965,  88.015551,  56.323063,  57.950640,  68.606951,  40.994852,  63.556298, 110.634215, 164.979945
1991,  4,  39.613441,  17.741829,  33.096579,  48.339888,  39.414468,  29.915490,  55.692000,  35.167489,  37.151189,  53.861903,  85.223225
1991,  5,  69.631445,   7.351361,  31.008526,  65.271655,  77.511538,  30.532447,  81.578023,  64.528554,  71.099693,  73.514041, 157.670331
1991,  6,  45.968983,   3.436285,  14.341869,  27.035366,  90.163785,  13.707151, 119.375749,  56.797612, 107.837608,  29.146756,  90.246182
1991,  7,  15.505105,   0.982954,  10.444947,  18.638087,  15.188307,  11.262511,  35.606993,  11.255533,  22.184120,  12.736091,  20.605331
1991,  8,   4.366118,   0.091553,   6.971878,   8.689117,   1.842030,   7.132808,   9.367954,   4.174499,   4.605422,   3.604380,   9.226875
1991,  9,   0.911965,   0.001783,   4.433325,   3.852170,   0.462908,   4.342061,   4.170264,   1.271736,   1.271957,   0.351677,   1.360386
1992, 10,  15.593515,   1.185080,   8.906121,  10.469912,  10.939509,   9.196651,  12.092605,  19.065671,  19.492580,   2.397780,  26.853265
1992, 11,   9.141453,   2.691088,  11.769456,  13.737927,   7.247140,  14.081209,  10.953566,  10.868101,   9.792714,   5.200361,  21.387799
1992, 12,  10.374098,  13.562024,  13.793183,  14.524531,   8.300443,  12.330733,   9.844681,   7.433956,  11.130364,  14.019755,  24.220987
1992,  1,  12.350746,   8.563100,  11.445871,  17.986238,   5.633307,  10.396635,   7.493532,   6.369106,   8.415690,  31.733378,  17.346804
1992,  2,  73.706901,  54.137481,  61.396306,  75.534678,  30.647975,  50.539121,  29.503982,  30.728215,  33.112534, 159.054175, 138.610140
1992,  3,  54.233390,  59.362597,  51.077563,  54.484387,  36.437663,  42.597528,  38.324887,  48.691674,  34.833297, 131.095490, 109.420520
1992,  4,  36.367850,  14.529302,  33.781715,  45.893963,  55.625565,  30.120014,  58.022996,  55.455180,  63.895706, 101.483654,  88.798059
1992,  5,  16.620675,   1.643234,  14.930296,  22.291152,  37.118109,  14.840755,  51.131787,  26.255431,  50.315382,  53.227454,  24.672947
1992,  6,   6.797377,   2.896468,  18.578681,  16.573077,   7.542276,  18.688967,  18.478838,  10.128476,  15.689344,  31.833926,  15.815184
1992,  7,   7.573726,   2.430634,  10.078197,  11.994991,  11.393719,  12.148454,  14.537344,  19.250166,  27.871061,  22.110961,   8.206094
1992,  8,   1.057598,   0.000048,   5.870317,   3.869852,   0.552208,   6.361612,   2.695809,   2.250794,   3.153649,   3.586960,   0.299835
1992,  9,   0.701638,   0.000000,   4.457188,   1.452704,   0.214796,   4.847298,   0.961290,   0.300108,   0.695059,   1.420978,   0.279223
1993, 10,   4.909081,   6.900293,  19.571657,  11.275107,   8.720812,  18.581075,  17.997360,  14.216200,  15.347353,   5.439182,  32.194940
1993, 11,  13.716386,   1.882912,   9.734212,  12.400317,   1.263304,  14.331932,   1.497721,   2.586614,   2.071803,   8.884697,  12.606975
1993, 12,  54.592066,  37.590613,  36.516114,  42.053026,  22.273992,  31.172471,  20.076768,  22.921364,  26.926040,  21.530912,  63.511136
1993,  1, 146.846976, 134.763639,  84.064412,  93.578133,  80.774458,  60.629150,  63.780241,  75.627043,  62.126335,  42.759702, 190.480240
1993,  2, 118.782687, 154.690477,  69.305232,  80.510295,  64.069751,  53.298692,  56.729332,  65.028164,  57.219590,  53.398370, 143.964999
1993,  3, 178.241442,  49.587121, 112.637763, 136.995068,  98.193925, 102.604029, 108.103299, 147.256807, 127.656391, 197.167830, 236.446480
1993,  4, 118.487176,  16.771603,  76.482795, 112.437456,  89.814184,  62.585360,  96.214740, 117.884007, 100.312395, 171.902326, 195.659577
1993,  5, 163.054354,  13.337907,  55.855116, 158.832237, 189.702983,  48.436442, 189.645960, 192.636291, 199.301197, 295.750145, 289.184618
1993,  6, 111.063895,  16.221353,  61.828070,  94.456291, 133.128248,  51.380136, 160.851173, 113.306832, 132.608215, 187.954285, 160.159312
1993,  7,  27.178721,   0.828439,  25.018801,  37.528379,  31.894552,  22.732114,  62.074543,  29.775513,  33.862431,  64.302305,  33.114011
1993,  8,   7.822637,   0.041554,  21.837188,  23.095690,   5.024121,  21.816009,  16.351914,   8.181679,   7.336113,  31.709507,  11.786795
1993,  9,   1.714138,   0.000000,  15.059739,  11.449151,   0.390797,  15.240507,   4.091402,   1.768797,   0.940673,  13.478135,   1.671270
1994, 10,   7.616956,   1.595771,  21.019395,  20.252135,   3.984155,  22.540286,   5.377689,   7.035223,   8.421747,  10.981344,  15.602511
1994, 11,   2.919530,   5.061701,  12.800445,  10.145329,   5.344946,  11.642948,  10.280706,   5.321815,   6.158987,   7.218947,  14.093851
1994, 12,  26.599497,   9.705168,  29.270038,  36.901475,  10.295352,  28.587393,  11.390049,   6.800596,  10.537252,  21.771831,  43.128720
1994,  1,  12.719258,  11.965707,  28.255014,  18.685223,   6.631156,  26.216698,  10.201056,  10.459744,   8.799999,  60.010909,  24.078968
1994,  2,  33.569705,  35.218048,  42.928513,  42.711421,  21.365424,  35.031652,  21.091933,  17.508196,  22.949694,  58.553954,  45.044973
1994,  3,  42.455530,   9.204193,  29.263956,  47.049644,  23.229810,  27.221979,  30.022250,  25.948206,  25.143751,  58.988430,  79.988850
1994,  4,  39.174744,  11.285808,  21.520496,  33.731009,  39.076770,  19.671630,  37.021743,  41.970602,  45.950409,  35.350861,  76.316287
1994,  5,  35.604414,   8.899848,  30.676509,  34.698908,  42.291488,  27.526433,  59.871555,  47.522102,  67.773983,  32.038173,  60.560216
1994,  6,  10.630094,   0.415606,  12.448797,  12.097796,   7.807558,  11.574497,  28.636333,  10.504722,  17.393697,  14.667427,  11.954205
1994,  7,   2.293074,   0.015976,   7.525411,   5.689979,   0.667571,   6.667310,   6.913188,   2.184135,   3.068889,   3.251851,   2.073606
1994,  8,   0.161279,   0.000000,   5.184003,   2.416754,   0.000765,   4.481096,   1.263482,   0.145603,   0.097508,   0.143541,   0.083063
1994,  9,   0.723965,   0.001418,   5.794573,   2.033634,   3.785648,   5.469631,   8.930773,   2.534005,   3.533101,   0.226388,   4.198100
1995, 10,   5.944632,   1.698889,   3.551381,   5.074534,  14.307727,   3.794287,  17.095129,   8.680825,  15.392179,   0.288562,   5.843397
1995, 11,  33.260633,  13.340150,  19.178436,  25.975873,  19.616279,  19.026422,  16.198517,  20.979006,  26.670287,   4.181066,  48.286223
1995, 12,  56.333325,  11.826188,  22.461755,  35.561914,  15.466351,  21.527586,  11.612460,  13.553047,  13.271391,   2.986880,  66.239354
1995,  1, 276.511409, 281.232221, 182.002518, 259.947399, 130.794071, 136.126957,  98.807242, 106.972997, 122.604572, 220.874772, 421.285587
1995,  2,  84.098483,  64.263189,  72.196119,  96.141380,  59.272789,  62.477149,  60.585775,  63.953862,  53.792662, 198.015402, 137.200663
1995,  3, 365.410064, 241.886607, 211.749031, 318.436542, 211.481155, 146.349966, 180.697852, 224.280909, 193.327938, 399.049820, 466.334166
1995,  4, 181.093675,  39.521744, 112.999133, 180.525858, 122.211507,  89.069521, 130.486600, 157.447939, 143.663897, 234.674355, 255.181215
1995,  5, 229.293783,  36.093147,  84.974500, 211.614959, 163.383166,  67.429171, 163.567008, 226.102873, 208.359838, 208.077314, 314.770269
1995,  6, 136.908301,   6.000933,  55.856288, 108.201384, 213.611547,  48.387803, 228.362026, 193.154815, 247.178173, 124.590491, 200.392201
1995,  7,  41.275574,   2.070514,  32.218230,  52.429226,  91.052863,  26.992904, 154.713001,  93.690144, 139.631796,  56.918243,  45.445680
1995,  8,   9.920196,   0.005661,  22.202484,  28.188074,  15.669069,  18.561939,  39.200941,  20.665775,  30.601945,  26.647108,  10.263625
1995,  9,   2.405157,   0.000000,  16.373634,  15.444171,   2.181655,  14.282432,  10.322082,   5.806122,   6.836650,  10.837169,   2.068826
1996, 10,   0.679800,   0.000000,  13.007367,   9.847293,   0.119436,  11.384664,   2.939226,   1.563593,   1.230202,   5.976513,   0.362093
1996, 11,   2.410972,   0.060027,  11.147963,   7.705638,   0.104924,  10.594377,   0.909296,   1.049892,   0.535930,   3.773296,   5.443116
1996, 12,  43.612862,  34.349460,  63.552508,  55.136996,  30.228532,  60.383367,  31.269926,  30.411838,  38.264299, 102.887138,  89.903416
1996,  1,  97.073985,  50.152498,  62.146495,  61.206487,  37.748593,  51.235721,  27.563894,  31.666871,  36.946065, 111.048994, 141.468647
1996,  2, 183.411855, 101.917901, 139.284567, 158.634442,  98.529289, 115.055297,  72.880014, 136.313054, 101.466513, 188.623634, 309.201741
1996,  3, 167.239841,  85.256754,  87.219215, 121.895833, 121.089775,  74.771177, 113.379051, 129.502534, 125.846031, 164.871150, 203.484029
1996,  4, 157.477601,  22.292165,  70.649806, 122.029681, 123.635943,  65.069053, 112.998145, 115.485325, 110.432935, 176.567017, 249.112968
1996,  5, 202.780160,  21.386549,  85.412779, 136.578147, 165.634860,  74.286045, 137.990118, 148.699851, 176.287977, 147.384494, 283.739743
1996,  6,  67.538714,   5.653144,  36.443584,  56.459919,  73.837343,  35.054642, 103.362298,  69.993847, 123.085329,  66.885892,  71.710625
1996,  7,  19.112566,   0.322927,  25.586583,  33.212243,  11.814658,  26.772742,  29.157083,  16.043737,  25.235068,  31.635125,  18.886984
1996,  8,   4.632461,   0.000011,  17.881069,  16.503824,   1.317822,  18.826922,   7.216411,   4.225156,   5.408059,  12.096267,   2.498141
1996,  9,   2.724734,   0.132725,  16.035933,  13.226362,   0.168753,  17.377627,   2.147290,   1.163847,   0.940690,   6.491438,   7.249414
1997, 10,   4.451610,   4.524618,  17.650495,  12.247862,   8.608977,  19.080240,  12.594779,   5.970427,   8.088732,   6.710248,  12.164966
1997, 11,  40.094232,  10.268217,  33.368358,  29.438780,  39.318383,  36.481171,  45.374098,  31.241937,  43.733185,  33.738875,  52.093679
1997, 12, 241.882775,  38.053942, 136.307432, 130.786504, 102.552847, 116.512058,  86.172634,  89.416005,  97.537011, 271.615943, 329.779560
1997,  1, 544.368905, 119.440668, 202.648102, 310.231131, 240.571473, 155.822675, 210.020384, 329.551444, 310.502920, 334.207907, 609.271703
1997,  2, 108.452223,  26.077226,  64.034027,  79.765706,  70.026330,  53.816307,  81.756250,  66.462989,  83.708935, 101.644873, 119.032270
1997,  3,  76.748054,  23.368906,  56.687070,  87.908944,  55.356453,  53.433350,  72.040194,  88.303501,  78.192706, 112.203151, 115.198265
1997,  4,  56.083491,   4.122376,  47.380845,  61.379980,  42.086909,  45.921450,  59.347077,  75.311677,  58.666311,  81.244392,  87.510107
1997,  5,  53.579727,   2.232596,  31.156846,  40.552505, 135.185350,  30.499195, 117.534459, 107.323389, 173.443474,  44.574779, 106.944955
1997,  6,  23.976321,   0.662321,  27.016226,  27.482783,  41.697821,  27.084468,  86.105598,  49.821232,  79.577976,  27.899632,  35.917601
1997,  7,   5.917285,   0.587251,  17.016934,  11.567269,   8.469599,  17.579185,  29.010698,  13.053663,  20.058595,  15.184839,   7.551554
1997,  8,   2.400410,   1.894247,  14.511475,   6.391740,   1.407271,  15.020255,   7.422577,   3.153839,   4.196230,   5.051665,   5.410391
1997,  9,   1.227683,   0.551052,  14.163546,   7.212677,   1.556411,  16.058101,   4.198391,   1.330529,   1.646360,   2.837986,   3.016991
1998, 10,  10.262507,   2.052865,  16.369389,  14.714144,   1.088746,  16.061702,   3.841649,   5.705684,   4.048907,   5.039337,  23.294409
1998, 11,  24.019881,  26.908083,  45.542896,  32.348008,  11.695647,  44.233900,  17.423540,  18.456604,  19.254385,  50.847732,  56.545266
1998, 12,  25.480615,  28.128406,  41.196080,  36.443348,   8.337777,  32.387438,   9.382733,   7.664677,  10.641361,  61.364582,  32.560848
1998,  1, 164.251214,  96.187222, 142.336766, 152.612876,  42.384220, 114.593672,  39.831584,  77.813482,  67.242418, 244.685412, 278.047019
1998,  2, 228.623428, 368.822156, 205.187643, 186.857278, 104.431645, 124.928730,  71.630502, 127.880928, 116.506761, 245.026078, 276.401244
1998,  3, 174.009052, 107.353108, 128.312854, 135.400613, 106.056288,  94.994180,  89.960448, 132.872190, 126.487839, 280.354716, 176.062593
1998,  4, 156.370361,  80.742451,  92.575599, 132.118527, 100.036782,  71.062331, 106.239361, 129.894390, 127.047993, 213.900480, 188.354074
1998,  5, 167.161678,  83.277568, 117.410725, 160.049205, 104.296906,  97.983933, 128.226045, 148.663616, 133.557847, 254.866288, 235.766244
1998,  6, 158.899242,  46.460945,  80.550781, 131.655987, 217.146010,  62.005506, 205.432502, 194.085212, 249.772563, 233.897742, 244.200120
1998,  7,  42.206710,   3.284411,  42.632987,  53.530699, 105.005626,  37.615628, 184.347100,  91.775793, 149.073925,  69.630506,  53.868855
1998,  8,  11.013188,   0.216952,  29.622064,  28.349930,  17.340010,  25.900518,  47.111058,  20.067481,  31.435563,  31.772766,  12.383019
1998,  9,   9.122343,   0.080995,  25.597497,  22.314512,   6.514233,  25.508525,  21.065097,  14.886935,  17.829195,  15.225389,  14.916143
1999, 10,   5.545472,   2.838782,  20.820925,  17.499047,   1.765631,  19.039393,   6.109572,   4.780193,   4.796361,  13.538935,  11.231227
1999, 11,  27.050004,  14.079709,  60.430687,  48.135966,  10.468456,  61.926797,  11.319183,  17.955511,  18.780453,  81.368391,  77.155907
1999, 12,  48.839309,   8.738522,  53.908846,  61.018009,   7.509035,  46.632092,   8.272059,  16.393884,  12.151912,  85.548129,  81.806734
1999,  1, 153.247501,   5.795857,  55.678063,  77.947315,  42.805568,  51.015847,  36.078014,  64.177212,  61.223383, 113.328426, 211.597291
1999,  2, 227.192723,  41.359251, 104.334212, 148.847949,  70.530943,  80.779529,  42.149040, 124.767003,  97.255216, 112.774932, 267.840432
1999,  3, 128.283210,  57.655337,  88.035701, 107.207994,  39.286525,  71.824960,  41.355857,  66.843863,  57.852452, 113.929728, 149.122919
1999,  4, 105.495983,  37.602891,  58.483324,  94.756249,  61.192930,  52.036512,  75.739233,  86.085187,  76.205436, 146.391550, 123.385641
1999,  5, 122.288627,   4.779547,  33.956550,  72.608094,  92.576524,  33.746764,  91.555373, 123.941123, 127.914768, 149.050148, 162.794270
1999,  6,  59.579619,   3.905905,  25.650600,  37.889615,  49.532805,  25.642365,  74.745105,  73.002069,  88.141894,  48.252770,  85.777649
1999,  7,  14.580608,   0.010378,  17.497207,  19.038877,   9.501899,  17.751455,  24.992430,  18.890966,  21.710933,  18.355797,  19.332676
1999,  8,   5.398876,   0.506269,  15.640669,  11.095053,   1.421047,  17.488179,   6.357104,   6.082523,   4.980842,   6.602171,   6.679774
1999,  9,   1.363811,   0.000000,   9.506823,   4.197294,   0.291200,  10.507039,   2.914694,   1.426271,   1.703963,   1.770365,   1.271412
2000, 10,   6.641877,   1.559240,  15.486906,   9.011893,   1.267436,  17.801178,   1.124470,   4.974766,   4.273644,   3.993159,  17.644302
2000, 11,  16.975584,  11.182669,  22.578119,  23.511465,   9.986817,  22.116627,  12.456453,  14.219104,  17.551430,  11.121114,  32.473164
2000, 12,   8.032546,   1.622612,  12.092631,   9.333845,   0.461802,  13.790600,   0.422307,   1.661811,   1.178771,  20.553384,  14.633930
2000,  1, 120.137192,  21.983465,  69.275575,  60.413748,  41.313575,  67.630095,  39.930889,  57.456245,  58.509560, 125.366612, 139.564856
2000,  2, 211.054253,  64.969165, 113.037782, 133.097175,  72.905201,  90.479214,  57.640146, 116.173967,  92.041477, 197.901367, 269.990420
2000,  3, 151.199407,  41.750221,  79.959969, 119.433204,  71.410301,  66.377682,  67.068617,  88.920716,  86.839474, 145.529242, 161.080982
2000,  4,  80.385082,  20.621221,  59.865306,  84.523973,  71.026471,  57.651127,  80.022613,  85.468260,  92.908566, 194.611764, 158.712417
2000,  5,  95.058230,  28.379470,  35.706265,  53.380352,  97.294888,  35.888233, 115.257435, 105.736777, 155.126091,  99.692598, 160.643742
2000,  6,  29.530453,   4.739074,  21.932021,  25.571160,  27.442638,  22.369089,  51.653734,  39.103971,  58.623177,  43.297258,  42.003830
2000,  7,   7.536135,   0.308304,  16.749624,  12.972707,   4.331645,  18.196891,  12.453351,   8.614710,  12.563588,  21.107811,   9.487336
2000,  8,   1.044497,   0.000009,  11.386883,   5.536337,   0.508335,  12.461609,   4.208201,   2.301458,   2.815672,   5.344238,   1.627730
2000,  9,   5.333123,   0.768754,  16.234337,   5.648690,   2.006354,  18.539603,   3.368768,   5.543292,   5.698929,   2.785428,   8.686727
2001, 10,  13.458887,   7.801314,  23.189655,  14.916675,  10.969342,  23.672786,  16.669144,  14.965037,  16.819590,   6.121128,  33.156215
2001, 11,   9.461488,   3.025076,  10.841161,   9.459265,   1.673218,  11.379662,   2.027974,   4.285567,   3.864084,   3.369337,  10.742047
2001, 12,  12.537446,   2.392049,  14.808248,  12.155212,   2.222244,  16.147081,   1.936275,   5.100371,   4.440086,   5.809025,  22.030009
2001,  1,  16.226800,  28.019276,  23.893620,  16.975597,  14.782466,  19.925587,  13.924343,  14.154959,  18.588691,  10.718656,  27.615559
2001,  2,  23.517905,  42.065531,  44.710399,  26.735143,  15.538123,  36.091517,  14.055939,  13.270280,  15.612714,  34.478275,  39.495534
2001,  3,  64.751497,  71.140754,  45.685037,  60.765371,  54.069748,  39.934323,  54.486584,  57.772543,  52.394337, 106.722643, 103.451126
2001,  4,  74.700690,  10.011645,  35.303347,  36.725101,  55.598510,  33.085391,  75.033043,  81.115446,  72.929052,  68.567579,  94.692140
2001,  5,  41.460536,   1.095570,  16.800902,  19.707804,  86.801160,  14.944371, 145.284493,  62.677586, 109.773936,  51.373739,  92.426962
2001,  6,  10.037551,   0.954221,  15.142521,   9.565550,  16.085519,  15.383281,  68.764640,  12.224979,  22.562803,  19.219261,  17.762872
2001,  7,   1.863830,   0.016990,   8.818660,   5.770065,   3.609529,   8.785123,  23.449894,   4.797856,   9.167510,   6.538384,   3.508655
2001,  8,   0.124383,   0.000000,   5.786442,   1.412870,   0.180735,   6.030245,   5.459011,   0.919283,   0.590162,   0.977084,   0.285771
2001,  9,   1.545865,   1.130926,   9.649425,   2.324575,   0.664061,  11.827330,   3.092953,   1.802274,   2.472812,   2.452570,   3.480654
2002, 10,   0.066883,   2.807002,   8.050435,   2.245748,   3.076806,   7.342999,   6.573705,   3.116595,   5.056058,   1.019306,   5.833224
2002, 11,  30.550664,  31.400882,  34.058221,  33.413819,  19.258512,  34.513057,  20.858184,  22.489496,  27.947117,  21.184449,  66.408048
2002, 12,  41.044681,  62.743551,  70.339114,  45.951901,  29.195740,  54.116517,  26.398225,  26.481877,  32.186334,  32.442733,  76.678711
2002,  1,  53.335255,  77.296836, 146.593433,  51.325653,  15.957492,  94.617812,  15.359827,  14.001857,  14.460952, 145.290661,  96.781813
2002,  2,  65.504763,  20.741534,  65.692429,  45.161145,  21.048900,  51.936183,  21.008435,  30.251940,  27.707220, 145.235432,  94.837923
2002,  3, 121.032444,  11.487416,  55.075091,  61.710359,  41.013191,  45.245701,  40.321430,  66.302640,  48.919548, 119.784665, 160.592072
2002,  4,  87.183199,   2.556190,  37.537162,  56.626857,  64.789232,  34.845712,  72.206537,  76.366803,  78.663947, 188.502255, 156.939509
2002,  5,  54.150998,   2.807942,  29.361629,  31.762850,  72.539213,  26.563286,  80.498925,  52.940330,  98.241506,  98.574167, 141.376699
2002,  6,  17.571760,   0.011971,  16.316753,  12.944429,  32.858826,  14.534908,  74.778387,  29.212245,  51.168278,  39.397449,  65.929610
2002,  7,   4.206851,   0.000000,  11.820654,   6.391919,   5.210204,  10.477450,  19.303557,   5.759303,  10.558182,  14.047971,  12.778112
2002,  8,   0.601761,   0.000000,   8.403494,   2.673591,   0.379773,   7.697263,   4.680791,   1.241509,   1.632838,   3.836801,   2.876650
2002,  9,   0.063263,   0.000000,   6.535032,   1.074696,   0.981346,   5.925952,   2.226808,   0.380974,   1.393225,   1.353181,   0.449112
2003, 10,   0.013798,   0.000000,   4.891799,   0.693761,   0.278597,   4.462432,   1.176409,   0.142101,   0.629311,   0.464188,   0.025385
2003, 11,  23.626257,   9.403979,  19.619091,  32.843057,  28.993981,  21.068588,  39.456012,  27.673222,  39.938231,  10.006001,  57.980585
2003, 12,  53.885567,  73.286347,  93.321225,  98.897505,  25.909526,  77.253144,  24.582247,  26.791486,  34.644146, 169.192433, 151.933598
2003,  1,  39.430273,  64.391538,  90.427999, 104.079724,  13.310696,  68.134613,  12.036917,  22.345021,  13.914827, 175.927683, 140.803315
2003,  2,  34.512985,  26.824856,  41.003558,  51.649633,  16.518541,  36.226437,  21.218076,  17.092127,  14.228301, 101.695157,  96.565867
2003,  3,  61.774130,  36.680022,  73.870940,  80.625910,  36.891611,  62.635710,  39.448457,  34.860846,  39.549643, 161.687066, 153.703311
2003,  4, 121.310360,  40.288327,  82.237292,  85.853958,  74.844722,  71.032099,  62.265341,  82.364533,  89.522897, 151.734149, 171.126779
2003,  5, 146.226075,  49.739082,  61.332444, 102.404194, 136.865512,  48.700902, 144.535526, 111.791000, 170.348619, 168.470883, 220.362265
2003,  6,  39.546638,   3.181263,  24.833634,  37.293658,  48.199665,  24.080817,  96.170295,  39.572026,  71.693609,  58.362736,  57.140677
2003,  7,  11.307867,   0.406779,  19.329417,  20.212446,   9.776060,  19.120915,  29.330870,  10.109147,  19.172545,  24.537022,  13.167583
2003,  8,   6.415687,   1.767539,  19.330894,  16.960686,   4.245223,  20.229065,   9.907119,   7.166729,  10.320727,  13.762354,  13.154636
2003,  9,   1.365090,   0.023874,  14.768223,   5.335234,   0.294856,  12.925257,   2.138478,   0.674896,   1.314677,   3.842640,   0.407814
2004, 10,   0.046682,   0.086029,   7.714013,   2.791057,   0.007005,   7.359387,   0.518873,   0.018127,   0.028088,   1.166060,   0.414365
2004, 11,  10.956533,  15.236212,  26.227840,  17.041823,   7.306224,  24.493566,   6.791246,  10.522708,  13.218156,  13.064129,  24.684612
2004, 12,  40.398485,  85.511476,  62.668553,  51.925676,  25.487017,  58.913355,  21.207655,  35.441188,  41.411193,  75.654025,  82.150037
2004,  1,  19.089165,  78.420401,  61.255593,  33.175008,   8.215490,  51.865138,   7.631045,  14.085122,  13.549331,  58.993728,  42.401457
2004,  2,  61.891372, 141.519549, 120.094208,  99.260572,  27.274019,  91.734770,  16.914050,  35.650811,  39.658437, 252.025305, 128.852940
2004,  3,  93.136311,  58.398705,  63.415469, 105.341926,  78.084579,  58.113092,  61.191805,  88.788347,  95.800935, 216.796207, 171.969619
2004,  4,  39.048024,   9.654705,  40.250967,  41.762232,  45.138228,  39.830854,  39.689696,  36.223043,  58.463980, 109.181605,  91.760415
2004,  5,  23.806833,   1.688819,  32.366309,  27.728069,  38.756990,  34.715866,  53.399754,  25.734386,  60.800601,  59.744278,  48.822160
2004,  6,   5.329660,   0.158800,  17.620186,  14.033977,   7.612960,  17.371683,  34.922248,   7.272677,  14.698858,  31.526060,   9.978744
2004,  7,   1.025043,   0.000000,  12.515231,   5.936891,   1.261449,  12.936685,   9.119326,   1.533311,   3.471348,  10.281315,   2.020713
2004,  8,   0.247578,   0.000000,  10.198746,   2.105134,   0.310661,  11.166182,   3.168780,   0.396307,   1.075145,   1.994940,   0.154543
2004,  9,   0.939970,   0.003583,   7.599457,   2.292704,   0.233021,   8.156855,   0.957145,   0.260707,   0.603124,   0.293091,   2.252856
2005, 10,  24.015549,  12.771855,  24.925979,  25.521249,  28.843075,  28.653688,  30.434884,  24.286174,  37.042520,  10.004002,  38.862591
2005, 11,  11.922716,   8.839778,  12.779587,  11.149936,   5.731327,  15.077103,   9.577098,  10.188428,  11.325595,   3.772334,  15.744444
2005, 12,  23.622147,  49.479507,  42.527004,  29.709194,  17.192006,  39.314116,  16.781631,  24.742754,  24.146294, 100.119947,  45.058389
2005,  1, 104.922895,  83.965048,  46.952336,  59.501884,  86.450846,  43.070115,  52.540394,  92.010717,  94.150994,  84.776535,  89.794777
2005,  2,  51.697070,  60.293164,  35.314241,  40.213136,  58.876571,  29.827106,  52.632916,  59.612312,  65.698280,  67.290521,  56.021132
2005,  3, 163.504624,  82.905997,  64.068765, 106.352165,  92.775273,  56.236706,  95.905089, 114.110245, 109.200430, 158.379737, 183.272697
2005,  4,  93.178140,  30.446098,  52.195190,  75.238450,  72.813054,  44.378995,  78.580010,  80.146244,  86.365294,  97.462854, 121.678416
2005,  5, 180.645196,  41.909510,  90.703614, 109.091045, 182.120229,  76.987477, 229.166870, 176.209245, 223.392872, 159.442755, 273.035827
2005,  6,  75.263332,   7.860127,  34.685742,  53.082212, 143.115327,  34.006328, 245.729613, 112.852734, 208.314531,  90.904807,  93.637223
2005,  7,  21.329647,   0.621670,  19.019450,  24.461390,  39.376377,  18.583634, 194.576991,  58.419947,  96.500732,  39.278342,  20.650594
2005,  8,   4.822302,   0.003972,  14.419359,  12.568297,   7.531435,  14.686483,  54.069645,  12.631183,  23.078038,  14.241399,   3.267204
2005,  9,   2.526374,   0.071484,  11.679473,   9.291068,   2.432040,  12.402457,  17.276581,   6.654712,   8.510457,   5.894780,   2.814455
2006, 10,   4.205537,   0.659818,  12.758117,   8.476508,   2.166264,  14.327766,   8.052499,   4.672626,   6.870042,   4.189020,  10.492833
2006, 11,   6.714986,  12.509390,  32.807707,  22.665420,   3.573114,  36.220710,   6.688307,   7.923135,   7.934007,  15.358536,  29.439665
2006, 12, 126.315364,  98.637065, 105.950581, 123.148053,  42.273885,  89.834022,  42.030319,  92.343958,  87.520493, 239.367220, 307.855633
2006,  1, 210.741982, 113.276032, 135.531600, 171.171714,  69.098751, 101.567604,  40.771846, 109.323897, 103.274525, 244.994975, 262.287141
2006,  2,  98.880414,  34.762363,  81.036452,  89.738470,  35.304439,  64.535735,  29.942053,  65.310453,  54.656867, 157.980658, 162.735608
2006,  3, 183.799220, 128.754071, 144.086702, 174.343557,  83.734404, 110.233676,  70.863874, 115.411818, 120.774179, 171.927872, 212.929189
2006,  4, 308.814157, 149.151216, 152.545051, 236.320808, 174.342515, 109.514389, 183.461526, 225.288119, 216.345158, 243.069551, 382.334436
2006,  5, 193.140306,  26.667167,  63.749704, 139.528578, 239.677734,  56.299358, 317.710234, 236.511072, 282.747724, 270.530349, 230.258808
2006,  6,  42.767921,   4.498261,  39.234834,  57.290883,  96.320972,  33.340034, 270.665301,  99.047095, 168.093980,  78.717145,  49.015237
2006,  7,  12.413578,   0.348560,  28.175973,  31.990230,  16.735483,  24.966138, 115.048288,  23.340957,  39.330950,  38.298021,  11.179964
2006,  8,   2.373689,   0.003769,  20.856796,  17.231876,   2.147383,  18.959064,  28.664674,   5.986664,   8.516055,  15.587990,   1.705515
2006,  9,   0.293389,   0.004656,  14.889854,   8.743876,   0.080590,  13.531168,   7.623180,   1.240126,   1.289573,   4.978785,   0.120807
2007, 10,   1.783809,   0.122431,  12.985234,   7.474159,   3.379641,  12.683481,   9.179227,   4.847956,   6.207142,   2.879530,   3.116941
2007, 11,  15.146162,   5.030931,  25.659842,  21.120572,   5.711834,  27.211699,   6.249420,  10.266328,  11.413374,  11.397499,  37.019569
2007, 12,  23.545934,  18.740190,  38.265790,  34.974024,  14.597133,  38.434868,  13.655283,  19.300857,  19.274262,  72.237446,  54.184277
2007,  1,  10.632063,   0.989955,  16.781797,  10.732529,   3.706192,  15.549977,   5.587716,   6.700383,   6.953011,  36.016350,  12.392253
2007,  2,  56.706197,  30.779370,  50.762184,  63.351554,  18.050471,  46.636080,  20.315068,  31.252973,  28.605623, 101.366145, 132.037415
2007,  3,  59.368792,   5.704055,  34.566018,  50.990266,  27.446981,  33.619128,  39.856616,  56.603697,  46.364166,  86.209137,  98.891747
2007,  4,  40.979704,   7.949207,  25.019431,  34.415966,  23.910215,  25.129743,  41.085707,  37.311639,  49.699824,  47.417864,  84.205649
2007,  5,  29.022489,   2.210270,  16.107201,  23.086308,  13.091197,  15.171253,  63.302204,  28.541503,  38.660230,  29.549490,  55.916348
2007,  6,   8.507850,   0.121369,   9.944830,  11.459221,   1.599689,  10.790198,  31.170756,   4.954833,   6.317300,  12.580324,  17.383694
2007,  7,   0.977502,   1.129015,  10.200505,   7.420568,   0.097455,   9.735245,   8.296692,   0.710514,   1.164192,   2.973825,   1.926775
2007,  8,   0.017741,   0.000000,   4.613114,   1.796359,   0.228436,   4.801575,   3.034748,   0.185087,   0.824199,   0.072196,   0.053119
2007,  9,   1.569091,   0.314367,   7.591762,   3.575229,   1.132063,   9.053110,   2.430279,   1.370456,   3.133503,   0.063227,   5.585353
2008, 10,   9.467126,   2.821620,  16.949375,  13.574147,   1.489432,  19.079157,   2.726802,   3.620271,   3.916030,   6.293944,  23.390678
2008, 11,   4.485515,   0.472648,   5.970355,   5.818066,   0.707074,   7.732737,   1.483733,   3.899551,   3.678090,   1.324601,  10.192931
2008, 12,  17.632763,  10.029040,  23.155061,  17.576898,   9.671282,  21.406980,  11.727764,  12.498915,  16.970477,  18.889928,  29.792345
2008,  1,  28.981128,  72.049692,  58.836297,  38.383220,  24.542530,  46.651480,  16.935268,  22.532305,  31.993773,  70.794633,  51.902898
2008,  2,  29.358880,  53.039595,  58.244579,  34.801521,  28.584431,  49.541035,  16.595981,  23.776178,  36.747430,  52.201168,  56.603848
2008,  3,  38.929573,  11.771388,  31.843664,  42.771856,  22.196352,  33.712398,  23.319988,  31.126154,  32.798063,  65.895755,  64.993828
2008,  4,  30.596858,   2.426580,  19.353592,  43.723241,  27.054161,  21.662367,  32.254075,  40.608131,  41.900223,  92.896048,  67.933194
2008,  5,  52.827901,   2.696647,  20.226546,  44.444648,  67.949264,  23.386263,  86.688799,  68.718070, 106.056340,  97.447646, 105.341291
2008,  6,   8.146424,   0.020512,  10.341622,  12.068023,  26.922749,  10.713142,  89.151969,  22.068431,  47.919136,  26.123975,  19.031860
2008,  7,   2.209833,   0.000000,   7.033065,   5.480364,   4.134060,   7.387360,  37.955757,   4.621611,   9.728083,   9.907277,   4.187379
2008,  8,   0.289272,   0.000000,   5.607599,   2.299120,   0.215768,   6.439574,   8.676079,   0.703504,   1.162729,   2.863497,   0.381593
2008,  9,   0.008375,   0.064758,   3.889711,   1.007430,   0.001616,   3.961224,   2.228676,   0.050550,   0.027027,   0.650734,   0.010349
2009, 10,   3.955606,   2.273685,   9.610310,   7.648271,   4.347185,   9.191432,   7.953346,   4.458584,   7.764782,   2.799171,  12.774128
2009, 11,  19.153018,   9.137668,  18.479900,  25.220358,  17.844593,  21.941964,  19.890678,  15.999138,  25.844127,  10.017644,  36.930607
2009, 12,  10.000037,   8.987116,  11.642186,   9.312207,   9.571777,   9.751245,   5.641238,   9.268469,  14.254024,   2.590346,  14.079337
2009,  1,  22.353979,   1.803028,  16.077602,  19.277852,  21.811218,  19.616004,  23.630222,  29.035550,  35.343992,   5.445851,  38.065568
2009,  2,  39.199883,  38.678777,  52.889606,  58.065851,  23.996634,  47.467815,  17.288245,  20.608938,  32.227963,  39.151402,  98.889717
2009,  3,  92.622232,  35.042054,  69.384792, 114.553022,  56.813064,  59.271933,  39.672356,  73.072332,  79.203537, 126.739606, 166.921796
2009,  4,  57.730281,   5.510676,  26.389504,  47.338341,  56.263480,  29.333305,  57.128008,  71.293585,  79.455930,  85.514427,  84.225577
2009,  5, 110.172289,  10.004926,  41.312547,  66.425898, 116.525313,  36.347659, 138.431533,  99.123577, 158.241720,  90.752336, 166.861469
2009,  6,  21.244398,   5.658850,  23.877425,  26.628101,  23.136559,  27.135604,  66.744297,  19.529671,  40.959360,  51.058754,  30.885048
2009,  7,   4.981057,   0.040823,   9.949710,  11.143791,   2.998149,  10.704106,  20.504678,   4.027096,   7.625947,  18.251262,   4.997005
2009,  8,   0.760696,   0.296973,   8.861328,   6.080319,   0.546620,  10.248236,   5.867980,   1.423246,   2.598503,   6.254867,   1.545869
2009,  9,   0.025017,   0.022874,   5.886825,   2.928950,   0.000921,   6.117182,   1.057951,   0.129150,   0.130419,   1.161731,   0.236927
2010, 10,  12.228869,   9.805614,  17.397541,  17.760367,  12.417485,  19.075443,  31.913219,  18.746114,  23.288806,   8.282173,  30.568275
2010, 11,   4.599866,   2.894845,  11.522086,   9.621549,   0.791018,  13.885563,   2.444169,   2.340173,   4.064340,   5.107711,  13.206207
2010, 12,  17.120759,  15.453712,  18.051935,  16.905625,  19.724098,  16.443833,  16.567733,  16.078381,  23.602012,  14.983028,  29.410469
2010,  1,  39.222053,  94.225550,  79.148170,  67.049666,  22.193072,  64.922450,  19.447028,  23.096643,  26.523006, 139.370074,  80.197669
2010,  2,  28.236772,  67.044547,  66.816308,  46.066101,  34.390530,  53.988188,  30.986671,  32.889422,  43.203479, 117.358145,  62.702291
2010,  3,  65.646372,  42.779815,  57.205045,  62.017860,  54.807693,  50.704508,  47.668440,  44.707539,  63.527294, 124.156917, 107.635007
2010,  4,  97.640711,  83.659621,  69.367035,  86.058739,  54.927251,  61.132915,  68.793939,  71.229124,  87.446502, 165.217883, 147.986441
2010,  5, 106.586166,  26.868589,  44.094599,  76.654346,  53.518608,  40.648267,  74.488080,  81.859935,  94.089931, 139.451584, 126.704460
2010,  6,  94.587428,   6.904042,  28.490207,  45.668511,  98.548325,  27.182571, 181.339268,  92.413565, 158.366645, 138.870908, 102.189192
2010,  7,  18.989233,   0.753847,  16.767860,  21.340805,  17.052997,  16.859972,  80.467470,  18.781635,  34.153498,  39.902349,  18.960102
2010,  8,   4.693153,   0.022780,  14.378797,  11.247818,   2.375517,  15.449698,  20.561500,   4.621161,   7.408679,  17.055618,   3.945669
2010,  9,   0.746090,   0.580069,  12.347224,   5.969474,   0.070138,  13.737508,   5.236863,   0.940030,   0.924259,   9.069128,   0.582419
2011, 10,  33.757386,  18.026055,  25.719107,  26.297602,  17.449267,  27.801449,  21.380889,  32.290872,  41.603859,  23.749615,  60.170603
2011, 11,  26.728990,  11.944191,  19.604075,  25.616672,  13.234251,  19.147460,  12.575634,  18.317094,  22.814210,  22.072853,  47.709322
2011, 12, 159.699930,  56.684174,  76.268187,  95.114245,  57.919576,  68.649901,  52.448363, 150.734401, 127.520108,  93.038195, 297.225163
2011,  1,  74.152139,  32.860878,  40.351231,  51.466061,  44.793479,  34.787101,  38.704609,  77.250969,  74.025724,  63.923524, 117.997828
2011,  2,  66.659279,  41.607787,  45.602438,  64.477743,  37.218738,  37.527651,  27.515634,  54.716819,  51.046181,  79.553418, 105.582528
2011,  3, 270.314653, 127.694397, 132.729595, 150.801397, 116.072391, 104.577929,  78.803925, 191.063217, 179.944763, 144.984447, 325.535086
2011,  4, 166.131489,  37.205300,  73.362033, 151.731288,  92.047445,  67.431829, 107.211377, 143.999410, 150.198249, 127.363372, 267.145814
2011,  5, 188.075114,  20.185969,  63.471779, 168.242729, 100.566702,  55.783993, 119.808568, 150.261204, 165.317223, 175.706835, 288.283876
2011,  6, 195.438977,  19.880069,  48.912245, 110.366391, 168.547992,  40.544785, 201.536349, 197.050359, 232.994227, 197.592059, 266.991580
2011,  7,  52.465989,   1.609933,  24.843070,  51.638178,  59.022970,  24.455357, 162.389268,  80.204503,  96.595703,  61.081483,  68.172124
2011,  8,  14.069408,   0.091185,  17.746773,  26.746321,  10.761891,  17.865976,  44.330200,  18.403246,  22.288866,  27.257521,  15.753195
2011,  9,   5.174807,   0.014221,  13.650889,  16.917742,   6.884777,  13.940052,  14.580579,   7.608885,  12.811223,  11.557353,   8.990397
2012, 10,  17.005500,   7.623446,  18.411826,  26.216344,   9.538487,  18.564574,  18.639474,  13.876552,  16.877783,  14.700505,  37.725861
2012, 11,   7.503351,  11.165950,  16.681855,  16.135230,   3.179528,  17.346874,   7.003093,   8.295703,   8.098669,  11.435584,  24.677589
2012, 12,   0.442113,   0.629392,   7.203354,   5.816577,   0.009950,   6.937214,   0.434992,   0.148636,   0.176829,   6.325347,   1.492428
2012,  1,  30.847091,  29.086538,  27.252655,  37.005856,  19.227412,  25.460817,  17.219758,  27.272321,  38.112947,  53.045413,  67.313891
2012,  2,   6.588053,  10.732273,  14.948522,  13.487572,   4.817837,  12.722175,   5.069508,   7.038081,  11.557307,  27.513026,  27.994446
2012,  3, 152.537407,  57.421402,  79.094855, 112.709704,  24.359560,  66.946595,  24.461475,  49.981397,  50.580615, 108.305678, 250.924865
2012,  4, 168.239937,  45.692256,  73.983996, 120.565546,  66.195470,  61.035468,  50.395054,  95.885309, 110.357922, 208.380968, 276.685658
2012,  5,  70.365094,   6.007722,  31.390512,  55.337044,  36.737497,  30.822316,  55.495675,  34.534606,  51.718537,  96.227262, 137.393016
2012,  6,  25.080407,   0.975962,  22.364775,  32.218181,   8.255764,  23.010948,  27.626089,  11.551047,  14.725210,  43.888155,  45.435171
2012,  7,   8.400268,   0.021370,  12.465122,  15.115206,   0.520076,  12.272921,   6.646283,   1.719630,   1.403994,  19.544868,   9.904314
2012,  8,   0.875966,   0.000000,   9.662645,   6.377493,   0.014702,  10.065301,   1.658878,   0.653735,   0.833103,   3.771435,   1.618254
2012,  9,   0.152039,   0.000000,   6.717459,   2.597355,   0.000000,   6.623212,   0.265707,   0.111606,   0.013746,   0.510991,   0.149092
2013, 10,   9.078776,   2.034176,  11.346225,  11.352167,   3.972088,  12.499562,   5.898429,   5.933883,   5.746489,   1.866128,  20.660116
2013, 11,  18.382839,  20.930499,  31.690796,  34.948726,  13.974631,  28.967807,  16.354454,  18.115171,  28.346532,  14.076318,  67.746612
2013, 12, 125.673608,  93.891861,  86.997830, 126.912298,  35.195585,  72.690934,  36.189018,  29.027595,  44.300410, 128.921466, 218.601689
2013,  1,  24.047396,  29.417602,  37.500637,  34.100663,   4.607003,  33.935258,   5.788816,   9.424313,   8.739348,  26.676301,  47.306108
2013,  2,  14.089566,   5.657246,  26.021814,  23.099273,   3.069938,  25.824861,   4.154163,   4.430115,   4.377703,  20.548996,  21.929395
2013,  3,  49.882217,   9.877040,  30.923078,  45.635933,  33.934109,  32.223206,  30.612321,  18.044935,  34.893162,  91.407302,  64.081436
2013,  4,  46.125892,  20.497107,  32.436057,  33.143200,  40.379461,  29.890767,  33.014109,  12.993520,  40.884724, 143.095103,  52.749475
2013,  5,  30.835811,   2.364332,  20.999539,  20.097947,  44.535714,  23.621277,  37.343527,   5.416190,  41.138876,  59.666626,  22.594361
2013,  6,  13.254059,   1.101163,  16.239180,  12.010563,   9.603002,  16.508104,  23.449700,   1.410372,   8.034813,  27.053969,  15.779723
2013,  7,   1.527097,   0.020626,   8.490017,   4.585887,   1.912389,   9.298816,   6.546932,   1.451379,   3.435681,  11.106468,   0.595187
2013,  8,   0.201073,   0.000000,   7.078485,   2.301469,   0.106753,   8.245153,   1.471611,   0.322589,   0.760517,   3.062547,   0.423494
2013,  9,   4.716814,   1.606529,   9.477468,   6.969717,   2.286170,  10.317919,   2.415910,   1.956656,   3.915202,   2.778704,  17.499608
2014, 10,   1.973236,   1.120737,   5.022577,   3.004106,   2.116830,   5.991235,   3.877445,   1.542045,   3.438486,   2.451787,   4.142932
2014, 11,   6.028319,   2.831728,   6.915841,   7.618910,   3.601371,   6.992894,   4.427843,   4.628378,   6.558323,   1.940271,  11.429461
2014, 12,   2.927181,   0.621872,   3.285407,   2.222512,   2.291245,   3.522197,   1.759301,   3.915529,   2.898726,   0.633473,   6.480288
2014,  1,   1.888843,   0.356960,   3.853857,   3.463241,   5.823796,   3.850819,   6.941290,   6.297516,  10.650872,   0.897094,  10.829918
2014,  2,  72.636168,  23.183098,  32.291489,  42.064634,  13.686815,  31.586718,  14.694839,  35.542070,  30.740656,  26.589757, 105.611786
2014,  3,  55.900119,  42.000085,  56.043520,  60.722505,  15.024925,  49.583853,  12.775585,  21.159883,  29.483602,  97.622810, 155.376906
2014,  4,  60.925045,  20.820166,  30.093081,  41.208887,  31.277180,  25.830785,  25.682540,  29.784476,  57.380110,  43.300666,  99.826069
2014,  5,  23.138114,   3.491428,  12.909339,  16.212913,  23.432665,  12.533165,  24.266306,  16.399138,  38.530077,  23.202542,  39.478476
2014,  6,   6.097309,   0.153795,   7.949587,   6.372193,   3.906312,   7.881253,  14.204140,   2.833898,   8.157718,   9.499067,   7.866707
2014,  7,   3.008238,   0.000097,   6.149709,   3.309189,   1.487667,   6.201055,   4.771570,   4.895895,   9.560024,   0.748193,   2.315332
2014,  8,   1.197784,   0.154224,   5.967255,   6.816271,   0.269099,   6.496607,   1.265427,   0.644127,   0.997650,   0.064512,   6.634189
2014,  9,   2.890538,   1.782190,   8.794470,   2.695919,   1.712287,   8.711734,   3.522981,   2.973401,   3.205660,   4.446546,   4.172987
2015, 10,   4.989028,   0.982953,  14.365424,   7.447594,   0.110117,  15.912163,   0.536961,   0.894067,   0.594815,   6.295223,  14.300961
2015, 11,  13.264132,   8.242937,  16.304183,  13.606211,   7.769062,  16.391767,  10.773540,  12.637182,  16.951175,  16.281594,  31.171451
2015, 12,  68.708300, 102.731874,  89.954761,  91.774085,  15.273708,  77.376470,  17.925474,  25.589877,  26.991548, 152.701572, 127.083768
2015,  1,   4.892428,   8.854678,  20.359712,  15.181845,   1.209890,  20.572752,   2.929742,   2.918425,   1.918641,  56.011800,  18.477809
2015,  2,  53.178166,  43.900595,  67.468468,  60.200501,  17.119661,  55.017571,  17.964020,  43.911167,  44.233853, 257.452214, 109.356102
2015,  3,  14.957044,   4.298711,  23.459800,  21.042842,   9.323585,  26.307565,   9.515819,   8.207585,  16.363749,  69.413987,  30.437543
2015,  4,  21.391553,   7.190514,  20.929026,  18.874324,  18.576824,  21.326043,  15.115439,  16.239665,  31.325405,  49.963812,  33.949001
2015,  5,  15.165372,   2.857207,  21.793877,  14.606957,  18.550135,  26.100712,  20.004904,  16.033368,  37.762558,  32.996610,  19.935667
2015,  6,   9.121109,   0.141083,  10.405167,   6.174813,   6.442453,  10.659126,  19.471193,   5.263369,  13.785831,  15.811824,   6.869881
2015,  7,   2.688915,   0.780752,  11.776387,   5.813666,   6.610448,  14.412613,  11.072813,   5.133007,  12.338574,   5.540642,   5.210144
2015,  8,   0.184101,   0.001333,   4.935264,   0.822808,   0.065296,   5.231140,   1.074492,   0.188072,   0.491234,   0.262011,   0.260511
2015,  9,   0.117816,   1.183144,   6.150020,   1.234028,   0.322102,   6.997702,   1.205093,   0.052145,   0.322996,   0.625306,   0.605176
2016, 10,   5.965849,   0.028902,   8.228945,   4.675861,   8.114278,   8.312466,   7.624695,   6.800521,  11.380401,   0.544049,   7.722610
2016, 11,  15.503560,   4.140088,  10.867604,  14.658197,  12.363088,  12.450942,  14.591334,  17.223853,  19.996385,   1.361633,  27.673466
2016, 12,  61.113478,  23.801168,  40.113972,  36.823279,  14.155493,  40.267702,  20.031310,  25.339108,  26.520039,  24.110913,  60.035935
2016,  1,  79.173691,  71.212208, 105.450469,  82.159394,  29.537248,  88.868842,  26.701900,  52.522640,  55.188491, 128.336312, 180.826111
2016,  2, 125.706195,  18.447633,  57.803459,  74.155400,  38.045874,  54.646791,  29.805492,  79.914616,  56.145555, 137.700806, 136.730879
2016,  3, 238.584325, 103.353988, 133.878399, 199.240105,  96.364434, 102.206881,  82.669332, 157.738244, 147.308381, 262.027126, 392.772577
2016,  4, 104.226615,  13.388614,  44.863863,  71.220455,  82.723239,  40.946277,  76.922731,  76.398106, 113.839332, 164.869286, 159.759342
2016,  5,  58.371469,   8.640532,  39.104492,  48.068094,  74.652385,  37.981593,  72.466757,  46.700859, 106.273610,  82.947885,  72.502888
2016,  6,  18.343907,   1.886555,  26.359659,  24.500439,  49.242273,  24.627160, 100.444685,  17.200257,  47.587443,  43.430919,  18.217763
2016,  7,   4.525472,   0.019920,  14.854523,  11.622897,   7.747994,  13.506409,  27.833663,   3.478417,  10.019541,  18.900819,   3.301945
2016,  8,   0.514616,   0.000000,  11.096502,   5.289673,   0.859364,  10.304466,   7.100366,   0.664272,   1.364218,   4.361673,   0.354116
2016,  9,   0.053502,   0.000000,   8.002811,   2.683620,   0.226283,   7.516595,   2.256397,   0.106623,   0.661922,   1.325949,   0.036786
2017, 10,  37.960476,   6.992795,  41.151746,  34.951496,  21.761173,  42.262553,  20.315887,  36.400773,  40.321008,  38.151198,  78.574408
2017, 11,  43.796256,  11.439483,  42.443788,  29.335660,   6.286797,  37.489674,   8.907425,  11.988212,  12.590003,  69.748533,  56.063771
2017, 12, 146.844266,  32.050300,  73.925376,  82.336079,  44.736229,  58.104636,  41.628538,  75.842249,  69.590643,  81.503299, 211.761378
2017,  1, 332.360031, 124.908452, 130.012144, 169.725673, 125.241975,  93.342678,  89.184682, 222.490246, 198.762172,  82.009220, 412.673889
2017,  2, 447.587633, 171.344718, 171.016843, 324.297823, 159.568632, 124.205512, 131.223399, 314.446803, 270.388869, 276.930422, 667.852410
2017,  3, 235.234901,  57.806666, 112.854397, 238.504704, 140.401251,  92.011390, 136.276340, 199.336761, 192.784757, 255.982287, 305.149717
2017,  4, 238.405877,  47.294654, 117.751759, 214.527857, 156.148705,  91.467513, 139.945983, 199.456791, 188.231532, 281.195994, 382.858882
2017,  5, 187.063928,   5.683426,  49.651850, 113.160147, 216.029104,  41.474591, 208.147021, 181.173778, 230.416943, 252.305719, 265.902582
2017,  6,  51.020586,   0.991095,  36.635842,  58.423789, 153.626218,  33.436232, 219.758186,  96.931778, 179.566686,  78.369378,  96.723942
2017,  7,  12.704735,   0.008830,  25.268728,  30.776534,  32.865453,  22.417687,  84.696742,  22.711713,  45.418543,  36.731289,  19.091572
2017,  8,   3.614129,   0.000000,  19.697244,  16.564651,   8.765844,  17.981355,  23.642744,   6.925113,  12.496163,  12.437027,   4.614430
2017,  9,   2.393164,   0.013023,  14.801720,  12.385965,   5.027322,  14.022632,  11.365954,   3.969936,   9.645462,   6.118997,   5.706117
2018, 10,   2.968877,   0.335879,  13.102159,   8.968004,   1.400077,  12.411032,   3.291232,   2.680745,   2.963405,   5.661965,   5.494736
2018, 11,  59.053404,   8.060640,  39.909599,  55.467745,  15.579010,  43.186142,  14.590909,  27.560178,  35.210733,  16.272618, 121.484676
2018, 12,   7.012755,   0.157038,   9.544081,  12.028427,   0.588223,   8.449708,   0.897667,   1.891923,   2.135293,   5.394496,  15.713256
2018,  1,  54.500794,  14.960802,  32.593631,  42.367820,  17.184544,  32.501672,  16.044569,  27.056209,  33.872409,  16.556547, 103.928927
2018,  2,  11.922977,   0.714510,  10.107462,  13.468344,   3.383994,   8.108124,   2.232136,   2.812865,   6.060017,  20.841640,  35.453620
2018,  3, 173.402931,  17.540834,  60.434968, 103.572122,  65.833682,  54.600114,  61.699311, 115.582974, 116.608073,  55.168123, 252.778530
2018,  4, 188.006899,  26.538525,  56.267013,  98.897376, 127.765915,  48.541518, 100.808300, 142.052584, 158.194761, 121.804528, 273.506365
2018,  5,  64.528795,   2.072300,  30.207697,  45.084312,  67.263823,  34.006384,  73.757841,  44.023179,  84.356006,  42.569303,  91.031186
2018,  6,  20.875459,   0.199662,  14.064050,  22.546272,  15.478933,  13.639619,  45.377213,   9.396060,  18.860937,  21.937108,  25.445663
2018,  7,   5.205211,   0.000732,   9.348028,   9.997110,   2.378054,   9.396698,  13.832330,   2.222351,   4.483821,   7.188290,   5.109376
2018,  8,   0.449492,   0.000000,   6.661041,   3.944374,   0.108223,   6.636301,   2.883651,   0.126082,   0.294398,   0.745169,   0.340011
2018,  9,   0.005851,   0.024501,   4.967002,   1.550958,   0.099359,   4.925728,   0.772447,   0.049637,   0.232260,   0.093392,   0.001748
