31OCT1921 2400,31OCT1921 2400,31OCT1921 2400,31OCT1921 2400,31OCT1921 2400,31OCT1921 2400,31OCT1921 2400,31OCT1921 2400,31OCT1921 2400,31OCT1921 2400,31OCT1921 2400,31OCT1921 2400
/CALLITE/I_FOLSM/FLOW-INFLOW//1MON/2020D09E/,/CALLITE/I_MCLRE/FLOW-INFLOW//1MON/2020D09E/,/CALLITE/I_MELON/FLOW-INFLOW//1MON/2020D09E/,/CALLITE/I_MLRTN/FLOW-INFLOW//1MON/2020D09E/,/CALLITE/I_MOKELUMNE/FLOW-INFLOW//1MON/2020D09E/,/CALLITE/I_NHGAN/FLOW-INFLOW//1MON/2020D09E/,/CALLITE/I_OROVL/FLOW-INFLOW//1MON/2020D09E/,/CALLITE/I_PEDRO/FLOW-INFLOW//1MON/2020D09E/,/CALLITE/I_SHSTA/FLOW-INFLOW//1MON/2020D09E/,/CALLITE/I_TRNTY/FLOW-INFLOW//1MON/2020D09E/,/CALLITE/I_YUBA/FLOW-INFLOW//1MON/2020D09E/,/CALLITE/I_WKYTN/FLOW-INFLOW//1MON/2020D09E/
CFS,TAF,TAF,CFS,CFS,TAF,CFS,TAF,CFS,CFS,CFS,CFS
527.61, 0.89, 22.27, 959.35, 63.43, 0.00, 1449.52, 5.11, 2537.78, 277.47, 442.55, 54.77
927.38, 1.24, 25.40, 716.11, 53.05, 0.17, 1883.35, 2.45, 3088.99, 466.42, 475.07, 123.05
4362.45, 77.85, 89.24, 1580.95, 58.69, 16.89, 4639.21, 100.26, 4536.91, 1004.36, 1809.31, 309.62
2433.65, 40.20, 40.94, 1276.32, 159.91, 10.04, 2779.75, 85.72, 2794.89, 1245.31, 1352.21, 99.38
11221.63, 123.68, 86.57, 1664.73, 655.73, 76.56, 14260.91, 171.33, 8937.43, 1356.56, 5905.92, 508.43
7645.32, 139.50, 89.32, 2324.36, 209.96, 48.15, 8888.55, 192.46, 6898.50, 1404.94, 3877.04, 376.27
7270.85, 128.65, 80.22, 3466.35, 224.21, 13.58, 10275.89, 143.25, 6258.38, 1783.64, 3123.79, 241.09
7899.78, 268.07, 229.74, 6847.77, 1091.75, 3.03, 9916.28, 430.22, 6234.84, 4525.02, 4733.03, 111.51
3677.30, 290.76, 180.62, 10137.01, 438.82, 0.00, 4777.82, 708.65, 4505.02, 1942.18, 4368.00, 47.19
1957.59, 59.31, 76.39, 7179.19, 253.38, 0.00, 2940.49, 238.19, 3282.63, 896.65, 1763.12, 0.46
988.83, 14.47, 43.89, 3150.65, 156.15, 0.00, 2220.38, 44.32, 2761.95, 424.26, 1017.11, 6.44
409.20, 2.17, 26.13, 2139.98, 89.08, 0.00, 1489.41, 6.93, 1527.78, 191.89, 622.20, 0.07
1086.45, 7.74, 35.58, 1701.29, 75.61, 0.42, 2418.03, 26.12, 3308.88, 405.14, 748.83, 111.57
3202.81, 37.71, 62.73, 1912.49, 73.59, 12.49, 3732.64, 46.92, 3428.25, 369.95, 1215.19, 97.53
7468.07, 65.68, 99.70, 1805.48, 135.13, 34.10, 6183.50, 131.57, 5963.21, 523.46, 3022.60, 275.83
6420.21, 67.17, 109.26, 1783.38, 796.16, 43.21, 6554.03, 147.78, 7332.45, 1103.77, 2332.22, 193.52
5245.38, 45.34, 75.73, 1566.09, 657.16, 12.04, 5039.17, 91.15, 4838.88, 884.38, 1579.35, 104.94
3634.67, 45.72, 85.58, 1742.02, 505.48, 1.03, 3364.03, 100.51, 3021.40, 1265.71, 1169.23, 28.71
7758.94, 168.33, 153.27, 3655.78, 619.88, 26.17, 6307.49, 252.00, 8493.71, 3266.73, 3252.53, 330.26
4073.93, 252.44, 171.43, 5379.22, 435.24, 0.65, 2451.02, 435.78, 4393.62, 3073.64, 2008.28, 37.73
2794.05, 166.35, 101.92, 5067.27, 289.41, 0.00, 2714.35, 382.56, 5499.84, 1785.81, 2330.48, 67.34
1178.39, 48.71, 53.12, 5091.25, 165.69, 0.00, 1237.76, 225.85, 2498.93, 920.24, 1448.51, 0.80
580.38, 9.87, 36.58, 2224.25, 87.35, 0.00, 934.20, 40.38, 2173.43, 430.42, 675.39, 5.73
1213.41, 18.67, 51.44, 2097.18, 60.43, 1.70, 2227.91, 41.09, 3436.15, 353.86, 802.83, 67.56
878.38, 11.21, 26.40, 1407.48, 56.41, 0.02, 1318.47, 19.13, 2814.14, 381.38, 440.99, 52.32
451.34, 4.90, 16.08, 954.91, 40.71, 0.00, 450.21, 11.06, 1153.59, 268.85, 263.85, 33.38
1347.91, 6.25, 22.88, 628.72, 32.84, 1.72, 1086.59, 13.78, 1878.50, 493.40, 495.03, 64.10
1645.60, 23.26, 43.60, 764.22, 28.66, 4.37, 1725.85, 46.46, 2203.97, 483.83, 605.56, 69.57
1955.59, 20.07, 52.84, 565.79, 157.23, 3.20, 3917.25, 67.76, 4395.00, 1920.87, 1330.69, 125.24
1504.80, 26.39, 47.83, 995.08, 27.96, 2.24, 1124.70, 60.66, 1844.77, 823.32, 694.43, 43.45
1773.43, 39.26, 61.02, 1299.80, 226.10, 0.55, 1577.21, 113.94, 1905.78, 637.63, 770.13, 5.07
582.59, 61.98, 37.84, 2112.21, 69.58, 0.00, 293.45, 178.45, 653.82, 293.88, 326.48, 0.08
272.96, 6.87, 16.82, 1498.62, 35.29, 0.00, 241.49, 38.34, 589.02, 109.72, 176.03, 4.57
73.54, 0.67, 11.47, 876.63, 6.25, 0.00, 134.72, 6.79, 412.28, 2.62, 107.60, 0.06
20.35, 0.02, 7.96, 592.29, 0.36, 0.00, 189.42, 0.46, 667.20, 19.49, 66.28, 49.93
84.11, 0.00, 8.81, 401.84, 0.01, 0.00, 387.91, 0.27, 540.12, 6.69, 63.11, 3.71
1597.74, 27.00, 52.24, 1061.42, 1.93, 3.34, 1905.09, 53.94, 2924.55, 421.30, 949.18, 186.58
1760.70, 43.44, 43.89, 1206.19, 11.21, 4.58, 2273.85, 43.64, 4314.12, 2193.06, 686.55, 216.10
2397.36, 22.76, 49.81, 821.17, 8.73, 11.01, 1999.84, 52.11, 3293.06, 1841.46, 1310.91, 190.73
1844.24, 22.40, 25.38, 708.64, 81.71, 3.80, 2083.59, 55.48, 4862.78, 1796.22, 1281.22, 128.83
8585.29, 122.60, 166.36, 2433.89, 743.86, 55.96, 11139.85, 312.62, 16828.01, 7354.16, 4106.34, 1806.99
3609.68, 100.36, 107.83, 2634.52, 192.62, 17.70, 3491.85, 251.96, 6554.70, 3738.39, 2135.70, 465.75
6186.79, 189.54, 152.79, 3852.62, 488.49, 34.00, 5259.07, 330.62, 10056.37, 5400.65, 2595.02, 670.49
3665.88, 224.66, 118.14, 5321.66, 202.16, 3.29, 3054.75, 412.51, 7413.78, 3716.23, 2264.24, 261.66
2532.95, 116.87, 77.19, 5051.66, 136.75, 0.08, 2410.31, 296.51, 5668.30, 2275.64, 1399.59, 124.94
1366.40, 27.40, 43.24, 2808.70, 72.86, 0.00, 1145.94, 78.16, 3290.41, 1036.26, 678.71, 25.82
711.19, 8.40, 30.42, 1923.57, 35.89, 0.00, 1240.56, 20.94, 3045.47, 480.32, 501.68, 17.70
692.46, 2.48, 21.56, 1235.85, 23.45, 0.00, 1822.30, 9.33, 4587.49, 568.76, 444.13, 63.43
1041.12, 18.17, 27.05, 1455.68, 21.17, 0.20, 1414.05, 24.44, 2479.25, 305.62, 423.46, 11.46
1345.17, 9.08, 30.74, 879.14, 19.64, 0.14, 1891.55, 21.27, 3316.30, 634.17, 689.33, 136.02
1567.02, 20.68, 26.51, 864.44, 15.08, 3.81, 1581.29, 27.80, 3210.49, 1011.82, 640.55, 90.29
1075.17, 15.82, 52.71, 735.27, 9.97, 6.05, 1550.92, 54.56, 3281.89, 1343.87, 1125.34, 181.52
7445.59, 102.22, 83.86, 2686.75, 63.03, 23.90, 13842.55, 182.04, 14161.29, 5371.75, 3733.14, 673.83
2499.13, 55.33, 55.18, 2231.04, 124.76, 0.84, 3030.86, 130.54, 4031.13, 2247.33, 1544.70, 103.20
6108.72, 223.20, 101.83, 4641.25, 42.49, 12.18, 9783.46, 329.05, 8107.16, 2372.96, 4096.12, 209.60
2531.53, 149.55, 41.25, 5163.28, 9.84, 0.05, 3803.38, 274.88, 4239.56, 1313.85, 1953.41, 55.01
1136.83, 39.53, 21.43, 3094.47, 1.85, 0.00, 1875.35, 93.38, 2099.00, 578.68, 939.74, 3.51
440.97, 12.21, 16.50, 2065.84, 0.00, 0.00, 1416.48, 25.10, 1740.01, 121.03, 582.74, 0.09
137.95, 1.05, 8.68, 1327.42, 0.00, 0.00, 1003.75, 2.38, 1375.91, 7.20, 363.06, 9.55
76.87, 0.07, 5.47, 881.04, 0.00, 0.00, 783.76, 0.08, 1037.73, 2.71, 229.23, 0.40
767.82, 1.14, 14.43, 785.40, 0.01, 0.64, 1787.54, 4.02, 2227.99, 158.61, 536.89, 81.21
4961.60, 80.29, 116.77, 2139.50, 6.09, 16.29, 7758.48, 127.14, 11492.87, 3312.12, 2875.39, 562.41
2061.52, 28.57, 22.24, 770.17, 15.94, 3.09, 2671.02, 34.73, 7009.27, 3804.75, 1163.24, 501.73
4145.84, 49.90, 65.44, 1364.77, 109.10, 13.12, 5622.34, 121.31, 10136.37, 4270.70, 2547.99, 739.51
11454.22, 157.29, 131.16, 3023.64, 888.19, 50.63, 18976.77, 251.59, 19546.11, 9181.18, 8375.86, 1770.71
5515.02, 95.52, 100.36, 2900.95, 169.44, 12.83, 8780.24, 192.58, 10396.70, 5060.55, 3849.28, 784.63
9970.84, 217.12, 150.66, 4681.08, 766.81, 23.87, 11663.84, 321.59, 13630.04, 5399.71, 5100.44, 645.34
4375.54, 278.27, 94.72, 6982.15, 164.42, 0.71, 5525.98, 435.18, 8372.30, 2770.76, 3596.93, 253.02
2793.25, 127.85, 59.34, 7079.39, 107.65, 0.03, 3863.71, 329.68, 5339.60, 1700.78, 3118.97, 146.46
1192.39, 24.19, 29.83, 3341.85, 49.56, 0.00, 2400.81, 64.38, 3482.82, 706.34, 1311.07, 36.08
548.09, 6.74, 19.64, 2225.48, 16.37, 0.00, 1704.33, 12.42, 2750.06, 204.20, 797.07, 4.44
385.87, 2.39, 14.00, 1634.58, 7.72, 0.00, 1419.64, 4.88, 2315.84, 103.79, 534.66, 3.46
922.15, 27.20, 50.23, 1771.29, 5.40, 1.23, 1618.37, 63.03, 2420.43, 135.61, 676.30, 56.50
3616.18, 52.50, 51.01, 1977.36, 13.89, 6.25, 5950.10, 83.46, 8732.55, 1370.26, 1838.60, 367.68
1635.31, 17.99, 32.33, 827.52, 11.09, 7.80, 1779.45, 60.28, 2904.38, 940.09, 1017.50, 195.35
2265.74, 22.71, 48.53, 1090.58, 13.82, 4.38, 3681.86, 88.57, 5227.14, 1714.98, 1213.81, 195.03
2398.66, 38.71, 44.95, 1748.18, 73.29, 7.75, 4771.71, 92.48, 6358.41, 2608.83, 1227.15, 342.48
10802.04, 201.60, 194.32, 3115.82, 938.07, 46.19, 13571.93, 392.57, 13050.33, 3891.60, 6872.12, 599.56
6002.39, 170.74, 113.25, 3554.72, 173.95, 19.46, 7040.22, 336.24, 8266.12, 3570.50, 3508.92, 510.22
2893.04, 206.95, 72.88, 5215.03, 33.55, 0.00, 3658.23, 412.27, 5154.14, 2170.43, 2643.30, 99.56
1669.29, 37.90, 37.59, 2765.49, 11.68, 0.00, 2532.86, 122.19, 3255.85, 1165.47, 1377.33, 37.52
780.02, 8.35, 25.52, 1809.00, 0.90, 0.00, 1685.73, 24.44, 2723.24, 419.73, 819.45, 3.38
240.50, 0.78, 15.26, 1224.75, 0.00, 0.00, 1176.67, 3.09, 1982.38, 110.24, 497.53, 1.45
140.90, 0.01, 9.80, 824.92, 0.00, 0.00, 935.00, 0.03, 1701.62, 45.10, 331.30, 2.31
165.19, 1.35, 8.30, 661.62, 0.00, 0.00, 786.08, 3.11, 1473.19, 84.38, 256.63, 27.21
1587.21, 23.83, 36.97, 1086.00, 0.02, 6.02, 2663.12, 30.61, 4702.60, 453.33, 769.36, 223.18
1692.45, 24.28, 36.56, 841.17, 0.89, 5.45, 1713.98, 34.53, 3358.18, 388.22, 692.31, 142.95
1199.33, 20.08, 28.97, 567.14, 0.40, 5.55, 1275.17, 24.43, 2529.96, 508.33, 576.88, 65.68
2084.23, 19.07, 24.50, 631.56, 1.08, 5.24, 3459.29, 36.42, 4749.07, 1312.36, 1189.43, 210.58
2412.45, 55.88, 61.08, 1796.48, 41.16, 7.96, 2724.44, 119.26, 3953.55, 1306.96, 1015.86, 89.26
2396.49, 74.83, 65.73, 2304.03, 182.74, 8.27, 2668.60, 120.54, 4920.27, 1251.93, 1008.06, 124.05
1857.75, 192.04, 65.86, 3621.64, 78.84, 0.02, 1329.27, 334.35, 2500.04, 1755.42, 1089.53, 12.09
2831.70, 100.89, 66.43, 3124.23, 37.59, 2.24, 2455.50, 298.64, 3861.25, 1100.69, 1858.11, 70.46
704.47, 17.22, 21.64, 1594.56, 11.13, 0.00, 431.37, 69.03, 1255.83, 462.34, 505.20, 0.00
360.86, 2.88, 12.97, 1119.80, 1.08, 0.00, 318.00, 12.25, 1052.38, 160.39, 308.26, 0.00
188.70, 4.36, 10.23, 876.82, 0.22, 0.00, 221.29, 5.82, 743.45, 69.42, 188.33, 0.00
171.54, 0.12, 6.89, 506.35, 0.06, 0.00, 324.29, 0.07, 1165.72, 49.01, 143.74, 7.89
83.55, 0.00, 3.62, 336.05, 0.13, 0.00, 112.71, 0.00, 370.08, 19.05, 70.56, 0.00
4900.15, 26.19, 55.71, 688.42, 3.35, 5.49, 10559.14, 40.02, 8296.49, 1564.81, 3462.73, 292.58
3620.15, 54.32, 69.47, 1063.97, 4.51, 18.97, 5177.03, 78.04, 5382.02, 1124.93, 2081.03, 178.83
3566.25, 43.04, 68.33, 1445.86, 181.16, 15.97, 6995.39, 94.16, 9410.46, 3519.62, 2098.95, 387.08
5976.40, 80.25, 126.12, 1827.31, 686.24, 33.83, 7365.30, 172.47, 7048.53, 2967.49, 2625.62, 296.08
4442.16, 125.87, 170.60, 2690.56, 808.51, 5.47, 5207.03, 199.52, 6116.91, 2437.10, 2414.29, 146.92
3498.50, 124.22, 134.53, 3058.79, 506.80, 2.70, 4181.64, 237.76, 4166.91, 1692.36, 2136.28, 60.25
2337.06, 102.68, 78.18, 2973.42, 295.88, 0.00, 1968.68, 356.89, 2319.36, 935.55, 1917.71, 7.84
911.18, 15.71, 41.81, 1589.86, 172.31, 0.00, 1329.17, 69.24, 1714.77, 349.25, 840.19, 1.00
506.08, 3.80, 29.08, 1107.91, 98.06, 0.00, 975.05, 16.03, 1344.80, 96.97, 528.12, 0.00
386.16, 2.85, 30.93, 771.95, 65.05, 0.01, 1234.75, 18.56, 2837.95, 126.57, 468.41, 18.65
524.17, 8.03, 23.06, 784.60, 56.16, 0.04, 1274.75, 14.87, 1488.26, 72.33, 254.48, 16.89
2182.49, 39.11, 57.69, 996.98, 47.32, 7.07, 1957.10, 44.62, 1761.67, 179.21, 855.05, 88.31
304.74, 0.16, 9.71, 352.91, 38.47, 0.02, 485.36, 3.01, 964.85, 147.65, 154.23, 46.14
2314.48, 36.00, 66.30, 847.79, 34.60, 13.01, 2850.43, 79.22, 4683.58, 1893.13, 1162.93, 211.01
1697.68, 26.27, 41.31, 882.13, 70.65, 7.79, 1612.54, 63.40, 3193.16, 1481.39, 861.89, 102.61
1880.06, 32.09, 63.66, 1062.47, 166.98, 5.15, 2726.07, 89.08, 4330.34, 2018.58, 1260.12, 85.73
1222.91, 63.18, 74.16, 1444.85, 81.01, 0.56, 1321.72, 168.40, 1823.02, 1387.53, 958.25, 17.80
1482.27, 80.07, 70.27, 2482.52, 56.89, 0.37, 1861.85, 200.95, 1765.65, 980.62, 956.11, 15.64
1191.41, 19.66, 36.79, 1498.19, 33.68, 0.18, 934.65, 61.11, 2346.64, 973.66, 644.58, 92.95
240.77, 1.37, 16.66, 816.96, 8.71, 0.00, 168.70, 9.20, 592.69, 347.03, 217.07, 0.00
89.43, 1.11, 13.68, 633.07, 0.38, 0.00, 147.52, 4.46, 482.21, 82.09, 131.10, 0.00
128.16, 1.74, 10.83, 516.96, 0.39, 0.00, 235.97, 3.36, 769.09, 32.28, 167.59, 0.30
1183.22, 2.21, 25.49, 406.29, 0.94, 0.20, 1727.42, 7.15, 2882.22, 177.51, 717.65, 85.26
1489.93, 23.20, 35.44, 707.79, 4.63, 8.52, 1650.40, 27.29, 1484.21, 117.67, 684.55, 120.01
3464.76, 83.13, 78.06, 1631.62, 72.21, 36.23, 3873.84, 118.66, 4349.64, 230.83, 1497.76, 303.64
2702.83, 65.60, 54.31, 1289.38, 151.34, 34.68, 2661.65, 122.46, 2935.17, 186.25, 1534.99, 137.48
5682.25, 181.75, 87.53, 3602.39, 853.34, 65.35, 4245.85, 201.24, 3756.19, 261.43, 1824.00, 74.94
3644.89, 101.33, 132.45, 4094.04, 352.07, 4.42, 5572.25, 151.12, 6039.06, 1343.27, 1518.00, 75.87
4506.89, 90.43, 149.61, 4919.28, 428.56, 4.27, 5108.14, 167.31, 5535.24, 2633.49, 1956.68, 109.99
6647.91, 222.12, 256.17, 6737.61, 918.58, 3.03, 4664.43, 415.10, 6276.72, 4480.31, 3197.31, 86.87
4385.46, 306.39, 151.59, 8505.56, 392.47, 0.06, 2441.46, 493.90, 3207.36, 1967.61, 3831.83, 3.78
1572.06, 64.88, 69.52, 4263.86, 220.25, 0.00, 1252.43, 128.74, 2276.21, 990.42, 1773.78, 0.32
855.71, 16.10, 43.46, 2642.58, 122.45, 0.00, 893.90, 25.66, 1770.77, 442.56, 854.53, 0.00
484.05, 3.28, 28.90, 1823.00, 70.13, 0.00, 653.81, 6.69, 1200.04, 169.25, 533.59, 0.00
421.55, 1.29, 19.08, 1368.64, 53.67, 0.00, 655.63, 0.47, 1142.21, 128.34, 363.31, 1.61
399.51, 1.37, 19.30, 848.18, 39.48, 0.52, 661.18, 5.95, 1947.23, 273.24, 383.46, 72.67
1448.38, 17.61, 28.12, 962.81, 37.72, 5.27, 1392.55, 19.19, 1613.64, 176.66, 399.03, 134.01
2070.56, 47.16, 53.54, 1322.33, 25.79, 15.89, 2100.71, 69.07, 2223.33, 104.90, 960.60, 186.76
923.95, 18.78, 30.81, 806.48, 15.40, 9.63, 837.91, 42.09, 913.51, 29.43, 610.65, 57.12
3209.27, 68.26, 89.64, 2457.75, 187.16, 12.90, 6008.68, 121.40, 8190.35, 1148.30, 1595.93, 251.27
2102.94, 74.37, 90.16, 2236.27, 488.85, 0.93, 3669.04, 98.77, 3943.38, 3531.77, 1355.49, 55.68
3754.99, 91.80, 145.65, 2815.25, 439.24, 8.14, 3271.70, 176.49, 4767.17, 2608.77, 1759.88, 76.42
3707.58, 159.36, 155.05, 3979.71, 1010.87, 0.01, 963.91, 259.27, 1784.41, 1668.11, 2015.35, 4.18
1026.93, 20.27, 52.96, 1890.72, 277.90, 0.00, 634.98, 52.35, 1786.96, 735.57, 865.43, 0.03
547.20, 3.18, 36.06, 1296.55, 166.43, 0.00, 498.38, 8.49, 1386.31, 281.93, 492.57, 0.00
412.65, 0.15, 25.24, 850.55, 112.90, 0.00, 523.10, 0.95, 1201.35, 182.14, 356.18, 6.85
514.87, 4.63, 49.37, 687.99, 72.63, 6.33, 724.08, 20.36, 1428.93, 150.80, 944.86, 61.67
1847.93, 11.12, 11.73, 812.98, 73.96, 0.48, 1875.82, 5.32, 1572.22, 103.36, 173.39, 0.16
3321.16, 65.44, 83.71, 1675.33, 60.92, 20.68, 3400.50, 83.85, 4975.52, 809.10, 1453.71, 299.99
3172.79, 37.60, 59.21, 1239.90, 67.36, 8.66, 3865.52, 89.32, 5343.96, 2351.53, 1557.16, 140.22
3362.64, 51.54, 82.41, 1681.93, 247.52, 22.44, 4600.40, 116.01, 6850.05, 1874.02, 2041.16, 232.38
2112.44, 73.97, 71.33, 2145.97, 205.41, 2.17, 2465.79, 178.08, 4279.03, 2104.21, 1514.14, 120.62
1733.27, 68.47, 33.22, 2320.24, 84.06, 0.05, 2145.16, 129.69, 3370.10, 1652.03, 1066.49, 146.62
1454.24, 23.55, 40.16, 2262.19, 56.77, 1.31, 1765.04, 53.23, 3505.11, 1370.40, 791.86, 67.55
1402.34, 13.86, 27.17, 1545.24, 39.82, 0.02, 1605.35, 30.90, 3481.65, 806.14, 619.45, 22.10
284.15, 0.61, 8.76, 822.32, 13.10, 0.00, 434.01, 2.97, 1159.71, 299.73, 202.14, 0.15
112.46, 0.71, 9.59, 605.66, 0.62, 0.00, 372.58, 1.93, 954.35, 52.10, 140.57, 0.23
421.76, 4.97, 17.36, 564.08, 0.92, 0.20, 799.79, 12.46, 1090.49, 36.26, 312.58, 6.63
661.03, 16.45, 31.98, 758.23, 1.30, 1.19, 987.56, 27.78, 1576.79, 168.94, 392.75, 88.46
2825.53, 46.24, 52.14, 1338.39, 3.49, 6.90, 3943.96, 59.41, 5840.71, 1656.57, 1360.20, 272.11
1198.02, 27.86, 31.62, 897.94, 4.39, 6.71, 1526.27, 45.03, 2520.82, 1193.16, 948.24, 98.16
4381.76, 102.54, 77.72, 2006.57, 120.77, 25.35, 6438.83, 199.44, 7655.89, 1361.06, 2383.38, 386.63
2499.54, 54.15, 68.67, 2408.76, 300.24, 7.07, 3796.76, 112.81, 5176.02, 1492.37, 1691.30, 327.93
3984.25, 89.76, 86.14, 2652.52, 345.08, 33.01, 7019.77, 145.54, 6703.48, 1527.10, 1824.11, 374.71
10592.43, 286.55, 337.96, 6226.63, 1998.49, 71.14, 13965.66, 399.25, 13382.84, 4501.50, 5222.24, 819.36
5187.55, 296.96, 250.45, 7128.19, 1042.37, 3.15, 6678.18, 465.95, 6431.17, 4882.20, 3148.77, 165.81
3697.00, 236.51, 183.71, 7388.42, 894.46, 0.00, 3633.96, 461.54, 4063.49, 2231.26, 3029.67, 52.32
1570.45, 41.01, 79.30, 3562.98, 380.22, 0.00, 2344.44, 88.58, 3202.91, 1086.96, 1254.70, 12.43
740.86, 11.56, 53.95, 2499.15, 234.61, 0.00, 1691.73, 18.90, 2355.03, 465.87, 753.21, 26.52
364.65, 1.44, 31.61, 1651.69, 154.93, 0.00, 1281.06, 1.52, 1757.70, 261.42, 467.83, 13.81
1356.90, 16.49, 49.62, 1534.62, 128.12, 0.31, 1873.23, 28.64, 2851.23, 294.18, 679.71, 61.81
1122.46, 12.52, 30.17, 1099.26, 104.67, 1.90, 1495.35, 19.46, 1772.57, 273.72, 448.57, 44.44
1132.90, 13.66, 25.89, 828.93, 75.54, 3.50, 1933.63, 20.39, 3676.18, 622.81, 564.62, 182.28
7424.67, 77.09, 128.39, 1664.82, 257.17, 30.91, 9430.49, 158.41, 12904.43, 5153.09, 4200.97, 611.66
14290.72, 281.27, 329.29, 4828.23, 3395.89, 165.30, 14320.89, 381.68, 11820.81, 3918.95, 7707.87, 788.97
5332.39, 211.36, 224.90, 4351.64, 1043.30, 20.94, 5176.17, 297.21, 5180.04, 2752.83, 3530.17, 281.48
7802.95, 242.22, 280.74, 5756.59, 1823.41, 19.73, 6662.24, 358.55, 6511.00, 2695.38, 3958.41, 303.27
4838.14, 245.97, 269.22, 6470.93, 1628.14, 0.91, 3436.54, 454.42, 4397.80, 1775.39, 3048.26, 107.24
4610.27, 94.00, 158.66, 4939.00, 1130.60, 2.74, 3223.46, 244.15, 4860.74, 1398.04, 2448.11, 97.14
1533.30, 24.15, 76.55, 2837.19, 545.25, 0.03, 1415.13, 58.35, 2207.72, 626.81, 994.21, 15.73
710.32, 4.55, 48.25, 1845.07, 341.95, 0.00, 1049.51, 11.07, 1676.92, 189.30, 627.41, 0.01
673.70, 1.47, 32.57, 1257.50, 236.53, 0.00, 1165.85, 2.88, 1706.36, 75.36, 429.98, 2.12
381.80, 8.20, 32.27, 1208.60, 172.18, 0.35, 565.15, 15.67, 833.49, 26.17, 268.14, 3.36
360.28, 5.81, 17.28, 861.28, 131.27, 0.29, 423.85, 4.67, 607.86, 22.39, 169.67, 0.12
1435.01, 55.84, 52.31, 1620.03, 103.20, 12.14, 1173.80, 64.56, 1679.25, 144.60, 521.86, 152.80
1541.82, 28.73, 33.44, 771.72, 77.39, 14.43, 758.62, 36.52, 1414.65, 22.12, 604.94, 54.12
6147.55, 183.34, 114.48, 4667.39, 586.67, 83.20, 4353.83, 282.63, 3910.83, 122.23, 2515.31, 389.21
5934.79, 203.94, 178.55, 5548.80, 963.79, 82.87, 9178.14, 295.43, 10507.59, 995.67, 2417.01, 605.78
5244.02, 207.17, 166.49, 5622.47, 540.67, 18.05, 7795.11, 238.52, 8685.12, 2050.53, 2372.67, 393.34
6591.47, 351.49, 363.31, 8041.24, 1669.39, 0.38, 6124.39, 576.20, 6127.29, 6669.53, 3263.12, 79.54
4127.36, 148.78, 228.30, 7078.16, 1484.95, 0.64, 3068.61, 334.84, 6031.66, 2995.79, 2585.63, 111.06
1656.34, 30.73, 93.76, 3604.75, 493.42, 0.00, 1647.78, 72.92, 4313.65, 1545.91, 1094.18, 3.76
721.74, 5.43, 57.19, 2406.89, 308.52, 0.00, 1078.43, 11.53, 2405.44, 756.21, 655.36, 0.16
408.94, 2.31, 37.13, 1637.99, 201.88, 0.00, 773.39, 3.03, 1760.73, 379.74, 402.38, 1.38
1053.31, 3.96, 40.44, 1164.67, 153.30, 0.16, 1946.55, 9.57, 3840.65, 486.01, 594.59, 105.14
3033.01, 20.66, 55.42, 1129.93, 128.29, 2.03, 7299.71, 34.40, 11103.52, 2908.95, 1775.26, 471.16
5954.04, 179.50, 159.87, 3756.25, 196.00, 18.98, 11981.69, 288.18, 14825.45, 4500.65, 4230.98, 753.66
3040.47, 106.02, 100.50, 2207.76, 257.27, 16.46, 6084.28, 172.41, 10710.55, 3854.78, 2423.06, 642.56
12926.69, 276.12, 151.75, 4551.96, 1447.11, 122.53, 26434.91, 288.46, 27810.13, 8096.92, 9696.66, 2790.59
15714.13, 384.48, 326.85, 8189.27, 2423.61, 126.95, 21200.62, 488.77, 23727.42, 6676.51, 10330.54, 2057.41
8838.22, 288.18, 318.96, 7112.58, 1849.14, 24.20, 14860.48, 408.40, 16572.16, 6198.50, 5753.10, 928.92
9939.50, 411.70, 484.45, 9331.94, 2893.51, 4.69, 11461.60, 641.47, 11401.01, 8804.90, 5488.54, 400.02
5407.56, 300.16, 375.57, 12537.68, 2754.91, 0.01, 6396.10, 657.30, 7862.14, 4132.17, 4932.62, 237.37
2704.01, 56.85, 133.14, 5921.88, 964.26, 0.16, 4350.54, 132.75, 7191.99, 1916.13, 2000.93, 117.91
1238.69, 14.92, 81.08, 3422.18, 629.40, 0.00, 3000.55, 26.02, 5171.96, 980.26, 1150.73, 53.06
742.17, 5.46, 58.14, 2459.67, 421.14, 0.00, 2331.79, 13.64, 4230.13, 553.09, 760.63, 58.44
1505.95, 24.06, 74.81, 2135.69, 336.23, 1.49, 2611.01, 54.22, 5067.09, 778.32, 915.53, 222.36
1593.86, 16.22, 43.70, 1525.24, 269.25, 1.34, 2200.70, 24.07, 4169.27, 915.93, 649.92, 168.96
1384.73, 10.89, 35.80, 1155.98, 196.10, 1.95, 2050.22, 24.30, 3590.23, 2012.38, 467.18, 172.19
1801.05, 23.85, 54.07, 1108.95, 144.60, 7.83, 2489.65, 52.91, 5044.72, 2331.61, 944.97, 226.86
1824.72, 32.26, 34.25, 1004.74, 114.52, 10.72, 1844.46, 68.87, 3455.15, 1380.38, 741.97, 196.70
3805.81, 83.25, 119.53, 2194.51, 652.36, 10.46, 4768.22, 204.89, 8086.38, 2928.04, 1780.32, 453.99
1896.46, 134.83, 128.15, 2954.15, 599.11, 0.63, 1000.42, 252.11, 2898.88, 2258.75, 1416.80, 76.87
2365.30, 63.46, 82.68, 2748.82, 227.83, 3.20, 1906.01, 131.91, 3753.40, 1570.20, 1477.03, 139.77
815.96, 12.53, 37.41, 1865.25, 152.36, 0.01, 568.99, 28.71, 1846.82, 892.60, 611.48, 20.90
350.62, 1.42, 24.43, 1078.74, 81.92, 0.00, 292.56, 5.07, 1675.13, 329.10, 354.39, 9.93
132.69, 0.25, 16.01, 802.80, 31.34, 0.00, 304.86, 0.94, 1071.73, 55.49, 221.12, 0.46
538.14, 12.05, 35.87, 982.99, 23.29, 0.06, 412.25, 26.19, 1745.67, 73.30, 265.76, 15.91
1161.06, 26.98, 42.31, 1173.31, 30.21, 1.05, 1497.14, 45.21, 2027.91, 60.69, 616.10, 22.51
316.09, 2.75, 14.77, 244.92, 19.88, 0.52, 351.76, 8.56, 728.46, 67.27, 173.74, 29.53
867.20, 9.89, 21.16, 432.98, 15.68, 0.86, 2012.13, 14.77, 7314.17, 2388.32, 545.73, 391.65
8990.85, 209.02, 181.65, 3836.55, 441.27, 40.77, 12043.53, 350.94, 18820.44, 7189.02, 5111.51, 1065.64
8587.15, 206.28, 219.80, 3368.10, 1158.48, 63.99, 14740.18, 301.13, 27764.73, 11292.74, 9103.83, 1979.17
12565.50, 236.35, 292.94, 4268.98, 1718.35, 57.05, 21318.56, 375.18, 22038.82, 9673.02, 10315.02, 1582.24
10444.53, 235.74, 189.10, 4993.09, 1551.69, 25.85, 15503.71, 344.13, 15702.12, 6769.78, 4916.59, 1117.32
4234.26, 271.33, 160.19, 7004.16, 492.74, 0.96, 6112.45, 508.82, 9347.53, 4180.16, 2875.91, 387.72
2423.54, 65.16, 74.74, 4413.05, 306.14, 0.00, 4255.23, 184.14, 6348.53, 2567.17, 1584.07, 217.96
1156.14, 16.04, 47.47, 2639.73, 171.66, 0.00, 2786.10, 37.84, 4360.32, 1284.11, 946.88, 102.60
448.83, 1.98, 31.72, 1759.10, 82.28, 0.00, 1997.14, 5.13, 3514.62, 483.75, 576.53, 31.97
383.45, 0.84, 22.36, 1218.12, 55.26, 0.00, 2059.36, 1.64, 4259.41, 465.01, 515.25, 67.59
859.57, 11.71, 33.00, 1449.09, 41.16, 0.49, 2453.17, 20.87, 4702.05, 490.83, 576.30, 145.12
1998.85, 7.14, 25.56, 741.94, 43.26, 0.76, 3234.32, 14.53, 4327.12, 674.91, 988.25, 103.78
5717.96, 85.55, 114.37, 2108.70, 47.82, 21.36, 11051.80, 146.40, 19813.45, 8806.68, 3552.75, 1335.46
7131.42, 97.04, 86.73, 1938.56, 354.02, 26.82, 14655.60, 161.42, 25731.72, 10234.85, 5119.74, 2047.89
8034.63, 238.62, 164.71, 3275.13, 800.09, 43.49, 18256.31, 274.59, 27955.75, 10612.10, 7470.88, 1930.25
7129.29, 196.84, 214.99, 3477.98, 1240.83, 45.79, 13471.06, 246.66, 22947.12, 9846.76, 5331.02, 1495.32
7598.88, 173.87, 183.01, 3582.97, 796.31, 33.02, 14447.03, 238.36, 24746.73, 10331.95, 5286.86, 1768.44
6385.82, 282.81, 298.57, 7091.50, 1819.34, 1.91, 8513.52, 466.06, 14420.86, 5641.28, 4851.16, 661.70
3980.72, 292.21, 261.47, 9386.75, 1410.15, 0.00, 5007.93, 597.99, 9760.30, 3645.24, 2719.29, 370.02
1802.29, 72.02, 117.03, 5423.66, 543.55, 0.00, 3483.30, 218.87, 6274.62, 2158.06, 1437.14, 183.12
874.53, 20.05, 62.27, 3056.16, 350.21, 0.00, 2268.90, 44.04, 5351.67, 1132.84, 819.88, 126.21
598.33, 4.83, 41.49, 2054.78, 243.35, 0.00, 1804.48, 8.33, 4191.46, 697.66, 545.43, 74.77
933.42, 9.60, 44.78, 1670.43, 179.77, 0.04, 1757.00, 17.81, 3773.76, 548.71, 518.61, 137.05
1824.93, 20.31, 50.13, 1447.27, 144.24, 1.29, 2332.58, 44.61, 4308.74, 570.95, 897.27, 186.80
5938.83, 92.43, 110.52, 2260.64, 127.09, 21.30, 11572.99, 140.32, 17023.75, 5939.40, 3874.26, 786.84
9630.74, 121.97, 215.82, 2425.35, 1807.45, 53.93, 14499.32, 230.83, 20443.04, 6082.18, 6538.96, 892.56
12700.17, 133.64, 169.50, 2548.44, 922.87, 46.72, 20453.91, 189.64, 26870.43, 8618.38, 9311.99, 1858.31
5415.47, 115.04, 127.70, 2791.41, 411.56, 17.27, 7960.26, 158.73, 10508.54, 3419.04, 3597.87, 357.43
8489.30, 273.64, 233.56, 4814.97, 1068.38, 31.59, 14353.94, 307.23, 17986.23, 5375.95, 6576.59, 961.82
8806.71, 280.51, 323.33, 6235.90, 1737.34, 25.13, 11087.25, 443.32, 14391.33, 5113.31, 5596.17, 494.11
5620.36, 383.77, 305.69, 9050.47, 1810.95, 0.42, 5753.41, 670.21, 8267.58, 3373.65, 3332.21, 212.01
2506.35, 83.65, 122.05, 4178.02, 645.21, 0.00, 3793.31, 211.46, 5838.60, 1602.11, 1774.61, 76.88
1216.74, 20.83, 70.79, 2771.45, 389.71, 0.00, 2690.96, 41.34, 4788.41, 712.75, 1079.22, 26.07
715.15, 4.70, 46.56, 1900.09, 263.20, 0.00, 1944.65, 7.57, 3586.08, 334.66, 676.34, 12.27
597.31, 3.40, 37.96, 1305.86, 189.15, 0.04, 1553.94, 7.92, 2861.26, 244.69, 479.22, 41.98
5389.39, 75.54, 111.00, 2114.40, 185.85, 18.90, 4974.83, 96.58, 6254.26, 662.73, 2368.06, 271.94
4069.55, 38.27, 83.95, 1392.53, 234.31, 13.10, 3859.01, 97.62, 6085.67, 1290.17, 2327.10, 295.05
11195.95, 224.86, 267.99, 3684.36, 1996.38, 74.62, 16240.69, 258.65, 16340.91, 4441.34, 7664.14, 783.41
7595.61, 166.90, 170.07, 3605.20, 1021.98, 39.93, 10560.02, 199.30, 13212.91, 3767.97, 3820.01, 599.09
13409.40, 402.24, 369.74, 6190.95, 2291.65, 93.93, 12997.35, 481.27, 11631.47, 3746.38, 7994.80, 557.85
7087.06, 189.29, 225.29, 5396.12, 1195.91, 13.73, 8439.84, 335.94, 12024.52, 4491.56, 4574.47, 468.60
5044.54, 261.12, 188.69, 7419.68, 799.82, 1.16, 5309.71, 452.96, 7986.77, 2965.61, 3219.67, 208.90
4109.52, 145.04, 123.80, 6484.65, 484.59, 0.52, 4708.76, 347.92, 7402.04, 1893.72, 2125.51, 147.28
1684.61, 36.46, 67.99, 3459.26, 248.01, 0.00, 2520.61, 94.07, 3893.48, 892.87, 1054.00, 18.81
726.54, 8.55, 41.05, 2267.09, 131.35, 0.00, 1637.92, 18.76, 2847.16, 373.59, 630.97, 1.64
259.86, 1.50, 26.52, 1569.39, 62.49, 0.00, 1195.92, 3.73, 2280.61, 113.64, 386.97, 0.01
779.52, 12.30, 38.60, 1312.37, 52.75, 0.56, 1661.20, 24.35, 3063.49, 275.01, 552.64, 73.59
747.38, 10.68, 22.04, 993.99, 44.70, 0.11, 1612.75, 16.62, 2961.21, 298.85, 412.97, 127.16
1322.97, 15.91, 34.30, 1008.79, 38.38, 3.29, 1735.37, 21.50, 1989.21, 228.04, 549.90, 61.81
2591.93, 38.63, 59.28, 1149.72, 35.97, 9.07, 3118.15, 63.79, 3638.36, 441.18, 1180.43, 172.28
3129.54, 49.12, 59.60, 1241.53, 54.10, 19.85, 6115.62, 97.03, 7990.12, 2515.18, 2326.28, 679.59
4087.45, 63.43, 66.57, 1957.57, 299.04, 21.06, 8688.72, 148.80, 6526.41, 1807.92, 2180.50, 467.35
3337.75, 87.07, 108.92, 2315.03, 204.92, 11.03, 4756.17, 143.64, 6234.04, 1670.04, 1579.69, 206.38
3538.97, 202.73, 197.23, 4656.12, 847.83, 1.40, 3073.53, 342.44, 3709.86, 1637.97, 1551.67, 122.76
2192.70, 111.84, 102.86, 4341.57, 273.55, 0.06, 2234.44, 193.47, 5741.77, 1201.96, 1120.97, 148.06
893.49, 21.83, 49.26, 2944.96, 164.03, 0.00, 1275.53, 41.03, 2369.66, 537.83, 516.92, 9.35
429.63, 3.23, 31.51, 1726.32, 93.79, 0.00, 795.99, 6.20, 1735.59, 209.06, 290.54, 13.52
314.30, 0.43, 23.59, 1185.98, 52.45, 0.00, 668.12, 1.87, 1550.26, 58.55, 221.05, 0.14
334.84, 4.74, 39.20, 935.98, 40.61, 2.56, 786.17, 19.71, 1687.31, 76.76, 439.27, 115.81
5155.53, 80.45, 106.00, 2416.52, 57.90, 17.31, 5650.91, 101.53, 8321.44, 1455.79, 1942.06, 395.23
2728.33, 24.76, 51.78, 1160.44, 80.33, 10.50, 4475.12, 64.73, 8555.19, 2235.12, 1652.33, 437.31
1656.91, 6.21, 38.90, 755.00, 83.69, 2.32, 2014.01, 40.33, 4617.89, 1723.07, 922.95, 240.86
10265.25, 136.41, 224.05, 3900.00, 1412.72, 54.80, 15576.40, 253.59, 18203.11, 5976.70, 5894.83, 1454.56
5632.33, 119.55, 146.60, 2904.92, 493.31, 54.05, 6401.26, 191.12, 10217.82, 2903.18, 2495.01, 754.15
5270.46, 173.18, 183.15, 3791.83, 779.72, 8.14, 5619.84, 238.55, 7158.09, 2836.17, 2357.88, 327.98
5024.32, 267.71, 259.14, 6624.76, 1289.06, 1.49, 5143.98, 417.49, 10185.00, 2224.79, 2989.17, 332.39
3391.81, 169.80, 200.36, 6957.76, 611.86, 1.37, 3286.86, 308.78, 6762.05, 1532.32, 1825.60, 118.73
1388.52, 31.19, 83.66, 3825.99, 309.87, 0.00, 1692.40, 72.62, 3591.39, 635.39, 878.50, 22.52
708.31, 8.07, 51.92, 2462.69, 183.97, 0.00, 1146.26, 16.77, 2799.90, 185.76, 532.69, 5.05
356.76, 2.63, 35.54, 1744.18, 110.89, 0.00, 938.09, 6.17, 2263.24, 38.08, 328.14, 0.49
1135.41, 25.56, 92.85, 1963.84, 89.57, 4.86, 1599.05, 79.74, 4488.24, 364.44, 1059.84, 310.35
4971.79, 54.18, 68.03, 2025.50, 103.57, 10.77, 5544.99, 74.79, 11234.93, 2186.76, 1580.03, 470.67
9189.04, 109.68, 158.93, 2202.94, 776.31, 43.01, 13992.03, 215.63, 22301.35, 6957.02, 5052.51, 1801.35
5328.91, 57.22, 120.82, 1601.13, 772.86, 20.01, 6482.24, 131.48, 14398.50, 5039.66, 2653.63, 1195.23
4291.22, 34.83, 88.38, 1457.55, 273.66, 13.72, 5206.19, 77.82, 11172.21, 3365.85, 2192.38, 508.89
5672.41, 96.59, 156.75, 2305.88, 642.04, 26.67, 6346.61, 167.63, 11327.52, 3087.88, 2890.64, 421.96
6389.73, 209.07, 221.25, 4404.82, 1278.50, 7.80, 5446.97, 272.60, 8224.25, 2597.38, 2623.77, 300.91
4776.69, 268.82, 279.36, 5821.74, 1568.19, 2.52, 3247.25, 419.88, 6382.55, 1581.13, 3158.07, 176.30
2903.06, 92.12, 154.40, 4313.04, 840.61, 0.00, 1884.04, 181.55, 4095.35, 856.16, 1957.75, 68.68
1269.41, 18.36, 77.45, 2516.69, 436.80, 0.00, 1647.70, 39.74, 3901.13, 295.33, 1061.61, 35.08
480.76, 2.87, 45.92, 1684.02, 272.63, 0.00, 958.50, 6.41, 2556.61, 49.27, 593.42, 1.40
536.62, 3.04, 35.12, 1194.74, 191.67, 0.00, 871.63, 8.05, 1953.22, 23.26, 464.10, 2.47
1093.77, 23.41, 45.55, 1632.12, 156.19, 0.86, 1035.29, 30.47, 2328.42, 86.11, 413.44, 33.13
3889.62, 67.62, 104.54, 1975.90, 140.28, 14.49, 4620.87, 97.00, 6166.33, 895.88, 1668.60, 305.76
2190.01, 66.13, 47.03, 1955.53, 113.14, 7.32, 2724.11, 94.18, 4338.00, 1205.76, 1395.36, 214.79
1198.61, 23.18, 33.31, 1168.92, 93.06, 3.89, 732.92, 39.17, 2469.02, 647.87, 614.34, 73.20
3385.33, 72.32, 72.69, 1653.85, 187.69, 8.75, 5387.14, 94.25, 8821.22, 3146.11, 1907.94, 473.54
5392.41, 100.93, 149.60, 1845.68, 506.76, 19.56, 7554.80, 178.76, 13425.19, 4084.25, 3364.85, 1074.74
4433.37, 94.47, 121.30, 2396.32, 610.42, 4.34, 4684.40, 170.79, 6975.76, 2275.20, 2103.32, 366.98
2225.54, 130.46, 116.69, 4087.27, 293.43, 0.15, 1866.67, 233.42, 4628.40, 1267.40, 1541.38, 153.26
2156.29, 26.74, 54.24, 2402.23, 194.56, 0.04, 2548.79, 58.64, 9487.03, 2298.17, 1217.64, 400.54
633.16, 5.19, 30.08, 1471.16, 113.01, 0.00, 868.42, 10.75, 3253.39, 829.96, 474.90, 57.26
256.13, 0.46, 19.88, 1010.56, 58.00, 0.00, 685.26, 1.06, 2610.53, 331.08, 291.31, 39.74
114.89, 1.87, 13.75, 909.88, 27.89, 0.00, 539.37, 1.17, 2252.87, 88.71, 180.86, 5.64
2577.17, 25.83, 69.18, 1054.98, 31.15, 4.58, 3444.13, 53.61, 6595.59, 813.99, 1362.68, 375.98
1218.12, 9.33, 25.85, 631.59, 34.30, 1.68, 1536.19, 17.89, 3054.91, 519.61, 467.07, 72.72
487.60, 6.98, 14.94, 583.36, 24.28, 1.29, 785.37, 9.50, 2565.65, 498.67, 256.22, 100.97
2561.93, 17.01, 43.60, 479.01, 37.08, 3.01, 6138.47, 56.76, 14616.42, 4290.92, 2197.75, 790.00
1838.86, 17.72, 42.54, 625.97, 19.51, 9.56, 2113.30, 51.05, 5496.46, 1526.24, 975.56, 214.34
3585.65, 66.50, 66.65, 1045.55, 83.82, 33.73, 6036.11, 120.11, 11398.05, 1783.80, 1393.35, 800.29
8287.49, 210.17, 176.45, 3239.15, 825.53, 49.28, 12995.14, 301.89, 20025.87, 3125.32, 3810.02, 1662.36
7978.47, 316.36, 274.83, 3981.44, 1014.35, 12.09, 10295.46, 436.74, 13145.01, 5133.99, 4131.51, 732.01
4379.75, 120.87, 139.65, 3463.06, 478.32, 0.61, 6231.08, 200.66, 13152.34, 4232.87, 3887.37, 342.84
2069.82, 21.76, 67.46, 1957.17, 244.77, 0.00, 3091.54, 40.60, 7033.33, 2024.35, 1673.28, 145.14
1122.15, 2.79, 44.17, 1316.19, 147.09, 0.00, 2189.00, 5.83, 5419.46, 1026.42, 998.82, 89.42
593.43, 0.10, 31.91, 896.74, 84.01, 0.00, 1733.55, 0.99, 4859.75, 657.80, 643.72, 78.71
497.72, 4.80, 26.87, 808.72, 64.39, 0.01, 1406.30, 7.46, 3747.84, 525.39, 443.42, 86.39
2070.52, 2.85, 31.72, 540.33, 62.20, 0.13, 3245.53, 10.27, 4654.73, 628.76, 1016.67, 173.67
2143.85, 25.01, 42.45, 727.49, 47.46, 8.66, 2078.18, 30.04, 4300.47, 360.71, 888.77, 156.84
1202.45, 20.32, 25.04, 502.67, 32.78, 8.92, 719.72, 21.16, 2563.00, 204.90, 460.43, 67.87
1682.34, 24.99, 29.96, 680.04, 21.43, 16.33, 1853.22, 54.14, 8248.82, 364.27, 889.26, 480.99
6464.70, 94.56, 82.58, 1567.04, 245.51, 45.70, 8380.73, 151.68, 19158.06, 4517.67, 2416.91, 2379.54
5699.03, 152.86, 169.61, 2642.65, 757.84, 1.36, 8205.77, 245.84, 9337.22, 6547.29, 2135.55, 412.67
5160.93, 220.67, 175.07, 3540.63, 422.43, 0.42, 3887.89, 329.87, 9425.52, 3243.06, 3034.19, 325.01
2300.92, 90.88, 66.63, 3747.49, 175.25, 0.00, 1858.24, 162.21, 5665.04, 2027.64, 1703.31, 136.17
1095.61, 14.23, 42.68, 2006.50, 97.36, 0.00, 1172.59, 31.61, 3438.28, 944.68, 850.20, 48.29
679.72, 2.11, 30.34, 1410.13, 49.44, 0.00, 966.83, 5.65, 2709.28, 382.45, 599.79, 16.01
359.22, 0.33, 19.13, 965.93, 22.27, 0.00, 760.60, 1.25, 2131.81, 137.59, 328.77, 6.13
394.54, 0.08, 15.76, 649.67, 20.45, 0.00, 610.91, 1.11, 1895.82, 129.73, 245.05, 9.61
1849.21, 26.93, 49.08, 1257.61, 16.41, 5.76, 2083.17, 47.12, 3558.82, 228.40, 678.57, 104.65
868.35, 12.81, 21.67, 623.90, 15.41, 3.03, 1212.00, 14.27, 1965.29, 155.63, 396.75, 77.41
6511.74, 51.08, 88.28, 1054.41, 52.48, 33.81, 5423.49, 97.90, 8454.24, 100.14, 2714.31, 297.03
5715.70, 62.47, 63.11, 1397.85, 580.00, 32.89, 10217.88, 118.21, 11395.30, 308.42, 3490.63, 366.43
6116.52, 90.29, 105.55, 1607.93, 352.59, 23.72, 7243.34, 145.50, 12361.52, 2415.50, 3135.17, 698.00
7302.77, 198.52, 182.97, 3500.64, 881.19, 21.12, 9597.05, 246.38, 10074.36, 5076.78, 4229.12, 487.30
5979.51, 224.82, 207.86, 3834.61, 747.40, 2.78, 5667.19, 360.76, 6971.45, 3096.82, 4478.65, 154.47
4037.38, 123.41, 105.87, 3820.52, 495.31, 0.03, 3108.85, 286.75, 5610.47, 1630.05, 3201.21, 72.69
1516.20, 22.46, 56.67, 2225.60, 214.43, 0.00, 1962.56, 56.21, 3192.84, 670.74, 1491.87, 6.48
797.55, 3.98, 36.83, 1409.92, 121.99, 0.00, 1469.24, 8.86, 2663.81, 225.03, 869.57, 2.36
675.98, 1.68, 28.21, 1080.06, 75.16, 0.00, 1392.68, 3.31, 2911.51, 165.14, 592.33, 13.84
2238.46, 23.96, 74.30, 1167.09, 58.22, 7.25, 3854.61, 58.59, 10686.48, 3074.19, 1459.76, 602.40
12437.78, 261.66, 277.80, 4572.83, 1035.38, 42.35, 10413.87, 492.43, 12487.44, 3597.65, 6239.76, 654.70
14274.21, 389.67, 367.02, 5377.35, 2657.59, 69.74, 13024.88, 652.44, 15677.43, 4548.10, 9134.94, 1143.95
11471.49, 149.59, 194.76, 3195.91, 1369.25, 63.73, 12283.42, 236.77, 16893.59, 3540.48, 7428.79, 1092.95
8496.11, 117.17, 157.64, 3082.18, 754.57, 23.55, 11739.66, 177.07, 17891.42, 3589.28, 6014.80, 1296.61
8296.28, 120.38, 179.88, 2820.53, 1127.80, 35.40, 9271.80, 191.75, 13063.99, 2963.62, 4549.92, 668.96
5289.40, 120.72, 135.93, 3112.24, 585.15, 3.84, 6018.33, 191.73, 9645.67, 4752.19, 4003.32, 337.08
6934.95, 171.20, 167.47, 4238.11, 579.33, 5.53, 6401.20, 300.56, 11168.53, 3300.13, 4206.65, 414.54
2581.05, 61.08, 70.48, 3790.74, 274.73, 0.00, 2884.63, 147.43, 5233.91, 1597.07, 1777.27, 112.02
1253.48, 12.09, 43.73, 2093.16, 121.14, 0.00, 1994.64, 30.20, 3855.69, 661.83, 1074.79, 32.74
516.98, 2.07, 29.96, 1418.29, 45.22, 0.00, 1668.15, 4.64, 3377.40, 190.27, 675.80, 18.06
229.64, 0.19, 18.62, 957.34, 19.28, 0.00, 1071.49, 0.99, 2362.03, 44.11, 409.69, 6.71
2429.64, 14.91, 46.22, 919.66, 26.98, 3.29, 3180.26, 24.26, 4719.76, 309.85, 1189.69, 148.38
3125.80, 33.99, 54.31, 1018.81, 32.36, 9.54, 3809.71, 47.12, 7324.35, 1489.94, 1596.18, 527.71
5320.73, 60.92, 83.08, 1290.33, 235.72, 35.88, 10093.14, 127.56, 19413.20, 4829.58, 3563.16, 1819.68
11213.70, 170.99, 122.69, 1726.67, 1302.87, 93.96, 11596.77, 227.69, 15399.00, 2047.56, 5656.20, 1546.72
10224.06, 103.67, 141.34, 1689.00, 1065.37, 43.01, 13995.81, 180.70, 19247.79, 3158.13, 6545.31, 1136.82
9350.31, 182.87, 166.72, 2806.20, 1203.76, 74.37, 10474.88, 264.03, 15725.15, 2862.64, 4653.29, 1022.60
9675.16, 248.04, 279.52, 5684.85, 1613.64, 9.66, 20316.34, 382.08, 17719.49, 6431.05, 4533.30, 422.59
11461.19, 375.68, 458.85, 8463.09, 2202.16, 1.29, 16536.68, 614.21, 14444.09, 6613.10, 7846.10, 393.74
8191.20, 340.61, 311.83, 11481.21, 1694.04, 0.09, 7481.44, 632.77, 11358.75, 3373.66, 7200.43, 266.24
3090.84, 81.88, 128.22, 10025.03, 627.03, 0.02, 5210.46, 196.14, 8179.97, 1990.64, 4281.95, 80.46
1694.81, 22.79, 76.46, 4912.60, 397.96, 0.00, 3849.39, 42.01, 5774.15, 992.99, 1683.74, 23.50
1155.95, 9.26, 55.38, 3023.32, 264.63, 0.00, 2763.17, 14.56, 4888.72, 513.31, 1113.36, 18.85
617.21, 1.26, 33.73, 1926.89, 177.01, 0.00, 1926.57, 2.00, 2978.96, 282.30, 640.09, 28.23
1873.26, 18.12, 45.34, 1617.58, 153.71, 4.33, 2841.08, 24.91, 3859.66, 416.40, 866.51, 140.96
3596.83, 45.11, 66.97, 1535.34, 137.24, 14.34, 5214.36, 56.25, 12193.79, 1360.57, 2186.01, 954.35
8888.77, 57.45, 120.08, 1876.86, 481.42, 19.10, 16567.74, 166.79, 32750.65, 7204.70, 5540.56, 1585.75
2532.81, 7.22, 43.05, 924.24, 201.69, 0.37, 4116.71, 37.47, 11474.27, 3390.90, 1836.43, 344.23
4557.84, 52.16, 92.50, 1217.25, 256.09, 12.90, 7727.18, 85.83, 16295.42, 3736.54, 2908.91, 685.75
5647.63, 90.65, 143.85, 1997.73, 613.45, 10.42, 7861.83, 145.73, 12274.89, 4429.22, 3824.53, 399.10
6574.27, 95.82, 144.51, 2456.37, 648.21, 2.88, 8232.39, 174.43, 14449.21, 4045.58, 3863.96, 343.10
5590.37, 159.20, 144.28, 4603.84, 480.44, 0.88, 4577.83, 278.49, 10887.05, 3660.38, 3870.53, 197.12
2537.07, 39.96, 63.23, 4344.13, 273.34, 0.00, 2642.08, 87.25, 6113.28, 1739.39, 2821.30, 49.80
1258.20, 7.82, 40.09, 2033.21, 165.49, 0.00, 2006.98, 16.43, 5164.16, 894.76, 1193.59, 73.77
795.32, 1.11, 25.02, 1383.63, 100.50, 0.00, 1505.72, 2.78, 3823.08, 376.00, 740.13, 7.63
1168.41, 7.03, 33.01, 1142.99, 78.27, 1.87, 1971.67, 13.37, 3776.38, 402.71, 770.10, 64.28
2414.84, 26.06, 45.80, 1266.58, 65.56, 4.07, 3630.21, 36.52, 8333.61, 1701.91, 1338.46, 402.41
1490.98, 12.11, 31.24, 798.16, 54.55, 4.42, 1318.65, 21.62, 4823.14, 1469.01, 677.31, 167.73
3626.80, 43.87, 60.77, 1150.64, 41.86, 10.34, 8593.01, 81.22, 23142.38, 4848.71, 2439.19, 1033.90
5103.31, 80.83, 84.47, 1601.99, 302.22, 9.51, 12214.42, 152.79, 20320.62, 6693.42, 3413.04, 1335.06
6420.50, 139.69, 147.71, 2585.80, 480.12, 27.77, 9951.84, 210.24, 17356.90, 4935.30, 4022.26, 916.63
6683.28, 235.06, 195.29, 4344.84, 656.05, 9.16, 11556.96, 304.63, 16902.35, 5718.64, 4961.99, 813.76
3881.75, 221.41, 118.39, 5885.63, 268.29, 1.09, 4726.66, 391.76, 7880.79, 2701.97, 2763.67, 221.33
2608.15, 54.64, 68.61, 4283.49, 170.91, 0.97, 3986.57, 121.19, 7762.53, 1807.19, 1654.29, 196.54
983.95, 9.15, 36.48, 2276.69, 83.28, 0.00, 2182.71, 20.71, 4357.03, 778.63, 862.13, 57.64
484.73, 0.91, 23.55, 1521.53, 38.10, 0.00, 1633.62, 2.43, 4883.23, 453.19, 566.05, 237.26
233.98, 0.01, 15.12, 1035.60, 15.79, 0.00, 1283.57, 0.02, 2796.73, 227.09, 357.53, 39.69
187.70, 0.00, 10.38, 702.17, 10.44, 0.00, 935.35, 0.00, 2392.23, 169.49, 253.60, 50.14
1931.11, 31.24, 48.01, 1490.42, 14.46, 3.55, 3251.49, 38.95, 6811.94, 925.72, 1003.78, 340.02
3530.98, 43.45, 53.55, 1120.41, 18.15, 13.43, 3324.93, 57.70, 9669.02, 2471.87, 1836.45, 673.62
2950.90, 41.38, 43.27, 902.53, 14.60, 22.73, 2786.51, 75.78, 6076.46, 1342.68, 1395.34, 300.92
2034.90, 14.72, 29.15, 928.33, 48.53, 10.74, 1998.35, 45.26, 5483.37, 959.72, 942.31, 274.02
2502.18, 33.59, 39.75, 1098.19, 65.56, 4.51, 2990.22, 64.03, 5970.41, 1128.46, 1045.40, 154.96
3841.53, 64.96, 51.37, 1643.99, 20.89, 12.54, 5205.16, 70.70, 10558.69, 2138.61, 1716.87, 728.95
4840.49, 191.32, 156.57, 3703.98, 414.92, 3.22, 4739.88, 232.04, 6815.35, 2611.18, 2868.07, 285.71
3247.83, 145.25, 116.13, 5379.14, 578.33, 0.00, 1779.22, 269.87, 4308.62, 997.95, 2598.50, 76.64
1230.57, 24.05, 44.70, 2754.79, 124.57, 0.00, 1143.64, 60.55, 3538.04, 375.61, 1057.64, 28.15
543.74, 3.65, 29.28, 1765.81, 55.03, 0.00, 762.61, 9.51, 2304.73, 46.57, 631.88, 2.76
433.50, 0.44, 21.05, 1232.39, 29.20, 0.00, 1042.12, 2.31, 2829.58, 59.86, 532.28, 13.93
341.86, 0.18, 13.98, 823.30, 22.08, 0.00, 954.38, 0.77, 1801.47, 51.56, 395.77, 18.35
1925.55, 17.10, 43.39, 1010.85, 22.48, 4.22, 2403.66, 28.06, 5807.75, 376.33, 804.87, 304.55
17866.14, 326.72, 338.64, 5270.03, 2159.91, 93.91, 21983.43, 465.54, 28375.04, 6095.86, 11682.44, 1475.10
16066.57, 314.87, 254.38, 4337.91, 1706.14, 111.65, 21577.29, 421.17, 35259.54, 6701.83, 11906.24, 1900.36
7083.22, 128.89, 119.83, 3133.92, 451.89, 28.81, 19220.59, 181.87, 29857.97, 6031.60, 6173.20, 1509.02
6204.01, 86.04, 125.28, 2835.63, 537.32, 8.82, 10242.29, 128.46, 15272.23, 3670.75, 3564.84, 678.59
5997.84, 151.34, 188.03, 4279.32, 826.28, 9.25, 9425.39, 195.71, 12401.12, 3927.83, 3265.62, 371.74
10255.95, 328.10, 400.43, 7240.37, 1755.80, 13.51, 9587.27, 492.37, 13249.21, 4757.77, 5492.79, 320.39
5665.43, 320.39, 286.25, 10415.58, 1349.77, 0.03, 4761.64, 659.15, 8891.41, 2274.11, 3979.91, 151.43
2559.57, 69.67, 125.67, 8228.58, 574.00, 0.00, 3290.04, 247.08, 6801.20, 1107.17, 1927.19, 60.59
1249.73, 19.63, 68.09, 3397.92, 379.32, 0.00, 2234.80, 47.20, 4898.43, 513.37, 1013.16, 20.81
887.97, 6.39, 52.22, 2359.99, 243.64, 0.08, 2264.93, 14.81, 3991.52, 254.13, 734.17, 12.50
1969.57, 13.23, 62.87, 1993.75, 196.35, 2.39, 2567.31, 27.64, 5504.50, 479.88, 1277.49, 138.21
1687.65, 8.32, 30.18, 1323.07, 158.61, 0.65, 2272.32, 11.92, 3329.67, 397.95, 354.85, 27.20
1332.83, 10.07, 36.91, 1001.95, 119.16, 3.70, 1124.58, 19.24, 2781.14, 307.56, 419.05, 16.15
2429.84, 34.70, 40.82, 1117.87, 89.48, 8.71, 3498.27, 43.94, 5982.11, 982.03, 1078.77, 240.16
5349.87, 52.49, 112.10, 1402.71, 430.85, 13.36, 7009.98, 122.72, 16676.47, 5157.51, 3593.94, 771.24
7473.72, 87.75, 146.17, 1391.02, 567.15, 29.07, 7327.68, 170.77, 16769.54, 4494.88, 3243.88, 1085.46
4819.97, 69.62, 104.09, 1511.76, 384.13, 6.07, 5443.40, 131.92, 13173.87, 4050.46, 2616.35, 556.75
7949.73, 192.87, 200.18, 3605.07, 633.73, 14.84, 9291.96, 313.09, 14737.91, 4239.10, 5606.36, 668.88
3308.49, 122.32, 105.59, 5341.80, 305.84, 0.09, 3122.15, 255.12, 6937.37, 2212.97, 2203.14, 169.01
1645.17, 14.54, 52.43, 2456.81, 178.79, 0.00, 2097.84, 44.17, 4872.45, 1085.64, 1215.33, 64.02
803.78, 1.64, 33.65, 1609.16, 93.62, 0.00, 1486.04, 6.29, 3642.87, 443.33, 738.66, 28.55
541.50, 2.73, 24.67, 1223.53, 52.62, 0.00, 1873.22, 1.61, 6355.14, 536.35, 689.32, 188.12
1605.75, 9.98, 37.41, 1230.51, 50.85, 1.98, 3598.95, 21.75, 8116.72, 1997.92, 942.88, 300.95
1770.12, 11.27, 35.00, 857.86, 44.70, 2.31, 2047.55, 22.68, 7163.49, 2332.91, 807.97, 286.96
3073.53, 54.63, 54.67, 1411.74, 36.56, 8.62, 5269.98, 64.34, 11310.03, 3385.67, 2015.65, 595.93
4028.15, 47.76, 81.27, 1267.87, 40.35, 20.07, 7024.84, 111.82, 17447.59, 4867.92, 2860.04, 931.33
11014.39, 139.97, 157.33, 2754.88, 1004.15, 68.72, 23765.15, 207.39, 45074.15, 14164.33, 9321.58, 3613.10
11074.24, 224.16, 194.69, 3725.84, 958.33, 90.32, 16690.45, 282.98, 27056.50, 8172.48, 6993.84, 1860.86
15029.49, 358.24, 308.98, 6217.14, 2238.54, 108.34, 20660.91, 435.53, 26820.78, 7582.69, 7632.54, 2026.63
9530.71, 448.36, 429.25, 8543.38, 2181.29, 3.34, 10457.41, 579.40, 14422.21, 5684.99, 6571.51, 574.16
5813.81, 165.98, 203.99, 9267.07, 941.93, 0.55, 7445.63, 332.11, 14336.41, 3439.63, 4597.81, 464.10
2678.37, 36.57, 103.49, 6989.23, 499.43, 0.00, 4798.92, 77.74, 9681.59, 1906.92, 2024.87, 241.95
1312.77, 8.81, 67.08, 3561.49, 285.38, 0.00, 3279.62, 15.38, 6580.52, 919.69, 1224.22, 113.93
959.83, 10.07, 49.56, 2793.36, 184.76, 0.00, 2402.74, 16.63, 5245.93, 514.93, 831.76, 83.90
569.63, 0.83, 29.24, 1564.50, 124.82, 0.00, 1889.78, 0.87, 3811.24, 284.88, 553.66, 61.88
1249.45, 5.84, 32.24, 1318.17, 105.58, 0.21, 2074.10, 12.66, 3545.40, 334.26, 643.23, 90.73
893.85, 5.85, 25.48, 842.22, 68.94, 1.13, 1967.17, 17.12, 3686.74, 315.75, 550.68, 108.87
4080.78, 57.89, 101.22, 1439.58, 77.51, 16.43, 6294.75, 89.05, 21107.67, 5013.92, 2451.62, 852.91
3953.67, 48.28, 56.60, 1546.39, 67.25, 28.98, 8834.43, 117.76, 19442.94, 4258.03, 2516.93, 1308.00
2495.94, 63.49, 79.75, 1746.33, 219.83, 3.72, 5094.79, 94.79, 11194.31, 3288.04, 1907.43, 476.94
2849.60, 113.39, 80.37, 2467.51, 196.60, 2.87, 3229.72, 137.57, 8324.27, 3248.28, 1824.78, 269.07
2293.46, 92.17, 70.92, 2798.61, 119.78, 0.26, 2648.59, 156.88, 6738.89, 1720.81, 1394.81, 120.90
1139.25, 22.96, 34.36, 2185.86, 59.21, 0.00, 1201.72, 57.39, 4104.61, 873.01, 732.98, 53.74
508.47, 2.28, 21.36, 1280.21, 19.90, 0.00, 838.05, 9.19, 2933.95, 230.47, 425.28, 12.59
221.39, 0.13, 16.34, 865.82, 4.71, 0.00, 754.23, 1.06, 2509.96, 33.98, 302.84, 6.03
1134.07, 51.70, 61.19, 1927.81, 4.69, 7.08, 2223.58, 70.84, 4059.30, 148.99, 712.92, 98.19
88.00, 0.20, 5.93, 402.98, 2.20, 0.00, 319.02, 0.38, 1477.78, 19.15, 104.61, 3.32
58.10, 0.00, 3.77, 273.77, 1.06, 0.00, 204.88, 0.01, 859.16, 5.46, 58.98, 3.63
868.86, 8.23, 16.73, 341.40, 0.88, 1.45, 1404.07, 12.19, 1896.40, 109.10, 386.07, 75.71
3267.86, 33.81, 50.20, 727.41, 1.05, 8.25, 4794.63, 50.38, 6989.22, 463.50, 1748.57, 271.70
6246.19, 55.25, 75.81, 1030.51, 27.60, 29.92, 13317.00, 136.20, 16398.06, 5043.81, 4857.55, 867.24
5741.65, 100.92, 110.94, 1908.76, 337.44, 10.94, 10512.44, 171.50, 15507.44, 3777.56, 4541.76, 731.24
3962.01, 138.42, 112.37, 2610.46, 216.94, 7.43, 6189.71, 202.39, 9115.75, 2809.61, 2843.77, 330.77
3262.00, 131.21, 104.75, 2395.17, 126.00, 0.84, 4623.00, 218.49, 10165.35, 2458.00, 2783.01, 352.62
1544.57, 21.91, 46.63, 1429.76, 46.98, 0.00, 2234.62, 67.66, 4938.45, 1436.58, 1821.33, 110.10
665.54, 4.72, 31.77, 992.34, 14.95, 0.00, 1601.83, 15.04, 3634.40, 519.21, 914.68, 27.93
220.62, 0.18, 19.04, 638.70, 2.26, 0.00, 1183.79, 1.02, 3125.91, 127.22, 556.37, 7.89
110.76, 0.58, 15.74, 469.13, 0.09, 0.00, 985.12, 2.87, 2277.89, 23.27, 346.35, 2.45
327.46, 5.11, 16.91, 448.58, 1.10, 0.00, 1059.39, 5.59, 2360.19, 94.75, 309.04, 34.94
2814.63, 38.57, 60.81, 1246.94, 3.61, 6.39, 4848.28, 48.23, 7480.52, 512.60, 1375.92, 288.72
1394.77, 24.39, 30.33, 650.10, 5.27, 2.84, 2787.88, 28.38, 10645.85, 3436.72, 845.64, 604.15
537.05, 13.44, 26.30, 554.18, 3.28, 1.86, 1224.04, 30.38, 5901.57, 1605.62, 733.22, 258.60
2494.53, 19.74, 31.11, 578.23, 6.39, 2.55, 7723.59, 37.55, 17129.36, 4473.09, 1712.73, 916.90
2829.73, 36.72, 60.12, 939.34, 26.00, 8.86, 6754.98, 82.52, 14487.70, 3715.91, 1852.91, 851.40
2344.34, 53.92, 59.93, 1332.10, 133.63, 4.31, 4667.46, 94.09, 8891.78, 3006.63, 1519.62, 307.50
3071.06, 67.68, 60.18, 1649.62, 77.23, 1.22, 4307.49, 125.68, 8778.02, 2368.71, 1697.17, 227.35
1654.79, 34.51, 30.30, 1149.60, 21.82, 0.01, 2879.13, 75.36, 6373.71, 1566.34, 1055.81, 96.44
672.50, 5.03, 20.19, 701.68, 6.41, 0.00, 1379.41, 16.52, 3710.27, 616.91, 509.38, 26.36
327.05, 2.69, 18.82, 564.90, 0.64, 0.00, 1193.44, 15.17, 3571.49, 204.24, 378.52, 10.28
429.95, 3.41, 23.64, 491.65, 0.90, 0.23, 969.95, 8.90, 2641.79, 144.00, 234.62, 21.22
677.80, 3.68, 12.15, 353.83, 0.96, 0.17, 978.47, 6.23, 2803.32, 163.14, 388.78, 32.48
828.35, 18.26, 28.26, 597.50, 1.26, 2.20, 1661.35, 25.53, 6435.62, 681.00, 598.49, 320.36
2151.86, 23.64, 29.71, 565.49, 1.41, 5.42, 3833.99, 25.93, 10117.09, 2597.07, 929.24, 449.95
1424.45, 11.92, 40.43, 626.28, 4.91, 5.00, 2430.34, 34.43, 5987.41, 1466.40, 830.94, 147.14
9035.15, 154.60, 120.31, 3322.15, 458.96, 70.59, 20428.84, 242.53, 26281.45, 7150.12, 5377.92, 1857.43
5229.97, 93.82, 68.30, 2213.89, 429.67, 48.36, 8343.59, 157.60, 14704.16, 3890.78, 2774.03, 1234.74
5941.05, 206.40, 230.95, 4911.35, 1255.86, 3.23, 9108.89, 261.31, 9299.17, 3507.37, 2847.84, 312.33
3985.87, 165.84, 164.65, 4731.62, 586.34, 0.18, 4980.97, 269.22, 8615.39, 2217.40, 2605.95, 219.49
3140.83, 185.79, 131.47, 4807.32, 347.53, 0.00, 3005.12, 284.77, 4689.76, 1227.69, 3037.69, 106.74
1424.76, 31.38, 61.28, 2682.96, 199.54, 0.00, 1947.55, 67.31, 3467.93, 472.93, 1265.50, 34.83
682.96, 7.38, 38.38, 1749.20, 117.51, 0.00, 1551.02, 13.94, 3252.72, 252.94, 815.10, 112.59
342.24, 3.50, 26.46, 1285.10, 68.09, 0.00, 1039.37, 9.15, 2509.28, 94.05, 505.76, 40.18
6364.61, 21.88, 72.04, 1200.97, 71.17, 9.03, 12263.08, 29.74, 15873.92, 2823.18, 5327.97, 415.03
1439.37, 2.41, 21.70, 597.06, 54.46, 1.80, 2503.66, 8.80, 6586.31, 2086.87, 1455.33, 186.35
3623.19, 21.45, 40.45, 573.09, 47.29, 6.52, 7036.68, 29.90, 11954.81, 3307.32, 2547.85, 426.55
1316.65, 32.21, 116.18, 481.50, 31.51, 11.21, 2605.47, 169.09, 5648.20, 1688.27, 2707.39, 153.17
13813.19, 297.40, 265.96, 4631.22, 1645.03, 40.16, 16772.90, 455.74, 20050.42, 5046.92, 7737.69, 1011.14
5894.64, 96.16, 114.69, 2051.59, 478.40, 26.93, 8600.91, 158.89, 14437.74, 3584.91, 3383.24, 604.56
11048.50, 185.94, 218.99, 3144.94, 1293.82, 65.29, 18929.58, 241.83, 26424.96, 6365.12, 7399.18, 1807.56
9500.04, 315.76, 307.88, 5363.45, 1663.37, 9.02, 10064.41, 447.48, 15038.31, 4360.26, 5733.68, 444.14
4660.92, 113.36, 126.85, 4747.90, 587.30, 0.86, 5862.24, 201.23, 9708.42, 2445.80, 2951.27, 211.39
2420.39, 21.52, 70.35, 3281.22, 380.01, 0.00, 3566.40, 41.46, 6227.42, 1303.11, 1592.48, 101.85
1296.06, 4.61, 47.06, 1962.00, 225.99, 0.00, 2543.18, 7.50, 4661.98, 528.91, 973.96, 39.53
1069.27, 5.04, 40.43, 1558.90, 146.79, 0.00, 2530.05, 8.99, 4064.23, 193.05, 727.70, 18.30
1729.04, 14.10, 51.05, 1278.82, 112.18, 2.97, 2713.26, 24.53, 4477.02, 618.88, 814.31, 163.23
5277.64, 67.49, 94.80, 2125.65, 129.21, 10.42, 6242.21, 92.26, 10546.67, 2667.43, 2602.52, 592.18
1511.82, 5.72, 28.73, 668.18, 118.81, 0.90, 1305.12, 23.12, 3712.29, 1511.12, 853.79, 148.59
3581.55, 22.33, 52.57, 689.93, 117.00, 15.99, 6517.15, 62.67, 12232.46, 3324.60, 1928.88, 575.43
1879.52, 6.69, 31.95, 516.71, 128.84, 0.69, 2061.66, 28.95, 4993.18, 1848.23, 870.16, 182.38
2647.25, 34.18, 69.16, 926.28, 135.13, 10.57, 3092.62, 72.00, 6223.87, 1467.67, 1001.86, 161.94
3219.28, 66.17, 89.43, 1673.65, 352.61, 4.30, 3441.94, 107.60, 5116.33, 1459.43, 1132.97, 59.77
5501.17, 130.09, 127.97, 2284.41, 422.14, 3.31, 3726.41, 213.02, 5305.99, 995.20, 1721.53, 84.66
3196.73, 72.39, 69.97, 1601.36, 204.18, 0.73, 2220.79, 127.57, 6376.00, 731.99, 2128.49, 49.66
1308.99, 11.08, 34.33, 949.87, 117.06, 0.00, 826.86, 24.51, 2390.37, 253.07, 837.46, 2.13
646.27, 2.29, 22.60, 660.01, 55.15, 0.00, 576.30, 4.70, 1776.15, 52.15, 522.74, 1.70
485.49, 2.98, 17.88, 526.49, 32.51, 0.03, 649.71, 4.72, 1645.04, 31.39, 335.07, 9.35
493.63, 11.81, 32.01, 539.92, 13.59, 2.90, 568.09, 25.63, 1516.44, 88.22, 366.15, 103.53
3602.77, 54.52, 66.07, 1159.27, 32.33, 9.61, 4107.25, 58.21, 5782.14, 723.40, 1464.34, 428.32
17881.27, 162.90, 325.83, 2215.42, 2470.53, 81.72, 20904.68, 382.58, 26714.94, 7275.75, 12419.03, 1644.84
14078.52, 185.10, 252.79, 2549.08, 1533.93, 79.02, 20364.15, 330.69, 23105.41, 4392.36, 10014.99, 1298.48
5642.28, 85.69, 150.12, 2167.89, 717.66, 9.48, 7923.20, 161.33, 10981.13, 3281.50, 3910.76, 365.72
5787.89, 79.99, 128.28, 2176.41, 537.09, 12.14, 7958.79, 118.15, 7876.07, 2401.50, 2965.97, 238.84
8750.62, 210.55, 245.47, 3748.52, 1309.25, 37.52, 12175.62, 269.15, 17859.15, 5269.98, 5051.60, 1388.14
5350.89, 259.90, 227.44, 4860.27, 1182.66, 0.85, 6454.32, 325.28, 8069.24, 3067.26, 3559.09, 337.43
4542.39, 274.96, 178.81, 5033.12, 874.06, 0.19, 4387.94, 348.53, 7402.52, 1712.06, 3208.98, 154.38
2069.04, 67.04, 83.28, 2857.52, 408.50, 0.00, 2817.73, 101.87, 4698.41, 761.17, 1393.51, 57.75
1716.99, 25.37, 80.56, 1993.50, 278.19, 0.83, 3307.07, 52.61, 5668.75, 358.70, 1251.63, 163.69
801.99, 5.40, 38.01, 1258.39, 198.72, 0.01, 1575.26, 9.86, 2539.30, 136.25, 582.76, 18.84
638.27, 4.27, 28.90, 936.42, 128.98, 0.16, 1065.32, 6.92, 1925.16, 58.07, 407.80, 11.45
4028.39, 109.80, 111.79, 2254.51, 124.17, 14.76, 5892.99, 143.18, 11521.40, 2223.09, 1826.56, 1114.85
1755.80, 33.72, 51.19, 867.55, 131.31, 15.09, 1874.36, 80.18, 4783.80, 1131.87, 988.54, 402.06
2627.36, 32.40, 41.96, 758.80, 132.75, 12.77, 6149.10, 69.54, 15290.09, 2439.68, 1592.98, 1043.01
2944.31, 33.47, 40.41, 1034.05, 181.74, 11.20, 4257.73, 51.64, 11884.77, 2578.44, 1174.67, 1131.47
3448.46, 60.68, 107.29, 1262.62, 388.57, 2.29, 5009.36, 95.17, 12509.74, 3423.81, 1474.89, 706.48
5153.40, 137.11, 170.43, 2518.08, 851.76, 2.13, 5723.32, 217.13, 8753.68, 4699.24, 2952.39, 258.29
2785.51, 160.89, 107.43, 2903.52, 298.35, 0.09, 2366.97, 258.70, 4897.99, 2040.07, 2293.57, 131.04
1285.95, 26.10, 48.33, 1574.38, 187.94, 0.00, 1497.46, 58.02, 4206.66, 1095.93, 1067.66, 64.16
651.77, 5.55, 33.06, 1025.52, 98.94, 0.00, 1033.63, 10.74, 2814.55, 442.48, 645.52, 17.46
278.67, 0.96, 22.11, 762.01, 34.40, 0.00, 765.36, 1.40, 2243.12, 94.46, 397.37, 5.41
178.05, 1.58, 16.11, 534.02, 19.26, 0.00, 591.71, 3.68, 2054.45, 85.97, 246.39, 10.39
95.98, 0.01, 9.27, 323.45, 12.04, 0.00, 370.01, 0.12, 1170.00, 28.62, 147.67, 0.74
3345.96, 47.98, 85.65, 1121.35, 18.89, 8.71, 5879.24, 82.16, 10474.77, 1331.56, 2439.54, 589.16
4683.34, 93.35, 81.51, 2170.76, 67.95, 21.81, 8188.72, 153.74, 13695.19, 3781.76, 3236.68, 787.50
6242.94, 85.68, 99.39, 1227.58, 367.87, 43.63, 13459.15, 150.05, 16186.99, 3356.95, 6232.84, 776.43
5989.00, 96.47, 81.62, 1838.13, 767.70, 17.99, 11885.67, 96.00, 10805.26, 2864.27, 3083.02, 711.03
7546.82, 197.80, 201.33, 3173.84, 1179.44, 49.05, 11370.13, 209.47, 17640.48, 3544.76, 4865.20, 989.94
7173.49, 190.02, 168.00, 3723.61, 960.94, 97.52, 8471.93, 245.77, 17483.10, 3269.24, 3756.66, 1643.24
12329.86, 419.92, 426.94, 8163.57, 2368.22, 12.35, 15960.80, 575.46, 13764.94, 5475.50, 6162.49, 438.56
6857.22, 385.53, 341.91, 7997.73, 1505.84, 2.50, 7528.63, 615.62, 9820.88, 2377.08, 5607.90, 281.60
2874.34, 152.64, 145.93, 6330.01, 614.03, 0.00, 3990.83, 229.16, 6918.93, 1077.95, 2393.40, 100.96
1493.05, 33.18, 86.37, 3352.30, 366.26, 0.00, 2875.21, 49.71, 5351.15, 321.03, 1374.24, 32.09
1073.48, 15.20, 64.87, 2517.15, 251.35, 0.02, 2213.79, 20.40, 3702.70, 114.11, 894.40, 15.53
1446.45, 3.18, 48.17, 1547.84, 196.04, 2.03, 2451.33, 5.96, 3731.30, 268.37, 847.67, 73.03
1492.85, 15.37, 47.27, 1401.70, 142.86, 2.42, 2317.19, 27.14, 3817.48, 222.76, 808.46, 137.70
2741.56, 19.38, 52.41, 1184.37, 132.39, 8.76, 3111.30, 32.92, 4620.43, 465.97, 977.70, 133.89
2662.60, 20.51, 60.17, 1119.58, 127.30, 11.29, 5499.39, 55.89, 11723.73, 871.42, 1912.65, 262.13
5998.35, 41.20, 104.86, 1218.68, 564.07, 19.15, 11093.28, 136.37, 16472.27, 4102.10, 3912.08, 1148.62
4513.87, 48.68, 106.50, 1129.12, 249.45, 14.55, 8426.05, 136.92, 11471.07, 3134.82, 2945.57, 631.24
2803.80, 61.74, 77.70, 1185.34, 256.27, 2.27, 5093.12, 114.35, 6254.33, 2614.63, 2084.20, 169.66
2688.07, 99.64, 78.06, 1459.61, 142.19, 1.13, 4020.57, 157.39, 7017.06, 2007.07, 1925.17, 154.12
1595.64, 28.71, 38.25, 855.01, 83.79, 0.00, 2350.92, 47.05, 4426.15, 1067.22, 1098.72, 60.18
553.72, 4.65, 24.56, 504.25, 32.50, 0.00, 1501.88, 11.00, 2706.29, 378.53, 612.47, 7.83
815.15, 2.23, 28.60, 372.59, 13.06, 0.30, 1958.08, 8.17, 4759.32, 228.98, 652.41, 125.86
161.86, 0.04, 10.41, 207.97, 2.51, 0.00, 794.67, 0.22, 1655.02, 71.14, 232.95, 4.88
889.68, 14.17, 32.28, 539.95, 3.36, 0.82, 1978.65, 29.80, 3177.89, 194.84, 738.70, 89.33
3177.78, 41.71, 76.35, 955.50, 18.10, 10.01, 3478.08, 78.96, 5133.11, 290.41, 1355.03, 181.12
2867.57, 41.21, 44.37, 833.69, 15.71, 15.76, 5014.82, 74.29, 10998.33, 1872.44, 1635.78, 408.43
18377.05, 371.99, 422.65, 4823.30, 3681.84, 141.32, 27319.27, 535.70, 28668.87, 2563.00, 12814.99, 1530.97
9935.37, 273.84, 168.24, 3955.47, 812.85, 104.44, 13386.69, 297.05, 24373.69, 2989.20, 7180.42, 2518.69
8194.26, 211.87, 190.20, 3934.95, 1174.63, 49.32, 10096.57, 272.58, 16525.55, 2939.65, 4085.61, 1207.45
10219.43, 299.47, 281.05, 7175.13, 1659.99, 23.51, 16230.41, 364.33, 17139.21, 4439.69, 4901.33, 713.39
9532.36, 473.89, 467.48, 9988.81, 2494.30, 1.06, 12288.63, 683.32, 11070.43, 8198.60, 6930.55, 341.43
4696.18, 463.84, 295.07, 11707.34, 1142.72, 0.11, 6709.81, 647.08, 9482.83, 3134.39, 4350.36, 229.57
2176.89, 124.10, 122.74, 7808.88, 574.77, 0.00, 3859.81, 168.69, 5990.30, 1621.75, 1824.50, 84.61
1011.26, 29.40, 73.95, 4238.88, 338.56, 0.00, 2717.89, 32.63, 4640.92, 737.06, 1103.45, 27.11
647.63, 6.95, 53.08, 2588.36, 226.56, 0.00, 1955.28, 5.67, 3371.98, 361.98, 679.01, 12.67
1985.09, 40.08, 77.93, 2290.48, 195.09, 5.92, 2844.00, 54.86, 4558.85, 423.79, 1002.80, 77.82
1716.37, 20.96, 52.45, 1566.96, 158.59, 6.19, 2293.44, 29.77, 3670.05, 376.81, 669.60, 115.10
5438.25, 35.20, 98.60, 1480.50, 152.35, 16.83, 10524.72, 78.44, 17851.77, 4381.51, 3821.02, 934.09
16217.54, 194.36, 310.86, 2642.38, 2378.24, 87.43, 33247.71, 377.82, 45091.92, 9326.89, 15976.89, 2311.31
6834.47, 95.45, 139.46, 1758.26, 615.05, 22.87, 13083.00, 174.76, 17043.15, 5276.95, 5715.90, 1040.71
6687.91, 138.93, 166.25, 2317.49, 777.19, 33.92, 12601.22, 191.07, 17615.97, 4522.65, 5004.13, 802.37
4156.29, 56.86, 111.75, 1672.26, 524.19, 7.29, 6820.70, 89.06, 9642.39, 2843.54, 2721.33, 298.02
3599.38, 217.54, 205.13, 2965.02, 953.96, 0.29, 5394.66, 360.31, 8210.29, 2017.68, 2234.26, 196.48
2713.01, 127.84, 129.12, 2289.88, 404.38, 1.48, 3789.15, 239.98, 7017.42, 1082.07, 1386.19, 157.36
1067.63, 22.52, 55.53, 1288.53, 251.81, 0.00, 2580.55, 44.25, 4522.55, 343.08, 713.38, 28.38
373.95, 3.04, 36.04, 845.58, 138.21, 0.00, 1634.88, 6.47, 3092.65, 58.82, 435.48, 5.17
231.81, 0.11, 23.41, 570.56, 90.21, 0.00, 1250.83, 0.32, 2351.01, 19.64, 287.82, 3.00
953.39, 2.67, 27.24, 469.36, 65.86, 0.10, 2177.12, 7.33, 3658.77, 148.84, 586.38, 109.51
4192.02, 48.21, 100.53, 1207.03, 69.95, 14.43, 5857.51, 99.36, 13980.51, 2148.88, 2703.94, 838.33
5404.10, 56.23, 53.93, 1073.53, 97.75, 41.11, 9922.22, 104.71, 15119.17, 2267.40, 3160.69, 1462.36
4657.63, 21.94, 73.08, 854.37, 518.35, 26.11, 8578.01, 107.04, 20135.09, 3111.66, 2434.21, 1145.44
3783.58, 16.88, 80.68, 950.97, 748.01, 2.64, 4495.35, 67.95, 9002.04, 2215.51, 1597.36, 352.88
7114.75, 70.31, 138.98, 1256.84, 578.38, 15.47, 13139.15, 141.03, 18993.54, 4240.83, 4737.28, 853.92
4840.07, 73.37, 133.95, 1482.22, 530.00, 2.44, 9220.53, 128.89, 10928.48, 3313.88, 3309.67, 412.90
5512.66, 136.25, 180.73, 2330.37, 853.95, 1.71, 8173.72, 241.18, 11544.28, 5718.59, 4250.97, 245.32
4697.53, 169.84, 147.88, 2426.04, 487.80, 0.23, 5531.12, 300.92, 10782.36, 3492.16, 4930.09, 122.32
1960.05, 32.03, 64.10, 1425.48, 291.78, 0.00, 3067.71, 85.32, 5925.72, 1624.00, 1822.33, 36.86
901.59, 12.11, 41.11, 1005.77, 168.58, 0.00, 1961.07, 19.77, 4221.12, 757.62, 1122.92, 15.60
607.67, 3.99, 31.80, 673.42, 112.01, 0.20, 1596.89, 9.67, 3652.36, 475.00, 792.18, 21.10
1095.47, 4.46, 26.92, 557.09, 89.84, 0.28, 1767.96, 7.49, 3970.48, 404.87, 558.79, 34.76
2104.62, 33.39, 58.24, 887.66, 77.55, 5.68, 2265.62, 54.22, 4576.52, 795.80, 972.13, 222.99
3469.97, 34.28, 44.84, 915.72, 65.84, 20.69, 2787.78, 51.63, 4563.83, 561.77, 1034.52, 185.18
2039.93, 11.29, 34.03, 405.25, 53.71, 9.40, 3765.02, 45.97, 8708.69, 2469.48, 1102.98, 348.10
3971.42, 20.41, 50.90, 511.32, 186.47, 9.89, 5135.54, 85.18, 10426.06, 2432.65, 2008.63, 332.21
5481.45, 75.82, 151.89, 1356.12, 927.38, 0.94, 5943.70, 163.12, 13469.20, 5005.67, 2522.79, 527.24
4897.91, 77.77, 111.02, 980.93, 288.36, 4.63, 6002.36, 136.33, 11531.53, 3509.10, 3284.09, 531.43
3000.27, 160.73, 103.33, 1420.41, 257.97, 0.02, 3323.88, 216.60, 6793.69, 2304.03, 2804.27, 163.48
2115.42, 73.76, 52.49, 1371.88, 154.31, 0.00, 1867.64, 94.31, 4691.75, 1428.15, 1617.48, 87.69
794.96, 11.06, 30.71, 621.44, 71.00, 0.00, 1142.94, 17.05, 3025.16, 566.17, 838.98, 10.61
351.72, 2.67, 22.16, 442.92, 24.05, 0.00, 839.72, 2.81, 2541.11, 187.54, 521.56, 5.94
898.56, 11.75, 22.92, 681.72, 16.43, 0.15, 1369.63, 10.43, 3369.65, 173.00, 666.70, 34.56
1288.51, 6.09, 24.04, 481.89, 21.49, 0.01, 2510.12, 10.73, 4058.60, 346.14, 815.77, 194.98
3226.13, 37.36, 56.97, 853.17, 26.29, 7.99, 3874.30, 49.03, 7951.16, 1610.92, 1991.30, 725.55
3216.45, 22.45, 50.60, 563.14, 63.68, 8.22, 3922.37, 54.15, 8033.13, 2073.28, 1890.55, 530.98
9049.16, 61.86, 119.01, 984.15, 779.65, 58.85, 15251.81, 142.76, 18636.63, 4374.88, 6185.66, 1404.58
8216.64, 113.37, 77.78, 1636.04, 582.84, 68.97, 13787.09, 173.50, 20516.90, 5955.60, 6018.60, 1818.04
6849.52, 130.88, 81.85, 1942.30, 235.35, 49.57, 11110.55, 161.34, 13891.39, 4229.62, 4230.37, 1408.25
5025.58, 106.94, 150.95, 2229.61, 701.12, 8.07, 8459.25, 151.64, 9311.85, 3433.24, 2957.57, 422.22
4936.89, 316.19, 296.13, 5758.30, 1080.09, 0.32, 6253.25, 466.91, 7399.20, 2141.68, 4221.22, 260.97
2334.17, 132.03, 114.26, 4981.12, 376.64, 0.00, 3558.61, 248.38, 4598.24, 1067.11, 2253.66, 144.74
1027.99, 24.99, 64.46, 2716.63, 219.22, 0.00, 2497.79, 50.50, 3596.86, 318.50, 1198.98, 48.50
540.57, 6.84, 43.94, 1861.58, 118.74, 0.00, 1871.37, 11.60, 2701.55, 63.17, 815.68, 14.62
631.66, 0.21, 27.35, 1224.62, 72.80, 0.00, 1944.31, 0.65, 3662.19, 151.45, 686.09, 56.05
1559.90, 25.87, 58.99, 1333.88, 62.55, 5.76, 2807.99, 34.69, 4648.25, 788.56, 927.03, 304.08
6662.33, 56.53, 103.41, 1704.77, 85.20, 11.20, 13815.63, 106.17, 23688.65, 5657.20, 5943.76, 1774.62
6698.23, 49.81, 111.23, 1337.24, 602.84, 26.98, 11739.84, 149.61, 21179.41, 6066.96, 4763.55, 1453.46
10574.04, 74.50, 131.15, 1834.11, 1000.20, 40.93, 18421.80, 146.97, 33659.86, 8942.08, 8131.55, 1726.22
5558.51, 26.12, 62.68, 1179.74, 261.19, 7.46, 9205.63, 53.61, 15041.73, 4791.43, 4173.59, 805.86
11141.67, 163.84, 248.02, 2982.24, 1325.51, 56.70, 23475.66, 251.12, 34027.23, 7896.73, 11841.06, 1719.08
10113.35, 171.61, 214.16, 3302.63, 1267.87, 31.28, 18227.59, 253.54, 19916.12, 6195.39, 6339.22, 1539.69
6091.85, 285.37, 286.70, 4261.92, 1397.37, 0.65, 8862.90, 453.20, 11047.40, 5108.62, 5111.09, 442.68
3577.62, 173.37, 133.51, 3761.98, 564.59, 0.00, 5559.60, 259.58, 7963.93, 2661.02, 2820.29, 276.83
4218.89, 39.36, 118.36, 2154.31, 359.85, 14.53, 5297.75, 79.94, 7908.33, 1451.95, 2447.01, 241.34
1124.75, 8.43, 49.07, 1511.50, 201.22, 0.00, 2870.38, 11.10, 5480.69, 600.11, 968.77, 84.13
491.15, 0.42, 30.11, 943.08, 113.85, 0.00, 1890.62, 0.79, 3838.26, 203.86, 582.28, 31.00
1030.47, 9.75, 51.42, 999.31, 88.59, 3.68, 1819.76, 28.77, 3364.90, 227.30, 672.84, 102.35
1900.15, 15.89, 39.64, 1002.26, 84.56, 2.78, 2786.94, 22.98, 3990.08, 366.86, 686.23, 156.17
1529.23, 30.67, 33.96, 864.76, 71.17, 5.83, 2395.83, 33.18, 4979.71, 587.55, 696.75, 325.26
2162.46, 27.52, 59.84, 1016.40, 86.53, 7.18, 2410.24, 56.51, 4069.57, 1267.67, 1074.92, 197.14
5903.21, 63.96, 89.27, 1397.45, 245.61, 36.79, 11659.87, 164.58, 16297.30, 3369.88, 3813.66, 1350.91
7874.23, 151.21, 174.37, 2961.34, 951.29, 68.59, 13026.76, 223.22, 22674.41, 5772.72, 5089.94, 2342.25
5248.82, 109.94, 134.10, 2661.67, 434.07, 30.74, 6951.85, 184.18, 12201.76, 2854.06, 3154.33, 837.62
7489.05, 270.62, 328.18, 4883.83, 1490.55, 2.28, 11243.04, 423.78, 8891.13, 6139.96, 4920.29, 355.29
4826.56, 255.68, 239.56, 5549.41, 883.09, 0.03, 4943.88, 431.90, 7068.05, 2573.98, 4644.15, 199.09
1878.84, 37.87, 90.97, 2774.72, 359.35, 0.00, 3029.84, 83.33, 6161.93, 1249.96, 1794.09, 110.01
1555.25, 11.87, 78.85, 2042.91, 220.78, 0.59, 2926.54, 32.18, 5419.84, 580.93, 1284.78, 63.76
688.02, 4.94, 40.83, 1508.11, 135.97, 0.00, 1778.29, 7.53, 3269.87, 223.86, 715.99, 13.24
3097.74, 29.63, 91.09, 1857.51, 129.60, 5.33, 3415.71, 64.76, 5235.42, 588.62, 1513.96, 235.98
1972.56, 17.32, 40.54, 1010.82, 115.89, 2.13, 2499.15, 37.40, 3903.60, 666.80, 873.27, 111.66
1205.38, 3.65, 26.79, 731.23, 84.82, 0.53, 1457.66, 15.83, 3181.98, 998.08, 670.22, 114.86
712.86, 2.55, 16.88, 401.59, 57.86, 0.28, 867.91, 9.10, 1996.69, 641.33, 390.52, 34.90
1530.17, 21.03, 32.75, 1123.32, 40.81, 2.99, 1978.61, 35.40, 5695.98, 1382.01, 970.49, 259.65
1884.68, 27.43, 47.28, 1092.26, 64.99, 4.61, 3308.89, 65.89, 6621.42, 1329.21, 1018.74, 206.37
1425.38, 19.70, 47.03, 974.27, 50.72, 1.32, 1917.60, 60.43, 6214.88, 1960.62, 776.85, 504.14
990.68, 63.51, 62.04, 1629.29, 56.43, 0.13, 782.35, 141.18, 3144.28, 1273.97, 530.83, 56.30
495.73, 6.76, 22.40, 951.69, 15.33, 0.00, 658.81, 27.50, 2700.51, 579.60, 337.92, 18.11
279.66, 2.71, 19.76, 729.61, 4.75, 0.00, 456.04, 11.92, 2098.73, 169.22, 158.61, 2.68
936.78, 6.37, 44.13, 606.14, 4.99, 1.82, 1451.10, 22.68, 4567.79, 184.96, 533.96, 211.68
567.33, 13.20, 20.04, 951.09, 1.14, 0.22, 1032.61, 16.35, 2171.35, 62.06, 237.08, 34.42
330.25, 5.00, 13.68, 485.39, 1.40, 0.05, 274.48, 9.75, 1053.01, 33.27, 96.24, 0.75
707.15, 7.52, 19.67, 284.53, 1.07, 2.24, 718.98, 14.81, 1288.84, 47.76, 282.23, 44.47
44.33, 0.43, 3.65, 114.88, 0.35, 0.00, 131.00, 1.84, 543.50, 17.61, 54.26, 14.73
1058.41, 10.51, 27.93, 567.92, 0.58, 4.27, 1322.86, 22.27, 1731.47, 106.35, 402.61, 75.97
1132.15, 11.68, 26.77, 478.41, 0.78, 1.94, 1923.70, 26.91, 2146.63, 113.84, 690.85, 79.66
878.62, 9.30, 22.63, 471.53, 0.11, 1.13, 1262.02, 16.14, 2012.17, 153.07, 462.36, 90.70
404.58, 14.88, 18.45, 478.10, 1.07, 0.12, 488.80, 37.14, 1149.39, 256.00, 344.39, 28.48
1411.45, 19.51, 48.19, 968.43, 1.46, 1.33, 1822.09, 73.15, 3728.52, 331.97, 892.23, 134.75
361.88, 21.11, 21.54, 1410.73, 0.43, 0.00, 522.99, 54.26, 1580.74, 190.69, 222.55, 4.15
132.05, 0.69, 9.40, 546.68, 0.00, 0.00, 125.04, 6.70, 752.85, 48.85, 126.89, 0.53
58.09, 0.01, 4.79, 415.22, 0.00, 0.00, 137.92, 0.56, 950.17, 2.01, 115.91, 17.39
101.50, 0.80, 9.67, 266.34, 0.00, 0.01, 929.54, 3.27, 3580.34, 106.01, 279.31, 111.72
74.77, 1.02, 4.43, 263.84, 0.00, 0.00, 418.17, 3.66, 1591.33, 43.34, 100.69, 38.04
1764.33, 23.55, 46.90, 716.16, 1.01, 6.04, 1969.98, 47.02, 3351.59, 257.07, 638.09, 118.24
3756.89, 61.37, 78.69, 1692.47, 4.90, 17.11, 5029.59, 108.49, 11569.25, 2326.32, 2388.75, 494.57
8776.35, 110.36, 100.42, 2636.94, 729.95, 72.20, 24529.07, 188.37, 31986.53, 6709.84, 5800.57, 2388.60
5897.38, 131.26, 84.82, 3745.06, 760.36, 51.28, 15309.86, 180.50, 21451.78, 5207.23, 4019.74, 1401.72
8792.98, 238.81, 284.26, 6026.63, 1204.00, 68.16, 18509.01, 331.97, 24242.14, 5293.42, 6096.38, 1560.62
9041.88, 243.54, 270.88, 6147.21, 1287.89, 62.73, 14908.81, 341.54, 22321.70, 4054.09, 5406.74, 1160.36
5529.44, 293.76, 303.11, 7156.87, 1271.06, 5.13, 8137.39, 411.03, 11096.19, 2919.78, 4547.98, 438.46
4652.29, 388.47, 266.79, 12063.11, 966.57, 0.01, 5000.43, 627.29, 7454.51, 1664.11, 4486.82, 235.22
1874.55, 79.79, 102.83, 6427.16, 405.08, 0.00, 3757.69, 182.61, 5854.55, 782.91, 1757.76, 127.01
925.91, 21.48, 64.56, 3655.77, 230.13, 0.00, 2438.78, 38.82, 4495.78, 272.83, 1057.55, 48.77
1890.50, 41.75, 88.44, 3410.76, 185.73, 2.11, 3017.75, 61.48, 5571.21, 483.33, 1143.75, 150.23
357.43, 1.75, 28.06, 1686.01, 114.31, 0.00, 1208.96, 2.13, 2551.13, 133.27, 387.45, 21.36
1684.79, 20.65, 40.65, 1553.17, 103.15, 3.97, 2336.08, 26.84, 3137.19, 222.21, 724.24, 107.12
1199.24, 14.96, 32.70, 1210.76, 79.13, 6.05, 1521.00, 21.24, 2391.04, 153.70, 343.64, 41.74
3796.00, 68.27, 88.02, 1958.80, 72.63, 26.40, 4972.79, 154.62, 6024.37, 966.96, 1752.52, 287.82
3824.02, 102.25, 64.33, 1993.62, 211.27, 53.66, 10248.23, 147.21, 13256.57, 1339.95, 2318.58, 650.50
6223.25, 175.73, 161.51, 3846.46, 963.13, 57.30, 9661.40, 254.23, 12291.29, 2147.95, 2831.48, 672.42
4678.99, 137.46, 154.24, 3842.30, 380.28, 9.87, 6419.50, 203.96, 9485.65, 1935.95, 2501.18, 453.67
6475.78, 356.67, 289.35, 6851.59, 888.05, 3.56, 6966.88, 524.60, 9152.92, 2073.84, 5037.24, 211.08
2684.95, 165.46, 116.82, 6019.66, 330.33, 0.00, 3043.61, 290.01, 4758.22, 981.69, 2732.84, 55.59
1799.24, 33.24, 70.46, 3287.16, 198.50, 0.01, 2275.17, 59.03, 3705.41, 391.66, 1416.38, 14.04
733.59, 6.75, 43.74, 2183.61, 113.43, 0.00, 1671.67, 10.55, 3686.70, 124.46, 899.45, 28.82
403.88, 0.37, 27.56, 1485.01, 60.63, 0.00, 1423.02, 0.89, 3032.84, 80.50, 517.83, 23.47
2015.95, 19.80, 58.44, 1548.92, 50.13, 2.96, 3690.65, 35.08, 6433.17, 403.96, 1249.47, 201.05
2127.72, 24.18, 55.45, 1356.36, 56.59, 7.54, 2520.26, 43.57, 6595.31, 1079.29, 1042.75, 263.79
1724.41, 20.57, 41.65, 724.83, 41.23, 8.68, 3547.79, 42.05, 7271.74, 1429.42, 1182.27, 282.24
14253.86, 313.90, 314.16, 4557.16, 1773.22, 95.95, 18447.18, 540.47, 22161.03, 3463.51, 9754.16, 559.36
13503.84, 310.94, 289.55, 4378.87, 1935.41, 91.11, 21226.08, 407.85, 26249.44, 5334.30, 11577.42, 1564.78
7914.59, 195.83, 180.90, 4273.36, 902.54, 36.49, 10451.12, 289.48, 15279.95, 3293.71, 5291.27, 849.37
6781.28, 184.97, 206.24, 4746.25, 961.54, 10.02, 8690.56, 230.88, 13068.18, 2834.34, 4027.54, 550.39
5837.70, 238.01, 266.32, 6273.12, 1373.88, 3.36, 5993.62, 375.81, 9437.44, 1758.72, 3544.78, 218.79
3728.50, 271.66, 203.53, 7662.37, 781.78, 0.11, 4006.68, 442.07, 7246.63, 1137.05, 2662.15, 163.72
3540.69, 138.45, 117.99, 7246.26, 418.80, 5.17, 2888.00, 253.56, 4529.73, 438.99, 1585.79, 44.56
1066.03, 27.49, 59.39, 3366.56, 247.02, 0.00, 1729.44, 47.77, 3443.01, 97.74, 804.44, 8.35
653.60, 8.52, 39.83, 2326.00, 168.28, 0.00, 1489.05, 11.05, 3305.54, 35.29, 494.00, 14.80
840.91, 4.83, 32.53, 1662.79, 115.68, 0.00, 1527.13, 8.11, 3140.65, 73.34, 499.81, 43.13
733.12, 5.50, 23.00, 1243.51, 89.12, 0.00, 984.80, 7.63, 2110.81, 76.40, 483.74, 42.86
1878.88, 26.41, 46.59, 1246.24, 73.25, 4.78, 4566.54, 39.59, 6683.57, 591.55, 873.26, 281.29
2939.29, 36.41, 75.88, 1144.31, 54.53, 22.82, 6269.52, 80.35, 10134.64, 1674.42, 1565.85, 555.31
2963.24, 33.45, 48.94, 1260.34, 62.35, 5.26, 5996.72, 68.89, 11966.06, 2221.53, 1829.59, 744.69
4398.42, 64.36, 85.67, 1706.57, 174.44, 25.63, 7493.80, 138.31, 13963.77, 2212.88, 2351.21, 892.31
2846.40, 105.50, 117.31, 2281.17, 262.13, 5.66, 4625.23, 186.29, 8959.78, 1924.13, 1786.16, 333.04
2982.49, 145.15, 104.88, 3137.98, 186.67, 0.72, 3529.45, 256.61, 8584.42, 1287.04, 1611.64, 209.18
1171.49, 33.71, 41.01, 2798.13, 70.99, 0.00, 1718.52, 79.79, 4679.79, 644.31, 719.80, 66.12
518.28, 5.44, 27.80, 1529.94, 26.30, 0.00, 1170.46, 15.90, 3247.55, 179.58, 436.69, 20.08
174.39, 0.22, 18.11, 1026.93, 3.02, 0.00, 834.07, 1.22, 2454.70, 11.76, 265.88, 1.22
339.65, 0.75, 16.85, 766.44, 0.29, 0.00, 1273.99, 1.83, 2789.33, 52.72, 354.25, 29.54
1754.62, 21.00, 54.99, 1040.88, 4.02, 3.01, 3498.57, 50.15, 5502.56, 211.56, 1119.40, 173.23
7984.75, 78.37, 151.16, 1990.27, 112.69, 19.31, 17909.03, 163.83, 22874.81, 2890.79, 6156.68, 1078.86
10558.09, 45.64, 166.97, 1129.86, 929.10, 32.74, 15808.81, 186.73, 22101.16, 4534.78, 9959.88, 1571.69
9920.18, 132.48, 153.61, 2082.09, 1088.28, 109.79, 9715.17, 240.42, 13541.80, 2548.55, 4767.18, 1014.98
16446.96, 179.52, 309.91, 3696.48, 2397.02, 78.86, 21981.35, 361.04, 22080.95, 5166.00, 10426.69, 1334.39
13459.20, 228.16, 380.48, 5128.15, 1736.97, 103.86, 15640.75, 483.46, 20947.02, 4048.98, 8691.20, 1179.86
18975.27, 377.09, 475.74, 8310.29, 3637.06, 115.52, 28132.59, 573.09, 25553.62, 4047.19, 13417.09, 1718.50
11493.99, 402.38, 406.14, 8909.92, 2299.15, 2.89, 13042.29, 600.03, 12273.58, 3483.38, 8534.43, 402.86
6039.46, 277.15, 274.90, 8511.40, 1175.30, 0.15, 7585.00, 532.34, 9973.48, 1876.52, 5545.81, 316.69
3272.84, 96.63, 140.12, 6036.19, 682.19, 0.03, 5625.23, 233.08, 7888.21, 1011.53, 2647.36, 163.73
1588.47, 23.28, 82.09, 3464.75, 362.38, 0.00, 3705.76, 49.92, 5135.99, 385.62, 1532.88, 74.77
2686.78, 26.76, 99.91, 3195.23, 262.60, 1.25, 3954.35, 64.53, 4842.85, 234.34, 1455.44, 82.21
3634.07, 56.22, 132.15, 2702.70, 256.41, 9.77, 5158.61, 120.73, 6157.88, 512.38, 1977.64, 172.27
4592.58, 77.78, 124.82, 3125.55, 330.47, 26.73, 6065.49, 221.66, 8400.84, 1162.19, 2830.63, 351.02
10419.19, 132.19, 140.74, 3452.67, 1080.83, 67.88, 13294.43, 229.09, 16525.88, 3632.35, 3967.00, 1125.87
9039.97, 183.32, 229.64, 3932.27, 1783.17, 86.67, 14145.63, 346.55, 23316.30, 4879.86, 4592.11, 1220.87
13238.72, 231.87, 266.14, 5550.68, 1902.64, 101.20, 25159.62, 427.14, 30433.59, 5977.91, 9647.74, 2442.14
18984.98, 388.71, 442.93, 7656.58, 3198.80, 171.19, 38369.46, 704.84, 47741.71, 8986.73, 14238.44, 4099.75
10818.40, 164.61, 277.79, 5195.69, 1965.73, 46.44, 17663.61, 363.84, 22687.33, 5547.09, 7125.22, 1614.25
12618.10, 430.44, 492.61, 9186.21, 2907.33, 24.60, 17972.39, 688.05, 16223.23, 6239.54, 7263.11, 1015.24
9229.64, 593.71, 585.29, 17069.04, 3361.99, 0.25, 10865.26, 1040.50, 11651.75, 3155.40, 8255.00, 458.63
4087.80, 162.32, 292.82, 9943.22, 1454.19, 0.00, 6358.28, 505.49, 8746.11, 1806.83, 5478.16, 307.72
2068.72, 45.06, 131.60, 5069.61, 746.75, 0.01, 4726.96, 106.51, 8479.25, 878.92, 2236.61, 240.79
1543.89, 17.45, 104.05, 3431.98, 515.64, 0.59, 3566.83, 46.88, 6332.25, 570.18, 1491.79, 185.87
1580.08, 18.61, 70.26, 2660.49, 394.76, 0.68, 3269.59, 25.74, 4969.43, 385.93, 1328.65, 166.96
10519.99, 93.93, 236.49, 3261.68, 979.97, 47.46, 14460.79, 228.23, 16285.63, 2308.19, 7176.55, 876.21
11012.77, 131.91, 232.19, 3066.17, 1792.54, 98.86, 18414.48, 309.87, 23209.32, 3461.18, 8574.16, 2000.80
5634.67, 72.41, 144.65, 2435.81, 925.35, 15.97, 8231.87, 162.22, 11737.36, 2235.63, 3639.66, 682.63
6822.07, 81.23, 139.50, 2641.53, 814.66, 22.99, 10717.26, 153.82, 12562.93, 2377.03, 5051.79, 587.90
6200.41, 105.33, 198.69, 3094.74, 1138.56, 20.28, 11757.17, 189.70, 15299.29, 2704.00, 4487.75, 681.96
5511.55, 78.75, 157.24, 2890.77, 908.07, 5.81, 7786.46, 149.29, 11820.95, 2737.69, 3445.09, 365.70
5892.47, 288.22, 318.43, 5168.49, 1555.54, 1.24, 5297.25, 530.68, 9199.77, 2899.77, 4588.12, 185.40
3756.78, 107.69, 144.89, 3599.74, 919.53, 0.43, 3932.22, 276.45, 7546.59, 1376.97, 3329.27, 116.88
1423.01, 26.83, 72.72, 2364.78, 428.04, 0.00, 2411.15, 64.38, 4957.39, 590.72, 1434.71, 15.50
679.83, 6.83, 46.14, 1595.43, 265.26, 0.00, 1694.49, 13.40, 3889.00, 252.45, 904.01, 21.18
465.12, 1.12, 32.15, 1018.04, 168.02, 0.00, 1738.44, 3.00, 4022.80, 143.34, 597.79, 7.66
1766.86, 18.78, 58.09, 1117.20, 150.23, 2.79, 2477.74, 35.05, 4362.80, 237.32, 923.46, 92.67
4573.86, 46.42, 89.12, 1510.91, 139.16, 12.98, 6683.22, 90.38, 15699.32, 2550.86, 2437.46, 1027.56
1716.05, 9.23, 22.57, 661.34, 107.08, 4.48, 2527.64, 32.36, 6595.72, 1372.01, 1081.00, 530.95
1285.19, 6.79, 26.43, 657.63, 96.33, 3.53, 1887.29, 27.73, 4519.64, 955.96, 807.46, 158.33
2928.09, 21.82, 50.11, 838.97, 183.66, 12.67, 5493.43, 77.44, 6221.29, 1121.84, 1445.94, 366.78
3132.97, 48.66, 71.11, 1394.99, 117.52, 21.89, 4085.75, 116.71, 6089.63, 781.88, 1242.78, 196.76
4781.59, 123.88, 183.10, 3171.33, 895.10, 2.75, 6475.38, 271.34, 7328.37, 2676.46, 2087.18, 164.37
2382.59, 110.37, 122.38, 3182.80, 284.69, 0.00, 2082.44, 256.06, 3759.30, 894.00, 1921.58, 53.05
1287.46, 21.26, 55.53, 2822.32, 130.54, 0.10, 1403.46, 68.48, 3110.04, 464.32, 1428.18, 44.05
512.59, 8.05, 38.69, 1733.48, 53.22, 0.00, 1043.08, 16.20, 2026.48, 113.73, 748.02, 16.45
243.85, 0.34, 24.27, 1076.37, 20.90, 0.00, 703.59, 1.40, 1802.26, 37.81, 465.21, 20.50
885.90, 5.45, 44.02, 1089.81, 22.40, 0.50, 2019.00, 18.51, 4551.44, 84.27, 623.79, 92.68
788.98, 17.53, 33.74, 1031.22, 18.89, 1.35, 1110.02, 30.83, 2260.51, 164.02, 406.02, 104.09
2423.13, 26.26, 50.19, 1180.17, 18.91, 11.20, 2305.80, 42.35, 2179.42, 87.50, 1066.19, 136.17
2597.58, 33.26, 54.66, 1166.40, 29.41, 8.83, 3177.85, 64.39, 5136.96, 632.74, 1256.92, 206.47
4714.49, 54.07, 120.98, 1807.47, 472.49, 17.66, 7904.65, 146.90, 15468.48, 2156.48, 2458.44, 661.79
26613.65, 396.61, 500.96, 6502.18, 4595.89, 178.22, 42584.29, 492.39, 42425.47, 8929.57, 17821.56, 2869.25
14484.81, 399.26, 457.88, 7347.55, 2790.66, 94.31, 20122.94, 581.24, 28344.86, 5565.02, 10933.74, 1825.72
6083.53, 188.32, 232.97, 5775.62, 1448.26, 10.33, 9468.03, 271.98, 13836.09, 3216.62, 4387.65, 501.63
4840.76, 274.38, 271.56, 6347.89, 1047.77, 2.92, 7429.24, 420.24, 13197.06, 2186.57, 4083.91, 383.50
2955.05, 219.28, 146.65, 8146.27, 566.51, 0.00, 4414.19, 357.40, 7569.26, 1155.79, 3292.64, 185.80
1498.72, 40.78, 85.51, 3686.95, 331.94, 0.01, 3202.21, 73.83, 5498.43, 450.28, 1490.15, 91.92
514.68, 9.87, 49.38, 2456.20, 177.64, 0.00, 2215.40, 12.45, 4160.77, 63.16, 863.35, 22.23
1737.98, 12.24, 61.06, 1934.08, 135.73, 2.26, 4622.29, 24.83, 6617.22, 295.41, 1499.85, 135.05
528.59, 6.13, 23.87, 1331.42, 101.52, 0.00, 1705.62, 6.55, 3198.28, 155.13, 522.18, 67.86
452.00, 0.11, 18.11, 768.28, 68.99, 0.06, 1350.29, 1.43, 2556.69, 163.38, 348.69, 42.00
770.06, 4.40, 19.46, 685.47, 53.06, 0.55, 1471.92, 7.84, 2771.23, 322.70, 366.08, 113.29
1766.46, 15.55, 39.85, 910.32, 40.14, 5.59, 3264.07, 31.34, 7360.62, 1359.72, 870.17, 244.10
2940.61, 36.62, 54.25, 1110.97, 34.88, 9.00, 6366.77, 55.44, 9685.51, 2084.20, 1940.39, 474.85
3503.04, 42.17, 74.42, 1361.86, 44.83, 19.30, 8422.88, 111.06, 15782.76, 3383.04, 1958.27, 1175.75
1514.03, 70.69, 72.73, 1760.35, 118.45, 0.40, 3718.41, 156.65, 6779.84, 2158.38, 1546.37, 218.05
1437.50, 47.52, 46.43, 1948.62, 11.09, 0.36, 2716.42, 81.15, 6231.15, 1274.81, 1403.39, 149.19
561.61, 6.91, 18.46, 1182.78, 1.90, 0.00, 1489.67, 18.41, 3877.81, 622.28, 617.11, 40.13
216.54, 0.62, 11.37, 684.79, 0.05, 0.00, 1257.21, 2.96, 4267.00, 240.33, 422.92, 12.75
35.96, 0.00, 7.59, 483.35, 0.00, 0.00, 697.55, 0.02, 1909.25, 29.94, 221.11, 0.17
14.67, 0.40, 5.18, 369.95, 0.00, 0.00, 520.99, 0.03, 1579.67, 2.00, 136.06, 0.00
434.48, 14.91, 25.28, 675.39, 0.00, 0.22, 670.88, 28.23, 1355.23, 4.13, 256.11, 15.28
1126.23, 19.64, 26.23, 961.40, 0.00, 0.90, 1541.03, 25.22, 2748.53, 87.52, 521.13, 130.84
2594.46, 12.11, 25.48, 577.56, 0.01, 4.27, 4562.05, 22.23, 9482.16, 1283.46, 1846.46, 638.20
3072.20, 39.89, 52.23, 1363.15, 1.29, 7.58, 5538.95, 84.75, 9881.19, 1708.08, 1834.87, 924.04
906.20, 10.88, 28.04, 770.63, 8.22, 0.43, 2934.74, 44.06, 5782.66, 1308.83, 985.59, 167.59
1535.85, 27.71, 32.94, 1483.60, 62.68, 2.92, 2672.60, 56.08, 4879.99, 1125.43, 995.87, 97.97
2228.09, 75.31, 77.15, 2285.83, 6.07, 5.78, 3691.58, 133.34, 8377.55, 1281.89, 1431.63, 194.66
1142.57, 101.06, 53.54, 2375.26, 11.23, 0.50, 2161.13, 167.54, 6867.81, 1155.31, 1285.33, 241.23
894.93, 22.80, 23.99, 1871.39, 0.59, 0.00, 1859.89, 54.89, 4707.32, 1150.48, 988.48, 107.03
208.28, 7.07, 12.64, 1153.70, 0.01, 0.00, 865.77, 11.53, 2507.80, 395.32, 494.91, 12.41
54.95, 0.84, 8.40, 760.65, 0.00, 0.00, 503.92, 1.64, 2060.26, 95.05, 245.12, 0.10
49.00, 0.86, 6.50, 614.61, 0.00, 0.00, 380.83, 1.07, 1758.67, 18.62, 164.12, 0.00
14.69, 0.04, 3.66, 320.35, 0.00, 0.00, 282.48, 0.06, 1098.33, 6.49, 97.52, 13.27
3550.64, 31.50, 49.24, 795.99, 0.51, 6.31, 5827.53, 48.10, 8200.83, 698.29, 2579.94, 556.53
889.75, 11.89, 25.97, 640.08, 0.01, 7.41, 982.14, 16.30, 3003.46, 433.48, 911.33, 253.18
1607.94, 5.21, 32.30, 509.99, 0.07, 5.03, 2353.60, 29.50, 4593.76, 472.35, 1097.84, 321.88
2320.70, 21.37, 36.32, 779.82, 16.52, 5.82, 3536.07, 54.00, 4354.16, 499.23, 1237.81, 128.74
11296.37, 98.22, 172.00, 2351.16, 554.49, 35.54, 21071.15, 237.76, 24435.45, 4144.53, 7870.89, 1633.35
5969.48, 157.32, 163.18, 3087.94, 604.71, 4.27, 8543.07, 252.62, 11963.48, 3666.15, 5313.39, 443.74
3472.80, 106.70, 98.88, 2792.48, 168.26, 0.20, 4785.43, 224.35, 7997.24, 2089.21, 3752.00, 196.69
2352.05, 28.13, 45.23, 1555.36, 105.10, 0.00, 3676.95, 65.60, 5423.50, 1191.55, 2032.30, 95.40
1034.93, 3.59, 27.85, 1032.61, 53.63, 0.00, 1981.24, 10.83, 3509.69, 542.14, 1101.51, 23.70
717.70, 1.73, 22.11, 802.81, 24.46, 0.00, 1827.22, 5.35, 3398.95, 191.50, 826.52, 9.46
1394.98, 18.99, 53.39, 1110.89, 14.99, 3.25, 2620.63, 39.62, 4464.25, 267.01, 877.51, 136.72
2353.76, 38.51, 72.04, 910.89, 19.47, 8.58, 4107.04, 54.63, 6328.04, 606.60, 1525.42, 175.62
1939.59, 20.14, 34.13, 543.96, 19.82, 5.97, 2197.07, 34.05, 2585.34, 411.68, 1064.65, 52.14
537.01, 4.72, 20.63, 247.51, 26.19, 0.07, 1008.24, 10.03, 1696.43, 281.47, 442.07, 6.16
2600.29, 35.38, 53.16, 982.78, 22.58, 10.50, 5673.88, 64.39, 9356.02, 2155.66, 1879.41, 298.43
2460.17, 25.71, 46.58, 858.34, 88.92, 13.65, 3540.66, 58.81, 6174.54, 930.74, 1113.33, 131.04
3491.88, 75.85, 107.27, 1691.73, 311.09, 13.49, 6104.16, 121.19, 9161.15, 1468.17, 1704.34, 246.56
2885.62, 128.83, 100.79, 2036.54, 125.67, 3.82, 4023.73, 184.02, 5481.14, 1238.57, 2583.97, 68.39
2667.14, 84.54, 86.11, 2147.90, 96.67, 5.13, 4493.32, 136.13, 10081.28, 1707.53, 3311.39, 503.18
2366.76, 31.65, 51.70, 1805.92, 78.99, 0.51, 4086.07, 55.09, 7055.93, 1415.61, 2250.11, 238.28
923.59, 9.15, 30.42, 1143.99, 33.59, 0.00, 1670.72, 12.28, 3767.95, 635.96, 1132.27, 22.64
430.11, 0.60, 19.84, 747.22, 10.26, 0.00, 1495.34, 1.78, 3619.06, 240.98, 684.52, 50.93
311.96, 1.11, 16.64, 658.82, 3.39, 0.00, 1076.17, 4.96, 2304.32, 100.19, 528.43, 9.20
298.89, 0.46, 11.20, 374.17, 1.72, 0.00, 924.02, 0.97, 1919.59, 71.72, 343.95, 38.41
751.04, 7.19, 19.28, 408.52, 2.73, 0.94, 1389.18, 15.08, 2376.31, 139.97, 434.60, 25.98
544.97, 3.34, 11.39, 414.97, 3.41, 0.46, 1013.42, 4.24, 1623.71, 97.33, 388.04, 31.49
437.90, 5.35, 13.45, 436.78, 0.93, 0.06, 819.08, 9.51, 1818.29, 92.09, 265.24, 36.79
1138.97, 14.01, 22.42, 341.38, 0.54, 1.81, 1796.18, 22.87, 2737.73, 656.18, 739.17, 139.43
6338.77, 124.72, 101.48, 3111.68, 9.47, 51.40, 8916.36, 193.15, 13255.77, 2184.65, 3991.52, 1149.33
2838.22, 83.00, 55.34, 2739.46, 73.26, 5.85, 6599.76, 113.08, 7222.32, 1260.57, 1898.04, 379.03
3224.53, 164.80, 94.38, 3654.79, 249.14, 2.41, 5527.23, 186.52, 7624.20, 1506.51, 2631.97, 139.17
2335.58, 189.20, 96.32, 4938.90, 57.39, 0.74, 2350.42, 283.56, 4034.19, 827.43, 2779.75, 66.61
1311.84, 27.78, 34.88, 2660.40, 12.14, 0.21, 2161.44, 57.89, 3588.66, 347.36, 1166.06, 12.87
603.74, 4.48, 25.18, 1751.11, 2.95, 0.00, 1284.40, 10.14, 2236.50, 92.88, 792.32, 5.45
251.49, 1.10, 16.40, 1266.16, 0.54, 0.00, 826.70, 2.42, 1489.46, 9.09, 434.97, 0.00
1581.62, 21.30, 53.10, 1295.88, 4.45, 9.87, 1615.87, 42.32, 2091.02, 67.63, 810.57, 54.49
1205.44, 21.69, 35.65, 1103.88, 2.96, 1.35, 1660.10, 33.00, 2941.33, 154.80, 621.84, 68.27
1181.78, 14.13, 25.64, 766.94, 2.66, 2.97, 1791.54, 25.85, 2529.57, 254.79, 641.15, 163.13
1130.78, 19.51, 23.43, 778.58, 1.84, 3.01, 1783.50, 25.04, 2092.07, 522.27, 664.56, 128.63
4382.77, 59.78, 73.07, 1613.66, 61.27, 23.04, 9069.29, 118.60, 13323.06, 3069.30, 2811.73, 1428.09
2824.72, 71.91, 91.74, 1927.14, 116.70, 16.96, 5465.15, 119.89, 10699.51, 2942.28, 2011.70, 1073.78
1980.36, 117.70, 78.53, 2419.57, 37.19, 1.56, 4227.41, 170.29, 8275.24, 2460.52, 1815.16, 611.17
928.60, 78.91, 43.35, 2305.95, 12.65, 0.00, 2054.90, 97.26, 4351.50, 1473.09, 908.28, 206.99
713.09, 13.58, 35.13, 1413.78, 3.16, 0.07, 1928.61, 30.32, 4506.68, 897.21, 830.41, 218.94
815.28, 28.95, 54.46, 1368.47, 1.07, 1.13, 1660.88, 61.18, 3259.33, 504.78, 407.58, 57.33
117.16, 0.86, 14.91, 667.71, 0.00, 0.00, 828.57, 6.33, 1911.24, 92.54, 207.28, 6.80
87.82, 0.42, 8.10, 459.56, 0.00, 0.00, 553.72, 1.32, 1440.46, 40.52, 129.12, 2.62
591.08, 9.87, 41.62, 628.15, 0.04, 2.18, 1366.97, 32.10, 3072.84, 166.45, 856.64, 172.51
1321.23, 13.99, 11.55, 778.77, 0.58, 0.31, 1780.23, 6.92, 3575.48, 181.36, 210.12, 90.98
4075.57, 46.42, 60.35, 1034.01, 6.52, 27.40, 4378.48, 66.40, 7241.39, 411.02, 1793.07, 411.33
8406.56, 175.06, 114.70, 2998.39, 1017.76, 117.21, 11125.06, 212.45, 14608.63, 943.19, 4238.47, 1194.37
7856.63, 137.68, 95.46, 3213.17, 426.43, 65.96, 10359.44, 151.37, 13895.23, 1316.22, 3851.54, 1461.78
10954.24, 228.02, 297.76, 5302.95, 1638.63, 45.59, 19091.06, 328.92, 26493.17, 3954.04, 5514.03, 1477.45
7508.25, 210.37, 227.46, 4886.07, 882.92, 21.33, 13263.26, 279.38, 17454.98, 3851.36, 4973.73, 807.91
7963.58, 410.46, 348.74, 8700.22, 1510.42, 3.45, 13393.34, 540.17, 13769.69, 5971.87, 6857.43, 553.09
6625.48, 277.45, 208.57, 8011.86, 697.97, 2.91, 9359.71, 367.49, 15327.44, 4375.29, 6604.84, 628.67
2533.80, 60.88, 90.70, 4227.74, 394.68, 0.00, 4357.41, 88.75, 7525.71, 2073.19, 2376.25, 166.24
1408.05, 14.88, 58.87, 2723.39, 233.44, 0.00, 3344.97, 16.60, 6899.03, 1057.41, 1472.67, 83.40
769.27, 2.19, 37.71, 1848.04, 145.59, 0.00, 2212.26, 1.69, 4927.09, 517.76, 859.18, 37.27
1315.83, 9.08, 44.00, 1472.61, 110.45, 0.46, 2996.24, 17.16, 5479.97, 405.37, 849.69, 95.86
865.29, 7.51, 32.49, 1143.58, 87.05, 1.53, 1606.49, 13.60, 3045.57, 299.75, 750.38, 76.43
3000.14, 30.32, 32.52, 1355.54, 73.41, 5.10, 4278.48, 24.50, 6732.16, 562.92, 1214.15, 318.18
1493.16, 14.38, 36.39, 870.87, 51.36, 5.11, 2408.91, 21.16, 6820.63, 1073.27, 843.96, 292.79
2834.75, 46.86, 52.13, 1298.05, 42.65, 15.35, 5322.62, 66.37, 9171.14, 1437.14, 1413.69, 603.37
2422.57, 45.42, 54.06, 1593.82, 110.55, 1.41, 5167.07, 94.01, 7495.02, 1328.67, 1311.06, 186.93
2061.48, 79.31, 69.31, 1814.05, 28.17, 6.96, 3206.73, 119.97, 5694.16, 934.93, 1275.30, 209.66
1936.80, 89.37, 73.98, 2213.09, 33.52, 1.72, 3010.73, 159.01, 7437.71, 780.78, 1381.50, 112.07
694.96, 16.04, 24.24, 1725.34, 12.39, 0.00, 1179.20, 41.14, 3647.18, 383.31, 583.21, 42.14
227.87, 0.91, 16.00, 947.00, 1.14, 0.00, 784.38, 6.20, 2323.65, 62.38, 342.89, 0.95
51.93, 0.00, 10.29, 629.76, 0.03, 0.00, 550.65, 0.12, 1659.85, 1.50, 208.54, 0.00
108.46, 4.75, 15.22, 567.76, 0.02, 0.00, 507.46, 6.97, 1589.92, 7.77, 252.25, 0.30
608.53, 37.75, 25.96, 1317.03, 0.36, 3.06, 866.36, 32.87, 1222.52, 4.66, 187.44, 0.56
3519.36, 45.16, 59.65, 1047.74, 2.46, 12.05, 3148.90, 62.25, 3960.22, 115.92, 1169.89, 198.60
3649.25, 27.82, 43.10, 860.10, 2.44, 11.41, 3559.89, 62.06, 3494.91, 80.24, 2185.02, 173.40
14114.89, 287.10, 175.97, 4464.28, 1264.20, 132.84, 28137.67, 341.88, 36107.25, 4645.73, 9726.99, 2809.29
5753.61, 122.06, 113.72, 3317.96, 597.78, 16.56, 12228.72, 169.52, 18560.30, 4228.75, 3653.95, 1022.83
21518.72, 505.49, 409.77, 8805.22, 2883.90, 143.06, 35844.46, 522.87, 44806.84, 8141.09, 14102.10, 2912.24
12205.94, 247.20, 336.70, 6434.88, 1680.39, 35.88, 20813.17, 386.78, 27016.30, 5795.07, 8424.86, 1130.58
13641.76, 386.54, 452.53, 8614.79, 2842.22, 48.69, 22791.67, 578.52, 21254.02, 5067.67, 9211.65, 781.67
8015.32, 440.93, 349.85, 10835.79, 1653.69, 5.07, 11901.06, 671.75, 14930.52, 3304.56, 6903.74, 445.32
3981.01, 198.02, 207.22, 8807.94, 821.85, 0.00, 6847.28, 419.81, 9496.99, 1894.34, 3752.42, 218.27
1927.45, 37.77, 93.04, 3960.58, 438.95, 0.00, 4652.25, 74.62, 7048.31, 936.34, 1720.80, 118.48
1067.71, 9.66, 59.33, 2684.06, 255.09, 0.00, 3325.85, 14.33, 5407.73, 439.09, 1053.35, 61.92
750.41, 1.80, 40.72, 1822.82, 186.08, 0.00, 2386.52, 2.10, 3899.62, 261.67, 646.00, 46.50
722.40, 0.23, 28.62, 1249.20, 126.31, 0.01, 1933.21, 0.92, 3236.25, 178.87, 516.80, 50.12
4469.55, 69.83, 92.70, 2179.18, 142.15, 13.85, 6461.49, 85.90, 13265.43, 1968.54, 2665.56, 674.15
5593.80, 71.81, 92.43, 1818.10, 175.12, 44.71, 7566.59, 134.21, 12900.81, 2277.25, 3038.31, 784.59
11231.05, 230.97, 255.69, 4079.68, 2214.79, 83.92, 19448.23, 329.20, 33817.27, 4274.90, 8477.92, 1758.91
9678.20, 261.29, 253.09, 5014.63, 1520.77, 44.43, 12800.88, 352.71, 19810.41, 3774.17, 5413.34, 1003.05
9178.79, 261.45, 222.09, 5187.30, 1037.90, 16.14, 12665.30, 306.18, 18811.05, 3976.37, 7157.95, 495.27
10666.40, 368.21, 264.95, 6716.84, 947.90, 13.96, 13135.82, 491.22, 21168.91, 3506.98, 9259.59, 607.14
4345.65, 145.01, 147.51, 5547.86, 490.84, 0.51, 5779.44, 334.27, 10339.31, 2061.99, 3551.84, 207.70
2308.22, 27.94, 72.72, 2988.49, 273.65, 0.00, 4233.86, 59.98, 8093.61, 1025.11, 1966.81, 80.44
1166.36, 4.63, 47.40, 2010.06, 144.04, 0.00, 2907.73, 10.94, 5833.47, 414.76, 1183.60, 22.18
900.24, 0.63, 31.12, 1353.43, 93.46, 0.00, 2526.81, 1.55, 4949.45, 246.38, 879.05, 31.18
992.09, 11.08, 37.24, 1216.06, 68.83, 0.65, 2208.31, 17.22, 4592.97, 241.24, 728.91, 103.33
4140.87, 94.99, 92.96, 3040.28, 80.79, 12.01, 3887.22, 122.04, 8184.41, 642.65, 1450.64, 385.70
12706.00, 212.67, 177.64, 3802.74, 789.76, 63.44, 13926.32, 303.07, 30669.46, 5547.03, 8942.76, 1613.06
31022.79, 569.61, 612.52, 10126.89, 5580.95, 177.43, 35460.96, 939.06, 48254.52, 6910.21, 18408.29, 1968.62
7493.43, 145.65, 152.00, 4964.94, 1052.09, 19.60, 8696.72, 247.15, 17405.30, 3273.84, 4344.20, 598.74
6245.56, 135.35, 208.33, 4824.73, 1509.01, 3.37, 9902.75, 229.69, 16357.04, 2817.19, 3839.59, 403.08
5266.78, 100.81, 167.35, 4202.09, 1156.96, 1.10, 6795.46, 190.54, 14069.89, 2172.24, 2981.29, 308.01
3980.30, 279.29, 191.74, 5610.01, 704.69, 0.54, 4470.18, 457.42, 9509.26, 1394.30, 3570.63, 153.02
2789.73, 74.71, 115.76, 4717.11, 429.17, 0.42, 3638.43, 210.76, 7982.46, 917.56, 2310.95, 198.08
1040.89, 20.58, 57.45, 2570.13, 242.56, 0.00, 2114.87, 47.14, 5298.16, 452.67, 995.12, 34.24
522.05, 4.80, 36.19, 1728.24, 124.94, 0.00, 1640.98, 8.46, 4557.32, 159.98, 682.89, 61.44
336.10, 3.40, 26.33, 1270.61, 76.70, 0.00, 1593.54, 3.14, 4243.42, 94.81, 429.43, 32.89
1229.93, 2.01, 32.98, 940.06, 63.99, 0.56, 2128.99, 8.30, 3874.73, 160.91, 711.11, 73.24
2502.20, 21.79, 59.63, 1319.33, 55.42, 7.34, 3950.95, 42.61, 11131.65, 731.12, 1475.59, 472.64
1952.94, 25.20, 30.61, 903.45, 51.15, 6.11, 3684.35, 27.25, 8561.70, 1237.14, 1191.39, 399.97
8117.73, 82.39, 149.81, 2023.42, 540.69, 78.41, 17360.75, 234.03, 29955.42, 4493.59, 5373.79, 1672.35
13218.40, 237.39, 199.44, 3694.35, 1853.41, 167.23, 22148.70, 318.45, 44112.72, 6280.29, 8343.93, 4322.25
10991.31, 244.32, 270.19, 4524.60, 1853.29, 51.37, 17483.36, 361.47, 27082.31, 6100.61, 5522.74, 1941.84
9640.62, 215.32, 245.21, 4928.55, 1314.88, 55.31, 14992.72, 346.49, 20418.18, 5521.35, 5269.18, 1346.90
9861.37, 247.03, 300.78, 6520.81, 1720.95, 31.87, 16698.35, 388.67, 27357.01, 5587.44, 6684.88, 922.57
8556.88, 463.98, 356.07, 9441.37, 1568.70, 3.86, 11523.74, 699.88, 19034.19, 5323.94, 7291.74, 671.17
3489.49, 207.46, 195.75, 9281.64, 721.19, 0.00, 5836.39, 470.86, 12124.86, 2373.67, 4005.65, 272.75
1825.15, 37.57, 88.35, 4112.83, 359.19, 0.00, 3977.39, 80.14, 9128.12, 1148.30, 1830.74, 148.04
1719.97, 17.14, 80.65, 3137.59, 237.12, 0.03, 3548.09, 38.87, 7828.23, 627.27, 1394.05, 96.18
1415.64, 7.40, 45.97, 2039.89, 199.76, 0.22, 2848.76, 9.88, 5554.60, 535.34, 914.94, 126.81
3422.59, 16.23, 70.92, 1721.28, 176.50, 3.62, 5769.28, 44.77, 14233.83, 1616.04, 2415.32, 583.42
3672.09, 26.04, 56.84, 1461.89, 160.40, 6.43, 6824.32, 42.01, 12512.39, 1927.78, 2119.34, 480.19
7618.29, 86.25, 127.60, 2100.53, 427.31, 27.22, 8606.28, 184.70, 13907.06, 2247.69, 5023.58, 560.00
13607.17, 156.78, 216.53, 2480.79, 1818.98, 91.62, 18020.60, 279.57, 23900.57, 3088.48, 8528.41, 1675.83
7661.11, 81.38, 144.46, 2268.74, 636.40, 23.88, 11729.31, 174.12, 18871.54, 2769.38, 4637.80, 1107.37
7075.36, 139.89, 176.92, 3559.59, 980.02, 20.87, 10689.48, 219.40, 14645.16, 3543.71, 3592.86, 696.36
6679.77, 189.89, 223.46, 3949.32, 1087.18, 3.29, 6644.28, 345.54, 9814.52, 3142.94, 3989.06, 252.86
4135.02, 97.21, 141.41, 3798.37, 535.85, 0.37, 4277.62, 248.77, 7675.60, 1499.67, 4043.87, 149.12
1759.82, 18.42, 68.77, 2213.97, 294.02, 0.00, 2825.11, 56.35, 5562.61, 645.97, 1920.08, 55.79
1037.09, 3.98, 47.02, 1450.91, 177.37, 0.00, 2176.59, 11.10, 4980.54, 261.98, 1068.53, 23.65
530.12, 0.67, 30.02, 1048.58, 106.07, 0.00, 1438.87, 3.43, 3347.13, 86.06, 636.35, 2.31
866.55, 1.59, 31.46, 683.32, 69.16, 0.89, 1741.79, 9.07, 3953.81, 137.84, 751.41, 73.47
2162.60, 23.84, 48.00, 1062.87, 63.77, 4.24, 3104.17, 38.57, 4994.35, 361.29, 988.67, 247.40
1125.86, 0.95, 14.50, 364.63, 53.13, 0.34, 1407.66, 3.20, 3273.63, 357.62, 456.09, 66.40
6506.02, 85.19, 139.63, 1898.38, 75.94, 37.71, 6693.25, 171.93, 16158.77, 2198.28, 3279.45, 499.46
12024.28, 140.80, 185.94, 2722.19, 1491.30, 108.51, 15872.86, 273.19, 25320.92, 4351.79, 7378.23, 2180.60
8259.48, 169.40, 150.51, 3185.46, 585.37, 37.91, 12798.61, 241.63, 16451.97, 3498.62, 3957.93, 1420.66
5506.49, 161.64, 169.98, 3980.21, 485.60, 7.23, 8379.04, 268.81, 16089.48, 4280.85, 4139.18, 760.26
5829.24, 211.55, 193.13, 4963.39, 284.75, 8.41, 5244.20, 414.98, 9636.86, 2635.51, 4502.17, 360.74
2787.22, 48.20, 94.83, 3156.52, 149.30, 0.29, 3110.84, 159.33, 6415.00, 1457.56, 2674.40, 192.75
1318.70, 9.82, 49.82, 1885.02, 65.56, 0.00, 2087.57, 30.28, 5074.45, 714.74, 1257.57, 83.32
485.50, 1.01, 34.29, 1317.73, 20.13, 0.00, 1478.86, 5.70, 3643.72, 210.35, 764.86, 20.14
871.72, 4.33, 34.31, 1021.08, 13.82, 1.03, 1381.03, 12.02, 4475.65, 120.93, 658.24, 71.47
1678.42, 16.15, 52.72, 1239.06, 10.49, 6.50, 2225.16, 36.28, 4793.54, 207.59, 1016.31, 282.71
1283.75, 10.78, 22.76, 695.50, 15.02, 0.83, 1346.03, 11.46, 2700.92, 134.92, 424.24, 78.79
1443.08, 5.90, 22.28, 473.87, 8.52, 2.32, 1732.67, 13.51, 3973.46, 172.21, 599.82, 123.86
1546.15, 34.13, 41.19, 899.82, 6.81, 11.41, 1968.72, 44.23, 4855.15, 226.28, 850.42, 341.39
2294.19, 32.92, 39.90, 963.71, 6.72, 19.54, 3816.18, 58.18, 9725.08, 635.89, 1225.62, 1049.17
3241.63, 95.48, 97.88, 2246.16, 74.09, 16.57, 6310.64, 179.90, 10253.48, 1983.07, 1823.88, 789.57
3675.39, 115.87, 125.71, 3349.16, 264.86, 20.88, 3748.61, 207.91, 8988.17, 1581.79, 1603.61, 346.36
1694.74, 192.79, 91.98, 5620.26, 4.73, 0.25, 1609.85, 266.66, 4861.96, 1144.18, 2011.45, 131.02
811.19, 27.11, 40.11, 3686.38, 0.65, 0.00, 1128.07, 55.58, 4263.36, 555.36, 919.29, 121.50
312.74, 8.65, 32.28, 2451.95, 0.00, 0.00, 907.26, 19.45, 2703.36, 178.46, 538.51, 14.57
49.72, 0.51, 19.07, 1545.05, 0.00, 0.00, 507.68, 1.05, 1934.07, 27.50, 323.02, 1.77
153.86, 0.77, 16.85, 1117.16, 0.00, 0.00, 647.00, 4.80, 2876.43, 68.82, 281.07, 19.52
35.14, 2.62, 16.36, 765.68, 0.00, 0.10, 386.16, 10.92, 1730.23, 34.88, 308.54, 69.70
3045.48, 44.02, 61.06, 1698.19, 1.10, 5.99, 4232.35, 61.31, 7510.26, 451.81, 1581.70, 487.47
3507.02, 58.88, 70.54, 1402.61, 3.64, 23.56, 4796.76, 101.00, 12282.07, 689.61, 2518.89, 1499.01
3910.42, 40.06, 33.26, 1329.41, 27.16, 14.33, 6654.17, 80.88, 27535.34, 3032.70, 2418.23, 4190.86
4251.30, 39.75, 57.23, 1356.81, 124.53, 13.99, 6106.32, 92.63, 14773.30, 3300.25, 2347.46, 1993.38
6329.68, 80.50, 107.56, 1942.53, 362.35, 33.88, 6695.75, 129.99, 11880.76, 2738.81, 3487.40, 1071.56
4320.09, 140.53, 118.07, 3235.22, 85.63, 3.01, 4916.56, 208.32, 10216.15, 3999.71, 2995.66, 557.66
3460.06, 159.59, 98.40, 3398.77, 14.24, 4.43, 3098.52, 248.24, 7636.45, 2268.84, 3041.14, 395.36
1513.11, 70.19, 61.87, 3538.38, 4.41, 0.00, 1510.01, 133.65, 4597.85, 1225.76, 3749.81, 222.18
632.51, 10.70, 31.29, 1878.60, 0.07, 0.00, 1084.04, 24.36, 3417.30, 434.65, 1289.47, 98.97
222.36, 1.02, 20.22, 1260.39, 0.00, 0.00, 738.39, 3.07, 2523.99, 134.22, 781.46, 42.73
92.05, 1.62, 13.73, 905.62, 0.00, 0.00, 527.65, 2.81, 2059.35, 51.65, 479.85, 19.90
72.27, 0.76, 9.35, 638.90, 0.00, 0.00, 394.50, 1.16, 1451.77, 22.60, 293.84, 18.17
2483.20, 71.38, 73.09, 2167.79, 2.46, 7.01, 3882.29, 93.46, 4368.72, 314.29, 1530.60, 212.14
4066.06, 51.67, 71.17, 1312.60, 4.69, 23.50, 11027.12, 102.59, 18609.19, 3237.28, 3735.00, 1502.39
3039.40, 25.43, 55.62, 1226.62, 24.48, 4.92, 11532.08, 97.67, 16634.00, 3437.75, 3354.00, 1524.78
2429.21, 32.82, 32.88, 1465.74, 2.50, 5.13, 5800.06, 47.17, 10226.79, 2792.46, 2584.22, 526.66
3584.94, 84.13, 63.49, 1976.41, 7.67, 7.47, 8855.64, 111.98, 16215.27, 3610.15, 3995.94, 754.38
6225.82, 163.22, 141.04, 2947.69, 426.80, 34.48, 10187.77, 247.27, 18416.78, 3640.86, 4619.33, 1109.81
6213.85, 286.50, 179.70, 5118.96, 199.18, 5.76, 10019.14, 423.43, 12649.34, 3779.64, 5627.83, 691.35
2623.14, 91.50, 81.85, 4770.82, 25.58, 0.00, 4343.40, 188.85, 7022.69, 1845.47, 3169.06, 194.40
1257.41, 19.53, 50.27, 2609.08, 8.72, 0.00, 3084.26, 42.12, 5490.70, 784.72, 1575.41, 79.80
1033.89, 10.82, 45.89, 1940.05, 2.78, 0.04, 2934.75, 19.98, 5179.75, 461.28, 1192.76, 131.62
392.73, 0.66, 20.28, 1184.72, 0.47, 0.00, 1597.64, 2.56, 3631.01, 156.28, 591.66, 321.42
134.80, 0.00, 13.25, 784.47, 0.01, 0.00, 1114.43, 0.04, 2221.91, 63.27, 382.43, 40.33
1526.72, 17.37, 39.20, 931.62, 2.20, 1.60, 2445.57, 29.44, 4949.18, 441.18, 757.22, 347.41
3953.99, 54.89, 95.87, 1385.18, 6.70, 21.73, 5868.64, 108.48, 13371.67, 1350.16, 2240.87, 1095.24
2014.96, 24.95, 34.90, 762.59, 12.37, 14.68, 4427.42, 79.86, 11309.42, 1368.68, 1548.20, 829.73
4061.66, 45.89, 66.31, 1090.48, 349.15, 33.99, 12567.86, 119.39, 27546.15, 5456.93, 3124.76, 1951.15
4315.12, 150.69, 136.73, 2533.95, 255.34, 9.18, 10386.27, 256.39, 15183.63, 4568.70, 2605.29, 1014.52
2359.08, 104.81, 63.29, 2047.83, 7.99, 0.09, 4052.42, 160.29, 10861.96, 2852.35, 2185.57, 455.40
1577.90, 85.57, 55.06, 2470.18, 3.55, 0.04, 3021.02, 139.76, 8638.74, 1851.19, 1877.31, 247.22
740.63, 17.42, 26.06, 1800.88, 0.43, 0.00, 2011.32, 32.19, 5232.71, 987.30, 1049.28, 145.71
230.22, 2.90, 17.45, 1089.59, 0.00, 0.00, 1310.97, 6.67, 3823.37, 334.04, 602.37, 43.80
79.00, 0.50, 11.93, 759.66, 0.00, 0.00, 901.84, 1.98, 3165.47, 78.53, 362.82, 11.74
126.83, 0.26, 8.83, 508.93, 0.00, 0.00, 816.34, 0.95, 2351.20, 18.98, 277.10, 6.35
2387.64, 67.90, 67.29, 1679.62, 1.35, 9.20, 3327.33, 82.04, 5628.20, 301.98, 951.99, 207.45
1313.86, 13.37, 33.56, 764.06, 0.31, 4.10, 1413.32, 34.28, 3301.45, 134.53, 436.19, 70.08
2046.33, 29.36, 64.83, 902.64, 2.92, 16.40, 3087.24, 85.78, 8977.63, 1650.69, 1391.03, 624.02
5899.02, 179.66, 147.35, 2864.11, 847.60, 78.13, 6902.85, 281.78, 10151.00, 1765.40, 2230.88, 772.13
3553.69, 128.56, 100.47, 3021.50, 288.13, 32.50, 4765.63, 182.37, 8229.83, 1763.03, 1633.76, 537.86
8084.39, 216.06, 208.32, 4571.99, 1046.00, 74.00, 10667.02, 290.94, 15020.31, 3131.78, 3471.07, 1044.95
5473.27, 158.79, 157.26, 4060.06, 413.18, 19.73, 7321.14, 243.13, 11703.19, 2556.15, 2731.78, 723.97
9243.48, 387.01, 322.30, 10019.00, 679.16, 13.25, 10916.10, 583.11, 20881.82, 3465.86, 6403.72, 1008.19
5050.06, 296.48, 220.77, 11549.74, 312.64, 0.74, 5361.25, 574.54, 9680.62, 2360.93, 3464.37, 337.48
2207.15, 86.67, 148.16, 11400.99, 142.36, 0.00, 2891.55, 325.34, 5813.77, 1138.59, 1600.33, 115.72
1071.85, 21.69, 65.89, 4282.43, 47.53, 0.00, 2051.57, 59.44, 4589.66, 409.91, 969.78, 40.03
828.78, 7.82, 50.95, 2979.87, 30.08, 0.12, 1769.40, 18.47, 3664.18, 188.67, 649.86, 25.05
872.86, 4.73, 39.51, 2110.35, 19.71, 0.09, 1587.99, 14.62, 3518.24, 138.84, 595.38, 54.47
1171.79, 5.00, 38.41, 1536.45, 15.87, 1.36, 2918.81, 16.74, 7509.23, 474.20, 935.94, 286.81
7630.52, 82.60, 210.55, 2653.26, 165.71, 34.67, 13510.47, 257.63, 22478.23, 4560.25, 7701.07, 1336.18
11265.81, 153.44, 182.60, 2786.79, 1293.18, 60.65, 17738.82, 306.97, 27217.55, 5127.70, 6105.82, 1870.29
6562.68, 54.01, 144.30, 1856.35, 375.74, 15.58, 9733.63, 160.91, 18949.21, 4385.79, 6001.73, 911.04
11547.78, 215.24, 235.66, 4004.53, 1844.29, 104.88, 20939.06, 318.56, 31287.98, 4109.12, 6619.59, 1976.33
18802.84, 399.67, 444.80, 8301.82, 3308.90, 122.56, 26931.99, 600.10, 33305.85, 5640.07, 12132.69, 1947.67
9255.53, 504.06, 411.14, 14081.79, 2006.72, 5.77, 13985.80, 777.68, 17288.22, 5544.96, 6659.30, 622.07
4058.84, 205.93, 225.98, 13961.41, 932.65, 0.08, 7359.69, 547.79, 11015.04, 2688.92, 3780.11, 342.89
2087.80, 38.53, 103.03, 8085.22, 454.45, 0.00, 5185.96, 115.02, 8376.72, 1295.23, 1923.30, 169.38
1054.95, 8.93, 66.13, 3878.62, 227.55, 0.00, 3635.45, 22.21, 6419.62, 575.40, 1169.13, 97.21
521.01, 1.03, 42.52, 2633.25, 125.51, 0.00, 2599.56, 3.00, 4710.58, 233.65, 715.49, 47.18
650.73, 7.53, 41.69, 2117.24, 107.28, 0.28, 2071.92, 13.02, 3762.19, 148.76, 518.91, 53.92
2060.38, 13.30, 46.53, 1510.36, 98.52, 1.94, 3380.73, 24.58, 6139.38, 402.18, 1082.43, 253.31
2766.95, 33.78, 64.94, 1593.38, 97.83, 7.24, 4265.76, 47.31, 8931.53, 1234.68, 1590.47, 346.10
1134.45, 9.89, 26.91, 935.55, 75.13, 3.48, 1334.06, 19.66, 4054.07, 890.84, 835.61, 97.31
3911.50, 34.82, 77.77, 1420.03, 75.25, 28.36, 8227.15, 95.13, 12897.84, 2275.48, 3025.77, 752.58
3216.07, 57.18, 85.88, 1912.70, 243.22, 9.48, 5285.35, 162.29, 8276.85, 1907.76, 1875.85, 301.98
2607.72, 48.24, 64.05, 1859.16, 39.41, 4.98, 3629.59, 128.48, 6731.83, 1341.17, 1775.50, 189.07
1681.86, 33.49, 51.56, 2655.88, 14.02, 1.37, 2186.27, 86.59, 4468.24, 864.29, 1525.29, 76.87
783.02, 2.98, 21.12, 1806.11, 0.64, 0.01, 1377.94, 12.71, 3145.02, 374.25, 848.96, 17.02
196.05, 0.12, 14.42, 1091.43, 0.00, 0.00, 1110.37, 1.96, 2613.06, 79.01, 455.28, 74.28
28.95, 0.07, 9.84, 741.79, 0.00, 0.00, 557.32, 1.54, 1557.46, 3.58, 271.80, 0.13
186.39, 1.92, 11.29, 653.34, 0.00, 0.00, 768.39, 6.37, 2152.16, 1.50, 313.86, 2.03
961.13, 2.14, 18.85, 432.72, 0.00, 0.03, 1749.29, 7.25, 3678.30, 175.55, 609.94, 123.19
473.70, 2.24, 12.40, 368.59, 0.02, 1.06, 903.13, 7.75, 1857.44, 38.84, 283.97, 23.59
1794.29, 23.13, 35.97, 742.37, 0.19, 9.80, 2024.69, 38.00, 4763.71, 335.00, 734.89, 256.74
2519.17, 56.16, 61.58, 977.86, 3.95, 29.26, 4188.09, 99.34, 11263.24, 1352.03, 1618.63, 827.79
2700.65, 50.17, 58.36, 964.94, 112.21, 30.08, 5340.81, 153.08, 11602.58, 1293.83, 1504.92, 1202.26
2171.39, 36.53, 52.46, 1277.51, 96.67, 3.69, 5824.60, 103.91, 8267.12, 1472.28, 1268.10, 323.03
1493.30, 47.28, 59.21, 1304.51, 40.20, 0.31, 3741.09, 101.57, 5901.61, 2112.14, 1125.28, 157.66
2274.05, 151.61, 95.45, 3500.11, 8.04, 0.33, 3302.39, 258.43, 5801.47, 1843.45, 1748.40, 110.06
650.12, 59.80, 41.73, 3929.66, 0.05, 0.00, 1287.63, 127.84, 3804.90, 811.71, 928.02, 30.27
244.95, 8.85, 22.18, 2331.75, 0.00, 0.00, 860.14, 24.10, 2533.11, 293.36, 480.52, 1.51
83.40, 0.61, 14.57, 1389.43, 0.00, 0.00, 607.24, 2.62, 1985.09, 86.10, 292.37, 0.35
33.04, 0.01, 9.30, 944.24, 0.00, 0.00, 434.96, 0.05, 1361.18, 24.03, 179.53, 0.00
420.79, 7.82, 19.37, 873.84, 0.00, 0.06, 1063.16, 16.27, 2024.48, 87.59, 428.08, 116.30
1956.15, 44.59, 45.69, 1473.20, 0.35, 2.60, 3066.83, 56.15, 4530.91, 289.01, 827.21, 147.32
1152.09, 22.18, 30.50, 645.43, 0.29, 9.00, 1233.89, 35.02, 1834.69, 79.99, 396.38, 106.66
2232.30, 49.29, 85.79, 1592.96, 1.80, 9.91, 2532.50, 133.41, 3836.00, 126.65, 1006.56, 30.36
3146.26, 44.03, 51.59, 1364.26, 103.92, 18.51, 8166.95, 132.62, 12400.09, 755.79, 2439.89, 967.26
5154.20, 111.93, 118.64, 2115.70, 353.71, 34.07, 12098.58, 220.23, 15494.03, 2515.11, 3549.10, 957.31
2849.14, 119.90, 102.77, 2402.48, 30.72, 4.32, 4072.22, 199.00, 7671.05, 1866.80, 1812.25, 297.20
5158.53, 252.74, 162.55, 5049.89, 54.43, 6.52, 6450.53, 397.08, 10151.70, 1975.14, 3985.56, 717.25
1778.70, 47.12, 52.91, 3554.98, 16.60, 0.00, 2994.79, 98.75, 6885.66, 1288.85, 1401.44, 205.40
688.33, 8.01, 32.05, 2050.90, 3.21, 0.00, 1590.73, 16.61, 3264.04, 495.78, 785.26, 41.21
275.00, 1.19, 23.65, 1392.88, 0.06, 0.00, 1249.77, 5.07, 2865.37, 162.02, 501.93, 25.59
73.01, 0.06, 15.31, 916.75, 0.00, 0.00, 896.08, 0.23, 1880.86, 33.15, 301.58, 3.39
1346.94, 30.74, 53.75, 2024.94, 2.15, 5.97, 2323.77, 50.72, 3930.07, 238.03, 817.14, 217.04
602.62, 1.71, 14.22, 578.18, 0.08, 0.08, 1425.14, 8.98, 2886.61, 155.63, 413.74, 67.78
2006.52, 46.99, 47.71, 1087.13, 3.06, 10.36, 2211.90, 58.67, 3615.40, 294.68, 796.78, 207.29
3134.77, 50.72, 64.61, 1217.91, 5.69, 21.20, 7190.17, 100.19, 16468.13, 2613.44, 2050.77, 1286.92
2452.83, 48.78, 64.48, 1594.98, 22.71, 19.88, 5977.50, 137.41, 14727.59, 2854.75, 1848.53, 1459.43
3551.22, 116.82, 72.85, 2406.20, 178.01, 22.64, 6729.15, 172.80, 13002.62, 2774.18, 2069.91, 881.80
5310.80, 119.67, 122.18, 3425.65, 158.84, 30.38, 9529.78, 230.38, 15898.92, 3660.36, 2923.64, 1136.76
5495.80, 117.52, 135.55, 3583.06, 162.60, 9.73, 7162.96, 256.67, 10596.88, 3323.25, 2607.24, 569.10
4314.02, 212.99, 153.24, 7276.38, 88.30, 0.30, 3943.85, 416.92, 7852.74, 3084.43, 2557.89, 283.55
1651.96, 31.09, 58.22, 4841.56, 35.97, 0.00, 2539.95, 92.68, 5291.55, 1235.71, 1258.26, 109.91
846.25, 6.62, 36.81, 2507.01, 12.15, 0.00, 1769.40, 17.32, 4457.62, 547.48, 760.54, 66.36
453.38, 0.46, 23.48, 1702.20, 4.32, 0.00, 1344.50, 1.83, 3953.89, 313.04, 459.43, 40.29
3395.75, 38.74, 100.79, 2018.25, 11.17, 9.08, 3605.54, 92.57, 5835.59, 572.80, 1656.00, 245.39
2684.66, 33.67, 55.87, 1440.79, 14.48, 14.28, 2967.01, 70.59, 4779.57, 571.14, 1554.00, 275.22
9526.95, 116.22, 283.97, 2895.46, 1554.80, 72.82, 11123.04, 398.63, 16483.01, 1793.10, 6524.68, 904.01
4992.64, 85.08, 151.50, 2309.40, 641.35, 32.83, 5559.75, 226.82, 8593.73, 1532.79, 3061.45, 499.25
5186.09, 89.45, 124.27, 2211.73, 501.65, 58.74, 7782.09, 140.72, 11634.40, 1980.69, 3152.57, 566.83
17318.93, 280.79, 400.59, 4124.60, 3291.32, 170.56, 17489.83, 497.74, 27127.71, 3161.02, 10580.98, 1876.07
10867.03, 225.55, 297.27, 5326.39, 1933.27, 20.76, 20358.16, 449.04, 17709.42, 3037.70, 8278.06, 730.45
9635.73, 226.07, 292.16, 5695.43, 1594.12, 9.31, 15417.14, 443.96, 14754.53, 4009.49, 7552.85, 495.47
9839.38, 353.76, 364.41, 8967.42, 1347.54, 5.80, 10105.05, 620.36, 11526.33, 3937.56, 9307.31, 446.42
4178.49, 113.94, 169.24, 8748.03, 648.83, 0.10, 6007.45, 268.02, 7904.85, 1882.36, 4300.34, 144.70
1980.01, 26.26, 80.56, 3809.90, 353.33, 0.00, 3881.15, 48.54, 6028.13, 897.93, 1979.95, 57.17
1220.58, 18.32, 58.45, 2568.99, 211.47, 0.00, 3072.09, 26.18, 4495.63, 424.62, 1345.42, 20.23
2479.36, 25.82, 65.49, 2305.02, 177.07, 3.29, 3725.58, 36.45, 4625.22, 495.52, 1503.94, 151.94
1612.00, 7.90, 43.77, 1462.46, 145.47, 1.48, 2587.41, 19.86, 4082.58, 401.62, 1012.99, 134.01
611.26, 0.16, 15.98, 791.05, 101.95, 0.00, 1129.44, 0.63, 1926.16, 212.43, 368.81, 42.17
2813.20, 43.92, 78.51, 1285.96, 72.22, 13.72, 4230.54, 106.04, 5645.51, 824.07, 1517.64, 223.50
1015.66, 10.92, 25.84, 686.08, 53.20, 3.65, 1607.65, 41.05, 3567.31, 746.63, 867.25, 123.74
7877.14, 48.83, 98.02, 1316.15, 146.64, 34.71, 12881.12, 152.29, 16534.42, 2279.72, 5444.44, 1113.01
8000.95, 132.60, 144.30, 2164.87, 472.85, 36.10, 11928.63, 295.04, 16300.06, 4254.48, 6489.72, 1085.97
3747.94, 75.00, 60.99, 2341.42, 65.38, 0.98, 4675.38, 131.14, 8539.53, 2374.43, 4045.06, 225.85
2482.19, 16.94, 40.91, 1551.28, 29.43, 0.85, 3546.45, 33.01, 6384.95, 1362.84, 2494.31, 140.06
1315.20, 1.09, 24.39, 960.06, 6.08, 0.00, 2166.80, 2.60, 3824.96, 588.54, 1307.33, 42.50
355.37, 0.01, 17.32, 661.32, 0.01, 0.00, 1509.53, 1.59, 3058.05, 118.18, 783.82, 4.42
123.41, 0.00, 10.99, 439.78, 0.00, 0.00, 1071.45, 0.02, 2180.39, 22.36, 472.79, 0.76
1018.31, 7.39, 23.08, 559.37, 0.43, 0.94, 1890.24, 12.21, 2834.94, 61.43, 739.42, 42.64
2208.54, 25.87, 52.35, 771.88, 0.62, 5.06, 3849.96, 63.55, 5760.09, 438.77, 2070.39, 364.70
7199.32, 86.47, 75.80, 2013.42, 12.66, 26.64, 13975.40, 142.12, 18300.56, 2402.45, 4683.30, 982.84
2350.24, 10.75, 29.63, 556.48, 65.34, 4.84, 4691.40, 57.18, 6950.73, 767.26, 1534.73, 410.16
1620.38, 7.27, 9.81, 488.14, 12.66, 1.88, 3119.48, 26.46, 6231.43, 638.22, 976.66, 243.29
2959.93, 64.62, 29.13, 1190.34, 3.43, 4.40, 4135.42, 86.76, 9964.93, 1946.56, 1382.63, 258.82
2445.63, 89.99, 21.11, 1445.66, 2.18, 3.39, 3022.77, 94.72, 8578.82, 2767.36, 1003.54, 265.20
1792.02, 95.08, 10.63, 1695.62, 0.11, 0.00, 1956.03, 79.86, 5978.55, 1603.32, 682.34, 77.44
1282.82, 17.40, 6.10, 1203.52, 0.00, 0.00, 1540.73, 14.66, 4601.24, 863.23, 576.40, 95.99
240.00, 3.69, 5.62, 753.17, 0.00, 0.00, 795.89, 6.25, 2824.10, 327.63, 193.25, 3.45
63.89, 0.33, 2.16, 490.09, 0.00, 0.00, 630.43, 1.51, 2287.53, 97.59, 126.28, 3.69
492.32, 4.84, 8.37, 432.92, 0.00, 0.02, 1194.04, 8.07, 2460.45, 97.66, 463.35, 41.72
182.86, 3.68, 6.66, 390.11, 0.00, 0.00, 540.68, 6.99, 1509.86, 71.80, 138.75, 1.53
655.44, 8.88, 12.83, 421.99, 0.00, 1.67, 1078.50, 13.72, 1624.21, 63.07, 273.02, 57.05
407.24, 5.28, 12.32, 336.15, 0.00, 1.14, 408.70, 12.26, 871.64, 23.37, 167.96, 7.23
190.69, 4.77, 15.92, 141.51, 0.00, 0.99, 450.99, 23.41, 690.68, 26.53, 258.12, 12.19
5274.45, 32.24, 89.18, 816.66, 10.43, 18.58, 4772.01, 81.74, 6986.48, 519.22, 3055.21, 390.27
3551.09, 37.73, 46.12, 855.45, 4.19, 8.97, 6393.86, 110.41, 11630.64, 1685.43, 3025.26, 656.36
3167.27, 61.81, 45.38, 1124.13, 7.88, 6.25, 4291.25, 152.06, 7280.63, 1100.24, 2095.88, 398.47
1509.17, 53.80, 22.72, 908.46, 0.55, 0.22, 1571.35, 76.93, 3537.70, 607.62, 1312.55, 61.12
581.78, 6.84, 6.68, 664.23, 0.00, 0.00, 784.23, 14.28, 2321.27, 237.02, 665.27, 15.71
347.96, 2.94, 15.96, 404.13, 0.00, 0.00, 676.12, 19.25, 1920.74, 13.57, 443.56, 0.96
158.40, 0.36, 4.68, 310.41, 0.00, 0.00, 1142.30, 1.90, 1687.93, 0.60, 392.08, 12.38
278.75, 1.81, 13.93, 253.59, 0.00, 0.04, 603.56, 6.45, 1960.69, 127.65, 263.60, 59.69
515.79, 2.04, 5.61, 232.68, 0.00, 0.01, 1176.96, 1.02, 3149.48, 162.54, 426.58, 148.90
1400.06, 17.84, 35.54, 635.06, 0.00, 2.49, 1630.07, 38.50, 3133.17, 274.37, 785.99, 142.32
4693.40, 38.02, 70.23, 992.05, 3.79, 14.09, 9526.91, 67.88, 18325.90, 2746.60, 3202.68, 1238.81
481.52, 1.80, 5.92, 271.07, 0.03, 0.06, 1558.05, 16.22, 5387.17, 1485.19, 992.54, 228.30
3012.15, 38.53, 70.97, 947.51, 87.81, 15.06, 7051.71, 126.58, 16394.53, 5996.06, 2307.02, 1278.94
1207.35, 14.62, 13.53, 353.35, 0.23, 0.62, 2131.32, 28.56, 6602.80, 2025.20, 837.26, 256.42
1687.18, 35.55, 36.43, 695.43, 1.18, 4.62, 2135.37, 66.79, 5705.80, 1423.28, 916.94, 200.74
1010.84, 44.34, 31.03, 809.59, 0.07, 0.58, 1642.67, 89.83, 6230.03, 930.17, 509.00, 109.70
664.87, 11.12, 13.28, 818.52, 0.00, 0.00, 868.91, 31.74, 3069.90, 456.56, 256.68, 37.85
224.71, 14.23, 16.91, 694.99, 0.00, 0.00, 979.48, 25.07, 3405.76, 133.55, 218.76, 26.07
29.74, 0.29, 3.81, 257.56, 0.00, 0.00, 368.43, 0.79, 1585.53, 6.18, 79.61, 13.10
17.62, 0.48, 2.66, 241.02, 0.00, 0.00, 351.45, 0.60, 1746.03, 15.97, 70.42, 25.49
570.98, 17.06, 23.25, 461.73, 0.00, 0.67, 775.44, 23.00, 1724.71, 12.75, 203.65, 115.78
1630.44, 31.82, 48.94, 911.20, 0.02, 5.87, 1906.25, 47.61, 2636.04, 37.17, 625.29, 49.35
3939.55, 34.59, 68.61, 1052.97, 9.58, 22.01, 3888.68, 79.03, 8347.33, 495.96, 1687.67, 380.35
4863.22, 53.56, 100.24, 1129.52, 363.43, 58.75, 9251.50, 187.37, 21086.36, 2524.41, 3955.95, 1562.54
7005.60, 64.51, 125.79, 1981.59, 623.65, 13.87, 8426.49, 191.45, 15910.35, 2924.03, 2625.83, 625.04
12794.19, 211.94, 253.86, 3924.50, 1005.34, 63.10, 21674.58, 439.50, 29853.37, 5520.30, 9456.43, 1872.66
5943.15, 180.48, 135.02, 3919.78, 94.32, 10.19, 7227.28, 302.81, 12640.88, 4016.35, 4475.72, 445.56
4149.38, 158.78, 98.06, 3593.86, 75.15, 0.63, 5300.87, 238.50, 10968.07, 2294.20, 3072.63, 276.65
2183.18, 99.82, 49.65, 4632.85, 33.96, 0.00, 3334.23, 93.92, 7560.22, 1360.61, 1596.81, 169.90
1045.74, 15.33, 32.24, 2234.84, 9.95, 0.00, 2103.29, 17.31, 4634.11, 582.81, 925.97, 54.36
348.14, 2.41, 21.01, 1471.55, 0.47, 0.00, 1524.31, 1.72, 3603.62, 144.06, 564.92, 9.72
191.57, 0.60, 13.73, 1020.94, 0.17, 0.00, 1114.09, 1.30, 2649.25, 55.67, 347.70, 4.78
3775.07, 41.99, 97.93, 1260.14, 7.27, 11.77, 4397.74, 88.31, 8976.79, 774.29, 2011.86, 360.24
3339.80, 24.35, 38.01, 1218.81, 8.52, 6.82, 3547.90, 31.95, 10301.15, 1350.63, 1629.76, 336.74
7357.54, 99.52, 149.01, 2328.97, 393.44, 27.73, 8668.16, 238.60, 14967.95, 1915.51, 4428.58, 832.52
19259.24, 268.92, 353.15, 4383.80, 3072.72, 194.93, 18453.01, 539.52, 26225.45, 2108.28, 12100.65, 1962.34
31664.30, 394.46, 606.75, 7646.92, 5745.94, 186.35, 42975.53, 773.58, 39844.17, 6209.63, 25542.24, 3028.04
14377.83, 310.64, 413.95, 6745.96, 2692.69, 43.79, 28127.55, 538.79, 27734.83, 5553.65, 9343.89, 1222.75
15592.07, 364.89, 430.38, 7767.88, 2864.41, 58.42, 24501.15, 551.15, 28917.96, 6490.83, 13244.75, 1446.32
9903.70, 435.35, 354.70, 9455.42, 1970.65, 3.44, 11933.23, 618.62, 13695.00, 5613.66, 7716.19, 468.91
4828.13, 341.53, 227.50, 12460.87, 1020.33, 0.21, 8309.34, 550.01, 10868.25, 2640.15, 5704.52, 302.93
2257.35, 71.22, 101.87, 6197.40, 515.17, 0.00, 5581.04, 124.52, 7529.95, 1237.85, 2471.60, 144.38
1073.02, 26.79, 67.74, 3347.17, 259.13, 0.00, 4106.51, 29.26, 6122.43, 472.23, 1412.80, 56.81
819.55, 15.11, 48.83, 2486.32, 170.58, 0.00, 3331.13, 20.75, 4586.69, 266.24, 978.65, 49.46
774.05, 4.93, 35.86, 1588.51, 128.78, 0.06, 2402.85, 6.19, 3609.41, 229.22, 642.43, 82.90
5321.55, 34.67, 88.07, 1603.94, 129.71, 10.29, 7073.99, 86.92, 9306.47, 522.56, 3377.82, 320.01
1157.93, 4.74, 17.33, 854.56, 102.00, 0.20, 1847.24, 13.67, 2443.95, 195.96, 1006.08, 42.36
3650.77, 38.14, 71.52, 1236.68, 81.28, 11.04, 4824.19, 105.17, 7731.96, 351.70, 2351.35, 188.01
1162.02, 5.50, 10.55, 547.82, 51.11, 0.64, 1703.20, 19.01, 2816.98, 410.41, 1109.10, 34.78
9916.23, 125.40, 209.02, 2858.09, 989.10, 58.52, 12063.12, 359.11, 12891.82, 1181.56, 5756.54, 500.22
8945.34, 279.88, 220.29, 4307.69, 610.07, 28.65, 9668.01, 459.20, 12964.29, 2401.85, 7019.78, 437.33
4310.92, 136.95, 85.34, 3386.53, 71.08, 0.35, 4442.03, 212.88, 8892.75, 1140.09, 3428.99, 114.99
2207.90, 32.34, 44.31, 2884.68, 26.50, 0.00, 2636.03, 42.45, 4344.57, 620.03, 1728.05, 21.86
986.24, 5.46, 32.24, 1704.92, 3.09, 0.00, 1718.30, 8.67, 3017.52, 171.18, 1039.63, 3.16
333.31, 0.36, 20.11, 1100.25, 0.00, 0.00, 1198.72, 0.35, 2184.55, 17.17, 627.37, 0.01
171.18, 0.11, 13.23, 756.92, 0.00, 0.00, 857.95, 0.43, 1623.29, 3.35, 384.23, 2.10
