Year, Month, BearRiver, CacheCreek, CalaverasRiver, ChowchillaRiver, CosumnesRiver, FresnoRiver, MokelumneRiver, PutahCreek, StonyCreek
1922, 10,       1.030017,       1.129307,       0.000405,       0.000000,       0.625838,       0.007645,       2.358558,       0.208890,       1.669801
1922, 11,       4.039946,       3.409119,       0.137975,       0.000026,       1.771014,       0.117625,       6.149068,       3.869063,       6.569892
1922, 12,      54.006610,      13.171552,      19.377538,      11.073206,      23.812368,      14.473672,      41.015743,      28.941126,      38.148138
1922,  1,      37.763658,       2.149686,      24.858005,       9.669589,      10.543349,       8.574801,      28.966236,       7.021041,      23.617124
1922,  2,     261.717186,      22.204860,     105.221071,      58.382948,     111.080292,      53.697844,      92.210796,      42.224227,     118.268731
1922,  3,     139.954263,      23.173341,      66.026410,      45.358670,      89.537471,      44.894066,      82.677365,      12.021880,      46.648823
1922,  4,      86.987946,      12.977762,      16.903810,      13.695125,      60.318649,      18.869437,      68.517129,       1.687684,      19.142066
1922,  5,      40.981038,       5.406611,       1.219779,       4.377497,      20.724545,      13.544991,     154.614909,       0.482683,       5.250270
1922,  6,       7.738500,       1.664352,       0.000000,       0.187090,       3.047509,       3.935688,      87.493574,       0.000000,       0.581868
1922,  7,       0.005233,       0.098739,       0.000000,       0.000000,       2.007428,       0.295217,      26.249200,       0.000000,       0.000763
1922,  8,       0.000000,       0.083284,       0.000000,       0.000000,       0.318930,       0.018127,       7.682063,       0.000000,       0.259799
1922,  9,       0.000000,       0.000008,       0.000000,       0.000000,       0.004090,       0.000000,       1.425638,       0.000000,       0.010928
1923, 10,       4.056475,       5.133634,       0.238080,       0.027913,       2.657609,       0.251398,       5.435417,       5.718552,       9.886141
1923, 11,      25.871756,      10.367558,       7.624182,       3.977247,      19.913859,       5.374053,      18.352679,      21.481844,      24.129482
1923, 12,     154.630248,      22.007093,      63.604258,       6.409454,      63.940128,       9.144869,      74.615581,      59.280404,      90.777275
1923,  1,      95.666155,      26.286015,      60.871006,      17.282901,      92.082965,      17.667100,      75.775293,      24.159203,      67.836180
1923,  2,      54.895784,      21.364677,      15.445442,       9.913806,      63.079697,       9.476815,      60.109263,       6.655433,      23.939962
1923,  3,      22.700512,      10.385241,       1.215171,       1.680662,      21.031468,       4.827690,      50.528241,       0.156785,       3.260621
1923,  4,      88.812904,      24.830157,      41.414527,      24.876433,      66.569330,      31.778425,     108.331408,      17.128714,      56.815216
1923,  5,      12.121351,       8.699840,       0.473295,       1.758211,      13.528248,       5.490041,     160.112257,       0.007153,       3.635753
1923,  6,       5.197645,       3.140583,       0.001653,       0.081537,       2.999406,       1.912134,      45.205616,       0.114242,       2.492814
1923,  7,       0.061297,       0.347636,       0.000000,       0.000000,       0.164787,       0.037591,      14.744072,       0.000000,       0.172601
1923,  8,       0.000000,       0.015110,       0.000000,       0.000000,       0.433892,       0.000000,       5.243815,       0.015257,       0.000000
1923,  9,       4.115850,       5.263312,       0.783561,       0.060729,       4.200012,       0.661772,      10.375343,       2.673921,       8.620463
1924, 10,       2.310263,       0.934181,       0.067164,       0.007757,       1.487583,       0.102709,       4.946178,       0.136936,       3.917424
1924, 11,       0.874088,       1.104108,       0.000266,       0.000000,       0.444854,       0.072779,       2.305559,       0.338139,       1.854420
1924, 12,       8.676150,       3.071084,       1.048865,       0.068815,       5.298506,       0.024485,       6.447361,       4.301248,       8.289187
1924,  1,      12.382661,       8.667917,       3.036133,       1.522891,       8.683214,       1.513616,       9.043344,      15.442359,      20.382161
1924,  2,      25.620136,       7.633030,       3.722528,       0.041806,       6.653940,       0.181574,      29.730970,      13.949190,      32.049432
1924,  3,      13.952779,       2.977447,       2.653559,       3.106563,       6.548099,       4.482184,      32.102391,       3.601700,       7.070804
1924,  4,       8.352429,       0.744108,       0.927998,       0.202469,       3.047226,       0.427314,      53.670098,       0.193215,       2.485095
1924,  5,       0.438353,       0.664377,       0.000011,       0.000000,       0.101545,       0.022763,      36.868560,       0.013194,       1.026841
1924,  6,       0.000001,       0.164058,       0.000000,       0.000000,       0.000001,       0.000000,       9.276067,       0.000000,       0.835230
1924,  7,       0.000000,       0.203352,       0.000000,       0.000000,       0.000000,       0.000000,       2.219939,       0.000000,       1.775962
1924,  8,       0.000000,       0.145618,       0.000000,       0.000000,       0.000000,       0.000000,       0.281194,       0.000000,       1.340835
1924,  9,       0.000000,       0.136724,       0.000000,       0.000000,       0.015194,       0.000000,       1.230873,       0.000000,       1.158033
1925, 10,      14.570283,       9.601253,       1.811040,       0.996454,       6.273736,       1.367757,      14.620875,      13.354327,      20.969033
1925, 11,      10.138639,       2.970474,       2.396559,       4.217890,       9.790186,       6.394867,      13.732163,       8.199358,      23.139657
1925, 12,      37.556364,      14.150861,      10.325492,       2.647481,      13.995522,       4.063424,      22.529629,      27.707650,      85.473770
1925,  1,      30.276134,       8.886541,       8.061073,       0.548959,       7.921735,       1.382554,      10.533777,       9.863612,      30.473590
1925,  2,     158.803180,      68.309941,      63.677872,      22.355582,      72.765200,      25.141147,     110.024062,     114.778309,     182.541839
1925,  3,      50.373051,      49.164636,      21.039906,      11.258764,      25.832844,      18.264745,      61.315741,      15.118671,      36.249927
1925,  4,      75.230562,      46.900269,      42.522249,      19.174161,      72.863675,      26.876363,     116.981607,      14.824940,      72.374686
1925,  5,      28.415846,      49.279614,       2.616344,       2.725639,      23.293936,       9.196887,      73.780442,      22.273657,      45.354591
1925,  6,      11.159875,      27.445222,       0.042422,       0.298257,       6.354672,       3.251526,      24.788623,       0.216903,       5.229993
1925,  7,       0.020797,       8.923564,       0.000000,       0.000000,       0.755548,       0.165450,       8.073724,       0.000000,       0.059505
1925,  8,       0.026774,       1.814183,       0.000000,       0.000000,       0.185119,       0.003137,       3.182560,       0.000000,       0.075576
1925,  9,       0.106220,       2.546816,       0.000000,       0.000000,       0.149579,       0.000000,       1.869387,       0.413339,       2.934417
1926, 10,       5.762225,       0.221339,       0.120115,       0.223863,       1.995869,       1.173170,       5.667335,       0.019471,       0.803206
1926, 11,       7.571006,       4.531092,       0.148721,       0.053416,       3.198173,       0.367842,       7.632202,       5.839060,       4.875333
1926, 12,      12.393328,       3.852291,       2.005595,       0.998795,       7.032614,       1.417455,      10.407478,       5.219057,      10.998701
1926,  1,      15.071221,      17.668359,       2.578493,       3.933222,       3.356595,       4.151935,      23.859084,      34.097088,      19.452820
1926,  2,     144.620528,      50.196961,      47.101717,      14.327262,      43.770447,      29.302044,      66.454050,      77.016547,     137.765747
1926,  3,      23.559410,      25.834229,       4.283547,       1.310987,       5.902589,       6.123480,      37.420654,       1.502766,      11.916509
1926,  4,      90.838285,      50.303650,      15.234563,      18.809026,      32.773789,      37.808954,      52.613316,      54.157216,      72.893398
1926,  5,      16.853522,      19.807471,       0.049737,       0.590115,       5.221767,       6.031237,      15.435017,       1.182133,       5.804401
1926,  6,       0.114364,       5.320218,       0.000000,       0.000000,       0.181803,       0.622221,       3.375963,       0.000000,       0.039559
1926,  7,       0.000000,       0.515118,       0.000000,       0.000000,       0.000000,       0.004727,       0.435341,       0.000000,       0.000000
1926,  8,       0.000000,       0.014701,       0.000000,       0.000000,       0.000000,       0.000000,       0.000000,       0.000000,       0.205896
1926,  9,       0.000000,       0.016912,       0.000000,       0.000000,       0.000000,       0.000000,       0.000000,       0.000000,       0.053118
1927, 10,       7.594398,       3.720719,       0.410469,       0.000000,       3.128214,       0.000000,       4.178886,       3.198721,       5.651121
1927, 11,      64.030984,      20.405218,      14.776208,       5.395145,      25.682121,       8.130817,      59.563375,      54.042136,      32.107556
1927, 12,      27.530964,      14.520528,      10.396806,       0.714670,       9.743624,       1.805175,      18.101951,      17.266461,      68.357436
1927,  1,      81.363707,      31.541722,      21.499076,       2.898948,      23.862064,       6.809129,      38.976069,      29.490689,      61.728947
1927,  2,     262.833383,      88.897884,      62.847273,      37.392062,     103.135652,      55.988880,     104.270879,     126.413337,     167.601328
1927,  3,      77.648672,      76.208135,      17.079721,       9.117832,      47.756237,      22.890841,      85.302289,      19.894178,      41.122309
1927,  4,     147.171751,      44.675427,      32.001424,      26.478349,      83.655335,      46.782547,     137.452924,      36.834759,      28.772876
1927,  5,      24.324299,      17.804843,       0.276362,       1.889284,      15.690444,      11.503944,      46.235128,       1.180750,       3.809395
1927,  6,       5.873715,       6.379140,       0.004339,       0.049531,       3.528044,       3.208485,      17.331810,       1.387286,       1.672802
1927,  7,       0.007489,       1.079143,       0.000000,       0.000000,       0.000000,       0.174892,       2.833933,       0.006420,       0.009301
1927,  8,       0.000000,       0.043704,       0.000000,       0.000000,       0.000000,       0.000806,       0.410569,       0.000000,       0.000592
1927,  9,       0.004872,       0.001105,       0.000000,       0.000000,       0.000000,       0.000000,       0.127594,       0.000000,       0.000144
1928, 10,       2.671104,       2.781914,       0.584196,       1.817225,       3.527401,       2.086515,      11.154268,       3.839049,       3.034049
1928, 11,      30.773577,       8.645198,       4.236032,       1.553566,      12.507998,       4.245435,      15.959252,      21.314791,      18.885898
1928, 12,      26.443083,      10.950510,       8.730672,       2.984698,       7.937083,       2.597369,      15.931493,      17.533441,      33.018931
1928,  1,      26.807654,       7.191054,       6.457422,       1.166859,      10.273336,       2.427064,      12.413794,      12.833079,      38.649954
1928,  2,      36.476752,      21.297465,      16.548290,       3.768716,      12.161366,       4.873418,      22.239878,      19.021875,      68.629752
1928,  3,     209.884799,      32.074424,      62.665985,      28.600294,      98.326140,      31.116454,     144.706796,      31.713265,      64.998791
1928,  4,      75.215816,      40.500082,      23.696101,      12.317393,      57.801041,      18.163527,     100.101752,      12.487255,      37.048192
1928,  5,      13.992287,      15.129369,       0.090484,       0.647268,      10.438300,       4.464254,      37.643917,       0.600662,       2.846074
1928,  6,       0.779112,       4.560905,       0.000000,       0.001581,       0.770831,       0.719680,      10.029742,       0.000000,       0.062450
1928,  7,       0.000519,       0.691762,       0.000000,       0.000000,       0.021346,       0.021458,       2.228120,       0.000000,       0.000071
1928,  8,       0.000000,       0.012687,       0.000000,       0.000000,       0.000000,       0.000000,       0.057906,       0.000000,       0.000000
1928,  9,       0.005201,       0.014978,       0.000000,       0.000000,       0.000000,       0.000000,       0.000000,       0.000000,       0.011577
1929, 10,       0.079284,       0.211377,       0.000000,       0.000000,       0.000000,       0.000000,       0.146054,       0.002040,       0.277825
1929, 11,      17.032710,       7.946513,       2.919965,       2.029407,       9.317067,       3.326722,       9.935259,      15.579570,      17.765938
1929, 12,      18.062214,       8.304252,       3.481533,       1.036572,       8.597586,       2.212410,       9.260345,      20.118393,      18.496873
1929,  1,      10.993553,       2.523757,       6.736717,       1.843531,       8.524705,       1.764007,       9.962775,       4.320412,       9.447913
1929,  2,      37.588253,       5.696864,      12.119107,       1.729605,      10.028684,       2.617227,      12.625839,      11.774160,      30.483024
1929,  3,      29.628326,       3.714364,       8.233113,       4.440817,      12.010421,       8.279214,      21.349416,       8.259545,       8.092260
1929,  4,      32.899998,       2.635810,      12.139875,       8.147832,      21.996729,      11.654209,      34.188765,       2.795913,       3.310011
1929,  5,       5.868489,       0.279303,       0.093438,       0.126661,       3.905159,       1.784210,      80.697191,       0.000000,       0.124554
1929,  6,      12.329499,       2.803384,       1.150755,       1.443596,      11.919075,       3.858298,      44.839579,       4.677159,       3.186348
1929,  7,       0.017339,       0.000262,       0.000000,       0.000000,       0.181657,       0.014647,      13.174866,       0.000000,       0.000000
1929,  8,       0.000000,       0.000000,       0.000000,       0.000000,       0.012998,       0.000000,       3.106609,       0.000000,       0.000000
1929,  9,       0.000000,       0.000000,       0.000000,       0.000000,       0.000000,       0.000000,       0.465529,       0.000000,       0.000000
1930, 10,       0.003658,       0.000737,       0.000000,       0.000000,       0.019328,       0.000000,       0.461367,       0.000000,       0.005950
1930, 11,       0.000000,       0.000000,       0.000000,       0.000000,       0.000000,       0.000000,       0.000000,       0.000000,       0.000000
1930, 12,      67.887297,      19.198418,       3.070090,       0.095936,      14.234207,       0.427568,      18.899287,      45.630030,      38.293983
1930,  1,      76.823792,      16.787920,      23.144763,       5.375175,      18.180805,       6.321433,      21.398434,      35.401995,      31.004709
1930,  2,      43.857638,      15.974775,      20.854416,       3.535474,      21.506576,       5.179678,      36.114067,      21.006056,      47.662760
1930,  3,     101.293273,      31.306196,      45.290581,       7.092929,      60.834916,       9.852836,      77.169761,      30.685600,      77.361431
1930,  4,      36.456168,      15.577564,       5.619481,       2.758303,      22.898910,       5.511012,      91.970217,       7.498458,      13.973301
1930,  5,      16.649413,       6.545168,       1.719356,       0.924429,      12.873739,       5.287013,     124.195895,       2.001945,       4.861592
1930,  6,       1.505728,       1.662079,       0.002860,       0.000098,       1.479192,       0.549893,      84.363016,       0.003796,       0.510583
1930,  7,       0.000010,       0.201180,       0.000000,       0.000000,       0.003347,       0.002031,      19.865198,       0.000000,       0.000000
1930,  8,       0.000000,       0.004330,       0.000000,       0.000000,       0.051443,       0.000000,       6.313400,       0.000000,       0.000000
1930,  9,       0.015475,       0.362811,       0.000932,       0.007733,       0.021695,       0.034476,       4.205977,       0.005448,       0.862073
1931, 10,       0.176886,       1.039193,       0.024237,       0.000000,       0.749989,       0.105092,       2.763118,       1.725832,       1.617115
1931, 11,      17.819511,       3.119510,       4.017918,       3.148609,      11.955764,       4.971845,      15.502295,       5.244396,       5.000326
1931, 12,       1.147055,       1.487169,       0.124231,       0.002158,       0.133038,       0.015379,       0.609347,       1.861787,       1.305049
1931,  1,      28.775171,      15.033103,      15.716244,       2.974302,      14.310381,       2.805102,      20.329604,      27.793149,      39.173539
1931,  2,      19.073629,       4.110737,      11.006425,       1.623128,       9.886297,       2.290657,      19.206599,       4.816175,      12.076519
1931,  3,      29.426151,       7.872563,       7.049984,       0.714336,      11.077384,       1.655549,      30.755150,       9.669274,      11.664772
1931,  4,       9.350223,       3.405733,       0.420512,       0.271933,       2.972214,       0.887923,      51.052400,       0.304911,       3.144811
1931,  5,       3.844519,       5.182865,       0.226380,       0.403346,       2.225773,       2.013680,      55.061685,       3.716831,      10.826936
1931,  6,       2.498929,       2.728948,       0.088653,       0.000205,       2.708196,       0.109303,      19.647180,       1.247440,       5.321272
1931,  7,       0.004651,       0.032608,       0.000000,       0.000000,       0.000000,       0.000000,       5.040951,       0.000000,       0.011140
1931,  8,       0.000000,       0.000185,       0.000000,       0.000000,       0.011352,       0.000000,       1.522207,       0.000000,       0.000000
1931,  9,       0.168582,       0.019353,       0.000000,       0.000000,       0.003287,       0.000000,       1.075061,       0.000000,       0.274265
1932, 10,      11.424529,       1.824341,       0.120347,       0.000000,       2.310449,       0.000215,       5.905466,       3.510782,       2.062656
1932, 11,      14.905414,       2.679316,       4.217177,       3.112576,      11.124929,       3.659566,      13.614471,       7.019846,       3.988571
1932, 12,      84.063516,      20.926705,      40.870584,      23.528858,      25.745440,      33.077857,      39.261238,      83.630687,      62.712583
1932,  1,      78.482116,      11.496057,      43.618791,      33.676712,      25.062630,      29.696518,      23.104797,      27.596829,      50.849055
1932,  2,     112.728929,      10.572156,      80.039519,      97.217501,      75.899124,     115.380936,      53.355193,      16.032135,      20.359902
1932,  3,      40.964304,       4.911667,       5.969075,      13.563699,      22.626411,      34.462128,      59.184941,       3.248059,      17.411541
1932,  4,      45.716006,       3.612488,       4.146938,       5.626293,      26.381395,      20.051452,      65.159588,       2.520449,       6.377023
1932,  5,      29.488544,       3.174550,       2.946298,       1.545166,      22.826663,      15.041535,     170.084610,       3.157580,      10.122454
1932,  6,       8.587635,       0.181957,       0.047273,       0.024631,       4.089700,       4.372712,     121.574225,       0.062569,       1.658866
1932,  7,       0.029022,       0.034659,       0.000000,       0.000000,       0.612376,       0.432383,      27.527304,       0.000000,       0.050828
1932,  8,       0.000000,       0.000199,       0.000000,       0.000000,       0.003699,       0.010778,       7.645576,       0.000000,       0.000000
1932,  9,       0.000000,       0.022375,       0.000000,       0.000000,       0.000000,       0.000000,       1.763711,       0.000000,       0.000000
1933, 10,       0.115280,       0.000148,       0.000000,       0.000000,       0.000000,       0.000000,       0.316284,       0.000000,       0.003429
1933, 11,       0.842437,       2.444988,       0.089666,       0.294424,       0.125326,       0.058218,       2.490145,       2.271746,       1.414544
1933, 12,      13.587536,       8.016350,       2.685848,       0.771192,       9.536689,       2.338205,       5.037174,      15.592471,      18.159070
1933,  1,      33.682630,      11.658332,      18.884537,       9.502861,      13.370619,      12.915401,      10.939964,      34.920117,      34.340211
1933,  2,      16.299042,       3.588699,      14.121018,       1.292696,       5.380923,       1.903364,       6.279214,       7.392990,      16.915563
1933,  3,      55.869498,       9.777202,      24.243995,       6.998920,      16.452815,      15.090488,      31.448240,      23.997472,      28.362107
1933,  4,      15.840476,       3.710220,       1.892869,       0.703009,      10.085362,       4.974314,      44.534572,       0.498395,       4.534491
1933,  5,      30.003665,       4.112860,      10.881262,       1.654241,      23.645717,       9.169726,      87.936705,       3.959720,       8.099548
1933,  6,       2.208880,       0.569497,       0.025177,       0.046427,       3.661510,       2.413477,     177.889858,       0.040035,       0.191839
1933,  7,       0.004393,       0.065041,       0.000000,       0.000000,       0.276045,       0.183631,      37.596542,       0.000000,       0.001020
1933,  8,       0.000000,       0.000252,       0.000000,       0.000000,       0.047365,       0.006059,      11.974615,       0.000000,       0.000000
1933,  9,       0.019482,       0.040362,       0.000000,       0.000000,       0.329898,       0.000000,       4.253893,       0.000000,       0.073302
1934, 10,       7.127613,       3.691147,       1.792875,       0.291734,       0.810615,       0.573826,      14.169412,       7.213281,       2.521862
1934, 11,       8.767752,       0.160474,       1.154539,       0.032810,      10.333857,       0.832271,       1.171116,       0.723517,       3.607318
1934, 12,      39.042873,      18.115823,      19.519650,       4.904585,      21.266495,       7.593524,      22.883843,      36.196795,      44.212525
1934,  1,      48.217303,       4.441327,      19.983478,       2.372033,      15.266443,       4.785113,      20.779748,      10.946149,      42.275090
1934,  2,      50.344831,      15.036710,      29.890490,       6.348301,      24.062177,      14.075204,      42.059834,      28.941848,      44.507617
1934,  3,      24.979531,      11.610256,       4.567549,       1.140963,      11.496450,       3.738388,      61.597070,       2.393414,      18.822062
1934,  4,       9.594006,       6.558290,       0.013262,       0.004533,       2.357457,       1.176774,      40.772511,       1.766677,       8.554632
1934,  5,       5.929216,       3.793596,       0.515677,       0.026942,       3.244901,       0.650277,      21.786957,       1.395331,       4.562319
1934,  6,       2.212338,       1.842751,       0.015839,       0.002148,       1.666731,       0.273019,      13.380833,       1.313071,       1.219934
1934,  7,       0.001655,       0.080388,       0.000000,       0.000000,       0.001728,       0.000000,       3.169229,       0.000000,       0.004623
1934,  8,       0.000000,       0.000135,       0.000000,       0.000000,       0.038430,       0.000000,       1.739753,       0.000000,       0.000000
1934,  9,       1.370653,       0.076289,       0.123435,       0.000000,       1.297320,       0.028368,       4.074704,       0.000000,       0.118626
1935, 10,       3.328562,       3.622657,       0.447059,       0.442404,       1.196859,       1.061254,       7.527756,       3.277682,       2.956472
1935, 11,      24.316853,       9.928512,       5.932697,       2.422406,      15.100783,       5.539132,      19.452265,      18.400308,      28.905179
1935, 12,      16.200921,       5.281598,       7.029715,       4.025636,       7.874662,       6.074233,      10.092246,      11.437293,      16.212703
1935,  1,      85.031169,      31.160216,      38.865784,      24.548614,      31.935847,      39.537703,      29.038751,      50.472861,      82.085745
1935,  2,      38.416262,      16.845907,      12.100417,      14.432867,      14.679677,      26.121127,      19.360339,       8.506329,      21.667414
1935,  3,     111.439664,      48.192008,      40.727783,      39.116379,      46.170637,      56.191250,      44.951051,      49.280305,      80.692246
1935,  4,     144.888407,      41.840589,      87.226796,      59.199101,     128.749253,      80.403336,     205.931787,      34.520131,      64.004801
1935,  5,      32.356411,      18.221031,       8.180864,      10.384952,      36.526625,      29.372791,     191.053949,       0.352112,       7.088541
1935,  6,       3.230109,       5.898274,       0.005123,       0.232764,       6.488967,       8.089035,     177.933098,       0.000000,       0.114981
1935,  7,       0.318929,       1.215642,       0.000000,       0.000000,       0.494549,       1.465538,      37.525859,       0.000000,       0.023643
1935,  8,       0.000000,       0.079305,       0.000000,       0.000000,       0.187921,       0.026765,      12.712917,       0.024550,       0.004098
1935,  9,       0.000000,       0.216913,       0.000000,       0.000000,       0.012634,       0.000000,       3.012137,       0.000000,       0.780870
1936, 10,       4.646994,       2.112637,       0.165220,       0.221471,       3.296507,       0.734856,       8.394903,       2.079735,       3.482033
1936, 11,       5.672490,       3.454892,       0.939483,       0.570672,       5.272831,       1.371093,       4.414291,       4.064676,       5.872390
1936, 12,      10.054265,       6.388785,       1.719911,       1.623235,       4.567537,       2.014617,       5.205211,       8.788837,      10.826887
1936,  1,     147.555348,      20.746691,      52.281161,       5.594730,      47.385805,       7.761436,      66.946492,      29.518594,      84.214177
1936,  2,     286.822155,      48.670351,     214.159582,     127.370679,     236.751506,     131.450205,     242.995641,      89.046314,     107.217879
1936,  3,      59.221507,      37.028621,      17.715797,      23.477762,      67.162692,      28.972748,     129.096516,       8.125576,      24.934909
1936,  4,     103.786392,      27.375383,      38.346690,      25.302683,      76.473157,      47.396895,     167.829159,       8.172434,      40.351547
1936,  5,      22.355660,      11.127754,       0.223238,       2.244569,      14.510042,      14.294567,     197.173682,       1.055369,       4.326263
1936,  6,      12.070336,       7.305467,       1.143553,       0.373049,      11.454831,       5.818243,     165.921308,       3.426323,       6.956740
1936,  7,       0.022716,       0.989394,       0.005677,       0.000009,       0.141302,       0.575451,      39.270700,       0.000000,       0.533894
1936,  8,       0.000000,       0.032186,       0.000000,       0.000000,       0.001962,       0.000000,      12.209221,       0.000000,       0.000000
1936,  9,       0.158883,       0.032323,       0.000000,       0.000000,       1.214716,       0.001163,       4.802453,       0.000000,       0.765421
1937, 10,       0.033099,       0.582968,       0.081968,       0.432257,       0.086757,       0.635833,       3.719663,       0.282718,       0.141447
1937, 11,       0.167917,       0.021790,       0.256070,       0.057045,       0.707100,       1.419368,       1.401366,       0.009704,       0.284801
1937, 12,      14.917732,       4.056601,       6.376658,       8.183265,      10.581115,       9.814429,      11.774600,       8.598092,       7.801386
1937,  1,      30.961055,       7.210658,      26.331536,       6.938951,      10.143715,      10.794301,       9.434638,      18.563275,       7.040148
1937,  2,     148.727535,      28.086804,     115.820513,      96.264384,      63.448475,     120.398434,      62.967471,      58.765665,      82.687101
1937,  3,     167.481876,      34.704339,     125.540829,      55.230405,     115.923622,      76.816083,     118.943508,      49.747114,     110.234463
1937,  4,      70.437771,      23.812102,      19.115168,      17.644017,      69.736603,      34.699503,     103.179394,       4.558165,      29.384664
1937,  5,      22.740133,       8.749698,       0.399638,       2.768243,      39.703119,      18.927558,     215.859126,       0.050577,       7.865845
1937,  6,       7.219666,       5.631846,       0.159473,       0.005540,       8.830063,       5.532101,     190.386508,       2.711949,       5.860873
1937,  7,       0.004718,       0.609815,       0.000000,       0.000000,       1.622712,       0.478440,      43.062938,       0.000672,       0.233620
1937,  8,       0.000000,       0.014499,       0.000000,       0.000000,       0.040189,       0.035953,      12.689877,       0.000000,       0.008053
1937,  9,       0.000000,       0.000018,       0.000000,       0.000000,       0.000000,       0.000347,       3.412688,       0.000000,       0.000000
1938, 10,       3.863276,       2.459594,       0.063845,       0.000000,       1.466316,       0.018489,       5.977073,       0.588329,       3.776747
1938, 11,      29.820536,      15.662717,       1.182346,       0.411268,       7.751238,       0.973152,      12.413284,      18.552146,      37.427153
1938, 12,      96.202581,      44.713531,      25.800867,      11.605189,      20.986930,      17.890913,      72.024596,      38.303396,      80.053464
1938,  1,      56.921778,      36.016149,      23.767106,      15.433647,      13.269528,      24.091797,      53.845176,      25.100873,      52.346024
1938,  2,     349.926944,     126.782068,     165.942824,     121.652314,     151.410309,     149.080366,     131.904272,     148.632788,     178.856853
1938,  3,     293.880310,     132.121551,     185.437634,     160.651378,     214.867904,     204.819869,     218.016365,     109.751946,     171.993020
1938,  4,      85.433814,      72.202563,      29.251454,      33.704191,     101.527062,      59.470218,     168.046090,      21.182283,      37.554120
1938,  5,      34.905365,      28.711555,       5.954016,      11.214083,      59.565093,      38.362713,     306.579649,       1.323701,       5.959904
1938,  6,       2.521528,      10.057894,       0.000000,       0.443873,      10.310814,      14.238512,     259.140751,       0.000000,       0.189808
1938,  7,       0.000895,       2.288275,       0.051776,       0.000000,       4.844494,       2.449607,      60.452050,       0.000000,       0.000000
1938,  8,       0.000000,       0.189181,       0.000014,       0.000000,       0.275783,       0.079953,      18.145004,       0.000000,       0.000000
1938,  9,       0.011872,       2.466613,       0.000000,       0.000000,       0.131715,       0.023477,       6.616835,       0.998411,       0.920376
1939, 10,       4.083382,       3.611323,       0.516255,       0.677928,       3.227806,       0.987105,      13.405663,       2.732318,       4.586366
1939, 11,       5.819469,       3.774846,       0.934913,       0.084199,       5.128035,       1.484411,       6.630516,       5.075919,       4.071670
1939, 12,       8.467177,       4.465392,       1.204876,       0.492836,       4.105271,       1.692771,       7.444464,       6.001904,      10.332295
1939,  1,      16.366589,       6.494174,       6.044747,       3.258695,       7.496662,       4.653632,      15.547173,      13.382434,       8.712101
1939,  2,      31.637710,       3.897087,      22.623715,       2.855478,      12.231089,       6.395224,      12.017365,       5.479592,       5.395036
1939,  3,      56.230418,       6.909287,      15.975052,       6.089402,      24.024024,      11.771972,      52.735076,      11.745766,       9.863276
1939,  4,       7.978685,       1.356128,       1.072761,       1.276248,       9.469371,       8.104610,     101.011739,       0.166909,       0.451595
1939,  5,      11.373817,       2.577745,       1.577783,       0.161069,       8.697746,       1.715562,      84.206469,       3.407787,       2.731837
1939,  6,       0.323119,       0.091612,       0.002171,       0.000000,       0.487074,       0.305755,      23.685432,       0.000000,       0.057330
1939,  7,       0.000000,       0.000009,       0.000000,       0.000000,       0.000860,       0.000000,       7.293623,       0.000000,       0.000000
1939,  8,       0.000000,       0.000000,       0.000000,       0.000000,       0.000000,       0.000000,       1.627867,       0.000000,       0.000000
1939,  9,       0.010686,       0.175917,       0.049516,       0.080999,       0.959843,       0.572397,       6.094501,       0.000000,       1.804760
1940, 10,       4.600678,       0.434963,       0.751811,       0.200882,       4.541397,       1.283867,      11.936493,       0.014861,       2.053699
1940, 11,       1.498004,       0.760002,       0.331147,       0.031351,       2.034236,       0.004467,       3.304303,       1.194052,       0.499125
1940, 12,       5.179431,       9.901774,       0.569584,       0.301094,       3.516238,       0.815909,       5.349120,      16.233527,       9.521891
1940,  1,     136.475423,      32.396092,      56.578311,      37.770729,      64.647536,      44.995462,     115.746072,     115.455915,      75.338939
1940,  2,     176.008442,      80.173875,      80.138492,      62.370416,      81.999596,      63.956786,     153.549569,     254.309955,     132.601939
1940,  3,     208.014507,      96.786882,      70.605616,      39.740920,     125.896086,      51.345372,     205.717358,     135.651437,      97.225016
1940,  4,     113.362387,      66.028043,      35.465257,      20.617241,      95.763356,      36.770956,     148.070324,      30.918754,      35.270031
1940,  5,      24.116816,      30.574960,       0.495678,       1.884839,      16.466185,      12.551041,      95.555354,      10.928974,       7.637313
1940,  6,       3.649032,       9.804109,       0.000000,       0.002371,       1.645026,       2.380108,      23.145140,       0.457275,       3.786077
1940,  7,       0.000000,       2.617971,       0.000000,       0.000000,       0.000393,       0.035798,       5.495840,       0.000000,       0.000034
1940,  8,       0.000000,       0.277611,       0.000000,       0.000000,       0.000000,       0.000000,       1.151643,       0.000000,       0.009338
1940,  9,       0.317490,       0.754423,       0.000000,       0.000000,       0.000000,       0.000000,       0.407026,       0.192576,       0.316387
1941, 10,       5.331381,       4.099373,       0.251447,       0.683334,       1.883275,       3.339350,       4.967631,       5.236581,       6.305769
1941, 11,      17.163898,       4.518464,       0.425068,       0.000017,       2.640822,       0.080812,       4.447288,       9.916649,       7.253102
1941, 12,     113.080353,      61.988017,      29.717437,      13.523937,      29.219459,      15.495525,      49.354591,     186.435686,     126.425194
1941,  1,     201.583203,     138.324306,      45.908679,      23.268664,      38.487390,      26.927587,      50.401893,     218.513760,     210.498125
1941,  2,     174.734896,     160.279399,      61.943320,      71.178396,      72.800368,      64.432452,     107.997913,     201.544125,     201.778111
1941,  3,     122.647438,     165.315961,      59.226667,      52.951077,      85.810850,      49.214971,     142.090006,     153.449919,     156.030401
1941,  4,     129.841121,     143.142910,      52.471714,      42.211792,     104.796115,      46.673483,     111.739974,     137.737522,     146.838193
1941,  5,      45.585222,      58.951857,       1.078621,       4.723293,      24.093647,      15.549816,     182.744863,      15.686047,      16.154398
1941,  6,       8.848670,      23.070182,       0.000000,       0.121292,       3.174675,       4.439531,     175.566090,       1.101579,       1.170586
1941,  7,       0.077602,       7.707664,       0.000000,       0.000000,       0.054696,       0.215700,      42.728141,       0.000000,       0.041114
1941,  8,       0.000749,       1.839750,       0.000000,       0.000000,       0.001863,       0.000557,      13.544416,       0.037421,       0.000000
1941,  9,       0.027353,       0.399502,       0.000000,       0.000000,       0.456262,       0.000000,       5.205431,       0.000000,       0.020529
1942, 10,       2.622624,       3.205938,       0.014025,       0.284838,       0.526250,       0.500569,       5.951287,       5.304692,       5.029937
1942, 11,      10.885723,       6.994143,       0.618042,       0.210242,       5.715134,       0.595808,      11.261028,      10.908739,       6.231955
1942, 12,     108.235372,      45.678469,      29.563931,      20.339351,      26.640589,      22.747128,      43.876756,     118.298424,      55.731454
1942,  1,     161.688778,      66.919377,      88.990724,      34.085043,     109.503795,      51.020899,     122.574572,     112.215038,      93.392393
1942,  2,     197.202747,     139.852450,      61.430717,      42.617759,     134.167157,      44.543005,     136.157258,     189.578240,     130.166138
1942,  3,      70.107202,      77.684900,      26.732468,      29.245608,      55.293026,      38.356538,      76.952125,      58.961920,      37.301087
1942,  4,     132.240016,      92.564957,      46.203739,      35.132456,      81.900724,      60.885957,     133.282223,      94.480451,      92.859908
1942,  5,      82.558406,      48.607609,      38.380091,      16.296699,      87.558363,      37.302704,     208.313768,      17.719068,      13.812039
1942,  6,      14.593556,      18.429058,       0.445589,       1.411954,      19.169327,      12.557511,     232.934053,       0.440588,       1.927320
1942,  7,       0.019530,       5.995346,       0.000000,       0.000000,       0.614734,       2.294047,      50.880685,       0.000000,       0.000000
1942,  8,       0.000000,       1.029972,       0.000000,       0.000000,       0.000555,       0.226125,      14.537185,       0.000000,       0.000000
1942,  9,       0.000000,       0.390331,       0.000000,       0.000000,       0.000950,       0.053210,       4.517686,       0.000000,       1.893002
1943, 10,       0.022719,       1.713294,       0.008931,       0.000000,       0.335888,       0.060769,       2.662553,       0.876880,       1.132020
1943, 11,      40.717988,      10.274778,      17.352043,       8.233252,      31.736122,      11.436576,      40.628436,      21.350310,       9.279856
1943, 12,      63.103652,      17.965863,      27.714232,       4.200375,      29.492364,       8.003531,      40.341111,      30.261243,      27.361055
1943,  1,     200.914050,      71.552957,     109.470590,      57.458187,     123.429867,      83.984119,     178.474593,     149.966849,      85.922011
1943,  2,     102.226689,      53.039876,      61.510333,      45.823548,      88.838431,      55.818215,     119.215387,      21.644094,      28.670491
1943,  3,     194.931589,      51.708500,     130.378252,     112.930005,     202.412532,     112.721948,     242.769410,      34.909287,      41.161751
1943,  4,      59.901560,      33.256078,      14.909493,      19.906696,      63.934651,      38.102223,     152.640568,      14.804106,      16.047538
1943,  5,      21.228474,      18.244314,       1.003326,       6.528142,      24.718094,      24.013197,     114.382148,       0.408347,       7.499303
1943,  6,      13.553162,       6.549235,       0.178175,       0.727628,       9.219730,      10.727311,      43.975734,       0.256469,       0.411406
1943,  7,       0.010107,       1.173855,       0.000000,       0.000000,       0.259737,       1.542534,      12.607938,       0.000000,       0.047604
1943,  8,       0.000000,       0.048511,       0.000000,       0.000000,       0.000000,       0.044557,       2.880525,       0.000000,       0.001433
1943,  9,       0.000000,       0.000000,       0.000000,       0.000000,       0.000000,       0.000001,       0.414163,       0.000000,       0.000000
1944, 10,       2.746061,       1.718059,       0.279930,       0.162392,       2.028859,       1.079317,       5.024483,       1.998279,       2.084698
1944, 11,       3.908166,       2.174016,       0.087666,       0.182611,       2.648328,       0.837378,       2.779684,       4.669595,       2.766839
1944, 12,      12.234832,       6.275020,       1.463357,       1.895509,       4.656482,       3.161619,       7.748020,      11.825964,       9.291748
1944,  1,      23.792599,      13.834211,       7.682020,       3.479788,      14.450088,       6.391708,      17.830325,      27.577811,      17.438072
1944,  2,      73.271442,      21.437605,      37.138956,      11.749666,      17.487503,      15.685989,      31.640606,      62.313473,      39.109911
1944,  3,     109.333741,      34.505969,      40.396834,      19.031980,      42.530341,      29.050308,      32.641336,      58.242340,      32.718492
1944,  4,      35.029974,      16.825807,      13.554988,       4.262258,      33.816800,      13.385001,      56.516841,      15.290344,      18.953200
1944,  5,      14.060680,       9.500120,       0.961457,       0.693718,      13.944642,       6.992227,     148.536307,       4.962480,      11.850379
1944,  6,       5.945476,       3.341146,       0.017737,       0.065450,       3.851180,       2.014461,      66.823704,       0.684718,       1.640287
1944,  7,       0.000954,       0.497938,       0.000000,       0.000000,       0.067708,       0.222584,      17.913876,       0.000000,       0.026257
1944,  8,       0.000000,       0.040375,       0.000000,       0.000000,       0.000104,       0.009035,       4.993642,       0.000000,       0.000000
1944,  9,       0.007694,       0.000035,       0.000000,       0.000000,       0.261218,       0.000000,       1.884206,       0.000000,       0.000000
1945, 10,       1.410392,       3.392702,       0.410127,       1.373386,       0.136130,       0.204853,       8.033557,       5.278558,       1.861823
1945, 11,      39.806645,      13.281131,      23.980131,       7.505362,      31.883757,      15.600106,      46.234384,      29.220867,      14.924736
1945, 12,      40.477630,      13.172802,      17.640384,       3.731017,      13.983294,       7.493256,      21.639111,      22.645323,      31.757554
1945,  1,      16.869649,       9.785358,       3.925684,       0.814303,       8.683397,       2.105317,       8.231075,       9.414107,      10.695553
1945,  2,     170.765674,      45.308676,      75.247691,      52.722759,     114.516531,      74.576375,     160.582093,      75.547359,      54.199588
1945,  3,     104.139848,      41.303708,      77.723244,      68.579091,      80.072880,      82.068896,      89.979148,      51.162866,      40.710053
1945,  4,      36.413038,      26.013350,       7.657584,      13.296989,      44.590081,      26.382141,     111.927055,       5.319433,       8.876668
1945,  5,      21.039616,      13.452524,       0.521375,       3.158210,      19.656370,      17.130443,     163.735494,       5.916296,       6.289020
1945,  6,       6.125685,       3.360292,       0.511618,       0.523914,      10.874321,       7.307428,     116.123349,       0.000007,       3.599431
1945,  7,       0.002548,       0.311934,       0.000000,       0.000000,       0.732660,       0.400441,      30.211793,       0.000000,       0.043424
1945,  8,       0.000000,       0.003581,       0.000000,       0.000000,       0.099489,       0.001818,       8.827242,       0.000000,       0.021052
1945,  9,       0.000000,       0.000658,       0.000000,       0.000000,       0.000497,       0.009706,       2.380783,       0.000000,       0.000320
1946, 10,       5.866057,      10.127896,       1.494609,       2.492308,       2.006240,       2.202490,      24.006215,      17.137017,       6.923475
1946, 11,      32.153694,      11.617011,      15.465007,       1.314339,      26.392573,       5.056115,      25.229424,      28.970441,      19.688915
1946, 12,     166.305365,      59.307591,      71.360937,      27.732461,     104.334797,      36.232208,      87.515729,     142.031347,     107.097390
1946,  1,      61.056398,      56.288863,      30.083882,       9.328966,      62.986266,      14.992988,      66.108420,      29.574245,      44.331419
1946,  2,      46.591066,      29.968048,      16.949399,      10.728751,      34.797144,      16.439184,      35.548936,      17.594800,      15.548297
1946,  3,      72.556273,      21.696686,      37.552730,      27.066103,      58.516078,      38.793681,      78.724805,      10.006544,       6.460539
1946,  4,      44.985863,      12.577039,      13.370702,      19.544938,      57.001575,      31.837630,     129.561677,       2.656641,      12.266803
1946,  5,      10.263224,       5.422164,       0.946951,       2.216200,      14.297105,      11.864195,     208.865272,       1.707175,       1.104588
1946,  6,       0.249493,       1.201684,       0.000742,       0.028905,       1.157859,       3.030737,     143.980156,       0.000000,       0.176210
1946,  7,       0.275404,       0.841243,       0.000000,       0.000000,       0.115209,       0.302669,      32.708705,       0.077769,       1.226020
1946,  8,       0.000609,       0.000000,       0.000000,       0.000000,       0.000375,       0.003833,       9.543040,       0.000000,       0.299995
1946,  9,       0.620419,       0.158333,       0.000000,       0.000000,       0.171192,       0.007377,       3.989344,       0.003505,       0.018253
1947, 10,       1.221442,       0.557975,       0.477123,       0.887795,       3.612823,       2.626587,       9.043231,       0.032419,       0.246172
1947, 11,      29.453476,      10.740121,      14.501781,      10.534525,      21.208287,      16.669345,      34.896890,      25.969227,      11.307629
1947, 12,      20.615793,       9.341605,      13.196058,      14.750040,       9.771419,      25.568942,      15.620066,      20.563327,      17.271735
1947,  1,       9.103985,       2.269169,       6.179674,       3.734426,       4.880128,       8.799117,       6.680968,       3.808395,       2.737087
1947,  2,      40.663380,      13.513537,      14.767136,      10.762927,      17.502419,      23.187070,      30.143816,      24.879185,      30.257150
1947,  3,      77.974711,      31.401434,      27.572508,       9.942251,      38.132136,      17.612074,      78.362383,      41.961188,      39.555126
1947,  4,      32.146019,      13.872015,       8.938242,       3.581584,      33.585559,      13.096552,      88.337365,       7.298096,       8.092767
1947,  5,       3.229557,       5.147202,       0.038707,       0.421161,       4.500410,       3.823779,      98.858350,       0.233532,       1.203817
1947,  6,       7.564037,       3.832355,       0.009138,       0.003113,       2.936465,       0.977473,      27.991240,       4.461435,       2.309159
1947,  7,       0.000302,       0.195828,       0.000000,       0.000000,       0.000018,       0.017811,       7.678421,       0.000000,       0.000000
1947,  8,       0.000000,       0.004018,       0.000000,       0.000000,       0.000000,       0.000000,       1.966458,       0.000000,       0.000971
1947,  9,       0.000000,       0.000000,       0.000000,       0.000000,       0.000000,       0.025576,       0.411133,       0.000000,       0.000910
1948, 10,      19.743005,       9.128547,       2.664140,       0.727702,      11.614989,       1.550828,      20.015507,      17.376668,      10.998144
1948, 11,       7.419808,       1.876773,       2.123550,       0.089781,       5.726322,       0.394526,       5.815900,       3.025372,       4.198893
1948, 12,       3.321731,       3.568910,       0.832882,       1.042926,       2.078677,       2.069168,       1.813793,       5.160236,       7.887184
1948,  1,      35.973076,       5.544129,       4.517491,       0.077634,       7.471850,       0.237024,      28.958407,      11.700873,       8.299189
1948,  2,      19.194229,       4.763558,      10.703875,       2.363109,       9.752890,       2.071473,      14.941969,       6.892309,       5.893474
1948,  3,      69.116335,      18.755706,      47.254242,      22.618579,      54.205428,      21.005728,      42.178668,      23.590751,      20.028351
1948,  4,     152.714653,      56.712923,      61.767101,      44.352717,     102.384826,      53.110991,     106.346025,      64.903220,      60.023290
1948,  5,      64.862801,      32.201857,      16.136012,       9.511227,      68.653521,      21.406966,     201.637147,      11.910416,      23.846956
1948,  6,      17.841449,      13.066113,       0.860095,       1.665160,      18.533599,       9.643060,     107.130369,       1.869248,      13.220127
1948,  7,       0.519748,       3.625792,       0.000000,       0.012996,       1.504753,       2.149122,      27.162456,       0.000000,       0.321923
1948,  8,       0.000000,       0.587976,       0.000000,       0.000000,       0.004199,       0.329061,       7.085445,       0.000000,       0.000000
1948,  9,       0.008741,       0.407796,       0.000000,       0.000000,       0.017094,       0.066907,       2.486465,       0.000000,       1.385822
1949, 10,       0.045593,       1.609422,       0.001125,       0.009664,       0.115742,       0.393730,       1.720706,       0.819367,       2.346042
1949, 11,      12.221625,       2.613694,       0.065932,       0.000000,       3.824448,       0.129991,       5.950580,       3.986981,       1.535280
1949, 12,      32.487098,      11.524241,       7.141485,       3.789522,      12.054519,       5.430929,       9.644112,      27.792284,      11.414559
1949,  1,      24.372973,       4.202283,      14.418069,       2.592414,       8.891196,       3.520074,       6.921280,       8.931963,       5.971654
1949,  2,      56.403627,      10.923784,      21.127188,       2.970246,      11.616183,       3.296391,       9.223572,      21.643741,      10.138932
1949,  3,     184.264392,      89.180711,      69.913287,      30.922165,      77.902486,      33.860992,      59.767770,      98.401058,     164.474844
1949,  4,      33.415772,      30.492536,       8.283395,       3.449736,      47.952578,      10.266666,     121.378129,       3.197497,      27.412176
1949,  5,      12.977177,      12.987647,       0.377929,       1.021769,      20.767708,      10.884724,     134.107557,       0.652925,      12.940125
1949,  6,       0.864565,       3.393419,       0.004193,       0.014076,       3.865605,       3.845121,      40.808102,       0.000175,       1.998908
1949,  7,       0.001437,       0.565396,       0.000000,       0.000000,       0.204826,       0.725436,      12.649038,       0.000000,       0.031266
1949,  8,       0.018495,       0.058069,       0.000000,       0.000000,       0.118344,       0.149934,       3.892755,       0.000000,       0.079721
1949,  9,       0.002610,       0.353576,       0.000000,       0.000000,       0.072887,       0.009425,       0.835135,       0.003512,       0.004563
1950, 10,       0.075987,       0.055798,       0.000000,       0.000000,       0.096159,       0.023701,       1.190085,       0.000002,       0.058858
1950, 11,      12.009143,       4.270956,       2.561211,       2.399894,       8.851072,       4.036068,       9.662778,      10.485403,       4.563400
1950, 12,      10.913168,       4.220818,       1.866266,       1.739467,       3.476351,       2.666350,       2.777307,       9.920493,       5.702864
1950,  1,     134.677644,      17.103574,      49.215105,       6.790936,      38.179909,       7.882103,      40.216745,      46.086681,      23.945245
1950,  2,     127.108690,      28.130807,      48.316991,      16.177367,      52.870746,      15.766603,      45.295194,      65.563889,      44.533977
1950,  3,     101.589119,      21.152131,      33.841603,       7.792968,      56.574839,      13.117270,      70.782089,      20.237436,      20.026245
1950,  4,      65.124514,      20.298594,      28.474840,      13.599858,      80.991398,      17.716574,     132.940819,      12.022180,       5.726037
1950,  5,      31.423787,       9.259087,       2.400354,       1.430049,      31.195199,       5.561467,     164.693915,       3.363246,       1.366961
1950,  6,       2.919342,       2.710446,       0.002858,       0.001713,       5.772377,       1.165903,      97.943194,       0.001574,       1.046415
1950,  7,       0.000151,       0.244790,       0.000000,       0.000000,       0.329384,       0.138207,      24.121897,       0.000000,       0.000000
1950,  8,       0.000000,       0.003473,       0.000000,       0.000000,       0.011960,       0.004645,       6.955650,       0.000000,       0.000000
1950,  9,       0.100133,       0.337875,       0.000000,       0.000000,       0.020619,       0.010196,       2.717602,       0.000000,       0.792744
1951, 10,      12.625844,      11.216807,       3.299804,       1.651317,       9.648882,       2.651710,      19.624962,      20.772187,       9.076174
1951, 11,     164.144845,      18.421723,      65.758122,      23.991628,      99.211841,      27.307555,     177.733527,      57.247600,      18.592127
1951, 12,     215.149252,      49.624068,      94.335771,      56.009561,     164.349768,      57.941436,     250.542206,     111.539137,      62.583620
1951,  1,     224.509890,      59.256567,      85.683936,      34.133265,     140.076540,      42.407896,     134.035910,      84.643076,      52.083513
1951,  2,      95.932578,      61.195911,      30.349062,      16.358203,      79.901362,      25.355340,      90.096369,      31.051693,      39.482662
1951,  3,     120.489856,      40.251119,      51.263307,      18.433027,      93.340263,      26.332003,      98.735866,      29.720901,      13.467259
1951,  4,      33.582037,      17.609853,       1.229083,       4.423401,      23.242119,      12.811753,      81.854165,       6.520175,       2.249999
1951,  5,      40.368300,      24.632841,       8.652954,       1.172499,      39.293845,       9.407634,     112.650191,      10.817438,      15.146110
1951,  6,       1.524958,       5.189595,       0.000000,       0.029910,       2.455274,       1.760866,      30.467396,       0.000262,       0.072452
1951,  7,       0.000000,       1.044283,       0.000000,       0.000000,       0.003641,       0.119796,       8.030276,       0.000000,       0.000000
1951,  8,       0.000000,       0.028428,       0.000000,       0.000000,       0.000000,       0.000000,       1.925172,       0.000000,       0.094838
1951,  9,       0.000000,       0.014925,       0.000000,       0.000000,       0.000000,       0.000000,       0.165188,       0.000000,       0.008275
1952, 10,      14.646783,       4.575837,       1.483899,       1.137733,      11.332570,       1.503830,      12.608162,       9.102576,       5.309899
1952, 11,      30.611187,      12.666008,       8.534318,       2.763712,      14.944006,       3.927618,      16.895720,      27.221170,      12.084744
1952, 12,     135.611737,      52.493772,      57.632426,      16.265767,      37.168610,      13.866644,      53.841244,     123.637705,      58.550438
1952,  1,     310.243271,     121.888868,     127.495440,      82.155331,     151.964529,      76.447457,      93.372999,     214.138830,     130.982501
1952,  2,     184.283310,      91.995137,      67.076317,      24.618157,     116.916338,      30.931168,     100.110387,      66.828763,      50.110836
1952,  3,     200.620724,      84.505481,     104.730376,      88.733815,     127.822222,      85.441360,     118.166846,      78.716365,      70.060696
1952,  4,      51.742692,      38.188608,      11.332173,      21.334768,      98.378519,      41.320758,     175.402157,      10.319696,      19.890187
1952,  5,      23.738560,      16.545630,       0.553423,       5.280549,      53.803891,      19.900123,     278.261054,       2.686892,       5.999407
1952,  6,       3.783479,       8.693635,       0.008510,       0.241697,      11.996308,       9.426700,     193.531038,       3.092572,       1.901294
1952,  7,       1.093142,       1.042804,       0.000351,       0.000047,       3.261500,       1.705059,      46.251139,       0.072155,       1.644773
1952,  8,       0.013911,       0.019938,       0.001039,       0.000000,       0.353233,       0.552764,      13.831486,       0.000000,       0.848876
1952,  9,       0.273938,       0.000434,       0.000471,       0.010382,       0.419828,       0.383643,       5.898902,       0.000000,       0.000000
1953, 10,       0.005212,       0.428181,       0.000000,       0.000000,       0.000000,       0.148291,       1.010529,       0.002522,       0.482454
1953, 11,      10.878859,       4.593940,       1.909589,       2.221437,       6.629117,       3.279196,       6.586053,      11.484022,      10.860011
1953, 12,      59.591880,      50.316492,      15.566597,       9.153856,      18.874538,       8.453535,      18.651284,     138.320008,     119.307570
1953,  1,     169.179534,     100.487736,      41.579574,      14.195858,      51.218351,      14.334144,      37.867895,     164.585345,     112.908662
1953,  2,      25.289090,      34.355006,       2.868052,       1.127411,       9.486132,       1.987964,       9.231674,      11.390694,      11.199353
1953,  3,      89.568370,      37.627829,      16.112446,       3.767692,      37.100642,       6.410423,      44.215790,      35.389576,      14.042014
1953,  4,      66.336256,      24.521315,      11.426790,       4.361937,      32.936771,       7.121186,      97.019063,      17.226854,       8.916683
1953,  5,      49.929024,      15.809462,       5.621185,       2.302116,      42.842131,       4.518328,     105.120424,       3.788032,      10.121759
1953,  6,      17.853523,       7.056065,       0.969691,       0.835651,      26.615652,       2.743935,     158.284431,       2.299403,       3.261354
1953,  7,       0.436839,       1.526630,       0.000000,       0.000000,       3.377469,       0.128361,      50.794083,       0.000000,       0.002828
1953,  8,       0.003821,       1.029987,       0.000000,       0.000000,       0.024655,       0.000054,      15.083926,       0.230551,       0.445032
1953,  9,       0.022247,       0.003182,       0.000000,       0.000000,       0.102672,       0.000000,       4.111472,       0.007092,       0.583969
1954, 10,       3.755475,       2.338136,       0.857116,       0.102137,       2.854725,       0.162062,       6.691616,       2.656195,       1.771734
1954, 11,      17.533417,      12.015356,       1.934899,       2.469855,       8.279118,       2.758611,      10.265024,      21.540743,      15.143577
1954, 12,      11.024182,       2.962427,       2.331392,       1.609355,       6.723081,       1.767829,       4.065923,       4.340395,       2.601946
1954,  1,      79.402751,      47.489475,      13.972928,       5.345169,      17.279763,       7.039855,      23.588481,      76.991051,      51.012527
1954,  2,      86.157035,      46.870913,      14.844993,      15.962525,      27.075249,      15.763241,      26.748977,      64.168097,      47.982803
1954,  3,     115.893508,      54.328472,      38.616947,      36.795276,      63.323513,      35.731299,      84.312011,      56.162509,      45.712696
1954,  4,      71.524086,      45.124334,      13.529527,      12.207553,      52.687956,      19.034985,     142.675791,      35.971927,      24.414237
1954,  5,      17.878504,      15.727773,       1.449586,       3.228928,      16.929578,       9.620753,     110.685308,       1.331578,       2.850615
1954,  6,       7.052243,       6.843127,       0.410618,       1.322093,       6.887794,       4.797186,      33.187839,       0.832486,       5.852780
1954,  7,       0.000440,       1.022203,       0.000000,       0.000000,       0.026950,       0.408099,       8.159617,       0.000000,       0.000000
1954,  8,       0.139202,       3.380649,       0.000000,       0.000000,       0.000137,       0.001481,       1.666183,       4.876588,       2.843099
1954,  9,       0.050016,       0.060882,       0.000000,       0.000000,       0.000000,       0.000000,       0.154198,       0.000006,       1.759718
1955, 10,       0.168087,       0.741448,       0.000000,       0.000000,       0.000000,       0.000000,       0.001602,       0.657181,       0.180588
1955, 11,      14.465681,      11.994094,       1.767653,       2.004572,       7.803392,       3.850519,      10.002681,      24.955136,      25.396291
1955, 12,      47.419929,      22.059573,      13.776977,       4.005578,      21.493236,       4.779756,      19.325009,      33.183646,      37.380836
1955,  1,      75.704220,      19.702455,      38.689765,       7.540158,      25.198901,       7.741039,      21.184104,      17.173708,      24.958685
1955,  2,      31.381118,      12.855532,      15.228614,       4.016409,      16.717634,       5.145220,      15.581084,       8.328173,       5.939566
1955,  3,      35.940834,       9.724227,       8.979841,       3.316753,      27.673870,       5.881729,      22.737432,       3.357027,       6.664529
1955,  4,      58.425795,      26.272981,      13.078053,       9.317005,      39.053765,      14.642637,      34.995742,      23.378139,      27.157989
1955,  5,      19.063358,      13.428816,       5.334920,       6.443606,      31.905318,      12.389342,     102.482521,       0.484936,      14.123453
1955,  6,       1.444104,       4.374073,       0.002352,       0.071497,       4.420332,       2.125750,     118.083495,       0.000447,       0.385629
1955,  7,       0.126657,       0.906192,       0.000000,       0.000000,       0.310253,       0.426737,      23.766946,       0.000000,       0.892488
1955,  8,       0.000000,       0.002620,       0.000000,       0.000000,       0.006833,       0.005414,       6.676878,       0.000000,       0.000000
1955,  9,       0.334863,       0.585736,       0.000000,       0.000000,       0.003209,       0.001245,       2.242324,       0.347854,       0.115771
1956, 10,       0.341731,       0.494140,       0.000000,       0.000000,       0.000579,       0.000000,       0.566250,       0.036535,       0.223498
1956, 11,      15.184820,       7.183182,       2.021969,       1.850064,       7.754223,       2.842624,       6.790803,       9.561677,      11.323404
1956, 12,     347.374840,     102.858410,     121.913486,      96.515948,     141.086664,      91.487347,     187.832645,     281.002711,     113.657721
1956,  1,     310.642207,     160.630184,     148.822859,      85.312161,     193.619048,      90.369994,     173.339602,     224.117206,     160.109796
1956,  2,     124.727525,     146.912923,      36.723260,      27.068339,      78.024882,      36.789415,      85.163314,     210.020885,      87.786004
1956,  3,      59.116319,      77.028233,       8.283994,      12.019662,      48.670450,      23.389858,      62.092107,      30.504975,      23.051213
1956,  4,      40.831445,      36.493737,       6.186279,      13.310497,      35.511739,      32.139193,      81.602079,      19.094389,      12.193485
1956,  5,      50.737229,      16.776482,      24.233746,      11.711607,      66.644198,      32.468831,     262.178643,       3.951001,       8.383949
1956,  6,       3.449272,       5.773661,       0.006039,       0.472698,      10.288644,       7.638823,     202.058966,       0.044092,       0.647001
1956,  7,       0.004122,       1.326810,       0.000000,       0.000006,       0.845181,       1.224131,      49.261655,       0.000000,       0.000741
1956,  8,       0.000000,       0.101656,       0.000000,       0.000000,       0.044517,       0.110931,      14.837142,       0.000000,       0.000000
1956,  9,       0.232509,       0.383988,       0.024086,       0.000000,       0.328528,       0.007812,       6.562797,       0.000011,       0.156918
1957, 10,      10.319103,       5.203300,       0.901287,       0.308193,       4.825881,       0.863658,      13.209232,      10.408956,       2.101972
1957, 11,       5.173648,       0.273350,       0.588109,       0.004456,       4.826155,       0.638549,       2.738429,       0.607142,       2.790941
1957, 12,       6.826212,       0.758293,       1.774871,       0.688916,       5.261314,       1.504587,       4.202910,       0.961935,       0.195085
1957,  1,      22.055626,      13.165657,       9.032886,       3.087884,      13.864400,       4.786989,      11.774256,      20.458068,      22.735039
1957,  2,      78.909764,      40.780349,      26.122552,       4.588743,      26.636233,       7.156246,      51.191515,      54.501169,      27.386353
1957,  3,     102.736019,      36.296721,      51.785110,       7.818147,      73.673127,      10.849491,      98.132930,      24.249922,      30.345424
1957,  4,      55.297126,      25.345724,       7.317994,       2.651144,      31.388570,       4.938126,      71.749859,      13.467894,      18.046884
1957,  5,      97.100764,      30.151682,      23.497677,      15.701828,      58.844320,      23.532328,     163.870966,      21.227132,      10.626959
1957,  6,       8.114592,      10.392126,       0.114051,       0.607186,      12.272404,       3.211883,      81.999746,       0.182679,       0.671026
1957,  7,       0.000002,       3.102480,       0.000000,       0.000000,       0.333903,       0.421162,      20.724599,       0.000000,       0.006993
1957,  8,       0.000000,       0.497096,       0.000000,       0.000000,       0.001595,       0.004619,       4.367935,       0.000000,       0.000000
1957,  9,       1.351136,       7.315179,       0.000000,       0.056387,       0.004706,       0.165207,       1.514398,       7.727616,       3.036926
1958, 10,       8.616065,      15.102674,       0.930982,       0.522999,       2.030323,       0.999987,       5.705041,      24.648188,      33.400555
1958, 11,       8.709348,       3.678531,       1.088639,       0.629370,       6.183179,       0.977872,       6.614561,       4.167604,       5.009185
1958, 12,      40.123167,      28.423766,       8.043150,       4.342578,      14.252336,       6.421850,      14.512473,      30.596403,      29.739363
1958,  1,      75.694065,      76.879304,      29.955549,       6.653196,      21.416238,       8.602995,      37.062779,      73.898121,      70.181719
1958,  2,     217.924452,     245.279927,      99.281101,      37.105363,     103.629026,      49.445181,     104.900517,     281.988332,     293.994830
1958,  3,     206.305887,     180.025687,     118.802524,      90.937366,     141.326392,     100.111199,     146.976463,     161.203407,     154.266816
1958,  4,     232.450182,     160.711859,     149.646466,     112.573654,     223.202184,     115.197965,     205.303341,     164.238052,     101.169944
1958,  5,      31.725234,      53.751733,       1.548602,      12.915527,      52.634315,      32.953092,     274.701279,      11.594452,      15.679984
1958,  6,      10.718514,      21.951449,       0.104593,       2.068170,      15.506966,      14.374126,     138.735166,       2.738633,       3.284903
1958,  7,       0.073097,       8.243388,       0.000000,       0.007245,       1.357210,       3.321695,      38.566576,       0.006632,       1.912297
1958,  8,       0.000000,       1.290915,       0.000000,       0.000000,       0.147580,       0.400352,      12.141327,       0.000000,       0.173834
1958,  9,       0.859388,       0.084604,       0.000000,       0.040941,       0.380668,       0.557395,       4.925961,       0.000000,       0.016258
1959, 10,       0.189836,       0.284063,       0.000000,       0.000000,       0.009243,       0.089905,       1.293159,       0.002430,       0.737647
1959, 11,       5.074782,       1.550080,       0.083285,       0.058089,       2.335614,       0.609467,       4.630735,       0.294896,       0.888922
1959, 12,       5.651474,       3.427689,       0.548447,       0.137419,       2.747107,       0.375475,       3.130112,       6.917233,       3.656216
1959,  1,      51.473309,      34.726228,      16.113582,       4.345428,      21.680193,       5.421614,      30.080302,      66.837150,      39.521428
1959,  2,      99.338808,      72.168077,      50.357351,      15.337321,      18.951910,      13.398517,      26.229262,     100.692650,      74.247536
1959,  3,      31.661585,      25.164815,       8.208428,       2.169893,      18.278223,       4.735505,      33.549721,       9.785314,      11.940532
1959,  4,      20.718111,      10.408023,       1.818218,       2.246002,      12.236898,       9.905151,      47.981128,       1.879775,       3.906065
1959,  5,       8.372745,       3.511233,       0.130542,       0.390716,       4.475722,       3.562545,      70.046900,       0.057512,       0.736727
1959,  6,       0.416256,       0.684910,       0.000009,       0.000122,       0.204721,       0.898560,      24.439473,       0.000000,       0.010642
1959,  7,       0.000000,       0.009891,       0.000000,       0.000000,       0.053334,       0.070843,       7.611120,       0.000000,       0.000000
1959,  8,       0.000103,       0.026208,       0.000000,       0.000000,       0.028471,       0.000000,       2.115102,       0.000000,       0.805719
1959,  9,       8.698624,       4.304822,       3.109674,       4.347701,       4.886023,       5.451836,      11.746412,      10.847154,       5.865860
1960, 10,       0.000000,       0.001944,       0.000000,       0.000000,       0.000000,       0.000983,       0.084331,       0.000000,       0.007302
1960, 11,       0.000000,       0.008929,       0.000000,       0.000000,       0.000000,       0.000000,       0.008229,       0.000000,       0.002133
1960, 12,       8.583566,       5.223478,       0.724773,       0.525048,       3.057722,       0.707435,       2.852776,      10.159835,       7.679476
1960,  1,      46.835851,      16.441571,       8.674610,       3.238790,      17.802847,       4.016853,      13.633565,      36.517704,      22.956256
1960,  2,     143.438929,      53.958752,      43.972223,      12.942878,      35.027324,      13.642401,      53.382079,     110.222484,      73.243009
1960,  3,      91.788875,      39.677609,      15.052579,      10.594519,      41.509763,      13.130697,      51.623458,      52.227443,      40.950307
1960,  4,      43.542787,      15.347419,       8.520828,       8.912641,      24.406629,      11.334157,      63.858697,      10.455382,      10.391753
1960,  5,      24.649692,      10.010946,       1.694869,       2.779631,      16.169492,       4.904256,      81.967557,       6.422588,       6.555706
1960,  6,       1.648052,       2.562485,       0.000004,       0.000532,       0.839625,       0.731376,      23.310269,       0.000386,       0.375701
1960,  7,       0.025049,       0.430700,       0.000000,       0.000000,       0.044182,       0.025348,       7.715624,       0.000000,       0.000000
1960,  8,       0.000000,       0.005721,       0.000000,       0.000000,       0.000000,       0.000000,       1.364351,       0.000000,       0.000000
1960,  9,       0.000000,       0.000000,       0.000000,       0.000000,       0.000000,       0.000000,       0.512766,       0.000000,       0.000000
1961, 10,       0.012149,       1.479693,       0.000686,       0.078140,       0.364459,       0.268726,       2.549624,       2.047531,       0.635069
1961, 11,      27.453529,      11.188573,       3.875350,       3.181667,      12.717971,       5.178687,      13.843225,      19.479864,      13.752920
1961, 12,      13.195948,      22.193905,       4.006065,       1.860600,       5.697035,       3.184005,       5.521665,      34.424151,      35.838528
1961,  1,       5.968078,      19.187305,       1.291294,       1.775194,       1.824321,       2.464020,       5.626039,      32.500297,      23.473629
1961,  2,      37.225084,      33.421634,       3.700361,       0.457228,       6.847148,       1.178085,      13.821478,      31.937633,      56.306818
1961,  3,      59.606232,      45.361072,      13.482820,       2.317111,      13.444269,       5.034446,      22.790294,      37.149528,      35.357818
1961,  4,      32.115767,      23.142705,       4.368284,       0.705271,       9.155752,       2.694688,      39.936662,      10.287558,       7.745066
1961,  5,      21.972274,      10.774790,       1.828351,       0.355882,      10.206263,       1.762594,      69.554576,       1.270740,       2.133130
1961,  6,       4.059556,       3.131018,       0.008384,       0.014661,       1.338462,       0.318231,      28.443240,       0.184417,       1.451544
1961,  7,       0.000000,       0.479965,       0.000000,       0.000000,       0.310743,       0.004226,       9.664319,       0.000000,       0.000000
1961,  8,       0.002616,       0.225555,       0.000000,       0.000000,       0.009814,       0.000000,       3.660310,       0.000000,       2.251530
1961,  9,       0.052909,       0.434704,       0.111531,       0.000000,       0.631567,       0.004056,       5.490282,       0.298826,       1.366357
1962, 10,       1.323409,       0.447816,       0.085260,       0.000057,       0.712531,       0.028024,       3.022556,       0.048148,       0.313293
1962, 11,       6.838259,      13.077065,       0.919112,       1.525499,       2.424564,       2.706767,       7.061389,      20.275698,       9.853255
1962, 12,      25.159638,      12.840242,       4.518870,       2.541772,       9.658556,       3.353336,       5.802250,      29.255901,      27.261000
1962,  1,      28.237226,       4.340133,       3.823948,       2.380649,       6.404036,       2.773424,       5.184093,      10.040792,       8.098209
1962,  2,     220.362148,      85.132198,      80.878999,      63.526201,      68.545690,      68.227115,      79.538043,     139.729253,      87.265475
1962,  3,     136.210691,      84.358517,      55.973541,      40.441738,      53.254420,      49.317336,      44.181830,      86.056879,      78.823590
1962,  4,      37.339746,      23.468433,       3.161159,       6.305188,      39.673201,      15.926537,     122.921302,       5.003266,       7.746870
1962,  5,      17.675103,       9.987790,       0.117324,       1.843182,      14.761052,      10.733858,     115.563942,       0.388321,       2.399486
1962,  6,       1.516513,       2.725384,       0.000036,       0.067330,       2.411211,       3.237696,     108.156664,       0.000000,       1.006450
1962,  7,       0.001027,       0.242036,       0.000000,       0.000041,       2.254821,       0.603489,      27.219143,       0.000000,       0.000000
1962,  8,       0.029413,       0.151314,       0.000000,       0.000000,       0.048206,       0.075420,       7.845940,       0.005225,       1.463723
1962,  9,       0.000000,       0.540420,       0.000000,       0.000000,       0.000000,       0.006443,       1.965830,       0.300640,       0.329923
1963, 10,     110.237555,      23.597144,       4.608986,       2.366476,      28.979543,       2.288272,      30.874577,      65.030045,      20.972236
1963, 11,      20.440777,       3.843666,       0.882651,       0.012468,       2.836518,       0.065807,       5.642158,       5.795092,       4.037522
1963, 12,      67.869440,      16.793236,       4.113769,       1.979347,      12.031389,       1.051979,      22.362235,      33.395376,      19.576255
1963,  1,      29.183230,      33.902085,       5.063230,       9.235513,       0.737416,       3.193200,      61.881957,      55.612103,       8.536641
1963,  2,     166.935819,      77.584851,      69.528059,      36.405733,     109.572592,      44.449733,     168.359069,     108.056733,      82.265494
1963,  3,     101.728041,      66.034600,      36.936010,      19.418405,      51.333206,      27.794136,      74.379955,      66.434978,      44.236959
1963,  4,     184.124057,     108.426943,      79.975484,      57.128087,     134.543590,      60.328066,     151.307766,     118.735410,      76.094825
1963,  5,      49.031939,      47.114066,      14.879709,      12.212021,      66.539523,      23.311268,     233.084876,      14.323242,      14.279551
1963,  6,      10.390032,      16.555466,       0.341001,       1.800108,      15.548412,       9.015390,      86.224870,       0.175350,       1.374929
1963,  7,       0.476334,       5.522234,       0.000000,       0.010353,       1.413786,       2.323044,      25.327476,       0.000000,       0.018856
1963,  8,       0.000000,       0.878189,       0.000000,       0.000000,       0.006207,       0.227289,       6.459883,       0.000000,       0.000000
1963,  9,       0.152673,       0.011876,       0.000000,       0.000000,       0.490713,       0.118263,       5.118712,       0.000000,       0.000000
1964, 10,       6.924089,       5.837802,       1.309578,       0.418115,       6.530814,       0.941975,      11.508552,       6.444699,       6.258239
1964, 11,      52.657204,      17.964416,       8.750957,       7.004804,      21.683967,      11.716764,      35.744596,      39.457855,      22.918879
1964, 12,      11.312704,       2.755323,       1.277792,       0.269181,       3.342267,       1.688510,       6.800063,       3.537162,       4.122792
1964,  1,      96.921360,      27.309186,      27.970062,       2.891020,      26.059935,       4.652181,      22.746325,      39.165169,      18.826444
1964,  2,      20.653342,       5.337860,       5.062841,       0.214449,       9.024610,       0.626027,       8.937941,       1.145792,       2.431374
1964,  3,      46.693270,       9.736854,      12.578236,       4.008774,      21.590246,       4.349152,      30.815725,       9.848790,       8.174272
1964,  4,      22.788828,       3.722907,       6.365773,       3.365784,      25.414877,       7.922153,      56.688470,       0.817887,       2.131725
1964,  5,      21.995621,       2.399591,       3.960071,       1.081597,      30.860754,       5.443512,     128.269496,       1.401364,       0.676327
1964,  6,       6.989799,       1.000835,       0.427904,       0.598312,       7.645607,       2.647570,      72.500681,       1.319321,       1.552733
1964,  7,       0.017095,       0.044366,       0.000000,       0.000000,       0.243870,       0.191671,      19.092713,       0.000000,       0.005406
1964,  8,       0.000465,       0.000000,       0.000000,       0.000011,       0.000167,       0.001446,       5.455049,       0.000000,       0.005066
1964,  9,       0.126439,       0.054479,       0.009829,       0.001968,       0.125656,       0.091573,       1.680741,       0.000000,       0.365198
1965, 10,       3.037081,       4.406540,       1.201865,       1.796664,       1.440307,       2.005045,       6.253652,       6.980083,       4.892840
1965, 11,      32.387672,      17.882835,      11.096268,       5.440201,      19.857669,       7.641194,      19.593167,      32.376630,      30.997057
1965, 12,     332.912783,     107.978712,     114.075509,      37.372154,     159.897291,      38.439369,     220.377011,     172.650165,      77.108619
1965,  1,     273.385796,     143.986965,     102.542028,      59.921055,     162.847508,      70.515264,     160.875672,     175.209384,     103.198166
1965,  2,      47.583358,      40.345446,      11.058945,      13.064356,      53.469488,      24.131085,      77.055192,      16.849920,      14.668958
1965,  3,      54.324224,      21.241830,      13.536161,       9.724013,      48.392631,      26.505390,      63.800539,       9.262692,       9.272351
1965,  4,     114.440052,      59.950340,      59.115939,      41.427318,     101.555780,      55.371188,     144.076323,      40.030555,      69.745565
1965,  5,      19.203182,      20.710900,       0.784981,       3.768589,      27.919149,      16.669228,     167.680571,       0.622924,       6.353305
1965,  6,       3.100128,       7.211170,       0.029529,       0.234027,       6.014792,       7.380876,     163.685832,       0.000000,       0.222867
1965,  7,       0.019346,       1.477417,       0.000000,       0.000000,       0.256406,       1.415910,      40.707970,       0.000000,       0.033411
1965,  8,       1.182660,       2.391450,       0.323334,       0.000000,       4.360942,       0.350119,      26.718357,       2.651348,       4.063583
1965,  9,       0.059833,       0.000000,       0.001006,       0.000000,       0.208427,       0.175726,       6.691918,       0.000000,       0.000000
1966, 10,       0.686233,       0.049422,       0.065699,       0.000002,       1.473957,       0.115976,       3.585062,       0.000000,       0.007036
1966, 11,      31.207986,      18.715481,      17.792192,      13.736438,      22.581046,      19.105995,      55.926818,      34.875334,      35.523348
1966, 12,      33.791432,      17.348466,      21.047102,      10.597806,       9.172981,       9.273930,      24.132294,      30.973498,      11.939099
1966,  1,      82.940054,      66.412218,      22.480810,      10.048070,      17.678043,       9.900064,      15.974473,      95.814104,      52.553381
1966,  2,      57.992311,      59.955272,      21.970279,       9.730754,      35.159234,      16.870811,      27.167987,      50.705334,      59.208538
1966,  3,      39.451573,      29.332709,       3.353256,       2.332755,      32.431325,       6.934353,      56.787135,       8.220386,      13.983776
1966,  4,      27.135577,      13.923800,       1.221063,       0.867890,      29.206131,       5.233192,     127.341288,       5.702547,       2.889234
1966,  5,       5.675972,       5.002180,       0.031261,       0.314812,       6.229902,       2.302568,      99.138351,       0.132283,       0.409227
1966,  6,       0.167612,       1.140677,       0.000000,       0.000085,       0.854112,       0.465894,      23.635434,       0.001722,       0.000425
1966,  7,       0.000000,       0.083996,       0.000000,       0.000000,       0.003420,       0.043792,       7.172591,       0.000000,       0.000000
1966,  8,       0.000000,       0.627491,       0.000000,       0.000000,       0.011968,       0.000000,       1.718974,       0.416496,       0.116449
1966,  9,       0.000000,       0.274260,       0.000000,       0.000000,       0.000000,       0.000000,       0.472197,       0.225519,       0.993484
1967, 10,       0.000000,       0.000000,       0.000000,       0.000000,       0.000000,       0.000000,       0.000135,       0.000000,       0.001921
1967, 11,      40.682085,      19.710947,       5.610127,       2.891116,      15.774010,       3.503994,      22.607139,      42.036490,      23.602427
1967, 12,      99.738780,      29.328987,      37.195896,      20.544991,      23.591159,      27.888551,      48.045732,      71.185304,      34.949770
1967,  1,     181.079545,      94.438139,      54.842713,      23.208220,      44.656393,      27.392560,      55.652003,     219.193480,      80.489414
1967,  2,      79.466083,      45.193607,      26.433457,      13.421535,      54.029916,      22.463426,      39.598593,      24.418340,      41.486447
1967,  3,     135.172612,      85.088586,      63.951305,      47.930372,      81.585780,      66.368080,     110.242010,      87.589877,      35.632461
1967,  4,     153.345836,      76.131458,     130.277395,      92.956579,     131.604368,     112.620847,     122.126780,      87.772230,      68.638980
1967,  5,      53.188832,      36.139691,      19.131472,      18.784602,     103.038694,      39.805180,     307.145937,       7.635970,      22.773687
1967,  6,      22.797218,      19.066093,       1.116465,       4.552595,      30.674053,      22.388577,     246.319779,      11.552516,      15.975314
1967,  7,       0.079726,       4.250163,       0.000000,       0.012521,       3.614374,       5.204250,      65.039908,       0.000000,       0.113117
1967,  8,       0.000000,       0.377883,       0.000000,       0.000000,       0.429944,       0.969902,      21.487478,       0.000000,       0.058656
1967,  9,       0.690341,       0.093008,       0.001665,       0.000787,       0.410687,       0.615471,       9.766251,       0.000000,       0.199758
1968, 10,       5.324928,       2.516916,       0.879594,       0.000000,       4.606917,       0.335141,       7.403544,       2.619039,       1.275747
1968, 11,       8.879828,       5.880912,       0.945690,       2.277935,       5.631885,       1.929985,       8.633403,       8.583336,       6.691395
1968, 12,      30.712551,       9.733519,       8.331922,       2.860694,      12.051903,       5.368980,       5.651171,      20.250662,      16.369878
1968,  1,      57.900940,      58.220739,      13.391681,       2.618584,      11.501332,       3.564268,      15.626757,      84.853055,      51.991573
1968,  2,     113.619299,      61.167114,      41.635024,       2.382240,      41.598083,       4.712240,      45.016253,      53.366364,      95.007402
1968,  3,      66.948263,      57.069212,      23.998858,       4.396782,      42.069092,       6.542639,      62.893503,      41.650323,      28.934415
1968,  4,      19.608441,      22.432454,       2.059457,       1.000244,      13.292328,       3.122487,      64.695777,       4.780633,       5.134465
1968,  5,       8.265082,       9.785439,       0.462382,       0.681949,       5.904264,       2.882520,      81.895316,       1.625422,       3.019974
1968,  6,       1.290655,       2.279530,       0.000000,       0.083724,       0.406176,       0.702779,      23.490228,       0.000000,       0.718036
1968,  7,       0.000000,       0.089898,       0.000000,       0.000000,       0.000016,       0.024452,       7.398042,       0.000000,       0.000000
1968,  8,       2.572516,       3.151040,       0.119918,       0.000000,       1.507757,       0.000888,       6.570694,       1.600322,       5.049106
1968,  9,       0.000000,       0.045070,       0.000000,       0.000000,       0.000000,       0.000000,       0.372973,       0.000000,       0.139239
1969, 10,       8.817808,       2.752437,       0.354823,       0.383569,       1.158413,       0.845533,       6.509856,       8.968738,       0.759964
1969, 11,      24.669388,       6.537886,       7.164986,       2.745840,      18.263061,       3.712594,      29.069586,      11.039435,      11.621854
1969, 12,      80.937119,      46.710288,      24.153214,       7.071670,      15.927939,       8.831664,      21.992927,      67.019035,      35.230914
1969,  1,     386.296265,     136.312943,     190.101953,     133.203233,     194.166549,     144.505967,     255.245931,     251.867787,     137.073872
1969,  2,     250.537421,     160.584264,     139.141646,     142.463946,     134.085329,     141.811911,     138.144728,     195.750893,     151.086179
1969,  3,     119.972786,      88.697751,      61.033374,      86.311245,     107.664703,      84.384553,     124.552193,      55.145018,      93.534674
1969,  4,      75.808694,      40.687916,      35.332507,      45.765984,      97.557540,      74.784128,     163.977283,      22.814736,      31.417675
1969,  5,      21.353797,      16.012547,       0.573674,      10.593398,      38.097767,      37.555125,     313.970110,       0.865569,       6.698456
1969,  6,       2.299469,       6.394779,       0.010258,       2.016234,       7.105687,      23.172222,     136.955877,       0.052647,       1.672335
1969,  7,       0.004600,       1.029100,       0.000000,       0.023742,       0.945687,       6.972179,      34.169596,       0.000000,       0.009365
1969,  8,       0.000000,       0.000637,       0.000000,       0.000000,       0.013422,       1.989570,       9.659523,       0.000000,       0.000000
1969,  9,       0.000000,       0.000000,       0.000000,       0.000000,       0.092475,       0.901253,       4.211163,       0.000000,       0.000000
1970, 10,       8.743859,       4.028744,       2.603071,       2.452361,       7.415549,       4.513755,      14.642290,       8.530450,       5.200195
1970, 11,       9.594139,       2.528479,       3.675323,       1.883013,       8.616041,       3.254709,      13.098880,       4.161605,       1.996198
1970, 12,     106.061501,      41.141465,      27.499451,       2.637452,      25.757367,       5.238645,      57.392977,      97.592124,      50.085495
1970,  1,     345.933125,     199.779067,     135.221338,      32.418040,     157.610567,      41.691896,     217.609211,     332.344643,     171.466286
1970,  2,      79.787882,     101.098599,      34.212318,      15.405841,      67.239184,      21.184438,     100.373808,      67.902537,      59.849000
1970,  3,      98.822071,      67.185321,      47.382946,      30.094872,      75.380084,      38.007362,      95.067310,      45.070846,      41.854407
1970,  4,      30.375393,      23.169042,       3.147146,       4.487994,      23.806105,      11.727557,      44.384632,       4.458202,       4.324456
1970,  5,       9.896768,       9.299542,       1.038365,       0.672432,       7.390706,       5.782533,     142.033078,       0.062435,       0.163786
1970,  6,       2.839708,       3.420891,       0.504571,       1.357137,       4.521870,       3.048919,      71.802872,       0.703991,       0.409266
1970,  7,       0.073706,       0.098735,       0.000000,       0.000000,       0.145212,       0.190698,      20.294442,       0.000000,       0.218167
1970,  8,       0.000000,       0.000000,       0.000000,       0.000000,       0.000000,       0.000018,       6.007750,       0.000000,       0.000000
1970,  9,       0.000000,       0.000000,       0.000000,       0.000000,       0.000000,       0.000000,       1.646019,       0.000000,       0.000000
1971, 10,       5.707312,       2.381694,       0.045292,       0.000379,       2.566809,       0.051739,       3.800436,       4.305840,       2.563290
1971, 11,      45.404314,      21.361756,      10.888270,       4.404156,      19.737512,       5.114570,      39.152858,      57.624600,      23.069655
1971, 12,     184.000204,      57.816445,      79.127482,       7.791936,      50.629964,      11.679586,      33.347596,     148.167820,      78.817407
1971,  1,     114.620377,      66.880955,      37.386452,       5.840045,      45.602838,       8.668793,      25.765742,      53.261195,      65.379065
1971,  2,      37.523512,      19.144759,       5.554826,       1.039328,      24.920832,       3.388841,      23.025537,       5.824001,       8.101533
1971,  3,     115.549612,      50.574787,      22.840827,       4.228202,      62.958747,      10.222740,      72.184593,      34.969682,      32.347143
1971,  4,      37.456017,      23.584180,       2.050385,       0.988949,      43.768640,       5.645082,      89.280428,       5.616368,       8.572050
1971,  5,      24.186706,      10.742558,       0.911766,       1.665566,      30.696400,       9.420752,     147.443086,       1.773465,       4.989526
1971,  6,       7.567940,       3.010212,       0.067610,       0.013265,       9.399099,       1.801285,     156.172762,       0.028368,       1.115309
1971,  7,       0.185398,       0.396711,       0.003740,       0.000000,       1.795004,       0.300851,      41.096059,       0.000000,       0.657406
1971,  8,       0.005861,       0.097578,       0.000000,       0.000000,       0.039070,       0.005650,      12.889635,       0.000000,       0.019557
1971,  9,       0.288839,       0.422557,       0.022747,       0.000000,       0.004723,       0.004567,       5.353738,       0.144202,       0.089079
1972, 10,       3.457534,       0.615878,       0.193758,       0.000007,       2.366318,       0.080213,       3.992602,       0.201860,       0.600042
1972, 11,      13.213318,       5.795401,       2.727628,       1.266993,      10.037522,       2.365947,      18.273218,       8.584029,       6.530945
1972, 12,      54.310231,      18.019463,      33.956454,       4.569043,      25.711211,       6.636749,      26.197208,      40.389073,      18.098734
1972,  1,      41.523836,       7.211528,      13.743913,       0.672115,      11.139396,       0.964873,       6.425190,      14.063036,      15.696704
1972,  2,      80.068087,      14.759017,      18.805937,       1.652431,      32.811786,       1.063371,      21.790510,      19.483226,      17.849502
1972,  3,      34.982093,       9.152009,       2.808068,       0.005005,      38.936163,       0.457480,      81.587251,       3.964922,       5.068839
1972,  4,      47.979332,      14.990769,       5.168449,       2.478198,      37.051606,       4.381777,      76.796647,      11.023994,       5.243051
1972,  5,      10.639378,       4.184954,       0.075174,       0.010659,      10.467634,       0.819754,     122.237809,       0.269071,       4.375596
1972,  6,       1.186813,       0.970263,       0.000000,       0.037745,       1.789483,       0.613128,      39.876446,       0.042135,       0.442031
1972,  7,       0.000002,       0.046056,       0.000000,       0.000000,       0.024250,       0.001356,      11.653517,       0.000000,       0.000000
1972,  8,       0.000000,       0.019655,       0.000000,       0.000000,       0.050306,       0.014256,       3.924249,       0.000000,       0.020842
1972,  9,       4.436233,       1.919553,       0.117236,       0.000888,       3.469169,       0.060380,       6.099977,       1.737781,       0.849564
1973, 10,       5.112384,       6.159442,       0.006502,       0.003479,       1.913147,       0.119005,       5.421106,      10.230385,      11.179029
1973, 11,      37.230094,      17.253716,       5.284716,       4.548805,      15.822337,       5.736910,      16.552874,      37.385104,      32.533223
1973, 12,      55.898882,      16.138163,      13.055953,       2.306900,      14.136323,       2.189289,      19.217917,      24.739475,      36.199993
1973,  1,     223.457805,     144.968497,      77.236788,      15.938960,     100.539479,      18.630600,      91.848940,     204.350349,     137.483335
1973,  2,     165.720132,     150.434574,      79.636119,      39.765514,     109.248729,      37.887430,      84.726273,     165.792386,     163.959665
1973,  3,     130.382579,      96.801701,      67.398285,      43.632490,     100.010088,      54.461980,      81.698064,      59.557144,      99.700212
1973,  4,      44.730106,      36.199986,      10.577623,       8.609909,      50.876114,      16.554369,     102.980703,       8.358011,      15.014989
1973,  5,      14.170373,      14.787603,       0.119960,       1.673820,      21.620875,       8.687460,     217.211535,       0.166167,       1.472343
1973,  6,       0.578562,       4.668009,       0.000000,       0.041143,       3.211717,       2.355209,      53.649891,       0.000000,       0.154327
1973,  7,       0.000644,       0.525975,       0.000000,       0.000000,       0.478534,       0.179532,      18.126580,       0.000000,       0.000000
1973,  8,       0.006699,       0.178398,       0.000000,       0.000000,       0.070046,       0.000003,       5.643581,       0.000000,       0.000000
1973,  9,       2.584963,       1.137450,       0.000000,       0.000000,       0.042667,       0.000000,       1.039631,       0.414285,       0.157171
1974, 10,       9.875019,       5.576360,       2.674149,       2.107737,       9.296901,       2.277766,      13.157624,       9.202533,       6.330610
1974, 11,     143.388918,      33.023571,      16.098847,       4.458711,      32.229013,       7.778703,      63.590028,      80.750209,      33.292477
1974, 12,     168.660817,      51.114240,      51.808411,       8.819100,      68.649749,      12.333758,      68.368349,      69.406671,      58.095820
1974,  1,     190.651012,      99.468047,      59.061054,      21.794540,     120.913094,      30.534389,     101.466400,     111.727903,      82.665238
1974,  2,      74.071335,      48.444099,       9.890906,       3.368812,      44.073314,       7.148807,      49.307627,      23.152098,      18.795318
1974,  3,     238.503918,     125.269055,      79.516491,      39.358226,     115.004209,      58.458686,     151.716676,     151.206621,      65.911304
1974,  4,     128.479238,      60.807437,      44.552364,      30.823817,     101.881365,      42.263775,     134.050356,      37.674560,      42.546518
1974,  5,      23.601532,      21.272859,       0.603316,       3.355858,      28.997488,      12.072263,     220.835747,       1.823548,       4.293338
1974,  6,       2.337008,       7.435690,       0.000000,       0.049295,       3.807216,       3.202770,      71.202313,       0.000000,       1.928765
1974,  7,      29.027501,       4.419626,      14.949529,       0.040890,      13.511594,       0.716005,      38.464988,       4.255631,       6.813009
1974,  8,       0.012637,       0.322220,       0.000000,       0.000000,       0.093358,       0.000008,       8.344531,       0.000000,       0.197572
1974,  9,       0.000000,       0.000000,       0.000000,       0.000000,       0.000000,       0.000000,       1.733488,       0.000000,       0.000000
1975, 10,       5.445861,       2.534489,       1.536671,       0.879896,       4.446700,       1.576458,       8.630614,       3.421690,       2.726513
1975, 11,       7.849252,       2.015255,       1.510978,       0.982435,       8.375975,       1.558773,       8.367442,       2.975812,       3.081631
1975, 12,      13.408877,       9.193097,       5.309232,       5.058764,       7.142421,       5.005496,       7.807968,      21.206372,      23.106492
1975,  1,      21.499001,       3.813422,      13.641702,       2.385362,      10.935977,       3.193941,      14.913204,       6.337216,       8.675642
1975,  2,     155.946468,      70.184635,      62.968674,      26.316726,      57.041455,      12.224300,      50.157992,      83.802338,      98.018378
1975,  3,     169.817731,     123.888268,     101.684693,      47.464300,     121.062018,      52.765181,     111.138308,     113.928721,     149.438193
1975,  4,      93.385747,      46.667211,      40.384741,      29.234739,      81.306112,      31.301045,      88.025729,      16.474921,      29.549791
1975,  5,      27.848530,      19.725024,       4.844212,       5.804272,      57.053704,      15.592445,     216.122657,       1.058777,      12.763408
1975,  6,       2.851088,       6.654713,       0.008824,       0.173084,      11.575287,       5.128646,     181.615430,       0.000000,       0.651204
1975,  7,       0.054612,       2.066621,       0.000002,       0.000000,       1.613406,       1.027332,      38.332155,       0.096280,       2.345549
1975,  8,       2.135325,       0.560974,       0.236030,       0.000000,       3.015344,       0.332173,      19.294583,       0.005867,       1.608939
1975,  9,       0.000000,       0.000697,       0.000000,       0.000000,       0.067683,       0.039575,       4.511971,       0.000000,       0.000000
1976, 10,      17.046626,       5.813018,       2.725966,       1.447861,      12.939185,       2.577420,      32.800214,      10.085312,       9.574151
1976, 11,      10.519491,       2.229149,       2.396427,       0.393118,       6.619063,       1.746360,      19.299795,       1.594384,       2.432967
1976, 12,       8.045165,       1.951712,       0.627734,       0.030756,       4.046540,       0.422800,       7.749189,       1.270960,       3.753924
1976,  1,       3.139755,       0.577663,       0.224786,       0.046689,       1.292774,       0.221339,       4.147127,       0.862530,       0.710086
1976,  2,      13.237783,       3.758573,       3.345208,       3.226588,       7.011204,       5.866745,      13.209017,       3.907782,       3.085922
1976,  3,      18.222256,       2.679646,       7.016628,       1.786595,       9.093242,       2.346422,      20.261346,       4.679722,       6.691224
1976,  4,      10.729263,       8.022482,       2.208727,       0.329010,       7.600882,       0.977273,      22.574811,       7.752614,       9.129487
1976,  5,       0.681323,       0.368457,       0.095768,       0.002784,       1.419471,       0.114408,      60.002761,       0.000000,       0.141327
1976,  6,       0.602885,       0.272981,       0.000000,       0.000000,       0.181233,       0.000000,      14.540570,       0.000000,       1.193503
1976,  7,       0.000000,       0.026268,       0.000000,       0.000000,       0.096884,       0.000000,       5.896032,       0.000000,       0.039823
1976,  8,       4.508601,       1.131499,       0.883741,       0.000009,       5.874130,       0.040523,      14.361197,       1.366768,       7.558131
1976,  9,       1.925114,       0.283592,       0.166713,       0.142643,       2.136111,       0.905215,       4.558472,       0.320771,       1.261321
1977, 10,       0.166393,       0.577546,       0.032415,       0.038259,       0.926672,       0.187678,       2.962982,       0.192599,       1.092327
1977, 11,       5.296387,       3.164490,       1.053973,       0.272026,       4.029121,       0.291916,       5.689205,       4.236681,       2.928301
1977, 12,       0.371025,       1.373061,       0.001447,       0.046632,       0.004527,       0.068552,       0.279204,       3.850675,       0.831382
1977,  1,      11.731887,       4.296516,       2.028766,       1.322711,       6.213321,       2.016465,       4.978408,       8.556761,       9.652000
1977,  2,       8.606852,       4.207336,       1.373240,       0.363940,       4.324972,       0.663696,      11.714354,       7.404585,       4.735606
1977,  3,       5.501112,       5.477630,       1.609706,       0.192898,       3.651106,       0.346717,       7.389668,       9.915637,      13.151718
1977,  4,       0.538609,       0.160099,       0.178228,       0.000000,       0.853654,       0.009240,      23.191471,       0.152201,       4.755259
1977,  5,       8.724071,       2.815045,       1.273771,       0.306451,       6.526025,       1.267709,      35.444350,       2.074488,      10.379479
1977,  6,       0.015703,       0.082785,       0.000245,       0.119181,       0.165090,       0.640967,      16.218379,       0.000000,       0.254034
1977,  7,       0.000000,       0.009320,       0.000000,       0.000000,       0.186530,       0.000000,       5.429434,       0.000000,       0.087409
1977,  8,       0.132243,       0.015971,       0.000000,       0.000000,       0.000000,       0.000000,       0.668693,       0.000000,       0.011746
1977,  9,       0.090282,       2.650682,       0.008188,       0.000000,       0.225395,       0.000000,       1.735551,       1.929459,       0.866673
1978, 10,       0.067638,       1.134713,       0.000000,       0.000000,       0.029192,       0.002407,       0.639951,       0.880252,       0.620829
1978, 11,      16.468391,       8.432036,       2.758118,       2.040287,       9.804737,       2.675708,      10.470106,      24.851591,      12.140500
1978, 12,      55.964283,      18.045837,      15.816371,       8.656902,      22.404322,       9.959110,      31.380709,      41.615140,      39.523267
1978,  1,     258.131740,     141.350061,      81.790664,      52.992565,      91.936774,      40.898595,      64.870771,     236.081523,     193.209121
1978,  2,     130.516135,     111.076328,      59.221384,      82.388015,      58.596572,      71.200353,      50.212737,     126.342928,     145.446449
1978,  3,     171.955955,      94.949478,      80.489286,      75.161263,      96.869567,      85.865406,     147.327807,      76.670460,     103.468500
1978,  4,     137.482831,      62.596127,      90.934450,      72.287980,     112.344067,      82.303715,     152.823354,      26.504666,      45.278840
1978,  5,      35.279457,      23.423886,       3.701454,      15.323855,      38.367519,      27.197391,     208.918894,       1.181110,       5.716757
1978,  6,       5.102407,       8.427528,       0.000007,       1.238655,       7.067530,      10.658425,     186.829025,       0.000000,       0.097156
1978,  7,       0.210282,       2.147514,       0.000000,       0.006138,       0.457549,       2.438231,      38.698683,       0.000000,       0.000171
1978,  8,       0.013909,       0.089405,       0.000000,       0.000000,       0.002887,       0.123676,      11.650223,       0.000000,       0.000000
1978,  9,       7.570264,       2.382202,       0.937534,       0.520525,       5.344630,       1.678506,      16.477181,       2.085973,       2.120360
1979, 10,       0.000063,       0.000000,       0.000000,       0.000000,       0.000000,       0.013303,       1.181840,       0.000000,       0.000000
1979, 11,      16.849750,       2.463343,       1.843703,       2.739103,       5.438167,       4.287742,       4.989815,       4.477355,       4.759936
1979, 12,       7.748505,       0.926996,       4.955700,       1.776984,       5.795071,       3.163940,       4.258169,       2.521090,       0.783260
1979,  1,      68.764634,      19.213717,      49.756955,      17.011806,      23.112430,      16.477896,      31.463435,      48.000466,      39.518577
1979,  2,     116.811444,      49.612601,      78.983805,      41.819673,      45.063712,      31.911008,      32.547634,      71.281228,      61.738174
1979,  3,     117.065230,      45.751069,      82.171736,      43.816645,      76.439410,      55.681275,      86.201080,      33.511615,      43.858356
1979,  4,      48.539302,      24.432652,       8.390219,      13.438756,      47.913677,      18.205571,      94.628788,      11.640891,      25.233232
1979,  5,      36.229031,      15.331542,       4.931399,       3.122592,      37.477511,      11.617579,     215.917596,       3.708468,       9.382432
1979,  6,       1.592313,       4.381962,       0.000000,       0.011595,       4.936622,       2.993943,      60.323750,       0.000000,       0.172336
1979,  7,       0.904491,       0.951832,       0.000000,       0.000013,       1.657554,       0.834999,      20.385089,       0.000000,       0.002654
1979,  8,       0.010169,       0.077961,       0.000000,       0.000000,       0.012388,       0.157697,       4.990183,       0.000000,       0.303040
1979,  9,       0.003797,       0.073064,       0.000000,       0.000000,       0.035240,       0.022173,       0.730619,       0.000000,       1.105293
1980, 10,      13.835802,       7.317187,       1.557475,       0.828857,       7.790436,       1.406413,      12.318570,      12.226044,       8.592894
1980, 11,      15.755592,      13.063426,       5.511254,       1.501846,       9.428658,       2.671537,      14.496281,      15.196606,      22.020772
1980, 12,      32.808594,      45.219853,      10.574503,       3.112806,       9.836430,       2.471613,      12.383805,      44.527528,      42.611658
1980,  1,     236.656098,     103.019378,     142.825301,      61.916158,     133.935649,      49.295953,     174.062430,     117.095497,      94.965121
1980,  2,     223.495946,     138.768272,     129.653258,      99.038722,     140.112314,      83.390176,     172.242404,     178.619546,     161.095105
1980,  3,     109.840909,      82.667622,      47.996071,      61.560831,      87.761757,      59.913347,     120.622067,      50.832990,      71.461472
1980,  4,      54.169969,      37.746120,       8.513437,      17.987056,      43.733299,      27.188504,     111.611749,      13.929730,      19.987647
1980,  5,      28.154861,      14.303784,       1.356234,       7.357038,      18.289416,      16.502837,     156.978621,       1.534704,       2.691799
1980,  6,       6.982468,       5.754449,       0.013386,       0.874341,       3.904119,       6.274685,     134.503497,       0.313594,       2.573728
1980,  7,       4.744339,       1.095591,       4.436613,       0.004184,      13.292454,       1.556146,      44.338033,       0.014586,       0.000686
1980,  8,       0.000000,       0.011204,       0.000000,       0.000000,       0.109223,       0.081753,      12.535406,       0.000000,       0.000000
1980,  9,       0.000000,       0.211913,       0.000000,       0.000000,       0.035049,       0.017259,       4.562590,       0.000000,       0.606433
1981, 10,       0.577109,       1.185281,       0.000000,       0.015159,       0.795327,       0.170803,       3.401690,       0.157100,       1.118765
1981, 11,       1.926974,       0.874134,       0.000000,       0.051501,       0.692092,       0.239073,       2.268151,       0.253808,       0.714077
1981, 12,      13.373930,      10.706866,       2.037479,       1.875904,       7.266164,       2.199050,       7.037073,      26.000139,      18.613908
1981,  1,      46.284832,      31.079087,      31.314408,       8.294964,      17.636966,       7.543753,      31.248933,      53.060102,      55.006572
1981,  2,      28.241545,      19.484680,      14.314095,       1.328242,      15.576071,       3.757091,      14.745343,      15.666351,      38.862197
1981,  3,      80.264846,      30.337007,      45.763767,      12.019349,      49.914663,      13.693475,      40.654856,      23.910924,      50.689160
1981,  4,      23.795893,      13.398963,       6.398082,       2.704084,      22.875035,       4.873327,      77.708546,       2.719333,      13.927654
1981,  5,      11.183055,       6.269216,       0.349529,       0.252359,       9.706912,       1.887534,      91.095502,       0.696375,       6.303094
1981,  6,       0.585188,       1.283901,       0.000117,       0.000000,       0.768483,       0.300784,      24.391165,       0.000000,       0.312261
1981,  7,       0.000000,       0.190611,       0.000000,       0.000000,       0.014914,       0.000945,       7.426162,       0.000000,       0.007452
1981,  8,       0.000000,       0.000000,       0.000000,       0.000000,       0.000000,       0.000000,       1.358871,       0.000000,       0.000000
1981,  9,       2.070773,       1.291555,       0.000000,       0.000000,       0.564034,       0.000000,       2.018213,       0.798544,       1.573437
1982, 10,      13.575805,       7.471924,       1.483244,       0.576316,       7.185489,       0.441847,      14.266939,      12.336438,       8.387906
1982, 11,     108.897215,      30.835098,      28.368863,       4.771622,      37.082088,       4.830204,      77.394069,      56.293742,      36.335792
1982, 12,     212.572979,      78.173105,      50.348608,       4.802982,      73.077029,       4.085290,     120.194517,     107.804396,      66.021121
1982,  1,     200.782512,      94.085512,     136.150639,      61.980176,     160.543780,      48.727463,     116.303494,     123.537806,      91.025175
1982,  2,     187.225135,      69.952315,     108.196284,      55.875076,     157.143672,      48.250258,     168.775173,      81.980448,      64.419042
1982,  3,     169.495703,      90.616252,     150.717326,      92.477285,     171.379561,      93.733278,     211.080692,     118.687568,      55.570038
1982,  4,     293.200204,     118.292969,     171.224798,     125.115749,     229.229246,     130.840829,     270.240225,     168.524759,      69.376393
1982,  5,      30.879785,      33.664584,       1.925997,      14.002253,      64.907069,      33.586516,     260.539928,       7.089870,       6.584623
1982,  6,       7.634586,      12.704299,       0.001184,       2.677367,      13.008771,      15.529640,     115.405690,       0.030406,       1.375959
1982,  7,       1.678440,       4.128087,       0.000960,       0.182209,       2.784240,       6.337754,      31.346684,       0.136055,       2.517359
1982,  8,       0.000000,       0.367238,       0.000000,       0.000000,       0.016848,       0.989724,       8.699738,       0.000000,       0.037622
1982,  9,       5.298268,       2.817139,       0.677721,       0.882596,       7.533449,       2.237633,      16.226162,       2.669461,       1.657447
1983, 10,      20.944813,       8.213918,      10.172745,       2.913960,      12.176192,       3.680289,      60.935278,      12.646112,       7.829210
1983, 11,      58.750239,      17.019047,      51.301035,      14.508417,      26.815617,      20.062209,      72.149800,      46.345639,      27.499145
1983, 12,     195.141500,      53.876459,     113.111805,      58.476290,     134.187162,      70.331159,      90.130060,      50.821079,      74.334137
1983,  1,     139.291675,     123.039451,     132.318225,      72.412459,     125.643081,      71.493535,     115.529115,     146.425128,     122.647184
1983,  2,     236.021826,     175.600370,     139.232376,     100.190625,     175.210399,      94.216541,     148.123253,     223.250278,     154.936780
1983,  3,     377.694140,     306.347037,     270.674519,     163.966498,     291.527984,     155.443823,     247.962523,     321.807888,     314.090690
1983,  4,     122.558630,     135.284700,      63.701678,      45.419182,     137.992559,      62.477778,     146.753685,      72.511493,      82.811441
1983,  5,      80.315538,      66.908544,      31.753965,      28.515314,     115.582499,      52.085655,     298.030435,      20.124778,      45.195572
1983,  6,       8.904135,      25.282551,       0.000523,       2.503101,      24.665711,      18.709537,     346.214144,       0.919223,       2.895308
1983,  7,       1.013566,      10.165800,       0.000000,       0.010923,       3.250935,       5.323315,     101.894509,       0.000000,       0.657363
1983,  8,       0.047352,       3.931616,       0.000000,       0.000000,       0.409174,       0.698570,      30.775202,       0.030663,       0.654959
1983,  9,       0.718555,       1.813412,       0.135285,       0.092604,       1.087501,       0.245687,      17.168227,       0.252087,       1.436768
1984, 10,       6.273479,       2.212260,       0.214388,       0.127017,       1.069566,       1.709008,      10.461639,       3.088198,       0.976440
1984, 11,     150.484569,      49.041753,      89.449704,       7.872311,      77.273703,      12.644228,     149.796489,      65.784690,      69.782307
1984, 12,     249.778156,     175.629294,     154.225836,      31.773409,     147.193281,      28.737883,     158.912090,     178.964818,     208.977239
1984,  1,      58.887710,      60.655020,      15.783377,       7.682521,      62.226518,       8.948885,      74.736161,      17.118639,      54.722900
1984,  2,      90.285710,      53.371292,      37.474703,       6.893695,      67.716657,      11.369142,      58.660330,      16.987077,      24.156197
1984,  3,      65.374727,      40.528937,      31.504017,       6.935531,      70.910725,      13.565649,      93.012157,      17.854594,      15.931086
1984,  4,      42.669154,      18.782843,       4.206737,       2.239755,      35.652886,       5.790155,      73.742387,       4.472472,       6.205804
1984,  5,      15.973156,       7.095957,       0.618548,       0.212051,      16.455725,       2.107327,     222.226333,       0.134714,       0.699381
1984,  6,       4.375219,       2.477797,       0.114056,       0.321260,       4.911700,       0.817618,     113.344017,       0.200934,       0.123726
1984,  7,       0.001469,       0.106666,       0.000000,       0.000000,       0.228727,       0.000955,      29.994696,       0.000000,       0.000000
1984,  8,       0.005259,       0.340323,       0.000000,       0.000000,       0.006330,       0.000000,       8.864497,       0.483806,       0.127106
1984,  9,       0.056167,       0.199252,       0.000000,       0.000000,       0.002655,       0.000000,       3.053264,       0.099584,       0.473700
1985, 10,       7.533516,       4.058746,       1.405187,       0.727125,       7.236715,       0.994070,      11.838696,       5.054364,       4.463140
1985, 11,      50.882864,      29.126427,      19.979018,       3.269315,      22.596889,       4.454934,      37.971832,      60.869065,      45.593499
1985, 12,      27.541237,      16.418439,      12.549991,       0.913764,       9.040559,       1.932126,       6.310007,      18.326043,      36.198557
1985,  1,      14.737825,       6.734676,       5.370531,       0.624290,       7.998593,       0.890612,       6.533785,       6.224518,       6.423949
1985,  2,      61.187171,      33.073563,      23.612248,       2.434820,      22.209358,       3.165254,      19.885330,      37.757882,      19.596478
1985,  3,      69.531258,      51.856527,      34.465786,       6.474246,      38.454925,       7.313423,      41.095395,      33.371059,      35.654620
1985,  4,      23.324626,      15.861292,       4.394816,       0.830105,      36.398017,       1.605159,     127.815816,       1.279834,      14.270394
1985,  5,       2.878934,       5.926485,       0.012238,       0.000062,       6.589638,       0.450259,     109.151178,       0.002148,       0.875912
1985,  6,       1.012416,       1.293824,       0.024522,       0.027637,       1.517381,       0.076014,      27.288954,       0.000000,       0.292315
1985,  7,       0.000000,       0.020520,       0.000000,       0.000000,       0.011362,       0.000000,       8.398433,       0.010288,       0.000000
1985,  8,       0.000000,       0.056898,       0.000000,       0.000000,       0.010202,       0.000000,       1.924733,       0.048861,       0.040219
1985,  9,       3.169764,       2.717861,       0.245420,       0.000000,       2.073045,       0.000399,       8.154911,       2.111899,       3.984535
1986, 10,       3.018496,       2.818410,       0.677647,       0.140473,       3.093482,       0.304636,       7.349384,       3.495600,       2.245106
1986, 11,      28.622264,       9.154729,       8.083794,       4.651841,      14.304921,       5.506605,      18.597711,      20.704904,       9.694478
1986, 12,      40.636392,       8.011452,      19.029763,       1.721988,      13.066928,       3.040230,      15.149920,      19.936105,      22.233536
1986,  1,      72.853235,      52.890902,      28.170251,       2.737891,      36.439483,       3.162528,      44.114936,      55.612466,      36.979980
1986,  2,     454.685420,     266.833514,     231.213983,     133.354898,     277.574643,      92.881411,     301.173304,     446.577394,     227.207827
1986,  3,     226.943853,     165.524313,     132.589920,      91.511929,     175.592131,      75.872231,     278.692205,     180.764467,     129.443443
1986,  4,      46.840992,      50.102120,       8.203421,      17.847197,      50.132603,      23.718529,     145.812112,      23.046873,      21.173652
1986,  5,      26.610088,      21.238866,       1.071405,       6.544696,      19.843926,      13.937384,     193.823232,       5.718455,       3.291770
1986,  6,       1.210525,       7.156543,       0.000000,       0.296108,       1.522031,       4.381738,      97.875266,       0.000000,       0.004335
1986,  7,       0.000000,       1.659610,       0.000000,       0.000194,       0.467207,       0.992024,      27.489352,       0.000000,       0.096205
1986,  8,       0.000000,       0.004653,       0.000000,       0.000000,       0.000699,       0.013705,       7.227213,       0.000000,       0.010897
1986,  9,      11.977780,       2.478823,       1.010280,       0.287729,       3.543239,       0.907280,       9.914861,       1.945429,       0.974273
1987, 10,       0.489987,       0.748596,       0.002465,       0.000000,       0.464839,       0.049249,       0.879450,       0.345918,       1.287970
1987, 11,       1.499394,       0.129716,       0.014039,       0.000000,       0.441239,       0.005957,       1.485204,       0.000567,       0.375692
1987, 12,       4.428845,       4.489071,       0.341216,       0.021363,       2.471262,       0.200462,       1.889296,       4.489923,       5.027960
1987,  1,      17.113757,       9.422857,       3.099415,       1.369438,       8.950934,       2.645863,       8.425203,      12.906958,      14.388271
1987,  2,      44.596126,      11.644029,      17.187819,       3.564989,      13.636369,       4.304104,      23.175217,      23.572037,      24.180066
1987,  3,      66.001180,      41.162162,      40.825874,       3.138374,      23.411673,       4.408131,      36.673749,      41.660302,      43.564519
1987,  4,      11.234361,       6.428694,       1.912109,       0.141429,       3.117921,       0.487307,      55.292899,       0.244385,       3.790521
1987,  5,       4.703893,       2.575597,       0.157102,       0.009420,       2.673079,       0.118152,      32.738430,       0.459820,       0.337138
1987,  6,       0.099942,       0.468383,       0.000001,       0.000000,       0.129711,       0.000339,      10.214592,       0.000000,       0.001993
1987,  7,       0.010656,       0.172865,       0.000000,       0.000000,       0.000000,       0.000000,       2.837850,       0.000000,       2.665490
1987,  8,       0.000000,       0.000000,       0.000000,       0.000000,       0.000000,       0.000000,       0.247064,       0.000000,       0.112303
1987,  9,       0.000000,       0.000000,       0.000000,       0.000000,       0.000000,       0.000000,       0.131875,       0.000000,       0.000000
1988, 10,       1.518409,       2.664537,       0.104175,       0.283687,       1.077109,       0.737141,       4.215253,       2.769638,       3.935486
1988, 11,       6.784249,       6.681228,       0.656861,       0.077265,       2.620748,       0.329864,       6.435508,       9.685139,       9.604256
1988, 12,      47.280645,      26.951479,       2.822362,       1.653118,       7.793491,       1.783939,       7.276663,      52.637817,      38.959105
1988,  1,      79.187679,      84.659499,      14.161935,       3.927373,      13.570791,       4.664084,      11.776818,      84.520130,     113.098624
1988,  2,      19.597734,      17.955772,       1.807928,       0.570029,       1.633251,       0.631639,       7.389748,       4.859052,      18.548908
1988,  3,      19.513061,       7.473405,       2.684182,       2.436419,       4.933906,       4.610127,      17.305005,       1.261297,       4.644213
1988,  4,      23.592378,       6.823907,       4.689921,       5.465651,       8.994729,       7.481790,      49.164734,       8.007617,       7.083535
1988,  5,      10.166277,       3.725559,       0.452263,       0.711978,       1.026276,       1.681726,      38.318837,       3.683726,       7.688992
1988,  6,       2.790325,       1.090077,       0.031797,       0.013975,       0.857035,       0.447740,      12.681504,       0.485476,       3.744619
1988,  7,       0.000891,       0.007220,       0.000000,       0.000000,       0.014727,       0.002505,       3.445272,       0.000000,       0.000000
1988,  8,       0.000000,       0.000000,       0.000000,       0.000000,       0.000059,       0.000000,       0.483323,       0.000000,       0.000000
1988,  9,       0.000723,       0.000000,       0.000000,       0.000000,       0.071096,       0.000000,       0.495874,       0.000000,       0.000000
1989, 10,       0.000000,       0.238205,       0.000000,       0.000000,       0.000001,       0.000000,       0.004275,       0.000000,       0.131996
1989, 11,      42.314955,      10.487823,       3.566567,       2.642895,      13.084117,       3.244782,      13.820085,      18.885004,      15.524441
1989, 12,      20.664009,       8.489636,       5.288670,       1.950190,       4.429299,       2.651687,       3.974372,      23.172402,       9.725641
1989,  1,      45.757535,       3.902320,       8.722400,       0.929628,       5.787983,       1.006576,       4.507185,       6.256551,       7.137092
1989,  2,      38.922887,       2.117032,       8.825807,       2.304622,       7.154472,       1.456907,       9.931208,       3.949153,       4.087861
1989,  3,     260.499752,      59.454913,      47.988279,      14.614856,      66.985533,       7.374322,      81.671892,      69.193824,      55.855856
1989,  4,      51.872427,      14.945368,       5.911644,       1.509696,      22.847470,       4.959532,     123.845997,       7.074462,       9.153520
1989,  5,      21.759850,       5.237829,       0.173747,       1.155699,       8.158808,       4.018912,      96.759037,       0.352802,       3.685278
1989,  6,       3.738780,       2.043197,       0.000001,       0.005179,       2.323088,       0.690572,      27.111520,       0.250122,       0.730008
1989,  7,       0.006091,       0.220880,       0.000000,       0.000000,       0.022922,       0.045342,       7.845653,       0.003615,       0.017414
1989,  8,       0.234856,       0.005441,       0.000000,       0.000000,       0.063183,       0.000000,       2.729623,       0.000000,       0.001089
1989,  9,       5.869761,       6.839777,       1.586552,       0.224879,       5.802019,       0.548600,      11.616705,       7.725089,      10.655720
1990, 10,      14.802626,       9.287590,       7.757066,       1.675428,      12.027110,       1.599843,      22.692642,      16.886785,      10.765563
1990, 11,      14.874506,       3.508764,       5.566920,       2.087689,       8.725088,       2.233986,      19.433579,       7.127991,       2.254868
1990, 12,       1.236779,       0.004416,       0.765989,       0.000000,       1.043467,       0.065963,       4.247495,       0.000000,       0.593153
1990,  1,      49.848873,      22.192896,      12.326556,       3.762759,      14.277879,       4.388296,      21.855001,      27.599863,      29.035603
1990,  2,      58.784403,      28.129244,      21.865667,       8.297445,      14.334091,       5.610140,      13.387088,      20.367858,       6.913847
1990,  3,      46.320633,      16.813733,      20.559375,      10.163273,      38.334611,       7.026872,      66.731126,       5.197515,      13.469584
1990,  4,      16.640441,       5.312329,       1.936433,       1.592314,      13.825615,       5.319037,      97.931545,       0.040138,       0.881502
1990,  5,      19.630390,      16.291451,       3.065272,       1.320471,       9.183228,       3.750273,      54.216804,      17.032493,       9.247969
1990,  6,      16.272606,       3.544361,       2.216596,       0.007636,       9.195207,       0.968913,      29.317162,       0.138760,       5.701612
1990,  7,       0.053042,       0.846484,       0.000000,       0.000000,       0.631874,       0.096438,       9.231658,       0.000000,       0.051153
1990,  8,       0.000139,       0.038348,       0.000000,       0.000000,       0.018454,       0.000002,       2.225840,       0.000000,       0.097450
1990,  9,       0.008687,       1.306601,       0.000000,       0.000000,       0.184965,       0.000000,       1.541200,       0.005506,       0.209890
1991, 10,       0.670845,       1.623661,       0.000124,       0.000000,       0.404391,       0.000000,       1.312603,       0.684283,       0.354245
1991, 11,       3.187477,       1.027170,       0.478524,       0.008203,       3.304362,       0.175611,       3.009735,       1.212145,       1.926594
1991, 12,       3.602438,       2.659909,       0.341548,       0.226878,       1.437341,       0.444919,       1.479915,       2.682962,       3.880839
1991,  1,       2.239684,       1.078565,       0.066135,       0.778877,       1.139854,       1.313988,       1.112080,       1.596156,       1.696046
1991,  2,       9.008859,       7.202049,       0.928727,       1.321694,       5.067861,       0.319272,       7.827679,      14.889220,       9.432525
1991,  3,     151.892543,      92.543131,      65.530524,      68.895602,      40.514957,      51.903384,      45.788945,     129.185021,      89.917486
1991,  4,      43.222695,      25.932728,      12.387990,      10.591782,      18.659799,      10.304485,      29.879547,       2.922871,      26.329068
1991,  5,      29.169279,      10.930917,       2.213545,       4.179452,      13.385685,       7.930023,      71.649213,       0.342181,       9.651998
1991,  6,       9.857203,       4.460049,       0.241938,       0.275252,       3.714679,       2.699032,      60.561695,       1.197616,       1.473568
1991,  7,       2.233065,       0.663619,       0.209116,       0.000000,       3.345250,       0.389694,      15.321941,       0.006765,       1.176497
1991,  8,       0.011959,       0.000147,       0.000000,       0.000000,       0.010655,       0.007583,       4.936139,       0.000000,       0.001105
1991,  9,       0.000000,       0.000000,       0.000000,       0.000000,       0.001678,       0.000000,       1.498034,       0.000000,       0.000643
1992, 10,      11.101926,       2.315771,       4.281074,       2.839142,      12.048168,       3.963027,      15.435837,       6.154515,       1.053850
1992, 11,       6.850025,       2.940823,       1.088514,       0.508043,       3.662435,       0.842839,       7.577586,       4.557399,       3.652203
1992, 12,      11.749388,       6.966072,       2.402744,       2.003602,       4.371830,       1.811907,       8.036534,      14.068226,       9.373946
1992,  1,      13.489573,       5.694604,       3.968371,       1.217190,       5.911960,       2.539855,       6.391631,      10.485110,      13.428866
1992,  2,     104.131434,      44.810824,      37.782090,      15.916302,      28.580534,      14.927384,      35.927223,      57.190050,      73.982304
1992,  3,      57.557190,      49.243336,      25.117491,      14.926283,      29.090305,      15.722128,      58.187216,      38.568585,      73.846650
1992,  4,      27.661044,      18.567706,       2.378967,       3.439082,       9.965014,       5.004045,      76.884541,       7.144508,      16.353106
1992,  5,       3.932964,       6.582376,       0.000001,       0.087982,       1.076880,       1.582872,      32.020979,       0.221263,       0.980115
1992,  6,       1.020209,       3.716926,       0.004020,       0.000114,       0.281448,       0.139464,      13.448386,       1.775114,       2.761035
1992,  7,       2.526636,       0.421650,       0.538776,       0.163079,       3.133072,       1.228992,      11.830434,       0.074046,       2.984502
1992,  8,       0.000000,       0.000000,       0.000000,       0.000000,       0.052323,       0.000000,       2.339714,       0.000000,       0.000000
1992,  9,       0.000000,       0.000000,       0.000000,       0.000000,       0.029586,       0.000000,       0.252473,       0.000000,       0.000000
1993, 10,       7.288410,       5.776750,       0.709067,       1.353235,       1.495573,       1.504711,      11.609248,      10.460131,       5.995264
1993, 11,       5.329127,       1.441505,       0.588943,       0.096550,       6.000247,       1.226095,       2.520481,       1.090908,       3.673645
1993, 12,      64.206834,      28.648651,      31.099039,      12.365936,      25.326799,       9.331388,      36.028085,      52.324475,      41.905055
1993,  1,     232.499880,     164.702426,     146.750060,     141.672824,     139.669823,      86.841962,      98.971883,     274.895545,     176.293800
1993,  2,     155.219368,     161.000256,      93.970031,      76.139423,      99.917245,      68.071139,      94.954654,     179.630586,     173.218321
1993,  3,     129.820154,      83.779286,      64.631578,      54.957291,     114.481628,      58.498748,     144.620359,      41.467738,      49.910822
1993,  4,      61.989159,      41.828252,      23.389457,      20.773383,      67.620890,      27.487098,     144.565876,      15.039794,      14.855996
1993,  5,      28.209302,      26.570706,       0.893292,       6.135015,      26.994664,      15.550916,     260.935773,       8.608276,       8.992940
1993,  6,      28.465617,      21.077895,       2.564731,       4.214529,      24.761225,      13.348100,     132.616573,       5.993171,      15.911094
1993,  7,       0.368528,       5.522587,       0.000000,       0.016253,       1.700302,       3.028020,      36.465202,       0.000000,       0.114243
1993,  8,       0.112399,       1.248223,       0.000000,       0.000000,       0.054495,       0.481678,      10.346166,       0.000000,       0.001174
1993,  9,       0.000000,       0.093897,       0.000000,       0.000000,       0.000000,       0.058412,       2.329551,       0.000000,       0.000000
1994, 10,       2.202872,       1.894255,       0.194917,       0.049089,       2.389563,       0.500089,       6.393675,       2.561802,       2.080609
1994, 11,       4.133498,       5.076573,       0.435804,       0.604085,       1.123517,       1.238941,       4.567894,      11.474446,       3.072618
1994, 12,      32.168873,      10.085154,       2.963873,       2.760573,      13.885508,       4.062611,       7.539323,      24.074284,      12.509936
1994,  1,      13.411922,       8.544861,       4.768779,       1.514481,       8.324632,       2.717240,       8.747970,      12.748901,      13.123195
1994,  2,      52.984090,      41.105053,      30.310825,      11.944658,      15.057878,      11.941658,      21.892905,      40.579900,      46.771914
1994,  3,      28.064561,      12.147601,       5.859897,       2.899916,      13.336290,       3.636808,      27.765774,       1.536784,      11.702201
1994,  4,      17.867952,      10.542348,       5.342720,       7.023026,       9.431947,       9.558070,      49.925637,       8.518829,       9.732120
1994,  5,       8.311080,       6.587860,       1.502049,       2.379806,      10.032369,       4.519770,      49.746914,       5.330471,       9.548631
1994,  6,       0.275640,       1.188348,       0.000003,       0.036026,       0.621780,       1.107400,      14.428734,       0.000000,       0.100937
1994,  7,       0.000000,       0.098226,       0.000000,       0.000000,       0.000000,       0.007743,       3.640119,       0.000000,       0.000000
1994,  8,       0.000000,       0.000002,       0.000000,       0.000000,       0.000000,       0.000000,       0.278511,       0.000000,       0.000000
1994,  9,       0.070437,       0.061900,       0.000209,       0.000011,       0.018321,       0.017695,       1.898184,       0.000000,       0.000000
1995, 10,       1.611708,       1.128849,       1.367116,       2.733490,       3.190046,       3.122875,       5.781154,       2.464278,       2.049998
1995, 11,      32.012443,      12.817835,      10.831343,       3.354546,      19.923713,       4.076166,      22.343910,      28.301607,      13.494414
1995, 12,      77.595014,       9.688074,      22.208352,       7.224833,      19.318425,       5.722922,      17.932295,      25.201027,      13.868779
1995,  1,     358.021559,     310.531468,     169.937697,     107.351057,     193.827296,      76.932959,     139.502775,     408.159200,     340.129306
1995,  2,      52.471419,      80.216637,      18.353399,      27.251535,      54.569780,      23.874817,      64.831103,      31.463631,      74.855036
1995,  3,     363.404313,     270.709689,     202.164135,     200.116384,     249.958833,     168.927767,     279.209286,     309.924249,     251.858647
1995,  4,     110.743845,      85.367450,      45.862253,      40.954104,     120.175771,      45.131764,     203.143207,      40.347262,      37.402552
1995,  5,     102.009535,      58.027312,      78.066912,      42.194000,     130.681380,      59.087245,     290.711003,      20.956377,      32.765994
1995,  6,      27.441640,      19.890417,       1.759085,      10.376245,      33.778923,      23.168131,     230.184335,       2.522175,       4.229387
1995,  7,       1.662722,       7.849781,       0.000000,       0.578657,       4.858677,       7.292429,      65.986752,       0.000000,       1.588083
1995,  8,       0.000051,       1.639118,       0.000000,       0.000000,       0.026764,       0.991482,      17.878260,       0.000000,       0.000248
1995,  9,       0.000000,       0.111750,       0.000000,       0.000000,       0.000000,       0.243343,       4.803897,       0.000000,       0.000000
1996, 10,       0.000000,       0.006824,       0.000000,       0.000000,       0.000000,       0.115689,       1.298462,       0.000000,       0.000000
1996, 11,       1.019320,       0.091805,       0.002171,       0.000000,       0.610802,       0.009857,       1.025466,       0.000000,       0.025942
1996, 12,      43.035131,      24.106868,       9.910301,       8.321370,      19.245259,       9.566718,      28.353221,      56.915930,      36.851780
1996,  1,     119.453106,      75.470101,      85.533225,      26.120090,      57.167297,      14.974086,      47.291213,      84.091390,      64.109807
1996,  2,     191.319495,     159.146449,     124.651730,      80.190957,     123.742764,      58.594740,     146.565939,     206.024394,     125.502595
1996,  3,     100.938231,     105.815070,      61.581259,      52.158387,     119.714441,      46.844516,     167.078958,      59.279816,      95.661487
1996,  4,      96.151394,      48.605175,      23.244584,      31.077525,      76.492269,      35.224718,     152.850591,      32.586915,      20.109777
1996,  5,      85.565809,      28.874613,      21.807954,      13.633417,      68.232417,      19.898312,     215.150691,      20.594658,      17.597033
1996,  6,       9.520932,      10.318944,       0.141218,       1.410932,      16.200647,       6.432294,      79.998093,       0.017244,       3.046820
1996,  7,       0.071208,       2.537376,       0.003057,       0.004243,       1.162015,       1.397088,      20.888467,       0.000000,       1.017780
1996,  8,       0.000413,       0.143526,       0.000000,       0.000000,       0.002188,       0.033843,       5.430143,       0.000000,       0.000000
1996,  9,       0.176374,       0.185973,       0.000000,       0.000000,       0.166907,       0.005728,       1.729129,       0.000000,       0.081828
1997, 10,       2.372793,       2.798032,       0.232066,       1.849750,       1.551530,       2.090314,       6.008355,       3.226162,       2.383767
1997, 11,      26.809841,       7.543848,       9.072573,      11.285765,      20.597873,      14.630466,      27.371943,      15.494789,      13.073620
1997, 12,     272.924797,      53.470809,     111.583576,      71.085517,     125.024061,      57.793625,     126.387641,     100.688127,      41.452237
1997,  1,     482.609932,     201.371812,     256.188005,     189.502418,     355.694793,     167.539446,     441.973255,     266.731513,     154.314522
1997,  2,      52.380424,      51.771292,      15.257919,      31.441299,      78.422521,      36.025806,     100.289685,      21.620977,      32.333284
1997,  3,      42.243812,      36.095491,       1.794582,      14.992162,      33.284850,      26.743162,      87.778566,      12.115054,      21.612536
1997,  4,      26.104479,      12.973517,       0.129152,       4.624305,      13.545421,      15.008531,      90.581609,       2.871838,       2.817450
1997,  5,       6.528520,       5.941968,       0.126109,       0.178004,       2.715799,       4.539376,     138.805446,       0.757974,       1.759704
1997,  6,       4.359962,       2.271703,       0.100885,       0.000173,       3.643150,       1.068840,      45.932876,       0.773246,       0.853058
1997,  7,       0.071222,       0.061242,       0.000000,       0.000000,       0.062854,       0.070439,      14.355666,       0.000000,       0.605810
1997,  8,       0.191927,       2.055124,       0.000000,       0.000000,       0.000000,       0.000000,       3.977071,       2.264542,       2.307039
1997,  9,       0.171143,       0.941063,       0.000000,       0.000000,       0.002044,       0.000000,       1.514079,       0.057044,       0.656650
1998, 10,       7.157790,       2.212798,       0.341183,       0.000000,       4.189173,       0.007163,       7.077796,       3.895722,       2.234260
1998, 11,      20.816444,      19.297069,       4.327701,       0.873551,      10.088136,       1.746846,      15.974126,      33.409700,      24.956148
1998, 12,      26.804342,      19.826617,      12.578577,       1.734892,      10.085783,       2.215560,      10.188870,      20.441245,      46.286250
1998,  1,     207.965376,     142.392129,     118.471770,      13.801991,      92.217128,      12.458345,     111.458485,     101.743164,     123.221054
1998,  2,     302.426169,     358.304540,     231.712501,      99.599120,     219.907346,      62.647542,     197.917418,     345.939554,     408.576513
1998,  3,     104.862644,     132.320671,      77.294905,      75.864499,     141.096034,      60.193119,     170.426924,      47.279188,     106.054223
1998,  4,     118.736126,      77.109316,      76.043071,      48.238842,     117.378931,      46.994830,     165.316382,      40.194972,      81.513706
1998,  5,      87.802446,      78.334451,      47.356951,      23.499804,     101.379673,      38.025938,     204.758430,      32.072050,      72.958008
1998,  6,      26.771434,      33.881792,       2.847112,       7.353142,      50.951074,      17.799172,     226.922829,       1.023966,      47.310912
1998,  7,       1.324528,      13.034148,       0.000003,       0.283090,       6.645769,       4.824919,      60.313287,       0.000000,       1.374191
1998,  8,       0.000000,       3.703946,       0.000000,       0.000000,       0.072427,       0.622067,      15.989201,       0.000000,       0.000718
1998,  9,       0.947518,       2.101418,       0.001860,       0.002450,       0.587613,       0.386488,      11.558938,       0.598692,       0.046835
1999, 10,       1.649691,       2.385262,       0.095671,       0.001128,       1.691010,       0.415575,       4.941803,       1.961361,       2.779957
1999, 11,      26.975342,      13.846141,       1.684187,       0.743670,       8.432600,       0.775525,      16.343640,      23.320898,      11.925701
1999, 12,      54.960148,       5.334862,       9.609410,       0.991288,      11.227766,       2.259092,      21.720969,      13.083272,      13.573609
1999,  1,     123.202067,      12.844654,      55.460230,       8.083634,      50.525738,       9.177023,      82.495269,      17.650115,       6.552441
1999,  2,     230.988089,     124.544912,     145.017997,      29.410335,     167.010472,      24.441859,     184.585576,     124.575624,      51.527526
1999,  3,      88.887745,      94.863476,      31.653040,       8.566444,      83.677637,       9.373685,     100.193123,      50.095401,      66.457569
1999,  4,      60.377319,      59.311589,      34.298046,      17.944629,      69.556959,      19.506949,      97.698166,      28.209440,      40.520565
1999,  5,      21.938594,      21.363442,       2.052195,       1.360774,      23.274221,       4.473845,     161.853096,       0.826968,       3.420637
1999,  6,       2.647056,       7.700615,       0.096446,       0.245398,       4.476560,       1.598938,      73.241835,       0.572048,       3.389353
1999,  7,       0.038627,       1.729132,       0.000000,       0.000000,       0.003862,       0.005360,      20.285709,       0.000000,       0.000000
1999,  8,       0.002113,       0.286288,       0.000000,       0.000000,       0.004842,       0.000000,       7.130948,       0.000000,       0.527694
1999,  9,       0.000000,       0.002627,       0.000000,       0.000000,       0.000469,       0.000000,       1.544829,       0.000000,       0.000000
2000, 10,       4.881860,       1.408158,       0.377734,       0.000000,       2.445447,       0.000000,       4.861881,       1.745118,       1.196059
2000, 11,      11.785291,       9.130295,       2.169241,       0.841604,      10.019898,       1.390418,      11.501495,      13.715776,      12.155195
2000, 12,       6.752708,       1.915349,       0.374992,       0.000000,       3.332132,       0.000000,       2.416498,       2.824748,       2.424544
2000,  1,      86.407015,      18.157130,      62.400451,      10.831225,      47.357371,      11.222073,      80.015678,      31.875107,      24.344522
2000,  2,     268.886850,     129.026099,     153.368823,      68.170892,     136.185030,      54.433457,     153.822328,     125.789769,      94.089860
2000,  3,     122.729769,      70.996027,      52.540081,      36.150457,      98.308018,      31.581352,     108.905775,      58.915987,      58.038636
2000,  4,      38.031261,      32.077373,       4.015978,       7.110882,      29.412627,      12.129053,      86.545849,      14.299324,      19.739299
2000,  5,      30.628583,      23.206178,      10.513450,       2.015155,      40.571042,       6.203586,     109.300705,       7.639101,      25.305765
2000,  6,       4.553043,       7.354712,       0.083531,       0.122010,       8.064891,       1.836897,      32.135327,       0.857189,       3.505785
2000,  7,       0.000524,       1.686279,       0.000000,       0.000000,       0.035885,       0.062161,       7.680647,       0.000000,       0.030112
2000,  8,       0.000000,       0.021635,       0.000000,       0.000000,       0.000000,       0.000000,       1.327189,       0.000000,       0.000000
2000,  9,       1.952968,       0.635778,       0.414725,       0.000663,       3.228460,       0.075521,       4.333471,       0.000000,       0.880521
2001, 10,      10.527667,       4.851112,       2.937770,       1.263139,       8.381588,       2.223900,      12.476479,      10.140831,       6.602289
2001, 11,       3.662164,       2.912301,       0.606166,       0.038586,       6.856262,       0.399664,       3.360585,       4.173306,       4.146562
2001, 12,       8.921929,       2.022009,       1.881805,       0.018941,       6.344558,       0.181408,       5.456210,       2.308080,       3.556290
2001,  1,      19.331760,      12.446259,      15.717377,       5.298387,      12.107034,       6.992876,      14.014124,      28.559263,      30.638139
2001,  2,      45.727364,      69.777133,      38.996891,      16.617192,      18.599356,      14.412376,      19.404055,      70.667145,      56.841068
2001,  3,      42.841197,      75.537259,      27.479609,      27.882705,      36.363633,      24.552847,      56.144689,      46.342717,      91.437955
2001,  4,      33.593614,      16.642225,      31.967095,       7.586931,      48.553545,      11.788315,      91.583632,       4.885777,      10.861265
2001,  5,       4.079053,       5.432946,       0.437325,       0.582697,      11.793485,       3.237892,      54.859968,       0.000106,       0.494489
2001,  6,       0.051604,       1.618107,       0.000000,       0.000000,       0.888205,       0.527459,      13.525781,       0.002441,       0.649079
2001,  7,       0.000703,       0.001473,       0.000000,       0.000000,       0.000047,       0.037460,       2.657604,       0.000000,       0.386530
2001,  8,       0.000000,       0.000000,       0.000000,       0.000000,       0.003367,       0.000000,       0.686434,       0.000000,       0.000000
2001,  9,       0.139657,       0.568480,       0.000000,       0.000000,       0.048145,       0.000000,       1.135123,       0.231203,       1.219018
2002, 10,       0.998665,       2.417659,       0.035667,       0.118591,       0.003688,       0.099051,       1.380983,       3.670218,       1.787689
2002, 11,      24.136605,      20.109202,       3.742866,       3.273677,      14.010805,       4.648675,      16.407075,      34.786313,      33.180198
2002, 12,      87.637671,      69.080015,      34.330931,      23.610061,      22.276450,      18.124335,      30.601383,     114.229730,      93.298376
2002,  1,      86.187143,      90.364746,      28.712882,      15.892114,      21.342238,      13.078396,      13.482245,      85.836946,     103.638630
2002,  2,      69.348102,      29.688532,      20.518353,       7.543750,      34.587714,       8.857728,      26.726794,      12.214070,      22.162611
2002,  3,     116.247020,      21.894303,      46.229849,      17.339731,      71.025233,      17.692857,      78.287857,      13.584811,       9.661245
2002,  4,      31.661406,       8.503176,       2.529852,       2.701238,      20.992661,       5.071023,      81.922307,       0.801383,       1.316849
2002,  5,      20.572767,       4.711367,       2.701015,       1.437130,      13.290298,       4.127031,      49.580472,       4.448381,       2.895671
2002,  6,       1.044041,       0.669187,       0.000563,       0.000097,       0.747901,       0.580476,      14.822311,       0.000000,       0.020763
2002,  7,       0.000001,       0.008287,       0.000000,       0.000000,       0.000623,       0.003166,       3.418912,       0.000000,       0.000000
2002,  8,       0.000000,       0.000000,       0.000000,       0.000000,       0.000000,       0.000000,       0.247967,       0.000000,       0.000000
2002,  9,       0.000000,       0.000000,       0.000000,       0.000000,       0.000000,       0.013034,       0.050106,       0.000000,       0.000000
2003, 10,       0.000000,       0.000000,       0.000000,       0.000000,       0.000000,       0.000000,       0.042531,       0.000000,       0.000000
2003, 11,      17.560919,       8.911619,       3.206293,       7.230830,      10.422475,       7.565672,      16.829812,      15.182058,      10.286255
2003, 12,      90.227424,     112.403610,      30.165178,      12.994084,      25.320226,      11.188665,      33.612659,     190.518858,      90.073144
2003,  1,      57.715682,      81.459978,      14.666023,       6.101230,      15.676835,       5.538400,      11.727030,      59.559959,      92.070239
2003,  2,      34.416143,      42.792634,       5.360493,       5.296239,      11.397237,       6.829914,      13.471228,      17.873619,      30.719654
2003,  3,      63.387743,      62.927015,      10.381941,      12.368723,      24.611689,      10.706307,      34.992162,      30.605153,      36.452024
2003,  4,      99.716476,      86.447122,      50.410018,      28.390539,      90.803671,      21.997740,      99.102399,      32.246352,      38.545938
2003,  5,      54.773763,      47.309440,       7.971994,      16.293277,      64.381698,      16.148913,     121.722726,      12.954535,      49.714490
2003,  6,       2.910974,      15.411902,       0.000070,       0.228410,       9.929041,       2.769184,      38.754882,       0.000363,       1.177817
2003,  7,       0.000008,       4.425306,       0.000000,       0.000000,       0.195601,       0.366148,      10.380175,       0.000000,       0.030891
2003,  8,       1.115279,       1.956039,       0.007035,       0.008606,       0.554971,       0.243652,       5.910662,       0.746461,       2.098157
2003,  9,       0.000002,       0.060151,       0.000000,       0.000000,       0.389025,       0.000000,       0.722604,       0.000000,       0.004909
2004, 10,       0.020334,       0.047079,       0.000000,       0.000000,       0.000000,       0.000016,       0.000611,       0.000000,       0.054950
2004, 11,       9.404885,      11.256977,       0.875439,       0.806452,       5.105869,       0.848660,       6.871789,      10.963923,      14.392081
2004, 12,      57.570612,     102.665097,      29.097832,       5.669929,      23.600687,       5.953363,      39.875943,     109.372052,     111.216710
2004,  1,      63.343024,      74.953287,      27.246681,       4.031798,      15.148537,       4.948164,      15.122199,      49.011326,      99.127779
2004,  2,     121.253733,     185.412534,      48.747007,      19.078883,      48.566662,      14.242877,      43.668348,     164.373924,     154.217058
2004,  3,      43.211546,      70.224474,       8.836362,       8.267844,      45.132195,       6.780535,      78.476079,      24.501502,      59.656092
2004,  4,      18.493525,      27.445110,       0.070389,       0.931939,      10.014873,       2.139413,      48.190346,       3.728651,       8.877424
2004,  5,       4.009001,      10.969866,       0.007322,       0.004058,       1.946144,       0.656786,      18.429876,       0.043492,       0.693675
2004,  6,       0.057080,       3.409914,       0.000566,       0.072150,       0.151702,       0.189844,       4.339800,       0.000000,       0.026294
2004,  7,       0.000000,       0.256719,       0.000000,       0.000000,       0.000000,       0.000000,       0.522818,       0.000000,       0.000000
2004,  8,       0.000000,       0.000008,       0.000000,       0.000000,       0.000000,       0.000000,       0.110142,       0.000000,       0.000000
2004,  9,       0.105693,       0.011268,       0.000000,       0.000000,       0.334652,       0.000000,       0.429432,       0.000000,       0.000282
2005, 10,      16.245079,       8.488563,       5.340869,       5.242051,      16.269585,       5.175179,      20.277846,      13.837470,      12.534844
2005, 11,      11.062428,       4.372753,       4.131756,       0.649497,       5.795772,       1.305006,       9.065886,       9.562017,       9.555120
2005, 12,      30.842365,      34.422657,      18.130139,       5.289034,      10.278545,       4.501940,      35.845313,      66.938910,      58.960794
2005,  1,     101.140112,      80.228688,     107.905236,      62.150764,     110.359361,      47.228614,     102.282584,      80.903403,     128.165123
2005,  2,      50.713887,      48.064956,      40.244515,      43.913564,      48.438181,      32.340762,      69.346084,      40.372788,      72.595639
2005,  3,     126.869145,     100.743133,     103.320534,      69.515690,     120.999497,      58.349243,     151.793590,      75.264151,      84.159468
2005,  4,      58.214805,      53.174627,      22.623454,      20.128538,      69.500385,      22.359092,      99.656760,      19.115969,      25.809502
2005,  5,     104.367597,      64.578674,      17.848029,      24.455048,      70.455465,      39.900494,     183.402205,      36.917043,      36.454722
2005,  6,      25.503423,      20.410978,       0.234988,       1.698644,      21.849347,       9.281331,      73.832613,       2.675759,       5.470629
2005,  7,       0.949926,       6.075113,       0.000000,       0.000149,       1.588053,       1.270394,      19.688382,       0.000000,       0.050658
2005,  8,       0.000000,       1.030047,       0.000000,       0.001102,       0.000003,       0.160807,       4.192323,       0.000000,       0.000000
2005,  9,       0.464525,       0.078385,       0.047082,       0.000595,       0.537586,       0.081897,       3.053039,       0.000000,       0.044422
2006, 10,       1.335676,       1.657380,       0.040965,       0.013619,       0.871168,       0.149072,       2.368260,       1.515210,       0.545107
2006, 11,       7.623905,       8.244443,       0.346957,       0.145956,       1.465536,       0.073490,       6.618603,       9.780456,      10.075599
2006, 12,     142.688293,     134.579421,      49.551669,       6.777195,      51.464699,       6.606161,     105.452666,     139.780690,     109.373901
2006,  1,     192.353851,     125.010904,      96.914466,      27.474195,     131.039205,      21.291834,     124.231162,     102.436693,     140.856783
2006,  2,      88.413877,      77.511771,      20.171420,       6.917204,      54.503093,       4.271925,      85.109761,      56.630308,      29.672323
2006,  3,     223.580901,     217.772651,     161.962837,      63.555360,     175.495880,      58.421499,     171.351748,     190.855793,     141.355722
2006,  4,     249.765703,     180.205973,     176.207371,     100.941144,     294.776164,     104.189632,     289.505496,     144.441049,     152.315290
2006,  5,      37.075384,      50.115827,       3.649890,      11.282108,      67.793391,      23.343309,     274.318669,      12.327101,      22.116583
2006,  6,       5.923727,      18.109504,       0.005407,       0.754589,      13.289202,       7.615424,      64.786925,       0.006517,       2.399971
2006,  7,       0.000019,       5.945950,       0.000000,       0.000000,       0.348265,       0.513850,      18.149677,       0.000000,       0.014792
2006,  8,       0.000000,       1.280517,       0.000000,       0.000000,       0.000000,       0.001741,       3.922780,       0.000000,       0.000000
2006,  9,       0.000000,       0.034799,       0.000000,       0.000000,       0.000000,       0.001598,       0.458278,       0.000000,       0.001081
2007, 10,       0.271565,       0.434374,       0.103822,       0.046380,       0.837802,       0.225227,       3.416458,       0.023414,       0.082846
2007, 11,      10.472492,       6.282841,       0.935234,       0.365809,       5.173311,       0.670877,       9.088987,       7.356509,       5.190860
2007, 12,      27.723585,      12.913179,       6.206588,       2.546275,      12.873100,       3.715926,      14.755458,      24.512142,      18.633022
2007,  1,      13.541179,       0.727376,       6.631345,       0.348427,       5.601528,       0.892274,       7.362702,       0.771255,       3.601478
2007,  2,      89.337907,      45.354625,      46.093393,       4.870273,      20.229154,       4.754778,      50.829857,      43.956521,      38.484368
2007,  3,      44.334806,       9.499499,      20.044554,       0.662729,      36.081685,       2.270094,      52.321848,       1.435726,       9.118996
2007,  4,      25.957895,       8.863586,       2.872474,       0.311772,      21.365428,       0.505534,      45.353699,       5.430579,       7.936784
2007,  5,      11.867547,       2.464715,       1.393520,       0.005244,       8.656170,       0.050264,      27.046979,       0.689759,       1.944919
2007,  6,       1.508886,       0.426402,       0.001447,       0.000000,       0.647606,       0.000000,       7.097617,       0.000000,       0.016069
2007,  7,       0.000000,       0.238797,       0.000000,       0.000000,       0.000000,       0.000000,       0.589587,       0.000000,       1.096489
2007,  8,       0.000000,       0.000000,       0.000000,       0.000000,       0.000000,       0.000000,       0.000000,       0.000000,       0.000000
2007,  9,       0.740445,       0.110030,       0.000000,       0.000000,       0.004222,       0.002334,       0.332693,       0.047715,       0.422397
2008, 10,       5.861904,       2.869399,       0.016988,       0.005348,       2.129016,       0.006847,       3.892662,       4.535678,       3.040129
2008, 11,       4.131118,       1.057190,       0.569940,       0.000545,       2.012876,       0.030693,       3.351555,       1.675349,       0.557393
2008, 12,      26.699420,      11.123304,       5.530634,       2.854663,      10.497005,       4.149220,      10.865350,      19.025178,      10.467743
2008,  1,      66.000706,      96.851383,      48.191515,      11.235891,      20.837109,      10.227799,      26.279819,     124.340344,      91.746981
2008,  2,      71.932393,      74.383278,      43.604429,      19.438767,      25.403364,      10.443076,      23.399096,      64.094879,      78.939406
2008,  3,      27.979647,      21.174884,       5.921436,       3.801200,      21.982878,       2.222448,      25.649306,       4.914976,      18.016968
2008,  4,      12.702794,       8.352910,       0.207247,       0.549245,       8.636499,       1.162433,      32.543148,       0.703131,       2.272964
2008,  5,       2.703586,       3.039654,       0.101842,       0.295388,       4.820407,       1.294545,      41.407023,       0.119366,       2.263986
2008,  6,       0.025459,       0.439747,       0.000067,       0.000000,       0.452438,       0.092601,       8.414102,       0.000000,       0.380404
2008,  7,       0.000000,       0.000001,       0.000000,       0.000000,       0.008719,       0.000003,       1.860748,       0.000000,       0.000061
2008,  8,       0.000000,       0.000000,       0.000000,       0.000000,       0.000000,       0.000000,       0.136608,       0.000000,       0.000000
2008,  9,       0.000000,       0.074741,       0.000000,       0.000000,       0.000000,       0.000000,       0.000527,       0.000000,       0.033426
2009, 10,       1.971695,       3.713736,       0.031493,       0.087528,       1.753930,       0.172033,       3.045307,       4.432725,       2.424406
2009, 11,      12.678369,       6.929909,       1.399052,       2.155080,      10.429040,       2.413933,      10.851363,      13.135236,      10.194116
2009, 12,      14.000141,       8.241107,       5.671498,       3.182523,       9.000865,       3.109853,       7.642403,      16.058462,       8.747635
2009,  1,      14.226469,       1.228244,      16.500075,       3.781043,      12.760033,       4.277743,      20.477401,       2.100772,       3.474206
2009,  2,      62.457352,      47.411052,      30.878205,      18.594587,      22.957111,      12.082736,      22.408161,      68.419977,      51.774937
2009,  3,      69.074507,      57.306619,      43.809158,      20.195406,      67.902948,      15.066005,      55.289363,      46.878592,      49.895722
2009,  4,      25.430585,      10.832433,       5.567375,       3.753677,      26.576607,       5.331739,      65.258580,       2.690073,       6.275550
2009,  5,      47.862313,      19.078186,       7.542363,       6.652709,      41.244722,       8.645106,      77.518311,       9.510565,       9.419247
2009,  6,       3.549741,       2.995512,       0.000000,       0.502743,       4.000308,       2.156334,      17.045374,       0.000289,       6.100384
2009,  7,       0.000000,       0.294964,       0.000000,       0.000000,       0.014772,       0.079483,       3.242951,       0.000000,       0.000060
2009,  8,       0.000000,       0.000080,       0.000000,       0.000000,       0.000000,       0.015326,       0.226423,       0.000000,       0.274495
2009,  9,       0.000000,       0.009617,       0.000000,       0.000000,       0.000000,       0.000003,       0.036856,       0.000000,       0.004765
2010, 10,       8.229856,       7.607330,       2.576963,       5.092692,       7.271679,       5.897540,      12.642286,      18.340203,      10.253697
2010, 11,       2.935593,       2.542062,       0.100670,       0.038224,       1.737331,       0.115879,       2.168633,       2.542160,       3.085507
2010, 12,      20.078884,       8.031798,       8.352635,       5.205123,      15.553661,       5.621600,      14.527857,      11.232636,      16.345216
2010,  1,      53.484542,     110.091871,      35.155641,      14.237058,      21.357521,      12.680848,      26.154882,     106.284633,     119.130963
2010,  2,      51.825496,      84.239111,      29.084247,      20.659664,      18.762967,      18.343813,      31.543256,      60.233679,      88.332276
2010,  3,      58.560504,      71.577348,      30.028696,      24.681027,      57.805250,      25.354016,      41.499320,      39.677908,      51.040970
2010,  4,      84.896503,     108.102434,      40.599381,      24.619015,      76.430341,      33.459576,      74.820284,      56.550348,      85.456483
2010,  5,      52.060046,      43.106494,      13.632390,       6.711046,      64.259958,      14.185350,      91.879993,      10.611737,      23.618702
2010,  6,      11.799967,      15.253662,       0.513271,       0.471379,      23.424334,       4.275362,      75.701957,       0.055821,       5.486247
2010,  7,       0.096469,       5.155960,       0.000000,       0.000000,       1.736088,       0.468235,      16.029475,       0.000000,       0.086103
2010,  8,       0.000059,       1.187720,       0.000000,       0.000000,       0.000000,       0.007221,       2.651541,       0.000000,       0.000000
2010,  9,       0.000037,       0.269567,       0.000000,       0.000000,       0.000000,       0.000675,       0.215296,       0.000000,       0.662872
2011, 10,      21.337890,      10.689942,       4.874530,       1.383520,      16.592536,       2.062679,      26.682546,      13.010266,      15.399461
2011, 11,      31.439860,       8.285566,      22.159187,       2.855535,      17.035431,       3.993190,      21.985549,      12.850613,      18.028648
2011, 12,     179.046328,      78.732022,     110.913879,      35.376571,     108.837986,      33.384577,     145.517879,      62.979303,      69.656251
2011,  1,      55.409546,      43.844892,      40.250300,      26.054291,      70.230795,      31.284967,      81.738019,      22.520003,      36.684139
2011,  2,      63.071196,      93.568469,      81.097080,      31.150820,      75.674210,      32.603830,      78.802587,      74.717587,      42.990618
2011,  3,     301.435138,     230.968658,     261.540638,     107.336096,     277.491058,      96.876722,     258.094381,     227.823563,     140.619549
2011,  4,      71.041208,      65.434662,      16.582049,      22.373949,     116.307324,      30.368038,     167.693158,      25.736298,      35.557569
2011,  5,      45.951133,      35.585719,       4.955426,       9.771365,      77.459019,      24.842227,     206.016508,      15.296784,      16.779669
2011,  6,      26.106346,      35.859038,       6.303140,       4.209063,      43.905147,      15.526965,     278.609612,      15.760422,      15.344545
2011,  7,       2.533664,       8.789096,       0.190222,       0.017117,       9.212804,       3.786253,      74.096819,       0.045315,       1.478374
2011,  8,       0.000005,       2.424128,       0.000000,       0.000000,       0.238044,       0.414699,      21.243361,       0.000000,       0.000010
2011,  9,       0.004639,       0.200228,       0.000000,       0.000000,       0.259556,       0.076728,       6.973080,       0.000000,       0.001238
2012, 10,      10.138273,       7.251730,       1.413379,       1.152516,       9.054783,       2.510456,      12.771450,       5.996027,       8.150683
2012, 11,       5.249773,       7.757659,       0.770793,       0.084504,       3.111324,       0.874747,       5.864054,       9.933254,      10.781986
2012, 12,       0.148787,       1.157519,       0.000178,       0.000000,       0.004791,       0.068430,       0.237759,       0.967713,       1.207846
2012,  1,      26.474912,      22.118254,      14.697741,       3.897976,      16.329590,       4.955925,      23.228954,      30.305539,      32.164088
2012,  2,       8.712364,      16.691143,       4.817325,       0.569601,       3.318316,       0.995457,       7.629907,       9.061849,      13.133153
2012,  3,     179.554341,     148.481641,      68.369309,       4.868484,      65.400059,       6.145127,      78.031153,     116.349286,      62.637891
2012,  4,     114.288315,      76.191467,      58.340468,       1.619028,      98.910980,       3.278639,     145.964875,      38.876552,      48.481396
2012,  5,      21.703037,      24.086886,       1.986113,       0.000014,      27.006574,       0.116888,      64.749758,       1.198431,       4.219947
2012,  6,       6.800175,       8.390514,       0.322587,       0.051664,       7.654423,       0.069069,      23.007593,       0.000000,       0.192081
2012,  7,       0.052153,       1.859941,       0.000000,       0.000000,       2.969525,       0.000000,       5.068806,       0.000000,       0.000356
2012,  8,       0.000002,       0.002332,       0.000000,       0.000000,       0.000252,       0.000000,       0.358550,       0.000000,       0.000000
2012,  9,       0.000000,       0.000000,       0.000000,       0.000000,       0.000000,       0.000000,       0.159203,       0.000000,       0.000000
2013, 10,       5.696229,       2.630044,       0.442768,       0.431568,       5.257274,       0.604228,       6.999463,       3.623641,       2.109008
2013, 11,      24.552446,      22.546319,       2.459670,       1.412393,       7.601142,       1.504522,      17.269433,      45.170003,      16.184797
2013, 12,     196.419200,     159.656136,      52.468862,      10.996808,      54.340724,      10.821598,      50.282829,     158.899475,     132.691438
2013,  1,      38.845523,      43.890998,      11.907193,       1.152200,      20.014848,       1.337299,       9.546115,      13.768849,      37.719636
2013,  2,      22.936759,      17.099036,       1.875090,       0.816307,      10.409753,       1.025588,       6.122237,       4.882932,       6.331766
2013,  3,      24.471551,      26.015446,       1.825672,       1.435021,      23.191750,       1.836881,      36.674310,       7.722293,       8.084102
2013,  4,      17.094911,      18.477956,       2.990631,       0.905083,      18.431980,       2.736979,      31.048570,       4.291915,      19.043209
2013,  5,       3.779030,       5.033206,       0.001311,       0.317922,       5.591981,       0.535970,      12.304725,       0.158249,       1.541845
2013,  6,       4.310130,       3.053336,       0.000000,       0.000000,       2.399390,       0.003715,       4.662199,       1.010746,       0.744968
2013,  7,       0.013153,       0.077788,       0.000000,       0.000000,       0.056390,       0.009592,       0.259198,       0.000000,       0.177243
2013,  8,       0.000000,       0.004033,       0.000000,       0.000000,       0.000000,       0.000001,       0.098230,       0.000000,       0.000000
2013,  9,       1.792345,       1.282862,       0.017831,       0.000000,       2.967716,       0.005736,       2.575898,       0.429548,       1.582775
2014, 10,       0.352137,       0.111848,       0.001407,       0.063603,       0.493444,       0.128712,       1.136218,       0.000000,       1.286051
2014, 11,       4.538349,       2.093970,       0.847400,       0.218006,       4.027821,       0.418326,       4.113370,       1.677127,       3.059738
2014, 12,       1.094871,       0.873871,       0.525785,       0.085084,       1.152074,       0.089614,       0.565918,       1.396400,       0.733328
2014,  1,       2.056579,       0.457418,       0.336680,       0.613161,       0.210974,       0.088023,       4.901163,       0.000000,       0.218794
2014,  2,      55.343754,      20.352493,      17.099349,       1.404912,      27.092661,       1.596857,      51.613083,      40.603878,      20.081092
2014,  3,      71.032402,      44.932352,      15.565366,       1.386726,      18.655419,       2.402183,      24.631415,      19.032912,      61.363565
2014,  4,      41.776271,      20.580717,       8.279157,       1.470683,      27.900957,       2.019923,      23.696140,      10.509189,      29.360681
2014,  5,      10.186158,       3.995078,       0.227142,       0.000655,       5.820379,       0.030484,      12.149351,       0.000000,       3.895148
2014,  6,       0.223185,       1.041978,       0.000000,       0.000000,       0.163159,       0.000000,       2.703664,       0.000000,       0.018103
2014,  7,       0.000000,       0.045037,       0.000000,       0.000000,       0.023421,       0.000000,       0.664728,       0.000000,       0.000000
2014,  8,       0.005575,       0.009196,       0.000000,       0.000000,       0.000000,       0.000000,       0.194484,       0.000000,       0.105292
2014,  9,       0.994542,       1.162639,       0.040628,       0.003097,       0.384555,       0.024910,       2.597614,       0.014620,       1.926332
2015, 10,       1.181937,       1.800705,       0.015379,       0.000000,       1.329874,       0.014463,       1.493138,       0.840291,       1.373706
2015, 11,      10.597831,       9.771600,       1.318821,       0.482805,       5.740815,       0.881026,       9.372453,       9.680082,       8.193695
2015, 12,      85.141066,      89.650743,      17.103508,       3.696959,      23.251587,       4.304007,      32.484337,     113.239008,     143.723731
2015,  1,      15.929555,      13.159326,       1.903709,       0.000000,       0.189709,       0.000797,       2.798077,       1.998873,      14.371980
2015,  2,      32.207477,      80.352180,      19.328642,       1.502198,      26.459015,       1.827855,      51.771250,      41.321806,      46.321854
2015,  3,      14.332833,      13.699283,       1.126610,       0.000210,       4.527158,       0.001671,       8.549401,       0.814204,       4.014919
2015,  4,      12.710814,       9.528192,       2.138781,       0.650098,      10.034583,       0.821687,      13.086216,       6.791230,       6.764444
2015,  5,       1.489571,       2.414389,       0.357674,       0.243005,       2.877537,       0.318320,       9.896977,       0.562623,       3.336520
2015,  6,       0.274262,       0.362912,       0.000000,       0.000000,       1.355955,       0.000002,       3.364041,       0.000000,       0.150327
2015,  7,       0.000844,       0.287523,       0.000000,       0.084535,       0.057321,       0.300126,       0.983130,       0.016676,       0.702817
2015,  8,       0.000000,       0.000048,       0.000000,       0.000000,       0.000000,       0.000001,       0.019727,       0.000000,       0.000000
2015,  9,       0.000000,       0.805853,       0.000000,       0.000000,       0.000000,       0.000000,       0.046619,       0.024473,       1.421763
2016, 10,       0.298984,       0.321528,       0.382724,       0.428736,       2.792169,       0.532024,       6.243476,       0.498293,       0.008164
2016, 11,       9.883164,       3.914762,       3.720749,       1.377463,      10.227776,       1.773351,      14.434240,       3.697484,       4.807871
2016, 12,      47.302787,      23.432566,      29.162433,       6.102097,      27.875500,       6.479136,      45.959140,      24.390915,      28.584624
2016,  1,     116.855141,     120.855004,      68.526742,      19.199164,      63.496945,      11.590089,      61.091953,      75.837155,      94.448054
2016,  2,      60.794788,      35.652628,      19.436281,       9.728692,      67.883864,       9.138516,      54.285975,       8.023036,      21.215980
2016,  3,     221.477950,     189.897359,      77.361127,      35.682659,     131.883568,      31.998161,     165.514091,     141.401022,     113.025650
2016,  4,      45.513065,      35.036777,       8.796437,       9.704936,      41.850696,      19.231241,     113.295848,      10.735315,      13.109297
2016,  5,      23.356503,      15.442311,       0.450606,       2.253167,      15.783417,       6.925248,      55.569913,       1.665361,       7.703516
2016,  6,       1.996842,       5.011405,       0.000001,       0.029234,       1.439181,       1.581186,      14.593138,       0.008909,       1.713119
2016,  7,       0.000025,       0.844978,       0.000000,       0.000000,       0.000000,       0.054948,       3.089918,       0.000000,       0.000000
2016,  8,       0.000000,       0.000914,       0.000000,       0.000000,       0.000000,       0.000000,       0.181267,       0.000000,       0.000000
2016,  9,       0.000000,       0.000587,       0.000000,       0.000000,       0.000000,       0.000000,       0.000960,       0.000000,       0.000000
2017, 10,      26.911326,      15.066464,       7.357471,       1.993213,      21.350414,       1.834540,      37.382631,      24.193792,       6.801555
2017, 11,      32.188387,      12.518469,      11.652646,       1.327093,      15.571185,       2.875267,      20.406360,      14.853642,      13.818850
2017, 12,     129.528185,      82.200548,      50.632511,       8.441360,      60.628568,       9.583187,      87.776435,      55.441667,      39.644223
2017,  1,     401.560815,     331.191185,     252.957124,     127.156222,     307.859232,     113.345737,     256.047820,     365.010111,     150.140397
2017,  2,     435.832909,     304.905415,     277.047495,     148.592197,     364.189093,     141.379048,     397.119145,     306.355078,     193.404379
2017,  3,     121.410258,     120.359488,      55.825175,      44.840396,     155.338801,      58.778001,     247.751031,      60.565702,      59.362499
2017,  4,     170.814848,      97.913106,      87.153750,      44.756913,     140.057153,      61.422726,     232.295510,      58.710818,      43.207683
2017,  5,      32.374151,      32.172743,       1.195946,       9.171367,      39.942384,      25.864087,     248.159590,       3.106458,       3.336021
2017,  6,       7.308027,      12.769084,       0.001731,       0.985856,       8.532695,       9.484488,      72.693026,       0.436314,       0.393712
2017,  7,       0.000695,       3.644839,       0.000000,       0.000000,       0.040147,       0.892971,      19.474270,       0.000000,       0.000000
2017,  8,       0.000000,       0.131029,       0.000000,       0.000000,       0.000000,       0.015714,       5.518293,       0.000000,       0.000000
2017,  9,       0.201678,       0.046943,       0.000000,       0.190535,       0.045337,       0.594968,       1.518553,       0.000000,       0.001388
2018, 10,       1.138866,       0.820892,       0.018608,       0.002836,       1.116603,       0.089408,       2.294153,       0.059218,       0.313236
2018, 11,      43.807026,      13.141857,       4.949689,       1.847300,      21.910799,       2.129566,      26.415419,      16.884887,       8.478357
2018, 12,       7.765557,       0.674556,       0.444349,       0.013122,       3.000358,       0.113198,       2.366535,       0.669951,       0.490113
2018,  1,      60.718936,      18.565526,      18.276499,       2.260995,      16.374967,       2.922322,      29.225264,      29.051656,      17.000907
2018,  2,      13.826726,       2.095451,       1.598423,       0.141961,       0.667781,       0.295965,       4.719478,       1.232450,       1.855426
2018,  3,     182.131747,      49.641541,      90.706554,      28.436450,     106.571085,      25.000012,     118.453796,      40.335684,      22.443193
2018,  4,      89.089659,      57.689722,      44.109514,      15.285012,      75.561432,      20.499986,     154.375230,      16.153728,      34.680764
2018,  5,      22.001456,      10.819699,       0.673256,       1.344587,      18.272428,       4.262231,      48.694717,       0.125111,       2.425443
2018,  6,       2.097004,       3.366921,       0.000000,       0.004902,       2.152180,       0.772572,      13.412059,       0.000000,       0.225723
2018,  7,       0.001238,       0.351492,       0.000000,       0.000000,       0.000368,       0.009400,       2.201589,       0.000000,       0.000000
2018,  8,       0.000000,       0.000000,       0.000000,       0.000000,       0.000000,       0.000000,       0.014333,       0.000000,       0.000000
2018,  9,       0.000000,       0.145976,       0.000000,       0.000000,       0.000000,       0.000000,       0.000571,       0.000000,       0.004071
