Year, Month, BearRiver, CacheCreek, CalaverasRiver, ChowchillaRiver, CosumnesRiver, FresnoRiver, MokelumneRiver, PutahCreek, StonyCreek
1922, 10,       1.183990,       1.184941,       0.000755,       0.000000,       0.744764,       0.025473,       3.145531,       0.258452,       1.769218
1922, 11,       4.142753,       3.476880,       0.158694,       0.003781,       1.960789,       0.160782,       6.201243,       3.998378,       6.651360
1922, 12,      54.722789,      13.254478,      20.478949,      11.423777,      24.295078,      14.987175,      41.996193,      29.136969,      40.261966
1922,  1,      38.283733,       2.301074,      26.384939,       9.884869,      11.551004,      10.217713,      25.199729,       7.253170,      25.028576
1922,  2,     255.660850,      23.979295,     110.514534,      62.922816,      91.788275,      54.412534,      74.002048,      44.311189,     112.435804
1922,  3,     142.903187,      25.828522,      69.161358,      50.468241,      84.566122,      48.228178,      74.429639,      12.698776,      44.483409
1922,  4,      98.660520,      14.370129,      17.897250,      15.681143,      75.357741,      23.095620,      75.154716,       1.860078,      23.547915
1922,  5,      44.098171,       5.983702,       1.322616,       5.338351,      44.565905,      17.971402,     162.895994,       0.556555,      13.587748
1922,  6,       8.485760,       1.893017,       0.002138,       0.433407,       8.606403,       6.700334,     140.331849,       0.000000,       1.210837
1922,  7,       0.072158,       0.162121,       0.000000,       0.000000,       3.415993,       0.758566,      36.765254,       0.000000,       0.028286
1922,  8,       0.000525,       0.098571,       0.000000,       0.000000,       0.533311,       0.155037,      11.353939,       0.000000,       0.292778
1922,  9,       0.000000,       0.000062,       0.000000,       0.000000,       0.024650,       0.013551,       2.597489,       0.000000,       0.012306
1923, 10,       4.340078,       5.280950,       0.281173,       0.052751,       2.903201,       0.401855,       5.784746,       5.997548,      10.128703
1923, 11,      26.165142,      10.417108,       7.980762,       4.235345,      20.159777,       5.828682,      16.708460,      21.596466,      25.354448
1923, 12,     159.717452,      23.484043,      66.626172,       7.199989,      73.460080,      10.530211,      76.611398,      60.608991,      94.782804
1923,  1,      91.199555,      29.898408,      64.645100,      18.995289,      91.467620,      20.376927,      60.201758,      26.053644,      69.728425
1923,  2,      60.892894,      23.798343,      16.415716,      10.778127,      56.252024,       9.396349,      43.127978,       7.352247,      23.025107
1923,  3,      24.093353,      11.609061,       1.430384,       2.430811,      29.675395,       7.694799,      41.118944,       0.244540,       4.434768
1923,  4,      93.644765,      26.188515,      44.160763,      28.866268,      77.731505,      38.481475,     107.397234,      17.670897,      61.850570
1923,  5,      12.537688,       9.392168,       0.501888,       2.384937,      17.387965,       7.356622,     180.462274,       0.010063,       4.164086
1923,  6,       5.765167,       3.471956,       0.002403,       0.178302,       4.394141,       2.880946,      99.691313,       0.133805,       2.673539
1923,  7,       0.099081,       0.447946,       0.000000,       0.000000,       0.280704,       0.093590,      28.681113,       0.000000,       0.178729
1923,  8,       0.000000,       0.032116,       0.000000,       0.000000,       0.500752,       0.000000,      10.110753,       0.017881,       0.000000
1923,  9,       4.390619,       5.389597,       0.858684,       0.101631,       4.476675,       0.927899,      12.382971,       2.845688,       8.813526
1924, 10,       2.516792,       0.988749,       0.102766,       0.020782,       1.665484,       0.173176,       5.802562,       0.170464,       4.169561
1924, 11,       0.922867,       1.157826,       0.000527,       0.000002,       0.522696,       0.125202,       3.047662,       0.391341,       1.949126
1924, 12,       8.795940,       3.116729,       1.076517,       0.079520,       5.527142,       0.030622,       6.482955,       4.363978,       8.403100
1924,  1,      13.167427,       8.808611,       3.288955,       1.870186,       7.986853,       2.144051,       6.475844,      15.812295,      20.254163
1924,  2,      28.653376,       8.769979,       4.602652,       0.061940,       8.660149,       0.363429,      21.794759,      14.255702,      37.074185
1924,  3,      14.175241,       3.603789,       3.029989,       3.465050,       6.374547,       5.023443,      20.365175,       3.790247,       7.296886
1924,  4,      10.456653,       0.982831,       1.053250,       0.232156,       6.041663,       0.530567,      48.913416,       0.231529,       3.143576
1924,  5,       0.619378,       0.766292,       0.000012,       0.000003,       0.569785,       0.041881,      71.484943,       0.018646,       1.070685
1924,  6,       0.000015,       0.200287,       0.000000,       0.000000,       0.013025,       0.000000,      17.558106,       0.000000,       0.882668
1924,  7,       0.000000,       0.226475,       0.000000,       0.000000,       0.000000,       0.000000,       5.188824,       0.000000,       1.850282
1924,  8,       0.000000,       0.169874,       0.000000,       0.000000,       0.000000,       0.000000,       1.171977,       0.000000,       1.432766
1924,  9,       0.000000,       0.162175,       0.000000,       0.000000,       0.043668,       0.000000,       1.391521,       0.000000,       1.293514
1925, 10,      15.078853,       9.810099,       1.921211,       1.158631,       6.785579,       1.636805,      14.282293,      13.725011,      21.738600
1925, 11,      10.287904,       3.028725,       2.455023,       4.351876,      10.031635,       6.593374,      11.877243,       8.287631,      25.505271
1925, 12,      39.287241,      14.878808,      10.939091,       2.819214,      14.121238,       4.365309,      22.472151,      28.065667,      87.434832
1925,  1,      32.687591,      10.455241,       8.814255,       0.677811,       8.515113,       1.716603,       7.751629,      10.328039,      32.656935
1925,  2,     164.267333,      73.217836,      67.994652,      25.457913,      85.933646,      30.110632,     100.665666,     119.975183,     189.249626
1925,  3,      51.962827,      52.782068,      22.833133,      12.968887,      29.937756,      21.772650,      53.698013,      16.102273,      36.682558
1925,  4,      77.553344,      49.603169,      44.495641,      21.468227,      79.054406,      30.275618,     125.919537,      15.961152,      76.305680
1925,  5,      28.530151,      51.242784,       2.688943,       3.329292,      25.563499,      10.981576,     121.832515,      23.140454,      47.505726
1925,  6,      11.774569,      28.684598,       0.053527,       0.436854,       7.342003,       4.204832,      44.430857,       0.261133,       5.664406
1925,  7,       0.098353,       9.536639,       0.000000,       0.000000,       0.915812,       0.314360,      14.626059,       0.000000,       0.096380
1925,  8,       0.054763,       2.187115,       0.000000,       0.000000,       0.235907,       0.013100,       5.422559,       0.000000,       0.097417
1925,  9,       0.181464,       2.814358,       0.000000,       0.000000,       0.275433,       0.000000,       2.756313,       0.521337,       3.154024
1926, 10,       5.987307,       0.305980,       0.159932,       0.334580,       2.175521,       1.386802,       6.105978,       0.023309,       0.879240
1926, 11,       7.755671,       4.649428,       0.176425,       0.082838,       3.378219,       0.482780,       7.460197,       6.043976,       4.969662
1926, 12,      12.702661,       3.911353,       2.025000,       1.087210,       7.217563,       1.592043,      12.416114,       5.299878,      11.202907
1926,  1,      16.658245,      18.153056,       2.718998,       4.179069,       3.526796,       4.249386,      25.226817,      34.915803,      20.910002
1926,  2,     151.389269,      55.115737,      50.784433,      17.017415,      49.782722,      34.815603,      63.429892,      79.897439,     144.115670
1926,  3,      24.458916,      28.527650,       4.658542,       1.755224,      10.843394,       7.757968,      41.073136,       1.828372,      12.620870
1926,  4,      94.116845,      52.800941,      16.702332,      21.581871,      37.667569,      42.532730,      76.933437,      57.006729,      76.227218
1926,  5,      16.955789,      21.007808,       0.058451,       0.854351,       6.726676,       7.436139,      24.147421,       1.303693,       6.225733
1926,  6,       0.249751,       5.888075,       0.000000,       0.000000,       0.272313,       0.961509,       5.823706,       0.000000,       0.061826
1926,  7,       0.000000,       0.692275,       0.000000,       0.000000,       0.000002,       0.014738,       0.968633,       0.000000,       0.000000
1926,  8,       0.000000,       0.036236,       0.000000,       0.000000,       0.000000,       0.000000,       0.021365,       0.000000,       0.245665
1926,  9,       0.000000,       0.024048,       0.000000,       0.000000,       0.000000,       0.000000,       0.000000,       0.000000,       0.066348
1927, 10,       7.755622,       3.788612,       0.461859,       0.000000,       3.309808,       0.000000,       4.352453,       3.424137,       5.753177
1927, 11,      67.273524,      20.592466,      15.638197,       5.793862,      26.155986,       8.690379,      64.181185,      54.747007,      33.299086
1927, 12,      27.898703,      16.904040,      10.725815,       0.784728,      10.116786,       2.056803,      21.874977,      17.648147,      71.377398
1927,  1,      83.992858,      34.046768,      23.344420,       3.471141,      29.280594,       8.163731,      28.676177,      31.431140,      64.624196
1927,  2,     267.124615,      92.868429,      66.543404,      41.581048,     108.826155,      62.857267,      91.122050,     131.682557,     168.623472
1927,  3,      80.254926,      78.996266,      18.289093,      10.428286,      51.482119,      25.767794,      77.594695,      21.148735,      44.347477
1927,  4,     149.226014,      46.624460,      33.731747,      28.774046,      90.085796,      50.408537,     164.693140,      39.840445,      30.978837
1927,  5,      24.364396,      18.612372,       0.289317,       2.438258,      17.650174,      13.264353,      80.144401,       1.322884,       4.112401
1927,  6,       6.440771,       6.756443,       0.006927,       0.095313,       4.270891,       4.240306,      28.184035,       1.440320,       1.759304
1927,  7,       0.034442,       1.251892,       0.000000,       0.000000,       0.022478,       0.297490,       6.646579,       0.008178,       0.011583
1927,  8,       0.000000,       0.100325,       0.000000,       0.000000,       0.000000,       0.002915,       1.478801,       0.000000,       0.001171
1927,  9,       0.017999,       0.010234,       0.000000,       0.000000,       0.000000,       0.000000,       0.353902,       0.000000,       0.000920
1928, 10,       2.818067,       2.835669,       0.666889,       2.103060,       3.682218,       2.468712,      11.101692,       3.995061,       3.106807
1928, 11,      31.911878,       8.763625,       4.466572,       1.756383,      13.047745,       4.703595,      16.251454,      21.516494,      19.310604
1928, 12,      27.792363,      11.066088,       9.263124,       3.081884,       7.951008,       2.815828,      16.379531,      17.751051,      34.820409
1928,  1,      27.997477,       8.012171,       7.403935,       1.324067,      10.336728,       2.754299,       8.227610,      13.351376,      41.400190
1928,  2,      39.400685,      24.230197,      18.051516,       4.673448,      16.608807,       5.972990,      21.036239,      20.130810,      71.474921
1928,  3,     216.278401,      34.807926,      67.344183,      32.378134,     107.530537,      36.719265,     144.862555,      33.595844,      67.942323
1928,  4,      76.147230,      42.890807,      24.546249,      13.968807,      62.250296,      20.746787,     108.715649,      13.449911,      38.119337
1928,  5,      14.128798,      16.084025,       0.101373,       0.974921,      12.270942,       5.634679,      68.102181,       0.657902,       3.155928
1928,  6,       1.093711,       4.960803,       0.000023,       0.004204,       1.239868,       1.084962,      17.034939,       0.000000,       0.087213
1928,  7,       0.003413,       0.833465,       0.000000,       0.000000,       0.038871,       0.058039,       4.474298,       0.000000,       0.000691
1928,  8,       0.000000,       0.029323,       0.000000,       0.000000,       0.000000,       0.000000,       0.497695,       0.000000,       0.000000
1928,  9,       0.031609,       0.019811,       0.000000,       0.000000,       0.000000,       0.000000,       0.004205,       0.000000,       0.016901
1929, 10,       0.118092,       0.227572,       0.000000,       0.000000,       0.000000,       0.000000,       0.204520,       0.003255,       0.307046
1929, 11,      17.179855,       8.032891,       2.967884,       2.207527,       9.444945,       3.569948,       9.483414,      15.701085,      18.008533
1929, 12,      18.205370,       8.362047,       3.560620,       1.110385,       8.524732,       2.417502,       8.938928,      20.231606,      18.513783
1929,  1,       9.892943,       2.619348,       7.035594,       2.078722,       7.534523,       1.981101,       6.555978,       4.538996,       8.818827
1929,  2,      40.321889,       6.177269,      13.499709,       1.883869,       9.782117,       2.845452,      11.565449,      12.144355,      34.820739
1929,  3,      33.424733,       4.188784,       9.370385,       4.946726,      13.544151,       8.351004,      17.882273,       8.442100,       8.795524
1929,  4,      35.151762,       3.065506,      13.102696,       9.730460,      25.302412,      13.724717,      33.269033,       2.977179,       3.618972
1929,  5,       6.203314,       0.531505,       0.104563,       0.254049,      10.538527,       3.110715,      96.587619,       0.000000,       0.163538
1929,  6,      13.035012,       2.945339,       1.208827,       1.670707,      15.037516,       4.761295,      63.939789,       4.839151,       3.289939
1929,  7,       0.088197,       0.001371,       0.000000,       0.000000,       0.917258,       0.119678,      20.116228,       0.000000,       0.000000
1929,  8,       0.000000,       0.000001,       0.000000,       0.000000,       0.041885,       0.000000,       5.320719,       0.000000,       0.000000
1929,  9,       0.000000,       0.000000,       0.000000,       0.000000,       0.000000,       0.001747,       1.146660,       0.000000,       0.000000
1930, 10,       0.010215,       0.001576,       0.000000,       0.000000,       0.053806,       0.000000,       0.644665,       0.000000,       0.009404
1930, 11,       0.000000,       0.000000,       0.000000,       0.000000,       0.000000,       0.000000,       0.004817,       0.000000,       0.000000
1930, 12,      70.949937,      19.413951,       3.108531,       0.115278,      14.534584,       0.474208,      19.876510,      45.843633,      39.417356
1930,  1,      61.589955,      18.457054,      20.881872,       5.741950,      14.854972,       6.836818,      12.262845,      36.352918,      20.501748
1930,  2,      59.221226,      18.124722,      24.589287,       3.758671,      20.778935,       5.537102,      27.943383,      22.282681,      60.158434
1930,  3,     106.223914,      34.504169,      48.986184,       9.051486,      57.018076,      10.668847,      65.222131,      32.550936,      81.854778
1930,  4,      38.041481,      17.051006,       6.355127,       3.341480,      35.954534,       7.848975,     105.672114,       7.712796,      15.206572
1930,  5,      17.268102,       7.242997,       1.843584,       1.288882,      21.999207,       6.853701,     131.253013,       2.068249,       5.263912
1930,  6,       1.895535,       1.924519,       0.004295,       0.001221,       4.330165,       0.977619,     129.720896,       0.004130,       0.559993
1930,  7,       0.000231,       0.279296,       0.000000,       0.000000,       0.510320,       0.048208,      28.565119,       0.000000,       0.000000
1930,  8,       0.000407,       0.011443,       0.000000,       0.000000,       0.126917,       0.000000,       9.277838,       0.000000,       0.000000
1930,  9,       0.055358,       0.400466,       0.001946,       0.025588,       0.060690,       0.063036,       5.030899,       0.007851,       0.973850
1931, 10,       0.243149,       1.071539,       0.034556,       0.000000,       0.891936,       0.173160,       3.451516,       1.813299,       1.734754
1931, 11,      17.966193,       3.162883,       4.172549,       3.326971,      11.672636,       5.201906,      14.179984,       5.304250,       5.050531
1931, 12,       1.184582,       1.519505,       0.170811,       0.004075,       0.102466,       0.019550,       0.602808,       1.903371,       1.336884
1931,  1,      30.491293,      15.345875,      17.013798,       3.365133,      13.940619,       3.177186,      16.319240,      28.267834,      41.123671
1931,  2,      21.147488,       4.731887,      12.139197,       1.755223,       9.878925,       2.751874,      15.654088,       5.060981,      13.516891
1931,  3,      31.840053,       9.016157,       7.918007,       0.836365,      14.737157,       2.146280,      23.086843,       9.920835,      12.811070
1931,  4,       9.756895,       4.097096,       0.454123,       0.308876,       6.092115,       1.107188,      50.754088,       0.349115,       3.329323
1931,  5,       4.231905,       5.498806,       0.235304,       0.478185,       3.246336,       2.445449,      87.494732,       3.841413,      11.164966
1931,  6,       2.752551,       2.909420,       0.098667,       0.002472,       3.030939,       0.176481,      27.250502,       1.323755,       5.557452
1931,  7,       0.011238,       0.062351,       0.000000,       0.000000,       0.004833,       0.000000,       7.758531,       0.000000,       0.023060
1931,  8,       0.000000,       0.000343,       0.000000,       0.000000,       0.027052,       0.000000,       2.467927,       0.000000,       0.000000
1931,  9,       0.219473,       0.025202,       0.000000,       0.000000,       0.010174,       0.000000,       1.387837,       0.000000,       0.322743
1932, 10,      11.654910,       1.898613,       0.146789,       0.000000,       2.576672,       0.001177,       5.874750,       3.666653,       2.135183
1932, 11,      14.495714,       2.755633,       4.013391,       3.271672,      10.437751,       3.774724,      10.611623,       7.138689,       4.046716
1932, 12,      84.144986,      21.654387,      42.584304,      25.081636,      25.552911,      37.443356,      35.305583,      84.316058,      64.035317
1932,  1,      71.935444,      13.559542,      40.095755,      31.470804,      20.872918,      27.827451,      14.650978,      29.060353,      43.824641
1932,  2,     110.919185,      12.502402,      81.242191,     102.586692,      61.472871,     114.925206,      36.275109,      17.458542,      14.614855
1932,  3,      54.097963,       5.809675,      11.527317,      15.933949,      30.249163,      38.280129,      67.346508,       3.443891,      26.561477
1932,  4,      50.403245,       4.007554,       6.047716,       6.579828,      31.924877,      25.016237,      77.427992,       2.705394,      14.352927
1932,  5,      31.315453,       3.470025,       3.282862,       2.144037,      42.587039,      18.005814,     160.945521,       3.381499,      11.904271
1932,  6,       9.464475,       0.261113,       0.064994,       0.073296,      10.556476,       7.307550,     180.882400,       0.066482,       1.922879
1932,  7,       0.168963,       0.047990,       0.000000,       0.000000,       2.150090,       1.261715,      41.203062,       0.000000,       0.067739
1932,  8,       0.000421,       0.000362,       0.000000,       0.000000,       0.136263,       0.255875,      12.261533,       0.000000,       0.000000
1932,  9,       0.000000,       0.025567,       0.000000,       0.000000,       0.000985,       0.057161,       3.254333,       0.000000,       0.000000
1933, 10,       0.152850,       0.000369,       0.000000,       0.000000,       0.000003,       0.048597,       0.806651,       0.000000,       0.004259
1933, 11,       0.877380,       2.522783,       0.094848,       0.343676,       0.151548,       0.082902,       2.210329,       2.364646,       1.471451
1933, 12,      13.361736,       8.066510,       2.712337,       0.838136,       9.358456,       2.390903,       4.406573,      15.663400,      18.311508
1933,  1,      20.561791,      11.996509,      14.494925,       9.011428,       9.286534,       8.478005,       4.963553,      35.614513,      17.785372
1933,  2,       9.151167,       4.360914,      14.765222,       1.088133,       4.630317,       1.887429,       4.759914,       7.726223,       8.610358
1933,  3,      79.592941,      10.813327,      28.551146,      10.074393,      15.414868,      15.133732,      30.521385,      25.013281,      37.614858
1933,  4,      18.559942,       4.334433,       5.106105,       1.878731,      14.191168,       7.546230,      42.814237,       0.586896,      19.114459
1933,  5,      32.301990,       4.464572,      11.841505,       2.168960,      29.479452,      15.681338,      80.106372,       4.154938,      13.506007
1933,  6,       2.982501,       0.682963,       0.046125,       0.086334,      11.014962,       4.663351,     211.661150,       0.048544,       0.881875
1933,  7,       0.034352,       0.095749,       0.000000,       0.000000,       1.224698,       0.572893,      50.973818,       0.000000,       0.052488
1933,  8,       0.000000,       0.000751,       0.000000,       0.000000,       0.130934,       0.048263,      16.481057,       0.000000,       0.000000
1933,  9,       0.071565,       0.049505,       0.000027,       0.000000,       0.401701,       0.000000,       5.858102,       0.000000,       0.087059
1934, 10,       7.203834,       3.739435,       1.826336,       0.377231,       0.821181,       0.640756,      12.800162,       7.317861,       2.558261
1934, 11,       8.859277,       0.162821,       1.178623,       0.040134,      10.494551,       0.944087,       1.040670,       0.737067,       3.654764
1934, 12,      40.247279,      18.331345,      20.410244,       5.072192,      21.223329,       7.912814,      22.790360,      36.501261,      45.852288
1934,  1,      50.135740,       5.384816,      21.012426,       2.544440,      16.478558,       5.830141,      17.680712,      11.240529,      44.317089
1934,  2,      53.589324,      16.525146,      32.616716,       7.700720,      29.385045,      16.998130,      33.721998,      30.376557,      47.123158
1934,  3,      26.125864,      13.435313,       4.983507,       1.517283,      16.407361,       4.804961,      40.976859,       2.567198,      19.809617
1934,  4,      10.124110,       7.378200,       0.016261,       0.016459,       3.880978,       1.644279,      65.925036,       1.887263,       8.986721
1934,  5,       6.469679,       4.202600,       0.533827,       0.041942,       3.583717,       0.923651,      52.774918,       1.548370,       4.768082
1934,  6,       2.531017,       2.010639,       0.018753,       0.011245,       1.920801,       0.381526,      22.734091,       1.374698,       1.305146
1934,  7,       0.002201,       0.123060,       0.000000,       0.000000,       0.003733,       0.000000,       6.441174,       0.000000,       0.005202
1934,  8,       0.000000,       0.000871,       0.000000,       0.000000,       0.068157,       0.000000,       2.916100,       0.000000,       0.000000
1934,  9,       1.518018,       0.087560,       0.152883,       0.000156,       1.436538,       0.050118,       4.427834,       0.000000,       0.135208
1935, 10,       3.530920,       3.707596,       0.498505,       0.581461,       1.419359,       1.241243,       7.847390,       3.399554,       3.033946
1935, 11,      25.072377,      10.048538,       6.331600,       2.681117,      15.321480,       5.931042,      17.568604,      18.584425,      29.834806
1935, 12,      17.323961,       5.349270,       7.402603,       4.134917,       7.950225,       6.668339,      10.068475,      11.543457,      16.814279
1935,  1,      86.747508,      34.743451,      40.105313,      25.352432,      31.322394,      41.964419,      20.180942,      52.027058,      77.306011
1935,  2,      41.380316,      18.940795,      13.944820,      18.273700,      15.163032,      30.967035,      15.744383,       8.990273,      25.481136
1935,  3,     112.093577,      52.114628,      39.942183,      41.418830,      42.036143,      57.479019,      39.644558,      52.282244,      76.745887
1935,  4,     149.812561,      44.166288,      93.385325,      62.999137,     137.629557,      85.703859,     202.380310,      36.458120,      74.178247
1935,  5,      32.730308,      19.327511,       8.360462,      11.619336,      50.480301,      32.379399,     191.598738,       0.447087,      11.523926
1935,  6,       3.730913,       6.306991,       0.006603,       0.456750,      10.248338,      10.071200,     234.240914,       0.000000,       0.533431
1935,  7,       0.384007,       1.401047,       0.000000,       0.000010,       1.522732,       2.269627,      52.180162,       0.000000,       0.066787
1935,  8,       0.000000,       0.124453,       0.000000,       0.000000,       0.290194,       0.147028,      17.705062,       0.028148,       0.006919
1935,  9,       0.000000,       0.233819,       0.000000,       0.000000,       0.021521,       0.005885,       4.668485,       0.000000,       0.840904
1936, 10,       4.935036,       2.200730,       0.198931,       0.330168,       3.617303,       0.988549,       9.109951,       2.176604,       3.639203
1936, 11,       5.734289,       3.503569,       0.964864,       0.659252,       5.234236,       1.564839,       4.205758,       4.149632,       5.934179
1936, 12,      10.108676,       6.455684,       1.732996,       1.693976,       4.615275,       2.148464,       4.807562,       8.892567,      11.227054
1936,  1,     152.764328,      22.549171,      55.080706,       6.064127,      47.142216,       8.709949,      43.536467,      30.083127,      87.773347
1936,  2,     290.490111,      52.292189,     220.879048,     133.711683,     226.058128,     139.421456,     196.045276,      92.715267,     109.167206
1936,  3,      60.939648,      39.039596,      18.501769,      25.067894,      71.987041,      31.228919,     108.229846,       8.727976,      26.968462
1936,  4,     105.625181,      29.044474,      40.078954,      28.536929,      89.466732,      51.081949,     150.867969,       8.568993,      42.461686
1936,  5,      22.602536,      11.723384,       0.233727,       2.905976,      24.949005,      16.229822,     213.402264,       1.130678,       4.601264
1936,  6,      12.747708,       7.618038,       1.216176,       0.525117,      15.775683,       7.131310,     246.077161,       3.557396,       7.280325
1936,  7,       0.092506,       1.113426,       0.007984,       0.000030,       1.273578,       0.887866,      85.512589,       0.000000,       0.572879
1936,  8,       0.000000,       0.069882,       0.000000,       0.000000,       0.111955,       0.000210,      22.777925,       0.000000,       0.000000
1936,  9,       0.195692,       0.040622,       0.000000,       0.000000,       1.330818,       0.005432,       8.374220,       0.000000,       0.863489
1937, 10,       0.046331,       0.606312,       0.090208,       0.526155,       0.125347,       0.789774,       4.955747,       0.321662,       0.151385
1937, 11,       0.241200,       0.024352,       0.281984,       0.065565,       0.777388,       1.512443,       1.906773,       0.010849,       0.308220
1937, 12,      14.381656,       4.097686,       6.425132,       8.379791,      10.592426,      10.047784,      11.129848,       8.660980,       7.830463
1937,  1,      21.590630,       7.168555,      23.864193,       5.460559,       8.038146,       8.819569,       3.440864,      18.596406,       4.376706
1937,  2,     131.355695,      30.825537,     119.945904,     103.876914,      51.669562,     123.963608,      49.926567,      60.602783,      56.048194
1937,  3,     197.218032,      38.044300,     128.407721,      58.462269,     106.775280,      83.669386,     105.231222,      52.185168,     108.527236
1937,  4,      77.539397,      25.430809,      23.384267,      18.932317,      74.607346,      38.105626,     107.002218,       4.890929,      41.831309
1937,  5,      23.539822,       9.426060,       1.439376,       3.434243,      65.545121,      21.530645,     216.217108,       0.062911,      27.016721
1937,  6,       8.235079,       5.924447,       0.175717,       0.030406,      16.359570,       7.659842,     240.491440,       2.785521,      11.567035
1937,  7,       0.039508,       0.704288,       0.000000,       0.000000,       3.649658,       1.013106,      57.119795,       0.000915,       0.760387
1937,  8,       0.000000,       0.029728,       0.000000,       0.000000,       0.270634,       0.167367,      17.302665,       0.000000,       0.052175
1937,  9,       0.000000,       0.000304,       0.000000,       0.000000,       0.006284,       0.045457,       4.973121,       0.000000,       0.000000
1938, 10,       4.048334,       2.537871,       0.073152,       0.000000,       1.717919,       0.054852,       6.716067,       0.651740,       3.912857
1938, 11,      30.869841,      16.022399,       1.240413,       0.485710,       8.042826,       1.138179,      10.431687,      18.796449,      39.378891
1938, 12,      98.580143,      48.764454,      26.962956,      11.758701,      21.643002,      19.041746,      70.703091,      38.850711,      83.049047
1938,  1,      59.619553,      38.353144,      25.283537,      17.564691,      15.675862,      27.959435,      40.383919,      26.268826,      54.512887
1938,  2,     345.048998,     132.292182,     164.412357,     126.346286,     118.393375,     153.201892,      89.572403,     153.451680,     169.537271
1938,  3,     303.599404,     135.970911,     188.211780,     164.342527,     198.908651,     207.872662,     177.562322,     113.830168,     173.157062
1938,  4,      88.290034,      73.177609,      36.468314,      35.121987,     121.355290,      61.165594,     180.917605,      22.400660,      46.518755
1938,  5,      35.323371,      29.127215,       7.109039,      12.382164,      91.850140,      40.954892,     312.811597,       1.505934,      11.751412
1938,  6,       3.103852,      10.345737,       0.004562,       0.761268,      21.131399,      17.894747,     330.602459,       0.000000,       0.725518
1938,  7,       0.020472,       2.485436,       0.052122,       0.000043,       8.016401,       3.807180,     101.891977,       0.000000,       0.016493
1938,  8,       0.000000,       0.272753,       0.000014,       0.000000,       0.994514,       0.415265,      27.461926,       0.000000,       0.000000
1938,  9,       0.041302,       2.523842,       0.000000,       0.000000,       0.222575,       0.228051,       9.831993,       1.051572,       0.977955
1939, 10,       4.312490,       3.708828,       0.580885,       0.854750,       3.505752,       1.336329,      14.655735,       2.893364,       4.711913
1939, 11,       5.991136,       3.825559,       0.971376,       0.127529,       5.350730,       1.865935,       6.522497,       5.129767,       4.141734
1939, 12,       8.565645,       4.512169,       1.272932,       0.539292,       4.309789,       1.945210,       7.281867,       6.074350,      10.653563
1939,  1,      16.832744,       6.596407,       6.576836,       3.569510,       7.423909,       5.076426,      10.355530,      13.652589,       9.136322
1939,  2,      27.981674,       4.460903,      23.050931,       2.438059,      10.401801,       5.938638,       7.505913,       5.627969,       4.182610
1939,  3,      64.001139,       7.913188,      18.717198,       8.251285,      25.574309,      12.815253,      42.348203,      11.968448,      11.147669
1939,  4,       8.582392,       1.650509,       1.262002,       1.725650,      17.940455,      11.675376,     102.965902,       0.191404,       0.857689
1939,  5,      12.080983,       2.745663,       1.624108,       0.216206,      10.576570,       2.712801,     110.146248,       3.519388,       2.853324
1939,  6,       0.597533,       0.129598,       0.003657,       0.000009,       1.057235,       0.579211,      37.228605,       0.000000,       0.058966
1939,  7,       0.000000,       0.000786,       0.000000,       0.000000,       0.026386,       0.017397,      11.500580,       0.000000,       0.000000
1939,  8,       0.000000,       0.000000,       0.000000,       0.000000,       0.002031,       0.000000,       3.024201,       0.000000,       0.000000
1939,  9,       0.036431,       0.199589,       0.071814,       0.120141,       1.193365,       0.759784,       6.909958,       0.000000,       1.943907
1940, 10,       4.819107,       0.472030,       0.829571,       0.283108,       4.826291,       1.582358,      12.658901,       0.021591,       2.180905
1940, 11,       1.544947,       0.781021,       0.349983,       0.043107,       2.115911,       0.006986,       3.194593,       1.235228,       0.516871
1940, 12,       5.253094,       9.997073,       0.595419,       0.327969,       3.627880,       0.899954,       5.602373,      16.340913,       9.580696
1940,  1,     142.432465,      34.958706,      60.031551,      41.711563,      72.525891,      51.555577,      75.848818,     117.829407,      78.800888
1940,  2,     179.659339,      87.393364,      83.972303,      66.354534,      86.229655,      68.767968,     126.819409,     258.912391,     136.435092
1940,  3,     211.472900,     101.594990,      73.588118,      42.336577,     133.616589,      54.467440,     178.442937,     139.161962,      99.479141
1940,  4,     113.914541,      67.294636,      36.213772,      22.398610,      98.881412,      38.665822,     146.374778,      31.914954,      36.521228
1940,  5,      24.357748,      31.262442,       0.507684,       2.402033,      17.620567,      14.201956,     182.043915,      11.356173,       7.972272
1940,  6,       3.965735,      10.180501,       0.000000,       0.010693,       2.004942,       3.171323,      64.889322,       0.484412,       3.888387
1940,  7,       0.000102,       2.842629,       0.000000,       0.000000,       0.001277,       0.087001,      16.732365,       0.000000,       0.002012
1940,  8,       0.000000,       0.355924,       0.000000,       0.000000,       0.000000,       0.000000,       4.826619,       0.000000,       0.015787
1940,  9,       0.394758,       0.830925,       0.000000,       0.000000,       0.000000,       0.000000,       1.615976,       0.224076,       0.386173
1941, 10,       5.536403,       4.179525,       0.279659,       0.817141,       2.028427,       3.554613,       5.245200,       5.370006,       6.358718
1941, 11,      17.384658,       4.591527,       0.442404,       0.000059,       2.776650,       0.103418,       4.177819,      10.032973,       7.335159
1941, 12,     116.692311,      66.860202,      30.961030,      14.361135,      29.511777,      16.623392,      48.991353,     188.546322,     130.443678
1941,  1,     204.949217,     144.253770,      48.178519,      25.863115,      36.689433,      31.049637,      30.802902,     222.769947,     214.778449
1941,  2,     178.041418,     164.137311,      64.599692,      75.304339,      77.005842,      69.032141,      88.305476,     205.562984,     205.418234
1941,  3,     123.741473,     167.536758,      61.176531,      54.765677,      89.898895,      51.870205,     124.641819,     156.198123,     158.420758
1941,  4,     131.799682,     144.075389,      54.241461,      44.987950,     109.931624,      49.685528,     107.111464,     139.927772,     149.106047
1941,  5,      46.322147,      58.620904,       1.107777,       5.560896,      29.592414,      17.242930,     174.479719,      16.388043,      16.592657
1941,  6,       9.296044,      23.036651,       0.000000,       0.219977,       4.779889,       5.755252,     215.351864,       1.187612,       1.336334
1941,  7,       0.134606,       7.927715,       0.000000,       0.000000,       0.388169,       0.379813,     103.270423,       0.000000,       0.048039
1941,  8,       0.000986,       2.127389,       0.000000,       0.000000,       0.036584,       0.004462,      23.417638,       0.040842,       0.000000
1941,  9,       0.066486,       0.532407,       0.000000,       0.000000,       0.527450,       0.000000,       8.542532,       0.000000,       0.026437
1942, 10,       2.753453,       3.316531,       0.019422,       0.357962,       0.658453,       0.645386,       7.020247,       5.382010,       5.137704
1942, 11,      11.018846,       7.098441,       0.643747,       0.267822,       5.898910,       0.730804,      13.256367,      11.069555,       6.322147
1942, 12,     110.203322,      48.984457,      31.174617,      21.187181,      27.181754,      25.330505,      44.926260,     119.901434,      56.863550
1942,  1,     167.354400,      71.903421,      91.957813,      37.515653,     109.305042,      56.100304,      90.691041,     115.599568,      96.218938
1942,  2,     198.797551,     143.661980,      63.824302,      45.246032,     134.480828,      46.806198,     109.217945,     192.139787,     134.112012
1942,  3,      71.393877,      78.848758,      27.502309,      30.122205,      55.539862,      38.954147,      64.580583,      61.798217,      35.562413
1942,  4,     134.626293,      94.334646,      48.101044,      38.753254,      90.421409,      65.519194,     127.158621,      97.235559,      98.771720
1942,  5,      83.936023,      48.825306,      39.025077,      17.663509,      94.500742,      39.001655,     202.246506,      18.332339,      14.509754
1942,  6,      14.833151,      18.581489,       0.476011,       1.867489,      22.618055,      14.121646,     291.309714,       0.498707,       2.122603
1942,  7,       0.047650,       6.243607,       0.000000,       0.000004,       1.700368,       2.946111,     100.153173,       0.000000,       0.000734
1942,  8,       0.000000,       1.196403,       0.000000,       0.000000,       0.080201,       0.301844,      24.233735,       0.000000,       0.000000
1942,  9,       0.000000,       0.452749,       0.000000,       0.000000,       0.005750,       0.073571,       7.737607,       0.000000,       1.985020
1943, 10,       0.046742,       1.780826,       0.011570,       0.000002,       0.397751,       0.082663,       3.871671,       0.961259,       1.195834
1943, 11,      41.986768,      10.368037,      18.085219,       8.478491,      31.971890,      11.925349,      38.906199,      21.530973,       9.362922
1943, 12,      65.203767,      19.401219,      28.825439,       4.876870,      34.066375,       8.983054,      42.279285,      30.822350,      28.325886
1943,  1,     204.731425,      77.644567,     113.708078,      62.028311,     126.329376,      90.816370,     123.634176,     153.739172,      89.466218
1943,  2,     104.892366,      55.202057,      63.659458,      48.148542,      88.524010,      58.126381,      91.307449,      22.838204,      29.849134
1943,  3,     197.852707,      53.826592,     133.884246,     116.393016,     208.694741,     116.618968,     205.625053,      36.709264,      43.418580
1943,  4,      60.498592,      34.495764,      15.285555,      21.143315,      68.620609,      40.056027,     159.500151,      15.280448,      16.958937
1943,  5,      21.394456,      18.667385,       1.027098,       7.483884,      26.577778,      25.552201,     191.150920,       0.486696,       7.969460
1943,  6,      13.867451,       6.792928,       0.186186,       1.011755,      10.020478,      12.367376,     100.515339,       0.273204,       0.484996
1943,  7,       0.059685,       1.292594,       0.000000,       0.000021,       0.388801,       2.114186,      28.309499,       0.000000,       0.064700
1943,  8,       0.000000,       0.068708,       0.000000,       0.000000,       0.000214,       0.132255,       8.224509,       0.000000,       0.002060
1943,  9,       0.000000,       0.000000,       0.000000,       0.000000,       0.000000,       0.000319,       2.044334,       0.000000,       0.000000
1944, 10,       2.867950,       1.778272,       0.313627,       0.215887,       2.132154,       1.261412,       5.521380,       2.065345,       2.182125
1944, 11,       3.979818,       2.209634,       0.098079,       0.225096,       2.652873,       0.990506,       2.837812,       4.757416,       2.825528
1944, 12,      12.310115,       6.314247,       1.474171,       1.987537,       4.844185,       3.300931,       7.700306,      11.914177,       9.336329
1944,  1,      24.923581,      14.271432,       8.367582,       3.803299,      13.547732,       6.815996,      10.655396,      28.249222,      18.111183
1944,  2,      76.967492,      23.564057,      39.327201,      12.721441,      17.179820,      18.276987,      24.434520,      64.689345,      41.104043
1944,  3,     111.797453,      38.235302,      42.258476,      21.312052,      41.483092,      29.696662,      29.918480,      60.226754,      34.551101
1944,  4,      36.201948,      18.060517,      14.362898,       5.393190,      34.817364,      16.719639,      52.151525,      15.822798,      20.127077
1944,  5,      14.402605,      10.337557,       0.996113,       0.969154,      26.637605,       8.856702,     145.954266,       5.133552,      12.563726
1944,  6,       6.393988,       3.671319,       0.020312,       0.107542,       6.085641,       2.807509,     107.631554,       0.741601,       1.781523
1944,  7,       0.002023,       0.566974,       0.000000,       0.000000,       0.500190,       0.393958,      30.610590,       0.000000,       0.028735
1944,  8,       0.000000,       0.048463,       0.000000,       0.000000,       0.006133,       0.021950,       9.236971,       0.000000,       0.000000
1944,  9,       0.010826,       0.000173,       0.000000,       0.000000,       0.323694,       0.000000,       3.305478,       0.000000,       0.000000
1945, 10,       1.425887,       3.440891,       0.419798,       1.465881,       0.195490,       0.225984,       8.629886,       5.391546,       1.946997
1945, 11,      41.018306,      13.592817,      25.027567,       7.904462,      32.339823,      16.719042,      41.254771,      29.533085,      15.274071
1945, 12,      42.273948,      13.887211,      18.496923,       4.144038,      16.291072,       8.996334,      19.114951,      23.128902,      33.042123
1945,  1,      17.230455,      11.301056,       4.184351,       0.750255,      10.146407,       2.683423,       6.000850,       9.862550,      11.461020
1945,  2,     175.955158,      49.507427,      78.975280,      57.506595,     118.934128,      82.028675,     128.950529,      78.528169,      56.953867
1945,  3,     105.808578,      44.368070,      80.107259,      71.855177,      74.415246,      82.509601,      75.710157,      53.948188,      39.489659
1945,  4,      37.235391,      27.159743,       8.340469,      15.011049,      50.789314,      28.323319,     114.958555,       5.786588,      11.263980
1945,  5,      21.272761,      13.979058,       0.555215,       3.888685,      27.178129,      19.633131,     169.828129,       6.199094,       6.759994
1945,  6,       6.497830,       3.598176,       0.530618,       0.697217,      13.479996,       8.872646,     180.356387,       0.000013,       3.807962
1945,  7,       0.005265,       0.368078,       0.000327,       0.000000,       1.335286,       0.772473,      46.338013,       0.000000,       0.050099
1945,  8,       0.000000,       0.005458,       0.000000,       0.000000,       0.150105,       0.046654,      14.453639,       0.000000,       0.028324
1945,  9,       0.000000,       0.001104,       0.000000,       0.000000,       0.007902,       0.029141,       4.290036,       0.000000,       0.000974
1946, 10,       5.988907,      10.239602,       1.549474,       2.651145,       2.192834,       2.434200,      26.319765,      17.306292,       7.019667
1946, 11,      33.206321,      11.921410,      16.391747,       1.484723,      26.101442,       5.646741,      24.083918,      29.388617,      20.224538
1946, 12,     170.421574,      64.786917,      73.682599,      29.876074,     106.410954,      41.600783,      85.551650,     144.213128,     110.757378
1946,  1,      60.948397,      59.071302,      30.941790,      10.625654,      59.698383,      16.668831,      55.426305,      30.856527,      45.831431
1946,  2,      48.497126,      31.580133,      16.150604,      10.365045,      31.977308,      16.525482,      27.517110,      18.685727,      16.520842
1946,  3,      74.511773,      22.882061,      41.553775,      30.899285,      59.279033,      41.190185,      65.278178,      10.503744,       6.735002
1946,  4,      46.303179,      13.355985,      14.216016,      21.703469,      66.189406,      34.228519,     131.162325,       2.911135,      13.313052
1946,  5,      10.582765,       5.759010,       0.965451,       2.691821,      22.911656,      13.563308,     217.721703,       1.785072,       1.201943
1946,  6,       0.427323,       1.334457,       0.000756,       0.076416,       3.359657,       4.036752,     186.781168,       0.000000,       0.183248
1946,  7,       0.326118,       0.880527,       0.000000,       0.000000,       0.553825,       0.516589,      43.865191,       0.079347,       1.273480
1946,  8,       0.000716,       0.000000,       0.000000,       0.000000,       0.017559,       0.007811,      13.307652,       0.000000,       0.310646
1946,  9,       0.726011,       0.170488,       0.000000,       0.000000,       0.240157,       0.015823,       5.297188,       0.004662,       0.023430
1947, 10,       1.389469,       0.576739,       0.525253,       1.016672,       3.832193,       2.864420,       9.688514,       0.039900,       0.274174
1947, 11,      29.711421,      10.868410,      15.209328,      11.340530,      20.862849,      18.154690,      27.833338,      26.089052,      11.370331
1947, 12,      21.716896,       9.540645,      13.728588,      15.874971,      10.207796,      29.377480,      14.705059,      20.812481,      17.698470
1947,  1,       9.061482,       2.312159,       5.948486,       4.041905,       4.846140,      10.346534,       4.705504,       3.900501,       2.889619
1947,  2,      43.565582,      14.729617,      16.617536,      12.629890,      20.900398,      25.590351,      26.409742,      25.930564,      32.259026
1947,  3,      81.336577,      34.612745,      29.364544,      11.167099,      43.367133,      19.641137,      66.782779,      43.672098,      41.449798
1947,  4,      33.056069,      15.482141,       9.464387,       4.259601,      37.971737,      14.568492,      86.095689,       7.709497,       8.693498
1947,  5,       3.469406,       5.768520,       0.041847,       0.542311,       5.852701,       4.629018,     140.370946,       0.269130,       1.279186
1947,  6,       7.918078,       4.058606,       0.010552,       0.005746,       3.332616,       1.246778,      42.508351,       4.594975,       2.403519
1947,  7,       0.001020,       0.227911,       0.000000,       0.000000,       0.002293,       0.035998,      12.516120,       0.000000,       0.000000
1947,  8,       0.000000,       0.004627,       0.000000,       0.000000,       0.000000,       0.000000,       3.550576,       0.000000,       0.001447
1947,  9,       0.000000,       0.000000,       0.000000,       0.000000,       0.000000,       0.054357,       0.868953,       0.000000,       0.001355
1948, 10,      20.181726,       9.237840,       2.816692,       0.845160,      12.003082,       1.736002,      19.698132,      17.638142,      11.192036
1948, 11,       7.637758,       1.908058,       2.288020,       0.123756,       5.872025,       0.485967,       5.352723,       3.093587,       4.306950
1948, 12,       3.476729,       3.708062,       0.852695,       1.097496,       2.139320,       2.199315,       1.690493,       5.219693,       8.007395
1948,  1,      39.088239,       5.736564,       4.966121,       0.105024,       7.789459,       0.262958,      21.750186,      11.983554,       8.773883
1948,  2,      19.946083,       4.961251,      10.636372,       2.215118,       8.604157,       1.925513,      11.062303,       7.116278,       5.133264
1948,  3,      69.267223,      21.058801,      50.129976,      24.248288,      49.449801,      21.123109,      39.006659,      24.530129,      19.752724
1948,  4,     159.076390,      61.373802,      64.563307,      47.613096,     103.231389,      57.722672,     105.711873,      67.329817,      63.983946
1948,  5,      65.788968,      33.556771,      16.564382,      10.499500,      83.682627,      24.044238,     200.055187,      12.510954,      25.857253
1948,  6,      18.278326,      13.708818,       0.905397,       2.088245,      23.043555,      11.571924,     148.282942,       1.970697,      14.593061
1948,  7,       0.731959,       3.906517,       0.000000,       0.039152,       3.053999,       2.775685,      38.556480,       0.000000,       0.411587
1948,  8,       0.000000,       0.704623,       0.000000,       0.000000,       0.101470,       0.633400,      10.941093,       0.000000,       0.000000
1948,  9,       0.034740,       0.460031,       0.000000,       0.000000,       0.030426,       0.179474,       3.754909,       0.000000,       1.465293
1949, 10,       0.055572,       1.657442,       0.001971,       0.033957,       0.155020,       0.545941,       2.140962,       0.897476,       2.410764
1949, 11,      12.407817,       2.665630,       0.072722,       0.000000,       4.034611,       0.210437,       5.803569,       4.104281,       1.588693
1949, 12,      30.757110,      10.448156,       7.406386,       3.926969,      11.814571,       5.873810,       8.798009,      26.720802,      10.984804
1949,  1,      17.827660,       5.273224,      12.808186,       2.440429,       7.419310,       3.672520,       4.679913,       9.345926,       3.457567
1949,  2,      53.940208,      12.673983,      18.573616,       2.809773,       9.682976,       3.276984,       6.817698,      23.218542,       6.911352
1949,  3,     186.754414,      96.228803,      72.702573,      31.977401,      67.557252,      37.066911,      50.172931,     101.733898,     152.750184
1949,  4,      48.274425,      31.885004,      12.885374,       6.538690,      57.876950,      12.298955,     132.855627,       3.626067,      40.838915
1949,  5,      13.803392,      13.594825,       1.835203,       1.556845,      34.313649,      12.889360,     145.011535,       0.749461,      23.544900
1949,  6,       1.222003,       3.656700,       0.034254,       0.066028,       6.590858,       4.683717,      59.020511,       0.000693,       3.381105
1949,  7,       0.003870,       0.628755,       0.000000,       0.000000,       0.686673,       0.972755,      16.710289,       0.000000,       0.151723
1949,  8,       0.039473,       0.060694,       0.000000,       0.000000,       0.179894,       0.234999,       5.305447,       0.000000,       0.090472
1949,  9,       0.004383,       0.373148,       0.000000,       0.000000,       0.102738,       0.051446,       1.307109,       0.004604,       0.006135
1950, 10,       0.103299,       0.062001,       0.000000,       0.000000,       0.144361,       0.042000,       1.341795,       0.000002,       0.069581
1950, 11,      12.117496,       4.310453,       2.591033,       2.505239,       8.901401,       4.169628,       8.751605,      10.569940,       4.622930
1950, 12,      10.953473,       4.260829,       1.931039,       1.803918,       3.416313,       2.806073,       2.662386,       9.998827,       5.745442
1950,  1,     108.570826,      17.730752,      47.671258,       6.728176,      29.744376,       7.459409,      27.402515,      47.048349,      16.245049
1950,  2,     146.638688,      31.096385,      52.425383,      18.099088,      47.105642,      16.711514,      40.186495,      67.408419,      37.135096
1950,  3,     112.492401,      22.811070,      36.045615,       9.152381,      53.988667,      15.191430,      65.063256,      21.381222,      31.521159
1950,  4,      68.002228,      21.203298,      30.346707,      15.125433,      89.754807,      21.355166,     132.557190,      12.613150,      12.471023
1950,  5,      32.411469,       9.560029,       2.484983,       1.715526,      47.675760,       6.831335,     169.357474,       3.465779,       2.247326
1950,  6,       3.553318,       2.802070,       0.004756,       0.009669,      10.900560,       1.618325,     139.304991,       0.001979,       1.154407
1950,  7,       0.000662,       0.270667,       0.000000,       0.000000,       1.630577,       0.239730,      35.874475,       0.000000,       0.000000
1950,  8,       0.000000,       0.004911,       0.000000,       0.000000,       0.139233,       0.038005,      10.822724,       0.000000,       0.000000
1950,  9,       0.147428,       0.365670,       0.000000,       0.000000,       0.055489,       0.023328,       4.059067,       0.001039,       0.856030
1951, 10,      12.915921,      11.413488,       3.399793,       1.820750,       9.874775,       2.812940,      19.569962,      21.014220,       9.247883
1951, 11,     167.942697,      19.011840,      68.055853,      25.811523,     106.261563,      29.951419,     187.376812,      58.090444,      19.136810
1951, 12,     216.599208,      54.337481,      96.154686,      58.285611,     167.796152,      62.529841,     276.920969,     113.246001,      64.791643
1951,  1,     224.896669,      63.025138,      87.918394,      35.643168,     132.113339,      44.179350,     123.606625,      87.183334,      53.756738
1951,  2,      98.707857,      63.531182,      31.646877,      17.953888,      85.202730,      27.217521,      84.312475,      32.605313,      40.903491
1951,  3,     121.884289,      41.136181,      52.799154,      19.900221,      93.157210,      26.899705,      92.956653,      31.594770,      13.626737
1951,  4,      33.932729,      17.904918,       1.351648,       4.875958,      29.951736,      14.485841,      90.696755,       6.722300,       2.402484
1951,  5,      41.519720,      25.782624,       9.063946,       1.430043,      43.248502,      10.666179,     117.951233,      11.057267,      16.276473
1951,  6,       1.730221,       5.372442,       0.000000,       0.045111,       3.601582,       2.259789,      39.138644,       0.000691,       0.114052
1951,  7,       0.000084,       1.113507,       0.000000,       0.000000,       0.076230,       0.212899,      10.402500,       0.000000,       0.000000
1951,  8,       0.000000,       0.035653,       0.000000,       0.000000,       0.000000,       0.000621,       2.581011,       0.000000,       0.115698
1951,  9,       0.000000,       0.017747,       0.000000,       0.000000,       0.000000,       0.000000,       0.394866,       0.000000,       0.010284
1952, 10,      14.896527,       4.642012,       1.532217,       1.252156,      11.451301,       1.612905,      12.644150,       9.241901,       5.402803
1952, 11,      32.052544,      12.902813,       8.761862,       2.878447,      14.388516,       3.996150,      15.299304,      27.502579,      12.231652
1952, 12,     138.168526,      57.111992,      59.484579,      17.396947,      38.288520,      15.734516,      54.208098,     125.285496,      60.444357
1952,  1,     281.674835,     127.460810,     124.101831,      84.049752,     125.162073,      78.277953,      67.791530,     217.433157,      99.354103
1952,  2,     180.217679,      93.508887,      66.670254,      27.005336,     110.009173,      32.124649,      88.623221,      68.890813,      50.643511
1952,  3,     193.690325,      86.296070,     105.428051,      89.809898,     118.712625,      82.621345,     100.833567,      81.317447,      65.820278
1952,  4,      92.966770,      37.988206,      20.025549,      24.895291,     112.385967,      45.418507,     185.164248,      10.921840,      40.964922
1952,  5,      25.637239,      16.529079,       2.320386,       6.155746,      81.739425,      23.574048,     279.412079,       2.798681,      21.669796
1952,  6,       4.923821,       8.771793,       0.052734,       0.508412,      23.777784,      10.910776,     236.953876,       3.183856,       3.512355
1952,  7,       1.244494,       1.113032,       0.000600,       0.003525,       6.301306,       3.986804,      72.542864,       0.073028,       1.802576
1952,  8,       0.019124,       0.026324,       0.001775,       0.000000,       1.069588,       1.057220,      19.632896,       0.000000,       0.877805
1952,  9,       0.361433,       0.000645,       0.000938,       0.022319,       0.527660,       0.688807,       7.898569,       0.000000,       0.000260
1953, 10,       0.006682,       0.440742,       0.000000,       0.000000,       0.000000,       0.332495,       1.683425,       0.003512,       0.518287
1953, 11,      10.990122,       4.625443,       1.932000,       2.327749,       6.584594,       3.535649,       6.166165,      11.557118,      10.908865
1953, 12,      58.899707,      53.691888,      16.191347,       9.354271,      18.145217,       8.958222,      17.900610,     139.543107,     123.036049
1953,  1,     175.387146,     106.041100,      43.582899,      16.295399,      49.478750,      16.422981,      32.938219,     167.367882,     115.514967
1953,  2,      25.909281,      34.766434,       3.122489,       1.395981,       9.768072,       2.545428,       8.406251,      11.936097,      11.556149
1953,  3,      91.807934,      39.497618,      17.442894,       4.462739,      35.550166,       7.395045,      39.556797,      37.059846,      14.126607
1953,  4,      67.973130,      25.372534,      11.876323,       4.874674,      42.229538,       8.179468,      88.991616,      17.733769,       9.879809
1953,  5,      51.041712,      16.046309,       5.819433,       2.816292,      48.957661,       5.378965,      92.519814,       4.015189,      10.686667
1953,  6,      18.304714,       7.185512,       1.049104,       0.998243,      30.583117,       3.298199,     178.906257,       2.361591,       3.457308
1953,  7,       0.577938,       1.593954,       0.000000,       0.000000,       4.812972,       0.220396,      89.180411,       0.000000,       0.007061
1953,  8,       0.005490,       1.075356,       0.000000,       0.000000,       0.254265,       0.005513,      22.296952,       0.249717,       0.470315
1953,  9,       0.032382,       0.004987,       0.000000,       0.000000,       0.131601,       0.000000,       6.528846,       0.007596,       0.615721
1954, 10,       3.854631,       2.382017,       0.887520,       0.135179,       2.968108,       0.200047,       7.612078,       2.750083,       1.836968
1954, 11,      17.774236,      12.249597,       1.963991,       2.566694,       8.421548,       2.864018,      10.497350,      21.762755,      15.262524
1954, 12,      11.503357,       3.053139,       2.347635,       1.638379,       6.767112,       1.804800,       3.912017,       4.410046,       2.797976
1954,  1,      80.789519,      51.874829,      14.881610,       5.589337,      16.952406,       7.388706,      18.886397,      79.081048,      53.138545
1954,  2,      90.124981,      49.832153,      15.838926,      17.552413,      25.553857,      18.084581,      23.650205,      66.212731,      50.137383
1954,  3,     117.296204,      56.708625,      39.177955,      39.310287,      65.278696,      39.292644,      74.287263,      58.546718,      45.130581
1954,  4,      74.465696,      46.129940,      15.565871,      13.512262,      61.826713,      21.269785,     146.821305,      36.965491,      27.462755
1954,  5,      17.968791,      15.870499,       1.541877,       3.859156,      20.394684,      11.057723,     143.824989,       1.489841,       3.100586
1954,  6,       7.291382,       6.944425,       0.421048,       1.522191,       8.090975,       5.627480,      41.667633,       0.857416,       5.934142
1954,  7,       0.001959,       1.073968,       0.000000,       0.000000,       0.155058,       0.566616,      11.280240,       0.000000,       0.000000
1954,  8,       0.200870,       3.419691,       0.000000,       0.000000,       0.000283,       0.012046,       2.677182,       4.945786,       2.885585
1954,  9,       0.068117,       0.068296,       0.000000,       0.000000,       0.000000,       0.000010,       0.405684,       0.000006,       1.797472
1955, 10,       0.198244,       0.756779,       0.000000,       0.000000,       0.000000,       0.000000,       0.018698,       0.705039,       0.193470
1955, 11,      14.621464,      12.223409,       1.808694,       2.149315,       7.950816,       4.029582,       9.487239,      25.152116,      25.698281
1955, 12,      49.357086,      23.297901,      14.316576,       4.120398,      21.271528,       4.974248,      19.418802,      33.702413,      39.706376
1955,  1,      70.038406,      21.833466,      38.184425,       6.984354,      19.732864,       7.422151,      17.011224,      17.791049,      17.601785
1955,  2,      36.766447,      13.742341,      17.525015,       4.594471,      15.767106,       3.644135,      15.670515,       8.568799,       6.061770
1955,  3,      38.769288,      10.239065,      10.185495,       4.552344,      29.236694,       6.106242,      25.838183,       3.506343,      11.936397
1955,  4,      58.484901,      28.087128,      13.695951,      10.963990,      42.362497,      18.044918,      39.616304,      24.125012,      31.396890
1955,  5,      21.913991,      14.068238,       5.731616,       7.163811,      41.330796,      15.386519,      98.140518,       0.522659,      15.312075
1955,  6,       1.781635,       4.562468,       0.005216,       0.133809,       8.059294,       3.125481,     142.055158,       0.000882,       0.526449
1955,  7,       0.166221,       0.961817,       0.000000,       0.000000,       1.023461,       0.708167,      29.186949,       0.000000,       0.906607
1955,  8,       0.000000,       0.003285,       0.000000,       0.000000,       0.032167,       0.018895,       8.529805,       0.000000,       0.000000
1955,  9,       0.396216,       0.616393,       0.000000,       0.000000,       0.008403,       0.002909,       2.918611,       0.382782,       0.136502
1956, 10,       0.403608,       0.521616,       0.000000,       0.000000,       0.002256,       0.000000,       0.789155,       0.044960,       0.246562
1956, 11,      15.169858,       7.242118,       2.047433,       1.866084,       7.159934,       2.769701,       5.680469,       9.699091,      11.419058
1956, 12,     352.423809,     109.580903,     125.166807,      99.977336,     145.724211,      97.995494,     190.307769,     282.513269,     116.524146
1956,  1,     309.684004,     166.790156,     151.909501,      88.147565,     185.243157,      92.617924,     152.909812,     227.126584,     157.386637
1956,  2,     119.789926,     150.246035,      37.124186,      27.907105,      73.343809,      37.884399,      74.259687,     212.433158,      88.286564
1956,  3,      67.410476,      75.746069,       9.280916,      12.777700,      46.374088,      24.532162,      55.834346,      31.133970,      26.329586
1956,  4,      41.941683,      36.225657,       6.797880,      14.886504,      41.139449,      35.154751,      82.210934,      19.591079,      15.689914
1956,  5,      52.523137,      16.733136,      24.916455,      12.678901,      81.621551,      34.563119,     258.152875,       4.098401,       9.766116
1956,  6,       3.815503,       5.785059,       0.011043,       0.673876,      16.028047,       8.855119,     250.180409,       0.049340,       0.788577
1956,  7,       0.009836,       1.372481,       0.000000,       0.000119,       2.443435,       1.623891,      67.419789,       0.000000,       0.000781
1956,  8,       0.000000,       0.108320,       0.000000,       0.000000,       0.329549,       0.211290,      20.436012,       0.000000,       0.000000
1956,  9,       0.310534,       0.412595,       0.028603,       0.000000,       0.436557,       0.016422,       8.526635,       0.000163,       0.206016
1957, 10,      10.525698,       5.246991,       0.947888,       0.382301,       5.004108,       1.027095,      13.066303,      10.491396,       2.138871
1957, 11,       5.233935,       0.284666,       0.602538,       0.006956,       4.867469,       0.726691,       2.920257,       0.617188,       2.824089
1957, 12,       6.877796,       0.768150,       1.805524,       0.723094,       5.241466,       1.621340,       4.122184,       0.979777,       0.202325
1957,  1,      21.016045,      13.437859,       8.541651,       3.217170,      12.158446,       4.954725,       9.187277,      20.711969,      22.778469
1957,  2,      84.311794,      44.192982,      28.787090,       5.313282,      27.439712,       8.142547,      41.518692,      55.809776,      28.856808
1957,  3,     104.900538,      38.244095,      53.691393,       8.710388,      79.266799,      12.241023,      83.343175,      25.059671,      31.742138
1957,  4,      56.393341,      26.476527,       7.779902,       2.992327,      36.595416,       5.550845,      71.135192,      13.797799,      19.120132
1957,  5,      98.397100,      31.288452,      24.146934,      17.253723,      61.630731,      26.314042,     169.188200,      21.761590,      11.133378
1957,  6,       8.341437,      10.388676,       0.129420,       0.794188,      13.496138,       3.816490,     127.462325,       0.219441,       0.749314
1957,  7,       0.001580,       3.118344,       0.000000,       0.000000,       0.668156,       0.566768,      28.579978,       0.000000,       0.008696
1957,  8,       0.000000,       0.531196,       0.000000,       0.000000,       0.002578,       0.012442,       7.066543,       0.000000,       0.000000
1957,  9,       1.474644,       7.381960,       0.000000,       0.079927,       0.010822,       0.195844,       2.380266,       7.886292,       3.117729
1958, 10,       8.876398,      15.680520,       0.968960,       0.610516,       2.162711,       1.130387,       6.094604,      24.957771,      34.411462
1958, 11,       8.856378,       4.001701,       1.106136,       0.690655,       6.296797,       1.129594,       5.950073,       4.256847,       5.238293
1958, 12,      41.727775,      31.012576,       8.398977,       4.474977,      14.102021,       6.640915,      14.308920,      31.229390,      30.948972
1958,  1,      78.388459,      82.233168,      31.678885,       7.738058,      21.656076,       9.714162,      29.988325,      76.392085,      72.945198
1958,  2,     220.794678,     254.148920,     102.746529,      39.689346,     101.942132,      54.521183,      92.984360,     286.731466,     298.476481
1958,  3,     204.868443,     182.387345,     121.770975,      94.739574,     132.923301,     103.681155,     127.297156,     164.327154,     155.721052
1958,  4,     237.318790,     160.686935,     151.623876,     113.945839,     217.075088,     114.140863,     197.456055,     165.543191,     103.015753
1958,  5,      31.823449,      52.513173,       1.579808,      13.951152,      75.777635,      36.107785,     290.813257,      12.143657,      16.083862
1958,  6,      11.163611,      21.532293,       0.114208,       2.585672,      21.345684,      16.511578,     182.635085,       2.842005,       3.454799
1958,  7,       0.155469,       8.189593,       0.000000,       0.028139,       3.393947,       4.349629,      52.349100,       0.006759,       1.974948
1958,  8,       0.000000,       1.383827,       0.000000,       0.000000,       0.510032,       0.747057,      16.829002,       0.000000,       0.186617
1958,  9,       0.950901,       0.123040,       0.000000,       0.057493,       0.443381,       0.819616,       6.504094,       0.000000,       0.019192
1959, 10,       0.230743,       0.295954,       0.000000,       0.000000,       0.017632,       0.169012,       1.831511,       0.003171,       0.761860
1959, 11,       5.173509,       1.574598,       0.090575,       0.056711,       2.357618,       0.751703,       4.654994,       0.315375,       0.916014
1959, 12,       5.624075,       3.444580,       0.553011,       0.149695,       2.785874,       0.431474,       3.206970,       6.965878,       3.676471
1959,  1,      53.936189,      36.723753,      16.980165,       4.632235,      21.938674,       5.905321,      22.926408,      67.680157,      40.555322
1959,  2,      94.503809,      77.304590,      51.952012,      15.053333,      16.714660,      14.874512,      21.781376,     102.841401,      74.967424
1959,  3,      38.698877,      25.712515,       9.098383,       3.595745,      20.153411,       4.630698,      28.049719,      10.231781,      13.741734
1959,  4,      21.649443,      10.602666,       1.887898,       2.498717,      17.858743,      10.880428,      46.737134,       1.985755,       4.239710
1959,  5,       8.784439,       3.604624,       0.139159,       0.518212,       6.225522,       4.275128,      75.267810,       0.063584,       0.788107
1959,  6,       0.560365,       0.706724,       0.000009,       0.001877,       0.641205,       1.130451,      49.180068,       0.000000,       0.011670
1959,  7,       0.000000,       0.011402,       0.000000,       0.000000,       0.086834,       0.127652,      12.597022,       0.000000,       0.000000
1959,  8,       0.001540,       0.029690,       0.000000,       0.000000,       0.038401,       0.000000,       3.816086,       0.000000,       0.836943
1959,  9,       8.884283,       4.329403,       3.168507,       4.520159,       5.038643,       5.655523,      12.375871,      10.958168,       5.913571
1960, 10,       0.000000,       0.002202,       0.000000,       0.000000,       0.000000,       0.005608,       0.253575,       0.000000,       0.008949
1960, 11,       0.000000,       0.009760,       0.000000,       0.000000,       0.000000,       0.000000,       0.021371,       0.000000,       0.002596
1960, 12,       8.610727,       5.241811,       0.734838,       0.550356,       3.097273,       0.746763,       2.667617,      10.196157,       7.700446
1960,  1,      48.900321,      16.948948,       9.139737,       3.548737,      17.348924,       4.296780,      11.613872,      37.119787,      23.488769
1960,  2,     145.889790,      57.919178,      45.755087,      14.269578,      32.640063,      14.400970,      46.649876,     112.171023,      75.714889
1960,  3,      94.204052,      41.847143,      16.283147,      11.765443,      47.530429,      14.389294,      44.722597,      53.881731,      42.344995
1960,  4,      44.266171,      15.683156,       8.865636,       9.623392,      29.778730,      13.102740,      66.076073,      10.762879,      10.682089
1960,  5,      24.907997,      10.231975,       1.747573,       3.102766,      19.181808,       5.925315,      97.254838,       6.555313,       6.852907
1960,  6,       1.869632,       2.602055,       0.000006,       0.001371,       1.551936,       0.985065,      41.730820,       0.000741,       0.408204
1960,  7,       0.034753,       0.443134,       0.000000,       0.000000,       0.098686,       0.066534,      11.974025,       0.000000,       0.000000
1960,  8,       0.000000,       0.006780,       0.000000,       0.000000,       0.001015,       0.000000,       2.734422,       0.000000,       0.000000
1960,  9,       0.000000,       0.000000,       0.000000,       0.000000,       0.000000,       0.000000,       0.890079,       0.000000,       0.000000
1961, 10,       0.014812,       1.499774,       0.001740,       0.088765,       0.430888,       0.301851,       2.751271,       2.098332,       0.678294
1961, 11,      27.642966,      11.313688,       3.996610,       3.395743,      12.510285,       5.485870,      12.481885,      19.664699,      13.841417
1961, 12,      13.812429,      22.850892,       4.187033,       1.898070,       5.766514,       3.300437,       5.188769,      34.810204,      36.788688
1961,  1,       6.330886,      21.319901,       1.347192,       1.892154,       2.126980,       2.652228,       4.412762,      33.386703,      24.682207
1961,  2,      39.259906,      35.956622,       4.094802,       0.515056,       7.191033,       1.344916,      10.554246,      32.943818,      58.067138
1961,  3,      61.888282,      47.804943,      14.374498,       2.772546,      13.709851,       5.394295,      19.157132,      38.551990,      36.644716
1961,  4,      33.001733,      23.763331,       4.629299,       0.872049,      11.729381,       3.252236,      36.514585,      10.611396,       7.952225
1961,  5,      22.487550,      10.949514,       1.916106,       0.422421,      12.657065,       2.126705,      75.123582,       1.358815,       2.308653
1961,  6,       4.240518,       3.184928,       0.009858,       0.019794,       1.885792,       0.409442,      46.991039,       0.206479,       1.480562
1961,  7,       0.000031,       0.492025,       0.000000,       0.000000,       0.371679,       0.008060,      14.245438,       0.000000,       0.000000
1961,  8,       0.003565,       0.234825,       0.000000,       0.000000,       0.021433,       0.000000,       5.303389,       0.000000,       2.296042
1961,  9,       0.074778,       0.454018,       0.119962,       0.000000,       0.699161,       0.008221,       6.101880,       0.334695,       1.424817
1962, 10,       1.443995,       0.462821,       0.091688,       0.000817,       0.703175,       0.035297,       3.070149,       0.059179,       0.334558
1962, 11,       6.931391,      13.170433,       0.960435,       1.669712,       2.360216,       2.871934,       6.676365,      20.398430,       9.906392
1962, 12,      25.724948,      13.188142,       4.680359,       2.589480,       9.741024,       3.456764,       5.592784,      29.472951,      27.951325
1962,  1,      29.117641,       4.437941,       3.801971,       1.974931,       5.314361,       2.402530,       4.107718,      10.282824,       8.429050
1962,  2,     223.389515,      91.580000,      83.277324,      66.909202,      62.008131,      72.614468,      70.291049,     142.646518,      89.993942
1962,  3,     134.943843,      87.651565,      56.621897,      41.992151,      45.919023,      50.984508,      40.878116,      87.846035,      78.168592
1962,  4,      40.485970,      23.639377,       4.492400,       7.019632,      54.595750,      17.238555,     126.396731,       5.320989,       9.899639
1962,  5,      18.079765,      10.081636,       0.172189,       2.175890,      23.080083,      11.525664,     116.477009,       0.429900,       2.615740
1962,  6,       1.866078,       2.772410,       0.000081,       0.110447,       5.026265,       4.919530,     142.463350,       0.000000,       1.049373
1962,  7,       0.002463,       0.244934,       0.000000,       0.000388,       2.780880,       0.964768,      35.925336,       0.000000,       0.000000
1962,  8,       0.062313,       0.158483,       0.000000,       0.000000,       0.103845,       0.238930,      10.845434,       0.006135,       1.498488
1962,  9,       0.000000,       0.560686,       0.000000,       0.000000,       0.000000,       0.081798,       2.964266,       0.325280,       0.356511
1963, 10,     112.695253,      24.022441,       4.749479,       2.444711,      29.182523,       2.431823,      30.753456,      65.454457,      21.327070
1963, 11,      20.643419,       3.891242,       0.896485,       0.020812,       2.893524,       0.127485,       6.620870,       5.860267,       4.179838
1963, 12,      69.483634,      18.165390,       4.305882,       2.041235,      12.418176,       1.140061,      25.960871,      34.221015,      20.230067
1963,  1,      29.718953,      36.645306,       5.383606,       9.462257,       0.963195,       3.282264,      50.584954,      57.219685,       8.892966
1963,  2,     170.182053,      81.059285,      72.177178,      38.758396,     117.881839,      48.439049,     165.716139,     110.303952,      85.176207
1963,  3,     103.802592,      68.921406,      37.840750,      20.750564,      52.012864,      29.598828,      72.507053,      68.727914,      45.396298
1963,  4,     185.467766,     110.378089,      82.435030,      58.808886,     133.686026,      63.025754,     144.593320,     120.904597,      78.108120
1963,  5,      49.526979,      46.528225,      15.109541,      13.087077,      72.035178,      24.677780,     239.745382,      14.833948,      14.932897
1963,  6,      10.659000,      16.328305,       0.358933,       2.185072,      16.790820,      10.064437,     123.808458,       0.204646,       1.511573
1963,  7,       0.588824,       5.513899,       0.000000,       0.026100,       1.931294,       2.829787,      34.190777,       0.000000,       0.020971
1963,  8,       0.000000,       0.942870,       0.000000,       0.000027,       0.030463,       0.380068,       9.605409,       0.000000,       0.000000
1963,  9,       0.204141,       0.016512,       0.000000,       0.000000,       0.569680,       0.179301,       6.250593,       0.000010,       0.000000
1964, 10,       7.054011,       5.890146,       1.350510,       0.474210,       6.682384,       1.070158,      12.072262,       6.562538,       6.351198
1964, 11,      54.307282,      18.361345,       9.183690,       7.307812,      21.636535,      12.422517,      31.978187,      39.890979,      23.412478
1964, 12,      11.540462,       2.791053,       1.336135,       0.304272,       3.992682,       1.915994,       6.344248,       3.589684,       4.256260
1964,  1,      92.002536,      29.631238,      26.407654,       2.613068,      17.942708,       4.614202,      16.769477,      40.330023,      17.949594
1964,  2,      26.167850,       5.531128,       6.976493,       0.266023,       8.120332,       0.746445,       8.167369,       1.266444,       3.122419
1964,  3,      48.956801,      10.430547,      13.025363,       4.526252,      23.822788,       4.383955,      30.646461,      10.019620,       8.268419
1964,  4,      24.013392,       3.906767,       8.324631,       4.464616,      34.753874,       9.095024,      60.084541,       0.849419,       3.229596
1964,  5,      22.678193,       2.480910,       4.240270,       1.257870,      36.030621,       6.439565,     132.138337,       1.445832,       0.752909
1964,  6,       7.368191,       1.031373,       0.473565,       0.647033,       9.668394,       3.319404,      95.691261,       1.370578,       1.607459
1964,  7,       0.055265,       0.047450,       0.000000,       0.000000,       0.711287,       0.291042,      24.462521,       0.000000,       0.006471
1964,  8,       0.000712,       0.000000,       0.000000,       0.000037,       0.006168,       0.007855,       7.250880,       0.000000,       0.006061
1964,  9,       0.159749,       0.060497,       0.011680,       0.003980,       0.170882,       0.118135,       2.286495,       0.000000,       0.389121
1965, 10,       3.093340,       4.441594,       1.231265,       1.878293,       1.463458,       2.097841,       6.433436,       7.077431,       4.931848
1965, 11,      32.717392,      18.257608,      11.384631,       5.625184,      19.417690,       8.113790,      17.878559,      32.643091,      31.597672
1965, 12,     338.314821,     114.548309,     117.209042,      39.736886,     163.520895,      42.485679,     221.828274,     173.962043,      78.948417
1965,  1,     268.876101,     147.872722,      99.801517,      58.973703,     148.084666,      69.334211,     141.891232,     177.240331,     102.361960
1965,  2,      51.800244,      40.335719,      15.987398,      15.856687,      52.531309,      25.096590,      71.597459,      17.332166,      16.498116
1965,  3,      55.765445,      21.538195,      14.977944,      11.247644,      50.684212,      29.280081,      59.957750,       9.607563,      10.830439
1965,  4,     117.028712,      62.205660,      60.362438,      43.252809,     105.496457,      57.107281,     142.399038,      41.498461,      71.627313
1965,  5,      19.359784,      20.588636,       0.826638,       4.312565,      41.845889,      19.084023,     169.546810,       0.718663,       7.253660
1965,  6,       3.391072,       7.199982,       0.033697,       0.392702,      10.304954,       9.126829,     196.918563,       0.000000,       0.321133
1965,  7,       0.025787,       1.508047,       0.000000,       0.000000,       1.383299,       2.114899,      56.999130,       0.000000,       0.036910
1965,  8,       1.286531,       2.421774,       0.356750,       0.000000,       4.892467,       0.576120,      32.361477,       2.727578,       4.129698
1965,  9,       0.074617,       0.000003,       0.001867,       0.000000,       0.326254,       0.291708,       8.758945,       0.000000,       0.000000
1966, 10,       0.734176,       0.051956,       0.072910,       0.001202,       1.527343,       0.222811,       4.336092,       0.000000,       0.009758
1966, 11,      31.122501,      18.850593,      18.337480,      14.832635,      23.839039,      20.659238,      49.911464,      35.127817,      35.985285
1966, 12,      35.262594,      18.548397,      21.634797,      11.226365,       9.900828,      10.138588,      21.906012,      31.345176,      12.533029
1966,  1,      79.010498,      70.290657,      21.847815,      10.456566,      16.978547,      10.407635,      13.552301,      97.642154,      54.352544
1966,  2,      58.643667,      62.327208,      22.653630,      10.641245,      30.325145,      18.212712,      23.989310,      52.173054,      60.106547
1966,  3,      45.580513,      29.795267,       5.355260,       2.766997,      29.601475,       7.918305,      52.475933,       8.637992,      14.999550
1966,  4,      28.820612,      14.158707,       1.595091,       1.024716,      42.682907,       5.848498,     131.324125,       5.840752,       3.191483
1966,  5,       6.055306,       5.089803,       0.043234,       0.348011,       9.050789,       2.828977,     127.682677,       0.147330,       0.449369
1966,  6,       0.278501,       1.164765,       0.000000,       0.000787,       1.530860,       0.591801,      30.723388,       0.002550,       0.001368
1966,  7,       0.000000,       0.086560,       0.000000,       0.000000,       0.047842,       0.066853,       9.672280,       0.000000,       0.000000
1966,  8,       0.000000,       0.637981,       0.000000,       0.000000,       0.025896,       0.000000,       2.529408,       0.432644,       0.127038
1966,  9,       0.000000,       0.287809,       0.000000,       0.000000,       0.000377,       0.000969,       0.702014,       0.250602,       1.058548
1967, 10,       0.000000,       0.000000,       0.000000,       0.000000,       0.000000,       0.000000,       0.008900,       0.000000,       0.001975
1967, 11,      40.974693,      20.005441,       5.772704,       3.083560,      15.765166,       3.737013,      22.117454,      42.307883,      23.785740
1967, 12,     102.319711,      30.564425,      38.180527,      21.799589,      24.957936,      29.880354,      47.396220,      71.860818,      36.064780
1967,  1,     183.218390,     100.755302,      55.758628,      23.830495,      39.986221,      27.979932,      49.023454,     222.328496,      82.463186
1967,  2,      80.294063,      45.150133,      27.830267,      14.529274,      51.870424,      23.851158,      37.912196,      25.002979,      42.364782
1967,  3,     136.936255,      88.118514,      65.214887,      49.653730,      79.328708,      69.348759,      97.350527,      90.315292,      34.236102
1967,  4,     148.128012,      77.233955,     132.172664,      95.180229,     128.988411,     109.560793,     110.174104,      89.577991,      66.318671
1967,  5,      60.625374,      35.615553,      20.118914,      19.920705,     113.731980,      41.745311,     300.836873,       8.009222,      27.787591
1967,  6,      22.984021,      18.985171,       1.251452,       5.115843,      39.928578,      25.567911,     280.618246,      11.675528,      17.720167
1967,  7,       0.173446,       4.289904,       0.000010,       0.035383,       6.183386,       7.244534,      90.791200,       0.000000,       0.217865
1967,  8,       0.000000,       0.410279,       0.000000,       0.000000,       1.022644,       1.648216,      27.428574,       0.000000,       0.074168
1967,  9,       0.761158,       0.103255,       0.003339,       0.004062,       0.526707,       1.077262,      11.813480,       0.000000,       0.226686
1968, 10,       5.409905,       2.540522,       0.905886,       0.000000,       4.689285,       0.616395,       8.214786,       2.676222,       1.331540
1968, 11,       8.975136,       5.913004,       0.973863,       2.387436,       5.734276,       2.230324,       9.135739,       8.648158,       6.717022
1968, 12,      31.190883,       9.883246,       8.604488,       2.842956,      11.749845,       5.508670,       5.842907,      20.373420,      16.494249
1968,  1,      58.605658,      62.412321,      13.701803,       2.673645,      10.535888,       3.583939,      12.683112,      86.573458,      49.019032
1968,  2,     117.838564,      64.086219,      43.825052,       2.809846,      41.128617,       4.858560,      41.667228,      54.725770,      98.747824
1968,  3,      68.163216,      58.615696,      25.019449,       5.463597,      45.281202,       7.247568,      52.849621,      43.008836,      32.738753
1968,  4,      19.690328,      22.600546,       2.247672,       1.177819,      18.867907,       4.520149,      69.225945,       4.981052,       5.810074
1968,  5,       8.440739,       9.859147,       0.463378,       0.731743,       7.888356,       3.541025,     100.205113,       1.678520,       3.159403
1968,  6,       1.394977,       2.333586,       0.000000,       0.098001,       0.808101,       0.928005,      34.710499,       0.000000,       0.735099
1968,  7,       0.000002,       0.096521,       0.000000,       0.000000,       0.013813,       0.060211,      10.630304,       0.000000,       0.000000
1968,  8,       2.646364,       3.172431,       0.125572,       0.000000,       1.600813,       0.002442,       7.738466,       1.662480,       5.110819
1968,  9,       0.000000,       0.047039,       0.000000,       0.000000,       0.000002,       0.000000,       0.719331,       0.000000,       0.143183
1969, 10,       8.958421,       2.787455,       0.374761,       0.444095,       1.253059,       0.940862,       6.607604,       9.058058,       0.802402
1969, 11,      25.237136,       6.581911,       7.448923,       2.870962,      18.470376,       3.903175,      30.191581,      11.149240,      11.508510
1969, 12,      82.845869,      48.623469,      24.571745,       7.150385,      15.896940,       9.347192,      21.271642,      66.433807,      35.333089
1969,  1,     386.879553,     142.341461,     191.858677,     136.102666,     185.126654,     150.083027,     199.176640,     254.548192,     130.431491
1969,  2,     241.667997,     165.148353,     139.652972,     142.207804,     125.832456,     137.284101,     115.277221,     199.470420,     143.507194
1969,  3,     126.922585,      88.087165,      59.141906,      87.868953,     101.373510,      82.238119,     102.489969,      55.962744,      89.599428
1969,  4,      83.222348,      40.631226,      39.566674,      48.016222,     108.095335,      71.741646,     166.555491,      23.320044,      41.340825
1969,  5,      21.622718,      15.911972,       3.747728,      12.941041,      57.518573,      41.926950,     314.647960,       0.950093,      18.365735
1969,  6,       2.722386,       6.403997,       0.046504,       2.626198,      11.717903,      30.090647,     225.804288,       0.058364,       2.743145
1969,  7,       0.017414,       1.054766,       0.000000,       0.112225,       2.208856,       9.794973,      59.189990,       0.000000,       0.058290
1969,  8,       0.000000,       0.000688,       0.000000,       0.000000,       0.096042,       3.433112,      16.882868,       0.000000,       0.000000
1969,  9,       0.000000,       0.000000,       0.000000,       0.000000,       0.133322,       1.752988,       6.692350,       0.000000,       0.000000
1970, 10,       8.874747,       4.048210,       2.663273,       2.554493,       7.522203,       5.300372,      15.356772,       8.587973,       5.236975
1970, 11,       9.673338,       2.546804,       3.812366,       1.960445,       8.639495,       3.874941,      12.108536,       4.195995,       2.039072
1970, 12,     108.727399,      42.797439,      28.503179,       2.734619,      27.102340,       5.839492,      58.258465,      98.349175,      51.200644
1970,  1,     349.444121,     208.591412,     138.298713,      34.745630,     162.013288,      46.310686,     180.666948,     335.435940,     174.683613
1970,  2,      80.304277,     101.605024,      34.992880,      16.478676,      67.079887,      22.271604,      89.172829,      69.454368,      61.063690
1970,  3,      99.848568,      67.214345,      48.918019,      31.342744,      76.890327,      39.901438,      86.031838,      46.581893,      42.935425
1970,  4,      30.398272,      22.849630,       3.278714,       4.869560,      25.956896,      12.564059,      50.367658,       4.773296,       4.491683
1970,  5,      10.089474,       9.197745,       1.184092,       0.827295,       9.676250,       6.825731,     156.951047,       0.069930,       0.185911
1970,  6,       2.989740,       3.423572,       0.513632,       1.452258,       5.104617,       3.549232,     123.636268,       0.730324,       0.438428
1970,  7,       0.086105,       0.097039,       0.000000,       0.000000,       0.226962,       0.331117,      29.497559,       0.000000,       0.230778
1970,  8,       0.000000,       0.000000,       0.000000,       0.000000,       0.000326,       0.010034,       9.041056,       0.000000,       0.000000
1970,  9,       0.000000,       0.000000,       0.000000,       0.000000,       0.000000,       0.000000,       2.618715,       0.000000,       0.000000
1971, 10,       5.832851,       2.411405,       0.051751,       0.000943,       2.661252,       0.065770,       3.962906,       4.410885,       2.633588
1971, 11,      46.349466,      21.657112,      11.296702,       4.601526,      19.837632,       5.353072,      37.922132,      58.128439,      23.318822
1971, 12,     182.389873,      61.102717,      80.819375,       8.583809,      50.140649,      12.949344,      32.588199,     149.341112,      80.462150
1971,  1,     108.889084,      69.335049,      34.371148,       6.114256,      38.573513,       9.330557,      21.467780,      54.463283,      64.971344
1971,  2,      44.870905,      19.150834,       8.995606,       1.139818,      26.325427,       3.262532,      21.193819,       6.124584,       8.841393
1971,  3,     120.600844,      52.818926,      24.878594,       4.778066,      62.490798,      10.142807,      66.958728,      36.257945,      34.513919
1971,  4,      38.376252,      23.609947,       2.353915,       1.203298,      47.046305,       7.169297,      87.262241,       5.870021,       9.064082
1971,  5,      24.585264,      10.704625,       0.997031,       1.945920,      40.289161,      11.103612,     133.296373,       1.846499,       5.113991
1971,  6,       7.883018,       3.009128,       0.071734,       0.024626,      13.119172,       2.238927,     191.410750,       0.029751,       1.132445
1971,  7,       0.256833,       0.391645,       0.003890,       0.000000,       2.910238,       0.475522,      54.818664,       0.000000,       0.676056
1971,  8,       0.016924,       0.100324,       0.000000,       0.000000,       0.190688,       0.012413,      16.951641,       0.000000,       0.020507
1971,  9,       0.315036,       0.432233,       0.024412,       0.000000,       0.012472,       0.008426,       6.541007,       0.153211,       0.095506
1972, 10,       3.560422,       0.627626,       0.201670,       0.000016,       2.408238,       0.108831,       4.561028,       0.217682,       0.626563
1972, 11,      13.328576,       5.830874,       2.747174,       1.358771,      10.010753,       2.494723,      16.513481,       8.670089,       6.579125
1972, 12,      54.156952,      18.121838,      34.783807,       4.710885,      25.262384,       6.845530,      24.392915,      40.276966,      18.098139
1972,  1,      41.988364,       8.222762,      11.914151,       0.672697,       8.449433,       0.941492,       4.990553,      14.818025,      13.962472
1972,  2,      82.350015,      15.977356,      19.838328,       1.847617,      30.250503,       1.142113,      20.810986,      20.068731,      17.916849
1972,  3,      37.480812,       9.497449,       5.084106,       0.064921,      42.253446,       0.498236,      68.334545,       4.138841,       7.794082
1972,  4,      49.160697,      15.549197,       5.692634,       2.731993,      42.296880,       5.161072,      70.319826,      11.334738,       5.672737
1972,  5,      10.875689,       4.236825,       0.090443,       0.021293,      15.467407,       0.913548,     144.241954,       0.296817,       4.462206
1972,  6,       1.312017,       0.979015,       0.000000,       0.046811,       2.906031,       0.877955,      58.436481,       0.050432,       0.460361
1972,  7,       0.000010,       0.047255,       0.000000,       0.000000,       0.157526,       0.011846,      16.255940,       0.000000,       0.000000
1972,  8,       0.000000,       0.020800,       0.000000,       0.000000,       0.059898,       0.017439,       5.463958,       0.000000,       0.022915
1972,  9,       4.570613,       1.941738,       0.131330,       0.002157,       3.564273,       0.081725,       6.645526,       1.807754,       0.891893
1973, 10,       5.296636,       6.222802,       0.007814,       0.004660,       2.029182,       0.145641,       5.769363,      10.390109,      11.307203
1973, 11,      38.503911,      17.618641,       5.438314,       4.715883,      15.629029,       5.955139,      15.567102,      37.734051,      33.393397
1973, 12,      57.266756,      17.393682,      13.517261,       2.404027,      14.120624,       2.259828,      17.613717,      25.130680,      37.334134
1973,  1,     224.732458,     152.191831,      79.127042,      17.597252,      98.710184,      19.902947,      65.459634,     207.342352,     134.666200
1973,  2,     168.490556,     154.284513,      81.016605,      41.166704,     103.364635,      40.608778,      67.972081,     167.946807,     168.977561
1973,  3,     131.470031,      97.019160,      68.545240,      45.294414,      96.922318,      56.466015,      68.606198,      61.153515,      97.172505
1973,  4,      45.529132,      35.741839,      12.025526,       9.195952,      54.954372,      18.132374,     111.575931,       8.792543,      19.026911
1973,  5,      14.245769,      14.629207,       0.174244,       1.942616,      35.500984,       9.972770,     256.710648,       0.192882,       1.972867
1973,  6,       0.652386,       4.661555,       0.000001,       0.060268,       5.973453,       2.837634,      78.118257,       0.000000,       0.181037
1973,  7,       0.000923,       0.535965,       0.000000,       0.000000,       1.248933,       0.302983,      24.501148,       0.000000,       0.000000
1973,  8,       0.008979,       0.182328,       0.000000,       0.000000,       0.134687,       0.006751,       7.721751,       0.000000,       0.000000
1973,  9,       2.702538,       1.158414,       0.000000,       0.000000,       0.068701,       0.000025,       1.697556,       0.444886,       0.173785
1974, 10,       9.988939,       5.611237,       2.725434,       2.213268,       9.414447,       2.399938,      12.817256,       9.297651,       6.403731
1974, 11,     145.318691,      34.212058,      16.693390,       4.610250,      32.613159,       8.243556,      62.123314,      81.536079,      33.613753
1974, 12,     170.741172,      53.574268,      52.974261,       9.559751,      70.692394,      13.316218,      66.274337,      70.216867,      59.715992
1974,  1,     192.222941,     102.607753,      59.323224,      22.622891,     120.155979,      32.186180,      92.435116,     113.345212,      83.788524
1974,  2,      73.834735,      49.071992,      10.592603,       3.587545,      44.215570,       7.752013,      45.555663,      24.002582,      19.616689
1974,  3,     241.724125,     128.678864,      82.839050,      41.538753,     114.657002,      60.764259,     134.648412,     154.565331,      67.699499
1974,  4,     128.807691,      60.463205,      45.287624,      32.100742,     105.795319,      44.108814,     127.030777,      38.436828,      43.523436
1974,  5,      23.752392,      20.933079,       0.632643,       3.729162,      33.890349,      13.547878,     241.450458,       1.987071,       4.537575
1974,  6,       2.493444,       7.334882,       0.000000,       0.084322,       5.104562,       3.829504,     104.760816,       0.000000,       1.957035
1974,  7,      29.626660,       4.408888,      15.200214,       0.047209,      13.941895,       0.957316,      46.670998,       4.290449,       6.847144
1974,  8,       0.024646,       0.327136,       0.000000,       0.000000,       0.160480,       0.011655,      11.055518,       0.000000,       0.214519
1974,  9,       0.000000,       0.000000,       0.000000,       0.000000,       0.000124,       0.000000,       2.586695,       0.000000,       0.000000
1975, 10,       5.516915,       2.555680,       1.564283,       0.966929,       4.471865,       1.677155,       8.608036,       3.451684,       2.742716
1975, 11,       8.023873,       2.036449,       1.559737,       1.034619,       8.506534,       1.645978,       8.025808,       3.034626,       3.120053
1975, 12,      13.483155,       9.210672,       5.545796,       5.121539,       7.137741,       5.103982,       7.610218,      21.245391,      23.261315
1975,  1,      22.548158,       3.869281,      14.038431,       2.496414,      10.774025,       3.266578,      12.739693,       6.399657,       9.057386
1975,  2,     155.051742,      74.034706,      65.172636,      26.543885,      54.450438,      12.631996,      45.845121,      85.378129,      91.761834
1975,  3,     171.758375,     128.364383,     100.975424,      50.543387,     115.286123,      55.084994,      99.325342,     116.606747,     148.525876
1975,  4,      96.071583,      46.708542,      40.243258,      30.194271,      78.505615,      31.563768,      84.066804,      17.055105,      31.226727
1975,  5,      30.329527,      19.629874,       8.449940,       6.697696,      69.017703,      17.755020,     219.997813,       1.156148,      20.325430
1975,  6,       3.152522,       6.616366,       0.040201,       0.303241,      18.012952,       6.476758,     213.635349,       0.000000,       1.778850
1975,  7,       0.091561,       2.062883,       0.000006,       0.000346,       3.221884,       1.480626,      45.160367,       0.099196,       2.490723
1975,  8,       2.282153,       0.572247,       0.256289,       0.000033,       3.443566,       0.539178,      21.716456,       0.008457,       1.657262
1975,  9,       0.000000,       0.000949,       0.000000,       0.000000,       0.131532,       0.095898,       5.341866,       0.000000,       0.000000
1976, 10,      17.237593,       5.843184,       2.855596,       1.579119,      13.126589,       2.807203,      32.484031,      10.181041,       9.617928
1976, 11,      10.668859,       2.248551,       2.550908,       0.431005,       7.136425,       1.923132,      20.725864,       1.633671,       2.468204
1976, 12,       8.261334,       1.962471,       0.655561,       0.031317,       4.534036,       0.524296,       8.642084,       1.287921,       3.770570
1976,  1,       3.302345,       0.584375,       0.236217,       0.059647,       1.456346,       0.255410,       3.887734,       0.897924,       0.721550
1976,  2,      14.033795,       3.791643,       3.638224,       3.365683,       6.631709,       6.028987,      11.790429,       3.995846,       3.261464
1976,  3,      19.055634,       2.797448,       7.168193,       1.779917,       9.133263,       2.286236,      17.462941,       4.728127,       6.694611
1976,  4,      11.229989,       8.348808,       2.514767,       0.375012,       9.495354,       1.172481,      23.337477,       7.822976,       9.534585
1976,  5,       0.831457,       0.393308,       0.107843,       0.004583,       2.757934,       0.193554,      70.920779,       0.000000,       0.173396
1976,  6,       0.633812,       0.282496,       0.000000,       0.000000,       0.405256,       0.000000,      18.102753,       0.000000,       1.213068
1976,  7,       0.000000,       0.027521,       0.000000,       0.000000,       0.125591,       0.000000,       7.177114,       0.000000,       0.046193
1976,  8,       4.621865,       1.164920,       0.913215,       0.000287,       5.977118,       0.059424,      15.105678,       1.406652,       7.678976
1976,  9,       2.007392,       0.299998,       0.183551,       0.189190,       2.197749,       1.018367,       4.785438,       0.339406,       1.302812
1977, 10,       0.189186,       0.594471,       0.036264,       0.049520,       0.952421,       0.226685,       3.302071,       0.203825,       1.138281
1977, 11,       5.340848,       3.196676,       1.074500,       0.307327,       4.087988,       0.330402,       5.773461,       4.279051,       2.972708
1977, 12,       0.370910,       1.380293,       0.001564,       0.054459,       0.004569,       0.073743,       0.279993,       3.866246,       0.833381
1977,  1,      11.808605,       4.321088,       2.073236,       1.386255,       5.773382,       2.042714,       4.375132,       8.623392,       9.686531
1977,  2,       8.713687,       4.236754,       1.480117,       0.381782,       4.676355,       0.719248,      10.589485,       7.486856,       4.823289
1977,  3,       5.709172,       5.521427,       1.751067,       0.207254,       3.625058,       0.373911,       6.122226,      10.023578,      10.843204
1977,  4,       0.583612,       0.167558,       0.202983,       0.000980,       1.306591,       0.022004,      27.252426,       0.161648,       7.258469
1977,  5,       9.032974,       2.867354,       1.324282,       0.343557,       6.989648,       1.381396,      38.683355,       2.133299,      11.037921
1977,  6,       0.023334,       0.090234,       0.000320,       0.151145,       0.289340,       0.733110,      20.491741,       0.000000,       0.302382
1977,  7,       0.000000,       0.010576,       0.000000,       0.000000,       0.215092,       0.000000,       6.615246,       0.000000,       0.100584
1977,  8,       0.148340,       0.017364,       0.000000,       0.000000,       0.000000,       0.000000,       1.015930,       0.000000,       0.012928
1977,  9,       0.123944,       2.690375,       0.009588,       0.000000,       0.267515,       0.000000,       1.870290,       1.993478,       0.915050
1978, 10,       0.091111,       1.155976,       0.000000,       0.000000,       0.036013,       0.004429,       0.659267,       0.905958,       0.646437
1978, 11,      16.536140,       8.453200,       2.790122,       2.119714,       9.679209,       2.769775,       9.736161,      24.899560,      11.647647
1978, 12,      57.519090,      19.069800,      16.218835,       8.844857,      22.953088,      10.204859,      31.156679,      41.872975,      40.814224
1978,  1,     260.717350,     147.265442,      83.318034,      54.864758,      88.962085,      43.885167,      56.450973,     237.929683,     195.773415
1978,  2,     131.893163,     113.693257,      60.148171,      83.813583,      55.331003,      72.327092,      47.131758,     127.995824,     145.433240
1978,  3,     173.989759,      96.392328,      82.357288,      76.880057,     100.189756,      89.339106,     140.663103,      78.282649,     106.174882
1978,  4,     138.683307,      63.420295,      91.857867,      73.947233,     118.930507,      84.185908,     151.445023,      27.050081,      46.357972
1978,  5,      35.406635,      23.088291,       3.854170,      15.952340,      43.642883,      28.183737,     204.488701,       1.276797,       6.010187
1978,  6,       5.410643,       8.330862,       0.000017,       1.537005,       9.946683,      11.669353,     229.735076,       0.000000,       0.121926
1978,  7,       0.260926,       2.113746,       0.000000,       0.014413,       1.036068,       2.879659,      48.500529,       0.000000,       0.000216
1978,  8,       0.015912,       0.089911,       0.000000,       0.000000,       0.093733,       0.230479,      14.962821,       0.000000,       0.000000
1978,  9,       7.768361,       2.404059,       0.970843,       0.646385,       5.517442,       1.965295,      17.794209,       2.142538,       2.177999
1979, 10,       0.000080,       0.000000,       0.000000,       0.000000,       0.000000,       0.032622,       1.583991,       0.000000,       0.000000
1979, 11,      16.955998,       2.484061,       1.852571,       2.869421,       5.359819,       4.413352,       4.876631,       4.547832,       4.803808
1979, 12,       7.823786,       0.933399,       5.164763,       1.828553,       5.845635,       3.358566,       4.332179,       2.537774,       0.793322
1979,  1,      68.299338,      19.497154,      49.946874,      18.085181,      22.046740,      17.458465,      29.187034,      48.241016,      39.527645
1979,  2,     112.796053,      52.735495,      78.037539,      43.574847,      41.178264,      33.171245,      28.473189,      72.837873,      63.465390
1979,  3,     126.680934,      47.143734,      86.768485,      45.842439,      75.945938,      56.369360,      79.925531,      34.541568,      45.140555
1979,  4,      49.201753,      24.851267,       9.693843,      14.236616,      50.015843,      18.706120,      93.231625,      11.945017,      25.886985
1979,  5,      36.723409,      15.445995,       5.097168,       3.438406,      46.895541,      13.588194,     232.618446,       3.799299,       9.661452
1979,  6,       1.817440,       4.343148,       0.000379,       0.022571,       6.767398,       4.298320,      74.015335,       0.000000,       0.198171
1979,  7,       0.940114,       0.941319,       0.000292,       0.000039,       2.128101,       1.190714,      23.879009,       0.000000,       0.003595
1979,  8,       0.018407,       0.083584,       0.000000,       0.000000,       0.024139,       0.283023,       6.150230,       0.000000,       0.312373
1979,  9,       0.005010,       0.078615,       0.000000,       0.000000,       0.048759,       0.077708,       1.083344,       0.000000,       1.144117
1980, 10,      14.001021,       7.358331,       1.601299,       0.886956,       7.895684,       1.523170,      12.054394,      12.314607,       8.658288
1980, 11,      15.949768,      13.102660,       5.694613,       1.611669,       9.539610,       2.891183,      13.270310,      15.296512,      22.335232
1980, 12,      30.962935,      47.917153,      10.911636,       3.168825,       9.743664,       2.571011,      11.806789,      44.991387,      43.514918
1980,  1,     241.314050,     105.729345,     145.688389,      64.129107,     133.835243,      52.174426,     154.777593,     118.728435,      96.479617
1980,  2,     226.224905,     142.883799,     131.582718,     100.884355,     137.805114,      85.953402,     152.240850,     181.063325,     163.004674
1980,  3,     110.751020,      82.535329,      48.525496,      62.293978,      87.377242,      60.879205,     107.956261,      51.812739,      72.246572
1980,  4,      54.676382,      37.783985,       9.195015,      19.089280,      48.992184,      28.505911,     113.443400,      14.285330,      20.450673
1980,  5,      28.442152,      14.187539,       1.396127,       7.774008,      23.434184,      17.524823,     166.949095,       1.590457,       2.779109
1980,  6,       7.151163,       5.713180,       0.014325,       1.046903,       5.345363,       6.867897,     168.121998,       0.326922,       2.607861
1980,  7,       4.856200,       1.094862,       4.483591,       0.007392,      14.033548,       1.822684,      67.506434,       0.014657,       0.000770
1980,  8,       0.000000,       0.011551,       0.000000,       0.000000,       0.175740,       0.177279,      18.081731,       0.000000,       0.000000
1980,  9,       0.000000,       0.217644,       0.000000,       0.000000,       0.049940,       0.049726,       6.410574,       0.000000,       0.627877
1981, 10,       0.630359,       1.196295,       0.000000,       0.018997,       0.844245,       0.204012,       4.071657,       0.166564,       1.140435
1981, 11,       1.982548,       0.885822,       0.000000,       0.067580,       0.738892,       0.287377,       2.497501,       0.267832,       0.729596
1981, 12,      13.426326,      10.721479,       2.043171,       1.911351,       7.341382,       2.250605,       7.040129,      26.036486,      18.666298
1981,  1,      45.337645,      32.776123,      32.000790,       8.466959,      17.401462,       7.681213,      26.753158,      53.845562,      56.310661
1981,  2,      30.139451,      20.315484,      14.888198,       1.463883,      15.741975,       3.808547,      12.783257,      16.097737,      39.783810
1981,  3,      82.522389,      31.495365,      47.525349,      13.234435,      49.780942,      14.088073,      35.615897,      24.642973,      51.982025
1981,  4,      24.184767,      13.406385,       6.533402,       2.965547,      26.838985,       5.183969,      81.017867,       2.846226,      14.313872
1981,  5,      11.494703,       6.273704,       0.359397,       0.345445,      11.969503,       2.619150,     107.138693,       0.719621,       6.426268
1981,  6,       0.726946,       1.281970,       0.000125,       0.000000,       1.276142,       0.454281,      30.156208,       0.000000,       0.319132
1981,  7,       0.000000,       0.190754,       0.000000,       0.000000,       0.040849,       0.021133,       9.393735,       0.000000,       0.009996
1981,  8,       0.000000,       0.000000,       0.000000,       0.000000,       0.000000,       0.000000,       1.963242,       0.000000,       0.000000
1981,  9,       2.139497,       1.305317,       0.000108,       0.000000,       0.595719,       0.000000,       2.184081,       0.834679,       1.594196
1982, 10,      13.723262,       7.503725,       1.506745,       0.624664,       7.306173,       0.486269,      14.229886,      12.408173,       8.452042
1982, 11,     111.085800,      32.284264,      29.029560,       4.909261,      38.550957,       5.029633,      74.996420,      56.739137,      36.880242
1982, 12,     214.078710,      80.836738,      51.482867,       5.098407,      75.185713,       4.564639,     121.764830,     108.681424,      67.197520
1982,  1,     185.303581,      96.199589,     134.558978,      61.089916,     125.659206,      47.151207,     107.449386,     125.152991,      76.702302
1982,  2,     202.071384,      71.087757,     111.881748,      59.722788,     162.851841,      50.576635,     159.868085,      83.209233,      75.769933
1982,  3,     170.920186,      92.719158,     153.647496,      93.452978,     177.126473,      97.304062,     198.856057,     120.934371,      59.338609
1982,  4,     296.326639,     119.531685,     171.862708,     127.996224,     230.107932,     132.423030,     264.442487,     169.676651,      68.723794
1982,  5,      31.041183,      33.142355,       2.569758,      14.696608,      87.206075,      35.700499,     270.713969,       7.373735,       9.412524
1982,  6,       7.898065,      12.536310,       0.007188,       3.064945,      16.891275,      16.829480,     149.521636,       0.037746,       1.589527
1982,  7,       1.778099,       4.095639,       0.001872,       0.252130,       4.064156,       7.260392,      40.093254,       0.141124,       2.550435
1982,  8,       0.000000,       0.364563,       0.000000,       0.000000,       0.095118,       1.417949,      11.649681,       0.000000,       0.042536
1982,  9,       5.574356,       2.846300,       0.723691,       0.961548,       7.773915,       2.625846,      17.476459,       2.777795,       1.726942
1983, 10,      21.143686,       8.245417,      10.547819,       3.038305,      12.446247,       4.043446,      63.660196,      12.729893,       7.882847
1983, 11,      60.391886,      17.421599,      52.552204,      15.509637,      27.163383,      21.367716,      67.760153,      46.738314,      28.050253
1983, 12,     196.574648,      56.050565,     114.508447,      60.948157,     129.351497,      74.004145,      88.262470,      51.412453,      75.795842
1983,  1,     139.561828,     127.671024,     134.263799,      74.020739,     123.420939,      72.842095,     104.104129,     148.464503,     124.219424
1983,  2,     238.578913,     178.505719,     140.709409,     101.729384,     170.266799,      94.388490,     132.052000,     225.328302,     156.398366
1983,  3,     375.966771,     309.734108,     272.568720,     166.029832,     284.403966,     156.694582,     222.454439,     323.987424,     314.006094
1983,  4,     127.341843,     134.755142,      64.177082,      46.336197,     137.705685,      63.579735,     142.574430,      73.478142,      84.932701
1983,  5,      80.415682,      65.633852,      31.831125,      29.314569,     129.274463,      54.321169,     295.949662,      20.559578,      46.427065
1983,  6,       9.054981,      24.762759,       0.000851,       2.870248,      35.671190,      20.192093,     382.891397,       0.948201,       3.081243
1983,  7,       1.086733,       9.999111,       0.000000,       0.024964,       6.116863,       6.345231,     136.663746,       0.000000,       0.674566
1983,  8,       0.059020,       3.943909,       0.000000,       0.000000,       1.305620,       1.147220,      37.702600,       0.031637,       0.677790
1983,  9,       0.740475,       1.852252,       0.145650,       0.117005,       1.353075,       0.491424,      19.739964,       0.268591,       1.470502
1984, 10,       6.381214,       2.226586,       0.229279,       0.158869,       1.197747,       2.016682,      12.314882,       3.142544,       1.006410
1984, 11,     152.566448,      50.859911,      91.063960,       8.096211,      74.157898,      13.270203,     142.037146,      66.241443,      70.940747
1984, 12,     251.460405,     181.067378,     155.823370,      33.450837,     148.952479,      30.641951,     155.154929,     180.218544,     210.832432
1984,  1,      58.806088,      59.572551,      15.927435,       8.103159,      63.936825,       9.721288,      73.347685,      17.416423,      54.399863
1984,  2,      91.144036,      54.126282,      38.730493,       7.177346,      66.520798,      12.133109,      55.676093,      17.558704,      25.298451
1984,  3,      67.108810,      41.038664,      32.814520,       7.671173,      71.918796,      14.582433,      87.844298,      18.550236,      16.564815
1984,  4,      43.351865,      18.810494,       4.382985,       2.455819,      39.996568,       6.405055,      74.745430,       4.606059,       6.397645
1984,  5,      16.136635,       7.089937,       0.634862,       0.258794,      20.444850,       2.394916,     227.324386,       0.147078,       0.730773
1984,  6,       4.459171,       2.478831,       0.116525,       0.352392,       6.065191,       0.955776,     139.285343,       0.207521,       0.130537
1984,  7,       0.002269,       0.102070,       0.000000,       0.000000,       0.485149,       0.004962,      36.308160,       0.000000,       0.000000
1984,  8,       0.006396,       0.351819,       0.000000,       0.000000,       0.039058,       0.000000,      11.021174,       0.494594,       0.135815
1984,  9,       0.070803,       0.204321,       0.000000,       0.000000,       0.007301,       0.000000,       3.786517,       0.101076,       0.507831
1985, 10,       7.663755,       4.078766,       1.437424,       0.764578,       7.258900,       1.042204,      11.872421,       5.107514,       4.506882
1985, 11,      51.830068,      29.945126,      20.543177,       3.436187,      22.365954,       4.589377,      35.453120,      61.298339,      46.197170
1985, 12,      28.206967,      16.992748,      12.820924,       0.875140,       8.666925,       1.979850,       5.781476,      18.538333,      36.879854
1985,  1,      14.958304,       6.922210,       5.415638,       0.651805,       6.955067,       0.899372,       5.289507,       6.410022,       6.601697
1985,  2,      61.686735,      34.014654,      24.346898,       2.526641,      20.783386,       3.205892,      18.200866,      38.630170,      20.068112
1985,  3,      68.034477,      53.608049,      34.384033,       7.200729,      35.203096,       7.195243,      36.773017,      34.298089,      34.261210
1985,  4,      27.068016,      16.008822,       6.120053,       1.088916,      44.610241,       2.242814,     134.229863,       1.385310,      16.131363
1985,  5,       3.051308,       5.991468,       0.028625,       0.002208,       9.215788,       0.702505,     121.955473,       0.002497,       1.003160
1985,  6,       1.050111,       1.276970,       0.026617,       0.033191,       2.095700,       0.103013,      31.611129,       0.000000,       0.303913
1985,  7,       0.000000,       0.019181,       0.000000,       0.000000,       0.036438,       0.000000,       9.876383,       0.010301,       0.000000
1985,  8,       0.000000,       0.059691,       0.000000,       0.000000,       0.018165,       0.000000,       2.417331,       0.049648,       0.044867
1985,  9,       3.300668,       2.743594,       0.256639,       0.000000,       2.133225,       0.001219,       8.419026,       2.171517,       4.045800
1986, 10,       3.061586,       2.831116,       0.691174,       0.165207,       3.139227,       0.330013,       7.368760,       3.533279,       2.261263
1986, 11,      28.666670,       9.186319,       8.201531,       4.803287,      14.135017,       5.632558,      16.515815,      20.799469,       9.753802
1986, 12,      41.648841,       8.074638,      19.578367,       1.788968,      13.175548,       3.141150,      15.043333,      20.051244,      22.487047
1986,  1,      74.328532,      55.309472,      29.133561,       2.948150,      38.622653,       3.589030,      39.471069,      56.620739,      37.865914
1986,  2,     458.069448,     273.444060,     234.402636,     135.951387,     274.767786,      96.439025,     276.630482,     449.214325,     229.451775
1986,  3,     228.054159,     166.473984,     134.182198,      93.018265,     180.086475,      76.856692,     256.970750,     182.560357,     130.673633
1986,  4,      46.810961,      49.069181,       8.446491,      18.332051,      53.086749,      24.522118,     145.318721,      23.519854,      21.401488
1986,  5,      26.939528,      20.828772,       1.099554,       6.927753,      21.637467,      15.163660,     209.469488,       5.861665,       3.374885
1986,  6,       1.330279,       7.027106,       0.000000,       0.386803,       2.022674,       4.877804,     142.341346,       0.000000,       0.006319
1986,  7,       0.000000,       1.624039,       0.000000,       0.001169,       0.557994,       1.262815,      35.232468,       0.000000,       0.103882
1986,  8,       0.000000,       0.004408,       0.000000,       0.000000,       0.000758,       0.063274,       9.841340,       0.000000,       0.011768
1986,  9,      12.216002,       2.512474,       1.038394,       0.349946,       3.636036,       1.042468,      10.515083,       2.012112,       1.002886
1987, 10,       0.510469,       0.756765,       0.002630,       0.000000,       0.474922,       0.089817,       1.508780,       0.355820,       1.304499
1987, 11,       1.547456,       0.132733,       0.015369,       0.000000,       0.458620,       0.019728,       1.512680,       0.000666,       0.386936
1987, 12,       4.467974,       4.505039,       0.348156,       0.024877,       2.524868,       0.228575,       1.965820,       4.526484,       5.047391
1987,  1,      17.342633,       9.459824,       3.194212,       1.415012,       8.892293,       2.740846,       7.638102,      13.055029,      14.557660
1987,  2,      45.719934,      11.972669,      17.779211,       3.630338,      13.643234,       4.395540,      20.884526,      23.765485,      24.554624
1987,  3,      67.641593,      43.080109,      42.159335,       3.278563,      24.890516,       4.542692,      33.756118,      42.438470,      44.289648
1987,  4,      11.498362,       6.466679,       1.986482,       0.162656,       4.342791,       0.642606,      63.871376,       0.277993,       4.021311
1987,  5,       4.823466,       2.595172,       0.160276,       0.015257,       2.996937,       0.151881,      38.409621,       0.472134,       0.357868
1987,  6,       0.111730,       0.473737,       0.000001,       0.000000,       0.170793,       0.001358,      12.042995,       0.000000,       0.002355
1987,  7,       0.014366,       0.174938,       0.000000,       0.000000,       0.000389,       0.000000,       3.444403,       0.000000,       2.678583
1987,  8,       0.000000,       0.000000,       0.000000,       0.000000,       0.000000,       0.000000,       0.388034,       0.000000,       0.112856
1987,  9,       0.000000,       0.000000,       0.000000,       0.000000,       0.000000,       0.000449,       0.147272,       0.000000,       0.000000
1988, 10,       1.564878,       2.690254,       0.108927,       0.326552,       1.109232,       0.808057,       4.294464,       2.814988,       3.963725
1988, 11,       6.898239,       6.726000,       0.681522,       0.098092,       2.722403,       0.385049,       6.468228,       9.768827,       9.663178
1988, 12,      47.971396,      27.451840,       2.854030,       1.675024,       7.842157,       1.833701,       7.043656,      52.908894,      39.446410
1988,  1,      79.222052,      87.369116,      14.166370,       4.039479,      13.131705,       4.579324,       9.936237,      85.647194,     103.231667
1988,  2,      20.442097,      17.953695,       2.205167,       0.650994,       1.820335,       0.640093,       8.029582,       5.043702,      23.931274
1988,  3,      20.100942,       7.478570,       2.941415,       2.957432,       5.454549,       4.668040,      15.144726,       1.327761,       9.653714
1988,  4,      24.142552,       6.851899,       4.857676,       5.960690,       9.534823,       8.575863,      46.448198,       8.083426,       7.857701
1988,  5,      10.477012,       3.814394,       0.472622,       0.841995,       1.245027,       1.950321,      46.978204,       3.733390,       8.245751
1988,  6,       2.930464,       1.110275,       0.032585,       0.024146,       0.925528,       0.601579,      15.752896,       0.509625,       3.817501
1988,  7,       0.001059,       0.009295,       0.000000,       0.000000,       0.020250,       0.028252,       4.557182,       0.000000,       0.000000
1988,  8,       0.000000,       0.000000,       0.000000,       0.000000,       0.000084,       0.000001,       0.816321,       0.000000,       0.000000
1988,  9,       0.004763,       0.000000,       0.000000,       0.000000,       0.084357,       0.000000,       0.559699,       0.000000,       0.000000
1989, 10,       0.000000,       0.239647,       0.000000,       0.000000,       0.000001,       0.000000,       0.006919,       0.000000,       0.135838
1989, 11,      43.072128,      10.541693,       3.617408,       2.744227,      12.884087,       3.342607,      12.836339,      19.005347,      15.634321
1989, 12,      21.044328,       8.525468,       5.358939,       1.880010,       4.420392,       2.712501,       3.970282,      22.997693,       9.763669
1989,  1,      43.591653,       4.066134,       8.625533,       0.917358,       5.233868,       0.990216,       3.933265,       6.598866,       6.033032
1989,  2,      41.902514,       2.194294,       8.259119,       2.291444,       6.713114,       1.419320,       8.876729,       4.009540,       3.326200
1989,  3,     263.947600,      61.657716,      50.374676,      16.233760,      67.355692,       7.388161,      72.311987,      70.613731,      59.045664
1989,  4,      52.084027,      15.139831,       6.174274,       1.796318,      28.493157,       5.344179,     131.184285,       7.266650,       9.564953
1989,  5,      21.902375,       5.299643,       0.204823,       1.298531,       9.624321,       4.903608,     105.864818,       0.376359,       3.789304
1989,  6,       3.873410,       2.062879,       0.000002,       0.013030,       2.771332,       0.849003,      35.464430,       0.261360,       0.750887
1989,  7,       0.009142,       0.217414,       0.000000,       0.000000,       0.044962,       0.076715,       9.930457,       0.003686,       0.018696
1989,  8,       0.256871,       0.005448,       0.000000,       0.000000,       0.075396,       0.000000,       3.454239,       0.000000,       0.001342
1989,  9,       6.012253,       6.872365,       1.628772,       0.273545,       5.893113,       0.629164,      11.917018,       7.811137,      10.712303
1990, 10,      14.940272,       9.306132,       7.975792,       1.735193,      12.119438,       1.684744,      22.971337,      16.939748,      10.846766
1990, 11,      15.186037,       3.517709,       5.763348,       2.131111,       8.834152,       2.270873,      19.489615,       7.148438,       2.278422
1990, 12,       1.344345,       0.007455,       0.799290,       0.000000,       1.115031,       0.086415,       4.527422,       0.000000,       0.598188
1990,  1,      50.817490,      23.273137,      12.664604,       3.970214,      14.196695,       4.697082,      18.546683,      27.857965,      29.462446
1990,  2,      59.224457,      29.091220,      21.526733,       8.335688,      13.066149,       5.301991,      11.450122,      20.736088,       6.272366
1990,  3,      47.453704,      17.144087,      22.082157,      11.382702,      40.493791,       6.967217,      60.661560,       5.280834,      14.586962
1990,  4,      16.948741,       5.342050,       2.050185,       1.771395,      16.143147,       6.464033,     106.760864,       0.047350,       0.959415
1990,  5,      20.024989,      16.535729,       3.191965,       1.424485,      10.127225,       4.269762,      65.449756,      17.184844,       9.438311
1990,  6,      16.898996,       3.516228,       2.290559,       0.014104,      10.143348,       1.161115,      33.730939,       0.142283,       5.833552
1990,  7,       0.060093,       0.829840,       0.000000,       0.000000,       0.712711,       0.153618,      10.572757,       0.000000,       0.059285
1990,  8,       0.000271,       0.037451,       0.000000,       0.000000,       0.023968,       0.000006,       2.625394,       0.000000,       0.109540
1990,  9,       0.016461,       1.330573,       0.000000,       0.000000,       0.202877,       0.000000,       1.657113,       0.006365,       0.223941
1991, 10,       0.700897,       1.632265,       0.000249,       0.000000,       0.422181,       0.000000,       1.350835,       0.696710,       0.367230
1991, 11,       3.243054,       1.039081,       0.492002,       0.014590,       3.361810,       0.208220,       3.011605,       1.229872,       1.951177
1991, 12,       3.621106,       2.671826,       0.339700,       0.232442,       1.459808,       0.432428,       1.467788,       2.697712,       3.891095
1991,  1,       2.287101,       1.088595,       0.077815,       0.829787,       1.159567,       1.318455,       0.987175,       1.624300,       1.715128
1991,  2,       9.088241,       7.223689,       0.943229,       1.358518,       5.150569,       0.407703,       7.553774,      14.958027,       9.457390
1991,  3,     149.240265,      96.360681,      65.566507,      69.743619,      37.852466,      50.915559,      38.728222,     130.635496,      83.443573
1991,  4,      48.436730,      26.320526,      13.350488,      11.963440,      20.390435,      10.753240,      31.860147,       3.059598,      28.342345
1991,  5,      29.499806,      11.080150,       2.899435,       4.476563,      16.755877,       9.709155,      71.818889,       0.359718,      14.286435
1991,  6,      10.062901,       4.492809,       0.262389,       0.368168,       4.492463,       3.870771,      73.358436,       1.218131,       2.055742
1991,  7,       2.285655,       0.655462,       0.212626,       0.000007,       3.468413,       0.705720,      17.577801,       0.006951,       1.208191
1991,  8,       0.016883,       0.000184,       0.000000,       0.000000,       0.013270,       0.060482,       5.658868,       0.000000,       0.001356
1991,  9,       0.000000,       0.000000,       0.000000,       0.000000,       0.004234,       0.000786,       1.739541,       0.000000,       0.000789
1992, 10,      11.151998,       2.320935,       4.297630,       2.901989,      12.075229,       4.046294,      15.104654,       6.171136,       1.062330
1992, 11,       6.936702,       2.957779,       1.134347,       0.529388,       3.704492,       0.906799,       6.921478,       4.599244,       3.686100
1992, 12,      11.775857,       6.981224,       2.466379,       2.051352,       4.400922,       1.897306,       8.057948,      14.105567,       9.381311
1992,  1,      13.942888,       5.712423,       4.040693,       1.269097,       5.834796,       2.613127,       5.597203,      10.542725,      13.522927
1992,  2,     106.232021,      46.463751,      38.869636,      16.897826,      27.732197,      15.937933,      33.877761,      57.973494,      75.159876
1992,  3,      58.473746,      50.563375,      25.946507,      15.799147,      31.475256,      16.768961,      55.034994,      39.470269,      75.028753
1992,  4,      28.021400,      18.805238,       2.484179,       3.695087,      11.796530,       5.449372,      84.495812,       7.262388,      16.699370
1992,  5,       4.087081,       6.652753,       0.000001,       0.126909,       1.600563,       1.792801,      42.547616,       0.229250,       1.038515
1992,  6,       1.047185,       3.746447,       0.004092,       0.000148,       0.344528,       0.205139,      15.826234,       1.802205,       2.783848
1992,  7,       2.549543,       0.421533,       0.551081,       0.187932,       3.185126,       1.313288,      12.834128,       0.076179,       2.999506
1992,  8,       0.000000,       0.000000,       0.000000,       0.000000,       0.061988,       0.000000,       2.695454,       0.000000,       0.000000
1992,  9,       0.000000,       0.000000,       0.000000,       0.000000,       0.033062,       0.000000,       0.334510,       0.000000,       0.000000
1993, 10,       7.351357,       5.802987,       0.722537,       1.412365,       1.520948,       1.544284,      11.533519,      10.515456,       6.019513
1993, 11,       5.388597,       1.455493,       0.595198,       0.106735,       6.061864,       1.268365,       2.472681,       1.108977,       3.705933
1993, 12,      65.054572,      29.084765,      31.560757,      12.800914,      25.347780,       9.370129,      36.765215,      52.553618,      42.444774
1993,  1,     230.207849,     169.400364,     145.942720,     141.875898,     134.396204,      86.827622,      92.467384,     276.445494,     174.889894
1993,  2,     157.453904,     163.731037,      96.481643,      78.121483,      97.558479,      70.217376,      93.136573,     180.931967,     174.019895
1993,  3,     133.446000,      83.173951,      67.274735,      56.719661,     114.799204,      59.942680,     140.354017,      42.040578,      51.829635
1993,  4,      62.513922,      41.642802,      23.693041,      21.390043,      71.819266,      28.032086,     137.369197,      15.331004,      16.259303
1993,  5,      28.397243,      26.519691,       0.902602,       6.510134,      34.083927,      17.342788,     263.673142,       8.725018,       9.259543
1993,  6,      28.891300,      21.119232,       2.606773,       4.497777,      27.049544,      14.215432,     158.554064,       6.032988,      16.203440
1993,  7,       0.426987,       5.465240,       0.000000,       0.033024,       2.494145,       3.487385,      42.966056,       0.000000,       0.130909
1993,  8,       0.125494,       1.225890,       0.000000,       0.000000,       0.132115,       0.724100,      12.583431,       0.000000,       0.001428
1993,  9,       0.000000,       0.091221,       0.000000,       0.000000,       0.000441,       0.168613,       3.065635,       0.000000,       0.000000
1994, 10,       2.248660,       1.910131,       0.200543,       0.057596,       2.418103,       0.622574,       6.674036,       2.594786,       2.118929
1994, 11,       4.202006,       5.087836,       0.446528,       0.667764,       1.143817,       1.383552,       4.416876,      11.526370,       3.085075
1994, 12,      32.512240,      10.135083,       2.990300,       2.807367,      13.932063,       4.197579,       7.336793,      24.147496,      12.544375
1994,  1,      13.521034,       8.687611,       4.564016,       1.574352,       8.299679,       2.798397,       8.198668,      12.871985,      13.284886
1994,  2,      52.773869,      42.770711,      31.230811,      12.385375,      14.388983,      12.666562,      21.046526,      41.215210,      46.549163
1994,  3,      29.930838,      12.334022,       6.341661,       3.506090,      15.242807,       3.984505,      24.370732,       1.619405,      12.873689
1994,  4,      18.178271,      10.732918,       5.502922,       7.562643,      10.371842,      10.146315,      48.775525,       8.599971,       9.994539
1994,  5,       8.558844,       6.726336,       1.534545,       2.646474,      10.746100,       4.847607,      60.136227,       5.368729,       9.756955
1994,  6,       0.297560,       1.207617,       0.000007,       0.049245,       0.792726,       1.245421,      17.153339,       0.000000,       0.112221
1994,  7,       0.000000,       0.098861,       0.000000,       0.000000,       0.000072,       0.015332,       4.627960,       0.000000,       0.000000
1994,  8,       0.000000,       0.000002,       0.000000,       0.000000,       0.000000,       0.000000,       0.538984,       0.000000,       0.000000
1994,  9,       0.082270,       0.062954,       0.000348,       0.000939,       0.019461,       0.022880,       1.964912,       0.000000,       0.000000
1995, 10,       1.654234,       1.136780,       1.374822,       2.787372,       3.227803,       3.187957,       5.808969,       2.486372,       2.062023
1995, 11,      32.253634,      12.848003,      10.988451,       3.565709,      19.829462,       4.336462,      21.051929,      28.385085,      13.447437
1995, 12,      78.772168,       9.791993,      22.588390,       7.703556,      19.635676,       6.007519,      17.831186,      25.343879,      14.006157
1995,  1,     359.895886,     318.296697,     172.229027,     109.314888,     192.314728,      79.728881,     135.472475,     410.263297,     341.664608
1995,  2,      52.895241,      78.862701,      18.632951,      27.827588,      54.502292,      24.647799,      61.510397,      31.770671,      75.788549
1995,  3,     363.837894,     275.095908,     201.671823,     201.836475,     249.521768,     168.597548,     247.444820,     312.121342,     251.628097
1995,  4,     112.929536,      83.888066,      48.780606,      41.612290,     124.005005,      47.894557,     194.238876,      40.765084,      39.298213
1995,  5,     102.317836,      57.643953,      78.380098,      42.869646,     133.583354,      60.163064,     280.142811,      21.221063,      33.332915
1995,  6,      27.499617,      19.561948,       1.775087,      10.728536,      35.524120,      23.879904,     260.253563,       2.552861,       4.314301
1995,  7,       1.792165,       7.741199,       0.000000,       0.709450,       5.330465,       7.944573,     102.692786,       0.000000,       1.611324
1995,  8,       0.000078,       1.631024,       0.000000,       0.000000,       0.109496,       1.300441,      24.565942,       0.000000,       0.000259
1995,  9,       0.000000,       0.111788,       0.000000,       0.000000,       0.000530,       0.399334,       7.009045,       0.000000,       0.000000
1996, 10,       0.000000,       0.006595,       0.000000,       0.000000,       0.000000,       0.182135,       2.039322,       0.000000,       0.000000
1996, 11,       1.046485,       0.093034,       0.002844,       0.000000,       0.626945,       0.023330,       1.260657,       0.000000,       0.028228
1996, 12,      43.381745,      24.241420,      10.040112,       8.402180,      19.275415,       9.709458,      28.738210,      57.013263,      37.023626
1996,  1,     118.892001,      77.608287,      86.731476,      26.706969,      54.928412,      14.679054,      44.555666,      85.002178,      64.877479
1996,  2,     194.332732,     162.524640,     126.048702,      81.781037,     121.320712,      60.491431,     133.648651,     207.480877,     126.189848
1996,  3,     102.093877,     105.725597,      62.495491,      53.192584,     122.079419,      48.434970,     151.609505,      60.247108,      96.687955
1996,  4,      97.129507,      48.566560,      23.707558,      31.930982,      80.861388,      36.488394,     148.662232,      33.298534,      20.418614
1996,  5,      86.048116,      28.818148,      21.955347,      14.133849,      70.565416,      20.619869,     232.534458,      20.742120,      17.816094
1996,  6,       9.590477,      10.226252,       0.143895,       1.606241,      16.753262,       6.828225,     103.011076,       0.019328,       3.083892
1996,  7,       0.075735,       2.516185,       0.003101,       0.005170,       1.368537,       1.628865,      25.490575,       0.000000,       1.021170
1996,  8,       0.000489,       0.136566,       0.000000,       0.000000,       0.004660,       0.066266,       7.020048,       0.000000,       0.000000
1996,  9,       0.192661,       0.186621,       0.000000,       0.000000,       0.182649,       0.014376,       2.242061,       0.000000,       0.085896
1997, 10,       2.421086,       2.808166,       0.238040,       1.895758,       1.572165,       2.164389,       6.169076,       3.246259,       2.396718
1997, 11,      26.989054,       7.563194,       9.222671,      11.640691,      20.675144,      15.000445,      26.590443,      15.559891,      13.110812
1997, 12,     274.982576,      54.289006,     112.920803,      72.576370,     126.650500,      60.184647,     130.128885,     101.207715,      41.878261
1997,  1,     483.299587,     205.512846,     257.942812,     190.919728,     357.035157,     169.434713,     440.900843,     268.093291,     155.395570
1997,  2,      52.989076,      50.943836,      15.342521,      31.798794,      78.984434,      36.552260,      99.919932,      21.866110,      32.573062
1997,  3,      42.469690,      36.145611,       1.869975,      15.430851,      33.589946,      27.347905,      82.560012,      12.390621,      22.074017
1997,  4,      26.321787,      12.924014,       0.135677,       4.865578,      14.014106,      15.460751,      88.023739,       2.922137,       2.908153
1997,  5,       6.690014,       5.938664,       0.127407,       0.215736,       2.879706,       4.844472,     150.058921,       0.776647,       1.778642
1997,  6,       4.430614,       2.262012,       0.103220,       0.001125,       3.695584,       1.203657,      50.136930,       0.784389,       0.862210
1997,  7,       0.074975,       0.056947,       0.000000,       0.000000,       0.073211,       0.089990,      15.781822,       0.000000,       0.611460
1997,  8,       0.221380,       2.065346,       0.000000,       0.000000,       0.000000,       0.000000,       4.469511,       2.286457,       2.330690
1997,  9,       0.188902,       0.945708,       0.000000,       0.000000,       0.002741,       0.000000,       1.697686,       0.063741,       0.665640
1998, 10,       7.222498,       2.219532,       0.347750,       0.000000,       4.231384,       0.008879,       7.165045,       3.907053,       2.245310
1998, 11,      21.059801,      19.378459,       4.413888,       0.924173,      10.204207,       1.847862,      15.686024,      33.556505,      25.105586
1998, 12,      27.466860,      20.110904,      12.831348,       1.763004,      10.121358,       2.259890,      10.341776,      20.567229,      46.816977
1998,  1,     210.053333,     145.278706,     120.059324,      14.406111,      94.129547,      12.871787,     107.724665,     102.848514,     124.057866
1998,  2,     302.845661,     364.088981,     232.462409,     100.812415,     217.909050,      64.332446,     192.516647,     347.467986,     406.030213
1998,  3,     106.565241,     131.119232,      79.266645,      77.044990,     143.307144,      61.437365,     163.082285,      47.775486,     107.657939
1998,  4,     119.421685,      76.574098,      76.458310,      48.806397,     118.521454,      47.561861,     162.952134,      41.365065,      82.663469
1998,  5,      88.109520,      79.323701,      47.432346,      24.031037,     102.662657,      38.994820,     206.831679,      32.467624,      75.597513
1998,  6,      26.768078,      33.117390,       2.856451,       7.682015,      51.918580,      18.408324,     245.370646,       1.065290,      47.775604
1998,  7,       1.379099,      12.746818,       0.000003,       0.351592,       6.970539,       5.249024,      67.488136,       0.000000,       1.469114
1998,  8,       0.000000,       3.650400,       0.000000,       0.000000,       0.127235,       0.828230,      18.416097,       0.000000,       0.002260
1998,  9,       0.992827,       2.113424,       0.002603,       0.004346,       0.634225,       0.513581,      12.428260,       0.610900,       0.048531
1999, 10,       1.677056,       2.384945,       0.099083,       0.001520,       1.713413,       0.510781,       5.215358,       1.975940,       2.790931
1999, 11,      27.251624,      13.864069,       1.731341,       0.777895,       8.540520,       0.909544,      15.577607,      23.428089,      11.992203
1999, 12,      55.812618,       5.368967,       9.831712,       1.014158,      11.312702,       2.357574,      20.000939,      13.140577,      13.618942
1999,  1,     124.521912,      13.050135,      56.348039,       8.486340,      51.006487,       9.611724,      81.712761,      17.831874,       6.661076
1999,  2,     232.315432,     126.962265,     146.520070,      30.440021,     167.139391,      25.502792,     180.479815,     125.863034,      51.945025
1999,  3,      88.925080,      96.147286,      32.169510,       8.984908,      84.964738,       9.856333,      95.952175,      51.224335,      67.229086
1999,  4,      61.073986,      59.371387,      34.872142,      18.480050,      70.194579,      20.382411,      96.792600,      28.824183,      41.053088
1999,  5,      22.066978,      21.155267,       2.088979,       1.495087,      24.679983,       4.786459,     166.172038,       0.870144,       3.502443
1999,  6,       2.698020,       7.634820,       0.097233,       0.271023,       4.809356,       1.754116,      86.588824,       0.581789,       3.401862
1999,  7,       0.042333,       1.707860,       0.000000,       0.000000,       0.054321,       0.009679,      23.584782,       0.000000,       0.000000
1999,  8,       0.002477,       0.279559,       0.000000,       0.000000,       0.012587,       0.000000,       8.255045,       0.000000,       0.536063
1999,  9,       0.000000,       0.002640,       0.000000,       0.000000,       0.000757,       0.000000,       1.917125,       0.000000,       0.000000
2000, 10,       4.909072,       1.411823,       0.381678,       0.000000,       2.451225,       0.000013,       4.969229,       1.752232,       1.201041
2000, 11,      11.905486,       9.157611,       2.199936,       0.887075,      10.103044,       1.452935,      11.558298,      13.794898,      12.200539
2000, 12,       6.790853,       1.919063,       0.381869,       0.000000,       3.363636,       0.000000,       2.463556,       2.835983,       2.444783
2000,  1,      87.620856,      18.302254,      63.339527,      11.068513,      48.455065,      11.505723,      77.600920,      32.084921,      24.499222
2000,  2,     270.204067,     131.361377,     154.789795,      69.512523,     137.242070,      56.300457,     147.789482,     126.866560,      94.593147
2000,  3,     123.639864,      71.342460,      53.051011,      36.731486,      98.907160,      32.413619,     105.498525,      59.710942,      58.830908
2000,  4,      38.143483,      32.179328,       4.147728,       7.379932,      30.002712,      12.630640,      88.322337,      14.482569,      20.121602
2000,  5,      30.955787,      23.308198,      10.666104,       2.168360,      41.075035,       6.547909,     123.220127,       7.701301,      25.622712
2000,  6,       4.606401,       7.291011,       0.084324,       0.146559,       8.195213,       2.017631,      36.077437,       0.870287,       3.546577
2000,  7,       0.000915,       1.651102,       0.000000,       0.000000,       0.057212,       0.092607,       9.178459,       0.000000,       0.032793
2000,  8,       0.000000,       0.018205,       0.000000,       0.000000,       0.000000,       0.000000,       1.780740,       0.000000,       0.000000
2000,  9,       2.008696,       0.640654,       0.422726,       0.001636,       3.245984,       0.091531,       4.452585,       0.000000,       0.898182
2001, 10,      10.614242,       4.864559,       2.951953,       1.293481,       8.402896,       2.278739,      12.427611,      10.169466,       6.619048
2001, 11,       3.721966,       2.925271,       0.615802,       0.043302,       6.806559,       0.415274,       3.162749,       4.210109,       4.168119
2001, 12,       8.969306,       2.026872,       1.926989,       0.021426,       6.418894,       0.199254,       5.441708,       2.325270,       3.565827
2001,  1,      19.128413,      12.489297,      16.175109,       5.375291,      11.935649,       7.007891,      13.355219,      28.636251,      30.869003
2001,  2,      45.642522,      71.372025,      38.733416,      17.047290,      18.189131,      14.828295,      18.263548,      71.385489,      57.123720
2001,  3,      44.691787,      76.504581,      28.842959,      28.833248,      37.308870,      25.746733,      55.835581,      46.936818,      92.377035
2001,  4,      34.235581,      16.444114,      32.648913,       8.057820,      50.244908,      12.396651,      91.684650,       4.980110,      11.004722
2001,  5,       4.234410,       5.363384,       0.448233,       0.667617,      12.331080,       3.723172,      62.839285,       0.000149,       0.521664
2001,  6,       0.054928,       1.584794,       0.000000,       0.000001,       1.018907,       0.638528,      15.036838,       0.002668,       0.653398
2001,  7,       0.000723,       0.001183,       0.000000,       0.000000,       0.000120,       0.068568,       3.198006,       0.000000,       0.388953
2001,  8,       0.000000,       0.000000,       0.000000,       0.000000,       0.003844,       0.000000,       0.748607,       0.000000,       0.000000
2001,  9,       0.157454,       0.574322,       0.000000,       0.000000,       0.056097,       0.000000,       1.151218,       0.243781,       1.229042
2002, 10,       1.008710,       2.423580,       0.036181,       0.127784,       0.003934,       0.106381,       1.390795,       3.677500,       1.793081
2002, 11,      24.317221,      20.139246,       3.807630,       3.385118,      14.097157,       4.767136,      16.148425,      34.899191,      33.306569
2002, 12,      90.088553,      70.355848,      34.774249,      24.257079,      22.299868,      18.828336,      30.711274,     114.747455,      93.798799
2002,  1,      84.719408,      91.334394,      29.018134,      16.210267,      21.195663,      13.409791,      13.417702,      86.233925,     103.929289
2002,  2,      70.217150,      29.743734,      20.950273,       7.832308,      34.386957,       9.379311,      26.525355,      12.328971,      22.431666
2002,  3,     117.325794,      22.150770,      47.071399,      17.950959,      70.886398,      18.377610,      75.736690,      13.814044,       9.825778
2002,  4,      31.858632,       8.528108,       2.597671,       2.863800,      23.448251,       5.354140,      80.980078,       0.830844,       1.358212
2002,  5,      20.743049,       4.721568,       2.742659,       1.505941,      13.916039,       4.345005,      57.681484,       4.470433,       2.909402
2002,  6,       1.080278,       0.658034,       0.000631,       0.000344,       0.977416,       0.665308,      18.138921,       0.000000,       0.020874
2002,  7,       0.000001,       0.006820,       0.000000,       0.000000,       0.003226,       0.008157,       4.585494,       0.000000,       0.000000
2002,  8,       0.000000,       0.000000,       0.000000,       0.000000,       0.000000,       0.000000,       0.534127,       0.000000,       0.000000
2002,  9,       0.000000,       0.000000,       0.000000,       0.000000,       0.000000,       0.015671,       0.063286,       0.000000,       0.000000
2003, 10,       0.000000,       0.000000,       0.000000,       0.000000,       0.000000,       0.000000,       0.047692,       0.000000,       0.000000
2003, 11,      17.670667,       8.928092,       3.232897,       7.300033,      10.503134,       7.665288,      16.872203,      15.225284,      10.318891
2003, 12,      91.260585,     113.839789,      30.567057,      13.501938,      25.467959,      11.670406,      34.034009,     191.005398,      90.520290
2003,  1,      57.953135,      82.170456,      14.875670,       6.398469,      15.984931,       5.906894,      11.474726,      60.171908,      92.404193
2003,  2,      34.820068,      43.030167,       5.548182,       5.516728,      11.832976,       7.157892,      13.533371,      18.173997,      30.970933
2003,  3,      64.307108,      63.838760,      10.796957,      12.848358,      25.353903,      11.192853,      33.659005,      31.434946,      36.962541
2003,  4,     100.607761,      87.383662,      51.184285,      29.011493,      90.742927,      22.392406,      97.642466,      32.758380,      38.910788
2003,  5,      55.135761,      47.083908,       8.021652,      16.651218,      65.224682,      16.858210,     128.144486,      13.210951,      50.100709
2003,  6,       2.958984,      15.246286,       0.000113,       0.283164,      10.073101,       2.940139,      41.271249,       0.000387,       1.206915
2003,  7,       0.000008,       4.374957,       0.000000,       0.000000,       0.238788,       0.435860,      11.375671,       0.000000,       0.033483
2003,  8,       1.153773,       1.947960,       0.008410,       0.014470,       0.581469,       0.282425,       6.289063,       0.759362,       2.122127
2003,  9,       0.000002,       0.059487,       0.000000,       0.000000,       0.397952,       0.000000,       0.801719,       0.000000,       0.005300
2004, 10,       0.021003,       0.047150,       0.000000,       0.000000,       0.000000,       0.000021,       0.000111,       0.000000,       0.055379
2004, 11,       9.572495,      11.277167,       0.898021,       0.839587,       5.133759,       0.894909,       6.655669,      11.033646,      14.431160
2004, 12,      58.099404,     104.336025,      29.387238,       5.761120,      23.655456,       6.060920,      40.211260,     109.701924,     111.891301
2004,  1,      63.333461,      75.110615,      27.582584,       4.423278,      15.004716,       5.094040,      15.181126,      49.293425,      98.838023
2004,  2,     122.808372,     188.653128,      49.451164,      19.545149,      47.965053,      14.814855,      42.423489,     165.463871,     154.352368
2004,  3,      43.564413,      69.101926,       8.995503,       8.546620,      46.280104,       7.110526,      75.061935,      24.894810,      60.567066
2004,  4,      18.724890,      26.977277,       0.079240,       1.019701,      10.919658,       2.326877,      53.337224,       3.849413,       9.017262
2004,  5,       4.154071,      10.786916,       0.007736,       0.005479,       2.224862,       0.753586,      22.049439,       0.046151,       0.722157
2004,  6,       0.059341,       3.350853,       0.000598,       0.080067,       0.180648,       0.214455,       5.426934,       0.000000,       0.027564
2004,  7,       0.000000,       0.242189,       0.000000,       0.000000,       0.000000,       0.000000,       0.826175,       0.000000,       0.000000
2004,  8,       0.000000,       0.000004,       0.000000,       0.000000,       0.000000,       0.000000,       0.141172,       0.000000,       0.000000
2004,  9,       0.116065,       0.011108,       0.000000,       0.000000,       0.342036,       0.000000,       0.437875,       0.000000,       0.000358
2005, 10,      16.311803,       8.495870,       5.364842,       5.291588,      16.270519,       5.240955,      20.169424,      13.850383,      12.545447
2005, 11,      11.147883,       4.383840,       4.217144,       0.685147,       5.839126,       1.355448,       8.652732,       9.595144,       9.582722
2005, 12,      31.129480,      34.863209,      18.449848,       5.341918,      10.328612,       4.622941,      35.968786,      67.226655,      59.205560
2005,  1,     102.308749,      81.390013,     108.992489,      63.341372,     110.972562,      48.716084,     101.430689,      81.516845,     128.633487
2005,  2,      51.181261,      48.557042,      40.646004,      44.392309,      48.593125,      33.022207,      67.883230,      40.900216,      72.913527
2005,  3,     127.942715,     102.109504,     104.701793,      70.510952,     121.588174,      59.392887,     144.963886,      76.666327,      84.869147
2005,  4,      58.757118,      52.963775,      22.780127,      20.502276,      70.456772,      22.830914,      98.710245,      19.559493,      26.030101
2005,  5,     104.896692,      64.798948,      17.887618,      24.938652,      70.837904,      40.525111,     190.487291,      37.120129,      36.681418
2005,  6,      25.526133,      20.181387,       0.234937,       1.828212,      21.925644,       9.625307,      82.775070,       2.704607,       5.495873
2005,  7,       0.969123,       5.989226,       0.000000,       0.000213,       1.630199,       1.451736,      22.075068,       0.000000,       0.052043
2005,  8,       0.000000,       0.989565,       0.000000,       0.001983,       0.000020,       0.195507,       5.033129,       0.000000,       0.000000
2005,  9,       0.485905,       0.068094,       0.049853,       0.001440,       0.542744,       0.106278,       3.330366,       0.000000,       0.045654
2006, 10,       1.364989,       1.659258,       0.041434,       0.016640,       0.875972,       0.165259,       2.426883,       1.519753,       0.548366
2006, 11,       7.731477,       8.254188,       0.357641,       0.157813,       1.481492,       0.086619,       6.609265,       9.830912,      10.094246
2006, 12,     143.591466,     136.023673,      50.108302,       6.858455,      52.017217,       6.711987,     107.092299,     140.150730,     109.649490
2006,  1,     192.913429,     125.592362,      97.374737,      28.287685,     130.654559,      21.746739,     124.522692,     103.044672,     141.215494
2006,  2,      88.836747,      78.247706,      20.637086,       7.060806,      55.080656,       4.502281,      84.669704,      57.190263,      29.791767
2006,  3,     223.066018,     219.882556,     163.380744,      63.959323,     171.758487,      58.664048,     162.244472,     192.259059,     136.426520
2006,  4,     252.290446,     180.713901,     176.892990,     102.064289,     296.981102,     106.233333,     289.724016,     144.979277,     156.579976
2006,  5,      37.123503,      49.253717,       3.654172,      11.584321,      70.964782,      23.926101,     284.241016,      12.465674,      23.789660
2006,  6,       5.950799,      17.778137,       0.005747,       0.865678,      13.711530,       7.982308,      67.718658,       0.006751,       2.558575
2006,  7,       0.000000,       5.828371,       0.000000,       0.000000,       0.473896,       0.653859,      19.253374,       0.000000,       0.027116
2006,  8,       0.000000,       1.238240,       0.000000,       0.000000,       0.000814,       0.009148,       4.283805,       0.000000,       0.000000
2006,  9,       0.000000,       0.030178,       0.000000,       0.000000,       0.000000,       0.003254,       0.557986,       0.000000,       0.001168
2007, 10,       0.283151,       0.432906,       0.104732,       0.051566,       0.839538,       0.239017,       3.440870,       0.023582,       0.083922
2007, 11,      10.633686,       6.295736,       0.935031,       0.382023,       5.244919,       0.708048,       9.113949,       7.418476,       5.219562
2007, 12,      27.828035,      12.910911,       6.307558,       2.587836,      12.904930,       3.737962,      15.262834,      24.536518,      18.650203
2007,  1,      13.644427,       0.720220,       6.664442,       0.362128,       5.560979,       0.962138,       7.394789,       0.781833,       3.602276
2007,  2,      89.792075,      45.439954,      45.750768,       4.786531,      20.420315,       4.797060,      49.222818,      44.203869,      38.618157
2007,  3,      45.026831,       9.289874,      21.038217,       0.765110,      36.060342,       2.329895,      50.571106,       1.484355,       9.152794
2007,  4,      26.371647,       8.859653,       3.077352,       0.324690,      22.211200,       0.539625,      50.072899,       5.474628,       8.063106
2007,  5,      12.000023,       2.447687,       1.444851,       0.007126,       8.983980,       0.057796,      29.266914,       0.700246,       1.976158
2007,  6,       1.519212,       0.416742,       0.001855,       0.000000,       0.685199,       0.000000,       7.769943,       0.000000,       0.017203
2007,  7,       0.000000,       0.238121,       0.000000,       0.000000,       0.000000,       0.000000,       0.732319,       0.000000,       1.101974
2007,  8,       0.000000,       0.000000,       0.000000,       0.000000,       0.000000,       0.000000,       0.000260,       0.000000,       0.000000
2007,  9,       0.766222,       0.113228,       0.000000,       0.000000,       0.005703,       0.003525,       0.346947,       0.049249,       0.427590
2008, 10,       5.927599,       2.876878,       0.017018,       0.006458,       2.129809,       0.008060,       3.909261,       4.537541,       3.044513
2008, 11,       4.159193,       1.062627,       0.579607,       0.000900,       2.025571,       0.036203,       3.356948,       1.686988,       0.567165
2008, 12,      26.861982,      11.149120,       5.570182,       2.884043,      10.512135,       4.180983,      11.015037,      19.046500,      10.489023
2008,  1,      66.598966,      97.274990,      47.675695,      11.245518,      20.749104,      10.288735,      26.019196,     124.827061,      91.573293
2008,  2,      72.762571,      74.887537,      44.048800,      20.057303,      24.374824,      11.053648,      22.285299,      64.520800,      79.431963
2008,  3,      28.170707,      21.009807,       6.938659,       3.961057,      22.173268,       2.410106,      25.364280,       5.060435,      18.189228
2008,  4,      12.858911,       8.291749,       0.261886,       0.624299,       9.188204,       1.237892,      33.095442,       0.723717,       2.315614
2008,  5,       2.766319,       3.010103,       0.103528,       0.314956,       5.653663,       1.488251,      44.819138,       0.120711,       2.270909
2008,  6,       0.023397,       0.421419,       0.000080,       0.000000,       0.579720,       0.130336,       9.359895,       0.000000,       0.381505
2008,  7,       0.000000,       0.000000,       0.000000,       0.000000,       0.014374,       0.000066,       2.149102,       0.000000,       0.000064
2008,  8,       0.000000,       0.000000,       0.000000,       0.000000,       0.000000,       0.000000,       0.167959,       0.000000,       0.000000
2008,  9,       0.000000,       0.074411,       0.000000,       0.000000,       0.000000,       0.000000,       0.000796,       0.000000,       0.034058
2009, 10,       1.986298,       3.719239,       0.031379,       0.095328,       1.752296,       0.179856,       3.053061,       4.432883,       2.425700
2009, 11,      12.788583,       6.942043,       1.420664,       2.204765,      10.497099,       2.477179,      10.877492,      13.163912,      10.216639
2009, 12,      13.932990,       8.246948,       5.597630,       3.197847,       9.016156,       3.116056,       7.485882,      16.078035,       8.776128
2009,  1,      14.390316,       1.234403,      16.827041,       3.958260,      12.744630,       4.438608,      20.495210,       2.120920,       3.457967
2009,  2,      63.308025,      47.851291,      31.250391,      19.024740,      22.656097,      12.676396,      21.958653,      68.802388,      51.730393
2009,  3,      69.541097,      57.505484,      44.309482,      20.559963,      65.217571,      15.364245,      53.355889,      47.270330,      50.106643
2009,  4,      25.666355,      10.692362,       5.723681,       3.897970,      29.742571,       5.448916,      64.685080,       2.723377,       6.480996
2009,  5,      48.231518,      19.113865,       7.618649,       6.976965,      41.954234,       9.092013,      84.185410,       9.547286,       9.521537
2009,  6,       3.574261,       2.947144,       0.000000,       0.529643,       4.222096,       2.286913,      18.544157,       0.000337,       6.111548
2009,  7,       0.000000,       0.279815,       0.000000,       0.000000,       0.028236,       0.105527,       3.735659,       0.000000,       0.000101
2009,  8,       0.000000,       0.000042,       0.000000,       0.000000,       0.000000,       0.022265,       0.306488,       0.000000,       0.274910
2009,  9,       0.000000,       0.010104,       0.000000,       0.000000,       0.000000,       0.000004,       0.042559,       0.000000,       0.004885
2010, 10,       8.261084,       7.611512,       2.575105,       5.095463,       7.267996,       5.911363,      12.650338,      18.338547,      10.253582
2010, 11,       3.009135,       2.549831,       0.106025,       0.042700,       1.754871,       0.127397,       2.155088,       2.561575,       3.097755
2010, 12,      20.135353,       8.036663,       8.461697,       5.278029,      15.586601,       5.675356,      14.583036,      11.250386,      16.337635
2010,  1,      53.954938,     110.532570,      35.525724,      14.730611,      21.384157,      13.169332,      25.963569,     106.667926,     119.321673
2010,  2,      52.217107,      84.908859,      29.375871,      20.997548,      18.630855,      19.004598,      31.278886,      60.622420,      88.491050
2010,  3,      59.146982,      71.808484,      30.427760,      25.112516,      57.139003,      25.849171,      39.709625,      40.165951,      51.279365
2010,  4,      85.696998,     108.859793,      41.162433,      25.190384,      77.211601,      34.097566,      75.809936,      57.354888,      85.940520
2010,  5,      52.278829,      42.963921,      13.658563,       6.886817,      64.793781,      14.692090,      90.079921,      10.705233,      23.692193
2010,  6,      11.822881,      15.114144,       0.513991,       0.524503,      23.506156,       4.502167,      82.610183,       0.057323,       5.491488
2010,  7,       0.088186,       5.086717,       0.000000,       0.000000,       1.773165,       0.555534,      16.918169,       0.000000,       0.085769
2010,  8,       0.000045,       1.148481,       0.000000,       0.000000,       0.000000,       0.021813,       2.980479,       0.000000,       0.000000
2010,  9,       0.000028,       0.257251,       0.000000,       0.000000,       0.000000,       0.003234,       0.273274,       0.000000,       0.665934
2011, 10,      21.359925,      10.691021,       4.887052,       1.406646,      16.579566,       2.118470,      26.862345,      13.006048,      15.384294
2011, 11,      31.755528,       8.205770,      21.454538,       2.898682,      16.927759,       4.039335,      20.268662,      12.889036,      18.048130
2011, 12,     180.138019,      78.849582,     112.590070,      36.183218,     109.155652,      34.409490,     147.497617,      63.180841,      69.728502
2011,  1,      55.368317,      43.742414,      40.566372,      26.335972,      70.200314,      31.846304,      81.882379,      22.625822,      36.721886
2011,  2,      63.548771,      94.530621,      80.863757,      31.218645,      75.483780,      32.711856,      77.802972,      75.202210,      43.063563
2011,  3,     302.083375,     233.218089,     262.073428,     107.035905,     265.794885,      95.224391,     243.381988,     229.189168,     136.085258
2011,  4,      71.902737,      64.599145,      18.126415,      23.437381,     119.141747,      29.917974,     169.845285,      25.991230,      38.833037
2011,  5,      46.008239,      35.222069,       4.997926,       9.948468,      84.348721,      26.873522,     203.952529,      15.373248,      18.293286
2011,  6,      26.149102,      35.705548,       6.273827,       4.346409,      45.884489,      16.412613,     291.590235,      15.783873,      15.552884
2011,  7,       2.532506,       8.666838,       0.189657,       0.022824,       9.865219,       4.264122,      78.253739,       0.045342,       1.504793
2011,  8,       0.000004,       2.370028,       0.000000,       0.000000,       0.362262,       0.672971,      22.619233,       0.000000,       0.000021
2011,  9,       0.004600,       0.183109,       0.000000,       0.000000,       0.269883,       0.133309,       7.424961,       0.000000,       0.001260
2012, 10,      10.168274,       7.235932,       1.409494,       1.160392,       9.050479,       2.587797,      12.927307,       5.989566,       8.146206
2012, 11,       5.331227,       7.761009,       0.786049,       0.100453,       3.142012,       1.005617,       5.762315,       9.976585,      10.790100
2012, 12,       0.150295,       1.149739,       0.000215,       0.000000,       0.009085,       0.124664,       0.280268,       0.970438,       1.206285
2012,  1,      26.518516,      21.994604,      14.863509,       3.913908,      16.322891,       4.931748,      23.440145,      30.358573,      32.133228
2012,  2,       8.801311,      16.590721,       4.887052,       0.577467,       3.328430,       1.018212,       7.448217,       9.090607,      13.139981
2012,  3,     181.034642,     150.227964,      69.209425,       4.914519,      63.480146,       6.178126,      75.106325,     117.269780,      62.844706
2012,  4,     114.863235,      76.119264,      58.762103,       1.648727,     101.186848,       3.558417,     147.745747,      39.161653,      48.707694
2012,  5,      21.796952,      23.823566,       1.991543,       0.000052,      27.243730,       0.206354,      67.891386,       1.219553,       4.250566
2012,  6,       6.803577,       8.286909,       0.320921,       0.055740,       7.674124,       0.078400,      23.761218,       0.000000,       0.192282
2012,  7,       0.050165,       1.807672,       0.000000,       0.000000,       2.973729,       0.000000,       5.388999,       0.000000,       0.000349
2012,  8,       0.000002,       0.001505,       0.000000,       0.000000,       0.000252,       0.000000,       0.406116,       0.000000,       0.000000
2012,  9,       0.000000,       0.000000,       0.000000,       0.000000,       0.000000,       0.000000,       0.165523,       0.000000,       0.000000
2013, 10,       5.714889,       2.629840,       0.440597,       0.433527,       5.243007,       0.608811,       7.032666,       3.617844,       2.105762
2013, 11,      24.715077,      22.565408,       2.497626,       1.461417,       7.633879,       1.550886,      17.328295,      45.275781,      16.201620
2013, 12,     198.127200,     160.514340,      52.885536,      11.221749,      54.406516,      11.079582,      50.940634,     159.202202,     132.994409
2013,  1,      38.436780,      43.326245,      11.966666,       1.239449,      19.839914,       1.366961,       9.996010,      13.819423,      37.466062
2013,  2,      22.926846,      16.912037,       1.894369,       0.838201,      10.224324,       1.053959,       6.204969,       4.914259,       6.266207
2013,  3,      24.676196,      26.196466,       1.861018,       1.550974,      23.311137,       1.808525,      34.865459,       7.777954,       8.117249
2013,  4,      17.309639,      18.726760,       3.173930,       1.102741,      18.739137,       3.087408,      32.847893,       4.316943,      19.266853
2013,  5,       3.789455,       5.060733,       0.001385,       0.327612,       5.676935,       0.621931,      13.164728,       0.159477,       1.552329
2013,  6,       4.313778,       3.044208,       0.000000,       0.000000,       2.399808,       0.014055,       4.936147,       1.013412,       0.743592
2013,  7,       0.013116,       0.073313,       0.000000,       0.000000,       0.056072,       0.013551,       0.317429,       0.000000,       0.176895
2013,  8,       0.000000,       0.003996,       0.000000,       0.000000,       0.000000,       0.000001,       0.101790,       0.000000,       0.000000
2013,  9,       1.834931,       1.283644,       0.018072,       0.000000,       2.968733,       0.006877,       2.583708,       0.434906,       1.581883
2014, 10,       0.354974,       0.111542,       0.001280,       0.067421,       0.489820,       0.135645,       1.136249,       0.000000,       1.284429
2014, 11,       4.583210,       2.098045,       0.861590,       0.229252,       4.046996,       0.434287,       4.010714,       1.693267,       3.065214
2014, 12,       1.102573,       0.874014,       0.522916,       0.087559,       1.133500,       0.073072,       0.550971,       1.397322,       0.744902
2014,  1,       2.065247,       0.456848,       0.338066,       0.618388,       0.210571,       0.089446,       4.913095,       0.000000,       0.218767
2014,  2,      55.519582,      20.262827,      17.218021,       1.414960,      27.110268,       1.612848,      51.299943,      40.631124,      20.048974
2014,  3,      71.665115,      44.709817,      15.824484,       1.425407,      18.800466,       2.445056,      24.421919,      19.147044,      61.511101
2014,  4,      42.324353,      20.502078,       8.447126,       1.481114,      27.983223,       1.995871,      25.052488,      10.596653,      29.476611
2014,  5,      10.286971,       3.947395,       0.229441,       0.000839,       5.833772,       0.066915,      12.649128,       0.000000,       3.905896
2014,  6,       0.205875,       1.014817,       0.000000,       0.000000,       0.168036,       0.000000,       2.919487,       0.000000,       0.017502
2014,  7,       0.000000,       0.039833,       0.000000,       0.000000,       0.022661,       0.000000,       0.709661,       0.000000,       0.000000
2014,  8,       0.004203,       0.008769,       0.000000,       0.000000,       0.000000,       0.000000,       0.202653,       0.000000,       0.103909
2014,  9,       1.014652,       1.162894,       0.041347,       0.004351,       0.381624,       0.028404,       2.609597,       0.015409,       1.923120
2015, 10,       1.189708,       1.796747,       0.014909,       0.000000,       1.319875,       0.016941,       1.491212,       0.830368,       1.368586
2015, 11,      10.706837,       9.790148,       1.338914,       0.504463,       5.785401,       0.906134,       9.390916,       9.732404,       8.209595
2015, 12,      85.390418,      88.867286,      17.242468,       3.722535,      23.273951,       4.306413,      32.857453,     113.389359,     143.564994
2015,  1,      16.031738,      12.886414,       1.930062,       0.000000,       0.185875,       0.000850,       2.696747,       2.015784,      14.348515
2015,  2,      32.437776,      80.610768,      19.475818,       1.508903,      26.414226,       1.839755,      51.886192,      41.497081,      46.229254
2015,  3,      14.575363,      13.625355,       1.159309,       0.000414,       4.550516,       0.002438,       8.691894,       0.846607,       4.034401
2015,  4,      12.889664,       9.512050,       2.150103,       0.667929,      10.101451,       0.841194,      13.278348,       6.810757,       6.777985
2015,  5,       1.495251,       2.403286,       0.360587,       0.247101,       2.921936,       0.327416,      10.218959,       0.563404,       3.339102
2015,  6,       0.264083,       0.354886,       0.000000,       0.000000,       1.352930,       0.000002,       3.608980,       0.000000,       0.149039
2015,  7,       0.000827,       0.285833,       0.000000,       0.090201,       0.055306,       0.322010,       1.052852,       0.016644,       0.700485
2015,  8,       0.000000,       0.000012,       0.000000,       0.000000,       0.000000,       0.000001,       0.022523,       0.000000,       0.000000
2015,  9,       0.000000,       0.806556,       0.000000,       0.000000,       0.000000,       0.000000,       0.047676,       0.024736,       1.419298
2016, 10,       0.291037,       0.320917,       0.377906,       0.434061,       2.756383,       0.539741,       6.235157,       0.493590,       0.007971
2016, 11,      10.024509,       3.926900,       3.758548,       1.408700,      10.148828,       1.820580,      14.287981,       3.733429,       4.822959
2016, 12,      47.816107,      23.108684,      29.287419,       6.064392,      28.130337,       6.448041,      46.524696,      24.404936,      28.584906
2016,  1,     116.976576,     120.450634,      68.938745,      19.668874,      64.655397,      11.765958,      62.186910,      75.941872,      94.528523
2016,  2,      60.815308,      35.491342,      19.507677,       9.857078,      66.205553,       9.831676,      55.201767,       8.047022,      20.935502
2016,  3,     222.532227,     191.088297,      78.057025,      36.017334,     131.753758,      32.395858,     157.972672,     142.182425,     113.063247
2016,  4,      45.628037,      34.889808,       8.923645,      10.000681,      41.774727,      19.767688,     117.036682,      10.839970,      13.167136
2016,  5,      23.504423,      15.379450,       0.454723,       2.350637,      15.712199,       7.128049,      58.254326,       1.674840,       7.765309
2016,  6,       1.928789,       4.964248,       0.000001,       0.034592,       1.387586,       1.705233,      15.436157,       0.008823,       1.712904
2016,  7,       0.000014,       0.812440,       0.000000,       0.000000,       0.000000,       0.072147,       3.420599,       0.000000,       0.000000
2016,  8,       0.000000,       0.000523,       0.000000,       0.000000,       0.000000,       0.000000,       0.243788,       0.000000,       0.000000
2016,  9,       0.000000,       0.000509,       0.000000,       0.000000,       0.000000,       0.000000,       0.001377,       0.000000,       0.000000
2017, 10,      26.908486,      15.060192,       7.335123,       1.995003,      21.299401,       1.849402,      37.399679,      24.153188,       6.776690
2017, 11,      32.272688,      12.395364,      11.800403,       1.348154,      15.573622,       2.902686,      20.422128,      14.891262,      13.791326
2017, 12,     130.121808,      81.478490,      50.936482,       8.601470,      60.125819,       9.904062,      88.334720,      55.568720,      39.611223
2017,  1,     403.057798,     333.035618,     252.407120,     127.627533,     309.193729,     114.015874,     256.962680,     365.350823,     150.852740
2017,  2,     435.723550,     305.838116,     278.567041,     148.684120,     363.110720,     141.631703,     395.931506,     306.553617,     192.655914
2017,  3,     122.142554,     119.855864,      56.647986,      45.165878,     154.941819,      59.006290,     240.048392,      61.218478,      59.333368
2017,  4,     171.162515,      97.811749,      87.423336,      45.098266,     140.475097,      61.817177,     229.845357,      59.144744,      43.275198
2017,  5,      32.439314,      31.965449,       1.197860,       9.276606,      40.075393,      26.012744,     250.015602,       3.145001,       3.335291
2017,  6,       7.282358,      12.667670,       0.001404,       1.027779,       8.466450,       9.613769,      79.008270,       0.434495,       0.387430
2017,  7,       0.000362,       3.588585,       0.000000,       0.000000,       0.044651,       1.021031,      20.543927,       0.000000,       0.000000
2017,  8,       0.000000,       0.110259,       0.000000,       0.000000,       0.000000,       0.028984,       5.893960,       0.000000,       0.000000
2017,  9,       0.197576,       0.044254,       0.000000,       0.202984,       0.044347,       0.617595,       1.639403,       0.000000,       0.001235
2018, 10,       1.143592,       0.818641,       0.017729,       0.003242,       1.105697,       0.095751,       2.316854,       0.057141,       0.311012
2018, 11,      43.936667,      13.150658,       4.982163,       1.872167,      21.961321,       2.165816,      26.477122,      16.937708,       8.497056
2018, 12,       7.838357,       0.669612,       0.450640,       0.014014,       3.000658,       0.120737,       2.375976,       0.670469,       0.494580
2018,  1,      60.996960,      18.463330,      18.380954,       2.263464,      16.334350,       2.933341,      29.858834,      29.078259,      17.021050
2018,  2,      13.911541,       2.031093,       1.611564,       0.143365,       0.661492,       0.300902,       4.412159,       1.234406,       1.778504
2018,  3,     183.015624,      49.090323,      91.202423,      28.838905,     102.327116,      22.044535,     113.375226,      40.560504,      22.165175
2018,  4,      89.581221,      57.475142,      44.391654,      15.653395,      78.675013,      23.984337,     157.012895,      16.264386,      34.925767
2018,  5,      21.990323,      10.697121,       0.679920,       1.418292,      18.391256,       4.576831,      50.130297,       0.124959,       2.434593
2018,  6,       2.047288,       3.297837,       0.000000,       0.006530,       2.159265,       0.935524,      13.971314,       0.000000,       0.223843
2018,  7,       0.000702,       0.329194,       0.000000,       0.000000,       0.000445,       0.016332,       2.428983,       0.000000,       0.000000
2018,  8,       0.000000,       0.000000,       0.000000,       0.000000,       0.000000,       0.000000,       0.028273,       0.000000,       0.000000
2018,  9,       0.000000,       0.143861,       0.000000,       0.000000,       0.000000,       0.000000,       0.000637,       0.000000,       0.003893
