31OCT1921 2400,31OCT1921 2400,31OCT1921 2400,31OCT1921 2400,31OCT1921 2400,31OCT1921 2400,31OCT1921 2400,31OCT1921 2400,31OCT1921 2400,31OCT1921 2400,31OCT1921 2400,31OCT1921 2400
/CALLITE/I_FOLSM/FLOW-INFLOW//1MON/2020D09E/,/CALLITE/I_MCLRE/FLOW-INFLOW//1MON/2020D09E/,/CALLITE/I_MELON/FLOW-INFLOW//1MON/2020D09E/,/CALLITE/I_MLRTN/FLOW-INFLOW//1MON/2020D09E/,/CALLITE/I_MOKELUMNE/FLOW-INFLOW//1MON/2020D09E/,/CALLITE/I_NHGAN/FLOW-INFLOW//1MON/2020D09E/,/CALLITE/I_OROVL/FLOW-INFLOW//1MON/2020D09E/,/CALLITE/I_PEDRO/FLOW-INFLOW//1MON/2020D09E/,/CALLITE/I_SHSTA/FLOW-INFLOW//1MON/2020D09E/,/CALLITE/I_TRNTY/FLOW-INFLOW//1MON/2020D09E/,/CALLITE/I_YUBA/FLOW-INFLOW//1MON/2020D09E/,/CALLITE/I_WKYTN/FLOW-INFLOW//1MON/2020D09E/
CFS,TAF,TAF,CFS,CFS,TAF,CFS,TAF,CFS,CFS,CFS,CFS
783.45, 1.34, 29.59, 1056.30, 141.99, 0.00, 1800.20, 7.02, 2889.54, 355.63, 600.93, 56.51
1134.02, 1.33, 28.89, 784.25, 110.87, 0.21, 2132.92, 2.83, 3447.11, 531.91, 575.11, 125.29
4286.97, 77.19, 90.28, 1643.80, 113.30, 17.05, 4511.11, 100.48, 5069.91, 1137.38, 1836.15, 312.86
2132.27, 31.73, 33.57, 1074.64, 144.50, 10.34, 2002.99, 64.55, 2568.30, 1240.59, 1136.77, 116.92
8438.72, 123.63, 63.73, 1530.50, 519.63, 80.03, 8488.86, 152.49, 7317.29, 1092.50, 3983.58, 572.99
6032.92, 129.91, 66.25, 2080.47, 203.46, 50.05, 5305.92, 170.02, 6163.51, 1096.89, 2848.97, 416.75
6783.11, 126.46, 82.72, 3432.84, 268.94, 14.08, 9688.23, 143.30, 7822.15, 1835.59, 2610.87, 262.25
10408.59, 262.57, 242.38, 6972.69, 1180.20, 3.09, 19486.86, 385.24, 7100.70, 4951.98, 5106.38, 123.87
6917.01, 349.67, 249.63, 10724.95, 917.54, 0.00, 7530.99, 724.23, 5150.77, 2139.15, 6285.93, 56.75
2633.10, 89.77, 102.03, 7648.04, 337.03, 0.00, 4097.60, 406.73, 4325.39, 1037.54, 3667.01, 2.03
1538.16, 21.65, 55.78, 3344.50, 219.22, 0.00, 3036.37, 68.49, 3751.90, 520.43, 1516.21, 7.69
807.42, 4.53, 33.74, 2271.62, 134.15, 0.00, 2069.28, 12.69, 2072.21, 250.74, 927.89, 0.21
1387.89, 9.03, 40.36, 1783.80, 107.87, 0.50, 2831.27, 28.28, 3714.65, 455.74, 936.29, 115.70
3288.71, 36.19, 58.19, 1925.06, 96.58, 12.69, 3981.94, 43.60, 3843.20, 448.00, 1273.83, 99.15
7504.82, 62.77, 100.35, 1882.76, 171.43, 34.82, 6479.87, 133.64, 6879.98, 600.07, 3182.64, 280.81
5275.47, 55.14, 69.52, 1479.33, 440.73, 45.31, 4957.51, 110.02, 5669.72, 913.87, 1951.67, 203.40
4405.73, 39.00, 53.29, 1490.45, 495.61, 13.10, 4187.95, 81.69, 4900.96, 703.70, 1253.98, 117.07
3327.93, 46.19, 70.63, 1561.49, 401.11, 1.18, 4081.93, 79.09, 4098.89, 1041.79, 1130.81, 39.35
7601.45, 173.16, 138.98, 3507.42, 633.55, 27.70, 8436.08, 228.28, 9664.01, 3628.22, 3306.62, 400.21
5735.11, 239.49, 206.61, 5422.89, 1082.27, 0.70, 4048.62, 369.69, 5271.87, 3360.83, 2348.12, 49.73
4300.84, 188.51, 145.49, 5663.56, 484.13, 0.00, 3368.28, 368.44, 6138.92, 1901.31, 2326.19, 75.92
1973.77, 106.70, 106.94, 5572.48, 293.57, 0.00, 1702.28, 438.78, 3078.09, 1024.07, 2855.30, 2.15
1049.43, 19.15, 50.97, 2423.35, 181.04, 0.00, 1263.31, 89.19, 2651.41, 509.08, 1085.16, 6.81
1570.44, 22.63, 59.59, 2198.74, 129.44, 1.88, 2460.77, 49.51, 3801.06, 408.48, 1032.54, 69.91
1144.59, 13.74, 34.10, 1518.38, 107.20, 0.04, 1488.61, 32.10, 3100.94, 440.65, 581.88, 54.65
631.81, 5.05, 20.40, 1007.20, 77.43, 0.00, 570.76, 11.46, 1346.07, 303.91, 348.19, 34.74
1462.02, 6.28, 25.21, 671.88, 59.55, 1.79, 1129.54, 14.26, 2075.49, 546.29, 528.39, 65.29
1430.62, 19.65, 32.81, 697.86, 43.33, 4.99, 1387.95, 34.32, 2059.09, 458.17, 557.75, 70.98
2139.38, 18.42, 45.86, 595.36, 153.27, 3.36, 4618.96, 47.82, 5024.55, 2063.47, 1323.02, 126.60
1395.71, 23.97, 42.28, 884.34, 78.93, 2.56, 1010.70, 44.99, 1950.32, 862.69, 613.02, 44.74
2180.57, 37.22, 66.97, 1392.61, 269.16, 0.59, 2272.47, 101.83, 2440.83, 695.85, 800.71, 5.57
1095.63, 88.12, 70.30, 2358.69, 129.28, 0.00, 420.51, 252.51, 896.14, 315.23, 635.48, 0.13
490.74, 11.83, 26.57, 1606.06, 71.05, 0.00, 332.04, 69.55, 751.08, 123.61, 310.73, 5.07
206.29, 1.73, 17.74, 952.38, 28.77, 0.00, 199.44, 14.05, 527.66, 5.50, 190.16, 0.10
96.30, 0.10, 12.09, 643.42, 11.02, 0.00, 235.50, 1.72, 818.11, 23.03, 116.48, 50.88
128.81, 0.00, 11.46, 436.56, 3.75, 0.00, 420.97, 0.33, 725.92, 8.32, 93.85, 4.41
1671.34, 25.54, 49.48, 1058.55, 8.75, 3.67, 1924.68, 46.37, 3004.43, 425.08, 935.76, 188.84
1806.83, 41.17, 40.33, 1171.15, 18.19, 4.63, 2294.29, 36.35, 4611.66, 2369.35, 660.79, 218.99
2351.59, 22.62, 48.78, 849.97, 13.95, 11.11, 1933.88, 50.99, 3682.99, 1914.91, 1268.40, 204.38
1690.75, 17.83, 17.26, 591.61, 49.24, 4.05, 1406.70, 40.08, 4466.27, 1710.76, 1001.12, 145.44
8074.62, 99.11, 126.06, 2186.62, 770.65, 58.64, 10589.36, 240.07, 16962.87, 6855.16, 3415.97, 1887.53
3833.57, 93.45, 94.36, 2423.45, 238.75, 18.75, 5107.11, 202.32, 7217.79, 3601.14, 1801.18, 479.40
6575.94, 195.01, 159.98, 3801.72, 639.40, 35.06, 6139.92, 292.62, 10815.13, 5960.42, 2689.00, 707.78
4870.53, 221.92, 153.26, 5369.64, 312.17, 3.42, 3445.86, 385.75, 8188.11, 3879.45, 2578.18, 274.40
2980.82, 188.02, 127.99, 5821.89, 193.69, 0.10, 2674.39, 472.04, 6213.67, 2391.48, 2702.50, 138.50
1701.93, 50.34, 63.46, 3093.39, 113.30, 0.00, 1329.46, 204.93, 3635.22, 1139.97, 1338.43, 38.43
994.17, 15.15, 40.95, 2106.21, 67.04, 0.00, 1370.66, 45.30, 3343.95, 573.17, 792.50, 25.62
918.13, 4.91, 28.30, 1359.85, 46.72, 0.00, 1915.25, 15.37, 4847.84, 637.79, 622.25, 70.54
1200.36, 19.60, 31.67, 1532.32, 37.59, 0.27, 1480.59, 26.87, 2674.16, 347.04, 532.70, 14.94
1421.87, 9.13, 33.10, 934.32, 31.39, 0.19, 1898.82, 19.53, 3524.65, 696.00, 715.40, 139.84
1687.36, 20.38, 28.72, 929.66, 23.54, 3.87, 1692.94, 28.60, 3540.42, 1082.39, 701.87, 92.75
1107.25, 12.23, 45.16, 649.62, 16.89, 6.43, 1458.44, 39.93, 3395.19, 1419.47, 895.77, 184.72
6888.25, 84.50, 69.11, 2147.68, 70.12, 25.18, 12454.10, 151.17, 14027.67, 5450.25, 2961.21, 767.85
2830.62, 42.61, 55.58, 1981.41, 140.99, 0.95, 5042.04, 100.62, 5240.17, 2325.97, 1360.14, 123.62
7023.21, 230.54, 121.01, 4763.22, 119.19, 12.69, 11091.72, 324.34, 9030.99, 2449.05, 4004.69, 230.46
2966.45, 192.96, 67.51, 5790.96, 43.32, 0.06, 4363.85, 338.66, 4735.83, 1354.99, 2804.69, 64.86
1410.19, 66.01, 32.54, 3470.33, 17.82, 0.00, 2260.89, 180.96, 2455.55, 616.55, 2052.49, 6.40
648.48, 17.78, 23.44, 2274.98, 4.24, 0.00, 1691.10, 42.08, 2010.86, 146.71, 942.43, 0.34
280.89, 2.35, 13.25, 1468.60, 0.16, 0.00, 1198.64, 5.87, 1538.50, 13.77, 581.74, 11.59
175.36, 0.21, 8.40, 976.91, 0.01, 0.00, 923.11, 0.48, 1116.87, 4.90, 363.16, 0.74
849.34, 1.40, 16.45, 850.55, 0.28, 0.78, 1887.42, 4.61, 2343.26, 168.88, 619.04, 82.47
4986.21, 76.29, 113.70, 2089.62, 11.52, 16.64, 8092.76, 112.51, 11968.32, 3441.79, 2940.83, 574.22
2091.19, 26.37, 24.32, 797.56, 31.76, 3.16, 2867.54, 33.97, 7529.92, 3892.56, 1155.04, 557.31
3764.82, 34.63, 45.82, 1075.23, 53.14, 14.05, 5031.31, 92.65, 9835.76, 3859.29, 2195.21, 775.27
9705.47, 123.38, 100.25, 2526.92, 746.76, 53.00, 14468.09, 209.60, 18454.50, 8784.16, 6833.54, 1798.83
4897.19, 79.80, 84.21, 2501.44, 173.15, 13.79, 8141.96, 151.96, 10551.45, 4972.83, 3289.18, 807.98
9833.05, 223.76, 163.51, 4570.20, 1026.99, 24.95, 13430.73, 293.92, 14433.94, 6052.12, 4629.04, 664.29
6655.83, 300.62, 135.24, 7733.07, 292.14, 0.74, 9544.42, 434.94, 9609.77, 3048.09, 4231.65, 262.78
4066.45, 212.25, 100.84, 7779.07, 174.52, 0.04, 4876.44, 514.30, 6176.11, 1887.25, 4792.14, 158.51
1684.76, 38.40, 43.26, 3638.10, 95.91, 0.00, 3045.39, 116.11, 4370.02, 852.00, 2766.08, 50.42
944.66, 11.81, 28.25, 2420.54, 49.60, 0.00, 2159.50, 24.37, 3444.62, 312.77, 1238.47, 11.60
683.79, 4.01, 19.52, 1767.03, 30.00, 0.00, 1743.52, 7.73, 2668.85, 174.47, 805.01, 8.83
1127.63, 26.81, 52.52, 1850.33, 19.65, 1.47, 1849.47, 55.82, 2701.81, 178.65, 840.75, 60.17
3777.92, 50.60, 53.31, 1996.79, 27.52, 6.45, 6221.89, 66.62, 9414.65, 1477.06, 1943.01, 371.80
1757.28, 17.55, 33.59, 866.32, 20.40, 7.87, 2025.28, 57.96, 3388.36, 1024.45, 1068.58, 204.32
1920.98, 19.33, 31.90, 913.56, 19.95, 4.62, 3129.74, 55.37, 4872.35, 1493.64, 1025.41, 223.91
2412.19, 31.90, 31.75, 1386.60, 44.52, 8.14, 4809.82, 76.40, 6571.59, 2535.53, 1113.59, 397.72
11066.86, 175.93, 187.48, 2886.49, 1165.29, 48.72, 14621.05, 307.14, 13743.90, 4026.09, 6726.37, 641.95
5912.15, 167.06, 119.51, 3542.42, 231.66, 20.24, 7285.81, 285.54, 8780.18, 3710.78, 3445.55, 531.07
4172.24, 257.86, 124.16, 5940.14, 75.27, 0.01, 5187.78, 499.51, 6241.59, 2334.67, 3631.33, 112.36
1994.41, 78.19, 54.68, 3145.75, 40.53, 0.00, 2896.11, 307.43, 3735.52, 1257.29, 2215.32, 50.32
1047.87, 16.49, 35.16, 2012.81, 10.90, 0.00, 1944.27, 56.77, 3141.21, 489.32, 1125.01, 6.78
438.01, 2.88, 21.60, 1362.33, 0.57, 0.00, 1360.01, 10.23, 2327.89, 158.18, 683.29, 2.26
276.94, 0.15, 13.87, 918.34, 0.03, 0.00, 1065.97, 0.89, 1903.92, 72.68, 445.07, 3.31
261.92, 1.47, 11.04, 725.03, 0.22, 0.00, 879.92, 3.38, 1678.76, 104.25, 326.40, 28.45
1595.25, 22.76, 36.73, 1113.26, 0.23, 6.19, 2632.46, 29.80, 4864.47, 508.64, 772.42, 226.05
1685.42, 24.31, 36.78, 879.43, 1.76, 5.51, 1625.60, 34.04, 3689.84, 475.50, 684.08, 140.41
916.29, 17.56, 21.67, 490.65, 0.44, 5.87, 851.79, 18.91, 1945.47, 444.45, 418.45, 72.97
1681.78, 17.93, 20.56, 584.68, 0.90, 5.47, 2721.20, 31.15, 4626.44, 1036.58, 912.88, 233.34
2094.34, 46.31, 52.81, 1611.18, 12.29, 8.20, 3225.89, 104.59, 4431.06, 1167.61, 807.43, 96.79
2066.81, 70.46, 60.93, 2263.48, 109.98, 8.74, 2992.90, 112.34, 5220.25, 1298.27, 916.24, 131.47
3071.74, 194.01, 95.79, 3990.79, 237.94, 0.03, 2595.70, 300.57, 2987.82, 2039.33, 1370.23, 15.43
3618.61, 138.59, 87.23, 3363.80, 72.60, 2.38, 2713.44, 381.71, 4295.61, 1229.87, 2280.23, 74.53
1059.61, 27.55, 32.08, 1746.46, 37.63, 0.00, 598.53, 114.81, 1627.63, 552.28, 890.31, 0.03
620.76, 5.97, 19.39, 1221.91, 11.04, 0.00, 436.32, 23.03, 1288.64, 215.00, 464.64, 0.00
376.37, 5.50, 14.34, 946.15, 3.91, 0.00, 305.66, 8.52, 935.12, 101.01, 284.11, 0.00
304.31, 0.21, 9.71, 553.47, 1.89, 0.00, 384.61, 0.37, 1327.53, 66.20, 202.48, 8.59
171.97, 0.00, 5.44, 368.05, 1.74, 0.00, 155.90, 0.00, 469.57, 24.38, 106.54, 0.00
5091.63, 26.71, 55.43, 717.28, 7.25, 5.56, 11169.75, 38.58, 8771.33, 1673.26, 3529.88, 293.80
2704.20, 44.40, 52.46, 837.99, 5.74, 20.05, 3266.39, 57.62, 4194.34, 888.53, 1614.23, 172.12
3224.76, 39.53, 60.17, 1434.19, 65.62, 15.59, 7542.44, 84.19, 9824.52, 3261.74, 1909.81, 444.96
5055.44, 70.82, 98.05, 1606.32, 601.89, 36.33, 7430.39, 156.26, 7328.80, 2951.57, 2238.40, 342.85
4865.82, 130.13, 174.55, 2744.31, 799.36, 5.66, 7122.67, 173.62, 7205.33, 2742.31, 2432.55, 159.57
4392.94, 115.00, 145.19, 3195.07, 678.88, 2.79, 4979.95, 201.86, 4776.01, 1906.26, 2354.81, 69.66
3732.25, 157.02, 140.56, 3380.99, 555.02, 0.00, 2463.74, 473.03, 2773.32, 1064.86, 3229.77, 12.44
1337.28, 24.17, 54.69, 1754.78, 258.35, 0.00, 1626.44, 119.64, 2117.77, 445.56, 1339.88, 1.84
830.79, 6.81, 37.26, 1219.24, 161.43, 0.00, 1185.49, 27.45, 1648.90, 156.28, 776.64, 0.00
627.08, 3.64, 33.77, 847.54, 111.09, 0.02, 1384.83, 18.24, 3073.46, 169.90, 620.62, 20.50
699.07, 8.94, 29.07, 835.92, 89.66, 0.06, 1382.09, 19.65, 1671.89, 97.86, 347.84, 17.53
2169.87, 38.05, 49.26, 1002.80, 69.78, 7.26, 1941.42, 41.23, 1874.96, 212.00, 858.04, 89.39
385.05, 0.16, 14.08, 396.03, 53.46, 0.03, 517.06, 4.85, 1096.88, 176.89, 188.89, 46.88
2032.02, 31.73, 50.57, 734.93, 37.95, 13.65, 2290.90, 60.44, 4401.52, 1973.71, 929.46, 213.10
1511.97, 24.26, 37.43, 796.84, 51.34, 8.36, 1483.87, 58.14, 3211.21, 1453.25, 730.91, 106.71
1898.75, 26.83, 51.38, 1012.79, 61.41, 5.55, 3237.25, 62.78, 4730.41, 2050.92, 1125.68, 94.22
1714.92, 60.43, 91.40, 1563.24, 293.85, 0.60, 1989.47, 149.07, 2403.21, 1472.39, 1023.22, 20.11
2089.50, 113.89, 110.24, 2746.68, 166.97, 0.40, 2174.40, 299.99, 2169.47, 1031.50, 1470.21, 16.64
1467.17, 25.44, 50.03, 1642.78, 73.73, 0.20, 1070.77, 94.88, 2560.36, 1029.18, 980.24, 94.18
425.19, 2.93, 25.05, 914.61, 32.25, 0.00, 265.32, 17.56, 766.16, 385.38, 384.11, 0.00
212.57, 1.47, 19.17, 698.98, 8.18, 0.00, 216.06, 6.24, 634.81, 106.40, 232.65, 0.00
221.64, 1.93, 14.35, 561.14, 5.02, 0.00, 284.96, 3.68, 940.50, 47.58, 229.80, 0.44
1253.02, 2.48, 27.61, 434.68, 5.28, 0.25, 1761.89, 7.82, 2989.68, 189.53, 755.79, 86.28
1335.86, 21.45, 30.14, 688.20, 10.77, 8.56, 1511.15, 23.82, 1481.20, 137.22, 619.78, 120.79
3281.67, 81.64, 77.35, 1710.34, 62.12, 36.73, 3686.74, 121.46, 4698.08, 234.24, 1417.79, 309.56
2081.67, 56.60, 38.31, 1068.51, 87.18, 35.63, 1645.33, 91.14, 2098.59, 137.87, 1159.43, 142.85
4316.77, 163.25, 68.20, 2914.85, 693.43, 66.86, 2773.69, 171.71, 3306.20, 218.74, 1413.64, 100.74
3226.73, 92.98, 96.35, 3863.84, 312.41, 4.95, 5710.74, 135.06, 6404.63, 1080.35, 1364.53, 83.95
4240.96, 96.07, 145.61, 4865.07, 326.47, 4.53, 6680.38, 171.19, 6366.73, 2815.95, 1962.62, 119.28
7622.54, 205.04, 258.25, 7081.32, 950.15, 3.25, 6939.95, 357.10, 6776.62, 4755.86, 3448.19, 100.09
6970.27, 369.95, 248.40, 9295.97, 913.55, 0.07, 3066.35, 621.02, 3509.77, 2060.38, 4407.70, 6.10
2122.98, 100.76, 92.52, 4647.58, 327.81, 0.00, 1606.11, 212.81, 2743.02, 1068.98, 2895.52, 0.51
1250.03, 24.63, 56.43, 2858.02, 197.44, 0.00, 1143.91, 43.91, 2216.97, 502.13, 1209.65, 0.00
770.65, 6.20, 37.21, 1968.21, 121.45, 0.00, 831.90, 11.00, 1466.17, 204.72, 729.22, 0.00
625.36, 2.04, 24.78, 1468.64, 89.89, 0.00, 782.81, 1.26, 1402.45, 147.92, 483.29, 2.11
544.74, 1.46, 21.62, 916.14, 65.11, 0.55, 752.15, 5.47, 2092.20, 283.76, 456.96, 74.07
1495.25, 17.03, 31.25, 1012.57, 57.12, 5.32, 1420.93, 19.28, 1734.97, 189.25, 428.92, 135.33
1229.44, 33.83, 37.96, 1038.63, 38.26, 14.18, 974.36, 40.73, 1519.82, 68.14, 490.82, 105.63
752.81, 21.77, 30.88, 816.29, 23.38, 12.14, 468.24, 33.88, 925.10, 27.96, 357.82, 65.69
3111.45, 57.05, 69.50, 2365.29, 96.91, 14.23, 4670.19, 121.12, 8128.03, 721.87, 1412.51, 357.42
2345.51, 73.92, 85.45, 2463.48, 329.66, 1.03, 6871.56, 103.30, 5145.31, 3911.21, 1496.81, 75.27
3644.15, 91.10, 130.87, 2859.61, 328.16, 8.38, 3745.05, 163.37, 4994.29, 2800.43, 1834.48, 83.70
5436.19, 203.78, 227.81, 4400.82, 1504.83, 0.01, 1500.36, 340.39, 1963.68, 1789.97, 2453.92, 7.14
1375.27, 28.54, 68.73, 2054.90, 374.99, 0.00, 829.71, 80.17, 2273.57, 819.30, 1471.30, 0.15
801.04, 5.74, 45.12, 1407.35, 225.58, 0.00, 636.17, 15.11, 1637.42, 339.08, 694.05, 0.00
601.71, 0.44, 31.04, 925.79, 156.36, 0.00, 621.34, 2.07, 1364.55, 220.55, 479.59, 7.45
633.15, 4.67, 49.57, 739.11, 103.19, 6.47, 794.30, 19.07, 1624.85, 170.82, 1014.10, 62.54
1943.17, 11.22, 17.97, 847.34, 95.37, 0.49, 1926.06, 6.78, 1686.25, 113.63, 221.89, 0.18
3342.04, 65.57, 84.14, 1718.09, 78.09, 20.84, 3365.37, 83.56, 5260.37, 890.60, 1483.40, 301.22
2986.54, 31.20, 36.97, 1066.94, 60.44, 9.09, 3615.74, 61.30, 5321.96, 2372.18, 1284.05, 149.97
3134.82, 41.30, 63.76, 1530.10, 112.19, 23.93, 4622.22, 99.43, 6979.47, 1959.20, 1779.00, 256.42
2409.07, 60.17, 85.60, 2089.13, 362.98, 2.51, 3390.12, 129.47, 5121.20, 2186.48, 1436.76, 135.45
2409.11, 96.10, 69.63, 2539.28, 184.96, 0.06, 2523.53, 196.08, 3785.27, 1700.24, 1395.09, 155.62
1805.30, 41.90, 55.19, 2524.30, 93.65, 1.38, 1954.40, 117.51, 3767.34, 1403.06, 1242.90, 80.36
1655.96, 18.64, 37.13, 1689.10, 67.66, 0.03, 1736.17, 49.20, 3683.19, 834.64, 854.27, 26.27
453.85, 1.58, 15.38, 921.71, 34.68, 0.00, 527.41, 7.68, 1275.10, 328.42, 341.63, 0.35
227.47, 0.86, 13.93, 672.73, 9.44, 0.00, 438.93, 2.48, 1079.04, 67.78, 225.38, 0.37
484.17, 4.88, 20.15, 601.95, 4.98, 0.27, 847.30, 12.90, 1320.04, 41.96, 363.25, 7.10
754.00, 17.87, 33.89, 792.55, 6.44, 1.35, 1021.64, 29.14, 1755.45, 178.32, 425.70, 90.49
2751.59, 45.18, 47.50, 1334.93, 8.53, 7.16, 3788.10, 55.86, 6049.25, 1800.85, 1313.32, 274.95
1233.17, 28.29, 35.60, 951.01, 8.86, 6.76, 1565.73, 45.77, 2803.34, 1306.41, 950.58, 92.81
3432.44, 71.69, 54.24, 1551.96, 23.73, 26.21, 4416.31, 142.07, 4604.57, 1041.13, 1759.34, 227.69
2260.49, 38.52, 48.50, 2170.11, 178.53, 7.99, 3154.64, 104.70, 6775.06, 1154.15, 1476.04, 553.61
3306.48, 78.76, 60.86, 2356.13, 268.77, 34.61, 5513.10, 121.94, 6528.64, 1147.67, 1470.69, 389.52
10048.66, 277.11, 328.09, 6351.87, 1851.54, 72.61, 15995.03, 394.16, 14554.18, 5017.68, 5138.75, 900.04
6373.73, 330.70, 255.36, 7492.68, 987.31, 3.26, 10015.39, 438.46, 7488.92, 5240.30, 3501.43, 186.54
5677.95, 313.41, 285.52, 8141.35, 1519.50, 0.00, 4659.43, 627.64, 4651.16, 2346.17, 4163.02, 69.13
2084.44, 55.98, 98.97, 3815.97, 516.91, 0.00, 2835.99, 140.52, 3912.23, 1208.18, 2075.17, 21.88
1122.24, 16.70, 65.86, 2669.85, 331.46, 0.00, 2038.96, 31.22, 3107.45, 545.11, 1050.20, 28.97
632.39, 2.85, 39.24, 1767.60, 225.62, 0.00, 1528.20, 4.27, 2233.99, 301.45, 649.72, 14.69
1566.22, 18.09, 54.78, 1613.35, 179.59, 0.39, 2049.61, 30.46, 3229.94, 327.65, 787.56, 65.63
1211.13, 12.04, 31.77, 1139.15, 142.10, 1.98, 1550.95, 17.82, 1995.37, 297.22, 494.00, 47.41
1203.26, 13.59, 27.69, 867.41, 101.94, 3.55, 1999.46, 20.62, 3941.78, 682.79, 601.12, 184.45
6447.51, 62.47, 84.66, 1408.01, 107.39, 32.12, 8489.39, 124.84, 12884.57, 4669.61, 3282.73, 666.98
11795.81, 253.43, 225.88, 4257.79, 2565.00, 168.37, 13384.02, 323.67, 11925.84, 3821.47, 6510.26, 814.79
5037.84, 183.56, 170.66, 3967.55, 804.47, 21.75, 6243.64, 250.76, 5778.94, 2658.15, 3068.56, 299.34
7967.25, 247.39, 275.02, 6022.24, 1740.75, 20.78, 8536.11, 331.99, 7598.88, 3192.72, 3992.86, 338.67
6979.20, 292.75, 340.20, 7190.57, 1864.86, 0.96, 4339.51, 483.29, 5048.01, 1984.19, 3444.94, 118.58
6482.01, 157.54, 291.10, 5398.47, 2015.41, 2.84, 3682.90, 416.01, 5415.96, 1541.71, 4423.62, 107.33
2224.42, 39.07, 111.87, 3091.36, 938.43, 0.04, 1722.27, 117.74, 2665.17, 731.82, 2147.37, 19.60
1166.82, 9.39, 66.86, 2016.45, 523.72, 0.00, 1267.09, 24.82, 2070.81, 265.70, 1005.29, 0.10
1012.75, 2.76, 44.49, 1373.88, 368.52, 0.00, 1321.15, 5.93, 2040.74, 119.78, 661.43, 3.19
617.44, 8.96, 40.15, 1278.10, 266.95, 0.41, 676.27, 15.60, 1106.60, 47.10, 409.70, 3.73
528.66, 6.04, 22.83, 924.11, 200.55, 0.34, 503.50, 6.15, 756.93, 33.38, 257.00, 0.14
1502.21, 55.20, 53.39, 1689.85, 153.79, 12.13, 1191.50, 64.68, 1801.22, 151.42, 556.42, 152.32
1064.47, 20.74, 28.18, 683.27, 116.26, 13.31, 494.07, 22.50, 1099.16, 27.99, 354.73, 10.04
5072.72, 174.05, 95.49, 4038.24, 465.71, 86.54, 2834.17, 234.94, 3007.78, 26.31, 1938.06, 244.00
5503.26, 175.49, 141.83, 5208.91, 845.71, 85.47, 6996.44, 257.96, 9217.04, 730.84, 1979.39, 814.94
5389.52, 208.72, 144.08, 5819.29, 603.78, 18.50, 9392.08, 249.83, 10593.48, 1997.67, 2379.25, 479.07
7862.04, 378.35, 365.34, 8589.30, 1746.00, 0.46, 9455.15, 570.16, 7222.52, 7185.87, 3499.55, 99.99
5258.83, 207.78, 326.23, 7583.19, 1900.29, 0.67, 3623.05, 469.72, 6525.85, 3120.37, 3689.37, 126.14
2148.61, 42.50, 114.58, 3833.04, 674.93, 0.00, 1970.75, 115.25, 4970.94, 1642.55, 1677.13, 9.12
1065.71, 9.18, 69.32, 2554.46, 395.07, 0.00, 1306.66, 21.44, 3033.81, 836.74, 903.67, 1.10
644.99, 3.47, 44.89, 1738.20, 264.32, 0.00, 935.91, 5.41, 2129.55, 431.89, 554.47, 2.02
1233.04, 4.56, 45.77, 1232.77, 197.70, 0.19, 2062.59, 10.43, 4165.92, 522.26, 687.86, 108.13
3149.41, 19.45, 53.06, 1159.53, 158.66, 2.17, 7674.88, 29.99, 11819.67, 3022.78, 1820.96, 491.14
6408.39, 184.35, 172.66, 4140.46, 274.13, 19.23, 12814.20, 283.77, 16071.88, 4604.98, 4676.65, 808.52
2900.50, 82.47, 67.98, 2091.88, 204.29, 17.28, 5779.57, 136.81, 10720.23, 3821.48, 2230.40, 669.70
9494.17, 260.65, 115.48, 3918.76, 1023.90, 123.64, 21022.21, 237.62, 24905.83, 6870.96, 7884.51, 2680.63
13297.20, 341.62, 251.29, 7110.99, 2063.44, 130.26, 16595.32, 424.91, 22912.39, 5753.01, 8964.91, 1963.81
9339.75, 274.33, 276.82, 7330.35, 1847.30, 24.84, 17355.36, 420.34, 19081.79, 6554.79, 5473.70, 1130.67
11755.73, 441.23, 496.32, 10399.83, 2997.39, 4.88, 17691.29, 659.20, 12704.28, 9633.05, 6045.48, 433.60
8685.46, 403.95, 524.45, 13424.22, 3378.84, 0.01, 8375.08, 819.78, 8650.74, 4654.77, 7260.53, 254.53
3437.89, 79.65, 180.60, 5803.37, 1444.48, 0.16, 5227.77, 229.76, 8136.88, 2149.61, 3137.67, 137.51
1721.90, 22.21, 97.79, 3591.16, 786.28, 0.00, 3619.51, 45.86, 6773.91, 1152.04, 1532.17, 71.23
1118.73, 7.90, 68.80, 2574.42, 536.70, 0.00, 2771.89, 18.78, 4974.88, 672.49, 994.25, 71.19
1777.44, 25.96, 81.83, 2213.90, 420.34, 1.65, 2924.85, 56.61, 5580.40, 864.29, 1058.81, 230.36
1720.30, 16.29, 46.88, 1570.64, 331.31, 1.42, 2408.07, 22.27, 4681.75, 1016.46, 714.87, 173.85
1538.59, 11.17, 41.02, 1206.02, 240.74, 1.98, 2209.28, 26.01, 4063.59, 2119.56, 519.31, 180.45
1597.62, 18.93, 43.97, 1013.80, 176.39, 8.07, 2125.55, 37.84, 5048.52, 2324.53, 789.45, 239.11
1495.72, 27.25, 31.77, 908.14, 133.50, 11.13, 1363.38, 55.91, 3361.13, 1289.13, 544.11, 184.05
3590.46, 70.98, 96.78, 2097.41, 476.93, 11.08, 5983.91, 181.54, 8731.55, 2722.28, 1586.41, 521.63
2573.11, 152.38, 152.00, 3176.83, 771.17, 0.69, 1455.04, 254.15, 3734.72, 2556.18, 1640.36, 89.79
2953.12, 90.50, 116.34, 3020.00, 369.31, 3.28, 2082.85, 214.83, 4135.39, 1690.83, 1871.51, 148.47
1257.26, 21.27, 50.50, 2013.42, 231.43, 0.01, 697.94, 55.16, 2117.05, 969.60, 984.28, 26.31
584.43, 3.13, 32.64, 1180.11, 136.89, 0.00, 384.61, 11.43, 1850.67, 383.87, 523.54, 11.53
278.87, 0.45, 21.41, 871.23, 68.99, 0.00, 370.35, 1.74, 1204.89, 85.53, 323.95, 0.75
677.99, 13.33, 39.34, 1029.44, 51.52, 0.09, 459.18, 27.82, 1919.79, 93.51, 328.74, 17.80
1259.75, 28.39, 44.71, 1202.89, 51.54, 1.21, 1521.81, 47.43, 2163.22, 74.22, 654.57, 23.46
375.70, 3.01, 15.17, 266.90, 34.65, 0.56, 379.92, 8.36, 803.67, 73.05, 193.54, 29.83
931.93, 10.18, 23.38, 451.05, 26.72, 0.88, 2025.97, 16.16, 7747.84, 2507.10, 556.80, 397.19
8279.73, 151.61, 113.87, 2946.93, 140.62, 42.56, 11817.65, 252.62, 19148.65, 7302.28, 4250.42, 1129.01
7860.76, 176.86, 145.84, 2684.80, 916.42, 66.10, 14390.26, 245.28, 27855.21, 11142.22, 8164.39, 1985.09
12105.86, 217.18, 229.14, 3611.33, 1321.61, 58.84, 22653.06, 317.33, 22984.45, 9815.70, 9714.01, 1624.77
10804.69, 246.85, 200.63, 4994.79, 1542.71, 26.45, 16940.02, 319.74, 16553.07, 6920.96, 4908.30, 1136.56
5882.10, 345.77, 292.27, 8305.33, 1210.48, 1.00, 6915.44, 593.27, 9981.92, 4239.88, 4360.63, 398.52
3256.26, 127.00, 139.89, 5076.27, 545.84, 0.00, 4653.25, 380.68, 6724.88, 2623.67, 3247.19, 230.51
1530.29, 27.34, 70.22, 2997.16, 322.76, 0.00, 3069.33, 77.29, 4643.92, 1346.98, 1409.49, 117.61
751.86, 5.12, 46.51, 2000.39, 191.17, 0.00, 2198.03, 13.88, 3698.45, 549.25, 842.71, 46.20
616.12, 1.48, 31.85, 1381.96, 134.31, 0.00, 2202.89, 3.27, 4558.43, 514.46, 678.28, 79.00
1017.85, 11.89, 38.81, 1541.10, 97.23, 0.57, 2555.96, 20.02, 4842.61, 528.16, 671.88, 150.97
2103.61, 7.24, 29.29, 818.53, 85.61, 0.81, 3298.13, 14.65, 4520.57, 715.27, 1062.52, 107.54
5742.17, 86.71, 112.98, 2232.98, 73.89, 21.62, 11173.03, 146.45, 20722.06, 8948.12, 3685.68, 1381.87
6233.46, 78.98, 50.84, 1754.49, 172.36, 28.01, 12233.55, 135.92, 24354.86, 9808.65, 4469.59, 2080.67
7437.54, 216.73, 129.89, 3087.58, 643.84, 44.98, 17256.83, 252.65, 27954.14, 10736.17, 6936.36, 1957.77
6698.25, 185.42, 177.74, 3141.78, 996.23, 47.04, 13929.49, 230.78, 23382.46, 9949.22, 4913.02, 1514.25
7358.15, 186.28, 169.95, 3394.82, 699.98, 34.24, 15594.80, 238.06, 25386.29, 10539.81, 5000.06, 1788.98
8031.28, 290.83, 307.73, 7553.52, 1845.71, 2.00, 11522.62, 436.27, 15531.20, 5849.92, 5498.34, 676.77
4988.80, 337.04, 327.89, 9757.77, 1932.76, 0.00, 5981.64, 608.19, 10347.37, 3734.98, 4075.34, 379.74
2516.27, 112.23, 194.01, 5889.90, 954.56, 0.00, 4027.73, 389.79, 6908.28, 2246.07, 2366.81, 197.29
1242.49, 27.90, 79.36, 3242.67, 496.77, 0.00, 2653.85, 71.11, 5849.32, 1222.49, 1120.63, 141.71
875.95, 7.63, 52.24, 2181.19, 350.98, 0.00, 2078.73, 14.76, 4370.98, 762.87, 729.63, 87.91
1133.13, 10.24, 50.99, 1723.65, 257.11, 0.05, 1951.42, 17.52, 3941.14, 588.12, 629.68, 144.37
1964.79, 20.97, 56.24, 1537.96, 201.12, 1.37, 2470.50, 47.74, 4493.65, 602.72, 966.54, 191.32
6157.75, 94.96, 115.75, 2336.70, 169.07, 21.79, 12104.68, 140.68, 18122.67, 6083.89, 4162.89, 837.08
8664.00, 106.71, 138.68, 2057.91, 1247.83, 55.52, 13107.84, 173.00, 20028.01, 5860.13, 5904.59, 926.05
11575.94, 118.02, 126.45, 2129.51, 669.08, 47.90, 18239.87, 149.26, 25505.89, 8089.23, 8329.87, 1886.70
5110.06, 94.82, 100.94, 2540.07, 264.59, 18.31, 7155.34, 144.47, 10355.12, 3257.52, 3257.69, 368.78
8942.61, 264.94, 228.89, 4889.03, 1014.77, 32.36, 16596.34, 305.97, 19313.84, 5553.85, 6392.07, 991.57
9413.33, 280.12, 316.82, 6402.22, 1674.36, 25.60, 13643.68, 415.10, 15057.79, 5432.55, 5784.15, 513.56
6827.60, 436.14, 391.91, 9700.62, 2396.74, 0.51, 7418.73, 708.89, 8763.44, 3667.63, 4922.29, 225.38
3613.47, 138.37, 209.45, 4630.51, 1344.61, 0.00, 4454.82, 393.86, 6727.20, 1758.51, 2771.11, 90.72
1612.83, 30.95, 88.55, 2975.65, 582.72, 0.00, 3144.09, 67.46, 5766.61, 838.26, 1402.61, 36.69
1026.59, 8.28, 57.81, 2038.74, 404.13, 0.00, 2267.32, 13.71, 4154.81, 422.27, 874.41, 18.94
814.22, 4.62, 45.68, 1398.91, 289.72, 0.04, 1784.34, 9.60, 3276.53, 296.62, 600.70, 45.93
5330.46, 71.78, 108.35, 2115.14, 260.99, 19.17, 4954.85, 89.51, 6550.69, 771.61, 2379.66, 275.86
4153.74, 39.04, 88.15, 1487.11, 336.56, 13.41, 4031.01, 97.61, 6814.26, 1498.11, 2400.03, 306.07
9767.08, 170.42, 174.08, 3107.59, 1287.37, 76.52, 13728.42, 203.90, 14370.50, 3825.53, 6548.96, 815.03
6674.20, 141.36, 135.47, 3051.56, 748.20, 41.28, 9533.55, 175.30, 13328.40, 3575.63, 3360.49, 652.39
12678.61, 377.96, 318.96, 5564.52, 2137.28, 96.08, 12559.10, 451.22, 12068.87, 3616.07, 7343.71, 582.70
7727.52, 212.31, 265.14, 5800.90, 1616.96, 14.09, 12281.37, 325.45, 13903.22, 4822.81, 4796.85, 488.31
7073.96, 300.22, 268.22, 7988.01, 1535.37, 1.28, 6955.41, 453.53, 9086.45, 3262.97, 4512.95, 222.42
5313.93, 209.79, 185.88, 7185.52, 881.09, 0.56, 5668.37, 430.29, 8373.95, 2060.86, 3279.65, 157.39
2192.68, 69.85, 108.31, 3891.26, 446.20, 0.00, 3044.78, 222.57, 4611.86, 999.50, 1713.54, 27.23
1109.10, 15.63, 56.81, 2484.47, 272.37, 0.00, 2005.95, 41.07, 3354.18, 453.57, 912.98, 4.33
541.12, 3.52, 36.59, 1717.01, 160.83, 0.00, 1458.28, 8.74, 2634.95, 155.68, 559.70, 0.09
981.30, 12.55, 45.14, 1409.28, 124.91, 0.65, 1847.92, 24.73, 3312.10, 305.71, 658.19, 75.64
883.89, 10.90, 25.86, 1057.43, 98.17, 0.14, 1744.80, 17.24, 3173.55, 322.91, 474.58, 128.74
1424.69, 16.08, 36.56, 1057.20, 77.80, 3.34, 1810.28, 21.96, 2171.43, 252.55, 588.87, 63.08
2186.33, 31.34, 46.41, 999.21, 59.51, 9.62, 2538.72, 52.09, 3026.74, 287.98, 987.61, 174.74
2749.85, 44.78, 51.67, 1138.08, 48.24, 20.51, 5466.51, 81.32, 8151.60, 2239.72, 1988.18, 726.97
3357.97, 60.21, 48.69, 1684.47, 193.12, 22.04, 7658.17, 135.79, 6682.30, 1604.22, 1896.04, 512.78
3183.00, 73.64, 93.88, 2276.33, 173.87, 11.38, 5674.64, 142.32, 6833.85, 1885.09, 1477.67, 218.52
4831.25, 217.30, 209.45, 4972.24, 935.21, 1.47, 5517.50, 333.25, 4379.38, 2006.28, 1858.29, 133.71
2961.46, 143.74, 147.32, 4643.32, 518.64, 0.06, 2648.28, 264.82, 6410.99, 1353.76, 1718.79, 159.37
1354.63, 38.60, 73.09, 3241.80, 240.41, 0.00, 1530.25, 79.31, 2815.27, 646.27, 884.75, 12.95
693.21, 6.30, 41.03, 1864.40, 149.25, 0.00, 976.29, 14.37, 1941.87, 282.31, 468.76, 14.66
507.61, 1.03, 29.67, 1279.74, 92.69, 0.00, 796.71, 3.40, 1632.86, 95.30, 330.20, 0.33
478.41, 5.06, 43.38, 999.70, 69.33, 2.63, 878.14, 20.36, 1802.84, 96.17, 506.22, 116.81
5185.57, 77.47, 98.23, 2389.27, 78.42, 17.73, 5694.50, 92.69, 8789.59, 1593.22, 1919.79, 409.66
2918.47, 24.63, 53.57, 1250.15, 67.50, 10.75, 4748.09, 65.48, 9048.89, 2289.56, 1663.94, 467.65
1655.46, 5.48, 27.78, 716.55, 48.94, 2.49, 1961.06, 33.73, 4646.23, 1731.12, 859.48, 258.60
10132.81, 130.03, 185.06, 3658.72, 1012.99, 56.78, 15631.71, 226.81, 18378.27, 6070.08, 5834.78, 1508.19
4985.63, 113.09, 123.67, 2554.09, 369.77, 55.62, 5637.50, 167.09, 10144.94, 2856.72, 2264.76, 777.68
5655.06, 171.86, 180.12, 3907.95, 725.40, 8.40, 7378.97, 239.29, 7811.16, 2947.06, 2404.74, 340.67
6027.97, 280.79, 296.75, 6920.59, 1729.63, 1.57, 5934.54, 409.97, 11018.00, 2269.53, 3417.57, 343.90
4027.75, 209.78, 267.22, 7337.88, 1065.74, 1.43, 3699.23, 405.29, 7170.42, 1568.06, 2763.44, 129.19
1657.99, 48.13, 108.80, 4143.69, 432.29, 0.01, 1932.94, 129.85, 3868.02, 673.38, 1212.20, 31.46
930.59, 12.47, 62.91, 2615.78, 274.06, 0.00, 1316.62, 29.45, 2979.37, 221.05, 713.56, 8.97
520.25, 3.87, 42.57, 1848.14, 177.37, 0.00, 1059.64, 9.13, 2317.45, 52.89, 438.92, 1.36
1264.47, 26.81, 99.04, 2026.56, 137.27, 5.08, 1686.02, 80.98, 4613.21, 379.45, 1134.44, 312.48
4772.89, 52.51, 64.37, 1989.21, 138.59, 11.08, 5326.54, 72.71, 11782.72, 2326.16, 1492.25, 496.16
8917.27, 109.36, 153.31, 2292.81, 791.68, 43.69, 14017.75, 220.36, 23058.24, 7153.65, 5248.29, 1848.52
4708.76, 51.50, 89.34, 1511.30, 473.20, 20.58, 6176.66, 120.60, 14217.90, 5022.75, 2499.11, 1209.51
3835.01, 31.38, 67.33, 1376.95, 187.02, 14.53, 4701.46, 72.47, 10998.22, 3301.29, 2022.53, 528.19
5082.06, 79.99, 126.40, 2094.02, 501.76, 28.11, 6043.39, 148.13, 11365.40, 2987.96, 2512.01, 441.90
6502.32, 221.39, 228.11, 4440.28, 1296.17, 8.22, 7390.41, 266.79, 8850.74, 2729.82, 2578.96, 319.09
6138.67, 279.88, 310.84, 6188.72, 1660.55, 2.57, 4308.93, 415.46, 6941.63, 1605.27, 3545.90, 184.94
4010.51, 134.76, 222.05, 4628.00, 1366.25, 0.00, 2330.50, 279.82, 4386.21, 887.76, 2764.09, 78.08
1734.60, 25.97, 97.64, 2679.24, 570.19, 0.00, 1918.39, 66.25, 4122.46, 320.55, 1466.68, 41.06
784.92, 5.28, 56.75, 1791.73, 371.53, 0.00, 1150.14, 12.66, 2661.17, 59.83, 776.40, 2.81
759.88, 3.71, 42.06, 1267.88, 264.20, 0.00, 1008.32, 9.66, 2074.52, 26.62, 576.18, 3.62
1269.37, 24.24, 50.31, 1682.40, 208.26, 1.00, 1133.01, 31.58, 2406.67, 91.86, 482.17, 35.40
3851.26, 65.77, 92.59, 1941.57, 174.83, 14.66, 4618.15, 88.05, 6343.34, 952.29, 1667.18, 308.34
2323.86, 68.21, 47.42, 2039.32, 136.75, 7.47, 2886.57, 94.41, 4713.34, 1268.33, 1416.58, 226.26
1141.02, 21.54, 23.69, 1152.04, 100.05, 3.72, 700.19, 29.84, 2292.40, 629.67, 572.83, 65.63
3263.99, 64.53, 59.42, 1595.50, 156.60, 9.65, 5706.55, 85.83, 9516.04, 3220.75, 1877.85, 525.65
5158.57, 93.54, 125.26, 1735.82, 372.83, 20.63, 7896.20, 153.34, 13917.45, 4091.35, 3099.20, 1115.08
4814.23, 98.80, 128.78, 2483.39, 664.20, 4.65, 5184.15, 160.62, 7443.01, 2353.88, 2110.52, 386.69
3133.46, 164.34, 177.57, 4404.03, 583.77, 0.16, 2152.66, 316.82, 4927.92, 1309.74, 2218.56, 163.75
2473.73, 36.17, 76.21, 2557.11, 268.05, 0.04, 2710.73, 96.11, 9807.63, 2345.66, 1626.95, 421.07
856.77, 8.05, 41.36, 1576.58, 167.64, 0.00, 980.21, 19.62, 3435.30, 869.12, 660.12, 67.66
427.67, 1.01, 27.25, 1081.72, 97.15, 0.00, 764.68, 2.78, 2760.00, 373.34, 403.92, 46.19
227.36, 2.04, 18.48, 958.13, 55.63, 0.00, 596.21, 1.32, 2433.29, 113.58, 249.83, 9.01
2680.26, 26.85, 71.41, 1085.98, 51.82, 4.93, 3501.79, 54.11, 6911.37, 869.54, 1402.67, 382.83
1277.88, 9.33, 27.60, 650.00, 49.92, 1.76, 1598.27, 17.00, 3381.71, 558.20, 498.48, 83.29
541.81, 7.01, 16.26, 601.17, 35.51, 1.31, 823.17, 9.76, 2863.00, 539.05, 276.55, 107.97
2689.82, 13.98, 42.14, 406.98, 63.36, 3.23, 6275.81, 36.92, 14999.81, 4288.40, 2111.60, 852.55
1684.42, 15.94, 37.10, 591.49, 22.61, 9.84, 1982.75, 43.03, 5709.65, 1524.64, 883.05, 227.27
2976.92, 58.01, 54.58, 926.63, 96.52, 35.28, 4779.42, 103.20, 10833.40, 1582.04, 1196.58, 797.13
8165.09, 186.72, 166.84, 3217.33, 758.42, 50.16, 13071.39, 281.37, 20346.92, 3038.11, 3726.49, 1704.77
8435.03, 335.61, 276.15, 4186.16, 1044.78, 12.28, 11912.88, 437.19, 13607.78, 5440.93, 4158.87, 749.79
5454.77, 168.15, 190.85, 3721.73, 699.29, 0.67, 7616.59, 295.17, 13589.57, 4341.28, 4599.41, 368.77
2447.33, 32.61, 83.18, 2110.06, 316.59, 0.00, 3491.46, 78.23, 7419.99, 2111.86, 2300.31, 159.77
1405.45, 5.79, 53.26, 1415.88, 200.24, 0.00, 2449.78, 14.33, 5902.94, 1108.34, 1206.51, 105.12
816.28, 0.45, 37.73, 964.36, 122.52, 0.00, 1919.13, 2.45, 5123.80, 718.28, 770.92, 90.89
656.17, 5.28, 30.60, 854.48, 91.54, 0.01, 1538.72, 7.85, 3981.08, 561.22, 519.69, 94.20
2171.99, 3.06, 33.90, 571.86, 82.31, 0.16, 3338.84, 10.19, 4937.04, 666.14, 1063.82, 178.17
2134.32, 25.10, 43.41, 751.56, 61.78, 8.75, 2055.80, 30.30, 4813.58, 392.38, 894.28, 148.79
969.54, 18.42, 21.56, 476.94, 44.15, 8.08, 605.13, 16.09, 2567.28, 230.53, 377.82, 45.67
1480.74, 22.25, 26.62, 653.47, 28.55, 17.29, 1426.62, 46.18, 7814.05, 322.42, 706.25, 363.64
5450.94, 94.57, 73.63, 1360.71, 265.61, 48.11, 6256.64, 130.03, 18899.57, 3924.43, 2198.73, 2515.69
6535.43, 153.74, 175.74, 2842.98, 783.27, 1.52, 11493.38, 258.91, 10616.81, 7175.69, 2235.06, 474.44
5975.88, 225.49, 197.95, 3706.75, 609.71, 0.47, 4442.44, 319.25, 9935.33, 3322.43, 3296.87, 345.99
2933.73, 119.88, 86.87, 3917.98, 228.93, 0.00, 2094.23, 235.13, 6086.52, 2105.92, 2300.94, 153.78
1364.77, 18.99, 50.43, 2110.91, 133.84, 0.00, 1337.81, 47.51, 3682.09, 1004.10, 1047.96, 62.28
892.98, 3.73, 35.39, 1477.09, 75.24, 0.00, 1083.74, 9.56, 2860.59, 426.74, 720.02, 25.39
501.33, 0.52, 22.37, 1011.40, 40.81, 0.00, 843.97, 1.71, 2364.38, 160.77, 402.40, 10.93
495.45, 0.15, 17.99, 680.57, 33.53, 0.00, 670.49, 1.34, 2033.69, 142.82, 290.20, 13.05
1886.56, 25.34, 50.39, 1262.14, 25.80, 5.86, 2118.00, 45.25, 3705.47, 233.24, 685.03, 107.48
914.66, 12.78, 22.24, 646.90, 22.04, 3.06, 1230.29, 14.99, 2060.60, 163.12, 409.55, 79.65
5517.00, 43.09, 65.46, 900.52, 49.03, 34.56, 3737.21, 71.85, 6049.62, 79.18, 2068.62, 96.68
4979.24, 60.27, 55.05, 1283.32, 464.54, 34.18, 9529.32, 107.45, 11669.12, 162.21, 2873.84, 236.66
5468.97, 72.09, 82.46, 1467.30, 330.72, 24.67, 7137.12, 142.32, 12810.36, 1707.70, 2768.98, 872.08
7691.22, 205.96, 180.08, 3525.01, 829.93, 21.70, 12294.29, 250.73, 11309.29, 5724.59, 4044.71, 685.46
6950.78, 234.96, 232.92, 4042.49, 799.95, 2.84, 6926.60, 343.65, 7497.42, 3344.71, 4744.17, 200.54
5230.15, 166.20, 155.87, 4186.60, 890.68, 0.04, 3586.49, 370.06, 6265.53, 1757.67, 4202.05, 93.61
2139.73, 30.00, 69.32, 2369.04, 287.20, 0.00, 2279.21, 85.57, 3872.40, 754.59, 2494.16, 14.18
1093.47, 6.33, 44.85, 1508.90, 174.13, 0.00, 1693.29, 15.91, 3048.87, 273.38, 1142.08, 4.82
902.75, 2.46, 33.36, 1147.27, 112.09, 0.00, 1552.44, 4.96, 3299.18, 195.49, 759.24, 16.73
2393.62, 23.46, 75.59, 1206.76, 84.79, 7.53, 3983.57, 54.97, 11465.23, 3197.13, 1578.70, 615.85
13092.63, 269.62, 289.28, 4576.45, 1226.81, 43.07, 10956.19, 497.90, 13240.94, 3670.94, 6796.89, 700.42
14664.80, 402.45, 380.36, 5481.74, 2848.18, 70.43, 13553.88, 664.71, 16318.77, 4605.88, 9668.53, 1170.01
10429.60, 136.72, 175.72, 3131.37, 1290.01, 65.17, 10280.01, 221.51, 14297.08, 2986.71, 6558.99, 920.65
8389.29, 109.34, 151.29, 3051.34, 869.00, 24.47, 11993.40, 167.42, 17850.44, 2990.20, 5623.08, 1476.85
7876.11, 116.19, 167.09, 2701.44, 1160.03, 36.75, 8975.72, 176.88, 13459.55, 2713.42, 4045.60, 692.59
6244.09, 124.87, 143.88, 3132.81, 758.98, 3.95, 8371.92, 177.33, 11556.73, 5654.50, 4495.38, 350.14
7629.16, 186.42, 190.48, 4497.56, 708.48, 5.70, 7154.62, 315.97, 12057.62, 3540.95, 4972.50, 446.08
2941.72, 94.43, 98.09, 4065.28, 358.49, 0.00, 3277.39, 249.63, 5729.45, 1748.35, 2505.02, 125.29
1514.41, 18.46, 53.31, 2237.79, 173.03, 0.00, 2273.62, 57.90, 4227.28, 763.48, 1345.69, 44.27
738.27, 4.22, 36.09, 1511.30, 77.16, 0.00, 1865.64, 10.93, 3614.52, 245.14, 840.49, 24.31
382.59, 0.54, 22.55, 1020.50, 39.27, 0.00, 1212.33, 2.06, 2647.65, 63.27, 510.56, 8.83
2516.93, 14.70, 48.56, 952.40, 44.01, 3.44, 3278.12, 22.92, 4925.10, 337.44, 1249.52, 152.76
3108.63, 31.80, 52.67, 1035.17, 45.75, 9.68, 3683.86, 44.96, 7715.59, 1624.61, 1541.37, 538.26
5356.32, 59.87, 82.77, 1324.53, 274.70, 36.44, 10384.83, 130.98, 20347.05, 4893.43, 3656.95, 1867.99
8737.03, 161.00, 88.73, 1580.02, 1013.04, 93.88, 7531.79, 185.20, 12603.15, 1898.28, 4046.21, 901.51
8969.81, 97.82, 129.69, 1569.76, 1107.10, 45.92, 10768.11, 164.33, 17982.38, 2181.18, 5619.73, 1347.52
8102.17, 172.41, 141.39, 2495.40, 1160.59, 75.85, 8040.36, 234.17, 14893.83, 2562.70, 3864.90, 879.72
10497.25, 242.50, 263.39, 5708.84, 1552.63, 10.07, 23723.11, 407.57, 20713.86, 7057.11, 4916.17, 682.20
12274.43, 380.63, 458.66, 8476.11, 2240.08, 1.39, 21890.35, 603.17, 15429.39, 7018.07, 8102.63, 644.18
10664.22, 376.11, 374.05, 11772.03, 2114.65, 0.10, 9414.49, 663.89, 12039.66, 3578.20, 7880.06, 307.81
4430.90, 121.50, 177.46, 10515.77, 859.02, 0.02, 6057.68, 319.85, 8958.31, 2133.11, 6277.42, 114.74
2134.18, 30.33, 88.87, 5133.47, 505.93, 0.00, 4440.50, 63.55, 6687.10, 1087.88, 2306.49, 48.18
1484.92, 12.28, 63.23, 3144.49, 342.40, 0.01, 3183.47, 19.94, 5428.10, 577.64, 1370.35, 32.42
842.00, 2.16, 39.12, 2009.26, 231.51, 0.00, 2226.30, 3.25, 3544.49, 318.61, 797.70, 36.94
1985.92, 18.17, 45.62, 1649.62, 193.87, 4.43, 3014.62, 23.46, 4099.16, 443.74, 937.08, 149.86
3564.83, 44.85, 67.93, 1575.81, 167.83, 14.47, 5316.19, 55.90, 13336.90, 1386.04, 2256.76, 995.32
7571.33, 49.42, 86.89, 1619.88, 337.22, 19.91, 15510.41, 133.39, 31567.82, 7010.37, 5288.18, 1628.61
2306.40, 5.27, 28.47, 877.19, 151.60, 0.45, 4004.87, 35.58, 11180.22, 3265.33, 1711.59, 358.44
4180.19, 36.59, 71.72, 1122.13, 216.10, 13.59, 7058.78, 79.15, 16379.54, 3454.42, 2571.10, 710.48
5902.45, 95.64, 144.36, 1998.77, 623.18, 10.64, 9898.03, 131.00, 13006.84, 4662.82, 3773.95, 415.64
6623.66, 92.81, 142.25, 2524.46, 630.87, 3.02, 9466.31, 148.46, 14948.71, 4307.65, 3809.29, 357.80
7303.94, 185.21, 202.27, 4856.99, 817.23, 0.94, 5599.26, 323.68, 11474.28, 3848.97, 4197.97, 211.23
3574.58, 66.65, 99.98, 4670.21, 423.55, 0.00, 3069.45, 172.93, 6942.40, 1853.07, 4182.35, 58.43
1622.24, 12.87, 52.66, 2184.85, 251.21, 0.00, 2294.27, 32.14, 5738.51, 985.48, 1539.24, 80.49
1077.84, 2.39, 33.03, 1486.57, 162.32, 0.00, 1710.49, 6.03, 4210.78, 438.50, 920.05, 11.43
1370.00, 7.43, 38.51, 1210.81, 122.70, 1.97, 2118.02, 14.10, 4100.00, 442.08, 879.69, 67.23
2535.56, 24.97, 47.82, 1277.74, 98.56, 4.18, 3728.89, 32.38, 8992.94, 1780.34, 1398.88, 413.79
1573.79, 12.10, 33.22, 834.33, 78.76, 4.44, 1379.60, 21.51, 5353.76, 1518.58, 728.81, 179.84
3043.82, 36.14, 48.43, 1014.98, 58.54, 10.68, 6073.27, 67.26, 19966.62, 3780.87, 2066.08, 948.02
4791.52, 61.46, 77.17, 1558.10, 249.57, 9.87, 12463.78, 140.64, 21816.44, 6190.97, 3092.46, 1471.91
6054.39, 135.70, 133.46, 2273.82, 495.44, 28.85, 9804.03, 183.06, 17542.70, 4900.65, 3724.92, 932.58
7560.79, 244.65, 207.55, 4437.26, 843.02, 9.53, 15192.16, 298.89, 18272.30, 6700.89, 5299.07, 855.63
4896.86, 266.42, 164.83, 6382.56, 378.19, 1.14, 5390.58, 456.13, 8833.35, 2991.92, 3569.84, 232.91
2924.31, 70.22, 82.59, 4487.34, 224.90, 1.00, 4365.83, 177.10, 8309.12, 2004.21, 2262.68, 207.31
1251.25, 13.42, 44.74, 2428.59, 122.88, 0.00, 2449.95, 34.26, 4776.06, 921.81, 1122.70, 67.71
702.72, 2.04, 28.97, 1617.13, 67.33, 0.00, 1822.75, 5.34, 5065.67, 557.24, 724.46, 245.10
390.19, 0.07, 18.60, 1100.52, 35.78, 0.00, 1418.43, 0.34, 3016.00, 300.12, 454.55, 46.45
293.60, 0.00, 12.77, 746.29, 23.83, 0.00, 1031.75, 0.00, 2532.55, 215.48, 313.11, 54.54
1977.91, 30.24, 47.33, 1494.91, 24.57, 3.68, 3335.03, 34.73, 7346.81, 1005.59, 1041.64, 357.71
3542.41, 43.11, 53.70, 1149.36, 26.89, 13.52, 3300.97, 56.69, 10312.65, 2558.54, 1843.18, 708.63
2604.36, 34.65, 38.04, 813.48, 20.77, 23.24, 2203.70, 58.48, 5779.18, 1338.46, 1185.28, 214.65
1904.14, 15.07, 25.75, 890.77, 55.78, 11.05, 1862.69, 47.98, 5388.67, 842.17, 839.84, 298.71
2483.30, 26.65, 36.22, 1034.37, 55.46, 5.29, 3108.85, 64.00, 6297.15, 1058.87, 1007.50, 205.45
3748.17, 64.62, 51.99, 1652.19, 10.62, 12.77, 5562.56, 75.37, 10946.60, 2164.39, 1688.32, 785.53
5294.54, 194.86, 150.28, 3754.53, 394.39, 3.44, 5837.91, 213.92, 6926.80, 2809.80, 2962.01, 308.94
4106.53, 177.80, 154.44, 5707.96, 788.86, 0.00, 2047.11, 323.89, 4470.23, 1065.51, 3135.53, 89.49
1482.47, 30.07, 52.93, 2888.38, 150.45, 0.00, 1283.89, 84.93, 3846.48, 417.99, 1344.25, 35.49
728.15, 5.66, 34.24, 1857.10, 76.17, 0.00, 861.89, 15.12, 2384.44, 58.19, 772.18, 5.40
569.09, 0.78, 24.23, 1294.39, 44.82, 0.00, 1112.93, 3.40, 2959.11, 67.85, 618.21, 16.10
434.97, 0.23, 16.17, 865.43, 32.68, 0.00, 1005.01, 0.95, 1954.42, 56.19, 448.48, 19.91
1840.92, 15.58, 40.64, 1005.33, 29.62, 4.33, 2365.32, 25.95, 5949.87, 401.44, 800.66, 288.96
17712.78, 334.40, 340.52, 5453.55, 2155.06, 94.73, 22306.49, 477.84, 29631.85, 6369.33, 12235.02, 1529.42
14296.40, 289.10, 202.45, 4061.68, 1257.67, 113.15, 17753.99, 379.73, 32736.60, 5987.58, 10619.28, 1924.70
6305.70, 117.73, 102.32, 2975.30, 366.47, 29.76, 15222.65, 170.93, 28152.42, 5269.22, 5411.75, 1164.45
5658.95, 75.49, 107.15, 2748.81, 525.14, 9.41, 10112.43, 124.93, 15702.35, 3345.20, 3223.52, 708.06
6318.09, 154.15, 186.81, 4200.84, 852.11, 9.48, 12993.56, 199.55, 13338.45, 4300.11, 3360.91, 552.30
11283.10, 341.22, 407.17, 7696.10, 1869.34, 14.02, 12733.94, 478.18, 14049.46, 5390.55, 6143.70, 383.16
7559.43, 369.44, 353.71, 10561.93, 1840.03, 0.04, 6499.93, 680.44, 9363.35, 2554.55, 4639.93, 170.17
3445.63, 96.64, 167.99, 8551.80, 787.92, 0.00, 4155.86, 359.04, 7792.40, 1286.24, 3147.81, 75.94
1599.38, 26.12, 80.62, 3554.84, 493.84, 0.00, 2822.98, 70.96, 5906.77, 631.84, 1288.29, 31.67
1159.54, 8.82, 60.08, 2448.73, 328.26, 0.09, 2683.64, 20.79, 4622.19, 322.97, 902.62, 19.79
2129.53, 13.81, 65.32, 2049.12, 256.79, 2.55, 2865.31, 28.06, 5869.20, 535.29, 1345.16, 143.63
1806.63, 8.46, 36.60, 1368.76, 203.33, 0.68, 2491.85, 13.89, 3692.73, 442.08, 429.64, 31.01
1399.79, 9.85, 39.13, 1032.80, 151.78, 3.73, 1270.90, 19.53, 3061.61, 333.20, 456.85, 18.58
1983.90, 29.60, 37.61, 1049.05, 112.80, 8.60, 2776.70, 37.79, 5097.71, 726.67, 886.50, 195.99
5232.37, 47.13, 96.92, 1389.29, 299.04, 14.36, 7473.39, 112.46, 17978.62, 5209.33, 3453.31, 845.72
7101.34, 76.93, 119.93, 1317.47, 454.58, 30.11, 7428.98, 153.30, 17079.99, 4435.57, 3033.06, 1139.47
4814.60, 75.91, 110.20, 1591.52, 402.98, 6.24, 6269.73, 125.77, 13747.08, 4214.62, 2698.58, 575.67
8713.00, 195.68, 221.57, 3642.72, 919.35, 15.19, 10340.34, 308.49, 15615.93, 4421.02, 6015.75, 689.13
4399.29, 164.30, 149.20, 5633.26, 478.64, 0.11, 3479.85, 337.99, 7348.27, 2296.43, 3083.04, 181.03
1924.68, 20.05, 63.56, 2576.00, 254.16, 0.00, 2338.91, 64.90, 5213.35, 1155.79, 1461.39, 73.54
1044.52, 3.13, 40.73, 1685.32, 148.61, 0.00, 1657.03, 10.97, 3818.33, 502.48, 887.78, 35.40
723.89, 3.08, 29.21, 1275.25, 92.20, 0.00, 1995.40, 2.51, 6469.02, 582.01, 780.66, 192.83
1742.40, 10.20, 40.49, 1259.29, 79.87, 2.09, 3702.60, 21.50, 8554.79, 2083.58, 998.88, 311.49
1827.21, 10.48, 35.15, 873.28, 65.77, 2.37, 2111.92, 20.73, 7576.63, 2387.25, 851.49, 307.83
3143.30, 54.59, 56.62, 1440.53, 52.22, 8.69, 5532.04, 65.58, 11833.09, 3430.11, 2123.82, 623.32
3780.17, 40.10, 59.67, 1107.90, 45.04, 20.80, 6900.43, 96.52, 16792.72, 4808.75, 2454.33, 950.42
9924.64, 125.17, 125.28, 2526.91, 865.05, 70.54, 22630.76, 189.92, 44802.49, 14062.81, 8267.54, 3642.69
9790.33, 209.49, 158.74, 3327.47, 842.69, 91.99, 14328.14, 257.69, 26431.21, 7932.75, 6210.83, 1877.87
13914.27, 343.04, 280.87, 5975.50, 2201.31, 109.16, 20722.85, 434.12, 26937.72, 7603.10, 7000.01, 2038.72
11642.26, 476.18, 473.41, 9240.87, 2391.89, 3.48, 14425.53, 585.27, 14936.67, 6051.19, 6820.63, 581.11
7392.58, 224.98, 281.45, 9625.36, 1343.31, 0.60, 8279.33, 427.33, 14928.02, 3560.40, 6583.70, 471.27
3281.69, 50.47, 124.63, 7242.37, 620.73, 0.00, 5259.10, 120.47, 10788.64, 1995.73, 2935.86, 252.33
1663.18, 13.41, 78.53, 3734.20, 365.47, 0.00, 3604.54, 24.74, 7140.69, 997.49, 1528.73, 127.66
1229.47, 11.67, 56.90, 2896.19, 243.76, 0.00, 2633.91, 19.18, 5605.59, 571.61, 1018.26, 94.99
758.19, 1.03, 34.27, 1635.36, 165.93, 0.00, 2054.70, 1.20, 4110.08, 319.45, 668.04, 68.01
1373.88, 5.77, 35.36, 1364.72, 136.01, 0.23, 2189.09, 12.47, 3767.65, 351.34, 712.81, 94.23
983.41, 6.03, 27.44, 874.99, 89.43, 1.15, 2044.92, 17.85, 3893.86, 329.80, 592.01, 110.86
3961.85, 52.50, 85.10, 1334.08, 89.00, 16.86, 6180.03, 81.02, 21461.76, 4976.95, 2244.99, 876.96
3369.81, 44.40, 51.41, 1431.05, 73.73, 29.65, 7581.72, 108.17, 18363.18, 3892.72, 2082.88, 1194.14
2483.07, 50.54, 62.25, 1597.37, 165.78, 4.02, 5559.98, 87.69, 11902.22, 3177.86, 1716.34, 580.73
3323.12, 120.50, 84.65, 2653.62, 159.46, 2.92, 4698.28, 133.00, 9244.49, 3658.28, 2034.41, 314.09
2698.77, 108.89, 96.54, 3053.60, 296.12, 0.28, 3126.97, 173.73, 7182.69, 1830.84, 1729.69, 132.61
1583.26, 41.38, 56.59, 2322.80, 107.56, 0.00, 1455.92, 100.86, 4396.44, 950.49, 1261.00, 62.58
701.34, 4.67, 29.84, 1367.28, 50.31, 0.00, 1018.92, 17.67, 3248.92, 272.76, 632.66, 17.44
361.54, 0.44, 21.84, 924.43, 19.80, 0.00, 882.51, 2.48, 2615.71, 54.29, 428.93, 8.38
1242.82, 52.65, 64.97, 1967.66, 15.36, 7.26, 2315.23, 72.76, 4207.46, 164.18, 790.15, 100.97
154.84, 0.24, 8.36, 430.17, 9.89, 0.00, 384.65, 0.85, 1647.97, 27.36, 151.97, 4.85
104.72, 0.00, 5.33, 292.23, 5.77, 0.00, 251.97, 0.04, 966.33, 8.83, 87.99, 4.66
869.63, 8.23, 17.48, 355.52, 4.13, 1.47, 1425.22, 12.32, 1967.71, 112.74, 403.04, 76.56
2944.05, 30.76, 41.45, 660.45, 4.07, 8.69, 3941.80, 44.58, 6733.16, 407.94, 1420.33, 274.59
5571.55, 51.53, 66.76, 949.39, 22.28, 30.72, 12574.88, 123.32, 16475.73, 4846.46, 4310.72, 903.60
5886.33, 87.69, 98.95, 1843.08, 238.39, 11.51, 12094.83, 157.97, 16286.61, 3845.85, 3993.06, 754.42
4333.57, 148.06, 124.32, 2712.68, 333.30, 7.60, 7078.66, 197.84, 9739.12, 2938.28, 2863.46, 343.02
3677.62, 146.31, 125.21, 2606.28, 234.59, 0.89, 5108.33, 236.81, 10577.99, 2576.30, 3015.97, 368.19
2215.92, 42.88, 66.31, 1551.83, 90.55, 0.00, 2561.51, 121.32, 5227.20, 1504.21, 3183.96, 120.00
905.13, 7.85, 38.64, 1073.15, 42.11, 0.00, 1784.42, 25.13, 3845.82, 571.60, 1205.13, 32.82
394.11, 0.57, 23.53, 693.24, 14.39, 0.00, 1313.24, 2.82, 3220.87, 162.10, 732.94, 10.82
223.78, 0.67, 18.62, 506.18, 5.43, 0.00, 1077.57, 3.27, 2415.20, 37.28, 454.49, 3.79
417.88, 5.30, 18.89, 473.77, 6.62, 0.00, 1125.60, 5.90, 2516.76, 107.42, 375.37, 36.47
2808.83, 36.03, 56.04, 1193.27, 9.36, 6.59, 4629.38, 45.13, 7547.87, 581.30, 1373.16, 291.25
1437.32, 23.51, 31.03, 659.56, 10.44, 2.86, 2831.39, 27.56, 11286.00, 3549.81, 866.64, 622.78
498.11, 12.34, 22.78, 479.65, 7.28, 2.03, 1273.30, 23.23, 5880.72, 1620.41, 680.69, 266.53
2488.66, 18.16, 28.82, 554.25, 8.59, 2.70, 7718.44, 31.12, 17206.65, 4465.12, 1605.99, 958.72
2654.09, 32.03, 52.14, 858.97, 8.44, 9.33, 6427.74, 73.77, 14288.11, 3580.65, 1690.08, 870.91
2637.61, 54.71, 61.84, 1394.29, 205.31, 4.40, 5470.84, 85.51, 9496.62, 3146.74, 1535.61, 317.00
3294.33, 74.24, 75.17, 1815.26, 119.97, 1.28, 4903.55, 135.21, 9011.88, 2398.73, 1816.02, 234.68
2066.39, 53.93, 47.23, 1287.40, 44.50, 0.01, 3242.83, 127.20, 6744.65, 1593.12, 1597.89, 102.86
847.93, 8.17, 27.26, 788.94, 18.99, 0.00, 1540.13, 29.12, 3958.94, 641.70, 686.63, 30.83
457.94, 3.59, 23.36, 623.81, 7.41, 0.00, 1307.19, 18.37, 3716.29, 225.80, 486.28, 12.96
528.31, 3.75, 26.56, 531.64, 6.11, 0.26, 1051.08, 9.66, 2704.65, 157.21, 300.63, 22.93
739.10, 3.64, 13.63, 379.33, 4.45, 0.19, 1031.85, 5.66, 2916.27, 171.14, 420.28, 33.75
842.95, 17.04, 27.68, 596.27, 4.37, 2.30, 1684.58, 24.45, 6748.76, 715.97, 615.46, 322.72
2139.10, 23.09, 30.22, 574.38, 3.64, 5.47, 3858.27, 26.12, 10795.75, 2638.98, 947.32, 466.56
1236.81, 7.55, 34.63, 542.16, 5.15, 5.15, 1939.33, 25.46, 5537.73, 1437.12, 712.63, 105.67
8092.79, 151.51, 101.29, 3104.95, 306.92, 71.65, 18199.19, 224.90, 25994.45, 7073.41, 4661.08, 1947.73
4444.17, 89.58, 55.39, 1995.61, 414.49, 49.48, 6972.98, 147.68, 14367.93, 3637.31, 2361.96, 1253.38
6263.13, 205.30, 234.18, 5119.58, 1373.73, 3.36, 12649.68, 257.83, 10179.27, 3835.25, 2739.07, 322.73
4683.42, 164.78, 168.89, 4936.14, 617.90, 0.20, 6096.66, 253.11, 8956.40, 2280.55, 2575.38, 226.67
4228.21, 225.64, 178.15, 5113.66, 524.96, 0.00, 3592.17, 362.09, 4942.78, 1279.96, 4031.37, 114.42
1804.41, 40.86, 74.01, 2835.30, 254.85, 0.00, 2237.51, 100.44, 3785.70, 509.23, 1876.71, 40.32
928.60, 10.55, 45.78, 1850.71, 159.22, 0.00, 1755.90, 21.74, 3439.51, 279.44, 1041.41, 117.45
513.91, 4.37, 31.19, 1354.03, 98.50, 0.00, 1185.24, 10.92, 2615.40, 106.68, 644.37, 43.21
6621.09, 22.38, 74.16, 1247.81, 93.57, 9.29, 12868.30, 30.46, 16730.93, 2909.26, 5750.27, 424.64
1596.88, 2.37, 23.28, 628.44, 70.46, 1.84, 2707.76, 8.84, 6951.85, 2122.22, 1507.92, 193.41
3853.28, 21.75, 43.89, 595.10, 64.21, 6.57, 7353.35, 30.80, 12430.69, 3330.02, 2780.53, 448.78
1472.17, 27.50, 90.67, 487.56, 40.67, 11.37, 2758.14, 121.30, 5801.25, 1695.09, 2753.46, 134.83
14076.67, 271.29, 259.16, 4100.30, 1641.83, 41.23, 17549.22, 399.21, 20613.80, 5108.27, 8125.52, 1080.11
5760.84, 83.39, 106.31, 1830.00, 456.86, 27.95, 8388.44, 135.72, 14537.84, 3494.41, 3317.72, 620.56
10594.44, 175.99, 207.68, 2947.90, 1218.68, 66.21, 18732.53, 233.39, 26657.18, 6381.14, 7247.56, 1824.74
10084.18, 324.56, 329.73, 5635.57, 1889.65, 9.17, 11352.54, 457.53, 15289.73, 4444.15, 6037.41, 454.60
5151.14, 170.74, 179.70, 5326.99, 766.49, 0.90, 6125.04, 339.66, 10005.16, 2475.17, 3461.18, 219.45
2578.79, 43.14, 84.10, 3519.41, 450.62, 0.00, 3750.11, 91.08, 6380.48, 1333.93, 1751.21, 111.19
1458.40, 10.01, 55.58, 2125.51, 278.30, 0.00, 2673.40, 18.71, 4717.91, 561.47, 1070.46, 47.71
1206.09, 7.01, 45.90, 1669.82, 185.69, 0.00, 2623.07, 11.74, 4105.92, 216.50, 786.80, 23.19
1825.27, 14.71, 54.80, 1354.34, 139.95, 3.09, 2779.86, 25.47, 4579.17, 643.74, 850.56, 167.17
5140.55, 63.41, 89.49, 2119.09, 139.15, 10.65, 6260.96, 83.10, 11000.61, 2749.41, 2553.53, 600.78
1535.42, 5.25, 32.45, 713.83, 140.07, 0.91, 1439.46, 26.00, 3995.84, 1554.13, 860.49, 160.35
2809.65, 18.46, 47.41, 661.11, 136.89, 16.26, 5511.33, 51.54, 10900.01, 2982.23, 1642.98, 564.56
1739.43, 7.45, 28.55, 538.40, 105.96, 0.92, 2169.56, 32.15, 5035.77, 1620.74, 803.21, 223.71
2391.53, 28.89, 62.23, 872.35, 123.29, 11.06, 2774.26, 68.99, 6299.24, 1353.39, 875.08, 170.94
3451.25, 70.28, 93.52, 1719.21, 352.04, 4.58, 4717.25, 106.41, 5946.61, 1600.55, 1157.10, 68.01
6051.52, 133.54, 145.64, 2434.20, 553.30, 3.41, 4363.16, 207.10, 5722.63, 1237.65, 1884.77, 88.73
4051.09, 96.40, 88.08, 1745.47, 253.96, 0.76, 2565.33, 182.12, 6726.44, 858.60, 2482.58, 52.48
1607.33, 15.62, 42.28, 1037.33, 155.40, 0.00, 1009.76, 38.46, 2797.76, 324.90, 1211.02, 2.80
866.00, 3.53, 27.69, 718.76, 83.71, 0.00, 705.77, 7.88, 1982.73, 87.33, 666.11, 1.83
648.04, 3.39, 21.15, 566.37, 53.08, 0.04, 742.04, 5.31, 1844.98, 50.99, 422.88, 9.81
601.43, 11.53, 34.06, 567.82, 26.65, 3.00, 634.11, 25.76, 1735.86, 96.92, 420.00, 104.00
3511.01, 52.06, 61.58, 1130.86, 42.94, 9.83, 3957.99, 53.77, 6000.80, 787.94, 1450.07, 435.13
18280.90, 164.00, 330.89, 2281.32, 2472.31, 82.56, 21574.98, 388.48, 27571.84, 7339.76, 12914.72, 1674.54
12355.48, 166.38, 207.90, 2251.78, 1294.23, 79.79, 17249.18, 302.31, 21409.19, 4082.02, 8393.81, 1295.07
5664.76, 78.00, 138.26, 1985.71, 654.81, 10.02, 7660.37, 155.44, 11617.15, 3158.84, 3763.25, 395.02
5637.17, 68.98, 117.36, 2068.70, 468.56, 12.71, 7988.17, 110.83, 7976.58, 2380.61, 2824.43, 246.76
8927.12, 205.95, 242.55, 3746.22, 1294.42, 39.02, 14295.50, 265.23, 18413.37, 5516.14, 4965.28, 1412.12
6187.36, 273.29, 241.02, 5184.69, 1260.29, 0.94, 8147.96, 322.07, 8493.66, 3211.85, 4073.17, 347.58
5289.53, 302.97, 235.92, 5427.99, 1305.42, 0.21, 5121.42, 401.04, 7741.02, 1789.53, 4262.64, 162.70
2688.61, 105.00, 105.51, 3024.77, 567.54, 0.00, 3235.55, 159.78, 5155.57, 814.10, 2022.15, 67.15
1995.29, 32.12, 91.57, 2111.01, 370.19, 0.93, 3604.60, 68.28, 6028.22, 399.47, 1495.36, 171.48
1005.28, 7.87, 44.84, 1338.17, 266.87, 0.02, 1786.43, 14.27, 2735.60, 158.35, 732.09, 25.05
779.45, 5.22, 33.56, 990.66, 177.86, 0.19, 1216.23, 8.11, 2083.76, 66.95, 499.38, 14.28
4009.56, 106.34, 103.50, 2156.51, 158.71, 14.96, 5884.87, 134.35, 11970.89, 2302.63, 1897.56, 1148.95
1869.24, 33.14, 53.07, 895.48, 157.30, 15.30, 2015.54, 82.06, 5176.41, 1187.93, 1029.02, 415.74
2175.22, 31.57, 32.93, 710.38, 118.67, 13.16, 5041.93, 62.04, 13540.42, 1849.92, 1397.79, 896.07
2299.06, 32.20, 32.40, 955.34, 184.75, 11.68, 3788.13, 47.66, 11584.80, 2272.30, 1041.78, 1266.15
3175.87, 48.35, 93.74, 1174.18, 302.48, 2.49, 5350.64, 82.66, 13473.56, 3264.96, 1341.61, 752.55
6094.96, 145.30, 185.68, 2617.51, 1001.30, 2.20, 7844.70, 210.41, 9890.61, 5315.78, 3053.18, 270.59
3524.82, 187.64, 147.91, 3177.71, 480.27, 0.10, 2761.20, 309.00, 5410.52, 2233.30, 2953.68, 140.67
1556.59, 33.90, 58.68, 1708.50, 247.58, 0.00, 1726.57, 80.94, 4535.81, 1204.86, 1290.40, 72.98
847.93, 7.71, 39.69, 1117.52, 142.31, 0.00, 1196.68, 16.37, 3043.24, 500.10, 782.02, 22.80
405.12, 1.42, 26.48, 824.12, 64.92, 0.00, 880.97, 2.31, 2331.58, 119.33, 480.35, 6.93
267.37, 1.75, 18.91, 576.19, 41.30, 0.00, 674.30, 3.89, 2165.61, 99.78, 297.22, 11.69
149.61, 0.02, 11.19, 352.11, 26.72, 0.00, 429.15, 0.14, 1320.62, 34.75, 178.85, 1.21
3372.39, 44.96, 83.94, 1114.48, 30.23, 8.92, 5891.74, 79.71, 10824.99, 1394.29, 2439.47, 596.82
4814.80, 92.66, 81.44, 2235.95, 84.32, 22.07, 8489.12, 154.93, 14228.78, 3829.22, 3308.98, 803.76
5249.80, 61.75, 71.01, 1044.96, 289.96, 44.44, 12682.09, 122.22, 14606.95, 2943.89, 5585.78, 495.14
5786.01, 78.42, 66.95, 1648.42, 613.85, 18.57, 11530.81, 91.58, 11288.95, 2702.61, 2886.87, 812.98
7015.20, 165.70, 171.10, 2875.41, 1014.38, 50.32, 10119.41, 190.81, 17323.83, 3423.07, 4486.33, 1123.29
6622.05, 179.70, 152.26, 3467.53, 858.13, 98.27, 7729.50, 238.58, 17486.30, 3199.08, 3588.66, 1692.72
13166.71, 422.75, 413.21, 8400.99, 2392.90, 12.71, 18842.07, 544.47, 13966.28, 5984.79, 6260.80, 467.56
8191.83, 418.60, 403.82, 8415.47, 1861.80, 2.58, 8872.08, 647.72, 9972.43, 2512.71, 6519.31, 301.23
3566.53, 232.52, 202.34, 6748.05, 947.35, 0.00, 4448.59, 341.20, 7566.02, 1174.47, 3373.43, 115.77
1772.95, 45.02, 98.25, 3530.14, 467.86, 0.00, 3179.34, 67.70, 6186.00, 383.79, 1596.31, 42.85
1290.05, 19.66, 72.41, 2637.77, 325.35, 0.03, 2429.92, 25.00, 4069.85, 147.68, 1030.41, 22.28
1599.88, 4.75, 53.35, 1629.83, 250.04, 2.11, 2605.36, 7.18, 4015.44, 296.61, 931.09, 78.40
1599.08, 15.04, 50.01, 1441.05, 181.92, 2.50, 2419.48, 26.80, 4032.25, 239.94, 849.23, 138.36
2763.43, 18.44, 53.94, 1231.15, 163.34, 8.84, 3111.90, 33.42, 4924.21, 522.04, 996.97, 132.70
2391.55, 18.70, 52.35, 1041.02, 143.73, 11.13, 4585.05, 47.78, 10463.77, 812.97, 1705.37, 184.48
5677.55, 38.49, 95.27, 1199.68, 512.80, 20.23, 10819.26, 123.49, 17771.46, 3935.55, 3714.84, 1156.91
4249.77, 41.60, 92.97, 1068.58, 280.17, 15.09, 8519.42, 118.90, 11803.87, 3033.66, 2775.24, 757.66
2987.79, 63.68, 85.36, 1238.22, 323.15, 2.34, 6086.71, 109.61, 6806.75, 2729.56, 2137.40, 189.95
3280.56, 111.13, 101.80, 1668.32, 237.79, 1.15, 5238.36, 184.98, 7568.22, 2165.25, 2247.43, 165.49
2115.85, 45.68, 56.44, 958.36, 131.98, 0.00, 2713.02, 91.52, 4780.42, 1139.47, 1641.79, 68.67
773.19, 7.10, 31.92, 573.42, 67.34, 0.00, 1708.49, 20.26, 2984.20, 421.47, 801.10, 11.77
987.27, 2.97, 33.40, 419.29, 38.91, 0.32, 2106.26, 10.33, 4954.40, 259.32, 767.10, 130.31
278.09, 0.05, 13.49, 239.68, 16.11, 0.00, 899.43, 0.31, 1815.94, 86.05, 303.19, 6.54
979.42, 14.55, 33.65, 561.46, 13.98, 0.89, 2052.74, 29.59, 3345.36, 207.53, 781.78, 91.35
3248.15, 40.56, 77.50, 968.71, 29.33, 10.17, 3537.68, 76.99, 5376.86, 309.55, 1391.47, 183.19
2843.53, 41.03, 44.79, 837.23, 23.46, 15.92, 5195.96, 73.67, 11499.71, 1992.58, 1657.58, 431.61
16118.27, 325.20, 310.88, 4264.88, 2701.83, 141.41, 23985.90, 463.20, 24994.80, 1975.08, 11845.82, 1084.24
8672.57, 242.76, 134.51, 3553.00, 604.64, 104.50, 10888.94, 263.61, 22274.58, 2404.89, 6298.37, 2061.05
7452.88, 188.33, 158.64, 3558.96, 1013.47, 52.22, 8752.49, 247.85, 16652.69, 2374.07, 3731.94, 1090.11
10207.10, 298.49, 265.25, 6862.27, 1597.59, 24.65, 18132.83, 361.67, 19310.24, 4837.49, 4883.11, 993.64
11860.61, 496.32, 519.59, 10512.97, 2653.42, 1.19, 16557.61, 686.68, 12391.03, 8914.66, 7354.57, 487.96
6264.19, 526.65, 399.01, 12565.08, 2144.88, 0.13, 8130.98, 747.53, 10283.46, 3375.46, 5789.67, 378.84
2869.98, 177.51, 164.09, 8157.94, 797.61, 0.00, 4474.37, 270.82, 6799.52, 1767.65, 2571.70, 151.71
1344.69, 39.43, 88.75, 4479.74, 489.51, 0.00, 3151.62, 52.36, 5422.11, 810.67, 1337.37, 63.81
894.35, 10.51, 62.50, 2729.24, 335.46, 0.01, 2263.74, 10.28, 3845.03, 406.02, 822.28, 29.84
2156.36, 39.02, 83.91, 2381.38, 276.36, 6.03, 3063.96, 53.77, 4888.10, 456.52, 1090.67, 90.48
1866.17, 21.63, 57.09, 1634.06, 218.59, 6.24, 2453.04, 32.46, 3958.15, 397.42, 722.41, 124.47
5657.57, 35.28, 104.86, 1529.82, 198.09, 17.04, 10889.05, 82.73, 18782.29, 4461.85, 4030.30, 1014.67
16024.55, 159.06, 250.67, 2402.00, 2055.78, 88.95, 33326.48, 338.36, 45318.30, 9293.74, 15269.24, 2358.83
6678.80, 87.50, 124.81, 1648.36, 570.93, 23.66, 12705.17, 159.74, 17378.25, 5222.12, 5533.78, 1065.28
6554.10, 129.00, 147.82, 2156.31, 724.72, 34.95, 12629.26, 178.21, 17730.29, 4470.70, 4686.91, 822.84
4184.43, 72.07, 109.25, 1671.21, 514.74, 7.43, 6956.23, 90.81, 9858.99, 2842.20, 2665.32, 308.92
4120.89, 226.92, 247.66, 3327.92, 1234.91, 0.34, 6692.46, 374.34, 8658.38, 2161.24, 2674.19, 205.59
3266.97, 181.85, 190.05, 2544.84, 755.02, 1.51, 4186.55, 329.20, 7425.52, 1134.97, 2406.24, 166.36
1275.41, 29.80, 70.23, 1433.68, 362.88, 0.00, 2782.26, 61.96, 4815.16, 378.65, 991.22, 35.56
524.20, 5.29, 45.42, 943.55, 218.84, 0.00, 1777.11, 10.47, 3245.66, 76.76, 604.32, 8.48
341.93, 0.39, 29.42, 637.09, 148.62, 0.00, 1352.28, 0.87, 2461.06, 27.81, 391.23, 4.96
1023.60, 2.42, 31.23, 511.60, 107.36, 0.12, 2241.31, 6.98, 3788.91, 156.23, 647.22, 111.34
4240.65, 47.68, 100.60, 1205.67, 102.44, 14.68, 5946.01, 95.11, 14439.60, 2285.26, 2755.39, 850.01
5283.29, 55.15, 55.15, 1074.10, 129.19, 41.62, 9893.69, 104.38, 15694.79, 2370.98, 3214.60, 1480.92
3916.73, 19.97, 60.30, 745.00, 405.24, 26.72, 6856.90, 92.24, 18691.13, 2881.60, 2223.02, 1125.98
3493.51, 16.36, 62.06, 916.41, 672.75, 2.79, 3953.41, 63.74, 9589.92, 2055.95, 1512.98, 365.66
6608.67, 58.27, 113.05, 1169.17, 437.60, 16.19, 11974.60, 128.29, 18717.85, 3774.74, 4279.73, 893.45
5012.49, 77.01, 137.21, 1531.85, 462.76, 2.60, 10377.57, 128.44, 11272.85, 3221.81, 3081.84, 423.12
5890.24, 131.60, 186.96, 2419.15, 979.84, 1.76, 10134.84, 219.03, 12032.64, 5906.14, 4050.60, 251.42
5796.18, 201.78, 199.25, 2693.23, 800.39, 0.24, 7049.29, 357.86, 11241.16, 3863.10, 6011.52, 128.47
2469.61, 42.34, 82.20, 1568.72, 403.68, 0.00, 3607.49, 126.89, 6605.22, 1735.58, 2472.67, 42.10
1152.61, 15.31, 50.20, 1100.07, 251.05, 0.00, 2324.61, 28.75, 4773.03, 831.22, 1324.78, 18.08
791.88, 5.11, 37.08, 737.45, 172.48, 0.22, 1855.44, 11.69, 3957.21, 524.05, 912.09, 22.82
1219.78, 4.59, 31.41, 600.15, 133.65, 0.31, 1950.50, 7.86, 4253.66, 436.44, 635.78, 36.16
2185.10, 31.99, 56.70, 898.58, 108.83, 5.82, 2371.79, 52.57, 4772.46, 835.13, 995.60, 224.55
3443.84, 33.87, 46.21, 930.13, 86.95, 20.87, 2798.51, 52.70, 4958.26, 608.80, 1056.15, 187.00
1610.42, 10.09, 27.56, 361.23, 58.92, 8.81, 3088.44, 39.33, 8315.75, 2430.46, 950.31, 346.08
3626.60, 19.37, 43.43, 504.65, 137.48, 11.07, 5197.68, 79.74, 10504.18, 2406.70, 1896.36, 357.92
5767.81, 61.59, 132.40, 1264.73, 893.83, 1.04, 6878.49, 128.77, 14298.87, 4985.02, 2386.09, 558.76
5035.24, 76.34, 110.37, 970.98, 371.30, 4.80, 6206.85, 119.37, 11890.92, 3575.16, 3112.96, 547.66
3523.00, 163.67, 134.74, 1540.43, 394.27, 0.02, 3992.93, 239.02, 7281.99, 2376.95, 3066.38, 170.58
2588.65, 106.20, 71.25, 1522.73, 217.28, 0.00, 2096.75, 160.90, 4982.39, 1465.66, 2257.32, 92.90
984.96, 15.29, 38.27, 695.99, 117.66, 0.00, 1282.65, 30.44, 3222.34, 591.00, 1020.22, 13.06
492.31, 4.03, 27.09, 493.25, 57.65, 0.00, 938.80, 5.68, 2667.00, 203.48, 631.75, 6.91
1006.74, 12.54, 26.09, 715.90, 40.86, 0.18, 1440.43, 11.15, 3482.83, 183.79, 734.19, 35.55
1376.91, 6.22, 25.98, 504.20, 39.75, 0.02, 2564.34, 10.85, 4183.79, 358.27, 857.88, 196.49
3178.56, 36.54, 55.36, 838.77, 39.25, 8.17, 3891.11, 47.98, 8289.56, 1670.69, 1952.29, 751.14
3247.07, 22.53, 51.75, 577.13, 80.54, 8.31, 4059.38, 54.18, 8318.16, 2121.18, 1885.09, 547.19
8450.22, 58.45, 91.07, 857.22, 485.22, 59.96, 14072.28, 126.78, 18042.59, 4280.45, 5383.46, 1409.59
7522.12, 112.18, 64.54, 1524.61, 489.14, 69.92, 12601.76, 161.01, 20454.26, 5926.99, 5383.66, 1838.35
6386.48, 123.96, 68.50, 1774.42, 153.09, 50.57, 9932.78, 145.89, 13616.90, 4102.46, 3741.84, 1419.44
5297.37, 102.21, 151.65, 2315.70, 763.13, 8.32, 10172.67, 162.97, 9810.16, 3620.01, 2825.64, 429.56
6260.77, 332.18, 331.70, 6054.31, 1500.76, 0.34, 8328.03, 474.39, 7835.69, 2181.56, 5023.20, 266.10
2835.95, 163.41, 149.53, 5220.22, 490.10, 0.00, 3973.60, 310.44, 4901.05, 1099.50, 3580.18, 150.95
1292.73, 29.77, 74.38, 2851.30, 285.48, 0.00, 2770.40, 63.43, 3939.61, 338.40, 1518.94, 54.91
745.34, 8.70, 50.36, 1947.39, 167.46, 0.00, 2063.77, 14.82, 2823.68, 70.60, 1010.21, 18.50
785.30, 0.44, 31.46, 1282.88, 108.04, 0.00, 2081.15, 1.20, 3742.63, 157.72, 805.23, 58.87
1664.14, 26.14, 61.79, 1372.60, 87.64, 5.92, 2905.09, 35.05, 4821.96, 805.72, 994.90, 307.19
6598.12, 53.79, 101.42, 1689.94, 103.28, 11.47, 14046.85, 102.58, 24278.27, 5781.34, 6073.40, 1802.45
6859.48, 47.26, 106.69, 1361.69, 600.98, 27.32, 11876.00, 152.04, 21627.78, 6183.80, 4931.41, 1463.45
10439.78, 63.15, 115.60, 1715.03, 903.20, 41.85, 18392.40, 133.07, 33727.93, 8893.30, 7955.58, 1734.62
5342.44, 23.12, 57.14, 1175.91, 254.69, 7.79, 8986.19, 52.41, 14935.37, 4772.65, 4006.06, 818.68
10673.00, 147.48, 218.46, 2819.35, 1187.23, 58.11, 22799.00, 228.77, 33631.58, 7681.24, 10635.50, 1730.95
9852.45, 176.07, 208.63, 3250.73, 1200.61, 31.95, 18230.20, 247.16, 19796.63, 6217.07, 5999.44, 1549.94
7093.22, 294.50, 316.19, 4521.29, 1683.40, 0.71, 10329.26, 439.93, 11285.42, 5221.93, 5666.57, 447.81
4221.05, 217.53, 180.88, 4065.40, 791.85, 0.01, 6514.57, 351.14, 8132.42, 2676.99, 4211.93, 282.25
4455.59, 46.06, 131.58, 2283.21, 449.04, 14.59, 5558.18, 99.98, 8232.30, 1476.16, 2814.40, 247.88
1314.47, 10.81, 56.14, 1598.34, 263.93, 0.00, 3051.86, 15.89, 6048.14, 623.45, 1144.68, 92.07
643.28, 0.90, 34.63, 1002.04, 159.08, 0.00, 2019.86, 1.75, 4034.10, 216.43, 690.03, 37.14
1131.05, 10.03, 52.05, 1038.45, 120.56, 3.77, 1912.05, 27.81, 3505.33, 235.46, 726.30, 105.70
1966.15, 15.56, 42.49, 1021.15, 109.16, 2.87, 2851.23, 22.29, 4108.70, 371.68, 734.61, 158.39
1573.12, 30.74, 34.55, 891.07, 88.88, 5.88, 2427.18, 32.74, 5266.54, 595.90, 735.69, 327.44
2051.68, 24.86, 52.09, 941.81, 81.78, 7.41, 2352.38, 46.56, 3964.12, 1220.93, 890.24, 206.22
5279.03, 60.85, 78.94, 1348.91, 220.36, 37.67, 10328.54, 149.86, 15629.03, 3165.12, 3242.97, 1350.84
7136.51, 139.24, 144.26, 2752.13, 838.55, 69.59, 11522.04, 203.91, 22135.18, 5370.65, 4340.70, 2227.23
4881.01, 104.80, 120.57, 2565.58, 423.94, 31.79, 6579.17, 179.46, 12066.34, 2788.70, 2870.82, 936.33
8214.93, 268.57, 336.23, 5059.03, 1552.29, 2.36, 14008.63, 411.93, 9133.41, 6556.71, 4667.06, 397.12
6121.76, 303.44, 299.69, 5908.97, 1230.08, 0.03, 6200.35, 514.81, 7253.53, 2725.84, 6306.59, 208.90
2131.24, 44.89, 104.74, 2918.41, 422.28, 0.00, 3331.99, 112.04, 6704.39, 1333.07, 2307.72, 119.98
1765.81, 14.58, 86.13, 2139.70, 266.68, 0.64, 3139.66, 38.70, 6192.55, 632.35, 1508.35, 72.44
849.60, 5.74, 45.49, 1573.83, 169.51, 0.00, 1929.80, 9.07, 3437.85, 251.08, 852.93, 17.54
3202.70, 29.59, 93.64, 1893.24, 154.37, 5.55, 3522.22, 64.12, 5436.43, 613.46, 1615.06, 239.52
2086.68, 16.38, 44.56, 1044.12, 137.08, 2.22, 2575.07, 36.20, 4164.98, 727.78, 928.31, 114.23
1301.09, 3.59, 30.44, 760.55, 98.03, 0.55, 1512.99, 17.51, 3445.52, 997.55, 734.90, 116.48
753.66, 2.07, 18.67, 408.93, 67.92, 0.31, 881.52, 7.80, 1974.87, 649.35, 421.91, 36.81
1474.36, 19.88, 31.17, 1098.02, 47.36, 3.13, 1872.02, 32.95, 5992.42, 1395.59, 931.79, 265.07
1804.01, 24.81, 43.23, 1042.80, 44.91, 4.78, 3404.30, 58.91, 6655.67, 1318.32, 937.29, 217.99
1430.45, 18.88, 48.18, 1003.05, 54.07, 1.40, 2050.09, 58.27, 6480.55, 2006.85, 766.82, 536.70
1323.56, 78.47, 76.09, 1772.42, 118.83, 0.14, 1104.04, 170.24, 3542.56, 1296.46, 756.54, 63.87
602.88, 9.35, 27.31, 1032.88, 29.32, 0.00, 742.63, 38.92, 2907.70, 587.83, 436.65, 21.61
351.74, 3.49, 22.89, 784.50, 11.09, 0.00, 515.73, 14.77, 2229.24, 171.71, 219.15, 3.41
997.59, 6.89, 46.20, 643.20, 9.44, 1.90, 1493.49, 23.75, 4645.45, 189.66, 570.77, 214.38
607.88, 13.73, 21.37, 976.25, 3.48, 0.27, 1064.02, 16.81, 2259.32, 64.01, 259.62, 35.16
358.36, 5.24, 14.59, 505.37, 3.14, 0.06, 297.34, 9.98, 1187.01, 34.39, 110.07, 0.92
727.02, 7.38, 20.26, 298.21, 2.41, 2.29, 735.36, 14.99, 1387.86, 47.70, 290.70, 44.82
56.74, 0.45, 4.00, 124.37, 1.06, 0.00, 142.11, 1.90, 604.01, 17.91, 59.46, 14.82
937.94, 9.87, 25.28, 539.20, 1.23, 4.38, 1082.73, 20.55, 1455.08, 92.00, 327.51, 75.49
1196.83, 11.54, 27.73, 484.15, 0.91, 2.01, 2059.13, 23.64, 2506.97, 124.68, 732.79, 80.14
851.89, 8.18, 20.81, 452.76, 0.15, 1.19, 1189.44, 15.29, 2010.55, 119.75, 410.97, 86.35
498.04, 16.52, 23.74, 529.53, 1.78, 0.13, 694.76, 40.03, 1294.94, 280.66, 433.83, 32.95
1413.47, 19.30, 49.49, 974.95, 1.85, 1.37, 1854.80, 72.14, 3836.87, 344.50, 919.50, 135.67
499.61, 27.42, 27.79, 1471.14, 6.51, 0.00, 544.19, 74.77, 1667.42, 198.00, 258.45, 4.33
169.56, 1.10, 11.83, 578.73, 0.00, 0.00, 139.87, 10.13, 779.54, 52.56, 143.43, 0.54
75.92, 0.01, 6.37, 436.86, 0.00, 0.00, 148.43, 1.03, 978.15, 2.37, 125.97, 17.73
116.54, 0.86, 10.69, 281.03, 0.00, 0.02, 937.05, 3.43, 3727.61, 108.58, 285.47, 112.72
84.23, 1.08, 5.13, 273.69, 0.00, 0.00, 423.54, 3.76, 1706.75, 44.92, 104.47, 38.30
1714.56, 22.80, 44.77, 702.11, 1.00, 6.13, 1936.15, 42.42, 3496.98, 275.89, 619.10, 109.60
3793.18, 60.66, 77.29, 1720.49, 4.91, 17.22, 5034.46, 110.54, 12035.92, 2348.99, 2429.11, 517.90
7884.40, 99.96, 85.28, 2420.11, 641.58, 73.13, 22377.60, 170.57, 31384.82, 6645.21, 5019.84, 2412.03
5333.14, 121.09, 74.09, 3578.62, 699.39, 52.05, 14417.26, 167.86, 21243.30, 5140.24, 3711.50, 1412.46
8375.97, 203.72, 242.20, 5692.80, 1105.40, 69.23, 19201.68, 301.45, 24428.43, 5243.16, 5455.96, 1573.08
8795.84, 239.63, 258.37, 5976.68, 1158.44, 63.43, 15821.88, 336.13, 22568.28, 4087.19, 5186.41, 1174.07
6478.18, 312.94, 321.11, 7270.29, 1309.13, 5.24, 9656.43, 396.49, 11335.43, 3030.93, 4817.81, 443.97
5876.05, 424.62, 328.31, 12601.33, 1385.12, 0.01, 5964.54, 651.23, 7727.72, 1711.65, 5589.55, 240.39
2251.05, 113.22, 125.54, 6767.84, 495.84, 0.00, 4083.78, 281.09, 6420.39, 814.70, 2633.45, 133.72
1176.62, 27.78, 73.67, 3811.77, 296.13, 0.00, 2664.78, 57.20, 4925.61, 295.19, 1313.93, 55.97
2083.48, 45.21, 94.50, 3525.45, 235.74, 2.21, 3178.66, 68.09, 5824.80, 500.53, 1300.79, 156.01
491.80, 2.74, 32.03, 1764.47, 148.66, 0.00, 1323.82, 3.70, 2761.67, 143.86, 483.65, 24.96
1721.71, 20.31, 41.48, 1588.26, 128.39, 4.06, 2357.19, 25.27, 3266.12, 230.29, 761.91, 109.26
1277.06, 14.25, 34.77, 1248.67, 97.00, 6.10, 1562.22, 21.85, 2505.17, 158.79, 382.71, 42.72
3568.21, 62.66, 76.61, 1810.73, 84.37, 26.77, 4650.66, 129.33, 5786.44, 961.51, 1617.05, 290.31
3512.12, 97.58, 59.49, 1868.94, 216.05, 53.56, 9322.97, 130.63, 12873.20, 1308.03, 2139.33, 628.07
5979.95, 155.60, 136.09, 3521.91, 833.03, 59.83, 9775.79, 232.00, 12592.97, 2067.40, 2654.91, 729.58
4747.98, 132.64, 155.94, 3740.56, 395.27, 10.10, 6878.50, 203.11, 9762.59, 1962.47, 2604.92, 465.81
7230.89, 377.58, 323.92, 7243.05, 1145.87, 3.63, 8370.11, 518.17, 9489.77, 2158.78, 5276.96, 219.25
3125.04, 204.89, 143.25, 6428.24, 390.69, 0.00, 3365.86, 386.05, 4930.87, 1018.98, 3329.03, 61.65
1976.70, 39.22, 78.68, 3462.56, 237.82, 0.01, 2457.50, 78.21, 4069.25, 413.36, 1597.21, 17.07
883.79, 8.74, 49.07, 2302.03, 142.85, 0.00, 1800.61, 15.13, 3911.25, 139.46, 1009.19, 30.33
510.93, 0.65, 30.98, 1565.41, 81.62, 0.00, 1514.88, 1.51, 3096.32, 88.62, 585.04, 24.41
2090.52, 19.48, 60.28, 1599.57, 64.58, 3.08, 3749.87, 34.11, 6619.25, 413.32, 1286.76, 202.20
2153.15, 23.40, 55.18, 1380.78, 67.63, 7.68, 2539.66, 40.40, 6893.40, 1110.67, 1053.11, 267.43
1760.63, 20.33, 43.91, 759.60, 49.48, 8.75, 3727.09, 42.86, 7655.30, 1433.62, 1213.58, 291.47
13701.74, 287.83, 268.84, 4222.30, 1520.09, 97.28, 18088.15, 453.60, 22072.56, 3443.00, 9278.90, 581.84
12793.41, 284.55, 249.19, 4192.64, 1704.00, 92.21, 21030.29, 384.82, 26463.30, 5379.98, 11026.10, 1578.51
7579.54, 177.35, 154.90, 3977.47, 804.12, 37.19, 9931.59, 269.99, 15253.30, 3276.39, 4954.05, 859.99
6745.15, 196.89, 218.09, 4602.16, 1026.61, 10.28, 9628.75, 238.26, 13442.79, 2865.38, 4146.55, 559.79
6726.66, 248.56, 284.11, 6407.43, 1483.99, 3.45, 6858.67, 345.45, 9777.58, 1771.56, 3843.84, 223.25
4262.02, 281.15, 253.93, 7969.43, 1119.33, 0.13, 4362.42, 434.45, 7525.62, 1147.11, 3189.43, 168.00
4166.79, 198.75, 154.74, 7808.93, 557.36, 5.22, 3073.36, 432.09, 4765.44, 443.73, 2303.12, 48.86
1281.34, 37.18, 71.18, 3551.44, 337.50, 0.00, 1860.55, 83.55, 3586.23, 101.32, 1009.98, 10.62
818.51, 12.09, 47.24, 2451.11, 233.85, 0.00, 1582.49, 19.35, 3337.64, 37.23, 619.89, 16.51
953.54, 6.18, 37.57, 1747.56, 161.50, 0.00, 1593.88, 10.29, 3325.59, 74.69, 577.00, 44.02
816.95, 5.97, 26.30, 1300.91, 123.27, 0.00, 1031.07, 8.26, 2184.36, 75.94, 529.68, 43.88
1941.48, 26.65, 48.83, 1288.52, 98.19, 4.80, 4609.46, 40.53, 6961.73, 593.29, 905.52, 282.12
2805.03, 33.66, 71.42, 1120.51, 72.89, 22.79, 6106.29, 71.75, 10128.73, 1656.68, 1321.60, 568.47
2856.68, 31.55, 47.58, 1256.93, 69.64, 5.70, 6099.59, 66.08, 12075.80, 2233.93, 1750.66, 767.37
4201.07, 55.10, 71.01, 1572.73, 162.62, 26.46, 7304.47, 129.17, 14040.10, 2202.07, 2130.11, 905.82
3110.50, 109.91, 127.57, 2363.37, 283.34, 5.80, 5238.55, 185.45, 9348.16, 1964.89, 1951.28, 339.04
3354.31, 157.81, 124.34, 3311.58, 316.12, 0.75, 3940.62, 269.90, 8891.60, 1307.35, 2034.69, 214.90
1394.25, 46.84, 50.18, 2922.46, 95.55, 0.00, 1862.37, 116.26, 4855.32, 656.91, 913.81, 70.86
649.12, 7.26, 32.49, 1603.01, 42.70, 0.00, 1272.68, 22.59, 3353.79, 184.81, 554.94, 22.93
263.80, 0.46, 21.19, 1076.26, 11.57, 0.00, 906.53, 2.48, 2479.71, 13.68, 337.77, 1.99
395.85, 0.84, 18.83, 799.93, 3.67, 0.00, 1325.74, 2.02, 2977.89, 53.73, 398.28, 30.14
1810.13, 21.08, 55.71, 1063.47, 9.00, 3.09, 3537.66, 48.79, 5583.16, 214.36, 1131.71, 174.21
8093.85, 76.07, 143.64, 1957.78, 82.98, 19.53, 18353.84, 146.31, 23369.93, 2905.76, 6389.26, 1092.10
10738.33, 45.50, 166.15, 1144.62, 974.14, 33.18, 16161.56, 182.73, 22599.71, 4544.45, 10278.38, 1585.66
8647.38, 113.41, 137.77, 1906.37, 961.18, 110.54, 8980.53, 197.30, 13144.74, 2464.43, 4366.13, 896.32
16046.52, 176.12, 290.21, 3659.07, 2333.52, 79.85, 22361.02, 349.06, 22505.13, 5139.55, 10479.73, 1461.43
13397.41, 213.30, 345.69, 4954.37, 1653.60, 105.05, 15413.13, 459.73, 20803.99, 3986.56, 8147.68, 1174.37
18656.55, 378.80, 460.18, 8122.09, 3531.91, 116.17, 27864.16, 579.32, 25688.63, 4089.09, 13368.22, 1724.06
12747.86, 405.78, 422.20, 9109.41, 2486.97, 3.00, 14556.98, 577.20, 12684.09, 3585.53, 8794.44, 419.72
6715.81, 311.35, 322.65, 8748.95, 1445.59, 0.17, 7856.05, 580.94, 10220.50, 1908.34, 5909.78, 322.72
3589.00, 126.99, 181.00, 6362.03, 785.77, 0.03, 5808.13, 347.22, 8199.27, 1031.94, 3027.19, 170.02
1779.94, 29.78, 91.49, 3594.13, 440.82, 0.00, 3831.30, 75.24, 5185.20, 397.77, 1641.00, 82.02
2838.58, 29.80, 106.25, 3286.66, 319.63, 1.38, 4043.97, 73.27, 4875.79, 242.63, 1521.65, 88.24
3773.65, 56.43, 139.43, 2787.24, 314.25, 9.94, 5231.84, 123.36, 6262.92, 519.94, 2050.95, 175.39
4575.98, 72.98, 121.07, 3149.20, 357.77, 27.17, 6208.77, 211.39, 8617.20, 1283.03, 2877.43, 354.51
10301.70, 128.47, 133.91, 3509.69, 1110.65, 68.60, 13259.43, 228.93, 16950.05, 3702.38, 4171.97, 1152.11
8464.60, 167.87, 191.35, 3834.86, 1438.29, 87.79, 13203.58, 303.90, 22727.79, 4891.05, 4287.25, 1232.68
12246.63, 220.63, 232.69, 5363.60, 1685.86, 102.17, 23407.34, 395.23, 29960.54, 5973.98, 9256.32, 2444.45
17770.19, 367.22, 379.75, 7223.98, 2991.07, 172.42, 35158.36, 654.27, 46786.58, 8771.94, 13259.61, 4120.00
10547.42, 162.86, 259.47, 5109.49, 1928.84, 46.81, 16876.89, 365.31, 22570.59, 5466.94, 6892.02, 1621.78
13191.78, 429.74, 521.97, 8889.32, 2972.14, 24.85, 21648.79, 700.60, 16331.39, 6322.14, 7071.28, 1021.24
11306.88, 623.35, 639.43, 17783.84, 3688.84, 0.28, 13615.07, 1053.52, 11945.78, 3222.95, 8809.11, 462.87
4815.08, 216.41, 365.30, 10477.16, 1894.39, 0.00, 7094.93, 623.25, 9031.76, 1833.94, 6237.24, 312.68
2328.48, 54.26, 148.55, 5225.55, 884.57, 0.01, 5139.83, 142.39, 9945.11, 901.40, 3012.98, 246.95
1747.30, 20.99, 113.03, 3537.83, 616.71, 0.64, 3859.85, 55.04, 6753.41, 584.52, 1657.64, 191.29
1721.43, 20.41, 76.92, 2732.86, 466.92, 0.73, 3478.13, 30.16, 5283.89, 395.67, 1436.83, 169.80
10501.93, 91.18, 230.45, 3269.60, 932.54, 48.13, 14658.62, 214.61, 16809.06, 2412.54, 7341.24, 893.97
11144.22, 133.73, 228.93, 3139.27, 1838.25, 99.55, 18535.07, 313.52, 24069.80, 3530.41, 8894.63, 2014.80
5557.40, 70.10, 138.37, 2469.29, 906.00, 16.25, 7708.62, 161.69, 11121.12, 2226.00, 3646.44, 686.86
6472.79, 76.53, 131.87, 2635.51, 838.81, 24.04, 10236.04, 151.36, 12589.08, 2337.60, 4825.56, 601.06
5977.45, 95.93, 180.48, 2925.11, 1018.34, 21.07, 11581.42, 171.67, 15286.03, 2580.57, 4125.37, 691.96
5480.74, 78.20, 152.77, 2839.62, 893.83, 5.97, 8595.27, 137.36, 12080.92, 2734.88, 3208.17, 373.60
6547.23, 299.41, 351.06, 5385.33, 1671.38, 1.28, 6385.78, 538.51, 9504.62, 2962.18, 4721.45, 189.97
4332.36, 136.61, 182.62, 3800.65, 1301.53, 0.44, 4387.25, 342.02, 7893.67, 1389.91, 4061.97, 120.98
1587.04, 31.65, 82.76, 2462.50, 522.14, 0.00, 2638.25, 83.60, 5309.25, 594.29, 1621.08, 18.44
812.43, 8.56, 52.50, 1661.41, 334.63, 0.00, 1855.13, 17.94, 4070.33, 254.65, 1003.67, 22.32
563.58, 1.55, 36.23, 1062.84, 218.04, 0.00, 1852.93, 4.03, 4248.48, 144.44, 658.83, 8.54
1825.88, 19.09, 60.31, 1144.12, 186.97, 2.90, 2559.91, 34.86, 4532.71, 239.16, 957.73, 93.89
4526.26, 43.40, 85.63, 1492.28, 166.23, 13.18, 6591.87, 83.58, 15938.39, 2618.01, 2403.31, 1048.39
1677.49, 8.70, 23.96, 675.56, 126.75, 4.63, 2514.58, 33.31, 6812.73, 1420.68, 1080.90, 539.80
1205.60, 6.03, 23.65, 639.86, 113.36, 3.60, 1719.58, 25.03, 4443.53, 975.31, 773.93, 162.42
2694.20, 20.99, 45.40, 825.92, 184.27, 13.02, 5047.00, 75.60, 6135.64, 1107.64, 1305.85, 365.62
2915.42, 40.35, 60.96, 1249.46, 111.02, 21.80, 3717.23, 107.05, 6007.06, 756.10, 1117.58, 191.18
5286.42, 129.87, 193.22, 3305.11, 910.21, 3.56, 7943.74, 269.34, 8011.04, 2677.81, 2151.74, 174.88
2762.60, 123.92, 140.90, 3305.74, 404.65, 0.00, 2413.36, 282.57, 3947.59, 875.73, 2059.01, 55.50
1432.49, 27.18, 63.21, 2942.99, 158.06, 0.10, 1527.37, 88.99, 3273.03, 450.12, 1715.90, 45.41
619.66, 9.69, 43.00, 1797.98, 73.74, 0.00, 1129.01, 20.99, 2124.58, 105.01, 846.94, 16.67
320.59, 0.56, 27.11, 1119.91, 35.83, 0.00, 764.47, 2.27, 1827.34, 34.97, 525.36, 20.88
950.61, 5.84, 45.84, 1119.35, 33.53, 0.53, 2062.49, 19.20, 4585.35, 82.41, 660.62, 93.26
829.30, 17.72, 34.99, 1049.46, 26.68, 1.39, 1140.01, 31.38, 2298.98, 163.20, 428.61, 104.30
2356.86, 25.13, 46.24, 1156.07, 24.51, 11.39, 2174.75, 39.42, 2183.68, 92.06, 1018.39, 136.15
2624.57, 32.66, 56.93, 1181.72, 36.79, 8.99, 3198.43, 65.95, 5404.39, 665.13, 1270.70, 212.33
4741.12, 49.67, 107.06, 1761.67, 410.72, 18.10, 7902.70, 127.73, 15348.90, 2139.35, 2331.78, 682.08
25812.42, 381.94, 457.44, 6192.22, 4227.73, 179.66, 41580.97, 464.49, 42476.20, 8939.24, 17049.27, 2883.57
14578.20, 368.33, 423.18, 6954.28, 2758.89, 95.41, 20791.09, 541.51, 28612.85, 5554.30, 10403.58, 1836.36
6446.26, 190.78, 236.81, 5731.25, 1476.29, 10.55, 10304.82, 252.91, 14314.59, 3225.40, 4334.84, 505.96
5165.04, 283.11, 305.83, 6491.57, 1300.61, 3.00, 7984.04, 426.44, 13505.44, 2192.46, 4220.49, 387.08
3392.50, 276.67, 207.08, 8730.33, 788.88, 0.00, 4716.98, 476.11, 7815.85, 1160.94, 4372.42, 189.83
1640.46, 50.69, 96.16, 3882.00, 413.91, 0.01, 3357.51, 99.82, 5680.96, 449.18, 1953.31, 96.86
634.29, 13.22, 56.23, 2573.64, 238.03, 0.00, 2325.42, 18.53, 4318.91, 62.72, 1019.49, 27.07
1826.54, 12.91, 64.57, 2000.91, 179.80, 2.35, 4700.39, 25.17, 6683.85, 296.24, 1567.83, 138.26
595.89, 7.33, 27.78, 1398.08, 133.08, 0.00, 1762.10, 8.34, 3303.08, 155.53, 609.16, 70.13
499.76, 0.14, 19.86, 805.07, 91.93, 0.07, 1391.84, 1.41, 2623.68, 163.34, 384.21, 43.70
800.98, 4.51, 20.86, 711.29, 69.16, 0.57, 1493.75, 8.13, 2853.47, 317.39, 391.51, 113.95
1723.77, 14.25, 35.99, 886.86, 51.37, 5.74, 2848.20, 29.55, 6791.35, 1332.38, 786.78, 245.40
2883.94, 35.26, 53.76, 1114.33, 42.39, 9.16, 6344.86, 54.53, 10277.83, 2087.46, 1882.66, 491.78
3390.62, 38.33, 69.71, 1273.58, 47.22, 19.84, 8215.40, 104.31, 15705.08, 3324.52, 1802.92, 1192.79
1810.53, 76.37, 86.11, 1893.39, 160.68, 0.43, 4556.75, 167.04, 7233.00, 2233.59, 1670.78, 222.95
1568.92, 57.58, 53.66, 2037.81, 17.39, 0.37, 3026.19, 99.34, 6505.59, 1292.82, 1678.51, 153.03
639.22, 8.51, 21.98, 1244.11, 5.96, 0.00, 1594.26, 23.02, 4011.96, 631.97, 743.75, 43.45
270.03, 0.94, 13.74, 724.24, 0.84, 0.00, 1331.58, 3.93, 4356.38, 243.17, 495.51, 14.05
61.67, 0.00, 9.15, 509.98, 0.01, 0.00, 750.24, 0.03, 1952.82, 32.36, 265.24, 0.31
23.26, 0.46, 6.19, 388.04, 0.00, 0.00, 558.60, 0.04, 1569.91, 2.29, 163.09, 0.00
446.41, 15.14, 25.97, 687.52, 0.00, 0.24, 697.79, 28.49, 1384.30, 4.27, 272.68, 15.57
1142.60, 19.51, 25.83, 952.03, 0.05, 0.96, 1557.73, 24.24, 2773.43, 87.34, 528.50, 131.69
2614.15, 11.97, 25.55, 588.54, 0.07, 4.31, 4616.94, 22.24, 9812.00, 1265.45, 1876.98, 645.86
2848.63, 36.88, 46.78, 1249.04, 0.99, 7.83, 4920.71, 78.03, 8790.24, 1575.31, 1665.98, 930.18
899.53, 11.40, 27.56, 792.30, 2.17, 0.46, 3064.78, 43.52, 6524.53, 1288.66, 938.72, 177.98
1582.14, 25.29, 30.64, 1471.33, 42.99, 3.00, 3025.38, 48.60, 4994.91, 1131.97, 940.54, 101.17
2414.66, 74.39, 82.98, 2316.20, 45.31, 5.86, 3876.64, 131.75, 8766.50, 1360.07, 1474.16, 197.77
1292.17, 112.86, 61.28, 2500.64, 17.62, 0.52, 2452.52, 188.14, 7074.01, 1192.63, 1373.66, 246.50
982.60, 28.26, 27.20, 1981.05, 2.12, 0.01, 1951.98, 70.77, 4871.43, 1173.61, 1142.68, 111.06
262.31, 8.43, 14.56, 1220.66, 0.23, 0.00, 926.74, 15.09, 2614.10, 404.53, 561.16, 13.47
81.51, 1.09, 9.67, 805.85, 0.00, 0.00, 547.10, 2.32, 2111.51, 99.33, 285.39, 0.28
63.03, 0.91, 7.31, 645.23, 0.00, 0.00, 411.65, 1.20, 1811.80, 20.24, 188.79, 0.00
20.75, 0.04, 4.22, 341.26, 0.00, 0.00, 304.54, 0.07, 1345.92, 7.53, 112.64, 13.38
3495.51, 30.13, 46.28, 781.45, 0.45, 6.44, 5754.68, 45.56, 8325.42, 746.50, 2565.13, 560.90
927.60, 11.57, 27.77, 662.42, 0.02, 7.44, 1073.45, 16.78, 3187.12, 467.17, 933.04, 261.20
1447.22, 4.17, 28.87, 481.91, 0.03, 5.12, 2027.46, 26.27, 4296.65, 448.68, 990.11, 305.50
2180.65, 20.88, 33.83, 764.76, 6.94, 5.99, 3407.40, 51.59, 4203.88, 486.95, 1160.81, 153.98
11003.37, 88.26, 149.61, 2198.71, 533.81, 36.43, 20532.48, 217.71, 24488.11, 4007.72, 7409.95, 1652.81
6717.06, 158.83, 177.23, 3215.70, 694.28, 4.39, 10095.21, 237.42, 12564.05, 3768.64, 5408.40, 450.94
3680.57, 120.72, 117.83, 2940.75, 241.77, 0.21, 5007.88, 241.24, 8295.07, 2099.41, 4022.86, 200.74
2503.64, 38.97, 54.81, 1645.84, 128.92, 0.00, 3799.82, 106.61, 5596.10, 1197.25, 2561.21, 99.34
1128.06, 5.38, 32.17, 1090.21, 71.67, 0.00, 2067.36, 19.60, 3620.53, 540.61, 1240.64, 26.81
793.47, 2.20, 24.93, 841.70, 37.49, 0.00, 1888.17, 7.33, 3434.91, 189.54, 911.11, 10.68
1454.85, 19.56, 55.20, 1137.15, 23.01, 3.37, 2664.13, 40.36, 4485.21, 265.24, 929.32, 137.95
2386.58, 38.77, 71.11, 927.54, 26.15, 8.66, 4102.65, 51.93, 6429.58, 602.32, 1560.66, 176.59
1916.26, 19.54, 35.45, 548.72, 25.27, 6.05, 2227.83, 34.10, 2682.07, 407.28, 1067.41, 53.46
562.74, 4.54, 23.67, 264.03, 33.06, 0.08, 1087.21, 13.11, 1801.65, 276.33, 457.83, 6.81
2576.97, 32.82, 50.91, 950.21, 24.51, 10.72, 5527.41, 57.73, 9279.57, 2147.01, 1809.98, 302.77
2324.57, 24.11, 43.59, 828.49, 71.26, 13.97, 3341.04, 56.22, 5994.76, 909.76, 1036.10, 112.07
3406.77, 67.91, 101.27, 1633.18, 318.28, 13.94, 6020.92, 109.70, 9266.79, 1406.15, 1574.28, 280.31
3169.48, 132.07, 114.56, 2055.53, 168.65, 3.86, 4638.12, 186.57, 5838.31, 1289.79, 2628.69, 71.75
2843.03, 97.80, 93.26, 2258.32, 120.19, 5.17, 4755.48, 151.77, 10271.95, 1729.81, 3580.23, 512.82
2497.38, 41.12, 57.49, 1909.08, 97.70, 0.53, 4236.17, 76.66, 7186.56, 1428.21, 2432.23, 251.11
1007.79, 11.01, 33.25, 1203.42, 46.36, 0.00, 1758.73, 16.78, 3853.06, 637.55, 1212.82, 25.21
492.75, 1.01, 21.70, 787.31, 18.09, 0.00, 1557.65, 2.72, 3635.04, 240.70, 733.50, 52.62
359.50, 1.22, 17.83, 686.04, 8.05, 0.00, 1120.60, 5.21, 2295.92, 99.69, 558.42, 10.04
329.18, 0.50, 12.02, 392.67, 4.58, 0.00, 955.79, 1.02, 1977.23, 71.94, 362.35, 38.92
761.63, 7.21, 19.42, 418.92, 5.35, 0.98, 1399.15, 14.82, 2402.48, 140.03, 439.86, 26.55
575.00, 3.31, 11.95, 422.41, 5.46, 0.46, 1027.11, 4.47, 1653.57, 97.06, 406.15, 31.89
416.85, 4.94, 12.58, 423.84, 2.15, 0.08, 732.74, 8.75, 1791.57, 91.86, 251.22, 37.25
1178.22, 13.86, 23.18, 357.47, 0.94, 1.86, 1912.96, 21.28, 2796.02, 648.72, 724.17, 139.74
5824.95, 114.27, 90.02, 2863.82, 8.26, 51.19, 7997.09, 174.09, 12936.24, 2126.01, 3629.84, 1133.45
2966.26, 80.80, 58.83, 2779.69, 69.01, 7.04, 6894.45, 116.79, 7576.23, 1254.49, 1875.10, 403.91
3433.25, 164.08, 96.99, 3753.80, 266.04, 2.45, 6265.13, 181.13, 7755.11, 1546.92, 2635.31, 151.93
2639.11, 214.34, 108.15, 5087.89, 96.44, 0.75, 2598.84, 316.14, 4177.98, 836.32, 3109.44, 70.74
1417.07, 31.95, 38.76, 2769.22, 17.50, 0.21, 2275.36, 69.02, 3844.22, 348.81, 1329.61, 14.63
685.44, 5.79, 27.53, 1814.30, 5.33, 0.00, 1364.85, 12.72, 2273.20, 91.35, 867.94, 6.18
306.31, 1.33, 17.90, 1309.06, 1.30, 0.00, 883.93, 2.94, 1645.04, 8.47, 481.29, 0.00
1605.68, 21.09, 51.78, 1321.09, 4.71, 9.91, 1654.24, 41.30, 2343.31, 67.73, 837.82, 54.75
1229.34, 20.46, 37.71, 1121.01, 4.29, 1.39, 1673.67, 32.49, 3008.84, 154.99, 633.92, 68.80
1216.23, 14.11, 26.15, 778.64, 3.84, 3.01, 1802.09, 26.02, 2611.86, 251.14, 659.37, 163.46
1132.69, 18.73, 21.99, 757.11, 2.27, 3.08, 1744.60, 23.77, 2056.14, 516.24, 658.99, 129.13
4277.74, 58.84, 69.21, 1615.70, 61.48, 23.45, 8709.31, 113.76, 13490.47, 3084.32, 2717.27, 1446.77
2840.89, 67.34, 83.33, 1860.89, 102.53, 17.53, 5419.63, 112.48, 10720.31, 2930.60, 1903.42, 1083.26
2162.62, 119.53, 91.41, 2509.15, 88.92, 1.62, 4773.44, 168.58, 8572.59, 2467.88, 1977.30, 619.17
1053.31, 95.78, 52.55, 2429.60, 19.92, 0.00, 2358.85, 126.30, 4522.36, 1476.62, 1051.17, 210.83
781.01, 15.83, 38.64, 1479.00, 6.83, 0.07, 2011.57, 36.06, 4611.75, 896.90, 894.31, 222.37
865.66, 30.32, 57.52, 1411.41, 2.51, 1.15, 1721.71, 65.01, 3322.25, 499.26, 446.78, 60.50
141.39, 1.07, 16.82, 696.72, 0.03, 0.00, 870.88, 7.52, 1942.54, 88.30, 231.11, 8.12
101.88, 0.48, 9.31, 479.26, 0.00, 0.00, 583.90, 1.51, 1514.56, 38.40, 143.72, 3.30
601.47, 10.01, 41.89, 641.49, 0.06, 2.23, 1388.54, 31.66, 3179.58, 165.46, 865.59, 173.18
1327.64, 13.92, 12.45, 785.92, 0.80, 0.32, 1788.13, 7.24, 3605.85, 178.74, 212.90, 92.12
4114.14, 46.49, 59.23, 1040.78, 6.82, 27.56, 4459.81, 67.64, 7637.10, 396.09, 1856.66, 429.49
7918.31, 167.64, 103.93, 2887.39, 997.66, 117.74, 9511.53, 198.15, 13588.07, 865.85, 4006.06, 1064.51
7466.66, 139.84, 88.66, 3119.49, 408.19, 66.56, 9682.28, 147.24, 13266.15, 1247.80, 3702.51, 1530.82
10604.87, 211.67, 266.24, 4957.43, 1422.37, 46.75, 18025.42, 295.44, 26458.42, 3785.24, 5406.43, 1540.99
7421.12, 202.11, 228.70, 4756.16, 888.64, 21.68, 13653.48, 276.02, 17658.02, 3795.51, 4864.61, 821.12
8595.14, 409.92, 367.85, 8861.59, 1686.58, 3.50, 15795.27, 536.41, 14206.97, 6205.88, 6698.54, 560.44
7333.74, 317.88, 244.40, 8430.32, 887.06, 2.93, 10264.47, 432.34, 15691.43, 4423.63, 7221.99, 638.36
2747.98, 76.32, 101.46, 4423.98, 462.90, 0.00, 4758.14, 117.09, 7844.29, 2098.97, 2776.23, 171.58
1545.33, 18.93, 64.76, 2833.97, 281.59, 0.00, 3591.50, 22.86, 7366.74, 1070.34, 1576.89, 88.82
876.63, 3.34, 41.49, 1923.13, 179.02, 0.00, 2387.53, 2.91, 5118.65, 523.54, 923.01, 42.14
1388.69, 9.67, 46.59, 1523.64, 134.08, 0.48, 3121.18, 17.64, 5625.46, 410.94, 888.84, 98.56
914.86, 7.46, 33.48, 1170.67, 105.20, 1.58, 1692.05, 13.19, 3156.13, 301.49, 768.91, 78.56
3036.38, 30.31, 33.50, 1378.73, 86.84, 5.15, 4352.24, 24.77, 7022.20, 564.05, 1241.26, 319.91
1479.18, 13.84, 34.59, 871.31, 60.70, 5.18, 2357.28, 18.94, 6811.63, 1065.03, 832.32, 297.96
2746.72, 46.74, 50.24, 1300.89, 49.08, 15.62, 4804.85, 63.87, 9105.98, 1429.01, 1338.60, 593.27
2401.80, 42.74, 49.41, 1540.88, 86.54, 1.49, 5473.48, 86.12, 7673.19, 1300.85, 1274.65, 207.86
2219.33, 78.02, 74.49, 1865.69, 70.10, 7.03, 3581.33, 118.61, 5975.99, 948.59, 1307.18, 214.17
2081.62, 102.84, 83.73, 2295.90, 47.78, 1.77, 3222.00, 180.61, 7655.57, 786.89, 1491.21, 116.26
772.77, 20.00, 28.48, 1820.70, 23.92, 0.00, 1266.97, 52.12, 3768.62, 385.06, 695.08, 43.74
278.84, 1.57, 18.49, 998.89, 4.30, 0.00, 846.84, 8.84, 2407.95, 61.01, 397.99, 1.20
77.27, 0.00, 11.92, 664.79, 0.06, 0.00, 594.93, 0.33, 1676.72, 1.36, 242.04, 0.00
125.50, 4.92, 16.26, 591.55, 0.04, 0.00, 539.11, 7.20, 1635.14, 7.66, 272.76, 0.31
626.67, 38.11, 26.68, 1333.06, 0.54, 3.08, 889.03, 33.06, 1269.09, 4.58, 200.02, 0.60
3467.64, 43.23, 55.66, 1025.43, 3.87, 12.20, 2948.37, 55.64, 3906.18, 134.32, 1120.24, 197.27
3710.62, 28.12, 44.20, 869.24, 3.24, 11.58, 3600.98, 62.51, 3643.84, 86.50, 2239.33, 175.52
13616.80, 271.85, 159.17, 4262.31, 1225.83, 133.80, 25956.65, 324.70, 35029.17, 4647.96, 9368.26, 2824.71
5698.56, 116.34, 109.42, 3281.63, 533.47, 16.79, 12306.50, 162.30, 19055.26, 4163.61, 3545.83, 1027.65
20630.81, 484.20, 366.27, 8233.43, 2488.62, 143.54, 35403.19, 495.29, 44576.81, 7964.71, 13303.98, 2915.28
12322.50, 247.80, 326.68, 6277.15, 1646.73, 36.92, 21493.28, 380.48, 27280.86, 5762.83, 8405.66, 1142.33
13968.51, 383.24, 444.01, 8677.37, 2731.04, 48.91, 24056.39, 556.82, 21485.24, 5160.21, 9400.21, 785.93
8767.47, 457.61, 386.30, 11164.16, 2070.32, 5.13, 13129.81, 680.72, 15217.61, 3354.04, 7481.77, 448.07
4488.21, 249.27, 260.53, 9415.83, 1048.84, 0.01, 7362.86, 521.48, 9810.06, 1907.45, 4427.74, 221.10
2067.54, 45.12, 101.74, 4128.06, 531.30, 0.00, 4859.32, 96.10, 7556.72, 940.33, 1864.45, 121.85
1183.68, 12.21, 64.61, 2797.65, 319.63, 0.00, 3472.91, 19.28, 5661.85, 438.75, 1141.21, 65.50
826.64, 2.60, 44.34, 1900.02, 230.91, 0.00, 2491.26, 3.21, 4097.90, 263.29, 699.88, 48.30
782.73, 0.36, 30.94, 1301.62, 159.54, 0.02, 2007.92, 1.11, 3346.66, 177.57, 549.81, 51.75
4510.15, 70.12, 93.79, 2217.64, 166.49, 13.93, 6534.44, 86.19, 13600.09, 1940.72, 2723.66, 678.54
5256.00, 65.71, 85.61, 1767.13, 193.76, 44.72, 7076.89, 119.70, 12220.85, 2246.58, 2908.74, 713.79
11127.66, 228.72, 236.07, 4021.85, 2030.88, 85.02, 19406.48, 313.53, 34453.20, 4276.11, 8220.11, 1833.19
9329.49, 242.60, 230.31, 4851.04, 1442.16, 45.07, 12722.48, 333.98, 19842.16, 3651.67, 5224.70, 1014.62
9288.05, 260.61, 226.60, 5203.92, 1127.34, 16.46, 13127.68, 299.01, 19161.06, 4027.91, 7274.97, 509.39
11250.60, 378.92, 299.34, 6931.20, 1220.30, 14.03, 13972.57, 489.56, 21616.54, 3561.76, 9556.82, 614.49
4704.78, 177.93, 167.47, 5760.60, 562.17, 0.52, 6047.00, 408.19, 10565.10, 2078.17, 3939.13, 211.75
2406.40, 33.01, 79.29, 3086.08, 324.14, 0.00, 4367.62, 75.14, 8315.33, 1026.73, 2048.42, 84.38
1256.95, 6.22, 51.57, 2075.79, 180.43, 0.00, 3002.37, 14.45, 5957.23, 411.21, 1233.17, 24.75
971.52, 0.91, 33.80, 1398.06, 119.66, 0.00, 2594.29, 2.19, 5011.06, 243.46, 909.42, 33.01
1036.17, 10.86, 38.51, 1244.16, 87.04, 0.67, 2252.52, 17.20, 4647.54, 241.01, 746.74, 104.43
4171.10, 91.63, 92.85, 2999.45, 95.43, 12.15, 3927.24, 115.41, 8326.68, 628.87, 1458.24, 388.70
12885.39, 210.80, 181.25, 3843.78, 837.44, 63.86, 14077.52, 304.19, 31137.18, 5537.10, 9411.73, 1623.00
30649.46, 553.22, 593.70, 9982.67, 5575.87, 178.28, 34504.50, 914.19, 47534.40, 6865.63, 18043.37, 1972.67
7433.75, 140.18, 147.03, 4853.11, 1055.62, 19.82, 8202.58, 239.86, 18048.28, 3264.49, 4320.86, 602.63
6157.90, 123.61, 194.50, 4651.36, 1422.80, 3.56, 10470.11, 203.92, 16454.55, 2802.71, 3796.14, 409.36
5359.78, 99.09, 170.08, 4127.62, 1191.33, 1.15, 7222.68, 178.49, 14344.94, 2195.11, 3015.00, 311.04
4359.99, 301.63, 218.51, 5869.59, 824.28, 0.55, 4989.65, 487.85, 9805.34, 1405.37, 3652.04, 155.30
2932.72, 104.19, 128.56, 4969.51, 464.93, 0.43, 3827.67, 275.05, 8147.06, 921.70, 2431.71, 199.97
1118.50, 26.12, 62.43, 2697.69, 267.62, 0.00, 2247.34, 61.71, 5384.88, 448.78, 1043.90, 35.90
585.34, 6.81, 39.34, 1807.19, 142.54, 0.00, 1734.77, 11.81, 4643.95, 155.53, 712.55, 62.25
382.23, 3.99, 28.35, 1324.21, 89.39, 0.00, 1660.43, 3.87, 4266.43, 91.55, 447.59, 33.67
1262.61, 2.16, 34.37, 976.48, 72.65, 0.58, 2178.40, 8.50, 3940.25, 158.90, 722.24, 73.76
2529.87, 21.46, 58.71, 1334.70, 62.26, 7.43, 3968.09, 39.94, 11273.57, 724.62, 1468.26, 475.52
1988.94, 24.92, 31.38, 917.50, 56.43, 6.15, 3745.89, 27.37, 8705.10, 1226.42, 1226.62, 409.48
7956.14, 77.22, 142.25, 1931.93, 520.76, 79.17, 16547.90, 226.17, 29602.75, 4494.03, 5190.26, 1677.38
12766.22, 234.14, 184.71, 3619.75, 1830.08, 167.75, 20321.85, 309.18, 43053.06, 6321.29, 7986.20, 4313.22
10659.41, 226.89, 251.27, 4221.73, 1747.22, 52.40, 16226.10, 339.98, 27276.01, 5979.19, 5295.13, 1961.53
9592.60, 207.27, 242.21, 4717.51, 1312.38, 55.63, 15425.04, 341.27, 20484.49, 5500.10, 5218.43, 1352.20
10027.40, 238.91, 297.74, 6459.28, 1708.56, 31.98, 18101.77, 374.27, 27532.74, 5647.93, 6639.47, 927.49
9332.34, 465.99, 383.93, 9749.00, 1863.21, 3.91, 13436.98, 689.14, 19355.34, 5342.78, 7512.42, 674.58
3716.83, 263.78, 224.64, 9731.94, 782.66, 0.01, 6265.67, 561.18, 12589.69, 2362.18, 4674.09, 275.34
1932.25, 44.85, 94.41, 4262.97, 408.53, 0.00, 4228.12, 96.28, 9632.22, 1132.90, 1938.36, 151.19
1807.10, 20.09, 84.37, 3238.75, 272.73, 0.04, 3726.09, 42.88, 7994.31, 613.67, 1459.97, 99.38
1469.94, 8.56, 48.53, 2109.63, 224.24, 0.24, 2975.53, 10.93, 5775.73, 530.08, 955.09, 128.23
3432.48, 16.21, 69.98, 1763.14, 195.14, 3.75, 5840.37, 42.85, 14471.47, 1660.09, 2391.95, 585.56
3729.09, 25.83, 57.01, 1490.16, 174.30, 6.49, 6937.10, 41.54, 12841.46, 1938.91, 2159.20, 489.29
7488.70, 81.22, 115.76, 2088.18, 419.84, 27.52, 8529.37, 172.82, 13910.39, 2244.28, 5006.51, 564.02
13218.58, 147.64, 201.09, 2475.61, 1769.04, 92.40, 17058.10, 267.66, 23498.49, 3103.77, 8157.97, 1680.54
7449.18, 78.25, 131.96, 2161.35, 581.48, 24.32, 11203.25, 162.84, 18692.30, 2730.70, 4442.00, 1111.48
7063.05, 144.09, 172.84, 3511.86, 949.83, 21.29, 11581.86, 211.54, 15003.54, 3536.57, 3551.67, 701.80
7043.81, 195.25, 241.67, 4069.34, 1201.45, 3.33, 7382.65, 352.43, 9974.10, 3111.37, 4156.30, 254.95
4591.30, 118.30, 169.33, 3981.15, 654.15, 0.37, 4548.70, 295.76, 7851.59, 1478.99, 4409.97, 150.87
1864.09, 22.02, 76.65, 2302.12, 335.16, 0.00, 2978.73, 70.63, 5798.05, 624.12, 2144.81, 57.90
1122.71, 5.16, 51.84, 1510.35, 206.02, 0.00, 2285.09, 14.37, 5091.25, 246.75, 1143.72, 25.15
592.54, 0.90, 33.12, 1088.94, 125.80, 0.00, 1516.09, 4.07, 3338.23, 76.94, 682.40, 2.75
906.93, 1.64, 33.58, 710.76, 82.25, 0.91, 1796.89, 9.16, 3980.21, 132.67, 779.65, 73.76
2195.00, 24.07, 49.29, 1077.01, 74.54, 4.34, 3143.14, 37.49, 5073.76, 355.39, 1002.68, 248.14
1154.24, 0.98, 15.48, 381.61, 60.89, 0.35, 1438.90, 3.42, 3409.40, 352.85, 473.07, 66.65
6383.52, 82.23, 130.19, 1858.62, 80.72, 38.11, 6385.08, 165.70, 16017.25, 2184.85, 3135.21, 503.07
11811.40, 136.31, 171.29, 2732.78, 1449.00, 109.12, 15142.47, 264.87, 25203.62, 4385.48, 7018.91, 2189.03
8051.68, 161.14, 140.45, 3060.60, 564.36, 38.32, 12629.31, 228.56, 16201.68, 3406.80, 3745.58, 1424.91
5748.67, 165.47, 180.14, 3956.83, 566.36, 7.31, 9456.13, 258.55, 16710.23, 4391.51, 4138.83, 766.19
6193.75, 228.36, 215.31, 5146.26, 360.55, 8.52, 5625.86, 437.66, 9852.59, 2592.84, 4673.69, 363.27
2893.81, 57.44, 105.95, 3280.98, 173.77, 0.30, 3259.77, 194.23, 6542.64, 1440.28, 3175.75, 194.52
1395.28, 11.85, 54.41, 1955.36, 81.39, 0.00, 2193.02, 37.87, 5171.89, 694.89, 1369.29, 85.28
549.81, 1.38, 37.27, 1365.22, 29.18, 0.00, 1553.45, 7.32, 3660.35, 194.32, 832.78, 21.53
921.41, 4.53, 36.22, 1053.33, 20.03, 1.05, 1434.19, 12.36, 4495.85, 110.83, 699.84, 72.75
1710.37, 16.27, 53.65, 1258.80, 14.68, 6.55, 2263.14, 36.20, 4830.71, 201.72, 1041.82, 283.35
1295.38, 10.68, 22.85, 702.07, 19.22, 0.85, 1363.42, 10.85, 2732.31, 130.29, 436.94, 79.61
1471.52, 5.95, 23.44, 486.14, 11.17, 2.35, 1759.60, 13.80, 4082.15, 168.78, 618.37, 125.02
1509.32, 32.35, 40.36, 871.72, 8.68, 11.51, 1891.11, 42.77, 4761.66, 223.04, 835.90, 343.92
2214.24, 32.72, 38.79, 970.64, 8.03, 19.79, 3694.07, 56.59, 9597.09, 631.77, 1181.81, 1054.47
3206.20, 85.82, 96.31, 2060.86, 90.13, 16.96, 6409.53, 169.55, 10294.98, 1860.43, 1752.28, 795.51
3767.40, 116.96, 128.16, 3279.98, 274.97, 21.20, 3765.44, 199.70, 9071.20, 1612.30, 1612.14, 350.81
1859.17, 210.40, 101.34, 5808.21, 6.79, 0.26, 1834.95, 294.83, 5127.74, 1156.93, 2126.50, 133.86
859.32, 30.85, 42.86, 3844.56, 1.39, 0.00, 1174.35, 64.72, 4362.05, 558.11, 986.07, 123.05
346.79, 9.89, 34.03, 2525.68, 0.00, 0.00, 940.19, 21.78, 2772.12, 176.32, 568.80, 15.22
64.07, 0.70, 20.22, 1594.85, 0.00, 0.00, 531.02, 1.36, 1911.90, 25.69, 341.43, 1.99
159.92, 0.85, 17.59, 1150.97, 0.00, 0.00, 663.66, 4.97, 2847.33, 67.08, 292.35, 19.69
36.96, 2.66, 16.77, 788.73, 0.00, 0.11, 398.09, 10.94, 1743.54, 34.17, 315.46, 69.77
3010.69, 42.65, 60.18, 1691.67, 1.18, 6.10, 4210.13, 58.82, 7491.07, 453.32, 1560.33, 471.56
3554.09, 58.83, 70.68, 1412.38, 3.77, 23.69, 4964.90, 101.60, 12615.18, 706.29, 2634.11, 1527.00
3803.86, 40.20, 31.47, 1334.91, 28.17, 14.48, 6344.65, 77.25, 27160.25, 3046.02, 2421.84, 4114.18
4215.25, 38.70, 56.15, 1358.62, 128.41, 14.22, 5986.23, 90.40, 14908.26, 3322.63, 2366.40, 1929.46
6182.55, 73.56, 101.19, 1876.21, 340.23, 34.47, 6488.38, 122.24, 11740.53, 2669.78, 3414.40, 1117.71
4505.88, 139.46, 125.29, 3212.95, 136.84, 3.08, 5569.53, 199.62, 10512.25, 3961.93, 3040.08, 612.37
3584.84, 163.04, 104.35, 3433.65, 17.69, 4.44, 3206.46, 257.61, 7749.64, 2269.87, 2942.94, 405.41
1621.29, 86.55, 67.97, 3706.72, 6.39, 0.00, 1555.29, 160.91, 4689.26, 1215.26, 3912.93, 226.93
684.51, 13.04, 33.52, 1943.74, 0.31, 0.00, 1116.14, 29.85, 3494.81, 419.37, 1317.54, 103.25
257.97, 1.54, 21.67, 1304.36, 0.00, 0.00, 761.10, 4.10, 2510.71, 127.36, 797.67, 45.78
114.63, 1.70, 14.66, 935.45, 0.00, 0.00, 543.84, 2.93, 2035.09, 48.58, 489.77, 22.07
86.57, 0.82, 9.98, 659.21, 0.00, 0.00, 406.07, 1.24, 1468.47, 21.65, 299.93, 19.46
2500.33, 71.20, 71.44, 2141.33, 2.70, 7.09, 3888.31, 90.18, 4386.91, 310.59, 1536.81, 213.58
4131.43, 52.23, 71.26, 1297.55, 4.93, 23.63, 11262.74, 103.32, 18928.58, 3193.43, 3861.24, 1508.78
2988.38, 26.05, 53.06, 1231.56, 26.47, 5.00, 11275.74, 92.99, 16538.33, 3431.84, 3375.76, 1529.11
2420.85, 32.52, 31.66, 1470.93, 2.82, 5.22, 5760.87, 45.13, 10258.66, 2796.43, 2631.09, 530.33
3551.78, 79.17, 62.64, 1884.91, 12.20, 7.73, 8900.44, 100.19, 16296.71, 3573.83, 3877.24, 760.22
6264.82, 159.51, 141.11, 2870.90, 424.97, 34.93, 10285.31, 236.12, 18481.37, 3629.32, 4623.73, 1114.48
6316.45, 292.98, 183.24, 5129.08, 225.84, 5.82, 10281.02, 432.69, 12720.22, 3791.30, 5633.82, 693.80
2710.97, 105.12, 92.98, 5042.06, 31.28, 0.00, 4450.30, 224.29, 7099.07, 1839.94, 3263.25, 195.80
1294.24, 21.69, 52.65, 2688.70, 11.38, 0.00, 3134.58, 48.38, 5510.51, 766.57, 1596.77, 81.32
1069.42, 11.68, 47.43, 1993.81, 4.17, 0.04, 2970.37, 21.65, 5136.09, 445.50, 1205.74, 133.11
416.22, 0.74, 21.27, 1221.23, 0.91, 0.00, 1623.04, 2.80, 3592.93, 145.85, 599.61, 323.05
145.56, 0.00, 13.92, 809.28, 0.03, 0.00, 1132.59, 0.04, 2237.41, 59.40, 387.31, 41.43
1524.70, 16.60, 39.25, 938.18, 2.73, 1.67, 2452.40, 28.46, 4953.50, 437.67, 747.71, 348.79
4006.65, 54.79, 95.50, 1395.58, 7.57, 21.81, 5968.73, 110.21, 13634.56, 1301.29, 2336.74, 1103.76
1990.28, 24.75, 34.10, 767.01, 12.43, 14.83, 4226.81, 77.67, 10926.11, 1392.32, 1561.61, 829.95
3988.36, 46.49, 62.59, 1085.10, 329.27, 34.40, 12285.98, 116.74, 27434.39, 5557.66, 3161.78, 1951.26
4248.91, 142.45, 134.67, 2403.91, 280.14, 9.35, 10779.06, 236.48, 15396.53, 4360.97, 2532.63, 1017.57
2410.08, 101.70, 67.52, 2042.04, 10.78, 0.10, 4220.54, 161.34, 11032.22, 2876.21, 2177.15, 459.07
1689.13, 102.27, 59.86, 2555.12, 5.45, 0.04, 3084.65, 165.02, 8775.77, 1857.27, 1866.36, 249.20
779.54, 21.76, 29.66, 1920.12, 0.81, 0.00, 2049.93, 42.73, 5313.41, 985.11, 1095.65, 146.78
256.60, 3.84, 19.01, 1145.22, 0.00, 0.00, 1338.25, 8.90, 3878.96, 323.90, 618.18, 44.85
94.49, 0.66, 12.95, 797.24, 0.00, 0.00, 921.18, 2.37, 3180.35, 74.33, 372.43, 12.29
136.37, 0.30, 9.49, 534.45, 0.00, 0.00, 830.16, 1.01, 2352.15, 18.40, 282.99, 6.74
2396.10, 67.98, 67.61, 1681.61, 1.42, 9.22, 3331.42, 81.88, 5683.96, 300.27, 956.79, 207.71
1310.85, 13.14, 32.08, 741.09, 0.34, 4.16, 1416.07, 32.30, 3298.70, 131.08, 431.54, 70.70
2066.62, 29.33, 64.43, 894.75, 3.18, 16.48, 3116.50, 86.31, 9144.64, 1607.95, 1427.43, 625.73
5853.98, 182.86, 143.51, 2855.52, 835.74, 78.69, 6858.33, 279.49, 10085.81, 1774.24, 2197.72, 775.42
3527.47, 131.47, 98.43, 3022.91, 292.42, 32.80, 4595.76, 181.32, 8231.19, 1760.16, 1631.26, 540.62
7899.37, 203.57, 194.23, 4350.79, 1005.54, 74.86, 10685.00, 275.87, 14982.57, 3065.59, 3291.70, 1050.45
5455.99, 158.86, 156.96, 3929.31, 426.53, 19.93, 7379.52, 237.64, 11763.91, 2533.71, 2691.40, 727.53
9437.87, 378.91, 331.39, 9893.91, 822.50, 13.29, 11326.95, 570.09, 21024.20, 3495.78, 6498.15, 1011.20
5247.56, 312.77, 233.50, 11795.13, 344.97, 0.74, 5447.78, 593.18, 9743.81, 2353.00, 3585.67, 338.71
2258.12, 101.43, 159.59, 11770.22, 164.27, 0.00, 2943.82, 365.78, 5902.03, 1121.43, 1686.93, 116.77
1120.58, 24.52, 68.84, 4391.23, 60.73, 0.00, 2088.52, 66.36, 4549.57, 388.50, 999.64, 41.15
867.21, 8.87, 52.81, 3045.73, 38.68, 0.13, 1795.71, 20.16, 3675.06, 174.55, 668.16, 26.12
895.30, 5.08, 40.79, 2155.57, 24.59, 0.10, 1606.79, 15.06, 3530.41, 132.45, 606.61, 54.88
1188.02, 4.98, 37.96, 1565.09, 20.05, 1.39, 2930.47, 15.42, 7509.21, 469.76, 933.69, 285.88
7743.65, 82.59, 212.28, 2654.50, 178.72, 34.84, 13583.14, 261.44, 22694.24, 4496.27, 7943.62, 1339.89
11278.73, 153.92, 176.93, 2780.85, 1296.26, 60.97, 17551.39, 308.10, 27114.53, 5183.28, 6249.10, 1872.15
6564.45, 53.43, 139.51, 1847.43, 368.03, 15.81, 9705.23, 159.24, 19075.94, 4438.92, 6070.96, 912.61
11217.17, 206.62, 220.29, 3865.73, 1796.21, 105.75, 19799.13, 302.11, 30530.41, 4041.60, 6495.74, 1963.41
19004.38, 392.46, 440.60, 8142.25, 3276.72, 122.92, 27627.44, 598.53, 33770.74, 5623.12, 12369.11, 1965.10
9432.59, 513.24, 435.02, 14124.59, 2143.44, 5.81, 14852.29, 780.37, 17592.34, 5518.02, 6578.87, 624.52
4084.40, 224.94, 238.86, 14219.87, 960.24, 0.08, 7475.93, 579.84, 11183.85, 2668.58, 3647.34, 344.17
2113.24, 42.21, 106.50, 8288.55, 480.31, 0.00, 5263.83, 124.49, 8492.38, 1263.49, 1899.43, 170.36
1082.40, 10.15, 68.32, 3940.65, 246.95, 0.00, 3690.34, 24.45, 6459.46, 545.51, 1154.62, 98.19
542.77, 1.34, 43.93, 2675.33, 138.28, 0.00, 2638.55, 3.49, 4692.61, 212.19, 706.60, 48.38
660.04, 7.70, 42.66, 2145.84, 115.29, 0.29, 2099.68, 13.18, 3793.48, 137.66, 513.46, 54.33
2068.15, 13.42, 46.99, 1526.64, 106.24, 1.95, 3383.56, 24.61, 6145.22, 398.59, 1074.65, 254.02
2796.80, 33.59, 65.62, 1595.56, 102.62, 7.34, 4299.34, 48.10, 9092.18, 1201.25, 1620.55, 346.30
1123.78, 9.88, 26.89, 945.15, 78.95, 3.50, 1337.65, 19.06, 4065.04, 870.43, 844.02, 97.56
3903.60, 34.67, 76.14, 1431.68, 80.21, 27.86, 8194.90, 91.79, 12849.26, 2282.19, 3002.55, 755.31
3200.99, 53.83, 86.90, 1839.01, 254.93, 10.29, 5358.00, 152.00, 8369.48, 1861.71, 1849.28, 303.61
2644.88, 48.10, 65.52, 1857.02, 44.30, 5.02, 3690.37, 135.46, 6824.56, 1332.62, 1785.59, 190.41
1726.54, 40.69, 55.55, 2712.73, 17.61, 1.39, 2213.80, 99.30, 4501.18, 860.48, 1530.93, 77.89
799.92, 3.82, 22.56, 1891.75, 1.52, 0.01, 1397.01, 15.55, 3173.96, 366.27, 854.49, 17.21
205.99, 0.19, 15.39, 1130.17, 0.00, 0.00, 1123.95, 2.50, 2612.61, 72.70, 458.67, 74.38
32.87, 0.08, 10.48, 767.93, 0.00, 0.00, 566.96, 1.60, 1529.88, 2.68, 273.86, 0.14
190.71, 1.95, 11.70, 670.15, 0.00, 0.00, 775.28, 6.41, 2128.69, 1.20, 315.12, 2.06
964.61, 2.20, 19.14, 445.73, 0.00, 0.04, 1754.25, 7.35, 3682.92, 172.47, 610.70, 123.25
476.86, 2.30, 12.58, 376.69, 0.04, 1.09, 906.47, 7.80, 1858.15, 36.92, 284.45, 23.71
1810.52, 23.22, 36.11, 741.34, 0.23, 9.85, 2067.20, 38.41, 4883.33, 308.59, 769.22, 257.09
2452.96, 54.75, 60.17, 974.11, 4.02, 29.35, 4026.32, 97.92, 10943.31, 1403.18, 1624.56, 814.17
2650.07, 50.17, 55.12, 966.75, 103.02, 30.45, 5225.73, 151.52, 11442.79, 1379.38, 1508.55, 1204.29
2083.17, 32.81, 48.47, 1183.27, 105.33, 3.79, 5427.62, 97.38, 8079.42, 1433.52, 1229.90, 332.98
1525.86, 46.33, 60.49, 1265.25, 47.82, 0.32, 4064.81, 98.15, 6086.16, 2111.91, 1129.86, 159.12
2418.56, 155.27, 102.52, 3537.32, 14.60, 0.33, 3643.24, 262.80, 5900.13, 1748.08, 1740.54, 111.27
675.64, 66.59, 45.06, 4023.65, 0.00, 0.00, 1322.07, 142.99, 3884.38, 774.44, 943.29, 30.74
261.14, 9.96, 23.50, 2406.24, 0.00, 0.00, 884.48, 27.43, 2608.50, 266.47, 482.72, 1.67
92.76, 0.82, 15.43, 1426.24, 0.00, 0.00, 624.39, 3.21, 1948.92, 72.79, 293.71, 0.36
38.37, 0.02, 9.85, 969.23, 0.00, 0.00, 447.15, 0.08, 1442.09, 18.09, 180.34, 0.00
424.53, 7.88, 19.74, 890.82, 0.00, 0.06, 1071.84, 16.35, 2109.25, 82.71, 428.59, 116.32
1964.35, 44.88, 45.93, 1481.38, 0.37, 2.66, 3073.05, 56.35, 4586.28, 280.28, 827.54, 147.56
1194.44, 22.22, 29.95, 647.91, 0.32, 9.04, 1290.31, 35.65, 1901.59, 76.08, 423.98, 109.79
2190.00, 49.11, 84.89, 1603.09, 1.76, 10.00, 2423.62, 129.72, 3771.57, 127.79, 990.11, 27.43
3125.05, 44.40, 49.93, 1379.39, 100.79, 18.67, 8009.77, 128.82, 12415.53, 759.80, 2422.93, 962.75
5039.37, 106.26, 110.69, 2024.91, 361.04, 34.44, 11877.39, 204.44, 15357.72, 2394.96, 3449.32, 965.97
2922.56, 117.00, 105.82, 2370.29, 36.95, 4.42, 4446.58, 192.47, 7839.80, 1875.21, 1828.92, 300.41
5256.54, 267.47, 173.15, 5132.95, 61.22, 6.56, 6590.62, 426.80, 10255.21, 1975.48, 4040.76, 719.14
1806.31, 50.29, 55.75, 3621.59, 20.12, 0.00, 3050.52, 110.89, 6971.35, 1278.38, 1426.42, 205.93
707.73, 9.05, 33.77, 2119.75, 5.08, 0.00, 1629.76, 19.48, 3290.58, 478.38, 800.19, 41.43
289.06, 1.40, 24.78, 1427.79, 0.20, 0.00, 1277.37, 5.58, 2822.82, 147.71, 511.00, 25.69
79.56, 0.07, 16.03, 940.45, 0.00, 0.00, 915.75, 0.25, 2064.11, 26.90, 307.14, 3.50
1351.78, 30.79, 54.25, 2042.59, 2.34, 5.97, 2337.83, 50.80, 3967.16, 231.91, 820.55, 217.10
603.46, 1.74, 14.44, 590.32, 0.23, 0.09, 1425.14, 8.60, 2909.10, 151.25, 413.08, 68.13
2049.04, 46.76, 48.01, 1096.01, 3.55, 10.37, 2246.85, 59.32, 3703.32, 283.88, 828.99, 209.19
3106.17, 49.86, 62.99, 1232.14, 6.12, 21.31, 7009.31, 99.28, 16031.25, 2702.46, 2055.38, 1285.10
2441.58, 50.52, 63.41, 1630.05, 27.75, 20.11, 5869.46, 136.62, 14820.38, 2927.89, 1855.25, 1460.05
3490.91, 113.99, 68.76, 2331.93, 176.76, 22.97, 6594.59, 163.05, 12916.23, 2714.16, 2035.57, 883.56
5286.74, 118.26, 120.31, 3343.33, 162.80, 30.75, 9546.49, 225.68, 15864.65, 3586.44, 2957.66, 1140.49
5495.33, 113.10, 135.70, 3514.26, 181.99, 9.76, 7360.39, 246.44, 10579.61, 3363.70, 2591.37, 570.23
4438.18, 227.68, 164.62, 7427.78, 99.26, 0.29, 4196.98, 445.91, 7897.08, 2980.93, 2588.02, 284.04
1670.30, 34.26, 61.00, 4949.73, 40.21, 0.00, 2593.61, 102.56, 5483.15, 1180.69, 1246.96, 109.79
864.12, 7.50, 38.15, 2558.08, 14.48, 0.00, 1807.24, 19.57, 4531.46, 502.33, 759.73, 66.22
466.40, 0.60, 24.33, 1736.88, 5.68, 0.00, 1371.41, 2.20, 3949.53, 282.35, 458.93, 40.44
3401.13, 38.98, 101.64, 2042.45, 12.14, 9.08, 3624.74, 93.16, 5886.63, 549.99, 1655.24, 245.31
2644.45, 32.53, 54.84, 1427.87, 15.54, 13.65, 2892.37, 66.21, 4763.90, 556.52, 1509.57, 274.65
9743.49, 118.85, 293.03, 2862.55, 1580.07, 73.89, 11388.77, 407.76, 16748.97, 1739.92, 6834.66, 902.77
4995.43, 86.64, 152.58, 2325.86, 639.66, 33.07, 5418.38, 228.74, 8549.64, 1535.91, 3145.50, 498.64
5150.28, 89.35, 121.00, 2212.00, 492.38, 58.57, 7608.12, 137.49, 11569.02, 2004.57, 3205.35, 563.53
16707.01, 268.27, 372.98, 3918.46, 3128.25, 171.74, 16246.52, 468.09, 26179.33, 3022.03, 9995.57, 1870.33
11121.65, 225.17, 303.29, 5206.66, 1963.59, 20.90, 20746.08, 451.24, 18135.59, 2953.80, 8485.45, 740.64
9709.02, 221.83, 297.42, 5691.38, 1623.55, 9.34, 16027.35, 438.72, 14862.95, 4084.26, 7681.55, 499.03
9986.64, 369.44, 379.94, 9162.50, 1460.22, 5.79, 10479.11, 644.75, 11630.50, 3950.95, 9229.08, 446.72
4223.06, 125.34, 172.98, 8906.58, 683.46, 0.10, 6103.34, 291.69, 8078.79, 1861.07, 4291.90, 144.74
2001.16, 28.65, 82.77, 3944.40, 378.61, 0.00, 3948.00, 52.61, 6135.53, 870.15, 1981.32, 56.88
1238.05, 19.25, 59.87, 2627.69, 228.39, 0.00, 3119.56, 27.23, 4448.05, 401.93, 1345.58, 20.30
2486.67, 26.19, 66.46, 2346.01, 188.73, 3.28, 3759.35, 36.79, 4654.48, 483.75, 1503.96, 151.81
1613.34, 7.68, 44.28, 1485.12, 155.37, 1.52, 2584.28, 19.35, 4105.76, 397.09, 1003.25, 134.33
620.22, 0.16, 16.52, 812.55, 108.39, 0.00, 1155.69, 0.93, 1951.33, 207.09, 368.16, 42.03
2845.28, 43.29, 77.52, 1301.85, 76.86, 13.75, 4247.64, 105.95, 5640.31, 893.62, 1513.91, 223.45
1008.59, 10.95, 25.64, 690.34, 56.92, 3.66, 1593.05, 40.64, 3632.74, 765.15, 866.64, 123.60
7667.21, 44.67, 93.15, 1232.66, 133.79, 35.17, 12498.72, 139.52, 16259.71, 2117.69, 5278.25, 1113.70
8141.86, 129.07, 148.28, 2198.16, 509.63, 36.36, 12318.70, 298.22, 16406.23, 4253.68, 6528.67, 1087.11
3799.83, 86.23, 65.90, 2385.51, 70.59, 0.99, 4785.62, 146.90, 8611.06, 2342.56, 4062.68, 226.10
2495.62, 18.47, 42.44, 1617.48, 31.73, 0.85, 3577.61, 36.15, 6419.35, 1340.98, 2564.70, 139.64
1326.46, 1.44, 25.40, 991.03, 6.77, 0.00, 2188.14, 3.23, 3890.92, 561.73, 1323.12, 42.03
363.52, 0.02, 17.98, 682.23, 0.04, 0.00, 1524.61, 1.66, 3012.20, 99.31, 793.42, 4.27
128.26, 0.00, 11.42, 453.98, 0.00, 0.00, 1082.19, 0.02, 2271.02, 15.05, 478.66, 0.76
1021.94, 7.42, 23.37, 569.09, 0.46, 0.94, 1898.25, 12.24, 2953.35, 56.90, 744.11, 42.53
2212.29, 25.06, 52.41, 766.97, 0.70, 5.19, 3853.41, 63.03, 5789.77, 426.84, 2071.06, 364.88
7292.12, 86.47, 75.89, 1985.39, 13.29, 26.77, 14388.40, 143.17, 18668.72, 2332.49, 4725.52, 1020.76
2353.71, 10.98, 29.79, 571.66, 69.18, 4.89, 4596.93, 56.95, 6882.76, 748.04, 1547.69, 415.88
1614.14, 7.44, 10.04, 496.80, 13.05, 1.89, 2959.52, 26.08, 6182.81, 639.47, 984.52, 222.65
2848.29, 57.35, 29.04, 1124.39, 3.65, 4.47, 3956.82, 77.33, 9764.72, 1794.13, 1346.55, 241.91
2460.23, 91.08, 21.82, 1451.73, 2.36, 3.43, 3095.39, 95.80, 8686.25, 2791.34, 985.16, 264.23
1814.47, 103.16, 11.10, 1754.06, 0.12, 0.00, 1983.21, 91.00, 5985.88, 1628.75, 681.21, 76.20
1283.28, 20.48, 6.35, 1272.60, 0.00, 0.00, 1538.58, 17.98, 4614.69, 869.54, 573.63, 94.75
240.94, 4.37, 5.79, 788.08, 0.00, 0.00, 794.33, 6.98, 2812.38, 320.98, 191.56, 2.83
66.89, 0.40, 2.27, 513.66, 0.00, 0.00, 629.31, 1.59, 2256.76, 91.25, 125.24, 3.56
494.19, 4.90, 8.44, 448.88, 0.00, 0.02, 1193.22, 8.12, 2516.56, 92.43, 462.72, 41.59
184.63, 3.70, 6.71, 400.98, 0.00, 0.00, 540.10, 7.02, 1536.49, 69.01, 139.51, 1.44
656.18, 8.84, 12.85, 423.55, 0.00, 1.71, 1076.27, 13.73, 1633.64, 61.15, 271.43, 57.02
415.76, 5.26, 12.34, 342.79, 0.00, 1.16, 413.18, 12.35, 890.72, 22.46, 172.74, 7.16
187.67, 4.80, 15.93, 147.36, 0.00, 0.99, 451.24, 23.40, 688.65, 25.65, 256.36, 12.16
5276.32, 32.34, 88.57, 822.02, 10.50, 18.62, 4767.55, 81.65, 7001.67, 507.43, 3067.89, 390.17
3528.91, 36.49, 44.67, 822.31, 7.03, 9.10, 6389.07, 102.15, 11615.12, 1633.64, 2985.16, 655.72
3178.36, 61.98, 46.16, 1137.36, 10.99, 6.33, 4305.54, 154.18, 7281.82, 1077.90, 2091.44, 399.69
1506.44, 56.58, 24.19, 921.99, 1.60, 0.22, 1575.36, 86.01, 3547.69, 593.44, 1310.74, 61.20
576.90, 7.63, 7.09, 695.12, 0.00, 0.00, 787.27, 16.31, 2323.13, 225.19, 665.03, 15.39
345.10, 3.14, 16.23, 419.24, 0.00, 0.00, 678.28, 19.73, 1900.88, 10.72, 443.41, 0.90
157.37, 0.40, 4.86, 320.62, 0.00, 0.00, 1143.84, 1.97, 1714.52, 0.36, 391.99, 12.32
278.29, 1.83, 14.04, 260.06, 0.00, 0.05, 604.65, 6.45, 2172.03, 124.84, 263.54, 59.64
513.73, 2.07, 5.69, 237.85, 0.00, 0.01, 1177.74, 1.06, 3284.99, 159.02, 426.55, 148.76
1401.61, 17.68, 35.59, 631.93, 0.00, 2.54, 1630.60, 38.39, 3164.33, 259.82, 785.96, 142.38
4715.04, 37.79, 70.47, 983.77, 3.74, 14.16, 9548.87, 68.82, 18379.97, 2684.78, 3261.58, 1234.54
463.36, 1.87, 5.83, 283.00, 0.03, 0.06, 1519.00, 16.25, 5360.91, 1455.58, 989.74, 227.27
2989.81, 38.53, 71.45, 970.38, 88.69, 15.13, 7035.01, 126.78, 16384.80, 5960.74, 2263.65, 1277.27
1197.88, 13.39, 13.76, 335.80, 0.23, 0.64, 2131.87, 29.16, 6596.52, 2009.04, 827.37, 256.02
1680.49, 37.26, 36.67, 695.75, 1.22, 4.65, 2133.95, 67.76, 5713.43, 1414.82, 910.00, 200.65
1009.37, 45.31, 31.41, 808.25, 0.08, 0.59, 1641.58, 91.04, 6222.66, 925.06, 504.12, 109.52
661.59, 12.56, 13.50, 847.81, 0.00, 0.00, 868.02, 32.90, 3067.83, 446.27, 253.66, 37.18
222.63, 14.59, 17.06, 709.34, 0.00, 0.00, 978.83, 25.48, 3410.24, 119.74, 216.91, 25.81
28.76, 0.33, 3.91, 267.23, 0.00, 0.00, 367.98, 0.84, 1584.94, 4.28, 78.48, 13.03
17.05, 0.50, 2.72, 247.59, 0.00, 0.00, 351.12, 0.61, 1926.12, 14.22, 69.73, 25.42
568.53, 17.14, 23.29, 466.21, 0.00, 0.66, 775.21, 23.04, 1892.81, 12.01, 203.23, 115.68
1620.39, 31.37, 48.49, 892.99, 0.02, 5.98, 1887.93, 46.94, 2649.79, 35.55, 624.00, 49.38
4005.37, 34.58, 69.09, 1040.55, 9.69, 22.09, 3933.18, 79.78, 8481.80, 440.76, 1787.38, 391.08
4903.64, 54.22, 101.47, 1165.01, 376.33, 58.92, 9291.78, 190.34, 21062.88, 2566.05, 4075.48, 1552.58
6927.69, 66.60, 125.95, 2008.07, 608.05, 13.92, 8260.03, 191.09, 15880.35, 2975.66, 2635.66, 618.03
12656.63, 200.04, 248.02, 3791.04, 1017.81, 63.64, 21624.13, 410.51, 29716.41, 5413.62, 9348.66, 1873.23
5990.03, 176.70, 138.46, 3870.19, 98.60, 10.29, 7306.81, 295.75, 12633.69, 3958.71, 4408.38, 445.49
4156.27, 162.29, 101.25, 3643.63, 77.60, 0.63, 5313.88, 251.35, 10971.34, 2277.42, 2975.33, 276.35
2176.17, 114.16, 52.23, 4755.50, 34.97, 0.00, 3342.54, 118.50, 7543.77, 1340.23, 1552.70, 168.68
1039.28, 17.52, 33.32, 2306.65, 10.51, 0.00, 2109.01, 21.74, 4620.06, 555.41, 902.82, 53.03
344.46, 2.95, 21.72, 1512.08, 0.63, 0.00, 1528.35, 2.54, 3613.90, 124.71, 550.84, 9.06
188.69, 0.68, 14.19, 1048.46, 0.21, 0.00, 1116.97, 1.35, 2725.64, 45.15, 339.07, 4.50
3768.41, 42.06, 98.33, 1278.84, 7.31, 11.71, 4399.88, 88.72, 9001.96, 746.41, 2005.08, 359.72
3321.57, 24.12, 36.69, 1222.88, 8.77, 6.88, 3523.15, 31.78, 10202.03, 1305.65, 1609.80, 335.48
7327.10, 98.75, 151.12, 2337.11, 398.10, 27.90, 8649.58, 240.42, 15092.60, 1911.02, 4418.57, 831.84
19723.57, 277.59, 356.13, 4551.34, 3102.51, 195.09, 18964.02, 550.02, 26182.81, 2355.87, 12585.40, 1956.97
31754.35, 404.06, 606.74, 7796.30, 5716.57, 186.61, 42752.38, 775.75, 39876.18, 6499.86, 25825.11, 3025.49
13938.68, 299.22, 398.45, 6561.26, 2597.29, 44.25, 27400.26, 510.42, 27414.90, 5343.99, 9148.63, 1223.87
15556.51, 351.71, 428.44, 7468.85, 2826.39, 58.79, 24649.13, 536.01, 28882.86, 6285.31, 13494.07, 1447.56
9826.60, 430.05, 361.35, 9337.64, 2048.56, 3.45, 12154.58, 616.17, 13753.18, 5530.42, 7522.90, 468.86
4843.52, 359.10, 238.39, 12611.73, 1037.87, 0.21, 8365.66, 582.37, 10937.07, 2583.44, 5292.57, 301.77
2242.43, 76.50, 103.26, 6422.63, 532.35, 0.00, 5596.90, 135.41, 7553.02, 1174.48, 2391.00, 142.51
1058.88, 28.43, 68.70, 3388.56, 271.49, 0.00, 4117.77, 31.50, 6096.98, 420.54, 1367.28, 54.58
809.61, 15.69, 49.45, 2514.33, 178.83, 0.00, 3339.19, 21.24, 4586.04, 234.27, 950.78, 48.36
761.91, 5.08, 36.28, 1607.66, 133.27, 0.06, 2408.62, 6.27, 3746.11, 210.76, 625.33, 81.95
5319.81, 34.67, 88.15, 1614.11, 135.05, 10.36, 7075.90, 86.35, 9336.62, 508.40, 3351.31, 320.04
1149.16, 4.75, 17.63, 865.11, 105.06, 0.20, 1854.62, 14.01, 2473.33, 183.61, 1001.42, 42.02
3640.76, 38.48, 71.68, 1273.62, 83.41, 11.05, 4818.62, 106.31, 7728.08, 341.72, 2340.78, 187.69
1141.24, 5.71, 10.62, 549.45, 52.74, 0.64, 1666.05, 19.42, 2797.03, 379.33, 1092.25, 34.43
9722.69, 110.85, 200.24, 2716.42, 987.79, 58.92, 11713.02, 328.70, 12721.17, 1045.10, 5605.00, 484.23
9070.73, 280.31, 225.02, 4342.20, 642.10, 28.87, 9981.05, 445.56, 13049.90, 2431.68, 7064.21, 447.97
4313.38, 149.86, 89.51, 3453.66, 72.74, 0.35, 4448.63, 247.76, 8881.69, 1127.71, 3393.35, 114.97
2197.36, 36.51, 45.66, 2939.69, 27.17, 0.00, 2634.08, 53.16, 4339.77, 605.32, 1717.22, 21.53
976.53, 6.28, 33.10, 1739.00, 3.43, 0.00, 1716.87, 11.21, 2978.29, 156.21, 1033.00, 3.10
327.20, 0.43, 20.67, 1123.21, 0.00, 0.00, 1197.67, 0.58, 2205.36, 12.36, 623.34, 0.01
166.50, 0.12, 13.59, 772.51, 0.00, 0.00, 857.18, 0.44, 1776.22, 2.21, 381.76, 2.07
