Year, Month, AMF, BLB, BND, FTO, MRC, SHA, SJF, SNS, TLG, TNL, YRS
1922, 10,   3.732889,   1.412819,   9.928508,   9.579304,   0.678910,  10.254708,   3.844101,   2.113354,   3.398571,  16.725096,   9.910844
1922, 11,   7.137816,   6.712115,  13.360890,  13.867623,   0.524040,  14.516337,   2.542399,   4.107012,   1.587269,  19.528572,  14.668215
1922, 12,  47.707234,  33.957150,  26.963317,  38.333480,  34.108137,  22.468402,  25.007561,  31.272742,  41.033644,  44.825029,  71.545924
1922,  1,  21.613007,  13.575845,  12.792285,  19.088141,  13.939953,   9.237056,  12.953155,  10.522190,  11.739772,  53.803931,  22.404955
1922,  2, 136.991449,  87.395516,  33.017905,  66.610677,  63.349562,  28.263664,  23.314979,  30.239198,  49.842913,  42.889670, 158.225159
1922,  3,  97.597606,  35.301395,  33.090596,  47.857569,  61.507489,  27.158602,  43.355524,  42.457681,  71.744864,  49.705854, 108.259486
1922,  4, 115.621358,  16.446440,  26.622395,  70.070559,  51.149373,  27.844337,  77.394725,  50.284892,  65.389101,  63.595017, 118.384035
1922,  5, 204.258281,  10.849884,  27.355433, 191.124332, 112.882999,  27.324472, 156.084379, 134.501673, 147.814442, 161.358921, 282.818729
1922,  6, 124.147260,   2.228082,  21.173259,  84.068808, 155.206704,  18.693064, 211.498648, 129.433335, 243.895813, 120.266153, 199.130932
1922,  7,  28.847707,   0.402459,  14.618506,  33.652476,  48.806690,  14.638748, 126.602710,  35.108410, 119.052020,  58.641431,  40.417256
1922,  8,   9.634027,   0.221570,  10.530696,  19.753967,   8.507058,  11.649467,  32.575558,   8.749385,  26.784378,  31.609457,  11.297360
1922,  9,   2.267949,   0.000002,   5.861468,   9.952749,   0.942330,   6.219724,   8.381426,   1.459760,   5.755260,  16.156983,   2.296354
1923, 10,   7.918460,   8.503595,  15.713686,  18.629047,   4.094215,  16.704517,   7.983076,   5.906364,  13.527068,  20.733526,  17.737770
1923, 11,  26.911966,  22.751468,  16.333509,  31.405718,  13.909875,  17.273046,  15.683393,  16.267480,  18.764526,  19.812364,  39.255179
1923, 12, 133.763656,  75.618310,  33.180146,  58.017696,  29.072549,  30.213797,  22.163195,  38.889543,  40.543797,  23.855779, 132.229776
1923,  1,  90.364529,  50.035942,  28.436437,  49.960987,  29.970306,  22.723988,  17.425681,  31.010468,  31.167198,  38.402035,  84.203463
1923,  2,  52.585687,  19.747879,  21.724691,  27.189601,  22.993339,  20.144201,  18.714483,  20.639715,  24.082205,  30.598704,  45.681303
1923,  3,  47.077559,   4.230318,  13.326795,  29.913258,  21.367106,  12.399284,  27.258959,  31.669536,  29.390932,  32.463057,  46.868753
1923,  4, 122.945530,  53.896831,  38.875585,  77.218952,  72.967452,  33.745423,  65.104659,  72.420517,  88.348203, 120.854977, 137.713560
1923,  5, 125.529193,   3.942471,  17.376672,  61.093004, 108.292117,  18.930681, 133.090174, 114.450454, 140.375091, 151.125839, 110.805702
1923,  6,  68.459303,   2.301179,  20.626241,  33.545330,  93.858124,  22.960356, 125.833676,  70.953049, 130.054667,  91.578919,  93.294421
1923,  7,  24.270919,   0.012952,   9.054182,  15.476125,  50.876088,   9.183432,  94.164411,  42.749070, 139.736765,  53.989298,  58.308722
1923,  8,   7.170363,   0.000471,   7.531063,   9.294662,   8.682190,   8.375521,  23.790288,   9.810163,  31.728170,  28.850562,  10.666079
1923,  9,  11.315320,   9.233457,  13.538487,  16.641007,   9.772467,  15.629523,  18.831093,  13.240169,  21.670644,  19.899981,  21.648697
1924, 10,   6.747353,   2.194466,  10.947811,  12.380421,   4.283473,  13.443122,   9.583758,   6.021460,  12.546331,  20.741080,  10.002396
1924, 11,   2.716647,   1.969937,   5.424211,   3.404323,   1.583616,   5.352825,   4.113413,   2.529410,   4.232890,  13.847366,   4.016245
1924, 12,  11.776913,   7.419967,   8.024215,   8.108629,   3.040650,   9.333009,   1.327075,   4.551180,   5.918012,  23.822798,  19.069588
1924,  1,  11.534594,  20.950121,  10.931058,  10.508070,   9.387181,  10.367832,   4.776070,   8.466004,  14.412604,  19.764124,  21.127997
1924,  2,  33.267399,  26.776830,  19.952466,  45.145681,   6.144248,  18.012706,   6.898410,  17.545394,  13.570510,  74.626380,  47.584771
1924,  3,  15.842630,   6.693295,   8.862605,  10.972473,  11.445793,   8.533270,  14.756185,  14.387504,  15.759803,  42.955077,  15.534354
1924,  4,  46.549480,   3.100905,   7.671594,  25.351854,  17.132910,   7.783517,  29.968566,  36.398074,  32.605189,  32.212467,  45.359320
1924,  5,  31.026868,   0.973197,   2.623943,   5.748070,  42.424836,   2.067155,  67.237249,  47.123301,  95.119039,  17.262782,  30.790785
1924,  6,   7.367447,   0.478331,   2.350954,   3.078446,   8.388866,   2.164346,  34.469161,   9.362796,  25.789584,   7.166039,   5.318708
1924,  7,   1.873865,   1.285381,   1.626726,   1.025820,   1.129007,   1.471570,   8.848043,   2.070241,   5.948468,   1.062346,   1.182481
1924,  8,   0.346425,   0.744439,   3.357274,   1.057695,   0.036857,   3.152430,   2.151486,   0.313873,   0.883456,   0.926658,   0.177930
1924,  9,   0.942845,   0.547880,   2.328147,   2.578811,   0.000000,   2.525373,   0.410844,   1.251049,   0.167258,   0.329711,   0.872252
1925, 10,  17.464612,  19.882798,  17.143605,  16.181025,  13.713037,  18.071229,  16.973232,  15.034906,  21.472822,  13.460845,  41.992766
1925, 11,  16.836240,  16.327881,  18.029582,  19.684616,  13.854706,  19.930670,  16.345370,  13.163883,  14.045005,  82.119971,  23.883027
1925, 12,  26.490541,  69.646704,  20.316751,  18.319245,  11.351831,  17.095617,  13.973591,  16.299612,  18.376423,  84.057041,  41.215083
1925,  1,  25.171648,  26.794380,  18.993484,  11.784168,   6.206650,  19.646383,   5.442520,   5.102002,   9.302987,  74.580765,  28.836511
1925,  2, 145.477617, 150.823885,  74.899986,  87.855937,  55.000114,  57.113056,  40.967382,  69.004329,  74.130266, 231.180194, 172.298687
1925,  3,  64.516108,  36.449563,  30.116336,  44.924904,  53.376194,  26.373129,  52.809204,  48.911244,  72.969713, 157.238041,  89.910312
1925,  4, 115.977002,  61.698882,  45.156704,  64.502229,  86.952190,  37.575825,  78.123052,  88.139632, 106.646833, 236.972659, 141.521915
1925,  5, 100.533996,  45.275496,  29.647809,  41.254518,  98.751602,  28.935551, 121.371506,  84.673884, 139.133151, 183.541065, 128.076276
1925,  6,  41.072896,   6.015884,  21.255726,  26.269159,  87.725094,  20.259889, 120.387196,  63.471284, 166.436828, 107.241327,  81.264106
1925,  7,  15.011850,   0.218879,  11.538301,  11.412661,  27.045121,  11.044148,  46.503124,  20.815615,  71.090220,  55.866278,  17.427895
1925,  8,   5.202677,   0.096600,  10.472204,   9.893690,   5.776045,  11.183126,  15.105714,   7.473832,  19.712372,  29.111845,   8.497926
1925,  9,   4.371678,   2.573332,  17.172680,  14.694399,   1.433559,  20.959873,   4.264199,   3.315067,   7.485862,  26.713139,   9.677410
1926, 10,   8.057307,   0.462018,   8.664841,  11.598780,   7.685806,  10.248314,  14.323247,   6.522858,  12.585089,  15.736653,  13.232151
1926, 11,   9.876375,   4.857412,  15.416485,  15.847097,   3.804217,  15.894831,   5.706057,   7.611956,   8.271944,  26.988460,  23.832465
1926, 12,  20.177083,   9.608165,  14.821812,  15.939151,   8.169436,  13.852546,   9.158055,   8.844520,  11.756944,  46.356501,  27.194840
1926,  1,  14.630711,  27.867322,  19.243464,  18.319111,  10.814267,  16.230322,  11.327596,  16.716633,  15.601777,  50.409984,  32.499786
1926,  2, 124.398738, 103.743588,  58.645521, 105.021530,  37.133632,  46.682886,  34.911959,  32.535299,  44.780821, 195.366822, 143.712838
1926,  3,  51.513854,  10.163932,  18.901864,  47.645091,  21.944073,  17.145299,  35.528728,  28.584386,  32.714964, 109.647651,  66.127213
1926,  4, 140.216384,  68.347064,  37.580741, 112.443300, 111.017258,  31.807792, 112.094471,  66.893632, 120.957584, 102.752672, 201.425103
1926,  5,  44.897384,   5.727560,  17.012823,  47.639850,  92.152327,  16.943285, 135.822974,  33.866211, 122.029232,  64.019790, 113.152288
1926,  6,  13.103291,   0.164632,   7.500243,  20.386052,  33.676123,   6.717095,  59.137542,   9.609673,  61.256704,  30.772990,  27.321497
1926,  7,   3.152766,   0.007099,   6.376244,  11.810870,   7.593888,   6.088350,  18.061702,   3.195275,  16.968564,  10.406280,   6.481386
1926,  8,   0.402837,   0.093554,   5.466821,   6.106476,   0.642219,   4.892385,   4.454130,   0.380453,   2.631787,   1.633933,   1.625269
1926,  9,   0.047372,   0.001829,   3.448022,   3.644771,   0.023221,   3.317549,   0.853525,   0.038758,   0.291159,   0.393061,   0.762921
1927, 10,   7.180982,   5.101966,  10.006807,  13.544344,   0.800800,  11.012764,   4.187762,   3.159170,   2.458616,   6.239261,  19.547751
1927, 11,  70.916380,  32.738822,  52.591626,  68.715954,  37.337951,  56.407201,  36.604472,  44.182639,  47.802243, 100.024261, 119.410941
1927, 12,  23.917757,  47.591217,  34.516770,  32.843665,   5.061534,  28.542366,   6.142862,  10.087084,   5.978735, 178.147908,  19.746318
1927,  1,  59.777015,  50.424741,  43.015229,  44.820801,  17.698233,  37.730777,  14.002568,  18.888363,  24.163694, 165.022841, 105.760394
1927,  2, 159.115664, 135.071902,  83.065630, 118.796650,  63.010992,  61.561843,  45.759590,  55.008324,  73.075452, 327.832577, 248.547081
1927,  3,  78.341682,  37.735465,  51.373384,  72.629577,  41.494534,  36.600885,  47.227620,  46.008368,  55.206834, 222.961841, 122.872288
1927,  4, 172.007300,  28.275319,  56.528014, 112.490875, 101.137063,  45.699349, 101.776040, 102.838946, 116.316003, 246.875974, 182.717345
1927,  5, 129.365254,   4.408574,  34.449593, 106.809502, 139.478471,  32.276169, 183.736263,  74.572628, 163.640240, 137.460268, 188.948849
1927,  6,  58.872236,   1.456556,  21.630628,  46.403569,  98.541156,  19.081292, 148.006040,  44.156556, 163.912829,  79.682940, 136.749520
1927,  7,  14.267216,   0.016664,  13.458632,  22.721226,  18.849337,  12.004028,  47.351133,   9.066825,  40.703493,  39.324871,  26.073214
1927,  8,   4.392677,   0.000067,  10.296287,  12.408880,   3.697039,   9.609609,  12.293438,   2.328271,   9.787884,  15.953169,   6.845662
1927,  9,   1.759236,   0.001386,   8.376086,   8.513326,   1.064674,   8.383485,   6.056261,   0.815692,   3.588699,   7.978416,   3.484293
1928, 10,   7.893020,   3.790210,  11.497636,  10.540627,  16.609575,  11.116018,  21.870410,  15.901023,  25.671850,   6.837305,  16.445978
1928, 11,  39.486987,  16.223820,  40.344953,  54.907563,  14.716644,  43.545687,  20.070233,  16.332767,  21.501561,  54.802741,  67.053250
1928, 12,  18.314593,  30.666143,  16.717402,  17.210539,  10.064069,  11.253364,   6.456507,  10.741032,  16.196809,  46.593891,  28.237478
1928,  1,  23.831984,  30.019795,  24.055170,  25.849473,   6.619267,  20.776066,   7.723801,   8.396934,   9.973684,  59.783364,  29.008460
1928,  2,  34.087618,  55.250396,  28.689819,  41.990177,  16.637127,  22.044573,  14.825544,  13.365727,  18.481302,  99.906250,  45.540220
1928,  3, 223.806108,  59.842105,  61.233436, 123.785517,  84.158015,  50.666944,  61.027111, 105.035299, 111.579735, 165.603102, 295.779572
1928,  4, 104.853644,  31.214206,  42.921748,  83.228720,  80.192922,  31.567090,  82.086652,  74.231198, 106.419214, 155.785647, 148.957439
1928,  5,  85.858493,   3.167251,  20.309345,  60.754338, 122.247285,  19.944548, 146.329432,  74.695675, 191.107347, 104.522968, 145.698899
1928,  6,  20.201529,   0.223411,  12.745929,  25.995325,  40.585998,  11.488255,  55.680933,  19.989055, 105.659626,  54.246835,  32.695173
1928,  7,   5.898809,   0.013860,  10.146066,  13.233822,   7.295496,   9.958034,  15.126807,   5.586222,  23.194090,  23.941799,   7.507453
1928,  8,   0.976112,   0.000000,   7.316476,   6.142162,   0.735975,   7.451441,   3.765132,   0.960195,   4.855128,   8.555163,   1.330526
1928,  9,   0.322878,   0.021453,   6.115880,   3.770207,   0.009367,   6.365757,   0.701926,   0.135549,   0.562231,   3.613163,   1.275400
1929, 10,   0.522072,   0.269071,   6.769321,   3.679672,   0.760173,   6.856970,   2.377769,   0.216281,   1.623766,   4.079070,   2.721679
1929, 11,  12.801764,  16.470506,  22.704223,  19.769211,   9.367468,  23.939730,  11.878458,   9.881612,  11.833483,  19.658063,  28.354869
1929, 12,  13.470098,  16.674034,  18.367973,  10.987866,  10.920326,  19.142192,  10.616981,  11.209914,  15.600743,  18.977692,  25.101677
1929,  1,   7.444132,   5.861101,  10.294227,   6.479094,   6.147521,   7.768487,   4.090079,   5.873028,   7.218747,  20.219506,  10.590725
1929,  2,  19.867039,  24.250780,  20.089892,  22.269333,   7.269355,  18.314226,   6.934638,   6.208793,  10.546777,  36.064081,  20.914165
1929,  3,  26.442827,   7.825334,  18.340561,  22.764397,  21.802396,  20.032075,  35.373923,  19.566073,  27.165821,  44.359798,  25.286063
1929,  4,  26.582895,   3.743721,  23.564191,  24.391113,  37.960955,  22.186842,  50.697596,  30.382765,  35.470008,  50.573253,  38.958080
1929,  5,  83.380054,   0.392978,   9.657524,  38.291679,  84.825886,   8.368830, 101.671296,  72.004622, 115.058421,  92.045573,  97.687354
1929,  6,  63.674993,   2.866430,  16.427846,  26.764668,  67.864434,  17.806852,  72.501931,  48.018410, 131.710914,  55.464941,  94.855263
1929,  7,  16.456873,   0.000354,   4.692514,   6.314863,  16.794692,   4.216308,  20.940588,  11.213308,  40.799138,  28.559723,  18.755509
1929,  8,   5.241316,   0.000000,   3.391914,   3.120744,   2.508119,   3.734301,   5.728023,   2.237272,   9.343819,  12.745566,   4.452245
1929,  9,   1.347062,   0.000000,   2.574895,   1.589727,   2.415721,   2.796744,   3.757819,   0.894512,   4.062357,   6.204174,   0.797990
1930, 10,   0.915680,   0.015821,   4.443711,   2.177949,   0.013623,   5.401015,   0.348880,   0.299270,   0.232472,   4.012868,   1.317255
1930, 11,   0.024156,   0.000000,   1.262876,   0.479344,   0.000000,   1.236385,   0.012605,   0.000114,   0.001096,   1.684227,   0.000780
1930, 12,  75.474092,  32.632733,  40.075941, 108.465205,  11.111917,  42.471262,   9.581654,  19.376730,  17.515928,  67.774384, 146.276411
1930,  1,  28.646148,  18.328319,  23.779052,  31.413691,  18.583067,  18.852142,  11.366337,  16.626236,  22.369417,  40.261901,  48.583893
1930,  2,  48.462689,  47.109568,  40.231518,  49.042276,  19.708760,  39.314639,  24.402941,  22.756218,  24.369843, 113.445367,  94.392166
1930,  3,  94.231914,  61.046310,  36.407107,  64.511889,  40.353507,  29.580642,  35.117835,  57.156058,  44.733400, 126.820901, 126.400983
1930,  4,  84.069661,  13.616098,  28.473139,  70.798241,  56.697478,  25.559512,  61.326844,  95.935869,  64.333287, 118.906107, 123.375686
1930,  5,  90.713124,   5.352319,  19.899338,  56.454524,  53.299861,  16.151580,  75.518705,  80.425258,  74.532677,  85.679833, 118.646505
1930,  6,  71.267722,   0.341290,   8.777732,  27.673516,  79.153238,   7.717961,  76.594453,  84.514696, 165.739144,  47.019134,  88.316664
1930,  7,  14.905284,   0.009983,   6.706905,  13.316982,  14.833536,   5.907094,  20.765716,  15.417632,  42.699066,  22.479111,  16.123458
1930,  8,   5.285426,   0.000000,   4.812309,   7.212269,   2.618846,   4.581771,   5.947303,   4.472481,  11.589553,   8.806225,   4.622324
1930,  9,   2.400162,   0.710342,  11.953687,   9.483476,   3.186652,  13.977989,   4.654209,   4.703247,   8.644277,   7.336249,   6.398259
1931, 10,   3.445985,   1.181865,   5.462306,   8.583829,   1.878118,   6.256798,   3.864858,   4.964747,   9.390699,   4.428411,   3.900314
1931, 11,  17.741843,   4.628854,   8.832412,  14.950409,  15.311602,   8.649449,  11.477012,  13.367152,  16.956830,   7.646947,  31.636644
1931, 12,   1.046575,   1.790916,   4.763813,   3.046126,   0.265871,   4.799867,   1.208553,   0.823135,   0.604690,   8.707613,   3.190056
1931,  1,  20.629163,  34.160288,  23.664990,  20.697949,  14.209434,  21.201332,  10.753396,  16.581319,  21.398121,  80.800858,  32.436492
1931,  2,  16.106584,   9.875982,  14.758348,  11.798080,   8.639317,  12.060992,   9.189877,  13.346008,  14.071747,  56.393423,  19.097041
1931,  3,  27.712370,  10.838958,  21.217342,  29.556893,  12.840498,  19.938103,  23.066629,  25.743806,  21.432618,  89.547631,  44.697335
1931,  4,  32.203363,   3.412705,   8.700881,  20.459211,  31.722796,   8.425340,  39.573012,  56.314700,  57.807534,  62.267940,  47.192393
1931,  5,  46.785584,  11.523605,   8.299133,  22.889788,  52.201769,   8.012624,  73.457929,  72.281515, 115.657790,  46.499496,  76.039052
1931,  6,  22.028203,   4.465896,  10.858002,  12.411086,  12.803414,  10.998598,  28.976634,  22.309238,  35.742245,  44.601560,  32.403814
1931,  7,   5.706719,   0.120340,   2.453370,   2.702105,   1.436499,   2.074249,   7.014146,   4.966704,   7.219867,  20.227409,   6.055602
1931,  8,   1.406653,   0.004314,   1.978451,   1.230498,   0.835433,   1.757719,   4.412047,   1.717547,   2.950212,   6.882777,   1.024044
1931,  9,   1.144270,   0.171032,   2.967736,   1.731728,   1.013424,   3.528768,   2.641692,   1.340311,   1.800424,   3.145900,   3.971835
1932, 10,  11.964752,   2.049789,  13.062206,  14.134855,   1.159452,  15.912130,   3.450191,   7.290044,   4.045441,   7.405173,  32.464742
1932, 11,  11.561307,   3.249186,   8.408861,  13.570358,   9.034849,   6.697615,   9.409793,   9.002057,  10.796758,   5.387809,  23.952054
1932, 12,  49.639330,  60.592079,  27.800119,  32.057079,  44.191180,  24.335985,  31.210916,  28.524811,  41.494893,   8.670351,  60.304441
1932,  1,  24.886207,  26.934324,  16.965243,  19.359032,  33.438786,  10.028260,  14.569847,  19.966677,  16.134895,   7.938926,  32.469571
1932,  2,  57.414368,  16.782528,  16.499180,  15.922048,  75.596851,  16.509127,  49.592916,  51.055609,  54.849302,   7.122258,  58.887375
1932,  3,  49.328862,  21.882343,  27.855265,  40.216243,  38.854244,  29.398530,  76.724651,  52.590773,  59.772633,  35.496302,  71.596025
1932,  4,  71.178871,  10.651254,  26.390174,  60.674454,  36.577718,  23.971827, 100.277615,  76.832429,  70.508869, 103.213654, 115.789118
1932,  5, 167.506285,  11.914145,  28.191778,  88.437023,  87.695916,  25.078724, 163.643555, 154.766949, 137.061701, 219.165813, 229.988636
1932,  6, 139.616497,   1.059470,  12.952004,  37.427378, 177.063430,  10.863584, 192.572675, 134.123448, 215.108762,  94.707432, 175.306987
1932,  7,  29.652482,   0.134679,   8.479046,  15.681830,  57.682952,   7.705561,  81.432918,  32.710811,  75.196840,  49.822897,  42.540832
1932,  8,   9.775892,   0.000342,   5.974350,   8.530552,  10.200315,   5.779065,  21.324487,   8.614352,  18.413042,  25.099457,  10.046032
1932,  9,   2.867948,   0.000000,   4.012432,   4.316325,   1.818147,   3.814648,   7.926583,   2.415148,   5.316446,  10.893830,   2.595428
1933, 10,   1.473943,   0.008384,   4.196231,   4.382648,   0.218545,   4.444294,   3.064330,   0.416650,   0.768776,   7.338429,   2.334527
1933, 11,   1.283052,   2.157254,   9.492389,   4.954160,   2.092155,  10.012846,   2.466064,   1.996731,   2.621939,  10.288829,   6.292145
1933, 12,  11.021650,  16.658092,   9.172313,  10.925554,   5.350082,   6.707994,   3.958603,   5.633018,   7.944988,   7.959307,  14.808155
1933,  1,   7.955809,  14.468628,  10.785818,   6.606386,  15.834561,   6.204985,   9.666494,  10.260782,  15.142697,   2.711577,  14.975856
1933,  2,   4.012240,   2.882640,   6.053785,   2.925180,   7.700106,   3.189512,   8.430671,   6.855979,   7.586915,   0.964124,   7.549323
1933,  3,  36.237688,  27.884643,  41.110883,  26.540701,  29.174398,  43.808996,  51.051390,  29.472007,  35.534967,  22.963051,  56.754556
1933,  4,  45.792225,  16.590055,  19.521170,  67.796140,  36.037068,  19.198395,  57.983754,  49.765632,  38.430831, 123.350138,  82.623020
1933,  5,  72.733583,  12.940785,  21.018524,  44.493552,  49.276547,  19.699990,  76.809363,  76.414582,  67.625498, 134.824859, 112.359668
1933,  6, 120.254698,   1.968170,   9.437799,  20.021473,  86.371293,   6.413233,  89.964517, 135.383828, 123.067619,  94.014415, 107.945080
1933,  7,  18.982495,   1.034541,   6.841065,   7.539771,  17.477086,   6.611633,  26.589753,  26.207201,  28.779281,  42.525198,  18.557275
1933,  8,   6.188822,   0.130815,   4.945342,   3.871877,   2.480039,   5.198566,   6.828257,   7.425655,   6.270297,  19.676213,   4.535155
1933,  9,   2.536022,   0.142581,   4.746037,   3.342873,   0.120897,   4.867667,   1.461416,   2.517073,   1.066387,  11.725240,   3.266616
1934, 10,   1.984492,   4.598388,  11.136528,   8.049910,   5.448452,   9.381841,   9.468322,  13.186612,   8.796949,   7.580060,  29.483521
1934, 11,  18.133833,   0.893448,   2.179699,  13.329407,   1.107610,   4.981577,   2.221122,   2.406596,   2.450751,   5.631652,   9.957805
1934, 12,  36.272945,  46.923854,  30.924515,  30.725714,  27.116632,  27.527869,  28.552874,  28.426628,  33.704059,  36.961150,  52.577722
1934,  1,  47.813625,  25.119453,  23.807450,  32.748793,  12.663861,  21.620299,  15.163493,  11.879271,  16.024132, 103.300921,  35.069670
1934,  2,  43.725872,  39.073070,  29.850419,  37.062970,  22.640737,  27.438071,  27.679487,  32.026388,  30.452191,  76.356249,  72.403440
1934,  3,  43.607878,  17.334519,  22.825841,  35.908194,  28.695933,  20.536935,  44.371441,  45.464774,  35.772976,  94.204217,  75.048382
1934,  4,  46.908754,   8.584630,  17.020944,  27.736096,  44.430047,  12.814169,  56.789258,  49.151903,  73.799460,  71.458161,  67.345655
1934,  5,  30.140377,   4.851327,  17.609839,  20.687267,  22.833432,  16.314174,  60.172398,  26.114726,  55.463410,  60.985125,  41.681875
1934,  6,  18.161865,   1.058467,  12.584242,  14.882790,   7.755991,  14.424012,  21.420864,  12.936055,  23.209375,  35.317019,  21.945745
1934,  7,   4.031879,   0.010748,   4.379758,   3.971375,   0.643816,   3.807368,   5.080429,   2.121025,   3.944251,  16.572463,   2.047233
1934,  8,   1.389411,   0.000964,   3.575702,   1.986410,   0.600504,   3.437132,   2.521684,   1.471201,   1.282805,   4.488467,   0.955554
1934,  9,   3.813220,   0.148947,   4.291342,   5.130373,   2.666990,   4.477957,   3.938890,   5.124753,   6.202412,   1.937714,  10.884003
1935, 10,   6.477332,   4.495051,   9.196854,   8.469057,   8.018920,   8.202143,  12.892375,  10.277995,  14.070150,   6.361771,  14.085473
1935, 11,  29.189843,  23.542219,  28.426459,  32.510943,  17.396389,  29.233045,  21.809318,  16.766110,  24.865600,  77.075608,  53.304227
1935, 12,  12.907683,  14.335849,  14.966297,  13.453692,  13.278106,  12.816535,  15.514090,  11.294296,  14.312133,  57.858394,  27.065377
1935,  1,  57.547172,  60.663729,  33.527682,  42.201538,  38.151980,  22.217751,  28.621581,  18.882843,  33.413755,  45.208246,  63.723873
1935,  2,  28.941406,  25.351022,  33.543788,  20.866539,  22.535371,  27.709622,  34.827215,  23.239802,  29.802350,  41.426969,  59.733555
1935,  3,  50.400362,  59.317646,  34.463964,  40.981394,  41.669675,  27.362959,  48.104400,  36.266188,  46.180521,  49.817436,  91.800570
1935,  4, 177.412973,  65.155110,  70.336750, 131.991978, 122.972597,  57.205864, 137.004763, 188.203230, 157.754444, 181.369394, 261.920731
1935,  5, 142.638537,  10.333933,  30.532238, 114.792271, 140.198238,  27.138615, 172.266497, 150.890410, 169.545538, 249.169490, 196.485673
1935,  6, 110.177243,   1.850662,  16.354417,  46.324320, 159.358785,  13.449581, 171.403162, 159.757112, 215.126663, 101.333315, 124.996562
1935,  7,  23.128944,   0.306361,  13.288792,  21.496081,  31.034914,  12.175237,  46.939507,  34.853752,  51.227403,  52.998001,  24.140929
1935,  8,   7.664692,   0.044284,   9.518239,  11.420918,   6.231622,   9.282420,  14.684231,  11.444818,  13.089629,  25.548618,   5.723496
1935,  9,   1.964127,   0.715809,   7.375477,   6.654669,   0.396007,   6.720337,   3.288986,   2.440714,   2.094104,  13.420178,   1.287430
1936, 10,  10.642816,   2.709749,  13.401151,  13.008516,   7.215152,  14.085012,  10.090113,  10.686510,  14.392852,  13.087088,  18.625530
1936, 11,   6.247203,   5.347669,   7.490363,   8.031259,   4.853365,   7.966593,   5.296311,   4.329223,   6.647511,  10.804892,  10.699354
1936, 12,   7.904855,  13.219283,  21.051061,  15.208690,   7.566902,  20.915972,   7.231459,   4.882252,   8.803498,  31.192268,  19.721306
1936,  1, 110.771430,  66.982463,  60.575800,  79.673541,  23.768107,  54.221860,  19.957720,  31.055872,  36.307121, 195.408378, 131.164761
1936,  2, 189.959665,  94.792311,  54.959880, 111.610440, 118.224406,  43.579510,  84.348823, 136.207222, 121.341110, 152.397975, 251.904178
1936,  3,  73.710402,  29.069836,  28.292668,  57.263976,  88.621603,  22.990519,  84.587917,  89.781815,  90.658145, 113.300404, 123.228850
1936,  4, 131.776702,  40.092785,  32.482216,  79.223812, 101.390697,  27.240923, 122.731302, 138.600750, 119.018513, 132.600810, 159.080958
1936,  5, 129.021807,   5.254398,  19.761795,  46.376960, 130.550636,  17.762881, 159.940146, 179.112417, 169.052750,  89.735157, 149.710745
1936,  6,  99.932440,   7.682278,  20.674711,  33.903028,  80.396292,  19.010737,  97.761012, 149.454645, 147.107753,  64.982020, 112.483286
1936,  7,  23.707272,   0.816646,   9.627808,  12.038238,  20.746161,   8.123697,  33.057085,  42.185701,  45.687406,  33.014643,  21.169049
1936,  8,   7.263921,   0.003626,   6.756666,   6.105926,   3.349452,   5.995277,   8.676004,  12.247414,  11.043365,  13.477917,   6.352452
1936,  9,   4.838425,   0.443490,   6.672558,   6.763258,   0.808348,   6.938291,   2.245160,   4.071279,   3.019933,   5.915383,   3.878705
1937, 10,   1.712122,   0.255494,   3.414784,   2.039850,   5.152462,   2.906620,  10.904247,   4.532500,   7.244233,   2.394131,   1.569971
1937, 11,   1.545679,   0.095004,   2.338522,   1.469676,   1.129360,   2.033893,   2.887500,   1.885769,   2.595397,   1.461547,   1.597190
1937, 12,  11.219497,   9.616582,  10.578991,   7.403657,  25.498834,   8.450776,  29.017728,  15.730140,  27.927065,   5.397157,  18.511597
1937,  1,   6.861598,   1.697210,   6.228333,   3.682147,   7.873976,   3.701830,   7.046158,   6.436090,   7.890680,   1.085602,  10.965491
1937,  2,  49.786404,  43.190335,  21.596902,  18.880916,  84.271445,  14.202910,  71.196042,  40.914554,  67.130427,   0.750410,  51.111392
1937,  3,  91.360324,  85.318180,  57.641533,  46.697627,  76.042075,  56.780214, 115.060413,  85.540011,  97.610761,  23.689051,  90.834220
1937,  4, 104.959960,  34.752531,  45.925258,  73.165493,  84.965849,  39.571469, 116.460783,  77.824977,  97.826199,  71.605364, 124.583965
1937,  5, 179.327980,  16.297819,  26.346680, 124.085318, 179.698814,  23.098775, 199.898227, 210.675572, 215.265246, 308.048414, 238.531392
1937,  6,  84.907449,  17.012373,  29.294056,  36.566925, 102.748318,  24.924311, 140.851211, 170.820924, 150.062576, 151.553528,  88.672945
1937,  7,  22.428429,   7.138435,  15.279898,  15.903579,  21.538506,  15.949371,  44.963905,  41.898128,  38.887314,  71.884511,  18.624061
1937,  8,   6.206327,   1.354516,   8.750906,   7.725340,   2.910450,   8.425359,  11.542291,  11.195332,   8.008613,  38.555630,   4.064022
1937,  9,   1.676665,   0.241567,   6.279314,   3.838530,   2.204387,   6.069647,   3.078111,   2.880193,   2.712753,  19.989341,   0.670934
1938, 10,   7.757396,   3.179786,  18.062386,  15.471737,   1.010629,  18.991279,   1.890293,   6.145823,   5.018573,  21.188844,  16.119680
1938, 11,  30.383601,  36.397459,  53.360589,  68.018759,   8.254448,  50.268061,   6.163936,  12.314253,  13.402360, 126.265654,  68.050631
1938, 12, 122.022089,  73.635815,  79.281284, 127.289853,  81.121868,  58.034192,  80.322778,  66.700091,  91.532650, 192.568917, 183.928439
1938,  1,  39.850942,  50.276656,  49.190610,  58.489280,  45.711324,  38.626163,  34.552204,  33.391500,  44.216978, 162.498224,  86.386444
1938,  2, 145.253665, 140.245299, 110.494324, 170.248584, 112.049146,  71.433443,  69.232815,  74.552212,  95.004213, 250.740487, 282.095926
1938,  3, 203.989945, 154.012845, 116.480095, 147.367673, 130.876418,  71.422911, 133.424819, 135.094407, 157.230856, 248.988934, 271.407061
1938,  4, 156.356405,  46.098292,  76.630814, 130.120577, 116.029307,  57.796491, 149.224277, 133.145877, 151.779675, 254.324155, 185.730130
1938,  5, 233.124744,  14.136710,  48.676241, 171.428734, 205.430191,  34.236978, 235.745220, 261.262366, 234.341315, 420.313343, 264.736229
1938,  6, 145.476389,   2.427856,  32.741848,  76.401908, 196.097115,  20.310274, 258.747783, 270.222504, 265.297427, 264.844030, 180.358908
1938,  7,  36.237745,   0.347369,  29.074301,  36.035215,  39.948614,  21.792560,  80.639283,  75.229485,  71.112735,  93.975507,  34.963845
1938,  8,  10.371546,   0.020059,  19.325887,  19.361963,   6.347111,  16.948168,  21.542306,  20.174183,  16.654964,  50.204672,   8.424009
1938,  9,   3.774475,   1.589427,  17.261062,  11.690843,   3.370474,  14.339824,  11.654278,   7.796916,   8.295507,  27.241211,   3.965415
1939, 10,   9.533647,   4.375126,  22.275718,  17.356790,  12.439555,  21.230754,  14.450007,  17.099689,  24.974340,  32.241015,  21.235902
1939, 11,   9.348719,   5.032742,  17.591444,  14.546973,   4.135156,  17.276432,   6.349383,   6.844977,   7.423766,  41.532320,  16.898470
1939, 12,   9.444235,   7.122870,  17.152002,  15.212633,   4.500290,  14.398647,   7.057363,   8.242583,   6.775723,  95.028588,  15.491279
1939,  1,  10.965530,   8.305755,  20.893054,  15.363123,  10.044488,  19.220196,   9.264520,  10.921408,  12.851712,  96.989117,  26.059158
1939,  2,   9.813724,   2.968407,  15.384458,   8.310854,  10.117249,  11.368363,   6.652273,   7.459181,  11.562577,  48.626054,   9.968086
1939,  3,  61.424054,   9.193295,  34.387258,  47.151386,  42.280803,  36.558312,  44.188223,  44.263647,  55.075675,  98.765629,  77.354585
1939,  4,  61.227809,   0.737720,  12.973754,  21.921065,  68.284507,  11.735324,  75.674853,  91.436115,  82.366149, 114.305036, 101.253613
1939,  5,  59.640493,   2.421269,  16.720445,  20.087006,  45.334230,  16.506102,  66.156392,  72.080764,  87.493024,  76.969857,  70.414944
1939,  6,  21.420668,   0.026114,   6.761707,   6.825942,  12.294499,   7.016181,  34.104600,  22.720266,  28.800024,  40.319725,  16.057816
1939,  7,   5.790176,   0.000000,   6.663377,   2.788715,   1.908824,   7.248407,   9.131786,   6.276988,   6.894860,  18.305169,   3.682502
1939,  8,   1.409503,   0.000000,   3.190164,   1.505934,   0.186838,   3.451708,   2.809983,   1.239041,   1.304702,   4.892836,   0.651861
1939,  9,   5.543351,   1.418944,   6.882574,   1.993667,   7.298701,   8.239587,  10.956432,   8.943396,  13.441932,   4.050454,   5.248243
1940, 10,  10.983450,   1.316509,   8.946977,  11.981519,  12.064473,  10.597584,  18.337083,  13.976755,  20.923581,   3.068634,  25.636978
1940, 11,   2.580168,   0.395270,   2.862267,   2.679336,   1.205715,   3.245081,   0.228865,   3.241872,   3.907051,   2.563570,   5.578598
1940, 12,   8.161738,  10.027699,  38.125589,  18.498369,   4.195622,  38.385091,   4.817726,   7.061757,   5.477240, 107.829922,  22.253379
1940,  1, 155.408611,  56.132282,  85.290368, 109.326307,  77.381753,  74.249796,  64.435346,  54.216904,  80.496082, 318.493458, 192.842776
1940,  2, 129.290829, 107.939063, 115.573332, 127.304452,  88.062381,  92.333572,  57.735490,  92.013498,  91.367086, 426.174629, 282.155760
1940,  3, 213.733573,  69.676570,  97.412410, 201.959073,  94.758521,  72.473182,  74.115399, 132.360399, 117.719823, 457.547648, 340.600212
1940,  4, 180.298791,  32.733352,  66.010395, 151.724864,  98.260256,  49.632288,  99.058560, 116.523384, 115.310943, 298.257194, 197.688808
1940,  5,  99.019506,  11.141837,  34.659268,  64.281013, 163.293271,  29.484429, 196.094668, 162.407953, 216.329367, 163.256942, 151.660000
1940,  6,  37.170485,   2.285447,  20.951178,  33.605670,  65.311181,  18.530951,  91.943934,  65.071307, 121.791990,  96.397809,  50.464330
1940,  7,   8.994949,   0.098068,  14.949716,  17.348775,  12.104273,  12.437486,  24.739407,  16.772961,  28.468486,  51.165681,   9.895806
1940,  8,   2.292812,   0.014904,  11.473110,   8.604205,   1.363375,  10.060557,   6.097942,   4.571827,   5.891776,  20.246692,   2.233845
1940,  9,   1.561170,   0.325191,  15.645966,  10.475460,   0.401853,  17.427994,   1.947595,   1.477430,   1.598090,  16.897114,   7.219933
1941, 10,   6.660851,   7.843500,  20.127509,  14.968290,   6.030840,  21.641502,  14.423115,   6.320698,   9.272240,  19.367062,  16.435916
1941, 11,  16.736643,   4.666841,  17.658220,  26.128247,   2.374062,  18.819913,   2.915363,   5.880714,   5.547933,  30.419588,  37.446330
1941, 12,  96.149045, 105.649796,  93.221588,  96.632513,  43.531350,  77.480893,  41.583044,  40.722613,  51.195073, 388.152653, 176.088944
1941,  1, 105.682586, 178.839860, 118.699801, 113.753570,  39.603134,  86.215043,  28.833234,  24.850221,  31.620822, 447.010191, 185.132165
1941,  2, 115.582208, 195.768870, 121.021904, 149.169625,  97.267794,  83.605806,  59.384936,  76.532042,  97.173928, 419.799522, 218.392441
1941,  3, 113.972822, 148.665486, 104.566782, 125.284274,  71.290940,  73.073682,  60.444862,  96.626720,  89.982417, 428.789084, 162.297844
1941,  4, 113.470382, 135.251083, 108.152835, 131.452341,  74.935673,  75.293060,  61.475340,  85.776036,  88.974337, 458.584386, 162.881135
1941,  5, 146.236355,  17.588801,  60.800085, 120.332447, 129.948508,  52.675013, 166.766775, 162.065037, 160.546245, 236.763838, 221.013072
1941,  6,  81.086403,   1.978016,  36.607903,  54.602321, 160.321686,  33.013736, 206.895345, 176.170516, 212.744589, 137.070661, 102.806615
1941,  7,  29.053954,   0.107305,  23.682079,  30.056215,  58.287232,  19.848997, 103.182324,  92.221581, 118.754231,  80.925429,  26.074713
1941,  8,   7.312681,   0.000000,  20.125157,  15.362063,  10.876448,  19.153840,  28.418874,  21.033326,  26.873319,  43.336013,   5.366161
1941,  9,   3.090327,   0.040733,  13.977351,  10.092758,   1.724952,  13.222095,   8.038882,   6.885107,   6.335180,  24.804217,   3.203723
1942, 10,   6.533991,   5.839341,  15.794917,  10.299540,   4.753638,  15.376353,   7.626672,   7.429843,   7.882027,  18.755526,   9.903168
1942, 11,  14.383967,   6.951846,  19.719008,  18.083114,   9.671009,  18.630341,  13.915216,  14.185671,  18.435820,  19.482347,  30.580176
1942, 12,  99.401373,  44.963394,  83.503528, 109.900280,  49.450883,  70.490206,  36.435526,  42.261807,  46.466863, 275.508459, 188.528698
1942,  1, 161.242490,  74.273545,  86.606287, 109.858569,  47.802247,  73.700190,  24.484741,  71.256792,  45.039924, 255.641714, 229.756945
1942,  2, 196.943219, 111.752340, 115.868080, 167.588126,  51.654792,  78.071493,  31.022725,  72.577146,  52.979863, 309.343102, 259.334838
1942,  3,  73.386377,  35.047939,  43.758868,  67.031613,  39.893352,  39.378554,  46.533250,  43.577103,  54.805796, 126.269758,  94.894445
1942,  4, 140.614104,  94.096146,  83.281427, 138.918597, 111.742527,  67.624578, 104.792745, 113.278077, 112.977958, 229.703318, 214.756839
1942,  5, 168.063067,  16.769217,  60.963621, 134.310259, 129.311074,  54.984066, 150.978320, 171.048078, 149.698776, 241.515877, 217.526983
1942,  6, 128.567091,   3.035062,  33.452607,  77.010899, 212.917926,  28.487593, 211.947849, 215.164050, 249.069405, 148.217380, 146.041165
1942,  7,  45.849309,   0.192718,  22.560078,  36.939464,  71.948844,  20.449968,  79.124642,  93.135066, 121.170285,  63.075159,  32.994901
1942,  8,  10.134493,   0.000249,  17.615112,  19.797482,  12.442098,  18.500446,  20.875299,  20.858618,  26.691428,  29.505894,   7.056828
1942,  9,   3.114187,   1.649309,  12.523238,  10.826457,   1.771731,  12.567920,   5.991622,   6.570107,   6.264804,  13.730595,   2.039598
1943, 10,   2.322987,   0.997440,  11.663776,   7.970368,   1.598198,  11.117176,   2.118376,   3.832478,   4.645780,   9.270135,   3.597131
1943, 11,  55.465205,   9.523175,  29.286628,  37.795136,  30.253846,  32.287226,  25.066183,  33.735039,  37.143938,  27.512761,  81.081264
1943, 12,  64.767058,  25.273471,  30.911366,  32.826445,  19.635349,  30.800023,  15.704733,  31.200624,  24.502341,  67.477764,  99.109413
1943,  1, 178.851821,  69.703154,  72.628878, 112.704600,  82.004271,  58.888459,  61.734572,  97.265904,  68.061440, 162.701395, 248.838754
1943,  2, 108.364876,  24.640808,  58.893848,  74.191616,  65.507826,  47.101441,  56.157063,  71.351313,  60.722817, 145.201799, 127.026275
1943,  3, 221.079834,  39.461994,  62.147256, 110.707227, 162.002577,  46.477108, 116.001758, 160.820263, 155.470018, 156.756164, 249.380964
1943,  4, 126.935654,  20.839832,  56.844231, 117.798780,  98.984769,  48.407241, 120.718693, 129.191445, 112.643769, 205.411716, 177.078354
1943,  5, 130.801115,   7.524031,  34.442651,  83.700699, 138.502424,  26.906653, 177.625260, 141.884357, 160.004010, 138.472838, 154.539181
1943,  6,  66.424378,   0.960461,  29.160150,  53.485254, 100.048825,  28.842896, 135.192188,  90.160483, 152.477086,  79.147579,  66.986261
1943,  7,  17.133090,   0.087813,  14.530220,  25.191897,  32.640844,  13.189907,  47.779408,  40.013425,  74.690782,  36.235838,  12.905164
1943,  8,   4.504718,   0.000001,  10.741753,  11.963024,   5.435439,   9.583063,  12.353867,   9.154672,  16.247615,  16.357478,   2.855157
1943,  9,   1.120832,   0.001280,   7.826111,   5.770082,   0.852483,   7.216021,   3.811887,   2.325949,   3.977836,   5.271856,   0.416075
1944, 10,   5.666842,   2.515608,  13.374524,  11.125796,   5.715651,  14.326005,   6.498339,   7.461132,  10.945404,  10.151374,  14.534636
1944, 11,   4.850316,   1.828420,  11.992352,  11.463233,   4.580632,  12.923127,   5.465090,   3.080560,   7.465403,  12.324735,  10.920839
1944, 12,  10.947948,  10.166723,   9.426614,  13.255164,   7.715827,   9.244161,  10.695961,   9.223696,   9.507731,  10.186730,  22.714803
1944,  1,  17.727212,  17.158173,  17.409962,  20.213459,  13.432022,  13.625899,  10.676818,  13.546174,  19.055287,  12.906830,  32.361844
1944,  2,  32.572131,  26.441753,  36.515009,  46.364089,  21.999035,  32.001776,  16.409906,  17.996308,  19.710125,  94.824081,  65.204571
1944,  3,  59.154797,  24.747258,  30.347095,  59.705282,  33.632572,  28.504252,  31.687235,  23.360016,  37.478547,  68.547101,  95.015216
1944,  4,  52.449813,  21.874524,  26.556021,  47.428713,  34.633894,  27.056222,  48.797790,  54.800246,  55.688250,  83.757261,  71.199138
1944,  5, 113.614893,  10.293381,  17.448214,  77.594363,  99.853123,  15.006160, 128.518406, 131.923117, 128.711455,  94.909009, 128.698789
1944,  6,  53.463099,   1.982228,  23.047043,  29.377759,  67.032363,  23.882924,  96.008676,  82.362451,  92.785889,  55.576910,  54.010052
1944,  7,  17.905409,   0.041055,   9.007498,  14.126917,  20.776349,   9.115699,  55.089270,  32.732113,  30.105730,  28.130620,  11.671612
1944,  8,   4.552720,   0.000000,   5.719875,   6.466068,   2.994428,   5.509528,  13.388788,   7.524375,   6.174628,  13.316835,   2.207954
1944,  9,   2.305146,   0.000000,   4.696745,   3.805479,   0.416516,   5.092140,   3.676448,   2.813737,   1.761775,   4.775723,   2.234194
1945, 10,   1.919083,   2.136970,   8.709210,   6.307528,   6.859682,   7.956283,   9.254924,  10.327308,   9.308773,   3.265116,   7.815145
1945, 11,  66.220274,  14.279607,  37.939506,  51.856256,  28.043134,  39.870798,  32.236325,  32.421681,  37.105634,  74.806487,  73.650057
1945, 12,  44.663112,  26.261412,  39.443131,  42.881291,  11.657034,  35.214099,  14.139162,  21.231040,  15.412067, 105.140088,  66.695855
1945,  1,  24.167827,  11.173305,  22.356302,  21.200486,   3.460881,  17.822589,   5.276762,  10.467972,   4.754266,  72.007514,  21.550414
1945,  2, 187.604384,  42.537933,  75.339363, 134.772740,  63.959074,  62.852635,  73.986457, 105.422941,  80.070351, 249.347202, 271.410586
1945,  3,  78.275630,  34.910091,  44.906842,  53.897792,  51.469095,  39.307835,  46.027703,  64.007667,  66.100632, 114.676672,  94.103092
1945,  4,  99.093315,  11.965893,  28.681831,  71.873070,  82.795451,  27.005520,  91.564513, 100.564198,  99.092634, 124.563348, 122.396347
1945,  5, 110.357529,   7.469821,  42.419998,  63.895413, 127.461665,  42.710141, 157.653504, 150.913205, 151.017711,  99.265714, 131.329125
1945,  6,  63.646008,   3.633832,  24.478001,  37.383723,  98.184318,  23.592514, 151.490351, 150.400318, 142.713077,  60.622877,  67.039435
1945,  7,  16.604649,   0.076290,  12.216860,  16.758034,  26.384255,  11.797743,  65.892314,  47.726933,  43.769927,  27.805627,  13.546697
1945,  8,   5.207851,   0.053510,   9.228252,   7.905917,   5.097066,   9.172482,  18.864117,  13.061491,  11.776955,  10.240586,   2.466562
1945,  9,   1.131847,   0.002337,   6.968791,   4.660062,   1.416788,   7.238786,   7.039258,   4.138737,   4.283029,   2.439143,   0.305805
1946, 10,   7.888408,  12.337905,  26.527926,  14.559505,  21.279617,  24.113195,  33.021220,  28.348204,  35.664030,  11.879940,  30.627369
1946, 11,  51.163408,  13.268348,  42.135374,  43.513378,  13.658147,  48.022485,  11.779934,  19.259207,  23.448340, 113.681176,  58.299511
1946, 12, 176.281872,  88.573401, 107.149924, 118.035367,  51.772729,  84.517421,  37.013087,  77.361893,  71.514727, 328.468421, 235.983574
1946,  1,  79.400708,  36.097903,  67.779164,  75.897000,  26.852358,  50.755030,  19.770365,  45.210491,  38.922762, 215.975690,  98.261582
1946,  2,  37.313140,  16.523069,  39.223957,  38.628363,  14.832955,  37.077427,  13.230183,  24.529527,  26.177488, 114.847651,  55.261557
1946,  3,  72.680415,  10.004269,  43.845519,  52.552281,  40.276898,  42.053901,  41.615020,  54.023606,  55.710209, 122.327446,  92.085166
1946,  4, 127.812404,  12.801388,  31.501873,  72.072879,  99.534955,  29.162815, 105.919790, 126.279658, 100.896015, 111.630289, 138.890760
1946,  5, 116.938673,   1.710876,  23.639318,  48.008461, 130.920441,  24.694200, 140.917976, 178.118218, 142.702193,  59.550925, 146.047849
1946,  6,  66.526427,   0.056591,  13.980722,  21.056004,  68.590430,  14.060132,  95.358687, 121.164010, 101.569409,  31.716002,  48.185056
1946,  7,  16.753001,   1.555617,  14.318927,  12.262871,  13.766370,  15.201524,  30.512491,  35.831135,  25.095818,  12.314162,  14.578246
1946,  8,   4.486515,   0.001983,   7.937822,   4.444446,   1.985717,   8.344917,   8.179973,   9.162332,   5.452435,   2.384315,   2.420680
1946,  9,   3.621854,   0.037294,   6.460592,   3.665392,   1.477340,   6.856256,   3.753374,   4.447753,   4.573808,   0.917572,   4.955286
1947, 10,   8.712054,   0.268825,   9.258159,   6.085603,  10.139729,  10.373305,  20.586577,  10.546245,  14.549818,   3.043729,   8.534470
1947, 11,  40.390696,  11.306020,  27.726116,  37.939752,  29.561531,  30.601456,  29.545641,  29.786445,  34.696498,  47.667061,  60.305460
1947, 12,  32.116225,  15.498797,  22.683093,  28.049884,  33.422784,  20.193857,  32.240896,  15.811691,  22.913771,  57.630491,  39.090796
1947,  1,   9.890313,   2.778709,   8.763992,   5.571785,  10.877669,   8.899999,  14.204779,   6.735666,   6.116008,  26.795845,   6.541017
1947,  2,  51.500434,  24.049924,  38.682558,  48.747598,  26.605159,  34.353832,  22.982087,  28.778482,  27.971021, 131.897727,  76.688332
1947,  3,  96.433056,  33.632592,  62.089256,  73.411206,  45.672240,  53.723418,  33.420676,  67.234871,  57.580059, 179.301095, 163.233207
1947,  4,  99.467147,   6.881508,  30.467148,  53.663948,  47.107070,  25.682135,  55.137277,  76.570247,  60.284589, 100.380749, 113.016487
1947,  5,  62.705794,   1.858531,  18.322629,  22.881373,  80.682020,  19.401451, 119.292427, 108.414370, 122.227290,  51.548241,  71.130291
1947,  6,  25.616405,   1.667889,  36.801893,  23.483488,  18.660949,  36.421987,  43.066755,  34.318463,  34.789352, 100.899205,  38.410884
1947,  7,   5.172686,   0.000000,  10.821301,   6.521462,   3.153353,  11.203149,  11.781489,   9.064506,   7.938971,  36.721388,   4.387042
1947,  8,   1.255198,   0.007149,   9.278973,   3.602157,   0.259771,   9.624817,   3.239269,   2.320754,   1.310283,  16.946553,   1.030305
1947,  9,   0.337668,   0.000402,   6.684733,   1.873086,   1.011265,   8.021543,   5.588289,   0.620313,   0.652954,   5.905509,   0.199909
1948, 10,  25.344631,  10.840391,  33.955985,  29.968351,  12.926374,  34.355295,  13.969215,  23.235526,  24.913288,  41.497254,  59.277763
1948, 11,  10.899332,   2.214394,  13.023622,  14.597495,   3.121568,  12.137726,   3.954031,   6.541240,   6.442382,  24.265218,  13.226163
1948, 12,   3.387189,   7.380474,  12.663959,   7.276292,   3.023528,  11.041526,   3.461226,   2.980895,   2.525231,  25.657463,   6.699678
1948,  1,  49.844366,   6.874063,  66.218230,  61.432770,   6.105133,  56.487422,   5.250274,  16.427852,  13.252619, 195.160977,  93.522897
1948,  2,  13.977165,   4.724913,  21.104586,  15.697515,   7.807508,  20.213826,   7.904546,  11.611749,  12.394752,  59.604205,  22.996028
1948,  3,  48.195071,  17.009831,  49.801940,  42.189997,  27.831355,  41.665676,  17.709981,  24.527378,  28.651409,  62.180843,  59.326455
1948,  4, 147.430829,  52.391466,  96.679523, 106.987337,  91.204687,  76.643353,  75.896336, 101.020957, 106.340339, 125.786969, 198.286540
1948,  5, 192.157601,  24.818463,  61.457718, 129.722037, 158.079510,  49.252319, 111.234983, 169.321766, 164.673016, 243.654299, 237.249740
1948,  6, 106.777588,  13.778889,  52.068996,  81.521476,  81.013318,  47.144247,  77.973442, 114.878453, 106.969298, 209.654135, 154.260418
1948,  7,  30.241431,   1.046206,  25.150226,  33.401275,  17.517584,  22.595725,  26.872603,  32.380034,  29.157893,  77.826161,  34.109210
1948,  8,   8.722595,   0.037299,  19.286334,  18.203134,   2.238890,  18.285749,   6.533852,   8.851115,   6.125046,  41.297591,   8.166817
1948,  9,   2.348973,   1.228076,  17.460856,  11.141918,   0.143978,  17.879314,   1.421801,   3.363904,   1.210548,  25.021728,   2.784418
1949, 10,   1.449515,   2.048201,  14.551254,   9.134867,   2.568300,  15.134441,   4.840853,   2.346227,   3.856873,  19.286441,   2.786216
1949, 11,  15.913314,   1.398018,  18.745531,  25.570710,   1.497401,  19.559482,   1.871224,   6.787593,   4.541258,  28.103902,  37.129881
1949, 12,  15.157928,  12.236494,  21.667663,  15.740498,  11.695520,  18.086138,   7.226219,  11.223929,  12.750861,  15.753425,  28.046717
1949,  1,   5.412610,   2.425949,  10.398917,   3.765603,   6.203752,   7.288186,   4.040358,   4.634446,   6.019027,   9.030428,   4.780897
1949,  2,  11.127044,   6.787033,  34.023035,   6.994161,  11.058446,  32.276198,   7.779420,   6.458418,  11.592706,  12.518225,  20.085588
1949,  3,  85.408098, 119.899930,  97.270540,  48.954291,  47.968416,  71.355666,  25.620743,  35.726785,  43.127036, 170.278819, 109.771482
1949,  4, 151.982169,  31.253876,  36.198888, 108.080132,  75.656464,  36.116698,  69.221770, 111.345478, 107.497734, 328.613090, 172.161938
1949,  5, 120.985066,  24.560088,  38.175083,  54.399857,  94.565036,  38.794538,  89.836181, 113.978196, 112.995354, 149.060602, 148.944442
1949,  6,  50.290863,   4.843041,  18.790177,  21.345410,  63.325599,  19.011571,  91.282328,  47.711689,  84.635963,  79.983507,  49.484804
1949,  7,  13.295653,   0.842525,  11.804922,  10.503713,  11.184011,  11.308552,  28.203791,  11.372360,  18.211355,  38.676930,  11.071139
1949,  8,   5.179348,   0.186496,   9.266059,   6.667014,   1.635888,   9.537034,   8.492013,   3.281684,   4.402284,  16.462664,   5.993670
1949,  9,   1.217760,   0.014478,   7.156450,   3.611466,   0.223556,   7.550386,   2.791353,   0.680283,   0.888096,   5.817577,   0.624087
1950, 10,   1.655536,   0.088798,   6.460635,   2.758515,   0.092550,   7.405308,   1.113109,   1.130030,   0.720771,   4.810723,   2.244524
1950, 11,  14.712147,   4.280988,  14.728578,  16.390352,  10.990397,  17.453783,  14.548932,  16.403933,  15.332505,   7.472544,  24.547598
1950, 12,   5.909601,   5.243178,   9.592335,   9.601132,   5.288428,   9.311685,   5.232479,   4.020419,   5.632513,   5.224268,  15.135398
1950,  1,  64.603588,  17.317396,  31.730104,  29.830765,  19.252612,  34.924544,  11.210923,  21.890468,  22.632536,   2.175741,  70.036464
1950,  2,  68.380021,  31.726536,  49.036669,  61.919968,  33.459908,  46.783047,  23.283753,  30.713632,  26.905983,   4.006038, 111.945673
1950,  3,  91.170310,  23.384626,  56.820755,  65.566789,  35.083956,  48.637387,  31.415472,  45.089601,  48.135251,  63.400931, 124.821416
1950,  4, 160.136796,   9.671283,  41.566596, 121.969105,  95.221204,  38.051470,  78.778009, 107.234831, 101.685673, 256.393249, 219.381461
1950,  5, 143.037661,   2.382590,  27.107363,  84.607466, 112.415581,  25.908967, 103.664711, 139.027529, 127.674710, 172.455317, 214.864958
1950,  6,  93.318277,   1.152290,  20.709249,  36.890936,  77.241588,  22.066739,  91.439624,  84.116144, 134.820157,  65.114392, 107.904709
1950,  7,  25.974713,   0.005849,  11.062979,  18.004768,  15.229312,  10.713981,  28.260312,  19.050922,  32.179922,  30.051292,  22.269193
1950,  8,   6.834978,   0.000000,   8.603448,   9.544283,   2.040874,   9.466231,   6.721126,   4.966746,   6.925689,  11.486063,   5.545666
1950,  9,   4.082615,   0.710630,  10.557633,   7.807450,   0.932323,  12.461173,   4.209945,   2.054587,   2.557745,   7.270475,   3.638343
1951, 10,  19.912766,  11.704584,  48.629323,  30.972248,  15.027352,  51.277778,  14.622826,  22.938754,  25.072059, 149.103893,  51.775507
1951, 11, 239.294456,  12.656076,  52.688260,  99.571588, 115.889791,  48.757085,  89.133309, 134.854100, 155.629039, 167.587705, 260.319879
1951, 12, 268.151962,  48.434774,  73.367413, 126.288337, 193.077892,  63.642392, 115.449207, 220.192577, 228.917680, 208.302689, 359.296580
1951,  1, 155.754304,  44.732969,  67.886129,  93.711132,  60.846278,  56.099924,  39.806866,  82.141824,  81.815772, 117.406061, 204.200584
1951,  2, 115.736226,  35.833288,  74.162282,  97.242255,  44.047665,  59.661715,  34.876633,  62.816415,  59.094718, 104.494630, 152.223598
1951,  3, 110.774854,  13.562526,  54.356806,  72.300696,  46.036641,  48.744763,  34.012719,  69.123030,  64.578869, 105.495815, 117.105607
1951,  4,  94.638505,   4.139598,  37.055694,  86.871385,  61.359062,  37.668598,  62.682236,  67.701317,  65.887929, 261.346317, 157.880296
1951,  5, 125.569965,  17.355684,  43.794459,  74.836044,  87.605940,  39.355941, 110.352868, 103.700508, 121.883212, 155.872544, 150.442788
1951,  6,  32.303349,   0.523438,  17.108064,  28.841683,  47.513810,  16.446838,  91.130009,  45.955186,  90.320820,  60.918862,  34.902145
1951,  7,   9.430697,   0.017761,  12.754854,  15.303949,   9.574997,  12.150372,  28.176804,  11.634923,  23.168683,  28.105235,   8.328393
1951,  8,   2.164905,   0.076436,  11.459705,   9.232527,   1.338060,  11.902694,   7.502860,   3.273357,   5.086376,   9.031912,   2.264595
1951,  9,   0.325823,   0.013407,   7.196335,   3.552244,   0.108028,   7.456963,   1.867587,   0.604125,   1.118387,   1.922934,   0.368995
1952, 10,  21.465018,   5.578425,  20.009899,  23.876355,   6.971899,  22.942184,   6.689748,  13.564972,   9.851913,  11.242153,  45.462227
1952, 11,  32.609663,  12.082328,  34.497144,  31.593316,  12.627970,  35.212898,   9.683340,  16.585197,  18.875445,  72.459471,  50.020593
1952, 12,  84.345643,  47.823800,  92.469397,  85.121215,  34.600769,  77.048448,  22.797297,  31.367390,  40.373939, 216.185731, 146.437445
1952,  1, 138.278921,  64.840437,  70.884237,  73.186538,  68.775282,  49.751241,  23.629654,  47.975315,  61.203214,  78.543323, 150.092140
1952,  2, 129.817130,  40.241098,  86.382107,  83.876043,  44.278008,  67.008605,  21.430783,  64.675662,  57.665186,  83.568011, 170.720631
1952,  3, 118.006894,  57.461713,  68.572416,  56.594111,  72.970060,  60.562025,  51.324111,  71.435768,  86.179122,  84.841376, 121.658185
1952,  4, 180.735399,  34.906048,  67.499419, 147.768697, 105.833331,  68.782814, 129.806607, 131.288319, 152.455354, 295.848114, 232.143082
1952,  5, 245.851748,  23.630126,  58.438685, 260.497720, 178.537448,  48.883995, 195.128287, 256.901509, 215.826221, 365.818265, 351.811122
1952,  6, 193.686278,   9.877269,  44.104625, 102.314131, 178.378534,  41.336906, 236.619739, 205.540544, 226.017323, 146.041343, 249.536664
1952,  7,  60.892526,   3.048572,  28.518952,  51.897767,  61.244115,  26.322408, 197.549373,  74.438532,  98.432453,  77.924186,  89.216334
1952,  8,  16.965899,   0.761175,  18.005074,  29.389894,  10.242434,  16.831377,  64.912930,  18.865949,  23.720177,  36.959039,  18.390644
1952,  9,   7.065742,   0.027209,  16.189247,  17.465411,   3.753105,  16.915128,  23.543787,   7.902317,   8.652607,  18.392669,   8.303635
1953, 10,   1.785372,   0.399903,  10.516201,  10.335346,   0.442907,   9.613479,   5.448936,   1.401271,   1.523602,   9.979177,   1.411108
1953, 11,  12.916068,  10.570367,  16.155965,  20.023979,   7.368324,  15.985601,   7.154979,   8.246479,   9.932218,  13.409642,  21.607528
1953, 12,  25.941911,  98.582127,  69.412064,  43.988718,  20.721551,  57.559582,  13.814293,  17.704264,  22.268675,  58.117151,  72.794667
1953,  1, 119.080634,  89.812084, 146.830063, 139.433602,  24.410636, 118.230669,  15.818621,  28.525039,  29.695421, 338.547990, 225.631118
1953,  2,  25.049884,  10.700533,  40.354969,  32.124906,   4.842335,  36.799721,   5.617381,  11.149970,   5.588949, 120.503883,  45.896060
1953,  3,  60.359450,  16.036728,  64.270151,  52.865348,  18.698007,  58.186338,  18.609725,  33.128390,  29.473996, 138.614175,  95.215819
1953,  4, 116.647340,  13.273493,  49.075434,  89.823195,  49.559617,  45.526250,  46.115513,  75.253617,  55.870782, 198.475028, 169.178014
1953,  5, 114.894761,  11.428255,  61.189513, 102.627808,  38.585746,  54.003684,  54.662140,  76.835207,  54.260939, 192.691100, 151.742728
1953,  6, 156.086629,   4.405600,  43.502205,  65.259329,  85.275624,  38.099325, 117.783582, 125.836942, 124.893374, 169.442182, 161.949777
1953,  7,  64.724906,   0.236719,  20.922497,  30.312790,  36.919383,  19.487748,  98.876615,  55.333758,  59.316515,  64.138734,  83.470276
1953,  8,  15.495308,   0.744097,  18.582666,  17.910656,   5.992709,  18.178022,  25.065028,  13.676033,  12.898122,  32.076993,  15.277819
1953,  9,   5.484847,   0.099506,  11.570443,   9.125336,   0.769145,  12.048090,   6.731360,   3.586024,   2.857484,  13.418645,   4.944837
1954, 10,   7.961871,   1.570612,  14.233642,  14.820473,   3.095863,  15.557435,   6.603578,   7.357726,   6.173895,  13.577704,  16.843524
1954, 11,  18.914795,  14.651985,  35.427447,  29.790380,  10.472690,  37.486726,  11.717027,  13.524879,  14.500594,  89.201882,  47.266592
1954, 12,  10.327129,   2.141365,  21.086459,  10.672614,   4.918888,  20.492124,   2.954239,   8.016726,   8.034860,  64.876168,  15.349481
1954,  1,  45.661164,  45.971295,  88.328799,  55.226456,  16.069366,  73.789905,  15.588632,  16.209254,  23.637386, 164.114881,  83.412009
1954,  2,  76.728739,  41.250994,  89.558053,  92.416290,  32.583726,  76.520616,  23.650556,  29.452895,  38.322063, 261.329405, 138.553103
1954,  3, 104.932265,  40.835982,  80.104554,  90.448023,  67.178009,  64.978898,  39.067749,  69.115842,  65.494140, 204.254713, 164.920296
1954,  4, 155.170268,  28.464866,  72.904463, 151.128125, 112.106286,  62.523225, 107.271965, 125.454808, 114.568655, 301.252179, 226.900652
1954,  5, 100.178444,   3.119097,  29.307437,  64.973716, 122.427847,  28.100078, 162.041995, 109.103009, 172.297882, 107.953712, 115.288393
1954,  6,  31.347207,   6.147068,  27.944014,  39.304106,  35.674255,  29.505919,  84.225300,  34.196802,  62.420239,  65.509500,  38.271873
1954,  7,   7.796609,   0.013184,  15.169935,  17.381109,   5.142812,  15.237420,  23.806046,   8.081121,  12.840403,  30.871208,   6.186333
1954,  8,   2.261743,   4.176663,  20.410934,   9.708884,   0.447600,  20.155157,   5.986490,   1.717538,   2.244282,  18.055154,   2.954186
1954,  9,   0.592378,   0.215855,   9.542936,   6.064911,   0.004458,   9.955873,   1.452243,   0.203312,   0.146675,   9.320733,   1.730273
1955, 10,   0.531721,   0.231031,   9.131731,   3.920248,   0.000000,   9.705504,   0.310170,   0.010322,   0.000197,   6.538330,   2.409519
1955, 11,  17.078641,  24.685654,  33.169968,  26.136444,  12.579303,  30.802598,  20.220869,  14.247701,  14.443600,  50.554009,  41.266842
1955, 12,  45.851047,  30.587583,  48.887313,  30.945996,  18.076216,  40.076096,  13.268484,  18.001191,  23.613417, 118.064555,  55.471916
1955,  1,  37.057994,  14.639426,  28.215906,  19.317765,  14.364891,  21.850808,  10.548309,  12.248664,  15.358308,  57.481564,  35.150958
1955,  2,  13.816678,   5.990323,  21.718069,   9.866449,   8.515279,  21.623823,  10.587994,   9.360079,  10.267728,  28.650728,  18.184610
1955,  3,  43.667863,  11.417686,  23.423528,  22.678072,  15.324697,  25.901116,  18.424523,  15.668272,  19.178151,  40.693844,  49.059288
1955,  4,  63.602238,  33.294254,  44.786847,  46.160646,  29.617499,  39.746717,  31.861746,  27.864875,  32.873802,  89.132222, 105.196383
1955,  5, 132.087913,  15.077521,  27.943334,  73.929651,  96.099921,  24.957768, 112.366993,  98.521382,  89.097896, 139.183629, 206.753211
1955,  6,  82.439348,   1.279876,  15.395325,  22.261275,  83.858299,  14.762613, 133.533219,  96.843870, 118.355702,  40.949326,  93.716930
1955,  7,  17.133803,   0.942952,  11.048195,  11.028478,  16.121321,  12.564863,  44.033403,  18.241612,  28.820612,  18.133792,  18.949549
1955,  8,   4.616988,   0.000000,   7.123807,   4.903632,   2.008286,   7.510336,  11.321428,   4.603293,   5.775532,   2.825265,   3.767538
1955,  9,   2.456121,   0.197978,  10.140099,   6.353748,   0.213290,  11.658104,   3.537280,   1.609501,   1.515490,   2.565931,   6.973085
1956, 10,   1.496724,   0.288382,   6.850051,   6.174323,   0.109913,   7.350478,   0.931221,   0.381162,   0.488922,   2.058673,   7.315685
1956, 11,  11.615201,  10.734757,  28.709262,  17.876710,   6.750028,  30.597576,   6.628561,   9.810571,   9.773600,  14.683885,  26.924844
1956, 12, 323.790384,  94.262371, 131.723210, 198.433863, 150.028329, 112.919134, 112.371162, 164.340553, 162.671807, 308.908109, 476.534139
1956,  1, 241.246291, 122.726679, 153.905903, 170.050217, 131.703001, 118.244610,  84.115001, 122.982345, 144.381933, 277.828673, 354.123059
1956,  2,  84.815988,  82.951244, 108.196041, 123.775804,  52.283355,  82.491791,  43.253576,  48.824625,  64.410705, 201.838489, 144.312466
1956,  3,  67.538007,  27.576985,  65.366845,  78.413481,  27.159825,  57.434074,  38.621116,  40.734251,  47.267683, 122.646649,  83.982870
1956,  4,  82.303846,  18.271536,  46.676268, 105.305005,  68.262197,  44.481239,  78.811677,  85.102925,  78.684826, 173.840259, 118.848576
1956,  5, 218.950386,  11.792278,  54.583836, 141.702373, 161.496208,  48.272398, 178.290538, 227.680582, 175.697486, 250.208338, 239.465108
1956,  6, 145.307890,   1.415592,  32.001006,  61.447188, 176.467599,  30.768949, 230.787404, 195.829039, 236.438201, 106.203437, 138.198184
1956,  7,  43.119304,   0.052894,  24.483011,  31.838604,  49.324810,  24.583558, 144.347477,  74.386065, 107.146269,  40.665363,  31.945749
1956,  8,  11.200426,   0.000000,  16.030975,  16.591940,   8.699563,  15.940448,  37.642733,  18.876091,  25.411792,  18.813873,   7.614402
1956,  9,   5.268239,   0.247033,  13.828918,  14.557523,   2.667650,  14.006232,  11.884507,   8.248325,   8.918745,   8.881192,   6.768024
1957, 10,  14.159781,   4.073249,  25.727742,  20.039056,   6.944483,  26.954644,  12.647960,  12.863258,  12.847966,  17.356768,  36.220539
1957, 11,   9.938785,   0.769518,   9.262021,  16.047945,   1.750658,  12.185498,   4.190591,   6.795971,   4.499679,  20.397569,  10.769943
1957, 12,   6.890811,   0.238081,  10.293774,   7.188247,   4.182646,  12.040855,   4.087775,   8.319502,   5.091569,  13.390573,  11.812063
1957,  1,  18.725113,  21.524430,  22.520357,  23.587365,  12.251429,  21.195372,  10.690317,   9.853117,  16.219251,  35.118426,  27.854117
1957,  2,  81.965597,  25.938312,  66.344060,  54.746068,  27.139485,  64.919425,  20.410560,  38.358081,  33.048340, 228.848578, 144.957790
1957,  3, 131.671546,  19.520768,  79.113593,  76.658874,  36.226157,  65.513759,  22.400172,  68.686124,  45.810515, 207.656209, 146.707635
1957,  4,  79.217313,  16.146283,  50.931442,  62.385706,  34.886266,  49.241827,  29.778821,  57.646909,  44.609070, 176.699048, 119.840600
1957,  5, 174.263199,  11.415020,  60.877280, 105.637161,  89.400670,  55.975108,  89.572052, 128.191727, 110.630531, 192.482057, 239.729334
1957,  6,  89.255790,   1.377561,  22.979736,  37.622005,  83.638346,  24.151678, 135.902377,  92.051084, 128.159889,  76.356950,  79.464397
1957,  7,  21.165297,   0.132320,  15.469759,  20.303367,  11.908250,  16.768901,  37.322106,  18.485018,  25.214556,  40.309877,  17.074058
1957,  8,   5.331359,   0.000000,  11.342373,  10.551522,   1.271507,  12.491708,   9.009017,   4.491632,   4.971567,  17.196404,   2.740353
1957,  9,   2.214167,   4.565501,  26.402558,  12.076437,   1.400244,  28.891592,   5.310745,   1.606683,   1.405509,  21.457023,  10.082806
1958, 10,  12.297719,  27.954000,  34.372216,  30.468414,   4.613527,  35.170783,   9.971350,   8.460260,   9.517463, 109.677194,  32.927077
1958, 11,  13.408159,   4.047377,  30.616893,  17.212915,   4.537127,  30.143573,   4.990404,   8.279415,   8.256397, 101.126410,  26.660054
1958, 12,  41.122304,  27.308917,  51.582684,  53.805142,  22.261561,  46.993888,  23.137436,  19.361837,  26.329764, 161.977293,  83.465745
1958,  1,  61.798807,  65.184866,  75.512382,  61.140437,  22.528345,  65.040780,  18.556267,  22.445545,  29.604492, 223.187254, 109.563906
1958,  2, 177.497950, 267.122013, 185.275229, 181.881862,  60.254046, 131.801477,  47.520437,  71.489978,  62.417476, 641.847631, 299.302620
1958,  3, 168.753779, 148.686429, 115.958270, 139.235348,  93.123803,  87.139155,  69.949603,  89.536640,  99.945966, 317.271893, 204.858858
1958,  4, 241.329531,  98.195101, 114.132220, 165.014112, 150.208521,  84.788779, 127.141829, 154.029335, 163.074932, 302.464872, 237.534773
1958,  5, 218.291931,  18.350710,  55.907310, 154.762585, 221.610598,  52.335097, 210.387104, 265.021329, 212.504875, 259.278454, 303.371069
1958,  6, 111.828801,   4.339280,  58.770313,  76.389703, 109.594145,  53.654937, 189.197355, 147.607879, 144.896738, 122.517909, 132.158223
1958,  7,  34.054451,   2.293356,  36.411205,  41.018223,  26.613706,  36.409807, 124.379665,  43.920452,  42.458816,  61.506799,  30.046816
1958,  8,  10.579529,   0.076666,  22.815676,  22.132450,   4.356139,  22.210265,  36.518257,  13.144930,  10.128816,  29.498327,   7.782700
1958,  9,   5.373733,   0.028386,  18.145666,  12.801502,   4.904530,  18.638852,  20.832034,   6.329023,   8.924767,  14.843234,   5.530591
1959, 10,   2.074406,   0.578683,  13.836821,   9.928781,   0.100505,  14.192240,   3.205435,   1.023994,   0.573687,   7.505067,   4.785476
1959, 11,   7.883053,   0.872424,  13.812601,  13.054233,   2.745796,  14.338973,   5.207280,   5.166658,   5.031966,   8.737204,  16.951311
1959, 12,   6.631983,   4.054988,  16.258290,  12.820842,   3.556470,  17.267069,   3.382598,   4.962409,   8.561789,  12.203994,  18.140751
1959,  1,  44.225286,  34.527152,  90.720247,  58.907996,  21.292308,  82.907721,  15.833767,  29.148669,  32.045797, 260.620216,  77.365719
1959,  2,  37.598255,  57.102973,  75.577712,  61.324478,  20.527617,  63.165150,  20.963242,  17.160860,  27.018956, 146.125307,  71.495040
1959,  3,  40.481827,  10.704762,  46.121576,  47.072158,  26.144195,  46.521274,  25.579169,  30.082445,  26.422990, 131.782347,  76.955111
1959,  4,  70.245808,   4.367428,  29.714448,  52.507808,  58.032167,  32.222500,  61.539691,  50.049578,  49.648842, 161.682993, 119.569544
1959,  5,  55.647357,   0.422045,  22.880031,  35.723718,  47.242540,  27.133629,  68.688318,  55.378044,  61.008112,  60.977214,  69.365996
1959,  6,  29.711718,   0.012747,  13.153432,  14.627019,  24.687205,  14.912973,  48.137091,  35.350394,  45.036918,  30.052331,  25.788817
1959,  7,   7.146761,   0.000000,   9.166981,   6.415972,   3.235148,  10.366297,  13.784090,   7.504986,   7.962238,   8.692211,   4.884442
1959,  8,   1.984681,   0.574668,   7.903639,   4.053319,   0.364232,   9.417086,   3.371400,   2.306137,   1.390757,   1.523176,   2.883293
1959,  9,  10.542930,   5.681771,  15.922789,  17.595083,  21.721668,  19.000120,  30.941494,  22.554030,  32.857637,   5.151544,  25.967586
1960, 10,   0.122725,   0.015545,   5.019323,   1.239141,   0.044209,   5.878421,   0.364726,   0.087997,   0.196092,   0.661403,   0.322785
1960, 11,   0.024202,   0.006283,   2.751405,   0.498753,   0.001951,   2.980922,   0.115470,   0.003691,   0.020659,   0.145167,   0.000000
1960, 12,   7.645905,   8.155998,   8.663851,  10.650407,   3.976971,   9.320206,   2.863892,   4.613316,   5.006572,   3.745474,  16.511757
1960,  1,  33.128400,  20.285172,  31.229184,  35.942752,  13.307703,  33.246675,   9.282849,  13.747732,  18.969989,  18.923159,  54.053351
1960,  2,  92.523866,  51.376534,  70.211566, 110.225870,  25.093409,  61.362037,  15.412057,  27.054027,  31.059634, 227.509854, 165.673222
1960,  3, 107.454526,  33.962569,  66.276576, 111.801270,  49.961306,  63.855330,  43.851351,  58.815320,  57.919571, 181.391940, 201.972064
1960,  4,  67.083350,  12.264984,  35.731476,  67.659823,  66.885625,  35.968894,  62.214957,  75.726895,  73.071069, 118.702042, 134.119349
1960,  5,  71.748462,   6.060519,  41.398751,  55.852733,  66.703578,  39.003743,  64.038654,  76.925465,  86.768483, 112.882576, 134.205686
1960,  6,  39.210447,   0.700269,  18.267445,  26.078799,  24.468145,  16.958298,  22.381210,  35.597534,  50.722659,  50.817261,  70.906328
1960,  7,   7.968715,   0.034948,  12.943128,  12.741291,   4.360657,  13.068050,   6.733042,   8.256662,  11.204115,  20.866008,  12.170703
1960,  8,   1.806441,   0.000000,   8.998368,   6.435247,   0.263070,  10.820234,   0.946304,   1.414437,   1.626201,   5.611001,   2.434308
1960,  9,   0.624382,   0.000000,   7.268676,   4.523228,   0.354944,   8.193277,   0.889981,   0.935674,   1.668476,   0.881906,   0.473242
1961, 10,   2.529734,   0.550269,   8.841687,   6.167937,   2.396251,  10.080154,   3.332849,   2.642068,   2.974626,   3.385874,   4.414838
1961, 11,  24.892774,  15.345984,  33.298303,  36.849122,  16.266609,  37.862347,  18.923123,  16.615380,  19.943682,  23.960371,  52.434042
1961, 12,  12.268479,  27.847989,  50.636744,  27.927440,   8.269302,  45.395101,   8.839277,   9.203881,  11.013914, 178.908524,  21.318143
1961,  1,   3.649178,  22.851123,  26.408227,  12.277643,   7.177479,  24.482860,   7.154990,   6.959429,   8.560048,  57.814008,  14.553303
1961,  2,  30.339339,  40.752526,  71.643998,  62.747375,   5.853612,  61.064683,   6.844775,   9.475936,   9.109531, 197.997103,  56.286064
1961,  3,  38.125646,  33.251194,  63.351105,  57.848133,  17.656509,  56.925263,  17.865868,  20.017779,  21.364487, 157.678118,  75.284091
1961,  4,  53.367719,   9.094292,  35.133496,  54.903447,  28.203448,  34.642996,  35.877266,  39.976685,  32.151298, 122.611567,  96.727339
1961,  5,  72.014743,   3.429825,  35.448287,  51.038096,  32.354156,  33.638812,  47.843880,  46.564637,  48.447084,  98.018962, 100.412311
1961,  6,  42.739025,   1.163514,  20.771738,  34.513947,  26.718508,  22.708868,  26.474654,  31.920121,  56.317883,  58.064073,  52.123860
1961,  7,  10.398830,   0.008915,  12.387607,  12.640013,   5.210926,  12.679430,   8.136904,   8.120778,  13.458917,  22.738364,   8.793121
1961,  8,   3.314313,   2.128318,  12.588209,   8.168871,   1.890899,  14.327064,   4.445157,   4.770708,   9.045996,   8.289928,   4.367037
1961,  9,   3.272574,   1.040624,   8.261385,   5.197793,   1.939660,   9.088982,   4.806370,   6.919707,   4.876807,   5.013564,   1.979331
1962, 10,   5.868845,   0.388724,  10.872506,   5.947391,   1.716077,  13.134883,   3.097367,   2.477152,   2.514633,   5.421524,  12.158883
1962, 11,   5.566848,  12.548341,  28.704860,  12.857492,   9.099859,  30.237598,   9.941287,   8.401662,  10.664856,  35.068702,  17.538722
1962, 12,  19.833935,  20.974369,  46.093582,  36.150928,   7.163234,  43.828155,   4.912760,   8.148036,  10.156862, 138.238149,  36.953434
1962,  1,  12.367769,   7.097861,  22.542383,  16.745902,   4.352257,  21.992381,   6.192812,  10.779727,   5.950732,  56.396917,  19.581373
1962,  2, 142.118121,  71.757922, 103.953545, 149.786549,  73.806225,  85.963848,  59.913493,  59.898374,  70.124916, 302.528980, 218.942718
1962,  3,  60.849377,  64.296667,  63.332788,  62.367512,  46.060674,  56.360633,  37.852511,  44.577977,  49.408356, 141.271255, 102.332418
1962,  4, 117.273122,  10.428620,  34.313438, 107.018924,  89.703538,  37.879810, 110.786604, 130.390406, 106.685486, 163.944031, 152.433007
1962,  5,  84.092164,   3.216494,  31.922680,  65.192840,  78.756922,  35.941687, 119.872883,  93.690141,  92.168517,  88.768037, 125.951255
1962,  6,  83.737405,   0.896817,  15.926568,  37.801998, 101.959485,  15.838121, 104.223518, 107.342965, 134.032903,  41.153854, 121.785687
1962,  7,  20.224427,   0.002355,  11.459792,  16.726930,  23.284737,  12.208323,  35.285969,  27.207016,  37.256140,  16.644833,  21.973650
1962,  8,   6.128505,   1.331478,  11.705989,   9.978194,   3.995675,  12.442985,   9.094914,   7.703136,   9.321835,   9.050238,   8.512828
1962,  9,   1.715583,   0.451945,   8.971588,   4.556427,   2.050256,  10.013642,   5.014840,   2.489719,   5.192406,   2.928847,   2.700669
1963, 10,  99.066380,  19.728088,  71.465830, 127.146613,   8.517273,  74.245274,   9.253490,  22.825057,  14.302918, 153.410041, 208.064048
1963, 11,  15.014767,   5.257369,  25.080545,  24.356079,   1.606138,  26.643245,   1.444067,   4.180906,   3.971553,  94.504613,  35.355781
1963, 12,  68.435253,  15.285442,  55.029611,  70.205292,   8.458140,  46.832856,   3.814067,  16.213811,  14.128610, 149.778691, 134.796218
1963,  1,  15.889714,  15.013716,  24.476486,  35.080151,  36.676290,  21.663252,  28.070130,  34.833568,  41.869500,  54.915242,  68.931259
1963,  2, 250.096083,  64.360995,  78.104403, 145.232897, 104.714443,  69.045908,  57.939754, 149.926579, 130.266454, 223.159848, 306.710772
1963,  3,  84.887554,  44.388821,  55.700862,  73.860669,  42.013798,  54.444868,  31.152997,  54.298473,  52.473505, 144.428518, 107.134672
1963,  4, 166.017869,  69.786732, 121.055406, 169.308714,  75.173298,  94.791302,  60.251737, 110.086159,  90.498143, 289.137992, 227.183888
1963,  5, 191.698782,  16.797499,  58.314638, 112.672518, 148.007862,  57.082317, 147.187235, 185.920542, 166.872288, 188.806497, 228.219630
1963,  6,  76.591563,   2.584088,  31.634518,  53.514883,  83.458081,  34.395566, 107.830551,  96.761050, 115.189869,  76.259180,  70.580948
1963,  7,  22.916666,   0.190926,  19.611254,  28.069162,  23.118740,  20.564463,  49.588697,  25.209165,  31.126953,  42.234439,  16.602740
1963,  8,   6.674316,   0.000000,  14.920419,  15.195318,   4.255637,  15.791287,  14.125872,   7.185502,   7.309200,  16.836039,   3.436355
1963,  9,   4.793418,   0.000000,  12.726698,  14.200239,   2.491324,  14.662093,   7.696546,   5.630950,   5.488057,   5.362876,   6.289015
1964, 10,  12.148612,   5.856283,  18.950266,  18.354722,   6.227925,  20.055016,   9.818317,  12.608592,  12.052573,  28.975744,  21.371035
1964, 11,  63.764693,  21.410903,  47.204882,  54.376913,  26.282006,  46.114953,  29.340068,  28.861824,  32.335452, 145.485128,  98.515147
1964, 12,  13.023858,   3.009485,  16.161758,  12.951313,   2.202654,  15.878673,   1.833524,   8.710652,   3.539724,  59.424918,  15.917472
1964,  1,  37.382563,  15.246110,  46.866317,  47.858510,   7.978307,  40.194159,   4.847260,  14.351710,  13.609098, 131.155846,  75.702843
1964,  2,  14.504540,   3.092735,  24.283010,  18.173978,   3.137281,  20.569136,   3.410644,   7.492996,   5.737251,  51.859800,  26.209017
1964,  3,  32.571356,   8.373258,  25.954226,  22.581329,  17.042304,  27.017379,  17.082805,  27.151490,  25.594516,  49.120821,  42.481448
1964,  4,  67.172487,   2.964279,  17.721465,  41.228248,  35.390398,  19.822633,  38.904929,  54.278608,  43.558712,  64.652503,  81.127313
1964,  5, 132.284745,   0.986377,  20.311134,  52.567685,  62.422456,  22.751534,  67.379657,  93.233574,  81.689640,  56.799426, 121.197683
1964,  6,  83.735900,   1.243657,  22.934673,  30.502490,  47.200311,  24.160618,  36.334584,  55.483059,  74.198701,  34.703315,  88.222531
1964,  7,  20.847639,   0.025292,   7.942634,  10.379650,   9.237093,   7.693691,  10.291370,  13.097349,  16.142282,  11.970988,  17.115837
1964,  8,   6.210834,   0.001336,   5.389658,   4.878468,   1.980978,   5.502365,   3.351599,   3.360311,   3.815410,   3.202410,   4.443579
1964,  9,   2.485242,   0.182602,   5.818747,   4.590334,   1.078518,   6.008481,   2.093918,   2.046838,   2.709273,   1.687921,   2.733908
1965, 10,   2.645565,   7.456209,   8.155241,   3.311682,   9.003270,   6.823470,  10.109959,   9.011742,  12.095671,   3.283883,   7.936886
1965, 11,  29.706825,  24.825166,  29.105635,  34.055336,  17.166701,  28.282224,  13.263441,  19.735698,  22.244963,  41.481089,  55.113699
1965, 12, 350.946439,  62.286450, 124.216951, 187.416128,  79.391364, 102.390276,  43.550257, 167.865266, 128.705519, 384.929290, 499.068391
1965,  1, 188.589684,  80.694553, 108.134710, 171.606820,  76.782109,  87.216555,  38.968264, 111.092972,  98.550310, 165.297250, 289.736701
1965,  2,  73.441633,  16.481070,  38.749892,  63.704415,  34.627032,  37.298747,  29.005974,  55.877478,  57.640945, 106.091630,  95.852284
1965,  3,  72.859734,  11.959006,  29.975926,  69.814936,  25.494940,  28.581488,  28.950189,  40.382157,  42.565381,  90.072828,  72.396447
1965,  4, 146.992296,  65.526675,  81.887057, 130.818095,  96.120849,  66.121782,  91.459175, 123.269964, 110.476609, 260.660869, 184.340389
1965,  5, 124.310217,   9.171887,  31.390794,  84.168544, 128.901922,  29.976732, 131.557106, 145.054024, 118.921258, 125.344836, 162.726190
1965,  6,  89.603487,   1.169610,  25.890407,  48.128366, 141.843998,  28.461381, 115.534723, 135.859253, 141.761363,  56.098720,  92.336383
1965,  7,  34.055153,   0.078375,  16.045030,  23.808372,  56.081587,  16.505247,  42.234177,  43.144242,  55.091722,  25.259297,  17.854631
1965,  8,  16.274423,   3.673479,  22.685502,  25.384133,  13.050537,  23.925268,  13.848039,  24.616568,  28.212874,  11.796909,  24.658635
1965,  9,   4.708467,   0.000000,   8.285890,   9.261603,   1.869599,   8.518265,   3.110889,   6.107828,   6.198888,   3.671022,   4.382230
1966, 10,   3.532414,   0.027781,   6.481344,   4.760563,   1.843217,   6.702354,   2.591805,   3.511351,   3.922491,   1.369028,   4.565213
1966, 11,  45.863383,  32.752110,  52.920812,  50.274549,  47.803723,  50.622475,  33.770710,  36.349587,  51.438986, 110.818187,  70.792393
1966, 12,  14.901784,  10.931548,  22.109615,  17.789771,  22.095484,  20.698635,   9.070718,  17.416383,  22.503609,  47.574752,  27.105484
1966,  1,  19.026266,  44.190723,  66.544826,  45.178991,  15.096165,  57.224432,   4.535563,  12.146257,  13.620845,  78.939559,  46.119289
1966,  2,  23.193662,  49.400187,  47.481287,  29.744983,  12.549919,  41.440633,   9.071729,  15.055761,  16.108155,  90.925653,  36.945971
1966,  3,  51.779137,  14.980381,  52.554185,  46.081320,  22.576540,  50.825734,  26.162164,  42.654300,  33.822568, 144.340538,  86.639403
1966,  4, 146.582821,   4.013930,  32.155192,  82.215290,  68.909862,  33.415955,  60.188523, 116.800542,  75.529440, 256.085119, 210.073133
1966,  5,  75.661896,   0.748040,  17.715614,  33.354261,  86.556327,  18.294660,  83.011692,  92.833703, 111.237028,  87.235734,  81.023036
1966,  6,  18.358695,   0.040202,  12.977749,  15.322418,  20.175892,  15.418565,  26.760011,  22.409349,  29.381806,  36.542657,  16.905383
1966,  7,   5.659039,   0.000000,   9.428031,   7.922676,   3.351282,  10.387294,   7.109549,   6.464756,   6.759259,  14.770450,   3.525974
1966,  8,   1.465024,   0.217304,   7.287030,   3.229403,   0.597565,   8.134390,   2.967173,   1.411558,   1.162679,   3.040648,   0.560291
1966,  9,   0.460022,   0.755139,   6.863845,   1.833671,   0.966650,   8.035684,   1.458085,   0.767196,   1.908898,   2.673145,   0.103316
1967, 10,   0.043108,   0.000000,   3.945520,   0.742873,   0.015069,   4.299663,   0.083066,   0.000960,   0.065986,   0.682164,   0.015622
1967, 11,  30.821702,  23.913908,  49.771553,  52.071681,  20.580950,  52.687990,  19.530907,  30.642992,  36.062548,  70.322750,  93.270805
1967, 12,  80.621520,  23.600306,  61.162640,  80.075092,  42.791773,  58.237747,  41.072517,  32.020205,  41.038664, 186.123652, 127.049415
1967,  1,  85.475278,  65.891452,  67.293504, 115.162033,  37.229317,  63.308006,  20.169346,  35.471894,  40.251995, 127.022348, 208.419100
1967,  2,  86.202424,  27.816010,  47.290064,  93.316799,  29.563735,  38.556799,  23.426779,  35.000431,  29.602480, 101.066778, 120.621994
1967,  3, 100.059496,  34.166412,  75.204837,  83.716942,  69.493404,  67.463709,  54.809664,  84.119252,  73.919697, 147.539420, 150.546214
1967,  4,  98.392326,  55.136174,  81.887916,  63.999114,  75.174251,  65.497872,  59.280498,  76.803911,  94.271469, 124.216071, 114.965970
1967,  5, 287.175163,  19.893919,  53.852793, 188.474478, 204.472831,  49.474691, 224.840747, 248.643834, 222.262047, 289.687639, 303.835430
1967,  6, 141.685107,  28.172819,  38.413099,  88.476104, 209.197175,  34.896973, 192.626464, 222.724062, 225.244121,  88.428663, 185.361131
1967,  7,  45.926102,   2.298840,  23.535936,  39.272083, 104.400534,  23.643482, 111.057354,  90.570856,  97.794118,  39.085118,  40.982557
1967,  8,  13.364531,   0.320886,  17.100607,  21.055733,  18.463190,  18.626085,  29.182528,  23.766831,  25.457140,  12.383348,  11.309458
1967,  9,   5.871466,   0.199832,  12.088252,  12.741219,   5.864585,  12.811367,  13.299603,  11.310604,  11.002725,   4.059458,   5.215242
1968, 10,   8.937990,   1.208241,  14.210258,  16.860899,   0.789872,  15.704024,   2.640522,   7.185158,   3.459494,   8.998845,  16.996087
1968, 11,   9.475537,   7.369956,  16.156940,  15.898843,   7.322186,  16.752201,   8.945106,   9.504075,  12.285752,   6.719931,  20.528281
1968, 12,  16.508997,  15.053673,  24.131007,  23.864981,   6.101143,  23.772224,   5.003302,  11.181018,   9.644442,  25.828358,  30.172979
1968,  1,  20.163996,  44.197542,  49.818357,  38.957658,  10.081847,  46.640250,   9.440221,  15.036889,  18.500922,  40.784364,  56.707366
1968,  2,  85.436640,  75.489966,  78.507520,  75.088150,  17.132913,  66.059874,  19.509454,  38.875351,  33.537786, 186.423429, 184.328377
1968,  3,  79.473025,  31.630198,  52.700597,  86.063671,  23.487372,  45.047482,  17.631398,  50.239202,  36.644050, 129.852774, 144.579534
1968,  4,  59.280186,   6.791896,  22.803256,  61.835032,  30.044443,  22.072310,  25.259693,  49.006749,  39.152572, 108.181628,  95.742995
1968,  5,  73.743384,   3.676300,  25.844971,  58.052153,  50.287541,  28.485182,  40.807170,  65.335188,  73.390955,  96.489145,  77.272221
1968,  6,  34.340846,   0.708715,  15.427623,  27.986115,  23.395846,  15.965708,  16.138687,  30.048407,  38.307398,  39.261629,  21.360624
1968,  7,   7.769609,   0.000023,   9.130128,  12.185580,   4.162691,   9.022292,   4.868377,   7.405673,   9.212894,  14.221019,   4.340130
1968,  8,   7.891274,   4.852259,  20.674298,  14.154858,   1.452917,  21.916185,   1.419665,   6.856426,   5.180901,   8.712262,  14.165106
1968,  9,   0.819525,   0.008727,   5.591791,   3.435420,   0.001361,   5.697103,   0.078778,   0.394607,   0.169524,   2.742571,   0.265280
1969, 10,   7.800202,   0.922457,  14.960674,  15.434230,   7.310188,  15.883862,   9.988937,   9.576938,  13.850576,   6.752095,  27.849155
1969, 11,  32.546041,  10.972033,  24.061089,  29.550370,  15.806777,  23.305364,  15.138488,  29.194713,  30.305397,  13.063070,  51.090771
1969, 12,  38.603077,  31.800823,  58.757319,  49.264715,  18.086590,  44.908180,  15.455925,  14.795455,  21.763465, 107.520411,  62.756626
1969,  1, 301.429810,  90.176531, 134.491069, 208.342648, 143.573748,  98.438171,  86.316333, 180.213884, 158.050860,  86.688259, 451.002510
1969,  2, 129.925013, 117.638815, 110.728726, 100.029342, 112.803601,  74.464307,  68.018148,  82.390948, 106.788655,  90.201825, 196.961728
1969,  3, 107.687233,  77.185512,  75.404081,  68.275484,  78.652533,  61.671493,  64.026570,  77.739243,  97.547335,  78.959783, 119.473754
1969,  4, 155.808124,  44.228591,  73.634992, 129.179971, 125.873160,  60.703635, 135.792093, 125.472828, 128.575948, 207.419638, 180.814398
1969,  5, 251.531572,  24.838074,  44.316381, 191.488617, 235.972256,  37.742944, 241.512156, 293.525877, 253.310535, 446.593086, 311.890660
1969,  6,  95.925689,  10.571403,  37.386050,  79.365629, 253.334330,  34.828094, 248.680852, 210.748020, 248.600903, 148.619165, 106.967500
1969,  7,  30.789068,   3.169240,  22.900941,  35.114152,  83.063590,  19.709451, 137.337484,  67.811324,  79.747203,  57.783303,  22.621923
1969,  8,   8.032107,   0.449532,  16.236152,  18.838519,  14.039883,  14.989345,  46.468563,  17.408027,  18.105502,  25.135857,   5.232352
1969,  9,   2.729621,   0.059830,  12.100017,   9.964934,   1.992870,  11.132452,  12.519491,   6.697261,   4.028018,  10.870514,   0.893737
1970, 10,  15.024176,   4.959856,  18.724547,  20.423054,  14.655346,  20.204874,  14.946674,  20.539502,  22.978955,  13.237062,  28.505985
1970, 11,  13.511971,   1.721839,  15.300933,  16.236472,   8.312425,  15.867964,   8.294855,  13.487221,  12.763288,  11.265364,  19.415068
1970, 12,  97.980718,  44.368127,  85.803819,  97.057910,  15.420418,  77.685399,  14.752617,  41.682253,  28.214186, 242.892460, 171.703758
1970,  1, 304.621272, 136.777819, 207.140546, 294.940227,  74.461426, 153.233137,  40.765980, 143.478406, 112.541306, 480.560816, 533.333749
1970,  2, 105.107896,  54.288666,  74.715157, 125.711588,  41.115194,  59.187175,  23.376055,  60.965091,  55.195728, 169.115359, 175.055200
1970,  3,  98.436238,  41.813950,  74.121226, 113.003831,  54.792339,  63.385028,  36.386215,  64.948730,  63.845670, 170.123101, 139.917689
1970,  4,  40.981651,   5.507864,  34.307258,  57.014976,  30.678437,  32.842278,  22.086695,  42.157298,  30.867836,  85.644156,  54.938460
1970,  5,  65.068478,   0.694848,  29.088026,  58.634076, 117.103942,  29.035138,  88.411772, 145.904634, 141.262907,  77.720156,  97.473375
1970,  6,  40.664325,   0.624829,  28.184767,  32.440950,  85.907246,  29.206900,  50.319486, 103.952876, 111.535845,  33.102888,  35.397575
1970,  7,   9.662885,   0.047056,  13.892024,  14.925718,  13.811633,  13.578619,  12.589530,  21.954683,  23.114383,  10.375567,   6.357703
1970,  8,   2.584389,   0.000000,  10.606226,   5.969058,   1.608406,  10.212972,   2.598182,   6.044640,   4.531489,   1.477360,   1.393331
1970,  9,   0.924058,   0.000000,   7.864881,   3.224671,   0.028690,   7.891442,   0.431787,   1.441209,   0.480027,   0.369787,   1.154259
1971, 10,   7.954101,   2.155035,  15.786126,  13.432934,   1.346690,  17.128697,   1.542147,   3.815235,   2.968710,   4.910539,  20.030288
1971, 11,  46.547330,  31.046226,  63.447276,  51.860003,  25.907050,  62.937313,  23.293544,  34.804587,  42.437234, 122.694040, 110.226722
1971, 12,  83.188563,  44.906455,  83.724790,  90.315922,  18.003097,  64.535407,  12.725714,  18.793356,  23.652403, 101.025196, 127.123163
1971,  1,  35.256273,  51.722188,  89.102313,  48.453942,  15.161964,  73.109706,   7.814104,  23.028420,  14.818035, 123.203350,  79.244371
1971,  2,  41.328151,   6.859387,  32.454378,  26.858344,   9.117257,  30.967019,  10.251331,  25.634051,  18.362863,  73.004457,  54.112782
1971,  3, 107.092415,  35.370590,  81.222612,  91.583047,  29.013656,  71.149145,  24.962161,  50.211496,  54.255444, 177.459257, 160.052579
1971,  4,  97.921108,  10.114159,  48.389792,  94.770459,  31.825197,  41.922200,  29.597396,  71.733356,  52.654497, 129.876744, 138.792112
1971,  5, 128.914949,   6.636588,  45.340002, 119.872571,  58.478875,  46.752224,  56.001625, 111.421466,  79.160569, 274.797101, 200.683939
1971,  6, 125.029986,   0.508496,  39.392717,  82.453274,  96.951494,  38.966576,  72.715652, 127.423659, 137.758738, 184.555569, 173.336874
1971,  7,  35.529001,   0.602903,  19.601329,  36.640662,  25.943793,  18.560672,  26.404924,  38.195011,  46.176261,  48.027632,  34.770551
1971,  8,  10.175974,   0.034027,  14.035242,  17.644151,   6.296044,  13.915919,   7.799055,  10.522380,  12.266434,  21.531621,   9.924555
1971,  9,   3.536375,   0.174699,  14.347225,  12.055717,   2.310129,  14.561345,   3.210565,   4.733362,   5.595763,  12.523017,   5.353933
1972, 10,   7.133266,   0.478557,  12.554710,  12.747654,   1.518036,  16.227281,   2.094615,   4.214500,   3.463974,  11.409710,   9.370991
1972, 11,  17.005042,   6.426577,  21.745941,  17.792281,  14.536745,  23.078004,  12.449874,  17.027690,  23.197031,  38.965802,  31.373564
1972, 12,  39.838146,  18.015124,  21.512793,  22.729356,  13.919779,  18.301835,  13.169547,  13.151780,  18.512547,  25.202045,  33.778080
1972,  1,  12.514124,  10.969207,  37.887164,  21.317251,   3.466575,  36.413920,   1.830796,   6.146790,   5.122084, 126.518384,  26.414831
1972,  2,  50.928058,  14.117421,  45.029523,  38.479297,  10.567236,  42.105155,   6.964351,  16.657874,  20.693424,  94.742781,  79.107098
1972,  3, 123.955119,   4.820600,  57.016504,  78.272301,  30.978071,  49.098047,  25.264845,  70.692946,  43.052907, 259.403701, 149.867333
1972,  4,  89.156734,   5.458176,  47.077060,  62.064307,  35.059909,  42.061209,  17.873073,  53.005646,  42.973277, 134.165527, 140.741546
1972,  5,  83.022442,   4.443528,  25.072425,  47.983806,  80.906997,  24.336815,  47.339118,  91.649911,  89.256737,  86.944957, 136.104915
1972,  6,  40.565108,   0.425215,  16.151791,  21.792417,  50.791654,  15.752292,  33.369137,  39.352335,  67.895268,  46.646020,  34.856605
1972,  7,   8.452617,   0.002221,  10.146354,   9.662179,   8.244605,   9.440449,   7.183650,   8.897682,  13.603047,  18.031468,   7.528582
1972,  8,   2.296795,   0.037323,   8.288086,   4.617351,   2.467282,   8.563834,   2.075650,   2.673949,   3.076533,   5.487928,   1.864403
1972,  9,   7.933059,   1.029601,  13.974215,   8.659891,   4.641377,  15.761770,   8.375467,   3.951401,   5.357909,   4.900210,  16.380134
1973, 10,  10.306135,   9.283854,  17.835746,  20.684345,   2.970070,  18.246953,   5.397142,   4.773745,   4.936735,  13.768144,  29.559433
1973, 11,  32.256354,  28.488147,  39.105441,  36.997695,  15.107416,  34.325924,  13.260928,  17.045109,  20.677148,  86.089656,  63.773173
1973, 12,  45.831781,  27.927990,  40.325339,  35.397316,   9.509635,  34.320905,   6.094514,  16.277627,  18.751749, 113.088865,  79.250865
1973,  1, 163.439099, 104.283267,  90.390372, 129.212201,  30.695277,  67.665682,  15.187511,  39.708809,  31.599763, 202.571871, 246.601196
1973,  2, 119.345777, 144.407259,  87.911042, 107.464676,  57.964112,  67.996241,  29.895571,  42.767557,  57.418671, 251.726710, 180.017653
1973,  3, 103.048975,  89.877503,  71.788013,  94.964369,  52.143138,  51.808478,  28.069844,  43.897932,  59.855693, 163.863917, 127.342687
1973,  4,  87.178370,  20.532848,  36.545265,  78.596768,  50.868328,  35.172809,  53.278978,  84.371023,  68.405207, 146.072927, 109.766989
1973,  5, 131.559958,   3.386094,  29.610452,  90.131191, 154.300133,  27.895145, 162.260968, 199.981041, 180.407750,  79.786753, 213.930021
1973,  6,  37.526884,   0.414010,  17.300838,  33.053823,  79.787972,  15.667274, 109.549258,  83.099022, 102.044586,  33.371838,  54.109043
1973,  7,  10.554246,   0.003907,  13.542386,  17.740575,  14.192840,  12.872888,  33.101319,  21.117115,  23.170525,   9.759417,  13.806281
1973,  8,   4.191837,   0.001257,   9.679596,   9.937452,   3.094750,   9.360439,   9.599199,   6.413926,   6.382765,   1.357827,   7.316305
1973,  9,   4.060032,   0.270225,  13.899475,  10.621010,   0.098548,  15.899306,   1.858495,   1.211697,   0.623104,   4.669791,  11.400068
1974, 10,  13.525392,   5.713443,  22.391556,  20.731294,  11.047421,  22.977974,  11.628132,  16.811143,  16.300534,  43.508321,  31.317690
1974, 11,  98.772537,  28.841437, 110.002823, 128.535288,  21.914599,  93.089852,  23.329687,  35.563998,  39.227318, 278.129746, 250.243597
1974, 12, 119.380384,  42.559406,  96.092976, 106.314139,  26.914302,  82.974467,  18.555794,  48.655960,  45.026969, 306.827910, 192.074283
1974,  1, 187.634189,  66.916324, 152.149088, 172.269190,  28.451560, 110.904163,  25.308564,  61.867958,  39.738268, 410.987485, 269.239903
1974,  2,  73.039348,  18.261935,  59.660875,  79.900791,  10.603854,  50.128269,  14.577821,  23.345791,  17.925469, 149.808540, 106.998266
1974,  3, 173.961276,  68.636804, 145.997984, 192.244323,  67.819558, 113.085286,  59.228664, 108.578834,  86.249568, 327.904064, 304.179234
1974,  4, 159.908047,  41.108275,  92.079447, 159.859259,  77.638484,  67.035500,  64.941290, 109.711216,  90.960751, 264.655377, 202.562256
1974,  5, 149.014216,   6.127603,  41.543987,  98.101267, 147.030687,  37.770740, 120.146796, 192.564257, 168.246360, 201.256015, 224.968600
1974,  6,  55.520903,   2.594166,  30.309660,  53.946897, 103.688385,  25.930039,  80.311737,  93.367191, 114.547267,  91.551276,  52.926573
1974,  7,  44.022816,   6.761692,  31.207397,  42.289897,  22.240706,  30.062595,  25.465725,  44.703073,  38.837474,  41.269253,  57.834900
1974,  8,   5.739436,   0.206502,  18.799324,  16.932752,   2.928840,  19.520135,   6.575763,   8.372556,   6.618032,  15.347162,   5.363236
1974,  9,   1.321947,   0.000000,  12.455518,   7.375608,   0.103457,  12.069765,   1.114257,   1.615834,   0.868408,   3.831628,   0.807076
1975, 10,   7.390876,   4.146434,  14.709089,   9.123614,   6.463469,  14.141474,   9.164177,  11.149779,  13.020003,   5.258988,  13.052326
1975, 11,  14.039599,   1.330223,  14.929486,  18.822336,   4.797727,  16.812356,   8.250628,   9.950985,   8.474781,   9.622312,  23.762067
1975, 12,  11.774837,  24.557664,  24.638272,  17.831069,  12.801990,  24.268602,  11.821770,   8.628328,  13.920433,  27.437545,  26.084016
1975,  1,  26.362515,   5.846693,  18.069849,  20.159263,  10.066637,  16.930049,  12.029077,  15.302872,  12.827527,  66.025780,  25.236451
1975,  2,  78.057970,  71.261912,  74.645566,  83.572979,  34.408483,  62.022963,  22.809310,  38.133315,  39.184541, 135.052710, 139.348485
1975,  3, 129.011189, 127.642754, 111.149713,  92.873802,  66.503931,  81.253298,  56.210747,  78.363821,  76.260038, 254.227619, 193.084860
1975,  4,  78.995703,  29.763482,  58.260924,  51.396212,  47.062567,  49.913284,  47.763348,  60.063941,  71.417627, 100.238557, 113.394780
1975,  5, 193.550199,  14.606116,  37.177926, 152.302864, 131.596818,  32.054729, 140.194162, 198.795868, 159.193218, 302.583601, 262.577505
1975,  6, 114.238652,   6.492444,  28.947203,  63.820510, 136.944896,  25.824961, 132.740859, 177.526388, 178.055808, 119.343850, 165.540556
1975,  7,  23.073759,   5.475192,  24.263833,  28.339175,  23.169432,  24.014633,  35.001897,  38.075965,  38.650903,  38.461451,  29.378965
1975,  8,  12.388161,   1.675891,  19.823539,  22.803603,   5.020012,  22.404843,  12.375704,  19.276110,  16.590918,  16.720280,  17.304475
1975,  9,   2.861059,   0.074244,  10.740307,  10.348802,   2.005053,  11.402596,   7.172778,   3.996135,   4.122097,   5.541056,   4.040142
1976, 10,  29.785295,  10.206844,  26.163160,  27.486453,  14.647643,  26.127449,  25.271725,  27.197768,  28.527733,  21.983249,  51.836728
1976, 11,  19.829262,   1.578777,  14.960072,  19.727566,   4.526570,  16.013713,   5.442838,  12.662807,   8.501046,  34.912047,  26.238339
1976, 12,  10.814660,   3.789865,  15.605157,  12.170229,   1.616758,  14.764169,   3.548421,   7.298889,   2.604334,  46.324782,  22.197787
1976,  1,   5.271132,   0.698029,   8.113027,   6.796383,   1.215026,   8.042584,   2.847812,   3.845667,   1.803598,  25.084900,  11.003037
1976,  2,  13.493376,   3.938215,  27.703621,  16.980204,   8.744852,  24.176650,  17.710130,   8.501399,  11.659164,  70.453298,  29.091744
1976,  3,  26.638574,   5.948535,  30.837275,  32.605828,  10.605222,  26.037097,  16.846228,  16.719397,  17.800098,  55.346699,  52.061042
1976,  4,  21.550104,   8.998137,  29.999431,  20.351343,   9.875891,  23.522459,  17.874917,  23.713622,  21.029859,  86.068085,  42.331379
1976,  5,  40.635628,   0.366339,  11.646577,  13.026459,  38.627445,  10.881757,  52.534254,  53.770149,  74.174149,  55.570077,  37.316527
1976,  6,  10.262398,   1.064943,   9.203679,   6.923812,   6.896393,   9.919482,  19.744285,  12.739167,  18.804845,  18.308366,  10.970919
1976,  7,   3.928740,   0.062310,   7.390101,   3.167076,   2.308665,   7.948229,   9.759825,   5.277335,   7.727134,   5.516543,   1.530880
1976,  8,   9.792661,   6.751825,  21.169251,  11.304164,   3.019968,  22.512471,   3.778335,  14.433078,  11.624885,   6.458104,  20.992169
1976,  9,   5.453788,   0.943519,   8.817825,   7.960500,   6.147471,   9.852339,  16.532022,   5.468287,   7.992043,   1.963231,   8.122126
1977, 10,   3.453707,   0.673369,   4.079181,   1.441145,   2.208854,   4.328474,   5.330193,   3.580329,   4.803721,   1.019291,   2.609660
1977, 11,   6.910520,   2.383898,   5.872855,   5.729182,   3.092270,   5.881151,   2.942801,   6.954199,   6.902369,   1.524967,  12.118924
1977, 12,   0.167910,   1.734946,   2.471849,   0.633290,   0.607338,   2.229055,   1.904223,   0.346015,   0.962082,   0.500150,   1.475025
1977,  1,   7.762462,   8.379618,   9.891498,   9.159985,   3.997221,   7.403779,   6.296139,   7.321642,   7.292819,   3.222858,  13.992912
1977,  2,  12.922546,   4.748215,   8.915673,  13.859330,   5.684696,  11.710678,   8.630529,  11.431754,  10.676509,   5.267181,  32.668322
1977,  3,   8.245271,  10.323997,  11.010387,   9.458748,   3.230166,  10.305712,   6.790104,   5.816417,   5.816097,   7.927610,  15.695237
1977,  4,   9.967339,   5.483694,   6.062856,   8.877514,   7.315024,   4.972322,  12.585486,  16.443659,  14.640279,  18.971851,  17.209051
1977,  5,  19.696571,   9.065534,  19.312941,  17.254362,  10.769576,  18.192039,  22.129659,  26.423952,  27.295994,  18.178282,  42.902424
1977,  6,  16.046038,   0.277453,   6.583350,   5.380255,  14.750711,   6.898013,  42.004325,  18.051827,  36.970691,   7.935980,  10.812422
1977,  7,   3.560041,   0.133933,   2.987233,   1.332229,   1.142667,   2.954265,   8.234462,   3.585009,   5.321538,   2.941201,   2.994257
1977,  8,   1.004045,   0.025357,   4.207612,   0.965291,   0.040194,   4.407427,   3.147832,   0.356035,   0.702046,   0.265326,   2.541708
1977,  9,   1.121234,   0.923120,  19.637360,   7.960768,   0.501958,  19.809049,   0.900562,   2.156324,   1.736890,   3.913017,   9.249366
1978, 10,   0.925864,   0.765396,   5.335942,   3.129551,   0.746526,   7.015087,   2.286843,   0.848931,   1.812910,   2.012023,   4.180452
1978, 11,  15.628493,  12.491773,  16.066454,  15.581702,   9.780737,  15.740704,  11.226135,  15.624328,  17.817461,  18.919561,  27.729718
1978, 12,  49.920937,  32.958199,  56.494710,  49.500125,  27.872885,  51.038299,  37.150690,  29.135613,  39.310421, 139.125126, 106.127598
1978,  1, 142.130131, 141.823041, 147.009631, 194.181642,  49.790313, 110.453193,  48.717069,  54.531959,  43.688972, 333.149276, 245.935257
1978,  2,  73.565791, 119.240028,  85.787163, 107.702151,  60.441074,  70.202021,  61.433241,  55.194294,  51.358026, 194.918211, 132.030958
1978,  3, 130.934652,  97.473480, 109.896461, 159.695194,  94.034535,  84.617136, 119.245399, 139.655847, 117.817685, 235.050774, 220.001730
1978,  4, 132.855042,  47.934133,  97.642859, 126.953489,  95.371442,  82.117625, 107.674581, 144.030201, 126.589071, 156.120376, 199.270146
1978,  5, 121.106552,   7.851962,  43.825264,  92.228721, 138.980436,  40.649554, 158.619323, 180.375482, 149.663213, 115.853172, 228.910415
1978,  6, 105.405991,   0.796370,  28.865526,  54.622518, 199.181384,  26.558157, 264.395162, 186.695187, 239.909430,  52.444062, 154.233130
1978,  7,  22.169853,   0.034082,  21.690477,  29.182221,  55.216326,  20.863710, 116.118904,  50.186318,  87.364119,  25.543113,  26.476594
1978,  8,   6.741630,   0.003025,  17.014890,  13.964619,   9.612341,  16.635885,  31.523849,  13.861157,  20.881165,   8.057785,   7.869925
1978,  9,  13.991038,   1.983547,  20.693847,  19.478677,  16.409849,  22.844118,  29.737293,  23.999555,  30.426385,  16.747201,  25.717119
1979, 10,   0.683772,   0.000000,   8.783593,   4.571152,   0.327562,   8.763972,   3.009182,   1.196732,   1.544219,   3.815650,   0.307340
1979, 11,  11.128207,   4.620436,  13.869055,  15.452866,   8.336061,  13.995610,   7.433895,   6.944270,   9.361178,   6.496146,  21.195227
1979, 12,   7.552398,   0.462289,   8.770504,  10.176094,   5.414293,  10.283317,   6.715555,   6.894243,   6.873588,   6.100939,   8.639498
1979,  1,  48.211428,  34.282656,  29.682887,  46.080610,  30.745082,  25.903391,  24.970999,  25.794132,  34.720586,  57.173163,  53.680474
1979,  2,  43.410350,  46.945545,  58.141020,  72.633461,  46.243414,  49.617032,  23.469636,  32.536737,  39.346764,  57.510469,  85.133623
1979,  3, 103.131659,  40.029985,  58.649574,  77.905255,  72.219513,  51.016457,  71.821949,  77.447228,  89.612115, 107.588833, 146.581048
1979,  4,  83.858355,  23.695865,  41.844611,  68.002263,  56.423693,  36.297353,  81.537429,  84.219845,  84.581071,  86.978940, 122.057238
1979,  5, 172.661110,  10.917193,  39.445693,  97.803470, 175.599079,  33.720185, 176.205002, 201.547145, 198.378123,  97.413277, 264.994504
1979,  6,  48.769254,   0.941561,  17.152775,  34.290429, 101.940153,  15.462490, 140.011521,  76.548677, 124.510908,  32.174032,  59.854089
1979,  7,  18.472090,   0.087679,  12.888788,  19.707894,  18.704257,  12.436174,  40.879743,  21.185713,  28.193191,  13.655043,  18.111210
1979,  8,   4.016353,   0.370687,  16.224671,  11.647351,   2.455761,  16.862368,  10.933003,   5.208673,   6.233526,   4.345323,   6.151271
1979,  9,   1.084682,   0.673881,   8.460673,   6.994484,   0.115714,   9.246863,   3.409780,   0.679406,   0.711219,   2.767998,   1.048255
1980, 10,  17.416085,   9.107734,  30.485938,  28.192161,   8.390497,  32.033262,  11.703807,  15.146567,  15.046414,  19.412174,  44.697888
1980, 11,  17.938952,  18.728255,  29.798318,  22.055339,  10.093876,  27.774576,  13.702661,  15.999648,  17.516419,  64.404312,  32.599447
1980, 12,  19.347157,  38.643617,  37.369055,  34.816831,  10.601411,  31.230034,   6.715643,  13.276175,  16.130348,  69.003425,  29.825828
1980,  1, 257.167431,  73.018772, 101.449206, 165.699486, 125.944527,  86.105394,  85.524842, 148.005567, 147.485319, 173.565318, 387.591640
1980,  2, 210.097156, 147.621309, 115.396422, 176.053058, 123.120421,  89.082101,  78.607220, 134.062906, 139.148302, 242.472989, 341.793201
1980,  3, 123.450348,  66.694962,  71.404182, 101.543383,  80.291302,  57.405717,  73.628089,  73.212170,  93.595182, 121.932495, 161.389144
1980,  4,  99.598364,  22.514007,  51.987733,  85.210949,  89.948578,  47.745708,  93.288780, 110.384798,  92.218986, 113.520487, 135.717370
1980,  5, 113.221119,   4.160385,  36.383039,  66.450332, 114.969967,  35.840283, 130.575344, 152.962367, 120.705249,  56.991052, 142.560030
1980,  6,  63.689375,   2.546071,  26.355877,  37.279050, 135.857156,  26.979766, 170.023470, 130.757593, 156.751650,  36.612460,  74.620710
1980,  7,  52.425238,   0.011767,  16.177442,  22.987129,  94.495575,  16.066743, 151.261802,  72.355052, 140.608852,  14.290718,  26.910015
1980,  8,   8.245764,   0.000000,  11.644019,   9.627042,  16.896068,  11.974719,  41.889119,  17.063814,  30.792356,   2.946592,   4.925797
1980,  9,   2.820111,   0.594963,  11.560403,   7.162795,   3.166099,  12.772287,  12.238391,   5.735241,   8.265851,   1.001795,   1.329376
1981, 10,   5.270673,   0.955579,  12.630637,   8.718223,   2.055591,  13.977417,   5.540032,   3.567999,   4.820416,   2.396265,   9.579873
1981, 11,   3.995727,   0.762976,   8.514834,   5.615077,   2.230183,   8.788420,   4.821594,   2.467247,   3.639219,   2.219570,  10.968294
1981, 12,  15.820696,  18.337251,  33.748285,  43.149455,  10.840668,  31.640450,   8.287338,  14.864329,  17.401550,  32.771281,  36.375930
1981,  1,  41.308872,  47.352425,  45.984620,  48.963977,  20.005439,  40.074306,  14.760315,  26.001811,  30.507593,  96.675377,  56.603157
1981,  2,  36.950376,  26.115384,  52.977395,  58.888891,   7.644615,  42.685298,  12.837788,  13.138942,  14.805992,  96.503004,  60.893598
1981,  3,  78.108499,  43.091606,  69.402197,  69.411177,  29.057178,  55.351852,  26.913928,  34.048481,  34.214355,  97.694901, 103.397529
1981,  4,  62.528800,  15.565151,  38.561701,  55.771017,  55.197959,  33.405717,  57.227547,  83.470351,  67.857738,  79.901705, 121.837234
1981,  5,  67.646232,   7.719705,  34.408948,  43.649422,  74.070180,  32.386045,  81.854009,  78.067922,  99.058050,  45.706015,  74.951273
1981,  6,  20.868950,   0.302149,  16.768508,  17.321988,  23.219954,  15.300067,  61.626679,  21.890151,  42.260543,  22.463542,  17.190266
1981,  7,   5.878518,   0.049866,  11.424052,   8.351823,   3.745248,  10.295496,  15.726100,   5.513616,   8.896461,   7.154173,   3.768642
1981,  8,   1.119993,   0.000000,   8.190937,   3.485497,   0.295149,   7.653821,   3.751036,   0.898280,   1.168745,   0.486584,   0.341556
1981,  9,   2.886548,   1.820040,  12.211922,   6.986173,   0.509319,  12.210198,   2.186016,   1.857507,   1.077529,   1.808891,   8.530577
1982, 10,  17.423587,  10.264701,  24.659285,  30.318520,  12.420380,  27.240648,  14.307866,  17.307435,  22.928942,   7.361622,  47.905702
1982, 11, 141.828930,  29.218884, 102.604374, 159.474904,  30.493307,  89.730822,  31.661656,  63.488288,  49.929242, 161.022243, 278.669255
1982, 12, 203.200855,  53.144701, 109.964765, 158.126177,  26.792425,  84.845582,  21.802913,  97.880936,  58.844369, 224.955432, 368.694672
1982,  1, 137.976941,  61.555853,  69.188296,  88.428274,  58.749833,  51.600897,  26.131252,  84.868458,  59.439478,  83.166035, 158.960529
1982,  2, 208.913093,  64.804649,  90.767166, 165.184887,  71.705613,  74.915970,  64.097171, 152.447188, 129.906616, 217.564118, 275.378427
1982,  3, 211.628494,  59.621422,  96.652227, 146.485920,  91.674856,  75.109009, 107.022554, 167.528512, 172.803452, 162.384016, 238.357527
1982,  4, 281.911587,  63.408731, 117.634043, 211.933049, 160.136168,  86.383378, 166.883877, 228.786855, 205.694527, 167.458467, 390.859142
1982,  5, 273.887976,  12.697013,  47.537391, 158.337697, 185.936247,  42.623511, 201.195304, 234.360531, 202.350854, 162.831636, 341.676321
1982,  6, 100.958255,   4.142294,  39.422672,  66.349187, 155.928556,  36.390575, 179.270281, 151.246579, 202.256874,  58.442752, 116.482805
1982,  7,  33.860057,   1.762980,  27.832881,  41.740061,  59.697039,  26.919788, 103.490358,  71.862904, 113.227075,  32.909412,  31.377759
1982,  8,   9.258529,   0.123746,  17.882421,  21.459539,  11.896535,  16.848194,  31.601091,  17.887633,  29.090259,  11.074269,   6.898510
1982,  9,  18.875876,   1.382771,  17.886684,  23.558775,  13.679869,  17.787800,  31.350498,  23.695642,  32.125388,   6.229801,  25.414729
1983, 10,  40.786149,  11.271354,  27.600113,  37.560428,  28.575903,  28.083104,  35.104815,  47.678508,  47.898904,  21.008482,  62.874004
1983, 11,  62.710567,  25.940537,  38.594098,  60.181088,  35.479387,  34.327406,  45.740874,  54.021509,  66.129183,  70.365127, 101.244619
1983, 12, 192.976338,  57.581028,  81.070101, 116.061919,  53.402385,  62.753706,  49.962715,  73.300573,  78.850507, 191.689870, 177.846131
1983,  1, 133.456097, 108.721767, 101.759027, 111.035986,  76.803559,  80.864599,  60.625909,  85.238486, 100.653612, 238.825754, 148.776522
1983,  2, 183.673223, 146.545254, 142.153559, 203.184107,  98.226716,  97.677636,  95.278636, 109.775218, 124.057067, 244.613615, 259.746971
1983,  3, 298.804288, 294.312148, 238.201330, 308.894095, 150.225777, 145.865941, 137.627711, 179.281061, 210.016019, 409.969036, 382.400085
1983,  4, 144.689064,  90.095781, 105.448023, 142.756621,  73.606295,  75.860916,  80.471274, 103.268261, 118.590284, 212.714168, 185.088577
1983,  5, 265.482356,  48.538635,  77.131012, 198.624861, 212.276056,  54.828782, 206.317241, 295.006863, 260.316326, 272.989613, 324.438428
1983,  6, 187.653092,   5.469504,  47.822000, 121.012447, 295.298129,  38.262380, 368.388379, 354.498253, 369.801646, 105.302482, 309.967683
1983,  7,  52.763837,   1.272300,  34.955572,  53.480166,  98.366501,  28.243805, 188.934668, 163.075287, 176.374097,  51.760055,  91.387122
1983,  8,  15.204165,   0.816191,  32.478836,  31.240180,  19.118770,  31.455212,  56.659048,  43.613928,  45.827791,  24.038843,  22.558072
1983,  9,   8.221971,   1.366020,  24.936396,  20.148526,   7.155949,  22.599998,  20.874018,  23.082307,  22.109703,  14.390590,  11.557515
1984, 10,   7.909501,   1.128857,  21.710468,  20.381806,   5.268256,  20.044526,  11.236139,  11.077215,  12.187644,   9.127016,  25.786664
1984, 11, 164.053907,  56.053968,  75.229467, 122.891299,  39.747397,  66.652077,  37.876420,  99.399130,  71.419394, 131.732384, 274.504428
1984, 12, 193.023597, 179.301192, 128.984473, 156.284920,  67.256551,  96.432656,  44.025982, 118.747531, 105.370482, 157.449981, 296.241644
1984,  1,  89.285609,  51.006922,  55.120875,  76.121147,  29.879121,  44.468785,  29.709815,  56.310224,  49.827652,  80.701358, 115.108688
1984,  2,  83.292822,  26.351111,  54.861148,  80.586800,  32.700219,  45.834903,  32.147732,  49.708070,  52.945343,  91.383406, 135.505654
1984,  3,  88.227342,  19.862523,  65.753435,  96.406245,  41.513687,  56.732428,  49.462068,  74.720957,  58.617074, 118.157821, 123.103474
1984,  4,  79.658848,   8.462211,  45.681294,  79.383846,  36.859832,  41.416072,  53.674632,  75.732241,  47.790590, 112.522797, 114.441406
1984,  5, 134.684575,   1.500718,  32.762447,  73.800843, 146.516480,  31.488143, 145.462219, 212.002630, 198.811549, 147.190557, 197.967114
1984,  6,  56.598590,   0.279798,  26.581919,  41.690197,  67.471960,  26.608309,  73.465862,  93.288748, 109.738257,  40.290250,  72.935817
1984,  7,  13.798726,   0.000004,  15.611472,  18.510091,  14.492907,  15.915751,  26.921372,  24.737410,  29.345650,  15.833917,  16.652552
1984,  8,   3.975013,   0.274543,  14.945224,   9.978016,   2.276986,  13.285665,   7.943792,   6.614326,   7.130348,   5.960536,   4.890563
1984,  9,   1.836185,   0.335909,  11.736914,   8.693603,   0.498250,  14.349933,   2.504892,   2.039856,   1.799718,   3.356574,   4.006889
1985, 10,  13.512434,   4.163595,  18.292370,  18.086503,   8.251990,  20.159182,   9.375535,  14.166224,  15.036715,   6.703102,  28.962747
1985, 11,  51.097193,  39.483496,  72.944872,  56.790186,  20.686300,  65.404295,  22.303049,  26.893662,  32.898731, 144.470671,  89.362304
1985, 12,  20.446629,  23.923783,  35.450428,  26.793067,   1.788313,  25.046149,   4.045858,   3.709023,   4.036984,  51.618136,  20.811063
1985,  1,  10.319226,   5.479938,  18.989177,  14.766609,   3.240207,  16.322003,   6.099879,   5.299783,   4.967363,  33.994101,  16.757376
1985,  2,  37.539248,  18.542315,  28.382120,  39.661929,  10.185175,  22.986811,  12.793709,  17.119576,  19.218018,  40.178850,  54.366750
1985,  3,  44.063335,  31.250159,  29.782526,  29.039924,  22.682882,  24.922730,  21.896491,  28.379826,  35.640954,  28.038070,  59.508189
1985,  4, 123.707843,  15.553563,  25.006813,  79.630901,  65.470582,  24.988128,  84.415665, 123.931234, 103.166406, 139.189826, 174.886162
1985,  5,  61.466914,   1.822125,  15.044855,  27.797259,  54.952246,  14.164760,  71.860199,  89.057570, 103.617819,  27.330917,  92.147223
1985,  6,  16.302887,   0.360198,  10.142024,  14.448503,  16.706846,   9.672746,  64.459151,  26.330063,  35.521771,  13.251975,  25.064858
1985,  7,   4.473632,   0.000176,   7.986414,   7.052098,   4.995661,   7.169940,  21.501660,   7.772236,   9.369085,   3.001225,   6.638939
1985,  8,   1.077535,   0.098179,   6.076183,   3.125921,   0.196964,   5.996345,   4.595388,   1.628653,   1.281673,   1.133019,   1.841199
1985,  9,   7.321122,   3.562014,  18.531410,  15.173240,   2.940320,  22.015441,   8.639771,  11.134451,   9.302633,   2.779001,  16.468645
1986, 10,   6.774884,   2.137801,  10.509161,   7.776602,   7.924676,  10.614462,  11.504110,   9.165236,  14.083433,   5.552313,  11.282271
1986, 11,  19.266833,  12.856967,  14.119681,  17.547710,  13.074649,  10.739398,  18.294232,  14.759779,  17.217818,   2.806960,  35.960406
1986, 12,  31.466179,  15.990789,  27.658909,  32.587911,  14.170408,  25.006689,  17.819337,  16.779926,  18.341753,  43.657141,  34.531527
1986,  1,  87.339128,  32.924157,  68.847519,  69.608291,  27.445112,  62.021513,  30.898174,  51.484262,  31.441521, 118.426612, 100.149765
1986,  2, 434.135488, 182.837845, 181.893121, 330.033540, 162.656817, 133.791437, 116.507048, 250.665124, 162.724201, 430.360641, 563.603062
1986,  3, 269.427780, 121.845249, 133.195722, 196.369920, 176.758606, 102.218962, 155.138585, 220.215297, 190.398416, 229.435868, 367.423904
1986,  4,  93.818284,  21.913605,  52.200697,  95.254840,  81.255867,  49.702167, 104.142954, 121.711199,  90.097814,  99.012341, 137.302663
1986,  5,  71.019018,   4.549395,  52.352529,  77.268703, 132.615082,  47.726489, 142.075299, 164.441387, 157.661012,  71.733576, 147.760073
1986,  6,  37.473648,   0.325372,  26.063127,  38.020067, 131.310147,  25.021230, 170.798039, 113.076333, 167.777640,  34.694877,  86.730512
1986,  7,   9.078459,   0.154776,  19.358854,  21.067362,  25.792954,  18.404340,  52.787788,  28.474842,  40.970850,  12.879804,  16.094428
1986,  8,   1.840174,   0.000020,  13.962033,   9.731694,   3.882383,  13.532185,  14.477993,   6.939142,   8.806212,   0.997953,   3.846970
1986,  9,  13.751980,   1.141762,  26.634646,  32.183388,   5.534913,  29.663167,   9.774856,  12.472462,  11.703763,   8.829573,  44.180950
1987, 10,   1.559740,   1.365734,  12.929518,  11.587227,   1.938497,  12.998618,   5.892720,   1.928656,   4.284442,   4.549411,   8.473210
1987, 11,   1.929277,   0.226252,   8.735916,   7.563558,   0.179781,   9.673328,   0.659617,   1.230278,   0.657818,   7.237744,   6.029299
1987, 12,   5.950527,   5.127521,  12.912169,  10.297997,   2.103102,  12.292537,   2.118435,   2.700800,   3.516103,  16.680369,  11.200558
1987,  1,  15.551905,  13.147621,  31.264957,  24.969412,   6.680639,  30.894037,  10.297191,   9.966886,  12.852944,  79.970593,  27.201957
1987,  2,  38.058538,  17.917005,  43.641439,  53.429663,  14.325941,  36.120056,  15.223980,  17.429545,  20.867303,  93.513711,  68.225147
1987,  3,  51.597970,  32.393885,  75.310821,  78.008763,  17.528190,  61.713355,  23.000619,  33.104648,  27.078114, 156.069028,  81.237737
1987,  4,  46.442241,   3.254050,  25.139219,  47.396947,  40.450775,  25.976747,  49.544699,  61.097072,  61.381737,  88.518859, 108.939468
1987,  5,  23.032072,   0.636201,  22.203773,  31.644411,  25.597725,  25.119091,  45.141036,  30.599772,  40.786995,  41.855195,  53.146288
1987,  6,   6.873446,   0.021631,  13.025729,  12.709823,   4.574957,  13.948808,  20.511941,   7.164201,   9.945434,  19.329707,  10.476425
1987,  7,   1.906685,   2.518068,  14.931602,   8.510228,   0.519415,  18.471086,   4.536692,   1.440282,   1.952502,   7.565849,   4.978040
1987,  8,   0.127627,   0.000029,   6.203362,   2.381109,   0.000053,   6.532855,   1.664673,   0.036788,   0.026357,   0.814168,   0.147328
1987,  9,   0.084502,   0.005430,   4.622783,   1.058088,   0.358835,   5.028431,   0.772067,   0.058314,   0.027350,   0.023639,   0.005422
1988, 10,   4.645609,   4.073536,   5.046841,   2.793746,   9.180376,   5.147201,  12.732334,   7.642247,  13.433769,   0.164029,   7.165149
1988, 11,  10.915427,   8.411666,  12.868882,  11.209239,   6.674791,  13.227074,  12.877975,   7.766741,  10.799070,   2.869652,  20.154832
1988, 12,  27.507150,  31.014073,  48.901424,  42.291902,   6.045579,  44.931044,   8.770251,   6.964296,   9.583207,  71.289485,  64.808330
1988,  1,  35.979746,  73.464268,  50.907866,  37.896244,  14.875749,  42.323180,  22.949931,  15.016972,  21.736861,  78.261055,  50.224617
1988,  2,  13.938590,  19.480020,  23.733397,  24.560143,   8.080383,  23.491794,  15.520889,   9.494969,  10.466335,  53.303559,  26.215937
1988,  3,  26.827531,   5.047361,  18.456483,  27.640972,  11.322756,  18.189827,  25.820035,  14.009650,  14.931098,  45.283214,  44.678033
1988,  4,  42.826224,   7.637993,  31.497448,  41.443402,  36.014107,  32.675866,  52.005345,  49.133709,  49.254040,  66.335650,  84.206192
1988,  5,  26.797682,   9.023682,  31.736164,  29.312271,  54.153540,  27.328058,  68.672428,  44.489459,  80.557921,  46.617469,  86.609930
1988,  6,  13.172775,   3.941501,  18.472515,  20.212102,  15.163404,  15.142006,  36.669014,  12.203369,  28.448547,  51.705284,  33.334227
1988,  7,   3.052056,   0.027752,   8.631261,   8.498822,   4.235925,   7.470688,  11.750375,   2.640281,   6.918766,  14.991585,  10.816571
1988,  8,   0.465441,   0.000000,   6.585728,   3.648372,   0.244224,   6.293400,   3.462270,   0.519910,   1.247159,   3.876565,   1.141123
1988,  9,   0.429904,   0.000000,   5.466403,   1.758715,   0.495291,   5.709574,   3.152124,   0.440486,   0.638862,   0.515655,   0.647610
1989, 10,   0.094996,   0.173056,   4.169126,   0.984774,   0.000000,   3.422265,   0.063023,   0.017708,   0.045658,   0.201303,   0.161499
1989, 11,  37.381711,  15.922871,  40.746143,  50.580984,  13.056000,  40.932842,  10.736586,  15.347766,  20.664590,  38.054577,  95.705691
1989, 12,   7.874164,   7.903340,  16.094201,  11.675172,   4.284276,  12.900732,   7.536352,   7.820298,   5.356457,  23.347778,  15.697520
1989,  1,   9.684075,   5.504852,  23.840243,  11.629715,   2.816515,  18.852660,   4.561611,   6.927085,   3.766092,  18.887265,  21.762576
1989,  2,  20.345508,   3.233869,  21.296714,  21.797022,   9.937380,  20.767003,  11.832272,  10.978707,  16.629052,  19.375206,  40.006089
1989,  3, 202.719984,  46.136969, 116.987840, 187.128644,  47.191854,  96.022984,  47.933464,  79.122642,  70.005646, 213.240711, 393.031739
1989,  4, 161.944225,   8.735590,  48.444125, 107.356774,  78.209128,  44.295385,  87.857344, 124.206668,  95.181151, 172.516286, 286.792931
1989,  5,  60.802576,   3.218840,  30.334045,  50.944128,  54.788681,  31.436552,  66.940138,  69.625542,  90.021836,  74.212873, 121.097173
1989,  6,  26.468695,   0.764959,  18.523800,  31.466321,  17.663318,  18.613883,  22.142708,  21.818601,  40.608611,  37.795787,  31.853889
1989,  7,   6.749301,   0.025467,  11.949026,  13.578997,   2.293939,  11.762378,   5.919830,   4.777821,   7.719984,  17.448842,   6.522304
1989,  8,   3.515982,   0.005493,  11.871921,  10.605098,   0.909995,  13.023843,   3.671216,   2.009890,   3.501644,   5.687046,   8.384762
1989,  9,  10.572991,  11.113982,  19.572484,  18.322549,   9.735808,  19.978113,  16.299185,  16.966322,  19.158494,   8.195771,  21.064246
1990, 10,  23.027051,   9.243914,  28.072448,  33.058820,  16.002179,  28.767130,  10.644155,  23.650502,  23.107474,  37.310781,  60.275257
1990, 11,  28.374872,   2.045167,  11.270794,  19.254586,   8.395861,  10.108136,   7.134870,  13.618522,  12.193610,  16.106769,  37.698192
1990, 12,   3.264756,   0.038087,   7.204334,  11.412581,   0.130346,   6.902233,   0.281832,   7.031717,   0.495420,   9.420953,   7.378347
1990,  1,  35.477352,  26.704979,  44.441993,  53.687359,  15.445572,  36.974753,  17.790541,  20.512833,  16.656452, 114.260935,  85.062459
1990,  2,  24.970984,   6.932840,  26.191522,  23.090476,  14.221378,  24.083532,  13.438546,  17.142895,  14.074410,  27.548074,  39.765668
1990,  3,  66.082234,  11.421287,  38.680215,  47.931752,  32.121337,  35.102924,  32.029036,  56.059728,  37.470061,  65.132926,  99.572622
1990,  4,  69.673976,   1.184283,  18.840775,  54.991993,  59.154667,  19.891958,  45.953796,  73.790509,  72.586499,  56.974047, 149.750428
1990,  5,  49.668600,  11.776254,  45.491547,  54.025839,  49.867527,  39.585139,  52.399299,  47.791265,  60.569784,  91.204877, 116.870887
1990,  6,  47.398035,   3.707294,  29.765378,  47.422427,  21.086619,  24.082138,  43.246747,  29.355256,  41.163399,  54.424423,  80.059305
1990,  7,  11.790734,   0.279575,  13.059416,  18.189263,   5.559888,  12.237313,  14.551783,   6.999346,   9.241445,  21.759903,  18.314358
1990,  8,   2.943157,   0.168896,  12.789456,  12.536079,   0.549420,  13.550957,   4.039416,   1.740799,   1.875427,   8.593621,   3.886699
1990,  9,   1.688955,   0.367992,   7.924436,   7.258602,   0.825088,   7.438547,   5.350851,   1.915344,   2.678896,   3.214440,   5.671902
1991, 10,   1.754837,   0.410253,   7.823090,   6.394280,   0.105645,   7.169885,   0.881506,   1.039594,   0.541642,   1.961352,   3.555694
1991, 11,   6.115318,   1.476056,   8.533073,   9.763840,   3.677637,  10.070745,   3.448241,   4.776987,   6.792310,   4.512056,  13.537065
1991, 12,   3.758636,   3.169658,   6.441779,   8.257768,   0.898510,   6.652924,   3.998481,   1.677648,   1.443042,   2.968075,  13.759774
1991,  1,   2.747289,   1.523407,   7.527481,   4.492527,   2.314706,   9.304437,   5.348545,   2.601459,   3.134937,   3.686827,   7.309158
1991,  2,  11.326366,   9.867304,  12.880132,  15.581623,   9.073709,  12.590544,   9.546247,   8.818680,   9.891675,  37.256153,  26.308105
1991,  3,  88.768013,  58.967747,  65.878452,  79.603144,  51.443913,  56.306731,  62.197676,  35.912430,  57.705034, 108.056093, 146.614135
1991,  4,  41.429797,  19.202231,  35.013171,  48.526624,  38.651632,  31.422771,  57.225253,  34.641402,  38.314826,  52.898982,  88.700750
1991,  5,  75.991945,   9.648569,  31.982601,  71.623544,  76.557688,  31.145639,  85.215317,  66.740224,  69.838200,  77.404051, 159.488814
1991,  6,  55.776918,   4.853550,  15.384466,  32.773147, 101.798609,  14.341873, 123.734542,  66.116974, 119.027236,  28.978869, 111.358878
1991,  7,  17.228294,   1.444894,  11.043901,  20.408546,  17.880539,  11.816412,  37.958878,  13.404748,  25.494651,  12.700389,  23.462095
1991,  8,   5.065943,   0.124126,   7.343744,   9.767001,   2.330693,   7.408998,   9.947941,   4.821402,   5.496399,   3.497231,  10.127193
1991,  9,   1.106251,   0.007038,   4.699584,   4.478921,   0.523141,   4.567281,   4.341327,   1.484311,   1.488506,   0.311994,   1.595518
1992, 10,  15.543681,   1.220504,   9.063663,  10.817554,  10.854026,   9.336423,  12.053507,  18.052866,  19.005887,   2.398873,  26.844264
1992, 11,   9.118096,   2.783582,  11.942073,  13.830467,   6.617918,  14.202437,  10.688996,  11.331800,   9.353471,   5.204587,  21.121628
1992, 12,  10.526437,  13.618907,  14.007816,  14.642031,   8.335965,  12.614337,   9.771902,   7.479835,  11.147044,  13.778876,  24.676358
1992,  1,  12.276077,   8.788432,  11.255645,  17.910627,   5.269263,  10.025900,   6.842498,   5.656028,   7.915974,  31.674686,  16.815334
1992,  2,  70.907707,  56.120636,  62.110130,  71.425915,  30.209730,  50.860557,  29.342590,  27.686603,  31.549828, 161.845011, 133.261875
1992,  3,  52.189023,  60.835375,  52.022692,  52.967277,  34.273913,  43.064854,  36.288332,  44.554415,  33.352367, 130.295248, 104.048865
1992,  4,  44.016741,  15.208852,  34.702969,  50.323586,  57.278480,  30.951385,  61.491629,  62.687852,  63.347193, 101.669240, 102.696474
1992,  5,  20.503125,   1.833626,  15.514207,  26.935059,  44.638261,  15.315584,  54.282244,  32.912922,  60.170640,  52.732317,  30.133474
1992,  6,   7.855116,   3.002965,  18.898132,  17.830125,   8.881712,  18.950829,  19.679211,  11.748058,  17.647916,  31.529209,  17.297288
1992,  7,   8.046307,   2.461284,  10.327587,  12.844854,  11.936820,  12.336073,  14.905710,  20.498360,  29.122217,  21.721227,   8.651184
1992,  8,   1.165968,   0.000142,   6.101040,   4.410294,   0.633323,   6.551605,   2.801995,   2.630421,   3.577212,   3.362514,   0.348967
1992,  9,   0.741164,   0.000000,   4.609332,   1.770998,   0.224380,   4.983089,   0.986793,   0.392911,   0.782030,   1.322439,   0.285787
1993, 10,   4.951577,   7.005750,  19.697000,  11.484727,   8.837822,  18.677363,  17.927577,  14.099748,  15.109238,   5.396259,  32.229325
1993, 11,  13.571332,   1.949674,   9.793716,  12.503304,   1.173708,  14.346503,   1.438017,   2.676253,   1.990606,   8.640099,  12.496387
1993, 12,  56.302923,  38.119551,  37.910290,  42.764409,  22.421507,  32.520918,  20.115673,  22.331263,  27.131970,  20.871121,  66.320845
1993,  1, 136.358490, 135.696605,  79.085818,  80.429527,  77.385783,  54.957539,  61.085413,  67.733996,  57.626222,  39.470628, 178.937968
1993,  2, 111.884598, 155.534722,  68.042038,  72.890398,  63.808282,  51.377911,  55.914837,  61.946102,  54.207640,  51.210876, 139.727969
1993,  3, 170.987163,  51.644018, 113.844549, 127.495479,  90.801617, 105.553134,  99.133379, 131.789375, 118.933486, 187.959572, 221.706530
1993,  4, 119.201018,  17.642259,  78.586195, 113.749859,  86.377798,  64.117187,  94.076684, 115.986946, 101.234444, 171.855112, 189.619932
1993,  5, 176.902355,  13.640348,  57.948653, 179.378183, 188.158120,  50.318953, 196.342525, 204.276217, 194.898010, 308.421878, 295.773863
1993,  6, 127.225028,  16.582421,  63.605669, 107.650287, 153.208307,  52.964040, 171.730069, 133.960124, 153.930783, 190.649733, 190.799021
1993,  7,  31.307715,   0.870913,  26.411622,  41.836168,  40.443798,  23.823122,  67.565530,  37.345769,  43.020740,  64.393257,  38.823657
1993,  8,   9.371844,   0.047080,  22.792691,  25.493419,   6.731569,  22.854730,  17.828373,  10.276283,   9.772231,  31.730590,  13.616060
1993,  9,   2.244618,   0.000000,  15.771987,  12.916231,   0.634299,  15.907708,   4.492899,   2.407709,   1.521403,  13.401946,   2.223441
1994, 10,   7.854444,   1.705514,  21.545478,  21.238401,   4.134160,  22.992609,   5.538293,   7.320164,   8.607678,  10.992795,  15.784717
1994, 11,   2.937087,   5.113268,  13.132380,  10.698532,   5.299837,  11.962421,  10.075874,   5.127375,   5.958242,   7.165696,  13.943148
1994, 12,  26.764484,   9.783697,  30.192338,  37.553491,  10.320852,  29.424769,  11.402156,   6.811788,  10.634552,  21.415002,  43.313306
1994,  1,  12.061828,  12.187681,  28.483163,  18.252061,   6.397807,  26.114019,   9.853725,   9.363080,   7.994846,  59.842686,  23.157394
1994,  2,  31.383113,  35.361582,  42.974586,  38.570027,  21.389029,  34.819043,  20.817126,  16.569141,  22.143095,  58.717266,  40.914652
1994,  3,  40.902351,  10.144698,  30.548673,  46.180980,  21.892868,  28.376573,  27.798486,  22.989203,  22.768764,  56.729662,  77.070511
1994,  4,  44.719160,  11.562824,  22.201234,  39.086450,  38.675402,  20.297236,  38.974823,  43.632118,  44.956756,  36.860168,  82.418714
1994,  5,  39.752419,   9.172795,  31.286256,  37.774522,  48.377298,  28.021196,  62.965856,  55.133776,  74.823476,  32.271086,  68.709720
1994,  6,  11.850102,   0.450970,  12.885128,  13.326372,   9.922938,  11.928577,  30.596601,  13.018389,  20.793966,  14.715595,  13.830029
1994,  7,   2.762968,   0.017123,   7.824470,   6.389380,   1.045772,   6.887821,   7.462517,   2.910225,   4.015876,   3.185889,   2.642963
1994,  8,   0.255991,   0.000000,   5.376812,   2.841072,   0.007934,   4.702830,   1.394654,   0.264023,   0.204318,   0.142378,   0.165731
1994,  9,   0.759264,   0.001582,   5.957483,   2.312243,   3.898325,   5.705984,   9.003809,   2.629319,   3.616595,   0.223491,   4.243482
1995, 10,   5.996782,   1.744686,   3.708770,   5.266891,  14.415061,   3.931216,  17.132034,   8.727011,  15.416574,   0.285554,   5.862459
1995, 11,  32.566600,  13.365973,  18.935325,  24.181347,  18.759718,  18.635712,  15.458871,  19.183549,  23.882928,   4.827202,  45.684965
1995, 12,  56.752956,  12.070285,  23.103695,  35.842989,  15.569873,  22.713303,  11.577938,  13.768461,  13.614941,   3.222393,  68.331388
1995,  1, 263.778697, 284.454472, 179.300888, 237.934730, 123.970957, 132.355677,  93.797924,  97.427982, 115.112754, 223.427041, 403.380413
1995,  2,  81.086852,  65.577686,  73.798466,  91.653098,  56.924326,  64.847396,  59.008470,  57.900566,  52.312919, 194.015473, 132.031206
1995,  3, 348.344799, 241.888146, 211.405410, 308.995218, 202.542476, 146.769063, 169.283578, 199.610659, 183.397064, 389.764328, 437.928004
1995,  4, 182.751069,  41.853163, 114.177464, 182.028372, 122.604165,  90.679185, 128.091540, 153.726047, 142.490123, 235.337653, 255.536610
1995,  5, 234.741469,  37.200323,  85.983149, 230.297653, 162.796547,  68.381081, 166.823011, 223.439848, 202.834110, 212.479659, 333.330223
1995,  6, 160.442043,   6.288306,  57.173702, 127.286516, 225.262442,  49.893804, 240.065204, 211.782414, 250.450598, 128.112319, 232.495181
1995,  7,  52.430251,   2.170892,  33.618548,  60.367377, 111.470611,  28.387007, 167.377297, 126.538904, 170.839817,  56.733467,  55.374536
1995,  8,  12.187989,   0.006617,  23.011550,  31.499643,  19.221633,  19.595767,  42.636413,  26.816177,  37.640823,  26.447324,  12.883279
1995,  9,   3.262393,   0.000000,  17.322948,  17.498291,   2.844955,  15.086699,  11.261976,   7.748989,   8.723046,  10.648781,   2.792436
1996, 10,   0.975538,   0.000000,  13.409907,  11.149357,   0.194521,  11.981054,   3.204943,   2.209627,   1.713711,   5.905729,   0.535412
1996, 11,   2.504836,   0.065036,  11.482632,   8.541635,   0.112829,  10.930069,   0.989190,   1.239414,   0.627582,   3.673314,   5.482666
1996, 12,  44.205728,  34.578051,  64.884352,  55.966398,  30.331037,  61.486231,  31.398057,  30.274811,  38.309070, 101.787080,  91.259961
1996,  1,  88.891403,  51.004742,  59.494894,  57.365701,  34.711826,  48.169626,  25.690203,  28.100466,  33.072913, 110.250487, 134.201487
1996,  2, 180.727436, 103.389266, 142.224986, 153.002901,  97.817168, 118.085319,  71.234364, 121.466765,  96.618704, 189.477377, 299.492196
1996,  3, 160.740971,  86.491547,  87.741808, 113.325306, 112.638695,  75.477869, 108.964160, 115.432353, 120.366423, 156.764623, 195.492879
1996,  4, 159.375056,  22.703299,  71.901199, 130.494000, 122.848996,  66.459437, 114.193201, 118.726562, 108.539870, 180.180169, 256.613731
1996,  5, 214.375009,  21.662277,  86.899442, 146.682311, 170.676457,  75.524456, 144.098554, 165.057468, 172.970121, 151.907441, 299.371191
1996,  6,  77.575001,   5.767576,  37.184434,  61.577019,  89.561367,  35.732500, 109.105060,  88.706553, 146.103502,  66.776963,  79.803151
1996,  7,  20.790560,   0.335417,  26.131363,  35.397002,  14.571621,  27.345959,  30.927768,  20.206022,  30.361357,  31.445882,  20.576875
1996,  8,   5.362195,   0.000077,  18.285723,  17.960403,   1.795786,  19.278225,   7.699297,   5.544192,   6.793363,  11.836611,   3.027644
1996,  9,   2.992344,   0.145671,  16.284450,  14.154199,   0.204228,  17.656639,   2.275743,   1.549487,   1.252726,   6.307795,   7.392750
1997, 10,   4.536773,   4.583633,  17.824148,  12.767692,   8.333138,  19.283214,  12.428370,   5.851736,   8.065282,   6.653550,  12.170297
1997, 11,  40.192511,  10.383495,  33.770875,  29.795829,  37.818026,  36.760633,  43.843153,  30.839107,  41.261120,  32.742664,  51.915942
1997, 12, 245.950901,  38.408619, 138.128836, 131.941145, 101.820055, 118.167701,  87.298747,  90.399616,  98.807115, 273.016758, 348.591366
1997,  1, 536.660841, 120.997421, 200.964758, 302.731131, 233.445463, 154.184884, 206.323268, 319.910270, 300.447022, 332.516489, 595.440159
1997,  2, 107.125111,  26.523024,  65.557754,  75.485094,  67.211602,  55.634082,  79.468513,  63.959391,  80.981242, 101.214454, 116.542304
1997,  3,  74.467209,  23.852178,  57.476648,  90.000885,  50.260159,  54.452205,  65.508278,  83.793286,  68.928114, 110.789294, 111.877196
1997,  4,  56.414895,   4.266676,  48.526697,  65.518263,  40.322133,  47.091806,  58.435794,  74.413899,  54.986352,  82.275805,  86.236652
1997,  5,  63.742710,   2.301561,  31.807615,  47.177503, 145.857832,  31.250134, 127.204352, 123.729777, 181.188521,  44.856385, 114.556569
1997,  6,  28.330223,   0.684817,  27.431542,  30.141133,  56.021540,  27.599624,  92.961120,  58.675846, 100.870766,  27.915342,  38.624547
1997,  7,   7.062577,   0.604498,  17.423161,  13.070634,  11.369204,  18.002863,  31.604905,  15.894896,  25.129955,  14.995345,   8.221748
1997,  8,   2.844852,   1.962605,  14.797764,   7.312281,   1.957043,  15.351413,   8.126549,   4.041937,   5.565585,   4.883551,   5.620285
1997,  9,   1.385491,   0.572719,  14.335088,   7.740972,   1.662076,  16.259670,   4.423352,   1.612962,   1.992028,   2.736741,   3.082219
1998, 10,  10.343831,   2.098673,  16.642970,  15.095914,   1.133450,  16.257469,   3.918247,   5.855885,   4.132301,   4.971913,  23.329609
1998, 11,  24.171261,  27.185628,  46.061097,  32.536355,  11.507270,  44.627710,  17.206529,  17.705402,  18.047747,  50.525458,  56.057823
1998, 12,  26.272087,  28.640954,  41.927527,  36.920478,   8.256806,  33.009353,   9.361106,   7.656593,  10.678197,  61.151819,  34.822293
1998,  1, 160.070241,  97.427753, 141.408277, 144.874274,  39.584702, 113.459906,  37.430677,  72.259558,  64.735182, 245.850144, 266.223511
1998,  2, 220.861883, 369.265873, 201.331423, 171.527897, 102.398302, 122.250221,  70.577639, 117.993417, 113.597846, 248.621270, 263.897713
1998,  3, 164.522209, 110.325037, 129.456717, 123.398170,  99.301610,  95.840437,  82.293109, 122.203133, 118.818454, 272.502820, 165.266042
1998,  4, 157.083423,  82.498704,  93.146059, 129.745881,  95.662058,  71.317886, 101.672819, 131.092098, 124.927517, 213.667930, 188.102668
1998,  5, 169.956064,  85.943119, 118.158362, 170.671713, 102.511134,  99.106068, 127.078528, 151.815759, 131.482663, 257.423758, 234.674326
1998,  6, 177.269167,  47.980626,  82.040444, 155.070280, 217.974389,  63.717563, 213.889228, 208.218426, 245.937120, 235.197697, 273.606501
1998,  7,  48.189278,   3.631616,  44.566821,  59.321363, 130.762012,  38.811514, 196.266631, 109.259156, 174.978936,  68.455830,  64.339065
1998,  8,  12.583675,   0.270106,  30.913859,  31.252917,  21.212809,  27.037186,  50.616023,  23.807574,  36.833643,  31.090580,  14.725591
1998,  9,   9.767553,   0.085744,  26.367099,  24.114345,   7.397165,  26.283617,  22.028481,  16.207191,  19.322783,  14.732520,  15.674462
1999, 10,   5.809351,   2.886760,  21.241827,  18.611430,   1.935814,  19.496298,   6.437894,   5.225685,   5.311412,  13.307407,  11.449406
1999, 11,  26.549942,  14.235323,  61.096990,  48.504126,  10.239053,  62.382456,  11.100530,  16.983023,  18.040627,  83.982954,  74.644093
1999, 12,  49.353942,   8.822191,  55.319238,  61.832164,   7.490624,  47.780508,   8.274345,  15.436577,  12.177940,  85.817272,  83.053605
1999,  1, 149.366641,   5.904722,  55.708593,  76.999622,  40.547277,  50.788426,  35.176034,  56.786128,  57.149026, 113.745606, 210.133762
1999,  2, 219.362796,  41.914915, 102.750948, 140.160287,  66.363167,  79.576593,  42.065111, 115.871493,  93.803969, 114.241354, 256.484202
1999,  3, 123.886790,  58.529146,  88.269930,  99.787331,  37.127057,  71.667426,  37.778622,  60.425276,  54.648585, 110.815252, 141.159063
1999,  4, 105.903291,  38.221541,  59.284488,  99.277565,  63.594578,  52.883547,  74.701873,  84.436316,  74.925491, 145.041052, 123.022310
1999,  5, 130.245387,   4.958471,  35.171261,  82.617721,  96.497713,  34.635345,  95.859426, 135.271656, 128.796858, 150.746799, 172.556560
1999,  6,  71.289967,   3.961327,  26.700717,  42.210911,  57.743110,  26.348490,  79.570204,  90.412632, 102.127743,  45.106434, 101.378176
1999,  7,  16.823674,   0.011242,  17.995947,  21.149677,  11.731413,  18.264602,  26.811633,  23.648196,  26.169996,  17.598431,  22.503758
1999,  8,   6.278774,   0.532328,  16.115012,  12.418867,   1.844039,  17.816517,   6.851569,   7.601406,   6.182449,   6.107733,   7.636483
1999,  9,   1.679426,   0.000000,   9.890395,   4.961841,   0.338442,  10.685952,   3.056465,   1.868958,   1.983780,   1.501294,   1.521248
2000, 10,   6.742123,   1.591007,  15.733950,   9.458805,   1.296306,  17.947660,   1.158193,   5.058208,   4.306716,   3.837137,  17.709651
2000, 11,  16.997710,  11.334700,  22.800226,  23.834826,  10.057018,  22.275239,  12.375319,  14.278740,  16.859333,  10.842440,  32.352461
2000, 12,   8.123297,   1.652292,  12.439750,   9.589774,   0.476307,  14.117878,   0.437683,   1.697243,   1.193364,  20.106620,  14.794447
2000,  1, 116.962071,  22.213536,  68.799033,  57.186675,  39.277717,  66.621403,  38.803921,  52.597865,  56.021175, 125.265760, 133.157622
2000,  2, 204.379162,  65.609203, 112.939842, 124.926481,  70.335600,  90.119225,  57.759570, 105.753578,  89.179795, 200.873301, 256.487681
2000,  3, 145.787533,  42.524646,  79.644827, 112.685548,  68.060008,  66.022431,  63.642830,  83.082319,  83.206056, 138.703224, 151.928832
2000,  4,  87.361246,  20.996251,  61.861414,  95.044234,  72.889380,  59.810533,  79.767128,  90.663168,  91.372125, 201.634875, 162.896160
2000,  5, 105.892599,  28.904951,  36.545346,  61.328577, 105.589387,  36.594841, 121.016837, 120.003237, 161.796631,  96.388724, 180.696310
2000,  6,  32.461421,   4.898135,  22.360056,  28.365132,  31.817808,  22.768474,  55.218460,  46.528528,  68.870305,  42.785016,  51.113656
2000,  7,   8.639679,   0.328893,  17.152326,  14.620169,   5.236533,  18.510480,  13.450209,  10.666035,  15.126854,  20.545930,  11.613557
2000,  8,   1.424346,   0.000013,  11.580285,   6.506428,   0.629242,  12.635178,   4.484909,   2.875418,   3.469840,   4.873294,   2.226796
2000,  9,   5.457141,   0.813382,  16.411610,   6.222788,   2.060247,  18.674314,   3.457964,   5.727908,   5.851532,   2.551376,   8.848813
2001, 10,  13.504891,   7.891191,  23.317741,  15.286158,  11.038261,  23.791931,  16.609780,  14.883682,  16.757934,   5.990837,  33.213674
2001, 11,   9.290742,   3.088568,  10.973422,   9.598201,   1.596307,  11.463084,   1.922917,   4.013843,   3.692362,   3.259064,  10.633303
2001, 12,  12.680603,   2.426651,  15.227993,  12.255843,   2.271586,  16.600280,   1.941992,   5.265392,   4.493169,   5.652554,  22.286881
2001,  1,  15.431412,  28.194412,  23.750724,  16.305282,  14.050531,  19.352182,  13.062718,  13.655426,  17.905824,  10.186175,  26.795271
2001,  2,  22.332690,  42.401110,  44.702686,  25.635511,  15.617937,  35.946959,  13.933853,  12.483551,  15.257568,  35.362557,  38.021708
2001,  3,  63.404995,  72.148423,  45.916323,  60.492581,  50.130370,  40.317067,  49.092396,  55.820571,  49.048921,  98.840518,  97.998805
2001,  4,  75.021363,  10.238118,  35.963164,  38.200197,  54.693053,  33.741607,  73.897044,  80.504527,  71.108744,  72.290373,  98.628022
2001,  5,  48.135085,   1.178356,  17.438406,  22.060380,  94.830509,  15.432177, 151.934239,  70.672162, 118.201014,  51.809908,  99.628747
2001,  6,  10.841284,   0.987961,  15.421482,   9.983526,  18.662499,  15.602852,  72.907784,  13.820327,  25.393200,  19.261783,  18.944365
2001,  7,   2.178640,   0.017568,   9.018716,   6.060863,   4.149938,   8.935344,  24.713404,   5.316037,  10.011581,   6.428229,   3.864086
2001,  8,   0.152229,   0.000000,   5.917011,   1.576980,   0.236898,   6.153990,   5.802180,   1.009899,   0.744598,   0.914549,   0.346435
2001,  9,   1.560521,   1.176807,   9.734952,   2.424367,   0.708110,  11.888994,   3.203030,   1.844683,   2.537701,   2.404438,   3.497258
2002, 10,   0.067219,   2.845273,   8.124555,   2.286798,   3.112846,   7.563816,   6.660933,   3.101693,   5.057160,   0.999765,   5.837702
2002, 11,  30.137923,  31.641296,  33.905471,  33.195143,  18.582884,  34.297804,  20.200119,  22.068056,  26.704915,  20.848290,  65.439049
2002, 12,  41.634633,  63.342640,  72.156330,  47.380510,  29.386273,  55.938811,  26.437741,  26.438435,  32.438482,  33.694934,  81.826079
2002,  1,  52.399820,  77.809285, 145.034154,  50.257757,  15.782507,  92.559593,  15.514308,  13.547244,  13.888083, 146.731528, 100.322218
2002,  2,  64.098028,  21.193947,  66.431347,  43.126478,  20.526655,  52.467491,  20.818500,  28.936866,  26.405473, 145.671603,  93.984453
2002,  3, 116.216600,  11.756735,  54.973207,  57.775697,  38.074564,  44.943007,  37.842084,  62.133905,  46.286134, 115.230154, 153.730535
2002,  4,  91.762143,   2.651422,  38.432293,  62.115253,  64.385984,  36.096653,  71.924832,  78.627878,  75.806620, 185.887700, 154.673488
2002,  5,  58.878058,   2.845524,  29.839392,  33.887085,  74.635308,  26.912342,  82.543050,  57.544424, 100.783988, 100.138080, 141.356761
2002,  6,  20.294060,   0.012826,  16.594849,  13.949183,  40.129193,  14.784366,  79.523562,  33.580267,  60.689682,  39.132648,  72.475715
2002,  7,   4.820626,   0.000000,  12.043306,   6.866549,   6.420758,  10.706167,  20.637199,   6.716965,  12.557612,  13.626313,  13.622391
2002,  8,   0.794602,   0.000000,   8.549478,   2.956817,   0.550794,   7.841017,   5.048366,   1.463924,   2.087572,   3.628970,   3.147840
2002,  9,   0.090831,   0.000000,   6.620921,   1.240356,   0.972319,   6.337711,   2.321531,   0.436218,   1.454499,   1.281004,   0.524914
2003, 10,   0.016341,   0.000000,   4.965238,   0.790258,   0.327016,   4.751938,   1.215098,   0.154238,   0.668284,   0.443453,   0.035164
2003, 11,  23.678329,   9.516094,  19.678427,  32.758781,  28.928120,  21.218608,  38.424159,  27.118267,  38.874298,   9.917090,  58.029263
2003, 12,  55.597037,  73.860052,  94.541065, 100.680738,  26.517058,  78.422021,  24.004440,  26.736987,  34.674198, 166.860150, 159.024874
2003,  1,  39.552112,  64.773653,  90.524008, 102.928271,  13.324195,  67.867348,  12.058155,  21.049295,  13.625301, 176.350311, 142.069733
2003,  2,  34.477424,  27.114679,  41.278096,  50.997568,  16.177078,  36.484283,  21.459854,  17.030084,  14.304226, 102.122392,  96.461028
2003,  3,  59.975075,  37.154239,  74.272898,  79.846572,  34.230337,  62.923282,  37.090473,  32.183530,  35.841669, 158.854112, 146.288715
2003,  4, 119.566249,  40.659154,  82.337617,  86.238892,  73.788098,  71.274016,  60.133407,  80.371577,  87.191622, 151.852586, 170.933063
2003,  5, 150.211041,  50.268696,  61.742388, 105.948641, 141.822919,  48.968196, 147.607734, 116.126997, 172.505779, 169.329424, 223.548154
2003,  6,  41.410986,   3.312694,  24.932169,  39.168890,  53.144752,  24.221662, 101.845896,  46.533613,  80.930236,  58.197158,  58.458383
2003,  7,  11.849682,   0.427313,  19.490649,  20.970822,  10.801648,  19.273204,  30.888137,  11.369940,  21.122670,  23.991508,  13.589803
2003,  8,   6.666657,   1.842851,  19.409378,  17.474784,   4.496043,  20.315473,  10.364253,   7.649147,  10.930479,  13.274007,  13.323130
2003,  9,   1.431564,   0.024520,  14.867589,   5.633809,   0.310241,  13.023241,   2.257179,   0.764238,   1.428260,   3.558795,   0.439167
2004, 10,   0.049996,   0.091390,   7.771808,   2.938233,   0.007747,   7.454495,   0.543304,   0.027524,   0.030497,   1.076566,   0.416101
2004, 11,  10.812749,  15.368157,  26.269892,  17.048335,   6.968847,  24.511826,   6.549700,  10.367930,  12.820467,  12.941908,  24.066904
2004, 12,  41.128294,  86.275954,  63.622556,  52.862850,  25.449262,  59.931197,  21.089779,  35.467276,  41.787206,  73.022729,  86.656029
2004,  1,  18.336114,  78.012889,  60.314141,  32.624876,   8.171187,  50.040446,   7.604434,  12.835528,  13.142277,  61.317157,  41.880597
2004,  2,  60.424848, 141.868701, 119.941563,  95.554703,  27.819533,  91.463065,  16.548038,  33.154605,  38.672102, 258.146466, 131.192136
2004,  3,  91.127101,  59.711776,  64.054736, 105.815484,  71.889942,  59.272988,  57.416268,  86.076019,  88.917863, 202.390361, 164.785424
2004,  4,  41.409373,   9.973533,  40.901737,  44.277394,  45.033618,  40.472540,  39.263689,  39.317455,  57.545638, 113.588383,  90.998458
2004,  5,  27.613009,   1.795820,  32.755834,  30.079334,  46.788123,  35.173676,  57.015173,  29.424054,  69.360949,  59.791800,  53.543847
2004,  6,   6.105988,   0.170467,  17.940391,  14.864343,  10.174335,  17.654340,  38.468565,   9.913874,  19.327641,  31.337930,  10.772452
2004,  7,   1.276192,   0.000037,  12.685626,   6.450299,   1.702471,  13.129606,  10.046946,   1.988691,   4.511672,   9.929298,   2.284689
2004,  8,   0.308839,   0.000000,  10.347714,   2.393883,   0.370941,  11.352469,   3.431852,   0.512289,   1.294387,   1.844871,   0.208828
2004,  9,   0.954829,   0.003672,   7.689154,   2.466006,   0.245862,   8.269283,   1.020643,   0.294109,   0.636562,   0.280389,   2.266852
2005, 10,  24.038648,  12.853509,  25.061081,  25.592222,  28.894777,  28.894545,  30.135934,  24.348033,  36.918280,   9.948998,  38.950392
2005, 11,  11.803474,   8.931502,  12.698356,  11.087527,   5.621222,  14.948900,   8.830514,   9.610887,  10.788942,   3.670632,  15.386073
2005, 12,  24.117533,  49.719127,  43.075724,  30.092220,  17.251981,  39.856174,  16.815442,  24.383419,  24.445071,  97.305941,  46.850382
2005,  1, 104.015069,  84.519913,  46.888055,  59.323268,  87.671613,  42.694505,  52.741163,  89.495360,  94.767297,  85.884442,  88.226696
2005,  2,  51.062791,  60.661361,  35.416740,  38.825130,  60.009807,  29.870795,  52.928818,  58.544546,  65.586369,  67.069215,  56.301495
2005,  3, 158.445650,  83.724884,  64.304178, 104.612562,  87.278053,  56.400424,  90.813857, 106.310443, 105.034200, 153.987534, 174.474231
2005,  4,  92.460439,  30.770712,  52.677061,  74.989993,  72.262930,  44.874977,  76.472401,  80.132611,  84.783547,  96.805805, 123.779420
2005,  5, 185.476465,  42.134121,  91.112094, 113.614064, 179.120427,  77.514995, 226.358406, 180.499930, 217.758787, 161.896898, 275.803853
2005,  6,  80.770163,   7.943230,  34.987150,  54.954365, 150.590631,  34.285540, 251.713280, 120.856770, 214.900958,  90.677229, 100.695121
2005,  7,  22.412461,   0.631201,  19.181938,  25.316288,  46.191021,  18.765786, 202.272383,  64.439485, 107.440267,  38.832438,  21.779457
2005,  8,   5.311152,   0.004006,  14.512603,  13.122599,   8.759709,  14.795289,  56.816650,  13.872119,  25.481061,  13.635449,   3.623160
2005,  9,   2.701155,   0.079749,  11.786164,   9.644137,   2.695706,  12.521364,  18.038254,   7.089716,   9.190708,   5.458447,   2.907659
2006, 10,   4.259673,   0.683461,  12.822237,   8.684012,   2.223909,  14.406481,   8.315822,   4.825926,   7.052563,   3.998907,  10.523676
2006, 11,   6.673028,  12.580181,  32.738144,  22.800427,   3.494572,  36.121192,   6.666702,   7.451372,   7.326819,  15.243643,  29.035850
2006, 12, 129.817650,  98.999173, 106.761166, 123.728504,  42.457489,  90.424997,  41.490226,  93.285228,  88.860198, 235.946494, 315.540083
2006,  1, 211.120761, 113.727228, 135.377615, 169.368321,  69.076249, 101.369170,  40.450033, 105.288216, 103.954322, 249.833188, 268.731092
2006,  2,  98.374367,  34.897002,  81.743925,  88.740218,  34.591131,  65.364107,  29.643807,  62.956393,  54.502721, 160.574444, 164.288872
2006,  3, 176.240686, 123.989752, 140.782775, 164.673602,  80.667239, 108.085916,  67.106604, 107.825762, 114.827066, 167.606309, 207.171137
2006,  4, 312.096645, 154.070614, 154.453438, 239.405280, 171.574989, 111.604003, 179.327020, 223.992167, 215.004246, 242.388674, 389.260438
2006,  5, 197.765739,  28.901800,  65.135557, 149.257006, 242.485807,  57.517078, 320.914035, 249.327769, 281.867217, 267.363051, 221.497395
2006,  6,  43.559990,   4.969048,  39.812594,  59.154844, 106.200191,  34.033911, 276.944152, 107.679875, 178.206635,  78.416767,  47.884419
2006,  7,  12.750308,   0.435395,  28.542363,  32.988933,  18.733330,  25.424794, 119.387231,  25.501501,  42.400121,  37.616442,  10.767777
2006,  8,   2.492963,   0.012401,  21.235470,  17.874229,   2.525071,  19.409050,  29.787695,   6.646566,   9.361067,  14.882753,   1.573194
2006,  9,   0.311704,   0.004891,  15.051723,   9.158003,   0.113344,  13.792751,   7.935462,   1.402210,   1.496747,   4.483406,   0.111648
2007, 10,   1.792777,   0.128554,  13.120783,   7.712120,   3.432988,  12.885760,   9.301180,   4.922504,   6.271144,   2.631981,   3.115438
2007, 11,  15.106820,   5.120520,  25.662953,  21.145620,   5.761590,  27.229987,   6.187246,  10.302531,  11.408792,  11.362204,  36.856695
2007, 12,  24.122096,  18.805203,  38.788166,  35.286211,  14.538965,  39.032354,  13.404517,  19.474040,  19.594588,  70.116171,  55.502647
2007,  1,  10.542052,   1.000672,  16.865310,  10.770546,   3.691982,  15.528902,   5.545583,   6.594468,   6.785966,  35.275913,  12.482901
2007,  2,  56.205150,  30.881668,  50.654487,  62.999066,  17.979195,  46.416907,  20.338218,  30.374163,  27.594100, 102.173242, 131.804226
2007,  3,  57.842970,   5.774927,  34.998101,  50.964011,  25.509606,  34.022985,  36.949168,  55.185003,  42.467591,  83.648952,  96.665928
2007,  4,  42.927646,   8.072275,  25.309082,  35.369835,  24.625895,  25.375377,  42.098110,  39.841237,  50.145672,  47.275488,  85.954207
2007,  5,  30.612392,   2.248565,  16.249989,  23.661589,  16.108662,  15.277700,  65.156737,  30.860415,  44.666589,  29.514849,  56.965240
2007,  6,   8.847989,   0.127181,  10.041360,  11.730986,   2.075442,  10.870807,  33.438025,   5.561781,   7.537160,  12.434112,  17.580730
2007,  7,   1.090676,   1.156809,  10.295078,   7.591440,   0.140634,   9.792990,   8.901527,   0.851882,   1.432265,   2.769843,   1.975054
2007,  8,   0.027467,   0.000000,   4.668196,   1.894799,   0.242451,   4.894343,   3.201967,   0.203513,   0.856595,   0.057107,   0.059275
2007,  9,   1.585909,   0.338541,   7.626913,   3.646376,   1.157434,   9.190251,   2.475392,   1.402450,   3.156357,   0.055472,   5.604018
2008, 10,   9.481299,   2.862047,  16.983985,  13.631529,   1.529132,  19.149849,   2.755859,   3.682355,   3.952038,   6.204041,  23.407400
2008, 11,   4.495933,   0.494080,   5.987615,   5.860174,   0.732730,   7.800058,   1.488041,   3.921713,   3.696193,   1.273966,  10.204181
2008, 12,  17.779644,  10.114809,  23.594625,  17.994415,   9.732734,  21.948499,  11.605631,  12.556324,  17.146157,  16.480430,  31.140347
2008,  1,  28.066866,  71.991340,  57.457252,  37.100154,  23.860374,  45.257358,  16.806815,  22.047879,  31.449573,  74.001707,  52.261338
2008,  2,  28.614588,  53.463244,  58.184698,  33.398413,  29.049385,  49.184842,  16.590127,  22.323516,  36.273228,  57.151425,  57.155161
2008,  3,  37.093515,  11.891386,  31.967953,  39.796101,  19.800804,  33.545411,  20.414480,  27.856621,  30.396254,  62.049584,  62.709867
2008,  4,  31.570264,   2.487616,  19.658125,  45.018274,  27.350840,  21.979978,  32.076907,  41.403245,  42.271216,  93.737203,  68.658751
2008,  5,  56.231083,   2.725290,  20.776167,  48.371473,  69.353023,  23.867839,  88.327811,  73.563466, 107.355121,  91.457198, 106.276699
2008,  6,   8.612436,   0.021269,  10.689783,  12.682374,  30.283851,  10.884940,  91.933437,  23.976263,  52.267557,  25.241322,  19.561281
2008,  7,   2.359118,   0.000000,   7.231141,   5.759735,   4.740344,   7.626080,  39.366920,   5.041369,  10.669868,   9.202691,   4.316593
2008,  8,   0.313522,   0.000000,   5.741322,   2.450388,   0.292264,   6.579999,   9.045588,   0.782175,   1.370157,   2.430229,   0.424138
2008,  9,   0.010011,   0.066538,   3.969855,   1.087660,   0.002769,   4.059847,   2.331382,   0.061762,   0.040887,   0.481951,   0.014195
2009, 10,   3.959683,   2.302666,   9.678161,   7.700433,   4.388409,   9.251745,   8.019621,   4.497844,   7.789131,   2.663955,  12.777798
2009, 11,  19.184685,   9.223371,  18.536014,  25.293670,  17.970935,  22.009088,  19.775646,  16.099474,  25.825070,   9.677497,  36.952155
2009, 12,  10.423861,   9.021839,  11.890855,   9.874803,   9.604489,  10.132727,   5.520558,   9.006744,  14.490611,   2.473426,  15.268795
2009,  1,  22.065643,   1.836646,  15.970787,  18.494626,  21.876913,  19.308365,  23.579754,  28.558281,  34.368419,   5.385544,  36.941232
2009,  2,  38.927836,  38.615368,  52.914471,  56.873720,  24.543089,  47.462638,  17.629440,  19.772197,  30.938232,  39.585362,  98.402689
2009,  3,  88.852548,  35.172031,  69.264580, 109.565650,  53.482694,  59.032484,  35.798279,  67.466894,  74.117698, 119.366687, 160.573920
2009,  4,  59.905316,   5.718846,  26.818047,  51.820402,  54.822767,  29.761075,  56.922277,  72.662627,  77.377572,  87.387611,  87.257244
2009,  5, 113.630207,  10.149465,  41.650846,  69.096002, 123.088252,  36.687861, 141.903687, 106.672915, 167.539445,  90.955788, 170.622304
2009,  6,  21.821395,   5.708402,  24.107798,  27.436013,  25.192809,  27.381123,  68.970017,  21.418180,  44.683007,  50.685232,  31.741740
2009,  7,   5.200135,   0.043617,  10.059105,  11.619144,   3.415758,  10.824017,  22.024445,   4.595803,   8.682591,  17.833390,   5.256906
2009,  8,   0.818810,   0.302176,   8.945579,   6.358533,   0.606507,  10.339418,   6.278922,   1.563675,   2.827656,   5.822417,   1.612231
2009,  9,   0.029333,   0.023356,   5.939001,   3.083762,   0.000991,   6.206791,   1.158520,   0.152265,   0.143417,   0.973108,   0.243863
2010, 10,  12.236346,   9.841627,  17.446448,  17.862792,  12.445947,  19.135548,  31.998756,  18.781301,  23.311912,   8.103783,  30.575952
2010, 11,   4.528964,   2.934094,  11.545685,   9.632718,   0.802823,  13.915814,   2.351977,   2.324304,   3.851174,   4.999503,  13.092153
2010, 12,  17.416620,  15.480184,  18.241650,  17.210267,  19.660595,  16.677147,  16.540656,  16.138281,  23.756018,  14.075665,  30.604349
2010,  1,  39.146302,  94.462976,  77.752689,  65.425996,  22.060392,  63.374908,  19.662700,  22.387381,  26.047949, 145.013293,  80.585508
2010,  2,  28.166024,  67.222487,  67.361134,  44.825172,  35.193410,  54.539833,  31.644472,  32.298331,  43.373544, 120.616387,  62.992246
2010,  3,  63.790806,  42.985059,  57.172481,  59.003835,  53.059133,  50.559056,  45.115639,  42.052769,  60.774816, 119.096145, 104.940600
2010,  4,  97.228237,  84.021082,  69.588805,  85.811338,  54.127890,  61.224939,  67.101275,  70.539187,  86.140447, 160.579741, 149.349231
2010,  5, 107.139863,  26.986665,  44.329915,  78.497362,  51.440546,  40.801780,  73.423093,  81.334564,  90.693719, 141.684376, 127.236821
2010,  6,  97.505628,   6.942229,  28.975602,  49.770584, 105.766639,  27.510793, 186.542852, 100.189818, 167.628007, 133.846653, 102.657782
2010,  7,  19.301489,   0.754398,  16.967592,  22.195476,  18.817487,  17.155768,  83.517909,  20.317260,  36.988558,  38.709762,  18.962693
2010,  8,   4.833634,   0.022110,  14.591753,  11.746716,   2.693401,  15.724126,  21.382393,   5.048947,   8.186664,  15.978404,   3.948563
2010,  9,   0.784936,   0.603903,  12.440840,   6.262678,   0.092124,  13.861321,   5.457953,   1.031585,   1.076693,   8.307017,   0.587667
2011, 10,  33.768971,  18.052936,  25.846060,  26.480491,  17.560570,  27.945381,  21.492707,  32.411078,  41.758093,  22.568884,  60.225142
2011, 11,  25.677404,  11.959768,  19.450235,  24.918057,  12.660095,  18.939325,  11.756334,  17.566460,  21.392561,  21.578742,  45.540990
2011, 12, 163.358580,  56.661951,  77.222943,  97.406381,  59.153850,  69.886891,  51.507983, 153.490046, 130.207933,  89.566156, 310.443038
2011,  1,  74.622759,  32.872733,  40.111069,  51.905641,  45.015982,  34.384303,  39.042705,  78.051413,  75.532347,  65.277652, 121.189698
2011,  2,  66.384495,  41.736895,  45.220881,  63.226702,  37.023076,  37.282896,  27.877402,  52.943128,  50.488851,  80.956715, 105.681549
2011,  3, 259.279652, 122.799219, 128.677652, 141.170271, 110.690696, 101.446524,  73.230947, 177.818833, 170.082241, 135.761099, 305.490406
2011,  4, 170.273846,  40.181151,  75.312061, 151.056452,  90.719337,  69.477027, 104.333357, 145.210579, 151.043404, 124.473421, 274.718546
2011,  5, 187.596114,  22.303366,  63.992602, 172.663248,  98.803806,  56.153254, 120.600525, 153.340184, 161.890007, 180.161593, 286.689500
2011,  6, 200.184299,  20.332850,  49.733515, 115.447252, 176.514634,  41.201047, 207.196169, 206.929751, 240.788544, 198.762154, 266.854339
2011,  7,  53.441794,   1.713934,  25.344750,  53.081778,  64.163022,  24.971000, 167.619902,  83.393341, 103.278419,  60.697101,  69.491297
2011,  8,  14.365363,   0.104660,  18.179835,  27.441914,  11.768108,  18.333332,  46.521471,  19.334898,  23.831748,  26.595990,  15.758770
2011,  9,   5.282100,   0.014282,  13.856846,  17.342642,   7.130359,  14.168368,  15.170472,   7.925361,  13.269546,  11.006501,   8.995422
2012, 10,  17.043879,   7.665136,  18.569224,  26.468884,   9.614577,  18.752455,  18.824806,  13.994926,  17.028973,  14.427077,  37.727448
2012, 11,   7.358240,  11.202024,  16.776580,  16.028666,   3.059337,  17.452114,   6.922465,   8.295258,   7.867226,  11.350270,  24.214190
2012, 12,   0.458834,   0.633888,   7.299915,   5.990505,   0.014063,   7.046865,   0.460519,   0.172423,   0.185591,   5.984081,   1.557343
2012,  1,  31.231469,  29.042014,  27.257562,  37.124498,  18.948927,  25.474599,  17.260167,  26.632866,  37.610101,  57.807722,  67.321280
2012,  2,   6.342349,  10.723287,  15.138642,  13.414027,   4.840340,  12.921848,   5.129522,   6.820745,  11.347588,  27.532614,  27.868507
2012,  3, 146.990626,  57.530396,  78.243429, 108.623488,  22.142913,  66.058405,  21.856605,  46.279129,  46.761763,  97.643062, 244.636963
2012,  4, 172.005798,  45.812096,  74.265062, 122.402654,  66.182108,  61.501294,  51.955119,  98.921957, 111.100257, 207.980272, 279.984438
2012,  5,  72.372855,   6.071992,  31.754515,  57.752255,  40.776304,  31.093222,  56.380066,  38.091825,  57.145666,  96.012175, 140.768298
2012,  6,  25.509504,   0.984808,  22.708916,  32.763576,   9.160390,  23.211796,  29.427963,  12.390742,  15.806540,  43.740592,  46.128719
2012,  7,   8.583173,   0.020628,  12.630746,  15.439649,   0.667535,  12.511513,   7.117605,   1.987503,   1.676653,  19.082570,  10.095616
2012,  8,   0.921659,   0.000000,   9.766962,   6.552478,   0.019227,  10.165743,   1.783255,   0.699262,   0.871972,   3.348583,   1.672551
2012,  9,   0.157026,   0.000000,   6.781626,   2.687082,   0.000000,   6.685762,   0.295725,   0.120382,   0.015270,   0.344715,   0.155874
2013, 10,   9.112993,   2.056279,  11.400780,  11.398392,   3.997842,  12.550043,   5.921038,   5.962033,   5.762665,   1.768930,  20.729377
2013, 11,  18.356672,  21.022263,  31.737873,  35.005970,  13.576260,  29.005752,  15.916939,  18.146378,  28.040196,  13.523088,  67.620809
2013, 12, 127.930844,  94.055100,  88.338869, 130.125973,  35.211136,  74.039594,  35.343510,  28.964745,  44.551512, 124.622885, 220.650629
2013,  1,  24.666351,  29.167334,  36.819614,  35.352013,   4.759730,  33.432290,   5.870060,   9.246054,   8.777874,  26.406720,  48.464225
2013,  2,  13.962849,   5.607543,  25.667160,  23.105547,   3.274863,  25.441514,   4.398135,   4.473565,   4.330019,  20.957399,  22.541666
2013,  3,  45.783529,   9.932591,  30.977089,  41.462593,  30.388908,  32.096196,  28.163990,  17.945370,  31.067507,  83.504092,  60.231291
2013,  4,  46.502047,  20.711770,  32.465332,  33.362424,  40.677233,  29.969994,  33.581556,  13.740454,  40.768711, 145.469442,  52.457110
2013,  5,  31.880757,   2.397236,  21.044040,  20.278864,  48.580217,  23.719576,  39.886289,   6.122760,  45.421076,  61.171774,  22.781915
2013,  6,  13.429937,   1.110714,  16.276038,  11.963119,  11.460236,  16.564248,  25.405493,   1.551052,   9.756051,  27.427015,  15.763632
2013,  7,   1.605285,   0.020373,   8.521040,   4.543055,   2.238330,   9.332199,   7.044681,   1.493646,   3.809959,  11.010105,   0.619350
2013,  8,   0.219900,   0.000000,   7.096039,   2.282087,   0.130337,   8.296085,   1.600966,   0.328014,   0.809341,   2.899199,   0.425965
2013,  9,   4.720804,   1.626307,   9.486942,   6.965149,   2.314727,  10.354349,   2.449160,   1.993223,   3.931213,   2.655559,  17.501702
2014, 10,   1.986776,   1.134608,   5.138803,   2.994015,   2.139751,   6.023345,   3.901602,   1.557332,   3.447127,   2.380059,   4.192642
2014, 11,   6.016346,   2.852152,   6.979035,   7.610461,   3.591339,   6.995279,   4.280689,   4.658869,   6.549880,   1.894158,  11.373042
2014, 12,   2.966983,   0.629324,   3.321284,   2.255349,   2.315314,   3.565282,   1.772350,   3.972031,   2.887085,   0.610241,   6.707516
2014,  1,   1.884667,   0.362336,   3.886792,   3.408966,   5.848976,   3.834512,   7.025600,   6.298405,  10.630071,   0.880359,  10.742309
2014,  2,  72.791220,  23.195760,  32.332509,  42.001177,  13.768216,  31.640649,  14.768827,  35.531713,  30.705988,  25.881857, 106.435163
2014,  3,  55.437712,  42.025797,  55.937074,  60.504330,  14.436177,  49.489550,  12.134151,  20.377103,  27.468232,  94.031899, 152.025709
2014,  4,  60.865748,  20.861840,  30.205252,  41.487762,  30.990431,  25.924460,  25.655308,  30.565997,  56.109565,  42.682668, 100.604078
2014,  5,  23.174664,   3.507536,  12.936781,  16.262147,  25.038282,  12.552175,  24.845956,  17.337999,  42.417603,  22.852248,  39.581201
2014,  6,   6.039335,   0.150092,   7.987148,   6.381989,   4.432713,   7.898392,  15.018141,   3.049528,   9.062020,   9.167141,   7.847355
2014,  7,   2.990460,   0.000079,   6.183908,   3.308848,   1.604510,   6.234535,   5.013194,   4.979725,   9.817538,   0.609209,   2.321383
2014,  8,   1.191808,   0.161865,   6.187896,   6.817520,   0.285069,   6.513760,   1.331735,   0.662367,   1.039571,   0.052367,   6.633925
2014,  9,   2.891700,   1.807791,   8.950077,   2.697970,   1.725347,   8.723474,   3.503064,   3.015424,   3.195581,   4.359872,   4.176191
2015, 10,   4.976944,   0.993492,  14.427436,   7.440805,   0.126266,  15.920921,   0.593804,   0.906401,   0.626371,   5.871751,  14.297193
2015, 11,  13.278247,   8.316163,  16.338754,  13.624137,   7.696476,  16.395763,  10.525454,  12.719023,  16.817738,  15.399333,  31.194905
2015, 12,  69.172109, 102.458017,  89.985623,  91.961258,  15.216675,  77.514237,  17.642689,  25.740039,  27.140913, 148.362309, 131.501396
2015,  1,   4.941597,   8.788375,  20.238003,  14.860173,   1.267412,  20.433863,   3.084348,   2.921226,   1.901654,  55.318704,  17.837795
2015,  2,  52.109153,  43.807414,  67.404363,  59.915029,  17.122789,  55.006452,  18.312891,  44.212600,  44.333296, 255.158624, 105.390062
2015,  3,  14.606066,   4.321880,  23.457101,  20.899145,   8.763977,  26.275228,   8.674868,   8.354678,  16.275083,  69.457969,  29.214847
2015,  4,  21.377502,   7.218930,  20.985855,  18.987602,  18.833668,  21.347593,  15.401764,  16.460063,  31.736877,  50.103838,  33.610442
2015,  5,  15.205263,   2.870733,  21.819235,  14.651269,  19.381182,  26.154426,  20.130771,  16.290148,  38.445113,  33.104998,  19.755864
2015,  6,   9.108217,   0.143793,  10.421147,   6.175110,   7.264105,  10.675925,  20.655464,   5.345699,  14.212861,  15.714580,   6.763718
2015,  7,   2.677811,   0.793491,  11.786382,   5.811810,   6.790935,  14.424272,  11.497192,   5.178330,  12.501350,   5.167017,   5.177359
2015,  8,   0.180351,   0.001227,   4.951432,   0.824495,   0.082128,   5.248975,   1.180244,   0.191122,   0.521281,   0.184792,   0.258507
2015,  9,   0.117497,   1.189877,   6.156873,   1.238834,   0.334166,   7.009207,   1.238296,   0.052759,   0.327717,   0.574395,   0.603334
2016, 10,   5.951569,   0.027989,   8.233588,   4.667138,   8.181094,   8.320157,   7.657762,   6.822718,  11.390562,   0.513692,   7.710263
2016, 11,  15.376904,   4.189085,  10.814667,  14.447437,  12.181630,  12.426994,  14.155144,  17.053431,  19.728834,   1.313206,  27.626075
2016, 12,  62.474623,  23.827225,  40.580707,  37.279950,  14.165197,  40.933783,  19.661737,  25.478468,  26.798548,  19.171106,  63.308461
2016,  1,  80.043924,  71.263788, 105.213927,  82.696487,  30.172727,  88.729542,  27.685881,  53.379363,  56.466253, 131.211391, 188.868256
2016,  2, 124.636701,  18.072756,  57.537001,  72.290376,  38.880451,  54.330557,  30.161634,  79.248507,  56.520526, 140.378244, 138.333514
2016,  3, 233.490581, 103.222168, 133.205371, 196.342099,  90.950740, 102.021609,  77.438586, 152.035940, 137.233232, 252.940406, 383.682109
2016,  4, 105.798388,  13.469404,  44.968668,  73.510321,  79.675755,  41.211767,  76.684787,  79.436100, 110.956290, 164.332889, 156.379367
2016,  5,  59.046424,   8.704430,  39.086737,  48.797388,  77.226296,  38.124305,  74.111105,  48.703566, 107.700790,  82.699816,  70.939369
2016,  6,  18.510513,   1.886876,  26.391198,  24.754788,  56.127436,  24.728150, 104.831439,  19.608687,  57.811061,  43.428751,  17.719778
2016,  7,   4.562697,   0.019742,  14.866943,  11.757144,   8.947565,  13.579675,  29.618494,   3.857718,  11.916392,  18.456023,   3.135607
2016,  8,   0.530237,   0.000000,  11.172726,   5.348196,   1.038617,  10.440999,   7.579000,   0.758214,   1.828511,   3.864961,   0.333614
2016,  9,   0.056294,   0.000000,   8.022690,   2.711129,   0.237056,   7.575958,   2.384749,   0.127529,   0.714176,   1.089360,   0.034465
2017, 10,  37.876544,   7.021313,  41.136125,  34.958370,  21.802804,  42.272065,  20.388239,  36.460048,  40.409319,  35.690578,  78.534526
2017, 11,  43.040093,  11.440083,  42.024255,  29.065768,   6.126730,  37.129970,   8.582782,  11.308983,  12.566800,  67.903973,  54.447035
2017, 12, 145.673244,  31.888920,  74.173562,  82.057299,  44.436227,  58.786489,  41.579014,  76.685077,  70.153642,  81.957496, 213.312632
2017,  1, 341.691890, 125.200056, 129.696129, 174.445026, 128.530751,  93.392705,  93.412526, 222.968398, 202.425114,  93.801161, 430.605741
2017,  2, 449.987170, 170.639105, 170.956963, 323.953253, 163.807657, 124.578808, 134.156276, 314.113739, 270.789558, 290.705598, 676.889552
2017,  3, 228.396087,  57.525352, 112.104837, 227.701639, 135.272500,  91.191240, 130.271296, 192.242120, 182.981980, 239.147897, 297.163407
2017,  4, 236.446289,  47.369257, 117.712314, 214.541903, 150.422214,  91.801468, 133.457982, 198.633874, 182.997545, 271.326594, 389.616571
2017,  5, 186.276794,   5.700650,  49.807916, 118.215959, 212.193049,  41.716002, 206.245207, 184.770871, 229.251949, 248.819749, 249.864651
2017,  6,  51.482539,   0.986459,  36.867897,  59.255479, 163.256497,  33.664190, 225.987512, 103.319014, 189.871014,  77.589504,  89.282970
2017,  7,  12.603662,   0.007812,  25.313398,  31.116423,  35.962215,  22.555830,  89.376183,  23.783929,  49.062898,  35.324986,  17.485749
2017,  8,   3.588944,   0.000000,  19.774125,  16.724369,   9.417772,  18.103823,  24.869039,   7.267338,  13.495250,  11.146968,   4.152355
2017,  9,   2.382088,   0.012233,  14.832508,  12.460580,   5.164942,  14.111423,  11.711361,   4.078856,   9.894143,   5.403162,   5.576965
2018, 10,   2.958128,   0.339037,  13.128361,   8.988655,   1.417394,  12.476802,   3.399058,   2.704873,   3.013084,   5.257526,   5.470219
2018, 11,  58.804818,   8.121482,  39.869148,  55.475142,  15.565213,  43.198357,  14.470960,  27.579252,  35.127270,  15.667770, 120.745252
2018, 12,   6.855132,   0.158617,   9.600921,  12.034041,   0.595406,   8.542695,   0.915287,   1.858498,   2.186289,   4.994559,  15.155100
2018,  1,  54.130139,  14.963980,  32.520946,  42.330229,  17.435865,  32.467820,  16.736621,  27.265695,  33.961653,  15.457345, 103.621808
2018,  2,  11.558223,   0.692650,  10.055427,  13.072785,   3.441532,   8.068479,   2.377331,   2.819328,   5.882369,  19.176048,  34.606697
2018,  3, 168.176424,  17.496240,  59.516323,  99.821609,  59.280160,  54.121416,  58.313755, 109.649645, 107.021699,  48.433080, 248.204295
2018,  4, 191.475022,  26.559169,  56.681745, 101.371017, 127.443329,  48.813239, 101.844003, 145.184626, 153.760840, 123.429836, 277.385939
2018,  5,  64.739494,   2.063229,  30.271266,  45.430146,  73.630401,  34.082091,  75.221900,  47.004924,  94.522337,  42.564312,  90.677632
2018,  6,  20.880831,   0.194159,  14.062967,  22.611705,  17.719398,  13.651869,  47.198939,  10.224450,  22.974883,  21.912413,  25.312501
2018,  7,   5.196310,   0.000475,   9.340941,  10.008315,   2.772683,   9.403784,  14.555718,   2.467838,   5.575062,   6.849671,   5.030896
2018,  8,   0.439162,   0.000000,   6.656615,   3.930181,   0.133046,   6.641389,   3.073857,   0.172420,   0.473844,   0.599741,   0.326617
2018,  9,   0.004935,   0.023821,   4.963872,   1.537288,   0.103251,   4.929324,   0.820702,   0.053091,   0.241274,   0.063886,   0.001571
