date,site,model,flow_taf
1990-10-31,SHA,obs,198.2900
1990-11-30,SHA,obs,197.6900
1990-12-31,SHA,obs,186.1200
1991-01-31,SHA,obs,204.1900
1991-02-28,SHA,obs,212.2900
1991-03-31,SHA,obs,607.4900
1991-04-30,SHA,obs,361.6700
1991-05-31,SHA,obs,347.8200
1991-06-30,SHA,obs,216.0900
1991-07-31,SHA,obs,185.8100
1991-08-31,SHA,obs,172.3900
1991-09-30,SHA,obs,169.1200
1991-10-31,SHA,obs,191.2200
1991-11-30,SHA,obs,177.3800
1991-12-31,SHA,obs,196.9600
1992-01-31,SHA,obs,238.4000
1992-02-29,SHA,obs,761.0000
1992-03-31,SHA,obs,587.6000
1992-04-30,SHA,obs,454.8300
1992-05-31,SHA,obs,277.2200
1992-06-30,SHA,obs,203.0900
1992-07-31,SHA,obs,194.0600
1992-08-31,SHA,obs,160.2600
1992-09-30,SHA,obs,177.4900
1992-10-31,SHA,obs,202.3000
1992-11-30,SHA,obs,188.6000
1992-12-31,SHA,obs,409.6400
1993-01-31,SHA,obs,795.3000
1993-02-28,SHA,obs,844.2600
1993-03-31,SHA,obs,1607.4700
1993-04-30,SHA,obs,901.5600
1993-05-31,SHA,obs,648.2200
1993-06-30,SHA,obs,538.9000
1993-07-31,SHA,obs,255.5800
1993-08-31,SHA,obs,222.0600
1993-09-30,SHA,obs,210.8700
1993-10-31,SHA,obs,222.6700
1993-11-30,SHA,obs,206.7800
1993-12-31,SHA,obs,320.4200
1994-01-31,SHA,obs,323.1500
1994-02-28,SHA,obs,390.5200
1994-03-31,SHA,obs,380.2600
1994-04-30,SHA,obs,272.3300
1994-05-31,SHA,obs,282.9600
1994-06-30,SHA,obs,190.2900
1994-07-31,SHA,obs,168.3500
1994-08-31,SHA,obs,169.4200
1994-09-30,SHA,obs,166.3300
1994-10-31,SHA,obs,177.1800
1994-11-30,SHA,obs,208.2500
1994-12-31,SHA,obs,221.8200
1995-01-31,SHA,obs,2132.3100
1995-02-28,SHA,obs,851.1100
1995-03-31,SHA,obs,2383.6900
1995-04-30,SHA,obs,1229.8800
1995-05-31,SHA,obs,1096.6100
1995-06-30,SHA,obs,506.5900
1995-07-31,SHA,obs,327.7700
1995-08-31,SHA,obs,250.0900
1995-09-30,SHA,obs,227.5800
1995-10-31,SHA,obs,251.3200
1995-11-30,SHA,obs,221.8700
1995-12-31,SHA,obs,500.9600
1996-01-31,SHA,obs,555.0900
1996-02-29,SHA,obs,1633.6000
1996-03-31,SHA,obs,1048.1400
1996-04-30,SHA,obs,686.5800
1996-05-31,SHA,obs,807.5400
1996-06-30,SHA,obs,383.1600
1996-07-31,SHA,obs,265.5700
1996-08-31,SHA,obs,258.0300
1996-09-30,SHA,obs,234.3000
1996-10-31,SHA,obs,254.2700
1996-11-30,SHA,obs,400.3000
1996-12-31,SHA,obs,1701.5200
1997-01-31,SHA,obs,2040.3700
1997-02-28,SHA,obs,711.3800
1997-03-31,SHA,obs,502.1800
1997-04-30,SHA,obs,457.0400
1997-05-31,SHA,obs,350.4100
1997-06-30,SHA,obs,275.9200
1997-07-31,SHA,obs,242.0500
1997-08-31,SHA,obs,242.4800
1997-09-30,SHA,obs,245.4900
1997-10-31,SHA,obs,266.9800
1997-11-30,SHA,obs,435.1100
1997-12-31,SHA,obs,431.0600
1998-01-31,SHA,obs,1578.2000
1998-02-28,SHA,obs,2138.6000
1998-03-31,SHA,obs,1305.0500
1998-04-30,SHA,obs,993.0500
1998-05-31,SHA,obs,1162.5800
1998-06-30,SHA,obs,940.1400
1998-07-31,SHA,obs,429.5400
1998-08-31,SHA,obs,316.6200
1998-09-30,SHA,obs,297.0600
1998-10-31,SHA,obs,321.6400
1998-11-30,SHA,obs,569.2000
1998-12-31,SHA,obs,704.7700
1999-01-31,SHA,obs,718.8500
1999-02-28,SHA,obs,1169.8400
1999-03-31,SHA,obs,1091.0900
1999-04-30,SHA,obs,786.1800
1999-05-31,SHA,obs,613.9400
1999-06-30,SHA,obs,390.5500
1999-07-31,SHA,obs,298.6500
1999-08-31,SHA,obs,267.9400
1999-09-30,SHA,obs,265.7100
1999-10-31,SHA,obs,289.7600
1999-11-30,SHA,obs,329.7800
1999-12-31,SHA,obs,327.7160
2000-01-31,SHA,obs,835.6350
2000-02-29,SHA,obs,1546.5470
2000-03-31,SHA,obs,1091.4130
2000-04-30,SHA,obs,762.1980
2000-05-31,SHA,obs,495.1190
2000-06-30,SHA,obs,349.6990
2000-07-31,SHA,obs,284.6420
2000-08-31,SHA,obs,259.9440
2000-09-30,SHA,obs,266.7590
2000-10-31,SHA,obs,290.9600
2000-11-30,SHA,obs,269.1870
2000-12-31,SHA,obs,312.9960
2001-01-31,SHA,obs,337.8100
2001-02-28,SHA,obs,555.0170
2001-03-31,SHA,obs,650.2170
2001-04-30,SHA,obs,416.7000
2001-05-31,SHA,obs,368.4030
2001-06-30,SHA,obs,263.3350
2001-07-31,SHA,obs,251.3230
2001-08-31,SHA,obs,220.1450
2001-09-30,SHA,obs,200.8170
2001-10-31,SHA,obs,202.7830
2001-11-30,SHA,obs,361.6650
2001-12-31,SHA,obs,831.3860
2002-01-31,SHA,obs,876.6890
2002-02-28,SHA,obs,521.2120
2002-03-31,SHA,obs,574.6360
2002-04-30,SHA,obs,483.8830
2002-05-31,SHA,obs,363.1190
2002-06-30,SHA,obs,234.8520
2002-07-31,SHA,obs,209.4400
2002-08-31,SHA,obs,202.4140
2002-09-30,SHA,obs,181.4290
2002-10-31,SHA,obs,186.4170
2002-11-30,SHA,obs,225.7920
2002-12-31,SHA,obs,1119.7970
2003-01-31,SHA,obs,1040.7050
2003-02-28,SHA,obs,484.1900
2003-03-31,SHA,obs,695.4710
2003-04-30,SHA,obs,818.1280
2003-05-31,SHA,obs,805.6240
2003-06-30,SHA,obs,341.0830
2003-07-31,SHA,obs,242.6340
2003-08-31,SHA,obs,202.5510
2003-09-30,SHA,obs,206.7520
2003-10-31,SHA,obs,209.2990
2003-11-30,SHA,obs,266.5650
2003-12-31,SHA,obs,671.5930
2004-01-31,SHA,obs,660.6580
2004-02-29,SHA,obs,1371.7810
2004-03-31,SHA,obs,779.1720
2004-04-30,SHA,obs,516.1860
2004-05-31,SHA,obs,391.3940
2004-06-30,SHA,obs,264.0510
2004-07-31,SHA,obs,228.9160
2004-08-31,SHA,obs,188.1270
2004-09-30,SHA,obs,180.7030
2004-10-31,SHA,obs,245.2970
2004-11-30,SHA,obs,211.1280
2004-12-31,SHA,obs,477.1750
2005-01-31,SHA,obs,600.3600
2005-02-28,SHA,obs,498.9180
2005-03-31,SHA,obs,790.5080
2005-04-30,SHA,obs,600.3140
2005-05-31,SHA,obs,1096.4670
2005-06-30,SHA,obs,441.2790
2005-07-31,SHA,obs,267.2090
2005-08-31,SHA,obs,215.1520
2005-09-30,SHA,obs,202.2770
2005-10-31,SHA,obs,214.2620
2005-11-30,SHA,obs,290.2870
2005-12-31,SHA,obs,1206.6960
2006-01-31,SHA,obs,1414.4480
2006-02-28,SHA,obs,825.1970
2006-03-31,SHA,obs,1378.7190
2006-04-30,SHA,obs,1752.3940
2006-05-31,SHA,obs,933.0940
2006-06-30,SHA,obs,436.3780
2006-07-31,SHA,obs,298.6620
2006-08-31,SHA,obs,254.2250
2006-09-30,SHA,obs,228.9650
2006-10-31,SHA,obs,240.3370
2006-11-30,SHA,obs,287.9190
2006-12-31,SHA,obs,478.5870
2007-01-31,SHA,obs,325.3810
2007-02-28,SHA,obs,606.2590
2007-03-31,SHA,obs,543.9690
2007-04-30,SHA,obs,345.6940
2007-05-31,SHA,obs,298.5390
2007-06-30,SHA,obs,211.7840
2007-07-31,SHA,obs,221.7260
2007-08-31,SHA,obs,191.0880
2007-09-30,SHA,obs,190.8500
2007-10-31,SHA,obs,226.9040
2007-11-30,SHA,obs,208.9200
2007-12-31,SHA,obs,323.3160
2008-01-31,SHA,obs,576.0720
2008-02-29,SHA,obs,609.6390
2008-03-31,SHA,obs,525.2940
2008-04-30,SHA,obs,369.0640
2008-05-31,SHA,obs,390.3650
2008-06-30,SHA,obs,240.1340
2008-07-31,SHA,obs,183.6340
2008-08-31,SHA,obs,164.5370
2008-09-30,SHA,obs,162.5660
2008-10-31,SHA,obs,199.1650
2008-11-30,SHA,obs,249.0220
2008-12-31,SHA,obs,223.6040
2009-01-31,SHA,obs,245.5530
2009-02-28,SHA,obs,663.8730
2009-03-31,SHA,obs,1039.7860
2009-04-30,SHA,obs,469.2480
2009-05-31,SHA,obs,613.0840
2009-06-30,SHA,obs,266.2890
2009-07-31,SHA,obs,206.0160
2009-08-31,SHA,obs,176.8650
2009-09-30,SHA,obs,160.4350
2009-10-31,SHA,obs,263.4920
2009-11-30,SHA,obs,212.9090
2009-12-31,SHA,obs,291.6860
2010-01-31,SHA,obs,927.3790
2010-02-28,SHA,obs,836.4240
2010-03-31,SHA,obs,637.3360
2010-04-30,SHA,obs,733.5680
2010-05-31,SHA,obs,579.7220
2010-06-30,SHA,obs,484.7360
2010-07-31,SHA,obs,253.7190
2010-08-31,SHA,obs,214.9900
2010-09-30,SHA,obs,197.3090
2010-10-31,SHA,obs,236.1930
2010-11-30,SHA,obs,261.5030
2010-12-31,SHA,obs,823.4820
2011-01-31,SHA,obs,462.5160
2011-02-28,SHA,obs,488.5960
2011-03-31,SHA,obs,1481.3830
2011-04-30,SHA,obs,942.4780
2011-05-31,SHA,obs,724.7770
2011-06-30,SHA,obs,565.2980
2011-07-31,SHA,obs,296.8290
2011-08-31,SHA,obs,222.4420
2011-09-30,SHA,obs,209.4280
2011-10-31,SHA,obs,222.2630
2011-11-30,SHA,obs,242.1640
2011-12-31,SHA,obs,211.2370
2012-01-31,SHA,obs,275.5910
2012-02-29,SHA,obs,258.5810
2012-03-31,SHA,obs,832.5960
2012-04-30,SHA,obs,772.5450
2012-05-31,SHA,obs,397.1340
2012-06-30,SHA,obs,233.6010
2012-07-31,SHA,obs,186.4030
2012-08-31,SHA,obs,170.7320
2012-09-30,SHA,obs,157.3050
2012-10-31,SHA,obs,170.5570
2012-11-30,SHA,obs,381.6530
2012-12-31,SHA,obs,918.0030
2013-01-31,SHA,obs,392.0290
2013-02-28,SHA,obs,338.3810
2013-03-31,SHA,obs,415.2280
2013-04-30,SHA,obs,412.9920
2013-05-31,SHA,obs,244.9400
2013-06-30,SHA,obs,212.8630
2013-07-31,SHA,obs,165.4770
2013-08-31,SHA,obs,166.3600
2013-09-30,SHA,obs,163.9420
2013-10-31,SHA,obs,170.6460
2013-11-30,SHA,obs,171.1600
2013-12-31,SHA,obs,176.9020
2014-01-31,SHA,obs,178.1860
2014-02-28,SHA,obs,283.7830
2014-03-31,SHA,obs,587.9170
2014-04-30,SHA,obs,356.7340
2014-05-31,SHA,obs,192.2880
2014-06-30,SHA,obs,164.6050
2014-07-31,SHA,obs,145.0240
2014-08-31,SHA,obs,143.1230
2014-09-30,SHA,obs,139.6580
2014-10-31,SHA,obs,178.9730
2014-11-30,SHA,obs,185.3600
2014-12-31,SHA,obs,942.2420
2015-01-31,SHA,obs,314.4600
2015-02-28,SHA,obs,719.7410
2015-03-31,SHA,obs,272.9850
2015-04-30,SHA,obs,218.8400
2015-05-31,SHA,obs,188.3430
2015-06-30,SHA,obs,158.0040
2015-07-31,SHA,obs,146.1840
2015-08-31,SHA,obs,136.9920
2015-09-30,SHA,obs,137.1350
2015-10-31,SHA,obs,142.8440
2015-11-30,SHA,obs,148.3720
2015-12-31,SHA,obs,307.5440
2016-01-31,SHA,obs,1032.3980
2016-02-29,SHA,obs,561.7630
2016-03-31,SHA,obs,1647.4220
2016-04-30,SHA,obs,484.2200
2016-05-31,SHA,obs,323.5290
2016-06-30,SHA,obs,230.5840
2016-07-31,SHA,obs,176.0850
2016-08-31,SHA,obs,154.9510
2016-09-30,SHA,obs,142.4450
2016-10-31,SHA,obs,322.1080
2016-11-30,SHA,obs,409.2890
2016-12-31,SHA,obs,758.8340
2017-01-31,SHA,obs,1458.1360
2017-02-28,SHA,obs,2712.5390
2017-03-31,SHA,obs,1251.4480
2017-04-30,SHA,obs,1256.4480
2017-05-31,SHA,obs,625.9670
2017-06-30,SHA,obs,345.6210
2017-07-31,SHA,obs,254.8020
2017-08-31,SHA,obs,230.6530
2017-09-30,SHA,obs,206.8570
2017-10-31,SHA,obs,208.3690
2017-11-30,SHA,obs,336.1500
2017-12-31,SHA,obs,252.1520
2018-01-31,SHA,obs,359.0850
2018-02-28,SHA,obs,254.2170
2018-03-31,SHA,obs,636.0430
2018-04-30,SHA,obs,533.4720
2018-05-31,SHA,obs,306.1690
2018-06-30,SHA,obs,227.6110
2018-07-31,SHA,obs,182.6550
2018-08-31,SHA,obs,152.7750
2018-09-30,SHA,obs,160.1520
1990-10-31,CLE,obs,2.8114
1990-11-30,CLE,obs,5.4858
1990-12-31,CLE,obs,7.8428
1991-01-31,CLE,obs,15.0822
1991-02-28,CLE,obs,27.7020
1991-03-31,CLE,obs,95.1708
1991-04-30,CLE,obs,104.2902
1991-05-31,CLE,obs,122.3809
1991-06-30,CLE,obs,59.4871
1991-07-31,CLE,obs,21.3330
1991-08-31,CLE,obs,11.3964
1991-09-30,CLE,obs,7.0699
1991-10-31,CLE,obs,6.6352
1991-11-30,CLE,obs,10.3141
1991-12-31,CLE,obs,16.9197
1992-01-31,CLE,obs,25.4160
1992-02-29,CLE,obs,152.4163
1992-03-31,CLE,obs,167.9184
1992-04-30,CLE,obs,265.2787
1992-05-31,CLE,obs,180.0670
1992-06-30,CLE,obs,45.3847
1992-07-31,CLE,obs,12.6533
1992-08-31,CLE,obs,2.0760
1992-09-30,CLE,obs,1.6926
1992-10-31,CLE,obs,8.3130
1992-11-30,CLE,obs,16.8221
1992-12-31,CLE,obs,41.4219
1993-01-31,CLE,obs,79.8974
1993-02-28,CLE,obs,158.8060
1993-03-31,CLE,obs,392.7333
1993-04-30,CLE,obs,240.3595
1993-05-31,CLE,obs,469.1332
1993-06-30,CLE,obs,250.4448
1993-07-31,CLE,obs,57.8300
1993-08-31,CLE,obs,18.5354
1993-09-30,CLE,obs,7.3016
1993-10-31,CLE,obs,9.0868
1993-11-30,CLE,obs,4.3995
1993-12-31,CLE,obs,39.6820
1994-01-31,CLE,obs,60.6099
1994-02-28,CLE,obs,52.9160
1994-03-31,CLE,obs,92.8740
1994-04-30,CLE,obs,112.0077
1994-05-31,CLE,obs,117.6197
1994-06-30,CLE,obs,22.9762
1994-07-31,CLE,obs,2.3816
1994-08-31,CLE,obs,0.0000
1994-09-30,CLE,obs,0.0000
1994-10-31,CLE,obs,0.0000
1994-11-30,CLE,obs,13.3995
1994-12-31,CLE,obs,20.0860
1995-01-31,CLE,obs,423.9398
1995-02-28,CLE,obs,270.7506
1995-03-31,CLE,obs,474.2168
1995-04-30,CLE,obs,272.8740
1995-05-31,CLE,obs,386.3801
1995-06-30,CLE,obs,265.3408
1995-07-31,CLE,obs,93.1658
1995-08-31,CLE,obs,14.5815
1995-09-30,CLE,obs,0.0000
1995-10-31,CLE,obs,2.2416
1995-11-30,CLE,obs,6.0644
1995-12-31,CLE,obs,125.7582
1996-01-31,CLE,obs,132.3539
1996-02-29,CLE,obs,377.6590
1996-03-31,CLE,obs,216.6883
1996-04-30,CLE,obs,218.5277
1996-05-31,CLE,obs,255.7631
1996-06-30,CLE,obs,92.7784
1996-07-31,CLE,obs,26.1445
1996-08-31,CLE,obs,0.0000
1996-09-30,CLE,obs,0.0000
1996-10-31,CLE,obs,1.6393
1996-11-30,CLE,obs,72.8886
1996-12-31,CLE,obs,424.2887
1997-01-31,CLE,obs,437.2033
1997-02-28,CLE,obs,102.0889
1997-03-31,CLE,obs,112.9087
1997-04-30,CLE,obs,148.5866
1997-05-31,CLE,obs,109.4329
1997-06-30,CLE,obs,34.2909
1997-07-31,CLE,obs,11.2368
1997-08-31,CLE,obs,2.5068
1997-09-30,CLE,obs,1.2056
1997-10-31,CLE,obs,8.2035
1997-11-30,CLE,obs,51.4955
1997-12-31,CLE,obs,58.3337
1998-01-31,CLE,obs,331.0589
1998-02-28,CLE,obs,357.4123
1998-03-31,CLE,obs,453.7582
1998-04-30,CLE,obs,248.9199
1998-05-31,CLE,obs,417.1922
1998-06-30,CLE,obs,484.1859
1998-07-31,CLE,obs,205.3953
1998-08-31,CLE,obs,26.6187
1998-09-30,CLE,obs,3.0105
1998-10-31,CLE,obs,8.3061
1998-11-30,CLE,obs,79.6430
1998-12-31,CLE,obs,92.4107
1999-01-31,CLE,obs,104.7002
1999-02-28,CLE,obs,135.2866
1999-03-31,CLE,obs,186.6746
1999-04-30,CLE,obs,221.4663
1999-05-31,CLE,obs,329.1751
1999-06-30,CLE,obs,172.8512
1999-07-31,CLE,obs,36.4566
1999-08-31,CLE,obs,8.4411
1999-09-30,CLE,obs,5.8939
1999-10-31,CLE,obs,4.2289
1999-11-30,CLE,obs,43.1697
1999-12-31,CLE,obs,34.0227
2000-01-31,CLE,obs,170.2577
2000-02-29,CLE,obs,268.4045
2000-03-31,CLE,obs,203.7777
2000-04-30,CLE,obs,329.4323
2000-05-31,CLE,obs,274.5508
2000-06-30,CLE,obs,154.1423
2000-07-31,CLE,obs,46.8515
2000-08-31,CLE,obs,0.0000
2000-09-30,CLE,obs,0.0000
2000-10-31,CLE,obs,12.0106
2000-11-30,CLE,obs,15.3494
2000-12-31,CLE,obs,17.7576
2001-01-31,CLE,obs,26.4816
2001-02-28,CLE,obs,56.3819
2001-03-31,CLE,obs,192.2196
2001-04-30,CLE,obs,143.0406
2001-05-31,CLE,obs,182.9879
2001-06-30,CLE,obs,41.9237
2001-07-31,CLE,obs,22.3720
2001-08-31,CLE,obs,9.2692
2001-09-30,CLE,obs,3.7380
2001-10-31,CLE,obs,3.0707
2001-11-30,CLE,obs,64.8733
2001-12-31,CLE,obs,105.6978
2002-01-31,CLE,obs,247.1386
2002-02-28,CLE,obs,125.4595
2002-03-31,CLE,obs,123.3273
2002-04-30,CLE,obs,250.4705
2002-05-31,CLE,obs,178.1113
2002-06-30,CLE,obs,80.3636
2002-07-31,CLE,obs,23.6495
2002-08-31,CLE,obs,6.8126
2002-09-30,CLE,obs,1.6285
2002-10-31,CLE,obs,0.8280
2002-11-30,CLE,obs,17.4353
2002-12-31,CLE,obs,206.3466
2003-01-31,CLE,obs,334.8353
2003-02-28,CLE,obs,136.1906
2003-03-31,CLE,obs,182.1194
2003-04-30,CLE,obs,234.3995
2003-05-31,CLE,obs,366.6224
2003-06-30,CLE,obs,243.2014
2003-07-31,CLE,obs,59.4752
2003-08-31,CLE,obs,23.1803
2003-09-30,CLE,obs,10.5990
2003-10-31,CLE,obs,4.8904
2003-11-30,CLE,obs,33.6048
2003-12-31,CLE,obs,143.4054
2004-01-31,CLE,obs,124.6630
2004-02-29,CLE,obs,278.3006
2004-03-31,CLE,obs,265.2984
2004-04-30,CLE,obs,231.4324
2004-05-31,CLE,obs,240.5054
2004-06-30,CLE,obs,114.7639
2004-07-31,CLE,obs,36.8302
2004-08-31,CLE,obs,14.7244
2004-09-30,CLE,obs,5.7470
2004-10-31,CLE,obs,17.0124
2004-11-30,CLE,obs,17.9015
2004-12-31,CLE,obs,89.1143
2005-01-31,CLE,obs,117.6266
2005-02-28,CLE,obs,105.7816
2005-03-31,CLE,obs,192.7203
2005-04-30,CLE,obs,179.8689
2005-05-31,CLE,obs,407.2764
2005-06-30,CLE,obs,212.3962
2005-07-31,CLE,obs,75.0444
2005-08-31,CLE,obs,15.5219
2005-09-30,CLE,obs,9.5048
2005-10-31,CLE,obs,11.8016
2005-11-30,CLE,obs,35.2707
2005-12-31,CLE,obs,342.1251
2006-01-31,CLE,obs,275.6923
2006-02-28,CLE,obs,190.5497
2006-03-31,CLE,obs,196.4189
2006-04-30,CLE,obs,366.6608
2006-05-31,CLE,obs,652.3646
2006-06-30,CLE,obs,315.6464
2006-07-31,CLE,obs,69.4256
2006-08-31,CLE,obs,20.9604
2006-09-30,CLE,obs,8.8029
2006-10-31,CLE,obs,10.6088
2006-11-30,CLE,obs,38.7308
2006-12-31,CLE,obs,96.7047
2007-01-31,CLE,obs,60.8632
2007-02-28,CLE,obs,122.0961
2007-03-31,CLE,obs,154.4943
2007-04-30,CLE,obs,116.3638
2007-05-31,CLE,obs,116.9563
2007-06-30,CLE,obs,30.3488
2007-07-31,CLE,obs,15.8363
2007-08-31,CLE,obs,7.2789
2007-09-30,CLE,obs,2.5019
2007-10-31,CLE,obs,25.5363
2007-11-30,CLE,obs,14.0570
2007-12-31,CLE,obs,43.6842
2008-01-31,CLE,obs,70.6055
2008-02-29,CLE,obs,88.0368
2008-03-31,CLE,obs,132.6852
2008-04-30,CLE,obs,142.6394
2008-05-31,CLE,obs,257.8578
2008-06-30,CLE,obs,82.5402
2008-07-31,CLE,obs,24.6737
2008-08-31,CLE,obs,8.8078
2008-09-30,CLE,obs,3.1988
2008-10-31,CLE,obs,9.9888
2008-11-30,CLE,obs,48.3075
2008-12-31,CLE,obs,19.6789
2009-01-31,CLE,obs,33.7802
2009-02-28,CLE,obs,75.9799
2009-03-31,CLE,obs,182.6645
2009-04-30,CLE,obs,136.4311
2009-05-31,CLE,obs,214.4841
2009-06-30,CLE,obs,63.3030
2009-07-31,CLE,obs,17.6837
2009-08-31,CLE,obs,8.6255
2009-09-30,CLE,obs,4.2378
2009-10-31,CLE,obs,18.9031
2009-11-30,CLE,obs,15.9300
2009-12-31,CLE,obs,33.1129
2010-01-31,CLE,obs,152.2359
2010-02-28,CLE,obs,151.7598
2010-03-31,CLE,obs,150.6153
2010-04-30,CLE,obs,217.5616
2010-05-31,CLE,obs,308.6386
2010-06-30,CLE,obs,391.8935
2010-07-31,CLE,obs,101.6996
2010-08-31,CLE,obs,18.5147
2010-09-30,CLE,obs,17.1247
2010-10-31,CLE,obs,40.5150
2010-11-30,CLE,obs,65.4983
2010-12-31,CLE,obs,190.3111
2011-01-31,CLE,obs,136.7919
2011-02-28,CLE,obs,91.2386
2011-03-31,CLE,obs,238.0794
2011-04-30,CLE,obs,242.9284
2011-05-31,CLE,obs,296.5107
2011-06-30,CLE,obs,383.3774
2011-07-31,CLE,obs,130.0118
2011-08-31,CLE,obs,28.1062
2011-09-30,CLE,obs,12.8229
2011-10-31,CLE,obs,22.7584
2011-11-30,CLE,obs,21.0560
2011-12-31,CLE,obs,20.8973
2012-01-31,CLE,obs,47.4647
2012-02-29,CLE,obs,61.8756
2012-03-31,CLE,obs,187.0847
2012-04-30,CLE,obs,303.9030
2012-05-31,CLE,obs,253.6801
2012-06-30,CLE,obs,92.4590
2012-07-31,CLE,obs,32.7452
2012-08-31,CLE,obs,9.3244
2012-09-30,CLE,obs,6.8185
2012-10-31,CLE,obs,7.2434
2012-11-30,CLE,obs,75.0395
2012-12-31,CLE,obs,185.6179
2013-01-31,CLE,obs,71.4750
2013-02-28,CLE,obs,66.3076
2013-03-31,CLE,obs,118.0623
2013-04-30,CLE,obs,164.3943
2013-05-31,CLE,obs,92.0026
2013-06-30,CLE,obs,38.0910
2013-07-31,CLE,obs,10.2392
2013-08-31,CLE,obs,5.8141
2013-09-30,CLE,obs,6.6677
2013-10-31,CLE,obs,7.4770
2013-11-30,CLE,obs,11.3688
2013-12-31,CLE,obs,8.4559
2014-01-31,CLE,obs,10.4511
2014-02-28,CLE,obs,47.7594
2014-03-31,CLE,obs,152.1610
2014-04-30,CLE,obs,78.4148
2014-05-31,CLE,obs,38.4390
2014-06-30,CLE,obs,12.5399
2014-07-31,CLE,obs,8.6885
2014-08-31,CLE,obs,2.4437
2014-09-30,CLE,obs,12.3349
2014-10-31,CLE,obs,26.3338
2014-11-30,CLE,obs,33.3830
2014-12-31,CLE,obs,271.3480
2015-01-31,CLE,obs,81.4263
2015-02-28,CLE,obs,288.9449
2015-03-31,CLE,obs,66.3845
2015-04-30,CLE,obs,55.5696
2015-05-31,CLE,obs,24.4352
2015-06-30,CLE,obs,19.8721
2015-07-31,CLE,obs,9.9346
2015-08-31,CLE,obs,1.7487
2015-09-30,CLE,obs,7.6052
2015-10-31,CLE,obs,7.2720
2015-11-30,CLE,obs,10.3604
2015-12-31,CLE,obs,54.9161
2016-01-31,CLE,obs,221.7817
2016-02-29,CLE,obs,179.3405
2016-03-31,CLE,obs,440.4040
2016-04-30,CLE,obs,255.3569
2016-05-31,CLE,obs,169.6021
2016-06-30,CLE,obs,56.1384
2016-07-31,CLE,obs,24.9616
2016-08-31,CLE,obs,8.9843
2016-09-30,CLE,obs,7.6584
2016-10-31,CLE,obs,92.9046
2016-11-30,CLE,obs,98.1350
2016-12-31,CLE,obs,184.3640
2017-01-31,CLE,obs,224.3279
2017-02-28,CLE,obs,475.3751
2017-03-31,CLE,obs,333.0866
2017-04-30,CLE,obs,270.0360
2017-05-31,CLE,obs,390.7825
2017-06-30,CLE,obs,171.7353
2017-07-31,CLE,obs,39.0482
2017-08-31,CLE,obs,10.1317
2017-09-30,CLE,obs,6.1216
2017-10-31,CLE,obs,8.1129
2017-11-30,CLE,obs,46.1822
2017-12-31,CLE,obs,16.5244
2018-01-31,CLE,obs,62.0668
2018-02-28,CLE,obs,42.3002
2018-03-31,CLE,obs,89.8339
2018-04-30,CLE,obs,153.6347
2018-05-31,CLE,obs,75.1558
2018-06-30,CLE,obs,27.0189
2018-07-31,CLE,obs,5.6159
2018-08-31,CLE,obs,1.2007
2018-09-30,CLE,obs,2.7680
1990-10-31,BND,obs,241.4810
1990-11-30,BND,obs,244.4910
1990-12-31,BND,obs,224.8610
1991-01-31,BND,obs,246.8540
1991-02-28,BND,obs,269.1290
1991-03-31,BND,obs,980.9110
1991-04-30,BND,obs,516.1230
1991-05-31,BND,obs,438.7020
1991-06-30,BND,obs,262.7040
1991-07-31,BND,obs,208.3320
1991-08-31,BND,obs,188.5150
1991-09-30,BND,obs,190.6870
1991-10-31,BND,obs,237.5380
1991-11-30,BND,obs,225.6690
1991-12-31,BND,obs,269.3010
1992-01-31,BND,obs,336.3260
1992-02-29,BND,obs,1268.2090
1992-03-31,BND,obs,921.3380
1992-04-30,BND,obs,634.5440
1992-05-31,BND,obs,353.2990
1992-06-30,BND,obs,264.7630
1992-07-31,BND,obs,243.9160
1992-08-31,BND,obs,190.3530
1992-09-30,BND,obs,212.1670
1992-10-31,BND,obs,258.7280
1992-11-30,BND,obs,243.8440
1992-12-31,BND,obs,650.4460
1993-01-31,BND,obs,1572.7930
1993-02-28,BND,obs,1410.4300
1993-03-31,BND,obs,2166.9800
1993-04-30,BND,obs,1339.1000
1993-05-31,BND,obs,914.3710
1993-06-30,BND,obs,807.7670
1993-07-31,BND,obs,318.5000
1993-08-31,BND,obs,259.7720
1993-09-30,BND,obs,248.7120
1993-10-31,BND,obs,310.8990
1993-11-30,BND,obs,255.6470
1993-12-31,BND,obs,447.3010
1994-01-31,BND,obs,458.2460
1994-02-28,BND,obs,653.0190
1994-03-31,BND,obs,536.9880
1994-04-30,BND,obs,381.5670
1994-05-31,BND,obs,374.1540
1994-06-30,BND,obs,244.3150
1994-07-31,BND,obs,185.2580
1994-08-31,BND,obs,158.7530
1994-09-30,BND,obs,219.6110
1994-10-31,BND,obs,229.2230
1994-11-30,BND,obs,267.2060
1994-12-31,BND,obs,396.3550
1995-01-31,BND,obs,3866.5990
1995-02-28,BND,obs,1430.8960
1995-03-31,BND,obs,3904.1870
1995-04-30,BND,obs,1744.3100
1995-05-31,BND,obs,1512.7460
1995-06-30,BND,obs,693.1040
1995-07-31,BND,obs,415.6700
1995-08-31,BND,obs,332.5330
1995-09-30,BND,obs,353.9320
1995-10-31,BND,obs,307.0990
1995-11-30,BND,obs,273.8430
1995-12-31,BND,obs,785.5670
1996-01-31,BND,obs,1046.3640
1996-02-29,BND,obs,2277.1040
1996-03-31,BND,obs,1527.2880
1996-04-30,BND,obs,966.6580
1996-05-31,BND,obs,1053.1150
1996-06-30,BND,obs,481.2770
1996-07-31,BND,obs,306.7590
1996-08-31,BND,obs,283.9920
1996-09-30,BND,obs,281.5040
1996-10-31,BND,obs,330.2250
1996-11-30,BND,obs,494.8500
1996-12-31,BND,obs,2298.7140
1997-01-31,BND,obs,3075.0560
1997-02-28,BND,obs,1031.5140
1997-03-31,BND,obs,707.6940
1997-04-30,BND,obs,621.4250
1997-05-31,BND,obs,463.7640
1997-06-30,BND,obs,359.2610
1997-07-31,BND,obs,275.6890
1997-08-31,BND,obs,275.8480
1997-09-30,BND,obs,296.3700
1997-10-31,BND,obs,375.1540
1997-11-30,BND,obs,613.5850
1997-12-31,BND,obs,666.9850
1998-01-31,BND,obs,2620.5560
1998-02-28,BND,obs,3960.4700
1998-03-31,BND,obs,2099.6260
1998-04-30,BND,obs,1541.1420
1998-05-31,BND,obs,1650.2210
1998-06-30,BND,obs,1321.9620
1998-07-31,BND,obs,562.1370
1998-08-31,BND,obs,383.7620
1998-09-30,BND,obs,380.6350
1998-10-31,BND,obs,425.7490
1998-11-30,BND,obs,768.2170
1998-12-31,BND,obs,941.7060
1999-01-31,BND,obs,953.2850
1999-02-28,BND,obs,1741.1610
1999-03-31,BND,obs,1589.8390
1999-04-30,BND,obs,1112.9230
1999-05-31,BND,obs,799.4750
1999-06-30,BND,obs,512.5020
1999-07-31,BND,obs,354.3440
1999-08-31,BND,obs,320.7660
1999-09-30,BND,obs,335.2260
1999-10-31,BND,obs,372.6490
1999-11-30,BND,obs,425.8420
1999-12-31,BND,obs,412.9320
2000-01-31,BND,obs,1185.5440
2000-02-29,BND,obs,2499.8320
2000-03-31,BND,obs,1792.9750
2000-04-30,BND,obs,1026.8900
2000-05-31,BND,obs,662.3500
2000-06-30,BND,obs,439.3100
2000-07-31,BND,obs,305.3720
2000-08-31,BND,obs,298.5000
2000-09-30,BND,obs,346.8580
2000-10-31,BND,obs,375.3930
2000-11-30,BND,obs,336.5060
2000-12-31,BND,obs,407.7250
2001-01-31,BND,obs,532.9320
2001-02-28,BND,obs,923.7250
2001-03-31,BND,obs,1067.4530
2001-04-30,BND,obs,584.8180
2001-05-31,BND,obs,460.9660
2001-06-30,BND,obs,316.1560
2001-07-31,BND,obs,273.2710
2001-08-31,BND,obs,272.5760
2001-09-30,BND,obs,275.9850
2001-10-31,BND,obs,292.6410
2001-11-30,BND,obs,557.3440
2001-12-31,BND,obs,1507.2540
2002-01-31,BND,obs,1476.9510
2002-02-28,BND,obs,810.5200
2002-03-31,BND,obs,828.8470
2002-04-30,BND,obs,650.2240
2002-05-31,BND,obs,506.8370
2002-06-30,BND,obs,330.5200
2002-07-31,BND,obs,272.5600
2002-08-31,BND,obs,270.3120
2002-09-30,BND,obs,265.8520
2002-10-31,BND,obs,271.1520
2002-11-30,BND,obs,319.1420
2002-12-31,BND,obs,1898.7450
2003-01-31,BND,obs,1841.1730
2003-02-28,BND,obs,745.8090
2003-03-31,BND,obs,1015.0220
2003-04-30,BND,obs,1225.3030
2003-05-31,BND,obs,1248.8770
2003-06-30,BND,obs,489.4700
2003-07-31,BND,obs,320.5270
2003-08-31,BND,obs,282.5440
2003-09-30,BND,obs,286.4180
2003-10-31,BND,obs,285.9460
2003-11-30,BND,obs,349.7130
2003-12-31,BND,obs,1206.2980
2004-01-31,BND,obs,1098.7140
2004-02-29,BND,obs,2304.2410
2004-03-31,BND,obs,1306.7520
2004-04-30,BND,obs,714.9470
2004-05-31,BND,obs,520.1620
2004-06-30,BND,obs,365.1810
2004-07-31,BND,obs,316.2180
2004-08-31,BND,obs,243.1980
2004-09-30,BND,obs,245.6330
2004-10-31,BND,obs,348.1740
2004-11-30,BND,obs,308.1560
2004-12-31,BND,obs,882.5060
2005-01-31,BND,obs,970.2870
2005-02-28,BND,obs,751.8060
2005-03-31,BND,obs,1240.1140
2005-04-30,BND,obs,873.8210
2005-05-31,BND,obs,1697.5040
2005-06-30,BND,obs,622.7940
2005-07-31,BND,obs,362.2700
2005-08-31,BND,obs,294.7910
2005-09-30,BND,obs,275.1350
2005-10-31,BND,obs,299.2130
2005-11-30,BND,obs,392.4260
2005-12-31,BND,obs,2099.4440
2006-01-31,BND,obs,2254.6240
2006-02-28,BND,obs,1307.5340
2006-03-31,BND,obs,2203.5770
2006-04-30,BND,obs,2855.6120
2006-05-31,BND,obs,1281.7950
2006-06-30,BND,obs,604.3350
2006-07-31,BND,obs,375.6980
2006-08-31,BND,obs,316.5920
2006-09-30,BND,obs,312.6390
2006-10-31,BND,obs,332.2060
2006-11-30,BND,obs,389.4430
2006-12-31,BND,obs,719.9810
2007-01-31,BND,obs,428.4280
2007-02-28,BND,obs,910.7410
2007-03-31,BND,obs,674.7290
2007-04-30,BND,obs,441.0160
2007-05-31,BND,obs,364.5970
2007-06-30,BND,obs,263.5230
2007-07-31,BND,obs,242.0310
2007-08-31,BND,obs,222.0030
2007-09-30,BND,obs,227.1290
2007-10-31,BND,obs,325.7410
2007-11-30,BND,obs,261.1360
2007-12-31,BND,obs,427.2340
2008-01-31,BND,obs,996.8240
2008-02-29,BND,obs,1003.0590
2008-03-31,BND,obs,701.7450
2008-04-30,BND,obs,454.8210
2008-05-31,BND,obs,523.2130
2008-06-30,BND,obs,297.6510
2008-07-31,BND,obs,224.9080
2008-08-31,BND,obs,224.0640
2008-09-30,BND,obs,190.5190
2008-10-31,BND,obs,265.7260
2008-11-30,BND,obs,316.8460
2008-12-31,BND,obs,301.6100
2009-01-31,BND,obs,318.0900
2009-02-28,BND,obs,1044.1780
2009-03-31,BND,obs,1391.6700
2009-04-30,BND,obs,574.6850
2009-05-31,BND,obs,828.6680
2009-06-30,BND,obs,393.9200
2009-07-31,BND,obs,292.6780
2009-08-31,BND,obs,262.4100
2009-09-30,BND,obs,235.7550
2009-10-31,BND,obs,365.5440
2009-11-30,BND,obs,255.2890
2009-12-31,BND,obs,373.3300
2010-01-31,BND,obs,1576.7900
2010-02-28,BND,obs,1356.2930
2010-03-31,BND,obs,925.4460
2010-04-30,BND,obs,1112.4920
2010-05-31,BND,obs,834.9070
2010-06-30,BND,obs,679.1120
2010-07-31,BND,obs,351.6690
2010-08-31,BND,obs,283.9510
2010-09-30,BND,obs,263.3010
2010-10-31,BND,obs,311.2900
2010-11-30,BND,obs,357.9010
2010-12-31,BND,obs,1346.2170
2011-01-31,BND,obs,714.5840
2011-02-28,BND,obs,705.5920
2011-03-31,BND,obs,2335.1730
2011-04-30,BND,obs,1367.9770
2011-05-31,BND,obs,982.1150
2011-06-30,BND,obs,809.9960
2011-07-31,BND,obs,422.8370
2011-08-31,BND,obs,303.5710
2011-09-30,BND,obs,279.3620
2011-10-31,BND,obs,351.7110
2011-11-30,BND,obs,341.0200
2011-12-31,BND,obs,311.4100
2012-01-31,BND,obs,446.2880
2012-02-29,BND,obs,350.1050
2012-03-31,BND,obs,1183.5470
2012-04-30,BND,obs,1124.0590
2012-05-31,BND,obs,551.1140
2012-06-30,BND,obs,343.5380
2012-07-31,BND,obs,280.7850
2012-08-31,BND,obs,254.4350
2012-09-30,BND,obs,250.7950
2012-10-31,BND,obs,267.2710
2012-11-30,BND,obs,546.7640
2012-12-31,BND,obs,1601.3310
2013-01-31,BND,obs,573.0650
2013-02-28,BND,obs,468.5290
2013-03-31,BND,obs,540.3460
2013-04-30,BND,obs,565.8430
2013-05-31,BND,obs,334.6790
2013-06-30,BND,obs,293.5810
2013-07-31,BND,obs,234.9750
2013-08-31,BND,obs,231.8220
2013-09-30,BND,obs,234.8460
2013-10-31,BND,obs,240.9350
2013-11-30,BND,obs,236.6370
2013-12-31,BND,obs,241.1140
2014-01-31,BND,obs,218.6370
2014-02-28,BND,obs,420.7190
2014-03-31,BND,obs,879.3850
2014-04-30,BND,obs,527.9480
2014-05-31,BND,obs,293.9940
2014-06-30,BND,obs,238.1960
2014-07-31,BND,obs,215.2440
2014-08-31,BND,obs,214.3860
2014-09-30,BND,obs,211.1020
2014-10-31,BND,obs,262.4280
2014-11-30,BND,obs,261.6220
2014-12-31,BND,obs,1691.8030
2015-01-31,BND,obs,431.0770
2015-02-28,BND,obs,1065.3230
2015-03-31,BND,obs,347.5170
2015-04-30,BND,obs,307.4480
2015-05-31,BND,obs,278.9480
2015-06-30,BND,obs,249.2700
2015-07-31,BND,obs,220.4210
2015-08-31,BND,obs,198.1430
2015-09-30,BND,obs,210.7310
2015-10-31,BND,obs,219.3740
2015-11-30,BND,obs,211.6230
2015-12-31,BND,obs,505.4550
2016-01-31,BND,obs,1836.5510
2016-02-29,BND,obs,804.2490
2016-03-31,BND,obs,2422.6350
2016-04-30,BND,obs,687.6510
2016-05-31,BND,obs,469.3760
2016-06-30,BND,obs,354.8970
2016-07-31,BND,obs,265.2740
2016-08-31,BND,obs,237.0520
2016-09-30,BND,obs,240.5820
2016-10-31,BND,obs,433.4570
2016-11-30,BND,obs,598.8800
2016-12-31,BND,obs,1234.5280
2017-01-31,BND,obs,2470.5350
2017-02-28,BND,obs,3870.9620
2017-03-31,BND,obs,1854.2150
2017-04-30,BND,obs,1780.2010
2017-05-31,BND,obs,888.1240
2017-06-30,BND,obs,537.6770
2017-07-31,BND,obs,384.3190
2017-08-31,BND,obs,321.5130
2017-09-30,BND,obs,298.9280
2017-10-31,BND,obs,303.9770
2017-11-30,BND,obs,460.0960
2017-12-31,BND,obs,333.1620
2018-01-31,BND,obs,507.8060
2018-02-28,BND,obs,337.4240
2018-03-31,BND,obs,848.1240
2018-04-30,BND,obs,811.7180
2018-05-31,BND,obs,446.5860
2018-06-30,BND,obs,343.8330
2018-07-31,BND,obs,271.7380
2018-08-31,BND,obs,250.8190
2018-09-30,BND,obs,251.3850
1990-10-31,ORO,obs,40.2250
1990-11-30,ORO,obs,66.0320
1990-12-31,ORO,obs,61.8030
1991-01-31,ORO,obs,69.4290
1991-02-28,ORO,obs,96.9890
1991-03-31,ORO,obs,538.9620
1991-04-30,ORO,obs,397.2770
1991-05-31,ORO,obs,363.5950
1991-06-30,ORO,obs,186.3850
1991-07-31,ORO,obs,104.1340
1991-08-31,ORO,obs,73.3440
1991-09-30,ORO,obs,58.3890
1991-10-31,ORO,obs,60.4160
1991-11-30,ORO,obs,71.6100
1991-12-31,ORO,obs,89.4760
1992-01-31,ORO,obs,100.8300
1992-02-29,ORO,obs,385.7350
1992-03-31,ORO,obs,342.5760
1992-04-30,ORO,obs,370.2870
1992-05-31,ORO,obs,171.7800
1992-06-30,ORO,obs,96.9520
1992-07-31,ORO,obs,86.4710
1992-08-31,ORO,obs,65.8940
1992-09-30,ORO,obs,55.5130
1992-10-31,ORO,obs,72.9540
1992-11-30,ORO,obs,67.0000
1992-12-31,ORO,obs,230.8580
1993-01-31,ORO,obs,672.2200
1993-02-28,ORO,obs,565.9370
1993-03-31,ORO,obs,1361.1350
1993-04-30,ORO,obs,950.4810
1993-05-31,ORO,obs,905.0810
1993-06-30,ORO,obs,520.6390
1993-07-31,ORO,obs,166.6190
1993-08-31,ORO,obs,107.3330
1993-09-30,ORO,obs,93.2360
1993-10-31,ORO,obs,99.4480
1993-11-30,ORO,obs,95.6240
1993-12-31,ORO,obs,153.7240
1994-01-31,ORO,obs,152.3980
1994-02-28,ORO,obs,226.4220
1994-03-31,ORO,obs,329.7610
1994-04-30,ORO,obs,271.2770
1994-05-31,ORO,obs,250.1070
1994-06-30,ORO,obs,107.5760
1994-07-31,ORO,obs,76.9510
1994-08-31,ORO,obs,65.9570
1994-09-30,ORO,obs,62.0730
1994-10-31,ORO,obs,60.2310
1994-11-30,ORO,obs,103.7010
1994-12-31,ORO,obs,204.0360
1995-01-31,ORO,obs,1520.7210
1995-02-28,ORO,obs,606.2540
1995-03-31,ORO,obs,2282.6790
1995-04-30,ORO,obs,1337.5310
1995-05-31,ORO,obs,1682.1660
1995-06-30,ORO,obs,869.9940
1995-07-31,ORO,obs,353.7590
1995-08-31,ORO,obs,153.1550
1995-09-30,ORO,obs,105.2830
1995-10-31,ORO,obs,104.4120
1995-11-30,ORO,obs,107.6180
1995-12-31,ORO,obs,351.0540
1996-01-31,ORO,obs,460.2230
1996-02-29,ORO,obs,1279.2190
1996-03-31,ORO,obs,857.3860
1996-04-30,ORO,obs,882.2220
1996-05-31,ORO,obs,1018.2030
1996-06-30,ORO,obs,337.3210
1996-07-31,ORO,obs,170.3300
1996-08-31,ORO,obs,110.9200
1996-09-30,ORO,obs,103.9620
1996-10-31,ORO,obs,105.2770
1996-11-30,ORO,obs,222.9760
1996-12-31,ORO,obs,1506.2980
1997-01-31,ORO,obs,2539.4900
1997-02-28,ORO,obs,530.4460
1997-03-31,ORO,obs,532.0580
1997-04-30,ORO,obs,496.5370
1997-05-31,ORO,obs,325.3510
1997-06-30,ORO,obs,187.0880
1997-07-31,ORO,obs,116.1100
1997-08-31,ORO,obs,100.9420
1997-09-30,ORO,obs,91.7910
1997-10-31,ORO,obs,103.4330
1997-11-30,ORO,obs,192.2350
1997-12-31,ORO,obs,232.7560
1998-01-31,ORO,obs,970.3360
1998-02-28,ORO,obs,1116.9800
1998-03-31,ORO,obs,981.2050
1998-04-30,ORO,obs,886.4430
1998-05-31,ORO,obs,1081.9410
1998-06-30,ORO,obs,976.9410
1998-07-31,ORO,obs,369.7150
1998-08-31,ORO,obs,161.1610
1998-09-30,ORO,obs,125.9660
1998-10-31,ORO,obs,128.6870
1998-11-30,ORO,obs,338.9040
1998-12-31,ORO,obs,419.9910
1999-01-31,ORO,obs,567.8440
1999-02-28,ORO,obs,952.1180
1999-03-31,ORO,obs,810.5910
1999-04-30,ORO,obs,682.7220
1999-05-31,ORO,obs,694.6380
1999-06-30,ORO,obs,319.4340
1999-07-31,ORO,obs,145.8390
1999-08-31,ORO,obs,116.8110
1999-09-30,ORO,obs,100.1530
1999-10-31,ORO,obs,97.7790
1999-11-30,ORO,obs,150.9690
1999-12-31,ORO,obs,122.8860
2000-01-31,ORO,obs,432.2820
2000-02-29,ORO,obs,978.0030
2000-03-31,ORO,obs,761.3550
2000-04-30,ORO,obs,698.4060
2000-05-31,ORO,obs,488.0780
2000-06-30,ORO,obs,207.8060
2000-07-31,ORO,obs,131.3170
2000-08-31,ORO,obs,93.9200
2000-09-30,ORO,obs,82.1660
2000-10-31,ORO,obs,110.6120
2000-11-30,ORO,obs,96.4020
2000-12-31,ORO,obs,122.7210
2001-01-31,ORO,obs,137.8070
2001-02-28,ORO,obs,211.5440
2001-03-31,ORO,obs,396.4830
2001-04-30,ORO,obs,338.6080
2001-05-31,ORO,obs,296.9990
2001-06-30,ORO,obs,107.0570
2001-07-31,ORO,obs,85.9650
2001-08-31,ORO,obs,70.9580
2001-09-30,ORO,obs,65.4480
2001-10-31,ORO,obs,62.7060
2001-11-30,ORO,obs,170.7690
2001-12-31,ORO,obs,365.5720
2002-01-31,ORO,obs,492.4040
2002-02-28,ORO,obs,304.0580
2002-03-31,ORO,obs,446.2050
2002-04-30,ORO,obs,506.2830
2002-05-31,ORO,obs,341.3170
2002-06-30,ORO,obs,160.6230
2002-07-31,ORO,obs,95.0260
2002-08-31,ORO,obs,74.9830
2002-09-30,ORO,obs,64.3870
2002-10-31,ORO,obs,52.5750
2002-11-30,ORO,obs,134.6220
2002-12-31,ORO,obs,661.9250
2003-01-31,ORO,obs,742.8300
2003-02-28,ORO,obs,369.9010
2003-03-31,ORO,obs,568.6270
2003-04-30,ORO,obs,638.7150
2003-05-31,ORO,obs,839.3160
2003-06-30,ORO,obs,347.4870
2003-07-31,ORO,obs,135.4590
2003-08-31,ORO,obs,116.9450
2003-09-30,ORO,obs,84.1860
2003-10-31,ORO,obs,73.7910
2003-11-30,ORO,obs,105.8630
2003-12-31,ORO,obs,399.1330
2004-01-31,ORO,obs,322.9100
2004-02-29,ORO,obs,782.7600
2004-03-31,ORO,obs,723.6270
2004-04-30,ORO,obs,518.7820
2004-05-31,ORO,obs,405.1520
2004-06-30,ORO,obs,191.5130
2004-07-31,ORO,obs,109.1120
2004-08-31,ORO,obs,92.3050
2004-09-30,ORO,obs,75.1850
2004-10-31,ORO,obs,124.3780
2004-11-30,ORO,obs,109.4230
2004-12-31,ORO,obs,233.3100
2005-01-31,ORO,obs,299.2120
2005-02-28,ORO,obs,326.2440
2005-03-31,ORO,obs,684.2030
2005-04-30,ORO,obs,597.6300
2005-05-31,ORO,obs,1116.4460
2005-06-30,ORO,obs,393.3790
2005-07-31,ORO,obs,171.7380
2005-08-31,ORO,obs,111.5260
2005-09-30,ORO,obs,98.9890
2005-10-31,ORO,obs,85.3330
2005-11-30,ORO,obs,143.8510
2005-12-31,ORO,obs,1353.4120
2006-01-31,ORO,obs,1023.4280
2006-02-28,ORO,obs,724.7340
2006-03-31,ORO,obs,1133.0940
2006-04-30,ORO,obs,1706.1640
2006-05-31,ORO,obs,1206.2690
2006-06-30,ORO,obs,421.7900
2006-07-31,ORO,obs,193.0550
2006-08-31,ORO,obs,126.8860
2006-09-30,ORO,obs,94.2610
2006-10-31,ORO,obs,97.6880
2006-11-30,ORO,obs,138.2700
2006-12-31,ORO,obs,283.1350
2007-01-31,ORO,obs,181.0200
2007-02-28,ORO,obs,466.9700
2007-03-31,ORO,obs,441.1360
2007-04-30,ORO,obs,309.5010
2007-05-31,ORO,obs,225.4790
2007-06-30,ORO,obs,109.6140
2007-07-31,ORO,obs,114.3200
2007-08-31,ORO,obs,93.1920
2007-09-30,ORO,obs,80.0600
2007-10-31,ORO,obs,90.9900
2007-11-30,ORO,obs,74.4180
2007-12-31,ORO,obs,115.7590
2008-01-31,ORO,obs,228.5010
2008-02-29,ORO,obs,238.7870
2008-03-31,ORO,obs,363.6860
2008-04-30,ORO,obs,357.8650
2008-05-31,ORO,obs,417.7210
2008-06-30,ORO,obs,144.6810
2008-07-31,ORO,obs,88.4510
2008-08-31,ORO,obs,65.6770
2008-09-30,ORO,obs,52.0000
2008-10-31,ORO,obs,64.4080
2008-11-30,ORO,obs,127.1650
2008-12-31,ORO,obs,113.0530
2009-01-31,ORO,obs,171.9450
2009-02-28,ORO,obs,476.0390
2009-03-31,ORO,obs,777.3520
2009-04-30,ORO,obs,409.5750
2009-05-31,ORO,obs,606.6910
2009-06-30,ORO,obs,176.1260
2009-07-31,ORO,obs,85.3110
2009-08-31,ORO,obs,77.8360
2009-09-30,ORO,obs,61.2900
2009-10-31,ORO,obs,93.1160
2009-11-30,ORO,obs,74.9860
2009-12-31,ORO,obs,113.0910
2010-01-31,ORO,obs,347.6560
2010-02-28,ORO,obs,314.8510
2010-03-31,ORO,obs,437.6790
2010-04-30,ORO,obs,618.0190
2010-05-31,ORO,obs,682.9220
2010-06-30,ORO,obs,548.8050
2010-07-31,ORO,obs,180.9600
2010-08-31,ORO,obs,93.7080
2010-09-30,ORO,obs,79.9410
2010-10-31,ORO,obs,136.2200
2010-11-30,ORO,obs,153.0420
2010-12-31,ORO,obs,787.0430
2011-01-31,ORO,obs,361.5100
2011-02-28,ORO,obs,372.8300
2011-03-31,ORO,obs,1111.0870
2011-04-30,ORO,obs,1165.0220
2011-05-31,ORO,obs,983.3060
2011-06-30,ORO,obs,906.0480
2011-07-31,ORO,obs,351.4550
2011-08-31,ORO,obs,147.1760
2011-09-30,ORO,obs,104.0360
2011-10-31,ORO,obs,124.0210
2011-11-30,ORO,obs,118.2820
2011-12-31,ORO,obs,84.9300
2012-01-31,ORO,obs,186.6870
2012-02-29,ORO,obs,156.0900
2012-03-31,ORO,obs,679.9530
2012-04-30,ORO,obs,693.6390
2012-05-31,ORO,obs,399.4590
2012-06-30,ORO,obs,150.4600
2012-07-31,ORO,obs,113.2830
2012-08-31,ORO,obs,89.8150
2012-09-30,ORO,obs,62.7590
2012-10-31,ORO,obs,73.8250
2012-11-30,ORO,obs,282.0980
2012-12-31,ORO,obs,950.4620
2013-01-31,ORO,obs,270.6530
2013-02-28,ORO,obs,233.8380
2013-03-31,ORO,obs,415.3260
2013-04-30,ORO,obs,350.7790
2013-05-31,ORO,obs,174.8330
2013-06-30,ORO,obs,138.1200
2013-07-31,ORO,obs,91.9340
2013-08-31,ORO,obs,77.7880
2013-09-30,ORO,obs,70.0290
2013-10-31,ORO,obs,76.8700
2013-11-30,ORO,obs,79.5310
2013-12-31,ORO,obs,73.9230
2014-01-31,ORO,obs,78.3730
2014-02-28,ORO,obs,257.5110
2014-03-31,ORO,obs,460.9120
2014-04-30,ORO,obs,289.8300
2014-05-31,ORO,obs,125.9380
2014-06-30,ORO,obs,79.8420
2014-07-31,ORO,obs,73.0790
2014-08-31,ORO,obs,68.0960
2014-09-30,ORO,obs,56.6040
2014-10-31,ORO,obs,53.7760
2014-11-30,ORO,obs,89.5160
2014-12-31,ORO,obs,594.5800
2015-01-31,ORO,obs,177.8630
2015-02-28,ORO,obs,442.1100
2015-03-31,ORO,obs,157.1050
2015-04-30,ORO,obs,121.3950
2015-05-31,ORO,obs,97.1450
2015-06-30,ORO,obs,84.9530
2015-07-31,ORO,obs,74.8190
2015-08-31,ORO,obs,66.1640
2015-09-30,ORO,obs,56.3310
2015-10-31,ORO,obs,58.3240
2015-11-30,ORO,obs,66.9050
2015-12-31,ORO,obs,229.2870
2016-01-31,ORO,obs,677.3880
2016-02-29,ORO,obs,433.8730
2016-03-31,ORO,obs,1511.1400
2016-04-30,ORO,obs,542.7820
2016-05-31,ORO,obs,355.8250
2016-06-30,ORO,obs,155.1130
2016-07-31,ORO,obs,82.8130
2016-08-31,ORO,obs,68.9470
2016-09-30,ORO,obs,66.3200
2016-10-31,ORO,obs,182.0310
2016-11-30,ORO,obs,190.9110
2016-12-31,ORO,obs,784.4250
2017-01-31,ORO,obs,1598.1710
2017-02-28,ORO,obs,2919.9380
2017-03-31,ORO,obs,1215.9830
2017-04-30,ORO,obs,1513.3660
2017-05-31,ORO,obs,939.6690
2017-06-30,ORO,obs,406.9380
2017-07-31,ORO,obs,196.8350
2017-08-31,ORO,obs,127.6820
2017-09-30,ORO,obs,95.3860
2017-10-31,ORO,obs,98.9830
2017-11-30,ORO,obs,257.2220
2017-12-31,ORO,obs,155.7000
2018-01-31,ORO,obs,338.0840
2018-02-28,ORO,obs,180.7560
2018-03-31,ORO,obs,877.6410
2018-04-30,ORO,obs,791.4130
2018-05-31,ORO,obs,273.8810
2018-06-30,ORO,obs,143.0550
2018-07-31,ORO,obs,103.5050
2018-08-31,ORO,obs,95.5880
2018-09-30,ORO,obs,73.4600
1990-10-31,FOL,obs,3.9240
1990-11-30,FOL,obs,7.1080
1990-12-31,FOL,obs,11.5770
1991-01-31,FOL,obs,10.9530
1991-02-28,FOL,obs,24.1260
1991-03-31,FOL,obs,331.1790
1991-04-30,FOL,obs,275.9900
1991-05-31,FOL,obs,327.4870
1991-06-30,FOL,obs,168.9650
1991-07-31,FOL,obs,25.3130
1991-08-31,FOL,obs,0.0000
1991-09-30,FOL,obs,8.0520
1991-10-31,FOL,obs,17.2610
1991-11-30,FOL,obs,31.6790
1991-12-31,FOL,obs,24.4900
1992-01-31,FOL,obs,25.0070
1992-02-29,FOL,obs,231.1660
1992-03-31,FOL,obs,209.8780
1992-04-30,FOL,obs,238.5210
1992-05-31,FOL,obs,91.7270
1992-06-30,FOL,obs,16.6600
1992-07-31,FOL,obs,14.3500
1992-08-31,FOL,obs,0.0000
1992-09-30,FOL,obs,0.0000
1992-10-31,FOL,obs,14.2800
1992-11-30,FOL,obs,19.5110
1992-12-31,FOL,obs,128.4700
1993-01-31,FOL,obs,520.7980
1993-02-28,FOL,obs,360.7300
1993-03-31,FOL,obs,659.4860
1993-04-30,FOL,obs,516.4140
1993-05-31,FOL,obs,667.7990
1993-06-30,FOL,obs,385.6210
1993-07-31,FOL,obs,96.0150
1993-08-31,FOL,obs,19.9050
1993-09-30,FOL,obs,10.3820
1993-10-31,FOL,obs,17.0980
1993-11-30,FOL,obs,16.4970
1993-12-31,FOL,obs,46.5500
1994-01-31,FOL,obs,43.8300
1994-02-28,FOL,obs,94.5810
1994-03-31,FOL,obs,162.8210
1994-04-30,FOL,obs,189.4330
1994-05-31,FOL,obs,184.4950
1994-06-30,FOL,obs,43.1760
1994-07-31,FOL,obs,2.9140
1994-08-31,FOL,obs,2.1390
1994-09-30,FOL,obs,7.7280
1994-10-31,FOL,obs,10.1280
1994-11-30,FOL,obs,62.4940
1994-12-31,FOL,obs,152.4890
1995-01-31,FOL,obs,925.9750
1995-02-28,FOL,obs,304.2000
1995-03-31,FOL,obs,1172.3900
1995-04-30,FOL,obs,755.1920
1995-05-31,FOL,obs,987.9480
1995-06-30,FOL,obs,729.7970
1995-07-31,FOL,obs,341.6560
1995-08-31,FOL,obs,80.6410
1995-09-30,FOL,obs,26.3920
1995-10-31,FOL,obs,9.6080
1995-11-30,FOL,obs,9.1060
1995-12-31,FOL,obs,183.7750
1996-01-31,FOL,obs,340.0990
1996-02-29,FOL,obs,824.3900
1996-03-31,FOL,obs,572.8240
1996-04-30,FOL,obs,558.6760
1996-05-31,FOL,obs,810.7930
1996-06-30,FOL,obs,256.7640
1996-07-31,FOL,obs,67.0680
1996-08-31,FOL,obs,20.7280
1996-09-30,FOL,obs,13.8500
1996-10-31,FOL,obs,14.5640
1996-11-30,FOL,obs,142.8240
1996-12-31,FOL,obs,1023.9510
1997-01-31,FOL,obs,1988.0410
1997-02-28,FOL,obs,338.2430
1997-03-31,FOL,obs,295.2950
1997-04-30,FOL,obs,359.7610
1997-05-31,FOL,obs,334.5090
1997-06-30,FOL,obs,152.5880
1997-07-31,FOL,obs,32.4330
1997-08-31,FOL,obs,11.2960
1997-09-30,FOL,obs,10.3070
1997-10-31,FOL,obs,18.6300
1997-11-30,FOL,obs,49.2800
1997-12-31,FOL,obs,90.7250
1998-01-31,FOL,obs,513.9960
1998-02-28,FOL,obs,727.0390
1998-03-31,FOL,obs,587.3510
1998-04-30,FOL,obs,581.7760
1998-05-31,FOL,obs,698.8460
1998-06-30,FOL,obs,787.1610
1998-07-31,FOL,obs,265.2390
1998-08-31,FOL,obs,45.1920
1998-09-30,FOL,obs,32.9900
1998-10-31,FOL,obs,20.4930
1998-11-30,FOL,obs,86.2960
1998-12-31,FOL,obs,146.4390
1999-01-31,FOL,obs,367.4420
1999-02-28,FOL,obs,698.0280
1999-03-31,FOL,obs,436.0140
1999-04-30,FOL,obs,414.4150
1999-05-31,FOL,obs,644.3280
1999-06-30,FOL,obs,374.9710
1999-07-31,FOL,obs,83.1380
1999-08-31,FOL,obs,25.1630
1999-09-30,FOL,obs,18.8350
1999-10-31,FOL,obs,18.5880
1999-11-30,FOL,obs,34.3490
1999-12-31,FOL,obs,40.6300
2000-01-31,FOL,obs,316.0770
2000-02-29,FOL,obs,677.7620
2000-03-31,FOL,obs,430.6040
2000-04-30,FOL,obs,437.7860
2000-05-31,FOL,obs,466.1130
2000-06-30,FOL,obs,159.9760
2000-07-31,FOL,obs,45.0580
2000-08-31,FOL,obs,12.2580
2000-09-30,FOL,obs,18.6990
2000-10-31,FOL,obs,19.2150
2000-11-30,FOL,obs,21.3420
2000-12-31,FOL,obs,33.6770
2001-01-31,FOL,obs,53.5690
2001-02-28,FOL,obs,105.4570
2001-03-31,FOL,obs,227.8880
2001-04-30,FOL,obs,252.8620
2001-05-31,FOL,obs,254.8750
2001-06-30,FOL,obs,32.1280
2001-07-31,FOL,obs,12.7610
2001-08-31,FOL,obs,2.3240
2001-09-30,FOL,obs,6.3390
2001-10-31,FOL,obs,2.0340
2001-11-30,FOL,obs,54.4060
2001-12-31,FOL,obs,180.7320
2002-01-31,FOL,obs,226.4250
2002-02-28,FOL,obs,217.9780
2002-03-31,FOL,obs,356.0170
2002-04-30,FOL,obs,424.8860
2002-05-31,FOL,obs,373.6950
2002-06-30,FOL,obs,153.4320
2002-07-31,FOL,obs,21.8040
2002-08-31,FOL,obs,8.3240
2002-09-30,FOL,obs,5.4500
2002-10-31,FOL,obs,0.0000
2002-11-30,FOL,obs,64.5650
2002-12-31,FOL,obs,194.3700
2003-01-31,FOL,obs,240.8930
2003-02-28,FOL,obs,160.4030
2003-03-31,FOL,obs,269.2480
2003-04-30,FOL,obs,415.1390
2003-05-31,FOL,obs,634.4290
2003-06-30,FOL,obs,266.1760
2003-07-31,FOL,obs,38.6900
2003-08-31,FOL,obs,16.8780
2003-09-30,FOL,obs,4.5930
2003-10-31,FOL,obs,19.9000
2003-11-30,FOL,obs,16.2840
2003-12-31,FOL,obs,146.6950
2004-01-31,FOL,obs,132.9910
2004-02-29,FOL,obs,268.0850
2004-03-31,FOL,obs,382.8670
2004-04-30,FOL,obs,315.1590
2004-05-31,FOL,obs,239.5950
2004-06-30,FOL,obs,67.2160
2004-07-31,FOL,obs,10.1890
2004-08-31,FOL,obs,0.0000
2004-09-30,FOL,obs,1.2520
2004-10-31,FOL,obs,52.3120
2004-11-30,FOL,obs,43.0920
2004-12-31,FOL,obs,124.1590
2005-01-31,FOL,obs,272.0760
2005-02-28,FOL,obs,223.5880
2005-03-31,FOL,obs,523.6710
2005-04-30,FOL,obs,465.8540
2005-05-31,FOL,obs,974.3610
2005-06-30,FOL,obs,451.9670
2005-07-31,FOL,obs,111.6960
2005-08-31,FOL,obs,22.9780
2005-09-30,FOL,obs,12.4100
2005-10-31,FOL,obs,14.1930
2005-11-30,FOL,obs,33.8210
2005-12-31,FOL,obs,878.9370
2006-01-31,FOL,obs,620.7840
2006-02-28,FOL,obs,483.9330
2006-03-31,FOL,obs,657.2860
2006-04-30,FOL,obs,1254.2250
2006-05-31,FOL,obs,915.0330
2006-06-30,FOL,obs,364.6860
2006-07-31,FOL,obs,88.4430
2006-08-31,FOL,obs,24.9900
2006-09-30,FOL,obs,12.8390
2006-10-31,FOL,obs,0.0000
2006-11-30,FOL,obs,46.6050
2006-12-31,FOL,obs,100.4950
2007-01-31,FOL,obs,85.1160
2007-02-28,FOL,obs,257.0140
2007-03-31,FOL,obs,281.6340
2007-04-30,FOL,obs,250.7890
2007-05-31,FOL,obs,223.1140
2007-06-30,FOL,obs,45.8070
2007-07-31,FOL,obs,2.9410
2007-08-31,FOL,obs,0.2360
2007-09-30,FOL,obs,4.3760
2007-10-31,FOL,obs,16.9260
2007-11-30,FOL,obs,15.1520
2007-12-31,FOL,obs,46.8450
2008-01-31,FOL,obs,120.0220
2008-02-29,FOL,obs,137.1830
2008-03-31,FOL,obs,185.0420
2008-04-30,FOL,obs,251.5380
2008-05-31,FOL,obs,325.3770
2008-06-30,FOL,obs,85.6510
2008-07-31,FOL,obs,11.7210
2008-08-31,FOL,obs,0.0000
2008-09-30,FOL,obs,0.0000
2008-10-31,FOL,obs,5.6500
2008-11-30,FOL,obs,44.7550
2008-12-31,FOL,obs,35.1450
2009-01-31,FOL,obs,102.0850
2009-02-28,FOL,obs,239.6660
2009-03-31,FOL,obs,448.7190
2009-04-30,FOL,obs,332.1290
2009-05-31,FOL,obs,606.3890
2009-06-30,FOL,obs,107.3090
2009-07-31,FOL,obs,22.5000
2009-08-31,FOL,obs,3.4460
2009-09-30,FOL,obs,4.9700
2009-10-31,FOL,obs,24.1080
2009-11-30,FOL,obs,10.6770
2009-12-31,FOL,obs,53.1890
2010-01-31,FOL,obs,143.7600
2010-02-28,FOL,obs,160.5370
2010-03-31,FOL,obs,254.1770
2010-04-30,FOL,obs,402.8620
2010-05-31,FOL,obs,520.8620
2010-06-30,FOL,obs,537.0650
2010-07-31,FOL,obs,77.7380
2010-08-31,FOL,obs,12.5660
2010-09-30,FOL,obs,7.5780
2010-10-31,FOL,obs,104.2420
2010-11-30,FOL,obs,103.5290
2010-12-31,FOL,obs,680.0150
2011-01-31,FOL,obs,269.7680
2011-02-28,FOL,obs,235.6400
2011-03-31,FOL,obs,883.7950
2011-04-30,FOL,obs,734.2210
2011-05-31,FOL,obs,683.7150
2011-06-30,FOL,obs,762.9640
2011-07-31,FOL,obs,309.6140
2011-08-31,FOL,obs,49.1490
2011-09-30,FOL,obs,24.9650
2011-10-31,FOL,obs,46.1490
2011-11-30,FOL,obs,24.1770
2011-12-31,FOL,obs,22.7470
2012-01-31,FOL,obs,100.0510
2012-02-29,FOL,obs,63.9000
2012-03-31,FOL,obs,430.6120
2012-04-30,FOL,obs,561.3700
2012-05-31,FOL,obs,292.3480
2012-06-30,FOL,obs,79.2860
2012-07-31,FOL,obs,19.8310
2012-08-31,FOL,obs,6.6800
2012-09-30,FOL,obs,0.0000
2012-10-31,FOL,obs,18.8510
2012-11-30,FOL,obs,133.5890
2012-12-31,FOL,obs,545.4090
2013-01-31,FOL,obs,155.8360
2013-02-28,FOL,obs,109.2040
2013-03-31,FOL,obs,217.4430
2013-04-30,FOL,obs,240.4980
2013-05-31,FOL,obs,155.2930
2013-06-30,FOL,obs,65.9610
2013-07-31,FOL,obs,14.6670
2013-08-31,FOL,obs,7.4130
2013-09-30,FOL,obs,5.9840
2013-10-31,FOL,obs,0.0000
2013-11-30,FOL,obs,6.5850
2013-12-31,FOL,obs,13.5820
2014-01-31,FOL,obs,17.2420
2014-02-28,FOL,obs,230.9700
2014-03-31,FOL,obs,229.6450
2014-04-30,FOL,obs,231.4140
2014-05-31,FOL,obs,141.9160
2014-06-30,FOL,obs,28.4100
2014-07-31,FOL,obs,4.3170
2014-08-31,FOL,obs,5.4360
2014-09-30,FOL,obs,8.0730
2014-10-31,FOL,obs,7.9110
2014-11-30,FOL,obs,28.3850
2014-12-31,FOL,obs,223.7230
2015-01-31,FOL,obs,64.1470
2015-02-28,FOL,obs,241.6120
2015-03-31,FOL,obs,84.3920
2015-04-30,FOL,obs,77.2850
2015-05-31,FOL,obs,80.3640
2015-06-30,FOL,obs,27.5040
2015-07-31,FOL,obs,4.2510
2015-08-31,FOL,obs,3.4660
2015-09-30,FOL,obs,0.0000
2015-10-31,FOL,obs,2.9390
2015-11-30,FOL,obs,20.1070
2015-12-31,FOL,obs,168.0330
2016-01-31,FOL,obs,394.3230
2016-02-29,FOL,obs,290.8490
2016-03-31,FOL,obs,806.2630
2016-04-30,FOL,obs,421.7600
2016-05-31,FOL,obs,335.2750
2016-06-30,FOL,obs,131.9950
2016-07-31,FOL,obs,24.1700
2016-08-31,FOL,obs,1.2620
2016-09-30,FOL,obs,2.6940
2016-10-31,FOL,obs,162.5990
2016-11-30,FOL,obs,152.1060
2016-12-31,FOL,obs,649.5270
2017-01-31,FOL,obs,1419.9610
2017-02-28,FOL,obs,1949.3480
2017-03-31,FOL,obs,694.3170
2017-04-30,FOL,obs,894.0630
2017-05-31,FOL,obs,811.2260
2017-06-30,FOL,obs,467.2680
2017-07-31,FOL,obs,129.0980
2017-08-31,FOL,obs,34.8530
2017-09-30,FOL,obs,25.7240
2017-10-31,FOL,obs,13.3830
2017-11-30,FOL,obs,206.8870
2017-12-31,FOL,obs,78.3820
2018-01-31,FOL,obs,216.5600
2018-02-28,FOL,obs,97.8440
2018-03-31,FOL,obs,661.4420
2018-04-30,FOL,obs,694.7820
2018-05-31,FOL,obs,255.7070
2018-06-30,FOL,obs,82.7880
2018-07-31,FOL,obs,35.9940
2018-08-31,FOL,obs,16.7300
2018-09-30,FOL,obs,10.2020
1990-10-31,YRS,obs,14.0160
1990-11-30,YRS,obs,18.5840
1990-12-31,YRS,obs,21.3240
1991-01-31,YRS,obs,19.9040
1991-02-28,YRS,obs,30.9280
1991-03-31,YRS,obs,323.0050
1991-04-30,YRS,obs,263.3970
1991-05-31,YRS,obs,294.3190
1991-06-30,YRS,obs,142.6780
1991-07-31,YRS,obs,30.5900
1991-08-31,YRS,obs,6.9120
1991-09-30,YRS,obs,13.3620
1991-10-31,YRS,obs,17.4210
1991-11-30,YRS,obs,29.2890
1991-12-31,YRS,obs,33.9680
1992-01-31,YRS,obs,39.8980
1992-02-29,YRS,obs,242.4970
1992-03-31,YRS,obs,196.8940
1992-04-30,YRS,obs,218.5120
1992-05-31,YRS,obs,90.9600
1992-06-30,YRS,obs,19.2300
1992-07-31,YRS,obs,13.4030
1992-08-31,YRS,obs,4.1890
1992-09-30,YRS,obs,5.8650
1992-10-31,YRS,obs,20.0790
1992-11-30,YRS,obs,19.5570
1992-12-31,YRS,obs,111.4190
1993-01-31,YRS,obs,452.4620
1993-02-28,YRS,obs,294.0190
1993-03-31,YRS,obs,565.0410
1993-04-30,YRS,obs,425.4780
1993-05-31,YRS,obs,554.5620
1993-06-30,YRS,obs,329.5630
1993-07-31,YRS,obs,82.1140
1993-08-31,YRS,obs,28.6970
1993-09-30,YRS,obs,20.3460
1993-10-31,YRS,obs,29.0300
1993-11-30,YRS,obs,22.9110
1993-12-31,YRS,obs,69.4700
1994-01-31,YRS,obs,51.8420
1994-02-28,YRS,obs,102.9850
1994-03-31,YRS,obs,171.7950
1994-04-30,YRS,obs,186.2420
1994-05-31,YRS,obs,167.9440
1994-06-30,YRS,obs,44.3970
1994-07-31,YRS,obs,16.5020
1994-08-31,YRS,obs,4.4670
1994-09-30,YRS,obs,9.9520
1994-10-31,YRS,obs,17.0580
1994-11-30,YRS,obs,43.4320
1994-12-31,YRS,obs,146.3620
1995-01-31,YRS,obs,806.1830
1995-02-28,YRS,obs,321.9310
1995-03-31,YRS,obs,992.7370
1995-04-30,YRS,obs,554.8370
1995-05-31,YRS,obs,829.2210
1995-06-30,YRS,obs,551.9850
1995-07-31,YRS,obs,237.9870
1995-08-31,YRS,obs,44.6480
1995-09-30,YRS,obs,24.0920
1995-10-31,YRS,obs,19.2370
1995-11-30,YRS,obs,17.4620
1995-12-31,YRS,obs,201.9290
1996-01-31,YRS,obs,267.2950
1996-02-29,YRS,obs,828.8830
1996-03-31,YRS,obs,402.9410
1996-04-30,YRS,obs,456.9230
1996-05-31,YRS,obs,762.3380
1996-06-30,YRS,obs,196.9740
1996-07-31,YRS,obs,40.8530
1996-08-31,YRS,obs,32.8890
1996-09-30,YRS,obs,19.6590
1996-10-31,YRS,obs,22.1280
1996-11-30,YRS,obs,114.4260
1996-12-31,YRS,obs,911.5050
1997-01-31,YRS,obs,1481.8720
1997-02-28,YRS,obs,298.9580
1997-03-31,YRS,obs,214.7710
1997-04-30,YRS,obs,291.7030
1997-05-31,YRS,obs,247.3930
1997-06-30,YRS,obs,102.3150
1997-07-31,YRS,obs,20.7070
1997-08-31,YRS,obs,7.5450
1997-09-30,YRS,obs,15.2140
1997-10-31,YRS,obs,27.7700
1997-11-30,YRS,obs,65.9470
1997-12-31,YRS,obs,85.7850
1998-01-31,YRS,obs,529.1690
1998-02-28,YRS,obs,566.0200
1998-03-31,YRS,obs,453.5350
1998-04-30,YRS,obs,433.2760
1998-05-31,YRS,obs,586.7010
1998-06-30,YRS,obs,594.8930
1998-07-31,YRS,obs,200.8810
1998-08-31,YRS,obs,43.5890
1998-09-30,YRS,obs,34.1700
1998-10-31,YRS,obs,37.3960
1998-11-30,YRS,obs,106.1350
1998-12-31,YRS,obs,190.8560
1999-01-31,YRS,obs,353.9760
1999-02-28,YRS,obs,523.0200
1999-03-31,YRS,obs,370.6930
1999-04-30,YRS,obs,306.3490
1999-05-31,YRS,obs,466.1570
1999-06-30,YRS,obs,283.8000
1999-07-31,YRS,obs,67.0120
1999-08-31,YRS,obs,17.8990
1999-09-30,YRS,obs,20.8370
1999-10-31,YRS,obs,33.8520
1999-11-30,YRS,obs,41.4180
1999-12-31,YRS,obs,38.5730
2000-01-31,YRS,obs,254.9270
2000-02-29,YRS,obs,538.7980
2000-03-31,YRS,obs,399.8210
2000-04-30,YRS,obs,385.5920
2000-05-31,YRS,obs,364.4680
2000-06-30,YRS,obs,102.6420
2000-07-31,YRS,obs,34.6850
2000-08-31,YRS,obs,15.3450
2000-09-30,YRS,obs,18.7570
2000-10-31,YRS,obs,18.6020
2000-11-30,YRS,obs,42.4780
2000-12-31,YRS,obs,43.6780
2001-01-31,YRS,obs,48.0100
2001-02-28,YRS,obs,93.8860
2001-03-31,YRS,obs,210.1150
2001-04-30,YRS,obs,202.0540
2001-05-31,YRS,obs,204.9690
2001-06-30,YRS,obs,28.3070
2001-07-31,YRS,obs,9.7250
2001-08-31,YRS,obs,9.2150
2001-09-30,YRS,obs,10.5550
2001-10-31,YRS,obs,14.3570
2001-11-30,YRS,obs,67.1310
2001-12-31,YRS,obs,189.6730
2002-01-31,YRS,obs,229.2680
2002-02-28,YRS,obs,186.9990
2002-03-31,YRS,obs,281.5130
2002-04-30,YRS,obs,325.8750
2002-05-31,YRS,obs,287.3980
2002-06-30,YRS,obs,95.8660
2002-07-31,YRS,obs,22.3160
2002-08-31,YRS,obs,11.8860
2002-09-30,YRS,obs,10.4400
2002-10-31,YRS,obs,12.2170
2002-11-30,YRS,obs,67.0260
2002-12-31,YRS,obs,293.3040
2003-01-31,YRS,obs,325.7200
2003-02-28,YRS,obs,172.4800
2003-03-31,YRS,obs,283.7900
2003-04-30,YRS,obs,344.2160
2003-05-31,YRS,obs,556.7760
2003-06-30,YRS,obs,218.8970
2003-07-31,YRS,obs,24.2340
2003-08-31,YRS,obs,50.1530
2003-09-30,YRS,obs,21.4990
2003-10-31,YRS,obs,21.6910
2003-11-30,YRS,obs,33.4340
2003-12-31,YRS,obs,185.2260
2004-01-31,YRS,obs,149.7590
2004-02-29,YRS,obs,310.0970
2004-03-31,YRS,obs,327.8000
2004-04-30,YRS,obs,286.1250
2004-05-31,YRS,obs,237.4560
2004-06-30,YRS,obs,76.2480
2004-07-31,YRS,obs,25.7590
2004-08-31,YRS,obs,16.1660
2004-09-30,YRS,obs,14.1900
2004-10-31,YRS,obs,41.2490
2004-11-30,YRS,obs,34.9630
2004-12-31,YRS,obs,107.5620
2005-01-31,YRS,obs,175.8470
2005-02-28,YRS,obs,162.3840
2005-03-31,YRS,obs,361.5130
2005-04-30,YRS,obs,318.6530
2005-05-31,YRS,obs,785.1880
2005-06-30,YRS,obs,277.1780
2005-07-31,YRS,obs,64.4070
2005-08-31,YRS,obs,25.6410
2005-09-30,YRS,obs,21.2030
2005-10-31,YRS,obs,24.6700
2005-11-30,YRS,obs,40.1340
2005-12-31,YRS,obs,854.3110
2006-01-31,YRS,obs,519.2430
2006-02-28,YRS,obs,425.8390
2006-03-31,YRS,obs,491.0100
2006-04-30,YRS,obs,821.7840
2006-05-31,YRS,obs,706.4390
2006-06-30,YRS,obs,223.6560
2006-07-31,YRS,obs,69.0820
2006-08-31,YRS,obs,27.7210
2006-09-30,YRS,obs,17.5640
2006-10-31,YRS,obs,19.6290
2006-11-30,YRS,obs,42.4600
2006-12-31,YRS,obs,116.2310
2007-01-31,YRS,obs,82.4590
2007-02-28,YRS,obs,249.0120
2007-03-31,YRS,obs,243.7700
2007-04-30,YRS,obs,205.7090
2007-05-31,YRS,obs,177.6880
2007-06-30,YRS,obs,43.9760
2007-07-31,YRS,obs,18.9060
2007-08-31,YRS,obs,12.0730
2007-09-30,YRS,obs,14.3200
2007-10-31,YRS,obs,34.4790
2007-11-30,YRS,obs,25.0020
2007-12-31,YRS,obs,50.2610
2008-01-31,YRS,obs,124.0810
2008-02-29,YRS,obs,138.8570
2008-03-31,YRS,obs,182.1830
2008-04-30,YRS,obs,230.5020
2008-05-31,YRS,obs,315.7120
2008-06-30,YRS,obs,71.4220
2008-07-31,YRS,obs,19.4990
2008-08-31,YRS,obs,13.0770
2008-09-30,YRS,obs,7.6540
2008-10-31,YRS,obs,20.6080
2008-11-30,YRS,obs,51.3040
2008-12-31,YRS,obs,38.7600
2009-01-31,YRS,obs,88.7120
2009-02-28,YRS,obs,227.0560
2009-03-31,YRS,obs,378.2190
2009-04-30,YRS,obs,253.6350
2009-05-31,YRS,obs,498.6580
2009-06-30,YRS,obs,88.8120
2009-07-31,YRS,obs,25.1380
2009-08-31,YRS,obs,11.8820
2009-09-30,YRS,obs,11.1990
2009-10-31,YRS,obs,22.2410
2009-11-30,YRS,obs,19.4210
2009-12-31,YRS,obs,46.3380
2010-01-31,YRS,obs,137.4200
2010-02-28,YRS,obs,135.3980
2010-03-31,YRS,obs,204.1840
2010-04-30,YRS,obs,328.2470
2010-05-31,YRS,obs,406.4310
2010-06-30,YRS,obs,427.4650
2010-07-31,YRS,obs,70.5130
2010-08-31,YRS,obs,21.6290
2010-09-30,YRS,obs,18.9090
2010-10-31,YRS,obs,73.1150
2010-11-30,YRS,obs,91.3000
2010-12-31,YRS,obs,543.8300
2011-01-31,YRS,obs,203.5820
2011-02-28,YRS,obs,186.5660
2011-03-31,YRS,obs,609.3240
2011-04-30,YRS,obs,599.0430
2011-05-31,YRS,obs,558.6510
2011-06-30,YRS,obs,645.4340
2011-07-31,YRS,obs,247.5800
2011-08-31,YRS,obs,67.7020
2011-09-30,YRS,obs,28.9420
2011-10-31,YRS,obs,47.0490
2011-11-30,YRS,obs,35.5210
2011-12-31,YRS,obs,26.4300
2012-01-31,YRS,obs,81.7830
2012-02-29,YRS,obs,53.9030
2012-03-31,YRS,obs,423.7280
2012-04-30,YRS,obs,466.9530
2012-05-31,YRS,obs,282.4740
2012-06-30,YRS,obs,73.3940
2012-07-31,YRS,obs,27.1920
2012-08-31,YRS,obs,14.7400
2012-09-30,YRS,obs,9.5650
2012-10-31,YRS,obs,22.7690
2012-11-30,YRS,obs,172.9510
2012-12-31,YRS,obs,514.5250
2013-01-31,YRS,obs,135.6660
2013-02-28,YRS,obs,102.3250
2013-03-31,YRS,obs,172.3080
2013-04-30,YRS,obs,186.6540
2013-05-31,YRS,obs,104.8450
2013-06-30,YRS,obs,40.1210
2013-07-31,YRS,obs,18.7970
2013-08-31,YRS,obs,5.0050
2013-09-30,YRS,obs,18.2290
2013-10-31,YRS,obs,23.7850
2013-11-30,YRS,obs,21.8960
2013-12-31,YRS,obs,23.5790
2014-01-31,YRS,obs,23.4350
2014-02-28,YRS,obs,187.8550
2014-03-31,YRS,obs,244.6840
2014-04-30,YRS,obs,194.0670
2014-05-31,YRS,obs,103.7910
2014-06-30,YRS,obs,27.1470
2014-07-31,YRS,obs,12.6660
2014-08-31,YRS,obs,9.3010
2014-09-30,YRS,obs,8.8700
2014-10-31,YRS,obs,25.4770
2014-11-30,YRS,obs,50.6870
2014-12-31,YRS,obs,241.7840
2015-01-31,YRS,obs,62.6480
2015-02-28,YRS,obs,201.9400
2015-03-31,YRS,obs,100.9090
2015-04-30,YRS,obs,66.2890
2015-05-31,YRS,obs,46.8860
2015-06-30,YRS,obs,22.9680
2015-07-31,YRS,obs,14.4130
2015-08-31,YRS,obs,4.9240
2015-09-30,YRS,obs,8.3440
2015-10-31,YRS,obs,14.0490
2015-11-30,YRS,obs,19.2820
2015-12-31,YRS,obs,134.6260
2016-01-31,YRS,obs,394.7520
2016-02-29,YRS,obs,201.5000
2016-03-31,YRS,obs,815.9410
2016-04-30,YRS,obs,327.0810
2016-05-31,YRS,obs,318.9850
2016-06-30,YRS,obs,95.1300
2016-07-31,YRS,obs,27.2490
2016-08-31,YRS,obs,12.3490
2016-09-30,YRS,obs,12.5730
2016-10-31,YRS,obs,120.6970
2016-11-30,YRS,obs,129.3400
2016-12-31,YRS,obs,527.5910
2017-01-31,YRS,obs,1075.4150
2017-02-28,YRS,obs,1435.3380
2017-03-31,YRS,obs,504.0300
2017-04-30,YRS,obs,711.2720
2017-05-31,YRS,obs,621.4010
2017-06-30,YRS,obs,336.9560
2017-07-31,YRS,obs,68.5880
2017-08-31,YRS,obs,28.5320
2017-09-30,YRS,obs,24.9420
2017-10-31,YRS,obs,26.4370
2017-11-30,YRS,obs,212.7930
2017-12-31,YRS,obs,69.2670
2018-01-31,YRS,obs,196.7920
2018-02-28,YRS,obs,92.2960
2018-03-31,YRS,obs,514.0000
2018-04-30,YRS,obs,516.9320
2018-05-31,YRS,obs,186.2140
2018-06-30,YRS,obs,64.1400
2018-07-31,YRS,obs,24.6310
2018-08-31,YRS,obs,13.4680
2018-09-30,YRS,obs,18.1680
1990-10-31,CSN,obs,0.0000
1990-11-30,CSN,obs,0.7340
1990-12-31,CSN,obs,0.5940
1991-01-31,CSN,obs,0.4610
1991-02-28,CSN,obs,1.8370
1991-03-31,CSN,obs,49.7580
1991-04-30,CSN,obs,32.3790
1991-05-31,CSN,obs,24.2580
1991-06-30,CSN,obs,9.8100
1991-07-31,CSN,obs,1.7330
1991-08-31,CSN,obs,0.0410
1991-09-30,CSN,obs,0.0000
1991-10-31,CSN,obs,0.0000
1991-11-30,CSN,obs,1.2990
1991-12-31,CSN,obs,2.0740
1992-01-31,CSN,obs,3.6190
1992-02-29,CSN,obs,39.8510
1992-03-31,CSN,obs,41.0130
1992-04-30,CSN,obs,19.2330
1992-05-31,CSN,obs,4.0860
1992-06-30,CSN,obs,1.6140
1992-07-31,CSN,obs,2.1360
1992-08-31,CSN,obs,1.1390
1992-09-30,CSN,obs,0.0000
1992-10-31,CSN,obs,0.0000
1992-11-30,CSN,obs,0.2710
1992-12-31,CSN,obs,13.5680
1993-01-31,CSN,obs,129.4150
1993-02-28,CSN,obs,102.0270
1993-03-31,CSN,obs,145.8900
1993-04-30,CSN,obs,100.2490
1993-05-31,CSN,obs,47.5350
1993-06-30,CSN,obs,22.6200
1993-07-31,CSN,obs,0.1250
1993-08-31,CSN,obs,0.0000
1993-09-30,CSN,obs,0.0000
1993-10-31,CSN,obs,0.0000
1993-11-30,CSN,obs,0.2180
1993-12-31,CSN,obs,4.6890
1994-01-31,CSN,obs,4.5510
1994-02-28,CSN,obs,15.6190
1994-03-31,CSN,obs,16.4360
1994-04-30,CSN,obs,10.6550
1994-05-31,CSN,obs,10.5440
1994-06-30,CSN,obs,2.5300
1994-07-31,CSN,obs,0.8900
1994-08-31,CSN,obs,1.0440
1994-09-30,CSN,obs,0.0880
1994-10-31,CSN,obs,0.0000
1994-11-30,CSN,obs,4.3420
1994-12-31,CSN,obs,16.0060
1995-01-31,CSN,obs,197.3090
1995-02-28,CSN,obs,57.9120
1995-03-31,CSN,obs,275.4060
1995-04-30,CSN,obs,121.1680
1995-05-31,CSN,obs,145.4090
1995-06-30,CSN,obs,51.7410
1995-07-31,CSN,obs,15.6660
1995-08-31,CSN,obs,4.8440
1995-09-30,CSN,obs,1.4550
1995-10-31,CSN,obs,0.0000
1995-11-30,CSN,obs,0.6540
1995-12-31,CSN,obs,10.1800
1996-01-31,CSN,obs,52.8200
1996-02-29,CSN,obs,125.0630
1996-03-31,CSN,obs,110.5470
1996-04-30,CSN,obs,66.1110
1996-05-31,CSN,obs,62.5030
1996-06-30,CSN,obs,18.5640
1996-07-31,CSN,obs,7.6230
1996-08-31,CSN,obs,3.7180
1996-09-30,CSN,obs,1.6560
1996-10-31,CSN,obs,0.0000
1996-11-30,CSN,obs,14.6750
1996-12-31,CSN,obs,171.1320
1997-01-31,CSN,obs,424.2780
1997-02-28,CSN,obs,72.6420
1997-03-31,CSN,obs,31.5880
1997-04-30,CSN,obs,24.9300
1997-05-31,CSN,obs,14.5580
1997-06-30,CSN,obs,7.2850
1997-07-31,CSN,obs,3.4370
1997-08-31,CSN,obs,2.0410
1997-09-30,CSN,obs,0.3500
1997-10-31,CSN,obs,1.5390
1997-11-30,CSN,obs,4.5140
1997-12-31,CSN,obs,9.3050
1998-01-31,CSN,obs,104.3520
1998-02-28,CSN,obs,216.8080
1998-03-31,CSN,obs,145.1930
1998-04-30,CSN,obs,119.1880
1998-05-31,CSN,obs,112.0200
1998-06-30,CSN,obs,69.2850
1998-07-31,CSN,obs,18.8950
1998-08-31,CSN,obs,6.7300
1998-09-30,CSN,obs,4.5700
1998-10-31,CSN,obs,3.8640
1998-11-30,CSN,obs,7.1900
1998-12-31,CSN,obs,14.4780
1999-01-31,CSN,obs,57.0180
1999-02-28,CSN,obs,159.0470
1999-03-31,CSN,obs,86.1440
1999-04-30,CSN,obs,68.8240
1999-05-31,CSN,obs,46.3240
1999-06-30,CSN,obs,19.1310
1999-07-31,CSN,obs,5.5590
1999-08-31,CSN,obs,4.1560
1999-09-30,CSN,obs,1.9930
1999-10-31,CSN,obs,0.6540
1999-11-30,CSN,obs,3.8180
1999-12-31,CSN,obs,4.3840
2000-01-31,CSN,obs,51.6400
2000-02-29,CSN,obs,152.0500
2000-03-31,CSN,obs,76.5040
2000-04-30,CSN,obs,39.9210
2000-05-31,CSN,obs,32.9880
2000-06-30,CSN,obs,10.0510
2000-07-31,CSN,obs,5.1240
2000-08-31,CSN,obs,3.0140
2000-09-30,CSN,obs,2.6060
2000-10-31,CSN,obs,3.1230
2000-11-30,CSN,obs,3.4780
2000-12-31,CSN,obs,4.5780
2001-01-31,CSN,obs,8.5290
2001-02-28,CSN,obs,20.7930
2001-03-31,CSN,obs,32.0230
2001-04-30,CSN,obs,32.2370
2001-05-31,CSN,obs,19.6000
2001-06-30,CSN,obs,3.4300
2001-07-31,CSN,obs,1.4280
2001-08-31,CSN,obs,0.8390
2001-09-30,CSN,obs,0.7230
2001-10-31,CSN,obs,0.9240
2001-11-30,CSN,obs,4.2340
2001-12-31,CSN,obs,20.7050
2002-01-31,CSN,obs,36.6630
2002-02-28,CSN,obs,35.3190
2002-03-31,CSN,obs,58.7580
2002-04-30,CSN,obs,36.5880
2002-05-31,CSN,obs,21.6630
2002-06-30,CSN,obs,7.1710
2002-07-31,CSN,obs,2.0430
2002-08-31,CSN,obs,1.0390
2002-09-30,CSN,obs,0.8610
2002-10-31,CSN,obs,0.9020
2002-11-30,CSN,obs,4.1930
2002-12-31,CSN,obs,17.1440
2003-01-31,CSN,obs,20.0760
2003-02-28,CSN,obs,16.9400
2003-03-31,CSN,obs,24.9230
2003-04-30,CSN,obs,68.4590
2003-05-31,CSN,obs,68.2700
2003-06-30,CSN,obs,14.4680
2003-07-31,CSN,obs,3.5020
2003-08-31,CSN,obs,1.6640
2003-09-30,CSN,obs,0.7770
2003-10-31,CSN,obs,0.7570
2003-11-30,CSN,obs,2.2310
2003-12-31,CSN,obs,14.4740
2004-01-31,CSN,obs,19.9220
2004-02-29,CSN,obs,46.9460
2004-03-31,CSN,obs,51.9210
2004-04-30,CSN,obs,25.3830
2004-05-31,CSN,obs,12.4170
2004-06-30,CSN,obs,3.4390
2004-07-31,CSN,obs,1.6400
2004-08-31,CSN,obs,0.7790
2004-09-30,CSN,obs,0.9090
2004-10-31,CSN,obs,3.7490
2004-11-30,CSN,obs,4.9840
2004-12-31,CSN,obs,18.6460
2005-01-31,CSN,obs,77.5860
2005-02-28,CSN,obs,53.8740
2005-03-31,CSN,obs,123.6450
2005-04-30,CSN,obs,84.8740
2005-05-31,CSN,obs,98.4870
2005-06-30,CSN,obs,32.6610
2005-07-31,CSN,obs,8.4860
2005-08-31,CSN,obs,3.2110
2005-09-30,CSN,obs,2.0770
2005-10-31,CSN,obs,2.2340
2005-11-30,CSN,obs,3.0750
2005-12-31,CSN,obs,94.9460
2006-01-31,CSN,obs,114.6430
2006-02-28,CSN,obs,62.2400
2006-03-31,CSN,obs,158.7320
2006-04-30,CSN,obs,313.2210
2006-05-31,CSN,obs,98.0420
2006-06-30,CSN,obs,26.0060
2006-07-31,CSN,obs,8.3150
2006-08-31,CSN,obs,4.2200
2006-09-30,CSN,obs,3.0200
2006-10-31,CSN,obs,3.9140
2006-11-30,CSN,obs,5.4420
2006-12-31,CSN,obs,9.1690
2007-01-31,CSN,obs,10.6770
2007-02-28,CSN,obs,38.7950
2007-03-31,CSN,obs,40.4050
2007-04-30,CSN,obs,24.0130
2007-05-31,CSN,obs,15.6520
2007-06-30,CSN,obs,4.3750
2007-07-31,CSN,obs,1.8670
2007-08-31,CSN,obs,1.0190
2007-09-30,CSN,obs,0.9270
2007-10-31,CSN,obs,2.0190
2007-11-30,CSN,obs,2.0690
2007-12-31,CSN,obs,4.2520
2008-01-31,CSN,obs,21.5410
2008-02-29,CSN,obs,26.8380
2008-03-31,CSN,obs,26.7540
2008-04-30,CSN,obs,22.9220
2008-05-31,CSN,obs,18.2270
2008-06-30,CSN,obs,4.9490
2008-07-31,CSN,obs,1.4300
2008-08-31,CSN,obs,1.9810
2008-09-30,CSN,obs,2.1690
2008-10-31,CSN,obs,1.3030
2008-11-30,CSN,obs,2.5960
2008-12-31,CSN,obs,3.4710
2009-01-31,CSN,obs,10.6990
2009-02-28,CSN,obs,33.2500
2009-03-31,CSN,obs,76.1340
2009-04-30,CSN,obs,32.9120
2009-05-31,CSN,obs,47.9750
2009-06-30,CSN,obs,6.1610
2009-07-31,CSN,obs,1.9170
2009-08-31,CSN,obs,0.8770
2009-09-30,CSN,obs,0.5910
2009-10-31,CSN,obs,1.9970
2009-11-30,CSN,obs,1.6130
2009-12-31,CSN,obs,6.0260
2010-01-31,CSN,obs,23.2520
2010-02-28,CSN,obs,29.1010
2010-03-31,CSN,obs,45.4870
2010-04-30,CSN,obs,64.3820
2010-05-31,CSN,obs,65.7900
2010-06-30,CSN,obs,38.8570
2010-07-31,CSN,obs,5.6250
2010-08-31,CSN,obs,1.7870
2010-09-30,CSN,obs,1.2220
2010-10-31,CSN,obs,5.4010
2010-11-30,CSN,obs,10.9770
2010-12-31,CSN,obs,121.5700
2011-01-31,CSN,obs,61.3700
2011-02-28,CSN,obs,55.7210
2011-03-31,CSN,obs,235.7890
2011-04-30,CSN,obs,129.8140
2011-05-31,CSN,obs,81.1570
2011-06-30,CSN,obs,57.2150
2011-07-31,CSN,obs,17.3070
2011-08-31,CSN,obs,4.6530
2011-09-30,CSN,obs,2.7640
2011-10-31,CSN,obs,3.4780
2011-11-30,CSN,obs,4.1890
2011-12-31,CSN,obs,3.7040
2012-01-31,CSN,obs,9.7620
2012-02-29,CSN,obs,6.3670
2012-03-31,CSN,obs,53.4420
2012-04-30,CSN,obs,74.5570
2012-05-31,CSN,obs,24.0980
2012-06-30,CSN,obs,6.1460
2012-07-31,CSN,obs,2.8800
2012-08-31,CSN,obs,1.2750
2012-09-30,CSN,obs,1.1540
2012-10-31,CSN,obs,1.5310
2012-11-30,CSN,obs,5.4150
2012-12-31,CSN,obs,69.0380
2013-01-31,CSN,obs,21.1920
2013-02-28,CSN,obs,15.1100
2013-03-31,CSN,obs,21.3520
2013-04-30,CSN,obs,20.1640
2013-05-31,CSN,obs,6.7740
2013-06-30,CSN,obs,2.8450
2013-07-31,CSN,obs,1.2010
2013-08-31,CSN,obs,0.6400
2013-09-30,CSN,obs,0.6640
2013-10-31,CSN,obs,1.3190
2013-11-30,CSN,obs,1.8020
2013-12-31,CSN,obs,1.9460
2014-01-31,CSN,obs,1.9410
2014-02-28,CSN,obs,19.5600
2014-03-31,CSN,obs,28.4910
2014-04-30,CSN,obs,18.3850
2014-05-31,CSN,obs,5.1440
2014-06-30,CSN,obs,3.3480
2014-07-31,CSN,obs,0.3560
2014-08-31,CSN,obs,0.1790
2014-09-30,CSN,obs,0.1960
2014-10-31,CSN,obs,0.5620
2014-11-30,CSN,obs,1.3670
2014-12-31,CSN,obs,16.1840
2015-01-31,CSN,obs,4.1620
2015-02-28,CSN,obs,38.0760
2015-03-31,CSN,obs,7.7680
2015-04-30,CSN,obs,6.8340
2015-05-31,CSN,obs,4.5990
2015-06-30,CSN,obs,1.5630
2015-07-31,CSN,obs,0.3270
2015-08-31,CSN,obs,0.2550
2015-09-30,CSN,obs,0.2480
2015-10-31,CSN,obs,0.5030
2015-11-30,CSN,obs,2.1240
2015-12-31,CSN,obs,18.8190
2016-01-31,CSN,obs,53.5280
2016-02-29,CSN,obs,42.2840
2016-03-31,CSN,obs,146.6300
2016-04-30,CSN,obs,40.0650
2016-05-31,CSN,obs,19.0770
2016-06-30,CSN,obs,4.7580
2016-07-31,CSN,obs,3.4980
2016-08-31,CSN,obs,1.3370
2016-09-30,CSN,obs,0.0000
2016-10-31,CSN,obs,7.4450
2016-11-30,CSN,obs,13.2420
2016-12-31,CSN,obs,71.2890
2017-01-31,CSN,obs,323.2230
2017-02-28,CSN,obs,432.7560
2017-03-31,CSN,obs,131.5740
2017-04-30,CSN,obs,141.8800
2017-05-31,CSN,obs,63.2680
2017-06-30,CSN,obs,22.6040
2017-07-31,CSN,obs,5.9040
2017-08-31,CSN,obs,2.7000
2017-09-30,CSN,obs,2.4530
2017-10-31,CSN,obs,2.6680
2017-11-30,CSN,obs,11.7710
2017-12-31,CSN,obs,6.8740
2018-01-31,CSN,obs,21.5100
2018-02-28,CSN,obs,8.8250
2018-03-31,CSN,obs,142.2500
2018-04-30,CSN,obs,102.3370
2018-05-31,CSN,obs,20.6390
2018-06-30,CSN,obs,6.6150
2018-07-31,CSN,obs,1.1960
2018-08-31,CSN,obs,1.5470
2018-09-30,CSN,obs,1.3030
1990-10-31,MKM,obs,0.0000
1990-11-30,MKM,obs,0.6240
1990-12-31,MKM,obs,2.6230
1991-01-31,MKM,obs,2.8730
1991-02-28,MKM,obs,2.4810
1991-03-31,MKM,obs,41.7350
1991-04-30,MKM,obs,64.9460
1991-05-31,MKM,obs,132.2760
1991-06-30,MKM,obs,79.6930
1991-07-31,MKM,obs,8.7780
1991-08-31,MKM,obs,1.0930
1991-09-30,MKM,obs,0.0000
1991-10-31,MKM,obs,3.7790
1991-11-30,MKM,obs,7.2580
1991-12-31,MKM,obs,7.7210
1992-01-31,MKM,obs,8.2850
1992-02-29,MKM,obs,35.4980
1992-03-31,MKM,obs,51.2840
1992-04-30,MKM,obs,105.6440
1992-05-31,MKM,obs,53.7420
1992-06-30,MKM,obs,8.3360
1992-07-31,MKM,obs,8.3400
1992-08-31,MKM,obs,0.0000
1992-09-30,MKM,obs,0.0000
1992-10-31,MKM,obs,2.2970
1992-11-30,MKM,obs,3.7730
1992-12-31,MKM,obs,15.6030
1993-01-31,MKM,obs,88.9260
1993-02-28,MKM,obs,62.8490
1993-03-31,MKM,obs,154.1310
1993-04-30,MKM,obs,151.8180
1993-05-31,MKM,obs,275.6350
1993-06-30,MKM,obs,190.8210
1993-07-31,MKM,obs,45.9960
1993-08-31,MKM,obs,6.6280
1993-09-30,MKM,obs,2.6300
1993-10-31,MKM,obs,4.5480
1993-11-30,MKM,obs,3.8930
1993-12-31,MKM,obs,5.8990
1994-01-31,MKM,obs,7.7940
1994-02-28,MKM,obs,13.8820
1994-03-31,MKM,obs,41.9090
1994-04-30,MKM,obs,74.1640
1994-05-31,MKM,obs,91.2830
1994-06-30,MKM,obs,26.0990
1994-07-31,MKM,obs,0.4330
1994-08-31,MKM,obs,0.0000
1994-09-30,MKM,obs,0.0000
1994-10-31,MKM,obs,1.0660
1994-11-30,MKM,obs,13.6960
1994-12-31,MKM,obs,17.5980
1995-01-31,MKM,obs,131.4010
1995-02-28,MKM,obs,74.9720
1995-03-31,MKM,obs,245.3170
1995-04-30,MKM,obs,199.2880
1995-05-31,MKM,obs,329.5450
1995-06-30,MKM,obs,312.9550
1995-07-31,MKM,obs,193.1080
1995-08-31,MKM,obs,29.0600
1995-09-30,MKM,obs,4.3450
1995-10-31,MKM,obs,3.3020
1995-11-30,MKM,obs,3.3080
1995-12-31,MKM,obs,28.5910
1996-01-31,MKM,obs,50.7090
1996-02-29,MKM,obs,163.9670
1996-03-31,MKM,obs,133.5260
1996-04-30,MKM,obs,159.9320
1996-05-31,MKM,obs,274.5250
1996-06-30,MKM,obs,123.5110
1996-07-31,MKM,obs,23.1750
1996-08-31,MKM,obs,5.4440
1996-09-30,MKM,obs,1.6290
1996-10-31,MKM,obs,3.3410
1996-11-30,MKM,obs,40.4080
1996-12-31,MKM,obs,161.9910
1997-01-31,MKM,obs,440.5970
1997-02-28,MKM,obs,91.1410
1997-03-31,MKM,obs,86.5980
1997-04-30,MKM,obs,128.0050
1997-05-31,MKM,obs,177.3310
1997-06-30,MKM,obs,73.4330
1997-07-31,MKM,obs,11.6750
1997-08-31,MKM,obs,3.6870
1997-09-30,MKM,obs,2.7870
1997-10-31,MKM,obs,4.7520
1997-11-30,MKM,obs,9.4750
1997-12-31,MKM,obs,12.4980
1998-01-31,MKM,obs,73.2770
1998-02-28,MKM,obs,125.6570
1998-03-31,MKM,obs,159.0470
1998-04-30,MKM,obs,151.9730
1998-05-31,MKM,obs,214.8220
1998-06-30,MKM,obs,347.7450
1998-07-31,MKM,obs,142.0040
1998-08-31,MKM,obs,16.7680
1998-09-30,MKM,obs,9.8070
1998-10-31,MKM,obs,8.1930
1998-11-30,MKM,obs,19.4100
1998-12-31,MKM,obs,30.5290
1999-01-31,MKM,obs,63.5060
1999-02-28,MKM,obs,121.3410
1999-03-31,MKM,obs,87.7210
1999-04-30,MKM,obs,118.1340
1999-05-31,MKM,obs,251.2950
1999-06-30,MKM,obs,173.8180
1999-07-31,MKM,obs,28.1790
1999-08-31,MKM,obs,7.1080
1999-09-30,MKM,obs,3.6520
1999-10-31,MKM,obs,4.2290
1999-11-30,MKM,obs,10.7000
1999-12-31,MKM,obs,9.2000
2000-01-31,MKM,obs,59.4270
2000-02-29,MKM,obs,102.0520
2000-03-31,MKM,obs,99.5880
2000-04-30,MKM,obs,139.8230
2000-05-31,MKM,obs,212.2820
2000-06-30,MKM,obs,73.7500
2000-07-31,MKM,obs,16.0300
2000-08-31,MKM,obs,7.4000
2000-09-30,MKM,obs,6.5410
2000-10-31,MKM,obs,8.2500
2000-11-30,MKM,obs,9.2760
2000-12-31,MKM,obs,8.3810
2001-01-31,MKM,obs,13.0070
2001-02-28,MKM,obs,18.7240
2001-03-31,MKM,obs,63.2960
2001-04-30,MKM,obs,92.4560
2001-05-31,MKM,obs,142.1380
2001-06-30,MKM,obs,13.3380
2001-07-31,MKM,obs,4.3830
2001-08-31,MKM,obs,2.7330
2001-09-30,MKM,obs,4.3200
2001-10-31,MKM,obs,0.1200
2001-11-30,MKM,obs,14.3970
2001-12-31,MKM,obs,31.7440
2002-01-31,MKM,obs,46.3020
2002-02-28,MKM,obs,38.0860
2002-03-31,MKM,obs,67.4610
2002-04-30,MKM,obs,137.8330
2002-05-31,MKM,obs,163.6070
2002-06-30,MKM,obs,64.6570
2002-07-31,MKM,obs,10.3640
2002-08-31,MKM,obs,4.2260
2002-09-30,MKM,obs,1.6970
2002-10-31,MKM,obs,1.8110
2002-11-30,MKM,obs,19.3940
2002-12-31,MKM,obs,20.1240
2003-01-31,MKM,obs,43.1870
2003-02-28,MKM,obs,35.9940
2003-03-31,MKM,obs,60.0080
2003-04-30,MKM,obs,99.4850
2003-05-31,MKM,obs,223.2790
2003-06-30,MKM,obs,144.9740
2003-07-31,MKM,obs,18.5740
2003-08-31,MKM,obs,2.4400
2003-09-30,MKM,obs,2.4050
2003-10-31,MKM,obs,2.8180
2003-11-30,MKM,obs,6.0850
2003-12-31,MKM,obs,30.1710
2004-01-31,MKM,obs,23.4090
2004-02-29,MKM,obs,45.0580
2004-03-31,MKM,obs,109.8630
2004-04-30,MKM,obs,122.4670
2004-05-31,MKM,obs,117.5060
2004-06-30,MKM,obs,33.6800
2004-07-31,MKM,obs,6.4520
2004-08-31,MKM,obs,2.4950
2004-09-30,MKM,obs,1.9200
2004-10-31,MKM,obs,10.4170
2004-11-30,MKM,obs,11.8760
2004-12-31,MKM,obs,27.2510
2005-01-31,MKM,obs,68.8160
2005-02-28,MKM,obs,66.1810
2005-03-31,MKM,obs,119.3040
2005-04-30,MKM,obs,130.4400
2005-05-31,MKM,obs,326.9110
2005-06-30,MKM,obs,205.6360
2005-07-31,MKM,obs,53.0160
2005-08-31,MKM,obs,7.6950
2005-09-30,MKM,obs,3.8740
2005-10-31,MKM,obs,7.5030
2005-11-30,MKM,obs,10.6440
2005-12-31,MKM,obs,139.3050
2006-01-31,MKM,obs,144.6660
2006-02-28,MKM,obs,94.1680
2006-03-31,MKM,obs,138.7850
2006-04-30,MKM,obs,311.0650
2006-05-31,MKM,obs,358.7060
2006-06-30,MKM,obs,203.6550
2006-07-31,MKM,obs,35.2050
2006-08-31,MKM,obs,8.2020
2006-09-30,MKM,obs,5.9160
2006-10-31,MKM,obs,6.4920
2006-11-30,MKM,obs,14.7950
2006-12-31,MKM,obs,20.4820
2007-01-31,MKM,obs,19.4810
2007-02-28,MKM,obs,51.3750
2007-03-31,MKM,obs,76.3230
2007-04-30,MKM,obs,99.8160
2007-05-31,MKM,obs,96.8130
2007-06-30,MKM,obs,18.3560
2007-07-31,MKM,obs,7.7480
2007-08-31,MKM,obs,2.3380
2007-09-30,MKM,obs,4.2370
2007-10-31,MKM,obs,1.9080
2007-11-30,MKM,obs,5.1480
2007-12-31,MKM,obs,8.7910
2008-01-31,MKM,obs,20.2750
2008-02-29,MKM,obs,27.6580
2008-03-31,MKM,obs,53.0510
2008-04-30,MKM,obs,84.8270
2008-05-31,MKM,obs,145.8870
2008-06-30,MKM,obs,53.1690
2008-07-31,MKM,obs,4.8130
2008-08-31,MKM,obs,2.1400
2008-09-30,MKM,obs,3.7400
2008-10-31,MKM,obs,1.3170
2008-11-30,MKM,obs,14.2680
2008-12-31,MKM,obs,9.2050
2009-01-31,MKM,obs,33.0710
2009-02-28,MKM,obs,44.5330
2009-03-31,MKM,obs,104.2610
2009-04-30,MKM,obs,118.2710
2009-05-31,MKM,obs,246.8120
2009-06-30,MKM,obs,54.9060
2009-07-31,MKM,obs,10.5600
2009-08-31,MKM,obs,4.0500
2009-09-30,MKM,obs,2.1390
2009-10-31,MKM,obs,10.5100
2009-11-30,MKM,obs,4.9800
2009-12-31,MKM,obs,12.6770
2010-01-31,MKM,obs,27.1200
2010-02-28,MKM,obs,32.3100
2010-03-31,MKM,obs,60.3780
2010-04-30,MKM,obs,106.8500
2010-05-31,MKM,obs,175.0260
2010-06-30,MKM,obs,235.4150
2010-07-31,MKM,obs,34.1120
2010-08-31,MKM,obs,5.6010
2010-09-30,MKM,obs,4.3330
2010-10-31,MKM,obs,33.9090
2010-11-30,MKM,obs,27.2680
2010-12-31,MKM,obs,127.7030
2011-01-31,MKM,obs,71.8400
2011-02-28,MKM,obs,52.2190
2011-03-31,MKM,obs,171.4370
2011-04-30,MKM,obs,200.2590
2011-05-31,MKM,obs,222.4150
2011-06-30,MKM,obs,319.5020
2011-07-31,MKM,obs,148.3210
2011-08-31,MKM,obs,17.3580
2011-09-30,MKM,obs,7.0110
2011-10-31,MKM,obs,12.0690
2011-11-30,MKM,obs,8.1380
2011-12-31,MKM,obs,6.4710
2012-01-31,MKM,obs,24.5820
2012-02-29,MKM,obs,16.0370
2012-03-31,MKM,obs,60.6230
2012-04-30,MKM,obs,146.0870
2012-05-31,MKM,obs,110.2880
2012-06-30,MKM,obs,23.3320
2012-07-31,MKM,obs,5.4340
2012-08-31,MKM,obs,3.0200
2012-09-30,MKM,obs,2.0000
2012-10-31,MKM,obs,4.0950
2012-11-30,MKM,obs,15.7240
2012-12-31,MKM,obs,87.7690
2013-01-31,MKM,obs,34.2120
2013-02-28,MKM,obs,25.4400
2013-03-31,MKM,obs,51.8260
2013-04-30,MKM,obs,98.1330
2013-05-31,MKM,obs,78.3830
2013-06-30,MKM,obs,19.9200
2013-07-31,MKM,obs,1.8810
2013-08-31,MKM,obs,0.0000
2013-09-30,MKM,obs,0.9100
2013-10-31,MKM,obs,1.1780
2013-11-30,MKM,obs,2.7300
2013-12-31,MKM,obs,1.8870
2014-01-31,MKM,obs,4.9090
2014-02-28,MKM,obs,33.0620
2014-03-31,MKM,obs,46.1980
2014-04-30,MKM,obs,78.7370
2014-05-31,MKM,obs,76.5700
2014-06-30,MKM,obs,13.5380
2014-07-31,MKM,obs,2.8500
2014-08-31,MKM,obs,1.9950
2014-09-30,MKM,obs,0.5760
2014-10-31,MKM,obs,0.5340
2014-11-30,MKM,obs,2.8090
2014-12-31,MKM,obs,27.2730
2015-01-31,MKM,obs,12.0160
2015-02-28,MKM,obs,65.2510
2015-03-31,MKM,obs,30.0100
2015-04-30,MKM,obs,29.8680
2015-05-31,MKM,obs,34.1280
2015-06-30,MKM,obs,8.5510
2015-07-31,MKM,obs,2.4260
2015-08-31,MKM,obs,0.0000
2015-09-30,MKM,obs,0.0000
2015-10-31,MKM,obs,1.3320
2015-11-30,MKM,obs,6.6710
2015-12-31,MKM,obs,30.1720
2016-01-31,MKM,obs,59.0900
2016-02-29,MKM,obs,65.8200
2016-03-31,MKM,obs,160.7230
2016-04-30,MKM,obs,145.5330
2016-05-31,MKM,obs,151.1240
2016-06-30,MKM,obs,69.3270
2016-07-31,MKM,obs,4.1770
2016-08-31,MKM,obs,1.1820
2016-09-30,MKM,obs,0.0000
2016-10-31,MKM,obs,38.4060
2016-11-30,MKM,obs,22.0280
2016-12-31,MKM,obs,99.7930
2017-01-31,MKM,obs,264.2380
2017-02-28,MKM,obs,407.3840
2017-03-31,MKM,obs,176.4410
2017-04-30,MKM,obs,222.6620
2017-05-31,MKM,obs,322.7100
2017-06-30,MKM,obs,266.1850
2017-07-31,MKM,obs,58.8840
2017-08-31,MKM,obs,17.2560
2017-09-30,MKM,obs,5.3810
2017-10-31,MKM,obs,3.6590
2017-11-30,MKM,obs,45.4130
2017-12-31,MKM,obs,15.6950
2018-01-31,MKM,obs,41.2400
2018-02-28,MKM,obs,18.0900
2018-03-31,MKM,obs,126.6550
2018-04-30,MKM,obs,204.9850
2018-05-31,MKM,obs,109.7710
2018-06-30,MKM,obs,28.8020
2018-07-31,MKM,obs,3.7940
2018-08-31,MKM,obs,0.2300
2018-09-30,MKM,obs,0.0000
1990-10-31,NML,obs,19.6364
1990-11-30,NML,obs,9.6397
1990-12-31,NML,obs,12.8370
1991-02-28,NML,obs,14.1501
1991-03-31,NML,obs,66.5792
1991-04-30,NML,obs,75.2648
1991-05-31,NML,obs,127.9934
1991-06-30,NML,obs,95.1292
1991-09-30,NML,obs,25.3924
1992-01-31,NML,obs,20.6995
1992-02-29,NML,obs,55.5927
1992-03-31,NML,obs,64.3180
1992-04-30,NML,obs,90.7954
1992-12-31,NML,obs,30.3669
1993-01-31,NML,obs,146.7134
1993-02-28,NML,obs,103.5094
1993-04-30,NML,obs,193.2952
1993-05-31,NML,obs,325.9596
1993-06-30,NML,obs,205.2238
1993-07-31,NML,obs,85.7792
1993-08-31,NML,obs,34.9269
1993-09-30,NML,obs,22.3220
1993-10-31,NML,obs,28.2010
1993-11-30,NML,obs,23.8552
1994-03-31,NML,obs,41.8631
1994-04-30,NML,obs,82.8674
1994-05-31,NML,obs,95.4506
1994-06-30,NML,obs,44.1362
1995-01-31,NML,obs,201.8777
1995-02-28,NML,obs,110.7848
1995-03-31,NML,obs,369.5662
1995-04-30,NML,obs,267.3302
1995-05-31,NML,obs,441.1219
1995-06-30,NML,obs,402.8052
1995-08-31,NML,obs,82.3458
1995-09-30,NML,obs,51.1954
1995-10-31,NML,obs,41.1431
1995-11-30,NML,obs,21.0585
1995-12-31,NML,obs,42.5355
1996-01-31,NML,obs,80.1362
1996-02-29,NML,obs,228.6625
1996-03-31,NML,obs,214.5025
1996-04-30,NML,obs,207.8102
1996-05-31,NML,obs,324.7160
1996-06-30,NML,obs,183.1815
1996-08-31,NML,obs,45.4750
1996-09-30,NML,obs,34.6016
1996-10-31,NML,obs,38.2929
1996-12-31,NML,obs,232.9527
1997-01-31,NML,obs,622.7265
1997-02-28,NML,obs,184.3894
1997-03-31,NML,obs,154.9547
1997-04-30,NML,obs,164.6439
1997-05-31,NML,obs,203.6489
1997-07-31,NML,obs,49.4301
1997-08-31,NML,obs,32.3722
1997-09-30,NML,obs,39.7587
1997-10-31,NML,obs,31.7455
1998-01-31,NML,obs,115.0770
1998-02-28,NML,obs,208.3339
1998-03-31,NML,obs,217.3944
1998-04-30,NML,obs,212.9256
1998-05-31,NML,obs,290.2849
1998-06-30,NML,obs,412.7623
1998-07-31,NML,obs,239.2681
1998-08-31,NML,obs,77.5160
1998-10-31,NML,obs,45.0446
1998-11-30,NML,obs,36.6823
1999-02-28,NML,obs,178.1177
1999-03-31,NML,obs,144.8985
1999-04-30,NML,obs,168.8727
1999-05-31,NML,obs,279.4314
1999-06-30,NML,obs,195.5643
2000-02-29,NML,obs,123.7190
2000-03-31,NML,obs,138.5653
2000-04-30,NML,obs,175.2734
2000-05-31,NML,obs,221.6092
2000-06-30,NML,obs,125.7540
2000-07-31,NML,obs,40.1673
2000-10-31,NML,obs,30.2102
2000-12-31,NML,obs,35.4585
2001-01-31,NML,obs,24.9540
2001-02-28,NML,obs,32.9970
2001-03-31,NML,obs,73.8446
2001-04-30,NML,obs,101.4506
2001-05-31,NML,obs,153.4492
2001-06-30,NML,obs,37.7355
2001-10-31,NML,obs,17.3812
2001-12-31,NML,obs,53.6093
2002-01-31,NML,obs,53.4684
2002-02-28,NML,obs,44.2909
2002-03-31,NML,obs,88.9726
2002-04-30,NML,obs,152.0291
2002-05-31,NML,obs,154.3577
2002-06-30,NML,obs,87.9808
2002-07-31,NML,obs,30.9659
2002-10-31,NML,obs,14.7769
2002-12-31,NML,obs,47.9722
2003-02-28,NML,obs,51.5623
2003-03-31,NML,obs,80.5646
2003-05-31,NML,obs,251.8274
2003-06-30,NML,obs,150.9124
2003-07-31,NML,obs,47.7917
2003-08-31,NML,obs,30.4463
2003-11-30,NML,obs,24.1071
2004-01-31,NML,obs,44.9335
2004-02-29,NML,obs,64.2208
2004-03-31,NML,obs,128.1620
2004-04-30,NML,obs,121.0453
2004-06-30,NML,obs,53.2502
2004-07-31,NML,obs,17.7164
2004-11-30,NML,obs,27.9531
2004-12-31,NML,obs,44.7074
2005-01-31,NML,obs,125.5934
2005-02-28,NML,obs,101.9861
2005-03-31,NML,obs,176.9712
2005-04-30,NML,obs,191.7758
2005-05-31,NML,obs,423.2846
2005-06-30,NML,obs,288.9342
2005-07-31,NML,obs,115.2932
2005-09-30,NML,obs,35.1392
2005-10-31,NML,obs,32.5587
2005-11-30,NML,obs,26.2274
2005-12-31,NML,obs,178.3279
2006-02-28,NML,obs,130.6889
2006-04-30,NML,obs,411.8816
2006-05-31,NML,obs,440.9533
2006-07-31,NML,obs,101.4724
2006-12-31,NML,obs,32.1144
2007-01-31,NML,obs,29.7183
2007-02-28,NML,obs,63.7329
2007-03-31,NML,obs,86.9137
2007-04-30,NML,obs,84.8509
2007-06-30,NML,obs,39.8916
2007-08-31,NML,obs,18.0377
2007-09-30,NML,obs,13.9696
2007-11-30,NML,obs,15.1676
2007-12-31,NML,obs,22.5858
2008-03-31,NML,obs,61.4479
2008-04-30,NML,obs,93.8658
2008-05-31,NML,obs,133.9993
2008-06-30,NML,obs,80.5527
2008-09-30,NML,obs,16.3101
2008-10-31,NML,obs,16.0522
2008-11-30,NML,obs,26.4238
2009-02-28,NML,obs,63.0010
2009-03-31,NML,obs,143.1134
2009-04-30,NML,obs,138.0436
2009-05-31,NML,obs,258.6248
2009-06-30,NML,obs,86.8859
2009-08-31,NML,obs,23.3950
2009-09-30,NML,obs,20.8344
2009-11-30,NML,obs,22.2526
2010-01-31,NML,obs,57.2569
2010-03-31,NML,obs,83.7858
2010-04-30,NML,obs,143.1947
2010-05-31,NML,obs,198.9520
2010-07-31,NML,obs,73.8327
2010-08-31,NML,obs,26.4476
2010-10-31,NML,obs,47.4902
2010-11-30,NML,obs,47.3970
2011-01-31,NML,obs,118.3200
2011-03-31,NML,obs,290.7828
2011-04-30,NML,obs,280.4390
2011-05-31,NML,obs,310.8238
2011-07-31,NML,obs,216.3709
2011-08-31,NML,obs,60.9441
2011-09-30,NML,obs,41.9802
2011-10-31,NML,obs,37.2952
2011-12-31,NML,obs,28.3458
2012-03-31,NML,obs,72.5573
2012-05-31,NML,obs,98.7987
2012-06-30,NML,obs,40.5679
2012-07-31,NML,obs,21.8301
2012-08-31,NML,obs,20.7709
2013-01-31,NML,obs,42.2797
2013-02-28,NML,obs,35.7640
2013-03-31,NML,obs,66.2836
2013-04-30,NML,obs,85.8069
2013-07-31,NML,obs,25.6324
2013-10-31,NML,obs,19.9180
2013-12-31,NML,obs,14.8245
2014-01-31,NML,obs,13.8783
2014-04-30,NML,obs,68.8066
2014-05-31,NML,obs,65.1193
2014-09-30,NML,obs,14.9117
2014-10-31,NML,obs,16.1970
2014-12-31,NML,obs,32.1164
2015-02-28,NML,obs,65.3891
2015-03-31,NML,obs,28.8893
2015-04-30,NML,obs,29.7521
2015-05-31,NML,obs,56.8264
2015-07-31,NML,obs,15.8063
2015-11-30,NML,obs,23.9782
2015-12-31,NML,obs,46.8040
2016-01-31,NML,obs,73.9200
2016-02-29,NML,obs,76.3398
2016-04-30,NML,obs,166.8535
2016-05-31,NML,obs,161.4486
2016-09-30,NML,obs,18.0159
2016-10-31,NML,obs,44.5845
2016-11-30,NML,obs,35.3415
2016-12-31,NML,obs,116.8939
2017-05-31,NML,obs,434.3643
2017-06-30,NML,obs,374.8105
2017-07-31,NML,obs,162.4720
2017-08-31,NML,obs,69.0605
2017-09-30,NML,obs,40.4767
2017-10-31,NML,obs,27.3402
2017-12-31,NML,obs,33.7289
2018-01-31,NML,obs,48.1567
2018-03-31,NML,obs,166.0463
2018-04-30,NML,obs,236.3623
2018-06-30,NML,obs,74.1203
2018-07-31,NML,obs,46.3220
2018-08-31,NML,obs,32.7868
2018-09-30,NML,obs,20.0846
1990-10-31,TLG,obs,1.2490
1990-11-30,TLG,obs,8.4770
1990-12-31,TLG,obs,4.5040
1991-01-31,TLG,obs,4.9770
1991-02-28,TLG,obs,8.1490
1991-03-31,TLG,obs,167.7380
1991-04-30,TLG,obs,179.5690
1991-05-31,TLG,obs,335.9320
1991-06-30,TLG,obs,295.4650
1991-07-31,TLG,obs,67.2900
1991-08-31,TLG,obs,18.9910
1991-09-30,TLG,obs,6.7380
1991-10-31,TLG,obs,15.7120
1991-11-30,TLG,obs,25.2160
1991-12-31,TLG,obs,17.9340
1992-01-31,TLG,obs,25.3290
1992-02-29,TLG,obs,92.8800
1992-03-31,TLG,obs,114.8530
1992-04-30,TLG,obs,230.2940
1992-05-31,TLG,obs,189.4240
1992-06-30,TLG,obs,46.3050
1992-07-31,TLG,obs,59.2310
1992-08-31,TLG,obs,13.7950
1992-09-30,TLG,obs,4.0470
1992-10-31,TLG,obs,10.4310
1992-11-30,TLG,obs,14.2710
1992-12-31,TLG,obs,45.9280
1993-01-31,TLG,obs,278.4320
1993-02-28,TLG,obs,161.0690
1993-03-31,TLG,obs,319.0150
1993-04-30,TLG,obs,334.9650
1993-05-31,TLG,obs,630.9220
1993-06-30,TLG,obs,524.0510
1993-07-31,TLG,obs,225.8100
1993-08-31,TLG,obs,53.8230
1993-09-30,TLG,obs,24.8430
1993-10-31,TLG,obs,18.7870
1993-11-30,TLG,obs,7.4840
1993-12-31,TLG,obs,18.4180
1994-01-31,TLG,obs,21.9040
1994-02-28,TLG,obs,53.2410
1994-03-31,TLG,obs,108.3090
1994-04-30,TLG,obs,195.2190
1994-05-31,TLG,obs,275.0620
1994-06-30,TLG,obs,118.6980
1994-07-31,TLG,obs,32.8850
1994-08-31,TLG,obs,25.1760
1994-09-30,TLG,obs,9.5020
1994-10-31,TLG,obs,10.2170
1994-11-30,TLG,obs,64.2140
1994-12-31,TLG,obs,57.8360
1995-01-31,TLG,obs,347.7010
1995-02-28,TLG,obs,160.2300
1995-03-31,TLG,obs,578.6560
1995-04-30,TLG,obs,384.9470
1995-05-31,TLG,obs,658.8990
1995-06-30,TLG,obs,810.8700
1995-07-31,TLG,obs,651.6430
1995-08-31,TLG,obs,161.5890
1995-09-30,TLG,obs,35.0030
1995-10-31,TLG,obs,12.0410
1995-11-30,TLG,obs,7.1690
1995-12-31,TLG,obs,71.5640
1996-01-31,TLG,obs,129.4920
1996-02-29,TLG,obs,347.6880
1996-03-31,TLG,obs,289.5400
1996-04-30,TLG,obs,323.4240
1996-05-31,TLG,obs,576.2850
1996-06-30,TLG,obs,389.2690
1996-07-31,TLG,obs,132.9030
1996-08-31,TLG,obs,26.0720
1996-09-30,TLG,obs,10.8700
1996-10-31,TLG,obs,8.1120
1996-11-30,TLG,obs,111.8710
1996-12-31,TLG,obs,387.1370
1997-01-31,TLG,obs,1033.3970
1997-02-28,TLG,obs,170.0750
1997-03-31,TLG,obs,231.6570
1997-04-30,TLG,obs,276.6540
1997-05-31,TLG,obs,541.5410
1997-06-30,TLG,obs,335.8300
1997-07-31,TLG,obs,57.0120
1997-08-31,TLG,obs,49.1180
1997-09-30,TLG,obs,21.2950
1997-10-31,TLG,obs,10.2500
1997-11-30,TLG,obs,18.1340
1997-12-31,TLG,obs,34.9870
1998-01-31,TLG,obs,202.1110
1998-02-28,TLG,obs,358.3140
1998-03-31,TLG,obs,353.6890
1998-04-30,TLG,obs,351.2790
1998-05-31,TLG,obs,476.6350
1998-06-30,TLG,obs,854.9470
1998-07-31,TLG,obs,559.1170
1998-08-31,TLG,obs,83.5440
1998-09-30,TLG,obs,35.3230
1998-10-31,TLG,obs,20.5700
1998-11-30,TLG,obs,48.4620
1998-12-31,TLG,obs,67.7480
1999-01-31,TLG,obs,135.9580
1999-02-28,TLG,obs,252.0850
1999-03-31,TLG,obs,170.8480
1999-04-30,TLG,obs,261.9960
1999-05-31,TLG,obs,568.8780
1999-06-30,TLG,obs,436.0820
1999-07-31,TLG,obs,109.3930
1999-08-31,TLG,obs,35.3110
1999-09-30,TLG,obs,20.0750
1999-10-31,TLG,obs,11.1610
1999-11-30,TLG,obs,17.0900
1999-12-31,TLG,obs,10.1270
2000-01-31,TLG,obs,131.5690
2000-02-29,TLG,obs,276.9760
2000-03-31,TLG,obs,252.8780
2000-04-30,TLG,obs,334.1730
2000-05-31,TLG,obs,539.3730
2000-06-30,TLG,obs,321.6690
2000-07-31,TLG,obs,70.3780
2000-08-31,TLG,obs,35.4870
2000-09-30,TLG,obs,18.3670
2000-10-31,TLG,obs,17.0180
2000-11-30,TLG,obs,16.7700
2000-12-31,TLG,obs,22.1590
2001-01-31,TLG,obs,31.9360
2001-02-28,TLG,obs,59.9440
2001-03-31,TLG,obs,179.2540
2001-04-30,TLG,obs,226.8660
2001-05-31,TLG,obs,407.9450
2001-06-30,TLG,obs,55.2370
2001-07-31,TLG,obs,12.3560
2001-08-31,TLG,obs,1.8400
2001-09-30,TLG,obs,2.2990
2001-10-31,TLG,obs,4.0220
2001-11-30,TLG,obs,39.6040
2001-12-31,TLG,obs,93.1230
2002-01-31,TLG,obs,108.7170
2002-02-28,TLG,obs,79.4760
2002-03-31,TLG,obs,141.4210
2002-04-30,TLG,obs,301.3440
2002-05-31,TLG,obs,371.7210
2002-06-30,TLG,obs,223.2950
2002-07-31,TLG,obs,24.3070
2002-08-31,TLG,obs,8.2680
2002-09-30,TLG,obs,6.1720
2002-10-31,TLG,obs,0.0280
2002-11-30,TLG,obs,68.9240
2002-12-31,TLG,obs,69.1190
2003-01-31,TLG,obs,89.2660
2003-02-28,TLG,obs,64.9670
2003-03-31,TLG,obs,123.6010
2003-04-30,TLG,obs,218.2610
2003-05-31,TLG,obs,520.4060
2003-06-30,TLG,obs,372.3930
2003-07-31,TLG,obs,55.4180
2003-08-31,TLG,obs,29.8010
2003-09-30,TLG,obs,14.9100
2003-10-31,TLG,obs,5.2900
2003-11-30,TLG,obs,13.4330
2003-12-31,TLG,obs,81.9670
2004-01-31,TLG,obs,70.4120
2004-02-29,TLG,obs,109.9260
2004-03-31,TLG,obs,256.9820
2004-04-30,TLG,obs,264.3450
2004-05-31,TLG,obs,317.8550
2004-06-30,TLG,obs,147.6940
2004-07-31,TLG,obs,32.6600
2004-08-31,TLG,obs,13.3850
2004-09-30,TLG,obs,7.1740
2004-10-31,TLG,obs,53.9340
2004-11-30,TLG,obs,54.5590
2004-12-31,TLG,obs,71.1050
2005-01-31,TLG,obs,259.6830
2005-02-28,TLG,obs,192.2240
2005-03-31,TLG,obs,325.0030
2005-04-30,TLG,obs,305.0210
2005-05-31,TLG,obs,836.8620
2005-06-30,TLG,obs,588.8400
2005-07-31,TLG,obs,257.9350
2005-08-31,TLG,obs,39.8970
2005-09-30,TLG,obs,20.8930
2005-10-31,TLG,obs,14.6820
2005-11-30,TLG,obs,16.3230
2005-12-31,TLG,obs,248.3950
2006-01-31,TLG,obs,247.9560
2006-02-28,TLG,obs,154.1730
2006-03-31,TLG,obs,295.7850
2006-04-30,TLG,obs,609.8280
2006-05-31,TLG,obs,816.3710
2006-06-30,TLG,obs,649.4340
2006-07-31,TLG,obs,207.5530
2006-08-31,TLG,obs,37.0400
2006-09-30,TLG,obs,15.3700
2006-10-31,TLG,obs,10.9300
2006-11-30,TLG,obs,18.7480
2006-12-31,TLG,obs,29.3010
2007-01-31,TLG,obs,28.0030
2007-02-28,TLG,obs,94.0680
2007-03-31,TLG,obs,147.0590
2007-04-30,TLG,obs,174.9300
2007-05-31,TLG,obs,251.2520
2007-06-30,TLG,obs,61.4710
2007-07-31,TLG,obs,14.8720
2007-08-31,TLG,obs,10.3380
2007-09-30,TLG,obs,7.6960
2007-10-31,TLG,obs,6.8590
2007-11-30,TLG,obs,7.0350
2007-12-31,TLG,obs,18.0320
2008-01-31,TLG,obs,77.7310
2008-02-29,TLG,obs,100.7360
2008-03-31,TLG,obs,123.6590
2008-04-30,TLG,obs,188.5610
2008-05-31,TLG,obs,360.3410
2008-06-30,TLG,obs,203.9790
2008-07-31,TLG,obs,32.4690
2008-08-31,TLG,obs,4.9890
2008-09-30,TLG,obs,4.4010
2008-10-31,TLG,obs,4.3120
2008-11-30,TLG,obs,61.5010
2008-12-31,TLG,obs,27.4560
2009-01-31,TLG,obs,105.3600
2009-02-28,TLG,obs,118.1420
2009-03-31,TLG,obs,228.3430
2009-04-30,TLG,obs,259.7960
2009-05-31,TLG,obs,563.1440
2009-06-30,TLG,obs,225.1870
2009-07-31,TLG,obs,56.8250
2009-08-31,TLG,obs,8.5270
2009-09-30,TLG,obs,6.5140
2009-10-31,TLG,obs,54.4250
2009-11-30,TLG,obs,11.3790
2009-12-31,TLG,obs,38.6070
2010-01-31,TLG,obs,90.3840
2010-02-28,TLG,obs,103.4690
2010-03-31,TLG,obs,160.7170
2010-04-30,TLG,obs,249.9670
2010-05-31,TLG,obs,386.2980
2010-06-30,TLG,obs,629.3760
2010-07-31,TLG,obs,142.7530
2010-08-31,TLG,obs,13.9990
2010-09-30,TLG,obs,6.1690
2010-10-31,TLG,obs,107.6710
2010-11-30,TLG,obs,80.5480
2010-12-31,TLG,obs,336.4310
2011-01-31,TLG,obs,171.7910
2011-02-28,TLG,obs,138.7750
2011-03-31,TLG,obs,413.5370
2011-04-30,TLG,obs,433.4600
2011-05-31,TLG,obs,520.4140
2011-06-30,TLG,obs,772.9160
2011-07-31,TLG,obs,445.7110
2011-08-31,TLG,obs,78.3480
2011-09-30,TLG,obs,24.6520
2011-10-31,TLG,obs,41.2180
2011-11-30,TLG,obs,19.2570
2011-12-31,TLG,obs,5.4310
2012-01-31,TLG,obs,48.1840
2012-02-29,TLG,obs,33.4600
2012-03-31,TLG,obs,106.7740
2012-04-30,TLG,obs,289.2380
2012-05-31,TLG,obs,250.5680
2012-06-30,TLG,obs,56.6430
2012-07-31,TLG,obs,12.9750
2012-08-31,TLG,obs,7.6210
2012-09-30,TLG,obs,4.1000
2012-10-31,TLG,obs,3.5090
2012-11-30,TLG,obs,32.7930
2012-12-31,TLG,obs,192.1200
2013-01-31,TLG,obs,73.3380
2013-02-28,TLG,obs,49.5320
2013-03-31,TLG,obs,125.5200
2013-04-30,TLG,obs,232.1770
2013-05-31,TLG,obs,245.7960
2013-06-30,TLG,obs,98.8340
2013-07-31,TLG,obs,20.2350
2013-08-31,TLG,obs,8.9260
2013-09-30,TLG,obs,4.3680
2013-10-31,TLG,obs,5.2760
2013-11-30,TLG,obs,4.9070
2013-12-31,TLG,obs,5.6250
2014-01-31,TLG,obs,4.1590
2014-02-28,TLG,obs,52.2710
2014-03-31,TLG,obs,94.1630
2014-04-30,TLG,obs,169.1650
2014-05-31,TLG,obs,188.5220
2014-06-30,TLG,obs,54.1590
2014-07-31,TLG,obs,11.5080
2014-08-31,TLG,obs,6.2480
2014-09-30,TLG,obs,4.5340
2014-10-31,TLG,obs,2.6460
2014-11-30,TLG,obs,8.9520
2014-12-31,TLG,obs,69.4030
2015-01-31,TLG,obs,24.7240
2015-02-28,TLG,obs,113.8550
2015-03-31,TLG,obs,57.4020
2015-04-30,TLG,obs,85.2270
2015-05-31,TLG,obs,143.8940
2015-06-30,TLG,obs,61.7310
2015-07-31,TLG,obs,17.1000
2015-08-31,TLG,obs,7.4660
2015-09-30,TLG,obs,6.4580
2015-10-31,TLG,obs,10.6670
2015-11-30,TLG,obs,37.5000
2015-12-31,TLG,obs,100.1870
2016-01-31,TLG,obs,150.0110
2016-02-29,TLG,obs,144.1450
2016-03-31,TLG,obs,341.3230
2016-04-30,TLG,obs,318.9790
2016-05-31,TLG,obs,362.1490
2016-06-30,TLG,obs,295.0340
2016-07-31,TLG,obs,43.9150
2016-08-31,TLG,obs,9.6810
2016-09-30,TLG,obs,5.0280
2016-10-31,TLG,obs,129.1280
2016-11-30,TLG,obs,64.5170
2016-12-31,TLG,obs,198.4210
2017-01-31,TLG,obs,655.6460
2017-02-28,TLG,obs,829.4300
2017-03-31,TLG,obs,399.7050
2017-04-30,TLG,obs,525.6910
2017-05-31,TLG,obs,768.5280
2017-06-30,TLG,obs,807.5700
2017-07-31,TLG,obs,352.3800
2017-08-31,TLG,obs,88.5120
2017-09-30,TLG,obs,42.5810
2017-10-31,TLG,obs,26.5710
2017-11-30,TLG,obs,93.2250
2017-12-31,TLG,obs,32.0910
2018-01-31,TLG,obs,77.4900
2018-02-28,TLG,obs,34.4430
2018-03-31,TLG,obs,356.8380
2018-04-30,TLG,obs,473.9050
2018-05-31,TLG,obs,348.0760
2018-06-30,TLG,obs,154.8060
2018-07-31,TLG,obs,34.8400
2018-08-31,TLG,obs,22.3340
2018-09-30,TLG,obs,18.2760
1990-10-31,MRC,obs,2.0270
1990-11-30,MRC,obs,1.3500
1990-12-31,MRC,obs,1.4420
1991-01-31,MRC,obs,4.9880
1991-02-28,MRC,obs,3.1420
1991-03-31,MRC,obs,95.5490
1991-04-30,MRC,obs,80.8350
1991-05-31,MRC,obs,184.3460
1991-06-30,MRC,obs,144.7500
1991-07-31,MRC,obs,36.3600
1991-08-31,MRC,obs,3.7860
1991-09-30,MRC,obs,1.8810
1991-10-31,MRC,obs,4.9900
1991-11-30,MRC,obs,10.7230
1991-12-31,MRC,obs,8.1640
1992-01-31,MRC,obs,12.5800
1992-02-29,MRC,obs,53.8580
1992-03-31,MRC,obs,50.7030
1992-04-30,MRC,obs,131.0460
1992-05-31,MRC,obs,104.7270
1992-06-30,MRC,obs,30.6380
1992-07-31,MRC,obs,32.6300
1992-08-31,MRC,obs,5.7830
1992-09-30,MRC,obs,2.3970
1992-10-31,MRC,obs,1.8170
1992-11-30,MRC,obs,6.5510
1992-12-31,MRC,obs,21.8610
1993-01-31,MRC,obs,190.0610
1993-02-28,MRC,obs,100.3430
1993-03-31,MRC,obs,156.5370
1993-04-30,MRC,obs,181.4320
1993-05-31,MRC,obs,454.5150
1993-06-30,MRC,obs,280.3010
1993-07-31,MRC,obs,95.8820
1993-08-31,MRC,obs,33.5140
1993-09-30,MRC,obs,7.8890
1993-10-31,MRC,obs,7.6560
1993-11-30,MRC,obs,4.7000
1993-12-31,MRC,obs,7.5190
1994-01-31,MRC,obs,9.2630
1994-02-28,MRC,obs,27.8340
1994-03-31,MRC,obs,39.6150
1994-04-30,MRC,obs,87.2950
1994-05-31,MRC,obs,121.2610
1994-06-30,MRC,obs,47.8470
1994-07-31,MRC,obs,11.6240
1994-08-31,MRC,obs,8.5590
1994-09-30,MRC,obs,1.7200
1994-10-31,MRC,obs,15.8440
1994-11-30,MRC,obs,21.6250
1994-12-31,MRC,obs,24.7090
1995-01-31,MRC,obs,199.9430
1995-02-28,MRC,obs,69.7990
1995-03-31,MRC,obs,363.6760
1995-04-30,MRC,obs,205.6840
1995-05-31,MRC,obs,388.3330
1995-06-30,MRC,obs,470.9140
1995-07-31,MRC,obs,340.4410
1995-08-31,MRC,obs,58.7330
1995-09-30,MRC,obs,12.9770
1995-10-31,MRC,obs,10.8690
1995-11-30,MRC,obs,7.0630
1995-12-31,MRC,obs,29.6210
1996-01-31,MRC,obs,66.1820
1996-02-29,MRC,obs,190.7530
1996-03-31,MRC,obs,161.4730
1996-04-30,MRC,obs,196.6370
1996-05-31,MRC,obs,317.3640
1996-06-30,MRC,obs,157.4600
1996-07-31,MRC,obs,51.4620
1996-08-31,MRC,obs,14.1760
1996-09-30,MRC,obs,6.0770
1996-10-31,MRC,obs,1.6840
1996-11-30,MRC,obs,57.2540
1996-12-31,MRC,obs,230.0000
1997-01-31,MRC,obs,633.7000
1997-02-28,MRC,obs,101.8450
1997-03-31,MRC,obs,116.0000
1997-04-30,MRC,obs,169.0000
1997-05-31,MRC,obs,277.6680
1997-06-30,MRC,obs,114.0000
1997-07-31,MRC,obs,29.0000
1997-08-31,MRC,obs,12.9030
1997-09-30,MRC,obs,6.2810
1997-10-31,MRC,obs,1.3590
1997-11-30,MRC,obs,6.9600
1997-12-31,MRC,obs,16.6640
1998-01-31,MRC,obs,103.2050
1998-02-28,MRC,obs,252.5670
1998-03-31,MRC,obs,167.5610
1998-04-30,MRC,obs,200.9940
1998-05-31,MRC,obs,251.0950
1998-06-30,MRC,obs,478.3160
1998-07-31,MRC,obs,285.6790
1998-08-31,MRC,obs,51.0160
1998-09-30,MRC,obs,29.3250
1998-10-31,MRC,obs,14.9250
1998-11-30,MRC,obs,18.7660
1998-12-31,MRC,obs,27.9570
1999-01-31,MRC,obs,49.4940
1999-02-28,MRC,obs,110.8770
1999-03-31,MRC,obs,66.9690
1999-04-30,MRC,obs,127.7880
1999-05-31,MRC,obs,281.8030
1999-06-30,MRC,obs,153.8550
1999-07-31,MRC,obs,34.6800
1999-08-31,MRC,obs,11.1520
1999-09-30,MRC,obs,6.8680
1999-10-31,MRC,obs,3.6400
1999-11-30,MRC,obs,9.7980
1999-12-31,MRC,obs,1.5780
2000-01-31,MRC,obs,56.5920
2000-02-29,MRC,obs,171.3020
2000-03-31,MRC,obs,115.6430
2000-04-30,MRC,obs,165.7240
2000-05-31,MRC,obs,275.9170
2000-06-30,MRC,obs,129.7380
2000-07-31,MRC,obs,26.0270
2000-08-31,MRC,obs,11.3180
2000-09-30,MRC,obs,6.5290
2000-10-31,MRC,obs,4.3250
2000-11-30,MRC,obs,6.1880
2000-12-31,MRC,obs,9.5950
2001-01-31,MRC,obs,13.1320
2001-02-28,MRC,obs,31.0270
2001-03-31,MRC,obs,86.2450
2001-04-30,MRC,obs,107.8010
2001-05-31,MRC,obs,215.0720
2001-06-30,MRC,obs,33.0490
2001-07-31,MRC,obs,10.3930
2001-08-31,MRC,obs,2.9140
2001-09-30,MRC,obs,1.3230
2001-10-31,MRC,obs,1.6940
2001-11-30,MRC,obs,11.6070
2001-12-31,MRC,obs,47.5400
2002-01-31,MRC,obs,44.4650
2002-02-28,MRC,obs,33.4050
2002-03-31,MRC,obs,56.5350
2002-04-30,MRC,obs,150.3270
2002-05-31,MRC,obs,181.9440
2002-06-30,MRC,obs,88.2780
2002-07-31,MRC,obs,15.4900
2002-08-31,MRC,obs,4.2210
2002-09-30,MRC,obs,0.8330
2002-10-31,MRC,obs,1.3980
2002-11-30,MRC,obs,29.6660
2002-12-31,MRC,obs,31.5510
2003-01-31,MRC,obs,40.5210
2003-02-28,MRC,obs,34.4080
2003-03-31,MRC,obs,63.0240
2003-04-30,MRC,obs,116.6500
2003-05-31,MRC,obs,258.1210
2003-06-30,MRC,obs,188.9040
2003-07-31,MRC,obs,31.8690
2003-08-31,MRC,obs,13.8890
2003-09-30,MRC,obs,5.6550
2003-10-31,MRC,obs,2.2590
2003-11-30,MRC,obs,8.5280
2003-12-31,MRC,obs,26.4000
2004-01-31,MRC,obs,34.6770
2004-02-29,MRC,obs,60.1080
2004-03-31,MRC,obs,120.0030
2004-04-30,MRC,obs,138.8930
2004-05-31,MRC,obs,135.2160
2004-06-30,MRC,obs,54.3230
2004-07-31,MRC,obs,17.4840
2004-08-31,MRC,obs,6.6550
2004-09-30,MRC,obs,3.5420
2004-10-31,MRC,obs,19.5620
2004-11-30,MRC,obs,21.6760
2004-12-31,MRC,obs,40.6080
2005-01-31,MRC,obs,200.0590
2005-02-28,MRC,obs,105.4160
2005-03-31,MRC,obs,191.0040
2005-04-30,MRC,obs,152.4050
2005-05-31,MRC,obs,466.5330
2005-06-30,MRC,obs,324.5990
2005-07-31,MRC,obs,125.5080
2005-08-31,MRC,obs,24.9260
2005-09-30,MRC,obs,11.5670
2005-10-31,MRC,obs,8.3150
2005-11-30,MRC,obs,6.9540
2005-12-31,MRC,obs,74.4790
2006-01-31,MRC,obs,129.2540
2006-02-28,MRC,obs,67.7200
2006-03-31,MRC,obs,171.4800
2006-04-30,MRC,obs,343.7210
2006-05-31,MRC,obs,496.0910
2006-06-30,MRC,obs,332.0960
2006-07-31,MRC,obs,84.8040
2006-08-31,MRC,obs,17.4790
2006-09-30,MRC,obs,8.8420
2006-10-31,MRC,obs,12.7590
2006-11-30,MRC,obs,10.2360
2006-12-31,MRC,obs,15.4160
2007-01-31,MRC,obs,16.0500
2007-02-28,MRC,obs,37.0290
2007-03-31,MRC,obs,68.7260
2007-04-30,MRC,obs,93.5630
2007-05-31,MRC,obs,103.1950
2007-06-30,MRC,obs,28.9230
2007-07-31,MRC,obs,13.0840
2007-08-31,MRC,obs,8.4030
2007-09-30,MRC,obs,5.6270
2007-10-31,MRC,obs,4.8610
2007-11-30,MRC,obs,6.0740
2007-12-31,MRC,obs,7.0330
2008-01-31,MRC,obs,47.7720
2008-02-29,MRC,obs,64.4240
2008-03-31,MRC,obs,56.0050
2008-04-30,MRC,obs,104.4290
2008-05-31,MRC,obs,196.2910
2008-06-30,MRC,obs,93.3300
2008-07-31,MRC,obs,24.6140
2008-08-31,MRC,obs,7.3200
2008-09-30,MRC,obs,4.4100
2008-10-31,MRC,obs,3.2180
2008-11-30,MRC,obs,21.6730
2008-12-31,MRC,obs,13.3490
2009-01-31,MRC,obs,49.9740
2009-02-28,MRC,obs,61.4910
2009-03-31,MRC,obs,104.7570
2009-04-30,MRC,obs,148.5710
2009-05-31,MRC,obs,288.4320
2009-06-30,MRC,obs,95.8730
2009-07-31,MRC,obs,32.0510
2009-08-31,MRC,obs,11.6560
2009-09-30,MRC,obs,5.5260
2009-10-31,MRC,obs,27.4940
2009-11-30,MRC,obs,8.4140
2009-12-31,MRC,obs,23.6200
2010-01-31,MRC,obs,56.7700
2010-02-28,MRC,obs,69.1300
2010-03-31,MRC,obs,90.6870
2010-04-30,MRC,obs,137.0590
2010-05-31,MRC,obs,220.9600
2010-06-30,MRC,obs,330.5730
2010-07-31,MRC,obs,77.3320
2010-08-31,MRC,obs,17.0100
2010-09-30,MRC,obs,7.7120
2010-10-31,MRC,obs,36.7400
2010-11-30,MRC,obs,35.6210
2010-12-31,MRC,obs,181.4290
2011-01-31,MRC,obs,104.9570
2011-02-28,MRC,obs,105.3590
2011-03-31,MRC,obs,263.0420
2011-04-30,MRC,obs,217.0030
2011-05-31,MRC,obs,305.1870
2011-06-30,MRC,obs,414.6090
2011-07-31,MRC,obs,196.6970
2011-08-31,MRC,obs,48.3690
2011-09-30,MRC,obs,17.5680
2011-10-31,MRC,obs,21.1440
2011-11-30,MRC,obs,9.3920
2011-12-31,MRC,obs,6.5400
2012-01-31,MRC,obs,20.1120
2012-02-29,MRC,obs,16.4750
2012-03-31,MRC,obs,44.1930
2012-04-30,MRC,obs,149.3640
2012-05-31,MRC,obs,117.2130
2012-06-30,MRC,obs,26.3520
2012-07-31,MRC,obs,7.9470
2012-08-31,MRC,obs,4.5050
2012-09-30,MRC,obs,3.2600
2012-10-31,MRC,obs,1.9410
2012-11-30,MRC,obs,9.1240
2012-12-31,MRC,obs,81.0480
2013-01-31,MRC,obs,31.5520
2013-02-28,MRC,obs,24.8390
2013-03-31,MRC,obs,58.8230
2013-04-30,MRC,obs,122.8350
2013-05-31,MRC,obs,102.1610
2013-06-30,MRC,obs,33.2560
2013-07-31,MRC,obs,8.9420
2013-08-31,MRC,obs,3.2750
2013-09-30,MRC,obs,1.2700
2013-10-31,MRC,obs,2.2310
2013-11-30,MRC,obs,2.8640
2013-12-31,MRC,obs,3.1980
2014-01-31,MRC,obs,2.6500
2014-02-28,MRC,obs,12.9890
2014-03-31,MRC,obs,33.5660
2014-04-30,MRC,obs,75.0230
2014-05-31,MRC,obs,73.5250
2014-06-30,MRC,obs,22.2870
2014-07-31,MRC,obs,9.9750
2014-08-31,MRC,obs,5.1070
2014-09-30,MRC,obs,1.7230
2014-10-31,MRC,obs,0.7090
2014-11-30,MRC,obs,1.9590
2014-12-31,MRC,obs,11.4300
2015-01-31,MRC,obs,6.5930
2015-02-28,MRC,obs,33.2720
2015-03-31,MRC,obs,20.3610
2015-04-30,MRC,obs,29.6780
2015-05-31,MRC,obs,42.6660
2015-06-30,MRC,obs,20.5940
2015-07-31,MRC,obs,11.6890
2015-08-31,MRC,obs,3.1480
2015-09-30,MRC,obs,2.4100
2015-10-31,MRC,obs,2.7890
2015-11-30,MRC,obs,14.0080
2015-12-31,MRC,obs,38.2080
2016-01-31,MRC,obs,68.0310
2016-02-29,MRC,obs,58.7350
2016-03-31,MRC,obs,170.0110
2016-04-30,MRC,obs,173.9340
2016-05-31,MRC,obs,183.6420
2016-06-30,MRC,obs,113.7620
2016-07-31,MRC,obs,23.2690
2016-08-31,MRC,obs,7.7930
2016-09-30,MRC,obs,3.8070
2016-10-31,MRC,obs,34.9180
2016-11-30,MRC,obs,25.6260
2016-12-31,MRC,obs,80.5880
2017-01-31,MRC,obs,370.6650
2017-02-28,MRC,obs,487.6630
2017-03-31,MRC,obs,222.5540
2017-04-30,MRC,obs,274.8250
2017-05-31,MRC,obs,465.0560
2017-06-30,MRC,obs,378.5520
2017-07-31,MRC,obs,114.4130
2017-08-31,MRC,obs,31.8130
2017-09-30,MRC,obs,16.5040
2017-10-31,MRC,obs,10.1110
2017-11-30,MRC,obs,22.0570
2017-12-31,MRC,obs,12.4890
2018-01-31,MRC,obs,28.1300
2018-02-28,MRC,obs,15.6330
2018-03-31,MRC,obs,185.2170
2018-04-30,MRC,obs,248.9600
2018-05-31,MRC,obs,134.8240
2018-06-30,MRC,obs,53.1270
2018-07-31,MRC,obs,22.5450
2018-08-31,MRC,obs,11.9230
2018-09-30,MRC,obs,7.9480
1990-10-31,MIL,obs,7.7140
1990-11-30,MIL,obs,5.6650
1990-12-31,MIL,obs,8.5800
1991-01-31,MIL,obs,9.9040
1991-02-28,MIL,obs,11.3240
1991-03-31,MIL,obs,117.5140
1991-04-30,MIL,obs,135.4190
1991-05-31,MIL,obs,277.4080
1991-06-30,MIL,obs,321.1050
1991-07-31,MIL,obs,102.0000
1991-08-31,MIL,obs,24.4600
1991-09-30,MIL,obs,13.0000
1991-10-31,MIL,obs,12.3470
1991-11-30,MIL,obs,19.2440
1991-12-31,MIL,obs,17.6550
1992-01-31,MIL,obs,20.9700
1992-02-29,MIL,obs,67.5340
1992-03-31,MIL,obs,76.8100
1992-04-30,MIL,obs,208.8780
1992-05-31,MIL,obs,237.7880
1992-06-30,MIL,obs,75.5750
1992-07-31,MIL,obs,46.2060
1992-08-31,MIL,obs,16.9650
1992-09-30,MIL,obs,8.5500
1992-10-31,MIL,obs,12.9200
1992-11-30,MIL,obs,16.6200
1992-12-31,MIL,obs,31.7040
1993-01-31,MIL,obs,189.3110
1993-02-28,MIL,obs,124.3600
1993-03-31,MIL,obs,242.5340
1993-04-30,MIL,obs,330.3860
1993-05-31,MIL,obs,700.6300
1993-06-30,MIL,obs,599.1000
1993-07-31,MIL,obs,316.6310
1993-08-31,MIL,obs,82.4300
1993-09-30,MIL,obs,26.2400
1993-10-31,MIL,obs,19.3950
1993-11-30,MIL,obs,17.0900
1993-12-31,MIL,obs,21.1760
1994-01-31,MIL,obs,23.2090
1994-02-28,MIL,obs,41.8900
1994-03-31,MIL,obs,75.4340
1994-04-30,MIL,obs,149.6900
1994-05-31,MIL,obs,257.8430
1994-06-30,MIL,obs,159.0050
1994-07-31,MIL,obs,35.7000
1994-08-31,MIL,obs,14.4660
1994-09-30,MIL,obs,11.5500
1994-10-31,MIL,obs,42.9150
1994-11-30,MIL,obs,44.6200
1994-12-31,MIL,obs,48.1200
1995-01-31,MIL,obs,213.1000
1995-02-28,MIL,obs,121.5900
1995-03-31,MIL,obs,485.4600
1995-04-30,MIL,obs,349.9930
1995-05-31,MIL,obs,633.8120
1995-06-30,MIL,obs,880.9420
1995-07-31,MIL,obs,751.7000
1995-08-31,MIL,obs,239.1900
1995-09-30,MIL,obs,66.2500
1995-10-31,MIL,obs,23.6970
1995-11-30,MIL,obs,15.0700
1995-12-31,MIL,obs,50.1920
1996-01-31,MIL,obs,70.2400
1996-02-29,MIL,obs,229.4810
1996-03-31,MIL,obs,222.1640
1996-04-30,MIL,obs,333.3730
1996-05-31,MIL,obs,588.6000
1996-06-30,MIL,obs,412.0030
1996-07-31,MIL,obs,184.0850
1996-08-31,MIL,obs,55.4130
1996-09-30,MIL,obs,18.4540
1996-10-31,MIL,obs,17.9100
1996-11-30,MIL,obs,99.4000
1996-12-31,MIL,obs,212.5420
1997-01-31,MIL,obs,734.9960
1997-02-28,MIL,obs,180.9130
1997-03-31,MIL,obs,218.7700
1997-04-30,MIL,obs,302.4560
1997-05-31,MIL,obs,539.3160
1997-06-30,MIL,obs,279.6830
1997-07-31,MIL,obs,129.7030
1997-08-31,MIL,obs,44.3600
1997-09-30,MIL,obs,21.4790
1997-10-31,MIL,obs,17.9270
1997-11-30,MIL,obs,24.4850
1997-12-31,MIL,obs,35.6650
1998-01-31,MIL,obs,101.5500
1998-02-28,MIL,obs,210.4100
1998-03-31,MIL,obs,232.0830
1998-04-30,MIL,obs,288.0750
1998-05-31,MIL,obs,445.6750
1998-06-30,MIL,obs,886.3110
1998-07-31,MIL,obs,686.3820
1998-08-31,MIL,obs,159.1300
1998-09-30,MIL,obs,72.1480
1998-10-31,MIL,obs,35.7030
1998-11-30,MIL,obs,38.5510
1998-12-31,MIL,obs,49.9540
1999-01-31,MIL,obs,69.1450
1999-02-28,MIL,obs,111.3300
1999-03-31,MIL,obs,102.2000
1999-04-30,MIL,obs,182.0600
1999-05-31,MIL,obs,446.0220
1999-06-30,MIL,obs,337.2920
1999-07-31,MIL,obs,105.0800
1999-08-31,MIL,obs,32.3710
1999-09-30,MIL,obs,17.3420
1999-10-31,MIL,obs,11.7170
1999-11-30,MIL,obs,12.2420
1999-12-31,MIL,obs,15.7230
2000-01-31,MIL,obs,79.9390
2000-02-29,MIL,obs,154.7530
2000-03-31,MIL,obs,164.4000
2000-04-30,MIL,obs,279.6200
2000-05-31,MIL,obs,529.8170
2000-06-30,MIL,obs,350.8340
2000-07-31,MIL,obs,90.8480
2000-08-31,MIL,obs,37.2300
2000-09-30,MIL,obs,14.8170
2000-10-31,MIL,obs,19.5320
2000-11-30,MIL,obs,17.1970
2000-12-31,MIL,obs,15.5070
2001-01-31,MIL,obs,26.2620
2001-02-28,MIL,obs,41.9070
2001-03-31,MIL,obs,126.4040
2001-04-30,MIL,obs,187.9450
2001-05-31,MIL,obs,444.9130
2001-06-30,MIL,obs,114.6090
2001-07-31,MIL,obs,47.3760
2001-08-31,MIL,obs,13.3110
2001-09-30,MIL,obs,10.1850
2001-10-31,MIL,obs,9.5570
2001-11-30,MIL,obs,21.7830
2001-12-31,MIL,obs,58.3010
2002-01-31,MIL,obs,63.6940
2002-02-28,MIL,obs,56.6840
2002-03-31,MIL,obs,94.4380
2002-04-30,MIL,obs,246.6030
2002-05-31,MIL,obs,322.8300
2002-06-30,MIL,obs,223.2090
2002-07-31,MIL,obs,53.3940
2002-08-31,MIL,obs,12.8950
2002-09-30,MIL,obs,7.5410
2002-10-31,MIL,obs,7.0730
2002-11-30,MIL,obs,62.3370
2002-12-31,MIL,obs,45.1920
2003-01-31,MIL,obs,61.9740
2003-02-28,MIL,obs,60.2050
2003-03-31,MIL,obs,109.3860
2003-04-30,MIL,obs,157.7850
2003-05-31,MIL,obs,435.8210
2003-06-30,MIL,obs,374.9650
2003-07-31,MIL,obs,89.2970
2003-08-31,MIL,obs,34.3940
2003-09-30,MIL,obs,11.5200
2003-10-31,MIL,obs,8.2200
2003-11-30,MIL,obs,13.5020
2003-12-31,MIL,obs,44.4780
2004-01-31,MIL,obs,48.0150
2004-02-29,MIL,obs,69.0970
2004-03-31,MIL,obs,192.0480
2004-04-30,MIL,obs,222.8700
2004-05-31,MIL,obs,284.2750
2004-06-30,MIL,obs,172.9770
2004-07-31,MIL,obs,55.3540
2004-08-31,MIL,obs,12.7800
2004-09-30,MIL,obs,7.1190
2004-10-31,MIL,obs,36.0500
2004-11-30,MIL,obs,40.9810
2004-12-31,MIL,obs,57.7420
2005-01-31,MIL,obs,165.1000
2005-02-28,MIL,obs,133.1520
2005-03-31,MIL,obs,225.6430
2005-04-30,MIL,obs,257.2300
2005-05-31,MIL,obs,817.9900
2005-06-30,MIL,obs,662.3240
2005-07-31,MIL,obs,343.2470
2005-08-31,MIL,obs,72.9080
2005-09-30,MIL,obs,17.4650
2005-10-31,MIL,obs,18.0040
2005-11-30,MIL,obs,21.9530
2005-12-31,MIL,obs,109.5670
2006-01-31,MIL,obs,163.0850
2006-02-28,MIL,obs,113.4860
2006-03-31,MIL,obs,198.0250
2006-04-30,MIL,obs,497.9930
2006-05-31,MIL,obs,883.8950
2006-06-30,MIL,obs,762.8300
2006-07-31,MIL,obs,325.6370
2006-08-31,MIL,obs,63.6840
2006-09-30,MIL,obs,22.6560
2006-10-31,MIL,obs,20.2630
2006-11-30,MIL,obs,14.4930
2006-12-31,MIL,obs,26.2730
2007-01-31,MIL,obs,24.2720
2007-02-28,MIL,obs,46.8860
2007-03-31,MIL,obs,96.0690
2007-04-30,MIL,obs,137.1810
2007-05-31,MIL,obs,197.1300
2007-06-30,MIL,obs,71.4080
2007-07-31,MIL,obs,25.2920
2007-08-31,MIL,obs,14.3230
2007-09-30,MIL,obs,10.6220
2007-10-31,MIL,obs,9.7010
2007-11-30,MIL,obs,8.8800
2007-12-31,MIL,obs,16.7050
2008-01-31,MIL,obs,58.4660
2008-02-29,MIL,obs,72.3080
2008-03-31,MIL,obs,101.8350
2008-04-30,MIL,obs,176.0260
2008-05-31,MIL,obs,350.6010
2008-06-30,MIL,obs,229.5450
2008-07-31,MIL,obs,68.4090
2008-08-31,MIL,obs,16.2590
2008-09-30,MIL,obs,8.0550
2008-10-31,MIL,obs,10.3340
2008-11-30,MIL,obs,43.3450
2008-12-31,MIL,obs,26.0260
2009-01-31,MIL,obs,74.7030
2009-02-28,MIL,obs,81.5930
2009-03-31,MIL,obs,139.3650
2009-04-30,MIL,obs,231.4030
2009-05-31,MIL,obs,491.7290
2009-06-30,MIL,obs,222.7630
2009-07-31,MIL,obs,96.4200
2009-08-31,MIL,obs,27.6860
2009-09-30,MIL,obs,10.0130
2009-10-31,MIL,obs,53.8600
2009-11-30,MIL,obs,21.8580
2009-12-31,MIL,obs,40.8460
2010-01-31,MIL,obs,71.0730
2010-02-28,MIL,obs,101.1390
2010-03-31,MIL,obs,141.7850
2010-04-30,MIL,obs,221.9580
2010-05-31,MIL,obs,383.4460
2010-06-30,MIL,obs,686.8840
2010-07-31,MIL,obs,242.9390
2010-08-31,MIL,obs,46.9260
2010-09-30,MIL,obs,15.9930
2010-10-31,MIL,obs,59.6140
2010-11-30,MIL,obs,52.9180
2010-12-31,MIL,obs,225.0680
2011-01-31,MIL,obs,152.7890
2011-02-28,MIL,obs,114.3150
2011-03-31,MIL,obs,277.0630
2011-04-30,MIL,obs,392.7250
2011-05-31,MIL,obs,545.1870
2011-06-30,MIL,obs,827.9920
2011-07-31,MIL,obs,477.1610
2011-08-31,MIL,obs,133.0810
2011-09-30,MIL,obs,46.9120
2011-10-31,MIL,obs,47.5920
2011-11-30,MIL,obs,28.8640
2011-12-31,MIL,obs,18.6670
2012-01-31,MIL,obs,39.2650
2012-02-29,MIL,obs,34.9310
2012-03-31,MIL,obs,75.4070
2012-04-30,MIL,obs,209.2770
2012-05-31,MIL,obs,244.4290
2012-06-30,MIL,obs,76.8710
2012-07-31,MIL,obs,28.3400
2012-08-31,MIL,obs,21.7430
2012-09-30,MIL,obs,6.2700
2012-10-31,MIL,obs,10.6160
2012-11-30,MIL,obs,27.6200
2012-12-31,MIL,obs,87.7220
2013-01-31,MIL,obs,51.8860
2013-02-28,MIL,obs,45.2810
2013-03-31,MIL,obs,95.6800
2013-04-30,MIL,obs,189.7950
2013-05-31,MIL,obs,200.4540
2013-06-30,MIL,obs,96.0890
2013-07-31,MIL,obs,32.6150
2013-08-31,MIL,obs,13.4030
2013-09-30,MIL,obs,5.4650
2013-10-31,MIL,obs,9.3720
2013-11-30,MIL,obs,10.0680
2013-12-31,MIL,obs,14.1340
2014-01-31,MIL,obs,11.4530
2014-02-28,MIL,obs,23.1240
2014-03-31,MIL,obs,45.5930
2014-04-30,MIL,obs,111.5740
2014-05-31,MIL,obs,161.1180
2014-06-30,MIL,obs,76.6600
2014-07-31,MIL,obs,26.1330
2014-08-31,MIL,obs,14.8700
2014-09-30,MIL,obs,5.5360
2014-10-31,MIL,obs,3.3050
2014-11-30,MIL,obs,8.6540
2014-12-31,MIL,obs,21.2000
2015-01-31,MIL,obs,14.3110
2015-02-28,MIL,obs,42.4230
2015-03-31,MIL,obs,33.7810
2015-04-30,MIL,obs,39.0550
2015-05-31,MIL,obs,75.9360
2015-06-30,MIL,obs,56.1870
2015-07-31,MIL,obs,21.3400
2015-08-31,MIL,obs,7.9520
2015-09-30,MIL,obs,3.2930
2015-10-31,MIL,obs,10.2050
2015-11-30,MIL,obs,19.6370
2015-12-31,MIL,obs,33.6380
2016-01-31,MIL,obs,62.5730
2016-02-29,MIL,obs,81.0180
2016-03-31,MIL,obs,184.0390
2016-04-30,MIL,obs,231.5890
2016-05-31,MIL,obs,297.8860
2016-06-30,MIL,obs,298.6380
2016-07-31,MIL,obs,64.4420
2016-08-31,MIL,obs,12.3550
2016-09-30,MIL,obs,5.2320
2016-10-31,MIL,obs,66.9870
2016-11-30,MIL,obs,46.3410
2016-12-31,MIL,obs,99.3770
2017-01-31,MIL,obs,487.7010
2017-02-28,MIL,obs,529.3760
2017-03-31,MIL,obs,355.2670
2017-04-30,MIL,obs,515.5950
2017-05-31,MIL,obs,826.8040
2017-06-30,MIL,obs,897.2260
2017-07-31,MIL,obs,401.4640
2017-08-31,MIL,obs,121.2020
2017-09-30,MIL,obs,48.0600
2017-10-31,MIL,obs,22.4200
2017-11-30,MIL,obs,38.4380
2017-12-31,MIL,obs,25.2320
2018-01-31,MIL,obs,44.1900
2018-02-28,MIL,obs,27.3030
2018-03-31,MIL,obs,210.8280
2018-04-30,MIL,obs,380.4330
2018-05-31,MIL,obs,313.8190
2018-06-30,MIL,obs,180.6370
2018-07-31,MIL,obs,72.7960
2018-08-31,MIL,obs,25.4170
2018-09-30,MIL,obs,7.4660
1990-10-31,SHA,dpl,115.7407
1990-11-30,SHA,dpl,115.4929
1990-12-31,SHA,dpl,111.9997
1991-01-31,SHA,dpl,119.6291
1991-02-28,SHA,dpl,150.9525
1991-03-31,SHA,dpl,659.5488
1991-04-30,SHA,dpl,322.9443
1991-05-31,SHA,dpl,303.3302
1991-06-30,SHA,dpl,181.8500
1991-07-31,SHA,dpl,127.9589
1991-08-31,SHA,dpl,92.5172
1991-09-30,SHA,dpl,81.1484
1991-10-31,SHA,dpl,95.7335
1991-11-30,SHA,dpl,115.1456
1991-12-31,SHA,dpl,129.3796
1992-01-31,SHA,dpl,179.7712
1992-02-29,SHA,dpl,696.9250
1992-03-31,SHA,dpl,569.7436
1992-04-30,SHA,dpl,406.4488
1992-05-31,SHA,dpl,246.3471
1992-06-30,SHA,dpl,174.7121
1992-07-31,SHA,dpl,143.1744
1992-08-31,SHA,dpl,97.5057
1992-09-30,SHA,dpl,87.2121
1992-10-31,SHA,dpl,127.9489
1992-11-30,SHA,dpl,152.0121
1992-12-31,SHA,dpl,358.7575
1993-01-31,SHA,dpl,747.7242
1993-02-28,SHA,dpl,811.4901
1993-03-31,SHA,dpl,1372.2072
1993-04-30,SHA,dpl,809.5305
1993-05-31,SHA,dpl,704.9016
1993-06-30,SHA,dpl,612.3059
1993-07-31,SHA,dpl,317.5156
1993-08-31,SHA,dpl,243.0832
1993-09-30,SHA,dpl,204.9330
1993-10-31,SHA,dpl,232.0053
1993-11-30,SHA,dpl,185.0241
1993-12-31,SHA,dpl,359.2023
1994-01-31,SHA,dpl,409.2561
1994-02-28,SHA,dpl,484.7334
1994-03-31,SHA,dpl,380.4266
1994-04-30,SHA,dpl,279.6080
1994-05-31,SHA,dpl,278.7165
1994-06-30,SHA,dpl,163.0525
1994-07-31,SHA,dpl,123.0291
1994-08-31,SHA,dpl,99.7032
1994-09-30,SHA,dpl,97.0547
1994-10-31,SHA,dpl,102.1130
1994-11-30,SHA,dpl,141.4510
1994-12-31,SHA,dpl,255.4329
1995-01-31,SHA,dpl,1782.9698
1995-02-28,SHA,dpl,880.7551
1995-03-31,SHA,dpl,2414.8835
1995-04-30,SHA,dpl,1196.9811
1995-05-31,SHA,dpl,1016.6539
1995-06-30,SHA,dpl,686.0988
1995-07-31,SHA,dpl,508.6881
1995-08-31,SHA,dpl,349.2862
1995-09-30,SHA,dpl,278.0089
1995-10-31,SHA,dpl,264.7868
1995-11-30,SHA,dpl,240.3677
1995-12-31,SHA,dpl,709.3695
1996-01-31,SHA,dpl,765.8774
1996-02-29,SHA,dpl,1768.1232
1996-03-31,SHA,dpl,1097.3897
1996-04-30,SHA,dpl,807.5408
1996-05-31,SHA,dpl,923.4565
1996-06-30,SHA,dpl,499.6372
1996-07-31,SHA,dpl,358.3079
1996-08-31,SHA,dpl,291.1575
1996-09-30,SHA,dpl,264.7161
1996-10-31,SHA,dpl,262.7836
1996-11-30,SHA,dpl,463.2706
1996-12-31,SHA,dpl,1815.1920
1997-01-31,SHA,dpl,2567.8646
1997-02-28,SHA,dpl,873.0550
1997-03-31,SHA,dpl,781.3036
1997-04-30,SHA,dpl,645.9692
1997-05-31,SHA,dpl,532.6343
1997-06-30,SHA,dpl,396.5839
1997-07-31,SHA,dpl,311.7941
1997-08-31,SHA,dpl,277.7342
1997-09-30,SHA,dpl,261.7223
1997-10-31,SHA,dpl,269.2012
1997-11-30,SHA,dpl,509.9282
1997-12-31,SHA,dpl,540.9473
1998-01-31,SHA,dpl,1667.9141
1998-02-28,SHA,dpl,2056.9826
1998-03-31,SHA,dpl,1503.2933
1998-04-30,SHA,dpl,1010.9455
1998-05-31,SHA,dpl,1130.0286
1998-06-30,SHA,dpl,880.8046
1998-07-31,SHA,dpl,566.5473
1998-08-31,SHA,dpl,366.6605
1998-09-30,SHA,dpl,319.5573
1998-10-31,SHA,dpl,299.3240
1998-11-30,SHA,dpl,674.8638
1998-12-31,SHA,dpl,768.2426
1999-01-31,SHA,dpl,845.5988
1999-02-28,SHA,dpl,1235.4803
1999-03-31,SHA,dpl,997.7397
1999-04-30,SHA,dpl,676.4520
1999-05-31,SHA,dpl,563.8444
1999-06-30,SHA,dpl,455.0040
1999-07-31,SHA,dpl,317.9928
1999-08-31,SHA,dpl,257.2756
1999-09-30,SHA,dpl,221.1686
1999-10-31,SHA,dpl,235.8287
1999-11-30,SHA,dpl,299.7023
1999-12-31,SHA,dpl,325.3432
2000-01-31,SHA,dpl,915.5474
2000-02-29,SHA,dpl,1437.8515
2000-03-31,SHA,dpl,995.4984
2000-04-30,SHA,dpl,768.8520
2000-05-31,SHA,dpl,547.8408
2000-06-30,SHA,dpl,387.0625
2000-07-31,SHA,dpl,278.0288
2000-08-31,SHA,dpl,233.9047
2000-09-30,SHA,dpl,231.9336
2000-10-31,SHA,dpl,267.8771
2000-11-30,SHA,dpl,234.6465
2000-12-31,SHA,dpl,299.9346
2001-01-31,SHA,dpl,351.4619
2001-02-28,SHA,dpl,537.5671
2001-03-31,SHA,dpl,527.4524
2001-04-30,SHA,dpl,375.4821
2001-05-31,SHA,dpl,285.4363
2001-06-30,SHA,dpl,185.8434
2001-07-31,SHA,dpl,156.6496
2001-08-31,SHA,dpl,122.1642
2001-09-30,SHA,dpl,122.8122
2001-10-31,SHA,dpl,125.9735
2001-11-30,SHA,dpl,337.3743
2001-12-31,SHA,dpl,777.6562
2002-01-31,SHA,dpl,1792.1473
2002-02-28,SHA,dpl,833.7767
2002-03-31,SHA,dpl,675.5109
2002-04-30,SHA,dpl,489.1127
2002-05-31,SHA,dpl,387.4629
2002-06-30,SHA,dpl,262.4438
2002-07-31,SHA,dpl,184.3020
2002-08-31,SHA,dpl,146.9777
2002-09-30,SHA,dpl,134.8037
2002-10-31,SHA,dpl,136.3303
2002-11-30,SHA,dpl,193.8841
2002-12-31,SHA,dpl,993.0061
2003-01-31,SHA,dpl,1114.4669
2003-02-28,SHA,dpl,563.9040
2003-03-31,SHA,dpl,823.8463
2003-04-30,SHA,dpl,818.0328
2003-05-31,SHA,dpl,653.6989
2003-06-30,SHA,dpl,397.6129
2003-07-31,SHA,dpl,264.7783
2003-08-31,SHA,dpl,237.7719
2003-09-30,SHA,dpl,188.4809
2003-10-31,SHA,dpl,176.9302
2003-11-30,SHA,dpl,242.6384
2003-12-31,SHA,dpl,770.1106
2004-01-31,SHA,dpl,798.7523
2004-02-29,SHA,dpl,1438.4799
2004-03-31,SHA,dpl,826.2769
2004-04-30,SHA,dpl,580.9865
2004-05-31,SHA,dpl,493.4777
2004-06-30,SHA,dpl,329.1913
2004-07-31,SHA,dpl,236.8851
2004-08-31,SHA,dpl,202.4475
2004-09-30,SHA,dpl,178.7675
2004-10-31,SHA,dpl,252.5556
2004-11-30,SHA,dpl,248.4172
2004-12-31,SHA,dpl,583.4738
2005-01-31,SHA,dpl,685.3358
2005-02-28,SHA,dpl,530.5325
2005-03-31,SHA,dpl,784.3574
2005-04-30,SHA,dpl,540.7338
2005-05-31,SHA,dpl,905.0452
2005-06-30,SHA,dpl,397.3400
2005-07-31,SHA,dpl,275.9895
2005-08-31,SHA,dpl,219.3344
2005-09-30,SHA,dpl,190.4645
2005-10-31,SHA,dpl,191.6417
2005-11-30,SHA,dpl,340.9692
2005-12-31,SHA,dpl,1292.7792
2006-01-31,SHA,dpl,1549.5612
2006-02-28,SHA,dpl,1020.3866
2006-03-31,SHA,dpl,1548.5977
2006-04-30,SHA,dpl,1623.3030
2006-05-31,SHA,dpl,954.3426
2006-06-30,SHA,dpl,648.2999
2006-07-31,SHA,dpl,417.3227
2006-08-31,SHA,dpl,325.5814
2006-09-30,SHA,dpl,279.9256
2006-10-31,SHA,dpl,273.9494
2006-11-30,SHA,dpl,302.2357
2006-12-31,SHA,dpl,599.6116
2007-01-31,SHA,dpl,419.0803
2007-02-28,SHA,dpl,711.9093
2007-03-31,SHA,dpl,585.5701
2007-04-30,SHA,dpl,378.4637
2007-05-31,SHA,dpl,306.5965
2007-06-30,SHA,dpl,211.7949
2007-07-31,SHA,dpl,180.9566
2007-08-31,SHA,dpl,148.8006
2007-09-30,SHA,dpl,146.4088
2007-10-31,SHA,dpl,184.7701
2007-11-30,SHA,dpl,162.1386
2007-12-31,SHA,dpl,296.4024
2008-01-31,SHA,dpl,579.9409
2008-02-29,SHA,dpl,690.2841
2008-03-31,SHA,dpl,474.7092
2008-04-30,SHA,dpl,348.6281
2008-05-31,SHA,dpl,384.0374
2008-06-30,SHA,dpl,231.1557
2008-07-31,SHA,dpl,158.7826
2008-08-31,SHA,dpl,131.7910
2008-09-30,SHA,dpl,120.5141
2008-10-31,SHA,dpl,140.8897
2008-11-30,SHA,dpl,224.4957
2008-12-31,SHA,dpl,184.2215
2009-01-31,SHA,dpl,288.6440
2009-02-28,SHA,dpl,686.4431
2009-03-31,SHA,dpl,872.4689
2009-04-30,SHA,dpl,393.1040
2009-05-31,SHA,dpl,501.6085
2009-06-30,SHA,dpl,265.1957
2009-07-31,SHA,dpl,183.5739
2009-08-31,SHA,dpl,147.4965
2009-09-30,SHA,dpl,127.6988
2009-10-31,SHA,dpl,175.9571
2009-11-30,SHA,dpl,166.6641
2009-12-31,SHA,dpl,263.9810
2010-01-31,SHA,dpl,801.0116
2010-02-28,SHA,dpl,848.2955
2010-03-31,SHA,dpl,657.7941
2010-04-30,SHA,dpl,692.4686
2010-05-31,SHA,dpl,444.6387
2010-06-30,SHA,dpl,403.7147
2010-07-31,SHA,dpl,250.2448
2010-08-31,SHA,dpl,184.1015
2010-09-30,SHA,dpl,166.2113
2010-10-31,SHA,dpl,206.1117
2010-11-30,SHA,dpl,274.9151
2010-12-31,SHA,dpl,855.0836
2011-01-31,SHA,dpl,520.6600
2011-02-28,SHA,dpl,565.5633
2011-03-31,SHA,dpl,1400.1240
2011-04-30,SHA,dpl,784.8322
2011-05-31,SHA,dpl,624.6801
2011-06-30,SHA,dpl,575.1686
2011-07-31,SHA,dpl,373.7006
2011-08-31,SHA,dpl,238.7374
2011-09-30,SHA,dpl,204.8211
2011-10-31,SHA,dpl,216.4689
2011-11-30,SHA,dpl,203.2454
2011-12-31,SHA,dpl,176.4591
2012-01-31,SHA,dpl,298.4577
2012-02-29,SHA,dpl,262.7986
2012-03-31,SHA,dpl,792.4493
2012-04-30,SHA,dpl,722.7561
2012-05-31,SHA,dpl,423.8809
2012-06-30,SHA,dpl,275.5208
2012-07-31,SHA,dpl,195.8809
2012-08-31,SHA,dpl,156.2208
2012-09-30,SHA,dpl,132.6438
2012-10-31,SHA,dpl,149.8470
2012-11-30,SHA,dpl,294.5644
2012-12-31,SHA,dpl,939.4541
2013-01-31,SHA,dpl,568.2508
2013-02-28,SHA,dpl,412.7344
2013-03-31,SHA,dpl,474.6086
2013-04-30,SHA,dpl,418.7138
2013-05-31,SHA,dpl,303.4522
2013-06-30,SHA,dpl,198.9033
2013-07-31,SHA,dpl,156.0844
2013-08-31,SHA,dpl,124.8456
2013-09-30,SHA,dpl,125.1640
2013-10-31,SHA,dpl,125.9476
2013-11-30,SHA,dpl,121.1138
2013-12-31,SHA,dpl,113.2231
2014-01-31,SHA,dpl,104.1139
2014-02-28,SHA,dpl,292.3729
2014-03-31,SHA,dpl,642.3275
2014-04-30,SHA,dpl,366.9058
2014-05-31,SHA,dpl,218.3837
2014-06-30,SHA,dpl,137.8733
2014-07-31,SHA,dpl,101.3063
2014-08-31,SHA,dpl,94.7947
2014-09-30,SHA,dpl,97.2855
2014-10-31,SHA,dpl,128.3270
2014-11-30,SHA,dpl,179.6956
2014-12-31,SHA,dpl,1071.1945
2015-01-31,SHA,dpl,396.8767
2015-02-28,SHA,dpl,927.6659
2015-03-31,SHA,dpl,388.5216
2015-04-30,SHA,dpl,285.3168
2015-05-31,SHA,dpl,256.0198
2015-06-30,SHA,dpl,170.9174
2015-07-31,SHA,dpl,147.8940
2015-08-31,SHA,dpl,109.3141
2015-09-30,SHA,dpl,109.5864
2015-10-31,SHA,dpl,116.5948
2015-11-30,SHA,dpl,126.4734
2015-12-31,SHA,dpl,396.7435
2016-01-31,SHA,dpl,1159.5808
2016-02-29,SHA,dpl,786.8542
2016-03-31,SHA,dpl,1581.1397
2016-04-30,SHA,dpl,644.5620
2016-05-31,SHA,dpl,539.1962
2016-06-30,SHA,dpl,372.1791
2016-07-31,SHA,dpl,259.8538
2016-08-31,SHA,dpl,206.9860
2016-09-30,SHA,dpl,181.5914
2016-10-31,SHA,dpl,387.0675
2016-11-30,SHA,dpl,568.8505
2016-12-31,SHA,dpl,844.7112
2017-01-31,SHA,dpl,1267.3433
2017-02-28,SHA,dpl,2194.4178
2017-03-31,SHA,dpl,1458.4732
2017-04-30,SHA,dpl,1337.9029
2017-05-31,SHA,dpl,802.8854
2017-06-30,SHA,dpl,579.7567
2017-07-31,SHA,dpl,382.3895
2017-08-31,SHA,dpl,309.9255
2017-09-30,SHA,dpl,270.2032
2017-10-31,SHA,dpl,261.8395
2017-11-30,SHA,dpl,465.6284
2017-12-31,SHA,dpl,317.5722
2018-01-31,SHA,dpl,553.2051
2018-02-28,SHA,dpl,316.4195
2018-03-31,SHA,dpl,700.6337
2018-04-30,SHA,dpl,620.5736
2018-05-31,SHA,dpl,402.2732
2018-06-30,SHA,dpl,245.8716
2018-07-31,SHA,dpl,180.4442
2018-08-31,SHA,dpl,158.4812
2018-09-30,SHA,dpl,147.9548
1990-10-31,CLE,dpl,9.0384
1990-11-30,CLE,dpl,10.4113
1990-12-31,CLE,dpl,13.9631
1991-01-31,CLE,dpl,22.4897
1991-02-28,CLE,dpl,85.3320
1991-03-31,CLE,dpl,151.9383
1991-04-30,CLE,dpl,119.6026
1991-05-31,CLE,dpl,101.9753
1991-06-30,CLE,dpl,34.2171
1991-07-31,CLE,dpl,14.5716
1991-08-31,CLE,dpl,7.2014
1991-09-30,CLE,dpl,4.5178
1991-10-31,CLE,dpl,7.2494
1991-11-30,CLE,dpl,19.1717
1991-12-31,CLE,dpl,47.1147
1992-01-31,CLE,dpl,78.8979
1992-02-29,CLE,dpl,258.4233
1992-03-31,CLE,dpl,230.9161
1992-04-30,CLE,dpl,163.2264
1992-05-31,CLE,dpl,68.6992
1992-06-30,CLE,dpl,38.8223
1992-07-31,CLE,dpl,28.4786
1992-08-31,CLE,dpl,11.0143
1992-09-30,CLE,dpl,7.7183
1992-10-31,CLE,dpl,17.8161
1992-11-30,CLE,dpl,30.5345
1992-12-31,CLE,dpl,33.9814
1993-01-31,CLE,dpl,33.7378
1993-02-28,CLE,dpl,94.8026
1993-03-31,CLE,dpl,351.4380
1993-04-30,CLE,dpl,311.7672
1993-05-31,CLE,dpl,392.9694
1993-06-30,CLE,dpl,264.3182
1993-07-31,CLE,dpl,72.3301
1993-08-31,CLE,dpl,39.0598
1993-09-30,CLE,dpl,23.4901
1993-10-31,CLE,dpl,22.5396
1993-11-30,CLE,dpl,16.0211
1993-12-31,CLE,dpl,58.6665
1994-01-31,CLE,dpl,122.2455
1994-02-28,CLE,dpl,99.3932
1994-03-31,CLE,dpl,121.4665
1994-04-30,CLE,dpl,60.1169
1994-05-31,CLE,dpl,41.9552
1994-06-30,CLE,dpl,15.0242
1994-07-31,CLE,dpl,6.3599
1994-08-31,CLE,dpl,3.7874
1994-09-30,CLE,dpl,3.8289
1994-10-31,CLE,dpl,3.5822
1994-11-30,CLE,dpl,5.4115
1994-12-31,CLE,dpl,9.7375
1995-01-31,CLE,dpl,275.1419
1995-02-28,CLE,dpl,239.1822
1995-03-31,CLE,dpl,593.6431
1995-04-30,CLE,dpl,376.7326
1995-05-31,CLE,dpl,352.0552
1995-06-30,CLE,dpl,288.2963
1995-07-31,CLE,dpl,91.7412
1995-08-31,CLE,dpl,39.7374
1995-09-30,CLE,dpl,24.2661
1995-10-31,CLE,dpl,18.6145
1995-11-30,CLE,dpl,15.1809
1995-12-31,CLE,dpl,156.3006
1996-01-31,CLE,dpl,179.8549
1996-02-29,CLE,dpl,297.2002
1996-03-31,CLE,dpl,262.6245
1996-04-30,CLE,dpl,269.2833
1996-05-31,CLE,dpl,256.9326
1996-06-30,CLE,dpl,87.9589
1996-07-31,CLE,dpl,41.0190
1996-08-31,CLE,dpl,21.4759
1996-09-30,CLE,dpl,15.8803
1996-10-31,CLE,dpl,17.6873
1996-11-30,CLE,dpl,83.1708
1996-12-31,CLE,dpl,447.8849
1997-01-31,CLE,dpl,499.0431
1997-02-28,CLE,dpl,174.7984
1997-03-31,CLE,dpl,171.6736
1997-04-30,CLE,dpl,135.6408
1997-05-31,CLE,dpl,67.0174
1997-06-30,CLE,dpl,34.9546
1997-07-31,CLE,dpl,19.4636
1997-08-31,CLE,dpl,11.9915
1997-09-30,CLE,dpl,9.8722
1997-10-31,CLE,dpl,18.8047
1997-11-30,CLE,dpl,63.3320
1997-12-31,CLE,dpl,108.5992
1998-01-31,CLE,dpl,304.6740
1998-02-28,CLE,dpl,278.7495
1998-03-31,CLE,dpl,431.7690
1998-04-30,CLE,dpl,303.4557
1998-05-31,CLE,dpl,364.2923
1998-06-30,CLE,dpl,402.7575
1998-07-31,CLE,dpl,161.1387
1998-08-31,CLE,dpl,51.5988
1998-09-30,CLE,dpl,32.3647
1998-10-31,CLE,dpl,28.6699
1998-11-30,CLE,dpl,119.5375
1998-12-31,CLE,dpl,153.3441
1999-01-31,CLE,dpl,199.0975
1999-02-28,CLE,dpl,165.1908
1999-03-31,CLE,dpl,179.0452
1999-04-30,CLE,dpl,173.3896
1999-05-31,CLE,dpl,218.3999
1999-06-30,CLE,dpl,125.5568
1999-07-31,CLE,dpl,36.0237
1999-08-31,CLE,dpl,19.0270
1999-09-30,CLE,dpl,12.1897
1999-10-31,CLE,dpl,14.8563
1999-11-30,CLE,dpl,50.0631
1999-12-31,CLE,dpl,72.4326
2000-01-31,CLE,dpl,176.6608
2000-02-29,CLE,dpl,250.6870
2000-03-31,CLE,dpl,203.8755
2000-04-30,CLE,dpl,326.0718
2000-05-31,CLE,dpl,224.8487
2000-06-30,CLE,dpl,95.9748
2000-07-31,CLE,dpl,36.5206
2000-08-31,CLE,dpl,19.6186
2000-09-30,CLE,dpl,14.8760
2000-10-31,CLE,dpl,19.2789
2000-11-30,CLE,dpl,19.2561
2000-12-31,CLE,dpl,34.5290
2001-01-31,CLE,dpl,40.0877
2001-02-28,CLE,dpl,64.5523
2001-03-31,CLE,dpl,143.0006
2001-04-30,CLE,dpl,121.5865
2001-05-31,CLE,dpl,91.5807
2001-06-30,CLE,dpl,28.0847
2001-07-31,CLE,dpl,13.6706
2001-08-31,CLE,dpl,6.5295
2001-09-30,CLE,dpl,7.7787
2001-10-31,CLE,dpl,7.9345
2001-11-30,CLE,dpl,60.5094
2001-12-31,CLE,dpl,71.8422
2002-01-31,CLE,dpl,270.7044
2002-02-28,CLE,dpl,199.5842
2002-03-31,CLE,dpl,218.8364
2002-04-30,CLE,dpl,234.2980
2002-05-31,CLE,dpl,156.8975
2002-06-30,CLE,dpl,54.7984
2002-07-31,CLE,dpl,24.2969
2002-08-31,CLE,dpl,13.3718
2002-09-30,CLE,dpl,9.6595
2002-10-31,CLE,dpl,8.2573
2002-11-30,CLE,dpl,35.6975
2002-12-31,CLE,dpl,202.3337
2003-01-31,CLE,dpl,331.4928
2003-02-28,CLE,dpl,173.1745
2003-03-31,CLE,dpl,252.6261
2003-04-30,CLE,dpl,226.1360
2003-05-31,CLE,dpl,255.7692
2003-06-30,CLE,dpl,140.7865
2003-07-31,CLE,dpl,42.7892
2003-08-31,CLE,dpl,29.8068
2003-09-30,CLE,dpl,17.7023
2003-10-31,CLE,dpl,13.1745
2003-11-30,CLE,dpl,28.9925
2003-12-31,CLE,dpl,134.3327
2004-01-31,CLE,dpl,120.2971
2004-02-29,CLE,dpl,293.1437
2004-03-31,CLE,dpl,265.8065
2004-04-30,CLE,dpl,221.4167
2004-05-31,CLE,dpl,177.2001
2004-06-30,CLE,dpl,64.6617
2004-07-31,CLE,dpl,24.9383
2004-08-31,CLE,dpl,14.6240
2004-09-30,CLE,dpl,10.4133
2004-10-31,CLE,dpl,28.9099
2004-11-30,CLE,dpl,30.8476
2004-12-31,CLE,dpl,125.4715
2005-01-31,CLE,dpl,146.2352
2005-02-28,CLE,dpl,163.7501
2005-03-31,CLE,dpl,251.2669
2005-04-30,CLE,dpl,170.4225
2005-05-31,CLE,dpl,256.1867
2005-06-30,CLE,dpl,104.3815
2005-07-31,CLE,dpl,42.4997
2005-08-31,CLE,dpl,20.1780
2005-09-30,CLE,dpl,12.9197
2005-10-31,CLE,dpl,12.1618
2005-11-30,CLE,dpl,39.1529
2005-12-31,CLE,dpl,391.7597
2006-01-31,CLE,dpl,351.4827
2006-02-28,CLE,dpl,271.7182
2006-03-31,CLE,dpl,240.6253
2006-04-30,CLE,dpl,302.7733
2006-05-31,CLE,dpl,411.7768
2006-06-30,CLE,dpl,193.5332
2006-07-31,CLE,dpl,59.9049
2006-08-31,CLE,dpl,32.5688
2006-09-30,CLE,dpl,20.4308
2006-10-31,CLE,dpl,17.1391
2006-11-30,CLE,dpl,22.4594
2006-12-31,CLE,dpl,146.8763
2007-01-31,CLE,dpl,99.3071
2007-02-28,CLE,dpl,144.0463
2007-03-31,CLE,dpl,163.5646
2007-04-30,CLE,dpl,95.6649
2007-05-31,CLE,dpl,48.5091
2007-06-30,CLE,dpl,18.1089
2007-07-31,CLE,dpl,9.4729
2007-08-31,CLE,dpl,5.2927
2007-09-30,CLE,dpl,4.5666
2007-10-31,CLE,dpl,25.6658
2007-11-30,CLE,dpl,17.4645
2007-12-31,CLE,dpl,49.0952
2008-01-31,CLE,dpl,64.5637
2008-02-29,CLE,dpl,105.5845
2008-03-31,CLE,dpl,114.7407
2008-04-30,CLE,dpl,118.5876
2008-05-31,CLE,dpl,176.8478
2008-06-30,CLE,dpl,52.0415
2008-07-31,CLE,dpl,19.5159
2008-08-31,CLE,dpl,10.3106
2008-09-30,CLE,dpl,7.0733
2008-10-31,CLE,dpl,12.4311
2008-11-30,CLE,dpl,42.2185
2008-12-31,CLE,dpl,15.3881
2009-01-31,CLE,dpl,51.6189
2009-02-28,CLE,dpl,106.5147
2009-03-31,CLE,dpl,242.2301
2009-04-30,CLE,dpl,112.9293
2009-05-31,CLE,dpl,125.7278
2009-06-30,CLE,dpl,57.9755
2009-07-31,CLE,dpl,20.6920
2009-08-31,CLE,dpl,10.8348
2009-09-30,CLE,dpl,6.9850
2009-10-31,CLE,dpl,19.6693
2009-11-30,CLE,dpl,16.9584
2009-12-31,CLE,dpl,52.3715
2010-01-31,CLE,dpl,175.5395
2010-02-28,CLE,dpl,185.2428
2010-03-31,CLE,dpl,181.3723
2010-04-30,CLE,dpl,223.5414
2010-05-31,CLE,dpl,210.1656
2010-06-30,CLE,dpl,223.2960
2010-07-31,CLE,dpl,62.2726
2010-08-31,CLE,dpl,27.1493
2010-09-30,CLE,dpl,19.1966
2010-10-31,CLE,dpl,56.7039
2010-11-30,CLE,dpl,69.6356
2010-12-31,CLE,dpl,164.2329
2011-01-31,CLE,dpl,125.9240
2011-02-28,CLE,dpl,123.6472
2011-03-31,CLE,dpl,224.1701
2011-04-30,CLE,dpl,207.6623
2011-05-31,CLE,dpl,236.0067
2011-06-30,CLE,dpl,246.2502
2011-07-31,CLE,dpl,84.5971
2011-08-31,CLE,dpl,32.1674
2011-09-30,CLE,dpl,19.3033
2011-10-31,CLE,dpl,35.4841
2011-11-30,CLE,dpl,23.3919
2011-12-31,CLE,dpl,20.6795
2012-01-31,CLE,dpl,64.0031
2012-02-29,CLE,dpl,75.6088
2012-03-31,CLE,dpl,162.8364
2012-04-30,CLE,dpl,259.0151
2012-05-31,CLE,dpl,198.5030
2012-06-30,CLE,dpl,62.1130
2012-07-31,CLE,dpl,28.5789
2012-08-31,CLE,dpl,14.2348
2012-09-30,CLE,dpl,9.2553
2012-10-31,CLE,dpl,10.4738
2012-11-30,CLE,dpl,56.9705
2012-12-31,CLE,dpl,229.6422
2013-01-31,CLE,dpl,90.0892
2013-02-28,CLE,dpl,89.3524
2013-03-31,CLE,dpl,179.7132
2013-04-30,CLE,dpl,182.9192
2013-05-31,CLE,dpl,68.7411
2013-06-30,CLE,dpl,28.8725
2013-07-31,CLE,dpl,15.4282
2013-08-31,CLE,dpl,8.3156
2013-09-30,CLE,dpl,9.4458
2013-10-31,CLE,dpl,8.6959
2013-11-30,CLE,dpl,8.1592
2013-12-31,CLE,dpl,6.8810
2014-01-31,CLE,dpl,7.9749
2014-02-28,CLE,dpl,74.6213
2014-03-31,CLE,dpl,203.8659
2014-04-30,CLE,dpl,81.6960
2014-05-31,CLE,dpl,30.9794
2014-06-30,CLE,dpl,13.3016
2014-07-31,CLE,dpl,5.4117
2014-08-31,CLE,dpl,3.3947
2014-09-30,CLE,dpl,10.2735
2014-10-31,CLE,dpl,38.2950
2014-11-30,CLE,dpl,63.2599
2014-12-31,CLE,dpl,279.8290
2015-01-31,CLE,dpl,124.3061
2015-02-28,CLE,dpl,438.6653
2015-03-31,CLE,dpl,109.9589
2015-04-30,CLE,dpl,67.4051
2015-05-31,CLE,dpl,39.7459
2015-06-30,CLE,dpl,20.1519
2015-07-31,CLE,dpl,11.9115
2015-08-31,CLE,dpl,5.8004
2015-09-30,CLE,dpl,5.4750
2015-10-31,CLE,dpl,5.3420
2015-11-30,CLE,dpl,6.9811
2015-12-31,CLE,dpl,39.4693
2016-01-31,CLE,dpl,144.1435
2016-02-29,CLE,dpl,156.7444
2016-03-31,CLE,dpl,389.0695
2016-04-30,CLE,dpl,304.5411
2016-05-31,CLE,dpl,222.4671
2016-06-30,CLE,dpl,72.9046
2016-07-31,CLE,dpl,32.5424
2016-08-31,CLE,dpl,17.3838
2016-09-30,CLE,dpl,11.8850
2016-10-31,CLE,dpl,94.9580
2016-11-30,CLE,dpl,128.8484
2016-12-31,CLE,dpl,144.2368
2017-01-31,CLE,dpl,127.8239
2017-02-28,CLE,dpl,420.6645
2017-03-31,CLE,dpl,357.0616
2017-04-30,CLE,dpl,385.6869
2017-05-31,CLE,dpl,357.5452
2017-06-30,CLE,dpl,185.9814
2017-07-31,CLE,dpl,56.9318
2017-08-31,CLE,dpl,30.1568
2017-09-30,CLE,dpl,21.1914
2017-10-31,CLE,dpl,20.0795
2017-11-30,CLE,dpl,46.3259
2017-12-31,CLE,dpl,31.4271
2018-01-31,CLE,dpl,71.0194
2018-02-28,CLE,dpl,52.4637
2018-03-31,CLE,dpl,118.4818
2018-04-30,CLE,dpl,187.9348
2018-05-31,CLE,dpl,58.3261
2018-06-30,CLE,dpl,24.9376
2018-07-31,CLE,dpl,10.9373
2018-08-31,CLE,dpl,5.5796
2018-09-30,CLE,dpl,4.3234
1990-10-31,BND,dpl,136.9311
1990-11-30,BND,dpl,141.0597
1990-12-31,BND,dpl,136.9393
1991-01-31,BND,dpl,142.5715
1991-02-28,BND,dpl,201.5184
1991-03-31,BND,dpl,1029.5344
1991-04-30,BND,dpl,450.8232
1991-05-31,BND,dpl,379.1032
1991-06-30,BND,dpl,219.0357
1991-07-31,BND,dpl,145.5537
1991-08-31,BND,dpl,106.5482
1991-09-30,BND,dpl,94.0748
1991-10-31,BND,dpl,115.9638
1991-11-30,BND,dpl,139.1688
1991-12-31,BND,dpl,185.3087
1992-01-31,BND,dpl,276.5355
1992-02-29,BND,dpl,1191.8823
1992-03-31,BND,dpl,859.2650
1992-04-30,BND,dpl,554.3017
1992-05-31,BND,dpl,320.5252
1992-06-30,BND,dpl,212.5207
1992-07-31,BND,dpl,173.3255
1992-08-31,BND,dpl,114.3121
1992-09-30,BND,dpl,103.9811
1992-10-31,BND,dpl,161.0153
1992-11-30,BND,dpl,193.1005
1992-12-31,BND,dpl,605.7781
1993-01-31,BND,dpl,1436.8623
1993-02-28,BND,dpl,1361.9756
1993-03-31,BND,dpl,1911.8501
1993-04-30,BND,dpl,1086.9420
1993-05-31,BND,dpl,911.3436
1993-06-30,BND,dpl,823.5873
1993-07-31,BND,dpl,397.9634
1993-08-31,BND,dpl,295.2188
1993-09-30,BND,dpl,246.3911
1993-10-31,BND,dpl,288.4448
1993-11-30,BND,dpl,233.3277
1993-12-31,BND,dpl,489.1105
1994-01-31,BND,dpl,576.9351
1994-02-28,BND,dpl,788.4261
1994-03-31,BND,dpl,506.9537
1994-04-30,BND,dpl,362.5143
1994-05-31,BND,dpl,353.4720
1994-06-30,BND,dpl,194.1777
1994-07-31,BND,dpl,138.9958
1994-08-31,BND,dpl,115.1955
1994-09-30,BND,dpl,113.5052
1994-10-31,BND,dpl,123.0742
1994-11-30,BND,dpl,190.5347
1994-12-31,BND,dpl,382.0589
1995-01-31,BND,dpl,3263.0864
1995-02-28,BND,dpl,1248.9603
1995-03-31,BND,dpl,3686.9890
1995-04-30,BND,dpl,1541.4351
1995-05-31,BND,dpl,1338.1897
1995-06-30,BND,dpl,873.7677
1995-07-31,BND,dpl,631.3733
1995-08-31,BND,dpl,423.5293
1995-09-30,BND,dpl,333.8128
1995-10-31,BND,dpl,322.1734
1995-11-30,BND,dpl,294.7052
1995-12-31,BND,dpl,1007.6844
1996-01-31,BND,dpl,1316.0895
1996-02-29,BND,dpl,2462.4230
1996-03-31,BND,dpl,1470.7587
1996-04-30,BND,dpl,1018.0228
1996-05-31,BND,dpl,1153.4603
1996-06-30,BND,dpl,602.7993
1996-07-31,BND,dpl,411.5846
1996-08-31,BND,dpl,330.7281
1996-09-30,BND,dpl,306.2612
1996-10-31,BND,dpl,310.0137
1996-11-30,BND,dpl,573.1333
1996-12-31,BND,dpl,2413.0811
1997-01-31,BND,dpl,3592.1304
1997-02-28,BND,dpl,1117.1798
1997-03-31,BND,dpl,988.2625
1997-04-30,BND,dpl,798.9381
1997-05-31,BND,dpl,644.1570
1997-06-30,BND,dpl,466.7863
1997-07-31,BND,dpl,352.2400
1997-08-31,BND,dpl,313.3877
1997-09-30,BND,dpl,297.9804
1997-10-31,BND,dpl,321.3585
1997-11-30,BND,dpl,661.5375
1997-12-31,BND,dpl,783.6845
1998-01-31,BND,dpl,2643.3920
1998-02-28,BND,dpl,3621.9050
1998-03-31,BND,dpl,2239.8377
1998-04-30,BND,dpl,1468.5572
1998-05-31,BND,dpl,1536.9248
1998-06-30,BND,dpl,1129.0879
1998-07-31,BND,dpl,711.9721
1998-08-31,BND,dpl,451.0641
1998-09-30,BND,dpl,385.7732
1998-10-31,BND,dpl,373.1269
1998-11-30,BND,dpl,880.8408
1998-12-31,BND,dpl,1031.9917
1999-01-31,BND,dpl,1125.6414
1999-02-28,BND,dpl,1898.9453
1999-03-31,BND,dpl,1427.2310
1999-04-30,BND,dpl,917.3395
1999-05-31,BND,dpl,710.6755
1999-06-30,BND,dpl,557.8337
1999-07-31,BND,dpl,374.3059
1999-08-31,BND,dpl,298.0407
1999-09-30,BND,dpl,258.0797
1999-10-31,BND,dpl,281.5334
1999-11-30,BND,dpl,379.5530
1999-12-31,BND,dpl,404.3415
2000-01-31,BND,dpl,1255.3584
2000-02-29,BND,dpl,2286.5151
2000-03-31,BND,dpl,1513.6305
2000-04-30,BND,dpl,1014.5411
2000-05-31,BND,dpl,704.1201
2000-06-30,BND,dpl,475.1502
2000-07-31,BND,dpl,329.8623
2000-08-31,BND,dpl,271.2488
2000-09-30,BND,dpl,284.0686
2000-10-31,BND,dpl,333.9195
2000-11-30,BND,dpl,297.2032
2000-12-31,BND,dpl,376.0913
2001-01-31,BND,dpl,558.4031
2001-02-28,BND,dpl,908.5503
2001-03-31,BND,dpl,793.2476
2001-04-30,BND,dpl,487.2795
2001-05-31,BND,dpl,354.8705
2001-06-30,BND,dpl,220.5425
2001-07-31,BND,dpl,179.8173
2001-08-31,BND,dpl,140.3611
2001-09-30,BND,dpl,142.9543
2001-10-31,BND,dpl,152.3431
2001-11-30,BND,dpl,490.1974
2001-12-31,BND,dpl,1354.2679
2002-01-31,BND,dpl,3096.0113
2002-02-28,BND,dpl,1257.0654
2002-03-31,BND,dpl,968.8311
2002-04-30,BND,dpl,657.6140
2002-05-31,BND,dpl,505.8056
2002-06-30,BND,dpl,326.9872
2002-07-31,BND,dpl,221.2073
2002-08-31,BND,dpl,177.1558
2002-09-30,BND,dpl,163.7671
2002-10-31,BND,dpl,169.2670
2002-11-30,BND,dpl,247.2366
2002-12-31,BND,dpl,1724.6478
2003-01-31,BND,dpl,1898.5410
2003-02-28,BND,dpl,856.7160
2003-03-31,BND,dpl,1198.2260
2003-04-30,BND,dpl,1168.9885
2003-05-31,BND,dpl,965.8467
2003-06-30,BND,dpl,521.0989
2003-07-31,BND,dpl,331.1178
2003-08-31,BND,dpl,292.0319
2003-09-30,BND,dpl,247.6389
2003-10-31,BND,dpl,228.5798
2003-11-30,BND,dpl,353.1779
2003-12-31,BND,dpl,1314.1007
2004-01-31,BND,dpl,1197.2511
2004-02-29,BND,dpl,2305.5999
2004-03-31,BND,dpl,1141.9181
2004-04-30,BND,dpl,749.5664
2004-05-31,BND,dpl,611.4963
2004-06-30,BND,dpl,393.2338
2004-07-31,BND,dpl,275.9538
2004-08-31,BND,dpl,235.3825
2004-09-30,BND,dpl,212.2608
2004-10-31,BND,dpl,309.8490
2004-11-30,BND,dpl,300.5004
2004-12-31,BND,dpl,936.9236
2005-01-31,BND,dpl,1052.8914
2005-02-28,BND,dpl,745.0727
2005-03-31,BND,dpl,1129.5454
2005-04-30,BND,dpl,727.5071
2005-05-31,BND,dpl,1165.8737
2005-06-30,BND,dpl,491.4783
2005-07-31,BND,dpl,325.3438
2005-08-31,BND,dpl,252.6100
2005-09-30,BND,dpl,223.1229
2005-10-31,BND,dpl,229.0338
2005-11-30,BND,dpl,420.2735
2005-12-31,BND,dpl,2027.2865
2006-01-31,BND,dpl,2439.6719
2006-02-28,BND,dpl,1450.0895
2006-03-31,BND,dpl,2390.5469
2006-04-30,BND,dpl,2490.7963
2006-05-31,BND,dpl,1220.7025
2006-06-30,BND,dpl,804.9928
2006-07-31,BND,dpl,514.2221
2006-08-31,BND,dpl,395.5731
2006-09-30,BND,dpl,340.7989
2006-10-31,BND,dpl,338.2737
2006-11-30,BND,dpl,380.5936
2006-12-31,BND,dpl,827.8649
2007-01-31,BND,dpl,527.1632
2007-02-28,BND,dpl,1058.5999
2007-03-31,BND,dpl,737.7010
2007-04-30,BND,dpl,465.9852
2007-05-31,BND,dpl,366.5589
2007-06-30,BND,dpl,241.6109
2007-07-31,BND,dpl,208.5033
2007-08-31,BND,dpl,169.3431
2007-09-30,BND,dpl,168.7648
2007-10-31,BND,dpl,222.6872
2007-11-30,BND,dpl,193.9659
2007-12-31,BND,dpl,401.4846
2008-01-31,BND,dpl,1052.5240
2008-02-29,BND,dpl,1057.0055
2008-03-31,BND,dpl,623.7505
2008-04-30,BND,dpl,441.0935
2008-05-31,BND,dpl,447.8407
2008-06-30,BND,dpl,263.8435
2008-07-31,BND,dpl,177.0383
2008-08-31,BND,dpl,148.2709
2008-09-30,BND,dpl,138.3874
2008-10-31,BND,dpl,170.4683
2008-11-30,BND,dpl,274.4389
2008-12-31,BND,dpl,238.7484
2009-01-31,BND,dpl,352.6045
2009-02-28,BND,dpl,1060.9996
2009-03-31,BND,dpl,1196.5137
2009-04-30,BND,dpl,500.9059
2009-05-31,BND,dpl,648.0802
2009-06-30,BND,dpl,321.0285
2009-07-31,BND,dpl,210.2949
2009-08-31,BND,dpl,169.4335
2009-09-30,BND,dpl,148.4898
2009-10-31,BND,dpl,217.8094
2009-11-30,BND,dpl,199.9997
2009-12-31,BND,dpl,359.0867
2010-01-31,BND,dpl,1350.6713
2010-02-28,BND,dpl,1349.0562
2010-03-31,BND,dpl,938.3305
2010-04-30,BND,dpl,974.8500
2010-05-31,BND,dpl,586.2740
2010-06-30,BND,dpl,487.2397
2010-07-31,BND,dpl,290.9572
2010-08-31,BND,dpl,212.8479
2010-09-30,BND,dpl,196.8033
2010-10-31,BND,dpl,261.2154
2010-11-30,BND,dpl,375.2176
2010-12-31,BND,dpl,1309.0155
2011-01-31,BND,dpl,743.5221
2011-02-28,BND,dpl,842.1291
2011-03-31,BND,dpl,2149.7612
2011-04-30,BND,dpl,1051.7980
2011-05-31,BND,dpl,826.5240
2011-06-30,BND,dpl,731.0756
2011-07-31,BND,dpl,453.5284
2011-08-31,BND,dpl,285.2770
2011-09-30,BND,dpl,243.1970
2011-10-31,BND,dpl,272.6194
2011-11-30,BND,dpl,260.7969
2011-12-31,BND,dpl,220.9241
2012-01-31,BND,dpl,469.1389
2012-02-29,BND,dpl,355.4108
2012-03-31,BND,dpl,1205.7746
2012-04-30,BND,dpl,1023.7152
2012-05-31,BND,dpl,532.9222
2012-06-30,BND,dpl,336.9267
2012-07-31,BND,dpl,228.3014
2012-08-31,BND,dpl,179.9779
2012-09-30,BND,dpl,156.3144
2012-10-31,BND,dpl,181.1943
2012-11-30,BND,dpl,391.0587
2012-12-31,BND,dpl,1637.1863
2013-01-31,BND,dpl,771.4628
2013-02-28,BND,dpl,537.0439
2013-03-31,BND,dpl,594.7152
2013-04-30,BND,dpl,538.2561
2013-05-31,BND,dpl,357.9954
2013-06-30,BND,dpl,231.2345
2013-07-31,BND,dpl,176.8370
2013-08-31,BND,dpl,142.6300
2013-09-30,BND,dpl,146.2556
2013-10-31,BND,dpl,151.2579
2013-11-30,BND,dpl,150.9707
2013-12-31,BND,dpl,140.2428
2014-01-31,BND,dpl,128.1739
2014-02-28,BND,dpl,436.6427
2014-03-31,BND,dpl,981.7778
2014-04-30,BND,dpl,504.7405
2014-05-31,BND,dpl,270.4013
2014-06-30,BND,dpl,162.6556
2014-07-31,BND,dpl,117.8814
2014-08-31,BND,dpl,111.0824
2014-09-30,BND,dpl,119.3231
2014-10-31,BND,dpl,158.6869
2014-11-30,BND,dpl,236.5748
2014-12-31,BND,dpl,1785.6004
2015-01-31,BND,dpl,528.5647
2015-02-28,BND,dpl,1358.0534
2015-03-31,BND,dpl,512.8047
2015-04-30,BND,dpl,372.0176
2015-05-31,BND,dpl,308.9437
2015-06-30,BND,dpl,198.4906
2015-07-31,BND,dpl,169.3960
2015-08-31,BND,dpl,127.1019
2015-09-30,BND,dpl,130.4506
2015-10-31,BND,dpl,145.7589
2015-11-30,BND,dpl,159.3949
2015-12-31,BND,dpl,582.8581
2016-01-31,BND,dpl,1906.6291
2016-02-29,BND,dpl,1017.6909
2016-03-31,BND,dpl,2335.5009
2016-04-30,BND,dpl,832.6593
2016-05-31,BND,dpl,677.8445
2016-06-30,BND,dpl,454.4080
2016-07-31,BND,dpl,304.1258
2016-08-31,BND,dpl,239.5175
2016-09-30,BND,dpl,213.3790
2016-10-31,BND,dpl,481.5377
2016-11-30,BND,dpl,807.3817
2016-12-31,BND,dpl,1297.7435
2017-01-31,BND,dpl,2147.7178
2017-02-28,BND,dpl,3361.2406
2017-03-31,BND,dpl,1939.1837
2017-04-30,BND,dpl,1794.5902
2017-05-31,BND,dpl,1020.5012
2017-06-30,BND,dpl,719.1738
2017-07-31,BND,dpl,464.3113
2017-08-31,BND,dpl,366.4542
2017-09-30,BND,dpl,324.2401
2017-10-31,BND,dpl,319.3311
2017-11-30,BND,dpl,592.0556
2017-12-31,BND,dpl,386.3755
2018-01-31,BND,dpl,731.3799
2018-02-28,BND,dpl,387.7734
2018-03-31,BND,dpl,966.2368
2018-04-30,BND,dpl,860.3681
2018-05-31,BND,dpl,492.6303
2018-06-30,BND,dpl,293.3351
2018-07-31,BND,dpl,207.3832
2018-08-31,BND,dpl,182.3003
2018-09-30,BND,dpl,172.2937
1990-10-31,ORO,dpl,44.0267
1990-11-30,ORO,dpl,45.1309
1990-12-31,ORO,dpl,47.3853
1991-01-31,ORO,dpl,42.3133
1991-02-28,ORO,dpl,101.2495
1991-03-31,ORO,dpl,580.0241
1991-04-30,ORO,dpl,515.8111
1991-05-31,ORO,dpl,360.6597
1991-06-30,ORO,dpl,155.7059
1991-07-31,ORO,dpl,74.1973
1991-08-31,ORO,dpl,50.7031
1991-09-30,ORO,dpl,39.2568
1991-10-31,ORO,dpl,50.3090
1991-11-30,ORO,dpl,58.4192
1991-12-31,ORO,dpl,91.9073
1992-01-31,ORO,dpl,178.7671
1992-02-29,ORO,dpl,561.9882
1992-03-31,ORO,dpl,479.8783
1992-04-30,ORO,dpl,312.6280
1992-05-31,ORO,dpl,167.8268
1992-06-30,ORO,dpl,80.5881
1992-07-31,ORO,dpl,57.0501
1992-08-31,ORO,dpl,36.9386
1992-09-30,ORO,dpl,30.7909
1992-10-31,ORO,dpl,53.3857
1992-11-30,ORO,dpl,55.1192
1992-12-31,ORO,dpl,211.6004
1993-01-31,ORO,dpl,617.6981
1993-02-28,ORO,dpl,655.6644
1993-03-31,ORO,dpl,1295.2350
1993-04-30,ORO,dpl,1122.1772
1993-05-31,ORO,dpl,886.0169
1993-06-30,ORO,dpl,572.8907
1993-07-31,ORO,dpl,225.1121
1993-08-31,ORO,dpl,132.3253
1993-09-30,ORO,dpl,96.7299
1993-10-31,ORO,dpl,112.5711
1993-11-30,ORO,dpl,94.0877
1993-12-31,ORO,dpl,212.1610
1994-01-31,ORO,dpl,230.7599
1994-02-28,ORO,dpl,360.9657
1994-03-31,ORO,dpl,472.8148
1994-04-30,ORO,dpl,230.9950
1994-05-31,ORO,dpl,198.9532
1994-06-30,ORO,dpl,82.3337
1994-07-31,ORO,dpl,44.4588
1994-08-31,ORO,dpl,34.5032
1994-09-30,ORO,dpl,33.9381
1994-10-31,ORO,dpl,39.7617
1994-11-30,ORO,dpl,70.8156
1994-12-31,ORO,dpl,234.2605
1995-01-31,ORO,dpl,1778.9248
1995-02-28,ORO,dpl,807.6532
1995-03-31,ORO,dpl,2421.3042
1995-04-30,ORO,dpl,1419.4776
1995-05-31,ORO,dpl,1399.8735
1995-06-30,ORO,dpl,700.2302
1995-07-31,ORO,dpl,419.4037
1995-08-31,ORO,dpl,221.0225
1995-09-30,ORO,dpl,147.4084
1995-10-31,ORO,dpl,127.6192
1995-11-30,ORO,dpl,112.0710
1995-12-31,ORO,dpl,357.1625
1996-01-31,ORO,dpl,513.4702
1996-02-29,ORO,dpl,1383.9960
1996-03-31,ORO,dpl,1021.1220
1996-04-30,ORO,dpl,825.7175
1996-05-31,ORO,dpl,845.8761
1996-06-30,ORO,dpl,315.4277
1996-07-31,ORO,dpl,170.5721
1996-08-31,ORO,dpl,114.8086
1996-09-30,ORO,dpl,101.0426
1996-10-31,ORO,dpl,101.5200
1996-11-30,ORO,dpl,177.0898
1996-12-31,ORO,dpl,1283.7606
1997-01-31,ORO,dpl,2369.8747
1997-02-28,ORO,dpl,648.3200
1997-03-31,ORO,dpl,667.4746
1997-04-30,ORO,dpl,395.4409
1997-05-31,ORO,dpl,302.4926
1997-06-30,ORO,dpl,182.3180
1997-07-31,ORO,dpl,100.1844
1997-08-31,ORO,dpl,78.3773
1997-09-30,ORO,dpl,73.9566
1997-10-31,ORO,dpl,91.8602
1997-11-30,ORO,dpl,205.0031
1997-12-31,ORO,dpl,339.7528
1998-01-31,ORO,dpl,1162.7998
1998-02-28,ORO,dpl,1046.0496
1998-03-31,ORO,dpl,1150.4899
1998-04-30,ORO,dpl,908.9021
1998-05-31,ORO,dpl,1058.6305
1998-06-30,ORO,dpl,826.9421
1998-07-31,ORO,dpl,405.9105
1998-08-31,ORO,dpl,179.6101
1998-09-30,ORO,dpl,130.9520
1998-10-31,ORO,dpl,120.8062
1998-11-30,ORO,dpl,300.6481
1998-12-31,ORO,dpl,507.8006
1999-01-31,ORO,dpl,702.5577
1999-02-28,ORO,dpl,1057.2641
1999-03-31,ORO,dpl,876.9576
1999-04-30,ORO,dpl,581.5680
1999-05-31,ORO,dpl,467.3183
1999-06-30,ORO,dpl,261.4861
1999-07-31,ORO,dpl,135.4924
1999-08-31,ORO,dpl,84.7511
1999-09-30,ORO,dpl,68.8196
1999-10-31,ORO,dpl,79.5557
1999-11-30,ORO,dpl,114.3553
1999-12-31,ORO,dpl,114.7713
2000-01-31,ORO,dpl,458.8265
2000-02-29,ORO,dpl,1176.6649
2000-03-31,ORO,dpl,917.6899
2000-04-30,ORO,dpl,649.7902
2000-05-31,ORO,dpl,399.3186
2000-06-30,ORO,dpl,198.4593
2000-07-31,ORO,dpl,105.3038
2000-08-31,ORO,dpl,75.8015
2000-09-30,ORO,dpl,72.8499
2000-10-31,ORO,dpl,86.9208
2000-11-30,ORO,dpl,77.8269
2000-12-31,ORO,dpl,104.4587
2001-01-31,ORO,dpl,175.5309
2001-02-28,ORO,dpl,268.6451
2001-03-31,ORO,dpl,441.5034
2001-04-30,ORO,dpl,295.5294
2001-05-31,ORO,dpl,182.4086
2001-06-30,ORO,dpl,71.2034
2001-07-31,ORO,dpl,45.7572
2001-08-31,ORO,dpl,32.4548
2001-09-30,ORO,dpl,31.6259
2001-10-31,ORO,dpl,37.2023
2001-11-30,ORO,dpl,131.9491
2001-12-31,ORO,dpl,374.4294
2002-01-31,ORO,dpl,492.7094
2002-02-28,ORO,dpl,459.7766
2002-03-31,ORO,dpl,570.4587
2002-04-30,ORO,dpl,418.1476
2002-05-31,ORO,dpl,243.3722
2002-06-30,ORO,dpl,115.5410
2002-07-31,ORO,dpl,55.6377
2002-08-31,ORO,dpl,41.0197
2002-09-30,ORO,dpl,36.3461
2002-10-31,ORO,dpl,38.2830
2002-11-30,ORO,dpl,126.7157
2002-12-31,ORO,dpl,774.1255
2003-01-31,ORO,dpl,1052.1744
2003-02-28,ORO,dpl,521.8735
2003-03-31,ORO,dpl,652.9353
2003-04-30,ORO,dpl,646.7227
2003-05-31,ORO,dpl,647.1086
2003-06-30,ORO,dpl,240.8523
2003-07-31,ORO,dpl,128.8714
2003-08-31,ORO,dpl,93.2317
2003-09-30,ORO,dpl,69.4994
2003-10-31,ORO,dpl,64.5903
2003-11-30,ORO,dpl,75.6946
2003-12-31,ORO,dpl,300.3455
2004-01-31,ORO,dpl,375.3921
2004-02-29,ORO,dpl,804.5296
2004-03-31,ORO,dpl,834.5774
2004-04-30,ORO,dpl,438.1914
2004-05-31,ORO,dpl,272.8422
2004-06-30,ORO,dpl,132.8066
2004-07-31,ORO,dpl,70.6956
2004-08-31,ORO,dpl,52.6834
2004-09-30,ORO,dpl,48.2731
2004-10-31,ORO,dpl,90.3515
2004-11-30,ORO,dpl,97.4853
2004-12-31,ORO,dpl,251.4931
2005-01-31,ORO,dpl,513.5576
2005-02-28,ORO,dpl,533.6002
2005-03-31,ORO,dpl,858.5529
2005-04-30,ORO,dpl,534.6639
2005-05-31,ORO,dpl,685.8277
2005-06-30,ORO,dpl,259.4022
2005-07-31,ORO,dpl,129.7860
2005-08-31,ORO,dpl,82.9101
2005-09-30,ORO,dpl,70.8964
2005-10-31,ORO,dpl,70.5629
2005-11-30,ORO,dpl,104.9115
2005-12-31,ORO,dpl,1199.6180
2006-01-31,ORO,dpl,1245.2968
2006-02-28,ORO,dpl,885.0740
2006-03-31,ORO,dpl,1201.6314
2006-04-30,ORO,dpl,1560.1792
2006-05-31,ORO,dpl,918.4967
2006-06-30,ORO,dpl,387.6672
2006-07-31,ORO,dpl,209.2247
2006-08-31,ORO,dpl,134.3049
2006-09-30,ORO,dpl,107.7667
2006-10-31,ORO,dpl,105.5107
2006-11-30,ORO,dpl,111.6138
2006-12-31,ORO,dpl,308.7474
2007-01-31,ORO,dpl,192.2961
2007-02-28,ORO,dpl,539.4528
2007-03-31,ORO,dpl,499.2365
2007-04-30,ORO,dpl,257.1126
2007-05-31,ORO,dpl,172.2214
2007-06-30,ORO,dpl,82.9149
2007-07-31,ORO,dpl,56.7342
2007-08-31,ORO,dpl,41.6311
2007-09-30,ORO,dpl,41.7998
2007-10-31,ORO,dpl,58.4440
2007-11-30,ORO,dpl,49.4516
2007-12-31,ORO,dpl,91.1327
2008-01-31,ORO,dpl,283.2489
2008-02-29,ORO,dpl,338.3909
2008-03-31,ORO,dpl,448.0508
2008-04-30,ORO,dpl,364.1411
2008-05-31,ORO,dpl,269.2074
2008-06-30,ORO,dpl,99.1184
2008-07-31,ORO,dpl,47.1357
2008-08-31,ORO,dpl,34.6159
2008-09-30,ORO,dpl,31.3388
2008-10-31,ORO,dpl,45.7142
2008-11-30,ORO,dpl,108.1306
2008-12-31,ORO,dpl,68.9782
2009-01-31,ORO,dpl,239.1086
2009-02-28,ORO,dpl,663.4332
2009-03-31,ORO,dpl,941.7815
2009-04-30,ORO,dpl,359.1239
2009-05-31,ORO,dpl,440.2872
2009-06-30,ORO,dpl,139.8624
2009-07-31,ORO,dpl,79.2669
2009-08-31,ORO,dpl,56.9860
2009-09-30,ORO,dpl,46.7086
2009-10-31,ORO,dpl,70.6089
2009-11-30,ORO,dpl,63.4391
2009-12-31,ORO,dpl,120.3753
2010-01-31,ORO,dpl,486.3645
2010-02-28,ORO,dpl,548.3051
2010-03-31,ORO,dpl,578.0980
2010-04-30,ORO,dpl,631.9930
2010-05-31,ORO,dpl,432.7263
2010-06-30,ORO,dpl,227.5647
2010-07-31,ORO,dpl,105.0066
2010-08-31,ORO,dpl,67.2346
2010-09-30,ORO,dpl,54.8466
2010-10-31,ORO,dpl,97.3580
2010-11-30,ORO,dpl,151.8596
2010-12-31,ORO,dpl,742.3275
2011-01-31,ORO,dpl,468.0430
2011-02-28,ORO,dpl,491.3841
2011-03-31,ORO,dpl,1219.7662
2011-04-30,ORO,dpl,1208.4771
2011-05-31,ORO,dpl,994.6055
2011-06-30,ORO,dpl,740.7995
2011-07-31,ORO,dpl,292.8969
2011-08-31,ORO,dpl,145.8901
2011-09-30,ORO,dpl,111.3296
2011-10-31,ORO,dpl,127.5795
2011-11-30,ORO,dpl,111.5203
2011-12-31,ORO,dpl,91.2931
2012-01-31,ORO,dpl,256.5734
2012-02-29,ORO,dpl,193.4441
2012-03-31,ORO,dpl,919.7232
2012-04-30,ORO,dpl,813.3814
2012-05-31,ORO,dpl,354.2814
2012-06-30,ORO,dpl,168.0581
2012-07-31,ORO,dpl,95.0721
2012-08-31,ORO,dpl,66.1928
2012-09-30,ORO,dpl,55.2980
2012-10-31,ORO,dpl,67.8891
2012-11-30,ORO,dpl,235.7585
2012-12-31,ORO,dpl,1004.8181
2013-01-31,ORO,dpl,403.5500
2013-02-28,ORO,dpl,335.7576
2013-03-31,ORO,dpl,450.3764
2013-04-30,ORO,dpl,242.4036
2013-05-31,ORO,dpl,136.6563
2013-06-30,ORO,dpl,73.5925
2013-07-31,ORO,dpl,47.4026
2013-08-31,ORO,dpl,37.4461
2013-09-30,ORO,dpl,42.1933
2013-10-31,ORO,dpl,41.2315
2013-11-30,ORO,dpl,43.0738
2013-12-31,ORO,dpl,38.5357
2014-01-31,ORO,dpl,36.4703
2014-02-28,ORO,dpl,272.1507
2014-03-31,ORO,dpl,608.3789
2014-04-30,ORO,dpl,313.1741
2014-05-31,ORO,dpl,125.2463
2014-06-30,ORO,dpl,63.6483
2014-07-31,ORO,dpl,38.9621
2014-08-31,ORO,dpl,38.9725
2014-09-30,ORO,dpl,31.0951
2014-10-31,ORO,dpl,39.3231
2014-11-30,ORO,dpl,62.3625
2014-12-31,ORO,dpl,687.2745
2015-01-31,ORO,dpl,233.6950
2015-02-28,ORO,dpl,650.5609
2015-03-31,ORO,dpl,205.2804
2015-04-30,ORO,dpl,133.5540
2015-05-31,ORO,dpl,91.2851
2015-06-30,ORO,dpl,49.9203
2015-07-31,ORO,dpl,36.1562
2015-08-31,ORO,dpl,25.3042
2015-09-30,ORO,dpl,24.9788
2015-10-31,ORO,dpl,31.6907
2015-11-30,ORO,dpl,46.3410
2015-12-31,ORO,dpl,205.1228
2016-01-31,ORO,dpl,792.3208
2016-02-29,ORO,dpl,613.1821
2016-03-31,ORO,dpl,1623.9954
2016-04-30,ORO,dpl,536.7337
2016-05-31,ORO,dpl,326.8205
2016-06-30,ORO,dpl,183.3075
2016-07-31,ORO,dpl,98.0379
2016-08-31,ORO,dpl,69.3616
2016-09-30,ORO,dpl,59.4565
2016-10-31,ORO,dpl,163.7549
2016-11-30,ORO,dpl,237.0250
2016-12-31,ORO,dpl,724.4762
2017-01-31,ORO,dpl,1183.4972
2017-02-28,ORO,dpl,2568.5837
2017-03-31,ORO,dpl,1623.3597
2017-04-30,ORO,dpl,1706.7789
2017-05-31,ORO,dpl,973.0199
2017-06-30,ORO,dpl,505.6746
2017-07-31,ORO,dpl,236.8982
2017-08-31,ORO,dpl,155.1645
2017-09-30,ORO,dpl,132.9164
2017-10-31,ORO,dpl,124.4814
2017-11-30,ORO,dpl,367.0934
2017-12-31,ORO,dpl,216.5844
2018-01-31,ORO,dpl,487.5557
2018-02-28,ORO,dpl,254.4993
2018-03-31,ORO,dpl,939.5291
2018-04-30,ORO,dpl,758.6903
2018-05-31,ORO,dpl,283.8598
2018-06-30,ORO,dpl,150.7668
2018-07-31,ORO,dpl,89.9725
2018-08-31,ORO,dpl,67.1289
2018-09-30,ORO,dpl,58.8515
1990-10-31,FOL,dpl,8.2119
1990-11-30,FOL,dpl,10.4852
1990-12-31,FOL,dpl,11.2103
1991-01-31,FOL,dpl,10.4757
1991-02-28,FOL,dpl,36.6236
1991-03-31,FOL,dpl,341.2341
1991-04-30,FOL,dpl,289.6993
1991-05-31,FOL,dpl,268.5736
1991-06-30,FOL,dpl,111.8730
1991-07-31,FOL,dpl,29.7042
1991-08-31,FOL,dpl,12.7489
1991-09-30,FOL,dpl,7.3136
1991-10-31,FOL,dpl,17.7606
1991-11-30,FOL,dpl,33.1905
1991-12-31,FOL,dpl,57.2353
1992-01-31,FOL,dpl,80.5885
1992-02-29,FOL,dpl,314.5130
1992-03-31,FOL,dpl,274.4740
1992-04-30,FOL,dpl,133.3051
1992-05-31,FOL,dpl,46.3780
1992-06-30,FOL,dpl,19.2230
1992-07-31,FOL,dpl,12.0337
1992-08-31,FOL,dpl,5.3730
1992-09-30,FOL,dpl,4.0223
1992-10-31,FOL,dpl,17.1842
1992-11-30,FOL,dpl,24.2900
1992-12-31,FOL,dpl,144.2489
1993-01-31,FOL,dpl,618.8811
1993-02-28,FOL,dpl,499.7554
1993-03-31,FOL,dpl,815.3815
1993-04-30,FOL,dpl,581.9937
1993-05-31,FOL,dpl,588.5337
1993-06-30,FOL,dpl,348.4792
1993-07-31,FOL,dpl,88.5514
1993-08-31,FOL,dpl,32.0425
1993-09-30,FOL,dpl,19.1375
1993-10-31,FOL,dpl,27.5204
1993-11-30,FOL,dpl,27.9458
1993-12-31,FOL,dpl,67.5549
1994-01-31,FOL,dpl,87.6166
1994-02-28,FOL,dpl,188.4642
1994-03-31,FOL,dpl,277.0768
1994-04-30,FOL,dpl,131.3098
1994-05-31,FOL,dpl,91.5039
1994-06-30,FOL,dpl,23.2523
1994-07-31,FOL,dpl,8.2273
1994-08-31,FOL,dpl,4.6143
1994-09-30,FOL,dpl,6.1508
1994-10-31,FOL,dpl,10.8637
1994-11-30,FOL,dpl,62.1690
1994-12-31,FOL,dpl,285.6747
1995-01-31,FOL,dpl,1176.8074
1995-02-28,FOL,dpl,356.1423
1995-03-31,FOL,dpl,1469.4769
1995-04-30,FOL,dpl,780.9738
1995-05-31,FOL,dpl,826.7220
1995-06-30,FOL,dpl,432.5121
1995-07-31,FOL,dpl,208.1731
1995-08-31,FOL,dpl,56.7627
1995-09-30,FOL,dpl,31.1829
1995-10-31,FOL,dpl,28.2365
1995-11-30,FOL,dpl,28.0831
1995-12-31,FOL,dpl,159.6745
1996-01-31,FOL,dpl,372.3847
1996-02-29,FOL,dpl,864.4044
1996-03-31,FOL,dpl,692.6833
1996-04-30,FOL,dpl,591.7526
1996-05-31,FOL,dpl,692.8261
1996-06-30,FOL,dpl,213.4712
1996-07-31,FOL,dpl,65.3376
1996-08-31,FOL,dpl,30.7354
1996-09-30,FOL,dpl,23.0089
1996-10-31,FOL,dpl,26.5424
1996-11-30,FOL,dpl,138.0722
1996-12-31,FOL,dpl,1126.3787
1997-01-31,FOL,dpl,2054.5640
1997-02-28,FOL,dpl,372.6240
1997-03-31,FOL,dpl,382.3252
1997-04-30,FOL,dpl,316.2910
1997-05-31,FOL,dpl,283.6635
1997-06-30,FOL,dpl,107.4029
1997-07-31,FOL,dpl,33.8345
1997-08-31,FOL,dpl,18.5026
1997-09-30,FOL,dpl,15.5670
1997-10-31,FOL,dpl,26.4180
1997-11-30,FOL,dpl,57.6312
1997-12-31,FOL,dpl,118.4420
1998-01-31,FOL,dpl,730.7453
1998-02-28,FOL,dpl,874.9771
1998-03-31,FOL,dpl,695.9364
1998-04-30,FOL,dpl,612.7578
1998-05-31,FOL,dpl,617.6569
1998-06-30,FOL,dpl,486.8367
1998-07-31,FOL,dpl,154.2977
1998-08-31,FOL,dpl,47.6109
1998-09-30,FOL,dpl,37.7203
1998-10-31,FOL,dpl,35.8336
1998-11-30,FOL,dpl,91.6699
1998-12-31,FOL,dpl,226.5596
1999-01-31,FOL,dpl,631.6868
1999-02-28,FOL,dpl,834.2749
1999-03-31,FOL,dpl,481.4430
1999-04-30,FOL,dpl,388.6830
1999-05-31,FOL,dpl,452.8669
1999-06-30,FOL,dpl,253.1376
1999-07-31,FOL,dpl,64.6172
1999-08-31,FOL,dpl,25.3822
1999-09-30,FOL,dpl,16.2510
1999-10-31,FOL,dpl,21.2841
1999-11-30,FOL,dpl,42.8244
1999-12-31,FOL,dpl,48.4288
2000-01-31,FOL,dpl,438.4824
2000-02-29,FOL,dpl,1006.3007
2000-03-31,FOL,dpl,510.2372
2000-04-30,FOL,dpl,372.3692
2000-05-31,FOL,dpl,365.2630
2000-06-30,FOL,dpl,108.9367
2000-07-31,FOL,dpl,38.8226
2000-08-31,FOL,dpl,18.1445
2000-09-30,FOL,dpl,20.5964
2000-10-31,FOL,dpl,31.2798
2000-11-30,FOL,dpl,29.0971
2000-12-31,FOL,dpl,45.1100
2001-01-31,FOL,dpl,76.8492
2001-02-28,FOL,dpl,141.1654
2001-03-31,FOL,dpl,309.0956
2001-04-30,FOL,dpl,266.8433
2001-05-31,FOL,dpl,147.2045
2001-06-30,FOL,dpl,32.3629
2001-07-31,FOL,dpl,11.7166
2001-08-31,FOL,dpl,6.1129
2001-09-30,FOL,dpl,6.4141
2001-10-31,FOL,dpl,8.9143
2001-11-30,FOL,dpl,44.0712
2001-12-31,FOL,dpl,188.0207
2002-01-31,FOL,dpl,295.6619
2002-02-28,FOL,dpl,380.3580
2002-03-31,FOL,dpl,541.8244
2002-04-30,FOL,dpl,365.6012
2002-05-31,FOL,dpl,218.4457
2002-06-30,FOL,dpl,68.3347
2002-07-31,FOL,dpl,20.4818
2002-08-31,FOL,dpl,10.2694
2002-09-30,FOL,dpl,8.4605
2002-10-31,FOL,dpl,9.7484
2002-11-30,FOL,dpl,76.9655
2002-12-31,FOL,dpl,210.9249
2003-01-31,FOL,dpl,294.0130
2003-02-28,FOL,dpl,218.6918
2003-03-31,FOL,dpl,302.3953
2003-04-30,FOL,dpl,413.3494
2003-05-31,FOL,dpl,452.1721
2003-06-30,FOL,dpl,127.9479
2003-07-31,FOL,dpl,38.4856
2003-08-31,FOL,dpl,22.7335
2003-09-30,FOL,dpl,13.8107
2003-10-31,FOL,dpl,12.4212
2003-11-30,FOL,dpl,22.2168
2003-12-31,FOL,dpl,112.7848
2004-01-31,FOL,dpl,154.9701
2004-02-29,FOL,dpl,324.3469
2004-03-31,FOL,dpl,416.6391
2004-04-30,FOL,dpl,244.7058
2004-05-31,FOL,dpl,119.5708
2004-06-30,FOL,dpl,29.4041
2004-07-31,FOL,dpl,10.1820
2004-08-31,FOL,dpl,6.5639
2004-09-30,FOL,dpl,6.8422
2004-10-31,FOL,dpl,26.0370
2004-11-30,FOL,dpl,44.3912
2004-12-31,FOL,dpl,161.0116
2005-01-31,FOL,dpl,432.0775
2005-02-28,FOL,dpl,347.0403
2005-03-31,FOL,dpl,645.2369
2005-04-30,FOL,dpl,366.7928
2005-05-31,FOL,dpl,633.0119
2005-06-30,FOL,dpl,226.7043
2005-07-31,FOL,dpl,69.6784
2005-08-31,FOL,dpl,28.7993
2005-09-30,FOL,dpl,20.0461
2005-10-31,FOL,dpl,22.5172
2005-11-30,FOL,dpl,27.9901
2005-12-31,FOL,dpl,586.6242
2006-01-31,FOL,dpl,778.0783
2006-02-28,FOL,dpl,495.8677
2006-03-31,FOL,dpl,669.6661
2006-04-30,FOL,dpl,1163.8472
2006-05-31,FOL,dpl,640.2366
2006-06-30,FOL,dpl,221.8614
2006-07-31,FOL,dpl,69.8378
2006-08-31,FOL,dpl,35.2608
2006-09-30,FOL,dpl,24.2924
2006-10-31,FOL,dpl,29.1968
2006-11-30,FOL,dpl,39.4485
2006-12-31,FOL,dpl,79.5714
2007-01-31,FOL,dpl,108.3359
2007-02-28,FOL,dpl,315.8659
2007-03-31,FOL,dpl,327.6053
2007-04-30,FOL,dpl,171.8795
2007-05-31,FOL,dpl,86.7395
2007-06-30,FOL,dpl,26.0758
2007-07-31,FOL,dpl,9.7139
2007-08-31,FOL,dpl,6.0406
2007-09-30,FOL,dpl,7.8156
2007-10-31,FOL,dpl,14.7203
2007-11-30,FOL,dpl,13.2101
2007-12-31,FOL,dpl,25.9839
2008-01-31,FOL,dpl,104.5930
2008-02-29,FOL,dpl,179.3812
2008-03-31,FOL,dpl,244.6602
2008-04-30,FOL,dpl,216.3170
2008-05-31,FOL,dpl,192.2477
2008-06-30,FOL,dpl,46.7878
2008-07-31,FOL,dpl,12.2132
2008-08-31,FOL,dpl,5.5713
2008-09-30,FOL,dpl,4.6574
2008-10-31,FOL,dpl,9.6546
2008-11-30,FOL,dpl,28.9104
2008-12-31,FOL,dpl,18.4689
2009-01-31,FOL,dpl,118.6672
2009-02-28,FOL,dpl,267.6637
2009-03-31,FOL,dpl,523.0044
2009-04-30,FOL,dpl,249.3227
2009-05-31,FOL,dpl,355.4115
2009-06-30,FOL,dpl,65.3382
2009-07-31,FOL,dpl,23.2584
2009-08-31,FOL,dpl,10.9160
2009-09-30,FOL,dpl,8.0100
2009-10-31,FOL,dpl,23.0517
2009-11-30,FOL,dpl,17.1939
2009-12-31,FOL,dpl,33.8932
2010-01-31,FOL,dpl,173.5414
2010-02-28,FOL,dpl,245.4120
2010-03-31,FOL,dpl,333.7138
2010-04-30,FOL,dpl,373.4124
2010-05-31,FOL,dpl,376.7628
2010-06-30,FOL,dpl,241.3944
2010-07-31,FOL,dpl,54.0960
2010-08-31,FOL,dpl,19.6890
2010-09-30,FOL,dpl,11.7245
2010-10-31,FOL,dpl,78.9019
2010-11-30,FOL,dpl,118.8727
2010-12-31,FOL,dpl,726.7002
2011-01-31,FOL,dpl,333.1759
2011-02-28,FOL,dpl,304.0709
2011-03-31,FOL,dpl,1105.7921
2011-04-30,FOL,dpl,673.1292
2011-05-31,FOL,dpl,657.4888
2011-06-30,FOL,dpl,594.1421
2011-07-31,FOL,dpl,238.0731
2011-08-31,FOL,dpl,60.7173
2011-09-30,FOL,dpl,32.7918
2011-10-31,FOL,dpl,46.8969
2011-11-30,FOL,dpl,38.5395
2011-12-31,FOL,dpl,29.9814
2012-01-31,FOL,dpl,88.6127
2012-02-29,FOL,dpl,85.5341
2012-03-31,FOL,dpl,609.5555
2012-04-30,FOL,dpl,586.1567
2012-05-31,FOL,dpl,252.1719
2012-06-30,FOL,dpl,77.8312
2012-07-31,FOL,dpl,33.5224
2012-08-31,FOL,dpl,15.7854
2012-09-30,FOL,dpl,11.1603
2012-10-31,FOL,dpl,19.7049
2012-11-30,FOL,dpl,75.4173
2012-12-31,FOL,dpl,597.8224
2013-01-31,FOL,dpl,196.3904
2013-02-28,FOL,dpl,130.8381
2013-03-31,FOL,dpl,267.2116
2013-04-30,FOL,dpl,141.9935
2013-05-31,FOL,dpl,60.0560
2013-06-30,FOL,dpl,22.6854
2013-07-31,FOL,dpl,9.2865
2013-08-31,FOL,dpl,5.8982
2013-09-30,FOL,dpl,8.2376
2013-10-31,FOL,dpl,9.0072
2013-11-30,FOL,dpl,11.2015
2013-12-31,FOL,dpl,11.1000
2014-01-31,FOL,dpl,12.9299
2014-02-28,FOL,dpl,262.9610
2014-03-31,FOL,dpl,346.8428
2014-04-30,FOL,dpl,224.6382
2014-05-31,FOL,dpl,84.6587
2014-06-30,FOL,dpl,24.1641
2014-07-31,FOL,dpl,9.9536
2014-08-31,FOL,dpl,6.8423
2014-09-30,FOL,dpl,6.7804
2014-10-31,FOL,dpl,9.2886
2014-11-30,FOL,dpl,22.3362
2014-12-31,FOL,dpl,323.6041
2015-01-31,FOL,dpl,94.0807
2015-02-28,FOL,dpl,301.8397
2015-03-31,FOL,dpl,87.2039
2015-04-30,FOL,dpl,58.4526
2015-05-31,FOL,dpl,45.8130
2015-06-30,FOL,dpl,18.4465
2015-07-31,FOL,dpl,6.9376
2015-08-31,FOL,dpl,3.4677
2015-09-30,FOL,dpl,3.1395
2015-10-31,FOL,dpl,8.7099
2015-11-30,FOL,dpl,21.1627
2015-12-31,FOL,dpl,172.2862
2016-01-31,FOL,dpl,554.9384
2016-02-29,FOL,dpl,454.4462
2016-03-31,FOL,dpl,1009.4792
2016-04-30,FOL,dpl,387.4705
2016-05-31,FOL,dpl,206.9842
2016-06-30,FOL,dpl,67.0173
2016-07-31,FOL,dpl,27.5443
2016-08-31,FOL,dpl,13.0895
2016-09-30,FOL,dpl,11.0431
2016-10-31,FOL,dpl,126.2831
2016-11-30,FOL,dpl,221.3545
2016-12-31,FOL,dpl,673.1174
2017-01-31,FOL,dpl,1274.5323
2017-02-28,FOL,dpl,1786.1745
2017-03-31,FOL,dpl,825.1918
2017-04-30,FOL,dpl,948.6215
2017-05-31,FOL,dpl,756.1545
2017-06-30,FOL,dpl,337.9184
2017-07-31,FOL,dpl,94.6597
2017-08-31,FOL,dpl,40.0556
2017-09-30,FOL,dpl,31.1643
2017-10-31,FOL,dpl,32.0299
2017-11-30,FOL,dpl,221.4560
2017-12-31,FOL,dpl,122.0930
2018-01-31,FOL,dpl,346.5363
2018-02-28,FOL,dpl,120.2061
2018-03-31,FOL,dpl,791.1371
2018-04-30,FOL,dpl,650.0985
2018-05-31,FOL,dpl,211.3905
2018-06-30,FOL,dpl,81.5514
2018-07-31,FOL,dpl,32.8043
2018-08-31,FOL,dpl,16.3728
2018-09-30,FOL,dpl,13.0625
1990-10-31,YRS,dpl,14.7865
1990-11-30,YRS,dpl,16.7614
1990-12-31,YRS,dpl,23.7808
1991-01-31,YRS,dpl,18.4017
1991-02-28,YRS,dpl,65.2124
1991-03-31,YRS,dpl,268.6870
1991-04-30,YRS,dpl,240.0265
1991-05-31,YRS,dpl,315.3238
1991-06-30,YRS,dpl,149.0819
1991-07-31,YRS,dpl,36.5908
1991-08-31,YRS,dpl,19.1134
1991-09-30,YRS,dpl,12.8259
1991-10-31,YRS,dpl,20.0001
1991-11-30,YRS,dpl,34.4055
1991-12-31,YRS,dpl,49.1948
1992-01-31,YRS,dpl,58.8110
1992-02-29,YRS,dpl,259.1350
1992-03-31,YRS,dpl,259.6013
1992-04-30,YRS,dpl,194.5027
1992-05-31,YRS,dpl,55.2245
1992-06-30,YRS,dpl,27.0444
1992-07-31,YRS,dpl,16.2878
1992-08-31,YRS,dpl,9.0093
1992-09-30,YRS,dpl,8.0970
1992-10-31,YRS,dpl,20.8301
1992-11-30,YRS,dpl,26.4777
1992-12-31,YRS,dpl,76.5297
1993-01-31,YRS,dpl,317.7797
1993-02-28,YRS,dpl,251.3112
1993-03-31,YRS,dpl,506.4013
1993-04-30,YRS,dpl,447.4546
1993-05-31,YRS,dpl,654.8418
1993-06-30,YRS,dpl,415.8853
1993-07-31,YRS,dpl,91.8981
1993-08-31,YRS,dpl,43.9771
1993-09-30,YRS,dpl,31.3087
1993-10-31,YRS,dpl,34.1351
1993-11-30,YRS,dpl,32.1437
1993-12-31,YRS,dpl,52.0664
1994-01-31,YRS,dpl,77.8788
1994-02-28,YRS,dpl,119.0488
1994-03-31,YRS,dpl,210.9298
1994-04-30,YRS,dpl,182.7320
1994-05-31,YRS,dpl,117.5238
1994-06-30,YRS,dpl,30.2570
1994-07-31,YRS,dpl,13.1083
1994-08-31,YRS,dpl,8.0546
1994-09-30,YRS,dpl,9.0784
1994-10-31,YRS,dpl,11.4346
1994-11-30,YRS,dpl,20.2171
1994-12-31,YRS,dpl,105.7086
1995-01-31,YRS,dpl,659.9339
1995-02-28,YRS,dpl,247.1774
1995-03-31,YRS,dpl,888.5341
1995-04-30,YRS,dpl,527.2266
1995-05-31,YRS,dpl,777.6103
1995-06-30,YRS,dpl,577.7194
1995-07-31,YRS,dpl,284.3051
1995-08-31,YRS,dpl,70.5811
1995-09-30,YRS,dpl,43.7142
1995-10-31,YRS,dpl,38.9754
1995-11-30,YRS,dpl,35.6960
1995-12-31,YRS,dpl,166.7045
1996-01-31,YRS,dpl,281.0492
1996-02-29,YRS,dpl,673.7457
1996-03-31,YRS,dpl,423.9779
1996-04-30,YRS,dpl,528.2911
1996-05-31,YRS,dpl,648.2263
1996-06-30,YRS,dpl,141.0077
1996-07-31,YRS,dpl,62.7640
1996-08-31,YRS,dpl,39.9162
1996-09-30,YRS,dpl,34.6919
1996-10-31,YRS,dpl,34.7684
1996-11-30,YRS,dpl,87.7107
1996-12-31,YRS,dpl,680.1972
1997-01-31,YRS,dpl,1225.0751
1997-02-28,YRS,dpl,232.4003
1997-03-31,YRS,dpl,313.5794
1997-04-30,YRS,dpl,279.3756
1997-05-31,YRS,dpl,375.5394
1997-06-30,YRS,dpl,129.2722
1997-07-31,YRS,dpl,44.7602
1997-08-31,YRS,dpl,28.7390
1997-09-30,YRS,dpl,24.0348
1997-10-31,YRS,dpl,31.5465
1997-11-30,YRS,dpl,67.9965
1997-12-31,YRS,dpl,104.7988
1998-01-31,YRS,dpl,474.5925
1998-02-28,YRS,dpl,425.8289
1998-03-31,YRS,dpl,435.1536
1998-04-30,YRS,dpl,392.4448
1998-05-31,YRS,dpl,528.6986
1998-06-30,YRS,dpl,582.6008
1998-07-31,YRS,dpl,194.8352
1998-08-31,YRS,dpl,57.1551
1998-09-30,YRS,dpl,42.0539
1998-10-31,YRS,dpl,39.5285
1998-11-30,YRS,dpl,125.6056
1998-12-31,YRS,dpl,175.9147
1999-01-31,YRS,dpl,423.2095
1999-02-28,YRS,dpl,392.6741
1999-03-31,YRS,dpl,282.2988
1999-04-30,YRS,dpl,290.3479
1999-05-31,YRS,dpl,457.4264
1999-06-30,YRS,dpl,330.8399
1999-07-31,YRS,dpl,79.4617
1999-08-31,YRS,dpl,33.3192
1999-09-30,YRS,dpl,23.1843
1999-10-31,YRS,dpl,27.0825
1999-11-30,YRS,dpl,41.2649
1999-12-31,YRS,dpl,47.3803
2000-01-31,YRS,dpl,250.6732
2000-02-29,YRS,dpl,494.7397
2000-03-31,YRS,dpl,331.4606
2000-04-30,YRS,dpl,403.7208
2000-05-31,YRS,dpl,456.8140
2000-06-30,YRS,dpl,146.8203
2000-07-31,YRS,dpl,48.4253
2000-08-31,YRS,dpl,27.5858
2000-09-30,YRS,dpl,27.1063
2000-10-31,YRS,dpl,32.9018
2000-11-30,YRS,dpl,31.8698
2000-12-31,YRS,dpl,47.0330
2001-01-31,YRS,dpl,66.5453
2001-02-28,YRS,dpl,87.5914
2001-03-31,YRS,dpl,233.9656
2001-04-30,YRS,dpl,232.9402
2001-05-31,YRS,dpl,207.8078
2001-06-30,YRS,dpl,42.8536
2001-07-31,YRS,dpl,17.8738
2001-08-31,YRS,dpl,10.2918
2001-09-30,YRS,dpl,10.2819
2001-10-31,YRS,dpl,13.6203
2001-11-30,YRS,dpl,37.0057
2001-12-31,YRS,dpl,150.7108
2002-01-31,YRS,dpl,232.1045
2002-02-28,YRS,dpl,242.1312
2002-03-31,YRS,dpl,324.0047
2002-04-30,YRS,dpl,367.9263
2002-05-31,YRS,dpl,359.1949
2002-06-30,YRS,dpl,203.7813
2002-07-31,YRS,dpl,42.7577
2002-08-31,YRS,dpl,20.1946
2002-09-30,YRS,dpl,15.9990
2002-10-31,YRS,dpl,17.2319
2002-11-30,YRS,dpl,88.8874
2002-12-31,YRS,dpl,257.8982
2003-01-31,YRS,dpl,382.5132
2003-02-28,YRS,dpl,222.3433
2003-03-31,YRS,dpl,334.2601
2003-04-30,YRS,dpl,331.4018
2003-05-31,YRS,dpl,456.9163
2003-06-30,YRS,dpl,165.1525
2003-07-31,YRS,dpl,51.1663
2003-08-31,YRS,dpl,35.0706
2003-09-30,YRS,dpl,25.5428
2003-10-31,YRS,dpl,24.3351
2003-11-30,YRS,dpl,28.8778
2003-12-31,YRS,dpl,98.2545
2004-01-31,YRS,dpl,118.1093
2004-02-29,YRS,dpl,232.8932
2004-03-31,YRS,dpl,332.3220
2004-04-30,YRS,dpl,311.8288
2004-05-31,YRS,dpl,220.8876
2004-06-30,YRS,dpl,52.1075
2004-07-31,YRS,dpl,25.2672
2004-08-31,YRS,dpl,16.6561
2004-09-30,YRS,dpl,16.0082
2004-10-31,YRS,dpl,26.1818
2004-11-30,YRS,dpl,30.3446
2004-12-31,YRS,dpl,75.2880
2005-01-31,YRS,dpl,195.3599
2005-02-28,YRS,dpl,182.0391
2005-03-31,YRS,dpl,335.7583
2005-04-30,YRS,dpl,278.9763
2005-05-31,YRS,dpl,596.4365
2005-06-30,YRS,dpl,174.8233
2005-07-31,YRS,dpl,59.6293
2005-08-31,YRS,dpl,33.3679
2005-09-30,YRS,dpl,26.3805
2005-10-31,YRS,dpl,28.3423
2005-11-30,YRS,dpl,31.7408
2005-12-31,YRS,dpl,612.8490
2006-01-31,YRS,dpl,461.1382
2006-02-28,YRS,dpl,368.4315
2006-03-31,YRS,dpl,440.8022
2006-04-30,YRS,dpl,691.5150
2006-05-31,YRS,dpl,635.7689
2006-06-30,YRS,dpl,239.8551
2006-07-31,YRS,dpl,76.2519
2006-08-31,YRS,dpl,46.3984
2006-09-30,YRS,dpl,36.0720
2006-10-31,YRS,dpl,37.6072
2006-11-30,YRS,dpl,44.1215
2006-12-31,YRS,dpl,125.5334
2007-01-31,YRS,dpl,101.5169
2007-02-28,YRS,dpl,299.3463
2007-03-31,YRS,dpl,270.6317
2007-04-30,YRS,dpl,177.0442
2007-05-31,YRS,dpl,116.6951
2007-06-30,YRS,dpl,38.6871
2007-07-31,YRS,dpl,19.5052
2007-08-31,YRS,dpl,12.3820
2007-09-30,YRS,dpl,13.5924
2007-10-31,YRS,dpl,21.3513
2007-11-30,YRS,dpl,19.5977
2007-12-31,YRS,dpl,28.1934
2008-01-31,YRS,dpl,103.6160
2008-02-29,YRS,dpl,123.9607
2008-03-31,YRS,dpl,176.2318
2008-04-30,YRS,dpl,199.1200
2008-05-31,YRS,dpl,216.8354
2008-06-30,YRS,dpl,50.5493
2008-07-31,YRS,dpl,18.1016
2008-08-31,YRS,dpl,10.2376
2008-09-30,YRS,dpl,9.1215
2008-10-31,YRS,dpl,16.0062
2008-11-30,YRS,dpl,35.6147
2008-12-31,YRS,dpl,18.5105
2009-01-31,YRS,dpl,86.7683
2009-02-28,YRS,dpl,255.2453
2009-03-31,YRS,dpl,402.0179
2009-04-30,YRS,dpl,200.1309
2009-05-31,YRS,dpl,318.0198
2009-06-30,YRS,dpl,60.4677
2009-07-31,YRS,dpl,28.6919
2009-08-31,YRS,dpl,18.4006
2009-09-30,YRS,dpl,14.5952
2009-10-31,YRS,dpl,29.2822
2009-11-30,YRS,dpl,24.9514
2009-12-31,YRS,dpl,30.0690
2010-01-31,YRS,dpl,146.0095
2010-02-28,YRS,dpl,182.8760
2010-03-31,YRS,dpl,259.5606
2010-04-30,YRS,dpl,319.3252
2010-05-31,YRS,dpl,289.7808
2010-06-30,YRS,dpl,161.6739
2010-07-31,YRS,dpl,46.6740
2010-08-31,YRS,dpl,25.0162
2010-09-30,YRS,dpl,18.7874
2010-10-31,YRS,dpl,66.0033
2010-11-30,YRS,dpl,126.8824
2010-12-31,YRS,dpl,550.1906
2011-01-31,YRS,dpl,239.3427
2011-02-28,YRS,dpl,215.6465
2011-03-31,YRS,dpl,594.5162
2011-04-30,YRS,dpl,568.8601
2011-05-31,YRS,dpl,556.7254
2011-06-30,YRS,dpl,660.8671
2011-07-31,YRS,dpl,279.3715
2011-08-31,YRS,dpl,69.4424
2011-09-30,YRS,dpl,43.8142
2011-10-31,YRS,dpl,68.3546
2011-11-30,YRS,dpl,72.6056
2011-12-31,YRS,dpl,49.8743
2012-01-31,YRS,dpl,122.3528
2012-02-29,YRS,dpl,98.6256
2012-03-31,YRS,dpl,432.6647
2012-04-30,YRS,dpl,512.5885
2012-05-31,YRS,dpl,345.7749
2012-06-30,YRS,dpl,102.2407
2012-07-31,YRS,dpl,44.4739
2012-08-31,YRS,dpl,27.1086
2012-09-30,YRS,dpl,21.2206
2012-10-31,YRS,dpl,27.9307
2012-11-30,YRS,dpl,121.1984
2012-12-31,YRS,dpl,496.6290
2013-01-31,YRS,dpl,147.7134
2013-02-28,YRS,dpl,97.1993
2013-03-31,YRS,dpl,206.5682
2013-04-30,YRS,dpl,113.0984
2013-05-31,YRS,dpl,47.0062
2013-06-30,YRS,dpl,26.9710
2013-07-31,YRS,dpl,15.3909
2013-08-31,YRS,dpl,10.6305
2013-09-30,YRS,dpl,15.8035
2013-10-31,YRS,dpl,13.8048
2013-11-30,YRS,dpl,15.4796
2013-12-31,YRS,dpl,14.6759
2014-01-31,YRS,dpl,16.3972
2014-02-28,YRS,dpl,241.8177
2014-03-31,YRS,dpl,350.0475
2014-04-30,YRS,dpl,208.0430
2014-05-31,YRS,dpl,94.4344
2014-06-30,YRS,dpl,29.8587
2014-07-31,YRS,dpl,14.0391
2014-08-31,YRS,dpl,12.3517
2014-09-30,YRS,dpl,9.8595
2014-10-31,YRS,dpl,14.3995
2014-11-30,YRS,dpl,28.6462
2014-12-31,YRS,dpl,292.7068
2015-01-31,YRS,dpl,97.0184
2015-02-28,YRS,dpl,290.2113
2015-03-31,YRS,dpl,87.6977
2015-04-30,YRS,dpl,58.5880
2015-05-31,YRS,dpl,41.8322
2015-06-30,YRS,dpl,19.5285
2015-07-31,YRS,dpl,11.0050
2015-08-31,YRS,dpl,6.5432
2015-09-30,YRS,dpl,6.1990
2015-10-31,YRS,dpl,9.6024
2015-11-30,YRS,dpl,17.0203
2015-12-31,YRS,dpl,89.0271
2016-01-31,YRS,dpl,356.7706
2016-02-29,YRS,dpl,301.6202
2016-03-31,YRS,dpl,804.1033
2016-04-30,YRS,dpl,366.3428
2016-05-31,YRS,dpl,207.2667
2016-06-30,YRS,dpl,70.5072
2016-07-31,YRS,dpl,37.5024
2016-08-31,YRS,dpl,23.9968
2016-09-30,YRS,dpl,20.6595
2016-10-31,YRS,dpl,112.9191
2016-11-30,YRS,dpl,184.8296
2016-12-31,YRS,dpl,464.6545
2017-01-31,YRS,dpl,772.3837
2017-02-28,YRS,dpl,1308.4143
2017-03-31,YRS,dpl,587.3911
2017-04-30,YRS,dpl,856.6641
2017-05-31,YRS,dpl,661.4223
2017-06-30,YRS,dpl,454.4296
2017-07-31,YRS,dpl,113.7021
2017-08-31,YRS,dpl,52.8866
2017-09-30,YRS,dpl,42.3006
2017-10-31,YRS,dpl,40.2954
2017-11-30,YRS,dpl,289.6377
2017-12-31,YRS,dpl,124.7265
2018-01-31,YRS,dpl,288.8496
2018-02-28,YRS,dpl,106.7770
2018-03-31,YRS,dpl,553.2382
2018-04-30,YRS,dpl,538.3642
2018-05-31,YRS,dpl,164.0353
2018-06-30,YRS,dpl,71.5322
2018-07-31,YRS,dpl,37.1857
2018-08-31,YRS,dpl,24.0062
2018-09-30,YRS,dpl,20.3237
1990-10-31,CSN,dpl,0.9159
1990-11-30,CSN,dpl,1.7198
1990-12-31,CSN,dpl,1.6429
1991-01-31,CSN,dpl,1.4176
1991-02-28,CSN,dpl,2.1453
1991-03-31,CSN,dpl,37.9034
1991-04-30,CSN,dpl,21.9748
1991-05-31,CSN,dpl,10.8368
1991-06-30,CSN,dpl,2.8963
1991-07-31,CSN,dpl,0.8382
1991-08-31,CSN,dpl,0.3766
1991-09-30,CSN,dpl,0.3483
1991-10-31,CSN,dpl,3.0856
1991-11-30,CSN,dpl,2.0419
1991-12-31,CSN,dpl,3.3911
1992-01-31,CSN,dpl,5.3750
1992-02-29,CSN,dpl,38.7144
1992-03-31,CSN,dpl,30.0994
1992-04-30,CSN,dpl,9.1461
1992-05-31,CSN,dpl,2.6176
1992-06-30,CSN,dpl,1.4652
1992-07-31,CSN,dpl,1.2093
1992-08-31,CSN,dpl,0.5127
1992-09-30,CSN,dpl,0.5104
1992-10-31,CSN,dpl,2.3872
1992-11-30,CSN,dpl,1.5245
1992-12-31,CSN,dpl,20.9076
1993-01-31,CSN,dpl,130.9816
1993-02-28,CSN,dpl,110.0924
1993-03-31,CSN,dpl,109.6977
1993-04-30,CSN,dpl,77.0517
1993-05-31,CSN,dpl,41.2892
1993-06-30,CSN,dpl,18.2939
1993-07-31,CSN,dpl,7.1409
1993-08-31,CSN,dpl,4.0059
1993-09-30,CSN,dpl,3.1603
1993-10-31,CSN,dpl,4.3156
1993-11-30,CSN,dpl,4.9801
1993-12-31,CSN,dpl,8.0537
1994-01-31,CSN,dpl,7.4522
1994-02-28,CSN,dpl,23.6855
1994-03-31,CSN,dpl,21.4640
1994-04-30,CSN,dpl,7.0767
1994-05-31,CSN,dpl,4.4472
1994-06-30,CSN,dpl,1.4777
1994-07-31,CSN,dpl,0.6008
1994-08-31,CSN,dpl,0.3339
1994-09-30,CSN,dpl,0.5280
1994-10-31,CSN,dpl,1.3874
1994-11-30,CSN,dpl,7.7835
1994-12-31,CSN,dpl,27.3068
1995-01-31,CSN,dpl,208.6772
1995-02-28,CSN,dpl,57.4301
1995-03-31,CSN,dpl,249.6160
1995-04-30,CSN,dpl,118.0921
1995-05-31,CSN,dpl,105.0522
1995-06-30,CSN,dpl,35.1154
1995-07-31,CSN,dpl,17.9600
1995-08-31,CSN,dpl,8.6807
1995-09-30,CSN,dpl,5.6404
1995-10-31,CSN,dpl,5.7385
1995-11-30,CSN,dpl,6.0739
1995-12-31,CSN,dpl,13.1403
1996-01-31,CSN,dpl,64.2508
1996-02-29,CSN,dpl,136.6721
1996-03-31,CSN,dpl,126.4910
1996-04-30,CSN,dpl,66.5469
1996-05-31,CSN,dpl,45.7230
1996-06-30,CSN,dpl,18.3755
1996-07-31,CSN,dpl,8.2609
1996-08-31,CSN,dpl,4.4500
1996-09-30,CSN,dpl,3.8518
1996-10-31,CSN,dpl,4.9996
1996-11-30,CSN,dpl,11.2743
1996-12-31,CSN,dpl,162.2278
1997-01-31,CSN,dpl,369.2960
1997-02-28,CSN,dpl,76.5091
1997-03-31,CSN,dpl,63.6143
1997-04-30,CSN,dpl,34.8203
1997-05-31,CSN,dpl,18.1988
1997-06-30,CSN,dpl,9.6649
1997-07-31,CSN,dpl,4.9508
1997-08-31,CSN,dpl,3.7113
1997-09-30,CSN,dpl,3.3301
1997-10-31,CSN,dpl,5.2186
1997-11-30,CSN,dpl,8.1133
1997-12-31,CSN,dpl,10.0701
1998-01-31,CSN,dpl,125.1541
1998-02-28,CSN,dpl,241.3633
1998-03-31,CSN,dpl,132.8621
1998-04-30,CSN,dpl,113.6379
1998-05-31,CSN,dpl,77.8657
1998-06-30,CSN,dpl,35.3749
1998-07-31,CSN,dpl,15.6270
1998-08-31,CSN,dpl,7.3509
1998-09-30,CSN,dpl,6.1680
1998-10-31,CSN,dpl,6.5979
1998-11-30,CSN,dpl,10.1439
1998-12-31,CSN,dpl,13.2091
1999-01-31,CSN,dpl,64.2054
1999-02-28,CSN,dpl,180.8014
1999-03-31,CSN,dpl,79.7092
1999-04-30,CSN,dpl,55.4045
1999-05-31,CSN,dpl,26.2509
1999-06-30,CSN,dpl,11.0867
1999-07-31,CSN,dpl,4.5483
1999-08-31,CSN,dpl,3.1578
1999-09-30,CSN,dpl,2.7341
1999-10-31,CSN,dpl,3.6980
1999-11-30,CSN,dpl,6.6762
1999-12-31,CSN,dpl,5.0928
2000-01-31,CSN,dpl,61.4889
2000-02-29,CSN,dpl,194.6279
2000-03-31,CSN,dpl,85.3423
2000-04-30,CSN,dpl,34.4640
2000-05-31,CSN,dpl,25.9564
2000-06-30,CSN,dpl,10.8775
2000-07-31,CSN,dpl,4.1687
2000-08-31,CSN,dpl,2.5871
2000-09-30,CSN,dpl,3.4186
2000-10-31,CSN,dpl,6.5184
2000-11-30,CSN,dpl,5.1875
2000-12-31,CSN,dpl,5.5203
2001-01-31,CSN,dpl,12.1616
2001-02-28,CSN,dpl,34.3692
2001-03-31,CSN,dpl,37.1186
2001-04-30,CSN,dpl,25.1544
2001-05-31,CSN,dpl,8.5035
2001-06-30,CSN,dpl,2.4336
2001-07-31,CSN,dpl,1.1118
2001-08-31,CSN,dpl,0.7081
2001-09-30,CSN,dpl,0.8472
2001-10-31,CSN,dpl,1.4168
2001-11-30,CSN,dpl,5.3523
2001-12-31,CSN,dpl,32.5259
2002-01-31,CSN,dpl,42.4406
2002-02-28,CSN,dpl,55.5505
2002-03-31,CSN,dpl,69.4104
2002-04-30,CSN,dpl,25.9133
2002-05-31,CSN,dpl,12.3987
2002-06-30,CSN,dpl,4.0455
2002-07-31,CSN,dpl,1.5203
2002-08-31,CSN,dpl,0.9505
2002-09-30,CSN,dpl,0.9693
2002-10-31,CSN,dpl,1.3753
2002-11-30,CSN,dpl,4.5626
2002-12-31,CSN,dpl,26.6757
2003-01-31,CSN,dpl,25.8381
2003-02-28,CSN,dpl,20.0698
2003-03-31,CSN,dpl,24.2326
2003-04-30,CSN,dpl,60.8604
2003-05-31,CSN,dpl,43.9257
2003-06-30,CSN,dpl,11.1708
2003-07-31,CSN,dpl,3.7468
2003-08-31,CSN,dpl,2.3127
2003-09-30,CSN,dpl,1.8554
2003-10-31,CSN,dpl,1.8713
2003-11-30,CSN,dpl,3.9787
2003-12-31,CSN,dpl,18.7453
2004-01-31,CSN,dpl,27.0393
2004-02-29,CSN,dpl,65.7130
2004-03-31,CSN,dpl,51.7737
2004-04-30,CSN,dpl,17.2753
2004-05-31,CSN,dpl,6.7933
2004-06-30,CSN,dpl,2.2588
2004-07-31,CSN,dpl,1.0556
2004-08-31,CSN,dpl,0.7806
2004-09-30,CSN,dpl,1.0463
2004-10-31,CSN,dpl,5.9073
2004-11-30,CSN,dpl,5.6789
2004-12-31,CSN,dpl,23.5233
2005-01-31,CSN,dpl,132.4266
2005-02-28,CSN,dpl,69.1986
2005-03-31,CSN,dpl,127.1162
2005-04-30,CSN,dpl,55.9901
2005-05-31,CSN,dpl,42.5527
2005-06-30,CSN,dpl,18.2889
2005-07-31,CSN,dpl,7.2065
2005-08-31,CSN,dpl,3.4902
2005-09-30,CSN,dpl,3.0866
2005-10-31,CSN,dpl,3.5569
2005-11-30,CSN,dpl,4.8949
2005-12-31,CSN,dpl,67.8599
2006-01-31,CSN,dpl,134.1107
2006-02-28,CSN,dpl,71.1250
2006-03-31,CSN,dpl,166.9275
2006-04-30,CSN,dpl,279.3274
2006-05-31,CSN,dpl,67.4293
2006-06-30,CSN,dpl,30.9626
2006-07-31,CSN,dpl,14.5558
2006-08-31,CSN,dpl,7.6161
2006-09-30,CSN,dpl,5.6103
2006-10-31,CSN,dpl,7.2558
2006-11-30,CSN,dpl,9.1524
2006-12-31,CSN,dpl,11.7602
2007-01-31,CSN,dpl,11.2465
2007-02-28,CSN,dpl,46.3471
2007-03-31,CSN,dpl,39.6187
2007-04-30,CSN,dpl,16.3121
2007-05-31,CSN,dpl,7.9099
2007-06-30,CSN,dpl,2.8737
2007-07-31,CSN,dpl,1.4443
2007-08-31,CSN,dpl,0.9871
2007-09-30,CSN,dpl,1.2664
2007-10-31,CSN,dpl,2.1940
2007-11-30,CSN,dpl,2.3558
2007-12-31,CSN,dpl,4.7376
2008-01-31,CSN,dpl,24.0536
2008-02-29,CSN,dpl,37.9536
2008-03-31,CSN,dpl,25.3012
2008-04-30,CSN,dpl,19.5795
2008-05-31,CSN,dpl,5.9971
2008-06-30,CSN,dpl,1.8563
2008-07-31,CSN,dpl,0.7264
2008-08-31,CSN,dpl,0.4755
2008-09-30,CSN,dpl,0.5442
2008-10-31,CSN,dpl,1.4634
2008-11-30,CSN,dpl,4.2890
2008-12-31,CSN,dpl,5.0923
2009-01-31,CSN,dpl,15.5253
2009-02-28,CSN,dpl,45.1695
2009-03-31,CSN,dpl,74.7764
2009-04-30,CSN,dpl,28.4454
2009-05-31,CSN,dpl,25.5099
2009-06-30,CSN,dpl,6.0674
2009-07-31,CSN,dpl,1.7638
2009-08-31,CSN,dpl,0.9639
2009-09-30,CSN,dpl,0.9528
2009-10-31,CSN,dpl,3.2325
2009-11-30,CSN,dpl,2.4948
2009-12-31,CSN,dpl,8.0773
2010-01-31,CSN,dpl,35.5340
2010-02-28,CSN,dpl,39.0932
2010-03-31,CSN,dpl,58.0684
2010-04-30,CSN,dpl,51.8909
2010-05-31,CSN,dpl,33.5572
2010-06-30,CSN,dpl,13.5642
2010-07-31,CSN,dpl,4.3527
2010-08-31,CSN,dpl,2.0220
2010-09-30,CSN,dpl,1.5984
2010-10-31,CSN,dpl,6.1197
2010-11-30,CSN,dpl,13.1374
2010-12-31,CSN,dpl,126.4252
2011-01-31,CSN,dpl,73.7854
2011-02-28,CSN,dpl,90.9783
2011-03-31,CSN,dpl,265.7859
2011-04-30,CSN,dpl,111.2932
2011-05-31,CSN,dpl,81.1800
2011-06-30,CSN,dpl,37.0129
2011-07-31,CSN,dpl,16.3354
2011-08-31,CSN,dpl,7.6811
2011-09-30,CSN,dpl,5.4885
2011-10-31,CSN,dpl,9.0986
2011-11-30,CSN,dpl,8.0148
2011-12-31,CSN,dpl,6.4238
2012-01-31,CSN,dpl,10.3571
2012-02-29,CSN,dpl,7.3412
2012-03-31,CSN,dpl,72.8158
2012-04-30,CSN,dpl,73.1336
2012-05-31,CSN,dpl,18.8471
2012-06-30,CSN,dpl,7.8990
2012-07-31,CSN,dpl,3.5642
2012-08-31,CSN,dpl,2.0386
2012-09-30,CSN,dpl,1.7758
2012-10-31,CSN,dpl,3.3458
2012-11-30,CSN,dpl,7.0073
2012-12-31,CSN,dpl,68.5125
2013-01-31,CSN,dpl,29.3537
2013-02-28,CSN,dpl,18.3936
2013-03-31,CSN,dpl,24.5750
2013-04-30,CSN,dpl,11.1223
2013-05-31,CSN,dpl,4.5680
2013-06-30,CSN,dpl,2.0450
2013-07-31,CSN,dpl,0.8146
2013-08-31,CSN,dpl,0.5322
2013-09-30,CSN,dpl,1.1569
2013-10-31,CSN,dpl,1.2653
2013-11-30,CSN,dpl,2.0766
2013-12-31,CSN,dpl,1.8034
2014-01-31,CSN,dpl,1.7755
2014-02-28,CSN,dpl,22.3060
2014-03-31,CSN,dpl,27.7814
2014-04-30,CSN,dpl,16.1848
2014-05-31,CSN,dpl,4.3278
2014-06-30,CSN,dpl,0.9707
2014-07-31,CSN,dpl,0.3448
2014-08-31,CSN,dpl,0.2397
2014-09-30,CSN,dpl,0.4326
2014-10-31,CSN,dpl,0.8283
2014-11-30,CSN,dpl,2.4469
2014-12-31,CSN,dpl,22.6892
2015-01-31,CSN,dpl,5.1329
2015-02-28,CSN,dpl,41.9288
2015-03-31,CSN,dpl,10.0975
2015-04-30,CSN,dpl,6.3315
2015-05-31,CSN,dpl,2.5666
2015-06-30,CSN,dpl,0.9311
2015-07-31,CSN,dpl,0.3096
2015-08-31,CSN,dpl,0.1376
2015-09-30,CSN,dpl,0.1792
2015-10-31,CSN,dpl,1.0935
2015-11-30,CSN,dpl,3.5668
2015-12-31,CSN,dpl,26.0788
2016-01-31,CSN,dpl,94.0494
2016-02-29,CSN,dpl,56.4890
2016-03-31,CSN,dpl,131.4612
2016-04-30,CSN,dpl,38.0783
2016-05-31,CSN,dpl,20.5627
2016-06-30,CSN,dpl,8.0972
2016-07-31,CSN,dpl,3.1662
2016-08-31,CSN,dpl,1.9937
2016-09-30,CSN,dpl,1.9356
2016-10-31,CSN,dpl,11.8343
2016-11-30,CSN,dpl,20.5024
2016-12-31,CSN,dpl,79.2216
2017-01-31,CSN,dpl,303.2921
2017-02-28,CSN,dpl,411.5385
2017-03-31,CSN,dpl,160.7087
2017-04-30,CSN,dpl,149.0303
2017-05-31,CSN,dpl,57.2170
2017-06-30,CSN,dpl,28.0367
2017-07-31,CSN,dpl,13.0449
2017-08-31,CSN,dpl,6.8898
2017-09-30,CSN,dpl,6.1459
2017-10-31,CSN,dpl,6.8994
2017-11-30,CSN,dpl,16.6086
2017-12-31,CSN,dpl,9.6380
2018-01-31,CSN,dpl,39.9741
2018-02-28,CSN,dpl,11.7859
2018-03-31,CSN,dpl,122.2404
2018-04-30,CSN,dpl,67.4347
2018-05-31,CSN,dpl,23.1775
2018-06-30,CSN,dpl,9.5407
2018-07-31,CSN,dpl,3.6317
2018-08-31,CSN,dpl,2.4482
2018-09-30,CSN,dpl,2.3001
1990-10-31,MKM,dpl,2.5697
1990-11-30,MKM,dpl,3.3077
1990-12-31,MKM,dpl,3.1883
1991-01-31,MKM,dpl,2.9869
1991-02-28,MKM,dpl,10.1900
1991-03-31,MKM,dpl,27.8466
1991-04-30,MKM,dpl,61.5137
1991-05-31,MKM,dpl,94.9697
1991-06-30,MKM,dpl,65.7297
1991-07-31,MKM,dpl,10.7734
1991-08-31,MKM,dpl,3.3092
1991-09-30,MKM,dpl,1.9456
1991-10-31,MKM,dpl,5.6289
1991-11-30,MKM,dpl,11.7511
1991-12-31,MKM,dpl,14.1627
1992-01-31,MKM,dpl,12.0510
1992-02-29,MKM,dpl,52.0733
1992-03-31,MKM,dpl,81.7901
1992-04-30,MKM,dpl,84.4312
1992-05-31,MKM,dpl,42.6194
1992-06-30,MKM,dpl,7.9080
1992-07-31,MKM,dpl,7.0195
1992-08-31,MKM,dpl,2.9465
1992-09-30,MKM,dpl,1.8241
1992-10-31,MKM,dpl,5.0797
1992-11-30,MKM,dpl,7.9737
1992-12-31,MKM,dpl,19.4428
1993-01-31,MKM,dpl,80.7922
1993-02-28,MKM,dpl,76.3192
1993-03-31,MKM,dpl,189.2953
1993-04-30,MKM,dpl,169.1467
1993-05-31,MKM,dpl,245.6749
1993-06-30,MKM,dpl,150.7209
1993-07-31,MKM,dpl,43.3683
1993-08-31,MKM,dpl,10.0182
1993-09-30,MKM,dpl,6.0003
1993-10-31,MKM,dpl,8.4786
1993-11-30,MKM,dpl,7.9322
1993-12-31,MKM,dpl,8.9108
1994-01-31,MKM,dpl,13.9282
1994-02-28,MKM,dpl,25.3905
1994-03-31,MKM,dpl,70.9029
1994-04-30,MKM,dpl,61.2457
1994-05-31,MKM,dpl,60.7282
1994-06-30,MKM,dpl,14.1328
1994-07-31,MKM,dpl,3.2691
1994-08-31,MKM,dpl,1.4759
1994-09-30,MKM,dpl,2.1931
1994-10-31,MKM,dpl,4.8964
1994-11-30,MKM,dpl,14.7743
1994-12-31,MKM,dpl,23.6661
1995-01-31,MKM,dpl,139.0028
1995-02-28,MKM,dpl,68.0991
1995-03-31,MKM,dpl,260.8456
1995-04-30,MKM,dpl,197.2973
1995-05-31,MKM,dpl,285.1976
1995-06-30,MKM,dpl,219.6626
1995-07-31,MKM,dpl,158.3256
1995-08-31,MKM,dpl,34.5281
1995-09-30,MKM,dpl,11.6004
1995-10-31,MKM,dpl,9.9994
1995-11-30,MKM,dpl,9.5073
1995-12-31,MKM,dpl,37.9435
1996-01-31,MKM,dpl,54.4608
1996-02-29,MKM,dpl,174.8944
1996-03-31,MKM,dpl,167.0656
1996-04-30,MKM,dpl,158.7883
1996-05-31,MKM,dpl,228.6713
1996-06-30,MKM,dpl,104.7771
1996-07-31,MKM,dpl,20.9333
1996-08-31,MKM,dpl,8.1163
1996-09-30,MKM,dpl,6.2704
1996-10-31,MKM,dpl,8.0048
1996-11-30,MKM,dpl,35.5212
1996-12-31,MKM,dpl,142.7078
1997-01-31,MKM,dpl,463.7316
1997-02-28,MKM,dpl,82.3608
1997-03-31,MKM,dpl,119.2864
1997-04-30,MKM,dpl,117.4997
1997-05-31,MKM,dpl,171.2479
1997-06-30,MKM,dpl,79.5157
1997-07-31,MKM,dpl,16.5055
1997-08-31,MKM,dpl,6.8347
1997-09-30,MKM,dpl,5.7325
1997-10-31,MKM,dpl,8.7856
1997-11-30,MKM,dpl,16.0857
1997-12-31,MKM,dpl,18.0679
1998-01-31,MKM,dpl,127.1198
1998-02-28,MKM,dpl,191.2640
1998-03-31,MKM,dpl,181.6705
1998-04-30,MKM,dpl,168.3926
1998-05-31,MKM,dpl,208.8902
1998-06-30,MKM,dpl,218.5367
1998-07-31,MKM,dpl,84.7988
1998-08-31,MKM,dpl,18.6763
1998-09-30,MKM,dpl,14.1805
1998-10-31,MKM,dpl,13.9956
1998-11-30,MKM,dpl,26.1955
1998-12-31,MKM,dpl,39.8509
1999-01-31,MKM,dpl,96.7167
1999-02-28,MKM,dpl,181.2724
1999-03-31,MKM,dpl,89.0952
1999-04-30,MKM,dpl,99.2882
1999-05-31,MKM,dpl,147.2565
1999-06-30,MKM,dpl,117.7546
1999-07-31,MKM,dpl,29.6339
1999-08-31,MKM,dpl,8.0962
1999-09-30,MKM,dpl,5.1690
1999-10-31,MKM,dpl,6.4555
1999-11-30,MKM,dpl,12.2368
1999-12-31,MKM,dpl,13.0898
2000-01-31,MKM,dpl,73.8160
2000-02-29,MKM,dpl,183.6014
2000-03-31,MKM,dpl,123.3859
2000-04-30,MKM,dpl,105.1142
2000-05-31,MKM,dpl,122.8010
2000-06-30,MKM,dpl,38.3525
2000-07-31,MKM,dpl,10.3914
2000-08-31,MKM,dpl,5.0638
2000-09-30,MKM,dpl,6.3444
2000-10-31,MKM,dpl,8.8143
2000-11-30,MKM,dpl,8.9151
2000-12-31,MKM,dpl,9.4520
2001-01-31,MKM,dpl,14.0952
2001-02-28,MKM,dpl,27.8092
2001-03-31,MKM,dpl,85.6650
2001-04-30,MKM,dpl,97.6532
2001-05-31,MKM,dpl,60.9884
2001-06-30,MKM,dpl,11.7128
2001-07-31,MKM,dpl,4.1800
2001-08-31,MKM,dpl,2.2637
2001-09-30,MKM,dpl,2.3294
2001-10-31,MKM,dpl,3.1271
2001-11-30,MKM,dpl,9.9943
2001-12-31,MKM,dpl,24.2110
2002-01-31,MKM,dpl,35.0198
2002-02-28,MKM,dpl,60.2966
2002-03-31,MKM,dpl,103.6036
2002-04-30,MKM,dpl,105.7282
2002-05-31,MKM,dpl,60.9072
2002-06-30,MKM,dpl,14.9294
2002-07-31,MKM,dpl,4.1058
2002-08-31,MKM,dpl,2.0643
2002-09-30,MKM,dpl,2.0672
2002-10-31,MKM,dpl,2.6696
2002-11-30,MKM,dpl,19.7754
2002-12-31,MKM,dpl,27.9423
2003-01-31,MKM,dpl,42.1280
2003-02-28,MKM,dpl,38.5401
2003-03-31,MKM,dpl,61.9445
2003-04-30,MKM,dpl,90.0329
2003-05-31,MKM,dpl,115.0981
2003-06-30,MKM,dpl,36.3997
2003-07-31,MKM,dpl,7.8160
2003-08-31,MKM,dpl,4.8546
2003-09-30,MKM,dpl,3.0620
2003-10-31,MKM,dpl,2.9653
2003-11-30,MKM,dpl,5.5213
2003-12-31,MKM,dpl,29.5025
2004-01-31,MKM,dpl,33.8293
2004-02-29,MKM,dpl,56.9741
2004-03-31,MKM,dpl,115.1719
2004-04-30,MKM,dpl,76.9079
2004-05-31,MKM,dpl,30.5182
2004-06-30,MKM,dpl,5.8402
2004-07-31,MKM,dpl,1.9171
2004-08-31,MKM,dpl,1.4217
2004-09-30,MKM,dpl,1.7510
2004-10-31,MKM,dpl,7.4747
2004-11-30,MKM,dpl,13.3172
2004-12-31,MKM,dpl,37.5712
2005-01-31,MKM,dpl,128.2850
2005-02-28,MKM,dpl,81.4189
2005-03-31,MKM,dpl,151.4975
2005-04-30,MKM,dpl,93.8049
2005-05-31,MKM,dpl,206.8147
2005-06-30,MKM,dpl,102.0613
2005-07-31,MKM,dpl,21.3682
2005-08-31,MKM,dpl,7.1832
2005-09-30,MKM,dpl,5.7030
2005-10-31,MKM,dpl,6.5265
2005-11-30,MKM,dpl,7.9265
2005-12-31,MKM,dpl,114.2174
2006-01-31,MKM,dpl,164.6151
2006-02-28,MKM,dpl,96.8546
2006-03-31,MKM,dpl,167.5756
2006-04-30,MKM,dpl,279.9752
2006-05-31,MKM,dpl,271.1508
2006-06-30,MKM,dpl,107.9961
2006-07-31,MKM,dpl,24.8010
2006-08-31,MKM,dpl,11.6146
2006-09-30,MKM,dpl,8.3804
2006-10-31,MKM,dpl,10.8685
2006-11-30,MKM,dpl,13.7553
2006-12-31,MKM,dpl,23.4161
2007-01-31,MKM,dpl,25.8367
2007-02-28,MKM,dpl,67.0716
2007-03-31,MKM,dpl,104.3606
2007-04-30,MKM,dpl,63.9108
2007-05-31,MKM,dpl,27.8753
2007-06-30,MKM,dpl,7.4740
2007-07-31,MKM,dpl,2.9133
2007-08-31,MKM,dpl,1.7980
2007-09-30,MKM,dpl,2.3622
2007-10-31,MKM,dpl,3.9277
2007-11-30,MKM,dpl,4.1165
2007-12-31,MKM,dpl,5.3881
2008-01-31,MKM,dpl,15.8142
2008-02-29,MKM,dpl,32.2811
2008-03-31,MKM,dpl,58.8526
2008-04-30,MKM,dpl,72.5349
2008-05-31,MKM,dpl,68.0892
2008-06-30,MKM,dpl,13.5009
2008-07-31,MKM,dpl,3.3184
2008-08-31,MKM,dpl,1.3445
2008-09-30,MKM,dpl,1.2571
2008-10-31,MKM,dpl,2.8768
2008-11-30,MKM,dpl,9.7014
2008-12-31,MKM,dpl,5.1268
2009-01-31,MKM,dpl,28.4252
2009-02-28,MKM,dpl,51.6465
2009-03-31,MKM,dpl,100.0447
2009-04-30,MKM,dpl,84.9859
2009-05-31,MKM,dpl,82.8513
2009-06-30,MKM,dpl,14.1380
2009-07-31,MKM,dpl,3.9300
2009-08-31,MKM,dpl,1.7576
2009-09-30,MKM,dpl,1.5735
2009-10-31,MKM,dpl,7.6471
2009-11-30,MKM,dpl,4.7099
2009-12-31,MKM,dpl,8.4023
2010-01-31,MKM,dpl,39.9682
2010-02-28,MKM,dpl,49.8071
2010-03-31,MKM,dpl,64.0437
2010-04-30,MKM,dpl,81.3094
2010-05-31,MKM,dpl,105.3362
2010-06-30,MKM,dpl,71.1760
2010-07-31,MKM,dpl,12.0229
2010-08-31,MKM,dpl,3.5818
2010-09-30,MKM,dpl,2.1410
2010-10-31,MKM,dpl,22.8499
2010-11-30,MKM,dpl,30.7583
2010-12-31,MKM,dpl,160.8792
2011-01-31,MKM,dpl,84.9786
2011-02-28,MKM,dpl,68.3974
2011-03-31,MKM,dpl,253.9234
2011-04-30,MKM,dpl,183.6560
2011-05-31,MKM,dpl,208.4644
2011-06-30,MKM,dpl,253.6088
2011-07-31,MKM,dpl,131.2677
2011-08-31,MKM,dpl,22.8940
2011-09-30,MKM,dpl,10.9019
2011-10-31,MKM,dpl,14.9634
2011-11-30,MKM,dpl,12.4105
2011-12-31,MKM,dpl,10.0196
2012-01-31,MKM,dpl,19.5994
2012-02-29,MKM,dpl,20.6726
2012-03-31,MKM,dpl,106.6663
2012-04-30,MKM,dpl,138.6340
2012-05-31,MKM,dpl,63.2049
2012-06-30,MKM,dpl,16.1018
2012-07-31,MKM,dpl,5.8781
2012-08-31,MKM,dpl,3.1506
2012-09-30,MKM,dpl,2.7533
2012-10-31,MKM,dpl,5.2281
2012-11-30,MKM,dpl,16.6634
2012-12-31,MKM,dpl,90.4497
2013-01-31,MKM,dpl,34.4375
2013-02-28,MKM,dpl,21.0815
2013-03-31,MKM,dpl,60.1803
2013-04-30,MKM,dpl,35.0099
2013-05-31,MKM,dpl,10.1529
2013-06-30,MKM,dpl,3.6495
2013-07-31,MKM,dpl,1.2016
2013-08-31,MKM,dpl,0.7886
2013-09-30,MKM,dpl,1.6116
2013-10-31,MKM,dpl,1.9777
2013-11-30,MKM,dpl,2.7966
2013-12-31,MKM,dpl,2.8115
2014-01-31,MKM,dpl,4.1708
2014-02-28,MKM,dpl,68.1860
2014-03-31,MKM,dpl,59.9903
2014-04-30,MKM,dpl,39.6384
2014-05-31,MKM,dpl,15.3033
2014-06-30,MKM,dpl,3.6141
2014-07-31,MKM,dpl,0.9615
2014-08-31,MKM,dpl,0.5578
2014-09-30,MKM,dpl,1.1792
2014-10-31,MKM,dpl,1.4698
2014-11-30,MKM,dpl,5.3425
2014-12-31,MKM,dpl,47.1148
2015-01-31,MKM,dpl,20.8931
2015-02-28,MKM,dpl,91.6910
2015-03-31,MKM,dpl,23.2827
2015-04-30,MKM,dpl,12.0653
2015-05-31,MKM,dpl,9.3104
2015-06-30,MKM,dpl,3.2530
2015-07-31,MKM,dpl,1.0820
2015-08-31,MKM,dpl,0.2542
2015-09-30,MKM,dpl,0.3549
2015-10-31,MKM,dpl,2.4161
2015-11-30,MKM,dpl,8.8908
2015-12-31,MKM,dpl,46.6048
2016-01-31,MKM,dpl,106.3060
2016-02-29,MKM,dpl,101.1651
2016-03-31,MKM,dpl,194.2281
2016-04-30,MKM,dpl,122.8954
2016-05-31,MKM,dpl,61.8843
2016-06-30,MKM,dpl,14.1077
2016-07-31,MKM,dpl,4.6019
2016-08-31,MKM,dpl,2.4109
2016-09-30,MKM,dpl,2.4782
2016-10-31,MKM,dpl,40.0628
2016-11-30,MKM,dpl,51.1882
2016-12-31,MKM,dpl,128.1228
2017-01-31,MKM,dpl,237.4199
2017-02-28,MKM,dpl,429.0712
2017-03-31,MKM,dpl,225.6352
2017-04-30,MKM,dpl,243.2153
2017-05-31,MKM,dpl,251.3282
2017-06-30,MKM,dpl,153.8133
2017-07-31,MKM,dpl,38.0769
2017-08-31,MKM,dpl,12.5842
2017-09-30,MKM,dpl,9.4929
2017-10-31,MKM,dpl,10.4197
2017-11-30,MKM,dpl,34.6116
2017-12-31,MKM,dpl,26.9867
2018-01-31,MKM,dpl,57.7407
2018-02-28,MKM,dpl,26.7656
2018-03-31,MKM,dpl,151.2302
2018-04-30,MKM,dpl,170.7914
2018-05-31,MKM,dpl,46.2265
2018-06-30,MKM,dpl,14.8140
2018-07-31,MKM,dpl,6.0567
2018-08-31,MKM,dpl,3.7679
2018-09-30,MKM,dpl,3.5784
1990-10-31,NML,dpl,6.7259
1990-11-30,NML,dpl,7.7904
1990-12-31,NML,dpl,7.2778
1991-01-31,NML,dpl,6.8713
1991-02-28,NML,dpl,9.3107
1991-03-31,NML,dpl,48.7654
1991-04-30,NML,dpl,89.1960
1991-05-31,NML,dpl,140.0309
1991-06-30,NML,dpl,121.5443
1991-07-31,NML,dpl,36.1059
1991-08-31,NML,dpl,9.7820
1991-09-30,NML,dpl,6.1676
1991-10-31,NML,dpl,9.7610
1991-11-30,NML,dpl,12.9585
1991-12-31,NML,dpl,17.3716
1992-01-31,NML,dpl,15.9206
1992-02-29,NML,dpl,67.9930
1992-03-31,NML,dpl,112.9616
1992-04-30,NML,dpl,137.1441
1992-05-31,NML,dpl,91.9490
1992-06-30,NML,dpl,20.0516
1992-07-31,NML,dpl,27.0056
1992-08-31,NML,dpl,8.1696
1992-09-30,NML,dpl,5.5139
1992-10-31,NML,dpl,9.0886
1992-11-30,NML,dpl,7.9810
1992-12-31,NML,dpl,15.5007
1993-01-31,NML,dpl,113.7472
1993-02-28,NML,dpl,97.4435
1993-03-31,NML,dpl,259.5352
1993-04-30,NML,dpl,275.0768
1993-05-31,NML,dpl,408.3374
1993-06-30,NML,dpl,225.3691
1993-07-31,NML,dpl,96.1758
1993-08-31,NML,dpl,25.0606
1993-09-30,NML,dpl,14.4135
1993-10-31,NML,dpl,16.5295
1993-11-30,NML,dpl,14.4282
1993-12-31,NML,dpl,14.1695
1994-01-31,NML,dpl,15.6699
1994-02-28,NML,dpl,25.2539
1994-03-31,NML,dpl,86.9224
1994-04-30,NML,dpl,96.5381
1994-05-31,NML,dpl,104.5851
1994-06-30,NML,dpl,38.7806
1994-07-31,NML,dpl,10.4136
1994-08-31,NML,dpl,5.6984
1994-09-30,NML,dpl,6.2939
1994-10-31,NML,dpl,10.1502
1994-11-30,NML,dpl,15.0546
1994-12-31,NML,dpl,18.2962
1995-01-31,NML,dpl,195.7606
1995-02-28,NML,dpl,85.6932
1995-03-31,NML,dpl,382.0359
1995-04-30,NML,dpl,297.2993
1995-05-31,NML,dpl,473.0263
1995-06-30,NML,dpl,370.1270
1995-07-31,NML,dpl,285.2405
1995-08-31,NML,dpl,97.5081
1995-09-30,NML,dpl,33.8817
1995-10-31,NML,dpl,20.0873
1995-11-30,NML,dpl,17.9774
1995-12-31,NML,dpl,33.4163
1996-01-31,NML,dpl,58.0403
1996-02-29,NML,dpl,236.2703
1996-03-31,NML,dpl,214.6009
1996-04-30,NML,dpl,263.3240
1996-05-31,NML,dpl,348.7219
1996-06-30,NML,dpl,200.0567
1996-07-31,NML,dpl,70.8727
1996-08-31,NML,dpl,23.1964
1996-09-30,NML,dpl,16.3123
1996-10-31,NML,dpl,16.7925
1996-11-30,NML,dpl,40.9171
1996-12-31,NML,dpl,179.8693
1997-01-31,NML,dpl,664.5966
1997-02-28,NML,dpl,111.8253
1997-03-31,NML,dpl,204.0537
1997-04-30,NML,dpl,177.5305
1997-05-31,NML,dpl,257.2701
1997-06-30,NML,dpl,139.9944
1997-07-31,NML,dpl,51.9793
1997-08-31,NML,dpl,20.2291
1997-09-30,NML,dpl,14.1608
1997-10-31,NML,dpl,15.9870
1997-11-30,NML,dpl,19.6685
1997-12-31,NML,dpl,19.9774
1998-01-31,NML,dpl,173.3202
1998-02-28,NML,dpl,245.2197
1998-03-31,NML,dpl,246.1787
1998-04-30,NML,dpl,243.0677
1998-05-31,NML,dpl,306.3756
1998-06-30,NML,dpl,381.5878
1998-07-31,NML,dpl,226.7973
1998-08-31,NML,dpl,62.4667
1998-09-30,NML,dpl,28.7907
1998-10-31,NML,dpl,20.2801
1998-11-30,NML,dpl,27.7676
1998-12-31,NML,dpl,41.7228
1999-01-31,NML,dpl,127.4617
1999-02-28,NML,dpl,229.6516
1999-03-31,NML,dpl,126.4878
1999-04-30,NML,dpl,159.3461
1999-05-31,NML,dpl,245.2090
1999-06-30,NML,dpl,190.1720
1999-07-31,NML,dpl,70.1232
1999-08-31,NML,dpl,19.2637
1999-09-30,NML,dpl,12.9650
1999-10-31,NML,dpl,14.2962
1999-11-30,NML,dpl,19.7814
1999-12-31,NML,dpl,15.2445
2000-01-31,NML,dpl,111.0211
2000-02-29,NML,dpl,234.0273
2000-03-31,NML,dpl,196.4047
2000-04-30,NML,dpl,190.5064
2000-05-31,NML,dpl,225.9802
2000-06-30,NML,dpl,106.0644
2000-07-31,NML,dpl,34.7026
2000-08-31,NML,dpl,13.6526
2000-09-30,NML,dpl,14.6721
2000-10-31,NML,dpl,15.8168
2000-11-30,NML,dpl,13.7963
2000-12-31,NML,dpl,13.5404
2001-01-31,NML,dpl,19.2182
2001-02-28,NML,dpl,30.7014
2001-03-31,NML,dpl,131.1194
2001-04-30,NML,dpl,162.2854
2001-05-31,NML,dpl,164.0787
2001-06-30,NML,dpl,41.7038
2001-07-31,NML,dpl,14.2986
2001-08-31,NML,dpl,8.9355
2001-09-30,NML,dpl,8.3139
2001-10-31,NML,dpl,8.8536
2001-11-30,NML,dpl,15.8389
2001-12-31,NML,dpl,37.0069
2002-01-31,NML,dpl,50.0301
2002-02-28,NML,dpl,79.8275
2002-03-31,NML,dpl,151.8142
2002-04-30,NML,dpl,169.2595
2002-05-31,NML,dpl,130.0803
2002-06-30,NML,dpl,79.7854
2002-07-31,NML,dpl,24.4203
2002-08-31,NML,dpl,8.6916
2002-09-30,NML,dpl,7.7337
2002-10-31,NML,dpl,7.6586
2002-11-30,NML,dpl,32.0278
2002-12-31,NML,dpl,36.4199
2003-01-31,NML,dpl,59.1400
2003-02-28,NML,dpl,55.3640
2003-03-31,NML,dpl,100.0138
2003-04-30,NML,dpl,139.1001
2003-05-31,NML,dpl,215.1079
2003-06-30,NML,dpl,112.0748
2003-07-31,NML,dpl,36.6226
2003-08-31,NML,dpl,16.1684
2003-09-30,NML,dpl,9.8075
2003-10-31,NML,dpl,9.0500
2003-11-30,NML,dpl,11.7347
2003-12-31,NML,dpl,47.7514
2004-01-31,NML,dpl,42.8548
2004-02-29,NML,dpl,75.3982
2004-03-31,NML,dpl,189.2820
2004-04-30,NML,dpl,117.2922
2004-05-31,NML,dpl,72.2158
2004-06-30,NML,dpl,40.3202
2004-07-31,NML,dpl,9.6664
2004-08-31,NML,dpl,6.7160
2004-09-30,NML,dpl,6.3879
2004-10-31,NML,dpl,15.4725
2004-11-30,NML,dpl,20.3766
2004-12-31,NML,dpl,36.6356
2005-01-31,NML,dpl,196.0425
2005-02-28,NML,dpl,130.5907
2005-03-31,NML,dpl,228.4726
2005-04-30,NML,dpl,155.2602
2005-05-31,NML,dpl,369.4745
2005-06-30,NML,dpl,261.1502
2005-07-31,NML,dpl,151.3213
2005-08-31,NML,dpl,48.9678
2005-09-30,NML,dpl,18.5804
2005-10-31,NML,dpl,17.5643
2005-11-30,NML,dpl,16.9211
2005-12-31,NML,dpl,165.1891
2006-01-31,NML,dpl,248.9098
2006-02-28,NML,dpl,130.9119
2006-03-31,NML,dpl,217.7660
2006-04-30,NML,dpl,417.2081
2006-05-31,NML,dpl,477.5117
2006-06-30,NML,dpl,263.3866
2006-07-31,NML,dpl,104.6698
2006-08-31,NML,dpl,28.5494
2006-09-30,NML,dpl,18.5882
2006-10-31,NML,dpl,20.1778
2006-11-30,NML,dpl,21.0002
2006-12-31,NML,dpl,26.1379
2007-01-31,NML,dpl,29.7263
2007-02-28,NML,dpl,92.9721
2007-03-31,NML,dpl,150.4397
2007-04-30,NML,dpl,99.8560
2007-05-31,NML,dpl,84.0452
2007-06-30,NML,dpl,25.7926
2007-07-31,NML,dpl,11.0807
2007-08-31,NML,dpl,8.8829
2007-09-30,NML,dpl,8.9215
2007-10-31,NML,dpl,9.7988
2007-11-30,NML,dpl,9.9451
2007-12-31,NML,dpl,10.8637
2008-01-31,NML,dpl,31.2341
2008-02-29,NML,dpl,42.1768
2008-03-31,NML,dpl,73.5868
2008-04-30,NML,dpl,129.3327
2008-05-31,NML,dpl,171.0996
2008-06-30,NML,dpl,70.2995
2008-07-31,NML,dpl,20.5541
2008-08-31,NML,dpl,8.3666
2008-09-30,NML,dpl,6.8603
2008-10-31,NML,dpl,9.6296
2008-11-30,NML,dpl,21.8731
2008-12-31,NML,dpl,11.6034
2009-01-31,NML,dpl,54.7011
2009-02-28,NML,dpl,79.5818
2009-03-31,NML,dpl,163.1501
2009-04-30,NML,dpl,159.4756
2009-05-31,NML,dpl,225.2554
2009-06-30,NML,dpl,54.5822
2009-07-31,NML,dpl,20.0643
2009-08-31,NML,dpl,9.4498
2009-09-30,NML,dpl,6.8352
2009-10-31,NML,dpl,16.6586
2009-11-30,NML,dpl,11.3929
2009-12-31,NML,dpl,14.6448
2010-01-31,NML,dpl,50.7130
2010-02-28,NML,dpl,76.5854
2010-03-31,NML,dpl,109.9550
2010-04-30,NML,dpl,132.5984
2010-05-31,NML,dpl,167.3036
2010-06-30,NML,dpl,194.0412
2010-07-31,NML,dpl,67.6279
2010-08-31,NML,dpl,14.7936
2010-09-30,NML,dpl,9.1783
2010-10-31,NML,dpl,39.6707
2010-11-30,NML,dpl,44.2987
2010-12-31,NML,dpl,251.8623
2011-01-31,NML,dpl,122.4745
2011-02-28,NML,dpl,96.9931
2011-03-31,NML,dpl,353.3973
2011-04-30,NML,dpl,283.1663
2011-05-31,NML,dpl,330.7120
2011-06-30,NML,dpl,397.9737
2011-07-31,NML,dpl,270.0190
2011-08-31,NML,dpl,81.5376
2011-09-30,NML,dpl,28.7730
2011-10-31,NML,dpl,28.3030
2011-11-30,NML,dpl,21.0731
2011-12-31,NML,dpl,17.6835
2012-01-31,NML,dpl,46.1942
2012-02-29,NML,dpl,41.6118
2012-03-31,NML,dpl,126.9908
2012-04-30,NML,dpl,186.3778
2012-05-31,NML,dpl,92.9655
2012-06-30,NML,dpl,31.6240
2012-07-31,NML,dpl,14.4604
2012-08-31,NML,dpl,10.6088
2012-09-30,NML,dpl,8.0499
2012-10-31,NML,dpl,10.0339
2012-11-30,NML,dpl,20.2828
2012-12-31,NML,dpl,95.7310
2013-01-31,NML,dpl,37.0182
2013-02-28,NML,dpl,27.6573
2013-03-31,NML,dpl,69.7904
2013-04-30,NML,dpl,36.0911
2013-05-31,NML,dpl,20.8966
2013-06-30,NML,dpl,7.2455
2013-07-31,NML,dpl,4.2307
2013-08-31,NML,dpl,3.4974
2013-09-30,NML,dpl,4.2835
2013-10-31,NML,dpl,5.0052
2013-11-30,NML,dpl,6.0280
2013-12-31,NML,dpl,6.1437
2014-01-31,NML,dpl,6.6722
2014-02-28,NML,dpl,67.8963
2014-03-31,NML,dpl,92.6489
2014-04-30,NML,dpl,68.0022
2014-05-31,NML,dpl,36.0160
2014-06-30,NML,dpl,14.6726
2014-07-31,NML,dpl,6.9486
2014-08-31,NML,dpl,3.5807
2014-09-30,NML,dpl,3.8266
2014-10-31,NML,dpl,4.0479
2014-11-30,NML,dpl,8.5362
2014-12-31,NML,dpl,45.0295
2015-01-31,NML,dpl,26.3083
2015-02-28,NML,dpl,142.0964
2015-03-31,NML,dpl,35.2095
2015-04-30,NML,dpl,19.9972
2015-05-31,NML,dpl,27.4002
2015-06-30,NML,dpl,12.6875
2015-07-31,NML,dpl,6.2192
2015-08-31,NML,dpl,2.5528
2015-09-30,NML,dpl,2.2860
2015-10-31,NML,dpl,5.6502
2015-11-30,NML,dpl,12.9116
2015-12-31,NML,dpl,42.5359
2016-01-31,NML,dpl,117.4665
2016-02-29,NML,dpl,147.2825
2016-03-31,NML,dpl,297.8136
2016-04-30,NML,dpl,194.9039
2016-05-31,NML,dpl,122.0473
2016-06-30,NML,dpl,61.5631
2016-07-31,NML,dpl,21.2795
2016-08-31,NML,dpl,8.6360
2016-09-30,NML,dpl,6.6519
2016-10-31,NML,dpl,44.4140
2016-11-30,NML,dpl,58.3611
2016-12-31,NML,dpl,186.3204
2017-01-31,NML,dpl,356.4989
2017-02-28,NML,dpl,617.5553
2017-03-31,NML,dpl,353.8024
2017-04-30,NML,dpl,419.5919
2017-05-31,NML,dpl,389.7624
2017-06-30,NML,dpl,266.1497
2017-07-31,NML,dpl,136.5416
2017-08-31,NML,dpl,52.4729
2017-09-30,NML,dpl,22.6992
2017-10-31,NML,dpl,20.2160
2017-11-30,NML,dpl,46.5932
2017-12-31,NML,dpl,36.6010
2018-01-31,NML,dpl,94.7441
2018-02-28,NML,dpl,38.1462
2018-03-31,NML,dpl,234.3431
2018-04-30,NML,dpl,297.8921
2018-05-31,NML,dpl,104.9404
2018-06-30,NML,dpl,47.5354
2018-07-31,NML,dpl,20.9064
2018-08-31,NML,dpl,11.9737
2018-09-30,NML,dpl,10.5791
1990-10-31,TLG,dpl,8.4245
1990-11-30,TLG,dpl,10.7252
1990-12-31,TLG,dpl,9.4384
1991-01-31,TLG,dpl,10.2349
1991-02-28,TLG,dpl,15.8046
1991-03-31,TLG,dpl,111.5253
1991-04-30,TLG,dpl,135.2861
1991-05-31,TLG,dpl,221.8047
1991-06-30,TLG,dpl,327.8484
1991-07-31,TLG,dpl,80.1277
1991-08-31,TLG,dpl,14.3612
1991-09-30,TLG,dpl,9.0841
1991-10-31,TLG,dpl,14.5900
1991-11-30,TLG,dpl,19.9902
1991-12-31,TLG,dpl,22.1488
1992-01-31,TLG,dpl,34.0678
1992-02-29,TLG,dpl,100.6735
1992-03-31,TLG,dpl,149.1254
1992-04-30,TLG,dpl,228.2372
1992-05-31,TLG,dpl,193.0784
1992-06-30,TLG,dpl,30.1825
1992-07-31,TLG,dpl,57.1601
1992-08-31,TLG,dpl,12.6419
1992-09-30,TLG,dpl,8.1376
1992-10-31,TLG,dpl,13.6782
1992-11-30,TLG,dpl,15.3729
1992-12-31,TLG,dpl,23.3553
1993-01-31,TLG,dpl,173.5356
1993-02-28,TLG,dpl,170.5967
1993-03-31,TLG,dpl,382.1813
1993-04-30,TLG,dpl,347.9871
1993-05-31,TLG,dpl,563.6006
1993-06-30,TLG,dpl,377.4258
1993-07-31,TLG,dpl,148.8040
1993-08-31,TLG,dpl,33.8499
1993-09-30,TLG,dpl,19.3270
1993-10-31,TLG,dpl,23.0115
1993-11-30,TLG,dpl,20.7317
1993-12-31,TLG,dpl,24.6858
1994-01-31,TLG,dpl,23.9802
1994-02-28,TLG,dpl,43.7086
1994-03-31,TLG,dpl,131.0351
1994-04-30,TLG,dpl,133.8025
1994-05-31,TLG,dpl,180.0498
1994-06-30,TLG,dpl,71.1302
1994-07-31,TLG,dpl,12.2500
1994-08-31,TLG,dpl,7.1422
1994-09-30,TLG,dpl,8.8034
1994-10-31,TLG,dpl,26.3363
1994-11-30,TLG,dpl,37.2999
1994-12-31,TLG,dpl,40.8711
1995-01-31,TLG,dpl,345.1759
1995-02-28,TLG,dpl,159.4107
1995-03-31,TLG,dpl,568.0769
1995-04-30,TLG,dpl,372.9246
1995-05-31,TLG,dpl,605.2510
1995-06-30,TLG,dpl,623.0271
1995-07-31,TLG,dpl,545.6802
1995-08-31,TLG,dpl,143.5504
1995-09-30,TLG,dpl,49.5053
1995-10-31,TLG,dpl,31.5100
1995-11-30,TLG,dpl,26.2751
1995-12-31,TLG,dpl,51.3305
1996-01-31,TLG,dpl,100.3047
1996-02-29,TLG,dpl,337.2873
1996-03-31,TLG,dpl,343.8587
1996-04-30,TLG,dpl,322.9520
1996-05-31,TLG,dpl,499.4181
1996-06-30,TLG,dpl,430.7959
1996-07-31,TLG,dpl,120.9640
1996-08-31,TLG,dpl,33.7515
1996-09-30,TLG,dpl,21.3101
1996-10-31,TLG,dpl,23.4217
1996-11-30,TLG,dpl,93.8862
1996-12-31,TLG,dpl,304.4254
1997-01-31,TLG,dpl,994.8214
1997-02-28,TLG,dpl,204.7110
1997-03-31,TLG,dpl,277.0574
1997-04-30,TLG,dpl,218.4234
1997-05-31,TLG,dpl,476.6795
1997-06-30,TLG,dpl,306.9726
1997-07-31,TLG,dpl,95.6460
1997-08-31,TLG,dpl,34.5900
1997-09-30,TLG,dpl,20.5553
1997-10-31,TLG,dpl,22.4636
1997-11-30,TLG,dpl,26.7895
1997-12-31,TLG,dpl,30.0771
1998-01-31,TLG,dpl,203.0165
1998-02-28,TLG,dpl,357.6361
1998-03-31,TLG,dpl,349.5690
1998-04-30,TLG,dpl,337.0284
1998-05-31,TLG,dpl,388.0902
1998-06-30,TLG,dpl,662.6324
1998-07-31,TLG,dpl,575.9830
1998-08-31,TLG,dpl,113.2945
1998-09-30,TLG,dpl,48.1031
1998-10-31,TLG,dpl,31.8804
1998-11-30,TLG,dpl,35.9140
1998-12-31,TLG,dpl,53.3610
1999-01-31,TLG,dpl,183.8342
1999-02-28,TLG,dpl,270.6845
1999-03-31,TLG,dpl,160.9621
1999-04-30,TLG,dpl,203.2222
1999-05-31,TLG,dpl,333.2641
1999-06-30,TLG,dpl,310.1561
1999-07-31,TLG,dpl,88.3890
1999-08-31,TLG,dpl,22.5265
1999-09-30,TLG,dpl,17.3786
1999-10-31,TLG,dpl,18.8929
1999-11-30,TLG,dpl,30.0440
1999-12-31,TLG,dpl,21.0406
2000-01-31,TLG,dpl,134.7475
2000-02-29,TLG,dpl,301.8833
2000-03-31,TLG,dpl,273.3421
2000-04-30,TLG,dpl,309.7476
2000-05-31,TLG,dpl,430.4152
2000-06-30,TLG,dpl,232.6397
2000-07-31,TLG,dpl,47.8337
2000-08-31,TLG,dpl,19.4148
2000-09-30,TLG,dpl,20.6573
2000-10-31,TLG,dpl,23.1208
2000-11-30,TLG,dpl,20.7290
2000-12-31,TLG,dpl,23.2119
2001-01-31,TLG,dpl,31.7957
2001-02-28,TLG,dpl,46.9659
2001-03-31,TLG,dpl,175.0467
2001-04-30,TLG,dpl,219.2439
2001-05-31,TLG,dpl,356.0428
2001-06-30,TLG,dpl,71.7532
2001-07-31,TLG,dpl,23.5639
2001-08-31,TLG,dpl,11.8657
2001-09-30,TLG,dpl,11.9113
2001-10-31,TLG,dpl,13.5336
2001-11-30,TLG,dpl,28.8161
2001-12-31,TLG,dpl,66.2881
2002-01-31,TLG,dpl,102.9321
2002-02-28,TLG,dpl,121.0745
2002-03-31,TLG,dpl,156.1419
2002-04-30,TLG,dpl,259.9899
2002-05-31,TLG,dpl,248.2812
2002-06-30,TLG,dpl,206.8487
2002-07-31,TLG,dpl,33.8685
2002-08-31,TLG,dpl,11.5626
2002-09-30,TLG,dpl,11.5762
2002-10-31,TLG,dpl,11.9163
2002-11-30,TLG,dpl,77.4440
2002-12-31,TLG,dpl,74.6522
2003-01-31,TLG,dpl,99.7590
2003-02-28,TLG,dpl,71.6081
2003-03-31,TLG,dpl,139.4062
2003-04-30,TLG,dpl,202.5680
2003-05-31,TLG,dpl,406.8680
2003-06-30,TLG,dpl,301.1213
2003-07-31,TLG,dpl,56.0184
2003-08-31,TLG,dpl,25.7304
2003-09-30,TLG,dpl,15.9635
2003-10-31,TLG,dpl,14.6840
2003-11-30,TLG,dpl,20.0619
2003-12-31,TLG,dpl,78.9754
2004-01-31,TLG,dpl,80.9741
2004-02-29,TLG,dpl,127.2220
2004-03-31,TLG,dpl,305.0362
2004-04-30,TLG,dpl,203.7858
2004-05-31,TLG,dpl,191.7953
2004-06-30,TLG,dpl,86.6958
2004-07-31,TLG,dpl,17.6053
2004-08-31,TLG,dpl,11.0442
2004-09-30,TLG,dpl,10.7299
2004-10-31,TLG,dpl,34.5118
2004-11-30,TLG,dpl,49.5905
2004-12-31,TLG,dpl,71.4837
2005-01-31,TLG,dpl,331.2958
2005-02-28,TLG,dpl,216.1220
2005-03-31,TLG,dpl,328.5104
2005-04-30,TLG,dpl,243.1482
2005-05-31,TLG,dpl,611.4107
2005-06-30,TLG,dpl,510.5835
2005-07-31,TLG,dpl,417.2648
2005-08-31,TLG,dpl,90.2894
2005-09-30,TLG,dpl,38.3172
2005-10-31,TLG,dpl,30.0816
2005-11-30,TLG,dpl,26.6327
2005-12-31,TLG,dpl,217.5557
2006-01-31,TLG,dpl,344.1446
2006-02-28,TLG,dpl,169.4293
2006-03-31,TLG,dpl,311.7292
2006-04-30,TLG,dpl,577.2806
2006-05-31,TLG,dpl,759.0107
2006-06-30,TLG,dpl,585.9354
2006-07-31,TLG,dpl,242.6307
2006-08-31,TLG,dpl,59.2185
2006-09-30,TLG,dpl,28.8485
2006-10-31,TLG,dpl,31.9058
2006-11-30,TLG,dpl,35.8042
2006-12-31,TLG,dpl,41.9038
2007-01-31,TLG,dpl,45.4841
2007-02-28,TLG,dpl,93.5643
2007-03-31,TLG,dpl,192.3744
2007-04-30,TLG,dpl,144.8740
2007-05-31,TLG,dpl,157.3718
2007-06-30,TLG,dpl,32.6403
2007-07-31,TLG,dpl,15.2764
2007-08-31,TLG,dpl,12.5454
2007-09-30,TLG,dpl,13.7051
2007-10-31,TLG,dpl,14.7464
2007-11-30,TLG,dpl,15.4096
2007-12-31,TLG,dpl,18.3018
2008-01-31,TLG,dpl,64.8799
2008-02-29,TLG,dpl,107.4291
2008-03-31,TLG,dpl,145.5948
2008-04-30,TLG,dpl,186.2349
2008-05-31,TLG,dpl,326.9181
2008-06-30,TLG,dpl,202.9879
2008-07-31,TLG,dpl,38.0312
2008-08-31,TLG,dpl,12.6568
2008-09-30,TLG,dpl,10.9356
2008-10-31,TLG,dpl,16.1739
2008-11-30,TLG,dpl,70.5384
2008-12-31,TLG,dpl,25.9711
2009-01-31,TLG,dpl,127.0899
2009-02-28,TLG,dpl,145.6772
2009-03-31,TLG,dpl,267.6930
2009-04-30,TLG,dpl,238.9016
2009-05-31,TLG,dpl,458.8234
2009-06-30,TLG,dpl,124.3570
2009-07-31,TLG,dpl,39.7660
2009-08-31,TLG,dpl,16.7948
2009-09-30,TLG,dpl,12.9755
2009-10-31,TLG,dpl,34.0201
2009-11-30,TLG,dpl,22.5086
2009-12-31,TLG,dpl,31.4318
2010-01-31,TLG,dpl,84.0817
2010-02-28,TLG,dpl,136.6940
2010-03-31,TLG,dpl,198.7280
2010-04-30,TLG,dpl,222.3777
2010-05-31,TLG,dpl,264.8420
2010-06-30,TLG,dpl,456.3649
2010-07-31,TLG,dpl,147.1439
2010-08-31,TLG,dpl,26.3897
2010-09-30,TLG,dpl,15.8085
2010-10-31,TLG,dpl,73.5847
2010-11-30,TLG,dpl,77.6469
2010-12-31,TLG,dpl,380.7119
2011-01-31,TLG,dpl,201.0587
2011-02-28,TLG,dpl,161.0562
2011-03-31,TLG,dpl,493.7263
2011-04-30,TLG,dpl,410.0212
2011-05-31,TLG,dpl,453.1820
2011-06-30,TLG,dpl,595.1008
2011-07-31,TLG,dpl,428.1075
2011-08-31,TLG,dpl,94.4538
2011-09-30,TLG,dpl,50.3801
2011-10-31,TLG,dpl,58.2683
2011-11-30,TLG,dpl,33.5668
2011-12-31,TLG,dpl,26.5446
2012-01-31,TLG,dpl,68.1702
2012-02-29,TLG,dpl,62.8140
2012-03-31,TLG,dpl,126.9819
2012-04-30,TLG,dpl,259.1888
2012-05-31,TLG,dpl,203.5059
2012-06-30,TLG,dpl,48.0983
2012-07-31,TLG,dpl,17.1599
2012-08-31,TLG,dpl,14.1254
2012-09-30,TLG,dpl,11.5370
2012-10-31,TLG,dpl,15.0401
2012-11-30,TLG,dpl,57.4355
2012-12-31,TLG,dpl,174.3875
2013-01-31,TLG,dpl,71.1994
2013-02-28,TLG,dpl,51.9421
2013-03-31,TLG,dpl,122.1818
2013-04-30,TLG,dpl,113.7166
2013-05-31,TLG,dpl,130.1098
2013-06-30,TLG,dpl,36.2315
2013-07-31,TLG,dpl,11.4833
2013-08-31,TLG,dpl,7.2962
2013-09-30,TLG,dpl,8.6191
2013-10-31,TLG,dpl,10.1714
2013-11-30,TLG,dpl,12.2267
2013-12-31,TLG,dpl,13.1543
2014-01-31,TLG,dpl,17.3576
2014-02-28,TLG,dpl,66.3243
2014-03-31,TLG,dpl,135.5885
2014-04-30,TLG,dpl,157.9531
2014-05-31,TLG,dpl,119.1253
2014-06-30,TLG,dpl,33.6339
2014-07-31,TLG,dpl,12.7577
2014-08-31,TLG,dpl,6.9848
2014-09-30,TLG,dpl,6.5925
2014-10-31,TLG,dpl,7.6115
2014-11-30,TLG,dpl,15.5758
2014-12-31,TLG,dpl,52.1654
2015-01-31,TLG,dpl,29.1530
2015-02-28,TLG,dpl,162.7514
2015-03-31,TLG,dpl,71.0208
2015-04-30,TLG,dpl,54.1307
2015-05-31,TLG,dpl,96.0214
2015-06-30,TLG,dpl,41.5521
2015-07-31,TLG,dpl,14.0291
2015-08-31,TLG,dpl,5.1426
2015-09-30,TLG,dpl,4.4736
2015-10-31,TLG,dpl,12.2041
2015-11-30,TLG,dpl,31.6032
2015-12-31,TLG,dpl,51.3390
2016-01-31,TLG,dpl,161.6510
2016-02-29,TLG,dpl,206.9659
2016-03-31,TLG,dpl,441.5613
2016-04-30,TLG,dpl,296.1835
2016-05-31,TLG,dpl,259.4291
2016-06-30,TLG,dpl,230.6708
2016-07-31,TLG,dpl,47.6363
2016-08-31,TLG,dpl,14.3433
2016-09-30,TLG,dpl,11.9074
2016-10-31,TLG,dpl,65.4631
2016-11-30,TLG,dpl,75.5060
2016-12-31,TLG,dpl,239.4708
2017-01-31,TLG,dpl,538.7112
2017-02-28,TLG,dpl,792.9678
2017-03-31,TLG,dpl,473.1119
2017-04-30,TLG,dpl,554.3232
2017-05-31,TLG,dpl,630.0586
2017-06-30,TLG,dpl,648.2452
2017-07-31,TLG,dpl,327.1276
2017-08-31,TLG,dpl,80.3349
2017-09-30,TLG,dpl,42.4573
2017-10-31,TLG,dpl,32.0793
2017-11-30,TLG,dpl,90.4213
2017-12-31,TLG,dpl,56.4088
2018-01-31,TLG,dpl,130.8824
2018-02-28,TLG,dpl,55.0038
2018-03-31,TLG,dpl,306.2148
2018-04-30,TLG,dpl,436.6731
2018-05-31,TLG,dpl,272.8712
2018-06-30,TLG,dpl,131.8975
2018-07-31,TLG,dpl,35.1096
2018-08-31,TLG,dpl,21.0639
2018-09-30,TLG,dpl,17.7274
1990-10-31,MRC,dpl,1.9524
1990-11-30,MRC,dpl,3.5640
1990-12-31,MRC,dpl,2.9378
1991-01-31,MRC,dpl,3.3568
1991-02-28,MRC,dpl,7.4265
1991-03-31,MRC,dpl,91.0304
1991-04-30,MRC,dpl,119.7236
1991-05-31,MRC,dpl,207.3655
1991-06-30,MRC,dpl,185.7449
1991-07-31,MRC,dpl,38.7700
1991-08-31,MRC,dpl,7.2207
1991-09-30,MRC,dpl,3.1830
1991-10-31,MRC,dpl,5.8113
1991-11-30,MRC,dpl,7.1924
1991-12-31,MRC,dpl,8.8144
1992-01-31,MRC,dpl,18.5593
1992-02-29,MRC,dpl,76.2965
1992-03-31,MRC,dpl,112.6065
1992-04-30,MRC,dpl,185.0738
1992-05-31,MRC,dpl,85.1513
1992-06-30,MRC,dpl,17.2126
1992-07-31,MRC,dpl,13.4270
1992-08-31,MRC,dpl,4.1239
1992-09-30,MRC,dpl,2.2677
1992-10-31,MRC,dpl,5.4443
1992-11-30,MRC,dpl,4.6677
1992-12-31,MRC,dpl,16.8042
1993-01-31,MRC,dpl,167.1024
1993-02-28,MRC,dpl,153.6399
1993-03-31,MRC,dpl,272.5795
1993-04-30,MRC,dpl,261.2544
1993-05-31,MRC,dpl,455.7328
1993-06-30,MRC,dpl,242.4814
1993-07-31,MRC,dpl,71.2490
1993-08-31,MRC,dpl,17.8129
1993-09-30,MRC,dpl,8.0651
1993-10-31,MRC,dpl,9.0713
1993-11-30,MRC,dpl,8.7642
1993-12-31,MRC,dpl,12.9850
1994-01-31,MRC,dpl,14.4147
1994-02-28,MRC,dpl,42.2938
1994-03-31,MRC,dpl,90.2410
1994-04-30,MRC,dpl,100.2862
1994-05-31,MRC,dpl,78.4794
1994-06-30,MRC,dpl,21.5246
1994-07-31,MRC,dpl,3.9732
1994-08-31,MRC,dpl,1.6120
1994-09-30,MRC,dpl,3.3860
1994-10-31,MRC,dpl,24.7529
1994-11-30,MRC,dpl,42.7198
1994-12-31,MRC,dpl,49.6067
1995-01-31,MRC,dpl,282.2336
1995-02-28,MRC,dpl,131.6556
1995-03-31,MRC,dpl,509.3690
1995-04-30,MRC,dpl,276.1191
1995-05-31,MRC,dpl,394.6129
1995-06-30,MRC,dpl,456.8411
1995-07-31,MRC,dpl,201.6339
1995-08-31,MRC,dpl,50.6332
1995-09-30,MRC,dpl,14.4412
1995-10-31,MRC,dpl,10.2037
1995-11-30,MRC,dpl,8.8697
1995-12-31,MRC,dpl,31.5711
1996-01-31,MRC,dpl,85.5883
1996-02-29,MRC,dpl,228.5488
1996-03-31,MRC,dpl,272.7126
1996-04-30,MRC,dpl,286.2363
1996-05-31,MRC,dpl,408.1336
1996-06-30,MRC,dpl,154.8489
1996-07-31,MRC,dpl,44.0545
1996-08-31,MRC,dpl,12.8576
1996-09-30,MRC,dpl,6.7716
1996-10-31,MRC,dpl,9.0336
1996-11-30,MRC,dpl,77.7583
1996-12-31,MRC,dpl,245.5283
1997-01-31,MRC,dpl,607.8930
1997-02-28,MRC,dpl,149.9083
1997-03-31,MRC,dpl,193.7295
1997-04-30,MRC,dpl,160.8902
1997-05-31,MRC,dpl,281.3445
1997-06-30,MRC,dpl,88.8346
1997-07-31,MRC,dpl,28.1447
1997-08-31,MRC,dpl,9.5565
1997-09-30,MRC,dpl,6.3774
1997-10-31,MRC,dpl,5.9125
1997-11-30,MRC,dpl,10.4054
1997-12-31,MRC,dpl,11.2407
1998-01-31,MRC,dpl,96.0991
1998-02-28,MRC,dpl,236.9947
1998-03-31,MRC,dpl,254.6052
1998-04-30,MRC,dpl,229.9224
1998-05-31,MRC,dpl,249.2723
1998-06-30,MRC,dpl,476.3429
1998-07-31,MRC,dpl,227.5657
1998-08-31,MRC,dpl,45.3773
1998-09-30,MRC,dpl,16.4277
1998-10-31,MRC,dpl,10.7331
1998-11-30,MRC,dpl,13.3195
1998-12-31,MRC,dpl,13.8112
1999-01-31,MRC,dpl,108.1502
1999-02-28,MRC,dpl,157.2446
1999-03-31,MRC,dpl,95.1299
1999-04-30,MRC,dpl,147.6350
1999-05-31,MRC,dpl,201.6553
1999-06-30,MRC,dpl,91.6486
1999-07-31,MRC,dpl,23.9141
1999-08-31,MRC,dpl,5.6325
1999-09-30,MRC,dpl,3.3418
1999-10-31,MRC,dpl,4.0151
1999-11-30,MRC,dpl,8.2297
1999-12-31,MRC,dpl,5.4662
2000-01-31,MRC,dpl,55.3588
2000-02-29,MRC,dpl,185.2680
2000-03-31,MRC,dpl,182.9670
2000-04-30,MRC,dpl,237.4827
2000-05-31,MRC,dpl,230.9725
2000-06-30,MRC,dpl,64.1458
2000-07-31,MRC,dpl,11.5942
2000-08-31,MRC,dpl,3.9662
2000-09-30,MRC,dpl,4.5361
2000-10-31,MRC,dpl,7.8699
2000-11-30,MRC,dpl,6.4968
2000-12-31,MRC,dpl,7.0884
2001-01-31,MRC,dpl,14.0729
2001-02-28,MRC,dpl,32.1413
2001-03-31,MRC,dpl,134.2218
2001-04-30,MRC,dpl,150.0823
2001-05-31,MRC,dpl,204.8704
2001-06-30,MRC,dpl,38.9180
2001-07-31,MRC,dpl,10.6289
2001-08-31,MRC,dpl,2.6429
2001-09-30,MRC,dpl,2.6101
2001-10-31,MRC,dpl,3.8564
2001-11-30,MRC,dpl,11.3470
2001-12-31,MRC,dpl,55.2076
2002-01-31,MRC,dpl,68.0799
2002-02-28,MRC,dpl,71.1063
2002-03-31,MRC,dpl,100.7489
2002-04-30,MRC,dpl,192.6177
2002-05-31,MRC,dpl,169.7898
2002-06-30,MRC,dpl,72.9089
2002-07-31,MRC,dpl,12.5433
2002-08-31,MRC,dpl,2.8730
2002-09-30,MRC,dpl,2.8297
2002-10-31,MRC,dpl,3.0899
2002-11-30,MRC,dpl,50.2878
2002-12-31,MRC,dpl,51.9294
2003-01-31,MRC,dpl,67.0528
2003-02-28,MRC,dpl,53.7494
2003-03-31,MRC,dpl,111.0144
2003-04-30,MRC,dpl,150.1438
2003-05-31,MRC,dpl,261.5820
2003-06-30,MRC,dpl,123.3101
2003-07-31,MRC,dpl,22.4056
2003-08-31,MRC,dpl,8.2390
2003-09-30,MRC,dpl,3.8455
2003-10-31,MRC,dpl,3.5420
2003-11-30,MRC,dpl,6.8785
2003-12-31,MRC,dpl,23.9483
2004-01-31,MRC,dpl,39.9032
2004-02-29,MRC,dpl,69.8101
2004-03-31,MRC,dpl,205.7889
2004-04-30,MRC,dpl,159.3065
2004-05-31,MRC,dpl,87.1220
2004-06-30,MRC,dpl,23.8638
2004-07-31,MRC,dpl,4.7193
2004-08-31,MRC,dpl,1.9602
2004-09-30,MRC,dpl,2.0872
2004-10-31,MRC,dpl,21.0270
2004-11-30,MRC,dpl,24.3145
2004-12-31,MRC,dpl,43.7006
2005-01-31,MRC,dpl,210.0652
2005-02-28,MRC,dpl,147.0904
2005-03-31,MRC,dpl,233.2533
2005-04-30,MRC,dpl,180.9912
2005-05-31,MRC,dpl,428.7217
2005-06-30,MRC,dpl,280.8749
2005-07-31,MRC,dpl,103.1073
2005-08-31,MRC,dpl,18.6622
2005-09-30,MRC,dpl,8.5920
2005-10-31,MRC,dpl,8.2564
2005-11-30,MRC,dpl,7.9210
2005-12-31,MRC,dpl,67.6151
2006-01-31,MRC,dpl,203.5212
2006-02-28,MRC,dpl,103.5114
2006-03-31,MRC,dpl,194.7684
2006-04-30,MRC,dpl,363.4494
2006-05-31,MRC,dpl,531.9404
2006-06-30,MRC,dpl,229.3596
2006-07-31,MRC,dpl,68.2689
2006-08-31,MRC,dpl,14.5439
2006-09-30,MRC,dpl,8.3546
2006-10-31,MRC,dpl,10.2767
2006-11-30,MRC,dpl,10.3812
2006-12-31,MRC,dpl,24.0521
2007-01-31,MRC,dpl,18.2438
2007-02-28,MRC,dpl,43.9565
2007-03-31,MRC,dpl,106.4760
2007-04-30,MRC,dpl,69.5828
2007-05-31,MRC,dpl,32.2756
2007-06-30,MRC,dpl,6.9861
2007-07-31,MRC,dpl,6.8539
2007-08-31,MRC,dpl,2.3510
2007-09-30,MRC,dpl,2.6192
2007-10-31,MRC,dpl,3.1110
2007-11-30,MRC,dpl,3.0671
2007-12-31,MRC,dpl,5.8867
2008-01-31,MRC,dpl,31.0765
2008-02-29,MRC,dpl,67.0416
2008-03-31,MRC,dpl,75.2077
2008-04-30,MRC,dpl,104.0863
2008-05-31,MRC,dpl,192.1364
2008-06-30,MRC,dpl,70.7818
2008-07-31,MRC,dpl,13.5439
2008-08-31,MRC,dpl,2.8662
2008-09-30,MRC,dpl,1.7945
2008-10-31,MRC,dpl,4.2239
2008-11-30,MRC,dpl,31.1169
2008-12-31,MRC,dpl,13.0208
2009-01-31,MRC,dpl,81.2995
2009-02-28,MRC,dpl,97.4998
2009-03-31,MRC,dpl,152.2080
2009-04-30,MRC,dpl,147.7256
2009-05-31,MRC,dpl,239.6695
2009-06-30,MRC,dpl,46.8015
2009-07-31,MRC,dpl,12.4617
2009-08-31,MRC,dpl,3.4545
2009-09-30,MRC,dpl,2.3348
2009-10-31,MRC,dpl,8.2511
2009-11-30,MRC,dpl,5.2951
2009-12-31,MRC,dpl,14.3432
2010-01-31,MRC,dpl,52.1239
2010-02-28,MRC,dpl,90.4848
2010-03-31,MRC,dpl,124.0750
2010-04-30,MRC,dpl,118.3603
2010-05-31,MRC,dpl,178.6591
2010-06-30,MRC,dpl,196.3989
2010-07-31,MRC,dpl,40.2220
2010-08-31,MRC,dpl,8.7165
2010-09-30,MRC,dpl,3.3935
2010-10-31,MRC,dpl,13.4806
2010-11-30,MRC,dpl,14.6299
2010-12-31,MRC,dpl,135.4686
2011-01-31,MRC,dpl,116.4374
2011-02-28,MRC,dpl,111.7917
2011-03-31,MRC,dpl,304.2358
2011-04-30,MRC,dpl,245.6812
2011-05-31,MRC,dpl,280.1399
2011-06-30,MRC,dpl,322.0655
2011-07-31,MRC,dpl,123.8201
2011-08-31,MRC,dpl,22.8266
2011-09-30,MRC,dpl,13.4612
2011-10-31,MRC,dpl,22.4684
2011-11-30,MRC,dpl,10.7628
2011-12-31,MRC,dpl,7.8265
2012-01-31,MRC,dpl,28.3169
2012-02-29,MRC,dpl,22.4134
2012-03-31,MRC,dpl,51.6766
2012-04-30,MRC,dpl,136.2920
2012-05-31,MRC,dpl,83.2639
2012-06-30,MRC,dpl,16.4496
2012-07-31,MRC,dpl,7.8786
2012-08-31,MRC,dpl,2.5120
2012-09-30,MRC,dpl,1.7623
2012-10-31,MRC,dpl,3.8550
2012-11-30,MRC,dpl,11.5731
2012-12-31,MRC,dpl,92.4053
2013-01-31,MRC,dpl,45.3750
2013-02-28,MRC,dpl,33.5603
2013-03-31,MRC,dpl,94.1583
2013-04-30,MRC,dpl,105.8592
2013-05-31,MRC,dpl,81.9233
2013-06-30,MRC,dpl,25.0423
2013-07-31,MRC,dpl,7.0307
2013-08-31,MRC,dpl,1.6004
2013-09-30,MRC,dpl,2.4696
2013-10-31,MRC,dpl,3.1676
2013-11-30,MRC,dpl,3.7838
2013-12-31,MRC,dpl,4.1831
2014-01-31,MRC,dpl,7.6954
2014-02-28,MRC,dpl,26.1703
2014-03-31,MRC,dpl,63.2880
2014-04-30,MRC,dpl,84.6185
2014-05-31,MRC,dpl,43.2136
2014-06-30,MRC,dpl,10.2461
2014-07-31,MRC,dpl,3.1567
2014-08-31,MRC,dpl,1.3102
2014-09-30,MRC,dpl,1.6523
2014-10-31,MRC,dpl,1.5874
2014-11-30,MRC,dpl,4.5775
2014-12-31,MRC,dpl,11.9855
2015-01-31,MRC,dpl,9.3983
2015-02-28,MRC,dpl,76.8606
2015-03-31,MRC,dpl,38.5084
2015-04-30,MRC,dpl,24.1579
2015-05-31,MRC,dpl,31.3790
2015-06-30,MRC,dpl,13.9064
2015-07-31,MRC,dpl,6.1148
2015-08-31,MRC,dpl,1.0870
2015-09-30,MRC,dpl,1.0424
2015-10-31,MRC,dpl,5.2646
2015-11-30,MRC,dpl,15.6992
2015-12-31,MRC,dpl,22.4793
2016-01-31,MRC,dpl,81.5626
2016-02-29,MRC,dpl,123.7705
2016-03-31,MRC,dpl,251.9327
2016-04-30,MRC,dpl,191.3775
2016-05-31,MRC,dpl,152.4255
2016-06-30,MRC,dpl,84.3108
2016-07-31,MRC,dpl,15.8415
2016-08-31,MRC,dpl,4.4836
2016-09-30,MRC,dpl,2.1147
2016-10-31,MRC,dpl,21.9140
2016-11-30,MRC,dpl,28.3583
2016-12-31,MRC,dpl,128.8836
2017-01-31,MRC,dpl,286.3054
2017-02-28,MRC,dpl,428.2375
2017-03-31,MRC,dpl,306.7000
2017-04-30,MRC,dpl,368.9512
2017-05-31,MRC,dpl,468.7135
2017-06-30,MRC,dpl,353.1419
2017-07-31,MRC,dpl,111.2492
2017-08-31,MRC,dpl,28.4981
2017-09-30,MRC,dpl,12.9086
2017-10-31,MRC,dpl,9.5274
2017-11-30,MRC,dpl,19.0552
2017-12-31,MRC,dpl,17.7893
2018-01-31,MRC,dpl,56.4365
2018-02-28,MRC,dpl,28.8456
2018-03-31,MRC,dpl,150.6312
2018-04-30,MRC,dpl,287.7552
2018-05-31,MRC,dpl,137.1724
2018-06-30,MRC,dpl,44.3532
2018-07-31,MRC,dpl,12.9697
2018-08-31,MRC,dpl,7.4427
2018-09-30,MRC,dpl,5.2087
1990-10-31,MIL,dpl,10.0314
1990-11-30,MIL,dpl,9.8892
1990-12-31,MIL,dpl,10.4837
1991-01-31,MIL,dpl,11.0016
1991-02-28,MIL,dpl,11.5616
1991-03-31,MIL,dpl,140.7769
1991-04-30,MIL,dpl,150.0834
1991-05-31,MIL,dpl,288.8522
1991-06-30,MIL,dpl,372.2494
1991-07-31,MIL,dpl,147.4378
1991-08-31,MIL,dpl,31.4575
1991-09-30,MIL,dpl,21.5721
1991-10-31,MIL,dpl,19.4682
1991-11-30,MIL,dpl,25.6433
1991-12-31,MIL,dpl,19.9256
1992-01-31,MIL,dpl,30.7729
1992-02-29,MIL,dpl,90.8393
1992-03-31,MIL,dpl,141.3700
1992-04-30,MIL,dpl,245.1564
1992-05-31,MIL,dpl,181.2194
1992-06-30,MIL,dpl,55.3281
1992-07-31,MIL,dpl,26.8481
1992-08-31,MIL,dpl,23.3060
1992-09-30,MIL,dpl,14.8146
1992-10-31,MIL,dpl,17.2318
1992-11-30,MIL,dpl,14.4162
1992-12-31,MIL,dpl,24.5418
1993-01-31,MIL,dpl,175.3111
1993-02-28,MIL,dpl,173.3290
1993-03-31,MIL,dpl,320.0156
1993-04-30,MIL,dpl,324.5430
1993-05-31,MIL,dpl,689.3950
1993-06-30,MIL,dpl,490.5383
1993-07-31,MIL,dpl,235.3073
1993-08-31,MIL,dpl,66.4153
1993-09-30,MIL,dpl,29.2938
1993-10-31,MIL,dpl,26.5515
1993-11-30,MIL,dpl,25.8766
1993-12-31,MIL,dpl,29.6156
1994-01-31,MIL,dpl,34.9633
1994-02-28,MIL,dpl,56.4082
1994-03-31,MIL,dpl,138.3279
1994-04-30,MIL,dpl,138.7549
1994-05-31,MIL,dpl,173.9188
1994-06-30,MIL,dpl,116.3729
1994-07-31,MIL,dpl,25.2766
1994-08-31,MIL,dpl,18.3838
1994-09-30,MIL,dpl,25.4705
1994-10-31,MIL,dpl,58.6590
1994-11-30,MIL,dpl,29.7010
1994-12-31,MIL,dpl,39.5828
1995-01-31,MIL,dpl,305.5956
1995-02-28,MIL,dpl,146.1122
1995-03-31,MIL,dpl,602.4487
1995-04-30,MIL,dpl,339.1393
1995-05-31,MIL,dpl,550.8240
1995-06-30,MIL,dpl,730.0190
1995-07-31,MIL,dpl,520.6064
1995-08-31,MIL,dpl,160.6497
1995-09-30,MIL,dpl,51.1973
1995-10-31,MIL,dpl,33.5184
1995-11-30,MIL,dpl,28.1351
1995-12-31,MIL,dpl,51.8556
1996-01-31,MIL,dpl,91.2294
1996-02-29,MIL,dpl,269.6519
1996-03-31,MIL,dpl,337.3412
1996-04-30,MIL,dpl,330.2946
1996-05-31,MIL,dpl,508.4170
1996-06-30,MIL,dpl,326.4504
1996-07-31,MIL,dpl,139.9436
1996-08-31,MIL,dpl,42.4901
1996-09-30,MIL,dpl,24.6497
1996-10-31,MIL,dpl,26.4649
1996-11-30,MIL,dpl,118.4939
1996-12-31,MIL,dpl,346.9423
1997-01-31,MIL,dpl,770.8105
1997-02-28,MIL,dpl,170.8012
1997-03-31,MIL,dpl,262.1786
1997-04-30,MIL,dpl,241.1851
1997-05-31,MIL,dpl,447.3668
1997-06-30,MIL,dpl,262.5757
1997-07-31,MIL,dpl,133.9307
1997-08-31,MIL,dpl,44.9426
1997-09-30,MIL,dpl,26.5522
1997-10-31,MIL,dpl,24.3731
1997-11-30,MIL,dpl,30.2913
1997-12-31,MIL,dpl,33.5070
1998-01-31,MIL,dpl,124.0566
1998-02-28,MIL,dpl,228.6638
1998-03-31,MIL,dpl,251.7570
1998-04-30,MIL,dpl,262.7682
1998-05-31,MIL,dpl,379.2825
1998-06-30,MIL,dpl,732.6677
1998-07-31,MIL,dpl,642.7959
1998-08-31,MIL,dpl,153.4962
1998-09-30,MIL,dpl,59.7594
1998-10-31,MIL,dpl,35.1730
1998-11-30,MIL,dpl,35.0360
1998-12-31,MIL,dpl,36.5739
1999-01-31,MIL,dpl,115.4030
1999-02-28,MIL,dpl,138.9904
1999-03-31,MIL,dpl,120.1794
1999-04-30,MIL,dpl,201.5799
1999-05-31,MIL,dpl,310.6342
1999-06-30,MIL,dpl,242.4567
1999-07-31,MIL,dpl,80.1000
1999-08-31,MIL,dpl,25.9842
1999-09-30,MIL,dpl,20.0350
1999-10-31,MIL,dpl,18.4666
1999-11-30,MIL,dpl,22.6284
1999-12-31,MIL,dpl,17.6682
2000-01-31,MIL,dpl,67.1941
2000-02-29,MIL,dpl,193.3315
2000-03-31,MIL,dpl,193.7840
2000-04-30,MIL,dpl,303.8878
2000-05-31,MIL,dpl,420.6621
2000-06-30,MIL,dpl,200.4772
2000-07-31,MIL,dpl,40.3283
2000-08-31,MIL,dpl,27.9423
2000-09-30,MIL,dpl,20.8428
2000-10-31,MIL,dpl,24.2231
2000-11-30,MIL,dpl,20.0305
2000-12-31,MIL,dpl,18.6504
2001-01-31,MIL,dpl,23.7362
2001-02-28,MIL,dpl,38.3124
2001-03-31,MIL,dpl,132.6222
2001-04-30,MIL,dpl,223.5286
2001-05-31,MIL,dpl,528.0572
2001-06-30,MIL,dpl,215.7912
2001-07-31,MIL,dpl,73.8758
2001-08-31,MIL,dpl,26.3890
2001-09-30,MIL,dpl,20.9444
2001-10-31,MIL,dpl,17.9156
2001-11-30,MIL,dpl,27.8784
2001-12-31,MIL,dpl,70.9467
2002-01-31,MIL,dpl,93.9364
2002-02-28,MIL,dpl,77.0091
2002-03-31,MIL,dpl,107.6172
2002-04-30,MIL,dpl,248.9627
2002-05-31,MIL,dpl,271.9579
2002-06-30,MIL,dpl,255.2810
2002-07-31,MIL,dpl,56.4858
2002-08-31,MIL,dpl,21.3368
2002-09-30,MIL,dpl,16.0087
2002-10-31,MIL,dpl,13.6043
2002-11-30,MIL,dpl,81.0664
2002-12-31,MIL,dpl,67.4388
2003-01-31,MIL,dpl,70.5222
2003-02-28,MIL,dpl,81.3537
2003-03-31,MIL,dpl,138.1956
2003-04-30,MIL,dpl,142.6421
2003-05-31,MIL,dpl,424.6248
2003-06-30,MIL,dpl,341.3657
2003-07-31,MIL,dpl,81.7968
2003-08-31,MIL,dpl,31.9525
2003-09-30,MIL,dpl,21.1402
2003-10-31,MIL,dpl,17.6043
2003-11-30,MIL,dpl,18.2653
2003-12-31,MIL,dpl,27.2341
2004-01-31,MIL,dpl,34.9979
2004-02-29,MIL,dpl,50.6693
2004-03-31,MIL,dpl,195.1421
2004-04-30,MIL,dpl,205.1226
2004-05-31,MIL,dpl,203.0559
2004-06-30,MIL,dpl,121.5581
2004-07-31,MIL,dpl,29.6322
2004-08-31,MIL,dpl,18.4759
2004-09-30,MIL,dpl,12.9879
2004-10-31,MIL,dpl,40.8692
2004-11-30,MIL,dpl,42.7390
2004-12-31,MIL,dpl,47.7165
2005-01-31,MIL,dpl,172.0398
2005-02-28,MIL,dpl,178.8222
2005-03-31,MIL,dpl,240.5614
2005-04-30,MIL,dpl,194.4225
2005-05-31,MIL,dpl,783.5706
2005-06-30,MIL,dpl,728.5153
2005-07-31,MIL,dpl,570.2306
2005-08-31,MIL,dpl,207.3053
2005-09-30,MIL,dpl,53.3322
2005-10-31,MIL,dpl,33.2152
2005-11-30,MIL,dpl,28.3161
2005-12-31,MIL,dpl,109.1226
2006-01-31,MIL,dpl,151.7861
2006-02-28,MIL,dpl,113.7197
2006-03-31,MIL,dpl,203.7228
2006-04-30,MIL,dpl,473.9028
2006-05-31,MIL,dpl,1033.8394
2006-06-30,MIL,dpl,799.5023
2006-07-31,MIL,dpl,464.1074
2006-08-31,MIL,dpl,123.0160
2006-09-30,MIL,dpl,49.1262
2006-10-31,MIL,dpl,40.2937
2006-11-30,MIL,dpl,33.7133
2006-12-31,MIL,dpl,34.8275
2007-01-31,MIL,dpl,35.3871
2007-02-28,MIL,dpl,60.2197
2007-03-31,MIL,dpl,163.4378
2007-04-30,MIL,dpl,168.3015
2007-05-31,MIL,dpl,211.8906
2007-06-30,MIL,dpl,113.6794
2007-07-31,MIL,dpl,54.8513
2007-08-31,MIL,dpl,42.1713
2007-09-30,MIL,dpl,23.3887
2007-10-31,MIL,dpl,15.3017
2007-11-30,MIL,dpl,14.8505
2007-12-31,MIL,dpl,18.0458
2008-01-31,MIL,dpl,28.5448
2008-02-29,MIL,dpl,45.8668
2008-03-31,MIL,dpl,62.5711
2008-04-30,MIL,dpl,119.6227
2008-05-31,MIL,dpl,346.4945
2008-06-30,MIL,dpl,308.0770
2008-07-31,MIL,dpl,150.3428
2008-08-31,MIL,dpl,34.6073
2008-09-30,MIL,dpl,16.8022
2008-10-31,MIL,dpl,19.2842
2008-11-30,MIL,dpl,48.6017
2008-12-31,MIL,dpl,20.9852
2009-01-31,MIL,dpl,78.0178
2009-02-28,MIL,dpl,87.0118
2009-03-31,MIL,dpl,121.5391
2009-04-30,MIL,dpl,163.0701
2009-05-31,MIL,dpl,454.8340
2009-06-30,MIL,dpl,152.2219
2009-07-31,MIL,dpl,111.8760
2009-08-31,MIL,dpl,24.6816
2009-09-30,MIL,dpl,18.7172
2009-10-31,MIL,dpl,53.7837
2009-11-30,MIL,dpl,29.2962
2009-12-31,MIL,dpl,35.1602
2010-01-31,MIL,dpl,61.5709
2010-02-28,MIL,dpl,88.7636
2010-03-31,MIL,dpl,119.8801
2010-04-30,MIL,dpl,175.2826
2010-05-31,MIL,dpl,248.4781
2010-06-30,MIL,dpl,556.8487
2010-07-31,MIL,dpl,282.8863
2010-08-31,MIL,dpl,68.2555
2010-09-30,MIL,dpl,28.2222
2010-10-31,MIL,dpl,41.7879
2010-11-30,MIL,dpl,29.1668
2010-12-31,MIL,dpl,139.8187
2011-01-31,MIL,dpl,131.4134
2011-02-28,MIL,dpl,99.3732
2011-03-31,MIL,dpl,235.9524
2011-04-30,MIL,dpl,287.6210
2011-05-31,MIL,dpl,389.3814
2011-06-30,MIL,dpl,656.0969
2011-07-31,MIL,dpl,446.4536
2011-08-31,MIL,dpl,170.9665
2011-09-30,MIL,dpl,61.3782
2011-10-31,MIL,dpl,48.3543
2011-11-30,MIL,dpl,28.2682
2011-12-31,MIL,dpl,23.8638
2012-01-31,MIL,dpl,33.2183
2012-02-29,MIL,dpl,26.2690
2012-03-31,MIL,dpl,53.0971
2012-04-30,MIL,dpl,160.2716
2012-05-31,MIL,dpl,180.5669
2012-06-30,MIL,dpl,92.2526
2012-07-31,MIL,dpl,39.9846
2012-08-31,MIL,dpl,23.1186
2012-09-30,MIL,dpl,13.6375
2012-10-31,MIL,dpl,13.9426
2012-11-30,MIL,dpl,19.8268
2012-12-31,MIL,dpl,104.8781
2013-01-31,MIL,dpl,49.8295
2013-02-28,MIL,dpl,37.0884
2013-03-31,MIL,dpl,115.9971
2013-04-30,MIL,dpl,119.8574
2013-05-31,MIL,dpl,153.8666
2013-06-30,MIL,dpl,101.3842
2013-07-31,MIL,dpl,23.1809
2013-08-31,MIL,dpl,13.8874
2013-09-30,MIL,dpl,12.6111
2013-10-31,MIL,dpl,10.4826
2013-11-30,MIL,dpl,11.4077
2013-12-31,MIL,dpl,11.8061
2014-01-31,MIL,dpl,13.3115
2014-02-28,MIL,dpl,23.7928
2014-03-31,MIL,dpl,44.9336
2014-04-30,MIL,dpl,87.3113
2014-05-31,MIL,dpl,81.0456
2014-06-30,MIL,dpl,65.6544
2014-07-31,MIL,dpl,19.0014
2014-08-31,MIL,dpl,13.3574
2014-09-30,MIL,dpl,11.4700
2014-10-31,MIL,dpl,7.7454
2014-11-30,MIL,dpl,11.7574
2014-12-31,MIL,dpl,18.3899
2015-01-31,MIL,dpl,14.5042
2015-02-28,MIL,dpl,79.6729
2015-03-31,MIL,dpl,56.8323
2015-04-30,MIL,dpl,37.2462
2015-05-31,MIL,dpl,46.2175
2015-06-30,MIL,dpl,86.0091
2015-07-31,MIL,dpl,18.8123
2015-08-31,MIL,dpl,13.6301
2015-09-30,MIL,dpl,10.1241
2015-10-31,MIL,dpl,15.2022
2015-11-30,MIL,dpl,18.9227
2015-12-31,MIL,dpl,29.3990
2016-01-31,MIL,dpl,81.3611
2016-02-29,MIL,dpl,120.3424
2016-03-31,MIL,dpl,285.7092
2016-04-30,MIL,dpl,262.5542
2016-05-31,MIL,dpl,233.9403
2016-06-30,MIL,dpl,297.1081
2016-07-31,MIL,dpl,110.5315
2016-08-31,MIL,dpl,21.6364
2016-09-30,MIL,dpl,13.4575
2016-10-31,MIL,dpl,32.4108
2016-11-30,MIL,dpl,33.1683
2016-12-31,MIL,dpl,153.5507
2017-01-31,MIL,dpl,304.6793
2017-02-28,MIL,dpl,440.8564
2017-03-31,MIL,dpl,369.7915
2017-04-30,MIL,dpl,466.3571
2017-05-31,MIL,dpl,648.5223
2017-06-30,MIL,dpl,681.4067
2017-07-31,MIL,dpl,375.6257
2017-08-31,MIL,dpl,116.3632
2017-09-30,MIL,dpl,47.3752
2017-10-31,MIL,dpl,30.0699
2017-11-30,MIL,dpl,38.9362
2017-12-31,MIL,dpl,33.8263
2018-01-31,MIL,dpl,54.8786
2018-02-28,MIL,dpl,33.9243
2018-03-31,MIL,dpl,165.3717
2018-04-30,MIL,dpl,408.9469
2018-05-31,MIL,dpl,237.5740
2018-06-30,MIL,dpl,164.9833
2018-07-31,MIL,dpl,66.3051
2018-08-31,MIL,dpl,26.3440
2018-09-30,MIL,dpl,19.2122
1990-10-31,SHA,bcm,193.7467
1990-11-30,SHA,bcm,187.5992
1990-12-31,SHA,bcm,181.2996
1991-01-31,SHA,bcm,175.4267
1991-02-28,SHA,bcm,179.6570
1991-03-31,SHA,bcm,772.6118
1991-04-30,SHA,bcm,269.7959
1991-05-31,SHA,bcm,280.6702
1991-06-30,SHA,bcm,187.0860
1991-07-31,SHA,bcm,176.2244
1991-08-31,SHA,bcm,169.9005
1991-09-30,SHA,bcm,164.1012
1991-10-31,SHA,bcm,158.8098
1991-11-30,SHA,bcm,153.9023
1991-12-31,SHA,bcm,150.1890
1992-01-31,SHA,bcm,152.4658
1992-02-29,SHA,bcm,953.3977
1992-03-31,SHA,bcm,396.2300
1992-04-30,SHA,bcm,237.1182
1992-05-31,SHA,bcm,179.7772
1992-06-30,SHA,bcm,179.8281
1992-07-31,SHA,bcm,164.6363
1992-08-31,SHA,bcm,159.0269
1992-09-30,SHA,bcm,153.6411
1992-10-31,SHA,bcm,156.1773
1992-11-30,SHA,bcm,146.1555
1992-12-31,SHA,bcm,256.8503
1993-01-31,SHA,bcm,410.3539
1993-02-28,SHA,bcm,370.2743
1993-03-31,SHA,bcm,1265.1754
1993-04-30,SHA,bcm,1205.4443
1993-05-31,SHA,bcm,1343.8053
1993-06-30,SHA,bcm,292.4918
1993-07-31,SHA,bcm,199.9507
1993-08-31,SHA,bcm,190.2885
1993-09-30,SHA,bcm,184.0453
1993-10-31,SHA,bcm,184.0434
1993-11-30,SHA,bcm,173.5629
1993-12-31,SHA,bcm,182.7669
1994-01-31,SHA,bcm,242.9425
1994-02-28,SHA,bcm,343.5110
1994-03-31,SHA,bcm,283.9477
1994-04-30,SHA,bcm,237.6595
1994-05-31,SHA,bcm,257.0796
1994-06-30,SHA,bcm,193.3694
1994-07-31,SHA,bcm,186.2212
1994-08-31,SHA,bcm,180.0847
1994-09-30,SHA,bcm,174.2152
1994-10-31,SHA,bcm,168.3361
1994-11-30,SHA,bcm,163.3936
1994-12-31,SHA,bcm,162.9565
1995-01-31,SHA,bcm,1564.9760
1995-02-28,SHA,bcm,248.8356
1995-03-31,SHA,bcm,2368.3833
1995-04-30,SHA,bcm,2130.8520
1995-05-31,SHA,bcm,1360.5171
1995-06-30,SHA,bcm,885.9770
1995-07-31,SHA,bcm,321.4279
1995-08-31,SHA,bcm,238.4404
1995-09-30,SHA,bcm,228.3820
1995-10-31,SHA,bcm,221.1359
1995-11-30,SHA,bcm,214.1221
1995-12-31,SHA,bcm,364.6338
1996-01-31,SHA,bcm,650.1771
1996-02-29,SHA,bcm,1626.0442
1996-03-31,SHA,bcm,593.9994
1996-04-30,SHA,bcm,1096.4027
1996-05-31,SHA,bcm,1067.5678
1996-06-30,SHA,bcm,341.4338
1996-07-31,SHA,bcm,286.1268
1996-08-31,SHA,bcm,275.1479
1996-09-30,SHA,bcm,266.8887
1996-10-31,SHA,bcm,259.2703
1996-11-30,SHA,bcm,357.0120
1996-12-31,SHA,bcm,1699.4420
1997-01-31,SHA,bcm,1168.7269
1997-02-28,SHA,bcm,305.8236
1997-03-31,SHA,bcm,732.2324
1997-04-30,SHA,bcm,1025.4731
1997-05-31,SHA,bcm,667.3925
1997-06-30,SHA,bcm,390.0697
1997-07-31,SHA,bcm,335.3895
1997-08-31,SHA,bcm,323.2126
1997-09-30,SHA,bcm,314.0951
1997-10-31,SHA,bcm,308.5291
1997-11-30,SHA,bcm,639.1666
1997-12-31,SHA,bcm,343.3601
1998-01-31,SHA,bcm,1564.9539
1998-02-28,SHA,bcm,1369.5488
1998-03-31,SHA,bcm,1146.8944
1998-04-30,SHA,bcm,968.5979
1998-05-31,SHA,bcm,1877.8696
1998-06-30,SHA,bcm,962.1738
1998-07-31,SHA,bcm,402.7571
1998-08-31,SHA,bcm,352.1227
1998-09-30,SHA,bcm,339.4205
1998-10-31,SHA,bcm,329.2021
1998-11-30,SHA,bcm,759.5540
1998-12-31,SHA,bcm,358.3307
1999-01-31,SHA,bcm,588.2497
1999-02-28,SHA,bcm,904.1553
1999-03-31,SHA,bcm,653.8066
1999-04-30,SHA,bcm,680.7211
1999-05-31,SHA,bcm,699.8159
1999-06-30,SHA,bcm,428.6595
1999-07-31,SHA,bcm,363.9179
1999-08-31,SHA,bcm,352.6321
1999-09-30,SHA,bcm,341.9357
1999-10-31,SHA,bcm,332.5338
1999-11-30,SHA,bcm,366.4142
1999-12-31,SHA,bcm,320.0651
2000-01-31,SHA,bcm,968.2286
2000-02-29,SHA,bcm,1468.7768
2000-03-31,SHA,bcm,604.6105
2000-04-30,SHA,bcm,1036.0063
2000-05-31,SHA,bcm,470.7621
2000-06-30,SHA,bcm,356.4388
2000-07-31,SHA,bcm,338.6850
2000-08-31,SHA,bcm,328.0044
2000-09-30,SHA,bcm,318.6798
2000-10-31,SHA,bcm,327.2659
2000-11-30,SHA,bcm,302.4105
2000-12-31,SHA,bcm,312.6936
2001-01-31,SHA,bcm,366.8083
2001-02-28,SHA,bcm,567.2205
2001-03-31,SHA,bcm,443.2327
2001-04-30,SHA,bcm,359.5860
2001-05-31,SHA,bcm,314.5778
2001-06-30,SHA,bcm,295.1025
2001-07-31,SHA,bcm,285.3039
2001-08-31,SHA,bcm,276.5790
2001-09-30,SHA,bcm,268.4901
2001-10-31,SHA,bcm,260.1141
2001-11-30,SHA,bcm,550.6602
2001-12-31,SHA,bcm,648.8795
2002-01-31,SHA,bcm,1146.4827
2002-02-28,SHA,bcm,494.2680
2002-03-31,SHA,bcm,554.4748
2002-04-30,SHA,bcm,753.8834
2002-05-31,SHA,bcm,357.6148
2002-06-30,SHA,bcm,300.3319
2002-07-31,SHA,bcm,287.6528
2002-08-31,SHA,bcm,278.8254
2002-09-30,SHA,bcm,270.2818
2002-10-31,SHA,bcm,261.9471
2002-11-30,SHA,bcm,257.4328
2002-12-31,SHA,bcm,1031.8595
2003-01-31,SHA,bcm,588.7533
2003-02-28,SHA,bcm,328.7439
2003-03-31,SHA,bcm,848.4345
2003-04-30,SHA,bcm,1080.0930
2003-05-31,SHA,bcm,658.4776
2003-06-30,SHA,bcm,366.0006
2003-07-31,SHA,bcm,303.9567
2003-08-31,SHA,bcm,292.6722
2003-09-30,SHA,bcm,283.6976
2003-10-31,SHA,bcm,274.8670
2003-11-30,SHA,bcm,275.2595
2003-12-31,SHA,bcm,601.7496
2004-01-31,SHA,bcm,377.8637
2004-02-29,SHA,bcm,1108.5809
2004-03-31,SHA,bcm,801.4371
2004-04-30,SHA,bcm,744.1764
2004-05-31,SHA,bcm,561.0512
2004-06-30,SHA,bcm,322.2103
2004-07-31,SHA,bcm,305.6151
2004-08-31,SHA,bcm,296.0797
2004-09-30,SHA,bcm,287.1166
2004-10-31,SHA,bcm,307.1259
2004-11-30,SHA,bcm,298.7367
2004-12-31,SHA,bcm,630.7856
2005-01-31,SHA,bcm,444.6104
2005-02-28,SHA,bcm,416.5424
2005-03-31,SHA,bcm,827.0488
2005-04-30,SHA,bcm,489.8788
2005-05-31,SHA,bcm,967.9664
2005-06-30,SHA,bcm,333.4078
2005-07-31,SHA,bcm,314.5989
2005-08-31,SHA,bcm,303.5044
2005-09-30,SHA,bcm,294.4200
2005-10-31,SHA,bcm,285.5256
2005-11-30,SHA,bcm,396.6700
2005-12-31,SHA,bcm,1339.5069
2006-01-31,SHA,bcm,846.2748
2006-02-28,SHA,bcm,739.7285
2006-03-31,SHA,bcm,903.9659
2006-04-30,SHA,bcm,2558.0918
2006-05-31,SHA,bcm,1521.5673
2006-06-30,SHA,bcm,534.0825
2006-07-31,SHA,bcm,346.2110
2006-08-31,SHA,bcm,330.8688
2006-09-30,SHA,bcm,321.0216
2006-10-31,SHA,bcm,311.4503
2006-11-30,SHA,bcm,307.9130
2006-12-31,SHA,bcm,434.5430
2007-01-31,SHA,bcm,300.4604
2007-02-28,SHA,bcm,923.0831
2007-03-31,SHA,bcm,380.1329
2007-04-30,SHA,bcm,363.9482
2007-05-31,SHA,bcm,313.2194
2007-06-30,SHA,bcm,298.1929
2007-07-31,SHA,bcm,288.7642
2007-08-31,SHA,bcm,279.8599
2007-09-30,SHA,bcm,271.4131
2007-10-31,SHA,bcm,270.0818
2007-11-30,SHA,bcm,256.0753
2007-12-31,SHA,bcm,263.4426
2008-01-31,SHA,bcm,463.2541
2008-02-29,SHA,bcm,457.6894
2008-03-31,SHA,bcm,380.1114
2008-04-30,SHA,bcm,454.4351
2008-05-31,SHA,bcm,492.7841
2008-06-30,SHA,bcm,268.1592
2008-07-31,SHA,bcm,258.6527
2008-08-31,SHA,bcm,250.6184
2008-09-30,SHA,bcm,242.7855
2008-10-31,SHA,bcm,235.6067
2008-11-30,SHA,bcm,235.1940
2008-12-31,SHA,bcm,235.8736
2009-01-31,SHA,bcm,227.6053
2009-02-28,SHA,bcm,893.7200
2009-03-31,SHA,bcm,712.7922
2009-04-30,SHA,bcm,336.6841
2009-05-31,SHA,bcm,378.4003
2009-06-30,SHA,bcm,276.3570
2009-07-31,SHA,bcm,237.7707
2009-08-31,SHA,bcm,230.3342
2009-09-30,SHA,bcm,222.9694
2009-10-31,SHA,bcm,218.8548
2009-11-30,SHA,bcm,213.3504
2009-12-31,SHA,bcm,219.9341
2010-01-31,SHA,bcm,1001.9844
2010-02-28,SHA,bcm,551.6047
2010-03-31,SHA,bcm,476.9495
2010-04-30,SHA,bcm,822.2293
2010-05-31,SHA,bcm,452.6696
2010-06-30,SHA,bcm,319.2447
2010-07-31,SHA,bcm,257.7808
2010-08-31,SHA,bcm,243.3802
2010-09-30,SHA,bcm,235.9531
2010-10-31,SHA,bcm,264.2412
2010-11-30,SHA,bcm,260.8570
2010-12-31,SHA,bcm,786.1353
2011-01-31,SHA,bcm,250.1590
2011-02-28,SHA,bcm,458.8775
2011-03-31,SHA,bcm,1505.5428
2011-04-30,SHA,bcm,862.9794
2011-05-31,SHA,bcm,905.1126
2011-06-30,SHA,bcm,477.1442
2011-07-31,SHA,bcm,283.7000
2011-08-31,SHA,bcm,267.5611
2011-09-30,SHA,bcm,259.3104
2011-10-31,SHA,bcm,251.5405
2011-11-30,SHA,bcm,245.0845
2011-12-31,SHA,bcm,236.4700
2012-01-31,SHA,bcm,266.2830
2012-02-29,SHA,bcm,253.3793
2012-03-31,SHA,bcm,1200.5591
2012-04-30,SHA,bcm,732.8567
2012-05-31,SHA,bcm,278.5366
2012-06-30,SHA,bcm,250.5131
2012-07-31,SHA,bcm,238.6688
2012-08-31,SHA,bcm,231.1486
2012-09-30,SHA,bcm,223.8168
2012-10-31,SHA,bcm,216.9496
2012-11-30,SHA,bcm,365.4276
2012-12-31,SHA,bcm,537.8148
2013-01-31,SHA,bcm,225.0236
2013-02-28,SHA,bcm,237.2470
2013-03-31,SHA,bcm,548.0154
2013-04-30,SHA,bcm,429.9558
2013-05-31,SHA,bcm,349.2024
2013-06-30,SHA,bcm,251.6682
2013-07-31,SHA,bcm,241.0533
2013-08-31,SHA,bcm,233.4629
2013-09-30,SHA,bcm,226.8144
2013-10-31,SHA,bcm,218.9273
2013-11-30,SHA,bcm,212.0861
2013-12-31,SHA,bcm,205.1685
2014-01-31,SHA,bcm,198.7288
2014-02-28,SHA,bcm,308.2221
2014-03-31,SHA,bcm,818.1593
2014-04-30,SHA,bcm,248.9985
2014-05-31,SHA,bcm,206.5658
2014-06-30,SHA,bcm,198.1047
2014-07-31,SHA,bcm,191.6320
2014-08-31,SHA,bcm,185.4253
2014-09-30,SHA,bcm,180.1762
2014-10-31,SHA,bcm,180.8892
2014-11-30,SHA,bcm,183.7833
2014-12-31,SHA,bcm,991.6084
2015-01-31,SHA,bcm,205.4143
2015-02-28,SHA,bcm,825.0144
2015-03-31,SHA,bcm,256.7270
2015-04-30,SHA,bcm,237.0860
2015-05-31,SHA,bcm,281.4567
2015-06-30,SHA,bcm,209.2835
2015-07-31,SHA,bcm,211.0659
2015-08-31,SHA,bcm,195.3439
2015-09-30,SHA,bcm,189.0250
2015-10-31,SHA,bcm,183.7538
2015-11-30,SHA,bcm,180.4091
2015-12-31,SHA,bcm,201.5630
2016-01-31,SHA,bcm,706.8612
2016-02-29,SHA,bcm,370.9463
2016-03-31,SHA,bcm,2066.3888
2016-04-30,SHA,bcm,1082.2997
2016-05-31,SHA,bcm,580.9457
2016-06-30,SHA,bcm,270.5559
2016-07-31,SHA,bcm,237.4265
2016-08-31,SHA,bcm,229.5636
2016-09-30,SHA,bcm,222.2456
2016-10-31,SHA,bcm,437.4346
2016-11-30,SHA,bcm,438.9575
2016-12-31,SHA,bcm,419.0179
2017-01-31,SHA,bcm,734.7018
2017-02-28,SHA,bcm,1296.2721
2017-03-31,SHA,bcm,1350.5301
2017-04-30,SHA,bcm,2187.3628
2017-05-31,SHA,bcm,1081.8762
2017-06-30,SHA,bcm,378.8967
2017-07-31,SHA,bcm,307.9654
2017-08-31,SHA,bcm,296.6314
2017-09-30,SHA,bcm,287.6009
2017-10-31,SHA,bcm,278.8778
2017-11-30,SHA,bcm,395.2526
2017-12-31,SHA,bcm,270.6805
2018-01-31,SHA,bcm,464.2828
2018-02-28,SHA,bcm,276.5925
2018-03-31,SHA,bcm,794.8746
2018-04-30,SHA,bcm,627.1765
2018-05-31,SHA,bcm,400.4951
2018-06-30,SHA,bcm,282.0253
2018-07-31,SHA,bcm,273.2547
2018-08-31,SHA,bcm,264.8430
2018-09-30,SHA,bcm,256.6482
1990-10-31,CLE,bcm,5.5756
1990-11-30,CLE,bcm,7.0563
1990-12-31,CLE,bcm,3.2178
1991-01-31,CLE,bcm,9.5786
1991-02-28,CLE,bcm,64.8320
1991-03-31,CLE,bcm,95.7890
1991-04-30,CLE,bcm,155.7091
1991-05-31,CLE,bcm,118.2555
1991-06-30,CLE,bcm,52.6498
1991-07-31,CLE,bcm,24.9080
1991-08-31,CLE,bcm,11.9554
1991-09-30,CLE,bcm,5.6159
1991-10-31,CLE,bcm,3.4757
1991-11-30,CLE,bcm,19.4780
1991-12-31,CLE,bcm,26.6770
1992-01-31,CLE,bcm,42.4797
1992-02-29,CLE,bcm,237.7242
1992-03-31,CLE,bcm,243.1625
1992-04-30,CLE,bcm,206.5516
1992-05-31,CLE,bcm,81.4847
1992-06-30,CLE,bcm,47.7580
1992-07-31,CLE,bcm,21.3840
1992-08-31,CLE,bcm,10.0609
1992-09-30,CLE,bcm,4.6736
1992-10-31,CLE,bcm,21.5350
1992-11-30,CLE,bcm,24.9253
1992-12-31,CLE,bcm,11.8024
1993-01-31,CLE,bcm,6.0481
1993-02-28,CLE,bcm,10.1371
1993-03-31,CLE,bcm,233.9951
1993-04-30,CLE,bcm,336.3239
1993-05-31,CLE,bcm,649.6612
1993-06-30,CLE,bcm,227.5069
1993-07-31,CLE,bcm,68.0999
1993-08-31,CLE,bcm,27.6931
1993-09-30,CLE,bcm,12.7339
1993-10-31,CLE,bcm,6.8703
1993-11-30,CLE,bcm,5.4921
1993-12-31,CLE,bcm,8.3608
1994-01-31,CLE,bcm,42.5638
1994-02-28,CLE,bcm,42.6453
1994-03-31,CLE,bcm,129.4751
1994-04-30,CLE,bcm,158.9281
1994-05-31,CLE,bcm,85.7925
1994-06-30,CLE,bcm,39.0879
1994-07-31,CLE,bcm,18.8201
1994-08-31,CLE,bcm,8.9910
1994-09-30,CLE,bcm,4.1724
1994-10-31,CLE,bcm,1.8595
1994-11-30,CLE,bcm,0.9134
1994-12-31,CLE,bcm,0.8349
1995-01-31,CLE,bcm,45.0007
1995-02-28,CLE,bcm,58.9207
1995-03-31,CLE,bcm,330.6480
1995-04-30,CLE,bcm,405.2553
1995-05-31,CLE,bcm,505.2710
1995-06-30,CLE,bcm,576.3878
1995-07-31,CLE,bcm,209.4818
1995-08-31,CLE,bcm,60.5271
1995-09-30,CLE,bcm,24.0567
1995-10-31,CLE,bcm,10.9311
1995-11-30,CLE,bcm,5.2896
1995-12-31,CLE,bcm,48.3302
1996-01-31,CLE,bcm,108.3016
1996-02-29,CLE,bcm,224.1758
1996-03-31,CLE,bcm,225.7190
1996-04-30,CLE,bcm,346.7226
1996-05-31,CLE,bcm,407.9887
1996-06-30,CLE,bcm,182.7739
1996-07-31,CLE,bcm,58.4162
1996-08-31,CLE,bcm,24.3312
1996-09-30,CLE,bcm,11.3782
1996-10-31,CLE,bcm,9.2334
1996-11-30,CLE,bcm,98.5280
1996-12-31,CLE,bcm,165.1860
1997-01-31,CLE,bcm,135.2876
1997-02-28,CLE,bcm,89.7660
1997-03-31,CLE,bcm,200.4514
1997-04-30,CLE,bcm,294.6810
1997-05-31,CLE,bcm,381.6032
1997-06-30,CLE,bcm,171.0817
1997-07-31,CLE,bcm,64.8641
1997-08-31,CLE,bcm,29.8792
1997-09-30,CLE,bcm,14.7977
1997-10-31,CLE,bcm,17.9149
1997-11-30,CLE,bcm,131.5942
1997-12-31,CLE,bcm,57.7923
1998-01-31,CLE,bcm,156.7453
1998-02-28,CLE,bcm,110.8383
1998-03-31,CLE,bcm,278.9207
1998-04-30,CLE,bcm,303.0263
1998-05-31,CLE,bcm,522.7893
1998-06-30,CLE,bcm,604.5292
1998-07-31,CLE,bcm,187.7592
1998-08-31,CLE,bcm,58.8156
1998-09-30,CLE,bcm,24.7705
1998-10-31,CLE,bcm,21.8557
1998-11-30,CLE,bcm,103.4557
1998-12-31,CLE,bcm,41.8619
1999-01-31,CLE,bcm,94.7693
1999-02-28,CLE,bcm,84.9303
1999-03-31,CLE,bcm,114.4857
1999-04-30,CLE,bcm,224.0726
1999-05-31,CLE,bcm,348.9882
1999-06-30,CLE,bcm,230.1881
1999-07-31,CLE,bcm,89.4242
1999-08-31,CLE,bcm,40.7143
1999-09-30,CLE,bcm,19.6219
1999-10-31,CLE,bcm,12.8713
1999-11-30,CLE,bcm,93.4300
1999-12-31,CLE,bcm,53.1730
2000-01-31,CLE,bcm,69.5377
2000-02-29,CLE,bcm,186.1109
2000-03-31,CLE,bcm,185.4673
2000-04-30,CLE,bcm,424.3162
2000-05-31,CLE,bcm,301.9984
2000-06-30,CLE,bcm,108.2046
2000-07-31,CLE,bcm,46.4092
2000-08-31,CLE,bcm,22.0318
2000-09-30,CLE,bcm,10.5432
2000-10-31,CLE,bcm,9.1279
2000-11-30,CLE,bcm,9.3771
2000-12-31,CLE,bcm,18.6756
2001-01-31,CLE,bcm,23.4751
2001-02-28,CLE,bcm,31.2137
2001-03-31,CLE,bcm,184.0981
2001-04-30,CLE,bcm,153.0990
2001-05-31,CLE,bcm,80.9632
2001-06-30,CLE,bcm,37.4664
2001-07-31,CLE,bcm,18.0410
2001-08-31,CLE,bcm,8.6066
2001-09-30,CLE,bcm,5.1081
2001-10-31,CLE,bcm,3.7027
2001-11-30,CLE,bcm,118.5824
2001-12-31,CLE,bcm,44.1001
2002-01-31,CLE,bcm,85.4053
2002-02-28,CLE,bcm,129.1635
2002-03-31,CLE,bcm,150.6145
2002-04-30,CLE,bcm,356.9914
2002-05-31,CLE,bcm,233.9953
2002-06-30,CLE,bcm,97.4107
2002-07-31,CLE,bcm,45.9569
2002-08-31,CLE,bcm,22.4538
2002-09-30,CLE,bcm,10.8286
2002-10-31,CLE,bcm,5.0725
2002-11-30,CLE,bcm,22.2822
2002-12-31,CLE,bcm,77.1473
2003-01-31,CLE,bcm,166.8715
2003-02-28,CLE,bcm,122.5585
2003-03-31,CLE,bcm,256.3950
2003-04-30,CLE,bcm,302.4565
2003-05-31,CLE,bcm,377.4738
2003-06-30,CLE,bcm,241.0947
2003-07-31,CLE,bcm,88.5601
2003-08-31,CLE,bcm,40.5795
2003-09-30,CLE,bcm,19.7166
2003-10-31,CLE,bcm,9.4021
2003-11-30,CLE,bcm,9.5855
2003-12-31,CLE,bcm,17.6565
2004-01-31,CLE,bcm,26.4171
2004-02-29,CLE,bcm,140.0601
2004-03-31,CLE,bcm,256.7615
2004-04-30,CLE,bcm,337.4545
2004-05-31,CLE,bcm,319.7520
2004-06-30,CLE,bcm,129.0458
2004-07-31,CLE,bcm,57.0495
2004-08-31,CLE,bcm,27.5011
2004-09-30,CLE,bcm,13.3064
2004-10-31,CLE,bcm,33.3565
2004-11-30,CLE,bcm,27.9000
2004-12-31,CLE,bcm,118.2501
2005-01-31,CLE,bcm,92.6078
2005-02-28,CLE,bcm,131.1041
2005-03-31,CLE,bcm,276.6651
2005-04-30,CLE,bcm,224.4264
2005-05-31,CLE,bcm,266.0897
2005-06-30,CLE,bcm,95.5904
2005-07-31,CLE,bcm,38.5532
2005-08-31,CLE,bcm,17.8320
2005-09-30,CLE,bcm,8.4167
2005-10-31,CLE,bcm,3.8857
2005-11-30,CLE,bcm,61.0446
2005-12-31,CLE,bcm,196.8951
2006-01-31,CLE,bcm,108.9399
2006-02-28,CLE,bcm,141.1885
2006-03-31,CLE,bcm,102.2913
2006-04-30,CLE,bcm,361.9672
2006-05-31,CLE,bcm,638.1241
2006-06-30,CLE,bcm,429.4828
2006-07-31,CLE,bcm,125.0726
2006-08-31,CLE,bcm,49.6631
2006-09-30,CLE,bcm,22.9859
2006-10-31,CLE,bcm,10.9765
2006-11-30,CLE,bcm,20.5240
2006-12-31,CLE,bcm,44.2825
2007-01-31,CLE,bcm,34.1506
2007-02-28,CLE,bcm,149.0423
2007-03-31,CLE,bcm,167.2487
2007-04-30,CLE,bcm,182.7595
2007-05-31,CLE,bcm,104.1458
2007-06-30,CLE,bcm,46.7327
2007-07-31,CLE,bcm,22.5099
2007-08-31,CLE,bcm,10.8187
2007-09-30,CLE,bcm,5.0641
2007-10-31,CLE,bcm,19.6125
2007-11-30,CLE,bcm,13.6603
2007-12-31,CLE,bcm,6.6317
2008-01-31,CLE,bcm,4.0418
2008-02-29,CLE,bcm,34.3354
2008-03-31,CLE,bcm,74.3568
2008-04-30,CLE,bcm,195.3198
2008-05-31,CLE,bcm,268.6971
2008-06-30,CLE,bcm,95.5017
2008-07-31,CLE,bcm,42.4375
2008-08-31,CLE,bcm,20.3265
2008-09-30,CLE,bcm,9.7233
2008-10-31,CLE,bcm,5.7396
2008-11-30,CLE,bcm,29.7622
2008-12-31,CLE,bcm,18.5530
2009-01-31,CLE,bcm,38.0518
2009-02-28,CLE,bcm,86.1184
2009-03-31,CLE,bcm,169.9937
2009-04-30,CLE,bcm,167.3302
2009-05-31,CLE,bcm,126.5783
2009-06-30,CLE,bcm,63.0452
2009-07-31,CLE,bcm,26.5687
2009-08-31,CLE,bcm,12.3489
2009-09-30,CLE,bcm,5.7626
2009-10-31,CLE,bcm,11.5351
2009-11-30,CLE,bcm,23.9461
2009-12-31,CLE,bcm,12.2917
2010-01-31,CLE,bcm,111.9645
2010-02-28,CLE,bcm,137.5959
2010-03-31,CLE,bcm,183.5228
2010-04-30,CLE,bcm,311.9331
2010-05-31,CLE,bcm,301.8693
2010-06-30,CLE,bcm,220.9155
2010-07-31,CLE,bcm,80.9538
2010-08-31,CLE,bcm,36.2456
2010-09-30,CLE,bcm,17.5418
2010-10-31,CLE,bcm,83.1373
2010-11-30,CLE,bcm,83.5548
2010-12-31,CLE,bcm,83.1260
2011-01-31,CLE,bcm,75.1795
2011-02-28,CLE,bcm,80.6459
2011-03-31,CLE,bcm,190.2373
2011-04-30,CLE,bcm,219.6726
2011-05-31,CLE,bcm,345.2139
2011-06-30,CLE,bcm,311.7751
2011-07-31,CLE,bcm,85.8048
2011-08-31,CLE,bcm,32.2338
2011-09-30,CLE,bcm,14.4477
2011-10-31,CLE,bcm,14.9795
2011-11-30,CLE,bcm,22.4012
2011-12-31,CLE,bcm,17.3230
2012-01-31,CLE,bcm,62.9164
2012-02-29,CLE,bcm,65.9925
2012-03-31,CLE,bcm,205.6567
2012-04-30,CLE,bcm,299.0217
2012-05-31,CLE,bcm,167.4969
2012-06-30,CLE,bcm,65.7713
2012-07-31,CLE,bcm,30.0226
2012-08-31,CLE,bcm,14.3520
2012-09-30,CLE,bcm,6.7804
2012-10-31,CLE,bcm,3.6523
2012-11-30,CLE,bcm,103.0092
2012-12-31,CLE,bcm,36.2495
2013-01-31,CLE,bcm,23.8714
2013-02-28,CLE,bcm,39.0836
2013-03-31,CLE,bcm,184.4131
2013-04-30,CLE,bcm,268.6255
2013-05-31,CLE,bcm,183.3931
2013-06-30,CLE,bcm,75.2903
2013-07-31,CLE,bcm,35.5245
2013-08-31,CLE,bcm,17.2263
2013-09-30,CLE,bcm,9.9746
2013-10-31,CLE,bcm,4.5988
2013-11-30,CLE,bcm,3.8569
2013-12-31,CLE,bcm,2.9034
2014-01-31,CLE,bcm,5.0378
2014-02-28,CLE,bcm,37.4651
2014-03-31,CLE,bcm,189.4971
2014-04-30,CLE,bcm,89.1309
2014-05-31,CLE,bcm,38.6739
2014-06-30,CLE,bcm,18.1942
2014-07-31,CLE,bcm,8.6318
2014-08-31,CLE,bcm,3.9930
2014-09-30,CLE,bcm,7.0590
2014-10-31,CLE,bcm,52.0745
2014-11-30,CLE,bcm,63.6623
2014-12-31,CLE,bcm,146.4074
2015-01-31,CLE,bcm,104.4756
2015-02-28,CLE,bcm,437.1878
2015-03-31,CLE,bcm,207.8901
2015-04-30,CLE,bcm,106.3060
2015-05-31,CLE,bcm,57.2754
2015-06-30,CLE,bcm,27.3688
2015-07-31,CLE,bcm,13.2037
2015-08-31,CLE,bcm,6.2317
2015-09-30,CLE,bcm,2.8847
2015-10-31,CLE,bcm,1.7148
2015-11-30,CLE,bcm,1.8191
2015-12-31,CLE,bcm,1.2682
2016-01-31,CLE,bcm,4.2958
2016-02-29,CLE,bcm,25.4815
2016-03-31,CLE,bcm,304.0030
2016-04-30,CLE,bcm,412.3167
2016-05-31,CLE,bcm,434.5872
2016-06-30,CLE,bcm,161.9640
2016-07-31,CLE,bcm,67.2042
2016-08-31,CLE,bcm,31.8442
2016-09-30,CLE,bcm,15.4089
2016-10-31,CLE,bcm,162.5222
2016-11-30,CLE,bcm,151.2814
2016-12-31,CLE,bcm,72.0100
2017-01-31,CLE,bcm,51.2047
2017-02-28,CLE,bcm,151.9528
2017-03-31,CLE,bcm,260.6386
2017-04-30,CLE,bcm,434.6001
2017-05-31,CLE,bcm,533.0553
2017-06-30,CLE,bcm,277.3792
2017-07-31,CLE,bcm,100.3774
2017-08-31,CLE,bcm,45.3775
2017-09-30,CLE,bcm,22.1645
2017-10-31,CLE,bcm,12.5138
2017-11-30,CLE,bcm,46.9422
2017-12-31,CLE,bcm,29.5830
2018-01-31,CLE,bcm,71.5104
2018-02-28,CLE,bcm,47.1296
2018-03-31,CLE,bcm,124.7609
2018-04-30,CLE,bcm,192.0425
2018-05-31,CLE,bcm,86.9795
2018-06-30,CLE,bcm,36.1693
2018-07-31,CLE,bcm,16.8808
2018-08-31,CLE,bcm,7.9721
2018-09-30,CLE,bcm,3.6721
1990-10-31,BND,bcm,215.1861
1990-11-30,BND,bcm,194.5747
1990-12-31,BND,bcm,174.4639
1991-01-31,BND,bcm,155.8012
1991-02-28,BND,bcm,158.4157
1991-03-31,BND,bcm,1133.6863
1991-04-30,BND,bcm,369.4553
1991-05-31,BND,bcm,345.6835
1991-06-30,BND,bcm,218.2655
1991-07-31,BND,bcm,191.0550
1991-08-31,BND,bcm,170.7782
1991-09-30,BND,bcm,151.5696
1991-10-31,BND,bcm,137.8008
1991-11-30,BND,bcm,127.7674
1991-12-31,BND,bcm,102.8717
1992-01-31,BND,bcm,92.9458
1992-02-29,BND,bcm,1468.2399
1992-03-31,BND,bcm,641.7065
1992-04-30,BND,bcm,377.2950
1992-05-31,BND,bcm,270.3726
1992-06-30,BND,bcm,251.9487
1992-07-31,BND,bcm,219.2315
1992-08-31,BND,bcm,197.6858
1992-09-30,BND,bcm,177.5687
1992-10-31,BND,bcm,168.9128
1992-11-30,BND,bcm,147.1349
1992-12-31,BND,bcm,383.3287
1993-01-31,BND,bcm,940.2829
1993-02-28,BND,bcm,798.0665
1993-03-31,BND,bcm,1966.0382
1993-04-30,BND,bcm,1640.6715
1993-05-31,BND,bcm,1829.5597
1993-06-30,BND,bcm,537.5599
1993-07-31,BND,bcm,357.1120
1993-08-31,BND,bcm,321.6893
1993-09-30,BND,bcm,293.2589
1993-10-31,BND,bcm,274.7550
1993-11-30,BND,bcm,248.0163
1993-12-31,BND,bcm,257.5042
1994-01-31,BND,bcm,357.5327
1994-02-28,BND,bcm,602.2769
1994-03-31,BND,bcm,431.7996
1994-04-30,BND,bcm,401.3864
1994-05-31,BND,bcm,401.2768
1994-06-30,BND,bcm,301.6293
1994-07-31,BND,bcm,273.3421
1994-08-31,BND,bcm,248.3880
1994-09-30,BND,bcm,225.2489
1994-10-31,BND,bcm,203.4151
1994-11-30,BND,bcm,185.3541
1994-12-31,BND,bcm,184.7947
1995-01-31,BND,bcm,3421.5933
1995-02-28,BND,bcm,433.7258
1995-03-31,BND,bcm,3936.5350
1995-04-30,BND,bcm,2651.4529
1995-05-31,BND,bcm,1771.1260
1995-06-30,BND,bcm,1225.1429
1995-07-31,BND,bcm,553.3879
1995-08-31,BND,bcm,407.0053
1995-09-30,BND,bcm,369.4911
1995-10-31,BND,bcm,337.9753
1995-11-30,BND,bcm,308.7459
1995-12-31,BND,bcm,557.4455
1996-01-31,BND,bcm,1213.8839
1996-02-29,BND,bcm,2495.6941
1996-03-31,BND,bcm,897.5261
1996-04-30,BND,bcm,1469.0997
1996-05-31,BND,bcm,1510.0486
1996-06-30,BND,bcm,595.6914
1996-07-31,BND,bcm,486.4695
1996-08-31,BND,bcm,444.3639
1996-09-30,BND,bcm,408.1866
1996-10-31,BND,bcm,375.1209
1996-11-30,BND,bcm,473.7633
1996-12-31,BND,bcm,2577.0600
1997-01-31,BND,bcm,2107.4033
1997-02-28,BND,bcm,528.6225
1997-03-31,BND,bcm,1034.9081
1997-04-30,BND,bcm,1356.5195
1997-05-31,BND,bcm,993.1866
1997-06-30,BND,bcm,657.2354
1997-07-31,BND,bcm,543.0102
1997-08-31,BND,bcm,497.0169
1997-09-30,BND,bcm,457.6543
1997-10-31,BND,bcm,427.4673
1997-11-30,BND,bcm,839.2624
1997-12-31,BND,bcm,500.2009
1998-01-31,BND,bcm,2803.0817
1998-02-28,BND,bcm,3037.9578
1998-03-31,BND,bcm,1959.8338
1998-04-30,BND,bcm,1401.1696
1998-05-31,BND,bcm,2590.9907
1998-06-30,BND,bcm,1323.4658
1998-07-31,BND,bcm,639.0542
1998-08-31,BND,bcm,537.0108
1998-09-30,BND,bcm,491.7272
1998-10-31,BND,bcm,452.4879
1998-11-30,BND,bcm,980.4100
1998-12-31,BND,bcm,506.6407
1999-01-31,BND,bcm,837.9712
1999-02-28,BND,bcm,1726.1018
1999-03-31,BND,bcm,1047.2536
1999-04-30,BND,bcm,978.9020
1999-05-31,BND,bcm,979.7030
1999-06-30,BND,bcm,660.7118
1999-07-31,BND,bcm,543.5096
1999-08-31,BND,bcm,499.1491
1999-09-30,BND,bcm,458.5274
1999-10-31,BND,bcm,422.1528
1999-11-30,BND,bcm,445.2885
1999-12-31,BND,bcm,378.3986
2000-01-31,BND,bcm,1360.6499
2000-02-29,BND,bcm,2616.2778
2000-03-31,BND,bcm,877.2704
2000-04-30,BND,bcm,1339.6756
2000-05-31,BND,bcm,670.0662
2000-06-30,BND,bcm,501.0956
2000-07-31,BND,bcm,452.7916
2000-08-31,BND,bcm,414.9020
2000-09-30,BND,bcm,381.3177
2000-10-31,BND,bcm,382.0010
2000-11-30,BND,bcm,328.8477
2000-12-31,BND,bcm,337.3284
2001-01-31,BND,bcm,456.3376
2001-02-28,BND,bcm,849.2513
2001-03-31,BND,bcm,589.9255
2001-04-30,BND,bcm,487.9237
2001-05-31,BND,bcm,396.2419
2001-06-30,BND,bcm,352.4642
2001-07-31,BND,bcm,321.0468
2001-08-31,BND,bcm,292.8329
2001-09-30,BND,bcm,267.0784
2001-10-31,BND,bcm,242.8011
2001-11-30,BND,bcm,611.6250
2001-12-31,BND,bcm,1153.8493
2002-01-31,BND,bcm,2527.3053
2002-02-28,BND,bcm,753.6071
2002-03-31,BND,bcm,811.3732
2002-04-30,BND,bcm,1043.6819
2002-05-31,BND,bcm,552.1775
2002-06-30,BND,bcm,442.4071
2002-07-31,BND,bcm,402.0667
2002-08-31,BND,bcm,368.2548
2002-09-30,BND,bcm,336.8571
2002-10-31,BND,bcm,307.5816
2002-11-30,BND,bcm,288.2801
2002-12-31,BND,bcm,1922.6100
2003-01-31,BND,bcm,1153.8903
2003-02-28,BND,bcm,532.9465
2003-03-31,BND,bcm,1301.2591
2003-04-30,BND,bcm,1709.1171
2003-05-31,BND,bcm,962.3470
2003-06-30,BND,bcm,583.7833
2003-07-31,BND,bcm,471.4162
2003-08-31,BND,bcm,430.7044
2003-09-30,BND,bcm,396.0715
2003-10-31,BND,bcm,361.5004
2003-11-30,BND,bcm,369.5786
2003-12-31,BND,bcm,1055.2653
2004-01-31,BND,bcm,594.9230
2004-02-29,BND,bcm,2120.9593
2004-03-31,BND,bcm,1099.8555
2004-04-30,BND,bcm,1003.8240
2004-05-31,BND,bcm,792.4586
2004-06-30,BND,bcm,507.6171
2004-07-31,BND,bcm,457.8906
2004-08-31,BND,bcm,420.0273
2004-09-30,BND,bcm,385.1542
2004-10-31,BND,bcm,384.8796
2004-11-30,BND,bcm,361.2165
2004-12-31,BND,bcm,963.0210
2005-01-31,BND,bcm,701.0557
2005-02-28,BND,bcm,652.0696
2005-03-31,BND,bcm,1320.0728
2005-04-30,BND,bcm,767.3910
2005-05-31,BND,bcm,1414.1499
2005-06-30,BND,bcm,533.4465
2005-07-31,BND,bcm,473.8240
2005-08-31,BND,bcm,433.6116
2005-09-30,BND,bcm,397.8578
2005-10-31,BND,bcm,364.5568
2005-11-30,BND,bcm,474.7453
2005-12-31,BND,bcm,2303.8524
2006-01-31,BND,bcm,1564.7489
2006-02-28,BND,bcm,1181.1027
2006-03-31,BND,bcm,1727.7852
2006-04-30,BND,bcm,3468.4171
2006-05-31,BND,bcm,1950.2932
2006-06-30,BND,bcm,816.4542
2006-07-31,BND,bcm,557.2825
2006-08-31,BND,bcm,505.5679
2006-09-30,BND,bcm,464.8056
2006-10-31,BND,bcm,426.9213
2006-11-30,BND,bcm,400.2555
2006-12-31,BND,bcm,567.4896
2007-01-31,BND,bcm,382.5615
2007-02-28,BND,bcm,1369.4397
2007-03-31,BND,bcm,521.9002
2007-04-30,BND,bcm,494.7192
2007-05-31,BND,bcm,415.7501
2007-06-30,BND,bcm,375.1555
2007-07-31,BND,bcm,343.1965
2007-08-31,BND,bcm,313.0722
2007-09-30,BND,bcm,285.6257
2007-10-31,BND,bcm,268.4370
2007-11-30,BND,bcm,239.5336
2007-12-31,BND,bcm,247.8662
2008-01-31,BND,bcm,791.9598
2008-02-29,BND,bcm,685.2546
2008-03-31,BND,bcm,477.9346
2008-04-30,BND,bcm,571.6965
2008-05-31,BND,bcm,595.6631
2008-06-30,BND,bcm,342.5217
2008-07-31,BND,bcm,309.5884
2008-08-31,BND,bcm,282.1595
2008-09-30,BND,bcm,256.6172
2008-10-31,BND,bcm,233.6772
2008-11-30,BND,bcm,222.8551
2008-12-31,BND,bcm,219.4069
2009-01-31,BND,bcm,215.4569
2009-02-28,BND,bcm,1329.7590
2009-03-31,BND,bcm,891.4145
2009-04-30,BND,bcm,443.7209
2009-05-31,BND,bcm,513.2228
2009-06-30,BND,bcm,345.1963
2009-07-31,BND,bcm,286.0245
2009-08-31,BND,bcm,260.0312
2009-09-30,BND,bcm,235.9401
2009-10-31,BND,bcm,217.9985
2009-11-30,BND,bcm,201.0724
2009-12-31,BND,bcm,212.0254
2010-01-31,BND,bcm,1581.7510
2010-02-28,BND,bcm,1019.6192
2010-03-31,BND,bcm,676.0434
2010-04-30,BND,bcm,1278.2392
2010-05-31,BND,bcm,647.4210
2010-06-30,BND,bcm,469.6338
2010-07-31,BND,bcm,379.2018
2010-08-31,BND,bcm,340.8169
2010-09-30,BND,bcm,311.5983
2010-10-31,BND,bcm,327.5612
2010-11-30,BND,bcm,336.6655
2010-12-31,BND,bcm,1221.8902
2011-01-31,BND,bcm,378.7924
2011-02-28,BND,bcm,717.6758
2011-03-31,BND,bcm,2562.6782
2011-04-30,BND,bcm,1175.4547
2011-05-31,BND,bcm,1237.4965
2011-06-30,BND,bcm,704.8185
2011-07-31,BND,bcm,454.0433
2011-08-31,BND,bcm,406.3557
2011-09-30,BND,bcm,372.2823
2011-10-31,BND,bcm,341.7281
2011-11-30,BND,bcm,315.5459
2011-12-31,BND,bcm,286.4521
2012-01-31,BND,bcm,373.1099
2012-02-29,BND,bcm,324.2259
2012-03-31,BND,bcm,1885.5250
2012-04-30,BND,bcm,964.5339
2012-05-31,BND,bcm,398.8886
2012-06-30,BND,bcm,339.1478
2012-07-31,BND,bcm,305.6008
2012-08-31,BND,bcm,278.4341
2012-09-30,BND,bcm,253.1423
2012-10-31,BND,bcm,230.0711
2012-11-30,BND,bcm,422.4306
2012-12-31,BND,bcm,1040.9646
2013-01-31,BND,bcm,291.7328
2013-02-28,BND,bcm,303.9208
2013-03-31,BND,bcm,737.5840
2013-04-30,BND,bcm,607.6923
2013-05-31,BND,bcm,495.1697
2013-06-30,BND,bcm,364.3232
2013-07-31,BND,bcm,329.2492
2013-08-31,BND,bcm,300.4648
2013-09-30,BND,bcm,274.6868
2013-10-31,BND,bcm,248.9493
2013-11-30,BND,bcm,226.2980
2013-12-31,BND,bcm,204.2268
2014-01-31,BND,bcm,184.3280
2014-02-28,BND,bcm,376.8455
2014-03-31,BND,bcm,1261.8156
2014-04-30,BND,bcm,309.2158
2014-05-31,BND,bcm,237.5679
2014-06-30,BND,bcm,212.8601
2014-07-31,BND,bcm,191.8429
2014-08-31,BND,bcm,172.1346
2014-09-30,BND,bcm,154.4644
2014-10-31,BND,bcm,145.2400
2014-11-30,BND,bcm,147.8340
2014-12-31,BND,bcm,1589.4970
2015-01-31,BND,bcm,273.0296
2015-02-28,BND,bcm,1218.3780
2015-03-31,BND,bcm,404.2688
2015-04-30,BND,bcm,365.7927
2015-05-31,BND,bcm,388.1453
2015-06-30,BND,bcm,294.5652
2015-07-31,BND,bcm,275.7163
2015-08-31,BND,bcm,242.5605
2015-09-30,BND,bcm,219.7475
2015-10-31,BND,bcm,199.9028
2015-11-30,BND,bcm,185.8093
2015-12-31,BND,bcm,246.0241
2016-01-31,BND,bcm,1481.0726
2016-02-29,BND,bcm,521.4432
2016-03-31,BND,bcm,3108.7217
2016-04-30,BND,bcm,1397.7306
2016-05-31,BND,bcm,807.7030
2016-06-30,BND,bcm,448.8189
2016-07-31,BND,bcm,382.8706
2016-08-31,BND,bcm,349.8535
2016-09-30,BND,bcm,319.6538
2016-10-31,BND,bcm,559.5114
2016-11-30,BND,bcm,698.6659
2016-12-31,BND,bcm,766.5158
2017-01-31,BND,bcm,1611.5622
2017-02-28,BND,bcm,2528.4922
2017-03-31,BND,bcm,1947.2628
2017-04-30,BND,bcm,2863.7610
2017-05-31,BND,bcm,1499.5763
2017-06-30,BND,bcm,684.3451
2017-07-31,BND,bcm,550.0293
2017-08-31,BND,bcm,503.7313
2017-09-30,BND,bcm,463.1751
2017-10-31,BND,bcm,425.4364
2017-11-30,BND,bcm,561.1967
2017-12-31,BND,bcm,387.1035
2018-01-31,BND,bcm,649.5531
2018-02-28,BND,bcm,400.0071
2018-03-31,BND,bcm,1251.8709
2018-04-30,BND,bcm,937.3068
2018-05-31,BND,bcm,552.5609
2018-06-30,BND,bcm,401.9576
2018-07-31,BND,bcm,367.0285
2018-08-31,BND,bcm,335.6840
2018-09-30,BND,bcm,306.4965
1990-10-31,ORO,bcm,44.6284
1990-11-30,ORO,bcm,32.0818
1990-12-31,ORO,bcm,31.9981
1991-01-31,ORO,bcm,31.7218
1991-02-28,ORO,bcm,34.5701
1991-03-31,ORO,bcm,456.0337
1991-04-30,ORO,bcm,523.5506
1991-05-31,ORO,bcm,430.0840
1991-06-30,ORO,bcm,184.5514
1991-07-31,ORO,bcm,129.3533
1991-08-31,ORO,bcm,92.1933
1991-09-30,ORO,bcm,64.8231
1991-10-31,ORO,bcm,44.8544
1991-11-30,ORO,bcm,32.3163
1991-12-31,ORO,bcm,47.2469
1992-01-31,ORO,bcm,91.7257
1992-02-29,ORO,bcm,634.4016
1992-03-31,ORO,bcm,381.6024
1992-04-30,ORO,bcm,315.4449
1992-05-31,ORO,bcm,188.1424
1992-06-30,ORO,bcm,135.5198
1992-07-31,ORO,bcm,96.5151
1992-08-31,ORO,bcm,68.0226
1992-09-30,ORO,bcm,46.9980
1992-10-31,ORO,bcm,33.4956
1992-11-30,ORO,bcm,32.1069
1992-12-31,ORO,bcm,86.4553
1993-01-31,ORO,bcm,350.4160
1993-02-28,ORO,bcm,312.3706
1993-03-31,ORO,bcm,530.6413
1993-04-30,ORO,bcm,994.6183
1993-05-31,ORO,bcm,2228.2745
1993-06-30,ORO,bcm,650.0025
1993-07-31,ORO,bcm,256.8179
1993-08-31,ORO,bcm,181.6215
1993-09-30,ORO,bcm,130.9328
1993-10-31,ORO,bcm,94.1870
1993-11-30,ORO,bcm,72.5846
1993-12-31,ORO,bcm,99.7980
1994-01-31,ORO,bcm,151.5253
1994-02-28,ORO,bcm,270.2361
1994-03-31,ORO,bcm,372.2328
1994-04-30,ORO,bcm,356.0371
1994-05-31,ORO,bcm,223.6114
1994-06-30,ORO,bcm,151.0341
1994-07-31,ORO,bcm,108.0878
1994-08-31,ORO,bcm,76.5408
1994-09-30,ORO,bcm,53.3239
1994-10-31,ORO,bcm,36.0212
1994-11-30,ORO,bcm,36.7683
1994-12-31,ORO,bcm,99.1164
1995-01-31,ORO,bcm,927.0245
1995-02-28,ORO,bcm,266.1411
1995-03-31,ORO,bcm,1553.7994
1995-04-30,ORO,bcm,1510.5066
1995-05-31,ORO,bcm,2606.0781
1995-06-30,ORO,bcm,1699.4421
1995-07-31,ORO,bcm,483.6691
1995-08-31,ORO,bcm,227.9215
1995-09-30,ORO,bcm,162.6135
1995-10-31,ORO,bcm,116.8564
1995-11-30,ORO,bcm,83.0371
1995-12-31,ORO,bcm,150.6807
1996-01-31,ORO,bcm,491.0868
1996-02-29,ORO,bcm,968.1344
1996-03-31,ORO,bcm,734.3698
1996-04-30,ORO,bcm,1297.0729
1996-05-31,ORO,bcm,1080.6985
1996-06-30,ORO,bcm,342.9144
1996-07-31,ORO,bcm,227.4429
1996-08-31,ORO,bcm,164.7239
1996-09-30,ORO,bcm,118.4944
1996-10-31,ORO,bcm,84.4407
1996-11-30,ORO,bcm,93.3205
1996-12-31,ORO,bcm,919.4025
1997-01-31,ORO,bcm,962.0232
1997-02-28,ORO,bcm,287.4020
1997-03-31,ORO,bcm,668.5160
1997-04-30,ORO,bcm,1009.6670
1997-05-31,ORO,bcm,779.6378
1997-06-30,ORO,bcm,388.0138
1997-07-31,ORO,bcm,255.8822
1997-08-31,ORO,bcm,185.7924
1997-09-30,ORO,bcm,134.2276
1997-10-31,ORO,bcm,97.4084
1997-11-30,ORO,bcm,221.9535
1997-12-31,ORO,bcm,227.6088
1998-01-31,ORO,bcm,787.3822
1998-02-28,ORO,bcm,546.7477
1998-03-31,ORO,bcm,665.5346
1998-04-30,ORO,bcm,982.8016
1998-05-31,ORO,bcm,1851.1431
1998-06-30,ORO,bcm,1123.4159
1998-07-31,ORO,bcm,321.0117
1998-08-31,ORO,bcm,207.5924
1998-09-30,ORO,bcm,149.9126
1998-10-31,ORO,bcm,107.6331
1998-11-30,ORO,bcm,392.7546
1998-12-31,ORO,bcm,185.6033
1999-01-31,ORO,bcm,480.9019
1999-02-28,ORO,bcm,681.5883
1999-03-31,ORO,bcm,566.3488
1999-04-30,ORO,bcm,811.7430
1999-05-31,ORO,bcm,776.7398
1999-06-30,ORO,bcm,375.1180
1999-07-31,ORO,bcm,252.6840
1999-08-31,ORO,bcm,183.6541
1999-09-30,ORO,bcm,132.5458
1999-10-31,ORO,bcm,94.7452
1999-11-30,ORO,bcm,84.3087
1999-12-31,ORO,bcm,68.9927
2000-01-31,ORO,bcm,333.3546
2000-02-29,ORO,bcm,1034.2502
2000-03-31,ORO,bcm,625.3357
2000-04-30,ORO,bcm,1004.9000
2000-05-31,ORO,bcm,432.3529
2000-06-30,ORO,bcm,260.7419
2000-07-31,ORO,bcm,188.8716
2000-08-31,ORO,bcm,136.4240
2000-09-30,ORO,bcm,97.5006
2000-10-31,ORO,bcm,71.9452
2000-11-30,ORO,bcm,52.2618
2000-12-31,ORO,bcm,52.8416
2001-01-31,ORO,bcm,134.5805
2001-02-28,ORO,bcm,269.0696
2001-03-31,ORO,bcm,391.3164
2001-04-30,ORO,bcm,279.9238
2001-05-31,ORO,bcm,171.0449
2001-06-30,ORO,bcm,121.9620
2001-07-31,ORO,bcm,86.7805
2001-08-31,ORO,bcm,60.8321
2001-09-30,ORO,bcm,41.6926
2001-10-31,ORO,bcm,32.0676
2001-11-30,ORO,bcm,129.6849
2001-12-31,ORO,bcm,282.0804
2002-01-31,ORO,bcm,186.8274
2002-02-28,ORO,bcm,262.2343
2002-03-31,ORO,bcm,473.2811
2002-04-30,ORO,bcm,696.7974
2002-05-31,ORO,bcm,315.9887
2002-06-30,ORO,bcm,209.9343
2002-07-31,ORO,bcm,151.7028
2002-08-31,ORO,bcm,108.8013
2002-09-30,ORO,bcm,77.0711
2002-10-31,ORO,bcm,53.6922
2002-11-30,ORO,bcm,55.3152
2002-12-31,ORO,bcm,609.0989
2003-01-31,ORO,bcm,501.3030
2003-02-28,ORO,bcm,335.0822
2003-03-31,ORO,bcm,792.8251
2003-04-30,ORO,bcm,1049.4126
2003-05-31,ORO,bcm,733.4448
2003-06-30,ORO,bcm,313.5082
2003-07-31,ORO,bcm,211.0331
2003-08-31,ORO,bcm,152.6440
2003-09-30,ORO,bcm,109.4895
2003-10-31,ORO,bcm,77.5767
2003-11-30,ORO,bcm,54.8093
2003-12-31,ORO,bcm,184.2349
2004-01-31,ORO,bcm,169.8385
2004-02-29,ORO,bcm,481.0566
2004-03-31,ORO,bcm,600.8438
2004-04-30,ORO,bcm,739.6422
2004-05-31,ORO,bcm,402.2263
2004-06-30,ORO,bcm,232.1608
2004-07-31,ORO,bcm,167.2498
2004-08-31,ORO,bcm,120.3293
2004-09-30,ORO,bcm,85.5868
2004-10-31,ORO,bcm,71.6406
2004-11-30,ORO,bcm,62.8359
2004-12-31,ORO,bcm,291.6536
2005-01-31,ORO,bcm,352.4129
2005-02-28,ORO,bcm,380.7353
2005-03-31,ORO,bcm,1031.0452
2005-04-30,ORO,bcm,599.0512
2005-05-31,ORO,bcm,703.7783
2005-06-30,ORO,bcm,277.6320
2005-07-31,ORO,bcm,196.6873
2005-08-31,ORO,bcm,142.1535
2005-09-30,ORO,bcm,101.7455
2005-10-31,ORO,bcm,71.8734
2005-11-30,ORO,bcm,77.1411
2005-12-31,ORO,bcm,1098.0249
2006-01-31,ORO,bcm,472.4130
2006-02-28,ORO,bcm,585.1330
2006-03-31,ORO,bcm,634.5277
2006-04-30,ORO,bcm,2086.4066
2006-05-31,ORO,bcm,1535.9815
2006-06-30,ORO,bcm,530.0183
2006-07-31,ORO,bcm,300.2125
2006-08-31,ORO,bcm,217.4198
2006-09-30,ORO,bcm,157.7040
2006-10-31,ORO,bcm,113.2719
2006-11-30,ORO,bcm,83.5308
2006-12-31,ORO,bcm,163.6146
2007-01-31,ORO,bcm,101.4642
2007-02-28,ORO,bcm,657.5724
2007-03-31,ORO,bcm,383.7493
2007-04-30,ORO,bcm,292.3890
2007-05-31,ORO,bcm,186.3180
2007-06-30,ORO,bcm,133.6609
2007-07-31,ORO,bcm,95.4187
2007-08-31,ORO,bcm,67.2031
2007-09-30,ORO,bcm,46.4201
2007-10-31,ORO,bcm,32.2161
2007-11-30,ORO,bcm,32.0648
2007-12-31,ORO,bcm,34.9498
2008-01-31,ORO,bcm,163.1053
2008-02-29,ORO,bcm,218.8842
2008-03-31,ORO,bcm,232.9446
2008-04-30,ORO,bcm,482.7319
2008-05-31,ORO,bcm,335.0070
2008-06-30,ORO,bcm,181.6722
2008-07-31,ORO,bcm,129.6675
2008-08-31,ORO,bcm,92.4618
2008-09-30,ORO,bcm,65.0265
2008-10-31,ORO,bcm,44.8825
2008-11-30,ORO,bcm,47.2508
2008-12-31,ORO,bcm,81.8339
2009-01-31,ORO,bcm,158.2923
2009-02-28,ORO,bcm,602.7906
2009-03-31,ORO,bcm,690.4796
2009-04-30,ORO,bcm,450.0463
2009-05-31,ORO,bcm,394.9006
2009-06-30,ORO,bcm,192.8908
2009-07-31,ORO,bcm,137.1301
2009-08-31,ORO,bcm,97.9721
2009-09-30,ORO,bcm,69.0837
2009-10-31,ORO,bcm,48.6404
2009-11-30,ORO,bcm,37.2825
2009-12-31,ORO,bcm,57.5471
2010-01-31,ORO,bcm,459.5812
2010-02-28,ORO,bcm,331.7219
2010-03-31,ORO,bcm,557.5450
2010-04-30,ORO,bcm,915.6538
2010-05-31,ORO,bcm,506.6877
2010-06-30,ORO,bcm,242.4633
2010-07-31,ORO,bcm,169.5519
2010-08-31,ORO,bcm,121.9335
2010-09-30,ORO,bcm,86.7660
2010-10-31,ORO,bcm,70.3453
2010-11-30,ORO,bcm,205.5847
2010-12-31,ORO,bcm,598.7096
2011-01-31,ORO,bcm,268.0821
2011-02-28,ORO,bcm,454.8848
2011-03-31,ORO,bcm,1158.5304
2011-04-30,ORO,bcm,1020.4576
2011-05-31,ORO,bcm,1567.7726
2011-06-30,ORO,bcm,673.5835
2011-07-31,ORO,bcm,271.6666
2011-08-31,ORO,bcm,192.1624
2011-09-30,ORO,bcm,138.7954
2011-10-31,ORO,bcm,101.6079
2011-11-30,ORO,bcm,87.7430
2011-12-31,ORO,bcm,60.1843
2012-01-31,ORO,bcm,234.8213
2012-02-29,ORO,bcm,209.6398
2012-03-31,ORO,bcm,1121.6495
2012-04-30,ORO,bcm,971.5299
2012-05-31,ORO,bcm,271.6082
2012-06-30,ORO,bcm,182.7765
2012-07-31,ORO,bcm,131.5809
2012-08-31,ORO,bcm,93.8930
2012-09-30,ORO,bcm,66.0814
2012-10-31,ORO,bcm,45.6555
2012-11-30,ORO,bcm,292.6672
2012-12-31,ORO,bcm,373.0289
2013-01-31,ORO,bcm,143.0144
2013-02-28,ORO,bcm,158.5303
2013-03-31,ORO,bcm,574.8947
2013-04-30,ORO,bcm,454.7251
2013-05-31,ORO,bcm,255.2919
2013-06-30,ORO,bcm,173.7739
2013-07-31,ORO,bcm,124.9497
2013-08-31,ORO,bcm,89.0005
2013-09-30,ORO,bcm,62.5326
2013-10-31,ORO,bcm,42.9515
2013-11-30,ORO,bcm,32.0961
2013-12-31,ORO,bcm,31.9511
2014-01-31,ORO,bcm,31.6592
2014-02-28,ORO,bcm,193.5354
2014-03-31,ORO,bcm,832.2706
2014-04-30,ORO,bcm,195.9691
2014-05-31,ORO,bcm,123.5684
2014-06-30,ORO,bcm,87.5834
2014-07-31,ORO,bcm,61.4305
2014-08-31,ORO,bcm,42.1592
2014-09-30,ORO,bcm,32.0799
2014-10-31,ORO,bcm,31.9488
2014-11-30,ORO,bcm,33.4154
2014-12-31,ORO,bcm,423.9867
2015-01-31,ORO,bcm,138.6134
2015-02-28,ORO,bcm,621.6779
2015-03-31,ORO,bcm,269.5335
2015-04-30,ORO,bcm,222.1095
2015-05-31,ORO,bcm,158.4648
2015-06-30,ORO,bcm,111.3486
2015-07-31,ORO,bcm,78.9410
2015-08-31,ORO,bcm,55.0465
2015-09-30,ORO,bcm,37.3388
2015-10-31,ORO,bcm,32.0869
2015-11-30,ORO,bcm,32.0690
2015-12-31,ORO,bcm,38.1173
2016-01-31,ORO,bcm,394.5653
2016-02-29,ORO,bcm,252.7801
2016-03-31,ORO,bcm,1784.4016
2016-04-30,ORO,bcm,1009.9187
2016-05-31,ORO,bcm,490.9667
2016-06-30,ORO,bcm,255.5890
2016-07-31,ORO,bcm,182.2879
2016-08-31,ORO,bcm,131.4703
2016-09-30,ORO,bcm,93.8186
2016-10-31,ORO,bcm,151.0854
2016-11-30,ORO,bcm,217.7316
2016-12-31,ORO,bcm,430.2303
2017-01-31,ORO,bcm,578.3723
2017-02-28,ORO,bcm,1327.5312
2017-03-31,ORO,bcm,1076.2042
2017-04-30,ORO,bcm,1992.8272
2017-05-31,ORO,bcm,2235.5381
2017-06-30,ORO,bcm,825.3827
2017-07-31,ORO,bcm,413.1959
2017-08-31,ORO,bcm,300.0081
2017-09-30,ORO,bcm,219.6160
2017-10-31,ORO,bcm,159.3910
2017-11-30,ORO,bcm,411.8823
2017-12-31,ORO,bcm,167.3520
2018-01-31,ORO,bcm,497.2773
2018-02-28,ORO,bcm,242.4181
2018-03-31,ORO,bcm,980.0465
2018-04-30,ORO,bcm,810.5204
2018-05-31,ORO,bcm,297.2790
2018-06-30,ORO,bcm,198.8325
2018-07-31,ORO,bcm,143.4760
2018-08-31,ORO,bcm,102.7035
2018-09-30,ORO,bcm,72.5739
1990-10-31,FOL,bcm,0.3987
1990-11-30,FOL,bcm,1.0604
1990-12-31,FOL,bcm,0.5818
1991-01-31,FOL,bcm,0.8601
1991-02-28,FOL,bcm,16.5142
1991-03-31,FOL,bcm,339.5400
1991-04-30,FOL,bcm,313.9716
1991-05-31,FOL,bcm,400.8889
1991-06-30,FOL,bcm,89.1440
1991-07-31,FOL,bcm,15.9644
1991-08-31,FOL,bcm,3.1507
1991-09-30,FOL,bcm,0.5180
1991-10-31,FOL,bcm,10.6647
1991-11-30,FOL,bcm,36.9975
1991-12-31,FOL,bcm,54.6629
1992-01-31,FOL,bcm,68.8204
1992-02-29,FOL,bcm,475.9784
1992-03-31,FOL,bcm,325.0300
1992-04-30,FOL,bcm,113.8760
1992-05-31,FOL,bcm,23.3336
1992-06-30,FOL,bcm,4.9832
1992-07-31,FOL,bcm,0.8349
1992-08-31,FOL,bcm,0.1877
1992-09-30,FOL,bcm,0.0439
1992-10-31,FOL,bcm,11.2420
1992-11-30,FOL,bcm,3.5913
1992-12-31,FOL,bcm,75.8014
1993-01-31,FOL,bcm,429.9207
1993-02-28,FOL,bcm,469.0736
1993-03-31,FOL,bcm,700.1547
1993-04-30,FOL,bcm,531.2250
1993-05-31,FOL,bcm,832.5713
1993-06-30,FOL,bcm,521.5852
1993-07-31,FOL,bcm,56.7380
1993-08-31,FOL,bcm,10.7420
1993-09-30,FOL,bcm,1.9749
1993-10-31,FOL,bcm,3.5232
1993-11-30,FOL,bcm,10.7921
1993-12-31,FOL,bcm,41.7660
1994-01-31,FOL,bcm,105.8151
1994-02-28,FOL,bcm,234.6365
1994-03-31,FOL,bcm,233.0013
1994-04-30,FOL,bcm,253.5084
1994-05-31,FOL,bcm,99.0299
1994-06-30,FOL,bcm,16.5662
1994-07-31,FOL,bcm,3.1035
1994-08-31,FOL,bcm,0.5321
1994-09-30,FOL,bcm,0.2301
1994-10-31,FOL,bcm,1.1092
1994-11-30,FOL,bcm,41.9312
1994-12-31,FOL,bcm,244.4219
1995-01-31,FOL,bcm,1039.0227
1995-02-28,FOL,bcm,227.3274
1995-03-31,FOL,bcm,1252.3515
1995-04-30,FOL,bcm,645.6296
1995-05-31,FOL,bcm,827.4339
1995-06-30,FOL,bcm,750.7769
1995-07-31,FOL,bcm,412.0201
1995-08-31,FOL,bcm,49.4717
1995-09-30,FOL,bcm,9.2001
1995-10-31,FOL,bcm,1.6777
1995-11-30,FOL,bcm,0.4199
1995-12-31,FOL,bcm,64.3573
1996-01-31,FOL,bcm,617.5314
1996-02-29,FOL,bcm,782.1430
1996-03-31,FOL,bcm,515.9612
1996-04-30,FOL,bcm,589.2557
1996-05-31,FOL,bcm,756.8899
1996-06-30,FOL,bcm,248.3587
1996-07-31,FOL,bcm,39.7003
1996-08-31,FOL,bcm,6.9193
1996-09-30,FOL,bcm,1.3269
1996-10-31,FOL,bcm,4.8820
1996-11-30,FOL,bcm,151.9735
1996-12-31,FOL,bcm,1122.0141
1997-01-31,FOL,bcm,1333.7671
1997-02-28,FOL,bcm,205.7704
1997-03-31,FOL,bcm,330.2524
1997-04-30,FOL,bcm,385.4222
1997-05-31,FOL,bcm,623.9096
1997-06-30,FOL,bcm,355.1959
1997-07-31,FOL,bcm,43.4269
1997-08-31,FOL,bcm,8.0947
1997-09-30,FOL,bcm,1.6980
1997-10-31,FOL,bcm,3.5420
1997-11-30,FOL,bcm,88.5884
1997-12-31,FOL,bcm,100.5114
1998-01-31,FOL,bcm,701.8656
1998-02-28,FOL,bcm,647.9774
1998-03-31,FOL,bcm,560.5303
1998-04-30,FOL,bcm,541.8086
1998-05-31,FOL,bcm,706.0720
1998-06-30,FOL,bcm,703.0329
1998-07-31,FOL,bcm,113.1135
1998-08-31,FOL,bcm,19.4172
1998-09-30,FOL,bcm,17.4414
1998-10-31,FOL,bcm,10.4127
1998-11-30,FOL,bcm,177.9027
1998-12-31,FOL,bcm,120.4795
1999-01-31,FOL,bcm,633.5786
1999-02-28,FOL,bcm,697.7587
1999-03-31,FOL,bcm,379.2732
1999-04-30,FOL,bcm,372.2583
1999-05-31,FOL,bcm,518.1143
1999-06-30,FOL,bcm,381.7594
1999-07-31,FOL,bcm,65.3108
1999-08-31,FOL,bcm,12.4274
1999-09-30,FOL,bcm,2.3044
1999-10-31,FOL,bcm,2.8644
1999-11-30,FOL,bcm,27.3588
1999-12-31,FOL,bcm,25.6507
2000-01-31,FOL,bcm,503.5239
2000-02-29,FOL,bcm,1086.9627
2000-03-31,FOL,bcm,339.1132
2000-04-30,FOL,bcm,472.6353
2000-05-31,FOL,bcm,475.2053
2000-06-30,FOL,bcm,54.5549
2000-07-31,FOL,bcm,10.3915
2000-08-31,FOL,bcm,1.9083
2000-09-30,FOL,bcm,0.7938
2000-10-31,FOL,bcm,10.8285
2000-11-30,FOL,bcm,20.5959
2000-12-31,FOL,bcm,61.1701
2001-01-31,FOL,bcm,140.4767
2001-02-28,FOL,bcm,234.3314
2001-03-31,FOL,bcm,333.0423
2001-04-30,FOL,bcm,336.8549
2001-05-31,FOL,bcm,74.9234
2001-06-30,FOL,bcm,14.4911
2001-07-31,FOL,bcm,2.7052
2001-08-31,FOL,bcm,0.4594
2001-09-30,FOL,bcm,0.2577
2001-10-31,FOL,bcm,0.2968
2001-11-30,FOL,bcm,112.8684
2001-12-31,FOL,bcm,265.6497
2002-01-31,FOL,bcm,235.0543
2002-02-28,FOL,bcm,384.9976
2002-03-31,FOL,bcm,576.4615
2002-04-30,FOL,bcm,433.1123
2002-05-31,FOL,bcm,293.3292
2002-06-30,FOL,bcm,48.2964
2002-07-31,FOL,bcm,9.2978
2002-08-31,FOL,bcm,1.6966
2002-09-30,FOL,bcm,0.2811
2002-10-31,FOL,bcm,0.0412
2002-11-30,FOL,bcm,43.6442
2002-12-31,FOL,bcm,228.8967
2003-01-31,FOL,bcm,285.1993
2003-02-28,FOL,bcm,217.3455
2003-03-31,FOL,bcm,414.6456
2003-04-30,FOL,bcm,582.2265
2003-05-31,FOL,bcm,443.9737
2003-06-30,FOL,bcm,91.4248
2003-07-31,FOL,bcm,17.3498
2003-08-31,FOL,bcm,3.6029
2003-09-30,FOL,bcm,0.6486
2003-10-31,FOL,bcm,0.1197
2003-11-30,FOL,bcm,1.8672
2003-12-31,FOL,bcm,108.3373
2004-01-31,FOL,bcm,152.4084
2004-02-29,FOL,bcm,377.7602
2004-03-31,FOL,bcm,330.7999
2004-04-30,FOL,bcm,290.8537
2004-05-31,FOL,bcm,182.4445
2004-06-30,FOL,bcm,30.5604
2004-07-31,FOL,bcm,5.9360
2004-08-31,FOL,bcm,1.0564
2004-09-30,FOL,bcm,0.3296
2004-10-31,FOL,bcm,17.4567
2004-11-30,FOL,bcm,64.1173
2004-12-31,FOL,bcm,342.0121
2005-01-31,FOL,bcm,541.3755
2005-02-28,FOL,bcm,352.9619
2005-03-31,FOL,bcm,771.5455
2005-04-30,FOL,bcm,295.5702
2005-05-31,FOL,bcm,588.3627
2005-06-30,FOL,bcm,68.7621
2005-07-31,FOL,bcm,12.8673
2005-08-31,FOL,bcm,2.3962
2005-09-30,FOL,bcm,0.5776
2005-10-31,FOL,bcm,0.4916
2005-11-30,FOL,bcm,12.1859
2005-12-31,FOL,bcm,805.0015
2006-01-31,FOL,bcm,476.7325
2006-02-28,FOL,bcm,461.5792
2006-03-31,FOL,bcm,469.8153
2006-04-30,FOL,bcm,1070.5825
2006-05-31,FOL,bcm,740.5652
2006-06-30,FOL,bcm,469.8631
2006-07-31,FOL,bcm,62.0981
2006-08-31,FOL,bcm,12.4488
2006-09-30,FOL,bcm,2.3087
2006-10-31,FOL,bcm,0.5605
2006-11-30,FOL,bcm,11.2318
2006-12-31,FOL,bcm,86.9007
2007-01-31,FOL,bcm,71.4675
2007-02-28,FOL,bcm,552.7697
2007-03-31,FOL,bcm,249.1106
2007-04-30,FOL,bcm,250.2738
2007-05-31,FOL,bcm,52.6498
2007-06-30,FOL,bcm,10.4023
2007-07-31,FOL,bcm,1.9099
2007-08-31,FOL,bcm,0.3168
2007-09-30,FOL,bcm,0.2678
2007-10-31,FOL,bcm,2.0533
2007-11-30,FOL,bcm,2.6930
2007-12-31,FOL,bcm,21.6490
2008-01-31,FOL,bcm,156.6134
2008-02-29,FOL,bcm,291.5206
2008-03-31,FOL,bcm,235.4775
2008-04-30,FOL,bcm,224.9316
2008-05-31,FOL,bcm,238.2895
2008-06-30,FOL,bcm,38.0229
2008-07-31,FOL,bcm,7.4575
2008-08-31,FOL,bcm,1.3444
2008-09-30,FOL,bcm,0.2190
2008-10-31,FOL,bcm,0.4470
2008-11-30,FOL,bcm,9.9001
2008-12-31,FOL,bcm,53.8139
2009-01-31,FOL,bcm,170.9948
2009-02-28,FOL,bcm,379.8087
2009-03-31,FOL,bcm,478.4117
2009-04-30,FOL,bcm,263.4512
2009-05-31,FOL,bcm,314.0776
2009-06-30,FOL,bcm,33.1694
2009-07-31,FOL,bcm,6.4524
2009-08-31,FOL,bcm,1.1543
2009-09-30,FOL,bcm,0.2167
2009-10-31,FOL,bcm,3.7528
2009-11-30,FOL,bcm,5.8054
2009-12-31,FOL,bcm,32.1374
2010-01-31,FOL,bcm,305.2567
2010-02-28,FOL,bcm,359.0108
2010-03-31,FOL,bcm,414.2855
2010-04-30,FOL,bcm,511.5631
2010-05-31,FOL,bcm,347.0666
2010-06-30,FOL,bcm,131.3157
2010-07-31,FOL,bcm,20.5969
2010-08-31,FOL,bcm,3.9206
2010-09-30,FOL,bcm,0.6820
2010-10-31,FOL,bcm,115.3060
2010-11-30,FOL,bcm,401.9435
2010-12-31,FOL,bcm,844.3761
2011-01-31,FOL,bcm,276.8956
2011-02-28,FOL,bcm,399.3120
2011-03-31,FOL,bcm,1087.3959
2011-04-30,FOL,bcm,413.7449
2011-05-31,FOL,bcm,576.2449
2011-06-30,FOL,bcm,598.2431
2011-07-31,FOL,bcm,128.5463
2011-08-31,FOL,bcm,17.4420
2011-09-30,FOL,bcm,3.5789
2011-10-31,FOL,bcm,12.1714
2011-11-30,FOL,bcm,25.2758
2011-12-31,FOL,bcm,4.7360
2012-01-31,FOL,bcm,243.3236
2012-02-29,FOL,bcm,143.8208
2012-03-31,FOL,bcm,888.7519
2012-04-30,FOL,bcm,596.6955
2012-05-31,FOL,bcm,122.4997
2012-06-30,FOL,bcm,23.2169
2012-07-31,FOL,bcm,4.7690
2012-08-31,FOL,bcm,0.7722
2012-09-30,FOL,bcm,0.1386
2012-10-31,FOL,bcm,1.1205
2012-11-30,FOL,bcm,118.0147
2012-12-31,FOL,bcm,401.1824
2013-01-31,FOL,bcm,126.8678
2013-02-28,FOL,bcm,99.9967
2013-03-31,FOL,bcm,378.6982
2013-04-30,FOL,bcm,270.0600
2013-05-31,FOL,bcm,79.7160
2013-06-30,FOL,bcm,15.7653
2013-07-31,FOL,bcm,2.8614
2013-08-31,FOL,bcm,0.4885
2013-09-30,FOL,bcm,0.6217
2013-10-31,FOL,bcm,0.1957
2013-11-30,FOL,bcm,1.1334
2013-12-31,FOL,bcm,2.2354
2014-01-31,FOL,bcm,11.0660
2014-02-28,FOL,bcm,373.2719
2014-03-31,FOL,bcm,519.3621
2014-04-30,FOL,bcm,227.8183
2014-05-31,FOL,bcm,50.4687
2014-06-30,FOL,bcm,9.8964
2014-07-31,FOL,bcm,1.9368
2014-08-31,FOL,bcm,0.3139
2014-09-30,FOL,bcm,0.5085
2014-10-31,FOL,bcm,0.6120
2014-11-30,FOL,bcm,16.0943
2014-12-31,FOL,bcm,280.3820
2015-01-31,FOL,bcm,82.2189
2015-02-28,FOL,bcm,422.1193
2015-03-31,FOL,bcm,122.1357
2015-04-30,FOL,bcm,115.3980
2015-05-31,FOL,bcm,32.3190
2015-06-30,FOL,bcm,6.2862
2015-07-31,FOL,bcm,1.1007
2015-08-31,FOL,bcm,0.1723
2015-09-30,FOL,bcm,0.0388
2015-10-31,FOL,bcm,0.5684
2015-11-30,FOL,bcm,9.9365
2015-12-31,FOL,bcm,78.4793
2016-01-31,FOL,bcm,523.2949
2016-02-29,FOL,bcm,296.4127
2016-03-31,FOL,bcm,1133.7743
2016-04-30,FOL,bcm,559.6707
2016-05-31,FOL,bcm,382.6122
2016-06-30,FOL,bcm,60.3313
2016-07-31,FOL,bcm,11.7784
2016-08-31,FOL,bcm,2.1783
2016-09-30,FOL,bcm,0.3687
2016-10-31,FOL,bcm,211.3172
2016-11-30,FOL,bcm,287.7368
2016-12-31,FOL,bcm,557.8374
2017-01-31,FOL,bcm,934.9188
2017-02-28,FOL,bcm,1246.9056
2017-03-31,FOL,bcm,683.8979
2017-04-30,FOL,bcm,885.9460
2017-05-31,FOL,bcm,864.4969
2017-06-30,FOL,bcm,847.3875
2017-07-31,FOL,bcm,220.1901
2017-08-31,FOL,bcm,33.8291
2017-09-30,FOL,bcm,7.7544
2017-10-31,FOL,bcm,2.5322
2017-11-30,FOL,bcm,375.9794
2017-12-31,FOL,bcm,68.5698
2018-01-31,FOL,bcm,444.2469
2018-02-28,FOL,bcm,103.9175
2018-03-31,FOL,bcm,914.3358
2018-04-30,FOL,bcm,549.3096
2018-05-31,FOL,bcm,220.0542
2018-06-30,FOL,bcm,27.3657
2018-07-31,FOL,bcm,5.2731
2018-08-31,FOL,bcm,0.9322
2018-09-30,FOL,bcm,0.1484
1990-10-31,YRS,bcm,0.2735
1990-11-30,YRS,bcm,0.3161
1990-12-31,YRS,bcm,0.4963
1991-01-31,YRS,bcm,4.1901
1991-02-28,YRS,bcm,49.9847
1991-03-31,YRS,bcm,330.0328
1991-04-30,YRS,bcm,326.2134
1991-05-31,YRS,bcm,418.6325
1991-06-30,YRS,bcm,100.4831
1991-07-31,YRS,bcm,24.5916
1991-08-31,YRS,bcm,7.5919
1991-09-30,YRS,bcm,2.2121
1991-10-31,YRS,bcm,3.7147
1991-11-30,YRS,bcm,24.4219
1991-12-31,YRS,bcm,68.1006
1992-01-31,YRS,bcm,86.5410
1992-02-29,YRS,bcm,520.1130
1992-03-31,YRS,bcm,264.2663
1992-04-30,YRS,bcm,124.3898
1992-05-31,YRS,bcm,39.0535
1992-06-30,YRS,bcm,12.5459
1992-07-31,YRS,bcm,3.7163
1992-08-31,YRS,bcm,1.0428
1992-09-30,YRS,bcm,0.2722
1992-10-31,YRS,bcm,6.7567
1992-11-30,YRS,bcm,4.5907
1992-12-31,YRS,bcm,81.6292
1993-01-31,YRS,bcm,320.5358
1993-02-28,YRS,bcm,270.2694
1993-03-31,YRS,bcm,538.5223
1993-04-30,YRS,bcm,502.6800
1993-05-31,YRS,bcm,796.8114
1993-06-30,YRS,bcm,381.7248
1993-07-31,YRS,bcm,36.5989
1993-08-31,YRS,bcm,11.4943
1993-09-30,YRS,bcm,3.4199
1993-10-31,YRS,bcm,1.1807
1993-11-30,YRS,bcm,10.0618
1993-12-31,YRS,bcm,74.0206
1994-01-31,YRS,bcm,117.7160
1994-02-28,YRS,bcm,192.4370
1994-03-31,YRS,bcm,207.1132
1994-04-30,YRS,bcm,234.9005
1994-05-31,YRS,bcm,74.6879
1994-06-30,YRS,bcm,23.3385
1994-07-31,YRS,bcm,7.1878
1994-08-31,YRS,bcm,2.0886
1994-09-30,YRS,bcm,0.5680
1994-10-31,YRS,bcm,0.1444
1994-11-30,YRS,bcm,22.9701
1994-12-31,YRS,bcm,149.2967
1995-01-31,YRS,bcm,742.9096
1995-02-28,YRS,bcm,182.7676
1995-03-31,YRS,bcm,841.7092
1995-04-30,YRS,bcm,544.1219
1995-05-31,YRS,bcm,774.1077
1995-06-30,YRS,bcm,703.9618
1995-07-31,YRS,bcm,222.4621
1995-08-31,YRS,bcm,22.0664
1995-09-30,YRS,bcm,6.7682
1995-10-31,YRS,bcm,1.9605
1995-11-30,YRS,bcm,0.5315
1995-12-31,YRS,bcm,101.1566
1996-01-31,YRS,bcm,510.7767
1996-02-29,YRS,bcm,639.3015
1996-03-31,YRS,bcm,347.7284
1996-04-30,YRS,bcm,578.8138
1996-05-31,YRS,bcm,707.6301
1996-06-30,YRS,bcm,113.0296
1996-07-31,YRS,bcm,28.3112
1996-08-31,YRS,bcm,8.7976
1996-09-30,YRS,bcm,2.5836
1996-10-31,YRS,bcm,1.6280
1996-11-30,YRS,bcm,83.6079
1996-12-31,YRS,bcm,834.8295
1997-01-31,YRS,bcm,801.6559
1997-02-28,YRS,bcm,141.8066
1997-03-31,YRS,bcm,304.5872
1997-04-30,YRS,bcm,339.5353
1997-05-31,YRS,bcm,514.4022
1997-06-30,YRS,bcm,233.3719
1997-07-31,YRS,bcm,34.7800
1997-08-31,YRS,bcm,10.9044
1997-09-30,YRS,bcm,3.2365
1997-10-31,YRS,bcm,2.1433
1997-11-30,YRS,bcm,153.6095
1997-12-31,YRS,bcm,113.2489
1998-01-31,YRS,bcm,555.2789
1998-02-28,YRS,bcm,336.3029
1998-03-31,YRS,bcm,374.6868
1998-04-30,YRS,bcm,446.3967
1998-05-31,YRS,bcm,655.2252
1998-06-30,YRS,bcm,606.8320
1998-07-31,YRS,bcm,60.1759
1998-08-31,YRS,bcm,17.3526
1998-09-30,YRS,bcm,7.7016
1998-10-31,YRS,bcm,6.4353
1998-11-30,YRS,bcm,294.9861
1998-12-31,YRS,bcm,112.8547
1999-01-31,YRS,bcm,464.4827
1999-02-28,YRS,bcm,416.7889
1999-03-31,YRS,bcm,264.4134
1999-04-30,YRS,bcm,315.0869
1999-05-31,YRS,bcm,463.3299
1999-06-30,YRS,bcm,247.1360
1999-07-31,YRS,bcm,50.1356
1999-08-31,YRS,bcm,15.9619
1999-09-30,YRS,bcm,4.8271
1999-10-31,YRS,bcm,1.6570
1999-11-30,YRS,bcm,30.2628
1999-12-31,YRS,bcm,35.4554
2000-01-31,YRS,bcm,370.2751
2000-02-29,YRS,bcm,712.3115
2000-03-31,YRS,bcm,303.2676
2000-04-30,YRS,bcm,432.9537
2000-05-31,YRS,bcm,355.7674
2000-06-30,YRS,bcm,65.0671
2000-07-31,YRS,bcm,20.5907
2000-08-31,YRS,bcm,6.3039
2000-09-30,YRS,bcm,1.8210
2000-10-31,YRS,bcm,12.0546
2000-11-30,YRS,bcm,19.2992
2000-12-31,YRS,bcm,72.5554
2001-01-31,YRS,bcm,150.4054
2001-02-28,YRS,bcm,196.2777
2001-03-31,YRS,bcm,322.6530
2001-04-30,YRS,bcm,254.2961
2001-05-31,YRS,bcm,79.9497
2001-06-30,YRS,bcm,24.8426
2001-07-31,YRS,bcm,7.6736
2001-08-31,YRS,bcm,2.2372
2001-09-30,YRS,bcm,0.6111
2001-10-31,YRS,bcm,0.1607
2001-11-30,YRS,bcm,173.6895
2001-12-31,YRS,bcm,230.6004
2002-01-31,YRS,bcm,181.6440
2002-02-28,YRS,bcm,270.6092
2002-03-31,YRS,bcm,399.9153
2002-04-30,YRS,bcm,413.9627
2002-05-31,YRS,bcm,309.7823
2002-06-30,YRS,bcm,83.5844
2002-07-31,YRS,bcm,25.6991
2002-08-31,YRS,bcm,7.9509
2002-09-30,YRS,bcm,2.3223
2002-10-31,YRS,bcm,0.6350
2002-11-30,YRS,bcm,53.0035
2002-12-31,YRS,bcm,385.8854
2003-01-31,YRS,bcm,359.8829
2003-02-28,YRS,bcm,192.4398
2003-03-31,YRS,bcm,387.7997
2003-04-30,YRS,bcm,446.6330
2003-05-31,YRS,bcm,491.8899
2003-06-30,YRS,bcm,96.9283
2003-07-31,YRS,bcm,27.9835
2003-08-31,YRS,bcm,8.6959
2003-09-30,YRS,bcm,2.5505
2003-10-31,YRS,bcm,0.7015
2003-11-30,YRS,bcm,1.9039
2003-12-31,YRS,bcm,135.9153
2004-01-31,YRS,bcm,152.1344
2004-02-29,YRS,bcm,320.8633
2004-03-31,YRS,bcm,338.2252
2004-04-30,YRS,bcm,349.8499
2004-05-31,YRS,bcm,220.1671
2004-06-30,YRS,bcm,49.2805
2004-07-31,YRS,bcm,15.7070
2004-08-31,YRS,bcm,4.7463
2004-09-30,YRS,bcm,1.3499
2004-10-31,YRS,bcm,10.1436
2004-11-30,YRS,bcm,34.0593
2004-12-31,YRS,bcm,254.3040
2005-01-31,YRS,bcm,293.2649
2005-02-28,YRS,bcm,236.5815
2005-03-31,YRS,bcm,549.6951
2005-04-30,YRS,bcm,284.5839
2005-05-31,YRS,bcm,507.3459
2005-06-30,YRS,bcm,51.2429
2005-07-31,YRS,bcm,16.1961
2005-08-31,YRS,bcm,4.9015
2005-09-30,YRS,bcm,1.3966
2005-10-31,YRS,bcm,0.3804
2005-11-30,YRS,bcm,31.3151
2005-12-31,YRS,bcm,887.4799
2006-01-31,YRS,bcm,316.8480
2006-02-28,YRS,bcm,347.1138
2006-03-31,YRS,bcm,310.2677
2006-04-30,YRS,bcm,851.3171
2006-05-31,YRS,bcm,675.7293
2006-06-30,YRS,bcm,294.1128
2006-07-31,YRS,bcm,55.7018
2006-08-31,YRS,bcm,17.8465
2006-09-30,YRS,bcm,5.4264
2006-10-31,YRS,bcm,1.5543
2006-11-30,YRS,bcm,14.8968
2006-12-31,YRS,bcm,152.8292
2007-01-31,YRS,bcm,72.2330
2007-02-28,YRS,bcm,520.8418
2007-03-31,YRS,bcm,221.8290
2007-04-30,YRS,bcm,240.4344
2007-05-31,YRS,bcm,66.6141
2007-06-30,YRS,bcm,21.2290
2007-07-31,YRS,bcm,6.5084
2007-08-31,YRS,bcm,1.8813
2007-09-30,YRS,bcm,0.5098
2007-10-31,YRS,bcm,2.2439
2007-11-30,YRS,bcm,4.7880
2007-12-31,YRS,bcm,28.9980
2008-01-31,YRS,bcm,149.8182
2008-02-29,YRS,bcm,224.5261
2008-03-31,YRS,bcm,218.3081
2008-04-30,YRS,bcm,259.9189
2008-05-31,YRS,bcm,230.0316
2008-06-30,YRS,bcm,49.7273
2008-07-31,YRS,bcm,15.8543
2008-08-31,YRS,bcm,4.7931
2008-09-30,YRS,bcm,1.3635
2008-10-31,YRS,bcm,0.3690
2008-11-30,YRS,bcm,20.4396
2008-12-31,YRS,bcm,71.8471
2009-01-31,YRS,bcm,144.5735
2009-02-28,YRS,bcm,355.0900
2009-03-31,YRS,bcm,382.0022
2009-04-30,YRS,bcm,260.7296
2009-05-31,YRS,bcm,299.1184
2009-06-30,YRS,bcm,38.8485
2009-07-31,YRS,bcm,12.2402
2009-08-31,YRS,bcm,3.6537
2009-09-30,YRS,bcm,1.0246
2009-10-31,YRS,bcm,3.2928
2009-11-30,YRS,bcm,8.5312
2009-12-31,YRS,bcm,53.6066
2010-01-31,YRS,bcm,337.8914
2010-02-28,YRS,bcm,253.6301
2010-03-31,YRS,bcm,315.3684
2010-04-30,YRS,bcm,448.2697
2010-05-31,YRS,bcm,285.4406
2010-06-30,YRS,bcm,76.6848
2010-07-31,YRS,bcm,20.8685
2010-08-31,YRS,bcm,6.3926
2010-09-30,YRS,bcm,1.8462
2010-10-31,YRS,bcm,73.3067
2010-11-30,YRS,bcm,336.1114
2010-12-31,YRS,bcm,588.0968
2011-01-31,YRS,bcm,208.4206
2011-02-28,YRS,bcm,280.2809
2011-03-31,YRS,bcm,645.3608
2011-04-30,YRS,bcm,453.3461
2011-05-31,YRS,bcm,607.3360
2011-06-30,YRS,bcm,661.3259
2011-07-31,YRS,bcm,113.8064
2011-08-31,YRS,bcm,24.1110
2011-09-30,YRS,bcm,7.9092
2011-10-31,YRS,bcm,32.1001
2011-11-30,YRS,bcm,104.3689
2011-12-31,YRS,bcm,30.4529
2012-01-31,YRS,bcm,289.6620
2012-02-29,YRS,bcm,158.2585
2012-03-31,YRS,bcm,665.5353
2012-04-30,YRS,bcm,602.6817
2012-05-31,YRS,bcm,120.0114
2012-06-30,YRS,bcm,33.2879
2012-07-31,YRS,bcm,10.4007
2012-08-31,YRS,bcm,3.0794
2012-09-30,YRS,bcm,0.8553
2012-10-31,YRS,bcm,0.4281
2012-11-30,YRS,bcm,296.2622
2012-12-31,YRS,bcm,320.8305
2013-01-31,YRS,bcm,90.6901
2013-02-28,YRS,bcm,86.9897
2013-03-31,YRS,bcm,288.5854
2013-04-30,YRS,bcm,213.5076
2013-05-31,YRS,bcm,58.4146
2013-06-30,YRS,bcm,18.8211
2013-07-31,YRS,bcm,5.6911
2013-08-31,YRS,bcm,1.6337
2013-09-30,YRS,bcm,0.9245
2013-10-31,YRS,bcm,0.8932
2013-11-30,YRS,bcm,2.3857
2013-12-31,YRS,bcm,4.5331
2014-01-31,YRS,bcm,13.6056
2014-02-28,YRS,bcm,366.3448
2014-03-31,YRS,bcm,513.7425
2014-04-30,YRS,bcm,187.5163
2014-05-31,YRS,bcm,55.6720
2014-06-30,YRS,bcm,17.7345
2014-07-31,YRS,bcm,5.3911
2014-08-31,YRS,bcm,1.5442
2014-09-30,YRS,bcm,0.4135
2014-10-31,YRS,bcm,0.4095
2014-11-30,YRS,bcm,28.9315
2014-12-31,YRS,bcm,352.2566
2015-01-31,YRS,bcm,97.4508
2015-02-28,YRS,bcm,391.3157
2015-03-31,YRS,bcm,135.9924
2015-04-30,YRS,bcm,102.5055
2015-05-31,YRS,bcm,35.3724
2015-06-30,YRS,bcm,11.0625
2015-07-31,YRS,bcm,3.2874
2015-08-31,YRS,bcm,0.9159
2015-09-30,YRS,bcm,0.2374
2015-10-31,YRS,bcm,0.0659
2015-11-30,YRS,bcm,5.7172
2015-12-31,YRS,bcm,38.6244
2016-01-31,YRS,bcm,367.2396
2016-02-29,YRS,bcm,217.7174
2016-03-31,YRS,bcm,964.1798
2016-04-30,YRS,bcm,466.3216
2016-05-31,YRS,bcm,375.7223
2016-06-30,YRS,bcm,79.7771
2016-07-31,YRS,bcm,25.0794
2016-08-31,YRS,bcm,7.7504
2016-09-30,YRS,bcm,2.2608
2016-10-31,YRS,bcm,185.1758
2016-11-30,YRS,bcm,224.9129
2016-12-31,YRS,bcm,377.8046
2017-01-31,YRS,bcm,590.5516
2017-02-28,YRS,bcm,881.1254
2017-03-31,YRS,bcm,539.8315
2017-04-30,YRS,bcm,856.2005
2017-05-31,YRS,bcm,754.0820
2017-06-30,YRS,bcm,764.4954
2017-07-31,YRS,bcm,216.9020
2017-08-31,YRS,bcm,45.5550
2017-09-30,YRS,bcm,15.0889
2017-10-31,YRS,bcm,5.3120
2017-11-30,YRS,bcm,433.4199
2017-12-31,YRS,bcm,70.7846
2018-01-31,YRS,bcm,360.7018
2018-02-28,YRS,bcm,108.4095
2018-03-31,YRS,bcm,586.7826
2018-04-30,YRS,bcm,472.0724
2018-05-31,YRS,bcm,161.3493
2018-06-30,YRS,bcm,28.6600
2018-07-31,YRS,bcm,8.9075
2018-08-31,YRS,bcm,2.6168
2018-09-30,YRS,bcm,0.7203
1990-10-31,CSN,bcm,0.0845
1990-11-30,CSN,bcm,0.1695
1990-12-31,CSN,bcm,0.1078
1991-01-31,CSN,bcm,0.0692
1991-02-28,CSN,bcm,0.5350
1991-03-31,CSN,bcm,52.0447
1991-04-30,CSN,bcm,40.7176
1991-05-31,CSN,bcm,15.9843
1991-06-30,CSN,bcm,3.1990
1991-07-31,CSN,bcm,0.5745
1991-08-31,CSN,bcm,0.1282
1991-09-30,CSN,bcm,0.0167
1991-10-31,CSN,bcm,0.4673
1991-11-30,CSN,bcm,0.5825
1991-12-31,CSN,bcm,3.8237
1992-01-31,CSN,bcm,6.5620
1992-02-29,CSN,bcm,59.0433
1992-03-31,CSN,bcm,50.0309
1992-04-30,CSN,bcm,10.3123
1992-05-31,CSN,bcm,2.0803
1992-06-30,CSN,bcm,0.5027
1992-07-31,CSN,bcm,0.0843
1992-08-31,CSN,bcm,0.0102
1992-09-30,CSN,bcm,0.0022
1992-10-31,CSN,bcm,0.3952
1992-11-30,CSN,bcm,0.0745
1992-12-31,CSN,bcm,8.7621
1993-01-31,CSN,bcm,111.2122
1993-02-28,CSN,bcm,122.8865
1993-03-31,CSN,bcm,136.7409
1993-04-30,CSN,bcm,77.5314
1993-05-31,CSN,bcm,51.2847
1993-06-30,CSN,bcm,9.2363
1993-07-31,CSN,bcm,1.6153
1993-08-31,CSN,bcm,0.2961
1993-09-30,CSN,bcm,0.0486
1993-10-31,CSN,bcm,0.1277
1993-11-30,CSN,bcm,0.3602
1993-12-31,CSN,bcm,1.8389
1994-01-31,CSN,bcm,12.4396
1994-02-28,CSN,bcm,46.5151
1994-03-31,CSN,bcm,20.4945
1994-04-30,CSN,bcm,17.3304
1994-05-31,CSN,bcm,4.5183
1994-06-30,CSN,bcm,0.8213
1994-07-31,CSN,bcm,0.1437
1994-08-31,CSN,bcm,0.0224
1994-09-30,CSN,bcm,0.0393
1994-10-31,CSN,bcm,0.1249
1994-11-30,CSN,bcm,7.4337
1994-12-31,CSN,bcm,43.4574
1995-01-31,CSN,bcm,251.0119
1995-02-28,CSN,bcm,46.4740
1995-03-31,CSN,bcm,269.3771
1995-04-30,CSN,bcm,103.1682
1995-05-31,CSN,bcm,72.5294
1995-06-30,CSN,bcm,18.5999
1995-07-31,CSN,bcm,2.3369
1995-08-31,CSN,bcm,0.4346
1995-09-30,CSN,bcm,0.0733
1995-10-31,CSN,bcm,0.0109
1995-11-30,CSN,bcm,0.0390
1995-12-31,CSN,bcm,4.8411
1996-01-31,CSN,bcm,103.8049
1996-02-29,CSN,bcm,151.2448
1996-03-31,CSN,bcm,88.1961
1996-04-30,CSN,bcm,57.8421
1996-05-31,CSN,bcm,44.7347
1996-06-30,CSN,bcm,5.0717
1996-07-31,CSN,bcm,0.9845
1996-08-31,CSN,bcm,0.1749
1996-09-30,CSN,bcm,0.0483
1996-10-31,CSN,bcm,0.1757
1996-11-30,CSN,bcm,10.7466
1996-12-31,CSN,bcm,193.1778
1997-01-31,CSN,bcm,292.3827
1997-02-28,CSN,bcm,45.5619
1997-03-31,CSN,bcm,39.8098
1997-04-30,CSN,bcm,28.1772
1997-05-31,CSN,bcm,13.7415
1997-06-30,CSN,bcm,2.5537
1997-07-31,CSN,bcm,0.4636
1997-08-31,CSN,bcm,0.1008
1997-09-30,CSN,bcm,0.0240
1997-10-31,CSN,bcm,0.2795
1997-11-30,CSN,bcm,2.9532
1997-12-31,CSN,bcm,10.3473
1998-01-31,CSN,bcm,140.7891
1998-02-28,CSN,bcm,202.6641
1998-03-31,CSN,bcm,126.6735
1998-04-30,CSN,bcm,82.4694
1998-05-31,CSN,bcm,87.4518
1998-06-30,CSN,bcm,17.0555
1998-07-31,CSN,bcm,2.4331
1998-08-31,CSN,bcm,0.4562
1998-09-30,CSN,bcm,0.1784
1998-10-31,CSN,bcm,0.1608
1998-11-30,CSN,bcm,5.8681
1998-12-31,CSN,bcm,12.3546
1999-01-31,CSN,bcm,93.3005
1999-02-28,CSN,bcm,162.0822
1999-03-31,CSN,bcm,76.6318
1999-04-30,CSN,bcm,49.1694
1999-05-31,CSN,bcm,16.5617
1999-06-30,CSN,bcm,3.2868
1999-07-31,CSN,bcm,0.6235
1999-08-31,CSN,bcm,0.1161
1999-09-30,CSN,bcm,0.0201
1999-10-31,CSN,bcm,0.1272
1999-11-30,CSN,bcm,1.0737
1999-12-31,CSN,bcm,0.6291
2000-01-31,CSN,bcm,101.4907
2000-02-29,CSN,bcm,242.2794
2000-03-31,CSN,bcm,49.7595
2000-04-30,CSN,bcm,31.0254
2000-05-31,CSN,bcm,19.6588
2000-06-30,CSN,bcm,2.6487
2000-07-31,CSN,bcm,0.4847
2000-08-31,CSN,bcm,0.0837
2000-09-30,CSN,bcm,0.1327
2000-10-31,CSN,bcm,1.1136
2000-11-30,CSN,bcm,1.7693
2000-12-31,CSN,bcm,5.5201
2001-01-31,CSN,bcm,26.3559
2001-02-28,CSN,bcm,56.6863
2001-03-31,CSN,bcm,43.8237
2001-04-30,CSN,bcm,46.8236
2001-05-31,CSN,bcm,6.6756
2001-06-30,CSN,bcm,1.3353
2001-07-31,CSN,bcm,0.2427
2001-08-31,CSN,bcm,0.0390
2001-09-30,CSN,bcm,0.0432
2001-10-31,CSN,bcm,0.0760
2001-11-30,CSN,bcm,2.0829
2001-12-31,CSN,bcm,43.0964
2002-01-31,CSN,bcm,48.5833
2002-02-28,CSN,bcm,73.6971
2002-03-31,CSN,bcm,100.5774
2002-04-30,CSN,bcm,27.4358
2002-05-31,CSN,bcm,6.4935
2002-06-30,CSN,bcm,1.2299
2002-07-31,CSN,bcm,0.2217
2002-08-31,CSN,bcm,0.0357
2002-09-30,CSN,bcm,0.0053
2002-10-31,CSN,bcm,0.0006
2002-11-30,CSN,bcm,0.6577
2002-12-31,CSN,bcm,42.9500
2003-01-31,CSN,bcm,34.8209
2003-02-28,CSN,bcm,38.7077
2003-03-31,CSN,bcm,50.2064
2003-04-30,CSN,bcm,129.9229
2003-05-31,CSN,bcm,15.7779
2003-06-30,CSN,bcm,3.1761
2003-07-31,CSN,bcm,0.6057
2003-08-31,CSN,bcm,0.1765
2003-09-30,CSN,bcm,0.0299
2003-10-31,CSN,bcm,0.0060
2003-11-30,CSN,bcm,0.3173
2003-12-31,CSN,bcm,19.2417
2004-01-31,CSN,bcm,35.5441
2004-02-29,CSN,bcm,90.8812
2004-03-31,CSN,bcm,46.4669
2004-04-30,CSN,bcm,14.2248
2004-05-31,CSN,bcm,2.9478
2004-06-30,CSN,bcm,0.5570
2004-07-31,CSN,bcm,0.0955
2004-08-31,CSN,bcm,0.0145
2004-09-30,CSN,bcm,0.0415
2004-10-31,CSN,bcm,1.6936
2004-11-30,CSN,bcm,7.8930
2004-12-31,CSN,bcm,58.0898
2005-01-31,CSN,bcm,152.9357
2005-02-28,CSN,bcm,78.5225
2005-03-31,CSN,bcm,152.6968
2005-04-30,CSN,bcm,29.8168
2005-05-31,CSN,bcm,33.1870
2005-06-30,CSN,bcm,4.1122
2005-07-31,CSN,bcm,0.7533
2005-08-31,CSN,bcm,0.1342
2005-09-30,CSN,bcm,0.0728
2005-10-31,CSN,bcm,0.0680
2005-11-30,CSN,bcm,0.3098
2005-12-31,CSN,bcm,114.6936
2006-01-31,CSN,bcm,107.9906
2006-02-28,CSN,bcm,79.4090
2006-03-31,CSN,bcm,146.4300
2006-04-30,CSN,bcm,235.2944
2006-05-31,CSN,bcm,42.9814
2006-06-30,CSN,bcm,8.5205
2006-07-31,CSN,bcm,1.7142
2006-08-31,CSN,bcm,0.3153
2006-09-30,CSN,bcm,0.0521
2006-10-31,CSN,bcm,0.0690
2006-11-30,CSN,bcm,0.4535
2006-12-31,CSN,bcm,8.4929
2007-01-31,CSN,bcm,9.3695
2007-02-28,CSN,bcm,98.7279
2007-03-31,CSN,bcm,26.3718
2007-04-30,CSN,bcm,20.5648
2007-05-31,CSN,bcm,4.2581
2007-06-30,CSN,bcm,0.8222
2007-07-31,CSN,bcm,0.1457
2007-08-31,CSN,bcm,0.0224
2007-09-30,CSN,bcm,0.0433
2007-10-31,CSN,bcm,0.2003
2007-11-30,CSN,bcm,0.0877
2007-12-31,CSN,bcm,1.0423
2008-01-31,CSN,bcm,24.0297
2008-02-29,CSN,bcm,61.7415
2008-03-31,CSN,bcm,40.4443
2008-04-30,CSN,bcm,17.9175
2008-05-31,CSN,bcm,4.7172
2008-06-30,CSN,bcm,0.9100
2008-07-31,CSN,bcm,0.1609
2008-08-31,CSN,bcm,0.0253
2008-09-30,CSN,bcm,0.0034
2008-10-31,CSN,bcm,0.1205
2008-11-30,CSN,bcm,0.8839
2008-12-31,CSN,bcm,8.6676
2009-01-31,CSN,bcm,30.8126
2009-02-28,CSN,bcm,81.9009
2009-03-31,CSN,bcm,89.1569
2009-04-30,CSN,bcm,24.7068
2009-05-31,CSN,bcm,14.8321
2009-06-30,CSN,bcm,1.9375
2009-07-31,CSN,bcm,0.3574
2009-08-31,CSN,bcm,0.0596
2009-09-30,CSN,bcm,0.0171
2009-10-31,CSN,bcm,0.2833
2009-11-30,CSN,bcm,0.2867
2009-12-31,CSN,bcm,6.6243
2010-01-31,CSN,bcm,68.1169
2010-02-28,CSN,bcm,71.4789
2010-03-31,CSN,bcm,86.4476
2010-04-30,CSN,bcm,84.5533
2010-05-31,CSN,bcm,29.9197
2010-06-30,CSN,bcm,4.2623
2010-07-31,CSN,bcm,0.8255
2010-08-31,CSN,bcm,0.1457
2010-09-30,CSN,bcm,0.0228
2010-10-31,CSN,bcm,3.1734
2010-11-30,CSN,bcm,50.7941
2010-12-31,CSN,bcm,174.8824
2011-01-31,CSN,bcm,61.9596
2011-02-28,CSN,bcm,131.3561
2011-03-31,CSN,bcm,255.7338
2011-04-30,CSN,bcm,64.0341
2011-05-31,CSN,bcm,42.5879
2011-06-30,CSN,bcm,9.5039
2011-07-31,CSN,bcm,1.4768
2011-08-31,CSN,bcm,0.2691
2011-09-30,CSN,bcm,0.0602
2011-10-31,CSN,bcm,0.4714
2011-11-30,CSN,bcm,0.6067
2011-12-31,CSN,bcm,0.0868
2012-01-31,CSN,bcm,26.4166
2012-02-29,CSN,bcm,19.2505
2012-03-31,CSN,bcm,136.6086
2012-04-30,CSN,bcm,86.0881
2012-05-31,CSN,bcm,10.0047
2012-06-30,CSN,bcm,2.1063
2012-07-31,CSN,bcm,0.4783
2012-08-31,CSN,bcm,0.0637
2012-09-30,CSN,bcm,0.0227
2012-10-31,CSN,bcm,0.2183
2012-11-30,CSN,bcm,5.6990
2012-12-31,CSN,bcm,62.8565
2013-01-31,CSN,bcm,27.4350
2013-02-28,CSN,bcm,21.0119
2013-03-31,CSN,bcm,50.4915
2013-04-30,CSN,bcm,16.5486
2013-05-31,CSN,bcm,3.5819
2013-06-30,CSN,bcm,0.7629
2013-07-31,CSN,bcm,0.1178
2013-08-31,CSN,bcm,0.0180
2013-09-30,CSN,bcm,0.1329
2013-10-31,CSN,bcm,0.0322
2013-11-30,CSN,bcm,0.1922
2013-12-31,CSN,bcm,0.1363
2014-01-31,CSN,bcm,0.4001
2014-02-28,CSN,bcm,44.6402
2014-03-31,CSN,bcm,53.3438
2014-04-30,CSN,bcm,23.5359
2014-05-31,CSN,bcm,4.8113
2014-06-30,CSN,bcm,0.9326
2014-07-31,CSN,bcm,0.1814
2014-08-31,CSN,bcm,0.0275
2014-09-30,CSN,bcm,0.0973
2014-10-31,CSN,bcm,0.1042
2014-11-30,CSN,bcm,0.4777
2014-12-31,CSN,bcm,28.2779
2015-01-31,CSN,bcm,7.3981
2015-02-28,CSN,bcm,67.6335
2015-03-31,CSN,bcm,12.3418
2015-04-30,CSN,bcm,16.5000
2015-05-31,CSN,bcm,3.3418
2015-06-30,CSN,bcm,0.6718
2015-07-31,CSN,bcm,0.1225
2015-08-31,CSN,bcm,0.0166
2015-09-30,CSN,bcm,0.0037
2015-10-31,CSN,bcm,0.1964
2015-11-30,CSN,bcm,1.2163
2015-12-31,CSN,bcm,21.7820
2016-01-31,CSN,bcm,123.7788
2016-02-29,CSN,bcm,60.2823
2016-03-31,CSN,bcm,179.9878
2016-04-30,CSN,bcm,45.3213
2016-05-31,CSN,bcm,10.3267
2016-06-30,CSN,bcm,2.0850
2016-07-31,CSN,bcm,0.3880
2016-08-31,CSN,bcm,0.0663
2016-09-30,CSN,bcm,0.0104
2016-10-31,CSN,bcm,17.2954
2016-11-30,CSN,bcm,37.2755
2016-12-31,CSN,bcm,99.7567
2017-01-31,CSN,bcm,258.5614
2017-02-28,CSN,bcm,320.5167
2017-03-31,CSN,bcm,132.2187
2017-04-30,CSN,bcm,141.8825
2017-05-31,CSN,bcm,63.8195
2017-06-30,CSN,bcm,16.9649
2017-07-31,CSN,bcm,3.1580
2017-08-31,CSN,bcm,0.6032
2017-09-30,CSN,bcm,0.1141
2017-10-31,CSN,bcm,0.0790
2017-11-30,CSN,bcm,16.0592
2017-12-31,CSN,bcm,4.7058
2018-01-31,CSN,bcm,52.6830
2018-02-28,CSN,bcm,14.4641
2018-03-31,CSN,bcm,181.6973
2018-04-30,CSN,bcm,50.8530
2018-05-31,CSN,bcm,8.2636
2018-06-30,CSN,bcm,1.6503
2018-07-31,CSN,bcm,0.3032
2018-08-31,CSN,bcm,0.0500
2018-09-30,CSN,bcm,0.0072
1990-10-31,MKM,bcm,0.0744
1990-11-30,MKM,bcm,0.3596
1990-12-31,MKM,bcm,0.0806
1991-01-31,MKM,bcm,0.0449
1991-02-28,MKM,bcm,3.6901
1991-03-31,MKM,bcm,45.4805
1991-04-30,MKM,bcm,72.8440
1991-05-31,MKM,bcm,112.6649
1991-06-30,MKM,bcm,58.8802
1991-07-31,MKM,bcm,12.4793
1991-08-31,MKM,bcm,3.2066
1991-09-30,MKM,bcm,0.7826
1991-10-31,MKM,bcm,12.1640
1991-11-30,MKM,bcm,21.2241
1991-12-31,MKM,bcm,22.3729
1992-01-31,MKM,bcm,26.1868
1992-02-29,MKM,bcm,114.8313
1992-03-31,MKM,bcm,110.2951
1992-04-30,MKM,bcm,72.5023
1992-05-31,MKM,bcm,20.6980
1992-06-30,MKM,bcm,5.3440
1992-07-31,MKM,bcm,1.3900
1992-08-31,MKM,bcm,0.3557
1992-09-30,MKM,bcm,0.0726
1992-10-31,MKM,bcm,7.4318
1992-11-30,MKM,bcm,1.8859
1992-12-31,MKM,bcm,15.3308
1993-01-31,MKM,bcm,109.0120
1993-02-28,MKM,bcm,109.9615
1993-03-31,MKM,bcm,208.5981
1993-04-30,MKM,bcm,169.1106
1993-05-31,MKM,bcm,252.3022
1993-06-30,MKM,bcm,206.8711
1993-07-31,MKM,bcm,43.2025
1993-08-31,MKM,bcm,10.1764
1993-09-30,MKM,bcm,2.5289
1993-10-31,MKM,bcm,2.2316
1993-11-30,MKM,bcm,5.7029
1993-12-31,MKM,bcm,4.0993
1994-01-31,MKM,bcm,17.3378
1994-02-28,MKM,bcm,61.2745
1994-03-31,MKM,bcm,59.3354
1994-04-30,MKM,bcm,93.0922
1994-05-31,MKM,bcm,73.1913
1994-06-30,MKM,bcm,13.0807
1994-07-31,MKM,bcm,3.2707
1994-08-31,MKM,bcm,0.7642
1994-09-30,MKM,bcm,0.1955
1994-10-31,MKM,bcm,1.2381
1994-11-30,MKM,bcm,17.0147
1994-12-31,MKM,bcm,48.8983
1995-01-31,MKM,bcm,231.6849
1995-02-28,MKM,bcm,61.5986
1995-03-31,MKM,bcm,288.3443
1995-04-30,MKM,bcm,176.6475
1995-05-31,MKM,bcm,252.4932
1995-06-30,MKM,bcm,245.9926
1995-07-31,MKM,bcm,204.6799
1995-08-31,MKM,bcm,45.7272
1995-09-30,MKM,bcm,10.7635
1995-10-31,MKM,bcm,2.6755
1995-11-30,MKM,bcm,0.6223
1995-12-31,MKM,bcm,10.0525
1996-01-31,MKM,bcm,150.5296
1996-02-29,MKM,bcm,204.4802
1996-03-31,MKM,bcm,138.3289
1996-04-30,MKM,bcm,145.1181
1996-05-31,MKM,bcm,213.0606
1996-06-30,MKM,bcm,153.5392
1996-07-31,MKM,bcm,27.2974
1996-08-31,MKM,bcm,5.2514
1996-09-30,MKM,bcm,1.2623
1996-10-31,MKM,bcm,2.3092
1996-11-30,MKM,bcm,46.2266
1996-12-31,MKM,bcm,208.1929
1997-01-31,MKM,bcm,311.0798
1997-02-28,MKM,bcm,65.7813
1997-03-31,MKM,bcm,99.1018
1997-04-30,MKM,bcm,111.1350
1997-05-31,MKM,bcm,211.8838
1997-06-30,MKM,bcm,193.7094
1997-07-31,MKM,bcm,37.8745
1997-08-31,MKM,bcm,8.0834
1997-09-30,MKM,bcm,2.1419
1997-10-31,MKM,bcm,2.5436
1997-11-30,MKM,bcm,30.3862
1997-12-31,MKM,bcm,23.9441
1998-01-31,MKM,bcm,197.4217
1998-02-28,MKM,bcm,180.9050
1998-03-31,MKM,bcm,174.9686
1998-04-30,MKM,bcm,139.5542
1998-05-31,MKM,bcm,208.7848
1998-06-30,MKM,bcm,246.0169
1998-07-31,MKM,bcm,91.7004
1998-08-31,MKM,bcm,18.3127
1998-09-30,MKM,bcm,17.7006
1998-10-31,MKM,bcm,10.3096
1998-11-30,MKM,bcm,45.0763
1998-12-31,MKM,bcm,33.8394
1999-01-31,MKM,bcm,142.3567
1999-02-28,MKM,bcm,183.3289
1999-03-31,MKM,bcm,110.0622
1999-04-30,MKM,bcm,97.5941
1999-05-31,MKM,bcm,140.5722
1999-06-30,MKM,bcm,145.2073
1999-07-31,MKM,bcm,35.7414
1999-08-31,MKM,bcm,8.4725
1999-09-30,MKM,bcm,2.0826
1999-10-31,MKM,bcm,1.3694
1999-11-30,MKM,bcm,11.7444
1999-12-31,MKM,bcm,4.9125
2000-01-31,MKM,bcm,123.2594
2000-02-29,MKM,bcm,239.0068
2000-03-31,MKM,bcm,92.3649
2000-04-30,MKM,bcm,125.8174
2000-05-31,MKM,bcm,156.4355
2000-06-30,MKM,bcm,30.5445
2000-07-31,MKM,bcm,7.5907
2000-08-31,MKM,bcm,1.8580
2000-09-30,MKM,bcm,0.4370
2000-10-31,MKM,bcm,5.6266
2000-11-30,MKM,bcm,5.7362
2000-12-31,MKM,bcm,10.0201
2001-01-31,MKM,bcm,36.9030
2001-02-28,MKM,bcm,66.0578
2001-03-31,MKM,bcm,114.9782
2001-04-30,MKM,bcm,115.4630
2001-05-31,MKM,bcm,40.4628
2001-06-30,MKM,bcm,10.1787
2001-07-31,MKM,bcm,2.5298
2001-08-31,MKM,bcm,0.5824
2001-09-30,MKM,bcm,0.1267
2001-10-31,MKM,bcm,0.0367
2001-11-30,MKM,bcm,15.4721
2001-12-31,MKM,bcm,50.0713
2002-01-31,MKM,bcm,42.7826
2002-02-28,MKM,bcm,84.4774
2002-03-31,MKM,bcm,131.0618
2002-04-30,MKM,bcm,109.8218
2002-05-31,MKM,bcm,79.9435
2002-06-30,MKM,bcm,20.0783
2002-07-31,MKM,bcm,5.1549
2002-08-31,MKM,bcm,1.2354
2002-09-30,MKM,bcm,0.2726
2002-10-31,MKM,bcm,0.0545
2002-11-30,MKM,bcm,8.3345
2002-12-31,MKM,bcm,51.7678
2003-01-31,MKM,bcm,54.8920
2003-02-28,MKM,bcm,53.6442
2003-03-31,MKM,bcm,82.9006
2003-04-30,MKM,bcm,164.8632
2003-05-31,MKM,bcm,124.0752
2003-06-30,MKM,bcm,33.6295
2003-07-31,MKM,bcm,8.6115
2003-08-31,MKM,bcm,2.1355
2003-09-30,MKM,bcm,0.4881
2003-10-31,MKM,bcm,0.1014
2003-11-30,MKM,bcm,0.3539
2003-12-31,MKM,bcm,42.0585
2004-01-31,MKM,bcm,55.2833
2004-02-29,MKM,bcm,96.9377
2004-03-31,MKM,bcm,88.3912
2004-04-30,MKM,bcm,78.4001
2004-05-31,MKM,bcm,54.5805
2004-06-30,MKM,bcm,13.5169
2004-07-31,MKM,bcm,3.4064
2004-08-31,MKM,bcm,0.7978
2004-09-30,MKM,bcm,0.1753
2004-10-31,MKM,bcm,13.2543
2004-11-30,MKM,bcm,25.1272
2004-12-31,MKM,bcm,116.2901
2005-01-31,MKM,bcm,190.0965
2005-02-28,MKM,bcm,102.6861
2005-03-31,MKM,bcm,214.8499
2005-04-30,MKM,bcm,93.2792
2005-05-31,MKM,bcm,164.8474
2005-06-30,MKM,bcm,33.3294
2005-07-31,MKM,bcm,8.1216
2005-08-31,MKM,bcm,1.9948
2005-09-30,MKM,bcm,0.4628
2005-10-31,MKM,bcm,0.1152
2005-11-30,MKM,bcm,2.3954
2005-12-31,MKM,bcm,176.2932
2006-01-31,MKM,bcm,125.6736
2006-02-28,MKM,bcm,101.7398
2006-03-31,MKM,bcm,154.4237
2006-04-30,MKM,bcm,309.7777
2006-05-31,MKM,bcm,233.0409
2006-06-30,MKM,bcm,180.8132
2006-07-31,MKM,bcm,38.4295
2006-08-31,MKM,bcm,10.1318
2006-09-30,MKM,bcm,2.5174
2006-10-31,MKM,bcm,0.5925
2006-11-30,MKM,bcm,4.9631
2006-12-31,MKM,bcm,18.9527
2007-01-31,MKM,bcm,16.8010
2007-02-28,MKM,bcm,147.7528
2007-03-31,MKM,bcm,70.5515
2007-04-30,MKM,bcm,83.7421
2007-05-31,MKM,bcm,25.8520
2007-06-30,MKM,bcm,6.6947
2007-07-31,MKM,bcm,1.6273
2007-08-31,MKM,bcm,0.3651
2007-09-30,MKM,bcm,0.0784
2007-10-31,MKM,bcm,0.0361
2007-11-30,MKM,bcm,0.1096
2007-12-31,MKM,bcm,3.3533
2008-01-31,MKM,bcm,36.8790
2008-02-29,MKM,bcm,71.3473
2008-03-31,MKM,bcm,66.6021
2008-04-30,MKM,bcm,66.4136
2008-05-31,MKM,bcm,72.0507
2008-06-30,MKM,bcm,17.6297
2008-07-31,MKM,bcm,4.5061
2008-08-31,MKM,bcm,1.0719
2008-09-30,MKM,bcm,0.2345
2008-10-31,MKM,bcm,0.0609
2008-11-30,MKM,bcm,2.9357
2008-12-31,MKM,bcm,18.7061
2009-01-31,MKM,bcm,55.7905
2009-02-28,MKM,bcm,91.0508
2009-03-31,MKM,bcm,114.2146
2009-04-30,MKM,bcm,80.9224
2009-05-31,MKM,bcm,64.2709
2009-06-30,MKM,bcm,13.4460
2009-07-31,MKM,bcm,3.3893
2009-08-31,MKM,bcm,0.7936
2009-09-30,MKM,bcm,0.1718
2009-10-31,MKM,bcm,2.0475
2009-11-30,MKM,bcm,2.2585
2009-12-31,MKM,bcm,19.5259
2010-01-31,MKM,bcm,94.2814
2010-02-28,MKM,bcm,94.9594
2010-03-31,MKM,bcm,95.2642
2010-04-30,MKM,bcm,125.9874
2010-05-31,MKM,bcm,101.3289
2010-06-30,MKM,bcm,40.6376
2010-07-31,MKM,bcm,9.9087
2010-08-31,MKM,bcm,2.4591
2010-09-30,MKM,bcm,0.5653
2010-10-31,MKM,bcm,38.8809
2010-11-30,MKM,bcm,132.9212
2010-12-31,MKM,bcm,235.9312
2011-01-31,MKM,bcm,92.1427
2011-02-28,MKM,bcm,136.2333
2011-03-31,MKM,bcm,276.4505
2011-04-30,MKM,bcm,130.0119
2011-05-31,MKM,bcm,163.1954
2011-06-30,MKM,bcm,227.5714
2011-07-31,MKM,bcm,88.0021
2011-08-31,MKM,bcm,12.1997
2011-09-30,MKM,bcm,3.3860
2011-10-31,MKM,bcm,6.7794
2011-11-30,MKM,bcm,9.5876
2011-12-31,MKM,bcm,2.3678
2012-01-31,MKM,bcm,70.6500
2012-02-29,MKM,bcm,45.1467
2012-03-31,MKM,bcm,180.5037
2012-04-30,MKM,bcm,159.2539
2012-05-31,MKM,bcm,34.7667
2012-06-30,MKM,bcm,9.0694
2012-07-31,MKM,bcm,2.2481
2012-08-31,MKM,bcm,0.5116
2012-09-30,MKM,bcm,0.1088
2012-10-31,MKM,bcm,0.1683
2012-11-30,MKM,bcm,17.6689
2012-12-31,MKM,bcm,58.3782
2013-01-31,MKM,bcm,32.6496
2013-02-28,MKM,bcm,26.1371
2013-03-31,MKM,bcm,78.5217
2013-04-30,MKM,bcm,72.4126
2013-05-31,MKM,bcm,20.5730
2013-06-30,MKM,bcm,5.2768
2013-07-31,MKM,bcm,1.2637
2013-08-31,MKM,bcm,0.2792
2013-09-30,MKM,bcm,0.0707
2013-10-31,MKM,bcm,0.0203
2013-11-30,MKM,bcm,0.3596
2013-12-31,MKM,bcm,1.0379
2014-01-31,MKM,bcm,4.0066
2014-02-28,MKM,bcm,77.8852
2014-03-31,MKM,bcm,90.0670
2014-04-30,MKM,bcm,73.0762
2014-05-31,MKM,bcm,21.5294
2014-06-30,MKM,bcm,5.5108
2014-07-31,MKM,bcm,1.3267
2014-08-31,MKM,bcm,0.2938
2014-09-30,MKM,bcm,0.0708
2014-10-31,MKM,bcm,0.0199
2014-11-30,MKM,bcm,1.8616
2014-12-31,MKM,bcm,39.0257
2015-01-31,MKM,bcm,16.6835
2015-02-28,MKM,bcm,115.6944
2015-03-31,MKM,bcm,47.7901
2015-04-30,MKM,bcm,32.4986
2015-05-31,MKM,bcm,10.5182
2015-06-30,MKM,bcm,2.5176
2015-07-31,MKM,bcm,0.5847
2015-08-31,MKM,bcm,0.1222
2015-09-30,MKM,bcm,0.0232
2015-10-31,MKM,bcm,0.0979
2015-11-30,MKM,bcm,10.3128
2015-12-31,MKM,bcm,42.3191
2016-01-31,MKM,bcm,139.7966
2016-02-29,MKM,bcm,84.4631
2016-03-31,MKM,bcm,247.5967
2016-04-30,MKM,bcm,152.5706
2016-05-31,MKM,bcm,121.3062
2016-06-30,MKM,bcm,30.2805
2016-07-31,MKM,bcm,7.8881
2016-08-31,MKM,bcm,1.9345
2016-09-30,MKM,bcm,0.4385
2016-10-31,MKM,bcm,63.1303
2016-11-30,MKM,bcm,76.2683
2016-12-31,MKM,bcm,117.5545
2017-01-31,MKM,bcm,211.2892
2017-02-28,MKM,bcm,317.2894
2017-03-31,MKM,bcm,208.2872
2017-04-30,MKM,bcm,255.9751
2017-05-31,MKM,bcm,248.7102
2017-06-30,MKM,bcm,276.8444
2017-07-31,MKM,bcm,83.4304
2017-08-31,MKM,bcm,20.6695
2017-09-30,MKM,bcm,5.5185
2017-10-31,MKM,bcm,1.7537
2017-11-30,MKM,bcm,60.5485
2017-12-31,MKM,bcm,14.5927
2018-01-31,MKM,bcm,84.9067
2018-02-28,MKM,bcm,27.5612
2018-03-31,MKM,bcm,206.9789
2018-04-30,MKM,bcm,157.5619
2018-05-31,MKM,bcm,58.4241
2018-06-30,MKM,bcm,13.8405
2018-07-31,MKM,bcm,3.4945
2018-08-31,MKM,bcm,0.8196
2018-09-30,MKM,bcm,0.1763
1990-10-31,NML,bcm,31.3027
1990-11-30,NML,bcm,30.9797
1990-12-31,NML,bcm,30.6274
1991-01-31,NML,bcm,30.2778
1991-02-28,NML,bcm,29.9671
1991-03-31,NML,bcm,48.1696
1991-04-30,NML,bcm,36.5663
1991-05-31,NML,bcm,68.0220
1991-06-30,NML,bcm,94.0787
1991-07-31,NML,bcm,40.7068
1991-08-31,NML,bcm,32.7525
1991-09-30,NML,bcm,31.4732
1991-10-31,NML,bcm,39.3047
1991-11-30,NML,bcm,32.3874
1991-12-31,NML,bcm,31.3072
1992-01-31,NML,bcm,31.4131
1992-02-29,NML,bcm,56.2022
1992-03-31,NML,bcm,94.5766
1992-04-30,NML,bcm,113.1947
1992-05-31,NML,bcm,37.0918
1992-06-30,NML,bcm,33.1303
1992-07-31,NML,bcm,33.8861
1992-08-31,NML,bcm,32.0985
1992-09-30,NML,bcm,31.5850
1992-10-31,NML,bcm,34.2836
1992-11-30,NML,bcm,31.2835
1992-12-31,NML,bcm,32.7633
1993-01-31,NML,bcm,82.0517
1993-02-28,NML,bcm,89.1724
1993-03-31,NML,bcm,116.1510
1993-04-30,NML,bcm,232.1084
1993-05-31,NML,bcm,425.2800
1993-06-30,NML,bcm,348.3229
1993-07-31,NML,bcm,94.6762
1993-08-31,NML,bcm,37.7299
1993-09-30,NML,bcm,32.9150
1993-10-31,NML,bcm,32.0965
1993-11-30,NML,bcm,31.8248
1993-12-31,NML,bcm,31.4576
1994-01-31,NML,bcm,31.2136
1994-02-28,NML,bcm,35.2730
1994-03-31,NML,bcm,34.9765
1994-04-30,NML,bcm,90.9859
1994-05-31,NML,bcm,113.9489
1994-06-30,NML,bcm,39.7342
1994-07-31,NML,bcm,33.2167
1994-08-31,NML,bcm,32.1294
1994-09-30,NML,bcm,31.6970
1994-10-31,NML,bcm,31.4266
1994-11-30,NML,bcm,32.9603
1994-12-31,NML,bcm,31.6688
1995-01-31,NML,bcm,164.1781
1995-02-28,NML,bcm,51.1380
1995-03-31,NML,bcm,289.6057
1995-04-30,NML,bcm,249.2903
1995-05-31,NML,bcm,396.6333
1995-06-30,NML,bcm,436.7624
1995-07-31,NML,bcm,407.2409
1995-08-31,NML,bcm,110.1846
1995-09-30,NML,bcm,38.1136
1995-10-31,NML,bcm,32.9746
1995-11-30,NML,bcm,32.0619
1995-12-31,NML,bcm,33.4755
1996-01-31,NML,bcm,93.2762
1996-02-29,NML,bcm,219.0110
1996-03-31,NML,bcm,192.8821
1996-04-30,NML,bcm,222.0419
1996-05-31,NML,bcm,329.7024
1996-06-30,NML,bcm,242.4845
1996-07-31,NML,bcm,67.8988
1996-08-31,NML,bcm,36.9478
1996-09-30,NML,bcm,32.6737
1996-10-31,NML,bcm,31.9004
1996-11-30,NML,bcm,51.0526
1996-12-31,NML,bcm,121.1043
1997-01-31,NML,bcm,363.1114
1997-02-28,NML,bcm,83.4845
1997-03-31,NML,bcm,145.6899
1997-04-30,NML,bcm,162.5805
1997-05-31,NML,bcm,383.8052
1997-06-30,NML,bcm,287.1658
1997-07-31,NML,bcm,90.6591
1997-08-31,NML,bcm,38.1233
1997-09-30,NML,bcm,32.9543
1997-10-31,NML,bcm,32.0697
1997-11-30,NML,bcm,32.9244
1997-12-31,NML,bcm,32.0318
1998-01-31,NML,bcm,123.3952
1998-02-28,NML,bcm,213.6354
1998-03-31,NML,bcm,231.6573
1998-04-30,NML,bcm,178.3709
1998-05-31,NML,bcm,274.1641
1998-06-30,NML,bcm,417.0332
1998-07-31,NML,bcm,254.6998
1998-08-31,NML,bcm,55.1036
1998-09-30,NML,bcm,40.3352
1998-10-31,NML,bcm,33.2182
1998-11-30,NML,bcm,39.4025
1998-12-31,NML,bcm,34.1057
1999-01-31,NML,bcm,155.8524
1999-02-28,NML,bcm,216.4198
1999-03-31,NML,bcm,141.9329
1999-04-30,NML,bcm,128.8016
1999-05-31,NML,bcm,261.4625
1999-06-30,NML,bcm,224.3148
1999-07-31,NML,bcm,50.3124
1999-08-31,NML,bcm,34.7766
1999-09-30,NML,bcm,32.5051
1999-10-31,NML,bcm,31.9656
1999-11-30,NML,bcm,32.2812
1999-12-31,NML,bcm,31.5496
2000-01-31,NML,bcm,74.0606
2000-02-29,NML,bcm,214.5133
2000-03-31,NML,bcm,147.1698
2000-04-30,NML,bcm,235.7799
2000-05-31,NML,bcm,255.1271
2000-06-30,NML,bcm,97.1256
2000-07-31,NML,bcm,38.5097
2000-08-31,NML,bcm,33.0042
2000-09-30,NML,bcm,32.0493
2000-10-31,NML,bcm,34.5671
2000-11-30,NML,bcm,31.7174
2000-12-31,NML,bcm,31.1659
2001-01-31,NML,bcm,31.9409
2001-02-28,NML,bcm,36.5451
2001-03-31,NML,bcm,77.7413
2001-04-30,NML,bcm,146.4046
2001-05-31,NML,bcm,127.9711
2001-06-30,NML,bcm,37.4086
2001-07-31,NML,bcm,32.9816
2001-08-31,NML,bcm,32.1417
2001-09-30,NML,bcm,31.7348
2001-10-31,NML,bcm,31.3741
2001-11-30,NML,bcm,39.0146
2001-12-31,NML,bcm,46.3412
2002-01-31,NML,bcm,33.5161
2002-02-28,NML,bcm,34.5881
2002-03-31,NML,bcm,102.4828
2002-04-30,NML,bcm,186.7446
2002-05-31,NML,bcm,164.8803
2002-06-30,NML,bcm,57.6445
2002-07-31,NML,bcm,34.3890
2002-08-31,NML,bcm,32.5161
2002-09-30,NML,bcm,31.9923
2002-10-31,NML,bcm,31.6186
2002-11-30,NML,bcm,36.9839
2002-12-31,NML,bcm,46.0042
2003-01-31,NML,bcm,34.4650
2003-02-28,NML,bcm,33.2091
2003-03-31,NML,bcm,56.5929
2003-04-30,NML,bcm,185.0493
2003-05-31,NML,bcm,233.1689
2003-06-30,NML,bcm,103.7867
2003-07-31,NML,bcm,36.7169
2003-08-31,NML,bcm,32.8224
2003-09-30,NML,bcm,32.0534
2003-10-31,NML,bcm,31.6560
2003-11-30,NML,bcm,31.2971
2003-12-31,NML,bcm,40.4329
2004-01-31,NML,bcm,33.5063
2004-02-29,NML,bcm,49.1331
2004-03-31,NML,bcm,49.0720
2004-04-30,NML,bcm,130.2905
2004-05-31,NML,bcm,123.9118
2004-06-30,NML,bcm,40.2856
2004-07-31,NML,bcm,33.4875
2004-08-31,NML,bcm,32.3388
2004-09-30,NML,bcm,31.8975
2004-10-31,NML,bcm,51.8099
2004-11-30,NML,bcm,34.5474
2004-12-31,NML,bcm,70.3217
2005-01-31,NML,bcm,239.3446
2005-02-28,NML,bcm,159.6259
2005-03-31,NML,bcm,283.4192
2005-04-30,NML,bcm,151.4265
2005-05-31,NML,bcm,297.4101
2005-06-30,NML,bcm,147.2441
2005-07-31,NML,bcm,75.3761
2005-08-31,NML,bcm,36.5149
2005-09-30,NML,bcm,32.7679
2005-10-31,NML,bcm,32.0640
2005-11-30,NML,bcm,31.9065
2005-12-31,NML,bcm,103.8020
2006-01-31,NML,bcm,156.9186
2006-02-28,NML,bcm,132.0974
2006-03-31,NML,bcm,164.0293
2006-04-30,NML,bcm,393.0942
2006-05-31,NML,bcm,437.9386
2006-06-30,NML,bcm,381.5220
2006-07-31,NML,bcm,115.7173
2006-08-31,NML,bcm,38.5376
2006-09-30,NML,bcm,33.0280
2006-10-31,NML,bcm,32.0699
2006-11-30,NML,bcm,31.8761
2006-12-31,NML,bcm,31.6521
2007-01-31,NML,bcm,31.4549
2007-02-28,NML,bcm,87.1644
2007-03-31,NML,bcm,54.6290
2007-04-30,NML,bcm,142.7342
2007-05-31,NML,bcm,66.6081
2007-06-30,NML,bcm,34.1326
2007-07-31,NML,bcm,32.5028
2007-08-31,NML,bcm,32.0046
2007-09-30,NML,bcm,31.6625
2007-10-31,NML,bcm,31.2843
2007-11-30,NML,bcm,30.9451
2007-12-31,NML,bcm,30.6823
2008-01-31,NML,bcm,44.3954
2008-02-29,NML,bcm,45.6017
2008-03-31,NML,bcm,35.6394
2008-04-30,NML,bcm,38.3254
2008-05-31,NML,bcm,144.4121
2008-06-30,NML,bcm,59.6361
2008-07-31,NML,bcm,34.6005
2008-08-31,NML,bcm,32.5401
2008-09-30,NML,bcm,31.9949
2008-10-31,NML,bcm,31.6192
2008-11-30,NML,bcm,31.8253
2008-12-31,NML,bcm,31.7386
2009-01-31,NML,bcm,33.8180
2009-02-28,NML,bcm,39.1584
2009-03-31,NML,bcm,146.9837
2009-04-30,NML,bcm,134.7611
2009-05-31,NML,bcm,194.6010
2009-06-30,NML,bcm,52.1671
2009-07-31,NML,bcm,34.8425
2009-08-31,NML,bcm,32.3739
2009-09-30,NML,bcm,31.7847
2009-10-31,NML,bcm,34.9096
2009-11-30,NML,bcm,31.5505
2009-12-31,NML,bcm,31.3063
2010-01-31,NML,bcm,42.1222
2010-02-28,NML,bcm,47.6354
2010-03-31,NML,bcm,101.3942
2010-04-30,NML,bcm,155.0184
2010-05-31,NML,bcm,154.8800
2010-06-30,NML,bcm,157.5733
2010-07-31,NML,bcm,42.3200
2010-08-31,NML,bcm,33.6898
2010-09-30,NML,bcm,32.3196
2010-10-31,NML,bcm,62.8197
2010-11-30,NML,bcm,149.6303
2010-12-31,NML,bcm,293.3537
2011-01-31,NML,bcm,133.7712
2011-02-28,NML,bcm,143.9504
2011-03-31,NML,bcm,343.0348
2011-04-30,NML,bcm,196.1730
2011-05-31,NML,bcm,245.6753
2011-06-30,NML,bcm,403.0315
2011-07-31,NML,bcm,260.5845
2011-08-31,NML,bcm,59.4670
2011-09-30,NML,bcm,36.8919
2011-10-31,NML,bcm,33.2759
2011-11-30,NML,bcm,32.3513
2011-12-31,NML,bcm,31.9329
2012-01-31,NML,bcm,35.7368
2012-02-29,NML,bcm,33.8097
2012-03-31,NML,bcm,170.8949
2012-04-30,NML,bcm,205.1558
2012-05-31,NML,bcm,58.5579
2012-06-30,NML,bcm,34.5315
2012-07-31,NML,bcm,32.5346
2012-08-31,NML,bcm,31.9964
2012-09-30,NML,bcm,31.6213
2012-10-31,NML,bcm,31.2643
2012-11-30,NML,bcm,32.4446
2012-12-31,NML,bcm,38.4355
2013-01-31,NML,bcm,31.6978
2013-02-28,NML,bcm,30.9935
2013-03-31,NML,bcm,34.2387
2013-04-30,NML,bcm,36.2561
2013-05-31,NML,bcm,34.4735
2013-06-30,NML,bcm,31.7909
2013-07-31,NML,bcm,31.1648
2013-08-31,NML,bcm,30.7871
2013-09-30,NML,bcm,30.4364
2013-10-31,NML,bcm,30.0905
2013-11-30,NML,bcm,29.7481
2013-12-31,NML,bcm,29.4088
2014-01-31,NML,bcm,29.1097
2014-02-28,NML,bcm,48.1013
2014-03-31,NML,bcm,36.6384
2014-04-30,NML,bcm,37.9859
2014-05-31,NML,bcm,37.5766
2014-06-30,NML,bcm,31.6311
2014-07-31,NML,bcm,30.6616
2014-08-31,NML,bcm,30.1941
2014-09-30,NML,bcm,29.8397
2014-10-31,NML,bcm,29.4984
2014-11-30,NML,bcm,29.2769
2014-12-31,NML,bcm,31.3769
2015-01-31,NML,bcm,29.4779
2015-02-28,NML,bcm,37.0566
2015-03-31,NML,bcm,33.2211
2015-04-30,NML,bcm,32.4498
2015-05-31,NML,bcm,36.7741
2015-06-30,NML,bcm,31.1365
2015-07-31,NML,bcm,30.2262
2015-08-31,NML,bcm,29.7659
2015-09-30,NML,bcm,29.4154
2015-10-31,NML,bcm,29.1114
2015-11-30,NML,bcm,29.1882
2015-12-31,NML,bcm,36.2403
2016-01-31,NML,bcm,81.7864
2016-02-29,NML,bcm,38.9230
2016-03-31,NML,bcm,171.2843
2016-04-30,NML,bcm,171.8739
2016-05-31,NML,bcm,205.9534
2016-06-30,NML,bcm,93.9108
2016-07-31,NML,bcm,36.1977
2016-08-31,NML,bcm,32.7472
2016-09-30,NML,bcm,32.0371
2016-10-31,NML,bcm,62.3851
2016-11-30,NML,bcm,45.6348
2016-12-31,NML,bcm,127.5835
2017-01-31,NML,bcm,279.3117
2017-02-28,NML,bcm,382.6088
2017-03-31,NML,bcm,302.2566
2017-04-30,NML,bcm,347.8056
2017-05-31,NML,bcm,432.7602
2017-06-30,NML,bcm,512.4953
2017-07-31,NML,bcm,272.4294
2017-08-31,NML,bcm,50.2793
2017-09-30,NML,bcm,35.2089
2017-10-31,NML,bcm,32.4520
2017-11-30,NML,bcm,61.3018
2017-12-31,NML,bcm,35.9258
2018-01-31,NML,bcm,63.1363
2018-02-28,NML,bcm,33.2286
2018-03-31,NML,bcm,226.9039
2018-04-30,NML,bcm,263.7359
2018-05-31,NML,bcm,139.4631
2018-06-30,NML,bcm,40.3776
2018-07-31,NML,bcm,33.4262
2018-08-31,NML,bcm,32.2674
2018-09-30,NML,bcm,31.8255
1990-10-31,TLG,bcm,8.2488
1990-11-30,TLG,bcm,5.0811
1990-12-31,TLG,bcm,6.8528
1991-01-31,TLG,bcm,4.0274
1991-02-28,TLG,bcm,2.9825
1991-03-31,TLG,bcm,56.8158
1991-04-30,TLG,bcm,130.9449
1991-05-31,TLG,bcm,272.2008
1991-06-30,TLG,bcm,442.1737
1991-07-31,TLG,bcm,51.7305
1991-08-31,TLG,bcm,39.2251
1991-09-30,TLG,bcm,24.3148
1991-10-31,TLG,bcm,36.4107
1991-11-30,TLG,bcm,28.4953
1991-12-31,TLG,bcm,42.0544
1992-01-31,TLG,bcm,38.0708
1992-02-29,TLG,bcm,233.2298
1992-03-31,TLG,bcm,206.1287
1992-04-30,TLG,bcm,226.8351
1992-05-31,TLG,bcm,114.9140
1992-06-30,TLG,bcm,43.1506
1992-07-31,TLG,bcm,34.6742
1992-08-31,TLG,bcm,23.2574
1992-09-30,TLG,bcm,14.1458
1992-10-31,TLG,bcm,17.6313
1992-11-30,TLG,bcm,13.8076
1992-12-31,TLG,bcm,9.7732
1993-01-31,TLG,bcm,62.8216
1993-02-28,TLG,bcm,147.7315
1993-03-31,TLG,bcm,432.6652
1993-04-30,TLG,bcm,343.0496
1993-05-31,TLG,bcm,648.2900
1993-06-30,TLG,bcm,596.3295
1993-07-31,TLG,bcm,166.0934
1993-08-31,TLG,bcm,43.4505
1993-09-30,TLG,bcm,26.8596
1993-10-31,TLG,bcm,16.5226
1993-11-30,TLG,bcm,12.4627
1993-12-31,TLG,bcm,15.1230
1994-01-31,TLG,bcm,10.7429
1994-02-28,TLG,bcm,21.7831
1994-03-31,TLG,bcm,97.9110
1994-04-30,TLG,bcm,210.0039
1994-05-31,TLG,bcm,275.5617
1994-06-30,TLG,bcm,47.5931
1994-07-31,TLG,bcm,35.4311
1994-08-31,TLG,bcm,21.9205
1994-09-30,TLG,bcm,13.3797
1994-10-31,TLG,bcm,11.3580
1994-11-30,TLG,bcm,15.3502
1994-12-31,TLG,bcm,12.1790
1995-01-31,TLG,bcm,362.9855
1995-02-28,TLG,bcm,111.9426
1995-03-31,TLG,bcm,648.5770
1995-04-30,TLG,bcm,342.7616
1995-05-31,TLG,bcm,526.6178
1995-06-30,TLG,bcm,692.5528
1995-07-31,TLG,bcm,865.4645
1995-08-31,TLG,bcm,168.7324
1995-09-30,TLG,bcm,43.4494
1995-10-31,TLG,bcm,26.8559
1995-11-30,TLG,bcm,16.4895
1995-12-31,TLG,bcm,13.1225
1996-01-31,TLG,bcm,141.8964
1996-02-29,TLG,bcm,383.8775
1996-03-31,TLG,bcm,279.8910
1996-04-30,TLG,bcm,304.5523
1996-05-31,TLG,bcm,494.0079
1996-06-30,TLG,bcm,557.2206
1996-07-31,TLG,bcm,106.7354
1996-08-31,TLG,bcm,43.6308
1996-09-30,TLG,bcm,26.8046
1996-10-31,TLG,bcm,19.3587
1996-11-30,TLG,bcm,123.5020
1996-12-31,TLG,bcm,357.3838
1997-01-31,TLG,bcm,624.1352
1997-02-28,TLG,bcm,68.1805
1997-03-31,TLG,bcm,211.4402
1997-04-30,TLG,bcm,196.0025
1997-05-31,TLG,bcm,599.3642
1997-06-30,TLG,bcm,558.2200
1997-07-31,TLG,bcm,216.4665
1997-08-31,TLG,bcm,44.1579
1997-09-30,TLG,bcm,26.9133
1997-10-31,TLG,bcm,16.6210
1997-11-30,TLG,bcm,11.5754
1997-12-31,TLG,bcm,29.0245
1998-01-31,TLG,bcm,200.1517
1998-02-28,TLG,bcm,360.1990
1998-03-31,TLG,bcm,365.9659
1998-04-30,TLG,bcm,238.8410
1998-05-31,TLG,bcm,353.8311
1998-06-30,TLG,bcm,725.2300
1998-07-31,TLG,bcm,785.9682
1998-08-31,TLG,bcm,52.4399
1998-09-30,TLG,bcm,46.4044
1998-10-31,TLG,bcm,31.4150
1998-11-30,TLG,bcm,37.9217
1998-12-31,TLG,bcm,44.9584
1999-01-31,TLG,bcm,268.6040
1999-02-28,TLG,bcm,286.9624
1999-03-31,TLG,bcm,157.7821
1999-04-30,TLG,bcm,145.4016
1999-05-31,TLG,bcm,373.8191
1999-06-30,TLG,bcm,451.1493
1999-07-31,TLG,bcm,50.9119
1999-08-31,TLG,bcm,40.8922
1999-09-30,TLG,bcm,25.3973
1999-10-31,TLG,bcm,16.0076
1999-11-30,TLG,bcm,12.2945
1999-12-31,TLG,bcm,27.0914
2000-01-31,TLG,bcm,86.4557
2000-02-29,TLG,bcm,475.1997
2000-03-31,TLG,bcm,193.0509
2000-04-30,TLG,bcm,367.2699
2000-05-31,TLG,bcm,497.1381
2000-06-30,TLG,bcm,274.5659
2000-07-31,TLG,bcm,44.6865
2000-08-31,TLG,bcm,26.8961
2000-09-30,TLG,bcm,16.6053
2000-10-31,TLG,bcm,20.5425
2000-11-30,TLG,bcm,16.6191
2000-12-31,TLG,bcm,13.4731
2001-01-31,TLG,bcm,16.2312
2001-02-28,TLG,bcm,28.4204
2001-03-31,TLG,bcm,225.4455
2001-04-30,TLG,bcm,188.7485
2001-05-31,TLG,bcm,438.0426
2001-06-30,TLG,bcm,50.9387
2001-07-31,TLG,bcm,42.6510
2001-08-31,TLG,bcm,26.5264
2001-09-30,TLG,bcm,16.3078
2001-10-31,TLG,bcm,9.9326
2001-11-30,TLG,bcm,36.0410
2001-12-31,TLG,bcm,49.3726
2002-01-31,TLG,bcm,42.4557
2002-02-28,TLG,bcm,141.9782
2002-03-31,TLG,bcm,216.1607
2002-04-30,TLG,bcm,275.4639
2002-05-31,TLG,bcm,364.1855
2002-06-30,TLG,bcm,238.2035
2002-07-31,TLG,bcm,43.5763
2002-08-31,TLG,bcm,26.9197
2002-09-30,TLG,bcm,16.5319
2002-10-31,TLG,bcm,9.9972
2002-11-30,TLG,bcm,34.3854
2002-12-31,TLG,bcm,62.2057
2003-01-31,TLG,bcm,94.8019
2003-02-28,TLG,bcm,78.2771
2003-03-31,TLG,bcm,166.7156
2003-04-30,TLG,bcm,283.2082
2003-05-31,TLG,bcm,436.9548
2003-06-30,TLG,bcm,408.6894
2003-07-31,TLG,bcm,45.0564
2003-08-31,TLG,bcm,27.5620
2003-09-30,TLG,bcm,16.9423
2003-10-31,TLG,bcm,10.4109
2003-11-30,TLG,bcm,6.2091
2003-12-31,TLG,bcm,14.6503
2004-01-31,TLG,bcm,14.5496
2004-02-29,TLG,bcm,108.4685
2004-03-31,TLG,bcm,242.9601
2004-04-30,TLG,bcm,205.4520
2004-05-31,TLG,bcm,385.9997
2004-06-30,TLG,bcm,137.3277
2004-07-31,TLG,bcm,43.2413
2004-08-31,TLG,bcm,26.8408
2004-09-30,TLG,bcm,16.4819
2004-10-31,TLG,bcm,146.0019
2004-11-30,TLG,bcm,64.6542
2004-12-31,TLG,bcm,204.4338
2005-01-31,TLG,bcm,420.9458
2005-02-28,TLG,bcm,247.5588
2005-03-31,TLG,bcm,447.0261
2005-04-30,TLG,bcm,168.4269
2005-05-31,TLG,bcm,589.2493
2005-06-30,TLG,bcm,465.6624
2005-07-31,TLG,bcm,429.7987
2005-08-31,TLG,bcm,46.6595
2005-09-30,TLG,bcm,28.3405
2005-10-31,TLG,bcm,18.5624
2005-11-30,TLG,bcm,16.2278
2005-12-31,TLG,bcm,266.9490
2006-01-31,TLG,bcm,255.2416
2006-02-28,TLG,bcm,174.1473
2006-03-31,TLG,bcm,256.8044
2006-04-30,TLG,bcm,603.2636
2006-05-31,TLG,bcm,683.3074
2006-06-30,TLG,bcm,816.1851
2006-07-31,TLG,bcm,374.0870
2006-08-31,TLG,bcm,44.7447
2006-09-30,TLG,bcm,27.0439
2006-10-31,TLG,bcm,16.5982
2006-11-30,TLG,bcm,10.6760
2006-12-31,TLG,bcm,19.0477
2007-01-31,TLG,bcm,21.7328
2007-02-28,TLG,bcm,82.7165
2007-03-31,TLG,bcm,154.9941
2007-04-30,TLG,bcm,214.6704
2007-05-31,TLG,bcm,224.3669
2007-06-30,TLG,bcm,43.4183
2007-07-31,TLG,bcm,27.2608
2007-08-31,TLG,bcm,16.7468
2007-09-30,TLG,bcm,10.1861
2007-10-31,TLG,bcm,6.0852
2007-11-30,TLG,bcm,4.2408
2007-12-31,TLG,bcm,4.3652
2008-01-31,TLG,bcm,22.7613
2008-02-29,TLG,bcm,91.8981
2008-03-31,TLG,bcm,122.2935
2008-04-30,TLG,bcm,169.6895
2008-05-31,TLG,bcm,419.2205
2008-06-30,TLG,bcm,321.0620
2008-07-31,TLG,bcm,43.9921
2008-08-31,TLG,bcm,27.1245
2008-09-30,TLG,bcm,16.6556
2008-10-31,TLG,bcm,10.0684
2008-11-30,TLG,bcm,9.9819
2008-12-31,TLG,bcm,38.4188
2009-01-31,TLG,bcm,167.0990
2009-02-28,TLG,bcm,191.5906
2009-03-31,TLG,bcm,265.5612
2009-04-30,TLG,bcm,189.2889
2009-05-31,TLG,bcm,601.3952
2009-06-30,TLG,bcm,113.1199
2009-07-31,TLG,bcm,43.7601
2009-08-31,TLG,bcm,26.8054
2009-09-30,TLG,bcm,16.4550
2009-10-31,TLG,bcm,21.4598
2009-11-30,TLG,bcm,16.4894
2009-12-31,TLG,bcm,17.3027
2010-01-31,TLG,bcm,79.0220
2010-02-28,TLG,bcm,212.4091
2010-03-31,TLG,bcm,220.4286
2010-04-30,TLG,bcm,240.0708
2010-05-31,TLG,bcm,210.8121
2010-06-30,TLG,bcm,599.0182
2010-07-31,TLG,bcm,123.0053
2010-08-31,TLG,bcm,43.2507
2010-09-30,TLG,bcm,26.8282
2010-10-31,TLG,bcm,119.0240
2010-11-30,TLG,bcm,239.8440
2010-12-31,TLG,bcm,468.8093
2011-01-31,TLG,bcm,171.2584
2011-02-28,TLG,bcm,193.7914
2011-03-31,TLG,bcm,558.2649
2011-04-30,TLG,bcm,238.5709
2011-05-31,TLG,bcm,352.2489
2011-06-30,TLG,bcm,721.4867
2011-07-31,TLG,bcm,624.9533
2011-08-31,TLG,bcm,51.7419
2011-09-30,TLG,bcm,45.5760
2011-10-31,TLG,bcm,37.5366
2011-11-30,TLG,bcm,40.2987
2011-12-31,TLG,bcm,39.1307
2012-01-31,TLG,bcm,135.7763
2012-02-29,TLG,bcm,45.8804
2012-03-31,TLG,bcm,203.3874
2012-04-30,TLG,bcm,298.6026
2012-05-31,TLG,bcm,187.3945
2012-06-30,TLG,bcm,43.5959
2012-07-31,TLG,bcm,27.5821
2012-08-31,TLG,bcm,16.9495
2012-09-30,TLG,bcm,10.2466
2012-10-31,TLG,bcm,6.0841
2012-11-30,TLG,bcm,25.3172
2012-12-31,TLG,bcm,38.2321
2013-01-31,TLG,bcm,24.4127
2013-02-28,TLG,bcm,23.6621
2013-03-31,TLG,bcm,108.7678
2013-04-30,TLG,bcm,189.7697
2013-05-31,TLG,bcm,202.2542
2013-06-30,TLG,bcm,46.7684
2013-07-31,TLG,bcm,30.7391
2013-08-31,TLG,bcm,18.9319
2013-09-30,TLG,bcm,11.5763
2013-10-31,TLG,bcm,7.0710
2013-11-30,TLG,bcm,5.1433
2013-12-31,TLG,bcm,4.1404
2014-01-31,TLG,bcm,3.4111
2014-02-28,TLG,bcm,18.1573
2014-03-31,TLG,bcm,157.6901
2014-04-30,TLG,bcm,205.9075
2014-05-31,TLG,bcm,167.3127
2014-06-30,TLG,bcm,43.6806
2014-07-31,TLG,bcm,28.1366
2014-08-31,TLG,bcm,17.3352
2014-09-30,TLG,bcm,10.6523
2014-10-31,TLG,bcm,6.4213
2014-11-30,TLG,bcm,4.2896
2014-12-31,TLG,bcm,17.9220
2015-01-31,TLG,bcm,19.1086
2015-02-28,TLG,bcm,134.6886
2015-03-31,TLG,bcm,86.8341
2015-04-30,TLG,bcm,135.1451
2015-05-31,TLG,bcm,103.4250
2015-06-30,TLG,bcm,44.1841
2015-07-31,TLG,bcm,27.6512
2015-08-31,TLG,bcm,17.1025
2015-09-30,TLG,bcm,10.3383
2015-10-31,TLG,bcm,8.3892
2015-11-30,TLG,bcm,12.6867
2015-12-31,TLG,bcm,24.9154
2016-01-31,TLG,bcm,131.3035
2016-02-29,TLG,bcm,148.0078
2016-03-31,TLG,bcm,514.8580
2016-04-30,TLG,bcm,347.5568
2016-05-31,TLG,bcm,382.5325
2016-06-30,TLG,bcm,417.0493
2016-07-31,TLG,bcm,45.5419
2016-08-31,TLG,bcm,27.7825
2016-09-30,TLG,bcm,17.0604
2016-10-31,TLG,bcm,65.8720
2016-11-30,TLG,bcm,112.7080
2016-12-31,TLG,bcm,187.9919
2017-01-31,TLG,bcm,430.1724
2017-02-28,TLG,bcm,586.3557
2017-03-31,TLG,bcm,393.1687
2017-04-30,TLG,bcm,520.0769
2017-05-31,TLG,bcm,709.2843
2017-06-30,TLG,bcm,943.7594
2017-07-31,TLG,bcm,745.8104
2017-08-31,TLG,bcm,55.3379
2017-09-30,TLG,bcm,34.6803
2017-10-31,TLG,bcm,22.4677
2017-11-30,TLG,bcm,152.4432
2017-12-31,TLG,bcm,44.1151
2018-01-31,TLG,bcm,113.1758
2018-02-28,TLG,bcm,43.1823
2018-03-31,TLG,bcm,362.8577
2018-04-30,TLG,bcm,327.5062
2018-05-31,TLG,bcm,371.7434
2018-06-30,TLG,bcm,130.0642
2018-07-31,TLG,bcm,43.2372
2018-08-31,TLG,bcm,26.8365
2018-09-30,TLG,bcm,16.4789
1990-10-31,MRC,bcm,4.5143
1990-11-30,MRC,bcm,2.6123
1990-12-31,MRC,bcm,1.8000
1991-01-31,MRC,bcm,1.0515
1991-02-28,MRC,bcm,0.8736
1991-03-31,MRC,bcm,55.5323
1991-04-30,MRC,bcm,77.5016
1991-05-31,MRC,bcm,182.3066
1991-06-30,MRC,bcm,201.3323
1991-07-31,MRC,bcm,32.7309
1991-08-31,MRC,bcm,20.6056
1991-09-30,MRC,bcm,12.5856
1991-10-31,MRC,bcm,11.9455
1991-11-30,MRC,bcm,8.7246
1991-12-31,MRC,bcm,16.3663
1992-01-31,MRC,bcm,19.2528
1992-02-29,MRC,bcm,141.5122
1992-03-31,MRC,bcm,137.4914
1992-04-30,MRC,bcm,123.1962
1992-05-31,MRC,bcm,39.1006
1992-06-30,MRC,bcm,29.9491
1992-07-31,MRC,bcm,19.3552
1992-08-31,MRC,bcm,11.9780
1992-09-30,MRC,bcm,7.1789
1992-10-31,MRC,bcm,6.1734
1992-11-30,MRC,bcm,4.4831
1992-12-31,MRC,bcm,3.3227
1993-01-31,MRC,bcm,64.7059
1993-02-28,MRC,bcm,135.6501
1993-03-31,MRC,bcm,296.9241
1993-04-30,MRC,bcm,200.8222
1993-05-31,MRC,bcm,382.9955
1993-06-30,MRC,bcm,325.6519
1993-07-31,MRC,bcm,61.2856
1993-08-31,MRC,bcm,30.7241
1993-09-30,MRC,bcm,19.0246
1993-10-31,MRC,bcm,11.5888
1993-11-30,MRC,bcm,7.0563
1993-12-31,MRC,bcm,6.4706
1994-01-31,MRC,bcm,5.7864
1994-02-28,MRC,bcm,17.7239
1994-03-31,MRC,bcm,68.1505
1994-04-30,MRC,bcm,140.6915
1994-05-31,MRC,bcm,74.4711
1994-06-30,MRC,bcm,31.1871
1994-07-31,MRC,bcm,19.5288
1994-08-31,MRC,bcm,11.9063
1994-09-30,MRC,bcm,7.1629
1994-10-31,MRC,bcm,8.4457
1994-11-30,MRC,bcm,13.3146
1994-12-31,MRC,bcm,10.7399
1995-01-31,MRC,bcm,351.0548
1995-02-28,MRC,bcm,86.2065
1995-03-31,MRC,bcm,535.8130
1995-04-30,MRC,bcm,200.2313
1995-05-31,MRC,bcm,261.8752
1995-06-30,MRC,bcm,399.7574
1995-07-31,MRC,bcm,323.1086
1995-08-31,MRC,bcm,34.5375
1995-09-30,MRC,bcm,21.8084
1995-10-31,MRC,bcm,13.3457
1995-11-30,MRC,bcm,8.0296
1995-12-31,MRC,bcm,7.4498
1996-01-31,MRC,bcm,119.7825
1996-02-29,MRC,bcm,276.8710
1996-03-31,MRC,bcm,204.3159
1996-04-30,MRC,bcm,216.8633
1996-05-31,MRC,bcm,284.2798
1996-06-30,MRC,bcm,184.2224
1996-07-31,MRC,bcm,34.0416
1996-08-31,MRC,bcm,21.3687
1996-09-30,MRC,bcm,13.0677
1996-10-31,MRC,bcm,11.5953
1996-11-30,MRC,bcm,108.3894
1996-12-31,MRC,bcm,307.2146
1997-01-31,MRC,bcm,496.4858
1997-02-28,MRC,bcm,34.0578
1997-03-31,MRC,bcm,110.3315
1997-04-30,MRC,bcm,103.8043
1997-05-31,MRC,bcm,281.9891
1997-06-30,MRC,bcm,161.6330
1997-07-31,MRC,bcm,39.6577
1997-08-31,MRC,bcm,21.7699
1997-09-30,MRC,bcm,13.3212
1997-10-31,MRC,bcm,8.0833
1997-11-30,MRC,bcm,5.2044
1997-12-31,MRC,bcm,8.4880
1998-01-31,MRC,bcm,55.6998
1998-02-28,MRC,bcm,257.2565
1998-03-31,MRC,bcm,275.3047
1998-04-30,MRC,bcm,116.3026
1998-05-31,MRC,bcm,187.9289
1998-06-30,MRC,bcm,419.4417
1998-07-31,MRC,bcm,285.1010
1998-08-31,MRC,bcm,30.7371
1998-09-30,MRC,bcm,20.2985
1998-10-31,MRC,bcm,12.7181
1998-11-30,MRC,bcm,17.3805
1998-12-31,MRC,bcm,20.9355
1999-01-31,MRC,bcm,126.1837
1999-02-28,MRC,bcm,189.5043
1999-03-31,MRC,bcm,88.9538
1999-04-30,MRC,bcm,88.3305
1999-05-31,MRC,bcm,190.2751
1999-06-30,MRC,bcm,117.2415
1999-07-31,MRC,bcm,31.2591
1999-08-31,MRC,bcm,19.5238
1999-09-30,MRC,bcm,11.9031
1999-10-31,MRC,bcm,7.2536
1999-11-30,MRC,bcm,4.6212
1999-12-31,MRC,bcm,5.6250
2000-01-31,MRC,bcm,26.8692
2000-02-29,MRC,bcm,297.9074
2000-03-31,MRC,bcm,106.6723
2000-04-30,MRC,bcm,214.6797
2000-05-31,MRC,bcm,221.1260
2000-06-30,MRC,bcm,41.6385
2000-07-31,MRC,bcm,28.7952
2000-08-31,MRC,bcm,17.7852
2000-09-30,MRC,bcm,10.8088
2000-10-31,MRC,bcm,9.4403
2000-11-30,MRC,bcm,6.6221
2000-12-31,MRC,bcm,5.5488
2001-01-31,MRC,bcm,5.1364
2001-02-28,MRC,bcm,19.7938
2001-03-31,MRC,bcm,139.9926
2001-04-30,MRC,bcm,105.1312
2001-05-31,MRC,bcm,201.7088
2001-06-30,MRC,bcm,36.7272
2001-07-31,MRC,bcm,23.3633
2001-08-31,MRC,bcm,14.3305
2001-09-30,MRC,bcm,8.6535
2001-10-31,MRC,bcm,5.1319
2001-11-30,MRC,bcm,18.0002
2001-12-31,MRC,bcm,35.3426
2002-01-31,MRC,bcm,28.7080
2002-02-28,MRC,bcm,78.8178
2002-03-31,MRC,bcm,120.4662
2002-04-30,MRC,bcm,161.5271
2002-05-31,MRC,bcm,180.6685
2002-06-30,MRC,bcm,62.1044
2002-07-31,MRC,bcm,30.7236
2002-08-31,MRC,bcm,19.0272
2002-09-30,MRC,bcm,11.5904
2002-10-31,MRC,bcm,6.9401
2002-11-30,MRC,bcm,23.1348
2002-12-31,MRC,bcm,44.5930
2003-01-31,MRC,bcm,52.2483
2003-02-28,MRC,bcm,55.5373
2003-03-31,MRC,bcm,107.6650
2003-04-30,MRC,bcm,177.6531
2003-05-31,MRC,bcm,249.2255
2003-06-30,MRC,bcm,99.3416
2003-07-31,MRC,bcm,30.7283
2003-08-31,MRC,bcm,19.0520
2003-09-30,MRC,bcm,11.6056
2003-10-31,MRC,bcm,6.9484
2003-11-30,MRC,bcm,4.0857
2003-12-31,MRC,bcm,6.9659
2004-01-31,MRC,bcm,5.8733
2004-02-29,MRC,bcm,58.7910
2004-03-31,MRC,bcm,129.9143
2004-04-30,MRC,bcm,134.5437
2004-05-31,MRC,bcm,167.5745
2004-06-30,MRC,bcm,34.7106
2004-07-31,MRC,bcm,22.3973
2004-08-31,MRC,bcm,13.7186
2004-09-30,MRC,bcm,8.2620
2004-10-31,MRC,bcm,36.1573
2004-11-30,MRC,bcm,25.3300
2004-12-31,MRC,bcm,118.4206
2005-01-31,MRC,bcm,325.3239
2005-02-28,MRC,bcm,183.0923
2005-03-31,MRC,bcm,303.1746
2005-04-30,MRC,bcm,104.9257
2005-05-31,MRC,bcm,324.9399
2005-06-30,MRC,bcm,166.6302
2005-07-31,MRC,bcm,63.2420
2005-08-31,MRC,bcm,30.7255
2005-09-30,MRC,bcm,19.0245
2005-10-31,MRC,bcm,11.8374
2005-11-30,MRC,bcm,8.0479
2005-12-31,MRC,bcm,71.4898
2006-01-31,MRC,bcm,188.0493
2006-02-28,MRC,bcm,129.6285
2006-03-31,MRC,bcm,180.6895
2006-04-30,MRC,bcm,397.9603
2006-05-31,MRC,bcm,362.7188
2006-06-30,MRC,bcm,310.3703
2006-07-31,MRC,bcm,51.5716
2006-08-31,MRC,bcm,30.7245
2006-09-30,MRC,bcm,19.0168
2006-10-31,MRC,bcm,11.5838
2006-11-30,MRC,bcm,6.9459
2006-12-31,MRC,bcm,9.1855
2007-01-31,MRC,bcm,11.3999
2007-02-28,MRC,bcm,13.3349
2007-03-31,MRC,bcm,81.6984
2007-04-30,MRC,bcm,86.4091
2007-05-31,MRC,bcm,44.6648
2007-06-30,MRC,bcm,30.7247
2007-07-31,MRC,bcm,19.0536
2007-08-31,MRC,bcm,11.6068
2007-09-30,MRC,bcm,6.9489
2007-10-31,MRC,bcm,4.0837
2007-11-30,MRC,bcm,2.3796
2007-12-31,MRC,bcm,1.3871
2008-01-31,MRC,bcm,11.9177
2008-02-29,MRC,bcm,45.7819
2008-03-31,MRC,bcm,46.1019
2008-04-30,MRC,bcm,89.3291
2008-05-31,MRC,bcm,213.5301
2008-06-30,MRC,bcm,82.7783
2008-07-31,MRC,bcm,30.7255
2008-08-31,MRC,bcm,19.0628
2008-09-30,MRC,bcm,11.6126
2008-10-31,MRC,bcm,6.9528
2008-11-30,MRC,bcm,9.5725
2008-12-31,MRC,bcm,14.5126
2009-01-31,MRC,bcm,73.3162
2009-02-28,MRC,bcm,138.5670
2009-03-31,MRC,bcm,159.6964
2009-04-30,MRC,bcm,111.4521
2009-05-31,MRC,bcm,248.1284
2009-06-30,MRC,bcm,38.5009
2009-07-31,MRC,bcm,21.0624
2009-08-31,MRC,bcm,12.8737
2009-09-30,MRC,bcm,7.7357
2009-10-31,MRC,bcm,5.3268
2009-11-30,MRC,bcm,3.5084
2009-12-31,MRC,bcm,3.3623
2010-01-31,MRC,bcm,34.1916
2010-02-28,MRC,bcm,143.1459
2010-03-31,MRC,bcm,123.0033
2010-04-30,MRC,bcm,135.3762
2010-05-31,MRC,bcm,142.2243
2010-06-30,MRC,bcm,211.4262
2010-07-31,MRC,bcm,34.8885
2010-08-31,MRC,bcm,22.2221
2010-09-30,MRC,bcm,13.6075
2010-10-31,MRC,bcm,15.8425
2010-11-30,MRC,bcm,32.8557
2010-12-31,MRC,bcm,264.5309
2011-01-31,MRC,bcm,123.0559
2011-02-28,MRC,bcm,141.8286
2011-03-31,MRC,bcm,383.1911
2011-04-30,MRC,bcm,130.2549
2011-05-31,MRC,bcm,194.3863
2011-06-30,MRC,bcm,301.0946
2011-07-31,MRC,bcm,116.1126
2011-08-31,MRC,bcm,30.9699
2011-09-30,MRC,bcm,21.7005
2011-10-31,MRC,bcm,18.6325
2011-11-30,MRC,bcm,17.1712
2011-12-31,MRC,bcm,15.2728
2012-01-31,MRC,bcm,18.8618
2012-02-29,MRC,bcm,30.8547
2012-03-31,MRC,bcm,92.2672
2012-04-30,MRC,bcm,144.7844
2012-05-31,MRC,bcm,43.9568
2012-06-30,MRC,bcm,30.8902
2012-07-31,MRC,bcm,19.1840
2012-08-31,MRC,bcm,11.6889
2012-09-30,MRC,bcm,6.9997
2012-10-31,MRC,bcm,4.1139
2012-11-30,MRC,bcm,9.8861
2012-12-31,MRC,bcm,16.1634
2013-01-31,MRC,bcm,10.7863
2013-02-28,MRC,bcm,11.5872
2013-03-31,MRC,bcm,65.6874
2013-04-30,MRC,bcm,143.8742
2013-05-31,MRC,bcm,114.7624
2013-06-30,MRC,bcm,33.8665
2013-07-31,MRC,bcm,21.2262
2013-08-31,MRC,bcm,12.9776
2013-09-30,MRC,bcm,7.8415
2013-10-31,MRC,bcm,4.7221
2013-11-30,MRC,bcm,3.5339
2013-12-31,MRC,bcm,2.7281
2014-01-31,MRC,bcm,2.9939
2014-02-28,MRC,bcm,6.7242
2014-03-31,MRC,bcm,58.2549
2014-04-30,MRC,bcm,95.1335
2014-05-31,MRC,bcm,39.3415
2014-06-30,MRC,bcm,30.5769
2014-07-31,MRC,bcm,19.0736
2014-08-31,MRC,bcm,11.6194
2014-09-30,MRC,bcm,7.0400
2014-10-31,MRC,bcm,4.1803
2014-11-30,MRC,bcm,2.5422
2014-12-31,MRC,bcm,4.1630
2015-01-31,MRC,bcm,5.5988
2015-02-28,MRC,bcm,6.2508
2015-03-31,MRC,bcm,26.4041
2015-04-30,MRC,bcm,56.9118
2015-05-31,MRC,bcm,43.1311
2015-06-30,MRC,bcm,24.0891
2015-07-31,MRC,bcm,15.0330
2015-08-31,MRC,bcm,9.1526
2015-09-30,MRC,bcm,5.4326
2015-10-31,MRC,bcm,5.5756
2015-11-30,MRC,bcm,5.4376
2015-12-31,MRC,bcm,12.2590
2016-01-31,MRC,bcm,74.5973
2016-02-29,MRC,bcm,89.9043
2016-03-31,MRC,bcm,296.5244
2016-04-30,MRC,bcm,190.4971
2016-05-31,MRC,bcm,174.3308
2016-06-30,MRC,bcm,125.1136
2016-07-31,MRC,bcm,31.0218
2016-08-31,MRC,bcm,19.2567
2016-09-30,MRC,bcm,11.7348
2016-10-31,MRC,bcm,25.2487
2016-11-30,MRC,bcm,18.1215
2016-12-31,MRC,bcm,96.1215
2017-01-31,MRC,bcm,263.9765
2017-02-28,MRC,bcm,403.0640
2017-03-31,MRC,bcm,250.5536
2017-04-30,MRC,bcm,299.6062
2017-05-31,MRC,bcm,386.6037
2017-06-30,MRC,bcm,510.9753
2017-07-31,MRC,bcm,238.8303
2017-08-31,MRC,bcm,33.7344
2017-09-30,MRC,bcm,21.0655
2017-10-31,MRC,bcm,13.2478
2017-11-30,MRC,bcm,26.4728
2017-12-31,MRC,bcm,27.0676
2018-01-31,MRC,bcm,35.1653
2018-02-28,MRC,bcm,30.7667
2018-03-31,MRC,bcm,197.8203
2018-04-30,MRC,bcm,198.0763
2018-05-31,MRC,bcm,166.5421
2018-06-30,MRC,bcm,39.1330
2018-07-31,MRC,bcm,27.1553
2018-08-31,MRC,bcm,16.7398
2018-09-30,MRC,bcm,10.1519
1990-10-31,MIL,bcm,11.8296
1990-11-30,MIL,bcm,7.0775
1990-12-31,MIL,bcm,4.1621
1991-01-31,MIL,bcm,2.3833
1991-02-28,MIL,bcm,1.4323
1991-03-31,MIL,bcm,83.0849
1991-04-30,MIL,bcm,175.5790
1991-05-31,MIL,bcm,276.5180
1991-06-30,MIL,bcm,427.3143
1991-07-31,MIL,bcm,119.6831
1991-08-31,MIL,bcm,52.9030
1991-09-30,MIL,bcm,31.4515
1991-10-31,MIL,bcm,21.2965
1991-11-30,MIL,bcm,19.3115
1991-12-31,MIL,bcm,21.3611
1992-01-31,MIL,bcm,26.0659
1992-02-29,MIL,bcm,144.4732
1992-03-31,MIL,bcm,227.2744
1992-04-30,MIL,bcm,251.3802
1992-05-31,MIL,bcm,151.6067
1992-06-30,MIL,bcm,61.1440
1992-07-31,MIL,bcm,36.6323
1992-08-31,MIL,bcm,21.9115
1992-09-30,MIL,bcm,13.2588
1992-10-31,MIL,bcm,10.0767
1992-11-30,MIL,bcm,7.8866
1992-12-31,MIL,bcm,7.9856
1993-01-31,MIL,bcm,100.9999
1993-02-28,MIL,bcm,213.2415
1993-03-31,MIL,bcm,290.7698
1993-04-30,MIL,bcm,274.9538
1993-05-31,MIL,bcm,704.1537
1993-06-30,MIL,bcm,735.2826
1993-07-31,MIL,bcm,243.3656
1993-08-31,MIL,bcm,61.1807
1993-09-30,MIL,bcm,34.6200
1993-10-31,MIL,bcm,20.6082
1993-11-30,MIL,bcm,12.4763
1993-12-31,MIL,bcm,9.6347
1994-01-31,MIL,bcm,9.1483
1994-02-28,MIL,bcm,27.8118
1994-03-31,MIL,bcm,107.4258
1994-04-30,MIL,bcm,219.5463
1994-05-31,MIL,bcm,181.2446
1994-06-30,MIL,bcm,78.4427
1994-07-31,MIL,bcm,51.1338
1994-08-31,MIL,bcm,30.3485
1994-09-30,MIL,bcm,22.0319
1994-10-31,MIL,bcm,18.7308
1994-11-30,MIL,bcm,25.1188
1994-12-31,MIL,bcm,19.0732
1995-01-31,MIL,bcm,336.2944
1995-02-28,MIL,bcm,147.1893
1995-03-31,MIL,bcm,592.0680
1995-04-30,MIL,bcm,296.8855
1995-05-31,MIL,bcm,454.3919
1995-06-30,MIL,bcm,817.5345
1995-07-31,MIL,bcm,733.3797
1995-08-31,MIL,bcm,152.1483
1995-09-30,MIL,bcm,56.4507
1995-10-31,MIL,bcm,32.0234
1995-11-30,MIL,bcm,19.2461
1995-12-31,MIL,bcm,13.2701
1996-01-31,MIL,bcm,65.1854
1996-02-29,MIL,bcm,276.4392
1996-03-31,MIL,bcm,277.7432
1996-04-30,MIL,bcm,367.3935
1996-05-31,MIL,bcm,516.6596
1996-06-30,MIL,bcm,429.5093
1996-07-31,MIL,bcm,109.7758
1996-08-31,MIL,bcm,52.6355
1996-09-30,MIL,bcm,28.9729
1996-10-31,MIL,bcm,25.4008
1996-11-30,MIL,bcm,152.4457
1996-12-31,MIL,bcm,467.5247
1997-01-31,MIL,bcm,600.1516
1997-02-28,MIL,bcm,93.0060
1997-03-31,MIL,bcm,183.1504
1997-04-30,MIL,bcm,194.7449
1997-05-31,MIL,bcm,561.6605
1997-06-30,MIL,bcm,368.8533
1997-07-31,MIL,bcm,109.0766
1997-08-31,MIL,bcm,47.1699
1997-09-30,MIL,bcm,25.5093
1997-10-31,MIL,bcm,15.3085
1997-11-30,MIL,bcm,11.0906
1997-12-31,MIL,bcm,11.4569
1998-01-31,MIL,bcm,47.0471
1998-02-28,MIL,bcm,224.5146
1998-03-31,MIL,bcm,283.1159
1998-04-30,MIL,bcm,190.5964
1998-05-31,MIL,bcm,326.0146
1998-06-30,MIL,bcm,832.6141
1998-07-31,MIL,bcm,691.9015
1998-08-31,MIL,bcm,94.7493
1998-09-30,MIL,bcm,56.6954
1998-10-31,MIL,bcm,34.4156
1998-11-30,MIL,bcm,23.1604
1998-12-31,MIL,bcm,29.7454
1999-01-31,MIL,bcm,135.2409
1999-02-28,MIL,bcm,160.9189
1999-03-31,MIL,bcm,143.3504
1999-04-30,MIL,bcm,150.5840
1999-05-31,MIL,bcm,356.1495
1999-06-30,MIL,bcm,252.0570
1999-07-31,MIL,bcm,63.5598
1999-08-31,MIL,bcm,40.2485
1999-09-30,MIL,bcm,24.0551
1999-10-31,MIL,bcm,14.6790
1999-11-30,MIL,bcm,9.1591
1999-12-31,MIL,bcm,9.2099
2000-01-31,MIL,bcm,21.9746
2000-02-29,MIL,bcm,262.7116
2000-03-31,MIL,bcm,178.6623
2000-04-30,MIL,bcm,355.5248
2000-05-31,MIL,bcm,449.1680
2000-06-30,MIL,bcm,139.4171
2000-07-31,MIL,bcm,53.9692
2000-08-31,MIL,bcm,31.9680
2000-09-30,MIL,bcm,19.3633
2000-10-31,MIL,bcm,15.5606
2000-11-30,MIL,bcm,11.6394
2000-12-31,MIL,bcm,7.0831
2001-01-31,MIL,bcm,5.1003
2001-02-28,MIL,bcm,24.3782
2001-03-31,MIL,bcm,147.0912
2001-04-30,MIL,bcm,179.4671
2001-05-31,MIL,bcm,544.5688
2001-06-30,MIL,bcm,237.2938
2001-07-31,MIL,bcm,60.4044
2001-08-31,MIL,bcm,36.3111
2001-09-30,MIL,bcm,21.7391
2001-10-31,MIL,bcm,13.1620
2001-11-30,MIL,bcm,22.0604
2001-12-31,MIL,bcm,44.6336
2002-01-31,MIL,bcm,38.4241
2002-02-28,MIL,bcm,72.7286
2002-03-31,MIL,bcm,144.6150
2002-04-30,MIL,bcm,259.6077
2002-05-31,MIL,bcm,337.7959
2002-06-30,MIL,bcm,222.1773
2002-07-31,MIL,bcm,55.3579
2002-08-31,MIL,bcm,35.3281
2002-09-30,MIL,bcm,21.4207
2002-10-31,MIL,bcm,12.9901
2002-11-30,MIL,bcm,36.0203
2002-12-31,MIL,bcm,63.9343
2003-01-31,MIL,bcm,57.2266
2003-02-28,MIL,bcm,92.8378
2003-03-31,MIL,bcm,144.5244
2003-04-30,MIL,bcm,174.0377
2003-05-31,MIL,bcm,462.7708
2003-06-30,MIL,bcm,323.1957
2003-07-31,MIL,bcm,68.9998
2003-08-31,MIL,bcm,39.2997
2003-09-30,MIL,bcm,23.0996
2003-10-31,MIL,bcm,13.9571
2003-11-30,MIL,bcm,8.3541
2003-12-31,MIL,bcm,7.6053
2004-01-31,MIL,bcm,5.9459
2004-02-29,MIL,bcm,23.7277
2004-03-31,MIL,bcm,93.1018
2004-04-30,MIL,bcm,195.9000
2004-05-31,MIL,bcm,274.0114
2004-06-30,MIL,bcm,116.2421
2004-07-31,MIL,bcm,51.5247
2004-08-31,MIL,bcm,31.5723
2004-09-30,MIL,bcm,19.2566
2004-10-31,MIL,bcm,57.4108
2004-11-30,MIL,bcm,75.6210
2004-12-31,MIL,bcm,200.2767
2005-01-31,MIL,bcm,334.7420
2005-02-28,MIL,bcm,231.7043
2005-03-31,MIL,bcm,345.1783
2005-04-30,MIL,bcm,206.9477
2005-05-31,MIL,bcm,739.5464
2005-06-30,MIL,bcm,608.0576
2005-07-31,MIL,bcm,571.4873
2005-08-31,MIL,bcm,186.2968
2005-09-30,MIL,bcm,66.3510
2005-10-31,MIL,bcm,38.4021
2005-11-30,MIL,bcm,26.2369
2005-12-31,MIL,bcm,90.9863
2006-01-31,MIL,bcm,160.4360
2006-02-28,MIL,bcm,170.4166
2006-03-31,MIL,bcm,172.0582
2006-04-30,MIL,bcm,605.3832
2006-05-31,MIL,bcm,809.1357
2006-06-30,MIL,bcm,922.2460
2006-07-31,MIL,bcm,554.5180
2006-08-31,MIL,bcm,126.0826
2006-09-30,MIL,bcm,59.2894
2006-10-31,MIL,bcm,32.8332
2006-11-30,MIL,bcm,22.8364
2006-12-31,MIL,bcm,20.7598
2007-01-31,MIL,bcm,20.0661
2007-02-28,MIL,bcm,15.7294
2007-03-31,MIL,bcm,126.7014
2007-04-30,MIL,bcm,172.5568
2007-05-31,MIL,bcm,233.2530
2007-06-30,MIL,bcm,105.7884
2007-07-31,MIL,bcm,52.7379
2007-08-31,MIL,bcm,31.6683
2007-09-30,MIL,bcm,19.2459
2007-10-31,MIL,bcm,11.6399
2007-11-30,MIL,bcm,6.9461
2007-12-31,MIL,bcm,4.0655
2008-01-31,MIL,bcm,4.5372
2008-02-29,MIL,bcm,4.5651
2008-03-31,MIL,bcm,25.1097
2008-04-30,MIL,bcm,79.3571
2008-05-31,MIL,bcm,358.7478
2008-06-30,MIL,bcm,423.4141
2008-07-31,MIL,bcm,116.5722
2008-08-31,MIL,bcm,55.8773
2008-09-30,MIL,bcm,30.8832
2008-10-31,MIL,bcm,18.5576
2008-11-30,MIL,bcm,17.4767
2008-12-31,MIL,bcm,24.9383
2009-01-31,MIL,bcm,64.7802
2009-02-28,MIL,bcm,110.4830
2009-03-31,MIL,bcm,129.7601
2009-04-30,MIL,bcm,172.4925
2009-05-31,MIL,bcm,526.0596
2009-06-30,MIL,bcm,186.9191
2009-07-31,MIL,bcm,64.3042
2009-08-31,MIL,bcm,39.9399
2009-09-30,MIL,bcm,23.8096
2009-10-31,MIL,bcm,34.3890
2009-11-30,MIL,bcm,29.4394
2009-12-31,MIL,bcm,18.3248
2010-01-31,MIL,bcm,68.5514
2010-02-28,MIL,bcm,179.8597
2010-03-31,MIL,bcm,146.0820
2010-04-30,MIL,bcm,207.4080
2010-05-31,MIL,bcm,256.4126
2010-06-30,MIL,bcm,600.7461
2010-07-31,MIL,bcm,275.1604
2010-08-31,MIL,bcm,64.0659
2010-09-30,MIL,bcm,37.8462
2010-10-31,MIL,bcm,33.7398
2010-11-30,MIL,bcm,31.0796
2010-12-31,MIL,bcm,291.8093
2011-01-31,MIL,bcm,189.7787
2011-02-28,MIL,bcm,154.0000
2011-03-31,MIL,bcm,360.8421
2011-04-30,MIL,bcm,247.0662
2011-05-31,MIL,bcm,354.3731
2011-06-30,MIL,bcm,655.1380
2011-07-31,MIL,bcm,470.7917
2011-08-31,MIL,bcm,148.8347
2011-09-30,MIL,bcm,57.9990
2011-10-31,MIL,bcm,42.7587
2011-11-30,MIL,bcm,32.6596
2011-12-31,MIL,bcm,23.6631
2012-01-31,MIL,bcm,15.2710
2012-02-29,MIL,bcm,35.8154
2012-03-31,MIL,bcm,93.3284
2012-04-30,MIL,bcm,207.9334
2012-05-31,MIL,bcm,147.9019
2012-06-30,MIL,bcm,62.4942
2012-07-31,MIL,bcm,46.5243
2012-08-31,MIL,bcm,28.1526
2012-09-30,MIL,bcm,17.1979
2012-10-31,MIL,bcm,10.3767
2012-11-30,MIL,bcm,8.5280
2012-12-31,MIL,bcm,16.7808
2013-01-31,MIL,bcm,13.9508
2013-02-28,MIL,bcm,13.3364
2013-03-31,MIL,bcm,32.7115
2013-04-30,MIL,bcm,192.4665
2013-05-31,MIL,bcm,212.6071
2013-06-30,MIL,bcm,69.6741
2013-07-31,MIL,bcm,50.2303
2013-08-31,MIL,bcm,30.0785
2013-09-30,MIL,bcm,18.3889
2013-10-31,MIL,bcm,11.1635
2013-11-30,MIL,bcm,7.2237
2013-12-31,MIL,bcm,4.5089
2014-01-31,MIL,bcm,2.9376
2014-02-28,MIL,bcm,4.2855
2014-03-31,MIL,bcm,12.0008
2014-04-30,MIL,bcm,48.0245
2014-05-31,MIL,bcm,95.4734
2014-06-30,MIL,bcm,53.9823
2014-07-31,MIL,bcm,38.8939
2014-08-31,MIL,bcm,23.7846
2014-09-30,MIL,bcm,14.5255
2014-10-31,MIL,bcm,8.7389
2014-11-30,MIL,bcm,5.2328
2014-12-31,MIL,bcm,5.2723
2015-01-31,MIL,bcm,7.4605
2015-02-28,MIL,bcm,9.0377
2015-03-31,MIL,bcm,32.1243
2015-04-30,MIL,bcm,39.1965
2015-05-31,MIL,bcm,58.2905
2015-06-30,MIL,bcm,55.8666
2015-07-31,MIL,bcm,36.8574
2015-08-31,MIL,bcm,21.6887
2015-09-30,MIL,bcm,13.0799
2015-10-31,MIL,bcm,8.4018
2015-11-30,MIL,bcm,5.8915
2015-12-31,MIL,bcm,8.9486
2016-01-31,MIL,bcm,47.8810
2016-02-29,MIL,bcm,67.7410
2016-03-31,MIL,bcm,319.2516
2016-04-30,MIL,bcm,364.1392
2016-05-31,MIL,bcm,335.6363
2016-06-30,MIL,bcm,368.3986
2016-07-31,MIL,bcm,83.8246
2016-08-31,MIL,bcm,47.1444
2016-09-30,MIL,bcm,27.1681
2016-10-31,MIL,bcm,28.2354
2016-11-30,MIL,bcm,21.1147
2016-12-31,MIL,bcm,70.3650
2017-01-31,MIL,bcm,280.3576
2017-02-28,MIL,bcm,407.8941
2017-03-31,MIL,bcm,326.4923
2017-04-30,MIL,bcm,423.8809
2017-05-31,MIL,bcm,775.0294
2017-06-30,MIL,bcm,1034.2072
2017-07-31,MIL,bcm,535.3900
2017-08-31,MIL,bcm,95.8083
2017-09-30,MIL,bcm,53.4872
2017-10-31,MIL,bcm,31.4354
2017-11-30,MIL,bcm,28.6478
2017-12-31,MIL,bcm,30.9858
2018-01-31,MIL,bcm,19.5096
2018-02-28,MIL,bcm,32.4911
2018-03-31,MIL,bcm,176.8665
2018-04-30,MIL,bcm,351.7052
2018-05-31,MIL,bcm,291.2211
2018-06-30,MIL,bcm,179.5875
2018-07-31,MIL,bcm,58.6368
2018-08-31,MIL,bcm,34.1664
2018-09-30,MIL,bcm,20.4765
1990-10-31,SHA,vic_calsim3,129.4453
1990-11-30,SHA,vic_calsim3,121.6743
1990-12-31,SHA,vic_calsim3,119.8786
1991-01-31,SHA,vic_calsim3,147.2065
1991-02-28,SHA,vic_calsim3,209.6561
1991-03-31,SHA,vic_calsim3,859.4942
1991-04-30,SHA,vic_calsim3,373.1690
1991-05-31,SHA,vic_calsim3,409.5617
1991-06-30,SHA,vic_calsim3,240.8130
1991-07-31,SHA,vic_calsim3,180.1526
1991-08-31,SHA,vic_calsim3,142.2503
1991-09-30,SHA,vic_calsim3,124.2219
1991-10-31,SHA,vic_calsim3,134.6995
1991-11-30,SHA,vic_calsim3,162.3356
1991-12-31,SHA,vic_calsim3,204.6489
1992-01-31,SHA,vic_calsim3,231.3634
1992-02-29,SHA,vic_calsim3,759.2353
1992-03-31,SHA,vic_calsim3,729.0263
1992-04-30,SHA,vic_calsim3,461.6745
1992-05-31,SHA,vic_calsim3,254.3106
1992-06-30,SHA,vic_calsim3,213.7893
1992-07-31,SHA,vic_calsim3,141.3450
1992-08-31,SHA,vic_calsim3,117.4587
1992-09-30,SHA,vic_calsim3,104.4497
1992-10-31,SHA,vic_calsim3,254.4064
1992-11-30,SHA,vic_calsim3,163.3338
1992-12-31,SHA,vic_calsim3,516.0585
1993-01-31,SHA,vic_calsim3,954.6361
1993-02-28,SHA,vic_calsim3,915.6617
1993-03-31,SHA,vic_calsim3,1721.3878
1993-04-30,SHA,vic_calsim3,1224.1487
1993-05-31,SHA,vic_calsim3,903.0505
1993-06-30,SHA,vic_calsim3,641.2625
1993-07-31,SHA,vic_calsim3,263.4453
1993-08-31,SHA,vic_calsim3,183.4682
1993-09-30,SHA,vic_calsim3,146.9739
1993-10-31,SHA,vic_calsim3,190.7811
1993-11-30,SHA,vic_calsim3,166.2386
1993-12-31,SHA,vic_calsim3,461.6353
1994-01-31,SHA,vic_calsim3,358.5766
1994-02-28,SHA,vic_calsim3,388.8558
1994-03-31,SHA,vic_calsim3,378.4815
1994-04-30,SHA,vic_calsim3,325.1173
1994-05-31,SHA,vic_calsim3,345.1136
1994-06-30,SHA,vic_calsim3,213.2972
1994-07-31,SHA,vic_calsim3,157.2147
1994-08-31,SHA,vic_calsim3,133.6492
1994-09-30,SHA,vic_calsim3,123.4638
1994-10-31,SHA,vic_calsim3,116.2679
1994-11-30,SHA,vic_calsim3,193.5514
1994-12-31,SHA,vic_calsim3,265.3947
1995-01-31,SHA,vic_calsim3,2540.1875
1995-02-28,SHA,vic_calsim3,1105.2496
1995-03-31,SHA,vic_calsim3,3233.9259
1995-04-30,SHA,vic_calsim3,1652.9560
1995-05-31,SHA,vic_calsim3,1280.2168
1995-06-30,SHA,vic_calsim3,637.8894
1995-07-31,SHA,vic_calsim3,336.4112
1995-08-31,SHA,vic_calsim3,203.3562
1995-09-30,SHA,vic_calsim3,151.0627
1995-10-31,SHA,vic_calsim3,138.8286
1995-11-30,SHA,vic_calsim3,129.2155
1995-12-31,SHA,vic_calsim3,1060.7579
1996-01-31,SHA,vic_calsim3,506.6789
1996-02-29,SHA,vic_calsim3,1855.9604
1996-03-31,SHA,vic_calsim3,1391.4796
1996-04-30,SHA,vic_calsim3,926.6695
1996-05-31,SHA,vic_calsim3,1048.8750
1996-06-30,SHA,vic_calsim3,403.1163
1996-07-31,SHA,vic_calsim3,246.1009
1996-08-31,SHA,vic_calsim3,165.8555
1996-09-30,SHA,vic_calsim3,148.4038
1996-10-31,SHA,vic_calsim3,160.0514
1996-11-30,SHA,vic_calsim3,589.2653
1996-12-31,SHA,vic_calsim3,2184.1975
1997-01-31,SHA,vic_calsim3,2835.8202
1997-02-28,SHA,vic_calsim3,1049.0731
1997-03-31,SHA,vic_calsim3,710.1659
1997-04-30,SHA,vic_calsim3,563.5063
1997-05-31,SHA,vic_calsim3,412.5080
1997-06-30,SHA,vic_calsim3,297.9184
1997-07-31,SHA,vic_calsim3,195.8009
1997-08-31,SHA,vic_calsim3,164.3022
1997-09-30,SHA,vic_calsim3,163.5063
1997-10-31,SHA,vic_calsim3,199.6483
1997-11-30,SHA,vic_calsim3,508.4838
1997-12-31,SHA,vic_calsim3,339.9569
1998-01-31,SHA,vic_calsim3,1776.0440
1998-02-28,SHA,vic_calsim3,2869.5519
1998-03-31,SHA,vic_calsim3,1579.0282
1998-04-30,SHA,vic_calsim3,1160.1554
1998-05-31,SHA,vic_calsim3,1238.2910
1998-06-30,SHA,vic_calsim3,966.1806
1998-07-31,SHA,vic_calsim3,397.1381
1998-08-31,SHA,vic_calsim3,210.6783
1998-09-30,SHA,vic_calsim3,164.7720
1998-10-31,SHA,vic_calsim3,154.7932
1998-11-30,SHA,vic_calsim3,756.8869
1998-12-31,SHA,vic_calsim3,464.3112
1999-01-31,SHA,vic_calsim3,711.3699
1999-02-28,SHA,vic_calsim3,1416.6603
1999-03-31,SHA,vic_calsim3,1207.3514
1999-04-30,SHA,vic_calsim3,817.4888
1999-05-31,SHA,vic_calsim3,568.5796
1999-06-30,SHA,vic_calsim3,343.5753
1999-07-31,SHA,vic_calsim3,191.3425
1999-08-31,SHA,vic_calsim3,153.7444
1999-09-30,SHA,vic_calsim3,131.1745
1999-10-31,SHA,vic_calsim3,166.3378
1999-11-30,SHA,vic_calsim3,305.8547
1999-12-31,SHA,vic_calsim3,211.1817
2000-01-31,SHA,vic_calsim3,864.3215
2000-02-29,SHA,vic_calsim3,1708.4952
2000-03-31,SHA,vic_calsim3,1278.9241
2000-04-30,SHA,vic_calsim3,811.6748
2000-05-31,SHA,vic_calsim3,449.2820
2000-06-30,SHA,vic_calsim3,272.6940
2000-07-31,SHA,vic_calsim3,183.8554
2000-08-31,SHA,vic_calsim3,145.6944
2000-09-30,SHA,vic_calsim3,170.5018
2000-10-31,SHA,vic_calsim3,263.9596
2000-11-30,SHA,vic_calsim3,177.1628
2000-12-31,SHA,vic_calsim3,227.5476
2001-01-31,SHA,vic_calsim3,272.7134
2001-02-28,SHA,vic_calsim3,477.4267
2001-03-31,SHA,vic_calsim3,601.2575
2001-04-30,SHA,vic_calsim3,400.2595
2001-05-31,SHA,vic_calsim3,265.4103
2001-06-30,SHA,vic_calsim3,186.0736
2001-07-31,SHA,vic_calsim3,136.0025
2001-08-31,SHA,vic_calsim3,118.0788
2001-09-30,SHA,vic_calsim3,128.6500
2001-10-31,SHA,vic_calsim3,134.2347
2001-11-30,SHA,vic_calsim3,427.3321
2001-12-31,SHA,vic_calsim3,755.3686
2002-01-31,SHA,vic_calsim3,2138.0772
2002-02-28,SHA,vic_calsim3,870.2924
2002-03-31,SHA,vic_calsim3,793.9135
2002-04-30,SHA,vic_calsim3,555.1345
2002-05-31,SHA,vic_calsim3,392.6491
2002-06-30,SHA,vic_calsim3,237.0431
2002-07-31,SHA,vic_calsim3,163.0647
2002-08-31,SHA,vic_calsim3,135.3328
2002-09-30,SHA,vic_calsim3,121.9472
2002-10-31,SHA,vic_calsim3,116.6425
2002-11-30,SHA,vic_calsim3,236.9209
2002-12-31,SHA,vic_calsim3,1527.0443
2003-01-31,SHA,vic_calsim3,964.8499
2003-02-28,SHA,vic_calsim3,633.2298
2003-03-31,SHA,vic_calsim3,989.0880
2003-04-30,SHA,vic_calsim3,1056.4173
2003-05-31,SHA,vic_calsim3,884.6620
2003-06-30,SHA,vic_calsim3,317.8024
2003-07-31,SHA,vic_calsim3,202.1801
2003-08-31,SHA,vic_calsim3,163.2912
2003-09-30,SHA,vic_calsim3,133.2541
2003-10-31,SHA,vic_calsim3,122.9797
2003-11-30,SHA,vic_calsim3,286.1902
2003-12-31,SHA,vic_calsim3,693.6463
2004-01-31,SHA,vic_calsim3,815.7904
2004-02-29,SHA,vic_calsim3,1764.3580
2004-03-31,SHA,vic_calsim3,1129.6361
2004-04-30,SHA,vic_calsim3,581.5756
2004-05-31,SHA,vic_calsim3,413.4271
2004-06-30,SHA,vic_calsim3,249.4193
2004-07-31,SHA,vic_calsim3,172.9384
2004-08-31,SHA,vic_calsim3,144.0728
2004-09-30,SHA,vic_calsim3,126.8708
2004-10-31,SHA,vic_calsim3,274.8287
2004-11-30,SHA,vic_calsim3,223.0989
2004-12-31,SHA,vic_calsim3,689.2099
2005-01-31,SHA,vic_calsim3,524.5382
2005-02-28,SHA,vic_calsim3,535.5831
2005-03-31,SHA,vic_calsim3,926.3815
2005-04-30,SHA,vic_calsim3,806.5158
2005-05-31,SHA,vic_calsim3,1085.1005
2005-06-30,SHA,vic_calsim3,403.3464
2005-07-31,SHA,vic_calsim3,255.0382
2005-08-31,SHA,vic_calsim3,167.6270
2005-09-30,SHA,vic_calsim3,138.0080
2005-10-31,SHA,vic_calsim3,146.1068
2005-11-30,SHA,vic_calsim3,479.8634
2005-12-31,SHA,vic_calsim3,1292.5998
2006-01-31,SHA,vic_calsim3,1718.4333
2006-02-28,SHA,vic_calsim3,1307.6393
2006-03-31,SHA,vic_calsim3,1849.3050
2006-04-30,SHA,vic_calsim3,2274.9168
2006-05-31,SHA,vic_calsim3,1030.9612
2006-06-30,SHA,vic_calsim3,436.1036
2006-07-31,SHA,vic_calsim3,230.7601
2006-08-31,SHA,vic_calsim3,158.5310
2006-09-30,SHA,vic_calsim3,136.2377
2006-10-31,SHA,vic_calsim3,133.0703
2006-11-30,SHA,vic_calsim3,244.5674
2006-12-31,SHA,vic_calsim3,483.4909
2007-01-31,SHA,vic_calsim3,286.4960
2007-02-28,SHA,vic_calsim3,653.3832
2007-03-31,SHA,vic_calsim3,622.9087
2007-04-30,SHA,vic_calsim3,341.3432
2007-05-31,SHA,vic_calsim3,273.2923
2007-06-30,SHA,vic_calsim3,183.5710
2007-07-31,SHA,vic_calsim3,150.5368
2007-08-31,SHA,vic_calsim3,126.5454
2007-09-30,SHA,vic_calsim3,122.2526
2007-10-31,SHA,vic_calsim3,202.8861
2007-11-30,SHA,vic_calsim3,138.3121
2007-12-31,SHA,vic_calsim3,332.0124
2008-01-31,SHA,vic_calsim3,670.2188
2008-02-29,SHA,vic_calsim3,777.7800
2008-03-31,SHA,vic_calsim3,577.4255
2008-04-30,SHA,vic_calsim3,375.5334
2008-05-31,SHA,vic_calsim3,356.7584
2008-06-30,SHA,vic_calsim3,203.2460
2008-07-31,SHA,vic_calsim3,148.4379
2008-08-31,SHA,vic_calsim3,129.0593
2008-09-30,SHA,vic_calsim3,114.8536
2008-10-31,SHA,vic_calsim3,144.9440
2008-11-30,SHA,vic_calsim3,312.9165
2008-12-31,SHA,vic_calsim3,196.1986
2009-01-31,SHA,vic_calsim3,264.6223
2009-02-28,SHA,vic_calsim3,650.3085
2009-03-31,SHA,vic_calsim3,1133.0880
2009-04-30,SHA,vic_calsim3,456.2743
2009-05-31,SHA,vic_calsim3,538.4583
2009-06-30,SHA,vic_calsim3,265.3093
2009-07-31,SHA,vic_calsim3,169.8485
2009-08-31,SHA,vic_calsim3,136.3942
2009-09-30,SHA,vic_calsim3,119.3249
2009-10-31,SHA,vic_calsim3,247.9596
2009-11-30,SHA,vic_calsim3,183.3293
2009-12-31,SHA,vic_calsim3,267.6566
2010-01-31,SHA,vic_calsim3,876.1615
2010-02-28,SHA,vic_calsim3,982.3845
2010-03-31,SHA,vic_calsim3,904.4294
2010-04-30,SHA,vic_calsim3,933.4809
2010-05-31,SHA,vic_calsim3,604.1129
2010-06-30,SHA,vic_calsim3,401.7684
2010-07-31,SHA,vic_calsim3,234.0707
2010-08-31,SHA,vic_calsim3,153.6732
2010-09-30,SHA,vic_calsim3,131.9843
2010-10-31,SHA,vic_calsim3,255.2063
2010-11-30,SHA,vic_calsim3,248.8490
2010-12-31,SHA,vic_calsim3,735.9116
2011-01-31,SHA,vic_calsim3,635.4958
2011-02-28,SHA,vic_calsim3,683.0812
2011-03-31,SHA,vic_calsim3,1859.4028
2011-04-30,SHA,vic_calsim3,1147.7165
2011-05-31,SHA,vic_calsim3,825.0698
2011-06-30,SHA,vic_calsim3,650.3393
2011-07-31,SHA,vic_calsim3,302.2361
2011-08-31,SHA,vic_calsim3,177.3243
2011-09-30,SHA,vic_calsim3,141.1710
2011-10-31,SHA,vic_calsim3,167.1297
2011-11-30,SHA,vic_calsim3,189.6328
2011-12-31,SHA,vic_calsim3,146.2320
2012-01-31,SHA,vic_calsim3,331.0007
2012-02-29,SHA,vic_calsim3,222.8548
2012-03-31,SHA,vic_calsim3,843.0792
2012-04-30,SHA,vic_calsim3,945.7329
2012-05-31,SHA,vic_calsim3,420.1608
2012-06-30,SHA,vic_calsim3,262.7624
2012-07-31,SHA,vic_calsim3,171.2064
2012-08-31,SHA,vic_calsim3,133.0118
2012-09-30,SHA,vic_calsim3,116.4838
2012-10-31,SHA,vic_calsim3,136.7316
2012-11-30,SHA,vic_calsim3,632.0946
2012-12-31,SHA,vic_calsim3,941.6924
2013-01-31,SHA,vic_calsim3,471.6366
2013-02-28,SHA,vic_calsim3,427.2831
2013-03-31,SHA,vic_calsim3,522.1093
2013-04-30,SHA,vic_calsim3,465.4188
2013-05-31,SHA,vic_calsim3,314.4620
2013-06-30,SHA,vic_calsim3,219.7009
2013-07-31,SHA,vic_calsim3,156.7696
2013-08-31,SHA,vic_calsim3,130.1729
2013-09-30,SHA,vic_calsim3,139.2247
2013-10-31,SHA,vic_calsim3,114.8531
2013-11-30,SHA,vic_calsim3,121.1488
2013-12-31,SHA,vic_calsim3,107.8855
2014-01-31,SHA,vic_calsim3,107.6539
2014-02-28,SHA,vic_calsim3,420.5375
2014-03-31,SHA,vic_calsim3,582.8443
2014-04-30,SHA,vic_calsim3,420.8980
2014-05-31,SHA,vic_calsim3,240.4668
2014-06-30,SHA,vic_calsim3,161.2066
2014-07-31,SHA,vic_calsim3,135.6935
2014-08-31,SHA,vic_calsim3,126.5034
2014-09-30,SHA,vic_calsim3,136.2596
2014-10-31,SHA,vic_calsim3,198.0998
2014-11-30,SHA,vic_calsim3,236.3673
2014-12-31,SHA,vic_calsim3,1168.9551
2015-01-31,SHA,vic_calsim3,435.7045
2015-02-28,SHA,vic_calsim3,1109.1848
2015-03-31,SHA,vic_calsim3,396.4984
2015-04-30,SHA,vic_calsim3,314.3343
2015-05-31,SHA,vic_calsim3,288.1116
2015-06-30,SHA,vic_calsim3,197.4507
2015-07-31,SHA,vic_calsim3,165.9459
2015-08-31,SHA,vic_calsim3,131.1772
2015-09-30,SHA,vic_calsim3,123.4684
2015-10-31,SHA,vic_calsim3,126.5432
2015-11-30,SHA,vic_calsim3,148.5640
2015-12-31,SHA,vic_calsim3,509.8298
2016-01-31,SHA,vic_calsim3,1293.1166
2016-02-29,SHA,vic_calsim3,1070.4764
2016-03-31,SHA,vic_calsim3,2245.1924
2016-04-30,SHA,vic_calsim3,770.3850
2016-05-31,SHA,vic_calsim3,488.6521
2016-06-30,SHA,vic_calsim3,321.3174
2016-07-31,SHA,vic_calsim3,191.8775
2016-08-31,SHA,vic_calsim3,149.3758
2016-09-30,SHA,vic_calsim3,129.7176
2016-10-31,SHA,vic_calsim3,551.6372
2016-11-30,SHA,vic_calsim3,360.2639
2016-12-31,SHA,vic_calsim3,887.5415
2017-01-31,SHA,vic_calsim3,1780.2418
2017-02-28,SHA,vic_calsim3,2553.8377
2017-03-31,SHA,vic_calsim3,1758.2223
2017-04-30,SHA,vic_calsim3,1766.6851
2017-05-31,SHA,vic_calsim3,848.7125
2017-06-30,SHA,vic_calsim3,404.6587
2017-07-31,SHA,vic_calsim3,215.4066
2017-08-31,SHA,vic_calsim3,156.9104
2017-09-30,SHA,vic_calsim3,135.5275
2017-10-31,SHA,vic_calsim3,136.1357
2017-11-30,SHA,vic_calsim3,463.0961
2017-12-31,SHA,vic_calsim3,214.0010
2018-01-31,SHA,vic_calsim3,398.0175
2018-02-28,SHA,vic_calsim3,256.3456
2018-03-31,SHA,vic_calsim3,703.4766
2018-04-30,SHA,vic_calsim3,793.1243
2018-05-31,SHA,vic_calsim3,407.3328
2018-06-30,SHA,vic_calsim3,238.0307
2018-07-31,SHA,vic_calsim3,167.3069
2018-08-31,SHA,vic_calsim3,140.8417
2018-09-30,SHA,vic_calsim3,127.2064
1990-10-31,CLE,vic_calsim3,7.2676
1990-11-30,CLE,vic_calsim3,7.8911
1990-12-31,CLE,vic_calsim3,8.1420
1991-01-31,CLE,vic_calsim3,12.5880
1991-02-28,CLE,vic_calsim3,57.4558
1991-03-31,CLE,vic_calsim3,158.4143
1991-04-30,CLE,vic_calsim3,111.4938
1991-05-31,CLE,vic_calsim3,80.0991
1991-06-30,CLE,vic_calsim3,15.5188
1991-07-31,CLE,vic_calsim3,4.9688
1991-08-31,CLE,vic_calsim3,2.4654
1991-09-30,CLE,vic_calsim3,1.9009
1991-10-31,CLE,vic_calsim3,6.9470
1991-11-30,CLE,vic_calsim3,21.4523
1991-12-31,CLE,vic_calsim3,31.8779
1992-01-31,CLE,vic_calsim3,34.9047
1992-02-29,CLE,vic_calsim3,260.8762
1992-03-31,CLE,vic_calsim3,272.3518
1992-04-30,CLE,vic_calsim3,142.4794
1992-05-31,CLE,vic_calsim3,24.7401
1992-06-30,CLE,vic_calsim3,22.8821
1992-07-31,CLE,vic_calsim3,4.2315
1992-08-31,CLE,vic_calsim3,2.3544
1992-09-30,CLE,vic_calsim3,2.8308
1992-10-31,CLE,vic_calsim3,29.2480
1992-11-30,CLE,vic_calsim3,14.9115
1992-12-31,CLE,vic_calsim3,49.1242
1993-01-31,CLE,vic_calsim3,73.9097
1993-02-28,CLE,vic_calsim3,147.7398
1993-03-31,CLE,vic_calsim3,431.5950
1993-04-30,CLE,vic_calsim3,330.0167
1993-05-31,CLE,vic_calsim3,351.4726
1993-06-30,CLE,vic_calsim3,199.9312
1993-07-31,CLE,vic_calsim3,9.4328
1993-08-31,CLE,vic_calsim3,3.7617
1993-09-30,CLE,vic_calsim3,2.1679
1993-10-31,CLE,vic_calsim3,6.4582
1993-11-30,CLE,vic_calsim3,7.2302
1993-12-31,CLE,vic_calsim3,63.2104
1994-01-31,CLE,vic_calsim3,53.8258
1994-02-28,CLE,vic_calsim3,57.7416
1994-03-31,CLE,vic_calsim3,101.8118
1994-04-30,CLE,vic_calsim3,39.8432
1994-05-31,CLE,vic_calsim3,27.9446
1994-06-30,CLE,vic_calsim3,4.8865
1994-07-31,CLE,vic_calsim3,2.7667
1994-08-31,CLE,vic_calsim3,1.9349
1994-09-30,CLE,vic_calsim3,2.7154
1994-10-31,CLE,vic_calsim3,2.0009
1994-11-30,CLE,vic_calsim3,15.2302
1994-12-31,CLE,vic_calsim3,19.4185
1995-01-31,CLE,vic_calsim3,460.1268
1995-02-28,CLE,vic_calsim3,312.5364
1995-03-31,CLE,vic_calsim3,725.8317
1995-04-30,CLE,vic_calsim3,349.4631
1995-05-31,CLE,vic_calsim3,277.9680
1995-06-30,CLE,vic_calsim3,142.2667
1995-07-31,CLE,vic_calsim3,26.9239
1995-08-31,CLE,vic_calsim3,3.2230
1995-09-30,CLE,vic_calsim3,2.3189
1995-10-31,CLE,vic_calsim3,1.9883
1995-11-30,CLE,vic_calsim3,3.0609
1995-12-31,CLE,vic_calsim3,233.4893
1996-01-31,CLE,vic_calsim3,97.6522
1996-02-29,CLE,vic_calsim3,361.7416
1996-03-31,CLE,vic_calsim3,316.6350
1996-04-30,CLE,vic_calsim3,226.9332
1996-05-31,CLE,vic_calsim3,183.5946
1996-06-30,CLE,vic_calsim3,46.3272
1996-07-31,CLE,vic_calsim3,6.3625
1996-08-31,CLE,vic_calsim3,2.5805
1996-09-30,CLE,vic_calsim3,4.0227
1996-10-31,CLE,vic_calsim3,12.0886
1996-11-30,CLE,vic_calsim3,121.5063
1996-12-31,CLE,vic_calsim3,462.6845
1997-01-31,CLE,vic_calsim3,476.8918
1997-02-28,CLE,vic_calsim3,166.2204
1997-03-31,CLE,vic_calsim3,124.4684
1997-04-30,CLE,vic_calsim3,95.7490
1997-05-31,CLE,vic_calsim3,35.4534
1997-06-30,CLE,vic_calsim3,19.7685
1997-07-31,CLE,vic_calsim3,3.7891
1997-08-31,CLE,vic_calsim3,6.1605
1997-09-30,CLE,vic_calsim3,6.1041
1997-10-31,CLE,vic_calsim3,15.4223
1997-11-30,CLE,vic_calsim3,62.5378
1997-12-31,CLE,vic_calsim3,34.8190
1998-01-31,CLE,vic_calsim3,333.3898
1998-02-28,CLE,vic_calsim3,514.2966
1998-03-31,CLE,vic_calsim3,519.2508
1998-04-30,CLE,vic_calsim3,313.1593
1998-05-31,CLE,vic_calsim3,314.1286
1998-06-30,CLE,vic_calsim3,320.4407
1998-07-31,CLE,vic_calsim3,86.1106
1998-08-31,CLE,vic_calsim3,4.3184
1998-09-30,CLE,vic_calsim3,3.9045
1998-10-31,CLE,vic_calsim3,10.5372
1998-11-30,CLE,vic_calsim3,150.7680
1998-12-31,CLE,vic_calsim3,52.3125
1999-01-31,CLE,vic_calsim3,147.2522
1999-02-28,CLE,vic_calsim3,255.6663
1999-03-31,CLE,vic_calsim3,245.9012
1999-04-30,CLE,vic_calsim3,210.0027
1999-05-31,CLE,vic_calsim3,186.2910
1999-06-30,CLE,vic_calsim3,71.8887
1999-07-31,CLE,vic_calsim3,6.5770
1999-08-31,CLE,vic_calsim3,2.3346
1999-09-30,CLE,vic_calsim3,1.7963
1999-10-31,CLE,vic_calsim3,10.9180
1999-11-30,CLE,vic_calsim3,57.8186
1999-12-31,CLE,vic_calsim3,14.6413
2000-01-31,CLE,vic_calsim3,161.7356
2000-02-29,CLE,vic_calsim3,332.1888
2000-03-31,CLE,vic_calsim3,309.3127
2000-04-30,CLE,vic_calsim3,342.0075
2000-05-31,CLE,vic_calsim3,131.6950
2000-06-30,CLE,vic_calsim3,26.3789
2000-07-31,CLE,vic_calsim3,5.2647
2000-08-31,CLE,vic_calsim3,2.3364
2000-09-30,CLE,vic_calsim3,2.6227
2000-10-31,CLE,vic_calsim3,20.2943
2000-11-30,CLE,vic_calsim3,9.6038
2000-12-31,CLE,vic_calsim3,16.5065
2001-01-31,CLE,vic_calsim3,27.3565
2001-02-28,CLE,vic_calsim3,46.6181
2001-03-31,CLE,vic_calsim3,159.4161
2001-04-30,CLE,vic_calsim3,112.0284
2001-05-31,CLE,vic_calsim3,51.1820
2001-06-30,CLE,vic_calsim3,10.2841
2001-07-31,CLE,vic_calsim3,2.8387
2001-08-31,CLE,vic_calsim3,1.9670
2001-09-30,CLE,vic_calsim3,8.1360
2001-10-31,CLE,vic_calsim3,6.7173
2001-11-30,CLE,vic_calsim3,79.3216
2001-12-31,CLE,vic_calsim3,60.6922
2002-01-31,CLE,vic_calsim3,315.9413
2002-02-28,CLE,vic_calsim3,269.0827
2002-03-31,CLE,vic_calsim3,232.2125
2002-04-30,CLE,vic_calsim3,198.9389
2002-05-31,CLE,vic_calsim3,93.1503
2002-06-30,CLE,vic_calsim3,16.7786
2002-07-31,CLE,vic_calsim3,2.9556
2002-08-31,CLE,vic_calsim3,2.0156
2002-09-30,CLE,vic_calsim3,2.3366
2002-10-31,CLE,vic_calsim3,1.8131
2002-11-30,CLE,vic_calsim3,50.7643
2002-12-31,CLE,vic_calsim3,303.6758
2003-01-31,CLE,vic_calsim3,296.8591
2003-02-28,CLE,vic_calsim3,186.4082
2003-03-31,CLE,vic_calsim3,245.9435
2003-04-30,CLE,vic_calsim3,262.7289
2003-05-31,CLE,vic_calsim3,244.2383
2003-06-30,CLE,vic_calsim3,62.6543
2003-07-31,CLE,vic_calsim3,5.3794
2003-08-31,CLE,vic_calsim3,9.0132
2003-09-30,CLE,vic_calsim3,3.1458
2003-10-31,CLE,vic_calsim3,1.8482
2003-11-30,CLE,vic_calsim3,49.4314
2003-12-31,CLE,vic_calsim3,71.7523
2004-01-31,CLE,vic_calsim3,113.0954
2004-02-29,CLE,vic_calsim3,397.8894
2004-03-31,CLE,vic_calsim3,362.8448
2004-04-30,CLE,vic_calsim3,173.1788
2004-05-31,CLE,vic_calsim3,69.1261
2004-06-30,CLE,vic_calsim3,10.0322
2004-07-31,CLE,vic_calsim3,2.8197
2004-08-31,CLE,vic_calsim3,2.1531
2004-09-30,CLE,vic_calsim3,1.8048
2004-10-31,CLE,vic_calsim3,41.5404
2004-11-30,CLE,vic_calsim3,10.7998
2004-12-31,CLE,vic_calsim3,171.1042
2005-01-31,CLE,vic_calsim3,108.3496
2005-02-28,CLE,vic_calsim3,147.0919
2005-03-31,CLE,vic_calsim3,251.0042
2005-04-30,CLE,vic_calsim3,195.8249
2005-05-31,CLE,vic_calsim3,235.1655
2005-06-30,CLE,vic_calsim3,72.9456
2005-07-31,CLE,vic_calsim3,7.3020
2005-08-31,CLE,vic_calsim3,2.9855
2005-09-30,CLE,vic_calsim3,2.0703
2005-10-31,CLE,vic_calsim3,3.7918
2005-11-30,CLE,vic_calsim3,55.6380
2005-12-31,CLE,vic_calsim3,411.7777
2006-01-31,CLE,vic_calsim3,389.6329
2006-02-28,CLE,vic_calsim3,295.0133
2006-03-31,CLE,vic_calsim3,286.3938
2006-04-30,CLE,vic_calsim3,379.9940
2006-05-31,CLE,vic_calsim3,340.2166
2006-06-30,CLE,vic_calsim3,101.6777
2006-07-31,CLE,vic_calsim3,5.7926
2006-08-31,CLE,vic_calsim3,2.7384
2006-09-30,CLE,vic_calsim3,1.8406
2006-10-31,CLE,vic_calsim3,2.0959
2006-11-30,CLE,vic_calsim3,27.5837
2006-12-31,CLE,vic_calsim3,102.9950
2007-01-31,CLE,vic_calsim3,33.7090
2007-02-28,CLE,vic_calsim3,145.4725
2007-03-31,CLE,vic_calsim3,184.1050
2007-04-30,CLE,vic_calsim3,65.8726
2007-05-31,CLE,vic_calsim3,25.5496
2007-06-30,CLE,vic_calsim3,4.2803
2007-07-31,CLE,vic_calsim3,3.9011
2007-08-31,CLE,vic_calsim3,1.8918
2007-09-30,CLE,vic_calsim3,2.2522
2007-10-31,CLE,vic_calsim3,35.3531
2007-11-30,CLE,vic_calsim3,6.7508
2007-12-31,CLE,vic_calsim3,44.1110
2008-01-31,CLE,vic_calsim3,89.9035
2008-02-29,CLE,vic_calsim3,137.6890
2008-03-31,CLE,vic_calsim3,167.0941
2008-04-30,CLE,vic_calsim3,121.4370
2008-05-31,CLE,vic_calsim3,110.6790
2008-06-30,CLE,vic_calsim3,21.4200
2008-07-31,CLE,vic_calsim3,2.5766
2008-08-31,CLE,vic_calsim3,2.0020
2008-09-30,CLE,vic_calsim3,1.7647
2008-10-31,CLE,vic_calsim3,12.4454
2008-11-30,CLE,vic_calsim3,46.4125
2008-12-31,CLE,vic_calsim3,12.8071
2009-01-31,CLE,vic_calsim3,19.5497
2009-02-28,CLE,vic_calsim3,73.5572
2009-03-31,CLE,vic_calsim3,247.3232
2009-04-30,CLE,vic_calsim3,103.2996
2009-05-31,CLE,vic_calsim3,106.5050
2009-06-30,CLE,vic_calsim3,32.7735
2009-07-31,CLE,vic_calsim3,3.9088
2009-08-31,CLE,vic_calsim3,3.1391
2009-09-30,CLE,vic_calsim3,2.1221
2009-10-31,CLE,vic_calsim3,27.8358
2009-11-30,CLE,vic_calsim3,13.1711
2009-12-31,CLE,vic_calsim3,36.2958
2010-01-31,CLE,vic_calsim3,159.3427
2010-02-28,CLE,vic_calsim3,224.2077
2010-03-31,CLE,vic_calsim3,237.9683
2010-04-30,CLE,vic_calsim3,290.0496
2010-05-31,CLE,vic_calsim3,210.6750
2010-06-30,CLE,vic_calsim3,167.1932
2010-07-31,CLE,vic_calsim3,25.3504
2010-08-31,CLE,vic_calsim3,2.7564
2010-09-30,CLE,vic_calsim3,3.9939
2010-10-31,CLE,vic_calsim3,95.8325
2010-11-30,CLE,vic_calsim3,21.0078
2010-12-31,CLE,vic_calsim3,91.1786
2011-01-31,CLE,vic_calsim3,133.0065
2011-02-28,CLE,vic_calsim3,148.4663
2011-03-31,CLE,vic_calsim3,312.3839
2011-04-30,CLE,vic_calsim3,256.3693
2011-05-31,CLE,vic_calsim3,229.4765
2011-06-30,CLE,vic_calsim3,220.8119
2011-07-31,CLE,vic_calsim3,41.5330
2011-08-31,CLE,vic_calsim3,3.4098
2011-09-30,CLE,vic_calsim3,2.4065
2011-10-31,CLE,vic_calsim3,18.1449
2011-11-30,CLE,vic_calsim3,20.1847
2011-12-31,CLE,vic_calsim3,6.9605
2012-01-31,CLE,vic_calsim3,71.2675
2012-02-29,CLE,vic_calsim3,28.4002
2012-03-31,CLE,vic_calsim3,187.0438
2012-04-30,CLE,vic_calsim3,323.4893
2012-05-31,CLE,vic_calsim3,131.8406
2012-06-30,CLE,vic_calsim3,20.2057
2012-07-31,CLE,vic_calsim3,3.7215
2012-08-31,CLE,vic_calsim3,2.1362
2012-09-30,CLE,vic_calsim3,1.7959
2012-10-31,CLE,vic_calsim3,5.6357
2012-11-30,CLE,vic_calsim3,147.6672
2012-12-31,CLE,vic_calsim3,130.6755
2013-01-31,CLE,vic_calsim3,54.1254
2013-02-28,CLE,vic_calsim3,105.1321
2013-03-31,CLE,vic_calsim3,193.7279
2013-04-30,CLE,vic_calsim3,166.6721
2013-05-31,CLE,vic_calsim3,40.5877
2013-06-30,CLE,vic_calsim3,8.2789
2013-07-31,CLE,vic_calsim3,4.5064
2013-08-31,CLE,vic_calsim3,2.5493
2013-09-30,CLE,vic_calsim3,11.3972
2013-10-31,CLE,vic_calsim3,2.7524
2013-11-30,CLE,vic_calsim3,6.5378
2013-12-31,CLE,vic_calsim3,4.0380
2014-01-31,CLE,vic_calsim3,5.3327
2014-02-28,CLE,vic_calsim3,68.4067
2014-03-31,CLE,vic_calsim3,113.0344
2014-04-30,CLE,vic_calsim3,59.5926
2014-05-31,CLE,vic_calsim3,8.1125
2014-06-30,CLE,vic_calsim3,4.0398
2014-07-31,CLE,vic_calsim3,2.4094
2014-08-31,CLE,vic_calsim3,2.1060
2014-09-30,CLE,vic_calsim3,24.8993
2014-10-31,CLE,vic_calsim3,36.3112
2014-11-30,CLE,vic_calsim3,27.9204
2014-12-31,CLE,vic_calsim3,235.1229
2015-01-31,CLE,vic_calsim3,97.6986
2015-02-28,CLE,vic_calsim3,500.6518
2015-03-31,CLE,vic_calsim3,63.2898
2015-04-30,CLE,vic_calsim3,37.3761
2015-05-31,CLE,vic_calsim3,14.3285
2015-06-30,CLE,vic_calsim3,6.2072
2015-07-31,CLE,vic_calsim3,4.8867
2015-08-31,CLE,vic_calsim3,2.0080
2015-09-30,CLE,vic_calsim3,2.8818
2015-10-31,CLE,vic_calsim3,3.8718
2015-11-30,CLE,vic_calsim3,6.8086
2015-12-31,CLE,vic_calsim3,66.2769
2016-01-31,CLE,vic_calsim3,162.3113
2016-02-29,CLE,vic_calsim3,244.8043
2016-03-31,CLE,vic_calsim3,512.4248
2016-04-30,CLE,vic_calsim3,252.8990
2016-05-31,CLE,vic_calsim3,106.8474
2016-06-30,CLE,vic_calsim3,25.1931
2016-07-31,CLE,vic_calsim3,3.3378
2016-08-31,CLE,vic_calsim3,2.1147
2016-09-30,CLE,vic_calsim3,1.8125
2016-10-31,CLE,vic_calsim3,96.0430
2016-11-30,CLE,vic_calsim3,47.7729
2016-12-31,CLE,vic_calsim3,135.7499
2017-01-31,CLE,vic_calsim3,219.8983
2017-02-28,CLE,vic_calsim3,553.3805
2017-03-31,CLE,vic_calsim3,395.3476
2017-04-30,CLE,vic_calsim3,438.0673
2017-05-31,CLE,vic_calsim3,302.1663
2017-06-30,CLE,vic_calsim3,119.7796
2017-07-31,CLE,vic_calsim3,8.4881
2017-08-31,CLE,vic_calsim3,2.4716
2017-09-30,CLE,vic_calsim3,2.6620
2017-10-31,CLE,vic_calsim3,6.5688
2017-11-30,CLE,vic_calsim3,43.9816
2017-12-31,CLE,vic_calsim3,7.5997
2018-01-31,CLE,vic_calsim3,31.2585
2018-02-28,CLE,vic_calsim3,19.9923
2018-03-31,CLE,vic_calsim3,106.2281
2018-04-30,CLE,vic_calsim3,206.8879
2018-05-31,CLE,vic_calsim3,36.5638
2018-06-30,CLE,vic_calsim3,6.5396
2018-07-31,CLE,vic_calsim3,3.2732
2018-08-31,CLE,vic_calsim3,1.9742
2018-09-30,CLE,vic_calsim3,2.0332
1990-10-31,BND,vic_calsim3,145.2693
1990-11-30,BND,vic_calsim3,135.9707
1990-12-31,BND,vic_calsim3,137.2253
1991-01-31,BND,vic_calsim3,167.9144
1991-02-28,BND,vic_calsim3,275.4549
1991-03-31,BND,vic_calsim3,1212.5100
1991-04-30,BND,vic_calsim3,562.1223
1991-05-31,BND,vic_calsim3,506.2396
1991-06-30,BND,vic_calsim3,268.5963
1991-07-31,BND,vic_calsim3,194.3528
1991-08-31,BND,vic_calsim3,152.9599
1991-09-30,BND,vic_calsim3,133.0994
1991-10-31,BND,vic_calsim3,153.6453
1991-11-30,BND,vic_calsim3,189.0503
1991-12-31,BND,vic_calsim3,285.9028
1992-01-31,BND,vic_calsim3,298.0544
1992-02-29,BND,vic_calsim3,1159.4009
1992-03-31,BND,vic_calsim3,1158.2801
1992-04-30,BND,vic_calsim3,674.3184
1992-05-31,BND,vic_calsim3,300.7391
1992-06-30,BND,vic_calsim3,246.2947
1992-07-31,BND,vic_calsim3,153.7840
1992-08-31,BND,vic_calsim3,126.9161
1992-09-30,BND,vic_calsim3,113.3101
1992-10-31,BND,vic_calsim3,322.3058
1992-11-30,BND,vic_calsim3,195.0097
1992-12-31,BND,vic_calsim3,740.5980
1993-01-31,BND,vic_calsim3,1733.8060
1993-02-28,BND,vic_calsim3,1689.1963
1993-03-31,BND,vic_calsim3,2610.1627
1993-04-30,BND,vic_calsim3,1764.9700
1993-05-31,BND,vic_calsim3,1180.5947
1993-06-30,BND,vic_calsim3,843.7335
1993-07-31,BND,vic_calsim3,289.7141
1993-08-31,BND,vic_calsim3,201.1990
1993-09-30,BND,vic_calsim3,156.4016
1993-10-31,BND,vic_calsim3,221.5640
1993-11-30,BND,vic_calsim3,192.7263
1993-12-31,BND,vic_calsim3,605.7958
1994-01-31,BND,vic_calsim3,446.2840
1994-02-28,BND,vic_calsim3,567.1404
1994-03-31,BND,vic_calsim3,545.5403
1994-04-30,BND,vic_calsim3,413.4360
1994-05-31,BND,vic_calsim3,425.9942
1994-06-30,BND,vic_calsim3,233.8548
1994-07-31,BND,vic_calsim3,168.2514
1994-08-31,BND,vic_calsim3,143.1192
1994-09-30,BND,vic_calsim3,133.0155
1994-10-31,BND,vic_calsim3,125.5614
1994-11-30,BND,vic_calsim3,255.1552
1994-12-31,BND,vic_calsim3,361.5418
1995-01-31,BND,vic_calsim3,4255.1449
1995-02-28,BND,vic_calsim3,1885.2456
1995-03-31,BND,vic_calsim3,4932.2823
1995-04-30,BND,vic_calsim3,2245.9209
1995-05-31,BND,vic_calsim3,1700.2735
1995-06-30,BND,vic_calsim3,741.7254
1995-07-31,BND,vic_calsim3,372.5104
1995-08-31,BND,vic_calsim3,220.3127
1995-09-30,BND,vic_calsim3,161.7167
1995-10-31,BND,vic_calsim3,148.3003
1995-11-30,BND,vic_calsim3,139.4228
1995-12-31,BND,vic_calsim3,1491.7339
1996-01-31,BND,vic_calsim3,776.2995
1996-02-29,BND,vic_calsim3,2734.0703
1996-03-31,BND,vic_calsim3,2004.9163
1996-04-30,BND,vic_calsim3,1224.8523
1996-05-31,BND,vic_calsim3,1346.6578
1996-06-30,BND,vic_calsim3,462.8846
1996-07-31,BND,vic_calsim3,263.3473
1996-08-31,BND,vic_calsim3,175.9261
1996-09-30,BND,vic_calsim3,160.2324
1996-10-31,BND,vic_calsim3,183.4091
1996-11-30,BND,vic_calsim3,749.7367
1996-12-31,BND,vic_calsim3,2861.5777
1997-01-31,BND,vic_calsim3,4013.8724
1997-02-28,BND,vic_calsim3,1482.4114
1997-03-31,BND,vic_calsim3,905.1534
1997-04-30,BND,vic_calsim3,685.1663
1997-05-31,BND,vic_calsim3,467.1090
1997-06-30,BND,vic_calsim3,337.3079
1997-07-31,BND,vic_calsim3,210.2157
1997-08-31,BND,vic_calsim3,181.2947
1997-09-30,BND,vic_calsim3,179.7471
1997-10-31,BND,vic_calsim3,242.5042
1997-11-30,BND,vic_calsim3,664.9536
1997-12-31,BND,vic_calsim3,452.0314
1998-01-31,BND,vic_calsim3,2798.3523
1998-02-28,BND,vic_calsim3,5052.7240
1998-03-31,BND,vic_calsim3,2604.9394
1998-04-30,BND,vic_calsim3,1791.4621
1998-05-31,BND,vic_calsim3,1708.8431
1998-06-30,BND,vic_calsim3,1285.3204
1998-07-31,BND,vic_calsim3,440.6083
1998-08-31,BND,vic_calsim3,228.1501
1998-09-30,BND,vic_calsim3,175.1999
1998-10-31,BND,vic_calsim3,175.0724
1998-11-30,BND,vic_calsim3,970.4515
1998-12-31,BND,vic_calsim3,585.5367
1999-01-31,BND,vic_calsim3,906.2633
1999-02-28,BND,vic_calsim3,2216.2956
1999-03-31,BND,vic_calsim3,1891.3533
1999-04-30,BND,vic_calsim3,1178.5698
1999-05-31,BND,vic_calsim3,664.4358
1999-06-30,BND,vic_calsim3,381.3511
1999-07-31,BND,vic_calsim3,207.1378
1999-08-31,BND,vic_calsim3,164.4915
1999-09-30,BND,vic_calsim3,140.0237
1999-10-31,BND,vic_calsim3,189.2938
1999-11-30,BND,vic_calsim3,392.7763
1999-12-31,BND,vic_calsim3,242.2456
2000-01-31,BND,vic_calsim3,1115.2722
2000-02-29,BND,vic_calsim3,2625.4118
2000-03-31,BND,vic_calsim3,2134.7741
2000-04-30,BND,vic_calsim3,1081.8055
2000-05-31,BND,vic_calsim3,558.5741
2000-06-30,BND,vic_calsim3,302.1489
2000-07-31,BND,vic_calsim3,197.5455
2000-08-31,BND,vic_calsim3,155.3567
2000-09-30,BND,vic_calsim3,194.2072
2000-10-31,BND,vic_calsim3,352.1364
2000-11-30,BND,vic_calsim3,204.5818
2000-12-31,BND,vic_calsim3,267.7830
2001-01-31,BND,vic_calsim3,383.7465
2001-02-28,BND,vic_calsim3,713.3859
2001-03-31,BND,vic_calsim3,970.0431
2001-04-30,BND,vic_calsim3,547.2121
2001-05-31,BND,vic_calsim3,312.9860
2001-06-30,BND,vic_calsim3,208.0568
2001-07-31,BND,vic_calsim3,147.0833
2001-08-31,BND,vic_calsim3,127.4464
2001-09-30,BND,vic_calsim3,140.7145
2001-10-31,BND,vic_calsim3,153.6028
2001-11-30,BND,vic_calsim3,617.4049
2001-12-31,BND,vic_calsim3,1245.3053
2002-01-31,BND,vic_calsim3,3784.0364
2002-02-28,BND,vic_calsim3,1461.6560
2002-03-31,BND,vic_calsim3,1177.2475
2002-04-30,BND,vic_calsim3,695.4345
2002-05-31,BND,vic_calsim3,453.5059
2002-06-30,BND,vic_calsim3,257.6964
2002-07-31,BND,vic_calsim3,174.2536
2002-08-31,BND,vic_calsim3,144.8169
2002-09-30,BND,vic_calsim3,130.7914
2002-10-31,BND,vic_calsim3,125.5033
2002-11-30,BND,vic_calsim3,303.6763
2002-12-31,BND,vic_calsim3,2412.5296
2003-01-31,BND,vic_calsim3,1828.9092
2003-02-28,BND,vic_calsim3,1012.8809
2003-03-31,BND,vic_calsim3,1525.5744
2003-04-30,BND,vic_calsim3,1587.7676
2003-05-31,BND,vic_calsim3,1383.2293
2003-06-30,BND,vic_calsim3,353.4129
2003-07-31,BND,vic_calsim3,219.3488
2003-08-31,BND,vic_calsim3,180.2489
2003-09-30,BND,vic_calsim3,154.4526
2003-10-31,BND,vic_calsim3,132.2159
2003-11-30,BND,vic_calsim3,411.4795
2003-12-31,BND,vic_calsim3,990.4978
2004-01-31,BND,vic_calsim3,1275.9380
2004-02-29,BND,vic_calsim3,2810.9116
2004-03-31,BND,vic_calsim3,1718.1579
2004-04-30,BND,vic_calsim3,705.5809
2004-05-31,BND,vic_calsim3,463.1929
2004-06-30,BND,vic_calsim3,268.9723
2004-07-31,BND,vic_calsim3,184.1727
2004-08-31,BND,vic_calsim3,153.5829
2004-09-30,BND,vic_calsim3,136.5780
2004-10-31,BND,vic_calsim3,328.8539
2004-11-30,BND,vic_calsim3,255.4113
2004-12-31,BND,vic_calsim3,1037.2355
2005-01-31,BND,vic_calsim3,716.0671
2005-02-28,BND,vic_calsim3,776.0473
2005-03-31,BND,vic_calsim3,1397.2407
2005-04-30,BND,vic_calsim3,1200.5602
2005-05-31,BND,vic_calsim3,1553.7480
2005-06-30,BND,vic_calsim3,468.3371
2005-07-31,BND,vic_calsim3,272.1263
2005-08-31,BND,vic_calsim3,178.0235
2005-09-30,BND,vic_calsim3,147.5550
2005-10-31,BND,vic_calsim3,159.7600
2005-11-30,BND,vic_calsim3,598.6607
2005-12-31,BND,vic_calsim3,1931.0222
2006-01-31,BND,vic_calsim3,2908.9895
2006-02-28,BND,vic_calsim3,1921.5854
2006-03-31,BND,vic_calsim3,2967.3464
2006-04-30,BND,vic_calsim3,3505.5108
2006-05-31,BND,vic_calsim3,1205.1863
2006-06-30,BND,vic_calsim3,476.1024
2006-07-31,BND,vic_calsim3,248.4120
2006-08-31,BND,vic_calsim3,168.6589
2006-09-30,BND,vic_calsim3,145.2134
2006-10-31,BND,vic_calsim3,142.7032
2006-11-30,BND,vic_calsim3,297.1348
2006-12-31,BND,vic_calsim3,636.6278
2007-01-31,BND,vic_calsim3,330.7367
2007-02-28,BND,vic_calsim3,905.5223
2007-03-31,BND,vic_calsim3,832.6541
2007-04-30,BND,vic_calsim3,416.7309
2007-05-31,BND,vic_calsim3,312.0672
2007-06-30,BND,vic_calsim3,198.4959
2007-07-31,BND,vic_calsim3,170.5385
2007-08-31,BND,vic_calsim3,135.9024
2007-09-30,BND,vic_calsim3,132.7883
2007-10-31,BND,vic_calsim3,239.5781
2007-11-30,BND,vic_calsim3,155.6437
2007-12-31,BND,vic_calsim3,444.6530
2008-01-31,BND,vic_calsim3,993.3006
2008-02-29,BND,vic_calsim3,1256.7259
2008-03-31,BND,vic_calsim3,829.1120
2008-04-30,BND,vic_calsim3,447.1250
2008-05-31,BND,vic_calsim3,398.4086
2008-06-30,BND,vic_calsim3,220.6616
2008-07-31,BND,vic_calsim3,158.7507
2008-08-31,BND,vic_calsim3,138.4864
2008-09-30,BND,vic_calsim3,123.5467
2008-10-31,BND,vic_calsim3,171.3104
2008-11-30,BND,vic_calsim3,370.7779
2008-12-31,BND,vic_calsim3,253.5890
2009-01-31,BND,vic_calsim3,312.9979
2009-02-28,BND,vic_calsim3,984.7799
2009-03-31,BND,vic_calsim3,1606.8483
2009-04-30,BND,vic_calsim3,564.4487
2009-05-31,BND,vic_calsim3,711.4129
2009-06-30,BND,vic_calsim3,300.6172
2009-07-31,BND,vic_calsim3,181.9014
2009-08-31,BND,vic_calsim3,147.3236
2009-09-30,BND,vic_calsim3,128.8893
2009-10-31,BND,vic_calsim3,300.6196
2009-11-30,BND,vic_calsim3,208.3854
2009-12-31,BND,vic_calsim3,363.9527
2010-01-31,BND,vic_calsim3,1309.2747
2010-02-28,BND,vic_calsim3,1598.0651
2010-03-31,BND,vic_calsim3,1425.5282
2010-04-30,BND,vic_calsim3,1404.0954
2010-05-31,BND,vic_calsim3,812.8212
2010-06-30,BND,vic_calsim3,459.7550
2010-07-31,BND,vic_calsim3,251.9613
2010-08-31,BND,vic_calsim3,165.0013
2010-09-30,BND,vic_calsim3,143.6993
2010-10-31,BND,vic_calsim3,335.1974
2010-11-30,BND,vic_calsim3,323.5186
2010-12-31,BND,vic_calsim3,1023.0717
2011-01-31,BND,vic_calsim3,947.9964
2011-02-28,BND,vic_calsim3,958.4096
2011-03-31,BND,vic_calsim3,2952.6645
2011-04-30,BND,vic_calsim3,1707.7336
2011-05-31,BND,vic_calsim3,1094.4377
2011-06-30,BND,vic_calsim3,812.3272
2011-07-31,BND,vic_calsim3,328.1192
2011-08-31,BND,vic_calsim3,191.0134
2011-09-30,BND,vic_calsim3,150.6094
2011-10-31,BND,vic_calsim3,200.6062
2011-11-30,BND,vic_calsim3,230.5902
2011-12-31,BND,vic_calsim3,161.6669
2012-01-31,BND,vic_calsim3,511.0659
2012-02-29,BND,vic_calsim3,268.5543
2012-03-31,BND,vic_calsim3,1233.2437
2012-04-30,BND,vic_calsim3,1438.9076
2012-05-31,BND,vic_calsim3,510.8432
2012-06-30,BND,vic_calsim3,293.2319
2012-07-31,BND,vic_calsim3,183.5576
2012-08-31,BND,vic_calsim3,142.6825
2012-09-30,BND,vic_calsim3,125.3540
2012-10-31,BND,vic_calsim3,154.8732
2012-11-30,BND,vic_calsim3,839.0342
2012-12-31,BND,vic_calsim3,1512.5984
2013-01-31,BND,vic_calsim3,786.8905
2013-02-28,BND,vic_calsim3,578.2521
2013-03-31,BND,vic_calsim3,643.8509
2013-04-30,BND,vic_calsim3,597.4422
2013-05-31,BND,vic_calsim3,349.6361
2013-06-30,BND,vic_calsim3,249.6066
2013-07-31,BND,vic_calsim3,168.9323
2013-08-31,BND,vic_calsim3,140.3541
2013-09-30,BND,vic_calsim3,153.3915
2013-10-31,BND,vic_calsim3,126.1713
2013-11-30,BND,vic_calsim3,142.3436
2013-12-31,BND,vic_calsim3,120.9567
2014-01-31,BND,vic_calsim3,121.0425
2014-02-28,BND,vic_calsim3,650.9219
2014-03-31,BND,vic_calsim3,851.8139
2014-04-30,BND,vic_calsim3,576.0210
2014-05-31,BND,vic_calsim3,272.4241
2014-06-30,BND,vic_calsim3,174.7034
2014-07-31,BND,vic_calsim3,146.2718
2014-08-31,BND,vic_calsim3,137.3544
2014-09-30,BND,vic_calsim3,157.2551
2014-10-31,BND,vic_calsim3,242.2465
2014-11-30,BND,vic_calsim3,300.0848
2014-12-31,BND,vic_calsim3,1879.2158
2015-01-31,BND,vic_calsim3,623.5174
2015-02-28,BND,vic_calsim3,1629.8287
2015-03-31,BND,vic_calsim3,502.0726
2015-04-30,BND,vic_calsim3,376.4101
2015-05-31,BND,vic_calsim3,314.8030
2015-06-30,BND,vic_calsim3,213.0717
2015-07-31,BND,vic_calsim3,179.2788
2015-08-31,BND,vic_calsim3,141.0161
2015-09-30,BND,vic_calsim3,134.7601
2015-10-31,BND,vic_calsim3,162.0734
2015-11-30,BND,vic_calsim3,177.4102
2015-12-31,BND,vic_calsim3,680.7627
2016-01-31,BND,vic_calsim3,1982.3988
2016-02-29,BND,vic_calsim3,1599.7263
2016-03-31,BND,vic_calsim3,3361.0337
2016-04-30,BND,vic_calsim3,1011.4715
2016-05-31,BND,vic_calsim3,575.5143
2016-06-30,BND,vic_calsim3,357.9375
2016-07-31,BND,vic_calsim3,205.7378
2016-08-31,BND,vic_calsim3,159.3149
2016-09-30,BND,vic_calsim3,138.6507
2016-10-31,BND,vic_calsim3,700.4550
2016-11-30,BND,vic_calsim3,494.0291
2016-12-31,BND,vic_calsim3,1358.5407
2017-01-31,BND,vic_calsim3,2988.9843
2017-02-28,BND,vic_calsim3,4095.6221
2017-03-31,BND,vic_calsim3,2448.0831
2017-04-30,BND,vic_calsim3,2427.5471
2017-05-31,BND,vic_calsim3,1006.5074
2017-06-30,BND,vic_calsim3,446.1463
2017-07-31,BND,vic_calsim3,233.7839
2017-08-31,BND,vic_calsim3,167.4753
2017-09-30,BND,vic_calsim3,145.6100
2017-10-31,BND,vic_calsim3,149.0393
2017-11-30,BND,vic_calsim3,583.7349
2017-12-31,BND,vic_calsim3,238.8382
2018-01-31,BND,vic_calsim3,513.3196
2018-02-28,BND,vic_calsim3,311.5491
2018-03-31,BND,vic_calsim3,1060.8647
2018-04-30,BND,vic_calsim3,1179.3903
2018-05-31,BND,vic_calsim3,471.5092
2018-06-30,BND,vic_calsim3,257.9547
2018-07-31,BND,vic_calsim3,178.5092
2018-08-31,BND,vic_calsim3,150.4086
2018-09-30,BND,vic_calsim3,136.0802
1990-10-31,ORO,vic_calsim3,63.8903
1990-11-30,ORO,vic_calsim3,64.3221
1990-12-31,ORO,vic_calsim3,79.2213
1991-01-31,ORO,vic_calsim3,83.3197
1991-02-28,ORO,vic_calsim3,125.2061
1991-03-31,ORO,vic_calsim3,907.8786
1991-04-30,ORO,vic_calsim3,614.5355
1991-05-31,ORO,vic_calsim3,418.5502
1991-06-30,ORO,vic_calsim3,163.0449
1991-07-31,ORO,vic_calsim3,88.4013
1991-08-31,ORO,vic_calsim3,68.5807
1991-09-30,ORO,vic_calsim3,60.0213
1991-10-31,ORO,vic_calsim3,79.6993
1991-11-30,ORO,vic_calsim3,91.7448
1991-12-31,ORO,vic_calsim3,135.8801
1992-01-31,ORO,vic_calsim3,191.1251
1992-02-29,ORO,vic_calsim3,740.2897
1992-03-31,ORO,vic_calsim3,563.0055
1992-04-30,ORO,vic_calsim3,340.3143
1992-05-31,ORO,vic_calsim3,151.9501
1992-06-30,ORO,vic_calsim3,96.6374
1992-07-31,ORO,vic_calsim3,69.9781
1992-08-31,ORO,vic_calsim3,62.5891
1992-09-30,ORO,vic_calsim3,53.8476
1992-10-31,ORO,vic_calsim3,127.3073
1992-11-30,ORO,vic_calsim3,74.0884
1992-12-31,ORO,vic_calsim3,405.2522
1993-01-31,ORO,vic_calsim3,1121.9370
1993-02-28,ORO,vic_calsim3,898.6967
1993-03-31,ORO,vic_calsim3,1664.6588
1993-04-30,ORO,vic_calsim3,1465.4450
1993-05-31,ORO,vic_calsim3,934.7803
1993-06-30,ORO,vic_calsim3,435.9859
1993-07-31,ORO,vic_calsim3,132.6454
1993-08-31,ORO,vic_calsim3,80.9807
1993-09-30,ORO,vic_calsim3,63.7075
1993-10-31,ORO,vic_calsim3,85.5479
1993-11-30,ORO,vic_calsim3,96.7712
1993-12-31,ORO,vic_calsim3,251.2369
1994-01-31,ORO,vic_calsim3,199.5533
1994-02-28,ORO,vic_calsim3,413.5440
1994-03-31,ORO,vic_calsim3,488.3524
1994-04-30,ORO,vic_calsim3,267.8637
1994-05-31,ORO,vic_calsim3,219.8616
1994-06-30,ORO,vic_calsim3,101.0862
1994-07-31,ORO,vic_calsim3,70.7007
1994-08-31,ORO,vic_calsim3,62.4008
1994-09-30,ORO,vic_calsim3,57.7545
1994-10-31,ORO,vic_calsim3,57.6052
1994-11-30,ORO,vic_calsim3,141.6523
1994-12-31,ORO,vic_calsim3,401.8195
1995-01-31,ORO,vic_calsim3,2649.8109
1995-02-28,ORO,vic_calsim3,1003.5705
1995-03-31,ORO,vic_calsim3,3172.2825
1995-04-30,ORO,vic_calsim3,1584.3927
1995-05-31,ORO,vic_calsim3,1518.1605
1995-06-30,ORO,vic_calsim3,467.3362
1995-07-31,ORO,vic_calsim3,184.4574
1995-08-31,ORO,vic_calsim3,90.2384
1995-09-30,ORO,vic_calsim3,66.4554
1995-10-31,ORO,vic_calsim3,62.5603
1995-11-30,ORO,vic_calsim3,57.9073
1995-12-31,ORO,vic_calsim3,604.3358
1996-01-31,ORO,vic_calsim3,411.2909
1996-02-29,ORO,vic_calsim3,1583.5863
1996-03-31,ORO,vic_calsim3,1218.2140
1996-04-30,ORO,vic_calsim3,874.9521
1996-05-31,ORO,vic_calsim3,803.0473
1996-06-30,ORO,vic_calsim3,219.6592
1996-07-31,ORO,vic_calsim3,110.3583
1996-08-31,ORO,vic_calsim3,71.5130
1996-09-30,ORO,vic_calsim3,66.9070
1996-10-31,ORO,vic_calsim3,76.5699
1996-11-30,ORO,vic_calsim3,189.0250
1996-12-31,ORO,vic_calsim3,1886.6354
1997-01-31,ORO,vic_calsim3,2506.8119
1997-02-28,ORO,vic_calsim3,762.3724
1997-03-31,ORO,vic_calsim3,470.5101
1997-04-30,ORO,vic_calsim3,337.0887
1997-05-31,ORO,vic_calsim3,216.3242
1997-06-30,ORO,vic_calsim3,122.6663
1997-07-31,ORO,vic_calsim3,77.0568
1997-08-31,ORO,vic_calsim3,68.0368
1997-09-30,ORO,vic_calsim3,65.5995
1997-10-31,ORO,vic_calsim3,97.9839
1997-11-30,ORO,vic_calsim3,218.9030
1997-12-31,ORO,vic_calsim3,362.0269
1998-01-31,ORO,vic_calsim3,1452.3647
1998-02-28,ORO,vic_calsim3,1650.2142
1998-03-31,ORO,vic_calsim3,1232.5003
1998-04-30,ORO,vic_calsim3,1123.4937
1998-05-31,ORO,vic_calsim3,1225.3830
1998-06-30,ORO,vic_calsim3,812.6047
1998-07-31,ORO,vic_calsim3,207.9319
1998-08-31,ORO,vic_calsim3,86.6217
1998-09-30,ORO,vic_calsim3,75.6216
1998-10-31,ORO,vic_calsim3,71.8265
1998-11-30,ORO,vic_calsim3,378.4658
1998-12-31,ORO,vic_calsim3,433.0392
1999-01-31,ORO,vic_calsim3,640.8459
1999-02-28,ORO,vic_calsim3,1323.6737
1999-03-31,ORO,vic_calsim3,1090.3805
1999-04-30,ORO,vic_calsim3,737.8102
1999-05-31,ORO,vic_calsim3,509.8454
1999-06-30,ORO,vic_calsim3,183.2711
1999-07-31,ORO,vic_calsim3,85.3744
1999-08-31,ORO,vic_calsim3,68.9547
1999-09-30,ORO,vic_calsim3,59.8943
1999-10-31,ORO,vic_calsim3,76.0557
1999-11-30,ORO,vic_calsim3,138.3314
1999-12-31,ORO,vic_calsim3,113.9437
2000-01-31,ORO,vic_calsim3,472.6536
2000-02-29,ORO,vic_calsim3,1540.4604
2000-03-31,ORO,vic_calsim3,1214.0588
2000-04-30,ORO,vic_calsim3,646.3988
2000-05-31,ORO,vic_calsim3,301.8780
2000-06-30,ORO,vic_calsim3,133.1843
2000-07-31,ORO,vic_calsim3,77.4846
2000-08-31,ORO,vic_calsim3,66.2874
2000-09-30,ORO,vic_calsim3,61.7328
2000-10-31,ORO,vic_calsim3,103.1349
2000-11-30,ORO,vic_calsim3,83.5679
2000-12-31,ORO,vic_calsim3,106.0495
2001-01-31,ORO,vic_calsim3,177.0306
2001-02-28,ORO,vic_calsim3,346.1393
2001-03-31,ORO,vic_calsim3,587.0324
2001-04-30,ORO,vic_calsim3,329.1251
2001-05-31,ORO,vic_calsim3,164.1239
2001-06-30,ORO,vic_calsim3,79.2151
2001-07-31,ORO,vic_calsim3,64.7446
2001-08-31,ORO,vic_calsim3,57.8355
2001-09-30,ORO,vic_calsim3,54.2780
2001-10-31,ORO,vic_calsim3,59.6161
2001-11-30,ORO,vic_calsim3,239.5957
2001-12-31,ORO,vic_calsim3,511.6434
2002-01-31,ORO,vic_calsim3,714.9284
2002-02-28,ORO,vic_calsim3,505.0708
2002-03-31,ORO,vic_calsim3,679.8850
2002-04-30,ORO,vic_calsim3,466.8310
2002-05-31,ORO,vic_calsim3,246.4529
2002-06-30,ORO,vic_calsim3,111.0292
2002-07-31,ORO,vic_calsim3,70.8912
2002-08-31,ORO,vic_calsim3,62.7302
2002-09-30,ORO,vic_calsim3,56.1004
2002-10-31,ORO,vic_calsim3,53.7046
2002-11-30,ORO,vic_calsim3,247.9290
2002-12-31,ORO,vic_calsim3,1145.5793
2003-01-31,ORO,vic_calsim3,1109.2959
2003-02-28,ORO,vic_calsim3,546.3260
2003-03-31,ORO,vic_calsim3,713.3106
2003-04-30,ORO,vic_calsim3,811.1940
2003-05-31,ORO,vic_calsim3,818.0973
2003-06-30,ORO,vic_calsim3,160.3004
2003-07-31,ORO,vic_calsim3,87.2248
2003-08-31,ORO,vic_calsim3,72.7661
2003-09-30,ORO,vic_calsim3,60.0663
2003-10-31,ORO,vic_calsim3,57.5126
2003-11-30,ORO,vic_calsim3,91.1849
2003-12-31,ORO,vic_calsim3,366.1848
2004-01-31,ORO,vic_calsim3,541.7766
2004-02-29,ORO,vic_calsim3,1069.0780
2004-03-31,ORO,vic_calsim3,978.0070
2004-04-30,ORO,vic_calsim3,396.4666
2004-05-31,ORO,vic_calsim3,196.6844
2004-06-30,ORO,vic_calsim3,102.4635
2004-07-31,ORO,vic_calsim3,70.9291
2004-08-31,ORO,vic_calsim3,63.5341
2004-09-30,ORO,vic_calsim3,57.9399
2004-10-31,ORO,vic_calsim3,147.5752
2004-11-30,ORO,vic_calsim3,116.6855
2004-12-31,ORO,vic_calsim3,417.6085
2005-01-31,ORO,vic_calsim3,593.5160
2005-02-28,ORO,vic_calsim3,520.0006
2005-03-31,ORO,vic_calsim3,928.4996
2005-04-30,ORO,vic_calsim3,763.6508
2005-05-31,ORO,vic_calsim3,754.3902
2005-06-30,ORO,vic_calsim3,228.0609
2005-07-31,ORO,vic_calsim3,118.1829
2005-08-31,ORO,vic_calsim3,71.8247
2005-09-30,ORO,vic_calsim3,63.8577
2005-10-31,ORO,vic_calsim3,66.5584
2005-11-30,ORO,vic_calsim3,161.6911
2005-12-31,ORO,vic_calsim3,1555.8947
2006-01-31,ORO,vic_calsim3,1236.7217
2006-02-28,ORO,vic_calsim3,1002.8638
2006-03-31,ORO,vic_calsim3,1399.4497
2006-04-30,ORO,vic_calsim3,2219.7199
2006-05-31,ORO,vic_calsim3,821.0209
2006-06-30,ORO,vic_calsim3,200.9555
2006-07-31,ORO,vic_calsim3,95.0577
2006-08-31,ORO,vic_calsim3,68.6175
2006-09-30,ORO,vic_calsim3,61.0155
2006-10-31,ORO,vic_calsim3,59.2043
2006-11-30,ORO,vic_calsim3,96.6331
2006-12-31,ORO,vic_calsim3,253.0620
2007-01-31,ORO,vic_calsim3,186.1526
2007-02-28,ORO,vic_calsim3,634.5068
2007-03-31,ORO,vic_calsim3,559.4778
2007-04-30,ORO,vic_calsim3,266.1582
2007-05-31,ORO,vic_calsim3,185.3501
2007-06-30,ORO,vic_calsim3,94.8861
2007-07-31,ORO,vic_calsim3,72.3005
2007-08-31,ORO,vic_calsim3,62.1623
2007-09-30,ORO,vic_calsim3,58.9908
2007-10-31,ORO,vic_calsim3,82.0685
2007-11-30,ORO,vic_calsim3,67.9848
2007-12-31,ORO,vic_calsim3,144.3413
2008-01-31,ORO,vic_calsim3,403.9025
2008-02-29,ORO,vic_calsim3,539.9151
2008-03-31,ORO,vic_calsim3,584.2113
2008-04-30,ORO,vic_calsim3,392.3548
2008-05-31,ORO,vic_calsim3,285.9252
2008-06-30,ORO,vic_calsim3,108.4694
2008-07-31,ORO,vic_calsim3,70.2681
2008-08-31,ORO,vic_calsim3,62.6603
2008-09-30,ORO,vic_calsim3,56.0846
2008-10-31,ORO,vic_calsim3,72.3962
2008-11-30,ORO,vic_calsim3,236.9552
2008-12-31,ORO,vic_calsim3,131.2997
2009-01-31,ORO,vic_calsim3,221.1603
2009-02-28,ORO,vic_calsim3,769.9897
2009-03-31,ORO,vic_calsim3,1217.3281
2009-04-30,ORO,vic_calsim3,368.6157
2009-05-31,ORO,vic_calsim3,431.2886
2009-06-30,ORO,vic_calsim3,133.7735
2009-07-31,ORO,vic_calsim3,78.1476
2009-08-31,ORO,vic_calsim3,64.9249
2009-09-30,ORO,vic_calsim3,58.6816
2009-10-31,ORO,vic_calsim3,102.9526
2009-11-30,ORO,vic_calsim3,90.8966
2009-12-31,ORO,vic_calsim3,180.2188
2010-01-31,ORO,vic_calsim3,593.4918
2010-02-28,ORO,vic_calsim3,645.3956
2010-03-31,ORO,vic_calsim3,688.6282
2010-04-30,ORO,vic_calsim3,832.4438
2010-05-31,ORO,vic_calsim3,564.9368
2010-06-30,ORO,vic_calsim3,244.3152
2010-07-31,ORO,vic_calsim3,104.1248
2010-08-31,ORO,vic_calsim3,69.5373
2010-09-30,ORO,vic_calsim3,61.2570
2010-10-31,ORO,vic_calsim3,204.5126
2010-11-30,ORO,vic_calsim3,166.3813
2010-12-31,ORO,vic_calsim3,837.8410
2011-01-31,ORO,vic_calsim3,625.1475
2011-02-28,ORO,vic_calsim3,633.1132
2011-03-31,ORO,vic_calsim3,1645.6489
2011-04-30,ORO,vic_calsim3,1556.2079
2011-05-31,ORO,vic_calsim3,1167.4557
2011-06-30,ORO,vic_calsim3,699.9969
2011-07-31,ORO,vic_calsim3,177.7342
2011-08-31,ORO,vic_calsim3,85.2365
2011-09-30,ORO,vic_calsim3,67.0613
2011-10-31,ORO,vic_calsim3,104.9401
2011-11-30,ORO,vic_calsim3,96.3586
2011-12-31,ORO,vic_calsim3,78.0081
2012-01-31,ORO,vic_calsim3,345.9897
2012-02-29,ORO,vic_calsim3,151.8848
2012-03-31,ORO,vic_calsim3,940.9261
2012-04-30,ORO,vic_calsim3,986.7566
2012-05-31,ORO,vic_calsim3,315.8177
2012-06-30,ORO,vic_calsim3,140.0549
2012-07-31,ORO,vic_calsim3,80.2557
2012-08-31,ORO,vic_calsim3,66.2075
2012-09-30,ORO,vic_calsim3,59.1619
2012-10-31,ORO,vic_calsim3,77.3718
2012-11-30,ORO,vic_calsim3,537.9476
2012-12-31,ORO,vic_calsim3,1075.4370
2013-01-31,ORO,vic_calsim3,465.2874
2013-02-28,ORO,vic_calsim3,372.1540
2013-03-31,ORO,vic_calsim3,384.5449
2013-04-30,ORO,vic_calsim3,244.3353
2013-05-31,ORO,vic_calsim3,142.1911
2013-06-30,ORO,vic_calsim3,89.7108
2013-07-31,ORO,vic_calsim3,68.9711
2013-08-31,ORO,vic_calsim3,63.5866
2013-09-30,ORO,vic_calsim3,63.8153
2013-10-31,ORO,vic_calsim3,56.9788
2013-11-30,ORO,vic_calsim3,64.9995
2013-12-31,ORO,vic_calsim3,59.4627
2014-01-31,ORO,vic_calsim3,63.5824
2014-02-28,ORO,vic_calsim3,476.6362
2014-03-31,ORO,vic_calsim3,517.5533
2014-04-30,ORO,vic_calsim3,366.4711
2014-05-31,ORO,vic_calsim3,152.0645
2014-06-30,ORO,vic_calsim3,87.7883
2014-07-31,ORO,vic_calsim3,68.8579
2014-08-31,ORO,vic_calsim3,69.5929
2014-09-30,ORO,vic_calsim3,58.8925
2014-10-31,ORO,vic_calsim3,67.2166
2014-11-30,ORO,vic_calsim3,109.3309
2014-12-31,ORO,vic_calsim3,883.8305
2015-01-31,ORO,vic_calsim3,298.8953
2015-02-28,ORO,vic_calsim3,581.0094
2015-03-31,ORO,vic_calsim3,202.8188
2015-04-30,ORO,vic_calsim3,166.7872
2015-05-31,ORO,vic_calsim3,123.8872
2015-06-30,ORO,vic_calsim3,82.5031
2015-07-31,ORO,vic_calsim3,71.1956
2015-08-31,ORO,vic_calsim3,61.5268
2015-09-30,ORO,vic_calsim3,55.4869
2015-10-31,ORO,vic_calsim3,57.6872
2015-11-30,ORO,vic_calsim3,90.1111
2015-12-31,ORO,vic_calsim3,276.7413
2016-01-31,ORO,vic_calsim3,942.3133
2016-02-29,ORO,vic_calsim3,795.3022
2016-03-31,ORO,vic_calsim3,2201.0609
2016-04-30,ORO,vic_calsim3,506.9732
2016-05-31,ORO,vic_calsim3,256.4886
2016-06-30,ORO,vic_calsim3,141.2231
2016-07-31,ORO,vic_calsim3,80.6181
2016-08-31,ORO,vic_calsim3,67.1056
2016-09-30,ORO,vic_calsim3,59.9214
2016-10-31,ORO,vic_calsim3,225.3741
2016-11-30,ORO,vic_calsim3,189.5946
2016-12-31,ORO,vic_calsim3,838.3809
2017-01-31,ORO,vic_calsim3,1886.6923
2017-02-28,ORO,vic_calsim3,3404.6477
2017-03-31,ORO,vic_calsim3,2028.4054
2017-04-30,ORO,vic_calsim3,1916.5414
2017-05-31,ORO,vic_calsim3,733.5988
2017-06-30,ORO,vic_calsim3,235.4932
2017-07-31,ORO,vic_calsim3,93.6197
2017-08-31,ORO,vic_calsim3,69.2315
2017-09-30,ORO,vic_calsim3,64.2759
2017-10-31,ORO,vic_calsim3,62.0862
2017-11-30,ORO,vic_calsim3,378.9298
2017-12-31,ORO,vic_calsim3,161.4746
2018-01-31,ORO,vic_calsim3,389.1160
2018-02-28,ORO,vic_calsim3,257.6017
2018-03-31,ORO,vic_calsim3,1060.3223
2018-04-30,ORO,vic_calsim3,938.2942
2018-05-31,ORO,vic_calsim3,242.5343
2018-06-30,ORO,vic_calsim3,134.3404
2018-07-31,ORO,vic_calsim3,79.8954
2018-08-31,ORO,vic_calsim3,67.0816
2018-09-30,ORO,vic_calsim3,59.9027
1990-10-31,FOL,vic_calsim3,7.4240
1990-11-30,FOL,vic_calsim3,11.6339
1990-12-31,FOL,vic_calsim3,13.7415
1991-01-31,FOL,vic_calsim3,15.0514
1991-02-28,FOL,vic_calsim3,37.3012
1991-03-31,FOL,vic_calsim3,435.3773
1991-04-30,FOL,vic_calsim3,359.4475
1991-05-31,FOL,vic_calsim3,246.3991
1991-06-30,FOL,vic_calsim3,89.2128
1991-07-31,FOL,vic_calsim3,9.0812
1991-08-31,FOL,vic_calsim3,6.4315
1991-09-30,FOL,vic_calsim3,4.4716
1991-10-31,FOL,vic_calsim3,38.9042
1991-11-30,FOL,vic_calsim3,29.9453
1991-12-31,FOL,vic_calsim3,34.0250
1992-01-31,FOL,vic_calsim3,35.8018
1992-02-29,FOL,vic_calsim3,291.2536
1992-03-31,FOL,vic_calsim3,297.4262
1992-04-30,FOL,vic_calsim3,112.8020
1992-05-31,FOL,vic_calsim3,23.3217
1992-06-30,FOL,vic_calsim3,13.9172
1992-07-31,FOL,vic_calsim3,8.0769
1992-08-31,FOL,vic_calsim3,5.3868
1992-09-30,FOL,vic_calsim3,4.3622
1992-10-31,FOL,vic_calsim3,49.7472
1992-11-30,FOL,vic_calsim3,10.1174
1992-12-31,FOL,vic_calsim3,271.8463
1993-01-31,FOL,vic_calsim3,839.0963
1993-02-28,FOL,vic_calsim3,650.8328
1993-03-31,FOL,vic_calsim3,973.6920
1993-04-30,FOL,vic_calsim3,677.5011
1993-05-31,FOL,vic_calsim3,461.0040
1993-06-30,FOL,vic_calsim3,232.9047
1993-07-31,FOL,vic_calsim3,26.7679
1993-08-31,FOL,vic_calsim3,5.3769
1993-09-30,FOL,vic_calsim3,4.1706
1993-10-31,FOL,vic_calsim3,12.8604
1993-11-30,FOL,vic_calsim3,28.9986
1993-12-31,FOL,vic_calsim3,70.7956
1994-01-31,FOL,vic_calsim3,37.2913
1994-02-28,FOL,vic_calsim3,152.2665
1994-03-31,FOL,vic_calsim3,272.4432
1994-04-30,FOL,vic_calsim3,103.7913
1994-05-31,FOL,vic_calsim3,81.5593
1994-06-30,FOL,vic_calsim3,11.5720
1994-07-31,FOL,vic_calsim3,5.2769
1994-08-31,FOL,vic_calsim3,4.2659
1994-09-30,FOL,vic_calsim3,6.2332
1994-10-31,FOL,vic_calsim3,9.9945
1994-11-30,FOL,vic_calsim3,161.2110
1994-12-31,FOL,vic_calsim3,298.2413
1995-01-31,FOL,vic_calsim3,1474.2135
1995-02-28,FOL,vic_calsim3,538.3546
1995-03-31,FOL,vic_calsim3,1693.6359
1995-04-30,FOL,vic_calsim3,840.4793
1995-05-31,FOL,vic_calsim3,822.0343
1995-06-30,FOL,vic_calsim3,261.4995
1995-07-31,FOL,vic_calsim3,89.2581
1995-08-31,FOL,vic_calsim3,10.4310
1995-09-30,FOL,vic_calsim3,4.3189
1995-10-31,FOL,vic_calsim3,4.2128
1995-11-30,FOL,vic_calsim3,6.1956
1995-12-31,FOL,vic_calsim3,295.6853
1996-01-31,FOL,vic_calsim3,313.1707
1996-02-29,FOL,vic_calsim3,1081.1430
1996-03-31,FOL,vic_calsim3,803.2774
1996-04-30,FOL,vic_calsim3,587.6695
1996-05-31,FOL,vic_calsim3,636.3593
1996-06-30,FOL,vic_calsim3,101.8898
1996-07-31,FOL,vic_calsim3,11.0056
1996-08-31,FOL,vic_calsim3,5.1301
1996-09-30,FOL,vic_calsim3,5.3151
1996-10-31,FOL,vic_calsim3,12.3176
1996-11-30,FOL,vic_calsim3,211.7331
1996-12-31,FOL,vic_calsim3,1312.4126
1997-01-31,FOL,vic_calsim3,2340.6808
1997-02-28,FOL,vic_calsim3,437.0216
1997-03-31,FOL,vic_calsim3,247.4702
1997-04-30,FOL,vic_calsim3,176.9141
1997-05-31,FOL,vic_calsim3,135.6110
1997-06-30,FOL,vic_calsim3,46.7416
1997-07-31,FOL,vic_calsim3,6.8460
1997-08-31,FOL,vic_calsim3,5.3964
1997-09-30,FOL,vic_calsim3,4.8733
1997-10-31,FOL,vic_calsim3,19.4040
1997-11-30,FOL,vic_calsim3,88.1138
1997-12-31,FOL,vic_calsim3,72.1717
1998-01-31,FOL,vic_calsim3,816.8747
1998-02-28,FOL,vic_calsim3,1149.6046
1998-03-31,FOL,vic_calsim3,802.8372
1998-04-30,FOL,vic_calsim3,666.1869
1998-05-31,FOL,vic_calsim3,627.4967
1998-06-30,FOL,vic_calsim3,447.5624
1998-07-31,FOL,vic_calsim3,74.3262
1998-08-31,FOL,vic_calsim3,6.2847
1998-09-30,FOL,vic_calsim3,12.2714
1998-10-31,FOL,vic_calsim3,9.5818
1998-11-30,FOL,vic_calsim3,116.4761
1998-12-31,FOL,vic_calsim3,112.5786
1999-01-31,FOL,vic_calsim3,639.3670
1999-02-28,FOL,vic_calsim3,1055.3371
1999-03-31,FOL,vic_calsim3,628.3887
1999-04-30,FOL,vic_calsim3,430.5160
1999-05-31,FOL,vic_calsim3,410.4616
1999-06-30,FOL,vic_calsim3,191.6407
1999-07-31,FOL,vic_calsim3,33.2272
1999-08-31,FOL,vic_calsim3,5.4145
1999-09-30,FOL,vic_calsim3,4.2386
1999-10-31,FOL,vic_calsim3,15.1229
1999-11-30,FOL,vic_calsim3,53.8321
1999-12-31,FOL,vic_calsim3,20.1155
2000-01-31,FOL,vic_calsim3,493.9305
2000-02-29,FOL,vic_calsim3,1204.6771
2000-03-31,FOL,vic_calsim3,702.8257
2000-04-30,FOL,vic_calsim3,319.5917
2000-05-31,FOL,vic_calsim3,231.9847
2000-06-30,FOL,vic_calsim3,25.9707
2000-07-31,FOL,vic_calsim3,6.1689
2000-08-31,FOL,vic_calsim3,4.5166
2000-09-30,FOL,vic_calsim3,9.3232
2000-10-31,FOL,vic_calsim3,52.2866
2000-11-30,FOL,vic_calsim3,21.4919
2000-12-31,FOL,vic_calsim3,31.1158
2001-01-31,FOL,vic_calsim3,44.7305
2001-02-28,FOL,vic_calsim3,118.3980
2001-03-31,FOL,vic_calsim3,367.5043
2001-04-30,FOL,vic_calsim3,300.0177
2001-05-31,FOL,vic_calsim3,92.6153
2001-06-30,FOL,vic_calsim3,7.5819
2001-07-31,FOL,vic_calsim3,5.2575
2001-08-31,FOL,vic_calsim3,4.3194
2001-09-30,FOL,vic_calsim3,5.5005
2001-10-31,FOL,vic_calsim3,8.1096
2001-11-30,FOL,vic_calsim3,98.9012
2001-12-31,FOL,vic_calsim3,245.8479
2002-01-31,FOL,vic_calsim3,451.3023
2002-02-28,FOL,vic_calsim3,429.5227
2002-03-31,FOL,vic_calsim3,652.3565
2002-04-30,FOL,vic_calsim3,352.2150
2002-05-31,FOL,vic_calsim3,145.8516
2002-06-30,FOL,vic_calsim3,21.8657
2002-07-31,FOL,vic_calsim3,5.5316
2002-08-31,FOL,vic_calsim3,4.3001
2002-09-30,FOL,vic_calsim3,4.0112
2002-10-31,FOL,vic_calsim3,4.0891
2002-11-30,FOL,vic_calsim3,109.6353
2002-12-31,FOL,vic_calsim3,240.3052
2003-01-31,FOL,vic_calsim3,302.6444
2003-02-28,FOL,vic_calsim3,216.8793
2003-03-31,FOL,vic_calsim3,287.7238
2003-04-30,FOL,vic_calsim3,568.0966
2003-05-31,FOL,vic_calsim3,544.8201
2003-06-30,FOL,vic_calsim3,52.2355
2003-07-31,FOL,vic_calsim3,6.5016
2003-08-31,FOL,vic_calsim3,7.5961
2003-09-30,FOL,vic_calsim3,5.1531
2003-10-31,FOL,vic_calsim3,4.4127
2003-11-30,FOL,vic_calsim3,24.8339
2003-12-31,FOL,vic_calsim3,135.4203
2004-01-31,FOL,vic_calsim3,231.1198
2004-02-29,FOL,vic_calsim3,373.0582
2004-03-31,FOL,vic_calsim3,491.9177
2004-04-30,FOL,vic_calsim3,161.6379
2004-05-31,FOL,vic_calsim3,48.1665
2004-06-30,FOL,vic_calsim3,7.4304
2004-07-31,FOL,vic_calsim3,4.7302
2004-08-31,FOL,vic_calsim3,4.3297
2004-09-30,FOL,vic_calsim3,4.7768
2004-10-31,FOL,vic_calsim3,73.5374
2004-11-30,FOL,vic_calsim3,42.2430
2004-12-31,FOL,vic_calsim3,172.7230
2005-01-31,FOL,vic_calsim3,645.7397
2005-02-28,FOL,vic_calsim3,364.1147
2005-03-31,FOL,vic_calsim3,729.4604
2005-04-30,FOL,vic_calsim3,510.4278
2005-05-31,FOL,vic_calsim3,604.9043
2005-06-30,FOL,vic_calsim3,132.8497
2005-07-31,FOL,vic_calsim3,13.4223
2005-08-31,FOL,vic_calsim3,5.1675
2005-09-30,FOL,vic_calsim3,5.8133
2005-10-31,FOL,vic_calsim3,8.7471
2005-11-30,FOL,vic_calsim3,33.3782
2005-12-31,FOL,vic_calsim3,804.6692
2006-01-31,FOL,vic_calsim3,702.9515
2006-02-28,FOL,vic_calsim3,541.9410
2006-03-31,FOL,vic_calsim3,763.4027
2006-04-30,FOL,vic_calsim3,1386.5791
2006-05-31,FOL,vic_calsim3,547.3228
2006-06-30,FOL,vic_calsim3,109.6251
2006-07-31,FOL,vic_calsim3,8.3180
2006-08-31,FOL,vic_calsim3,4.4937
2006-09-30,FOL,vic_calsim3,4.0238
2006-10-31,FOL,vic_calsim3,5.3495
2006-11-30,FOL,vic_calsim3,35.0198
2006-12-31,FOL,vic_calsim3,76.9554
2007-01-31,FOL,vic_calsim3,54.5106
2007-02-28,FOL,vic_calsim3,311.3484
2007-03-31,FOL,vic_calsim3,385.3175
2007-04-30,FOL,vic_calsim3,147.2109
2007-05-31,FOL,vic_calsim3,67.3307
2007-06-30,FOL,vic_calsim3,8.8072
2007-07-31,FOL,vic_calsim3,4.9691
2007-08-31,FOL,vic_calsim3,4.3120
2007-09-30,FOL,vic_calsim3,6.1809
2007-10-31,FOL,vic_calsim3,19.2522
2007-11-30,FOL,vic_calsim3,13.3195
2007-12-31,FOL,vic_calsim3,58.8665
2008-01-31,FOL,vic_calsim3,147.1970
2008-02-29,FOL,vic_calsim3,293.7752
2008-03-31,FOL,vic_calsim3,311.1065
2008-04-30,FOL,vic_calsim3,189.7939
2008-05-31,FOL,vic_calsim3,123.5553
2008-06-30,FOL,vic_calsim3,18.8520
2008-07-31,FOL,vic_calsim3,4.9951
2008-08-31,FOL,vic_calsim3,4.2292
2008-09-30,FOL,vic_calsim3,3.9743
2008-10-31,FOL,vic_calsim3,9.1307
2008-11-30,FOL,vic_calsim3,52.8083
2008-12-31,FOL,vic_calsim3,39.1455
2009-01-31,FOL,vic_calsim3,89.0760
2009-02-28,FOL,vic_calsim3,258.0738
2009-03-31,FOL,vic_calsim3,750.4901
2009-04-30,FOL,vic_calsim3,234.7627
2009-05-31,FOL,vic_calsim3,331.7069
2009-06-30,FOL,vic_calsim3,14.0104
2009-07-31,FOL,vic_calsim3,6.0331
2009-08-31,FOL,vic_calsim3,4.4343
2009-09-30,FOL,vic_calsim3,4.1409
2009-10-31,FOL,vic_calsim3,27.5322
2009-11-30,FOL,vic_calsim3,14.9906
2009-12-31,FOL,vic_calsim3,74.4851
2010-01-31,FOL,vic_calsim3,145.3747
2010-02-28,FOL,vic_calsim3,251.3924
2010-03-31,FOL,vic_calsim3,442.4297
2010-04-30,FOL,vic_calsim3,486.9477
2010-05-31,FOL,vic_calsim3,441.1665
2010-06-30,FOL,vic_calsim3,236.9288
2010-07-31,FOL,vic_calsim3,14.4938
2010-08-31,FOL,vic_calsim3,5.0821
2010-09-30,FOL,vic_calsim3,4.1080
2010-10-31,FOL,vic_calsim3,233.2050
2010-11-30,FOL,vic_calsim3,73.6241
2010-12-31,FOL,vic_calsim3,691.6979
2011-01-31,FOL,vic_calsim3,504.0766
2011-02-28,FOL,vic_calsim3,340.4723
2011-03-31,FOL,vic_calsim3,1423.0527
2011-04-30,FOL,vic_calsim3,772.2130
2011-05-31,FOL,vic_calsim3,594.1002
2011-06-30,FOL,vic_calsim3,549.6782
2011-07-31,FOL,vic_calsim3,128.4055
2011-08-31,FOL,vic_calsim3,8.9931
2011-09-30,FOL,vic_calsim3,5.4555
2011-10-31,FOL,vic_calsim3,35.4953
2011-11-30,FOL,vic_calsim3,20.2583
2011-12-31,FOL,vic_calsim3,6.0086
2012-01-31,FOL,vic_calsim3,137.1580
2012-02-29,FOL,vic_calsim3,28.2667
2012-03-31,FOL,vic_calsim3,649.2529
2012-04-30,FOL,vic_calsim3,696.2939
2012-05-31,FOL,vic_calsim3,181.2752
2012-06-30,FOL,vic_calsim3,18.8573
2012-07-31,FOL,vic_calsim3,9.8165
2012-08-31,FOL,vic_calsim3,4.5643
2012-09-30,FOL,vic_calsim3,4.1534
2012-10-31,FOL,vic_calsim3,18.3132
2012-11-30,FOL,vic_calsim3,191.5094
2012-12-31,FOL,vic_calsim3,484.0283
2013-01-31,FOL,vic_calsim3,300.6600
2013-02-28,FOL,vic_calsim3,158.1469
2013-03-31,FOL,vic_calsim3,215.4655
2013-04-30,FOL,vic_calsim3,119.6123
2013-05-31,FOL,vic_calsim3,32.8678
2013-06-30,FOL,vic_calsim3,15.7703
2013-07-31,FOL,vic_calsim3,5.1633
2013-08-31,FOL,vic_calsim3,4.3400
2013-09-30,FOL,vic_calsim3,9.1162
2013-10-31,FOL,vic_calsim3,7.1899
2013-11-30,FOL,vic_calsim3,13.1041
2013-12-31,FOL,vic_calsim3,14.5370
2014-01-31,FOL,vic_calsim3,17.1711
2014-02-28,FOL,vic_calsim3,509.7491
2014-03-31,FOL,vic_calsim3,185.5911
2014-04-30,FOL,vic_calsim3,202.2716
2014-05-31,FOL,vic_calsim3,49.7677
2014-06-30,FOL,vic_calsim3,8.5075
2014-07-31,FOL,vic_calsim3,7.6305
2014-08-31,FOL,vic_calsim3,5.2359
2014-09-30,FOL,vic_calsim3,7.0895
2014-10-31,FOL,vic_calsim3,10.8250
2014-11-30,FOL,vic_calsim3,47.6530
2014-12-31,FOL,vic_calsim3,311.6758
2015-01-31,FOL,vic_calsim3,80.2797
2015-02-28,FOL,vic_calsim3,242.9670
2015-03-31,FOL,vic_calsim3,66.2951
2015-04-30,FOL,vic_calsim3,51.3676
2015-05-31,FOL,vic_calsim3,37.5483
2015-06-30,FOL,vic_calsim3,15.4333
2015-07-31,FOL,vic_calsim3,6.2869
2015-08-31,FOL,vic_calsim3,4.4586
2015-09-30,FOL,vic_calsim3,4.1474
2015-10-31,FOL,vic_calsim3,11.3425
2015-11-30,FOL,vic_calsim3,42.7557
2015-12-31,FOL,vic_calsim3,274.6267
2016-01-31,FOL,vic_calsim3,569.4724
2016-02-29,FOL,vic_calsim3,627.7153
2016-03-31,FOL,vic_calsim3,1226.4298
2016-04-30,FOL,vic_calsim3,342.3288
2016-05-31,FOL,vic_calsim3,136.1072
2016-06-30,FOL,vic_calsim3,15.3217
2016-07-31,FOL,vic_calsim3,5.6779
2016-08-31,FOL,vic_calsim3,4.3609
2016-09-30,FOL,vic_calsim3,4.0304
2016-10-31,FOL,vic_calsim3,226.8045
2016-11-30,FOL,vic_calsim3,80.1825
2016-12-31,FOL,vic_calsim3,752.1853
2017-01-31,FOL,vic_calsim3,1713.8136
2017-02-28,FOL,vic_calsim3,2044.7898
2017-03-31,FOL,vic_calsim3,866.0173
2017-04-30,FOL,vic_calsim3,955.3648
2017-05-31,FOL,vic_calsim3,548.6996
2017-06-30,FOL,vic_calsim3,215.0437
2017-07-31,FOL,vic_calsim3,36.7920
2017-08-31,FOL,vic_calsim3,4.7755
2017-09-30,FOL,vic_calsim3,5.2514
2017-10-31,FOL,vic_calsim3,6.9391
2017-11-30,FOL,vic_calsim3,320.8466
2017-12-31,FOL,vic_calsim3,25.7041
2018-01-31,FOL,vic_calsim3,212.8279
2018-02-28,FOL,vic_calsim3,99.7308
2018-03-31,FOL,vic_calsim3,935.7878
2018-04-30,FOL,vic_calsim3,861.6774
2018-05-31,FOL,vic_calsim3,132.2361
2018-06-30,FOL,vic_calsim3,19.8171
2018-07-31,FOL,vic_calsim3,5.9355
2018-08-31,FOL,vic_calsim3,4.3661
2018-09-30,FOL,vic_calsim3,4.0132
1990-10-31,YRS,vic_calsim3,4.8400
1990-11-30,YRS,vic_calsim3,9.8771
1990-12-31,YRS,vic_calsim3,18.3441
1991-01-31,YRS,vic_calsim3,16.2274
1991-02-28,YRS,vic_calsim3,47.6040
1991-03-31,YRS,vic_calsim3,502.9931
1991-04-30,YRS,vic_calsim3,356.2009
1991-05-31,YRS,vic_calsim3,307.2638
1991-06-30,YRS,vic_calsim3,125.7860
1991-07-31,YRS,vic_calsim3,8.4562
1991-08-31,YRS,vic_calsim3,5.1197
1991-09-30,YRS,vic_calsim3,2.9444
1991-10-31,YRS,vic_calsim3,24.5633
1991-11-30,YRS,vic_calsim3,24.4915
1991-12-31,YRS,vic_calsim3,28.2352
1992-01-31,YRS,vic_calsim3,29.5505
1992-02-29,YRS,vic_calsim3,402.0083
1992-03-31,YRS,vic_calsim3,334.6266
1992-04-30,YRS,vic_calsim3,162.6728
1992-05-31,YRS,vic_calsim3,15.3074
1992-06-30,YRS,vic_calsim3,11.6761
1992-07-31,YRS,vic_calsim3,3.4161
1992-08-31,YRS,vic_calsim3,2.9095
1992-09-30,YRS,vic_calsim3,2.6686
1992-10-31,YRS,vic_calsim3,63.6881
1992-11-30,YRS,vic_calsim3,9.3681
1992-12-31,YRS,vic_calsim3,166.8405
1993-01-31,YRS,vic_calsim3,647.0044
1993-02-28,YRS,vic_calsim3,408.0475
1993-03-31,YRS,vic_calsim3,721.4926
1993-04-30,YRS,vic_calsim3,565.0712
1993-05-31,YRS,vic_calsim3,544.4735
1993-06-30,YRS,vic_calsim3,270.5864
1993-07-31,YRS,vic_calsim3,10.4176
1993-08-31,YRS,vic_calsim3,4.9549
1993-09-30,YRS,vic_calsim3,2.7624
1993-10-31,YRS,vic_calsim3,10.0568
1993-11-30,YRS,vic_calsim3,26.1955
1993-12-31,YRS,vic_calsim3,76.3235
1994-01-31,YRS,vic_calsim3,37.7590
1994-02-28,YRS,vic_calsim3,156.1271
1994-03-31,YRS,vic_calsim3,277.9058
1994-04-30,YRS,vic_calsim3,154.6028
1994-05-31,YRS,vic_calsim3,94.6480
1994-06-30,YRS,vic_calsim3,7.3126
1994-07-31,YRS,vic_calsim3,3.4289
1994-08-31,YRS,vic_calsim3,2.7771
1994-09-30,YRS,vic_calsim3,4.1831
1994-10-31,YRS,vic_calsim3,4.7771
1994-11-30,YRS,vic_calsim3,64.5177
1994-12-31,YRS,vic_calsim3,241.2726
1995-01-31,YRS,vic_calsim3,1156.6574
1995-02-28,YRS,vic_calsim3,415.4632
1995-03-31,YRS,vic_calsim3,1231.2172
1995-04-30,YRS,vic_calsim3,560.4001
1995-05-31,YRS,vic_calsim3,735.6338
1995-06-30,YRS,vic_calsim3,368.8021
1995-07-31,YRS,vic_calsim3,96.8879
1995-08-31,YRS,vic_calsim3,4.5427
1995-09-30,YRS,vic_calsim3,2.8795
1995-10-31,YRS,vic_calsim3,2.7463
1995-11-30,YRS,vic_calsim3,4.3483
1995-12-31,YRS,vic_calsim3,351.5141
1996-01-31,YRS,vic_calsim3,254.4681
1996-02-29,YRS,vic_calsim3,960.9305
1996-03-31,YRS,vic_calsim3,503.3769
1996-04-30,YRS,vic_calsim3,503.6477
1996-05-31,YRS,vic_calsim3,600.2622
1996-06-30,YRS,vic_calsim3,54.4450
1996-07-31,YRS,vic_calsim3,5.5116
1996-08-31,YRS,vic_calsim3,3.1117
1996-09-30,YRS,vic_calsim3,4.7675
1996-10-31,YRS,vic_calsim3,8.9192
1996-11-30,YRS,vic_calsim3,111.5022
1996-12-31,YRS,vic_calsim3,1099.2578
1997-01-31,YRS,vic_calsim3,1485.0545
1997-02-28,YRS,vic_calsim3,269.6586
1997-03-31,YRS,vic_calsim3,233.1883
1997-04-30,YRS,vic_calsim3,198.8067
1997-05-31,YRS,vic_calsim3,185.8589
1997-06-30,YRS,vic_calsim3,38.8748
1997-07-31,YRS,vic_calsim3,3.9835
1997-08-31,YRS,vic_calsim3,4.0913
1997-09-30,YRS,vic_calsim3,3.4663
1997-10-31,YRS,vic_calsim3,19.2960
1997-11-30,YRS,vic_calsim3,79.1029
1997-12-31,YRS,vic_calsim3,74.8612
1998-01-31,YRS,vic_calsim3,749.9458
1998-02-28,YRS,vic_calsim3,710.6445
1998-03-31,YRS,vic_calsim3,472.8012
1998-04-30,YRS,vic_calsim3,443.4899
1998-05-31,YRS,vic_calsim3,521.7188
1998-06-30,YRS,vic_calsim3,529.7940
1998-07-31,YRS,vic_calsim3,140.8640
1998-08-31,YRS,vic_calsim3,4.2587
1998-09-30,YRS,vic_calsim3,7.1693
1998-10-31,YRS,vic_calsim3,8.9081
1998-11-30,YRS,vic_calsim3,152.2006
1998-12-31,YRS,vic_calsim3,157.3889
1999-01-31,YRS,vic_calsim3,522.2093
1999-02-28,YRS,vic_calsim3,670.9242
1999-03-31,YRS,vic_calsim3,406.3228
1999-04-30,YRS,vic_calsim3,322.0366
1999-05-31,YRS,vic_calsim3,391.9826
1999-06-30,YRS,vic_calsim3,211.5148
1999-07-31,YRS,vic_calsim3,28.6942
1999-08-31,YRS,vic_calsim3,3.7106
1999-09-30,YRS,vic_calsim3,2.7680
1999-10-31,YRS,vic_calsim3,12.6252
1999-11-30,YRS,vic_calsim3,41.1341
1999-12-31,YRS,vic_calsim3,17.0916
2000-01-31,YRS,vic_calsim3,351.6744
2000-02-29,YRS,vic_calsim3,843.9868
2000-03-31,YRS,vic_calsim3,524.5771
2000-04-30,YRS,vic_calsim3,402.5547
2000-05-31,YRS,vic_calsim3,274.8302
2000-06-30,YRS,vic_calsim3,36.1577
2000-07-31,YRS,vic_calsim3,3.9432
2000-08-31,YRS,vic_calsim3,2.8823
2000-09-30,YRS,vic_calsim3,5.6920
2000-10-31,YRS,vic_calsim3,33.3472
2000-11-30,YRS,vic_calsim3,15.7126
2000-12-31,YRS,vic_calsim3,27.5613
2001-01-31,YRS,vic_calsim3,48.8868
2001-02-28,YRS,vic_calsim3,135.5629
2001-03-31,YRS,vic_calsim3,387.9301
2001-04-30,YRS,vic_calsim3,264.8916
2001-05-31,YRS,vic_calsim3,150.9494
2001-06-30,YRS,vic_calsim3,7.8710
2001-07-31,YRS,vic_calsim3,3.3622
2001-08-31,YRS,vic_calsim3,2.7705
2001-09-30,YRS,vic_calsim3,3.3610
2001-10-31,YRS,vic_calsim3,7.6410
2001-11-30,YRS,vic_calsim3,118.7240
2001-12-31,YRS,vic_calsim3,284.3334
2002-01-31,YRS,vic_calsim3,407.5986
2002-02-28,YRS,vic_calsim3,294.2270
2002-03-31,YRS,vic_calsim3,460.1727
2002-04-30,YRS,vic_calsim3,390.0526
2002-05-31,YRS,vic_calsim3,285.5426
2002-06-30,YRS,vic_calsim3,150.0942
2002-07-31,YRS,vic_calsim3,6.8590
2002-08-31,YRS,vic_calsim3,2.9362
2002-09-30,YRS,vic_calsim3,2.6301
2002-10-31,YRS,vic_calsim3,2.6590
2002-11-30,YRS,vic_calsim3,123.5311
2002-12-31,YRS,vic_calsim3,423.5231
2003-01-31,YRS,vic_calsim3,537.2994
2003-02-28,YRS,vic_calsim3,268.6376
2003-03-31,YRS,vic_calsim3,337.0617
2003-04-30,YRS,vic_calsim3,407.2441
2003-05-31,YRS,vic_calsim3,495.6786
2003-06-30,YRS,vic_calsim3,91.6900
2003-07-31,YRS,vic_calsim3,4.5431
2003-08-31,YRS,vic_calsim3,5.7081
2003-09-30,YRS,vic_calsim3,2.6824
2003-10-31,YRS,vic_calsim3,3.1420
2003-11-30,YRS,vic_calsim3,20.5763
2003-12-31,YRS,vic_calsim3,167.8120
2004-01-31,YRS,vic_calsim3,266.2325
2004-02-29,YRS,vic_calsim3,352.6128
2004-03-31,YRS,vic_calsim3,461.0758
2004-04-30,YRS,vic_calsim3,244.6663
2004-05-31,YRS,vic_calsim3,110.5653
2004-06-30,YRS,vic_calsim3,7.3387
2004-07-31,YRS,vic_calsim3,3.3353
2004-08-31,YRS,vic_calsim3,2.7683
2004-09-30,YRS,vic_calsim3,3.0136
2004-10-31,YRS,vic_calsim3,39.8419
2004-11-30,YRS,vic_calsim3,19.7976
2004-12-31,YRS,vic_calsim3,117.6959
2005-01-31,YRS,vic_calsim3,338.8282
2005-02-28,YRS,vic_calsim3,243.5442
2005-03-31,YRS,vic_calsim3,465.4708
2005-04-30,YRS,vic_calsim3,372.2548
2005-05-31,YRS,vic_calsim3,604.7771
2005-06-30,YRS,vic_calsim3,99.5944
2005-07-31,YRS,vic_calsim3,6.5420
2005-08-31,YRS,vic_calsim3,3.3447
2005-09-30,YRS,vic_calsim3,3.0916
2005-10-31,YRS,vic_calsim3,6.5581
2005-11-30,YRS,vic_calsim3,38.1140
2005-12-31,YRS,vic_calsim3,875.9672
2006-01-31,YRS,vic_calsim3,562.3965
2006-02-28,YRS,vic_calsim3,404.5757
2006-03-31,YRS,vic_calsim3,529.0008
2006-04-30,YRS,vic_calsim3,918.5697
2006-05-31,YRS,vic_calsim3,522.3838
2006-06-30,YRS,vic_calsim3,122.9757
2006-07-31,YRS,vic_calsim3,6.6315
2006-08-31,YRS,vic_calsim3,2.9736
2006-09-30,YRS,vic_calsim3,2.6408
2006-10-31,YRS,vic_calsim3,3.2090
2006-11-30,YRS,vic_calsim3,31.7070
2006-12-31,YRS,vic_calsim3,83.5080
2007-01-31,YRS,vic_calsim3,91.5224
2007-02-28,YRS,vic_calsim3,407.5557
2007-03-31,YRS,vic_calsim3,361.1043
2007-04-30,YRS,vic_calsim3,156.7618
2007-05-31,YRS,vic_calsim3,81.6169
2007-06-30,YRS,vic_calsim3,7.8252
2007-07-31,YRS,vic_calsim3,3.5040
2007-08-31,YRS,vic_calsim3,2.7867
2007-09-30,YRS,vic_calsim3,4.1686
2007-10-31,YRS,vic_calsim3,17.6182
2007-11-30,YRS,vic_calsim3,11.2484
2007-12-31,YRS,vic_calsim3,41.4221
2008-01-31,YRS,vic_calsim3,154.4586
2008-02-29,YRS,vic_calsim3,251.1443
2008-03-31,YRS,vic_calsim3,275.4892
2008-04-30,YRS,vic_calsim3,211.8115
2008-05-31,YRS,vic_calsim3,195.4100
2008-06-30,YRS,vic_calsim3,23.5681
2008-07-31,YRS,vic_calsim3,3.3828
2008-08-31,YRS,vic_calsim3,2.7718
2008-09-30,YRS,vic_calsim3,2.6014
2008-10-31,YRS,vic_calsim3,11.3664
2008-11-30,YRS,vic_calsim3,63.7396
2008-12-31,YRS,vic_calsim3,22.8668
2009-01-31,YRS,vic_calsim3,67.2680
2009-02-28,YRS,vic_calsim3,310.5121
2009-03-31,YRS,vic_calsim3,621.6838
2009-04-30,YRS,vic_calsim3,197.7716
2009-05-31,YRS,vic_calsim3,327.4327
2009-06-30,YRS,vic_calsim3,12.6688
2009-07-31,YRS,vic_calsim3,4.0937
2009-08-31,YRS,vic_calsim3,3.0664
2009-09-30,YRS,vic_calsim3,2.7038
2009-10-31,YRS,vic_calsim3,34.9926
2009-11-30,YRS,vic_calsim3,13.4169
2009-12-31,YRS,vic_calsim3,49.0892
2010-01-31,YRS,vic_calsim3,213.8515
2010-02-28,YRS,vic_calsim3,260.0671
2010-03-31,YRS,vic_calsim3,313.9976
2010-04-30,YRS,vic_calsim3,382.6715
2010-05-31,YRS,vic_calsim3,332.2930
2010-06-30,YRS,vic_calsim3,173.0389
2010-07-31,YRS,vic_calsim3,8.9032
2010-08-31,YRS,vic_calsim3,3.2543
2010-09-30,YRS,vic_calsim3,2.6804
2010-10-31,YRS,vic_calsim3,164.1812
2010-11-30,YRS,vic_calsim3,61.7495
2010-12-31,YRS,vic_calsim3,727.0060
2011-01-31,YRS,vic_calsim3,360.5820
2011-02-28,YRS,vic_calsim3,285.0391
2011-03-31,YRS,vic_calsim3,856.8067
2011-04-30,YRS,vic_calsim3,648.5940
2011-05-31,YRS,vic_calsim3,572.2217
2011-06-30,YRS,vic_calsim3,606.3332
2011-07-31,YRS,vic_calsim3,168.7606
2011-08-31,YRS,vic_calsim3,8.0749
2011-09-30,YRS,vic_calsim3,4.5823
2011-10-31,YRS,vic_calsim3,36.5279
2011-11-30,YRS,vic_calsim3,26.0771
2011-12-31,YRS,vic_calsim3,7.2226
2012-01-31,YRS,vic_calsim3,136.6461
2012-02-29,YRS,vic_calsim3,67.6030
2012-03-31,YRS,vic_calsim3,648.9679
2012-04-30,YRS,vic_calsim3,681.4667
2012-05-31,YRS,vic_calsim3,242.3047
2012-06-30,YRS,vic_calsim3,32.9341
2012-07-31,YRS,vic_calsim3,4.9394
2012-08-31,YRS,vic_calsim3,3.1109
2012-09-30,YRS,vic_calsim3,2.6598
2012-10-31,YRS,vic_calsim3,18.5954
2012-11-30,YRS,vic_calsim3,280.9584
2012-12-31,YRS,vic_calsim3,547.6966
2013-01-31,YRS,vic_calsim3,192.3373
2013-02-28,YRS,vic_calsim3,101.0289
2013-03-31,YRS,vic_calsim3,141.2615
2013-04-30,YRS,vic_calsim3,71.8616
2013-05-31,YRS,vic_calsim3,12.0783
2013-06-30,YRS,vic_calsim3,11.0218
2013-07-31,YRS,vic_calsim3,3.0956
2013-08-31,YRS,vic_calsim3,2.8926
2013-09-30,YRS,vic_calsim3,10.4327
2013-10-31,YRS,vic_calsim3,4.6533
2013-11-30,YRS,vic_calsim3,10.7052
2013-12-31,YRS,vic_calsim3,10.6411
2014-01-31,YRS,vic_calsim3,10.9511
2014-02-28,YRS,vic_calsim3,378.9829
2014-03-31,YRS,vic_calsim3,331.0213
2014-04-30,YRS,vic_calsim3,266.7014
2014-05-31,YRS,vic_calsim3,52.3448
2014-06-30,YRS,vic_calsim3,5.8009
2014-07-31,YRS,vic_calsim3,3.9659
2014-08-31,YRS,vic_calsim3,4.9981
2014-09-30,YRS,vic_calsim3,3.8649
2014-10-31,YRS,vic_calsim3,12.2015
2014-11-30,YRS,vic_calsim3,36.9865
2014-12-31,YRS,vic_calsim3,373.5883
2015-01-31,YRS,vic_calsim3,140.8797
2015-02-28,YRS,vic_calsim3,278.0171
2015-03-31,YRS,vic_calsim3,53.9785
2015-04-30,YRS,vic_calsim3,37.6539
2015-05-31,YRS,vic_calsim3,22.2788
2015-06-30,YRS,vic_calsim3,7.4430
2015-07-31,YRS,vic_calsim3,4.5552
2015-08-31,YRS,vic_calsim3,2.9448
2015-09-30,YRS,vic_calsim3,2.8829
2015-10-31,YRS,vic_calsim3,5.1074
2015-11-30,YRS,vic_calsim3,24.5770
2015-12-31,YRS,vic_calsim3,118.6152
2016-01-31,YRS,vic_calsim3,561.1149
2016-02-29,YRS,vic_calsim3,460.2617
2016-03-31,YRS,vic_calsim3,1088.0046
2016-04-30,YRS,vic_calsim3,321.4470
2016-05-31,YRS,vic_calsim3,112.5347
2016-06-30,YRS,vic_calsim3,12.5195
2016-07-31,YRS,vic_calsim3,3.8610
2016-08-31,YRS,vic_calsim3,2.8380
2016-09-30,YRS,vic_calsim3,2.6321
2016-10-31,YRS,vic_calsim3,150.0505
2016-11-30,YRS,vic_calsim3,75.2656
2016-12-31,YRS,vic_calsim3,650.3020
2017-01-31,YRS,vic_calsim3,1232.3695
2017-02-28,YRS,vic_calsim3,1668.7006
2017-03-31,YRS,vic_calsim3,611.8752
2017-04-30,YRS,vic_calsim3,898.1284
2017-05-31,YRS,vic_calsim3,511.2508
2017-06-30,YRS,vic_calsim3,267.2098
2017-07-31,YRS,vic_calsim3,39.5128
2017-08-31,YRS,vic_calsim3,4.2500
2017-09-30,YRS,vic_calsim3,3.9503
2017-10-31,YRS,vic_calsim3,4.5853
2017-11-30,YRS,vic_calsim3,274.8254
2017-12-31,YRS,vic_calsim3,63.9824
2018-01-31,YRS,vic_calsim3,292.4573
2018-02-28,YRS,vic_calsim3,137.5611
2018-03-31,YRS,vic_calsim3,738.8333
2018-04-30,YRS,vic_calsim3,655.2082
2018-05-31,YRS,vic_calsim3,118.8337
2018-06-30,YRS,vic_calsim3,18.1202
2018-07-31,YRS,vic_calsim3,3.9889
2018-08-31,YRS,vic_calsim3,2.8578
2018-09-30,YRS,vic_calsim3,2.6251
1990-10-31,CSN,vic_calsim3,2.4662
1990-11-30,CSN,vic_calsim3,4.5174
1990-12-31,CSN,vic_calsim3,3.9813
1991-01-31,CSN,vic_calsim3,4.3765
1991-02-28,CSN,vic_calsim3,11.2916
1991-03-31,CSN,vic_calsim3,80.4848
1991-04-30,CSN,vic_calsim3,39.3101
1991-05-31,CSN,vic_calsim3,16.1956
1991-06-30,CSN,vic_calsim3,6.1126
1991-07-31,CSN,vic_calsim3,1.6063
1991-08-31,CSN,vic_calsim3,1.5047
1991-09-30,CSN,vic_calsim3,1.1958
1991-10-31,CSN,vic_calsim3,19.0508
1991-11-30,CSN,vic_calsim3,7.1846
1991-12-31,CSN,vic_calsim3,11.0996
1992-01-31,CSN,vic_calsim3,11.3302
1992-02-29,CSN,vic_calsim3,51.7618
1992-03-31,CSN,vic_calsim3,47.5092
1992-04-30,CSN,vic_calsim3,12.8201
1992-05-31,CSN,vic_calsim3,2.6640
1992-06-30,CSN,vic_calsim3,3.4846
1992-07-31,CSN,vic_calsim3,2.6513
1992-08-31,CSN,vic_calsim3,1.2814
1992-09-30,CSN,vic_calsim3,1.1655
1992-10-31,CSN,vic_calsim3,11.6908
1992-11-30,CSN,vic_calsim3,2.5944
1992-12-31,CSN,vic_calsim3,77.7110
1993-01-31,CSN,vic_calsim3,228.6606
1993-02-28,CSN,vic_calsim3,171.1580
1993-03-31,CSN,vic_calsim3,184.1597
1993-04-30,CSN,vic_calsim3,98.0593
1993-05-31,CSN,vic_calsim3,23.0719
1993-06-30,CSN,vic_calsim3,9.5460
1993-07-31,CSN,vic_calsim3,1.7665
1993-08-31,CSN,vic_calsim3,1.2857
1993-09-30,CSN,vic_calsim3,1.1656
1993-10-31,CSN,vic_calsim3,3.6859
1993-11-30,CSN,vic_calsim3,7.4292
1993-12-31,CSN,vic_calsim3,20.2875
1994-01-31,CSN,vic_calsim3,15.3036
1994-02-28,CSN,vic_calsim3,33.2686
1994-03-31,CSN,vic_calsim3,21.9889
1994-04-30,CSN,vic_calsim3,13.2706
1994-05-31,CSN,vic_calsim3,9.9086
1994-06-30,CSN,vic_calsim3,1.8554
1994-07-31,CSN,vic_calsim3,1.3362
1994-08-31,CSN,vic_calsim3,1.2102
1994-09-30,CSN,vic_calsim3,1.5863
1994-10-31,CSN,vic_calsim3,3.9941
1994-11-30,CSN,vic_calsim3,39.7924
1994-12-31,CSN,vic_calsim3,42.8469
1995-01-31,CSN,vic_calsim3,335.2168
1995-02-28,CSN,vic_calsim3,107.4789
1995-03-31,CSN,vic_calsim3,337.4678
1995-04-30,CSN,vic_calsim3,162.2965
1995-05-31,CSN,vic_calsim3,128.3005
1995-06-30,CSN,vic_calsim3,10.5865
1995-07-31,CSN,vic_calsim3,2.3262
1995-08-31,CSN,vic_calsim3,1.3765
1995-09-30,CSN,vic_calsim3,1.1812
1995-10-31,CSN,vic_calsim3,1.1960
1995-11-30,CSN,vic_calsim3,1.8660
1995-12-31,CSN,vic_calsim3,46.5671
1996-01-31,CSN,vic_calsim3,88.8625
1996-02-29,CSN,vic_calsim3,191.7823
1996-03-31,CSN,vic_calsim3,177.1426
1996-04-30,CSN,vic_calsim3,80.1610
1996-05-31,CSN,vic_calsim3,60.5952
1996-06-30,CSN,vic_calsim3,6.0351
1996-07-31,CSN,vic_calsim3,1.8126
1996-08-31,CSN,vic_calsim3,1.3070
1996-09-30,CSN,vic_calsim3,1.3552
1996-10-31,CSN,vic_calsim3,4.2739
1996-11-30,CSN,vic_calsim3,44.1633
1996-12-31,CSN,vic_calsim3,206.3990
1997-01-31,CSN,vic_calsim3,488.7351
1997-02-28,CSN,vic_calsim3,107.9258
1997-03-31,CSN,vic_calsim3,22.2670
1997-04-30,CSN,vic_calsim3,9.0397
1997-05-31,CSN,vic_calsim3,3.2985
1997-06-30,CSN,vic_calsim3,4.4787
1997-07-31,CSN,vic_calsim3,1.3821
1997-08-31,CSN,vic_calsim3,1.4142
1997-09-30,CSN,vic_calsim3,1.2663
1997-10-31,CSN,vic_calsim3,5.6140
1997-11-30,CSN,vic_calsim3,25.6671
1997-12-31,CSN,vic_calsim3,19.8735
1998-01-31,CSN,vic_calsim3,164.5132
1998-02-28,CSN,vic_calsim3,337.9545
1998-03-31,CSN,vic_calsim3,183.2145
1998-04-30,CSN,vic_calsim3,147.5823
1998-05-31,CSN,vic_calsim3,101.5634
1998-06-30,CSN,vic_calsim3,30.0356
1998-07-31,CSN,vic_calsim3,2.4149
1998-08-31,CSN,vic_calsim3,1.4152
1998-09-30,CSN,vic_calsim3,2.0630
1998-10-31,CSN,vic_calsim3,2.3679
1998-11-30,CSN,vic_calsim3,19.7738
1998-12-31,CSN,vic_calsim3,18.9911
1999-01-31,CSN,vic_calsim3,79.3435
1999-02-28,CSN,vic_calsim3,233.9825
1999-03-31,CSN,vic_calsim3,131.3066
1999-04-30,CSN,vic_calsim3,70.6804
1999-05-31,CSN,vic_calsim3,15.3490
1999-06-30,CSN,vic_calsim3,3.0757
1999-07-31,CSN,vic_calsim3,1.4712
1999-08-31,CSN,vic_calsim3,1.4009
1999-09-30,CSN,vic_calsim3,1.2239
1999-10-31,CSN,vic_calsim3,4.2641
1999-11-30,CSN,vic_calsim3,18.1016
1999-12-31,CSN,vic_calsim3,6.0894
2000-01-31,CSN,vic_calsim3,105.7073
2000-02-29,CSN,vic_calsim3,227.8115
2000-03-31,CSN,vic_calsim3,143.6944
2000-04-30,CSN,vic_calsim3,18.5864
2000-05-31,CSN,vic_calsim3,29.9238
2000-06-30,CSN,vic_calsim3,5.3448
2000-07-31,CSN,vic_calsim3,1.5843
2000-08-31,CSN,vic_calsim3,1.2619
2000-09-30,CSN,vic_calsim3,3.6379
2000-10-31,CSN,vic_calsim3,22.2771
2000-11-30,CSN,vic_calsim3,7.8601
2000-12-31,CSN,vic_calsim3,9.1941
2001-01-31,CSN,vic_calsim3,21.6487
2001-02-28,CSN,vic_calsim3,34.7041
2001-03-31,CSN,vic_calsim3,52.8757
2001-04-30,CSN,vic_calsim3,53.9344
2001-05-31,CSN,vic_calsim3,8.0336
2001-06-30,CSN,vic_calsim3,1.8506
2001-07-31,CSN,vic_calsim3,1.3666
2001-08-31,CSN,vic_calsim3,1.2192
2001-09-30,CSN,vic_calsim3,1.6402
2001-10-31,CSN,vic_calsim3,2.3424
2001-11-30,CSN,vic_calsim3,26.3308
2001-12-31,CSN,vic_calsim3,58.0976
2002-01-31,CSN,vic_calsim3,71.2886
2002-02-28,CSN,vic_calsim3,84.3228
2002-03-31,CSN,vic_calsim3,120.0294
2002-04-30,CSN,vic_calsim3,25.9101
2002-05-31,CSN,vic_calsim3,11.6974
2002-06-30,CSN,vic_calsim3,2.0849
2002-07-31,CSN,vic_calsim3,1.4090
2002-08-31,CSN,vic_calsim3,1.2343
2002-09-30,CSN,vic_calsim3,1.1569
2002-10-31,CSN,vic_calsim3,1.1808
2002-11-30,CSN,vic_calsim3,16.1692
2002-12-31,CSN,vic_calsim3,70.5761
2003-01-31,CSN,vic_calsim3,26.5230
2003-02-28,CSN,vic_calsim3,24.0917
2003-03-31,CSN,vic_calsim3,36.4243
2003-04-30,CSN,vic_calsim3,127.7185
2003-05-31,CSN,vic_calsim3,77.3191
2003-06-30,CSN,vic_calsim3,2.5528
2003-07-31,CSN,vic_calsim3,1.5356
2003-08-31,CSN,vic_calsim3,2.3534
2003-09-30,CSN,vic_calsim3,1.7860
2003-10-31,CSN,vic_calsim3,1.2051
2003-11-30,CSN,vic_calsim3,8.0828
2003-12-31,CSN,vic_calsim3,53.8085
2004-01-31,CSN,vic_calsim3,44.8923
2004-02-29,CSN,vic_calsim3,89.1183
2004-03-31,CSN,vic_calsim3,72.5674
2004-04-30,CSN,vic_calsim3,7.2226
2004-05-31,CSN,vic_calsim3,2.7430
2004-06-30,CSN,vic_calsim3,1.5182
2004-07-31,CSN,vic_calsim3,1.2860
2004-08-31,CSN,vic_calsim3,1.2076
2004-09-30,CSN,vic_calsim3,1.6372
2004-10-31,CSN,vic_calsim3,30.1604
2004-11-30,CSN,vic_calsim3,14.2567
2004-12-31,CSN,vic_calsim3,58.8785
2005-01-31,CSN,vic_calsim3,182.4860
2005-02-28,CSN,vic_calsim3,83.8891
2005-03-31,CSN,vic_calsim3,167.1948
2005-04-30,CSN,vic_calsim3,107.0593
2005-05-31,CSN,vic_calsim3,59.8277
2005-06-30,CSN,vic_calsim3,10.0457
2005-07-31,CSN,vic_calsim3,1.9705
2005-08-31,CSN,vic_calsim3,1.3109
2005-09-30,CSN,vic_calsim3,2.0140
2005-10-31,CSN,vic_calsim3,2.2868
2005-11-30,CSN,vic_calsim3,7.9388
2005-12-31,CSN,vic_calsim3,133.2640
2006-01-31,CSN,vic_calsim3,161.0265
2006-02-28,CSN,vic_calsim3,86.6272
2006-03-31,CSN,vic_calsim3,227.4443
2006-04-30,CSN,vic_calsim3,398.4232
2006-05-31,CSN,vic_calsim3,31.9597
2006-06-30,CSN,vic_calsim3,2.5060
2006-07-31,CSN,vic_calsim3,1.5300
2006-08-31,CSN,vic_calsim3,1.2645
2006-09-30,CSN,vic_calsim3,1.1651
2006-10-31,CSN,vic_calsim3,2.0561
2006-11-30,CSN,vic_calsim3,10.1955
2006-12-31,CSN,vic_calsim3,26.2824
2007-01-31,CSN,vic_calsim3,11.6050
2007-02-28,CSN,vic_calsim3,61.8142
2007-03-31,CSN,vic_calsim3,63.1200
2007-04-30,CSN,vic_calsim3,23.2035
2007-05-31,CSN,vic_calsim3,7.7629
2007-06-30,CSN,vic_calsim3,1.8524
2007-07-31,CSN,vic_calsim3,1.3328
2007-08-31,CSN,vic_calsim3,1.2146
2007-09-30,CSN,vic_calsim3,1.5577
2007-10-31,CSN,vic_calsim3,4.5622
2007-11-30,CSN,vic_calsim3,3.6798
2007-12-31,CSN,vic_calsim3,20.5508
2008-01-31,CSN,vic_calsim3,51.2742
2008-02-29,CSN,vic_calsim3,71.6483
2008-03-31,CSN,vic_calsim3,49.0365
2008-04-30,CSN,vic_calsim3,14.6404
2008-05-31,CSN,vic_calsim3,4.5751
2008-06-30,CSN,vic_calsim3,1.5706
2008-07-31,CSN,vic_calsim3,1.2948
2008-08-31,CSN,vic_calsim3,1.2090
2008-09-30,CSN,vic_calsim3,1.1464
2008-10-31,CSN,vic_calsim3,3.2428
2008-11-30,CSN,vic_calsim3,18.5120
2008-12-31,CSN,vic_calsim3,18.7493
2009-01-31,CSN,vic_calsim3,29.8736
2009-02-28,CSN,vic_calsim3,57.3204
2009-03-31,CSN,vic_calsim3,137.6487
2009-04-30,CSN,vic_calsim3,31.8418
2009-05-31,CSN,vic_calsim3,35.3735
2009-06-30,CSN,vic_calsim3,2.3071
2009-07-31,CSN,vic_calsim3,1.4531
2009-08-31,CSN,vic_calsim3,1.2340
2009-09-30,CSN,vic_calsim3,1.1952
2009-10-31,CSN,vic_calsim3,9.2665
2009-11-30,CSN,vic_calsim3,4.7008
2009-12-31,CSN,vic_calsim3,40.1415
2010-01-31,CSN,vic_calsim3,46.3125
2010-02-28,CSN,vic_calsim3,49.8621
2010-03-31,CSN,vic_calsim3,101.4701
2010-04-30,CSN,vic_calsim3,106.0675
2010-05-31,CSN,vic_calsim3,65.5985
2010-06-30,CSN,vic_calsim3,12.9225
2010-07-31,CSN,vic_calsim3,1.9364
2010-08-31,CSN,vic_calsim3,1.2872
2010-09-30,CSN,vic_calsim3,1.1691
2010-10-31,CSN,vic_calsim3,44.8775
2010-11-30,CSN,vic_calsim3,34.2834
2010-12-31,CSN,vic_calsim3,155.9214
2011-01-31,CSN,vic_calsim3,121.5552
2011-02-28,CSN,vic_calsim3,102.9154
2011-03-31,CSN,vic_calsim3,406.2808
2011-04-30,CSN,vic_calsim3,150.1867
2011-05-31,CSN,vic_calsim3,55.8645
2011-06-30,CSN,vic_calsim3,26.5004
2011-07-31,CSN,vic_calsim3,2.2588
2011-08-31,CSN,vic_calsim3,1.3892
2011-09-30,CSN,vic_calsim3,1.4912
2011-10-31,CSN,vic_calsim3,11.9183
2011-11-30,CSN,vic_calsim3,6.5911
2011-12-31,CSN,vic_calsim3,1.5464
2012-01-31,CSN,vic_calsim3,33.1445
2012-02-29,CSN,vic_calsim3,9.2326
2012-03-31,CSN,vic_calsim3,89.6087
2012-04-30,CSN,vic_calsim3,116.9336
2012-05-31,CSN,vic_calsim3,18.8989
2012-06-30,CSN,vic_calsim3,5.1319
2012-07-31,CSN,vic_calsim3,4.4170
2012-08-31,CSN,vic_calsim3,1.2883
2012-09-30,CSN,vic_calsim3,1.2051
2012-10-31,CSN,vic_calsim3,6.4068
2012-11-30,CSN,vic_calsim3,30.2616
2012-12-31,CSN,vic_calsim3,84.5375
2013-01-31,CSN,vic_calsim3,57.3132
2013-02-28,CSN,vic_calsim3,25.4999
2013-03-31,CSN,vic_calsim3,27.1324
2013-04-30,CSN,vic_calsim3,15.4350
2013-05-31,CSN,vic_calsim3,5.3389
2013-06-30,CSN,vic_calsim3,3.3933
2013-07-31,CSN,vic_calsim3,1.3710
2013-08-31,CSN,vic_calsim3,1.2196
2013-09-30,CSN,vic_calsim3,3.7189
2013-10-31,CSN,vic_calsim3,2.1420
2013-11-30,CSN,vic_calsim3,5.1889
2013-12-31,CSN,vic_calsim3,4.2041
2014-01-31,CSN,vic_calsim3,5.2636
2014-02-28,CSN,vic_calsim3,111.8227
2014-03-31,CSN,vic_calsim3,27.1441
2014-04-30,CSN,vic_calsim3,18.6014
2014-05-31,CSN,vic_calsim3,4.0759
2014-06-30,CSN,vic_calsim3,1.6701
2014-07-31,CSN,vic_calsim3,1.4668
2014-08-31,CSN,vic_calsim3,1.2098
2014-09-30,CSN,vic_calsim3,2.0121
2014-10-31,CSN,vic_calsim3,2.6528
2014-11-30,CSN,vic_calsim3,11.6438
2014-12-31,CSN,vic_calsim3,59.7623
2015-01-31,CSN,vic_calsim3,3.1881
2015-02-28,CSN,vic_calsim3,61.1662
2015-03-31,CSN,vic_calsim3,8.5297
2015-04-30,CSN,vic_calsim3,15.5433
2015-05-31,CSN,vic_calsim3,5.5916
2015-06-30,CSN,vic_calsim3,2.9362
2015-07-31,CSN,vic_calsim3,1.5950
2015-08-31,CSN,vic_calsim3,1.2118
2015-09-30,CSN,vic_calsim3,1.1481
2015-10-31,CSN,vic_calsim3,4.9846
2015-11-30,CSN,vic_calsim3,19.8143
2015-12-31,CSN,vic_calsim3,84.3910
2016-01-31,CSN,vic_calsim3,124.8592
2016-02-29,CSN,vic_calsim3,105.9490
2016-03-31,CSN,vic_calsim3,200.0433
2016-04-30,CSN,vic_calsim3,46.7823
2016-05-31,CSN,vic_calsim3,11.1105
2016-06-30,CSN,vic_calsim3,2.2319
2016-07-31,CSN,vic_calsim3,1.4409
2016-08-31,CSN,vic_calsim3,1.2575
2016-09-30,CSN,vic_calsim3,1.1615
2016-10-31,CSN,vic_calsim3,73.3770
2016-11-30,CSN,vic_calsim3,20.7971
2016-12-31,CSN,vic_calsim3,90.7400
2017-01-31,CSN,vic_calsim3,469.1689
2017-02-28,CSN,vic_calsim3,511.3497
2017-03-31,CSN,vic_calsim3,175.7609
2017-04-30,CSN,vic_calsim3,145.6302
2017-05-31,CSN,vic_calsim3,17.8961
2017-06-30,CSN,vic_calsim3,3.1032
2017-07-31,CSN,vic_calsim3,1.5022
2017-08-31,CSN,vic_calsim3,1.2721
2017-09-30,CSN,vic_calsim3,1.2721
2017-10-31,CSN,vic_calsim3,2.2816
2017-11-30,CSN,vic_calsim3,62.7826
2017-12-31,CSN,vic_calsim3,4.9391
2018-01-31,CSN,vic_calsim3,30.9339
2018-02-28,CSN,vic_calsim3,5.1337
2018-03-31,CSN,vic_calsim3,182.5812
2018-04-30,CSN,vic_calsim3,112.6464
2018-05-31,CSN,vic_calsim3,10.0587
2018-06-30,CSN,vic_calsim3,2.2234
2018-07-31,CSN,vic_calsim3,1.4472
2018-08-31,CSN,vic_calsim3,1.2531
2018-09-30,CSN,vic_calsim3,1.1628
1990-10-31,MKM,vic_calsim3,1.6961
1990-11-30,MKM,vic_calsim3,2.7073
1990-12-31,MKM,vic_calsim3,2.7664
1991-01-31,MKM,vic_calsim3,3.4937
1991-02-28,MKM,vic_calsim3,7.4819
1991-03-31,MKM,vic_calsim3,56.5517
1991-04-30,MKM,vic_calsim3,68.9697
1991-05-31,MKM,vic_calsim3,97.5369
1991-06-30,MKM,vic_calsim3,64.0001
1991-07-31,MKM,vic_calsim3,5.3418
1991-08-31,MKM,vic_calsim3,1.9818
1991-09-30,MKM,vic_calsim3,1.3621
1991-10-31,MKM,vic_calsim3,21.8341
1991-11-30,MKM,vic_calsim3,10.0391
1991-12-31,MKM,vic_calsim3,8.0128
1992-01-31,MKM,vic_calsim3,7.9879
1992-02-29,MKM,vic_calsim3,58.4894
1992-03-31,MKM,vic_calsim3,98.2515
1992-04-30,MKM,vic_calsim3,88.1047
1992-05-31,MKM,vic_calsim3,30.3274
1992-06-30,MKM,vic_calsim3,4.1707
1992-07-31,MKM,vic_calsim3,8.4730
1992-08-31,MKM,vic_calsim3,1.9391
1992-09-30,MKM,vic_calsim3,1.1826
1992-10-31,MKM,vic_calsim3,12.1619
1992-11-30,MKM,vic_calsim3,3.2918
1992-12-31,MKM,vic_calsim3,52.1737
1993-01-31,MKM,vic_calsim3,194.7462
1993-02-28,MKM,vic_calsim3,148.6030
1993-03-31,MKM,vic_calsim3,209.1481
1993-04-30,MKM,vic_calsim3,197.3641
1993-05-31,MKM,vic_calsim3,266.0149
1993-06-30,MKM,vic_calsim3,124.6376
1993-07-31,MKM,vic_calsim3,28.1970
1993-08-31,MKM,vic_calsim3,2.4928
1993-09-30,MKM,vic_calsim3,1.1355
1993-10-31,MKM,vic_calsim3,4.1495
1993-11-30,MKM,vic_calsim3,5.2668
1993-12-31,MKM,vic_calsim3,9.0750
1994-01-31,MKM,vic_calsim3,10.9458
1994-02-28,MKM,vic_calsim3,18.6605
1994-03-31,MKM,vic_calsim3,49.8503
1994-04-30,MKM,vic_calsim3,54.3861
1994-05-31,MKM,vic_calsim3,65.4871
1994-06-30,MKM,vic_calsim3,10.0682
1994-07-31,MKM,vic_calsim3,1.5941
1994-08-31,MKM,vic_calsim3,1.1356
1994-09-30,MKM,vic_calsim3,1.7816
1994-10-31,MKM,vic_calsim3,5.2840
1994-11-30,MKM,vic_calsim3,31.6815
1994-12-31,MKM,vic_calsim3,25.0001
1995-01-31,MKM,vic_calsim3,274.8103
1995-02-28,MKM,vic_calsim3,114.5531
1995-03-31,MKM,vic_calsim3,361.3863
1995-04-30,MKM,vic_calsim3,213.2233
1995-05-31,MKM,vic_calsim3,326.8596
1995-06-30,MKM,vic_calsim3,222.9502
1995-07-31,MKM,vic_calsim3,112.3330
1995-08-31,MKM,vic_calsim3,16.5001
1995-09-30,MKM,vic_calsim3,2.2619
1995-10-31,MKM,vic_calsim3,1.1713
1995-11-30,MKM,vic_calsim3,1.3765
1995-12-31,MKM,vic_calsim3,55.7893
1996-01-31,MKM,vic_calsim3,60.0991
1996-02-29,MKM,vic_calsim3,261.6768
1996-03-31,MKM,vic_calsim3,213.7212
1996-04-30,MKM,vic_calsim3,174.0025
1996-05-31,MKM,vic_calsim3,227.6062
1996-06-30,MKM,vic_calsim3,65.9704
1996-07-31,MKM,vic_calsim3,7.7354
1996-08-31,MKM,vic_calsim3,1.5386
1996-09-30,MKM,vic_calsim3,1.2456
1996-10-31,MKM,vic_calsim3,3.8700
1996-11-30,MKM,vic_calsim3,52.4582
1996-12-31,MKM,vic_calsim3,168.2172
1997-01-31,MKM,vic_calsim3,633.1679
1997-02-28,MKM,vic_calsim3,97.7921
1997-03-31,MKM,vic_calsim3,100.1771
1997-04-30,MKM,vic_calsim3,113.1821
1997-05-31,MKM,vic_calsim3,120.8272
1997-06-30,MKM,vic_calsim3,46.2711
1997-07-31,MKM,vic_calsim3,4.5588
1997-08-31,MKM,vic_calsim3,1.3682
1997-09-30,MKM,vic_calsim3,1.2676
1997-10-31,MKM,vic_calsim3,5.1768
1997-11-30,MKM,vic_calsim3,21.2281
1997-12-31,MKM,vic_calsim3,11.1283
1998-01-31,MKM,vic_calsim3,165.5020
1998-02-28,MKM,vic_calsim3,293.8367
1998-03-31,MKM,vic_calsim3,208.5359
1998-04-30,MKM,vic_calsim3,172.0283
1998-05-31,MKM,vic_calsim3,212.9371
1998-06-30,MKM,vic_calsim3,255.2936
1998-07-31,MKM,vic_calsim3,66.3183
1998-08-31,MKM,vic_calsim3,3.1199
1998-09-30,MKM,vic_calsim3,5.6006
1998-10-31,MKM,vic_calsim3,3.3350
1998-11-30,MKM,vic_calsim3,14.6336
1998-12-31,MKM,vic_calsim3,13.3367
1999-01-31,MKM,vic_calsim3,83.1581
1999-02-28,MKM,vic_calsim3,251.7225
1999-03-31,MKM,vic_calsim3,129.0586
1999-04-30,MKM,vic_calsim3,125.9217
1999-05-31,MKM,vic_calsim3,192.9940
1999-06-30,MKM,vic_calsim3,94.4307
1999-07-31,MKM,vic_calsim3,20.1349
1999-08-31,MKM,vic_calsim3,1.6860
1999-09-30,MKM,vic_calsim3,1.1224
1999-10-31,MKM,vic_calsim3,3.4463
1999-11-30,MKM,vic_calsim3,12.6844
1999-12-31,MKM,vic_calsim3,3.9951
2000-01-31,MKM,vic_calsim3,102.7573
2000-02-29,MKM,vic_calsim3,221.8718
2000-03-31,MKM,vic_calsim3,180.8035
2000-04-30,MKM,vic_calsim3,119.2109
2000-05-31,MKM,vic_calsim3,88.1572
2000-06-30,MKM,vic_calsim3,13.0422
2000-07-31,MKM,vic_calsim3,1.7088
2000-08-31,MKM,vic_calsim3,1.2100
2000-09-30,MKM,vic_calsim3,2.8520
2000-10-31,MKM,vic_calsim3,12.4246
2000-11-30,MKM,vic_calsim3,5.3824
2000-12-31,MKM,vic_calsim3,6.8179
2001-01-31,MKM,vic_calsim3,12.9786
2001-02-28,MKM,vic_calsim3,23.2851
2001-03-31,MKM,vic_calsim3,96.9386
2001-04-30,MKM,vic_calsim3,114.7088
2001-05-31,MKM,vic_calsim3,46.6393
2001-06-30,MKM,vic_calsim3,2.5771
2001-07-31,MKM,vic_calsim3,1.6273
2001-08-31,MKM,vic_calsim3,1.3188
2001-09-30,MKM,vic_calsim3,1.5195
2001-10-31,MKM,vic_calsim3,1.8416
2001-11-30,MKM,vic_calsim3,17.7981
2001-12-31,MKM,vic_calsim3,38.4961
2002-01-31,MKM,vic_calsim3,62.8906
2002-02-28,MKM,vic_calsim3,71.3331
2002-03-31,MKM,vic_calsim3,133.6020
2002-04-30,MKM,vic_calsim3,110.4386
2002-05-31,MKM,vic_calsim3,60.1472
2002-06-30,MKM,vic_calsim3,11.0332
2002-07-31,MKM,vic_calsim3,1.6018
2002-08-31,MKM,vic_calsim3,1.1128
2002-09-30,MKM,vic_calsim3,1.0117
2002-10-31,MKM,vic_calsim3,1.0293
2002-11-30,MKM,vic_calsim3,26.1659
2002-12-31,MKM,vic_calsim3,47.0238
2003-01-31,MKM,vic_calsim3,32.5085
2003-02-28,MKM,vic_calsim3,29.4322
2003-03-31,MKM,vic_calsim3,54.6847
2003-04-30,MKM,vic_calsim3,141.5021
2003-05-31,MKM,vic_calsim3,155.1879
2003-06-30,MKM,vic_calsim3,24.3831
2003-07-31,MKM,vic_calsim3,2.0145
2003-08-31,MKM,vic_calsim3,2.6366
2003-09-30,MKM,vic_calsim3,1.3042
2003-10-31,MKM,vic_calsim3,1.0420
2003-11-30,MKM,vic_calsim3,5.6376
2003-12-31,MKM,vic_calsim3,38.7035
2004-01-31,MKM,vic_calsim3,54.6660
2004-02-29,MKM,vic_calsim3,82.3642
2004-03-31,MKM,vic_calsim3,130.0706
2004-04-30,MKM,vic_calsim3,58.1655
2004-05-31,MKM,vic_calsim3,16.5973
2004-06-30,MKM,vic_calsim3,1.7214
2004-07-31,MKM,vic_calsim3,1.2282
2004-08-31,MKM,vic_calsim3,1.1039
2004-09-30,MKM,vic_calsim3,1.1343
2004-10-31,MKM,vic_calsim3,28.9675
2004-11-30,MKM,vic_calsim3,9.5360
2004-12-31,MKM,vic_calsim3,51.5483
2005-01-31,MKM,vic_calsim3,219.0623
2005-02-28,MKM,vic_calsim3,103.8308
2005-03-31,MKM,vic_calsim3,185.0421
2005-04-30,MKM,vic_calsim3,136.9985
2005-05-31,MKM,vic_calsim3,202.3422
2005-06-30,MKM,vic_calsim3,72.5573
2005-07-31,MKM,vic_calsim3,5.2142
2005-08-31,MKM,vic_calsim3,1.3371
2005-09-30,MKM,vic_calsim3,1.9569
2005-10-31,MKM,vic_calsim3,2.2008
2005-11-30,MKM,vic_calsim3,7.2695
2005-12-31,MKM,vic_calsim3,139.3637
2006-01-31,MKM,vic_calsim3,181.2100
2006-02-28,MKM,vic_calsim3,99.7782
2006-03-31,MKM,vic_calsim3,223.3289
2006-04-30,MKM,vic_calsim3,344.7432
2006-05-31,MKM,vic_calsim3,299.0425
2006-06-30,MKM,vic_calsim3,89.9936
2006-07-31,MKM,vic_calsim3,4.8645
2006-08-31,MKM,vic_calsim3,1.2364
2006-09-30,MKM,vic_calsim3,1.0235
2006-10-31,MKM,vic_calsim3,2.3991
2006-11-30,MKM,vic_calsim3,8.4954
2006-12-31,MKM,vic_calsim3,18.9876
2007-01-31,MKM,vic_calsim3,8.0590
2007-02-28,MKM,vic_calsim3,63.3002
2007-03-31,MKM,vic_calsim3,126.9009
2007-04-30,MKM,vic_calsim3,53.9264
2007-05-31,MKM,vic_calsim3,22.2241
2007-06-30,MKM,vic_calsim3,2.3597
2007-07-31,MKM,vic_calsim3,1.3189
2007-08-31,MKM,vic_calsim3,1.0706
2007-09-30,MKM,vic_calsim3,1.2085
2007-10-31,MKM,vic_calsim3,2.6444
2007-11-30,MKM,vic_calsim3,3.3331
2007-12-31,MKM,vic_calsim3,13.4099
2008-01-31,MKM,vic_calsim3,32.7614
2008-02-29,MKM,vic_calsim3,83.7097
2008-03-31,MKM,vic_calsim3,78.7147
2008-04-30,MKM,vic_calsim3,58.4354
2008-05-31,MKM,vic_calsim3,49.1803
2008-06-30,MKM,vic_calsim3,5.4539
2008-07-31,MKM,vic_calsim3,1.3701
2008-08-31,MKM,vic_calsim3,1.0734
2008-09-30,MKM,vic_calsim3,0.9946
2008-10-31,MKM,vic_calsim3,2.4176
2008-11-30,MKM,vic_calsim3,10.9379
2008-12-31,MKM,vic_calsim3,9.9164
2009-01-31,MKM,vic_calsim3,29.6955
2009-02-28,MKM,vic_calsim3,52.2791
2009-03-31,MKM,vic_calsim3,164.2141
2009-04-30,MKM,vic_calsim3,75.1428
2009-05-31,MKM,vic_calsim3,74.6734
2009-06-30,MKM,vic_calsim3,3.5875
2009-07-31,MKM,vic_calsim3,1.5362
2009-08-31,MKM,vic_calsim3,1.1214
2009-09-30,MKM,vic_calsim3,1.0439
2009-10-31,MKM,vic_calsim3,14.2683
2009-11-30,MKM,vic_calsim3,3.0274
2009-12-31,MKM,vic_calsim3,31.2054
2010-01-31,MKM,vic_calsim3,27.6237
2010-02-28,MKM,vic_calsim3,48.3433
2010-03-31,MKM,vic_calsim3,98.3023
2010-04-30,MKM,vic_calsim3,108.3522
2010-05-31,MKM,vic_calsim3,116.4389
2010-06-30,MKM,vic_calsim3,76.5991
2010-07-31,MKM,vic_calsim3,3.3712
2010-08-31,MKM,vic_calsim3,1.3104
2010-09-30,MKM,vic_calsim3,1.0451
2010-10-31,MKM,vic_calsim3,71.7051
2010-11-30,MKM,vic_calsim3,20.1709
2010-12-31,MKM,vic_calsim3,179.7009
2011-01-31,MKM,vic_calsim3,135.0183
2011-02-28,MKM,vic_calsim3,102.8889
2011-03-31,MKM,vic_calsim3,376.8937
2011-04-30,MKM,vic_calsim3,189.3850
2011-05-31,MKM,vic_calsim3,181.5786
2011-06-30,MKM,vic_calsim3,293.6680
2011-07-31,MKM,vic_calsim3,111.2268
2011-08-31,MKM,vic_calsim3,8.0578
2011-09-30,MKM,vic_calsim3,1.6188
2011-10-31,MKM,vic_calsim3,9.3253
2011-11-30,MKM,vic_calsim3,6.1272
2011-12-31,MKM,vic_calsim3,1.6315
2012-01-31,MKM,vic_calsim3,29.6838
2012-02-29,MKM,vic_calsim3,7.4160
2012-03-31,MKM,vic_calsim3,81.8283
2012-04-30,MKM,vic_calsim3,190.1004
2012-05-31,MKM,vic_calsim3,62.4218
2012-06-30,MKM,vic_calsim3,6.0706
2012-07-31,MKM,vic_calsim3,2.2225
2012-08-31,MKM,vic_calsim3,1.2152
2012-09-30,MKM,vic_calsim3,1.0527
2012-10-31,MKM,vic_calsim3,5.1876
2012-11-30,MKM,vic_calsim3,24.6269
2012-12-31,MKM,vic_calsim3,58.8367
2013-01-31,MKM,vic_calsim3,49.4148
2013-02-28,MKM,vic_calsim3,27.6700
2013-03-31,MKM,vic_calsim3,50.1396
2013-04-30,MKM,vic_calsim3,30.3257
2013-05-31,MKM,vic_calsim3,6.9551
2013-06-30,MKM,vic_calsim3,2.8131
2013-07-31,MKM,vic_calsim3,1.3347
2013-08-31,MKM,vic_calsim3,1.1064
2013-09-30,MKM,vic_calsim3,1.9929
2013-10-31,MKM,vic_calsim3,1.5060
2013-11-30,MKM,vic_calsim3,3.4387
2013-12-31,MKM,vic_calsim3,3.8070
2014-01-31,MKM,vic_calsim3,4.3969
2014-02-28,MKM,vic_calsim3,122.5805
2014-03-31,MKM,vic_calsim3,23.2562
2014-04-30,MKM,vic_calsim3,28.5706
2014-05-31,MKM,vic_calsim3,14.2875
2014-06-30,MKM,vic_calsim3,2.3937
2014-07-31,MKM,vic_calsim3,1.5487
2014-08-31,MKM,vic_calsim3,1.1732
2014-09-30,MKM,vic_calsim3,2.1853
2014-10-31,MKM,vic_calsim3,1.8570
2014-11-30,MKM,vic_calsim3,9.1447
2014-12-31,MKM,vic_calsim3,38.8605
2015-01-31,MKM,vic_calsim3,10.9105
2015-02-28,MKM,vic_calsim3,82.2111
2015-03-31,MKM,vic_calsim3,16.0943
2015-04-30,MKM,vic_calsim3,14.1553
2015-05-31,MKM,vic_calsim3,13.7146
2015-06-30,MKM,vic_calsim3,3.5556
2015-07-31,MKM,vic_calsim3,1.7086
2015-08-31,MKM,vic_calsim3,1.1721
2015-09-30,MKM,vic_calsim3,1.0272
2015-10-31,MKM,vic_calsim3,4.6064
2015-11-30,MKM,vic_calsim3,18.1202
2015-12-31,MKM,vic_calsim3,73.5151
2016-01-31,MKM,vic_calsim3,137.2248
2016-02-29,MKM,vic_calsim3,145.2664
2016-03-31,MKM,vic_calsim3,267.4866
2016-04-30,MKM,vic_calsim3,133.9263
2016-05-31,MKM,vic_calsim3,49.7364
2016-06-30,MKM,vic_calsim3,4.3793
2016-07-31,MKM,vic_calsim3,1.4706
2016-08-31,MKM,vic_calsim3,1.1060
2016-09-30,MKM,vic_calsim3,1.0036
2016-10-31,MKM,vic_calsim3,87.2095
2016-11-30,MKM,vic_calsim3,13.4646
2016-12-31,MKM,vic_calsim3,107.4681
2017-01-31,MKM,vic_calsim3,418.0505
2017-02-28,MKM,vic_calsim3,522.9434
2017-03-31,MKM,vic_calsim3,250.7423
2017-04-30,MKM,vic_calsim3,246.3149
2017-05-31,MKM,vic_calsim3,247.6103
2017-06-30,MKM,vic_calsim3,120.6309
2017-07-31,MKM,vic_calsim3,26.0221
2017-08-31,MKM,vic_calsim3,1.6173
2017-09-30,MKM,vic_calsim3,1.1470
2017-10-31,MKM,vic_calsim3,1.8720
2017-11-30,MKM,vic_calsim3,52.8869
2017-12-31,MKM,vic_calsim3,3.4700
2018-01-31,MKM,vic_calsim3,26.6241
2018-02-28,MKM,vic_calsim3,10.4309
2018-03-31,MKM,vic_calsim3,195.1514
2018-04-30,MKM,vic_calsim3,232.2585
2018-05-31,MKM,vic_calsim3,28.1338
2018-06-30,MKM,vic_calsim3,3.4838
2018-07-31,MKM,vic_calsim3,1.5321
2018-08-31,MKM,vic_calsim3,1.1011
2018-09-30,MKM,vic_calsim3,1.0031
1990-10-31,NML,vic_calsim3,2.5519
1990-11-30,NML,vic_calsim3,4.9365
1990-12-31,NML,vic_calsim3,4.1243
1991-01-31,NML,vic_calsim3,5.9870
1991-02-28,NML,vic_calsim3,12.1626
1991-03-31,NML,vic_calsim3,84.1739
1991-04-30,NML,vic_calsim3,100.3301
1991-05-31,NML,vic_calsim3,160.0956
1991-06-30,NML,vic_calsim3,159.5218
1991-07-31,NML,vic_calsim3,17.1808
1991-08-31,NML,vic_calsim3,3.6583
1991-09-30,NML,vic_calsim3,2.5078
1991-10-31,NML,vic_calsim3,25.6740
1991-11-30,NML,vic_calsim3,15.5137
1991-12-31,NML,vic_calsim3,11.2877
1992-01-31,NML,vic_calsim3,11.9357
1992-02-29,NML,vic_calsim3,59.4421
1992-03-31,NML,vic_calsim3,127.3035
1992-04-30,NML,vic_calsim3,167.1215
1992-05-31,NML,vic_calsim3,84.9585
1992-06-30,NML,vic_calsim3,8.4043
1992-07-31,NML,vic_calsim3,25.6173
1992-08-31,NML,vic_calsim3,3.0773
1992-09-30,NML,vic_calsim3,2.2183
1992-10-31,NML,vic_calsim3,16.1667
1992-11-30,NML,vic_calsim3,5.4120
1992-12-31,NML,vic_calsim3,41.7766
1993-01-31,NML,vic_calsim3,209.5227
1993-02-28,NML,vic_calsim3,195.1378
1993-03-31,NML,vic_calsim3,329.8652
1993-04-30,NML,vic_calsim3,349.6534
1993-05-31,NML,vic_calsim3,497.7883
1993-06-30,NML,vic_calsim3,257.2954
1993-07-31,NML,vic_calsim3,69.4680
1993-08-31,NML,vic_calsim3,4.9264
1993-09-30,NML,vic_calsim3,2.1962
1993-10-31,NML,vic_calsim3,6.3283
1993-11-30,NML,vic_calsim3,7.4585
1993-12-31,NML,vic_calsim3,9.8493
1994-01-31,NML,vic_calsim3,15.2953
1994-02-28,NML,vic_calsim3,26.3710
1994-03-31,NML,vic_calsim3,62.7319
1994-04-30,NML,vic_calsim3,103.3018
1994-05-31,NML,vic_calsim3,133.9530
1994-06-30,NML,vic_calsim3,27.1231
1994-07-31,NML,vic_calsim3,3.0867
1994-08-31,NML,vic_calsim3,2.1760
1994-09-30,NML,vic_calsim3,3.2083
1994-10-31,NML,vic_calsim3,9.7991
1994-11-30,NML,vic_calsim3,33.1315
1994-12-31,NML,vic_calsim3,19.5049
1995-01-31,NML,vic_calsim3,302.6063
1995-02-28,NML,vic_calsim3,192.7861
1995-03-31,NML,vic_calsim3,561.0287
1995-04-30,NML,vic_calsim3,347.2395
1995-05-31,NML,vic_calsim3,553.0666
1995-06-30,NML,vic_calsim3,422.7185
1995-07-31,NML,vic_calsim3,346.8390
1995-08-31,NML,vic_calsim3,61.8075
1995-09-30,NML,vic_calsim3,4.9620
1995-10-31,NML,vic_calsim3,2.3187
1995-11-30,NML,vic_calsim3,2.4558
1995-12-31,NML,vic_calsim3,59.2990
1996-01-31,NML,vic_calsim3,55.4899
1996-02-29,NML,vic_calsim3,333.3927
1996-03-31,NML,vic_calsim3,298.5512
1996-04-30,NML,vic_calsim3,294.7891
1996-05-31,NML,vic_calsim3,435.9449
1996-06-30,NML,vic_calsim3,173.0579
1996-07-31,NML,vic_calsim3,29.7620
1996-08-31,NML,vic_calsim3,3.1840
1996-09-30,NML,vic_calsim3,2.2576
1996-10-31,NML,vic_calsim3,5.1102
1996-11-30,NML,vic_calsim3,82.2864
1996-12-31,NML,vic_calsim3,194.8048
1997-01-31,NML,vic_calsim3,862.5050
1997-02-28,NML,vic_calsim3,165.3637
1997-03-31,NML,vic_calsim3,179.5886
1997-04-30,NML,vic_calsim3,193.8807
1997-05-31,NML,vic_calsim3,263.8077
1997-06-30,NML,vic_calsim3,116.1416
1997-07-31,NML,vic_calsim3,21.2440
1997-08-31,NML,vic_calsim3,4.5942
1997-09-30,NML,vic_calsim3,2.2841
1997-10-31,NML,vic_calsim3,5.1092
1997-11-30,NML,vic_calsim3,25.6486
1997-12-31,NML,vic_calsim3,15.9009
1998-01-31,NML,vic_calsim3,195.4003
1998-02-28,NML,vic_calsim3,374.2504
1998-03-31,NML,vic_calsim3,297.6748
1998-04-30,NML,vic_calsim3,265.8151
1998-05-31,NML,vic_calsim3,344.0477
1998-06-30,NML,vic_calsim3,502.9082
1998-07-31,NML,vic_calsim3,303.2055
1998-08-31,NML,vic_calsim3,23.9991
1998-09-30,NML,vic_calsim3,9.8431
1998-10-31,NML,vic_calsim3,5.1509
1998-11-30,NML,vic_calsim3,19.8776
1998-12-31,NML,vic_calsim3,20.8471
1999-01-31,NML,vic_calsim3,107.1223
1999-02-28,NML,vic_calsim3,280.6455
1999-03-31,NML,vic_calsim3,179.3120
1999-04-30,NML,vic_calsim3,207.9065
1999-05-31,NML,vic_calsim3,352.3327
1999-06-30,NML,vic_calsim3,216.3604
1999-07-31,NML,vic_calsim3,53.6787
1999-08-31,NML,vic_calsim3,3.2061
1999-09-30,NML,vic_calsim3,2.2271
1999-10-31,NML,vic_calsim3,4.8533
1999-11-30,NML,vic_calsim3,17.7242
1999-12-31,NML,vic_calsim3,5.1995
2000-01-31,NML,vic_calsim3,156.1051
2000-02-29,NML,vic_calsim3,240.0124
2000-03-31,NML,vic_calsim3,296.2179
2000-04-30,NML,vic_calsim3,291.3072
2000-05-31,NML,vic_calsim3,236.8307
2000-06-30,NML,vic_calsim3,64.7728
2000-07-31,NML,vic_calsim3,7.0917
2000-08-31,NML,vic_calsim3,2.5179
2000-09-30,NML,vic_calsim3,4.6094
2000-10-31,NML,vic_calsim3,16.6375
2000-11-30,NML,vic_calsim3,7.3581
2000-12-31,NML,vic_calsim3,8.1367
2001-01-31,NML,vic_calsim3,22.2538
2001-02-28,NML,vic_calsim3,22.7561
2001-03-31,NML,vic_calsim3,135.2048
2001-04-30,NML,vic_calsim3,196.9290
2001-05-31,NML,vic_calsim3,207.5477
2001-06-30,NML,vic_calsim3,16.9616
2001-07-31,NML,vic_calsim3,4.2169
2001-08-31,NML,vic_calsim3,2.4843
2001-09-30,NML,vic_calsim3,2.9876
2001-10-31,NML,vic_calsim3,3.9769
2001-11-30,NML,vic_calsim3,29.8756
2001-12-31,NML,vic_calsim3,47.0953
2002-01-31,NML,vic_calsim3,76.1805
2002-02-28,NML,vic_calsim3,87.3438
2002-03-31,NML,vic_calsim3,179.3639
2002-04-30,NML,vic_calsim3,210.9774
2002-05-31,NML,vic_calsim3,195.0046
2002-06-30,NML,vic_calsim3,79.3340
2002-07-31,NML,vic_calsim3,6.7007
2002-08-31,NML,vic_calsim3,2.2840
2002-09-30,NML,vic_calsim3,2.0151
2002-10-31,NML,vic_calsim3,2.0176
2002-11-30,NML,vic_calsim3,65.9935
2002-12-31,NML,vic_calsim3,50.8510
2003-01-31,NML,vic_calsim3,45.8624
2003-02-28,NML,vic_calsim3,44.5796
2003-03-31,NML,vic_calsim3,78.4832
2003-04-30,NML,vic_calsim3,197.8993
2003-05-31,NML,vic_calsim3,311.5104
2003-06-30,NML,vic_calsim3,131.9804
2003-07-31,NML,vic_calsim3,10.4869
2003-08-31,NML,vic_calsim3,5.5884
2003-09-30,NML,vic_calsim3,2.2729
2003-10-31,NML,vic_calsim3,2.0903
2003-11-30,NML,vic_calsim3,9.4138
2003-12-31,NML,vic_calsim3,51.9707
2004-01-31,NML,vic_calsim3,48.3590
2004-02-29,NML,vic_calsim3,85.7097
2004-03-31,NML,vic_calsim3,217.9576
2004-04-30,NML,vic_calsim3,155.6650
2004-05-31,NML,vic_calsim3,86.5041
2004-06-30,NML,vic_calsim3,14.0775
2004-07-31,NML,vic_calsim3,3.0972
2004-08-31,NML,vic_calsim3,2.1363
2004-09-30,NML,vic_calsim3,2.0731
2004-10-31,NML,vic_calsim3,35.4304
2004-11-30,NML,vic_calsim3,13.5487
2004-12-31,NML,vic_calsim3,56.3680
2005-01-31,NML,vic_calsim3,290.0254
2005-02-28,NML,vic_calsim3,170.4620
2005-03-31,NML,vic_calsim3,283.7496
2005-04-30,NML,vic_calsim3,226.3171
2005-05-31,NML,vic_calsim3,400.4722
2005-06-30,NML,vic_calsim3,333.4697
2005-07-31,NML,vic_calsim3,186.3302
2005-08-31,NML,vic_calsim3,17.3961
2005-09-30,NML,vic_calsim3,4.5139
2005-10-31,NML,vic_calsim3,4.6731
2005-11-30,NML,vic_calsim3,9.3871
2005-12-31,NML,vic_calsim3,185.8319
2006-01-31,NML,vic_calsim3,249.7734
2006-02-28,NML,vic_calsim3,134.5456
2006-03-31,NML,vic_calsim3,282.7861
2006-04-30,NML,vic_calsim3,537.1571
2006-05-31,NML,vic_calsim3,579.2206
2006-06-30,NML,vic_calsim3,364.3633
2006-07-31,NML,vic_calsim3,68.9643
2006-08-31,NML,vic_calsim3,4.6440
2006-09-30,NML,vic_calsim3,2.1291
2006-10-31,NML,vic_calsim3,4.3753
2006-11-30,NML,vic_calsim3,11.8927
2006-12-31,NML,vic_calsim3,25.5431
2007-01-31,NML,vic_calsim3,10.6879
2007-02-28,NML,vic_calsim3,66.8396
2007-03-31,NML,vic_calsim3,158.8933
2007-04-30,NML,vic_calsim3,132.2121
2007-05-31,NML,vic_calsim3,90.8452
2007-06-30,NML,vic_calsim3,7.6169
2007-07-31,NML,vic_calsim3,2.7377
2007-08-31,NML,vic_calsim3,2.1575
2007-09-30,NML,vic_calsim3,2.5603
2007-10-31,NML,vic_calsim3,4.4741
2007-11-30,NML,vic_calsim3,5.2061
2007-12-31,NML,vic_calsim3,19.7124
2008-01-31,NML,vic_calsim3,40.1972
2008-02-29,NML,vic_calsim3,86.7975
2008-03-31,NML,vic_calsim3,120.8402
2008-04-30,NML,vic_calsim3,143.0712
2008-05-31,NML,vic_calsim3,190.3802
2008-06-30,NML,vic_calsim3,60.1226
2008-07-31,NML,vic_calsim3,5.1587
2008-08-31,NML,vic_calsim3,2.2126
2008-09-30,NML,vic_calsim3,1.9508
2008-10-31,NML,vic_calsim3,4.6147
2008-11-30,NML,vic_calsim3,20.9630
2008-12-31,NML,vic_calsim3,15.2016
2009-01-31,NML,vic_calsim3,60.4198
2009-02-28,NML,vic_calsim3,67.6797
2009-03-31,NML,vic_calsim3,232.5344
2009-04-30,NML,vic_calsim3,185.7889
2009-05-31,NML,vic_calsim3,285.8736
2009-06-30,NML,vic_calsim3,30.4560
2009-07-31,NML,vic_calsim3,4.6289
2009-08-31,NML,vic_calsim3,2.5245
2009-09-30,NML,vic_calsim3,2.1157
2009-10-31,NML,vic_calsim3,26.8077
2009-11-30,NML,vic_calsim3,4.9297
2009-12-31,NML,vic_calsim3,34.8728
2010-01-31,NML,vic_calsim3,39.4152
2010-02-28,NML,vic_calsim3,64.4050
2010-03-31,NML,vic_calsim3,146.7987
2010-04-30,NML,vic_calsim3,173.5948
2010-05-31,NML,vic_calsim3,216.3006
2010-06-30,NML,vic_calsim3,295.0316
2010-07-31,NML,vic_calsim3,36.6467
2010-08-31,NML,vic_calsim3,2.9500
2010-09-30,NML,vic_calsim3,2.1048
2010-10-31,NML,vic_calsim3,98.2292
2010-11-30,NML,vic_calsim3,31.4801
2010-12-31,NML,vic_calsim3,244.6033
2011-01-31,NML,vic_calsim3,202.8845
2011-02-28,NML,vic_calsim3,131.4355
2011-03-31,NML,vic_calsim3,476.5589
2011-04-30,NML,vic_calsim3,332.6527
2011-05-31,NML,vic_calsim3,356.1471
2011-06-30,NML,vic_calsim3,548.0581
2011-07-31,NML,vic_calsim3,295.7725
2011-08-31,NML,vic_calsim3,52.4983
2011-09-30,NML,vic_calsim3,6.4744
2011-10-31,NML,vic_calsim3,14.3333
2011-11-30,NML,vic_calsim3,11.0616
2011-12-31,NML,vic_calsim3,3.6251
2012-01-31,NML,vic_calsim3,48.6632
2012-02-29,NML,vic_calsim3,13.1814
2012-03-31,NML,vic_calsim3,75.6468
2012-04-30,NML,vic_calsim3,250.2849
2012-05-31,NML,vic_calsim3,125.0665
2012-06-30,NML,vic_calsim3,11.4660
2012-07-31,NML,vic_calsim3,3.2165
2012-08-31,NML,vic_calsim3,2.4546
2012-09-30,NML,vic_calsim3,2.0148
2012-10-31,NML,vic_calsim3,5.5094
2012-11-30,NML,vic_calsim3,29.3304
2012-12-31,NML,vic_calsim3,54.1005
2013-01-31,NML,vic_calsim3,23.6646
2013-02-28,NML,vic_calsim3,30.4007
2013-03-31,NML,vic_calsim3,58.0320
2013-04-30,NML,vic_calsim3,40.2842
2013-05-31,NML,vic_calsim3,12.5272
2013-06-30,NML,vic_calsim3,4.3946
2013-07-31,NML,vic_calsim3,2.9124
2013-08-31,NML,vic_calsim3,2.2438
2013-09-30,NML,vic_calsim3,2.7615
2013-10-31,NML,vic_calsim3,2.9503
2013-11-30,NML,vic_calsim3,5.1274
2013-12-31,NML,vic_calsim3,6.6587
2014-01-31,NML,vic_calsim3,8.3130
2014-02-28,NML,vic_calsim3,115.9465
2014-03-31,NML,vic_calsim3,45.0127
2014-04-30,NML,vic_calsim3,79.8193
2014-05-31,NML,vic_calsim3,42.4902
2014-06-30,NML,vic_calsim3,6.6113
2014-07-31,NML,vic_calsim3,5.6580
2014-08-31,NML,vic_calsim3,2.5837
2014-09-30,NML,vic_calsim3,3.8680
2014-10-31,NML,vic_calsim3,2.7387
2014-11-30,NML,vic_calsim3,15.3277
2014-12-31,NML,vic_calsim3,40.6617
2015-01-31,NML,vic_calsim3,11.6105
2015-02-28,NML,vic_calsim3,103.8799
2015-03-31,NML,vic_calsim3,31.6770
2015-04-30,NML,vic_calsim3,31.0204
2015-05-31,NML,vic_calsim3,41.4104
2015-06-30,NML,vic_calsim3,10.7519
2015-07-31,NML,vic_calsim3,5.5695
2015-08-31,NML,vic_calsim3,2.5094
2015-09-30,NML,vic_calsim3,2.0592
2015-10-31,NML,vic_calsim3,6.9679
2015-11-30,NML,vic_calsim3,23.2812
2015-12-31,NML,vic_calsim3,66.6816
2016-01-31,NML,vic_calsim3,106.6954
2016-02-29,NML,vic_calsim3,209.4612
2016-03-31,NML,vic_calsim3,438.4634
2016-04-30,NML,vic_calsim3,250.3244
2016-05-31,NML,vic_calsim3,140.5918
2016-06-30,NML,vic_calsim3,69.1455
2016-07-31,NML,vic_calsim3,6.4035
2016-08-31,NML,vic_calsim3,2.2688
2016-09-30,NML,vic_calsim3,1.9945
2016-10-31,NML,vic_calsim3,85.8340
2016-11-30,NML,vic_calsim3,18.7153
2016-12-31,NML,vic_calsim3,139.2651
2017-01-31,NML,vic_calsim3,610.7264
2017-02-28,NML,vic_calsim3,783.5413
2017-03-31,NML,vic_calsim3,418.0451
2017-04-30,NML,vic_calsim3,461.5654
2017-05-31,NML,vic_calsim3,438.7028
2017-06-30,NML,vic_calsim3,334.9885
2017-07-31,NML,vic_calsim3,108.5424
2017-08-31,NML,vic_calsim3,20.4940
2017-09-30,NML,vic_calsim3,4.0601
2017-10-31,NML,vic_calsim3,3.6567
2017-11-30,NML,vic_calsim3,63.8751
2017-12-31,NML,vic_calsim3,7.4396
2018-01-31,NML,vic_calsim3,44.3456
2018-02-28,NML,vic_calsim3,20.0071
2018-03-31,NML,vic_calsim3,253.2576
2018-04-30,NML,vic_calsim3,427.8316
2018-05-31,NML,vic_calsim3,109.1329
2018-06-30,NML,vic_calsim3,16.2715
2018-07-31,NML,vic_calsim3,3.3937
2018-08-31,NML,vic_calsim3,2.1790
2018-09-30,NML,vic_calsim3,1.9970
1990-10-31,TLG,vic_calsim3,3.6845
1990-11-30,TLG,vic_calsim3,7.7143
1990-12-31,TLG,vic_calsim3,5.4902
1991-01-31,TLG,vic_calsim3,11.9753
1991-02-28,TLG,vic_calsim3,15.0999
1991-03-31,TLG,vic_calsim3,172.8032
1991-04-30,TLG,vic_calsim3,177.6796
1991-05-31,TLG,vic_calsim3,224.4469
1991-06-30,TLG,vic_calsim3,310.0683
1991-07-31,TLG,vic_calsim3,27.8739
1991-08-31,TLG,vic_calsim3,4.5065
1991-09-30,TLG,vic_calsim3,3.7605
1991-10-31,TLG,vic_calsim3,30.7359
1991-11-30,TLG,vic_calsim3,18.9927
1991-12-31,TLG,vic_calsim3,20.6965
1992-01-31,TLG,vic_calsim3,21.5745
1992-02-29,TLG,vic_calsim3,90.5166
1992-03-31,TLG,vic_calsim3,161.6669
1992-04-30,TLG,vic_calsim3,226.2222
1992-05-31,TLG,vic_calsim3,117.2836
1992-06-30,TLG,vic_calsim3,13.5247
1992-07-31,TLG,vic_calsim3,41.1596
1992-08-31,TLG,vic_calsim3,4.9580
1992-09-30,TLG,vic_calsim3,3.6569
1992-10-31,TLG,vic_calsim3,17.9543
1992-11-30,TLG,vic_calsim3,8.5109
1992-12-31,TLG,vic_calsim3,49.7694
1993-01-31,TLG,vic_calsim3,261.7705
1993-02-28,TLG,vic_calsim3,269.2987
1993-03-31,TLG,vic_calsim3,449.6844
1993-04-30,TLG,vic_calsim3,429.3252
1993-05-31,TLG,vic_calsim3,693.7433
1993-06-30,TLG,vic_calsim3,365.0538
1993-07-31,TLG,vic_calsim3,62.3613
1993-08-31,TLG,vic_calsim3,7.3924
1993-09-30,TLG,vic_calsim3,3.5596
1993-10-31,TLG,vic_calsim3,9.4921
1993-11-30,TLG,vic_calsim3,10.0228
1993-12-31,TLG,vic_calsim3,17.7398
1994-01-31,TLG,vic_calsim3,17.7034
1994-02-28,TLG,vic_calsim3,42.6570
1994-03-31,TLG,vic_calsim3,61.3569
1994-04-30,TLG,vic_calsim3,143.8052
1994-05-31,TLG,vic_calsim3,169.9890
1994-06-30,TLG,vic_calsim3,41.4316
1994-07-31,TLG,vic_calsim3,5.0726
1994-08-31,TLG,vic_calsim3,3.5815
1994-09-30,TLG,vic_calsim3,4.8893
1994-10-31,TLG,vic_calsim3,20.5125
1994-11-30,TLG,vic_calsim3,44.3206
1994-12-31,TLG,vic_calsim3,29.0181
1995-01-31,TLG,vic_calsim3,480.2157
1995-02-28,TLG,vic_calsim3,286.9931
1995-03-31,TLG,vic_calsim3,746.4045
1995-04-30,TLG,vic_calsim3,442.8852
1995-05-31,TLG,vic_calsim3,604.2436
1995-06-30,TLG,vic_calsim3,812.5067
1995-07-31,TLG,vic_calsim3,587.7820
1995-08-31,TLG,vic_calsim3,28.9530
1995-09-30,TLG,vic_calsim3,5.1051
1995-10-31,TLG,vic_calsim3,3.8659
1995-11-30,TLG,vic_calsim3,3.8013
1995-12-31,TLG,vic_calsim3,68.3159
1996-01-31,TLG,vic_calsim3,65.6220
1996-02-29,TLG,vic_calsim3,420.2065
1996-03-31,TLG,vic_calsim3,431.8533
1996-04-30,TLG,vic_calsim3,359.7594
1996-05-31,TLG,vic_calsim3,763.4507
1996-06-30,TLG,vic_calsim3,270.2504
1996-07-31,TLG,vic_calsim3,27.0820
1996-08-31,TLG,vic_calsim3,4.6547
1996-09-30,TLG,vic_calsim3,3.4712
1996-10-31,TLG,vic_calsim3,7.4673
1996-11-30,TLG,vic_calsim3,124.6136
1996-12-31,TLG,vic_calsim3,264.5518
1997-01-31,TLG,vic_calsim3,1147.8459
1997-02-28,TLG,vic_calsim3,234.8140
1997-03-31,TLG,vic_calsim3,258.7825
1997-04-30,TLG,vic_calsim3,284.6074
1997-05-31,TLG,vic_calsim3,536.1959
1997-06-30,TLG,vic_calsim3,193.8869
1997-07-31,TLG,vic_calsim3,38.6981
1997-08-31,TLG,vic_calsim3,5.7345
1997-09-30,TLG,vic_calsim3,3.8789
1997-10-31,TLG,vic_calsim3,5.1596
1997-11-30,TLG,vic_calsim3,21.4408
1997-12-31,TLG,vic_calsim3,23.5023
1998-01-31,TLG,vic_calsim3,197.8332
1998-02-28,TLG,vic_calsim3,513.7982
1998-03-31,TLG,vic_calsim3,408.2252
1998-04-30,TLG,vic_calsim3,368.5219
1998-05-31,TLG,vic_calsim3,367.3344
1998-06-30,TLG,vic_calsim3,944.0448
1998-07-31,TLG,vic_calsim3,550.6392
1998-08-31,TLG,vic_calsim3,23.2363
1998-09-30,TLG,vic_calsim3,12.0732
1998-10-31,TLG,vic_calsim3,6.4374
1998-11-30,TLG,vic_calsim3,24.3964
1998-12-31,TLG,vic_calsim3,27.0619
1999-01-31,TLG,vic_calsim3,121.2781
1999-02-28,TLG,vic_calsim3,295.4305
1999-03-31,TLG,vic_calsim3,193.7517
1999-04-30,TLG,vic_calsim3,281.5129
1999-05-31,TLG,vic_calsim3,618.4510
1999-06-30,TLG,vic_calsim3,167.8610
1999-07-31,TLG,vic_calsim3,22.5498
1999-08-31,TLG,vic_calsim3,4.2709
1999-09-30,TLG,vic_calsim3,3.7590
1999-10-31,TLG,vic_calsim3,5.6601
1999-11-30,TLG,vic_calsim3,22.6538
1999-12-31,TLG,vic_calsim3,6.2540
2000-01-31,TLG,vic_calsim3,201.0676
2000-02-29,TLG,vic_calsim3,259.7947
2000-03-31,TLG,vic_calsim3,437.5602
2000-04-30,TLG,vic_calsim3,583.2496
2000-05-31,TLG,vic_calsim3,297.0197
2000-06-30,TLG,vic_calsim3,55.7911
2000-07-31,TLG,vic_calsim3,7.3683
2000-08-31,TLG,vic_calsim3,4.0845
2000-09-30,TLG,vic_calsim3,6.0851
2000-10-31,TLG,vic_calsim3,18.5199
2000-11-30,TLG,vic_calsim3,10.4045
2000-12-31,TLG,vic_calsim3,10.3700
2001-01-31,TLG,vic_calsim3,33.5981
2001-02-28,TLG,vic_calsim3,30.0570
2001-03-31,TLG,vic_calsim3,142.9910
2001-04-30,TLG,vic_calsim3,219.8134
2001-05-31,TLG,vic_calsim3,349.4433
2001-06-30,TLG,vic_calsim3,54.4076
2001-07-31,TLG,vic_calsim3,8.2411
2001-08-31,TLG,vic_calsim3,3.8599
2001-09-30,TLG,vic_calsim3,4.5317
2001-10-31,TLG,vic_calsim3,6.8264
2001-11-30,TLG,vic_calsim3,40.7059
2001-12-31,TLG,vic_calsim3,60.9686
2002-01-31,TLG,vic_calsim3,105.5669
2002-02-28,TLG,vic_calsim3,114.3827
2002-03-31,TLG,vic_calsim3,188.5406
2002-04-30,TLG,vic_calsim3,293.1069
2002-05-31,TLG,vic_calsim3,359.0748
2002-06-30,TLG,vic_calsim3,109.3423
2002-07-31,TLG,vic_calsim3,8.7251
2002-08-31,TLG,vic_calsim3,3.7724
2002-09-30,TLG,vic_calsim3,3.5883
2002-10-31,TLG,vic_calsim3,3.3309
2002-11-30,TLG,vic_calsim3,125.8843
2002-12-31,TLG,vic_calsim3,63.4480
2003-01-31,TLG,vic_calsim3,58.7905
2003-02-28,TLG,vic_calsim3,47.3933
2003-03-31,TLG,vic_calsim3,102.2003
2003-04-30,TLG,vic_calsim3,268.6317
2003-05-31,TLG,vic_calsim3,589.1832
2003-06-30,TLG,vic_calsim3,230.1969
2003-07-31,TLG,vic_calsim3,11.8674
2003-08-31,TLG,vic_calsim3,8.3242
2003-09-30,TLG,vic_calsim3,4.0648
2003-10-31,TLG,vic_calsim3,3.3722
2003-11-30,TLG,vic_calsim3,15.1330
2003-12-31,TLG,vic_calsim3,65.5436
2004-01-31,TLG,vic_calsim3,61.2999
2004-02-29,TLG,vic_calsim3,138.1057
2004-03-31,TLG,vic_calsim3,363.7658
2004-04-30,TLG,vic_calsim3,272.9593
2004-05-31,TLG,vic_calsim3,142.4865
2004-06-30,TLG,vic_calsim3,20.0621
2004-07-31,TLG,vic_calsim3,5.1697
2004-08-31,TLG,vic_calsim3,3.7834
2004-09-30,TLG,vic_calsim3,3.3378
2004-10-31,TLG,vic_calsim3,71.1345
2004-11-30,TLG,vic_calsim3,17.1982
2004-12-31,TLG,vic_calsim3,55.9073
2005-01-31,TLG,vic_calsim3,416.7500
2005-02-28,TLG,vic_calsim3,255.9438
2005-03-31,TLG,vic_calsim3,377.8259
2005-04-30,TLG,vic_calsim3,280.7746
2005-05-31,TLG,vic_calsim3,658.4022
2005-06-30,TLG,vic_calsim3,778.3760
2005-07-31,TLG,vic_calsim3,354.9842
2005-08-31,TLG,vic_calsim3,17.6533
2005-09-30,TLG,vic_calsim3,6.6815
2005-10-31,TLG,vic_calsim3,8.1764
2005-11-30,TLG,vic_calsim3,10.9665
2005-12-31,TLG,vic_calsim3,202.9386
2006-01-31,TLG,vic_calsim3,326.8533
2006-02-28,TLG,vic_calsim3,179.6443
2006-03-31,TLG,vic_calsim3,378.9980
2006-04-30,TLG,vic_calsim3,700.6115
2006-05-31,TLG,vic_calsim3,1014.6370
2006-06-30,TLG,vic_calsim3,717.4414
2006-07-31,TLG,vic_calsim3,62.0354
2006-08-31,TLG,vic_calsim3,6.1747
2006-09-30,TLG,vic_calsim3,3.4708
2006-10-31,TLG,vic_calsim3,6.2835
2006-11-30,TLG,vic_calsim3,13.6791
2006-12-31,TLG,vic_calsim3,29.0961
2007-01-31,TLG,vic_calsim3,14.2812
2007-02-28,TLG,vic_calsim3,53.3638
2007-03-31,TLG,vic_calsim3,138.8815
2007-04-30,TLG,vic_calsim3,186.4089
2007-05-31,TLG,vic_calsim3,121.1967
2007-06-30,TLG,vic_calsim3,10.3111
2007-07-31,TLG,vic_calsim3,4.5350
2007-08-31,TLG,vic_calsim3,3.6446
2007-09-30,TLG,vic_calsim3,4.6216
2007-10-31,TLG,vic_calsim3,5.9569
2007-11-30,TLG,vic_calsim3,6.4097
2007-12-31,TLG,vic_calsim3,26.2337
2008-01-31,TLG,vic_calsim3,76.3226
2008-02-29,TLG,vic_calsim3,161.2009
2008-03-31,TLG,vic_calsim3,216.4694
2008-04-30,TLG,vic_calsim3,292.5775
2008-05-31,TLG,vic_calsim3,274.0159
2008-06-30,TLG,vic_calsim3,70.5675
2008-07-31,TLG,vic_calsim3,8.4073
2008-08-31,TLG,vic_calsim3,3.6379
2008-09-30,TLG,vic_calsim3,3.0277
2008-10-31,TLG,vic_calsim3,8.7115
2008-11-30,TLG,vic_calsim3,39.9903
2008-12-31,TLG,vic_calsim3,24.4381
2009-01-31,TLG,vic_calsim3,116.0525
2009-02-28,TLG,vic_calsim3,143.3400
2009-03-31,TLG,vic_calsim3,402.4506
2009-04-30,TLG,vic_calsim3,344.2269
2009-05-31,TLG,vic_calsim3,407.5165
2009-06-30,TLG,vic_calsim3,53.8675
2009-07-31,TLG,vic_calsim3,7.3464
2009-08-31,TLG,vic_calsim3,4.6291
2009-09-30,TLG,vic_calsim3,3.2878
2009-10-31,TLG,vic_calsim3,32.0334
2009-11-30,TLG,vic_calsim3,8.3765
2009-12-31,TLG,vic_calsim3,52.2249
2010-01-31,TLG,vic_calsim3,55.0945
2010-02-28,TLG,vic_calsim3,115.2197
2010-03-31,TLG,vic_calsim3,277.7620
2010-04-30,TLG,vic_calsim3,323.2671
2010-05-31,TLG,vic_calsim3,401.3397
2010-06-30,TLG,vic_calsim3,488.2733
2010-07-31,TLG,vic_calsim3,32.8940
2010-08-31,TLG,vic_calsim3,4.5562
2010-09-30,TLG,vic_calsim3,3.3688
2010-10-31,TLG,vic_calsim3,95.9741
2010-11-30,TLG,vic_calsim3,48.8868
2010-12-31,TLG,vic_calsim3,320.7230
2011-01-31,TLG,vic_calsim3,300.8845
2011-02-28,TLG,vic_calsim3,172.6497
2011-03-31,TLG,vic_calsim3,610.0218
2011-04-30,TLG,vic_calsim3,445.8319
2011-05-31,TLG,vic_calsim3,585.1644
2011-06-30,TLG,vic_calsim3,965.5825
2011-07-31,TLG,vic_calsim3,242.0473
2011-08-31,TLG,vic_calsim3,15.8166
2011-09-30,TLG,vic_calsim3,9.3882
2011-10-31,TLG,vic_calsim3,23.5970
2011-11-30,TLG,vic_calsim3,15.3204
2011-12-31,TLG,vic_calsim3,7.7353
2012-01-31,TLG,vic_calsim3,77.9137
2012-02-29,TLG,vic_calsim3,24.3760
2012-03-31,TLG,vic_calsim3,86.9882
2012-04-30,TLG,vic_calsim3,347.0376
2012-05-31,TLG,vic_calsim3,201.3767
2012-06-30,TLG,vic_calsim3,17.5978
2012-07-31,TLG,vic_calsim3,5.0244
2012-08-31,TLG,vic_calsim3,3.9987
2012-09-30,TLG,vic_calsim3,3.1109
2012-10-31,TLG,vic_calsim3,6.3199
2012-11-30,TLG,vic_calsim3,55.9778
2012-12-31,TLG,vic_calsim3,86.2176
2013-01-31,TLG,vic_calsim3,38.1028
2013-02-28,TLG,vic_calsim3,46.2990
2013-03-31,TLG,vic_calsim3,105.8213
2013-04-30,TLG,vic_calsim3,134.4667
2013-05-31,TLG,vic_calsim3,105.9672
2013-06-30,TLG,vic_calsim3,19.4218
2013-07-31,TLG,vic_calsim3,5.7978
2013-08-31,TLG,vic_calsim3,4.0021
2013-09-30,TLG,vic_calsim3,5.2910
2013-10-31,TLG,vic_calsim3,5.7519
2013-11-30,TLG,vic_calsim3,9.0544
2013-12-31,TLG,vic_calsim3,11.2029
2014-01-31,TLG,vic_calsim3,14.9634
2014-02-28,TLG,vic_calsim3,66.2384
2014-03-31,TLG,vic_calsim3,89.2770
2014-04-30,TLG,vic_calsim3,192.3033
2014-05-31,TLG,vic_calsim3,88.4812
2014-06-30,TLG,vic_calsim3,14.0992
2014-07-31,TLG,vic_calsim3,11.0694
2014-08-31,TLG,vic_calsim3,4.4172
2014-09-30,TLG,vic_calsim3,5.1142
2014-10-31,TLG,vic_calsim3,3.6343
2014-11-30,TLG,vic_calsim3,22.6944
2014-12-31,TLG,vic_calsim3,46.6933
2015-01-31,TLG,vic_calsim3,17.1979
2015-02-28,TLG,vic_calsim3,106.2113
2015-03-31,TLG,vic_calsim3,47.2599
2015-04-30,TLG,vic_calsim3,70.0946
2015-05-31,TLG,vic_calsim3,109.8544
2015-06-30,TLG,vic_calsim3,35.4207
2015-07-31,TLG,vic_calsim3,12.5268
2015-08-31,TLG,vic_calsim3,4.4972
2015-09-30,TLG,vic_calsim3,3.6595
2015-10-31,TLG,vic_calsim3,12.4256
2015-11-30,TLG,vic_calsim3,33.9578
2015-12-31,TLG,vic_calsim3,84.7626
2016-01-31,TLG,vic_calsim3,155.2940
2016-02-29,TLG,vic_calsim3,285.9436
2016-03-31,TLG,vic_calsim3,594.8228
2016-04-30,TLG,vic_calsim3,432.5073
2016-05-31,TLG,vic_calsim3,287.3733
2016-06-30,TLG,vic_calsim3,183.8738
2016-07-31,TLG,vic_calsim3,13.9338
2016-08-31,TLG,vic_calsim3,3.9388
2016-09-30,TLG,vic_calsim3,3.4342
2016-10-31,TLG,vic_calsim3,67.5293
2016-11-30,TLG,vic_calsim3,24.0228
2016-12-31,TLG,vic_calsim3,175.7220
2017-01-31,TLG,vic_calsim3,807.5435
2017-02-28,TLG,vic_calsim3,957.7630
2017-03-31,TLG,vic_calsim3,559.3240
2017-04-30,TLG,vic_calsim3,594.7256
2017-05-31,TLG,vic_calsim3,920.7207
2017-06-30,TLG,vic_calsim3,717.1429
2017-07-31,TLG,vic_calsim3,116.2450
2017-08-31,TLG,vic_calsim3,19.6207
2017-09-30,TLG,vic_calsim3,9.7166
2017-10-31,TLG,vic_calsim3,5.8932
2017-11-30,TLG,vic_calsim3,92.8586
2017-12-31,TLG,vic_calsim3,16.3513
2018-01-31,TLG,vic_calsim3,65.5274
2018-02-28,TLG,vic_calsim3,46.7154
2018-03-31,TLG,vic_calsim3,338.4947
2018-04-30,TLG,vic_calsim3,667.1099
2018-05-31,TLG,vic_calsim3,253.3469
2018-06-30,TLG,vic_calsim3,45.2084
2018-07-31,TLG,vic_calsim3,6.4937
2018-08-31,TLG,vic_calsim3,3.6533
2018-09-30,TLG,vic_calsim3,3.0844
1990-10-31,MRC,vic_calsim3,2.2772
1990-11-30,MRC,vic_calsim3,4.4063
1990-12-31,MRC,vic_calsim3,3.5222
1991-01-31,MRC,vic_calsim3,7.1917
1991-02-28,MRC,vic_calsim3,16.0361
1991-03-31,MRC,vic_calsim3,159.3749
1991-04-30,MRC,vic_calsim3,113.4661
1991-05-31,MRC,vic_calsim3,160.3526
1991-06-30,MRC,vic_calsim3,209.9231
1991-07-31,MRC,vic_calsim3,21.9459
1991-08-31,MRC,vic_calsim3,2.7893
1991-09-30,MRC,vic_calsim3,2.3773
1991-10-31,MRC,vic_calsim3,15.1548
1991-11-30,MRC,vic_calsim3,13.2918
1991-12-31,MRC,vic_calsim3,17.3439
1992-01-31,MRC,vic_calsim3,13.8757
1992-02-29,MRC,vic_calsim3,71.6654
1992-03-31,MRC,vic_calsim3,99.7640
1992-04-30,MRC,vic_calsim3,147.7829
1992-05-31,MRC,vic_calsim3,70.5537
1992-06-30,MRC,vic_calsim3,7.3193
1992-07-31,MRC,vic_calsim3,13.5605
1992-08-31,MRC,vic_calsim3,2.6968
1992-09-30,MRC,vic_calsim3,2.3188
1992-10-31,MRC,vic_calsim3,11.5056
1992-11-30,MRC,vic_calsim3,4.5951
1992-12-31,MRC,vic_calsim3,49.0671
1993-01-31,MRC,vic_calsim3,309.9053
1993-02-28,MRC,vic_calsim3,214.7448
1993-03-31,MRC,vic_calsim3,279.3334
1993-04-30,MRC,vic_calsim3,233.0244
1993-05-31,MRC,vic_calsim3,366.0414
1993-06-30,MRC,vic_calsim3,360.5747
1993-07-31,MRC,vic_calsim3,77.0355
1993-08-31,MRC,vic_calsim3,6.4198
1993-09-30,MRC,vic_calsim3,2.3927
1993-10-31,MRC,vic_calsim3,5.2962
1993-11-30,MRC,vic_calsim3,8.5534
1993-12-31,MRC,vic_calsim3,19.0176
1994-01-31,MRC,vic_calsim3,14.0628
1994-02-28,MRC,vic_calsim3,40.9869
1994-03-31,MRC,vic_calsim3,42.6824
1994-04-30,MRC,vic_calsim3,71.9269
1994-05-31,MRC,vic_calsim3,89.6627
1994-06-30,MRC,vic_calsim3,18.5706
1994-07-31,MRC,vic_calsim3,3.0978
1994-08-31,MRC,vic_calsim3,2.3114
1994-09-30,MRC,vic_calsim3,5.2563
1994-10-31,MRC,vic_calsim3,34.7560
1994-11-30,MRC,vic_calsim3,36.7622
1994-12-31,MRC,vic_calsim3,25.0981
1995-01-31,MRC,vic_calsim3,385.5334
1995-02-28,MRC,vic_calsim3,193.0630
1995-03-31,MRC,vic_calsim3,646.5101
1995-04-30,MRC,vic_calsim3,273.3828
1995-05-31,MRC,vic_calsim3,350.9782
1995-06-30,MRC,vic_calsim3,451.3706
1995-07-31,MRC,vic_calsim3,268.6842
1995-08-31,MRC,vic_calsim3,24.2644
1995-09-30,MRC,vic_calsim3,2.8546
1995-10-31,MRC,vic_calsim3,2.4221
1995-11-30,MRC,vic_calsim3,2.3685
1995-12-31,MRC,vic_calsim3,62.1801
1996-01-31,MRC,vic_calsim3,67.3715
1996-02-29,MRC,vic_calsim3,297.5054
1996-03-31,MRC,vic_calsim3,313.4934
1996-04-30,MRC,vic_calsim3,242.8480
1996-05-31,MRC,vic_calsim3,442.3162
1996-06-30,MRC,vic_calsim3,163.4067
1996-07-31,MRC,vic_calsim3,21.2256
1996-08-31,MRC,vic_calsim3,2.8063
1996-09-30,MRC,vic_calsim3,2.2391
1996-10-31,MRC,vic_calsim3,10.4147
1996-11-30,MRC,vic_calsim3,92.4899
1996-12-31,MRC,vic_calsim3,241.0222
1997-01-31,MRC,vic_calsim3,702.1283
1997-02-28,MRC,vic_calsim3,175.9377
1997-03-31,MRC,vic_calsim3,145.9269
1997-04-30,MRC,vic_calsim3,156.2452
1997-05-31,MRC,vic_calsim3,243.0724
1997-06-30,MRC,vic_calsim3,86.3391
1997-07-31,MRC,vic_calsim3,21.5705
1997-08-31,MRC,vic_calsim3,3.1375
1997-09-30,MRC,vic_calsim3,3.1510
1997-10-31,MRC,vic_calsim3,2.8234
1997-11-30,MRC,vic_calsim3,13.5327
1997-12-31,MRC,vic_calsim3,18.1552
1998-01-31,MRC,vic_calsim3,90.8169
1998-02-28,MRC,vic_calsim3,358.5251
1998-03-31,MRC,vic_calsim3,306.9123
1998-04-30,MRC,vic_calsim3,229.1870
1998-05-31,MRC,vic_calsim3,205.0245
1998-06-30,MRC,vic_calsim3,501.6357
1998-07-31,MRC,vic_calsim3,300.3673
1998-08-31,MRC,vic_calsim3,22.5700
1998-09-30,MRC,vic_calsim3,4.9219
1998-10-31,MRC,vic_calsim3,3.4696
1998-11-30,MRC,vic_calsim3,16.1144
1998-12-31,MRC,vic_calsim3,15.1501
1999-01-31,MRC,vic_calsim3,63.1514
1999-02-28,MRC,vic_calsim3,141.4699
1999-03-31,MRC,vic_calsim3,105.4243
1999-04-30,MRC,vic_calsim3,138.0365
1999-05-31,MRC,vic_calsim3,263.9335
1999-06-30,MRC,vic_calsim3,97.5421
1999-07-31,MRC,vic_calsim3,15.4946
1999-08-31,MRC,vic_calsim3,2.6341
1999-09-30,MRC,vic_calsim3,2.2734
1999-10-31,MRC,vic_calsim3,2.8748
1999-11-30,MRC,vic_calsim3,12.6347
1999-12-31,MRC,vic_calsim3,3.2156
2000-01-31,MRC,vic_calsim3,137.3181
2000-02-29,MRC,vic_calsim3,162.5297
2000-03-31,MRC,vic_calsim3,246.1530
2000-04-30,MRC,vic_calsim3,280.3914
2000-05-31,MRC,vic_calsim3,144.3424
2000-06-30,MRC,vic_calsim3,33.4726
2000-07-31,MRC,vic_calsim3,3.9794
2000-08-31,MRC,vic_calsim3,2.5396
2000-09-30,MRC,vic_calsim3,3.3212
2000-10-31,MRC,vic_calsim3,12.1881
2000-11-30,MRC,vic_calsim3,5.7902
2000-12-31,MRC,vic_calsim3,5.6342
2001-01-31,MRC,vic_calsim3,27.4220
2001-02-28,MRC,vic_calsim3,31.4336
2001-03-31,MRC,vic_calsim3,107.5079
2001-04-30,MRC,vic_calsim3,98.9131
2001-05-31,MRC,vic_calsim3,220.4500
2001-06-30,MRC,vic_calsim3,49.2442
2001-07-31,MRC,vic_calsim3,4.1910
2001-08-31,MRC,vic_calsim3,2.5042
2001-09-30,MRC,vic_calsim3,2.6683
2001-10-31,MRC,vic_calsim3,4.5153
2001-11-30,MRC,vic_calsim3,31.4775
2001-12-31,MRC,vic_calsim3,66.0615
2002-01-31,MRC,vic_calsim3,71.6485
2002-02-28,MRC,vic_calsim3,56.6901
2002-03-31,MRC,vic_calsim3,96.1290
2002-04-30,MRC,vic_calsim3,143.2714
2002-05-31,MRC,vic_calsim3,193.1708
2002-06-30,MRC,vic_calsim3,112.8530
2002-07-31,MRC,vic_calsim3,6.5028
2002-08-31,MRC,vic_calsim3,2.4741
2002-09-30,MRC,vic_calsim3,2.5379
2002-10-31,MRC,vic_calsim3,2.2692
2002-11-30,MRC,vic_calsim3,116.9388
2002-12-31,MRC,vic_calsim3,50.2752
2003-01-31,MRC,vic_calsim3,30.2186
2003-02-28,MRC,vic_calsim3,38.1970
2003-03-31,MRC,vic_calsim3,75.1585
2003-04-30,MRC,vic_calsim3,163.4203
2003-05-31,MRC,vic_calsim3,304.5847
2003-06-30,MRC,vic_calsim3,132.8168
2003-07-31,MRC,vic_calsim3,7.7980
2003-08-31,MRC,vic_calsim3,4.7308
2003-09-30,MRC,vic_calsim3,2.4080
2003-10-31,MRC,vic_calsim3,2.2197
2003-11-30,MRC,vic_calsim3,9.7506
2003-12-31,MRC,vic_calsim3,46.1296
2004-01-31,MRC,vic_calsim3,27.5123
2004-02-29,MRC,vic_calsim3,77.9893
2004-03-31,MRC,vic_calsim3,163.1129
2004-04-30,MRC,vic_calsim3,134.3845
2004-05-31,MRC,vic_calsim3,120.1429
2004-06-30,MRC,vic_calsim3,18.9458
2004-07-31,MRC,vic_calsim3,3.2723
2004-08-31,MRC,vic_calsim3,2.4909
2004-09-30,MRC,vic_calsim3,2.2880
2004-10-31,MRC,vic_calsim3,61.9220
2004-11-30,MRC,vic_calsim3,11.7463
2004-12-31,MRC,vic_calsim3,32.3010
2005-01-31,MRC,vic_calsim3,281.7551
2005-02-28,MRC,vic_calsim3,190.7017
2005-03-31,MRC,vic_calsim3,286.0981
2005-04-30,MRC,vic_calsim3,189.9411
2005-05-31,MRC,vic_calsim3,401.0450
2005-06-30,MRC,vic_calsim3,314.2132
2005-07-31,MRC,vic_calsim3,110.0548
2005-08-31,MRC,vic_calsim3,7.8498
2005-09-30,MRC,vic_calsim3,3.2217
2005-10-31,MRC,vic_calsim3,4.0168
2005-11-30,MRC,vic_calsim3,5.8308
2005-12-31,MRC,vic_calsim3,77.7261
2006-01-31,MRC,vic_calsim3,164.6699
2006-02-28,MRC,vic_calsim3,99.9659
2006-03-31,MRC,vic_calsim3,241.5831
2006-04-30,MRC,vic_calsim3,461.7005
2006-05-31,MRC,vic_calsim3,551.0316
2006-06-30,MRC,vic_calsim3,279.4188
2006-07-31,MRC,vic_calsim3,35.9055
2006-08-31,MRC,vic_calsim3,3.0178
2006-09-30,MRC,vic_calsim3,2.2304
2006-10-31,MRC,vic_calsim3,4.1649
2006-11-30,MRC,vic_calsim3,6.8963
2006-12-31,MRC,vic_calsim3,25.7775
2007-01-31,MRC,vic_calsim3,8.6728
2007-02-28,MRC,vic_calsim3,29.8022
2007-03-31,MRC,vic_calsim3,46.1962
2007-04-30,MRC,vic_calsim3,75.6554
2007-05-31,MRC,vic_calsim3,31.4323
2007-06-30,MRC,vic_calsim3,4.2496
2007-07-31,MRC,vic_calsim3,2.5632
2007-08-31,MRC,vic_calsim3,2.3764
2007-09-30,MRC,vic_calsim3,2.5888
2007-10-31,MRC,vic_calsim3,3.4910
2007-11-30,MRC,vic_calsim3,2.7462
2007-12-31,MRC,vic_calsim3,14.0874
2008-01-31,MRC,vic_calsim3,85.9874
2008-02-29,MRC,vic_calsim3,78.7399
2008-03-31,MRC,vic_calsim3,95.3610
2008-04-30,MRC,vic_calsim3,113.5230
2008-05-31,MRC,vic_calsim3,132.5944
2008-06-30,MRC,vic_calsim3,47.9544
2008-07-31,MRC,vic_calsim3,4.8974
2008-08-31,MRC,vic_calsim3,2.3582
2008-09-30,MRC,vic_calsim3,2.0757
2008-10-31,MRC,vic_calsim3,5.7937
2008-11-30,MRC,vic_calsim3,28.7302
2008-12-31,MRC,vic_calsim3,20.0888
2009-01-31,MRC,vic_calsim3,66.2179
2009-02-28,MRC,vic_calsim3,67.8236
2009-03-31,MRC,vic_calsim3,199.0235
2009-04-30,MRC,vic_calsim3,180.6472
2009-05-31,MRC,vic_calsim3,234.7603
2009-06-30,MRC,vic_calsim3,27.1328
2009-07-31,MRC,vic_calsim3,4.1920
2009-08-31,MRC,vic_calsim3,2.8014
2009-09-30,MRC,vic_calsim3,2.1248
2009-10-31,MRC,vic_calsim3,19.9251
2009-11-30,MRC,vic_calsim3,3.8287
2009-12-31,MRC,vic_calsim3,51.5918
2010-01-31,MRC,vic_calsim3,45.4176
2010-02-28,MRC,vic_calsim3,68.3254
2010-03-31,MRC,vic_calsim3,166.3945
2010-04-30,MRC,vic_calsim3,145.2663
2010-05-31,MRC,vic_calsim3,189.9730
2010-06-30,MRC,vic_calsim3,225.7044
2010-07-31,MRC,vic_calsim3,21.8442
2010-08-31,MRC,vic_calsim3,2.6539
2010-09-30,MRC,vic_calsim3,2.1842
2010-10-31,MRC,vic_calsim3,24.9859
2010-11-30,MRC,vic_calsim3,24.6995
2010-12-31,MRC,vic_calsim3,129.2032
2011-01-31,MRC,vic_calsim3,150.3513
2011-02-28,MRC,vic_calsim3,110.3307
2011-03-31,MRC,vic_calsim3,384.2857
2011-04-30,MRC,vic_calsim3,245.5883
2011-05-31,MRC,vic_calsim3,262.8917
2011-06-30,MRC,vic_calsim3,423.7062
2011-07-31,MRC,vic_calsim3,106.6666
2011-08-31,MRC,vic_calsim3,11.4833
2011-09-30,MRC,vic_calsim3,7.3192
2011-10-31,MRC,vic_calsim3,14.7856
2011-11-30,MRC,vic_calsim3,7.3434
2011-12-31,MRC,vic_calsim3,3.5517
2012-01-31,MRC,vic_calsim3,30.7326
2012-02-29,MRC,vic_calsim3,10.6062
2012-03-31,MRC,vic_calsim3,38.8716
2012-04-30,MRC,vic_calsim3,135.0410
2012-05-31,MRC,vic_calsim3,89.1555
2012-06-30,MRC,vic_calsim3,8.8070
2012-07-31,MRC,vic_calsim3,2.9874
2012-08-31,MRC,vic_calsim3,2.3510
2012-09-30,MRC,vic_calsim3,2.0871
2012-10-31,MRC,vic_calsim3,4.6771
2012-11-30,MRC,vic_calsim3,22.3669
2012-12-31,MRC,vic_calsim3,70.1087
2013-01-31,MRC,vic_calsim3,21.4556
2013-02-28,MRC,vic_calsim3,25.0187
2013-03-31,MRC,vic_calsim3,63.1720
2013-04-30,MRC,vic_calsim3,110.0807
2013-05-31,MRC,vic_calsim3,113.3793
2013-06-30,MRC,vic_calsim3,14.7141
2013-07-31,MRC,vic_calsim3,3.4736
2013-08-31,MRC,vic_calsim3,2.3625
2013-09-30,MRC,vic_calsim3,3.5106
2013-10-31,MRC,vic_calsim3,3.7843
2013-11-30,MRC,vic_calsim3,5.6027
2013-12-31,MRC,vic_calsim3,9.0675
2014-01-31,MRC,vic_calsim3,9.4362
2014-02-28,MRC,vic_calsim3,26.4791
2014-03-31,MRC,vic_calsim3,32.6886
2014-04-30,MRC,vic_calsim3,68.8737
2014-05-31,MRC,vic_calsim3,41.2306
2014-06-30,MRC,vic_calsim3,6.8435
2014-07-31,MRC,vic_calsim3,3.4502
2014-08-31,MRC,vic_calsim3,2.5466
2014-09-30,MRC,vic_calsim3,3.2812
2014-10-31,MRC,vic_calsim3,2.2372
2014-11-30,MRC,vic_calsim3,10.5430
2014-12-31,MRC,vic_calsim3,28.5313
2015-01-31,MRC,vic_calsim3,8.7870
2015-02-28,MRC,vic_calsim3,27.9463
2015-03-31,MRC,vic_calsim3,16.3308
2015-04-30,MRC,vic_calsim3,33.8417
2015-05-31,MRC,vic_calsim3,43.8165
2015-06-30,MRC,vic_calsim3,11.6861
2015-07-31,MRC,vic_calsim3,7.3726
2015-08-31,MRC,vic_calsim3,2.6150
2015-09-30,MRC,vic_calsim3,2.4523
2015-10-31,MRC,vic_calsim3,10.2694
2015-11-30,MRC,vic_calsim3,24.3365
2015-12-31,MRC,vic_calsim3,41.7423
2016-01-31,MRC,vic_calsim3,78.5770
2016-02-29,MRC,vic_calsim3,138.4924
2016-03-31,MRC,vic_calsim3,326.4663
2016-04-30,MRC,vic_calsim3,247.9252
2016-05-31,MRC,vic_calsim3,153.1651
2016-06-30,MRC,vic_calsim3,93.8305
2016-07-31,MRC,vic_calsim3,8.7171
2016-08-31,MRC,vic_calsim3,2.4705
2016-09-30,MRC,vic_calsim3,2.1849
2016-10-31,MRC,vic_calsim3,33.4074
2016-11-30,MRC,vic_calsim3,12.5052
2016-12-31,MRC,vic_calsim3,91.2861
2017-01-31,MRC,vic_calsim3,427.6589
2017-02-28,MRC,vic_calsim3,558.9046
2017-03-31,MRC,vic_calsim3,316.7895
2017-04-30,MRC,vic_calsim3,366.8072
2017-05-31,MRC,vic_calsim3,483.6066
2017-06-30,MRC,vic_calsim3,429.9793
2017-07-31,MRC,vic_calsim3,99.0152
2017-08-31,MRC,vic_calsim3,18.8061
2017-09-30,MRC,vic_calsim3,6.2903
2017-10-31,MRC,vic_calsim3,3.6860
2017-11-30,MRC,vic_calsim3,24.4341
2017-12-31,MRC,vic_calsim3,6.8536
2018-01-31,MRC,vic_calsim3,32.1476
2018-02-28,MRC,vic_calsim3,15.6091
2018-03-31,MRC,vic_calsim3,145.1284
2018-04-30,MRC,vic_calsim3,329.4786
2018-05-31,MRC,vic_calsim3,153.9813
2018-06-30,MRC,vic_calsim3,28.7797
2018-07-31,MRC,vic_calsim3,3.5157
2018-08-31,MRC,vic_calsim3,2.3299
2018-09-30,MRC,vic_calsim3,2.0946
1990-10-31,MIL,vic_calsim3,3.6116
1990-11-30,MIL,vic_calsim3,4.6270
1990-12-31,MIL,vic_calsim3,6.5744
1991-01-31,MIL,vic_calsim3,12.8310
1991-02-28,MIL,vic_calsim3,15.6541
1991-03-31,MIL,vic_calsim3,204.7116
1991-04-30,MIL,vic_calsim3,224.1442
1991-05-31,MIL,vic_calsim3,265.1179
1991-06-30,MIL,vic_calsim3,377.2916
1991-07-31,MIL,vic_calsim3,31.4102
1991-08-31,MIL,vic_calsim3,4.7195
1991-09-30,MIL,vic_calsim3,4.0947
1991-10-31,MIL,vic_calsim3,12.8612
1991-11-30,MIL,vic_calsim3,18.2304
1991-12-31,MIL,vic_calsim3,18.4330
1992-01-31,MIL,vic_calsim3,19.6428
1992-02-29,MIL,vic_calsim3,73.0291
1992-03-31,MIL,vic_calsim3,104.1794
1992-04-30,MIL,vic_calsim3,224.2044
1992-05-31,MIL,vic_calsim3,122.4931
1992-06-30,MIL,vic_calsim3,13.5718
1992-07-31,MIL,vic_calsim3,11.1798
1992-08-31,MIL,vic_calsim3,4.0824
1992-09-30,MIL,vic_calsim3,3.4294
1992-10-31,MIL,vic_calsim3,20.2194
1992-11-30,MIL,vic_calsim3,7.4430
1992-12-31,MIL,vic_calsim3,40.0268
1993-01-31,MIL,vic_calsim3,263.2383
1993-02-28,MIL,vic_calsim3,246.3907
1993-03-31,MIL,vic_calsim3,395.9004
1993-04-30,MIL,vic_calsim3,279.9100
1993-05-31,MIL,vic_calsim3,701.4114
1993-06-30,MIL,vic_calsim3,684.6910
1993-07-31,MIL,vic_calsim3,120.7992
1993-08-31,MIL,vic_calsim3,7.9980
1993-09-30,MIL,vic_calsim3,3.6438
1993-10-31,MIL,vic_calsim3,4.9900
1993-11-30,MIL,vic_calsim3,11.5155
1993-12-31,MIL,vic_calsim3,20.1227
1994-01-31,MIL,vic_calsim3,18.4932
1994-02-28,MIL,vic_calsim3,37.8332
1994-03-31,MIL,vic_calsim3,72.3281
1994-04-30,MIL,vic_calsim3,116.1572
1994-05-31,MIL,vic_calsim3,173.5569
1994-06-30,MIL,vic_calsim3,56.9401
1994-07-31,MIL,vic_calsim3,6.0750
1994-08-31,MIL,vic_calsim3,3.5419
1994-09-30,MIL,vic_calsim3,10.3550
1994-10-31,MIL,vic_calsim3,29.3631
1994-11-30,MIL,vic_calsim3,26.9569
1994-12-31,MIL,vic_calsim3,24.3182
1995-01-31,MIL,vic_calsim3,360.8596
1995-02-28,MIL,vic_calsim3,218.8995
1995-03-31,MIL,vic_calsim3,742.9926
1995-04-30,MIL,vic_calsim3,413.5707
1995-05-31,MIL,vic_calsim3,553.9163
1995-06-30,MIL,vic_calsim3,772.7783
1995-07-31,MIL,vic_calsim3,691.6390
1995-08-31,MIL,vic_calsim3,40.3189
1995-09-30,MIL,vic_calsim3,4.9238
1995-10-31,MIL,vic_calsim3,3.9052
1995-11-30,MIL,vic_calsim3,3.6216
1995-12-31,MIL,vic_calsim3,54.5155
1996-01-31,MIL,vic_calsim3,49.7588
1996-02-29,MIL,vic_calsim3,269.5270
1996-03-31,MIL,vic_calsim3,367.4120
1996-04-30,MIL,vic_calsim3,352.4116
1996-05-31,MIL,vic_calsim3,758.3590
1996-06-30,MIL,vic_calsim3,249.6242
1996-07-31,MIL,vic_calsim3,18.0704
1996-08-31,MIL,vic_calsim3,4.6314
1996-09-30,MIL,vic_calsim3,3.3946
1996-10-31,MIL,vic_calsim3,12.5719
1996-11-30,MIL,vic_calsim3,125.2418
1996-12-31,MIL,vic_calsim3,261.3311
1997-01-31,MIL,vic_calsim3,871.0382
1997-02-28,MIL,vic_calsim3,218.7955
1997-03-31,MIL,vic_calsim3,289.3526
1997-04-30,MIL,vic_calsim3,321.6556
1997-05-31,MIL,vic_calsim3,416.5536
1997-06-30,MIL,vic_calsim3,187.2086
1997-07-31,MIL,vic_calsim3,33.9756
1997-08-31,MIL,vic_calsim3,5.0864
1997-09-30,MIL,vic_calsim3,4.2801
1997-10-31,MIL,vic_calsim3,4.4832
1997-11-30,MIL,vic_calsim3,17.8250
1997-12-31,MIL,vic_calsim3,19.7863
1998-01-31,MIL,vic_calsim3,92.6579
1998-02-28,MIL,vic_calsim3,310.8542
1998-03-31,MIL,vic_calsim3,335.2697
1998-04-30,MIL,vic_calsim3,320.5537
1998-05-31,MIL,vic_calsim3,378.4428
1998-06-30,MIL,vic_calsim3,897.2514
1998-07-31,MIL,vic_calsim3,638.9680
1998-08-31,MIL,vic_calsim3,72.3997
1998-09-30,MIL,vic_calsim3,9.8894
1998-10-31,MIL,vic_calsim3,5.6268
1998-11-30,MIL,vic_calsim3,14.9344
1998-12-31,MIL,vic_calsim3,16.0023
1999-01-31,MIL,vic_calsim3,66.4125
1999-02-28,MIL,vic_calsim3,81.7683
1999-03-31,MIL,vic_calsim3,96.8625
1999-04-30,MIL,vic_calsim3,214.7721
1999-05-31,MIL,vic_calsim3,441.3288
1999-06-30,MIL,vic_calsim3,241.9049
1999-07-31,MIL,vic_calsim3,24.7087
1999-08-31,MIL,vic_calsim3,4.5731
1999-09-30,MIL,vic_calsim3,4.0055
1999-10-31,MIL,vic_calsim3,3.6458
1999-11-30,MIL,vic_calsim3,12.6172
1999-12-31,MIL,vic_calsim3,4.0393
2000-01-31,MIL,vic_calsim3,113.7038
2000-02-29,MIL,vic_calsim3,164.1949
2000-03-31,MIL,vic_calsim3,302.2982
2000-04-30,MIL,vic_calsim3,328.6993
2000-05-31,MIL,vic_calsim3,338.1772
2000-06-30,MIL,vic_calsim3,101.0527
2000-07-31,MIL,vic_calsim3,7.7343
2000-08-31,MIL,vic_calsim3,4.3677
2000-09-30,MIL,vic_calsim3,4.4352
2000-10-31,MIL,vic_calsim3,16.0094
2000-11-30,MIL,vic_calsim3,7.3574
2000-12-31,MIL,vic_calsim3,8.0234
2001-01-31,MIL,vic_calsim3,25.6668
2001-02-28,MIL,vic_calsim3,28.7575
2001-03-31,MIL,vic_calsim3,122.1637
2001-04-30,MIL,vic_calsim3,186.3423
2001-05-31,MIL,vic_calsim3,543.9972
2001-06-30,MIL,vic_calsim3,256.5444
2001-07-31,MIL,vic_calsim3,22.1851
2001-08-31,MIL,vic_calsim3,5.0167
2001-09-30,MIL,vic_calsim3,4.1747
2001-10-31,MIL,vic_calsim3,7.0813
2001-11-30,MIL,vic_calsim3,33.1840
2001-12-31,MIL,vic_calsim3,61.6264
2002-01-31,MIL,vic_calsim3,76.7201
2002-02-28,MIL,vic_calsim3,68.0030
2002-03-31,MIL,vic_calsim3,119.2203
2002-04-30,MIL,vic_calsim3,202.5612
2002-05-31,MIL,vic_calsim3,299.1280
2002-06-30,MIL,vic_calsim3,263.6763
2002-07-31,MIL,vic_calsim3,35.1305
2002-08-31,MIL,vic_calsim3,4.2725
2002-09-30,MIL,vic_calsim3,3.7470
2002-10-31,MIL,vic_calsim3,3.4842
2002-11-30,MIL,vic_calsim3,109.8289
2002-12-31,MIL,vic_calsim3,48.7092
2003-01-31,MIL,vic_calsim3,47.4793
2003-02-28,MIL,vic_calsim3,50.6096
2003-03-31,MIL,vic_calsim3,99.7317
2003-04-30,MIL,vic_calsim3,160.4128
2003-05-31,MIL,vic_calsim3,430.8270
2003-06-30,MIL,vic_calsim3,403.2599
2003-07-31,MIL,vic_calsim3,27.3929
2003-08-31,MIL,vic_calsim3,6.2946
2003-09-30,MIL,vic_calsim3,3.8936
2003-10-31,MIL,vic_calsim3,3.5195
2003-11-30,MIL,vic_calsim3,7.3792
2003-12-31,MIL,vic_calsim3,34.1786
2004-01-31,MIL,vic_calsim3,21.3334
2004-02-29,MIL,vic_calsim3,47.6590
2004-03-31,MIL,vic_calsim3,168.2857
2004-04-30,MIL,vic_calsim3,145.0245
2004-05-31,MIL,vic_calsim3,230.5813
2004-06-30,MIL,vic_calsim3,53.8577
2004-07-31,MIL,vic_calsim3,7.1829
2004-08-31,MIL,vic_calsim3,4.1512
2004-09-30,MIL,vic_calsim3,3.4512
2004-10-31,MIL,vic_calsim3,46.7796
2004-11-30,MIL,vic_calsim3,15.5328
2004-12-31,MIL,vic_calsim3,44.9592
2005-01-31,MIL,vic_calsim3,227.7209
2005-02-28,MIL,vic_calsim3,217.7154
2005-03-31,MIL,vic_calsim3,330.3913
2005-04-30,MIL,vic_calsim3,244.6458
2005-05-31,MIL,vic_calsim3,784.6250
2005-06-30,MIL,vic_calsim3,1228.0059
2005-07-31,MIL,vic_calsim3,542.3739
2005-08-31,MIL,vic_calsim3,44.2062
2005-09-30,MIL,vic_calsim3,7.7235
2005-10-31,MIL,vic_calsim3,6.3756
2005-11-30,MIL,vic_calsim3,8.0830
2005-12-31,MIL,vic_calsim3,72.1417
2006-01-31,MIL,vic_calsim3,130.6293
2006-02-28,MIL,vic_calsim3,109.9097
2006-03-31,MIL,vic_calsim3,252.2368
2006-04-30,MIL,vic_calsim3,634.7191
2006-05-31,MIL,vic_calsim3,1234.4927
2006-06-30,MIL,vic_calsim3,1207.1168
2006-07-31,MIL,vic_calsim3,247.8291
2006-08-31,MIL,vic_calsim3,16.5697
2006-09-30,MIL,vic_calsim3,5.2598
2006-10-31,MIL,vic_calsim3,7.4461
2006-11-30,MIL,vic_calsim3,8.7263
2006-12-31,MIL,vic_calsim3,25.2821
2007-01-31,MIL,vic_calsim3,12.8571
2007-02-28,MIL,vic_calsim3,33.7521
2007-03-31,MIL,vic_calsim3,79.9395
2007-04-30,MIL,vic_calsim3,200.8750
2007-05-31,MIL,vic_calsim3,261.2507
2007-06-30,MIL,vic_calsim3,35.5989
2007-07-31,MIL,vic_calsim3,5.0819
2007-08-31,MIL,vic_calsim3,3.9445
2007-09-30,MIL,vic_calsim3,3.5291
2007-10-31,MIL,vic_calsim3,3.9832
2007-11-30,MIL,vic_calsim3,3.6682
2007-12-31,MIL,vic_calsim3,14.6282
2008-01-31,MIL,vic_calsim3,39.0203
2008-02-29,MIL,vic_calsim3,48.5667
2008-03-31,MIL,vic_calsim3,100.7936
2008-04-30,MIL,vic_calsim3,181.8485
2008-05-31,MIL,vic_calsim3,385.3886
2008-06-30,MIL,vic_calsim3,191.9424
2008-07-31,MIL,vic_calsim3,25.6795
2008-08-31,MIL,vic_calsim3,4.2583
2008-09-30,MIL,vic_calsim3,3.2912
2008-10-31,MIL,vic_calsim3,8.0297
2008-11-30,MIL,vic_calsim3,28.2314
2008-12-31,MIL,vic_calsim3,15.6750
2009-01-31,MIL,vic_calsim3,60.0895
2009-02-28,MIL,vic_calsim3,47.7947
2009-03-31,MIL,vic_calsim3,148.1784
2009-04-30,MIL,vic_calsim3,203.1939
2009-05-31,MIL,vic_calsim3,530.2592
2009-06-30,MIL,vic_calsim3,122.2791
2009-07-31,MIL,vic_calsim3,18.1319
2009-08-31,MIL,vic_calsim3,4.3463
2009-09-30,MIL,vic_calsim3,3.1949
2009-10-31,MIL,vic_calsim3,67.0900
2009-11-30,MIL,vic_calsim3,7.2065
2009-12-31,MIL,vic_calsim3,30.9518
2010-01-31,MIL,vic_calsim3,40.6074
2010-02-28,MIL,vic_calsim3,67.0533
2010-03-31,MIL,vic_calsim3,177.5728
2010-04-30,MIL,vic_calsim3,230.7852
2010-05-31,MIL,vic_calsim3,362.0538
2010-06-30,MIL,vic_calsim3,791.6019
2010-07-31,MIL,vic_calsim3,99.0775
2010-08-31,MIL,vic_calsim3,7.6750
2010-09-30,MIL,vic_calsim3,3.6368
2010-10-31,MIL,vic_calsim3,18.6455
2010-11-30,MIL,vic_calsim3,21.8818
2010-12-31,MIL,vic_calsim3,125.7760
2011-01-31,MIL,vic_calsim3,149.5990
2011-02-28,MIL,vic_calsim3,106.5219
2011-03-31,MIL,vic_calsim3,333.7366
2011-04-30,MIL,vic_calsim3,324.1726
2011-05-31,MIL,vic_calsim3,461.8347
2011-06-30,MIL,vic_calsim3,988.3481
2011-07-31,MIL,vic_calsim3,423.3812
2011-08-31,MIL,vic_calsim3,40.7697
2011-09-30,MIL,vic_calsim3,9.0752
2011-10-31,MIL,vic_calsim3,23.2011
2011-11-30,MIL,vic_calsim3,15.1158
2011-12-31,MIL,vic_calsim3,7.4988
2012-01-31,MIL,vic_calsim3,31.1253
2012-02-29,MIL,vic_calsim3,14.2481
2012-03-31,MIL,vic_calsim3,45.5478
2012-04-30,MIL,vic_calsim3,148.7485
2012-05-31,MIL,vic_calsim3,221.9066
2012-06-30,MIL,vic_calsim3,25.4737
2012-07-31,MIL,vic_calsim3,5.3480
2012-08-31,MIL,vic_calsim3,3.5449
2012-09-30,MIL,vic_calsim3,2.9549
2012-10-31,MIL,vic_calsim3,5.9039
2012-11-30,MIL,vic_calsim3,22.8891
2012-12-31,MIL,vic_calsim3,93.0843
2013-01-31,MIL,vic_calsim3,18.6874
2013-02-28,MIL,vic_calsim3,20.2845
2013-03-31,MIL,vic_calsim3,68.4416
2013-04-30,MIL,vic_calsim3,118.0495
2013-05-31,MIL,vic_calsim3,155.7754
2013-06-30,MIL,vic_calsim3,25.3085
2013-07-31,MIL,vic_calsim3,5.0830
2013-08-31,MIL,vic_calsim3,3.4941
2013-09-30,MIL,vic_calsim3,3.7569
2013-10-31,MIL,vic_calsim3,4.7617
2013-11-30,MIL,vic_calsim3,6.4292
2013-12-31,MIL,vic_calsim3,8.3494
2014-01-31,MIL,vic_calsim3,9.7998
2014-02-28,MIL,vic_calsim3,24.3800
2014-03-31,MIL,vic_calsim3,40.4785
2014-04-30,MIL,vic_calsim3,73.7599
2014-05-31,MIL,vic_calsim3,60.2434
2014-06-30,MIL,vic_calsim3,13.6775
2014-07-31,MIL,vic_calsim3,4.9611
2014-08-31,MIL,vic_calsim3,3.4713
2014-09-30,MIL,vic_calsim3,4.2194
2014-10-31,MIL,vic_calsim3,3.2781
2014-11-30,MIL,vic_calsim3,13.0573
2014-12-31,MIL,vic_calsim3,30.8658
2015-01-31,MIL,vic_calsim3,12.3916
2015-02-28,MIL,vic_calsim3,30.8734
2015-03-31,MIL,vic_calsim3,32.6814
2015-04-30,MIL,vic_calsim3,51.5732
2015-05-31,MIL,vic_calsim3,60.3979
2015-06-30,MIL,vic_calsim3,23.0003
2015-07-31,MIL,vic_calsim3,9.0187
2015-08-31,MIL,vic_calsim3,3.6945
2015-09-30,MIL,vic_calsim3,3.3062
2015-10-31,MIL,vic_calsim3,8.3764
2015-11-30,MIL,vic_calsim3,21.7003
2015-12-31,MIL,vic_calsim3,52.5916
2016-01-31,MIL,vic_calsim3,53.6064
2016-02-29,MIL,vic_calsim3,120.1765
2016-03-31,MIL,vic_calsim3,362.9814
2016-04-30,MIL,vic_calsim3,360.5584
2016-05-31,MIL,vic_calsim3,315.6078
2016-06-30,MIL,vic_calsim3,332.6331
2016-07-31,MIL,vic_calsim3,30.8315
2016-08-31,MIL,vic_calsim3,4.2757
2016-09-30,MIL,vic_calsim3,3.4120
2016-10-31,MIL,vic_calsim3,24.0346
2016-11-30,MIL,vic_calsim3,17.4365
2016-12-31,MIL,vic_calsim3,116.5528
2017-01-31,MIL,vic_calsim3,392.4684
2017-02-28,MIL,vic_calsim3,575.5521
2017-03-31,MIL,vic_calsim3,422.3891
2017-04-30,MIL,vic_calsim3,505.4243
2017-05-31,MIL,vic_calsim3,947.8004
2017-06-30,MIL,vic_calsim3,915.5888
2017-07-31,MIL,vic_calsim3,206.1668
2017-08-31,MIL,vic_calsim3,14.8443
2017-09-30,MIL,vic_calsim3,7.7687
2017-10-31,MIL,vic_calsim3,4.5845
2017-11-30,MIL,vic_calsim3,18.1634
2017-12-31,MIL,vic_calsim3,7.1021
2018-01-31,MIL,vic_calsim3,29.7601
2018-02-28,MIL,vic_calsim3,12.8934
2018-03-31,MIL,vic_calsim3,169.5988
2018-04-30,MIL,vic_calsim3,401.6027
2018-05-31,MIL,vic_calsim3,327.5501
2018-06-30,MIL,vic_calsim3,109.6696
2018-07-31,MIL,vic_calsim3,9.3192
2018-08-31,MIL,vic_calsim3,3.6448
2018-09-30,MIL,vic_calsim3,3.0328
