arc,node,entity,basis,trained_cell_frac,system,tier1_set,sq_mi,cover_frac,n_cells,n_nan_cells,nan_weight_frac,has_series,window,win_start,win_end,n_months,kge,nse,pbias,r,alpha,beta,seas_mismatch,ct_diff,sim_taf_yr,ref_taf_yr,excluded_wy
I_ALD002,ALD002,cdec_FOL,trained entity,1.0,FOLS,UF11,3.3370649331,1.0153814415552105,2,0,0.0,True,WY1976-85,1975-10,1985-09,120,0.7198058899092548,0.4559490109920229,-10.621664166614927,0.7470926677818731,1.0571370779181042,0.8937833583338508,0.21646349485980929,-0.5539372840273638,4.56455160687561,5.106999995373189,
I_ALD002,ALD002,cdec_FOL,trained entity,1.0,FOLS,UF11,3.3370649331,1.0153814415552105,2,0,0.0,True,WY1976-84,1975-10,1984-09,108,0.7171487342540075,0.4467354618733429,-10.356113646296363,0.7444570148022561,1.0630691070559521,0.8964388635370364,0.22026214119472165,-0.5413158257071444,4.830809427386841,5.388888884542717,
I_ALD002,ALD002,cdec_FOL,trained entity,1.0,FOLS,UF11,3.3370649331,1.0153814415552105,2,0,0.0,True,WY1950-84_mixed,1949-10,1984-09,420,0.6944602776037556,0.5404095844821304,-15.28621074214786,0.7561411641338993,0.8974301884243292,0.8471378925785215,0.21426204438170215,-0.5939105049391324,4.134032908272298,4.8799999911338094,
I_ALD002,ALD002,cdec_FOL,trained entity,1.0,FOLS,UF11,3.3370649331,1.0153814415552105,2,0,0.0,True,WY1976-85_own,1975-10,1985-09,0,,,,,,,,,,,
I_ALD002,ALD002,cdec_FOL,trained entity,1.0,FOLS,UF11,3.3370649331,1.0153814415552105,2,0,0.0,True,train,1987-10,2018-12,375,0.7439638458854724,0.5159419077336479,-10.410379877102917,0.7684871885887803,1.0334474131686173,0.8958962012289707,0.2346800122767264,-0.6422945054522025,3.7762383285863486,4.215040005087852,1976-1985
I_ALD004,ALD004,cdec_FOL,trained entity,1.0,FOLS,UF11,18.6571403474,1.0047880518579149,5,0,0.0,True,WY1976-85,1975-10,1985-09,120,0.8780728763393129,0.820432582790358,-4.174693673704062,0.9066928746628329,0.9335380024483448,0.9582530632629594,0.0933358610655987,-0.01823413697914056,27.314045348003614,28.504000034183264,
I_ALD004,ALD004,cdec_FOL,trained entity,1.0,FOLS,UF11,18.6571403474,1.0047880518579149,5,0,0.0,True,WY1976-84,1975-10,1984-09,108,0.8745029873265522,0.8161729546344962,-4.209943771618323,0.9043479150197822,0.9305175117538388,0.9579005622838168,0.09172576663653617,-0.03322796603142031,28.81471327763652,30.081111142618788,
I_ALD004,ALD004,cdec_FOL,trained entity,1.0,FOLS,UF11,18.6571403474,1.0047880518579149,5,0,0.0,True,WY1950-84_mixed,1949-10,1984-09,420,0.8091613998982801,0.8469234509476273,-7.146035308464487,0.925660873228519,0.8394182966317278,0.9285396469153552,0.06723022535125042,-0.04770378556807042,25.275379869664114,27.220571521776062,
I_ALD004,ALD004,cdec_FOL,trained entity,1.0,FOLS,UF11,18.6571403474,1.0047880518579149,5,0,0.0,True,WY1976-85_own,1975-10,1985-09,0,,,,,,,,,,,
I_ALD004,ALD004,cdec_FOL,trained entity,1.0,FOLS,UF11,18.6571403474,1.0047880518579149,5,0,0.0,True,train,1987-10,2018-12,375,0.8652265193596348,0.7869978790361196,-4.675280170757088,0.8890607023375813,0.9394150278486431,0.9532471982924291,0.13215393239230877,-0.377209835103379,22.443862069165398,23.544639952123166,1976-1985
I_ALMNR,ALMNR,cs_I_ALMNR,trained entity,1.0,OROV,UF8,355.493694935,1.0004542665616245,38,0,0.0,True,WY1976-85,1975-10,1985-09,120,0.7610940808806352,0.6096028193710858,-0.9383912303104173,0.8500453607809374,1.1857460270284048,0.9906160876968958,0.051013482876375756,0.10437184884251227,509.2806839260159,514.1050001621247,
I_ALMNR,ALMNR,cs_I_ALMNR,trained entity,1.0,OROV,UF8,355.493694935,1.0004542665616245,38,0,0.0,True,WY1976-84,1975-10,1984-09,108,0.7577572299824891,0.6012198856524413,-0.7050026177696527,0.8470150533130512,1.1876898048478977,0.9929499738223035,0.053587556762989715,0.13093947327557842,524.663733232393,528.3888887299431,
I_ALMNR,ALMNR,cs_I_ALMNR,trained entity,1.0,OROV,UF8,355.493694935,1.0004542665616245,38,0,0.0,True,WY1950-84_mixed,1949-10,1984-09,420,0.8648461740491357,0.7644222383431885,-4.417650501584844,0.8959180880955397,1.0740401829282817,0.9558234949841516,0.04193517621442745,0.16913557139933566,521.6786328042975,545.789714881352,
I_ALMNR,ALMNR,cs_I_ALMNR,trained entity,1.0,OROV,UF8,355.493694935,1.0004542665616245,38,0,0.0,True,WY1976-85_own,1975-10,1985-09,120,0.7610940808806352,0.6096028193710858,-0.9383912303104173,0.8500453607809374,1.1857460270284048,0.9906160876968958,0.051013482876375756,0.10437184884251227,509.2806839260159,514.1050001621247,
I_ALMNR,ALMNR,cs_I_ALMNR,trained entity,1.0,OROV,UF8,355.493694935,1.0004542665616245,38,0,0.0,True,train,1949-10,2015-09,672,0.8562993517644055,0.7935054877988241,-1.6873406229672618,0.913436058356689,1.1134541690406834,0.9831265937703273,0.0494778578700461,0.18371897575492557,496.4557565294272,504.9764289515359,1976-1985
I_ALOHA,ALOHA,cdec_FOL,trained entity,1.0,FOLS,UF11,3.43883618161,0.997872300906354,3,0,0.0,True,WY1976-85,1975-10,1985-09,120,0.6693263986806873,0.711294607939197,-31.312253041588036,0.8953495866350201,1.0186441019622468,0.6868774695841197,0.15866121195491956,0.28644598404891486,9.176682960993322,13.359999952465294,
I_ALOHA,ALOHA,cdec_FOL,trained entity,1.0,FOLS,UF11,3.43883618161,0.997872300906354,3,0,0.0,True,WY1976-84,1975-10,1984-09,108,0.66913197087157,0.708993839004479,-31.293145797455523,0.8956757622002479,1.0257683665906785,0.6870685420254449,0.17585131671227738,0.3519652446450907,9.501394486974108,13.828888831039269,
I_ALOHA,ALOHA,cdec_FOL,trained entity,1.0,FOLS,UF11,3.43883618161,0.997872300906354,3,0,0.0,True,WY1950-84_mixed,1949-10,1984-09,420,0.6974528637223425,0.7682550351842096,-29.032811178218886,0.9148917956427297,0.999024946216145,0.7096718882178111,0.15083642440603115,0.2569521933759056,9.326710715720438,13.142285710573198,
I_ALOHA,ALOHA,cdec_FOL,trained entity,1.0,FOLS,UF11,3.43883618161,0.997872300906354,3,0,0.0,True,WY1976-85_own,1975-10,1985-09,0,,,,,,,,,,,
I_ALOHA,ALOHA,cdec_FOL,trained entity,1.0,FOLS,UF11,3.43883618161,0.997872300906354,3,0,0.0,True,train,1987-10,2018-12,375,0.4807540517419646,0.6131194955574031,-43.84601964271347,0.867331134037052,0.7555250873083903,0.5615398035728654,0.09244960532268673,-0.4486718124150606,6.786814997724981,12.0860800152421,1976-1985
I_ANG017,ANG017,cdec_NML,trained entity,1.0,ST,UF16,2.25566313723,0.9685399694107556,2,0,0.0,True,WY1976-85,1975-10,1985-09,120,-0.10737975997314053,-0.09252879700702343,-82.35717883270664,0.8321056322793741,0.2790069878579827,0.17642821167293357,0.22207866220280797,-0.7727026310346252,1.5975574599320654,9.055000018328428,
I_ANG017,ANG017,cdec_NML,trained entity,1.0,ST,UF16,2.25566313723,0.9685399694107556,2,0,0.0,True,WY1976-84,1975-10,1984-09,108,-0.10084058144050978,-0.0981771540780012,-81.71020075244292,0.8346111041894085,0.2810835874815623,0.1828979924755708,0.22374121621695564,-0.7940035642995653,1.7432210928125227,9.531111135871873,
I_ANG017,ANG017,cdec_NML,trained entity,1.0,ST,UF16,2.25566313723,0.9685399694107556,2,0,0.0,True,WY1950-84_mixed,1949-10,1984-09,420,-0.2064107851703274,-0.2540926475625287,-86.78236443307516,0.6959606279489149,0.2190587953254352,0.1321763556692483,0.28017827049336813,-0.890473517785014,1.1262558418116126,8.520857123870934,
I_ANG017,ANG017,cdec_NML,trained entity,1.0,ST,UF16,2.25566313723,0.9685399694107556,2,0,0.0,True,WY1976-85_own,1975-10,1985-09,0,,,,,,,,,,,
I_ANG017,ANG017,cdec_NML,trained entity,1.0,ST,UF16,2.25566313723,0.9685399694107556,2,0,0.0,True,train,1987-10,2018-12,375,-0.22629452647960058,-0.12896476283372338,-89.18006949011402,0.8011186525679181,0.18211492501007753,0.10819930509885982,0.20442803973413057,-0.5453665125594647,0.8253962326344595,7.6284799785017965,1976-1985
I_ANT011,ANT011,cs_I_ANT011,trained entity,1.0,,UF7,123.775993873,1.0016227545370484,19,0,0.0,True,WY1976-85,1975-10,1985-09,120,0.8469328738996452,0.8836399800634805,-12.382435606073118,0.9465696390345193,0.9275964747690721,0.8761756439392688,0.04424548009929003,-0.010557469653668328,95.92896687737782,109.4860003709793,
I_ANT011,ANT011,cs_I_ANT011,trained entity,1.0,,UF7,123.775993873,1.0016227545370484,19,0,0.0,True,WY1976-84,1975-10,1984-09,108,0.841374375880009,0.8810576888124264,-13.249237995759648,0.9463031278339465,0.9312649739927953,0.8675076200424036,0.04861018155677323,0.018974292040787155,100.37159587546279,115.70111150211758,
I_ANT011,ANT011,cs_I_ANT011,trained entity,1.0,,UF7,123.775993873,1.0016227545370484,19,0,0.0,True,WY1950-84_mixed,1949-10,1984-09,420,0.7114884602429163,0.8375326845772585,-19.322783277406852,0.9442565258889504,0.7931314951268061,0.8067721672259315,0.052526626830360315,0.0620489117349754,91.90149243753326,113.912571815082,
I_ANT011,ANT011,cs_I_ANT011,trained entity,1.0,,UF7,123.775993873,1.0016227545370484,19,0,0.0,True,WY1976-85_own,1975-10,1985-09,84,0.6448890390127788,0.8437608887352384,-24.961440648689596,0.9685229906111736,0.7493894643727083,0.750385593513104,0.053876360693149696,-0.026180530262287505,74.57439229648811,99.38142861638751,
I_ANT011,ANT011,cs_I_ANT011,trained entity,1.0,,UF7,123.775993873,1.0016227545370484,19,0,0.0,True,train,1949-10,2015-09,672,0.7899095955306783,0.8665439532424495,-13.283759818417295,0.9430398599960309,0.8475280582878554,0.8671624018158269,0.045530530435430816,0.0735431464245071,90.12480799602866,103.93071448590075,1976-1985
I_ANTLP,ANTLP,cs_I_ANTLP,trained entity,1.0,OROV,UF8,70.9672749628,1.0015041007002665,12,0,0.0,True,WY1976-85,1975-10,1985-09,120,0.5293391821250787,0.6187798568173222,-13.754958670253897,0.8291511408543625,0.5835718741375834,0.8624504132974611,0.21602722367301969,-0.45404632343163076,30.788617298542157,35.69899999331683,
I_ANTLP,ANTLP,cs_I_ANTLP,trained entity,1.0,OROV,UF8,70.9672749628,1.0015041007002665,12,0,0.0,True,WY1976-84,1975-10,1984-09,108,0.5333935466993984,0.6216743061728791,-13.591335368192645,0.8300154119579538,0.5872599094092339,0.8640866463180735,0.2111987514349171,-0.44409505340856015,32.12386122860271,37.17666667513549,
I_ANTLP,ANTLP,cs_I_ANTLP,trained entity,1.0,OROV,UF8,70.9672749628,1.0015041007002665,12,0,0.0,True,WY1950-84_mixed,1949-10,1984-09,420,0.5297895072523552,0.6404875306878304,-6.933980852310424,0.8549302382240704,0.5581350176103144,0.9306601914768957,0.2255808066198967,-0.396764563885184,38.30171901284264,41.15542854805078,
I_ANTLP,ANTLP,cs_I_ANTLP,trained entity,1.0,OROV,UF8,70.9672749628,1.0015041007002665,12,0,0.0,True,WY1976-85_own,1975-10,1985-09,120,0.5293391821250787,0.6187798568173222,-13.754958670253897,0.8291511408543625,0.5835718741375834,0.8624504132974611,0.21602722367301969,-0.45404632343163076,30.788617298542157,35.69899999331683,
I_ANTLP,ANTLP,cs_I_ANTLP,trained entity,1.0,OROV,UF8,70.9672749628,1.0015041007002665,12,0,0.0,True,train,1949-10,2015-09,672,0.6396287253558512,0.686405502032038,11.586903063672018,0.8451976347044651,0.6958979595154562,1.11586903063672,0.20489422559924111,-0.23891621442429312,39.484826307081306,35.38482135717225,1976-1985
I_BCC014,BCC014,cs_I_BCC014,trained entity,1.0,,UF7,72.1496586683,1.0003723940741713,17,0,0.0,True,WY1976-85,1975-10,1985-09,120,0.8059551730920799,0.9327527939190721,-9.099283556398833,0.9791007321271246,0.8298914483980083,0.9090071644360116,0.0350264950986104,-0.13906935653368002,96.61019034069648,106.2809998869896,
I_BCC014,BCC014,cs_I_BCC014,trained entity,1.0,,UF7,72.1496586683,1.0003723940741713,17,0,0.0,True,WY1976-84,1975-10,1984-09,108,0.8022053695575662,0.931913521439392,-9.821262061728788,0.9791215061680452,0.8295855479172828,0.9017873793827123,0.03743751997755798,-0.13309203796092373,102.16249007139945,113.28888871934677,
I_BCC014,BCC014,cs_I_BCC014,trained entity,1.0,,UF7,72.1496586683,1.0003723940741713,17,0,0.0,True,WY1950-84_mixed,1949-10,1984-09,420,0.6531337189372296,0.8247508174474184,-19.849540015416128,0.9463021055456753,0.7206573265912842,0.8015045998458388,0.05373120743117262,0.08207614343035718,93.33910340314634,116.454856804439,
I_BCC014,BCC014,cs_I_BCC014,trained entity,1.0,,UF7,72.1496586683,1.0003723940741713,17,0,0.0,True,WY1976-85_own,1975-10,1985-09,120,0.8059551730920799,0.9327527939190721,-9.099283556398833,0.9791007321271246,0.8298914483980083,0.9090071644360116,0.0350264950986104,-0.13906935653368002,96.61019034069648,106.2809998869896,
I_BCC014,BCC014,cs_I_BCC014,trained entity,1.0,,UF7,72.1496586683,1.0003723940741713,17,0,0.0,True,train,1949-10,2015-09,672,0.7007345085945158,0.8447426652754537,-15.6893527076671,0.9451497187908611,0.751131154704157,0.843106472923329,0.044591760627371156,0.12378278550873834,88.14798610016341,104.55142847441935,1976-1985
I_BCK040,BCK040,cs_I_BCK040,trained entity,1.0,,,71.435415285,1.0015413154657062,13,0,0.0,True,WY1976-85,1975-10,1985-09,120,0.8332997228638096,0.8812200599192934,-14.359578685429653,0.9417942159500389,0.9385075687738126,0.8564042131457034,0.10808645730634524,-0.6512557981606495,25.91907369576765,30.265000215917826,
I_BCK040,BCK040,cs_I_BCK040,trained entity,1.0,,,71.435415285,1.0015413154657062,13,0,0.0,True,WY1976-84,1975-10,1984-09,108,0.8403238865346826,0.8805355362448918,-13.557309191194623,0.9413195319251443,0.939394714526374,0.8644269080880537,0.10932417700625528,-0.6297766313104489,28.38297751135965,32.8344447006368,
I_BCK040,BCK040,cs_I_BCK040,trained entity,1.0,,,71.435415285,1.0015413154657062,13,0,0.0,True,WY1950-84_mixed,1949-10,1984-09,420,0.8973852131193815,0.8779299117881574,-6.197996518796414,0.9374709045385827,0.9472895586944059,0.9380200348120359,0.09723563200898122,-0.41332042535804536,20.99288840442275,22.38000002700303,
I_BCK040,BCK040,cs_I_BCK040,trained entity,1.0,,,71.435415285,1.0015413154657062,13,0,0.0,True,WY1976-85_own,1975-10,1985-09,0,,,,,,,,,,,
I_BCK040,BCK040,cs_I_BCK040,trained entity,1.0,,,71.435415285,1.0015413154657062,13,0,0.0,True,train,1949-10,2015-09,672,0.8846676129822157,0.9060965936997682,-6.0453128738042485,0.9530230700635288,0.9137437145783248,0.9395468712619575,0.0663846659088728,-0.39489582217170227,17.673379987097448,18.810535724906785,1976-1985
I_BCN010,BCN010,cs_I_BCN010,trained entity,1.0,SRBB,UF6,73.5176290471,0.9995696413214319,13,0,0.0,True,WY1976-85,1975-10,1985-09,120,0.6860137046457282,0.8199277393651696,-6.371456330196256,0.9378459516551833,0.6988941674960606,0.9362854366980374,0.14272306611592647,0.5340383054282105,57.674246583966315,61.598999966681006,
I_BCN010,BCN010,cs_I_BCN010,trained entity,1.0,SRBB,UF6,73.5176290471,0.9995696413214319,13,0,0.0,True,WY1976-84,1975-10,1984-09,108,0.6831366396727532,0.8202305846334311,-6.095239975633791,0.9392539610590697,0.6950457200910188,0.9390476002436621,0.14979059673939005,0.5932950677246103,60.453797668118455,64.37777771055698,
I_BCN010,BCN010,cs_I_BCN010,trained entity,1.0,SRBB,UF6,73.5176290471,0.9995696413214319,13,0,0.0,True,WY1950-84_mixed,1949-10,1984-09,420,0.49119285349302966,0.6408199101966402,-25.963913875638056,0.8815259165604812,0.5787683279766627,0.7403608612436193,0.11848783034421047,0.4782019918220346,49.607350736251036,67.0042857923678,
I_BCN010,BCN010,cs_I_BCN010,trained entity,1.0,SRBB,UF6,73.5176290471,0.9995696413214319,13,0,0.0,True,WY1976-85_own,1975-10,1985-09,0,,,,,,,,,,,
I_BCN010,BCN010,cs_I_BCN010,trained entity,1.0,SRBB,UF6,73.5176290471,0.9995696413214319,13,0,0.0,True,train,1949-10,2015-09,672,0.4695719904177772,0.634442530749352,-27.80719421370092,0.887258041871358,0.5625995893659563,0.7219280578629907,0.12168428901226758,0.4158851550282048,45.056690378624154,62.41160720639995,1976-1985
I_BEARD,BEARD,cdec_NML,trained entity,1.0,ST,UF16,12.992228426,1.000611036648117,4,0,0.0,True,WY1976-85,1975-10,1985-09,120,0.11227797125152328,0.20605080250588792,-62.97155996119435,0.7319493810878326,0.4346173599839789,0.37028440038805643,0.1797935303252657,-0.8365854339591534,14.485896000853575,39.12099992781878,
I_BEARD,BEARD,cdec_NML,trained entity,1.0,ST,UF16,12.992228426,1.000611036648117,4,0,0.0,True,WY1976-84,1975-10,1984-09,108,0.12414640052860948,0.22465554513643193,-61.70969880305609,0.7388420741325725,0.4359899177964776,0.3829030119694391,0.17301520205468834,-0.9868798283699292,15.464601721499164,40.38777768280771,
I_BEARD,BEARD,cdec_NML,trained entity,1.0,ST,UF16,12.992228426,1.000611036648117,4,0,0.0,True,WY1950-84_mixed,1949-10,1984-09,420,0.10369863138047963,0.20312804924934846,-62.59828826221974,0.7408891227426229,0.4131753862182142,0.37401711737780263,0.17568863024177483,-0.6774844195697636,12.06782256318125,32.265428512437005,
I_BEARD,BEARD,cdec_NML,trained entity,1.0,ST,UF16,12.992228426,1.000611036648117,4,0,0.0,True,WY1976-85_own,1975-10,1985-09,0,,,,,,,,,,,
I_BEARD,BEARD,cdec_NML,trained entity,1.0,ST,UF16,12.992228426,1.000611036648117,4,0,0.0,True,train,1987-10,2018-12,375,0.13770605710957695,0.21877342340992412,-64.54631462944747,0.7274396030368533,0.49736792707941785,0.35453685370552535,0.20662483463780923,-0.6995588511195869,10.013822551432803,28.244800073027612,1976-1985
I_BLKBT,BLKBT,uf_04,trained entity,1.0,,UF4,389.817891857,0.9996584002888181,46,0,0.0,True,WY1976-85,1975-10,1985-09,120,0.8971832068270146,0.9552964927673998,-5.564093288699102,0.9798926602901968,0.9159103190894602,0.9443590671130091,0.059470568232479065,-0.17740409225073428,232.03941045474113,245.71099969856442,
I_BLKBT,BLKBT,uf_04,trained entity,1.0,,UF4,389.817891857,0.9996584002888181,46,0,0.0,True,WY1976-84,1975-10,1984-09,108,0.8890932664004703,0.9564252461480536,-7.0601009080437285,0.9807592685361456,0.9166597616557468,0.9293989909195628,0.06409520511997512,-0.21012215653640354,244.95033239478482,263.55777743251787,
I_BLKBT,BLKBT,uf_04,trained entity,1.0,,UF4,389.817891857,0.9996584002888181,46,0,0.0,True,WY1950-84_mixed,1949-10,1984-09,420,0.826735618510642,0.9090991084212692,-13.38671629489641,0.9584622519730847,0.898143512402313,0.8661328370510358,0.0663055840401869,-0.09751623951920685,206.07601668649784,237.9265718502658,
I_BLKBT,BLKBT,uf_04,trained entity,1.0,,UF4,389.817891857,0.9996584002888181,46,0,0.0,True,WY1976-85_own,1975-10,1985-09,0,,,,,,,,,,,
I_BLKBT,BLKBT,uf_04,trained entity,1.0,,UF4,389.817891857,0.9996584002888181,46,0,0.0,True,train,1984-10,2014-09,348,0.8748486337508747,0.9236753853914569,-4.939247273981233,0.9641822068222226,0.8907281655569765,0.9506075272601876,0.055506537711072106,-0.10482447717928256,204.98277897459855,215.633448185913,1976-1985
I_BOWMN,BOWMN,cdec_YRS,trained entity,1.0,YUBA,UF9,22.8581300354,1.0014281848871152,6,0,0.0,True,WY1976-85,1975-10,1985-09,120,0.778062365850081,0.7136293641476492,-16.313371950398786,0.881799316419663,1.0931251921554987,0.8368662804960122,0.12919842821583855,0.29044925104438324,66.63464066710503,79.62399993892758,
I_BOWMN,BOWMN,cdec_YRS,trained entity,1.0,YUBA,UF9,22.8581300354,1.0014281848871152,6,0,0.0,True,WY1976-84,1975-10,1984-09,108,0.7798292126344923,0.7289589290099603,-15.907753325177199,0.8912337990116068,1.1064867482188814,0.840922466748228,0.13437501436942237,0.31486032463617253,69.65360786686666,82.82999993591673,
I_BOWMN,BOWMN,cdec_YRS,trained entity,1.0,YUBA,UF9,22.8581300354,1.0014281848871152,6,0,0.0,True,WY1950-84_mixed,1949-10,1984-09,420,0.7493134105914024,0.751950374299203,-22.875178027198174,0.8975847863256078,1.0052452969165155,0.7712482197280184,0.12085768191495652,0.24264259973054436,66.14819724435617,85.76771466348852,
I_BOWMN,BOWMN,cdec_YRS,trained entity,1.0,YUBA,UF9,22.8581300354,1.0014281848871152,6,0,0.0,True,WY1976-85_own,1975-10,1985-09,0,,,,,,,,,,,
I_BOWMN,BOWMN,cdec_YRS,trained entity,1.0,YUBA,UF9,22.8581300354,1.0014281848871152,6,0,0.0,True,train,1987-10,2018-12,375,0.7988560154160791,0.7055041183246575,-14.235362884555368,0.8679417641693945,1.052487800850361,0.8576463711544463,0.11495033458907154,0.36141014292445206,66.36234331487347,77.3772798986435,1976-1985
I_BRC003,BRC003,uf_03,trained entity,1.0,,UF3,94.9552297083,1.0003279082639787,16,0,0.0,True,WY1976-85,1975-10,1985-09,120,0.4664068624543013,0.7193577099076509,-38.51982963946133,0.9079385667540804,0.6424128058791008,0.6148017036053868,0.08641384755636745,-0.23830325693856924,27.289817830277258,44.38799969200045,
I_BRC003,BRC003,uf_03,trained entity,1.0,,UF3,94.9552297083,1.0003279082639787,16,0,0.0,True,WY1976-84,1975-10,1984-09,108,0.46549228573077184,0.717053144254673,-38.7136799743616,0.9075700897270064,0.6432363435206544,0.612863200256384,0.09069670713063822,-0.1832696250966075,29.23425541579143,47.701110792035855,
I_BRC003,BRC003,uf_03,trained entity,1.0,,UF3,94.9552297083,1.0003279082639787,16,0,0.0,True,WY1950-84_mixed,1949-10,1984-09,420,0.5027146771712807,0.7469224679241541,-35.27403386294603,0.9194601802338708,0.6588544544677789,0.6472596613705398,0.0775126600870473,-0.0895651607168757,24.7955930263317,38.30857151491301,
I_BRC003,BRC003,uf_03,trained entity,1.0,,UF3,94.9552297083,1.0003279082639787,16,0,0.0,True,WY1976-85_own,1975-10,1985-09,0,,,,,,,,,,,
I_BRC003,BRC003,uf_03,trained entity,1.0,,UF3,94.9552297083,1.0003279082639787,16,0,0.0,True,train,1984-10,2014-09,348,0.8764838256495497,0.8491982997705801,7.409721555142917,0.9325559448794501,1.0722298234982761,1.074097215551429,0.050494670435453554,-0.19213982420504738,34.96964230052039,32.55724136903882,1976-1985
I_BRR023,BRR023,uf_10,trained entity,1.0,,UF10,105.591907451,1.000364017188411,20,0,0.0,True,WY1976-85,1975-10,1985-09,120,0.8955628328627159,0.8962955637132388,-8.976423124791738,0.9512210283763876,1.0216821722960188,0.9102357687520827,0.07209660357067875,0.06683582373680075,84.84944794076061,93.2170003131032,
I_BRR023,BRR023,uf_10,trained entity,1.0,,UF10,105.591907451,1.000364017188411,20,0,0.0,True,WY1976-84,1975-10,1984-09,108,0.901450774864254,0.8960833706872929,-8.209784622681642,0.9510353517342478,1.0239657388783479,0.9179021537731837,0.07630866625983299,0.06454815790065727,90.41132265631342,98.4977780961328,
I_BRR023,BRR023,uf_10,trained entity,1.0,,UF10,105.591907451,1.000364017188411,20,0,0.0,True,WY1950-84_mixed,1949-10,1984-09,420,0.8577796020361209,0.9047263678646482,-12.82461595564048,0.9551143049504187,0.9579900186151752,0.8717538404435953,0.06770415435327265,0.10713231493795217,87.02618963315464,99.82885717930537,
I_BRR023,BRR023,uf_10,trained entity,1.0,,UF10,105.591907451,1.000364017188411,20,0,0.0,True,WY1976-85_own,1975-10,1985-09,0,,,,,,,,,,,
I_BRR023,BRR023,uf_10,trained entity,1.0,,UF10,105.591907451,1.000364017188411,20,0,0.0,True,train,1984-10,2014-09,348,0.815632174795206,0.848569387846172,-16.781125366130148,0.9278127481575614,0.9751026349425465,0.8321887463386984,0.06829832387668312,0.2357727621346699,71.97399588129348,86.48758613710004,1976-1985
I_BSH003,BSH003,cdec_FOL,trained entity,1.0,FOLS,UF11,8.01461019792,1.0006222752800893,3,0,0.0,True,WY1976-85,1975-10,1985-09,120,0.6618185391961984,0.4540169598842346,-20.3504420100284,0.731978062526603,0.9665800588862462,0.796495579899716,0.24869218112493405,-0.38918788197827947,10.068500654750874,12.641000036709013,
I_BSH003,BSH003,cdec_FOL,trained entity,1.0,FOLS,UF11,8.01461019792,1.0006222752800893,3,0,0.0,True,WY1976-84,1975-10,1984-09,108,0.6611637217995612,0.4462423394140801,-19.954858559327818,0.7280528188059924,0.9678267804986679,0.8004514144067219,0.25428016147889965,-0.34583709299012355,10.661123477526711,13.318888923981124,
I_BSH003,BSH003,cdec_FOL,trained entity,1.0,FOLS,UF11,8.01461019792,1.0006222752800893,3,0,0.0,True,WY1950-84_mixed,1949-10,1984-09,420,0.609662253445725,0.4097580085955228,-22.36366204847587,0.6963480363582915,0.8992741178258538,0.7763633795152413,0.2317142858939542,-0.5414525455970285,9.545276876509217,12.294857187196612,
I_BSH003,BSH003,cdec_FOL,trained entity,1.0,FOLS,UF11,8.01461019792,1.0006222752800893,3,0,0.0,True,WY1976-85_own,1975-10,1985-09,0,,,,,,,,,,,
I_BSH003,BSH003,cdec_FOL,trained entity,1.0,FOLS,UF11,8.01461019792,1.0006222752800893,3,0,0.0,True,train,1987-10,2018-12,375,0.768385608126595,0.6531823180126178,-15.329444141223533,0.8282831494845023,0.9743219158807322,0.8467055585877646,0.16522662250084386,-0.4701061961855313,9.498004283017526,11.217600010633468,1976-1985
I_BTC048,BTC048,uf_07,trained entity,1.0,,UF7,147.693507988,0.998893552044287,27,0,0.0,True,WY1976-85,1975-10,1985-09,120,0.8178909780644141,0.9172970779776244,6.7725648630474,0.9688016127131561,0.8338567093782677,1.0677256486304738,0.08780417448473887,0.06189372860714837,265.50813290879074,248.6669991016388,
I_BTC048,BTC048,uf_07,trained entity,1.0,,UF7,147.693507988,0.998893552044287,27,0,0.0,True,WY1976-84,1975-10,1984-09,108,0.8188000764420795,0.9166361549342469,5.839920058384378,0.9683677807465697,0.8314107109758538,1.0583992005838438,0.09071562001947245,0.07911995836533858,277.8615409494373,262.5299988852607,
I_BTC048,BTC048,uf_07,trained entity,1.0,,UF7,147.693507988,0.998893552044287,27,0,0.0,True,WY1950-84_mixed,1949-10,1984-09,420,0.7247124011373849,0.8477358904705281,-3.477052498560629,0.9456120558058349,0.7323879221595151,0.9652294750143937,0.09314670896202018,0.19808541882020236,260.7490200839904,270.1419992174421,
I_BTC048,BTC048,uf_07,trained entity,1.0,,UF7,147.693507988,0.998893552044287,27,0,0.0,True,WY1976-85_own,1975-10,1985-09,120,0.8178909780644141,0.9172970779776244,6.7725648630474,0.9688016127131561,0.8338567093782677,1.0677256486304738,0.08780417448473887,0.06189372860714837,265.50813290879074,248.6669991016388,
I_BTC048,BTC048,uf_07,trained entity,1.0,,UF7,147.693507988,0.998893552044287,27,0,0.0,True,train,1984-10,2014-09,348,0.7786135449111993,0.891670052452712,3.022388659011915,0.9609807849144734,0.7841853109024258,1.0302238865901192,0.06730344210046897,0.12898660310809174,246.252994771388,239.02862084322965,1976-1985
I_BTL006,BTL006,cs_I_BTL006,trained entity,1.0,SRBB,UF6,360.368194618,1.000059128906181,40,0,0.0,True,WY1976-85,1975-10,1985-09,120,0.6895410214725977,0.8103698512360982,4.5126305046058395,0.9651566886864621,1.30517918932633,1.0451263050460584,0.038954056184181525,0.12516505993399285,387.19421121808637,370.4759983062744,
I_BTL006,BTL006,cs_I_BTL006,trained entity,1.0,SRBB,UF6,360.368194618,1.000059128906181,40,0,0.0,True,WY1976-84,1975-10,1984-09,108,0.6904933279132592,0.8096076010414132,5.624868607114016,0.9652122006027557,1.302357858165745,1.0562486860711402,0.03977977711008981,0.14777930141889328,401.052929339062,379.6955533557468,
I_BTL006,BTL006,cs_I_BTL006,trained entity,1.0,SRBB,UF6,360.368194618,1.000059128906181,40,0,0.0,True,WY1950-84_mixed,1949-10,1984-09,420,0.8344649448895551,0.857434387721214,-1.7099942810204853,0.9493439960924134,1.1566633833875049,0.9829000571897952,0.04511288242275189,0.18175008381094404,370.9841118685815,377.4382849557059,
I_BTL006,BTL006,cs_I_BTL006,trained entity,1.0,SRBB,UF6,360.368194618,1.000059128906181,40,0,0.0,True,WY1976-85_own,1975-10,1985-09,120,0.6895410214725977,0.8103698512360982,4.5126305046058395,0.9651566886864621,1.30517918932633,1.0451263050460584,0.038954056184181525,0.12516505993399285,387.19421121808637,370.4759983062744,
I_BTL006,BTL006,cs_I_BTL006,trained entity,1.0,SRBB,UF6,360.368194618,1.000059128906181,40,0,0.0,True,train,1949-10,2015-09,672,0.8226038560969197,0.8434147766510571,-0.1998026728503909,0.9451897004355464,1.1687045666913893,0.9980019732714961,0.0428839759487718,0.12108490748828249,353.1337308076449,353.8407140118735,1976-1985
I_BTVLY,BTVLY,cdec_ORO,trained entity,1.0,OROV,UF8,62.9378215702,0.9997657868162944,14,0,0.0,True,WY1976-85,1975-10,1985-09,120,0.5485116257258806,0.5668910770333431,15.667520643033841,0.9186138590709151,1.4155369151584118,1.1566752064303385,0.11092715101929224,-0.4018021108579184,79.97946421432655,69.14600033760071,
I_BTVLY,BTVLY,cdec_ORO,trained entity,1.0,OROV,UF8,62.9378215702,0.9997657868162944,14,0,0.0,True,WY1976-84,1975-10,1984-09,108,0.5455431881060369,0.5580079343018864,16.031135908835388,0.91668018012644,1.4170000835015593,1.1603113590883538,0.11389522168465185,-0.41771648545517337,83.90727172017618,72.3144447935952,
I_BTVLY,BTVLY,cdec_ORO,trained entity,1.0,OROV,UF8,62.9378215702,0.9997657868162944,14,0,0.0,True,WY1950-84_mixed,1949-10,1984-09,420,0.7866435568536878,0.7222138037118967,2.778639625593247,0.8976980506765055,1.1851572282676726,1.0277863962559324,0.09813316251528613,-0.19631250110897458,81.87052802772837,79.6571430853435,
I_BTVLY,BTVLY,cdec_ORO,trained entity,1.0,OROV,UF8,62.9378215702,0.9997657868162944,14,0,0.0,True,WY1976-85_own,1975-10,1985-09,0,,,,,,,,,,,
I_BTVLY,BTVLY,cdec_ORO,trained entity,1.0,OROV,UF8,62.9378215702,0.9997657868162944,14,0,0.0,True,train,1987-10,2018-12,375,0.6261063042269888,0.7013752022307871,13.715606601025623,0.9394005587787145,1.3425090028292093,1.1371560660102562,0.10142611639380861,-0.26581781403621907,74.6036240099933,65.60543995666504,1976-1985
I_BUCKS,BUCKS,cs_I_BUCKS,trained entity,1.0,OROV,UF8,28.5426705415,1.0005414523842904,7,0,0.0,True,WY1976-85,1975-10,1985-09,120,0.7876405583530997,0.6195980216744732,1.8787212713316097,0.8420703880998617,1.1407189069745767,1.018787212713316,0.16009449920332885,-0.6873747205013734,95.97484925949598,94.20499988794327,
I_BUCKS,BUCKS,cs_I_BUCKS,trained entity,1.0,OROV,UF8,28.5426705415,1.0005414523842904,7,0,0.0,True,WY1976-84,1975-10,1984-09,108,0.7892314582186418,0.6259255778025556,2.071007801926894,0.8450394304112593,1.1413566155006867,1.020710078019269,0.15198802174538428,-0.6112782712338198,100.64087942681081,98.59888874822192,
I_BUCKS,BUCKS,cs_I_BUCKS,trained entity,1.0,OROV,UF8,28.5426705415,1.0005414523842904,7,0,0.0,True,WY1950-84_mixed,1949-10,1984-09,420,0.7925363933388162,0.6118660443642254,-8.369610360597578,0.8247251407426949,1.07290290832591,0.9163038963940242,0.16254313060456727,-0.6190659226985566,91.80998513481009,100.19599992547717,
I_BUCKS,BUCKS,cs_I_BUCKS,trained entity,1.0,OROV,UF8,28.5426705415,1.0005414523842904,7,0,0.0,True,WY1976-85_own,1975-10,1985-09,0,,,,,,,,,,,
I_BUCKS,BUCKS,cs_I_BUCKS,trained entity,1.0,OROV,UF8,28.5426705415,1.0005414523842904,7,0,0.0,True,train,1949-10,2015-09,672,0.8011932081624814,0.6172782134666628,-5.893960940969653,0.8263755218468671,1.0768427192999517,0.9410603905903034,0.15398136085046787,-0.4998337713956378,84.93036407308499,90.24964276714516,1976-1985
I_BVC007,BVC007,cs_I_BVC007,trained entity,1.0,ST,UF16,29.5199122645,0.9983602730509663,10,0,0.0,True,WY1976-85,1975-10,1985-09,120,0.795050265345403,0.6592437106069301,2.4686026105057106,0.8615967025899202,1.1491292094666472,1.0246860261050572,0.1475794347969801,0.46080421374810854,45.28804813779965,44.19699984584003,
I_BVC007,BVC007,cs_I_BVC007,trained entity,1.0,ST,UF16,29.5199122645,0.9983602730509663,10,0,0.0,True,WY1976-84,1975-10,1984-09,108,0.791442493392163,0.65079352575618,3.0806721434897626,0.8582061340934641,1.1498054707552094,1.0308067214348977,0.14611782555461647,0.42001565753009196,47.95885521262151,46.52555538817412,
I_BVC007,BVC007,cs_I_BVC007,trained entity,1.0,ST,UF16,29.5199122645,0.9983602730509663,10,0,0.0,True,WY1950-84_mixed,1949-10,1984-09,420,0.8525352196623741,0.7117461631347684,-3.231457402781693,0.8634430266496027,1.045319121514035,0.9676854259721831,0.1134689721031076,0.4493324351815282,40.26317872352392,41.607714286978755,
I_BVC007,BVC007,cs_I_BVC007,trained entity,1.0,ST,UF16,29.5199122645,0.9983602730509663,10,0,0.0,True,WY1976-85_own,1975-10,1985-09,0,,,,,,,,,,,
I_BVC007,BVC007,cs_I_BVC007,trained entity,1.0,ST,UF16,29.5199122645,0.9983602730509663,10,0,0.0,True,train,1949-10,2015-09,672,0.8592098045929323,0.7793590392980413,-7.402352162082059,0.8874133668819602,0.9591754067655767,0.9259764783791794,0.09200233625767217,0.3932890652216212,35.47234016200017,38.30803588455144,1976-1985
I_CAPLS,CAPLS,cs_I_CAPLS,trained entity,1.0,FOLS,UF11,13.5972377226,1.000280185588894,5,0,0.0,True,WY1976-85,1975-10,1985-09,120,0.5584825242246834,0.47382969009392606,16.564952323574317,0.8695665790006449,1.3879240126019312,1.1656495232357431,0.1548558222492426,0.1500851412597921,36.525627799258395,31.334999990276994,
I_CAPLS,CAPLS,cs_I_CAPLS,trained entity,1.0,FOLS,UF11,13.5972377226,1.000280185588894,5,0,0.0,True,WY1976-84,1975-10,1984-09,108,0.5491226370278031,0.45333940493420166,16.68703858129491,0.8656827647803538,1.3967411638617173,1.166870385812949,0.16898284303627112,0.17435889545530792,37.82604831691947,32.416666646798454,
I_CAPLS,CAPLS,cs_I_CAPLS,trained entity,1.0,FOLS,UF11,13.5972377226,1.000280185588894,5,0,0.0,True,WY1950-84_mixed,1949-10,1984-09,420,0.5390114093676286,0.3749895024644677,18.565991870777008,0.8353421254305771,1.3884953791500287,1.1856599187077699,0.18841273383310778,0.2874341598374901,38.10609355614824,32.13914289831051,
I_CAPLS,CAPLS,cs_I_CAPLS,trained entity,1.0,FOLS,UF11,13.5972377226,1.000280185588894,5,0,0.0,True,WY1976-85_own,1975-10,1985-09,120,0.5584825242246834,0.47382969009392606,16.564952323574317,0.8695665790006449,1.3879240126019312,1.1656495232357431,0.1548558222492426,0.1500851412597921,36.525627799258395,31.334999990276994,
I_CAPLS,CAPLS,cs_I_CAPLS,trained entity,1.0,FOLS,UF11,13.5972377226,1.000280185588894,5,0,0.0,True,train,1949-10,2015-09,672,0.6946766362750276,0.48971923399851525,-0.062119126179058445,0.8196388727491289,1.2463571276308911,0.9993788087382093,0.1521537595960467,-0.03664165549441378,29.701359771107455,29.719821464503184,1976-1985
I_CCH053,CCH053,uf_03,trained entity,1.0,,UF3,248.025211085,0.999353414911753,34,0,0.0,True,WY1976-85,1975-10,1985-09,120,0.4285967035098559,0.7435416085466464,47.82185998973727,0.9589878239170908,1.3100430605011903,1.4782185998973725,0.07673458631093537,0.10999176494461871,99.64967242274103,67.41200011260807,
I_CCH053,CCH053,uf_03,trained entity,1.0,,UF3,248.025211085,0.999353414911753,34,0,0.0,True,WY1976-84,1975-10,1984-09,108,0.4464064191194461,0.7466311979715574,45.63938606852098,0.9595269947382563,1.3106966890169358,1.4563938606852098,0.0727901454173078,0.18903453473565346,105.44615221374409,72.40222240715391,
I_CCH053,CCH053,uf_03,trained entity,1.0,,UF3,248.025211085,0.999353414911753,34,0,0.0,True,WY1950-84_mixed,1949-10,1984-09,420,0.12867157367659898,0.4586654052088117,76.1996512843096,0.9200669162920667,1.4149520973113843,1.7619965128430959,0.07501455949329752,0.17300887946657184,115.76669488345634,65.70199999809265,
I_CCH053,CCH053,uf_03,trained entity,1.0,,UF3,248.025211085,0.999353414911753,34,0,0.0,True,WY1976-85_own,1975-10,1985-09,0,,,,,,,,,,,
I_CCH053,CCH053,uf_03,trained entity,1.0,,UF3,248.025211085,0.999353414911753,34,0,0.0,True,train,1984-10,2014-09,348,-0.4142366873069272,-0.00457031986935319,117.92366298953117,0.9614507652441411,1.779730937527656,2.1792366298953114,0.060470774339388515,-0.05811524844014837,115.64156781432581,53.06517255993496,1976-1985
I_CFS001,CFS001,cs_I_CFS001,trained entity,1.0,ST,UF16,67.2646813002,0.9976690656754202,12,0,0.0,True,WY1976-85,1975-10,1985-09,120,0.8120796490014762,0.8264986811164465,13.511388081954614,0.9319983290306798,1.1115081623679188,1.1351138808195462,0.14437624487519582,0.11786134875633092,139.27393249532776,122.6959998011589,
I_CFS001,CFS001,cs_I_CFS001,trained entity,1.0,ST,UF16,67.2646813002,0.9976690656754202,12,0,0.0,True,WY1976-84,1975-10,1984-09,108,0.8206309064680586,0.8262917538481754,12.053584171528888,0.9313860488862696,1.1137387721448575,1.1205358417152889,0.14644041400230698,0.12170734770233693,142.89197534500946,127.52111090554132,
I_CFS001,CFS001,cs_I_CFS001,trained entity,1.0,ST,UF16,67.2646813002,0.9976690656754202,12,0,0.0,True,WY1950-84_mixed,1949-10,1984-09,420,0.8217832744757324,0.8276197911935854,13.484074333048532,0.9300606887447326,1.0932076602850493,1.1348407433304852,0.13286140969704874,0.1583768178492475,130.44248614452027,114.94342876843044,
I_CFS001,CFS001,cs_I_CFS001,trained entity,1.0,ST,UF16,67.2646813002,0.9976690656754202,12,0,0.0,True,WY1976-85_own,1975-10,1985-09,120,0.8120796490014762,0.8264986811164465,13.511388081954614,0.9319983290306798,1.1115081623679188,1.1351138808195462,0.14437624487519582,0.11786134875633092,139.27393249532776,122.6959998011589,
I_CFS001,CFS001,cs_I_CFS001,trained entity,1.0,ST,UF16,67.2646813002,0.9976690656754202,12,0,0.0,True,train,1949-10,2015-09,672,0.8485282757751933,0.7914451434376467,7.980834664646856,0.9101262033579539,1.092179236937269,1.0798083466464685,0.12540413655703514,0.03095790896893824,113.8092932393524,105.3976787573525,1976-1985
I_CLR011,CLR011,cdec_BND,trained entity,1.0,SRBB,UF6,28.3454815416,0.9985835241900818,4,0,0.0,True,WY1976-85,1975-10,1985-09,120,0.6630853633634093,0.8658625089499205,-21.672078669633258,0.9686938307248417,0.7439463010245628,0.7832792133036673,0.05121379731394482,-0.47502214155937494,43.029443512339476,54.93499990999699,
I_CLR011,CLR011,cdec_BND,trained entity,1.0,SRBB,UF6,28.3454815416,0.9985835241900818,4,0,0.0,True,WY1976-84,1975-10,1984-09,108,0.6527424350422454,0.8633418063277999,-22.909700340302063,0.9703594669584286,0.7407244356805736,0.7709029965969794,0.046308642841467816,-0.47739719713417017,44.938505273038345,58.29333323571417,
I_CLR011,CLR011,cdec_BND,trained entity,1.0,SRBB,UF6,28.3454815416,0.9985835241900818,4,0,0.0,True,WY1950-84_mixed,1949-10,1984-09,420,0.5531096608045666,0.7575002517868735,-31.589316474762263,0.9348273726716085,0.6906862234250543,0.6841068352523774,0.0548805633773732,-0.3113441565523658,36.06884877620033,52.72399999174689,
I_CLR011,CLR011,cdec_BND,trained entity,1.0,SRBB,UF6,28.3454815416,0.9985835241900818,4,0,0.0,True,WY1976-85_own,1975-10,1985-09,0,,,,,,,,,,,
I_CLR011,CLR011,cdec_BND,trained entity,1.0,SRBB,UF6,28.3454815416,0.9985835241900818,4,0,0.0,True,train,1999-10,2018-12,231,0.9052360137141277,0.8631960024383049,5.716775200146693,0.9307958284392784,0.9696216546454222,1.0571677520014668,0.1117744871946998,-0.15598821291370424,44.708036412321505,42.29038989098815,1976-1985
I_CLRLK,CLRLK,uf_03,trained entity,1.0,,UF3,489.454785185,0.9994423335537771,56,0,0.0,True,WY1976-85,1975-10,1985-09,120,0.6945909225048941,0.8475066685555799,-21.459295384427648,0.9434802641065971,0.7901665226153369,0.7854070461557237,0.07627851614658163,-0.15618564203625684,384.56592042340515,489.6389996826648,
I_CLRLK,CLRLK,uf_03,trained entity,1.0,,UF3,489.454785185,0.9994423335537771,56,0,0.0,True,WY1976-84,1975-10,1984-09,108,0.6932266629886754,0.8469773455918288,-21.94129022342086,0.9434776443808734,0.7931834582305122,0.7805870977657913,0.07709462646765053,-0.19681708689582855,403.8315308130342,517.3433329463005,
I_CLRLK,CLRLK,uf_03,trained entity,1.0,,UF3,489.454785185,0.9994423335537771,56,0,0.0,True,WY1950-84_mixed,1949-10,1984-09,420,0.6108414970527422,0.8211460650107629,-25.09645715979361,0.9533475084454989,0.7062574779665489,0.7490354284020638,0.07857881447457783,0.19007031943056774,366.32112561379154,489.057141656535,
I_CLRLK,CLRLK,uf_03,trained entity,1.0,,UF3,489.454785185,0.9994423335537771,56,0,0.0,True,WY1976-85_own,1975-10,1985-09,0,,,,,,,,,,,
I_CLRLK,CLRLK,uf_03,trained entity,1.0,,UF3,489.454785185,0.9994423335537771,56,0,0.0,True,train,1984-10,2014-09,348,0.6959656662462022,0.8839081112017364,-13.907823987920485,0.974105558427291,0.730883673499998,0.860921760120795,0.09072207829956803,0.28969408265842134,363.62188187677,422.36344662231625,1976-1985
I_CMBIE,CMBIE,uf_10,trained entity,1.0,,UF10,31.8448124247,1.001037292010328,8,0,0.0,True,WY1976-85,1975-10,1985-09,120,0.849332555146787,0.8193178686777306,-10.76589700272809,0.9200735496602248,1.0687167202894934,0.8923410299727191,0.10683446311705314,0.1544900873040067,27.36274525604184,30.663999902457,
I_CMBIE,CMBIE,uf_10,trained entity,1.0,,UF10,31.8448124247,1.001037292010328,8,0,0.0,True,WY1976-84,1975-10,1984-09,108,0.8566506357561711,0.8183646633620938,-9.474475872233263,0.9195163051724627,1.0713781884798483,0.9052552412776673,0.11038072321566547,0.13823868172756804,29.3312755388363,32.40111098107364,
I_CMBIE,CMBIE,uf_10,trained entity,1.0,,UF10,31.8448124247,1.001037292010328,8,0,0.0,True,WY1950-84_mixed,1949-10,1984-09,420,0.8516074580739398,0.8457629230440188,-12.879347227172085,0.9278808810060292,1.0152125170502606,0.8712065277282791,0.09905931000737639,0.17821174117736316,28.60867982865048,32.837999852054885,
I_CMBIE,CMBIE,uf_10,trained entity,1.0,,UF10,31.8448124247,1.001037292010328,8,0,0.0,True,WY1976-85_own,1975-10,1985-09,0,,,,,,,,,,,
I_CMBIE,CMBIE,uf_10,trained entity,1.0,,UF10,31.8448124247,1.001037292010328,8,0,0.0,True,train,1984-10,2014-09,348,0.7612831407682917,0.7585179958153425,-21.017469572267366,0.8868377952235355,0.9974209363206274,0.7898253042773263,0.10421356687914007,0.33465469778267387,22.470257605364083,28.44965523853898,1976-1985
I_CMP001,CMP001,cs_I_CMP001,trained entity,1.0,,UF13,15.7076840199,1.0017978712385531,5,0,0.0,True,WY1976-85,1975-10,1985-09,120,0.783673048821732,0.7418419030342711,-1.3437517111264854,0.9080139541344318,1.1953339456059462,0.986562482888735,0.1476267966104714,-0.6626415218873225,13.74281539994442,13.930000013485552,
I_CMP001,CMP001,cs_I_CMP001,trained entity,1.0,,UF13,15.7076840199,1.0017978712385531,5,0,0.0,True,WY1976-84,1975-10,1984-09,108,0.7831598911272177,0.7434550104959117,-0.2297991522722436,0.9090048223999369,1.1968101361832122,0.9977020084772775,0.139938132519827,-0.622375936699636,14.70945329002849,14.743333345072138,
I_CMP001,CMP001,cs_I_CMP001,trained entity,1.0,,UF13,15.7076840199,1.0017978712385531,5,0,0.0,True,WY1950-84_mixed,1949-10,1984-09,420,0.7730555528894157,0.5820716951495803,-7.1787395890429595,0.8211002241946571,1.1197715412040672,0.9282126041095704,0.18757061476178905,-0.688156953909929,11.895707535280856,12.815714290684888,
I_CMP001,CMP001,cs_I_CMP001,trained entity,1.0,,UF13,15.7076840199,1.0017978712385531,5,0,0.0,True,WY1976-85_own,1975-10,1985-09,120,0.783673048821732,0.7418419030342711,-1.3437517111264854,0.9080139541344318,1.1953339456059462,0.986562482888735,0.1476267966104714,-0.6626415218873225,13.74281539994442,13.930000013485552,
I_CMP001,CMP001,cs_I_CMP001,trained entity,1.0,,UF13,15.7076840199,1.0017978712385531,5,0,0.0,True,train,1949-10,2015-09,672,0.8079467184563931,0.6639924887767636,-9.389771745106383,0.846804994693186,1.0678157205830134,0.9061022825489361,0.17912680643342854,-0.6822331964713424,10.753654226810138,11.868035688597178,1976-1985
I_CMP014,CMP014,cs_I_CMP014,trained entity,1.0,,UF13,29.7308203078,0.9974012600769985,9,0,0.0,True,WY1976-85,1975-10,1985-09,120,0.693577027475214,0.6302604876568915,-15.092886837552436,0.8011856727306857,0.8222688039362267,0.8490711316244757,0.14577390703098883,-0.44692578583476195,41.764960049148335,49.18900018334388,
I_CMP014,CMP014,cs_I_CMP014,trained entity,1.0,,UF13,29.7308203078,0.9974012600769985,9,0,0.0,True,WY1976-84,1975-10,1984-09,108,0.6908237789432857,0.621668401798281,-14.923300546653167,0.7960395419307655,0.8219000918289837,0.8507669945334684,0.14707341144510383,-0.415588341846032,44.254063353556724,52.016666887534996,
I_CMP014,CMP014,cs_I_CMP014,trained entity,1.0,,UF13,29.7308203078,0.9974012600769985,9,0,0.0,True,WY1950-84_mixed,1949-10,1984-09,420,0.7242479171719001,0.7016153941028231,-16.82067079712829,0.8479631171913805,0.8430589255697,0.8317932920287172,0.08738877802475384,-0.18552682947033095,37.81783854868362,45.46542862403605,
I_CMP014,CMP014,cs_I_CMP014,trained entity,1.0,,UF13,29.7308203078,0.9974012600769985,9,0,0.0,True,WY1976-85_own,1975-10,1985-09,0,,,,,,,,,,,
I_CMP014,CMP014,cs_I_CMP014,trained entity,1.0,,UF13,29.7308203078,0.9974012600769985,9,0,0.0,True,train,1949-10,2015-09,672,0.7665592059473447,0.7208125225319846,-15.988822411609597,0.8590671438716289,0.9047724295152128,0.840111775883904,0.09899258284358553,-0.31774437919614584,34.0852850349884,40.57232146177973,1976-1985
I_CMPFW,CMPFW,uf_10,trained entity,1.0,,UF10,25.0969974101,1.0008649844741633,7,0,0.0,True,WY1976-85,1975-10,1985-09,120,0.7548701400548316,0.8388607580856282,2.361694254113139,0.9584463236510234,1.2404249992068863,1.0236169425411314,0.11983363642891018,-0.3365753026077769,16.207950803933443,15.834000132605436,
I_CMPFW,CMPFW,uf_10,trained entity,1.0,,UF10,25.0969974101,1.0008649844741633,7,0,0.0,True,WY1976-84,1975-10,1984-09,108,0.7520358707126977,0.8424615645660172,2.9445777300256335,0.9605474879486608,1.2430280948887034,1.0294457773002563,0.1123427310781198,-0.3067231122178464,17.223771848000638,16.731111271513832,
I_CMPFW,CMPFW,uf_10,trained entity,1.0,,UF10,25.0969974101,1.0008649844741633,7,0,0.0,True,WY1950-84_mixed,1949-10,1984-09,420,0.8188900520929231,0.8492391649949166,-5.685992064385004,0.9473721040672543,1.1637011521797305,0.94314007935615,0.11911922908985398,-0.3731581819589813,15.991883218262249,16.956000034670744,
I_CMPFW,CMPFW,uf_10,trained entity,1.0,,UF10,25.0969974101,1.0008649844741633,7,0,0.0,True,WY1976-85_own,1975-10,1985-09,0,,,,,,,,,,,
I_CMPFW,CMPFW,uf_10,trained entity,1.0,,UF10,25.0969974101,1.0008649844741633,7,0,0.0,True,train,1984-10,2014-09,348,0.8072667907877684,0.837667154695567,-5.873316851617018,0.9444703071882362,1.1749655910901573,0.9412668314838298,0.13461949898243997,-0.15008684053672638,13.827858926081369,14.690689678592928,1976-1985
I_COL003,COL003,cs_I_COL003,trained entity,1.0,,UF14,20.6784256592,1.0015910282237719,5,0,0.0,True,WY1976-85,1975-10,1985-09,120,0.8201861415663513,0.8863289507496027,-11.543070968294893,0.9478458965059323,0.8723727128094579,0.884569290317051,0.05033011644571843,-0.03530742684639776,45.353636727009366,51.27200008351356,
I_COL003,COL003,cs_I_COL003,trained entity,1.0,,UF14,20.6784256592,1.0015910282237719,5,0,0.0,True,WY1976-84,1975-10,1984-09,108,0.8154321269149052,0.8834784084572869,-11.73604422875742,0.9468033506040325,0.8678563552255988,0.8826395577124257,0.049851788302904244,-0.03766335066703608,47.142759617116084,53.41111125734945,
I_COL003,COL003,cs_I_COL003,trained entity,1.0,,UF14,20.6784256592,1.0015910282237719,5,0,0.0,True,WY1950-84_mixed,1949-10,1984-09,420,0.7605257458561767,0.893486404421861,-16.73481040224926,0.9607690022686847,0.8332563065815591,0.8326518959775074,0.04385105400578304,0.01770027109248673,43.04572400484181,51.697142842997394,
I_COL003,COL003,cs_I_COL003,trained entity,1.0,,UF14,20.6784256592,1.0015910282237719,5,0,0.0,True,WY1976-85_own,1975-10,1985-09,120,0.8201861415663513,0.8863289507496027,-11.543070968294893,0.9478458965059323,0.8723727128094579,0.884569290317051,0.05033011644571843,-0.03530742684639776,45.353636727009366,51.27200008351356,
I_COL003,COL003,cs_I_COL003,trained entity,1.0,,UF14,20.6784256592,1.0015910282237719,5,0,0.0,True,train,1949-10,2015-09,672,0.7496677235433113,0.8733743990913736,-16.109819111226003,0.9506786128647592,0.8148486504845254,0.83890180888774,0.06648270954227467,-0.24125829127754184,39.26659676980231,46.80714280717075,1976-1985
I_COT033,COT033,uf_21,trained entity,1.0,,UF21,30.3173832183,0.9961527697988904,7,0,0.0,True,WY1976-85,1975-10,1985-09,120,0.13835352910953913,0.5136672066355181,-66.55436101651796,0.9136107376376137,0.45960825402790617,0.3344563898348204,0.14770774155463515,-0.5845883374825931,2.3445393017627483,7.0100000269711025,
I_COT033,COT033,uf_21,trained entity,1.0,,UF21,30.3173832183,0.9961527697988904,7,0,0.0,True,WY1976-84,1975-10,1984-09,108,0.14229465824872467,0.5059213358225763,-66.1689032410337,0.9130121668426188,0.4612429169476029,0.33831096758966295,0.14945670329083346,-0.4753244900869973,2.581688594065529,7.631111141501201,
I_COT033,COT033,uf_21,trained entity,1.0,,UF21,30.3173832183,0.9961527697988904,7,0,0.0,True,WY1950-84_mixed,1949-10,1984-09,420,0.05887448603601775,0.43536915946676313,-71.98885605796532,0.8854401507833674,0.40472381676402747,0.2801114394203467,0.15856105725970143,-0.6804997107819108,1.4902728891458357,5.320285712821143,
I_COT033,COT033,uf_21,trained entity,1.0,,UF21,30.3173832183,0.9961527697988904,7,0,0.0,True,WY1976-85_own,1975-10,1985-09,0,,,,,,,,,,,
I_COT033,COT033,uf_21,trained entity,1.0,,UF21,30.3173832183,0.9961527697988904,7,0,0.0,True,train,1984-10,2014-09,348,0.1493369200154192,0.5762365805185266,-64.37270498467298,0.9393999511317721,0.4472154171635686,0.3562729501532701,0.12687425980512526,-0.8723149633091634,1.5028575898993317,4.218275873183177,1976-1985
I_COW014,COW014,cdec_BND,trained entity,1.0,SRBB,UF6,384.0351176,1.0002284582102137,40,0,0.0,True,WY1976-85,1975-10,1985-09,120,0.7955727054387749,0.9327789160873945,4.860687220784615,0.9832327360134285,0.8021446245506667,1.0486068722078463,0.08894642041896343,0.4194942652420197,483.83560220406434,461.4080023959279,
I_COW014,COW014,cdec_BND,trained entity,1.0,SRBB,UF6,384.0351176,1.0002284582102137,40,0,0.0,True,WY1976-84,1975-10,1984-09,108,0.7938701964946957,0.932249745368404,4.125158199022986,0.9834982167158866,0.7987153904917644,1.04125158199023,0.09161375310803206,0.42189130303185873,507.7605522086724,487.64444730844764,
I_COW014,COW014,cdec_BND,trained entity,1.0,SRBB,UF6,384.0351176,1.0002284582102137,40,0,0.0,True,WY1950-84_mixed,1949-10,1984-09,420,0.7675121421631153,0.8980364466123443,-6.0060660600488225,0.9675465363225388,0.777761178492253,0.9399393393995117,0.07281477656797997,0.28482636417649765,445.3749493815609,473.8337153396436,
I_COW014,COW014,cdec_BND,trained entity,1.0,SRBB,UF6,384.0351176,1.0002284582102137,40,0,0.0,True,WY1976-85_own,1975-10,1985-09,0,,,,,,,,,,,
I_COW014,COW014,cdec_BND,trained entity,1.0,SRBB,UF6,384.0351176,1.0002284582102137,40,0,0.0,True,train,1999-10,2018-12,231,0.7762594863329231,0.879317253342969,2.276044880523708,0.9533017351002296,0.7823740560467515,1.022760448805237,0.09581694924950805,0.3834628974896903,399.5699268861363,390.67792204215925,1976-1985
I_CSM035,CSM035,cs_I_CSM035,trained entity,1.0,,UF13,476.361044335,1.0005294626837336,55,0,0.0,True,WY1976-85,1975-10,1985-09,120,0.8514539344662615,0.941502714066735,-8.340939459263245,0.9765619775190625,0.8793373894637311,0.9165906054073675,0.04222644948604239,0.07367010808756991,350.6362338509133,382.5439970498905,
I_CSM035,CSM035,cs_I_CSM035,trained entity,1.0,,UF13,476.361044335,1.0005294626837336,55,0,0.0,True,WY1976-84,1975-10,1984-09,108,0.8512963569981057,0.940633990212602,-8.238394497562817,0.9761949006768507,0.878513472769601,0.9176160550243717,0.04347025696588698,0.08413067605021052,374.93281927765514,408.59444124230913,
I_CSM035,CSM035,cs_I_CSM035,trained entity,1.0,,UF13,476.361044335,1.0005294626837336,55,0,0.0,True,WY1950-84_mixed,1949-10,1984-09,420,0.8466083059140731,0.9246571000571497,-8.461334878667483,0.9675636240058383,0.8762362147717659,0.9153866512133251,0.02734329445869299,0.008946680096387993,314.3976519193004,343.45885588627846,
I_CSM035,CSM035,cs_I_CSM035,trained entity,1.0,,UF13,476.361044335,1.0005294626837336,55,0,0.0,True,WY1976-85_own,1975-10,1985-09,120,0.8514539344662615,0.941502714066735,-8.340939459263245,0.9765619775190625,0.8793373894637311,0.9165906054073675,0.04222644948604239,0.07367010808756991,350.6362338509133,382.5439970498905,
I_CSM035,CSM035,cs_I_CSM035,trained entity,1.0,,UF13,476.361044335,1.0005294626837336,55,0,0.0,True,train,1949-10,2015-09,672,0.8716304503576452,0.9301133711767104,-5.39926203686734,0.9682843545554585,0.8879390520513883,0.9460073796313266,0.028880898628676745,-0.05957190599375295,279.72661128403604,295.69178561064683,1976-1985
I_CWD018,CWD018,cs_I_CWD018,trained entity,1.0,SRBB,UF6,394.941946735,0.9997774051184816,44,0,0.0,True,WY1976-85,1975-10,1985-09,120,0.8962960523685205,0.9576231416148153,9.959237862568273,0.9803201802830993,0.9788204917445765,1.099592378625683,0.05048411064118039,-0.04514001801035317,388.9753074435407,353.7450013337657,
I_CWD018,CWD018,cs_I_CWD018,trained entity,1.0,SRBB,UF6,394.941946735,0.9997774051184816,44,0,0.0,True,WY1976-84,1975-10,1984-09,108,0.9181567708333274,0.965061255115766,7.468502343449612,0.9834490300032623,0.970904865919121,1.0746850234344962,0.04516439904321047,-0.033518571878057735,400.6915360061578,372.84555685499475,
I_CWD018,CWD018,cs_I_CWD018,trained entity,1.0,SRBB,UF6,394.941946735,0.9997774051184816,44,0,0.0,True,WY1950-84_mixed,1949-10,1984-09,420,0.9209257622350127,0.9493554490096819,-1.075508379030499,0.975662360572641,0.9255369718727399,0.9892449162096949,0.0425406826632191,-0.0926897194859242,342.87341849791903,346.60114283088063,
I_CWD018,CWD018,cs_I_CWD018,trained entity,1.0,SRBB,UF6,394.941946735,0.9997774051184816,44,0,0.0,True,WY1976-85_own,1975-10,1985-09,120,0.8962960523685205,0.9576231416148153,9.959237862568273,0.9803201802830993,0.9788204917445765,1.099592378625683,0.05048411064118039,-0.04514001801035317,388.9753074435407,353.7450013337657,
I_CWD018,CWD018,cs_I_CWD018,trained entity,1.0,SRBB,UF6,394.941946735,0.9997774051184816,44,0,0.0,True,train,1949-10,2015-09,672,0.8740297668281957,0.8831568498144164,11.256956797686183,0.9448298901072851,1.012363291846722,1.1125695679768617,0.05891724471503342,-0.1623475378376673,350.99344671522584,315.47999946959317,1976-1985
I_CYN009,CYN009,cdec_FOL,trained entity,1.0,FOLS,UF11,1.27797359812,0.9901029227995297,3,0,0.0,True,WY1976-85,1975-10,1985-09,120,0.49631510240764676,0.40963923514522527,18.74206446152874,0.8740802707155826,1.4502401579285755,1.1874206446152873,0.20237436811474402,-0.7280225644750828,3.1074798132365506,2.616999988444149,
I_CYN009,CYN009,cdec_FOL,trained entity,1.0,FOLS,UF11,1.27797359812,0.9901029227995297,3,0,0.0,True,WY1976-84,1975-10,1984-09,108,0.49077696240771296,0.4081615683694747,18.122722583012596,0.8771030361420056,1.4597402863651598,1.181227225830126,0.19840915142461368,-0.6835021237267043,3.2601871268922693,2.759999986117084,
I_CYN009,CYN009,cdec_FOL,trained entity,1.0,FOLS,UF11,1.27797359812,0.9901029227995297,3,0,0.0,True,WY1950-84_mixed,1949-10,1984-09,420,0.4353395272801508,0.26200488836706604,22.65773590467705,0.8471774882018777,1.4941147940583313,1.2265773590467706,0.2050359605361048,-0.7279420605562601,3.2739101904289565,2.669142852084977,
I_CYN009,CYN009,cdec_FOL,trained entity,1.0,FOLS,UF11,1.27797359812,0.9901029227995297,3,0,0.0,True,WY1976-85_own,1975-10,1985-09,0,,,,,,,,,,,
I_CYN009,CYN009,cdec_FOL,trained entity,1.0,FOLS,UF11,1.27797359812,0.9901029227995297,3,0,0.0,True,train,1987-10,2018-12,375,0.636944244334342,0.553324591862979,13.791173734105191,0.8699454472056858,1.309637930045732,1.1379117373410519,0.1935320216125452,-0.7120514533950724,2.6985804475903117,2.3715200037360193,1976-1985
I_DAVIS,DAVIS,cs_I_DAVIS,trained entity,1.0,OROV,UF8,43.8743604741,1.001784693890689,11,0,0.0,True,WY1976-85,1975-10,1985-09,120,0.7162782532154787,0.8349517977936001,-12.205913449377087,0.936580522932335,0.7518517233314818,0.8779408655062291,0.0892674989986928,0.24517202428334262,32.53912239252216,37.06300010737032,
I_DAVIS,DAVIS,cs_I_DAVIS,trained entity,1.0,OROV,UF8,43.8743604741,1.001784693890689,11,0,0.0,True,WY1976-84,1975-10,1984-09,108,0.7054805344603741,0.8349538621772368,-13.338722367578917,0.9395990392409995,0.7444588329031865,0.8666127763242107,0.09228807039556777,0.22645002455336893,33.55813549423787,38.723333432235655,
I_DAVIS,DAVIS,cs_I_DAVIS,trained entity,1.0,OROV,UF8,43.8743604741,1.001784693890689,11,0,0.0,True,WY1950-84_mixed,1949-10,1984-09,420,0.6308229734691922,0.7581061173835186,-7.425689953898373,0.9101709188257456,0.6497025179017479,0.9257431004610163,0.13290736038995227,0.019177108704711898,33.39419861309806,36.072857141973714,
I_DAVIS,DAVIS,cs_I_DAVIS,trained entity,1.0,OROV,UF8,43.8743604741,1.001784693890689,11,0,0.0,True,WY1976-85_own,1975-10,1985-09,60,0.7259597992313178,0.8138581449506566,-12.652007631694065,0.9189117818421326,0.7708376060474205,0.8734799236830594,0.11915060993384333,0.03254752102351954,20.542500782025215,23.517999927699563,
I_DAVIS,DAVIS,cs_I_DAVIS,trained entity,1.0,OROV,UF8,43.8743604741,1.001784693890689,11,0,0.0,True,train,1949-10,2015-09,672,0.6676686714068314,0.7657105186236624,-0.862566577960394,0.9022338495313513,0.6824917486475339,0.991374334220396,0.1400381317825431,0.12563539729459539,30.901314996915502,31.17017853928597,1976-1985
I_DBC024,DBC024,uf_21,trained entity,1.0,,UF21,31.9508949143,1.0031320878380585,6,0,0.0,True,WY1976-85,1975-10,1985-09,120,0.2445941612790915,0.6271407319200843,-59.788445932531154,0.9342017543012375,0.5430068432307936,0.40211554067468847,0.14048369473843442,-0.7072163506750497,2.9036763181992793,7.220999997481703,
I_DBC024,DBC024,uf_21,trained entity,1.0,,UF21,31.9508949143,1.0031320878380585,6,0,0.0,True,WY1976-84,1975-10,1984-09,108,0.24959719298727334,0.6216767418313787,-59.28471163322165,0.9338825427958154,0.5447361739803965,0.4071528836677835,0.1419015022331957,-0.6023677659361253,3.2006740573004193,7.861111110076308,
I_DBC024,DBC024,uf_21,trained entity,1.0,,UF21,31.9508949143,1.0031320878380585,6,0,0.0,True,WY1950-84_mixed,1949-10,1984-09,420,0.040631115317805166,0.39934057595405126,-74.42432837415359,0.8380650865735788,0.4166753259842751,0.2557567162584642,0.1777510406367559,-0.8551957100869219,1.4020583162907123,5.4819999912487605,
I_DBC024,DBC024,uf_21,trained entity,1.0,,UF21,31.9508949143,1.0031320878380585,6,0,0.0,True,WY1976-85_own,1975-10,1985-09,0,,,,,,,,,,,
I_DBC024,DBC024,uf_21,trained entity,1.0,,UF21,31.9508949143,1.0031320878380585,6,0,0.0,True,train,1984-10,2014-09,348,0.2799980749214598,0.6882280670842118,-57.011057492378214,0.9359963099670845,0.5649365194146387,0.4298894250762179,0.15135556329340202,-0.9052745382973075,1.8688331040437096,4.34724139518522,1976-1985
I_DCC010,DCC010,cs_I_DCC010,trained entity,1.0,FOLS,UF11,9.70096734654,0.9978359616907656,4,0,0.0,True,WY1976-85,1975-10,1985-09,120,0.7489050467508911,0.877568381239176,-14.929604484741526,0.9547955869124216,0.8032363662220623,0.8507039551525848,0.039272540243380664,0.11484756008486752,25.047276553592127,29.443000002391635,
I_DCC010,DCC010,cs_I_DCC010,trained entity,1.0,FOLS,UF11,9.70096734654,0.9978359616907656,4,0,0.0,True,WY1976-84,1975-10,1984-09,108,0.7499091990380622,0.8756088713740509,-15.102886205791748,0.9534139110706514,0.8061819722793028,0.8489711379420826,0.04128106083753095,0.12722173748400767,26.19453279084277,30.854444421206914,
I_DCC010,DCC010,cs_I_DCC010,trained entity,1.0,FOLS,UF11,9.70096734654,0.9978359616907656,4,0,0.0,True,WY1950-84_mixed,1949-10,1984-09,420,0.8288305961768162,0.8830395342070212,-8.302469931765371,0.9454661327073615,0.8606015730845349,0.9169753006823463,0.0398309309545233,0.10901621213736234,26.644420257486882,29.056857079640032,
I_DCC010,DCC010,cs_I_DCC010,trained entity,1.0,FOLS,UF11,9.70096734654,0.9978359616907656,4,0,0.0,True,WY1976-85_own,1975-10,1985-09,120,0.7489050467508911,0.877568381239176,-14.929604484741526,0.9547955869124216,0.8032363662220623,0.8507039551525848,0.039272540243380664,0.11484756008486752,25.047276553592127,29.443000002391635,
I_DCC010,DCC010,cs_I_DCC010,trained entity,1.0,FOLS,UF11,9.70096734654,0.9978359616907656,4,0,0.0,True,train,1949-10,2015-09,672,0.7241090739610818,0.8023113936052665,-15.56665642876018,0.910175640249429,0.7906789350569184,0.8443334357123982,0.0542933133460694,0.05716854834030727,23.746123990293345,28.1241071191949,1976-1985
I_DCM027,DCM027,cs_I_DCM027,trained entity,1.0,,,39.0293138661,0.9993116850782858,10,0,0.0,True,WY1976-85,1975-10,1985-09,120,0.5055146395645689,0.8005388335095152,-35.45143931780439,0.9557454649683791,0.6581274318643033,0.6454856068219561,0.0450334586879472,-0.2086067664276774,6.775662423990918,10.49700001422316,
I_DCM027,DCM027,cs_I_DCM027,trained entity,1.0,,,39.0293138661,0.9993116850782858,10,0,0.0,True,WY1976-84,1975-10,1984-09,108,0.5072996582907032,0.7980389615777725,-35.20298583892483,0.9553323341341762,0.6581909814691796,0.6479701416107516,0.044016831885879286,-0.13980242835208312,7.446616871328342,11.492222238538995,
I_DCM027,DCM027,cs_I_DCM027,trained entity,1.0,,,39.0293138661,0.9993116850782858,10,0,0.0,True,WY1950-84_mixed,1949-10,1984-09,420,0.6974467037501586,0.8164717673158937,-20.98851657347611,0.9150880620871638,0.7993094992880261,0.7901148342652389,0.05822658154124226,-0.16562955353805098,6.603328283192245,8.357428562055741,
I_DCM027,DCM027,cs_I_DCM027,trained entity,1.0,,,39.0293138661,0.9993116850782858,10,0,0.0,True,WY1976-85_own,1975-10,1985-09,120,0.5055146395645689,0.8005388335095152,-35.45143931780439,0.9557454649683791,0.6581274318643033,0.6454856068219561,0.0450334586879472,-0.2086067664276774,6.775662423990918,10.49700001422316,
I_DCM027,DCM027,cs_I_DCM027,trained entity,1.0,,,39.0293138661,0.9993116850782858,10,0,0.0,True,train,1949-10,2015-09,672,0.7497417798710426,0.8287979340842013,-17.660348897426474,0.9156851768915264,0.8440147602225863,0.8233965110257353,0.08954269511203146,-0.30487862819661427,5.638795731318945,6.84821426349559,1976-1985
I_DEE023,DEE023,cs_I_DEE023,trained entity,1.0,,,74.7954339992,0.9988984320198777,14,0,0.0,True,WY1976-85,1975-10,1985-09,120,0.8052662223307003,0.881145787803241,-13.414060966669828,0.9441362442667499,0.8703590273139759,0.8658593903333016,0.03868008833198483,-0.07052609115412167,37.733286352871744,43.578999978676435,
I_DEE023,DEE023,cs_I_DEE023,trained entity,1.0,,,74.7954339992,0.9988984320198777,14,0,0.0,True,WY1976-84,1975-10,1984-09,108,0.8056898638421683,0.8807849523901978,-13.25325468074363,0.9440852317704858,0.8693665749348601,0.8674674531925638,0.04197744217139683,-0.03239358239536383,40.5280793929126,46.719999976663125,
I_DEE023,DEE023,cs_I_DEE023,trained entity,1.0,,,74.7954339992,0.9988984320198777,14,0,0.0,True,WY1950-84_mixed,1949-10,1984-09,420,0.8664604372722972,0.8632431544369858,-9.819270920639736,0.9305368597064531,0.941983805599014,0.9018072907936028,0.08468568512613125,-0.059677201213351516,34.87340319673032,38.6705713656864,
I_DEE023,DEE023,cs_I_DEE023,trained entity,1.0,,,74.7954339992,0.9988984320198777,14,0,0.0,True,WY1976-85_own,1975-10,1985-09,24,0.21116248284175987,0.3516194287170058,-46.609257691358415,0.7811060159484887,0.40241505878370054,0.5339074230864158,0.2685190400731685,-0.4800167314374999,0.9690419736178704,1.8150000013411045,
I_DEE023,DEE023,cs_I_DEE023,trained entity,1.0,,,74.7954339992,0.9988984320198777,14,0,0.0,True,train,1949-10,2015-09,672,0.9050663509499326,0.8180989107708183,1.012541297945179,0.9128878525795133,1.0363503439563964,1.0101254129794517,0.0922060701312365,-0.03447053124481858,33.38518597808372,33.05053565538089,1976-1985
I_DONLL,DONLL,cdec_NML,trained entity,1.0,ST,UF16,112.93927312,1.0033191253257403,19,0,0.0,True,WY1976-85,1975-10,1985-09,120,0.8257070007662938,0.8229513562361618,14.149022563075535,0.9246548477310854,1.0684227569045028,1.1414902256307555,0.13242125450994974,0.2390791053629071,243.00157991652128,212.88099929392337,
I_DONLL,DONLL,cdec_NML,trained entity,1.0,ST,UF16,112.93927312,1.0033191253257403,19,0,0.0,True,WY1976-84,1975-10,1984-09,108,0.833688618486866,0.8186105705791686,12.916477570383686,0.9221047080187407,1.0700589739101212,1.129164775703837,0.13554289171865042,0.26215612096552743,252.1023455516866,223.26444375183848,
I_DONLL,DONLL,cdec_NML,trained entity,1.0,ST,UF16,112.93927312,1.0033191253257403,19,0,0.0,True,WY1950-84_mixed,1949-10,1984-09,420,0.8516900779739355,0.8428602306300277,12.735749249285119,0.9280568043218347,1.0244965032795281,1.127357492492851,0.12433475571597044,0.16494288494270126,222.01534191488275,196.93428516978662,
I_DONLL,DONLL,cdec_NML,trained entity,1.0,ST,UF16,112.93927312,1.0033191253257403,19,0,0.0,True,WY1976-85_own,1975-10,1985-09,120,0.8257070007662938,0.8229513562361618,14.149022563075535,0.9246548477310854,1.0684227569045028,1.1414902256307555,0.13242125450994974,0.2390791053629071,243.00157991652128,212.88099929392337,
I_DONLL,DONLL,cdec_NML,trained entity,1.0,ST,UF16,112.93927312,1.0033191253257403,19,0,0.0,True,train,1987-10,2018-12,375,0.7984412497011755,0.8946656804242298,2.9461830227953807,0.9584451839360634,0.8049842887264322,1.029461830227954,0.10829603590217737,-0.16911134591537458,183.13055304298223,177.88959985280036,1976-1985
I_DRC012,DRC012,cs_I_DRC012,trained entity,1.0,,UF7,208.997747437,1.000835117562561,30,0,0.0,True,WY1976-85,1975-10,1985-09,120,0.5841881597715954,0.793503809028954,26.574601945294397,0.9825167048879542,1.319331918246631,1.2657460194529437,0.03619789694653305,-0.12297118186330991,305.27009238960227,241.1779991388321,
I_DRC012,DRC012,cs_I_DRC012,trained entity,1.0,,UF7,208.997747437,1.000835117562561,30,0,0.0,True,WY1976-84,1975-10,1984-09,108,0.5858528776524095,0.7936565156334018,26.292557626115023,0.9825759319917065,1.319506466523879,1.2629255762611502,0.03565366267604759,-0.11941664737885382,320.1305836382512,253.4833323955536,
I_DRC012,DRC012,cs_I_DRC012,trained entity,1.0,,UF7,208.997747437,1.000835117562561,30,0,0.0,True,WY1950-84_mixed,1949-10,1984-09,420,0.7500443114923988,0.8430658768979196,18.182133818747122,0.9587022417412729,1.166473248180691,1.1818213381874711,0.034492489366003604,0.0278272834459381,310.8747261797767,263.04714268956866,
I_DRC012,DRC012,cs_I_DRC012,trained entity,1.0,,UF7,208.997747437,1.000835117562561,30,0,0.0,True,WY1976-85_own,1975-10,1985-09,120,0.5841881597715954,0.793503809028954,26.574601945294397,0.9825167048879542,1.319331918246631,1.2657460194529437,0.03619789694653305,-0.12297118186330991,305.27009238960227,241.1779991388321,
I_DRC012,DRC012,cs_I_DRC012,trained entity,1.0,,UF7,208.997747437,1.000835117562561,30,0,0.0,True,train,1949-10,2015-09,672,0.6740905476164222,0.799833195326167,24.44148323776647,0.9570906635867105,1.2112750570117845,1.2444148323776647,0.03545152209978296,0.04637452902429828,300.61884629179633,241.5744641338076,1976-1985
I_EBF001,EBF001,cs_I_EBF001,trained entity,1.0,OROV,UF8,955.672466225,1.000309105145893,99,0,0.0,True,WY1976-85,1975-10,1985-09,120,0.9502481027887523,0.9253092476755388,2.7740455151201497,0.9623638659664197,0.982992947370896,1.0277404551512015,0.0768313304822961,0.017533769184598924,683.8811037353468,665.4219947338105,
I_EBF001,EBF001,cs_I_EBF001,trained entity,1.0,OROV,UF8,955.672466225,1.000309105145893,99,0,0.0,True,WY1976-84,1975-10,1984-09,108,0.9528356839024592,0.9247933065931997,2.2205594351823863,0.9620317441303565,0.9829766090731522,1.0222055943518238,0.07765256325469261,0.020828317481468517,722.3540709737142,706.662216451433,
I_EBF001,EBF001,cs_I_EBF001,trained entity,1.0,OROV,UF8,955.672466225,1.000309105145893,99,0,0.0,True,WY1950-84_mixed,1949-10,1984-09,420,0.8528566392257194,0.8563394311340369,-2.921538211647528,0.9271064596586942,0.8755646278414018,0.9707846178835247,0.09180220054649907,-0.03591035110868379,708.4020610155274,729.7211430481502,
I_EBF001,EBF001,cs_I_EBF001,trained entity,1.0,OROV,UF8,955.672466225,1.000309105145893,99,0,0.0,True,WY1976-85_own,1975-10,1985-09,12,0.8534177054872347,0.8695593727730081,-6.472614841414279,0.9394285450955672,0.8832610021164407,0.9352738515858571,0.09300969358663642,-0.14574276053874247,155.76050609249748,166.53999876976013,
I_EBF001,EBF001,cs_I_EBF001,trained entity,1.0,OROV,UF8,955.672466225,1.000309105145893,99,0,0.0,True,train,1949-10,2015-09,672,0.8760640603049018,0.8736475992444427,0.8383274532070834,0.9356180435702424,0.8944310578697326,1.0083832745320709,0.08237589892818328,-0.021291690863121993,647.2868074999049,641.9055371582508,1976-1985
I_ECHOL,ECHOL,cdec_FOL,trained entity,1.0,FOLS,UF11,4.75103086469,0.994370482777899,2,0,0.0,True,WY1976-85,1975-10,1985-09,120,0.6756577263680054,0.64170200000675,-24.1002622322054,0.883670469181268,1.1832568873416733,0.758997377677946,0.16865598724235573,-0.667049913622253,11.987604530838786,15.793999931216241,
I_ECHOL,ECHOL,cdec_FOL,trained entity,1.0,FOLS,UF11,4.75103086469,0.994370482777899,2,0,0.0,True,WY1976-84,1975-10,1984-09,108,0.6862939443810028,0.6745206896186686,-23.15197258123468,0.8962287299233377,1.1845037381693975,0.7684802741876532,0.1706045741742609,-0.6446474085999174,12.457065210279008,16.209999955362743,
I_ECHOL,ECHOL,cdec_FOL,trained entity,1.0,FOLS,UF11,4.75103086469,0.994370482777899,2,0,0.0,True,WY1950-84_mixed,1949-10,1984-09,420,0.6859399991994406,0.6694895905961591,-23.27264823675145,0.8931019643863415,1.1817825032549374,0.7672735176324854,0.18198082277208313,-0.39397573093152527,12.35704959514393,16.105142835208348,
I_ECHOL,ECHOL,cdec_FOL,trained entity,1.0,FOLS,UF11,4.75103086469,0.994370482777899,2,0,0.0,True,WY1976-85_own,1975-10,1985-09,0,,,,,,,,,,,
I_ECHOL,ECHOL,cdec_FOL,trained entity,1.0,FOLS,UF11,4.75103086469,0.994370482777899,2,0,0.0,True,train,1987-10,2018-12,375,0.3829463582778051,0.18112676772427316,-45.565112484737725,0.621425021880822,0.8273204264251076,0.5443488751526228,0.2726836609669348,-1.1663609779651365,7.986164118702713,14.671039995193482,1976-1985
I_ELD027,ELD027,cs_I_ELD027,trained entity,1.0,,,92.824593101,0.9994137002000828,15,0,0.0,True,WY1976-85,1975-10,1985-09,120,0.6346338736653371,0.8625030828430533,-25.968852667191708,0.9661307897234133,0.7452311793350563,0.7403114733280829,0.06564876550102172,0.14535060541898837,56.69675397879038,76.58499972168357,
I_ELD027,ELD027,cs_I_ELD027,trained entity,1.0,,,92.824593101,0.9994137002000828,15,0,0.0,True,WY1976-84,1975-10,1984-09,108,0.6303303013271726,0.8626718414350489,-26.7271739389067,0.9672068954422923,0.7467291652513679,0.7327282606109331,0.06839576837973053,0.13944364402065368,59.56836489868996,81.29666630985835,
I_ELD027,ELD027,cs_I_ELD027,trained entity,1.0,,,92.824593101,0.9994137002000828,15,0,0.0,True,WY1950-84_mixed,1949-10,1984-09,420,0.48052637709326895,0.739080185449347,-37.228651764834694,0.9374852327204157,0.6431421886169633,0.627713482351653,0.058186044355341734,0.08827988285246047,48.784815795384944,77.71828575772898,
I_ELD027,ELD027,cs_I_ELD027,trained entity,1.0,,,92.824593101,0.9994137002000828,15,0,0.0,True,WY1976-85_own,1975-10,1985-09,120,0.6346338736653371,0.8625030828430533,-25.968852667191708,0.9661307897234133,0.7452311793350563,0.7403114733280829,0.06564876550102172,0.14535060541898837,56.69675397879038,76.58499972168357,
I_ELD027,ELD027,cs_I_ELD027,trained entity,1.0,,,92.824593101,0.9994137002000828,15,0,0.0,True,train,1949-10,2015-09,672,0.5224715636958397,0.7578247273105565,-32.865815187177674,0.9334664891280844,0.660013943494176,0.6713418481282233,0.04302164802988451,0.04811082760788743,48.348001903049635,72.01696429002499,1976-1985
I_ELENR,ELENR,cdec_TLG,trained entity,1.0,TU,UF18,109.4475973122,1.0004699141574886,18,0,0.0,True,WY1976-85,1975-10,1985-09,120,0.7942039884042629,0.8289574277527312,7.734064811613667,0.9439448871647266,1.1822861675024012,1.0773406481161367,0.06942443046690146,0.24889151232750883,210.4789646517088,195.36899960078296,
I_ELENR,ELENR,cdec_TLG,trained entity,1.0,TU,UF18,109.4475973122,1.0004699141574886,18,0,0.0,True,WY1976-84,1975-10,1984-09,108,0.7827138671267613,0.81896449524382,8.812055113154251,0.9420589175366371,1.1899759536632302,1.0881205511315424,0.07271416243328568,0.2643250896539069,220.5100472795039,202.65222180593346,
I_ELENR,ELENR,cdec_TLG,trained entity,1.0,TU,UF18,109.4475973122,1.0004699141574886,18,0,0.0,True,WY1950-84_mixed,1949-10,1984-09,420,0.8745049418409789,0.8699275391711556,5.528454330786276,0.9463560983119028,1.0990704835218588,1.0552845433078628,0.0573767938078219,0.25597033761062704,187.78306025868346,177.94542850979735,
I_ELENR,ELENR,cdec_TLG,trained entity,1.0,TU,UF18,109.4475973122,1.0004699141574886,18,0,0.0,True,WY1976-85_own,1975-10,1985-09,120,0.7942039884042629,0.8289574277527312,7.734064811613667,0.9439448871647266,1.1822861675024012,1.0773406481161367,0.06942443046690146,0.24889151232750883,210.4789646517088,195.36899960078296,
I_ELENR,ELENR,cdec_TLG,trained entity,1.0,TU,UF18,109.4475973122,1.0004699141574886,18,0,0.0,True,train,1986-10,2018-12,387,0.9316254140241381,0.8882711436870606,-3.9672575369087726,0.9453978414485062,1.0109441789309257,0.9603274246309123,0.049495399920921515,-0.02770266777808672,176.2997371930029,183.58294543213853,1976-1985
I_ENGLB,ENGLB,cdec_YRS,trained entity,1.0,YUBA,UF9,135.508215946,0.9997359665111133,23,0,0.0,True,WY1976-85,1975-10,1985-09,120,0.058268040954132294,-0.6502883063446734,54.1529284870607,0.6978122474551948,1.7087225680954545,1.541529284870607,0.14768181584696452,-0.008872472073432114,126.7106230133541,82.19799925759435,
I_ENGLB,ENGLB,cdec_YRS,trained entity,1.0,YUBA,UF9,135.508215946,0.9997359665111133,23,0,0.0,True,WY1976-84,1975-10,1984-09,108,0.025939920287991414,-0.7066336807736173,57.48912040126677,0.6966812783596217,1.7254590929472706,1.5748912040126677,0.1523983439859124,0.024124338645115984,135.6576273054778,86.13777698410883,
I_ENGLB,ENGLB,cdec_YRS,trained entity,1.0,YUBA,UF9,135.508215946,0.9997359665111133,23,0,0.0,True,WY1950-84_mixed,1949-10,1984-09,420,0.7120759780624968,0.4388151239023891,-1.4564076554867877,0.7133080067450699,0.9777327350964056,0.9854359234451322,0.18681044466427432,-0.22440249499681197,132.1385108629543,134.09142869583198,
I_ENGLB,ENGLB,cdec_YRS,trained entity,1.0,YUBA,UF9,135.508215946,0.9997359665111133,23,0,0.0,True,WY1976-85_own,1975-10,1985-09,0,,,,,,,,,,,
I_ENGLB,ENGLB,cdec_YRS,trained entity,1.0,YUBA,UF9,135.508215946,0.9997359665111133,23,0,0.0,True,train,1987-10,2018-12,375,0.7505264096168329,0.651690395201526,-9.34489042249407,0.810587024264637,0.8672329136385796,0.9065510957750593,0.12327221980749589,-0.4635763350904796,107.74352540996429,118.84992022192478,1976-1985
I_EPARK,EPARK,uf_04,trained entity,1.0,,UF4,97.6343125206,1.0017719939581728,16,0,0.0,True,WY1976-85,1975-10,1985-09,120,0.8658502436225354,0.8528904204198189,-8.127080564010349,0.9369435152784767,1.0861109343887636,0.9187291943598965,0.09105413322053776,-0.02938710342993378,66.49394401678622,72.37599983215331,
I_EPARK,EPARK,uf_04,trained entity,1.0,,UF4,97.6343125206,1.0017719939581728,16,0,0.0,True,WY1976-84,1975-10,1984-09,108,0.8784744132655804,0.8570045127928615,-5.859455323674071,0.9383245228140309,1.0867829595946963,0.9414054467632592,0.09245845455184447,0.05091546977352035,71.02276479204538,75.44333319531546,
I_EPARK,EPARK,uf_04,trained entity,1.0,,UF4,97.6343125206,1.0017719939581728,16,0,0.0,True,WY1950-84_mixed,1949-10,1984-09,420,0.7518944886010974,0.8152726656829374,-20.86761348546466,0.9132162115210837,0.8976320871274451,0.7913238651453534,0.08690700196395641,0.13842810181742937,60.04316790216177,75.8768571842994,
I_EPARK,EPARK,uf_04,trained entity,1.0,,UF4,97.6343125206,1.0017719939581728,16,0,0.0,True,WY1976-85_own,1975-10,1985-09,0,,,,,,,,,,,
I_EPARK,EPARK,uf_04,trained entity,1.0,,UF4,97.6343125206,1.0017719939581728,16,0,0.0,True,train,1984-10,2014-09,348,0.7461763235706929,0.7384411946530721,6.9461529477975645,0.9155669890509138,1.2290690317365955,1.0694615294779755,0.06639071224173537,-0.1642415505124175,64.73413775530109,60.529655318129166,1976-1985
I_ESTMN,ESTMN,uf_20,trained entity,1.0,,UF20,234.811659592,0.9999382639212854,30,0,0.0,True,WY1976-85,1975-10,1985-09,120,0.8670784654958338,0.9207570196532134,-7.01797189402947,0.9627211977461345,0.8934484524423943,0.9298202810597054,0.0577315466695661,-0.3511760527411516,95.8282073275877,103.06099929157644,
I_ESTMN,ESTMN,uf_20,trained entity,1.0,,UF20,234.811659592,0.9999382639212854,30,0,0.0,True,WY1976-84,1975-10,1984-09,108,0.8694894421674275,0.9201149258805086,-6.106789156066815,0.9624326458496915,0.8909476628941452,0.9389321084393318,0.05639866554568089,-0.28616432342432496,105.3419222993697,112.19333256636229,
I_ESTMN,ESTMN,uf_20,trained entity,1.0,,UF20,234.811659592,0.9999382639212854,30,0,0.0,True,WY1950-84_mixed,1949-10,1984-09,420,0.8662038212487095,0.9177122090334389,-5.893206115439135,0.9613168239979475,0.8862808656780374,0.9410679388456087,0.06230996249265537,-0.2970031163117186,73.63238182058309,78.24342832347112,
I_ESTMN,ESTMN,uf_20,trained entity,1.0,,UF20,234.811659592,0.9999382639212854,30,0,0.0,True,WY1976-85_own,1975-10,1985-09,0,,,,,,,,,,,
I_ESTMN,ESTMN,uf_20,trained entity,1.0,,UF20,234.811659592,0.9999382639212854,30,0,0.0,True,train,1984-10,2014-09,348,0.8817448255278345,0.8938250712879197,10.611415632283887,0.9480624229164126,1.00515365928451,1.106114156322839,0.044639039921243746,-0.5043011367131482,68.60158131708303,62.02034475821359,1976-1985
I_FOLSM,FOLSM,cdec_FOL,trained entity,1.0,FOLS,UF11,193.996983146,1.0000599565731898,26,0,0.0,True,WY1976-85,1975-10,1985-09,120,0.3982995639932625,0.3434111153142809,-45.898530362807186,0.6873279813954629,0.7684571000313143,0.5410146963719282,0.22847994810203734,-1.1485614580766184,100.39122839671518,185.56100059747695,
I_FOLSM,FOLSM,cdec_FOL,trained entity,1.0,FOLS,UF11,193.996983146,1.0000599565731898,26,0,0.0,True,WY1976-84,1975-10,1984-09,108,0.43108075101467747,0.3807016936711628,-42.446955043537756,0.6970422622414089,0.772598764841946,0.5755304495646224,0.21348210879336144,-0.9670207594149502,108.11467425519061,187.8522228267458,
I_FOLSM,FOLSM,cdec_FOL,trained entity,1.0,FOLS,UF11,193.996983146,1.0000599565731898,26,0,0.0,True,WY1950-84_mixed,1949-10,1984-09,420,0.43759516063737836,0.4862147406991214,-41.272492708879746,0.7455258353119913,0.7150434464617751,0.5872750729112025,0.1736485102272001,-0.5837623768445175,90.37643201032313,153.89114263323802,
I_FOLSM,FOLSM,cdec_FOL,trained entity,1.0,FOLS,UF11,193.996983146,1.0000599565731898,26,0,0.0,True,WY1976-85_own,1975-10,1985-09,0,,,,,,,,,,,
I_FOLSM,FOLSM,cdec_FOL,trained entity,1.0,FOLS,UF11,193.996983146,1.0000599565731898,26,0,0.0,True,train,1987-10,2018-12,375,0.5302922539410372,0.4890868150669604,-37.01117525081362,0.7435832967502813,0.866234789060485,0.6298882474918638,0.36153576906495577,-2.028780073084481,99.47416904404082,157.92351967215538,1976-1985
I_FRDYC,FRDYC,cs_I_FRDYC,trained entity,1.0,YUBA,UF9,31.626772939,1.0033690091244043,7,0,0.0,True,WY1976-85,1975-10,1985-09,120,0.8304304137694632,0.8056812028706135,-12.859555091653128,0.9160702595348406,1.071922371514851,0.8714044490834688,0.13545206725324807,0.08478174032053154,88.3638964799884,101.40399968456477,
I_FRDYC,FRDYC,cs_I_FRDYC,trained entity,1.0,YUBA,UF9,31.626772939,1.0033690091244043,7,0,0.0,True,WY1976-84,1975-10,1984-09,108,0.8306876869296822,0.7986534085157933,-12.384191676887681,0.9132065164878427,1.076136260927739,0.8761580832311231,0.14289605354198065,0.07331442240119479,92.60698849573262,105.6966662388295,
I_FRDYC,FRDYC,cs_I_FRDYC,trained entity,1.0,YUBA,UF9,31.626772939,1.0033690091244043,7,0,0.0,True,WY1950-84_mixed,1949-10,1984-09,420,0.8300248175247079,0.7282611063474771,-7.2759855383683805,0.8820365325964119,1.0983981019134865,0.9272401446163162,0.1436246286930692,0.11539772086704847,91.26268398606369,98.42399999174688,
I_FRDYC,FRDYC,cs_I_FRDYC,trained entity,1.0,YUBA,UF9,31.626772939,1.0033690091244043,7,0,0.0,True,WY1976-85_own,1975-10,1985-09,120,0.8304304137694632,0.8056812028706135,-12.859555091653128,0.9160702595348406,1.071922371514851,0.8714044490834688,0.13545206725324807,0.08478174032053154,88.3638964799884,101.40399968456477,
I_FRDYC,FRDYC,cs_I_FRDYC,trained entity,1.0,YUBA,UF9,31.626772939,1.0033690091244043,7,0,0.0,True,train,1949-10,2015-09,672,0.8369465807369161,0.7378937248291109,-8.91827008533218,0.8812497723913482,1.067314536652816,0.9108172991466781,0.11840275985256174,0.20628612750178554,83.5897697154189,91.77446431214256,1976-1985
I_FRMAN,FRMAN,cs_I_FRMAN,trained entity,1.0,OROV,UF8,81.1801970227,1.0012941063655425,14,0,0.0,True,WY1976-85,1975-10,1985-09,120,0.577609465656371,0.7154914495747882,-25.962301765034546,0.8797805935174177,0.6892638635205095,0.7403769823496545,0.1439732306734684,-0.57623282191566,20.472164056705438,27.651000159047545,
I_FRMAN,FRMAN,cs_I_FRMAN,trained entity,1.0,OROV,UF8,81.1801970227,1.0012941063655425,14,0,0.0,True,WY1976-84,1975-10,1984-09,108,0.5849182005573534,0.7149779745181026,-24.66914663742138,0.8779975418720921,0.6892724330584207,0.7533085336257861,0.15011388867749467,-0.6069255636092183,21.73881039280485,28.857777952113086,
I_FRMAN,FRMAN,cs_I_FRMAN,trained entity,1.0,OROV,UF8,81.1801970227,1.0012941063655425,14,0,0.0,True,WY1950-84_mixed,1949-10,1984-09,420,0.5356524226619248,0.5457057829953426,-27.536701396235653,0.7607014362504507,0.7127233431192189,0.7246329860376435,0.2164764302217122,-0.864203390096935,20.306493734059508,28.023142922456774,
I_FRMAN,FRMAN,cs_I_FRMAN,trained entity,1.0,OROV,UF8,81.1801970227,1.0012941063655425,14,0,0.0,True,WY1976-85_own,1975-10,1985-09,120,0.577609465656371,0.7154914495747882,-25.962301765034546,0.8797805935174177,0.6892638635205095,0.7403769823496545,0.1439732306734684,-0.57623282191566,20.472164056705438,27.651000159047545,
I_FRMAN,FRMAN,cs_I_FRMAN,trained entity,1.0,OROV,UF8,81.1801970227,1.0012941063655425,14,0,0.0,True,train,1949-10,2015-09,672,0.6319215641102374,0.6179683887825596,-22.677239334368256,0.797021410872254,0.7929837954653263,0.7732276066563174,0.20488370271604442,-0.7899425772108719,18.37119758540792,23.759107185594203,1976-1985
I_FRMDW,FRMDW,cs_I_FRMDW,trained entity,1.0,FOLS,UF11,47.0378382962,0.9996591042910774,9,0,0.0,True,WY1976-85,1975-10,1985-09,120,0.8424657011357263,0.9218316792127553,-8.921996926071934,0.9671728049721585,0.8743846041666122,0.9107800307392808,0.0355227208832532,-0.10621692009345107,114.87122065788432,126.12400006689131,
I_FRMDW,FRMDW,cs_I_FRMDW,trained entity,1.0,FOLS,UF11,47.0378382962,0.9996591042910774,9,0,0.0,True,WY1976-84,1975-10,1984-09,108,0.845135505232326,0.9210139736033872,-8.761937417197236,0.9664267969448644,0.8767981451195744,0.9123806258280275,0.035729787466405885,-0.08977667296168068,120.07435926099666,131.60555568792753,
I_FRMDW,FRMDW,cs_I_FRMDW,trained entity,1.0,FOLS,UF11,47.0378382962,0.9996591042910774,9,0,0.0,True,WY1950-84_mixed,1949-10,1984-09,420,0.90767705672206,0.8576821193886214,0.5954375612349423,0.9263057760773983,0.9447077525595656,1.0059543756123495,0.06887762744116335,0.014825362912858964,126.55969452024115,125.81057112376605,
I_FRMDW,FRMDW,cs_I_FRMDW,trained entity,1.0,FOLS,UF11,47.0378382962,0.9996591042910774,9,0,0.0,True,WY1976-85_own,1975-10,1985-09,120,0.8424657011357263,0.9218316792127553,-8.921996926071934,0.9671728049721585,0.8743846041666122,0.9107800307392808,0.0355227208832532,-0.10621692009345107,114.87122065788432,126.12400006689131,
I_FRMDW,FRMDW,cs_I_FRMDW,trained entity,1.0,FOLS,UF11,47.0378382962,0.9996591042910774,9,0,0.0,True,train,1949-10,2015-09,672,0.9066648343574055,0.8775291086180961,-0.4369711540375894,0.9367860961448218,0.9314699983512861,0.9956302884596241,0.06410861450685265,-0.024857630597344915,114.5662880709338,115.06910687518706,1976-1985
I_FRNCH,FRNCH,cdec_YRS,trained entity,1.0,YUBA,UF9,4.72906279714,0.9988845077437977,2,0,0.0,True,WY1976-85,1975-10,1985-09,120,0.5549333648675283,0.22909821364648486,-12.383236577701915,0.7678680502572742,1.358977175880094,0.8761676342229808,0.2286965413709251,0.5776479122061886,14.288541839461704,16.308000069111586,
I_FRNCH,FRNCH,cdec_YRS,trained entity,1.0,YUBA,UF9,4.72906279714,0.9988845077437977,2,0,0.0,True,WY1976-84,1975-10,1984-09,108,0.541605457025113,0.21098352562317313,-12.063261294390788,0.7691754427453493,1.377217912474574,0.8793673870560921,0.24741171980245708,0.6319493309494648,14.917979232714723,16.964444499876763,
I_FRNCH,FRNCH,cdec_YRS,trained entity,1.0,YUBA,UF9,4.72906279714,0.9988845077437977,2,0,0.0,True,WY1950-84_mixed,1949-10,1984-09,420,0.6269102208864301,0.4384901123712813,-19.097998523276644,0.8166753745540535,1.262896767238793,0.8090200147672336,0.2356767015065615,0.6259378854179856,14.211245576356392,17.565999996236393,
I_FRNCH,FRNCH,cdec_YRS,trained entity,1.0,YUBA,UF9,4.72906279714,0.9988845077437977,2,0,0.0,True,WY1976-85_own,1975-10,1985-09,0,,,,,,,,,,,
I_FRNCH,FRNCH,cdec_YRS,trained entity,1.0,YUBA,UF9,4.72906279714,0.9988845077437977,2,0,0.0,True,train,1987-10,2018-12,375,0.7108034697330012,0.5552797582447038,-18.14408885858902,0.8232080099756701,1.1394934741515563,0.8185591114141098,0.18325575416800619,0.47017477225330584,12.971738987352898,15.847040007829666,1976-1985
I_FRS046,FRS046,uf_21,trained entity,1.0,,UF21,45.8220529924,0.9987878994838939,12,0,0.0,True,WY1976-85,1975-10,1985-09,120,0.3132543260558117,0.6887896426714966,-53.84915705834435,0.9507296347576633,0.5766574906762607,0.46150842941655645,0.12588198077146853,-0.6093154751092493,5.203969050434625,11.276000000722705,
I_FRS046,FRS046,uf_21,trained entity,1.0,,UF21,45.8220529924,0.9987878994838939,12,0,0.0,True,WY1976-84,1975-10,1984-09,108,0.3181717055828609,0.6843476911898698,-53.31921998397513,0.9504238628917695,0.5779358961872527,0.46680780016024875,0.12705767463018255,-0.5257475086064511,5.73084375959247,12.276666665863658,
I_FRS046,FRS046,uf_21,trained entity,1.0,,UF21,45.8220529924,0.9987878994838939,12,0,0.0,True,WY1950-84_mixed,1949-10,1984-09,420,0.17182522608837048,0.5577939484917949,-64.28938198205371,0.9141402792389882,0.4850348546445319,0.3571061801794629,0.14794635908572634,-0.6816637342408107,3.056624838887898,8.55942856366081,
I_FRS046,FRS046,uf_21,trained entity,1.0,,UF21,45.8220529924,0.9987878994838939,12,0,0.0,True,WY1976-85_own,1975-10,1985-09,0,,,,,,,,,,,
I_FRS046,FRS046,uf_21,trained entity,1.0,,UF21,45.8220529924,0.9987878994838939,12,0,0.0,True,train,1984-10,2014-09,348,0.30618844478346074,0.7090884907565145,-54.186530409146286,0.9467706546034782,0.5699731366966511,0.4581346959085371,0.1378822054210342,-0.8263866063240295,3.1083649162567566,6.784827571490714,1976-1985
I_GERLE,GERLE,cdec_FOL,trained entity,1.0,FOLS,UF11,22.6793716999,1.002158134042513,5,0,0.0,True,WY1976-85,1975-10,1985-09,120,0.8106512292701685,0.8219274057128481,-7.426164905629279,0.9101147200911333,0.8508061632906943,0.9257383509437073,0.07162299772134692,-0.20105045703992808,46.750712163024616,50.500999678112564,
I_GERLE,GERLE,cdec_FOL,trained entity,1.0,FOLS,UF11,22.6793716999,1.002158134042513,5,0,0.0,True,WY1976-84,1975-10,1984-09,108,0.8139971418381063,0.817726950528287,-6.945553724334578,0.9072255118615754,0.8545149975382855,0.9305444627566543,0.07235382124066346,-0.20288797773298572,48.8122264182788,52.455555185054735,
I_GERLE,GERLE,cdec_FOL,trained entity,1.0,FOLS,UF11,22.6793716999,1.002158134042513,5,0,0.0,True,WY1950-84_mixed,1949-10,1984-09,420,0.8197114468440405,0.8413605187889287,-5.176422231727553,0.9210362791808565,0.8464123752337016,0.9482357776827245,0.08950987927438905,-0.19790982043756777,48.600063633250755,51.253142706783756,
I_GERLE,GERLE,cdec_FOL,trained entity,1.0,FOLS,UF11,22.6793716999,1.002158134042513,5,0,0.0,True,WY1976-85_own,1975-10,1985-09,0,,,,,,,,,,,
I_GERLE,GERLE,cdec_FOL,trained entity,1.0,FOLS,UF11,22.6793716999,1.002158134042513,5,0,0.0,True,train,1987-10,2018-12,375,0.8318658357155262,0.9008623417494338,-8.38731704554279,0.9556906242381314,0.8611797287965958,0.9161268295445721,0.07756409202861847,-0.18674576134820597,45.39591669630787,49.55200004225969,1976-1985
I_GZL009,GZL009,cs_I_GZL009,trained entity,1.0,OROV,UF8,13.689701561,0.9988053187924132,5,0,0.0,True,WY1976-85,1975-10,1985-09,120,0.8374948639379612,0.8018820203137198,-9.06050648730436,0.9196228045405199,1.1083427335632705,0.9093949351269563,0.12017744571495247,-0.33241979118731724,48.63535046069658,53.48099992871285,
I_GZL009,GZL009,cs_I_GZL009,trained entity,1.0,OROV,UF8,13.689701561,0.9988053187924132,5,0,0.0,True,WY1976-84,1975-10,1984-09,108,0.8402064249713299,0.8053482163492974,-8.360074257848462,0.9211172015592308,1.1110063357242377,0.9163992574215154,0.11613243939620783,-0.27579099398635787,51.01900125226106,55.67333325412538,
I_GZL009,GZL009,cs_I_GZL009,trained entity,1.0,OROV,UF8,13.689701561,0.9988053187924132,5,0,0.0,True,WY1950-84_mixed,1949-10,1984-09,420,0.8197635055162021,0.7904732646766062,-15.063894373774493,0.9128762782593101,1.0469314359830957,0.849361056262255,0.11548043396595845,-0.27854415310348735,47.96317612836735,56.46971423370498,
I_GZL009,GZL009,cs_I_GZL009,trained entity,1.0,OROV,UF8,13.689701561,0.9988053187924132,5,0,0.0,True,WY1976-85_own,1975-10,1985-09,0,,,,,,,,,,,
I_GZL009,GZL009,cs_I_GZL009,trained entity,1.0,OROV,UF8,13.689701561,0.9988053187924132,5,0,0.0,True,train,1949-10,2015-09,672,0.8321809450361664,0.7996798708629387,-14.117020209618744,0.9093382846260537,1.0038291793545628,0.8588297979038126,0.10659583609337775,-0.19132447202883984,44.72616883501072,52.078035652903566,1976-1985
I_HHOLE,HHOLE,cs_I_HHOLE,trained entity,1.0,FOLS,UF11,80.9806008299,1.0006990593586524,15,0,0.0,True,WY1976-85,1975-10,1985-09,120,0.7839209910973151,0.8676495297156386,-16.9356569580467,0.9443423161352359,0.8778905709819547,0.830643430419533,0.02284079377250256,-0.2121782360554736,175.06059409372838,210.7529990399256,
I_HHOLE,HHOLE,cs_I_HHOLE,trained entity,1.0,FOLS,UF11,80.9806008299,1.0006990593586524,15,0,0.0,True,WY1976-84,1975-10,1984-09,108,0.7849804063595666,0.8643897280249354,-16.68686909752629,0.9424154778896504,0.877230751265547,0.8331313090247371,0.023261319686345646,-0.2636510309444189,182.56961741308118,219.13666601582537,
I_HHOLE,HHOLE,cs_I_HHOLE,trained entity,1.0,FOLS,UF11,80.9806008299,1.0006990593586524,15,0,0.0,True,WY1950-84_mixed,1949-10,1984-09,420,0.8645088626034433,0.8747473828886936,-8.925372030922436,0.9382485260647212,0.918892804321713,0.9107462796907756,0.031595001771927936,-0.12401435786837478,191.9676210778697,210.78057122895763,
I_HHOLE,HHOLE,cs_I_HHOLE,trained entity,1.0,FOLS,UF11,80.9806008299,1.0006990593586524,15,0,0.0,True,WY1976-85_own,1975-10,1985-09,120,0.7839209910973151,0.8676495297156386,-16.9356569580467,0.9443423161352359,0.8778905709819547,0.830643430419533,0.02284079377250256,-0.2121782360554736,175.06059409372838,210.7529990399256,
I_HHOLE,HHOLE,cs_I_HHOLE,trained entity,1.0,FOLS,UF11,80.9806008299,1.0006990593586524,15,0,0.0,True,train,1949-10,2015-09,672,0.8340915459063177,0.8768328340705439,-10.826803007369069,0.9415596184496937,0.8886969425039343,0.8917319699263093,0.036071644115019584,-0.08172415442099545,176.7622955260189,198.22357108114687,1976-1985
I_HNSLY,HNSLY,uf_21,trained entity,1.0,,UF21,235.594591668,1.0013490618304963,30,0,0.0,True,WY1976-85,1975-10,1985-09,120,0.9321719920624981,0.9370435858552402,-0.15841373532608777,0.9684281253017178,0.9399887852343265,0.9984158626467392,0.03285908952526476,-0.07763872492346824,97.87071279666813,98.02599944397807,
I_HNSLY,HNSLY,uf_21,trained entity,1.0,,UF21,235.594591668,1.0013490618304963,30,0,0.0,True,WY1976-84,1975-10,1984-09,108,0.9287769947912707,0.9364543880237197,0.8311225276597374,0.9682258894867666,0.9368015355688356,1.0083112252765973,0.03171738126083467,-0.08219207230187742,107.53191016174242,106.6455549299717,
I_HNSLY,HNSLY,uf_21,trained entity,1.0,,UF21,235.594591668,1.0013490618304963,30,0,0.0,True,WY1950-84_mixed,1949-10,1984-09,420,0.8917428572074132,0.9164730247455795,9.68839577941679,0.9586445593351132,0.9750433332521061,1.096883957794168,0.034192308287426865,0.059674884445914955,83.17326305826344,75.82685704103537,
I_HNSLY,HNSLY,uf_21,trained entity,1.0,,UF21,235.594591668,1.0013490618304963,30,0,0.0,True,WY1976-85_own,1975-10,1985-09,0,,,,,,,,,,,
I_HNSLY,HNSLY,uf_21,trained entity,1.0,,UF21,235.594591668,1.0013490618304963,30,0,0.0,True,train,1984-10,2014-09,348,0.86858279281566,0.9288643048924206,9.104822595133792,0.9659712595437346,0.9115537015008205,1.091048225951338,0.051679632299744864,-0.009336651412586328,60.15174596728957,55.13206890084106,1976-1985
I_HON021,HON021,cs_I_HON021,trained entity,1.0,,,30.5528396547,1.0005136603418117,7,0,0.0,True,WY1976-85,1975-10,1985-09,120,0.5983281517481596,0.8125629985911087,27.48211580407165,0.9705454562209012,1.2914550301881482,1.2748211580407163,0.03522861623333817,-0.3370508928894278,34.68051345329809,27.204218595335263,
I_HON021,HON021,cs_I_HON021,trained entity,1.0,,,30.5528396547,1.0005136603418117,7,0,0.0,True,WY1976-84,1975-10,1984-09,108,0.6042782786173102,0.8139866890093703,26.665137938536837,0.9709044735106531,1.2909401536128473,1.2666513793853684,0.03516266055325743,-0.38068626063471456,36.89183461292331,29.125484101888205,
I_HON021,HON021,cs_I_HON021,trained entity,1.0,,,30.5528396547,1.0005136603418117,7,0,0.0,True,WY1950-84_mixed,1949-10,1984-09,420,0.5962743770501568,0.8078577544320409,30.66305388302635,0.9630497963463102,1.2600130260830256,1.3066305388302633,0.03222146932890514,-0.044906100699344975,35.76036479346905,27.368382821882346,
I_HON021,HON021,cs_I_HON021,trained entity,1.0,,,30.5528396547,1.0005136603418117,7,0,0.0,True,WY1976-85_own,1975-10,1985-09,120,0.5983281517481596,0.8125629985911087,27.48211580407165,0.9705454562209012,1.2914550301881482,1.2748211580407163,0.03522861623333817,-0.3370508928894278,34.68051345329809,27.204218595335263,
I_HON021,HON021,cs_I_HON021,trained entity,1.0,,,30.5528396547,1.0005136603418117,7,0,0.0,True,train,1949-10,2015-09,672,0.7971009792903474,0.8204603622536484,13.160771033622863,0.9319287598560475,1.1386135976383838,1.1316077103362285,0.04962287931305975,0.04147660530218644,27.89145485873504,24.647635928927883,1976-1985
I_HTCHY,HTCHY,cdec_TLG,trained entity,1.0,TU,UF18,526.2135664093,1.000698901972814,58,0,0.0,True,WY1976-85,1975-10,1985-09,120,0.8288767849806637,0.9388522900279559,12.777382507278945,0.9819390557609032,1.1123868615008643,1.1277738250727893,0.04731242973214559,0.042524179192355405,960.6084231407106,851.7740009427071,
I_HTCHY,HTCHY,cdec_TLG,trained entity,1.0,TU,UF18,526.2135664093,1.000698901972814,58,0,0.0,True,WY1976-84,1975-10,1984-09,108,0.8254588091365511,0.93752645689613,12.869251469894898,0.9819596622599222,1.1165221446022842,1.128692514698949,0.048078183824156434,0.047573186949502855,1000.7113260400863,886.6111124224133,
I_HTCHY,HTCHY,cdec_TLG,trained entity,1.0,TU,UF18,526.2135664093,1.000698901972814,58,0,0.0,True,WY1950-84_mixed,1949-10,1984-09,420,0.8763504921246621,0.9394159345787111,8.786312684864255,0.9771815917661888,1.0839558930859994,1.0878631268486425,0.05012082887851676,0.06907027663048648,866.5168588462528,796.531142071528,
I_HTCHY,HTCHY,cdec_TLG,trained entity,1.0,TU,UF18,526.2135664093,1.000698901972814,58,0,0.0,True,WY1976-85_own,1975-10,1985-09,120,0.8288767849806637,0.9388522900279559,12.777382507278945,0.9819390557609032,1.1123868615008643,1.1277738250727893,0.04731242973214559,0.042524179192355405,960.6084231407106,851.7740009427071,
I_HTCHY,HTCHY,cdec_TLG,trained entity,1.0,TU,UF18,526.2135664093,1.000698901972814,58,0,0.0,True,train,1986-10,2018-12,387,0.860935369826185,0.9342308372660778,11.746696190033607,0.9746381656348565,1.0699804371586799,1.1174669619003361,0.04876014241407186,-0.1712818205367359,804.7144698192506,720.1237237929373,1976-1985
I_ICEHS,ICEHS,cs_I_ICEHS,trained entity,1.0,FOLS,UF11,27.2920439684,0.9978250080796658,9,0,0.0,True,WY1976-85,1975-10,1985-09,120,0.6801305687972059,0.8670608491009999,-23.711822427095793,0.9679410501555771,0.7877180542969812,0.762881775729042,0.05307821235117717,-0.1530652164079198,50.3990217163571,66.064000110887,
I_ICEHS,ICEHS,cs_I_ICEHS,trained entity,1.0,FOLS,UF11,27.2920439684,0.9978250080796658,9,0,0.0,True,WY1976-84,1975-10,1984-09,108,0.6810804051048269,0.8678923855041526,-23.379823507089895,0.9688782036945277,0.7853385757045421,0.766201764929101,0.052877686140930656,-0.1711287370233059,52.773423620522045,68.87666674248047,
I_ICEHS,ICEHS,cs_I_ICEHS,trained entity,1.0,FOLS,UF11,27.2920439684,0.9978250080796658,9,0,0.0,True,WY1950-84_mixed,1949-10,1984-09,420,0.7061701032466764,0.8813271991599714,-19.552476666570197,0.9690067550395057,0.782869871705444,0.8044752333342979,0.044533330836626445,-0.17313463400587548,50.019741687094104,62.176857179030776,
I_ICEHS,ICEHS,cs_I_ICEHS,trained entity,1.0,FOLS,UF11,27.2920439684,0.9978250080796658,9,0,0.0,True,WY1976-85_own,1975-10,1985-09,120,0.6801305687972059,0.8670608491009999,-23.711822427095793,0.9679410501555771,0.7877180542969812,0.762881775729042,0.05307821235117717,-0.1530652164079198,50.3990217163571,66.064000110887,
I_ICEHS,ICEHS,cs_I_ICEHS,trained entity,1.0,FOLS,UF11,27.2920439684,0.9978250080796658,9,0,0.0,True,train,1949-10,2015-09,672,0.6252538550815099,0.7817077514947717,-25.33826850336731,0.9236911185487723,0.7346533537651947,0.7466173149663269,0.10008313338679545,-0.42726300680356477,42.693844504771945,57.18303560465574,1976-1985
I_INDVL,INDVL,uf_03,trained entity,1.0,,UF3,120.931192953,0.9986354285655822,19,0,0.0,True,WY1976-85,1975-10,1985-09,120,0.7119057362842702,0.873622145412987,-20.076779282618222,0.9539759544177548,0.7985741193941177,0.7992322071738179,0.09183827137095937,0.17269297646221293,104.13268134319696,130.29089719922922,
I_INDVL,INDVL,uf_03,trained entity,1.0,,UF3,120.931192953,0.9986354285655822,19,0,0.0,True,WY1976-84,1975-10,1984-09,108,0.7129505454508871,0.8738608331363642,-19.92691195343377,0.9542854672476297,0.7985070997474462,0.8007308804656624,0.09568261970158917,0.2115594378467689,110.93424892803836,138.54123980272237,
I_INDVL,INDVL,uf_03,trained entity,1.0,,UF3,120.931192953,0.9986354285655822,19,0,0.0,True,WY1950-84_mixed,1949-10,1984-09,420,0.6615456688904664,0.7813981529745134,-17.83029682904275,0.9070756522850364,0.7277419397935608,0.8216970317095723,0.10634113481774857,0.16776258336135985,102.4717290494523,124.70743485132948,
I_INDVL,INDVL,uf_03,trained entity,1.0,,UF3,120.931192953,0.9986354285655822,19,0,0.0,True,WY1976-85_own,1975-10,1985-09,0,,,,,,,,,,,
I_INDVL,INDVL,uf_03,trained entity,1.0,,UF3,120.931192953,0.9986354285655822,19,0,0.0,True,train,1984-10,2014-09,348,0.8313752543449854,0.8333558610445394,-5.355876490141147,0.9146098340237241,0.8648175932156933,0.9464412350985886,0.07696808919136805,0.027321751107441727,104.06905003288756,109.95827968341523,1976-1985
I_JKSMD,JKSMD,cs_I_JKSMD,trained entity,1.0,YUBA,UF9,37.1519493027,1.0007655392526378,9,0,0.0,True,WY1976-85,1975-10,1985-09,120,0.4643437325962829,0.2886032322557541,28.819946930059558,0.8236639195880802,1.4156612676792226,1.2881994693005958,0.13010729241315824,0.17409179447136136,96.25684080371228,74.72200004551559,
I_JKSMD,JKSMD,cs_I_JKSMD,trained entity,1.0,YUBA,UF9,37.1519493027,1.0007655392526378,9,0,0.0,True,WY1976-84,1975-10,1984-09,108,0.4392139338227685,0.24843867813002052,31.028039467311253,0.8180332309036891,1.430226897862839,1.3102803946731125,0.13565123527913178,0.18551048688618899,100.71688632294271,76.86666665578053,
I_JKSMD,JKSMD,cs_I_JKSMD,trained entity,1.0,YUBA,UF9,37.1519493027,1.0007655392526378,9,0,0.0,True,WY1950-84_mixed,1949-10,1984-09,420,0.7579324462957154,0.7091060403402636,13.201108335558914,0.8921130802352077,1.1718434955746817,1.1320110833555892,0.08733985034455428,0.10839943662517992,94.05491986158884,83.08657154025775,
I_JKSMD,JKSMD,cs_I_JKSMD,trained entity,1.0,YUBA,UF9,37.1519493027,1.0007655392526378,9,0,0.0,True,WY1976-85_own,1975-10,1985-09,120,0.4643437325962829,0.2886032322557541,28.819946930059558,0.8236639195880802,1.4156612676792226,1.2881994693005958,0.13010729241315824,0.17409179447136136,96.25684080371228,74.72200004551559,
I_JKSMD,JKSMD,cs_I_JKSMD,trained entity,1.0,YUBA,UF9,37.1519493027,1.0007655392526378,9,0,0.0,True,train,1949-10,2015-09,672,0.7709076821990453,0.6936086480683772,11.715513390071125,0.8809340415361762,1.1567841261455094,1.1171551339007113,0.09124949882868469,0.18799999288410163,89.17551214900396,79.82375002622472,1976-1985
I_JNKSN,JNKSN,cs_I_JNKSN,trained entity,1.0,,UF13,17.3137755283,0.9974958685118371,6,0,0.0,True,WY1976-85,1975-10,1985-09,120,0.8519018580290029,0.866926880163965,-5.915988405791381,0.9331740987831318,0.8818159625834808,0.9408401159420862,0.0908633467325918,0.09266323636009588,20.50372871311575,21.79300007056445,
I_JNKSN,JNKSN,cs_I_JNKSN,trained entity,1.0,,UF13,17.3137755283,0.9974958685118371,6,0,0.0,True,WY1976-84,1975-10,1984-09,108,0.8499543932087342,0.8648090071964522,-6.077903743626782,0.9321080916406619,0.8807931146912766,0.9392209625637322,0.09620932386240832,0.12385242402934438,21.874456290551496,23.290000077130067,
I_JNKSN,JNKSN,cs_I_JNKSN,trained entity,1.0,,UF13,17.3137755283,0.9974958685118371,6,0,0.0,True,WY1950-84_mixed,1949-10,1984-09,420,0.8015600716707925,0.8286635687473398,-9.18805572626918,0.9147421617520765,0.8461576476724009,0.9081194427373082,0.0897678759186093,0.17325114922242335,17.820935936588807,19.623999991534014,
I_JNKSN,JNKSN,cs_I_JNKSN,trained entity,1.0,,UF13,17.3137755283,0.9974958685118371,6,0,0.0,True,WY1976-85_own,1975-10,1985-09,0,,,,,,,,,,,
I_JNKSN,JNKSN,cs_I_JNKSN,trained entity,1.0,,UF13,17.3137755283,0.9974958685118371,6,0,0.0,True,train,1949-10,2015-09,672,0.7876901283253284,0.8240673811104422,-5.661550382394367,0.9137444439614358,0.8144463813617351,0.9433844961760564,0.07253014678113906,0.1536156116876617,15.94875718858972,16.90589282867898,1976-1985
I_LCBRF,LCBRF,cdec_YRS,trained entity,1.0,YUBA,UF9,17.5034310232,1.0021645171060602,6,0,0.0,True,WY1976-85,1975-10,1985-09,120,0.7042655936435913,0.8129991506283937,-17.679968834152035,0.9236507103006061,0.7755640508570056,0.8232003116584796,0.12624081500564524,-0.46175805164809436,50.319765542864225,61.12700011190027,
I_LCBRF,LCBRF,cdec_YRS,trained entity,1.0,YUBA,UF9,17.5034310232,1.0021645171060602,6,0,0.0,True,WY1976-84,1975-10,1984-09,108,0.7156964639658916,0.8218590196233757,-16.82284277558514,0.9271435476982566,0.782699208344066,0.8317715722441485,0.12271192028997445,-0.4380981349931945,52.707516200088534,63.36777783578469,
I_LCBRF,LCBRF,cdec_YRS,trained entity,1.0,YUBA,UF9,17.5034310232,1.0021645171060602,6,0,0.0,True,WY1950-84_mixed,1949-10,1984-09,420,0.6605050632909606,0.7378201289964161,-19.44328591967997,0.8819987790074997,0.7479516174225449,0.8055671408032002,0.1578876868539263,-0.5914291230877469,50.01467184732472,62.08628593944013,
I_LCBRF,LCBRF,cdec_YRS,trained entity,1.0,YUBA,UF9,17.5034310232,1.0021645171060602,6,0,0.0,True,WY1976-85_own,1975-10,1985-09,0,,,,,,,,,,,
I_LCBRF,LCBRF,cdec_YRS,trained entity,1.0,YUBA,UF9,17.5034310232,1.0021645171060602,6,0,0.0,True,train,1987-10,2018-12,375,0.6736892862356536,0.7591570350283836,-19.697603412463664,0.8935523830273029,0.7626226027214024,0.8030239658753634,0.11339321497921187,-0.3689691647214772,50.328402980104165,62.67360018980503,1976-1985
I_LCC038,LCC038,cs_I_LCC038,trained entity,1.0,,UF7,25.5196856026,1.0033312781476755,7,0,0.0,True,WY1976-85,1975-10,1985-09,120,0.8357156290237345,0.9540825824242607,15.606252498541403,0.9807545506888186,0.9524242128488134,1.156062524985414,0.07033504286535266,0.02423800767831885,27.633362396620107,23.90299988053739,
I_LCC038,LCC038,cs_I_LCC038,trained entity,1.0,,UF7,25.5196856026,1.0033312781476755,7,0,0.0,True,WY1976-84,1975-10,1984-09,108,0.8473575249544895,0.9546775567841896,14.321891074759266,0.9807369057469244,0.9508369855268263,1.1432189107475927,0.07005613294207658,-0.003923933154010406,29.446778500163507,25.757777642872597,
I_LCC038,LCC038,cs_I_LCC038,trained entity,1.0,,UF7,25.5196856026,1.0033312781476755,7,0,0.0,True,WY1950-84_mixed,1949-10,1984-09,420,0.9042540315063214,0.9182410124502101,0.7820586786702579,0.959348628105287,0.9136657954911156,1.0078205867867025,0.058241928184501406,0.06196021453230394,25.595763393831994,25.39714283416314,
I_LCC038,LCC038,cs_I_LCC038,trained entity,1.0,,UF7,25.5196856026,1.0033312781476755,7,0,0.0,True,WY1976-85_own,1975-10,1985-09,120,0.8357156290237345,0.9540825824242607,15.606252498541403,0.9807545506888186,0.9524242128488134,1.156062524985414,0.07033504286535266,0.02423800767831885,27.633362396620107,23.90299988053739,
I_LCC038,LCC038,cs_I_LCC038,trained entity,1.0,,UF7,25.5196856026,1.0033312781476755,7,0,0.0,True,train,1949-10,2015-09,672,0.8853787527593852,0.8800984703281665,9.80046818181846,0.9411368388306501,0.9917391938733772,1.0980046818181848,0.0639145654366414,0.1075522480107427,25.14293467842249,22.89874997325907,1976-1985
I_LDC029,LDC029,uf_07,trained entity,1.0,,UF7,33.546785214,1.0022509266303354,8,0,0.0,True,WY1976-85,1975-10,1985-09,120,0.7734936568873194,0.9171881865861501,20.049952690668174,0.9659382953143884,0.9002760637841327,1.2004995269066818,0.11725529870749782,0.02768984223171067,33.728034068150016,28.09499988313764,
I_LDC029,LDC029,uf_07,trained entity,1.0,,UF7,33.546785214,1.0022509266303354,8,0,0.0,True,WY1976-84,1975-10,1984-09,108,0.7905347200347268,0.9189158000329783,17.954178149753933,0.966166421742734,0.897551275313308,1.1795417814975393,0.11611803711086284,0.0006811287422863188,35.7125931811123,30.276666533822812,
I_LDC029,LDC029,uf_07,trained entity,1.0,,UF7,33.546785214,1.0022509266303354,8,0,0.0,True,WY1950-84_mixed,1949-10,1984-09,420,0.8737470447151761,0.9056282649781849,3.8658721571790045,0.9541602568101408,0.8888963101023448,1.03865872157179,0.10001748975412607,0.04951108938500681,31.015833220227968,29.86142856750105,
I_LDC029,LDC029,uf_07,trained entity,1.0,,UF7,33.546785214,1.0022509266303354,8,0,0.0,True,WY1976-85_own,1975-10,1985-09,0,,,,,,,,,,,
I_LDC029,LDC029,uf_07,trained entity,1.0,,UF7,33.546785214,1.0022509266303354,8,0,0.0,True,train,1984-10,2014-09,348,0.6905179714573162,0.838271902169328,29.863659226557083,0.9360335992030262,1.0500361001676053,1.298636592265571,0.10636069914025506,0.0890027749492246,32.589061309311816,25.094827531740584,1976-1985
I_LGRSV,LGRSV,cdec_ORO,trained entity,1.0,OROV,UF8,25.669838468,1.0001783369004695,7,0,0.0,True,WY1976-85,1975-10,1985-09,120,0.8266271066419973,0.7815482919218166,-10.057859344294945,0.8880232992488405,0.9139574222768255,0.8994214065570506,0.13676323503118837,-0.5076262244108278,73.60774838171126,81.83899987824262,
I_LGRSV,LGRSV,cdec_ORO,trained entity,1.0,OROV,UF8,25.669838468,1.0001783369004695,7,0,0.0,True,WY1976-84,1975-10,1984-09,108,0.8284256837243714,0.7822885967370474,-10.418227767464748,0.8890673568460004,0.9207677609376118,0.8958177223253525,0.13810085568514074,-0.45504798507091326,77.28916226939201,86.27777765856848,
I_LGRSV,LGRSV,cdec_ORO,trained entity,1.0,OROV,UF8,25.669838468,1.0001783369004695,7,0,0.0,True,WY1950-84_mixed,1949-10,1984-09,420,0.7217310612043193,0.7164956315042202,-18.910918284718385,0.8619240534989597,0.8496459104008588,0.8108908171528162,0.15404185540824217,-0.5271547796051443,70.98376038830406,87.53800004486527,
I_LGRSV,LGRSV,cdec_ORO,trained entity,1.0,OROV,UF8,25.669838468,1.0001783369004695,7,0,0.0,True,WY1976-85_own,1975-10,1985-09,120,0.8266271066419973,0.7815482919218166,-10.057859344294945,0.8880232992488405,0.9139574222768255,0.8994214065570506,0.13676323503118837,-0.5076262244108278,73.60774838171126,81.83899987824262,
I_LGRSV,LGRSV,cdec_ORO,trained entity,1.0,OROV,UF8,25.669838468,1.0001783369004695,7,0,0.0,True,train,1987-10,2018-12,375,0.748717882704276,0.7126384837015449,-15.032900387126109,0.8522392883919993,0.8632130665129393,0.8496709961287389,0.12989271981600028,-0.3771120674997448,64.76423432882822,76.22271988087893,1976-1985
I_LJC022,LJC022,cs_I_LJC022,trained entity,1.0,,,200.938181195,1.0014076987947154,24,0,0.0,True,WY1976-85,1975-10,1985-09,120,0.37940968985318324,0.693218978947076,-43.22317278327755,0.9401247407931791,0.5587256864061405,0.5677682721672246,0.07838726527740335,0.14116135838736632,45.63096848902704,80.36900039315223,
I_LJC022,LJC022,cs_I_LJC022,trained entity,1.0,,,200.938181195,1.0014076987947154,24,0,0.0,True,WY1976-84,1975-10,1984-09,108,0.4007435050563769,0.7075337616957051,-40.17116339454669,0.9467500737340895,0.5585245700634578,0.5982883660545331,0.07148605264573421,0.1692051215258381,49.63333834819049,82.95888933208253,
I_LJC022,LJC022,cs_I_LJC022,trained entity,1.0,,,200.938181195,1.0014076987947154,24,0,0.0,True,WY1950-84_mixed,1949-10,1984-09,420,0.39341873651656556,0.6999764784044791,-41.63308983635785,0.9292788475185071,0.5645600720321747,0.5836691016364215,0.06555980146168627,-0.04391700873559845,32.64711434766063,55.93428580702415,
I_LJC022,LJC022,cs_I_LJC022,trained entity,1.0,,,200.938181195,1.0014076987947154,24,0,0.0,True,WY1976-85_own,1975-10,1985-09,120,0.37940968985318324,0.693218978947076,-43.22317278327755,0.9401247407931791,0.5587256864061405,0.5677682721672246,0.07838726527740335,0.14116135838736632,45.63096848902704,80.36900039315223,
I_LJC022,LJC022,cs_I_LJC022,trained entity,1.0,,,200.938181195,1.0014076987947154,24,0,0.0,True,train,1949-10,2015-09,672,0.5687213239531925,0.7854008460887032,-30.41989037141981,0.9196811664988603,0.7050199864791118,0.6958010962858019,0.08501960090948743,-0.16238392401021784,34.02753137175242,48.904107155610944,1976-1985
I_LKVLY,LKVLY,cdec_FOL,trained entity,1.0,FOLS,UF11,4.36066723759,0.9955481684982994,2,0,0.0,True,WY1976-85,1975-10,1985-09,120,-0.5541747829461765,-2.5187508321691396,68.04143731872654,0.7396940812722332,2.3728570083520237,1.6804143731872654,0.16132989492185723,0.26373994657835276,13.811325688066267,8.218999973125754,
I_LKVLY,LKVLY,cdec_FOL,trained entity,1.0,FOLS,UF11,4.36066723759,0.9955481684982994,2,0,0.0,True,WY1976-84,1975-10,1984-09,108,-0.6124557094393008,-2.7680773961429366,71.72950081378424,0.7305555770308025,2.418767418971386,1.7172950081378422,0.17315466168760446,0.2636193085990586,14.427186133647144,8.40111108765834,
I_LKVLY,LKVLY,cdec_FOL,trained entity,1.0,FOLS,UF11,4.36066723759,0.9955481684982994,2,0,0.0,True,WY1950-84_mixed,1949-10,1984-09,420,-0.7895108395838775,-3.3286370871553714,96.20967734288452,0.709083481653478,2.480569627845694,1.9620967734288453,0.1540106721194695,0.09088374743348648,13.633208950028685,6.948285698571375,
I_LKVLY,LKVLY,cdec_FOL,trained entity,1.0,FOLS,UF11,4.36066723759,0.9955481684982994,2,0,0.0,True,WY1976-85_own,1975-10,1985-09,0,,,,,,,,,,,
I_LKVLY,LKVLY,cdec_FOL,trained entity,1.0,FOLS,UF11,4.36066723759,0.9955481684982994,2,0,0.0,True,train,1987-10,2018-12,375,-0.7851472357256133,-3.401979209348516,103.25931887849868,0.6490584413961513,2.413273498703755,2.0325931887849866,0.1247320906656734,0.4293610776040415,12.336702401432415,6.069439998865127,1976-1985
I_LLOYD,LLOYD,cdec_TLG,trained entity,1.0,TU,UF18,115.601148771,1.0023375090874838,20,0,0.0,True,WY1976-85,1975-10,1985-09,120,0.6883294026759156,0.7036998255696763,-22.38586368374428,0.8578486624103014,0.8362353237993827,0.7761413631625572,0.18762302985778165,0.8423865346420003,249.54419525069528,321.5190003968776,
I_LLOYD,LLOYD,cdec_TLG,trained entity,1.0,TU,UF18,115.601148771,1.0023375090874838,20,0,0.0,True,WY1976-84,1975-10,1984-09,108,0.6838513742249779,0.6942185006052582,-22.742775682616195,0.8532250452816935,0.8366485945212156,0.7725722431738381,0.19448777502320808,0.8587973106650333,259.17566914725666,335.471111520297,
I_LLOYD,LLOYD,cdec_TLG,trained entity,1.0,TU,UF18,115.601148771,1.0023375090874838,20,0,0.0,True,WY1950-84_mixed,1949-10,1984-09,420,0.6622933613237219,0.7092210206942977,-23.644796329801224,0.8646582291773399,0.8004486544048407,0.7635520367019878,0.1958501443189568,0.7303576019363094,227.09172013335308,297.4148574263922,
I_LLOYD,LLOYD,cdec_TLG,trained entity,1.0,TU,UF18,115.601148771,1.0023375090874838,20,0,0.0,True,WY1976-85_own,1975-10,1985-09,120,0.6883294026759156,0.7036998255696763,-22.38586368374428,0.8578486624103014,0.8362353237993827,0.7761413631625572,0.18762302985778165,0.8423865346420003,249.54419525069528,321.5190003968776,
I_LLOYD,LLOYD,cdec_TLG,trained entity,1.0,TU,UF18,115.601148771,1.0023375090874838,20,0,0.0,True,train,1986-10,2018-12,387,0.6425597498303204,0.752766952027133,-25.011028987173543,0.8988959229036982,0.7655083350390792,0.7498897101282646,0.1271791664738846,0.44489184784067515,220.1092553915356,293.5221705521031,1976-1985
I_LNG012,LNG012,cs_I_LNG012,trained entity,1.0,FOLS,UF11,7.42642391296,0.9940240777578827,2,0,0.0,True,WY1976-85,1975-10,1985-09,120,0.6926199764425145,0.8285425575658563,-15.364078257983046,0.9362001691937925,0.7415303298265792,0.8463592174201695,0.06974356214667486,0.11782148456312935,15.51207178222236,18.328000053577124,
I_LNG012,LNG012,cs_I_LNG012,trained entity,1.0,FOLS,UF11,7.42642391296,0.9940240777578827,2,0,0.0,True,WY1976-84,1975-10,1984-09,108,0.6854799320432365,0.8252249169274237,-16.408720687683203,0.9357337755315619,0.7394849062348611,0.8359127931231679,0.07275998811567158,0.13174303500397588,16.266863003883493,19.460000059463912,
I_LNG012,LNG012,cs_I_LNG012,trained entity,1.0,FOLS,UF11,7.42642391296,0.9940240777578827,2,0,0.0,True,WY1950-84_mixed,1949-10,1984-09,420,0.7163201549061218,0.7980484178980776,-15.373410646833554,0.9097412299688569,0.7793341135260493,0.8462658935316646,0.052386340808987866,0.11047488505158753,15.627387744684068,18.466285672304885,
I_LNG012,LNG012,cs_I_LNG012,trained entity,1.0,FOLS,UF11,7.42642391296,0.9940240777578827,2,0,0.0,True,WY1976-85_own,1975-10,1985-09,120,0.6926199764425145,0.8285425575658563,-15.364078257983046,0.9362001691937925,0.7415303298265792,0.8463592174201695,0.06974356214667486,0.11782148456312935,15.51207178222236,18.328000053577124,
I_LNG012,LNG012,cs_I_LNG012,trained entity,1.0,FOLS,UF11,7.42642391296,0.9940240777578827,2,0,0.0,True,train,1949-10,2015-09,672,0.7999965265252542,0.7740871389647573,-4.36941278653339,0.8810102534902265,0.8452949489590238,0.956305872134666,0.056943004220832726,0.08960302724463798,14.966016094545836,15.649821391495479,1976-1985
I_LOONL,LOONL,cs_I_LOONL,trained entity,1.0,FOLS,UF11,8.0314318553,1.012356635541884,4,0,0.0,True,WY1976-85,1975-10,1985-09,120,0.4711790334995485,0.6625234912594089,-43.01157321783116,0.9281280433195739,0.7008570686342169,0.5698842678216884,0.09097504288324926,-0.4189342615760481,16.01602762139671,28.104000278189776,
I_LOONL,LOONL,cs_I_LOONL,trained entity,1.0,FOLS,UF11,8.0314318553,1.012356635541884,4,0,0.0,True,WY1976-84,1975-10,1984-09,108,0.4772035165499299,0.6623958676287489,-42.37125141257306,0.9258508757285793,0.7028707758385362,0.5762874858742695,0.09400225866809639,-0.43848464622761707,16.713617886617484,29.002222495360506,
I_LOONL,LOONL,cs_I_LOONL,trained entity,1.0,FOLS,UF11,8.0314318553,1.012356635541884,4,0,0.0,True,WY1950-84_mixed,1949-10,1984-09,420,0.5869591538084412,0.7088835360596112,-31.901485030762117,0.8913141745248838,0.7612121082495228,0.6809851496923789,0.06182225481018159,-0.14724983466036345,16.933182231799176,24.865714383710706,
I_LOONL,LOONL,cs_I_LOONL,trained entity,1.0,FOLS,UF11,8.0314318553,1.012356635541884,4,0,0.0,True,WY1976-85_own,1975-10,1985-09,120,0.4711790334995485,0.6625234912594089,-43.01157321783116,0.9281280433195739,0.7008570686342169,0.5698842678216884,0.09097504288324926,-0.4189342615760481,16.01602762139671,28.104000278189776,
I_LOONL,LOONL,cs_I_LOONL,trained entity,1.0,FOLS,UF11,8.0314318553,1.012356635541884,4,0,0.0,True,train,1949-10,2015-09,672,0.5551390095674718,0.6762463777891605,-33.9803471023957,0.8768270797590817,0.7406482434838636,0.6601965289760431,0.06212374745327095,-0.15514293670300017,15.580638091032823,23.600000010903123,1976-1985
I_LRB004,LRB004,cs_I_LRB004,trained entity,1.0,FOLS,UF11,5.85396271009,1.003607628147976,4,0,0.0,True,WY1976-85,1975-10,1985-09,120,0.5077548834091812,0.689019860746838,-45.44048686602584,0.9193202292684727,0.8287918087822015,0.5455951313397416,0.10336676749630494,-0.19765202549490102,11.584075825572903,21.231999994441864,
I_LRB004,LRB004,cs_I_LRB004,trained entity,1.0,FOLS,UF11,5.85396271009,1.003607628147976,4,0,0.0,True,WY1976-84,1975-10,1984-09,108,0.516837528095555,0.6935581568593043,-44.796538464264586,0.9203395994429835,0.8374355235548813,0.5520346153573541,0.11603703065997799,-0.217424761008143,12.096918522024616,21.913333304640318,
I_LRB004,LRB004,cs_I_LRB004,trained entity,1.0,FOLS,UF11,5.85396271009,1.003607628147976,4,0,0.0,True,WY1950-84_mixed,1949-10,1984-09,420,0.5161568297456347,0.7162618227059482,-43.14719463063667,0.9253002603067537,0.7941939703454932,0.5685280536936332,0.09011329572089477,-0.05610128807722958,11.891170332605483,20.91571428243603,
I_LRB004,LRB004,cs_I_LRB004,trained entity,1.0,FOLS,UF11,5.85396271009,1.003607628147976,4,0,0.0,True,WY1976-85_own,1975-10,1985-09,0,,,,,,,,,,,
I_LRB004,LRB004,cs_I_LRB004,trained entity,1.0,FOLS,UF11,5.85396271009,1.003607628147976,4,0,0.0,True,train,1949-10,2015-09,672,0.4386396620991462,0.6036981634905974,-46.95883289113762,0.869893365433704,0.721280617896397,0.5304116710886239,0.06139374201507855,-0.20216250279927195,10.371537211871043,19.553749996836164,1976-1985
I_LYONS,LYONS,cdec_NML,trained entity,1.0,ST,UF16,18.6824052239,1.002517744045726,5,0,0.0,True,WY1976-85,1975-10,1985-09,120,0.5325629555914391,0.74228537931601,29.666604124459543,0.9667805273647936,1.3596986476142352,1.2966660412445954,0.08136399154111792,-0.1600685749993893,19.94013039980361,15.378000013530254,
I_LYONS,LYONS,cdec_NML,trained entity,1.0,ST,UF16,18.6824052239,1.002517744045726,5,0,0.0,True,WY1976-84,1975-10,1984-09,108,0.5318828809785985,0.7408028987610289,29.63739222147369,0.9674600767901991,1.3608840378147118,1.296373922214737,0.08213045470417996,-0.1794866809354838,21.410335544465326,16.515555564314127,
I_LYONS,LYONS,cdec_NML,trained entity,1.0,ST,UF16,18.6824052239,1.002517744045726,5,0,0.0,True,WY1950-84_mixed,1949-10,1984-09,420,0.7457938494690399,0.7336673244808598,9.996083294022554,0.9119762082593437,1.2165188466006205,1.0999608329402255,0.10956013671475368,-0.25057253511300814,15.885634373461546,14.442000021945152,
I_LYONS,LYONS,cdec_NML,trained entity,1.0,ST,UF16,18.6824052239,1.002517744045726,5,0,0.0,True,WY1976-85_own,1975-10,1985-09,120,0.5325629555914391,0.74228537931601,29.666604124459543,0.9667805273647936,1.3596986476142352,1.2966660412445954,0.08136399154111792,-0.1600685749993893,19.94013039980361,15.378000013530254,
I_LYONS,LYONS,cdec_NML,trained entity,1.0,ST,UF16,18.6824052239,1.002517744045726,5,0,0.0,True,train,1987-10,2018-12,375,0.6371312057454444,0.6749546827583137,-22.791491965230726,0.833099186291395,0.772244276412111,0.7720850803476927,0.14193471933628382,-0.4294279541724233,13.060220575463791,16.915519944489002,1976-1985
I_MCLRE,MCLRE,cdec_MRC,trained entity,1.0,ME,UF19,1036.0761981327,1.0002918525186533,98,0,0.0,True,WY1976-85,1975-10,1985-09,120,0.9287734145482149,0.9483891910954126,-5.720962381213318,0.9750488283810119,0.9656820097727963,0.9427903761878668,0.030574633596041557,-0.03057033577664736,1125.8812097520542,1194.2009997010232,
I_MCLRE,MCLRE,cdec_MRC,trained entity,1.0,ME,UF19,1036.0761981327,1.0002918525186533,98,0,0.0,True,WY1976-84,1975-10,1984-09,108,0.9346368855230153,0.9490517800909997,-4.977231437929047,0.975154026831884,0.9656819133285413,0.9502276856207096,0.03568855055036807,-0.013624033022826332,1200.9832699179797,1263.8900003565682,
I_MCLRE,MCLRE,cdec_MRC,trained entity,1.0,ME,UF19,1036.0761981327,1.0002918525186533,98,0,0.0,True,WY1950-84_mixed,1949-10,1984-09,420,0.9628811711238544,0.9383636123097787,1.937423848307943,0.9696178028078317,1.0089088963465487,1.0193742384830793,0.028364201170242437,0.007319187590383969,1055.592022464195,1035.5294283628464,
I_MCLRE,MCLRE,cdec_MRC,trained entity,1.0,ME,UF19,1036.0761981327,1.0002918525186533,98,0,0.0,True,WY1976-85_own,1975-10,1985-09,0,,,,,,,,,,,
I_MCLRE,MCLRE,cdec_MRC,trained entity,1.0,ME,UF19,1036.0761981327,1.0002918525186533,98,0,0.0,True,train,1988-10,2018-12,363,0.9599864995407363,0.9474064300888961,-0.07037505541120474,0.9733534393126386,0.9701579867017012,0.9992962494458879,0.04568404052558052,-0.20060721579971208,954.0970088179454,954.7689279800604,1976-1985
I_MFA001,MFA001,cdec_FOL,trained entity,1.0,FOLS,UF11,93.4866010393,1.0009713684509678,17,0,0.0,True,WY1976-85,1975-10,1985-09,120,0.5318009354984714,0.6272644715227845,42.99989946401569,0.8202386244526957,0.9553113384637459,1.4299989946401568,0.19321670656685322,0.08641057323163537,84.14400018017294,58.84199953675271,
I_MFA001,MFA001,cdec_FOL,trained entity,1.0,FOLS,UF11,93.4866010393,1.0009713684509678,17,0,0.0,True,WY1976-84,1975-10,1984-09,108,0.5362033319009263,0.6263333015875316,42.427275484477306,0.8193538156856698,0.9503317513002263,1.424272754844773,0.20283893410351495,-0.0211627562847152,89.98238683082744,63.177777237362335,
I_MFA001,MFA001,cdec_FOL,trained entity,1.0,FOLS,UF11,93.4866010393,1.0009713684509678,17,0,0.0,True,WY1950-84_mixed,1949-10,1984-09,420,0.719191899370806,0.550526838116302,14.539136052685167,0.7663544887148204,0.9441044123439638,1.1453913605268515,0.07070499991208093,-0.09847851617810477,81.53844731100256,71.18828561226172,
I_MFA001,MFA001,cdec_FOL,trained entity,1.0,FOLS,UF11,93.4866010393,1.0009713684509678,17,0,0.0,True,WY1976-85_own,1975-10,1985-09,0,,,,,,,,,,,
I_MFA001,MFA001,cdec_FOL,trained entity,1.0,FOLS,UF11,93.4866010393,1.0009713684509678,17,0,0.0,True,train,1987-10,2018-12,375,0.28441869695667543,0.022204591287661057,28.173766840089716,0.8352182147692317,1.6368103726584307,1.2817376684008972,0.22756745685265106,-0.8078159143779153,78.3890254337082,61.158400323450564,1976-1985
I_MFA023,MFA023,cdec_FOL,trained entity,1.0,FOLS,UF11,4.60564481899,0.9974970061269376,4,0,0.0,True,WY1976-85,1975-10,1985-09,120,-0.10165836722389154,0.09861935256223553,-78.48322133026817,0.939456316566499,0.22927046414898022,0.2151677866973184,0.11495075748499542,-0.40777263535024577,6.419746052386962,29.83599985353649,
I_MFA023,MFA023,cdec_FOL,trained entity,1.0,FOLS,UF11,4.60564481899,0.9974970061269376,4,0,0.0,True,WY1976-84,1975-10,1984-09,108,-0.1026407821866675,0.08669085509887753,-78.62456083956553,0.9412381947913073,0.2291682491824902,0.21375439160434465,0.10662004313197392,-0.34455787230460544,6.783614331452258,31.735555375201834,
I_MFA023,MFA023,cdec_FOL,trained entity,1.0,FOLS,UF11,4.60564481899,0.9974970061269376,4,0,0.0,True,WY1950-84_mixed,1949-10,1984-09,420,-0.093090714618701,0.07928479825521073,-76.3474634344207,0.8227828802104746,0.23806306983313458,0.2365253656557929,0.15620766733176675,-0.5776529382893543,6.47667271167416,27.382571394475445,
I_MFA023,MFA023,cdec_FOL,trained entity,1.0,FOLS,UF11,4.60564481899,0.9974970061269376,4,0,0.0,True,WY1976-85_own,1975-10,1985-09,120,-0.10165836722389154,0.09861935256223553,-78.48322133026817,0.939456316566499,0.22927046414898022,0.2151677866973184,0.11495075748499542,-0.40777263535024577,6.419746052386962,29.83599985353649,
I_MFA023,MFA023,cdec_FOL,trained entity,1.0,FOLS,UF11,4.60564481899,0.9974970061269376,4,0,0.0,True,train,1987-10,2018-12,375,0.02346124759172863,0.303184503261265,-64.0973508817354,0.8370339086824201,0.28151343155898684,0.359026491182646,0.08855917970335173,-0.4355818547080075,6.319325752896368,17.601279872357846,1976-1985
I_MFA025,MFA025,cdec_FOL,trained entity,1.0,FOLS,UF11,141.9181601903,1.0008739760949164,21,0,0.0,True,WY1976-85,1975-10,1985-09,120,0.6306910203341185,0.821999558774158,30.76483113055818,0.9604910903487708,1.2004512037151416,1.307648311305582,0.06808653646386845,0.21843132817684108,226.38792007020234,173.12599887363612,
I_MFA025,MFA025,cdec_FOL,trained entity,1.0,FOLS,UF11,141.9181601903,1.0008739760949164,21,0,0.0,True,WY1976-84,1975-10,1984-09,108,0.6426390990455886,0.8244799749496449,29.39400764337315,0.9604169999593881,1.1993470117781193,1.2939400764337314,0.07363643347922805,0.29281467489817015,238.26181095992428,184.13666544482112,
I_MFA025,MFA025,cdec_FOL,trained entity,1.0,FOLS,UF11,141.9181601903,1.0008739760949164,21,0,0.0,True,WY1950-84_mixed,1949-10,1984-09,420,0.5196987062431515,0.4876813073450128,41.836739080727675,0.8217420631298578,1.1545385616485884,1.4183673908072765,0.07165408980496613,0.1898928040272443,225.38425134531155,158.903999630894,
I_MFA025,MFA025,cdec_FOL,trained entity,1.0,FOLS,UF11,141.9181601903,1.0008739760949164,21,0,0.0,True,WY1976-85_own,1975-10,1985-09,0,,,,,,,,,,,
I_MFA025,MFA025,cdec_FOL,trained entity,1.0,FOLS,UF11,141.9181601903,1.0008739760949164,21,0,0.0,True,train,1987-10,2018-12,375,-0.25578300102597407,0.03191709910002383,115.35611947049509,0.844245579859637,1.4711985529937743,2.153561194704951,0.11404048329966665,0.2107247777491601,219.9437215665923,102.1302399520278,1976-1985
I_MFA036,MFA036,cs_I_MFA036,trained entity,1.0,FOLS,UF11,32.0777236666,1.0024319164710247,8,0,0.0,True,WY1976-85,1975-10,1985-09,120,0.741650218886664,0.7810066619629497,17.234056376322393,0.9284441051340115,1.1786703483877792,1.1723405637632238,0.09765242948092165,0.24363997803520476,66.8351356591069,57.010000101476905,
I_MFA036,MFA036,cs_I_MFA036,trained entity,1.0,FOLS,UF11,32.0777236666,1.0024319164710247,8,0,0.0,True,WY1976-84,1975-10,1984-09,108,0.7387155450198972,0.7759382642185524,17.826893309336143,0.9265175877266115,1.1763238185682459,1.1782689330933616,0.10046804239567222,0.256200932308543,70.5076130317263,59.84000006400876,
I_MFA036,MFA036,cs_I_MFA036,trained entity,1.0,FOLS,UF11,32.0777236666,1.0024319164710247,8,0,0.0,True,WY1950-84_mixed,1949-10,1984-09,420,0.7521944522045868,0.7415384333659051,21.33850885366912,0.8926993848110685,1.0660376520513115,1.2133850885366912,0.07354985467506048,0.19364507320788338,68.23037704654891,56.231428662793974,
I_MFA036,MFA036,cs_I_MFA036,trained entity,1.0,FOLS,UF11,32.0777236666,1.0024319164710247,8,0,0.0,True,WY1976-85_own,1975-10,1985-09,120,0.741650218886664,0.7810066619629497,17.234056376322393,0.9284441051340115,1.1786703483877792,1.1723405637632238,0.09765242948092165,0.24363997803520476,66.8351356591069,57.010000101476905,
I_MFA036,MFA036,cs_I_MFA036,trained entity,1.0,FOLS,UF11,32.0777236666,1.0024319164710247,8,0,0.0,True,train,1949-10,2015-09,672,0.7450054664945622,0.718561959161185,19.34233850138565,0.8909122692785661,1.1253374375575198,1.1934233850138565,0.05543043129082103,0.12141016687537665,62.1315395543657,52.06160725067768,1976-1985
I_MFF019,MFF019,cdec_ORO,trained entity,1.0,OROV,UF8,476.008562915,1.0007256751451006,59,0,0.0,True,WY1976-85,1975-10,1985-09,120,0.9343490220778172,0.9325881342745146,3.034649939213187,0.9693773360237861,1.0495115474185785,1.0303464993921319,0.06723627046432694,-0.14850955374117447,907.9588493939901,881.2169982910157,
I_MFF019,MFF019,cdec_ORO,trained entity,1.0,OROV,UF8,476.008562915,1.0007256751451006,59,0,0.0,True,WY1976-84,1975-10,1984-09,108,0.932564631454829,0.93255185793463,3.0032914484607054,0.9695658963804835,1.0521470834779842,1.030032914484607,0.0695437046493316,-0.12205947922020854,953.2737150812981,925.4788868162367,
I_MFF019,MFF019,cdec_ORO,trained entity,1.0,OROV,UF8,476.008562915,1.0007256751451006,59,0,0.0,True,WY1950-84_mixed,1949-10,1984-09,420,0.9329539513385325,0.8840315009771199,-0.9658046419141644,0.9407306245119796,0.9701832947872906,0.9903419535808583,0.07712584308242983,-0.23154085347425557,884.4186561995097,893.0437138421196,
I_MFF019,MFF019,cdec_ORO,trained entity,1.0,OROV,UF8,476.008562915,1.0007256751451006,59,0,0.0,True,WY1976-85_own,1975-10,1985-09,120,0.9343490220778172,0.9325881342745146,3.034649939213187,0.9693773360237861,1.0495115474185785,1.0303464993921319,0.06723627046432694,-0.14850955374117447,907.9588493939901,881.2169982910157,
I_MFF019,MFF019,cdec_ORO,trained entity,1.0,OROV,UF8,476.008562915,1.0007256751451006,59,0,0.0,True,train,1987-10,2018-12,375,0.9003021334948859,0.9121330068018454,-0.4933398611184936,0.956149191400038,0.910599593127636,0.995066601388815,0.040433365522138595,-0.12402020599131358,785.7717788044425,789.6675234680176,1976-1985
I_MFF087,MFF087,cdec_ORO,trained entity,1.0,OROV,UF8,460.211668108,1.000773862291861,54,0,0.0,True,WY1976-85,1975-10,1985-09,120,-0.6950001782309032,-1.3421669040793631,150.8751277499185,0.8399790720971312,1.7557039694751349,2.508751277499185,0.1647321132807325,0.5031281282276696,304.1484614429419,121.2350001256913,
I_MFF087,MFF087,cdec_ORO,trained entity,1.0,OROV,UF8,460.211668108,1.000773862291861,54,0,0.0,True,WY1976-84,1975-10,1984-09,108,-0.6928120184798177,-1.3259898437659667,151.15746828805558,0.8378867556611096,1.7446299779045844,2.5115746828805556,0.17359210754327645,0.5613545096834365,316.79886862916686,126.13555582819713,
I_MFF087,MFF087,cdec_ORO,trained entity,1.0,OROV,UF8,460.211668108,1.000773862291861,54,0,0.0,True,WY1950-84_mixed,1949-10,1984-09,420,-0.162826320241233,-0.39834004041916393,104.3662175543924,0.8475751594123979,1.4895926698353787,2.043662175543924,0.1081809801178798,0.12057971156668224,287.89828274489383,140.87371493689716,
I_MFF087,MFF087,cdec_ORO,trained entity,1.0,OROV,UF8,460.211668108,1.000773862291861,54,0,0.0,True,WY1976-85_own,1975-10,1985-09,0,,,,,,,,,,,
I_MFF087,MFF087,cdec_ORO,trained entity,1.0,OROV,UF8,460.211668108,1.000773862291861,54,0,0.0,True,train,1987-10,2018-12,375,-0.04227555965623786,-0.21059628561819843,85.49780785104896,0.863976256571784,1.5803863960733482,1.8549780785104897,0.07731052897501638,-0.14263531650280825,256.85065162723026,138.4655994606018,1976-1985
I_MFM008,MFM008,cs_I_MFM008,trained entity,1.0,,UF14,94.8846631828,1.000618920781894,17,0,0.0,True,WY1976-85,1975-10,1985-09,120,0.1357586819801625,0.38044645194442095,68.76574045314263,0.962182739793123,1.5221208716343502,1.6876574045314263,0.06733968817682937,0.24610179693779344,102.86271861003561,60.94999988377094,
I_MFM008,MFM008,cs_I_MFM008,trained entity,1.0,,UF14,94.8846631828,1.000618920781894,17,0,0.0,True,WY1976-84,1975-10,1984-09,108,0.1400388095617745,0.3775668028956688,68.47482062475075,0.9619431888586224,1.518849517901386,1.6847482062475074,0.06743873318383768,0.21453916519504546,108.83847781635708,64.60222210817867,
I_MFM008,MFM008,cs_I_MFM008,trained entity,1.0,,UF14,94.8846631828,1.000618920781894,17,0,0.0,True,WY1950-84_mixed,1949-10,1984-09,420,0.2518049763144695,0.43850392797796955,57.713315690882034,0.954556729177935,1.4739704862132694,1.5771331569088203,0.05121319609872064,0.21354474160814174,88.5217804751259,56.128285736271316,
I_MFM008,MFM008,cs_I_MFM008,trained entity,1.0,,UF14,94.8846631828,1.000618920781894,17,0,0.0,True,WY1976-85_own,1975-10,1985-09,120,0.1357586819801625,0.38044645194442095,68.76574045314263,0.962182739793123,1.5221208716343502,1.6876574045314263,0.06733968817682937,0.24610179693779344,102.86271861003561,60.94999988377094,
I_MFM008,MFM008,cs_I_MFM008,trained entity,1.0,,UF14,94.8846631828,1.000618920781894,17,0,0.0,True,train,1949-10,2015-09,672,0.17858053002740193,0.3774736834068759,62.86927941513789,0.9517106953841448,1.526444165407798,1.628692794151379,0.0379958224557453,0.10130958877048357,78.42970157710944,48.15500004589558,1976-1985
I_MFS013,MFS013,cdec_NML,trained entity,1.0,ST,UF16,22.9136452749,0.9988146856909057,6,0,0.0,True,WY1976-85,1975-10,1985-09,120,-0.7370298874110102,-3.0489858179299993,95.6856274116724,0.6929029949238361,2.416824029269626,1.9568562741167241,0.1973703878794213,-0.989606181634036,24.17108860230516,12.351999951153994,
I_MFS013,MFS013,cdec_NML,trained entity,1.0,ST,UF16,22.9136452749,0.9988146856909057,6,0,0.0,True,WY1976-84,1975-10,1984-09,108,-0.7873728137519882,-3.1390501011677205,103.4494413486779,0.699128846313958,2.4261835199875135,2.034494413486779,0.19247826349445601,-1.1482977955235079,25.944324778760908,12.752222177055149,
I_MFS013,MFS013,cdec_NML,trained entity,1.0,ST,UF16,22.9136452749,0.9988146856909057,6,0,0.0,True,WY1950-84_mixed,1949-10,1984-09,420,-0.57249559038808,-2.414950851569333,91.60406045826115,0.6958172797936727,2.2414043923209546,1.9160406045826115,0.1946099037289197,-0.8074779080592522,19.519526762971843,10.187428552550928,
I_MFS013,MFS013,cdec_NML,trained entity,1.0,ST,UF16,22.9136452749,0.9988146856909057,6,0,0.0,True,WY1976-85_own,1975-10,1985-09,0,,,,,,,,,,,
I_MFS013,MFS013,cdec_NML,trained entity,1.0,ST,UF16,22.9136452749,0.9988146856909057,6,0,0.0,True,train,1987-10,2018-12,375,-0.7621686617451111,-3.2662812184817733,75.55693931603419,0.7155688841894281,2.566349968849434,1.7555693931603418,0.21159324804977178,-0.7893082569529097,15.660240749092608,8.920319988548757,1976-1985
I_MFS022,MFS022,cdec_NML,trained entity,1.0,ST,UF16,65.8988709257,1.0013958329545598,10,0,0.0,True,WY1976-85,1975-10,1985-09,120,-0.1249711352947458,-0.49181850514166525,72.78436466025349,0.872435433907851,1.848251709591201,1.7278436466025349,0.1543343683610964,-0.5636555106195225,103.74491591456122,60.042999908328056,
I_MFS022,MFS022,cdec_NML,trained entity,1.0,ST,UF16,65.8988709257,1.0013958329545598,10,0,0.0,True,WY1976-84,1975-10,1984-09,108,-0.1361373348789059,-0.5310744487140606,73.89412585227007,0.8695717062851238,1.853089866518913,1.7389412585227004,0.15449853647874445,-0.5792041822403959,109.50306292581547,62.97111094991366,
I_MFS022,MFS022,cdec_NML,trained entity,1.0,ST,UF16,65.8988709257,1.0013958329545598,10,0,0.0,True,WY1950-84_mixed,1949-10,1984-09,420,0.0022468379051610032,-0.2399528505413051,66.89219826757375,0.8676228419135329,1.7283756184691805,1.6689219826757373,0.16815948914737236,-0.5971064626778286,92.70194041441758,55.54599997885525,
I_MFS022,MFS022,cdec_NML,trained entity,1.0,ST,UF16,65.8988709257,1.0013958329545598,10,0,0.0,True,WY1976-85_own,1975-10,1985-09,120,-0.1249711352947458,-0.49181850514166525,72.78436466025349,0.872435433907851,1.848251709591201,1.7278436466025349,0.1543343683610964,-0.5636555106195225,103.74491591456122,60.042999908328056,
I_MFS022,MFS022,cdec_NML,trained entity,1.0,ST,UF16,65.8988709257,1.0013958329545598,10,0,0.0,True,train,1987-10,2018-12,375,0.07045645167567216,-0.48100385894525677,60.83007976909588,0.7306337514428796,1.64920195001108,1.608300797690959,0.2682743933494235,-0.8912118714659245,80.69810097602037,50.17600009393692,1976-1985
I_MFS047,MFS047,cdec_NML,trained entity,1.0,ST,UF16,23.0889626821,1.0020907049617047,7,0,0.0,True,WY1976-85,1975-10,1985-09,120,0.8033036129404177,0.7823402145950729,8.625916742181857,0.8873401974668814,0.8637774115236889,1.0862591674218185,0.16983450309274517,-0.04614703500782369,50.199294585481354,46.212999706715344,
I_MFS047,MFS047,cdec_NML,trained entity,1.0,ST,UF16,23.0889626821,1.0020907049617047,7,0,0.0,True,WY1976-84,1975-10,1984-09,108,0.8202601596184909,0.7864472715829276,5.472139784253467,0.8880286756954332,0.8704839725284513,1.0547213978425347,0.16428026199359758,-0.007010604018603317,50.77077207959573,48.136666406359936,
I_MFS047,MFS047,cdec_NML,trained entity,1.0,ST,UF16,23.0889626821,1.0020907049617047,7,0,0.0,True,WY1950-84_mixed,1949-10,1984-09,420,0.7178994536876144,0.7460589105289057,-1.5605229130553329,0.8726789089104566,0.7487500550899612,0.9843947708694467,0.1861306101912688,-0.09311112020125822,45.17359465886502,45.88971416311605,
I_MFS047,MFS047,cdec_NML,trained entity,1.0,ST,UF16,23.0889626821,1.0020907049617047,7,0,0.0,True,WY1976-85_own,1975-10,1985-09,120,0.8033036129404177,0.7823402145950729,8.625916742181857,0.8873401974668814,0.8637774115236889,1.0862591674218185,0.16983450309274517,-0.04614703500782369,50.199294585481354,46.212999706715344,
I_MFS047,MFS047,cdec_NML,trained entity,1.0,ST,UF16,23.0889626821,1.0020907049617047,7,0,0.0,True,train,1987-10,2018-12,375,0.6756651582452784,0.7483568352702719,15.824282240986332,0.8845824372600597,0.7414829117002268,1.1582428224098633,0.22215858664407706,-0.17008078289268713,48.08838876739985,41.518399973630906,1976-1985
I_MFY013,MFY013,cdec_YRS,trained entity,1.0,YUBA,UF9,107.718585653,1.002930353625017,18,0,0.0,True,WY1976-85,1975-10,1985-09,120,0.8535452714982489,0.9267112684872897,-11.061363366280988,0.9686701347010794,0.9092693486809291,0.8893863663371901,0.06239675679693305,-0.04192376824229438,225.6791231602948,253.74700096845626,
I_MFY013,MFY013,cdec_YRS,trained entity,1.0,YUBA,UF9,107.718585653,1.002930353625017,18,0,0.0,True,WY1976-84,1975-10,1984-09,108,0.8518569144083028,0.9251519086111141,-11.32062379163155,0.9681718564036493,0.9099017714898147,0.8867937620836845,0.06158580652986743,-0.0327595010215882,238.10905251027285,268.5055564112133,
I_MFY013,MFY013,cdec_YRS,trained entity,1.0,YUBA,UF9,107.718585653,1.002930353625017,18,0,0.0,True,WY1950-84_mixed,1949-10,1984-09,420,0.8676627618207831,0.9286062953733298,-8.891506596981486,0.9685887914608488,0.9071528587914727,0.9110849340301852,0.04738589704079234,-0.05590794569691937,221.46418328553372,243.07742891311642,
I_MFY013,MFY013,cdec_YRS,trained entity,1.0,YUBA,UF9,107.718585653,1.002930353625017,18,0,0.0,True,WY1976-85_own,1975-10,1985-09,120,0.8535452714982489,0.9267112684872897,-11.061363366280988,0.9686701347010794,0.9092693486809291,0.8893863663371901,0.06239675679693305,-0.04192376824229438,225.6791231602948,253.74700096845626,
I_MFY013,MFY013,cdec_YRS,trained entity,1.0,YUBA,UF9,107.718585653,1.002930353625017,18,0,0.0,True,train,1987-10,2018-12,375,0.8711053565004352,0.9083839579071338,10.153011854231785,0.9621205151442237,1.0697897469455495,1.1015301185423176,0.032777145061034144,-0.04312032912125385,218.74061677376085,198.57887958908083,1976-1985
I_MIL003,MIL003,cdec_NML,trained entity,1.0,ST,UF16,12.3116336358,0.9987651282485819,5,0,0.0,True,WY1976-85,1975-10,1985-09,120,0.7149976307968333,0.6104072748139214,-8.1813398501097,0.8676748350270763,1.2387948261416217,0.918186601498903,0.18756497790969293,-0.5188742061791949,16.89371537591804,18.39900010339916,
I_MIL003,MIL003,cdec_NML,trained entity,1.0,ST,UF16,12.3116336358,0.9987651282485819,5,0,0.0,True,WY1976-84,1975-10,1984-09,108,0.7104384646580081,0.6061644021622539,-6.794166170302855,0.8684659508062751,1.2488545905892547,0.9320583382969714,0.18483616542370157,-0.5477543695045028,18.051898875315718,19.367777888559633,
I_MIL003,MIL003,cdec_NML,trained entity,1.0,ST,UF16,12.3116336358,0.9987651282485819,5,0,0.0,True,WY1950-84_mixed,1949-10,1984-09,420,0.7149739351442395,0.4875198444440657,-15.237569256401498,0.7737726428422996,1.082720546638905,0.847624307435985,0.2136077681679243,-0.5357013567778202,14.683516968988002,17.323142859605806,
I_MIL003,MIL003,cdec_NML,trained entity,1.0,ST,UF16,12.3116336358,0.9987651282485819,5,0,0.0,True,WY1976-85_own,1975-10,1985-09,0,,,,,,,,,,,
I_MIL003,MIL003,cdec_NML,trained entity,1.0,ST,UF16,12.3116336358,0.9987651282485819,5,0,0.0,True,train,1987-10,2018-12,375,0.7222399398084749,0.6223502602673519,-21.619748176498167,0.8288041346293998,1.0331854726663852,0.7838025182350183,0.14195912031814714,-0.2219592678183231,12.16110363719923,15.515519986569881,1976-1985
I_MLC006,MLC006,cs_I_MLC006,trained entity,1.0,,UF7,131.950406359,0.998315549990833,28,0,0.0,True,WY1976-85,1975-10,1985-09,120,0.9075960270093565,0.8905857116372147,-7.739505424555099,0.9496922597866075,0.9958010623479712,0.9226049457544491,0.045099658443040105,0.2273683424603421,205.05725260852267,222.25899996757505,
I_MLC006,MLC006,cs_I_MLC006,trained entity,1.0,,UF7,131.950406359,0.998315549990833,28,0,0.0,True,WY1976-84,1975-10,1984-09,108,0.9077525066069606,0.8894301033126073,-7.692330260920309,0.94916255075147,0.997178775639025,0.9230766973907969,0.04901222803288255,0.2592097284271837,213.72405015740287,231.53444427914093,
I_MLC006,MLC006,cs_I_MLC006,trained entity,1.0,,UF7,131.950406359,0.998315549990833,28,0,0.0,True,WY1950-84_mixed,1949-10,1984-09,420,0.8063342914737672,0.8545955069231354,-13.556418266316783,0.9435262863672035,0.8737483516687568,0.8644358173368323,0.04706360074234411,0.21327754718030079,207.72837283081287,240.30514315196444,
I_MLC006,MLC006,cs_I_MLC006,trained entity,1.0,,UF7,131.950406359,0.998315549990833,28,0,0.0,True,WY1976-85_own,1975-10,1985-09,120,0.9075960270093565,0.8905857116372147,-7.739505424555099,0.9496922597866075,0.9958010623479712,0.9226049457544491,0.045099658443040105,0.2273683424603421,205.05725260852267,222.25899996757505,
I_MLC006,MLC006,cs_I_MLC006,trained entity,1.0,,UF7,131.950406359,0.998315549990833,28,0,0.0,True,train,1949-10,2015-09,672,0.8733371220531725,0.8757933835235963,-9.987712378848258,0.9439620087371893,0.9458909589001784,0.9001228762115174,0.03849212996400229,0.11538990410623562,202.51028780099188,224.9807144701481,1976-1985
I_MLRTN,MLRTN,cdec_MIL,trained entity,1.0,SJ,UF22,1637.79925007,1.000776366283674,146,0,0.0,True,WY1976-85,1975-10,1985-09,120,0.8659447027889493,0.962659025272138,-11.226967323894216,0.9878112778659471,0.9277658097996307,0.8877303267610578,0.03256869702668493,0.040687916375427235,1940.295305441897,2185.6809967517856,
I_MLRTN,MLRTN,cdec_MIL,trained entity,1.0,SJ,UF22,1637.79925007,1.000776366283674,146,0,0.0,True,WY1976-84,1975-10,1984-09,108,0.8671359999297641,0.962388608675492,-11.119265669884573,0.9877085799116224,0.9283204589640301,0.8888073433011542,0.03397753392570456,0.023315141157140395,2043.0352694744274,2298.625551276737,
I_MLRTN,MLRTN,cdec_MIL,trained entity,1.0,SJ,UF22,1637.79925007,1.000776366283674,146,0,0.0,True,WY1950-84_mixed,1949-10,1984-09,420,0.8192646737555332,0.9191558695592376,-14.236431499673689,0.9693058851073418,0.8929694843553484,0.8576356850032631,0.01880573360228583,0.022999004398085887,1641.9143574428733,1914.4659978049142,
I_MLRTN,MLRTN,cdec_MIL,trained entity,1.0,SJ,UF22,1637.79925007,1.000776366283674,146,0,0.0,True,WY1976-85_own,1975-10,1985-09,120,0.8659447027889493,0.962659025272138,-11.226967323894216,0.9878112778659471,0.9277658097996307,0.8877303267610578,0.03256869702668493,0.040687916375427235,1940.295305441897,2185.6809967517856,
I_MLRTN,MLRTN,cdec_MIL,trained entity,1.0,SJ,UF22,1637.79925007,1.000776366283674,146,0,0.0,True,train,1987-10,2018-12,375,0.8933383061967693,0.9392299496262579,-5.832934554194179,0.9718439993241762,0.9152554190548687,0.9416706544580582,0.029487305803831652,-0.04436107673168266,1609.6987467985634,1709.4073593330386,1976-1985
I_MNS000,MNS000,uf_07,trained entity,1.0,,UF7,292.266972649,1.000436791172434,42,0,0.0,True,WY1976-85,1975-10,1985-09,120,0.6699249638775526,0.8036554917882675,-0.23269649374689774,0.9666865461235714,1.3283813765977568,0.997673035062531,0.11570699480112616,-0.5244552460103051,257.68697312951224,258.2880002498627,
I_MNS000,MNS000,uf_07,trained entity,1.0,,UF7,292.266972649,1.000436791172434,42,0,0.0,True,WY1976-84,1975-10,1984-09,108,0.6649342882169988,0.8028807506875083,-0.12145295466886555,0.9677964866980434,1.3335123533868576,0.9987854704533115,0.11702247984405871,-0.4898356381376825,272.617384764787,272.9488892555237,
I_MNS000,MNS000,uf_07,trained entity,1.0,,UF7,292.266972649,1.000436791172434,42,0,0.0,True,WY1950-84_mixed,1949-10,1984-09,420,0.7598849329779787,0.7983827843061573,-6.9805603371831735,0.9392383985405265,1.221563649854764,0.9301943966281683,0.12920389434835983,-0.5062766615643897,249.965027022845,268.7234280586243,
I_MNS000,MNS000,uf_07,trained entity,1.0,,UF7,292.266972649,1.000436791172434,42,0,0.0,True,WY1976-85_own,1975-10,1985-09,0,,,,,,,,,,,
I_MNS000,MNS000,uf_07,trained entity,1.0,,UF7,292.266972649,1.000436791172434,42,0,0.0,True,train,1984-10,2014-09,348,0.4761899817580283,0.40626288803873045,9.979161802992037,0.8886705230210548,1.5020202343902282,1.0997916180299203,0.1507337063130144,-0.43467068676778897,252.79317149360415,229.85551749015679,1976-1985
I_MOK079,MOK079,cdec_MKM,trained entity,1.0,,UF14,56.9074629542,1.0015768283805908,13,0,0.0,True,WY1976-85,1975-10,1985-09,120,0.19525299072109414,0.13734949207474623,-59.406400739839164,0.6124055603001215,0.6198996785441448,0.40593599260160845,0.35794709109223316,-0.6043305910539711,27.850050687377966,68.60700010582805,
I_MOK079,MOK079,cdec_MKM,trained entity,1.0,,UF14,56.9074629542,1.0015768283805908,13,0,0.0,True,WY1976-84,1975-10,1984-09,108,0.19574573802187611,0.11245644911458152,-59.120251149661705,0.6040919564569558,0.6250849037875534,0.40879748850338293,0.36310570940484793,-0.6023569541514151,30.052974541030455,73.51555571208397,
I_MOK079,MOK079,cdec_MKM,trained entity,1.0,,UF14,56.9074629542,1.0015768283805908,13,0,0.0,True,WY1950-84_mixed,1949-10,1984-09,420,0.12579404381690817,0.06673427485718764,-61.35643017598999,0.5563089929700556,0.5630638585415093,0.38643569824010016,0.3528700030779126,-0.8208672754356607,24.12242037981607,62.422857126487145,
I_MOK079,MOK079,cdec_MKM,trained entity,1.0,,UF14,56.9074629542,1.0015768283805908,13,0,0.0,True,WY1976-85_own,1975-10,1985-09,120,0.19525299072109414,0.13734949207474623,-59.406400739839164,0.6124055603001215,0.6198996785441448,0.40593599260160845,0.35794709109223316,-0.6043305910539711,27.850050687377966,68.60700010582805,
I_MOK079,MOK079,cdec_MKM,trained entity,1.0,,UF14,56.9074629542,1.0015768283805908,13,0,0.0,True,train,1988-10,2018-12,363,0.2517870324931233,0.3526432254118742,-56.854210871764806,0.7080443338434876,0.6109699184388901,0.431457891282352,0.2803317828588182,-0.6100768069215192,24.20485910347734,56.10016549132333,1976-1985
I_MPS038,MPS038,cs_I_MPS038,trained entity,1.0,,,108.890848206,1.0003670631884412,17,0,0.0,True,WY1976-85,1975-10,1985-09,120,0.423169025547116,0.36946104037677807,-23.024811151236428,0.6145641759481735,0.6378411870867381,0.7697518884876358,0.36377277876814246,-0.9131947001658238,33.955295445126666,44.11200018208474,
I_MPS038,MPS038,cs_I_MPS038,trained entity,1.0,,,108.890848206,1.0003670631884412,17,0,0.0,True,WY1976-84,1975-10,1984-09,108,0.4235797213750875,0.36462757127692613,-21.646452556787285,0.6102913539305815,0.6345815850843883,0.7835354744321271,0.36651509081965017,-0.7461106635471024,37.4199132377707,47.75777799325685,
I_MPS038,MPS038,cs_I_MPS038,trained entity,1.0,,,108.890848206,1.0003670631884412,17,0,0.0,True,WY1950-84_mixed,1949-10,1984-09,420,0.22340283567755137,0.17724733731915898,-32.75759354605033,0.4499563716138856,0.56039885235286,0.6724240645394968,0.3422815002660075,-0.9556899893015753,22.543304951451965,33.5254285803863,
I_MPS038,MPS038,cs_I_MPS038,trained entity,1.0,,,108.890848206,1.0003670631884412,17,0,0.0,True,WY1976-85_own,1975-10,1985-09,0,,,,,,,,,,,
I_MPS038,MPS038,cs_I_MPS038,trained entity,1.0,,,108.890848206,1.0003670631884412,17,0,0.0,True,train,1949-10,2015-09,672,0.31632324119605804,0.3171269257484435,-35.63648476528951,0.5778181875568076,0.5972835698308631,0.6436351523471049,0.18999830621243424,-0.7746104782801098,18.408884813519776,28.6014285366317,1976-1985
I_MTMDW,MTMDW,cdec_ORO,trained entity,1.0,OROV,UF8,153.83242463,1.0001637928050153,21,0,0.0,True,WY1976-85,1975-10,1985-09,120,0.47081499508374325,-0.032206818325271724,-46.99719383300482,0.8178877855438439,0.8387601539432917,0.5300280616699518,0.12822910490340259,-0.07591859376518872,134.21264591303296,253.21800036430358,
I_MTMDW,MTMDW,cdec_ORO,trained entity,1.0,OROV,UF8,153.83242463,1.0001637928050153,21,0,0.0,True,WY1976-84,1975-10,1984-09,108,0.4754061567994966,-0.006686172183604011,-46.24199919321595,0.8136916504974956,0.8367344179228563,0.5375800080678405,0.13085984773074424,-0.08673655587951412,139.9069892734039,260.2533337805006,
I_MTMDW,MTMDW,cdec_ORO,trained entity,1.0,OROV,UF8,153.83242463,1.0001637928050153,21,0,0.0,True,WY1950-84_mixed,1949-10,1984-09,420,0.4829010690125609,0.009558934555534693,-46.699118054539696,0.8597288908235375,0.827853092820191,0.5330088194546031,0.09646655857202971,0.10061306527430425,143.28617215193023,268.8251430783953,
I_MTMDW,MTMDW,cdec_ORO,trained entity,1.0,OROV,UF8,153.83242463,1.0001637928050153,21,0,0.0,True,WY1976-85_own,1975-10,1985-09,120,0.47081499508374325,-0.032206818325271724,-46.99719383300482,0.8178877855438439,0.8387601539432917,0.5300280616699518,0.12822910490340259,-0.07591859376518872,134.21264591303296,253.21800036430358,
I_MTMDW,MTMDW,cdec_ORO,trained entity,1.0,OROV,UF8,153.83242463,1.0001637928050153,21,0,0.0,True,train,1987-10,2018-12,375,0.5957881697604923,0.4082342824973655,-38.546349833558445,0.8909781884273723,0.9459690851651756,0.6145365016644156,0.10303582180258823,0.1517067459709871,139.5501287256676,227.0819200286865,1976-1985
I_NBLDB,NBLDB,cdec_YRS,trained entity,1.0,YUBA,UF9,189.17083045,1.0005761477168238,27,0,0.0,True,WY1976-85,1975-10,1985-09,120,0.6838167213282762,0.8709932077475062,-18.59326899460223,0.9694128455596447,0.7460997705706449,0.8140673100539778,0.0432791148287673,-0.036101092828070946,357.2371589347475,438.8300015524029,
I_NBLDB,NBLDB,cdec_YRS,trained entity,1.0,YUBA,UF9,189.17083045,1.0005761477168238,27,0,0.0,True,WY1976-84,1975-10,1984-09,108,0.6829296076704867,0.8705790035301539,-18.737091026729743,0.9696356364084286,0.7460240540892213,0.8126290897327026,0.044230957166608874,-0.04046750400983257,375.5502148394945,462.14222402870655,
I_NBLDB,NBLDB,cdec_YRS,trained entity,1.0,YUBA,UF9,189.17083045,1.0005761477168238,27,0,0.0,True,WY1950-84_mixed,1949-10,1984-09,420,0.667601107533587,0.8375354791040901,-16.920346161762314,0.954657995780813,0.7175051948390931,0.8307965383823769,0.042292324033663,0.0034940594686103665,364.7775980795081,439.0697134941816,
I_NBLDB,NBLDB,cdec_YRS,trained entity,1.0,YUBA,UF9,189.17083045,1.0005761477168238,27,0,0.0,True,WY1976-85_own,1975-10,1985-09,0,,,,,,,,,,,
I_NBLDB,NBLDB,cdec_YRS,trained entity,1.0,YUBA,UF9,189.17083045,1.0005761477168238,27,0,0.0,True,train,1987-10,2018-12,375,0.7071478495000367,0.8558332697244802,-14.62065561503135,0.9526709832125084,0.7507090271168093,0.8537934438496865,0.04869810987677451,0.13638056727245296,326.6627380026514,382.60160037040714,1976-1985
I_NFA016,NFA016,cdec_FOL,trained entity,1.0,FOLS,UF11,14.507347798,1.0031345116278352,5,0,0.0,True,WY1976-85,1975-10,1985-09,120,0.35224853552050006,0.4452051003223868,-53.88359426259592,0.7934286034483731,0.7057789185043987,0.46116405737404076,0.275521486906753,-1.1363853466363176,7.627653477888558,16.5399999326095,
I_NFA016,NFA016,cdec_FOL,trained entity,1.0,FOLS,UF11,14.507347798,1.0031345116278352,5,0,0.0,True,WY1976-84,1975-10,1984-09,108,0.364166507493334,0.448347893751181,-52.73850066591456,0.7943767381137581,0.7103996562232369,0.47261499334085444,0.26832433614920287,-1.1085439295146537,8.264460809573375,17.48666658066213,
I_NFA016,NFA016,cdec_FOL,trained entity,1.0,FOLS,UF11,14.507347798,1.0031345116278352,5,0,0.0,True,WY1950-84_mixed,1949-10,1984-09,420,0.26045102418827715,0.2636689811843824,-59.70801953309737,0.717903460641063,0.6670593589700916,0.40291980466902627,0.29617266511448237,-1.1747665676259036,6.886014559460537,17.09028565899602,
I_NFA016,NFA016,cdec_FOL,trained entity,1.0,FOLS,UF11,14.507347798,1.0031345116278352,5,0,0.0,True,WY1976-85_own,1975-10,1985-09,0,,,,,,,,,,,
I_NFA016,NFA016,cdec_FOL,trained entity,1.0,FOLS,UF11,14.507347798,1.0031345116278352,5,0,0.0,True,train,1987-10,2018-12,375,0.34517375834249586,0.47419255869993726,-57.44591257052874,0.8025080392722117,0.7554779251169697,0.4255408742947125,0.2867702352580549,-1.0559194637506497,6.471761784024233,15.208319987475871,1976-1985
I_NFA022,NFA022,cdec_FOL,trained entity,1.0,FOLS,UF11,145.136220173,1.0006003944290434,22,0,0.0,True,WY1976-85,1975-10,1985-09,120,0.7115758589270492,0.725403542842544,-25.6191153027631,0.8777221030016163,0.9489833931969689,0.743808846972369,0.21612813608724082,-0.7793769298865936,173.73738289810169,233.5780000537634,
I_NFA022,NFA022,cdec_FOL,trained entity,1.0,FOLS,UF11,145.136220173,1.0006003944290434,22,0,0.0,True,WY1976-84,1975-10,1984-09,108,0.7207936710879757,0.7303444215635686,-24.76833108777215,0.8800015973165914,0.9529943091678257,0.7523166891222784,0.2074401711420073,-0.7678040537045261,185.7946372020677,246.96333324578075,
I_NFA022,NFA022,cdec_FOL,trained entity,1.0,FOLS,UF11,145.136220173,1.0006003944290434,22,0,0.0,True,WY1950-84_mixed,1949-10,1984-09,420,0.677781437460561,0.6010546622633257,-25.986270026690097,0.8161778063284804,0.9499442294159052,0.740137299733099,0.24181411227290567,-0.8087917568958245,178.65201495302585,241.37685672300202,
I_NFA022,NFA022,cdec_FOL,trained entity,1.0,FOLS,UF11,145.136220173,1.0006003944290434,22,0,0.0,True,WY1976-85_own,1975-10,1985-09,0,,,,,,,,,,,
I_NFA022,NFA022,cdec_FOL,trained entity,1.0,FOLS,UF11,145.136220173,1.0006003944290434,22,0,0.0,True,train,1987-10,2018-12,375,0.719995905722129,0.7588591460076668,-25.52707943306846,0.8924150296162914,0.9592006308665347,0.7447292056693154,0.21350698896314613,-0.7095871176120587,159.93351676739348,214.75392068672178,1976-1985
I_NFA054,NFA054,cdec_FOL,trained entity,1.0,FOLS,UF11,185.406364803,1.000334836170267,26,0,0.0,True,WY1976-85,1975-10,1985-09,120,0.7020773879899369,0.8409580268737364,24.69562195688729,0.959481407821923,1.1616439050847756,1.2469562195688728,0.050910992310572875,0.03344119036586157,478.89228843086767,384.0489994078875,
I_NFA054,NFA054,cdec_FOL,trained entity,1.0,FOLS,UF11,185.406364803,1.000334836170267,26,0,0.0,True,WY1976-84,1975-10,1984-09,108,0.7107728020245099,0.8419937831281159,23.900031418054688,0.9587124598755788,1.157564465857082,1.2390003141805468,0.053774110678811285,0.04668830913981292,501.9823530114898,405.1511103477743,
I_NFA054,NFA054,cdec_FOL,trained entity,1.0,FOLS,UF11,185.406364803,1.000334836170267,26,0,0.0,True,WY1950-84_mixed,1949-10,1984-09,420,0.656993040021774,0.7896725833316072,27.720657103278807,0.9514046164071134,1.1960836052891939,1.277206571032788,0.058202351506181776,0.14271562436110496,500.7302952309082,392.0511423817703,
I_NFA054,NFA054,cdec_FOL,trained entity,1.0,FOLS,UF11,185.406364803,1.000334836170267,26,0,0.0,True,WY1976-85_own,1975-10,1985-09,0,,,,,,,,,,,
I_NFA054,NFA054,cdec_FOL,trained entity,1.0,FOLS,UF11,185.406364803,1.000334836170267,26,0,0.0,True,train,1987-10,2018-12,375,0.7783345627569983,0.8789260384825699,20.477710013389206,0.9564798461960973,1.0728553466930857,1.204777100133892,0.026265793112870903,-0.03653326264877599,419.80564010107133,348.4508794651032,1976-1985
I_NFF029,NFF029,cdec_ORO,trained entity,1.0,OROV,UF8,309.586475883,1.0005549529152968,35,0,0.0,True,WY1976-85,1975-10,1985-09,120,0.6711627953634371,0.739783397149475,18.15324685702325,0.9369918778511356,1.2668517314001542,1.1815324685702326,0.09834030198995507,-0.4562203344809559,701.712131534515,593.8999986886978,
I_NFF029,NFF029,cdec_ORO,trained entity,1.0,OROV,UF8,309.586475883,1.0005549529152968,35,0,0.0,True,WY1976-84,1975-10,1984-09,108,0.6643969729693437,0.7426602972662402,19.101719804308622,0.940029908495968,1.2693425512779326,1.1910171980430864,0.09342768298783262,-0.4083035987847312,734.115209224306,616.3766656186846,
I_NFF029,NFF029,cdec_ORO,trained entity,1.0,OROV,UF8,309.586475883,1.0005549529152968,35,0,0.0,True,WY1950-84_mixed,1949-10,1984-09,420,0.8598867066881442,0.783785040348322,-4.515939726337867,0.9063380744015065,1.093913830156611,0.9548406027366214,0.1138331411994213,-0.525853028617516,701.7715587177339,734.961999632631,
I_NFF029,NFF029,cdec_ORO,trained entity,1.0,OROV,UF8,309.586475883,1.0005549529152968,35,0,0.0,True,WY1976-85_own,1975-10,1985-09,120,0.6711627953634371,0.739783397149475,18.15324685702325,0.9369918778511356,1.2668517314001542,1.1815324685702326,0.09834030198995507,-0.4562203344809559,701.712131534515,593.8999986886978,
I_NFF029,NFF029,cdec_ORO,trained entity,1.0,OROV,UF8,309.586475883,1.0005549529152968,35,0,0.0,True,train,1987-10,2018-12,375,0.9063550323416616,0.8223642591484416,-1.495169111521101,0.915034357286073,1.036423432824706,0.9850483088847889,0.08205394737226049,-0.33670947629517123,641.6100342546652,651.3488003253938,1976-1985
I_NFM010,NFM010,cdec_MKM,trained entity,1.0,,UF14,92.4677112424,1.0001188372524483,14,0,0.0,True,WY1976-85,1975-10,1985-09,120,0.5741266258926238,0.47070184270745385,-23.71051037032424,0.7117052271365646,0.7949745759397238,0.7628948962967576,0.24868264824242947,-0.3404037298792453,106.71602639998787,139.88299950361252,
I_NFM010,NFM010,cdec_MKM,trained entity,1.0,,UF14,92.4677112424,1.0001188372524483,14,0,0.0,True,WY1976-84,1975-10,1984-09,108,0.5697343574097532,0.4590343796891211,-24.081971871684537,0.706200525474362,0.7979696680218624,0.7591802812831546,0.25490339633788883,-0.3313535086639794,112.91794393393135,148.736666003863,
I_NFM010,NFM010,cdec_MKM,trained entity,1.0,,UF14,92.4677112424,1.0001188372524483,14,0,0.0,True,WY1950-84_mixed,1949-10,1984-09,420,0.5094230895132648,0.45942875567672115,-26.7639370647708,0.7046818906313421,0.7139543975850522,0.7323606293522921,0.2382098494805901,-0.525073180387448,95.29874080443933,130.12542862759105,
I_NFM010,NFM010,cdec_MKM,trained entity,1.0,,UF14,92.4677112424,1.0001188372524483,14,0,0.0,True,WY1976-85_own,1975-10,1985-09,0,,,,,,,,,,,
I_NFM010,NFM010,cdec_MKM,trained entity,1.0,,UF14,92.4677112424,1.0001188372524483,14,0,0.0,True,train,1988-10,2018-12,363,0.6117123590227651,0.7101454426116258,-23.651429086560128,0.8644821747426233,0.7234801971114567,0.7634857091343986,0.16995040126196256,-0.4416565563715311,88.02674722345807,115.29586758507678,1976-1985
I_NFS005,NFS005,cdec_NML,trained entity,1.0,ST,UF16,5.97190782342,1.0100488903821334,2,0,0.0,True,WY1976-85,1975-10,1985-09,120,0.4396801917775901,0.3193911001725165,-34.614995203081364,0.6309941566628989,0.7592237848571033,0.6538500479691864,0.2836295718552943,-1.0252276104181917,6.644424173525332,10.161999978683887,
I_NFS005,NFS005,cdec_NML,trained entity,1.0,ST,UF16,5.97190782342,1.0100488903821334,2,0,0.0,True,WY1976-84,1975-10,1984-09,108,0.44956072040353223,0.31692041643876245,-33.05650063078737,0.6281288050437375,0.764581242274208,0.6694349936921263,0.27931783618535777,-1.027634660774619,7.163698242969604,10.701111101855835,
I_NFS005,NFS005,cdec_NML,trained entity,1.0,ST,UF16,5.97190782342,1.0100488903821334,2,0,0.0,True,WY1950-84_mixed,1949-10,1984-09,420,0.26908667583939316,0.1827083381736132,-42.93353104447267,0.5349950749718478,0.6343828527812173,0.5706646895552732,0.3051004925017643,-0.9880013808360584,5.477239692259956,9.598000003344247,
I_NFS005,NFS005,cdec_NML,trained entity,1.0,ST,UF16,5.97190782342,1.0100488903821334,2,0,0.0,True,WY1976-85_own,1975-10,1985-09,0,,,,,,,,,,,
I_NFS005,NFS005,cdec_NML,trained entity,1.0,ST,UF16,5.97190782342,1.0100488903821334,2,0,0.0,True,train,1987-10,2018-12,375,0.3126925136833686,0.41908063251599503,-50.44756050506865,0.7370960240245461,0.6142832074281336,0.4955243949493135,0.23619515916620548,-0.8342011532800306,4.2088652829792155,8.49375999623537,1976-1985
I_NFS009,NFS009,cdec_NML,trained entity,1.0,ST,UF16,92.1647223165,1.0013029100523378,17,0,0.0,True,WY1976-85,1975-10,1985-09,120,0.8698400762987709,0.877215449366451,-9.560851902137305,0.9391399266653633,0.9359947791023875,0.904391480978627,0.07355290237919059,-0.04138558045224716,163.26255860500646,180.52199964150788,
I_NFS009,NFS009,cdec_NML,trained entity,1.0,ST,UF16,92.1647223165,1.0013029100523378,17,0,0.0,True,WY1976-84,1975-10,1984-09,108,0.866627689458163,0.8746082181489726,-9.733679398600183,0.937951749468558,0.9331888006260758,0.9026632060139982,0.07778606415251026,-0.04193757605580917,171.61834014511632,190.12444398055473,
I_NFS009,NFS009,cdec_NML,trained entity,1.0,ST,UF16,92.1647223165,1.0013029100523378,17,0,0.0,True,WY1950-84_mixed,1949-10,1984-09,420,0.8335704167478479,0.8619728672699222,-12.405031230120422,0.9328681143720992,0.911661808194297,0.8759496876987958,0.05812038908834549,0.032041570339518266,149.30837730789204,170.45314291981714,
I_NFS009,NFS009,cdec_NML,trained entity,1.0,ST,UF16,92.1647223165,1.0013029100523378,17,0,0.0,True,WY1976-85_own,1975-10,1985-09,120,0.8698400762987709,0.877215449366451,-9.560851902137305,0.9391399266653633,0.9359947791023875,0.904391480978627,0.07355290237919059,-0.04138558045224716,163.26255860500646,180.52199964150788,
I_NFS009,NFS009,cdec_NML,trained entity,1.0,ST,UF16,92.1647223165,1.0013029100523378,17,0,0.0,True,train,1987-10,2018-12,375,0.7938372833627477,0.7861197389634058,-11.83758739294585,0.8902086242082845,0.8717967550939087,0.8816241260705414,0.10415387586619669,-0.33691282700609104,133.03383652108676,150.89632031059264,1976-1985
I_NFS033,NFS033,cs_I_NFS033,trained entity,1.0,ST,UF16,28.4436447487,0.9999480353152199,8,0,0.0,True,WY1976-85,1975-10,1985-09,120,0.8041872506562393,0.8297344038941024,-2.899798980409173,0.9427556453244123,1.1849995493255585,0.9710020101959084,0.1533281342645041,0.3397991405692684,67.37977186860705,69.39200038835406,
I_NFS033,NFS033,cs_I_NFS033,trained entity,1.0,ST,UF16,28.4436447487,0.9999480353152199,8,0,0.0,True,WY1976-84,1975-10,1984-09,108,0.805737321143676,0.8271485956420781,-2.661971916718853,0.9412839536957501,1.1832533897484367,0.9733802808328114,0.15916665051397563,0.33861381967752635,70.22506153066641,72.14555596974161,
I_NFS033,NFS033,cs_I_NFS033,trained entity,1.0,ST,UF16,28.4436447487,0.9999480353152199,8,0,0.0,True,WY1950-84_mixed,1949-10,1984-09,420,0.7644904693490595,0.7733573869750189,-1.5346515091662918,0.9278814093222608,1.2236696948194465,0.9846534849083372,0.16757632443302178,0.3718203619519391,65.13510954153979,66.1502859024597,
I_NFS033,NFS033,cs_I_NFS033,trained entity,1.0,ST,UF16,28.4436447487,0.9999480353152199,8,0,0.0,True,WY1976-85_own,1975-10,1985-09,120,0.8041872506562393,0.8297344038941024,-2.899798980409173,0.9427556453244123,1.1849995493255585,0.9710020101959084,0.1533281342645041,0.3397991405692684,67.37977186860705,69.39200038835406,
I_NFS033,NFS033,cs_I_NFS033,trained entity,1.0,ST,UF16,28.4436447487,0.9999480353152199,8,0,0.0,True,train,1949-10,2015-09,672,0.8444613370206564,0.8121415782632886,-10.554411847505188,0.9182840677572632,1.0798449820240852,0.8944558815249481,0.08834945031318328,0.06431662414975303,55.46536901209801,62.01017865468748,1976-1985
I_NFY029,NFY029,cs_I_NFY029,trained entity,1.0,YUBA,UF9,250.183229094,1.0007495395055872,32,0,0.0,True,WY1976-85,1975-10,1985-09,120,0.7982112377919516,0.8671959103576871,8.281965816968478,0.9600634238251226,1.1796237140734516,1.0828196581696847,0.04560860483417873,-0.0883094178972943,631.0986970498955,582.8289986133576,
I_NFY029,NFY029,cs_I_NFY029,trained entity,1.0,YUBA,UF9,250.183229094,1.0007495395055872,32,0,0.0,True,WY1976-84,1975-10,1984-09,108,0.7986204149783307,0.864781512296299,7.996467491459983,0.9590317510261441,1.1802248334867265,1.0799646749146,0.045666985460465874,-0.0764214712308302,658.1916694195402,609.456665303972,
I_NFY029,NFY029,cs_I_NFY029,trained entity,1.0,YUBA,UF9,250.183229094,1.0007495395055872,32,0,0.0,True,WY1950-84_mixed,1949-10,1984-09,420,0.8680170820211166,0.892715172651195,3.3682160632575937,0.9591849288060174,1.1209096053122833,1.033682160632576,0.04411604241495102,-0.1578486353340498,622.8404584052475,602.5454265594483,
I_NFY029,NFY029,cs_I_NFY029,trained entity,1.0,YUBA,UF9,250.183229094,1.0007495395055872,32,0,0.0,True,WY1976-85_own,1975-10,1985-09,120,0.7982112377919516,0.8671959103576871,8.281965816968478,0.9600634238251226,1.1796237140734516,1.0828196581696847,0.04560860483417873,-0.0883094178972943,631.0986970498955,582.8289986133576,
I_NFY029,NFY029,cs_I_NFY029,trained entity,1.0,YUBA,UF9,250.183229094,1.0007495395055872,32,0,0.0,True,train,1949-10,2015-09,672,0.8627406844831744,0.8841378534656936,6.604664343717344,0.9552771172688471,1.1117041823167149,1.0660466434371736,0.044318150290033095,-0.1755018083247979,583.6869964460047,547.5248198934963,1976-1985
I_NHGAN,NHGAN,cdec_NHG,trained entity,1.0,,UF15,361.610671554,1.000911462785514,42,0,0.0,True,WY1976-85,1975-10,1985-09,120,0.9349188388060528,0.9710621216240964,-6.082832933013926,0.9860517528227118,0.9815360271355825,0.9391716706698607,0.03511770017216258,-0.441540480439933,193.2364486634685,205.75199902020398,
I_NHGAN,NHGAN,cdec_NHG,trained entity,1.0,,UF15,361.610671554,1.000911462785514,42,0,0.0,True,WY1976-84,1975-10,1984-09,108,0.9449208199657464,0.9723544769958756,-5.003459348876085,0.9865303346963706,0.9813231789571037,0.9499654065112392,0.033055224243663674,-0.43112000242070714,208.73378666980966,219.7277766528229,
I_NHGAN,NHGAN,cdec_NHG,trained entity,1.0,,UF15,361.610671554,1.000911462785514,42,0,0.0,True,WY1950-84_mixed,1949-10,1984-09,420,0.7696497857902501,0.9147578283342452,-17.264014120757015,0.9684111173158971,0.8508063495953064,0.8273598587924299,0.04003051182064231,-0.16409737452223272,147.65253128483835,178.46228544414043,
I_NHGAN,NHGAN,cdec_NHG,trained entity,1.0,,UF15,361.610671554,1.000911462785514,42,0,0.0,True,WY1976-85_own,1975-10,1985-09,120,0.9349188388060528,0.9710621216240964,-6.082832933013926,0.9860517528227118,0.9815360271355825,0.9391716706698607,0.03511770017216258,-0.441540480439933,193.2364486634685,205.75199902020398,
I_NHGAN,NHGAN,cdec_NHG,trained entity,1.0,,UF15,361.610671554,1.000911462785514,42,0,0.0,True,train,1987-10,2018-12,375,0.8287112273317488,0.9362887164331457,-10.373925106569418,0.9747686059939507,0.8660545327865247,0.8962607489343059,0.027568412250317312,-0.253947826920931,137.41412376116344,153.31935926520822,1976-1985
I_NLC003,NLC003,cdec_FOL,trained entity,1.0,FOLS,UF11,3.56226889426,0.9991573847540586,3,0,0.0,True,WY1976-85,1975-10,1985-09,120,0.2769752029328042,0.16507453403574146,49.012648347908815,0.8513149801239478,1.5103270051946502,1.4901264834790884,0.1629586961249215,0.5564569915529374,8.599519904649469,5.770999978855252,
I_NLC003,NLC003,cdec_FOL,trained entity,1.0,FOLS,UF11,3.56226889426,0.9991573847540586,3,0,0.0,True,WY1976-84,1975-10,1984-09,108,0.2765227987776334,0.14040048566654628,48.39896450071827,0.8457829979038995,1.5151605579611673,1.4839896450071828,0.16771876407707553,0.5863652713600152,9.002870478583887,6.066666643445691,
I_NLC003,NLC003,cdec_FOL,trained entity,1.0,FOLS,UF11,3.56226889426,0.9991573847540586,3,0,0.0,True,WY1950-84_mixed,1949-10,1984-09,420,0.03416623406221575,-0.1240702965616749,73.23679700688285,0.8462325116059546,1.6105960852771766,1.7323679700688286,0.14678837718630153,0.5002863979948131,9.058304594789073,5.228857120020049,
I_NLC003,NLC003,cdec_FOL,trained entity,1.0,FOLS,UF11,3.56226889426,0.9991573847540586,3,0,0.0,True,WY1976-85_own,1975-10,1985-09,0,,,,,,,,,,,
I_NLC003,NLC003,cdec_FOL,trained entity,1.0,FOLS,UF11,3.56226889426,0.9991573847540586,3,0,0.0,True,train,1987-10,2018-12,375,0.31527638675377345,0.41149544060035437,54.36132376979902,0.8943928279758643,1.4027135452819302,1.54361323769799,0.04041363351045841,0.2164692023889554,7.8153755523985176,5.063039990544319,1976-1985
I_NMA003,NMA003,cs_I_NMA003,trained entity,1.0,FOLS,UF11,88.6991249531,0.9988962285227774,14,0,0.0,True,WY1976-85,1975-10,1985-09,120,0.7056274105395983,0.8270968778339078,-17.179190844487064,0.9315408545150876,0.7709670176198045,0.8282080915551294,0.09243278521863285,0.08951785878797835,169.0546642149123,204.12100043296815,
I_NMA003,NMA003,cs_I_NMA003,trained entity,1.0,FOLS,UF11,88.6991249531,0.9988962285227774,14,0,0.0,True,WY1976-84,1975-10,1984-09,108,0.705947484273016,0.8259048168546856,-16.88691089632673,0.9310251708526276,0.7693648357526305,0.8311308910367327,0.09588924607732563,0.11946639524989244,179.0182065377573,215.3911116388109,
I_NMA003,NMA003,cs_I_NMA003,trained entity,1.0,FOLS,UF11,88.6991249531,0.9988962285227774,14,0,0.0,True,WY1950-84_mixed,1949-10,1984-09,420,0.6546387224546497,0.7090429431369865,-12.994447420811547,0.8596381081696105,0.712445857320179,0.8700555257918845,0.08611812712376798,0.028531339807894796,172.4728471037268,198.23200013211795,
I_NMA003,NMA003,cs_I_NMA003,trained entity,1.0,FOLS,UF11,88.6991249531,0.9988962285227774,14,0,0.0,True,WY1976-85_own,1975-10,1985-09,120,0.7056274105395983,0.8270968778339078,-17.179190844487064,0.9315408545150876,0.7709670176198045,0.8282080915551294,0.09243278521863285,0.08951785878797835,169.0546642149123,204.12100043296815,
I_NMA003,NMA003,cs_I_NMA003,trained entity,1.0,FOLS,UF11,88.6991249531,0.9988962285227774,14,0,0.0,True,train,1949-10,2015-09,672,0.6928423835403106,0.7290934475278066,-11.893753365125592,0.8651093981252026,0.7509935945321707,0.8810624663487441,0.08244566374826978,-0.04927726956856038,155.99698698907397,177.05553572784578,1976-1985
I_NNA013,NNA013,cdec_FOL,trained entity,1.0,FOLS,UF11,4.40290834774,1.0032763585204705,3,0,0.0,True,WY1976-85,1975-10,1985-09,120,-0.25853509914125383,-1.2808109586473488,63.1706300598087,0.8098835755520987,2.0717805235729516,1.6317063005980872,0.08076150324188845,-0.065963383387321,13.779759738518244,8.44500001836568,
I_NNA013,NNA013,cdec_FOL,trained entity,1.0,FOLS,UF11,4.40290834774,1.0032763585204705,3,0,0.0,True,WY1976-84,1975-10,1984-09,108,-0.3080206261303424,-1.4350351305618392,66.81070674736766,0.8065310913332704,2.107754795138997,1.6681070674736767,0.09610093296709535,-0.059115671516549284,14.395764053044921,8.630000036416781,
I_NNA013,NNA013,cdec_FOL,trained entity,1.0,FOLS,UF11,4.40290834774,1.0032763585204705,3,0,0.0,True,WY1950-84_mixed,1949-10,1984-09,420,-0.5091584955062043,-2.123912354997903,90.09459747486557,0.7445832166819787,2.1834770728418107,1.9009459747486555,0.09722903005648377,-0.24990467376131154,13.562977994686031,7.1348571578839,
I_NNA013,NNA013,cdec_FOL,trained entity,1.0,FOLS,UF11,4.40290834774,1.0032763585204705,3,0,0.0,True,WY1976-85_own,1975-10,1985-09,0,,,,,,,,,,,
I_NNA013,NNA013,cdec_FOL,trained entity,1.0,FOLS,UF11,4.40290834774,1.0032763585204705,3,0,0.0,True,train,1987-10,2018-12,375,-0.5410806640348289,-2.203258593518902,98.39726044984049,0.7133874941526923,2.150904339270029,1.9839726044984047,0.04443651027479878,0.14593679216227784,12.369831080042218,6.2348799837231645,1976-1985
I_OGN005,OGN005,cs_I_OGN005,trained entity,1.0,YUBA,UF9,29.0862704328,0.9979953568575983,9,0,0.0,True,WY1976-85,1975-10,1985-09,120,0.599438307857062,0.788929995009229,-28.169773477885705,0.9308623643408787,0.7237464158271586,0.7183022652211429,0.08385453208262894,0.029474203155292145,45.42256230143664,63.23600035905838,
I_OGN005,OGN005,cs_I_OGN005,trained entity,1.0,YUBA,UF9,29.0862704328,0.9979953568575983,9,0,0.0,True,WY1976-84,1975-10,1984-09,108,0.6056200600251538,0.7908377019069779,-27.321341715147053,0.9310805743121159,0.7240650828441024,0.7267865828485294,0.0882757982539163,0.02857264627208078,48.354726729943046,66.5322226236264,
I_OGN005,OGN005,cs_I_OGN005,trained entity,1.0,YUBA,UF9,29.0862704328,0.9979953568575983,9,0,0.0,True,WY1950-84_mixed,1949-10,1984-09,420,0.5842548733186819,0.7574716975877616,-27.6381302687912,0.9184208691128942,0.7003297957962746,0.723618697312088,0.07348471423407421,0.10522782215267235,43.82379572302677,60.56200024379151,
I_OGN005,OGN005,cs_I_OGN005,trained entity,1.0,YUBA,UF9,29.0862704328,0.9979953568575983,9,0,0.0,True,WY1976-85_own,1975-10,1985-09,120,0.599438307857062,0.788929995009229,-28.169773477885705,0.9308623643408787,0.7237464158271586,0.7183022652211429,0.08385453208262894,0.029474203155292145,45.42256230143664,63.23600035905838,
I_OGN005,OGN005,cs_I_OGN005,trained entity,1.0,YUBA,UF9,29.0862704328,0.9979953568575983,9,0,0.0,True,train,1949-10,2015-09,672,0.6638385038290611,0.7894538498581127,-20.561441848656543,0.9147842037060483,0.7480763399751753,0.7943855815134346,0.049214849668383805,0.10933939318348518,40.50316746257911,50.98678576896366,1976-1985
I_OROVL,OROVL,cdec_ORO,trained entity,1.0,OROV,UF8,311.880023373,1.000515908688535,41,0,0.0,True,WY1976-85,1975-10,1985-09,120,0.9421363518812594,0.8844565634501205,-0.16640795150642285,0.9427220892084164,1.008041986590909,0.9983359204849358,0.08624635828840906,-0.8804694856599031,605.2711018906487,606.2800000190734,
I_OROVL,OROVL,cdec_ORO,trained entity,1.0,OROV,UF8,311.880023373,1.000515908688535,41,0,0.0,True,WY1976-84,1975-10,1984-09,108,0.9411938432149665,0.8830196032211329,-0.49575661301019125,0.9420649453045851,1.0087815745359754,0.9950424338698981,0.08377921443234455,-0.901152354947385,641.616628808438,644.8133335510889,
I_OROVL,OROVL,cdec_ORO,trained entity,1.0,OROV,UF8,311.880023373,1.000515908688535,41,0,0.0,True,WY1950-84_mixed,1949-10,1984-09,420,0.8529289677687097,0.8155457466651255,-6.165577265631229,0.9044241826657379,0.9067598940336397,0.9383442273436878,0.0756647362562925,-0.36685457437157787,567.8752036381246,605.1885726901037,
I_OROVL,OROVL,cdec_ORO,trained entity,1.0,OROV,UF8,311.880023373,1.000515908688535,41,0,0.0,True,WY1976-85_own,1975-10,1985-09,0,,,,,,,,,,,
I_OROVL,OROVL,cdec_ORO,trained entity,1.0,OROV,UF8,311.880023373,1.000515908688535,41,0,0.0,True,train,1987-10,2018-12,375,0.7587143396310025,0.7308894607705279,-6.1909247941221786,0.8569334944535674,0.8158316261955162,0.9380907520587781,0.09704196247668988,-0.26126733623575493,468.7112665210174,499.64384095287323,1976-1985
I_OWN040,OWN040,cs_I_OWN040,trained entity,1.0,,,25.7269042283,1.0040534438817732,9,0,0.0,True,WY1976-85,1975-10,1985-09,120,0.8411342627176536,0.7349701712397354,-0.5464473349187533,0.8862193900686565,1.1107358786343928,0.9945355266508126,0.11730280225499058,-0.5772551432375641,6.22977051991956,6.26399998087436,
I_OWN040,OWN040,cs_I_OWN040,trained entity,1.0,,,25.7269042283,1.0040534438817732,9,0,0.0,True,WY1976-84,1975-10,1984-09,108,0.8393850840024911,0.7303711043739365,0.3411441301308681,0.8842655594876557,1.1113151049428118,1.0034114413013084,0.11807927475580945,-0.5804560649543289,6.866678944806347,6.843333314897286,
I_OWN040,OWN040,cs_I_OWN040,trained entity,1.0,,,25.7269042283,1.0040534438817732,9,0,0.0,True,WY1950-84_mixed,1949-10,1984-09,420,0.8427684279618161,0.8335168911813736,-12.726091027459319,0.9157857852863208,0.9621266056203186,0.8727390897254067,0.09677155702298296,-0.4368958454623355,4.247496459532858,4.866857127792069,
I_OWN040,OWN040,cs_I_OWN040,trained entity,1.0,,,25.7269042283,1.0040534438817732,9,0,0.0,True,WY1976-85_own,1975-10,1985-09,0,,,,,,,,,,,
I_OWN040,OWN040,cs_I_OWN040,trained entity,1.0,,,25.7269042283,1.0040534438817732,9,0,0.0,True,train,1949-10,2015-09,672,0.6099929656753245,0.8048293190059678,-34.05911050800928,0.9143410436600774,0.8303953739964473,0.6594088949199071,0.17336378237680272,-0.6443476585663479,3.3377865260094772,5.061785717062386,1976-1985
I_PCRST,PCRST,cs_I_PCRST,trained entity,1.0,ST,UF16,27.1802698741,1.0027332297678433,8,0,0.0,True,WY1976-85,1975-10,1985-09,120,0.764725325177201,0.7510898920575628,0.6938119614316273,0.9179290836012198,1.2203869319870297,1.0069381196143163,0.1608150584324692,0.5692902460586042,60.31861433186014,59.90300015155226,
I_PCRST,PCRST,cs_I_PCRST,trained entity,1.0,ST,UF16,27.1802698741,1.0027332297678433,8,0,0.0,True,WY1976-84,1975-10,1984-09,108,0.7598849776995779,0.7408043515526168,1.4389847920350503,0.9146508977056246,1.2239725138241424,1.0143898479203504,0.1699554220950492,0.5878075732582353,63.304689234986085,62.40666679065261,
I_PCRST,PCRST,cs_I_PCRST,trained entity,1.0,ST,UF16,27.1802698741,1.0027332297678433,8,0,0.0,True,WY1950-84_mixed,1949-10,1984-09,420,0.8230180889841907,0.8055050388165388,-6.272298863995147,0.9256913442853011,1.147873754293163,0.9372770113600486,0.14595461881854085,0.37375392690549436,54.75224161038699,58.41628563036876,
I_PCRST,PCRST,cs_I_PCRST,trained entity,1.0,ST,UF16,27.1802698741,1.0027332297678433,8,0,0.0,True,WY1976-85_own,1975-10,1985-09,120,0.764725325177201,0.7510898920575628,0.6938119614316273,0.9179290836012198,1.2203869319870297,1.0069381196143163,0.1608150584324692,0.5692902460586042,60.31861433186014,59.90300015155226,
I_PCRST,PCRST,cs_I_PCRST,trained entity,1.0,ST,UF16,27.1802698741,1.0027332297678433,8,0,0.0,True,train,1949-10,2015-09,672,0.8725702131667181,0.874032544690353,-5.752744241735091,0.9481498232447444,1.1011953709995808,0.9424725575826491,0.09754446045018124,0.19270931321479612,50.35664532602988,53.43035711850305,1976-1985
I_PEDRO,PEDRO,cdec_TLG,trained entity,1.0,TU,UF18,780.3108621645,1.000390134392972,85,0,0.0,True,WY1976-85,1975-10,1985-09,120,0.8804136870654725,0.95137261374192,-11.740841351204061,0.9804738318922032,1.0116137606694169,0.8825915864879594,0.06126010007478078,-0.14324766113137066,745.2197370269541,844.3540006905794,
I_PEDRO,PEDRO,cdec_TLG,trained entity,1.0,TU,UF18,780.3108621645,1.000390134392972,85,0,0.0,True,WY1976-84,1975-10,1984-09,108,0.8878783142169723,0.9514020433007144,-10.960875840617527,0.9801454758559973,1.0127667683655623,0.8903912415938248,0.06027013653115663,-0.15013955409269997,798.9065102457765,897.2533341811763,
I_PEDRO,PEDRO,cdec_TLG,trained entity,1.0,TU,UF18,780.3108621645,1.000390134392972,85,0,0.0,True,WY1950-84_mixed,1949-10,1984-09,420,0.8066509164648124,0.915281056936896,-17.210426144207844,0.9681704546266926,0.9178363137468735,0.8278957385579215,0.05951072101566403,-0.11848500668730377,602.9004052035359,728.2322847242866,
I_PEDRO,PEDRO,cdec_TLG,trained entity,1.0,TU,UF18,780.3108621645,1.000390134392972,85,0,0.0,True,WY1976-85_own,1975-10,1985-09,0,,,,,,,,,,,
I_PEDRO,PEDRO,cdec_TLG,trained entity,1.0,TU,UF18,780.3108621645,1.000390134392972,85,0,0.0,True,train,1986-10,2018-12,387,0.8448937103173202,0.9208887403992786,-14.450068760524124,0.964545491671233,0.9561766019128451,0.8554993123947587,0.08446475857172928,-0.32044350224621265,516.6337802772475,603.8973647226659,1976-1985
I_PLC007,PLC007,cdec_FOL,trained entity,1.0,FOLS,UF11,4.03620567777,1.0059379947718516,2,0,0.0,True,WY1976-85,1975-10,1985-09,120,0.18487075274199805,0.44392635706002115,-55.700612394517506,0.9241980679966163,0.40971707230555665,0.44299387605482493,0.048358814670795176,0.15129739885602245,4.656308674918301,10.511000098660588,
I_PLC007,PLC007,cdec_FOL,trained entity,1.0,FOLS,UF11,4.03620567777,1.0059379947718516,2,0,0.0,True,WY1976-84,1975-10,1984-09,108,0.18134847745586935,0.4357922347753681,-56.246175553635275,0.9248011414408774,0.4099387992807928,0.4375382444636472,0.049139494660338234,0.13891672989168846,4.8911914678250294,11.178888999339607,
I_PLC007,PLC007,cdec_FOL,trained entity,1.0,FOLS,UF11,4.03620567777,1.0059379947718516,2,0,0.0,True,WY1950-84_mixed,1949-10,1984-09,420,0.1520710250524271,0.294941111590622,-55.19703759617052,0.7647011309124996,0.4008783989685575,0.4480296240382948,0.1221918112806908,-0.2513866752452545,4.502825742182321,10.05028574136751,
I_PLC007,PLC007,cdec_FOL,trained entity,1.0,FOLS,UF11,4.03620567777,1.0059379947718516,2,0,0.0,True,WY1976-85_own,1975-10,1985-09,0,,,,,,,,,,,
I_PLC007,PLC007,cdec_FOL,trained entity,1.0,FOLS,UF11,4.03620567777,1.0059379947718516,2,0,0.0,True,train,1987-10,2018-12,375,0.2689857301241637,0.5449804250183115,-49.97587526764983,0.9276025113225799,0.47143434133635265,0.5002412473235016,0.053177143109239614,0.06820162144379882,4.459750765627916,8.91519999498129,1976-1985
I_PLM001,PLM001,cdec_FOL,trained entity,1.0,FOLS,UF11,7.03359170139,1.0025811523853192,3,0,0.0,True,WY1976-85,1975-10,1985-09,120,0.4920722537732122,0.11912158634687697,31.004275574489768,0.691578110514907,1.2583409047819933,1.3100427557448977,0.20105573903893864,0.31841984077313956,11.09999227704953,8.473000005818903,
I_PLM001,PLM001,cdec_FOL,trained entity,1.0,FOLS,UF11,7.03359170139,1.0025811523853192,3,0,0.0,True,WY1976-84,1975-10,1984-09,108,0.4869299659148544,0.10617795135505836,31.449992696854583,0.6866632961602913,1.2571979118106882,1.3144999269685458,0.20589030846973494,0.3254498116331943,11.73994490695987,8.931111113892662,
I_PLM001,PLM001,cdec_FOL,trained entity,1.0,FOLS,UF11,7.03359170139,1.0025811523853192,3,0,0.0,True,WY1950-84_mixed,1949-10,1984-09,420,0.6130068308979046,0.313743871643657,22.328760561269103,0.694194395391639,1.079933036358874,1.2232876056126911,0.15494241416023477,0.17519146273699882,10.110996326604536,8.265428571509464,
I_PLM001,PLM001,cdec_FOL,trained entity,1.0,FOLS,UF11,7.03359170139,1.0025811523853192,3,0,0.0,True,WY1976-85_own,1975-10,1985-09,0,,,,,,,,,,,
I_PLM001,PLM001,cdec_FOL,trained entity,1.0,FOLS,UF11,7.03359170139,1.0025811523853192,3,0,0.0,True,train,1987-10,2018-12,375,0.5251769322704375,0.4343366549344241,32.12433298518005,0.8337170658350216,1.3075868242940933,1.3212433298518005,0.08082200880108541,0.1683015123658338,9.486315687711635,7.179839983582497,1976-1985
I_PTH070,PTH070,uf_02,trained entity,1.0,,UF2,567.457149998,0.9999383761659864,60,0,0.0,True,WY1976-85,1975-10,1985-09,120,0.8634013423514071,0.9730380462318616,-9.16204952632821,0.9920626997446984,0.8989956566094032,0.9083795047367179,0.0440246686287121,-0.3249867836280167,405.97387606327413,446.9209993690252,
I_PTH070,PTH070,uf_02,trained entity,1.0,,UF2,567.457149998,0.9999383761659864,60,0,0.0,True,WY1976-84,1975-10,1984-09,108,0.8576453500118013,0.9732032921884289,-10.13511599374711,0.9923990114245975,0.9003254609979645,0.8986488400625289,0.04390219426586804,-0.3659265570070378,428.1872002312721,476.47888824012546,
I_PTH070,PTH070,uf_02,trained entity,1.0,,UF2,567.457149998,0.9999383761659864,60,0,0.0,True,WY1950-84_mixed,1949-10,1984-09,420,0.9487910033027066,0.9712984881633591,2.6896864000799754,0.9860336675382835,0.9587221414407834,1.0268968640007998,0.042163468318022916,0.04375795587465703,436.1794295606883,424.754855966089,
I_PTH070,PTH070,uf_02,trained entity,1.0,,UF2,567.457149998,0.9999383761659864,60,0,0.0,True,WY1976-85_own,1975-10,1985-09,0,,,,,,,,,,,
I_PTH070,PTH070,uf_02,trained entity,1.0,,UF2,567.457149998,0.9999383761659864,60,0,0.0,True,train,1984-10,2014-09,348,0.9414903908623198,0.9684126453136006,3.8054160204519625,0.9845852852500353,0.9583149688527152,1.0380541602045195,0.04419703654790125,0.07380986550937152,376.87021655939066,363.0544830966613,1976-1985
I_PYR001,PYR001,cdec_FOL,trained entity,1.0,FOLS,UF11,5.31118515482,0.9958219013658455,2,0,0.0,True,WY1976-85,1975-10,1985-09,120,0.6594172873333923,0.7966942386450078,-33.35432468739636,0.9394955495626758,0.9670652446586191,0.6664567531260365,0.12135864100046384,0.02608675829366014,14.278835962538976,21.425000040233133,
I_PYR001,PYR001,cdec_FOL,trained entity,1.0,FOLS,UF11,5.31118515482,0.9958219013658455,2,0,0.0,True,WY1976-84,1975-10,1984-09,108,0.6614976360810604,0.8041727516116579,-33.260163734875,0.9439490298348279,0.9713942321343447,0.66739836265125,0.13913559592882152,0.07163018211972538,14.799929469632009,22.175555557012558,
I_PYR001,PYR001,cdec_FOL,trained entity,1.0,FOLS,UF11,5.31118515482,0.9958219013658455,2,0,0.0,True,WY1950-84_mixed,1949-10,1984-09,420,0.6849333665960327,0.815157779410119,-30.797999193767456,0.9409487458910747,0.9695326824491719,0.6920200080623254,0.1411917002254438,0.07137339827691491,14.587979501640982,21.08028573117086,
I_PYR001,PYR001,cdec_FOL,trained entity,1.0,FOLS,UF11,5.31118515482,0.9958219013658455,2,0,0.0,True,WY1976-85_own,1975-10,1985-09,0,,,,,,,,,,,
I_PYR001,PYR001,cdec_FOL,trained entity,1.0,FOLS,UF11,5.31118515482,0.9958219013658455,2,0,0.0,True,train,1987-10,2018-12,375,0.3978228885766957,0.5032488941680517,-47.78051694757676,0.8204941355857653,0.6804735720081262,0.5221948305242324,0.13544499307416685,-0.6712808692925707,10.12556665647574,19.39040002810955,1976-1985
I_RCK001,RCK001,cs_I_RCK001,trained entity,1.0,FOLS,UF11,72.9349251115,1.0009887000080862,11,0,0.0,True,WY1976-85,1975-10,1985-09,120,0.7084527544059473,0.4912578206574164,-0.08905300314675617,0.8123984116304714,1.2231695485745577,0.9991094699685323,0.1751723631099076,0.07864942019703758,55.54848809138653,55.59799977988005,
I_RCK001,RCK001,cs_I_RCK001,trained entity,1.0,FOLS,UF11,72.9349251115,1.0009887000080862,11,0,0.0,True,WY1976-84,1975-10,1984-09,108,0.7047202581280958,0.48281563779451464,0.983177698460575,0.8098138460389612,1.225660561380963,1.009831776984606,0.17935697485853802,0.08513422129142079,59.43196589134833,58.85333304603894,
I_RCK001,RCK001,cs_I_RCK001,trained entity,1.0,FOLS,UF11,72.9349251115,1.0009887000080862,11,0,0.0,True,WY1950-84_mixed,1949-10,1984-09,420,0.7151897018841801,0.4548717186682435,-1.358962173292362,0.7848618359302214,1.186139191076633,0.9864103782670763,0.1560997300310473,-0.0550797991246359,54.478035989071486,55.22857138301645,
I_RCK001,RCK001,cs_I_RCK001,trained entity,1.0,FOLS,UF11,72.9349251115,1.0009887000080862,11,0,0.0,True,WY1976-85_own,1975-10,1985-09,0,,,,,,,,,,,
I_RCK001,RCK001,cs_I_RCK001,trained entity,1.0,FOLS,UF11,72.9349251115,1.0009887000080862,11,0,0.0,True,train,1949-10,2015-09,672,0.7344357524955591,0.576925909139215,2.3850691614276878,0.8447758748301334,1.21415178035069,1.0238506916142767,0.12167939077388946,0.02452328015853844,50.000845492956515,48.83607141400821,1976-1985
I_RLIEF,RLIEF,cs_I_RLIEF,trained entity,1.0,ST,UF16,24.292465043,0.9991166708068023,5,0,0.0,True,WY1976-85,1975-10,1985-09,120,0.8794240406991392,0.807389555944627,-5.62134984580773,0.9014553528094983,0.9591642673320763,0.9437865015419226,0.1644009283682899,0.4040009068618424,55.50974708425015,58.816000222042206,
I_RLIEF,RLIEF,cs_I_RLIEF,trained entity,1.0,ST,UF16,24.292465043,0.9991166708068023,5,0,0.0,True,WY1976-84,1975-10,1984-09,108,0.8720742656534698,0.8023433442806556,-6.9303810086984905,0.8995318382775255,0.9616838950879288,0.9306961899130151,0.17079687807224087,0.460721452963889,57.01444880593506,61.26000022764008,
I_RLIEF,RLIEF,cs_I_RLIEF,trained entity,1.0,ST,UF16,24.292465043,0.9991166708068023,5,0,0.0,True,WY1950-84_mixed,1949-10,1984-09,420,0.7757047973500948,0.7734132387487935,-14.366714283611264,0.8868530542448373,0.8701313792044116,0.8563328571638873,0.15110163277295022,0.3619589886504819,50.013264033044194,58.403999816945614,
I_RLIEF,RLIEF,cs_I_RLIEF,trained entity,1.0,ST,UF16,24.292465043,0.9991166708068023,5,0,0.0,True,WY1976-85_own,1975-10,1985-09,120,0.8794240406991392,0.807389555944627,-5.62134984580773,0.9014553528094983,0.9591642673320763,0.9437865015419226,0.1644009283682899,0.4040009068618424,55.50974708425015,58.816000222042206,
I_RLIEF,RLIEF,cs_I_RLIEF,trained entity,1.0,ST,UF16,24.292465043,0.9991166708068023,5,0,0.0,True,train,1949-10,2015-09,672,0.8022047626472233,0.8024866614651623,-10.78890823007036,0.900188465335454,0.867634750075175,0.8921109176992963,0.1349550886880231,0.2310771738887425,47.98760195529589,53.79107127065904,1976-1985
I_RLLNS,RLLNS,uf_10,trained entity,1.0,,UF10,103.682747844,1.0022768734451286,20,0,0.0,True,WY1976-85,1975-10,1985-09,120,0.8751415160506661,0.9585888953209538,-12.37465786400176,0.9834705677438437,1.001789736937417,0.8762534213599824,0.0947478472616489,-0.11378481104956961,192.03356631516402,219.1530003011227,
I_RLLNS,RLLNS,uf_10,trained entity,1.0,,UF10,103.682747844,1.0022768734451286,20,0,0.0,True,WY1976-84,1975-10,1984-09,108,0.8829835183988974,0.9608431486383234,-11.592970359254267,0.9841059496771208,1.0007348166983376,0.8840702964074573,0.08788306383334454,-0.0820508268798692,203.28607122671843,229.94333375162552,
I_RLLNS,RLLNS,uf_10,trained entity,1.0,,UF10,103.682747844,1.0022768734451286,20,0,0.0,True,WY1950-84_mixed,1949-10,1984-09,420,0.8940090608493003,0.9358664513143435,-7.085447376490112,0.9742615302998894,1.074506737326518,0.9291455262350989,0.10969747756001097,-0.27965891221327777,198.16550377335585,213.27714354534234,
I_RLLNS,RLLNS,uf_10,trained entity,1.0,,UF10,103.682747844,1.0022768734451286,20,0,0.0,True,WY1976-85_own,1975-10,1985-09,0,,,,,,,,,,,
I_RLLNS,RLLNS,uf_10,trained entity,1.0,,UF10,103.682747844,1.0022768734451286,20,0,0.0,True,train,1984-10,2014-09,348,0.8274501436983149,0.925533768257263,-15.257222681578154,0.9683969334145179,0.9258621911802118,0.8474277731842185,0.1037918035124758,-0.33733416451301057,155.65261160250853,183.67655218289843,1976-1985
I_RUB047,RUB047,cs_I_RUB047,trained entity,1.0,FOLS,UF11,26.4876926074,1.0012355653448384,5,0,0.0,True,WY1976-85,1975-10,1985-09,120,0.5790498467896403,0.7797692183119647,-39.48941891438932,0.9389561712662104,0.8675943285137219,0.6051058108561068,0.15051932543777266,0.11467234376849866,59.46253791462624,98.26800015438347,
I_RUB047,RUB047,cs_I_RUB047,trained entity,1.0,FOLS,UF11,26.4876926074,1.0012355653448384,5,0,0.0,True,WY1976-84,1975-10,1984-09,108,0.5795528212250713,0.7792410014788524,-39.49156579740539,0.9396591242959217,0.8689411126783769,0.6050843420259462,0.16695137293005213,0.14154723699724414,61.84701525527363,102.21222226342393,
I_RUB047,RUB047,cs_I_RUB047,trained entity,1.0,FOLS,UF11,26.4876926074,1.0012355653448384,5,0,0.0,True,WY1950-84_mixed,1949-10,1984-09,420,0.6187363517753726,0.7819249125905894,-35.94067961234136,0.9295221025766248,0.8940679919352246,0.6405932038765864,0.1527548596582194,0.2669609184255304,61.768559205412956,96.42400017923543,
I_RUB047,RUB047,cs_I_RUB047,trained entity,1.0,FOLS,UF11,26.4876926074,1.0012355653448384,5,0,0.0,True,WY1976-85_own,1975-10,1985-09,0,,,,,,,,,,,
I_RUB047,RUB047,cs_I_RUB047,trained entity,1.0,FOLS,UF11,26.4876926074,1.0012355653448384,5,0,0.0,True,train,1949-10,2015-09,672,0.5801795097962852,0.7543515347115826,-38.83480631766291,0.9215311440759809,0.8611559707015678,0.6116519368233709,0.10103892952839574,0.0389783812232416,54.287276920028944,88.75517864289162,1976-1985
I_RVPHB,RVPHB,cdec_ORO,trained entity,1.0,OROV,UF8,7.59692364845,0.9930139150271199,4,0,0.0,True,WY1976-85,1975-10,1985-09,120,0.6247064818803554,0.36433854361013507,-0.26313519092311444,0.6458882763920963,0.8757293762259583,0.9973686480907689,0.20919530354087099,0.5972422416514487,21.776547053853363,21.83399999141693,
I_RVPHB,RVPHB,cdec_ORO,trained entity,1.0,OROV,UF8,7.59692364845,0.9930139150271199,4,0,0.0,True,WY1976-84,1975-10,1984-09,108,0.6168575584488261,0.35359994682080476,-1.2562289891115312,0.6389441220977767,0.8724109235759535,0.9874377101088848,0.21495106940046732,0.6160113891696524,22.564048822067335,22.851111104091007,
I_RVPHB,RVPHB,cdec_ORO,trained entity,1.0,OROV,UF8,7.59692364845,0.9930139150271199,4,0,0.0,True,WY1950-84_mixed,1949-10,1984-09,420,0.6066977865340853,0.33860275231647685,-5.585543453987982,0.6321451399589775,0.8725260673951383,0.9441445654601202,0.2162391003044327,0.6341037376819072,21.84076128360453,23.132857067244394,
I_RVPHB,RVPHB,cdec_ORO,trained entity,1.0,OROV,UF8,7.59692364845,0.9930139150271199,4,0,0.0,True,WY1976-85_own,1975-10,1985-09,0,,,,,,,,,,,
I_RVPHB,RVPHB,cdec_ORO,trained entity,1.0,OROV,UF8,7.59692364845,0.9930139150271199,4,0,0.0,True,train,1987-10,2018-12,375,0.6191087308372144,0.3320376410668523,5.231119716386539,0.6359281793905571,0.901038355845073,1.0523111971638655,0.2078898815623412,0.6263112983659918,20.66705518959514,19.639680016040803,1976-1985
I_SCOTF,SCOTF,cdec_YRS,trained entity,1.0,YUBA,UF9,14.5280311817,0.9999235309743343,7,0,0.0,True,WY1976-85,1975-10,1985-09,120,0.689139146444465,0.8422755777212708,-26.910957886558244,0.9436837752143827,0.8549379868402467,0.7308904211344175,0.11124869668089703,-0.0084104182927085,29.235616649064337,39.999999731406575,
I_SCOTF,SCOTF,cdec_YRS,trained entity,1.0,YUBA,UF9,14.5280311817,0.9999235309743343,7,0,0.0,True,WY1976-84,1975-10,1984-09,108,0.7007563904485041,0.8475111729357456,-25.57144637728913,0.9443195350020964,0.8548912935335442,0.7442855362271087,0.11025184773241573,0.020207991883613552,30.977990794662333,41.62111083293955,
I_SCOTF,SCOTF,cdec_YRS,trained entity,1.0,YUBA,UF9,14.5280311817,0.9999235309743343,7,0,0.0,True,WY1950-84_mixed,1949-10,1984-09,420,0.7210352106402251,0.8702687231976012,-20.789233633219105,0.954594610498545,0.8196101976244005,0.7921076636678089,0.06350597627956862,0.2872173692968447,29.749979535486062,37.55799987811063,
I_SCOTF,SCOTF,cdec_YRS,trained entity,1.0,YUBA,UF9,14.5280311817,0.9999235309743343,7,0,0.0,True,WY1976-85_own,1975-10,1985-09,0,,,,,,,,,,,
I_SCOTF,SCOTF,cdec_YRS,trained entity,1.0,YUBA,UF9,14.5280311817,0.9999235309743343,7,0,0.0,True,train,1987-10,2018-12,375,0.5129069426736352,0.7903529753061814,-37.10506501780555,0.9673022838321351,0.6861339125432738,0.6289493498219445,0.09338403930425548,0.08033052897682325,22.356784543218733,35.54624001049996,1976-1985
I_SCW008,SCW008,cdec_BND,trained entity,1.0,SRBB,UF6,372.17399023,0.9997719320935119,45,0,0.0,True,WY1976-85,1975-10,1985-09,120,0.20475898153302696,0.6111724567750226,66.87985717085817,0.981393304131098,1.4298494373635862,1.6687985717085818,0.05025154663732648,0.08254353401179326,354.59967183382287,212.48800055645404,
I_SCW008,SCW008,cdec_BND,trained entity,1.0,SRBB,UF6,372.17399023,0.9997719320935119,45,0,0.0,True,WY1976-84,1975-10,1984-09,108,0.2303452245976476,0.6261855601322842,64.04378982213063,0.9823429290814469,1.426492672467064,1.6404378982213064,0.05560611308073234,0.08369997175356758,367.9338169897872,224.29000048629112,
I_SCW008,SCW008,cdec_BND,trained entity,1.0,SRBB,UF6,372.17399023,0.9997719320935119,45,0,0.0,True,WY1950-84_mixed,1949-10,1984-09,420,0.29878264886174966,0.6614477790115247,59.490573607669326,0.9781817319616912,1.3705629526817282,1.5949057360766932,0.04808956531336655,0.06533262298949705,332.5259983971289,208.49257161436338,
I_SCW008,SCW008,cdec_BND,trained entity,1.0,SRBB,UF6,372.17399023,0.9997719320935119,45,0,0.0,True,WY1976-85_own,1975-10,1985-09,120,0.20475898153302696,0.6111724567750226,66.87985717085817,0.981393304131098,1.4298494373635862,1.6687985717085818,0.05025154663732648,0.08254353401179326,354.59967183382287,212.48800055645404,
I_SCW008,SCW008,cdec_BND,trained entity,1.0,SRBB,UF6,372.17399023,0.9997719320935119,45,0,0.0,True,train,1999-10,2018-12,231,0.11944609876701562,0.3731810970210333,71.65206775526912,0.9448126554198104,1.5088493378341452,1.7165206775526913,0.03529462020639963,-0.04986397851285762,287.8252956895443,167.6794806223411,1976-1985
I_SFA030,SFA030,cdec_FOL,trained entity,1.0,FOLS,UF11,31.5416976429,1.0017582627646264,9,0,0.0,True,WY1976-85,1975-10,1985-09,120,-0.08475561343556581,0.15892057848896013,-76.94574428677026,0.8383010978103596,0.252682497511177,0.23054255713229738,0.15845873848240286,-0.6246984885218678,17.825089543653498,77.31800048276781,
I_SFA030,SFA030,cdec_FOL,trained entity,1.0,FOLS,UF11,31.5416976429,1.0017582627646264,9,0,0.0,True,WY1976-84,1975-10,1984-09,108,-0.0783330835107443,0.16686813863449945,-76.06194948584132,0.8403343589342563,0.25249273843113273,0.23938050514158674,0.15292149967878654,-0.6942728030391736,19.215073301486623,80.27000064237251,
I_SFA030,SFA030,cdec_FOL,trained entity,1.0,FOLS,UF11,31.5416976429,1.0017582627646264,9,0,0.0,True,WY1950-84_mixed,1949-10,1984-09,420,-0.08270365493571985,0.10423985202953823,-75.40755933006974,0.7139407165059701,0.2776515450793505,0.24592440669930257,0.20586994158021127,-0.8025219860822395,16.044810923387875,65.24285709879229,
I_SFA030,SFA030,cdec_FOL,trained entity,1.0,FOLS,UF11,31.5416976429,1.0017582627646264,9,0,0.0,True,WY1976-85_own,1975-10,1985-09,120,-0.08475561343556581,0.15892057848896013,-76.94574428677026,0.8383010978103596,0.252682497511177,0.23054255713229738,0.15845873848240286,-0.6246984885218678,17.825089543653498,77.31800048276781,
I_SFA030,SFA030,cdec_FOL,trained entity,1.0,FOLS,UF11,31.5416976429,1.0017582627646264,9,0,0.0,True,train,1987-10,2018-12,375,0.10017486149468802,0.2917883442609367,-68.43002547300495,0.7731410998356937,0.4615267131242863,0.31569974526995065,0.237172233915379,-0.8125985060800129,16.382543737810632,51.89279998880625,1976-1985
I_SFA040,SFA040,cdec_FOL,trained entity,1.0,FOLS,UF11,99.2697638745,0.9997910284570227,20,0,0.0,True,WY1976-85,1975-10,1985-09,120,0.5764718023209194,0.6650466268820119,39.49149357542085,0.8641065898001767,1.0703655371030607,1.3949149357542086,0.11768702857054517,0.2672264609649204,122.43726350362688,87.77399995177984,
I_SFA040,SFA040,cdec_FOL,trained entity,1.0,FOLS,UF11,99.2697638745,0.9997910284570227,20,0,0.0,True,WY1976-84,1975-10,1984-09,108,0.5582188041904219,0.6728521021156999,41.592362211696674,0.8704518903578895,1.073453746154972,1.4159236221169669,0.10925944341904725,0.27740634022226995,129.6639921659957,91.5755554470751,
I_SFA040,SFA040,cdec_FOL,trained entity,1.0,FOLS,UF11,99.2697638745,0.9997910284570227,20,0,0.0,True,WY1950-84_mixed,1949-10,1984-09,420,0.8208615698864532,0.6835147900410086,5.763054228764658,0.8361874689529376,0.9560141794309452,1.0576305422876466,0.07895590225988891,0.04537342251988008,111.89428957266372,105.79714285731316,
I_SFA040,SFA040,cdec_FOL,trained entity,1.0,FOLS,UF11,99.2697638745,0.9997910284570227,20,0,0.0,True,WY1976-85_own,1975-10,1985-09,120,0.5764718023209194,0.6650466268820119,39.49149357542085,0.8641065898001767,1.0703655371030607,1.3949149357542086,0.11768702857054517,0.2672264609649204,122.43726350362688,87.77399995177984,
I_SFA040,SFA040,cdec_FOL,trained entity,1.0,FOLS,UF11,99.2697638745,0.9997910284570227,20,0,0.0,True,train,1987-10,2018-12,375,0.7812314560107505,0.705991725965375,13.557563655553574,0.8462972584536862,0.9234860153116795,1.1355756365555356,0.10771237966529128,0.264018032495386,109.09593219911383,96.0710398208499,1976-1985
I_SFA066,SFA066,cdec_FOL,trained entity,1.0,FOLS,UF11,67.4375224867,1.0017822201807955,12,0,0.0,True,WY1976-85,1975-10,1985-09,120,0.821801376595268,0.7151789438586768,-0.5021997290756827,0.8477936831346303,0.9074647849041684,0.9949780027092432,0.19662085316706904,-0.692372865114316,108.47648262824842,109.02400086522101,
I_SFA066,SFA066,cdec_FOL,trained entity,1.0,FOLS,UF11,67.4375224867,1.0017822201807955,12,0,0.0,True,WY1976-84,1975-10,1984-09,108,0.8175768710182774,0.7090731688637171,0.003951922206638459,0.8442543708671054,0.9050184468872395,1.0000395192220664,0.19705180682674583,-0.7094648704596462,114.38674352840525,114.38222323192491,
I_SFA066,SFA066,cdec_FOL,trained entity,1.0,FOLS,UF11,67.4375224867,1.0017822201807955,12,0,0.0,True,WY1950-84_mixed,1949-10,1984-09,420,0.8255572897164232,0.7664191233748815,-0.8263220057359923,0.8754795645733596,0.8781121846675254,0.99173677994264,0.1832802542147085,-0.61820998128219,105.44938871491013,106.32800038031169,
I_SFA066,SFA066,cdec_FOL,trained entity,1.0,FOLS,UF11,67.4375224867,1.0017822201807955,12,0,0.0,True,WY1976-85_own,1975-10,1985-09,0,,,,,,,,,,,
I_SFA066,SFA066,cdec_FOL,trained entity,1.0,FOLS,UF11,67.4375224867,1.0017822201807955,12,0,0.0,True,train,1987-10,2018-12,375,0.6204627499465188,0.5256999097440508,-21.31262415208482,0.7437346836339108,0.8184681378348583,0.7868737584791519,0.26694386697567163,-0.9579186782000546,73.71282288999063,93.67807999145984,1976-1985
I_SFA076,SFA076,cdec_FOL,trained entity,1.0,FOLS,UF11,39.5115212214,1.0010516547322412,9,0,0.0,True,WY1976-85,1975-10,1985-09,120,0.33695482035248825,0.31251358174581156,28.857148373583836,0.9083232737237047,1.5898735346559965,1.2885714837358384,0.1555285841813258,0.20301455599398288,82.45568914181784,63.98999992050231,
I_SFA076,SFA076,cdec_FOL,trained entity,1.0,FOLS,UF11,39.5115212214,1.0010516547322412,9,0,0.0,True,WY1976-84,1975-10,1984-09,108,0.34005657070367756,0.30676634272222836,28.575801594262867,0.9056111957348915,1.5873316267879038,1.2857580159426285,0.16693095557552612,0.21355260483101812,86.31864994726479,67.134444333199,
I_SFA076,SFA076,cdec_FOL,trained entity,1.0,FOLS,UF11,39.5115212214,1.0010516547322412,9,0,0.0,True,WY1950-84_mixed,1949-10,1984-09,420,0.3122544561857158,0.30851551698709057,35.17458460314114,0.9114941963875746,1.5843248373661443,1.3517458460314113,0.1400264086172544,0.27185242184673886,84.35627875323846,62.405428506327524,
I_SFA076,SFA076,cdec_FOL,trained entity,1.0,FOLS,UF11,39.5115212214,1.0010516547322412,9,0,0.0,True,WY1976-85_own,1975-10,1985-09,0,,,,,,,,,,,
I_SFA076,SFA076,cdec_FOL,trained entity,1.0,FOLS,UF11,39.5115212214,1.0010516547322412,9,0,0.0,True,train,1987-10,2018-12,375,0.8376966033147136,0.7660545648991259,-11.230881384501423,0.8920033633472892,1.0454516158129692,0.8876911861549858,0.07327903628435004,-0.49701033662069527,48.80483539756575,54.97952008396386,1976-1985
I_SFD003,SFD003,cdec_YRS,trained entity,1.0,YUBA,UF9,5.67754980116,1.0058996375985874,3,0,0.0,True,WY1976-85,1975-10,1985-09,120,0.5003561269608284,0.5104667955535446,20.831872920383297,0.9073606311181889,1.4445956075600204,1.2083187292038329,0.12621160869663162,0.20572556068197745,12.083187262554564,9.999999975599348,
I_SFD003,SFD003,cdec_YRS,trained entity,1.0,YUBA,UF9,5.67754980116,1.0058996375985874,3,0,0.0,True,WY1976-84,1975-10,1984-09,108,0.4885802101144915,0.5062260732149639,23.3197293229836,0.9084157309204266,1.4458492408583599,1.233197293229836,0.12915403082912116,0.2073649067921597,12.833473127891544,10.406666636673942,
I_SFD003,SFD003,cdec_YRS,trained entity,1.0,YUBA,UF9,5.67754980116,1.0058996375985874,3,0,0.0,True,WY1950-84_mixed,1949-10,1984-09,420,0.5463056752206714,0.5984554000244495,29.937631642507043,0.9071005074919524,1.3279970210115852,1.2993763164250702,0.11046074373322641,0.5987355774211744,12.20374235911775,9.391999996347087,
I_SFD003,SFD003,cdec_YRS,trained entity,1.0,YUBA,UF9,5.67754980116,1.0058996375985874,3,0,0.0,True,WY1976-85_own,1975-10,1985-09,0,,,,,,,,,,,
I_SFD003,SFD003,cdec_YRS,trained entity,1.0,YUBA,UF9,5.67754980116,1.0058996375985874,3,0,0.0,True,train,1987-10,2018-12,375,0.8990649614358746,0.8539515418027773,-1.7686523871583055,0.9347503324954085,1.0749503153683937,0.9823134761284169,0.08493370602488026,0.40946527829563717,8.731430817621094,8.888639960467815,1976-1985
I_SFF008,SFF008,cdec_ORO,trained entity,1.0,OROV,UF8,24.5213843918,1.0004549992297649,8,0,0.0,True,WY1976-85,1975-10,1985-09,120,0.46461933911833864,0.6894259416509623,40.78294582651488,0.9616602838435345,1.3447283730450417,1.4078294582651487,0.045279831985254364,-0.43309460080823214,37.71707617154742,26.790941154211758,
I_SFF008,SFF008,cdec_ORO,trained entity,1.0,OROV,UF8,24.5213843918,1.0004549992297649,8,0,0.0,True,WY1976-84,1975-10,1984-09,108,0.46237167060012097,0.6924759222772865,41.21042131627752,0.963994832444542,1.3433918548482158,1.4121042131627752,0.04678910069692082,-0.38081891049735095,39.9342763806886,28.279978211555218,
I_SFF008,SFF008,cdec_ORO,trained entity,1.0,OROV,UF8,24.5213843918,1.0004549992297649,8,0,0.0,True,WY1950-84_mixed,1949-10,1984-09,420,0.354656605840846,0.4564990389091831,53.99594915699419,0.9009231097487668,1.3392574445263243,1.539959491569942,0.05225027829768757,-0.21811985207368334,37.84383588210837,24.5745658176552,
I_SFF008,SFF008,cdec_ORO,trained entity,1.0,OROV,UF8,24.5213843918,1.0004549992297649,8,0,0.0,True,WY1976-85_own,1975-10,1985-09,0,,,,,,,,,,,
I_SFF008,SFF008,cdec_ORO,trained entity,1.0,OROV,UF8,24.5213843918,1.0004549992297649,8,0,0.0,True,train,1987-10,2018-12,375,0.5674314832608804,0.7832388326898823,40.00183746657456,0.9440212618127628,1.154813444101674,1.4000183746657453,0.04633538844223271,-0.07933758767895327,28.04351229166098,20.03081730863452,1976-1985
I_SFF011,SFF011,cdec_ORO,trained entity,1.0,OROV,UF8,57.9016624919,0.9995822418805481,13,0,0.0,True,WY1976-85,1975-10,1985-09,120,0.9473722930764088,0.9470205781325002,3.259038020688826,0.9751587954954551,1.0330220716002079,1.0325903802068883,0.06261921616535615,-0.09654999675542708,122.68412918607302,118.8120009034872,
I_SFF011,SFF011,cdec_ORO,trained entity,1.0,OROV,UF8,57.9016624919,0.9995822418805481,13,0,0.0,True,WY1976-84,1975-10,1984-09,108,0.9469688366153824,0.9488406704145826,3.3961877487555445,0.9760674909171991,1.0329564891401972,1.0339618774875554,0.06371362047516912,-0.04193135576265039,129.67490436796894,125.41555659969649,
I_SFF011,SFF011,cdec_ORO,trained entity,1.0,OROV,UF8,57.9016624919,0.9995822418805481,13,0,0.0,True,WY1950-84_mixed,1949-10,1984-09,420,0.816014318662304,0.8692017361852538,16.718851332118373,0.9469018401297764,1.0554915972841363,1.1671885133211837,0.03337915121021649,0.0213597069661553,127.20353922354673,108.98285732918552,
I_SFF011,SFF011,cdec_ORO,trained entity,1.0,OROV,UF8,57.9016624919,0.9995822418805481,13,0,0.0,True,WY1976-85_own,1975-10,1985-09,0,,,,,,,,,,,
I_SFF011,SFF011,cdec_ORO,trained entity,1.0,OROV,UF8,57.9016624919,0.9995822418805481,13,0,0.0,True,train,1987-10,2018-12,375,0.7318431116054221,0.8342064620397205,25.654023616438597,0.9337525051999567,1.0413097259117192,1.256540236164386,0.051878498226176406,0.21596720452060936,111.62138469042448,88.83232026946544,1976-1985
I_SFM005,SFM005,cs_I_SFM005,trained entity,1.0,,UF14,64.0549020101,1.0022275217169545,15,0,0.0,True,WY1976-85,1975-10,1985-09,120,0.9801082995734369,0.9604301660605316,-0.030282518222217704,0.9802673909697768,1.0024924252505332,0.9996971748177779,0.04085720726283285,0.02709162133539955,71.5113381406898,71.53300013449044,
I_SFM005,SFM005,cs_I_SFM005,trained entity,1.0,,UF14,64.0549020101,1.0022275217169545,15,0,0.0,True,WY1976-84,1975-10,1984-09,108,0.979809780277292,0.9599821851719613,0.2093523696966437,0.9800381544426586,1.0021878877773593,1.0020935236969664,0.03934150346606547,0.009856423406452208,76.57553351114115,76.41555573439433,
I_SFM005,SFM005,cs_I_SFM005,trained entity,1.0,,UF14,64.0549020101,1.0022275217169545,15,0,0.0,True,WY1950-84_mixed,1949-10,1984-09,420,0.9193384000769351,0.9262590240754818,-7.021179034282011,0.9640561025013858,0.9831288876592689,0.9297882096571799,0.06182083349936967,0.051880599885190115,62.006247378924364,66.68857137023339,
I_SFM005,SFM005,cs_I_SFM005,trained entity,1.0,,UF14,64.0549020101,1.0022275217169545,15,0,0.0,True,WY1976-85_own,1975-10,1985-09,120,0.9801082995734369,0.9604301660605316,-0.030282518222217704,0.9802673909697768,1.0024924252505332,0.9996971748177779,0.04085720726283285,0.02709162133539955,71.5113381406898,71.53300013449044,
I_SFM005,SFM005,cs_I_SFM005,trained entity,1.0,,UF14,64.0549020101,1.0022275217169545,15,0,0.0,True,train,1949-10,2015-09,672,0.9286261231696378,0.9248130999252064,-5.680149572107238,0.9625551615010584,0.9784198135449924,0.9431985042789276,0.06248155492175804,0.04313833445539039,53.43758491624208,56.655714225389865,1976-1985
I_SFR006,SFR006,cdec_FOL,trained entity,1.0,FOLS,UF11,15.2121235855,1.002179630986401,5,0,0.0,True,WY1976-85,1975-10,1985-09,120,0.7152728858740902,0.7957244588835047,-14.18562680403601,0.9083553791476854,0.7707673840724976,0.8581437319596399,0.08628848624093723,0.07329853810225995,29.015555889244958,33.81200002823025,
I_SFR006,SFR006,cdec_FOL,trained entity,1.0,FOLS,UF11,15.2121235855,1.002179630986401,5,0,0.0,True,WY1976-84,1975-10,1984-09,108,0.719850976630277,0.7927952682801022,-13.538767009872542,0.9054629491836497,0.7736895934712786,0.8646123299012746,0.08723613708398002,0.06923501283300659,30.365185017550765,35.11999999007417,
I_SFR006,SFR006,cdec_FOL,trained entity,1.0,FOLS,UF11,15.2121235855,1.002179630986401,5,0,0.0,True,WY1950-84_mixed,1949-10,1984-09,420,0.6826026371657612,0.8051660303450787,-15.352312603361154,0.9240575269624197,0.7327838393810477,0.8464768739663885,0.09363462947326089,0.10193870394955251,29.046249336117615,34.31428575244333,
I_SFR006,SFR006,cdec_FOL,trained entity,1.0,FOLS,UF11,15.2121235855,1.002179630986401,5,0,0.0,True,WY1976-85_own,1975-10,1985-09,0,,,,,,,,,,,
I_SFR006,SFR006,cdec_FOL,trained entity,1.0,FOLS,UF11,15.2121235855,1.002179630986401,5,0,0.0,True,train,1987-10,2018-12,375,0.6834283258968812,0.8544737429359225,-20.742498221884603,0.9551525485292178,0.7650931936010824,0.792575017781154,0.06909282351374217,-0.07943757861554523,26.29573688983018,33.17759997463226,1976-1985
I_SFS030,SFS030,cdec_NML,trained entity,1.0,ST,UF16,3.33169382176,1.0068398772307094,2,0,0.0,True,WY1976-85,1975-10,1985-09,120,0.8787601043542765,0.8205916512661107,6.762521063046922,0.9177246118051422,1.0579370665529078,1.0676252106304691,0.12503846209701866,0.12073473551541003,3.7196062250707755,3.48399999178946,
I_SFS030,SFS030,cdec_NML,trained entity,1.0,ST,UF16,3.33169382176,1.0068398772307094,2,0,0.0,True,WY1976-84,1975-10,1984-09,108,0.8818233859843985,0.8201354224973041,6.1418698763070045,0.9174169339002308,1.0580817762814196,1.06141869876307,0.12608917892253196,0.0960317355742788,3.9744233389610413,3.7444444342205925,
I_SFS030,SFS030,cdec_NML,trained entity,1.0,ST,UF16,3.33169382176,1.0068398772307094,2,0,0.0,True,WY1950-84_mixed,1949-10,1984-09,420,0.8577400281015831,0.7775564677336961,-6.875000008040452,0.8856033986787558,0.9507582017018972,0.9312499999195955,0.09560552153824793,0.03198809624480159,3.0459857100698438,3.270857138612441,
I_SFS030,SFS030,cdec_NML,trained entity,1.0,ST,UF16,3.33169382176,1.0068398772307094,2,0,0.0,True,WY1976-85_own,1975-10,1985-09,120,0.8787601043542765,0.8205916512661107,6.762521063046922,0.9177246118051422,1.0579370665529078,1.0676252106304691,0.12503846209701866,0.12073473551541003,3.7196062250707755,3.48399999178946,
I_SFS030,SFS030,cdec_NML,trained entity,1.0,ST,UF16,3.33169382176,1.0068398772307094,2,0,0.0,True,train,1987-10,2018-12,375,0.5095299595448405,0.6375075512198407,-31.302498795188406,0.8347475109523114,0.6604888332243662,0.686975012048116,0.1197151614416383,-0.22642621504956573,2.6307295867373064,3.8294399950504303,1976-1985
I_SFS033,SFS033,cdec_NML,trained entity,1.0,ST,UF16,17.9306459864,1.0005601918612779,7,0,0.0,True,WY1976-85,1975-10,1985-09,120,0.8705880366564569,0.9144981524049465,-11.690751747471609,0.9629190651614695,1.041292770382116,0.8830924825252839,0.0608976009560422,-0.019746462360052952,35.2636490262075,39.932000015862286,
I_SFS033,SFS033,cdec_NML,trained entity,1.0,ST,UF16,17.9306459864,1.0005601918612779,7,0,0.0,True,WY1976-84,1975-10,1984-09,108,0.8765327000803742,0.9143096880127117,-10.77172961266146,0.9629116534630567,1.0475984539220518,0.8922827038733855,0.06742091521198722,-0.04273404179731699,37.124909027963945,41.606666661591994,
I_SFS033,SFS033,cdec_NML,trained entity,1.0,ST,UF16,17.9306459864,1.0005601918612779,7,0,0.0,True,WY1950-84_mixed,1949-10,1984-09,420,0.8063600995738547,0.8870574742636562,-18.311169493667723,0.9510413807411975,0.9603821780667292,0.8168883050633228,0.05129565971769637,-0.15721490802060867,31.81243138492517,38.94342860308076,
I_SFS033,SFS033,cdec_NML,trained entity,1.0,ST,UF16,17.9306459864,1.0005601918612779,7,0,0.0,True,WY1976-85_own,1975-10,1985-09,120,0.8705880366564569,0.9144981524049465,-11.690751747471609,0.9629190651614695,1.041292770382116,0.8830924825252839,0.0608976009560422,-0.019746462360052952,35.2636490262075,39.932000015862286,
I_SFS033,SFS033,cdec_NML,trained entity,1.0,ST,UF16,17.9306459864,1.0005601918612779,7,0,0.0,True,train,1987-10,2018-12,375,0.7466416795409745,0.7832040560021983,-17.370727166685104,0.8931810544092161,0.8496472974012432,0.8262927283331489,0.13623032189581796,-0.41578876178604407,28.724579354767236,34.7631999772191,1976-1985
I_SFY007,SFY007,cdec_YRS,trained entity,1.0,YUBA,UF9,146.645751024,1.0007437074109473,23,0,0.0,True,WY1976-85,1975-10,1985-09,120,0.47027772075152596,0.7417996987764954,38.87101620628095,0.9771883261650531,1.3591514034194363,1.3887101620628095,0.04955444017073056,0.2148742648380697,270.8095921648346,195.00800063461065,
I_SFY007,SFY007,cdec_YRS,trained entity,1.0,YUBA,UF9,146.645751024,1.0007437074109473,23,0,0.0,True,WY1976-84,1975-10,1984-09,108,0.46613590682220063,0.74062693817237,39.730969004282,0.9774226241310838,1.355873772961012,1.3973096900428201,0.05034241322804938,0.2221923129701704,287.25737431213514,205.57888946102725,
I_SFY007,SFY007,cdec_YRS,trained entity,1.0,YUBA,UF9,146.645751024,1.0007437074109473,23,0,0.0,True,WY1950-84_mixed,1949-10,1984-09,420,0.5650748615556171,0.6558396891135115,27.587830332488995,0.9283972912990737,1.3285180206809604,1.27587830332489,0.048880672279297654,0.09381849388810437,273.7786957340363,214.58057168977604,
I_SFY007,SFY007,cdec_YRS,trained entity,1.0,YUBA,UF9,146.645751024,1.0007437074109473,23,0,0.0,True,WY1976-85_own,1975-10,1985-09,120,0.47027772075152596,0.7417996987764954,38.87101620628095,0.9771883261650531,1.3591514034194363,1.3887101620628095,0.04955444017073056,0.2148742648380697,270.8095921648346,195.00800063461065,
I_SFY007,SFY007,cdec_YRS,trained entity,1.0,YUBA,UF9,146.645751024,1.0007437074109473,23,0,0.0,True,train,1987-10,2018-12,375,0.5479607001674117,0.7580429422097749,36.34447252722664,0.9513140473841651,1.2643428423142797,1.3634447252722663,0.04498236344618992,0.08664548488246027,238.9649577788103,175.26559995388985,1976-1985
I_SFY048,SFY048,cs_I_SFY048,trained entity,1.0,YUBA,UF9,54.2431944696,1.0018992122584356,12,0,0.0,True,WY1976-85,1975-10,1985-09,120,0.8971927357616784,0.9044060590846006,-3.6247330676831995,0.9598753714528793,1.0874384285250374,0.963752669323168,0.06828620203408393,-0.010786274193396395,147.29417420421905,152.83399869352579,
I_SFY048,SFY048,cs_I_SFY048,trained entity,1.0,YUBA,UF9,54.2431944696,1.0018992122584356,12,0,0.0,True,WY1976-84,1975-10,1984-09,108,0.8937853795712621,0.9008911431645048,-2.6619452144090707,0.9589470815846148,1.094274112299979,0.9733805478559093,0.07022314771798502,-0.018308456569353204,154.165091442243,158.3811098155048,
I_SFY048,SFY048,cs_I_SFY048,trained entity,1.0,YUBA,UF9,54.2431944696,1.0018992122584356,12,0,0.0,True,WY1950-84_mixed,1949-10,1984-09,420,0.8326845446595854,0.826997164054893,2.945139917208808,0.9350293414265558,1.1513469200450064,1.0294513991720882,0.08528144691444768,0.13462555300388512,159.3729001476678,154.81342808008193,
I_SFY048,SFY048,cs_I_SFY048,trained entity,1.0,YUBA,UF9,54.2431944696,1.0018992122584356,12,0,0.0,True,WY1976-85_own,1975-10,1985-09,120,0.8971927357616784,0.9044060590846006,-3.6247330676831995,0.9598753714528793,1.0874384285250374,0.963752669323168,0.06828620203408393,-0.010786274193396395,147.29417420421905,152.83399869352579,
I_SFY048,SFY048,cs_I_SFY048,trained entity,1.0,YUBA,UF9,54.2431944696,1.0018992122584356,12,0,0.0,True,train,1949-10,2015-09,672,0.8900400253239857,0.8233480977222822,-6.31047791614541,0.9159913351504189,1.0324272587173904,0.9368952208385459,0.06855240435141396,0.05468652045088085,142.07079119241018,151.63999989801752,1976-1985
I_SGRGE,SGRGE,uf_04,trained entity,1.0,,UF4,257.48496143,0.9988038974814001,29,0,0.0,True,WY1976-85,1975-10,1985-09,120,0.8579093867494323,0.9134207430790002,8.648841626980785,0.9673984161378263,1.107919567061495,1.0864884162698079,0.0649822439988399,-0.11769328095178722,211.43173324241752,194.60100087244064,
I_SGRGE,SGRGE,uf_04,trained entity,1.0,,UF4,257.48496143,0.9988038974814001,29,0,0.0,True,WY1976-84,1975-10,1984-09,108,0.8617747042438721,0.9157368791939291,7.751170540625469,0.9685134830894883,1.110030755540108,1.0775117054062548,0.058329043657544,-0.12215837422896492,223.1814088754906,207.12666763220395,
I_SGRGE,SGRGE,uf_04,trained entity,1.0,,UF4,257.48496143,0.9988038974814001,29,0,0.0,True,WY1950-84_mixed,1949-10,1984-09,420,0.9360081692648595,0.8857610212604625,-1.2041284954433646,0.9450529018624031,1.030508658832179,0.9879587150455663,0.05942671233433554,-0.18682640428356478,188.52425843867204,190.822000522539,
I_SGRGE,SGRGE,uf_04,trained entity,1.0,,UF4,257.48496143,0.9988038974814001,29,0,0.0,True,WY1976-85_own,1975-10,1985-09,0,,,,,,,,,,,
I_SGRGE,SGRGE,uf_04,trained entity,1.0,,UF4,257.48496143,0.9988038974814001,29,0,0.0,True,train,1984-10,2014-09,348,0.7098066735808215,0.8423788084384684,24.813109321168668,0.947228121307636,1.1409193247893255,1.248131093211687,0.02391737485210693,-0.0744322127265784,201.7272501613123,161.62344745553003,1976-1985
I_SHSTA,SHSTA,cdec_SHA,trained entity,1.0,SHAS,SHA,6588.45234035,1.0004476364567116,544,0,0.0,True,WY1976-85,1975-10,1985-09,120,0.885196457383893,0.9323015137117399,-10.447593251727515,0.9734254616935557,0.9605230847753601,0.8955240674827248,0.02880664856025081,-0.012842980160837847,5289.231095546335,5906.296980285644,
I_SHSTA,SHSTA,cdec_SHA,trained entity,1.0,SHAS,SHA,6588.45234035,1.0004476364567116,544,0,0.0,True,WY1976-84,1975-10,1984-09,108,0.888626145339616,0.9341151517046485,-9.877852157784227,0.9735415731579472,0.9558764141773153,0.9012214784221577,0.03188484276712676,0.04580033666077021,5516.667047118841,6121.322204589844,
I_SHSTA,SHSTA,cdec_SHA,trained entity,1.0,SHAS,SHA,6588.45234035,1.0004476364567116,544,0,0.0,True,WY1950-84_mixed,1949-10,1984-09,420,0.8743080079634307,0.920501209195961,-9.31780238908918,0.9681062305341881,0.9219031358173003,0.9068219761091081,0.03498697461304964,0.0836903536887883,5733.587394222426,6322.7265607561385,
I_SHSTA,SHSTA,cdec_SHA,trained entity,1.0,SHAS,SHA,6588.45234035,1.0004476364567116,544,0,0.0,True,WY1976-85_own,1975-10,1985-09,0,,,,,,,,,,,
I_SHSTA,SHSTA,cdec_SHA,trained entity,1.0,SHAS,SHA,6588.45234035,1.0004476364567116,544,0,0.0,True,train,1987-10,2018-12,375,0.9437047459345005,0.9004417299723214,-2.4053846461106025,0.951481338166183,1.0153788021178631,0.975946153538894,0.04189917289136293,0.1425535701159637,5368.321889051673,5500.63327734375,1976-1985
I_SILVR,SILVR,cs_I_SILVR,trained entity,1.0,FOLS,UF11,15.044219396,0.9983029791322516,5,0,0.0,True,WY1976-85,1975-10,1985-09,120,0.5798657484307619,0.7360449261024906,20.062841861105024,0.9586453756992223,1.3668116983361007,1.2006284186110503,0.10179780807757095,0.1810718348653655,39.27495674117066,32.71199992634356,
I_SILVR,SILVR,cs_I_SILVR,trained entity,1.0,FOLS,UF11,15.044219396,0.9983029791322516,5,0,0.0,True,WY1976-84,1975-10,1984-09,108,0.571127694243969,0.7320752128077228,21.52368700649894,0.9586204203080426,1.368635693868131,1.2152368700649894,0.10392806308221651,0.17107623518465065,40.91027397948684,33.66444434598088,
I_SILVR,SILVR,cs_I_SILVR,trained entity,1.0,FOLS,UF11,15.044219396,0.9983029791322516,5,0,0.0,True,WY1950-84_mixed,1949-10,1984-09,420,0.5107964901439694,0.6326382558215318,27.034309353078534,0.9374851429583148,1.4028977270781284,1.2703430935307853,0.12951369338459393,0.2819971423490397,40.01544460930059,31.49971437879971,
I_SILVR,SILVR,cs_I_SILVR,trained entity,1.0,FOLS,UF11,15.044219396,0.9983029791322516,5,0,0.0,True,WY1976-85_own,1975-10,1985-09,120,0.5798657484307619,0.7360449261024906,20.062841861105024,0.9586453756992223,1.3668116983361007,1.2006284186110503,0.10179780807757095,0.1810718348653655,39.27495674117066,32.71199992634356,
I_SILVR,SILVR,cs_I_SILVR,trained entity,1.0,FOLS,UF11,15.044219396,0.9983029791322516,5,0,0.0,True,train,1949-10,2015-09,672,0.7121214377142737,0.7253585583152529,12.44445527772979,0.9164073428285836,1.2457638858229116,1.124444552777298,0.07550222911479412,-0.06020162196430068,33.200631118464756,29.526250126305968,1976-1985
I_SLC003,SLC003,cdec_FOL,trained entity,1.0,FOLS,UF11,7.05098842626,1.0018427593082104,4,0,0.0,True,WY1976-85,1975-10,1985-09,120,0.33955764314342063,0.4372251043156421,46.60361411692115,0.9210831301996607,1.4612662458009478,1.4660361411692115,0.06300685573753834,0.23107171421473005,16.466517922910466,11.231999989971518,
I_SLC003,SLC003,cdec_FOL,trained entity,1.0,FOLS,UF11,7.05098842626,1.0018427593082104,4,0,0.0,True,WY1976-84,1975-10,1984-09,108,0.33992579317981386,0.42214181480122037,45.7892311926487,0.9186771917212311,1.4684220213029797,1.457892311926487,0.06705055212586575,0.27732249210354354,17.201509402111835,11.798888890072703,
I_SLC003,SLC003,cdec_FOL,trained entity,1.0,FOLS,UF11,7.05098842626,1.0018427593082104,4,0,0.0,True,WY1950-84_mixed,1949-10,1984-09,420,0.016274475004263378,0.029752598005710507,76.03356180543706,0.9055793341515176,1.617001129907187,1.7603356180543706,0.04760907808726209,0.18461787667165375,17.472588383173917,9.925714280828835,
I_SLC003,SLC003,cdec_FOL,trained entity,1.0,FOLS,UF11,7.05098842626,1.0018427593082104,4,0,0.0,True,WY1976-85_own,1975-10,1985-09,0,,,,,,,,,,,
I_SLC003,SLC003,cdec_FOL,trained entity,1.0,FOLS,UF11,7.05098842626,1.0018427593082104,4,0,0.0,True,train,1987-10,2018-12,375,0.08367506290441895,0.10709677933567618,71.11802229193003,0.8890337936540703,1.5670631198736764,1.7111802229193003,0.07800834536893742,-0.04111755678799778,15.891251599736087,9.286719999969005,1976-1985
I_SLF009,SLF009,cdec_FOL,trained entity,1.0,FOLS,UF11,45.1471686865,1.0010947889189274,8,0,0.0,True,WY1976-85,1975-10,1985-09,120,0.24159090055612442,0.2563998996966015,35.287011384843105,0.9323409073635713,1.66789916308937,1.352870113848431,0.11879791671451391,-0.11720187404304472,98.88804063902123,73.09499975405633,
I_SLF009,SLF009,cdec_FOL,trained entity,1.0,FOLS,UF11,45.1471686865,1.0010947889189274,8,0,0.0,True,WY1976-84,1975-10,1984-09,108,0.25545964197208526,0.28000385749776446,34.52864474475052,0.9341238097309876,1.656336759215159,1.3452864474475053,0.12311826326413826,-0.12116571504480689,103.16702764283052,76.6877774161597,
I_SLF009,SLF009,cdec_FOL,trained entity,1.0,FOLS,UF11,45.1471686865,1.0010947889189274,8,0,0.0,True,WY1950-84_mixed,1949-10,1984-09,420,0.2506901962155005,0.34810935763478734,40.30007760335079,0.9496830701408238,1.6297013285149573,1.4030007760335081,0.08911454359629933,-0.03348100432389334,100.01270979629201,71.28485707544854,
I_SLF009,SLF009,cdec_FOL,trained entity,1.0,FOLS,UF11,45.1471686865,1.0010947889189274,8,0,0.0,True,WY1976-85_own,1975-10,1985-09,0,,,,,,,,,,,
I_SLF009,SLF009,cdec_FOL,trained entity,1.0,FOLS,UF11,45.1471686865,1.0010947889189274,8,0,0.0,True,train,1987-10,2018-12,375,0.7357570856291955,0.6570641164926263,13.94342511315533,0.8738647640062579,1.1856672013236649,1.1394342511315532,0.1695623279974353,-0.81303177306674,71.55975256499441,62.80288002043963,1976-1985
I_SLT009,SLT009,cs_I_SLT009,trained entity,1.0,YUBA,UF9,49.2131940552,1.0015999062122276,11,0,0.0,True,WY1976-85,1975-10,1985-09,120,0.7411641055202911,0.8554449478454346,-17.39403016603364,0.9434716903923158,0.816846124959585,0.8260596983396635,0.0800811539635447,-0.14988406902801188,124.43598084671282,150.63800000995397,
I_SLT009,SLT009,cs_I_SLT009,trained entity,1.0,YUBA,UF9,49.2131940552,1.0015999062122276,11,0,0.0,True,WY1976-84,1975-10,1984-09,108,0.7403821827086248,0.852733774700692,-17.72262010560982,0.9423572636007482,0.8192526634919128,0.8227737989439017,0.08477744389603858,-0.13697828638363863,130.84480302345958,159.02888885305987,
I_SLT009,SLT009,cs_I_SLT009,trained entity,1.0,YUBA,UF9,49.2131940552,1.0015999062122276,11,0,0.0,True,WY1950-84_mixed,1949-10,1984-09,420,0.670676854159018,0.803600307292022,-21.924100307311033,0.9292437187344538,0.7646690296209016,0.7807589969268898,0.08528086639176632,-0.1855383794559753,123.67958655448565,158.409428570526,
I_SLT009,SLT009,cs_I_SLT009,trained entity,1.0,YUBA,UF9,49.2131940552,1.0015999062122276,11,0,0.0,True,WY1976-85_own,1975-10,1985-09,120,0.7411641055202911,0.8554449478454346,-17.39403016603364,0.9434716903923158,0.816846124959585,0.8260596983396635,0.0800811539635447,-0.14988406902801188,124.43598084671282,150.63800000995397,
I_SLT009,SLT009,cs_I_SLT009,trained entity,1.0,YUBA,UF9,49.2131940552,1.0015999062122276,11,0,0.0,True,train,1949-10,2015-09,672,0.690272973851597,0.8261127776266909,-19.371871706372144,0.9365715004921058,0.7668032700999081,0.8062812829362785,0.07207432885813371,-0.15460595032193591,115.01472916328618,142.64839280955493,1976-1985
I_SLTSP,SLTSP,cs_I_SLTSP,trained entity,1.0,,UF14,169.781488615,1.001130163242664,24,0,0.0,True,WY1976-85,1975-10,1985-09,120,0.6105032904322527,0.6093611907580136,10.481714891651329,0.9079427515851102,1.3636571394478525,1.1048171489165133,0.1657378508510444,0.32157413891759035,409.28945587781527,370.458999735117,
I_SLTSP,SLTSP,cs_I_SLTSP,trained entity,1.0,,UF14,169.781488615,1.001130163242664,24,0,0.0,True,WY1976-84,1975-10,1984-09,108,0.595665221888005,0.5853510645313458,10.79299769774807,0.904193520362091,1.3777020668726976,1.1079299769774806,0.1756427813414053,0.34909631877195224,425.06595304936985,383.6577779120869,
I_SLTSP,SLTSP,cs_I_SLTSP,trained entity,1.0,,UF14,169.781488615,1.001130163242664,24,0,0.0,True,WY1950-84_mixed,1949-10,1984-09,420,0.6409733428863269,0.678248000491428,13.020170409752401,0.9226373590948259,1.3255190909309267,1.130201704097524,0.15372892423920517,0.37872731228852885,402.2723697820966,355.9297144250146,
I_SLTSP,SLTSP,cs_I_SLTSP,trained entity,1.0,,UF14,169.781488615,1.001130163242664,24,0,0.0,True,WY1976-85_own,1975-10,1985-09,0,,,,,,,,,,,
I_SLTSP,SLTSP,cs_I_SLTSP,trained entity,1.0,,UF14,169.781488615,1.001130163242664,24,0,0.0,True,train,1949-10,2015-09,672,0.7999650532499906,0.7490011199434473,0.47036767127294343,0.9066549833595187,1.1768574658165425,1.0047036767127295,0.0927146895191033,0.027542588900211662,334.3578478463713,332.7924995162258,1976-1985
I_SLV006,SLV006,cs_I_SLV006,trained entity,1.0,FOLS,UF11,24.5070203364,0.9976706168164087,6,0,0.0,True,WY1976-85,1975-10,1985-09,120,0.665743023951219,0.42137507949820074,-16.412614188211222,0.7105939092515459,0.9678371297010709,0.8358738581178878,0.21496109304748376,-0.2816839910099471,33.464209971528874,40.03500007390976,
I_SLV006,SLV006,cs_I_SLV006,trained entity,1.0,FOLS,UF11,24.5070203364,0.9976706168164087,6,0,0.0,True,WY1976-84,1975-10,1984-09,108,0.6625463606833926,0.4110604270989472,-16.246357494400375,0.7057897347769262,0.9696542368392943,0.8375364250559963,0.22135572377735058,-0.2493048698785456,35.3282170460469,42.18111116025183,
I_SLV006,SLV006,cs_I_SLV006,trained entity,1.0,FOLS,UF11,24.5070203364,0.9976706168164087,6,0,0.0,True,WY1950-84_mixed,1949-10,1984-09,420,0.6225481423192769,0.47805799590686504,-20.29825492506045,0.7219628934377932,0.845198976292562,0.7970174507493956,0.1821285391889616,-0.38340566166758805,31.035176335537216,38.93914280842458,
I_SLV006,SLV006,cs_I_SLV006,trained entity,1.0,FOLS,UF11,24.5070203364,0.9976706168164087,6,0,0.0,True,WY1976-85_own,1975-10,1985-09,0,,,,,,,,,,,
I_SLV006,SLV006,cs_I_SLV006,trained entity,1.0,FOLS,UF11,24.5070203364,0.9976706168164087,6,0,0.0,True,train,1949-10,2015-09,672,0.6931936367137282,0.5983867524722266,-16.315464079687217,0.7859779607717733,0.8526728997638832,0.836845359203128,0.1384192793536727,-0.4135205719978874,28.6849667891328,34.277499986912254,1976-1985
I_SLV015,SLV015,cs_I_SLV015,trained entity,1.0,FOLS,UF11,31.3952280157,0.9999078658095492,10,0,0.0,True,WY1976-85,1975-10,1985-09,120,0.6896697713506799,0.4731409005156211,-13.216318446027897,0.7266932482112438,0.9356481320120635,0.8678368155397211,0.19362658903812835,-0.1553687365362677,48.779371915212224,56.20800021588802,
I_SLV015,SLV015,cs_I_SLV015,trained entity,1.0,FOLS,UF11,31.3952280157,0.9999078658095492,10,0,0.0,True,WY1976-84,1975-10,1984-09,108,0.6846268463278635,0.4626826601048918,-13.534443000348011,0.722031418895422,0.9377458495933825,0.8646555699965199,0.20139795557431467,-0.14020319899636213,51.2049030660395,59.22000024384923,
I_SLV015,SLV015,cs_I_SLV015,trained entity,1.0,FOLS,UF11,31.3952280157,0.9999078658095492,10,0,0.0,True,WY1950-84_mixed,1949-10,1984-09,420,0.656687839541081,0.5564366839715061,-16.73318379852312,0.7608349128752081,0.8192699343881998,0.8326681620147688,0.15131465649656317,-0.24545787907042094,45.518637731107574,54.66599998367684,
I_SLV015,SLV015,cs_I_SLV015,trained entity,1.0,FOLS,UF11,31.3952280157,0.9999078658095492,10,0,0.0,True,WY1976-85_own,1975-10,1985-09,0,,,,,,,,,,,
I_SLV015,SLV015,cs_I_SLV015,trained entity,1.0,FOLS,UF11,31.3952280157,0.9999078658095492,10,0,0.0,True,train,1949-10,2015-09,672,0.7184770931063423,0.6498048575491344,-12.780770197004358,0.8120593127644339,0.8338716264318021,0.8721922980299566,0.11563552687698472,-0.29682492061933985,41.970672112510535,48.12089284359743,1976-1985
I_SLYCK,SLYCK,cs_I_SLYCK,trained entity,1.0,OROV,UF8,24.0454557489,0.9995389886658609,6,0,0.0,True,WY1976-85,1975-10,1985-09,120,0.6209540867984871,0.8025546428663848,-26.725689309914806,0.9481091901405668,0.7362635761638305,0.732743106900852,0.08318420680481578,0.25639430136476715,56.5831552314927,77.22099969089031,
I_SLYCK,SLYCK,cs_I_SLYCK,trained entity,1.0,OROV,UF8,24.0454557489,0.9995389886658609,6,0,0.0,True,WY1976-84,1975-10,1984-09,108,0.6211284595701667,0.8011239584929035,-26.606834474008128,0.9476898135374565,0.7353966658048279,0.7339316552599187,0.08406279898881491,0.25675531517680383,59.58954178643738,81.19222186340227,
I_SLYCK,SLYCK,cs_I_SLYCK,trained entity,1.0,OROV,UF8,24.0454557489,0.9995389886658609,6,0,0.0,True,WY1950-84_mixed,1949-10,1984-09,420,0.5643295445785759,0.7415228423459056,-31.27241925475287,0.9470979002294114,0.7013133867036053,0.6872758074524713,0.05375424707802915,0.08479377755970052,57.91614303050157,84.26914260983467,
I_SLYCK,SLYCK,cs_I_SLYCK,trained entity,1.0,OROV,UF8,24.0454557489,0.9995389886658609,6,0,0.0,True,WY1976-85_own,1975-10,1985-09,120,0.6209540867984871,0.8025546428663848,-26.725689309914806,0.9481091901405668,0.7362635761638305,0.732743106900852,0.08318420680481578,0.25639430136476715,56.5831552314927,77.22099969089031,
I_SLYCK,SLYCK,cs_I_SLYCK,trained entity,1.0,OROV,UF8,24.0454557489,0.9995389886658609,6,0,0.0,True,train,1949-10,2015-09,672,0.5733929173341092,0.7492903145084577,-28.981699236867264,0.9390959846589074,0.692932556544314,0.7101830076313274,0.047491330233981735,0.025094956132858393,53.717354913335186,75.63874992235962,1976-1985
I_SPICE,SPICE,cs_I_SPICE,trained entity,1.0,ST,UF16,44.6567069583,1.002472140770066,10,0,0.0,True,WY1976-85,1975-10,1985-09,120,0.814816980167081,0.7029729518871712,7.456147363422101,0.8734586179979774,1.1127857088684148,1.074561473634221,0.17258776079136653,0.1895957196602991,103.75858134744203,96.55900001376867,
I_SPICE,SPICE,cs_I_SPICE,trained entity,1.0,ST,UF16,44.6567069583,1.002472140770066,10,0,0.0,True,WY1976-84,1975-10,1984-09,108,0.8080918149326795,0.6895202042817038,7.519780289681193,0.8686054151950947,1.117938564597301,1.0751978028968119,0.17665929158770524,0.20692474656580995,107.80530500046862,100.26555551919672,
I_SPICE,SPICE,cs_I_SPICE,trained entity,1.0,ST,UF16,44.6567069583,1.002472140770066,10,0,0.0,True,WY1950-84_mixed,1949-10,1984-09,420,0.8438801383844869,0.7104553705162595,4.721164567210232,0.8668132795604996,1.0663759685605352,1.0472116456721023,0.18922564852300341,0.2989478482768124,100.08590655755452,95.5737142259521,
I_SPICE,SPICE,cs_I_SPICE,trained entity,1.0,ST,UF16,44.6567069583,1.002472140770066,10,0,0.0,True,WY1976-85_own,1975-10,1985-09,120,0.814816980167081,0.7029729518871712,7.456147363422101,0.8734586179979774,1.1127857088684148,1.074561473634221,0.17258776079136653,0.1895957196602991,103.75858134744203,96.55900001376867,
I_SPICE,SPICE,cs_I_SPICE,trained entity,1.0,ST,UF16,44.6567069583,1.002472140770066,10,0,0.0,True,train,1949-10,2015-09,672,0.8577938675308745,0.7511924285536429,-6.549634060334942,0.8747866031160706,0.9840494915383843,0.9345036593966506,0.12569390952123866,0.060339711259256745,85.72886246686141,91.73732130937944,1976-1985
I_SPLDG,SPLDG,cs_I_SPLDG,trained entity,1.0,YUBA,UF9,33.4097986743,0.9998165186678027,9,0,0.0,True,WY1976-85,1975-10,1985-09,120,0.7191808919794633,0.7747391959138765,-17.252961480164558,0.8948857607239273,0.8049515441043992,0.8274703851983544,0.0895421938403902,0.22510760560309873,99.2079069776405,119.8930001027882,
I_SPLDG,SPLDG,cs_I_SPLDG,trained entity,1.0,YUBA,UF9,33.4097986743,0.9998165186678027,9,0,0.0,True,WY1976-84,1975-10,1984-09,108,0.7146924415913802,0.7692707071319268,-17.146807239312803,0.8922016198546256,0.7990556985806605,0.828531927606872,0.0932506667002897,0.2062996614633299,103.76533879217371,125.24000021566948,
I_SPLDG,SPLDG,cs_I_SPLDG,trained entity,1.0,YUBA,UF9,33.4097986743,0.9998165186678027,9,0,0.0,True,WY1950-84_mixed,1949-10,1984-09,420,0.7571747835670151,0.7978654401183973,-13.533848085169502,0.9029008927775083,0.8233100322228893,0.864661519148305,0.08349981016466938,0.21829229886689916,98.20578524044643,113.57714327009661,
I_SPLDG,SPLDG,cs_I_SPLDG,trained entity,1.0,YUBA,UF9,33.4097986743,0.9998165186678027,9,0,0.0,True,WY1976-85_own,1975-10,1985-09,120,0.7191808919794633,0.7747391959138765,-17.252961480164558,0.8948857607239273,0.8049515441043992,0.8274703851983544,0.0895421938403902,0.22510760560309873,99.2079069776405,119.8930001027882,
I_SPLDG,SPLDG,cs_I_SPLDG,trained entity,1.0,YUBA,UF9,33.4097986743,0.9998165186678027,9,0,0.0,True,train,1949-10,2015-09,672,0.7727926705470513,0.6973802512707109,-9.248383423674088,0.8386793340692223,0.8694413782790953,0.9075161657632592,0.11437273741746631,0.19025672291161122,91.02241310062769,100.29839305845753,1976-1985
I_SRBB_VAL,SRBB_VAL,cdec_BND,trained entity,1.0,,UF6,682.0250291206,0.9996261149967539,80,0,0.0,False,WY1976-85,1975-10,1985-09,0,,,,,,,,,732.9876637659479,,
I_SRBB_VAL,SRBB_VAL,cdec_BND,trained entity,1.0,,UF6,682.0250291206,0.9996261149967539,80,0,0.0,False,WY1976-84,1975-10,1984-09,0,,,,,,,,,771.2936791513923,,
I_SRBB_VAL,SRBB_VAL,cdec_BND,trained entity,1.0,,UF6,682.0250291206,0.9996261149967539,80,0,0.0,False,WY1950-84_mixed,1949-10,1984-09,0,,,,,,,,,677.5599396770453,,
I_SRBB_VAL,SRBB_VAL,cdec_BND,trained entity,1.0,,UF6,682.0250291206,0.9996261149967539,80,0,0.0,False,WY1976-85_own,1975-10,1985-09,0,,,,,,,,,,,
I_SRBB_VAL,SRBB_VAL,cdec_BND,trained entity,1.0,,UF6,682.0250291206,0.9996261149967539,80,0,0.0,False,train,1999-10,2018-12,0,,,,,,,,,651.610352781328,,1976-1985
I_STMPY,STMPY,cdec_FOL,trained entity,1.0,FOLS,UF11,14.8927676082,0.9991958829674927,4,0,0.0,True,WY1976-85,1975-10,1985-09,120,0.6798499850299626,0.8426400536312958,-14.385223688505391,0.9525702462053948,0.717948613753691,0.8561477631149461,0.03995279395735438,0.20522268801542864,22.68192263475632,26.492999937571582,
I_STMPY,STMPY,cdec_FOL,trained entity,1.0,FOLS,UF11,14.8927676082,0.9991958829674927,4,0,0.0,True,WY1976-84,1975-10,1984-09,108,0.6723921676649061,0.8414901637194119,-16.090964079286152,0.9536556985456306,0.7184201977592891,0.8390903592071385,0.04007493976802688,0.1914507627452675,23.644633951155836,28.178888830873703,
I_STMPY,STMPY,cdec_FOL,trained entity,1.0,FOLS,UF11,14.8927676082,0.9991958829674927,4,0,0.0,True,WY1950-84_mixed,1949-10,1984-09,420,0.6253751041074957,0.7088709090607413,-13.773985640564863,0.869264186198111,0.6770763378608209,0.8622601435943513,0.07637219978134974,-0.10997277158508201,21.84129570120904,25.330285602861217,
I_STMPY,STMPY,cdec_FOL,trained entity,1.0,FOLS,UF11,14.8927676082,0.9991958829674927,4,0,0.0,True,WY1976-85_own,1975-10,1985-09,0,,,,,,,,,,,
I_STMPY,STMPY,cdec_FOL,trained entity,1.0,FOLS,UF11,14.8927676082,0.9991958829674927,4,0,0.0,True,train,1987-10,2018-12,375,0.8146615800039527,0.884776559529798,-3.0618006621905502,0.9490552913012036,0.8244508494673729,0.9693819933780945,0.03777607550629302,0.12759612298690381,21.78953575403713,22.477759957253934,1976-1985
I_STS072,STS072,cdec_NML,trained entity,1.0,ST,UF16,291.896053403,1.0007352502833793,36,0,0.0,True,WY1976-85,1975-10,1985-09,120,0.7722773024797962,0.822013832061471,19.903038688788605,0.9265723814610776,1.0827823465289494,1.1990303868878862,0.10463678818160682,-0.28332554905607754,255.71840843650142,213.27099899463354,
I_STS072,STS072,cdec_NML,trained entity,1.0,ST,UF16,291.896053403,1.0007352502833793,36,0,0.0,True,WY1976-84,1975-10,1984-09,108,0.7676940610385911,0.8190082367420989,20.441393468549006,0.925696968942893,1.08160914261812,1.20441393468549,0.10115579834552897,-0.31039677004038335,276.131966818277,229.26666560893256,
I_STS072,STS072,cdec_NML,trained entity,1.0,ST,UF16,291.896053403,1.0007352502833793,36,0,0.0,True,WY1950-84_mixed,1949-10,1984-09,420,0.8956601688803351,0.7932427242113014,1.152610663349501,0.8963414581848513,0.9970241080815039,1.011526106633495,0.07990126702867191,-0.21427425333644035,196.59125482485322,194.35114282827294,
I_STS072,STS072,cdec_NML,trained entity,1.0,ST,UF16,291.896053403,1.0007352502833793,36,0,0.0,True,WY1976-85_own,1975-10,1985-09,0,,,,,,,,,,,
I_STS072,STS072,cdec_NML,trained entity,1.0,ST,UF16,291.896053403,1.0007352502833793,36,0,0.0,True,train,1987-10,2018-12,375,0.8236876014627621,0.9000812137156013,-11.696218093157862,0.9536564968264865,0.8764759544732726,0.8830378190684214,0.05505902342829559,-0.18239263302198427,146.04032633490706,165.38399962186813,1976-1985
I_TGC003,TGC003,cdec_MKM,trained entity,1.0,,UF14,7.8703110319,1.004734320103701,4,0,0.0,True,WY1976-85,1975-10,1985-09,120,0.5758494018105342,0.45297773105442274,-23.182914867844303,0.701371923854703,0.8076975093628043,0.7681708513215569,0.24218362370090957,-0.30284822230036657,8.03122628424861,10.455000043846667,
I_TGC003,TGC003,cdec_MKM,trained entity,1.0,,UF14,7.8703110319,1.004734320103701,4,0,0.0,True,WY1976-84,1975-10,1984-09,108,0.574242542379765,0.4425129626771478,-23.11617978912705,0.6961690105607838,0.8115315257893019,0.7688382021087296,0.24925395264914163,-0.33659647948108073,8.546918054717562,11.116666720352239,
I_TGC003,TGC003,cdec_MKM,trained entity,1.0,,UF14,7.8703110319,1.004734320103701,4,0,0.0,True,WY1950-84_mixed,1949-10,1984-09,420,0.5080707011614809,0.40962017642451887,-23.155925185096645,0.664151104132118,0.7250813446084422,0.7684407481490334,0.24325745692370582,-0.426018719632296,7.474293841316346,9.726571449158447,
I_TGC003,TGC003,cdec_MKM,trained entity,1.0,,UF14,7.8703110319,1.004734320103701,4,0,0.0,True,WY1976-85_own,1975-10,1985-09,0,,,,,,,,,,,
I_TGC003,TGC003,cdec_MKM,trained entity,1.0,,UF14,7.8703110319,1.004734320103701,4,0,0.0,True,train,1988-10,2018-12,363,0.6554393389466113,0.7267126557315169,-21.595873394395376,0.8666472464014471,0.7669744273978574,0.7840412660560462,0.17622307447745814,-0.18575607753804846,6.756491826133939,8.617520682452138,1976-1985
I_THM028,THM028,cs_I_THM028,trained entity,1.0,,,204.127963777,0.9995106529836005,28,0,0.0,True,WY1976-85,1975-10,1985-09,120,0.9130569504748032,0.853030519382367,1.6162835297977443,0.931364961372582,1.0508634258429779,1.0161628352979775,0.08586390099880334,0.08791676423304207,234.89213569013327,231.15599934458731,
I_THM028,THM028,cs_I_THM028,trained entity,1.0,,,204.127963777,0.9995106529836005,28,0,0.0,True,WY1976-84,1975-10,1984-09,108,0.9137600802967849,0.8543886679407623,0.3632163179994519,0.9322182413793298,1.0531955293172282,1.0036321631799945,0.09132075161728204,0.09711789177480057,242.789770931144,241.91111030346815,
I_THM028,THM028,cs_I_THM028,trained entity,1.0,,,204.127963777,0.9995106529836005,28,0,0.0,True,WY1950-84_mixed,1949-10,1984-09,420,0.8239347851872373,0.8067953964590566,-9.103059988814321,0.9007178472017598,0.8866181500996921,0.9089694001118568,0.07126111900069418,-0.02182808200932307,222.97590737235024,245.3062857175512,
I_THM028,THM028,cs_I_THM028,trained entity,1.0,,,204.127963777,0.9995106529836005,28,0,0.0,True,WY1976-85_own,1975-10,1985-09,120,0.9130569504748032,0.853030519382367,1.6162835297977443,0.931364961372582,1.0508634258429779,1.0161628352979775,0.08586390099880334,0.08791676423304207,234.89213569013327,231.15599934458731,
I_THM028,THM028,cs_I_THM028,trained entity,1.0,,,204.127963777,0.9995106529836005,28,0,0.0,True,train,1949-10,2015-09,672,0.8271252472832153,0.8284284194387697,-8.291292379923805,0.9127094871878617,0.8759375416697496,0.917087076200762,0.050368978077986744,-0.06929595695827029,211.09919753946207,230.18446450470947,1976-1985
I_TRNTY,TRNTY,cdec_CLE,trained entity,1.0,TRIN,CLE,692.855878007,0.9995304414855304,71,0,0.0,True,WY1976-85,1975-10,1985-09,120,0.9414221192606725,0.8896662669528066,0.005851314048601597,0.9440165849136403,0.982759874612068,1.000058513140486,0.09339047745582582,-0.41920149312062005,1329.4867866948343,1329.408998799324,
I_TRNTY,TRNTY,cdec_CLE,trained entity,1.0,TRIN,CLE,692.855878007,0.9995304414855304,71,0,0.0,True,WY1976-84,1975-10,1984-09,108,0.9413022561567863,0.8881975341530873,-0.08614122626051177,0.943347858635552,0.9846631822068603,0.9991385877373948,0.09253733749119795,-0.41953509836760094,1382.73786568824,1383.9299999607933,
I_TRNTY,TRNTY,cdec_CLE,trained entity,1.0,TRIN,CLE,692.855878007,0.9995304414855304,71,0,0.0,True,WY1950-84_mixed,1949-10,1984-09,420,0.6896958752721781,0.7390734448603484,22.050099398818823,0.9298059914512216,1.206738391783371,1.2205009939881883,0.06599574912743801,-0.31728339412900297,1727.3021748778187,1415.2402852484158,
I_TRNTY,TRNTY,cdec_CLE,trained entity,1.0,TRIN,CLE,692.855878007,0.9995304414855304,71,0,0.0,True,WY1976-85_own,1975-10,1985-09,0,,,,,,,,,,,
I_TRNTY,TRNTY,cdec_CLE,trained entity,1.0,TRIN,CLE,692.855878007,0.9995304414855304,71,0,0.0,True,train,1986-04,2018-12,393,0.9392173028340758,0.9067232886321261,2.6322934862909757,0.9527090303055271,0.9723376870033631,1.0263229348629097,0.044720996667142715,-0.15964064305519443,1258.891784806759,1226.6039684428513,1976-1985
I_UBEAR,UBEAR,cs_I_UBEAR,trained entity,1.0,,UF14,37.2529927898,1.0025167886228221,10,0,0.0,True,WY1976-85,1975-10,1985-09,120,0.8242135034832868,0.8187079320565653,-4.9201356749209175,0.9325596253033887,1.154699433458685,0.9507986432507908,0.06273472027953628,-0.350176388859869,77.73919857358212,81.76199989914895,
I_UBEAR,UBEAR,cs_I_UBEAR,trained entity,1.0,,UF14,37.2529927898,1.0025167886228221,10,0,0.0,True,WY1976-84,1975-10,1984-09,108,0.8224580079249624,0.8259545404515302,-4.45003463946851,0.9365502007299568,1.1597341575659914,0.9554996536053149,0.06231419684794137,-0.3529073441215589,80.90746379790231,84.67555534177356,
I_UBEAR,UBEAR,cs_I_UBEAR,trained entity,1.0,,UF14,37.2529927898,1.0025167886228221,10,0,0.0,True,WY1950-84_mixed,1949-10,1984-09,420,0.848515299140772,0.8586682366855548,-6.07442839418915,0.9455928909918583,1.1276621049966389,0.9392557160581084,0.08386482620694766,-0.2365438676450271,73.78605046319743,78.55799991600216,
I_UBEAR,UBEAR,cs_I_UBEAR,trained entity,1.0,,UF14,37.2529927898,1.0025167886228221,10,0,0.0,True,WY1976-85_own,1975-10,1985-09,0,,,,,,,,,,,
I_UBEAR,UBEAR,cs_I_UBEAR,trained entity,1.0,,UF14,37.2529927898,1.0025167886228221,10,0,0.0,True,train,1949-10,2015-09,672,0.8648252606863546,0.7745116906787916,-7.610349951823203,0.8927830507832835,1.0313846030761977,0.923896500481768,0.11185283352614969,-0.5159167257673065,67.86069301861808,73.45053583732806,1976-1985
I_UNVLY,UNVLY,cs_I_UNVLY,trained entity,1.0,FOLS,UF11,83.8034998021,1.0011166408654055,14,0,0.0,True,WY1976-85,1975-10,1985-09,120,0.7174581453689561,0.8262135929317657,-18.811962040495573,0.9312166153039269,0.8007269360229603,0.8118803795950443,0.07670173878264372,-0.33228898680102326,145.52306335761972,179.2420004412532,
I_UNVLY,UNVLY,cs_I_UNVLY,trained entity,1.0,FOLS,UF11,83.8034998021,1.0011166408654055,14,0,0.0,True,WY1976-84,1975-10,1984-09,108,0.7207471095039513,0.8248662895615226,-18.28379903465574,0.9298398197789447,0.8009271609491154,0.8171620096534427,0.07811028240721005,-0.3614275684329158,152.80294056809575,186.99222279422813,
I_UNVLY,UNVLY,cs_I_UNVLY,trained entity,1.0,FOLS,UF11,83.8034998021,1.0011166408654055,14,0,0.0,True,WY1950-84_mixed,1949-10,1984-09,420,0.6787815426253005,0.8304727303127131,-19.037348891431705,0.9447241366235928,0.7472475301707918,0.809626511085683,0.07646446494534159,-0.18209635033945037,143.36773745808762,177.07885734353746,
I_UNVLY,UNVLY,cs_I_UNVLY,trained entity,1.0,FOLS,UF11,83.8034998021,1.0011166408654055,14,0,0.0,True,WY1976-85_own,1975-10,1985-09,0,,,,,,,,,,,
I_UNVLY,UNVLY,cs_I_UNVLY,trained entity,1.0,FOLS,UF11,83.8034998021,1.0011166408654055,14,0,0.0,True,train,1949-10,2015-09,672,0.6720682988217643,0.807983236872839,-21.08197534323764,0.9289605752701257,0.7590692374676653,0.7891802465676236,0.10237333854946042,-0.26439495690871784,127.72360884067803,161.8433930603122,1976-1985
I_WBF006,WBF006,cdec_ORO,trained entity,1.0,OROV,UF8,36.2822419915,0.9997877889430837,9,0,0.0,True,WY1976-85,1975-10,1985-09,120,0.8275033392695323,0.8154394573988883,-14.26288958350757,0.9231067497410592,1.0591567756106186,0.8573711041649242,0.1376071193987183,-0.4806490712925413,63.364868793955324,73.90599996447563,
I_WBF006,WBF006,cdec_ORO,trained entity,1.0,OROV,UF8,36.2822419915,0.9997877889430837,9,0,0.0,True,WY1976-84,1975-10,1984-09,108,0.8343911160747963,0.8182382859061428,-13.38329908965169,0.9237078308849169,1.0607827106532772,0.8661670091034832,0.13653969366469393,-0.4536625496663653,66.99898053004794,77.35111107428868,
I_WBF006,WBF006,cdec_ORO,trained entity,1.0,OROV,UF8,36.2822419915,0.9997877889430837,9,0,0.0,True,WY1950-84_mixed,1949-10,1984-09,420,0.7394385189870114,0.644756246502582,-21.031011457755746,0.8463447899149449,1.0072123163944917,0.7896898854224426,0.15933611492639518,-0.5449544010116565,61.85009129438524,78.32200011185238,
I_WBF006,WBF006,cdec_ORO,trained entity,1.0,OROV,UF8,36.2822419915,0.9997877889430837,9,0,0.0,True,WY1976-85_own,1975-10,1985-09,0,,,,,,,,,,,
I_WBF006,WBF006,cdec_ORO,trained entity,1.0,OROV,UF8,36.2822419915,0.9997877889430837,9,0,0.0,True,train,1987-10,2018-12,375,0.8285252263161971,0.72450454952529,-10.927755412387244,0.8706834584438841,1.0271890833714727,0.8907224458761275,0.12705425906700324,-0.4113577218253841,59.2283397902382,66.49472017288208,1976-1985
I_WBF015,WBF015,cdec_ORO,trained entity,1.0,OROV,UF8,63.682345685,0.999720031461249,13,0,0.0,True,WY1976-85,1975-10,1985-09,120,0.8966216589044071,0.895306802896127,-6.562780114661874,0.9547217725693986,1.0658023954357236,0.9343721988533813,0.10242322844416157,-0.35418655058342274,147.49532371287108,157.85500028133393,
I_WBF015,WBF015,cdec_ORO,trained entity,1.0,OROV,UF8,63.682345685,0.999720031461249,13,0,0.0,True,WY1976-84,1975-10,1984-09,108,0.9001737663904169,0.896666263080897,-6.0263750069258215,0.955085067424306,1.0656978399643848,0.9397362499307419,0.10710825685293432,-0.30769247048131376,155.25695871150268,165.21333376566568,
I_WBF015,WBF015,cdec_ORO,trained entity,1.0,OROV,UF8,63.682345685,0.999720031461249,13,0,0.0,True,WY1950-84_mixed,1949-10,1984-09,420,0.8601933197743604,0.8545770719640255,-12.176891028264013,0.933884503324541,0.9813725626118368,0.8782310897173599,0.09955785167187456,-0.3868527789400318,146.9212861692746,167.29228546960013,
I_WBF015,WBF015,cdec_ORO,trained entity,1.0,OROV,UF8,63.682345685,0.999720031461249,13,0,0.0,True,WY1976-85_own,1975-10,1985-09,0,,,,,,,,,,,
I_WBF015,WBF015,cdec_ORO,trained entity,1.0,OROV,UF8,63.682345685,0.999720031461249,13,0,0.0,True,train,1987-10,2018-12,375,0.922709032403572,0.8757624775466644,-3.6779250938570214,0.9409523108707721,1.033683093398437,0.9632207490614297,0.08204648137703965,-0.2876487594757915,136.80447014845424,142.0281594657898,1976-1985
I_WBF030,WBF030,cdec_ORO,trained entity,1.0,OROV,UF8,38.0437790686,1.003720626381906,8,0,0.0,True,WY1976-85,1975-10,1985-09,120,0.875200069588762,0.8838043045090723,-1.2585016250926306,0.9415732632035398,0.890441995162695,0.9874149837490737,0.06408983821544892,0.17104438796567134,101.49046143400076,102.78399974107742,
I_WBF030,WBF030,cdec_ORO,trained entity,1.0,OROV,UF8,38.0437790686,1.003720626381906,8,0,0.0,True,WY1976-84,1975-10,1984-09,108,0.8727470286345864,0.8813161542347275,-1.4029832910191036,0.940307820202799,0.8884951741811257,0.9859701670898088,0.06828840423322208,0.1885772949527711,106.06519269758789,107.57444417476654,
I_WBF030,WBF030,cdec_ORO,trained entity,1.0,OROV,UF8,38.0437790686,1.003720626381906,8,0,0.0,True,WY1950-84_mixed,1949-10,1984-09,420,0.8144252706334058,0.8061042057476507,-6.761417235670752,0.9015083570483287,0.8579940137012435,0.9323858276432924,0.07279739126385504,0.2214859341903086,101.56292305930558,108.92799959863936,
I_WBF030,WBF030,cdec_ORO,trained entity,1.0,OROV,UF8,38.0437790686,1.003720626381906,8,0,0.0,True,WY1976-85_own,1975-10,1985-09,0,,,,,,,,,,,
I_WBF030,WBF030,cdec_ORO,trained entity,1.0,OROV,UF8,38.0437790686,1.003720626381906,8,0,0.0,True,train,1987-10,2018-12,375,0.8523080511171301,0.81771520989904,2.8940368996934858,0.9047341468000414,0.8909138687952247,1.0289403689969348,0.0873847917204978,0.2977215056175675,95.16134416717097,92.4847999305725,1976-1985
I_WBR001,WBR001,cs_I_WBR001,trained entity,1.0,FOLS,UF11,98.9278850295,1.00061431747726,20,0,0.0,True,WY1976-85,1975-10,1985-09,120,0.5954342291761593,0.6710911003612,-24.39772594144249,0.8365183521486003,0.7217513510783821,0.7560227405855752,0.13398736853594942,0.22102382118580355,52.0748460479859,68.87999957203864,
I_WBR001,WBR001,cs_I_WBR001,trained entity,1.0,FOLS,UF11,98.9278850295,1.00061431747726,20,0,0.0,True,WY1976-84,1975-10,1984-09,108,0.5979266295285179,0.6681426333072333,-23.700357697860557,0.8345053006137322,0.7205294215544457,0.7629964230213945,0.13950378235990407,0.2760269205089738,56.176882957197975,73.6266662099709,
I_WBR001,WBR001,cs_I_WBR001,trained entity,1.0,FOLS,UF11,98.9278850295,1.00061431747726,20,0,0.0,True,WY1950-84_mixed,1949-10,1984-09,420,0.5497404268021671,0.6995105523533374,-30.881472152822134,0.8698109384000541,0.6993042081048235,0.6911852784717787,0.07075796395575057,0.05990263827103437,46.651649059747704,67.4951427826924,
I_WBR001,WBR001,cs_I_WBR001,trained entity,1.0,FOLS,UF11,98.9278850295,1.00061431747726,20,0,0.0,True,WY1976-85_own,1975-10,1985-09,0,,,,,,,,,,,
I_WBR001,WBR001,cs_I_WBR001,trained entity,1.0,FOLS,UF11,98.9278850295,1.00061431747726,20,0,0.0,True,train,1949-10,2015-09,672,0.6169566094520413,0.7366724297263489,-26.733250774570383,0.8770036246802788,0.7547909850697175,0.7326674922542962,0.04888929825941584,0.005466849125011386,42.57897138862856,58.115000104099245,1976-1985
I_WKYTN,WKYTN,cdec_BND,trained entity,1.0,SRBB,UF6,199.855505833,0.9984438577316721,27,0,0.0,True,WY1976-85,1975-10,1985-09,120,0.9340940771162108,0.9506091130494243,-5.714161742427723,0.9757778751118152,0.9778253546769586,0.9428583825757227,0.06984980536541732,-0.31373698459048693,318.1751049817042,337.4580009698868,
I_WKYTN,WKYTN,cdec_BND,trained entity,1.0,SRBB,UF6,199.855505833,0.9984438577316721,27,0,0.0,True,WY1976-84,1975-10,1984-09,108,0.9224204119802482,0.9516800684706123,-7.10459069349454,0.9768011905765379,0.9791940675181477,0.9289540930650546,0.07151052847707967,-0.3218209574876427,332.6419468740678,358.0822231769562,
I_WKYTN,WKYTN,cdec_BND,trained entity,1.0,SRBB,UF6,199.855505833,0.9984438577316721,27,0,0.0,True,WY1950-84_mixed,1949-10,1984-09,420,0.9485870174134472,0.9117570840919667,2.680326874854205,0.9561631438686049,1.0017915377065476,1.026803268748542,0.06387429506271378,-0.1098341769132567,332.5578163595544,323.87685789593627,
I_WKYTN,WKYTN,cdec_BND,trained entity,1.0,SRBB,UF6,199.855505833,0.9984438577316721,27,0,0.0,True,WY1976-85_own,1975-10,1985-09,0,,,,,,,,,,,
I_WKYTN,WKYTN,cdec_BND,trained entity,1.0,SRBB,UF6,199.855505833,0.9984438577316721,27,0,0.0,True,train,1999-10,2018-12,231,0.6593425242932305,0.657555106809127,24.28171251692668,0.8897472575543499,1.211970970330029,1.2428171251692668,0.041442943135058675,0.0032303855263702275,322.90003017680993,259.81298747620025,1976-1985
I_WLF013,WLF013,uf_10,trained entity,1.0,,UF10,15.7482511574,1.0044604524339358,5,0,0.0,True,WY1976-85,1975-10,1985-09,120,0.4347301239910395,0.671373705573796,35.24078565977712,0.9725403840490012,1.4411175634943296,1.3524078565977713,0.08590705432354155,-0.11619025777156278,26.087947379754624,19.289999871328472,
I_WLF013,WLF013,uf_10,trained entity,1.0,,UF10,15.7482511574,1.0044604524339358,5,0,0.0,True,WY1976-84,1975-10,1984-09,108,0.4416579111143809,0.6764506119341589,34.20601236425479,0.9735236314070531,1.4404994460166003,1.342060123642548,0.08415593945269984,-0.09726159971273063,27.354167479215924,20.38222207584315,
I_WLF013,WLF013,uf_10,trained entity,1.0,,UF10,15.7482511574,1.0044604524339358,5,0,0.0,True,WY1950-84_mixed,1949-10,1984-09,420,0.4287367934686884,0.648426346878414,35.69364039947321,0.9669337889735268,1.4447973474832085,1.356936403994732,0.07329054042008622,-0.19617141157554485,28.032367540192645,20.65857136536922,
I_WLF013,WLF013,uf_10,trained entity,1.0,,UF10,15.7482511574,1.0044604524339358,5,0,0.0,True,WY1976-85_own,1975-10,1985-09,0,,,,,,,,,,,
I_WLF013,WLF013,uf_10,trained entity,1.0,,UF10,15.7482511574,1.0044604524339358,5,0,0.0,True,train,1984-10,2014-09,348,0.3283125890883448,0.5214716983102422,44.36279100654143,0.9477849668188004,1.501629191433355,1.4436279100654144,0.06783913974464202,-0.06531976358179659,25.83197915915123,17.89379311597039,1976-1985
I_AMADR,AMADR,,extrapolated,0.3268234902096122,,,60.1788933909,1.0018059322051693,11,0,0.0,True,WY1976-85,1975-10,1985-09,120,0.5215847452201251,0.7511464763836166,-40.96412514519929,0.9201340809312228,0.7661268803683561,0.5903587485480071,0.17696764456897804,-0.8921162458887686,22.16974202799269,37.55299990475177,
I_AMADR,AMADR,,extrapolated,0.3268234902096122,,,60.1788933909,1.0018059322051693,11,0,0.0,True,WY1976-84,1975-10,1984-09,108,0.5292274642734082,0.7521123383621531,-40.21339465457639,0.9207629379511452,0.768404323382668,0.5978660534542362,0.1726505049977301,-0.847332116099051,23.949185448744693,40.05777767507566,
I_AMADR,AMADR,,extrapolated,0.3268234902096122,,,60.1788933909,1.0018059322051693,11,0,0.0,True,WY1950-84_mixed,1949-10,1984-09,420,0.46841648992799156,0.6425433099816685,-46.05151773664743,0.8692845520786013,0.7688717428129784,0.5394848226335257,0.22055494977705636,-1.036612885493387,18.30703213918363,33.93428576881332,
I_AMADR,AMADR,,extrapolated,0.3268234902096122,,,60.1788933909,1.0018059322051693,11,0,0.0,True,WY1976-85_own,1975-10,1985-09,0,,,,,,,,,,,
I_AMADR,AMADR,,extrapolated,0.3268234902096122,,,60.1788933909,1.0018059322051693,11,0,0.0,True,train,1984-10,2014-09,348,0.5978326635906059,0.702906833751345,-34.36955759507567,0.8595040925126839,0.8454916910783761,0.6563044240492434,0.2341009279992866,-0.9430543165385501,18.367924007743433,27.98689652953682,1976-1985
I_BANOS,BANOS,,extrapolated,0.0,,,149.594871012,1.000058767692371,19,0,0.0,True,WY1976-85,1975-10,1985-09,120,-0.14430923925934835,0.2212441495807863,-82.96701896170237,0.8943424183504037,0.21902145550910326,0.17032981038297643,0.15834033822778762,0.2940325010937279,2.620524127945061,15.384999971836805,
I_BANOS,BANOS,,extrapolated,0.0,,,149.594871012,1.000058767692371,19,0,0.0,True,WY1976-84,1975-10,1984-09,108,-0.14234108092758113,0.2152050164670386,-82.74311096028019,0.8945369348074507,0.2195011557238137,0.17256889039719808,0.16851857823078184,0.512890284589786,2.8636848600999287,16.594444418739943,
I_BANOS,BANOS,,extrapolated,0.0,,,149.594871012,1.000058767692371,19,0,0.0,True,WY1950-84_mixed,1949-10,1984-09,420,-0.017793478838314503,0.3475633638194515,-71.88071418136606,0.8530528315220025,0.29457361254360975,0.2811928581863392,0.05509280190800142,0.02750149600117524,3.006192674678653,10.690857136515634,
I_BANOS,BANOS,,extrapolated,0.0,,,149.594871012,1.000058767692371,19,0,0.0,True,WY1976-85_own,1975-10,1985-09,0,,,,,,,,,,,
I_BANOS,BANOS,,extrapolated,0.0,,,149.594871012,1.000058767692371,19,0,0.0,True,train,1984-10,2014-09,348,-0.002016499804758487,0.4720438054039179,-75.77486776362004,0.9094003532556842,0.35065747757337357,0.24225132236379948,0.08665015823928186,-0.3665967053763266,2.3825000094894233,9.834827675002401,1976-1985
I_BUR005,BUR005,,extrapolated,0.5925711568258843,,,72.1427575124,1.0000367412363345,12,0,0.0,True,WY1976-85,1975-10,1985-09,120,0.6914204457377432,0.8923034549715766,-19.017038527597503,0.9718317312356851,0.7586224647828601,0.8098296147240249,0.05452780916340671,-0.4740448548301295,15.763333504031568,19.46500006597489,
I_BUR005,BUR005,,extrapolated,0.5925711568258843,,,72.1427575124,1.0000367412363345,12,0,0.0,True,WY1976-84,1975-10,1984-09,108,0.6893794750164612,0.8907988770348797,-19.317041349266365,0.9715358411045173,0.7584216616695625,0.8068295865073364,0.050800228118048955,-0.40800790890064764,17.284082754798433,21.42222229308552,
I_BUR005,BUR005,,extrapolated,0.5925711568258843,,,72.1427575124,1.0000367412363345,12,0,0.0,True,WY1950-84_mixed,1949-10,1984-09,420,0.7242581310858329,0.8738119937880457,-12.286590322965692,0.9570967381542311,0.7569015462434373,0.877134096770343,0.05924730722878979,-0.2033605567196819,13.906585270907303,15.85457152117576,
I_BUR005,BUR005,,extrapolated,0.5925711568258843,,,72.1427575124,1.0000367412363345,12,0,0.0,True,WY1976-85_own,1975-10,1985-09,0,,,,,,,,,,,
I_BUR005,BUR005,,extrapolated,0.5925711568258843,,,72.1427575124,1.0000367412363345,12,0,0.0,True,train,1984-10,2014-09,348,0.4423923932065551,0.7263718109498061,-33.31259365114055,0.9413685110151085,0.5566990840560707,0.6668740634885945,0.03748079015969073,-0.24633609483145413,11.188766980888794,16.777930937000903,1976-1985
I_CAP000,CAP000,,extrapolated,0.0,,,47.3677845143,0.999428184722616,9,0,0.0,True,WY1976-85,1975-10,1985-09,120,-0.5358425716536119,-0.12106901631403111,-99.60207989503903,0.3834758497075065,0.006695945307819722,0.003979201049609811,0.2827337807811945,-0.6082459650735412,0.013600909297884153,3.4180000277236107,
I_CAP000,CAP000,,extrapolated,0.0,,,47.3677845143,0.999428184722616,9,0,0.0,True,WY1976-84,1975-10,1984-09,108,-0.5376258224178276,-0.13628663593843537,-99.60235068884992,0.3790037771967427,0.006725599466228401,0.003976493111500693,0.28331882043674733,-0.36399977116813087,0.01506207236378651,3.7877778085983462,
I_CAP000,CAP000,,extrapolated,0.0,,,47.3677845143,0.999428184722616,9,0,0.0,True,WY1950-84_mixed,1949-10,1984-09,420,-0.4909077332381768,-0.09654742010666562,-99.39843443991927,0.49493516579805646,0.01019673400656564,0.006015655600807382,0.30031578856317726,-0.811861878936277,0.014611168148584236,2.4288571550909963,
I_CAP000,CAP000,,extrapolated,0.0,,,47.3677845143,0.999428184722616,9,0,0.0,True,WY1976-85_own,1975-10,1985-09,0,,,,,,,,,,,
I_CAP000,CAP000,,extrapolated,0.0,,,47.3677845143,0.999428184722616,9,0,0.0,True,train,1984-10,2014-09,348,-0.42194118927464164,-0.03138807029324342,-98.93736721368461,0.6935433123613871,0.025761435150607234,0.010626327863154065,0.27040819088628504,-0.7697451868527754,0.02442589721786376,2.298620702506139,1976-1985
I_CHC000,CHC000,,extrapolated,0.06315806778580171,,,186.861894178,0.9996254906584441,27,0,0.0,True,WY1976-85,1975-10,1985-09,120,0.41113744114290984,0.6099547697301575,-36.65459396772239,0.8352353015378658,0.569586499432763,0.6334540603227761,0.15872650263063862,-0.7444751375972709,11.982417096517331,18.9160001443699,
I_CHC000,CHC000,,extrapolated,0.06315806778580171,,,186.861894178,0.9996254906584441,27,0,0.0,True,WY1976-84,1975-10,1984-09,108,0.40151947051075343,0.6054684088595899,-38.218578795562195,0.8342345377066014,0.570308506980735,0.617814212044378,0.1542021916850896,-0.56477875715363,12.951445364373694,20.96333349392646,
I_CHC000,CHC000,,extrapolated,0.06315806778580171,,,186.861894178,0.9996254906584441,27,0,0.0,True,WY1950-84_mixed,1949-10,1984-09,420,0.47475797762173233,0.6353803953087536,-27.51642823293546,0.8445759929660844,0.580467906067122,0.7248357176706454,0.18908287373182833,-0.35266128850465517,9.750697223683698,13.452285788314683,
I_CHC000,CHC000,,extrapolated,0.06315806778580171,,,186.861894178,0.9996254906584441,27,0,0.0,True,WY1976-85_own,1975-10,1985-09,0,,,,,,,,,,,
I_CHC000,CHC000,,extrapolated,0.06315806778580171,,,186.861894178,0.9996254906584441,27,0,0.0,True,train,1984-10,2014-09,348,0.7449340842801679,0.8653584761220875,6.741059892168997,0.9497187208329827,0.7591967079121551,1.06741059892169,0.10587990219452209,-0.19010660941124513,13.578935113492989,12.721379314774069,1976-1985
I_CHW031,CHW031,,extrapolated,0.5957539318696702,,,30.3683615088,1.002589476318054,8,0,0.0,True,WY1976-85,1975-10,1985-09,120,0.785491072717156,0.8396874436337557,-19.26742938317923,0.9219214565351752,0.9471375612474406,0.8073257061682078,0.16974091670864125,-0.7027980724053942,6.10499698847406,7.5619999980553985,
I_CHW031,CHW031,,extrapolated,0.5957539318696702,,,30.3683615088,1.002589476318054,8,0,0.0,True,WY1976-84,1975-10,1984-09,108,0.7933468707924601,0.8380131591493534,-18.38277670316951,0.9210197958628286,0.9482796439120948,0.8161722329683049,0.16741295178073762,-0.6165593610557556,6.71800433452796,8.231111110084587,
I_CHW031,CHW031,,extrapolated,0.5957539318696702,,,30.3683615088,1.002589476318054,8,0,0.0,True,WY1950-84_mixed,1949-10,1984-09,420,0.6475619699552386,0.789740526656222,-30.854694057661945,0.9016480116379294,0.8609380107007405,0.6914530594233806,0.20779978604862542,-0.7962224556396338,3.9699283359259843,5.741428549374852,
I_CHW031,CHW031,,extrapolated,0.5957539318696702,,,30.3683615088,1.002589476318054,8,0,0.0,True,WY1976-85_own,1975-10,1985-09,0,,,,,,,,,,,
I_CHW031,CHW031,,extrapolated,0.5957539318696702,,,30.3683615088,1.002589476318054,8,0,0.0,True,train,1984-10,2014-09,348,0.6748869530723297,0.8446462884848951,-27.662517452534786,0.9293311718160627,0.8444914059464123,0.7233748254746521,0.1637504325341656,-0.8802583571359639,3.293600421720483,4.553103461347777,1976-1985
I_CLV026,CLV026,,extrapolated,0.440493288181348,,,104.439795204,1.0010778728635503,20,0,0.0,True,WY1976-85,1975-10,1985-09,120,0.733393098144844,0.8922878888991319,-23.15681730386633,0.9558133162951902,0.8754891236256384,0.7684318269613367,0.06827919374610415,-0.3971488578242983,23.64695248372846,30.772999834269285,
I_CLV026,CLV026,,extrapolated,0.440493288181348,,,104.439795204,1.0010778728635503,20,0,0.0,True,WY1976-84,1975-10,1984-09,108,0.7458422668749045,0.8954257970118367,-21.783100893871772,0.9568528333349026,0.8763710112441185,0.7821689910612822,0.06395593735721766,-0.3520896359172756,25.65774999307132,32.80333314960202,
I_CLV026,CLV026,,extrapolated,0.440493288181348,,,104.439795204,1.0010778728635503,20,0,0.0,True,WY1950-84_mixed,1949-10,1984-09,420,0.6726034167465524,0.8357508016750689,-25.665689225916296,0.9301316747875451,0.8091226060689567,0.7433431077408371,0.07993374207316786,-0.17935389466987317,19.31842541371128,25.9885713777904,
I_CLV026,CLV026,,extrapolated,0.440493288181348,,,104.439795204,1.0010778728635503,20,0,0.0,True,WY1976-85_own,1975-10,1985-09,0,,,,,,,,,,,
I_CLV026,CLV026,,extrapolated,0.440493288181348,,,104.439795204,1.0010778728635503,20,0,0.0,True,train,1984-10,2014-09,348,0.6723818342691487,0.8352419675268749,-25.40952915197572,0.9276694026081053,0.8062539548138625,0.7459047084802428,0.08196637367350704,-0.24181470458595644,17.58714692768175,23.578275787419287,1976-1985
I_CMCHE,CMCHE,,extrapolated,0.0,,,42.4021599839,1.0002300084961278,7,0,0.0,True,WY1976-85,1975-10,1985-09,120,0.8377832363980497,0.7804321966683432,-9.885652837996066,0.9036605220147902,1.0852078058143166,0.9011434716200392,0.19495566475791565,-0.961394338597894,12.980070584269498,14.40400002114475,
I_CMCHE,CMCHE,,extrapolated,0.0,,,42.4021599839,1.0002300084961278,7,0,0.0,True,WY1976-84,1975-10,1984-09,108,0.8436164640456634,0.7813375708319306,-8.772041212843336,0.9041160528906084,1.086989702265972,0.9122795878715666,0.1891797550858871,-0.894952975715742,14.033901018648734,15.383333360983265,
I_CMCHE,CMCHE,,extrapolated,0.0,,,42.4021599839,1.0002300084961278,7,0,0.0,True,WY1950-84_mixed,1949-10,1984-09,420,0.8115294093385053,0.7570075231886622,-12.970293190963236,0.8939962956731682,1.0863801346799575,0.8702970680903677,0.20734996385198848,-0.7651174013525663,10.871750993822623,12.492000022104808,
I_CMCHE,CMCHE,,extrapolated,0.0,,,42.4021599839,1.0002300084961278,7,0,0.0,True,WY1976-85_own,1975-10,1985-09,0,,,,,,,,,,,
I_CMCHE,CMCHE,,extrapolated,0.0,,,42.4021599839,1.0002300084961278,7,0,0.0,True,train,1984-10,2014-09,348,0.8080871553062812,0.7228967274241143,2.1374457846680395,0.8907927161405341,1.1563567768350127,1.0213744578466804,0.2110168884519782,-0.759675745341668,10.623350944748736,10.401034471867927,1976-1985
I_DCT050,DCT050,,extrapolated,0.44251182665354116,,,65.4620551779,1.0008270945312066,13,0,0.0,True,WY1976-85,1975-10,1985-09,120,0.5582119090556502,0.7462953889541133,-33.065829818071485,0.8965166555340834,0.725895996813919,0.6693417018192852,0.16087628688442884,-0.6454063509311982,14.141851443826926,21.1279999518767,
I_DCT050,DCT050,,extrapolated,0.44251182665354116,,,65.4620551779,1.0008270945312066,13,0,0.0,True,WY1976-84,1975-10,1984-09,108,0.5627595846216512,0.7426017309923635,-32.398479616417745,0.8948500865908725,0.7258530897406641,0.6760152038358226,0.15916279946120987,-0.5876820109611893,15.54759851896344,22.998888827860355,
I_DCT050,DCT050,,extrapolated,0.44251182665354116,,,65.4620551779,1.0008270945312066,13,0,0.0,True,WY1950-84_mixed,1949-10,1984-09,420,0.6208005467761071,0.7646175399650896,-29.247317502762616,0.8919841474979933,0.7841661684933903,0.7075268249723738,0.1713659421666077,-0.5835938901154698,11.347517335876098,16.038285666863835,
I_DCT050,DCT050,,extrapolated,0.44251182665354116,,,65.4620551779,1.0008270945312066,13,0,0.0,True,WY1976-85_own,1975-10,1985-09,0,,,,,,,,,,,
I_DCT050,DCT050,,extrapolated,0.44251182665354116,,,65.4620551779,1.0008270945312066,13,0,0.0,True,train,1984-10,2014-09,348,0.8183176887961032,0.7755525331742092,8.599397057685454,0.9089936428296269,1.1316485555689662,1.0859939705768544,0.14128773165422004,-0.7313006045566697,13.808975017703085,12.715517205282532,1976-1985
I_DED044,DED044,,extrapolated,0.7328452674894084,,,42.6065177606,1.000305378280797,11,0,0.0,True,WY1976-85,1975-10,1985-09,120,0.8608644875635846,0.8073763197106796,-9.29571424026941,0.9109132900277491,1.0527372601069607,0.907042857597306,0.18982090734695953,-0.8487241941090433,10.249584321598439,11.30000003390014,
I_DED044,DED044,,extrapolated,0.7328452674894084,,,42.6065177606,1.000305378280797,11,0,0.0,True,WY1976-84,1975-10,1984-09,108,0.8665673166718795,0.8050075729630268,-8.237820970457436,0.9097468287820836,1.0535954907722758,0.9176217902954256,0.1874137383871372,-0.7613004449699572,11.280630575327056,12.293333369617661,
I_DED044,DED044,,extrapolated,0.7328452674894084,,,42.6065177606,1.000305378280797,11,0,0.0,True,WY1950-84_mixed,1949-10,1984-09,420,0.7867281153671625,0.7999596592244328,-18.86390015322737,0.9023474312950419,0.980915983099132,0.8113609984677262,0.21657869989051687,-0.8330997977800747,6.91279571133205,8.520000005406994,
I_DED044,DED044,,extrapolated,0.7328452674894084,,,42.6065177606,1.000305378280797,11,0,0.0,True,WY1976-85_own,1975-10,1985-09,0,,,,,,,,,,,
I_DED044,DED044,,extrapolated,0.7328452674894084,,,42.6065177606,1.000305378280797,11,0,0.0,True,train,1984-10,2014-09,348,0.6814392165554168,0.8171653121024658,-26.17709547223157,0.9127492481529768,0.8408012364535357,0.7382290452776843,0.18040524594605084,-0.9101795626680724,5.009520497872824,6.785862097837802,1976-1985
I_DER001,DER001,,extrapolated,0.8515672506711054,YUBA,UF9,28.5369717379,0.996532817337608,7,0,0.0,True,WY1976-85,1975-10,1985-09,120,0.5630515835453618,0.8068962655045472,-38.42633677076667,0.9564542799754948,0.796605424979608,0.6157366322923333,0.11657824856630092,-0.47567035587060413,21.55078221579032,35.000000138953325,
I_DER001,DER001,,extrapolated,0.8515672506711054,YUBA,UF9,28.5369717379,0.996532817337608,7,0,0.0,True,WY1976-84,1975-10,1984-09,108,0.5786336296935597,0.8169363177876617,-36.65496501219034,0.9578179554605389,0.7965014812358446,0.6334503498780967,0.10684203003568185,-0.44553871981716053,23.06955799900301,36.41888903122809,
I_DER001,DER001,,extrapolated,0.8515672506711054,YUBA,UF9,28.5369717379,0.996532817337608,7,0,0.0,True,WY1950-84_mixed,1949-10,1984-09,420,0.5960659454344928,0.7869407035720378,-34.4644904183294,0.9307677252597442,0.801028890055596,0.6553550958167061,0.09980804074081517,-0.15357212939897558,21.537028153540813,32.86314288393727,
I_DER001,DER001,,extrapolated,0.8515672506711054,YUBA,UF9,28.5369717379,0.996532817337608,7,0,0.0,True,WY1976-85_own,1975-10,1985-09,120,0.5630515835453618,0.8068962655045472,-38.42633677076667,0.9564542799754948,0.796605424979608,0.6157366322923333,0.11657824856630092,-0.47567035587060413,21.55078221579032,35.000000138953325,
I_DER001,DER001,,extrapolated,0.8515672506711054,YUBA,UF9,28.5369717379,0.996532817337608,7,0,0.0,True,train,1984-10,2014-09,348,0.5282598000451312,0.8006818640673575,-42.792824009234856,0.9584351936301183,0.8058644688462229,0.5720717599076515,0.1424162949973977,-0.4221494721510046,17.437141696877696,30.480689519952087,1976-1985
I_DER004,DER004,,extrapolated,1.0,YUBA,UF9,35.6402921871,1.0026053289231098,11,0,0.0,True,WY1976-85,1975-10,1985-09,120,0.7336794000353859,0.8607649918527491,2.9118438718887294,0.9725167967364334,1.2632934713023851,1.0291184387188872,0.11576485955243487,-0.34068547361072987,41.16473727234104,39.999999731406575,
I_DER004,DER004,,extrapolated,1.0,YUBA,UF9,35.6402921871,1.0026053289231098,11,0,0.0,True,WY1976-84,1975-10,1984-09,108,0.7314038287896614,0.8622925757121899,5.073027461268005,0.9732953387853513,1.262406561457572,1.0507302746126799,0.10667858662605037,-0.3037627943186063,43.73256121517936,41.62111083293955,
I_DER004,DER004,,extrapolated,1.0,YUBA,UF9,35.6402921871,1.0026053289231098,11,0,0.0,True,WY1950-84_mixed,1949-10,1984-09,420,0.6781016970336594,0.8197225323900806,13.434440251971616,0.9665581283379558,1.2906058158123643,1.1343444025197162,0.08520937740613091,-0.07693988201582158,42.603706931570976,37.55799987811063,
I_DER004,DER004,,extrapolated,1.0,YUBA,UF9,35.6402921871,1.0026053289231098,11,0,0.0,True,WY1976-85_own,1975-10,1985-09,0,,,,,,,,,,,
I_DER004,DER004,,extrapolated,1.0,YUBA,UF9,35.6402921871,1.0026053289231098,11,0,0.0,True,train,1984-10,2014-09,348,0.5640402898926127,0.7463227687266412,11.125938902564325,0.9752928434683727,1.4207989705389967,1.1112593890256433,0.14233672204533404,-0.3216933179100776,38.710912442087334,34.83517243982903,1976-1985
I_DHC021,DHC021,,extrapolated,0.4331565294635779,,,96.7029423067,1.0006011761830365,14,0,0.0,True,WY1976-85,1975-10,1985-09,120,0.6564744682191352,0.8360620843377766,22.82171318856465,0.9677882635225279,1.254733460174201,1.2282171318856465,0.08371740111162697,-0.594600108713081,74.07009047635074,60.306999921612444,
I_DHC021,DHC021,,extrapolated,0.4331565294635779,,,96.7029423067,1.0006011761830365,14,0,0.0,True,WY1976-84,1975-10,1984-09,108,0.6623101146921053,0.8366233378650505,21.78128562254866,0.9680378887032033,1.2560672601946719,1.2178128562254866,0.08150537988983622,-0.6246335224084483,78.63011664488944,64.56666658011575,
I_DHC021,DHC021,,extrapolated,0.4331565294635779,,,96.7029423067,1.0006011761830365,14,0,0.0,True,WY1950-84_mixed,1949-10,1984-09,420,0.6465666544667966,0.8121303394388071,25.54656052961882,0.9563354700706547,1.2403036892590171,1.2554656052961881,0.09374332373054901,-0.31546714938227804,76.17304422783644,60.67314302080444,
I_DHC021,DHC021,,extrapolated,0.4331565294635779,,,96.7029423067,1.0006011761830365,14,0,0.0,True,WY1976-85_own,1975-10,1985-09,0,,,,,,,,,,,
I_DHC021,DHC021,,extrapolated,0.4331565294635779,,,96.7029423067,1.0006011761830365,14,0,0.0,True,train,1984-10,2014-09,348,0.5566027892426628,0.5905350639232987,26.63694130541322,0.898156704000921,1.339523733127196,1.2663694130541323,0.11558028278468882,-0.20738052959316455,65.5726084068595,51.78000015707622,1976-1985
I_DPC008,DPC008,,extrapolated,1.0,,,72.7753538063,1.0008493121616533,10,0,0.0,True,WY1976-85,1975-10,1985-09,120,0.03420105384371286,0.4748072755113385,-72.27663673673057,0.9274679540990484,0.36351316987962257,0.2772336326326944,0.14882816973597865,-0.12888518842392216,1.9647547536189636,7.086999996937811,
I_DPC008,DPC008,,extrapolated,1.0,,,72.7753538063,1.0008493121616533,10,0,0.0,True,WY1976-84,1975-10,1984-09,108,0.034131356152941716,0.46919106529739285,-72.36592461362501,0.9273313525532627,0.36443820101682356,0.27634075386374995,0.14835394118488826,0.009389531363013681,2.147781747147536,7.772222218828069,
I_DPC008,DPC008,,extrapolated,1.0,,,72.7753538063,1.0008493121616533,10,0,0.0,True,WY1950-84_mixed,1949-10,1984-09,420,0.06544165752373288,0.47217412712785245,-68.59418452038905,0.8878554583753716,0.37525470608089273,0.3140581547961095,0.1284493239391885,-0.3747145457146406,1.4718559807536629,4.6865714463272266,
I_DPC008,DPC008,,extrapolated,1.0,,,72.7753538063,1.0008493121616533,10,0,0.0,True,WY1976-85_own,1975-10,1985-09,120,0.03420105384371286,0.4748072755113385,-72.27663673673057,0.9274679540990484,0.36351316987962257,0.2772336326326944,0.14882816973597865,-0.12888518842392216,1.9647547536189636,7.086999996937811,
I_DPC008,DPC008,,extrapolated,1.0,,,72.7753538063,1.0008493121616533,10,0,0.0,True,train,1984-10,2014-09,348,0.7800763733656462,0.871312862957772,-17.195487167337564,0.9365856996910292,0.8784411657832999,0.8280451283266242,0.06603904179593663,-0.42349800198245546,4.026298032326367,4.862413767789459,1976-1985
I_DSC035,DSC035,,extrapolated,0.4970891955577066,,,158.898955941,1.000687098463983,25,0,0.0,True,WY1976-85,1975-10,1985-09,120,0.7936294392958871,0.9367449047194322,-15.43558381792685,0.9780330098171203,0.8647944716825133,0.8456441618207315,0.03272891552047755,-0.2035417666060857,71.78588775673617,84.8890005959198,
I_DSC035,DSC035,,extrapolated,0.4970891955577066,,,158.898955941,1.000687098463983,25,0,0.0,True,WY1976-84,1975-10,1984-09,108,0.7944179063943994,0.9366860365408788,-15.348704445463088,0.9781606429909654,0.8649860493086879,0.8465129555453691,0.030223077500870534,-0.16773925669691536,77.21797178910221,91.21888954357969,
I_DSC035,DSC035,,extrapolated,0.4970891955577066,,,158.898955941,1.000687098463983,25,0,0.0,True,WY1950-84_mixed,1949-10,1984-09,420,0.7830085916248497,0.9146195355017366,-17.516908066881918,0.9655850310499577,0.8766441148609456,0.8248309193311808,0.06914721729273658,-0.2858561122507739,62.36216657823454,75.60600011066667,
I_DSC035,DSC035,,extrapolated,0.4970891955577066,,,158.898955941,1.000687098463983,25,0,0.0,True,WY1976-85_own,1975-10,1985-09,0,,,,,,,,,,,
I_DSC035,DSC035,,extrapolated,0.4970891955577066,,,158.898955941,1.000687098463983,25,0,0.0,True,train,1984-10,2014-09,348,0.8828889486731698,0.8718691645746686,-6.013846414047528,0.9341639416189201,0.9240791406098213,0.9398615358595248,0.09447798242038472,-0.34951175877982177,56.90894007371028,60.550344814000454,1976-1985
I_GRZ012,GRZ012,,extrapolated,0.737821340139098,,,54.2953535256,1.0017124734254519,11,0,0.0,True,WY1976-85,1975-10,1985-09,120,0.23617639293938797,0.5701971915250129,-52.78899144056713,0.8890611948399928,0.45921231293461634,0.47211008559432865,0.10792834250169789,-0.49236696548212056,3.1253687998396016,6.620000070333481,
I_GRZ012,GRZ012,,extrapolated,0.737821340139098,,,54.2953535256,1.0017124734254519,11,0,0.0,True,WY1976-84,1975-10,1984-09,108,0.23282849985570298,0.5644424788076632,-53.2912431343389,0.8878527717134833,0.4596487713153778,0.46708756865661105,0.11011406315554456,-0.3077780131705561,3.426346845707512,7.335555633736981,
I_GRZ012,GRZ012,,extrapolated,0.737821340139098,,,54.2953535256,1.0017124734254519,11,0,0.0,True,WY1950-84_mixed,1949-10,1984-09,420,0.6564936884201469,0.47512832405300376,18.93508257871316,0.8019971499596397,1.2072141941200483,1.1893508257871317,0.05939401963959593,-0.21104842702053261,5.598104442006102,4.706857153187904,
I_GRZ012,GRZ012,,extrapolated,0.737821340139098,,,54.2953535256,1.0017124734254519,11,0,0.0,True,WY1976-85_own,1975-10,1985-09,0,,,,,,,,,,,
I_GRZ012,GRZ012,,extrapolated,0.737821340139098,,,54.2953535256,1.0017124734254519,11,0,0.0,True,train,1984-10,2014-09,348,0.7443404203780175,0.8319649806069304,-21.090034067992235,0.914287269396328,0.8836548464007037,0.7890996593200778,0.0492959836132803,-0.22764717584575767,3.5120376665695376,4.450689624673847,1976-1985
I_ING008,ING008,,extrapolated,0.28274520237698375,,,62.2512305176,0.9990588834253856,12,0,0.0,True,WY1976-85,1975-10,1985-09,120,-0.24708980883083442,0.11316499431573945,-88.31391828868492,0.6685529243919355,0.18425432210122164,0.11686081711315086,0.2421264883415508,-0.45048717957386586,0.7757221074240955,6.638000029325485,
I_ING008,ING008,,extrapolated,0.28274520237698375,,,62.2512305176,0.9990588834253856,12,0,0.0,True,WY1976-84,1975-10,1984-09,108,-0.24784035219341116,0.1011339878478208,-88.43477720350273,0.6668960040479649,0.1850912379047293,0.11565222796497258,0.24030595565563898,-0.2616530677619284,0.8506863916923588,7.355555588172542,
I_ING008,ING008,,extrapolated,0.28274520237698375,,,62.2512305176,0.9990588834253856,12,0,0.0,True,WY1950-84_mixed,1949-10,1984-09,420,-0.28115661448614215,0.08957561234676004,-90.0354897931924,0.6871946149584983,0.14391815829289645,0.09964510206807603,0.16111674910816148,-0.4329565503979156,0.47038182430333597,4.720571453496814,
I_ING008,ING008,,extrapolated,0.28274520237698375,,,62.2512305176,0.9990588834253856,12,0,0.0,True,WY1976-85_own,1975-10,1985-09,0,,,,,,,,,,,
I_ING008,ING008,,extrapolated,0.28274520237698375,,,62.2512305176,0.9990588834253856,12,0,0.0,True,train,1984-10,2014-09,348,0.13509285552750283,0.5369579432729785,-61.85301035835949,0.8986908061348211,0.40399553125935034,0.38146989641640505,0.04253170802773687,-0.1876032482439154,1.702276542100659,4.462413831581843,1976-1985
I_LOSVQ,LOSVQ,,extrapolated,0.6083785631339578,,,18.6866888749,1.000139475760356,4,0,0.0,True,WY1976-85,1975-10,1985-09,120,-0.008025404931047087,0.5242931220533087,90.10069455835351,0.944065368723665,1.4485231521567314,1.901006945583535,0.10964641230400471,-0.1894480758503816,4.490178401063428,2.3619999976828696,
I_LOSVQ,LOSVQ,,extrapolated,0.6083785631339578,,,18.6866888749,1.000139475760356,4,0,0.0,True,WY1976-84,1975-10,1984-09,108,0.028461689529998724,0.5277275451970667,86.11928748129205,0.9443452182451979,1.4462466429567704,1.8611928748129205,0.09863107748520555,-0.19172157962618108,4.812217572332999,2.5855555528153973,
I_LOSVQ,LOSVQ,,extrapolated,0.6083785631339578,,,18.6866888749,1.000139475760356,4,0,0.0,True,WY1950-84_mixed,1949-10,1984-09,420,-0.7184155202449642,-0.6930055987131765,148.0693657387587,0.815273003694759,1.8522758532464625,2.480693657387587,0.1211279954325497,0.08147984882081083,4.332708676575229,1.7465714332248483,
I_LOSVQ,LOSVQ,,extrapolated,0.6083785631339578,,,18.6866888749,1.000139475760356,4,0,0.0,True,WY1976-85_own,1975-10,1985-09,0,,,,,,,,,,,
I_LOSVQ,LOSVQ,,extrapolated,0.6083785631339578,,,18.6866888749,1.000139475760356,4,0,0.0,True,train,1984-10,2014-09,348,-1.5121840270979887,-2.257201221614702,220.32084146688535,0.6527220941859491,2.156001437573515,3.2032084146688535,0.13581666901185013,0.1674140848825285,3.8085043562117282,1.188965519312127,1976-1985
I_LPC007,LPC007,,extrapolated,0.0,,,81.9149254051,1.001126263064723,13,0,0.0,True,WY1976-85,1975-10,1985-09,120,-0.48075745050685015,-0.11761955494716148,-99.45101432514282,0.5319477329011144,0.007770552006662404,0.005489856748571665,0.4353892842769298,-0.3418075914657388,0.03455864821344343,6.294999996572733,
I_LPC007,LPC007,,extrapolated,0.0,,,81.9149254051,1.001126263064723,13,0,0.0,True,WY1976-84,1975-10,1984-09,108,-0.4816571970400936,-0.13282511471344405,-99.45912673642202,0.5292227273264353,0.007797893593456779,0.005408732635779772,0.4313846642117256,0.05085621410489605,0.03773492466603168,6.976666662428114,
I_LPC007,LPC007,,extrapolated,0.0,,,81.9149254051,1.001126263064723,13,0,0.0,True,WY1950-84_mixed,1949-10,1984-09,420,-0.46620286004606926,-0.09403519218245449,-99.11380896557894,0.5655666769520565,0.010725618513110942,0.008861910344210551,0.29405173005320084,-0.6693683530671777,0.039668442533566536,4.476285698318056,
I_LPC007,LPC007,,extrapolated,0.0,,,81.9149254051,1.001126263064723,13,0,0.0,True,WY1976-85_own,1975-10,1985-09,0,,,,,,,,,,,
I_LPC007,LPC007,,extrapolated,0.0,,,81.9149254051,1.001126263064723,13,0,0.0,True,train,1984-10,2014-09,348,-0.41244241275866167,-0.035738973877277314,-98.84628146064375,0.758361984334534,0.02043586075995745,0.011537185393562474,0.16478388617534706,-0.8561430025905308,0.04883412059296653,4.232758591208478,1976-1985
I_LWSTN,LWSTN,,extrapolated,1.0,TRIN,,26.1407616861,0.9996594524613117,6,0,0.0,True,WY1976-85,1975-10,1985-09,120,0.15070283906853832,0.33118871061828725,-43.38102150503543,0.6996592572720929,0.33448530959725953,0.5661897849496457,0.29116274001001763,-1.5593044085147687,18.63443799161059,32.91199962794781,
I_LWSTN,LWSTN,,extrapolated,1.0,TRIN,,26.1407616861,0.9996594524613117,6,0,0.0,True,WY1976-84,1975-10,1984-09,108,0.13754649604269342,0.3266444726268797,-45.90411971611025,0.7025737061264924,0.3331830644698595,0.5409588028388975,0.27695343085337254,-1.1078502367954188,19.48894225230889,36.026666263739266,
I_LWSTN,LWSTN,,extrapolated,1.0,TRIN,,26.1407616861,0.9996594524613117,6,0,0.0,True,WY1950-84_mixed,1949-10,1984-09,420,0.281660146418689,0.1877820576069431,-28.37789565105765,0.4794294731904504,0.5944288278215332,0.7162210434894235,0.30626988935913435,-0.9894567460712693,25.933340753987668,36.20857134780714,
I_LWSTN,LWSTN,,extrapolated,1.0,TRIN,,26.1407616861,0.9996594524613117,6,0,0.0,True,WY1976-85_own,1975-10,1985-09,0,,,,,,,,,,,
I_LWSTN,LWSTN,,extrapolated,1.0,TRIN,,26.1407616861,0.9996594524613117,6,0,0.0,True,train,1984-10,2014-09,348,-0.20967720491949726,0.06014739051166362,-68.26705559672851,0.43708551717803645,0.17513204866084991,0.317329444032715,0.3339435282316532,-1.3142736649587103,15.66950918584018,49.37931062024215,1976-1985
I_MCD055,MCD055,,extrapolated,0.8993860768168628,,,22.928904448,0.9997759016006734,6,0,0.0,True,WY1976-85,1975-10,1985-09,120,0.7960050702563906,0.9306485214093045,-11.204049302773923,0.9768380907562754,0.8311083624231599,0.8879595069722608,0.07739177275693632,-0.49842188337216786,5.614567965271625,6.323000003024935,
I_MCD055,MCD055,,extrapolated,0.8993860768168628,,,22.928904448,0.9997759016006734,6,0,0.0,True,WY1976-84,1975-10,1984-09,108,0.793695693053742,0.9298434386504677,-11.596296983203267,0.9766407797500668,0.830978097509151,0.8840370301679675,0.07305665351281707,-0.4295269591677595,6.151915467597506,6.958888890014753,
I_MCD055,MCD055,,extrapolated,0.8993860768168628,,,22.928904448,0.9997759016006734,6,0,0.0,True,WY1950-84_mixed,1949-10,1984-09,420,0.8873959648375401,0.8814526080992418,4.8604811758180055,0.9392634189607262,0.9185855741745966,1.04860481175818,0.0852230092496693,-0.24456500040695595,5.399116396734643,5.1488571635314395,
I_MCD055,MCD055,,extrapolated,0.8993860768168628,,,22.928904448,0.9997759016006734,6,0,0.0,True,WY1976-85_own,1975-10,1985-09,0,,,,,,,,,,,
I_MCD055,MCD055,,extrapolated,0.8993860768168628,,,22.928904448,0.9997759016006734,6,0,0.0,True,train,1984-10,2014-09,348,0.6456236543554192,0.8176968618543212,-17.51403738718053,0.9369290190406558,0.6984531625878366,0.8248596261281947,0.057414875116378286,-0.30985219148184573,4.493493940371565,5.447586229263708,1976-1985
I_MERLC,MERLC,,extrapolated,1.0,,,71.6025363333,1.0028673017155123,10,0,0.0,True,WY1976-85,1975-10,1985-09,120,0.2472577795681804,0.32515161166604833,51.50768102455868,0.9089198143950108,1.541314261550551,1.515076810245587,0.09260076573540164,0.17892721896755504,86.40674128863344,57.03126119039952,
I_MERLC,MERLC,,extrapolated,1.0,,,71.6025363333,1.0028673017155123,10,0,0.0,True,WY1976-84,1975-10,1984-09,108,0.24933435789662206,0.323657953582944,51.41243806680954,0.9087053718325783,1.5392961322918015,1.5141243806680953,0.09267030442762425,0.15819078790394503,91.8398339140528,60.65540921646688,
I_MERLC,MERLC,,extrapolated,1.0,,,71.6025363333,1.0028673017155123,10,0,0.0,True,WY1950-84_mixed,1949-10,1984-09,420,0.23070874594544133,0.16998923954178768,49.23038283166512,0.8805670241595762,1.5789488219795473,1.4923038283166512,0.09055027950304584,0.22453866466908856,92.81667935609222,62.196904943138364,
I_MERLC,MERLC,,extrapolated,1.0,,,71.6025363333,1.0028673017155123,10,0,0.0,True,WY1976-85_own,1975-10,1985-09,0,,,,,,,,,,,
I_MERLC,MERLC,,extrapolated,1.0,,,71.6025363333,1.0028673017155123,10,0,0.0,True,train,1984-10,2014-09,348,0.7863465272560156,0.7890088384360288,14.162523843131366,0.9187380352435844,1.1377918406102665,1.1416252384313137,0.0735995513564432,0.23087302138679178,61.34820242675782,53.737601764179,1976-1985
I_MSH015,MSH015,,extrapolated,0.7534202758373217,,,87.2765390898,0.9999624776850056,13,0,0.0,True,WY1976-85,1975-10,1985-09,120,0.30555486518789143,0.6442159506331727,-49.2979676413148,0.9189425283250274,0.5176569994356128,0.5070203235868519,0.1217594839228835,-0.5141990165313146,12.131475334287444,23.927000102214514,
I_MSH015,MSH015,,extrapolated,0.7534202758373217,,,87.2765390898,0.9999624776850056,13,0,0.0,True,WY1976-84,1975-10,1984-09,108,0.3068535278965421,0.6401591050684743,-49.09044570298119,0.9181039397530474,0.517550125739717,0.5090955429701881,0.12312497343327294,-0.38463663913039614,13.30719188389157,26.138888991748292,
I_MSH015,MSH015,,extrapolated,0.7534202758373217,,,87.2765390898,0.9999624776850056,13,0,0.0,True,WY1950-84_mixed,1949-10,1984-09,420,0.49446836896300783,0.704506065278021,-36.776982649871584,0.8746633701051,0.6765833741091611,0.6322301735012841,0.1365768706959654,-0.46500753771703796,10.76724112521414,17.030571422406606,
I_MSH015,MSH015,,extrapolated,0.7534202758373217,,,87.2765390898,0.9999624776850056,13,0,0.0,True,WY1976-85_own,1975-10,1985-09,0,,,,,,,,,,,
I_MSH015,MSH015,,extrapolated,0.7534202758373217,,,87.2765390898,0.9999624776850056,13,0,0.0,True,train,1984-10,2014-09,348,0.6250265427759221,0.7202207298635979,-25.55509283988267,0.8580179563687107,0.7651810997739793,0.7444490716011734,0.14960927039448418,-0.5117823259950862,10.28392214494718,13.814137913864748,1976-1985
I_ORG000,ORG000,,extrapolated,0.0,,,112.587492611,1.0007275467556658,19,0,0.0,True,WY1976-85,1975-10,1985-09,120,-0.46766999710979307,-0.11663493021327032,-99.24059680167946,0.5707043142036086,0.007583338905722224,0.007594031983205252,0.3171831704832341,-0.6895742843776187,0.05725900143937923,7.540000037662685,
I_ORG000,ORG000,,extrapolated,0.0,,,112.587492611,1.0007275467556658,19,0,0.0,True,WY1976-84,1975-10,1984-09,108,-0.468088245506729,-0.13182635225936323,-99.26702858663798,0.5698878598399649,0.007582574195747209,0.0073297141336200805,0.3045119481698589,-0.3854723274689986,0.06125197808528987,8.356666708779004,
I_ORG000,ORG000,,extrapolated,0.0,,,112.587492611,1.0007275467556658,19,0,0.0,True,WY1950-84_mixed,1949-10,1984-09,420,-0.46427643695337695,-0.0888301777728353,-98.60611670820892,0.5514558544853669,0.014811181491520902,0.013938832917910801,0.34003476359566764,-0.8967602301456581,0.07475595206669079,5.363142847535865,
I_ORG000,ORG000,,extrapolated,0.0,,,112.587492611,1.0007275467556658,19,0,0.0,True,WY1976-85_own,1975-10,1985-09,0,,,,,,,,,,,
I_ORG000,ORG000,,extrapolated,0.0,,,112.587492611,1.0007275467556658,19,0,0.0,True,train,1984-10,2014-09,348,-0.39670537229554137,-0.0005913922809708261,-97.88767314222595,0.7096092498294166,0.046973529279135534,0.021123268577740512,0.2576820356853472,-0.9356468661757447,0.1071459582756466,5.07241376405903,1976-1985
I_ORT014,ORT014,,extrapolated,0.9999983908698876,,,141.306704127,1.000351273013172,21,0,0.0,True,WY1976-85,1975-10,1985-09,120,0.14834053048145257,0.4954216672469114,-59.114032896602176,0.8751298430069905,0.399763040638867,0.4088596710339782,0.1008493336859875,-0.5682061434745718,7.2899679619063145,17.830000066943466,
I_ORT014,ORT014,,extrapolated,0.9999983908698876,,,141.306704127,1.000351273013172,21,0,0.0,True,WY1976-84,1975-10,1984-09,108,0.1445313684164785,0.488643550248524,-59.69105749020494,0.8739253724392247,0.40030880156625653,0.40308942509795054,0.09910581605574735,-0.38813240958158346,7.965047070044754,19.760000074696208,
I_ORT014,ORT014,,extrapolated,0.9999983908698876,,,141.306704127,1.000351273013172,21,0,0.0,True,WY1950-84_mixed,1949-10,1984-09,420,0.6947235304543014,0.6783679999740209,-17.741789264563785,0.8256965710698193,0.8229832525136442,0.8225821073543621,0.055766697701720026,-0.24778905142082053,10.43151625907197,12.681428596377373,
I_ORT014,ORT014,,extrapolated,0.9999983908698876,,,141.306704127,1.000351273013172,21,0,0.0,True,WY1976-85_own,1975-10,1985-09,120,0.14834053048145257,0.4954216672469114,-59.114032896602176,0.8751298430069905,0.399763040638867,0.4088596710339782,0.1008493336859875,-0.5682061434745718,7.2899679619063145,17.830000066943466,
I_ORT014,ORT014,,extrapolated,0.9999983908698876,,,141.306704127,1.000351273013172,21,0,0.0,True,train,1984-10,2014-09,348,0.6473983216830923,0.8089837817764798,-25.19929765530792,0.9132789169101071,0.7691170489890273,0.7480070234469208,0.026724940389392875,-0.2125505089293842,8.969635870197795,11.991379210404281,1976-1985
I_PARDE,PARDE,,extrapolated,0.29244706869756215,,,33.6541263259,0.998700094616953,9,0,0.0,True,WY1976-85,1975-10,1985-09,120,0.8670267960453577,0.8780780748878103,-4.241682648395957,0.9517303255722815,1.1164161686864613,0.9575831735160403,0.1399029698963649,-0.8300865471470296,13.7930280515729,14.40400002114475,
I_PARDE,PARDE,,extrapolated,0.29244706869756215,,,33.6541263259,0.998700094616953,9,0,0.0,True,WY1976-84,1975-10,1984-09,108,0.8691298953735909,0.8788743039523491,-3.0823197536485294,0.9521813795507137,1.1178570927729052,0.9691768024635147,0.13474783821183503,-0.7919336831706127,14.909169838028074,15.383333360983265,
I_PARDE,PARDE,,extrapolated,0.29244706869756215,,,33.6541263259,0.998700094616953,9,0,0.0,True,WY1950-84_mixed,1949-10,1984-09,420,0.8609863699060469,0.8521203616580552,-6.896381508702131,0.9385767694834105,1.1039036491825358,0.9310361849129788,0.15022669642202724,-0.6419875814576042,11.630504042513307,12.492000022104808,
I_PARDE,PARDE,,extrapolated,0.29244706869756215,,,33.6541263259,0.998700094616953,9,0,0.0,True,WY1976-85_own,1975-10,1985-09,0,,,,,,,,,,,
I_PARDE,PARDE,,extrapolated,0.29244706869756215,,,33.6541263259,0.998700094616953,9,0,0.0,True,train,1984-10,2014-09,348,0.8315472022801058,0.8174638812907997,5.0923605691748355,0.9295639751310023,1.144297948161659,1.0509236056917484,0.15012560218375592,-0.6297217744557058,10.930692650099612,10.401034471867927,1976-1985
I_PYN001,PYN001,,extrapolated,1.0,,,101.921331719,0.9995398894113824,19,0,0.0,True,WY1976-85,1975-10,1985-09,120,0.8458578735806116,0.8707467558223749,13.209530620118832,0.9364926907272624,0.9522773964913701,1.1320953062011883,0.13513925700306806,0.6038645571807857,61.819196656760894,54.60600032359362,
I_PYN001,PYN001,,extrapolated,1.0,,,101.921331719,0.9995398894113824,19,0,0.0,True,WY1976-84,1975-10,1984-09,108,0.848261921761491,0.8706873959478573,12.797761094243223,0.9363086105468967,0.949112060421781,1.1279776109424322,0.14170361774040585,0.6651067424310302,65.31366402951542,57.90333371505969,
I_PYN001,PYN001,,extrapolated,1.0,,,101.921331719,0.9995398894113824,19,0,0.0,True,WY1950-84_mixed,1949-10,1984-09,420,0.7857352724221727,0.8462094454800042,-4.405873043148661,0.9288976962234856,0.8027370684734751,0.9559412695685133,0.09383198383693436,0.4513961423662769,58.302038844015286,60.98914305722075,
I_PYN001,PYN001,,extrapolated,1.0,,,101.921331719,0.9995398894113824,19,0,0.0,True,WY1976-85_own,1975-10,1985-09,0,,,,,,,,,,,
I_PYN001,PYN001,,extrapolated,1.0,,,101.921331719,0.9995398894113824,19,0,0.0,True,train,1984-10,2014-09,348,0.8189637874224727,0.8340148546738199,16.292659732558832,0.9211771627283212,0.9960006909642113,1.1629265973255882,0.09399928182443258,0.39990449723712995,59.14003038473834,50.85448257933403,1976-1985
I_QNT005,QNT005,,extrapolated,0.05761686332944201,,,55.0372085535,0.9995688331665076,13,0,0.0,True,WY1976-85,1975-10,1985-09,120,0.12224251927345309,0.44142455402129255,-60.82332792837938,0.8165920560547294,0.3943004052825647,0.3917667207162062,0.1423330011814707,-0.44339816087061834,2.3482497235146744,5.993999998830259,
I_QNT005,QNT005,,extrapolated,0.05761686332944201,,,55.0372085535,0.9995688331665076,13,0,0.0,True,WY1976-84,1975-10,1984-09,108,0.11949153472515739,0.4339053381564594,-61.20665632213669,0.8145590147349953,0.39478820187393276,0.3879334367786331,0.14341485898744424,-0.21620499598026743,2.5767400938428775,6.642222220492032,
I_QNT005,QNT005,,extrapolated,0.05761686332944201,,,55.0372085535,0.9995688331665076,13,0,0.0,True,WY1950-84_mixed,1949-10,1984-09,420,0.6483692820561076,0.3811537233185037,17.58763026344007,0.7514150573581367,1.1758329157613314,1.1758763026344008,0.0624019499794946,-0.17602666425455116,5.014272510330019,4.264285706835134,
I_QNT005,QNT005,,extrapolated,0.05761686332944201,,,55.0372085535,0.9995688331665076,13,0,0.0,True,WY1976-85_own,1975-10,1985-09,0,,,,,,,,,,,
I_QNT005,QNT005,,extrapolated,0.05761686332944201,,,55.0372085535,0.9995688331665076,13,0,0.0,True,train,1984-10,2014-09,348,0.5619784906864822,0.7713406074326619,-36.98938020978413,0.8886377721178015,0.793505757968876,0.6301061979021586,0.05406840006801697,-0.2668087374209609,2.5410662028188016,4.032758622719296,1976-1985
I_SLO007,SLO007,,extrapolated,0.9795203280443229,,,53.4047968676,1.0013783248498542,11,0,0.0,True,WY1976-85,1975-10,1985-09,120,0.47462633267728993,0.705039141905158,-34.09352794379542,0.8927558242520832,0.6149294709811881,0.6590647205620458,0.12700254525868998,-0.7653647065348386,3.654513900510555,5.545000037923455,
I_SLO007,SLO007,,extrapolated,0.9795203280443229,,,53.4047968676,1.0013783248498542,11,0,0.0,True,WY1976-84,1975-10,1984-09,108,0.46548049224154986,0.7018536402288336,-35.5715553105839,0.892405805199201,0.6158111939448123,0.644284446894161,0.12221186414896204,-0.5718441734565642,3.958770017615787,6.144444486747185,
I_SLO007,SLO007,,extrapolated,0.9795203280443229,,,53.4047968676,1.0013783248498542,11,0,0.0,True,WY1950-84_mixed,1949-10,1984-09,420,0.7786105700529438,0.7577186186105638,-9.602544859103688,0.871367759971346,0.847533151995644,0.9039745514089631,0.11497866856444339,-0.42099261727439785,3.5639842321961543,3.942571421552982,
I_SLO007,SLO007,,extrapolated,0.9795203280443229,,,53.4047968676,1.0013783248498542,11,0,0.0,True,WY1976-85_own,1975-10,1985-09,0,,,,,,,,,,,
I_SLO007,SLO007,,extrapolated,0.9795203280443229,,,53.4047968676,1.0013783248498542,11,0,0.0,True,train,1984-10,2014-09,348,0.6144235192863008,0.7986453826087959,33.451391684946095,0.9314349578551894,1.1790767905376738,1.334513916849461,0.09899662552283757,-0.33998701966883793,4.977276735899798,3.729655174859639,1976-1985
I_SLUIS,SLUIS,,extrapolated,0.0,,,87.1421589868,1.0017722806726976,13,0,0.0,True,WY1976-85,1975-10,1985-09,120,0.6966144276826138,0.4888377823558352,-5.416188082449899,0.7207281531468387,0.8945650356327411,0.9458381191755009,0.19427938426563937,-0.3180568029858959,7.017172999595197,7.41899999305606,
I_SLUIS,SLUIS,,extrapolated,0.0,,,87.1421589868,1.0017722806726976,13,0,0.0,True,WY1976-84,1975-10,1984-09,108,0.6907745101208251,0.4821080921793792,-6.995882435149531,0.7173993953330314,0.8957739728847155,0.9300411756485047,0.19771505779222984,-0.11710473943722999,7.66043914305438,8.236666659100187,
I_SLUIS,SLUIS,,extrapolated,0.0,,,87.1421589868,1.0017722806726976,13,0,0.0,True,WY1950-84_mixed,1949-10,1984-09,420,-0.4736373255377955,-0.8733117840736939,118.4713501362048,0.7157064688580754,1.828998235860318,2.184713501362048,0.12806956997533925,-0.015345939824682908,11.442280868619228,5.237428551380123,
I_SLUIS,SLUIS,,extrapolated,0.0,,,87.1421589868,1.0017722806726976,13,0,0.0,True,WY1976-85_own,1975-10,1985-09,0,,,,,,,,,,,
I_SLUIS,SLUIS,,extrapolated,0.0,,,87.1421589868,1.0017722806726976,13,0,0.0,True,train,1984-10,2014-09,348,0.501906073857578,0.5836488266988069,30.888280364927418,0.9035205493972664,1.3786564253794344,1.3088828036492741,0.048803790897660786,-0.11083632254565945,6.489350725730448,4.957931074988226,1976-1985
I_STS059,STS059,,extrapolated,0.9384437992118145,,,17.7977932518,0.9960104514291892,6,0,0.0,True,WY1976-85,1975-10,1985-09,120,0.5910092827175595,0.7883345463696296,-34.38379773202524,0.9177245023538397,0.7943799750447453,0.6561620226797477,0.14376849746067105,-0.812425927875787,4.28539419166632,6.531000032834708,
I_STS059,STS059,,extrapolated,0.9384437992118145,,,17.7977932518,0.9960104514291892,6,0,0.0,True,WY1976-84,1975-10,1984-09,108,0.6050155687300596,0.7907289314161305,-32.71642409940776,0.9179401336079536,0.7944703459640752,0.6728357590059224,0.14452284783374958,-0.7851689864408087,4.693403240193401,6.975555590457386,
I_STS059,STS059,,extrapolated,0.9384437992118145,,,17.7977932518,0.9960104514291892,6,0,0.0,True,WY1950-84_mixed,1949-10,1984-09,420,0.46778407859567184,0.725062801649934,-44.99803221015377,0.9039009939951455,0.7325369600065584,0.5500196778984623,0.14729077381216593,-0.5841282771952043,3.119083033179674,5.670857168414763,
I_STS059,STS059,,extrapolated,0.9384437992118145,,,17.7977932518,0.9960104514291892,6,0,0.0,True,WY1976-85_own,1975-10,1985-09,0,,,,,,,,,,,
I_STS059,STS059,,extrapolated,0.9384437992118145,,,17.7977932518,0.9960104514291892,6,0,0.0,True,train,1984-10,2014-09,348,0.8253457473572214,0.7678793550269306,-0.7233547077934255,0.9085807172612733,1.1486415100381302,0.9927664529220657,0.14023982609329919,-0.6132411522771664,4.690650364029654,4.724827627105446,1976-1985
I_TULOC,TULOC,,extrapolated,0.9151353124081756,,,74.6799693523,1.0010500420936597,12,0,0.0,True,WY1976-85,1975-10,1985-09,120,0.6913565371057755,0.7380489090268023,10.876527471518493,0.9298744676790497,1.2802022696556403,1.108765274715185,0.157548972242293,-0.8522069052181385,34.2952186457726,30.930999940074976,
I_TULOC,TULOC,,extrapolated,0.9151353124081756,,,74.6799693523,1.0010500420936597,12,0,0.0,True,WY1976-84,1975-10,1984-09,108,0.6828258530312485,0.7368150719039999,13.207104086102818,0.9300978399362189,1.2797684179632456,1.1320710408610282,0.1535906707004343,-0.8358349323362786,37.39230644092501,33.029999965801835,
I_TULOC,TULOC,,extrapolated,0.9151353124081756,,,74.6799693523,1.0010500420936597,12,0,0.0,True,WY1950-84_mixed,1949-10,1984-09,420,0.8073587312679913,0.7912380383860511,-10.371287977067452,0.9185825567063033,1.1404474881080802,0.8962871202293256,0.15845643859581302,-0.6337076832350785,24.042005817440714,26.82400011649089,
I_TULOC,TULOC,,extrapolated,0.9151353124081756,,,74.6799693523,1.0010500420936597,12,0,0.0,True,WY1976-85_own,1975-10,1985-09,0,,,,,,,,,,,
I_TULOC,TULOC,,extrapolated,0.9151353124081756,,,74.6799693523,1.0010500420936597,12,0,0.0,True,train,1984-10,2014-09,348,0.7667083373594179,0.7819212776216922,4.75078997618194,0.9300332913644066,1.2174227655985685,1.0475078997618195,0.15056688701754373,-0.6545987169392102,23.396269548167737,22.33517241587156,1976-1985
