basin,model,dp,dt,annual,freshet,q999,q30,pct_annual,pct_freshet,pct_q999,pct_q30
BND,5_px,-0.2,0.0,5608.4096,1564.5359,9.8903,0.3294,-30.5348,-31.3212,-27.8198,-29.8905
FOL,5_px,-0.2,0.0,1629.8402,635.6701,25.1103,0.1569,-34.7209,-33.725,-29.3112,-41.2106
ISB,5_px,-0.2,0.0,553.8092,345.4697,5.1081,0.0778,-36.3295,-35.948,-35.6271,-33.9036
MIL,5_px,-0.2,0.0,979.9,720.8815,8.7678,0.1281,-33.4132,-30.8691,-25.4219,-35.6707
MKM,5_px,-0.2,0.0,438.7543,239.3543,19.2805,0.1611,-34.5973,-32.106,-37.8684,-37.483
MRC,5_px,-0.2,0.0,585.3923,383.964,11.9674,0.0573,-36.8958,-33.0997,-39.3634,-43.2599
NHG,5_px,-0.2,0.0,85.7802,12.9511,14.2876,0.0215,-45.2632,-49.6031,-35.7035,-46.8608
NML,5_px,-0.2,0.0,684.2964,432.8936,16.1271,0.1687,-34.6452,-31.8773,-38.8559,-36.3953
ORO,5_px,-0.2,0.0,2819.088,939.3719,16.76,0.2393,-32.363,-34.4717,-27.7974,-35.0658
PNF,5_px,-0.2,0.0,1192.0438,862.7278,11.4045,0.2354,-29.9606,-28.8025,-22.045,-30.8924
SCC,5_px,-0.2,0.0,173.7736,71.0132,15.6202,0.0692,-36.8855,-36.032,-35.6883,-40.8487
SHA,5_px,-0.2,0.0,3913.4591,1138.4795,8.4195,0.3173,-29.6234,-31.1747,-27.2659,-28.8195
TLG,5_px,-0.2,0.0,1092.2026,701.9375,14.227,0.1245,-33.6446,-30.4258,-35.9511,-36.3484
TRM,5_px,-0.2,0.0,280.691,163.9635,9.6334,0.1253,-33.2488,-32.414,-36.6907,-34.1668
YRS,5_px,-0.2,0.0,1424.1942,524.1876,36.956,0.246,-32.2186,-32.2768,-27.1676,-37.3406
BND,5_px,-0.2,0.5,5600.386,1497.8491,10.1182,0.3231,-30.6342,-34.2485,-26.157,-31.2176
FOL,5_px,-0.2,0.5,1626.7085,575.8137,26.5812,0.1463,-34.8463,-39.9656,-25.1706,-45.1804
ISB,5_px,-0.2,0.5,549.076,325.7225,4.8103,0.0772,-36.8737,-39.6092,-39.3794,-34.4132
MIL,5_px,-0.2,0.5,970.6957,694.6775,8.6808,0.1292,-34.0386,-33.382,-26.1618,-35.1492
MKM,5_px,-0.2,0.5,437.2384,222.3681,20.4406,0.1554,-34.8233,-36.9242,-34.13,-39.7019
MRC,5_px,-0.2,0.5,579.8474,356.9842,13.1773,0.0547,-37.4935,-37.8006,-33.2332,-45.8696
NHG,5_px,-0.2,0.5,84.8391,12.5548,14.1755,0.021,-45.8638,-51.1449,-36.2079,-48.1397
NML,5_px,-0.2,0.5,681.0563,406.1564,17.3368,0.1632,-34.9546,-36.0848,-34.2696,-38.4896
ORO,5_px,-0.2,0.5,2827.9286,852.9037,17.4679,0.2296,-32.1509,-40.5036,-24.7479,-37.7175
PNF,5_px,-0.2,0.5,1183.3042,834.712,11.5725,0.2356,-30.4741,-31.1146,-20.8965,-30.8236
SCC,5_px,-0.2,0.5,173.6747,66.0015,15.7118,0.0652,-36.9214,-40.5465,-35.3113,-44.2489
SHA,5_px,-0.2,0.5,3913.8427,1088.1475,8.5822,0.3115,-29.6165,-34.2174,-25.8606,-30.1199
TLG,5_px,-0.2,0.5,1084.9684,659.6354,15.1164,0.1218,-34.0841,-34.6186,-31.9472,-37.6968
TRM,5_px,-0.2,0.5,279.5963,154.4294,10.6398,0.1214,-33.5092,-36.344,-30.0769,-36.2114
YRS,5_px,-0.2,0.5,1423.5283,471.9407,38.194,0.2294,-32.2503,-39.0269,-24.7279,-41.5758
BND,5_px,-0.2,1.0,5589.2614,1438.1845,10.3141,0.3174,-30.772,-36.8676,-24.7272,-32.4362
FOL,5_px,-0.2,1.0,1621.9703,520.589,28.2188,0.1369,-35.0361,-45.7234,-20.5606,-48.7107
ISB,5_px,-0.2,1.0,544.6712,305.8545,5.0919,0.0761,-37.3801,-43.2929,-35.8306,-35.3478
MIL,5_px,-0.2,1.0,962.1404,664.831,8.825,0.1282,-34.62,-36.2442,-24.9349,-35.6257
MKM,5_px,-0.2,1.0,435.5053,204.0653,21.5505,0.1471,-35.0816,-42.1159,-30.5531,-42.916
MRC,5_px,-0.2,1.0,574.5109,328.6413,14.0686,0.0525,-38.0688,-42.7389,-28.7168,-47.9954
NHG,5_px,-0.2,1.0,83.8882,12.222,14.0931,0.0205,-46.4706,-52.4401,-36.579,-49.4515
NML,5_px,-0.2,1.0,677.8055,375.9005,17.9573,0.1585,-35.2651,-40.8461,-31.917,-40.2759
ORO,5_px,-0.2,1.0,2833.251,781.4583,18.5832,0.2206,-32.0232,-45.4874,-19.9432,-40.1476
PNF,5_px,-0.2,1.0,1175.1917,802.0887,11.5332,0.2361,-30.9508,-33.8068,-21.1652,-30.6797
SCC,5_px,-0.2,1.0,173.5504,61.5231,15.9441,0.0622,-36.9666,-44.5806,-34.3548,-46.8529
SHA,5_px,-0.2,1.0,3911.3055,1042.8468,8.8003,0.3068,-29.6621,-36.956,-23.9766,-31.185
TLG,5_px,-0.2,1.0,1077.7582,613.7474,16.4805,0.1186,-34.5221,-39.1669,-25.8063,-39.3479
TRM,5_px,-0.2,1.0,278.5946,143.639,11.5945,0.1172,-33.7474,-40.7918,-23.8029,-38.3927
YRS,5_px,-0.2,1.0,1422.2394,421.6127,41.6904,0.2152,-32.3117,-45.5291,-17.8372,-45.1899
BND,5_px,-0.2,1.5,5575.2626,1386.1443,10.5797,0.3127,-30.9454,-39.1521,-22.7891,-33.4264
FOL,5_px,-0.2,1.5,1615.9508,472.7621,29.6884,0.1295,-35.2772,-50.7098,-16.4234,-51.4968
ISB,5_px,-0.2,1.5,540.4223,286.3307,5.4562,0.0753,-37.8686,-46.9127,-31.24,-36.0478
MIL,5_px,-0.2,1.5,953.7771,632.9934,8.6494,0.1275,-35.1883,-39.2974,-26.4288,-35.9915
MKM,5_px,-0.2,1.5,434.1562,185.5447,23.0276,0.1402,-35.2827,-47.3693,-25.7933,-45.5772
MRC,5_px,-0.2,1.5,569.4821,299.7618,15.2301,0.0504,-38.6109,-47.7708,-22.832,-50.0669
NHG,5_px,-0.2,1.5,82.9367,11.9259,14.0131,0.02,-47.0777,-53.5925,-36.9386,-50.5802
NML,5_px,-0.2,1.5,675.057,344.8251,19.9844,0.1535,-35.5276,-45.7363,-24.2312,-42.1484
ORO,5_px,-0.2,1.5,2834.7333,724.0692,19.0519,0.2131,-31.9877,-49.4907,-17.9239,-42.1715
PNF,5_px,-0.2,1.5,1167.6023,766.2741,11.2459,0.2349,-31.3967,-36.7625,-23.1295,-31.0411
SCC,5_px,-0.2,1.5,173.3269,56.9505,16.9711,0.0595,-37.0477,-48.6995,-30.1266,-49.0971
SHA,5_px,-0.2,1.5,3906.8443,1003.1545,8.9447,0.3029,-29.7423,-39.3556,-22.729,-32.0584
TLG,5_px,-0.2,1.5,1070.8347,566.6998,17.247,0.1166,-34.9427,-43.8302,-22.3557,-40.3832
TRM,5_px,-0.2,1.5,277.9698,133.2548,13.3699,0.113,-33.896,-45.0722,-12.1353,-40.6077
YRS,5_px,-0.2,1.5,1420.0863,375.4763,43.7808,0.2032,-32.4141,-51.4898,-13.7174,-48.2355
BND,5_px,-0.2,2.0,5556.9351,1341.7005,10.9408,0.3087,-31.1724,-41.103,-20.1538,-34.292
FOL,5_px,-0.2,2.0,1608.6851,432.2283,30.4264,0.1224,-35.5682,-54.9359,-14.3459,-54.1367
ISB,5_px,-0.2,2.0,535.9779,266.6614,5.8698,0.0739,-38.3796,-50.5595,-26.0283,-37.1978
MIL,5_px,-0.2,2.0,946.1167,598.1519,8.9613,0.126,-35.7088,-42.6386,-23.7753,-36.7101
MKM,5_px,-0.2,2.0,432.6339,168.046,25.3835,0.1344,-35.5096,-52.3329,-18.2012,-47.8403
MRC,5_px,-0.2,2.0,564.582,270.5012,15.7197,0.0476,-39.1391,-52.869,-20.3514,-52.8335
NHG,5_px,-0.2,2.0,81.9802,11.6647,14.0187,0.0196,-47.688,-54.6087,-36.9137,-51.6931
NML,5_px,-0.2,2.0,672.2739,312.5414,22.729,0.1486,-35.7934,-50.8166,-13.8257,-43.9832
ORO,5_px,-0.2,2.0,2832.5784,678.4604,19.5635,0.2069,-32.0394,-52.6723,-15.7201,-43.8547
PNF,5_px,-0.2,2.0,1160.92,725.2428,10.9343,0.2332,-31.7893,-40.1486,-25.2594,-31.5217
SCC,5_px,-0.2,2.0,172.8066,53.2385,17.4942,0.0569,-37.2367,-52.0433,-27.973,-51.3615
SHA,5_px,-0.2,2.0,3899.9038,968.8396,9.2183,0.2994,-29.8671,-41.43,-20.3654,-32.84
TLG,5_px,-0.2,2.0,1064.1356,518.9723,18.1734,0.1122,-35.3497,-48.5608,-18.1847,-42.6414
TRM,5_px,-0.2,2.0,277.3702,122.9983,15.0291,0.1097,-34.0386,-49.3,-1.2313,-42.368
YRS,5_px,-0.2,2.0,1416.7422,336.5654,44.9956,0.1936,-32.5733,-56.5169,-11.3232,-50.6894
BND,5_px,-0.2,2.5,5534.947,1305.1331,11.0823,0.3051,-31.4447,-42.7082,-19.1209,-35.0559
FOL,5_px,-0.2,2.5,1600.3229,398.1108,30.7435,0.1166,-35.9031,-58.4929,-13.4533,-56.3155
ISB,5_px,-0.2,2.5,532.071,247.819,6.0559,0.0719,-38.8287,-54.053,-23.6826,-38.9108
MIL,5_px,-0.2,2.5,939.0666,560.8457,10.0449,0.1242,-36.1879,-46.2162,-14.5586,-37.6526
MKM,5_px,-0.2,2.5,431.0189,150.9312,27.7192,0.1271,-35.7504,-57.1876,-10.6745,-50.6682
MRC,5_px,-0.2,2.5,559.8023,241.8741,16.9919,0.0454,-39.6543,-57.8569,-13.9053,-54.9985
NHG,5_px,-0.2,2.5,81.0128,11.4183,14.0745,0.0192,-48.3054,-55.5674,-36.6623,-52.7609
NML,5_px,-0.2,2.5,669.6614,281.0832,23.3287,0.1456,-36.0429,-55.7671,-11.5518,-45.1244
ORO,5_px,-0.2,2.5,2826.712,643.8441,19.6202,0.2024,-32.1801,-55.087,-15.4759,-45.0859
PNF,5_px,-0.2,2.5,1154.8406,678.7829,12.6153,0.2303,-32.1465,-43.9828,-13.7691,-32.3638
SCC,5_px,-0.2,2.5,172.2349,50.0647,17.6233,0.0553,-37.4443,-54.9022,-27.4412,-52.7174
SHA,5_px,-0.2,2.5,3888.6681,940.4481,9.3254,0.2958,-30.0692,-43.1464,-19.4406,-33.6537
TLG,5_px,-0.2,2.5,1057.6539,471.8385,18.8568,0.108,-35.7435,-53.2326,-15.1081,-44.8025
TRM,5_px,-0.2,2.5,276.8561,112.5133,16.787,0.1062,-34.1608,-53.6219,10.321,-44.203
YRS,5_px,-0.2,2.5,1412.2871,305.5188,45.3274,0.1855,-32.7853,-60.5281,-10.6694,-52.7603
BND,5_px,-0.2,3.0,5510.9501,1275.2009,10.9901,0.3017,-31.742,-44.0222,-19.7933,-35.7671
FOL,5_px,-0.2,3.0,1590.8492,370.5674,30.2358,0.1117,-36.2826,-61.3646,-14.8825,-58.1429
ISB,5_px,-0.2,3.0,528.4679,230.3278,6.1225,0.0696,-39.243,-57.2959,-22.843,-40.8924
MIL,5_px,-0.2,3.0,932.4957,521.4977,11.0859,0.1214,-36.6344,-49.9895,-5.7041,-39.0399
MKM,5_px,-0.2,3.0,429.1337,134.9619,28.5555,0.1213,-36.0314,-61.7174,-7.9794,-52.9147
MRC,5_px,-0.2,3.0,555.0402,214.1971,17.4659,0.0432,-40.1677,-62.6792,-11.5033,-57.2546
NHG,5_px,-0.2,3.0,80.0435,11.1721,13.9857,0.0187,-48.9239,-56.5257,-37.0619,-53.8679
NML,5_px,-0.2,3.0,667.2389,251.0724,24.9472,0.1402,-36.2743,-60.4898,-5.4153,-47.1437
ORO,5_px,-0.2,3.0,2817.9797,617.3284,19.626,0.1982,-32.3896,-56.9367,-15.4509,-46.2143
PNF,5_px,-0.2,3.0,1149.3131,633.1044,14.1818,0.227,-32.4713,-47.7524,-3.0611,-33.3334
SCC,5_px,-0.2,3.0,171.5706,47.1405,17.8308,0.0539,-37.6856,-57.5363,-26.5869,-53.8666
SHA,5_px,-0.2,3.0,3875.2596,918.1733,9.3403,0.2926,-30.3103,-44.493,-19.3116,-34.3776
TLG,5_px,-0.2,3.0,1051.4575,423.9765,20.0026,0.1031,-36.12,-57.9765,-9.9498,-47.2606
TRM,5_px,-0.2,3.0,276.3068,103.011,17.5327,0.1029,-34.2915,-57.5387,15.2221,-45.934
YRS,5_px,-0.2,3.0,1406.3119,282.4503,44.6664,0.1788,-33.0697,-63.5084,-11.9721,-54.4698
BND,5_px,-0.2,3.5,5485.4077,1251.0733,11.0102,0.2986,-32.0583,-45.0813,-19.6471,-36.4375
FOL,5_px,-0.2,3.5,1580.669,348.707,29.8786,0.108,-36.6903,-63.6438,-15.888,-59.5337
ISB,5_px,-0.2,3.5,525.0362,213.4446,6.4428,0.0675,-39.6375,-60.4262,-18.8065,-42.6229
MIL,5_px,-0.2,3.5,926.4219,482.6679,11.9251,0.1187,-37.0472,-53.7132,1.4342,-40.4125
MKM,5_px,-0.2,3.5,427.0465,120.8336,28.6805,0.1154,-36.3425,-65.7249,-7.5767,-55.2112
MRC,5_px,-0.2,3.5,550.3741,188.5611,18.8289,0.0412,-40.6707,-67.1459,-4.5973,-59.2384
NHG,5_px,-0.2,3.5,79.0814,10.9394,13.8943,0.0183,-49.5378,-57.431,-37.4735,-54.9221
NML,5_px,-0.2,3.5,664.5681,222.2769,25.9437,0.1357,-36.5294,-65.0212,-1.6372,-48.8522
ORO,5_px,-0.2,3.5,2806.7253,597.4514,19.7303,0.1946,-32.6597,-58.3233,-15.0013,-47.1908
PNF,5_px,-0.2,3.5,1144.4647,587.5858,15.3973,0.2215,-32.7562,-51.5089,5.2471,-34.9712
SCC,5_px,-0.2,3.5,170.8166,44.6369,17.8474,0.0528,-37.9595,-59.7915,-26.5185,-54.8335
SHA,5_px,-0.2,3.5,3860.8954,900.4309,9.4377,0.2899,-30.5686,-45.5656,-18.4701,-34.9733
TLG,5_px,-0.2,3.5,1045.4565,376.5787,21.2191,0.0978,-36.4846,-62.6745,-4.4733,-50.0
TRM,5_px,-0.2,3.5,275.5294,94.7565,18.2335,0.0997,-34.4763,-60.9412,19.8274,-47.6123
YRS,5_px,-0.2,3.5,1399.6442,265.233,45.0087,0.1722,-33.387,-65.7328,-11.2975,-56.1438
BND,5_px,-0.2,4.0,5458.618,1231.7391,10.96,0.2956,-32.3902,-45.93,-20.013,-37.0843
FOL,5_px,-0.2,4.0,1569.9948,331.3474,29.4099,0.1047,-37.1179,-65.4537,-17.2073,-60.77
ISB,5_px,-0.2,4.0,521.8122,197.7043,6.6499,0.0654,-40.0082,-63.3445,-16.1967,-44.4102
MIL,5_px,-0.2,4.0,920.9665,443.3137,12.873,0.114,-37.4179,-57.4872,9.4971,-42.7539
MKM,5_px,-0.2,4.0,424.7593,109.655,28.2337,0.1107,-36.6835,-68.8958,-9.0165,-57.0236
MRC,5_px,-0.2,4.0,545.7359,165.2859,19.1804,0.039,-41.1707,-71.2013,-2.8166,-61.3798
NHG,5_px,-0.2,4.0,78.1214,10.7055,13.7929,0.0178,-50.1504,-58.3412,-37.9296,-56.0153
NML,5_px,-0.2,4.0,661.6176,197.8378,27.2329,0.1306,-36.8112,-68.8671,3.2503,-50.7569
ORO,5_px,-0.2,4.0,2793.8289,582.4016,19.7156,0.192,-32.9691,-59.3731,-15.0648,-47.9055
PNF,5_px,-0.2,4.0,1140.4378,540.9164,16.9653,0.2148,-32.9928,-55.3603,15.9656,-36.9401
SCC,5_px,-0.2,4.0,169.9589,42.5804,18.0537,0.0519,-38.271,-61.644,-25.6692,-55.6193
SHA,5_px,-0.2,4.0,3845.5656,886.3276,9.4579,0.287,-30.8443,-46.4182,-18.2953,-35.6236
TLG,5_px,-0.2,4.0,1039.2739,335.1062,21.9344,0.0934,-36.8602,-66.7851,-1.2533,-52.2319
TRM,5_px,-0.2,4.0,274.737,86.5861,18.349,0.0973,-34.6648,-64.3091,20.5866,-48.846
YRS,5_px,-0.2,4.0,1392.2304,252.6762,44.4217,0.1676,-33.7399,-67.3551,-12.4544,-57.3119
BND,5_px,-0.15,0.0,6205.7319,1735.8265,10.7076,0.3632,-23.1365,-23.802,-21.8554,-22.6908
FOL,5_px,-0.15,0.0,1839.6819,714.4416,27.7007,0.1822,-26.3162,-25.5123,-22.019,-31.7516
ISB,5_px,-0.15,0.0,627.4072,391.0405,5.7046,0.087,-27.8681,-27.4989,-28.1095,-26.0658
MIL,5_px,-0.15,0.0,1096.6838,799.777,9.5062,0.1442,-25.4774,-23.3032,-19.1405,-27.6086
MKM,5_px,-0.15,0.0,494.5509,267.0076,22.2782,0.1835,-26.28,-24.262,-28.2083,-28.7865
MRC,5_px,-0.15,0.0,666.3042,430.5631,13.7171,0.067,-28.1736,-24.9805,-30.4977,-33.6293
NHG,5_px,-0.15,0.0,101.2647,15.7127,16.1991,0.026,-35.3825,-38.8565,-27.1016,-35.9274
NML,5_px,-0.15,0.0,771.387,482.9353,18.7116,0.1906,-26.3275,-24.0024,-29.0572,-28.1493
ORO,5_px,-0.15,0.0,3145.2092,1057.6021,18.3518,0.2703,-24.5386,-26.2243,-20.9403,-26.6788
PNF,5_px,-0.15,0.0,1315.2603,948.7625,12.2202,0.2599,-22.7209,-21.7024,-16.4692,-23.6826
SCC,5_px,-0.15,0.0,197.741,80.5892,17.8737,0.0798,-28.1805,-27.406,-26.4104,-31.7515
SHA,5_px,-0.15,0.0,4312.4462,1261.6381,9.2085,0.3484,-22.4483,-23.7293,-20.4498,-21.8588
TLG,5_px,-0.15,0.0,1225.2142,777.779,15.7541,0.1408,-25.5636,-22.9086,-29.0765,-27.9928
TRM,5_px,-0.15,0.0,313.9459,182.966,11.0498,0.1401,-25.3405,-24.5812,-27.3825,-26.371
YRS,5_px,-0.15,0.0,1590.1872,585.4321,40.2331,0.2802,-24.3186,-24.3643,-20.7092,-28.6405
BND,5_px,-0.15,0.5,6197.3626,1660.5786,10.9324,0.3561,-23.2401,-27.1052,-20.2145,-24.1871
FOL,5_px,-0.15,0.5,1836.5115,648.1496,28.8797,0.1703,-26.4432,-32.4239,-18.6999,-36.2094
ISB,5_px,-0.15,0.5,622.0309,368.524,5.477,0.0864,-28.4862,-31.6736,-30.9777,-26.579
MIL,5_px,-0.15,0.5,1087.1916,771.2911,9.3881,0.1453,-26.1224,-26.0349,-20.145,-27.0648
MKM,5_px,-0.15,0.5,492.9708,248.3624,23.2777,0.176,-26.5155,-29.5508,-24.9874,-31.6951
MRC,5_px,-0.15,0.5,660.3677,400.342,15.0801,0.064,-28.8136,-30.2461,-23.5917,-36.623
NHG,5_px,-0.15,0.5,100.1201,15.2284,16.071,0.0254,-36.1129,-40.7413,-27.6777,-37.2998
NML,5_px,-0.15,0.5,767.9077,453.4666,19.9724,0.1843,-26.6598,-28.6398,-24.2769,-30.5344
ORO,5_px,-0.15,0.5,3155.0907,959.4015,19.3895,0.2589,-24.3015,-33.0745,-16.4695,-29.756
PNF,5_px,-0.15,0.5,1306.3127,918.7712,12.4835,0.2598,-23.2467,-24.1775,-14.6696,-23.7068
SCC,5_px,-0.15,0.5,197.5932,74.9269,18.3689,0.0752,-28.2342,-32.5066,-24.3716,-35.6528
SHA,5_px,-0.15,0.5,4313.0233,1204.5651,9.3642,0.3419,-22.4379,-27.1796,-19.105,-23.3003
TLG,5_px,-0.15,0.5,1217.6789,731.4623,17.2637,0.1377,-26.0214,-27.4993,-22.2802,-29.605
TRM,5_px,-0.15,0.5,312.777,172.4079,12.062,0.1361,-25.6185,-28.9332,-20.7308,-28.4579
YRS,5_px,-0.15,0.5,1589.4828,528.0578,41.6446,0.2613,-24.3521,-31.7768,-17.9274,-33.4349
BND,5_px,-0.15,1.0,6185.6041,1593.529,11.2381,0.3499,-23.3858,-30.0485,-17.9836,-25.5128
FOL,5_px,-0.15,1.0,1831.3892,586.7006,31.132,0.1591,-26.6484,-38.8306,-12.3595,-40.3849
ISB,5_px,-0.15,1.0,617.1674,345.8088,5.7909,0.0851,-29.0453,-35.8851,-27.022,-27.6605
MIL,5_px,-0.15,1.0,1078.0325,738.1633,9.581,0.1442,-26.7448,-29.2118,-18.5049,-27.6118
MKM,5_px,-0.15,1.0,491.1762,228.2554,24.7965,0.1672,-26.7831,-35.2542,-20.093,-35.1034
MRC,5_px,-0.15,1.0,654.6653,368.4953,16.2548,0.0612,-29.4283,-35.7949,-17.6398,-39.3632
NHG,5_px,-0.15,1.0,98.9707,14.8135,15.9723,0.0248,-36.8463,-42.3556,-28.1221,-38.7831
NML,5_px,-0.15,1.0,764.5028,420.03,20.9034,0.1793,-26.985,-33.9016,-20.747,-32.4369
ORO,5_px,-0.15,1.0,3160.7724,877.8351,20.5123,0.2486,-24.1652,-38.7644,-11.6326,-32.5579
PNF,5_px,-0.15,1.0,1298.0377,883.4468,12.5056,0.2598,-23.7329,-27.0927,-14.5184,-23.7097
SCC,5_px,-0.15,1.0,197.4838,69.9257,18.4415,0.0717,-28.2739,-37.0116,-24.0727,-38.6876
SHA,5_px,-0.15,1.0,4310.5451,1153.3888,9.7182,0.3364,-22.4825,-30.2734,-16.0467,-24.5457
TLG,5_px,-0.15,1.0,1210.2968,681.3837,18.3793,0.1341,-26.4699,-32.463,-17.2578,-31.4486
TRM,5_px,-0.15,1.0,311.7948,160.5285,13.2899,0.1309,-25.8521,-33.8299,-12.6613,-31.1804
YRS,5_px,-0.15,1.0,1588.1945,472.4361,44.8792,0.2457,-24.4134,-38.9629,-11.5526,-37.4111
BND,5_px,-0.15,1.5,6170.7972,1535.1148,11.5844,0.3445,-23.5692,-32.6127,-15.4566,-26.6636
FOL,5_px,-0.15,1.5,1824.9035,533.566,32.2228,0.1508,-26.9081,-44.3704,-9.2886,-43.519
ISB,5_px,-0.15,1.5,612.6201,323.7336,6.2911,0.0842,-29.5681,-39.978,-20.7183,-28.4875
MIL,5_px,-0.15,1.5,1069.2138,703.0091,9.5699,0.1433,-27.3441,-32.583,-18.5992,-28.0421
MKM,5_px,-0.15,1.5,489.6862,207.8432,26.0723,0.1591,-27.0052,-41.0442,-15.9817,-38.2556
MRC,5_px,-0.15,1.5,649.1858,336.246,17.1785,0.0588,-30.0189,-41.4139,-12.9597,-41.7205
NHG,5_px,-0.15,1.5,97.829,14.4432,15.8652,0.0243,-37.5748,-43.7966,-28.6039,-40.1313
NML,5_px,-0.15,1.5,761.5801,385.6401,23.2959,0.1732,-27.2641,-39.3134,-11.6762,-34.7245
ORO,5_px,-0.15,1.5,3162.6935,812.656,20.9361,0.24,-24.1191,-43.3111,-9.807,-34.8952
PNF,5_px,-0.15,1.5,1290.3103,844.4147,11.9297,0.2584,-24.1869,-30.3138,-18.455,-24.1116
SCC,5_px,-0.15,1.5,197.2658,64.8481,19.4457,0.0686,-28.3531,-41.5855,-19.938,-41.3348
SHA,5_px,-0.15,1.5,4305.843,1108.428,9.7767,0.332,-22.567,-32.9914,-15.5414,-25.5281
TLG,5_px,-0.15,1.5,1202.9357,629.8712,19.2693,0.1309,-26.9171,-37.5688,-13.2513,-33.0489
TRM,5_px,-0.15,1.5,311.0911,149.1403,15.1914,0.1266,-26.0194,-38.5242,-0.1648,-33.4606
YRS,5_px,-0.15,1.5,1585.8904,421.345,47.2128,0.2321,-24.5231,-45.5637,-6.9536,-40.8928
BND,5_px,-0.15,2.0,6152.3572,1485.3051,11.9853,0.3396,-23.7976,-34.7992,-12.5309,-27.7182
FOL,5_px,-0.15,2.0,1816.9505,488.3987,33.1045,0.1425,-27.2267,-49.0795,-6.8066,-46.628
ISB,5_px,-0.15,2.0,607.8834,301.3838,6.698,0.0827,-30.1127,-44.1218,-15.5907,-29.7545
MIL,5_px,-0.15,2.0,1061.1139,664.6156,10.4266,0.1417,-27.8945,-36.2649,-11.3122,-28.8577
MKM,5_px,-0.15,2.0,487.9966,188.5362,28.4695,0.1522,-27.257,-46.5208,-8.2567,-40.9258
MRC,5_px,-0.15,2.0,643.8545,303.8304,18.2265,0.0557,-30.5936,-47.0619,-7.6497,-44.8256
NHG,5_px,-0.15,2.0,96.6797,14.1175,15.8903,0.0237,-38.3082,-45.0642,-28.4909,-41.5539
NML,5_px,-0.15,2.0,758.66,350.1477,25.58,0.1678,-27.543,-44.8987,-3.0163,-36.7386
ORO,5_px,-0.15,2.0,3160.4842,760.5661,21.4915,0.233,-24.1721,-46.9448,-7.4143,-36.7819
PNF,5_px,-0.15,2.0,1283.2631,799.4813,12.3768,0.2567,-24.601,-34.022,-15.3992,-24.6301
SCC,5_px,-0.15,2.0,196.6512,60.6116,20.1848,0.0657,-28.5763,-45.4016,-16.8949,-43.8205
SHA,5_px,-0.15,2.0,4298.7014,1069.7244,10.0996,0.3281,-22.6954,-35.3312,-12.7524,-26.4041
TLG,5_px,-0.15,2.0,1195.9336,577.7343,20.3866,0.126,-27.3425,-42.7365,-8.2212,-35.5831
TRM,5_px,-0.15,2.0,310.4166,137.8768,16.9596,0.1224,-26.1798,-43.167,11.4555,-35.6631
YRS,5_px,-0.15,2.0,1582.4729,378.0012,48.1438,0.2199,-24.6857,-51.1636,-5.1189,-44.0004
BND,5_px,-0.15,2.5,6129.2525,1444.2873,12.1005,0.3361,-24.0837,-36.5998,-11.6897,-28.4528
FOL,5_px,-0.15,2.5,1807.8763,450.3767,33.017,0.1356,-27.5901,-53.0437,-7.053,-49.1965
ISB,5_px,-0.15,2.5,603.6,280.1299,6.9627,0.0805,-30.6052,-48.0623,-12.2551,-31.6199
MIL,5_px,-0.15,2.5,1053.6195,623.4722,11.423,0.1391,-28.4038,-40.2104,-2.8366,-30.1384
MKM,5_px,-0.15,2.5,486.2108,169.6745,30.3195,0.1443,-27.5232,-51.871,-2.2951,-44.0115
MRC,5_px,-0.15,2.5,638.6169,272.3068,19.5317,0.053,-31.1583,-52.5544,-1.0364,-47.487
NHG,5_px,-0.15,2.5,95.5281,13.8185,15.9468,0.0232,-39.043,-46.2274,-28.237,-42.8025
NML,5_px,-0.15,2.5,755.7429,315.4262,26.9282,0.1641,-27.8216,-50.3627,2.0953,-38.1464
ORO,5_px,-0.15,2.5,3154.3381,721.1386,21.4887,0.2273,-24.3196,-49.6952,-7.4261,-38.3374
PNF,5_px,-0.15,2.5,1276.8597,748.7766,14.237,0.2535,-24.9772,-38.2065,-2.6838,-25.5701
SCC,5_px,-0.15,2.5,195.9951,57.0307,20.5268,0.0638,-28.8146,-48.6272,-15.4868,-45.4689
SHA,5_px,-0.15,2.5,4288.246,1037.8531,10.2368,0.3244,-22.8835,-37.2579,-11.5668,-27.2295
TLG,5_px,-0.15,2.5,1188.9376,526.0824,21.2371,0.1208,-27.7675,-47.8561,-4.3923,-38.223
TRM,5_px,-0.15,2.5,309.8811,126.2601,18.5663,0.1183,-26.3071,-47.9554,22.0146,-37.8131
YRS,5_px,-0.15,2.5,1577.8598,343.1997,48.8681,0.2111,-24.9053,-55.6598,-3.6914,-46.2299
BND,5_px,-0.15,3.0,6103.2583,1410.822,12.0196,0.3325,-24.4057,-38.0688,-12.2803,-29.2287
FOL,5_px,-0.15,3.0,1797.6453,419.6742,32.5177,0.1302,-27.9999,-56.2447,-8.4585,-51.2277
ISB,5_px,-0.15,3.0,599.4502,260.2236,7.0841,0.0778,-31.0823,-51.7531,-10.7256,-33.8607
MIL,5_px,-0.15,3.0,1046.4796,580.1548,12.6225,0.1361,-28.8889,-44.3645,7.3661,-31.6572
MKM,5_px,-0.15,3.0,484.1042,152.0305,31.377,0.1373,-27.8372,-56.8758,1.1128,-46.7025
MRC,5_px,-0.15,3.0,633.3596,241.8229,20.1364,0.0503,-31.725,-57.8658,2.0275,-50.2086
NHG,5_px,-0.15,3.0,94.37,13.5229,15.8522,0.0227,-39.782,-47.3778,-28.6627,-44.0609
NML,5_px,-0.15,3.0,752.9462,282.1624,28.1427,0.1577,-28.0887,-55.5972,6.6999,-40.5435
ORO,5_px,-0.15,3.0,3145.0359,691.0837,21.6207,0.2223,-24.5427,-51.7917,-6.8578,-39.6859
PNF,5_px,-0.15,3.0,1271.0979,698.8622,15.9374,0.2504,-25.3157,-42.3257,8.9391,-26.4612
SCC,5_px,-0.15,3.0,195.2682,53.7203,20.3593,0.0623,-29.0786,-51.6093,-16.1764,-46.7038
SHA,5_px,-0.15,3.0,4273.5154,1012.6877,10.2345,0.321,-23.1484,-38.7793,-11.5868,-27.9877
TLG,5_px,-0.15,3.0,1182.2439,474.0409,22.2245,0.115,-28.1742,-53.0143,0.0527,-41.1801
TRM,5_px,-0.15,3.0,309.2357,115.7474,19.4786,0.1148,-26.4606,-52.2888,28.0098,-39.6878
YRS,5_px,-0.15,3.0,1571.6787,317.1527,48.5576,0.2036,-25.1994,-59.025,-4.3034,-48.1369
BND,5_px,-0.15,3.5,6075.9442,1383.909,12.0616,0.3293,-24.744,-39.2502,-11.9735,-29.9105
FOL,5_px,-0.15,3.5,1786.5882,395.2122,32.2168,0.1257,-28.4428,-58.7951,-9.3055,-52.925
ISB,5_px,-0.15,3.5,595.6969,241.3757,7.3077,0.0755,-31.5138,-55.2476,-7.9071,-35.8234
MIL,5_px,-0.15,3.5,1039.9312,537.4526,13.526,0.1328,-29.3339,-48.4595,15.0517,-33.3151
MKM,5_px,-0.15,3.5,481.8516,136.3638,31.6142,0.1307,-28.173,-61.3197,1.8773,-49.2773
MRC,5_px,-0.15,3.5,628.2456,213.528,21.2708,0.048,-32.2763,-62.7958,7.7753,-52.482
NHG,5_px,-0.15,3.5,93.2244,13.2442,15.7601,0.0221,-40.513,-48.4624,-29.0772,-45.5146
NML,5_px,-0.15,3.5,749.9542,250.3904,29.484,0.1518,-28.3745,-60.5971,11.7851,-42.7875
ORO,5_px,-0.15,3.5,3133.0133,668.6028,21.7063,0.2187,-24.8312,-53.3599,-6.4887,-40.6653
PNF,5_px,-0.15,3.5,1265.9184,649.0074,17.2726,0.2438,-25.6201,-46.44,18.0662,-28.4233
SCC,5_px,-0.15,3.5,194.3822,50.8874,20.3054,0.0608,-29.4004,-54.1611,-16.3985,-47.9885
SHA,5_px,-0.15,3.5,4258.0552,992.7695,10.3381,0.3176,-23.4264,-39.9834,-10.6919,-28.7548
TLG,5_px,-0.15,3.5,1175.6915,422.1359,23.9782,0.1095,-28.5723,-58.159,7.9479,-43.993
TRM,5_px,-0.15,3.5,308.4014,106.5953,20.3089,0.1114,-26.659,-56.0613,33.4666,-41.4689
YRS,5_px,-0.15,3.5,1564.6808,297.7136,49.0311,0.1972,-25.5325,-61.5365,-3.3702,-49.7731
BND,5_px,-0.15,4.0,6047.3995,1362.4298,12.002,0.326,-25.0976,-40.1931,-12.4089,-30.6071
FOL,5_px,-0.15,4.0,1774.95,375.7762,31.7306,0.1223,-28.9089,-60.8215,-10.6743,-54.2028
ISB,5_px,-0.15,4.0,592.0627,223.6718,7.5024,0.0733,-31.9316,-58.53,-5.4541,-37.7235
MIL,5_px,-0.15,4.0,1033.9373,494.1421,14.5966,0.1277,-29.7412,-52.6129,24.1576,-35.8597
MKM,5_px,-0.15,4.0,479.3297,123.9032,31.5241,0.1252,-28.5489,-64.8543,1.5869,-51.4026
MRC,5_px,-0.15,4.0,623.03,187.6136,21.9865,0.0455,-32.8385,-67.311,11.4017,-54.9155
NHG,5_px,-0.15,4.0,92.0827,12.9651,15.6673,0.0216,-41.2416,-49.5483,-29.4946,-46.7714
NML,5_px,-0.15,4.0,746.6386,223.1189,30.0355,0.1462,-28.6911,-64.8887,13.8762,-44.8885
ORO,5_px,-0.15,4.0,3119.2789,651.5256,21.6164,0.2156,-25.1607,-54.5512,-6.876,-41.4978
PNF,5_px,-0.15,4.0,1261.6024,597.9921,19.1149,0.236,-25.8736,-50.6501,30.6591,-30.689
SCC,5_px,-0.15,4.0,193.4195,48.5785,20.3728,0.0596,-29.7501,-56.2409,-16.1211,-49.0072
SHA,5_px,-0.15,4.0,4241.6886,976.9322,10.3591,0.3149,-23.7207,-40.9408,-10.5102,-29.3686
TLG,5_px,-0.15,4.0,1168.9442,376.555,24.427,0.1043,-28.9822,-62.6768,9.9681,-46.6686
TRM,5_px,-0.15,4.0,307.4788,97.4585,20.2819,0.1084,-26.8784,-59.8275,33.2889,-43.0143
YRS,5_px,-0.15,4.0,1556.8327,283.5826,48.4683,0.192,-25.906,-63.3621,-4.4793,-51.1017
BND,5_px,-0.1,0.0,6816.5277,1911.9877,11.621,0.3979,-15.5712,-16.069,-15.1892,-15.3078
FOL,5_px,-0.1,0.0,2054.6218,794.7763,30.1803,0.2086,-17.7074,-17.1366,-15.0387,-21.8714
ISB,5_px,-0.1,0.0,704.8674,438.816,6.3764,0.0967,-18.9626,-18.6411,-19.6439,-17.8693
MIL,5_px,-0.1,0.0,1217.8771,879.8518,10.1547,0.1616,-17.242,-15.6242,-13.6246,-18.8552
MKM,5_px,-0.1,0.0,551.9478,295.1237,25.1472,0.2075,-17.7242,-16.2867,-18.9629,-19.4522
MRC,5_px,-0.1,0.0,750.7552,477.9129,15.5257,0.0776,-19.0699,-16.7305,-21.3339,-23.1013
NHG,5_px,-0.1,0.0,118.3867,18.8413,18.064,0.0306,-24.4569,-26.682,-18.7093,-24.466
NML,5_px,-0.1,0.0,861.3169,533.4095,21.1026,0.2145,-17.7386,-16.0595,-19.9918,-19.1505
ORO,5_px,-0.1,0.0,3479.2536,1179.4484,19.9623,0.3014,-16.524,-17.7246,-14.0022,-18.2244
PNF,5_px,-0.1,0.0,1441.5019,1035.7558,13.1259,0.2857,-15.3035,-14.5232,-10.2785,-16.1197
SCC,5_px,-0.1,0.0,222.6802,90.4177,19.8294,0.0913,-19.1226,-18.5526,-18.3582,-21.9066
SHA,5_px,-0.1,0.0,4720.2788,1388.7459,9.9966,0.3805,-15.1141,-16.0452,-13.6418,-14.647
TLG,5_px,-0.1,0.0,1362.2798,854.1122,17.978,0.1578,-17.2363,-15.3426,-19.0646,-19.3343
TRM,5_px,-0.1,0.0,348.4185,202.4067,12.4865,0.156,-17.1426,-16.5677,-17.9407,-18.0347
YRS,5_px,-0.1,0.0,1758.6375,647.6006,43.3458,0.3159,-16.3015,-16.3323,-14.5746,-19.5287
BND,5_px,-0.1,0.5,6807.9532,1827.6988,11.8068,0.3903,-15.6774,-19.769,-13.833,-16.912
FOL,5_px,-0.1,0.5,2051.3516,721.986,31.8472,0.1953,-17.8383,-24.7257,-10.346,-26.8226
ISB,5_px,-0.1,0.5,699.003,413.4404,6.1392,0.096,-19.6369,-23.3458,-22.6326,-18.4049
MIL,5_px,-0.1,0.5,1207.9309,848.9149,10.2742,0.1623,-17.9179,-18.591,-12.6083,-18.5063
MKM,5_px,-0.1,0.5,550.2879,274.8224,26.5326,0.1982,-17.9716,-22.0453,-14.4984,-23.0636
MRC,5_px,-0.1,0.5,744.5729,444.6366,17.0096,0.0741,-19.7364,-22.5284,-13.8154,-26.5653
NHG,5_px,-0.1,0.5,117.0425,18.2739,17.9169,0.03,-25.3146,-28.89,-19.3709,-25.9719
NML,5_px,-0.1,0.5,857.7116,501.3572,22.4524,0.2078,-18.0829,-21.1034,-14.8742,-21.679
ORO,5_px,-0.1,0.5,3490.2423,1069.196,21.2762,0.2886,-16.2604,-25.4155,-8.3416,-21.6953
PNF,5_px,-0.1,0.5,1432.3218,1003.7643,13.3176,0.2855,-15.8429,-17.1634,-8.9685,-16.1579
SCC,5_px,-0.1,0.5,222.5439,84.1516,21.0672,0.086,-19.1721,-24.197,-13.2622,-26.4725
SHA,5_px,-0.1,0.5,4721.0262,1324.4811,10.1665,0.3736,-15.1007,-19.9302,-12.1738,-16.2068
TLG,5_px,-0.1,0.5,1354.6021,803.9891,19.0064,0.1541,-17.7028,-20.3107,-14.4348,-21.2102
TRM,5_px,-0.1,0.5,347.3367,190.9595,13.6399,0.1516,-17.3998,-21.2863,-10.3611,-20.3118
YRS,5_px,-0.1,0.5,1757.8488,585.1829,45.755,0.2945,-16.3391,-24.3965,-9.8267,-24.9824
BND,5_px,-0.1,1.0,6795.6924,1752.9958,12.1742,0.383,-15.8293,-23.0483,-11.1519,-18.4608
FOL,5_px,-0.1,1.0,2046.0186,654.4015,33.6839,0.1833,-18.0519,-31.7721,-5.1754,-31.3511
ISB,5_px,-0.1,1.0,693.7525,387.8919,6.6175,0.0949,-20.2405,-28.0827,-16.6055,-19.4009
MIL,5_px,-0.1,1.0,1198.3935,812.8803,10.6898,0.1615,-18.566,-22.0466,-9.0728,-18.9001
MKM,5_px,-0.1,1.0,548.4142,252.8858,28.321,0.189,-18.2509,-28.2677,-8.7353,-26.6637
MRC,5_px,-0.1,1.0,738.4498,409.1977,18.4249,0.0712,-20.3964,-28.7031,-6.6444,-29.4805
NHG,5_px,-0.1,1.0,115.6875,17.7766,17.8143,0.0294,-26.1793,-30.8253,-19.8326,-27.5288
NML,5_px,-0.1,1.0,854.2067,464.737,23.7335,0.2011,-18.4176,-26.8662,-10.0171,-24.2149
ORO,5_px,-0.1,1.0,3496.4647,977.1437,22.3326,0.2769,-16.1111,-31.8369,-3.7906,-24.8796
PNF,5_px,-0.1,1.0,1423.9284,965.8305,13.3278,0.2848,-16.3361,-20.2939,-8.8984,-16.3888
SCC,5_px,-0.1,1.0,222.3669,78.5991,21.0122,0.0821,-19.2364,-29.1987,-13.4883,-29.7629
SHA,5_px,-0.1,1.0,4718.7062,1267.0957,10.5584,0.3673,-15.1424,-23.3994,-8.7886,-17.617
TLG,5_px,-0.1,1.0,1346.9115,749.6174,20.4231,0.1498,-18.17,-25.6999,-8.0568,-23.3807
TRM,5_px,-0.1,1.0,346.242,177.9055,15.3457,0.1459,-17.6601,-26.6671,0.8492,-23.3312
YRS,5_px,-0.1,1.0,1756.6379,524.3271,47.9721,0.2773,-16.3967,-32.2588,-5.4573,-29.3669
BND,5_px,-0.1,1.5,6780.0772,1688.0543,12.5807,0.3767,-16.0227,-25.8991,-8.1854,-19.8215
FOL,5_px,-0.1,1.5,2039.0748,595.8044,34.7312,0.1732,-18.33,-37.8814,-2.2273,-35.1337
ISB,5_px,-0.1,1.5,688.7184,362.9301,7.041,0.0935,-20.8192,-32.7107,-11.2676,-20.5238
MIL,5_px,-0.1,1.5,1189.144,774.3904,10.5615,0.1602,-19.1945,-25.7377,-10.1649,-19.5599
MKM,5_px,-0.1,1.5,546.8027,230.571,29.422,0.1797,-18.4911,-34.5974,-5.1873,-30.2448
MRC,5_px,-0.1,1.5,732.6472,373.6858,19.3199,0.0681,-21.022,-34.8906,-2.1096,-32.5632
NHG,5_px,-0.1,1.5,114.3309,17.3241,17.7386,0.0288,-27.0449,-32.5862,-20.1734,-29.0621
NML,5_px,-0.1,1.5,851.1852,427.1587,26.8445,0.1945,-18.7062,-32.7798,1.778,-26.6868
ORO,5_px,-0.1,1.5,3498.7338,903.7333,23.0384,0.2673,-16.0566,-36.9578,-0.7502,-27.4807
PNF,5_px,-0.1,1.5,1416.1089,923.7877,12.9563,0.2834,-16.7955,-23.7635,-11.4377,-16.7849
SCC,5_px,-0.1,1.5,222.1539,72.9986,21.6433,0.0787,-19.3138,-34.2435,-10.8902,-32.7284
SHA,5_px,-0.1,1.5,4713.8257,1216.7062,10.6214,0.3619,-15.2302,-26.4456,-8.2442,-18.8238
TLG,5_px,-0.1,1.5,1339.2434,693.7934,21.2711,0.1458,-18.6359,-31.233,-4.2392,-25.4387
TRM,5_px,-0.1,1.5,345.485,165.4929,16.9595,0.1406,-17.8402,-31.7836,11.4549,-26.0971
YRS,5_px,-0.1,1.5,1754.262,468.2584,50.971,0.2613,-16.5098,-39.5027,0.453,-33.44
BND,5_px,-0.1,2.0,6760.911,1632.5718,13.0287,0.3715,-16.2601,-28.3346,-4.9159,-20.9176
FOL,5_px,-0.1,2.0,2030.6195,545.9877,35.2759,0.1639,-18.6687,-43.0753,-0.6937,-38.6077
ISB,5_px,-0.1,2.0,683.629,337.7747,7.5982,0.0918,-21.4044,-37.3747,-4.2468,-21.9959
MIL,5_px,-0.1,2.0,1180.6481,732.4738,11.6002,0.158,-19.7718,-29.7574,-1.3291,-20.6489
MKM,5_px,-0.1,2.0,544.9539,209.4655,31.3931,0.1705,-18.7667,-40.5841,1.1648,-33.8057
MRC,5_px,-0.1,2.0,726.9178,338.1333,20.6188,0.0645,-21.6396,-41.0851,4.4715,-36.1373
NHG,5_px,-0.1,2.0,112.9635,16.932,17.8858,0.0282,-27.9175,-34.1118,-19.5111,-30.435
NML,5_px,-0.1,2.0,848.1617,388.5164,28.9138,0.1888,-18.995,-38.8608,9.6234,-28.8562
ORO,5_px,-0.1,2.0,3496.5069,844.9301,23.3837,0.2598,-16.1101,-41.0598,0.7374,-29.5083
PNF,5_px,-0.1,2.0,1408.7314,874.7828,13.791,0.2815,-17.229,-27.8077,-5.7321,-17.3573
SCC,5_px,-0.1,2.0,221.5087,68.2248,22.4404,0.0752,-19.5481,-38.5437,-7.6085,-35.6995
SHA,5_px,-0.1,2.0,4706.1966,1173.451,10.9838,0.3575,-15.3674,-29.0605,-5.1134,-19.8115
TLG,5_px,-0.1,2.0,1331.9084,637.1865,22.8139,0.1401,-19.0815,-36.8437,2.7062,-28.3867
TRM,5_px,-0.1,2.0,344.7614,153.2323,18.8458,0.1362,-18.0123,-36.8374,23.8511,-28.4089
YRS,5_px,-0.1,2.0,1750.7199,420.4738,51.7138,0.2474,-16.6784,-45.6763,1.9169,-36.9742
BND,5_px,-0.1,2.5,6737.843,1587.1109,13.0941,0.3674,-16.5458,-30.3302,-4.4387,-21.7978
FOL,5_px,-0.1,2.5,2021.0057,504.025,35.1982,0.1564,-19.0538,-47.4503,-0.9125,-41.415
ISB,5_px,-0.1,2.5,678.9322,313.9713,7.9332,0.0896,-21.9443,-41.788,-0.0249,-23.8957
MIL,5_px,-0.1,2.5,1172.7217,687.4063,12.9191,0.1555,-20.3104,-34.0793,9.8893,-21.925
MKM,5_px,-0.1,2.5,543.0507,188.8496,32.7831,0.1619,-19.0504,-46.4319,5.644,-37.1718
MRC,5_px,-0.1,2.5,721.2155,303.6346,22.2194,0.0613,-22.2543,-47.096,12.5818,-39.286
NHG,5_px,-0.1,2.5,111.5929,16.5673,17.9051,0.0276,-28.7921,-35.531,-19.4243,-31.9682
NML,5_px,-0.1,2.5,844.9945,350.5602,30.5861,0.1828,-19.2975,-44.8338,15.9639,-31.1135
ORO,5_px,-0.1,2.5,3490.0497,800.4114,23.3379,0.2531,-16.265,-44.1653,0.5401,-31.3391
PNF,5_px,-0.1,2.5,1402.1164,819.9829,15.7529,0.2774,-17.6176,-32.3301,7.6782,-18.56
SCC,5_px,-0.1,2.5,220.7935,64.2581,23.2337,0.0732,-19.8079,-42.1169,-4.342,-37.3863
SHA,5_px,-0.1,2.5,4696.3631,1137.9165,11.1665,0.3534,-15.5442,-31.2087,-3.5354,-20.7287
TLG,5_px,-0.1,2.5,1324.4998,581.1827,23.7958,0.1344,-19.5316,-42.3947,7.1268,-31.2607
TRM,5_px,-0.1,2.5,344.1516,140.3933,20.6446,0.1314,-18.1573,-42.1297,35.6729,-30.9299
YRS,5_px,-0.1,2.5,1745.9943,381.8345,52.004,0.2376,-16.9033,-50.6683,2.4887,-39.4806
BND,5_px,-0.1,3.0,6709.7635,1549.7781,13.0387,0.3636,-16.8936,-31.969,-4.8426,-22.6099
FOL,5_px,-0.1,3.0,2010.0937,470.1309,34.7581,0.1498,-19.4908,-50.9841,-2.1514,-43.8946
ISB,5_px,-0.1,3.0,674.2819,291.4771,8.2028,0.0865,-22.479,-45.9585,3.3732,-26.5408
MIL,5_px,-0.1,3.0,1165.1196,640.0772,14.0669,0.1518,-20.827,-38.618,19.6521,-23.7883
MKM,5_px,-0.1,3.0,540.7338,169.5282,34.0266,0.1538,-19.3958,-51.9125,9.6511,-40.2994
MRC,5_px,-0.1,3.0,715.5441,270.4098,22.856,0.0582,-22.8656,-52.8849,15.8073,-42.3847
NHG,5_px,-0.1,3.0,110.2224,16.2072,17.7638,0.027,-29.6666,-36.9322,-20.0602,-33.3603
NML,5_px,-0.1,3.0,841.968,314.1832,31.2771,0.1758,-19.5865,-50.5583,18.5835,-33.7501
ORO,5_px,-0.1,3.0,3480.3064,766.643,23.6979,0.247,-16.4988,-46.5209,2.091,-32.9993
PNF,5_px,-0.1,3.0,1396.2126,765.8036,17.6945,0.274,-17.9645,-36.8013,20.9495,-19.5559
SCC,5_px,-0.1,3.0,219.9781,60.5212,23.0436,0.0714,-20.104,-45.4831,-5.125,-38.9845
SHA,5_px,-0.1,3.0,4681.2043,1109.6921,11.1487,0.3503,-15.8168,-32.915,-3.6895,-21.4217
TLG,5_px,-0.1,3.0,1317.3678,524.9245,24.7648,0.1277,-19.9649,-47.9708,11.489,-34.7035
TRM,5_px,-0.1,3.0,343.4519,128.884,21.5392,0.1273,-18.3237,-46.8739,41.5517,-33.0749
YRS,5_px,-0.1,3.0,1739.6131,352.692,52.7398,0.2299,-17.207,-54.4334,3.9388,-41.4543
BND,5_px,-0.1,3.5,6680.7038,1520.0615,13.1099,0.3601,-17.2535,-33.2735,-4.323,-23.3405
FOL,5_px,-0.1,3.5,1998.243,442.9639,34.4902,0.1446,-19.9655,-53.8165,-2.9057,-45.828
ISB,5_px,-0.1,3.5,670.2252,270.5536,8.3621,0.0839,-22.9454,-49.8378,5.38,-28.7018
MIL,5_px,-0.1,3.5,1158.115,593.3734,15.1769,0.1475,-21.303,-43.0968,29.0934,-25.9151
MKM,5_px,-0.1,3.5,538.3182,152.2581,34.3495,0.1469,-19.7559,-56.8112,10.6916,-42.9776
MRC,5_px,-0.1,3.5,709.9622,239.449,23.9914,0.0554,-23.4674,-58.2794,21.5602,-45.1277
NHG,5_px,-0.1,3.5,108.8724,15.869,17.6286,0.0264,-30.528,-38.2485,-20.6686,-34.9564
NML,5_px,-0.1,3.5,838.7396,279.5046,32.9541,0.1692,-19.8949,-56.0155,24.9416,-36.2417
ORO,5_px,-0.1,3.5,3467.5455,741.4747,23.8824,0.2433,-16.8049,-48.2766,2.8859,-34.0002
PNF,5_px,-0.1,3.5,1390.7492,711.5459,19.2334,0.2668,-18.2855,-41.279,31.4688,-21.6515
SCC,5_px,-0.1,3.5,218.9779,57.3663,22.9067,0.0693,-20.4673,-48.325,-5.6883,-40.7399
SHA,5_px,-0.1,3.5,4664.3013,1087.4336,11.2432,0.3463,-16.1208,-34.2606,-2.8731,-22.3218
TLG,5_px,-0.1,3.5,1310.3795,468.702,26.601,0.1215,-20.3895,-53.5435,19.7556,-37.8992
TRM,5_px,-0.1,3.5,342.5652,118.8555,22.1695,0.1236,-18.5345,-51.0076,45.6939,-35.027
YRS,5_px,-0.1,3.5,1732.3306,330.9117,53.035,0.2229,-17.5536,-57.2474,4.5207,-43.2309
BND,5_px,-0.1,4.0,6650.4312,1496.3083,13.0388,0.3567,-17.6285,-34.3162,-4.8419,-24.0707
FOL,5_px,-0.1,4.0,1985.8193,421.4674,33.971,0.1405,-20.4631,-56.0578,-4.3672,-47.3863
ISB,5_px,-0.1,4.0,666.2132,250.8006,8.6286,0.0814,-23.4066,-53.5002,8.7384,-30.8247
MIL,5_px,-0.1,4.0,1151.6177,546.1734,16.4403,0.1423,-21.7445,-47.6232,39.8398,-28.5699
MKM,5_px,-0.1,4.0,535.5873,138.4905,35.2556,0.1403,-20.1629,-60.7165,13.6116,-45.5367
MRC,5_px,-0.1,4.0,704.2832,210.9414,24.7089,0.0524,-24.0795,-63.2465,25.1954,-48.0799
NHG,5_px,-0.1,4.0,107.5323,15.5308,17.5039,0.0258,-31.3832,-39.5644,-21.2295,-36.364
NML,5_px,-0.1,4.0,835.107,249.4157,33.0395,0.1625,-20.2418,-60.7505,25.2657,-38.749
ORO,5_px,-0.1,4.0,3452.9596,722.2731,23.6384,0.2399,-17.1549,-49.616,1.8347,-34.9231
PNF,5_px,-0.1,4.0,1386.1662,656.0644,21.2243,0.2583,-18.5548,-45.8576,45.0775,-24.1619
SCC,5_px,-0.1,4.0,217.9103,54.7649,22.7462,0.0682,-20.855,-50.6683,-6.3492,-41.7125
SHA,5_px,-0.1,4.0,4646.886,1069.8365,11.2666,0.3432,-16.434,-35.3244,-2.671,-23.0089
TLG,5_px,-0.1,4.0,1303.1163,418.9562,27.1492,0.1158,-20.8307,-58.4741,22.2236,-40.7861
TRM,5_px,-0.1,4.0,341.5282,108.7662,22.4144,0.1205,-18.7811,-55.1664,47.3035,-36.6459
YRS,5_px,-0.1,4.0,1724.0911,315.1193,52.6075,0.2166,-17.9457,-59.2877,3.6781,-44.8345
BND,5_px,-0.05,0.0,7439.5611,2092.9757,12.6857,0.4336,-7.8544,-8.1241,-7.419,-7.7086
FOL,5_px,-0.05,0.0,2273.8643,876.3213,32.7867,0.2362,-8.9261,-8.6347,-7.7011,-11.5061
ISB,5_px,-0.05,0.0,785.6213,488.2343,7.0925,0.1068,-9.6785,-9.4786,-10.6192,-9.2193
MIL,5_px,-0.05,0.0,1343.0217,960.9015,11.0479,0.1799,-8.7381,-7.8517,-6.0272,-9.6486
MKM,5_px,-0.05,0.0,610.7659,323.6415,28.0602,0.2326,-8.9565,-8.1975,-9.5757,-9.7273
MRC,5_px,-0.05,0.0,838.0539,525.724,17.7406,0.0891,-9.6593,-8.4001,-10.1116,-11.7685
NHG,5_px,-0.05,0.0,136.944,22.212,19.9943,0.0353,-12.6154,-13.5655,-10.0222,-12.9814
NML,5_px,-0.05,0.0,953.3238,584.2819,23.7383,0.2397,-8.9513,-8.0539,-9.9989,-9.6401
ORO,5_px,-0.05,0.0,3820.5326,1304.9043,21.581,0.3337,-8.3359,-8.9731,-7.0287,-9.4655
PNF,5_px,-0.05,0.0,1570.5127,1123.524,13.8556,0.3121,-7.7234,-7.2801,-5.2911,-8.3625
SCC,5_px,-0.05,0.0,248.5734,100.5603,22.0055,0.1036,-9.7182,-9.4162,-9.399,-11.4305
SHA,5_px,-0.05,0.0,5136.5098,1519.6785,10.7895,0.4131,-7.6289,-8.1298,-6.7921,-7.3465
TLG,5_px,-0.05,0.0,1502.7057,931.2124,20.2499,0.1764,-8.7049,-7.7006,-8.8367,-9.82
TRM,5_px,-0.05,0.0,383.9647,222.3236,13.7473,0.1729,-8.6893,-8.3579,-9.6549,-9.1435
YRS,5_px,-0.05,0.0,1929.0412,710.443,47.2173,0.3537,-8.1916,-8.2133,-6.9448,-9.9151
BND,5_px,-0.05,0.5,7430.5054,1998.8385,12.7106,0.425,-7.9666,-12.2565,-7.2374,-9.5374
FOL,5_px,-0.05,0.5,2270.4603,797.1304,34.6332,0.222,-9.0625,-16.8911,-2.5032,-16.8505
ISB,5_px,-0.05,0.5,779.5371,460.1288,6.7969,0.1062,-10.378,-14.6895,-14.3442,-9.7808
MIL,5_px,-0.05,0.5,1332.609,927.4864,11.0723,0.1811,-9.4457,-11.0562,-5.82,-9.0779
MKM,5_px,-0.05,0.5,609.0996,301.7533,30.0899,0.2219,-9.2049,-14.4062,-3.0349,-13.8785
MRC,5_px,-0.05,0.5,831.632,489.3611,19.0905,0.0851,-10.3516,-14.7358,-3.2721,-15.7444
NHG,5_px,-0.05,0.5,135.4028,21.5792,19.9854,0.0347,-13.5988,-16.0281,-10.0625,-14.5187
NML,5_px,-0.05,0.5,949.671,549.5728,25.2374,0.2317,-9.3002,-13.516,-4.3152,-12.68
ORO,5_px,-0.05,0.5,3832.5547,1182.1751,23.1483,0.3193,-8.0474,-17.5344,-0.2766,-13.3593
PNF,5_px,-0.05,0.5,1561.1452,1089.6132,13.8728,0.3114,-8.2738,-10.0786,-5.1736,-8.5518
SCC,5_px,-0.05,0.5,248.437,93.665,23.1924,0.0979,-9.7678,-15.6274,-4.5123,-16.2924
SHA,5_px,-0.05,0.5,5137.303,1447.6621,10.9905,0.4053,-7.6147,-12.4834,-5.0558,-9.0985
TLG,5_px,-0.05,0.5,1494.8786,877.2264,21.0329,0.1718,-9.1805,-13.0516,-5.3118,-12.1503
TRM,5_px,-0.05,0.5,382.862,209.8886,15.3397,0.1679,-8.9515,-13.4837,0.81,-11.7523
YRS,5_px,-0.05,0.5,1928.3036,643.0855,49.3512,0.3293,-8.2267,-16.9157,-2.7394,-16.1152
BND,5_px,-0.05,1.0,7418.0378,1916.4176,13.1162,0.4169,-8.121,-15.8745,-4.2773,-11.2474
FOL,5_px,-0.05,1.0,2265.0033,723.419,36.3957,0.2081,-9.2811,-24.5763,2.4585,-22.0278
ISB,5_px,-0.05,1.0,773.9701,431.7959,7.539,0.1048,-11.018,-19.9426,-4.9928,-10.9183
MIL,5_px,-0.05,1.0,1322.7175,888.5176,11.3401,0.1797,-10.1178,-14.7932,-3.5421,-9.7437
MKM,5_px,-0.05,1.0,607.1917,278.0655,32.2426,0.2114,-9.4893,-21.1254,3.9022,-17.9485
MRC,5_px,-0.05,1.0,825.1997,450.4987,20.6383,0.0815,-11.045,-21.507,4.5706,-19.2631
NHG,5_px,-0.05,1.0,133.8448,21.0133,19.9102,0.0341,-14.593,-18.23,-10.4009,-15.9573
NML,5_px,-0.05,1.0,946.1379,509.9502,26.6575,0.2247,-9.6376,-19.7512,1.0689,-15.31
ORO,5_px,-0.05,1.0,3839.4228,1079.2754,24.1404,0.3063,-7.8827,-24.7124,3.9973,-16.8988
PNF,5_px,-0.05,1.0,1552.6128,1048.9985,14.0765,0.3106,-8.7751,-13.4304,-3.7808,-8.7928
SCC,5_px,-0.05,1.0,248.1801,87.5487,23.5944,0.0934,-9.8611,-21.1369,-2.8571,-20.1281
SHA,5_px,-0.05,1.0,5135.1982,1384.0254,11.3227,0.3983,-7.6525,-16.3305,-2.1857,-10.6555
TLG,5_px,-0.05,1.0,1486.9482,818.6938,22.4809,0.1669,-9.6623,-18.8532,1.2072,-14.6652
TRM,5_px,-0.05,1.0,381.7668,195.7085,17.4617,0.1617,-9.212,-19.3287,14.7553,-15.0182
YRS,5_px,-0.05,1.0,1927.0372,576.9186,51.1324,0.3093,-8.2869,-25.4642,0.771,-21.2088
BND,5_px,-0.05,1.5,7401.6577,1844.6152,13.5699,0.4098,-8.3239,-19.0265,-0.9661,-12.7727
FOL,5_px,-0.05,1.5,2257.6112,659.2013,36.9327,0.1963,-9.5771,-31.2716,3.9704,-26.4791
ISB,5_px,-0.05,1.5,768.6722,403.9482,7.8075,0.1035,-11.6271,-25.1057,-1.6087,-12.041
MIL,5_px,-0.05,1.5,1313.047,846.8589,11.7736,0.1777,-10.775,-18.7881,0.1456,-10.7805
MKM,5_px,-0.05,1.5,605.412,253.7708,33.108,0.2011,-9.7545,-28.0167,6.6911,-21.9636
MRC,5_px,-0.05,1.5,819.0874,411.6883,21.9873,0.0777,-11.7039,-28.2692,11.4057,-22.9894
NHG,5_px,-0.05,1.5,132.2798,20.4868,19.8374,0.0334,-15.5916,-20.2791,-10.7285,-17.5396
NML,5_px,-0.05,1.5,943.0115,469.1583,30.5024,0.2166,-9.9362,-26.1705,15.6466,-18.3705
ORO,5_px,-0.05,1.5,3841.6872,997.0243,25.1136,0.2956,-7.8283,-30.4501,8.1901,-19.7974
PNF,5_px,-0.05,1.5,1544.7028,1003.9357,13.7949,0.3094,-9.2399,-17.1492,-5.7055,-9.1386
SCC,5_px,-0.05,1.5,247.9422,81.3849,23.7887,0.0894,-9.9475,-26.6892,-2.0569,-23.5656
SHA,5_px,-0.05,1.5,5130.0635,1327.8805,11.5146,0.3928,-7.7449,-19.7247,-0.5279,-11.9004
TLG,5_px,-0.05,1.5,1479.0131,758.5888,23.5726,0.1622,-10.1444,-24.8106,6.1218,-17.0485
TRM,5_px,-0.05,1.5,380.9424,182.2842,19.1861,0.1555,-9.408,-24.8622,26.0881,-18.2605
YRS,5_px,-0.05,1.5,1924.6979,515.987,54.3893,0.2928,-8.3983,-33.3363,7.1897,-25.4339
BND,5_px,-0.05,2.0,7381.415,1783.2489,14.0407,0.4034,-8.5746,-21.7203,2.4698,-14.1217
FOL,5_px,-0.05,2.0,2248.6749,604.6665,37.7716,0.1863,-9.935,-36.9574,6.3318,-30.1983
ISB,5_px,-0.05,2.0,763.3275,375.8851,8.4493,0.1014,-12.2416,-30.3088,6.4794,-13.8338
MIL,5_px,-0.05,2.0,1304.1073,801.3394,13.0431,0.1755,-11.3824,-23.1534,10.944,-11.8821
MKM,5_px,-0.05,2.0,603.41,230.9304,34.2713,0.1902,-10.053,-34.4954,10.4396,-26.1848
MRC,5_px,-0.05,2.0,813.0371,373.0141,23.3213,0.0736,-12.3561,-35.0076,18.165,-27.1164
NHG,5_px,-0.05,2.0,130.7107,20.037,19.8243,0.0328,-16.5929,-22.0293,-10.7873,-19.0574
NML,5_px,-0.05,2.0,939.9018,427.2853,31.9856,0.2097,-10.2332,-32.7598,21.2699,-20.9613
ORO,5_px,-0.05,2.0,3839.5882,931.2915,25.5447,0.2867,-7.8787,-35.0354,10.0469,-22.2171
PNF,5_px,-0.05,2.0,1537.2301,951.219,15.2357,0.3068,-9.6789,-21.4997,4.1425,-9.9022
SCC,5_px,-0.05,2.0,247.2852,76.1126,24.5788,0.0855,-10.1861,-31.4385,1.1959,-26.8892
SHA,5_px,-0.05,2.0,5121.9686,1279.8415,11.8825,0.3877,-7.8904,-22.6288,2.65,-13.028
TLG,5_px,-0.05,2.0,1471.4203,697.5717,25.3098,0.1551,-10.6056,-30.8585,13.9427,-20.7138
TRM,5_px,-0.05,2.0,380.2209,169.0316,20.5894,0.1511,-9.5796,-30.325,35.3099,-20.5924
YRS,5_px,-0.05,2.0,1920.9841,463.6897,55.5168,0.2769,-8.575,-40.0929,9.4118,-29.4764
BND,5_px,-0.05,2.5,7358.1709,1732.9379,14.0763,0.3987,-8.8625,-23.9288,2.7295,-15.1272
FOL,5_px,-0.05,2.5,2238.5348,558.68,38.1702,0.1777,-10.3412,-41.752,7.4541,-33.4337
ISB,5_px,-0.05,2.5,758.2562,349.4766,8.9109,0.0989,-12.8246,-35.2051,12.296,-15.9405
MIL,5_px,-0.05,2.5,1295.8515,752.4319,14.4216,0.1718,-11.9434,-27.8435,22.6688,-13.7562
MKM,5_px,-0.05,2.5,601.3743,208.5078,35.3334,0.1809,-10.3564,-40.8557,13.8624,-29.7816
MRC,5_px,-0.05,2.5,806.9209,335.5584,25.1563,0.0703,-13.0154,-41.5337,27.4625,-30.3854
NHG,5_px,-0.05,2.5,129.1373,19.6171,19.8842,0.0322,-17.5968,-23.6631,-10.5178,-20.507
NML,5_px,-0.05,2.5,936.6233,386.1951,33.9773,0.2026,-10.5463,-39.2261,28.8212,-23.6419
ORO,5_px,-0.05,2.5,3832.7514,881.5623,25.4305,0.2796,-8.0427,-38.5044,9.555,-24.1346
PNF,5_px,-0.05,2.5,1530.2826,892.1459,17.458,0.3022,-10.0871,-26.3748,19.3332,-11.2585
SCC,5_px,-0.05,2.5,246.4523,71.6914,25.5336,0.0833,-10.4886,-35.4211,5.1272,-28.7922
SHA,5_px,-0.05,2.5,5111.5539,1240.2548,12.1035,0.3834,-8.0777,-25.022,4.5594,-13.9939
TLG,5_px,-0.05,2.5,1463.6251,637.1671,26.3592,0.148,-11.0792,-36.8456,18.667,-24.3351
TRM,5_px,-0.05,2.5,379.5691,155.0026,22.6894,0.1451,-9.7346,-36.1077,49.111,-23.7181
YRS,5_px,-0.05,2.5,1916.2377,421.3203,55.7263,0.2657,-8.8009,-45.5669,9.8246,-32.3384
BND,5_px,-0.05,3.0,7329.0818,1691.7683,14.0125,0.3949,-9.2228,-25.736,2.264,-15.9381
FOL,5_px,-0.05,3.0,2227.0666,521.608,37.8939,0.17,-10.8005,-45.6171,6.6761,-36.3212
ISB,5_px,-0.05,3.0,753.2562,324.4248,9.3676,0.0955,-13.3995,-39.8498,18.0522,-18.8945
MIL,5_px,-0.05,3.0,1287.874,701.1117,15.767,0.1677,-12.4855,-32.765,34.1132,-15.7708
MKM,5_px,-0.05,3.0,598.8519,187.4779,36.9304,0.1713,-10.7324,-46.821,19.0088,-33.5214
MRC,5_px,-0.05,3.0,800.8854,299.6236,25.8406,0.0668,-13.666,-47.7948,30.9298,-33.8283
NHG,5_px,-0.05,3.0,127.5663,19.2067,19.7719,0.0316,-18.5993,-25.2601,-11.0233,-22.0275
NML,5_px,-0.05,3.0,933.4369,346.7175,34.7247,0.1948,-10.8506,-45.4385,31.6549,-26.5847
ORO,5_px,-0.05,3.0,3822.5578,843.8521,25.8222,0.2731,-8.2873,-41.135,11.2428,-25.9085
PNF,5_px,-0.05,3.0,1524.2051,833.76,19.534,0.298,-10.4442,-31.1931,33.5235,-12.5055
SCC,5_px,-0.05,3.0,245.5666,67.5481,25.5093,0.0808,-10.8103,-39.1533,5.0271,-30.873
SHA,5_px,-0.05,3.0,5097.2025,1209.1067,12.0765,0.3793,-8.3358,-26.905,4.3257,-14.9151
TLG,5_px,-0.05,3.0,1456.0311,576.5494,27.607,0.1411,-11.5406,-42.8539,24.2844,-27.8672
TRM,5_px,-0.05,3.0,378.794,142.474,23.6154,0.1404,-9.919,-41.272,55.1963,-26.2017
YRS,5_px,-0.05,3.0,1909.7364,388.9475,56.5246,0.2567,-9.1103,-49.7494,11.398,-34.6222
BND,5_px,-0.05,3.5,7297.9923,1659.1272,14.0847,0.3911,-9.6079,-27.1689,2.7909,-16.7563
FOL,5_px,-0.05,3.5,2214.5506,491.7615,37.5969,0.1646,-11.3018,-48.7289,5.8401,-38.3374
ISB,5_px,-0.05,3.5,748.7947,301.2716,9.4435,0.0927,-13.9124,-44.1426,19.0083,-21.2374
MIL,5_px,-0.05,3.5,1280.3446,650.453,16.9625,0.1632,-12.9972,-37.623,44.2818,-18.0401
MKM,5_px,-0.05,3.5,596.2686,168.5996,37.7313,0.1633,-11.1175,-52.1759,21.5897,-36.6171
MRC,5_px,-0.05,3.5,794.899,266.0687,26.8236,0.0635,-14.3113,-53.6413,35.9104,-37.138
NHG,5_px,-0.05,3.5,126.0138,18.8173,19.6576,0.031,-19.59,-26.7757,-11.5377,-23.5533
NML,5_px,-0.05,3.5,930.0016,309.0587,35.5855,0.1874,-11.1787,-51.3647,34.9185,-29.3581
ORO,5_px,-0.05,3.5,3809.1675,816.022,25.7659,0.2685,-8.6086,-43.0763,11.0,-27.1661
PNF,5_px,-0.05,3.5,1518.474,775.1426,21.2427,0.2905,-10.781,-36.0306,45.2031,-14.7064
SCC,5_px,-0.05,3.5,244.4892,64.0757,25.49,0.0788,-11.2016,-42.2812,4.9475,-32.5906
SHA,5_px,-0.05,3.5,5079.014,1184.3144,12.1594,0.3755,-8.6629,-28.4038,5.0423,-15.7682
TLG,5_px,-0.05,3.5,1448.6952,516.1098,28.7812,0.1342,-11.9863,-48.8445,29.5704,-31.3964
TRM,5_px,-0.05,3.5,377.851,131.4902,24.2468,0.1367,-10.1432,-45.7996,59.3461,-28.1695
YRS,5_px,-0.05,3.5,1902.1918,364.7959,57.2888,0.2488,-9.4694,-52.8697,12.9039,-36.629
BND,5_px,-0.05,4.0,7265.9929,1633.0218,14.0284,0.3876,-10.0042,-28.3148,2.3798,-17.4813
FOL,5_px,-0.05,4.0,2201.4091,468.1452,37.3337,0.1597,-11.8282,-51.1911,5.0991,-40.1726
ISB,5_px,-0.05,4.0,744.3483,279.3205,9.8505,0.0898,-14.4236,-48.2124,24.137,-23.715
MIL,5_px,-0.05,4.0,1273.3943,599.4063,18.3763,0.1572,-13.4695,-42.5183,56.3074,-21.0525
MKM,5_px,-0.05,4.0,593.3157,153.4932,39.0203,0.1565,-11.5577,-56.4609,25.7434,-39.2553
MRC,5_px,-0.05,4.0,788.8239,235.0599,27.6029,0.0602,-14.9662,-59.0442,39.8586,-40.4195
NHG,5_px,-0.05,4.0,124.47,18.4286,19.5379,0.0304,-20.5751,-28.2882,-12.0764,-25.1312
NML,5_px,-0.05,4.0,926.0844,276.1766,36.3862,0.1799,-11.5529,-56.5392,37.9542,-32.183
ORO,5_px,-0.05,4.0,3793.816,794.5886,25.5925,0.2648,-8.9769,-44.5715,10.253,-28.152
PNF,5_px,-0.05,4.0,1513.6855,715.2356,23.4003,0.281,-11.0623,-40.9745,59.9517,-17.4786
SCC,5_px,-0.05,4.0,243.2936,61.1671,25.3654,0.0773,-11.6358,-44.9012,4.4347,-33.8817
SHA,5_px,-0.05,4.0,5060.3567,1164.896,12.1804,0.3722,-8.9984,-29.5777,5.2236,-16.5213
TLG,5_px,-0.05,4.0,1440.9552,462.1368,29.5334,0.1276,-12.4565,-54.1942,32.9568,-34.7629
TRM,5_px,-0.05,4.0,376.7502,120.4743,24.7746,0.1331,-10.405,-50.3403,62.8148,-30.0705
YRS,5_px,-0.05,4.0,1893.6154,347.2824,57.4002,0.2426,-9.8776,-55.1324,13.1235,-38.2089
BND,5_px,-0.0,0.0,8073.7024,2278.0469,13.7023,0.4698,0.0,0.0,0.0,0.0
FOL,5_px,-0.0,0.0,2496.7258,959.14,35.5224,0.2669,0.0,0.0,0.0,0.0
ISB,5_px,-0.0,0.0,869.8053,539.358,7.9351,0.1177,0.0,0.0,0.0,0.0
MIL,5_px,-0.0,0.0,1471.6126,1042.7774,11.7565,0.1992,0.0,0.0,0.0,0.0
MKM,5_px,-0.0,0.0,670.8504,352.541,31.0317,0.2577,0.0,0.0,0.0,0.0
MRC,5_px,-0.0,0.0,927.6594,573.9349,19.7363,0.101,0.0,0.0,0.0,0.0
NHG,5_px,-0.0,0.0,156.7141,25.6981,22.2214,0.0405,0.0,0.0,0.0,0.0
NML,5_px,-0.0,0.0,1047.0484,635.4615,26.3756,0.2653,0.0,0.0,0.0,0.0
ORO,5_px,-0.0,0.0,4167.9697,1433.5371,23.2125,0.3686,0.0,0.0,0.0,0.0
PNF,5_px,-0.0,0.0,1701.9619,1211.7395,14.6296,0.3406,0.0,0.0,0.0,0.0
SCC,5_px,-0.0,0.0,275.3306,111.0136,24.2883,0.1169,0.0,0.0,0.0,0.0
SHA,5_px,-0.0,0.0,5560.7352,1654.1581,11.5758,0.4458,0.0,0.0,0.0,0.0
TLG,5_px,-0.0,0.0,1645.9879,1008.9044,22.2128,0.1956,0.0,0.0,0.0,0.0
TRM,5_px,-0.0,0.0,420.5036,242.5999,15.2165,0.1903,0.0,0.0,0.0,0.0
YRS,5_px,-0.0,0.0,2101.1589,774.0152,50.7412,0.3926,0.0,0.0,0.0,0.0
BND,5_px,-0.0,0.5,8064.1894,2173.7569,13.6758,0.4602,-0.1178,-4.578,-0.1929,-2.0435
FOL,5_px,-0.0,0.5,2493.2142,873.508,37.2374,0.2488,-0.1406,-8.928,4.8279,-6.8147
ISB,5_px,-0.0,0.5,863.3817,508.3786,7.5198,0.1167,-0.7385,-5.7438,-5.2338,-0.8548
MIL,5_px,-0.0,0.5,1460.8848,1006.9218,11.7709,0.1998,-0.729,-3.4385,0.1222,0.3119
MKM,5_px,-0.0,0.5,669.0964,328.9463,33.4229,0.247,-0.2615,-6.6928,7.7058,-4.1499
MRC,5_px,-0.0,0.5,921.0327,534.535,21.2495,0.0968,-0.7143,-6.8649,7.6673,-4.1256
NHG,5_px,-0.0,0.5,155.0074,25.0006,22.2853,0.0397,-1.089,-2.7142,0.2874,-2.091
NML,5_px,-0.0,0.5,1043.4064,598.2762,28.2159,0.2571,-0.3478,-5.8517,6.9774,-3.0761
ORO,5_px,-0.0,0.5,4181.1112,1298.052,24.9384,0.3509,0.3153,-9.4511,7.4352,-4.8029
PNF,5_px,-0.0,0.5,1692.4954,1175.9894,14.4823,0.3396,-0.5562,-2.9503,-1.0073,-0.2803
SCC,5_px,-0.0,0.5,275.2387,103.4895,25.0831,0.1104,-0.0334,-6.7776,3.2724,-5.5734
SHA,5_px,-0.0,0.5,5561.5402,1573.9641,11.8295,0.4374,0.0145,-4.848,2.1921,-1.8818
TLG,5_px,-0.0,0.5,1637.9554,951.0085,23.1188,0.1905,-0.488,-5.7385,4.079,-2.6091
TRM,5_px,-0.0,0.5,419.3864,229.2016,16.7393,0.1851,-0.2657,-5.5228,10.0081,-2.7053
YRS,5_px,-0.0,0.5,2100.4758,701.6762,52.7703,0.3669,-0.0325,-9.3459,3.9991,-6.5548
BND,5_px,-0.0,1.0,8051.5045,2083.2494,14.0499,0.4512,-0.2749,-8.5511,2.5372,-3.9606
FOL,5_px,-0.0,1.0,2487.8223,793.8783,38.7958,0.2339,-0.3566,-17.2302,9.2153,-12.3672
ISB,5_px,-0.0,1.0,857.5005,477.1639,8.5359,0.1155,-1.4147,-11.5311,7.5709,-1.8248
MIL,5_px,-0.0,1.0,1450.6756,965.1359,12.1529,0.1994,-1.4227,-7.4456,3.3715,0.136
MKM,5_px,-0.0,1.0,667.1506,303.5151,35.7439,0.2354,-0.5515,-13.9064,15.1851,-8.6274
MRC,5_px,-0.0,1.0,914.3431,492.2807,22.8392,0.0925,-1.4355,-14.2271,15.7221,-8.3491
NHG,5_px,-0.0,1.0,153.2775,24.3725,22.1884,0.0388,-2.1929,-5.1584,-0.1486,-4.1859
NML,5_px,-0.0,1.0,1039.8611,555.6168,29.8647,0.2489,-0.6864,-12.5648,13.2285,-6.1688
ORO,5_px,-0.0,1.0,4188.6421,1184.0233,25.9618,0.3361,0.496,-17.4055,11.8439,-8.8228
PNF,5_px,-0.0,1.0,1683.8682,1132.8461,14.8578,0.3375,-1.0631,-6.5108,1.5599,-0.8929
SCC,5_px,-0.0,1.0,274.8977,96.8018,25.8439,0.1055,-0.1572,-12.8018,6.4045,-9.748
SHA,5_px,-0.0,1.0,5559.586,1503.7711,12.0942,0.4297,-0.0207,-9.0914,4.4787,-3.6226
TLG,5_px,-0.0,1.0,1629.8502,888.3589,24.5263,0.1848,-0.9804,-11.9482,10.4153,-5.5094
TRM,5_px,-0.0,1.0,418.2777,213.8894,19.2906,0.1781,-0.5293,-11.8345,26.7742,-6.4096
YRS,5_px,-0.0,1.0,2099.1936,630.3682,54.802,0.3434,-0.0935,-18.5587,8.0031,-12.5334
BND,5_px,-0.0,1.5,8034.347,2004.4374,14.5597,0.4432,-0.4875,-12.0107,6.2573,-5.6479
FOL,5_px,-0.0,1.5,2480.0331,723.9685,40.1429,0.2207,-0.6686,-24.519,13.0073,-17.3135
ISB,5_px,-0.0,1.5,851.8734,446.1911,8.7423,0.1137,-2.0616,-17.2737,10.1722,-3.3576
MIL,5_px,-0.0,1.5,1440.5529,920.3005,13.0679,0.1964,-2.1106,-11.7453,11.1548,-1.4044
MKM,5_px,-0.0,1.5,665.2903,277.3404,36.4281,0.2232,-0.8288,-21.331,17.3902,-13.3836
MRC,5_px,-0.0,1.5,907.9863,450.2037,24.9174,0.0883,-2.1207,-21.5584,26.252,-12.5782
NHG,5_px,-0.0,1.5,151.5314,23.7856,22.0782,0.0381,-3.3071,-7.4422,-0.6443,-5.9361
NML,5_px,-0.0,1.5,1036.6967,511.7003,33.131,0.2393,-0.9887,-19.4758,25.6127,-9.797
ORO,5_px,-0.0,1.5,4191.0389,1092.5867,27.0089,0.3244,0.5535,-23.7839,16.3547,-11.9782
PNF,5_px,-0.0,1.5,1675.7855,1084.7186,14.7192,0.3362,-1.538,-10.4825,0.6124,-1.2717
SCC,5_px,-0.0,1.5,274.6388,90.0815,26.3406,0.1009,-0.2513,-18.8554,8.4498,-13.729
SHA,5_px,-0.0,1.5,5554.2737,1441.7829,12.4121,0.4233,-0.1162,-12.8389,7.2248,-5.0436
TLG,5_px,-0.0,1.5,1621.6725,824.121,25.8994,0.1785,-1.4772,-18.3152,16.5969,-8.7299
TRM,5_px,-0.0,1.5,417.3744,199.4154,20.9589,0.1713,-0.7441,-17.8007,37.7381,-9.9723
YRS,5_px,-0.0,1.5,2096.7856,564.5085,57.6669,0.3239,-0.2081,-27.0675,13.6492,-17.5082
BND,5_px,-0.0,2.0,8013.1693,1937.0504,15.0451,0.4367,-0.7498,-14.9688,9.8001,-7.0333
FOL,5_px,-0.0,2.0,2470.6427,664.6392,40.9609,0.2091,-1.0447,-30.7047,15.31,-21.6534
ISB,5_px,-0.0,2.0,846.2071,415.1223,9.303,0.1117,-2.713,-23.034,17.238,-5.1162
MIL,5_px,-0.0,2.0,1431.2163,871.2493,14.3623,0.1937,-2.745,-16.4492,22.1648,-2.7147
MKM,5_px,-0.0,2.0,663.1587,252.7315,37.332,0.2108,-1.1466,-28.3115,20.303,-18.1867
MRC,5_px,-0.0,2.0,901.6212,408.3182,25.9364,0.0834,-2.8069,-28.8564,31.4151,-17.3639
NHG,5_px,-0.0,2.0,149.7801,23.2926,21.8499,0.0375,-4.4246,-9.3607,-1.6719,-7.5218
NML,5_px,-0.0,2.0,1033.5204,466.5032,34.9014,0.2319,-1.292,-26.5883,32.3247,-12.6061
ORO,5_px,-0.0,2.0,4188.9749,1019.665,27.4765,0.3151,0.504,-28.8707,18.3693,-14.5043
PNF,5_px,-0.0,2.0,1668.2404,1028.466,16.6634,0.3329,-1.9813,-15.1248,13.9015,-2.2432
SCC,5_px,-0.0,2.0,273.9229,84.2464,26.5819,0.0965,-0.5113,-24.1116,9.4431,-17.465
SHA,5_px,-0.0,2.0,5545.6693,1388.7512,12.7985,0.4182,-0.2709,-16.0448,10.5629,-6.1851
TLG,5_px,-0.0,2.0,1613.8101,758.6748,27.7493,0.1709,-1.9549,-24.8021,24.9251,-12.6401
TRM,5_px,-0.0,2.0,416.6029,185.1475,22.4361,0.1664,-0.9276,-23.682,47.4462,-12.5321
YRS,5_px,-0.0,2.0,2093.0452,507.7792,58.9745,0.3073,-0.3862,-34.3967,16.2262,-21.7427
BND,5_px,-0.0,2.5,7988.947,1881.7165,15.0508,0.4313,-1.0498,-17.3978,9.8413,-8.1946
FOL,5_px,-0.0,2.5,2460.008,614.4296,41.2436,0.1998,-1.4706,-35.9395,16.106,-25.1355
ISB,5_px,-0.0,2.5,840.8629,386.0138,9.8846,0.1087,-3.3275,-28.4309,24.5678,-7.663
MIL,5_px,-0.0,2.5,1422.5753,818.4392,15.9704,0.1895,-3.3322,-21.5135,35.8432,-4.8696
MKM,5_px,-0.0,2.5,660.9998,228.4449,38.2037,0.1999,-1.4684,-35.2005,23.1121,-22.4166
MRC,5_px,-0.0,2.5,895.1272,367.9376,28.0308,0.0793,-3.5069,-35.8921,42.027,-21.4289
NHG,5_px,-0.0,2.5,148.0192,22.8373,21.6851,0.037,-5.5482,-11.1324,-2.4135,-8.8465
NML,5_px,-0.0,2.5,1030.1672,422.3507,37.0798,0.223,-1.6123,-33.5364,40.5841,-15.933
ORO,5_px,-0.0,2.5,4181.8542,964.6067,27.6367,0.3069,0.3331,-32.7114,19.0593,-16.7349
PNF,5_px,-0.0,2.5,1661.0352,965.322,19.4067,0.3279,-2.4047,-20.3358,32.6535,-3.723
SCC,5_px,-0.0,2.5,273.0414,79.4334,27.6133,0.0939,-0.8314,-28.4472,13.6895,-19.72
SHA,5_px,-0.0,2.5,5534.6026,1344.9428,13.0501,0.4125,-0.4699,-18.6932,12.7368,-7.4655
TLG,5_px,-0.0,2.5,1605.7052,693.8644,28.9603,0.1634,-2.4473,-31.226,30.3769,-16.4513
TRM,5_px,-0.0,2.5,415.9039,169.9287,24.6941,0.16,-1.0938,-29.9552,62.2855,-15.8851
YRS,5_px,-0.0,2.5,2088.1901,461.5292,60.2279,0.2944,-0.6172,-40.3721,18.6964,-25.0084
BND,5_px,-0.0,3.0,7959.8981,1836.8416,14.9801,0.4269,-1.4096,-19.3677,9.3255,-9.1247
FOL,5_px,-0.0,3.0,2447.9494,574.0866,41.6572,0.192,-1.9536,-40.1457,17.2704,-28.066
ISB,5_px,-0.0,3.0,835.5246,358.3864,10.4687,0.105,-3.9412,-33.5532,31.9281,-10.7793
MIL,5_px,-0.0,3.0,1414.2985,763.1916,17.5701,0.1849,-3.8946,-26.8116,49.4504,-7.1677
MKM,5_px,-0.0,3.0,658.295,205.7568,40.308,0.1896,-1.8716,-41.6361,29.8932,-26.4308
MRC,5_px,-0.0,3.0,888.7948,329.256,29.0279,0.0756,-4.1895,-42.6318,47.0788,-25.0779
NHG,5_px,-0.0,3.0,146.2482,22.3912,21.5793,0.0364,-6.6783,-12.8681,-2.8896,-10.3152
NML,5_px,-0.0,3.0,1026.713,379.6688,37.7725,0.2142,-1.9422,-40.2531,43.2103,-19.2457
ORO,5_px,-0.0,3.0,4171.1616,922.6877,27.9562,0.2998,0.0766,-35.6356,20.4357,-18.6709
PNF,5_px,-0.0,3.0,1654.7235,902.6188,21.6473,0.323,-2.7755,-25.5105,47.9686,-5.1688
SCC,5_px,-0.0,3.0,272.0661,74.8524,27.9698,0.0911,-1.1857,-32.5736,15.1576,-22.1388
SHA,5_px,-0.0,3.0,5520.2516,1310.6438,12.9998,0.4084,-0.728,-20.7667,12.3022,-8.4025
TLG,5_px,-0.0,3.0,1597.7036,628.9996,30.2555,0.155,-2.9335,-37.6552,36.2078,-20.7331
TRM,5_px,-0.0,3.0,415.0663,156.3863,25.676,0.1549,-1.293,-35.5374,68.7382,-18.5865
YRS,5_px,-0.0,3.0,2081.6045,425.8619,60.7276,0.2845,-0.9306,-44.9802,19.6811,-27.5465
BND,5_px,-0.0,3.5,7926.8699,1801.041,15.0188,0.4229,-1.8187,-20.9392,9.6081,-9.9732
FOL,5_px,-0.0,3.5,2434.8692,541.6296,41.3678,0.1849,-2.4775,-43.5297,16.4557,-30.739
ISB,5_px,-0.0,3.5,830.7102,332.9263,10.688,0.1019,-4.4947,-38.2736,34.6919,-13.4348
MIL,5_px,-0.0,3.5,1406.3253,708.6178,18.9058,0.1802,-4.4364,-32.0451,60.8117,-9.512
MKM,5_px,-0.0,3.5,655.5692,185.2684,41.4448,0.1809,-2.2779,-47.4477,33.5565,-29.7759
MRC,5_px,-0.0,3.5,882.4299,293.1444,29.6922,0.0721,-4.8757,-48.9238,50.4447,-28.5834
NHG,5_px,-0.0,3.5,144.4903,21.9681,21.4732,0.0357,-7.8,-14.5148,-3.3669,-11.9698
NML,5_px,-0.0,3.5,1023.1684,339.0444,38.6986,0.2058,-2.2807,-46.646,46.7213,-22.4251
ORO,5_px,-0.0,3.5,4157.2013,892.0567,27.7517,0.2948,-0.2584,-37.7723,19.5547,-20.007
PNF,5_px,-0.0,3.5,1648.8092,839.7963,23.4665,0.3154,-3.123,-30.695,60.404,-7.3767
SCC,5_px,-0.0,3.5,270.8778,71.0176,27.8702,0.0887,-1.6172,-36.028,14.7473,-24.1283
SHA,5_px,-0.0,3.5,5501.765,1283.3113,13.0778,0.4044,-1.0605,-22.4191,12.9761,-9.2939
TLG,5_px,-0.0,3.5,1590.044,564.4201,31.0518,0.1476,-3.3988,-44.0561,39.7925,-24.5505
TRM,5_px,-0.0,3.5,414.0565,144.4265,26.8393,0.1504,-1.5332,-40.4672,76.383,-20.9336
YRS,5_px,-0.0,3.5,2073.8844,399.3486,61.5561,0.2759,-1.2981,-48.4056,21.314,-29.7324
BND,5_px,-0.0,4.0,7893.0565,1772.5525,15.0016,0.4189,-2.2375,-22.1898,9.4828,-10.8355
FOL,5_px,-0.0,4.0,2421.0415,515.813,41.0802,0.1803,-3.0313,-46.2213,15.6459,-32.4546
ISB,5_px,-0.0,4.0,825.9411,308.816,11.1681,0.0988,-5.043,-42.7438,40.7424,-16.0881
MIL,5_px,-0.0,4.0,1398.8478,653.5564,20.2286,0.1726,-4.9446,-37.3254,72.0633,-13.3207
MKM,5_px,-0.0,4.0,652.426,168.835,42.7599,0.173,-2.7464,-52.1091,37.7945,-32.8675
MRC,5_px,-0.0,4.0,875.9819,259.5995,30.5765,0.0682,-5.5707,-54.7685,54.9255,-32.4179
NHG,5_px,-0.0,4.0,142.7396,21.544,21.3695,0.0351,-8.9172,-16.1652,-3.834,-13.5391
NML,5_px,-0.0,4.0,1019.0026,303.4077,39.3689,0.1975,-2.6786,-52.254,49.2627,-25.5408
ORO,5_px,-0.0,4.0,4141.0586,868.3771,27.5939,0.2906,-0.6457,-39.4242,18.8753,-21.1543
PNF,5_px,-0.0,4.0,1643.7522,775.3199,25.6129,0.3045,-3.4202,-36.016,75.0755,-10.5824
SCC,5_px,-0.0,4.0,269.5632,67.8035,27.7748,0.0869,-2.0947,-38.9233,14.3547,-25.6682
SHA,5_px,-0.0,4.0,5481.6878,1261.9489,13.0981,0.4013,-1.4215,-23.7105,13.1512,-9.9757
TLG,5_px,-0.0,4.0,1581.8432,506.228,32.343,0.14,-3.897,-49.824,45.6053,-28.4188
TRM,5_px,-0.0,4.0,412.9181,132.4814,27.1528,0.1462,-1.8039,-45.391,78.4435,-23.153
YRS,5_px,-0.0,4.0,2065.0268,380.0337,61.3841,0.2695,-1.7196,-50.901,20.975,-31.3508
BND,5_px,0.05,0.0,8718.5315,2467.6212,14.6765,0.507,7.9868,8.3218,7.1098,7.9172
FOL,5_px,0.05,0.0,2722.7541,1043.0582,38.5937,0.2976,9.053,8.7493,8.6461,11.472
ISB,5_px,0.05,0.0,957.2474,592.3446,8.6928,0.1286,10.0531,9.824,9.5478,9.3065
MIL,5_px,0.05,0.0,1603.4477,1125.3372,12.441,0.2186,8.9585,7.9173,5.8222,9.7656
MKM,5_px,0.05,0.0,732.0431,381.7709,33.9542,0.2853,9.1217,8.2912,9.418,10.7309
MRC,5_px,0.05,0.0,1019.1649,622.3535,21.4706,0.114,9.8641,8.4363,8.7878,12.8985
NHG,5_px,0.05,0.0,177.3998,29.3116,24.2642,0.0464,13.1997,14.0613,9.1928,14.538
NML,5_px,0.05,0.0,1142.3395,686.9249,28.7155,0.2923,9.1009,8.0986,8.8717,10.1648
ORO,5_px,0.05,0.0,4521.0622,1565.084,25.2045,0.4038,8.4716,9.1764,8.5814,9.5435
PNF,5_px,0.05,0.0,1835.7168,1300.0705,15.3805,0.367,7.8589,7.2896,5.1327,7.7655
SCC,5_px,0.05,0.0,302.9231,121.6658,26.3273,0.1317,10.0216,9.5954,8.3948,12.6059
SHA,5_px,0.05,0.0,5992.5783,1792.1237,12.3491,0.4803,7.7659,8.3405,6.6808,7.7414
TLG,5_px,0.05,0.0,1791.6283,1086.8416,23.8375,0.2169,8.8482,7.7249,7.3146,10.8892
TRM,5_px,0.05,0.0,457.9964,263.2266,17.0518,0.2084,8.9162,8.5024,12.0615,9.5125
YRS,5_px,0.05,0.0,2274.7331,838.1874,53.7272,0.4325,8.2609,8.2908,5.8848,10.1524
BND,5_px,0.05,0.5,8708.6328,2352.8161,14.6858,0.4968,7.8642,3.2822,7.1776,5.757
FOL,5_px,0.05,0.5,2719.127,950.928,39.8623,0.2777,8.9077,-0.8562,12.2175,4.0228
ISB,5_px,0.05,0.5,950.4351,558.2669,8.4689,0.1276,9.2699,3.5058,6.7261,8.421
MIL,5_px,0.05,0.5,1592.3811,1086.9224,12.4876,0.2195,8.2065,4.2334,6.2185,10.2128
MKM,5_px,0.05,0.5,730.2421,356.496,36.2601,0.2724,8.8532,1.1218,16.8488,5.7058
MRC,5_px,0.05,0.5,1012.4029,580.0791,23.3428,0.1093,9.1352,1.0705,18.2735,8.2687
NHG,5_px,0.05,0.5,175.5371,28.5441,24.3342,0.0454,12.0111,11.0746,9.508,11.9757
NML,5_px,0.05,0.5,1138.7939,647.3582,31.2088,0.2828,8.7623,1.8721,18.3245,6.5984
ORO,5_px,0.05,0.5,4535.2318,1416.4161,26.6763,0.3833,8.8115,-1.1943,14.9221,3.9965
PNF,5_px,0.05,0.5,1826.0943,1262.746,15.2688,0.369,7.2935,4.2094,4.3688,8.3528
SCC,5_px,0.05,0.5,302.8692,113.5322,27.562,0.1246,10.002,2.2688,13.4784,6.519
SHA,5_px,0.05,0.5,5993.4301,1703.4055,12.6864,0.4703,7.7813,2.9772,9.5949,5.4894
TLG,5_px,0.05,0.5,1783.5313,1025.3676,25.2011,0.2105,8.3563,1.6318,13.4531,7.6163
TRM,5_px,0.05,0.5,456.8693,248.8979,18.6944,0.203,8.6481,2.596,22.8562,6.6769
YRS,5_px,0.05,0.5,2274.0415,760.865,56.7491,0.4039,8.228,-1.699,11.8404,2.8824
BND,5_px,0.05,1.0,8695.489,2253.6461,14.9814,0.4856,7.7014,-1.0711,9.3354,3.367
FOL,5_px,0.05,1.0,2713.7208,865.4116,41.8846,0.2607,8.6912,-9.7721,17.9104,-2.3247
ISB,5_px,0.05,1.0,944.2272,524.0379,9.5307,0.1266,8.5562,-2.8404,20.1076,7.5677
MIL,5_px,0.05,1.0,1581.776,1042.3429,13.1305,0.2196,7.4859,-0.0417,11.6874,10.2529
MKM,5_px,0.05,1.0,728.2714,329.3622,39.0074,0.2603,8.5594,-6.5748,25.702,1.0401
MRC,5_px,0.05,1.0,1005.5006,534.477,25.0528,0.1046,8.3911,-6.875,26.9381,3.6425
NHG,5_px,0.05,1.0,173.6625,27.8467,24.2574,0.0444,10.8149,8.3609,9.1621,9.5604
NML,5_px,0.05,1.0,1135.2061,601.7113,33.0828,0.274,8.4196,-5.3111,25.4297,3.2858
ORO,5_px,0.05,1.0,4543.5508,1291.1481,28.0145,0.367,9.0111,-9.9327,20.6871,-0.4367
PNF,5_px,0.05,1.0,1817.3461,1216.941,15.6065,0.3666,6.7795,0.4293,6.6773,7.6486
SCC,5_px,0.05,1.0,302.4394,106.2563,28.3722,0.1189,9.8459,-4.2853,16.8139,1.6596
SHA,5_px,0.05,1.0,5991.5186,1626.2902,12.9541,0.4617,7.7469,-1.6847,11.9076,3.573
TLG,5_px,0.05,1.0,1775.2193,958.6076,26.791,0.2039,7.8513,-4.9853,20.6107,4.257
TRM,5_px,0.05,1.0,455.7751,232.4604,20.9379,0.1953,8.3879,-4.1795,37.6004,2.663
YRS,5_px,0.05,1.0,2272.8194,684.5327,58.2429,0.3788,8.1698,-11.5608,14.7843,-3.512
BND,5_px,0.05,1.5,8677.7654,2167.7253,15.5524,0.4773,7.4819,-4.8428,13.5021,1.5994
FOL,5_px,0.05,1.5,2705.6317,789.8069,44.0146,0.2454,8.3672,-17.6547,23.9068,-8.0839
ISB,5_px,0.05,1.5,938.2703,489.9563,9.7014,0.1245,7.8713,-9.1594,22.2592,5.8048
MIL,5_px,0.05,1.5,1571.2937,994.451,14.5136,0.2173,6.7736,-4.6344,23.452,9.093
MKM,5_px,0.05,1.5,726.3161,301.262,39.0442,0.2463,8.268,-14.5455,25.8206,-4.4183
MRC,5_px,0.05,1.5,998.934,489.1666,27.7076,0.0991,7.6833,-14.7697,40.3895,-1.8559
NHG,5_px,0.05,1.5,171.7558,27.1956,24.1883,0.0436,9.5982,5.8274,8.8513,7.4852
NML,5_px,0.05,1.5,1132.0077,554.7546,35.657,0.264,8.1142,-12.7005,35.1896,-0.4833
ORO,5_px,0.05,1.5,4546.1463,1190.1828,28.8794,0.3542,9.0734,-16.9758,24.4131,-3.8992
PNF,5_px,0.05,1.5,1809.147,1165.9433,15.7363,0.3636,6.2977,-3.7794,7.5643,6.7522
SCC,5_px,0.05,1.5,302.1526,98.986,28.5604,0.1136,9.7418,-10.8343,17.5888,-2.8264
SHA,5_px,0.05,1.5,5986.0318,1558.3069,13.3175,0.4547,7.6482,-5.7946,15.0463,1.9893
TLG,5_px,0.05,1.5,1766.8277,890.1931,28.2305,0.1957,7.3415,-11.7664,27.0911,0.0593
TRM,5_px,0.05,1.5,454.8382,216.9796,22.9098,0.1882,8.1651,-10.5608,50.5595,-1.0952
YRS,5_px,0.05,1.5,2270.3926,613.8668,60.7822,0.3576,8.0543,-20.6906,19.7888,-8.9221
BND,5_px,0.05,2.0,8655.5723,2094.0501,16.032,0.47,7.207,-8.077,17.0021,0.0572
FOL,5_px,0.05,2.0,2695.8773,725.6776,44.8819,0.232,7.9765,-24.3408,26.3483,-13.0892
ISB,5_px,0.05,2.0,932.2957,455.8068,10.317,0.122,7.1844,-15.4909,30.0171,3.6384
MIL,5_px,0.05,2.0,1561.6861,942.112,15.818,0.2121,6.1207,-9.6536,34.5468,6.504
MKM,5_px,0.05,2.0,724.0383,274.8204,41.2871,0.2323,7.9284,-22.0458,33.0484,-9.8275
MRC,5_px,0.05,2.0,992.288,444.1444,28.6452,0.0936,6.9669,-22.6141,45.1402,-7.3323
NHG,5_px,0.05,2.0,169.8433,26.6519,24.0107,0.0428,8.3778,3.7116,8.0521,5.5585
NML,5_px,0.05,2.0,1128.8021,506.2564,37.3446,0.254,7.808,-20.3325,41.5878,-4.2807
ORO,5_px,0.05,2.0,4544.0775,1109.8176,29.3354,0.3432,9.0238,-22.5819,26.3776,-6.8907
PNF,5_px,0.05,2.0,1801.5144,1106.1073,18.0916,0.3602,5.8493,-8.7174,23.6642,5.7631
SCC,5_px,0.05,2.0,301.3829,92.629,29.242,0.1086,9.4622,-16.5606,20.3951,-7.1739
SHA,5_px,0.05,2.0,5976.9404,1500.1504,13.731,0.4484,7.4847,-9.3103,18.6186,0.5749
TLG,5_px,0.05,2.0,1758.7117,820.3335,30.2979,0.1879,6.8484,-18.6907,36.3987,-3.928
TRM,5_px,0.05,2.0,453.9595,201.6422,24.7557,0.1824,7.9562,-16.8828,62.6903,-4.1423
YRS,5_px,0.05,2.0,2266.608,552.6086,63.4067,0.339,7.8742,-28.6049,24.961,-13.6567
BND,5_px,0.05,2.5,8630.1802,2033.4867,16.0262,0.4637,6.8925,-10.7355,16.9604,-1.2865
FOL,5_px,0.05,2.5,2684.8122,671.235,45.0539,0.2219,7.5333,-30.017,26.8326,-16.8607
ISB,5_px,0.05,2.5,926.6313,423.7347,10.8599,0.1189,6.5332,-21.4372,36.8585,1.018
MIL,5_px,0.05,2.5,1552.5857,885.4195,17.4685,0.2084,5.5023,-15.0903,48.5856,4.6506
MKM,5_px,0.05,2.5,721.7891,248.7132,41.6207,0.2201,7.5931,-29.4513,34.1233,-14.5779
MRC,5_px,0.05,2.5,985.5238,400.9159,30.8102,0.0891,6.2377,-30.1461,56.1097,-11.7361
NHG,5_px,0.05,2.5,167.9242,26.1581,23.8703,0.042,7.1532,1.7899,7.4204,3.4997
NML,5_px,0.05,2.5,1125.3542,459.0844,39.4246,0.2437,7.4787,-27.7557,49.474,-8.1309
ORO,5_px,0.05,2.5,4536.6812,1049.3172,29.7455,0.3348,8.8463,-26.8022,28.1443,-9.1635
PNF,5_px,0.05,2.5,1794.1873,1039.1009,21.209,0.3548,5.4188,-14.2472,44.9727,4.175
SCC,5_px,0.05,2.5,300.4205,87.3816,29.7095,0.1052,9.1126,-21.2874,22.3201,-10.0359
SHA,5_px,0.05,2.5,5965.2288,1451.9979,14.0104,0.443,7.2741,-12.2213,21.0326,-0.6324
TLG,5_px,0.05,2.5,1750.397,751.2302,31.4138,0.1792,6.3432,-25.54,41.4223,-8.3904
TRM,5_px,0.05,2.5,453.1704,185.2065,26.6825,0.1754,7.7685,-23.6577,75.3529,-7.8221
YRS,5_px,0.05,2.5,2261.6648,502.4599,63.8858,0.3252,7.6389,-35.084,25.9053,-17.1806
BND,5_px,0.05,3.0,8600.8725,1984.7154,15.9517,0.4592,6.5295,-12.8764,16.4166,-2.2565
FOL,5_px,0.05,3.0,2672.2671,627.5985,44.8821,0.2134,7.0309,-34.5665,26.3487,-20.0608
ISB,5_px,0.05,3.0,920.9425,393.3971,11.5001,0.1149,5.8791,-27.062,44.9257,-2.3296
MIL,5_px,0.05,3.0,1543.9501,826.1864,19.2846,0.2028,4.9155,-20.7706,64.0338,1.81
MKM,5_px,0.05,3.0,718.9457,224.3967,43.6064,0.2077,7.1693,-36.3488,40.5224,-19.3725
MRC,5_px,0.05,3.0,978.8619,359.3634,32.1828,0.0849,5.5195,-37.386,63.0646,-15.9565
NHG,5_px,0.05,3.0,165.997,25.6766,23.7327,0.0412,5.9235,-0.0835,6.8009,1.6351
NML,5_px,0.05,3.0,1121.6763,413.1375,40.2079,0.2339,7.1275,-34.9862,52.4437,-11.8336
ORO,5_px,0.05,3.0,4525.5176,1002.9301,30.0161,0.3272,8.5785,-30.0381,29.3099,-11.24
PNF,5_px,0.05,3.0,1787.5885,972.1289,23.4989,0.3481,5.0311,-19.7741,60.6251,2.2246
SCC,5_px,0.05,3.0,299.3757,82.3874,30.6411,0.1019,8.7332,-25.7862,26.1555,-12.888
SHA,5_px,0.05,3.0,5950.0596,1414.2913,13.9252,0.4386,7.0013,-14.5008,20.2962,-1.625
TLG,5_px,0.05,3.0,1742.0104,682.1219,32.6905,0.1695,5.8337,-32.3898,47.1697,-13.3209
TRM,5_px,0.05,3.0,452.2195,170.5999,27.6153,0.1701,7.5424,-29.6785,81.4828,-10.5947
YRS,5_px,0.05,3.0,2254.9428,463.3881,64.5764,0.3131,7.319,-40.1319,27.2664,-20.243
BND,5_px,0.05,3.5,8566.6162,1945.6183,15.9493,0.4553,6.1052,-14.5927,16.3987,-3.0902
FOL,5_px,0.05,3.5,2658.6791,592.3771,44.4876,0.2063,6.4866,-38.2387,25.2382,-22.7263
ISB,5_px,0.05,3.5,915.7386,365.455,11.8686,0.1115,5.2809,-32.2426,49.5701,-5.2939
MIL,5_px,0.05,3.5,1535.551,767.7323,20.8375,0.1972,4.3448,-26.3762,77.2421,-0.9935
MKM,5_px,0.05,3.5,716.0564,202.2434,45.0605,0.1989,6.7386,-42.6327,45.2081,-22.8176
MRC,5_px,0.05,3.5,972.1662,320.742,32.7191,0.0809,4.7978,-44.1153,65.7816,-19.9015
NHG,5_px,0.05,3.5,164.0731,25.2191,23.5881,0.0405,4.6958,-1.8638,6.1502,-0.1338
NML,5_px,0.05,3.5,1117.9609,369.4959,41.4604,0.2246,6.7726,-41.8539,57.1924,-15.3479
ORO,5_px,0.05,3.5,4510.8596,969.369,29.6365,0.3218,8.2268,-32.3792,27.6744,-12.704
PNF,5_px,0.05,3.5,1781.5142,905.108,25.8209,0.341,4.6742,-25.3051,76.497,0.1159
SCC,5_px,0.05,3.5,298.0787,78.1853,30.4186,0.0995,8.2621,-29.5714,25.2395,-14.9218
SHA,5_px,0.05,3.5,5932.2124,1384.5425,14.0031,0.4342,6.6804,-16.2993,20.9693,-2.6107
TLG,5_px,0.05,3.5,1733.9644,613.3622,33.4317,0.1612,5.3449,-39.2051,50.5069,-17.5568
TRM,5_px,0.05,3.5,451.1656,157.667,29.5615,0.1649,7.2917,-35.0095,94.2734,-13.3393
YRS,5_px,0.05,3.5,2247.0364,434.3629,65.5526,0.304,6.9427,-43.8819,29.1901,-22.5789
BND,5_px,0.05,4.0,8530.884,1914.6349,15.9705,0.4507,5.6626,-15.9528,16.554,-4.0605
FOL,5_px,0.05,4.0,2644.2017,564.2928,44.392,0.201,5.9068,-41.1668,24.9692,-24.6964
ISB,5_px,0.05,4.0,910.5261,339.0248,12.5349,0.1079,4.6816,-37.1429,57.9662,-8.2829
MIL,5_px,0.05,4.0,1527.6816,708.7601,22.3336,0.1889,3.81,-32.0315,89.9683,-5.1679
MKM,5_px,0.05,4.0,712.7487,184.4608,46.3273,0.1904,6.2455,-47.6768,49.2905,-26.103
MRC,5_px,0.05,4.0,965.3577,284.647,33.619,0.0766,4.0638,-50.4043,70.3415,-24.1018
NHG,5_px,0.05,4.0,162.1479,24.7606,23.4333,0.0398,3.4674,-3.6482,5.4534,-1.7832
NML,5_px,0.05,4.0,1113.6288,331.13,42.794,0.2155,6.3589,-47.8914,62.2485,-18.7631
ORO,5_px,0.05,4.0,4493.9601,943.405,29.6667,0.3168,7.8213,-34.1904,27.8047,-14.0415
PNF,5_px,0.05,4.0,1776.2214,836.0981,28.1617,0.3283,4.3632,-31.0002,92.4975,-3.6062
SCC,5_px,0.05,4.0,296.6548,74.6886,30.2326,0.0974,7.7449,-32.7212,24.474,-16.7459
SHA,5_px,0.05,4.0,5910.6734,1360.9753,14.0189,0.4307,6.293,-17.724,21.1056,-3.3981
TLG,5_px,0.05,4.0,1725.3341,551.0219,35.1838,0.1532,4.8206,-45.3841,58.3947,-21.6563
TRM,5_px,0.05,4.0,449.9354,144.7319,29.7641,0.16,6.9992,-40.3413,95.6045,-15.9281
YRS,5_px,0.05,4.0,2237.9799,413.2841,65.1741,0.2965,6.5117,-46.6052,28.4442,-24.4722
BND,5_px,0.1,0.0,9373.2159,2661.3215,15.6374,0.5446,16.0956,16.8247,14.1224,15.9332
FOL,5_px,0.1,0.0,2951.5551,1127.8726,41.1353,0.3283,18.217,17.5921,15.801,22.9815
ISB,5_px,0.1,0.0,1047.5508,646.6854,9.3791,0.1401,20.4351,19.8991,18.197,19.0585
MIL,5_px,0.1,0.0,1737.8673,1208.2709,13.0484,0.24,18.0927,15.8704,10.989,20.501
MKM,5_px,0.1,0.0,794.2193,411.1813,36.9405,0.3144,18.3899,16.6336,19.0413,22.0422
MRC,5_px,0.1,0.0,1112.3317,670.9248,23.2245,0.1282,19.9073,16.8991,17.6741,26.9614
NHG,5_px,0.1,0.0,198.9409,33.056,26.4181,0.0535,26.9452,28.6322,18.8858,31.9144
NML,5_px,0.1,0.0,1239.0695,738.6303,31.2769,0.3205,18.3393,16.2352,18.5831,20.81
ORO,5_px,0.1,0.0,4879.5965,1699.454,27.3469,0.4396,17.0737,18.5497,17.8108,19.2787
PNF,5_px,0.1,0.0,1971.2022,1388.2079,15.9906,0.3962,15.8194,14.5632,9.303,16.343
SCC,5_px,0.1,0.0,331.2867,132.5412,28.519,0.1475,20.3232,19.3919,17.4187,26.1587
SHA,5_px,0.1,0.0,6431.7615,1933.4115,13.2011,0.5151,15.6639,16.8819,14.0408,15.5506
TLG,5_px,0.1,0.0,1939.4147,1164.8777,25.7348,0.2393,17.8268,15.4597,15.8558,22.3328
TRM,5_px,0.1,0.0,496.4061,284.1565,18.7411,0.2273,18.0504,17.1296,23.1633,19.4673
YRS,5_px,0.1,0.0,2449.3122,902.6932,56.6903,0.4757,16.5696,16.6247,11.7244,21.1633
BND,5_px,0.1,0.5,9363.4258,2535.886,15.7022,0.5333,15.9744,11.3184,14.5954,13.5173
FOL,5_px,0.1,0.5,2947.9079,1029.3361,42.2688,0.307,18.071,7.3187,18.992,15.0051
ISB,5_px,0.1,0.5,1040.4448,609.5918,9.4924,0.1391,19.6181,13.0217,19.6242,18.2187
MIL,5_px,0.1,0.5,1726.5792,1167.3251,13.4008,0.241,17.3257,11.9438,13.9868,21.0206
MKM,5_px,0.1,0.5,792.4127,384.3502,39.6094,0.2994,18.1206,9.0228,27.6418,16.2025
MRC,5_px,0.1,0.5,1105.4363,625.8553,25.3621,0.1228,19.164,9.0464,28.5052,21.5883
NHG,5_px,0.1,0.5,196.9369,32.2201,26.3666,0.0521,25.6664,25.3792,18.6541,28.447
NML,5_px,0.1,0.5,1235.5891,696.7889,34.3655,0.3088,18.0069,9.6508,30.2931,16.3872
ORO,5_px,0.1,0.5,4894.6205,1537.2843,28.3698,0.4173,17.4342,7.2371,22.2177,13.2162
PNF,5_px,0.1,0.5,1961.6109,1349.5049,15.9332,0.3987,15.2559,11.3692,8.9104,17.0729
SCC,5_px,0.1,0.5,331.1643,123.7015,29.9626,0.1394,20.2788,11.4292,23.3623,19.2438
SHA,5_px,0.1,0.5,6432.8674,1836.1338,13.5874,0.5036,15.6838,11.0011,17.378,12.9641
TLG,5_px,0.1,0.5,1931.1822,1100.0031,27.1913,0.231,17.3266,9.0295,22.4129,18.0985
TRM,5_px,0.1,0.5,495.2669,268.9638,20.7928,0.2218,17.7795,10.8672,36.647,16.5915
YRS,5_px,0.1,0.5,2448.8544,820.6071,59.9929,0.4413,16.5478,6.0195,18.2332,12.4118
BND,5_px,0.1,1.0,9349.5699,2427.7399,15.9449,0.5224,15.8028,6.5711,16.3665,11.21
FOL,5_px,0.1,1.0,2942.385,937.8821,44.533,0.2876,17.8497,-2.2163,25.3661,7.7527
ISB,5_px,0.1,1.0,1034.0357,572.3991,10.4322,0.1381,18.8813,6.126,31.4681,17.3428
MIL,5_px,0.1,1.0,1715.7183,1120.0538,14.5739,0.2399,16.5876,7.4106,23.9648,20.4372
MKM,5_px,0.1,1.0,790.3574,355.4518,41.9178,0.2857,17.8143,0.8256,35.0809,10.8793
MRC,5_px,0.1,1.0,1098.3154,576.951,27.4838,0.1172,18.3964,0.5255,39.2553,16.1208
NHG,5_px,0.1,1.0,194.9166,31.4547,26.2906,0.0508,24.3772,22.4007,18.3121,25.3678
NML,5_px,0.1,1.0,1232.0342,648.2839,36.1582,0.2996,17.6674,2.0178,37.0899,12.9171
ORO,5_px,0.1,1.0,4903.7095,1400.4924,30.061,0.3985,17.6522,-2.3051,29.5033,8.125
PNF,5_px,0.1,1.0,1952.83,1301.3733,16.3524,0.3959,14.7399,7.3971,11.7757,16.2488
SCC,5_px,0.1,1.0,330.7539,115.9157,30.8407,0.1329,20.1297,4.4158,26.9774,13.686
SHA,5_px,0.1,1.0,6430.7958,1751.6851,13.8532,0.4943,15.6465,5.8959,19.6747,10.88
TLG,5_px,0.1,1.0,1922.7235,1029.2108,28.8697,0.224,16.8127,2.0127,29.9689,14.5358
TRM,5_px,0.1,1.0,494.2011,251.3728,22.9658,0.2131,17.526,3.6162,50.9272,12.0231
YRS,5_px,0.1,1.0,2447.625,739.2705,62.2563,0.4149,16.4893,-4.4889,22.6939,5.6697
BND,5_px,0.1,1.5,9331.1907,2334.3266,16.5334,0.5123,15.5751,2.4705,20.6617,9.0498
FOL,5_px,0.1,1.5,2934.1451,856.7031,46.8834,0.2709,17.5197,-10.6801,31.9826,1.4902
ISB,5_px,0.1,1.5,1027.6971,535.0829,10.742,0.1356,18.1525,-0.7926,35.372,15.2102
MIL,5_px,0.1,1.5,1704.9498,1069.1356,15.6636,0.2383,15.8559,2.5277,33.2339,19.6488
MKM,5_px,0.1,1.5,788.3597,325.5538,42.5497,0.2701,17.5165,-7.6551,37.117,4.8507
MRC,5_px,0.1,1.5,1091.5082,528.3629,30.2332,0.1108,17.6626,-7.9403,53.1863,9.7445
NHG,5_px,0.1,1.5,192.8632,30.7534,26.219,0.0497,23.0669,19.6717,17.9895,22.6087
NML,5_px,0.1,1.5,1228.7808,598.2246,38.0737,0.2892,17.3566,-5.8598,44.3522,9.0087
ORO,5_px,0.1,1.5,4906.3557,1289.5954,30.7209,0.3846,17.7157,-10.041,32.3461,4.358
PNF,5_px,0.1,1.5,1944.4971,1247.51,17.1391,0.3919,14.2503,2.952,17.1533,15.0858
SCC,5_px,0.1,1.5,330.4122,108.0591,30.9689,0.1274,20.0056,-2.6614,27.5051,8.954
SHA,5_px,0.1,1.5,6425.2301,1677.5225,14.1596,0.4863,15.5464,1.4125,22.3211,9.0875
TLG,5_px,0.1,1.5,1914.114,956.7187,30.6106,0.2142,16.2897,-5.1725,37.8061,9.5148
TRM,5_px,0.1,1.5,493.2014,234.8438,25.3762,0.2057,17.2883,-3.1971,66.7683,8.1076
YRS,5_px,0.1,1.5,2445.2068,663.8028,64.626,0.3914,16.3742,-14.239,27.364,-0.3202
BND,5_px,0.1,2.0,9308.0679,2254.2762,17.0103,0.5049,15.2887,-1.0435,24.1419,7.4727
FOL,5_px,0.1,2.0,2924.0662,787.7252,48.3576,0.2566,17.116,-17.8717,36.1328,-3.8856
ISB,5_px,0.1,2.0,1021.4591,497.6828,11.3932,0.1331,17.4354,-7.7268,43.5788,13.1071
MIL,5_px,0.1,2.0,1694.9997,1013.4377,17.3957,0.2327,15.1797,-2.8136,47.9671,16.8396
MKM,5_px,0.1,2.0,785.99,297.3101,44.0878,0.2551,17.1632,-15.6665,42.0735,-1.005
MRC,5_px,0.1,2.0,1084.6595,480.3311,31.4214,0.1046,16.9243,-16.3091,59.2066,3.5944
NHG,5_px,0.1,2.0,190.7864,30.1502,26.0469,0.0486,21.7417,17.3245,17.2151,19.9262
NML,5_px,0.1,2.0,1225.4327,546.4416,39.7223,0.2767,17.0369,-14.0087,50.6025,4.2996
ORO,5_px,0.1,2.0,4904.3819,1201.567,31.2791,0.3724,17.6684,-16.1817,34.751,1.0415
PNF,5_px,0.1,2.0,1936.7983,1184.2052,19.5273,0.3887,13.798,-2.2723,33.4778,14.1309
SCC,5_px,0.1,2.0,329.5907,101.1917,31.6966,0.1211,19.7073,-8.8474,30.5015,3.5314
SHA,5_px,0.1,2.0,6415.6023,1613.9925,14.6275,0.4798,15.3733,-2.4282,26.3635,7.6117
TLG,5_px,0.1,2.0,1905.7611,882.525,32.4873,0.205,15.7822,-12.5264,46.2552,4.8139
TRM,5_px,0.1,2.0,492.2192,218.4481,27.2657,0.1996,17.0547,-9.9554,79.1853,4.8953
YRS,5_px,0.1,2.0,2441.4976,598.0818,66.8108,0.3719,16.1977,-22.73,31.6698,-5.2768
BND,5_px,0.1,2.5,9281.4588,2188.1561,16.9895,0.4977,14.9591,-3.946,23.99,5.9482
FOL,5_px,0.1,2.5,2912.5637,728.9981,48.9546,0.245,16.6553,-23.9946,37.8136,-8.225
ISB,5_px,0.1,2.5,1015.58,462.5855,11.9721,0.1296,16.7595,-14.2341,50.8737,10.0813
MIL,5_px,0.1,2.5,1685.5273,953.0645,18.9486,0.2279,14.5361,-8.6033,61.1758,14.4563
MKM,5_px,0.1,2.5,783.6233,269.372,45.6194,0.2409,16.8104,-23.5913,47.0092,-6.4924
MRC,5_px,0.1,2.5,1077.5744,434.1743,33.5402,0.0994,16.1606,-24.3513,69.9419,-1.5715
NHG,5_px,0.1,2.5,188.7073,29.6116,25.907,0.0477,20.415,15.2286,16.5859,17.5884
NML,5_px,0.1,2.5,1221.9965,496.3104,41.9214,0.2648,16.7087,-21.8976,58.9404,-0.1943
ORO,5_px,0.1,2.5,4896.7434,1135.5289,31.8323,0.3621,17.4851,-20.7883,37.1341,-1.7559
PNF,5_px,0.1,2.5,1929.4484,1113.4892,23.0928,0.3825,13.3661,-8.1082,57.8493,12.3165
SCC,5_px,0.1,2.5,328.5549,95.5134,32.7602,0.1177,19.3311,-13.9624,34.8803,0.6428
SHA,5_px,0.1,2.5,6403.113,1561.2797,14.9922,0.4732,15.1487,-5.6148,29.5142,6.1371
TLG,5_px,0.1,2.5,1897.2274,809.1487,33.7686,0.1952,15.2638,-19.7993,52.0234,-0.193
TRM,5_px,0.1,2.5,491.4008,200.8741,29.3778,0.1918,16.8601,-17.1995,93.0661,0.8221
YRS,5_px,0.1,2.5,2436.3991,543.9323,67.5864,0.3552,15.955,-29.7259,33.1984,-9.537
BND,5_px,0.1,3.0,9251.0493,2135.259,16.9138,0.4924,14.5825,-6.268,23.4375,4.8225
FOL,5_px,0.1,3.0,2899.5678,682.0614,48.8186,0.236,16.1348,-28.8882,37.4305,-11.5984
ISB,5_px,0.1,3.0,1009.5498,429.541,12.5468,0.1251,16.0662,-20.3607,58.1172,6.2766
MIL,5_px,0.1,3.0,1676.584,889.8796,21.0533,0.2221,13.9283,-14.6626,79.0784,11.5126
MKM,5_px,0.1,3.0,780.6285,243.3839,46.6429,0.2276,16.364,-30.9629,50.3074,-11.6447
MRC,5_px,0.1,3.0,1070.6463,389.8224,35.3626,0.0947,15.4137,-32.079,79.1757,-6.2458
NHG,5_px,0.1,3.0,186.6189,29.0862,25.7626,0.0468,19.0824,13.1844,15.9357,15.3127
NML,5_px,0.1,3.0,1218.1712,447.1896,42.921,0.2544,16.3434,-29.6276,62.7301,-4.1293
ORO,5_px,0.1,3.0,4885.0098,1084.4453,32.0068,0.355,17.2036,-24.3518,37.8861,-3.6914
PNF,5_px,0.1,3.0,1922.5954,1042.3547,25.4707,0.3753,12.9635,-13.9786,74.1038,10.19
SCC,5_px,0.1,3.0,327.4458,90.1031,32.9227,0.1133,18.9282,-18.8359,35.5495,-3.1081
SHA,5_px,0.1,3.0,6387.1179,1520.0212,14.8633,0.4683,14.861,-8.1091,28.4,5.0428
TLG,5_px,0.1,3.0,1888.4857,735.8455,35.4409,0.1853,14.7327,-27.0649,59.552,-5.2601
TRM,5_px,0.1,3.0,490.3551,185.1609,29.8846,0.1855,16.6114,-23.6764,96.3965,-2.4985
YRS,5_px,0.1,3.0,2429.6045,501.4933,68.3527,0.3426,15.6316,-35.2088,34.7086,-12.7287
BND,5_px,0.1,3.5,9216.614,2093.0193,16.8758,0.4881,14.156,-8.1222,23.1606,3.8951
FOL,5_px,0.1,3.5,2885.491,644.0524,48.3975,0.2282,15.571,-32.851,36.2452,-14.5322
ISB,5_px,0.1,3.5,1003.8744,398.9979,13.0612,0.1215,15.4137,-26.0235,64.5989,3.2336
MIL,5_px,0.1,3.5,1667.8148,827.6028,22.5785,0.2148,13.3325,-20.6348,92.0513,7.8717
MKM,5_px,0.1,3.5,777.5797,219.6191,48.5263,0.2176,15.9095,-37.704,56.3766,-15.5405
MRC,5_px,0.1,3.5,1063.658,348.6663,35.8642,0.0901,14.6604,-39.2499,81.7176,-10.7329
NHG,5_px,0.1,3.5,184.5335,28.5889,25.6276,0.0459,17.7517,11.2489,15.3283,13.2457
NML,5_px,0.1,3.5,1214.2545,400.4915,44.4106,0.2436,15.9693,-36.9763,68.3779,-8.1647
ORO,5_px,0.1,3.5,4869.7258,1047.8487,31.8547,0.3492,16.8369,-26.9047,37.2306,-5.2598
PNF,5_px,0.1,3.5,1916.3526,971.0907,28.0721,0.3679,12.5967,-19.8598,91.8851,8.0382
SCC,5_px,0.1,3.5,326.0728,85.5227,32.817,0.1107,18.4296,-22.962,35.1144,-5.3451
SHA,5_px,0.1,3.5,6369.4158,1487.6843,14.9443,0.4642,14.5427,-10.064,29.1002,4.1246
TLG,5_px,0.1,3.5,1880.1181,662.9667,36.2656,0.1752,14.2243,-34.2885,63.2648,-10.4055
TRM,5_px,0.1,3.5,489.2642,171.2977,32.8722,0.1797,16.352,-29.3909,116.0304,-5.547
YRS,5_px,0.1,3.5,2421.5445,469.9064,69.4828,0.3332,15.248,-39.2898,36.9358,-15.123
BND,5_px,0.1,4.0,9178.7999,2059.3084,16.9711,0.4833,13.6876,-9.602,23.8558,2.886
FOL,5_px,0.1,4.0,2870.4111,613.6471,48.0333,0.2224,14.967,-36.0211,35.2198,-16.6765
ISB,5_px,0.1,4.0,998.2962,370.2683,13.9473,0.1175,14.7724,-31.3502,75.7662,-0.1843
MIL,5_px,0.1,4.0,1659.5137,764.6462,24.2814,0.2066,12.7684,-26.6722,106.536,3.7512
MKM,5_px,0.1,4.0,774.1306,200.4699,49.8073,0.2077,15.3954,-43.1357,60.5047,-19.3773
MRC,5_px,0.1,4.0,1056.5466,310.1068,36.7281,0.0855,13.8938,-45.9683,86.0946,-15.347
NHG,5_px,0.1,4.0,182.4504,28.0913,25.5049,0.0451,16.4225,9.3126,14.776,11.246
NML,5_px,0.1,4.0,1209.7118,359.3864,45.7506,0.2337,15.5354,-43.4448,73.4584,-11.9158
ORO,5_px,0.1,4.0,4852.0921,1019.5536,31.749,0.344,16.4138,-28.8785,36.7754,-6.6628
PNF,5_px,0.1,4.0,1910.8857,897.6637,30.7217,0.3537,12.2755,-25.9194,109.9965,3.8615
SCC,5_px,0.1,4.0,324.53,81.7385,32.6839,0.1084,17.8692,-26.3707,34.5662,-7.294
SHA,5_px,0.1,4.0,6347.0148,1461.9816,14.9481,0.4604,14.1399,-11.6178,29.1328,3.263
TLG,5_px,0.1,4.0,1871.1369,596.5156,37.9684,0.1666,13.6787,-40.8749,70.9305,-14.7991
TRM,5_px,0.1,4.0,487.9412,157.348,32.6144,0.1747,16.0373,-35.1409,114.3362,-8.2052
YRS,5_px,0.1,4.0,2412.3125,447.041,68.9285,0.3242,14.8087,-42.2439,35.8434,-17.4256
BND,5_px,0.15,0.0,10037.4834,2858.8773,16.5496,0.5835,24.3232,25.4969,20.7802,24.2191
FOL,5_px,0.15,0.0,3182.7442,1213.4742,44.8041,0.3601,27.4767,26.5169,26.1292,34.8795
ISB,5_px,0.15,0.0,1140.9559,702.6406,10.1463,0.1525,31.1737,30.2735,27.8651,29.5569
MIL,5_px,0.15,0.0,1874.5818,1291.4137,13.6907,0.2621,27.3828,23.8437,16.4522,31.5871
MKM,5_px,0.15,0.0,857.2313,440.7605,39.7965,0.3443,27.7828,25.0239,28.2448,33.6242
MRC,5_px,0.15,0.0,1206.9546,719.6663,25.5378,0.1433,30.1075,25.3916,29.3952,41.9453
NHG,5_px,0.15,0.0,221.1564,36.8705,29.3822,0.0609,41.121,43.4756,32.2244,50.3095
NML,5_px,0.15,0.0,1337.0866,790.3415,33.6899,0.3506,27.7005,24.3728,27.7316,32.1451
ORO,5_px,0.15,0.0,5242.8365,1836.066,29.7757,0.4772,25.7887,28.0794,28.2742,29.4687
PNF,5_px,0.15,0.0,2108.5359,1476.4644,16.6787,0.4267,23.8885,21.8467,14.0062,25.3002
SCC,5_px,0.15,0.0,360.2651,143.5542,30.8928,0.1645,30.8482,29.3123,27.1918,40.6772
SHA,5_px,0.15,0.0,6878.4489,2077.9079,14.0891,0.5506,23.6968,25.6173,21.7123,23.4931
TLG,5_px,0.15,0.0,2089.0478,1242.7342,27.9139,0.2625,26.9176,23.1766,25.6659,34.2289
TRM,5_px,0.15,0.0,535.6735,305.3181,20.3779,0.2477,27.3886,25.8525,33.9202,30.1684
YRS,5_px,0.15,0.0,2624.815,967.6065,59.632,0.516,24.9223,25.0113,17.5219,31.4214
BND,5_px,0.15,0.5,10027.7197,2722.5735,16.7422,0.5703,24.2022,19.5135,22.1852,21.3962
FOL,5_px,0.15,0.5,3179.0934,1108.5969,45.7118,0.3359,27.3305,15.5824,28.6846,25.8396
ISB,5_px,0.15,0.5,1133.4451,662.3456,10.5357,0.1511,30.3102,22.8026,32.7729,28.3736
MIL,5_px,0.15,0.5,1863.072,1247.8838,14.5387,0.2634,26.6007,19.6692,23.6654,32.2731
MKM,5_px,0.15,0.5,855.3795,412.3335,42.0321,0.3266,27.5067,16.9604,35.449,26.7639
MRC,5_px,0.15,0.5,1199.8953,671.7359,27.9791,0.1368,29.3465,17.0404,41.7651,35.4775
NHG,5_px,0.15,0.5,219.0304,35.9671,29.2297,0.0595,39.7644,39.9602,31.5384,46.8021
NML,5_px,0.15,0.5,1333.6795,746.4404,36.9676,0.3381,27.3751,17.4643,40.1586,27.4248
ORO,5_px,0.15,0.5,5258.8705,1660.4661,30.3469,0.4515,26.1734,15.83,30.7351,22.5067
PNF,5_px,0.15,0.5,2098.9248,1436.3265,16.6604,0.4285,23.3238,18.5343,13.8815,25.8193
SCC,5_px,0.15,0.5,360.1508,134.0505,32.0512,0.1552,30.8067,20.7515,31.9612,32.7003
SHA,5_px,0.15,0.5,6879.9355,1972.0721,14.52,0.5385,23.7235,19.2191,25.4347,20.7793
TLG,5_px,0.15,0.5,2080.7997,1174.7736,29.257,0.2531,26.4165,16.4405,31.7124,29.4094
TRM,5_px,0.15,0.5,534.4858,289.2498,22.9274,0.2411,27.1061,19.2291,50.6748,26.7093
YRS,5_px,0.15,0.5,2624.7491,880.8786,63.1609,0.4818,24.9191,13.8064,24.4767,22.7039
BND,5_px,0.15,1.0,10013.3285,2605.1786,17.0027,0.5583,24.024,14.3602,24.0868,18.8497
FOL,5_px,0.15,1.0,3173.4853,1011.2334,47.7808,0.3158,27.1059,5.4313,34.509,18.2879
ISB,5_px,0.15,1.0,1126.796,621.9909,11.3732,0.1501,29.5458,15.3206,43.3272,27.5003
MIL,5_px,0.15,1.0,1851.9338,1197.8512,15.8675,0.2616,25.8438,14.8712,34.9678,31.3695
MKM,5_px,0.15,1.0,853.3128,381.7801,44.4068,0.3125,27.1987,8.2938,43.1015,21.2805
MRC,5_px,0.15,1.0,1192.6381,619.6914,29.8779,0.1306,28.5642,7.9724,51.386,29.3956
NHG,5_px,0.15,1.0,216.8866,35.1447,29.081,0.0581,38.3964,36.7598,30.8693,43.2257
NML,5_px,0.15,1.0,1330.0961,695.0735,38.9091,0.3264,27.0329,9.3809,47.5194,23.0407
ORO,5_px,0.15,1.0,5268.5823,1511.8432,31.8774,0.4307,26.4064,5.4624,37.3285,16.849
PNF,5_px,0.15,1.0,2090.1779,1386.1057,17.1008,0.4258,22.8099,14.3897,16.8913,25.0157
SCC,5_px,0.15,1.0,359.6964,125.7182,33.0483,0.148,30.6416,13.2458,36.0666,26.5368
SHA,5_px,0.15,1.0,6877.485,1879.9136,14.7809,0.5277,23.6794,13.6478,27.6885,18.3637
TLG,5_px,0.15,1.0,2072.1275,1100.082,31.0039,0.2444,25.8896,9.0373,39.5769,24.9858
TRM,5_px,0.15,1.0,533.4285,270.5489,25.4009,0.2321,26.8547,11.5206,66.9302,21.999
YRS,5_px,0.15,1.0,2623.5745,794.6864,66.6225,0.4504,24.8632,2.6706,31.2987,14.7051
BND,5_px,0.15,1.5,9994.3792,2504.0378,17.5029,0.548,23.7893,9.9204,27.7372,16.6472
FOL,5_px,0.15,1.5,3165.1925,924.5565,49.4842,0.2975,26.7737,-3.6057,39.3043,11.4594
ISB,5_px,0.15,1.5,1120.1747,581.3642,11.8701,0.1472,28.7845,7.7882,49.589,25.0986
MIL,5_px,0.15,1.5,1840.9984,1144.1317,17.0371,0.2593,25.1007,9.7196,44.9166,30.2196
MKM,5_px,0.15,1.5,851.2547,350.0801,45.9877,0.2951,26.8919,-0.6981,48.1961,14.523
MRC,5_px,0.15,1.5,1185.6084,567.8241,32.658,0.1228,27.8064,-1.0647,65.4723,21.602
NHG,5_px,0.15,1.5,214.7073,34.4025,28.9348,0.0567,37.0058,33.8719,30.2114,39.7687
NML,5_px,0.15,1.5,1326.8154,642.0169,40.5383,0.3145,26.7196,1.0316,53.6966,18.5424
ORO,5_px,0.15,1.5,5271.5821,1391.0053,32.7221,0.4153,26.4784,-2.9669,40.9672,12.6635
PNF,5_px,0.15,1.5,2081.74,1329.3986,18.5672,0.4215,22.3141,9.7099,26.9152,23.767
SCC,5_px,0.15,1.5,359.3434,117.3073,33.181,0.1418,30.5134,5.6693,36.6131,21.2309
SHA,5_px,0.15,1.5,6871.6557,1799.2496,14.9766,0.5196,23.5746,8.7713,29.3793,16.5548
TLG,5_px,0.15,1.5,2063.3439,1023.6099,32.8587,0.2335,25.356,1.4576,47.9271,19.4059
TRM,5_px,0.15,1.5,532.3727,252.9681,27.902,0.2243,26.6036,4.2738,83.3669,17.8662
YRS,5_px,0.15,1.5,2621.1242,714.3304,68.2305,0.425,24.7466,-7.7111,34.4678,8.2488
BND,5_px,0.15,2.0,9970.3051,2417.5855,17.9862,0.5396,23.4911,6.1254,31.2641,14.8675
FOL,5_px,0.15,2.0,3154.7668,850.6773,51.2546,0.2807,26.3562,-11.3083,44.2882,5.1395
ISB,5_px,0.15,2.0,1113.5557,540.6792,12.5476,0.1444,28.0236,0.245,58.1265,22.6725
MIL,5_px,0.15,2.0,1830.7732,1085.1278,18.78,0.2542,24.4059,4.0613,59.7412,27.6216
MKM,5_px,0.15,2.0,848.8347,320.0701,46.8275,0.2783,26.5311,-9.2105,50.9023,8.023
MRC,5_px,0.15,2.0,1178.5432,516.8628,34.1555,0.1157,27.0448,-9.944,73.0595,14.6031
NHG,5_px,0.15,2.0,212.4983,33.7538,28.7921,0.0554,35.5962,31.3476,29.5689,36.7086
NML,5_px,0.15,2.0,1323.4568,587.1591,42.4191,0.3002,26.3988,-7.6012,60.8271,13.1589
ORO,5_px,0.15,2.0,5269.3639,1294.855,33.3457,0.4016,26.4252,-9.6741,43.6539,8.9623
PNF,5_px,0.15,2.0,2073.9223,1262.6805,21.2784,0.4181,21.8548,4.204,45.4475,22.7689
SCC,5_px,0.15,2.0,358.4965,109.9373,34.1689,0.1349,30.2058,-0.9695,40.6803,15.3164
SHA,5_px,0.15,2.0,6861.5619,1730.2584,15.5335,0.5112,23.3931,4.6005,34.1903,14.6617
TLG,5_px,0.15,2.0,2054.7482,945.1255,34.6075,0.2235,24.8337,-6.3216,55.8001,14.2855
TRM,5_px,0.15,2.0,531.3814,235.5796,29.5533,0.2168,26.3679,-2.8938,94.219,13.9706
YRS,5_px,0.15,2.0,2617.465,644.0974,70.045,0.4047,24.5724,-16.7849,38.0438,3.0871
BND,5_px,0.15,2.5,9942.4703,2345.7612,17.9389,0.5319,23.1464,2.9725,30.9194,13.2242
FOL,5_px,0.15,2.5,3142.8868,787.6468,52.0079,0.2692,25.8803,-17.8799,46.4089,0.8501
ISB,5_px,0.15,2.5,1107.4041,502.4868,13.1297,0.1404,27.3163,-6.8361,65.4629,19.3226
MIL,5_px,0.15,2.5,1820.9665,1021.2683,20.5264,0.2483,23.7395,-2.0627,74.5965,24.6543
MKM,5_px,0.15,2.5,846.3546,290.282,49.5165,0.2623,26.1614,-17.6601,59.5675,1.8054
MRC,5_px,0.15,2.5,1171.1599,467.8346,36.4108,0.1103,26.2489,-18.4865,84.4867,9.2775
NHG,5_px,0.15,2.5,210.2826,33.1782,28.651,0.0543,34.1824,29.1077,28.934,33.8767
NML,5_px,0.15,2.5,1319.9186,533.9149,45.1958,0.2868,26.0609,-15.98,71.355,8.1082
ORO,5_px,0.15,2.5,5261.6521,1223.186,33.8975,0.3908,26.2402,-14.6736,46.0311,6.0223
PNF,5_px,0.15,2.5,2066.4788,1188.1646,25.3205,0.4121,21.4175,-1.9455,73.0765,21.018
SCC,5_px,0.15,2.5,357.3668,103.8061,35.2304,0.1312,29.7956,-6.4924,45.0506,12.2156
SHA,5_px,0.15,2.5,6848.3692,1672.9254,15.9857,0.5041,23.1558,1.1346,38.0964,13.072
TLG,5_px,0.15,2.5,2045.9877,867.484,36.2498,0.2124,24.3015,-14.0172,63.1934,8.6287
TRM,5_px,0.15,2.5,530.4795,216.8198,31.8611,0.2082,26.1534,-10.6266,109.3859,9.435
YRS,5_px,0.15,2.5,2612.3023,586.0042,71.2248,0.3867,24.3267,-24.2904,40.3689,-1.5167
BND,5_px,0.15,3.0,9910.7304,2288.586,17.8598,0.5256,22.7532,0.4626,30.342,11.8933
FOL,5_px,0.15,3.0,3129.5122,737.343,52.47,0.2588,25.3447,-23.1246,47.7097,-3.0412
ISB,5_px,0.15,3.0,1101.0231,466.6387,13.8367,0.1356,26.5827,-13.4826,74.3727,15.2327
MIL,5_px,0.15,3.0,1811.7185,954.179,22.9892,0.2417,23.1111,-8.4964,95.5444,21.3435
MKM,5_px,0.15,3.0,843.2935,262.6881,50.1188,0.2479,25.7051,-25.4872,61.5085,-3.7975
MRC,5_px,0.15,3.0,1163.9825,420.7658,38.5482,0.1049,25.4752,-26.6875,95.3167,3.8575
NHG,5_px,0.15,3.0,208.046,32.618,28.5107,0.0532,32.7552,26.9276,28.3026,31.1453
NML,5_px,0.15,3.0,1315.9401,481.667,46.2586,0.2743,25.6809,-24.202,75.3845,3.3895
ORO,5_px,0.15,3.0,5249.3965,1167.4013,34.0539,0.3828,25.9461,-18.565,46.7048,3.8692
PNF,5_px,0.15,3.0,2059.4424,1113.1695,27.6723,0.4036,21.004,-8.1346,89.1524,18.5064
SCC,5_px,0.15,3.0,356.2002,97.9675,35.6082,0.1264,29.3718,-11.7518,46.6062,8.0994
SHA,5_px,0.15,3.0,6831.5292,1628.0474,15.8421,0.4989,22.853,-1.5785,36.8557,11.8981
TLG,5_px,0.15,3.0,2036.9347,790.1001,37.9017,0.2006,23.7515,-21.6873,70.6304,2.5717
TRM,5_px,0.15,3.0,529.3213,200.0183,32.2616,0.2013,25.878,-17.5522,112.0177,5.804
YRS,5_px,0.15,3.0,2605.4005,540.1422,71.9319,0.3725,23.9983,-30.2156,41.7624,-5.1249
BND,5_px,0.15,3.5,9876.1916,2242.9914,17.8707,0.5212,22.3254,-1.5388,30.4211,10.9467
FOL,5_px,0.15,3.5,3115.0069,696.4182,52.0912,0.2504,24.7637,-27.3914,46.6434,-6.1836
ISB,5_px,0.15,3.5,1094.9704,433.5174,14.2124,0.1316,25.8868,-19.6234,79.1068,11.8511
MIL,5_px,0.15,3.5,1802.6377,888.091,24.3384,0.2335,22.494,-14.8341,107.0207,17.2358
MKM,5_px,0.15,3.5,840.0431,237.2921,51.9014,0.2363,25.2206,-32.6909,67.2529,-8.3042
MRC,5_px,0.15,3.5,1156.715,376.9655,39.3293,0.1,24.6918,-34.3191,99.2745,-0.9064
NHG,5_px,0.15,3.5,205.8114,32.0911,28.3723,0.052,31.3293,24.8775,27.6798,28.1776
NML,5_px,0.15,3.5,1311.8967,432.0,47.7034,0.2636,25.2948,-32.0179,80.8622,-0.6498
ORO,5_px,0.15,3.5,5233.5142,1127.5977,34.0059,0.3768,25.5651,-21.3416,46.4983,2.2347
PNF,5_px,0.15,3.5,2053.0679,1037.6731,30.2912,0.3942,20.6295,-14.365,107.0538,15.749
SCC,5_px,0.15,3.5,354.721,92.9912,35.5198,0.1232,28.8346,-16.2344,46.2421,5.3242
SHA,5_px,0.15,3.5,6812.7589,1592.7737,15.8891,0.4939,22.5154,-3.7109,37.2615,10.7959
TLG,5_px,0.15,3.5,2028.2098,713.0327,39.0971,0.1902,23.2214,-29.326,76.0117,-2.7436
TRM,5_px,0.15,3.5,528.1436,185.186,35.7208,0.1955,25.5979,-23.6661,134.7509,2.7318
YRS,5_px,0.15,3.5,2597.2005,505.9002,73.3598,0.3627,23.608,-34.6395,44.5766,-7.6296
BND,5_px,0.15,4.0,9836.5465,2206.5536,18.0513,0.5169,21.8344,-3.1384,31.7392,10.0377
FOL,5_px,0.15,4.0,3099.3967,663.7551,51.7051,0.2439,24.1385,-30.7969,45.5565,-8.6434
ISB,5_px,0.15,4.0,1088.9923,402.4202,15.2275,0.1271,25.1995,-25.389,91.8991,7.9597
MIL,5_px,0.15,4.0,1793.8911,821.1675,26.1663,0.2245,21.8997,-21.2519,122.569,12.7213
MKM,5_px,0.15,4.0,836.4715,216.7535,53.229,0.2261,24.6882,-38.5168,71.5312,-12.2569
MRC,5_px,0.15,4.0,1149.3064,336.0287,39.8688,0.0947,23.8932,-41.4518,102.0078,-6.1789
NHG,5_px,0.15,4.0,203.5753,31.5614,28.2356,0.051,29.9024,22.8161,27.0647,25.8294
NML,5_px,0.15,4.0,1307.1968,388.1463,49.057,0.2524,24.8459,-38.919,85.9942,-4.8584
ORO,5_px,0.15,4.0,5215.1684,1096.947,33.8802,0.3716,25.1249,-23.4797,45.9565,0.8205
PNF,5_px,0.15,4.0,2047.4008,959.7321,33.1581,0.3792,20.2965,-20.7972,126.6501,11.3534
SCC,5_px,0.15,4.0,353.0753,88.9215,35.4401,0.1201,28.2369,-19.9003,45.9141,2.741
SHA,5_px,0.15,4.0,6790.6601,1565.076,15.888,0.4901,22.118,-5.3853,37.2525,9.9328
TLG,5_px,0.15,4.0,2018.8849,642.5919,40.6389,0.1807,22.6549,-36.308,82.9529,-7.5893
TRM,5_px,0.15,4.0,526.7354,170.2262,35.4053,0.1898,25.263,-29.8325,132.6774,-0.26
YRS,5_px,0.15,4.0,2587.7924,481.2152,72.6414,0.3535,23.1602,-37.8287,43.1607,-9.9669
BND,5_px,0.2,0.0,10710.702,3060.4829,17.4691,0.6224,32.6616,34.3468,27.4905,32.4901
FOL,5_px,0.2,0.0,3416.0311,1299.7613,48.1372,0.3937,36.8204,35.5132,35.5123,47.4911
ISB,5_px,0.2,0.0,1236.7738,759.6524,10.8353,0.165,42.1897,40.8438,36.5483,40.2062
MIL,5_px,0.2,0.0,2013.2542,1374.7285,14.5934,0.2848,36.806,31.8334,24.1308,43.0065
MKM,5_px,0.2,0.0,920.9101,470.3389,42.226,0.3742,37.275,33.4139,36.0738,45.2513
MRC,5_px,0.2,0.0,1302.8351,768.4723,27.7868,0.1585,40.4433,33.8954,40.7907,57.0154
NHG,5_px,0.2,0.0,243.9674,40.7713,31.8244,0.0694,55.6768,58.655,43.2148,71.2149
NML,5_px,0.2,0.0,1436.1201,841.9304,36.0038,0.3812,37.1589,32.4912,36.5044,43.6832
ORO,5_px,0.2,0.0,5610.3953,1974.7169,31.746,0.5155,34.6074,37.7514,36.7625,39.8599
PNF,5_px,0.2,0.0,2247.4479,1564.6809,17.1763,0.4589,32.0504,29.1268,17.4077,34.7537
SCC,5_px,0.2,0.0,389.835,154.7191,33.3315,0.1821,41.588,39.3695,37.2326,55.6873
SHA,5_px,0.2,0.0,7332.298,2225.6921,15.0345,0.587,31.8584,34.5514,29.8788,31.6766
TLG,5_px,0.2,0.0,2240.5002,1320.6446,29.837,0.2873,36.1189,30.8989,34.3236,46.8947
TRM,5_px,0.2,0.0,575.6967,326.6309,22.4125,0.2687,36.9065,34.6377,47.2912,41.199
YRS,5_px,0.2,0.0,2801.1907,1032.9112,63.4804,0.5609,33.3165,33.4484,25.1063,42.8516
BND,5_px,0.2,0.5,10701.3627,2913.0556,17.7993,0.6077,32.5459,27.8751,29.9001,29.3684
FOL,5_px,0.2,0.5,3412.3712,1188.5639,49.4361,0.3671,36.6738,23.9198,39.169,37.5168
ISB,5_px,0.2,0.5,1229.1036,716.346,11.619,0.1636,41.3079,32.8146,46.4248,39.0131
MIL,5_px,0.2,0.5,2001.5997,1328.6084,15.5134,0.2861,36.014,27.4105,31.9557,43.6744
MKM,5_px,0.2,0.5,919.0865,440.4538,44.6575,0.3557,37.0032,24.9369,43.9095,38.065
MRC,5_px,0.2,0.5,1295.6771,717.7491,29.946,0.1518,39.6716,25.0576,51.7311,50.3404
NHG,5_px,0.2,0.5,241.7257,39.7932,31.7263,0.0677,54.2463,54.8489,42.7735,67.0924
NML,5_px,0.2,0.5,1432.7868,796.095,39.4262,0.368,36.8406,25.2782,49.48,38.6968
ORO,5_px,0.2,0.5,5627.5543,1785.7278,32.6101,0.4867,35.0191,24.568,40.4851,32.051
PNF,5_px,0.2,0.5,2237.7728,1522.8717,17.2498,0.4581,31.482,25.6765,17.9102,34.5143
SCC,5_px,0.2,0.5,389.6906,144.5032,34.1309,0.1719,41.5355,30.1672,40.5237,46.9846
SHA,5_px,0.2,0.5,7334.2213,2111.0179,15.4319,0.5731,31.893,27.6189,33.3124,28.5453
TLG,5_px,0.2,0.5,2232.1017,1249.5421,31.2718,0.2768,35.6086,23.8514,40.7829,41.5563
TRM,5_px,0.2,0.5,574.5373,309.7603,25.1294,0.2614,36.6308,27.6836,65.1458,37.4118
YRS,5_px,0.2,0.5,2801.5549,941.5943,66.442,0.5214,33.3338,21.6506,30.943,32.8137
BND,5_px,0.2,1.0,10686.2826,2785.9498,18.0527,0.5948,32.3591,22.2955,31.7498,26.6182
FOL,5_px,0.2,1.0,3406.6438,1085.3197,50.8545,0.3446,36.4445,13.1555,43.1619,29.1041
ISB,5_px,0.2,1.0,1222.1813,672.7153,12.4264,0.1624,40.512,24.7252,56.5992,37.9532
MIL,5_px,0.2,1.0,1990.267,1275.8073,17.335,0.2842,35.2439,22.347,47.4506,42.7239
MKM,5_px,0.2,1.0,916.9591,408.2598,46.745,0.3399,36.6861,15.8049,50.6364,31.9087
MRC,5_px,0.2,1.0,1288.2952,662.6118,32.154,0.1443,38.8759,15.4507,62.9184,42.91
NHG,5_px,0.2,1.0,239.4611,38.9103,31.6235,0.0659,52.8013,51.413,42.311,62.5845
NML,5_px,0.2,1.0,1429.3673,742.2026,41.5499,0.3537,36.514,16.7974,57.5317,33.3208
ORO,5_px,0.2,1.0,5637.7149,1625.0085,33.758,0.4638,35.2629,13.3566,45.4303,25.8453
PNF,5_px,0.2,1.0,2229.0197,1470.632,18.1195,0.4547,30.9677,21.3654,23.855,33.5104
SCC,5_px,0.2,1.0,389.259,135.6973,35.2723,0.1637,41.3788,22.2348,45.2232,40.0152
SHA,5_px,0.2,1.0,7331.5161,2010.8499,15.7637,0.5616,31.8444,21.5633,36.1783,25.9606
TLG,5_px,0.2,1.0,2223.3189,1171.2856,33.1251,0.2667,35.075,16.0948,49.1263,36.3682
TRM,5_px,0.2,1.0,573.5029,290.0292,27.8719,0.2517,36.3848,19.5504,83.1696,32.3042
YRS,5_px,0.2,1.0,2800.4757,850.6909,71.6836,0.4876,33.2824,9.9062,41.273,24.2011
BND,5_px,0.2,1.5,10666.8212,2676.8992,18.4774,0.5843,32.1181,17.5085,34.8493,24.3869
FOL,5_px,0.2,1.5,3398.3405,993.2252,52.2395,0.3238,36.1119,3.5537,47.0607,21.308
ISB,5_px,0.2,1.5,1215.2928,628.745,13.0603,0.1594,39.7201,16.5728,64.5875,35.4333
MIL,5_px,0.2,1.5,1979.0914,1219.176,18.4718,0.2824,34.4845,16.9162,57.1202,41.7785
MKM,5_px,0.2,1.5,914.8803,374.7975,49.39,0.3203,36.3762,6.3132,59.16,24.3319
MRC,5_px,0.2,1.5,1281.0771,607.6263,35.253,0.1357,38.0978,5.8703,78.6203,34.4014
NHG,5_px,0.2,1.5,237.1682,38.1141,31.505,0.0643,51.3382,48.3149,41.7776,58.7044
NML,5_px,0.2,1.5,1425.9529,686.056,43.2241,0.3396,36.1879,7.9618,63.8794,27.9856
ORO,5_px,0.2,1.5,5641.0969,1494.0318,34.6077,0.4466,35.344,4.22,49.0905,21.1763
PNF,5_px,0.2,1.5,2220.4703,1411.3095,20.1654,0.4519,30.4653,16.4697,37.8394,32.6882
SCC,5_px,0.2,1.5,388.8505,126.6971,35.5287,0.1569,41.2304,14.1276,46.279,34.1285
SHA,5_px,0.2,1.5,7325.3807,1923.6037,15.8267,0.5523,31.734,16.289,36.7228,23.882
TLG,5_px,0.2,1.5,2214.3426,1090.8701,34.9707,0.2537,34.5297,8.1242,57.4351,29.7007
TRM,5_px,0.2,1.5,572.3857,271.4226,30.1962,0.2432,36.1191,11.8807,98.4441,27.8284
YRS,5_px,0.2,1.5,2797.9494,765.4776,71.9839,0.4596,33.1622,-1.103,41.8649,17.0519
BND,5_px,0.2,2.0,10641.7176,2583.7851,18.9388,0.5747,31.8072,13.4211,38.2161,22.3281
FOL,5_px,0.2,2.0,3387.587,914.3907,53.9995,0.3069,35.6812,-4.6656,52.0156,14.9807
ISB,5_px,0.2,2.0,1208.3758,584.7977,13.7575,0.1562,38.9249,8.4248,73.3737,32.7574
MIL,5_px,0.2,2.0,1968.519,1156.8861,20.1304,0.2757,33.7661,10.9428,71.2282,38.4286
MKM,5_px,0.2,2.0,912.4064,343.0167,50.3806,0.3016,36.0074,-2.7016,62.3522,17.0596
MRC,5_px,0.2,2.0,1273.7944,553.6122,36.7765,0.128,37.3127,-3.5409,86.3401,26.7702
NHG,5_px,0.2,2.0,234.8345,37.417,31.3347,0.0629,49.849,45.6022,41.0112,55.142
NML,5_px,0.2,2.0,1422.5874,628.1301,44.9121,0.3247,35.8664,-1.1537,70.2793,22.3878
ORO,5_px,0.2,2.0,5638.7594,1389.655,35.601,0.4311,35.2879,-3.0611,53.37,16.9545
PNF,5_px,0.2,2.0,2212.6854,1341.4701,22.8242,0.4487,30.0079,10.7061,56.0133,31.7513
SCC,5_px,0.2,2.0,387.9796,118.8192,36.6573,0.1497,40.9141,7.0313,50.9255,28.0295
SHA,5_px,0.2,2.0,7314.7347,1848.9,16.4548,0.5435,31.5426,11.7729,42.1489,21.9125
TLG,5_px,0.2,2.0,2205.5598,1008.2183,36.8487,0.2421,33.9961,-0.068,65.8895,23.8023
TRM,5_px,0.2,2.0,571.329,252.9486,31.762,0.2347,35.8678,4.2657,108.7347,23.3416
YRS,5_px,0.2,2.0,2794.3141,690.6701,73.2399,0.4371,32.9892,-10.7679,44.3402,11.3393
BND,5_px,0.2,2.5,10612.7808,2506.2487,18.889,0.5664,31.4487,10.0174,37.853,20.5749
FOL,5_px,0.2,2.5,3375.4497,847.1434,54.8917,0.2935,35.195,-11.6768,54.5272,9.9552
ISB,5_px,0.2,2.5,1201.853,543.3498,14.4151,0.152,38.1749,0.7401,81.6608,29.1338
MIL,5_px,0.2,2.5,1958.4986,1089.6498,22.0522,0.2698,33.0852,4.495,87.5744,35.4498
MKM,5_px,0.2,2.5,909.7911,311.3743,53.1182,0.285,35.6176,-11.6771,71.174,10.6317
MRC,5_px,0.2,2.5,1266.1609,501.8708,39.2043,0.1216,36.4899,-12.5562,98.6408,20.4692
NHG,5_px,0.2,2.5,232.4973,36.8034,31.2797,0.0615,48.3577,43.2144,40.7638,51.7986
NML,5_px,0.2,2.5,1418.9852,571.8205,48.4371,0.3099,35.5224,-10.0149,83.6438,16.8017
ORO,5_px,0.2,2.5,5630.9328,1312.2146,35.9317,0.4202,35.1001,-8.4632,54.7943,14.0097
PNF,5_px,0.2,2.5,2205.1089,1263.2274,27.3893,0.4427,29.5628,4.2491,87.2179,29.9768
SCC,5_px,0.2,2.5,386.7876,112.2464,37.3695,0.1453,40.4811,1.1106,53.858,24.2242
SHA,5_px,0.2,2.5,7300.7466,1786.8125,16.9653,0.5352,31.291,8.0195,46.5589,20.0578
TLG,5_px,0.2,2.5,2196.5208,926.3099,38.4525,0.2298,33.447,-8.1866,73.1101,17.5204
TRM,5_px,0.2,2.5,570.3333,233.0133,34.1491,0.2257,35.631,-3.9516,124.4223,18.6442
YRS,5_px,0.2,2.5,2789.1492,628.5904,74.8112,0.4193,32.7434,-18.7884,47.4368,6.8061
BND,5_px,0.2,3.0,10579.76,2444.6348,18.8341,0.5601,31.0398,7.3128,37.4524,19.2304
FOL,5_px,0.2,3.0,3361.7084,793.4235,55.6682,0.2818,34.6447,-17.2776,56.7131,5.5596
ISB,5_px,0.2,3.0,1195.1484,504.5914,15.1765,0.1464,37.4041,-6.4459,91.2563,24.3851
MIL,5_px,0.2,3.0,1948.9929,1018.9336,24.4526,0.2619,32.4393,-2.2866,107.9922,31.4983
MKM,5_px,0.2,3.0,906.6776,282.1609,53.8949,0.2682,35.1535,-19.9637,73.6772,4.0949
MRC,5_px,0.2,3.0,1258.7211,452.0754,41.6928,0.1154,35.6879,-21.2323,111.2496,14.2739
NHG,5_px,0.2,3.0,230.1383,36.2147,31.2245,0.0602,46.8524,40.9238,40.5152,48.3631
NML,5_px,0.2,3.0,1414.9411,516.6162,49.565,0.2957,35.1362,-18.7022,87.9202,11.4697
ORO,5_px,0.2,3.0,5618.1595,1251.61,36.0921,0.4113,34.7937,-12.6908,55.4855,11.594
PNF,5_px,0.2,3.0,2198.0236,1184.4264,29.8481,0.4325,29.1465,-2.254,104.0248,26.9981
SCC,5_px,0.2,3.0,385.5517,105.9456,38.0589,0.14,40.0323,-4.5652,56.6964,19.677
SHA,5_px,0.2,3.0,7283.1558,1738.2694,16.8503,0.529,30.9747,5.0848,45.5659,18.655
TLG,5_px,0.2,3.0,2187.2586,844.9262,40.1866,0.217,32.8842,-16.2531,80.9168,10.932
TRM,5_px,0.2,3.0,569.146,215.1689,35.2256,0.2182,35.3487,-11.3071,131.4969,14.6956
YRS,5_px,0.2,3.0,2782.1643,579.3422,75.8701,0.4035,32.4109,-25.1511,49.5238,2.7599
BND,5_px,0.2,3.5,10543.9519,2395.4546,18.903,0.5551,30.5962,5.1539,37.9552,18.1735
FOL,5_px,0.2,3.5,3346.7802,749.5236,55.4624,0.273,34.0468,-21.8546,56.1336,2.2829
ISB,5_px,0.2,3.5,1188.7043,468.829,15.3191,0.1422,36.6633,-13.0765,93.0537,20.8044
MIL,5_px,0.2,3.5,1939.6127,948.9568,26.1085,0.2534,31.8019,-8.9972,122.0776,27.2245
MKM,5_px,0.2,3.5,903.2795,255.237,55.165,0.2554,34.6469,-27.6008,77.7701,-0.8694
MRC,5_px,0.2,3.5,1251.1894,405.6041,42.6506,0.11,34.876,-29.3293,116.1027,8.9299
NHG,5_px,0.2,3.5,227.7779,35.6634,31.1636,0.0589,45.3462,38.7783,40.2413,45.2942
NML,5_px,0.2,3.5,1410.7049,463.9074,50.9022,0.284,34.7316,-26.9968,92.9901,7.0582
ORO,5_px,0.2,3.5,5601.6894,1208.4411,36.0839,0.4053,34.3985,-15.7021,55.4501,9.9628
PNF,5_px,0.2,3.5,2191.4511,1104.7868,32.6337,0.4214,28.7603,-8.8264,123.0659,23.7262
SCC,5_px,0.2,3.5,383.9919,100.5964,38.3716,0.1366,39.4658,-9.3837,57.9837,16.8206
SHA,5_px,0.2,3.5,7263.2881,1699.9845,16.8442,0.5244,30.6174,2.7704,45.5125,17.6358
TLG,5_px,0.2,3.5,2178.1308,763.6225,41.7141,0.2052,32.3297,-24.3117,87.7932,4.9206
TRM,5_px,0.2,3.5,567.866,199.357,37.9724,0.2113,35.0443,-17.8248,149.5483,11.0564
YRS,5_px,0.2,3.5,2773.881,542.382,77.0881,0.3931,32.0167,-29.9262,51.9242,0.1163
BND,5_px,0.2,4.0,10503.7484,2356.4278,19.1283,0.5509,30.0983,3.4407,39.5992,17.2637
FOL,5_px,0.2,4.0,3330.7292,714.5649,55.1212,0.2658,33.4039,-25.4994,55.1733,-0.4231
ISB,5_px,0.2,4.0,1182.3296,435.2709,16.4097,0.1371,35.9304,-19.2983,106.7972,16.4677
MIL,5_px,0.2,4.0,1930.5206,878.226,28.0345,0.2432,31.184,-15.7801,138.4597,22.1098
MKM,5_px,0.2,4.0,899.5948,233.2974,56.489,0.2453,34.0977,-33.824,82.0367,-4.7813
MRC,5_px,0.2,4.0,1243.5122,362.3073,43.1367,0.1041,34.0484,-36.8731,118.5657,3.128
NHG,5_px,0.2,4.0,225.4074,35.1093,31.0872,0.0577,43.8336,36.6223,39.8973,42.2526
NML,5_px,0.2,4.0,1405.8153,417.2758,52.1448,0.2714,34.2646,-34.335,97.7012,2.2991
ORO,5_px,0.2,4.0,5582.6645,1175.3627,35.9613,0.4001,33.9421,-18.0096,54.9219,8.5392
PNF,5_px,0.2,4.0,2185.6249,1022.4117,35.6156,0.4067,28.418,-15.6245,143.4485,19.4336
SCC,5_px,0.2,4.0,382.2418,96.2346,38.623,0.1335,38.8301,-13.3127,59.019,14.1322
SHA,5_px,0.2,4.0,7241.5314,1670.2472,16.828,0.5204,30.2262,0.9726,45.3724,16.7367
TLG,5_px,0.2,4.0,2168.5292,689.325,43.2069,0.1954,31.7464,-31.6759,94.5138,-0.1113
TRM,5_px,0.2,4.0,566.344,183.3403,37.849,0.2051,34.6823,-24.4269,148.737,7.8086
YRS,5_px,0.2,4.0,2764.2934,515.8153,76.3168,0.3836,31.5604,-33.3585,50.404,-2.2938
SHA,Hybrid,-0.2,0.0,4561.1048,1315.3311,9.3589,0.4728,-19.8588,-19.2387,-25.9161,-8.5705
BND,Hybrid,-0.2,0.0,6388.3014,1764.113,10.592,0.4598,-21.2357,-20.7493,-21.8469,-11.8399
ORO,Hybrid,-0.2,0.0,2971.7853,1044.1251,19.539,0.2863,-26.5599,-28.1445,-27.1049,-10.1776
YRS,Hybrid,-0.2,0.0,1416.4834,559.6194,40.3603,0.3161,-31.2846,-31.0663,-26.9806,-22.5718
FOL,Hybrid,-0.2,0.0,1714.4419,761.0779,27.8586,0.1838,-33.5846,-33.7477,-28.6496,-26.899
MKM,Hybrid,-0.2,0.0,445.4635,273.2779,19.5501,0.1205,-34.0631,-32.6931,-35.1642,-31.7381
NHG,Hybrid,-0.2,0.0,77.6096,13.77,14.1881,0.0228,-41.4641,-41.7798,-37.1319,-15.4682
NML,Hybrid,-0.2,0.0,730.1055,395.6361,17.5381,0.3243,-30.5315,-30.4652,-32.1804,-18.6964
TLG,Hybrid,-0.2,0.0,1321.6487,810.7827,14.5801,0.1968,-28.6471,-28.8895,-35.3899,-17.7013
MRC,Hybrid,-0.2,0.0,550.9637,355.8137,11.4279,0.0635,-34.8152,-34.0542,-37.658,-26.4797
MIL,Hybrid,-0.2,0.0,1020.4923,703.7568,8.3334,0.1797,-30.6942,-31.5169,-25.732,-21.3044
PNF,Hybrid,-0.2,0.0,1193.144,841.7357,10.469,0.202,-30.0347,-30.4951,-18.2567,-26.4447
TRM,Hybrid,-0.2,0.0,272.8299,170.6286,9.6579,0.1143,-32.7537,-33.8411,-32.0253,-19.3241
SCC,Hybrid,-0.2,0.0,168.074,68.1584,13.0292,0.0955,-32.3137,-34.5102,-14.1078,-17.9308
ISB,Hybrid,-0.2,0.0,566.8863,336.4587,3.6433,0.1173,-29.9875,-33.1835,-35.6702,-10.9669
SHA,Hybrid,-0.2,0.5,4569.3383,1283.0216,9.7643,0.4696,-19.7142,-21.2225,-22.7068,-9.1967
BND,Hybrid,-0.2,0.5,6425.7885,1726.8212,10.9214,0.4574,-20.7735,-22.4246,-19.4164,-12.3032
ORO,Hybrid,-0.2,0.5,2977.1271,979.7737,20.9092,0.2711,-26.4279,-32.5731,-21.9928,-14.9471
YRS,Hybrid,-0.2,0.5,1412.125,524.44,41.7353,0.2964,-31.4961,-35.3997,-24.493,-27.3981
FOL,Hybrid,-0.2,0.5,1724.2157,722.4878,29.3993,0.17,-33.206,-37.107,-24.7035,-32.3843
MKM,Hybrid,-0.2,0.5,440.5139,260.0027,21.3204,0.1088,-34.7957,-35.9627,-29.2934,-38.3292
NHG,Hybrid,-0.2,0.5,79.774,13.9046,14.2569,0.0264,-39.8316,-41.2105,-36.827,-1.9954
NML,Hybrid,-0.2,0.5,727.7153,379.6353,18.5758,0.3208,-30.7589,-33.2774,-28.1678,-19.5693
TLG,Hybrid,-0.2,0.5,1305.7501,774.6633,15.4987,0.1883,-29.5055,-32.0574,-31.3193,-21.2594
MRC,Hybrid,-0.2,0.5,547.8372,339.4134,12.5609,0.0583,-35.1851,-37.0938,-31.4774,-32.4376
MIL,Hybrid,-0.2,0.5,1005.8181,683.2597,8.5842,0.1726,-31.6908,-33.5115,-23.4965,-24.3935
PNF,Hybrid,-0.2,0.5,1172.4205,817.0268,10.4175,0.1926,-31.2499,-32.5354,-18.6591,-29.859
TRM,Hybrid,-0.2,0.5,274.003,165.082,10.5974,0.1119,-32.4645,-35.9918,-25.4127,-21.0173
SCC,Hybrid,-0.2,0.5,171.4406,65.612,13.0948,0.0945,-30.9579,-36.9568,-13.6752,-18.7923
ISB,Hybrid,-0.2,0.5,568.38,324.8645,4.0566,0.1176,-29.8031,-35.4859,-28.373,-10.8081
SHA,Hybrid,-0.2,1.0,4579.1008,1254.217,9.9307,0.4681,-19.5426,-22.9911,-21.3895,-9.4784
BND,Hybrid,-0.2,1.0,6464.6729,1694.1461,11.1997,0.4558,-20.2941,-23.8925,-17.3635,-12.592
ORO,Hybrid,-0.2,1.0,2983.6884,921.7571,22.0707,0.2586,-26.2658,-36.5657,-17.6595,-18.8729
YRS,Hybrid,-0.2,1.0,1408.4409,488.4068,46.2149,0.2789,-31.6748,-39.8383,-16.3886,-31.6792
FOL,Hybrid,-0.2,1.0,1734.4028,683.5064,31.0843,0.1565,-32.8114,-40.5003,-20.388,-37.734
MKM,Hybrid,-0.2,1.0,436.0167,245.3639,21.7889,0.0979,-35.4614,-39.5682,-27.7395,-44.5405
NHG,Hybrid,-0.2,1.0,81.8991,14.0967,14.3443,0.0301,-38.2288,-40.3983,-36.4397,11.8527
NML,Hybrid,-0.2,1.0,725.3886,360.6475,19.6294,0.3185,-30.9803,-36.6146,-24.0934,-20.1313
TLG,Hybrid,-0.2,1.0,1290.3902,735.0634,17.0894,0.1805,-30.3347,-35.5306,-24.2705,-24.5411
MRC,Hybrid,-0.2,1.0,545.0757,321.05,13.8359,0.052,-35.5118,-40.4973,-24.5219,-39.776
MIL,Hybrid,-0.2,1.0,993.1424,660.5396,8.7295,0.1666,-32.5517,-35.7224,-22.2019,-27.0493
PNF,Hybrid,-0.2,1.0,1155.1924,790.4422,10.3785,0.1861,-32.2601,-34.7306,-18.9635,-32.2303
TRM,Hybrid,-0.2,1.0,275.6466,158.4299,11.3743,0.1092,-32.0594,-38.571,-19.9449,-22.9093
SCC,Hybrid,-0.2,1.0,174.7279,63.1899,13.1887,0.0951,-29.634,-39.2842,-13.0561,-18.2188
ISB,Hybrid,-0.2,1.0,571.0842,313.1553,4.4035,0.1181,-29.4691,-37.8112,-22.2471,-10.4117
SHA,Hybrid,-0.2,1.5,4590.4961,1229.3475,10.0542,0.4677,-19.3424,-24.5181,-20.4124,-9.5664
BND,Hybrid,-0.2,1.5,6504.0641,1666.4923,11.2986,0.4557,-19.8084,-25.1348,-16.6335,-12.6229
ORO,Hybrid,-0.2,1.5,2991.5141,871.4065,22.8853,0.2492,-26.0724,-40.0308,-14.6205,-21.8065
YRS,Hybrid,-0.2,1.5,1403.1705,451.7705,47.9659,0.264,-31.9305,-44.3511,-13.2207,-35.3398
FOL,Hybrid,-0.2,1.5,1745.8123,647.6216,32.7646,0.1451,-32.3694,-43.6241,-16.0844,-42.2707
MKM,Hybrid,-0.2,1.5,431.0385,229.0299,22.4941,0.0892,-36.1983,-43.5911,-25.4008,-49.4267
NHG,Hybrid,-0.2,1.5,84.0341,14.3254,14.4392,0.0344,-36.6185,-39.4315,-36.0195,27.5418
NML,Hybrid,-0.2,1.5,724.187,340.5106,19.8758,0.3166,-31.0946,-40.1537,-23.1409,-20.6099
TLG,Hybrid,-0.2,1.5,1275.9947,694.4411,18.4604,0.1729,-31.1119,-39.0934,-18.1949,-27.6825
MRC,Hybrid,-0.2,1.5,542.8787,301.5883,14.925,0.0464,-35.7718,-44.1043,-18.5806,-46.2299
MIL,Hybrid,-0.2,1.5,981.3715,636.3352,9.4256,0.1629,-33.3511,-38.0778,-15.9981,-28.6731
PNF,Hybrid,-0.2,1.5,1138.46,761.1133,10.8071,0.1802,-33.2413,-37.1523,-15.6167,-34.3957
TRM,Hybrid,-0.2,1.5,276.9141,150.9171,12.5977,0.1071,-31.747,-41.484,-11.3337,-24.3802
SCC,Hybrid,-0.2,1.5,178.141,60.4927,13.4592,0.0985,-28.2595,-41.8758,-11.273,-15.3029
ISB,Hybrid,-0.2,1.5,574.0551,300.9289,4.5966,0.1189,-29.1022,-40.2393,-18.8376,-9.7718
SHA,Hybrid,-0.2,2.0,4601.6993,1208.1156,10.1348,0.4682,-19.1455,-25.8217,-19.7737,-9.4715
BND,Hybrid,-0.2,2.0,6541.8844,1643.638,11.3616,0.4557,-19.3421,-26.1615,-16.1686,-12.6292
ORO,Hybrid,-0.2,2.0,2999.7075,828.5376,23.7213,0.2427,-25.8699,-42.981,-11.5015,-23.8627
YRS,Hybrid,-0.2,2.0,1396.855,417.259,48.0572,0.2518,-32.2368,-48.6022,-13.0554,-38.3189
FOL,Hybrid,-0.2,2.0,1757.9759,614.7277,33.6727,0.1351,-31.8982,-46.4876,-13.7587,-46.2689
MKM,Hybrid,-0.2,2.0,425.3474,212.2151,24.288,0.0816,-37.0407,-47.7325,-19.4517,-53.7617
NHG,Hybrid,-0.2,2.0,86.1916,14.6086,14.5385,0.0389,-34.9912,-38.2343,-35.5792,44.3487
NML,Hybrid,-0.2,2.0,722.636,318.6344,20.8828,0.317,-31.2422,-43.9986,-19.2469,-20.524
TLG,Hybrid,-0.2,2.0,1260.3329,651.1796,19.6957,0.1669,-31.9574,-42.8877,-12.7209,-30.1956
MRC,Hybrid,-0.2,2.0,541.633,281.5876,15.9328,0.0417,-35.9192,-47.8111,-13.0829,-51.6814
MIL,Hybrid,-0.2,2.0,971.9977,610.6841,9.9278,0.1586,-33.9877,-40.5739,-11.5221,-30.5545
PNF,Hybrid,-0.2,2.0,1123.8466,728.1828,12.3299,0.175,-34.0982,-39.8715,-3.7271,-36.278
TRM,Hybrid,-0.2,2.0,278.161,143.3461,13.5786,0.1056,-31.4397,-44.4196,-4.4304,-25.4573
SCC,Hybrid,-0.2,2.0,181.4974,58.321,13.476,0.1051,-26.9078,-43.9624,-11.1622,-9.6398
ISB,Hybrid,-0.2,2.0,576.8258,287.7788,4.814,0.1203,-28.76,-42.8507,-14.9998,-8.7035
SHA,Hybrid,-0.2,2.5,4611.0712,1190.9052,10.309,0.4697,-18.9809,-26.8784,-18.3947,-9.1724
BND,Hybrid,-0.2,2.5,6578.3641,1626.1951,11.4108,0.4566,-18.8923,-26.9451,-15.8057,-12.451
ORO,Hybrid,-0.2,2.5,3008.0346,792.8546,23.886,0.2374,-25.6641,-45.4366,-10.887,-25.5222
YRS,Hybrid,-0.2,2.5,1389.1127,385.7781,47.9571,0.2432,-32.6124,-52.48,-13.2366,-40.4389
FOL,Hybrid,-0.2,2.5,1769.3309,584.1926,34.077,0.128,-31.4583,-49.1457,-12.7233,-49.0718
MKM,Hybrid,-0.2,2.5,418.9743,194.4608,25.4627,0.0766,-37.984,-52.1053,-15.5559,-56.5979
NHG,Hybrid,-0.2,2.5,88.4387,14.9356,14.6371,0.0436,-33.2964,-36.8514,-35.1424,61.6199
NML,Hybrid,-0.2,2.5,720.9587,296.9684,21.7491,0.3175,-31.4018,-47.8065,-15.8967,-20.4014
TLG,Hybrid,-0.2,2.5,1244.9316,607.1184,20.236,0.16,-32.7889,-46.7521,-10.3263,-33.1094
MRC,Hybrid,-0.2,2.5,540.6196,261.2177,16.5707,0.0385,-36.039,-51.5865,-9.603,-55.4378
MIL,Hybrid,-0.2,2.5,964.2842,583.034,10.7351,0.155,-34.5115,-43.2646,-4.3273,-32.1335
PNF,Hybrid,-0.2,2.5,1113.6878,693.5157,13.8742,0.1705,-34.6939,-42.7341,8.3315,-37.9188
TRM,Hybrid,-0.2,2.5,279.2712,134.963,14.1944,0.1063,-31.166,-47.67,-0.0959,-24.999
SCC,Hybrid,-0.2,2.5,184.8347,56.4868,13.5589,0.1122,-25.5638,-45.7248,-10.6159,-3.5602
ISB,Hybrid,-0.2,2.5,580.1669,274.6836,4.9978,0.1218,-28.3473,-45.4512,-11.7537,-7.5506
SHA,Hybrid,-0.2,3.0,4618.2704,1177.4995,10.3206,0.4721,-18.8544,-27.7015,-18.3033,-8.7084
BND,Hybrid,-0.2,3.0,6612.8465,1613.3353,11.4949,0.4589,-18.4672,-27.5228,-15.1855,-12.0108
ORO,Hybrid,-0.2,3.0,3014.7026,762.4334,24.0181,0.233,-25.4993,-47.5302,-10.3945,-26.9043
YRS,Hybrid,-0.2,3.0,1378.7079,357.6238,47.8053,0.2367,-33.1172,-55.948,-13.5112,-42.0135
FOL,Hybrid,-0.2,3.0,1778.1076,556.2906,34.4004,0.1229,-31.1183,-51.5745,-11.8949,-51.0887
MKM,Hybrid,-0.2,3.0,411.9413,177.0015,26.3808,0.0729,-39.025,-56.4055,-12.511,-58.6765
NHG,Hybrid,-0.2,3.0,90.9548,15.3209,14.7328,0.0488,-31.3987,-35.2224,-34.7184,81.2457
NML,Hybrid,-0.2,3.0,718.9784,275.2059,23.4603,0.317,-31.5902,-51.6313,-9.2795,-20.525
TLG,Hybrid,-0.2,3.0,1228.5424,561.476,21.4609,0.1534,-33.6737,-50.7552,-4.8985,-35.8517
MRC,Hybrid,-0.2,3.0,539.9535,241.1085,17.4153,0.0362,-36.1179,-55.3135,-4.9951,-58.0762
MIL,Hybrid,-0.2,3.0,958.2888,554.0804,11.5203,0.1511,-34.9187,-46.0821,2.6704,-33.83
PNF,Hybrid,-0.2,3.0,1101.9424,655.7415,15.6394,0.1663,-35.3827,-45.8532,22.1139,-39.4452
TRM,Hybrid,-0.2,3.0,280.2434,126.8015,14.9319,0.1061,-30.9264,-50.8345,5.0947,-25.1516
SCC,Hybrid,-0.2,3.0,188.1902,54.7625,13.6726,0.1205,-24.2125,-47.3816,-9.866,3.6133
ISB,Hybrid,-0.2,3.0,583.8944,261.7733,5.2964,0.1237,-27.887,-48.0151,-6.4805,-6.1666
SHA,Hybrid,-0.2,3.5,4625.2554,1167.7376,10.4564,0.4753,-18.7317,-28.3009,-17.2285,-8.0881
BND,Hybrid,-0.2,3.5,6646.5457,1605.0608,11.5838,0.4621,-18.0517,-27.8945,-14.529,-11.3992
ORO,Hybrid,-0.2,3.5,3019.9283,736.5404,24.2917,0.2304,-25.3702,-49.3121,-9.3736,-27.7191
YRS,Hybrid,-0.2,3.5,1365.9887,332.3738,48.3507,0.2312,-33.7342,-59.0583,-12.5245,-43.3753
FOL,Hybrid,-0.2,3.5,1785.0982,530.8117,34.5519,0.1192,-30.8475,-53.7925,-11.5068,-52.5896
MKM,Hybrid,-0.2,3.5,402.6511,159.1936,27.3806,0.0696,-40.4001,-60.7914,-9.1951,-60.5758
NHG,Hybrid,-0.2,3.5,93.6323,15.7596,14.8261,0.0545,-29.3792,-33.3678,-34.3049,102.2203
NML,Hybrid,-0.2,3.5,716.1095,253.7418,24.8355,0.3177,-31.8632,-55.4037,-3.9619,-20.3409
TLG,Hybrid,-0.2,3.5,1210.9808,513.7659,22.2415,0.1488,-34.6218,-54.9397,-1.4393,-37.7916
MRC,Hybrid,-0.2,3.5,539.3702,221.479,18.3282,0.0347,-36.1869,-58.9515,-0.0149,-59.7925
MIL,Hybrid,-0.2,3.5,951.4273,523.2227,12.665,0.1477,-35.3847,-49.0848,12.8717,-35.3148
PNF,Hybrid,-0.2,3.5,1089.7132,616.1587,16.9132,0.1616,-36.0998,-49.1217,32.0603,-41.1412
TRM,Hybrid,-0.2,3.5,280.5338,118.8355,15.8548,0.109,-30.8548,-53.9232,11.5901,-23.0918
SCC,Hybrid,-0.2,3.5,191.6157,53.4653,13.8857,0.1311,-22.833,-48.628,-8.4612,12.6867
ISB,Hybrid,-0.2,3.5,587.4796,248.808,5.4349,0.1263,-27.4442,-50.5898,-4.0366,-4.2024
SHA,Hybrid,-0.2,4.0,4631.1186,1160.9322,10.5208,0.4795,-18.6286,-28.7188,-16.7186,-7.2744
BND,Hybrid,-0.2,4.0,6680.2701,1601.2329,11.6366,0.4661,-17.6359,-28.0665,-14.1399,-10.631
ORO,Hybrid,-0.2,4.0,3022.4303,713.3935,24.4522,0.2294,-25.3084,-50.9051,-8.7748,-28.035
YRS,Hybrid,-0.2,4.0,1351.988,310.4229,48.9663,0.2275,-34.4134,-61.7622,-11.4108,-44.2682
FOL,Hybrid,-0.2,4.0,1789.5425,507.3238,34.7195,0.117,-30.6753,-55.8371,-11.0778,-53.4543
MKM,Hybrid,-0.2,4.0,391.6841,142.0413,27.5696,0.0675,-42.0235,-65.016,-8.5684,-61.7497
NHG,Hybrid,-0.2,4.0,96.5286,16.2689,14.9098,0.0609,-27.1947,-31.2143,-33.9339,125.9004
NML,Hybrid,-0.2,4.0,712.4701,234.1159,25.9747,0.319,-32.2095,-58.8531,0.4436,-20.0108
TLG,Hybrid,-0.2,4.0,1191.9838,468.3459,22.8564,0.1454,-35.6474,-58.9233,1.2857,-39.1964
MRC,Hybrid,-0.2,4.0,539.0943,202.8705,19.1172,0.0339,-36.2195,-62.4004,4.2891,-60.7565
MIL,Hybrid,-0.2,4.0,944.0376,489.5931,13.9869,0.1442,-35.8866,-52.3574,24.6523,-36.8357
PNF,Hybrid,-0.2,4.0,1076.9077,573.5939,17.6325,0.1591,-36.8507,-52.6364,37.6765,-42.0788
TRM,Hybrid,-0.2,4.0,281.4396,110.9832,15.9045,0.1144,-30.6316,-56.9678,11.9398,-19.2704
SCC,Hybrid,-0.2,4.0,195.017,52.5031,13.97,0.1417,-21.4632,-49.5525,-7.9054,21.7868
ISB,Hybrid,-0.2,4.0,590.6329,236.3751,5.5907,0.1299,-27.0547,-53.0588,-1.284,-1.4209
SHA,Hybrid,-0.15,0.0,4831.6525,1388.182,10.1882,0.4821,-15.1051,-14.7656,-19.3509,-6.7833
BND,Hybrid,-0.15,0.0,6803.9628,1872.724,11.2912,0.4733,-16.1108,-15.8701,-16.6883,-9.253
ORO,Hybrid,-0.15,0.0,3230.0299,1143.8169,21.3414,0.2905,-20.1781,-21.2838,-20.3803,-8.8469
YRS,Hybrid,-0.15,0.0,1574.7624,623.2247,44.0459,0.3347,-23.6063,-23.2314,-20.3127,-18.0107
FOL,Hybrid,-0.15,0.0,1922.4999,856.0774,30.6762,0.1968,-25.5247,-25.4779,-21.4332,-21.7067
MKM,Hybrid,-0.15,0.0,502.071,307.5535,22.6522,0.1304,-25.6841,-24.2512,-24.8764,-26.1136
NHG,Hybrid,-0.15,0.0,89.186,15.8536,16.2263,0.0221,-32.7328,-32.97,-28.1007,-17.9736
NML,Hybrid,-0.15,0.0,808.3455,439.4346,20.005,0.3406,-23.087,-22.7674,-22.641,-14.5878
TLG,Hybrid,-0.15,0.0,1451.906,894.961,16.5892,0.2039,-21.6148,-21.5066,-26.4869,-14.7264
MRC,Hybrid,-0.15,0.0,620.0894,400.7897,12.9824,0.0663,-26.6369,-25.7185,-29.1776,-23.151
MIL,Hybrid,-0.15,0.0,1127.4114,783.6457,8.9433,0.1881,-23.4329,-23.7429,-20.2959,-17.6033
PNF,Hybrid,-0.15,0.0,1316.9508,934.6487,11.0207,0.2157,-22.7747,-22.8229,-13.9492,-21.4585
TRM,Hybrid,-0.15,0.0,303.8757,191.8672,10.8498,0.1178,-25.1016,-25.6062,-23.636,-16.8882
SCC,Hybrid,-0.15,0.0,186.968,76.8404,13.8391,0.0969,-24.7047,-26.1681,-8.7686,-16.7178
ISB,Hybrid,-0.15,0.0,624.9217,378.3633,4.134,0.119,-22.82,-24.8617,-27.0063,-9.7318
SHA,Hybrid,-0.15,0.5,4843.3315,1352.0519,10.57,0.4777,-14.8999,-16.984,-16.3292,-7.6286
BND,Hybrid,-0.15,0.5,6846.0032,1830.6541,11.5933,0.47,-15.5925,-17.76,-14.459,-9.8766
ORO,Hybrid,-0.15,0.5,3238.8117,1071.5347,23.0061,0.2756,-19.961,-26.2582,-14.1698,-13.5152
YRS,Hybrid,-0.15,0.5,1571.7605,584.4993,46.6795,0.3143,-23.7519,-28.0016,-15.548,-23.0048
FOL,Hybrid,-0.15,0.5,1933.2519,812.2032,32.2891,0.1816,-25.1082,-29.2972,-17.3024,-27.7551
MKM,Hybrid,-0.15,0.5,496.8473,292.6356,24.7808,0.118,-26.4573,-27.9254,-17.8171,-33.1325
NHG,Hybrid,-0.15,0.5,91.3708,15.9192,16.2644,0.0257,-31.0849,-32.6929,-27.9316,-4.7683
NML,Hybrid,-0.15,0.5,805.4647,421.1038,21.3889,0.3367,-23.3611,-25.9891,-17.2896,-15.5801
TLG,Hybrid,-0.15,0.5,1436.2373,855.9263,17.5724,0.1951,-22.4607,-24.9302,-22.13,-18.4009
MRC,Hybrid,-0.15,0.5,617.0867,382.2429,14.5435,0.0596,-26.9922,-29.1559,-20.6617,-30.9422
MIL,Hybrid,-0.15,0.5,1112.5988,761.5363,9.1732,0.1806,-24.4389,-25.8944,-18.2478,-20.9071
PNF,Hybrid,-0.15,0.5,1296.3817,909.0471,10.9929,0.2048,-23.9809,-24.937,-14.1661,-25.4305
TRM,Hybrid,-0.15,0.5,305.4107,185.7531,11.8301,0.115,-24.7233,-27.9768,-16.7369,-18.8195
SCC,Hybrid,-0.15,0.5,189.9161,73.5952,13.8631,0.0946,-23.5175,-29.2862,-8.6103,-18.6762
ISB,Hybrid,-0.15,0.5,626.7088,365.6623,4.5568,0.1187,-22.5992,-27.384,-19.5409,-9.9443
SHA,Hybrid,-0.15,1.0,4856.7347,1320.0241,10.7731,0.4754,-14.6644,-18.9505,-14.7212,-8.0675
BND,Hybrid,-0.15,1.0,6888.983,1793.7152,11.8741,0.4678,-15.0626,-19.4195,-12.3872,-10.3096
ORO,Hybrid,-0.15,1.0,3247.1591,1005.704,24.336,0.2631,-19.7548,-30.7886,-9.2082,-17.4594
YRS,Hybrid,-0.15,1.0,1568.7935,544.3585,50.6904,0.2957,-23.8959,-32.9461,-8.2914,-27.569
FOL,Hybrid,-0.15,1.0,1944.1981,768.153,34.061,0.1679,-24.6842,-33.1318,-12.7642,-33.2141
MKM,Hybrid,-0.15,1.0,491.7849,275.9776,25.202,0.1057,-27.2067,-32.0282,-16.4203,-40.0875
NHG,Hybrid,-0.15,1.0,93.5767,16.0403,16.3131,0.0297,-29.4211,-32.1808,-27.7159,10.1754
NML,Hybrid,-0.15,1.0,802.5686,399.4694,22.2318,0.3337,-23.6367,-29.7915,-14.0303,-16.3231
TLG,Hybrid,-0.15,1.0,1420.5427,812.5761,19.2596,0.1859,-23.3081,-28.7322,-14.6534,-22.2784
MRC,Hybrid,-0.15,1.0,613.8475,361.1235,15.4643,0.0544,-27.3754,-33.0701,-15.6387,-37.0326
MIL,Hybrid,-0.15,1.0,1099.2034,736.2336,9.6741,0.1744,-25.3486,-28.3566,-13.7832,-23.6406
PNF,Hybrid,-0.15,1.0,1279.0672,880.6597,10.9736,0.1968,-24.9962,-27.281,-14.3169,-28.3315
TRM,Hybrid,-0.15,1.0,307.4632,178.4329,12.6826,0.1122,-24.2174,-30.8151,-10.7362,-20.7786
SCC,Hybrid,-0.15,1.0,192.7858,70.5947,13.9251,0.094,-22.3618,-32.1693,-8.2015,-19.203
ISB,Hybrid,-0.15,1.0,629.9785,352.7656,4.9489,0.1192,-22.1954,-29.9451,-12.6166,-9.5493
SHA,Hybrid,-0.15,1.5,4870.7201,1291.9159,10.8793,0.4748,-14.4187,-20.6764,-13.881,-8.1825
BND,Hybrid,-0.15,1.5,6932.9629,1762.4225,12.0958,0.467,-14.5203,-20.8253,-10.7516,-10.4632
ORO,Hybrid,-0.15,1.5,3257.3633,948.9836,25.0777,0.2526,-19.5026,-34.692,-6.4413,-20.7403
YRS,Hybrid,-0.15,1.5,1564.0779,503.56,52.2487,0.2804,-24.1246,-37.9717,-5.4722,-31.3195
FOL,Hybrid,-0.15,1.5,1955.7402,727.0682,35.2729,0.1555,-24.237,-36.7082,-9.6602,-38.1325
MKM,Hybrid,-0.15,1.5,486.1295,257.4959,25.2149,0.0956,-28.0438,-36.5801,-16.3777,-45.7988
NHG,Hybrid,-0.15,1.5,95.7742,16.1837,16.3738,0.0336,-27.7637,-31.5743,-27.4471,24.6499
NML,Hybrid,-0.15,1.5,800.6626,376.6091,22.436,0.3328,-23.8181,-33.8093,-13.2406,-16.552
TLG,Hybrid,-0.15,1.5,1404.6473,767.1789,20.7301,0.1779,-24.1662,-32.7138,-8.1367,-25.6229
MRC,Hybrid,-0.15,1.5,610.7707,338.5819,16.6789,0.0479,-27.7394,-37.2479,-9.0123,-44.4811
MIL,Hybrid,-0.15,1.5,1086.7294,709.1842,10.6994,0.1688,-26.1958,-30.9888,-4.6456,-26.0502
PNF,Hybrid,-0.15,1.5,1262.2949,849.1507,12.379,0.19,-25.9797,-29.8828,-3.3435,-30.8286
TRM,Hybrid,-0.15,1.5,308.7328,170.0527,13.7984,0.1099,-23.9044,-34.0645,-2.8831,-22.434
SCC,Hybrid,-0.15,1.5,195.6426,67.2912,14.1837,0.0951,-21.2113,-35.3434,-6.4964,-18.216
ISB,Hybrid,-0.15,1.5,633.186,339.1254,5.133,0.12,-21.7993,-32.6539,-9.3669,-8.951
SHA,Hybrid,-0.15,2.0,4884.4219,1267.7403,11.0944,0.475,-14.178,-22.1608,-12.1776,-8.1577
BND,Hybrid,-0.15,2.0,6974.9477,1736.2161,12.1691,0.4671,-14.0027,-22.0025,-10.2108,-10.4404
ORO,Hybrid,-0.15,2.0,3266.8995,900.2994,25.9716,0.2448,-19.2669,-38.0424,-3.1065,-23.2053
YRS,Hybrid,-0.15,2.0,1557.7796,464.9299,52.9365,0.2683,-24.4302,-42.7301,-4.228,-34.2878
FOL,Hybrid,-0.15,2.0,1967.7621,689.2246,36.7308,0.1446,-23.7713,-40.0026,-5.9263,-42.456
MKM,Hybrid,-0.15,2.0,479.5847,238.514,27.2377,0.0878,-29.0125,-41.2553,-9.6692,-50.2645
NHG,Hybrid,-0.15,2.0,97.9432,16.3827,16.4383,0.0379,-26.1277,-30.7329,-27.161,40.7111
NML,Hybrid,-0.15,2.0,798.2955,351.9521,23.2626,0.3319,-24.0433,-38.1429,-10.0439,-16.7778
TLG,Hybrid,-0.15,2.0,1387.377,719.0359,22.0787,0.1714,-25.0986,-36.9363,-2.1607,-28.3286
MRC,Hybrid,-0.15,2.0,608.6591,315.6353,17.5896,0.0427,-27.9893,-41.5008,-4.0446,-50.5166
MIL,Hybrid,-0.15,2.0,1076.8554,680.5478,11.2595,0.1648,-26.8664,-33.7754,0.3458,-27.8062
PNF,Hybrid,-0.15,2.0,1246.8833,812.8552,14.0294,0.184,-26.8834,-32.8798,9.5434,-32.9853
TRM,Hybrid,-0.15,2.0,309.8815,161.5582,14.8764,0.1086,-23.6213,-37.3581,4.7041,-23.3713
SCC,Hybrid,-0.15,2.0,198.3553,64.5056,14.3133,0.0997,-20.1188,-38.02,-5.6422,-14.2875
ISB,Hybrid,-0.15,2.0,635.8139,324.0418,5.3111,0.121,-21.4747,-35.6493,-6.2215,-8.2232
SHA,Hybrid,-0.15,2.5,4895.9678,1247.8611,11.3004,0.476,-13.9751,-23.3814,-10.5471,-7.9543
BND,Hybrid,-0.15,2.5,7013.7519,1715.6611,12.2821,0.4677,-13.5242,-22.926,-9.377,-10.3274
ORO,Hybrid,-0.15,2.5,3275.8732,859.9293,26.2783,0.2391,-19.0452,-40.8206,-1.9622,-24.974
YRS,Hybrid,-0.15,2.5,1550.0706,429.5746,53.0694,0.2601,-24.8041,-47.0852,-3.9874,-36.2874
FOL,Hybrid,-0.15,2.5,1978.5563,654.0207,37.155,0.1369,-23.3532,-43.0671,-4.8398,-45.5289
MKM,Hybrid,-0.15,2.5,472.2546,218.5072,28.2835,0.0808,-30.0975,-46.1828,-6.2008,-54.2171
NHG,Hybrid,-0.15,2.5,100.1832,16.6269,16.5083,0.0426,-24.4383,-29.7007,-26.8512,58.1301
NML,Hybrid,-0.15,2.5,795.851,327.5967,24.2588,0.3316,-24.2759,-42.4234,-6.1918,-16.8591
TLG,Hybrid,-0.15,2.5,1369.5094,669.5106,22.6103,0.1637,-26.0632,-41.2799,0.1948,-31.5552
MRC,Hybrid,-0.15,2.5,606.8067,292.5105,18.5289,0.039,-28.2084,-45.7867,1.0795,-54.8755
MIL,Hybrid,-0.15,2.5,1068.7826,649.7872,12.2886,0.1606,-27.4146,-36.7688,9.5177,-29.6619
PNF,Hybrid,-0.15,2.5,1235.7681,774.2541,15.5398,0.1789,-27.5352,-36.0673,21.3365,-34.8628
TRM,Hybrid,-0.15,2.5,310.8553,152.1269,15.5714,0.1076,-23.3813,-41.0149,9.5954,-24.0826
SCC,Hybrid,-0.15,2.5,200.9737,62.0738,14.3668,0.1064,-19.0644,-40.3566,-5.2897,-8.5151
ISB,Hybrid,-0.15,2.5,638.4865,308.7436,5.5325,0.1219,-21.1447,-38.6873,-2.3118,-7.503
SHA,Hybrid,-0.15,3.0,4904.4426,1232.2239,11.304,0.4779,-13.8262,-24.3415,-10.5186,-7.5816
BND,Hybrid,-0.15,3.0,7050.903,1700.3929,12.4021,0.4696,-13.0662,-23.6119,-8.4918,-9.9617
ORO,Hybrid,-0.15,3.0,3283.4918,825.7779,26.4078,0.2349,-18.8569,-43.1709,-1.4791,-26.3014
YRS,Hybrid,-0.15,3.0,1538.7845,397.9481,52.7993,0.2533,-25.3516,-50.9809,-4.4762,-37.9452
FOL,Hybrid,-0.15,3.0,1986.2444,621.8032,37.2914,0.1313,-23.0553,-45.8716,-4.4906,-47.7585
MKM,Hybrid,-0.15,3.0,463.7681,198.5198,29.1185,0.076,-31.3537,-51.1056,-3.4316,-56.9081
NHG,Hybrid,-0.15,3.0,102.5545,16.9195,16.5768,0.0478,-22.6498,-28.4634,-26.5476,77.5493
NML,Hybrid,-0.15,3.0,792.8609,303.0704,25.7937,0.3314,-24.5604,-46.734,-0.2564,-16.9118
TLG,Hybrid,-0.15,3.0,1350.4341,618.638,23.8022,0.1573,-27.0931,-45.7418,5.4768,-34.2304
MRC,Hybrid,-0.15,3.0,605.2754,269.5741,19.4812,0.0362,-28.3896,-50.0377,6.2749,-58.0842
MIL,Hybrid,-0.15,3.0,1062.0641,617.4424,13.2782,0.1567,-27.8709,-39.9162,18.3364,-31.3873
PNF,Hybrid,-0.15,3.0,1222.9467,732.5085,17.5428,0.1738,-28.287,-39.5143,36.9763,-36.72
TRM,Hybrid,-0.15,3.0,311.2849,142.7424,16.007,0.1067,-23.2754,-44.6536,12.6614,-24.7168
SCC,Hybrid,-0.15,3.0,203.8544,59.807,14.3821,0.1151,-17.9043,-42.5346,-5.189,-1.0445
ISB,Hybrid,-0.15,3.0,641.1628,293.4039,5.7358,0.1234,-20.8141,-41.7336,1.2779,-6.3678
SHA,Hybrid,-0.15,3.5,4910.7881,1219.9635,11.3715,0.4809,-13.7147,-25.0943,-9.9841,-7.0184
BND,Hybrid,-0.15,3.5,7085.0968,1689.4822,12.4756,0.4725,-12.6446,-24.102,-7.9492,-9.4019
ORO,Hybrid,-0.15,3.5,3288.6824,796.678,26.5933,0.2325,-18.7286,-45.1735,-0.7869,-27.0627
YRS,Hybrid,-0.15,3.5,1525.3203,369.5066,53.0387,0.2494,-26.0048,-54.4843,-4.0431,-38.9211
FOL,Hybrid,-0.15,3.5,1992.1167,592.3974,37.4484,0.1266,-22.8279,-48.4314,-4.0885,-49.6432
MKM,Hybrid,-0.15,3.5,453.1246,178.409,30.0517,0.0731,-32.9291,-56.0588,-0.3368,-58.5605
NHG,Hybrid,-0.15,3.5,105.0042,17.2645,16.6412,0.0535,-20.8021,-27.0048,-26.2624,98.4663
NML,Hybrid,-0.15,3.5,789.2752,279.0747,27.1038,0.3321,-24.9016,-50.9514,4.8099,-16.7391
TLG,Hybrid,-0.15,3.5,1329.7784,565.4507,24.3256,0.1518,-28.2082,-50.4066,7.7959,-36.5272
MRC,Hybrid,-0.15,3.5,603.8032,247.2497,20.4503,0.0346,-28.5638,-54.1753,11.5613,-59.9192
MIL,Hybrid,-0.15,3.5,1054.1076,582.8109,14.6478,0.1528,-28.4113,-43.2863,30.5431,-33.0912
PNF,Hybrid,-0.15,3.5,1208.7134,688.3168,19.0436,0.1691,-29.1217,-43.1634,48.6946,-38.4306
TRM,Hybrid,-0.15,3.5,310.8404,133.5396,16.991,0.1084,-23.385,-48.2219,19.5872,-23.5164
SCC,Hybrid,-0.15,3.5,206.6428,57.9965,14.5892,0.1243,-16.7813,-44.2742,-3.8236,6.8718
ISB,Hybrid,-0.15,3.5,643.449,278.1234,5.9001,0.1255,-20.5318,-44.7681,4.1786,-4.751
SHA,Hybrid,-0.15,4.0,4915.4903,1210.9424,11.5165,0.4843,-13.6321,-25.6482,-8.8367,-6.342
BND,Hybrid,-0.15,4.0,7120.0649,1683.515,12.4857,0.4758,-12.2135,-24.3701,-7.8743,-8.7752
ORO,Hybrid,-0.15,4.0,3291.4126,770.8857,26.604,0.2307,-18.6611,-46.9485,-0.7469,-27.6172
YRS,Hybrid,-0.15,4.0,1509.9969,344.702,53.6136,0.2472,-26.7482,-57.5398,-3.003,-39.449
FOL,Hybrid,-0.15,4.0,1994.8889,565.305,37.6585,0.1236,-22.7205,-50.7898,-3.5504,-50.8452
MKM,Hybrid,-0.15,4.0,440.7856,159.2043,30.257,0.0708,-34.7555,-60.7888,0.3442,-59.8719
NHG,Hybrid,-0.15,4.0,107.6588,17.6714,16.7008,0.0596,-18.7999,-25.2843,-25.9982,121.1819
NML,Hybrid,-0.15,4.0,785.0189,257.1522,28.7023,0.3341,-25.3065,-54.8043,10.991,-16.2388
TLG,Hybrid,-0.15,4.0,1307.5572,514.625,24.8242,0.1493,-29.4079,-54.8643,10.0055,-37.5569
MRC,Hybrid,-0.15,4.0,602.6408,226.0534,21.3078,0.0336,-28.7013,-58.1037,16.2393,-61.0339
MIL,Hybrid,-0.15,4.0,1044.8036,544.8315,15.6937,0.1485,-29.0431,-46.9821,39.8643,-34.9644
PNF,Hybrid,-0.15,4.0,1193.4234,640.5284,19.681,0.1649,-30.0183,-47.1094,53.6711,-39.964
TRM,Hybrid,-0.15,4.0,310.7297,124.3925,17.0768,0.1112,-23.4122,-51.7686,20.1909,-21.5071
SCC,Hybrid,-0.15,4.0,209.3527,56.6122,14.6634,0.1345,-15.69,-45.6043,-3.3343,15.6608
ISB,Hybrid,-0.15,4.0,645.0529,263.2419,6.0102,0.1284,-20.3337,-47.7234,6.1219,-2.5882
SHA,Hybrid,-0.1,0.0,5111.269,1464.9833,11.109,0.4927,-10.1921,-10.0501,-12.0626,-4.7177
BND,Hybrid,-0.1,0.0,7230.4393,1986.1398,11.9464,0.4886,-10.8526,-10.775,-11.8538,-6.307
ORO,Hybrid,-0.1,0.0,3496.6083,1245.6046,23.2382,0.2989,-13.5903,-14.2789,-13.304,-6.2295
YRS,Hybrid,-0.1,0.0,1735.9317,686.8781,47.3691,0.3571,-15.7878,-15.3906,-14.3003,-12.533
FOL,Hybrid,-0.1,0.0,2137.6416,952.9928,33.364,0.212,-17.1904,-17.0414,-14.5492,-15.6642
MKM,Hybrid,-0.1,0.0,559.7465,341.4141,25.9184,0.1438,-17.1471,-15.9115,-14.0444,-18.512
NHG,Hybrid,-0.1,0.0,102.3498,18.2807,18.3307,0.0224,-22.8042,-22.7083,-18.7761,-16.9524
NML,Hybrid,-0.1,0.0,888.6021,483.2133,22.3776,0.3582,-15.4507,-15.0731,-13.4662,-10.175
TLG,Hybrid,-0.1,0.0,1585.0458,978.7116,18.4053,0.2139,-14.4269,-14.1612,-18.4389,-10.5672
MRC,Hybrid,-0.1,0.0,692.6932,446.6778,14.588,0.0719,-18.0471,-17.2137,-20.419,-16.6538
MIL,Hybrid,-0.1,0.0,1238.9438,864.5987,9.5885,0.2003,-15.8583,-15.8653,-14.5461,-12.258
PNF,Hybrid,-0.1,0.0,1444.1714,1027.5781,11.6268,0.2323,-15.3146,-15.1495,-9.2169,-15.4037
TRM,Hybrid,-0.1,0.0,336.6248,213.6135,12.0777,0.1236,-17.0297,-17.1744,-14.9939,-12.7862
SCC,Hybrid,-0.1,0.0,206.8843,85.8056,14.4015,0.1013,-16.6841,-17.5539,-5.0612,-12.9118
ISB,Hybrid,-0.1,0.0,685.2733,420.5649,4.623,0.1222,-15.3663,-16.481,-18.3712,-7.2996
SHA,Hybrid,-0.1,0.5,5127.5053,1425.2823,11.4371,0.4876,-9.9068,-12.4877,-9.4647,-5.7178
BND,Hybrid,-0.1,0.5,7278.5625,1939.6294,12.2403,0.484,-10.2593,-12.8644,-9.6853,-7.1887
ORO,Hybrid,-0.1,0.5,3508.2685,1165.1874,24.9241,0.2817,-13.3021,-19.8131,-7.0143,-11.6236
YRS,Hybrid,-0.1,0.5,1733.7041,644.5682,51.4185,0.3344,-15.8958,-20.6024,-6.9743,-18.0909
FOL,Hybrid,-0.1,0.5,2149.231,903.7602,35.0336,0.1945,-16.7414,-21.3271,-10.2732,-22.6313
MKM,Hybrid,-0.1,0.5,554.1401,324.8057,27.8793,0.1293,-17.9769,-20.0021,-7.5414,-26.7038
NHG,Hybrid,-0.1,0.5,104.5256,18.2704,18.3309,0.0258,-21.1631,-22.7519,-18.7749,-4.3408
NML,Hybrid,-0.1,0.5,885.1474,462.5663,24.014,0.354,-15.7794,-18.7019,-7.1386,-11.2352
TLG,Hybrid,-0.1,0.5,1569.6321,936.7086,19.7582,0.2038,-15.2591,-17.8451,-12.444,-14.7732
MRC,Hybrid,-0.1,0.5,689.8314,426.083,16.2698,0.0623,-18.3857,-21.0307,-11.2445,-27.8401
MIL,Hybrid,-0.1,0.5,1224.1354,840.9332,10.1684,0.1906,-16.864,-18.1682,-9.3784,-16.5166
PNF,Hybrid,-0.1,0.5,1423.8572,1001.2475,11.5268,0.2195,-16.5058,-17.3237,-9.9972,-20.0737
TRM,Hybrid,-0.1,0.5,338.7598,207.1433,12.9771,0.1207,-16.5035,-19.6831,-8.6637,-14.7881
SCC,Hybrid,-0.1,0.5,209.4679,81.8945,14.422,0.0987,-15.6436,-21.3119,-4.9258,-15.1915
ISB,Hybrid,-0.1,0.5,687.6456,406.8755,5.0279,0.1215,-15.0733,-19.1996,-11.2223,-7.8444
SHA,Hybrid,-0.1,1.0,5143.5024,1389.4602,11.5376,0.4845,-9.6258,-14.6872,-8.6698,-6.3199
BND,Hybrid,-0.1,1.0,7326.1465,1898.5439,12.6042,0.4814,-9.6726,-14.7102,-6.9999,-7.6862
ORO,Hybrid,-0.1,1.0,3519.7965,1092.0654,26.5015,0.268,-13.0172,-24.8453,-1.1293,-15.9227
YRS,Hybrid,-0.1,1.0,1731.5247,600.4427,54.4261,0.3156,-16.0016,-26.0377,-1.5329,-22.6895
FOL,Hybrid,-0.1,1.0,2161.2159,854.7158,36.8439,0.1807,-16.2772,-25.5964,-5.6366,-28.1073
MKM,Hybrid,-0.1,1.0,548.4254,306.1146,28.3757,0.1157,-18.8228,-24.6056,-5.895,-34.4511
NHG,Hybrid,-0.1,1.0,106.7091,18.3069,18.3525,0.0298,-19.5162,-22.5974,-18.6794,10.7071
NML,Hybrid,-0.1,1.0,881.3973,438.2041,24.7094,0.3503,-16.1363,-22.9837,-4.4495,-12.1556
TLG,Hybrid,-0.1,1.0,1552.9983,889.1373,21.4136,0.1946,-16.1571,-22.0174,-5.108,-18.6183
MRC,Hybrid,-0.1,1.0,685.862,402.068,17.3503,0.0565,-18.8554,-25.4816,-5.3499,-34.5509
MIL,Hybrid,-0.1,1.0,1210.6174,813.5221,10.8427,0.1837,-17.7821,-20.8356,-3.369,-19.5426
PNF,Hybrid,-0.1,1.0,1406.694,971.2597,12.0702,0.2099,-17.5122,-19.7999,-5.7542,-23.5561
TRM,Hybrid,-0.1,1.0,341.1209,199.0935,13.9844,0.1176,-15.9215,-22.8043,-1.574,-16.994
SCC,Hybrid,-0.1,1.0,211.8843,78.3038,14.4621,0.0966,-14.6705,-24.762,-4.6617,-16.9413
ISB,Hybrid,-0.1,1.0,691.1932,392.6189,5.4383,0.1215,-14.6352,-22.0308,-3.9766,-7.8121
SHA,Hybrid,-0.1,1.5,5160.6545,1358.0917,11.5884,0.4832,-9.3244,-16.6132,-8.267,-6.5611
BND,Hybrid,-0.1,1.5,7373.8328,1863.3993,12.8135,0.4802,-9.0846,-16.289,-5.4557,-7.9217
ORO,Hybrid,-0.1,1.5,3531.6901,1028.7122,27.2264,0.2577,-12.7233,-29.2052,1.5752,-19.1481
YRS,Hybrid,-0.1,1.5,1726.7847,555.3332,55.8806,0.2992,-16.2315,-31.5943,1.0986,-26.7179
FOL,Hybrid,-0.1,1.5,2172.8393,808.3036,38.0475,0.1682,-15.8269,-29.6367,-2.5541,-33.081
MKM,Hybrid,-0.1,1.5,542.029,285.5589,28.3468,0.1039,-19.7696,-29.6683,-5.9909,-41.092
NHG,Hybrid,-0.1,1.5,108.9916,18.3794,18.3794,0.0341,-17.7947,-22.2909,-18.5599,26.7184
NML,Hybrid,-0.1,1.5,878.7298,412.6632,24.9154,0.3493,-16.3901,-27.4726,-3.6528,-12.4058
TLG,Hybrid,-0.1,1.5,1535.3418,838.7164,22.9054,0.1848,-17.1103,-26.4396,1.5025,-22.734
MRC,Hybrid,-0.1,1.5,682.0105,376.6117,18.2657,0.051,-19.311,-30.1996,-0.3561,-40.8768
MIL,Hybrid,-0.1,1.5,1197.7403,783.8641,11.9186,0.1776,-18.6566,-23.7216,6.2199,-22.2028
PNF,Hybrid,-0.1,1.5,1389.9615,937.6114,13.972,0.2027,-18.4934,-22.5783,9.0951,-26.2028
TRM,Hybrid,-0.1,1.5,342.646,190.0838,15.0098,0.1151,-15.5456,-26.2977,5.6429,-18.7774
SCC,Hybrid,-0.1,1.5,214.336,74.4456,14.6829,0.0968,-13.6831,-28.4691,-3.2055,-16.8225
ISB,Hybrid,-0.1,1.5,694.6302,377.4962,5.6392,0.1223,-14.2107,-25.0339,-0.4276,-7.2353
SHA,Hybrid,-0.1,2.0,5177.1301,1331.0174,11.9157,0.4831,-9.0349,-18.2756,-5.6768,-6.5749
BND,Hybrid,-0.1,2.0,7420.2944,1833.9839,12.943,0.48,-8.5118,-17.6104,-4.5004,-7.9612
ORO,Hybrid,-0.1,2.0,3542.7032,974.1606,28.0056,0.2492,-12.4511,-32.9594,4.4819,-21.8155
YRS,Hybrid,-0.1,2.0,1720.6745,512.7608,57.0961,0.286,-16.5279,-36.8383,3.2977,-29.9338
FOL,Hybrid,-0.1,2.0,2184.7308,765.5394,39.0587,0.1573,-15.3662,-33.3593,0.0358,-37.4402
MKM,Hybrid,-0.1,2.0,534.6706,264.4615,29.757,0.0952,-20.8588,-34.8645,-1.3143,-46.0359
NHG,Hybrid,-0.1,2.0,111.2036,18.488,18.4194,0.0385,-16.1263,-21.8318,-18.383,42.7883
NML,Hybrid,-0.1,2.0,875.3984,385.2263,25.314,0.3477,-16.7071,-32.2948,-2.1115,-12.8176
TLG,Hybrid,-0.1,2.0,1516.1401,785.6375,24.4228,0.1776,-18.147,-31.0949,8.227,-25.721
MRC,Hybrid,-0.1,2.0,679.0102,350.7038,19.3323,0.0447,-19.666,-35.0013,5.4624,-48.2201
MIL,Hybrid,-0.1,2.0,1187.2055,751.9981,12.759,0.1731,-19.3721,-26.8225,13.7098,-24.1873
PNF,Hybrid,-0.1,2.0,1373.9987,898.0824,15.6029,0.1958,-19.4294,-25.8423,21.829,-28.6893
TRM,Hybrid,-0.1,2.0,343.7367,180.7252,16.1075,0.1132,-15.2768,-29.9264,13.3689,-20.1293
SCC,Hybrid,-0.1,2.0,216.5268,71.0651,14.852,0.0998,-12.8009,-31.7173,-2.0913,-14.2472
ISB,Hybrid,-0.1,2.0,697.0955,360.603,5.8161,0.1229,-13.9062,-28.3887,2.6951,-6.7694
SHA,Hybrid,-0.1,2.5,5191.6608,1308.5962,12.0498,0.4838,-8.7796,-19.6522,-4.6149,-6.4397
BND,Hybrid,-0.1,2.5,7463.2193,1810.5839,13.1124,0.4804,-7.9825,-18.6617,-3.2507,-7.8861
ORO,Hybrid,-0.1,2.5,3553.1982,929.1272,28.3263,0.2428,-12.1918,-36.0585,5.6785,-23.8321
YRS,Hybrid,-0.1,2.5,1712.5785,473.5977,57.3944,0.2775,-16.9207,-41.6624,3.8373,-32.038
FOL,Hybrid,-0.1,2.5,2194.9501,725.6718,39.885,0.1483,-14.9703,-36.8298,2.152,-41.014
MKM,Hybrid,-0.1,2.5,526.6548,242.528,30.79,0.087,-22.0453,-40.2666,2.1116,-50.7066
NHG,Hybrid,-0.1,2.5,113.4436,18.6493,18.4532,0.0431,-14.4368,-21.1496,-18.233,59.7869
NML,Hybrid,-0.1,2.5,872.166,358.211,26.4486,0.3468,-17.0146,-37.0428,2.2762,-13.0353
TLG,Hybrid,-0.1,2.5,1496.0098,731.0146,24.7332,0.1692,-19.2338,-35.8857,9.6024,-29.2539
MRC,Hybrid,-0.1,2.5,676.2765,324.7573,20.4885,0.0405,-19.9894,-39.8102,11.7696,-53.08
MIL,Hybrid,-0.1,2.5,1178.6239,717.9204,13.8903,0.1688,-19.9549,-30.1387,23.7923,-26.0884
PNF,Hybrid,-0.1,2.5,1361.4648,855.1238,17.4062,0.1901,-20.1644,-29.3896,35.9092,-30.7783
TRM,Hybrid,-0.1,2.5,344.4848,170.1464,16.849,0.1123,-15.0924,-34.0281,18.5876,-20.7359
SCC,Hybrid,-0.1,2.5,218.539,68.1249,14.9178,0.1049,-11.9905,-34.5423,-1.6574,-9.847
ISB,Hybrid,-0.1,2.5,698.974,343.1419,6.0292,0.1233,-13.6742,-31.8563,6.4583,-6.4185
SHA,Hybrid,-0.1,3.0,5201.8965,1290.6597,12.09,0.4853,-8.5997,-20.7535,-4.2972,-6.1584
BND,Hybrid,-0.1,3.0,7502.2472,1792.525,13.2267,0.4817,-7.5014,-19.4729,-2.407,-7.6346
ORO,Hybrid,-0.1,3.0,3561.4431,891.0777,28.5021,0.2386,-11.988,-38.677,6.3343,-25.1487
YRS,Hybrid,-0.1,3.0,1700.5406,438.3727,57.4029,0.2714,-17.5047,-46.0014,3.8527,-33.5214
FOL,Hybrid,-0.1,3.0,2201.7367,689.1248,40.2523,0.1413,-14.7074,-40.0112,3.0928,-43.7717
MKM,Hybrid,-0.1,3.0,516.5869,219.9688,31.7815,0.0809,-23.5355,-45.8229,5.3998,-54.134
NHG,Hybrid,-0.1,3.0,115.6962,18.8585,18.4939,0.0483,-12.7378,-20.2651,-18.0528,79.2243
NML,Hybrid,-0.1,3.0,868.3392,331.1321,28.075,0.3465,-17.3787,-41.8021,8.5653,-13.1174
TLG,Hybrid,-0.1,3.0,1474.1049,674.8559,25.6082,0.163,-20.4164,-40.8111,13.4797,-31.8419
MRC,Hybrid,-0.1,3.0,673.9179,299.0596,21.4528,0.0371,-20.2685,-44.5729,17.0305,-57.0037
MIL,Hybrid,-0.1,3.0,1171.0208,681.9739,14.9838,0.1641,-20.4712,-33.6366,33.5375,-28.1418
PNF,Hybrid,-0.1,3.0,1347.1146,808.9852,19.3173,0.1847,-21.0059,-33.1994,50.8319,-32.7506
TRM,Hybrid,-0.1,3.0,344.4,159.5413,17.1667,0.1108,-15.1133,-38.1401,20.8238,-21.8262
SCC,Hybrid,-0.1,3.0,220.7055,65.3015,15.0614,0.1124,-11.118,-37.2552,-0.7104,-3.4197
ISB,Hybrid,-0.1,3.0,700.6394,325.5798,6.2311,0.1246,-13.4686,-35.3439,10.0228,-5.4449
SHA,Hybrid,-0.1,3.5,5208.6624,1276.2136,12.1367,0.4876,-8.4809,-21.6405,-3.9274,-5.7066
BND,Hybrid,-0.1,3.5,7540.7644,1779.9869,13.3114,0.4842,-7.0265,-20.0362,-1.7821,-7.1468
ORO,Hybrid,-0.1,3.5,3567.3377,858.9205,28.5383,0.2355,-11.8424,-40.8901,6.4694,-26.0984
YRS,Hybrid,-0.1,3.5,1686.0882,406.7635,57.2786,0.2679,-18.2058,-49.895,3.6277,-34.376
FOL,Hybrid,-0.1,3.5,2206.255,655.7678,40.3096,0.1362,-14.5324,-42.915,3.2395,-45.8232
MKM,Hybrid,-0.1,3.5,504.3897,197.4259,33.201,0.0771,-25.3409,-51.375,10.1075,-56.2994
NHG,Hybrid,-0.1,3.5,117.9593,19.1125,18.5302,0.0537,-11.0309,-19.1913,-17.8918,99.3784
NML,Hybrid,-0.1,3.5,863.9205,304.6245,29.4994,0.3473,-17.7992,-46.4609,14.0737,-12.9084
TLG,Hybrid,-0.1,3.5,1450.4713,616.4039,26.351,0.1573,-21.6923,-45.9377,16.7716,-34.2199
MRC,Hybrid,-0.1,3.5,671.6109,274.0475,22.5902,0.0351,-20.5414,-49.2086,23.2351,-59.3917
MIL,Hybrid,-0.1,3.5,1161.6674,643.2876,16.1038,0.1599,-21.1065,-37.4012,43.519,-29.9561
PNF,Hybrid,-0.1,3.5,1330.7042,759.9112,21.0193,0.1788,-21.9682,-37.2516,64.1212,-34.898
TRM,Hybrid,-0.1,3.5,343.3424,149.1653,18.145,0.1121,-15.374,-42.1633,27.7096,-20.8589
SCC,Hybrid,-0.1,3.5,223.0875,63.0304,15.1165,0.1211,-10.1588,-39.4374,-0.3475,4.0986
ISB,Hybrid,-0.1,3.5,701.6007,308.0773,6.3094,0.1261,-13.3498,-38.8197,11.4055,-4.3012
SHA,Hybrid,-0.1,4.0,5214.815,1265.6097,12.4339,0.4911,-8.3728,-22.2916,-1.5745,-5.0361
BND,Hybrid,-0.1,4.0,7576.0344,1771.6609,13.3336,0.4872,-6.5916,-20.4102,-1.618,-6.5898
ORO,Hybrid,-0.1,4.0,3570.3435,830.3681,28.5444,0.234,-11.7681,-42.855,6.4922,-26.5914
YRS,Hybrid,-0.1,4.0,1669.3415,379.2021,58.0672,0.2659,-19.0182,-53.29,5.0546,-34.8722
FOL,Hybrid,-0.1,4.0,2207.8142,625.2435,40.35,0.1326,-14.472,-45.5722,3.343,-47.237
MKM,Hybrid,-0.1,4.0,490.5923,176.1101,33.2624,0.0748,-27.3832,-56.625,10.3113,-57.5869
NHG,Hybrid,-0.1,4.0,120.371,19.4195,18.5629,0.0596,-9.2119,-17.8932,-17.7472,121.2661
NML,Hybrid,-0.1,4.0,859.0284,280.4372,30.933,0.3496,-18.2646,-50.7119,19.617,-12.3532
TLG,Hybrid,-0.1,4.0,1425.1968,560.4229,27.2785,0.1544,-23.0568,-50.8476,20.8816,-35.4325
MRC,Hybrid,-0.1,4.0,669.661,250.3463,23.2978,0.034,-20.7721,-53.6014,27.0955,-60.6465
MIL,Hybrid,-0.1,4.0,1150.2735,600.9205,17.1049,0.1552,-21.8803,-41.524,52.4403,-32.0267
PNF,Hybrid,-0.1,4.0,1312.9519,706.9881,21.6765,0.174,-23.0092,-41.6216,69.2525,-36.6292
TRM,Hybrid,-0.1,4.0,342.5506,138.7344,18.4424,0.1139,-15.5691,-46.2077,29.8024,-19.5937
SCC,Hybrid,-0.1,4.0,225.447,61.2415,15.1446,0.13,-9.2086,-41.1563,-0.1619,11.7124
ISB,Hybrid,-0.1,4.0,702.0423,291.0035,6.4935,0.1286,-13.2953,-42.2103,14.6557,-2.4384
SHA,Hybrid,-0.05,0.0,5397.6959,1545.189,11.9343,0.5044,-5.1594,-5.1254,-5.5296,-2.4677
BND,Hybrid,-0.05,0.0,7666.3379,2104.1254,12.704,0.5045,-5.4782,-5.4747,-6.2642,-3.2619
ORO,Hybrid,-0.05,0.0,3769.3178,1348.9103,25.0761,0.3078,-6.8509,-7.1695,-6.4471,-3.4335
YRS,Hybrid,-0.05,0.0,1898.3422,749.8388,51.4215,0.3811,-7.9091,-7.6352,-6.9688,-6.6387
FOL,Hybrid,-0.05,0.0,2357.6892,1050.7665,35.7961,0.2307,-8.666,-8.5301,-8.3202,-8.2322
MKM,Hybrid,-0.05,0.0,617.7182,374.3101,28.3204,0.1594,-8.5662,-7.8094,-6.0784,-9.6635
NHG,Hybrid,-0.05,0.0,116.8024,20.9283,20.4565,0.0242,-11.9035,-11.5139,-9.3562,-10.3804
NML,Hybrid,-0.05,0.0,969.6088,526.42,24.0573,0.3779,-7.7431,-7.4793,-6.971,-5.251
TLG,Hybrid,-0.05,0.0,1718.9513,1060.7841,20.602,0.2256,-7.1976,-6.9629,-8.7045,-5.6642
MRC,Hybrid,-0.05,0.0,768.1076,493.1373,16.4502,0.0784,-9.1248,-8.603,-10.26,-9.1904
MIL,Hybrid,-0.05,0.0,1354.1003,945.9898,10.4881,0.2135,-8.0375,-7.9451,-6.5286,-6.5075
PNF,Hybrid,-0.05,0.0,1573.8654,1119.8806,12.1945,0.2527,-7.7094,-7.5277,-4.7842,-7.9619
TRM,Hybrid,-0.05,0.0,370.6795,235.717,13.1571,0.1315,-8.636,-8.604,-7.3972,-7.1588
SCC,Hybrid,-0.05,0.0,227.3935,94.8951,14.8276,0.1077,-8.4247,-8.8203,-2.252,-7.4198
ISB,Hybrid,-0.05,0.0,747.0089,462.3588,5.1027,0.1266,-7.7418,-8.1813,-9.9017,-3.9651
SHA,Hybrid,-0.05,0.5,5418.3382,1501.5096,12.1536,0.4986,-4.7967,-7.8073,-3.7933,-3.5854
BND,Hybrid,-0.05,0.5,7719.3389,2052.608,12.908,0.4992,-4.8247,-7.789,-4.7588,-4.2794
ORO,Hybrid,-0.05,0.5,3784.3548,1260.5397,26.7256,0.2895,-6.4793,-13.2511,-0.2935,-9.1667
YRS,Hybrid,-0.05,0.5,1897.0295,704.0366,55.3349,0.3569,-7.9727,-13.2771,0.1112,-12.574
FOL,Hybrid,-0.05,0.5,2370.1585,996.2361,37.4355,0.2107,-8.183,-13.277,-4.1216,-16.173
MKM,Hybrid,-0.05,0.5,611.7295,356.0745,29.7925,0.1427,-9.4526,-12.3007,-1.1965,-19.1332
NHG,Hybrid,-0.05,0.5,118.9847,20.8395,20.4156,0.0277,-10.2575,-11.8897,-9.5376,2.9289
NML,Hybrid,-0.05,0.5,965.6617,503.5791,25.5026,0.3726,-8.1186,-11.4937,-1.3819,-6.5629
TLG,Hybrid,-0.05,0.5,1703.2136,1015.3687,22.14,0.2142,-8.0473,-10.9461,-1.8893,-10.4192
MRC,Hybrid,-0.05,0.5,765.0613,470.3005,18.2698,0.0679,-9.4853,-12.8355,-0.3339,-21.2796
MIL,Hybrid,-0.05,0.5,1339.5987,920.8408,10.9285,0.2034,-9.0224,-10.3923,-2.6043,-10.9006
PNF,Hybrid,-0.05,0.5,1554.1295,1093.0497,12.0936,0.2378,-8.8667,-9.7432,-5.5718,-13.4045
TRM,Hybrid,-0.05,0.5,373.2906,228.7903,14.1726,0.1286,-7.9924,-11.2898,-0.2492,-9.2124
SCC,Hybrid,-0.05,0.5,229.6527,90.3578,14.8366,0.1048,-7.5149,-13.18,-2.1927,-9.9029
ISB,Hybrid,-0.05,0.5,749.8522,447.6132,5.5432,0.1254,-7.3906,-11.1096,-2.1234,-4.8317
SHA,Hybrid,-0.05,1.0,5438.2732,1462.3117,12.322,0.4948,-4.4465,-10.2141,-2.46,-4.3257
BND,Hybrid,-0.05,1.0,7772.8366,2007.7458,13.2946,0.4963,-4.1651,-9.8044,-1.9063,-4.8411
ORO,Hybrid,-0.05,1.0,3799.085,1180.1157,28.493,0.2751,-6.1153,-18.7858,6.3005,-13.685
YRS,Hybrid,-0.05,1.0,1895.2252,655.789,57.7387,0.3369,-8.0603,-19.2202,4.4601,-17.4842
FOL,Hybrid,-0.05,1.0,2383.1238,942.2136,39.2409,0.1951,-7.6807,-17.9797,0.5024,-22.3864
MKM,Hybrid,-0.05,1.0,605.4689,335.5296,30.9869,0.1283,-10.3793,-17.3608,2.7646,-27.2753
NHG,Hybrid,-0.05,1.0,121.2395,20.8037,20.3948,0.0315,-8.5569,-12.0408,-9.6299,16.9445
NML,Hybrid,-0.05,1.0,961.1137,476.567,26.7512,0.3681,-8.5514,-16.2412,3.4464,-7.695
TLG,Hybrid,-0.05,1.0,1685.7331,963.6081,23.2818,0.2032,-8.991,-15.4858,3.1707,-15.0403
MRC,Hybrid,-0.05,1.0,760.4453,443.5719,19.2178,0.0597,-10.0314,-17.7893,4.838,-30.8341
MIL,Hybrid,-0.05,1.0,1326.3266,891.5998,11.9932,0.1957,-9.9238,-13.2378,6.8844,-14.3111
PNF,Hybrid,-0.05,1.0,1537.1824,1061.4161,13.4186,0.2265,-9.8604,-12.3553,4.7742,-17.529
TRM,Hybrid,-0.05,1.0,376.157,220.1846,15.1096,0.1255,-7.2859,-14.6265,6.3453,-11.4236
SCC,Hybrid,-0.05,1.0,231.7334,86.2074,14.8545,0.1027,-6.6769,-17.1678,-2.0746,-11.7313
ISB,Hybrid,-0.05,1.0,753.606,431.9723,5.9153,0.1254,-6.927,-14.2156,4.4468,-4.8382
SHA,Hybrid,-0.05,1.5,5459.2114,1427.7244,12.3508,0.4928,-4.0786,-12.3377,-2.2322,-4.7131
BND,Hybrid,-0.05,1.5,7824.0925,1968.7024,13.4876,0.4941,-3.5332,-11.5584,-0.4819,-5.2621
ORO,Hybrid,-0.05,1.5,3812.8862,1110.0088,29.2586,0.2643,-5.7743,-23.6104,9.1567,-17.0795
YRS,Hybrid,-0.05,1.5,1890.4838,606.5631,59.0947,0.3199,-8.2903,-25.2838,6.9134,-21.6416
FOL,Hybrid,-0.05,1.5,2394.7082,890.4735,40.4376,0.1828,-7.232,-22.4837,3.5674,-27.2748
MKM,Hybrid,-0.05,1.5,598.2721,312.8681,31.4341,0.1143,-11.4446,-22.9422,4.2479,-35.224
NHG,Hybrid,-0.05,1.5,123.5563,20.799,20.3904,0.0361,-6.8094,-12.0609,-9.6495,33.8025
NML,Hybrid,-0.05,1.5,957.496,448.3042,27.2448,0.3663,-8.8956,-21.2085,5.3552,-8.1474
TLG,Hybrid,-0.05,1.5,1666.0232,908.1638,24.9242,0.1938,-10.0551,-20.3486,10.4486,-18.9541
MRC,Hybrid,-0.05,1.5,755.8584,415.2476,19.7914,0.0541,-10.574,-23.0389,7.9669,-37.3377
MIL,Hybrid,-0.05,1.5,1313.3744,859.5983,13.072,0.1889,-10.8034,-16.3519,16.499,-17.256
PNF,Hybrid,-0.05,1.5,1520.7024,1025.8395,15.414,0.2183,-10.8268,-15.293,20.3538,-20.4975
TRM,Hybrid,-0.05,1.5,377.7598,210.4911,16.2557,0.1225,-6.8909,-18.385,14.4117,-13.5627
SCC,Hybrid,-0.05,1.5,233.7752,81.7682,15.0671,0.1023,-5.8546,-21.4332,-0.6734,-12.0933
ISB,Hybrid,-0.05,1.5,757.2825,415.4597,6.0996,0.1258,-6.4729,-17.4949,7.7017,-4.559
SHA,Hybrid,-0.05,2.0,5478.4955,1397.677,12.6176,0.4919,-3.7397,-14.1827,-0.1203,-4.8734
BND,Hybrid,-0.05,2.0,7874.505,1935.7347,13.7081,0.4935,-2.9116,-13.0394,1.1452,-5.3666
ORO,Hybrid,-0.05,2.0,3825.4597,1049.5943,29.914,0.2543,-5.4635,-27.7681,11.6017,-20.2022
YRS,Hybrid,-0.05,2.0,1884.1082,559.9695,60.6058,0.3063,-8.5996,-31.0232,9.6473,-24.9741
FOL,Hybrid,-0.05,2.0,2406.2558,842.8354,41.8604,0.1714,-6.7846,-26.6306,7.2114,-31.8055
MKM,Hybrid,-0.05,2.0,590.1564,289.9231,32.3049,0.1041,-12.6459,-28.5935,7.1356,-40.9819
NHG,Hybrid,-0.05,2.0,125.8887,20.8552,20.4027,0.0406,-5.0503,-11.8232,-9.5949,50.7371
NML,Hybrid,-0.05,2.0,953.3496,418.2296,27.533,0.3641,-9.2901,-26.4943,6.4693,-8.7064
TLG,Hybrid,-0.05,2.0,1644.894,850.2074,26.0109,0.1854,-11.1958,-25.4318,15.2644,-22.4886
MRC,Hybrid,-0.05,2.0,751.9952,386.367,21.1424,0.0482,-11.0311,-28.3916,15.3367,-44.1115
MIL,Hybrid,-0.05,2.0,1301.9988,824.3613,14.1268,0.1838,-11.576,-19.7808,25.8992,-19.5219
PNF,Hybrid,-0.05,2.0,1504.4138,983.4203,17.1891,0.2105,-11.782,-18.7957,34.2142,-23.3361
TRM,Hybrid,-0.05,2.0,378.8393,200.3218,17.2679,0.1204,-6.6248,-22.328,21.5363,-14.9973
SCC,Hybrid,-0.05,2.0,235.6313,77.9033,15.2437,0.1036,-5.1072,-25.1468,0.4909,-10.9345
ISB,Hybrid,-0.05,2.0,759.6925,396.904,6.2691,0.1259,-6.1753,-21.1798,10.6937,-4.4535
SHA,Hybrid,-0.05,2.5,5495.4506,1372.5692,12.8035,0.4927,-3.4418,-15.7243,1.3513,-4.7294
BND,Hybrid,-0.05,2.5,7923.2216,1909.6958,13.8778,0.4938,-2.311,-14.2092,2.3971,-5.3071
ORO,Hybrid,-0.05,2.5,3837.3126,999.9037,30.2432,0.2478,-5.1706,-31.1877,12.83,-22.2638
YRS,Hybrid,-0.05,2.5,1875.6242,517.2087,61.0735,0.2969,-9.0111,-36.2904,10.4934,-27.2673
FOL,Hybrid,-0.05,2.5,2415.8645,798.183,42.3808,0.1621,-6.4124,-30.5177,8.5441,-35.4949
MKM,Hybrid,-0.05,2.5,581.4343,266.1017,33.5781,0.0956,-13.9369,-34.4606,11.3582,-45.8437
NHG,Hybrid,-0.05,2.5,128.1555,20.9489,20.4146,0.0452,-3.3406,-11.4268,-9.5421,67.7467
NML,Hybrid,-0.05,2.5,949.3331,388.6766,28.2767,0.3624,-9.6723,-31.6884,9.3455,-9.1314
TLG,Hybrid,-0.05,2.5,1622.5369,790.6537,26.8094,0.1773,-12.4028,-30.655,18.8027,-25.8655
MRC,Hybrid,-0.05,2.5,748.4229,357.7306,22.2761,0.0428,-11.4537,-33.699,21.5218,-50.3635
MIL,Hybrid,-0.05,2.5,1292.6256,786.8125,15.5038,0.1788,-12.2125,-23.4347,38.1718,-21.6765
PNF,Hybrid,-0.05,2.5,1490.2462,935.9574,19.1561,0.2038,-12.6127,-22.7149,49.5726,-25.7962
TRM,Hybrid,-0.05,2.5,379.4476,188.6924,18.058,0.1197,-6.4748,-26.8372,27.0968,-15.5503
SCC,Hybrid,-0.05,2.5,237.1536,74.4593,15.3882,0.1067,-4.4941,-28.456,1.4436,-8.2979
ISB,Hybrid,-0.05,2.5,760.7717,377.4067,6.4607,0.1262,-6.042,-25.0517,14.076,-4.2218
SHA,Hybrid,-0.05,3.0,5507.9411,1352.2505,12.914,0.4939,-3.2224,-16.9718,2.2257,-4.5012
BND,Hybrid,-0.05,3.0,7966.51,1889.3192,13.9933,0.4948,-1.7772,-15.1246,3.2492,-5.1201
ORO,Hybrid,-0.05,3.0,3846.7555,958.0129,30.3541,0.2425,-4.9373,-34.0706,13.2437,-23.9023
YRS,Hybrid,-0.05,3.0,1862.9237,478.5642,61.1066,0.291,-9.6272,-41.0507,10.5533,-28.7268
FOL,Hybrid,-0.05,3.0,2421.9128,757.4963,42.6678,0.1541,-6.1781,-34.0595,9.2792,-38.6834
MKM,Hybrid,-0.05,3.0,570.1237,241.3257,34.975,0.0878,-15.6111,-40.5628,15.9906,-50.2203
NHG,Hybrid,-0.05,3.0,130.2954,21.0834,20.419,0.0503,-1.7266,-10.8583,-9.5226,86.6755
NML,Hybrid,-0.05,3.0,944.6713,359.0845,30.154,0.3621,-10.1158,-36.8893,16.605,-9.2133
TLG,Hybrid,-0.05,3.0,1597.948,729.415,27.9847,0.1701,-13.7303,-36.026,24.0109,-28.8598
MRC,Hybrid,-0.05,3.0,745.1535,329.2649,23.2296,0.0391,-11.8406,-38.9747,26.7234,-54.7379
MIL,Hybrid,-0.05,3.0,1283.9594,747.113,16.3913,0.1735,-12.8011,-27.2979,46.0806,-24.0305
PNF,Hybrid,-0.05,3.0,1473.8947,885.1391,21.0104,0.198,-13.5716,-26.9111,64.0512,-27.903
TRM,Hybrid,-0.05,3.0,378.9595,176.9425,18.2292,0.1181,-6.5952,-31.393,28.302,-16.646
SCC,Hybrid,-0.05,3.0,238.808,71.1813,15.4686,0.1131,-3.8278,-31.6056,1.9735,-2.7733
ISB,Hybrid,-0.05,3.0,761.6534,357.8034,6.6264,0.1271,-5.9331,-28.9447,17.0033,-3.5859
SHA,Hybrid,-0.05,3.5,5517.0201,1336.0932,12.9767,0.496,-3.0628,-17.9639,2.7226,-4.0843
BND,Hybrid,-0.05,3.5,8006.5303,1874.4703,14.0759,0.4967,-1.2838,-15.7916,3.8584,-4.7675
ORO,Hybrid,-0.05,3.5,3853.4238,922.7662,30.4441,0.2398,-4.7725,-36.4963,13.5796,-24.7479
YRS,Hybrid,-0.05,3.5,1847.41,443.9567,61.4081,0.2878,-10.3798,-45.3136,11.0989,-29.5142
FOL,Hybrid,-0.05,3.5,2425.5242,720.3208,42.6653,0.1489,-6.0382,-37.2956,9.2728,-40.7801
MKM,Hybrid,-0.05,3.5,556.1626,216.2181,36.1016,0.0823,-17.6776,-46.7466,19.7271,-53.3872
NHG,Hybrid,-0.05,3.5,132.4704,21.2749,20.4332,0.0555,-0.0862,-10.0488,-9.4595,106.0377
NML,Hybrid,-0.05,3.5,939.443,330.0442,31.5278,0.363,-10.6133,-41.9933,21.9172,-8.9756
TLG,Hybrid,-0.05,3.5,1571.5112,665.9516,28.6982,0.1641,-15.1576,-41.5921,27.1729,-31.3803
MRC,Hybrid,-0.05,3.5,741.9897,301.6374,24.8617,0.0365,-12.2149,-44.0952,35.6264,-57.6799
MIL,Hybrid,-0.05,3.5,1272.6285,704.0179,17.4596,0.1687,-13.5706,-31.4915,55.6018,-26.106
PNF,Hybrid,-0.05,3.5,1454.7193,830.6895,22.4988,0.1908,-14.696,-31.4072,75.6732,-30.5212
TRM,Hybrid,-0.05,3.5,377.459,165.453,19.3502,0.1202,-6.965,-35.8479,36.1917,-15.1751
SCC,Hybrid,-0.05,3.5,240.6937,68.516,15.4884,0.1213,-3.0684,-34.1666,2.1039,4.2526
ISB,Hybrid,-0.05,3.5,761.6642,338.3833,6.7709,0.1284,-5.9318,-32.8013,19.5537,-2.5848
SHA,Hybrid,-0.05,4.0,5523.8342,1323.633,13.2628,0.4991,-2.9431,-18.729,4.9868,-3.49
BND,Hybrid,-0.05,4.0,8043.981,1864.3791,14.0998,0.4994,-0.8221,-16.245,4.0346,-4.246
ORO,Hybrid,-0.05,4.0,3857.0914,891.5499,30.4865,0.2383,-4.6818,-38.6445,13.7375,-25.2234
YRS,Hybrid,-0.05,4.0,1829.4395,413.7215,61.5424,0.2864,-11.2516,-49.038,11.3418,-29.8483
FOL,Hybrid,-0.05,4.0,2425.7856,686.3397,43.0732,0.1436,-6.0281,-40.2537,10.3176,-42.8787
MKM,Hybrid,-0.05,4.0,540.8984,192.7947,36.1269,0.0798,-19.937,-52.5157,19.8109,-54.7993
NHG,Hybrid,-0.05,4.0,134.6498,21.503,20.4465,0.0611,1.5577,-9.084,-9.4006,126.8696
NML,Hybrid,-0.05,4.0,933.8805,303.6298,32.5591,0.3655,-11.1426,-46.6357,25.9053,-8.3492
TLG,Hybrid,-0.05,4.0,1543.3786,605.0321,29.6411,0.1611,-16.6764,-46.9351,31.3514,-32.6292
MRC,Hybrid,-0.05,4.0,739.234,275.4326,25.0754,0.0349,-12.5409,-48.9519,36.7923,-59.5107
MIL,Hybrid,-0.05,4.0,1259.2382,657.3678,18.4743,0.1642,-14.48,-36.0311,64.6447,-28.082
PNF,Hybrid,-0.05,4.0,1434.1361,772.4093,23.5388,0.1852,-15.903,-36.2196,83.7932,-32.5447
TRM,Hybrid,-0.05,4.0,376.1836,153.819,19.6117,0.1213,-7.2794,-40.3589,38.0321,-14.3879
SCC,Hybrid,-0.05,4.0,242.7232,66.3318,15.4886,0.1295,-2.2511,-36.2653,2.1056,11.3552
ISB,Hybrid,-0.05,4.0,761.0517,319.2808,6.9306,0.1302,-6.0074,-36.5948,22.3745,-1.236
SHA,Hybrid,-0.0,0.0,5691.337,1628.6649,12.6328,0.5171,0.0,0.0,0.0,0.0
BND,Hybrid,-0.0,0.0,8110.6565,2225.9907,13.5529,0.5215,0.0,0.0,0.0,0.0
ORO,Hybrid,-0.0,0.0,4046.5439,1453.0896,26.8042,0.3187,0.0,0.0,0.0,0.0
YRS,Hybrid,-0.0,0.0,2061.3776,811.8228,55.2734,0.4082,0.0,0.0,0.0,0.0
FOL,Hybrid,-0.0,0.0,2581.3935,1148.7566,39.0447,0.2514,0.0,0.0,0.0,0.0
MKM,Hybrid,-0.0,0.0,675.5907,406.0176,30.1533,0.1765,0.0,0.0,0.0,0.0
NHG,Hybrid,-0.0,0.0,132.5846,23.6515,22.5681,0.0269,0.0,0.0,0.0,0.0
NML,Hybrid,-0.0,0.0,1050.9874,568.9756,25.86,0.3988,0.0,0.0,0.0,0.0
TLG,Hybrid,-0.0,0.0,1852.2712,1140.1735,22.5663,0.2391,0.0,0.0,0.0,0.0
MRC,Hybrid,-0.0,0.0,845.2338,539.5551,18.331,0.0863,0.0,0.0,0.0,0.0
MIL,Hybrid,-0.0,0.0,1472.4491,1027.6363,11.2207,0.2283,0.0,0.0,0.0,0.0
PNF,Hybrid,-0.0,0.0,1705.3359,1211.0448,12.8072,0.2746,0.0,0.0,0.0,0.0
TRM,Hybrid,-0.0,0.0,405.7172,257.9075,14.208,0.1417,0.0,0.0,0.0,0.0
SCC,Hybrid,-0.0,0.0,248.313,104.0748,15.1692,0.1163,0.0,0.0,0.0,0.0
ISB,Hybrid,-0.0,0.0,809.6935,503.5561,5.6635,0.1318,0.0,0.0,0.0,0.0
SHA,Hybrid,-0.0,0.5,5715.5596,1580.6706,12.8324,0.5108,0.4256,-2.9469,1.5799,-1.2318
BND,Hybrid,-0.0,0.5,8167.8958,2169.1841,13.7824,0.5157,0.7057,-2.552,1.6929,-1.1137
ORO,Hybrid,-0.0,0.5,4065.1223,1356.823,28.3814,0.2987,0.4591,-6.625,5.8841,-6.263
YRS,Hybrid,-0.0,0.5,2060.4028,762.3576,58.4685,0.3814,-0.0473,-6.0931,5.7805,-6.5693
FOL,Hybrid,-0.0,0.5,2594.4451,1089.0355,39.7425,0.2293,0.5056,-5.1988,1.7872,-8.7701
MKM,Hybrid,-0.0,0.5,669.2663,386.2604,31.4987,0.1584,-0.9361,-4.8661,4.4621,-10.2106
NHG,Hybrid,-0.0,0.5,134.8647,23.5071,22.5241,0.0305,1.7198,-0.6109,-0.1949,13.005
NML,Hybrid,-0.0,0.5,1046.4112,543.9984,26.8315,0.3927,-0.4354,-4.3899,3.7567,-1.5354
TLG,Hybrid,-0.0,0.5,1836.0617,1091.2343,24.4384,0.2264,-0.8751,-4.2923,8.2958,-5.3455
MRC,Hybrid,-0.0,0.5,841.804,514.4025,20.0292,0.0752,-0.4058,-4.6617,9.2644,-12.8312
MIL,Hybrid,-0.0,0.5,1458.4223,1001.128,11.9562,0.2184,-0.9526,-2.5795,6.555,-4.3598
PNF,Hybrid,-0.0,0.5,1686.2171,1183.6079,13.0415,0.2584,-1.1211,-2.2656,1.8292,-5.9219
TRM,Hybrid,-0.0,0.5,408.7099,250.5176,15.267,0.1383,0.7376,-2.8653,7.4531,-2.3563
SCC,Hybrid,-0.0,0.5,250.3302,98.9804,15.143,0.113,0.8123,-4.8949,-0.1726,-2.8801
ISB,Hybrid,-0.0,0.5,812.8109,487.5834,6.0046,0.1305,0.385,-3.172,6.0227,-0.949
SHA,Hybrid,-0.0,1.0,5740.3038,1538.2175,12.9763,0.5061,0.8604,-5.5535,2.7188,-2.143
BND,Hybrid,-0.0,1.0,8227.0728,2120.4198,13.9503,0.5117,1.4353,-4.7426,2.9317,-1.874
ORO,Hybrid,-0.0,1.0,4082.7796,1269.0884,30.3241,0.2832,0.8955,-12.6628,13.1318,-11.1275
YRS,Hybrid,-0.0,1.0,2058.488,710.0402,61.0683,0.36,-0.1402,-12.5375,10.4841,-11.8107
FOL,Hybrid,-0.0,1.0,2607.9374,1029.8825,41.5159,0.2121,1.0283,-10.3481,6.3291,-15.6104
MKM,Hybrid,-0.0,1.0,662.4564,363.9475,33.0529,0.1424,-1.9441,-10.3616,9.6165,-19.294
NHG,Hybrid,-0.0,1.0,137.2036,23.428,22.5004,0.0345,3.4838,-0.945,-0.2996,28.0323
NML,Hybrid,-0.0,1.0,1041.0536,514.4042,28.2601,0.3869,-0.9452,-9.5912,9.2812,-2.9897
TLG,Hybrid,-0.0,1.0,1817.17,1035.0272,25.0247,0.2151,-1.895,-9.222,10.894,-10.0358
MRC,Hybrid,-0.0,1.0,836.7713,485.1689,20.9814,0.065,-1.0012,-10.0798,14.4585,-24.7503
MIL,Hybrid,-0.0,1.0,1445.7463,970.2651,13.2505,0.209,-1.8135,-5.5828,18.0901,-8.4522
PNF,Hybrid,-0.0,1.0,1669.6263,1150.5983,14.682,0.246,-2.094,-4.9913,14.639,-10.4046
TRM,Hybrid,-0.0,1.0,412.0067,241.3643,16.1952,0.1352,1.5502,-6.4144,13.9859,-4.5908
SCC,Hybrid,-0.0,1.0,252.1242,94.2929,15.2158,0.1108,1.5348,-9.3989,0.3072,-4.7139
ISB,Hybrid,-0.0,1.0,816.6593,470.5341,6.3416,0.1306,0.8603,-6.5577,11.9745,-0.9347
SHA,Hybrid,-0.0,1.5,5764.6364,1500.3205,13.1684,0.5033,1.2879,-7.8803,4.2398,-2.6864
BND,Hybrid,-0.0,1.5,8284.0562,2077.8569,14.1556,0.5098,2.1379,-6.6547,4.447,-2.2511
ORO,Hybrid,-0.0,1.5,4098.8562,1192.4135,31.0693,0.271,1.2928,-17.9394,15.9121,-14.9612
YRS,Hybrid,-0.0,1.5,2053.6838,656.7396,61.9293,0.3424,-0.3732,-19.1031,12.0418,-16.1273
FOL,Hybrid,-0.0,1.5,2619.8299,973.1565,42.9818,0.1989,1.489,-15.2861,10.0833,-20.874
MKM,Hybrid,-0.0,1.5,654.3357,339.1986,33.9424,0.1278,-3.1461,-16.4572,12.5662,-27.5769
NHG,Hybrid,-0.0,1.5,139.5532,23.3751,22.4755,0.039,5.256,-1.1688,-0.4103,44.674
NML,Hybrid,-0.0,1.5,1036.4796,483.4879,28.8767,0.3837,-1.3804,-15.0248,11.6653,-3.7987
TLG,Hybrid,-0.0,1.5,1795.8629,975.054,26.4731,0.2048,-3.0454,-14.482,17.3123,-14.3606
MRC,Hybrid,-0.0,1.5,831.4394,454.0172,21.5973,0.0581,-1.632,-15.8534,17.8184,-32.6342
MIL,Hybrid,-0.0,1.5,1432.628,935.8268,14.3033,0.2024,-2.7044,-8.934,27.4728,-11.3755
PNF,Hybrid,-0.0,1.5,1653.3367,1113.0476,16.8736,0.236,-3.0492,-8.092,31.7508,-14.0667
TRM,Hybrid,-0.0,1.5,413.5548,230.9166,17.3452,0.1326,1.9318,-10.4653,22.0799,-6.4289
SCC,Hybrid,-0.0,1.5,253.9133,89.3587,15.4946,0.1104,2.2553,-14.1399,2.1451,-5.1239
ISB,Hybrid,-0.0,1.5,820.281,452.3177,6.558,0.1307,1.3076,-10.1753,15.794,-0.8051
SHA,Hybrid,-0.0,2.0,5787.0848,1467.2909,13.3884,0.5024,1.6823,-9.9084,5.9808,-2.8583
BND,Hybrid,-0.0,2.0,8339.7486,2041.6828,14.4192,0.5086,2.8246,-8.2798,6.3916,-2.4722
ORO,Hybrid,-0.0,2.0,4113.4299,1126.3143,31.6847,0.2618,1.6529,-22.4883,18.2078,-17.8409
YRS,Hybrid,-0.0,2.0,2047.0592,606.3827,63.4176,0.3285,-0.6946,-25.306,14.7343,-19.5432
FOL,Hybrid,-0.0,2.0,2631.1544,920.6505,44.2676,0.1876,1.9277,-19.8568,13.3765,-25.3604
MKM,Hybrid,-0.0,2.0,645.5447,314.4572,35.0859,0.1148,-4.4474,-22.5508,16.3586,-34.9587
NHG,Hybrid,-0.0,2.0,141.8562,23.3757,22.4522,0.044,6.993,-1.1663,-0.5136,63.3579
NML,Hybrid,-0.0,2.0,1031.5676,450.8738,29.3321,0.3814,-1.8478,-20.7569,13.4265,-4.38
TLG,Hybrid,-0.0,2.0,1772.6136,912.2654,27.8628,0.1949,-4.3005,-19.9889,23.4708,-18.4946
MRC,Hybrid,-0.0,2.0,826.7142,422.1799,22.8069,0.0525,-2.1911,-21.7541,24.4175,-39.1851
MIL,Hybrid,-0.0,2.0,1420.5349,897.4003,15.4831,0.1965,-3.5257,-12.6734,37.9866,-13.9291
PNF,Hybrid,-0.0,2.0,1636.6968,1067.9108,18.8753,0.2277,-4.025,-11.819,47.3807,-17.075
TRM,Hybrid,-0.0,2.0,414.4445,219.8336,18.3508,0.1305,2.1511,-14.7626,29.1578,-7.8659
SCC,Hybrid,-0.0,2.0,255.4885,85.0011,15.545,0.1112,2.8897,-18.3269,2.4775,-4.4291
ISB,Hybrid,-0.0,2.0,822.2534,431.8466,6.7073,0.1305,1.5512,-14.2406,18.4307,-0.9758
SHA,Hybrid,-0.0,2.5,5806.4638,1439.3868,13.5608,0.5024,2.0228,-11.6217,7.3463,-2.8459
BND,Hybrid,-0.0,2.5,8392.7355,2012.8072,14.5849,0.5082,3.4779,-9.577,7.6143,-2.5474
ORO,Hybrid,-0.0,2.5,4126.8487,1071.9746,31.9712,0.2539,1.9845,-26.2279,19.2767,-20.3204
YRS,Hybrid,-0.0,2.5,2037.9376,560.0369,64.1576,0.3185,-1.1371,-31.0149,16.0731,-21.9764
FOL,Hybrid,-0.0,2.5,2640.1287,871.2395,44.6035,0.1778,2.2753,-24.158,14.237,-29.2593
MKM,Hybrid,-0.0,2.5,636.1335,288.8641,36.2383,0.105,-5.8404,-28.8543,20.1805,-40.5218
NHG,Hybrid,-0.0,2.5,144.1185,23.4246,22.4389,0.0487,8.6993,-0.9597,-0.5725,80.6998
NML,Hybrid,-0.0,2.5,1026.88,418.9321,29.8674,0.3795,-2.2938,-26.3708,15.4964,-4.8506
TLG,Hybrid,-0.0,2.5,1748.5154,848.3487,28.8565,0.1868,-5.6015,-25.5948,27.8744,-21.8942
MRC,Hybrid,-0.0,2.5,822.3318,390.9738,24.1433,0.047,-2.7095,-27.5377,31.7074,-45.5825
MIL,Hybrid,-0.0,2.5,1410.1128,856.2436,17.1172,0.1908,-4.2335,-16.6783,52.5505,-16.4366
PNF,Hybrid,-0.0,2.5,1621.1,1016.4308,20.7628,0.2196,-4.9395,-16.0699,62.1182,-20.05
TRM,Hybrid,-0.0,2.5,414.9695,207.236,19.1445,0.1289,2.2805,-19.6471,34.744,-9.0114
SCC,Hybrid,-0.0,2.5,256.6888,81.1514,15.5968,0.1128,3.3731,-22.0259,2.8187,-3.059
ISB,Hybrid,-0.0,2.5,822.7961,410.4445,6.8414,0.1302,1.6182,-18.4908,20.7989,-1.205
SHA,Hybrid,-0.0,3.0,5822.7211,1417.1535,13.697,0.5036,2.3085,-12.9868,8.424,-2.6229
BND,Hybrid,-0.0,3.0,8440.9821,1990.3655,14.6994,0.5096,4.0727,-10.5852,8.4593,-2.2777
ORO,Hybrid,-0.0,3.0,4137.6719,1026.2114,32.1025,0.2485,2.252,-29.3773,19.7667,-22.032
YRS,Hybrid,-0.0,3.0,2024.785,518.2325,64.2672,0.3119,-1.7752,-36.1643,16.2715,-23.5983
FOL,Hybrid,-0.0,3.0,2645.4235,826.4518,45.1696,0.1693,2.4804,-28.0568,15.6868,-32.6363
MKM,Hybrid,-0.0,3.0,623.726,262.1274,37.7573,0.0962,-7.6769,-35.4394,25.2181,-45.4934
NHG,Hybrid,-0.0,3.0,146.2955,23.5203,22.4151,0.0535,10.3412,-0.555,-0.6779,98.6234
NML,Hybrid,-0.0,3.0,1021.2687,386.7664,31.7803,0.3786,-2.8277,-32.0241,22.8935,-5.0819
TLG,Hybrid,-0.0,3.0,1721.2132,782.1667,30.1943,0.1787,-7.0755,-31.3993,33.8025,-25.2687
MRC,Hybrid,-0.0,3.0,818.2564,359.8676,25.3138,0.0419,-3.1917,-33.3029,38.0931,-51.4722
MIL,Hybrid,-0.0,3.0,1400.2844,812.7887,17.7941,0.1849,-4.901,-20.907,58.5831,-19.0337
PNF,Hybrid,-0.0,3.0,1602.5211,960.9398,22.529,0.2127,-6.029,-20.652,75.9092,-22.5412
TRM,Hybrid,-0.0,3.0,414.1654,194.4216,19.2839,0.1289,2.0823,-24.6158,35.725,-8.9922
SCC,Hybrid,-0.0,3.0,257.9535,77.4441,15.6325,0.1168,3.8824,-25.5881,3.054,0.4372
ISB,Hybrid,-0.0,3.0,822.9385,388.9314,7.0034,0.1303,1.6358,-22.763,23.6596,-1.1481
SHA,Hybrid,-0.0,3.5,5833.225,1398.8469,13.7747,0.5054,2.4931,-14.1108,9.0391,-2.2714
BND,Hybrid,-0.0,3.5,8483.5,1973.5195,14.7828,0.511,4.597,-11.342,9.0747,-2.0229
ORO,Hybrid,-0.0,3.5,4145.5808,988.0297,32.2012,0.2451,2.4474,-32.0049,20.1346,-23.0827
YRS,Hybrid,-0.0,3.5,2008.4096,480.8138,64.6422,0.3087,-2.5695,-40.7736,16.95,-24.3898
FOL,Hybrid,-0.0,3.5,2648.2599,785.659,45.3513,0.1623,2.5903,-31.6079,16.1522,-35.4202
MKM,Hybrid,-0.0,3.5,608.139,234.6133,38.6855,0.0903,-9.9841,-42.216,28.2963,-48.8098
NHG,Hybrid,-0.0,3.5,148.3266,23.6599,22.386,0.0589,11.8732,0.0352,-0.8069,118.4778
NML,Hybrid,-0.0,3.5,1015.2089,355.2561,33.2022,0.3791,-3.4043,-37.5622,28.392,-4.9447
TLG,Hybrid,-0.0,3.5,1691.7625,713.7504,30.9301,0.1724,-8.6655,-37.3998,37.0632,-27.9016
MRC,Hybrid,-0.0,3.5,814.2888,329.7261,26.6955,0.0387,-3.6611,-38.8893,45.6304,-55.1549
MIL,Hybrid,-0.0,3.5,1386.8326,765.1484,18.8107,0.1793,-5.8146,-25.5429,67.6431,-21.4579
PNF,Hybrid,-0.0,3.5,1580.4656,901.1562,23.8981,0.205,-7.3223,-25.5885,86.599,-25.3398
TRM,Hybrid,-0.0,3.5,412.4339,181.9204,20.3679,0.1308,1.6555,-29.4629,43.3548,-7.7189
SCC,Hybrid,-0.0,3.5,259.428,74.3841,15.7328,0.1234,4.4762,-28.5282,3.7152,6.0955
ISB,Hybrid,-0.0,3.5,822.1536,367.8099,7.2034,0.1317,1.5389,-26.9575,27.1903,-0.0533
SHA,Hybrid,-0.0,4.0,5840.7668,1384.5638,13.9431,0.5085,2.6256,-14.9878,10.3719,-1.6788
BND,Hybrid,-0.0,4.0,8523.8318,1961.9173,14.8119,0.5134,5.0942,-11.8632,9.2894,-1.5489
ORO,Hybrid,-0.0,4.0,4149.942,954.1135,32.319,0.2435,2.5552,-34.339,20.5744,-23.6041
YRS,Hybrid,-0.0,4.0,1989.4664,448.0188,64.19,0.3078,-3.4885,-44.8132,16.1317,-24.6092
FOL,Hybrid,-0.0,4.0,2647.708,748.3894,45.3778,0.1574,2.5689,-34.8522,16.22,-37.3663
MKM,Hybrid,-0.0,4.0,591.3841,209.117,38.7288,0.0864,-12.4641,-48.4956,28.4398,-51.0182
NHG,Hybrid,-0.0,4.0,150.3165,23.8353,22.3647,0.0644,13.374,0.777,-0.9013,138.8929
NML,Hybrid,-0.0,4.0,1009.057,326.691,33.6142,0.3819,-3.9896,-42.5826,29.9852,-4.2467
TLG,Hybrid,-0.0,4.0,1660.9281,648.2151,31.8698,0.1689,-10.3302,-43.1477,41.2275,-29.3718
MRC,Hybrid,-0.0,4.0,810.7722,301.0168,26.6786,0.0367,-4.0772,-44.2102,45.5385,-57.4636
MIL,Hybrid,-0.0,4.0,1371.0914,713.9472,20.2246,0.1744,-6.8836,-30.5253,80.244,-23.6365
PNF,Hybrid,-0.0,4.0,1557.0535,837.4774,25.0999,0.198,-8.6952,-30.8467,95.9827,-27.8891
TRM,Hybrid,-0.0,4.0,410.8098,169.1882,20.5168,0.1317,1.2552,-34.3997,44.4027,-7.0561
SCC,Hybrid,-0.0,4.0,260.955,71.85,15.7478,0.1315,5.0911,-30.9632,3.8143,13.0412
ISB,Hybrid,-0.0,4.0,820.9311,347.0523,7.3209,0.133,1.3879,-31.0797,29.2655,0.9193
SHA,Hybrid,0.05,0.0,5990.3339,1714.9592,13.2757,0.5305,5.2535,5.2985,5.0889,2.5889
BND,Hybrid,0.05,0.0,8561.1768,2351.1767,14.2939,0.5394,5.5547,5.6238,5.4668,3.4317
ORO,Hybrid,0.05,0.0,4326.8719,1557.5639,28.4354,0.3315,6.9276,7.1898,6.0857,4.0253
YRS,Hybrid,0.05,0.0,2223.8613,872.1838,57.9945,0.4382,7.8823,7.4352,4.923,7.3255
FOL,Hybrid,0.05,0.0,2807.3993,1246.391,41.7543,0.2756,8.7552,8.4991,6.9396,9.6438
MKM,Hybrid,0.05,0.0,733.3946,436.7531,32.4097,0.196,8.5561,7.57,7.4832,11.0771
NHG,Hybrid,0.05,0.0,149.4103,26.5251,24.4704,0.0313,12.6905,12.1495,8.4292,16.2394
NML,Hybrid,0.05,0.0,1132.3821,610.7194,27.3707,0.4214,7.7446,7.3367,5.842,5.6666
TLG,Hybrid,0.05,0.0,1984.1693,1216.3368,24.7494,0.2553,7.1209,6.68,9.6741,6.7488
MRC,Hybrid,0.05,0.0,923.5555,585.6812,19.7419,0.0955,9.2663,8.5489,7.6971,10.6818
MIL,Hybrid,0.05,0.0,1593.5582,1109.3,11.9147,0.2457,8.225,7.9468,6.1852,7.5952
PNF,Hybrid,0.05,0.0,1838.5555,1301.0246,13.2501,0.3002,7.8119,7.4299,3.4585,9.3115
TRM,Hybrid,0.05,0.0,441.3818,279.9677,15.1012,0.1537,8.7905,8.5535,6.286,8.4638
SCC,Hybrid,0.05,0.0,269.5888,113.2825,15.4062,0.1272,8.5681,8.8472,1.5623,9.3086
ISB,Hybrid,0.05,0.0,873.1608,544.4193,6.1369,0.138,7.8384,8.1149,8.3595,4.6806
SHA,Hybrid,0.05,0.5,6018.7351,1662.6625,13.4663,0.5235,5.7526,2.0875,6.5978,1.2258
BND,Hybrid,0.05,0.5,8625.3365,2289.7573,14.5901,0.5337,6.3457,2.8646,7.6525,2.3265
ORO,Hybrid,0.05,0.5,4348.7499,1453.389,29.9306,0.3093,7.4683,0.0206,11.6637,-2.9584
YRS,Hybrid,0.05,0.5,2222.872,819.1666,61.059,0.4089,7.8343,0.9046,10.4673,0.1496
FOL,Hybrid,0.05,0.5,2820.9391,1181.5136,42.551,0.2516,9.2797,2.8515,8.9802,0.0749
MKM,Hybrid,0.05,0.5,726.4457,415.2777,33.1667,0.1761,7.5275,2.2807,9.9939,-0.1985
NHG,Hybrid,0.05,0.5,151.7854,26.3258,24.4422,0.0351,14.4819,11.3068,8.3043,30.3354
NML,Hybrid,0.05,0.5,1127.267,583.7688,28.269,0.4128,7.2579,2.6,9.3154,3.5125
TLG,Hybrid,0.05,0.5,1967.3061,1163.8323,26.7155,0.2407,6.2105,2.075,18.3865,0.636
MRC,Hybrid,0.05,0.5,919.6359,558.1819,21.4043,0.0832,8.8025,3.4522,16.7658,-3.5719
MIL,Hybrid,0.05,0.5,1580.0871,1081.3545,13.2047,0.235,7.3101,5.2274,17.6815,2.9385
PNF,Hybrid,0.05,0.5,1819.8352,1272.9113,14.1635,0.282,6.7142,5.1085,10.5899,2.6876
TRM,Hybrid,0.05,0.5,444.6208,272.0629,16.3313,0.1509,9.5888,5.4885,14.9439,6.5276
SCC,Hybrid,0.05,0.5,271.4543,107.6987,15.5385,0.1224,9.3194,3.482,2.4348,5.2088
ISB,Hybrid,0.05,0.5,876.271,527.0029,6.5261,0.1364,8.2226,4.6563,15.2315,3.5071
SHA,Hybrid,0.05,1.0,6047.1612,1616.4445,13.7478,0.5183,6.252,-0.7503,8.8263,0.2309
BND,Hybrid,0.05,1.0,8688.6016,2236.239,14.6092,0.5287,7.1257,0.4604,7.7933,1.371
ORO,Hybrid,0.05,1.0,4369.7412,1358.6373,31.9772,0.2933,7.987,-6.5001,19.299,-7.9734
YRS,Hybrid,0.05,1.0,2221.1333,762.9631,63.903,0.3852,7.7499,-6.0185,15.6126,-5.658
FOL,Hybrid,0.05,1.0,2834.5328,1117.0859,43.8989,0.232,9.8063,-2.757,12.4324,-7.7017
MKM,Hybrid,0.05,1.0,719.0593,391.2826,34.6543,0.1589,6.4342,-3.6292,14.9272,-9.9255
NHG,Hybrid,0.05,1.0,154.1852,26.1853,24.4357,0.0394,16.2919,10.7129,8.2754,46.3806
NML,Hybrid,0.05,1.0,1121.0379,551.6997,29.3872,0.4067,6.6652,-3.0363,13.6396,1.9811
TLG,Hybrid,0.05,1.0,1946.9659,1103.3512,27.1876,0.228,5.1124,-3.2295,20.4788,-4.6499
MRC,Hybrid,0.05,1.0,914.1955,526.4973,22.6395,0.0728,8.1589,-2.4201,23.5038,-15.687
MIL,Hybrid,0.05,1.0,1567.8561,1048.7205,14.7287,0.2256,6.4795,2.0517,31.2636,-1.215
PNF,Hybrid,0.05,1.0,1803.3805,1238.221,15.9467,0.267,5.7493,2.244,24.5139,-2.7759
TRM,Hybrid,0.05,1.0,448.2516,262.353,17.2397,0.1474,10.4838,1.7237,21.3376,4.0364
SCC,Hybrid,0.05,1.0,273.0883,102.5331,15.6018,0.1204,9.9774,-1.4813,2.8519,3.471
ISB,Hybrid,0.05,1.0,879.8768,508.1879,6.7408,0.1366,8.6679,0.9198,19.0223,3.6317
SHA,Hybrid,0.05,1.5,6075.2622,1575.2874,13.9122,0.5148,6.7458,-3.2774,10.1275,-0.4468
BND,Hybrid,0.05,1.5,8752.4815,2190.5084,14.8146,0.526,7.9134,-1.594,9.3095,0.8605
ORO,Hybrid,0.05,1.5,4388.634,1275.5213,32.7332,0.2802,8.4539,-12.22,22.1195,-12.0779
YRS,Hybrid,0.05,1.5,2215.9554,705.5933,64.5626,0.3675,7.4988,-13.0853,16.8059,-9.9868
FOL,Hybrid,0.05,1.5,2846.5795,1055.3955,45.1356,0.2167,10.273,-8.1271,15.5998,-13.8046
MKM,Hybrid,0.05,1.5,710.2504,364.6528,36.4315,0.1425,5.1303,-10.1879,20.821,-19.2717
NHG,Hybrid,0.05,1.5,156.6072,26.0825,24.4054,0.0443,18.1187,10.2783,8.1415,64.3292
NML,Hybrid,0.05,1.5,1115.5314,518.2185,30.2614,0.4025,6.1413,-8.9208,17.0203,0.9284
TLG,Hybrid,0.05,1.5,1923.8991,1038.9727,28.3274,0.217,3.867,-8.8759,25.5297,-9.2706
MRC,Hybrid,0.05,1.5,908.149,492.5662,23.2968,0.0636,7.4435,-8.7088,27.0898,-26.3228
MIL,Hybrid,0.05,1.5,1554.7428,1012.081,15.6499,0.2181,5.5889,-1.5137,39.4733,-4.4798
PNF,Hybrid,0.05,1.5,1786.6423,1198.2938,18.2658,0.2566,4.7678,-1.0529,42.6213,-6.5726
TRM,Hybrid,0.05,1.5,449.7054,251.18,18.3183,0.1441,10.8421,-2.6085,28.9291,1.7355
SCC,Hybrid,0.05,1.5,274.6656,97.1555,15.7505,0.1189,10.6126,-6.6484,3.8321,2.2131
ISB,Hybrid,0.05,1.5,882.973,487.8832,6.987,0.1364,9.0503,-3.1124,23.3701,3.5044
SHA,Hybrid,0.05,2.0,6100.856,1539.2471,14.2224,0.5135,7.1955,-5.4903,12.5835,-0.6978
BND,Hybrid,0.05,2.0,8813.3923,2151.237,15.08,0.5244,8.6644,-3.3582,11.2675,0.555
ORO,Hybrid,0.05,2.0,4405.4157,1203.7941,33.4253,0.2693,8.8686,-17.1562,24.7016,-15.4971
YRS,Hybrid,0.05,2.0,2209.037,651.5551,65.8727,0.3527,7.1631,-19.7417,19.1761,-13.5986
FOL,Hybrid,0.05,2.0,2857.7742,998.2039,46.1141,0.2059,10.7066,-13.1057,18.1058,-18.085
MKM,Hybrid,0.05,2.0,700.645,338.1261,37.6198,0.1281,3.7085,-16.7213,24.7618,-27.4236
NHG,Hybrid,0.05,2.0,158.9659,26.0442,24.4001,0.0491,19.8977,10.1161,8.118,82.3256
NML,Hybrid,0.05,2.0,1109.848,483.1908,30.7247,0.3996,5.6005,-15.0771,18.8119,0.1868
TLG,Hybrid,0.05,2.0,1898.9546,971.8191,29.866,0.2071,2.5203,-14.7657,32.3478,-13.4093
MRC,Hybrid,0.05,2.0,902.5022,457.8936,24.9602,0.0568,6.7754,-15.135,36.1637,-34.1385
MIL,Hybrid,0.05,2.0,1541.7636,970.5377,16.7875,0.2113,4.7074,-5.5563,49.6122,-7.4476
PNF,Hybrid,0.05,2.0,1769.5033,1150.4202,20.4952,0.2476,3.7627,-5.006,60.0291,-9.8408
TRM,Hybrid,0.05,2.0,450.3698,239.164,19.3802,0.1428,11.0059,-7.2675,36.4027,0.8019
SCC,Hybrid,0.05,2.0,276.0067,92.3482,15.7607,0.1189,11.1527,-11.2675,3.8992,2.2163
ISB,Hybrid,0.05,2.0,884.6424,465.4953,7.1049,0.1359,9.2565,-7.5584,25.451,3.0789
SHA,Hybrid,0.05,2.5,6124.2695,1508.998,14.3116,0.5133,7.6069,-7.3475,13.289,-0.749
BND,Hybrid,0.05,2.5,8870.0112,2119.385,15.2474,0.524,9.3624,-4.7891,12.5028,0.4796
ORO,Hybrid,0.05,2.5,4420.4971,1145.0514,33.5917,0.2618,9.2413,-21.1988,25.3225,-17.8594
YRS,Hybrid,0.05,2.5,2199.4531,601.9132,66.5436,0.3421,6.6982,-25.8566,20.3899,-16.2119
FOL,Hybrid,0.05,2.5,2866.3092,944.369,46.4607,0.1945,11.0373,-17.7921,18.9934,-22.6368
MKM,Hybrid,0.05,2.5,690.3958,310.6409,38.5199,0.1162,2.1914,-23.4908,27.747,-34.1682
NHG,Hybrid,0.05,2.5,161.2604,26.0514,24.39,0.0542,21.6283,10.1466,8.0731,101.1518
NML,Hybrid,0.05,2.5,1104.4763,448.8925,31.7225,0.3969,5.0894,-21.1051,22.6701,-0.4822
TLG,Hybrid,0.05,2.5,1873.2457,903.8532,30.772,0.1977,1.1324,-20.7267,36.3626,-17.3423
MRC,Hybrid,0.05,2.5,897.311,424.1605,26.2331,0.0515,6.1613,-21.387,43.1079,-40.2863
MIL,Hybrid,0.05,2.5,1530.3225,925.9171,18.689,0.2048,3.9304,-9.8984,66.5583,-10.2943
PNF,Hybrid,0.05,2.5,1752.5299,1095.2477,22.2705,0.238,2.7674,-9.5618,73.8901,-13.3411
TRM,Hybrid,0.05,2.5,450.6704,225.5181,20.0187,0.1419,11.08,-12.5585,40.8967,0.1613
SCC,Hybrid,0.05,2.5,276.9602,88.0986,15.7851,0.1205,11.5367,-15.3507,4.06,3.543
ISB,Hybrid,0.05,2.5,884.6257,442.1317,7.1945,0.1353,9.2544,-12.1981,27.0341,2.6219
SHA,Hybrid,0.05,3.0,6142.1381,1484.2395,14.3883,0.5141,7.9208,-8.8677,13.8967,-0.5912
BND,Hybrid,0.05,3.0,8922.3085,2094.8054,15.3626,0.5251,10.0072,-5.8933,13.3522,0.6909
ORO,Hybrid,0.05,3.0,4432.7003,1095.3947,33.7337,0.2559,9.5429,-24.6162,25.8523,-19.7008
YRS,Hybrid,0.05,3.0,2185.8515,557.1507,66.8725,0.335,6.0384,-31.3704,20.985,-17.9457
FOL,Hybrid,0.05,3.0,2871.071,895.6585,47.1172,0.1855,11.2218,-22.0324,20.6749,-26.1938
MKM,Hybrid,0.05,3.0,676.8559,282.0614,40.0891,0.1066,0.1873,-30.5298,32.9511,-39.5693
NHG,Hybrid,0.05,3.0,163.3808,26.1,24.382,0.059,23.2276,10.352,8.0377,119.0549
NML,Hybrid,0.05,3.0,1097.9115,414.2086,33.1355,0.3958,4.4648,-27.201,28.1343,-0.7533
TLG,Hybrid,0.05,3.0,1843.4558,833.0794,32.1763,0.1891,-0.4759,-26.934,42.5857,-20.9107
MRC,Hybrid,0.05,3.0,892.5699,390.5659,27.3311,0.0456,5.6004,-27.6133,49.0976,-47.2108
MIL,Hybrid,0.05,3.0,1519.4432,878.9018,19.5089,0.1984,3.1916,-14.4735,73.8655,-13.1232
PNF,Hybrid,0.05,3.0,1732.187,1035.6512,23.8589,0.2295,1.5745,-14.4828,86.2932,-16.4098
TRM,Hybrid,0.05,3.0,449.6898,211.6951,20.0776,0.1417,10.8382,-17.9182,41.3118,0.0306
SCC,Hybrid,0.05,3.0,277.9242,83.9935,15.8753,0.1232,11.9249,-19.295,4.6549,5.9232
ISB,Hybrid,0.05,3.0,884.2336,418.8695,7.3957,0.1348,9.206,-16.8177,30.5855,2.2664
SHA,Hybrid,0.05,3.5,6156.4871,1464.4318,14.4971,0.5158,8.1729,-10.0839,14.7573,-0.2686
BND,Hybrid,0.05,3.5,8968.0449,2076.163,15.4425,0.5265,10.5711,-6.7308,13.9423,0.9575
ORO,Hybrid,0.05,3.5,4441.7904,1054.2448,33.8126,0.2518,9.7675,-27.4481,26.1466,-20.997
YRS,Hybrid,0.05,3.5,2168.506,517.0108,67.1384,0.3314,5.1969,-36.3148,21.466,-18.8285
FOL,Hybrid,0.05,3.5,2873.3486,851.394,47.3961,0.1787,11.31,-25.8856,21.3893,-28.9205
MKM,Hybrid,0.05,3.5,659.9168,252.4378,40.806,0.0995,-2.32,-37.8259,35.3285,-43.6346
NHG,Hybrid,0.05,3.5,165.3129,26.1988,24.3586,0.064,24.6848,10.7699,7.9338,137.5206
NML,Hybrid,0.05,3.5,1091.1968,380.341,34.2683,0.3963,3.8259,-33.1534,32.5147,-0.6283
TLG,Hybrid,0.05,3.5,1810.9839,759.8165,33.0248,0.1819,-2.229,-33.3596,46.3455,-23.9221
MRC,Hybrid,0.05,3.5,887.9065,358.0349,27.9968,0.042,5.0486,-33.6426,52.7294,-51.338
MIL,Hybrid,0.05,3.5,1503.6039,826.6332,20.4011,0.1925,2.1158,-19.5598,81.8166,-15.6976
PNF,Hybrid,0.05,3.5,1707.5132,971.0195,25.4459,0.2221,0.1277,-19.8197,98.6846,-19.1169
TRM,Hybrid,0.05,3.5,447.7924,198.2512,21.0787,0.1437,10.3706,-23.1309,48.3573,1.4045
SCC,Hybrid,0.05,3.5,279.0509,80.5609,15.9622,0.129,12.3787,-22.5933,5.2279,10.9258
ISB,Hybrid,0.05,3.5,882.7701,396.09,7.5573,0.1358,9.0252,-21.3414,33.4388,3.0524
SHA,Hybrid,0.05,4.0,6165.3379,1448.4318,14.6081,0.5191,8.3285,-11.0663,15.6361,0.3709
BND,Hybrid,0.05,4.0,9011.102,2063.1516,15.4698,0.5287,11.102,-7.3154,14.1435,1.3777
ORO,Hybrid,0.05,4.0,4447.6017,1017.7907,34.0196,0.2495,9.9111,-29.9568,26.9187,-21.7105
YRS,Hybrid,0.05,4.0,2148.6914,482.0179,66.9582,0.3311,4.2357,-40.6252,21.14,-18.8866
FOL,Hybrid,0.05,4.0,2872.0177,810.9107,47.5934,0.1732,11.2584,-29.4097,21.8944,-31.1124
MKM,Hybrid,0.05,4.0,641.7064,224.9179,40.8719,0.095,-5.0155,-44.6039,35.5472,-46.1787
NHG,Hybrid,0.05,4.0,167.2101,26.3337,24.3346,0.0691,26.1158,11.3403,7.8274,156.2742
NML,Hybrid,0.05,4.0,1084.4316,349.6341,34.4974,0.3985,3.1822,-38.5503,33.4008,-0.0926
TLG,Hybrid,0.05,4.0,1777.7078,690.0415,33.8685,0.1778,-4.0255,-39.4793,50.0844,-25.6438
MRC,Hybrid,0.05,4.0,883.5756,326.868,28.0988,0.0392,4.5362,-39.419,53.2856,-54.5385
MIL,Hybrid,0.05,4.0,1485.6346,770.9356,21.9776,0.1865,0.8955,-24.9797,95.8668,-18.3213
PNF,Hybrid,0.05,4.0,1681.5675,902.4224,26.4969,0.2139,-1.3938,-25.484,106.8909,-22.112
TRM,Hybrid,0.05,4.0,445.9357,184.5045,21.0894,0.1452,9.9129,-28.461,48.4325,2.5024
SCC,Hybrid,0.05,4.0,280.2991,77.7517,15.9719,0.1362,12.8814,-25.2925,5.292,17.12
ISB,Hybrid,0.05,4.0,880.912,373.7302,7.633,0.137,8.7957,-25.7818,34.7758,3.9397
SHA,Hybrid,0.1,0.0,6295.018,1804.0922,13.9161,0.5446,10.607,10.7712,10.1588,5.3162
BND,Hybrid,0.1,0.0,9017.9229,2479.527,14.9221,0.5583,11.1861,11.3898,10.1021,7.0611
ORO,Hybrid,0.1,0.0,4609.3589,1662.0674,30.0558,0.3463,13.9085,14.3816,12.1307,8.6574
YRS,Hybrid,0.1,0.0,2385.2366,930.8461,60.6527,0.4707,15.7108,14.6612,9.7322,15.2875
FOL,Hybrid,0.1,0.0,3034.6471,1342.8516,44.0579,0.3014,17.5585,16.8961,12.8395,19.9049
MKM,Hybrid,0.1,0.0,790.7552,466.1331,34.4019,0.219,17.0465,14.8061,14.09,24.1151
NHG,Hybrid,0.1,0.0,167.08,29.5293,26.1031,0.0373,26.0176,24.8513,15.6638,38.5323
NML,Hybrid,0.1,0.0,1213.6877,651.6728,28.9024,0.4468,15.4807,14.5344,11.765,12.0272
TLG,Hybrid,0.1,0.0,2114.1057,1288.8691,26.797,0.2732,14.1359,13.0415,18.7479,14.2514
MRC,Hybrid,0.1,0.0,1002.7769,631.3183,21.2724,0.1058,18.639,17.0072,16.0464,22.5419
MIL,Hybrid,0.1,0.0,1717.0857,1190.7385,12.8618,0.2641,16.6143,15.8716,14.6254,15.666
PNF,Hybrid,0.1,0.0,1972.6527,1389.4564,13.8929,0.328,15.6753,14.732,8.4776,19.4499
TRM,Hybrid,0.1,0.0,477.5195,301.8549,15.9487,0.1673,17.6976,17.04,12.2512,18.0868
SCC,Hybrid,0.1,0.0,291.2443,122.5992,15.7463,0.1395,17.2892,17.7992,3.8045,19.9482
ISB,Hybrid,0.1,0.0,937.0906,584.8208,6.5326,0.1449,15.734,16.1382,15.3457,9.9379
SHA,Hybrid,0.1,0.5,6327.5639,1747.464,14.116,0.5373,11.1789,7.2943,11.7405,3.893
BND,Hybrid,0.1,0.5,9088.3701,2412.962,15.2368,0.552,12.0547,8.3995,12.424,5.8531
ORO,Hybrid,0.1,0.5,4634.9342,1550.1779,31.3768,0.3221,14.5406,6.6815,17.059,1.0627
YRS,Hybrid,0.1,0.5,2383.9071,874.0318,63.4785,0.4393,15.6463,7.6629,14.8446,7.6111
FOL,Hybrid,0.1,0.5,3048.5731,1272.8867,45.5998,0.2757,18.098,10.8056,16.7886,9.6939
MKM,Hybrid,0.1,0.5,783.1311,443.0047,35.4829,0.1955,15.918,9.1097,17.675,10.8057
NHG,Hybrid,0.1,0.5,169.5982,29.2904,26.0814,0.0414,27.917,23.8414,15.5679,53.7891
NML,Hybrid,0.1,0.5,1207.8678,622.7813,29.5622,0.4359,14.927,9.4566,14.3162,9.3031
TLG,Hybrid,0.1,0.5,2096.1447,1232.7151,28.8711,0.2565,13.1662,8.1165,27.9392,7.2584
MRC,Hybrid,0.1,0.5,998.3255,601.5106,22.9275,0.0925,18.1123,11.4827,25.0753,7.1723
MIL,Hybrid,0.1,0.5,1704.1022,1161.2999,14.3614,0.2537,15.7325,13.0069,27.9907,11.11
PNF,Hybrid,0.1,0.5,1954.3529,1360.5704,15.3066,0.3078,14.6022,12.3468,19.5158,12.0703
TRM,Hybrid,0.1,0.5,480.844,293.3793,17.2969,0.1647,18.517,13.7537,21.74,16.221
SCC,Hybrid,0.1,0.5,292.9606,116.4881,15.8409,0.1344,17.9803,11.9273,4.4283,15.5648
ISB,Hybrid,0.1,0.5,940.0949,565.8348,6.9052,0.1437,16.105,12.3678,21.9248,9.0165
SHA,Hybrid,0.1,1.0,6359.9249,1697.4165,14.5278,0.5314,11.7475,4.2213,15.0002,2.7562
BND,Hybrid,0.1,1.0,9158.0893,2355.3844,15.2747,0.5461,12.9143,5.8129,12.7037,4.7142
ORO,Hybrid,0.1,1.0,4658.883,1448.343,33.4797,0.3034,15.1324,-0.3267,24.9047,-4.7882
YRS,Hybrid,0.1,1.0,2381.6323,813.83,66.2134,0.4132,15.536,0.2472,19.7924,1.215
FOL,Hybrid,0.1,1.0,3062.1386,1203.2698,45.8888,0.2546,18.6235,4.7454,17.5289,1.2817
MKM,Hybrid,0.1,1.0,775.107,417.4048,36.202,0.1766,14.7303,2.8046,20.0601,0.1025
NHG,Hybrid,0.1,1.0,172.0784,29.1082,26.0469,0.0461,29.7876,23.071,15.4148,70.9687
NML,Hybrid,0.1,1.0,1200.8444,588.3835,30.811,0.428,14.2587,3.411,19.1454,7.3073
TLG,Hybrid,0.1,1.0,2074.4883,1168.2205,29.4365,0.2429,11.997,2.4599,30.4447,1.5865
MRC,Hybrid,0.1,1.0,992.4314,567.3919,24.0758,0.0814,17.415,5.1592,31.3393,-5.7365
MIL,Hybrid,0.1,1.0,1691.9416,1126.6773,16.1729,0.2426,14.9066,9.6378,44.1346,6.251
PNF,Hybrid,0.1,1.0,1938.0249,1324.3106,17.1777,0.2925,13.6448,9.3527,34.1257,6.5006
TRM,Hybrid,0.1,1.0,484.5854,282.9711,18.2457,0.1613,19.4392,9.7181,28.4181,13.8654
SCC,Hybrid,0.1,1.0,294.5566,110.9558,15.8961,0.132,18.6231,6.6116,4.7922,13.46
ISB,Hybrid,0.1,1.0,943.28,545.1305,7.1287,0.1432,16.4984,8.2562,25.871,8.6119
SHA,Hybrid,0.1,1.5,6391.2065,1652.7914,14.7131,0.5275,12.2971,1.4814,16.4673,1.9951
BND,Hybrid,0.1,1.5,9227.2193,2306.0993,15.477,0.5433,13.7666,3.5988,14.1967,4.1746
ORO,Hybrid,0.1,1.5,4680.2974,1358.7248,34.2574,0.2904,15.6616,-6.4941,27.8061,-8.8936
YRS,Hybrid,0.1,1.5,2376.2321,752.8643,67.3412,0.3933,15.274,-7.2625,21.8329,-3.6663
FOL,Hybrid,0.1,1.5,3074.3938,1136.7836,47.0851,0.2376,19.0982,-1.0423,20.5926,-5.4965
MKM,Hybrid,0.1,1.5,765.415,388.9443,38.5272,0.1591,13.2957,-4.2051,27.7712,-9.8316
NHG,Hybrid,0.1,1.5,174.5346,28.9676,26.0117,0.0507,31.6402,22.4763,15.2591,88.2235
NML,Hybrid,0.1,1.5,1194.4239,552.5016,31.4611,0.4225,13.6478,-2.8954,21.6592,5.9274
TLG,Hybrid,0.1,1.5,2050.2082,1099.9993,30.2105,0.2313,10.6862,-3.5235,33.8745,-3.2907
MRC,Hybrid,0.1,1.5,985.6013,530.6881,25.1582,0.0706,16.6069,-1.6434,37.244,-18.241
MIL,Hybrid,0.1,1.5,1679.067,1087.9613,16.7577,0.2355,14.0323,5.8703,49.3462,3.1235
PNF,Hybrid,0.1,1.5,1920.1419,1281.5184,19.5836,0.2801,12.5961,5.8192,52.9107,1.9833
TRM,Hybrid,0.1,1.5,485.9027,271.0767,19.3524,0.1585,19.7639,5.1062,36.2074,11.8758
SCC,Hybrid,0.1,1.5,295.8899,105.087,15.9291,0.1298,19.16,0.9725,5.0097,11.553
ISB,Hybrid,0.1,1.5,945.7312,522.5043,7.2751,0.143,16.8011,3.7629,28.4563,8.4674
SHA,Hybrid,0.1,2.0,6421.0365,1613.9709,15.0342,0.5256,12.8212,-0.9022,19.0088,1.639
BND,Hybrid,0.1,2.0,9292.3329,2263.5657,15.6984,0.5417,14.5694,1.688,15.8302,3.8785
ORO,Hybrid,0.1,2.0,4699.5702,1281.7232,34.9978,0.2795,16.1379,-11.7932,30.5681,-12.2978
YRS,Hybrid,0.1,2.0,2369.1064,695.236,68.0081,0.3787,14.9283,-14.3611,23.0394,-7.2315
FOL,Hybrid,0.1,2.0,3085.3509,1075.0169,47.8178,0.2238,19.5227,-6.4191,22.4692,-10.9584
MKM,Hybrid,0.1,2.0,755.2882,360.8234,39.6079,0.1427,11.7967,-11.1311,31.3553,-19.1351
NHG,Hybrid,0.1,2.0,176.9111,28.8819,26.0052,0.0556,33.4326,22.1142,15.23,106.2302
NML,Hybrid,0.1,2.0,1187.8528,515.0181,32.2774,0.4182,13.0226,-9.4833,24.8159,4.8684
TLG,Hybrid,0.1,2.0,2023.6851,1028.9398,31.7117,0.2207,9.2543,-9.7559,40.5268,-7.7123
MRC,Hybrid,0.1,2.0,979.0114,493.2903,26.9101,0.0625,15.8273,-8.5746,46.801,-27.6487
MIL,Hybrid,0.1,2.0,1664.9863,1043.18,18.2127,0.2283,13.076,1.5126,62.3133,-0.0119
PNF,Hybrid,0.1,2.0,1901.9114,1230.5061,21.9067,0.27,11.5271,1.607,71.0498,-1.6872
TRM,Hybrid,0.1,2.0,486.4361,258.2156,20.2173,0.1572,19.8954,0.1195,42.2946,10.9554
SCC,Hybrid,0.1,2.0,297.0312,99.8536,15.9249,0.129,19.6197,-4.0559,4.9816,10.8907
ISB,Hybrid,0.1,2.0,946.8128,497.9001,7.3643,0.1421,16.9347,-1.1232,30.0318,7.8414
SHA,Hybrid,0.1,2.5,6447.3045,1580.9676,15.177,0.5252,13.2828,-2.9286,20.1393,1.558
BND,Hybrid,0.1,2.5,9353.1161,2229.0188,15.8629,0.5409,15.3189,0.136,17.0442,3.7166
ORO,Hybrid,0.1,2.5,4717.0756,1218.7775,35.16,0.2711,16.5705,-16.1251,31.1734,-14.9488
YRS,Hybrid,0.1,2.5,2359.0287,642.4763,68.6841,0.3677,14.4394,-20.86,24.2625,-9.9382
FOL,Hybrid,0.1,2.5,3093.7498,1016.9446,48.2477,0.2133,19.8481,-11.4743,23.5704,-15.1474
MKM,Hybrid,0.1,2.5,743.8841,331.3404,40.769,0.1291,10.1087,-18.3926,35.2061,-26.8259
NHG,Hybrid,0.1,2.5,179.1694,28.8543,26.0133,0.0604,35.1359,21.9974,15.2661,124.291
NML,Hybrid,0.1,2.5,1181.7804,478.4516,32.9936,0.4151,12.4448,-15.91,27.5855,4.077
TLG,Hybrid,0.1,2.5,1996.2497,956.9181,32.7313,0.2103,7.7731,-16.0726,45.0449,-12.0413
MRC,Hybrid,0.1,2.5,973.0235,457.041,28.0832,0.0567,15.1189,-15.293,53.2009,-34.3278
MIL,Hybrid,0.1,2.5,1652.0693,994.9802,20.1589,0.2211,12.1987,-3.1778,79.6585,-3.156
PNF,Hybrid,0.1,2.5,1883.1725,1171.5491,23.8224,0.2596,10.4282,-3.2613,86.0081,-5.4626
TRM,Hybrid,0.1,2.5,486.565,243.5354,20.6689,0.1574,19.9271,-5.5726,45.4735,11.0921
SCC,Hybrid,0.1,2.5,297.7944,95.2378,15.9542,0.1302,19.927,-8.491,5.1753,11.9658
ISB,Hybrid,0.1,2.5,946.5178,472.7995,7.5096,0.1408,16.8983,-6.1079,32.5973,6.8586
SHA,Hybrid,0.1,3.0,6468.0456,1554.061,15.2094,0.5259,13.6472,-4.5807,20.3964,1.6995
BND,Hybrid,0.1,3.0,9410.3022,2202.6764,15.9755,0.5422,16.0239,-1.0474,17.8746,3.9736
ORO,Hybrid,0.1,3.0,4730.6468,1165.2938,35.2485,0.2648,16.9059,-19.8058,31.5036,-16.9099
YRS,Hybrid,0.1,3.0,2344.8725,594.906,69.3092,0.3597,13.7527,-26.7197,25.3935,-11.8999
FOL,Hybrid,0.1,3.0,3098.2132,964.7058,48.86,0.2037,20.021,-16.0217,25.1385,-18.9546
MKM,Hybrid,0.1,3.0,729.1998,300.8795,42.0724,0.1186,7.9351,-25.895,39.5284,-32.7752
NHG,Hybrid,0.1,3.0,181.2705,28.8638,26.0134,0.0654,36.7206,22.0378,15.2665,142.7737
NML,Hybrid,0.1,3.0,1174.4943,441.4793,34.2519,0.4137,11.7515,-22.4081,32.4512,3.7396
TLG,Hybrid,0.1,3.0,1964.0404,881.8259,33.9411,0.201,6.0342,-22.6586,50.406,-15.9398
MRC,Hybrid,0.1,3.0,967.68,421.1161,28.9319,0.0507,14.4867,-21.9512,57.8306,-41.2832
MIL,Hybrid,0.1,3.0,1639.735,944.1462,21.1113,0.2141,11.3611,-8.1245,88.146,-6.2531
PNF,Hybrid,0.1,3.0,1860.7632,1107.8417,25.2239,0.2488,9.1142,-8.5218,96.9512,-9.3949
TRM,Hybrid,0.1,3.0,485.4151,228.6859,20.9049,0.157,19.6437,-11.3303,47.1343,10.8315
SCC,Hybrid,0.1,3.0,298.5353,90.7479,16.0308,0.1323,20.2254,-12.8051,5.68,13.7181
ISB,Hybrid,0.1,3.0,945.7589,447.9274,7.7131,0.1403,16.8046,-11.0472,36.1905,6.4162
SHA,Hybrid,0.1,3.5,6485.1119,1532.4206,15.1831,0.5276,13.9471,-5.9094,20.1879,2.0162
BND,Hybrid,0.1,3.5,9460.4198,2182.5654,16.0514,0.5431,16.6419,-1.9508,18.4348,4.1409
ORO,Hybrid,0.1,3.5,4741.2622,1121.2237,35.373,0.2601,17.1682,-22.8386,31.968,-18.4009
YRS,Hybrid,0.1,3.5,2327.2992,552.4202,69.5081,0.3563,12.9002,-31.9531,25.7532,-12.7186
FOL,Hybrid,0.1,3.5,3099.8496,917.1199,49.0872,0.1965,20.0843,-20.1641,25.7203,-21.8409
MKM,Hybrid,0.1,3.5,711.1415,269.5248,42.6555,0.1102,5.2622,-33.6175,41.4624,-37.5308
NHG,Hybrid,0.1,3.5,183.12,28.9138,26.0085,0.0703,38.1156,22.2489,15.245,160.9486
NML,Hybrid,0.1,3.5,1167.0572,405.3065,35.0414,0.4145,11.0439,-28.7656,35.5044,3.9191
TLG,Hybrid,0.1,3.5,1928.8983,804.159,34.9446,0.1936,4.1369,-29.4705,54.8532,-19.0607
MRC,Hybrid,0.1,3.5,962.2644,386.2085,29.0309,0.0456,13.8459,-28.4209,58.3707,-47.1861
MIL,Hybrid,0.1,3.5,1621.4774,887.1975,21.9143,0.2068,10.1211,-13.6662,95.3027,-9.4143
PNF,Hybrid,0.1,3.5,1833.8327,1038.8189,26.7736,0.2414,7.535,-14.2213,109.0512,-12.0783
TRM,Hybrid,0.1,3.5,483.3076,214.2884,21.5391,0.1591,19.1243,-16.9127,51.5978,12.3241
SCC,Hybrid,0.1,3.5,299.4605,86.9782,16.1147,0.1368,20.598,-16.4272,6.2328,17.5855
ISB,Hybrid,0.1,3.5,943.6031,423.4143,7.8308,0.1407,16.5383,-15.9152,38.2693,6.7728
SHA,Hybrid,0.1,4.0,6495.5737,1514.7302,15.3229,0.5299,14.1309,-6.9956,21.2942,2.4673
BND,Hybrid,0.1,4.0,9505.6044,2167.9358,16.0765,0.5456,17.199,-2.608,18.6203,4.6098
ORO,Hybrid,0.1,4.0,4747.9322,1082.2224,35.5588,0.2575,17.333,-25.5227,32.6611,-19.1917
YRS,Hybrid,0.1,4.0,2306.8877,515.5686,69.3585,0.3557,11.91,-36.4925,25.4827,-12.8781
FOL,Hybrid,0.1,4.0,3097.6504,873.6954,49.2822,0.1907,19.9992,-23.9443,26.2199,-24.1462
MKM,Hybrid,0.1,4.0,691.6635,240.2145,42.719,0.1056,2.3791,-40.8364,41.6728,-40.1779
NHG,Hybrid,0.1,4.0,184.9033,29.0002,25.9992,0.075,39.4607,22.6145,15.2037,178.4082
NML,Hybrid,0.1,4.0,1159.8407,372.5695,35.2451,0.4156,10.3572,-34.5192,36.292,4.212
TLG,Hybrid,0.1,4.0,1893.5335,730.6098,35.6493,0.1884,2.2277,-35.9212,57.9758,-21.2235
MRC,Hybrid,0.1,4.0,957.1614,352.7456,29.2589,0.0423,13.2422,-34.6229,59.6145,-50.9934
MIL,Hybrid,0.1,4.0,1601.4952,827.3985,23.4412,0.2006,8.764,-19.4853,108.9106,-12.1618
PNF,Hybrid,0.1,4.0,1805.5431,965.6556,27.6389,0.2324,5.8761,-20.2626,115.8071,-15.3866
TRM,Hybrid,0.1,4.0,481.3418,199.6475,21.5288,0.1616,18.6397,-22.5895,51.5253,14.0345
SCC,Hybrid,0.1,4.0,300.4513,83.8956,16.1456,0.1439,20.997,-19.3891,6.4365,23.6691
ISB,Hybrid,0.1,4.0,941.3198,399.6584,7.8846,0.1416,16.2563,-20.6328,39.2193,7.4629
SHA,Hybrid,0.15,0.0,6603.4123,1895.3754,14.5985,0.56,16.0257,16.376,15.5602,8.2897
BND,Hybrid,0.15,0.0,9483.4085,2611.2689,15.5062,0.5788,16.9253,17.3082,14.4123,10.9856
ORO,Hybrid,0.15,0.0,4893.3628,1766.2883,31.4683,0.3631,20.927,21.554,17.4006,13.9166
YRS,Hybrid,0.15,0.0,2544.5408,987.3834,63.318,0.5057,23.4388,21.6255,14.5543,23.8673
FOL,Hybrid,0.15,0.0,3262.2886,1437.9075,46.18,0.3309,26.377,25.1708,18.2746,31.6541
MKM,Hybrid,0.15,0.0,847.4606,494.2154,36.852,0.2433,25.44,21.7226,22.2157,37.8687
NHG,Hybrid,0.15,0.0,185.6384,32.654,27.5224,0.045,40.0151,38.063,21.9529,66.8214
NML,Hybrid,0.15,0.0,1294.6218,691.6711,30.5409,0.4733,23.1815,21.5643,18.1009,18.6861
TLG,Hybrid,0.15,0.0,2241.97,1357.7345,28.7105,0.2933,21.039,19.0814,27.2271,22.6464
MRC,Hybrid,0.15,0.0,1082.6173,676.3236,22.9483,0.1178,28.085,25.3484,25.1886,36.4498
MIL,Hybrid,0.15,0.0,1842.249,1271.3929,14.0575,0.2857,25.1146,23.7201,25.2822,25.1314
PNF,Hybrid,0.15,0.0,2107.459,1476.1628,14.8519,0.3593,23.5803,21.8917,15.9653,30.8559
TRM,Hybrid,0.15,0.0,513.9542,323.4525,16.8751,0.1838,26.678,25.4142,18.7711,29.7192
SCC,Hybrid,0.15,0.0,313.2568,131.9957,15.981,0.1542,26.154,26.8278,5.3519,32.5777
ISB,Hybrid,0.15,0.0,1001.6913,624.8768,6.9097,0.1523,23.7124,24.0928,22.0042,15.5374
SHA,Hybrid,0.15,0.5,6640.7349,1834.478,14.7916,0.552,16.6815,12.6369,17.0891,6.747
BND,Hybrid,0.15,0.5,9559.7341,2539.492,15.8156,0.5709,17.8663,14.0837,16.6948,9.477
ORO,Hybrid,0.15,0.5,4922.2057,1646.7899,32.8321,0.3364,21.6397,13.3302,22.4887,5.5424
YRS,Hybrid,0.15,0.5,2542.596,926.8976,66.1883,0.4727,23.3445,14.1749,19.7471,15.7976
FOL,Hybrid,0.15,0.5,3276.4786,1362.7234,47.6208,0.3023,26.9267,18.6259,21.9646,20.2677
MKM,Hybrid,0.15,0.5,839.1108,469.4097,37.6981,0.2176,24.204,15.6131,25.0217,23.2932
NHG,Hybrid,0.15,0.5,188.2544,32.3851,27.531,0.0494,41.9881,36.9258,21.9911,83.1939
NML,Hybrid,0.15,0.5,1288.0873,660.9862,30.8213,0.4606,22.5597,16.1713,19.1854,15.499
TLG,Hybrid,0.15,0.5,2222.8002,1298.0696,30.8237,0.2753,20.004,13.8484,36.5917,15.117
MRC,Hybrid,0.15,0.5,1077.403,644.095,24.3696,0.1036,27.468,19.3752,32.9419,19.9837
MIL,Hybrid,0.15,0.5,1829.5963,1240.3969,15.9217,0.2742,24.2553,20.7039,41.8963,20.0884
PNF,Hybrid,0.15,0.5,2089.145,1446.261,16.4699,0.3371,22.5064,19.4226,28.5989,22.7433
TRM,Hybrid,0.15,0.5,517.1452,314.2721,18.177,0.1807,27.4645,21.8546,27.9344,27.5351
SCC,Hybrid,0.15,0.5,314.8813,125.4151,16.0029,0.148,26.8082,20.5047,5.4963,27.1929
ISB,Hybrid,0.15,0.5,1004.0267,603.8705,7.2033,0.1513,24.0008,19.9212,27.1894,14.7638
SHA,Hybrid,0.15,1.0,6676.8965,1780.4992,15.2742,0.5454,17.3168,9.3226,20.909,5.4581
BND,Hybrid,0.15,1.0,9634.684,2477.5087,15.8984,0.5647,18.7904,11.2991,17.3057,8.2712
ORO,Hybrid,0.15,1.0,4949.3908,1537.9725,34.8576,0.3157,22.3116,5.8416,30.0452,-0.9324
YRS,Hybrid,0.15,1.0,2539.8821,863.2165,68.3443,0.4433,23.2128,6.3306,23.6478,8.5848
FOL,Hybrid,0.15,1.0,3289.8944,1288.0908,48.1696,0.2793,27.4465,12.1291,23.3702,11.108
MKM,Hybrid,0.15,1.0,830.5396,442.3214,38.269,0.1962,22.9353,8.9414,26.9151,11.1836
NHG,Hybrid,0.15,1.0,190.7499,32.1579,27.5082,0.0538,43.8703,35.9655,21.8901,99.7993
NML,Hybrid,0.15,1.0,1280.0689,624.2958,32.0725,0.4511,21.7968,9.7228,24.0236,13.1177
TLG,Hybrid,0.15,1.0,2199.9995,1230.01,31.5226,0.2602,18.7731,7.8792,39.689,8.8196
MRC,Hybrid,0.15,1.0,1070.9431,607.4969,25.3013,0.0916,26.7038,12.5922,38.0251,6.1328
MIL,Hybrid,0.15,1.0,1817.4426,1203.6667,17.1416,0.2635,23.4299,17.1296,52.768,15.3998
PNF,Hybrid,0.15,1.0,2072.4921,1408.2536,18.3401,0.3198,21.5298,16.2842,43.2012,16.4472
TRM,Hybrid,0.15,1.0,520.7936,303.0908,19.1555,0.1779,28.3637,17.5192,34.8218,25.5359
SCC,Hybrid,0.15,1.0,316.3129,119.4602,16.0542,0.1442,27.3847,14.783,5.8343,23.9489
ISB,Hybrid,0.15,1.0,1006.7645,581.1194,7.3937,0.1506,24.339,15.4031,30.5504,14.274
SHA,Hybrid,0.15,1.5,6712.4101,1732.6049,15.4718,0.5406,17.9408,6.3819,22.4731,4.5423
BND,Hybrid,0.15,1.5,9708.8441,2424.6153,16.138,0.5613,19.7048,8.923,19.0735,7.6309
ORO,Hybrid,0.15,1.5,4973.591,1442.1334,35.6527,0.3017,22.9096,-0.754,33.0116,-5.3353
YRS,Hybrid,0.15,1.5,2534.3502,798.5015,69.3258,0.4222,22.9445,-1.6409,25.4235,3.4273
FOL,Hybrid,0.15,1.5,3302.1632,1216.8886,48.7227,0.2608,27.9217,5.9309,24.7869,3.7417
MKM,Hybrid,0.15,1.5,819.9652,412.0915,40.3777,0.1777,21.3701,1.496,33.9082,0.6885
NHG,Hybrid,0.15,1.5,193.2374,31.9867,27.4853,0.0585,45.7465,35.2415,21.7885,117.2021
NML,Hybrid,0.15,1.5,1272.8791,586.1791,32.6779,0.4425,21.1127,3.0236,26.3649,10.9423
TLG,Hybrid,0.15,1.5,2174.667,1158.4443,31.947,0.2467,17.4054,1.6025,41.5693,3.1701
MRC,Hybrid,0.15,1.5,1063.477,568.2729,27.026,0.0799,25.8205,5.3225,47.4335,-7.4525
MIL,Hybrid,0.15,1.5,1804.1426,1162.4808,18.1408,0.2537,22.5266,13.1218,61.6729,11.1037
PNF,Hybrid,0.15,1.5,2053.2108,1362.4426,20.8439,0.3058,20.3992,12.5014,62.7511,11.3557
TRM,Hybrid,0.15,1.5,522.0385,290.5096,20.2518,0.1751,28.6705,12.641,42.5377,23.6148
SCC,Hybrid,0.15,1.5,317.4767,113.1411,16.0822,0.1421,27.8534,8.7113,6.0185,22.1877
ISB,Hybrid,0.15,1.5,1008.9702,556.4777,7.5524,0.1505,24.6114,10.5096,33.3533,14.1827
SHA,Hybrid,0.15,2.0,6745.3758,1690.7415,15.781,0.5386,18.5201,3.8115,24.9206,4.1509
BND,Hybrid,0.15,2.0,9778.4012,2379.2156,16.28,0.5593,20.5624,6.8834,20.1218,7.2358
ORO,Hybrid,0.15,2.0,4995.3678,1359.7169,36.2589,0.2903,23.4478,-6.4258,35.273,-8.8987
YRS,Hybrid,0.15,2.0,2526.4579,737.3123,70.3701,0.4057,22.5616,-9.1782,27.3128,-0.6346
FOL,Hybrid,0.15,2.0,3313.1395,1150.7781,49.3871,0.2457,28.3469,0.176,26.4885,-2.2723
MKM,Hybrid,0.15,2.0,809.0311,382.2836,41.3904,0.1594,19.7517,-5.8456,37.2666,-9.6732
NHG,Hybrid,0.15,2.0,195.5983,31.8731,27.4873,0.0632,47.5272,34.761,21.7973,134.4522
NML,Hybrid,0.15,2.0,1265.4397,546.4272,33.5663,0.4384,20.4048,-3.963,29.8001,9.9323
TLG,Hybrid,0.15,2.0,2146.6946,1083.7334,33.4583,0.2364,15.8953,-4.9501,48.2666,-1.1584
MRC,Hybrid,0.15,2.0,1056.0751,528.328,28.4198,0.0701,24.9447,-2.0808,55.0369,-18.7588
MIL,Hybrid,0.15,2.0,1788.9178,1114.4344,19.6723,0.2467,21.4927,8.4464,75.3214,8.0359
PNF,Hybrid,0.15,2.0,2033.0481,1307.7045,23.3944,0.294,19.2169,7.9815,82.6662,7.0695
TRM,Hybrid,0.15,2.0,522.5866,276.9015,20.7571,0.1732,28.8056,7.3647,46.0943,22.2239
SCC,Hybrid,0.15,2.0,318.4747,107.4909,16.0859,0.1408,28.2553,3.2824,6.0428,20.9999
ISB,Hybrid,0.15,2.0,1009.3563,529.6994,7.6063,0.1492,24.6591,5.1917,34.3055,13.2143
SHA,Hybrid,0.15,2.5,6774.2883,1654.9143,15.9514,0.5378,19.0281,1.6117,26.2694,4.0027
BND,Hybrid,0.15,2.5,9843.6387,2342.0613,16.4401,0.5588,21.3667,5.2143,21.3029,7.1475
ORO,Hybrid,0.15,2.5,5014.8891,1292.7551,36.5708,0.2817,23.9302,-11.034,36.4366,-11.5972
YRS,Hybrid,0.15,2.5,2516.2714,681.6828,70.9938,0.3952,22.0675,-16.0306,28.4411,-3.19
FOL,Hybrid,0.15,2.5,3321.012,1088.6895,49.8575,0.2336,28.6519,-5.2289,27.6932,-7.0741
MKM,Hybrid,0.15,2.5,796.4466,350.7994,42.8887,0.1445,17.8889,-13.5999,42.2358,-18.0924
NHG,Hybrid,0.15,2.5,197.7866,31.8046,27.4938,0.0678,49.1777,34.4717,21.8262,151.5104
NML,Hybrid,0.15,2.5,1258.606,507.5268,34.0541,0.4349,19.7546,-10.7999,31.6863,9.0365
TLG,Hybrid,0.15,2.5,2117.2992,1007.6072,34.4947,0.2237,14.3083,-11.6269,52.8595,-6.4489
MRC,Hybrid,0.15,2.5,1049.3343,489.6314,29.4471,0.0631,24.1472,-9.2528,60.641,-26.8568
MIL,Hybrid,0.15,2.5,1774.1328,1062.4699,21.4979,0.2386,20.4886,3.3897,91.5918,4.4779
PNF,Hybrid,0.15,2.5,2012.0308,1244.6703,25.0714,0.283,17.9844,2.7766,95.7604,3.0614
TRM,Hybrid,0.15,2.5,522.3776,261.1096,21.3001,0.1743,28.7541,1.2416,49.9159,23.0164
SCC,Hybrid,0.15,2.5,319.0577,102.5036,16.0961,0.1414,28.4901,-1.5097,6.1101,21.5782
ISB,Hybrid,0.15,2.5,1008.8955,502.9781,7.7684,0.1474,24.6022,-0.1148,37.1664,11.8588
SHA,Hybrid,0.15,3.0,6798.5636,1626.0789,16.0275,0.5382,19.4546,-0.1588,26.8724,4.0738
BND,Hybrid,0.15,3.0,9903.7445,2313.5477,16.5444,0.5595,22.1078,3.9334,22.0722,7.2905
ORO,Hybrid,0.15,3.0,5030.2773,1235.7661,36.6319,0.2745,24.3105,-14.956,36.6646,-13.8559
YRS,Hybrid,0.15,3.0,2502.1299,631.7243,71.2687,0.3864,21.3814,-22.1845,28.9386,-5.3524
FOL,Hybrid,0.15,3.0,3325.5134,1033.0413,50.4221,0.2235,28.8263,-10.0731,29.1393,-11.071
MKM,Hybrid,0.15,3.0,780.5765,318.4969,43.7853,0.1323,15.5399,-21.5559,45.209,-25.0224
NHG,Hybrid,0.15,3.0,199.8504,31.7821,27.4914,0.0725,50.7342,34.3764,21.8156,169.1809
NML,Hybrid,0.15,3.0,1250.66,468.4355,35.1494,0.4332,18.9986,-17.6704,35.9218,8.6079
TLG,Hybrid,0.15,3.0,2082.7991,928.4738,35.5299,0.2144,12.4457,-18.5673,57.4469,-10.3588
MRC,Hybrid,0.15,3.0,1043.3058,451.4229,29.9596,0.0568,23.434,-16.3342,63.4369,-34.2203
MIL,Hybrid,0.15,3.0,1760.0073,1007.6844,22.4609,0.2305,19.5292,-1.9415,100.1738,0.9693
PNF,Hybrid,0.15,3.0,1987.5469,1177.0464,26.2724,0.2714,16.5487,-2.8074,105.1378,-1.1528
TRM,Hybrid,0.15,3.0,521.019,245.2315,21.5506,0.1747,28.4193,-4.9149,51.679,23.2919
SCC,Hybrid,0.15,3.0,319.6348,97.66,16.1532,0.1436,28.7225,-6.1637,6.487,23.422
ISB,Hybrid,0.15,3.0,1007.7265,476.4401,7.9637,0.1464,24.4578,-5.3849,40.6145,11.0474
SHA,Hybrid,0.15,3.5,6817.8195,1602.5547,16.0322,0.5397,19.7929,-1.6032,26.9095,4.3664
BND,Hybrid,0.15,3.5,9958.5284,2291.9475,16.6177,0.5606,22.7833,2.963,22.6131,7.4974
ORO,Hybrid,0.15,3.5,5042.5048,1188.8822,36.7592,0.2704,24.6126,-18.1825,37.1395,-15.1503
YRS,Hybrid,0.15,3.5,2484.1082,586.9456,71.3885,0.3829,20.5072,-27.7003,29.1552,-6.2163
FOL,Hybrid,0.15,3.5,3326.7719,982.3994,50.6235,0.2157,28.875,-14.4815,29.6552,-14.2009
MKM,Hybrid,0.15,3.5,761.6249,285.6587,44.2401,0.1231,12.7347,-29.6438,46.7176,-30.2316
NHG,Hybrid,0.15,3.5,201.6063,31.7927,27.4887,0.0772,52.0586,34.4212,21.8037,186.286
NML,Hybrid,0.15,3.5,1242.7786,430.1543,35.6984,0.433,18.2487,-24.3985,38.0448,8.5634
TLG,Hybrid,0.15,3.5,2045.2469,846.6141,36.5791,0.2058,10.4183,-25.7469,62.0961,-13.9429
MRC,Hybrid,0.15,3.5,1036.9817,414.0602,30.0374,0.0512,22.6858,-23.259,63.8611,-40.6502
MIL,Hybrid,0.15,3.5,1739.4421,946.3308,23.4676,0.2224,18.1326,-7.9119,109.1457,-2.593
PNF,Hybrid,0.15,3.5,1958.4488,1104.0622,27.583,0.2626,14.8424,-8.8339,115.3713,-4.3767
TRM,Hybrid,0.15,3.5,518.8339,229.985,21.9058,0.1774,27.8807,-10.8265,54.1789,25.2122
SCC,Hybrid,0.15,3.5,320.3744,93.5513,16.1843,0.1472,29.0204,-10.1115,6.692,26.5057
ISB,Hybrid,0.15,3.5,1005.0431,450.2727,8.0365,0.1464,24.1264,-10.5814,41.9011,11.0412
SHA,Hybrid,0.15,4.0,6831.5267,1583.5446,16.0073,0.5419,20.0338,-2.7704,26.7125,4.7834
BND,Hybrid,0.15,4.0,10007.3334,2276.2859,16.6399,0.563,23.385,2.2594,22.7771,7.951
ORO,Hybrid,0.15,4.0,5050.5054,1147.4731,36.8941,0.267,24.8103,-21.0322,37.6428,-16.2213
YRS,Hybrid,0.15,4.0,2463.8413,548.5767,71.2746,0.3827,19.524,-32.4265,28.9492,-6.2687
FOL,Hybrid,0.15,4.0,3324.4977,936.407,50.8844,0.2098,28.7869,-18.4852,30.3234,-16.5526
MKM,Hybrid,0.15,4.0,741.1323,254.8756,44.3117,0.1176,9.7014,-37.2255,46.9551,-33.3457
NHG,Hybrid,0.15,4.0,203.2919,31.8449,27.475,0.0816,53.33,34.6421,21.7429,202.8203
NML,Hybrid,0.15,4.0,1235.064,395.4059,35.8718,0.4344,17.5146,-30.5057,38.7154,8.9103
TLG,Hybrid,0.15,4.0,2008.1023,769.6846,37.188,0.2008,8.413,-32.4941,64.7944,-16.0428
MRC,Hybrid,0.15,4.0,1031.0024,378.3577,30.1612,0.0465,21.9784,-29.876,64.5368,-46.129
MIL,Hybrid,0.15,4.0,1717.63,882.5925,24.8503,0.2163,16.6512,-14.1143,121.4685,-5.277
PNF,Hybrid,0.15,4.0,1927.9445,1026.3686,28.465,0.2522,13.0537,-15.2493,122.2579,-8.1508
TRM,Hybrid,0.15,4.0,516.7388,214.4842,21.931,0.1806,27.3643,-16.8368,54.3565,27.4677
SCC,Hybrid,0.15,4.0,321.1528,90.225,16.2368,0.1539,29.3338,-13.3075,7.038,32.3257
ISB,Hybrid,0.15,4.0,1002.405,425.1416,8.0572,0.1473,23.8006,-15.5722,42.2667,11.785
SHA,Hybrid,0.2,0.0,6917.0104,1989.218,15.3562,0.5761,21.5358,22.138,21.5578,11.4052
BND,Hybrid,0.2,0.0,9954.5497,2745.7357,16.0324,0.5992,22.7342,23.3489,18.2945,14.8887
ORO,Hybrid,0.2,0.0,5178.1456,1870.0261,32.7798,0.3791,27.9646,28.6931,22.2936,18.9552
YRS,Hybrid,0.2,0.0,2701.2085,1041.6459,65.9425,0.546,31.039,28.3095,19.3025,33.7467
FOL,Hybrid,0.2,0.0,3489.6206,1530.7709,48.1306,0.3622,35.1836,33.2546,23.2703,44.1003
MKM,Hybrid,0.2,0.0,903.6982,521.101,39.023,0.2692,33.7642,28.3444,29.4154,52.5734
NHG,Hybrid,0.2,0.0,204.7526,35.9092,28.7154,0.0537,54.4316,51.8261,27.2393,99.1879
NML,Hybrid,0.2,0.0,1374.8898,730.6297,31.9628,0.502,30.8189,28.4114,23.5993,25.8678
TLG,Hybrid,0.2,0.0,2367.8197,1423.1942,30.5018,0.3159,27.8333,24.8226,35.1651,32.1012
MRC,Hybrid,0.2,0.0,1162.7585,720.412,24.5001,0.1318,37.5665,33.5196,33.6538,52.6977
MIL,Hybrid,0.2,0.0,1968.2005,1350.7533,15.3867,0.3088,33.6685,31.4427,37.1282,35.2303
PNF,Hybrid,0.2,0.0,2242.1352,1560.5831,15.9647,0.3935,31.4776,28.8625,24.654,43.2906
TRM,Hybrid,0.2,0.0,550.3338,344.5236,17.7605,0.2028,35.6447,33.5842,25.003,43.106
SCC,Hybrid,0.2,0.0,335.5603,141.4715,16.0853,0.1701,35.136,35.9325,6.0391,46.1933
ISB,Hybrid,0.2,0.0,1066.5122,664.3166,7.2336,0.1605,31.718,31.925,27.7238,21.7637
SHA,Hybrid,0.2,0.5,6958.9749,1923.9759,15.5255,0.5669,22.2731,18.1321,22.8984,9.6239
BND,Hybrid,0.2,0.5,10037.8288,2669.0713,16.3669,0.5911,23.761,19.9049,20.7624,13.3505
ORO,Hybrid,0.2,0.5,5210.1518,1742.973,34.2283,0.3531,28.7556,19.9495,27.6973,10.8035
YRS,Hybrid,0.2,0.5,2699.1133,977.9649,68.3765,0.5077,30.9374,20.4653,23.706,24.3503
FOL,Hybrid,0.2,0.5,3503.8685,1450.5743,49.2336,0.3327,35.7355,26.2734,26.0954,32.3435
MKM,Hybrid,0.2,0.5,894.5061,494.7458,39.4429,0.2408,32.4036,21.8533,30.8082,36.4675
NHG,Hybrid,0.2,0.5,207.4472,35.5956,28.7459,0.0579,56.464,50.4999,27.3742,114.9
NML,Hybrid,0.2,0.5,1367.6268,698.2775,32.2227,0.4862,30.1278,22.7254,24.6043,21.8998
TLG,Hybrid,0.2,0.5,2347.222,1360.0472,32.5725,0.2963,26.7213,19.2842,44.3415,23.9037
MRC,Hybrid,0.2,0.5,1156.8559,685.9214,25.6815,0.1167,36.8681,27.1272,40.099,35.1632
MIL,Hybrid,0.2,0.5,1955.9896,1318.1837,16.9408,0.2959,32.8392,28.2734,50.9782,29.5973
PNF,Hybrid,0.2,0.5,2223.645,1529.6668,17.6705,0.3678,30.3934,26.3097,37.9734,33.9298
TRM,Hybrid,0.2,0.5,553.5198,334.7806,19.0226,0.1997,36.43,29.8065,33.8858,40.9527
SCC,Hybrid,0.2,0.5,336.9616,134.351,16.0977,0.1636,35.7003,29.0908,6.1209,40.6691
ISB,Hybrid,0.2,0.5,1067.9779,641.0683,7.4413,0.1594,31.899,27.3082,31.3911,20.9546
SHA,Hybrid,0.2,1.0,6999.3767,1866.0272,15.9972,0.5599,22.983,14.574,26.6326,8.2615
BND,Hybrid,0.2,1.0,10117.4789,2602.6563,16.4354,0.5851,24.743,16.9213,21.2684,12.1846
ORO,Hybrid,0.2,1.0,5240.454,1627.2286,36.1092,0.3304,29.5044,11.9841,34.7146,3.6724
YRS,Hybrid,0.2,1.0,2695.6823,910.5499,70.2303,0.4763,30.7709,12.1612,27.0599,16.6743
FOL,Hybrid,0.2,1.0,3516.8921,1370.9815,49.9822,0.3068,36.2401,19.3448,28.0127,22.0434
MKM,Hybrid,0.2,1.0,885.2511,466.0757,40.435,0.2175,31.0336,14.792,34.0983,23.2432
NHG,Hybrid,0.2,1.0,209.9904,35.3271,28.7536,0.0621,58.3822,49.3648,27.4084,130.6029
NML,Hybrid,0.2,1.0,1358.965,659.6737,33.1408,0.4739,29.3036,15.9406,28.1547,18.8197
TLG,Hybrid,0.2,1.0,2323.3179,1288.7674,33.402,0.2791,25.4308,13.0326,48.0173,16.6928
MRC,Hybrid,0.2,1.0,1149.7858,646.9084,26.6139,0.103,36.0317,19.8966,45.1853,19.3465
MIL,Hybrid,0.2,1.0,1943.4579,1279.07,18.2119,0.2854,31.9881,24.4672,62.3063,24.9868
PNF,Hybrid,0.2,1.0,2206.4078,1489.7562,19.7986,0.3492,29.3826,23.0141,54.5896,27.152
TRM,Hybrid,0.2,1.0,556.8947,322.7335,19.9513,0.1972,37.2618,25.1354,40.4225,39.2068
SCC,Hybrid,0.2,1.0,338.3461,128.0511,16.1675,0.1587,36.2579,23.0375,6.5811,36.4157
ISB,Hybrid,0.2,1.0,1070.0949,616.0262,7.6686,0.1589,32.1605,22.3352,35.4039,20.559
SHA,Hybrid,0.2,1.5,7038.6621,1814.7786,16.1934,0.5552,23.6733,11.4274,28.1853,7.3606
BND,Hybrid,0.2,1.5,10195.9045,2546.0813,16.692,0.581,25.71,14.3797,23.1618,11.3991
ORO,Hybrid,0.2,1.5,5267.653,1525.3941,36.9364,0.3147,30.1766,4.9759,37.8007,-1.2517
YRS,Hybrid,0.2,1.5,2689.3786,842.3719,71.2544,0.4531,30.4651,3.763,28.9125,10.9979
FOL,Hybrid,0.2,1.5,3529.1508,1295.1967,50.4185,0.2867,36.7149,12.7477,29.13,14.0738
MKM,Hybrid,0.2,1.5,873.8422,434.1426,41.9926,0.1979,29.3449,6.927,39.2638,12.1245
NHG,Hybrid,0.2,1.5,212.5093,35.1208,28.7512,0.0668,60.282,48.4927,27.3979,147.9925
NML,Hybrid,0.2,1.5,1350.823,619.293,33.6979,0.4642,28.5289,8.8435,30.3089,16.4015
TLG,Hybrid,0.2,1.5,2297.3745,1214.3307,33.6924,0.2643,24.0301,6.504,49.3042,10.521
MRC,Hybrid,0.2,1.5,1141.7175,605.3087,28.571,0.0904,35.0771,12.1866,55.8616,4.7122
MIL,Hybrid,0.2,1.5,1929.0321,1235.0812,19.6216,0.2746,31.0084,20.1866,74.87,20.2753
PNF,Hybrid,0.2,1.5,2185.5716,1441.0237,22.402,0.3333,28.1608,18.9901,74.917,21.379
TRM,Hybrid,0.2,1.5,558.0673,309.5084,20.9433,0.1936,37.5508,20.0075,47.4042,36.6658
SCC,Hybrid,0.2,1.5,339.3644,121.2617,16.2276,0.156,36.668,16.514,6.9771,34.1439
ISB,Hybrid,0.2,1.5,1071.7733,589.2457,7.7826,0.1584,32.3678,17.0169,37.4175,20.2097
SHA,Hybrid,0.2,2.0,7074.9967,1769.8175,16.4679,0.5523,24.3117,8.6668,30.3578,6.8049
BND,Hybrid,0.2,2.0,10270.0263,2497.7087,16.9157,0.5785,26.6239,12.2066,24.8117,10.9259
ORO,Hybrid,0.2,2.0,5291.5459,1437.7159,37.43,0.3021,30.767,-1.058,39.6424,-5.2179
YRS,Hybrid,0.2,2.0,2681.4532,777.998,72.524,0.4353,30.0806,-4.1665,31.2096,6.6236
FOL,Hybrid,0.2,2.0,3539.9669,1224.8899,50.9243,0.271,37.1339,6.6275,30.4256,7.7931
MKM,Hybrid,0.2,2.0,861.7271,402.4712,42.9746,0.1774,27.5517,-0.8735,42.5207,0.5129
NHG,Hybrid,0.2,2.0,214.823,34.9679,28.7636,0.0714,62.0271,47.846,27.4527,164.8719
NML,Hybrid,0.2,2.0,1342.4656,577.2384,34.638,0.4583,27.7338,1.4522,33.9443,14.903
TLG,Hybrid,0.2,2.0,2268.168,1136.2529,35.015,0.2531,22.4533,-0.3439,55.1649,5.8527
MRC,Hybrid,0.2,2.0,1133.5637,562.8558,29.4908,0.0794,34.1124,4.3185,60.8796,-8.0231
MIL,Hybrid,0.2,2.0,1912.1891,1183.5887,21.1827,0.2658,29.8645,15.1758,88.7828,16.4166
PNF,Hybrid,0.2,2.0,2163.1134,1382.4743,24.6717,0.3212,26.8438,14.1555,92.6396,16.9741
TRM,Hybrid,0.2,2.0,558.4894,295.007,21.2389,0.1915,37.6549,14.3848,49.485,35.132
SCC,Hybrid,0.2,2.0,340.2329,115.1959,16.2608,0.1541,37.0177,10.6856,7.1961,32.465
ISB,Hybrid,0.2,2.0,1072.4849,561.2632,7.8214,0.1572,32.4557,11.4599,38.1034,19.2552
SHA,Hybrid,0.2,2.5,7106.6206,1731.2315,16.6526,0.5513,24.8673,6.2976,31.82,6.6059
BND,Hybrid,0.2,2.5,10339.1856,2457.8334,16.9716,0.5774,27.4766,10.4153,25.2247,10.7229
ORO,Hybrid,0.2,2.5,5313.2542,1366.7874,37.8123,0.293,31.3035,-5.9392,41.0686,-8.0697
YRS,Hybrid,0.2,2.5,2671.0363,719.6754,73.2669,0.4245,29.5753,-11.3507,32.5535,3.9733
FOL,Hybrid,0.2,2.5,3547.9589,1159.0906,51.375,0.2568,37.4436,0.8996,31.5799,2.1436
MKM,Hybrid,0.2,2.5,847.663,368.7196,44.4022,0.1611,25.4699,-9.1863,47.2551,-8.7092
NHG,Hybrid,0.2,2.5,217.0197,34.874,28.7873,0.0756,63.6839,47.4492,27.5578,180.5798
NML,Hybrid,0.2,2.5,1334.9399,536.1332,35.0036,0.4543,27.0177,-5.7722,35.3583,13.9175
TLG,Hybrid,0.2,2.5,2236.4306,1055.8511,36.0308,0.2403,20.7399,-7.3956,59.6665,0.4765
MRC,Hybrid,0.2,2.5,1125.9372,521.7528,30.3608,0.0713,33.2101,-3.2994,65.6256,-17.4432
MIL,Hybrid,0.2,2.5,1895.6199,1127.9072,22.6596,0.2583,28.7392,9.7574,101.9444,13.116
PNF,Hybrid,0.2,2.5,2139.1835,1315.0524,26.1725,0.3086,25.4406,8.5883,104.3578,12.3808
TRM,Hybrid,0.2,2.5,557.9551,278.1195,21.7655,0.1925,37.5232,7.8369,53.1915,35.8382
SCC,Hybrid,0.2,2.5,340.6677,109.8627,16.2543,0.1549,37.1928,5.5613,7.1534,33.1887
ISB,Hybrid,0.2,2.5,1071.7309,532.8475,7.9754,0.1549,32.3625,5.8169,40.8225,17.4917
SHA,Hybrid,0.2,3.0,7132.9462,1700.0869,16.7619,0.5513,25.3299,4.3853,32.6857,6.6112
BND,Hybrid,0.2,3.0,10402.5961,2427.1813,17.0731,0.5774,28.2584,9.0382,25.9731,10.7154
ORO,Hybrid,0.2,3.0,5330.7723,1306.4807,37.8889,0.2865,31.7364,-10.0895,41.3543,-10.0948
YRS,Hybrid,0.2,3.0,2656.7171,667.4818,73.1061,0.4147,28.8807,-17.7799,32.2626,1.5844
FOL,Hybrid,0.2,3.0,3552.2424,1100.3249,51.8264,0.2462,37.6095,-4.216,32.7358,-2.0485
MKM,Hybrid,0.2,3.0,830.7347,334.8206,45.2727,0.1477,22.9642,-17.5355,50.1421,-16.2808
NHG,Hybrid,0.2,3.0,219.0124,34.8178,28.8056,0.0799,65.1869,47.2114,27.6388,196.5459
NML,Hybrid,0.2,3.0,1326.387,495.1018,35.9456,0.4531,26.2039,-12.9836,39.0007,13.6011
TLG,Hybrid,0.2,3.0,2199.7414,972.9591,36.9881,0.2289,18.7591,-14.6657,63.9086,-4.2746
MRC,Hybrid,0.2,3.0,1119.165,481.2309,30.6688,0.0634,32.4089,-10.8097,67.3059,-26.5878
MIL,Hybrid,0.2,3.0,1879.3113,1068.8735,23.7202,0.2489,27.6317,4.0128,111.3967,9.002
PNF,Hybrid,0.2,3.0,2112.4959,1243.493,27.1256,0.2956,23.8756,2.6794,111.7998,7.6259
TRM,Hybrid,0.2,3.0,556.5126,261.3241,22.015,0.1936,37.1676,1.3247,54.9474,36.6655
SCC,Hybrid,0.2,3.0,341.1136,104.6648,16.2967,0.1566,37.3724,0.5669,7.4328,34.6202
ISB,Hybrid,0.2,3.0,1070.3308,504.7348,8.1096,0.1533,32.1896,0.2341,43.1915,16.3246
SHA,Hybrid,0.2,3.5,7155.0552,1674.8544,16.7892,0.5523,25.7184,2.836,32.9014,6.8063
BND,Hybrid,0.2,3.5,10461.0711,2404.0205,17.1392,0.5788,28.9793,7.9978,26.4611,10.9926
ORO,Hybrid,0.2,3.5,5344.5854,1256.8414,38.0081,0.2817,32.0778,-13.5056,41.7988,-11.6129
YRS,Hybrid,0.2,3.5,2639.1894,620.7807,73.1649,0.4113,28.0304,-23.5325,32.3691,0.7374
FOL,Hybrid,0.2,3.5,3553.563,1047.004,52.0029,0.2377,37.6606,-8.8576,33.1881,-5.4289
MKM,Hybrid,0.2,3.5,811.0278,300.6517,45.6101,0.1379,20.0472,-25.9511,51.2609,-21.8506
NHG,Hybrid,0.2,3.5,220.7281,34.8038,28.8142,0.0843,66.481,47.1522,27.6771,212.9529
NML,Hybrid,0.2,3.5,1318.0404,454.7445,36.2495,0.4519,25.4097,-20.0766,40.176,13.3044
TLG,Hybrid,0.2,3.5,2160.1066,887.3289,37.9513,0.22,16.6194,-22.176,68.177,-7.9865
MRC,Hybrid,0.2,3.5,1111.8753,441.5081,30.8488,0.0581,31.5465,-18.1718,68.2877,-32.6589
MIL,Hybrid,0.2,3.5,1856.9367,1003.699,24.9121,0.2401,26.1121,-2.3294,122.0196,5.1655
PNF,Hybrid,0.2,3.5,2081.7773,1167.1386,28.2665,0.286,22.0743,-3.6255,120.708,4.1639
TRM,Hybrid,0.2,3.5,554.2365,245.2823,22.3818,0.197,36.6066,-4.8952,57.5294,39.0208
SCC,Hybrid,0.2,3.5,341.7157,100.2685,16.2945,0.1598,37.6149,-3.6573,7.4183,37.3697
ISB,Hybrid,0.2,3.5,1067.0987,476.9041,8.137,0.1527,31.7905,-5.2927,43.6761,15.8715
SHA,Hybrid,0.2,4.0,7172.5264,1654.7148,16.8023,0.5547,26.0253,1.5995,33.0054,7.269
BND,Hybrid,0.2,4.0,10514.5688,2387.5126,17.1542,0.5808,29.6389,7.2562,26.5717,11.3678
ORO,Hybrid,0.2,4.0,5354.3538,1213.3279,38.1455,0.2784,32.3192,-16.5001,42.3115,-12.6497
YRS,Hybrid,0.2,4.0,2619.0784,581.0564,72.9073,0.4107,27.0548,-28.4257,31.903,0.5893
FOL,Hybrid,0.2,4.0,3551.229,998.8034,52.2986,0.2312,37.5702,-13.0535,33.9453,-8.017
MKM,Hybrid,0.2,4.0,789.7776,268.6418,45.6893,0.1311,16.9018,-33.8349,51.5236,-25.7129
NHG,Hybrid,0.2,4.0,222.285,34.8125,28.8106,0.0887,67.6552,47.1889,27.6609,228.9674
NML,Hybrid,0.2,4.0,1309.9774,418.0869,36.3872,0.4527,24.6425,-26.5194,40.7085,13.5124
TLG,Hybrid,0.2,4.0,2121.5255,807.3601,38.5252,0.2142,14.5364,-29.1897,70.7202,-10.4302
MRC,Hybrid,0.2,4.0,1104.9083,403.6227,30.9545,0.0523,30.7222,-25.1934,68.8644,-39.3918
MIL,Hybrid,0.2,4.0,1833.0309,935.9884,26.2424,0.2327,24.4886,-8.9183,133.8748,1.9229
PNF,Hybrid,0.2,4.0,2048.7993,1084.9182,29.1775,0.2745,20.1405,-10.4147,127.8211,-0.0298
TRM,Hybrid,0.2,4.0,552.0836,228.985,22.4952,0.2018,36.076,-11.2143,58.3274,42.3933
SCC,Hybrid,0.2,4.0,342.2991,96.7163,16.3105,0.1655,37.8498,-7.0704,7.5237,42.2658
ISB,Hybrid,0.2,4.0,1063.8379,450.1821,8.1531,0.1535,31.3877,-10.5994,43.9588,16.4738
SHA,Hybrid DT,-0.2,0.0,4181.4481,1214.5472,8.6723,0.4149,-25.2905,-25.8056,-27.6757,-17.9676
BND,Hybrid DT,-0.2,0.0,5770.6079,1595.5055,9.7846,0.3996,-27.0064,-27.1744,-24.9365,-20.6909
ORO,Hybrid DT,-0.2,0.0,2767.6603,982.6228,17.3009,0.2437,-31.6166,-32.2702,-30.0653,-26.7633
YRS,Hybrid DT,-0.2,0.0,1376.9497,555.3495,36.8888,0.2792,-33.6276,-32.0762,-26.0296,-31.4815
FOL,Hybrid DT,-0.2,0.0,1618.8798,713.0732,25.3245,0.1582,-35.8766,-33.8292,-31.0145,-40.7998
MKM,Hybrid DT,-0.2,0.0,432.7144,265.9123,17.2726,0.1092,-35.0772,-31.898,-40.3227,-42.2778
NHG,Hybrid DT,-0.2,0.0,64.5751,11.0983,13.3901,0.0145,-50.2231,-50.973,-37.7736,-48.9761
NML,Hybrid DT,-0.2,0.0,726.7407,422.575,15.7576,0.2803,-32.6074,-31.328,-37.8479,-27.4993
TLG,Hybrid DT,-0.2,0.0,1232.4186,788.2126,13.2113,0.1674,-31.2711,-29.1981,-35.4948,-31.7026
MRC,Hybrid DT,-0.2,0.0,546.84,363.6898,11.4203,0.0505,-37.2652,-34.7181,-38.0997,-42.4532
MIL,Hybrid DT,-0.2,0.0,1021.9564,737.1215,8.2969,0.1657,-33.1544,-31.6553,-24.9244,-33.895
PNF,Hybrid DT,-0.2,0.0,1177.7142,864.9628,10.9073,0.1861,-31.3058,-29.7911,-17.6991,-38.0435
TRM,Hybrid DT,-0.2,0.0,260.6931,166.9289,8.8631,0.0939,-34.9968,-33.975,-36.8362,-36.7634
SCC,Hybrid DT,-0.2,0.0,154.5841,64.1157,12.8871,0.0672,-37.5514,-38.0967,-18.846,-42.015
ISB,Hybrid DT,-0.2,0.0,537.4624,328.6486,4.1726,0.0966,-34.7048,-35.9576,-30.859,-25.6205
SHA,Hybrid DT,-0.2,0.5,4180.1794,1169.9141,8.8364,0.4097,-25.3131,-28.5321,-26.3068,-18.9996
BND,Hybrid DT,-0.2,0.5,5764.0956,1535.7145,10.0295,0.3931,-27.0888,-29.9035,-23.0575,-21.9909
ORO,Hybrid DT,-0.2,0.5,2794.8754,907.6806,18.8973,0.2383,-30.9442,-37.4358,-23.6118,-28.379
YRS,Hybrid DT,-0.2,0.5,1390.4185,513.1619,39.475,0.2725,-32.9783,-37.2361,-20.8438,-33.1261
FOL,Hybrid DT,-0.2,0.5,1632.2859,662.7379,26.9769,0.1521,-35.3456,-38.5002,-26.5134,-43.0676
MKM,Hybrid DT,-0.2,0.5,432.0642,250.029,19.7538,0.1058,-35.1747,-35.9658,-31.75,-44.1073
NHG,Hybrid DT,-0.2,0.5,64.713,10.798,13.2487,0.0165,-50.1168,-52.2993,-38.4306,-41.9518
NML,Hybrid DT,-0.2,0.5,729.5687,401.5427,17.1023,0.2855,-32.3451,-34.7459,-32.544,-26.1743
TLG,Hybrid DT,-0.2,0.5,1223.8581,744.7517,14.5158,0.1653,-31.7485,-33.102,-29.1257,-32.5726
MRC,Hybrid DT,-0.2,0.5,545.0713,341.9989,12.0139,0.0482,-37.4681,-38.6116,-34.8823,-45.0774
MIL,Hybrid DT,-0.2,0.5,1017.1689,714.879,8.1787,0.1683,-33.4676,-33.7176,-25.9938,-32.8873
PNF,Hybrid DT,-0.2,0.5,1168.5429,837.8205,10.7753,0.187,-31.8408,-31.9942,-18.6948,-37.7494
TRM,Hybrid DT,-0.2,0.5,260.4756,158.1713,9.9735,0.0942,-35.051,-37.4389,-28.9233,-36.5666
SCC,Hybrid DT,-0.2,0.5,154.7346,59.7709,12.9432,0.0638,-37.4906,-42.2915,-18.4923,-44.9858
ISB,Hybrid DT,-0.2,0.5,533.6937,310.3679,4.1309,0.0973,-35.1627,-39.5199,-31.5498,-25.1106
SHA,Hybrid DT,-0.2,1.0,4175.1657,1128.7867,9.0285,0.4054,-25.4027,-31.0445,-24.7047,-19.8519
BND,Hybrid DT,-0.2,1.0,5753.0833,1481.03,10.5132,0.3866,-27.2281,-32.3995,-19.3465,-23.2832
ORO,Hybrid DT,-0.2,1.0,2815.765,841.6371,20.386,0.2318,-30.4281,-41.988,-17.5942,-30.33
YRS,Hybrid DT,-0.2,1.0,1402.4295,471.1791,43.0832,0.2691,-32.3994,-42.3709,-13.6086,-33.9697
FOL,Hybrid DT,-0.2,1.0,1642.7412,613.3554,28.8303,0.148,-34.9315,-43.0827,-21.4646,-44.6193
MKM,Hybrid DT,-0.2,1.0,431.411,232.7512,21.2356,0.1025,-35.2727,-40.3908,-26.6303,-45.8596
NHG,Hybrid DT,-0.2,1.0,64.8126,10.544,13.154,0.0186,-50.04,-53.4215,-38.8707,-34.4466
NML,Hybrid DT,-0.2,1.0,731.5665,377.0872,18.7726,0.2886,-32.1598,-38.7202,-25.9556,-25.3721
TLG,Hybrid DT,-0.2,1.0,1215.2866,697.569,15.3436,0.1649,-32.2265,-37.3402,-25.0836,-32.7379
MRC,Hybrid DT,-0.2,1.0,543.2833,318.3382,12.9154,0.0475,-37.6732,-42.8587,-29.9959,-45.9248
MIL,Hybrid DT,-0.2,1.0,1013.604,688.8433,8.5593,0.1715,-33.7007,-36.1315,-22.5497,-31.6009
PNF,Hybrid DT,-0.2,1.0,1160.3384,806.3674,10.7518,0.1879,-32.3193,-34.5473,-18.8721,-37.444
TRM,Hybrid DT,-0.2,1.0,260.1341,148.2234,11.0567,0.0934,-35.1362,-41.3736,-21.2039,-37.0644
SCC,Hybrid DT,-0.2,1.0,154.6938,55.8292,13.0058,0.0609,-37.5071,-46.0972,-18.0982,-47.4946
ISB,Hybrid DT,-0.2,1.0,530.6122,292.0432,4.3206,0.0982,-35.537,-43.0907,-28.4067,-24.4186
SHA,Hybrid DT,-0.2,1.5,4166.9544,1091.5938,9.1399,0.401,-25.5494,-33.3166,-23.776,-20.713
BND,Hybrid DT,-0.2,1.5,5737.8686,1431.9443,10.7421,0.3803,-27.4205,-34.64,-17.5903,-24.5274
ORO,Hybrid DT,-0.2,1.5,2830.1563,785.1464,21.2173,0.2277,-30.0725,-45.8817,-14.234,-31.559
YRS,Hybrid DT,-0.2,1.5,1412.1878,430.6211,45.5242,0.2654,-31.929,-47.3315,-8.7137,-34.8728
FOL,Hybrid DT,-0.2,1.5,1651.0809,568.3753,30.3604,0.143,-34.6011,-47.2567,-17.2964,-46.4922
MKM,Hybrid DT,-0.2,1.5,430.7232,214.342,23.1948,0.1004,-35.3759,-45.1055,-19.8614,-46.9706
NHG,Hybrid DT,-0.2,1.5,64.7305,10.2981,13.061,0.0205,-50.1033,-54.5077,-39.3032,-28.0184
NML,Hybrid DT,-0.2,1.5,734.1033,351.5538,20.8743,0.291,-31.9246,-42.8696,-17.666,-24.748
TLG,Hybrid DT,-0.2,1.5,1208.3533,649.9006,16.9267,0.1638,-32.6132,-41.6221,-17.3543,-33.1703
MRC,Hybrid DT,-0.2,1.5,541.3144,293.6593,14.8609,0.0447,-37.8991,-47.2885,-19.4509,-49.0877
MIL,Hybrid DT,-0.2,1.5,1011.094,660.6873,8.4213,0.1759,-33.8649,-38.7421,-23.7987,-29.8328
PNF,Hybrid DT,-0.2,1.5,1153.3717,771.4715,10.4721,0.1922,-32.7257,-37.3798,-20.9826,-36.0054
TRM,Hybrid DT,-0.2,1.5,259.9602,138.0765,12.5404,0.093,-35.1795,-45.387,-10.6299,-37.3511
SCC,Hybrid DT,-0.2,1.5,154.6153,51.7143,13.4727,0.0585,-37.5388,-50.0701,-15.1578,-49.5913
ISB,Hybrid DT,-0.2,1.5,527.4873,273.7352,4.6548,0.0986,-35.9167,-46.6583,-22.8696,-24.0814
SHA,Hybrid DT,-0.2,2.0,4154.1318,1058.0939,9.3882,0.3966,-25.7785,-35.363,-21.7056,-21.5871
BND,Hybrid DT,-0.2,2.0,5715.6963,1387.9822,10.9717,0.374,-27.701,-36.6466,-15.8293,-25.78
ORO,Hybrid DT,-0.2,2.0,2838.7808,737.6017,21.7202,0.2231,-29.8594,-49.1589,-12.2012,-32.9563
YRS,Hybrid DT,-0.2,2.0,1418.9247,394.1761,45.582,0.2626,-31.6043,-51.789,-8.5979,-35.563
FOL,Hybrid DT,-0.2,2.0,1657.181,528.0515,31.3709,0.1386,-34.3595,-50.9986,-14.5438,-48.1382
MKM,Hybrid DT,-0.2,2.0,429.9271,196.3118,24.4059,0.098,-35.4954,-49.7232,-15.6769,-48.2055
NHG,Hybrid DT,-0.2,2.0,64.5048,10.0936,12.987,0.0223,-50.2772,-55.4109,-39.6468,-21.4815
NML,Hybrid DT,-0.2,2.0,735.95,324.7612,21.7046,0.292,-31.7534,-47.2236,-14.3912,-24.4885
TLG,Hybrid DT,-0.2,2.0,1201.7152,601.2028,18.1193,0.1636,-32.9834,-45.9964,-11.5312,-33.278
MRC,Hybrid DT,-0.2,2.0,539.781,268.6256,15.5837,0.0412,-38.075,-51.782,-15.5332,-53.0653
MIL,Hybrid DT,-0.2,2.0,1009.8156,629.6409,9.0345,0.1787,-33.9485,-41.6207,-18.2495,-28.7179
PNF,Hybrid DT,-0.2,2.0,1148.4053,731.5453,11.3865,0.1969,-33.0154,-40.6206,-14.0832,-34.4658
TRM,Hybrid DT,-0.2,2.0,259.7796,128.0624,13.5533,0.0926,-35.2246,-49.3478,-3.4115,-37.6111
SCC,Hybrid DT,-0.2,2.0,154.1103,48.251,13.4785,0.0565,-37.7428,-53.4139,-15.1215,-51.3124
ISB,Hybrid DT,-0.2,2.0,524.0824,255.3748,4.8936,0.0987,-36.3303,-50.2361,-18.9129,-24.0327
SHA,Hybrid DT,-0.2,2.5,4135.6466,1028.5695,9.5808,0.3921,-26.1088,-37.1666,-20.0987,-22.4792
BND,Hybrid DT,-0.2,2.5,5687.189,1349.3734,11.0467,0.3684,-28.0616,-38.4089,-15.2541,-26.887
ORO,Hybrid DT,-0.2,2.5,2840.9999,698.1001,21.9929,0.2189,-29.8046,-51.8816,-11.0989,-34.2052
YRS,Hybrid DT,-0.2,2.5,1422.3058,362.6131,45.3197,0.2599,-31.4413,-55.6494,-9.124,-36.2141
FOL,Hybrid DT,-0.2,2.5,1660.3971,491.8099,31.6086,0.1334,-34.2321,-54.3617,-13.8963,-50.0674
MKM,Hybrid DT,-0.2,2.5,428.5217,178.1085,25.4095,0.0952,-35.7062,-54.3852,-12.2096,-49.6899
NHG,Hybrid DT,-0.2,2.5,64.1221,9.9099,12.9501,0.0241,-50.5723,-56.2226,-39.8183,-15.3852
NML,Hybrid DT,-0.2,2.5,737.0909,298.6826,22.9348,0.2906,-31.6476,-51.4616,-9.5388,-24.846
TLG,Hybrid DT,-0.2,2.5,1196.2031,553.2204,19.2916,0.1629,-33.2908,-50.3065,-5.8072,-33.5662
MRC,Hybrid DT,-0.2,2.5,538.4102,243.8835,16.7426,0.0388,-38.2323,-56.2232,-9.2516,-55.7382
MIL,Hybrid DT,-0.2,2.5,1009.2991,595.8487,10.2598,0.1829,-33.9823,-44.7538,-7.1627,-27.0642
PNF,Hybrid DT,-0.2,2.5,1145.0292,687.535,12.9352,0.1999,-33.2123,-44.1929,-2.3977,-33.4594
TRM,Hybrid DT,-0.2,2.5,259.1979,117.6422,14.4438,0.0908,-35.3696,-53.4693,2.9346,-38.815
SCC,Hybrid DT,-0.2,2.5,153.383,45.1928,13.5289,0.0551,-38.0366,-56.3666,-14.8039,-52.4594
ISB,Hybrid DT,-0.2,2.5,520.9219,237.8372,5.2515,0.0976,-36.7143,-53.6536,-12.9813,-24.832
SHA,Hybrid DT,-0.2,3.0,4112.0372,1002.8502,9.7158,0.3879,-26.5306,-38.7377,-18.9732,-23.306
BND,Hybrid DT,-0.2,3.0,5653.2719,1315.2879,11.0912,0.3634,-28.4906,-39.9647,-14.9121,-27.8863
ORO,Hybrid DT,-0.2,3.0,2837.1289,664.7482,22.518,0.2148,-29.9002,-54.1805,-8.9763,-35.4273
YRS,Hybrid DT,-0.2,3.0,1422.8253,336.8563,45.5632,0.2576,-31.4162,-58.7997,-8.6356,-36.782
FOL,Hybrid DT,-0.2,3.0,1660.2856,460.1406,31.8605,0.1292,-34.2365,-57.3005,-13.2102,-51.6386
MKM,Hybrid DT,-0.2,3.0,427.125,160.9315,25.9823,0.0938,-35.9158,-58.7843,-10.2305,-50.4399
NHG,Hybrid DT,-0.2,3.0,63.5916,9.7361,12.9399,0.0258,-50.9812,-56.9905,-39.866,-9.3889
NML,Hybrid DT,-0.2,3.0,737.7945,273.3146,23.4121,0.2916,-31.5823,-55.5841,-7.6562,-24.5946
TLG,Hybrid DT,-0.2,3.0,1191.2813,505.3661,20.2218,0.1602,-33.5652,-54.605,-1.2658,-34.6364
MRC,Hybrid DT,-0.2,3.0,537.3752,220.2057,17.5034,0.0371,-38.351,-60.4733,-5.1279,-57.7294
MIL,Hybrid DT,-0.2,3.0,1008.6974,560.0149,10.9649,0.1843,-34.0217,-48.0763,-0.7827,-26.4735
PNF,Hybrid DT,-0.2,3.0,1141.1803,642.7367,14.6425,0.2009,-33.4368,-47.8291,10.485,-33.1172
TRM,Hybrid DT,-0.2,3.0,258.7385,108.0914,15.1507,0.0888,-35.4842,-57.2469,7.973,-40.1968
SCC,Hybrid DT,-0.2,3.0,152.5673,42.2595,13.8806,0.0544,-38.3661,-59.1987,-12.5893,-53.0467
ISB,Hybrid DT,-0.2,3.0,518.0807,221.5404,5.4094,0.0957,-37.0595,-56.8293,-10.3657,-26.3365
SHA,Hybrid DT,-0.2,3.5,4084.7358,980.2642,9.7892,0.3838,-27.0184,-40.1175,-18.361,-24.1171
BND,Hybrid DT,-0.2,3.5,5614.0966,1285.1296,11.0698,0.3587,-28.9862,-41.3412,-15.0766,-28.8208
ORO,Hybrid DT,-0.2,3.5,2827.1307,636.475,22.2429,0.2109,-30.1473,-56.1293,-10.088,-36.6245
YRS,Hybrid DT,-0.2,3.5,1421.0207,315.4656,46.2138,0.256,-31.5032,-61.4159,-7.3309,-37.1898
FOL,Hybrid DT,-0.2,3.5,1657.6568,432.6902,31.8756,0.1265,-34.3407,-59.8478,-13.1689,-52.6562
MKM,Hybrid DT,-0.2,3.5,424.8977,144.9476,27.1773,0.0931,-36.2499,-62.8779,-6.1016,-50.8119
NHG,Hybrid DT,-0.2,3.5,63.0552,9.5892,12.9302,0.0276,-51.3947,-57.6394,-39.9108,-3.0818
NML,Hybrid DT,-0.2,3.5,737.4794,249.0141,25.1312,0.2899,-31.6115,-59.5331,-0.8756,-25.0213
TLG,Hybrid DT,-0.2,3.5,1185.5851,457.8232,21.3517,0.1575,-33.8829,-58.8756,4.2512,-35.7616
MRC,Hybrid DT,-0.2,3.5,536.1955,197.8911,18.2013,0.0343,-38.4864,-64.4788,-1.3449,-60.9274
MIL,Hybrid DT,-0.2,3.5,1008.4458,524.0419,12.1487,0.1831,-34.0381,-51.4117,9.9298,-26.9494
PNF,Hybrid DT,-0.2,3.5,1138.1349,598.1056,15.8404,0.2011,-33.6144,-51.4519,19.5242,-33.0682
TRM,Hybrid DT,-0.2,3.5,257.7547,99.44,15.7471,0.0881,-35.7295,-60.6688,12.2231,-40.6425
SCC,Hybrid DT,-0.2,3.5,151.6038,39.7221,14.016,0.0547,-38.7554,-61.6485,-11.7369,-52.8343
ISB,Hybrid DT,-0.2,3.5,515.1169,205.9063,5.5466,0.0936,-37.4195,-59.8759,-8.0921,-27.9556
SHA,Hybrid DT,-0.2,4.0,4054.2644,960.432,9.8084,0.38,-27.5628,-41.329,-18.2012,-24.8658
BND,Hybrid DT,-0.2,4.0,5571.3085,1258.6886,11.0503,0.3544,-29.5274,-42.5481,-15.226,-29.6701
ORO,Hybrid DT,-0.2,4.0,2812.1463,611.7581,22.4484,0.2067,-30.5175,-57.833,-9.2576,-37.8649
YRS,Hybrid DT,-0.2,4.0,1417.3211,298.1267,46.4737,0.2546,-31.6816,-63.5366,-6.8099,-37.5174
FOL,Hybrid DT,-0.2,4.0,1652.4605,408.8256,31.8018,0.1235,-34.5465,-62.0624,-13.3699,-53.768
MKM,Hybrid DT,-0.2,4.0,422.4439,131.4483,27.5644,0.0932,-36.6181,-66.3352,-4.7645,-50.749
NHG,Hybrid DT,-0.2,4.0,62.5069,9.4584,12.9156,0.0294,-51.8173,-58.2169,-39.9786,3.5186
NML,Hybrid DT,-0.2,4.0,735.9246,227.6938,25.4425,0.2871,-31.7557,-62.9979,0.3522,-25.7507
TLG,Hybrid DT,-0.2,4.0,1179.8668,415.183,22.146,0.154,-34.2018,-62.7058,8.1294,-37.1873
MRC,Hybrid DT,-0.2,4.0,534.9658,177.3043,18.4819,0.0327,-38.6274,-68.1741,0.1757,-62.7836
MIL,Hybrid DT,-0.2,4.0,1008.0922,487.1806,13.6365,0.1812,-34.0613,-54.8294,23.3925,-27.716
PNF,Hybrid DT,-0.2,4.0,1136.2049,552.4429,16.7769,0.2015,-33.727,-55.1583,26.5899,-32.9153
TRM,Hybrid DT,-0.2,4.0,256.8036,90.9525,15.9017,0.0875,-35.9666,-64.0258,13.3244,-41.0582
SCC,Hybrid DT,-0.2,4.0,150.5573,37.5505,14.1669,0.0554,-39.1781,-63.7452,-10.7864,-52.2057
ISB,Hybrid DT,-0.2,4.0,512.0108,191.2858,5.706,0.0918,-37.7969,-62.7249,-5.4504,-29.3431
SHA,Hybrid DT,-0.15,0.0,4522.9922,1314.6194,9.3946,0.4356,-19.1881,-19.6923,-21.6521,-13.8829
BND,Hybrid DT,-0.15,0.0,6288.4711,1737.6751,10.6482,0.4247,-20.4559,-20.6851,-18.3111,-15.7239
ORO,Hybrid DT,-0.15,0.0,3077.1309,1096.3411,19.1699,0.2631,-23.9702,-24.4319,-22.5101,-20.9313
YRS,Hybrid DT,-0.15,0.0,1549.1414,621.8231,40.33,0.3068,-25.3275,-23.9459,-19.1293,-24.717
FOL,Hybrid DT,-0.15,0.0,1837.8149,804.0597,28.243,0.1809,-27.2046,-25.386,-23.0645,-32.3207
MKM,Hybrid DT,-0.15,0.0,489.5235,297.5181,19.8908,0.1255,-26.5537,-23.8035,-31.2769,-33.6815
NHG,Hybrid DT,-0.15,0.0,78.353,13.5343,15.319,0.0162,-39.6026,-40.2115,-28.8095,-43.1581
NML,Hybrid DT,-0.15,0.0,812.168,470.9566,18.0322,0.3049,-24.6855,-23.4656,-28.8761,-21.1395
TLG,Hybrid DT,-0.15,0.0,1369.6519,871.3468,14.9618,0.1826,-23.618,-21.7305,-26.9481,-25.4902
MRC,Hybrid DT,-0.15,0.0,623.9889,411.8518,13.1278,0.0573,-28.4145,-26.0731,-28.8447,-34.7657
MIL,Hybrid DT,-0.15,0.0,1143.4476,822.5444,9.1018,0.1835,-25.2077,-23.735,-17.6404,-26.7927
PNF,Hybrid DT,-0.15,0.0,1308.3847,957.6987,11.6775,0.2102,-23.684,-22.2637,-11.8876,-30.0377
TRM,Hybrid DT,-0.15,0.0,294.1248,188.1477,10.0904,0.1042,-26.6607,-25.5824,-28.09,-29.8315
SCC,Hybrid DT,-0.15,0.0,176.7516,73.6323,13.8038,0.0772,-28.5962,-28.9084,-13.0731,-33.4051
ISB,Hybrid DT,-0.15,0.0,605.0294,373.3235,4.7161,0.1039,-26.4962,-27.252,-21.8534,-20.0202
SHA,Hybrid DT,-0.15,0.5,4524.0734,1264.564,9.7132,0.4302,-19.1688,-22.7501,-18.995,-14.9447
BND,Hybrid DT,-0.15,0.5,6285.4017,1671.1017,10.9866,0.4169,-20.4947,-23.7238,-15.7148,-17.2615
ORO,Hybrid DT,-0.15,0.5,3105.6009,1010.4478,20.7984,0.2563,-23.2668,-30.3523,-15.9274,-22.9527
YRS,Hybrid DT,-0.15,0.5,1562.0979,573.8344,43.4024,0.2993,-24.703,-29.8153,-12.9684,-26.5534
FOL,Hybrid DT,-0.15,0.5,1849.8358,745.857,29.8391,0.173,-26.7285,-30.787,-18.7166,-35.2725
MKM,Hybrid DT,-0.15,0.5,488.3521,279.3711,22.634,0.1206,-26.7295,-28.4511,-21.7989,-36.2782
NHG,Hybrid DT,-0.15,0.5,78.4085,13.1445,15.1703,0.0179,-39.5597,-41.9336,-29.5007,-36.9381
NML,Hybrid DT,-0.15,0.5,814.3437,446.9713,19.6455,0.3091,-24.4837,-27.3634,-22.5127,-20.0467
TLG,Hybrid DT,-0.15,0.5,1360.1935,823.0158,16.5605,0.1805,-24.1454,-26.0718,-19.1424,-26.3495
MRC,Hybrid DT,-0.15,0.5,621.3291,386.6946,13.9231,0.0533,-28.7196,-30.5888,-24.5335,-39.2538
MIL,Hybrid DT,-0.15,0.5,1137.9317,797.5404,8.9791,0.1862,-25.5685,-26.0533,-18.7506,-25.7218
PNF,Hybrid DT,-0.15,0.5,1298.255,928.0358,11.5209,0.2093,-24.2749,-24.6715,-13.0691,-30.3388
TRM,Hybrid DT,-0.15,0.5,293.788,178.2197,11.2793,0.1049,-26.7446,-29.5092,-19.6169,-29.3092
SCC,Hybrid DT,-0.15,0.5,176.7502,68.6127,13.8405,0.0721,-28.5968,-33.7548,-12.8418,-37.8558
ISB,Hybrid DT,-0.15,0.5,600.5913,352.6239,4.7796,0.1043,-27.0354,-31.2856,-20.8015,-19.7086
SHA,Hybrid DT,-0.15,1.0,4521.2335,1218.6428,9.8798,0.4249,-19.2195,-25.5554,-17.6056,-15.9971
BND,Hybrid DT,-0.15,1.0,6277.5743,1610.533,11.416,0.41,-20.5937,-26.4884,-12.4203,-18.6267
ORO,Hybrid DT,-0.15,1.0,3127.3809,934.7053,22.604,0.2498,-22.7287,-35.573,-8.6286,-24.9169
YRS,Hybrid DT,-0.15,1.0,1574.1039,526.1631,46.989,0.2961,-24.1242,-35.6459,-5.7765,-27.3516
FOL,Hybrid DT,-0.15,1.0,1859.6295,689.4821,31.8381,0.1674,-26.3406,-36.0184,-13.271,-37.3482
MKM,Hybrid DT,-0.15,1.0,487.2174,259.8065,24.7848,0.116,-26.8997,-33.4617,-14.368,-38.7179
NHG,Hybrid DT,-0.15,1.0,78.3619,12.802,15.0655,0.02,-39.5957,-43.4467,-29.9878,-29.779
NML,Hybrid DT,-0.15,1.0,815.815,419.3308,21.4387,0.3116,-24.3473,-31.8552,-15.4402,-19.4157
TLG,Hybrid DT,-0.15,1.0,1350.7484,770.7525,17.5849,0.179,-24.6722,-30.7664,-14.1404,-26.9981
MRC,Hybrid DT,-0.15,1.0,618.5236,359.2806,14.9974,0.0522,-29.0415,-35.5096,-18.7106,-40.5632
MIL,Hybrid DT,-0.15,1.0,1133.1391,767.7367,9.5128,0.189,-25.882,-28.8167,-13.9216,-24.605
PNF,Hybrid DT,-0.15,1.0,1289.1378,893.4995,11.5517,0.2105,-24.8067,-27.4748,-12.8363,-29.9259
TRM,Hybrid DT,-0.15,1.0,293.3433,167.0075,12.4547,0.1044,-26.8555,-33.9439,-11.2403,-29.6798
SCC,Hybrid DT,-0.15,1.0,176.6347,64.1358,14.0129,0.0682,-28.6434,-38.0773,-11.7562,-41.183
ISB,Hybrid DT,-0.15,1.0,596.9342,331.719,4.8938,0.1051,-27.4797,-35.3593,-18.9082,-19.1008
SHA,Hybrid DT,-0.15,1.5,4514.9816,1177.0698,10.0443,0.4199,-19.3312,-28.095,-16.2333,-16.984
BND,Hybrid DT,-0.15,1.5,6264.229,1555.949,11.7404,0.4033,-20.7625,-28.9799,-9.9318,-19.9676
ORO,Hybrid DT,-0.15,1.5,3142.8912,870.4376,23.3439,0.2442,-22.3454,-40.0028,-5.6374,-26.6139
YRS,Hybrid DT,-0.15,1.5,1583.1795,480.3049,49.903,0.2915,-23.6868,-41.2547,0.0666,-28.4648
FOL,Hybrid DT,-0.15,1.5,1866.6737,638.1237,33.4084,0.1619,-26.0616,-40.7843,-8.9935,-39.4124
MKM,Hybrid DT,-0.15,1.5,485.955,238.9952,26.079,0.113,-27.0891,-38.7917,-9.8965,-40.271
NHG,Hybrid DT,-0.15,1.5,78.1715,12.4705,14.9675,0.0219,-39.7424,-44.911,-30.4432,-22.8925
NML,Hybrid DT,-0.15,1.5,817.8234,390.5605,23.249,0.3133,-24.161,-36.5306,-8.2996,-18.9727
TLG,Hybrid DT,-0.15,1.5,1342.5112,717.5176,19.1861,0.1782,-25.1315,-35.5483,-6.3226,-27.3076
MRC,Hybrid DT,-0.15,1.5,615.4762,330.8127,16.9408,0.0493,-29.3911,-40.6195,-8.1771,-43.7826
MIL,Hybrid DT,-0.15,1.5,1129.508,735.5932,9.4954,0.1936,-26.1195,-31.797,-14.0796,-22.7604
PNF,Hybrid DT,-0.15,1.5,1281.1807,854.9101,11.404,0.2128,-25.2708,-30.6071,-13.9507,-29.1771
TRM,Hybrid DT,-0.15,1.5,292.9105,155.625,13.8091,0.1037,-26.9635,-38.4461,-1.5882,-30.163
SCC,Hybrid DT,-0.15,1.5,176.4302,59.4855,14.3487,0.0651,-28.726,-42.5671,-9.6418,-43.8723
ISB,Hybrid DT,-0.15,1.5,593.2153,310.8714,5.3036,0.1056,-27.9315,-39.4217,-12.1183,-18.6882
SHA,Hybrid DT,-0.15,2.0,4503.9118,1139.8071,10.3351,0.4155,-19.529,-30.3713,-13.8082,-17.8478
BND,Hybrid DT,-0.15,2.0,6244.9493,1507.4694,11.9706,0.3968,-21.0064,-31.1927,-8.166,-21.2517
ORO,Hybrid DT,-0.15,2.0,3152.6522,816.3621,23.8596,0.2394,-22.1043,-43.7301,-3.5532,-28.0427
YRS,Hybrid DT,-0.15,2.0,1589.5842,439.1223,50.5474,0.2877,-23.378,-46.2917,1.3589,-29.3963
FOL,Hybrid DT,-0.15,2.0,1871.4973,592.2357,34.48,0.1565,-25.8705,-45.0425,-6.0745,-41.43
MKM,Hybrid DT,-0.15,2.0,484.4907,218.6221,26.9663,0.1104,-27.3088,-44.0094,-6.8307,-41.6706
NHG,Hybrid DT,-0.15,2.0,77.8308,12.1829,14.8989,0.0238,-40.005,-46.1817,-30.7621,-16.354
NML,Hybrid DT,-0.15,2.0,819.1384,360.6261,24.0996,0.3136,-24.0391,-41.3952,-4.9447,-18.8942
TLG,Hybrid DT,-0.15,2.0,1334.85,663.579,20.4331,0.1771,-25.5588,-40.3934,-0.2339,-27.7446
MRC,Hybrid DT,-0.15,2.0,613.0305,302.3643,17.8032,0.0454,-29.6717,-45.726,-3.503,-48.2398
MIL,Hybrid DT,-0.15,2.0,1127.1203,700.2957,10.487,0.1965,-26.2757,-35.0697,-5.1065,-21.6025
PNF,Hybrid DT,-0.15,2.0,1274.7629,810.3791,13.1162,0.2175,-25.6451,-34.2216,-1.0319,-27.6125
TRM,Hybrid DT,-0.15,2.0,292.4678,144.3714,15.0171,0.1032,-27.0738,-42.8971,7.0203,-30.5081
SCC,Hybrid DT,-0.15,2.0,175.7214,55.4563,14.3477,0.0624,-29.0124,-46.4573,-9.6478,-46.1817
ISB,Hybrid DT,-0.15,2.0,589.0495,289.747,5.5078,0.1051,-28.4376,-43.5382,-8.7345,-19.1084
SHA,Hybrid DT,-0.15,2.5,4487.3285,1107.1261,10.5239,0.4107,-19.8253,-32.3677,-12.2338,-18.7945
BND,Hybrid DT,-0.15,2.5,6218.467,1465.1277,12.0529,0.3909,-21.3413,-33.1254,-7.5349,-22.4337
ORO,Hybrid DT,-0.15,2.5,3155.7977,771.8404,24.2809,0.2352,-22.0265,-46.7989,-1.85,-29.3086
YRS,Hybrid DT,-0.15,2.5,1592.6182,403.4874,50.5489,0.2851,-23.2318,-50.6502,1.3618,-30.0502
FOL,Hybrid DT,-0.15,2.5,1873.6663,551.288,34.9066,0.1518,-25.7846,-48.8424,-4.9125,-43.1859
MKM,Hybrid DT,-0.15,2.5,482.5223,198.26,28.432,0.1061,-27.6042,-49.2242,-1.7669,-43.9478
NHG,Hybrid DT,-0.15,2.5,77.3477,11.9279,14.8882,0.0254,-40.3775,-47.3078,-30.8118,-10.5806
NML,Hybrid DT,-0.15,2.5,819.6597,331.4366,25.0971,0.3107,-23.9907,-46.1388,-1.0102,-19.6354
TLG,Hybrid DT,-0.15,2.5,1327.8777,610.1374,21.7693,0.1754,-25.9476,-45.1938,6.2902,-28.4377
MRC,Hybrid DT,-0.15,2.5,610.8172,274.4497,18.9672,0.042,-29.9256,-50.7366,2.8063,-52.1719
MIL,Hybrid DT,-0.15,2.5,1125.5065,661.9572,11.6169,0.2003,-26.3813,-38.6244,5.1173,-20.1209
PNF,Hybrid DT,-0.15,2.5,1269.8803,761.2787,14.6219,0.2201,-25.9299,-38.2071,10.3296,-26.7293
TRM,Hybrid DT,-0.15,2.5,291.684,132.6706,15.7173,0.1015,-27.2693,-47.5251,12.0106,-31.6351
SCC,Hybrid DT,-0.15,2.5,174.7586,51.947,14.4644,0.0602,-29.4013,-49.8454,-8.9128,-48.0834
ISB,Hybrid DT,-0.15,2.5,585.083,269.643,5.8397,0.1041,-28.9195,-47.4558,-3.2357,-19.8873
SHA,Hybrid DT,-0.15,3.0,4464.3332,1078.7521,10.6649,0.4062,-20.2362,-34.101,-11.0577,-19.682
BND,Hybrid DT,-0.15,3.0,6185.0303,1427.6913,12.1073,0.3849,-21.7643,-34.8341,-7.117,-23.6173
ORO,Hybrid DT,-0.15,3.0,3152.3552,734.4274,24.571,0.231,-22.1116,-49.3777,-0.6775,-30.5644
YRS,Hybrid DT,-0.15,3.0,1593.0051,374.3532,50.213,0.2828,-23.2132,-54.2135,0.6884,-30.6108
FOL,Hybrid DT,-0.15,3.0,1872.6032,515.7052,35.0636,0.1464,-25.8267,-52.1443,-4.4846,-45.199
MKM,Hybrid DT,-0.15,3.0,480.481,179.06,28.9205,0.1042,-27.9104,-54.1415,-0.0788,-44.9297
NHG,Hybrid DT,-0.15,3.0,76.6886,11.6837,14.8833,0.0271,-40.8855,-48.3868,-30.8343,-4.7617
NML,Hybrid DT,-0.15,3.0,819.6422,303.0053,25.6491,0.3109,-23.9923,-50.7591,1.167,-19.5952
TLG,Hybrid DT,-0.15,3.0,1321.6414,557.3778,22.5985,0.1731,-26.2954,-49.933,10.3388,-29.3733
MRC,Hybrid DT,-0.15,3.0,608.9484,247.7075,19.6976,0.0394,-30.14,-55.5368,6.7653,-55.1106
MIL,Hybrid DT,-0.15,3.0,1123.6781,621.5079,12.5034,0.2015,-26.5008,-42.3748,13.1396,-19.6437
PNF,Hybrid DT,-0.15,3.0,1264.3932,711.433,16.5909,0.2212,-26.25,-42.2531,25.1869,-26.3773
TRM,Hybrid DT,-0.15,3.0,290.8873,121.906,16.5649,0.0991,-27.4679,-51.7828,18.051,-33.2467
SCC,Hybrid DT,-0.15,3.0,173.704,48.5792,14.6812,0.0592,-29.8274,-53.0971,-7.5477,-48.9268
ISB,Hybrid DT,-0.15,3.0,581.4125,250.8269,5.9678,0.1022,-29.3654,-51.1224,-1.1125,-21.2959
SHA,Hybrid DT,-0.15,3.5,4437.313,1053.9044,10.7402,0.4019,-20.7189,-35.6189,-10.4303,-20.5342
BND,Hybrid DT,-0.15,3.5,6147.0217,1395.0054,12.0875,0.3797,-22.2451,-36.326,-7.2689,-24.6526
ORO,Hybrid DT,-0.15,3.5,3142.7929,702.9721,24.2727,0.2269,-22.3479,-51.5458,-1.8833,-31.8169
YRS,Hybrid DT,-0.15,3.5,1591.0466,350.3411,50.4644,0.2813,-23.3076,-57.1504,1.1925,-30.9828
FOL,Hybrid DT,-0.15,3.5,1869.009,484.9572,34.9844,0.1422,-25.9691,-54.9976,-4.7004,-46.7823
MKM,Hybrid DT,-0.15,3.5,477.6923,161.2393,29.9201,0.1034,-28.3288,-58.7055,3.3747,-45.3418
NHG,Hybrid DT,-0.15,3.5,76.0009,11.474,14.8752,0.0289,-41.4156,-49.3131,-30.8722,1.5434
NML,Hybrid DT,-0.15,3.5,818.8495,275.9275,27.07,0.3097,-24.0659,-55.1595,6.7713,-19.9018
TLG,Hybrid DT,-0.15,3.5,1314.5128,504.8786,23.5898,0.17,-26.6929,-54.6488,15.179,-30.6672
MRC,Hybrid DT,-0.15,3.5,607.2085,222.6623,20.1815,0.0373,-30.3396,-60.0324,9.3879,-57.5312
MIL,Hybrid DT,-0.15,3.5,1122.1393,580.981,13.8648,0.1996,-26.6015,-46.1324,25.4584,-20.3959
PNF,Hybrid DT,-0.15,3.5,1259.6963,661.777,17.8863,0.2202,-26.5239,-46.2837,34.9612,-26.7117
TRM,Hybrid DT,-0.15,3.5,289.6568,112.207,17.16,0.0978,-27.7748,-55.6191,22.292,-34.1384
SCC,Hybrid DT,-0.15,3.5,172.4451,45.6578,14.8933,0.0584,-30.3359,-55.9177,-6.2118,-49.6569
ISB,Hybrid DT,-0.15,3.5,577.722,233.0882,6.1145,0.0995,-29.8138,-54.579,1.3179,-23.4261
SHA,Hybrid DT,-0.15,4.0,4406.7196,1032.1867,10.7952,0.3979,-21.2656,-36.9456,-9.9717,-21.3267
BND,Hybrid DT,-0.15,4.0,6104.4881,1366.26,12.0761,0.3751,-22.7831,-37.6381,-7.3567,-25.5613
ORO,Hybrid DT,-0.15,4.0,3128.3807,675.6704,24.7205,0.2232,-22.704,-53.4277,-0.0732,-32.9268
YRS,Hybrid DT,-0.15,4.0,1586.8399,330.9031,50.6995,0.2796,-23.5103,-59.5278,1.6638,-31.3803
FOL,Hybrid DT,-0.15,4.0,1862.8234,458.2999,34.6497,0.1387,-26.2141,-57.4713,-5.6123,-48.0865
MKM,Hybrid DT,-0.15,4.0,474.6862,146.1727,30.7519,0.103,-28.7799,-62.5642,6.2486,-45.5546
NHG,Hybrid DT,-0.15,4.0,75.2711,11.2788,14.8637,0.0307,-41.9782,-50.1756,-30.9255,7.893
NML,Hybrid DT,-0.15,4.0,816.9395,252.1014,28.2257,0.3066,-24.243,-59.0314,11.3299,-20.7002
TLG,Hybrid DT,-0.15,4.0,1307.6404,457.7841,24.2356,0.1661,-27.0762,-58.8791,18.3319,-32.2484
MRC,Hybrid DT,-0.15,4.0,605.407,199.4634,20.7361,0.0348,-30.5463,-64.1966,12.3942,-60.3568
MIL,Hybrid DT,-0.15,4.0,1120.3929,539.5755,15.2273,0.1973,-26.7157,-49.9714,37.7872,-21.2929
PNF,Hybrid DT,-0.15,4.0,1256.2076,611.153,18.9576,0.219,-26.7274,-50.3928,43.0449,-27.113
TRM,Hybrid DT,-0.15,4.0,288.4549,102.6371,17.4435,0.0962,-28.0744,-59.4042,24.3128,-35.2309
SCC,Hybrid DT,-0.15,4.0,171.105,43.1633,15.0511,0.0587,-30.8773,-58.3261,-5.2181,-49.3481
ISB,Hybrid DT,-0.15,4.0,573.9123,216.42,6.2256,0.0972,-30.2766,-57.8271,3.1597,-25.1927
SHA,Hybrid DT,-0.1,0.0,4873.1647,1418.5069,10.2145,0.4579,-12.9316,-13.346,-14.8146,-9.4727
BND,Hybrid DT,-0.1,0.0,6818.2677,1884.6231,11.4836,0.4498,-13.7543,-13.9778,-11.9019,-10.7329
ORO,Hybrid DT,-0.1,0.0,3394.4172,1212.463,21.0047,0.2842,-16.1307,-16.4278,-15.0934,-14.5783
YRS,Hybrid DT,-0.1,0.0,1723.2541,687.7541,43.7637,0.3376,-16.9348,-15.882,-12.244,-17.1571
FOL,Hybrid DT,-0.1,0.0,2062.7468,895.4548,31.0153,0.2069,-18.2952,-16.9049,-15.5124,-22.5873
MKM,Hybrid DT,-0.1,0.0,547.6072,328.8918,22.6484,0.1443,-17.8391,-15.7685,-21.7492,-23.7573
NHG,Hybrid DT,-0.1,0.0,93.9571,16.3441,17.072,0.0187,-27.5743,-27.7992,-20.6631,-34.2759
NML,Hybrid DT,-0.1,0.0,899.7626,519.3409,20.6193,0.331,-16.5626,-15.6027,-18.6718,-14.3937
TLG,Hybrid DT,-0.1,0.0,1509.4404,953.2906,16.7628,0.2014,-15.8223,-14.3698,-18.1545,-17.8454
MRC,Hybrid DT,-0.1,0.0,704.2189,460.299,14.8838,0.0658,-19.2103,-17.3769,-19.3265,-25.0301
MIL,Hybrid DT,-0.1,0.0,1268.9632,908.2063,9.717,0.2037,-16.9978,-15.7925,-12.0743,-18.7556
PNF,Hybrid DT,-0.1,0.0,1441.7095,1049.9717,12.1873,0.2372,-15.9074,-14.7739,-8.0407,-21.0312
TRM,Hybrid DT,-0.1,0.0,328.7972,209.578,11.4024,0.117,-18.0152,-17.1061,-18.7402,-21.1929
SCC,Hybrid DT,-0.1,0.0,199.722,83.3813,14.6151,0.0888,-19.3166,-19.4958,-7.9638,-23.4294
ISB,Hybrid DT,-0.1,0.0,675.6171,419.3175,5.1027,0.1119,-17.9207,-18.2893,-15.4473,-13.831
SHA,Hybrid DT,-0.1,0.5,4876.9343,1362.7773,10.5727,0.4509,-12.8643,-16.7505,-11.8273,-10.851
BND,Hybrid DT,-0.1,0.5,6818.2966,1810.8315,11.8992,0.4415,-13.754,-17.346,-8.7141,-12.3735
ORO,Hybrid DT,-0.1,0.5,3424.3688,1115.6025,22.6156,0.2761,-15.3907,-23.1042,-8.5818,-17.0136
YRS,Hybrid DT,-0.1,0.5,1735.6337,634.2527,46.9962,0.3285,-16.3381,-22.4256,-5.762,-19.3797
FOL,Hybrid DT,-0.1,0.5,2073.533,829.4449,32.6835,0.1972,-17.8679,-23.0303,-10.9682,-26.2047
MKM,Hybrid DT,-0.1,0.5,545.9232,308.4872,25.3914,0.1382,-18.0917,-20.9943,-12.2721,-26.998
NHG,Hybrid DT,-0.1,0.5,93.9083,15.8639,16.9973,0.0204,-27.6119,-29.9205,-21.0101,-28.0745
NML,Hybrid DT,-0.1,0.5,901.2536,492.502,22.0127,0.3344,-16.4243,-19.9643,-13.1758,-13.506
TLG,Hybrid DT,-0.1,0.5,1499.2043,900.3339,18.5981,0.1978,-16.3932,-19.1267,-9.1936,-19.3112
MRC,Hybrid DT,-0.1,0.5,700.7999,431.8451,15.9024,0.0608,-19.6026,-22.4843,-13.8053,-30.7686
MIL,Hybrid DT,-0.1,0.5,1262.55,880.2531,9.9513,0.2072,-17.4173,-18.3843,-9.9543,-17.354
PNF,Hybrid DT,-0.1,0.5,1430.8352,1018.0105,12.4831,0.235,-16.5417,-17.3682,-5.809,-21.7673
TRM,Hybrid DT,-0.1,0.5,328.5051,198.6493,12.5395,0.1178,-18.088,-21.4287,-10.6362,-20.6148
SCC,Hybrid DT,-0.1,0.5,199.5815,77.728,14.7722,0.0829,-19.3734,-24.954,-6.9746,-28.5316
ISB,Hybrid DT,-0.1,0.5,670.8036,396.3669,5.3175,0.1125,-18.5055,-22.7616,-11.8878,-13.4126
SHA,Hybrid DT,-0.1,1.0,4876.2806,1311.7759,10.7099,0.4457,-12.876,-19.866,-10.683,-11.875
BND,Hybrid DT,-0.1,1.0,6813.4858,1744.089,12.2804,0.4346,-13.8148,-20.3924,-5.7897,-13.7533
ORO,Hybrid DT,-0.1,1.0,3447.383,1030.1906,24.7519,0.2689,-14.8221,-28.9914,0.0538,-19.1939
YRS,Hybrid DT,-0.1,1.0,1747.3317,581.1205,50.4496,0.3238,-15.7742,-28.9242,1.1628,-20.5502
FOL,Hybrid DT,-0.1,1.0,2082.3043,766.2336,34.5933,0.1896,-17.5205,-28.8961,-5.766,-29.0514
MKM,Hybrid DT,-0.1,1.0,544.3166,286.6681,27.6331,0.1323,-18.3328,-26.5823,-4.5269,-30.0725
NHG,Hybrid DT,-0.1,1.0,93.6888,15.4193,16.9197,0.0224,-27.7811,-31.8846,-21.3708,-21.0385
NML,Hybrid DT,-0.1,1.0,902.1601,461.7263,23.8228,0.336,-16.3402,-24.9656,-6.0366,-13.105
TLG,Hybrid DT,-0.1,1.0,1488.9591,843.0544,19.7995,0.1959,-16.9645,-24.2719,-3.3277,-20.0977
MRC,Hybrid DT,-0.1,1.0,696.8469,400.5626,17.2514,0.0581,-20.0561,-28.0995,-6.4938,-33.832
MIL,Hybrid DT,-0.1,1.0,1256.962,847.0801,10.1946,0.2086,-17.7828,-21.4601,-7.7521,-16.7795
PNF,Hybrid DT,-0.1,1.0,1420.6857,980.3681,12.2454,0.2364,-17.1337,-20.4237,-7.6019,-21.3137
TRM,Hybrid DT,-0.1,1.0,327.8109,186.0853,13.8118,0.1173,-18.2611,-26.3981,-1.5694,-20.9682
SCC,Hybrid DT,-0.1,1.0,199.2672,72.6685,14.8886,0.0778,-19.5004,-29.8389,-6.2418,-32.9425
ISB,Hybrid DT,-0.1,1.0,666.6994,372.9957,5.4362,0.1131,-19.0041,-27.3158,-9.9211,-12.9398
SHA,Hybrid DT,-0.1,1.5,4872.2185,1265.7627,10.9355,0.4399,-12.9485,-22.6769,-8.8017,-13.0266
BND,Hybrid DT,-0.1,1.5,6802.948,1684.2227,12.6621,0.4273,-13.9481,-23.1249,-2.861,-15.2084
ORO,Hybrid DT,-0.1,1.5,3463.9441,958.007,25.5413,0.2623,-14.4129,-33.9669,3.2449,-21.1531
YRS,Hybrid DT,-0.1,1.5,1756.0405,530.0201,53.604,0.3192,-15.3544,-35.1742,7.4881,-21.6612
FOL,Hybrid DT,-0.1,1.5,2088.239,708.5405,36.2426,0.1842,-17.2854,-34.2499,-1.273,-31.0642
MKM,Hybrid DT,-0.1,1.5,542.4658,263.4998,28.6995,0.1279,-18.6105,-32.5159,-0.8424,-32.3933
NHG,Hybrid DT,-0.1,1.5,93.402,15.0018,16.8923,0.0244,-28.0022,-33.729,-21.4981,-14.0042
NML,Hybrid DT,-0.1,1.5,903.5495,429.8433,25.1039,0.3361,-16.2114,-30.1469,-0.9833,-13.0833
TLG,Hybrid DT,-0.1,1.5,1479.5612,784.5084,21.181,0.1944,-17.4886,-29.5308,3.4176,-20.6911
MRC,Hybrid DT,-0.1,1.5,692.8996,368.5556,18.9454,0.0556,-20.5089,-33.8447,2.6883,-36.666
MIL,Hybrid DT,-0.1,1.5,1252.2606,811.0522,10.7805,0.2135,-18.0903,-24.8005,-2.4509,-14.8314
PNF,Hybrid DT,-0.1,1.5,1411.9731,938.3949,12.4472,0.2372,-17.6419,-23.8306,-6.0793,-21.0435
TRM,Hybrid DT,-0.1,1.5,327.1555,173.52,15.0828,0.1167,-18.4245,-31.3681,7.4888,-21.3551
SCC,Hybrid DT,-0.1,1.5,198.9038,67.4687,15.0806,0.0738,-19.6472,-34.8593,-5.0325,-36.3878
ISB,Hybrid DT,-0.1,1.5,662.3602,349.5396,5.8771,0.1134,-19.5312,-31.8866,-2.6161,-12.7183
SHA,Hybrid DT,-0.1,2.0,4863.2485,1224.74,11.2811,0.4348,-13.1088,-25.1829,-5.9188,-14.0377
BND,Hybrid DT,-0.1,2.0,6786.3056,1631.0964,12.919,0.4208,-14.1586,-25.5498,-0.8903,-16.495
ORO,Hybrid DT,-0.1,2.0,3474.6456,897.2562,25.9627,0.2569,-14.1485,-38.1543,4.9483,-22.7859
YRS,Hybrid DT,-0.1,2.0,1762.144,484.3176,54.5228,0.315,-15.0602,-40.7639,9.3304,-22.7133
FOL,Hybrid DT,-0.1,2.0,2092.152,657.3108,37.4601,0.1774,-17.1304,-39.0038,2.0436,-33.622
MKM,Hybrid DT,-0.1,2.0,540.3322,240.8357,29.6473,0.125,-18.9306,-38.3203,2.432,-33.9519
NHG,Hybrid DT,-0.1,2.0,92.9353,14.6306,16.8728,0.0264,-28.362,-35.3685,-21.5889,-7.1796
NML,Hybrid DT,-0.1,2.0,904.1773,396.7857,26.3026,0.3355,-16.1532,-35.519,3.7446,-13.2391
TLG,Hybrid DT,-0.1,2.0,1470.8789,725.4636,22.954,0.1921,-17.9728,-34.8346,12.0746,-21.6373
MRC,Hybrid DT,-0.1,2.0,689.5239,336.7031,20.0659,0.0508,-20.8962,-39.5622,8.7612,-42.0698
MIL,Hybrid DT,-0.1,2.0,1248.8525,771.53,11.9786,0.2168,-18.3133,-28.465,8.3904,-13.5349
PNF,Hybrid DT,-0.1,2.0,1404.2717,889.3836,14.7649,0.2413,-18.0911,-27.8089,11.4088,-19.6627
TRM,Hybrid DT,-0.1,2.0,326.4189,161.0614,16.4059,0.1154,-18.6082,-36.2958,16.918,-22.2574
SCC,Hybrid DT,-0.1,2.0,198.0338,62.8782,15.089,0.0705,-19.9987,-39.2914,-4.9797,-39.219
ISB,Hybrid DT,-0.1,2.0,657.3964,325.6236,6.1308,0.1128,-20.1343,-36.547,1.5885,-13.1169
SHA,Hybrid DT,-0.1,2.5,4848.6533,1188.7784,11.439,0.4298,-13.3696,-27.3797,-4.6026,-15.0228
BND,Hybrid DT,-0.1,2.5,6762.2432,1584.8733,13.014,0.4139,-14.463,-27.6597,-0.1617,-17.8677
ORO,Hybrid DT,-0.1,2.5,3478.6687,847.5938,26.5099,0.2522,-14.0491,-41.5774,7.16,-24.1939
YRS,Hybrid DT,-0.1,2.5,1765.0398,444.8042,54.8648,0.312,-14.9206,-45.5968,10.0163,-23.4346
FOL,Hybrid DT,-0.1,2.5,2093.4484,611.7645,37.9323,0.1721,-17.0791,-43.2303,3.3297,-35.5905
MKM,Hybrid DT,-0.1,2.5,537.8674,218.4287,30.9445,0.1199,-19.3004,-44.0589,6.9141,-36.6333
NHG,Hybrid DT,-0.1,2.5,92.321,14.2874,16.8298,0.0282,-28.8355,-36.8846,-21.7887,-0.8837
NML,Hybrid DT,-0.1,2.5,904.1115,364.5636,27.2537,0.3319,-16.1593,-40.7554,7.4959,-14.1631
TLG,Hybrid DT,-0.1,2.5,1462.7412,666.9912,24.0839,0.1901,-18.4266,-40.0869,17.5915,-22.4562
MRC,Hybrid DT,-0.1,2.5,686.3887,305.5923,21.2504,0.0468,-21.2558,-45.1466,15.1817,-46.6673
MIL,Hybrid DT,-0.1,2.5,1246.1115,728.6372,12.8816,0.2197,-18.4925,-32.4419,16.5615,-12.3562
PNF,Hybrid DT,-0.1,2.5,1397.843,835.3737,16.32,0.2427,-18.4661,-32.1928,23.1429,-19.1926
TRM,Hybrid DT,-0.1,2.5,325.3493,148.0119,17.0617,0.1141,-18.8749,-41.4572,21.5916,-23.1283
SCC,Hybrid DT,-0.1,2.5,196.863,58.9322,15.2051,0.068,-20.4716,-43.1013,-4.2487,-41.3705
ISB,Hybrid DT,-0.1,2.5,652.4384,302.7995,6.3412,0.1112,-20.7366,-40.9947,5.0749,-14.3764
SHA,Hybrid DT,-0.1,3.0,4827.0373,1157.7002,11.6186,0.425,-13.7558,-29.2782,-3.1047,-15.9606
BND,Hybrid DT,-0.1,3.0,6730.3428,1544.2069,13.0682,0.4071,-14.8665,-29.5158,0.2543,-19.2027
ORO,Hybrid DT,-0.1,3.0,3476.0457,806.1436,26.5068,0.2475,-14.1139,-44.4345,7.1478,-25.6226
YRS,Hybrid DT,-0.1,3.0,1765.2102,412.2832,54.8822,0.3094,-14.9124,-49.5743,10.0511,-24.0805
FOL,Hybrid DT,-0.1,3.0,2091.4707,572.3064,37.8538,0.1662,-17.1574,-46.8919,3.1159,-37.7951
MKM,Hybrid DT,-0.1,3.0,535.1723,197.2444,31.7523,0.1163,-19.7048,-49.4843,9.7051,-38.5408
NHG,Hybrid DT,-0.1,3.0,91.5035,13.9619,16.7986,0.0297,-29.4657,-38.3225,-21.9339,4.5797
NML,Hybrid DT,-0.1,3.0,903.5012,333.2677,27.9358,0.3313,-16.2159,-45.8412,10.1864,-14.3175
TLG,Hybrid DT,-0.1,3.0,1455.0986,609.287,25.1865,0.1874,-18.8528,-45.2702,22.9749,-23.5505
MRC,Hybrid DT,-0.1,3.0,683.8123,275.9113,21.6315,0.0433,-21.5514,-50.4743,17.2474,-50.7162
MIL,Hybrid DT,-0.1,3.0,1243.0284,683.6531,14.2233,0.2206,-18.6942,-36.6128,28.7023,-12.0048
PNF,Hybrid DT,-0.1,3.0,1390.9899,780.6928,18.4314,0.2437,-18.8658,-36.6313,39.0742,-18.8861
TRM,Hybrid DT,-0.1,3.0,324.2649,136.0633,17.8746,0.1113,-19.1453,-46.1832,27.3851,-25.033
SCC,Hybrid DT,-0.1,3.0,195.5728,55.1076,15.4067,0.0657,-20.9929,-46.7939,-2.9789,-43.3353
ISB,Hybrid DT,-0.1,3.0,647.8573,281.3533,6.463,0.1092,-21.2932,-45.1738,7.0924,-15.935
SHA,Hybrid DT,-0.1,3.5,4800.2923,1130.5209,11.6842,0.4207,-14.2336,-30.9386,-2.5576,-16.8216
BND,Hybrid DT,-0.1,3.5,6692.9713,1508.7455,13.06,0.4019,-15.3392,-31.1345,0.1912,-20.2494
ORO,Hybrid DT,-0.1,3.5,3466.8273,771.503,26.5497,0.2441,-14.3416,-46.8222,7.3209,-26.6287
YRS,Hybrid DT,-0.1,3.5,1763.2509,385.6531,54.788,0.3077,-15.0069,-52.8314,9.8621,-24.5033
FOL,Hybrid DT,-0.1,3.5,2086.9815,538.2671,37.8118,0.1613,-17.3352,-50.0507,3.0015,-39.6275
MKM,Hybrid DT,-0.1,3.5,531.8166,177.632,33.023,0.1149,-20.2082,-54.5072,14.0951,-39.2816
NHG,Hybrid DT,-0.1,3.5,90.6448,13.6796,16.7539,0.0313,-30.1276,-39.57,-22.1412,10.0722
NML,Hybrid DT,-0.1,3.5,902.2641,303.5124,28.904,0.33,-16.3306,-50.6767,14.0051,-14.6553
TLG,Hybrid DT,-0.1,3.5,1446.8013,552.1431,25.8378,0.1839,-19.3155,-50.4032,26.1549,-24.9978
MRC,Hybrid DT,-0.1,3.5,681.4714,248.1418,22.0955,0.0405,-21.82,-55.4589,19.7623,-53.8529
MIL,Hybrid DT,-0.1,3.5,1240.2161,638.5279,15.6184,0.2199,-18.8782,-40.7967,41.3258,-12.3035
PNF,Hybrid DT,-0.1,3.5,1384.534,726.0189,19.8254,0.2412,-19.2424,-41.0691,49.5929,-19.6926
TRM,Hybrid DT,-0.1,3.5,322.7735,125.3377,18.4318,0.1096,-19.5172,-50.4255,31.3558,-26.1508
SCC,Hybrid DT,-0.1,3.5,194.066,51.8211,15.5814,0.0645,-21.6016,-49.967,-1.8791,-44.3946
ISB,Hybrid DT,-0.1,3.5,643.4335,261.4294,6.63,0.1065,-21.8306,-49.0563,9.8609,-17.9871
SHA,Hybrid DT,-0.1,4.0,4770.006,1106.9284,11.7215,0.4162,-14.7747,-32.3798,-2.2465,-17.7049
BND,Hybrid DT,-0.1,4.0,6651.2312,1477.7892,13.0493,0.3968,-15.8672,-32.5474,0.1097,-21.2609
ORO,Hybrid DT,-0.1,4.0,3453.1651,741.6542,27.0202,0.2403,-14.6792,-48.8796,9.2232,-27.7694
YRS,Hybrid DT,-0.1,4.0,1758.8227,364.1992,54.6976,0.3059,-15.2203,-55.4554,9.6808,-24.9343
FOL,Hybrid DT,-0.1,4.0,2079.999,508.9407,37.8089,0.1569,-17.6118,-52.772,2.9937,-41.2677
MKM,Hybrid DT,-0.1,4.0,528.2868,161.0111,33.976,0.1148,-20.7378,-58.7639,17.3879,-39.3546
NHG,Hybrid DT,-0.1,4.0,89.7405,13.4095,16.7108,0.0329,-30.8246,-40.7628,-22.3418,15.7909
NML,Hybrid DT,-0.1,4.0,900.0134,277.2046,30.6809,0.3265,-16.5393,-54.9519,21.0137,-15.5471
TLG,Hybrid DT,-0.1,4.0,1438.7371,500.6345,26.6651,0.1795,-19.7653,-55.03,30.194,-26.7591
MRC,Hybrid DT,-0.1,4.0,679.1576,222.44,23.0127,0.0377,-22.0854,-60.0723,24.7337,-56.9907
MIL,Hybrid DT,-0.1,4.0,1237.2385,592.7975,16.9476,0.2152,-19.0729,-45.0368,53.353,-14.1755
PNF,Hybrid DT,-0.1,4.0,1379.5717,670.5029,20.9329,0.2393,-19.5318,-45.5754,57.9491,-20.3479
TRM,Hybrid DT,-0.1,4.0,321.4093,114.7434,18.8576,0.1087,-19.8573,-54.6158,34.3905,-26.7835
SCC,Hybrid DT,-0.1,4.0,192.4763,48.9867,15.7058,0.0641,-22.2438,-52.7036,-1.0957,-44.7174
ISB,Hybrid DT,-0.1,4.0,638.8487,242.6572,6.7413,0.1036,-22.3876,-52.7144,11.7041,-20.271
SHA,Hybrid DT,-0.05,0.0,5231.5541,1526.1078,11.1221,0.4814,-6.5283,-6.7729,-7.2448,-4.8144
BND,Hybrid DT,-0.05,0.0,7357.4138,2035.7927,12.2767,0.4767,-6.9346,-7.0778,-5.8181,-5.4035
ORO,Hybrid DT,-0.05,0.0,3718.4262,1330.8287,22.8145,0.3074,-8.1251,-8.2692,-7.7776,-7.6036
YRS,Hybrid DT,-0.05,0.0,1898.6796,752.9795,46.9204,0.3708,-8.4789,-7.9044,-5.9142,-9.0095
FOL,Hybrid DT,-0.05,0.0,2292.1213,986.6979,33.7576,0.2352,-9.2097,-8.4378,-8.0424,-11.9888
MKM,Hybrid DT,-0.05,0.0,606.7486,359.9249,25.6434,0.1655,-8.9657,-7.8207,-11.4014,-12.552
NHG,Hybrid DT,-0.05,0.0,111.1365,19.4045,19.2682,0.0226,-14.3318,-14.2798,-10.4568,-20.5064
NML,Hybrid DT,-0.05,0.0,988.5703,567.4796,23.1695,0.3582,-8.3272,-7.7798,-8.6132,-7.3547
TLG,Hybrid DT,-0.05,0.0,1650.589,1033.9086,18.5415,0.2218,-7.9508,-7.1282,-9.4698,-9.5214
MRC,Hybrid DT,-0.05,0.0,786.9979,508.7987,16.7027,0.0758,-9.7137,-8.6713,-9.4679,-13.6007
MIL,Hybrid DT,-0.05,0.0,1397.6648,993.6184,10.3872,0.2269,-8.5795,-7.8733,-6.0093,-9.51
PNF,Hybrid DT,-0.05,0.0,1577.2392,1141.4984,12.8123,0.2672,-8.0022,-7.3447,-3.3249,-11.0605
TRM,Hybrid DT,-0.05,0.0,364.4951,231.1772,12.8206,0.1316,-9.114,-8.5631,-8.633,-11.3287
SCC,Hybrid DT,-0.05,0.0,223.3779,93.3777,15.349,0.1013,-9.7602,-9.8444,-3.3422,-12.6534
ISB,Hybrid DT,-0.05,0.0,748.4193,465.99,5.5587,0.1206,-9.0761,-9.1944,-7.8905,-7.133
SHA,Hybrid DT,-0.05,0.5,5237.4944,1464.1847,11.4139,0.4729,-6.4222,-10.5557,-4.8113,-6.4978
BND,Hybrid DT,-0.05,0.5,7360.7538,1954.3973,12.7448,0.4673,-6.8923,-10.793,-2.2269,-7.2592
ORO,Hybrid DT,-0.05,0.5,3749.5963,1222.8342,24.393,0.2976,-7.355,-15.713,-1.3969,-10.5621
YRS,Hybrid DT,-0.05,0.5,1910.5968,694.2537,50.4234,0.3609,-7.9044,-15.087,1.1102,-11.4295
FOL,Hybrid DT,-0.05,0.5,2301.4811,913.1584,35.3905,0.224,-8.839,-15.262,-3.5941,-16.1601
MKM,Hybrid DT,-0.05,0.5,604.5457,337.3513,28.2272,0.159,-9.2962,-13.602,-2.4742,-15.9669
NHG,Hybrid DT,-0.05,0.5,110.9852,18.8394,19.0746,0.0244,-14.4484,-16.7761,-11.3566,-14.2539
NML,Hybrid DT,-0.05,0.5,989.5328,537.9305,24.5819,0.3603,-8.2379,-12.5818,-3.0422,-6.8211
TLG,Hybrid DT,-0.05,0.5,1639.884,976.5794,20.7523,0.2169,-8.5478,-12.2778,1.3245,-11.5159
MRC,Hybrid DT,-0.05,0.5,782.7533,477.015,17.8406,0.0703,-10.2007,-14.3764,-3.2999,-19.941
MIL,Hybrid DT,-0.05,0.5,1390.4825,962.699,10.5578,0.2298,-9.0493,-10.7401,-4.4656,-8.343
PNF,Hybrid DT,-0.05,0.5,1565.6903,1107.4756,12.9723,0.2636,-8.6758,-10.1064,-2.1177,-12.251
TRM,Hybrid DT,-0.05,0.5,364.1042,219.1843,13.8208,0.1332,-9.2115,-13.3066,-1.5051,-10.2861
SCC,Hybrid DT,-0.05,0.5,223.0526,87.0627,15.4894,0.0958,-9.8916,-15.9414,-2.4581,-17.3593
ISB,Hybrid DT,-0.05,0.5,743.5035,441.0369,5.7699,0.1213,-9.6733,-14.0569,-4.3922,-6.622
SHA,Hybrid DT,-0.05,1.0,5239.9143,1408.2853,11.5853,0.4666,-6.3789,-13.9705,-3.3824,-7.7483
BND,Hybrid DT,-0.05,1.0,7359.654,1881.5683,13.0771,0.4592,-6.9062,-14.1172,0.3225,-8.8624
ORO,Hybrid DT,-0.05,1.0,3773.9206,1127.7091,26.7487,0.289,-6.754,-22.2697,8.1255,-13.1373
YRS,Hybrid DT,-0.05,1.0,1921.5883,635.6338,54.1086,0.3541,-7.3746,-22.2567,8.4999,-13.0968
FOL,Hybrid DT,-0.05,1.0,2309.5404,843.2607,37.0788,0.2146,-8.5197,-21.7483,1.0047,-19.6804
MKM,Hybrid DT,-0.05,1.0,602.4969,313.3225,30.6301,0.1511,-9.6036,-19.7559,5.8276,-20.1538
NHG,Hybrid DT,-0.05,1.0,110.7131,18.3229,18.9463,0.0263,-14.6582,-19.058,-11.9531,-7.584
NML,Hybrid DT,-0.05,1.0,989.8463,504.1138,26.5009,0.3608,-8.2089,-18.0773,4.5268,-6.6871
TLG,Hybrid DT,-0.05,1.0,1629.0049,914.4997,22.0024,0.215,-9.1545,-17.8542,7.4284,-12.3093
MRC,Hybrid DT,-0.05,1.0,777.7604,442.0673,19.4561,0.0658,-10.7735,-20.6495,5.456,-25.081
MIL,Hybrid DT,-0.05,1.0,1384.1103,926.1861,11.1242,0.2312,-9.4661,-14.1255,0.6588,-7.7809
PNF,Hybrid DT,-0.05,1.0,1554.7297,1066.8204,12.8806,0.2641,-9.3151,-13.4063,-2.8095,-12.0872
TRM,Hybrid DT,-0.05,1.0,363.2839,205.3804,15.2008,0.1329,-9.416,-18.7664,8.3294,-10.4657
SCC,Hybrid DT,-0.05,1.0,222.5099,81.405,15.5167,0.09,-10.1108,-21.404,-2.2866,-22.386
ISB,Hybrid DT,-0.05,1.0,738.9865,415.314,5.9753,0.1218,-10.2221,-19.0694,-0.9888,-6.2395
SHA,Hybrid DT,-0.05,1.5,5237.8439,1357.5515,11.8215,0.4603,-6.4159,-17.0697,-1.4125,-8.9869
BND,Hybrid DT,-0.05,1.5,7352.3995,1816.3586,13.4918,0.452,-6.998,-17.0937,3.5044,-10.2911
ORO,Hybrid DT,-0.05,1.5,3791.4281,1047.2714,27.6107,0.2818,-6.3214,-27.8141,11.6098,-15.2997
YRS,Hybrid DT,-0.05,1.5,1930.0411,579.6771,56.7485,0.3485,-6.9672,-29.1007,13.7935,-14.4715
FOL,Hybrid DT,-0.05,1.5,2314.3036,779.3347,38.8024,0.208,-8.3311,-27.6804,5.7,-22.1774
MKM,Hybrid DT,-0.05,1.5,600.0429,287.8442,31.7269,0.1454,-9.9718,-26.2811,9.6173,-23.143
NHG,Hybrid DT,-0.05,1.5,110.2743,17.8154,18.8422,0.0282,-14.9964,-21.2998,-12.4367,-0.878
NML,Hybrid DT,-0.05,1.5,990.4933,469.139,26.9,0.3592,-8.1489,-23.761,6.1009,-7.1047
TLG,Hybrid DT,-0.05,1.5,1618.666,851.0262,23.3217,0.2125,-9.7311,-23.5558,13.87,-13.3217
MRC,Hybrid DT,-0.05,1.5,772.9598,406.5709,20.9504,0.063,-11.3242,-27.021,13.5556,-28.2232
MIL,Hybrid DT,-0.05,1.5,1378.4785,886.4956,12.1683,0.2355,-9.8345,-17.8055,10.1066,-6.0854
PNF,Hybrid DT,-0.05,1.5,1545.0521,1021.4,13.8739,0.2647,-9.8796,-17.0931,4.6859,-11.8947
TRM,Hybrid DT,-0.05,1.5,362.2911,191.6429,16.3089,0.1321,-9.6636,-24.2,16.2265,-10.9951
SCC,Hybrid DT,-0.05,1.5,221.945,75.6187,15.6629,0.0851,-10.3391,-26.9905,-1.3658,-26.6083
ISB,Hybrid DT,-0.05,1.5,734.2481,389.3715,6.4053,0.122,-10.7977,-24.1247,6.1377,-6.0513
SHA,Hybrid DT,-0.05,2.0,5230.5214,1312.4528,12.1814,0.4553,-6.5468,-19.8247,1.5888,-9.9837
BND,Hybrid DT,-0.05,2.0,7338.3455,1758.5226,13.8214,0.4443,-7.1758,-19.7336,6.0325,-11.8286
ORO,Hybrid DT,-0.05,2.0,3803.3313,979.9007,28.0775,0.2762,-6.0273,-32.4578,13.4968,-16.9842
YRS,Hybrid DT,-0.05,2.0,1935.9502,529.5511,57.8155,0.344,-6.6823,-35.2315,15.9329,-15.5768
FOL,Hybrid DT,-0.05,2.0,2317.4762,722.8351,40.2231,0.2014,-8.2054,-32.9234,9.57,-24.6292
MKM,Hybrid DT,-0.05,2.0,597.2484,263.037,32.2884,0.1412,-10.3911,-32.6344,11.5572,-25.3787
NHG,Hybrid DT,-0.05,2.0,109.6853,17.3656,18.7824,0.03,-15.4504,-23.2866,-12.7146,5.3525
NML,Hybrid DT,-0.05,2.0,990.4794,433.0243,28.2852,0.3584,-8.1501,-29.6299,11.5646,-7.3161
TLG,Hybrid DT,-0.05,2.0,1609.0729,787.0194,25.3625,0.2093,-10.2661,-29.3053,23.8341,-14.6134
MRC,Hybrid DT,-0.05,2.0,768.623,371.3091,21.9304,0.0577,-11.8217,-33.3505,18.8673,-34.2902
MIL,Hybrid DT,-0.05,2.0,1373.9496,842.8003,13.1714,0.239,-10.1307,-21.8569,19.1835,-4.6683
PNF,Hybrid DT,-0.05,2.0,1536.4749,968.4219,16.4436,0.2672,-10.3799,-21.3933,24.0754,-11.0411
TRM,Hybrid DT,-0.05,2.0,361.3505,178.046,17.7085,0.1316,-9.8981,-29.5779,26.2011,-11.3834
SCC,Hybrid DT,-0.05,2.0,220.9396,70.5299,15.7506,0.081,-10.7452,-31.9037,-0.8134,-30.1643
ISB,Hybrid DT,-0.05,2.0,728.6353,362.762,6.6733,0.1214,-11.4796,-29.31,10.5772,-6.5382
SHA,Hybrid DT,-0.05,2.5,5217.8871,1273.1995,12.308,0.45,-6.7725,-22.2226,2.6448,-11.0195
BND,Hybrid DT,-0.05,2.5,7316.6914,1708.1447,13.9166,0.4376,-7.4497,-22.033,6.7627,-13.147
ORO,Hybrid DT,-0.05,2.5,3808.1504,925.1113,28.5465,0.2703,-5.9082,-36.2343,15.3928,-18.7471
YRS,Hybrid DT,-0.05,2.5,1938.9521,486.4003,58.3932,0.3402,-6.5376,-40.5092,17.0913,-16.5085
FOL,Hybrid DT,-0.05,2.5,2317.9362,672.696,40.6202,0.1946,-8.1872,-37.5761,10.6519,-27.1944
MKM,Hybrid DT,-0.05,2.5,594.247,238.5773,33.8228,0.1354,-10.8414,-38.8987,16.8587,-28.4285
NHG,Hybrid DT,-0.05,2.5,108.9425,16.9485,18.7274,0.0317,-16.023,-25.1295,-12.9702,11.5873
NML,Hybrid DT,-0.05,2.5,989.8712,397.927,29.1389,0.3542,-8.2066,-35.3335,14.9317,-8.3977
TLG,Hybrid DT,-0.05,2.5,1599.7404,723.6628,26.3174,0.2067,-10.7865,-34.9963,28.4967,-15.6619
MRC,Hybrid DT,-0.05,2.5,764.594,337.1275,22.923,0.0528,-12.2839,-39.486,24.2478,-39.8603
MIL,Hybrid DT,-0.05,2.5,1370.1813,795.5707,14.6513,0.2413,-10.3772,-26.2359,32.5745,-3.7447
PNF,Hybrid DT,-0.05,2.5,1528.365,909.5696,18.0119,0.2692,-10.8529,-26.1704,35.9091,-10.3975
TRM,Hybrid DT,-0.05,2.5,359.9474,163.6734,18.3175,0.1286,-10.248,-35.2627,30.5413,-13.4042
SCC,Hybrid DT,-0.05,2.5,219.4909,66.0726,15.8039,0.0779,-11.3305,-36.2073,-0.4775,-32.7957
ISB,Hybrid DT,-0.05,2.5,722.7193,337.2422,6.8021,0.1192,-12.1983,-34.283,12.7118,-8.2017
SHA,Hybrid DT,-0.05,3.0,5198.4827,1239.451,12.4626,0.4447,-7.1192,-24.2842,3.9344,-12.0651
BND,Hybrid DT,-0.05,3.0,7286.6779,1664.1734,13.977,0.4313,-7.8293,-24.0401,7.2263,-14.4155
ORO,Hybrid DT,-0.05,3.0,3806.4713,879.5903,28.4621,0.2651,-5.9497,-39.372,15.0515,-20.3351
YRS,Hybrid DT,-0.05,3.0,1939.0772,450.5579,58.4234,0.3378,-6.5316,-44.893,17.1521,-17.0996
FOL,Hybrid DT,-0.05,3.0,2315.2093,629.5631,40.8144,0.1889,-8.2952,-41.5787,11.1807,-29.316
MKM,Hybrid DT,-0.05,3.0,590.9682,215.4967,34.7333,0.131,-11.3334,-44.8098,20.0043,-30.7654
NHG,Hybrid DT,-0.05,3.0,107.9754,16.5476,18.6696,0.0333,-16.7685,-26.9003,-13.2386,17.2918
NML,Hybrid DT,-0.05,3.0,988.6584,363.7795,29.755,0.3524,-8.319,-40.8828,17.3618,-8.8618
TLG,Hybrid DT,-0.05,3.0,1590.8262,661.0607,27.3936,0.2041,-11.2836,-40.6196,33.7512,-16.7234
MRC,Hybrid DT,-0.05,3.0,761.2638,304.5626,23.2949,0.0482,-12.666,-45.3314,26.2632,-45.0553
MIL,Hybrid DT,-0.05,3.0,1365.9526,746.1799,15.9716,0.2422,-10.6538,-30.8154,44.5218,-3.3963
PNF,Hybrid DT,-0.05,3.0,1520.0302,850.2261,20.2056,0.2689,-11.3391,-30.9873,52.4617,-10.4756
TRM,Hybrid DT,-0.05,3.0,358.6174,150.5664,19.0562,0.1268,-10.5796,-40.4469,35.8057,-14.5669
SCC,Hybrid DT,-0.05,3.0,217.9914,61.8195,15.9563,0.0749,-11.9362,-40.3136,0.4818,-35.402
ISB,Hybrid DT,-0.05,3.0,717.3101,313.2042,6.899,0.1173,-12.8555,-38.9672,14.3177,-9.673
SHA,Hybrid DT,-0.05,3.5,5172.4054,1209.9434,12.5034,0.4401,-7.5851,-26.0868,4.2748,-12.9828
BND,Hybrid DT,-0.05,3.5,7251.0682,1626.3234,13.9766,0.425,-8.2798,-25.7677,7.223,-15.6652
ORO,Hybrid DT,-0.05,3.5,3798.0956,841.9766,28.7681,0.261,-6.1566,-41.9646,16.2883,-21.5581
YRS,Hybrid DT,-0.05,3.5,1936.7227,421.309,58.5194,0.3352,-6.6451,-48.4704,17.3445,-17.7356
FOL,Hybrid DT,-0.05,3.5,2310.0516,592.3924,40.8284,0.1824,-8.4995,-45.028,11.219,-31.7542
MKM,Hybrid DT,-0.05,3.5,587.0883,194.1257,36.0466,0.129,-11.9155,-50.2831,24.5418,-31.8367
NHG,Hybrid DT,-0.05,3.5,106.9842,16.2012,18.6095,0.035,-17.5325,-28.4305,-13.5182,23.0444
NML,Hybrid DT,-0.05,3.5,986.9658,331.3216,31.1604,0.3505,-8.476,-46.1575,22.9049,-9.363
TLG,Hybrid DT,-0.05,3.5,1581.499,599.4817,28.3815,0.2,-11.8038,-46.151,38.5749,-18.4019
MRC,Hybrid DT,-0.05,3.5,758.3337,274.1434,23.9881,0.0445,-13.0021,-50.7916,30.0206,-49.2385
MIL,Hybrid DT,-0.05,3.5,1361.7772,696.5983,17.2648,0.2401,-10.9269,-35.4125,56.2234,-4.2302
PNF,Hybrid DT,-0.05,3.5,1511.9223,790.7062,21.6485,0.2647,-11.812,-35.8185,63.3487,-11.8876
TRM,Hybrid DT,-0.05,3.5,356.8971,138.7771,19.6652,0.1247,-11.0086,-45.1099,40.1459,-16.0216
SCC,Hybrid DT,-0.05,3.5,216.3159,58.1922,16.0844,0.0731,-12.6131,-43.8158,1.2886,-36.9616
ISB,Hybrid DT,-0.05,3.5,711.978,290.9707,7.0775,0.1141,-13.5033,-43.2997,17.2748,-12.1702
SHA,Hybrid DT,-0.05,4.0,5142.5686,1184.4523,12.5372,0.4353,-8.1182,-27.644,4.5561,-13.9368
BND,Hybrid DT,-0.05,4.0,7210.0349,1593.0225,13.9737,0.4195,-8.7988,-27.2877,7.2009,-16.7496
ORO,Hybrid DT,-0.05,4.0,3784.8544,809.4676,28.9686,0.2578,-6.4838,-44.2053,17.0987,-22.5298
YRS,Hybrid DT,-0.05,4.0,1932.4035,397.9842,58.8042,0.3329,-6.8533,-51.3232,17.9157,-18.3037
FOL,Hybrid DT,-0.05,4.0,2302.5933,560.4827,40.813,0.1777,-8.7949,-47.9891,11.1769,-33.4902
MKM,Hybrid DT,-0.05,4.0,583.1044,176.0391,36.9177,0.1283,-12.5132,-54.9152,27.5515,-32.1972
NHG,Hybrid DT,-0.05,4.0,105.9025,15.8568,18.5464,0.0364,-18.3663,-29.952,-13.8115,28.1597
NML,Hybrid DT,-0.05,4.0,984.365,302.5542,32.6459,0.3465,-8.7172,-50.8324,28.7644,-10.3986
TLG,Hybrid DT,-0.05,4.0,1572.3803,543.6773,29.228,0.195,-12.3123,-51.1637,42.7076,-20.446
MRC,Hybrid DT,-0.05,4.0,755.5068,246.0215,25.452,0.0416,-13.3265,-55.8395,37.9552,-52.6382
MIL,Hybrid DT,-0.05,4.0,1357.5916,646.6769,18.6076,0.2351,-11.2007,-40.0411,68.3739,-6.2162
PNF,Hybrid DT,-0.05,4.0,1505.3435,730.3919,22.8244,0.2613,-12.1957,-40.7142,72.2216,-13.0241
TRM,Hybrid DT,-0.05,4.0,355.353,127.1683,20.082,0.1231,-11.3936,-49.7014,43.1157,-17.0845
SCC,Hybrid DT,-0.05,4.0,214.5006,55.0243,16.12,0.0721,-13.3464,-46.8744,1.5131,-37.7937
ISB,Hybrid DT,-0.05,4.0,706.5952,270.0117,7.1954,0.1108,-14.1572,-47.3839,19.2289,-14.6953
SHA,Hybrid DT,-0.0,0.0,5596.9397,1636.9787,11.9909,0.5058,0.0,0.0,0.0,0.0
BND,Hybrid DT,-0.0,0.0,7905.6363,2190.8569,13.035,0.5039,0.0,0.0,0.0,0.0
ORO,Hybrid DT,-0.0,0.0,4047.272,1450.7979,24.7386,0.3327,0.0,0.0,0.0,0.0
YRS,Hybrid DT,-0.0,0.0,2074.5806,817.6062,49.8697,0.4075,0.0,0.0,0.0,0.0
FOL,Hybrid DT,-0.0,0.0,2524.632,1077.6258,36.7099,0.2672,0.0,0.0,0.0,0.0
MKM,Hybrid DT,-0.0,0.0,666.5056,390.4619,28.9434,0.1892,0.0,0.0,0.0,0.0
NHG,Hybrid DT,-0.0,0.0,129.729,22.637,21.5184,0.0284,0.0,0.0,0.0,0.0
NML,Hybrid DT,-0.0,0.0,1078.368,615.3528,25.3532,0.3867,0.0,0.0,0.0,0.0
TLG,Hybrid DT,-0.0,0.0,1793.1596,1113.2643,20.481,0.2451,0.0,0.0,0.0,0.0
MRC,Hybrid DT,-0.0,0.0,871.6694,557.107,18.4495,0.0878,0.0,0.0,0.0,0.0
MIL,Hybrid DT,-0.0,0.0,1528.8314,1078.5344,11.0513,0.2507,0.0,0.0,0.0,0.0
PNF,Hybrid DT,-0.0,0.0,1714.4308,1231.9843,13.2529,0.3004,0.0,0.0,0.0,0.0
TRM,Hybrid DT,-0.0,0.0,401.0465,252.827,14.032,0.1485,0.0,0.0,0.0,0.0
SCC,Hybrid DT,-0.0,0.0,247.5381,103.5739,15.8798,0.116,0.0,0.0,0.0,0.0
ISB,Hybrid DT,-0.0,0.0,823.127,513.1732,6.0349,0.1299,0.0,0.0,0.0,0.0
SHA,Hybrid DT,-0.0,0.5,5605.7784,1568.8188,12.2868,0.496,0.1579,-4.1638,2.4681,-1.9385
BND,Hybrid DT,-0.0,0.5,7913.0317,2101.8459,13.5571,0.4937,0.0935,-4.0628,4.0053,-2.0308
ORO,Hybrid DT,-0.0,0.5,4079.9462,1331.765,26.2154,0.3202,0.8073,-8.2046,5.9697,-3.7584
YRS,Hybrid DT,-0.0,0.5,2086.1111,753.7329,53.9378,0.3957,0.5558,-7.8122,8.1574,-2.8884
FOL,Hybrid DT,-0.0,0.5,2532.8331,996.9008,38.2633,0.2541,0.3248,-7.491,4.2315,-4.9226
MKM,Hybrid DT,-0.0,0.5,663.9368,365.8197,30.619,0.1814,-0.3854,-6.311,5.7895,-4.1245
NHG,Hybrid DT,-0.0,0.5,129.5215,21.9869,21.3377,0.0299,-0.1599,-2.872,-0.8397,5.0495
NML,Hybrid DT,-0.0,0.5,1078.7077,583.2673,26.8963,0.3869,0.0315,-5.2142,6.0864,0.0699
TLG,Hybrid DT,-0.0,0.5,1781.9328,1051.711,22.6235,0.2393,-0.6261,-5.5291,10.4609,-2.3769
MRC,Hybrid DT,-0.0,0.5,866.5588,522.0444,19.7658,0.0812,-0.5863,-6.2937,7.1347,-7.5208
MIL,Hybrid DT,-0.0,0.5,1521.0313,1044.7674,11.3371,0.2535,-0.5102,-3.1308,2.5853,1.101
PNF,Hybrid DT,-0.0,0.5,1702.1136,1195.8933,13.3709,0.2949,-0.7184,-2.9295,0.8901,-1.8309
TRM,Hybrid DT,-0.0,0.5,400.5269,239.7889,14.9471,0.1505,-0.1296,-5.1569,6.5217,1.3651
SCC,Hybrid DT,-0.0,0.5,247.0691,96.6352,15.89,0.1104,-0.1895,-6.6992,0.0642,-4.7692
ISB,Hybrid DT,-0.0,0.5,818.0897,486.1812,6.2324,0.1309,-0.612,-5.2598,3.2725,0.78
SHA,Hybrid DT,-0.0,1.0,5610.5214,1507.5412,12.5531,0.4885,0.2427,-7.9071,4.689,-3.423
BND,Hybrid DT,-0.0,1.0,7915.1418,2022.6225,13.8545,0.485,0.1202,-7.6789,6.2868,-3.7537
ORO,Hybrid DT,-0.0,1.0,4105.5851,1226.869,28.5832,0.3105,1.4408,-15.4349,15.5411,-6.6716
YRS,Hybrid DT,-0.0,1.0,2096.6012,689.9675,57.1225,0.3869,1.0615,-15.6113,14.5434,-5.0583
FOL,Hybrid DT,-0.0,1.0,2540.1847,920.5017,39.9432,0.2435,0.616,-14.5806,8.8077,-8.8767
MKM,Hybrid DT,-0.0,1.0,661.4143,339.661,32.6905,0.1718,-0.7639,-13.0105,12.9465,-9.1994
NHG,Hybrid DT,-0.0,1.0,129.1852,21.3941,21.2101,0.0317,-0.4192,-5.4907,-1.4326,11.4726
NML,Hybrid DT,-0.0,1.0,1078.3038,546.4593,28.4791,0.3867,-0.006,-11.1958,12.3292,0.0182
TLG,Hybrid DT,-0.0,1.0,1770.3627,984.9906,24.167,0.2355,-1.2713,-11.5223,17.997,-3.9226
MRC,Hybrid DT,-0.0,1.0,860.6601,483.5747,21.4864,0.0758,-1.263,-13.1989,16.4607,-13.6494
MIL,Hybrid DT,-0.0,1.0,1514.1455,1005.0684,12.3855,0.256,-0.9606,-6.8116,12.0727,2.0941
PNF,Hybrid DT,-0.0,1.0,1690.5177,1152.4652,13.6621,0.2939,-1.3948,-6.4546,3.0878,-2.1505
TRM,Hybrid DT,-0.0,1.0,399.5483,224.8172,16.43,0.1503,-0.3736,-11.0786,17.0899,1.272
SCC,Hybrid DT,-0.0,1.0,246.2905,90.365,15.9256,0.1043,-0.504,-12.7531,0.2886,-10.0348
ISB,Hybrid DT,-0.0,1.0,813.2759,458.2195,6.4424,0.1312,-1.1968,-10.7086,6.7522,1.0357
SHA,Hybrid DT,-0.0,1.5,5610.9333,1452.1525,12.6927,0.482,0.25,-11.2907,5.8533,-4.7062
BND,Hybrid DT,-0.0,1.5,7910.4213,1951.7914,14.2686,0.4774,0.0605,-10.912,9.4636,-5.2648
ORO,Hybrid DT,-0.0,1.5,4124.2659,1138.1958,29.554,0.3027,1.9024,-21.5469,19.4653,-9.0331
YRS,Hybrid DT,-0.0,1.5,2104.6472,629.2592,59.6014,0.3798,1.4493,-23.0364,19.5141,-6.7942
FOL,Hybrid DT,-0.0,1.5,2544.1491,850.6716,41.2435,0.2339,0.7731,-21.0606,12.3497,-12.4857
MKM,Hybrid DT,-0.0,1.5,658.3381,311.9561,34.3056,0.1662,-1.2254,-20.1059,18.5268,-12.1688
NHG,Hybrid DT,-0.0,1.5,128.6746,20.8155,21.0789,0.0336,-0.8127,-8.0465,-2.0422,18.0628
NML,Hybrid DT,-0.0,1.5,1078.2102,508.4645,29.1643,0.3834,-0.0146,-17.3703,15.032,-0.8406
TLG,Hybrid DT,-0.0,1.5,1759.2897,916.9084,25.7604,0.2327,-1.8888,-17.6378,25.7772,-5.089
MRC,Hybrid DT,-0.0,1.5,855.0393,444.711,22.5854,0.0723,-1.9078,-20.1749,22.4179,-17.6669
MIL,Hybrid DT,-0.0,1.5,1507.6025,961.7612,13.541,0.2598,-1.3886,-10.827,22.5281,3.629
PNF,Hybrid DT,-0.0,1.5,1679.953,1103.7875,15.3831,0.295,-2.011,-10.4057,16.0731,-1.8037
TRM,Hybrid DT,-0.0,1.5,398.1524,209.8911,17.4609,0.1491,-0.7216,-16.9823,24.4365,0.4196
SCC,Hybrid DT,-0.0,1.5,245.5131,84.004,16.0347,0.0986,-0.8181,-18.8946,0.9758,-15.0069
ISB,Hybrid DT,-0.0,1.5,808.0087,429.6499,6.8817,0.1314,-1.8367,-16.2758,14.0305,1.1948
SHA,Hybrid DT,-0.0,2.0,5605.9177,1403.0607,13.0391,0.4761,0.1604,-14.2896,8.7421,-5.8567
BND,Hybrid DT,-0.0,2.0,7899.3921,1889.2099,14.6375,0.4691,-0.079,-13.7684,12.2933,-6.8994
ORO,Hybrid DT,-0.0,2.0,4137.2795,1064.0914,30.0807,0.2958,2.2239,-26.6547,21.5944,-11.109
YRS,Hybrid DT,-0.0,2.0,2110.4398,574.9496,60.7098,0.3751,1.7285,-29.6789,21.7368,-7.952
FOL,Hybrid DT,-0.0,2.0,2546.3858,788.9349,42.5628,0.2281,0.8617,-26.7895,15.9436,-14.6333
MKM,Hybrid DT,-0.0,2.0,654.994,285.0863,35.5081,0.1599,-1.7272,-26.9874,22.6814,-15.5124
NHG,Hybrid DT,-0.0,2.0,127.9506,20.2945,20.9694,0.0353,-1.3708,-10.3481,-2.5511,24.0149
NML,Hybrid DT,-0.0,2.0,1077.5163,469.3195,29.9951,0.381,-0.079,-23.7316,18.3087,-1.476
TLG,Hybrid DT,-0.0,2.0,1748.5053,847.9905,27.4883,0.2289,-2.4903,-23.8285,34.2138,-6.6137
MRC,Hybrid DT,-0.0,2.0,849.6926,406.0176,23.5396,0.0663,-2.5212,-27.1203,27.5895,-24.4968
MIL,Hybrid DT,-0.0,2.0,1501.9928,914.1301,14.7107,0.2627,-1.7555,-15.2433,33.1119,4.7721
PNF,Hybrid DT,-0.0,2.0,1670.3647,1047.0913,18.1407,0.2962,-2.5703,-15.0077,36.8805,-1.3876
TRM,Hybrid DT,-0.0,2.0,396.9077,195.142,18.8673,0.1487,-1.032,-22.816,34.4597,0.152
SCC,Hybrid DT,-0.0,2.0,244.3128,78.3509,16.1554,0.0939,-1.303,-24.3526,1.7356,-19.0477
ISB,Hybrid DT,-0.0,2.0,801.7459,400.3949,7.1211,0.1306,-2.5975,-21.9767,17.9981,0.5131
SHA,Hybrid DT,-0.0,2.5,5594.8514,1360.2282,13.1417,0.4705,-0.0373,-16.9062,9.5974,-6.9813
BND,Hybrid DT,-0.0,2.5,7880.1168,1834.7795,14.7345,0.4617,-0.3228,-16.2529,13.0379,-8.3695
ORO,Hybrid DT,-0.0,2.5,4143.1805,1004.2293,30.3951,0.2899,2.3697,-30.7809,22.8651,-12.8555
YRS,Hybrid DT,-0.0,2.5,2113.413,528.1327,61.4351,0.3698,1.8718,-35.405,23.1911,-9.2436
FOL,Hybrid DT,-0.0,2.5,2546.2566,734.2212,43.3708,0.2204,0.8565,-31.8668,18.1446,-17.5391
MKM,Hybrid DT,-0.0,2.5,651.4118,258.5758,36.4064,0.1533,-2.2646,-33.7769,25.785,-18.9769
NHG,Hybrid DT,-0.0,2.5,127.1248,19.8257,20.8741,0.0366,-2.0074,-12.4193,-2.9938,28.7822
NML,Hybrid DT,-0.0,2.5,1076.4428,431.468,30.6805,0.3768,-0.1785,-29.8828,21.0121,-2.5407
TLG,Hybrid DT,-0.0,2.5,1738.3153,780.0054,28.6504,0.2253,-3.0585,-29.9353,39.8878,-8.0905
MRC,Hybrid DT,-0.0,2.5,844.8279,368.8917,24.4144,0.0603,-3.0793,-33.7844,32.3311,-31.244
MIL,Hybrid DT,-0.0,2.5,1497.0323,862.5792,16.433,0.2641,-2.08,-20.023,48.6966,5.3537
PNF,Hybrid DT,-0.0,2.5,1660.7862,983.8138,19.6183,0.2982,-3.129,-20.144,48.0297,-0.7357
TRM,Hybrid DT,-0.0,2.5,395.2347,179.4887,19.4377,0.1462,-1.4491,-29.0073,38.5245,-1.5484
SCC,Hybrid DT,-0.0,2.5,242.6769,73.4597,16.2777,0.0899,-1.9638,-29.075,2.5061,-22.4683
ISB,Hybrid DT,-0.0,2.5,795.0825,372.3203,7.2058,0.1284,-3.4071,-27.4474,19.402,-1.1478
SHA,Hybrid DT,-0.0,3.0,5576.9593,1323.6179,13.2491,0.4652,-0.357,-19.1426,10.4932,-8.0279
BND,Hybrid DT,-0.0,3.0,7853.273,1787.812,14.809,0.4548,-0.6624,-18.3967,13.6091,-9.7414
ORO,Hybrid DT,-0.0,3.0,4142.4756,954.6043,30.4611,0.2839,2.3523,-34.2014,23.132,-14.6781
YRS,Hybrid DT,-0.0,3.0,2113.6967,489.1625,61.5062,0.3667,1.8855,-40.1714,23.3338,-10.0052
FOL,Hybrid DT,-0.0,3.0,2543.0505,687.4897,43.6395,0.2126,0.7295,-36.2033,18.8766,-20.4253
MKM,Hybrid DT,-0.0,3.0,647.5754,233.6671,37.5447,0.1481,-2.8402,-40.1562,29.7179,-21.7329
NHG,Hybrid DT,-0.0,3.0,126.046,19.3679,20.7713,0.0381,-2.839,-14.4415,-3.4717,33.9399
NML,Hybrid DT,-0.0,3.0,1074.4998,394.4105,31.6772,0.374,-0.3587,-35.905,24.9434,-3.2842
TLG,Hybrid DT,-0.0,3.0,1728.0796,712.7202,29.8234,0.2225,-3.6293,-35.9792,45.6148,-9.2365
MRC,Hybrid DT,-0.0,3.0,840.7716,333.4803,24.7628,0.0543,-3.5447,-40.1407,34.2197,-38.1025
MIL,Hybrid DT,-0.0,3.0,1491.7421,808.9261,17.7315,0.2644,-2.426,-24.9976,60.4463,5.4734
PNF,Hybrid DT,-0.0,3.0,1650.9205,919.8777,22.0255,0.2963,-3.7045,-25.3337,66.1932,-1.3822
TRM,Hybrid DT,-0.0,3.0,393.6881,165.2632,20.0953,0.1437,-1.8348,-34.6339,43.211,-3.2218
SCC,Hybrid DT,-0.0,3.0,240.9746,68.7617,16.3156,0.0866,-2.6515,-33.6109,2.7449,-25.3516
ISB,Hybrid DT,-0.0,3.0,788.8148,345.731,7.3448,0.1258,-4.1685,-32.6288,21.7046,-3.117
SHA,Hybrid DT,-0.0,3.5,5552.7373,1291.9475,13.4125,0.4605,-0.7898,-21.0773,11.8562,-8.9456
BND,Hybrid DT,-0.0,3.5,7818.7895,1747.1802,14.8398,0.4486,-1.0985,-20.2513,13.8452,-10.9794
ORO,Hybrid DT,-0.0,3.5,4134.9364,913.9661,30.8061,0.2785,2.166,-37.0025,24.5265,-16.2883
YRS,Hybrid DT,-0.0,3.5,2111.5786,457.455,62.1741,0.3639,1.7834,-44.0495,24.673,-10.7056
FOL,Hybrid DT,-0.0,3.5,2537.4811,647.3264,43.6631,0.2069,0.5089,-39.9303,18.9409,-22.5792
MKM,Hybrid DT,-0.0,3.5,643.2329,210.6287,38.7915,0.1444,-3.4918,-46.0565,34.0257,-23.6768
NHG,Hybrid DT,-0.0,3.5,124.8618,18.9521,20.6728,0.0396,-3.7518,-16.2785,-3.9297,39.1525
NML,Hybrid DT,-0.0,3.5,1072.3933,359.2972,33.0944,0.3712,-0.5541,-41.6112,30.5332,-4.0012
TLG,Hybrid DT,-0.0,3.5,1717.8121,646.8988,30.7554,0.2178,-4.2019,-41.8917,50.1652,-11.1435
MRC,Hybrid DT,-0.0,3.5,837.2029,300.492,25.8053,0.0497,-3.9541,-46.0621,39.8704,-43.3126
MIL,Hybrid DT,-0.0,3.5,1486.4081,755.1441,18.8585,0.2623,-2.7749,-29.9842,70.6441,4.6057
PNF,Hybrid DT,-0.0,3.5,1641.1909,855.7457,23.4287,0.2902,-4.272,-30.5392,76.7815,-3.3809
TRM,Hybrid DT,-0.0,3.5,391.7218,152.4099,20.7064,0.1418,-2.3251,-39.7177,47.5662,-4.4659
SCC,Hybrid DT,-0.0,3.5,239.1049,64.7574,16.3868,0.0839,-3.4068,-37.4771,3.1928,-27.6822
ISB,Hybrid DT,-0.0,3.5,782.6093,321.1667,7.4857,0.1225,-4.9224,-37.4155,24.0392,-5.7253
SHA,Hybrid DT,-0.0,4.0,5523.4438,1264.5082,13.4436,0.4555,-1.3131,-22.7535,12.1152,-9.9458
BND,Hybrid DT,-0.0,4.0,7778.9777,1711.7194,14.8371,0.4428,-1.6021,-21.8699,13.8245,-12.1201
ORO,Hybrid DT,-0.0,4.0,4122.3503,878.9497,30.9297,0.2752,1.855,-39.4161,25.0262,-17.2789
YRS,Hybrid DT,-0.0,4.0,2107.2851,432.186,62.4247,0.3614,1.5764,-47.1401,25.1755,-11.3224
FOL,Hybrid DT,-0.0,4.0,2529.5941,612.8498,43.6249,0.2013,0.1965,-43.1296,18.8368,-24.6748
MKM,Hybrid DT,-0.0,4.0,638.8776,191.1626,39.5704,0.1436,-4.1452,-51.0419,36.7166,-24.1054
NHG,Hybrid DT,-0.0,4.0,123.6084,18.5581,20.5816,0.0412,-4.7179,-18.0188,-4.3532,44.7854
NML,Hybrid DT,-0.0,4.0,1069.5963,328.1676,34.1791,0.3671,-0.8134,-46.67,34.8116,-5.057
TLG,Hybrid DT,-0.0,4.0,1707.8079,586.9324,31.6138,0.2128,-4.7598,-47.2783,54.3566,-13.2065
MRC,Hybrid DT,-0.0,4.0,833.7831,269.8991,27.6787,0.0464,-4.3464,-51.5534,50.0244,-47.1559
MIL,Hybrid DT,-0.0,4.0,1480.9511,700.9737,20.1458,0.2565,-3.1318,-35.0068,82.2931,2.3238
PNF,Hybrid DT,-0.0,4.0,1633.061,790.7228,24.6422,0.286,-4.7462,-35.8171,85.9377,-4.8106
TRM,Hybrid DT,-0.0,4.0,390.0474,139.8071,21.0921,0.1395,-2.7426,-44.7024,50.3147,-6.0184
SCC,Hybrid DT,-0.0,4.0,237.0755,61.2696,16.4418,0.0824,-4.2266,-40.8445,3.5393,-28.9754
ISB,Hybrid DT,-0.0,4.0,776.4295,298.0486,7.5902,0.1188,-5.6732,-41.9205,25.7709,-8.5147
SHA,Hybrid DT,0.05,0.0,5969.1746,1751.1267,12.8538,0.5307,6.6507,6.9731,7.1967,4.9348
BND,Hybrid DT,0.05,0.0,8462.5039,2349.9931,13.8078,0.5324,7.0439,7.2637,5.9284,5.6614
ORO,Hybrid DT,0.05,0.0,4380.3701,1572.1574,26.5783,0.358,8.2302,8.365,7.4366,7.6062
YRS,Hybrid DT,0.05,0.0,2251.0647,881.5086,52.8057,0.4475,8.507,7.8158,5.8873,9.8145
FOL,Hybrid DT,0.05,0.0,2759.5527,1168.2238,39.3263,0.3016,9.3051,8.4072,7.127,12.8568
MKM,Hybrid DT,0.05,0.0,727.0416,420.6829,32.0112,0.2159,9.0826,7.7398,10.5995,14.0668
NHG,Hybrid DT,0.05,0.0,149.313,26.0119,23.5931,0.0361,15.0961,14.9087,9.6416,26.9334
NML,Hybrid DT,0.05,0.0,1168.8139,662.8544,27.0569,0.4167,8.3873,7.7194,6.7196,7.7582
TLG,Hybrid DT,0.05,0.0,1936.5022,1191.228,22.1695,0.271,7.9939,7.0032,8.2443,10.5403
MRC,Hybrid DT,0.05,0.0,957.8952,605.2084,20.0577,0.1017,9.892,8.6341,8.7171,15.8958
MIL,Hybrid DT,0.05,0.0,1662.1784,1162.8093,11.6037,0.2769,8.7222,7.8138,4.9977,10.4366
PNF,Hybrid DT,0.05,0.0,1852.6867,1320.9951,14.1439,0.3358,8.0642,7.225,6.7229,11.7982
TRM,Hybrid DT,0.05,0.0,438.2604,274.4664,15.0506,0.1673,9.2792,8.559,7.259,12.6721
SCC,Hybrid DT,0.05,0.0,272.1393,113.8804,16.1525,0.1331,9.9384,9.9509,1.7177,14.7373
ISB,Hybrid DT,0.05,0.0,899.3572,560.8564,6.4109,0.14,9.261,9.2918,6.2303,7.7649
SHA,Hybrid DT,0.05,0.5,5980.3461,1676.2572,13.0604,0.5199,6.8503,2.3995,8.9196,2.7931
BND,Hybrid DT,0.05,0.5,8472.9379,2252.8064,14.3223,0.5209,7.1759,2.8276,9.8755,3.3699
ORO,Hybrid DT,0.05,0.5,4414.4908,1441.9227,28.0943,0.3456,9.0732,-0.6117,13.5649,3.8645
YRS,Hybrid DT,0.05,0.5,2261.8221,812.6554,57.0322,0.4335,9.0255,-0.6055,14.3623,6.3717
FOL,Hybrid DT,0.05,0.5,2766.8432,1080.5422,40.7981,0.2863,9.5939,0.2706,11.1364,7.1489
MKM,Hybrid DT,0.05,0.5,724.0863,394.0273,32.7693,0.2067,8.6392,0.9131,13.2187,9.1962
NHG,Hybrid DT,0.05,0.5,149.1261,25.2926,23.4328,0.0374,14.952,11.7313,8.8966,31.5603
NML,Hybrid DT,0.05,0.5,1168.6436,628.4733,29.0801,0.4157,8.3715,2.1322,14.6996,7.5225
TLG,Hybrid DT,0.05,0.5,1924.7787,1125.7119,24.241,0.2639,7.3401,1.1181,18.3584,7.6454
MRC,Hybrid DT,0.05,0.5,951.9114,566.9174,21.7751,0.0937,9.2056,1.761,18.026,6.7295
MIL,Hybrid DT,0.05,0.5,1653.8588,1126.1741,12.1457,0.2799,8.178,4.4171,9.9028,11.6241
PNF,Hybrid DT,0.05,0.5,1840.0031,1283.2508,13.8231,0.3291,7.3244,4.1613,4.302,9.5589
TRM,Hybrid DT,0.05,0.5,437.559,260.4365,16.0815,0.1695,9.1043,3.0098,14.6064,14.2021
SCC,Hybrid DT,0.05,0.5,271.4865,106.3222,16.1616,0.1258,9.6746,2.6535,1.7751,8.502
ISB,Hybrid DT,0.05,0.5,894.0627,531.6988,6.721,0.141,8.6178,3.61,11.3678,8.5808
SHA,Hybrid DT,0.05,1.0,5987.7912,1609.4923,13.4625,0.5113,6.9833,-1.6791,12.2732,1.0893
BND,Hybrid DT,0.05,1.0,8478.4804,2167.0117,14.606,0.5108,7.246,-1.0884,12.0521,1.3631
ORO,Hybrid DT,0.05,1.0,4441.6809,1327.4753,30.2967,0.3333,9.7451,-8.5003,22.4676,0.1627
YRS,Hybrid DT,0.05,1.0,2271.956,744.0532,59.9424,0.4224,9.514,-8.9961,20.1979,3.6521
FOL,Hybrid DT,0.05,1.0,2773.1073,997.7083,42.5829,0.2743,9.842,-7.4161,15.9984,2.6598
MKM,Hybrid DT,0.05,1.0,720.9513,365.7667,34.5807,0.1958,8.1688,-6.3246,19.4771,3.4464
NHG,Hybrid DT,0.05,1.0,148.6851,24.6065,23.3275,0.039,14.6121,8.7003,8.4072,37.2711
NML,Hybrid DT,0.05,1.0,1167.4452,588.8041,29.9906,0.4142,8.2604,-4.3144,18.2909,7.1359
TLG,Hybrid DT,0.05,1.0,1912.6638,1054.6144,26.4646,0.2594,6.6644,-5.2683,29.2154,5.8331
MRC,Hybrid DT,0.05,1.0,945.1888,525.1151,23.3288,0.0874,8.4343,-5.7425,26.4474,-0.3596
MIL,Hybrid DT,0.05,1.0,1646.1977,1083.2871,13.7674,0.2817,7.6769,0.4407,24.5771,12.3739
PNF,Hybrid DT,0.05,1.0,1827.6417,1237.1696,14.2863,0.3265,6.6034,0.4209,7.7972,8.6963
TRM,Hybrid DT,0.05,1.0,436.4711,244.3812,17.509,0.17,8.8331,-3.3405,24.7793,14.4967
SCC,Hybrid DT,0.05,1.0,270.505,99.4623,16.1919,0.1199,9.2781,-3.9697,1.9658,3.3663
ISB,Hybrid DT,0.05,1.0,888.9666,501.4762,6.8642,0.1414,7.9987,-2.2793,13.7411,8.8588
SHA,Hybrid DT,0.05,1.5,5990.8657,1549.4177,13.5871,0.5043,7.0382,-5.3489,13.3118,-0.2827
BND,Hybrid DT,0.05,1.5,8476.992,2090.6689,15.005,0.5029,7.2272,-4.573,15.1128,-0.1901
ORO,Hybrid DT,0.05,1.5,4461.7388,1230.5101,31.3884,0.3249,10.2406,-15.1839,26.8805,-2.3617
YRS,Hybrid DT,0.05,1.5,2279.4846,678.703,62.5839,0.4138,9.8769,-16.989,25.4947,1.5319
FOL,Hybrid DT,0.05,1.5,2776.5303,922.1171,43.4569,0.2629,9.9776,-14.4307,18.3792,-1.6071
MKM,Hybrid DT,0.05,1.5,717.2171,335.8963,36.8648,0.1885,7.6086,-13.9746,27.3688,-0.4151
NHG,Hybrid DT,0.05,1.5,148.1174,23.9568,23.218,0.0409,14.1745,5.8301,7.8984,43.8115
NML,Hybrid DT,0.05,1.5,1166.4856,547.8241,30.7535,0.4091,8.1714,-10.974,21.3002,5.8128
TLG,Hybrid DT,0.05,1.5,1900.7327,982.0317,27.8115,0.255,5.9991,-11.7881,35.7914,4.0446
MRC,Hybrid DT,0.05,1.5,938.7507,482.9435,24.0656,0.0826,7.6957,-13.3122,30.4405,-5.918
MIL,Hybrid DT,0.05,1.5,1638.9951,1036.6659,14.9566,0.2855,7.2057,-3.882,35.3377,13.8644
PNF,Hybrid DT,0.05,1.5,1816.2592,1185.3818,16.8935,0.3274,5.9395,-3.7827,27.4698,8.9961
TRM,Hybrid DT,0.05,1.5,434.6994,228.32,18.5086,0.1679,8.3913,-9.6932,31.9034,13.0951
SCC,Hybrid DT,0.05,1.5,269.4922,92.5331,16.3872,0.1136,8.869,-10.6598,3.1954,-2.0398
ISB,Hybrid DT,0.05,1.5,883.2609,470.3921,7.2718,0.1413,7.3055,-8.3366,20.4945,8.7687
SHA,Hybrid DT,0.05,2.0,5987.9695,1496.2192,13.8137,0.4976,6.9865,-8.5987,15.2022,-1.6159
BND,Hybrid DT,0.05,2.0,8468.7459,2023.2264,15.3687,0.4944,7.1229,-7.6514,17.9029,-1.8774
ORO,Hybrid DT,0.05,2.0,4475.9542,1149.6797,31.9709,0.3169,10.5919,-20.7553,29.2349,-4.7578
YRS,Hybrid DT,0.05,2.0,2285.6436,620.3918,63.4242,0.4079,10.1738,-24.121,27.1796,0.1012
FOL,Hybrid DT,0.05,2.0,2778.1238,855.3471,44.6834,0.2562,10.0407,-20.6267,21.7202,-4.1406
MKM,Hybrid DT,0.05,2.0,713.3047,306.9454,38.2595,0.1809,7.0216,-21.3892,32.1877,-4.4236
NHG,Hybrid DT,0.05,2.0,147.361,23.3796,23.1472,0.0425,13.5914,3.2802,7.5697,49.3608
NML,Hybrid DT,0.05,2.0,1165.0989,505.749,31.6221,0.4052,8.0428,-17.8115,24.726,4.7854
TLG,Hybrid DT,0.05,2.0,1888.7909,908.3212,29.4365,0.2502,5.3331,-18.4092,43.7256,2.0855
MRC,Hybrid DT,0.05,2.0,932.4795,440.9779,25.1241,0.0765,6.9763,-20.845,36.1778,-12.7982
MIL,Hybrid DT,0.05,2.0,1632.4259,985.3577,16.0863,0.2885,6.7761,-8.6392,45.5594,15.0656
PNF,Hybrid DT,0.05,2.0,1805.6455,1125.0507,19.8969,0.3273,5.3204,-8.6798,50.1324,8.9487
TRM,Hybrid DT,0.05,2.0,433.0664,212.3747,19.8793,0.1673,7.9841,-16.0,41.6717,12.7175
SCC,Hybrid DT,0.05,2.0,268.0992,86.3472,16.4394,0.1079,8.3062,-16.6323,3.5245,-6.9392
ISB,Hybrid DT,0.05,2.0,876.4241,438.6002,7.464,0.1401,6.475,-14.5317,23.6792,7.8316
SHA,Hybrid DT,0.05,2.5,5978.8835,1449.8295,13.9505,0.4915,6.8242,-11.4326,16.3427,-2.816
BND,Hybrid DT,0.05,2.5,8452.5755,1964.835,15.4527,0.4867,6.9183,-10.3166,18.5474,-3.4065
ORO,Hybrid DT,0.05,2.5,4483.0395,1084.7529,32.2894,0.3102,10.7669,-25.2306,30.5226,-6.7593
YRS,Hybrid DT,0.05,2.5,2288.5608,570.0853,64.2422,0.4008,10.3144,-30.2738,28.8199,-1.6553
FOL,Hybrid DT,0.05,2.5,2777.4446,796.2512,45.6098,0.248,10.0138,-26.1106,24.2437,-7.2118
MKM,Hybrid DT,0.05,2.5,709.1905,278.4696,38.6906,0.1736,6.4043,-28.682,33.6769,-8.2528
NHG,Hybrid DT,0.05,2.5,146.4369,22.8417,23.0739,0.0437,12.8791,0.9041,7.2287,53.5708
NML,Hybrid DT,0.05,2.5,1163.4496,465.144,31.9947,0.4001,7.8898,-24.4102,26.1956,3.488
TLG,Hybrid DT,0.05,2.5,1877.8184,835.9999,30.7527,0.2457,4.7212,-24.9055,50.152,0.2425
MRC,Hybrid DT,0.05,2.5,926.7773,400.9656,25.8152,0.0696,6.3221,-28.0272,39.9241,-20.7343
MIL,Hybrid DT,0.05,2.5,1626.073,929.5843,18.0754,0.2889,6.3605,-13.8104,63.5582,15.2494
PNF,Hybrid DT,0.05,2.5,1794.8364,1057.783,21.2573,0.3291,4.6899,-14.1399,60.397,9.5445
TRM,Hybrid DT,0.05,2.5,431.1091,195.4715,20.3994,0.1645,7.496,-22.6857,45.3782,10.8334
SCC,Hybrid DT,0.05,2.5,266.2546,81.005,16.522,0.104,7.5611,-21.7901,4.0443,-10.2932
ISB,Hybrid DT,0.05,2.5,869.1829,408.0021,7.6014,0.1379,5.5952,-20.4943,25.956,6.132
SHA,Hybrid DT,0.05,3.0,5962.4509,1410.3264,14.0289,0.4861,6.5306,-13.8458,16.9963,-3.8914
BND,Hybrid DT,0.05,3.0,8428.0489,1914.505,15.5197,0.4795,6.6081,-12.6139,19.0612,-4.8403
ORO,Hybrid DT,0.05,3.0,4483.31,1030.9515,32.3842,0.3042,10.7736,-28.939,30.9057,-8.5598
YRS,Hybrid DT,0.05,3.0,2288.8866,527.9962,64.416,0.3967,10.3301,-35.4217,29.1684,-2.6539
FOL,Hybrid DT,0.05,3.0,2774.1864,746.0085,46.1786,0.2401,9.8848,-30.773,25.7933,-10.1611
MKM,Hybrid DT,0.05,3.0,704.8883,251.8598,39.9188,0.1668,5.7588,-35.497,37.9204,-11.8809
NHG,Hybrid DT,0.05,3.0,145.2758,22.3293,23.0021,0.0451,11.9841,-1.3592,6.8954,58.7297
NML,Hybrid DT,0.05,3.0,1160.8635,425.2236,33.0672,0.3957,7.65,-30.8976,30.4259,2.3466
TLG,Hybrid DT,0.05,3.0,1866.4704,764.2439,32.1147,0.2425,4.0884,-31.3511,56.8023,-1.0723
MRC,Hybrid DT,0.05,3.0,921.9781,362.7191,26.4298,0.0623,5.7715,-34.8924,43.2551,-29.0127
MIL,Hybrid DT,0.05,3.0,1619.8193,871.8281,19.4455,0.2884,5.9515,-19.1655,75.956,15.0176
PNF,Hybrid DT,0.05,3.0,1783.2481,989.345,23.6832,0.3254,4.014,-19.695,78.7016,8.3305
TRM,Hybrid DT,0.05,3.0,429.3219,180.1115,20.9577,0.1619,7.0504,-28.761,49.3569,9.0273
SCC,Hybrid DT,0.05,3.0,264.3713,75.8855,16.6155,0.1,6.8003,-26.7329,4.6334,-13.7879
ISB,Hybrid DT,0.05,3.0,862.0797,378.8636,7.7235,0.1347,4.7323,-26.1724,27.9804,3.6983
SHA,Hybrid DT,0.05,3.5,5940.2362,1376.3829,14.311,0.4808,6.1336,-15.9193,19.3494,-4.9405
BND,Hybrid DT,0.05,3.5,8395.4549,1871.2333,15.5655,0.4732,6.1958,-14.589,19.413,-6.0864
ORO,Hybrid DT,0.05,3.5,4476.788,987.3566,32.5912,0.299,10.6125,-31.9439,31.7424,-10.1357
YRS,Hybrid DT,0.05,3.5,2286.9723,493.8546,65.5124,0.3935,10.2378,-39.5975,31.3671,-3.434
FOL,Hybrid DT,0.05,3.5,2768.3931,702.878,46.2391,0.2331,9.6553,-34.7753,25.9581,-12.7638
MKM,Hybrid DT,0.05,3.5,700.1279,227.1771,41.194,0.1625,5.0446,-41.8184,42.3263,-14.1589
NHG,Hybrid DT,0.05,3.5,143.9519,21.8614,22.9155,0.0462,10.9635,-3.4262,6.4929,62.4539
NML,Hybrid DT,0.05,3.5,1158.4388,387.4858,34.5587,0.3924,7.4252,-37.0303,36.309,1.4814
TLG,Hybrid DT,0.05,3.5,1855.3145,694.2184,32.9636,0.2369,3.4662,-37.6412,60.947,-3.35
MRC,Hybrid DT,0.05,3.5,917.7553,327.2026,27.9777,0.0567,5.2871,-41.2675,51.6452,-35.4395
MIL,Hybrid DT,0.05,3.5,1613.3408,813.9895,20.3458,0.2859,5.5277,-24.5282,84.1025,14.031
PNF,Hybrid DT,0.05,3.5,1771.9482,920.8333,25.1529,0.3198,3.3549,-25.2561,89.7911,6.4407
TRM,Hybrid DT,0.05,3.5,427.1672,166.2214,21.5538,0.1604,6.5131,-34.2549,53.6046,8.0405
SCC,Hybrid DT,0.05,3.5,262.3455,71.5137,16.647,0.0965,5.9819,-30.9539,4.8314,-16.825
ISB,Hybrid DT,0.05,3.5,854.9346,351.8695,7.8429,0.1318,3.8642,-31.4326,29.9589,1.4532
SHA,Hybrid DT,0.05,4.0,5911.8087,1347.0092,14.3412,0.476,5.6257,-17.7137,19.6011,-5.8881
BND,Hybrid DT,0.05,4.0,8357.275,1833.7346,15.5988,0.467,5.7129,-16.3006,19.6679,-7.3153
ORO,Hybrid DT,0.05,4.0,4464.8745,949.8595,32.7491,0.2936,10.3181,-34.5285,32.3808,-11.7632
YRS,Hybrid DT,0.05,4.0,2283.196,466.853,65.492,0.3915,10.0558,-42.9,31.326,-3.9279
FOL,Hybrid DT,0.05,4.0,2760.0576,665.8917,46.2244,0.227,9.3251,-38.2075,25.918,-15.0407
MKM,Hybrid DT,0.05,4.0,695.5281,206.3767,41.8626,0.1607,4.3544,-47.1455,44.6361,-15.0938
NHG,Hybrid DT,0.05,4.0,142.5035,21.4065,22.8271,0.0473,9.8471,-5.4359,6.0819,66.5079
NML,Hybrid DT,0.05,4.0,1155.437,353.996,35.458,0.3879,7.1468,-42.4727,39.856,0.3118
TLG,Hybrid DT,0.05,4.0,1844.587,630.337,33.7963,0.2316,2.868,-43.3794,65.0128,-5.5376
MRC,Hybrid DT,0.05,4.0,913.7146,294.1767,29.2839,0.052,4.8235,-47.1956,58.725,-40.7923
MIL,Hybrid DT,0.05,4.0,1606.7579,755.7095,21.6719,0.2794,5.0971,-29.9318,96.1021,11.4405
PNF,Hybrid DT,0.05,4.0,1762.3902,851.2635,26.2526,0.3124,2.7974,-30.9031,98.0891,3.9986
TRM,Hybrid DT,0.05,4.0,425.3099,152.5845,21.9119,0.1583,6.05,-39.6487,56.1568,6.6356
SCC,Hybrid DT,0.05,4.0,260.1396,67.7351,16.7267,0.0942,5.0907,-34.6022,5.3336,-18.7429
ISB,Hybrid DT,0.05,4.0,847.9252,326.511,7.9375,0.1274,3.0127,-36.3741,31.5255,-1.9103
SHA,Hybrid DT,0.1,0.0,6347.3827,1868.2314,13.6534,0.5567,13.4081,14.1268,13.865,10.0761
BND,Hybrid DT,0.1,0.0,9026.5689,2512.7792,14.714,0.5613,14.1789,14.6939,12.8807,11.3964
ORO,Hybrid DT,0.1,0.0,4717.0608,1694.7312,28.2918,0.386,16.5491,16.8137,14.3633,16.0132
YRS,Hybrid DT,0.1,0.0,2427.1908,944.604,56.0025,0.4899,16.9967,15.5329,12.2975,20.2234
FOL,Hybrid DT,0.1,0.0,2996.1903,1258.3211,41.6738,0.3378,18.6783,16.7679,13.5219,26.4163
MKM,Hybrid DT,0.1,0.0,788.135,450.4311,34.7441,0.2453,18.2488,15.3585,20.0417,29.6326
NHG,Hybrid DT,0.1,0.0,169.8033,29.5276,25.4401,0.0457,30.8908,30.4393,18.2251,60.5648
NML,Hybrid DT,0.1,0.0,1259.8058,710.0594,28.7379,0.4484,16.8252,15.3906,13.3499,15.9613
TLG,Hybrid DT,0.1,0.0,2080.5587,1267.6761,23.8078,0.2998,16.0275,13.8702,16.2431,22.3152
MRC,Hybrid DT,0.1,0.0,1045.4025,652.9258,21.5509,0.1172,19.9311,17.1994,16.8105,33.5016
MIL,Hybrid DT,0.1,0.0,1797.0612,1246.1337,12.4184,0.3044,17.5448,15.5395,12.3699,21.4267
PNF,Hybrid DT,0.1,0.0,1991.8142,1408.4502,14.458,0.3735,16.1793,14.3237,9.093,24.3373
TRM,Hybrid DT,0.1,0.0,476.1099,296.1115,16.0399,0.1875,18.7169,17.1202,14.3097,26.3016
SCC,Hybrid DT,0.1,0.0,297.0662,124.3091,16.3531,0.1509,20.0083,20.0198,2.9806,30.1451
ISB,Hybrid DT,0.1,0.0,976.7468,608.6755,6.7847,0.1508,18.663,18.6102,12.4229,16.1131
SHA,Hybrid DT,0.1,0.5,6361.6527,1786.8229,13.8741,0.545,13.6631,9.1537,15.7058,7.7563
BND,Hybrid DT,0.1,0.5,9040.7945,2407.564,15.0423,0.5489,14.3588,9.8914,15.3987,8.9307
ORO,Hybrid DT,0.1,0.5,4752.511,1553.354,29.8637,0.3714,17.425,7.0689,20.717,11.6349
YRS,Hybrid DT,0.1,0.5,2437.5394,871.0321,59.8053,0.4738,17.4955,6.5344,19.923,16.2554
FOL,Hybrid DT,0.1,0.5,3002.5822,1163.8938,43.6108,0.3216,18.9315,8.0054,18.7985,20.3303
MKM,Hybrid DT,0.1,0.5,784.5888,421.8338,34.9205,0.2345,17.7167,8.0346,20.6511,23.9368
NHG,Hybrid DT,0.1,0.5,169.6112,28.7322,25.3109,0.0469,30.7427,26.9259,17.6244,65.1272
NML,Hybrid DT,0.1,0.5,1258.9741,673.4637,30.5782,0.4455,16.7481,9.4435,20.6085,15.2228
TLG,Hybrid DT,0.1,0.5,2068.187,1198.3774,26.0229,0.2903,15.3376,7.6454,27.0589,18.4443
MRC,Hybrid DT,0.1,0.5,1038.5187,611.5734,23.62,0.1084,19.1413,9.7767,28.0256,23.5526
MIL,Hybrid DT,0.1,0.5,1788.3821,1206.7794,13.4214,0.3076,16.9771,11.8907,21.4459,22.6954
PNF,Hybrid DT,0.1,0.5,1978.7564,1369.3008,14.3366,0.3662,15.4177,11.146,8.1771,21.8965
TRM,Hybrid DT,0.1,0.5,475.2217,281.1682,17.2276,0.1902,18.4954,11.2097,22.7738,28.1174
SCC,Hybrid DT,0.1,0.5,296.1398,116.0595,16.3602,0.1429,19.634,12.0548,3.0256,23.1951
ISB,Hybrid DT,0.1,0.5,971.1517,577.3725,7.1354,0.1516,17.9832,12.5103,18.2351,16.7467
SHA,Hybrid DT,0.1,1.0,6371.5423,1714.2992,14.2386,0.535,13.8398,4.7234,18.7451,5.7778
BND,Hybrid DT,0.1,1.0,9049.475,2314.8619,15.3116,0.5375,14.4686,5.6601,17.4648,6.6599
ORO,Hybrid DT,0.1,1.0,4781.3856,1429.252,31.9068,0.358,18.1385,-1.4851,28.9758,7.5865
YRS,Hybrid DT,0.1,1.0,2447.3301,797.7347,62.8954,0.4602,17.9675,-2.4304,26.1194,12.9215
FOL,Hybrid DT,0.1,1.0,3007.7368,1074.8522,44.7273,0.3071,19.1356,-0.2574,21.8398,14.9293
MKM,Hybrid DT,0.1,1.0,780.9049,391.5367,36.3424,0.2214,17.164,0.2753,25.564,17.0129
NHG,Hybrid DT,0.1,1.0,169.1965,27.9822,25.2737,0.0486,30.4231,23.6124,17.4518,71.0224
NML,Hybrid DT,0.1,1.0,1257.0402,631.1325,31.8365,0.4422,16.5688,2.5643,25.5718,14.3536
TLG,Hybrid DT,0.1,1.0,2055.5212,1123.2662,28.6626,0.2851,14.6312,0.8984,39.9472,16.3208
MRC,Hybrid DT,0.1,1.0,1030.9828,566.5282,24.9019,0.1011,18.2768,1.6911,34.9737,15.2107
MIL,Hybrid DT,0.1,1.0,1780.101,1160.8849,15.1429,0.309,16.4354,7.6354,37.0229,23.2423
PNF,Hybrid DT,0.1,1.0,1966.0063,1320.9505,15.2954,0.361,14.674,7.2214,15.4119,20.1621
TRM,Hybrid DT,0.1,1.0,473.937,264.0128,18.5037,0.1905,18.1751,4.4243,31.8677,28.3282
SCC,Hybrid DT,0.1,1.0,295.0106,108.6815,16.4904,0.1359,19.1778,4.9313,3.8457,17.2171
ISB,Hybrid DT,0.1,1.0,965.8394,544.985,7.3116,0.152,17.3378,6.199,21.1551,17.0284
SHA,Hybrid DT,0.1,1.5,6377.0651,1649.3365,14.4641,0.527,13.9384,0.7549,20.6259,4.1962
BND,Hybrid DT,0.1,1.5,9051.854,2233.0389,15.6602,0.5283,14.4987,1.9254,20.1392,4.8514
ORO,Hybrid DT,0.1,1.5,4802.6898,1323.8799,33.1044,0.348,18.6649,-8.7481,33.8168,4.6005
YRS,Hybrid DT,0.1,1.5,2454.6256,728.009,65.2461,0.45,18.3191,-10.9585,30.833,10.4154
FOL,Hybrid DT,0.1,1.5,3010.821,993.7921,45.7716,0.2949,19.2578,-7.7795,24.6844,10.3394
MKM,Hybrid DT,0.1,1.5,776.56,359.5866,39.1308,0.2124,16.5121,-7.9074,35.1979,12.226
NHG,Hybrid DT,0.1,1.5,168.5914,27.2744,25.2495,0.0502,29.9566,20.486,17.3392,76.689
NML,Hybrid DT,0.1,1.5,1255.1861,587.223,32.392,0.4348,16.3968,-4.5713,27.7628,12.4524
TLG,Hybrid DT,0.1,1.5,2042.7371,1046.4079,29.7205,0.2792,13.9183,-6.0054,45.1123,13.9094
MRC,Hybrid DT,0.1,1.5,1023.6469,521.0641,25.6115,0.0949,17.4352,-6.4697,38.8201,8.1251
MIL,Hybrid DT,0.1,1.5,1772.2201,1111.064,16.3775,0.312,15.9199,3.0161,48.1947,24.461
PNF,Hybrid DT,0.1,1.5,1953.6103,1266.2065,18.3579,0.3633,13.951,2.7778,38.5197,20.9248
TRM,Hybrid DT,0.1,1.5,471.7219,246.8106,19.4322,0.1881,17.6228,-2.3796,38.4852,26.6987
SCC,Hybrid DT,0.1,1.5,293.7661,101.1544,16.6035,0.1294,18.6751,-2.336,4.5577,11.5855
ISB,Hybrid DT,0.1,1.5,959.7159,511.4404,7.5768,0.1517,16.5939,-0.3377,25.5492,16.8317
SHA,Hybrid DT,0.1,2.0,6376.2606,1591.8152,14.6418,0.5193,13.9241,-2.759,22.1078,2.6659
BND,Hybrid DT,0.1,2.0,9046.3069,2160.6152,16.0208,0.5204,14.4286,-1.3804,22.9058,3.2677
ORO,Hybrid DT,0.1,2.0,4818.2699,1236.3494,33.7142,0.3384,19.0498,-14.7814,36.2819,1.7061
YRS,Hybrid DT,0.1,2.0,2460.6458,665.7416,66.4107,0.4414,18.6093,-18.5743,33.1683,8.3118
FOL,Hybrid DT,0.1,2.0,3012.1087,922.0984,46.8986,0.2865,19.3088,-14.4324,27.7545,7.1976
MKM,Hybrid DT,0.1,2.0,772.0501,328.6705,40.4062,0.2043,15.8355,-15.8252,39.6043,7.9684
NHG,Hybrid DT,0.1,2.0,167.6942,26.6191,25.2061,0.0515,29.265,17.5909,17.1374,80.9772
NML,Hybrid DT,0.1,2.0,1252.9457,542.1824,33.2494,0.4303,16.1891,-11.8908,31.1444,11.2823
TLG,Hybrid DT,0.1,2.0,2029.6298,968.1171,31.1598,0.2737,13.1873,-13.038,52.1399,11.6389
MRC,Hybrid DT,0.1,2.0,1016.5803,476.0378,26.5554,0.0892,16.6245,-14.5518,43.9361,1.585
MIL,Hybrid DT,0.1,2.0,1764.5112,1056.1012,17.5902,0.3147,15.4157,-2.08,59.1683,25.5323
PNF,Hybrid DT,0.1,2.0,1941.9925,1202.3969,21.5635,0.3623,13.2733,-2.4016,62.7072,20.605
TRM,Hybrid DT,0.1,2.0,469.7841,229.7228,20.7625,0.1877,17.1396,-9.1383,47.9654,26.4108
SCC,Hybrid DT,0.1,2.0,292.1969,94.4627,16.6285,0.1231,18.0412,-8.7967,4.7152,6.1625
ISB,Hybrid DT,0.1,2.0,952.4147,477.1247,7.7333,0.1507,15.7069,-7.0246,28.1419,16.0025
SHA,Hybrid DT,0.1,2.5,6369.1142,1541.7487,14.7784,0.5132,13.7964,-5.8174,23.2471,1.4663
BND,Hybrid DT,0.1,2.5,9032.041,2097.7423,16.1122,0.5124,14.2481,-4.2501,23.6068,1.6854
ORO,Hybrid DT,0.1,2.5,4826.693,1166.4173,34.0436,0.3317,19.2579,-19.6017,37.6133,-0.2946
YRS,Hybrid DT,0.1,2.5,2463.8005,612.0648,66.7785,0.4343,18.7614,-25.1394,33.9057,6.5794
FOL,Hybrid DT,0.1,2.5,3011.1501,858.7552,47.5932,0.2783,19.2709,-20.3104,29.6466,4.1372
MKM,Hybrid DT,0.1,2.5,767.3894,298.3027,41.0076,0.1956,15.1362,-23.6026,41.6824,3.356
NHG,Hybrid DT,0.1,2.5,166.6643,26.0258,25.1444,0.0526,28.4711,14.9702,16.851,85.019
NML,Hybrid DT,0.1,2.5,1250.8354,498.9628,33.6677,0.4249,15.9934,-18.9144,32.7944,9.8779
TLG,Hybrid DT,0.1,2.5,2017.8211,891.4765,32.6927,0.268,12.5288,-19.9223,59.6244,9.3244
MRC,Hybrid DT,0.1,2.5,1010.0024,433.0909,27.4495,0.0809,15.8699,-22.2607,48.7823,-7.8511
MIL,Hybrid DT,0.1,2.5,1756.8914,996.4416,19.644,0.3153,14.9173,-7.6115,77.7523,25.7444
PNF,Hybrid DT,0.1,2.5,1929.838,1131.3255,22.9704,0.3616,12.5644,-8.1705,73.3231,20.3711
TRM,Hybrid DT,0.1,2.5,467.5748,211.642,21.3344,0.1843,16.5887,-16.2898,52.0416,24.1568
SCC,Hybrid DT,0.1,2.5,290.1741,88.6849,16.6796,0.1184,17.224,-14.3752,5.0368,2.14
ISB,Hybrid DT,0.1,2.5,944.7367,444.1278,7.9167,0.1476,14.7741,-13.4546,31.1813,13.6489
SHA,Hybrid DT,0.1,3.0,6354.4876,1499.3187,14.8173,0.5075,13.535,-8.4094,23.5721,0.3332
BND,Hybrid DT,0.1,3.0,9011.0239,2044.5093,16.1726,0.5047,13.9823,-6.6799,24.0706,0.1605
ORO,Hybrid DT,0.1,3.0,4828.108,1108.4203,34.2725,0.3257,19.2929,-23.5993,38.5388,-2.1101
YRS,Hybrid DT,0.1,3.0,2464.4772,567.1255,67.5725,0.4284,18.794,-30.6359,35.498,5.1269
FOL,Hybrid DT,0.1,3.0,3007.5369,805.0798,48.234,0.2695,19.1277,-25.2913,31.3923,0.8533
MKM,Hybrid DT,0.1,3.0,762.7281,270.0613,42.0302,0.1877,14.4369,-30.8354,45.2154,-0.8238
NHG,Hybrid DT,0.1,3.0,165.374,25.4556,25.0713,0.0537,27.4765,12.451,16.511,88.815
NML,Hybrid DT,0.1,3.0,1247.7006,456.3209,34.2966,0.4183,15.7027,-25.844,35.2751,8.1712
TLG,Hybrid DT,0.1,3.0,2005.5659,815.6031,34.141,0.2638,11.8454,-26.7377,66.6959,7.6083
MRC,Hybrid DT,0.1,3.0,1004.4961,392.1609,28.0923,0.0723,15.2382,-29.6076,52.2661,-17.5713
MIL,Hybrid DT,0.1,3.0,1749.6431,934.645,21.1139,0.3131,14.4432,-13.3412,91.0529,24.8753
PNF,Hybrid DT,0.1,3.0,1916.7034,1058.7392,25.1773,0.3576,11.7982,-14.0623,89.9753,19.0413
TRM,Hybrid DT,0.1,3.0,465.5872,195.1431,21.694,0.182,16.0931,-22.8156,54.6038,22.5843
SCC,Hybrid DT,0.1,3.0,288.0969,83.1382,16.7937,0.1143,16.3849,-19.7305,5.7556,-1.4247
ISB,Hybrid DT,0.1,3.0,936.9504,412.5978,8.0411,0.1447,13.8282,-19.5987,33.2422,11.3988
SHA,Hybrid DT,0.1,3.5,6334.2041,1463.1142,15.1711,0.5018,13.1726,-10.6211,26.5224,-0.7893
BND,Hybrid DT,0.1,3.5,8980.7065,1998.5598,16.2201,0.4982,13.5988,-8.7773,24.4343,-1.1378
ORO,Hybrid DT,0.1,3.5,4822.4228,1061.8331,34.2369,0.3198,19.1524,-26.8104,38.3949,-3.8744
YRS,Hybrid DT,0.1,3.5,2463.1545,530.6147,68.3458,0.425,18.7302,-35.1014,37.0487,4.2912
FOL,Hybrid DT,0.1,3.5,3001.6587,759.0669,48.3878,0.2611,18.8949,-29.5612,31.8111,-2.2809
MKM,Hybrid DT,0.1,3.5,757.6174,243.8177,43.2782,0.1823,13.6701,-37.5566,49.5273,-3.6535
NHG,Hybrid DT,0.1,3.5,163.9035,24.9236,24.9789,0.0546,26.343,10.101,16.0818,92.0814
NML,Hybrid DT,0.1,3.5,1244.8867,415.9409,35.6817,0.4143,15.4417,-32.4061,40.7381,7.1492
TLG,Hybrid DT,0.1,3.5,1993.4959,741.4925,34.9487,0.2574,11.1722,-33.3947,70.6396,5.0234
MRC,Hybrid DT,0.1,3.5,999.5345,354.0747,29.8485,0.0652,14.669,-36.444,61.7856,-25.6592
MIL,Hybrid DT,0.1,3.5,1742.2066,872.8992,21.8741,0.3103,13.9568,-19.0662,97.9317,23.7523
PNF,Hybrid DT,0.1,3.5,1903.8439,985.9704,26.6981,0.3504,11.0482,-19.9689,101.4504,16.6399
TRM,Hybrid DT,0.1,3.5,463.2278,180.2438,22.37,0.1806,15.5048,-28.7086,59.4214,21.6292
SCC,Hybrid DT,0.1,3.5,285.947,78.4025,16.8538,0.1103,15.5163,-24.3028,6.1335,-4.8983
ISB,Hybrid DT,0.1,3.5,928.8125,383.147,8.1317,0.1411,12.8395,-25.3377,34.7436,8.6553
SHA,Hybrid DT,0.1,4.0,6306.9104,1431.8234,15.2077,0.4965,12.685,-12.5326,26.8279,-1.8258
BND,Hybrid DT,0.1,4.0,8944.2329,1958.9624,16.2637,0.4919,13.1374,-10.5847,24.7688,-2.3892
ORO,Hybrid DT,0.1,4.0,4811.5488,1021.9989,34.3716,0.3145,18.8838,-29.5561,38.9394,-5.4691
YRS,Hybrid DT,0.1,4.0,2459.5297,501.9039,68.243,0.4225,18.5555,-38.613,36.8424,3.687
FOL,Hybrid DT,0.1,4.0,2993.5494,719.6872,48.4787,0.2552,18.5737,-33.2155,32.0588,-4.5026
MKM,Hybrid DT,0.1,4.0,752.7843,221.7455,43.801,0.1794,12.9449,-43.2094,51.3335,-5.2161
NHG,Hybrid DT,0.1,4.0,162.3475,24.4167,24.8832,0.0554,25.1436,7.8617,15.6372,94.856
NML,Hybrid DT,0.1,4.0,1241.67,380.1085,36.4324,0.4094,15.1434,-38.2292,43.6991,5.8944
TLG,Hybrid DT,0.1,4.0,1982.3366,673.948,35.7555,0.2522,10.5499,-39.462,74.5787,2.8829
MRC,Hybrid DT,0.1,4.0,994.9057,318.7655,30.49,0.0592,14.138,-42.782,65.2622,-32.5222
MIL,Hybrid DT,0.1,4.0,1734.5328,810.6217,23.1683,0.3043,13.4548,-24.8404,109.6427,21.3574
PNF,Hybrid DT,0.1,4.0,1892.8482,911.9468,27.657,0.3395,10.4068,-25.9774,108.6857,13.0205
TRM,Hybrid DT,0.1,4.0,461.1857,165.5873,22.6109,0.1772,14.9956,-34.5057,61.1386,19.3649
SCC,Hybrid DT,0.1,4.0,283.5887,74.3417,16.9013,0.1077,14.5637,-28.2235,6.4331,-7.1517
ISB,Hybrid DT,0.1,4.0,920.9397,355.5887,8.2209,0.1368,11.8831,-30.7078,36.2215,5.3256
SHA,Hybrid DT,0.15,0.0,6731.9216,1988.3011,14.4084,0.584,20.2786,21.4616,20.1616,15.4628
BND,Hybrid DT,0.15,0.0,9597.8607,2679.0357,15.5701,0.5908,21.4053,22.2826,19.4479,17.2507
ORO,Hybrid DT,0.15,0.0,5056.6269,1818.1078,29.9005,0.416,24.9391,25.3178,20.8661,25.019
YRS,Hybrid DT,0.15,0.0,2603.0675,1006.8916,59.1759,0.5362,25.4744,23.1512,18.6608,31.5861
FOL,Hybrid DT,0.15,0.0,3234.1225,1347.8978,43.8779,0.3782,28.1027,25.0803,19.5259,41.5425
MKM,Hybrid DT,0.15,0.0,849.4325,479.6233,37.1012,0.2779,27.4457,22.8349,28.1857,46.8521
NHG,Hybrid DT,0.15,0.0,190.9358,33.1334,27.2343,0.0562,47.1805,46.368,26.5632,97.8444
NML,Hybrid DT,0.15,0.0,1351.1887,756.8063,30.1781,0.4818,25.2994,22.9874,19.0305,24.6139
TLG,Hybrid DT,0.15,0.0,2225.0227,1342.5366,25.5166,0.3301,24.0839,20.5946,24.5867,34.6635
MRC,Hybrid DT,0.15,0.0,1133.928,700.2478,22.9524,0.1348,30.0869,25.6936,24.4072,53.6452
MIL,Hybrid DT,0.15,0.0,1933.1763,1328.2549,13.3406,0.3337,26.448,23.1537,20.7143,33.0905
PNF,Hybrid DT,0.15,0.0,2131.4481,1494.5264,14.9538,0.4118,24.3239,21.3105,12.834,37.0694
TRM,Hybrid DT,0.15,0.0,514.4498,317.6871,16.9971,0.2098,28.2769,25.654,21.1315,41.3027
SCC,Hybrid DT,0.15,0.0,322.1798,134.7679,16.5171,0.169,30.1536,30.1177,4.0137,45.7295
ISB,Hybrid DT,0.15,0.0,1055.4082,656.7742,7.2651,0.162,28.2194,27.983,20.3834,24.7587
SHA,Hybrid DT,0.15,0.5,6748.8124,1900.135,14.6557,0.5707,20.5804,16.0757,22.2238,12.8411
BND,Hybrid DT,0.15,0.5,9615.766,2565.5688,15.7214,0.5777,21.6318,17.1034,20.6087,14.6501
ORO,Hybrid DT,0.15,0.5,5093.6408,1665.8726,31.5033,0.3995,25.8537,14.8246,27.3448,20.058
YRS,Hybrid DT,0.15,0.5,2612.9103,928.9247,62.9362,0.5158,25.9488,13.6152,26.2012,26.5736
FOL,Hybrid DT,0.15,0.5,3239.4021,1247.0027,45.5952,0.3589,28.3118,15.7176,24.2041,34.2969
MKM,Hybrid DT,0.15,0.5,845.3984,449.1829,37.651,0.2641,26.8404,15.0389,30.0852,39.5774
NHG,Hybrid DT,0.15,0.5,190.7877,32.2728,27.252,0.0578,47.0664,42.5664,26.6453,103.4521
NML,Hybrid DT,0.15,0.5,1349.6069,718.1654,31.8288,0.4772,25.1527,16.7079,25.5414,23.4203
TLG,Hybrid DT,0.15,0.5,2211.9873,1269.8256,27.8856,0.3191,23.357,14.0633,36.1532,30.179
MRC,Hybrid DT,0.15,0.5,1126.1227,655.8872,24.9234,0.1249,29.1915,17.7309,35.0902,42.3458
MIL,Hybrid DT,0.15,0.5,1924.0864,1286.3557,14.7506,0.3363,25.8534,19.2689,33.4733,34.1542
PNF,Hybrid DT,0.15,0.5,2118.1682,1454.0095,15.1889,0.4053,23.5494,18.0218,14.6079,34.9045
TRM,Hybrid DT,0.15,0.5,513.2542,301.8082,18.2568,0.2114,27.9787,19.3734,30.1084,42.4242
SCC,Hybrid DT,0.15,0.5,321.056,125.8891,16.6387,0.1607,29.6996,21.5452,4.7793,38.6137
ISB,Hybrid DT,0.15,0.5,1049.2856,623.1724,7.4779,0.1627,27.4755,21.4351,23.91,25.2418
SHA,Hybrid DT,0.15,1.0,6761.2749,1821.7216,14.9935,0.559,20.8031,11.2856,25.041,10.5306
BND,Hybrid DT,0.15,1.0,9627.8135,2465.9566,15.9734,0.5651,21.7842,12.5567,22.5423,12.1374
ORO,Hybrid DT,0.15,1.0,5124.0249,1532.0787,33.415,0.384,26.6044,5.6025,35.0726,15.4068
YRS,Hybrid DT,0.15,1.0,2622.304,851.2985,65.6971,0.4993,26.4016,4.1209,31.7373,22.5247
FOL,Hybrid DT,0.15,1.0,3243.8641,1151.9337,46.8531,0.3421,28.4886,6.8955,27.6305,28.0348
MKM,Hybrid DT,0.15,1.0,841.2162,416.9872,38.5343,0.2517,26.2129,6.7933,33.1371,32.9984
NHG,Hybrid DT,0.15,1.0,190.357,31.4609,27.2355,0.0593,46.7344,38.9798,26.5685,108.704
NML,Hybrid DT,0.15,1.0,1346.8038,673.2211,33.2792,0.4712,24.8928,9.4041,31.2622,21.8598
TLG,Hybrid DT,0.15,1.0,2198.6352,1190.8912,30.7706,0.3138,22.6124,6.9729,50.2398,28.0208
MRC,Hybrid DT,0.15,1.0,1117.8151,607.732,26.2354,0.1165,28.2384,9.0871,42.2015,32.713
MIL,Hybrid DT,0.15,1.0,1915.1885,1237.4833,16.5313,0.3388,25.2714,14.7375,49.5861,35.1464
PNF,Hybrid DT,0.15,1.0,2104.8318,1403.5445,16.4619,0.3989,22.7715,13.9255,24.213,32.7991
TRM,Hybrid DT,0.15,1.0,511.724,283.5712,19.3865,0.2128,27.5972,12.1602,38.1595,43.373
SCC,Hybrid DT,0.15,1.0,319.7321,117.9735,16.7033,0.1533,29.1648,13.9028,5.186,32.2009
ISB,Hybrid DT,0.15,1.0,1043.7128,588.4654,7.6956,0.1631,26.7985,14.6719,27.5172,25.533
SHA,Hybrid DT,0.15,1.5,6768.9724,1751.6116,15.1939,0.5504,20.9406,7.0027,26.7127,8.8317
BND,Hybrid DT,0.15,1.5,9633.2269,2378.2709,16.2722,0.5553,21.8526,8.5544,24.8339,10.2066
ORO,Hybrid DT,0.15,1.5,5146.7,1418.4038,34.6653,0.3719,27.1647,-2.2328,40.1266,11.792
YRS,Hybrid DT,0.15,1.5,2629.3893,777.2609,67.5978,0.4875,26.7432,-4.9346,35.5486,19.6193
FOL,Hybrid DT,0.15,1.5,3246.8507,1065.6104,47.8845,0.329,28.6069,-1.115,30.4403,23.1177
MKM,Hybrid DT,0.15,1.5,836.1509,382.9877,41.16,0.2391,25.4529,-1.9142,42.2087,26.348
NHG,Hybrid DT,0.15,1.5,189.6792,30.6968,27.1953,0.0608,46.2119,35.6044,26.3817,113.8419
NML,Hybrid DT,0.15,1.5,1344.1102,626.5815,33.9817,0.4625,24.643,1.8248,34.0331,19.6115
TLG,Hybrid DT,0.15,1.5,2184.8991,1109.9436,31.7274,0.3051,21.8463,-0.2983,54.9114,24.4559
MRC,Hybrid DT,0.15,1.5,1109.6951,559.116,26.9949,0.1088,27.3069,0.3606,46.318,23.9789
MIL,Hybrid DT,0.15,1.5,1906.5735,1184.6391,17.6669,0.3404,24.7079,9.8379,59.8622,35.7815
PNF,Hybrid DT,0.15,1.5,2091.5976,1346.0907,19.7457,0.3994,21.9995,9.262,48.9914,32.9415
TRM,Hybrid DT,0.15,1.5,509.1693,265.3135,20.3923,0.2102,26.9602,4.9388,45.3277,41.5792
SCC,Hybrid DT,0.15,1.5,318.2896,109.8832,16.705,0.1462,28.5821,6.0916,5.197,26.0688
ISB,Hybrid DT,0.15,1.5,1037.1915,552.4471,7.906,0.1629,26.0063,7.6531,31.0046,25.4533
SHA,Hybrid DT,0.15,2.0,6770.7364,1689.8953,15.4978,0.5425,20.9721,3.2326,29.2467,7.2541
BND,Hybrid DT,0.15,2.0,9630.8335,2301.0852,16.6122,0.5469,21.8224,5.0313,27.4427,8.5322
ORO,Hybrid DT,0.15,2.0,5163.6326,1324.0505,35.1976,0.3627,27.583,-8.7364,42.2782,9.0245
YRS,Hybrid DT,0.15,2.0,2635.5884,711.0905,68.8098,0.4772,27.042,-13.0277,37.9791,17.1109
FOL,Hybrid DT,0.15,2.0,3247.4789,989.1257,48.9644,0.3177,28.6318,-8.2125,33.3819,18.8944
MKM,Hybrid DT,0.15,2.0,831.1571,350.2396,42.3144,0.2299,24.7037,-10.3012,46.1974,21.4867
NHG,Hybrid DT,0.15,2.0,188.7145,29.9856,27.1454,0.0619,45.4683,32.4628,26.1497,117.6081
NML,Hybrid DT,0.15,2.0,1341.07,578.7643,34.5777,0.456,24.3611,-5.9459,36.3836,17.9358
TLG,Hybrid DT,0.15,2.0,2170.7576,1027.348,32.8968,0.2989,21.0577,-7.7175,60.621,21.9314
MRC,Hybrid DT,0.15,2.0,1101.8269,511.1923,27.9459,0.1029,26.4042,-8.2416,51.4727,17.3011
MIL,Hybrid DT,0.15,2.0,1897.871,1126.2587,19.0533,0.3426,24.1387,4.4249,72.407,36.6474
PNF,Hybrid DT,0.15,2.0,2078.9519,1279.032,23.0169,0.3978,21.2619,3.8189,73.6739,32.4092
TRM,Hybrid DT,0.15,2.0,506.998,247.1962,21.5124,0.2092,26.4187,-2.2271,53.3099,40.8915
SCC,Hybrid DT,0.15,2.0,316.5504,102.6945,16.78,0.1389,27.8794,-0.849,5.669,19.7725
ISB,Hybrid DT,0.15,2.0,1029.5149,515.8391,8.0473,0.1614,25.0736,0.5195,33.3446,24.2896
SHA,Hybrid DT,0.15,2.5,6765.8458,1636.1893,15.5823,0.535,20.8847,-0.0482,29.9514,5.7856
BND,Hybrid DT,0.15,2.5,9619.9186,2234.0928,16.7276,0.5389,21.6843,1.9735,28.3277,6.953
ORO,Hybrid DT,0.15,2.5,5173.6641,1249.1918,35.6675,0.3543,27.8309,-13.8962,44.1776,6.4951
YRS,Hybrid DT,0.15,2.5,2639.3261,654.2137,69.868,0.4697,27.2222,-19.9842,40.101,15.2657
FOL,Hybrid DT,0.15,2.5,3246.523,921.6125,49.629,0.3102,28.5939,-14.4775,35.1922,16.0954
MKM,Hybrid DT,0.15,2.5,825.9196,317.9665,42.8442,0.2203,23.9179,-18.5666,48.0279,16.3942
NHG,Hybrid DT,0.15,2.5,187.6088,29.3423,27.0839,0.0627,44.6159,29.6207,25.8642,120.4498
NML,Hybrid DT,0.15,2.5,1338.3898,532.8234,35.1506,0.4495,24.1125,-13.4117,38.6436,16.2397
TLG,Hybrid DT,0.15,2.5,2158.0026,946.4294,34.4654,0.2915,20.3464,-14.9861,68.2797,18.9252
MRC,Hybrid DT,0.15,2.5,1094.3886,465.3977,28.8314,0.0944,25.5509,-16.4617,56.2726,7.5247
MIL,Hybrid DT,0.15,2.5,1889.0918,1062.9893,21.0987,0.3434,23.5644,-1.4413,90.9151,36.9683
PNF,Hybrid DT,0.15,2.5,2065.4881,1204.2864,24.5609,0.3965,20.4766,-2.2482,85.3243,31.974
TRM,Hybrid DT,0.15,2.5,504.4993,227.9059,22.1867,0.2056,25.7957,-9.857,58.115,38.5152
SCC,Hybrid DT,0.15,2.5,314.3112,96.4621,16.8736,0.134,26.9749,-6.8664,6.2587,15.5755
ISB,Hybrid DT,0.15,2.5,1021.3875,480.4845,8.1862,0.1579,24.0863,-6.3699,35.6475,21.5411
SHA,Hybrid DT,0.15,3.0,6752.8208,1590.7906,15.6193,0.5293,20.652,-2.8215,30.2604,4.6586
BND,Hybrid DT,0.15,3.0,9600.1894,2177.2743,16.7833,0.5306,21.4347,-0.62,28.7553,5.3015
ORO,Hybrid DT,0.15,3.0,5176.2463,1187.1061,35.8587,0.3483,27.8947,-18.1756,44.9506,4.6723
YRS,Hybrid DT,0.15,3.0,2640.4944,606.5615,70.2933,0.4624,27.2785,-25.8125,40.9537,13.4736
FOL,Hybrid DT,0.15,3.0,3242.9264,864.6078,49.973,0.3015,28.4514,-19.7673,36.1294,12.8183
MKM,Hybrid DT,0.15,3.0,820.9147,288.2083,43.9011,0.2098,23.167,-26.1879,51.6793,10.8515
NHG,Hybrid DT,0.15,3.0,186.2013,28.7176,27.0081,0.0636,43.531,26.8612,25.5119,123.6446
NML,Hybrid DT,0.15,3.0,1334.8057,487.5792,35.4163,0.4417,23.7802,-20.7643,39.6916,14.245
TLG,Hybrid DT,0.15,3.0,2145.0068,866.7492,35.9094,0.2866,19.6216,-22.1434,75.3301,16.9087
MRC,Hybrid DT,0.15,3.0,1088.2092,421.866,29.8364,0.0843,24.842,-24.2756,61.7196,-3.9015
MIL,Hybrid DT,0.15,3.0,1880.7484,997.2932,22.6207,0.3408,23.0187,-7.5325,104.6868,35.9272
PNF,Hybrid DT,0.15,3.0,2050.8213,1127.8532,26.5555,0.3902,19.6211,-8.4523,100.3745,29.8898
TRM,Hybrid DT,0.15,3.0,502.2693,210.3004,22.325,0.2032,25.2397,-16.8204,59.1005,36.8571
SCC,Hybrid DT,0.15,3.0,312.0623,90.4941,16.9254,0.1296,26.0664,-12.6284,6.5849,11.7558
ISB,Hybrid DT,0.15,3.0,1012.9498,446.6634,8.3092,0.1546,23.0612,-12.9605,37.6854,19.063
SHA,Hybrid DT,0.15,3.5,6733.9683,1552.1704,15.9519,0.5234,20.3152,-5.1808,33.0337,3.4799
BND,Hybrid DT,0.15,3.5,9573.3022,2128.8966,16.8344,0.5237,21.0946,-2.8281,29.1474,3.9382
ORO,Hybrid DT,0.15,3.5,5171.7481,1137.5244,35.7662,0.3418,27.7836,-21.5932,44.5768,2.7439
YRS,Hybrid DT,0.15,3.5,2639.4198,567.6826,70.7777,0.4583,27.2267,-30.5677,41.9251,12.46
FOL,Hybrid DT,0.15,3.5,3237.024,815.7229,50.1707,0.292,28.2177,-24.3037,36.668,9.2725
MKM,Hybrid DT,0.15,3.5,815.5343,260.4889,45.0666,0.204,22.3597,-33.287,55.7064,7.8186
NHG,Hybrid DT,0.15,3.5,184.6445,28.1435,26.9252,0.0644,42.331,24.3252,25.1268,126.6487
NML,Hybrid DT,0.15,3.5,1331.7076,444.6584,36.588,0.4362,23.4929,-27.7393,44.3128,12.8217
TLG,Hybrid DT,0.15,3.5,2132.199,788.6573,36.7349,0.2796,18.9074,-29.1581,79.3608,14.0748
MRC,Hybrid DT,0.15,3.5,1082.3728,381.1454,31.3783,0.0747,24.1724,-31.5849,70.0772,-14.8892
MIL,Hybrid DT,0.15,3.5,1872.439,931.7662,23.3347,0.3354,22.4752,-13.6081,111.1477,33.7694
PNF,Hybrid DT,0.15,3.5,2036.4414,1051.0205,28.0699,0.3828,18.7824,-14.6888,111.8012,27.439
TRM,Hybrid DT,0.15,3.5,499.6859,194.3825,23.1282,0.2013,24.5955,-23.1164,64.8248,35.5771
SCC,Hybrid DT,0.15,3.5,309.7858,85.3927,16.956,0.1254,25.1467,-17.5539,6.7772,8.1374
ISB,Hybrid DT,0.15,3.5,1003.9405,414.8804,8.38,0.1504,21.9667,-19.1539,38.8574,15.7621
SHA,Hybrid DT,0.15,4.0,6708.4464,1518.9727,16.0383,0.5183,19.8592,-7.2088,33.7546,2.4779
BND,Hybrid DT,0.15,4.0,9538.5983,2087.2106,16.8804,0.517,20.6557,-4.7309,29.5005,2.6071
ORO,Hybrid DT,0.15,4.0,5161.8963,1095.404,35.8599,0.3358,27.5401,-24.4964,44.9554,0.9291
YRS,Hybrid DT,0.15,4.0,2636.4237,537.3715,70.6384,0.4546,27.0822,-34.275,41.6458,11.5515
FOL,Hybrid DT,0.15,4.0,3229.1244,774.0863,50.2975,0.2845,27.9048,-28.1674,37.0133,6.4794
MKM,Hybrid DT,0.15,4.0,810.5692,237.1932,45.4705,0.1999,21.6148,-39.2532,57.1018,5.618
NHG,Hybrid DT,0.15,4.0,182.9177,27.5761,26.8328,0.065,40.9999,21.8187,24.6971,128.5518
NML,Hybrid DT,0.15,4.0,1328.3126,406.5077,37.2163,0.4312,23.178,-33.9391,46.7913,11.5156
TLG,Hybrid DT,0.15,4.0,2120.5967,717.6052,37.4649,0.2743,18.2603,-35.5404,82.9248,11.8898
MRC,Hybrid DT,0.15,4.0,1077.0985,343.6408,31.4936,0.0681,23.5673,-38.3169,70.7021,-22.3926
MIL,Hybrid DT,0.15,4.0,1863.7782,865.6302,24.7148,0.3297,21.9087,-19.7401,123.636,31.508
PNF,Hybrid DT,0.15,4.0,2024.0054,972.5616,28.8632,0.3697,18.057,-21.0573,117.7874,23.083
TRM,Hybrid DT,0.15,4.0,497.4386,178.7195,23.2024,0.198,24.0351,-29.3115,65.3541,33.3492
SCC,Hybrid DT,0.15,4.0,307.2527,81.0481,17.0079,0.1223,24.1234,-21.7485,7.1045,5.4559
ISB,Hybrid DT,0.15,4.0,995.1997,385.1417,8.4607,0.1466,20.9048,-24.949,40.1946,12.8845
SHA,Hybrid DT,0.2,0.0,7122.1824,2111.3213,15.1237,0.6122,27.2514,28.9767,26.1266,21.0357
BND,Hybrid DT,0.2,0.0,10175.7427,2848.8698,16.3221,0.6221,28.715,30.0345,25.2173,23.46
ORO,Hybrid DT,0.2,0.0,5398.776,1942.2529,31.4035,0.4483,33.393,33.8748,26.9416,34.7253
YRS,Hybrid DT,0.2,0.0,2778.0348,1068.5012,62.0004,0.5853,33.9083,30.6865,24.3246,43.6185
FOL,Hybrid DT,0.2,0.0,3472.7542,1436.8869,46.2433,0.4197,37.5549,33.3382,25.9694,57.0758
MKM,Hybrid DT,0.2,0.0,910.8038,508.213,38.7804,0.3124,36.6536,30.1569,33.9872,65.0536
NHG,Hybrid DT,0.2,0.0,212.5086,36.842,28.831,0.0677,63.8096,62.7513,33.9832,138.2635
NML,Hybrid DT,0.2,0.0,1442.6885,802.999,31.7826,0.5179,33.7844,30.4941,25.3593,33.9484
TLG,Hybrid DT,0.2,0.0,2369.8045,1416.118,27.2987,0.3636,32.158,27.2041,33.2878,48.3121
MRC,Hybrid DT,0.2,0.0,1223.2933,747.0832,24.4784,0.1549,40.3391,34.1005,32.678,76.4435
MIL,Hybrid DT,0.2,0.0,2070.0607,1409.2644,14.2363,0.3646,35.4015,30.6648,28.8193,45.4355
PNF,Hybrid DT,0.2,0.0,2271.4745,1579.1396,15.3079,0.4512,32.4915,28.1786,15.5059,50.1947
TRM,Hybrid DT,0.2,0.0,553.124,339.1054,17.8411,0.2343,37.9202,34.1255,27.1457,57.8054
SCC,Hybrid DT,0.2,0.0,347.454,145.2724,16.7503,0.1877,40.3638,40.2597,5.4818,61.8972
ISB,Hybrid DT,0.2,0.0,1134.882,704.8803,7.598,0.1736,37.8745,37.3572,25.901,33.6782
SHA,Hybrid DT,0.2,0.5,7142.2869,2016.4069,15.396,0.5971,27.6106,23.1786,28.3975,18.0517
BND,Hybrid DT,0.2,0.5,10197.8414,2727.1502,16.4018,0.6066,28.9946,24.4787,25.8287,20.3754
ORO,Hybrid DT,0.2,0.5,5437.0354,1779.2364,33.0037,0.4285,34.3383,22.6385,33.4101,28.795
YRS,Hybrid DT,0.2,0.5,2787.9426,986.4698,65.8163,0.5613,34.3858,20.6534,31.9764,37.7483
FOL,Hybrid DT,0.2,0.5,3477.1511,1329.7713,47.3842,0.3988,37.729,23.3982,29.0772,49.251
MKM,Hybrid DT,0.2,0.5,906.3077,476.1185,40.2111,0.2968,35.979,21.9373,38.9304,56.8438
NHG,Hybrid DT,0.2,0.5,212.3145,35.9009,28.835,0.0692,63.6601,58.5936,34.0016,143.281
NML,Hybrid DT,0.2,0.5,1440.2755,762.4674,32.93,0.5101,33.5607,23.9074,29.8846,31.9127
TLG,Hybrid DT,0.2,0.5,2355.9489,1340.0564,29.6859,0.3517,31.3853,20.3718,44.9434,43.4774
MRC,Hybrid DT,0.2,0.5,1214.7109,699.9751,26.3172,0.1433,39.3545,25.6447,42.6449,63.3182
MIL,Hybrid DT,0.2,0.5,2060.6742,1364.9024,16.4993,0.3664,34.7875,26.5516,49.2966,46.1363
PNF,Hybrid DT,0.2,0.5,2257.8598,1537.2865,16.0898,0.4457,31.6973,24.7813,21.4053,48.3819
TRM,Hybrid DT,0.2,0.5,551.7272,322.3893,19.1677,0.2355,37.5719,27.5138,36.6001,58.6055
SCC,Hybrid DT,0.2,0.5,346.0669,135.7251,16.7709,0.1794,39.8035,31.0419,5.6121,54.6685
ISB,Hybrid DT,0.2,0.5,1128.3373,669.0743,7.8275,0.1743,37.0794,30.3798,29.7031,34.2146
SHA,Hybrid DT,0.2,1.0,7157.0369,1931.7868,15.7271,0.5841,27.8741,18.0093,31.1587,15.4835
BND,Hybrid DT,0.2,1.0,10212.8717,2620.2433,16.5648,0.5937,29.1847,19.599,27.0789,17.8191
ORO,Hybrid DT,0.2,1.0,5469.0221,1635.7873,34.835,0.4109,35.1286,12.7509,40.8124,23.5006
YRS,Hybrid DT,0.2,1.0,2796.8759,904.6624,68.0355,0.54,34.8164,10.6477,36.4264,32.5148
FOL,Hybrid DT,0.2,1.0,3480.9845,1228.967,49.0657,0.3794,37.8809,14.0439,33.6577,41.9928
MKM,Hybrid DT,0.2,1.0,901.5176,442.0473,40.8788,0.2817,35.2603,13.2114,41.2373,48.8389
NHG,Hybrid DT,0.2,1.0,211.8961,35.0297,28.8346,0.0706,63.3376,54.7451,34.0,148.1843
NML,Hybrid DT,0.2,1.0,1436.7564,715.2535,34.5234,0.5017,33.2343,16.2347,36.1698,29.7533
TLG,Hybrid DT,0.2,1.0,2341.896,1257.5789,32.7181,0.3433,30.6016,12.9632,59.7487,40.0662
MRC,Hybrid DT,0.2,1.0,1205.6311,648.7968,27.4101,0.134,38.3129,16.4582,48.5688,52.6745
MIL,Hybrid DT,0.2,1.0,2051.1156,1313.172,18.0782,0.3696,34.1623,21.7552,63.5838,47.4257
PNF,Hybrid DT,0.2,1.0,2243.9809,1484.8394,18.0819,0.4393,30.8878,20.5242,36.4372,46.235
TRM,Hybrid DT,0.2,1.0,549.8922,303.1291,20.222,0.236,37.1143,19.8959,44.1133,59.0031
SCC,Hybrid DT,0.2,1.0,344.6394,127.3497,16.8864,0.171,39.2268,22.9554,6.3393,47.426
ISB,Hybrid DT,0.2,1.0,1122.3303,631.9244,7.9644,0.1748,36.3496,23.1406,31.9712,34.5854
SHA,Hybrid DT,0.2,1.5,7167.0666,1856.4868,15.985,0.5744,28.0533,13.4093,33.3096,13.5618
BND,Hybrid DT,0.2,1.5,10221.8549,2526.7037,16.852,0.5827,29.2983,15.3295,29.2826,15.6344
ORO,Hybrid DT,0.2,1.5,5493.2999,1513.8841,36.0847,0.3982,35.7285,4.3484,45.864,19.6857
YRS,Hybrid DT,0.2,1.5,2803.926,826.5304,70.1703,0.5274,35.1563,1.0915,40.7072,29.4144
FOL,Hybrid DT,0.2,1.5,3483.4912,1137.4338,49.7822,0.365,37.9802,5.55,35.6097,36.5765
MKM,Hybrid DT,0.2,1.5,895.8374,406.0883,42.9444,0.2673,34.4081,4.002,48.3741,41.2589
NHG,Hybrid DT,0.2,1.5,211.1813,34.2032,28.8359,0.0717,62.7865,51.0943,34.0061,152.3087
NML,Hybrid DT,0.2,1.5,1433.1272,665.8347,35.2116,0.4911,32.8978,8.2037,38.8839,27.0013
TLG,Hybrid DT,0.2,1.5,2327.1166,1172.7334,33.4456,0.3334,29.7774,5.3419,63.3007,35.989
MRC,Hybrid DT,0.2,1.5,1196.7473,597.1989,28.216,0.1251,37.2937,7.1964,52.9368,42.5191
MIL,Hybrid DT,0.2,1.5,2041.6626,1257.3067,18.9403,0.3697,33.544,16.5755,71.3844,47.4497
PNF,Hybrid DT,0.2,1.5,2229.9843,1424.9527,21.108,0.4374,30.0714,15.6632,59.2708,45.6022
TRM,Hybrid DT,0.2,1.5,547.0174,283.8835,21.3334,0.2342,36.3975,12.2837,52.0338,57.7309
SCC,Hybrid DT,0.2,1.5,342.9353,118.6675,16.8941,0.163,38.5384,14.5728,6.3875,40.5969
ISB,Hybrid DT,0.2,1.5,1115.4302,593.5017,8.219,0.1747,35.5113,15.6533,36.1911,34.5276
SHA,Hybrid DT,0.2,2.0,7170.7758,1790.2558,16.323,0.5658,28.1196,9.3634,36.1285,11.8638
BND,Hybrid DT,0.2,2.0,10221.862,2444.4339,17.1632,0.5735,29.2984,11.5743,31.6699,13.8144
ORO,Hybrid DT,0.2,2.0,5511.6731,1412.736,36.586,0.3877,36.1824,-2.6235,47.8905,16.5232
YRS,Hybrid DT,0.2,2.0,2810.1864,756.5485,70.8169,0.5146,35.4581,-7.4679,42.0036,26.2869
FOL,Hybrid DT,0.2,2.0,3484.1062,1056.3737,50.8004,0.3523,38.0045,-1.9721,38.3832,31.8225
MKM,Hybrid DT,0.2,2.0,890.3564,371.5388,44.0027,0.2566,33.5857,-4.8463,52.0304,35.5809
NHG,Hybrid DT,0.2,2.0,210.2224,33.4507,28.82,0.0726,62.0474,47.7697,33.9322,155.2223
NML,Hybrid DT,0.2,2.0,1429.3902,615.3196,35.6221,0.4825,32.5512,-0.0054,40.503,24.792
TLG,Hybrid DT,0.2,2.0,2312.1627,1086.199,34.5713,0.326,28.9435,-2.4312,68.7967,32.9736
MRC,Hybrid DT,0.2,2.0,1188.0932,546.3595,29.3343,0.1181,36.3009,-1.9291,58.9984,34.5615
MIL,Hybrid DT,0.2,2.0,2031.938,1195.5938,20.4412,0.3718,32.9079,10.8536,84.9659,48.2825
PNF,Hybrid DT,0.2,2.0,2216.3642,1354.9886,24.3537,0.4358,29.277,9.9842,83.7609,45.0805
TRM,Hybrid DT,0.2,2.0,544.5892,264.6921,22.1775,0.2327,35.792,4.693,58.0498,56.7576
SCC,Hybrid DT,0.2,2.0,341.0408,110.9969,16.938,0.1559,37.7731,7.1669,6.6643,34.4765
ISB,Hybrid DT,0.2,2.0,1107.4995,554.772,8.3339,0.1724,34.5478,8.1062,38.0936,32.6967
SHA,Hybrid DT,0.2,2.5,7167.7578,1732.7124,16.4242,0.5579,28.0657,5.8482,36.9727,10.3088
BND,Hybrid DT,0.2,2.5,10213.6379,2373.1464,17.3022,0.5655,29.1944,8.3205,32.7361,12.2349
ORO,Hybrid DT,0.2,2.5,5523.2877,1332.99,37.1642,0.3788,36.4694,-8.1202,50.2277,13.838
YRS,Hybrid DT,0.2,2.5,2814.4082,696.4487,72.0987,0.5056,35.6616,-14.8186,44.5739,24.0775
FOL,Hybrid DT,0.2,2.5,3482.9454,984.818,51.4329,0.3429,37.9585,-8.6123,40.1061,28.3315
MKM,Hybrid DT,0.2,2.5,884.5666,337.4304,44.5441,0.2462,32.717,-13.5817,53.9009,30.0769
NHG,Hybrid DT,0.2,2.5,209.0171,32.7526,28.8016,0.0732,61.1183,44.6859,33.8464,157.3025
NML,Hybrid DT,0.2,2.5,1426.2129,566.7478,36.1144,0.4751,32.2566,-7.8987,42.4448,22.8737
TLG,Hybrid DT,0.2,2.5,2298.4377,1001.0853,35.9759,0.3165,28.1781,-10.0766,75.6547,29.1003
MRC,Hybrid DT,0.2,2.5,1179.8089,497.8579,30.3272,0.1098,35.3505,-10.6351,64.38,25.073
MIL,Hybrid DT,0.2,2.5,2022.1111,1128.917,22.4403,0.3724,32.2651,4.6714,103.0549,48.5396
PNF,Hybrid DT,0.2,2.5,2201.4925,1276.7527,26.0087,0.4333,28.4095,3.6338,96.2491,44.2448
TRM,Hybrid DT,0.2,2.5,541.7335,244.2069,22.8016,0.2279,35.08,-3.4095,62.4978,53.5326
SCC,Hybrid DT,0.2,2.5,338.6162,104.3269,17.0104,0.1503,36.7936,0.727,7.1198,29.5712
ISB,Hybrid DT,0.2,2.5,1098.8175,516.9961,8.4134,0.1686,33.4931,0.745,39.4108,29.8382
SHA,Hybrid DT,0.2,3.0,7156.9539,1684.5264,16.4372,0.5513,27.8726,2.9046,37.0811,9.0048
BND,Hybrid DT,0.2,3.0,10196.6968,2313.1092,17.3542,0.5574,28.9801,5.5801,33.135,10.6192
ORO,Hybrid DT,0.2,3.0,5527.0424,1266.7888,37.2723,0.3707,36.5622,-12.6833,50.6649,11.4044
YRS,Hybrid DT,0.2,3.0,2816.1965,646.1789,72.616,0.4983,35.7478,-20.967,45.6113,22.269
FOL,Hybrid DT,0.2,3.0,3479.4602,924.5119,51.7004,0.3346,37.8205,-14.2084,40.8348,25.2032
MKM,Hybrid DT,0.2,3.0,879.4432,306.2699,45.744,0.2346,31.9483,-21.5621,58.0466,23.9467
NHG,Hybrid DT,0.2,3.0,207.5693,32.0866,28.7656,0.0738,60.0022,41.7438,33.6793,159.4954
NML,Hybrid DT,0.2,3.0,1422.1686,519.0251,36.4056,0.4655,31.8816,-15.6541,43.5937,20.3828
TLG,Hybrid DT,0.2,3.0,2284.8196,917.8453,37.4634,0.3103,27.4186,-17.5537,82.9178,26.5871
MRC,Hybrid DT,0.2,3.0,1172.8959,451.7284,31.311,0.0967,34.5574,-18.9153,69.7123,10.1754
MIL,Hybrid DT,0.2,3.0,2012.907,1059.6837,23.9159,0.3677,31.6631,-1.7478,116.4075,46.6738
PNF,Hybrid DT,0.2,3.0,2185.5526,1196.7242,27.7957,0.4267,27.4798,-2.8621,109.7328,42.0444
TRM,Hybrid DT,0.2,3.0,539.3382,225.558,22.9445,0.2249,34.4827,-10.7856,63.5158,51.5243
SCC,Hybrid DT,0.2,3.0,336.1918,97.922,17.0293,0.1456,35.8142,-5.4569,7.2387,25.5695
ISB,Hybrid DT,0.2,3.0,1089.856,480.9509,8.5124,0.1649,32.4044,-6.279,41.0518,26.9619
SHA,Hybrid DT,0.2,3.5,7139.814,1643.5134,16.6947,0.5457,27.5664,0.3992,39.2282,7.8961
BND,Hybrid DT,0.2,3.5,10172.4469,2262.184,17.4092,0.5498,28.6733,3.2557,33.557,9.1133
ORO,Hybrid DT,0.2,3.5,5523.821,1214.2363,37.2313,0.3635,36.4826,-16.3056,50.4992,9.2544
YRS,Hybrid DT,0.2,3.5,2815.802,605.1126,72.8684,0.4929,35.7287,-25.9897,46.1174,20.9402
FOL,Hybrid DT,0.2,3.5,3473.9512,872.9081,51.7893,0.3257,37.6023,-18.9971,41.0771,21.8956
MKM,Hybrid DT,0.2,3.5,873.8349,277.1804,46.5442,0.2276,31.1069,-29.0122,60.8113,20.2717
NHG,Hybrid DT,0.2,3.5,205.8854,31.4549,28.6857,0.0742,58.7043,38.9534,33.3078,160.9324
NML,Hybrid DT,0.2,3.5,1418.7,473.5309,37.3638,0.4596,31.5599,-23.0473,47.3729,18.8599
TLG,Hybrid DT,0.2,3.5,2271.2471,835.7867,38.3043,0.3026,26.6617,-24.9247,87.0237,23.4452
MRC,Hybrid DT,0.2,3.5,1166.3025,408.4742,32.2444,0.0862,33.801,-26.6794,74.7715,-1.7598
MIL,Hybrid DT,0.2,3.5,2003.6679,990.4277,24.6619,0.3622,31.0588,-8.1691,123.157,44.4581
PNF,Hybrid DT,0.2,3.5,2169.5877,1115.9097,29.2743,0.4167,26.5486,-9.4218,120.8896,38.7115
TRM,Hybrid DT,0.2,3.5,536.4657,208.6319,23.5917,0.2229,33.7665,-17.4803,68.1284,50.1378
SCC,Hybrid DT,0.2,3.5,333.768,92.4669,17.0686,0.1411,34.835,-10.7237,7.4867,21.6583
ISB,Hybrid DT,0.2,3.5,1080.0276,446.9064,8.5942,0.1605,31.2103,-12.9131,42.4075,23.5743
SHA,Hybrid DT,0.2,4.0,7116.1386,1608.449,16.836,0.5399,27.1434,-1.7428,40.4067,6.7512
BND,Hybrid DT,0.2,4.0,10140.0164,2218.4299,17.4534,0.5429,28.2631,1.2585,33.8959,7.735
ORO,Hybrid DT,0.2,4.0,5515.106,1169.8882,37.3131,0.3585,36.2672,-19.3624,50.8297,7.7409
YRS,Hybrid DT,0.2,4.0,2813.2241,573.1774,72.7696,0.4889,35.6045,-29.8957,45.9192,19.9581
FOL,Hybrid DT,0.2,4.0,3466.3824,829.0808,51.8743,0.3164,37.3025,-23.0641,41.3085,18.4142
MKM,Hybrid DT,0.2,4.0,868.7223,252.7074,46.9139,0.2219,30.3398,-35.2799,62.0886,17.2625
NHG,Hybrid DT,0.2,4.0,204.1184,30.8538,28.5954,0.0746,57.3421,36.298,32.8884,162.3684
NML,Hybrid DT,0.2,4.0,1415.0561,433.0513,37.8966,0.4534,31.222,-29.6255,49.4744,17.2509
TLG,Hybrid DT,0.2,4.0,2259.3994,761.4529,38.9606,0.2959,26.001,-31.6018,90.2279,20.7299
MRC,Hybrid DT,0.2,4.0,1160.2812,368.7207,32.4038,0.0786,33.1102,-33.8151,75.6356,-10.4049
MIL,Hybrid DT,0.2,4.0,1994.2373,920.6959,26.159,0.3548,30.4419,-14.6345,136.7039,41.5085
PNF,Hybrid DT,0.2,4.0,2155.7141,1033.1881,29.8247,0.4019,25.7393,-16.1363,125.0425,33.8021
TRM,Hybrid DT,0.2,4.0,533.9694,191.9283,23.708,0.2195,33.144,-24.0871,68.9569,47.8635
SCC,Hybrid DT,0.2,4.0,331.0956,87.8517,17.136,0.1372,33.7554,-15.1796,7.911,18.2713
ISB,Hybrid DT,0.2,4.0,1070.3484,414.9467,8.6238,0.1567,30.0344,-19.141,42.8976,20.6469
SHA,LSTM,-0.2,0.0,4819.5235,1406.3646,8.8246,0.497,-10.4217,-10.3286,-17.067,2.3221
BND,LSTM,-0.2,0.0,6929.6356,1856.2113,9.1286,0.5047,-10.2282,-9.2336,-16.8271,1.1479
ORO,LSTM,-0.2,0.0,3304.331,1184.2544,19.9155,0.3473,-14.2347,-13.5399,-20.3317,2.5964
YRS,LSTM,-0.2,0.0,1640.9355,732.0304,36.6674,0.3432,-20.153,-15.2502,-22.4813,-23.9177
FOL,LSTM,-0.2,0.0,2007.3489,902.4724,26.6322,0.2164,-19.8965,-17.1761,-20.217,-17.9303
MKM,LSTM,-0.2,0.0,539.7841,320.408,17.3465,0.1778,-18.2852,-16.7331,-26.6221,-9.0181
NHG,LSTM,-0.2,0.0,91.1714,15.8381,14.389,0.048,-30.2038,-30.2559,-22.0796,34.2391
NML,LSTM,-0.2,0.0,824.7032,443.8631,15.8849,0.3696,-14.658,-13.8261,-18.3935,-5.8695
TLG,LSTM,-0.2,0.0,1515.5406,918.368,15.5171,0.2862,-14.9139,-15.8352,-21.5331,2.0686
MRC,LSTM,-0.2,0.0,717.6113,451.7475,10.7536,0.1165,-16.8355,-16.4297,-22.4951,0.7311
MIL,LSTM,-0.2,0.0,1335.7802,896.4042,10.0934,0.2564,-12.237,-13.4048,-16.5486,7.182
PNF,LSTM,-0.2,0.0,1437.3781,998.4082,11.5478,0.2545,-10.1472,-9.8579,-15.509,2.5587
TRM,LSTM,-0.2,0.0,300.2896,180.8515,9.8281,0.1651,-20.3402,-23.7494,-19.2872,1.9768
SCC,LSTM,-0.2,0.0,173.4231,67.5923,9.6055,0.1617,-11.3001,-15.6371,-10.6726,58.0968
ISB,LSTM,-0.2,0.0,650.1372,365.2222,2.887,0.1767,-1.5587,-8.7432,-15.5715,29.869
SHA,LSTM,-0.2,0.5,4843.5494,1375.5764,8.948,0.4951,-9.9752,-12.2917,-15.9077,1.9478
BND,LSTM,-0.2,0.5,6960.2014,1828.2055,9.2061,0.5045,-9.8322,-10.6031,-16.1213,1.1141
ORO,LSTM,-0.2,0.5,3345.3291,1154.0866,20.6784,0.3253,-13.1706,-15.7424,-17.2798,-3.8862
YRS,LSTM,-0.2,0.5,1647.0037,709.262,37.6456,0.3065,-19.8577,-17.8862,-20.4134,-32.0641
FOL,LSTM,-0.2,0.5,2039.4121,887.9406,27.9873,0.1983,-18.617,-18.5097,-16.1573,-24.7835
MKM,LSTM,-0.2,0.5,544.4349,314.7405,18.0007,0.1595,-17.5812,-18.206,-23.8549,-18.3828
NHG,LSTM,-0.2,0.5,94.5538,16.3404,14.4272,0.0564,-27.6145,-28.0442,-21.873,57.8077
NML,LSTM,-0.2,0.5,839.6416,445.0078,16.3635,0.3466,-13.1121,-13.6039,-15.9348,-11.7377
TLG,LSTM,-0.2,0.5,1542.4275,918.8874,16.1907,0.2685,-13.4044,-15.7876,-18.1269,-4.2175
MRC,LSTM,-0.2,0.5,732.9197,452.0493,11.4359,0.1055,-15.0614,-16.3739,-17.5772,-8.7857
MIL,LSTM,-0.2,0.5,1362.3693,908.942,10.5754,0.2424,-10.49,-12.1936,-12.5636,1.3002
PNF,LSTM,-0.2,0.5,1470.3621,1014.656,11.9165,0.246,-8.0853,-8.3909,-12.8118,-0.8676
TRM,LSTM,-0.2,0.5,311.5112,183.7882,10.4088,0.1622,-17.3634,-22.5113,-14.5189,0.1947
SCC,LSTM,-0.2,0.5,189.0196,71.2759,9.8245,0.1905,-3.323,-11.0396,-8.6354,86.2348
ISB,LSTM,-0.2,0.5,700.2762,390.9255,3.1763,0.1831,6.0331,-2.3208,-7.1112,34.5488
SHA,LSTM,-0.2,1.0,4866.8426,1348.1869,9.0418,0.4951,-9.5422,-14.0381,-15.0263,1.9432
BND,LSTM,-0.2,1.0,6996.5175,1805.9333,9.2728,0.5062,-9.3617,-11.6921,-15.5133,1.4454
ORO,LSTM,-0.2,1.0,3384.1058,1120.8258,21.3253,0.3058,-12.1641,-18.1707,-14.6921,-9.6508
YRS,LSTM,-0.2,1.0,1649.8319,681.9792,38.9632,0.2766,-19.7201,-21.0448,-17.6278,-38.6926
FOL,LSTM,-0.2,1.0,2065.9421,867.4368,29.2255,0.1815,-17.5584,-20.3915,-12.448,-31.1659
MKM,LSTM,-0.2,1.0,547.304,306.5838,18.7372,0.1425,-17.1468,-20.3257,-20.7393,-27.0717
NHG,LSTM,-0.2,1.0,98.748,16.9848,14.512,0.0665,-24.4036,-25.2064,-21.4137,85.7978
NML,LSTM,-0.2,1.0,852.3978,443.6486,17.1245,0.3238,-11.7921,-13.8677,-12.0252,-17.5419
TLG,LSTM,-0.2,1.0,1570.8047,916.1611,16.8043,0.2508,-11.8112,-16.0375,-15.0242,-10.5592
MRC,LSTM,-0.2,1.0,748.1775,449.6357,12.4377,0.0948,-13.2932,-16.8204,-10.3569,-17.9888
MIL,LSTM,-0.2,1.0,1388.2214,917.7006,11.0108,0.2284,-8.7915,-11.3475,-8.9634,-4.528
PNF,LSTM,-0.2,1.0,1501.8184,1025.8965,12.3996,0.2369,-6.119,-7.3761,-9.2769,-4.5569
TRM,LSTM,-0.2,1.0,323.4483,186.2253,10.9162,0.1601,-14.1968,-21.4837,-10.352,-1.0957
SCC,LSTM,-0.2,1.0,207.8432,75.3136,10.0159,0.2292,6.3046,-6.0,-6.8559,124.0186
ISB,LSTM,-0.2,1.0,751.3701,414.6232,3.4634,0.1915,13.7696,3.6004,1.2837,40.721
SHA,LSTM,-0.2,1.5,4890.9199,1324.7361,9.1169,0.4975,-9.0947,-15.5334,-14.3205,2.4345
BND,LSTM,-0.2,1.5,7038.3382,1789.3682,9.3488,0.5102,-8.8199,-12.5022,-14.8215,2.2493
ORO,LSTM,-0.2,1.5,3419.5905,1084.919,22.2151,0.2886,-11.2431,-20.7922,-11.1325,-14.7399
YRS,LSTM,-0.2,1.5,1647.4189,649.5906,40.4432,0.2526,-19.8375,-24.7945,-14.4989,-44.0
FOL,LSTM,-0.2,1.5,2085.9988,841.2072,30.3045,0.1662,-16.758,-22.7987,-9.2155,-36.965
MKM,LSTM,-0.2,1.5,546.8894,295.2936,19.6116,0.1245,-17.2096,-23.2598,-17.0405,-36.2839
NHG,LSTM,-0.2,1.5,103.5586,17.7659,15.0199,0.0787,-20.7208,-21.767,-18.6633,119.9358
NML,LSTM,-0.2,1.5,857.3538,438.1448,17.8645,0.2988,-11.2792,-14.9363,-8.2233,-23.9147
TLG,LSTM,-0.2,1.5,1599.3318,909.9028,17.5135,0.236,-10.2096,-16.611,-11.4381,-15.8178
MRC,LSTM,-0.2,1.5,762.2985,443.8164,13.4126,0.083,-11.6567,-17.8969,-3.3304,-28.2538
MIL,LSTM,-0.2,1.5,1410.7106,920.9543,11.7102,0.2154,-7.3139,-11.0332,-3.1809,-9.9693
PNF,LSTM,-0.2,1.5,1526.8777,1028.7094,12.8426,0.227,-4.5525,-7.1221,-6.0354,-8.5507
TRM,LSTM,-0.2,1.5,335.5679,187.9732,11.4539,0.1581,-10.9817,-20.7468,-5.9355,-2.3565
SCC,LSTM,-0.2,1.5,228.9381,79.2543,10.2188,0.2797,17.0939,-1.0817,-4.9688,173.3432
ISB,LSTM,-0.2,1.5,801.4297,434.3094,3.6942,0.2017,21.3494,8.5194,8.0333,48.208
SHA,LSTM,-0.2,2.0,4920.3172,1306.5009,9.3181,0.5019,-8.5483,-16.6961,-12.4293,3.3276
BND,LSTM,-0.2,2.0,7089.9253,1779.4993,9.4221,0.5164,-8.1516,-12.9847,-14.153,3.4907
ORO,LSTM,-0.2,2.0,3447.8535,1045.8837,22.7387,0.273,-10.5095,-23.6421,-9.038,-19.3523
YRS,LSTM,-0.2,2.0,1637.7703,611.5788,41.7313,0.2341,-20.307,-29.1953,-11.7759,-48.1098
FOL,LSTM,-0.2,2.0,2098.4491,809.7928,30.887,0.1513,-16.2612,-25.6817,-7.4705,-42.5997
MKM,LSTM,-0.2,2.0,542.0671,280.6451,20.5766,0.1078,-17.9396,-27.0666,-12.9586,-44.8469
NHG,LSTM,-0.2,2.0,108.8179,18.7091,15.3909,0.0931,-16.6946,-17.6135,-16.6541,160.2987
NML,LSTM,-0.2,2.0,857.2531,428.2882,18.3117,0.2732,-11.2897,-16.8499,-5.9262,-30.4357
TLG,LSTM,-0.2,2.0,1626.0807,898.6512,18.5395,0.2224,-8.7079,-17.6422,-6.2495,-20.6813
MRC,LSTM,-0.2,2.0,775.0125,435.306,13.7423,0.0704,-10.1832,-19.4713,-0.9543,-39.0748
MIL,LSTM,-0.2,2.0,1429.9785,917.8814,12.4255,0.2032,-6.048,-11.3301,2.7332,-15.083
PNF,LSTM,-0.2,2.0,1542.2218,1020.3776,13.6314,0.2167,-3.5933,-7.8743,-0.2647,-12.6861
TRM,LSTM,-0.2,2.0,346.4339,187.9274,11.8204,0.1571,-8.0992,-20.7661,-2.9262,-2.9673
SCC,LSTM,-0.2,2.0,252.5298,83.5237,10.3803,0.3473,29.1603,4.247,-3.467,239.4928
ISB,LSTM,-0.2,2.0,850.3239,449.6807,3.8786,0.2138,28.7528,12.3601,13.4272,57.1457
SHA,LSTM,-0.2,2.5,4951.0948,1292.2772,9.4975,0.5075,-7.9763,-17.603,-10.7435,4.4937
BND,LSTM,-0.2,2.5,7151.3378,1776.3862,9.5019,0.5255,-7.3561,-13.137,-13.4265,5.3197
ORO,LSTM,-0.2,2.5,3469.9265,1004.9536,23.1561,0.2615,-9.9366,-26.6303,-7.3684,-22.7534
YRS,LSTM,-0.2,2.5,1621.0395,569.0241,42.8295,0.2198,-21.1211,-34.122,-9.4541,-51.2843
FOL,LSTM,-0.2,2.5,2102.1264,773.8271,31.2005,0.139,-16.1144,-28.9824,-6.5315,-47.2807
MKM,LSTM,-0.2,2.5,531.8777,262.1186,21.1936,0.0944,-19.4821,-31.8813,-10.3485,-51.6943
NHG,LSTM,-0.2,2.5,114.5046,19.8455,15.568,0.1085,-12.3411,-12.6094,-15.6948,203.3299
NML,LSTM,-0.2,2.5,855.3173,415.0475,18.6725,0.2473,-11.49,-19.4205,-4.0722,-37.018
TLG,LSTM,-0.2,2.5,1646.5683,879.2029,19.3145,0.2073,-7.5576,-19.4246,-2.3305,-26.0549
MRC,LSTM,-0.2,2.5,784.3199,423.1953,14.3606,0.0588,-9.1046,-21.7117,3.502,-49.1514
MIL,LSTM,-0.2,2.5,1444.529,906.2385,13.1571,0.1908,-5.092,-12.4548,8.7824,-20.2599
PNF,LSTM,-0.2,2.5,1546.0355,999.8036,14.3395,0.2045,-3.3549,-9.7319,4.9164,-17.6053
TRM,LSTM,-0.2,2.5,355.8005,185.7698,12.1727,0.1589,-5.6145,-21.6758,-0.0325,-1.8335
SCC,LSTM,-0.2,2.5,275.8131,87.6711,10.5135,0.4155,41.0689,9.4236,-2.2278,306.1136
ISB,LSTM,-0.2,2.5,897.9184,460.5785,4.0238,0.2303,35.9593,15.0831,17.6716,69.2776
SHA,LSTM,-0.2,3.0,4986.4015,1282.8229,9.5866,0.5168,-7.32,-18.2058,-9.9058,6.4091
BND,LSTM,-0.2,3.0,7222.5466,1779.8593,9.5685,0.5368,-6.4336,-12.9671,-12.8197,7.591
ORO,LSTM,-0.2,3.0,3485.6308,963.4722,23.5502,0.251,-9.529,-29.6588,-5.7918,-25.8386
YRS,LSTM,-0.2,3.0,1598.3111,525.315,43.4685,0.2063,-22.2271,-39.1824,-8.1031,-54.2603
FOL,LSTM,-0.2,3.0,2097.1242,734.5165,31.5733,0.1291,-16.314,-32.5902,-5.4146,-51.0278
MKM,LSTM,-0.2,3.0,517.0156,240.7649,21.9713,0.0818,-21.732,-37.4306,-7.0587,-58.1474
NHG,LSTM,-0.2,3.0,120.6907,21.2013,15.6812,0.1254,-7.6054,-6.6389,-15.0819,250.5544
NML,LSTM,-0.2,3.0,850.5408,398.7762,19.0319,0.2234,-11.9843,-22.5795,-2.2261,-43.098
TLG,LSTM,-0.2,3.0,1658.1981,850.499,20.2119,0.1923,-6.9047,-22.0552,2.2074,-31.3977
MRC,LSTM,-0.2,3.0,788.6695,406.9913,15.0672,0.0496,-8.6005,-24.7093,8.5949,-57.1107
MIL,LSTM,-0.2,3.0,1450.0821,883.405,13.2717,0.178,-4.7272,-14.6606,9.7299,-25.5934
PNF,LSTM,-0.2,3.0,1537.1531,966.5981,15.0148,0.1929,-3.9101,-12.7299,9.8578,-22.2798
TRM,LSTM,-0.2,3.0,362.3143,181.0059,12.7136,0.1618,-3.8865,-23.6843,4.4092,-0.0524
SCC,LSTM,-0.2,3.0,296.8349,91.5117,10.5769,0.4812,51.8208,14.2171,-1.6386,370.376
ISB,LSTM,-0.2,3.0,945.392,468.3633,4.1396,0.2512,43.1476,17.0283,21.0579,84.5793
SHA,LSTM,-0.2,3.5,5029.4566,1278.9988,9.6575,0.5278,-6.5198,-18.4496,-9.2401,8.6748
BND,LSTM,-0.2,3.5,7306.0982,1790.4616,9.6406,0.5512,-5.3512,-12.4487,-12.1625,10.4635
ORO,LSTM,-0.2,3.5,3496.2552,923.1326,23.8509,0.2434,-9.2532,-32.6039,-4.5889,-28.0974
YRS,LSTM,-0.2,3.5,1569.1123,480.3138,43.6725,0.1959,-23.6479,-44.3923,-7.6718,-56.5717
FOL,LSTM,-0.2,3.5,2085.6203,693.9645,32.3348,0.1208,-16.7731,-36.3118,-3.1333,-54.1897
MKM,LSTM,-0.2,3.5,498.0229,217.5926,21.976,0.0713,-24.6072,-43.4526,-7.039,-63.5082
NHG,LSTM,-0.2,3.5,127.3491,22.7851,15.7164,0.143,-2.508,0.3353,-14.8914,299.645
NML,LSTM,-0.2,3.5,842.7578,380.2724,19.5582,0.2039,-12.7897,-26.1719,0.4776,-48.0646
TLG,LSTM,-0.2,3.5,1662.8151,815.1688,21.0425,0.1788,-6.6455,-25.293,6.4074,-36.2438
MRC,LSTM,-0.2,3.5,787.7068,387.0761,15.6709,0.0422,-8.7121,-28.3935,12.9463,-63.5238
MIL,LSTM,-0.2,3.5,1444.6716,850.2554,13.7662,0.1636,-5.0826,-17.8629,13.8184,-31.6241
PNF,LSTM,-0.2,3.5,1516.0152,922.5065,14.997,0.1802,-5.2315,-16.7107,9.7269,-27.4007
TRM,LSTM,-0.2,3.5,364.604,173.343,12.7905,0.1689,-3.2791,-26.9152,5.0412,4.3193
SCC,LSTM,-0.2,3.5,315.7431,95.1992,10.6299,0.5426,61.4917,18.8195,-1.1458,430.395
ISB,LSTM,-0.2,3.5,992.7874,473.5777,4.2317,0.276,50.324,18.3312,23.7516,102.8628
SHA,LSTM,-0.2,4.0,5077.5261,1279.652,9.7126,0.5409,-5.6263,-18.408,-8.7224,11.3592
BND,LSTM,-0.2,4.0,7401.3881,1807.9328,9.7069,0.5692,-4.1167,-11.5944,-11.5581,14.0775
ORO,LSTM,-0.2,4.0,3502.3363,885.0988,24.0163,0.2376,-9.0954,-35.3807,-3.927,-29.7919
YRS,LSTM,-0.2,4.0,1535.8769,436.9635,43.9753,0.1877,-25.2651,-49.4112,-7.0318,-58.3842
FOL,LSTM,-0.2,4.0,2068.7567,653.5594,32.8959,0.1142,-17.446,-40.0199,-1.4524,-56.6994
MKM,LSTM,-0.2,4.0,476.1401,193.7577,22.6183,0.0635,-27.9199,-49.6467,-4.3218,-67.5137
NHG,LSTM,-0.2,4.0,134.5042,24.6201,15.7872,0.1607,2.9695,8.4161,-14.5079,349.3269
NML,LSTM,-0.2,4.0,832.3832,360.1903,20.0661,0.1867,-13.8633,-30.0708,3.0868,-52.4421
TLG,LSTM,-0.2,4.0,1662.1707,776.8137,21.3238,0.168,-6.6817,-28.8081,7.8298,-40.0958
MRC,LSTM,-0.2,4.0,781.3699,364.2601,16.2478,0.0368,-9.4465,-32.6143,17.104,-68.1388
MIL,LSTM,-0.2,4.0,1429.4446,807.9386,14.0782,0.1463,-6.0831,-21.9509,16.3974,-38.8327
PNF,LSTM,-0.2,4.0,1484.9149,870.6031,15.4335,0.1643,-7.1756,-21.3969,12.921,-33.8036
TRM,LSTM,-0.2,4.0,363.8436,163.8246,12.8457,0.1758,-3.4808,-30.9283,5.4938,8.5764
SCC,LSTM,-0.2,4.0,332.8912,98.6978,10.6809,0.6,70.2624,23.1862,-0.671,486.4867
ISB,LSTM,-0.2,4.0,1038.9202,476.1111,4.3377,0.3054,57.3093,18.9642,26.8518,124.4122
SHA,LSTM,-0.15,0.0,4959.039,1445.9994,9.2608,0.4923,-7.8286,-7.8015,-12.9681,1.3636
BND,LSTM,-0.15,0.0,7128.1029,1902.0232,9.5714,0.5012,-7.6571,-6.9935,-12.7927,0.4413
ORO,LSTM,-0.15,0.0,3441.2763,1232.0129,21.104,0.3416,-10.6802,-10.0531,-15.5771,0.904
YRS,LSTM,-0.15,0.0,1746.0084,767.1542,39.2571,0.3654,-15.0402,-11.1838,-17.0064,-19.0024
FOL,LSTM,-0.15,0.0,2133.4291,952.9979,28.5304,0.2242,-14.8653,-12.5391,-14.5302,-14.9766
MKM,LSTM,-0.15,0.0,570.1666,337.4611,19.0565,0.1792,-13.6858,-12.3014,-19.3886,-8.3076
NHG,LSTM,-0.15,0.0,99.626,17.1999,15.5772,0.0419,-23.7315,-24.2592,-15.645,17.1419
NML,LSTM,-0.15,0.0,861.2974,463.5332,16.7785,0.3726,-10.8712,-10.0072,-13.8025,-5.1083
TLG,LSTM,-0.15,0.0,1582.3688,964.5852,16.5085,0.2804,-11.162,-11.5996,-16.5199,0.02
MRC,LSTM,-0.15,0.0,755.6163,476.2602,11.5755,0.1144,-12.4311,-11.895,-16.5713,-1.0704
MIL,LSTM,-0.15,0.0,1383.8907,935.0944,10.308,0.2492,-9.076,-9.6672,-14.7743,4.1758
PNF,LSTM,-0.15,0.0,1479.6679,1028.835,11.6201,0.2508,-7.5036,-7.1108,-14.9799,1.0527
TRM,LSTM,-0.15,0.0,320.0779,195.808,10.5485,0.1633,-15.0908,-17.4435,-13.3711,0.878
SCC,LSTM,-0.15,0.0,174.5622,69.0524,9.8334,0.1313,-10.7175,-13.8147,-8.5526,28.3753
ISB,LSTM,-0.15,0.0,649.5908,373.8645,3.082,0.163,-1.6415,-6.5838,-9.8689,19.7904
SHA,LSTM,-0.15,0.5,4987.0234,1413.3167,9.3688,0.4898,-7.3085,-9.8854,-11.9533,0.8363
BND,LSTM,-0.15,0.5,7165.5078,1872.7929,9.6973,0.5007,-7.1725,-8.4228,-11.6455,0.3429
ORO,LSTM,-0.15,0.5,3489.1771,1202.4515,22.047,0.3203,-9.4369,-12.2114,-11.805,-5.3681
YRS,LSTM,-0.15,0.5,1755.8277,744.8798,40.1609,0.3273,-14.5624,-13.7626,-15.0957,-27.4455
FOL,LSTM,-0.15,0.5,2170.0753,939.5129,29.7308,0.205,-13.4029,-13.7767,-10.9342,-22.2316
MKM,LSTM,-0.15,0.5,575.4917,331.7815,19.601,0.1613,-12.8797,-13.7774,-17.0854,-17.4464
NHG,LSTM,-0.15,0.5,102.7273,17.6367,15.5867,0.0493,-21.3572,-22.3359,-15.5937,37.8927
NML,LSTM,-0.15,0.5,878.2196,465.2811,17.3653,0.3498,-9.12,-9.6679,-10.788,-10.9075
TLG,LSTM,-0.15,0.5,1612.5444,966.7693,17.2154,0.2617,-9.4678,-11.3995,-12.9455,-6.6682
MRC,LSTM,-0.15,0.5,772.6284,477.2605,12.3593,0.1034,-10.4595,-11.71,-10.922,-10.5874
MIL,LSTM,-0.15,0.5,1409.4052,945.8643,11.037,0.2341,-7.3997,-8.6268,-8.7468,-2.136
PNF,LSTM,-0.15,0.5,1513.6352,1045.2016,12.2605,0.2414,-5.3803,-5.6331,-10.2946,-2.722
TRM,LSTM,-0.15,0.5,331.8631,199.0687,11.1224,0.16,-11.9645,-16.0687,-8.6584,-1.1808
SCC,LSTM,-0.15,0.5,186.6532,71.8448,10.0343,0.1466,-4.5333,-10.3296,-6.685,43.2617
ISB,LSTM,-0.15,0.5,698.3806,399.6241,3.3279,0.1677,5.7461,-0.1474,-2.6788,23.2159
SHA,LSTM,-0.15,1.0,5013.0455,1383.8891,9.5412,0.4893,-6.8248,-11.7617,-10.3325,0.7409
BND,LSTM,-0.15,1.0,7203.5373,1848.0363,9.8026,0.5013,-6.6798,-9.6334,-10.6868,0.4717
ORO,LSTM,-0.15,1.0,3534.1441,1169.6076,22.6159,0.3015,-8.2698,-14.6092,-9.5292,-10.9173
YRS,LSTM,-0.15,1.0,1761.4364,717.9348,41.8342,0.2955,-14.2895,-16.8821,-11.5583,-34.4855
FOL,LSTM,-0.15,1.0,2200.6942,919.5199,30.8991,0.1873,-12.1811,-15.6116,-7.4344,-28.9372
MKM,LSTM,-0.15,1.0,578.9691,323.5065,20.1848,0.1441,-12.3532,-15.9279,-14.6158,-26.2772
NHG,LSTM,-0.15,1.0,106.7217,18.1842,15.6014,0.0585,-18.2993,-19.925,-15.5142,63.4995
NML,LSTM,-0.15,1.0,891.8955,463.8591,18.0313,0.3273,-7.7048,-9.944,-7.3665,-16.639
TLG,LSTM,-0.15,1.0,1643.1767,965.1658,17.8904,0.2431,-7.7481,-11.5464,-9.5321,-13.2859
MRC,LSTM,-0.15,1.0,789.3041,475.3914,13.2695,0.0927,-8.527,-12.0557,-4.3619,-19.7819
MIL,LSTM,-0.15,1.0,1435.5349,954.2047,11.5751,0.2198,-5.6829,-7.8211,-4.2976,-8.1251
PNF,LSTM,-0.15,1.0,1545.0862,1055.5549,13.2161,0.2311,-3.4142,-4.6983,-3.3033,-6.8821
TRM,LSTM,-0.15,1.0,344.5445,201.9645,11.5645,0.1567,-8.6004,-14.8478,-5.0274,-3.1876
SCC,LSTM,-0.15,1.0,200.3349,74.87,10.2663,0.1684,2.4644,-6.5537,-4.5265,64.6009
ISB,LSTM,-0.15,1.0,747.037,422.8693,3.6042,0.1735,13.1135,5.6608,5.4013,27.4811
SHA,LSTM,-0.15,1.5,5038.4492,1357.9159,9.7233,0.4907,-6.3526,-13.4178,-8.6211,1.0415
BND,LSTM,-0.15,1.5,7248.1456,1829.3195,9.8922,0.5048,-6.1019,-10.5486,-9.8706,1.1709
ORO,LSTM,-0.15,1.5,3575.5405,1133.9697,23.3801,0.2844,-7.1953,-17.2111,-6.4724,-15.9788
YRS,LSTM,-0.15,1.5,1760.7846,685.4313,43.5276,0.27,-14.3212,-20.6451,-7.9783,-40.1546
FOL,LSTM,-0.15,1.5,2223.8058,893.125,31.9479,0.1718,-11.2588,-18.0339,-4.2924,-34.8416
MKM,LSTM,-0.15,1.5,579.2315,312.1061,21.0419,0.1261,-12.3135,-18.8906,-10.9904,-35.4686
NHG,LSTM,-0.15,1.5,111.6383,18.8732,15.9607,0.0695,-14.5354,-16.8907,-13.5685,94.3024
NML,LSTM,-0.15,1.5,897.0828,457.9195,18.6581,0.2992,-7.168,-11.0971,-4.1465,-23.8014
TLG,LSTM,-0.15,1.5,1673.5413,959.4826,18.7586,0.2266,-6.0433,-12.0673,-5.1417,-19.1793
MRC,LSTM,-0.15,1.5,804.3934,469.7931,14.1732,0.0812,-6.7783,-13.0914,2.1513,-29.73
MIL,LSTM,-0.15,1.5,1459.2075,957.7771,12.3427,0.2057,-4.1276,-7.476,2.0491,-14.0367
PNF,LSTM,-0.15,1.5,1570.3966,1057.7146,13.8062,0.2207,-1.832,-4.5033,1.0148,-11.0889
TRM,LSTM,-0.15,1.5,357.1689,203.9311,12.0781,0.1541,-5.2515,-14.0186,-0.8095,-4.8476
SCC,LSTM,-0.15,1.5,216.0306,77.9214,10.4944,0.2029,10.4922,-2.7452,-2.4057,98.359
ISB,LSTM,-0.15,1.5,794.5277,442.2374,3.8258,0.1801,20.3043,10.5003,11.8836,32.3258
SHA,LSTM,-0.15,2.0,5069.0366,1337.4299,9.9149,0.4949,-5.7841,-14.724,-6.8211,1.8894
BND,LSTM,-0.15,2.0,7303.4073,1817.6915,9.9587,0.5105,-5.386,-11.1172,-9.2648,2.3057
ORO,LSTM,-0.15,2.0,3608.969,1094.8428,24.0822,0.2685,-6.3277,-20.0677,-3.6634,-20.6793
YRS,LSTM,-0.15,2.0,1753.1633,647.305,44.8322,0.2489,-14.692,-25.0592,-5.2201,-44.8173
FOL,LSTM,-0.15,2.0,2238.001,860.745,32.7655,0.157,-10.6923,-21.0056,-1.8431,-40.451
MKM,LSTM,-0.15,2.0,575.1977,297.4467,22.0563,0.1093,-12.9242,-22.7003,-6.6992,-44.0863
NHG,LSTM,-0.15,2.0,116.9738,19.6816,16.357,0.0832,-10.4508,-13.3312,-11.4226,132.7135
NML,LSTM,-0.15,2.0,898.0308,447.9571,19.3493,0.2734,-7.0699,-13.0313,-0.5956,-30.3788
TLG,LSTM,-0.15,2.0,1700.8563,947.9146,19.7489,0.2125,-4.5098,-13.1274,-0.1338,-24.204
MRC,LSTM,-0.15,2.0,817.4362,460.7467,14.5161,0.0697,-5.2667,-14.7649,4.623,-39.676
MIL,LSTM,-0.15,2.0,1480.0347,955.7922,13.2611,0.1934,-2.7592,-7.6678,9.6416,-19.1541
PNF,LSTM,-0.15,2.0,1587.1299,1049.7994,14.5608,0.2091,-0.786,-5.218,6.5358,-15.748
TRM,LSTM,-0.15,2.0,368.2649,203.7938,12.447,0.1522,-2.3079,-14.0765,2.2197,-5.9736
SCC,LSTM,-0.15,2.0,235.469,81.5912,10.7652,0.249,20.4343,1.8352,0.1122,143.4274
ISB,LSTM,-0.15,2.0,839.258,456.607,4.0032,0.1886,27.0772,14.0908,17.0709,38.5756
SHA,LSTM,-0.15,2.5,5099.7536,1320.6613,10.1053,0.5,-5.2132,-15.7932,-5.032,2.9398
BND,LSTM,-0.15,2.5,7362.7611,1811.1832,10.0014,0.5181,-4.6171,-11.4354,-8.8748,3.8284
ORO,LSTM,-0.15,2.5,3635.1778,1053.2315,24.4292,0.2563,-5.6474,-23.1056,-2.2756,-24.2929
YRS,LSTM,-0.15,2.5,1737.1342,603.5561,45.959,0.2336,-15.472,-30.1241,-2.8379,-48.2237
FOL,LSTM,-0.15,2.5,2243.2761,823.6351,33.0602,0.1445,-10.4818,-24.4113,-0.9601,-45.1925
MKM,LSTM,-0.15,2.5,565.8542,279.0458,22.5669,0.0949,-14.3386,-27.4823,-4.5395,-51.4557
NHG,LSTM,-0.15,2.5,122.6946,20.6641,16.5462,0.098,-6.0713,-9.0047,-10.3979,173.8709
NML,LSTM,-0.15,2.5,897.9279,435.1477,19.7739,0.2459,-7.0806,-15.5181,1.5859,-37.3823
TLG,LSTM,-0.15,2.5,1722.611,928.826,20.4122,0.1974,-3.2884,-14.8768,3.2203,-29.5892
MRC,LSTM,-0.15,2.5,826.663,447.7929,15.2083,0.0584,-4.1974,-17.1613,9.6118,-49.4558
MIL,LSTM,-0.15,2.5,1497.5707,945.6385,13.8617,0.1807,-1.6071,-8.6487,14.6078,-24.4543
PNF,LSTM,-0.15,2.5,1593.6432,1030.7065,14.9686,0.1975,-0.3788,-6.9418,9.5191,-20.4068
TRM,LSTM,-0.15,2.5,377.1992,200.941,12.8066,0.1521,0.0621,-15.2793,5.173,-6.0828
SCC,LSTM,-0.15,2.5,257.6334,85.4305,10.8713,0.3097,31.7706,6.627,1.0994,202.7532
ISB,LSTM,-0.15,2.5,881.3441,466.0159,4.1449,0.1999,33.4497,16.4417,21.2148,46.9049
SHA,LSTM,-0.15,3.0,5134.3341,1308.6243,10.2061,0.5078,-4.5705,-16.5607,-4.0841,4.5561
BND,LSTM,-0.15,3.0,7435.8731,1812.4673,10.0738,0.5286,-3.67,-11.3726,-8.2154,5.9462
ORO,LSTM,-0.15,3.0,3653.5853,1010.1258,24.7771,0.2459,-5.1696,-26.2527,-0.8839,-27.3646
YRS,LSTM,-0.15,3.0,1714.9985,558.7277,46.6537,0.2195,-16.5491,-35.3141,-1.3694,-51.3426
FOL,LSTM,-0.15,3.0,2238.8342,782.6951,33.4006,0.1341,-10.6591,-28.1686,0.0595,-49.1173
MKM,LSTM,-0.15,3.0,551.4645,257.6515,23.3562,0.0824,-16.517,-33.0421,-1.2006,-57.8267
NHG,LSTM,-0.15,3.0,128.8237,21.8474,16.6504,0.1138,-1.3791,-3.7939,-9.8337,218.2757
NML,LSTM,-0.15,3.0,894.2878,418.7495,20.1967,0.223,-7.4572,-18.7018,3.7581,-43.2041
TLG,LSTM,-0.15,3.0,1734.4591,899.7552,21.3213,0.1815,-2.6232,-17.541,7.8175,-35.2732
MRC,LSTM,-0.15,3.0,830.6986,430.512,15.8916,0.0481,-3.7297,-20.3581,14.5368,-58.3826
MIL,LSTM,-0.15,3.0,1503.3183,922.7075,14.1321,0.1671,-1.2294,-10.8639,16.8431,-30.1447
PNF,LSTM,-0.15,3.0,1585.7896,997.57,15.5863,0.1856,-0.8698,-9.9335,14.0392,-25.2317
TRM,LSTM,-0.15,3.0,382.7103,195.0865,13.1411,0.1532,1.5241,-17.7477,7.9199,-5.3991
SCC,LSTM,-0.15,3.0,280.8342,89.2027,10.9401,0.3789,43.637,11.3352,1.7392,270.3401
ISB,LSTM,-0.15,3.0,921.3128,471.3939,4.2605,0.2135,39.5016,17.7855,24.5945,56.8791
SHA,LSTM,-0.15,3.5,5176.771,1302.239,10.2899,0.518,-3.7817,-16.9678,-3.2964,6.656
BND,LSTM,-0.15,3.5,7517.4205,1819.8385,10.1897,0.5416,-2.6135,-11.0122,-7.1595,8.5434
ORO,LSTM,-0.15,3.5,3666.6728,967.828,25.1261,0.2383,-4.8299,-29.3408,0.5122,-29.5847
YRS,LSTM,-0.15,3.5,1686.5726,512.7163,46.6056,0.2089,-17.9323,-40.641,-1.471,-53.6824
FOL,LSTM,-0.15,3.5,2227.2584,740.2688,33.9528,0.1252,-11.121,-32.0622,1.7137,-52.5172
MKM,LSTM,-0.15,3.5,531.9795,233.7561,23.5873,0.072,-19.4667,-39.252,-0.223,-63.177
NHG,LSTM,-0.15,3.5,135.2588,23.241,16.6985,0.1317,3.5472,2.3428,-9.5733,268.2539
NML,LSTM,-0.15,3.5,886.9441,399.5097,20.7982,0.2042,-8.2172,-22.4371,6.8479,-48.0016
TLG,LSTM,-0.15,3.5,1736.3457,861.2472,21.9776,0.1668,-2.5173,-21.0701,11.1363,-40.5188
MRC,LSTM,-0.15,3.5,829.4987,409.4998,16.4937,0.0408,-3.8688,-24.2452,18.8763,-64.7546
MIL,LSTM,-0.15,3.5,1496.9188,888.0828,14.5082,0.1518,-1.6499,-14.2087,19.9532,-36.5334
PNF,LSTM,-0.15,3.5,1563.232,951.5087,15.8207,0.1718,-2.2799,-14.0922,15.7537,-30.7697
TRM,LSTM,-0.15,3.5,384.4524,186.4999,13.382,0.157,1.9862,-21.368,9.8986,-3.0028
SCC,LSTM,-0.15,3.5,303.0414,92.9083,10.9907,0.4496,54.9952,15.9601,2.2099,339.4083
ISB,LSTM,-0.15,3.5,960.5169,473.7463,4.3548,0.2316,45.4378,18.3733,27.3532,70.2079
SHA,LSTM,-0.15,4.0,5224.0275,1300.5386,10.343,0.5302,-2.9034,-17.0762,-2.7977,9.1614
BND,LSTM,-0.15,4.0,7609.376,1833.7062,10.2619,0.557,-1.4223,-10.3341,-6.5014,11.6356
ORO,LSTM,-0.15,4.0,3674.1376,927.5763,25.3989,0.2328,-4.6362,-32.2795,1.6038,-31.2341
YRS,LSTM,-0.15,4.0,1652.312,466.8221,46.7662,0.1999,-19.5994,-45.9543,-1.1315,-55.6743
FOL,LSTM,-0.15,4.0,2209.446,697.6111,34.4106,0.118,-11.8318,-35.9771,3.0853,-55.2287
MKM,LSTM,-0.15,4.0,508.8227,208.6372,23.661,0.0633,-22.9723,-45.7799,0.089,-67.6265
NHG,LSTM,-0.15,4.0,142.01,24.8537,16.8885,0.1494,8.7156,9.4448,-8.544,317.642
NML,LSTM,-0.15,4.0,876.6375,378.8621,21.2416,0.1881,-9.2837,-26.4457,9.1258,-52.0894
TLG,LSTM,-0.15,4.0,1732.4226,819.2897,22.7352,0.1545,-2.7376,-24.9154,14.9671,-44.9094
MRC,LSTM,-0.15,4.0,822.9033,385.5347,17.2214,0.0351,-4.6331,-28.6786,24.1213,-69.6418
MIL,LSTM,-0.15,4.0,1481.0587,844.3674,14.8279,0.1334,-2.6919,-18.4317,22.5965,-44.2502
PNF,LSTM,-0.15,4.0,1532.9452,899.5731,16.0429,0.1559,-4.1732,-18.7813,17.3793,-37.2035
TRM,LSTM,-0.15,4.0,382.3037,175.6571,13.5058,0.1638,1.4162,-25.9395,10.9151,1.1973
SCC,LSTM,-0.15,4.0,322.4414,96.3243,11.024,0.5149,64.9177,20.2237,2.5193,403.2878
ISB,LSTM,-0.15,4.0,1000.5196,474.2361,4.4693,0.2538,51.4948,18.4957,30.7013,86.5197
SHA,LSTM,-0.1,0.0,5100.8817,1486.7784,9.6933,0.4891,-5.1922,-5.2014,-8.903,0.6936
BND,LSTM,-0.1,0.0,7328.4736,1949.6501,10.0588,0.4989,-5.0613,-4.6646,-8.3525,-0.0116
ORO,LSTM,-0.1,0.0,3579.1241,1279.0979,22.5756,0.3386,-7.1023,-6.6156,-9.6903,0.0406
YRS,LSTM,-0.1,0.0,1850.5684,800.7479,42.3515,0.391,-9.9524,-7.2945,-10.4645,-13.3257
FOL,LSTM,-0.1,0.0,2259.2527,1001.1969,30.2714,0.2351,-9.8443,-8.1157,-9.3148,-10.8298
MKM,LSTM,-0.1,0.0,600.6306,353.9971,20.6821,0.1829,-9.074,-8.0041,-12.5124,-6.3931
NHG,LSTM,-0.1,0.0,109.1164,18.8269,16.854,0.0385,-16.466,-17.0949,-8.7307,7.6673
NML,LSTM,-0.1,0.0,897.0618,481.7907,17.6593,0.3784,-7.1702,-6.4626,-9.2779,-3.638
TLG,LSTM,-0.1,0.0,1649.1664,1008.7472,17.5365,0.2781,-7.4118,-7.5523,-11.3216,-0.8184
MRC,LSTM,-0.1,0.0,792.8302,499.3944,12.4029,0.1135,-8.1183,-7.6153,-10.6074,-1.7979
MIL,LSTM,-0.1,0.0,1431.6852,971.5278,10.927,0.2443,-5.9359,-6.1477,-9.656,2.0892
PNF,LSTM,-0.1,0.0,1520.4056,1056.7382,12.246,0.2483,-4.957,-4.5915,-10.4011,0.0357
TRM,LSTM,-0.1,0.0,339.7741,210.3965,11.1786,0.1625,-9.8659,-11.2927,-8.1963,0.3767
SCC,LSTM,-0.1,0.0,179.7463,72.0218,10.0763,0.1162,-8.0659,-10.1086,-6.2935,13.627
ISB,LSTM,-0.1,0.0,651.8108,382.9038,3.2518,0.1519,-1.3053,-4.3252,-4.9046,11.6507
SHA,LSTM,-0.1,0.5,5132.6305,1452.5337,9.8902,0.4863,-4.6021,-7.3848,-7.0534,0.1218
BND,LSTM,-0.1,0.5,7370.2392,1918.8332,10.1915,0.4977,-4.5202,-6.1715,-7.1433,-0.2445
ORO,LSTM,-0.1,0.5,3633.2397,1249.8454,23.3404,0.3175,-5.6977,-8.7512,-6.6311,-6.2001
YRS,LSTM,-0.1,0.5,1863.6636,778.3702,43.7084,0.3516,-9.3152,-9.8853,-7.5959,-22.065
FOL,LSTM,-0.1,0.5,2300.5909,988.8282,31.2795,0.214,-8.1947,-9.2508,-6.2946,-18.8307
MKM,LSTM,-0.1,0.5,606.4514,348.211,21.1541,0.1648,-8.1929,-9.5078,-10.5157,-15.6496
NHG,LSTM,-0.1,0.5,112.0009,19.2161,16.8846,0.045,-14.2578,-15.3808,-8.5651,25.748
NML,LSTM,-0.1,0.5,915.9772,484.068,18.5987,0.3551,-5.2128,-6.0205,-4.4518,-9.5558
TLG,LSTM,-0.1,0.5,1682.446,1012.5139,18.2632,0.2579,-5.5434,-7.2071,-7.6467,-8.0064
MRC,LSTM,-0.1,0.5,811.2678,501.0215,13.2233,0.1025,-5.9816,-7.3143,-4.6945,-11.3899
MIL,LSTM,-0.1,0.5,1458.4961,982.8137,11.6556,0.2284,-4.1743,-5.0574,-3.6322,-4.5415
PNF,LSTM,-0.1,0.5,1555.1776,1073.0286,13.0548,0.2379,-2.7834,-3.1207,-4.4829,-4.151
TRM,LSTM,-0.1,0.5,351.9387,213.8251,11.6892,0.1587,-6.6389,-9.8471,-4.0033,-1.9937
SCC,LSTM,-0.1,0.5,190.5698,74.3914,10.311,0.1227,-2.5301,-7.151,-4.1116,19.956
ISB,LSTM,-0.1,0.5,699.0952,408.3168,3.4586,0.1557,5.8543,2.0247,1.1435,14.4405
SHA,LSTM,-0.1,1.0,5161.2835,1421.0811,10.1251,0.4854,-4.0696,-9.3903,-4.8456,-0.0564
BND,LSTM,-0.1,1.0,7415.6803,1893.2055,10.305,0.4985,-3.9316,-7.4246,-6.1092,-0.086
ORO,LSTM,-0.1,1.0,3684.9666,1217.5411,23.9841,0.2996,-4.3551,-11.1097,-4.0559,-11.499
YRS,LSTM,-0.1,1.0,1872.0556,751.509,44.9529,0.3179,-8.9068,-12.9951,-4.9651,-29.5261
FOL,LSTM,-0.1,1.0,2335.1543,969.4621,32.3832,0.1955,-6.8154,-11.0281,-2.9882,-25.8375
MKM,LSTM,-0.1,1.0,610.3206,339.7046,21.6797,0.147,-7.6071,-11.7184,-8.2922,-24.7579
NHG,LSTM,-0.1,1.0,115.7538,19.7045,16.8818,0.0528,-11.3848,-13.2301,-8.5802,47.744
NML,LSTM,-0.1,1.0,930.6327,482.8762,19.19,0.3318,-3.6962,-6.2519,-1.4137,-15.5015
TLG,LSTM,-0.1,1.0,1715.9089,1012.3326,18.9221,0.2388,-3.6647,-7.2238,-4.3148,-14.8183
MRC,LSTM,-0.1,1.0,829.0958,499.5146,14.1575,0.091,-3.9155,-7.5931,2.0381,-21.3254
MIL,LSTM,-0.1,1.0,1484.5577,990.3898,12.3525,0.214,-2.462,-4.3255,2.1299,-10.5554
PNF,LSTM,-0.1,1.0,1587.0252,1082.7562,14.0195,0.2275,-0.7926,-2.2424,2.5755,-8.3541
TRM,LSTM,-0.1,1.0,365.3172,217.0895,12.0771,0.1554,-3.0899,-8.4708,-0.8175,-4.0214
SCC,LSTM,-0.1,1.0,201.9889,76.739,10.6015,0.1345,3.3103,-4.221,-1.4098,31.5097
ISB,LSTM,-0.1,1.0,746.0739,431.0859,3.7278,0.1597,12.9676,7.7139,9.0156,17.3317
SHA,LSTM,-0.1,1.5,5191.2752,1393.8644,10.3189,0.4865,-3.5121,-11.1257,-3.0241,0.1588
BND,LSTM,-0.1,1.5,7463.919,1872.7635,10.4008,0.5013,-3.3066,-8.4242,-5.2361,0.4626
ORO,LSTM,-0.1,1.5,3732.1079,1182.1295,24.6315,0.2822,-3.1316,-13.695,-1.4662,-16.6239
YRS,LSTM,-0.1,1.5,1873.4729,718.9127,46.312,0.2899,-8.8378,-16.7689,-2.0918,-35.7228
FOL,LSTM,-0.1,1.5,2361.4516,943.1599,33.363,0.1796,-5.766,-13.442,-0.053,-31.8568
MKM,LSTM,-0.1,1.5,610.9787,328.0299,22.3983,0.1299,-7.5075,-14.7524,-5.2527,-33.5277
NHG,LSTM,-0.1,1.5,120.6787,20.3309,16.9011,0.0628,-7.6146,-10.4718,-8.4761,75.5943
NML,LSTM,-0.1,1.5,936.4675,476.4363,19.5335,0.3034,-3.0924,-7.5022,0.3506,-22.728
TLG,LSTM,-0.1,1.5,1747.7569,1006.9566,19.9915,0.2206,-1.8767,-7.7165,1.093,-21.3233
MRC,LSTM,-0.1,1.5,845.255,494.175,14.9032,0.0812,-2.0428,-8.5809,7.4129,-29.8064
MIL,LSTM,-0.1,1.5,1508.744,993.6023,13.2192,0.1993,-0.873,-4.0152,9.2957,-16.6872
PNF,LSTM,-0.1,1.5,1612.8327,1084.4629,14.8272,0.2168,0.8207,-2.0883,8.4846,-12.6417
TRM,LSTM,-0.1,1.5,378.4106,219.2036,12.6054,0.1519,0.3835,-7.5794,3.5206,-6.1775
SCC,LSTM,-0.1,1.5,213.5522,78.827,10.8473,0.1523,9.2246,-1.6149,0.8758,48.8504
ISB,LSTM,-0.1,1.5,790.6883,449.4523,3.9412,0.1638,19.723,12.3031,15.2578,20.3418
SHA,LSTM,-0.1,2.0,5223.0038,1371.1016,10.4544,0.4899,-2.9224,-12.577,-1.751,0.8604
BND,LSTM,-0.1,2.0,7521.2925,1859.0263,10.4812,0.5067,-2.5634,-9.096,-4.5035,1.5557
ORO,LSTM,-0.1,2.0,3771.1209,1143.2444,25.2669,0.2661,-2.119,-16.534,1.0758,-21.39
YRS,LSTM,-0.1,2.0,1868.0716,681.0433,47.4025,0.2673,-9.1007,-21.1531,0.2137,-40.7503
FOL,LSTM,-0.1,2.0,2378.8276,910.7465,34.254,0.1656,-5.0726,-16.4167,2.6161,-37.1876
MKM,LSTM,-0.1,2.0,607.4914,313.0943,23.364,0.1116,-8.0354,-18.6338,-1.1677,-42.8704
NHG,LSTM,-0.1,2.0,126.1163,21.0483,17.2343,0.0754,-3.4518,-7.3125,-6.6715,110.8566
NML,LSTM,-0.1,2.0,938.575,466.412,20.0604,0.2765,-2.8743,-9.4483,3.0576,-29.5874
TLG,LSTM,-0.1,2.0,1776.4173,995.7206,20.9253,0.2051,-0.2676,-8.7462,5.8151,-26.8346
MRC,LSTM,-0.1,2.0,858.5539,484.6193,15.5825,0.0704,-0.5016,-10.3486,12.3086,-39.1362
MIL,LSTM,-0.1,2.0,1532.0954,992.2842,14.0427,0.1859,0.6613,-4.1426,16.104,-22.3204
PNF,LSTM,-0.1,2.0,1630.8088,1076.7657,15.5798,0.2042,1.9444,-2.7833,13.9913,-17.7356
TRM,LSTM,-0.1,2.0,389.7634,219.0068,13.0055,0.1488,3.3951,-7.6624,6.8067,-8.0628
SCC,LSTM,-0.1,2.0,227.1693,81.2475,10.9632,0.181,16.1893,1.4062,1.9537,76.8678
ISB,LSTM,-0.1,2.0,831.9051,462.7157,4.113,0.1689,25.9639,15.6171,20.2824,24.1479
SHA,LSTM,-0.1,2.5,5256.5577,1352.6523,10.6788,0.4946,-2.2988,-13.7534,0.3579,1.8278
BND,LSTM,-0.1,2.5,7585.2802,1851.1292,10.5315,0.5133,-1.7344,-9.4821,-4.0455,2.8703
ORO,LSTM,-0.1,2.5,3802.1226,1101.3791,25.7011,0.2536,-1.3143,-19.5905,2.8126,-25.0864
YRS,LSTM,-0.1,2.5,1853.9741,637.0216,48.5482,0.2509,-9.7866,-26.2497,2.6358,-44.3829
FOL,LSTM,-0.1,2.5,2385.9923,872.7658,34.7859,0.1524,-4.7867,-19.9024,4.2095,-42.2029
MKM,LSTM,-0.1,2.5,598.7292,294.4888,23.9271,0.0965,-9.3619,-23.469,1.2143,-50.5952
NHG,LSTM,-0.1,2.5,132.1791,21.9469,17.4377,0.0908,1.1895,-3.3557,-5.5701,153.7688
NML,LSTM,-0.1,2.5,940.278,454.0262,20.5369,0.2487,-2.6981,-11.853,5.5056,-36.6702
TLG,LSTM,-0.1,2.5,1798.6582,976.4677,21.4663,0.1905,0.9811,-10.5106,8.5505,-32.0651
MRC,LSTM,-0.1,2.5,867.4625,470.7187,16.1093,0.0583,0.5309,-12.9202,16.1056,-49.6093
MIL,LSTM,-0.1,2.5,1550.3063,982.7998,14.544,0.1715,1.8577,-5.0588,20.2488,-28.3358
PNF,LSTM,-0.1,2.5,1639.3474,1058.5668,15.87,0.1923,2.4782,-4.4264,16.1147,-22.5117
TRM,LSTM,-0.1,2.5,398.6948,215.8694,13.4978,0.147,5.7644,-8.9852,10.8493,-9.226
SCC,LSTM,-0.1,2.5,243.7122,84.0458,11.124,0.2225,24.6504,4.8987,3.4493,117.509
ISB,LSTM,-0.1,2.5,869.5652,470.8234,4.2513,0.176,31.6662,17.643,24.3253,29.3771
SHA,LSTM,-0.1,3.0,5293.0524,1338.7756,10.7848,0.5016,-1.6205,-14.6382,1.3546,3.2809
BND,LSTM,-0.1,3.0,7656.6491,1849.3032,10.5701,0.5227,-0.8099,-9.5714,-3.694,4.7643
ORO,LSTM,-0.1,3.0,3824.4907,1057.3227,26.0748,0.2434,-0.7337,-22.8069,4.3075,-28.0811
YRS,LSTM,-0.1,3.0,1831.8364,590.6201,49.1677,0.236,-10.8639,-31.6218,3.9455,-47.6725
FOL,LSTM,-0.1,3.0,2383.052,830.6376,35.0923,0.1409,-4.9041,-23.7687,5.1274,-46.5394
MKM,LSTM,-0.1,3.0,584.8992,273.1625,24.678,0.0837,-11.4555,-29.0112,4.391,-57.171
NHG,LSTM,-0.1,3.0,138.3324,22.991,17.5251,0.1057,5.9002,1.2423,-5.0966,195.4556
NML,LSTM,-0.1,3.0,937.9052,437.6703,21.3427,0.2253,-2.9436,-15.0284,9.6451,-42.6205
TLG,LSTM,-0.1,3.0,1811.1907,947.445,22.2333,0.1734,1.6847,-13.1705,12.4292,-38.1602
MRC,LSTM,-0.1,3.0,871.0867,452.3796,16.6898,0.0478,0.9509,-16.3128,20.2896,-58.6999
MIL,LSTM,-0.1,3.0,1557.0242,960.4445,14.9142,0.1584,2.2991,-7.2184,23.3093,-33.8069
PNF,LSTM,-0.1,3.0,1631.6352,1024.6327,16.094,0.1798,1.9961,-7.4902,17.7537,-27.5585
TRM,LSTM,-0.1,3.0,403.7822,209.3215,13.6145,0.1462,7.114,-11.7459,11.8076,-9.6788
SCC,LSTM,-0.1,3.0,263.3617,87.2511,11.2336,0.2762,34.7004,8.8993,4.4687,169.9651
ISB,LSTM,-0.1,3.0,903.9661,474.5715,4.3645,0.1853,36.8751,18.5795,27.6366,36.1472
SHA,LSTM,-0.1,3.5,5333.1272,1329.5225,10.8485,0.5105,-0.8756,-15.2282,1.9533,5.1054
BND,LSTM,-0.1,3.5,7739.2016,1854.4664,10.6893,0.5352,0.2596,-9.3189,-2.6077,7.2548
ORO,LSTM,-0.1,3.5,3839.4715,1013.1363,26.5112,0.235,-0.3449,-26.0329,6.0532,-30.5795
YRS,LSTM,-0.1,3.5,1804.6224,543.9737,49.2194,0.2251,-12.1881,-37.0222,4.0549,-50.096
FOL,LSTM,-0.1,3.5,2372.3001,786.6989,35.64,0.1311,-5.3331,-27.8011,6.7681,-50.279
MKM,LSTM,-0.1,3.5,565.8872,249.3267,25.0768,0.0734,-14.3336,-35.2056,6.0776,-62.454
NHG,LSTM,-0.1,3.5,144.8649,24.2543,17.749,0.1225,10.9012,6.8051,-3.8843,242.5938
NML,LSTM,-0.1,3.5,931.0673,417.7237,22.1025,0.2062,-3.6512,-18.9009,13.5489,-47.4786
TLG,LSTM,-0.1,3.5,1811.6795,907.0021,22.8205,0.1575,1.7121,-16.8769,15.3987,-43.808
MRC,LSTM,-0.1,3.5,869.5071,430.2886,17.333,0.0399,0.7678,-20.3995,24.9256,-65.496
MIL,LSTM,-0.1,3.5,1550.8513,924.6924,15.4707,0.1419,1.8936,-10.6721,27.9105,-40.7027
PNF,LSTM,-0.1,3.5,1608.8857,977.4029,16.7215,0.1658,0.574,-11.7543,22.345,-33.2067
TRM,LSTM,-0.1,3.5,405.0251,199.8732,13.946,0.1487,7.4437,-15.7295,14.5302,-8.1596
SCC,LSTM,-0.1,3.5,285.6031,90.7349,11.2995,0.3458,46.0761,13.2475,5.0818,237.9791
ISB,LSTM,-0.1,3.5,936.5397,475.0005,4.4722,0.1972,41.8072,18.6867,30.7871,44.9451
SHA,LSTM,-0.1,4.0,5380.9327,1325.8218,10.9023,0.522,0.0129,-15.4641,2.4584,7.4713
BND,LSTM,-0.1,4.0,7832.5622,1866.1939,10.7829,0.5493,1.4691,-8.7455,-1.7549,10.0868
ORO,LSTM,-0.1,4.0,3849.3224,971.0245,26.7829,0.2301,-0.0892,-29.1074,7.1401,-32.0086
YRS,LSTM,-0.1,4.0,1770.8024,496.7047,49.3861,0.2157,-13.8337,-42.4947,4.4074,-52.1715
FOL,LSTM,-0.1,4.0,2354.6154,742.33,36.0804,0.1238,-6.0388,-31.8731,8.0876,-53.0438
MKM,LSTM,-0.1,4.0,542.1771,223.4915,25.1016,0.0641,-17.923,-41.9196,6.1825,-67.1863
NHG,LSTM,-0.1,4.0,151.4289,25.6879,17.9383,0.1407,15.9262,13.1181,-2.8593,293.3374
NML,LSTM,-0.1,4.0,921.2615,396.6718,22.3697,0.1905,-4.6659,-22.9881,14.9214,-51.4852
TLG,LSTM,-0.1,4.0,1803.7051,860.8203,23.7588,0.145,1.2644,-21.1093,20.1431,-48.2808
MRC,LSTM,-0.1,4.0,862.7442,405.3032,18.0347,0.0342,-0.0159,-25.0216,29.9827,-70.3814
MIL,LSTM,-0.1,4.0,1533.7181,878.8707,15.578,0.1236,0.7679,-15.0986,28.7981,-48.321
PNF,LSTM,-0.1,4.0,1577.7284,924.2099,16.9061,0.15,-1.3737,-16.5569,23.6957,-39.5499
TRM,LSTM,-0.1,4.0,401.7934,187.8902,14.1224,0.1537,6.5864,-20.7818,15.9788,-5.0474
SCC,LSTM,-0.1,4.0,308.2709,94.2214,11.3474,0.4175,57.6699,17.5991,5.5271,308.1094
ISB,LSTM,-0.1,4.0,967.6898,472.7476,4.5985,0.2121,46.5239,18.1238,34.4789,55.8405
SHA,LSTM,-0.05,0.0,5241.6186,1527.7662,10.117,0.4869,-2.5764,-2.5879,-4.9215,0.2493
BND,LSTM,-0.05,0.0,7526.1069,1997.6629,10.5157,0.4985,-2.501,-2.3168,-4.1893,-0.0996
ORO,LSTM,-0.05,0.0,3716.8657,1325.1625,23.8941,0.3385,-3.5272,-3.2525,-4.4159,-0.0016
YRS,LSTM,-0.05,0.0,1954.0079,833.1254,45.2536,0.4205,-4.9191,-3.5461,-4.3293,-6.7801
FOL,LSTM,-0.05,0.0,2384.0117,1047.0056,31.8421,0.2481,-4.8658,-3.9116,-4.6094,-5.902
MKM,LSTM,-0.05,0.0,630.9748,369.8909,22.3628,0.1886,-4.4804,-3.8736,-5.4026,-3.4586
NHG,LSTM,-0.05,0.0,119.4811,20.6756,17.7236,0.0365,-8.5313,-8.9538,-4.0217,2.168
NML,LSTM,-0.05,0.0,932.1327,498.9402,18.5859,0.3853,-3.541,-3.1331,-4.5173,-1.8787
TLG,LSTM,-0.05,0.0,1715.5958,1050.9047,18.6726,0.2779,-3.6823,-3.6888,-5.5766,-0.8629
MRC,LSTM,-0.05,0.0,828.697,520.8134,13.1758,0.1142,-3.9617,-3.653,-5.0369,-1.2054
MIL,LSTM,-0.05,0.0,1477.4402,1004.4499,11.5101,0.2415,-2.9297,-2.9673,-4.8354,0.9564
PNF,LSTM,-0.05,0.0,1561.4647,1083.8509,13.0685,0.2485,-2.3904,-2.1436,-4.3826,0.1129
TRM,LSTM,-0.05,0.0,358.7038,224.1237,11.7218,0.1618,-4.8443,-5.505,-3.7354,-0.0844
SCC,LSTM,-0.05,0.0,186.9653,75.8392,10.384,0.1069,-4.3737,-5.3441,-3.4324,4.5007
ISB,LSTM,-0.05,0.0,655.8328,391.8959,3.3414,0.1432,-0.6963,-2.0784,-2.2824,5.254
SHA,LSTM,-0.05,0.5,5277.747,1492.1759,10.4041,0.484,-1.9049,-4.8572,-2.2235,-0.35
BND,LSTM,-0.05,0.5,7574.2657,1965.7735,10.6551,0.4973,-1.8771,-3.8762,-2.9188,-0.3234
ORO,LSTM,-0.05,0.5,3777.1131,1296.1952,24.5253,0.3166,-1.9634,-5.3673,-1.8909,-6.473
YRS,LSTM,-0.05,0.5,1969.5694,810.3267,46.5465,0.3783,-4.1618,-6.1855,-1.5959,-16.1333
FOL,LSTM,-0.05,0.5,2430.0235,1035.6268,32.5748,0.2256,-3.0297,-4.9559,-2.4143,-14.4158
MKM,LSTM,-0.05,0.5,637.2784,364.0799,22.7751,0.1696,-3.5261,-5.3838,-3.6587,-13.2052
NHG,LSTM,-0.05,0.5,122.2738,21.0343,17.8554,0.0423,-6.3935,-7.3744,-3.3081,18.3783
NML,LSTM,-0.05,0.5,952.937,501.7166,19.5102,0.3611,-1.3881,-2.5941,0.2314,-8.0291
TLG,LSTM,-0.05,0.5,1752.2687,1056.4962,19.2688,0.2572,-1.6234,-3.1763,-2.5616,-8.2798
MRC,LSTM,-0.05,0.5,848.6397,523.1898,13.9922,0.1026,-1.6505,-3.2133,0.8473,-11.2917
MIL,LSTM,-0.05,0.5,1506.9004,1017.4641,12.4248,0.2258,-0.9941,-1.7101,2.7277,-5.6349
PNF,LSTM,-0.05,0.5,1596.7856,1099.8234,13.9142,0.2359,-0.1824,-0.7015,1.8048,-4.9664
TRM,LSTM,-0.05,0.5,371.7734,228.1644,12.2103,0.1575,-1.3772,-3.8014,0.2762,-2.6909
SCC,LSTM,-0.05,0.5,197.1922,77.9664,10.6989,0.1108,0.857,-2.6891,-0.5037,8.3333
ISB,LSTM,-0.05,0.5,701.6522,416.7016,3.5841,0.146,6.2415,4.1198,4.8153,7.323
SHA,LSTM,-0.05,1.0,5312.7598,1459.9928,10.6768,0.4831,-1.2542,-6.9092,0.3397,-0.5416
BND,LSTM,-0.05,1.0,7625.6134,1939.1804,10.7747,0.4972,-1.2119,-5.1765,-1.8298,-0.3531
ORO,LSTM,-0.05,1.0,3835.0456,1264.338,25.2661,0.2987,-0.4598,-7.6932,1.0723,-11.7457
YRS,LSTM,-0.05,1.0,1980.7213,782.9262,47.8305,0.343,-3.6192,-9.3578,1.1186,-23.9702
FOL,LSTM,-0.05,1.0,2468.3765,1016.777,33.6165,0.2064,-1.4992,-6.6858,0.7064,-21.6956
MKM,LSTM,-0.05,1.0,641.4325,355.3221,23.2327,0.1517,-2.8973,-7.6597,-1.7231,-22.3483
NHG,LSTM,-0.05,1.0,125.9025,21.4993,17.9089,0.0494,-3.6155,-5.3266,-3.0185,38.1309
NML,LSTM,-0.05,1.0,968.612,500.7232,20.1293,0.3379,0.234,-2.787,3.4118,-13.9589
TLG,LSTM,-0.05,1.0,1788.1579,1057.3992,20.0207,0.2367,0.3915,-3.0936,1.2406,-15.5619
MRC,LSTM,-0.05,1.0,867.744,522.2598,14.9368,0.0907,0.5635,-3.3854,7.655,-21.5675
MIL,LSTM,-0.05,1.0,1534.0063,1025.3209,13.006,0.2102,0.7868,-0.9511,7.5331,-12.1539
PNF,LSTM,-0.05,1.0,1628.722,1108.8301,14.8768,0.2255,1.814,0.1117,8.848,-9.1576
TRM,LSTM,-0.05,1.0,385.6239,231.6161,12.6388,0.154,2.297,-2.3461,3.7953,-4.8848
SCC,LSTM,-0.05,1.0,207.623,79.9113,10.9704,0.1169,6.192,-0.2615,2.0209,14.2587
ISB,LSTM,-0.05,1.0,746.9491,438.8452,3.8135,0.1479,13.1002,9.6527,11.5233,8.6571
SHA,LSTM,-0.05,1.5,5346.574,1431.3673,10.8799,0.4837,-0.6257,-8.7344,2.2484,-0.406
BND,LSTM,-0.05,1.5,7679.8343,1917.6577,10.8769,0.4994,-0.5095,-6.229,-0.8984,0.0967
ORO,LSTM,-0.05,1.5,3888.4316,1229.3291,25.922,0.2822,0.9259,-10.2491,3.6961,-16.6187
YRS,LSTM,-0.05,1.5,1985.1173,750.4735,49.1719,0.3133,-3.4053,-13.115,3.9544,-30.5366
FOL,LSTM,-0.05,1.5,2498.3916,990.8333,34.5713,0.1896,-0.3014,-9.0668,3.5667,-28.079
MKM,LSTM,-0.05,1.5,642.3484,343.2761,23.7339,0.1349,-2.7586,-10.7902,0.3972,-30.9441
NHG,LSTM,-0.05,1.5,130.5819,22.0626,17.951,0.0581,-0.0332,-2.8463,-2.7902,62.5453
NML,LSTM,-0.05,1.5,975.0767,494.1451,20.3398,0.3104,0.903,-4.0641,4.4929,-20.9395
TLG,LSTM,-0.05,1.5,1821.7134,1052.5477,21.1698,0.2185,2.2754,-3.5382,7.0511,-22.0813
MRC,LSTM,-0.05,1.5,884.6839,516.9062,15.6777,0.0808,2.5267,-4.3758,12.9949,-30.1289
MIL,LSTM,-0.05,1.5,1559.2096,1028.6282,14.0456,0.1943,2.4427,-0.6316,16.1282,-18.785
PNF,LSTM,-0.05,1.5,1654.9654,1110.0168,15.5844,0.2146,3.4545,0.2188,14.0251,-13.525
TRM,LSTM,-0.05,1.5,399.0912,233.7601,13.0888,0.1499,5.8695,-1.4421,7.4909,-7.3848
SCC,LSTM,-0.05,1.5,217.6625,81.4234,11.1349,0.1273,11.3269,1.6257,3.551,24.3834
ISB,LSTM,-0.05,1.5,789.0734,456.1242,4.034,0.1502,19.4785,13.9701,17.9697,10.3445
SHA,LSTM,-0.05,2.0,5381.0675,1406.9052,11.0247,0.4868,0.0154,-10.2942,3.6093,0.2275
BND,LSTM,-0.05,2.0,7741.034,1902.4674,10.9651,0.504,0.2833,-6.9718,-0.0944,1.0097
ORO,LSTM,-0.05,2.0,3933.2563,1190.695,26.4726,0.2668,2.0893,-13.0697,5.8988,-21.1781
YRS,LSTM,-0.05,2.0,1982.0203,712.7088,50.0586,0.2887,-3.556,-17.4871,5.8289,-35.9999
FOL,LSTM,-0.05,2.0,2518.6655,958.4891,35.4406,0.1748,0.5076,-12.0352,6.1707,-33.7118
MKM,LSTM,-0.05,2.0,639.2339,328.0222,24.498,0.1159,-3.2301,-14.7544,3.6293,-40.6813
NHG,LSTM,-0.05,2.0,136.3141,22.7566,18.2393,0.0698,4.3551,0.2101,-1.2291,95.1589
NML,LSTM,-0.05,2.0,978.481,484.0435,20.7137,0.2805,1.2552,-6.0253,6.414,-28.572
TLG,LSTM,-0.05,2.0,1851.4748,1041.5035,22.0363,0.2016,3.9463,-4.5504,11.4327,-28.1117
MRC,LSTM,-0.05,2.0,897.9124,506.7277,16.5273,0.0711,4.0597,-6.2587,19.1184,-38.5491
MIL,LSTM,-0.05,2.0,1583.597,1027.4865,14.8082,0.1803,4.045,-0.7419,22.4332,-24.6341
PNF,LSTM,-0.05,2.0,1674.3617,1102.6071,16.2912,0.2012,4.667,-0.4502,19.1964,-18.9409
TRM,LSTM,-0.05,2.0,410.8558,233.5903,13.4808,0.1457,8.9904,-1.5137,10.7096,-10.0141
SCC,LSTM,-0.05,2.0,228.2413,83.0032,11.2286,0.1432,16.7376,3.5975,4.4222,40.0028
ISB,LSTM,-0.05,2.0,827.2709,468.2189,4.2124,0.1539,25.2622,16.9922,23.1874,13.0783
SHA,LSTM,-0.05,2.5,5416.7974,1386.7076,11.1785,0.491,0.6795,-11.582,5.0544,1.0874
BND,LSTM,-0.05,2.5,7809.3841,1893.2507,11.0254,0.5102,1.1688,-7.4224,0.4543,2.2618
ORO,LSTM,-0.05,2.5,3969.1531,1148.8213,26.9531,0.2542,3.0211,-16.1268,7.8211,-24.9155
YRS,LSTM,-0.05,2.5,1970.4268,669.1008,50.6712,0.2716,-4.1201,-22.5358,7.1242,-39.7809
FOL,LSTM,-0.05,2.5,2528.6271,920.3306,36.2326,0.1618,0.9051,-15.5372,8.5435,-38.6397
MKM,LSTM,-0.05,2.5,630.6383,308.8761,25.2883,0.0996,-4.5313,-19.73,6.9722,-49.0201
NHG,LSTM,-0.05,2.5,142.4272,23.5527,18.4546,0.0846,9.035,3.7155,-0.0633,136.5945
NML,LSTM,-0.05,2.5,981.7846,471.6287,21.4031,0.2534,1.5971,-8.4355,9.9558,-35.4696
TLG,LSTM,-0.05,2.5,1874.456,1022.3014,22.4933,0.1858,5.2365,-6.3102,13.7437,-33.7425
MRC,LSTM,-0.05,2.5,906.6536,492.0692,17.1142,0.0588,5.0727,-8.9705,23.3485,-49.119
MIL,LSTM,-0.05,2.5,1602.4041,1017.9192,15.3566,0.165,5.2807,-1.6661,26.9677,-31.0357
PNF,LSTM,-0.05,2.5,1683.859,1084.3952,16.6494,0.1886,5.2607,-2.0945,21.8169,-24.0023
TRM,LSTM,-0.05,2.5,420.0869,230.3966,13.8494,0.1433,11.4392,-2.8602,13.7374,-11.5128
SCC,LSTM,-0.05,2.5,239.6176,84.5704,11.3107,0.1658,22.5561,5.5535,5.1851,62.0957
ISB,LSTM,-0.05,2.5,861.8329,475.3128,4.3484,0.1585,30.4954,18.7647,27.1644,16.4701
SHA,LSTM,-0.05,3.0,5454.0184,1370.7574,11.2735,0.497,1.3713,-12.599,5.9471,2.3306
BND,LSTM,-0.05,3.0,7883.5909,1889.7415,11.0708,0.5191,2.1301,-7.594,0.8678,4.0342
ORO,LSTM,-0.05,3.0,3995.4713,1104.0097,27.2839,0.2432,3.7042,-19.3984,9.1444,-28.1576
YRS,LSTM,-0.05,3.0,1949.4176,621.6329,51.2364,0.2563,-5.1424,-28.0313,8.3189,-43.1845
FOL,LSTM,-0.05,3.0,2527.359,877.1934,36.6453,0.1498,0.8545,-19.4961,9.7798,-43.175
MKM,LSTM,-0.05,3.0,616.8486,287.0487,25.9686,0.0861,-6.6189,-25.4025,9.8501,-55.9153
NHG,LSTM,-0.05,3.0,148.9593,24.5295,18.5633,0.1,14.0356,8.0171,0.5252,179.504
NML,LSTM,-0.05,3.0,980.9358,455.3308,22.1867,0.2306,1.5093,-11.5997,13.9812,-41.2833
TLG,LSTM,-0.05,3.0,1887.1659,992.8693,23.0337,0.1684,5.9501,-9.0075,16.4764,-39.9212
MRC,LSTM,-0.05,3.0,909.68,472.6336,17.5519,0.0483,5.4235,-12.5659,26.5028,-58.1834
MIL,LSTM,-0.05,3.0,1610.0148,995.4541,15.706,0.1507,5.7807,-3.8363,29.8562,-36.9982
PNF,LSTM,-0.05,3.0,1676.4074,1049.7554,17.0412,0.176,4.7949,-5.2219,24.6841,-29.0776
TRM,LSTM,-0.05,3.0,425.2641,223.5103,14.053,0.1412,12.8126,-5.7637,15.4094,-12.8001
SCC,LSTM,-0.05,3.0,253.1408,86.4063,11.4466,0.2008,29.4728,7.8449,6.449,96.2752
ISB,LSTM,-0.05,3.0,892.1699,477.7327,4.4601,0.1638,35.0889,19.3694,30.4323,20.4047
SHA,LSTM,-0.05,3.5,5497.6273,1360.3002,11.3505,0.506,2.1819,-13.2658,6.671,4.1728
BND,LSTM,-0.05,3.5,7969.2212,1893.3291,11.1527,0.5305,3.2394,-7.4186,1.6148,6.3263
ORO,LSTM,-0.05,3.5,4013.9954,1058.7346,27.7246,0.2344,4.185,-22.7039,10.9071,-30.7426
YRS,LSTM,-0.05,3.5,1922.4786,573.7821,51.6238,0.2446,-6.4533,-33.5712,9.138,-45.7668
FOL,LSTM,-0.05,3.5,2518.128,832.1533,37.1325,0.139,0.4862,-23.6296,11.2393,-47.2863
MKM,LSTM,-0.05,3.5,599.0414,263.8179,26.7095,0.0748,-9.3146,-31.4396,12.9844,-61.7158
NHG,LSTM,-0.05,3.5,155.5268,25.6646,18.7648,0.116,19.0634,13.0154,1.6167,224.3331
NML,LSTM,-0.05,3.5,974.6754,434.8982,22.7986,0.2111,0.8614,-15.5666,17.1247,-46.2479
TLG,LSTM,-0.05,3.5,1886.619,951.1487,23.6247,0.1521,5.9194,-12.831,19.4652,-45.7459
MRC,LSTM,-0.05,3.5,907.605,449.4607,18.1084,0.0399,5.183,-16.8527,30.5141,-65.4586
MIL,LSTM,-0.05,3.5,1604.0019,959.0429,16.2105,0.1341,5.3856,-7.3538,34.0274,-43.9543
PNF,LSTM,-0.05,3.5,1651.9198,1000.117,17.6064,0.1612,3.2641,-9.7036,28.8195,-35.0566
TRM,LSTM,-0.05,3.5,425.8739,213.2605,14.4781,0.1425,12.9744,-10.0852,18.9003,-11.9798
SCC,LSTM,-0.05,3.5,270.1687,88.9679,11.5463,0.2504,38.182,11.042,7.3767,144.7315
ISB,LSTM,-0.05,3.5,919.1531,476.3071,4.5947,0.171,39.1746,19.0132,34.3676,25.6604
SHA,LSTM,-0.05,4.0,5543.0391,1353.8874,11.4145,0.5161,3.0259,-13.6746,7.2722,6.2524
BND,LSTM,-0.05,4.0,8061.8827,1902.531,11.2652,0.5437,4.4398,-6.9686,2.6392,8.9603
ORO,LSTM,-0.05,4.0,4026.5756,1015.0404,28.0373,0.2294,4.5115,-25.8939,12.1581,-32.215
YRS,LSTM,-0.05,4.0,1890.328,526.196,51.8004,0.2345,-8.0177,-39.0804,9.5113,-48.0253
FOL,LSTM,-0.05,4.0,2501.7753,786.659,37.5737,0.1313,-0.1664,-27.8048,12.561,-50.204
MKM,LSTM,-0.05,4.0,575.4569,237.8423,26.7041,0.0658,-12.8849,-38.1901,12.9613,-66.3115
NHG,LSTM,-0.05,4.0,162.3589,27.02,18.9379,0.1336,24.2936,18.984,2.554,273.4458
NML,LSTM,-0.05,4.0,965.5556,413.4547,23.2062,0.1954,-0.0823,-19.7297,19.2187,-50.2378
TLG,LSTM,-0.05,4.0,1875.0506,901.0548,24.5444,0.1378,5.2699,-17.4219,24.116,-50.8598
MRC,LSTM,-0.05,4.0,900.5607,423.4694,18.5975,0.0337,4.3666,-21.661,34.0389,-70.8201
MIL,LSTM,-0.05,4.0,1585.5906,911.0777,16.3508,0.1166,4.176,-11.9873,35.1876,-51.2538
PNF,LSTM,-0.05,4.0,1620.9178,946.1536,17.809,0.1454,1.3261,-14.5757,30.3018,-41.4166
TRM,LSTM,-0.05,4.0,422.2208,200.5516,14.666,0.1449,12.0053,-15.4435,20.4429,-10.5301
SCC,LSTM,-0.05,4.0,290.4863,92.0568,11.5995,0.3123,48.5737,14.8974,7.871,205.2866
ISB,LSTM,-0.05,4.0,942.9705,471.6242,4.7158,0.1804,42.781,17.8431,37.9107,32.5705
SHA,LSTM,-0.0,0.0,5380.2368,1568.3542,10.6407,0.4857,0.0,0.0,0.0,0.0
BND,LSTM,-0.0,0.0,7719.1637,2045.0426,10.9755,0.499,0.0,0.0,0.0,0.0
ORO,LSTM,-0.0,0.0,3852.759,1369.712,24.998,0.3385,0.0,0.0,0.0,0.0
YRS,LSTM,-0.0,0.0,2055.0994,863.7546,47.3014,0.4511,0.0,0.0,0.0,0.0
FOL,LSTM,-0.0,0.0,2505.9449,1089.6278,33.3807,0.2636,0.0,0.0,0.0,0.0
MKM,LSTM,-0.0,0.0,660.571,384.7965,23.64,0.1954,0.0,0.0,0.0,0.0
NHG,LSTM,-0.0,0.0,130.6252,22.7089,18.4663,0.0358,0.0,0.0,0.0,0.0
NML,LSTM,-0.0,0.0,966.3509,515.0783,19.4652,0.3927,0.0,0.0,0.0,0.0
TLG,LSTM,-0.0,0.0,1781.1838,1091.155,19.7754,0.2804,0.0,0.0,0.0,0.0
MRC,LSTM,-0.0,0.0,862.8818,540.5599,13.8747,0.1156,0.0,0.0,0.0,0.0
MIL,LSTM,-0.0,0.0,1522.0308,1035.1665,12.0949,0.2393,0.0,0.0,0.0,0.0
PNF,LSTM,-0.0,0.0,1599.7037,1107.5932,13.6675,0.2482,0.0,0.0,0.0,0.0
TRM,LSTM,-0.0,0.0,376.9651,237.1805,12.1767,0.1619,0.0,0.0,0.0,0.0
SCC,LSTM,-0.0,0.0,195.5166,80.1209,10.7531,0.1023,0.0,0.0,0.0,0.0
ISB,LSTM,-0.0,0.0,660.4315,400.2138,3.4195,0.1361,0.0,0.0,0.0,0.0
SHA,LSTM,-0.0,0.5,5422.0985,1532.051,10.8749,0.4828,0.7781,-2.3147,2.2013,-0.5928
BND,LSTM,-0.0,0.5,7775.7208,2013.0578,11.0906,0.4972,0.7327,-1.564,1.0488,-0.3523
ORO,LSTM,-0.0,0.5,3919.4562,1341.1539,25.6736,0.3174,1.7312,-2.085,2.7026,-6.2309
YRS,LSTM,-0.0,0.5,2074.339,841.25,48.7818,0.4094,0.9362,-2.6054,3.1297,-9.2316
FOL,LSTM,-0.0,0.5,2557.6569,1079.8109,34.1267,0.24,2.0636,-0.9009,2.2347,-8.9648
MKM,LSTM,-0.0,0.5,667.6308,379.1708,24.1742,0.1747,1.0687,-1.462,2.2597,-10.5775
NHG,LSTM,-0.0,0.5,133.3883,23.0566,18.6638,0.041,2.1153,1.5312,1.0695,14.658
NML,LSTM,-0.0,0.5,988.7274,518.1804,20.1454,0.369,2.3156,0.6023,3.4944,-6.0331
TLG,LSTM,-0.0,0.5,1821.3989,1098.4841,20.3827,0.2597,2.2578,0.6717,3.0709,-7.3788
MRC,LSTM,-0.0,0.5,884.8197,543.9172,14.6584,0.1035,2.5424,0.6211,5.649,-10.5088
MIL,LSTM,-0.0,0.5,1553.9926,1049.5277,13.1107,0.2245,2.0999,1.3873,8.3988,-6.1492
PNF,LSTM,-0.0,0.5,1635.3261,1122.8445,14.7001,0.2359,2.2268,1.377,7.5552,-4.9679
TRM,LSTM,-0.0,0.5,390.7213,241.6345,12.727,0.1579,3.6492,1.8779,4.5191,-2.4888
SCC,LSTM,-0.0,0.5,205.3399,82.0787,11.014,0.1048,5.0243,2.4436,2.4264,2.4131
ISB,LSTM,-0.0,0.5,705.0353,424.4998,3.6839,0.1376,6.7537,6.0683,7.7326,1.14
SHA,LSTM,-0.0,1.0,5461.8333,1498.8492,11.1611,0.4817,1.5166,-4.4317,4.8909,-0.8295
BND,LSTM,-0.0,1.0,7835.0878,1986.2508,11.216,0.4974,1.5018,-2.8748,2.1912,-0.316
ORO,LSTM,-0.0,1.0,3983.7161,1309.8007,26.4379,0.2988,3.399,-4.374,5.7602,-11.7182
YRS,LSTM,-0.0,1.0,2087.1255,812.6044,49.9949,0.3715,1.5584,-5.9218,5.6943,-17.6482
FOL,LSTM,-0.0,1.0,2599.8707,1061.5648,34.7413,0.2194,3.7481,-2.5755,4.0758,-16.7928
MKM,LSTM,-0.0,1.0,672.361,370.3961,24.6223,0.1572,1.7848,-3.7423,4.155,-19.5313
NHG,LSTM,-0.0,1.0,136.8955,23.4947,18.7521,0.0474,4.8002,3.4602,1.5477,32.6462
NML,LSTM,-0.0,1.0,1005.0386,517.4366,20.7818,0.3444,4.0035,0.4578,6.7636,-12.2988
TLG,LSTM,-0.0,1.0,1859.8092,1100.4933,21.1042,0.2377,4.4142,0.8558,6.7198,-15.2158
MRC,LSTM,-0.0,1.0,905.1208,543.4664,15.561,0.0918,4.8951,0.5377,12.1541,-20.6191
MIL,LSTM,-0.0,1.0,1582.2271,1057.699,13.7535,0.2082,3.955,2.1767,13.7131,-12.9642
PNF,LSTM,-0.0,1.0,1668.2493,1131.8818,15.501,0.2243,4.2849,2.1929,13.4149,-9.643
TRM,LSTM,-0.0,1.0,405.394,245.5294,13.1302,0.153,7.5415,3.5201,7.8308,-5.5044
SCC,LSTM,-0.0,1.0,215.2449,83.7597,11.2583,0.1078,10.0903,4.5416,4.698,5.3822
ISB,LSTM,-0.0,1.0,748.6151,445.8487,3.8933,0.138,13.3524,11.4026,13.8563,1.4506
SHA,LSTM,-0.0,1.5,5501.2225,1469.3739,11.3712,0.4823,2.2487,-6.3111,6.8656,-0.6947
BND,LSTM,-0.0,1.5,7895.1754,1963.9104,11.323,0.499,2.2802,-3.9673,3.1664,0.0082
ORO,LSTM,-0.0,1.5,4043.1755,1275.3056,27.0968,0.2825,4.9423,-6.8924,8.3956,-16.5333
YRS,LSTM,-0.0,1.5,2094.7274,780.2365,51.4541,0.3403,1.9283,-9.6692,8.7791,-24.5641
FOL,LSTM,-0.0,1.5,2632.6929,1035.4617,35.7325,0.2019,5.0579,-4.9711,7.0452,-23.4164
MKM,LSTM,-0.0,1.5,673.3698,357.925,24.9997,0.1397,1.9375,-6.9833,5.7518,-28.4959
NHG,LSTM,-0.0,1.5,141.4819,24.0341,18.9208,0.0552,8.3113,5.8357,2.4611,54.3881
NML,LSTM,-0.0,1.5,1012.7502,511.0179,21.1386,0.3177,4.8015,-0.7883,8.597,-19.1017
TLG,LSTM,-0.0,1.5,1895.3587,1096.4342,22.2756,0.2183,6.4101,0.4838,12.6428,-22.1404
MRC,LSTM,-0.0,1.5,922.7143,538.1143,16.3467,0.0815,6.934,-0.4524,17.8171,-29.5423
MIL,LSTM,-0.0,1.5,1609.0216,1061.8284,14.6212,0.1913,5.7154,2.5756,20.887,-20.0532
PNF,LSTM,-0.0,1.5,1695.5957,1133.1281,16.2515,0.2135,5.9944,2.3054,18.9063,-13.9826
TRM,LSTM,-0.0,1.5,419.2184,247.6903,13.5312,0.1481,11.2088,4.4311,11.1238,-8.5324
SCC,LSTM,-0.0,1.5,224.48,84.915,11.3798,0.1136,14.8138,5.9837,5.8285,11.0138
ISB,LSTM,-0.0,1.5,788.5788,462.1268,4.1062,0.1395,19.4036,15.47,20.0823,2.4933
SHA,LSTM,-0.0,2.0,5538.757,1443.5821,11.493,0.4845,2.9463,-7.9556,8.01,-0.25
BND,LSTM,-0.0,2.0,7964.0044,1948.3305,11.4172,0.5033,3.1719,-4.7291,4.0245,0.8796
ORO,LSTM,-0.0,2.0,4094.2869,1237.1583,27.6543,0.2674,6.269,-9.6775,10.6259,-20.997
YRS,LSTM,-0.0,2.0,2094.3269,742.5359,52.301,0.314,1.9088,-14.0339,10.5696,-30.3871
FOL,LSTM,-0.0,2.0,2656.2694,1003.1867,36.6449,0.1856,5.9987,-7.9331,9.7786,-29.5917
MKM,LSTM,-0.0,2.0,670.4869,342.2812,25.9322,0.1213,1.5011,-11.0488,9.6964,-37.9449
NHG,LSTM,-0.0,2.0,147.2955,24.7063,19.2814,0.0665,12.7619,8.7956,4.4139,85.8332
NML,LSTM,-0.0,2.0,1017.601,500.7662,21.4881,0.2871,5.3035,-2.7786,10.3925,-26.8887
TLG,LSTM,-0.0,2.0,1926.0552,1085.4885,23.081,0.2008,8.1334,-0.5193,16.716,-28.386
MRC,LSTM,-0.0,2.0,936.0675,527.5074,17.1542,0.0714,8.4815,-2.4146,23.6368,-38.2766
MIL,LSTM,-0.0,2.0,1633.9148,1060.2822,15.3956,0.1764,7.351,2.4263,27.2899,-26.261
PNF,LSTM,-0.0,2.0,1715.9092,1125.6031,17.0657,0.1995,7.2642,1.626,24.8633,-19.6151
TRM,LSTM,-0.0,2.0,431.4591,247.5938,13.9148,0.1431,14.456,4.3904,14.2743,-11.6195
SCC,LSTM,-0.0,2.0,233.875,85.9761,11.4702,0.124,19.619,7.308,6.6686,21.2
ISB,LSTM,-0.0,2.0,824.1582,472.9795,4.2864,0.1415,24.7909,18.1817,25.3522,4.0195
SHA,LSTM,-0.0,2.5,5578.7246,1422.2575,11.6134,0.489,3.6892,-9.3153,9.1417,0.6731
BND,LSTM,-0.0,2.5,8035.3733,1937.5099,11.4837,0.5095,4.0964,-5.2582,4.6307,2.1067
ORO,LSTM,-0.0,2.5,4135.6368,1195.3396,28.0962,0.2548,7.3422,-12.7306,12.3936,-24.7278
YRS,LSTM,-0.0,2.5,2084.8318,698.8852,52.8709,0.2951,1.4468,-19.0875,11.7745,-34.5847
FOL,LSTM,-0.0,2.5,2669.8871,965.4214,37.4434,0.1727,6.5421,-11.399,12.1707,-34.484
MKM,LSTM,-0.0,2.5,662.2216,322.7314,26.6162,0.1037,0.2499,-16.1293,12.5895,-46.9342
NHG,LSTM,-0.0,2.5,153.6088,25.4619,19.5478,0.0801,17.595,12.1228,5.8567,123.8971
NML,LSTM,-0.0,2.5,1021.9702,488.0,22.1284,0.2599,5.7556,-5.2571,13.6818,-33.7995
TLG,LSTM,-0.0,2.5,1949.7193,1066.214,23.3956,0.1844,9.462,-2.2857,18.3067,-34.2352
MRC,LSTM,-0.0,2.5,944.4089,512.0002,17.7916,0.0599,9.4482,-5.2834,28.2307,-48.1958
MIL,LSTM,-0.0,2.5,1652.8126,1050.2218,16.1605,0.1604,8.5926,1.4544,33.6142,-32.9513
PNF,LSTM,-0.0,2.5,1726.3276,1107.3421,17.7424,0.187,7.9155,-0.0227,29.8143,-24.6534
TRM,LSTM,-0.0,2.5,441.0918,244.3853,14.2241,0.1398,17.0113,3.0377,16.814,-13.6538
SCC,LSTM,-0.0,2.5,243.0695,86.8411,11.5488,0.1385,24.3217,8.3876,7.3999,35.4173
ISB,LSTM,-0.0,2.5,856.0804,478.896,4.4352,0.1442,29.6244,19.66,29.7038,5.9558
SHA,LSTM,-0.0,3.0,5620.3743,1405.3284,11.7593,0.4946,4.4633,-10.3947,10.513,1.8279
BND,LSTM,-0.0,3.0,8115.2869,1933.2528,11.535,0.5177,5.1317,-5.4664,5.0976,3.7614
ORO,LSTM,-0.0,3.0,4166.4566,1150.187,28.464,0.2441,8.1422,-16.0271,13.8651,-27.8846
YRS,LSTM,-0.0,3.0,2065.7303,651.2117,53.4497,0.2798,0.5173,-24.6069,12.9982,-37.9686
FOL,LSTM,-0.0,3.0,2671.6853,922.2073,38.0844,0.1603,6.6139,-15.3649,14.0908,-39.1844
MKM,LSTM,-0.0,3.0,648.4164,300.26,27.234,0.0894,-1.84,-21.9692,15.2029,-54.2346
NHG,LSTM,-0.0,3.0,160.4289,26.3808,19.6368,0.0962,22.8161,16.1695,6.3389,168.8118
NML,LSTM,-0.0,3.0,1022.8082,471.718,22.7847,0.2371,5.8423,-8.4182,17.0532,-39.6072
TLG,LSTM,-0.0,3.0,1961.9193,1035.8384,23.8773,0.1658,10.1469,-5.0695,20.7424,-40.8488
MRC,LSTM,-0.0,3.0,946.7967,491.4918,18.293,0.0495,9.725,-9.0773,31.8446,-57.1985
MIL,LSTM,-0.0,3.0,1660.9946,1027.3033,16.5528,0.1445,9.1302,-0.7596,36.8572,-39.6009
PNF,LSTM,-0.0,3.0,1719.9331,1072.7989,17.988,0.1733,7.5157,-3.1414,31.6109,-30.1719
TRM,LSTM,-0.0,3.0,446.3381,237.2004,14.4567,0.1372,18.403,0.0084,18.7245,-15.2672
SCC,LSTM,-0.0,3.0,252.5768,87.661,11.6175,0.1586,29.1843,9.4109,8.0387,55.0384
ISB,LSTM,-0.0,3.0,883.8867,480.3906,4.5478,0.1473,33.8347,20.0335,32.9958,8.252
SHA,LSTM,-0.0,3.5,5665.1536,1393.0924,11.8625,0.5028,5.2956,-11.1749,11.4821,3.515
BND,LSTM,-0.0,3.5,8202.5527,1935.0062,11.5818,0.5282,6.2622,-5.3806,5.5239,5.8551
ORO,LSTM,-0.0,3.5,4188.614,1104.0281,28.7833,0.2354,8.7173,-19.3971,15.1422,-30.4478
YRS,LSTM,-0.0,3.5,2039.902,602.2458,54.0153,0.2675,-0.7395,-30.2758,14.1939,-40.7079
FOL,LSTM,-0.0,3.5,2664.214,876.1884,38.4119,0.1498,6.3157,-19.5883,15.0721,-43.1914
MKM,LSTM,-0.0,3.5,630.8084,276.8111,27.982,0.0775,-4.5056,-28.063,18.3671,-60.3221
NHG,LSTM,-0.0,3.5,167.3262,27.4526,19.7848,0.1118,28.0964,20.8891,7.1402,212.5758
NML,LSTM,-0.0,3.5,1017.3274,450.9196,23.3038,0.2178,5.2752,-12.4561,19.7202,-44.5262
TLG,LSTM,-0.0,3.5,1960.501,993.015,24.5135,0.1493,10.0673,-8.9941,23.9598,-46.7626
MRC,LSTM,-0.0,3.5,944.2618,467.3472,18.7829,0.0405,9.4312,-13.5439,35.3754,-64.9542
MIL,LSTM,-0.0,3.5,1655.2098,990.2704,16.7701,0.1288,8.7501,-4.3371,38.6541,-46.1779
PNF,LSTM,-0.0,3.5,1694.216,1021.1698,18.1651,0.1584,5.9081,-7.8028,32.9068,-36.177
TRM,LSTM,-0.0,3.5,446.1568,226.0314,14.8963,0.138,18.3549,-4.7007,22.3348,-14.7494
SCC,LSTM,-0.0,3.5,263.8971,88.787,11.7317,0.1868,34.9743,10.8162,9.1004,82.6331
ISB,LSTM,-0.0,3.5,907.0951,477.6482,4.7108,0.1516,37.3488,19.3483,37.7622,11.4326
SHA,LSTM,-0.0,4.0,5711.2264,1384.8251,11.9465,0.5119,6.152,-11.702,12.2719,5.4019
BND,LSTM,-0.0,4.0,8298.7179,1942.9038,11.7015,0.5407,7.508,-4.9945,6.6151,8.3675
ORO,LSTM,-0.0,4.0,4204.339,1059.1444,29.1009,0.2305,9.1254,-22.6739,16.4128,-31.8923
YRS,LSTM,-0.0,4.0,2009.0096,554.2244,54.1142,0.2564,-2.2427,-35.8354,14.403,-43.1659
FOL,LSTM,-0.0,4.0,2649.4778,829.7468,38.8702,0.1408,5.7277,-23.8504,16.445,-46.5857
MKM,LSTM,-0.0,4.0,608.4445,251.5875,28.2428,0.0681,-7.8911,-34.618,19.4701,-65.1586
NHG,LSTM,-0.0,4.0,174.123,28.6767,19.8781,0.1285,33.2997,26.2793,7.6454,259.3422
NML,LSTM,-0.0,4.0,1008.8921,429.1504,23.6838,0.2014,4.4023,-16.6825,21.6725,-48.7089
TLG,LSTM,-0.0,4.0,1945.7898,939.7983,25.2738,0.1333,9.2414,-13.8712,27.8044,-52.4403
MRC,LSTM,-0.0,4.0,936.7529,440.312,19.1267,0.0338,8.561,-18.5452,37.8534,-70.7915
MIL,LSTM,-0.0,4.0,1636.0339,940.8638,17.166,0.1123,7.4902,-9.1099,41.9277,-53.0536
PNF,LSTM,-0.0,4.0,1662.5264,966.0456,18.5071,0.1426,3.9271,-12.7797,35.4092,-42.5455
TRM,LSTM,-0.0,4.0,441.7892,212.4274,15.1579,0.1389,17.1963,-10.4364,24.4833,-14.2036
SCC,LSTM,-0.0,4.0,278.2967,90.6388,11.8227,0.2323,42.3392,13.1276,9.947,127.0558
ISB,LSTM,-0.0,4.0,926.2951,471.4469,4.8281,0.1575,40.256,17.7988,41.1947,15.7645
SHA,LSTM,0.05,0.0,5516.8795,1608.4003,11.0837,0.4856,2.5397,2.5534,4.1635,-0.0272
BND,LSTM,0.05,0.0,7909.8959,2092.2986,11.4412,0.5002,2.4709,2.3108,4.243,0.2418
ORO,LSTM,0.05,0.0,3987.262,1413.0336,25.9405,0.34,3.4911,3.1628,3.7702,0.4391
YRS,LSTM,0.05,0.0,2153.5855,892.5244,48.9473,0.484,4.7923,3.3308,3.4796,7.2911
FOL,LSTM,0.05,0.0,2625.8495,1129.8642,34.7312,0.2802,4.7848,3.6927,4.0456,6.2791
MKM,LSTM,0.05,0.0,689.5856,398.8629,24.5865,0.204,4.3923,3.6555,4.0038,4.3941
NHG,LSTM,0.05,0.0,142.3012,24.8711,19.3398,0.0356,8.9385,9.5211,4.7304,-0.5452
NML,LSTM,0.05,0.0,999.8684,530.4228,20.2607,0.4016,3.4685,2.979,4.0867,2.2758
TLG,LSTM,0.05,0.0,1846.1139,1129.7977,20.5575,0.284,3.6453,3.5414,3.955,1.295
MRC,LSTM,0.05,0.0,896.1439,558.873,14.5547,0.1181,3.8548,3.3878,4.901,2.1616
MIL,LSTM,0.05,0.0,1564.0262,1062.6609,12.8051,0.2386,2.7592,2.656,5.8718,-0.273
PNF,LSTM,0.05,0.0,1634.4686,1127.4382,14.3529,0.2491,2.1732,1.7917,5.0149,0.3548
TRM,LSTM,0.05,0.0,394.4374,249.4049,12.7544,0.1623,4.635,5.154,4.7444,0.2298
SCC,LSTM,0.05,0.0,204.5259,84.6327,11.0833,0.0998,4.6079,5.6312,3.0705,-2.4612
ISB,LSTM,0.05,0.0,665.3099,407.8969,3.5075,0.1297,0.7387,1.9198,2.5731,-4.7209
SHA,LSTM,0.05,0.5,5564.4025,1571.5253,11.3264,0.4827,3.423,0.2022,6.4442,-0.6118
BND,LSTM,0.05,0.5,7975.2301,2060.5277,11.5489,0.4986,3.3173,0.7572,5.2247,-0.0766
ORO,LSTM,0.05,0.5,4059.6898,1384.5457,26.7307,0.3179,5.371,1.083,6.9313,-6.0808
YRS,LSTM,0.05,0.5,2176.7282,870.9587,50.5043,0.4411,5.9184,0.834,6.7712,-2.2158
FOL,LSTM,0.05,0.5,2682.72,1121.2947,35.4646,0.2559,7.0542,2.9062,6.2427,-2.9493
MKM,LSTM,0.05,0.5,697.611,393.5816,25.1283,0.1824,5.6073,2.283,6.2958,-6.6718
NHG,LSTM,0.05,0.5,145.1464,25.2413,19.6281,0.0406,11.1166,11.1516,6.2913,13.4325
NML,LSTM,0.05,0.5,1023.0946,533.6642,20.7365,0.3778,5.872,3.6084,6.5308,-3.7832
TLG,LSTM,0.05,0.5,1889.7188,1138.6793,21.4614,0.2633,6.0934,4.3554,8.5259,-6.0773
MRC,LSTM,0.05,0.5,919.7342,563.1334,15.2917,0.105,6.5887,4.1759,10.2132,-9.1541
MIL,LSTM,0.05,0.5,1599.3031,1078.9313,13.7993,0.2236,5.0769,4.2278,14.0915,-6.5462
PNF,LSTM,0.05,0.5,1672.1164,1143.745,15.4237,0.2372,4.5266,3.264,12.849,-4.4218
TRM,LSTM,0.05,0.5,409.1695,254.4535,13.2025,0.1572,8.5431,7.2826,8.4243,-2.8819
SCC,LSTM,0.05,0.5,214.4661,86.4731,11.3235,0.101,9.692,7.9283,5.305,-1.3162
ISB,LSTM,0.05,0.5,708.4918,431.4549,3.7608,0.1302,7.2771,7.8061,9.9817,-4.293
SHA,LSTM,0.05,1.0,5609.8908,1537.722,11.5962,0.4815,4.2685,-1.9531,8.9799,-0.8557
BND,LSTM,0.05,1.0,8041.172,2033.2193,11.6431,0.4985,4.1715,-0.5781,6.0823,-0.0922
ORO,LSTM,0.05,1.0,4130.1445,1353.7054,27.5173,0.2988,7.1997,-1.1686,10.0778,-11.7153
YRS,LSTM,0.05,1.0,2191.6658,841.2266,51.7582,0.4033,6.6452,-2.6081,9.4222,-10.5941
FOL,LSTM,0.05,1.0,2730.0763,1104.1819,35.9784,0.2343,8.944,1.3357,7.7818,-11.1303
MKM,LSTM,0.05,1.0,702.9669,384.8612,25.5754,0.1641,6.4181,0.0168,8.1869,-16.0293
NHG,LSTM,0.05,1.0,148.7709,25.6872,19.807,0.0468,13.8914,13.115,7.2605,30.7772
NML,LSTM,0.05,1.0,1040.679,533.1446,21.3655,0.3524,7.6916,3.5075,9.7625,-10.253
TLG,LSTM,0.05,1.0,1930.4482,1141.5971,22.0741,0.2412,8.3801,4.6228,11.6242,-13.9767
MRC,LSTM,0.05,1.0,941.1306,563.0647,16.1629,0.0936,9.0683,4.1632,16.4923,-19.0727
MIL,LSTM,0.05,1.0,1629.6889,1088.1546,14.3555,0.2073,7.0733,5.1188,18.6908,-13.3546
PNF,LSTM,0.05,1.0,1705.3385,1152.0041,16.2863,0.2247,6.6034,4.0097,19.1603,-9.4483
TRM,LSTM,0.05,1.0,424.4563,258.6289,13.5721,0.1526,12.5983,9.0431,11.4593,-5.7291
SCC,LSTM,0.05,1.0,224.1481,88.0008,11.504,0.103,14.644,9.835,6.9831,0.722
ISB,LSTM,0.05,1.0,750.3837,451.9054,4.0005,0.13,13.6202,12.916,16.9902,-4.4366
SHA,LSTM,0.05,1.5,5653.6199,1507.3498,11.8051,0.4816,5.0812,-3.8897,10.9426,-0.8441
BND,LSTM,0.05,1.5,8109.1646,2010.7527,11.7414,0.5003,5.0524,-1.6767,6.978,0.2723
ORO,LSTM,0.05,1.5,4196.1307,1319.9143,28.1743,0.2836,8.9124,-3.6356,12.7062,-16.2051
YRS,LSTM,0.05,1.5,2201.7768,808.2874,53.028,0.3702,7.1372,-6.4216,12.1066,-17.9402
FOL,LSTM,0.05,1.5,2765.8907,1077.9632,36.9715,0.2159,10.3732,-1.0705,10.7572,-18.0877
MKM,LSTM,0.05,1.5,704.1217,372.0518,25.9539,0.1449,6.5929,-3.3121,9.7878,-25.8707
NHG,LSTM,0.05,1.5,153.2682,26.1979,19.9207,0.0544,17.3343,15.3637,7.8758,52.0735
NML,LSTM,0.05,1.5,1049.7734,526.9392,21.8333,0.3249,8.6327,2.3027,12.1659,-17.2505
TLG,LSTM,0.05,1.5,1967.7697,1138.2019,23.3014,0.2211,10.4754,4.3117,17.8303,-21.1277
MRC,LSTM,0.05,1.5,959.2216,557.6847,16.9322,0.0825,11.1649,3.168,22.0366,-28.6551
MIL,LSTM,0.05,1.5,1656.842,1092.3121,15.1336,0.1888,8.8573,5.5204,25.1239,-21.0804
PNF,LSTM,0.05,1.5,1733.1934,1152.7701,17.0263,0.2129,8.3447,4.0788,24.575,-14.2224
TRM,LSTM,0.05,1.5,438.8237,261.0007,13.9301,0.147,16.4096,10.0431,14.3998,-9.1962
SCC,LSTM,0.05,1.5,232.9325,88.913,11.6034,0.1065,19.137,10.9735,7.9072,4.0654
ISB,LSTM,0.05,1.5,788.1676,467.0006,4.1763,0.1305,19.3413,16.6878,22.1323,-4.1048
SHA,LSTM,0.05,2.0,5697.3171,1481.1461,11.9827,0.4839,5.8934,-5.5605,12.6119,-0.3737
BND,LSTM,0.05,2.0,8183.5026,1994.4051,11.8395,0.5039,6.0154,-2.4761,7.8717,0.989
ORO,LSTM,0.05,2.0,4253.1545,1282.1534,28.7341,0.2688,10.3924,-6.3925,14.9455,-20.5992
YRS,LSTM,0.05,2.0,2204.7156,770.8125,53.7965,0.3438,7.2802,-10.7602,13.7313,-23.7953
FOL,LSTM,0.05,2.0,2792.354,1045.408,37.8556,0.1992,11.4292,-4.0582,13.4057,-24.4369
MKM,LSTM,0.05,2.0,701.3645,355.9984,26.9174,0.1279,6.1755,-7.484,13.8638,-34.5337
NHG,LSTM,0.05,2.0,158.9814,26.8402,20.096,0.0645,21.7081,18.1922,8.8251,80.2493
NML,LSTM,0.05,2.0,1055.7973,516.5859,22.5225,0.2944,9.2561,0.2927,15.7062,-25.0302
TLG,LSTM,0.05,2.0,1999.6311,1127.2968,24.0602,0.2014,12.2642,3.3123,21.6674,-28.1635
MRC,LSTM,0.05,2.0,972.4605,546.5416,17.766,0.0714,12.6992,1.1066,28.046,-38.2205
MIL,LSTM,0.05,2.0,1682.2778,1090.4154,15.9312,0.1732,10.5285,5.3372,31.7184,-27.5932
PNF,LSTM,0.05,2.0,1754.448,1145.0971,17.7639,0.1991,9.6733,3.3861,29.9719,-19.7937
TRM,LSTM,0.05,2.0,451.4752,260.8969,14.3175,0.1419,19.7658,9.9993,17.5808,-12.3592
SCC,LSTM,0.05,2.0,241.408,89.5948,11.6897,0.1133,23.4719,11.8245,8.71,10.7692
ISB,LSTM,0.05,2.0,822.0048,476.9055,4.3537,0.1314,24.4648,19.1627,27.3218,-3.4578
SHA,LSTM,0.05,2.5,5741.5872,1458.9027,12.1062,0.4881,6.7163,-6.9787,13.7724,0.4899
BND,LSTM,0.05,2.5,8261.9332,1983.455,11.9108,0.5095,7.0315,-3.0116,8.5218,2.1084
ORO,LSTM,0.05,2.5,4299.9989,1240.6058,29.1714,0.2566,11.6083,-9.4258,16.6948,-24.1909
YRS,LSTM,0.05,2.5,2197.5633,727.0437,54.4065,0.3227,6.9322,-15.8275,15.0208,-28.4697
FOL,LSTM,0.05,2.5,2808.9593,1007.7453,38.6326,0.1854,12.0918,-7.5147,15.7332,-29.6671
MKM,LSTM,0.05,2.5,693.2772,335.988,27.9551,0.1087,4.9512,-12.6842,18.2535,-44.3636
NHG,LSTM,0.05,2.5,165.5439,27.5974,20.4308,0.0776,26.732,21.5265,10.6383,116.827
NML,LSTM,0.05,2.5,1061.6079,503.449,23.1619,0.2678,9.8574,-2.2578,18.9915,-31.7928
TLG,LSTM,0.05,2.5,2023.1555,1107.2864,24.2579,0.1844,13.5849,1.4784,22.6671,-34.2256
MRC,LSTM,0.05,2.5,980.3763,530.252,18.5153,0.0609,13.6165,-1.9069,33.4468,-47.3478
MIL,LSTM,0.05,2.5,1701.1075,1079.6461,16.7279,0.1566,11.7656,4.2969,38.305,-34.5529
PNF,LSTM,0.05,2.5,1765.6664,1126.7413,18.5983,0.1856,10.3746,1.7288,36.0769,-25.2404
TRM,LSTM,0.05,2.5,461.4438,257.646,14.6203,0.1378,22.4102,8.6287,20.0681,-14.8918
SCC,LSTM,0.05,2.5,249.6139,90.0011,11.7656,0.124,27.6689,12.3316,9.4159,21.1907
ISB,LSTM,0.05,2.5,852.4811,482.2121,4.5028,0.1327,29.0794,20.4886,31.6808,-2.4805
SHA,LSTM,0.05,3.0,5786.1304,1440.6968,12.2576,0.4935,7.5442,-8.1396,15.1958,1.612
BND,LSTM,0.05,3.0,8346.2964,1978.0711,11.9667,0.5172,8.1244,-3.2748,9.0309,3.6569
ORO,LSTM,0.05,3.0,4335.8444,1195.2966,29.4617,0.2457,12.5387,-12.7337,17.8561,-27.4065
YRS,LSTM,0.05,3.0,2180.4887,679.2286,55.1186,0.3068,6.1014,-21.3632,16.5263,-31.9848
FOL,LSTM,0.05,3.0,2813.4082,964.4575,39.303,0.173,12.2694,-11.4874,17.7417,-34.3961
MKM,LSTM,0.05,3.0,679.56,312.8947,28.469,0.0935,2.8746,-18.6857,20.4273,-52.1537
NHG,LSTM,0.05,3.0,172.6031,28.4794,20.5686,0.0931,32.1361,25.4107,11.3847,160.2351
NML,LSTM,0.05,3.0,1063.4453,486.9501,23.4378,0.2462,10.0475,-5.461,20.4085,-37.2998
TLG,LSTM,0.05,3.0,2034.5544,1075.8777,24.8414,0.1655,14.2248,-1.4001,25.6176,-40.9819
MRC,LSTM,0.05,3.0,982.4012,508.9865,18.9882,0.05,13.8512,-5.8409,36.8555,-56.7311
MIL,LSTM,0.05,3.0,1709.8854,1056.3805,17.2891,0.1406,12.3424,2.0493,42.9452,-41.2325
PNF,LSTM,0.05,3.0,1760.1305,1092.1154,18.8832,0.1711,10.0285,-1.3974,38.1608,-31.0577
TRM,LSTM,0.05,3.0,466.4582,249.9982,14.8436,0.1345,23.7404,5.4042,21.9021,-16.9518
SCC,LSTM,0.05,3.0,257.5106,90.1966,11.8316,0.1377,31.7078,12.5756,10.0294,34.5735
ISB,LSTM,0.05,3.0,878.1711,482.8125,4.6466,0.1341,32.9693,20.6386,35.8869,-1.4146
SHA,LSTM,0.05,3.5,5834.4288,1427.3596,12.3916,0.5011,8.4419,-8.99,16.4548,3.181
BND,LSTM,0.05,3.5,8439.9378,1979.4022,12.045,0.5275,9.3375,-3.2097,9.744,5.7243
ORO,LSTM,0.05,3.5,4362.8454,1148.8409,29.855,0.238,13.2395,-16.1254,19.4296,-29.698
YRS,LSTM,0.05,3.5,2155.979,629.3829,55.6863,0.2937,4.9087,-27.1341,17.7265,-34.8885
FOL,LSTM,0.05,3.5,2808.6568,918.0647,39.8012,0.1618,12.0798,-15.7451,19.234,-38.6379
MKM,LSTM,0.05,3.5,661.8793,288.9275,29.1438,0.0814,0.1981,-24.9142,23.2816,-58.3414
NHG,LSTM,0.05,3.5,179.8486,29.4962,20.7265,0.1095,37.6829,29.8883,12.2396,206.0584
NML,LSTM,0.05,3.5,1058.7649,465.7374,23.8568,0.2266,9.5632,-9.5793,22.5614,-42.2939
TLG,LSTM,0.05,3.5,2032.1691,1031.9577,25.3992,0.1474,14.0909,-5.4252,28.4385,-47.4192
MRC,LSTM,0.05,3.5,979.2413,483.8213,19.3777,0.0412,13.485,-10.4963,39.6624,-64.3485
MIL,LSTM,0.05,3.5,1703.8366,1018.2073,17.5,0.1249,11.945,-1.6383,44.6889,-47.7938
PNF,LSTM,0.05,3.5,1733.4807,1038.8609,19.0625,0.1566,8.3626,-6.2056,39.4728,-36.9224
TRM,LSTM,0.05,3.5,465.7259,238.0253,15.2355,0.134,23.5462,0.3562,25.1199,-17.2269
SCC,LSTM,0.05,3.5,265.8033,90.5029,11.8893,0.1566,35.9492,12.9579,10.5661,53.0336
ISB,LSTM,0.05,3.5,899.4346,479.3445,4.8198,0.1365,36.1889,19.7721,40.9508,0.3284
SHA,LSTM,0.05,4.0,5883.703,1418.0094,12.483,0.5103,9.3577,-9.5862,17.3143,5.0645
BND,LSTM,0.05,4.0,8537.2,1985.4046,12.1187,0.5388,10.5975,-2.9162,10.4161,7.9764
ORO,LSTM,0.05,4.0,4381.6598,1102.9816,30.0815,0.2326,13.7278,-19.4735,20.3357,-31.2844
YRS,LSTM,0.05,4.0,2127.5419,581.2636,56.0386,0.282,3.525,-32.705,18.4713,-37.4856
FOL,LSTM,0.05,4.0,2796.5777,871.2529,40.0838,0.1522,11.5977,-20.0412,20.0807,-42.28
MKM,LSTM,0.05,4.0,640.1672,263.9469,29.6347,0.071,-3.0888,-31.4061,25.3582,-63.6754
NHG,LSTM,0.05,4.0,186.8888,30.6591,20.7726,0.1251,43.0725,35.0092,12.4895,249.8336
NML,LSTM,0.05,4.0,1051.1004,443.8307,24.329,0.2089,8.7701,-13.8324,24.9871,-46.794
TLG,LSTM,0.05,4.0,2015.3917,976.4927,26.1537,0.1317,13.149,-10.5083,32.2539,-53.0297
MRC,LSTM,0.05,4.0,971.2146,455.8254,19.8003,0.0342,12.5548,-15.6753,42.7082,-70.4615
MIL,LSTM,0.05,4.0,1683.9504,967.5304,17.8624,0.1088,10.6384,-6.5338,47.6856,-54.5123
PNF,LSTM,0.05,4.0,1702.2519,983.6054,19.0147,0.141,6.4105,-11.1943,39.1233,-43.1856
TRM,LSTM,0.05,4.0,460.6011,223.4916,15.5764,0.1341,22.1867,-5.7715,27.9199,-17.1535
SCC,LSTM,0.05,4.0,275.3475,91.0336,11.9774,0.1809,40.8308,13.6202,11.3853,76.8347
ISB,LSTM,0.05,4.0,915.3876,471.8415,4.9364,0.1396,38.6045,17.8974,44.3615,2.5859
SHA,LSTM,0.1,0.0,5651.9661,1647.9938,11.5117,0.4863,5.0505,5.0779,8.1857,0.126
BND,LSTM,0.1,0.0,8095.5216,2138.3649,11.8905,0.5017,4.8756,4.5633,8.3371,0.5508
ORO,LSTM,0.1,0.0,4120.2174,1455.4076,26.7732,0.342,6.942,6.2565,7.1014,1.0289
YRS,LSTM,0.1,0.0,2249.8416,920.1131,50.4721,0.5183,9.476,6.5248,6.7032,14.895
FOL,LSTM,0.1,0.0,2743.6991,1168.1493,35.9294,0.2986,9.4876,7.2063,7.6352,13.2629
MKM,LSTM,0.1,0.0,718.1506,412.2394,25.439,0.2138,8.7166,7.1318,7.6099,9.4387
NHG,LSTM,0.1,0.0,154.551,27.1844,20.2351,0.0361,18.3163,19.7079,9.5785,0.8649
NML,LSTM,0.1,0.0,1032.6005,545.0708,20.9254,0.4111,6.8556,5.8229,7.5016,4.6977
TLG,LSTM,0.1,0.0,1910.0736,1166.8001,21.1738,0.29,7.2362,6.9326,7.0717,3.4344
MRC,LSTM,0.1,0.0,928.3249,575.9199,15.1306,0.1214,7.5842,6.5414,9.0519,4.9859
MIL,LSTM,0.1,0.0,1604.7688,1088.3486,13.4627,0.2387,5.436,5.1375,11.3087,-0.2374
PNF,LSTM,0.1,0.0,1666.6561,1144.4825,15.1581,0.2511,4.1853,3.3306,10.9057,1.1784
TRM,LSTM,0.1,0.0,410.9976,260.7294,13.2034,0.1622,9.028,9.9287,8.432,0.1615
SCC,LSTM,0.1,0.0,213.5543,89.135,11.3641,0.0986,9.2256,11.2506,5.6819,-3.6143
ISB,LSTM,0.1,0.0,670.218,414.9379,3.613,0.124,1.4818,3.6791,5.659,-8.8648
SHA,LSTM,0.1,0.5,5704.3321,1610.509,11.7536,0.483,6.0238,2.6878,10.4589,-0.5601
BND,LSTM,0.1,0.5,8169.3525,2106.8806,11.978,0.5005,5.8321,3.0238,9.1336,0.306
ORO,LSTM,0.1,0.5,4197.4074,1426.3389,27.641,0.3198,8.9455,4.1342,10.5729,-5.5169
YRS,LSTM,0.1,0.5,2276.8317,899.1675,52.07,0.4763,10.7894,4.0999,10.0813,5.5999
FOL,LSTM,0.1,0.5,2805.489,1160.467,36.6652,0.2741,11.9533,6.5012,9.8395,3.9627
MKM,LSTM,0.1,0.5,727.0589,407.2021,25.9859,0.1914,10.0652,5.8227,9.9234,-2.0526
NHG,LSTM,0.1,0.5,157.4932,27.5637,20.4553,0.041,20.5687,21.3785,10.7708,14.5612
NML,LSTM,0.1,0.5,1056.918,548.3189,21.2995,0.3874,9.3721,6.4535,9.4234,-1.3521
TLG,LSTM,0.1,0.5,1956.5339,1176.7856,22.2524,0.2687,9.8446,7.8477,12.5258,-4.1696
MRC,LSTM,0.1,0.5,953.3119,580.8848,15.8908,0.1076,10.48,7.4598,14.5308,-6.9755
MIL,LSTM,0.1,0.5,1642.2224,1105.4571,14.4242,0.2245,7.8968,6.7903,19.2587,-6.1734
PNF,LSTM,0.1,0.5,1706.3492,1161.8191,16.0591,0.2389,6.6666,4.8958,17.498,-3.7466
TRM,LSTM,0.1,0.5,426.5936,266.2357,13.609,0.1573,13.1653,12.2503,11.7627,-2.8478
SCC,LSTM,0.1,0.5,223.5769,90.9334,11.5764,0.0988,14.3519,13.4952,7.656,-3.4475
ISB,LSTM,0.1,0.5,712.1696,437.8156,3.8619,0.1237,7.834,9.3954,12.9386,-9.0629
SHA,LSTM,0.1,1.0,5755.9262,1576.3635,11.9759,0.4818,6.9828,0.5107,12.548,-0.8019
BND,LSTM,0.1,1.0,8243.427,2079.8044,12.0819,0.5002,6.7917,1.6998,10.0808,0.2398
ORO,LSTM,0.1,1.0,4274.2017,1396.1929,28.4434,0.3014,10.9387,1.9333,13.7826,-10.9599
YRS,LSTM,0.1,1.0,2294.8824,869.6498,53.1814,0.4367,11.6677,0.6825,12.4308,-3.1975
FOL,LSTM,0.1,1.0,2857.4412,1144.247,37.2539,0.2516,14.0265,5.0126,11.6031,-4.5793
MKM,LSTM,0.1,1.0,733.0453,398.5748,26.4415,0.1713,10.9715,3.5807,11.8506,-12.3595
NHG,LSTM,0.1,1.0,161.3015,28.0241,20.6649,0.0472,23.4842,23.4056,11.9059,32.0083
NML,LSTM,0.1,1.0,1075.3033,547.8102,21.9058,0.3609,11.2746,6.3547,12.5381,-8.0984
TLG,LSTM,0.1,1.0,1999.5186,1180.4355,23.0646,0.2469,12.2578,8.1822,16.6331,-11.9407
MRC,LSTM,0.1,1.0,975.7367,581.0949,16.7268,0.0956,13.0788,7.4987,20.5566,-17.2798
MIL,LSTM,0.1,1.0,1674.9415,1116.0723,14.936,0.2077,10.0465,7.8157,23.4902,-13.1815
PNF,LSTM,0.1,1.0,1740.2909,1169.8574,17.0066,0.2266,8.7883,5.6216,24.4308,-8.7042
TRM,LSTM,0.1,1.0,442.5146,270.7023,13.9771,0.1522,17.3887,14.1335,14.7861,-5.9646
SCC,LSTM,0.1,1.0,233.4626,92.4021,11.7057,0.1005,19.4081,15.3283,8.8589,-1.7204
ISB,LSTM,0.1,1.0,751.7555,456.9231,4.0759,0.1229,13.8279,14.1698,19.1962,-9.6906
SHA,LSTM,0.1,1.5,5805.4481,1545.6506,12.2095,0.4819,7.9032,-1.4476,14.7431,-0.7754
BND,LSTM,0.1,1.5,8320.9577,2057.8755,12.1708,0.5021,7.7961,0.6275,10.8902,0.6328
ORO,LSTM,0.1,1.5,4346.188,1363.0022,29.0695,0.2863,12.8072,-0.4899,16.2872,-15.4058
YRS,LSTM,0.1,1.5,2306.1666,835.0927,54.3177,0.4031,12.2168,-3.3183,14.8332,-10.6276
FOL,LSTM,0.1,1.5,2897.8209,1118.5739,38.0582,0.2322,15.6379,2.6565,14.0124,-11.907
MKM,LSTM,0.1,1.5,734.5026,385.5124,27.3006,0.1517,11.1921,0.186,15.4848,-22.3637
NHG,LSTM,0.1,1.5,165.9242,28.5509,20.7784,0.0545,27.0231,25.7255,12.5206,52.3717
NML,LSTM,0.1,1.5,1085.4401,541.5868,22.5233,0.3327,12.3236,5.1465,15.7105,-15.2682
TLG,LSTM,0.1,1.5,2038.8431,1177.6982,24.1372,0.2248,14.4656,7.9313,22.0568,-19.8154
MRC,LSTM,0.1,1.5,994.0984,575.5616,17.5549,0.0839,15.2068,6.4751,26.5246,-27.4677
MIL,LSTM,0.1,1.5,1704.2728,1120.6387,15.7189,0.1879,11.9736,8.2569,29.9627,-21.4589
PNF,LSTM,0.1,1.5,1769.432,1170.7126,17.7478,0.2135,10.61,5.6988,29.8536,-13.9701
TRM,LSTM,0.1,1.5,457.5635,273.3628,14.3042,0.1466,21.3809,15.2551,17.4722,-9.4403
SCC,LSTM,0.1,1.5,242.1927,93.1735,11.8092,0.1028,23.8732,16.2911,9.8217,0.5152
ISB,LSTM,0.1,1.5,788.4017,471.3687,4.2859,0.1224,19.3767,17.7792,25.3369,-10.0694
SHA,LSTM,0.1,2.0,5854.4472,1518.9391,12.4153,0.4841,8.8139,-3.1508,16.6776,-0.3352
BND,LSTM,0.1,2.0,8402.1313,2041.4166,12.2466,0.5056,8.8477,-0.1773,11.581,1.3334
ORO,LSTM,0.1,2.0,4409.168,1325.7164,29.5942,0.2722,14.4418,-3.212,18.3864,-19.585
YRS,LSTM,0.1,2.0,2312.2414,797.6037,55.0753,0.3751,12.5124,-7.6585,16.4349,-16.8382
FOL,LSTM,0.1,2.0,2926.3263,1085.1911,38.9152,0.2144,16.7754,-0.4072,16.5799,-18.663
MKM,LSTM,0.1,2.0,731.6313,369.0029,28.1445,0.134,10.7574,-4.1044,19.0545,-31.4165
NHG,LSTM,0.1,2.0,171.6929,29.1879,20.9247,0.0645,31.4393,28.5306,13.3132,80.2009
NML,LSTM,0.1,2.0,1093.0304,531.3459,23.2793,0.304,13.1091,3.1583,19.5944,-22.593
TLG,LSTM,0.1,2.0,2071.6743,1166.7329,24.8767,0.2042,16.3088,6.9264,25.7964,-27.1794
MRC,LSTM,0.1,2.0,1007.2305,563.9598,18.4098,0.0731,16.7287,4.3288,32.6862,-36.7653
MIL,LSTM,0.1,2.0,1728.7591,1117.9356,16.4429,0.1713,13.5824,7.9957,35.9486,-28.3864
PNF,LSTM,0.1,2.0,1790.5403,1162.0166,18.4853,0.1994,11.9295,4.9137,35.2497,-19.6527
TRM,LSTM,0.1,2.0,470.8072,273.4219,14.6924,0.1415,24.8941,15.2801,20.6598,-12.6247
SCC,LSTM,0.1,2.0,250.4656,93.6172,11.8942,0.1076,28.1045,16.8449,10.6121,5.1775
ISB,LSTM,0.1,2.0,820.6381,480.3918,4.4302,0.1229,24.2579,20.0338,29.5591,-9.7186
SHA,LSTM,0.1,2.5,5903.3487,1495.9855,12.5837,0.4879,9.7228,-4.6143,18.2602,0.4494
BND,LSTM,0.1,2.5,8487.0521,2030.0823,12.3388,0.511,9.9478,-0.7315,12.4211,2.4186
ORO,LSTM,0.1,2.5,4462.0431,1284.5083,29.9958,0.2596,15.8142,-6.2206,19.9927,-23.3016
YRS,LSTM,0.1,2.5,2307.4421,753.1895,55.7102,0.3537,12.2789,-12.8005,17.777,-21.5906
FOL,LSTM,0.1,2.5,2945.6535,1047.2857,39.6704,0.1989,17.5466,-3.8859,18.8422,-24.5545
MKM,LSTM,0.1,2.5,723.6919,348.5891,29.1018,0.1156,9.5555,-9.4095,23.1038,-40.8552
NHG,LSTM,0.1,2.5,178.3301,29.9327,21.265,0.077,36.5204,31.8102,15.1558,115.3886
NML,LSTM,0.1,2.5,1100.0204,517.8604,23.7722,0.2786,13.8324,0.5401,22.1266,-29.0472
TLG,LSTM,0.1,2.5,2094.971,1145.7884,25.1212,0.1848,17.6168,5.0069,27.0328,-34.0726
MRC,LSTM,0.1,2.5,1014.7448,546.9262,19.0505,0.0614,17.5995,1.1777,37.3045,-46.9124
MIL,LSTM,0.1,2.5,1747.4308,1106.5075,17.153,0.1542,14.8092,6.8917,41.8204,-35.5304
PNF,LSTM,0.1,2.5,1802.4221,1143.3561,19.2667,0.1853,12.6722,3.2289,40.9671,-25.3607
TRM,LSTM,0.1,2.5,480.6181,269.7304,14.9883,0.1364,27.4967,13.7237,23.0901,-15.7693
SCC,LSTM,0.1,2.5,257.8435,93.6642,11.967,0.1155,31.878,16.9035,11.289,12.9397
ISB,LSTM,0.1,2.5,849.6749,485.1688,4.5676,0.1228,28.6545,21.2274,33.5766,-9.7782
SHA,LSTM,0.1,3.0,5953.0977,1477.2211,12.7145,0.4934,10.6475,-5.8107,19.4891,1.5946
BND,LSTM,0.1,3.0,8576.6374,2024.104,12.4243,0.5178,11.1084,-1.0239,13.2,3.7721
ORO,LSTM,0.1,3.0,4503.4057,1239.3807,30.4218,0.2488,16.8878,-9.5152,21.6969,-26.4985
YRS,LSTM,0.1,3.0,2293.9866,705.9893,56.4581,0.3372,11.6241,-18.2651,19.3583,-25.2471
FOL,LSTM,0.1,3.0,2953.9705,1004.3426,40.329,0.1873,17.8785,-7.827,20.8151,-28.9573
MKM,LSTM,0.1,3.0,710.2193,325.0074,29.7305,0.0982,7.516,-15.5379,25.7636,-49.7569
NHG,LSTM,0.1,3.0,185.5451,30.7875,21.4572,0.0914,42.0439,35.5746,16.1968,155.4903
NML,LSTM,0.1,3.0,1102.6922,501.0209,24.3127,0.256,14.1089,-2.7292,24.9033,-34.8111
TLG,LSTM,0.1,3.0,2105.6228,1113.4163,25.7196,0.167,18.2148,2.0402,30.0587,-40.4364
MRC,LSTM,0.1,3.0,1016.4587,525.0246,19.5577,0.0512,17.7981,-2.8739,40.9599,-55.7283
MIL,LSTM,0.1,3.0,1756.7284,1082.8213,17.6562,0.1388,15.42,4.6036,45.9801,-41.9754
PNF,LSTM,0.1,3.0,1797.333,1108.3527,19.582,0.1704,12.3541,0.0686,43.2738,-31.3375
TRM,LSTM,0.1,3.0,485.4116,261.6275,15.2077,0.1327,28.7683,10.3073,24.8922,-18.0661
SCC,LSTM,0.1,3.0,264.7266,93.4222,12.0302,0.1263,35.3985,16.6015,11.877,23.4696
ISB,LSTM,0.1,3.0,874.946,485.6509,4.7392,0.1237,32.4809,21.3479,38.5942,-9.0692
SHA,LSTM,0.1,3.5,6004.3463,1462.8156,12.8562,0.5011,11.6,-6.7293,20.8207,3.1644
BND,LSTM,0.1,3.5,8675.0232,2024.5874,12.5038,0.5282,12.3829,-1.0002,13.9246,5.8577
ORO,LSTM,0.1,3.5,4534.8549,1192.6765,30.6442,0.2406,17.7041,-12.925,22.5867,-28.9075
YRS,LSTM,0.1,3.5,2271.3159,655.6126,57.0353,0.3237,10.521,-24.0974,20.5784,-28.2399
FOL,LSTM,0.1,3.5,2952.2802,957.9439,40.8965,0.1755,17.8111,-12.0852,22.5153,-33.4215
MKM,LSTM,0.1,3.5,692.7642,300.5944,30.2282,0.0859,4.8735,-21.8822,27.8689,-56.024
NHG,LSTM,0.1,3.5,193.0191,31.7735,21.6723,0.1079,47.7655,39.9166,17.3615,201.6313
NML,LSTM,0.1,3.5,1098.9477,479.4794,24.7769,0.2366,13.7214,-6.9114,27.2883,-39.7489
TLG,LSTM,0.1,3.5,2102.1479,1068.3364,26.2705,0.1486,18.0197,-2.0912,32.8442,-47.0082
MRC,LSTM,0.1,3.5,1013.0787,499.1701,20.0957,0.042,17.4064,-7.6568,44.8375,-63.6322
MIL,LSTM,0.1,3.5,1750.5283,1043.7234,18.2332,0.1232,15.0127,0.8266,50.7514,-48.5067
PNF,LSTM,0.1,3.5,1770.3436,1053.9155,19.855,0.1558,10.667,-4.8463,45.2715,-37.2215
TRM,LSTM,0.1,3.5,484.3858,249.0814,15.5614,0.1303,28.4962,5.0176,27.7964,-19.546
SCC,LSTM,0.1,3.5,271.7213,93.1679,12.0855,0.1402,38.9761,16.2842,12.3913,37.0581
ISB,LSTM,0.1,3.5,894.4381,481.3501,4.9181,0.1249,35.4324,20.2732,43.8252,-8.1779
SHA,LSTM,0.1,4.0,6057.1036,1452.4667,12.9583,0.5092,12.5806,-7.3891,21.7802,4.8315
BND,LSTM,0.1,4.0,8777.6927,2030.1511,12.5775,0.5388,13.713,-0.7282,14.5958,7.9922
ORO,LSTM,0.1,4.0,4558.3927,1146.3658,30.9513,0.2351,18.315,-16.3061,23.815,-30.54
YRS,LSTM,0.1,4.0,2244.2165,607.0408,57.4351,0.3116,9.2023,-29.7207,21.4236,-30.9245
FOL,LSTM,0.1,4.0,2942.9388,911.0112,41.2838,0.1651,17.4383,-16.3924,23.6754,-37.3905
MKM,LSTM,0.1,4.0,671.1761,275.3966,30.694,0.0748,1.6054,-28.4306,29.8391,-61.7131
NHG,LSTM,0.1,4.0,200.4496,32.8955,21.8127,0.1239,53.4539,44.8573,18.122,246.3201
NML,LSTM,0.1,4.0,1092.375,457.4665,24.9145,0.2184,13.0412,-11.1851,27.9951,-44.3894
TLG,LSTM,0.1,4.0,2083.7261,1011.2435,26.9812,0.131,16.9855,-7.3236,36.4384,-53.2835
MRC,LSTM,0.1,4.0,1004.3612,470.1687,20.5314,0.0348,16.3961,-13.0219,47.9779,-69.9116
MIL,LSTM,0.1,4.0,1730.2711,992.1283,18.4185,0.1069,13.6817,-4.1576,52.2828,-55.3354
PNF,LSTM,0.1,4.0,1739.3331,998.3273,19.6128,0.1401,8.7285,-9.8652,43.4991,-43.5639
TRM,LSTM,0.1,4.0,478.7247,233.7862,15.8819,0.1302,26.9944,-1.4311,30.4284,-19.6065
SCC,LSTM,0.1,4.0,278.9909,93.0239,12.1338,0.1578,42.6942,16.1044,12.8404,54.2352
ISB,LSTM,0.1,4.0,909.2329,473.513,5.02,0.1264,37.6725,18.315,46.8056,-7.144
SHA,LSTM,0.15,0.0,5783.2311,1686.2119,11.887,0.4872,7.4903,7.5147,11.713,0.3205
BND,LSTM,0.15,0.0,8277.717,2183.7401,12.2061,0.5044,7.2359,6.7821,11.2126,1.0955
ORO,LSTM,0.15,0.0,4251.0336,1497.0318,27.6094,0.3449,10.3374,9.2954,10.4462,1.8946
YRS,LSTM,0.15,0.0,2344.7216,946.9937,51.9199,0.5566,14.0929,9.6369,9.764,23.3945
FOL,LSTM,0.15,0.0,2858.7861,1204.5036,37.0166,0.3176,14.0802,10.5427,10.8921,20.4818
MKM,LSTM,0.15,0.0,746.2701,425.0002,26.1751,0.2251,12.9735,10.448,10.7238,15.2227
NHG,LSTM,0.15,0.0,167.2238,29.6082,21.1443,0.0374,28.018,30.3813,14.5019,4.4825
NML,LSTM,0.15,0.0,1064.623,559.1185,21.3732,0.422,10.1694,8.5502,9.8019,7.4821
TLG,LSTM,0.15,0.0,1972.7398,1202.1369,21.7722,0.2975,10.7544,10.171,10.0973,6.1045
MRC,LSTM,0.15,0.0,959.293,591.6376,15.926,0.1255,11.1732,9.449,14.7849,8.512
MIL,LSTM,0.15,0.0,1644.0339,1112.2412,14.0836,0.2401,8.0158,7.4456,16.4423,0.3677
PNF,LSTM,0.15,0.0,1696.2711,1158.9198,15.8062,0.2531,6.0366,4.6341,15.6477,1.9765
TRM,LSTM,0.15,0.0,426.7756,271.2961,13.6159,0.1637,13.2136,14.3838,11.8192,1.0943
SCC,LSTM,0.15,0.0,222.6998,93.6213,11.5912,0.0987,13.9033,16.8501,7.7942,-3.5383
ISB,LSTM,0.15,0.0,675.2416,421.4803,3.7132,0.1181,2.2425,5.3138,8.5901,-13.238
SHA,LSTM,0.15,0.5,5842.2429,1648.7221,12.1553,0.4844,8.5871,5.1243,14.2339,-0.2686
BND,LSTM,0.15,0.5,8359.0486,2152.3576,12.3893,0.5025,8.2896,5.2476,12.881,0.7009
ORO,LSTM,0.15,0.5,4333.0976,1467.0305,28.4634,0.3232,12.4674,7.105,13.8626,-4.5292
YRS,LSTM,0.15,0.5,2374.4648,926.0346,53.4598,0.5139,15.5401,7.2104,13.0195,13.924
FOL,LSTM,0.15,0.5,2925.4276,1197.47,37.7354,0.2935,16.7395,9.8972,13.0453,11.3422
MKM,LSTM,0.15,0.5,755.9396,420.0532,26.78,0.2024,14.4373,9.1624,13.2826,3.5548
NHG,LSTM,0.15,0.5,170.4021,30.0082,21.3379,0.0424,30.4512,32.1428,15.5504,18.5025
NML,LSTM,0.15,0.5,1089.734,562.2729,21.936,0.397,12.7679,9.1626,12.6933,1.0945
TLG,LSTM,0.15,0.5,2021.3153,1212.5404,22.8565,0.2747,13.4816,11.1245,15.5804,-2.0369
MRC,LSTM,0.15,0.5,985.5025,597.0909,16.4145,0.1111,14.2106,10.4579,18.3053,-3.8799
MIL,LSTM,0.15,0.5,1683.4984,1130.0846,15.0063,0.2252,10.6087,9.1694,24.0715,-5.8895
PNF,LSTM,0.15,0.5,1737.7543,1176.9439,16.6979,0.2412,8.6298,6.2614,22.1717,-2.8386
TRM,LSTM,0.15,0.5,442.9621,277.0612,13.979,0.1576,17.5075,16.8145,14.8015,-2.6823
SCC,LSTM,0.15,0.5,232.9656,95.4474,11.7453,0.0983,19.1539,19.1293,9.2268,-3.9584
ISB,LSTM,0.15,0.5,715.8803,443.5974,3.9629,0.1176,8.3958,10.8401,15.8928,-13.569
SHA,LSTM,0.15,1.0,5899.1119,1614.2776,12.3175,0.4829,9.6441,2.9281,15.7583,-0.5728
BND,LSTM,0.15,1.0,8442.7302,2126.1168,12.4604,0.5028,9.3736,3.9644,13.5289,0.765
ORO,LSTM,0.15,1.0,4415.3702,1436.9953,29.2308,0.3051,14.6028,4.9122,16.9325,-9.8735
YRS,LSTM,0.15,1.0,2396.4076,897.8948,54.7563,0.4735,16.6079,3.9525,15.7604,4.9666
FOL,LSTM,0.15,1.0,2982.4161,1182.1674,38.3695,0.2702,19.0136,8.4928,14.9451,2.4887
MKM,LSTM,0.15,1.0,762.7047,411.5939,27.6617,0.1797,15.4614,6.964,17.0122,-8.0321
NHG,LSTM,0.15,1.0,174.3813,30.4793,21.5411,0.0485,33.4974,34.2171,16.6509,35.6008
NML,LSTM,0.15,1.0,1108.7574,561.5104,22.4266,0.3715,14.7365,9.0146,15.2137,-5.3837
TLG,LSTM,0.15,1.0,2066.9294,1217.0577,23.8504,0.2531,16.0425,11.5385,20.6063,-9.742
MRC,LSTM,0.15,1.0,1008.7946,597.4655,17.4117,0.0979,16.9099,10.5272,25.493,-15.2978
MIL,LSTM,0.15,1.0,1718.1703,1141.6234,15.4877,0.2092,12.8867,10.284,28.0518,-12.5598
PNF,LSTM,0.15,1.0,1774.9306,1187.0922,17.5974,0.2286,10.9537,7.1776,28.753,-7.9008
TRM,LSTM,0.15,1.0,459.4393,281.7019,14.3461,0.1522,21.8785,18.7711,17.8164,-5.9656
SCC,LSTM,0.15,1.0,242.8588,96.8344,11.8823,0.1,24.2139,20.8604,10.5011,-2.2857
ISB,LSTM,0.15,1.0,754.0829,461.8161,4.1664,0.1165,14.1803,15.3923,21.8432,-14.3605
SHA,LSTM,0.15,1.5,5953.644,1583.25,12.5544,0.483,10.6577,0.9498,17.9845,-0.5454
BND,LSTM,0.15,1.5,8527.0264,2104.224,12.5524,0.5044,10.4657,2.8939,14.367,1.0826
ORO,LSTM,0.15,1.5,4493.3689,1404.4424,29.7837,0.29,16.6273,2.5356,19.1444,-14.3253
YRS,LSTM,0.15,1.5,2408.7889,861.1289,55.4848,0.4396,17.2103,-0.304,17.3006,-2.5523
FOL,LSTM,0.15,1.5,3026.5066,1156.822,38.9769,0.2492,20.7731,6.1667,16.7646,-5.4606
MKM,LSTM,0.15,1.5,764.3088,398.2546,28.5281,0.1601,15.7043,3.4975,20.6772,-18.0502
NHG,LSTM,0.15,1.5,179.1712,31.0268,21.6599,0.0557,37.1643,36.6283,17.2945,55.7224
NML,LSTM,0.15,1.5,1119.9296,555.2557,23.2301,0.343,15.8926,7.8003,19.3416,-12.6441
TLG,LSTM,0.15,1.5,2107.9642,1214.6143,24.7116,0.2305,18.3462,11.3145,24.9613,-17.8026
MRC,LSTM,0.15,1.5,1027.5148,591.8423,18.1116,0.0862,19.0794,9.4869,30.5372,-25.4444
MIL,LSTM,0.15,1.5,1749.0587,1146.8038,16.2663,0.1884,14.9161,10.7845,34.4885,-21.2761
PNF,LSTM,0.15,1.5,1803.1754,1186.1346,18.4305,0.2141,12.7193,7.0912,34.8487,-13.7464
TRM,LSTM,0.15,1.5,475.0882,284.5384,14.6409,0.1468,26.0298,19.967,20.2375,-9.3431
SCC,LSTM,0.15,1.5,251.7328,97.5405,11.9935,0.1015,28.7526,21.7417,11.5353,-0.7943
ISB,LSTM,0.15,1.5,788.8431,475.1222,4.3606,0.1153,19.4436,18.7171,27.5217,-15.2406
SHA,LSTM,0.15,2.0,6009.4136,1556.58,12.7624,0.4851,11.6942,-0.7507,19.9397,-0.1255
BND,LSTM,0.15,2.0,8615.6828,2087.9001,12.6404,0.5078,11.6142,2.0957,15.1688,1.7742
ORO,LSTM,0.15,2.0,4562.4002,1367.8694,30.235,0.2761,18.419,-0.1345,20.9497,-18.4442
YRS,LSTM,0.15,2.0,2417.3092,823.2143,56.2247,0.4092,17.6249,-4.6935,18.8648,-9.2795
FOL,LSTM,0.15,2.0,3058.5592,1122.9843,39.8297,0.2314,22.0521,3.0613,19.3195,-12.2445
MKM,LSTM,0.15,2.0,761.4838,381.3311,29.2576,0.1408,15.2766,-0.9006,23.7628,-27.9237
NHG,LSTM,0.15,2.0,185.0299,31.666,21.7969,0.0656,41.6495,39.4429,18.0363,83.2578
NML,LSTM,0.15,2.0,1128.9886,545.0952,23.8677,0.3136,16.8301,5.8276,22.6174,-20.1238
TLG,LSTM,0.15,2.0,2142.2808,1203.906,25.4714,0.2085,20.2729,10.3332,28.8038,-25.6172
MRC,LSTM,0.15,2.0,1040.4352,579.7294,18.9249,0.0753,20.5768,7.2461,36.3988,-34.847
MIL,LSTM,0.15,2.0,1773.5636,1143.4618,16.8851,0.1706,16.5261,10.4616,39.6052,-28.6938
PNF,LSTM,0.15,2.0,1824.6346,1176.8944,19.1657,0.1999,14.0608,6.2569,40.228,-19.4753
TRM,LSTM,0.15,2.0,488.8728,284.6931,15.0345,0.1418,29.6865,20.0322,23.4694,-12.4466
SCC,LSTM,0.15,2.0,259.8657,97.8297,12.0771,0.105,32.9123,22.1026,12.3126,2.6753
ISB,LSTM,0.15,2.0,819.8201,483.5004,4.5389,0.1152,24.134,20.8105,32.7377,-15.3639
SHA,LSTM,0.15,2.5,6063.3974,1533.2762,12.934,0.4885,12.6976,-2.2366,21.5524,0.5856
BND,LSTM,0.15,2.5,8709.3532,2076.9714,12.7373,0.5133,12.8277,1.5613,16.0517,2.8707
ORO,LSTM,0.15,2.5,4621.4365,1327.1426,30.789,0.2637,19.9514,-3.1079,23.1656,-22.109
YRS,LSTM,0.15,2.5,2414.8571,778.0596,56.9986,0.3894,17.5056,-9.9212,20.5008,-13.6817
FOL,LSTM,0.15,2.5,3080.4959,1084.5335,40.5844,0.2154,22.9275,-0.4675,21.5804,-18.2824
MKM,LSTM,0.15,2.5,753.8202,360.7165,30.2071,0.1238,14.1164,-6.2579,27.7793,-36.669
NHG,LSTM,0.15,2.5,191.7072,32.3997,22.128,0.0775,46.7612,42.6739,19.8289,116.6147
NML,LSTM,0.15,2.5,1137.1185,531.2522,24.442,0.2899,17.6714,3.1401,25.5678,-26.178
TLG,LSTM,0.15,2.5,2165.0299,1181.7097,25.9993,0.1878,21.5501,8.299,31.473,-33.03
MRC,LSTM,0.15,2.5,1047.4629,561.9724,19.5899,0.0632,21.3912,3.9612,41.1921,-45.3783
MIL,LSTM,0.15,2.5,1792.7101,1131.4464,17.5712,0.153,17.7841,9.3009,45.2778,-36.0579
PNF,LSTM,0.15,2.5,1836.484,1157.4374,19.815,0.186,14.8015,4.5002,44.9789,-25.0747
TRM,LSTM,0.15,2.5,498.7898,280.8096,15.3244,0.137,32.3172,18.3949,25.8505,-15.4074
SCC,LSTM,0.15,2.5,267.0646,97.5719,12.1487,0.111,36.5944,21.7808,12.979,8.511
ISB,LSTM,0.15,2.5,848.36,488.0003,4.6515,0.1146,28.4554,21.9349,36.0291,-15.775
SHA,LSTM,0.15,3.0,6117.417,1513.7982,13.0776,0.4938,13.7016,-3.4786,22.9021,1.6741
BND,LSTM,0.15,3.0,8806.4386,2071.1609,12.8246,0.5196,14.0854,1.2772,16.8472,4.1427
ORO,LSTM,0.15,3.0,4668.1843,1282.0109,31.3272,0.2526,21.1647,-6.4029,25.3187,-25.3781
YRS,LSTM,0.15,3.0,2404.0076,730.8161,57.7228,0.3709,16.9777,-15.3908,22.0319,-17.7847
FOL,LSTM,0.15,3.0,3092.0692,1041.6985,41.2298,0.2022,23.3894,-4.3987,23.5137,-23.3019
MKM,LSTM,0.15,3.0,740.4112,336.6056,31.0186,0.1045,12.0865,-12.5237,31.2123,-46.5451
NHG,LSTM,0.15,3.0,199.2086,33.268,22.3008,0.0914,52.5039,46.4976,20.7647,155.4013
NML,LSTM,0.15,3.0,1140.7954,514.2092,25.0145,0.2665,18.0519,-0.1687,28.5087,-32.1317
TLG,LSTM,0.15,3.0,2174.4781,1148.086,26.4441,0.1699,22.0805,5.2175,33.7221,-39.3874
MRC,LSTM,0.15,3.0,1049.0344,539.5758,20.1761,0.052,21.5734,-0.1821,45.4167,-55.0233
MIL,LSTM,0.15,3.0,1801.8514,1107.1145,18.2018,0.1368,18.3847,6.9504,50.491,-42.8061
PNF,LSTM,0.15,3.0,1832.4226,1122.4476,20.2982,0.1708,14.5476,1.3411,48.5143,-31.1739
TRM,LSTM,0.15,3.0,503.2258,272.1647,15.5391,0.1318,33.494,14.75,27.6134,-18.6095
SCC,LSTM,0.15,3.0,273.3557,96.9775,12.21,0.1198,39.812,21.039,13.5488,17.1193
ISB,LSTM,0.15,3.0,871.4786,487.4382,4.8294,0.1145,31.9559,21.7945,41.2309,-15.8566
SHA,LSTM,0.15,3.5,6173.5263,1498.8937,13.2533,0.5015,14.7445,-4.4289,24.5528,3.2551
BND,LSTM,0.15,3.5,8910.2801,2071.2512,12.9054,0.5295,15.4306,1.2816,17.5833,6.1135
ORO,LSTM,0.15,3.5,4704.6538,1235.3669,31.544,0.2451,22.1113,-9.8083,26.186,-27.5832
YRS,LSTM,0.15,3.5,2384.4362,680.7232,58.3411,0.3564,16.0253,-21.1902,23.3391,-21.0018
FOL,LSTM,0.15,3.5,3093.2971,995.176,41.7874,0.1905,23.4384,-8.6683,25.1843,-27.7453
MKM,LSTM,0.15,3.5,723.1561,311.7614,31.2637,0.091,9.4744,-18.9802,32.2492,-53.4289
NHG,LSTM,0.15,3.5,206.7319,34.2141,22.4965,0.107,58.2634,50.6637,21.8249,199.0699
NML,LSTM,0.15,3.5,1137.724,492.2325,25.4662,0.2468,17.734,-4.4354,30.829,-37.1414
TLG,LSTM,0.15,3.5,2170.1769,1102.1624,27.094,0.1507,21.839,1.0088,37.0086,-46.2507
MRC,LSTM,0.15,3.5,1045.206,512.99,20.7621,0.043,21.1297,-5.1002,49.6405,-62.8113
MIL,LSTM,0.15,3.5,1794.5645,1066.5028,18.7434,0.1212,17.9059,3.0272,54.9691,-49.33
PNF,LSTM,0.15,3.5,1804.7571,1066.6522,20.368,0.1553,12.8182,-3.6964,49.025,-37.4202
TRM,LSTM,0.15,3.5,501.9615,259.1293,15.8505,0.1281,33.1586,9.254,30.1711,-20.8535
SCC,LSTM,0.15,3.5,279.4948,96.3311,12.263,0.1314,42.9519,20.2322,14.0418,28.4086
ISB,LSTM,0.15,3.5,890.3715,482.6497,4.9875,0.1149,34.8166,20.598,45.8541,-15.5319
SHA,LSTM,0.15,4.0,6230.3768,1487.9331,13.3803,0.5096,15.8012,-5.1277,25.7464,4.9287
BND,LSTM,0.15,4.0,9018.1415,2076.2411,12.9794,0.5401,16.828,1.5256,18.2578,8.2461
ORO,LSTM,0.15,4.0,4733.1072,1189.0138,31.7646,0.2394,22.8498,-13.1924,27.0684,-29.2723
YRS,LSTM,0.15,4.0,2359.665,631.9212,58.7579,0.3472,14.82,-26.8402,24.2202,-23.0293
FOL,LSTM,0.15,4.0,3087.8843,948.7788,42.2654,0.18,23.2224,-12.9263,26.6161,-31.7301
MKM,LSTM,0.15,4.0,701.8177,286.2615,31.7451,0.0797,6.2441,-25.607,34.2855,-59.2128
NHG,LSTM,0.15,4.0,214.5013,35.3126,22.711,0.1235,64.2112,55.5008,22.9865,245.1311
NML,LSTM,0.15,4.0,1132.1506,470.0032,25.8567,0.2291,17.1573,-8.7511,32.8355,-41.665
TLG,LSTM,0.15,4.0,2150.3739,1043.6939,27.5875,0.1321,20.7272,-4.3496,39.5042,-52.8876
MRC,LSTM,0.15,4.0,1035.928,483.1796,21.1237,0.0355,20.0544,-10.615,52.2465,-69.2666
MIL,LSTM,0.15,4.0,1773.4892,1013.6683,18.9947,0.1052,16.5212,-2.0768,57.0471,-56.0274
PNF,LSTM,0.15,4.0,1773.9929,1010.6929,20.234,0.1395,10.8951,-8.7487,48.0445,-43.8035
TRM,LSTM,0.15,4.0,495.7858,243.1837,16.1469,0.1268,31.5203,2.5311,32.6053,-21.7043
SCC,LSTM,0.15,4.0,285.5615,95.6854,12.3092,0.1451,46.0549,19.4263,14.4717,41.8259
ISB,LSTM,0.15,4.0,904.6192,474.4862,5.1108,0.1155,36.974,18.5582,49.4625,-15.0993
SHA,LSTM,0.2,0.0,5910.9455,1723.2627,12.2422,0.4886,9.864,9.8771,15.0507,0.6015
BND,LSTM,0.2,0.0,8455.9964,2227.9556,12.4925,0.5066,9.5455,8.9442,13.8213,1.5351
ORO,LSTM,0.2,0.0,4380.3819,1538.0669,28.3845,0.3487,13.6947,12.2913,13.5469,3.0191
YRS,LSTM,0.2,0.0,2438.3932,973.6192,53.2352,0.5964,18.6509,12.7194,12.5447,32.2234
FOL,LSTM,0.2,0.0,2972.2454,1239.9483,38.4557,0.3381,18.6078,13.7956,15.2033,28.2542
MKM,LSTM,0.2,0.0,773.9522,437.2066,26.8208,0.2381,17.1641,13.6202,13.4549,21.8291
NHG,LSTM,0.2,0.0,180.2013,32.1148,22.0059,0.039,37.9529,41.4192,19.1679,9.0205
NML,LSTM,0.2,0.0,1095.9034,572.5415,21.7855,0.4333,13.4064,11.1562,11.92,10.357
TLG,LSTM,0.2,0.0,2033.6317,1235.5254,22.6075,0.3052,14.173,13.231,14.3213,8.8606
MRC,LSTM,0.2,0.0,989.4721,606.3925,16.7907,0.13,14.6706,12.1786,21.0171,12.3954
MIL,LSTM,0.2,0.0,1682.0159,1134.5817,14.6834,0.2422,10.5113,9.6038,21.4018,1.2346
PNF,LSTM,0.2,0.0,1722.8318,1170.32,16.4653,0.2557,7.6969,5.6633,20.4705,3.0154
TRM,LSTM,0.2,0.0,441.8409,281.1775,13.9791,0.1652,17.21,18.55,14.8024,2.0465
SCC,LSTM,0.2,0.0,231.8754,98.073,11.7728,0.1001,18.5963,22.4062,9.4829,-2.1952
ISB,LSTM,0.2,0.0,680.5118,427.7709,3.8083,0.1134,3.0405,6.8856,11.3696,-16.6742
SHA,LSTM,0.2,0.5,5976.8377,1686.0573,12.5728,0.4858,11.0887,7.5049,18.1578,0.0226
BND,LSTM,0.2,0.5,8546.1169,2197.484,12.6537,0.5055,10.713,7.4542,15.2901,1.3178
ORO,LSTM,0.2,0.5,4466.2909,1506.7234,29.1909,0.3264,15.9245,10.0029,16.7727,-3.5612
YRS,LSTM,0.2,0.5,2470.2243,952.3948,54.6487,0.552,20.1997,10.2622,15.5329,22.3664
FOL,LSTM,0.2,0.5,3043.4804,1233.203,38.6824,0.3134,21.4504,13.1765,15.8825,18.8761
MKM,LSTM,0.2,0.5,784.2743,432.2355,27.8517,0.2133,18.7267,12.3283,17.816,9.1834
NHG,LSTM,0.2,0.5,183.693,32.5449,22.1455,0.0443,40.626,43.3134,19.924,23.8875
NML,LSTM,0.2,0.5,1121.5982,575.4738,22.3731,0.4083,16.0653,11.7255,14.9387,3.9818
TLG,LSTM,0.2,0.5,2084.1414,1246.0951,23.5457,0.2827,17.0088,14.1996,19.0658,0.8218
MRC,LSTM,0.2,0.5,1016.8295,612.1566,17.1232,0.1148,17.8411,13.2449,23.4131,-0.6713
MIL,LSTM,0.2,0.5,1722.9882,1152.8747,15.4091,0.2271,13.2032,11.3709,27.4019,-5.1014
PNF,LSTM,0.2,0.5,1766.2598,1189.1804,17.3396,0.2432,10.4117,7.3662,26.8669,-2.0084
TRM,LSTM,0.2,0.5,458.5028,287.0966,14.3241,0.1585,21.63,21.0456,17.635,-2.1243
SCC,LSTM,0.2,0.5,242.2722,99.9066,11.8993,0.0998,23.9139,24.6948,10.6597,-2.4684
ISB,LSTM,0.2,0.5,719.8506,449.0898,4.0601,0.1124,8.997,12.2125,18.7338,-17.3816
SHA,LSTM,0.2,1.0,6039.0076,1651.413,12.6724,0.4845,12.2443,5.2959,19.0942,-0.2405
BND,LSTM,0.2,1.0,8637.7675,2171.6169,12.8044,0.5053,11.9003,6.1893,16.663,1.2638
ORO,LSTM,0.2,1.0,4552.944,1476.2454,29.8743,0.3083,18.1736,7.7778,19.5068,-8.9085
YRS,LSTM,0.2,1.0,2496.0967,925.1624,55.8463,0.5125,21.4587,7.1094,18.0649,13.6044
FOL,LSTM,0.2,1.0,3105.0512,1218.4445,39.3848,0.29,23.9074,11.8221,17.9868,10.0129
MKM,LSTM,0.2,1.0,791.8882,423.9702,28.9508,0.1892,19.8793,10.1804,22.4653,-3.1829
NHG,LSTM,0.2,1.0,187.9341,33.043,22.3277,0.0506,43.8728,45.5068,20.9109,41.4619
NML,LSTM,0.2,1.0,1141.3569,574.5359,23.0473,0.3819,18.11,11.5434,18.4027,-2.7341
TLG,LSTM,0.2,1.0,2131.5996,1250.8392,24.7025,0.2601,19.6732,14.6344,24.9152,-7.2185
MRC,LSTM,0.2,1.0,1040.5955,612.4839,18.0955,0.1013,20.5954,13.3055,30.421,-12.4125
MIL,LSTM,0.2,1.0,1759.4351,1165.0626,15.936,0.2103,15.5979,12.5483,31.758,-12.1227
PNF,LSTM,0.2,1.0,1805.711,1200.4558,18.1084,0.231,12.8778,8.3842,32.4922,-6.9228
TRM,LSTM,0.2,1.0,475.3545,291.7427,14.6879,0.1529,26.1004,23.0045,20.6232,-5.5837
SCC,LSTM,0.2,1.0,252.3612,101.3075,12.0254,0.1005,29.074,26.4433,11.8318,-1.7211
ISB,LSTM,0.2,1.0,756.6166,466.345,4.2599,0.1107,14.564,16.524,24.577,-18.6504
SHA,LSTM,0.2,1.5,6100.2769,1620.5614,12.8756,0.4845,13.3831,3.3288,21.0031,-0.2539
BND,LSTM,0.2,1.5,8731.2145,2150.562,12.8968,0.5071,13.1109,5.1598,17.5055,1.6404
ORO,LSTM,0.2,1.5,4637.506,1444.4561,30.3782,0.2934,20.3684,5.4569,21.5225,-13.3278
YRS,LSTM,0.2,1.5,2510.0086,887.0621,56.532,0.4771,22.1356,2.6984,19.5144,5.7695
FOL,LSTM,0.2,1.5,3153.7909,1193.5048,39.9113,0.2683,25.8524,9.5333,19.5639,1.7834
MKM,LSTM,0.2,1.5,793.7899,410.4631,29.6317,0.1694,20.1672,6.6702,25.3455,-13.3132
NHG,LSTM,0.2,1.5,192.9121,33.6039,22.4392,0.0578,47.6836,47.9765,21.5144,61.5958
NML,LSTM,0.2,1.5,1153.5695,568.1395,23.8242,0.353,19.3738,10.3016,22.3938,-10.1152
TLG,LSTM,0.2,1.5,2175.3596,1249.2158,25.5483,0.2372,22.13,14.4856,29.1923,-15.4006
MRC,LSTM,0.2,1.5,1059.4898,606.5664,18.7677,0.089,22.785,12.2108,35.2657,-23.0633
MIL,LSTM,0.2,1.5,1791.0373,1170.1187,16.7451,0.1897,17.6742,13.0368,38.4472,-20.7059
PNF,LSTM,0.2,1.5,1835.189,1199.7684,18.9755,0.2163,14.7206,8.3221,38.8364,-12.8319
TRM,LSTM,0.2,1.5,491.287,294.4844,14.9044,0.1474,30.3269,24.1604,22.4009,-8.9735
SCC,LSTM,0.2,1.5,261.2718,101.9312,12.1465,0.1015,33.6315,27.2217,12.9578,-0.7955
ISB,LSTM,0.2,1.5,789.7364,478.6129,4.4361,0.1091,19.5788,19.5893,29.7313,-19.7947
SHA,LSTM,0.2,2.0,6161.5925,1593.7611,13.0814,0.4866,14.5227,1.62,22.9377,0.1869
BND,LSTM,0.2,2.0,8828.094,2134.6935,12.9888,0.5107,14.3659,4.3838,18.3438,2.3542
ORO,LSTM,0.2,2.0,4713.1757,1408.6822,30.9661,0.2802,22.3325,2.8451,23.8743,-17.2169
YRS,LSTM,0.2,2.0,2519.5966,847.6661,57.3504,0.4473,22.6022,-1.8626,21.2445,-0.8336
FOL,LSTM,0.2,2.0,3187.979,1158.6397,40.6328,0.2504,27.2166,6.3335,21.7252,-5.0347
MKM,LSTM,0.2,2.0,790.6144,392.8523,30.444,0.1485,19.6865,2.0935,28.7818,-24.0096
NHG,LSTM,0.2,2.0,198.9461,34.2585,22.5492,0.0673,52.303,50.8592,22.1099,88.1664
NML,LSTM,0.2,2.0,1163.7803,557.9434,24.4704,0.3239,20.4304,8.3221,25.7137,-17.5099
TLG,LSTM,0.2,2.0,2210.781,1238.3344,26.0663,0.2138,24.1186,13.4884,31.8117,-23.7254
MRC,LSTM,0.2,2.0,1072.431,594.1642,19.6254,0.078,24.2848,9.9164,41.4478,-32.5244
MIL,LSTM,0.2,2.0,1816.3782,1167.0658,17.3491,0.1704,19.3391,12.7419,43.4413,-28.7974
PNF,LSTM,0.2,2.0,1856.549,1189.6374,19.7758,0.201,16.0558,7.4074,44.6921,-18.9966
TRM,LSTM,0.2,2.0,505.3298,294.5079,15.3572,0.1423,34.0522,24.1704,26.1196,-12.087
SCC,LSTM,0.2,2.0,269.362,102.0495,12.2453,0.1042,37.7694,27.3694,13.8775,1.8337
ISB,LSTM,0.2,2.0,820.3179,486.7275,4.6127,0.1083,24.2094,21.6169,34.8948,-20.438
SHA,LSTM,0.2,2.5,6221.9883,1570.5816,13.2492,0.4903,15.6453,0.142,24.5143,0.9472
BND,LSTM,0.2,2.5,8927.5784,2123.6214,13.0975,0.5161,15.6547,3.8424,19.3336,3.4286
ORO,LSTM,0.2,2.5,4777.7362,1368.2852,31.5937,0.2682,24.0082,-0.1042,26.3848,-20.7595
YRS,LSTM,0.2,2.5,2519.3926,801.7524,58.1535,0.4264,22.5923,-7.1782,22.9424,-5.4662
FOL,LSTM,0.2,2.5,3213.4864,1119.9184,41.3888,0.2337,28.2345,2.7799,23.99,-11.3616
MKM,LSTM,0.2,2.5,783.2103,372.1038,31.1165,0.1311,18.5656,-3.2986,31.6263,-32.9301
NHG,LSTM,0.2,2.5,205.904,35.0239,22.8233,0.0795,57.6295,54.2298,23.5944,122.3312
NML,LSTM,0.2,2.5,1172.8987,543.6766,25.0428,0.3018,21.374,5.5522,28.6543,-23.1474
TLG,LSTM,0.2,2.5,2233.2782,1215.1465,26.6483,0.1933,25.3817,11.3633,34.7548,-31.0686
MRC,LSTM,0.2,2.5,1079.1234,575.8201,20.1637,0.0661,25.0604,6.5229,45.3276,-42.8497
MIL,LSTM,0.2,2.5,1835.753,1154.0424,18.083,0.1525,20.6121,11.4838,49.5095,-36.2592
PNF,LSTM,0.2,2.5,1868.9989,1169.8464,20.4296,0.1866,16.8341,5.6206,49.4757,-24.8343
TRM,LSTM,0.2,2.5,515.5553,290.6001,15.6409,0.1372,36.7647,22.5228,28.4493,-15.2485
SCC,LSTM,0.2,2.5,276.2634,101.5967,12.3112,0.1093,41.2992,26.8042,14.4899,6.7999
ISB,LSTM,0.2,2.5,847.5375,490.282,4.7537,0.1075,28.3309,22.505,39.0178,-21.0188
SHA,LSTM,0.2,3.0,6281.4127,1550.9476,13.4121,0.4952,16.7497,-1.1099,26.0452,1.9514
BND,LSTM,0.2,3.0,9032.1813,2118.0797,13.1954,0.5226,17.0098,3.5714,20.2256,4.7394
ORO,LSTM,0.2,3.0,4829.911,1323.3905,32.1094,0.2578,25.3624,-3.3818,28.4478,-23.8341
YRS,LSTM,0.2,3.0,2511.9087,754.6245,58.8607,0.4078,22.2281,-12.6344,24.4376,-9.6016
FOL,LSTM,0.2,3.0,3227.9343,1076.7469,42.0227,0.2191,28.8111,-1.1821,25.8891,-16.9106
MKM,LSTM,0.2,3.0,770.0011,347.5986,31.9007,0.1126,16.566,-9.6669,34.9437,-42.3513
NHG,LSTM,0.2,3.0,213.3186,35.8669,22.9764,0.0927,63.3058,57.9417,24.4234,159.0328
NML,LSTM,0.2,3.0,1177.5754,526.466,25.5437,0.2783,21.858,2.2109,31.2275,-29.1372
TLG,LSTM,0.2,3.0,2242.0646,1180.5054,27.113,0.1735,25.875,8.1886,37.1049,-38.1182
MRC,LSTM,0.2,3.0,1080.2282,552.7426,20.8016,0.054,25.1884,2.2537,49.9247,-53.2627
MIL,LSTM,0.2,3.0,1845.1585,1129.1698,18.7035,0.1359,21.23,9.081,54.6393,-43.19
PNF,LSTM,0.2,3.0,1865.2481,1134.4182,20.9593,0.1719,16.5996,2.4219,53.3512,-30.7205
TRM,LSTM,0.2,3.0,520.1904,281.8401,15.8497,0.1321,37.9943,18.8293,30.1644,-18.4023
SCC,LSTM,0.2,3.0,282.4026,100.6938,12.3686,0.1161,44.4392,25.6774,15.0234,13.497
ISB,LSTM,0.2,3.0,868.9986,488.67,4.911,0.1066,31.5804,22.1022,43.618,-21.6784
SHA,LSTM,0.2,3.5,6341.9274,1535.4748,13.5807,0.5025,17.8745,-2.0964,27.6294,3.4616
BND,LSTM,0.2,3.5,9141.7835,2117.9178,13.2804,0.5313,18.4297,3.5635,21.0001,6.4823
ORO,LSTM,0.2,3.5,4872.5666,1277.1951,32.3548,0.2509,26.4695,-6.7545,29.4294,-25.8888
YRS,LSTM,0.2,3.5,2495.9385,705.1624,59.4805,0.3954,21.451,-18.3608,25.7478,-12.3461
FOL,LSTM,0.2,3.5,3232.7162,1030.3658,42.5741,0.2074,29.0019,-5.4387,27.5409,-21.3266
MKM,LSTM,0.2,3.5,753.019,322.3542,32.3953,0.0967,13.9952,-16.2274,37.0358,-50.5237
NHG,LSTM,0.2,3.5,221.0706,36.8174,23.1717,0.1071,69.2404,62.1274,25.4812,199.4808
NML,LSTM,0.2,3.5,1175.1946,504.1427,25.9784,0.2583,21.6116,-2.1231,33.4604,-34.2171
TLG,LSTM,0.2,3.5,2237.0399,1133.8908,27.6362,0.1541,25.5929,3.9166,39.7505,-45.054
MRC,LSTM,0.2,3.5,1075.853,525.3957,21.3955,0.0441,24.6814,-2.8053,54.2053,-61.8903
MIL,LSTM,0.2,3.5,1836.7181,1087.0803,19.2292,0.1208,20.6755,5.015,58.9861,-49.511
PNF,LSTM,0.2,3.5,1837.2433,1077.5269,21.034,0.1557,14.849,-2.7146,53.8977,-37.269
TRM,LSTM,0.2,3.5,518.575,268.3011,16.082,0.127,37.5658,13.121,32.0716,-21.5443
SCC,LSTM,0.2,3.5,288.074,99.7119,12.4185,0.1259,47.3399,24.4518,15.4876,23.0256
ISB,LSTM,0.2,3.5,886.4659,483.1168,5.0625,0.1061,34.2253,20.7147,48.048,-22.0074
SHA,LSTM,0.2,4.0,6403.6412,1524.1646,13.7105,0.5111,19.0215,-2.8176,28.85,5.2251
BND,LSTM,0.2,4.0,9257.163,2123.2598,13.3558,0.5429,19.9244,3.8247,21.6873,8.8114
ORO,LSTM,0.2,4.0,4906.2629,1231.0192,32.4925,0.2449,27.3441,-10.1257,29.9803,-27.6554
YRS,LSTM,0.2,4.0,2473.7518,656.1984,59.9165,0.3851,20.3714,-24.0295,26.6695,-14.6362
FOL,LSTM,0.2,4.0,3231.4619,984.5684,43.0491,0.1966,28.9518,-9.6418,28.964,-25.4393
MKM,LSTM,0.2,4.0,732.0409,296.5832,32.6513,0.0848,10.8194,-22.9247,38.1189,-56.5779
NHG,LSTM,0.2,4.0,229.007,37.8957,23.3306,0.1233,75.3161,66.8758,26.3415,244.701
NML,LSTM,0.2,4.0,1170.5761,481.5851,26.3539,0.2408,21.1336,-6.5026,35.3899,-38.6666
TLG,LSTM,0.2,4.0,2215.7912,1074.0848,28.0308,0.1348,24.3999,-1.5644,41.7458,-51.9042
MRC,LSTM,0.2,4.0,1066.1055,494.9351,21.6609,0.0361,23.5517,-8.4403,56.1183,-68.7909
MIL,LSTM,0.2,4.0,1814.9204,1033.1527,19.5932,0.1048,19.2433,-0.1945,61.9957,-56.1921
PNF,LSTM,0.2,4.0,1806.2275,1021.1261,20.7987,0.1393,12.9101,-7.8068,52.1758,-43.8629
TRM,LSTM,0.2,4.0,511.953,251.7736,16.3929,0.1245,35.8091,6.1527,34.6249,-23.0966
SCC,LSTM,0.2,4.0,293.5616,98.7323,12.4622,0.1383,50.1466,23.2292,15.8942,35.2261
ISB,LSTM,0.2,4.0,900.008,474.8068,5.2225,0.1058,36.2757,18.6383,52.7282,-22.264
