basin,key,lat,lon,soil_chi,veg_frac_obs,lai_obs_mean
uf_02,38.40625_-122.15625,38.40625,-122.15625,2.4960918261836835,0.3499999940395355,1.5653971
uf_02,38.40625_-122.21875,38.40625,-122.21875,2.499942984218905,0.47999998927116394,2.183548
uf_02,38.40625_-122.28125,38.40625,-122.28125,2.4943125975340763,0.23000000417232513,1.1852657
uf_02,38.46875_-122.09375,38.46875,-122.09375,2.497752090585382,0.33000001311302185,1.4978398
uf_02,38.46875_-122.15625,38.46875,-122.15625,2.499766783847705,0.3700000047683716,1.5389036
uf_02,38.46875_-122.21875,38.46875,-122.21875,2.4978799668575196,0.3499999940395355,1.3136861
uf_02,38.46875_-122.28125,38.46875,-122.28125,2.4998958312393764,0.4300000071525574,2.7354438
uf_02,38.53125_-122.09375,38.53125,-122.09375,2.499999934872914,0.3400000035762787,1.0607218
uf_02,38.53125_-122.15625,38.53125,-122.15625,2.4991900638501754,0.3400000035762787,0.6367
uf_02,38.53125_-122.21875,38.53125,-122.21875,2.498476888305932,0.36000001430511475,1.0716529
uf_02,38.53125_-122.28125,38.53125,-122.28125,2.496060176112132,0.3100000023841858,1.5227257
uf_02,38.53125_-122.34375,38.53125,-122.34375,2.4950411893459057,0.4699999988079071,1.5935187
uf_02,38.53125_-122.40625,38.53125,-122.40625,2.488155781739906,0.4399999976158142,2.018899
uf_02,38.59375_-122.09375,38.59375,-122.09375,2.498866163982422,0.23000000417232513,1.183992
uf_02,38.59375_-122.15625,38.59375,-122.15625,2.498040783309391,0.2800000011920929,1.2959713
uf_02,38.59375_-122.21875,38.59375,-122.21875,2.499734180264156,0.0,1.0768697
uf_02,38.59375_-122.28125,38.59375,-122.28125,2.498533210796963,0.23999999463558197,1.0768697
uf_02,38.59375_-122.34375,38.59375,-122.34375,2.4962758108377283,0.4000000059604645,1.1055616
uf_02,38.59375_-122.40625,38.59375,-122.40625,2.486926762158708,0.4300000071525574,1.5973252
uf_02,38.59375_-122.46875,38.59375,-122.46875,2.47883344502992,0.23000000417232513,1.3265574
uf_02,38.59375_-122.53125,38.59375,-122.53125,2.4878936738243866,0.33000001311302185,1.8320192
uf_02,38.65625_-122.15625,38.65625,-122.15625,2.4987409883878478,0.4099999964237213,1.2676638
uf_02,38.65625_-122.21875,38.65625,-122.21875,2.4968282792577146,0.3400000035762787,0.9881964
uf_02,38.65625_-122.28125,38.65625,-122.28125,2.4946160467479404,0.20999999344348907,0.6117737
uf_02,38.65625_-122.34375,38.65625,-122.34375,2.497642795009728,0.3100000023841858,0.87644464
uf_02,38.65625_-122.40625,38.65625,-122.40625,2.4984396829063535,0.36000001430511475,1.0650246
uf_02,38.65625_-122.46875,38.65625,-122.46875,2.4960944242941583,0.4399999976158142,1.1574564
uf_02,38.65625_-122.53125,38.65625,-122.53125,2.499698078267568,0.3199999928474426,1.524409
uf_02,38.65625_-122.59375,38.65625,-122.59375,2.4999979614353074,0.75,3.183613
uf_02,38.65625_-122.65625,38.65625,-122.65625,2.499996848921148,0.4399999976158142,2.9134102
uf_02,38.71875_-122.21875,38.71875,-122.21875,2.498172895565185,0.3799999952316284,1.1512666
uf_02,38.71875_-122.28125,38.71875,-122.28125,2.4909415210484727,0.3499999940395355,0.9880219
uf_02,38.71875_-122.34375,38.71875,-122.34375,2.496368821726127,0.41999998688697815,0.7403271
uf_02,38.71875_-122.40625,38.71875,-122.40625,2.494057341835313,0.23000000417232513,0.9417267
uf_02,38.71875_-122.46875,38.71875,-122.46875,2.4864746730918097,0.25999999046325684,1.0151092
uf_02,38.71875_-122.53125,38.71875,-122.53125,2.489994840345109,0.49000000953674316,1.0655565
uf_02,38.71875_-122.59375,38.71875,-122.59375,2.497953406734703,0.4300000071525574,1.517538
uf_02,38.71875_-122.65625,38.71875,-122.65625,2.4999550509890556,0.550000011920929,2.7978806
uf_02,38.71875_-122.71875,38.71875,-122.71875,2.4975941305186127,0.5,1.6740663
uf_02,38.78125_-122.21875,38.78125,-122.21875,2.499960376509959,0.36000001430511475,1.1399066
uf_02,38.78125_-122.28125,38.78125,-122.28125,2.499483476124509,0.0,1.030182
uf_02,38.78125_-122.34375,38.78125,-122.34375,2.4989015153679346,0.5600000023841858,1.2299048
uf_02,38.78125_-122.40625,38.78125,-122.40625,2.4976754138993353,0.33000001311302185,0.76613605
uf_02,38.78125_-122.46875,38.78125,-122.46875,2.4997058835577297,0.2800000011920929,0.8481548
uf_02,38.78125_-122.53125,38.78125,-122.53125,2.494860824447783,0.3700000047683716,1.0716481
uf_02,38.78125_-122.59375,38.78125,-122.59375,2.4800337950009137,0.41999998688697815,0.933444
uf_02,38.78125_-122.65625,38.78125,-122.65625,2.4914205304243997,0.27000001072883606,1.0230596
uf_02,38.78125_-122.71875,38.78125,-122.71875,2.4911873583781543,0.38999998569488525,1.392558
uf_02,38.84375_-122.28125,38.84375,-122.28125,2.4992452636708133,0.25999999046325684,1.0430679
uf_02,38.84375_-122.34375,38.84375,-122.34375,2.499091090988406,0.3499999940395355,1.0228333
uf_02,38.84375_-122.40625,38.84375,-122.40625,2.489336078566641,0.3499999940395355,0.81124175
uf_02,38.84375_-122.46875,38.84375,-122.46875,2.4942694225667132,0.25999999046325684,0.8966613
uf_02,38.84375_-122.53125,38.84375,-122.53125,2.497533903490548,0.0,1.1169077
uf_02,38.84375_-122.59375,38.84375,-122.59375,2.484556120773547,0.33000001311302185,1.209642
uf_02,38.84375_-122.65625,38.84375,-122.65625,2.4966488110954828,0.36000001430511475,1.2538865
uf_02,38.84375_-122.71875,38.84375,-122.71875,2.4992475263999183,0.28999999165534973,2.1200128
uf_02,38.90625_-122.40625,38.90625,-122.40625,2.499993277444431,0.36000001430511475,2.1684113
uf_02,38.90625_-122.46875,38.90625,-122.46875,2.4999865269034354,0.3499999940395355,1.0601108
uf_02,38.90625_-122.53125,38.90625,-122.53125,2.4803297638081716,0.4300000071525574,1.0875882
uf_02,38.90625_-122.59375,38.90625,-122.59375,2.498120576060169,0.0,1.0440859
uf_03,38.78125_-122.71875,38.78125,-122.71875,2.4911873583781543,0.38999998569488525,1.392558
uf_03,38.78125_-122.78125,38.78125,-122.78125,2.4999963101751232,0.49000000953674316,3.0187888
uf_03,38.84375_-122.28125,38.84375,-122.28125,2.4992452636708133,0.25999999046325684,1.0430679
uf_03,38.84375_-122.34375,38.84375,-122.34375,2.499091090988406,0.3499999940395355,1.0228333
uf_03,38.84375_-122.40625,38.84375,-122.40625,2.489336078566641,0.3499999940395355,0.81124175
uf_03,38.84375_-122.59375,38.84375,-122.59375,2.484556120773547,0.33000001311302185,1.209642
uf_03,38.84375_-122.65625,38.84375,-122.65625,2.4966488110954828,0.36000001430511475,1.2538865
uf_03,38.84375_-122.71875,38.84375,-122.71875,2.4992475263999183,0.28999999165534973,2.1200128
uf_03,38.84375_-122.78125,38.84375,-122.78125,2.490870885580568,0.3199999928474426,1.54519
uf_03,38.84375_-122.84375,38.84375,-122.84375,2.493616486342849,0.5600000023841858,1.6743615
uf_03,38.84375_-122.90625,38.84375,-122.90625,2.4877232865376335,0.5,1.7290746
uf_03,38.90625_-122.28125,38.90625,-122.28125,2.498628358119253,0.27000001072883606,1.1334684
uf_03,38.90625_-122.34375,38.90625,-122.34375,2.498749165247985,0.3799999952316284,1.2473624
uf_03,38.90625_-122.40625,38.90625,-122.40625,2.499993277444431,0.36000001430511475,2.1684113
uf_03,38.90625_-122.46875,38.90625,-122.46875,2.4999865269034354,0.3499999940395355,1.0601108
uf_03,38.90625_-122.53125,38.90625,-122.53125,2.4803297638081716,0.4300000071525574,1.0875882
uf_03,38.90625_-122.59375,38.90625,-122.59375,2.498120576060169,0.0,1.0440859
uf_03,38.90625_-122.65625,38.90625,-122.65625,2.4945789350552916,0.0,1.4159963
uf_03,38.90625_-122.71875,38.90625,-122.71875,2.499604960260113,0.0,1.1642766
uf_03,38.90625_-122.78125,38.90625,-122.78125,2.499200679392114,0.5400000214576721,1.7953224
uf_03,38.90625_-122.84375,38.90625,-122.84375,2.4978032763787303,0.5600000023841858,1.0201224
uf_03,38.90625_-122.90625,38.90625,-122.90625,2.4997377075361342,0.4699999988079071,2.6979518
uf_03,38.90625_-122.96875,38.90625,-122.96875,2.4999905971817338,0.41999998688697815,1.7183689
uf_03,38.96875_-122.34375,38.96875,-122.34375,2.4994073472359792,0.4000000059604645,0.91885626
uf_03,38.96875_-122.40625,38.96875,-122.40625,2.4992826243813218,0.38999998569488525,0.92937696
uf_03,38.96875_-122.46875,38.96875,-122.46875,2.4859557317724716,0.4000000059604645,0.87579685
uf_03,38.96875_-122.53125,38.96875,-122.53125,2.4958904080880293,0.4099999964237213,0.78869146
uf_03,38.96875_-122.59375,38.96875,-122.59375,2.4981371225521096,0.5199999809265137,0.97849977
uf_03,38.96875_-122.65625,38.96875,-122.65625,2.498392844183722,0.0,0.97849977
uf_03,38.96875_-122.71875,38.96875,-122.71875,2.4940331076872715,0.0,1.8866553
uf_03,38.96875_-122.78125,38.96875,-122.78125,2.4996690827657835,0.4300000071525574,1.8866553
uf_03,38.96875_-122.84375,38.96875,-122.84375,2.4995701828418353,0.0,1.201087
uf_03,38.96875_-122.90625,38.96875,-122.90625,2.4980801085081157,0.49000000953674316,1.0247002
uf_03,38.96875_-122.96875,38.96875,-122.96875,2.4988759894904935,0.0,1.5964152
uf_03,38.96875_-123.03125,38.96875,-123.03125,2.4885656603207007,0.0,1.4391836
uf_03,39.03125_-122.34375,39.03125,-122.34375,2.4965808078576575,0.4099999964237213,0.9014374
uf_03,39.03125_-122.40625,39.03125,-122.40625,2.4985147857154777,0.36000001430511475,0.86844575
uf_03,39.03125_-122.46875,39.03125,-122.46875,2.4931030589755716,0.5199999809265137,0.9229306
uf_03,39.03125_-122.53125,39.03125,-122.53125,2.495268121303629,0.33000001311302185,0.7549403
uf_03,39.03125_-122.59375,39.03125,-122.59375,2.4912415429639676,0.5799999833106995,1.0325267
uf_03,39.03125_-122.65625,39.03125,-122.65625,2.493962263233813,0.5400000214576721,1.140204
uf_03,39.03125_-122.71875,39.03125,-122.71875,2.4989965466930517,0.3100000023841858,1.2419443
uf_03,39.03125_-122.78125,39.03125,-122.78125,2.4886860758806817,0.0,1.2419443
uf_03,39.03125_-122.84375,39.03125,-122.84375,2.4997710438878835,0.0,1.201087
uf_03,39.03125_-122.90625,39.03125,-122.90625,2.496461927109488,0.0,0.9890977
uf_03,39.03125_-122.96875,39.03125,-122.96875,2.4989158249535164,0.4399999976158142,0.9890977
uf_03,39.03125_-123.03125,39.03125,-123.03125,2.499969184381942,0.46000000834465027,2.4251282
uf_03,39.03125_-123.09375,39.03125,-123.09375,2.497026766616249,0.36000001430511475,1.5268136
uf_03,39.09375_-122.40625,39.09375,-122.40625,2.499954646822121,0.30000001192092896,0.86448276
uf_03,39.09375_-122.46875,39.09375,-122.46875,2.4948387378913313,0.47999998927116394,0.8701073
uf_03,39.09375_-122.53125,39.09375,-122.53125,2.496495451529006,0.0,0.8534286
uf_03,39.09375_-122.59375,39.09375,-122.59375,2.499696922472031,0.3799999952316284,0.8534286
uf_03,39.09375_-122.65625,39.09375,-122.65625,2.499978397315195,0.3799999952316284,1.1367397
uf_03,39.09375_-122.71875,39.09375,-122.71875,2.4997944350834924,0.4300000071525574,2.4292233
uf_03,39.09375_-122.78125,39.09375,-122.78125,2.4970290985108514,0.0,1.2415156
uf_03,39.09375_-122.84375,39.09375,-122.84375,2.4964001132570974,0.0,1.2415156
uf_03,39.09375_-122.90625,39.09375,-122.90625,2.4993070812431313,0.0,1.1405919
uf_03,39.09375_-122.96875,39.09375,-122.96875,2.493543406531405,0.3700000047683716,1.1405919
uf_03,39.09375_-123.03125,39.09375,-123.03125,2.4999645975877542,0.3799999952316284,1.4421676
uf_03,39.09375_-123.09375,39.09375,-123.09375,2.4999869477282015,0.5899999737739563,1.2849857
uf_03,39.15625_-122.40625,39.15625,-122.40625,2.499637956297585,0.33000001311302185,0.8881429
uf_03,39.15625_-122.46875,39.15625,-122.46875,2.49606833070038,0.4000000059604645,1.0117483
uf_03,39.15625_-122.53125,39.15625,-122.53125,2.497421233820509,0.0,1.0773985
uf_03,39.15625_-122.59375,39.15625,-122.59375,2.4992675865124703,0.3400000035762787,1.0773985
uf_03,39.15625_-122.65625,39.15625,-122.65625,2.4991598632144245,0.4399999976158142,1.775684
uf_03,39.15625_-122.71875,39.15625,-122.71875,2.499814015096269,0.4300000071525574,2.2110991
uf_03,39.15625_-122.78125,39.15625,-122.78125,2.4870563984418137,0.4399999976158142,1.3427092
uf_03,39.15625_-122.84375,39.15625,-122.84375,2.4996723866787613,0.4300000071525574,1.5280122
uf_03,39.15625_-122.90625,39.15625,-122.90625,2.4997633214036465,0.36000001430511475,1.5477847
uf_03,39.15625_-122.96875,39.15625,-122.96875,2.499652483650302,0.3799999952316284,2.1353834
uf_03,39.15625_-123.03125,39.15625,-123.03125,2.499540494748704,0.4300000071525574,1.5968719
uf_03,39.15625_-123.09375,39.15625,-123.09375,2.4997861230406757,0.4399999976158142,1.6327084
uf_03,39.21875_-122.40625,39.21875,-122.40625,2.4992871925033304,0.550000011920929,0.9438905
uf_03,39.21875_-122.46875,39.21875,-122.46875,2.455362752898155,0.27000001072883606,0.97303396
uf_03,39.21875_-122.53125,39.21875,-122.53125,2.4919608492061025,0.28999999165534973,0.82458246
uf_03,39.21875_-122.59375,39.21875,-122.59375,2.4993512564485645,0.38999998569488525,1.6186223
uf_03,39.21875_-122.65625,39.21875,-122.65625,2.499313571890546,0.4399999976158142,1.9016373
uf_03,39.21875_-122.71875,39.21875,-122.71875,2.484965989754607,0.3799999952316284,1.2466052
uf_03,39.21875_-122.78125,39.21875,-122.78125,2.499592050682081,0.41999998688697815,1.3918836
uf_03,39.21875_-122.84375,39.21875,-122.84375,2.4998502397008964,0.36000001430511475,1.6464521
uf_03,39.21875_-122.90625,39.21875,-122.90625,2.4924247127188552,0.47999998927116394,1.6678717
uf_03,39.21875_-122.96875,39.21875,-122.96875,2.499932075424811,0.46000000834465027,1.648662
uf_03,39.21875_-123.03125,39.21875,-123.03125,2.481898187770551,0.4099999964237213,1.1424364
uf_03,39.28125_-122.53125,39.28125,-122.53125,2.494683868974837,0.27000001072883606,0.8272666
uf_03,39.28125_-122.59375,39.28125,-122.59375,2.4995462324357915,0.3400000035762787,0.94436187
uf_03,39.28125_-122.71875,39.28125,-122.71875,2.4998843011956415,0.3400000035762787,1.3156183
uf_03,39.28125_-122.78125,39.28125,-122.78125,2.4930731092762635,0.550000011920929,1.5378519
uf_03,39.28125_-122.84375,39.28125,-122.84375,2.499205126104556,0.4300000071525574,1.5696665
uf_03,39.28125_-122.90625,39.28125,-122.90625,2.4993126001546955,0.30000001192092896,2.3736093
uf_03,39.28125_-122.96875,39.28125,-122.96875,2.498765827303405,0.3400000035762787,1.6734077
uf_03,39.28125_-123.03125,39.28125,-123.03125,2.4998911957726735,0.41999998688697815,1.5367628
uf_03,39.34375_-122.96875,39.34375,-122.96875,2.4950115456407755,0.47999998927116394,2.5649145
uf_03,39.34375_-123.03125,39.34375,-123.03125,2.4988928994329758,0.3499999940395355,2.5833783
uf_04,39.21875_-122.40625,39.21875,-122.40625,2.4992871925033304,0.550000011920929,0.9438905
uf_04,39.21875_-122.46875,39.21875,-122.46875,2.455362752898155,0.27000001072883606,0.97303396
uf_04,39.21875_-122.53125,39.21875,-122.53125,2.4919608492061025,0.28999999165534973,0.82458246
uf_04,39.21875_-122.59375,39.21875,-122.59375,2.4993512564485645,0.38999998569488525,1.6186223
uf_04,39.21875_-122.65625,39.21875,-122.65625,2.499313571890546,0.4399999976158142,1.9016373
uf_04,39.21875_-122.71875,39.21875,-122.71875,2.484965989754607,0.3799999952316284,1.2466052
uf_04,39.28125_-122.40625,39.28125,-122.40625,2.4983726038543237,0.550000011920929,0.919836
uf_04,39.28125_-122.46875,39.28125,-122.46875,2.4959355510568795,0.550000011920929,0.9312459
uf_04,39.28125_-122.53125,39.28125,-122.53125,2.494683868974837,0.27000001072883606,0.8272666
uf_04,39.28125_-122.59375,39.28125,-122.59375,2.4995462324357915,0.3400000035762787,0.94436187
uf_04,39.28125_-122.65625,39.28125,-122.65625,2.496981529584276,0.4099999964237213,1.8801056
uf_04,39.28125_-122.71875,39.28125,-122.71875,2.4998843011956415,0.3400000035762787,1.3156183
uf_04,39.28125_-122.78125,39.28125,-122.78125,2.4930731092762635,0.550000011920929,1.5378519
uf_04,39.34375_-122.46875,39.34375,-122.46875,2.497896531119187,0.4300000071525574,0.7942057
uf_04,39.34375_-122.53125,39.34375,-122.53125,2.4989004226232074,0.4000000059604645,0.61368346
uf_04,39.34375_-122.59375,39.34375,-122.59375,2.498223360568554,0.28999999165534973,0.842607
uf_04,39.34375_-122.65625,39.34375,-122.65625,2.4973988469539226,0.0,0.75097674
uf_04,39.34375_-122.71875,39.34375,-122.71875,2.4999464468868835,0.4000000059604645,1.7531621
uf_04,39.34375_-122.78125,39.34375,-122.78125,2.4991881871021775,0.3400000035762787,1.624756
uf_04,39.40625_-122.46875,39.40625,-122.46875,2.497379093534494,0.36000001430511475,0.9381964
uf_04,39.40625_-122.53125,39.40625,-122.53125,2.498628819892623,0.25,0.7517548
uf_04,39.40625_-122.59375,39.40625,-122.59375,2.499174350275859,0.3799999952316284,0.9552913
uf_04,39.40625_-122.65625,39.40625,-122.65625,2.4998492132257564,0.30000001192092896,1.2144202
uf_04,39.40625_-122.71875,39.40625,-122.71875,2.4999999807944473,0.46000000834465027,1.3860846
uf_04,39.40625_-122.78125,39.40625,-122.78125,2.498965178450267,0.38999998569488525,0.64342713
uf_04,39.46875_-122.46875,39.46875,-122.46875,2.4993605180337584,0.41999998688697815,0.81090033
uf_04,39.46875_-122.53125,39.46875,-122.53125,2.4980189088953075,0.4000000059604645,0.7555513
uf_04,39.46875_-122.59375,39.46875,-122.59375,2.4986221296227935,0.47999998927116394,0.9335865
uf_04,39.46875_-122.65625,39.46875,-122.65625,2.4972037777628824,0.36000001430511475,0.9604759
uf_04,39.46875_-122.71875,39.46875,-122.71875,2.494444749980331,0.44999998807907104,2.2133148
uf_04,39.46875_-122.78125,39.46875,-122.78125,2.4999422141186525,0.0,2.2726338
uf_04,39.53125_-122.46875,39.53125,-122.46875,2.4973666995659953,0.41999998688697815,0.6405635
uf_04,39.53125_-122.53125,39.53125,-122.53125,2.499491518569438,0.4399999976158142,0.6232163
uf_04,39.53125_-122.59375,39.53125,-122.59375,2.4982093041114437,0.3499999940395355,0.81226885
uf_04,39.53125_-122.65625,39.53125,-122.65625,2.497758706652249,0.27000001072883606,2.132791
uf_04,39.53125_-122.71875,39.53125,-122.71875,2.4998637321181407,0.0,1.9797429
uf_04,39.59375_-122.46875,39.59375,-122.46875,2.4987136523015963,0.3400000035762787,0.8396625
uf_04,39.59375_-122.53125,39.59375,-122.53125,2.49802414579878,0.47999998927116394,0.75665694
uf_04,39.59375_-122.59375,39.59375,-122.59375,2.499121895593589,0.4399999976158142,0.7929519
uf_04,39.59375_-122.65625,39.59375,-122.65625,2.498507562302601,0.33000001311302185,2.555506
uf_04,39.59375_-122.71875,39.59375,-122.71875,2.499812104999549,0.36000001430511475,2.6774158
uf_04,39.59375_-122.78125,39.59375,-122.78125,2.4993820272040717,0.3199999928474426,2.165015
uf_04,39.65625_-122.46875,39.65625,-122.46875,2.4987660763898547,0.28999999165534973,0.8993877
uf_04,39.65625_-122.53125,39.65625,-122.53125,2.4989835401887186,0.28999999165534973,0.7784131
uf_04,39.65625_-122.59375,39.65625,-122.59375,2.4969077681631653,0.25,0.91597426
uf_04,39.65625_-122.65625,39.65625,-122.65625,2.4991359085903673,0.47999998927116394,1.3681442
uf_04,39.65625_-122.71875,39.65625,-122.71875,2.499486948340543,0.3100000023841858,1.86654
uf_04,39.65625_-122.78125,39.65625,-122.78125,2.499972653694619,0.44999998807907104,2.616137
uf_04,39.71875_-122.34375,39.71875,-122.34375,2.4994691859358404,0.25999999046325684,0.66784054
uf_04,39.71875_-122.40625,39.71875,-122.40625,2.4994773910306787,0.44999998807907104,0.905764
uf_04,39.71875_-122.46875,39.71875,-122.46875,2.4983085947820376,0.49000000953674316,0.67364585
uf_04,39.71875_-122.53125,39.71875,-122.53125,2.4984043859648284,0.3799999952316284,0.76103663
uf_04,39.71875_-122.59375,39.71875,-122.59375,2.4939283186327605,0.3400000035762787,0.9862641
uf_04,39.71875_-122.65625,39.71875,-122.65625,2.4968573536220324,0.4099999964237213,1.2600344
uf_04,39.71875_-122.71875,39.71875,-122.71875,2.4998924409964194,0.23000000417232513,1.0649283
uf_04,39.71875_-122.78125,39.71875,-122.78125,2.489653829137916,0.3700000047683716,2.1572056
uf_04,39.71875_-122.84375,39.71875,-122.84375,2.4982819914531467,0.30000001192092896,2.0482757
uf_04,39.71875_-122.90625,39.71875,-122.90625,2.499892678966165,0.3499999940395355,2.369591
uf_04,39.78125_-122.34375,39.78125,-122.34375,2.49975265927738,0.4300000071525574,0.60227
uf_04,39.78125_-122.40625,39.78125,-122.40625,2.499658919654432,0.3799999952316284,0.9275161
uf_04,39.78125_-122.46875,39.78125,-122.46875,2.4992155465932466,0.25,0.83959997
uf_04,39.78125_-122.53125,39.78125,-122.53125,2.499907380045965,0.25,0.6571836
uf_04,39.78125_-122.59375,39.78125,-122.59375,2.498067313062382,0.4000000059604645,0.9190097
uf_04,39.78125_-122.65625,39.78125,-122.65625,2.49906036966438,0.30000001192092896,2.0521417
uf_04,39.78125_-122.71875,39.78125,-122.71875,2.499553074547265,0.4000000059604645,1.4175185
uf_04,39.78125_-122.78125,39.78125,-122.78125,2.4981147096994056,0.38999998569488525,1.2989401
uf_04,39.78125_-122.84375,39.78125,-122.84375,2.4996129931283404,0.4399999976158142,2.7286117
uf_04,39.78125_-122.90625,39.78125,-122.90625,2.4999436972880464,0.4399999976158142,2.472175
uf_04,39.78125_-122.96875,39.78125,-122.96875,2.4970664508174796,0.4399999976158142,1.7098088
uf_04,39.84375_-122.34375,39.84375,-122.34375,2.4991929733041474,0.30000001192092896,0.6755068
uf_04,39.84375_-122.40625,39.84375,-122.40625,2.499711809624209,0.6000000238418579,0.6421633
uf_04,39.84375_-122.46875,39.84375,-122.46875,2.4993133985651887,0.33000001311302185,0.89329904
uf_04,39.84375_-122.53125,39.84375,-122.53125,2.498896190568916,0.36000001430511475,0.72145826
uf_04,39.84375_-122.59375,39.84375,-122.59375,2.498080179715318,0.25999999046325684,0.7247533
uf_04,39.84375_-122.65625,39.84375,-122.65625,2.4908355727062794,0.3499999940395355,0.76346445
uf_04,39.84375_-122.71875,39.84375,-122.71875,2.4999955517669794,0.5699999928474426,2.515501
uf_04,39.84375_-122.78125,39.84375,-122.78125,2.4997851581009622,0.4099999964237213,2.6917226
uf_04,39.84375_-122.84375,39.84375,-122.84375,2.499807646730627,0.5299999713897705,2.3504872
uf_04,39.84375_-122.90625,39.84375,-122.90625,2.4997021906196575,0.44999998807907104,3.2835984
uf_04,39.84375_-122.96875,39.84375,-122.96875,2.478443018963539,0.3100000023841858,0.731304
uf_06,40.03125_-122.71875,40.03125,-122.71875,2.4999992121825283,0.6399999856948853,2.5414479
uf_06,40.03125_-122.78125,40.03125,-122.78125,2.497897023541661,0.3457988202571869,1.5140699
uf_06,40.03125_-122.84375,40.03125,-122.84375,2.4976541945582067,0.25414201617240906,1.0486425
uf_06,40.03125_-122.90625,40.03125,-122.90625,2.496196171613911,0.3254437744617462,1.2062802
uf_06,40.03125_-122.96875,40.03125,-122.96875,2.496430765990618,0.2865680456161499,0.90060526
uf_06,40.09375_-122.65625,40.09375,-122.65625,2.496712545962887,0.33041420578956604,1.0138248
uf_06,40.09375_-122.71875,40.09375,-122.71875,2.4994180327157385,0.35733726620674133,1.6018739
uf_06,40.09375_-122.78125,40.09375,-122.78125,2.498909063059967,0.399822473526001,1.8989656
uf_06,40.09375_-122.84375,40.09375,-122.84375,2.4981818598670764,0.3775147795677185,1.5501158
uf_06,40.09375_-122.90625,40.09375,-122.90625,2.4991368075448976,0.3912425935268402,1.3428532
uf_06,40.09375_-122.96875,40.09375,-122.96875,2.498876618669202,0.3562721908092499,1.093048
uf_06,40.15625_-122.53125,40.15625,-122.53125,2.499410856891947,0.40739643573760986,0.9847348
uf_06,40.15625_-122.59375,40.15625,-122.59375,2.4985399385015934,0.40473371744155884,0.94810754
uf_06,40.15625_-122.65625,40.15625,-122.65625,2.4976645691886237,0.3409467339515686,0.8859642
uf_06,40.15625_-122.71875,40.15625,-122.71875,2.495826566309118,0.2836686372756958,0.826462
uf_06,40.15625_-122.78125,40.15625,-122.78125,2.499443418988733,0.33349111676216125,1.469092
uf_06,40.15625_-122.84375,40.15625,-122.84375,2.4993547629575055,0.36769232153892517,1.8558828
uf_06,40.15625_-122.90625,40.15625,-122.90625,2.496310445008478,0.36538460850715637,1.6867572
uf_06,40.15625_-122.96875,40.15625,-122.96875,2.4959715756173937,0.345976322889328,1.3431572
uf_06,40.21875_-122.21875,40.21875,-122.21875,2.499484263292411,0.33000001311302185,1.141077
uf_06,40.21875_-122.40625,40.21875,-122.40625,2.4997757167777275,0.0,0.77436584
uf_06,40.21875_-122.46875,40.21875,-122.46875,2.4992750239129835,0.4280473291873932,0.988044
uf_06,40.21875_-122.53125,40.21875,-122.53125,2.4992997816252647,0.4177514910697937,0.97439724
uf_06,40.21875_-122.59375,40.21875,-122.59375,2.4994813624646994,0.4037869870662689,0.92263687
uf_06,40.21875_-122.65625,40.21875,-122.65625,2.4985688143394187,0.37467455863952637,0.8023395
uf_06,40.21875_-122.71875,40.21875,-122.71875,2.498237048013101,0.30313608050346375,0.7854826
uf_06,40.21875_-122.78125,40.21875,-122.78125,2.4952607014501935,0.28065088391304016,0.9029661
uf_06,40.21875_-122.84375,40.21875,-122.84375,2.4973380301916395,0.33213016390800476,1.5241014
uf_06,40.21875_-122.90625,40.21875,-122.90625,2.4989510605573857,0.33639052510261536,1.6641536
uf_06,40.21875_-122.96875,40.21875,-122.96875,2.499826908060572,0.3879881799221039,1.8683318
uf_06,40.28125_-121.59375,40.28125,-121.59375,2.4999986593312604,0.44189348816871643,2.3171256
uf_06,40.28125_-122.09375,40.28125,-122.09375,2.497653580784636,0.31917160749435425,0.845821
uf_06,40.28125_-122.15625,40.28125,-122.15625,2.493186320274355,0.3577514886856079,0.8413935
uf_06,40.28125_-122.21875,40.28125,-122.21875,2.498615997979968,0.42680472135543823,0.9469508
uf_06,40.28125_-122.28125,40.28125,-122.28125,2.499026176684121,0.3939644992351532,1.0387641
uf_06,40.28125_-122.34375,40.28125,-122.34375,2.499343087127354,0.37390533089637756,1.0053377
uf_06,40.28125_-122.40625,40.28125,-122.40625,2.4992973588616336,0.3897041380405426,1.0090412
uf_06,40.28125_-122.46875,40.28125,-122.46875,2.4986410630741425,0.4270414113998413,1.0615233
uf_06,40.28125_-122.53125,40.28125,-122.53125,2.4993556014530673,0.4218343198299408,0.9690997
uf_06,40.28125_-122.59375,40.28125,-122.59375,2.499550683191626,0.38958579301834106,0.928267
uf_06,40.28125_-122.65625,40.28125,-122.65625,2.499545960287926,0.3971005976200104,0.74626476
uf_06,40.28125_-122.71875,40.28125,-122.71875,2.498711766452285,0.352544367313385,0.78086525
uf_06,40.28125_-122.78125,40.28125,-122.78125,2.4977544940028436,0.30041420459747314,0.83296126
uf_06,40.28125_-122.84375,40.28125,-122.84375,2.495568622320768,0.3234911262989044,1.3133069
uf_06,40.28125_-122.90625,40.28125,-122.90625,2.4960069597142716,0.33331361413002014,1.5465139
uf_06,40.28125_-122.96875,40.28125,-122.96875,2.499150519061353,0.31106507778167725,1.6045264
uf_06,40.28125_-123.03125,40.28125,-123.03125,2.4997943066619515,0.3614201247692108,1.807712
uf_06,40.28125_-123.09375,40.28125,-123.09375,2.49905752695593,0.3506508767604828,2.1811967
uf_06,40.34375_-121.53125,40.34375,-121.53125,2.499810614308574,0.4220118224620819,2.135786
uf_06,40.34375_-121.59375,40.34375,-121.59375,2.4999850764059532,0.4864497184753418,2.0766041
uf_06,40.34375_-121.65625,40.34375,-121.65625,2.4999765123162017,0.4963313639163971,2.0420055
uf_06,40.34375_-121.71875,40.34375,-121.71875,2.4999363987363923,0.48633137345314026,2.104982
uf_06,40.34375_-121.78125,40.34375,-121.78125,2.4835568676416795,0.3331952691078186,1.2173827
uf_06,40.34375_-121.84375,40.34375,-121.84375,2.483826557611107,0.31550297141075134,0.9858356
uf_06,40.34375_-121.90625,40.34375,-121.90625,2.4854833438288306,0.36816567182540894,1.2602549
uf_06,40.34375_-121.96875,40.34375,-121.96875,2.4833825078774963,0.4359763264656067,1.657368
uf_06,40.34375_-122.03125,40.34375,-122.03125,2.4852892603598615,0.37242603302001953,1.0300063
uf_06,40.34375_-122.09375,40.34375,-122.09375,2.4952779131021368,0.33171597123146057,0.6647011
uf_06,40.34375_-122.15625,40.34375,-122.15625,2.490758819314573,0.3746153712272644,1.025011
uf_06,40.34375_-122.21875,40.34375,-122.21875,2.4983592311630627,0.34976330399513245,1.1699532
uf_06,40.34375_-122.28125,40.34375,-122.28125,2.4985398344110807,0.4045562148094177,1.1056942
uf_06,40.34375_-122.34375,40.34375,-122.34375,2.498133591534004,0.4000000059604645,1.2104232
uf_06,40.34375_-122.40625,40.34375,-122.40625,2.498741366032611,0.40970414876937866,1.1869096
uf_06,40.34375_-122.46875,40.34375,-122.46875,2.498993137539532,0.4071597754955292,1.0773666
uf_06,40.34375_-122.53125,40.34375,-122.53125,2.499455209895726,0.424911230802536,1.0003452
uf_06,40.34375_-122.59375,40.34375,-122.59375,2.4996697182071173,0.3860355019569397,0.95132846
uf_06,40.34375_-122.65625,40.34375,-122.65625,2.499378902731625,0.39213016629219055,0.83295494
uf_06,40.34375_-122.71875,40.34375,-122.71875,2.4985567410228104,0.37976330518722534,0.8112369
uf_06,40.34375_-122.78125,40.34375,-122.78125,2.4984124035436803,0.4034319519996643,0.79108083
uf_06,40.34375_-122.84375,40.34375,-122.84375,2.4933045687640067,0.3823668658733368,1.0276116
uf_06,40.34375_-122.90625,40.34375,-122.90625,2.4949899708517407,0.4082840383052826,1.5124542
uf_06,40.34375_-122.96875,40.34375,-122.96875,2.496569889009564,0.40816569328308105,1.9828988
uf_06,40.34375_-123.03125,40.34375,-123.03125,2.4999179705714747,0.4072781205177307,2.4403543
uf_06,40.34375_-123.09375,40.34375,-123.09375,2.499145507289347,0.32029587030410767,1.7108556
uf_06,40.40625_-121.53125,40.40625,-121.53125,2.4999202527567013,0.38769230246543884,1.250224
uf_06,40.40625_-121.59375,40.40625,-121.59375,2.4999909901997834,0.47491124272346497,1.6221937
uf_06,40.40625_-121.65625,40.40625,-121.65625,2.499985102486364,0.4858579933643341,1.9788071
uf_06,40.40625_-121.71875,40.40625,-121.71875,2.4999977137037757,0.4831360876560211,2.0060408
uf_06,40.40625_-121.78125,40.40625,-121.78125,2.4974538774291855,0.3440236747264862,1.4740286
uf_06,40.40625_-121.84375,40.40625,-121.84375,2.487513255937643,0.35029587149620056,1.2008117
uf_06,40.40625_-121.90625,40.40625,-121.90625,2.487951519670502,0.36988165974617004,1.0511556
uf_06,40.40625_-121.96875,40.40625,-121.96875,2.490730677370709,0.40023669600486755,1.18812
uf_06,40.40625_-122.03125,40.40625,-122.03125,2.492360784985951,0.3363313674926758,0.81931573
uf_06,40.40625_-122.09375,40.40625,-122.09375,2.489321688341537,0.3555029630661011,0.85712236
uf_06,40.40625_-122.15625,40.40625,-122.15625,2.491182352584781,0.35420119762420654,1.0410333
uf_06,40.40625_-122.21875,40.40625,-122.21875,2.4950279110050926,0.40994083881378174,1.5307852
uf_06,40.40625_-122.28125,40.40625,-122.28125,2.4975927710219827,0.3451479375362396,1.226306
uf_06,40.40625_-122.34375,40.40625,-122.34375,2.497573043754767,0.3901183307170868,1.1115685
uf_06,40.40625_-122.40625,40.40625,-122.40625,2.497154478571514,0.39810651540756226,1.1118271
uf_06,40.40625_-122.46875,40.40625,-122.46875,2.497876595742172,0.39810651540756226,1.1331892
uf_06,40.40625_-122.53125,40.40625,-122.53125,2.4980975466938755,0.406686395406723,1.1051108
uf_06,40.40625_-122.59375,40.40625,-122.59375,2.499594046014614,0.39715975522994995,0.8916584
uf_06,40.40625_-122.65625,40.40625,-122.65625,2.499481818944365,0.373786985874176,0.79124904
uf_06,40.40625_-122.71875,40.40625,-122.71875,2.495632135285716,0.35420119762420654,0.9485379
uf_06,40.40625_-122.78125,40.40625,-122.78125,2.4941608280785985,0.3879881799221039,0.96965396
uf_06,40.40625_-122.84375,40.40625,-122.84375,2.489900287950845,0.4602958559989929,1.5369304
uf_06,40.40625_-122.90625,40.40625,-122.90625,2.498880034519673,0.47899407148361206,1.9724323
uf_06,40.40625_-122.96875,40.40625,-122.96875,2.4991755382610057,0.46431952714920044,2.1677692
uf_06,40.40625_-123.03125,40.40625,-123.03125,2.4996502471008704,0.47260355949401855,2.5146024
uf_06,40.46875_-121.21875,40.46875,-121.21875,2.4998462689532057,0.3722485303878784,0.860824
uf_06,40.46875_-121.28125,40.46875,-121.28125,2.4999833580705477,0.35461539030075073,0.87463456
uf_06,40.46875_-121.34375,40.46875,-121.34375,2.4999938468572727,0.3552071154117584,0.95077056
uf_06,40.46875_-121.40625,40.46875,-121.40625,2.4999987238625616,0.3584023714065552,1.1099523
uf_06,40.46875_-121.46875,40.46875,-121.46875,2.4999975563980184,0.2819526493549347,0.6209389
uf_06,40.46875_-121.53125,40.46875,-121.53125,2.4992149461246225,0.2546153962612152,0.5261976
uf_06,40.46875_-121.59375,40.46875,-121.59375,2.499976249810566,0.45982247591018677,1.5604703
uf_06,40.46875_-121.65625,40.46875,-121.65625,2.4999841734044166,0.4990532398223877,2.1363382
uf_06,40.46875_-121.71875,40.46875,-121.71875,2.499819316061881,0.4411242604255676,1.9367594
uf_06,40.46875_-121.78125,40.46875,-121.78125,2.4990653066015516,0.3870414197444916,1.5963665
uf_06,40.46875_-121.84375,40.46875,-121.84375,2.4998125936247995,0.44804733991622925,2.0378227
uf_06,40.46875_-121.90625,40.46875,-121.90625,2.499506991861872,0.42402365803718567,1.657892
uf_06,40.46875_-121.96875,40.46875,-121.96875,2.4816311065380927,0.4284023642539978,1.1655874
uf_06,40.46875_-122.03125,40.46875,-122.03125,2.4846450692504924,0.382781058549881,1.1019155
uf_06,40.46875_-122.09375,40.46875,-122.09375,2.488970208127622,0.3542603552341461,0.95445544
uf_06,40.46875_-122.15625,40.46875,-122.15625,2.491489022807816,0.34378698468208313,0.9405783
uf_06,40.46875_-122.21875,40.46875,-122.21875,2.491264688316412,0.3453846275806427,1.1773053
uf_06,40.46875_-122.28125,40.46875,-122.28125,2.4942312161416726,0.27431952953338623,1.2405618
uf_06,40.46875_-122.34375,40.46875,-122.34375,2.49699593781311,0.3147929012775421,1.1738092
uf_06,40.46875_-122.40625,40.46875,-122.40625,2.4979664834009596,0.32556211948394775,1.15887
uf_06,40.46875_-122.46875,40.46875,-122.46875,2.497974302914327,0.3363313674926758,1.0979292
uf_06,40.46875_-122.53125,40.46875,-122.53125,2.49663410429818,0.34396448731422424,0.99357015
uf_06,40.46875_-122.59375,40.46875,-122.59375,2.496201403525042,0.3592899441719055,1.1595842
uf_06,40.46875_-122.65625,40.46875,-122.65625,2.493268378715306,0.3780473470687866,1.2301736
uf_06,40.46875_-122.71875,40.46875,-122.71875,2.4994661058580183,0.4411242604255676,1.9818971
uf_06,40.46875_-122.78125,40.46875,-122.78125,2.4963390534169676,0.44242602586746216,1.932545
uf_06,40.46875_-122.84375,40.46875,-122.84375,2.499161889646263,0.48443788290023804,2.1847222
uf_06,40.46875_-122.90625,40.46875,-122.90625,2.499946317694076,0.48674556612968445,2.3725216
uf_06,40.53125_-121.15625,40.53125,-121.15625,2.4999880895494058,0.3984023630619049,1.4142983
uf_06,40.53125_-121.21875,40.53125,-121.21875,2.499956241090877,0.37396448850631714,1.197092
uf_06,40.53125_-121.28125,40.53125,-121.28125,2.4999884982326965,0.29674556851387024,0.9456718
uf_06,40.53125_-121.34375,40.53125,-121.34375,2.499999693202809,0.2757396399974823,0.76355445
uf_06,40.53125_-121.40625,40.53125,-121.40625,2.499998006264711,0.2819526493549347,0.8470478
uf_06,40.53125_-121.46875,40.53125,-121.46875,2.4999981347747684,0.3378698229789734,1.1276582
uf_06,40.53125_-121.53125,40.53125,-121.53125,2.4999658016934667,0.3342011868953705,1.2017533
uf_06,40.53125_-121.59375,40.53125,-121.59375,2.4999961530875416,0.49449703097343445,2.1187177
uf_06,40.53125_-121.65625,40.53125,-121.65625,2.4999828388902214,0.4626627266407013,1.959233
uf_06,40.53125_-121.71875,40.53125,-121.71875,2.4998905158317304,0.42674556374549866,1.9070222
uf_06,40.53125_-121.78125,40.53125,-121.78125,2.499992360085043,0.4344378709793091,2.03753
uf_06,40.53125_-121.84375,40.53125,-121.84375,2.499994278792326,0.47999998927116394,2.5733917
uf_06,40.53125_-121.90625,40.53125,-121.90625,2.4993808548980887,0.4963313639163971,2.203811
uf_06,40.53125_-121.96875,40.53125,-121.96875,2.495099782776455,0.4266272187232971,1.4759755
uf_06,40.53125_-122.03125,40.53125,-122.03125,2.4956524445819195,0.40644970536231995,1.233224
uf_06,40.53125_-122.09375,40.53125,-122.09375,2.4926128926619167,0.40390533208847046,1.0895046
uf_06,40.53125_-122.15625,40.53125,-122.15625,2.491153942300703,0.3510059118270874,0.9295746
uf_06,40.53125_-122.21875,40.53125,-122.21875,2.4950906121346543,0.33236685395240784,1.0482814
uf_06,40.53125_-122.28125,40.53125,-122.28125,2.493535448798843,0.3143787086009979,0.9971374
uf_06,40.53125_-122.34375,40.53125,-122.34375,2.486848694516458,0.20094674825668335,1.1756196
uf_06,40.53125_-122.40625,40.53125,-122.40625,2.4970277226930975,0.25822484493255615,1.0608722
uf_06,40.53125_-122.46875,40.53125,-122.46875,2.4939171839959964,0.3333727717399597,1.192572
uf_06,40.53125_-122.53125,40.53125,-122.53125,2.482811890460198,0.33988165855407715,1.4104321
uf_06,40.53125_-122.59375,40.53125,-122.59375,2.497376368696834,0.35958579182624817,1.6120465
uf_06,40.53125_-122.65625,40.53125,-122.65625,2.4875688550364883,0.3628402352333069,1.4970247
uf_06,40.53125_-122.71875,40.53125,-122.71875,2.4989536970955335,0.4382248520851135,1.8370064
uf_06,40.53125_-122.78125,40.53125,-122.78125,2.4999620325006626,0.5167455673217773,2.2475579
uf_06,40.53125_-122.84375,40.53125,-122.84375,2.499959396897049,0.5828402638435364,2.7198322
uf_06,40.59375_-121.03125,40.59375,-121.03125,2.4999755756211304,0.39254438877105713,1.1455259
uf_06,40.59375_-121.09375,40.59375,-121.09375,2.4999885351880957,0.3728402256965637,1.173837
uf_06,40.59375_-121.15625,40.59375,-121.15625,2.4999935729893363,0.4125443696975708,1.7142707
uf_06,40.59375_-121.21875,40.59375,-121.21875,2.4999976006290794,0.42017751932144165,1.6972333
uf_06,40.59375_-121.28125,40.59375,-121.28125,2.4999939385191725,0.3801775276660919,1.5153913
uf_06,40.59375_-121.34375,40.59375,-121.34375,2.4999969123116257,0.3366864025592804,1.2520199
uf_06,40.59375_-121.40625,40.59375,-121.40625,2.499863596561359,0.3273964524269104,1.4945762
uf_06,40.59375_-121.46875,40.59375,-121.46875,2.499986126217127,0.40526628494262695,1.8245646
uf_06,40.59375_-121.53125,40.59375,-121.53125,2.4999974145730977,0.4497041404247284,1.9589092
uf_06,40.59375_-121.59375,40.59375,-121.59375,2.499997830975399,0.46272188425064087,2.0218413
uf_06,40.59375_-121.65625,40.59375,-121.65625,2.499986996497627,0.502662718296051,2.0849364
uf_06,40.59375_-121.71875,40.59375,-121.71875,2.499964831282239,0.5339053273200989,2.1150975
uf_06,40.59375_-121.78125,40.59375,-121.78125,2.499996302777326,0.5350295901298523,2.7776449
uf_06,40.59375_-121.84375,40.59375,-121.84375,2.499827318133618,0.49526625871658325,2.3736691
uf_06,40.59375_-121.90625,40.59375,-121.90625,2.4964289567309836,0.4294082820415497,1.6216018
uf_06,40.59375_-121.96875,40.59375,-121.96875,2.495074287474292,0.4215976297855377,1.3640052
uf_06,40.59375_-122.03125,40.59375,-122.03125,2.491671909473536,0.44479289650917053,1.3044051
uf_06,40.59375_-122.09375,40.59375,-122.09375,2.4961532308540995,0.45757395029067993,1.1463357
uf_06,40.59375_-122.15625,40.59375,-122.15625,2.4927871331756717,0.41692307591438293,1.1129649
uf_06,40.59375_-122.21875,40.59375,-122.21875,2.493175657990011,0.3655029535293579,1.1621569
uf_06,40.59375_-122.28125,40.59375,-122.28125,2.494909334355543,0.3620710074901581,1.0763739
uf_06,40.59375_-122.34375,40.59375,-122.34375,2.4950965052277843,0.12420118600130081,0.94359326
uf_06,40.59375_-122.40625,40.59375,-122.40625,2.4976754121101954,0.11928994208574295,0.97593373
uf_06,40.59375_-122.46875,40.59375,-122.46875,2.4924022730164257,0.26017752289772034,1.2059276
uf_06,40.59375_-122.53125,40.59375,-122.53125,2.4929959065243077,0.3062721788883209,1.6928557
uf_06,40.59375_-122.59375,40.59375,-122.59375,2.4998672599001774,0.36680471897125244,2.169838
uf_06,40.59375_-122.65625,40.59375,-122.65625,2.499029946429601,0.3682248592376709,1.68232
uf_06,40.59375_-122.71875,40.59375,-122.71875,2.499539262753454,0.4103550314903259,1.8765676
uf_06,40.65625_-121.03125,40.65625,-121.03125,2.4999717002668778,0.3835502862930298,1.0327111
uf_06,40.65625_-121.09375,40.65625,-121.09375,2.499101338902815,0.3537278175354004,0.9820124
uf_06,40.65625_-121.15625,40.65625,-121.15625,2.499819496015604,0.3307100534439087,1.0292385
uf_06,40.65625_-121.21875,40.65625,-121.21875,2.4998318159974993,0.3462130129337311,1.1560314
uf_06,40.65625_-121.28125,40.65625,-121.28125,2.4999718473372683,0.34242603182792664,1.0772388
uf_06,40.65625_-121.34375,40.65625,-121.34375,2.4998534960045316,0.37431952357292175,1.3909935
uf_06,40.65625_-121.40625,40.65625,-121.40625,2.499328865834162,0.3276331424713135,1.3148407
uf_06,40.65625_-121.46875,40.65625,-121.46875,2.4999998320817083,0.4003550410270691,1.443978
uf_06,40.65625_-121.53125,40.65625,-121.53125,2.499991970481548,0.4148520827293396,1.483125
uf_06,40.65625_-121.59375,40.65625,-121.59375,2.4999919053888373,0.4514792859554291,1.648657
uf_06,40.65625_-121.65625,40.65625,-121.65625,2.4999932752848038,0.526627242565155,2.0313487
uf_06,40.65625_-121.71875,40.65625,-121.71875,2.4999818071258764,0.5139644742012024,2.3370464
uf_06,40.65625_-121.78125,40.65625,-121.78125,2.4999801114905162,0.5327810645103455,2.4835386
uf_06,40.65625_-121.84375,40.65625,-121.84375,2.499752105475473,0.4940236806869507,2.190116
uf_06,40.65625_-121.90625,40.65625,-121.90625,2.497760353237842,0.46159762144088745,1.52152
uf_06,40.65625_-121.96875,40.65625,-121.96875,2.483277429130766,0.4557396471500397,1.2632631
uf_06,40.65625_-122.03125,40.65625,-122.03125,2.484491112548821,0.43355029821395874,1.2531953
uf_06,40.65625_-122.09375,40.65625,-122.09375,2.4914393236429015,0.438106507062912,1.101544
uf_06,40.65625_-122.15625,40.65625,-122.15625,2.485702727648964,0.4262721836566925,1.0070058
uf_06,40.65625_-122.21875,40.65625,-122.21875,2.4932277241956418,0.39307692646980286,1.07637
uf_06,40.65625_-122.28125,40.65625,-122.28125,2.4946855910310597,0.34047338366508484,1.141133
uf_06,40.65625_-122.34375,40.65625,-122.34375,2.494772610397858,0.2469230741262436,1.124734
uf_06,40.65625_-122.40625,40.65625,-122.40625,2.491224163312238,0.3374556303024292,1.4046912
uf_06,40.65625_-122.46875,40.65625,-122.46875,2.4900543191080464,0.3637278079986572,1.2472699
uf_06,40.65625_-122.53125,40.65625,-122.53125,2.484882123424124,0.30100592970848083,1.4099731
uf_06,40.65625_-122.59375,40.65625,-122.59375,2.489539885821717,0.33698225021362305,1.7040442
uf_06,40.65625_-122.65625,40.65625,-122.65625,2.498036900059306,0.3802366852760315,1.7531462
uf_06,40.65625_-122.71875,40.65625,-122.71875,2.499448964355874,0.4175739586353302,2.145752
uf_06,40.65625_-122.78125,40.65625,-122.78125,2.499958471974246,0.5176923274993896,2.2421634
uf_06,40.71875_-120.96875,40.71875,-120.96875,2.4999701851150093,0.3788165748119354,1.2693558
uf_06,40.71875_-121.03125,40.71875,-121.03125,2.4998698947236746,0.3825443685054779,1.2657167
uf_06,40.71875_-121.09375,40.71875,-121.09375,2.499989385677089,0.397396445274353,1.4394051
uf_06,40.71875_-121.15625,40.71875,-121.15625,2.4990909253625047,0.3995266258716583,1.2437575
uf_06,40.71875_-121.21875,40.71875,-121.21875,2.4998030729784233,0.3168047368526459,0.98367107
uf_06,40.71875_-121.28125,40.71875,-121.28125,2.499009351051243,0.3502366840839386,1.0088682
uf_06,40.71875_-121.34375,40.71875,-121.34375,2.4990569131991025,0.36384615302085876,1.1561669
uf_06,40.71875_-121.40625,40.71875,-121.40625,2.499288149794741,0.3664497137069702,1.0492808
uf_06,40.71875_-121.46875,40.71875,-121.46875,2.4999960916204476,0.42621302604675293,1.5024258
uf_06,40.71875_-121.53125,40.71875,-121.53125,2.4999906866468518,0.41224852204322815,1.4639162
uf_06,40.71875_-121.59375,40.71875,-121.59375,2.499987910712388,0.40295857191085815,1.255612
uf_06,40.71875_-121.65625,40.71875,-121.65625,2.4999998527029,0.5381065011024475,2.2358406
uf_06,40.71875_-121.71875,40.71875,-121.71875,2.4999999651276994,0.46792900562286377,1.8930831
uf_06,40.71875_-121.78125,40.71875,-121.78125,2.4999929382534263,0.5023077130317688,1.785408
uf_06,40.71875_-121.84375,40.71875,-121.84375,2.4999780816726296,0.5121893286705017,2.2578115
uf_06,40.71875_-121.90625,40.71875,-121.90625,2.4997737225187517,0.5040236711502075,2.3522215
uf_06,40.71875_-121.96875,40.71875,-121.96875,2.4997269361276855,0.4876331388950348,2.0194273
uf_06,40.71875_-122.03125,40.71875,-122.03125,2.49425650480278,0.44189348816871643,1.674104
uf_06,40.71875_-122.09375,40.71875,-122.09375,2.488935515765501,0.45485207438468933,1.7311683
uf_06,40.71875_-122.15625,40.71875,-122.15625,2.4711969670875975,0.37994083762168884,1.3598913
uf_06,40.71875_-122.21875,40.71875,-122.21875,2.486718086133974,0.31065088510513306,1.1600171
uf_06,40.71875_-122.28125,40.71875,-122.28125,2.4720271212852687,0.31609466671943665,1.6017718
uf_06,40.71875_-122.34375,40.71875,-122.34375,2.4874136830855367,0.3856213092803955,1.7181463
uf_06,40.71875_-122.40625,40.71875,-122.40625,2.4793273092304258,0.3254437744617462,1.5941372
uf_06,40.71875_-122.46875,40.71875,-122.46875,2.4977764957384325,0.3914792835712433,1.4379524
uf_06,40.71875_-122.53125,40.71875,-122.53125,2.49248342969507,0.3767455518245697,1.6661022
uf_06,40.71875_-122.59375,40.71875,-122.59375,2.4941085704819255,0.3740236759185791,1.6502272
uf_06,40.71875_-122.65625,40.71875,-122.65625,2.49677234415159,0.37550294399261475,1.4981363
uf_06,40.71875_-122.71875,40.71875,-122.71875,2.498157712239232,0.42923077940940857,2.1870873
uf_06,40.71875_-122.78125,40.71875,-122.78125,2.4987543817542766,0.4595857858657837,1.899304
uf_06,40.78125_-120.90625,40.78125,-120.90625,2.4999837310362096,0.3784615397453308,1.207558
uf_06,40.78125_-120.96875,40.78125,-120.96875,2.499474936355512,0.3678106367588043,1.2000744
uf_06,40.78125_-121.03125,40.78125,-121.03125,2.499931162649843,0.36023667454719543,1.1205401
uf_06,40.78125_-121.09375,40.78125,-121.09375,2.4998388697691194,0.39313608407974243,1.3350272
uf_06,40.78125_-121.15625,40.78125,-121.15625,2.4998958792682773,0.3904733657836914,1.3539305
uf_06,40.78125_-121.21875,40.78125,-121.21875,2.499012820410642,0.40970414876937866,1.5236152
uf_06,40.78125_-121.28125,40.78125,-121.28125,2.4996111576960915,0.3765680491924286,1.1604621
uf_06,40.78125_-121.34375,40.78125,-121.34375,2.4994723612087055,0.3549112379550934,0.9317687
uf_06,40.78125_-121.40625,40.78125,-121.40625,2.498715046323806,0.3061538338661194,0.65968335
uf_06,40.78125_-121.46875,40.78125,-121.46875,2.4995114169371395,0.2800000011920929,0.7972886
uf_06,40.78125_-121.53125,40.78125,-121.53125,2.4998267979118785,0.3427218794822693,1.332593
uf_06,40.78125_-121.59375,40.78125,-121.59375,2.499999800357132,0.36331361532211304,1.3720129
uf_06,40.78125_-121.65625,40.78125,-121.65625,2.4999999504796295,0.4821893572807312,2.135169
uf_06,40.78125_-121.71875,40.78125,-121.71875,2.499999995389876,0.515562117099762,2.3705633
uf_06,40.78125_-121.78125,40.78125,-121.78125,2.4999999700053035,0.5751479268074036,2.3708332
uf_06,40.78125_-121.84375,40.78125,-121.84375,2.4999899351152433,0.5152071118354797,2.1920264
uf_06,40.78125_-121.90625,40.78125,-121.90625,2.4991626531652766,0.44840237498283386,1.8978167
uf_06,40.78125_-121.96875,40.78125,-121.96875,2.4984591432898267,0.44958579540252686,1.8980019
uf_06,40.78125_-122.03125,40.78125,-122.03125,2.499267264436214,0.5257396697998047,2.6827292
uf_06,40.78125_-122.09375,40.78125,-122.09375,2.4995024553465486,0.5224260091781616,2.5464988
uf_06,40.78125_-122.15625,40.78125,-122.15625,2.488307518602697,0.3883431851863861,2.0547018
uf_06,40.78125_-122.21875,40.78125,-122.21875,2.496739873040249,0.3279881775379181,1.817619
uf_06,40.78125_-122.28125,40.78125,-122.28125,2.4970423864569815,0.34396448731422424,1.813641
uf_06,40.78125_-122.34375,40.78125,-122.34375,2.4851144160299543,0.29420119524002075,1.7153546
uf_06,40.78125_-122.40625,40.78125,-122.40625,2.49490594316363,0.21213017404079437,1.348731
uf_06,40.78125_-122.46875,40.78125,-122.46875,2.499613761150091,0.4146745502948761,2.0808425
uf_06,40.78125_-122.53125,40.78125,-122.53125,2.499398877980205,0.42331361770629883,2.2681193
uf_06,40.78125_-122.59375,40.78125,-122.59375,2.497569510303313,0.41863906383514404,2.148946
uf_06,40.78125_-122.65625,40.78125,-122.65625,2.4980723990925635,0.34662720561027527,2.1693225
uf_06,40.78125_-122.71875,40.78125,-122.71875,2.499746456457647,0.4816568195819855,2.5256937
uf_06,40.84375_-120.84375,40.84375,-120.84375,2.499959944137523,0.3368639051914215,0.87257576
uf_06,40.84375_-120.90625,40.84375,-120.90625,2.49957304388775,0.36544379591941833,0.982036
uf_06,40.84375_-120.96875,40.84375,-120.96875,2.4998758729208266,0.3356804847717285,0.82394534
uf_06,40.84375_-121.03125,40.84375,-121.03125,2.499984309367859,0.3188757300376892,0.6415657
uf_06,40.84375_-121.09375,40.84375,-121.09375,2.499962392797757,0.3418934941291809,0.72135365
uf_06,40.84375_-121.15625,40.84375,-121.15625,2.499915496607383,0.38538461923599243,1.2278392
uf_06,40.84375_-121.21875,40.84375,-121.21875,2.4996692589355893,0.35887575149536133,1.0757858
uf_06,40.84375_-121.28125,40.84375,-121.28125,2.4998628992924807,0.32053253054618835,0.9871155
uf_06,40.84375_-121.34375,40.84375,-121.34375,2.4994649259012105,0.32153844833374023,0.9645543
uf_06,40.84375_-121.40625,40.84375,-121.40625,2.4994021142111706,0.30952662229537964,0.68655515
uf_06,40.84375_-121.46875,40.84375,-121.46875,2.499024947240797,0.38999998569488525,0.687079
uf_06,40.84375_-121.53125,40.84375,-121.53125,2.499308899194722,0.3784615397453308,0.9932582
uf_06,40.84375_-121.59375,40.84375,-121.59375,2.4999941022881265,0.4000000059604645,1.5631382
uf_06,40.84375_-121.65625,40.84375,-121.65625,2.499999485052623,0.46355029940605164,2.0659227
uf_06,40.84375_-121.71875,40.84375,-121.71875,2.4999999601680427,0.4936094582080841,2.1803472
uf_06,40.84375_-121.78125,40.84375,-121.78125,2.4999968096231107,0.44532543420791626,2.096655
uf_06,40.84375_-121.84375,40.84375,-121.84375,2.4999628768905398,0.46715977787971497,2.1103256
uf_06,40.84375_-121.90625,40.84375,-121.90625,2.4992923840913295,0.42810651659965515,1.8743039
uf_06,40.84375_-121.96875,40.84375,-121.96875,2.499505412675088,0.5020710229873657,2.4008226
uf_06,40.84375_-122.03125,40.84375,-122.03125,2.499960633241738,0.5766863822937012,3.127337
uf_06,40.84375_-122.09375,40.84375,-122.09375,2.4999874304979066,0.6105325222015381,3.170113
uf_06,40.84375_-122.15625,40.84375,-122.15625,2.4999963109318646,0.5988757610321045,3.214111
uf_06,40.84375_-122.21875,40.84375,-122.21875,2.499985491163508,0.5583431720733643,2.72615
uf_06,40.84375_-122.28125,40.84375,-122.28125,2.4999040370467496,0.480236679315567,2.4393423
uf_06,40.84375_-122.34375,40.84375,-122.34375,2.4976500417128245,0.43508875370025635,2.1017182
uf_06,40.84375_-122.40625,40.84375,-122.40625,2.493283680730305,0.32846152782440186,1.5671813
uf_06,40.84375_-122.46875,40.84375,-122.46875,2.499786609477605,0.4645562171936035,2.2319267
uf_06,40.84375_-122.53125,40.84375,-122.53125,2.4993306587198134,0.386982262134552,2.0049474
uf_06,40.84375_-122.59375,40.84375,-122.59375,2.4981528613464947,0.3811834454536438,2.3036861
uf_06,40.84375_-122.65625,40.84375,-122.65625,2.499300370629391,0.4375147819519043,2.534181
uf_06,40.90625_-120.78125,40.90625,-120.78125,2.4999990731621953,0.3700000047683716,0.560331
uf_06,40.90625_-120.84375,40.90625,-120.84375,2.4999667876622,0.3039644956588745,0.4467781
uf_06,40.90625_-120.90625,40.90625,-120.90625,2.4999935581876906,0.28260356187820435,0.38256484
uf_06,40.90625_-120.96875,40.90625,-120.96875,2.4999961348265813,0.2718935012817383,0.37542787
uf_06,40.90625_-121.03125,40.90625,-121.03125,2.4999989787611865,0.27721893787384033,0.4900945
uf_06,40.90625_-121.09375,40.90625,-121.09375,2.4999953273341005,0.3382840156555176,0.6494645
uf_06,40.90625_-121.15625,40.90625,-121.15625,2.4999903958274325,0.32692307233810425,0.59286356
uf_06,40.90625_-121.21875,40.90625,-121.21875,2.499940847967789,0.3459171652793884,0.86589473
uf_06,40.90625_-121.28125,40.90625,-121.28125,2.4998984480725097,0.33816567063331604,0.6387712
uf_06,40.90625_-121.34375,40.90625,-121.34375,2.4992102407894388,0.34088757634162903,0.6801955
uf_06,40.90625_-121.40625,40.90625,-121.40625,2.4994489744248813,0.3284023702144623,0.5741639
uf_06,40.90625_-121.46875,40.90625,-121.46875,2.4996437539186647,0.3284023702144623,0.589437
uf_06,40.90625_-121.53125,40.90625,-121.53125,2.4985561773228215,0.3320710062980652,0.79023093
uf_06,40.90625_-121.59375,40.90625,-121.59375,2.4997646591628424,0.359112411737442,0.9870652
uf_06,40.90625_-121.65625,40.90625,-121.65625,2.4996998565104436,0.3434911370277405,1.1508694
uf_06,40.90625_-121.71875,40.90625,-121.71875,2.499946266524735,0.34976330399513245,1.6407601
uf_06,40.90625_-121.78125,40.90625,-121.78125,2.4999989551831128,0.4398224949836731,2.2730386
uf_06,40.90625_-121.84375,40.90625,-121.84375,2.499987119249994,0.455443799495697,1.9718812
uf_06,40.90625_-121.90625,40.90625,-121.90625,2.4999108382441784,0.48053255677223206,2.5268123
uf_06,40.90625_-121.96875,40.90625,-121.96875,2.4999845944985015,0.5649704337120056,3.002355
uf_06,40.90625_-122.03125,40.90625,-122.03125,2.4999969126690713,0.6329585909843445,3.3293765
uf_06,40.90625_-122.09375,40.90625,-122.09375,2.4999983722479326,0.6138461828231812,3.3934884
uf_06,40.90625_-122.15625,40.90625,-122.15625,2.4999995913383373,0.6071597337722778,3.5916278
uf_06,40.90625_-122.21875,40.90625,-122.21875,2.4998560085018893,0.48639053106307983,2.6386418
uf_06,40.90625_-122.28125,40.90625,-122.28125,2.4999185158275736,0.4359763264656067,2.7970583
uf_06,40.90625_-122.34375,40.90625,-122.34375,2.4998357315574937,0.3614201247692108,2.6232517
uf_06,40.90625_-122.40625,40.90625,-122.40625,2.499718113753038,0.4363313615322113,2.0649865
uf_06,40.90625_-122.46875,40.90625,-122.46875,2.499954083993164,0.5299999713897705,2.4262807
uf_06,40.90625_-122.53125,40.90625,-122.53125,2.499846946702117,0.4603550434112549,2.4255323
uf_06,40.90625_-122.59375,40.90625,-122.59375,2.4995740191683566,0.43988165259361267,2.3076706
uf_06,40.90625_-122.65625,40.90625,-122.65625,2.499423100201337,0.5014201402664185,2.2292855
uf_06,40.96875_-120.59375,40.96875,-120.59375,2.499999731203448,0.23396450281143188,0.38232496
uf_06,40.96875_-120.65625,40.96875,-120.65625,2.499993984486462,0.2757396399974823,0.40772435
uf_06,40.96875_-120.71875,40.96875,-120.71875,2.499997945217997,0.2955029606819153,0.5411822
uf_06,40.96875_-120.78125,40.96875,-120.78125,2.4997979447326983,0.3202366828918457,0.9469738
uf_06,40.96875_-120.84375,40.96875,-120.84375,2.4999398884830617,0.32881656289100647,0.7966703
uf_06,40.96875_-120.90625,40.96875,-120.90625,2.499979155861316,0.21958580613136292,0.31817016
uf_06,40.96875_-120.96875,40.96875,-120.96875,2.4999992196589433,0.2687574028968811,0.5089203
uf_06,40.96875_-121.03125,40.96875,-121.03125,2.4999956577329705,0.281715989112854,0.83800226
uf_06,40.96875_-121.09375,40.96875,-121.09375,2.499783620997294,0.32668638229370117,1.1586748
uf_06,40.96875_-121.15625,40.96875,-121.15625,2.499970372265392,0.2818934917449951,0.52435255
uf_06,40.96875_-121.21875,40.96875,-121.21875,2.4999066726397343,0.2950887680053711,0.4766498
uf_06,40.96875_-121.28125,40.96875,-121.28125,2.4998656464117293,0.3161538541316986,0.54195917
uf_06,40.96875_-121.34375,40.96875,-121.34375,2.4996301892237742,0.33656805753707886,0.5736882
uf_06,40.96875_-121.40625,40.96875,-121.40625,2.4992666449414784,0.33757397532463074,0.6083383
uf_06,40.96875_-121.46875,40.96875,-121.46875,2.4988155014118547,0.2892899513244629,0.6481146
uf_06,40.96875_-121.53125,40.96875,-121.53125,2.498166266272179,0.30792897939682007,0.70368713
uf_06,40.96875_-121.59375,40.96875,-121.59375,2.499734362586359,0.2774556279182434,0.8379558
uf_06,40.96875_-121.65625,40.96875,-121.65625,2.4997279216092996,0.3263905346393585,1.4131774
uf_06,40.96875_-121.71875,40.96875,-121.71875,2.498844276201533,0.3127219080924988,1.8525612
uf_06,40.96875_-121.78125,40.96875,-121.78125,2.499982795044164,0.39988166093826294,2.3891263
uf_06,40.96875_-121.84375,40.96875,-121.84375,2.499988625595133,0.43952661752700806,2.3220904
uf_06,40.96875_-121.90625,40.96875,-121.90625,2.4999296547939363,0.42254438996315,2.3732007
uf_06,40.96875_-121.96875,40.96875,-121.96875,2.4999320260408364,0.4760355055332184,2.7154956
uf_06,40.96875_-122.03125,40.96875,-122.03125,2.4999415092404798,0.49041420221328735,2.9462256
uf_06,40.96875_-122.09375,40.96875,-122.09375,2.4999876479135015,0.4965088665485382,3.0641062
uf_06,40.96875_-122.15625,40.96875,-122.15625,2.4999781549037428,0.5751479268074036,3.2963238
uf_06,40.96875_-122.21875,40.96875,-122.21875,2.4999901965430062,0.4666863977909088,2.7754784
uf_06,40.96875_-122.28125,40.96875,-122.28125,2.4998461961359597,0.36449703574180603,2.5054548
uf_06,40.96875_-122.34375,40.96875,-122.34375,2.4997893430718907,0.3478698134422302,2.6528952
uf_06,40.96875_-122.40625,40.96875,-122.40625,2.4990062286155696,0.32792899012565613,2.4620605
uf_06,40.96875_-122.46875,40.96875,-122.46875,2.49950989324545,0.2879289984703064,2.4629557
uf_06,40.96875_-122.53125,40.96875,-122.53125,2.4999466235479573,0.3752070963382721,2.420303
uf_06,40.96875_-122.59375,40.96875,-122.59375,2.4998612530255238,0.49289941787719727,2.4784677
uf_06,41.03125_-120.21875,41.03125,-120.21875,2.4999968380310538,0.27585798501968384,0.33149147
uf_06,41.03125_-120.28125,41.03125,-120.28125,2.499996614264238,0.28573963046073914,0.33252496
uf_06,41.03125_-120.34375,41.03125,-120.34375,2.4999971102417695,0.272426038980484,0.37015846
uf_06,41.03125_-120.40625,41.03125,-120.40625,2.499982929365956,0.2569822371006012,0.3431508
uf_06,41.03125_-120.59375,41.03125,-120.59375,2.499999586908444,0.25360947847366333,0.38273862
uf_06,41.03125_-120.65625,41.03125,-120.65625,2.4999944516294557,0.23680473864078522,0.44951952
uf_06,41.03125_-120.71875,41.03125,-120.71875,2.499998683323709,0.27289941906929016,0.63728976
uf_06,41.03125_-120.78125,41.03125,-120.78125,2.4998274177207667,0.29497042298316956,0.9263392
uf_06,41.03125_-120.84375,41.03125,-120.84375,2.4997080916069088,0.24757397174835205,0.75356203
uf_06,41.03125_-120.90625,41.03125,-120.90625,2.499983455865297,0.2975739538669586,0.78256565
uf_06,41.03125_-120.96875,41.03125,-120.96875,2.49939018270741,0.3061538338661194,0.86954504
uf_06,41.03125_-121.03125,41.03125,-121.03125,2.4998986178349147,0.3276331424713135,0.96966505
uf_06,41.03125_-121.09375,41.03125,-121.09375,2.499737799303868,0.3043195307254791,0.98719597
uf_06,41.03125_-121.15625,41.03125,-121.15625,2.4999787341084465,0.31840237975120544,0.6231231
uf_06,41.03125_-121.21875,41.03125,-121.21875,2.4998631849891204,0.31934911012649536,0.94624835
uf_06,41.03125_-121.28125,41.03125,-121.28125,2.4984163130437524,0.3179289996623993,0.79288286
uf_06,41.03125_-121.34375,41.03125,-121.34375,2.4984194349708924,0.33875739574432373,0.9552374
uf_06,41.03125_-121.40625,41.03125,-121.40625,2.498471456473788,0.33017751574516296,0.97218364
uf_06,41.03125_-121.46875,41.03125,-121.46875,2.498953978411804,0.343313604593277,0.91172624
uf_06,41.03125_-121.53125,41.03125,-121.53125,2.494721156291366,0.3134319484233856,0.8884048
uf_06,41.03125_-121.59375,41.03125,-121.59375,2.498734554960724,0.3422485291957855,1.0998187
uf_06,41.03125_-121.65625,41.03125,-121.65625,2.4992872283652203,0.32946744561195374,1.4800252
uf_06,41.03125_-121.71875,41.03125,-121.71875,2.499996221253137,0.4747928977012634,2.639578
uf_06,41.03125_-121.78125,41.03125,-121.78125,2.4999999581109718,0.5320709943771362,3.1697314
uf_06,41.03125_-121.84375,41.03125,-121.84375,2.4999998062596838,0.526627242565155,2.9186742
uf_06,41.03125_-121.90625,41.03125,-121.90625,2.49981197212585,0.480295866727829,2.5703254
uf_06,41.03125_-121.96875,41.03125,-121.96875,2.499966886288427,0.48538461327552795,2.7873912
uf_06,41.03125_-122.03125,41.03125,-122.03125,2.499908978373912,0.3724852204322815,2.491546
uf_06,41.03125_-122.09375,41.03125,-122.09375,2.4997625806169985,0.33000001311302185,2.1424966
uf_06,41.03125_-122.15625,41.03125,-122.15625,2.499961788027723,0.5462722182273865,2.9478264
uf_06,41.03125_-122.21875,41.03125,-122.21875,2.499991763171722,0.4614792764186859,2.7281148
uf_06,41.03125_-122.28125,41.03125,-122.28125,2.499948084467274,0.4457988142967224,2.5979178
uf_06,41.03125_-122.34375,41.03125,-122.34375,2.499791582320528,0.4409467577934265,2.9077332
uf_06,41.03125_-122.40625,41.03125,-122.40625,2.4991479561255145,0.32946744561195374,2.112263
uf_06,41.03125_-122.46875,41.03125,-122.46875,2.499590461729076,0.2597041428089142,1.7027065
uf_06,41.03125_-122.53125,41.03125,-122.53125,2.4990240394660277,0.25201183557510376,1.7604103
uf_06,41.09375_-120.15625,41.09375,-120.15625,2.4998030774229028,0.34029585123062134,0.4918768
uf_06,41.09375_-120.21875,41.09375,-120.21875,2.499388125095253,0.35976332426071167,0.46803695
uf_06,41.09375_-120.28125,41.09375,-120.28125,2.499945656892765,0.3095858097076416,0.4614834
uf_06,41.09375_-120.34375,41.09375,-120.34375,2.499990874254552,0.280177503824234,0.41786277
uf_06,41.09375_-120.40625,41.09375,-120.40625,2.499999881685976,0.1998816579580307,0.2944353
uf_06,41.09375_-120.46875,41.09375,-120.46875,2.49999850107387,0.25207099318504333,0.40008402
uf_06,41.09375_-120.53125,41.09375,-120.53125,2.4999955698472727,0.26171597838401794,0.4102157
uf_06,41.09375_-120.59375,41.09375,-120.59375,2.4999839926242577,0.26751479506492615,0.42835373
uf_06,41.09375_-120.65625,41.09375,-120.65625,2.4999889751927133,0.31603550910949707,0.44581822
uf_06,41.09375_-120.71875,41.09375,-120.71875,2.499972612039369,0.3117159903049469,0.46547303
uf_06,41.09375_-120.78125,41.09375,-120.78125,2.4999846818635945,0.28644970059394836,0.77193815
uf_06,41.09375_-120.84375,41.09375,-120.84375,2.499850224051185,0.29343196749687195,0.6693083
uf_06,41.09375_-120.90625,41.09375,-120.90625,2.499962357916207,0.3113609552383423,0.70043826
uf_06,41.09375_-120.96875,41.09375,-120.96875,2.499845484360283,0.3351479172706604,0.81402445
uf_06,41.09375_-121.03125,41.09375,-121.03125,2.4998727164372427,0.31875738501548767,0.48114628
uf_06,41.09375_-121.09375,41.09375,-121.09375,2.4997221838844537,0.2937869727611542,0.75628895
uf_06,41.09375_-121.15625,41.09375,-121.15625,2.4999960907323793,0.41266271471977234,0.6492113
uf_06,41.09375_-121.21875,41.09375,-121.21875,2.4999861208196847,0.34532544016838074,1.1757816
uf_06,41.09375_-121.28125,41.09375,-121.28125,2.4992990010804763,0.3405325412750244,0.79583406
uf_06,41.09375_-121.34375,41.09375,-121.34375,2.4981512524455347,0.35650888085365295,0.9167551
uf_06,41.09375_-121.40625,41.09375,-121.40625,2.499786931743541,0.4229585826396942,0.88736176
uf_06,41.09375_-121.46875,41.09375,-121.46875,2.4994121503884945,0.33331361413002014,1.0640252
uf_06,41.09375_-121.53125,41.09375,-121.53125,2.4988321880166464,0.40124261379241943,1.2370449
uf_06,41.09375_-121.59375,41.09375,-121.59375,2.499926423194818,0.448579877614975,2.0538137
uf_06,41.09375_-121.65625,41.09375,-121.65625,2.4999988375163573,0.4073372781276703,2.531743
uf_06,41.09375_-121.71875,41.09375,-121.71875,2.499999769266696,0.4515976309776306,2.8725045
uf_06,41.09375_-121.78125,41.09375,-121.78125,2.499998782698814,0.44692307710647583,2.130965
uf_06,41.09375_-121.84375,41.09375,-121.84375,2.4999994395196037,0.49721893668174744,2.5131786
uf_06,41.09375_-121.90625,41.09375,-121.90625,2.499999314527713,0.612958550453186,3.3904889
uf_06,41.09375_-121.96875,41.09375,-121.96875,2.499999890386892,0.6068639159202576,3.44338
uf_06,41.09375_-122.03125,41.09375,-122.03125,2.499974943108308,0.49408283829689026,2.8428736
uf_06,41.09375_-122.09375,41.09375,-122.09375,2.4999122281687596,0.4769822359085083,2.6367023
uf_06,41.09375_-122.15625,41.09375,-122.15625,2.499995601950945,0.6534911394119263,3.3204594
uf_06,41.09375_-122.21875,41.09375,-122.21875,2.4999934322287807,0.5979290008544922,3.2183852
uf_06,41.09375_-122.28125,41.09375,-122.28125,2.4999929217258026,0.6023668646812439,3.1026952
uf_06,41.09375_-122.34375,41.09375,-122.34375,2.499980776106267,0.5323668718338013,2.7806537
uf_06,41.09375_-122.40625,41.09375,-122.40625,2.4999902551485436,0.518224835395813,2.0786862
uf_06,41.09375_-122.46875,41.09375,-122.46875,2.4990328222018503,0.4304733872413635,1.291792
uf_06,41.09375_-122.53125,41.09375,-122.53125,2.499386240085337,0.4108284115791321,1.3086616
uf_06,41.15625_-120.15625,41.15625,-120.15625,2.49992823368784,0.3502366840839386,0.6960269
uf_06,41.15625_-120.21875,41.15625,-120.21875,2.4987509898469873,0.36384615302085876,0.6569636
uf_06,41.15625_-120.28125,41.15625,-120.28125,2.4990812447241195,0.3264496922492981,0.756703
uf_06,41.15625_-120.34375,41.15625,-120.34375,2.4999904579244325,0.28278106451034546,0.51165307
uf_06,41.15625_-120.40625,41.15625,-120.40625,2.4999998777267245,0.23911242187023163,0.44854718
uf_06,41.15625_-120.46875,41.15625,-120.46875,2.4999697155250122,0.24017751216888428,0.4631803
uf_06,41.15625_-120.53125,41.15625,-120.53125,2.499997073232768,0.26905325055122375,0.5183261
uf_06,41.15625_-120.59375,41.15625,-120.59375,2.499628698587318,0.30798816680908203,0.5064236
uf_06,41.15625_-120.65625,41.15625,-120.65625,2.499991188198078,0.3484615385532379,0.7058948
uf_06,41.15625_-120.71875,41.15625,-120.71875,2.4995624948861606,0.36467456817626953,0.7679328
uf_06,41.15625_-120.78125,41.15625,-120.78125,2.499810933101608,0.373786985874176,1.1366242
uf_06,41.15625_-120.84375,41.15625,-120.84375,2.4997701521080375,0.3403550386428833,0.7824206
uf_06,41.15625_-120.90625,41.15625,-120.90625,2.499898145454551,0.3210059106349945,0.41331986
uf_06,41.15625_-120.96875,41.15625,-120.96875,2.499833107875096,0.3581656813621521,0.6501141
uf_06,41.15625_-121.03125,41.15625,-121.03125,2.4997081151282963,0.2983431816101074,0.66842854
uf_06,41.15625_-121.09375,41.15625,-121.09375,2.49965567252229,0.39834320545196533,0.7216068
uf_06,41.15625_-121.15625,41.15625,-121.15625,2.499995182720761,0.3949112296104431,0.6040062
uf_06,41.15625_-121.21875,41.15625,-121.21875,2.499979764649403,0.39230769872665405,1.3224772
uf_06,41.15625_-121.28125,41.15625,-121.28125,2.4999945828348826,0.4028402268886566,1.7630812
uf_06,41.15625_-121.34375,41.15625,-121.34375,2.4984732409408514,0.3582248389720917,1.0679446
uf_06,41.15625_-121.40625,41.15625,-121.40625,2.4999122835964602,0.2376331388950348,0.45696387
uf_06,41.15625_-121.46875,41.15625,-121.46875,2.498827707953231,0.26792898774147034,0.5806862
uf_06,41.15625_-121.53125,41.15625,-121.53125,2.499533910656031,0.32035502791404724,0.9067381
uf_06,41.15625_-121.59375,41.15625,-121.59375,2.4999986003761316,0.42905324697494507,2.3734307
uf_06,41.15625_-121.65625,41.15625,-121.65625,2.4999993760551424,0.43491125106811523,2.6861632
uf_06,41.15625_-121.71875,41.15625,-121.71875,2.4999997609990974,0.43603551387786865,2.2862468
uf_06,41.15625_-121.78125,41.15625,-121.78125,2.49999873494005,0.4317159652709961,2.0591426
uf_06,41.15625_-121.84375,41.15625,-121.84375,2.499999760274651,0.5210651159286499,2.5833232
uf_06,41.15625_-121.90625,41.15625,-121.90625,2.499998033119602,0.5355029702186584,2.6005402
uf_06,41.15625_-121.96875,41.15625,-121.96875,2.499997284030242,0.5113017559051514,2.4509296
uf_06,41.15625_-122.03125,41.15625,-122.03125,2.4999956991749723,0.5201775431632996,2.8682415
uf_06,41.15625_-122.09375,41.15625,-122.09375,2.4999977208306303,0.5121893286705017,2.8543007
uf_06,41.15625_-122.15625,41.15625,-122.15625,2.4999978086494554,0.61834317445755,3.3217106
uf_06,41.15625_-122.21875,41.15625,-122.21875,2.499999002591587,0.6346745491027832,3.2609553
uf_06,41.15625_-122.28125,41.15625,-122.28125,2.499997491286816,0.5994082689285278,3.0974607
uf_06,41.15625_-122.34375,41.15625,-122.34375,2.4999846093604257,0.502366840839386,2.2993917
uf_06,41.15625_-122.40625,41.15625,-122.40625,2.4999931777471254,0.5326627492904663,2.187921
uf_06,41.15625_-122.46875,41.15625,-122.46875,2.499853107891416,0.4552662670612335,1.4162631
uf_06,41.21875_-120.15625,41.21875,-120.15625,2.4999603955413296,0.36792898178100586,0.60981077
uf_06,41.21875_-120.21875,41.21875,-120.21875,2.497466572887409,0.34313610196113586,0.6851585
uf_06,41.21875_-120.28125,41.21875,-120.28125,2.4993330996365763,0.3604733645915985,0.71795887
uf_06,41.21875_-120.34375,41.21875,-120.34375,2.499998413450356,0.3401775062084198,0.6355528
uf_06,41.21875_-120.40625,41.21875,-120.40625,2.499991365017208,0.2331952601671219,0.3234424
uf_06,41.21875_-120.46875,41.21875,-120.46875,2.499947427785589,0.32112425565719604,0.47829387
uf_06,41.21875_-120.53125,41.21875,-120.53125,2.4999864413527924,0.42502957582473755,0.8044779
uf_06,41.21875_-120.59375,41.21875,-120.59375,2.4999886292462445,0.29171597957611084,0.44327858
uf_06,41.21875_-120.65625,41.21875,-120.65625,2.4999915854254655,0.35088756680488586,0.9059168
uf_06,41.21875_-120.71875,41.21875,-120.71875,2.4999959582673155,0.3708875775337219,1.2922225
uf_06,41.21875_-120.78125,41.21875,-120.78125,2.4996520541463463,0.3856804668903351,1.2232841
uf_06,41.21875_-120.84375,41.21875,-120.84375,2.4997557451171355,0.3614201247692108,0.81741333
uf_06,41.21875_-120.90625,41.21875,-120.90625,2.499867511884811,0.39195266366004944,0.60832345
uf_06,41.21875_-120.96875,41.21875,-120.96875,2.4999576800934618,0.34958580136299133,0.63650507
uf_06,41.21875_-121.03125,41.21875,-121.03125,2.499929299967726,0.37899407744407654,0.5136788
uf_06,41.21875_-121.09375,41.21875,-121.09375,2.4996352648079307,0.3771597743034363,0.60471404
uf_06,41.21875_-121.15625,41.21875,-121.15625,2.4999031471665276,0.27852070331573486,0.6295059
uf_06,41.21875_-121.21875,41.21875,-121.21875,2.4999621402839036,0.30443787574768066,1.0756605
uf_06,41.21875_-121.28125,41.21875,-121.28125,2.499984486042729,0.3550295829772949,1.9413745
uf_06,41.21875_-121.34375,41.21875,-121.34375,2.499642635180177,0.33603549003601074,1.565263
uf_06,41.21875_-121.40625,41.21875,-121.40625,2.4987851477776655,0.36911243200302124,0.9038878
uf_06,41.21875_-121.46875,41.21875,-121.46875,2.4999167719249016,0.3237278163433075,1.1058152
uf_06,41.21875_-121.53125,41.21875,-121.53125,2.499962015297707,0.3085798919200897,0.60445166
uf_06,41.21875_-121.59375,41.21875,-121.59375,2.499999445846747,0.3452070951461792,1.3318911
uf_06,41.21875_-121.65625,41.21875,-121.65625,2.4999967487571135,0.410591721534729,2.046545
uf_06,41.21875_-121.71875,41.21875,-121.71875,2.4999923200044556,0.3837278187274933,1.9969524
uf_06,41.21875_-121.78125,41.21875,-121.78125,2.499999596037463,0.5268639326095581,2.605804
uf_06,41.21875_-121.84375,41.21875,-121.84375,2.4999999204260948,0.4681065082550049,2.358339
uf_06,41.21875_-121.90625,41.21875,-121.90625,2.499999954468781,0.47514793276786804,2.623739
uf_06,41.21875_-121.96875,41.21875,-121.96875,2.499999936612819,0.45928993821144104,2.709245
uf_06,41.21875_-122.03125,41.21875,-122.03125,2.4999996299088263,0.43739643692970276,2.6814866
uf_06,41.21875_-122.09375,41.21875,-122.09375,2.4999998233062075,0.4326627254486084,2.3259726
uf_06,41.21875_-122.15625,41.21875,-122.15625,2.4999988066747285,0.4783431887626648,2.6240308
uf_06,41.21875_-122.21875,41.21875,-122.21875,2.4999278183553773,0.4800591766834259,2.7116613
uf_06,41.21875_-122.28125,41.21875,-122.28125,2.4999855945894933,0.48360946774482727,2.6067975
uf_06,41.21875_-122.34375,41.21875,-122.34375,2.4999687898558416,0.49816566705703735,1.9580178
uf_06,41.21875_-122.40625,41.21875,-122.40625,2.4999028300333825,0.47958579659461975,1.6121315
uf_06,41.21875_-122.46875,41.21875,-122.46875,2.4997809525100267,0.42964497208595276,1.3716459
uf_06,41.21875_-122.53125,41.21875,-122.53125,2.4977971543254034,0.39970412850379944,1.1308091
uf_06,41.28125_-120.15625,41.28125,-120.15625,2.4999088179672797,0.30834320187568665,0.6787024
uf_06,41.28125_-120.21875,41.28125,-120.21875,2.4979923065386735,0.3438461422920227,0.66456676
uf_06,41.28125_-120.28125,41.28125,-120.28125,2.4998772574123924,0.4111834466457367,1.2421477
uf_06,41.28125_-120.34375,41.28125,-120.34375,2.4999993058616043,0.3454437851905823,0.6757671
uf_06,41.28125_-120.40625,41.28125,-120.40625,2.4999996392972434,0.3680473268032074,0.30204588
uf_06,41.28125_-120.46875,41.28125,-120.46875,2.4999962295625777,0.3440236747264862,0.31208146
uf_06,41.28125_-120.53125,41.28125,-120.53125,2.499978573358569,0.43278107047080994,1.0330907
uf_06,41.28125_-120.59375,41.28125,-120.59375,2.4999998124737983,0.31005915999412537,0.47231704
uf_06,41.28125_-120.65625,41.28125,-120.65625,2.4999988619338644,0.26094675064086914,0.34977484
uf_06,41.28125_-120.71875,41.28125,-120.71875,2.4999893811405576,0.31573963165283203,0.9380526
uf_06,41.28125_-120.78125,41.28125,-120.78125,2.499999765150203,0.36059170961380005,1.4738536
uf_06,41.28125_-120.84375,41.28125,-120.84375,2.4997459925078775,0.3742011785507202,1.0952239
uf_06,41.28125_-120.90625,41.28125,-120.90625,2.499928445156245,0.3533135950565338,0.9692686
uf_06,41.28125_-120.96875,41.28125,-120.96875,2.4999438817319275,0.2817751467227936,1.0528831
uf_06,41.28125_-121.03125,41.28125,-121.03125,2.499816976119701,0.27313610911369324,1.102858
uf_06,41.28125_-121.09375,41.28125,-121.09375,2.499597144479651,0.3244970440864563,0.60523206
uf_06,41.28125_-121.15625,41.28125,-121.15625,2.4999713533691557,0.3304733633995056,0.5581289
uf_06,41.28125_-121.21875,41.28125,-121.21875,2.4999846705352806,0.30289942026138306,0.88467616
uf_06,41.28125_-121.28125,41.28125,-121.28125,2.4998919945883897,0.3035503029823303,0.9992452
uf_06,41.28125_-121.34375,41.28125,-121.34375,2.49999837505934,0.3742011785507202,1.7821358
uf_06,41.28125_-121.40625,41.28125,-121.40625,2.499886593710616,0.3356804847717285,1.4519347
uf_06,41.28125_-121.46875,41.28125,-121.46875,2.4997869891438036,0.3728994131088257,1.5653908
uf_06,41.28125_-121.53125,41.28125,-121.53125,2.4999571214599916,0.348698228597641,1.2123029
uf_06,41.28125_-121.59375,41.28125,-121.59375,2.499999612841394,0.34686389565467834,1.0644879
uf_06,41.28125_-121.65625,41.28125,-121.65625,2.499998925165573,0.42343196272850037,2.4078677
uf_06,41.28125_-121.71875,41.28125,-121.71875,2.499997554839771,0.4286390542984009,2.2339404
uf_06,41.28125_-121.78125,41.28125,-121.78125,2.499991279148391,0.45674556493759155,2.3153803
uf_06,41.28125_-121.84375,41.28125,-121.84375,2.4999915665479606,0.414497047662735,2.1543715
uf_06,41.28125_-121.90625,41.28125,-121.90625,2.499998990731427,0.4804733693599701,2.451031
uf_06,41.28125_-121.96875,41.28125,-121.96875,2.4999989683268016,0.37177515029907227,1.4482188
uf_06,41.28125_-122.03125,41.28125,-122.03125,2.499999656265317,0.37100592255592346,1.6380792
uf_06,41.28125_-122.09375,41.28125,-122.09375,2.4999999478150046,0.44781064987182617,2.0340214
uf_06,41.28125_-122.15625,41.28125,-122.15625,2.4999992869063714,0.4197041392326355,2.2253525
uf_06,41.28125_-122.21875,41.28125,-122.21875,2.499997938910014,0.44071006774902344,2.025674
uf_06,41.28125_-122.28125,41.28125,-122.28125,2.499996612059392,0.3838461637496948,2.1407855
uf_06,41.28125_-122.34375,41.28125,-122.34375,2.4999987549314655,0.46100592613220215,2.27362
uf_06,41.28125_-122.40625,41.28125,-122.40625,2.4999909442943204,0.5097041130065918,2.0598931
uf_06,41.28125_-122.46875,41.28125,-122.46875,2.4995056682352477,0.3364497125148773,1.0123123
uf_06,41.28125_-122.53125,41.28125,-122.53125,2.497366291457599,0.37739646434783936,1.0933628
uf_06,41.34375_-120.21875,41.34375,-120.21875,2.4992826191045827,0.30621302127838135,0.5542455
uf_06,41.34375_-120.28125,41.34375,-120.28125,2.4998986199196533,0.42810651659965515,1.2849572
uf_06,41.34375_-120.34375,41.34375,-120.34375,2.499920960288483,0.356449693441391,0.77409804
uf_06,41.34375_-120.40625,41.34375,-120.40625,2.4999978266877823,0.30017751455307007,0.30853418
uf_06,41.34375_-120.46875,41.34375,-120.46875,2.4999993381494616,0.2752071022987366,0.28717595
uf_06,41.34375_-120.53125,41.34375,-120.53125,2.499983665037136,0.19650886952877045,0.7698511
uf_06,41.34375_-120.59375,41.34375,-120.59375,2.4999928899109354,0.22165679931640625,0.45766178
uf_06,41.34375_-120.65625,41.34375,-120.65625,2.4999765847856654,0.2521893382072449,0.3803986
uf_06,41.34375_-120.71875,41.34375,-120.71875,2.499971985543998,0.28165680170059204,0.64256334
uf_06,41.34375_-120.78125,41.34375,-120.78125,2.499999374262024,0.37899407744407654,1.2931751
uf_06,41.34375_-120.84375,41.34375,-120.84375,2.4999415187890355,0.3680473268032074,1.2427151
uf_06,41.34375_-120.90625,41.34375,-120.90625,2.4997988159375204,0.3305325508117676,0.89632297
uf_06,41.34375_-120.96875,41.34375,-120.96875,2.4999369060158534,0.325029581785202,1.0471945
uf_06,41.34375_-121.03125,41.34375,-121.03125,2.499917267248573,0.3403550386428833,0.95869136
uf_06,41.34375_-121.09375,41.34375,-121.09375,2.499852028015757,0.3082840144634247,0.6056292
uf_06,41.34375_-121.15625,41.34375,-121.15625,2.4999276502464376,0.32810652256011963,0.71441656
uf_06,41.34375_-121.21875,41.34375,-121.21875,2.4999586669886726,0.33544379472732544,1.2239139
uf_06,41.34375_-121.28125,41.34375,-121.28125,2.4999830669545644,0.27875739336013794,0.6940401
uf_06,41.34375_-121.34375,41.34375,-121.34375,2.49999933900823,0.3392307758331299,1.117864
uf_06,41.34375_-121.40625,41.34375,-121.40625,2.499986606142145,0.33739644289016724,1.183157
uf_06,41.34375_-121.46875,41.34375,-121.46875,2.499998255455594,0.31603550910949707,1.157974
uf_06,41.34375_-121.53125,41.34375,-121.53125,2.499852600946876,0.3786390423774719,1.3129013
uf_06,41.34375_-121.59375,41.34375,-121.59375,2.4999933640447716,0.3476923108100891,1.0084534
uf_06,41.34375_-121.65625,41.34375,-121.65625,2.4999995234268804,0.424970418214798,2.1488569
uf_06,41.34375_-121.71875,41.34375,-121.71875,2.4999991573390377,0.41414201259613037,1.8127016
uf_06,41.34375_-121.78125,41.34375,-121.78125,2.4999971875610782,0.4253254532814026,2.0280285
uf_06,41.34375_-121.84375,41.34375,-121.84375,2.4999937957515193,0.5110650658607483,2.2640805
uf_06,41.34375_-121.90625,41.34375,-121.90625,2.4999947785292065,0.49071004986763,2.372047
uf_06,41.34375_-121.96875,41.34375,-121.96875,2.4999976878211507,0.38183432817459106,1.7664591
uf_06,41.34375_-122.03125,41.34375,-122.03125,2.499999959397371,0.434201180934906,2.0449827
uf_06,41.34375_-122.09375,41.34375,-122.09375,2.499999782139903,0.45130178332328796,1.6667751
uf_06,41.34375_-122.15625,41.34375,-122.15625,2.499947775557348,0.3978698253631592,1.2333779
uf_06,41.34375_-122.21875,41.34375,-122.21875,2.49993095926299,0.34449705481529236,1.0422103
uf_06,41.34375_-122.28125,41.34375,-122.28125,2.4999980537676576,0.41402366757392883,2.1182134
uf_06,41.34375_-122.34375,41.34375,-122.34375,2.499981189804525,0.3147929012775421,1.5538762
uf_06,41.34375_-122.40625,41.34375,-122.40625,2.499951851989625,0.4372780919075012,1.8869302
uf_06,41.34375_-122.46875,41.34375,-122.46875,2.4996621504334717,0.2792307734489441,0.9060661
uf_06,41.40625_-120.21875,41.40625,-120.21875,2.4997950909230613,0.27733728289604187,0.5441634
uf_06,41.40625_-120.28125,41.40625,-120.28125,2.499848429408482,0.38958579301834106,1.042735
uf_06,41.40625_-120.34375,41.40625,-120.34375,2.4999465545007356,0.3653254508972168,0.77762544
uf_06,41.40625_-120.40625,41.40625,-120.40625,2.499998421123993,0.30988165736198425,0.31670934
uf_06,41.40625_-120.46875,41.40625,-120.46875,2.4999973044343764,0.31159764528274536,0.4243632
uf_06,41.40625_-120.53125,41.40625,-120.53125,2.499966113686129,0.28952664136886597,0.5823742
uf_06,41.40625_-120.59375,41.40625,-120.59375,2.4999914378348205,0.1668047308921814,0.46278757
uf_06,41.40625_-120.65625,41.40625,-120.65625,2.499856782936897,0.2097633183002472,0.2971153
uf_06,41.40625_-120.71875,41.40625,-120.71875,2.499991401209206,0.3248520791530609,0.46485066
uf_06,41.40625_-120.78125,41.40625,-120.78125,2.499992479224276,0.36467456817626953,0.6435119
uf_06,41.40625_-120.84375,41.40625,-120.84375,2.499949425957475,0.3554437756538391,0.86696285
uf_06,41.40625_-120.90625,41.40625,-120.90625,2.4999593376105436,0.3655029535293579,0.7370952
uf_06,41.40625_-120.96875,41.40625,-120.96875,2.4999965430425455,0.2474556267261505,0.610241
uf_06,41.40625_-121.03125,41.40625,-121.03125,2.4999862093446383,0.23207101225852966,0.77091336
uf_06,41.40625_-121.09375,41.40625,-121.09375,2.4999477046183856,0.280177503824234,0.92057276
uf_06,41.40625_-121.15625,41.40625,-121.15625,2.499731654753014,0.33680474758148193,1.0452591
uf_06,41.40625_-121.21875,41.40625,-121.21875,2.4999866029738547,0.31284022331237793,0.94890225
uf_06,41.40625_-121.28125,41.40625,-121.28125,2.4999808509680985,0.29869821667671204,0.803452
uf_06,41.40625_-121.34375,41.40625,-121.34375,2.4999877873863188,0.31029585003852844,0.8416338
uf_06,41.40625_-121.40625,41.40625,-121.40625,2.499983599999627,0.31372779607772827,0.9708075
uf_06,41.40625_-121.46875,41.40625,-121.46875,2.499993741068187,0.35846152901649475,1.2564564
uf_06,41.40625_-121.53125,41.40625,-121.53125,2.4999749744053177,0.3752070963382721,1.1948302
uf_06,41.40625_-121.59375,41.40625,-121.59375,2.4999894075507374,0.377692312002182,1.4070054
uf_06,41.40625_-121.65625,41.40625,-121.65625,2.4999948006610797,0.3559763431549072,1.442351
uf_06,41.40625_-121.71875,41.40625,-121.71875,2.499996907076686,0.4001775085926056,1.6493847
uf_06,41.40625_-121.78125,41.40625,-121.78125,2.499996340728436,0.3995858132839203,1.8889608
uf_06,41.40625_-121.84375,41.40625,-121.84375,2.499920733869698,0.41112425923347473,1.5148482
uf_06,41.40625_-121.90625,41.40625,-121.90625,2.499968714052859,0.39171597361564636,1.7877591
uf_06,41.40625_-121.96875,41.40625,-121.96875,2.499990961765819,0.4580473303794861,2.1309452
uf_06,41.40625_-122.03125,41.40625,-122.03125,2.4999905739761994,0.4363905191421509,1.6975337
uf_06,41.40625_-122.09375,41.40625,-122.09375,2.4999914833930696,0.4139053225517273,1.2238898
uf_06,41.40625_-122.15625,41.40625,-122.15625,2.4997318467491922,0.10071005672216415,0.29970014
uf_06,41.40625_-122.21875,41.40625,-122.21875,2.4988418349107366,0.03343195095658302,0.19409122
uf_06,41.40625_-122.28125,41.40625,-122.28125,2.4998985965449068,0.3413017690181732,1.4129539
uf_06,41.40625_-122.34375,41.40625,-122.34375,2.4999964567315534,0.3390532433986664,1.3202317
uf_06,41.40625_-122.40625,41.40625,-122.40625,2.499955853223155,0.36289942264556885,1.4307368
uf_06,41.46875_-120.21875,41.46875,-120.21875,2.4998901724678233,0.2523076832294464,0.61296934
uf_06,41.46875_-120.28125,41.46875,-120.28125,2.499844188862178,0.28804734349250793,0.8188899
uf_06,41.46875_-120.34375,41.46875,-120.34375,2.4997415986765565,0.2995857894420624,0.5869735
uf_06,41.46875_-120.40625,41.46875,-120.40625,2.499991875634067,0.3549112379550934,0.4368725
uf_06,41.46875_-120.46875,41.46875,-120.46875,2.499923770217474,0.3765680491924286,0.6541899
uf_06,41.46875_-120.53125,41.46875,-120.53125,2.499977603347621,0.3419526517391205,0.7137108
uf_06,41.46875_-120.59375,41.46875,-120.59375,2.499993221877258,0.24674555659294128,0.41013098
uf_06,41.46875_-120.65625,41.46875,-120.65625,2.49997578891999,0.2824852168560028,0.38739365
uf_06,41.46875_-120.71875,41.46875,-120.71875,2.4999876494889346,0.3214201331138611,0.5246536
uf_06,41.46875_-120.78125,41.46875,-120.78125,2.4999886481900937,0.34242603182792664,0.6108721
uf_06,41.46875_-120.84375,41.46875,-120.84375,2.499973172616637,0.3369230628013611,0.4934571
uf_06,41.46875_-120.90625,41.46875,-120.90625,2.4999950033222627,0.3078698217868805,0.46557388
uf_06,41.46875_-120.96875,41.46875,-120.96875,2.4999905588215885,0.2706508934497833,0.68481344
uf_06,41.46875_-121.03125,41.46875,-121.03125,2.4999622180987773,0.24502958357334137,0.73347145
uf_06,41.46875_-121.09375,41.46875,-121.09375,2.4999933919407655,0.30218935012817383,0.98248017
uf_06,41.46875_-121.15625,41.46875,-121.15625,2.499848776627857,0.3270414173603058,0.9206411
uf_06,41.46875_-121.21875,41.46875,-121.21875,2.4998878165858596,0.3154437839984894,0.7090881
uf_06,41.46875_-121.28125,41.46875,-121.28125,2.4997621228194307,0.3700000047683716,1.0430691
uf_06,41.46875_-121.34375,41.46875,-121.34375,2.4999100989587704,0.33307692408561707,0.80784625
uf_06,41.46875_-121.40625,41.46875,-121.40625,2.4999999205972654,0.36000001430511475,0.8008471
uf_06,41.46875_-121.46875,41.46875,-121.46875,2.49999563761926,0.38147929310798645,1.8944397
uf_06,41.46875_-121.53125,41.46875,-121.53125,2.499882324779728,0.18124260008335114,1.0621034
uf_06,41.46875_-121.59375,41.46875,-121.59375,2.4999791639080495,0.33159762620925903,1.2759509
uf_06,41.46875_-121.65625,41.46875,-121.65625,2.4999410384561678,0.29828402400016785,1.1175455
uf_06,41.46875_-121.71875,41.46875,-121.71875,2.4999847575152154,0.35846152901649475,1.4801626
uf_06,41.46875_-121.78125,41.46875,-121.78125,2.4999640199562547,0.40840235352516174,1.9529657
uf_06,41.46875_-121.84375,41.46875,-121.84375,2.4999368769269363,0.39153847098350525,1.6835814
uf_06,41.46875_-121.90625,41.46875,-121.90625,2.4998456321981473,0.3353254497051239,1.6563197
uf_06,41.46875_-121.96875,41.46875,-121.96875,2.4997381288724165,0.39266273379325867,1.3746107
uf_06,41.46875_-122.03125,41.46875,-122.03125,2.4998797600208054,0.39834320545196533,1.2602075
uf_06,41.46875_-122.09375,41.46875,-122.09375,2.4999821166294716,0.40355029702186584,1.3128881
uf_06,41.53125_-120.28125,41.53125,-120.28125,2.4999570719151003,0.3504733741283417,0.83732057
uf_06,41.53125_-120.34375,41.53125,-120.34375,2.49983961450505,0.3376923203468323,0.60940844
uf_06,41.53125_-120.40625,41.53125,-120.40625,2.4999340764960425,0.32378697395324707,0.4679352
uf_06,41.53125_-120.46875,41.53125,-120.46875,2.4999878907688613,0.3020710051059723,0.5023332
uf_06,41.53125_-120.53125,41.53125,-120.53125,2.4999859481226876,0.2718935012817383,0.5101088
uf_06,41.53125_-120.59375,41.53125,-120.59375,2.4999978219861396,0.28804734349250793,0.39887884
uf_06,41.53125_-120.65625,41.53125,-120.65625,2.499998085695334,0.23532544076442719,0.27043223
uf_06,41.53125_-120.71875,41.53125,-120.71875,2.4999972551071146,0.24147929251194,0.30805078
uf_06,41.53125_-120.78125,41.53125,-120.78125,2.4999925050084206,0.24946746230125427,0.3561387
uf_06,41.53125_-120.84375,41.53125,-120.84375,2.4999989304219556,0.22893491387367249,0.29609898
uf_06,41.53125_-120.90625,41.53125,-120.90625,2.4999969056507654,0.2790532410144806,0.41469577
uf_06,41.53125_-120.96875,41.53125,-120.96875,2.4999690284481355,0.26497042179107666,0.5760255
uf_06,41.53125_-121.03125,41.53125,-121.03125,2.499969189478593,0.2739644944667816,0.56476307
uf_06,41.53125_-121.09375,41.53125,-121.09375,2.499967728134255,0.2846745550632477,0.59348345
uf_06,41.53125_-121.15625,41.53125,-121.15625,2.499978700417793,0.28999999165534973,0.743394
uf_06,41.53125_-121.21875,41.53125,-121.21875,2.4999762030745725,0.38999998569488525,0.39729986
uf_06,41.53125_-121.28125,41.53125,-121.28125,2.499737377034158,0.30000001192092896,0.35014784
uf_06,41.53125_-121.34375,41.53125,-121.34375,2.4999582122190773,0.23999999463558197,0.5620336
uf_06,41.53125_-121.40625,41.53125,-121.40625,2.499999987555758,0.3799999952316284,2.1260839
uf_06,41.53125_-121.46875,41.53125,-121.46875,2.499999672675603,0.48213016986846924,2.353875
uf_06,41.53125_-121.53125,41.53125,-121.53125,2.4999538445489335,0.37609466910362244,1.5295564
uf_06,41.53125_-121.59375,41.53125,-121.59375,2.499989711506779,0.44165679812431335,1.5216788
uf_06,41.53125_-121.65625,41.53125,-121.65625,2.499975743481359,0.3786982297897339,1.2399781
uf_06,41.53125_-121.71875,41.53125,-121.71875,2.499988449911638,0.3711834251880646,1.5143465
uf_06,41.53125_-121.78125,41.53125,-121.78125,2.499982165850251,0.43485206365585327,1.7205534
uf_06,41.53125_-121.84375,41.53125,-121.84375,2.4999223404458384,0.34840238094329834,1.7883705
uf_06,41.53125_-121.90625,41.53125,-121.90625,2.4998953564518054,0.30289942026138306,2.021268
uf_06,41.59375_-120.28125,41.59375,-120.28125,2.4978891567512598,0.33887574076652527,0.74208784
uf_06,41.59375_-120.34375,41.59375,-120.34375,2.4999166242452233,0.36017751693725586,0.7421107
uf_06,41.59375_-120.40625,41.59375,-120.40625,2.4999603058373316,0.343609482049942,0.4763398
uf_06,41.59375_-120.46875,41.59375,-120.46875,2.4999994767465292,0.2761538326740265,0.32335162
uf_06,41.59375_-120.53125,41.59375,-120.53125,2.499997720300427,0.22964496910572052,0.25391656
uf_06,41.59375_-120.59375,41.59375,-120.59375,2.4999942558793644,0.25147929787635803,0.25878665
uf_06,41.59375_-120.65625,41.59375,-120.65625,2.499998313471343,0.18745562434196472,0.22945513
uf_06,41.59375_-120.71875,41.59375,-120.71875,2.4999996290790034,0.236863911151886,0.25537017
uf_06,41.59375_-120.78125,41.59375,-120.78125,2.4999757623351204,0.25319525599479675,0.2960091
uf_06,41.59375_-120.84375,41.59375,-120.84375,2.499998941474969,0.2161538451910019,0.2871569
uf_06,41.59375_-120.90625,41.59375,-120.90625,2.4999908597364566,0.41999998688697815,0.5284117
uf_06,41.59375_-120.96875,41.59375,-120.96875,2.4999459754136515,0.34236687421798706,1.0729499
uf_06,41.59375_-121.03125,41.59375,-121.03125,2.4999447004406647,0.3163313567638397,0.93448865
uf_06,41.59375_-121.28125,41.59375,-121.28125,2.499999942984913,0.25,0.33143932
uf_06,41.59375_-121.34375,41.59375,-121.34375,2.499999921671746,0.3499999940395355,0.5562577
uf_06,41.59375_-121.40625,41.59375,-121.40625,2.499999995164565,0.3499999940395355,1.5329064
uf_06,41.59375_-121.46875,41.59375,-121.46875,2.4999919333259544,0.4300000071525574,1.0106794
uf_06,41.59375_-121.53125,41.59375,-121.53125,2.4999397343043412,0.3076923191547394,0.8463864
uf_06,41.59375_-121.59375,41.59375,-121.59375,2.499758704512879,0.3494674563407898,1.013287
uf_06,41.59375_-121.65625,41.59375,-121.65625,2.499913576058266,0.31431952118873596,1.2640371
uf_06,41.59375_-121.71875,41.59375,-121.71875,2.499974145400142,0.2897041440010071,1.8683828
uf_06,41.65625_-120.28125,41.65625,-120.28125,2.499877010772763,0.3598816692829132,0.83866364
uf_06,41.65625_-120.34375,41.65625,-120.34375,2.49976625584281,0.36816567182540894,0.8532213
uf_06,41.65625_-120.40625,41.65625,-120.40625,2.4999476359272808,0.35751479864120483,0.5870151
uf_06,41.65625_-120.46875,41.65625,-120.46875,2.499999813316099,0.2507692277431488,0.3038564
uf_06,41.65625_-120.53125,41.65625,-120.53125,2.4999923323881266,0.20923076570034027,0.25073883
uf_06,41.65625_-120.59375,41.65625,-120.59375,2.499989798405947,0.20674556493759155,0.20578942
uf_06,41.65625_-120.65625,41.65625,-120.65625,2.499998962762895,0.21431952714920044,0.23414728
uf_06,41.65625_-120.71875,41.65625,-120.71875,2.4999937919367277,0.2547928988933563,0.2850482
uf_06,41.65625_-120.78125,41.65625,-120.78125,2.499993897226676,0.24597632884979248,0.29155815
uf_06,41.65625_-120.84375,41.65625,-120.84375,2.499995951024075,0.23769231140613556,0.26826882
uf_06,41.65625_-121.28125,41.65625,-121.28125,2.499997263057664,0.0,0.31147882
uf_06,41.71875_-120.28125,41.71875,-120.28125,2.499976743537828,0.4469822347164154,1.2958511
uf_06,41.71875_-120.34375,41.71875,-120.34375,2.499818087393972,0.3748520612716675,0.85183114
uf_06,41.71875_-120.40625,41.71875,-120.40625,2.4999220309623364,0.3857988119125366,0.57820565
uf_06,41.71875_-120.46875,41.71875,-120.46875,2.4999942492296885,0.29633137583732605,0.37106743
uf_06,41.71875_-120.53125,41.71875,-120.53125,2.499998264582759,0.30000001192092896,0.3349935
uf_06,41.71875_-120.59375,41.71875,-120.59375,2.4999782151635435,0.2350887507200241,0.27444625
uf_06,41.71875_-120.65625,41.71875,-120.65625,2.4999909006168988,0.20041419565677643,0.21970609
uf_06,41.71875_-120.71875,41.71875,-120.71875,2.499995655979954,0.25088757276535034,0.42809418
uf_06,41.71875_-120.78125,41.71875,-120.78125,2.499929385199276,0.23461538553237915,0.30869186
uf_06,41.78125_-120.53125,41.78125,-120.53125,2.499999210773958,0.5199999809265137,0.3268896
uf_06,41.78125_-120.59375,41.78125,-120.59375,2.4999693302174535,0.2411242574453354,0.27956566
uf_06,41.78125_-120.65625,41.78125,-120.65625,2.499976386131772,0.21621301770210266,0.23775719
uf_06,41.78125_-120.71875,41.78125,-120.71875,2.499976085194342,0.3400000035762787,0.25192794
uf_06,41.84375_-120.53125,41.84375,-120.53125,2.4999998738105655,0.3499999940395355,0.8317802
uf_06,41.84375_-120.59375,41.84375,-120.59375,2.499946029735481,0.15000000596046448,0.3570909
uf_07,39.65625_-121.59375,39.65625,-121.59375,2.49091793014819,0.374970406293869,1.1023724
uf_07,39.65625_-121.65625,39.65625,-121.65625,2.499976819629822,0.3700000047683716,1.1165018
uf_07,39.65625_-121.71875,39.65625,-121.71875,2.499945132829457,0.3499999940395355,0.6090752
uf_07,39.71875_-121.59375,39.71875,-121.59375,2.4794082242282953,0.2862130105495453,1.3437617
uf_07,39.71875_-121.65625,39.71875,-121.65625,2.499613367732114,0.36000001430511475,1.1034424
uf_07,39.71875_-121.71875,39.71875,-121.71875,2.498864897924842,0.0,0.56415635
uf_07,39.71875_-121.78125,39.71875,-121.78125,2.4909972114834114,0.3400000035762787,0.56415635
uf_07,39.78125_-121.59375,39.78125,-121.59375,2.4960178243366595,0.2571597695350647,1.8702519
uf_07,39.78125_-121.65625,39.78125,-121.65625,2.498975660135578,0.0,1.4610758
uf_07,39.78125_-121.71875,39.78125,-121.71875,2.4998203481781602,0.33000001311302185,1.3516271
uf_07,39.78125_-121.78125,39.78125,-121.78125,2.4973848051634606,0.27000001072883606,0.96545583
uf_07,39.78125_-121.84375,39.78125,-121.84375,2.497436262585012,0.0,0.6178092
uf_07,39.84375_-121.53125,39.84375,-121.53125,2.4989223377594865,0.41846153140068054,2.5083668
uf_07,39.84375_-121.59375,39.84375,-121.59375,2.4997872220645245,0.4295857846736908,2.690203
uf_07,39.84375_-121.65625,39.84375,-121.65625,2.497757424811287,0.6200000047683716,2.3576825
uf_07,39.84375_-121.71875,39.84375,-121.71875,2.498917252359891,0.25,1.9247674
uf_07,39.84375_-121.78125,39.84375,-121.78125,2.4994717690497548,0.550000011920929,1.1763933
uf_07,39.84375_-121.84375,39.84375,-121.84375,2.4989038444921157,0.0,0.9313971
uf_07,39.90625_-121.53125,39.90625,-121.53125,2.4999697279673736,0.5330177545547485,2.9481268
uf_07,39.90625_-121.59375,39.90625,-121.59375,2.4999958662820876,0.581952691078186,3.31151
uf_07,39.90625_-121.65625,39.90625,-121.65625,2.499906514515856,0.0,3.324609
uf_07,39.90625_-121.71875,39.90625,-121.71875,2.496891301066004,0.15000000596046448,1.7840832
uf_07,39.90625_-121.78125,39.90625,-121.78125,2.4922795862774736,0.44999998807907104,1.4157538
uf_07,39.90625_-121.84375,39.90625,-121.84375,2.499674025133605,0.15000000596046448,1.1620414
uf_07,39.90625_-121.90625,39.90625,-121.90625,2.4993824318083915,0.25999999046325684,0.9353034
uf_07,39.96875_-121.53125,39.96875,-121.53125,2.499931747678015,0.4719526767730713,2.6035116
uf_07,39.96875_-121.59375,39.96875,-121.59375,2.499999858548101,0.6399999856948853,3.8704565
uf_07,39.96875_-121.65625,39.96875,-121.65625,2.499996978576026,0.3499999940395355,3.1284904
uf_07,39.96875_-121.71875,39.96875,-121.71875,2.4999961537123276,0.44999998807907104,2.7405312
uf_07,39.96875_-121.78125,39.96875,-121.78125,2.4996440264900013,0.15000000596046448,1.2096959
uf_07,39.96875_-121.84375,39.96875,-121.84375,2.491550445114712,0.550000011920929,1.0834837
uf_07,39.96875_-121.90625,39.96875,-121.90625,2.499709787934031,0.550000011920929,0.8892109
uf_07,40.03125_-121.40625,40.03125,-121.40625,2.4998760273434604,0.3483431935310364,1.1016188
uf_07,40.03125_-121.46875,40.03125,-121.46875,2.4999472419161006,0.4444378614425659,1.8372369
uf_07,40.03125_-121.53125,40.03125,-121.53125,2.499882783114086,0.46390533447265625,2.2537515
uf_07,40.03125_-121.59375,40.03125,-121.59375,2.4999915544430933,0.28999999165534973,2.252519
uf_07,40.03125_-121.65625,40.03125,-121.65625,2.4999977103485174,0.3499999940395355,2.4346328
uf_07,40.03125_-121.71875,40.03125,-121.71875,2.499899845255804,0.0,1.838307
uf_07,40.03125_-121.78125,40.03125,-121.78125,2.4946205878087406,0.550000011920929,1.0917729
uf_07,40.03125_-121.84375,40.03125,-121.84375,2.4980965822590893,0.25,1.472344
uf_07,40.03125_-121.90625,40.03125,-121.90625,2.4978570656262833,0.550000011920929,0.95753807
uf_07,40.03125_-121.96875,40.03125,-121.96875,2.498094443324068,0.3199999928474426,0.7716739
uf_07,40.03125_-122.03125,40.03125,-122.03125,2.4989492016758783,0.3799999952316284,0.6381362
uf_07,40.09375_-121.34375,40.09375,-121.34375,2.499841134723205,0.3572189211845398,1.2616981
uf_07,40.09375_-121.40625,40.09375,-121.40625,2.499846564376612,0.39597633481025696,1.5862465
uf_07,40.09375_-121.46875,40.09375,-121.46875,2.499942214202859,0.4143195152282715,2.1272397
uf_07,40.09375_-121.53125,40.09375,-121.53125,2.4999813485561733,0.3700000047683716,2.2758613
uf_07,40.09375_-121.59375,40.09375,-121.59375,2.4999955657943556,0.550000011920929,2.5894017
uf_07,40.09375_-121.65625,40.09375,-121.65625,2.49999143538641,0.3499999940395355,2.0913405
uf_07,40.09375_-121.71875,40.09375,-121.71875,2.49676869091675,0.25,0.9307453
uf_07,40.09375_-121.78125,40.09375,-121.78125,2.4983446600008885,0.15000000596046448,0.8896491
uf_07,40.09375_-121.84375,40.09375,-121.84375,2.499556306239934,0.550000011920929,0.8671041
uf_07,40.09375_-121.90625,40.09375,-121.90625,2.4971902233112693,0.550000011920929,0.99839425
uf_07,40.09375_-121.96875,40.09375,-121.96875,2.497227080182214,0.25,0.9006264
uf_07,40.09375_-122.03125,40.09375,-122.03125,2.497324970782393,0.3799999952316284,0.8845277
uf_07,40.15625_-121.40625,40.15625,-121.40625,2.499852722314407,0.41207101941108704,1.696838
uf_07,40.15625_-121.46875,40.15625,-121.46875,2.4999882740213897,0.5083432197570801,1.7653161
uf_07,40.15625_-121.53125,40.15625,-121.53125,2.4999999611264236,0.6100000143051147,1.9575039
uf_07,40.15625_-121.59375,40.15625,-121.59375,2.4998995740629524,0.6499999761581421,1.6997585
uf_07,40.15625_-121.65625,40.15625,-121.65625,2.4999975949159934,0.25,2.113266
uf_07,40.15625_-121.71875,40.15625,-121.71875,2.4999945693115375,0.44999998807907104,1.316618
uf_07,40.15625_-121.78125,40.15625,-121.78125,2.492716860846338,0.25,1.0161331
uf_07,40.15625_-121.84375,40.15625,-121.84375,2.4928160232520624,0.550000011920929,0.8087165
uf_07,40.15625_-121.90625,40.15625,-121.90625,2.4915631846380046,0.550000011920929,0.7891237
uf_07,40.15625_-121.96875,40.15625,-121.96875,2.490481228514978,0.550000011920929,0.8852762
uf_07,40.15625_-122.03125,40.15625,-122.03125,2.4992017183077353,0.23000000417232513,0.86065423
uf_07,40.15625_-122.09375,40.15625,-122.09375,2.4965328706664796,0.2199999988079071,0.89440966
uf_07,40.21875_-121.34375,40.21875,-121.34375,2.499967762861292,0.3759763240814209,1.9994721
uf_07,40.21875_-121.40625,40.21875,-121.40625,2.499990337885502,0.43680474162101746,1.9009789
uf_07,40.21875_-121.46875,40.21875,-121.46875,2.4999774569380713,0.4856804609298706,1.8002034
uf_07,40.21875_-121.53125,40.21875,-121.53125,2.4998874321784226,0.47999998927116394,1.4808738
uf_07,40.21875_-121.59375,40.21875,-121.59375,2.499999821679326,0.550000011920929,2.0997972
uf_07,40.21875_-121.65625,40.21875,-121.65625,2.493363954381894,0.15000000596046448,1.6602377
uf_07,40.21875_-121.71875,40.21875,-121.71875,2.4999349425347375,0.25,2.2619135
uf_07,40.21875_-121.78125,40.21875,-121.78125,2.483612822235629,0.550000011920929,1.0212817
uf_07,40.21875_-121.84375,40.21875,-121.84375,2.495932744953219,0.550000011920929,0.9167545
uf_07,40.21875_-121.90625,40.21875,-121.90625,2.495095668085197,0.550000011920929,0.8850909
uf_07,40.21875_-121.96875,40.21875,-121.96875,2.497667310892436,0.550000011920929,0.7841203
uf_07,40.21875_-122.03125,40.21875,-122.03125,2.4958488645370567,0.3100000023841858,0.80317956
uf_07,40.21875_-122.09375,40.21875,-122.09375,2.499541433417407,0.3100000023841858,0.7201128
uf_07,40.21875_-122.15625,40.21875,-122.15625,2.4962315767926855,0.38999998569488525,0.68671024
uf_07,40.28125_-121.34375,40.28125,-121.34375,2.4978882484423313,0.3708875775337219,1.7792902
uf_07,40.28125_-121.40625,40.28125,-121.40625,2.49994845253458,0.44999998807907104,1.6853044
uf_07,40.28125_-121.46875,40.28125,-121.46875,2.4995035944800503,0.33000001311302185,1.6372538
uf_07,40.28125_-121.53125,40.28125,-121.53125,2.499949204032362,0.25,1.1991024
uf_07,40.28125_-121.59375,40.28125,-121.59375,2.4999986593312604,0.44189348816871643,2.3171256
uf_07,40.28125_-121.65625,40.28125,-121.65625,2.49999974122405,0.6499999761581421,2.3470218
uf_07,40.28125_-121.71875,40.28125,-121.71875,2.4999939708587173,0.550000011920929,2.431333
uf_07,40.28125_-121.78125,40.28125,-121.78125,2.498997991570037,0.15000000596046448,1.3938118
uf_07,40.28125_-121.84375,40.28125,-121.84375,2.4930730147030795,0.550000011920929,1.0222374
uf_07,40.28125_-121.90625,40.28125,-121.90625,2.4993148409315866,0.25,0.81587404
uf_07,40.28125_-121.96875,40.28125,-121.96875,2.499138117938128,0.15000000596046448,0.83640593
uf_07,40.28125_-122.03125,40.28125,-122.03125,2.4973705397026604,0.4399999976158142,0.85622305
uf_07,40.28125_-122.09375,40.28125,-122.09375,2.497653580784636,0.31917160749435425,0.845821
uf_07,40.34375_-121.34375,40.34375,-121.34375,2.4999771204175856,0.39325442910194397,1.4649745
uf_07,40.34375_-121.40625,40.34375,-121.40625,2.499736818884138,0.37899407744407654,1.3620818
uf_07,40.34375_-121.46875,40.34375,-121.46875,2.494742537702078,0.3870414197444916,1.5604098
uf_07,40.34375_-121.53125,40.34375,-121.53125,2.499810614308574,0.4220118224620819,2.135786
uf_07,40.34375_-121.59375,40.34375,-121.59375,2.4999850764059532,0.4864497184753418,2.0766041
uf_07,40.34375_-121.65625,40.34375,-121.65625,2.4999765123162017,0.4963313639163971,2.0420055
uf_07,40.34375_-121.71875,40.34375,-121.71875,2.4999363987363923,0.48633137345314026,2.104982
uf_07,40.40625_-121.46875,40.40625,-121.46875,2.499914006911739,0.34899407625198364,1.072738
uf_07,40.40625_-121.53125,40.40625,-121.53125,2.4999202527567013,0.38769230246543884,1.250224
uf_07,40.46875_-121.46875,40.46875,-121.46875,2.4999975563980184,0.2819526493549347,0.6209389
uf_07,40.46875_-121.53125,40.46875,-121.53125,2.4992149461246225,0.2546153962612152,0.5261976
uf_10,38.96875_-120.96875,38.96875,-120.96875,2.496061730772296,0.42893490195274353,1.930048
uf_10,38.96875_-121.03125,38.96875,-121.03125,2.4877905943623837,0.33680474758148193,1.6620651
uf_10,38.96875_-121.09375,38.96875,-121.09375,2.4984180865112027,0.0,1.0928868
uf_10,38.96875_-121.15625,38.96875,-121.15625,2.4998108513310866,0.41999998688697815,1.4425153
uf_10,38.96875_-121.21875,38.96875,-121.21875,2.499961663196685,0.33000001311302185,1.3517847
uf_10,39.03125_-120.96875,39.03125,-120.96875,2.498119342291786,0.3685798943042755,1.9674759
uf_10,39.03125_-121.03125,39.03125,-121.03125,2.492083592145664,0.44999998807907104,1.5544652
uf_10,39.03125_-121.09375,39.03125,-121.09375,2.4981202705564183,0.5099999904632568,1.460608
uf_10,39.03125_-121.15625,39.03125,-121.15625,2.4999142124684957,0.4699999988079071,1.4639131
uf_10,39.03125_-121.21875,39.03125,-121.21875,2.499753476098964,0.550000011920929,0.95340276
uf_10,39.03125_-121.28125,39.03125,-121.28125,2.497406079963559,0.0,0.9526996
uf_10,39.03125_-121.34375,39.03125,-121.34375,2.4975046256863225,0.4000000059604645,0.9630936
uf_10,39.09375_-120.90625,39.09375,-120.90625,2.49913965581672,0.5113609433174133,2.5629215
uf_10,39.09375_-120.96875,39.09375,-120.96875,2.4894209168054986,0.35609468817710876,1.9527758
uf_10,39.09375_-121.03125,39.09375,-121.03125,2.499854806139454,0.46000000834465027,1.5605469
uf_10,39.09375_-121.09375,39.09375,-121.09375,2.477294731763906,0.3199999928474426,1.5814593
uf_10,39.09375_-121.15625,39.09375,-121.15625,2.4983405883148815,0.550000011920929,1.4486654
uf_10,39.09375_-121.21875,39.09375,-121.21875,2.4991918001956743,0.47999998927116394,1.4483466
uf_10,39.09375_-121.28125,39.09375,-121.28125,2.498839482550234,0.0,1.172428
uf_10,39.09375_-121.34375,39.09375,-121.34375,2.497780900560086,0.38999998569488525,0.71321654
uf_10,39.15625_-120.84375,39.15625,-120.84375,2.4997642566780023,0.5078698396682739,2.6871707
uf_10,39.15625_-120.90625,39.15625,-120.90625,2.4995935543393957,0.4976923167705536,2.672828
uf_10,39.15625_-120.96875,39.15625,-120.96875,2.4968715189336463,0.36000001430511475,1.5708908
uf_10,39.15625_-121.03125,39.15625,-121.03125,2.499806425126066,0.7099999785423279,1.6689879
uf_10,39.15625_-121.09375,39.15625,-121.09375,2.4998378820053295,0.4300000071525574,1.1793478
uf_10,39.21875_-120.71875,39.21875,-120.71875,2.4999574247143626,0.565858006477356,2.9457023
uf_10,39.21875_-120.78125,39.21875,-120.78125,2.499917764833495,0.5086390376091003,2.7038293
uf_10,39.21875_-120.84375,39.21875,-120.84375,2.4992303693475812,0.4850887656211853,2.4659114
uf_10,39.21875_-120.90625,39.21875,-120.90625,2.49969308210008,0.5099999904632568,2.0301917
uf_10,39.21875_-120.96875,39.21875,-120.96875,2.4999903253004314,0.6299999952316284,2.6747043
uf_10,39.21875_-121.03125,39.21875,-121.03125,2.49633949298014,0.0,1.7776252
uf_10,39.21875_-121.09375,39.21875,-121.09375,2.4990650383187925,0.47999998927116394,1.7776252
uf_10,39.28125_-120.65625,39.28125,-120.65625,2.49931361775953,0.47846153378486633,1.9905075
uf_10,39.28125_-120.71875,39.28125,-120.71875,2.4999384498646617,0.48284024000167847,2.2829456
uf_10,39.28125_-120.78125,39.28125,-120.78125,2.4999978355547112,0.587041437625885,2.9247146
uf_10,39.28125_-120.84375,39.28125,-120.84375,2.4999563326926526,0.6000000238418579,2.545604
uf_10,39.28125_-120.90625,39.28125,-120.90625,2.4999860369378637,0.4932544231414795,2.976146
uf_10,39.28125_-120.96875,39.28125,-120.96875,2.49997861865383,0.48207101225852966,2.9621062
uf_10,39.34375_-120.65625,39.34375,-120.65625,2.499484888529248,0.4185798764228821,1.5872291
uf_10,39.34375_-120.71875,39.34375,-120.71875,2.499992835790418,0.5436094403266907,2.51645
uf_10,39.34375_-120.78125,39.34375,-120.78125,2.499943118119505,0.5504142045974731,2.677668
uf_13,38.46875_-120.53125,38.46875,-120.53125,2.499992053848628,0.44130176305770874,2.62163
uf_13,38.46875_-120.59375,38.46875,-120.59375,2.4999843988303065,0.6700000166893005,3.34974
uf_13,38.46875_-120.65625,38.46875,-120.65625,2.4999290175807154,0.5299999713897705,1.9211146
uf_13,38.46875_-120.78125,38.46875,-120.78125,2.49995358338031,0.5,1.791042
uf_13,38.46875_-120.84375,38.46875,-120.84375,2.499879872400161,0.4000000059604645,1.3450874
uf_13,38.46875_-120.90625,38.46875,-120.90625,2.4998871540071232,0.30000001192092896,1.0941076
uf_13,38.46875_-120.96875,38.46875,-120.96875,2.4998592092556073,0.3499999940395355,1.2767222
uf_13,38.46875_-121.03125,38.46875,-121.03125,2.4996414452862754,0.36000001430511475,1.3468994
uf_13,38.53125_-120.28125,38.53125,-120.28125,2.4999722738152377,0.4345562160015106,1.4052664
uf_13,38.53125_-120.34375,38.53125,-120.34375,2.4999982781625567,0.5142603516578674,2.097227
uf_13,38.53125_-120.40625,38.53125,-120.40625,2.4999998863025077,0.5237869620323181,2.497622
uf_13,38.53125_-120.46875,38.53125,-120.46875,2.499995595624903,0.5042011737823486,2.8218453
uf_13,38.53125_-120.53125,38.53125,-120.53125,2.4999921245921426,0.5265088677406311,2.8666446
uf_13,38.53125_-120.59375,38.53125,-120.59375,2.499995316403207,0.7300000190734863,2.807659
uf_13,38.53125_-120.65625,38.53125,-120.65625,2.499844543562564,0.5400000214576721,2.7632303
uf_13,38.53125_-120.71875,38.53125,-120.71875,2.4999034670017783,0.5099999904632568,1.7169845
uf_13,38.53125_-120.78125,38.53125,-120.78125,2.4971077299136804,0.4399999976158142,1.3464438
uf_13,38.53125_-120.84375,38.53125,-120.84375,2.499161931568599,0.46000000834465027,1.4971057
uf_13,38.53125_-120.90625,38.53125,-120.90625,2.499774027849025,0.5099999904632568,1.327054
uf_13,38.53125_-120.96875,38.53125,-120.96875,2.4989062001383595,0.5299999713897705,1.1876516
uf_13,38.53125_-121.03125,38.53125,-121.03125,2.4998570127074613,0.41999998688697815,1.1338762
uf_13,38.59375_-120.21875,38.59375,-120.21875,2.499948130575641,0.3766863942146301,0.99213415
uf_13,38.59375_-120.28125,38.59375,-120.28125,2.4999967513604124,0.4530177414417267,1.5698949
uf_13,38.59375_-120.34375,38.59375,-120.34375,2.499989951563991,0.5600000023841858,2.2769084
uf_13,38.59375_-120.40625,38.59375,-120.40625,2.4999998291282375,0.4099999964237213,2.5469677
uf_13,38.59375_-120.46875,38.59375,-120.46875,2.4999152749646782,0.38999998569488525,2.8790286
uf_13,38.59375_-120.53125,38.59375,-120.53125,2.4999546565626165,0.3799999952316284,3.1125698
uf_13,38.59375_-120.59375,38.59375,-120.59375,2.4998737397002646,0.38999998569488525,2.719952
uf_13,38.59375_-120.65625,38.59375,-120.65625,2.494188682542908,0.0,1.4565234
uf_13,38.59375_-120.71875,38.59375,-120.71875,2.499801323276893,0.46000000834465027,1.495845
uf_13,38.59375_-120.78125,38.59375,-120.78125,2.4994940755073447,0.3400000035762787,1.556376
uf_13,38.59375_-120.84375,38.59375,-120.84375,2.499659644105891,0.0,1.3789599
uf_13,38.59375_-120.90625,38.59375,-120.90625,2.4996952168590436,0.49000000953674316,1.4132644
uf_13,38.59375_-120.96875,38.59375,-120.96875,2.499656896584555,0.41999998688697815,1.4070979
uf_13,38.59375_-121.03125,38.59375,-121.03125,2.49925681621186,0.36000001430511475,1.1641128
uf_13,38.65625_-120.21875,38.65625,-120.21875,2.4999990381412953,0.3163905441761017,1.3234475
uf_13,38.65625_-120.28125,38.65625,-120.28125,2.499996892427471,0.35982248187065125,1.4363734
uf_13,38.65625_-120.34375,38.65625,-120.34375,2.499999188140299,0.4187574088573456,1.9549093
uf_13,38.65625_-120.40625,38.65625,-120.40625,2.4960042034210415,0.3199999928474426,1.1966437
uf_13,38.65625_-120.46875,38.65625,-120.46875,2.49985735555336,0.3499999940395355,2.896878
uf_13,38.65625_-120.53125,38.65625,-120.53125,2.499904630767698,0.27000001072883606,2.8460708
uf_13,38.65625_-120.59375,38.65625,-120.59375,2.498453790388697,0.44999998807907104,1.7359197
uf_13,38.65625_-120.65625,38.65625,-120.65625,2.499982558293066,0.6200000047683716,1.7617598
uf_13,38.65625_-120.71875,38.65625,-120.71875,2.4827357337114986,0.39946746826171875,1.6812677
uf_13,38.65625_-120.78125,38.65625,-120.78125,2.49283887030436,0.4218343198299408,1.7828407
uf_13,38.65625_-120.84375,38.65625,-120.84375,2.4933520635895725,0.39331361651420593,1.4098833
uf_13,38.65625_-120.90625,38.65625,-120.90625,2.4948366195087583,0.3917751610279083,1.4101399
uf_13,38.65625_-120.96875,38.65625,-120.96875,2.4908748623715615,0.2862130105495453,1.2389095
uf_13,38.71875_-120.34375,38.71875,-120.34375,2.4999938684397245,0.3796449601650238,1.8983133
uf_13,38.71875_-120.40625,38.71875,-120.40625,2.4999920008405043,0.3585798740386963,2.1752062
uf_13,38.71875_-120.46875,38.71875,-120.46875,2.499791222453271,0.3592899441719055,2.5528839
uf_13,38.71875_-120.53125,38.71875,-120.53125,2.4999773549527875,0.30000001192092896,3.061243
uf_13,38.71875_-120.59375,38.71875,-120.59375,2.499429777369458,0.4179881513118744,2.5693362
uf_13,38.71875_-120.65625,38.71875,-120.65625,2.4956182298629432,0.4098816514015198,1.8365463
uf_13,38.71875_-120.71875,38.71875,-120.71875,2.49675005463867,0.40295857191085815,1.8992176
uf_13,38.71875_-120.78125,38.71875,-120.78125,2.490716867294119,0.3322485089302063,1.645333
uf_13,38.71875_-120.84375,38.71875,-120.84375,2.486997640336467,0.2931360900402069,1.4325713
uf_13,38.78125_-120.46875,38.78125,-120.46875,2.4999053217941434,0.4812425971031189,2.2650657
uf_13,38.78125_-120.53125,38.78125,-120.53125,2.4991426986438823,0.4048520624637604,2.2786431
uf_20,37.21875_-119.84375,37.21875,-119.84375,2.4995681608633737,0.3400000035762787,1.1356016
uf_20,37.21875_-119.90625,37.21875,-119.90625,2.499919076420385,0.0,0.7412431
uf_20,37.21875_-119.96875,37.21875,-119.96875,2.4999004698181153,0.0,0.9335639
uf_20,37.28125_-119.78125,37.28125,-119.78125,2.4991268269074753,0.3400000035762787,1.1444776
uf_20,37.28125_-119.84375,37.28125,-119.84375,2.49967932446295,0.3199999928474426,1.1320524
uf_20,37.28125_-119.90625,37.28125,-119.90625,2.4997776581297377,0.3400000035762787,1.110837
uf_20,37.28125_-119.96875,37.28125,-119.96875,2.499520860763619,0.38999998569488525,1.1386658
uf_20,37.28125_-120.03125,37.28125,-120.03125,2.499994548223422,0.49000000953674316,0.8638276
uf_20,37.34375_-119.78125,37.34375,-119.78125,2.499896904294877,0.4399999976158142,1.2313384
uf_20,37.34375_-119.84375,37.34375,-119.84375,2.4997242861060047,0.41999998688697815,1.0657231
uf_20,37.34375_-119.90625,37.34375,-119.90625,2.4999405334113325,0.36000001430511475,1.1675175
uf_20,37.34375_-119.96875,37.34375,-119.96875,2.499996934557141,0.4699999988079071,0.8662078
uf_20,37.34375_-120.03125,37.34375,-120.03125,2.4998518493822512,0.4000000059604645,0.9048165
uf_20,37.40625_-119.71875,37.40625,-119.71875,2.4984103995625384,0.3700000047683716,1.56548
uf_20,37.40625_-119.78125,37.40625,-119.78125,2.4988426339721848,0.4699999988079071,1.4062083
uf_20,37.40625_-119.84375,37.40625,-119.84375,2.499499935402442,0.3199999928474426,1.2418841
uf_20,37.40625_-119.90625,37.40625,-119.90625,2.4994096463088926,0.46000000834465027,1.3420199
uf_20,37.40625_-119.96875,37.40625,-119.96875,2.499940237590646,0.4699999988079071,1.5146977
uf_20,37.40625_-120.03125,37.40625,-120.03125,2.4995387594455636,0.47999998927116394,1.0662678
uf_20,37.46875_-119.65625,37.46875,-119.65625,2.4999982739466446,0.4715384542942047,2.5993972
uf_20,37.46875_-119.71875,37.46875,-119.71875,2.4999506182226354,0.4502958655357361,2.350405
uf_20,37.46875_-119.78125,37.46875,-119.78125,2.4952146240525623,0.3700000047683716,1.5956811
uf_20,37.46875_-119.84375,37.46875,-119.84375,2.4975933713309866,0.4099999964237213,1.5524949
uf_20,37.46875_-119.90625,37.46875,-119.90625,2.497123559567334,0.33000001311302185,1.4572397
uf_20,37.53125_-119.71875,37.53125,-119.71875,2.4999502986094106,0.386982262134552,2.1739168
uf_20,37.53125_-119.78125,37.53125,-119.78125,2.499488833175966,0.3852662742137909,2.067586
uf_20,37.53125_-119.84375,37.53125,-119.84375,2.492527299694058,0.303846150636673,2.040947
uf_20,37.53125_-119.90625,37.53125,-119.90625,2.4880030923575216,0.3227810561656952,1.7886566
uf_20,37.59375_-119.84375,37.59375,-119.84375,2.4996595917492286,0.34816569089889526,1.9501561
uf_20,37.59375_-119.90625,37.59375,-119.90625,2.495604693365798,0.3566272258758545,1.726815
uf_21,36.96875_-119.78125,36.96875,-119.78125,2.499989855012889,0.0,0.848989
uf_21,37.03125_-119.78125,37.03125,-119.78125,2.4998193979058896,0.4000000059604645,0.91012806
uf_21,37.03125_-119.84375,37.03125,-119.84375,2.499968272749708,0.5199999809265137,0.9253063
uf_21,37.03125_-119.90625,37.03125,-119.90625,2.499948793184668,0.5299999713897705,0.89807045
uf_21,37.09375_-119.71875,37.09375,-119.71875,2.4993561930628196,0.4318934977054596,0.9696893
uf_21,37.09375_-119.78125,37.09375,-119.78125,2.4994077469629934,0.4699999988079071,0.8312096
uf_21,37.09375_-119.84375,37.09375,-119.84375,2.4998942435125833,0.4699999988079071,0.7337847
uf_21,37.09375_-119.90625,37.09375,-119.90625,2.4998701395430327,0.5600000023841858,0.8336146
uf_21,37.09375_-119.96875,37.09375,-119.96875,2.49994916301063,0.4300000071525574,0.76385856
uf_21,37.15625_-119.65625,37.15625,-119.65625,2.4984783910611874,0.4059171676635742,1.1790471
uf_21,37.15625_-119.71875,37.15625,-119.71875,2.498577760001218,0.4102366864681244,1.110383
uf_21,37.15625_-119.78125,37.15625,-119.78125,2.4999463014931744,0.3700000047683716,1.0993714
uf_21,37.15625_-119.84375,37.15625,-119.84375,2.4995883333335636,0.41999998688697815,0.77686363
uf_21,37.15625_-119.90625,37.15625,-119.90625,2.4998787875411628,0.4099999964237213,0.8310729
uf_21,37.15625_-119.96875,37.15625,-119.96875,2.4999981140887177,0.5299999713897705,1.0415494
uf_21,37.15625_-120.03125,37.15625,-120.03125,2.499998616783728,0.36000001430511475,0.7655589
uf_21,37.21875_-119.65625,37.21875,-119.65625,2.49816970302506,0.41165679693222046,1.3684465
uf_21,37.21875_-119.71875,37.21875,-119.71875,2.499126503134022,0.44999998807907104,1.2093441
uf_21,37.21875_-119.78125,37.21875,-119.78125,2.4996410555890414,0.0,1.0705234
uf_21,37.21875_-119.84375,37.21875,-119.84375,2.4995681608633737,0.3400000035762787,1.1356016
uf_21,37.21875_-119.90625,37.21875,-119.90625,2.499919076420385,0.0,0.7412431
uf_21,37.21875_-119.96875,37.21875,-119.96875,2.4999004698181153,0.0,0.9335639
uf_21,37.28125_-119.59375,37.28125,-119.59375,2.4981725923473315,0.43183431029319763,1.9416224
uf_21,37.28125_-119.65625,37.28125,-119.65625,2.4940449314604525,0.3971005976200104,1.4918766
uf_21,37.28125_-119.71875,37.28125,-119.71875,2.4996907947323477,0.5600000023841858,1.4239562
uf_21,37.28125_-119.78125,37.28125,-119.78125,2.4991268269074753,0.3400000035762787,1.1444776
uf_21,37.28125_-119.84375,37.28125,-119.84375,2.49967932446295,0.3199999928474426,1.1320524
uf_21,37.34375_-119.59375,37.34375,-119.59375,2.4973654127182554,0.38745561242103577,1.752579
uf_21,37.34375_-119.65625,37.34375,-119.65625,2.493802024083564,0.30000001192092896,1.38785
uf_21,37.34375_-119.71875,37.34375,-119.71875,2.4990083700811736,0.4000000059604645,1.1470546
uf_21,37.34375_-119.78125,37.34375,-119.78125,2.499896904294877,0.4399999976158142,1.2313384
uf_21,37.40625_-119.59375,37.40625,-119.59375,2.4999647504728792,0.42402365803718567,2.313842
uf_21,37.40625_-119.65625,37.40625,-119.65625,2.4997097385408713,0.5199999809265137,2.219718
uf_21,37.40625_-119.71875,37.40625,-119.71875,2.4984103995625384,0.3700000047683716,1.56548
uf_21,37.40625_-119.78125,37.40625,-119.78125,2.4988426339721848,0.4699999988079071,1.4062083
uf_21,37.46875_-119.53125,37.46875,-119.53125,2.4999306067515104,0.43680474162101746,1.3854588
uf_21,37.46875_-119.59375,37.46875,-119.59375,2.499986377496773,0.4308875799179077,2.216755
uf_21,37.46875_-119.65625,37.46875,-119.65625,2.4999982739466446,0.4715384542942047,2.5993972
uf_21,37.46875_-119.71875,37.46875,-119.71875,2.4999506182226354,0.4502958655357361,2.350405
usgs_11196400,35.21875_-118.21875,35.21875,-118.21875,2.4999598585296168,0.0,0.6438243
usgs_11196400,35.21875_-118.28125,35.21875,-118.28125,2.499962107772705,0.38999998569488525,0.6438021
usgs_11196400,35.21875_-118.34375,35.21875,-118.34375,2.499999696501093,0.36000001430511475,0.89366525
usgs_11196400,35.21875_-118.40625,35.21875,-118.40625,2.4999870450532056,0.5099999904632568,1.3016986
usgs_11196400,35.21875_-118.46875,35.21875,-118.46875,2.499946431945135,0.5299999713897705,1.0808026
usgs_11196400,35.28125_-118.21875,35.28125,-118.21875,2.499998527977672,0.4399999976158142,0.5205781
usgs_11196400,35.28125_-118.28125,35.28125,-118.28125,2.4999993403729177,0.3400000035762787,0.6623913
usgs_11196400,35.28125_-118.34375,35.28125,-118.34375,2.499998632855138,0.25999999046325684,0.46324366
usgs_11196400,35.28125_-118.40625,35.28125,-118.40625,2.4999487128307996,0.23999999463558197,0.5449572
usgs_11196400,35.28125_-118.46875,35.28125,-118.46875,2.4999955647636787,0.20999999344348907,0.7836811
usgs_11196400,35.28125_-118.53125,35.28125,-118.53125,2.4999999848174816,0.3799999952316284,1.1446223
usgs_11196400,35.28125_-118.59375,35.28125,-118.59375,2.4999523882531816,0.20000000298023224,0.62037766
usgs_11196400,35.34375_-118.28125,35.34375,-118.28125,2.499999960146179,0.33000001311302185,1.3502543
usgs_11196400,35.34375_-118.34375,35.34375,-118.34375,2.499987759533737,0.4000000059604645,0.55493397
usgs_11196400,35.34375_-118.40625,35.34375,-118.40625,2.4999916354605007,0.1899999976158142,0.46335205
usgs_11196400,35.34375_-118.46875,35.34375,-118.46875,2.4999997371307954,0.3400000035762787,1.2697034
usgs_11196400,35.34375_-118.53125,35.34375,-118.53125,2.49996119442314,0.18000000715255737,0.74660015
usgs_11196400,35.34375_-118.59375,35.34375,-118.59375,2.4999961578843415,0.33000001311302185,0.7794678
usgs_11196400,35.40625_-118.28125,35.40625,-118.28125,2.4999993328166346,0.29366862773895264,0.9070531
usgs_11196400,35.40625_-118.34375,35.40625,-118.34375,2.4999925103799447,0.31893491744995117,1.0350349
usgs_11196400,35.40625_-118.40625,35.40625,-118.40625,2.4999162908023047,0.3499999940395355,0.56543934
usgs_11196400,35.40625_-118.46875,35.40625,-118.46875,2.4999553066301425,0.20000000298023224,0.48733863
usgs_11197250,35.78125_-120.21875,35.78125,-120.21875,2.4999829402420977,0.3700000047683716,0.52537155
usgs_11197250,35.84375_-120.15625,35.84375,-120.15625,2.4999963339746447,0.1599999964237213,0.56540257
usgs_11197250,35.84375_-120.21875,35.84375,-120.21875,2.4999972411925526,0.0,0.52906275
usgs_11197250,35.84375_-120.28125,35.84375,-120.28125,2.49944452728435,0.33000001311302185,0.6394125
usgs_11197250,35.90625_-120.15625,35.90625,-120.15625,2.4999951389929027,0.3499999940395355,0.5466162
usgs_11197250,35.90625_-120.21875,35.90625,-120.21875,2.4999998708203437,0.20999999344348907,0.5016669
usgs_11197250,35.90625_-120.28125,35.90625,-120.28125,2.4999105504852905,0.20999999344348907,0.74908173
usgs_11197250,35.90625_-120.34375,35.90625,-120.34375,2.499940937581826,0.4099999964237213,0.58677155
usgs_11197250,35.96875_-120.21875,35.96875,-120.21875,2.499957488292301,0.5699999928474426,0.6307266
usgs_11197250,35.96875_-120.28125,35.96875,-120.28125,2.4999998930455822,0.2800000011920929,0.74561846
usgs_11197250,35.96875_-120.34375,35.96875,-120.34375,2.4997922388196443,0.25,0.90811557
usgs_11199500,35.78125_-118.71875,35.78125,-118.71875,2.4999410948479897,0.5199999809265137,1.0598217
usgs_11199500,35.78125_-118.78125,35.78125,-118.78125,2.49997633732073,0.3799999952316284,1.2071465
usgs_11199500,35.78125_-118.84375,35.78125,-118.84375,2.499892330016359,0.4699999988079071,0.80084646
usgs_11199500,35.78125_-118.90625,35.78125,-118.90625,2.499996925239569,0.4000000059604645,0.7139021
usgs_11199500,35.84375_-118.59375,35.84375,-118.59375,2.4999880145896203,0.4150887429714203,1.9814548
usgs_11199500,35.84375_-118.65625,35.84375,-118.65625,2.499996983884789,0.5600000023841858,1.9798838
usgs_11199500,35.84375_-118.71875,35.84375,-118.71875,2.4999928155992097,0.36000001430511475,0.9376101
usgs_11199500,35.84375_-118.78125,35.84375,-118.78125,2.4997365627795096,0.4699999988079071,0.8063078
usgs_11199500,35.84375_-118.84375,35.84375,-118.84375,2.499916805698062,0.46000000834465027,0.80037487
usgs_11199500,35.84375_-118.90625,35.84375,-118.90625,2.499937272998163,0.4300000071525574,0.846359
usgs_11199500,35.90625_-118.71875,35.90625,-118.71875,2.4998625192477504,0.5199999809265137,1.2831899
usgs_11199500,35.90625_-118.78125,35.90625,-118.78125,2.4999254717192123,0.3400000035762787,1.0882795
usgs_11199500,35.90625_-118.84375,35.90625,-118.84375,2.4998722765999997,0.46000000834465027,0.8805107
usgs_11203580,36.03125_-118.59375,36.03125,-118.59375,2.4999268260838363,0.33656805753707886,1.8930291
usgs_11203580,36.03125_-118.65625,36.03125,-118.65625,2.499971502872761,0.3834911286830902,2.022597
usgs_11203580,36.09375_-118.59375,36.09375,-118.59375,2.4999980492204807,0.3693491220474243,1.7183979
usgs_11203580,36.09375_-118.65625,36.09375,-118.65625,2.499938117703416,0.3899408280849457,2.26865
usgs_11204100,35.96875_-118.59375,35.96875,-118.59375,2.4999850242382626,0.32461538910865784,1.8668936
usgs_11204100,35.96875_-118.65625,35.96875,-118.65625,2.4999866848161796,0.3491124212741852,2.2006054
usgs_11204100,35.96875_-118.71875,35.96875,-118.71875,2.4999627974436622,0.3873964548110962,1.7892175
usgs_11204100,35.96875_-118.78125,35.96875,-118.78125,2.4996071174965255,0.36100590229034424,1.1446247
usgs_11204100,36.03125_-118.59375,36.03125,-118.59375,2.4999268260838363,0.33656805753707886,1.8930291
usgs_11204100,36.03125_-118.65625,36.03125,-118.65625,2.499971502872761,0.3834911286830902,2.022597
usgs_11204100,36.03125_-118.71875,36.03125,-118.71875,2.4999452941713804,0.381538450717926,1.4961852
usgs_11204100,36.03125_-118.78125,36.03125,-118.78125,2.4997543513144986,0.34165680408477783,1.0373594
usgs_11204100,36.03125_-118.84375,36.03125,-118.84375,2.499873120461971,0.3629585802555084,0.82585
usgs_11204100,36.09375_-118.59375,36.09375,-118.59375,2.4999980492204807,0.3693491220474243,1.7183979
usgs_11204100,36.09375_-118.65625,36.09375,-118.65625,2.499938117703416,0.3899408280849457,2.26865
usgs_11204100,36.09375_-118.71875,36.09375,-118.71875,2.4999844256507617,0.43396449089050293,2.1076636
usgs_11204100,36.09375_-118.78125,36.09375,-118.78125,2.499969486878812,0.4214792847633362,1.2882472
usgs_11208000,36.53125_-118.78125,36.53125,-118.78125,2.499974913882059,0.38130176067352295,1.7153058
usgs_11208000,36.53125_-118.84375,36.53125,-118.84375,2.4998511111057526,0.38047337532043457,1.6522899
usgs_11208000,36.59375_-118.59375,36.59375,-118.59375,2.499752365760004,0.12183432281017303,0.32005113
usgs_11208000,36.59375_-118.65625,36.59375,-118.65625,2.499808549020006,0.20887574553489685,0.55769634
usgs_11208000,36.59375_-118.71875,36.59375,-118.71875,2.4996146922052107,0.3953254520893097,1.2368156
usgs_11208000,36.59375_-118.78125,36.59375,-118.78125,2.4996853475246894,0.3872189223766327,1.528292
usgs_11208000,36.59375_-118.84375,36.59375,-118.84375,2.4999778402882473,0.42130178213119507,1.9580157
usgs_11208000,36.65625_-118.59375,36.65625,-118.59375,2.4997368576305345,0.17017751932144165,0.35160172
usgs_11208000,36.65625_-118.65625,36.65625,-118.65625,2.499872855573204,0.20023669302463531,0.3871186
usgs_11208000,36.65625_-118.71875,36.65625,-118.71875,2.499079847683311,0.2646745443344116,0.5877467
usgs_11208000,36.65625_-118.78125,36.65625,-118.78125,2.4993443156455153,0.36698225140571594,0.8037228
usgs_11208500,36.46875_-118.84375,36.46875,-118.84375,2.499951603292241,0.3878106474876404,1.2912611
usgs_11208500,36.53125_-118.84375,36.53125,-118.84375,2.4998511111057526,0.38047337532043457,1.6522899
usgs_11209900,36.34375_-118.59375,36.34375,-118.59375,2.4999982899737736,0.3037869930267334,0.82239145
usgs_11209900,36.34375_-118.65625,36.34375,-118.65625,2.499990987129606,0.35473373532295227,0.9896042
usgs_11209900,36.34375_-118.71875,36.34375,-118.71875,2.4999791933358795,0.38556212186813354,1.6997529
usgs_11209900,36.40625_-118.53125,36.40625,-118.53125,2.499550305806304,0.11597633361816406,0.22669429
usgs_11209900,36.40625_-118.59375,36.40625,-118.59375,2.4999795063433785,0.1240236684679985,0.32509404
usgs_11209900,36.40625_-118.65625,36.40625,-118.65625,2.49999058487713,0.34822484850883484,1.06492
usgs_11209900,36.40625_-118.71875,36.40625,-118.71875,2.499998493013543,0.40970414876937866,1.7016363
usgs_11209900,36.40625_-118.78125,36.40625,-118.78125,2.4999948647122885,0.4092307686805725,2.0093124
usgs_11209900,36.40625_-118.84375,36.40625,-118.84375,2.499955962117966,0.40414202213287354,1.4589928
usgs_11209900,36.40625_-118.90625,36.40625,-118.90625,2.4999309542071955,0.3796449601650238,1.0906484
usgs_11209900,36.46875_-118.53125,36.46875,-118.53125,2.499952660924054,0.10573964565992355,0.24717316
usgs_11209900,36.46875_-118.59375,36.46875,-118.59375,2.49987646141253,0.23804733157157898,0.6382408
usgs_11209900,36.46875_-118.65625,36.46875,-118.65625,2.4999908410498914,0.410591721534729,1.5824475
usgs_11209900,36.46875_-118.71875,36.46875,-118.71875,2.499983997475182,0.3812426030635834,1.8062057
usgs_11209900,36.46875_-118.78125,36.46875,-118.78125,2.4999852250660197,0.4142603576183319,1.7406036
usgs_11209900,36.46875_-118.84375,36.46875,-118.84375,2.499951603292241,0.3878106474876404,1.2912611
usgs_11209900,36.46875_-118.90625,36.46875,-118.90625,2.499692070869634,0.37183430790901184,1.1775453
usgs_11209900,36.46875_-118.96875,36.46875,-118.96875,2.499605388393907,0.4028402268886566,1.1670331
usgs_11209900,36.53125_-118.53125,36.53125,-118.53125,2.4996697445049723,0.09562130272388458,0.2052905
usgs_11209900,36.53125_-118.59375,36.53125,-118.59375,2.499986257661031,0.24538461863994598,0.91063535
usgs_11209900,36.53125_-118.65625,36.53125,-118.65625,2.4999932883856486,0.4695858061313629,2.2395887
usgs_11209900,36.53125_-118.71875,36.53125,-118.71875,2.499989145326235,0.43426036834716797,1.9872735
usgs_11209900,36.53125_-118.78125,36.53125,-118.78125,2.499974913882059,0.38130176067352295,1.7153058
usgs_11209900,36.53125_-118.84375,36.53125,-118.84375,2.4998511111057526,0.38047337532043457,1.6522899
usgs_11209900,36.53125_-118.90625,36.53125,-118.90625,2.499182084732231,0.4022485315799713,1.2251384
usgs_11209900,36.53125_-118.96875,36.53125,-118.96875,2.4994082927346177,0.41609466075897217,1.2956167
usgs_11209900,36.59375_-118.53125,36.59375,-118.53125,2.499582878235521,0.03544378653168678,0.1037294
usgs_11209900,36.59375_-118.59375,36.59375,-118.59375,2.499752365760004,0.12183432281017303,0.32005113
usgs_11209900,36.59375_-118.65625,36.59375,-118.65625,2.499808549020006,0.20887574553489685,0.55769634
usgs_11209900,36.59375_-118.71875,36.59375,-118.71875,2.4996146922052107,0.3953254520893097,1.2368156
usgs_11209900,36.59375_-118.78125,36.59375,-118.78125,2.4996853475246894,0.3872189223766327,1.528292
usgs_11209900,36.59375_-118.84375,36.59375,-118.84375,2.4999778402882473,0.42130178213119507,1.9580157
usgs_11209900,36.59375_-118.90625,36.59375,-118.90625,2.4996218295251076,0.41905325651168823,1.5128294
usgs_11209900,36.59375_-118.96875,36.59375,-118.96875,2.4996420234148573,0.43396449089050293,1.4015604
usgs_11209900,36.65625_-118.59375,36.65625,-118.59375,2.4997368576305345,0.17017751932144165,0.35160172
usgs_11209900,36.65625_-118.65625,36.65625,-118.65625,2.499872855573204,0.20023669302463531,0.3871186
usgs_11209900,36.65625_-118.71875,36.65625,-118.71875,2.499079847683311,0.2646745443344116,0.5877467
usgs_11209900,36.65625_-118.78125,36.65625,-118.78125,2.4993443156455153,0.36698225140571594,0.8037228
usgs_11209900,36.65625_-118.84375,36.65625,-118.84375,2.499710039144065,0.4179881513118744,1.3801887
usgs_11209900,36.65625_-118.90625,36.65625,-118.90625,2.499951147157221,0.3655621409416199,1.8433621
usgs_11209900,36.65625_-118.96875,36.65625,-118.96875,2.499680626700367,0.4536094665527344,1.7182207
usgs_11209900,36.71875_-118.78125,36.71875,-118.78125,2.4999808994315336,0.3829585909843445,0.9409004
usgs_11209900,36.71875_-118.84375,36.71875,-118.84375,2.499352826065338,0.37917160987854004,0.921536
usgs_11209900,36.71875_-118.90625,36.71875,-118.90625,2.4997509683846086,0.44029584527015686,1.6141863
usgs_11209900,36.71875_-118.96875,36.71875,-118.96875,2.4999473554637603,0.4559171497821808,1.9821147
usgs_11213500,36.59375_-118.46875,36.59375,-118.46875,2.499968306168942,0.051479291170835495,0.12885803
usgs_11213500,36.59375_-118.53125,36.59375,-118.53125,2.499582878235521,0.03544378653168678,0.1037294
usgs_11213500,36.59375_-118.59375,36.59375,-118.59375,2.499752365760004,0.12183432281017303,0.32005113
usgs_11213500,36.65625_-118.40625,36.65625,-118.40625,2.4997981989862215,0.08952663093805313,0.16227548
usgs_11213500,36.65625_-118.46875,36.65625,-118.46875,2.4999620931454514,0.024319525808095932,0.089756474
usgs_11213500,36.65625_-118.53125,36.65625,-118.53125,2.4996981258511637,0.08786982297897339,0.26977637
usgs_11213500,36.65625_-118.59375,36.65625,-118.59375,2.4997368576305345,0.17017751932144165,0.35160172
usgs_11213500,36.65625_-118.65625,36.65625,-118.65625,2.499872855573204,0.20023669302463531,0.3871186
usgs_11213500,36.65625_-118.71875,36.65625,-118.71875,2.499079847683311,0.2646745443344116,0.5877467
usgs_11213500,36.65625_-118.78125,36.65625,-118.78125,2.4993443156455153,0.36698225140571594,0.8037228
usgs_11213500,36.71875_-118.34375,36.71875,-118.34375,2.4999706542147355,0.06319526582956314,0.20590597
usgs_11213500,36.71875_-118.40625,36.71875,-118.40625,2.499749966284601,0.06355029344558716,0.15508716
usgs_11213500,36.71875_-118.46875,36.71875,-118.46875,2.499966566099093,0.05952662602066994,0.16311274
usgs_11213500,36.71875_-118.53125,36.71875,-118.53125,2.499803116444838,0.15662722289562225,0.4595343
usgs_11213500,36.71875_-118.59375,36.71875,-118.59375,2.499929953107524,0.3285207152366638,0.9905976
usgs_11213500,36.71875_-118.65625,36.71875,-118.65625,2.4999983271565602,0.36213016510009766,1.0265853
usgs_11213500,36.71875_-118.71875,36.71875,-118.71875,2.499999083920584,0.3743787109851837,1.0133655
usgs_11213500,36.71875_-118.78125,36.71875,-118.78125,2.4999808994315336,0.3829585909843445,0.9409004
usgs_11213500,36.71875_-118.84375,36.71875,-118.84375,2.499352826065338,0.37917160987854004,0.921536
usgs_11213500,36.71875_-118.90625,36.71875,-118.90625,2.4997509683846086,0.44029584527015686,1.6141863
usgs_11213500,36.71875_-118.96875,36.71875,-118.96875,2.4999473554637603,0.4559171497821808,1.9821147
usgs_11213500,36.71875_-119.03125,36.71875,-119.03125,2.4998559269453864,0.45887574553489685,1.7495704
usgs_11213500,36.78125_-118.34375,36.78125,-118.34375,2.4999938862833897,0.09994082897901535,0.2392367
usgs_11213500,36.78125_-118.40625,36.78125,-118.40625,2.4991056524959614,0.07804733514785767,0.20263313
usgs_11213500,36.78125_-118.46875,36.78125,-118.46875,2.4998702297123554,0.155207097530365,0.38899583
usgs_11213500,36.78125_-118.53125,36.78125,-118.53125,2.4999947919637195,0.26615384221076965,0.82775146
usgs_11213500,36.78125_-118.59375,36.78125,-118.59375,2.499986258744897,0.3446153700351715,1.0183997
usgs_11213500,36.78125_-118.65625,36.78125,-118.65625,2.4999975285482874,0.37414202094078064,1.1486452
usgs_11213500,36.78125_-118.71875,36.78125,-118.71875,2.4999991246128377,0.38473373651504517,1.270384
usgs_11213500,36.78125_-118.78125,36.78125,-118.78125,2.4999961027741104,0.40798816084861755,1.3713522
usgs_11213500,36.78125_-118.84375,36.78125,-118.84375,2.499986916144356,0.41189348697662354,1.5330731
usgs_11213500,36.78125_-118.90625,36.78125,-118.90625,2.499907597753518,0.4143195152282715,1.5751752
usgs_11213500,36.78125_-118.96875,36.78125,-118.96875,2.4998726909267694,0.4297633171081543,1.7341685
usgs_11213500,36.78125_-119.03125,36.78125,-119.03125,2.499965646432507,0.4137278199195862,1.894155
usgs_11213500,36.78125_-119.09375,36.78125,-119.09375,2.49982412970817,0.41124260425567627,1.6265987
usgs_11213500,36.78125_-119.15625,36.78125,-119.15625,2.499486176923895,0.42656806111335754,1.4707979
usgs_11213500,36.84375_-118.34375,36.84375,-118.34375,2.499997534873767,0.0872781053185463,0.22878946
usgs_11213500,36.84375_-118.40625,36.84375,-118.40625,2.499647806197798,0.07792899757623672,0.1892844
usgs_11213500,36.84375_-118.46875,36.84375,-118.46875,2.499886705846796,0.13218934834003448,0.30114776
usgs_11213500,36.84375_-118.53125,36.84375,-118.53125,2.4999143402675967,0.2511242628097534,0.7461905
usgs_11213500,36.84375_-118.59375,36.84375,-118.59375,2.499716138974235,0.2155621349811554,0.5456915
usgs_11213500,36.84375_-118.65625,36.84375,-118.65625,2.499944134487487,0.2892899513244629,0.72904795
usgs_11213500,36.84375_-118.71875,36.84375,-118.71875,2.499912252552158,0.29284024238586426,0.9103055
usgs_11213500,36.84375_-118.78125,36.84375,-118.78125,2.499992290582094,0.3508284091949463,1.0358938
usgs_11213500,36.84375_-118.84375,36.84375,-118.84375,2.4998449183681766,0.31568047404289246,1.1587967
usgs_11213500,36.84375_-118.90625,36.84375,-118.90625,2.4999613670315264,0.34899407625198364,1.356558
usgs_11213500,36.84375_-118.96875,36.84375,-118.96875,2.4999980144722143,0.37467455863952637,1.5001707
usgs_11213500,36.84375_-119.03125,36.84375,-119.03125,2.499949017068741,0.3662721812725067,1.2946335
usgs_11213500,36.84375_-119.09375,36.84375,-119.09375,2.4999101958436216,0.37662720680236816,1.1962317
usgs_11213500,36.84375_-119.15625,36.84375,-119.15625,2.499928192373237,0.4192899465560913,1.3287607
usgs_11213500,36.90625_-118.34375,36.90625,-118.34375,2.4999988444974486,0.14479289948940277,0.30251712
usgs_11213500,36.90625_-118.40625,36.90625,-118.40625,2.4997522684506093,0.08248520642518997,0.1491641
usgs_11213500,36.90625_-118.46875,36.90625,-118.46875,2.4998100433362165,0.07923077046871185,0.18367124
usgs_11213500,36.90625_-118.53125,36.90625,-118.53125,2.499637271397699,0.1368047297000885,0.27906844
usgs_11213500,36.90625_-118.59375,36.90625,-118.59375,2.4988416800720907,0.18911242485046387,0.402762
usgs_11213500,36.90625_-118.65625,36.90625,-118.65625,2.499717310391145,0.18988165259361267,0.42927444
usgs_11213500,36.90625_-118.71875,36.90625,-118.71875,2.499996212008396,0.21455621719360352,0.51374286
usgs_11213500,36.90625_-118.78125,36.90625,-118.78125,2.4999868829085896,0.36597633361816406,1.0979841
usgs_11213500,36.90625_-118.84375,36.90625,-118.84375,2.499984820355346,0.3806508779525757,1.0822531
usgs_11213500,36.90625_-118.90625,36.90625,-118.90625,2.499996536961998,0.3622485101222992,1.1009935
usgs_11213500,36.90625_-118.96875,36.90625,-118.96875,2.499996747605473,0.40822485089302063,1.4791632
usgs_11213500,36.90625_-119.03125,36.90625,-119.03125,2.4999747345085037,0.40396448969841003,1.5152228
usgs_11213500,36.90625_-119.09375,36.90625,-119.09375,2.499916966618963,0.3772781193256378,1.361082
usgs_11213500,36.96875_-118.40625,36.96875,-118.40625,2.499971434381309,0.052662722766399384,0.14599766
usgs_11213500,36.96875_-118.46875,36.96875,-118.46875,2.4990331443735876,0.10668639093637466,0.20626305
usgs_11213500,36.96875_-118.53125,36.96875,-118.53125,2.499027898067374,0.07840237021446228,0.18054931
usgs_11213500,36.96875_-118.59375,36.96875,-118.59375,2.4999502993828653,0.2562130093574524,0.76792705
usgs_11213500,36.96875_-118.65625,36.96875,-118.65625,2.4999789212639687,0.27798816561698914,0.77896726
usgs_11213500,36.96875_-118.71875,36.96875,-118.71875,2.499945804670131,0.30526626110076904,0.6944425
usgs_11213500,36.96875_-118.78125,36.96875,-118.78125,2.49993363536764,0.36289942264556885,0.927095
usgs_11213500,36.96875_-118.84375,36.96875,-118.84375,2.499987355836851,0.3568047285079956,1.0081724
usgs_11213500,36.96875_-118.90625,36.96875,-118.90625,2.499828031219577,0.38420116901397705,1.0542191
usgs_11213500,37.03125_-118.40625,37.03125,-118.40625,2.4999850248050746,0.11100591719150543,0.17694913
usgs_11213500,37.03125_-118.46875,37.03125,-118.46875,2.499084638675442,0.037218935787677765,0.09322611
usgs_11213500,37.03125_-118.53125,37.03125,-118.53125,2.499160105053849,0.07863905280828476,0.18431477
usgs_11213500,37.03125_-118.59375,37.03125,-118.59375,2.4998177523286387,0.11479289829730988,0.31997484
usgs_11213500,37.03125_-118.65625,37.03125,-118.65625,2.4998057562161042,0.09497041255235672,0.2608716
usgs_11213500,37.03125_-118.71875,37.03125,-118.71875,2.4988448427419123,0.06248520687222481,0.12311727
usgs_11213500,37.03125_-118.78125,37.03125,-118.78125,2.4982899206224394,0.14662721753120422,0.31611344
usgs_11213500,37.03125_-118.84375,37.03125,-118.84375,2.499837823640517,0.25337278842926025,0.5026678
usgs_11213500,37.09375_-118.46875,37.09375,-118.46875,2.4999730063116834,0.0750887542963028,0.16121046
usgs_11213500,37.09375_-118.53125,37.09375,-118.53125,2.499669078984396,0.0530177503824234,0.10258863
usgs_11213500,37.09375_-118.59375,37.09375,-118.59375,2.4996713515038014,0.0923076942563057,0.2360488
usgs_11213500,37.09375_-118.65625,37.09375,-118.65625,2.4999172239282577,0.01928994059562683,0.082974605
usgs_11213500,37.09375_-118.71875,37.09375,-118.71875,2.49835801855779,0.03911242634057999,0.08829014
usgs_11213500,37.15625_-118.59375,37.15625,-118.59375,2.499957168492915,0.06621301919221878,0.15346383
usgs_11213500,37.15625_-118.65625,37.15625,-118.65625,2.4996433981784847,0.02869822457432747,0.0906823
usgs_11214000,37.03125_-118.71875,37.03125,-118.71875,2.4988448427419123,0.06248520687222481,0.12311727
usgs_11214000,37.03125_-118.78125,37.03125,-118.78125,2.4982899206224394,0.14662721753120422,0.31611344
usgs_11214000,37.03125_-118.84375,37.03125,-118.84375,2.499837823640517,0.25337278842926025,0.5026678
usgs_11214000,37.09375_-118.71875,37.09375,-118.71875,2.49835801855779,0.03911242634057999,0.08829014
usgs_11214000,37.09375_-118.78125,37.09375,-118.78125,2.4983688471363474,0.0959763303399086,0.16125372
usgs_11214000,37.09375_-118.84375,37.09375,-118.84375,2.498424399936035,0.25644969940185547,0.5042308
usgs_11214000,37.15625_-118.78125,37.15625,-118.78125,2.4993238716587003,0.13053254783153534,0.20620811
usgs_11218500,36.59375_-118.46875,36.59375,-118.46875,2.499968306168942,0.051479291170835495,0.12885803
usgs_11218500,36.59375_-118.53125,36.59375,-118.53125,2.499582878235521,0.03544378653168678,0.1037294
usgs_11218500,36.59375_-118.59375,36.59375,-118.59375,2.499752365760004,0.12183432281017303,0.32005113
usgs_11218500,36.65625_-118.40625,36.65625,-118.40625,2.4997981989862215,0.08952663093805313,0.16227548
usgs_11218500,36.65625_-118.46875,36.65625,-118.46875,2.4999620931454514,0.024319525808095932,0.089756474
usgs_11218500,36.65625_-118.53125,36.65625,-118.53125,2.4996981258511637,0.08786982297897339,0.26977637
usgs_11218500,36.65625_-118.59375,36.65625,-118.59375,2.4997368576305345,0.17017751932144165,0.35160172
usgs_11218500,36.65625_-118.65625,36.65625,-118.65625,2.499872855573204,0.20023669302463531,0.3871186
usgs_11218500,36.65625_-118.71875,36.65625,-118.71875,2.499079847683311,0.2646745443344116,0.5877467
usgs_11218500,36.65625_-118.78125,36.65625,-118.78125,2.4993443156455153,0.36698225140571594,0.8037228
usgs_11218500,36.71875_-118.34375,36.71875,-118.34375,2.4999706542147355,0.06319526582956314,0.20590597
usgs_11218500,36.71875_-118.40625,36.71875,-118.40625,2.499749966284601,0.06355029344558716,0.15508716
usgs_11218500,36.71875_-118.46875,36.71875,-118.46875,2.499966566099093,0.05952662602066994,0.16311274
usgs_11218500,36.71875_-118.53125,36.71875,-118.53125,2.499803116444838,0.15662722289562225,0.4595343
usgs_11218500,36.71875_-118.59375,36.71875,-118.59375,2.499929953107524,0.3285207152366638,0.9905976
usgs_11218500,36.71875_-118.65625,36.71875,-118.65625,2.4999983271565602,0.36213016510009766,1.0265853
usgs_11218500,36.71875_-118.71875,36.71875,-118.71875,2.499999083920584,0.3743787109851837,1.0133655
usgs_11218500,36.71875_-118.78125,36.71875,-118.78125,2.4999808994315336,0.3829585909843445,0.9409004
usgs_11218500,36.71875_-118.84375,36.71875,-118.84375,2.499352826065338,0.37917160987854004,0.921536
usgs_11218500,36.71875_-118.90625,36.71875,-118.90625,2.4997509683846086,0.44029584527015686,1.6141863
usgs_11218500,36.71875_-118.96875,36.71875,-118.96875,2.4999473554637603,0.4559171497821808,1.9821147
usgs_11218500,36.71875_-119.03125,36.71875,-119.03125,2.4998559269453864,0.45887574553489685,1.7495704
usgs_11218500,36.78125_-118.34375,36.78125,-118.34375,2.4999938862833897,0.09994082897901535,0.2392367
usgs_11218500,36.78125_-118.40625,36.78125,-118.40625,2.4991056524959614,0.07804733514785767,0.20263313
usgs_11218500,36.78125_-118.46875,36.78125,-118.46875,2.4998702297123554,0.155207097530365,0.38899583
usgs_11218500,36.78125_-118.53125,36.78125,-118.53125,2.4999947919637195,0.26615384221076965,0.82775146
usgs_11218500,36.78125_-118.59375,36.78125,-118.59375,2.499986258744897,0.3446153700351715,1.0183997
usgs_11218500,36.78125_-118.65625,36.78125,-118.65625,2.4999975285482874,0.37414202094078064,1.1486452
usgs_11218500,36.78125_-118.71875,36.78125,-118.71875,2.4999991246128377,0.38473373651504517,1.270384
usgs_11218500,36.78125_-118.78125,36.78125,-118.78125,2.4999961027741104,0.40798816084861755,1.3713522
usgs_11218500,36.78125_-118.84375,36.78125,-118.84375,2.499986916144356,0.41189348697662354,1.5330731
usgs_11218500,36.78125_-118.90625,36.78125,-118.90625,2.499907597753518,0.4143195152282715,1.5751752
usgs_11218500,36.78125_-118.96875,36.78125,-118.96875,2.4998726909267694,0.4297633171081543,1.7341685
usgs_11218500,36.78125_-119.03125,36.78125,-119.03125,2.499965646432507,0.4137278199195862,1.894155
usgs_11218500,36.78125_-119.09375,36.78125,-119.09375,2.49982412970817,0.41124260425567627,1.6265987
usgs_11218500,36.78125_-119.15625,36.78125,-119.15625,2.499486176923895,0.42656806111335754,1.4707979
usgs_11218500,36.84375_-118.34375,36.84375,-118.34375,2.499997534873767,0.0872781053185463,0.22878946
usgs_11218500,36.84375_-118.40625,36.84375,-118.40625,2.499647806197798,0.07792899757623672,0.1892844
usgs_11218500,36.84375_-118.46875,36.84375,-118.46875,2.499886705846796,0.13218934834003448,0.30114776
usgs_11218500,36.84375_-118.53125,36.84375,-118.53125,2.4999143402675967,0.2511242628097534,0.7461905
usgs_11218500,36.84375_-118.59375,36.84375,-118.59375,2.499716138974235,0.2155621349811554,0.5456915
usgs_11218500,36.84375_-118.65625,36.84375,-118.65625,2.499944134487487,0.2892899513244629,0.72904795
usgs_11218500,36.84375_-118.71875,36.84375,-118.71875,2.499912252552158,0.29284024238586426,0.9103055
usgs_11218500,36.84375_-118.78125,36.84375,-118.78125,2.499992290582094,0.3508284091949463,1.0358938
usgs_11218500,36.84375_-118.84375,36.84375,-118.84375,2.4998449183681766,0.31568047404289246,1.1587967
usgs_11218500,36.84375_-118.90625,36.84375,-118.90625,2.4999613670315264,0.34899407625198364,1.356558
usgs_11218500,36.84375_-118.96875,36.84375,-118.96875,2.4999980144722143,0.37467455863952637,1.5001707
usgs_11218500,36.84375_-119.03125,36.84375,-119.03125,2.499949017068741,0.3662721812725067,1.2946335
usgs_11218500,36.84375_-119.09375,36.84375,-119.09375,2.4999101958436216,0.37662720680236816,1.1962317
usgs_11218500,36.84375_-119.15625,36.84375,-119.15625,2.499928192373237,0.4192899465560913,1.3287607
usgs_11218500,36.90625_-118.34375,36.90625,-118.34375,2.4999988444974486,0.14479289948940277,0.30251712
usgs_11218500,36.90625_-118.40625,36.90625,-118.40625,2.4997522684506093,0.08248520642518997,0.1491641
usgs_11218500,36.90625_-118.46875,36.90625,-118.46875,2.4998100433362165,0.07923077046871185,0.18367124
usgs_11218500,36.90625_-118.53125,36.90625,-118.53125,2.499637271397699,0.1368047297000885,0.27906844
usgs_11218500,36.90625_-118.59375,36.90625,-118.59375,2.4988416800720907,0.18911242485046387,0.402762
usgs_11218500,36.90625_-118.65625,36.90625,-118.65625,2.499717310391145,0.18988165259361267,0.42927444
usgs_11218500,36.90625_-118.71875,36.90625,-118.71875,2.499996212008396,0.21455621719360352,0.51374286
usgs_11218500,36.90625_-118.78125,36.90625,-118.78125,2.4999868829085896,0.36597633361816406,1.0979841
usgs_11218500,36.90625_-118.84375,36.90625,-118.84375,2.499984820355346,0.3806508779525757,1.0822531
usgs_11218500,36.90625_-118.90625,36.90625,-118.90625,2.499996536961998,0.3622485101222992,1.1009935
usgs_11218500,36.90625_-118.96875,36.90625,-118.96875,2.499996747605473,0.40822485089302063,1.4791632
usgs_11218500,36.90625_-119.03125,36.90625,-119.03125,2.4999747345085037,0.40396448969841003,1.5152228
usgs_11218500,36.90625_-119.09375,36.90625,-119.09375,2.499916966618963,0.3772781193256378,1.361082
usgs_11218500,36.90625_-119.15625,36.90625,-119.15625,2.4993238308539194,0.4074556231498718,1.2657514
usgs_11218500,36.96875_-118.40625,36.96875,-118.40625,2.499971434381309,0.052662722766399384,0.14599766
usgs_11218500,36.96875_-118.46875,36.96875,-118.46875,2.4990331443735876,0.10668639093637466,0.20626305
usgs_11218500,36.96875_-118.53125,36.96875,-118.53125,2.499027898067374,0.07840237021446228,0.18054931
usgs_11218500,36.96875_-118.59375,36.96875,-118.59375,2.4999502993828653,0.2562130093574524,0.76792705
usgs_11218500,36.96875_-118.65625,36.96875,-118.65625,2.4999789212639687,0.27798816561698914,0.77896726
usgs_11218500,36.96875_-118.71875,36.96875,-118.71875,2.499945804670131,0.30526626110076904,0.6944425
usgs_11218500,36.96875_-118.78125,36.96875,-118.78125,2.49993363536764,0.36289942264556885,0.927095
usgs_11218500,36.96875_-118.84375,36.96875,-118.84375,2.499987355836851,0.3568047285079956,1.0081724
usgs_11218500,36.96875_-118.90625,36.96875,-118.90625,2.499828031219577,0.38420116901397705,1.0542191
usgs_11218500,36.96875_-118.96875,36.96875,-118.96875,2.4999541944288612,0.3980473279953003,1.2099835
usgs_11218500,36.96875_-119.03125,36.96875,-119.03125,2.4999997576194524,0.4036094546318054,1.293913
usgs_11218500,36.96875_-119.09375,36.96875,-119.09375,2.4999966949577184,0.4399999976158142,1.7153407
usgs_11218500,36.96875_-119.15625,36.96875,-119.15625,2.4998016717602574,0.43183431029319763,1.9431766
usgs_11218500,37.03125_-118.40625,37.03125,-118.40625,2.4999850248050746,0.11100591719150543,0.17694913
usgs_11218500,37.03125_-118.46875,37.03125,-118.46875,2.499084638675442,0.037218935787677765,0.09322611
usgs_11218500,37.03125_-118.53125,37.03125,-118.53125,2.499160105053849,0.07863905280828476,0.18431477
usgs_11218500,37.03125_-118.59375,37.03125,-118.59375,2.4998177523286387,0.11479289829730988,0.31997484
usgs_11218500,37.03125_-118.65625,37.03125,-118.65625,2.4998057562161042,0.09497041255235672,0.2608716
usgs_11218500,37.03125_-118.71875,37.03125,-118.71875,2.4988448427419123,0.06248520687222481,0.12311727
usgs_11218500,37.03125_-118.78125,37.03125,-118.78125,2.4982899206224394,0.14662721753120422,0.31611344
usgs_11218500,37.03125_-118.84375,37.03125,-118.84375,2.499837823640517,0.25337278842926025,0.5026678
usgs_11218500,37.03125_-118.90625,37.03125,-118.90625,2.499681531710723,0.29443785548210144,0.67418104
usgs_11218500,37.03125_-118.96875,37.03125,-118.96875,2.4998957057973934,0.299940824508667,0.76518536
usgs_11218500,37.03125_-119.03125,37.03125,-119.03125,2.4999838255998803,0.3860355019569397,1.0022091
usgs_11218500,37.03125_-119.09375,37.03125,-119.09375,2.4999905438166636,0.41106510162353516,1.3768331
usgs_11218500,37.03125_-119.15625,37.03125,-119.15625,2.499992480341761,0.4344378709793091,1.9297162
usgs_11218500,37.09375_-118.46875,37.09375,-118.46875,2.4999730063116834,0.0750887542963028,0.16121046
usgs_11218500,37.09375_-118.53125,37.09375,-118.53125,2.499669078984396,0.0530177503824234,0.10258863
usgs_11218500,37.09375_-118.59375,37.09375,-118.59375,2.4996713515038014,0.0923076942563057,0.2360488
usgs_11218500,37.09375_-118.65625,37.09375,-118.65625,2.4999172239282577,0.01928994059562683,0.082974605
usgs_11218500,37.09375_-118.71875,37.09375,-118.71875,2.49835801855779,0.03911242634057999,0.08829014
usgs_11218500,37.09375_-118.78125,37.09375,-118.78125,2.4983688471363474,0.0959763303399086,0.16125372
usgs_11218500,37.09375_-118.84375,37.09375,-118.84375,2.498424399936035,0.25644969940185547,0.5042308
usgs_11218500,37.09375_-118.90625,37.09375,-118.90625,2.499699112411278,0.30094674229621887,0.63214374
usgs_11218500,37.09375_-118.96875,37.09375,-118.96875,2.4999131974358537,0.2554437816143036,0.5306479
usgs_11218500,37.09375_-119.03125,37.09375,-119.03125,2.499844990014642,0.2730769217014313,0.5193995
usgs_11218500,37.09375_-119.09375,37.09375,-119.09375,2.4997967713696276,0.368461549282074,0.7686958
usgs_11218500,37.09375_-119.15625,37.09375,-119.15625,2.4995927599543304,0.34242603182792664,0.9981479
usgs_11218500,37.09375_-119.21875,37.09375,-119.21875,2.4998329356413898,0.39639052748680115,1.2889059
usgs_11218500,37.15625_-118.59375,37.15625,-118.59375,2.499957168492915,0.06621301919221878,0.15346383
usgs_11218500,37.15625_-118.65625,37.15625,-118.65625,2.4996433981784847,0.02869822457432747,0.0906823
usgs_11218500,37.15625_-118.78125,37.15625,-118.78125,2.4993238716587003,0.13053254783153534,0.20620811
usgs_11218500,37.15625_-118.84375,37.15625,-118.84375,2.497800891026797,0.18201182782649994,0.28455004
usgs_11218500,37.15625_-118.90625,37.15625,-118.90625,2.499565164911022,0.3245562016963959,0.6811713
usgs_11218500,37.15625_-118.96875,37.15625,-118.96875,2.4997822403237744,0.38360947370529175,0.78607464
usgs_11218500,37.15625_-119.03125,37.15625,-119.03125,2.4999733808368942,0.3361538350582123,0.63872564
usgs_11218500,37.15625_-119.09375,37.15625,-119.09375,2.4985290826833824,0.32147929072380066,0.628943
usgs_11218500,37.15625_-119.15625,37.15625,-119.15625,2.4986631716521126,0.40917161107063293,1.0371357
usgs_11218500,37.15625_-119.21875,37.15625,-119.21875,2.4985407641808077,0.32076922059059143,1.1322808
usgs_11218500,37.21875_-118.90625,37.21875,-118.90625,2.49993171993966,0.21491123735904694,0.44229534
usgs_11218500,37.21875_-118.96875,37.21875,-118.96875,2.4999704853676734,0.33094674348831177,0.66128856
usgs_11220000,36.90625_-119.21875,36.90625,-119.21875,2.4988733074954617,0.3950887620449066,1.1704218
usgs_11220000,36.90625_-119.28125,36.90625,-119.28125,2.499226824078579,0.3390532433986664,0.9934829
usgs_11220000,36.96875_-119.15625,36.96875,-119.15625,2.4998016717602574,0.43183431029319763,1.9431766
usgs_11220000,36.96875_-119.21875,36.96875,-119.21875,2.4994930542568836,0.42911243438720703,1.5831307
usgs_11220000,36.96875_-119.28125,36.96875,-119.28125,2.4976322231743913,0.4077514708042145,1.3320334
usgs_11220000,37.03125_-119.15625,37.03125,-119.15625,2.499992480341761,0.4344378709793091,1.9297162
usgs_11220000,37.03125_-119.21875,37.03125,-119.21875,2.499901026488831,0.4260946810245514,1.9762377
usgs_11220000,37.03125_-119.28125,37.03125,-119.28125,2.4987699718477847,0.3415384590625763,1.6522293
usgs_11220000,37.03125_-119.34375,37.03125,-119.34375,2.499223107646025,0.32573965191841125,1.5585022
usgs_11220000,37.09375_-119.15625,37.09375,-119.15625,2.4995927599543304,0.34242603182792664,0.9981479
usgs_11220000,37.09375_-119.21875,37.09375,-119.21875,2.4998329356413898,0.39639052748680115,1.2889059
usgs_11220000,37.09375_-119.28125,37.09375,-119.28125,2.4998832740818515,0.36869823932647705,1.6320494
usgs_11220000,37.09375_-119.34375,37.09375,-119.34375,2.4996350779755536,0.33520710468292236,1.6587437
usgs_11220500,36.90625_-119.28125,36.90625,-119.28125,2.499226824078579,0.3390532433986664,0.9934829
usgs_11220500,36.90625_-119.34375,36.90625,-119.34375,2.4984859194409195,0.40183430910110474,1.0567397
usgs_11220500,36.90625_-119.40625,36.90625,-119.40625,2.49906119117791,0.3813609480857849,0.9479807
usgs_11220500,36.96875_-119.28125,36.96875,-119.28125,2.4976322231743913,0.4077514708042145,1.3320334
usgs_11220500,36.96875_-119.34375,36.96875,-119.34375,2.498372923887869,0.4086982309818268,1.2276477
usgs_11220500,36.96875_-119.40625,36.96875,-119.40625,2.498074497505586,0.3552071154117584,1.1311481
usgs_11220500,37.03125_-119.28125,37.03125,-119.28125,2.4987699718477847,0.3415384590625763,1.6522293
usgs_11220500,37.03125_-119.34375,37.03125,-119.34375,2.499223107646025,0.32573965191841125,1.5585022
usgs_11220500,37.03125_-119.40625,37.03125,-119.40625,2.498803870274485,0.3721301853656769,1.4049164
usgs_11220500,37.09375_-119.34375,37.09375,-119.34375,2.4996350779755536,0.33520710468292236,1.6587437
usgs_11224500,36.15625_-120.46875,36.15625,-120.46875,2.4999774187320414,0.3499999940395355,0.58731556
usgs_11224500,36.15625_-120.53125,36.15625,-120.53125,2.499995227005946,0.23000000417232513,0.51391643
usgs_11224500,36.21875_-120.46875,36.21875,-120.46875,2.498953419722784,0.25,0.5298896
usgs_11224500,36.21875_-120.53125,36.21875,-120.53125,2.499892991182529,0.3400000035762787,0.72126144
usgs_11224500,36.21875_-120.59375,36.21875,-120.59375,2.4999107893248427,0.550000011920929,0.84473956
usgs_11224500,36.21875_-120.65625,36.21875,-120.65625,2.499385279983011,0.30000001192092896,0.85500467
usgs_11224500,36.28125_-120.46875,36.28125,-120.46875,2.4999523748000323,0.38999998569488525,0.50298065
usgs_11224500,36.28125_-120.53125,36.28125,-120.53125,2.4999994918490573,0.38999998569488525,0.43770146
usgs_11224500,36.28125_-120.59375,36.28125,-120.59375,2.4998645261047505,0.0,0.52166855
usgs_11224500,36.28125_-120.65625,36.28125,-120.65625,2.4995795060970187,0.38999998569488525,0.8489345
usgs_11224500,36.34375_-120.46875,36.34375,-120.46875,2.4999236512614864,0.36000001430511475,0.7239796
usgs_11224500,36.34375_-120.53125,36.34375,-120.53125,2.4997994078975543,0.550000011920929,0.92988
usgs_11224500,36.34375_-120.59375,36.34375,-120.59375,2.4998841528251488,0.5899999737739563,1.1435087
usgs_11224500,36.34375_-120.65625,36.34375,-120.65625,2.4993354597975275,0.46000000834465027,0.88745683
usgs_11226500,37.46875_-118.84375,37.46875,-118.84375,2.4989256347577813,0.10763313621282578,0.18683775
usgs_11226500,37.46875_-118.90625,37.46875,-118.90625,2.497953645476721,0.1209467425942421,0.19619672
usgs_11226500,37.46875_-118.96875,37.46875,-118.96875,2.4989895458865163,0.2014201134443283,0.32845175
usgs_11226500,37.46875_-119.03125,37.46875,-119.03125,2.4979154705303017,0.15988165140151978,0.2775416
usgs_11226500,37.46875_-119.09375,37.46875,-119.09375,2.499444602625362,0.3689940869808197,0.92767125
usgs_11226500,37.46875_-119.15625,37.46875,-119.15625,2.4999504090026456,0.34526628255844116,1.34087
usgs_11226500,37.46875_-119.21875,37.46875,-119.21875,2.4995801119864107,0.2653254568576813,0.83754677
usgs_11226500,37.53125_-118.84375,37.53125,-118.84375,2.499815786803878,0.09840236604213715,0.21269602
usgs_11226500,37.53125_-118.90625,37.53125,-118.90625,2.4996626451489274,0.1108875721693039,0.14996575
usgs_11226500,37.53125_-118.96875,37.53125,-118.96875,2.497918547503584,0.2262130230665207,0.3525995
usgs_11226500,37.53125_-119.03125,37.53125,-119.03125,2.4995061873574134,0.33230769634246826,0.6700952
usgs_11226500,37.53125_-119.09375,37.53125,-119.09375,2.499888293673587,0.3569822609424591,0.8412686
usgs_11226500,37.53125_-119.15625,37.53125,-119.15625,2.4999399028760623,0.3292899429798126,1.14257
usgs_11226500,37.53125_-119.21875,37.53125,-119.21875,2.49997281163781,0.33076924085617065,1.0670663
usgs_11226500,37.59375_-118.96875,37.59375,-118.96875,2.4999253359436118,0.2605917155742645,0.52035433
usgs_11226500,37.59375_-119.03125,37.59375,-119.03125,2.498385692027113,0.30852070450782776,0.57325447
usgs_11226500,37.59375_-119.09375,37.59375,-119.09375,2.4990844600831537,0.316982239484787,0.61721766
usgs_11226500,37.59375_-119.15625,37.59375,-119.15625,2.498766633060148,0.27124258875846863,0.5784552
usgs_11226500,37.59375_-119.21875,37.59375,-119.21875,2.4989997400226143,0.33153846859931946,0.79736996
usgs_11226500,37.59375_-119.28125,37.59375,-119.28125,2.4995563491093753,0.2991715967655182,0.64511156
usgs_11226500,37.65625_-119.03125,37.65625,-119.03125,2.4999787998114895,0.2940828502178192,0.72860765
usgs_11226500,37.65625_-119.09375,37.65625,-119.09375,2.499570913616952,0.3438461422920227,0.68461466
usgs_11226500,37.65625_-119.15625,37.65625,-119.15625,2.4997531720780044,0.17071005702018738,0.2106235
usgs_11226500,37.65625_-119.21875,37.65625,-119.21875,2.4986081494098125,0.15508875250816345,0.24864343
usgs_11226500,37.65625_-119.28125,37.65625,-119.28125,2.4989004580283556,0.1623668670654297,0.21821204
usgs_11226500,37.71875_-119.09375,37.71875,-119.09375,2.499685665206422,0.2637869715690613,0.4708504
usgs_11226500,37.71875_-119.15625,37.71875,-119.15625,2.4997668007786453,0.2366272211074829,0.27473798
usgs_11226500,37.71875_-119.21875,37.71875,-119.21875,2.4996661552243573,0.10118342936038971,0.13185787
usgs_11226500,37.71875_-119.28125,37.71875,-119.28125,2.4972347983766428,0.04289940744638443,0.09242787
usgs_11230500,37.28125_-118.78125,37.28125,-118.78125,2.499477150244081,0.12923076748847961,0.25349206
usgs_11230500,37.28125_-118.84375,37.28125,-118.84375,2.497837521914274,0.12011834233999252,0.17719974
usgs_11230500,37.28125_-118.90625,37.28125,-118.90625,2.4996583862291892,0.23461538553237915,0.47996488
usgs_11230500,37.34375_-118.78125,37.34375,-118.78125,2.49946151092658,0.017869822680950165,0.08030797
usgs_11230500,37.34375_-118.84375,37.34375,-118.84375,2.4976638151305393,0.09721893817186356,0.19684058
usgs_11230500,37.34375_-118.90625,37.34375,-118.90625,2.499139234197444,0.25532543659210205,0.4608028
usgs_11230500,37.34375_-118.96875,37.34375,-118.96875,2.499471532977445,0.3040236830711365,0.76232094
usgs_11230500,37.40625_-118.78125,37.40625,-118.78125,2.4996230794014043,0.06408283859491348,0.13242532
usgs_11230500,37.40625_-118.84375,37.40625,-118.84375,2.4991368042210294,0.10822485387325287,0.29769576
usgs_11230500,37.40625_-118.90625,37.40625,-118.90625,2.499183376457596,0.28023669123649597,0.5325241
usgs_11230500,37.40625_-118.96875,37.40625,-118.96875,2.499686984096339,0.3218343257904053,0.8613896
usgs_11237500,37.15625_-119.09375,37.15625,-119.09375,2.4985290826833824,0.32147929072380066,0.628943
usgs_11237500,37.15625_-119.15625,37.15625,-119.15625,2.4986631716521126,0.40917161107063293,1.0371357
usgs_11237500,37.15625_-119.21875,37.15625,-119.21875,2.4985407641808077,0.32076922059059143,1.1322808
usgs_11237500,37.21875_-119.09375,37.21875,-119.09375,2.4998434856768625,0.3552071154117584,0.7419015
usgs_11237500,37.21875_-119.15625,37.21875,-119.15625,2.4978731034919663,0.3357396423816681,0.97606605
usgs_11237500,37.21875_-119.21875,37.21875,-119.21875,2.4995347860597357,0.3256804645061493,1.2868499
usgs_11253310,36.34375_-120.53125,36.34375,-120.53125,2.4997994078975543,0.550000011920929,0.92988
usgs_11253310,36.34375_-120.59375,36.34375,-120.59375,2.4998841528251488,0.5899999737739563,1.1435087
usgs_11253310,36.34375_-120.65625,36.34375,-120.65625,2.4993354597975275,0.46000000834465027,0.88745683
usgs_11253310,36.40625_-120.40625,36.40625,-120.40625,2.49999809502668,0.0,0.4333559
usgs_11253310,36.40625_-120.46875,36.40625,-120.46875,2.499992364148421,0.20000000298023224,0.44717607
usgs_11253310,36.40625_-120.53125,36.40625,-120.53125,2.499998958804854,0.0,0.42071307
usgs_11253310,36.40625_-120.59375,36.40625,-120.59375,2.4999723859824146,0.4099999964237213,0.53336215
usgs_11253310,36.40625_-120.65625,36.40625,-120.65625,2.4996051617731254,0.44999998807907104,0.8190552
usgs_11253310,36.46875_-120.46875,36.46875,-120.46875,2.4999814142976797,0.11999999731779099,0.32800797
usgs_11257500,37.21875_-119.71875,37.21875,-119.71875,2.499126503134022,0.44999998807907104,1.2093441
usgs_11257500,37.21875_-119.78125,37.21875,-119.78125,2.4996410555890414,0.0,1.0705234
usgs_11257500,37.21875_-119.84375,37.21875,-119.84375,2.4995681608633737,0.3400000035762787,1.1356016
usgs_11257500,37.28125_-119.59375,37.28125,-119.59375,2.4981725923473315,0.43183431029319763,1.9416224
usgs_11257500,37.28125_-119.65625,37.28125,-119.65625,2.4940449314604525,0.3971005976200104,1.4918766
usgs_11257500,37.28125_-119.71875,37.28125,-119.71875,2.4996907947323477,0.5600000023841858,1.4239562
usgs_11257500,37.28125_-119.78125,37.28125,-119.78125,2.4991268269074753,0.3400000035762787,1.1444776
usgs_11257500,37.28125_-119.84375,37.28125,-119.84375,2.49967932446295,0.3199999928474426,1.1320524
usgs_11257500,37.34375_-119.59375,37.34375,-119.59375,2.4973654127182554,0.38745561242103577,1.752579
usgs_11257500,37.34375_-119.65625,37.34375,-119.65625,2.493802024083564,0.30000001192092896,1.38785
usgs_11257500,37.34375_-119.71875,37.34375,-119.71875,2.4990083700811736,0.4000000059604645,1.1470546
usgs_11257500,37.34375_-119.78125,37.34375,-119.78125,2.499896904294877,0.4399999976158142,1.2313384
usgs_11257500,37.40625_-119.53125,37.40625,-119.53125,2.499977996480331,0.4862130284309387,2.0662568
usgs_11257500,37.40625_-119.59375,37.40625,-119.59375,2.4999647504728792,0.42402365803718567,2.313842
usgs_11257500,37.40625_-119.65625,37.40625,-119.65625,2.4997097385408713,0.5199999809265137,2.219718
usgs_11257500,37.40625_-119.71875,37.40625,-119.71875,2.4984103995625384,0.3700000047683716,1.56548
usgs_11257500,37.40625_-119.78125,37.40625,-119.78125,2.4988426339721848,0.4699999988079071,1.4062083
usgs_11257500,37.46875_-119.53125,37.46875,-119.53125,2.4999306067515104,0.43680474162101746,1.3854588
usgs_11257500,37.46875_-119.59375,37.46875,-119.59375,2.499986377496773,0.4308875799179077,2.216755
usgs_11257500,37.46875_-119.65625,37.46875,-119.65625,2.4999982739466446,0.4715384542942047,2.5993972
usgs_11257500,37.46875_-119.71875,37.46875,-119.71875,2.4999506182226354,0.4502958655357361,2.350405
usgs_11258000,37.09375_-119.71875,37.09375,-119.71875,2.4993561930628196,0.4318934977054596,0.9696893
usgs_11258000,37.09375_-119.78125,37.09375,-119.78125,2.4994077469629934,0.4699999988079071,0.8312096
usgs_11258000,37.09375_-119.84375,37.09375,-119.84375,2.4998942435125833,0.4699999988079071,0.7337847
usgs_11258000,37.09375_-119.90625,37.09375,-119.90625,2.4998701395430327,0.5600000023841858,0.8336146
usgs_11258000,37.15625_-119.65625,37.15625,-119.65625,2.4984783910611874,0.4059171676635742,1.1790471
usgs_11258000,37.15625_-119.71875,37.15625,-119.71875,2.498577760001218,0.4102366864681244,1.110383
usgs_11258000,37.15625_-119.78125,37.15625,-119.78125,2.4999463014931744,0.3700000047683716,1.0993714
usgs_11258000,37.15625_-119.84375,37.15625,-119.84375,2.4995883333335636,0.41999998688697815,0.77686363
usgs_11258000,37.15625_-119.90625,37.15625,-119.90625,2.4998787875411628,0.4099999964237213,0.8310729
usgs_11258000,37.21875_-119.65625,37.21875,-119.65625,2.49816970302506,0.41165679693222046,1.3684465
usgs_11258000,37.21875_-119.71875,37.21875,-119.71875,2.499126503134022,0.44999998807907104,1.2093441
usgs_11258000,37.21875_-119.78125,37.21875,-119.78125,2.4996410555890414,0.0,1.0705234
usgs_11258000,37.21875_-119.84375,37.21875,-119.84375,2.4995681608633737,0.3400000035762787,1.1356016
usgs_11258000,37.21875_-119.90625,37.21875,-119.90625,2.499919076420385,0.0,0.7412431
usgs_11258000,37.28125_-119.59375,37.28125,-119.59375,2.4981725923473315,0.43183431029319763,1.9416224
usgs_11258000,37.28125_-119.65625,37.28125,-119.65625,2.4940449314604525,0.3971005976200104,1.4918766
usgs_11258000,37.28125_-119.71875,37.28125,-119.71875,2.4996907947323477,0.5600000023841858,1.4239562
usgs_11258000,37.28125_-119.78125,37.28125,-119.78125,2.4991268269074753,0.3400000035762787,1.1444776
usgs_11258000,37.28125_-119.84375,37.28125,-119.84375,2.49967932446295,0.3199999928474426,1.1320524
usgs_11258000,37.34375_-119.59375,37.34375,-119.59375,2.4973654127182554,0.38745561242103577,1.752579
usgs_11258000,37.34375_-119.65625,37.34375,-119.65625,2.493802024083564,0.30000001192092896,1.38785
usgs_11258000,37.34375_-119.71875,37.34375,-119.71875,2.4990083700811736,0.4000000059604645,1.1470546
usgs_11258000,37.34375_-119.78125,37.34375,-119.78125,2.499896904294877,0.4399999976158142,1.2313384
usgs_11258000,37.40625_-119.53125,37.40625,-119.53125,2.499977996480331,0.4862130284309387,2.0662568
usgs_11258000,37.40625_-119.59375,37.40625,-119.59375,2.4999647504728792,0.42402365803718567,2.313842
usgs_11258000,37.40625_-119.65625,37.40625,-119.65625,2.4997097385408713,0.5199999809265137,2.219718
usgs_11258000,37.40625_-119.71875,37.40625,-119.71875,2.4984103995625384,0.3700000047683716,1.56548
usgs_11258000,37.40625_-119.78125,37.40625,-119.78125,2.4988426339721848,0.4699999988079071,1.4062083
usgs_11258000,37.46875_-119.53125,37.46875,-119.53125,2.4999306067515104,0.43680474162101746,1.3854588
usgs_11258000,37.46875_-119.59375,37.46875,-119.59375,2.499986377496773,0.4308875799179077,2.216755
usgs_11258000,37.46875_-119.65625,37.46875,-119.65625,2.4999982739466446,0.4715384542942047,2.5993972
usgs_11258000,37.46875_-119.71875,37.46875,-119.71875,2.4999506182226354,0.4502958655357361,2.350405
usgs_11259000,37.15625_-119.90625,37.15625,-119.90625,2.4998787875411628,0.4099999964237213,0.8310729
usgs_11259000,37.21875_-119.84375,37.21875,-119.84375,2.4995681608633737,0.3400000035762787,1.1356016
usgs_11259000,37.21875_-119.90625,37.21875,-119.90625,2.499919076420385,0.0,0.7412431
usgs_11259000,37.21875_-119.96875,37.21875,-119.96875,2.4999004698181153,0.0,0.9335639
usgs_11259000,37.28125_-119.78125,37.28125,-119.78125,2.4991268269074753,0.3400000035762787,1.1444776
usgs_11259000,37.28125_-119.84375,37.28125,-119.84375,2.49967932446295,0.3199999928474426,1.1320524
usgs_11259000,37.28125_-119.90625,37.28125,-119.90625,2.4997776581297377,0.3400000035762787,1.110837
usgs_11259000,37.28125_-119.96875,37.28125,-119.96875,2.499520860763619,0.38999998569488525,1.1386658
usgs_11259000,37.28125_-120.03125,37.28125,-120.03125,2.499994548223422,0.49000000953674316,0.8638276
usgs_11259000,37.34375_-119.78125,37.34375,-119.78125,2.499896904294877,0.4399999976158142,1.2313384
usgs_11259000,37.34375_-119.84375,37.34375,-119.84375,2.4997242861060047,0.41999998688697815,1.0657231
usgs_11259000,37.34375_-119.90625,37.34375,-119.90625,2.4999405334113325,0.36000001430511475,1.1675175
usgs_11259000,37.34375_-119.96875,37.34375,-119.96875,2.499996934557141,0.4699999988079071,0.8662078
usgs_11259000,37.34375_-120.03125,37.34375,-120.03125,2.4998518493822512,0.4000000059604645,0.9048165
usgs_11259000,37.40625_-119.71875,37.40625,-119.71875,2.4984103995625384,0.3700000047683716,1.56548
usgs_11259000,37.40625_-119.78125,37.40625,-119.78125,2.4988426339721848,0.4699999988079071,1.4062083
usgs_11259000,37.40625_-119.84375,37.40625,-119.84375,2.499499935402442,0.3199999928474426,1.2418841
usgs_11259000,37.40625_-119.90625,37.40625,-119.90625,2.4994096463088926,0.46000000834465027,1.3420199
usgs_11259000,37.40625_-119.96875,37.40625,-119.96875,2.499940237590646,0.4699999988079071,1.5146977
usgs_11259000,37.40625_-120.03125,37.40625,-120.03125,2.4995387594455636,0.47999998927116394,1.0662678
usgs_11259000,37.46875_-119.65625,37.46875,-119.65625,2.4999982739466446,0.4715384542942047,2.5993972
usgs_11259000,37.46875_-119.71875,37.46875,-119.71875,2.4999506182226354,0.4502958655357361,2.350405
usgs_11259000,37.46875_-119.78125,37.46875,-119.78125,2.4952146240525623,0.3700000047683716,1.5956811
usgs_11259000,37.46875_-119.84375,37.46875,-119.84375,2.4975933713309866,0.4099999964237213,1.5524949
usgs_11259000,37.46875_-119.90625,37.46875,-119.90625,2.497123559567334,0.33000001311302185,1.4572397
usgs_11259000,37.53125_-119.71875,37.53125,-119.71875,2.4999502986094106,0.386982262134552,2.1739168
usgs_11259000,37.53125_-119.78125,37.53125,-119.78125,2.499488833175966,0.3852662742137909,2.067586
usgs_11259000,37.53125_-119.84375,37.53125,-119.84375,2.492527299694058,0.303846150636673,2.040947
usgs_11259000,37.53125_-119.90625,37.53125,-119.90625,2.4880030923575216,0.3227810561656952,1.7886566
usgs_11259000,37.59375_-119.84375,37.59375,-119.84375,2.4996595917492286,0.34816569089889526,1.9501561
usgs_11259000,37.59375_-119.90625,37.59375,-119.90625,2.495604693365798,0.3566272258758545,1.726815
usgs_11264500,37.59375_-119.40625,37.59375,-119.40625,2.4962440205209915,0.21834319829940796,0.33236757
usgs_11264500,37.59375_-119.46875,37.59375,-119.46875,2.498639322787032,0.2583431899547577,0.46251866
usgs_11264500,37.59375_-119.53125,37.59375,-119.53125,2.498899592790462,0.27005916833877563,0.6037368
usgs_11264500,37.65625_-119.28125,37.65625,-119.28125,2.4989004580283556,0.1623668670654297,0.21821204
usgs_11264500,37.65625_-119.34375,37.65625,-119.34375,2.4989632603762217,0.15804733335971832,0.22322355
usgs_11264500,37.65625_-119.40625,37.65625,-119.40625,2.4927687483902385,0.11053254455327988,0.19283086
usgs_11264500,37.65625_-119.46875,37.65625,-119.46875,2.4990617413329836,0.31431952118873596,0.7720174
usgs_11264500,37.65625_-119.53125,37.65625,-119.53125,2.499891326206419,0.3190532624721527,0.77500826
usgs_11264500,37.65625_-119.59375,37.65625,-119.59375,2.499944303259741,0.3655029535293579,1.0122432
usgs_11264500,37.71875_-119.28125,37.71875,-119.28125,2.4972347983766428,0.04289940744638443,0.09242787
usgs_11264500,37.71875_-119.34375,37.71875,-119.34375,2.4978192725154402,0.18005916476249695,0.31418443
usgs_11264500,37.71875_-119.40625,37.71875,-119.40625,2.4997290143627326,0.22644969820976257,0.44679365
usgs_11264500,37.71875_-119.46875,37.71875,-119.46875,2.499328144767901,0.2826627194881439,0.6155209
usgs_11264500,37.71875_-119.53125,37.71875,-119.53125,2.4999564262717353,0.345976322889328,0.86689216
usgs_11264500,37.71875_-119.59375,37.71875,-119.59375,2.499998104565,0.3651479184627533,1.1311091
usgs_11264500,37.78125_-119.28125,37.78125,-119.28125,2.4992190686432894,0.1460946798324585,0.22676516
usgs_11264500,37.78125_-119.34375,37.78125,-119.34375,2.495947797041868,0.1569230705499649,0.21755967
usgs_11264500,37.78125_-119.40625,37.78125,-119.40625,2.496636693638743,0.2426627278327942,0.34339353
usgs_11264500,37.78125_-119.46875,37.78125,-119.46875,2.497530172197298,0.2641420066356659,0.45774624
usgs_11264500,37.78125_-119.53125,37.78125,-119.53125,2.4998724531810237,0.33579882979393005,0.789818
usgs_11264500,37.84375_-119.34375,37.84375,-119.34375,2.499713997744815,0.26751479506492615,0.50064576
usgs_11264500,37.84375_-119.40625,37.84375,-119.40625,2.49917221390556,0.24319526553153992,0.3883451
usgs_11264500,37.84375_-119.46875,37.84375,-119.46875,2.498778735444254,0.23656804859638214,0.35019273
usgs_11266500,37.59375_-119.40625,37.59375,-119.40625,2.4962440205209915,0.21834319829940796,0.33236757
usgs_11266500,37.59375_-119.46875,37.59375,-119.46875,2.498639322787032,0.2583431899547577,0.46251866
usgs_11266500,37.59375_-119.53125,37.59375,-119.53125,2.498899592790462,0.27005916833877563,0.6037368
usgs_11266500,37.59375_-119.59375,37.59375,-119.59375,2.4996153327160755,0.3599408268928528,1.0073057
usgs_11266500,37.65625_-119.28125,37.65625,-119.28125,2.4989004580283556,0.1623668670654297,0.21821204
usgs_11266500,37.65625_-119.34375,37.65625,-119.34375,2.4989632603762217,0.15804733335971832,0.22322355
usgs_11266500,37.65625_-119.40625,37.65625,-119.40625,2.4927687483902385,0.11053254455327988,0.19283086
usgs_11266500,37.65625_-119.46875,37.65625,-119.46875,2.4990617413329836,0.31431952118873596,0.7720174
usgs_11266500,37.65625_-119.53125,37.65625,-119.53125,2.499891326206419,0.3190532624721527,0.77500826
usgs_11266500,37.65625_-119.59375,37.65625,-119.59375,2.499944303259741,0.3655029535293579,1.0122432
usgs_11266500,37.65625_-119.65625,37.65625,-119.65625,2.499957988627619,0.4453846216201782,1.4828845
usgs_11266500,37.71875_-119.28125,37.71875,-119.28125,2.4972347983766428,0.04289940744638443,0.09242787
usgs_11266500,37.71875_-119.34375,37.71875,-119.34375,2.4978192725154402,0.18005916476249695,0.31418443
usgs_11266500,37.71875_-119.40625,37.71875,-119.40625,2.4997290143627326,0.22644969820976257,0.44679365
usgs_11266500,37.71875_-119.46875,37.71875,-119.46875,2.499328144767901,0.2826627194881439,0.6155209
usgs_11266500,37.71875_-119.53125,37.71875,-119.53125,2.4999564262717353,0.345976322889328,0.86689216
usgs_11266500,37.71875_-119.59375,37.71875,-119.59375,2.499998104565,0.3651479184627533,1.1311091
usgs_11266500,37.71875_-119.65625,37.71875,-119.65625,2.4999956139859423,0.3866272270679474,1.3431263
usgs_11266500,37.78125_-119.28125,37.78125,-119.28125,2.4992190686432894,0.1460946798324585,0.22676516
usgs_11266500,37.78125_-119.34375,37.78125,-119.34375,2.495947797041868,0.1569230705499649,0.21755967
usgs_11266500,37.78125_-119.40625,37.78125,-119.40625,2.496636693638743,0.2426627278327942,0.34339353
usgs_11266500,37.78125_-119.46875,37.78125,-119.46875,2.497530172197298,0.2641420066356659,0.45774624
usgs_11266500,37.78125_-119.53125,37.78125,-119.53125,2.4998724531810237,0.33579882979393005,0.789818
usgs_11266500,37.78125_-119.59375,37.78125,-119.59375,2.4998497983688424,0.3701183497905731,0.8198876
usgs_11266500,37.78125_-119.65625,37.78125,-119.65625,2.4992202020281002,0.3318343162536621,0.7022689
usgs_11266500,37.84375_-119.34375,37.84375,-119.34375,2.499713997744815,0.26751479506492615,0.50064576
usgs_11266500,37.84375_-119.40625,37.84375,-119.40625,2.49917221390556,0.24319526553153992,0.3883451
usgs_11266500,37.84375_-119.46875,37.84375,-119.46875,2.498778735444254,0.23656804859638214,0.35019273
usgs_11266500,37.84375_-119.53125,37.84375,-119.53125,2.495742678359803,0.2271597683429718,0.44542456
usgs_11266500,37.84375_-119.59375,37.84375,-119.59375,2.4987308501233185,0.3442011773586273,0.81418365
usgs_11266500,37.84375_-119.65625,37.84375,-119.65625,2.499734015857592,0.3585207164287567,0.8102599
usgs_11266500,37.90625_-119.53125,37.90625,-119.53125,2.4999749518008274,0.23692308366298676,0.48946267
usgs_11266500,37.90625_-119.59375,37.90625,-119.59375,2.499996172319287,0.3109467327594757,0.7573519
usgs_11268000,37.46875_-119.46875,37.46875,-119.46875,2.4999277073402144,0.39698225259780884,1.0389456
usgs_11268000,37.46875_-119.53125,37.46875,-119.53125,2.4999306067515104,0.43680474162101746,1.3854588
usgs_11268000,37.46875_-119.59375,37.46875,-119.59375,2.499986377496773,0.4308875799179077,2.216755
usgs_11268000,37.46875_-119.65625,37.46875,-119.65625,2.4999982739466446,0.4715384542942047,2.5993972
usgs_11268000,37.46875_-119.71875,37.46875,-119.71875,2.4999506182226354,0.4502958655357361,2.350405
usgs_11268000,37.53125_-119.40625,37.53125,-119.40625,2.4992039841432954,0.30000001192092896,0.74168473
usgs_11268000,37.53125_-119.46875,37.53125,-119.46875,2.4998904525538874,0.38130176067352295,0.8484126
usgs_11268000,37.53125_-119.53125,37.53125,-119.53125,2.4998459335807706,0.35958579182624817,1.1226006
usgs_11268000,37.53125_-119.59375,37.53125,-119.59375,2.4999094533860626,0.37952661514282227,1.8495194
usgs_11268000,37.53125_-119.65625,37.53125,-119.65625,2.499407553498971,0.45786982774734497,2.2157993
usgs_11268000,37.53125_-119.71875,37.53125,-119.71875,2.4999502986094106,0.386982262134552,2.1739168
usgs_11268000,37.53125_-119.78125,37.53125,-119.78125,2.499488833175966,0.3852662742137909,2.067586
usgs_11268000,37.53125_-119.84375,37.53125,-119.84375,2.492527299694058,0.303846150636673,2.040947
usgs_11268000,37.59375_-119.34375,37.59375,-119.34375,2.499393393498263,0.19585798680782318,0.32419956
usgs_11268000,37.59375_-119.40625,37.59375,-119.40625,2.4962440205209915,0.21834319829940796,0.33236757
usgs_11268000,37.59375_-119.46875,37.59375,-119.46875,2.498639322787032,0.2583431899547577,0.46251866
usgs_11268000,37.59375_-119.53125,37.59375,-119.53125,2.498899592790462,0.27005916833877563,0.6037368
usgs_11268000,37.59375_-119.59375,37.59375,-119.59375,2.4996153327160755,0.3599408268928528,1.0073057
usgs_11268000,37.59375_-119.65625,37.59375,-119.65625,2.499998215346481,0.4937869906425476,2.0394962
usgs_11268000,37.59375_-119.71875,37.59375,-119.71875,2.4998859684953594,0.3751479387283325,1.8323164
usgs_11268000,37.59375_-119.78125,37.59375,-119.78125,2.4995720768924974,0.3533727824687958,1.5881735
usgs_11268000,37.59375_-119.84375,37.59375,-119.84375,2.4996595917492286,0.34816569089889526,1.9501561
usgs_11268000,37.59375_-119.90625,37.59375,-119.90625,2.495604693365798,0.3566272258758545,1.726815
usgs_11268000,37.65625_-119.34375,37.65625,-119.34375,2.4989632603762217,0.15804733335971832,0.22322355
usgs_11268000,37.65625_-119.40625,37.65625,-119.40625,2.4927687483902385,0.11053254455327988,0.19283086
usgs_11268000,37.65625_-119.59375,37.65625,-119.59375,2.499944303259741,0.3655029535293579,1.0122432
usgs_11268000,37.65625_-119.65625,37.65625,-119.65625,2.499957988627619,0.4453846216201782,1.4828845
usgs_11268000,37.65625_-119.71875,37.65625,-119.71875,2.499946051775454,0.3887574076652527,1.9316374
usgs_11268000,37.65625_-119.78125,37.65625,-119.78125,2.4994986075897527,0.35147929191589355,1.5756124
usgs_11268000,37.65625_-119.84375,37.65625,-119.84375,2.4980233990232783,0.3291715979576111,1.2626147
usgs_11268000,37.65625_-119.90625,37.65625,-119.90625,2.4994035443209675,0.32727810740470886,1.1709238
usgs_11269300,37.65625_-120.09375,37.65625,-120.09375,2.4982696890235725,0.3722485303878784,1.0890235
usgs_11269300,37.65625_-120.15625,37.65625,-120.15625,2.495352785209853,0.3199999928474426,0.96582866
usgs_11269300,37.71875_-120.09375,37.71875,-120.09375,2.4997913067104345,0.45059171319007874,1.49545
usgs_11269300,37.71875_-120.15625,37.71875,-120.15625,2.4954635962441007,0.4324851930141449,1.4570773
usgs_11269300,37.71875_-120.21875,37.71875,-120.21875,2.497985631923453,0.4278106391429901,1.1282659
usgs_11269300,37.78125_-120.15625,37.78125,-120.15625,2.4980817061707485,0.4562721848487854,1.8220307
usgs_11269300,37.78125_-120.21875,37.78125,-120.21875,2.4906708928550882,0.4508875608444214,1.4137285
usgs_11274500,37.15625_-121.34375,37.15625,-121.34375,2.4990721149648945,0.25999999046325684,0.94130117
usgs_11274500,37.15625_-121.40625,37.15625,-121.40625,2.4995814132862275,0.33000001311302185,1.0243399
usgs_11274500,37.21875_-121.21875,37.21875,-121.21875,2.4999926193896975,0.3400000035762787,0.55439496
usgs_11274500,37.21875_-121.28125,37.21875,-121.28125,2.4999169643265287,0.36000001430511475,0.85227823
usgs_11274500,37.21875_-121.34375,37.21875,-121.34375,2.4992798512828185,0.3700000047683716,0.8323204
usgs_11274500,37.21875_-121.40625,37.21875,-121.40625,2.499406667389823,0.2800000011920929,0.93404824
usgs_11274500,37.21875_-121.46875,37.21875,-121.46875,2.4999546109895743,0.25999999046325684,0.90603006
usgs_11274500,37.28125_-121.09375,37.28125,-121.09375,2.499924134749107,0.0,0.80119944
usgs_11274500,37.28125_-121.15625,37.28125,-121.15625,2.4999939613459468,0.3799999952316284,0.80919075
usgs_11274500,37.28125_-121.21875,37.28125,-121.21875,2.4999755344049355,0.3700000047683716,0.7713834
usgs_11274500,37.28125_-121.28125,37.28125,-121.28125,2.4999908773245814,0.25999999046325684,0.8532018
usgs_11274500,37.28125_-121.34375,37.28125,-121.34375,2.499603571462398,0.3700000047683716,0.9148046
usgs_11274500,37.28125_-121.40625,37.28125,-121.40625,2.4988810514573583,0.25999999046325684,0.805041
usgs_11274500,37.28125_-121.46875,37.28125,-121.46875,2.4999808415453817,0.25,0.82466483
usgs_11274500,37.34375_-121.09375,37.34375,-121.09375,2.4999995769707963,0.10000000149011612,0.7747976
usgs_11274500,37.34375_-121.15625,37.34375,-121.15625,2.4999911479332155,0.3499999940395355,0.6515973
usgs_11274500,37.34375_-121.21875,37.34375,-121.21875,2.4999985039265336,0.4000000059604645,0.63489014
usgs_11274500,37.34375_-121.28125,37.34375,-121.28125,2.499747863478657,0.3700000047683716,0.64413786
usgs_11274500,37.34375_-121.34375,37.34375,-121.34375,2.499998467126413,0.20999999344348907,0.8121072
usgs_11274500,37.34375_-121.40625,37.34375,-121.40625,2.4996079103711404,0.4099999964237213,0.8586499
usgs_11274500,37.40625_-121.34375,37.40625,-121.34375,2.4999988805151387,0.20000000298023224,0.7614065
usgs_11274500,37.40625_-121.40625,37.40625,-121.40625,2.4999975628583933,0.2199999988079071,0.353844
usgs_11274630,37.34375_-121.34375,37.34375,-121.34375,2.499998467126413,0.20999999344348907,0.8121072
usgs_11274630,37.40625_-121.21875,37.40625,-121.21875,2.4999906166702077,0.38999998569488525,0.7252774
usgs_11274630,37.40625_-121.28125,37.40625,-121.28125,2.4999996192593867,0.38999998569488525,0.6416709
usgs_11274630,37.40625_-121.34375,37.40625,-121.34375,2.4999988805151387,0.20000000298023224,0.7614065
usgs_11274630,37.40625_-121.40625,37.40625,-121.40625,2.4999975628583933,0.2199999988079071,0.353844
usgs_11274630,37.40625_-121.46875,37.40625,-121.46875,2.4975332527045433,0.0,0.88952684
usgs_11274630,37.46875_-121.21875,37.46875,-121.21875,2.4999926797169145,0.33000001311302185,0.69328535
usgs_11274630,37.46875_-121.28125,37.46875,-121.28125,2.4999923475748593,0.3199999928474426,0.57188517
usgs_11274630,37.46875_-121.34375,37.46875,-121.34375,2.499720944359734,0.25,0.87734544
usgs_11274630,37.46875_-121.40625,37.46875,-121.40625,2.4998554294625985,0.36000001430511475,0.92625344
usgs_11274630,37.46875_-121.46875,37.46875,-121.46875,2.49899617177315,0.25999999046325684,0.9411125
usgs_11275000,37.96875_-119.71875,37.96875,-119.71875,2.4998361980527273,0.28284022212028503,0.83302265
usgs_11275000,37.96875_-119.78125,37.96875,-119.78125,2.499502246616932,0.28686389327049255,0.8785365
usgs_11275000,38.03125_-119.65625,38.03125,-119.65625,2.492717894911655,0.2188757359981537,0.3699556
usgs_11275000,38.03125_-119.71875,38.03125,-119.71875,2.483545571038988,0.21254438161849976,0.41219047
usgs_11275000,38.03125_-119.78125,38.03125,-119.78125,2.4882703155699755,0.2554437816143036,0.5164328
usgs_11275000,38.09375_-119.59375,38.09375,-119.59375,2.4863048553128406,0.1474556177854538,0.21850984
usgs_11275000,38.09375_-119.65625,38.09375,-119.65625,2.4956976105590263,0.15934911370277405,0.22355889
usgs_11275000,38.15625_-119.53125,38.15625,-119.53125,2.4987022446375122,0.14402367174625397,0.2394104
usgs_11275000,38.15625_-119.59375,38.15625,-119.59375,2.487614087582672,0.14852070808410645,0.24250042
usgs_11275000,38.15625_-119.65625,38.15625,-119.65625,2.4863420575480752,0.1528402417898178,0.24332815
usgs_11281000,37.78125_-119.65625,37.78125,-119.65625,2.4992202020281002,0.3318343162536621,0.7022689
usgs_11281000,37.78125_-119.71875,37.78125,-119.71875,2.4997820938675845,0.3858579993247986,0.9942055
usgs_11281000,37.78125_-119.78125,37.78125,-119.78125,2.4999533508682736,0.40041419863700867,1.6660738
usgs_11281000,37.78125_-119.84375,37.78125,-119.84375,2.499623740788258,0.3960946798324585,2.0976837
usgs_11281000,37.78125_-119.90625,37.78125,-119.90625,2.4988503684156074,0.3914792835712433,2.1305215
usgs_11281000,37.78125_-119.96875,37.78125,-119.96875,2.4996139458734206,0.41899406909942627,2.215863
usgs_11281000,37.78125_-120.03125,37.78125,-120.03125,2.4979616821247443,0.46739643812179565,1.7758132
usgs_11281000,37.84375_-119.65625,37.84375,-119.65625,2.499734015857592,0.3585207164287567,0.8102599
usgs_11281000,37.84375_-119.71875,37.84375,-119.71875,2.49906587578827,0.3484615385532379,0.87969476
usgs_11281000,37.84375_-119.78125,37.84375,-119.78125,2.4999374565544517,0.38609468936920166,1.4992392
usgs_11281000,37.84375_-119.84375,37.84375,-119.84375,2.4978919081873623,0.3656804859638214,1.7389213
usgs_11281000,37.84375_-119.90625,37.84375,-119.90625,2.49571481618619,0.3535502851009369,1.8486279
usgs_11281000,37.84375_-119.96875,37.84375,-119.96875,2.498120478411799,0.36230769753456116,1.6764964
usgs_11281000,37.84375_-120.03125,37.84375,-120.03125,2.497948939993825,0.3480473458766937,1.3702224
usgs_11282000,37.84375_-119.59375,37.84375,-119.59375,2.4987308501233185,0.3442011773586273,0.81418365
usgs_11282000,37.84375_-119.65625,37.84375,-119.65625,2.499734015857592,0.3585207164287567,0.8102599
usgs_11282000,37.84375_-119.71875,37.84375,-119.71875,2.49906587578827,0.3484615385532379,0.87969476
usgs_11282000,37.84375_-119.78125,37.84375,-119.78125,2.4999374565544517,0.38609468936920166,1.4992392
usgs_11282000,37.84375_-119.84375,37.84375,-119.84375,2.4978919081873623,0.3656804859638214,1.7389213
usgs_11282000,37.84375_-119.90625,37.84375,-119.90625,2.49571481618619,0.3535502851009369,1.8486279
usgs_11282000,37.84375_-119.96875,37.84375,-119.96875,2.498120478411799,0.36230769753456116,1.6764964
usgs_11282000,37.84375_-120.03125,37.84375,-120.03125,2.497948939993825,0.3480473458766937,1.3702224
usgs_11282000,37.90625_-119.59375,37.90625,-119.59375,2.499996172319287,0.3109467327594757,0.7573519
usgs_11282000,37.90625_-119.65625,37.90625,-119.65625,2.499993515327245,0.3339644968509674,0.92369616
usgs_11282000,37.90625_-119.71875,37.90625,-119.71875,2.499989999144883,0.35301774740219116,1.0403595
usgs_11282000,37.90625_-119.78125,37.90625,-119.78125,2.499980237582892,0.37958580255508423,1.3295051
usgs_11282000,37.90625_-119.84375,37.90625,-119.84375,2.4988728642604663,0.3233136236667633,1.1720109
usgs_11282000,37.90625_-119.90625,37.90625,-119.90625,2.4987282236509714,0.3713609576225281,1.4760062
usgs_11283500,37.90625_-120.03125,37.90625,-120.03125,2.4868572870594536,0.34431952238082886,1.6218402
usgs_11283500,37.90625_-120.09375,37.90625,-120.09375,2.4925388426885657,0.3921893537044525,1.610475
usgs_11283500,37.96875_-119.96875,37.96875,-119.96875,2.495313521595083,0.34863904118537903,1.6364622
usgs_11283500,37.96875_-120.03125,37.96875,-120.03125,2.494831757951836,0.3557988107204437,2.0922916
usgs_11283500,37.96875_-120.09375,37.96875,-120.09375,2.4991786440637824,0.39869821071624756,2.0230234
usgs_11283500,38.03125_-119.90625,38.03125,-119.90625,2.4937740619061572,0.3084615468978882,1.0703477
usgs_11283500,38.03125_-119.96875,38.03125,-119.96875,2.4999435619963952,0.411775141954422,1.6656773
usgs_11283500,38.03125_-120.03125,38.03125,-120.03125,2.499947189190937,0.46526625752449036,2.4153874
usgs_11283500,38.03125_-120.09375,38.03125,-120.09375,2.499879906919976,0.4837869703769684,2.4013853
usgs_11283500,38.09375_-119.90625,38.09375,-119.90625,2.4998017109417905,0.3555029630661011,0.9023244
usgs_11283500,38.09375_-119.96875,38.09375,-119.96875,2.499966310485565,0.4733135998249054,1.4631958
usgs_11283500,38.09375_-120.03125,38.09375,-120.03125,2.4999992890624347,0.5144378542900085,1.8516349
usgs_11283500,38.09375_-120.09375,38.09375,-120.09375,2.499990178522177,0.5249112248420715,2.1080258
usgs_11283500,38.15625_-119.84375,38.15625,-119.84375,2.4955495676248978,0.14733727276325226,0.25084212
usgs_11283500,38.15625_-119.90625,38.15625,-119.90625,2.495204750713423,0.359112411737442,0.7945119
usgs_11283500,38.15625_-119.96875,38.15625,-119.96875,2.499989938718681,0.4349704086780548,1.4761113
usgs_11283500,38.15625_-120.03125,38.15625,-120.03125,2.4999994236227385,0.5074556469917297,2.091119
usgs_11283500,38.21875_-119.78125,38.21875,-119.78125,2.4948591629283388,0.19307692348957062,0.3129587
usgs_11283500,38.21875_-119.84375,38.21875,-119.84375,2.4954543371244755,0.18739645183086395,0.3703389
usgs_11283500,38.21875_-119.90625,38.21875,-119.90625,2.4979436005413307,0.3243195414543152,0.6769794
usgs_11284400,37.78125_-120.09375,37.78125,-120.09375,2.4998955247343795,0.4326627254486084,1.609646
usgs_11284400,37.78125_-120.15625,37.78125,-120.15625,2.4980817061707485,0.4562721848487854,1.8220307
usgs_11284400,37.84375_-120.09375,37.84375,-120.09375,2.4968954895775797,0.34603551030158997,1.2318128
usgs_11284400,37.84375_-120.15625,37.84375,-120.15625,2.498889154202381,0.38165679574012756,1.4677467
usgs_11284400,37.84375_-120.21875,37.84375,-120.21875,2.4971597516556767,0.3752070963382721,1.5159858
usgs_11292500,38.34375_-119.65625,38.34375,-119.65625,2.496556049467088,0.17650887370109558,0.2556792
usgs_11292500,38.34375_-119.71875,38.34375,-119.71875,2.4954237767318403,0.28822484612464905,0.61743975
usgs_11292500,38.34375_-119.78125,38.34375,-119.78125,2.499479803196025,0.33426034450531006,0.9117342
usgs_11292500,38.34375_-119.84375,38.34375,-119.84375,2.4997613847640134,0.34627220034599304,1.2004294
usgs_11292500,38.40625_-119.65625,38.40625,-119.65625,2.4973941020656842,0.23041419684886932,0.4261061
usgs_11292500,38.40625_-119.71875,38.40625,-119.71875,2.4991204751468357,0.3571597635746002,0.80224824
usgs_11292500,38.40625_-119.78125,38.40625,-119.78125,2.4998789733020343,0.37627220153808594,1.1737899
usgs_11292500,38.40625_-119.84375,38.40625,-119.84375,2.499446871233613,0.36852070689201355,0.9955979
usgs_11292500,38.40625_-119.90625,38.40625,-119.90625,2.4964706668350605,0.30579882860183716,0.6715703
usgs_11292500,38.46875_-119.65625,38.46875,-119.65625,2.4996415424527076,0.3111834228038788,0.6788131
usgs_11292500,38.46875_-119.71875,38.46875,-119.71875,2.4996704002594763,0.3300591707229614,0.65579706
usgs_11292500,38.46875_-119.78125,38.46875,-119.78125,2.498542963720034,0.31165680289268494,0.59377897
usgs_11292500,38.46875_-119.84375,38.46875,-119.84375,2.4923549556437345,0.3062721788883209,0.56553006
usgs_11294000,38.34375_-119.96875,38.34375,-119.96875,2.4998042905019435,0.3858579993247986,1.0572926
usgs_11294000,38.40625_-119.84375,38.40625,-119.84375,2.499446871233613,0.36852070689201355,0.9955979
usgs_11294000,38.40625_-119.90625,38.40625,-119.90625,2.4964706668350605,0.30579882860183716,0.6715703
usgs_11294000,38.40625_-119.96875,38.40625,-119.96875,2.4992185571320524,0.2627218961715698,0.60112035
usgs_11294000,38.40625_-120.03125,38.40625,-120.03125,2.4998139967941935,0.38266271352767944,0.91798776
usgs_11294000,38.46875_-119.78125,38.46875,-119.78125,2.498542963720034,0.31165680289268494,0.59377897
usgs_11294000,38.46875_-119.84375,38.46875,-119.84375,2.4923549556437345,0.3062721788883209,0.56553006
usgs_11294000,38.46875_-119.90625,38.46875,-119.90625,2.4970046588725943,0.28218933939933777,0.51501566
usgs_11294000,38.46875_-119.96875,38.46875,-119.96875,2.4972457835391517,0.3206508755683899,0.5208087
usgs_11294000,38.53125_-119.84375,38.53125,-119.84375,2.4980810168134244,0.309171587228775,0.6154244
usgs_11294500,38.21875_-120.28125,38.21875,-120.28125,2.499030645083703,0.5099999904632568,2.0104513
usgs_11294500,38.28125_-120.21875,38.28125,-120.21875,2.4999267422212172,0.4918343126773834,2.1338837
usgs_11294500,38.28125_-120.28125,38.28125,-120.28125,2.4999918560408387,0.48059171438217163,2.5738482
usgs_11294500,38.34375_-119.96875,38.34375,-119.96875,2.4998042905019435,0.3858579993247986,1.0572926
usgs_11294500,38.34375_-120.03125,38.34375,-120.03125,2.499998340215586,0.44455620646476746,1.3174696
usgs_11294500,38.34375_-120.09375,38.34375,-120.09375,2.499978369067906,0.436923086643219,1.2360071
usgs_11294500,38.34375_-120.15625,38.34375,-120.15625,2.4999950411739364,0.49857988953590393,1.7625328
usgs_11294500,38.34375_-120.21875,38.34375,-120.21875,2.49998982585967,0.45662721991539,1.9717127
usgs_11294500,38.34375_-120.28125,38.34375,-120.28125,2.4999881352892857,0.48479288816452026,2.0783732
usgs_11294500,38.40625_-119.84375,38.40625,-119.84375,2.499446871233613,0.36852070689201355,0.9955979
usgs_11294500,38.40625_-119.90625,38.40625,-119.90625,2.4964706668350605,0.30579882860183716,0.6715703
usgs_11294500,38.40625_-119.96875,38.40625,-119.96875,2.4992185571320524,0.2627218961715698,0.60112035
usgs_11294500,38.40625_-120.03125,38.40625,-120.03125,2.4998139967941935,0.38266271352767944,0.91798776
usgs_11294500,38.40625_-120.09375,38.40625,-120.09375,2.499090590505835,0.415680468082428,1.1438287
usgs_11294500,38.40625_-120.15625,38.40625,-120.15625,2.499989685997984,0.44207102060317993,1.476958
usgs_11294500,38.40625_-120.21875,38.40625,-120.21875,2.4999940013924276,0.46792900562286377,1.7864678
usgs_11294500,38.46875_-119.78125,38.46875,-119.78125,2.498542963720034,0.31165680289268494,0.59377897
usgs_11294500,38.46875_-119.84375,38.46875,-119.84375,2.4923549556437345,0.3062721788883209,0.56553006
usgs_11294500,38.46875_-119.90625,38.46875,-119.90625,2.4970046588725943,0.28218933939933777,0.51501566
usgs_11294500,38.46875_-119.96875,38.46875,-119.96875,2.4972457835391517,0.3206508755683899,0.5208087
usgs_11294500,38.46875_-120.03125,38.46875,-120.03125,2.4975550558287454,0.354082852602005,0.7285589
usgs_11294500,38.46875_-120.09375,38.46875,-120.09375,2.4999121792997245,0.39733728766441345,0.9831986
usgs_11294500,38.46875_-120.15625,38.46875,-120.15625,2.4999930964678936,0.44550296664237976,1.3505068
usgs_11294500,38.53125_-119.84375,38.53125,-119.84375,2.4980810168134244,0.309171587228775,0.6154244
usgs_11294500,38.53125_-119.90625,38.53125,-119.90625,2.4977899747524086,0.3500591814517975,0.78047353
usgs_11294500,38.53125_-119.96875,38.53125,-119.96875,2.499814810321415,0.34449705481529236,0.6241349
usgs_11294500,38.53125_-120.03125,38.53125,-120.03125,2.4998927091467227,0.375029593706131,0.87467813
usgs_11299600,37.96875_-120.53125,37.96875,-120.53125,2.4997237559583025,0.19863905012607574,0.8745991
usgs_11299600,37.96875_-120.59375,37.96875,-120.59375,2.499015199531357,0.37603551149368286,1.1276121
usgs_11299600,37.96875_-120.65625,37.96875,-120.65625,2.4992922331072087,0.3799999952316284,1.1595088
usgs_11299600,38.03125_-120.59375,38.03125,-120.59375,2.499787359896641,0.3860355019569397,1.2608882
usgs_11299600,38.03125_-120.65625,38.03125,-120.65625,2.4984049944268305,0.4236094653606415,1.1965009
usgs_11315000,38.53125_-120.09375,38.53125,-120.09375,2.499807556419613,0.3140828311443329,0.847214
usgs_11315000,38.53125_-120.15625,38.53125,-120.15625,2.4995958104572646,0.3902958631515503,1.0772175
usgs_11315000,38.53125_-120.21875,38.53125,-120.21875,2.4999047999533337,0.4017159640789032,1.2282064
usgs_11315000,38.59375_-120.09375,38.59375,-120.09375,2.4957694399471437,0.26573964953422546,0.46721667
usgs_11315000,38.59375_-120.15625,38.59375,-120.15625,2.4944932212629367,0.24887573719024658,0.44766393
usgs_11316800,38.40625_-120.21875,38.40625,-120.21875,2.4999940013924276,0.46792900562286377,1.7864678
usgs_11316800,38.40625_-120.28125,38.40625,-120.28125,2.49999497701021,0.5013017654418945,2.164998
usgs_11316800,38.40625_-120.34375,38.40625,-120.34375,2.4999986584352243,0.5460355281829834,2.5019429
usgs_11316800,38.40625_-120.40625,38.40625,-120.40625,2.4998253487955013,0.5407100319862366,2.4527228
usgs_11316800,38.40625_-120.46875,38.40625,-120.46875,2.4993994152898815,0.4740236699581146,2.2033012
usgs_11316800,38.46875_-120.34375,38.46875,-120.34375,2.499698448672741,0.5443786978721619,2.3281584
usgs_11316800,38.46875_-120.40625,38.46875,-120.40625,2.4998612975289705,0.5536686182022095,2.7177973
usgs_11318500,38.28125_-120.28125,38.28125,-120.28125,2.4999918560408387,0.48059171438217163,2.5738482
usgs_11318500,38.28125_-120.34375,38.28125,-120.34375,2.4999677298351997,0.48035502433776855,2.4614704
usgs_11318500,38.28125_-120.40625,38.28125,-120.40625,2.4994083953937274,0.5075739622116089,2.1351912
usgs_11318500,38.34375_-120.21875,38.34375,-120.21875,2.49998982585967,0.45662721991539,1.9717127
usgs_11318500,38.34375_-120.28125,38.34375,-120.28125,2.4999881352892857,0.48479288816452026,2.0783732
usgs_11318500,38.34375_-120.34375,38.34375,-120.34375,2.4999946172389267,0.5624852180480957,2.7107675
usgs_11318500,38.34375_-120.40625,38.34375,-120.40625,2.4999443947004565,0.5824260115623474,2.7787566
usgs_11318500,38.34375_-120.46875,38.34375,-120.46875,2.49908572146556,0.49390533566474915,2.0379653
usgs_11318500,38.34375_-120.53125,38.34375,-120.53125,2.4984537482491675,0.46473371982574463,2.0450664
usgs_11318500,38.34375_-120.59375,38.34375,-120.59375,2.496976798000457,0.41183432936668396,1.9824749
usgs_11318500,38.40625_-120.21875,38.40625,-120.21875,2.4999940013924276,0.46792900562286377,1.7864678
usgs_11318500,38.40625_-120.28125,38.40625,-120.28125,2.49999497701021,0.5013017654418945,2.164998
usgs_11318500,38.40625_-120.34375,38.40625,-120.34375,2.4999986584352243,0.5460355281829834,2.5019429
usgs_11318500,38.40625_-120.40625,38.40625,-120.40625,2.4998253487955013,0.5407100319862366,2.4527228
usgs_11318500,38.40625_-120.46875,38.40625,-120.46875,2.4993994152898815,0.4740236699581146,2.2033012
usgs_11318500,38.40625_-120.53125,38.40625,-120.53125,2.48851047509679,0.4427219033241272,2.0827372
usgs_11334300,38.46875_-120.53125,38.46875,-120.53125,2.499992053848628,0.44130176305770874,2.62163
usgs_11334300,38.46875_-120.59375,38.46875,-120.59375,2.4999843988303065,0.6700000166893005,3.34974
usgs_11334300,38.46875_-120.65625,38.46875,-120.65625,2.4999290175807154,0.5299999713897705,1.9211146
usgs_11334300,38.53125_-120.46875,38.53125,-120.46875,2.499995595624903,0.5042011737823486,2.8218453
usgs_11334300,38.53125_-120.53125,38.53125,-120.53125,2.4999921245921426,0.5265088677406311,2.8666446
usgs_11334300,38.53125_-120.59375,38.53125,-120.59375,2.499995316403207,0.7300000190734863,2.807659
usgs_11334300,38.53125_-120.65625,38.53125,-120.65625,2.499844543562564,0.5400000214576721,2.7632303
usgs_11334300,38.53125_-120.71875,38.53125,-120.71875,2.4999034670017783,0.5099999904632568,1.7169845
usgs_11334300,38.53125_-120.78125,38.53125,-120.78125,2.4971077299136804,0.4399999976158142,1.3464438
usgs_11334300,38.59375_-120.53125,38.59375,-120.53125,2.4999546565626165,0.3799999952316284,3.1125698
usgs_11334300,38.59375_-120.59375,38.59375,-120.59375,2.4998737397002646,0.38999998569488525,2.719952
usgs_11334300,38.59375_-120.65625,38.59375,-120.65625,2.494188682542908,0.0,1.4565234
usgs_11334300,38.59375_-120.71875,38.59375,-120.71875,2.499801323276893,0.46000000834465027,1.495845
usgs_11337500,37.78125_-121.78125,37.78125,-121.78125,2.4998679063900022,0.41999998688697815,1.19477
usgs_11337500,37.84375_-121.71875,37.84375,-121.71875,2.499751781468764,0.49000000953674316,0.7935061
usgs_11337500,37.84375_-121.78125,37.84375,-121.78125,2.4995882904798914,0.3199999928474426,1.2545993
usgs_11337500,37.84375_-121.84375,37.84375,-121.84375,2.499949451446109,0.28999999165534973,1.6549022
usgs_11337500,37.84375_-121.90625,37.84375,-121.90625,2.499976330556245,0.49000000953674316,1.4213374
usgs_11337500,37.90625_-121.71875,37.90625,-121.71875,2.4999674114907,0.0,0.7313996
usgs_11337500,37.90625_-121.78125,37.90625,-121.78125,2.4999496661076646,0.3100000023841858,0.7962841
usgs_11337500,37.90625_-121.84375,37.90625,-121.84375,2.4999622551478486,0.4099999964237213,1.0454447
usgs_11337500,37.90625_-121.90625,37.90625,-121.90625,2.499835199458891,0.41999998688697815,1.1385297
usgs_11341400,41.15625_-122.46875,41.15625,-122.46875,2.499853107891416,0.4552662670612335,1.4162631
usgs_11341400,41.21875_-122.34375,41.21875,-122.34375,2.4999687898558416,0.49816566705703735,1.9580178
usgs_11341400,41.21875_-122.40625,41.21875,-122.40625,2.4999028300333825,0.47958579659461975,1.6121315
usgs_11341400,41.21875_-122.46875,41.21875,-122.46875,2.4997809525100267,0.42964497208595276,1.3716459
usgs_11341400,41.21875_-122.53125,41.21875,-122.53125,2.4977971543254034,0.39970412850379944,1.1308091
usgs_11341400,41.28125_-122.28125,41.28125,-122.28125,2.499996612059392,0.3838461637496948,2.1407855
usgs_11341400,41.28125_-122.34375,41.28125,-122.34375,2.4999987549314655,0.46100592613220215,2.27362
usgs_11341400,41.28125_-122.40625,41.28125,-122.40625,2.4999909442943204,0.5097041130065918,2.0598931
usgs_11341400,41.28125_-122.46875,41.28125,-122.46875,2.4995056682352477,0.3364497125148773,1.0123123
usgs_11341400,41.28125_-122.53125,41.28125,-122.53125,2.497366291457599,0.37739646434783936,1.0933628
usgs_11341400,41.34375_-122.21875,41.34375,-122.21875,2.49993095926299,0.34449705481529236,1.0422103
usgs_11341400,41.34375_-122.28125,41.34375,-122.28125,2.4999980537676576,0.41402366757392883,2.1182134
usgs_11341400,41.34375_-122.34375,41.34375,-122.34375,2.499981189804525,0.3147929012775421,1.5538762
usgs_11341400,41.34375_-122.40625,41.34375,-122.40625,2.499951851989625,0.4372780919075012,1.8869302
usgs_11341400,41.34375_-122.46875,41.34375,-122.46875,2.4996621504334717,0.2792307734489441,0.9060661
usgs_11341400,41.40625_-122.21875,41.40625,-122.21875,2.4988418349107366,0.03343195095658302,0.19409122
usgs_11341400,41.40625_-122.28125,41.40625,-122.28125,2.4998985965449068,0.3413017690181732,1.4129539
usgs_11341400,41.40625_-122.34375,41.40625,-122.34375,2.4999964567315534,0.3390532433986664,1.3202317
usgs_11341400,41.40625_-122.40625,41.40625,-122.40625,2.499955853223155,0.36289942264556885,1.4307368
usgs_11371000,40.71875_-122.53125,40.71875,-122.53125,2.49248342969507,0.3767455518245697,1.6661022
usgs_11371000,40.71875_-122.59375,40.71875,-122.59375,2.4941085704819255,0.3740236759185791,1.6502272
usgs_11371000,40.71875_-122.65625,40.71875,-122.65625,2.49677234415159,0.37550294399261475,1.4981363
usgs_11371000,40.71875_-122.71875,40.71875,-122.71875,2.498157712239232,0.42923077940940857,2.1870873
usgs_11371000,40.78125_-122.53125,40.78125,-122.53125,2.499398877980205,0.42331361770629883,2.2681193
usgs_11371000,40.78125_-122.59375,40.78125,-122.59375,2.497569510303313,0.41863906383514404,2.148946
usgs_11371000,40.78125_-122.65625,40.78125,-122.65625,2.4980723990925635,0.34662720561027527,2.1693225
usgs_11371000,40.78125_-122.71875,40.78125,-122.71875,2.499746456457647,0.4816568195819855,2.5256937
usgs_11371000,40.84375_-122.53125,40.84375,-122.53125,2.4993306587198134,0.386982262134552,2.0049474
usgs_11371000,40.84375_-122.59375,40.84375,-122.59375,2.4981528613464947,0.3811834454536438,2.3036861
usgs_11371000,40.84375_-122.65625,40.84375,-122.65625,2.499300370629391,0.4375147819519043,2.534181
usgs_11371000,40.90625_-122.53125,40.90625,-122.53125,2.499846946702117,0.4603550434112549,2.4255323
usgs_11371000,40.90625_-122.59375,40.90625,-122.59375,2.4995740191683566,0.43988165259361267,2.3076706
usgs_11371000,40.90625_-122.65625,40.90625,-122.65625,2.499423100201337,0.5014201402664185,2.2292855
usgs_11371000,40.96875_-122.53125,40.96875,-122.53125,2.4999466235479573,0.3752070963382721,2.420303
usgs_11371000,40.96875_-122.59375,40.96875,-122.59375,2.4998612530255238,0.49289941787719727,2.4784677
usgs_11371000,41.03125_-122.53125,41.03125,-122.53125,2.4990240394660277,0.25201183557510376,1.7604103
usgs_11372000,40.53125_-122.53125,40.53125,-122.53125,2.482811890460198,0.33988165855407715,1.4104321
usgs_11372000,40.53125_-122.59375,40.53125,-122.59375,2.497376368696834,0.35958579182624817,1.6120465
usgs_11372000,40.59375_-122.53125,40.59375,-122.53125,2.4929959065243077,0.3062721788883209,1.6928557
usgs_11372000,40.59375_-122.59375,40.59375,-122.59375,2.4998672599001774,0.36680471897125244,2.169838
usgs_11372000,40.59375_-122.65625,40.59375,-122.65625,2.499029946429601,0.3682248592376709,1.68232
usgs_11372000,40.59375_-122.71875,40.59375,-122.71875,2.499539262753454,0.4103550314903259,1.8765676
usgs_11372000,40.65625_-122.53125,40.65625,-122.53125,2.484882123424124,0.30100592970848083,1.4099731
usgs_11372000,40.65625_-122.59375,40.65625,-122.59375,2.489539885821717,0.33698225021362305,1.7040442
usgs_11372000,40.65625_-122.65625,40.65625,-122.65625,2.498036900059306,0.3802366852760315,1.7531462
usgs_11372000,40.65625_-122.71875,40.65625,-122.71875,2.499448964355874,0.4175739586353302,2.145752
usgs_11372000,40.65625_-122.78125,40.65625,-122.78125,2.499958471974246,0.5176923274993896,2.2421634
usgs_11372000,40.71875_-122.53125,40.71875,-122.53125,2.49248342969507,0.3767455518245697,1.6661022
usgs_11372000,40.71875_-122.59375,40.71875,-122.59375,2.4941085704819255,0.3740236759185791,1.6502272
usgs_11372000,40.71875_-122.65625,40.71875,-122.65625,2.49677234415159,0.37550294399261475,1.4981363
usgs_11372000,40.71875_-122.71875,40.71875,-122.71875,2.498157712239232,0.42923077940940857,2.1870873
usgs_11372000,40.71875_-122.78125,40.71875,-122.78125,2.4987543817542766,0.4595857858657837,1.899304
usgs_11372000,40.78125_-122.53125,40.78125,-122.53125,2.499398877980205,0.42331361770629883,2.2681193
usgs_11372000,40.78125_-122.59375,40.78125,-122.59375,2.497569510303313,0.41863906383514404,2.148946
usgs_11372000,40.78125_-122.65625,40.78125,-122.65625,2.4980723990925635,0.34662720561027527,2.1693225
usgs_11372000,40.78125_-122.71875,40.78125,-122.71875,2.499746456457647,0.4816568195819855,2.5256937
usgs_11372000,40.84375_-122.53125,40.84375,-122.53125,2.4993306587198134,0.386982262134552,2.0049474
usgs_11372000,40.84375_-122.59375,40.84375,-122.59375,2.4981528613464947,0.3811834454536438,2.3036861
usgs_11372000,40.84375_-122.65625,40.84375,-122.65625,2.499300370629391,0.4375147819519043,2.534181
usgs_11372000,40.90625_-122.53125,40.90625,-122.53125,2.499846946702117,0.4603550434112549,2.4255323
usgs_11372000,40.90625_-122.59375,40.90625,-122.59375,2.4995740191683566,0.43988165259361267,2.3076706
usgs_11372000,40.90625_-122.65625,40.90625,-122.65625,2.499423100201337,0.5014201402664185,2.2292855
usgs_11372000,40.96875_-122.53125,40.96875,-122.53125,2.4999466235479573,0.3752070963382721,2.420303
usgs_11372000,40.96875_-122.59375,40.96875,-122.59375,2.4998612530255238,0.49289941787719727,2.4784677
usgs_11372000,41.03125_-122.53125,41.03125,-122.53125,2.4990240394660277,0.25201183557510376,1.7604103
usgs_11374000,40.53125_-121.90625,40.53125,-121.90625,2.4993808548980887,0.4963313639163971,2.203811
usgs_11374000,40.53125_-121.96875,40.53125,-121.96875,2.495099782776455,0.4266272187232971,1.4759755
usgs_11374000,40.53125_-122.03125,40.53125,-122.03125,2.4956524445819195,0.40644970536231995,1.233224
usgs_11374000,40.53125_-122.09375,40.53125,-122.09375,2.4926128926619167,0.40390533208847046,1.0895046
usgs_11374000,40.53125_-122.15625,40.53125,-122.15625,2.491153942300703,0.3510059118270874,0.9295746
usgs_11374000,40.53125_-122.21875,40.53125,-122.21875,2.4950906121346543,0.33236685395240784,1.0482814
usgs_11374000,40.53125_-122.28125,40.53125,-122.28125,2.493535448798843,0.3143787086009979,0.9971374
usgs_11374000,40.59375_-121.65625,40.59375,-121.65625,2.499986996497627,0.502662718296051,2.0849364
usgs_11374000,40.59375_-121.71875,40.59375,-121.71875,2.499964831282239,0.5339053273200989,2.1150975
usgs_11374000,40.59375_-121.78125,40.59375,-121.78125,2.499996302777326,0.5350295901298523,2.7776449
usgs_11374000,40.59375_-121.84375,40.59375,-121.84375,2.499827318133618,0.49526625871658325,2.3736691
usgs_11374000,40.59375_-121.90625,40.59375,-121.90625,2.4964289567309836,0.4294082820415497,1.6216018
usgs_11374000,40.59375_-121.96875,40.59375,-121.96875,2.495074287474292,0.4215976297855377,1.3640052
usgs_11374000,40.59375_-122.03125,40.59375,-122.03125,2.491671909473536,0.44479289650917053,1.3044051
usgs_11374000,40.59375_-122.09375,40.59375,-122.09375,2.4961532308540995,0.45757395029067993,1.1463357
usgs_11374000,40.59375_-122.15625,40.59375,-122.15625,2.4927871331756717,0.41692307591438293,1.1129649
usgs_11374000,40.59375_-122.21875,40.59375,-122.21875,2.493175657990011,0.3655029535293579,1.1621569
usgs_11374000,40.59375_-122.28125,40.59375,-122.28125,2.494909334355543,0.3620710074901581,1.0763739
usgs_11374000,40.65625_-121.65625,40.65625,-121.65625,2.4999932752848038,0.526627242565155,2.0313487
usgs_11374000,40.65625_-121.71875,40.65625,-121.71875,2.4999818071258764,0.5139644742012024,2.3370464
usgs_11374000,40.65625_-121.78125,40.65625,-121.78125,2.4999801114905162,0.5327810645103455,2.4835386
usgs_11374000,40.65625_-121.84375,40.65625,-121.84375,2.499752105475473,0.4940236806869507,2.190116
usgs_11374000,40.65625_-121.90625,40.65625,-121.90625,2.497760353237842,0.46159762144088745,1.52152
usgs_11374000,40.65625_-121.96875,40.65625,-121.96875,2.483277429130766,0.4557396471500397,1.2632631
usgs_11374000,40.65625_-122.03125,40.65625,-122.03125,2.484491112548821,0.43355029821395874,1.2531953
usgs_11374000,40.65625_-122.09375,40.65625,-122.09375,2.4914393236429015,0.438106507062912,1.101544
usgs_11374000,40.65625_-122.15625,40.65625,-122.15625,2.485702727648964,0.4262721836566925,1.0070058
usgs_11374000,40.65625_-122.21875,40.65625,-122.21875,2.4932277241956418,0.39307692646980286,1.07637
usgs_11374000,40.65625_-122.28125,40.65625,-122.28125,2.4946855910310597,0.34047338366508484,1.141133
usgs_11374000,40.71875_-121.71875,40.71875,-121.71875,2.4999999651276994,0.46792900562286377,1.8930831
usgs_11374000,40.71875_-121.78125,40.71875,-121.78125,2.4999929382534263,0.5023077130317688,1.785408
usgs_11374000,40.71875_-121.84375,40.71875,-121.84375,2.4999780816726296,0.5121893286705017,2.2578115
usgs_11374000,40.71875_-121.90625,40.71875,-121.90625,2.4997737225187517,0.5040236711502075,2.3522215
usgs_11374000,40.71875_-121.96875,40.71875,-121.96875,2.4997269361276855,0.4876331388950348,2.0194273
usgs_11374000,40.71875_-122.03125,40.71875,-122.03125,2.49425650480278,0.44189348816871643,1.674104
usgs_11374000,40.71875_-122.09375,40.71875,-122.09375,2.488935515765501,0.45485207438468933,1.7311683
usgs_11374000,40.71875_-122.15625,40.71875,-122.15625,2.4711969670875975,0.37994083762168884,1.3598913
usgs_11374000,40.71875_-122.21875,40.71875,-122.21875,2.486718086133974,0.31065088510513306,1.1600171
usgs_11374000,40.71875_-122.28125,40.71875,-122.28125,2.4720271212852687,0.31609466671943665,1.6017718
usgs_11374000,40.78125_-121.78125,40.78125,-121.78125,2.4999999700053035,0.5751479268074036,2.3708332
usgs_11374000,40.78125_-121.84375,40.78125,-121.84375,2.4999899351152433,0.5152071118354797,2.1920264
usgs_11374000,40.78125_-121.90625,40.78125,-121.90625,2.4991626531652766,0.44840237498283386,1.8978167
usgs_11374000,40.78125_-121.96875,40.78125,-121.96875,2.4984591432898267,0.44958579540252686,1.8980019
usgs_11374000,40.78125_-122.03125,40.78125,-122.03125,2.499267264436214,0.5257396697998047,2.6827292
usgs_11374000,40.78125_-122.09375,40.78125,-122.09375,2.4995024553465486,0.5224260091781616,2.5464988
usgs_11375700,40.40625_-122.59375,40.40625,-122.59375,2.499594046014614,0.39715975522994995,0.8916584
usgs_11375700,40.40625_-122.65625,40.40625,-122.65625,2.499481818944365,0.373786985874176,0.79124904
usgs_11375700,40.46875_-122.53125,40.46875,-122.53125,2.49663410429818,0.34396448731422424,0.99357015
usgs_11375700,40.46875_-122.59375,40.46875,-122.59375,2.496201403525042,0.3592899441719055,1.1595842
usgs_11375700,40.46875_-122.65625,40.46875,-122.65625,2.493268378715306,0.3780473470687866,1.2301736
usgs_11375700,40.46875_-122.71875,40.46875,-122.71875,2.4994661058580183,0.4411242604255676,1.9818971
usgs_11375700,40.46875_-122.78125,40.46875,-122.78125,2.4963390534169676,0.44242602586746216,1.932545
usgs_11375700,40.53125_-122.59375,40.53125,-122.59375,2.497376368696834,0.35958579182624817,1.6120465
usgs_11375700,40.53125_-122.65625,40.53125,-122.65625,2.4875688550364883,0.3628402352333069,1.4970247
usgs_11375700,40.53125_-122.71875,40.53125,-122.71875,2.4989536970955335,0.4382248520851135,1.8370064
usgs_11375700,40.53125_-122.78125,40.53125,-122.78125,2.4999620325006626,0.5167455673217773,2.2475579
usgs_11375700,40.59375_-122.59375,40.59375,-122.59375,2.4998672599001774,0.36680471897125244,2.169838
usgs_11375700,40.59375_-122.65625,40.59375,-122.65625,2.499029946429601,0.3682248592376709,1.68232
usgs_11375700,40.59375_-122.71875,40.59375,-122.71875,2.499539262753454,0.4103550314903259,1.8765676
usgs_11379000,40.21875_-121.59375,40.21875,-121.59375,2.499999821679326,0.550000011920929,2.0997972
usgs_11379000,40.21875_-121.65625,40.21875,-121.65625,2.493363954381894,0.15000000596046448,1.6602377
usgs_11379000,40.21875_-121.71875,40.21875,-121.71875,2.4999349425347375,0.25,2.2619135
usgs_11379000,40.21875_-121.78125,40.21875,-121.78125,2.483612822235629,0.550000011920929,1.0212817
usgs_11379000,40.21875_-121.84375,40.21875,-121.84375,2.495932744953219,0.550000011920929,0.9167545
usgs_11379000,40.21875_-121.90625,40.21875,-121.90625,2.495095668085197,0.550000011920929,0.8850909
usgs_11379000,40.21875_-121.96875,40.21875,-121.96875,2.497667310892436,0.550000011920929,0.7841203
usgs_11379000,40.21875_-122.03125,40.21875,-122.03125,2.4958488645370567,0.3100000023841858,0.80317956
usgs_11379000,40.21875_-122.09375,40.21875,-122.09375,2.499541433417407,0.3100000023841858,0.7201128
usgs_11379000,40.28125_-121.59375,40.28125,-121.59375,2.4999986593312604,0.44189348816871643,2.3171256
usgs_11379000,40.28125_-121.65625,40.28125,-121.65625,2.49999974122405,0.6499999761581421,2.3470218
usgs_11379000,40.28125_-121.71875,40.28125,-121.71875,2.4999939708587173,0.550000011920929,2.431333
usgs_11379000,40.28125_-121.78125,40.28125,-121.78125,2.498997991570037,0.15000000596046448,1.3938118
usgs_11379000,40.28125_-121.84375,40.28125,-121.84375,2.4930730147030795,0.550000011920929,1.0222374
usgs_11379000,40.28125_-121.90625,40.28125,-121.90625,2.4993148409315866,0.25,0.81587404
usgs_11379000,40.28125_-121.96875,40.28125,-121.96875,2.499138117938128,0.15000000596046448,0.83640593
usgs_11379000,40.34375_-121.59375,40.34375,-121.59375,2.4999850764059532,0.4864497184753418,2.0766041
usgs_11379000,40.34375_-121.65625,40.34375,-121.65625,2.4999765123162017,0.4963313639163971,2.0420055
usgs_11379000,40.34375_-121.71875,40.34375,-121.71875,2.4999363987363923,0.48633137345314026,2.104982
usgs_11390672,39.15625_-122.34375,39.15625,-122.34375,2.4995692174196416,0.4399999976158142,0.57467896
usgs_11390672,39.21875_-122.34375,39.21875,-122.34375,2.4999979105268215,0.3400000035762787,0.86733073
usgs_11390672,39.21875_-122.40625,39.21875,-122.40625,2.4992871925033304,0.550000011920929,0.9438905
usgs_11390672,39.28125_-122.28125,39.28125,-122.28125,2.49997010871619,0.18000000715255737,0.9215444
usgs_11390672,39.28125_-122.34375,39.28125,-122.34375,2.4998895019747893,0.5099999904632568,0.60604626
usgs_11390672,39.28125_-122.40625,39.28125,-122.40625,2.4983726038543237,0.550000011920929,0.919836
usgs_11390672,39.34375_-122.28125,39.34375,-122.28125,2.499968883832969,0.41999998688697815,0.7931214
usgs_11390672,39.34375_-122.34375,39.34375,-122.34375,2.499992533009999,0.4399999976158142,0.81638235
usgs_11390672,39.34375_-122.40625,39.34375,-122.40625,2.4999673026311457,0.3799999952316284,0.9098521
usgs_11394500,39.46875_-120.28125,39.46875,-120.28125,2.499999548105714,0.3499999940395355,1.7033416
usgs_11394500,39.46875_-120.34375,39.46875,-120.34375,2.49999996459941,0.44999998807907104,1.119578
usgs_11394500,39.46875_-120.40625,39.46875,-120.40625,2.499944194855719,0.39544379711151123,0.993333
usgs_11394500,39.53125_-120.09375,39.53125,-120.09375,2.4998291715951777,0.3700000047683716,1.148196
usgs_11394500,39.53125_-120.15625,39.53125,-120.15625,2.4998736632643963,0.41710057854652405,1.2166538
usgs_11394500,39.53125_-120.21875,39.53125,-120.21875,2.4940826593156644,0.39911243319511414,1.0108823
usgs_11394500,39.53125_-120.28125,39.53125,-120.28125,2.499310283924957,0.4221893548965454,1.3077217
usgs_11394500,39.53125_-120.34375,39.53125,-120.34375,2.49999982202419,0.4511834383010864,1.7936238
usgs_11394500,39.53125_-120.40625,39.53125,-120.40625,2.4999999899492766,0.45615383982658386,1.6442881
usgs_11394500,39.53125_-120.46875,39.53125,-120.46875,2.4999976914042357,0.4088165760040283,1.2624482
usgs_11394500,39.59375_-120.09375,39.59375,-120.09375,2.4998995543934814,0.3922485113143921,1.0242385
usgs_11394500,39.59375_-120.15625,39.59375,-120.15625,2.491135493360744,0.38396450877189636,1.0441319
usgs_11394500,39.59375_-120.21875,39.59375,-120.21875,2.4966708364029984,0.36331361532211304,0.82924664
usgs_11394500,39.59375_-120.28125,39.59375,-120.28125,2.4951125125149263,0.3759171664714813,0.89156157
usgs_11394500,39.59375_-120.34375,39.59375,-120.34375,2.4894250271842595,0.4359763264656067,1.0559403
usgs_11394500,39.59375_-120.40625,39.59375,-120.40625,2.499889797711589,0.5265088677406311,1.4566015
usgs_11394500,39.59375_-120.46875,39.59375,-120.46875,2.499999942528709,0.4361538589000702,1.4707338
usgs_11394500,39.65625_-120.09375,39.65625,-120.09375,2.4961381722082674,0.3422485291957855,0.7651794
usgs_11394500,39.65625_-120.15625,39.65625,-120.15625,2.480248163179176,0.35301774740219116,0.53719455
usgs_11394500,39.65625_-120.21875,39.65625,-120.21875,2.4904698532720593,0.3084615468978882,0.5520325
usgs_11394500,39.65625_-120.28125,39.65625,-120.28125,2.4930351578879373,0.3806508779525757,0.82567686
usgs_11394500,39.65625_-120.34375,39.65625,-120.34375,2.494307536059212,0.4059171676635742,0.6987974
usgs_11394500,39.65625_-120.40625,39.65625,-120.40625,2.4998866823549406,0.4685207009315491,0.7828271
usgs_11394500,39.65625_-120.46875,39.65625,-120.46875,2.4999986195546144,0.46502959728240967,2.0129066
usgs_11394500,39.65625_-120.53125,39.65625,-120.53125,2.499998351187831,0.49550294876098633,1.8178016
usgs_11394500,39.65625_-120.59375,39.65625,-120.59375,2.4999652798820753,0.44319525361061096,1.3882059
usgs_11394500,39.65625_-120.65625,39.65625,-120.65625,2.4999449554632727,0.35207101702690125,0.86326385
usgs_11394500,39.65625_-120.71875,39.65625,-120.71875,2.499609079527967,0.4695858061313629,1.4396706
usgs_11394500,39.71875_-120.09375,39.71875,-120.09375,2.4999989894757624,0.23000000417232513,0.3194514
usgs_11394500,39.71875_-120.15625,39.71875,-120.15625,2.4845131698246856,0.3362721800804138,0.62429345
usgs_11394500,39.71875_-120.21875,39.71875,-120.21875,2.4935835685844157,0.36100590229034424,0.4651434
usgs_11394500,39.71875_-120.28125,39.71875,-120.28125,2.499377253916408,0.45272189378738403,0.6294171
usgs_11394500,39.71875_-120.34375,39.71875,-120.34375,2.4999290563529906,0.5166863799095154,0.6237294
usgs_11394500,39.71875_-120.40625,39.71875,-120.40625,2.498449508268939,0.3661538362503052,0.7979351
usgs_11394500,39.71875_-120.46875,39.71875,-120.46875,2.4999886621938945,0.4018934965133667,1.5771669
usgs_11394500,39.71875_-120.53125,39.71875,-120.53125,2.499950341401374,0.44029584527015686,1.9023236
usgs_11394500,39.71875_-120.59375,39.71875,-120.59375,2.4999994965006636,0.4826035499572754,1.9400076
usgs_11394500,39.71875_-120.65625,39.71875,-120.65625,2.499999464964114,0.46502959728240967,1.623821
usgs_11394500,39.71875_-120.71875,39.71875,-120.71875,2.4996308526620963,0.41999998688697815,1.0435479
usgs_11394500,39.71875_-120.78125,39.71875,-120.78125,2.4999838362899056,0.4626627266407013,1.3731897
usgs_11394500,39.71875_-120.84375,39.71875,-120.84375,2.4999861817482953,0.49639052152633667,1.6615199
usgs_11394500,39.71875_-121.03125,39.71875,-121.03125,2.499921189861432,0.428816556930542,1.6860882
usgs_11394500,39.71875_-121.15625,39.71875,-121.15625,2.499860551638224,0.36254438757896423,2.3204844
usgs_11394500,39.71875_-121.21875,39.71875,-121.21875,2.499560003170874,0.3947928845882416,2.3978767
usgs_11394500,39.71875_-121.28125,39.71875,-121.28125,2.499892858209294,0.414437860250473,3.0264218
usgs_11394500,39.71875_-121.34375,39.71875,-121.34375,2.4999241367269445,0.4275739789009094,3.5157323
usgs_11394500,39.78125_-120.09375,39.78125,-120.09375,2.499687394853118,0.31455621123313904,0.3288934
usgs_11394500,39.78125_-120.15625,39.78125,-120.15625,2.4971162094938144,0.3215976357460022,0.38637868
usgs_11394500,39.78125_-120.21875,39.78125,-120.21875,2.49421681946028,0.3585798740386963,0.7128101
usgs_11394500,39.78125_-120.28125,39.78125,-120.28125,2.492527350960006,0.38343194127082825,0.7132103
usgs_11394500,39.78125_-120.34375,39.78125,-120.34375,2.498056821730989,0.44781064987182617,0.5201366
usgs_11394500,39.78125_-120.40625,39.78125,-120.40625,2.4992400496161267,0.3520118296146393,0.9466998
usgs_11394500,39.78125_-120.46875,39.78125,-120.46875,2.4947484112478415,0.3659171462059021,1.0614002
usgs_11394500,39.78125_-120.53125,39.78125,-120.53125,2.4970746843901965,0.37491124868392944,1.1698593
usgs_11394500,39.78125_-120.59375,39.78125,-120.59375,2.4987833805100266,0.38147929310798645,1.5050913
usgs_11394500,39.78125_-120.65625,39.78125,-120.65625,2.4999908696799062,0.47011834383010864,2.117823
usgs_11394500,39.78125_-120.71875,39.78125,-120.71875,2.499999339935119,0.488047331571579,2.0992486
usgs_11394500,39.78125_-120.78125,39.78125,-120.78125,2.499998073140155,0.5030177235603333,2.0440698
usgs_11394500,39.78125_-120.84375,39.78125,-120.84375,2.499998043940498,0.5040828585624695,1.8831004
usgs_11394500,39.78125_-120.90625,39.78125,-120.90625,2.499978526112197,0.4138461649417877,1.5271125
usgs_11394500,39.78125_-120.96875,39.78125,-120.96875,2.4999864326185612,0.48325443267822266,2.2970135
usgs_11394500,39.78125_-121.03125,39.78125,-121.03125,2.499988031757465,0.4108284115791321,2.2524052
usgs_11394500,39.78125_-121.09375,39.78125,-121.09375,2.4999876094634113,0.45136094093322754,2.4300654
usgs_11394500,39.78125_-121.15625,39.78125,-121.15625,2.499979837611372,0.4531360864639282,2.3650184
usgs_11394500,39.78125_-121.21875,39.78125,-121.21875,2.4999114119240216,0.42059171199798584,2.40852
usgs_11394500,39.78125_-121.28125,39.78125,-121.28125,2.499907573618315,0.42035502195358276,2.725736
usgs_11394500,39.78125_-121.34375,39.78125,-121.34375,2.4999830957807703,0.44514793157577515,3.1215217
usgs_11394500,39.84375_-120.09375,39.84375,-120.09375,2.4993501961150226,0.2910059094429016,0.40841532
usgs_11394500,39.84375_-120.15625,39.84375,-120.15625,2.495033366393759,0.29733726382255554,0.6957857
usgs_11394500,39.84375_-120.21875,39.84375,-120.21875,2.495782630668222,0.3331952691078186,0.61372715
usgs_11394500,39.84375_-120.28125,39.84375,-120.28125,2.4967802374469112,0.28514793515205383,0.6036829
usgs_11394500,39.84375_-120.34375,39.84375,-120.34375,2.483431171983967,0.2958579957485199,0.59062386
usgs_11394500,39.84375_-120.40625,39.84375,-120.40625,2.4957928596806918,0.3334319591522217,0.9269353
usgs_11394500,39.84375_-120.46875,39.84375,-120.46875,2.498672464814019,0.38266271352767944,1.2528707
usgs_11394500,39.84375_-120.53125,39.84375,-120.53125,2.499999004515872,0.4173964560031891,1.5839276
usgs_11394500,39.84375_-120.59375,39.84375,-120.59375,2.49999971022262,0.4610650837421417,1.6948426
usgs_11394500,39.84375_-120.65625,39.84375,-120.65625,2.4989222085024023,0.4620710015296936,1.6589439
usgs_11394500,39.84375_-120.71875,39.84375,-120.71875,2.49996664029292,0.471005916595459,2.0997348
usgs_11394500,39.84375_-120.78125,39.84375,-120.78125,2.499956952997377,0.48272189497947693,2.078257
usgs_11394500,39.84375_-120.84375,39.84375,-120.84375,2.4999479880825186,0.46834319829940796,2.2966352
usgs_11394500,39.84375_-120.90625,39.84375,-120.90625,2.499926795769515,0.43005916476249695,2.2935596
usgs_11394500,39.84375_-120.96875,39.84375,-120.96875,2.4988420449570725,0.3769822418689728,1.742593
usgs_11394500,39.84375_-121.03125,39.84375,-121.03125,2.4998121042835946,0.4923076927661896,2.235313
usgs_11394500,39.84375_-121.09375,39.84375,-121.09375,2.4999854474076457,0.5093491077423096,2.297218
usgs_11394500,39.84375_-121.15625,39.84375,-121.15625,2.4997263950044077,0.4742603600025177,1.6126164
usgs_11394500,39.84375_-121.21875,39.84375,-121.21875,2.49915687840486,0.42562130093574524,1.7082499
usgs_11394500,39.84375_-121.28125,39.84375,-121.28125,2.4988785286311943,0.4241420030593872,1.9641666
usgs_11394500,39.84375_-121.34375,39.84375,-121.34375,2.499913884513652,0.4655621349811554,2.2114103
usgs_11394500,39.90625_-120.09375,39.90625,-120.09375,2.4997812476841297,0.29011833667755127,0.8853343
usgs_11394500,39.90625_-120.15625,39.90625,-120.15625,2.4968118237265218,0.29497042298316956,0.8580219
usgs_11394500,39.90625_-120.21875,39.90625,-120.21875,2.499529502718585,0.2832544445991516,0.78748226
usgs_11394500,39.90625_-120.28125,39.90625,-120.28125,2.4979267826555622,0.3330177366733551,1.0241603
usgs_11394500,39.90625_-120.34375,39.90625,-120.34375,2.4886419149272987,0.3478698134422302,0.9027522
usgs_11394500,39.90625_-120.40625,39.90625,-120.40625,2.4979791131889932,0.36964496970176697,1.0073985
usgs_11394500,39.90625_-120.46875,39.90625,-120.46875,2.4858654714773682,0.3161538541316986,1.1020137
usgs_11394500,39.90625_-120.53125,39.90625,-120.53125,2.499643209370424,0.3260354995727539,1.1072385
usgs_11394500,39.90625_-120.59375,39.90625,-120.59375,2.4998490890429608,0.4206508994102478,1.4226129
usgs_11394500,39.90625_-120.65625,39.90625,-120.65625,2.499986213973328,0.44473373889923096,1.6827377
usgs_11394500,39.90625_-120.71875,39.90625,-120.71875,2.49998902509604,0.4388757348060608,1.9210125
usgs_11394500,39.90625_-120.78125,39.90625,-120.78125,2.499361048480597,0.4322485327720642,2.0351908
usgs_11394500,39.90625_-120.84375,39.90625,-120.84375,2.4988043889126352,0.38130176067352295,2.1047163
usgs_11394500,39.90625_-120.90625,39.90625,-120.90625,2.4998809523286787,0.4092307686805725,2.1460447
usgs_11394500,39.90625_-120.96875,39.90625,-120.96875,2.4999802246506686,0.4864497184753418,2.2032478
usgs_11394500,39.90625_-121.03125,39.90625,-121.03125,2.4999978415642694,0.5903550386428833,2.5544384
usgs_11394500,39.90625_-121.09375,39.90625,-121.09375,2.499999220637387,0.5771597623825073,2.5493257
usgs_11394500,39.96875_-120.09375,39.96875,-120.09375,2.4997367047889893,0.23999999463558197,0.4807613
usgs_11394500,39.96875_-120.15625,39.96875,-120.15625,2.4990610368201227,0.294556200504303,1.0765873
usgs_11394500,39.96875_-120.21875,39.96875,-120.21875,2.4977908525389907,0.2881065011024475,0.93791366
usgs_11394500,39.96875_-120.28125,39.96875,-120.28125,2.498004332464993,0.2724851965904236,1.0252956
usgs_11394500,39.96875_-120.46875,39.96875,-120.46875,2.4954830942076525,0.31260356307029724,0.77770895
usgs_11394500,39.96875_-120.53125,39.96875,-120.53125,2.4946415931999364,0.28106507658958435,1.055609
usgs_11394500,39.96875_-120.59375,39.96875,-120.59375,2.499870979185976,0.31284022331237793,1.4088316
usgs_11394500,39.96875_-120.65625,39.96875,-120.65625,2.4994154530494916,0.3314792811870575,1.5329056
usgs_11394500,40.03125_-120.15625,40.03125,-120.15625,2.499679199428698,0.2563905417919159,0.53012055
usgs_11394500,40.03125_-120.21875,40.03125,-120.21875,2.498008657732716,0.2813017666339874,0.5935017
usgs_11394500,40.03125_-120.28125,40.03125,-120.28125,2.4991901190761032,0.29964497685432434,1.0100427
usgs_11396400,39.53125_-121.21875,39.53125,-121.21875,2.4999536881445925,0.5500591993331909,3.4176571
usgs_11396400,39.53125_-121.28125,39.53125,-121.28125,2.499896563942646,0.49142012000083923,3.0695465
usgs_11396400,39.59375_-121.15625,39.59375,-121.15625,2.499985134422034,0.4653254449367523,3.0828247
usgs_11396400,39.59375_-121.21875,39.59375,-121.21875,2.4999405599399154,0.31568047404289246,3.1744444
usgs_11396400,39.59375_-121.28125,39.59375,-121.28125,2.498054000111785,0.3721301853656769,2.5761223
usgs_11396400,39.65625_-121.21875,39.65625,-121.21875,2.4988447004256975,0.32378697395324707,2.591688
usgs_11408850,39.40625_-120.46875,39.40625,-120.46875,2.498889449389094,0.33390533924102783,0.7533684
usgs_11408850,39.40625_-120.53125,39.40625,-120.53125,2.4927228387580844,0.21816568076610565,0.4130366
usgs_11408850,39.40625_-120.78125,39.40625,-120.78125,2.499957300407213,0.5744970440864563,3.0116107
usgs_11408850,39.40625_-120.84375,39.40625,-120.84375,2.4999998095844944,0.5486982464790344,2.7254407
usgs_11408850,39.40625_-120.90625,39.40625,-120.90625,2.4999664499320513,0.5936094522476196,3.0685217
usgs_11408850,39.40625_-120.96875,39.40625,-120.96875,2.4999731335900552,0.587041437625885,3.3712256
usgs_11408850,39.46875_-120.40625,39.46875,-120.40625,2.499944194855719,0.39544379711151123,0.993333
usgs_11408850,39.46875_-120.46875,39.46875,-120.46875,2.499967560440197,0.4162130057811737,1.0786828
usgs_11408850,39.46875_-120.53125,39.46875,-120.53125,2.4999231435673925,0.3611242473125458,1.0463312
usgs_11408850,39.46875_-120.59375,39.46875,-120.59375,2.4996229231076397,0.40840235352516174,1.1009512
usgs_11408850,39.46875_-120.65625,39.46875,-120.65625,2.4983655715613717,0.38071006536483765,1.1807841
usgs_11408850,39.46875_-120.71875,39.46875,-120.71875,2.499994159415346,0.5295266509056091,2.2301435
usgs_11408850,39.46875_-120.78125,39.46875,-120.78125,2.499996280781635,0.5690532326698303,2.8486612
usgs_11408850,39.46875_-120.84375,39.46875,-120.84375,2.4999890736560797,0.5717751383781433,2.7349052
usgs_11408850,39.46875_-120.90625,39.46875,-120.90625,2.4999987281004836,0.5852662920951843,2.9204254
usgs_11408850,39.53125_-120.46875,39.53125,-120.46875,2.4999976914042357,0.4088165760040283,1.2624482
usgs_11408850,39.53125_-120.53125,39.53125,-120.53125,2.4999753034832337,0.41556212306022644,1.340139
usgs_11408850,39.53125_-120.59375,39.53125,-120.59375,2.49999565931439,0.47260355949401855,1.546556
usgs_11408850,39.53125_-120.65625,39.53125,-120.65625,2.4999123375878316,0.472485214471817,1.6143075
usgs_11408850,39.53125_-120.71875,39.53125,-120.71875,2.4999962357945327,0.5432544350624084,2.0825691
usgs_11408850,39.53125_-120.78125,39.53125,-120.78125,2.499999525793253,0.5913609266281128,2.823007
usgs_11408850,39.53125_-120.84375,39.53125,-120.84375,2.4999998455772374,0.6018934845924377,2.8729222
usgs_11409300,39.40625_-121.03125,39.40625,-121.03125,2.4999361976436334,0.5363905429840088,3.1144392
usgs_11409300,39.46875_-120.84375,39.46875,-120.84375,2.4999890736560797,0.5717751383781433,2.7349052
usgs_11409300,39.46875_-120.90625,39.46875,-120.90625,2.4999987281004836,0.5852662920951843,2.9204254
usgs_11409300,39.46875_-120.96875,39.46875,-120.96875,2.499978112742995,0.5903550386428833,3.229296
usgs_11409300,39.46875_-121.03125,39.46875,-121.03125,2.4999982718880025,0.6095858216285706,3.6587467
usgs_11409300,39.53125_-120.84375,39.53125,-120.84375,2.4999998455772374,0.6018934845924377,2.8729222
usgs_11409300,39.53125_-120.90625,39.53125,-120.90625,2.4999971230456435,0.5878698229789734,2.9882133
usgs_11409500,39.40625_-120.96875,39.40625,-120.96875,2.4999731335900552,0.587041437625885,3.3712256
usgs_11409500,39.40625_-121.03125,39.40625,-121.03125,2.4999361976436334,0.5363905429840088,3.1144392
usgs_11409500,39.40625_-121.09375,39.40625,-121.09375,2.4997825925478563,0.5383431911468506,2.9020948
usgs_11409500,39.46875_-120.84375,39.46875,-120.84375,2.4999890736560797,0.5717751383781433,2.7349052
usgs_11409500,39.46875_-120.90625,39.46875,-120.90625,2.4999987281004836,0.5852662920951843,2.9204254
usgs_11409500,39.46875_-120.96875,39.46875,-120.96875,2.499978112742995,0.5903550386428833,3.229296
usgs_11409500,39.46875_-121.03125,39.46875,-121.03125,2.4999982718880025,0.6095858216285706,3.6587467
usgs_11409500,39.46875_-121.09375,39.46875,-121.09375,2.4999676746645534,0.5693491101264954,3.0764613
usgs_11409500,39.53125_-120.84375,39.53125,-120.84375,2.4999998455772374,0.6018934845924377,2.8729222
usgs_11409500,39.53125_-120.90625,39.53125,-120.90625,2.4999971230456435,0.5878698229789734,2.9882133
usgs_11413100,39.46875_-120.78125,39.46875,-120.78125,2.499996280781635,0.5690532326698303,2.8486612
usgs_11413100,39.46875_-120.84375,39.46875,-120.84375,2.4999890736560797,0.5717751383781433,2.7349052
usgs_11413100,39.46875_-120.90625,39.46875,-120.90625,2.4999987281004836,0.5852662920951843,2.9204254
usgs_11413100,39.46875_-120.96875,39.46875,-120.96875,2.499978112742995,0.5903550386428833,3.229296
usgs_11413100,39.46875_-121.03125,39.46875,-121.03125,2.4999982718880025,0.6095858216285706,3.6587467
usgs_11413100,39.53125_-120.40625,39.53125,-120.40625,2.4999999899492766,0.45615383982658386,1.6442881
usgs_11413100,39.53125_-120.46875,39.53125,-120.46875,2.4999976914042357,0.4088165760040283,1.2624482
usgs_11413100,39.53125_-120.53125,39.53125,-120.53125,2.4999753034832337,0.41556212306022644,1.340139
usgs_11413100,39.53125_-120.59375,39.53125,-120.59375,2.49999565931439,0.47260355949401855,1.546556
usgs_11413100,39.53125_-120.65625,39.53125,-120.65625,2.4999123375878316,0.472485214471817,1.6143075
usgs_11413100,39.53125_-120.71875,39.53125,-120.71875,2.4999962357945327,0.5432544350624084,2.0825691
usgs_11413100,39.53125_-120.78125,39.53125,-120.78125,2.499999525793253,0.5913609266281128,2.823007
usgs_11413100,39.53125_-120.84375,39.53125,-120.84375,2.4999998455772374,0.6018934845924377,2.8729222
usgs_11413100,39.53125_-120.90625,39.53125,-120.90625,2.4999971230456435,0.5878698229789734,2.9882133
usgs_11413100,39.53125_-120.96875,39.53125,-120.96875,2.4999878613134405,0.6085206866264343,3.1445498
usgs_11413100,39.53125_-121.03125,39.53125,-121.03125,2.4999979789869737,0.6549704074859619,3.541055
usgs_11413100,39.53125_-121.09375,39.53125,-121.09375,2.4999987640431107,0.6588165760040283,3.5388358
usgs_11413100,39.59375_-120.46875,39.59375,-120.46875,2.499999942528709,0.4361538589000702,1.4707338
usgs_11413100,39.59375_-120.53125,39.59375,-120.53125,2.499995509927504,0.4665680527687073,1.3920797
usgs_11413100,39.59375_-120.59375,39.59375,-120.59375,2.4999777452457668,0.502781093120575,1.8948114
usgs_11413100,39.59375_-120.65625,39.59375,-120.65625,2.499878330066339,0.3926035463809967,1.4532149
usgs_11413100,39.59375_-120.71875,39.59375,-120.71875,2.4999911354569475,0.5490532517433167,2.3765295
usgs_11413100,39.59375_-120.78125,39.59375,-120.78125,2.4999961756366007,0.6244378685951233,3.3170066
usgs_11413100,39.59375_-120.84375,39.59375,-120.84375,2.499998080205269,0.5781065225601196,3.0116487
usgs_11413100,39.59375_-120.90625,39.59375,-120.90625,2.4999993971261816,0.5847337245941162,2.752166
usgs_11413100,39.59375_-120.96875,39.59375,-120.96875,2.4999920128480095,0.5846745371818542,2.9557695
usgs_11413100,39.59375_-121.03125,39.59375,-121.03125,2.4999976579191157,0.6459171772003174,3.378193
usgs_11413100,39.65625_-120.46875,39.65625,-120.46875,2.4999986195546144,0.46502959728240967,2.0129066
usgs_11413100,39.65625_-120.53125,39.65625,-120.53125,2.499998351187831,0.49550294876098633,1.8178016
usgs_11413100,39.65625_-120.59375,39.65625,-120.59375,2.4999652798820753,0.44319525361061096,1.3882059
usgs_11413100,39.65625_-120.65625,39.65625,-120.65625,2.4999449554632727,0.35207101702690125,0.86326385
usgs_11413100,39.65625_-120.71875,39.65625,-120.71875,2.499609079527967,0.4695858061313629,1.4396706
usgs_11413100,39.65625_-120.78125,39.65625,-120.78125,2.4999983084877444,0.5747337341308594,2.486978
usgs_11413100,39.65625_-120.84375,39.65625,-120.84375,2.4999993053096974,0.5044378638267517,1.8956492
usgs_11413100,39.65625_-120.90625,39.65625,-120.90625,2.49997340540882,0.55266273021698,2.4939115
usgs_11413100,39.65625_-120.96875,39.65625,-120.96875,2.49999220706891,0.5573372840881348,2.6092937
usgs_11413100,39.71875_-120.59375,39.71875,-120.59375,2.4999994965006636,0.4826035499572754,1.9400076
usgs_11413100,39.71875_-120.71875,39.71875,-120.71875,2.4996308526620963,0.41999998688697815,1.0435479
usgs_11413100,39.71875_-120.78125,39.71875,-120.78125,2.4999838362899056,0.4626627266407013,1.3731897
usgs_11413100,39.71875_-120.84375,39.71875,-120.84375,2.4999861817482953,0.49639052152633667,1.6615199
usgs_11413100,39.71875_-120.90625,39.71875,-120.90625,2.499977836756102,0.5019526481628418,1.7879876
usgs_11413320,39.53125_-121.09375,39.53125,-121.09375,2.4999987640431107,0.6588165760040283,3.5388358
usgs_11413320,39.59375_-121.09375,39.59375,-121.09375,2.499996313254684,0.5868047475814819,3.1956153
usgs_11413323,39.53125_-121.09375,39.53125,-121.09375,2.4999987640431107,0.6588165760040283,3.5388358
usgs_11413323,39.53125_-121.15625,39.53125,-121.15625,2.499998982263713,0.5534319281578064,3.2352722
usgs_11413323,39.59375_-121.09375,39.59375,-121.09375,2.499996313254684,0.5868047475814819,3.1956153
usgs_11414000,39.28125_-120.34375,39.28125,-120.34375,2.499761786559021,0.4146745502948761,1.0911965
usgs_11414000,39.28125_-120.40625,39.28125,-120.40625,2.4993818617397534,0.3713017702102661,1.059344
usgs_11414000,39.28125_-120.46875,39.28125,-120.46875,2.4994305780058363,0.3620118200778961,0.81651384
usgs_11414000,39.28125_-120.53125,39.28125,-120.53125,2.4995840901031445,0.4157988131046295,1.1620367
usgs_11414000,39.28125_-120.59375,39.28125,-120.59375,2.4991573170325703,0.42408284544944763,1.2780514
usgs_11414000,39.34375_-120.34375,39.34375,-120.34375,2.499691165510094,0.326272189617157,0.6334303
usgs_11414000,39.34375_-120.40625,39.34375,-120.40625,2.4982330887143407,0.33443787693977356,0.7039944
usgs_11414000,39.34375_-120.46875,39.34375,-120.46875,2.4993341881128357,0.33544379472732544,0.8047537
usgs_11414000,39.34375_-120.53125,39.34375,-120.53125,2.488417981883641,0.32094675302505493,0.7957774
usgs_11414000,39.34375_-120.59375,39.34375,-120.59375,2.4938150573207514,0.3798224925994873,1.1204683
usgs_11414000,39.40625_-120.34375,39.40625,-120.34375,2.499248125492276,0.3234911262989044,0.7289141
usgs_11414000,39.40625_-120.40625,39.40625,-120.40625,2.499319337417904,0.37686389684677124,0.7372967
usgs_11418000,39.21875_-121.09375,39.21875,-121.09375,2.4990650383187925,0.47999998927116394,1.7776252
usgs_11418000,39.21875_-121.15625,39.21875,-121.15625,2.49312710701566,0.47999998927116394,1.4864522
usgs_11418000,39.21875_-121.21875,39.21875,-121.21875,2.4897012479497924,0.32360947132110596,1.4646599
usgs_11418000,39.21875_-121.28125,39.21875,-121.28125,2.4959416544203146,0.3812426030635834,1.2436839
usgs_11418000,39.28125_-120.34375,39.28125,-120.34375,2.499761786559021,0.4146745502948761,1.0911965
usgs_11418000,39.28125_-120.40625,39.28125,-120.40625,2.4993818617397534,0.3713017702102661,1.059344
usgs_11418000,39.28125_-120.46875,39.28125,-120.46875,2.4994305780058363,0.3620118200778961,0.81651384
usgs_11418000,39.28125_-120.53125,39.28125,-120.53125,2.4995840901031445,0.4157988131046295,1.1620367
usgs_11418000,39.28125_-120.59375,39.28125,-120.59375,2.4991573170325703,0.42408284544944763,1.2780514
usgs_11418000,39.28125_-120.65625,39.28125,-120.65625,2.49931361775953,0.47846153378486633,1.9905075
usgs_11418000,39.28125_-120.78125,39.28125,-120.78125,2.4999978355547112,0.587041437625885,2.9247146
usgs_11418000,39.28125_-120.90625,39.28125,-120.90625,2.4999860369378637,0.4932544231414795,2.976146
usgs_11418000,39.28125_-120.96875,39.28125,-120.96875,2.49997861865383,0.48207101225852966,2.9621062
usgs_11418000,39.28125_-121.03125,39.28125,-121.03125,2.498034736714794,0.3976331353187561,2.2772975
usgs_11418000,39.28125_-121.09375,39.28125,-121.09375,2.496555484655814,0.45059171319007874,1.7938024
usgs_11418000,39.28125_-121.15625,39.28125,-121.15625,2.4919554018388617,0.451242595911026,1.6444489
usgs_11418000,39.28125_-121.21875,39.28125,-121.21875,2.4888165377195737,0.46213018894195557,1.5681622
usgs_11418000,39.28125_-121.28125,39.28125,-121.28125,2.481309983731927,0.42964497208595276,1.4318931
usgs_11418000,39.34375_-120.34375,39.34375,-120.34375,2.499691165510094,0.326272189617157,0.6334303
usgs_11418000,39.34375_-120.40625,39.34375,-120.40625,2.4982330887143407,0.33443787693977356,0.7039944
usgs_11418000,39.34375_-120.46875,39.34375,-120.46875,2.4993341881128357,0.33544379472732544,0.8047537
usgs_11418000,39.34375_-120.53125,39.34375,-120.53125,2.488417981883641,0.32094675302505493,0.7957774
usgs_11418000,39.34375_-120.59375,39.34375,-120.59375,2.4938150573207514,0.3798224925994873,1.1204683
usgs_11418000,39.34375_-120.65625,39.34375,-120.65625,2.499484888529248,0.4185798764228821,1.5872291
usgs_11418000,39.34375_-120.71875,39.34375,-120.71875,2.499992835790418,0.5436094403266907,2.51645
usgs_11418000,39.34375_-120.78125,39.34375,-120.78125,2.499943118119505,0.5504142045974731,2.677668
usgs_11418000,39.34375_-120.84375,39.34375,-120.84375,2.4999993696563916,0.5898816585540771,3.178872
usgs_11418000,39.34375_-120.90625,39.34375,-120.90625,2.499973749039694,0.6004142165184021,3.0262601
usgs_11418000,39.34375_-120.96875,39.34375,-120.96875,2.499747506153412,0.4862130284309387,2.6118934
usgs_11418000,39.34375_-121.03125,39.34375,-121.03125,2.498501025011703,0.47585800290107727,2.2760766
usgs_11418000,39.34375_-121.09375,39.34375,-121.09375,2.4916125585379785,0.44550296664237976,1.8841106
usgs_11418000,39.34375_-121.15625,39.34375,-121.15625,2.4932509738157567,0.47414201498031616,2.1567116
usgs_11418000,39.34375_-121.21875,39.34375,-121.21875,2.4758343520892057,0.4385206997394562,1.7289956
usgs_11418000,39.34375_-121.28125,39.34375,-121.28125,2.485395694023409,0.42538461089134216,1.4553064
usgs_11418000,39.40625_-120.34375,39.40625,-120.34375,2.499248125492276,0.3234911262989044,0.7289141
usgs_11418000,39.40625_-120.40625,39.40625,-120.40625,2.499319337417904,0.37686389684677124,0.7372967
usgs_11418000,39.40625_-120.46875,39.40625,-120.46875,2.498889449389094,0.33390533924102783,0.7533684
usgs_11418000,39.40625_-120.53125,39.40625,-120.53125,2.4927228387580844,0.21816568076610565,0.4130366
usgs_11418000,39.40625_-120.59375,39.40625,-120.59375,2.495740119133896,0.3005325496196747,0.6187748
usgs_11418000,39.40625_-120.65625,39.40625,-120.65625,2.4998762135816124,0.47029584646224976,1.5602789
usgs_11418000,39.40625_-120.71875,39.40625,-120.71875,2.4999796924236866,0.5299999713897705,2.6122978
usgs_11418000,39.40625_-120.78125,39.40625,-120.78125,2.499957300407213,0.5744970440864563,3.0116107
usgs_11418000,39.40625_-120.84375,39.40625,-120.84375,2.4999998095844944,0.5486982464790344,2.7254407
usgs_11418000,39.40625_-120.90625,39.40625,-120.90625,2.4999664499320513,0.5936094522476196,3.0685217
usgs_11418000,39.40625_-120.96875,39.40625,-120.96875,2.4999731335900552,0.587041437625885,3.3712256
usgs_11418000,39.40625_-121.03125,39.40625,-121.03125,2.4999361976436334,0.5363905429840088,3.1144392
usgs_11418000,39.40625_-121.09375,39.40625,-121.09375,2.4997825925478563,0.5383431911468506,2.9020948
usgs_11418000,39.40625_-121.15625,39.40625,-121.15625,2.499968553422681,0.49224853515625,2.6018486
usgs_11418000,39.40625_-121.21875,39.40625,-121.21875,2.4964318055099834,0.47183433175086975,1.9963261
usgs_11418000,39.46875_-120.40625,39.46875,-120.40625,2.499944194855719,0.39544379711151123,0.993333
usgs_11418000,39.46875_-120.46875,39.46875,-120.46875,2.499967560440197,0.4162130057811737,1.0786828
usgs_11418000,39.46875_-120.53125,39.46875,-120.53125,2.4999231435673925,0.3611242473125458,1.0463312
usgs_11418000,39.46875_-120.59375,39.46875,-120.59375,2.4996229231076397,0.40840235352516174,1.1009512
usgs_11418000,39.46875_-120.65625,39.46875,-120.65625,2.4983655715613717,0.38071006536483765,1.1807841
usgs_11418000,39.46875_-120.71875,39.46875,-120.71875,2.499994159415346,0.5295266509056091,2.2301435
usgs_11418000,39.46875_-120.78125,39.46875,-120.78125,2.499996280781635,0.5690532326698303,2.8486612
usgs_11418000,39.46875_-120.84375,39.46875,-120.84375,2.4999890736560797,0.5717751383781433,2.7349052
usgs_11418000,39.46875_-120.90625,39.46875,-120.90625,2.4999987281004836,0.5852662920951843,2.9204254
usgs_11418000,39.46875_-120.96875,39.46875,-120.96875,2.499978112742995,0.5903550386428833,3.229296
usgs_11418000,39.46875_-121.03125,39.46875,-121.03125,2.4999982718880025,0.6095858216285706,3.6587467
usgs_11418000,39.46875_-121.09375,39.46875,-121.09375,2.4999676746645534,0.5693491101264954,3.0764613
usgs_11418000,39.46875_-121.15625,39.46875,-121.15625,2.499987892348317,0.5326035618782043,3.0228195
usgs_11418000,39.46875_-121.21875,39.46875,-121.21875,2.499997292751604,0.5542603731155396,3.4549308
usgs_11418000,39.53125_-120.40625,39.53125,-120.40625,2.4999999899492766,0.45615383982658386,1.6442881
usgs_11418000,39.53125_-120.46875,39.53125,-120.46875,2.4999976914042357,0.4088165760040283,1.2624482
usgs_11418000,39.53125_-120.53125,39.53125,-120.53125,2.4999753034832337,0.41556212306022644,1.340139
usgs_11418000,39.53125_-120.59375,39.53125,-120.59375,2.49999565931439,0.47260355949401855,1.546556
usgs_11418000,39.53125_-120.65625,39.53125,-120.65625,2.4999123375878316,0.472485214471817,1.6143075
usgs_11418000,39.53125_-120.71875,39.53125,-120.71875,2.4999962357945327,0.5432544350624084,2.0825691
usgs_11418000,39.53125_-120.78125,39.53125,-120.78125,2.499999525793253,0.5913609266281128,2.823007
usgs_11418000,39.53125_-120.84375,39.53125,-120.84375,2.4999998455772374,0.6018934845924377,2.8729222
usgs_11418000,39.53125_-120.90625,39.53125,-120.90625,2.4999971230456435,0.5878698229789734,2.9882133
usgs_11418000,39.53125_-120.96875,39.53125,-120.96875,2.4999878613134405,0.6085206866264343,3.1445498
usgs_11418000,39.53125_-121.03125,39.53125,-121.03125,2.4999979789869737,0.6549704074859619,3.541055
usgs_11418000,39.53125_-121.09375,39.53125,-121.09375,2.4999987640431107,0.6588165760040283,3.5388358
usgs_11418000,39.53125_-121.15625,39.53125,-121.15625,2.499998982263713,0.5534319281578064,3.2352722
usgs_11418000,39.53125_-121.21875,39.53125,-121.21875,2.4999536881445925,0.5500591993331909,3.4176571
usgs_11418000,39.59375_-120.46875,39.59375,-120.46875,2.499999942528709,0.4361538589000702,1.4707338
usgs_11418000,39.59375_-120.53125,39.59375,-120.53125,2.499995509927504,0.4665680527687073,1.3920797
usgs_11418000,39.59375_-120.59375,39.59375,-120.59375,2.4999777452457668,0.502781093120575,1.8948114
usgs_11418000,39.59375_-120.65625,39.59375,-120.65625,2.499878330066339,0.3926035463809967,1.4532149
usgs_11418000,39.59375_-120.71875,39.59375,-120.71875,2.4999911354569475,0.5490532517433167,2.3765295
usgs_11418000,39.59375_-120.78125,39.59375,-120.78125,2.4999961756366007,0.6244378685951233,3.3170066
usgs_11418000,39.59375_-120.84375,39.59375,-120.84375,2.499998080205269,0.5781065225601196,3.0116487
usgs_11418000,39.59375_-120.90625,39.59375,-120.90625,2.4999993971261816,0.5847337245941162,2.752166
usgs_11418000,39.59375_-120.96875,39.59375,-120.96875,2.4999920128480095,0.5846745371818542,2.9557695
usgs_11418000,39.59375_-121.03125,39.59375,-121.03125,2.4999976579191157,0.6459171772003174,3.378193
usgs_11418000,39.59375_-121.09375,39.59375,-121.09375,2.499996313254684,0.5868047475814819,3.1956153
usgs_11418000,39.65625_-120.46875,39.65625,-120.46875,2.4999986195546144,0.46502959728240967,2.0129066
usgs_11418000,39.65625_-120.53125,39.65625,-120.53125,2.499998351187831,0.49550294876098633,1.8178016
usgs_11418000,39.65625_-120.59375,39.65625,-120.59375,2.4999652798820753,0.44319525361061096,1.3882059
usgs_11418000,39.65625_-120.65625,39.65625,-120.65625,2.4999449554632727,0.35207101702690125,0.86326385
usgs_11418000,39.65625_-120.71875,39.65625,-120.71875,2.499609079527967,0.4695858061313629,1.4396706
usgs_11418000,39.65625_-120.78125,39.65625,-120.78125,2.4999983084877444,0.5747337341308594,2.486978
usgs_11418000,39.65625_-120.84375,39.65625,-120.84375,2.4999993053096974,0.5044378638267517,1.8956492
usgs_11418000,39.65625_-120.90625,39.65625,-120.90625,2.49997340540882,0.55266273021698,2.4939115
usgs_11418000,39.65625_-120.96875,39.65625,-120.96875,2.49999220706891,0.5573372840881348,2.6092937
usgs_11418000,39.65625_-121.03125,39.65625,-121.03125,2.4999864859144214,0.5996449589729309,2.7797987
usgs_11418000,39.71875_-120.59375,39.71875,-120.59375,2.4999994965006636,0.4826035499572754,1.9400076
usgs_11418000,39.71875_-120.71875,39.71875,-120.71875,2.4996308526620963,0.41999998688697815,1.0435479
usgs_11418000,39.71875_-120.78125,39.71875,-120.78125,2.4999838362899056,0.4626627266407013,1.3731897
usgs_11418000,39.71875_-120.84375,39.71875,-120.84375,2.4999861817482953,0.49639052152633667,1.6615199
usgs_11418000,39.71875_-120.90625,39.71875,-120.90625,2.499977836756102,0.5019526481628418,1.7879876
usgs_11418000,39.71875_-120.96875,39.71875,-120.96875,2.4999929501837865,0.4187574088573456,1.7377431
usgs_11418000,39.71875_-121.03125,39.71875,-121.03125,2.499921189861432,0.428816556930542,1.6860882
usgs_11418000,39.78125_-120.84375,39.78125,-120.84375,2.499998043940498,0.5040828585624695,1.8831004
usgs_11418000,39.78125_-120.90625,39.78125,-120.90625,2.499978526112197,0.4138461649417877,1.5271125
usgs_11426150,39.28125_-120.34375,39.28125,-120.34375,2.499761786559021,0.4146745502948761,1.0911965
usgs_11426150,39.28125_-120.40625,39.28125,-120.40625,2.4993818617397534,0.3713017702102661,1.059344
usgs_11427700,39.15625_-120.40625,39.15625,-120.40625,2.49999963188971,0.4665680527687073,1.616243
usgs_11427700,39.15625_-120.46875,39.15625,-120.46875,2.499960937643578,0.45384615659713745,1.2896234
usgs_11427700,39.15625_-120.53125,39.15625,-120.53125,2.498527152643125,0.3969230651855469,1.2545791
usgs_11427700,39.21875_-120.40625,39.21875,-120.40625,2.4999114451681708,0.4005917012691498,1.2237217
usgs_11433260,39.03125_-120.59375,39.03125,-120.59375,2.4999959005738632,0.4882248640060425,2.847748
usgs_11433260,39.03125_-120.65625,39.03125,-120.65625,2.4996385834729296,0.35804733633995056,2.5964248
usgs_11433260,39.03125_-120.71875,39.03125,-120.71875,2.4994207724845223,0.30041420459747314,2.6085508
usgs_11433260,39.09375_-120.53125,39.09375,-120.53125,2.4997186539688387,0.46988165378570557,2.0619113
usgs_11433260,39.09375_-120.59375,39.09375,-120.59375,2.499977226771818,0.5110059380531311,2.456059
usgs_11433260,39.09375_-120.65625,39.09375,-120.65625,2.4996746337484703,0.4204733669757843,2.8205693
usgs_11433260,39.09375_-120.71875,39.09375,-120.71875,2.4999613602891078,0.4357396364212036,2.9000247
usgs_11433260,39.15625_-120.53125,39.15625,-120.53125,2.498527152643125,0.3969230651855469,1.2545791
usgs_11433260,39.15625_-120.59375,39.15625,-120.59375,2.4966252794131556,0.41183432936668396,1.723612
usgs_11433260,39.15625_-120.65625,39.15625,-120.65625,2.4999875329744112,0.47378697991371155,2.2532723
usgs_11433260,39.15625_-120.71875,39.15625,-120.71875,2.499996411455042,0.5885798931121826,3.0672326
usgs_11433260,39.21875_-120.53125,39.21875,-120.53125,2.499911515389699,0.4672780930995941,1.8380424
usgs_11433260,39.21875_-120.59375,39.21875,-120.59375,2.499628711115797,0.4481656849384308,1.7384101
usgs_11433300,38.84375_-120.15625,38.84375,-120.15625,2.4985144694208747,0.15834319591522217,0.37511796
usgs_11433300,38.90625_-120.15625,38.90625,-120.15625,2.4990727736345044,0.18100591003894806,0.31845266
usgs_11433300,38.90625_-120.21875,38.90625,-120.21875,2.491320717642292,0.22573964297771454,0.35149533
usgs_11433300,38.90625_-120.34375,38.90625,-120.34375,2.499960349415594,0.4612426161766052,1.525745
usgs_11433300,38.90625_-120.40625,38.90625,-120.40625,2.4999647937950336,0.39041420817375183,1.7265567
usgs_11433300,38.90625_-120.46875,38.90625,-120.46875,2.499957726000295,0.4607100486755371,1.8633786
usgs_11433300,38.90625_-120.53125,38.90625,-120.53125,2.498798767174933,0.36502957344055176,1.9635767
usgs_11433300,38.90625_-120.59375,38.90625,-120.59375,2.499961793860085,0.3964497148990631,2.3378744
usgs_11433300,38.90625_-120.65625,38.90625,-120.65625,2.499997526891346,0.5179881453514099,3.2308779
usgs_11433300,38.90625_-120.71875,38.90625,-120.71875,2.499998494174581,0.5926627516746521,3.582056
usgs_11433300,38.96875_-120.15625,38.96875,-120.15625,2.497512123978596,0.25923076272010803,0.65152186
usgs_11433300,38.96875_-120.21875,38.96875,-120.21875,2.4980178382828893,0.1917751431465149,0.34031188
usgs_11433300,38.96875_-120.28125,38.96875,-120.28125,2.4981828150853014,0.33520710468292236,0.77995276
usgs_11433300,38.96875_-120.34375,38.96875,-120.34375,2.499843242963842,0.3949112296104431,1.2723114
usgs_11433300,38.96875_-120.40625,38.96875,-120.40625,2.49997023884382,0.4153846204280853,1.761591
usgs_11433300,38.96875_-120.46875,38.96875,-120.46875,2.4998769548974473,0.3988165557384491,2.1300044
usgs_11433300,38.96875_-120.53125,38.96875,-120.53125,2.4999923599902836,0.3676331341266632,2.307309
usgs_11433300,38.96875_-120.59375,38.96875,-120.59375,2.499940912940791,0.3972781002521515,3.0563264
usgs_11433300,38.96875_-120.65625,38.96875,-120.65625,2.499803059792391,0.3356804847717285,2.823427
usgs_11433300,38.96875_-120.71875,38.96875,-120.71875,2.499996369983301,0.40005916357040405,3.14315
usgs_11433300,38.96875_-120.78125,38.96875,-120.78125,2.4999168529339015,0.49579882621765137,2.9803536
usgs_11433300,39.03125_-120.21875,39.03125,-120.21875,2.4991875413569216,0.38242602348327637,0.9057362
usgs_11433300,39.03125_-120.28125,39.03125,-120.28125,2.495200806719866,0.26810652017593384,0.7026796
usgs_11433300,39.03125_-120.34375,39.03125,-120.34375,2.4997476717120817,0.3430769145488739,0.92423433
usgs_11433300,39.03125_-120.40625,39.03125,-120.40625,2.4998009542204116,0.3820118308067322,1.6302474
usgs_11433300,39.03125_-120.46875,39.03125,-120.46875,2.4999456858122113,0.3823668658733368,1.9391015
usgs_11433300,39.03125_-120.53125,39.03125,-120.53125,2.499957861417447,0.47863906621932983,2.6030254
usgs_11433300,39.03125_-120.59375,39.03125,-120.59375,2.4999959005738632,0.4882248640060425,2.847748
usgs_11433300,39.03125_-120.65625,39.03125,-120.65625,2.4996385834729296,0.35804733633995056,2.5964248
usgs_11433300,39.03125_-120.71875,39.03125,-120.71875,2.4994207724845223,0.30041420459747314,2.6085508
usgs_11433300,39.03125_-120.78125,39.03125,-120.78125,2.499882337561612,0.4021301865577698,2.9256191
usgs_11433300,39.09375_-120.21875,39.09375,-120.21875,2.499997403213296,0.41124260425567627,1.0568128
usgs_11433300,39.09375_-120.28125,39.09375,-120.28125,2.4999198756670964,0.44609466195106506,1.3059455
usgs_11433300,39.09375_-120.34375,39.09375,-120.34375,2.499932835155836,0.45982247591018677,1.4318435
usgs_11433300,39.09375_-120.40625,39.09375,-120.40625,2.4997383746828774,0.3906508982181549,1.4428723
usgs_11433300,39.09375_-120.46875,39.09375,-120.46875,2.499547907442965,0.3942011892795563,1.2512099
usgs_11433300,39.09375_-120.53125,39.09375,-120.53125,2.4997186539688387,0.46988165378570557,2.0619113
usgs_11433300,39.09375_-120.59375,39.09375,-120.59375,2.499977226771818,0.5110059380531311,2.456059
usgs_11433300,39.09375_-120.65625,39.09375,-120.65625,2.4996746337484703,0.4204733669757843,2.8205693
usgs_11433300,39.09375_-120.71875,39.09375,-120.71875,2.4999613602891078,0.4357396364212036,2.9000247
usgs_11433300,39.15625_-120.21875,39.15625,-120.21875,2.4999915208130004,0.37934911251068115,1.135421
usgs_11433300,39.15625_-120.28125,39.15625,-120.28125,2.4989283034304623,0.3759763240814209,0.8428433
usgs_11433300,39.15625_-120.34375,39.15625,-120.34375,2.499959040411844,0.406686395406723,1.1269873
usgs_11433300,39.15625_-120.40625,39.15625,-120.40625,2.49999963188971,0.4665680527687073,1.616243
usgs_11433300,39.15625_-120.46875,39.15625,-120.46875,2.499960937643578,0.45384615659713745,1.2896234
usgs_11433300,39.15625_-120.53125,39.15625,-120.53125,2.498527152643125,0.3969230651855469,1.2545791
usgs_11433300,39.15625_-120.59375,39.15625,-120.59375,2.4966252794131556,0.41183432936668396,1.723612
usgs_11433300,39.15625_-120.65625,39.15625,-120.65625,2.4999875329744112,0.47378697991371155,2.2532723
usgs_11433300,39.15625_-120.71875,39.15625,-120.71875,2.499996411455042,0.5885798931121826,3.0672326
usgs_11433300,39.21875_-120.28125,39.21875,-120.28125,2.4995486296861857,0.3272189497947693,0.66712177
usgs_11433300,39.21875_-120.34375,39.21875,-120.34375,2.499726044960913,0.411775141954422,1.1005192
usgs_11433300,39.21875_-120.40625,39.21875,-120.40625,2.4999114451681708,0.4005917012691498,1.2237217
usgs_11433300,39.21875_-120.53125,39.21875,-120.53125,2.499911515389699,0.4672780930995941,1.8380424
usgs_11433300,39.21875_-120.59375,39.21875,-120.59375,2.499628711115797,0.4481656849384308,1.7384101
usgs_11433500,38.84375_-120.15625,38.84375,-120.15625,2.4985144694208747,0.15834319591522217,0.37511796
usgs_11433500,38.90625_-120.15625,38.90625,-120.15625,2.4990727736345044,0.18100591003894806,0.31845266
usgs_11433500,38.90625_-120.21875,38.90625,-120.21875,2.491320717642292,0.22573964297771454,0.35149533
usgs_11433500,38.90625_-120.34375,38.90625,-120.34375,2.499960349415594,0.4612426161766052,1.525745
usgs_11433500,38.90625_-120.40625,38.90625,-120.40625,2.4999647937950336,0.39041420817375183,1.7265567
usgs_11433500,38.90625_-120.46875,38.90625,-120.46875,2.499957726000295,0.4607100486755371,1.8633786
usgs_11433500,38.90625_-120.53125,38.90625,-120.53125,2.498798767174933,0.36502957344055176,1.9635767
usgs_11433500,38.90625_-120.59375,38.90625,-120.59375,2.499961793860085,0.3964497148990631,2.3378744
usgs_11433500,38.90625_-120.65625,38.90625,-120.65625,2.499997526891346,0.5179881453514099,3.2308779
usgs_11433500,38.90625_-120.71875,38.90625,-120.71875,2.499998494174581,0.5926627516746521,3.582056
usgs_11433500,38.90625_-120.78125,38.90625,-120.78125,2.4999967158068737,0.5612425804138184,3.2653956
usgs_11433500,38.90625_-120.84375,38.90625,-120.84375,2.4998405322332022,0.5086982250213623,2.7598472
usgs_11433500,38.90625_-120.90625,38.90625,-120.90625,2.496971233718503,0.45751479268074036,2.044006
usgs_11433500,38.90625_-120.96875,38.90625,-120.96875,2.4965090902244427,0.41745561361312866,1.6251981
usgs_11433500,38.90625_-121.03125,38.90625,-121.03125,2.4921385889193663,0.3759763240814209,1.522033
usgs_11433500,38.96875_-120.15625,38.96875,-120.15625,2.497512123978596,0.25923076272010803,0.65152186
usgs_11433500,38.96875_-120.21875,38.96875,-120.21875,2.4980178382828893,0.1917751431465149,0.34031188
usgs_11433500,38.96875_-120.28125,38.96875,-120.28125,2.4981828150853014,0.33520710468292236,0.77995276
usgs_11433500,38.96875_-120.34375,38.96875,-120.34375,2.499843242963842,0.3949112296104431,1.2723114
usgs_11433500,38.96875_-120.40625,38.96875,-120.40625,2.49997023884382,0.4153846204280853,1.761591
usgs_11433500,38.96875_-120.46875,38.96875,-120.46875,2.4998769548974473,0.3988165557384491,2.1300044
usgs_11433500,38.96875_-120.53125,38.96875,-120.53125,2.4999923599902836,0.3676331341266632,2.307309
usgs_11433500,38.96875_-120.59375,38.96875,-120.59375,2.499940912940791,0.3972781002521515,3.0563264
usgs_11433500,38.96875_-120.65625,38.96875,-120.65625,2.499803059792391,0.3356804847717285,2.823427
usgs_11433500,38.96875_-120.71875,38.96875,-120.71875,2.499996369983301,0.40005916357040405,3.14315
usgs_11433500,38.96875_-120.78125,38.96875,-120.78125,2.4999168529339015,0.49579882621765137,2.9803536
usgs_11433500,38.96875_-120.84375,38.96875,-120.84375,2.499893095022294,0.4581656754016876,2.80614
usgs_11433500,38.96875_-120.90625,38.96875,-120.90625,2.497431760283286,0.4152662754058838,2.2734451
usgs_11433500,38.96875_-120.96875,38.96875,-120.96875,2.496061730772296,0.42893490195274353,1.930048
usgs_11433500,39.03125_-120.21875,39.03125,-120.21875,2.4991875413569216,0.38242602348327637,0.9057362
usgs_11433500,39.03125_-120.28125,39.03125,-120.28125,2.495200806719866,0.26810652017593384,0.7026796
usgs_11433500,39.03125_-120.34375,39.03125,-120.34375,2.4997476717120817,0.3430769145488739,0.92423433
usgs_11433500,39.03125_-120.40625,39.03125,-120.40625,2.4998009542204116,0.3820118308067322,1.6302474
usgs_11433500,39.03125_-120.46875,39.03125,-120.46875,2.4999456858122113,0.3823668658733368,1.9391015
usgs_11433500,39.03125_-120.53125,39.03125,-120.53125,2.499957861417447,0.47863906621932983,2.6030254
usgs_11433500,39.03125_-120.59375,39.03125,-120.59375,2.4999959005738632,0.4882248640060425,2.847748
usgs_11433500,39.03125_-120.65625,39.03125,-120.65625,2.4996385834729296,0.35804733633995056,2.5964248
usgs_11433500,39.03125_-120.71875,39.03125,-120.71875,2.4994207724845223,0.30041420459747314,2.6085508
usgs_11433500,39.03125_-120.78125,39.03125,-120.78125,2.499882337561612,0.4021301865577698,2.9256191
usgs_11433500,39.03125_-120.84375,39.03125,-120.84375,2.4999463834955247,0.4976923167705536,3.2046366
usgs_11433500,39.03125_-120.90625,39.03125,-120.90625,2.4994331472308966,0.4589940905570984,2.4354234
usgs_11433500,39.09375_-120.21875,39.09375,-120.21875,2.499997403213296,0.41124260425567627,1.0568128
usgs_11433500,39.09375_-120.28125,39.09375,-120.28125,2.4999198756670964,0.44609466195106506,1.3059455
usgs_11433500,39.09375_-120.34375,39.09375,-120.34375,2.499932835155836,0.45982247591018677,1.4318435
usgs_11433500,39.09375_-120.40625,39.09375,-120.40625,2.4997383746828774,0.3906508982181549,1.4428723
usgs_11433500,39.09375_-120.46875,39.09375,-120.46875,2.499547907442965,0.3942011892795563,1.2512099
usgs_11433500,39.09375_-120.53125,39.09375,-120.53125,2.4997186539688387,0.46988165378570557,2.0619113
usgs_11433500,39.09375_-120.59375,39.09375,-120.59375,2.499977226771818,0.5110059380531311,2.456059
usgs_11433500,39.09375_-120.65625,39.09375,-120.65625,2.4996746337484703,0.4204733669757843,2.8205693
usgs_11433500,39.09375_-120.71875,39.09375,-120.71875,2.4999613602891078,0.4357396364212036,2.9000247
usgs_11433500,39.09375_-120.78125,39.09375,-120.78125,2.499984954639163,0.5315976142883301,3.0388398
usgs_11433500,39.15625_-120.21875,39.15625,-120.21875,2.4999915208130004,0.37934911251068115,1.135421
usgs_11433500,39.15625_-120.28125,39.15625,-120.28125,2.4989283034304623,0.3759763240814209,0.8428433
usgs_11433500,39.15625_-120.34375,39.15625,-120.34375,2.499959040411844,0.406686395406723,1.1269873
usgs_11433500,39.15625_-120.40625,39.15625,-120.40625,2.49999963188971,0.4665680527687073,1.616243
usgs_11433500,39.15625_-120.46875,39.15625,-120.46875,2.499960937643578,0.45384615659713745,1.2896234
usgs_11433500,39.15625_-120.53125,39.15625,-120.53125,2.498527152643125,0.3969230651855469,1.2545791
usgs_11433500,39.15625_-120.59375,39.15625,-120.59375,2.4966252794131556,0.41183432936668396,1.723612
usgs_11433500,39.15625_-120.65625,39.15625,-120.65625,2.4999875329744112,0.47378697991371155,2.2532723
usgs_11433500,39.15625_-120.71875,39.15625,-120.71875,2.499996411455042,0.5885798931121826,3.0672326
usgs_11433500,39.21875_-120.28125,39.21875,-120.28125,2.4995486296861857,0.3272189497947693,0.66712177
usgs_11433500,39.21875_-120.34375,39.21875,-120.34375,2.499726044960913,0.411775141954422,1.1005192
usgs_11433500,39.21875_-120.40625,39.21875,-120.40625,2.4999114451681708,0.4005917012691498,1.2237217
usgs_11433500,39.21875_-120.53125,39.21875,-120.53125,2.499911515389699,0.4672780930995941,1.8380424
usgs_11433500,39.21875_-120.59375,39.21875,-120.59375,2.499628711115797,0.4481656849384308,1.7384101
usgs_11445500,38.59375_-120.09375,38.59375,-120.09375,2.4957694399471437,0.26573964953422546,0.46721667
usgs_11445500,38.59375_-120.15625,38.59375,-120.15625,2.4944932212629367,0.24887573719024658,0.44766393
usgs_11445500,38.65625_-119.96875,38.65625,-119.96875,2.4980240689097233,0.2530769109725952,0.46622092
usgs_11445500,38.65625_-120.03125,38.65625,-120.03125,2.492532322989963,0.24254438281059265,0.40972182
usgs_11445500,38.65625_-120.09375,38.65625,-120.09375,2.4941642918199656,0.27603551745414734,0.5490117
usgs_11445500,38.65625_-120.15625,38.65625,-120.15625,2.498624999869559,0.2800000011920929,0.74549997
usgs_11445500,38.65625_-120.21875,38.65625,-120.21875,2.4999990381412953,0.3163905441761017,1.3234475
usgs_11445500,38.65625_-120.28125,38.65625,-120.28125,2.499996892427471,0.35982248187065125,1.4363734
usgs_11445500,38.65625_-120.34375,38.65625,-120.34375,2.499999188140299,0.4187574088573456,1.9549093
usgs_11445500,38.71875_-119.96875,38.71875,-119.96875,2.4987844622696187,0.3150295913219452,0.6815628
usgs_11445500,38.71875_-120.03125,38.71875,-120.03125,2.4930873997968126,0.30485206842422485,0.5651826
usgs_11445500,38.71875_-120.09375,38.71875,-120.09375,2.49309272336581,0.30467456579208374,0.7799129
usgs_11445500,38.71875_-120.15625,38.71875,-120.15625,2.4998823894205033,0.35183432698249817,1.3147584
usgs_11445500,38.71875_-120.21875,38.71875,-120.21875,2.4999476442343953,0.34994083642959595,1.7583264
usgs_11445500,38.71875_-120.28125,38.71875,-120.28125,2.4999989630506727,0.3671005964279175,1.7526499
usgs_11445500,38.71875_-120.34375,38.71875,-120.34375,2.4999938684397245,0.3796449601650238,1.8983133
usgs_11445500,38.71875_-120.40625,38.71875,-120.40625,2.4999920008405043,0.3585798740386963,2.1752062
usgs_11445500,38.71875_-120.46875,38.71875,-120.46875,2.499791222453271,0.3592899441719055,2.5528839
usgs_11445500,38.71875_-120.53125,38.71875,-120.53125,2.4999773549527875,0.30000001192092896,3.061243
usgs_11445500,38.71875_-120.59375,38.71875,-120.59375,2.499429777369458,0.4179881513118744,2.5693362
usgs_11445500,38.71875_-120.65625,38.71875,-120.65625,2.4956182298629432,0.4098816514015198,1.8365463
usgs_11445500,38.71875_-120.71875,38.71875,-120.71875,2.49675005463867,0.40295857191085815,1.8992176
usgs_11445500,38.71875_-120.78125,38.71875,-120.78125,2.490716867294119,0.3322485089302063,1.645333
usgs_11445500,38.71875_-120.84375,38.71875,-120.84375,2.486997640336467,0.2931360900402069,1.4325713
usgs_11445500,38.78125_-120.03125,38.78125,-120.03125,2.499878994479001,0.3743787109851837,0.92105454
usgs_11445500,38.78125_-120.09375,38.78125,-120.09375,2.4991836758645274,0.34781065583229065,1.1159941
usgs_11445500,38.78125_-120.15625,38.78125,-120.15625,2.499842460249904,0.3598816692829132,1.4075644
usgs_11445500,38.78125_-120.21875,38.78125,-120.21875,2.4995236608755924,0.36733728647232056,1.5866377
usgs_11445500,38.78125_-120.28125,38.78125,-120.28125,2.4998006151987524,0.40319526195526123,1.6492783
usgs_11445500,38.78125_-120.34375,38.78125,-120.34375,2.4991875248166497,0.41822484135627747,1.5845404
usgs_11445500,38.78125_-120.40625,38.78125,-120.40625,2.49938230338934,0.4332544505596161,1.9214174
usgs_11445500,38.78125_-120.46875,38.78125,-120.46875,2.4999053217941434,0.4812425971031189,2.2650657
usgs_11445500,38.78125_-120.53125,38.78125,-120.53125,2.4991426986438823,0.4048520624637604,2.2786431
usgs_11445500,38.78125_-120.59375,38.78125,-120.59375,2.4993747524119367,0.41609466075897217,2.4744954
usgs_11445500,38.78125_-120.65625,38.78125,-120.65625,2.4993853365011347,0.4752070903778076,2.6392548
usgs_11445500,38.78125_-120.71875,38.78125,-120.71875,2.4973665369361084,0.4250887632369995,2.2085352
usgs_11445500,38.78125_-120.78125,38.78125,-120.78125,2.497784234744605,0.4501183331012726,2.0757356
usgs_11445500,38.78125_-120.84375,38.78125,-120.84375,2.4942785559324436,0.44846153259277344,1.6167988
usgs_11445500,38.78125_-120.90625,38.78125,-120.90625,2.4964069927924792,0.36390531063079834,1.3807503
usgs_11445500,38.78125_-120.96875,38.78125,-120.96875,2.4984255542811113,0.3885207176208496,1.3480928
usgs_11445500,38.84375_-120.03125,38.84375,-120.03125,2.499785783662496,0.28201183676719666,1.0579878
usgs_11445500,38.84375_-120.09375,38.84375,-120.09375,2.4996029228194763,0.26384615898132324,0.6338212
usgs_11445500,38.84375_-120.15625,38.84375,-120.15625,2.4985144694208747,0.15834319591522217,0.37511796
usgs_11445500,38.84375_-120.21875,38.84375,-120.21875,2.4966740460302406,0.3007100522518158,0.7288273
usgs_11445500,38.84375_-120.28125,38.84375,-120.28125,2.4999476688489817,0.43834319710731506,1.2571446
usgs_11445500,38.84375_-120.34375,38.84375,-120.34375,2.4999050055911254,0.4134911298751831,1.5656024
usgs_11445500,38.84375_-120.40625,38.84375,-120.40625,2.499084034491026,0.37840235233306885,1.5057489
usgs_11445500,38.84375_-120.46875,38.84375,-120.46875,2.49966185895484,0.4351479411125183,1.7139742
usgs_11445500,38.84375_-120.53125,38.84375,-120.53125,2.497382336536756,0.4098816514015198,2.159998
usgs_11445500,38.84375_-120.59375,38.84375,-120.59375,2.499842420330083,0.3799999952316284,2.3699389
usgs_11445500,38.84375_-120.65625,38.84375,-120.65625,2.499984040512987,0.49562129378318787,3.1344104
usgs_11445500,38.84375_-120.71875,38.84375,-120.71875,2.4999980471757954,0.6040828227996826,3.3101726
usgs_11445500,38.84375_-120.78125,38.84375,-120.78125,2.4999572858071852,0.5480473637580872,2.7562265
usgs_11445500,38.84375_-120.84375,38.84375,-120.84375,2.4948821127589635,0.41266271471977234,1.7661554
usgs_11445500,38.84375_-120.90625,38.84375,-120.90625,2.480197880819354,0.41917160153388977,1.3963145
usgs_11445500,38.84375_-120.96875,38.84375,-120.96875,2.494702254921195,0.4167455732822418,1.4008907
usgs_11445500,38.90625_-120.15625,38.90625,-120.15625,2.4990727736345044,0.18100591003894806,0.31845266
usgs_11445500,38.90625_-120.21875,38.90625,-120.21875,2.491320717642292,0.22573964297771454,0.35149533
usgs_11445500,38.90625_-120.28125,38.90625,-120.28125,2.49907970472363,0.40526628494262695,0.9624066
usgs_11445500,38.90625_-120.34375,38.90625,-120.34375,2.499960349415594,0.4612426161766052,1.525745
usgs_11445500,38.90625_-120.40625,38.90625,-120.40625,2.4999647937950336,0.39041420817375183,1.7265567
usgs_11445500,38.90625_-120.46875,38.90625,-120.46875,2.499957726000295,0.4607100486755371,1.8633786
usgs_11445500,38.90625_-120.53125,38.90625,-120.53125,2.498798767174933,0.36502957344055176,1.9635767
usgs_11445500,38.90625_-120.59375,38.90625,-120.59375,2.499961793860085,0.3964497148990631,2.3378744
usgs_11445500,38.90625_-120.65625,38.90625,-120.65625,2.499997526891346,0.5179881453514099,3.2308779
usgs_11445500,38.90625_-120.71875,38.90625,-120.71875,2.499998494174581,0.5926627516746521,3.582056
usgs_11445500,38.90625_-120.78125,38.90625,-120.78125,2.4999967158068737,0.5612425804138184,3.2653956
usgs_11445500,38.90625_-120.84375,38.90625,-120.84375,2.4998405322332022,0.5086982250213623,2.7598472
usgs_11445500,38.90625_-120.90625,38.90625,-120.90625,2.496971233718503,0.45751479268074036,2.044006
usgs_11445500,38.90625_-120.96875,38.90625,-120.96875,2.4965090902244427,0.41745561361312866,1.6251981
usgs_11445500,38.96875_-120.21875,38.96875,-120.21875,2.4980178382828893,0.1917751431465149,0.34031188
usgs_11445500,38.96875_-120.28125,38.96875,-120.28125,2.4981828150853014,0.33520710468292236,0.77995276
usgs_11445500,38.96875_-120.34375,38.96875,-120.34375,2.499843242963842,0.3949112296104431,1.2723114
usgs_11445500,38.96875_-120.40625,38.96875,-120.40625,2.49997023884382,0.4153846204280853,1.761591
usgs_11445500,38.96875_-120.46875,38.96875,-120.46875,2.4998769548974473,0.3988165557384491,2.1300044
usgs_11445500,38.96875_-120.71875,38.96875,-120.71875,2.499996369983301,0.40005916357040405,3.14315
usgs_11449500,38.78125_-122.71875,38.78125,-122.71875,2.4911873583781543,0.38999998569488525,1.392558
usgs_11449500,38.78125_-122.78125,38.78125,-122.78125,2.4999963101751232,0.49000000953674316,3.0187888
usgs_11449500,38.84375_-122.65625,38.84375,-122.65625,2.4966488110954828,0.36000001430511475,1.2538865
usgs_11449500,38.84375_-122.71875,38.84375,-122.71875,2.4992475263999183,0.28999999165534973,2.1200128
usgs_11449500,38.84375_-122.78125,38.84375,-122.78125,2.490870885580568,0.3199999928474426,1.54519
usgs_11449500,38.84375_-122.84375,38.84375,-122.84375,2.493616486342849,0.5600000023841858,1.6743615
usgs_11449500,38.90625_-122.71875,38.90625,-122.71875,2.499604960260113,0.0,1.1642766
usgs_11449500,38.90625_-122.78125,38.90625,-122.78125,2.499200679392114,0.5400000214576721,1.7953224
usgs_11449500,38.90625_-122.84375,38.90625,-122.84375,2.4978032763787303,0.5600000023841858,1.0201224
usgs_11451100,39.15625_-122.59375,39.15625,-122.59375,2.4992675865124703,0.3400000035762787,1.0773985
usgs_11451100,39.15625_-122.65625,39.15625,-122.65625,2.4991598632144245,0.4399999976158142,1.775684
usgs_11451100,39.15625_-122.71875,39.15625,-122.71875,2.499814015096269,0.4300000071525574,2.2110991
usgs_11451100,39.15625_-122.78125,39.15625,-122.78125,2.4870563984418137,0.4399999976158142,1.3427092
usgs_11451100,39.21875_-122.65625,39.21875,-122.65625,2.499313571890546,0.4399999976158142,1.9016373
usgs_11451100,39.21875_-122.71875,39.21875,-122.71875,2.484965989754607,0.3799999952316284,1.2466052
usgs_11451100,39.21875_-122.78125,39.21875,-122.78125,2.499592050682081,0.41999998688697815,1.3918836
usgs_11451100,39.21875_-122.84375,39.21875,-122.84375,2.4998502397008964,0.36000001430511475,1.6464521
usgs_11451100,39.28125_-122.71875,39.28125,-122.71875,2.4998843011956415,0.3400000035762787,1.3156183
usgs_11451100,39.28125_-122.78125,39.28125,-122.78125,2.4930731092762635,0.550000011920929,1.5378519
usgs_11451100,39.28125_-122.84375,39.28125,-122.84375,2.499205126104556,0.4300000071525574,1.5696665
usgs_11451715,38.96875_-122.34375,38.96875,-122.34375,2.4994073472359792,0.4000000059604645,0.91885626
usgs_11451715,38.96875_-122.40625,38.96875,-122.40625,2.4992826243813218,0.38999998569488525,0.92937696
usgs_11451715,39.03125_-122.34375,39.03125,-122.34375,2.4965808078576575,0.4099999964237213,0.9014374
usgs_11451715,39.03125_-122.40625,39.03125,-122.40625,2.4985147857154777,0.36000001430511475,0.86844575
usgs_11451715,39.03125_-122.46875,39.03125,-122.46875,2.4931030589755716,0.5199999809265137,0.9229306
usgs_11451715,39.09375_-122.40625,39.09375,-122.40625,2.499954646822121,0.30000001192092896,0.86448276
usgs_11451715,39.09375_-122.46875,39.09375,-122.46875,2.4948387378913313,0.47999998927116394,0.8701073
usgs_11451715,39.09375_-122.53125,39.09375,-122.53125,2.496495451529006,0.0,0.8534286
usgs_11451715,39.15625_-122.40625,39.15625,-122.40625,2.499637956297585,0.33000001311302185,0.8881429
usgs_11451715,39.15625_-122.46875,39.15625,-122.46875,2.49606833070038,0.4000000059604645,1.0117483
usgs_11451715,39.21875_-122.40625,39.21875,-122.40625,2.4992871925033304,0.550000011920929,0.9438905
usgs_11451715,39.21875_-122.46875,39.21875,-122.46875,2.455362752898155,0.27000001072883606,0.97303396
usgs_11451715,39.21875_-122.53125,39.21875,-122.53125,2.4919608492061025,0.28999999165534973,0.82458246
usgs_11451715,39.21875_-122.59375,39.21875,-122.59375,2.4993512564485645,0.38999998569488525,1.6186223
usgs_11451715,39.28125_-122.53125,39.28125,-122.53125,2.494683868974837,0.27000001072883606,0.8272666
usgs_11451715,39.28125_-122.59375,39.28125,-122.59375,2.4995462324357915,0.3400000035762787,0.94436187
usgs_11523200,41.09375_-122.59375,41.09375,-122.59375,2.4999999673266666,0.7400000095367432,2.8248491
usgs_11523200,41.09375_-122.65625,41.09375,-122.65625,2.498901517831337,0.47999998927116394,1.6182618
usgs_11523200,41.09375_-122.71875,41.09375,-122.71875,2.499988057498105,0.5899999737739563,2.081583
usgs_11523200,41.09375_-122.78125,41.09375,-122.78125,2.4999998002604267,0.4099999964237213,2.991686
usgs_11523200,41.15625_-122.59375,41.15625,-122.59375,2.4997408066446267,0.4000000059604645,1.7733427
usgs_11523200,41.15625_-122.65625,41.15625,-122.65625,2.4999996835042078,0.5199999809265137,1.9120785
usgs_11523200,41.15625_-122.71875,41.15625,-122.71875,2.499997966678426,0.5899999737739563,2.7598612
usgs_11523200,41.15625_-122.78125,41.15625,-122.78125,2.4996925801680616,0.4699999988079071,2.2235982
usgs_11523200,41.21875_-122.53125,41.21875,-122.53125,2.4977971543254034,0.39970412850379944,1.1308091
usgs_11523200,41.21875_-122.59375,41.21875,-122.59375,2.499999809642013,0.47999998927116394,1.5645235
usgs_11523200,41.21875_-122.65625,41.21875,-122.65625,2.4996953044862176,0.33000001311302185,1.7059343
usgs_11523200,41.21875_-122.71875,41.21875,-122.71875,2.499951015603717,0.5699999928474426,1.6449134
usgs_11523200,41.21875_-122.78125,41.21875,-122.78125,2.499419782355078,0.0,0.29695868
usgs_11523200,41.28125_-122.46875,41.28125,-122.46875,2.4995056682352477,0.3364497125148773,1.0123123
usgs_11523200,41.28125_-122.53125,41.28125,-122.53125,2.497366291457599,0.37739646434783936,1.0933628
usgs_11523200,41.28125_-122.59375,41.28125,-122.59375,2.499961797603124,0.36000001430511475,1.3191139
usgs_11523200,41.28125_-122.65625,41.28125,-122.65625,2.499838502596831,0.4399999976158142,1.4937141
usgs_11523200,41.28125_-122.71875,41.28125,-122.71875,2.4999075227376517,0.5600000023841858,1.5604194
usgs_11523200,41.34375_-122.46875,41.34375,-122.46875,2.4996621504334717,0.2792307734489441,0.9060661
usgs_11523200,41.34375_-122.53125,41.34375,-122.53125,2.4994653714106665,0.5400000214576721,0.71550244
usgs_11523200,41.34375_-122.59375,41.34375,-122.59375,2.4999764774012623,0.4300000071525574,0.8354659
usgs_11523200,41.34375_-122.65625,41.34375,-122.65625,2.499989722984505,0.6899999976158142,2.6018991
usgs_11525500,40.71875_-122.71875,40.71875,-122.71875,2.498157712239232,0.42923077940940857,2.1870873
usgs_11525500,40.71875_-122.78125,40.71875,-122.78125,2.4987543817542766,0.4595857858657837,1.899304
usgs_11525500,40.71875_-122.84375,40.71875,-122.84375,2.498022779631471,0.46000000834465027,1.2751974
usgs_11525500,40.78125_-122.65625,40.78125,-122.65625,2.4980723990925635,0.34662720561027527,2.1693225
usgs_11525500,40.78125_-122.71875,40.78125,-122.71875,2.499746456457647,0.4816568195819855,2.5256937
usgs_11525500,40.78125_-122.78125,40.78125,-122.78125,2.499996897102958,0.5099999904632568,2.2995236
usgs_11525500,40.78125_-122.84375,40.78125,-122.84375,2.4999909238341385,0.6499999761581421,2.249527
usgs_11525500,40.84375_-122.65625,40.84375,-122.65625,2.499300370629391,0.4375147819519043,2.534181
usgs_11525500,40.84375_-122.71875,40.84375,-122.71875,2.4999346248504084,0.7200000286102295,2.7962446
usgs_11525500,40.84375_-122.78125,40.84375,-122.78125,2.4997749995502336,0.0,0.26098192
usgs_11525500,40.84375_-122.84375,40.84375,-122.84375,2.4999494957197808,0.6000000238418579,1.4270471
usgs_11525500,40.84375_-122.90625,40.84375,-122.90625,2.49996237795353,0.6499999761581421,2.6572857
usgs_11525500,40.84375_-122.96875,40.84375,-122.96875,2.4999777638532508,0.28999999165534973,0.47548914
usgs_11525500,40.90625_-122.59375,40.90625,-122.59375,2.4995740191683566,0.43988165259361267,2.3076706
usgs_11525500,40.90625_-122.65625,40.90625,-122.65625,2.499423100201337,0.5014201402664185,2.2292855
usgs_11525500,40.90625_-122.71875,40.90625,-122.71875,2.4999926723347343,0.7699999809265137,2.4990542
usgs_11525500,40.90625_-122.78125,40.90625,-122.78125,2.499937141359392,0.5199999809265137,3.0062692
usgs_11525500,40.90625_-122.84375,40.90625,-122.84375,2.499979935253955,0.6200000047683716,2.981823
usgs_11525500,40.90625_-122.90625,40.90625,-122.90625,2.495199195398156,0.3799999952316284,0.55355984
usgs_11525500,40.90625_-122.96875,40.90625,-122.96875,2.499917608169395,0.4399999976158142,1.6650852
usgs_11525500,40.90625_-123.03125,40.90625,-123.03125,2.499999525115769,0.46000000834465027,1.8790065
usgs_11525500,40.96875_-122.53125,40.96875,-122.53125,2.4999466235479573,0.3752070963382721,2.420303
usgs_11525500,40.96875_-122.59375,40.96875,-122.59375,2.4998612530255238,0.49289941787719727,2.4784677
usgs_11525500,40.96875_-122.65625,40.96875,-122.65625,2.4963561978039976,0.0,1.998013
usgs_11525500,40.96875_-122.71875,40.96875,-122.71875,2.4944332294999056,0.25,1.7361591
usgs_11525500,40.96875_-122.78125,40.96875,-122.78125,2.499854978363577,0.5099999904632568,1.5748588
usgs_11525500,40.96875_-122.84375,40.96875,-122.84375,2.4999154213745287,0.0,0.37381315
usgs_11525500,40.96875_-122.90625,40.96875,-122.90625,2.496714958914703,0.4099999964237213,0.8840886
usgs_11525500,40.96875_-122.96875,40.96875,-122.96875,2.4999482737055096,0.5699999928474426,1.5589106
usgs_11525500,40.96875_-123.03125,40.96875,-123.03125,2.499996934219137,0.2199999988079071,0.5168006
usgs_11525500,41.03125_-122.53125,41.03125,-122.53125,2.4990240394660277,0.25201183557510376,1.7604103
usgs_11525500,41.03125_-122.59375,41.03125,-122.59375,2.4995613704690545,0.4300000071525574,1.8638676
usgs_11525500,41.03125_-122.65625,41.03125,-122.65625,2.4999989524890935,0.7699999809265137,2.8272786
usgs_11525500,41.03125_-122.71875,41.03125,-122.71875,2.4999986297065204,0.7599999904632568,2.3230114
usgs_11525500,41.03125_-122.78125,41.03125,-122.78125,2.499965473416668,0.4399999976158142,1.8894372
usgs_11525500,41.03125_-122.84375,41.03125,-122.84375,2.4998468995741465,0.49000000953674316,1.0049026
usgs_11525500,41.03125_-122.90625,41.03125,-122.90625,2.4995180627929114,0.25999999046325684,0.61914456
usgs_11525500,41.03125_-122.96875,41.03125,-122.96875,2.499962812989005,0.0,0.33749944
usgs_11525500,41.03125_-123.03125,41.03125,-123.03125,2.4985481661624753,0.5099999904632568,0.93015903
usgs_11525500,41.09375_-122.46875,41.09375,-122.46875,2.4990328222018503,0.4304733872413635,1.291792
usgs_11525500,41.09375_-122.53125,41.09375,-122.53125,2.499386240085337,0.4108284115791321,1.3086616
usgs_11525500,41.09375_-122.59375,41.09375,-122.59375,2.4999999673266666,0.7400000095367432,2.8248491
usgs_11525500,41.09375_-122.65625,41.09375,-122.65625,2.498901517831337,0.47999998927116394,1.6182618
usgs_11525500,41.09375_-122.71875,41.09375,-122.71875,2.499988057498105,0.5899999737739563,2.081583
usgs_11525500,41.09375_-122.78125,41.09375,-122.78125,2.4999998002604267,0.4099999964237213,2.991686
usgs_11525500,41.09375_-122.84375,41.09375,-122.84375,2.499993358285244,0.0,1.1503713
usgs_11525500,41.09375_-122.90625,41.09375,-122.90625,2.4992149873635006,0.3700000047683716,1.9931134
usgs_11525500,41.09375_-122.96875,41.09375,-122.96875,2.499999997822447,0.44999998807907104,0.7935174
usgs_11525500,41.15625_-122.46875,41.15625,-122.46875,2.499853107891416,0.4552662670612335,1.4162631
usgs_11525500,41.15625_-122.53125,41.15625,-122.53125,2.4997683953267194,0.41999998688697815,1.5380244
usgs_11525500,41.15625_-122.59375,41.15625,-122.59375,2.4997408066446267,0.4000000059604645,1.7733427
usgs_11525500,41.15625_-122.65625,41.15625,-122.65625,2.4999996835042078,0.5199999809265137,1.9120785
usgs_11525500,41.15625_-122.71875,41.15625,-122.71875,2.499997966678426,0.5899999737739563,2.7598612
usgs_11525500,41.15625_-122.78125,41.15625,-122.78125,2.4996925801680616,0.4699999988079071,2.2235982
usgs_11525500,41.15625_-122.84375,41.15625,-122.84375,2.4992648398332995,0.36000001430511475,1.8326875
usgs_11525500,41.15625_-122.90625,41.15625,-122.90625,2.4993589757021923,0.4699999988079071,1.7182454
usgs_11525500,41.15625_-122.96875,41.15625,-122.96875,2.49754358975978,0.5899999737739563,1.0290443
usgs_11525500,41.21875_-122.46875,41.21875,-122.46875,2.4997809525100267,0.42964497208595276,1.3716459
usgs_11525500,41.21875_-122.53125,41.21875,-122.53125,2.4977971543254034,0.39970412850379944,1.1308091
usgs_11525500,41.21875_-122.59375,41.21875,-122.59375,2.499999809642013,0.47999998927116394,1.5645235
usgs_11525500,41.21875_-122.65625,41.21875,-122.65625,2.4996953044862176,0.33000001311302185,1.7059343
usgs_11525500,41.21875_-122.71875,41.21875,-122.71875,2.499951015603717,0.5699999928474426,1.6449134
usgs_11525500,41.21875_-122.78125,41.21875,-122.78125,2.499419782355078,0.0,0.29695868
usgs_11525500,41.21875_-122.84375,41.21875,-122.84375,2.4994639053911367,0.4099999964237213,1.4432039
usgs_11525500,41.21875_-122.90625,41.21875,-122.90625,2.4999336007636597,0.4300000071525574,1.526853
usgs_11525500,41.28125_-122.46875,41.28125,-122.46875,2.4995056682352477,0.3364497125148773,1.0123123
usgs_11525500,41.28125_-122.53125,41.28125,-122.53125,2.497366291457599,0.37739646434783936,1.0933628
usgs_11525500,41.28125_-122.59375,41.28125,-122.59375,2.499961797603124,0.36000001430511475,1.3191139
usgs_11525500,41.28125_-122.65625,41.28125,-122.65625,2.499838502596831,0.4399999976158142,1.4937141
usgs_11525500,41.28125_-122.71875,41.28125,-122.71875,2.4999075227376517,0.5600000023841858,1.5604194
usgs_11525500,41.34375_-122.46875,41.34375,-122.46875,2.4996621504334717,0.2792307734489441,0.9060661
usgs_11525500,41.34375_-122.53125,41.34375,-122.53125,2.4994653714106665,0.5400000214576721,0.71550244
usgs_11525500,41.34375_-122.59375,41.34375,-122.59375,2.4999764774012623,0.4300000071525574,0.8354659
usgs_11525500,41.34375_-122.65625,41.34375,-122.65625,2.499989722984505,0.6899999976158142,2.6018991
cdec_BND,40.03125_-122.71875,40.03125,-122.71875,2.4999992121825283,0.6399999856948853,2.5414479
cdec_BND,40.03125_-122.78125,40.03125,-122.78125,2.497897023541661,0.3457988202571869,1.5140699
cdec_BND,40.03125_-122.84375,40.03125,-122.84375,2.4976541945582067,0.25414201617240906,1.0486425
cdec_BND,40.03125_-122.90625,40.03125,-122.90625,2.496196171613911,0.3254437744617462,1.2062802
cdec_BND,40.03125_-122.96875,40.03125,-122.96875,2.496430765990618,0.2865680456161499,0.90060526
cdec_BND,40.09375_-122.65625,40.09375,-122.65625,2.496712545962887,0.33041420578956604,1.0138248
cdec_BND,40.09375_-122.71875,40.09375,-122.71875,2.4994180327157385,0.35733726620674133,1.6018739
cdec_BND,40.09375_-122.78125,40.09375,-122.78125,2.498909063059967,0.399822473526001,1.8989656
cdec_BND,40.09375_-122.84375,40.09375,-122.84375,2.4981818598670764,0.3775147795677185,1.5501158
cdec_BND,40.09375_-122.90625,40.09375,-122.90625,2.4991368075448976,0.3912425935268402,1.3428532
cdec_BND,40.09375_-122.96875,40.09375,-122.96875,2.498876618669202,0.3562721908092499,1.093048
cdec_BND,40.15625_-122.53125,40.15625,-122.53125,2.499410856891947,0.40739643573760986,0.9847348
cdec_BND,40.15625_-122.59375,40.15625,-122.59375,2.4985399385015934,0.40473371744155884,0.94810754
cdec_BND,40.15625_-122.65625,40.15625,-122.65625,2.4976645691886237,0.3409467339515686,0.8859642
cdec_BND,40.15625_-122.71875,40.15625,-122.71875,2.495826566309118,0.2836686372756958,0.826462
cdec_BND,40.15625_-122.78125,40.15625,-122.78125,2.499443418988733,0.33349111676216125,1.469092
cdec_BND,40.15625_-122.84375,40.15625,-122.84375,2.4993547629575055,0.36769232153892517,1.8558828
cdec_BND,40.15625_-122.90625,40.15625,-122.90625,2.496310445008478,0.36538460850715637,1.6867572
cdec_BND,40.15625_-122.96875,40.15625,-122.96875,2.4959715756173937,0.345976322889328,1.3431572
cdec_BND,40.21875_-122.21875,40.21875,-122.21875,2.499484263292411,0.33000001311302185,1.141077
cdec_BND,40.21875_-122.40625,40.21875,-122.40625,2.4997757167777275,0.0,0.77436584
cdec_BND,40.21875_-122.46875,40.21875,-122.46875,2.4992750239129835,0.4280473291873932,0.988044
cdec_BND,40.21875_-122.53125,40.21875,-122.53125,2.4992997816252647,0.4177514910697937,0.97439724
cdec_BND,40.21875_-122.59375,40.21875,-122.59375,2.4994813624646994,0.4037869870662689,0.92263687
cdec_BND,40.21875_-122.65625,40.21875,-122.65625,2.4985688143394187,0.37467455863952637,0.8023395
cdec_BND,40.21875_-122.71875,40.21875,-122.71875,2.498237048013101,0.30313608050346375,0.7854826
cdec_BND,40.21875_-122.78125,40.21875,-122.78125,2.4952607014501935,0.28065088391304016,0.9029661
cdec_BND,40.21875_-122.84375,40.21875,-122.84375,2.4973380301916395,0.33213016390800476,1.5241014
cdec_BND,40.21875_-122.90625,40.21875,-122.90625,2.4989510605573857,0.33639052510261536,1.6641536
cdec_BND,40.21875_-122.96875,40.21875,-122.96875,2.499826908060572,0.3879881799221039,1.8683318
cdec_BND,40.28125_-121.59375,40.28125,-121.59375,2.4999986593312604,0.44189348816871643,2.3171256
cdec_BND,40.28125_-122.09375,40.28125,-122.09375,2.497653580784636,0.31917160749435425,0.845821
cdec_BND,40.28125_-122.15625,40.28125,-122.15625,2.493186320274355,0.3577514886856079,0.8413935
cdec_BND,40.28125_-122.21875,40.28125,-122.21875,2.498615997979968,0.42680472135543823,0.9469508
cdec_BND,40.28125_-122.28125,40.28125,-122.28125,2.499026176684121,0.3939644992351532,1.0387641
cdec_BND,40.28125_-122.34375,40.28125,-122.34375,2.499343087127354,0.37390533089637756,1.0053377
cdec_BND,40.28125_-122.40625,40.28125,-122.40625,2.4992973588616336,0.3897041380405426,1.0090412
cdec_BND,40.28125_-122.46875,40.28125,-122.46875,2.4986410630741425,0.4270414113998413,1.0615233
cdec_BND,40.28125_-122.53125,40.28125,-122.53125,2.4993556014530673,0.4218343198299408,0.9690997
cdec_BND,40.28125_-122.59375,40.28125,-122.59375,2.499550683191626,0.38958579301834106,0.928267
cdec_BND,40.28125_-122.65625,40.28125,-122.65625,2.499545960287926,0.3971005976200104,0.74626476
cdec_BND,40.28125_-122.71875,40.28125,-122.71875,2.498711766452285,0.352544367313385,0.78086525
cdec_BND,40.28125_-122.78125,40.28125,-122.78125,2.4977544940028436,0.30041420459747314,0.83296126
cdec_BND,40.28125_-122.84375,40.28125,-122.84375,2.495568622320768,0.3234911262989044,1.3133069
cdec_BND,40.28125_-122.90625,40.28125,-122.90625,2.4960069597142716,0.33331361413002014,1.5465139
cdec_BND,40.28125_-122.96875,40.28125,-122.96875,2.499150519061353,0.31106507778167725,1.6045264
cdec_BND,40.28125_-123.03125,40.28125,-123.03125,2.4997943066619515,0.3614201247692108,1.807712
cdec_BND,40.28125_-123.09375,40.28125,-123.09375,2.49905752695593,0.3506508767604828,2.1811967
cdec_BND,40.34375_-121.53125,40.34375,-121.53125,2.499810614308574,0.4220118224620819,2.135786
cdec_BND,40.34375_-121.59375,40.34375,-121.59375,2.4999850764059532,0.4864497184753418,2.0766041
cdec_BND,40.34375_-121.65625,40.34375,-121.65625,2.4999765123162017,0.4963313639163971,2.0420055
cdec_BND,40.34375_-121.71875,40.34375,-121.71875,2.4999363987363923,0.48633137345314026,2.104982
cdec_BND,40.34375_-121.78125,40.34375,-121.78125,2.4835568676416795,0.3331952691078186,1.2173827
cdec_BND,40.34375_-121.84375,40.34375,-121.84375,2.483826557611107,0.31550297141075134,0.9858356
cdec_BND,40.34375_-121.90625,40.34375,-121.90625,2.4854833438288306,0.36816567182540894,1.2602549
cdec_BND,40.34375_-121.96875,40.34375,-121.96875,2.4833825078774963,0.4359763264656067,1.657368
cdec_BND,40.34375_-122.03125,40.34375,-122.03125,2.4852892603598615,0.37242603302001953,1.0300063
cdec_BND,40.34375_-122.09375,40.34375,-122.09375,2.4952779131021368,0.33171597123146057,0.6647011
cdec_BND,40.34375_-122.15625,40.34375,-122.15625,2.490758819314573,0.3746153712272644,1.025011
cdec_BND,40.34375_-122.21875,40.34375,-122.21875,2.4983592311630627,0.34976330399513245,1.1699532
cdec_BND,40.34375_-122.28125,40.34375,-122.28125,2.4985398344110807,0.4045562148094177,1.1056942
cdec_BND,40.34375_-122.34375,40.34375,-122.34375,2.498133591534004,0.4000000059604645,1.2104232
cdec_BND,40.34375_-122.40625,40.34375,-122.40625,2.498741366032611,0.40970414876937866,1.1869096
cdec_BND,40.34375_-122.46875,40.34375,-122.46875,2.498993137539532,0.4071597754955292,1.0773666
cdec_BND,40.34375_-122.53125,40.34375,-122.53125,2.499455209895726,0.424911230802536,1.0003452
cdec_BND,40.34375_-122.59375,40.34375,-122.59375,2.4996697182071173,0.3860355019569397,0.95132846
cdec_BND,40.34375_-122.65625,40.34375,-122.65625,2.499378902731625,0.39213016629219055,0.83295494
cdec_BND,40.34375_-122.71875,40.34375,-122.71875,2.4985567410228104,0.37976330518722534,0.8112369
cdec_BND,40.34375_-122.78125,40.34375,-122.78125,2.4984124035436803,0.4034319519996643,0.79108083
cdec_BND,40.34375_-122.84375,40.34375,-122.84375,2.4933045687640067,0.3823668658733368,1.0276116
cdec_BND,40.34375_-122.90625,40.34375,-122.90625,2.4949899708517407,0.4082840383052826,1.5124542
cdec_BND,40.34375_-122.96875,40.34375,-122.96875,2.496569889009564,0.40816569328308105,1.9828988
cdec_BND,40.34375_-123.03125,40.34375,-123.03125,2.4999179705714747,0.4072781205177307,2.4403543
cdec_BND,40.34375_-123.09375,40.34375,-123.09375,2.499145507289347,0.32029587030410767,1.7108556
cdec_BND,40.40625_-121.53125,40.40625,-121.53125,2.4999202527567013,0.38769230246543884,1.250224
cdec_BND,40.40625_-121.59375,40.40625,-121.59375,2.4999909901997834,0.47491124272346497,1.6221937
cdec_BND,40.40625_-121.65625,40.40625,-121.65625,2.499985102486364,0.4858579933643341,1.9788071
cdec_BND,40.40625_-121.71875,40.40625,-121.71875,2.4999977137037757,0.4831360876560211,2.0060408
cdec_BND,40.40625_-121.78125,40.40625,-121.78125,2.4974538774291855,0.3440236747264862,1.4740286
cdec_BND,40.40625_-121.84375,40.40625,-121.84375,2.487513255937643,0.35029587149620056,1.2008117
cdec_BND,40.40625_-121.90625,40.40625,-121.90625,2.487951519670502,0.36988165974617004,1.0511556
cdec_BND,40.40625_-121.96875,40.40625,-121.96875,2.490730677370709,0.40023669600486755,1.18812
cdec_BND,40.40625_-122.03125,40.40625,-122.03125,2.492360784985951,0.3363313674926758,0.81931573
cdec_BND,40.40625_-122.09375,40.40625,-122.09375,2.489321688341537,0.3555029630661011,0.85712236
cdec_BND,40.40625_-122.15625,40.40625,-122.15625,2.491182352584781,0.35420119762420654,1.0410333
cdec_BND,40.40625_-122.21875,40.40625,-122.21875,2.4950279110050926,0.40994083881378174,1.5307852
cdec_BND,40.40625_-122.28125,40.40625,-122.28125,2.4975927710219827,0.3451479375362396,1.226306
cdec_BND,40.40625_-122.34375,40.40625,-122.34375,2.497573043754767,0.3901183307170868,1.1115685
cdec_BND,40.40625_-122.40625,40.40625,-122.40625,2.497154478571514,0.39810651540756226,1.1118271
cdec_BND,40.40625_-122.46875,40.40625,-122.46875,2.497876595742172,0.39810651540756226,1.1331892
cdec_BND,40.40625_-122.53125,40.40625,-122.53125,2.4980975466938755,0.406686395406723,1.1051108
cdec_BND,40.40625_-122.59375,40.40625,-122.59375,2.499594046014614,0.39715975522994995,0.8916584
cdec_BND,40.40625_-122.65625,40.40625,-122.65625,2.499481818944365,0.373786985874176,0.79124904
cdec_BND,40.40625_-122.71875,40.40625,-122.71875,2.495632135285716,0.35420119762420654,0.9485379
cdec_BND,40.40625_-122.78125,40.40625,-122.78125,2.4941608280785985,0.3879881799221039,0.96965396
cdec_BND,40.40625_-122.84375,40.40625,-122.84375,2.489900287950845,0.4602958559989929,1.5369304
cdec_BND,40.40625_-122.90625,40.40625,-122.90625,2.498880034519673,0.47899407148361206,1.9724323
cdec_BND,40.40625_-122.96875,40.40625,-122.96875,2.4991755382610057,0.46431952714920044,2.1677692
cdec_BND,40.40625_-123.03125,40.40625,-123.03125,2.4996502471008704,0.47260355949401855,2.5146024
cdec_BND,40.46875_-121.21875,40.46875,-121.21875,2.4998462689532057,0.3722485303878784,0.860824
cdec_BND,40.46875_-121.28125,40.46875,-121.28125,2.4999833580705477,0.35461539030075073,0.87463456
cdec_BND,40.46875_-121.34375,40.46875,-121.34375,2.4999938468572727,0.3552071154117584,0.95077056
cdec_BND,40.46875_-121.40625,40.46875,-121.40625,2.4999987238625616,0.3584023714065552,1.1099523
cdec_BND,40.46875_-121.46875,40.46875,-121.46875,2.4999975563980184,0.2819526493549347,0.6209389
cdec_BND,40.46875_-121.53125,40.46875,-121.53125,2.4992149461246225,0.2546153962612152,0.5261976
cdec_BND,40.46875_-121.59375,40.46875,-121.59375,2.499976249810566,0.45982247591018677,1.5604703
cdec_BND,40.46875_-121.65625,40.46875,-121.65625,2.4999841734044166,0.4990532398223877,2.1363382
cdec_BND,40.46875_-121.71875,40.46875,-121.71875,2.499819316061881,0.4411242604255676,1.9367594
cdec_BND,40.46875_-121.78125,40.46875,-121.78125,2.4990653066015516,0.3870414197444916,1.5963665
cdec_BND,40.46875_-121.84375,40.46875,-121.84375,2.4998125936247995,0.44804733991622925,2.0378227
cdec_BND,40.46875_-121.90625,40.46875,-121.90625,2.499506991861872,0.42402365803718567,1.657892
cdec_BND,40.46875_-121.96875,40.46875,-121.96875,2.4816311065380927,0.4284023642539978,1.1655874
cdec_BND,40.46875_-122.03125,40.46875,-122.03125,2.4846450692504924,0.382781058549881,1.1019155
cdec_BND,40.46875_-122.09375,40.46875,-122.09375,2.488970208127622,0.3542603552341461,0.95445544
cdec_BND,40.46875_-122.15625,40.46875,-122.15625,2.491489022807816,0.34378698468208313,0.9405783
cdec_BND,40.46875_-122.21875,40.46875,-122.21875,2.491264688316412,0.3453846275806427,1.1773053
cdec_BND,40.46875_-122.28125,40.46875,-122.28125,2.4942312161416726,0.27431952953338623,1.2405618
cdec_BND,40.46875_-122.34375,40.46875,-122.34375,2.49699593781311,0.3147929012775421,1.1738092
cdec_BND,40.46875_-122.40625,40.46875,-122.40625,2.4979664834009596,0.32556211948394775,1.15887
cdec_BND,40.46875_-122.46875,40.46875,-122.46875,2.497974302914327,0.3363313674926758,1.0979292
cdec_BND,40.46875_-122.53125,40.46875,-122.53125,2.49663410429818,0.34396448731422424,0.99357015
cdec_BND,40.46875_-122.59375,40.46875,-122.59375,2.496201403525042,0.3592899441719055,1.1595842
cdec_BND,40.46875_-122.65625,40.46875,-122.65625,2.493268378715306,0.3780473470687866,1.2301736
cdec_BND,40.46875_-122.71875,40.46875,-122.71875,2.4994661058580183,0.4411242604255676,1.9818971
cdec_BND,40.46875_-122.78125,40.46875,-122.78125,2.4963390534169676,0.44242602586746216,1.932545
cdec_BND,40.46875_-122.84375,40.46875,-122.84375,2.499161889646263,0.48443788290023804,2.1847222
cdec_BND,40.46875_-122.90625,40.46875,-122.90625,2.499946317694076,0.48674556612968445,2.3725216
cdec_BND,40.53125_-121.15625,40.53125,-121.15625,2.4999880895494058,0.3984023630619049,1.4142983
cdec_BND,40.53125_-121.21875,40.53125,-121.21875,2.499956241090877,0.37396448850631714,1.197092
cdec_BND,40.53125_-121.28125,40.53125,-121.28125,2.4999884982326965,0.29674556851387024,0.9456718
cdec_BND,40.53125_-121.34375,40.53125,-121.34375,2.499999693202809,0.2757396399974823,0.76355445
cdec_BND,40.53125_-121.40625,40.53125,-121.40625,2.499998006264711,0.2819526493549347,0.8470478
cdec_BND,40.53125_-121.46875,40.53125,-121.46875,2.4999981347747684,0.3378698229789734,1.1276582
cdec_BND,40.53125_-121.53125,40.53125,-121.53125,2.4999658016934667,0.3342011868953705,1.2017533
cdec_BND,40.53125_-121.59375,40.53125,-121.59375,2.4999961530875416,0.49449703097343445,2.1187177
cdec_BND,40.53125_-121.65625,40.53125,-121.65625,2.4999828388902214,0.4626627266407013,1.959233
cdec_BND,40.53125_-121.71875,40.53125,-121.71875,2.4998905158317304,0.42674556374549866,1.9070222
cdec_BND,40.53125_-121.78125,40.53125,-121.78125,2.499992360085043,0.4344378709793091,2.03753
cdec_BND,40.53125_-121.84375,40.53125,-121.84375,2.499994278792326,0.47999998927116394,2.5733917
cdec_BND,40.53125_-121.90625,40.53125,-121.90625,2.4993808548980887,0.4963313639163971,2.203811
cdec_BND,40.53125_-121.96875,40.53125,-121.96875,2.495099782776455,0.4266272187232971,1.4759755
cdec_BND,40.53125_-122.03125,40.53125,-122.03125,2.4956524445819195,0.40644970536231995,1.233224
cdec_BND,40.53125_-122.09375,40.53125,-122.09375,2.4926128926619167,0.40390533208847046,1.0895046
cdec_BND,40.53125_-122.15625,40.53125,-122.15625,2.491153942300703,0.3510059118270874,0.9295746
cdec_BND,40.53125_-122.21875,40.53125,-122.21875,2.4950906121346543,0.33236685395240784,1.0482814
cdec_BND,40.53125_-122.28125,40.53125,-122.28125,2.493535448798843,0.3143787086009979,0.9971374
cdec_BND,40.53125_-122.34375,40.53125,-122.34375,2.486848694516458,0.20094674825668335,1.1756196
cdec_BND,40.53125_-122.40625,40.53125,-122.40625,2.4970277226930975,0.25822484493255615,1.0608722
cdec_BND,40.53125_-122.46875,40.53125,-122.46875,2.4939171839959964,0.3333727717399597,1.192572
cdec_BND,40.53125_-122.53125,40.53125,-122.53125,2.482811890460198,0.33988165855407715,1.4104321
cdec_BND,40.53125_-122.59375,40.53125,-122.59375,2.497376368696834,0.35958579182624817,1.6120465
cdec_BND,40.53125_-122.65625,40.53125,-122.65625,2.4875688550364883,0.3628402352333069,1.4970247
cdec_BND,40.53125_-122.71875,40.53125,-122.71875,2.4989536970955335,0.4382248520851135,1.8370064
cdec_BND,40.53125_-122.78125,40.53125,-122.78125,2.4999620325006626,0.5167455673217773,2.2475579
cdec_BND,40.53125_-122.84375,40.53125,-122.84375,2.499959396897049,0.5828402638435364,2.7198322
cdec_BND,40.59375_-121.03125,40.59375,-121.03125,2.4999755756211304,0.39254438877105713,1.1455259
cdec_BND,40.59375_-121.09375,40.59375,-121.09375,2.4999885351880957,0.3728402256965637,1.173837
cdec_BND,40.59375_-121.15625,40.59375,-121.15625,2.4999935729893363,0.4125443696975708,1.7142707
cdec_BND,40.59375_-121.21875,40.59375,-121.21875,2.4999976006290794,0.42017751932144165,1.6972333
cdec_BND,40.59375_-121.28125,40.59375,-121.28125,2.4999939385191725,0.3801775276660919,1.5153913
cdec_BND,40.59375_-121.34375,40.59375,-121.34375,2.4999969123116257,0.3366864025592804,1.2520199
cdec_BND,40.59375_-121.40625,40.59375,-121.40625,2.499863596561359,0.3273964524269104,1.4945762
cdec_BND,40.59375_-121.46875,40.59375,-121.46875,2.499986126217127,0.40526628494262695,1.8245646
cdec_BND,40.59375_-121.53125,40.59375,-121.53125,2.4999974145730977,0.4497041404247284,1.9589092
cdec_BND,40.59375_-121.59375,40.59375,-121.59375,2.499997830975399,0.46272188425064087,2.0218413
cdec_BND,40.59375_-121.65625,40.59375,-121.65625,2.499986996497627,0.502662718296051,2.0849364
cdec_BND,40.59375_-121.71875,40.59375,-121.71875,2.499964831282239,0.5339053273200989,2.1150975
cdec_BND,40.59375_-121.78125,40.59375,-121.78125,2.499996302777326,0.5350295901298523,2.7776449
cdec_BND,40.59375_-121.84375,40.59375,-121.84375,2.499827318133618,0.49526625871658325,2.3736691
cdec_BND,40.59375_-121.90625,40.59375,-121.90625,2.4964289567309836,0.4294082820415497,1.6216018
cdec_BND,40.59375_-121.96875,40.59375,-121.96875,2.495074287474292,0.4215976297855377,1.3640052
cdec_BND,40.59375_-122.03125,40.59375,-122.03125,2.491671909473536,0.44479289650917053,1.3044051
cdec_BND,40.59375_-122.09375,40.59375,-122.09375,2.4961532308540995,0.45757395029067993,1.1463357
cdec_BND,40.59375_-122.15625,40.59375,-122.15625,2.4927871331756717,0.41692307591438293,1.1129649
cdec_BND,40.59375_-122.21875,40.59375,-122.21875,2.493175657990011,0.3655029535293579,1.1621569
cdec_BND,40.59375_-122.28125,40.59375,-122.28125,2.494909334355543,0.3620710074901581,1.0763739
cdec_BND,40.59375_-122.34375,40.59375,-122.34375,2.4950965052277843,0.12420118600130081,0.94359326
cdec_BND,40.59375_-122.40625,40.59375,-122.40625,2.4976754121101954,0.11928994208574295,0.97593373
cdec_BND,40.59375_-122.46875,40.59375,-122.46875,2.4924022730164257,0.26017752289772034,1.2059276
cdec_BND,40.59375_-122.53125,40.59375,-122.53125,2.4929959065243077,0.3062721788883209,1.6928557
cdec_BND,40.59375_-122.59375,40.59375,-122.59375,2.4998672599001774,0.36680471897125244,2.169838
cdec_BND,40.59375_-122.65625,40.59375,-122.65625,2.499029946429601,0.3682248592376709,1.68232
cdec_BND,40.59375_-122.71875,40.59375,-122.71875,2.499539262753454,0.4103550314903259,1.8765676
cdec_BND,40.65625_-121.03125,40.65625,-121.03125,2.4999717002668778,0.3835502862930298,1.0327111
cdec_BND,40.65625_-121.09375,40.65625,-121.09375,2.499101338902815,0.3537278175354004,0.9820124
cdec_BND,40.65625_-121.15625,40.65625,-121.15625,2.499819496015604,0.3307100534439087,1.0292385
cdec_BND,40.65625_-121.21875,40.65625,-121.21875,2.4998318159974993,0.3462130129337311,1.1560314
cdec_BND,40.65625_-121.28125,40.65625,-121.28125,2.4999718473372683,0.34242603182792664,1.0772388
cdec_BND,40.65625_-121.34375,40.65625,-121.34375,2.4998534960045316,0.37431952357292175,1.3909935
cdec_BND,40.65625_-121.40625,40.65625,-121.40625,2.499328865834162,0.3276331424713135,1.3148407
cdec_BND,40.65625_-121.46875,40.65625,-121.46875,2.4999998320817083,0.4003550410270691,1.443978
cdec_BND,40.65625_-121.53125,40.65625,-121.53125,2.499991970481548,0.4148520827293396,1.483125
cdec_BND,40.65625_-121.59375,40.65625,-121.59375,2.4999919053888373,0.4514792859554291,1.648657
cdec_BND,40.65625_-121.65625,40.65625,-121.65625,2.4999932752848038,0.526627242565155,2.0313487
cdec_BND,40.65625_-121.71875,40.65625,-121.71875,2.4999818071258764,0.5139644742012024,2.3370464
cdec_BND,40.65625_-121.78125,40.65625,-121.78125,2.4999801114905162,0.5327810645103455,2.4835386
cdec_BND,40.65625_-121.84375,40.65625,-121.84375,2.499752105475473,0.4940236806869507,2.190116
cdec_BND,40.65625_-121.90625,40.65625,-121.90625,2.497760353237842,0.46159762144088745,1.52152
cdec_BND,40.65625_-121.96875,40.65625,-121.96875,2.483277429130766,0.4557396471500397,1.2632631
cdec_BND,40.65625_-122.03125,40.65625,-122.03125,2.484491112548821,0.43355029821395874,1.2531953
cdec_BND,40.65625_-122.09375,40.65625,-122.09375,2.4914393236429015,0.438106507062912,1.101544
cdec_BND,40.65625_-122.15625,40.65625,-122.15625,2.485702727648964,0.4262721836566925,1.0070058
cdec_BND,40.65625_-122.21875,40.65625,-122.21875,2.4932277241956418,0.39307692646980286,1.07637
cdec_BND,40.65625_-122.28125,40.65625,-122.28125,2.4946855910310597,0.34047338366508484,1.141133
cdec_BND,40.65625_-122.34375,40.65625,-122.34375,2.494772610397858,0.2469230741262436,1.124734
cdec_BND,40.65625_-122.40625,40.65625,-122.40625,2.491224163312238,0.3374556303024292,1.4046912
cdec_BND,40.65625_-122.46875,40.65625,-122.46875,2.4900543191080464,0.3637278079986572,1.2472699
cdec_BND,40.65625_-122.53125,40.65625,-122.53125,2.484882123424124,0.30100592970848083,1.4099731
cdec_BND,40.65625_-122.59375,40.65625,-122.59375,2.489539885821717,0.33698225021362305,1.7040442
cdec_BND,40.65625_-122.65625,40.65625,-122.65625,2.498036900059306,0.3802366852760315,1.7531462
cdec_BND,40.65625_-122.71875,40.65625,-122.71875,2.499448964355874,0.4175739586353302,2.145752
cdec_BND,40.65625_-122.78125,40.65625,-122.78125,2.499958471974246,0.5176923274993896,2.2421634
cdec_BND,40.71875_-120.96875,40.71875,-120.96875,2.4999701851150093,0.3788165748119354,1.2693558
cdec_BND,40.71875_-121.03125,40.71875,-121.03125,2.4998698947236746,0.3825443685054779,1.2657167
cdec_BND,40.71875_-121.09375,40.71875,-121.09375,2.499989385677089,0.397396445274353,1.4394051
cdec_BND,40.71875_-121.15625,40.71875,-121.15625,2.4990909253625047,0.3995266258716583,1.2437575
cdec_BND,40.71875_-121.21875,40.71875,-121.21875,2.4998030729784233,0.3168047368526459,0.98367107
cdec_BND,40.71875_-121.28125,40.71875,-121.28125,2.499009351051243,0.3502366840839386,1.0088682
cdec_BND,40.71875_-121.34375,40.71875,-121.34375,2.4990569131991025,0.36384615302085876,1.1561669
cdec_BND,40.71875_-121.40625,40.71875,-121.40625,2.499288149794741,0.3664497137069702,1.0492808
cdec_BND,40.71875_-121.46875,40.71875,-121.46875,2.4999960916204476,0.42621302604675293,1.5024258
cdec_BND,40.71875_-121.53125,40.71875,-121.53125,2.4999906866468518,0.41224852204322815,1.4639162
cdec_BND,40.71875_-121.59375,40.71875,-121.59375,2.499987910712388,0.40295857191085815,1.255612
cdec_BND,40.71875_-121.65625,40.71875,-121.65625,2.4999998527029,0.5381065011024475,2.2358406
cdec_BND,40.71875_-121.71875,40.71875,-121.71875,2.4999999651276994,0.46792900562286377,1.8930831
cdec_BND,40.71875_-121.78125,40.71875,-121.78125,2.4999929382534263,0.5023077130317688,1.785408
cdec_BND,40.71875_-121.84375,40.71875,-121.84375,2.4999780816726296,0.5121893286705017,2.2578115
cdec_BND,40.71875_-121.90625,40.71875,-121.90625,2.4997737225187517,0.5040236711502075,2.3522215
cdec_BND,40.71875_-121.96875,40.71875,-121.96875,2.4997269361276855,0.4876331388950348,2.0194273
cdec_BND,40.71875_-122.03125,40.71875,-122.03125,2.49425650480278,0.44189348816871643,1.674104
cdec_BND,40.71875_-122.09375,40.71875,-122.09375,2.488935515765501,0.45485207438468933,1.7311683
cdec_BND,40.71875_-122.15625,40.71875,-122.15625,2.4711969670875975,0.37994083762168884,1.3598913
cdec_BND,40.71875_-122.21875,40.71875,-122.21875,2.486718086133974,0.31065088510513306,1.1600171
cdec_BND,40.71875_-122.28125,40.71875,-122.28125,2.4720271212852687,0.31609466671943665,1.6017718
cdec_BND,40.71875_-122.34375,40.71875,-122.34375,2.4874136830855367,0.3856213092803955,1.7181463
cdec_BND,40.71875_-122.40625,40.71875,-122.40625,2.4793273092304258,0.3254437744617462,1.5941372
cdec_BND,40.71875_-122.46875,40.71875,-122.46875,2.4977764957384325,0.3914792835712433,1.4379524
cdec_BND,40.71875_-122.53125,40.71875,-122.53125,2.49248342969507,0.3767455518245697,1.6661022
cdec_BND,40.71875_-122.59375,40.71875,-122.59375,2.4941085704819255,0.3740236759185791,1.6502272
cdec_BND,40.71875_-122.65625,40.71875,-122.65625,2.49677234415159,0.37550294399261475,1.4981363
cdec_BND,40.71875_-122.71875,40.71875,-122.71875,2.498157712239232,0.42923077940940857,2.1870873
cdec_BND,40.71875_-122.78125,40.71875,-122.78125,2.4987543817542766,0.4595857858657837,1.899304
cdec_BND,40.78125_-120.90625,40.78125,-120.90625,2.4999837310362096,0.3784615397453308,1.207558
cdec_BND,40.78125_-120.96875,40.78125,-120.96875,2.499474936355512,0.3678106367588043,1.2000744
cdec_BND,40.78125_-121.03125,40.78125,-121.03125,2.499931162649843,0.36023667454719543,1.1205401
cdec_BND,40.78125_-121.09375,40.78125,-121.09375,2.4998388697691194,0.39313608407974243,1.3350272
cdec_BND,40.78125_-121.15625,40.78125,-121.15625,2.4998958792682773,0.3904733657836914,1.3539305
cdec_BND,40.78125_-121.21875,40.78125,-121.21875,2.499012820410642,0.40970414876937866,1.5236152
cdec_BND,40.78125_-121.28125,40.78125,-121.28125,2.4996111576960915,0.3765680491924286,1.1604621
cdec_BND,40.78125_-121.34375,40.78125,-121.34375,2.4994723612087055,0.3549112379550934,0.9317687
cdec_BND,40.78125_-121.40625,40.78125,-121.40625,2.498715046323806,0.3061538338661194,0.65968335
cdec_BND,40.78125_-121.46875,40.78125,-121.46875,2.4995114169371395,0.2800000011920929,0.7972886
cdec_BND,40.78125_-121.53125,40.78125,-121.53125,2.4998267979118785,0.3427218794822693,1.332593
cdec_BND,40.78125_-121.59375,40.78125,-121.59375,2.499999800357132,0.36331361532211304,1.3720129
cdec_BND,40.78125_-121.65625,40.78125,-121.65625,2.4999999504796295,0.4821893572807312,2.135169
cdec_BND,40.78125_-121.71875,40.78125,-121.71875,2.499999995389876,0.515562117099762,2.3705633
cdec_BND,40.78125_-121.78125,40.78125,-121.78125,2.4999999700053035,0.5751479268074036,2.3708332
cdec_BND,40.78125_-121.84375,40.78125,-121.84375,2.4999899351152433,0.5152071118354797,2.1920264
cdec_BND,40.78125_-121.90625,40.78125,-121.90625,2.4991626531652766,0.44840237498283386,1.8978167
cdec_BND,40.78125_-121.96875,40.78125,-121.96875,2.4984591432898267,0.44958579540252686,1.8980019
cdec_BND,40.78125_-122.03125,40.78125,-122.03125,2.499267264436214,0.5257396697998047,2.6827292
cdec_BND,40.78125_-122.09375,40.78125,-122.09375,2.4995024553465486,0.5224260091781616,2.5464988
cdec_BND,40.78125_-122.15625,40.78125,-122.15625,2.488307518602697,0.3883431851863861,2.0547018
cdec_BND,40.78125_-122.21875,40.78125,-122.21875,2.496739873040249,0.3279881775379181,1.817619
cdec_BND,40.78125_-122.28125,40.78125,-122.28125,2.4970423864569815,0.34396448731422424,1.813641
cdec_BND,40.78125_-122.34375,40.78125,-122.34375,2.4851144160299543,0.29420119524002075,1.7153546
cdec_BND,40.78125_-122.40625,40.78125,-122.40625,2.49490594316363,0.21213017404079437,1.348731
cdec_BND,40.78125_-122.46875,40.78125,-122.46875,2.499613761150091,0.4146745502948761,2.0808425
cdec_BND,40.78125_-122.53125,40.78125,-122.53125,2.499398877980205,0.42331361770629883,2.2681193
cdec_BND,40.78125_-122.59375,40.78125,-122.59375,2.497569510303313,0.41863906383514404,2.148946
cdec_BND,40.78125_-122.65625,40.78125,-122.65625,2.4980723990925635,0.34662720561027527,2.1693225
cdec_BND,40.78125_-122.71875,40.78125,-122.71875,2.499746456457647,0.4816568195819855,2.5256937
cdec_BND,40.84375_-120.84375,40.84375,-120.84375,2.499959944137523,0.3368639051914215,0.87257576
cdec_BND,40.84375_-120.90625,40.84375,-120.90625,2.49957304388775,0.36544379591941833,0.982036
cdec_BND,40.84375_-120.96875,40.84375,-120.96875,2.4998758729208266,0.3356804847717285,0.82394534
cdec_BND,40.84375_-121.03125,40.84375,-121.03125,2.499984309367859,0.3188757300376892,0.6415657
cdec_BND,40.84375_-121.09375,40.84375,-121.09375,2.499962392797757,0.3418934941291809,0.72135365
cdec_BND,40.84375_-121.15625,40.84375,-121.15625,2.499915496607383,0.38538461923599243,1.2278392
cdec_BND,40.84375_-121.21875,40.84375,-121.21875,2.4996692589355893,0.35887575149536133,1.0757858
cdec_BND,40.84375_-121.28125,40.84375,-121.28125,2.4998628992924807,0.32053253054618835,0.9871155
cdec_BND,40.84375_-121.34375,40.84375,-121.34375,2.4994649259012105,0.32153844833374023,0.9645543
cdec_BND,40.84375_-121.40625,40.84375,-121.40625,2.4994021142111706,0.30952662229537964,0.68655515
cdec_BND,40.84375_-121.46875,40.84375,-121.46875,2.499024947240797,0.38999998569488525,0.687079
cdec_BND,40.84375_-121.53125,40.84375,-121.53125,2.499308899194722,0.3784615397453308,0.9932582
cdec_BND,40.84375_-121.59375,40.84375,-121.59375,2.4999941022881265,0.4000000059604645,1.5631382
cdec_BND,40.84375_-121.65625,40.84375,-121.65625,2.499999485052623,0.46355029940605164,2.0659227
cdec_BND,40.84375_-121.71875,40.84375,-121.71875,2.4999999601680427,0.4936094582080841,2.1803472
cdec_BND,40.84375_-121.78125,40.84375,-121.78125,2.4999968096231107,0.44532543420791626,2.096655
cdec_BND,40.84375_-121.84375,40.84375,-121.84375,2.4999628768905398,0.46715977787971497,2.1103256
cdec_BND,40.84375_-121.90625,40.84375,-121.90625,2.4992923840913295,0.42810651659965515,1.8743039
cdec_BND,40.84375_-121.96875,40.84375,-121.96875,2.499505412675088,0.5020710229873657,2.4008226
cdec_BND,40.84375_-122.03125,40.84375,-122.03125,2.499960633241738,0.5766863822937012,3.127337
cdec_BND,40.84375_-122.09375,40.84375,-122.09375,2.4999874304979066,0.6105325222015381,3.170113
cdec_BND,40.84375_-122.15625,40.84375,-122.15625,2.4999963109318646,0.5988757610321045,3.214111
cdec_BND,40.84375_-122.21875,40.84375,-122.21875,2.499985491163508,0.5583431720733643,2.72615
cdec_BND,40.84375_-122.28125,40.84375,-122.28125,2.4999040370467496,0.480236679315567,2.4393423
cdec_BND,40.84375_-122.34375,40.84375,-122.34375,2.4976500417128245,0.43508875370025635,2.1017182
cdec_BND,40.84375_-122.40625,40.84375,-122.40625,2.493283680730305,0.32846152782440186,1.5671813
cdec_BND,40.84375_-122.46875,40.84375,-122.46875,2.499786609477605,0.4645562171936035,2.2319267
cdec_BND,40.84375_-122.53125,40.84375,-122.53125,2.4993306587198134,0.386982262134552,2.0049474
cdec_BND,40.84375_-122.59375,40.84375,-122.59375,2.4981528613464947,0.3811834454536438,2.3036861
cdec_BND,40.84375_-122.65625,40.84375,-122.65625,2.499300370629391,0.4375147819519043,2.534181
cdec_BND,40.90625_-120.78125,40.90625,-120.78125,2.4999990731621953,0.3700000047683716,0.560331
cdec_BND,40.90625_-120.84375,40.90625,-120.84375,2.4999667876622,0.3039644956588745,0.4467781
cdec_BND,40.90625_-120.90625,40.90625,-120.90625,2.4999935581876906,0.28260356187820435,0.38256484
cdec_BND,40.90625_-120.96875,40.90625,-120.96875,2.4999961348265813,0.2718935012817383,0.37542787
cdec_BND,40.90625_-121.03125,40.90625,-121.03125,2.4999989787611865,0.27721893787384033,0.4900945
cdec_BND,40.90625_-121.09375,40.90625,-121.09375,2.4999953273341005,0.3382840156555176,0.6494645
cdec_BND,40.90625_-121.15625,40.90625,-121.15625,2.4999903958274325,0.32692307233810425,0.59286356
cdec_BND,40.90625_-121.21875,40.90625,-121.21875,2.499940847967789,0.3459171652793884,0.86589473
cdec_BND,40.90625_-121.28125,40.90625,-121.28125,2.4998984480725097,0.33816567063331604,0.6387712
cdec_BND,40.90625_-121.34375,40.90625,-121.34375,2.4992102407894388,0.34088757634162903,0.6801955
cdec_BND,40.90625_-121.40625,40.90625,-121.40625,2.4994489744248813,0.3284023702144623,0.5741639
cdec_BND,40.90625_-121.46875,40.90625,-121.46875,2.4996437539186647,0.3284023702144623,0.589437
cdec_BND,40.90625_-121.53125,40.90625,-121.53125,2.4985561773228215,0.3320710062980652,0.79023093
cdec_BND,40.90625_-121.59375,40.90625,-121.59375,2.4997646591628424,0.359112411737442,0.9870652
cdec_BND,40.90625_-121.65625,40.90625,-121.65625,2.4996998565104436,0.3434911370277405,1.1508694
cdec_BND,40.90625_-121.71875,40.90625,-121.71875,2.499946266524735,0.34976330399513245,1.6407601
cdec_BND,40.90625_-121.78125,40.90625,-121.78125,2.4999989551831128,0.4398224949836731,2.2730386
cdec_BND,40.90625_-121.84375,40.90625,-121.84375,2.499987119249994,0.455443799495697,1.9718812
cdec_BND,40.90625_-121.90625,40.90625,-121.90625,2.4999108382441784,0.48053255677223206,2.5268123
cdec_BND,40.90625_-121.96875,40.90625,-121.96875,2.4999845944985015,0.5649704337120056,3.002355
cdec_BND,40.90625_-122.03125,40.90625,-122.03125,2.4999969126690713,0.6329585909843445,3.3293765
cdec_BND,40.90625_-122.09375,40.90625,-122.09375,2.4999983722479326,0.6138461828231812,3.3934884
cdec_BND,40.90625_-122.15625,40.90625,-122.15625,2.4999995913383373,0.6071597337722778,3.5916278
cdec_BND,40.90625_-122.21875,40.90625,-122.21875,2.4998560085018893,0.48639053106307983,2.6386418
cdec_BND,40.90625_-122.28125,40.90625,-122.28125,2.4999185158275736,0.4359763264656067,2.7970583
cdec_BND,40.90625_-122.34375,40.90625,-122.34375,2.4998357315574937,0.3614201247692108,2.6232517
cdec_BND,40.90625_-122.40625,40.90625,-122.40625,2.499718113753038,0.4363313615322113,2.0649865
cdec_BND,40.90625_-122.46875,40.90625,-122.46875,2.499954083993164,0.5299999713897705,2.4262807
cdec_BND,40.90625_-122.53125,40.90625,-122.53125,2.499846946702117,0.4603550434112549,2.4255323
cdec_BND,40.90625_-122.59375,40.90625,-122.59375,2.4995740191683566,0.43988165259361267,2.3076706
cdec_BND,40.90625_-122.65625,40.90625,-122.65625,2.499423100201337,0.5014201402664185,2.2292855
cdec_BND,40.96875_-120.59375,40.96875,-120.59375,2.499999731203448,0.23396450281143188,0.38232496
cdec_BND,40.96875_-120.65625,40.96875,-120.65625,2.499993984486462,0.2757396399974823,0.40772435
cdec_BND,40.96875_-120.71875,40.96875,-120.71875,2.499997945217997,0.2955029606819153,0.5411822
cdec_BND,40.96875_-120.78125,40.96875,-120.78125,2.4997979447326983,0.3202366828918457,0.9469738
cdec_BND,40.96875_-120.84375,40.96875,-120.84375,2.4999398884830617,0.32881656289100647,0.7966703
cdec_BND,40.96875_-120.90625,40.96875,-120.90625,2.499979155861316,0.21958580613136292,0.31817016
cdec_BND,40.96875_-120.96875,40.96875,-120.96875,2.4999992196589433,0.2687574028968811,0.5089203
cdec_BND,40.96875_-121.03125,40.96875,-121.03125,2.4999956577329705,0.281715989112854,0.83800226
cdec_BND,40.96875_-121.09375,40.96875,-121.09375,2.499783620997294,0.32668638229370117,1.1586748
cdec_BND,40.96875_-121.15625,40.96875,-121.15625,2.499970372265392,0.2818934917449951,0.52435255
cdec_BND,40.96875_-121.21875,40.96875,-121.21875,2.4999066726397343,0.2950887680053711,0.4766498
cdec_BND,40.96875_-121.28125,40.96875,-121.28125,2.4998656464117293,0.3161538541316986,0.54195917
cdec_BND,40.96875_-121.34375,40.96875,-121.34375,2.4996301892237742,0.33656805753707886,0.5736882
cdec_BND,40.96875_-121.40625,40.96875,-121.40625,2.4992666449414784,0.33757397532463074,0.6083383
cdec_BND,40.96875_-121.46875,40.96875,-121.46875,2.4988155014118547,0.2892899513244629,0.6481146
cdec_BND,40.96875_-121.53125,40.96875,-121.53125,2.498166266272179,0.30792897939682007,0.70368713
cdec_BND,40.96875_-121.59375,40.96875,-121.59375,2.499734362586359,0.2774556279182434,0.8379558
cdec_BND,40.96875_-121.65625,40.96875,-121.65625,2.4997279216092996,0.3263905346393585,1.4131774
cdec_BND,40.96875_-121.71875,40.96875,-121.71875,2.498844276201533,0.3127219080924988,1.8525612
cdec_BND,40.96875_-121.78125,40.96875,-121.78125,2.499982795044164,0.39988166093826294,2.3891263
cdec_BND,40.96875_-121.84375,40.96875,-121.84375,2.499988625595133,0.43952661752700806,2.3220904
cdec_BND,40.96875_-121.90625,40.96875,-121.90625,2.4999296547939363,0.42254438996315,2.3732007
cdec_BND,40.96875_-121.96875,40.96875,-121.96875,2.4999320260408364,0.4760355055332184,2.7154956
cdec_BND,40.96875_-122.03125,40.96875,-122.03125,2.4999415092404798,0.49041420221328735,2.9462256
cdec_BND,40.96875_-122.09375,40.96875,-122.09375,2.4999876479135015,0.4965088665485382,3.0641062
cdec_BND,40.96875_-122.15625,40.96875,-122.15625,2.4999781549037428,0.5751479268074036,3.2963238
cdec_BND,40.96875_-122.21875,40.96875,-122.21875,2.4999901965430062,0.4666863977909088,2.7754784
cdec_BND,40.96875_-122.28125,40.96875,-122.28125,2.4998461961359597,0.36449703574180603,2.5054548
cdec_BND,40.96875_-122.34375,40.96875,-122.34375,2.4997893430718907,0.3478698134422302,2.6528952
cdec_BND,40.96875_-122.40625,40.96875,-122.40625,2.4990062286155696,0.32792899012565613,2.4620605
cdec_BND,40.96875_-122.46875,40.96875,-122.46875,2.49950989324545,0.2879289984703064,2.4629557
cdec_BND,40.96875_-122.53125,40.96875,-122.53125,2.4999466235479573,0.3752070963382721,2.420303
cdec_BND,40.96875_-122.59375,40.96875,-122.59375,2.4998612530255238,0.49289941787719727,2.4784677
cdec_BND,41.03125_-120.21875,41.03125,-120.21875,2.4999968380310538,0.27585798501968384,0.33149147
cdec_BND,41.03125_-120.28125,41.03125,-120.28125,2.499996614264238,0.28573963046073914,0.33252496
cdec_BND,41.03125_-120.34375,41.03125,-120.34375,2.4999971102417695,0.272426038980484,0.37015846
cdec_BND,41.03125_-120.40625,41.03125,-120.40625,2.499982929365956,0.2569822371006012,0.3431508
cdec_BND,41.03125_-120.59375,41.03125,-120.59375,2.499999586908444,0.25360947847366333,0.38273862
cdec_BND,41.03125_-120.65625,41.03125,-120.65625,2.4999944516294557,0.23680473864078522,0.44951952
cdec_BND,41.03125_-120.71875,41.03125,-120.71875,2.499998683323709,0.27289941906929016,0.63728976
cdec_BND,41.03125_-120.78125,41.03125,-120.78125,2.4998274177207667,0.29497042298316956,0.9263392
cdec_BND,41.03125_-120.84375,41.03125,-120.84375,2.4997080916069088,0.24757397174835205,0.75356203
cdec_BND,41.03125_-120.90625,41.03125,-120.90625,2.499983455865297,0.2975739538669586,0.78256565
cdec_BND,41.03125_-120.96875,41.03125,-120.96875,2.49939018270741,0.3061538338661194,0.86954504
cdec_BND,41.03125_-121.03125,41.03125,-121.03125,2.4998986178349147,0.3276331424713135,0.96966505
cdec_BND,41.03125_-121.09375,41.03125,-121.09375,2.499737799303868,0.3043195307254791,0.98719597
cdec_BND,41.03125_-121.15625,41.03125,-121.15625,2.4999787341084465,0.31840237975120544,0.6231231
cdec_BND,41.03125_-121.21875,41.03125,-121.21875,2.4998631849891204,0.31934911012649536,0.94624835
cdec_BND,41.03125_-121.28125,41.03125,-121.28125,2.4984163130437524,0.3179289996623993,0.79288286
cdec_BND,41.03125_-121.34375,41.03125,-121.34375,2.4984194349708924,0.33875739574432373,0.9552374
cdec_BND,41.03125_-121.40625,41.03125,-121.40625,2.498471456473788,0.33017751574516296,0.97218364
cdec_BND,41.03125_-121.46875,41.03125,-121.46875,2.498953978411804,0.343313604593277,0.91172624
cdec_BND,41.03125_-121.53125,41.03125,-121.53125,2.494721156291366,0.3134319484233856,0.8884048
cdec_BND,41.03125_-121.59375,41.03125,-121.59375,2.498734554960724,0.3422485291957855,1.0998187
cdec_BND,41.03125_-121.65625,41.03125,-121.65625,2.4992872283652203,0.32946744561195374,1.4800252
cdec_BND,41.03125_-121.71875,41.03125,-121.71875,2.499996221253137,0.4747928977012634,2.639578
cdec_BND,41.03125_-121.78125,41.03125,-121.78125,2.4999999581109718,0.5320709943771362,3.1697314
cdec_BND,41.03125_-121.84375,41.03125,-121.84375,2.4999998062596838,0.526627242565155,2.9186742
cdec_BND,41.03125_-121.90625,41.03125,-121.90625,2.49981197212585,0.480295866727829,2.5703254
cdec_BND,41.03125_-121.96875,41.03125,-121.96875,2.499966886288427,0.48538461327552795,2.7873912
cdec_BND,41.03125_-122.03125,41.03125,-122.03125,2.499908978373912,0.3724852204322815,2.491546
cdec_BND,41.03125_-122.09375,41.03125,-122.09375,2.4997625806169985,0.33000001311302185,2.1424966
cdec_BND,41.03125_-122.15625,41.03125,-122.15625,2.499961788027723,0.5462722182273865,2.9478264
cdec_BND,41.03125_-122.21875,41.03125,-122.21875,2.499991763171722,0.4614792764186859,2.7281148
cdec_BND,41.03125_-122.28125,41.03125,-122.28125,2.499948084467274,0.4457988142967224,2.5979178
cdec_BND,41.03125_-122.34375,41.03125,-122.34375,2.499791582320528,0.4409467577934265,2.9077332
cdec_BND,41.03125_-122.40625,41.03125,-122.40625,2.4991479561255145,0.32946744561195374,2.112263
cdec_BND,41.03125_-122.46875,41.03125,-122.46875,2.499590461729076,0.2597041428089142,1.7027065
cdec_BND,41.03125_-122.53125,41.03125,-122.53125,2.4990240394660277,0.25201183557510376,1.7604103
cdec_BND,41.09375_-120.15625,41.09375,-120.15625,2.4998030774229028,0.34029585123062134,0.4918768
cdec_BND,41.09375_-120.21875,41.09375,-120.21875,2.499388125095253,0.35976332426071167,0.46803695
cdec_BND,41.09375_-120.28125,41.09375,-120.28125,2.499945656892765,0.3095858097076416,0.4614834
cdec_BND,41.09375_-120.34375,41.09375,-120.34375,2.499990874254552,0.280177503824234,0.41786277
cdec_BND,41.09375_-120.40625,41.09375,-120.40625,2.499999881685976,0.1998816579580307,0.2944353
cdec_BND,41.09375_-120.46875,41.09375,-120.46875,2.49999850107387,0.25207099318504333,0.40008402
cdec_BND,41.09375_-120.53125,41.09375,-120.53125,2.4999955698472727,0.26171597838401794,0.4102157
cdec_BND,41.09375_-120.59375,41.09375,-120.59375,2.4999839926242577,0.26751479506492615,0.42835373
cdec_BND,41.09375_-120.65625,41.09375,-120.65625,2.4999889751927133,0.31603550910949707,0.44581822
cdec_BND,41.09375_-120.71875,41.09375,-120.71875,2.499972612039369,0.3117159903049469,0.46547303
cdec_BND,41.09375_-120.78125,41.09375,-120.78125,2.4999846818635945,0.28644970059394836,0.77193815
cdec_BND,41.09375_-120.84375,41.09375,-120.84375,2.499850224051185,0.29343196749687195,0.6693083
cdec_BND,41.09375_-120.90625,41.09375,-120.90625,2.499962357916207,0.3113609552383423,0.70043826
cdec_BND,41.09375_-120.96875,41.09375,-120.96875,2.499845484360283,0.3351479172706604,0.81402445
cdec_BND,41.09375_-121.03125,41.09375,-121.03125,2.4998727164372427,0.31875738501548767,0.48114628
cdec_BND,41.09375_-121.09375,41.09375,-121.09375,2.4997221838844537,0.2937869727611542,0.75628895
cdec_BND,41.09375_-121.15625,41.09375,-121.15625,2.4999960907323793,0.41266271471977234,0.6492113
cdec_BND,41.09375_-121.21875,41.09375,-121.21875,2.4999861208196847,0.34532544016838074,1.1757816
cdec_BND,41.09375_-121.28125,41.09375,-121.28125,2.4992990010804763,0.3405325412750244,0.79583406
cdec_BND,41.09375_-121.34375,41.09375,-121.34375,2.4981512524455347,0.35650888085365295,0.9167551
cdec_BND,41.09375_-121.40625,41.09375,-121.40625,2.499786931743541,0.4229585826396942,0.88736176
cdec_BND,41.09375_-121.46875,41.09375,-121.46875,2.4994121503884945,0.33331361413002014,1.0640252
cdec_BND,41.09375_-121.53125,41.09375,-121.53125,2.4988321880166464,0.40124261379241943,1.2370449
cdec_BND,41.09375_-121.59375,41.09375,-121.59375,2.499926423194818,0.448579877614975,2.0538137
cdec_BND,41.09375_-121.65625,41.09375,-121.65625,2.4999988375163573,0.4073372781276703,2.531743
cdec_BND,41.09375_-121.71875,41.09375,-121.71875,2.499999769266696,0.4515976309776306,2.8725045
cdec_BND,41.09375_-121.78125,41.09375,-121.78125,2.499998782698814,0.44692307710647583,2.130965
cdec_BND,41.09375_-121.84375,41.09375,-121.84375,2.4999994395196037,0.49721893668174744,2.5131786
cdec_BND,41.09375_-121.90625,41.09375,-121.90625,2.499999314527713,0.612958550453186,3.3904889
cdec_BND,41.09375_-121.96875,41.09375,-121.96875,2.499999890386892,0.6068639159202576,3.44338
cdec_BND,41.09375_-122.03125,41.09375,-122.03125,2.499974943108308,0.49408283829689026,2.8428736
cdec_BND,41.09375_-122.09375,41.09375,-122.09375,2.4999122281687596,0.4769822359085083,2.6367023
cdec_BND,41.09375_-122.15625,41.09375,-122.15625,2.499995601950945,0.6534911394119263,3.3204594
cdec_BND,41.09375_-122.21875,41.09375,-122.21875,2.4999934322287807,0.5979290008544922,3.2183852
cdec_BND,41.09375_-122.28125,41.09375,-122.28125,2.4999929217258026,0.6023668646812439,3.1026952
cdec_BND,41.09375_-122.34375,41.09375,-122.34375,2.499980776106267,0.5323668718338013,2.7806537
cdec_BND,41.09375_-122.40625,41.09375,-122.40625,2.4999902551485436,0.518224835395813,2.0786862
cdec_BND,41.09375_-122.46875,41.09375,-122.46875,2.4990328222018503,0.4304733872413635,1.291792
cdec_BND,41.09375_-122.53125,41.09375,-122.53125,2.499386240085337,0.4108284115791321,1.3086616
cdec_BND,41.15625_-120.15625,41.15625,-120.15625,2.49992823368784,0.3502366840839386,0.6960269
cdec_BND,41.15625_-120.21875,41.15625,-120.21875,2.4987509898469873,0.36384615302085876,0.6569636
cdec_BND,41.15625_-120.28125,41.15625,-120.28125,2.4990812447241195,0.3264496922492981,0.756703
cdec_BND,41.15625_-120.34375,41.15625,-120.34375,2.4999904579244325,0.28278106451034546,0.51165307
cdec_BND,41.15625_-120.40625,41.15625,-120.40625,2.4999998777267245,0.23911242187023163,0.44854718
cdec_BND,41.15625_-120.46875,41.15625,-120.46875,2.4999697155250122,0.24017751216888428,0.4631803
cdec_BND,41.15625_-120.53125,41.15625,-120.53125,2.499997073232768,0.26905325055122375,0.5183261
cdec_BND,41.15625_-120.59375,41.15625,-120.59375,2.499628698587318,0.30798816680908203,0.5064236
cdec_BND,41.15625_-120.65625,41.15625,-120.65625,2.499991188198078,0.3484615385532379,0.7058948
cdec_BND,41.15625_-120.71875,41.15625,-120.71875,2.4995624948861606,0.36467456817626953,0.7679328
cdec_BND,41.15625_-120.78125,41.15625,-120.78125,2.499810933101608,0.373786985874176,1.1366242
cdec_BND,41.15625_-120.84375,41.15625,-120.84375,2.4997701521080375,0.3403550386428833,0.7824206
cdec_BND,41.15625_-120.90625,41.15625,-120.90625,2.499898145454551,0.3210059106349945,0.41331986
cdec_BND,41.15625_-120.96875,41.15625,-120.96875,2.499833107875096,0.3581656813621521,0.6501141
cdec_BND,41.15625_-121.03125,41.15625,-121.03125,2.4997081151282963,0.2983431816101074,0.66842854
cdec_BND,41.15625_-121.09375,41.15625,-121.09375,2.49965567252229,0.39834320545196533,0.7216068
cdec_BND,41.15625_-121.15625,41.15625,-121.15625,2.499995182720761,0.3949112296104431,0.6040062
cdec_BND,41.15625_-121.21875,41.15625,-121.21875,2.499979764649403,0.39230769872665405,1.3224772
cdec_BND,41.15625_-121.28125,41.15625,-121.28125,2.4999945828348826,0.4028402268886566,1.7630812
cdec_BND,41.15625_-121.34375,41.15625,-121.34375,2.4984732409408514,0.3582248389720917,1.0679446
cdec_BND,41.15625_-121.40625,41.15625,-121.40625,2.4999122835964602,0.2376331388950348,0.45696387
cdec_BND,41.15625_-121.46875,41.15625,-121.46875,2.498827707953231,0.26792898774147034,0.5806862
cdec_BND,41.15625_-121.53125,41.15625,-121.53125,2.499533910656031,0.32035502791404724,0.9067381
cdec_BND,41.15625_-121.59375,41.15625,-121.59375,2.4999986003761316,0.42905324697494507,2.3734307
cdec_BND,41.15625_-121.65625,41.15625,-121.65625,2.4999993760551424,0.43491125106811523,2.6861632
cdec_BND,41.15625_-121.71875,41.15625,-121.71875,2.4999997609990974,0.43603551387786865,2.2862468
cdec_BND,41.15625_-121.78125,41.15625,-121.78125,2.49999873494005,0.4317159652709961,2.0591426
cdec_BND,41.15625_-121.84375,41.15625,-121.84375,2.499999760274651,0.5210651159286499,2.5833232
cdec_BND,41.15625_-121.90625,41.15625,-121.90625,2.499998033119602,0.5355029702186584,2.6005402
cdec_BND,41.15625_-121.96875,41.15625,-121.96875,2.499997284030242,0.5113017559051514,2.4509296
cdec_BND,41.15625_-122.03125,41.15625,-122.03125,2.4999956991749723,0.5201775431632996,2.8682415
cdec_BND,41.15625_-122.09375,41.15625,-122.09375,2.4999977208306303,0.5121893286705017,2.8543007
cdec_BND,41.15625_-122.15625,41.15625,-122.15625,2.4999978086494554,0.61834317445755,3.3217106
cdec_BND,41.15625_-122.21875,41.15625,-122.21875,2.499999002591587,0.6346745491027832,3.2609553
cdec_BND,41.15625_-122.28125,41.15625,-122.28125,2.499997491286816,0.5994082689285278,3.0974607
cdec_BND,41.15625_-122.34375,41.15625,-122.34375,2.4999846093604257,0.502366840839386,2.2993917
cdec_BND,41.15625_-122.40625,41.15625,-122.40625,2.4999931777471254,0.5326627492904663,2.187921
cdec_BND,41.15625_-122.46875,41.15625,-122.46875,2.499853107891416,0.4552662670612335,1.4162631
cdec_BND,41.21875_-120.15625,41.21875,-120.15625,2.4999603955413296,0.36792898178100586,0.60981077
cdec_BND,41.21875_-120.21875,41.21875,-120.21875,2.497466572887409,0.34313610196113586,0.6851585
cdec_BND,41.21875_-120.28125,41.21875,-120.28125,2.4993330996365763,0.3604733645915985,0.71795887
cdec_BND,41.21875_-120.34375,41.21875,-120.34375,2.499998413450356,0.3401775062084198,0.6355528
cdec_BND,41.21875_-120.40625,41.21875,-120.40625,2.499991365017208,0.2331952601671219,0.3234424
cdec_BND,41.21875_-120.46875,41.21875,-120.46875,2.499947427785589,0.32112425565719604,0.47829387
cdec_BND,41.21875_-120.53125,41.21875,-120.53125,2.4999864413527924,0.42502957582473755,0.8044779
cdec_BND,41.21875_-120.59375,41.21875,-120.59375,2.4999886292462445,0.29171597957611084,0.44327858
cdec_BND,41.21875_-120.65625,41.21875,-120.65625,2.4999915854254655,0.35088756680488586,0.9059168
cdec_BND,41.21875_-120.71875,41.21875,-120.71875,2.4999959582673155,0.3708875775337219,1.2922225
cdec_BND,41.21875_-120.78125,41.21875,-120.78125,2.4996520541463463,0.3856804668903351,1.2232841
cdec_BND,41.21875_-120.84375,41.21875,-120.84375,2.4997557451171355,0.3614201247692108,0.81741333
cdec_BND,41.21875_-120.90625,41.21875,-120.90625,2.499867511884811,0.39195266366004944,0.60832345
cdec_BND,41.21875_-120.96875,41.21875,-120.96875,2.4999576800934618,0.34958580136299133,0.63650507
cdec_BND,41.21875_-121.03125,41.21875,-121.03125,2.499929299967726,0.37899407744407654,0.5136788
cdec_BND,41.21875_-121.09375,41.21875,-121.09375,2.4996352648079307,0.3771597743034363,0.60471404
cdec_BND,41.21875_-121.15625,41.21875,-121.15625,2.4999031471665276,0.27852070331573486,0.6295059
cdec_BND,41.21875_-121.21875,41.21875,-121.21875,2.4999621402839036,0.30443787574768066,1.0756605
cdec_BND,41.21875_-121.28125,41.21875,-121.28125,2.499984486042729,0.3550295829772949,1.9413745
cdec_BND,41.21875_-121.34375,41.21875,-121.34375,2.499642635180177,0.33603549003601074,1.565263
cdec_BND,41.21875_-121.40625,41.21875,-121.40625,2.4987851477776655,0.36911243200302124,0.9038878
cdec_BND,41.21875_-121.46875,41.21875,-121.46875,2.4999167719249016,0.3237278163433075,1.1058152
cdec_BND,41.21875_-121.53125,41.21875,-121.53125,2.499962015297707,0.3085798919200897,0.60445166
cdec_BND,41.21875_-121.59375,41.21875,-121.59375,2.499999445846747,0.3452070951461792,1.3318911
cdec_BND,41.21875_-121.65625,41.21875,-121.65625,2.4999967487571135,0.410591721534729,2.046545
cdec_BND,41.21875_-121.71875,41.21875,-121.71875,2.4999923200044556,0.3837278187274933,1.9969524
cdec_BND,41.21875_-121.78125,41.21875,-121.78125,2.499999596037463,0.5268639326095581,2.605804
cdec_BND,41.21875_-121.84375,41.21875,-121.84375,2.4999999204260948,0.4681065082550049,2.358339
cdec_BND,41.21875_-121.90625,41.21875,-121.90625,2.499999954468781,0.47514793276786804,2.623739
cdec_BND,41.21875_-121.96875,41.21875,-121.96875,2.499999936612819,0.45928993821144104,2.709245
cdec_BND,41.21875_-122.03125,41.21875,-122.03125,2.4999996299088263,0.43739643692970276,2.6814866
cdec_BND,41.21875_-122.09375,41.21875,-122.09375,2.4999998233062075,0.4326627254486084,2.3259726
cdec_BND,41.21875_-122.15625,41.21875,-122.15625,2.4999988066747285,0.4783431887626648,2.6240308
cdec_BND,41.21875_-122.21875,41.21875,-122.21875,2.4999278183553773,0.4800591766834259,2.7116613
cdec_BND,41.21875_-122.28125,41.21875,-122.28125,2.4999855945894933,0.48360946774482727,2.6067975
cdec_BND,41.21875_-122.34375,41.21875,-122.34375,2.4999687898558416,0.49816566705703735,1.9580178
cdec_BND,41.21875_-122.40625,41.21875,-122.40625,2.4999028300333825,0.47958579659461975,1.6121315
cdec_BND,41.21875_-122.46875,41.21875,-122.46875,2.4997809525100267,0.42964497208595276,1.3716459
cdec_BND,41.21875_-122.53125,41.21875,-122.53125,2.4977971543254034,0.39970412850379944,1.1308091
cdec_BND,41.28125_-120.15625,41.28125,-120.15625,2.4999088179672797,0.30834320187568665,0.6787024
cdec_BND,41.28125_-120.21875,41.28125,-120.21875,2.4979923065386735,0.3438461422920227,0.66456676
cdec_BND,41.28125_-120.28125,41.28125,-120.28125,2.4998772574123924,0.4111834466457367,1.2421477
cdec_BND,41.28125_-120.34375,41.28125,-120.34375,2.4999993058616043,0.3454437851905823,0.6757671
cdec_BND,41.28125_-120.40625,41.28125,-120.40625,2.4999996392972434,0.3680473268032074,0.30204588
cdec_BND,41.28125_-120.46875,41.28125,-120.46875,2.4999962295625777,0.3440236747264862,0.31208146
cdec_BND,41.28125_-120.53125,41.28125,-120.53125,2.499978573358569,0.43278107047080994,1.0330907
cdec_BND,41.28125_-120.59375,41.28125,-120.59375,2.4999998124737983,0.31005915999412537,0.47231704
cdec_BND,41.28125_-120.65625,41.28125,-120.65625,2.4999988619338644,0.26094675064086914,0.34977484
cdec_BND,41.28125_-120.71875,41.28125,-120.71875,2.4999893811405576,0.31573963165283203,0.9380526
cdec_BND,41.28125_-120.78125,41.28125,-120.78125,2.499999765150203,0.36059170961380005,1.4738536
cdec_BND,41.28125_-120.84375,41.28125,-120.84375,2.4997459925078775,0.3742011785507202,1.0952239
cdec_BND,41.28125_-120.90625,41.28125,-120.90625,2.499928445156245,0.3533135950565338,0.9692686
cdec_BND,41.28125_-120.96875,41.28125,-120.96875,2.4999438817319275,0.2817751467227936,1.0528831
cdec_BND,41.28125_-121.03125,41.28125,-121.03125,2.499816976119701,0.27313610911369324,1.102858
cdec_BND,41.28125_-121.09375,41.28125,-121.09375,2.499597144479651,0.3244970440864563,0.60523206
cdec_BND,41.28125_-121.15625,41.28125,-121.15625,2.4999713533691557,0.3304733633995056,0.5581289
cdec_BND,41.28125_-121.21875,41.28125,-121.21875,2.4999846705352806,0.30289942026138306,0.88467616
cdec_BND,41.28125_-121.28125,41.28125,-121.28125,2.4998919945883897,0.3035503029823303,0.9992452
cdec_BND,41.28125_-121.34375,41.28125,-121.34375,2.49999837505934,0.3742011785507202,1.7821358
cdec_BND,41.28125_-121.40625,41.28125,-121.40625,2.499886593710616,0.3356804847717285,1.4519347
cdec_BND,41.28125_-121.46875,41.28125,-121.46875,2.4997869891438036,0.3728994131088257,1.5653908
cdec_BND,41.28125_-121.53125,41.28125,-121.53125,2.4999571214599916,0.348698228597641,1.2123029
cdec_BND,41.28125_-121.59375,41.28125,-121.59375,2.499999612841394,0.34686389565467834,1.0644879
cdec_BND,41.28125_-121.65625,41.28125,-121.65625,2.499998925165573,0.42343196272850037,2.4078677
cdec_BND,41.28125_-121.71875,41.28125,-121.71875,2.499997554839771,0.4286390542984009,2.2339404
cdec_BND,41.28125_-121.78125,41.28125,-121.78125,2.499991279148391,0.45674556493759155,2.3153803
cdec_BND,41.28125_-121.84375,41.28125,-121.84375,2.4999915665479606,0.414497047662735,2.1543715
cdec_BND,41.28125_-121.90625,41.28125,-121.90625,2.499998990731427,0.4804733693599701,2.451031
cdec_BND,41.28125_-121.96875,41.28125,-121.96875,2.4999989683268016,0.37177515029907227,1.4482188
cdec_BND,41.28125_-122.03125,41.28125,-122.03125,2.499999656265317,0.37100592255592346,1.6380792
cdec_BND,41.28125_-122.09375,41.28125,-122.09375,2.4999999478150046,0.44781064987182617,2.0340214
cdec_BND,41.28125_-122.15625,41.28125,-122.15625,2.4999992869063714,0.4197041392326355,2.2253525
cdec_BND,41.28125_-122.21875,41.28125,-122.21875,2.499997938910014,0.44071006774902344,2.025674
cdec_BND,41.28125_-122.28125,41.28125,-122.28125,2.499996612059392,0.3838461637496948,2.1407855
cdec_BND,41.28125_-122.34375,41.28125,-122.34375,2.4999987549314655,0.46100592613220215,2.27362
cdec_BND,41.28125_-122.40625,41.28125,-122.40625,2.4999909442943204,0.5097041130065918,2.0598931
cdec_BND,41.28125_-122.46875,41.28125,-122.46875,2.4995056682352477,0.3364497125148773,1.0123123
cdec_BND,41.28125_-122.53125,41.28125,-122.53125,2.497366291457599,0.37739646434783936,1.0933628
cdec_BND,41.34375_-120.21875,41.34375,-120.21875,2.4992826191045827,0.30621302127838135,0.5542455
cdec_BND,41.34375_-120.28125,41.34375,-120.28125,2.4998986199196533,0.42810651659965515,1.2849572
cdec_BND,41.34375_-120.34375,41.34375,-120.34375,2.499920960288483,0.356449693441391,0.77409804
cdec_BND,41.34375_-120.40625,41.34375,-120.40625,2.4999978266877823,0.30017751455307007,0.30853418
cdec_BND,41.34375_-120.46875,41.34375,-120.46875,2.4999993381494616,0.2752071022987366,0.28717595
cdec_BND,41.34375_-120.53125,41.34375,-120.53125,2.499983665037136,0.19650886952877045,0.7698511
cdec_BND,41.34375_-120.59375,41.34375,-120.59375,2.4999928899109354,0.22165679931640625,0.45766178
cdec_BND,41.34375_-120.65625,41.34375,-120.65625,2.4999765847856654,0.2521893382072449,0.3803986
cdec_BND,41.34375_-120.71875,41.34375,-120.71875,2.499971985543998,0.28165680170059204,0.64256334
cdec_BND,41.34375_-120.78125,41.34375,-120.78125,2.499999374262024,0.37899407744407654,1.2931751
cdec_BND,41.34375_-120.84375,41.34375,-120.84375,2.4999415187890355,0.3680473268032074,1.2427151
cdec_BND,41.34375_-120.90625,41.34375,-120.90625,2.4997988159375204,0.3305325508117676,0.89632297
cdec_BND,41.34375_-120.96875,41.34375,-120.96875,2.4999369060158534,0.325029581785202,1.0471945
cdec_BND,41.34375_-121.03125,41.34375,-121.03125,2.499917267248573,0.3403550386428833,0.95869136
cdec_BND,41.34375_-121.09375,41.34375,-121.09375,2.499852028015757,0.3082840144634247,0.6056292
cdec_BND,41.34375_-121.15625,41.34375,-121.15625,2.4999276502464376,0.32810652256011963,0.71441656
cdec_BND,41.34375_-121.21875,41.34375,-121.21875,2.4999586669886726,0.33544379472732544,1.2239139
cdec_BND,41.34375_-121.28125,41.34375,-121.28125,2.4999830669545644,0.27875739336013794,0.6940401
cdec_BND,41.34375_-121.34375,41.34375,-121.34375,2.49999933900823,0.3392307758331299,1.117864
cdec_BND,41.34375_-121.40625,41.34375,-121.40625,2.499986606142145,0.33739644289016724,1.183157
cdec_BND,41.34375_-121.46875,41.34375,-121.46875,2.499998255455594,0.31603550910949707,1.157974
cdec_BND,41.34375_-121.53125,41.34375,-121.53125,2.499852600946876,0.3786390423774719,1.3129013
cdec_BND,41.34375_-121.59375,41.34375,-121.59375,2.4999933640447716,0.3476923108100891,1.0084534
cdec_BND,41.34375_-121.65625,41.34375,-121.65625,2.4999995234268804,0.424970418214798,2.1488569
cdec_BND,41.34375_-121.71875,41.34375,-121.71875,2.4999991573390377,0.41414201259613037,1.8127016
cdec_BND,41.34375_-121.78125,41.34375,-121.78125,2.4999971875610782,0.4253254532814026,2.0280285
cdec_BND,41.34375_-121.84375,41.34375,-121.84375,2.4999937957515193,0.5110650658607483,2.2640805
cdec_BND,41.34375_-121.90625,41.34375,-121.90625,2.4999947785292065,0.49071004986763,2.372047
cdec_BND,41.34375_-121.96875,41.34375,-121.96875,2.4999976878211507,0.38183432817459106,1.7664591
cdec_BND,41.34375_-122.03125,41.34375,-122.03125,2.499999959397371,0.434201180934906,2.0449827
cdec_BND,41.34375_-122.09375,41.34375,-122.09375,2.499999782139903,0.45130178332328796,1.6667751
cdec_BND,41.34375_-122.15625,41.34375,-122.15625,2.499947775557348,0.3978698253631592,1.2333779
cdec_BND,41.34375_-122.21875,41.34375,-122.21875,2.49993095926299,0.34449705481529236,1.0422103
cdec_BND,41.34375_-122.28125,41.34375,-122.28125,2.4999980537676576,0.41402366757392883,2.1182134
cdec_BND,41.34375_-122.34375,41.34375,-122.34375,2.499981189804525,0.3147929012775421,1.5538762
cdec_BND,41.34375_-122.40625,41.34375,-122.40625,2.499951851989625,0.4372780919075012,1.8869302
cdec_BND,41.34375_-122.46875,41.34375,-122.46875,2.4996621504334717,0.2792307734489441,0.9060661
cdec_BND,41.40625_-120.21875,41.40625,-120.21875,2.4997950909230613,0.27733728289604187,0.5441634
cdec_BND,41.40625_-120.28125,41.40625,-120.28125,2.499848429408482,0.38958579301834106,1.042735
cdec_BND,41.40625_-120.34375,41.40625,-120.34375,2.4999465545007356,0.3653254508972168,0.77762544
cdec_BND,41.40625_-120.40625,41.40625,-120.40625,2.499998421123993,0.30988165736198425,0.31670934
cdec_BND,41.40625_-120.46875,41.40625,-120.46875,2.4999973044343764,0.31159764528274536,0.4243632
cdec_BND,41.40625_-120.53125,41.40625,-120.53125,2.499966113686129,0.28952664136886597,0.5823742
cdec_BND,41.40625_-120.59375,41.40625,-120.59375,2.4999914378348205,0.1668047308921814,0.46278757
cdec_BND,41.40625_-120.65625,41.40625,-120.65625,2.499856782936897,0.2097633183002472,0.2971153
cdec_BND,41.40625_-120.71875,41.40625,-120.71875,2.499991401209206,0.3248520791530609,0.46485066
cdec_BND,41.40625_-120.78125,41.40625,-120.78125,2.499992479224276,0.36467456817626953,0.6435119
cdec_BND,41.40625_-120.84375,41.40625,-120.84375,2.499949425957475,0.3554437756538391,0.86696285
cdec_BND,41.40625_-120.90625,41.40625,-120.90625,2.4999593376105436,0.3655029535293579,0.7370952
cdec_BND,41.40625_-120.96875,41.40625,-120.96875,2.4999965430425455,0.2474556267261505,0.610241
cdec_BND,41.40625_-121.03125,41.40625,-121.03125,2.4999862093446383,0.23207101225852966,0.77091336
cdec_BND,41.40625_-121.09375,41.40625,-121.09375,2.4999477046183856,0.280177503824234,0.92057276
cdec_BND,41.40625_-121.15625,41.40625,-121.15625,2.499731654753014,0.33680474758148193,1.0452591
cdec_BND,41.40625_-121.21875,41.40625,-121.21875,2.4999866029738547,0.31284022331237793,0.94890225
cdec_BND,41.40625_-121.28125,41.40625,-121.28125,2.4999808509680985,0.29869821667671204,0.803452
cdec_BND,41.40625_-121.34375,41.40625,-121.34375,2.4999877873863188,0.31029585003852844,0.8416338
cdec_BND,41.40625_-121.40625,41.40625,-121.40625,2.499983599999627,0.31372779607772827,0.9708075
cdec_BND,41.40625_-121.46875,41.40625,-121.46875,2.499993741068187,0.35846152901649475,1.2564564
cdec_BND,41.40625_-121.53125,41.40625,-121.53125,2.4999749744053177,0.3752070963382721,1.1948302
cdec_BND,41.40625_-121.59375,41.40625,-121.59375,2.4999894075507374,0.377692312002182,1.4070054
cdec_BND,41.40625_-121.65625,41.40625,-121.65625,2.4999948006610797,0.3559763431549072,1.442351
cdec_BND,41.40625_-121.71875,41.40625,-121.71875,2.499996907076686,0.4001775085926056,1.6493847
cdec_BND,41.40625_-121.78125,41.40625,-121.78125,2.499996340728436,0.3995858132839203,1.8889608
cdec_BND,41.40625_-121.84375,41.40625,-121.84375,2.499920733869698,0.41112425923347473,1.5148482
cdec_BND,41.40625_-121.90625,41.40625,-121.90625,2.499968714052859,0.39171597361564636,1.7877591
cdec_BND,41.40625_-121.96875,41.40625,-121.96875,2.499990961765819,0.4580473303794861,2.1309452
cdec_BND,41.40625_-122.03125,41.40625,-122.03125,2.4999905739761994,0.4363905191421509,1.6975337
cdec_BND,41.40625_-122.09375,41.40625,-122.09375,2.4999914833930696,0.4139053225517273,1.2238898
cdec_BND,41.40625_-122.15625,41.40625,-122.15625,2.4997318467491922,0.10071005672216415,0.29970014
cdec_BND,41.40625_-122.21875,41.40625,-122.21875,2.4988418349107366,0.03343195095658302,0.19409122
cdec_BND,41.40625_-122.28125,41.40625,-122.28125,2.4998985965449068,0.3413017690181732,1.4129539
cdec_BND,41.40625_-122.34375,41.40625,-122.34375,2.4999964567315534,0.3390532433986664,1.3202317
cdec_BND,41.40625_-122.40625,41.40625,-122.40625,2.499955853223155,0.36289942264556885,1.4307368
cdec_BND,41.46875_-120.21875,41.46875,-120.21875,2.4998901724678233,0.2523076832294464,0.61296934
cdec_BND,41.46875_-120.28125,41.46875,-120.28125,2.499844188862178,0.28804734349250793,0.8188899
cdec_BND,41.46875_-120.34375,41.46875,-120.34375,2.4997415986765565,0.2995857894420624,0.5869735
cdec_BND,41.46875_-120.40625,41.46875,-120.40625,2.499991875634067,0.3549112379550934,0.4368725
cdec_BND,41.46875_-120.46875,41.46875,-120.46875,2.499923770217474,0.3765680491924286,0.6541899
cdec_BND,41.46875_-120.53125,41.46875,-120.53125,2.499977603347621,0.3419526517391205,0.7137108
cdec_BND,41.46875_-120.59375,41.46875,-120.59375,2.499993221877258,0.24674555659294128,0.41013098
cdec_BND,41.46875_-120.65625,41.46875,-120.65625,2.49997578891999,0.2824852168560028,0.38739365
cdec_BND,41.46875_-120.71875,41.46875,-120.71875,2.4999876494889346,0.3214201331138611,0.5246536
cdec_BND,41.46875_-120.78125,41.46875,-120.78125,2.4999886481900937,0.34242603182792664,0.6108721
cdec_BND,41.46875_-120.84375,41.46875,-120.84375,2.499973172616637,0.3369230628013611,0.4934571
cdec_BND,41.46875_-120.90625,41.46875,-120.90625,2.4999950033222627,0.3078698217868805,0.46557388
cdec_BND,41.46875_-120.96875,41.46875,-120.96875,2.4999905588215885,0.2706508934497833,0.68481344
cdec_BND,41.46875_-121.03125,41.46875,-121.03125,2.4999622180987773,0.24502958357334137,0.73347145
cdec_BND,41.46875_-121.09375,41.46875,-121.09375,2.4999933919407655,0.30218935012817383,0.98248017
cdec_BND,41.46875_-121.15625,41.46875,-121.15625,2.499848776627857,0.3270414173603058,0.9206411
cdec_BND,41.46875_-121.21875,41.46875,-121.21875,2.4998878165858596,0.3154437839984894,0.7090881
cdec_BND,41.46875_-121.28125,41.46875,-121.28125,2.4997621228194307,0.3700000047683716,1.0430691
cdec_BND,41.46875_-121.34375,41.46875,-121.34375,2.4999100989587704,0.33307692408561707,0.80784625
cdec_BND,41.46875_-121.40625,41.46875,-121.40625,2.4999999205972654,0.36000001430511475,0.8008471
cdec_BND,41.46875_-121.46875,41.46875,-121.46875,2.49999563761926,0.38147929310798645,1.8944397
cdec_BND,41.46875_-121.53125,41.46875,-121.53125,2.499882324779728,0.18124260008335114,1.0621034
cdec_BND,41.46875_-121.59375,41.46875,-121.59375,2.4999791639080495,0.33159762620925903,1.2759509
cdec_BND,41.46875_-121.65625,41.46875,-121.65625,2.4999410384561678,0.29828402400016785,1.1175455
cdec_BND,41.46875_-121.71875,41.46875,-121.71875,2.4999847575152154,0.35846152901649475,1.4801626
cdec_BND,41.46875_-121.78125,41.46875,-121.78125,2.4999640199562547,0.40840235352516174,1.9529657
cdec_BND,41.46875_-121.84375,41.46875,-121.84375,2.4999368769269363,0.39153847098350525,1.6835814
cdec_BND,41.46875_-121.90625,41.46875,-121.90625,2.4998456321981473,0.3353254497051239,1.6563197
cdec_BND,41.46875_-121.96875,41.46875,-121.96875,2.4997381288724165,0.39266273379325867,1.3746107
cdec_BND,41.46875_-122.03125,41.46875,-122.03125,2.4998797600208054,0.39834320545196533,1.2602075
cdec_BND,41.46875_-122.09375,41.46875,-122.09375,2.4999821166294716,0.40355029702186584,1.3128881
cdec_BND,41.53125_-120.28125,41.53125,-120.28125,2.4999570719151003,0.3504733741283417,0.83732057
cdec_BND,41.53125_-120.34375,41.53125,-120.34375,2.49983961450505,0.3376923203468323,0.60940844
cdec_BND,41.53125_-120.40625,41.53125,-120.40625,2.4999340764960425,0.32378697395324707,0.4679352
cdec_BND,41.53125_-120.46875,41.53125,-120.46875,2.4999878907688613,0.3020710051059723,0.5023332
cdec_BND,41.53125_-120.53125,41.53125,-120.53125,2.4999859481226876,0.2718935012817383,0.5101088
cdec_BND,41.53125_-120.59375,41.53125,-120.59375,2.4999978219861396,0.28804734349250793,0.39887884
cdec_BND,41.53125_-120.65625,41.53125,-120.65625,2.499998085695334,0.23532544076442719,0.27043223
cdec_BND,41.53125_-120.71875,41.53125,-120.71875,2.4999972551071146,0.24147929251194,0.30805078
cdec_BND,41.53125_-120.78125,41.53125,-120.78125,2.4999925050084206,0.24946746230125427,0.3561387
cdec_BND,41.53125_-120.84375,41.53125,-120.84375,2.4999989304219556,0.22893491387367249,0.29609898
cdec_BND,41.53125_-120.90625,41.53125,-120.90625,2.4999969056507654,0.2790532410144806,0.41469577
cdec_BND,41.53125_-120.96875,41.53125,-120.96875,2.4999690284481355,0.26497042179107666,0.5760255
cdec_BND,41.53125_-121.03125,41.53125,-121.03125,2.499969189478593,0.2739644944667816,0.56476307
cdec_BND,41.53125_-121.09375,41.53125,-121.09375,2.499967728134255,0.2846745550632477,0.59348345
cdec_BND,41.53125_-121.15625,41.53125,-121.15625,2.499978700417793,0.28999999165534973,0.743394
cdec_BND,41.53125_-121.21875,41.53125,-121.21875,2.4999762030745725,0.38999998569488525,0.39729986
cdec_BND,41.53125_-121.28125,41.53125,-121.28125,2.499737377034158,0.30000001192092896,0.35014784
cdec_BND,41.53125_-121.34375,41.53125,-121.34375,2.4999582122190773,0.23999999463558197,0.5620336
cdec_BND,41.53125_-121.40625,41.53125,-121.40625,2.499999987555758,0.3799999952316284,2.1260839
cdec_BND,41.53125_-121.46875,41.53125,-121.46875,2.499999672675603,0.48213016986846924,2.353875
cdec_BND,41.53125_-121.53125,41.53125,-121.53125,2.4999538445489335,0.37609466910362244,1.5295564
cdec_BND,41.53125_-121.59375,41.53125,-121.59375,2.499989711506779,0.44165679812431335,1.5216788
cdec_BND,41.53125_-121.65625,41.53125,-121.65625,2.499975743481359,0.3786982297897339,1.2399781
cdec_BND,41.53125_-121.71875,41.53125,-121.71875,2.499988449911638,0.3711834251880646,1.5143465
cdec_BND,41.53125_-121.78125,41.53125,-121.78125,2.499982165850251,0.43485206365585327,1.7205534
cdec_BND,41.53125_-121.84375,41.53125,-121.84375,2.4999223404458384,0.34840238094329834,1.7883705
cdec_BND,41.53125_-121.90625,41.53125,-121.90625,2.4998953564518054,0.30289942026138306,2.021268
cdec_BND,41.59375_-120.28125,41.59375,-120.28125,2.4978891567512598,0.33887574076652527,0.74208784
cdec_BND,41.59375_-120.34375,41.59375,-120.34375,2.4999166242452233,0.36017751693725586,0.7421107
cdec_BND,41.59375_-120.40625,41.59375,-120.40625,2.4999603058373316,0.343609482049942,0.4763398
cdec_BND,41.59375_-120.46875,41.59375,-120.46875,2.4999994767465292,0.2761538326740265,0.32335162
cdec_BND,41.59375_-120.53125,41.59375,-120.53125,2.499997720300427,0.22964496910572052,0.25391656
cdec_BND,41.59375_-120.59375,41.59375,-120.59375,2.4999942558793644,0.25147929787635803,0.25878665
cdec_BND,41.59375_-120.65625,41.59375,-120.65625,2.499998313471343,0.18745562434196472,0.22945513
cdec_BND,41.59375_-120.71875,41.59375,-120.71875,2.4999996290790034,0.236863911151886,0.25537017
cdec_BND,41.59375_-120.78125,41.59375,-120.78125,2.4999757623351204,0.25319525599479675,0.2960091
cdec_BND,41.59375_-120.84375,41.59375,-120.84375,2.499998941474969,0.2161538451910019,0.2871569
cdec_BND,41.59375_-120.90625,41.59375,-120.90625,2.4999908597364566,0.41999998688697815,0.5284117
cdec_BND,41.59375_-120.96875,41.59375,-120.96875,2.4999459754136515,0.34236687421798706,1.0729499
cdec_BND,41.59375_-121.03125,41.59375,-121.03125,2.4999447004406647,0.3163313567638397,0.93448865
cdec_BND,41.59375_-121.28125,41.59375,-121.28125,2.499999942984913,0.25,0.33143932
cdec_BND,41.59375_-121.34375,41.59375,-121.34375,2.499999921671746,0.3499999940395355,0.5562577
cdec_BND,41.59375_-121.40625,41.59375,-121.40625,2.499999995164565,0.3499999940395355,1.5329064
cdec_BND,41.59375_-121.46875,41.59375,-121.46875,2.4999919333259544,0.4300000071525574,1.0106794
cdec_BND,41.59375_-121.53125,41.59375,-121.53125,2.4999397343043412,0.3076923191547394,0.8463864
cdec_BND,41.59375_-121.59375,41.59375,-121.59375,2.499758704512879,0.3494674563407898,1.013287
cdec_BND,41.59375_-121.65625,41.59375,-121.65625,2.499913576058266,0.31431952118873596,1.2640371
cdec_BND,41.59375_-121.71875,41.59375,-121.71875,2.499974145400142,0.2897041440010071,1.8683828
cdec_BND,41.65625_-120.28125,41.65625,-120.28125,2.499877010772763,0.3598816692829132,0.83866364
cdec_BND,41.65625_-120.34375,41.65625,-120.34375,2.49976625584281,0.36816567182540894,0.8532213
cdec_BND,41.65625_-120.40625,41.65625,-120.40625,2.4999476359272808,0.35751479864120483,0.5870151
cdec_BND,41.65625_-120.46875,41.65625,-120.46875,2.499999813316099,0.2507692277431488,0.3038564
cdec_BND,41.65625_-120.53125,41.65625,-120.53125,2.4999923323881266,0.20923076570034027,0.25073883
cdec_BND,41.65625_-120.59375,41.65625,-120.59375,2.499989798405947,0.20674556493759155,0.20578942
cdec_BND,41.65625_-120.65625,41.65625,-120.65625,2.499998962762895,0.21431952714920044,0.23414728
cdec_BND,41.65625_-120.71875,41.65625,-120.71875,2.4999937919367277,0.2547928988933563,0.2850482
cdec_BND,41.65625_-120.78125,41.65625,-120.78125,2.499993897226676,0.24597632884979248,0.29155815
cdec_BND,41.65625_-120.84375,41.65625,-120.84375,2.499995951024075,0.23769231140613556,0.26826882
cdec_BND,41.65625_-121.28125,41.65625,-121.28125,2.499997263057664,0.0,0.31147882
cdec_BND,41.71875_-120.28125,41.71875,-120.28125,2.499976743537828,0.4469822347164154,1.2958511
cdec_BND,41.71875_-120.34375,41.71875,-120.34375,2.499818087393972,0.3748520612716675,0.85183114
cdec_BND,41.71875_-120.40625,41.71875,-120.40625,2.4999220309623364,0.3857988119125366,0.57820565
cdec_BND,41.71875_-120.46875,41.71875,-120.46875,2.4999942492296885,0.29633137583732605,0.37106743
cdec_BND,41.71875_-120.53125,41.71875,-120.53125,2.499998264582759,0.30000001192092896,0.3349935
cdec_BND,41.71875_-120.59375,41.71875,-120.59375,2.4999782151635435,0.2350887507200241,0.27444625
cdec_BND,41.71875_-120.65625,41.71875,-120.65625,2.4999909006168988,0.20041419565677643,0.21970609
cdec_BND,41.71875_-120.71875,41.71875,-120.71875,2.499995655979954,0.25088757276535034,0.42809418
cdec_BND,41.71875_-120.78125,41.71875,-120.78125,2.499929385199276,0.23461538553237915,0.30869186
cdec_BND,41.78125_-120.53125,41.78125,-120.53125,2.499999210773958,0.5199999809265137,0.3268896
cdec_BND,41.78125_-120.59375,41.78125,-120.59375,2.4999693302174535,0.2411242574453354,0.27956566
cdec_BND,41.78125_-120.65625,41.78125,-120.65625,2.499976386131772,0.21621301770210266,0.23775719
cdec_BND,41.78125_-120.71875,41.78125,-120.71875,2.499976085194342,0.3400000035762787,0.25192794
cdec_BND,41.84375_-120.53125,41.84375,-120.53125,2.4999998738105655,0.3499999940395355,0.8317802
cdec_BND,41.84375_-120.59375,41.84375,-120.59375,2.499946029735481,0.15000000596046448,0.3570909
cdec_CLE,40.78125_-122.65625,40.78125,-122.65625,2.4980723990925635,0.34662720561027527,2.1693225
cdec_CLE,40.78125_-122.71875,40.78125,-122.71875,2.499746456457647,0.4816568195819855,2.5256937
cdec_CLE,40.78125_-122.78125,40.78125,-122.78125,2.499996897102958,0.5099999904632568,2.2995236
cdec_CLE,40.78125_-122.84375,40.78125,-122.84375,2.4999909238341385,0.6499999761581421,2.249527
cdec_CLE,40.84375_-122.65625,40.84375,-122.65625,2.499300370629391,0.4375147819519043,2.534181
cdec_CLE,40.84375_-122.71875,40.84375,-122.71875,2.4999346248504084,0.7200000286102295,2.7962446
cdec_CLE,40.84375_-122.78125,40.84375,-122.78125,2.4997749995502336,0.0,0.26098192
cdec_CLE,40.84375_-122.84375,40.84375,-122.84375,2.4999494957197808,0.6000000238418579,1.4270471
cdec_CLE,40.84375_-122.90625,40.84375,-122.90625,2.49996237795353,0.6499999761581421,2.6572857
cdec_CLE,40.84375_-122.96875,40.84375,-122.96875,2.4999777638532508,0.28999999165534973,0.47548914
cdec_CLE,40.90625_-122.59375,40.90625,-122.59375,2.4995740191683566,0.43988165259361267,2.3076706
cdec_CLE,40.90625_-122.65625,40.90625,-122.65625,2.499423100201337,0.5014201402664185,2.2292855
cdec_CLE,40.90625_-122.71875,40.90625,-122.71875,2.4999926723347343,0.7699999809265137,2.4990542
cdec_CLE,40.90625_-122.78125,40.90625,-122.78125,2.499937141359392,0.5199999809265137,3.0062692
cdec_CLE,40.90625_-122.84375,40.90625,-122.84375,2.499979935253955,0.6200000047683716,2.981823
cdec_CLE,40.90625_-122.90625,40.90625,-122.90625,2.495199195398156,0.3799999952316284,0.55355984
cdec_CLE,40.90625_-122.96875,40.90625,-122.96875,2.499917608169395,0.4399999976158142,1.6650852
cdec_CLE,40.90625_-123.03125,40.90625,-123.03125,2.499999525115769,0.46000000834465027,1.8790065
cdec_CLE,40.96875_-122.53125,40.96875,-122.53125,2.4999466235479573,0.3752070963382721,2.420303
cdec_CLE,40.96875_-122.59375,40.96875,-122.59375,2.4998612530255238,0.49289941787719727,2.4784677
cdec_CLE,40.96875_-122.65625,40.96875,-122.65625,2.4963561978039976,0.0,1.998013
cdec_CLE,40.96875_-122.71875,40.96875,-122.71875,2.4944332294999056,0.25,1.7361591
cdec_CLE,40.96875_-122.78125,40.96875,-122.78125,2.499854978363577,0.5099999904632568,1.5748588
cdec_CLE,40.96875_-122.84375,40.96875,-122.84375,2.4999154213745287,0.0,0.37381315
cdec_CLE,40.96875_-122.90625,40.96875,-122.90625,2.496714958914703,0.4099999964237213,0.8840886
cdec_CLE,40.96875_-122.96875,40.96875,-122.96875,2.4999482737055096,0.5699999928474426,1.5589106
cdec_CLE,40.96875_-123.03125,40.96875,-123.03125,2.499996934219137,0.2199999988079071,0.5168006
cdec_CLE,41.03125_-122.53125,41.03125,-122.53125,2.4990240394660277,0.25201183557510376,1.7604103
cdec_CLE,41.03125_-122.59375,41.03125,-122.59375,2.4995613704690545,0.4300000071525574,1.8638676
cdec_CLE,41.03125_-122.65625,41.03125,-122.65625,2.4999989524890935,0.7699999809265137,2.8272786
cdec_CLE,41.03125_-122.71875,41.03125,-122.71875,2.4999986297065204,0.7599999904632568,2.3230114
cdec_CLE,41.03125_-122.78125,41.03125,-122.78125,2.499965473416668,0.4399999976158142,1.8894372
cdec_CLE,41.03125_-122.84375,41.03125,-122.84375,2.4998468995741465,0.49000000953674316,1.0049026
cdec_CLE,41.03125_-122.90625,41.03125,-122.90625,2.4995180627929114,0.25999999046325684,0.61914456
cdec_CLE,41.03125_-122.96875,41.03125,-122.96875,2.499962812989005,0.0,0.33749944
cdec_CLE,41.03125_-123.03125,41.03125,-123.03125,2.4985481661624753,0.5099999904632568,0.93015903
cdec_CLE,41.09375_-122.46875,41.09375,-122.46875,2.4990328222018503,0.4304733872413635,1.291792
cdec_CLE,41.09375_-122.53125,41.09375,-122.53125,2.499386240085337,0.4108284115791321,1.3086616
cdec_CLE,41.09375_-122.59375,41.09375,-122.59375,2.4999999673266666,0.7400000095367432,2.8248491
cdec_CLE,41.09375_-122.65625,41.09375,-122.65625,2.498901517831337,0.47999998927116394,1.6182618
cdec_CLE,41.09375_-122.71875,41.09375,-122.71875,2.499988057498105,0.5899999737739563,2.081583
cdec_CLE,41.09375_-122.78125,41.09375,-122.78125,2.4999998002604267,0.4099999964237213,2.991686
cdec_CLE,41.09375_-122.84375,41.09375,-122.84375,2.499993358285244,0.0,1.1503713
cdec_CLE,41.09375_-122.90625,41.09375,-122.90625,2.4992149873635006,0.3700000047683716,1.9931134
cdec_CLE,41.09375_-122.96875,41.09375,-122.96875,2.499999997822447,0.44999998807907104,0.7935174
cdec_CLE,41.15625_-122.46875,41.15625,-122.46875,2.499853107891416,0.4552662670612335,1.4162631
cdec_CLE,41.15625_-122.53125,41.15625,-122.53125,2.4997683953267194,0.41999998688697815,1.5380244
cdec_CLE,41.15625_-122.59375,41.15625,-122.59375,2.4997408066446267,0.4000000059604645,1.7733427
cdec_CLE,41.15625_-122.65625,41.15625,-122.65625,2.4999996835042078,0.5199999809265137,1.9120785
cdec_CLE,41.15625_-122.71875,41.15625,-122.71875,2.499997966678426,0.5899999737739563,2.7598612
cdec_CLE,41.15625_-122.78125,41.15625,-122.78125,2.4996925801680616,0.4699999988079071,2.2235982
cdec_CLE,41.15625_-122.84375,41.15625,-122.84375,2.4992648398332995,0.36000001430511475,1.8326875
cdec_CLE,41.15625_-122.90625,41.15625,-122.90625,2.4993589757021923,0.4699999988079071,1.7182454
cdec_CLE,41.15625_-122.96875,41.15625,-122.96875,2.49754358975978,0.5899999737739563,1.0290443
cdec_CLE,41.21875_-122.46875,41.21875,-122.46875,2.4997809525100267,0.42964497208595276,1.3716459
cdec_CLE,41.21875_-122.53125,41.21875,-122.53125,2.4977971543254034,0.39970412850379944,1.1308091
cdec_CLE,41.21875_-122.59375,41.21875,-122.59375,2.499999809642013,0.47999998927116394,1.5645235
cdec_CLE,41.21875_-122.65625,41.21875,-122.65625,2.4996953044862176,0.33000001311302185,1.7059343
cdec_CLE,41.21875_-122.71875,41.21875,-122.71875,2.499951015603717,0.5699999928474426,1.6449134
cdec_CLE,41.21875_-122.78125,41.21875,-122.78125,2.499419782355078,0.0,0.29695868
cdec_CLE,41.21875_-122.84375,41.21875,-122.84375,2.4994639053911367,0.4099999964237213,1.4432039
cdec_CLE,41.21875_-122.90625,41.21875,-122.90625,2.4999336007636597,0.4300000071525574,1.526853
cdec_CLE,41.28125_-122.46875,41.28125,-122.46875,2.4995056682352477,0.3364497125148773,1.0123123
cdec_CLE,41.28125_-122.53125,41.28125,-122.53125,2.497366291457599,0.37739646434783936,1.0933628
cdec_CLE,41.28125_-122.59375,41.28125,-122.59375,2.499961797603124,0.36000001430511475,1.3191139
cdec_CLE,41.28125_-122.65625,41.28125,-122.65625,2.499838502596831,0.4399999976158142,1.4937141
cdec_CLE,41.28125_-122.71875,41.28125,-122.71875,2.4999075227376517,0.5600000023841858,1.5604194
cdec_CLE,41.34375_-122.46875,41.34375,-122.46875,2.4996621504334717,0.2792307734489441,0.9060661
cdec_CLE,41.34375_-122.53125,41.34375,-122.53125,2.4994653714106665,0.5400000214576721,0.71550244
cdec_CLE,41.34375_-122.59375,41.34375,-122.59375,2.4999764774012623,0.4300000071525574,0.8354659
cdec_CLE,41.34375_-122.65625,41.34375,-122.65625,2.499989722984505,0.6899999976158142,2.6018991
cdec_CSN,38.46875_-120.53125,38.46875,-120.53125,2.499992053848628,0.44130176305770874,2.62163
cdec_CSN,38.46875_-120.59375,38.46875,-120.59375,2.4999843988303065,0.6700000166893005,3.34974
cdec_CSN,38.46875_-120.65625,38.46875,-120.65625,2.4999290175807154,0.5299999713897705,1.9211146
cdec_CSN,38.46875_-120.78125,38.46875,-120.78125,2.49995358338031,0.5,1.791042
cdec_CSN,38.46875_-120.84375,38.46875,-120.84375,2.499879872400161,0.4000000059604645,1.3450874
cdec_CSN,38.46875_-120.90625,38.46875,-120.90625,2.4998871540071232,0.30000001192092896,1.0941076
cdec_CSN,38.46875_-120.96875,38.46875,-120.96875,2.4998592092556073,0.3499999940395355,1.2767222
cdec_CSN,38.46875_-121.03125,38.46875,-121.03125,2.4996414452862754,0.36000001430511475,1.3468994
cdec_CSN,38.53125_-120.28125,38.53125,-120.28125,2.4999722738152377,0.4345562160015106,1.4052664
cdec_CSN,38.53125_-120.34375,38.53125,-120.34375,2.4999982781625567,0.5142603516578674,2.097227
cdec_CSN,38.53125_-120.40625,38.53125,-120.40625,2.4999998863025077,0.5237869620323181,2.497622
cdec_CSN,38.53125_-120.46875,38.53125,-120.46875,2.499995595624903,0.5042011737823486,2.8218453
cdec_CSN,38.53125_-120.53125,38.53125,-120.53125,2.4999921245921426,0.5265088677406311,2.8666446
cdec_CSN,38.53125_-120.59375,38.53125,-120.59375,2.499995316403207,0.7300000190734863,2.807659
cdec_CSN,38.53125_-120.65625,38.53125,-120.65625,2.499844543562564,0.5400000214576721,2.7632303
cdec_CSN,38.53125_-120.71875,38.53125,-120.71875,2.4999034670017783,0.5099999904632568,1.7169845
cdec_CSN,38.53125_-120.78125,38.53125,-120.78125,2.4971077299136804,0.4399999976158142,1.3464438
cdec_CSN,38.53125_-120.84375,38.53125,-120.84375,2.499161931568599,0.46000000834465027,1.4971057
cdec_CSN,38.53125_-120.90625,38.53125,-120.90625,2.499774027849025,0.5099999904632568,1.327054
cdec_CSN,38.53125_-120.96875,38.53125,-120.96875,2.4989062001383595,0.5299999713897705,1.1876516
cdec_CSN,38.53125_-121.03125,38.53125,-121.03125,2.4998570127074613,0.41999998688697815,1.1338762
cdec_CSN,38.59375_-120.21875,38.59375,-120.21875,2.499948130575641,0.3766863942146301,0.99213415
cdec_CSN,38.59375_-120.28125,38.59375,-120.28125,2.4999967513604124,0.4530177414417267,1.5698949
cdec_CSN,38.59375_-120.34375,38.59375,-120.34375,2.499989951563991,0.5600000023841858,2.2769084
cdec_CSN,38.59375_-120.40625,38.59375,-120.40625,2.4999998291282375,0.4099999964237213,2.5469677
cdec_CSN,38.59375_-120.46875,38.59375,-120.46875,2.4999152749646782,0.38999998569488525,2.8790286
cdec_CSN,38.59375_-120.53125,38.59375,-120.53125,2.4999546565626165,0.3799999952316284,3.1125698
cdec_CSN,38.59375_-120.59375,38.59375,-120.59375,2.4998737397002646,0.38999998569488525,2.719952
cdec_CSN,38.59375_-120.65625,38.59375,-120.65625,2.494188682542908,0.0,1.4565234
cdec_CSN,38.59375_-120.71875,38.59375,-120.71875,2.499801323276893,0.46000000834465027,1.495845
cdec_CSN,38.59375_-120.78125,38.59375,-120.78125,2.4994940755073447,0.3400000035762787,1.556376
cdec_CSN,38.59375_-120.84375,38.59375,-120.84375,2.499659644105891,0.0,1.3789599
cdec_CSN,38.59375_-120.90625,38.59375,-120.90625,2.4996952168590436,0.49000000953674316,1.4132644
cdec_CSN,38.59375_-120.96875,38.59375,-120.96875,2.499656896584555,0.41999998688697815,1.4070979
cdec_CSN,38.59375_-121.03125,38.59375,-121.03125,2.49925681621186,0.36000001430511475,1.1641128
cdec_CSN,38.65625_-120.21875,38.65625,-120.21875,2.4999990381412953,0.3163905441761017,1.3234475
cdec_CSN,38.65625_-120.28125,38.65625,-120.28125,2.499996892427471,0.35982248187065125,1.4363734
cdec_CSN,38.65625_-120.34375,38.65625,-120.34375,2.499999188140299,0.4187574088573456,1.9549093
cdec_CSN,38.65625_-120.40625,38.65625,-120.40625,2.4960042034210415,0.3199999928474426,1.1966437
cdec_CSN,38.65625_-120.46875,38.65625,-120.46875,2.49985735555336,0.3499999940395355,2.896878
cdec_CSN,38.65625_-120.53125,38.65625,-120.53125,2.499904630767698,0.27000001072883606,2.8460708
cdec_CSN,38.65625_-120.59375,38.65625,-120.59375,2.498453790388697,0.44999998807907104,1.7359197
cdec_CSN,38.65625_-120.65625,38.65625,-120.65625,2.499982558293066,0.6200000047683716,1.7617598
cdec_CSN,38.65625_-120.71875,38.65625,-120.71875,2.4827357337114986,0.39946746826171875,1.6812677
cdec_CSN,38.65625_-120.78125,38.65625,-120.78125,2.49283887030436,0.4218343198299408,1.7828407
cdec_CSN,38.65625_-120.84375,38.65625,-120.84375,2.4933520635895725,0.39331361651420593,1.4098833
cdec_CSN,38.65625_-120.90625,38.65625,-120.90625,2.4948366195087583,0.3917751610279083,1.4101399
cdec_CSN,38.65625_-120.96875,38.65625,-120.96875,2.4908748623715615,0.2862130105495453,1.2389095
cdec_CSN,38.71875_-120.34375,38.71875,-120.34375,2.4999938684397245,0.3796449601650238,1.8983133
cdec_CSN,38.71875_-120.40625,38.71875,-120.40625,2.4999920008405043,0.3585798740386963,2.1752062
cdec_CSN,38.71875_-120.46875,38.71875,-120.46875,2.499791222453271,0.3592899441719055,2.5528839
cdec_CSN,38.71875_-120.53125,38.71875,-120.53125,2.4999773549527875,0.30000001192092896,3.061243
cdec_CSN,38.71875_-120.59375,38.71875,-120.59375,2.499429777369458,0.4179881513118744,2.5693362
cdec_CSN,38.71875_-120.65625,38.71875,-120.65625,2.4956182298629432,0.4098816514015198,1.8365463
cdec_CSN,38.71875_-120.71875,38.71875,-120.71875,2.49675005463867,0.40295857191085815,1.8992176
cdec_CSN,38.71875_-120.78125,38.71875,-120.78125,2.490716867294119,0.3322485089302063,1.645333
cdec_CSN,38.71875_-120.84375,38.71875,-120.84375,2.486997640336467,0.2931360900402069,1.4325713
cdec_CSN,38.78125_-120.46875,38.78125,-120.46875,2.4999053217941434,0.4812425971031189,2.2650657
cdec_CSN,38.78125_-120.53125,38.78125,-120.53125,2.4991426986438823,0.4048520624637604,2.2786431
cdec_FOL,38.59375_-120.09375,38.59375,-120.09375,2.4957694399471437,0.26573964953422546,0.46721667
cdec_FOL,38.59375_-120.15625,38.59375,-120.15625,2.4944932212629367,0.24887573719024658,0.44766393
cdec_FOL,38.65625_-119.96875,38.65625,-119.96875,2.4980240689097233,0.2530769109725952,0.46622092
cdec_FOL,38.65625_-120.03125,38.65625,-120.03125,2.492532322989963,0.24254438281059265,0.40972182
cdec_FOL,38.65625_-120.09375,38.65625,-120.09375,2.4941642918199656,0.27603551745414734,0.5490117
cdec_FOL,38.65625_-120.15625,38.65625,-120.15625,2.498624999869559,0.2800000011920929,0.74549997
cdec_FOL,38.65625_-120.21875,38.65625,-120.21875,2.4999990381412953,0.3163905441761017,1.3234475
cdec_FOL,38.65625_-120.28125,38.65625,-120.28125,2.499996892427471,0.35982248187065125,1.4363734
cdec_FOL,38.65625_-120.34375,38.65625,-120.34375,2.499999188140299,0.4187574088573456,1.9549093
cdec_FOL,38.65625_-120.71875,38.65625,-120.71875,2.4827357337114986,0.39946746826171875,1.6812677
cdec_FOL,38.65625_-120.78125,38.65625,-120.78125,2.49283887030436,0.4218343198299408,1.7828407
cdec_FOL,38.65625_-120.84375,38.65625,-120.84375,2.4933520635895725,0.39331361651420593,1.4098833
cdec_FOL,38.65625_-120.90625,38.65625,-120.90625,2.4948366195087583,0.3917751610279083,1.4101399
cdec_FOL,38.65625_-120.96875,38.65625,-120.96875,2.4908748623715615,0.2862130105495453,1.2389095
cdec_FOL,38.65625_-121.03125,38.65625,-121.03125,2.496902559991513,0.26869821548461914,0.9411888
cdec_FOL,38.65625_-121.09375,38.65625,-121.09375,2.4980636219545858,0.12686391174793243,0.71698165
cdec_FOL,38.71875_-119.96875,38.71875,-119.96875,2.4987844622696187,0.3150295913219452,0.6815628
cdec_FOL,38.71875_-120.03125,38.71875,-120.03125,2.4930873997968126,0.30485206842422485,0.5651826
cdec_FOL,38.71875_-120.09375,38.71875,-120.09375,2.49309272336581,0.30467456579208374,0.7799129
cdec_FOL,38.71875_-120.15625,38.71875,-120.15625,2.4998823894205033,0.35183432698249817,1.3147584
cdec_FOL,38.71875_-120.21875,38.71875,-120.21875,2.4999476442343953,0.34994083642959595,1.7583264
cdec_FOL,38.71875_-120.28125,38.71875,-120.28125,2.4999989630506727,0.3671005964279175,1.7526499
cdec_FOL,38.71875_-120.34375,38.71875,-120.34375,2.4999938684397245,0.3796449601650238,1.8983133
cdec_FOL,38.71875_-120.40625,38.71875,-120.40625,2.4999920008405043,0.3585798740386963,2.1752062
cdec_FOL,38.71875_-120.46875,38.71875,-120.46875,2.499791222453271,0.3592899441719055,2.5528839
cdec_FOL,38.71875_-120.53125,38.71875,-120.53125,2.4999773549527875,0.30000001192092896,3.061243
cdec_FOL,38.71875_-120.59375,38.71875,-120.59375,2.499429777369458,0.4179881513118744,2.5693362
cdec_FOL,38.71875_-120.65625,38.71875,-120.65625,2.4956182298629432,0.4098816514015198,1.8365463
cdec_FOL,38.71875_-120.71875,38.71875,-120.71875,2.49675005463867,0.40295857191085815,1.8992176
cdec_FOL,38.71875_-120.78125,38.71875,-120.78125,2.490716867294119,0.3322485089302063,1.645333
cdec_FOL,38.71875_-120.84375,38.71875,-120.84375,2.486997640336467,0.2931360900402069,1.4325713
cdec_FOL,38.71875_-120.90625,38.71875,-120.90625,2.4967281952781484,0.37023669481277466,1.3384719
cdec_FOL,38.71875_-120.96875,38.71875,-120.96875,2.4976553281947305,0.3546745479106903,1.25458
cdec_FOL,38.71875_-121.03125,38.71875,-121.03125,2.4922400306513746,0.3473372757434845,1.1699876
cdec_FOL,38.71875_-121.09375,38.71875,-121.09375,2.4966906701099916,0.1534319519996643,0.90431553
cdec_FOL,38.71875_-121.15625,38.71875,-121.15625,2.493928620844291,0.0615384615957737,0.79478496
cdec_FOL,38.78125_-120.03125,38.78125,-120.03125,2.499878994479001,0.3743787109851837,0.92105454
cdec_FOL,38.78125_-120.09375,38.78125,-120.09375,2.4991836758645274,0.34781065583229065,1.1159941
cdec_FOL,38.78125_-120.15625,38.78125,-120.15625,2.499842460249904,0.3598816692829132,1.4075644
cdec_FOL,38.78125_-120.21875,38.78125,-120.21875,2.4995236608755924,0.36733728647232056,1.5866377
cdec_FOL,38.78125_-120.28125,38.78125,-120.28125,2.4998006151987524,0.40319526195526123,1.6492783
cdec_FOL,38.78125_-120.34375,38.78125,-120.34375,2.4991875248166497,0.41822484135627747,1.5845404
cdec_FOL,38.78125_-120.40625,38.78125,-120.40625,2.49938230338934,0.4332544505596161,1.9214174
cdec_FOL,38.78125_-120.46875,38.78125,-120.46875,2.4999053217941434,0.4812425971031189,2.2650657
cdec_FOL,38.78125_-120.53125,38.78125,-120.53125,2.4991426986438823,0.4048520624637604,2.2786431
cdec_FOL,38.78125_-120.59375,38.78125,-120.59375,2.4993747524119367,0.41609466075897217,2.4744954
cdec_FOL,38.78125_-120.65625,38.78125,-120.65625,2.4993853365011347,0.4752070903778076,2.6392548
cdec_FOL,38.78125_-120.71875,38.78125,-120.71875,2.4973665369361084,0.4250887632369995,2.2085352
cdec_FOL,38.78125_-120.78125,38.78125,-120.78125,2.497784234744605,0.4501183331012726,2.0757356
cdec_FOL,38.78125_-120.84375,38.78125,-120.84375,2.4942785559324436,0.44846153259277344,1.6167988
cdec_FOL,38.78125_-120.90625,38.78125,-120.90625,2.4964069927924792,0.36390531063079834,1.3807503
cdec_FOL,38.78125_-120.96875,38.78125,-120.96875,2.4984255542811113,0.3885207176208496,1.3480928
cdec_FOL,38.78125_-121.03125,38.78125,-121.03125,2.487237610465109,0.40337279438972473,1.1775007
cdec_FOL,38.78125_-121.09375,38.78125,-121.09375,2.4940228650627394,0.35153844952583313,1.1824793
cdec_FOL,38.78125_-121.15625,38.78125,-121.15625,2.492073000940418,0.28106507658958435,1.3233119
cdec_FOL,38.84375_-120.03125,38.84375,-120.03125,2.499785783662496,0.28201183676719666,1.0579878
cdec_FOL,38.84375_-120.09375,38.84375,-120.09375,2.4996029228194763,0.26384615898132324,0.6338212
cdec_FOL,38.84375_-120.15625,38.84375,-120.15625,2.4985144694208747,0.15834319591522217,0.37511796
cdec_FOL,38.84375_-120.21875,38.84375,-120.21875,2.4966740460302406,0.3007100522518158,0.7288273
cdec_FOL,38.84375_-120.28125,38.84375,-120.28125,2.4999476688489817,0.43834319710731506,1.2571446
cdec_FOL,38.84375_-120.34375,38.84375,-120.34375,2.4999050055911254,0.4134911298751831,1.5656024
cdec_FOL,38.84375_-120.40625,38.84375,-120.40625,2.499084034491026,0.37840235233306885,1.5057489
cdec_FOL,38.84375_-120.46875,38.84375,-120.46875,2.49966185895484,0.4351479411125183,1.7139742
cdec_FOL,38.84375_-120.53125,38.84375,-120.53125,2.497382336536756,0.4098816514015198,2.159998
cdec_FOL,38.84375_-120.59375,38.84375,-120.59375,2.499842420330083,0.3799999952316284,2.3699389
cdec_FOL,38.84375_-120.65625,38.84375,-120.65625,2.499984040512987,0.49562129378318787,3.1344104
cdec_FOL,38.84375_-120.71875,38.84375,-120.71875,2.4999980471757954,0.6040828227996826,3.3101726
cdec_FOL,38.84375_-120.78125,38.84375,-120.78125,2.4999572858071852,0.5480473637580872,2.7562265
cdec_FOL,38.84375_-120.84375,38.84375,-120.84375,2.4948821127589635,0.41266271471977234,1.7661554
cdec_FOL,38.84375_-120.90625,38.84375,-120.90625,2.480197880819354,0.41917160153388977,1.3963145
cdec_FOL,38.84375_-120.96875,38.84375,-120.96875,2.494702254921195,0.4167455732822418,1.4008907
cdec_FOL,38.84375_-121.03125,38.84375,-121.03125,2.4959528467910346,0.39556214213371277,1.4126632
cdec_FOL,38.84375_-121.09375,38.84375,-121.09375,2.4885150601851036,0.35106509923934937,1.4061295
cdec_FOL,38.90625_-120.15625,38.90625,-120.15625,2.4990727736345044,0.18100591003894806,0.31845266
cdec_FOL,38.90625_-120.21875,38.90625,-120.21875,2.491320717642292,0.22573964297771454,0.35149533
cdec_FOL,38.90625_-120.28125,38.90625,-120.28125,2.49907970472363,0.40526628494262695,0.9624066
cdec_FOL,38.90625_-120.34375,38.90625,-120.34375,2.499960349415594,0.4612426161766052,1.525745
cdec_FOL,38.90625_-120.40625,38.90625,-120.40625,2.4999647937950336,0.39041420817375183,1.7265567
cdec_FOL,38.90625_-120.46875,38.90625,-120.46875,2.499957726000295,0.4607100486755371,1.8633786
cdec_FOL,38.90625_-120.53125,38.90625,-120.53125,2.498798767174933,0.36502957344055176,1.9635767
cdec_FOL,38.90625_-120.59375,38.90625,-120.59375,2.499961793860085,0.3964497148990631,2.3378744
cdec_FOL,38.90625_-120.65625,38.90625,-120.65625,2.499997526891346,0.5179881453514099,3.2308779
cdec_FOL,38.90625_-120.71875,38.90625,-120.71875,2.499998494174581,0.5926627516746521,3.582056
cdec_FOL,38.90625_-120.78125,38.90625,-120.78125,2.4999967158068737,0.5612425804138184,3.2653956
cdec_FOL,38.90625_-120.84375,38.90625,-120.84375,2.4998405322332022,0.5086982250213623,2.7598472
cdec_FOL,38.90625_-120.90625,38.90625,-120.90625,2.496971233718503,0.45751479268074036,2.044006
cdec_FOL,38.90625_-120.96875,38.90625,-120.96875,2.4965090902244427,0.41745561361312866,1.6251981
cdec_FOL,38.90625_-121.03125,38.90625,-121.03125,2.4921385889193663,0.3759763240814209,1.522033
cdec_FOL,38.90625_-121.09375,38.90625,-121.09375,2.490491157084869,0.22964496910572052,1.4084574
cdec_FOL,38.96875_-120.15625,38.96875,-120.15625,2.497512123978596,0.25923076272010803,0.65152186
cdec_FOL,38.96875_-120.21875,38.96875,-120.21875,2.4980178382828893,0.1917751431465149,0.34031188
cdec_FOL,38.96875_-120.28125,38.96875,-120.28125,2.4981828150853014,0.33520710468292236,0.77995276
cdec_FOL,38.96875_-120.34375,38.96875,-120.34375,2.499843242963842,0.3949112296104431,1.2723114
cdec_FOL,38.96875_-120.40625,38.96875,-120.40625,2.49997023884382,0.4153846204280853,1.761591
cdec_FOL,38.96875_-120.46875,38.96875,-120.46875,2.4998769548974473,0.3988165557384491,2.1300044
cdec_FOL,38.96875_-120.53125,38.96875,-120.53125,2.4999923599902836,0.3676331341266632,2.307309
cdec_FOL,38.96875_-120.59375,38.96875,-120.59375,2.499940912940791,0.3972781002521515,3.0563264
cdec_FOL,38.96875_-120.65625,38.96875,-120.65625,2.499803059792391,0.3356804847717285,2.823427
cdec_FOL,38.96875_-120.71875,38.96875,-120.71875,2.499996369983301,0.40005916357040405,3.14315
cdec_FOL,38.96875_-120.78125,38.96875,-120.78125,2.4999168529339015,0.49579882621765137,2.9803536
cdec_FOL,38.96875_-120.84375,38.96875,-120.84375,2.499893095022294,0.4581656754016876,2.80614
cdec_FOL,38.96875_-120.90625,38.96875,-120.90625,2.497431760283286,0.4152662754058838,2.2734451
cdec_FOL,38.96875_-120.96875,38.96875,-120.96875,2.496061730772296,0.42893490195274353,1.930048
cdec_FOL,38.96875_-121.03125,38.96875,-121.03125,2.4877905943623837,0.33680474758148193,1.6620651
cdec_FOL,39.03125_-120.21875,39.03125,-120.21875,2.4991875413569216,0.38242602348327637,0.9057362
cdec_FOL,39.03125_-120.28125,39.03125,-120.28125,2.495200806719866,0.26810652017593384,0.7026796
cdec_FOL,39.03125_-120.34375,39.03125,-120.34375,2.4997476717120817,0.3430769145488739,0.92423433
cdec_FOL,39.03125_-120.40625,39.03125,-120.40625,2.4998009542204116,0.3820118308067322,1.6302474
cdec_FOL,39.03125_-120.46875,39.03125,-120.46875,2.4999456858122113,0.3823668658733368,1.9391015
cdec_FOL,39.03125_-120.53125,39.03125,-120.53125,2.499957861417447,0.47863906621932983,2.6030254
cdec_FOL,39.03125_-120.59375,39.03125,-120.59375,2.4999959005738632,0.4882248640060425,2.847748
cdec_FOL,39.03125_-120.65625,39.03125,-120.65625,2.4996385834729296,0.35804733633995056,2.5964248
cdec_FOL,39.03125_-120.71875,39.03125,-120.71875,2.4994207724845223,0.30041420459747314,2.6085508
cdec_FOL,39.03125_-120.78125,39.03125,-120.78125,2.499882337561612,0.4021301865577698,2.9256191
cdec_FOL,39.03125_-120.84375,39.03125,-120.84375,2.4999463834955247,0.4976923167705536,3.2046366
cdec_FOL,39.03125_-120.90625,39.03125,-120.90625,2.4994331472308966,0.4589940905570984,2.4354234
cdec_FOL,39.03125_-120.96875,39.03125,-120.96875,2.498119342291786,0.3685798943042755,1.9674759
cdec_FOL,39.09375_-120.21875,39.09375,-120.21875,2.499997403213296,0.41124260425567627,1.0568128
cdec_FOL,39.09375_-120.28125,39.09375,-120.28125,2.4999198756670964,0.44609466195106506,1.3059455
cdec_FOL,39.09375_-120.34375,39.09375,-120.34375,2.499932835155836,0.45982247591018677,1.4318435
cdec_FOL,39.09375_-120.40625,39.09375,-120.40625,2.4997383746828774,0.3906508982181549,1.4428723
cdec_FOL,39.09375_-120.46875,39.09375,-120.46875,2.499547907442965,0.3942011892795563,1.2512099
cdec_FOL,39.09375_-120.53125,39.09375,-120.53125,2.4997186539688387,0.46988165378570557,2.0619113
cdec_FOL,39.09375_-120.59375,39.09375,-120.59375,2.499977226771818,0.5110059380531311,2.456059
cdec_FOL,39.09375_-120.65625,39.09375,-120.65625,2.4996746337484703,0.4204733669757843,2.8205693
cdec_FOL,39.09375_-120.71875,39.09375,-120.71875,2.4999613602891078,0.4357396364212036,2.9000247
cdec_FOL,39.09375_-120.78125,39.09375,-120.78125,2.499984954639163,0.5315976142883301,3.0388398
cdec_FOL,39.09375_-120.84375,39.09375,-120.84375,2.4999855149475687,0.591775119304657,3.3777356
cdec_FOL,39.09375_-120.90625,39.09375,-120.90625,2.49913965581672,0.5113609433174133,2.5629215
cdec_FOL,39.09375_-120.96875,39.09375,-120.96875,2.4894209168054986,0.35609468817710876,1.9527758
cdec_FOL,39.15625_-120.21875,39.15625,-120.21875,2.4999915208130004,0.37934911251068115,1.135421
cdec_FOL,39.15625_-120.28125,39.15625,-120.28125,2.4989283034304623,0.3759763240814209,0.8428433
cdec_FOL,39.15625_-120.34375,39.15625,-120.34375,2.499959040411844,0.406686395406723,1.1269873
cdec_FOL,39.15625_-120.40625,39.15625,-120.40625,2.49999963188971,0.4665680527687073,1.616243
cdec_FOL,39.15625_-120.46875,39.15625,-120.46875,2.499960937643578,0.45384615659713745,1.2896234
cdec_FOL,39.15625_-120.53125,39.15625,-120.53125,2.498527152643125,0.3969230651855469,1.2545791
cdec_FOL,39.15625_-120.59375,39.15625,-120.59375,2.4966252794131556,0.41183432936668396,1.723612
cdec_FOL,39.15625_-120.65625,39.15625,-120.65625,2.4999875329744112,0.47378697991371155,2.2532723
cdec_FOL,39.15625_-120.71875,39.15625,-120.71875,2.499996411455042,0.5885798931121826,3.0672326
cdec_FOL,39.15625_-120.78125,39.15625,-120.78125,2.4999970516333745,0.5400591492652893,2.7945616
cdec_FOL,39.15625_-120.84375,39.15625,-120.84375,2.4997642566780023,0.5078698396682739,2.6871707
cdec_FOL,39.15625_-120.90625,39.15625,-120.90625,2.4995935543393957,0.4976923167705536,2.672828
cdec_FOL,39.21875_-120.28125,39.21875,-120.28125,2.4995486296861857,0.3272189497947693,0.66712177
cdec_FOL,39.21875_-120.34375,39.21875,-120.34375,2.499726044960913,0.411775141954422,1.1005192
cdec_FOL,39.21875_-120.40625,39.21875,-120.40625,2.4999114451681708,0.4005917012691498,1.2237217
cdec_FOL,39.21875_-120.46875,39.21875,-120.46875,2.4999225009995683,0.44727811217308044,1.5817541
cdec_FOL,39.21875_-120.53125,39.21875,-120.53125,2.499911515389699,0.4672780930995941,1.8380424
cdec_FOL,39.21875_-120.59375,39.21875,-120.59375,2.499628711115797,0.4481656849384308,1.7384101
cdec_FOL,39.21875_-120.65625,39.21875,-120.65625,2.499971060782058,0.5669230818748474,2.6119134
cdec_FOL,39.21875_-120.71875,39.21875,-120.71875,2.4999574247143626,0.565858006477356,2.9457023
cdec_FOL,39.21875_-120.78125,39.21875,-120.78125,2.499917764833495,0.5086390376091003,2.7038293
cdec_FOL,39.21875_-120.84375,39.21875,-120.84375,2.4992303693475812,0.4850887656211853,2.4659114
cdec_FOL,39.28125_-120.28125,39.28125,-120.28125,2.499992736759781,0.4014793038368225,1.0372229
cdec_FOL,39.28125_-120.34375,39.28125,-120.34375,2.499761786559021,0.4146745502948761,1.0911965
cdec_FOL,39.28125_-120.40625,39.28125,-120.40625,2.4993818617397534,0.3713017702102661,1.059344
cdec_FOL,39.28125_-120.46875,39.28125,-120.46875,2.4994305780058363,0.3620118200778961,0.81651384
cdec_FOL,39.28125_-120.53125,39.28125,-120.53125,2.4995840901031445,0.4157988131046295,1.1620367
cdec_FOL,39.28125_-120.59375,39.28125,-120.59375,2.4991573170325703,0.42408284544944763,1.2780514
cdec_FOL,39.28125_-120.65625,39.28125,-120.65625,2.49931361775953,0.47846153378486633,1.9905075
cdec_FOL,39.28125_-120.71875,39.28125,-120.71875,2.4999384498646617,0.48284024000167847,2.2829456
cdec_FOL,39.34375_-120.59375,39.34375,-120.59375,2.4938150573207514,0.3798224925994873,1.1204683
cdec_FOL,39.34375_-120.65625,39.34375,-120.65625,2.499484888529248,0.4185798764228821,1.5872291
cdec_ISB,35.40625_-118.15625,35.40625,-118.15625,2.499997758101364,0.15147928893566132,0.25360832
cdec_ISB,35.40625_-118.21875,35.40625,-118.21875,2.4999977299423195,0.16946744918823242,0.34140602
cdec_ISB,35.40625_-118.28125,35.40625,-118.28125,2.4999993328166346,0.29366862773895264,0.9070531
cdec_ISB,35.40625_-118.34375,35.40625,-118.34375,2.4999925103799447,0.31893491744995117,1.0350349
cdec_ISB,35.46875_-118.15625,35.46875,-118.15625,2.4999993110371,0.15852071344852448,0.24169022
cdec_ISB,35.46875_-118.21875,35.46875,-118.21875,2.4999993885578404,0.12911242246627808,0.2881979
cdec_ISB,35.46875_-118.28125,35.46875,-118.28125,2.4999977470855255,0.24153846502304077,0.5729552
cdec_ISB,35.46875_-118.34375,35.46875,-118.34375,2.499995907206622,0.3256213068962097,0.9239722
cdec_ISB,35.46875_-118.40625,35.46875,-118.40625,2.4999821070331274,0.3490532636642456,1.0656855
cdec_ISB,35.53125_-118.15625,35.53125,-118.15625,2.499998262507953,0.17171597480773926,0.24896282
cdec_ISB,35.53125_-118.21875,35.53125,-118.21875,2.499999662416527,0.16733728349208832,0.27643698
cdec_ISB,35.53125_-118.28125,35.53125,-118.28125,2.499999126587335,0.2442011833190918,0.56299716
cdec_ISB,35.53125_-118.34375,35.53125,-118.34375,2.4999904093026366,0.32029587030410767,0.7905327
cdec_ISB,35.59375_-118.09375,35.59375,-118.09375,2.4999964348368,0.2502366900444031,0.50248516
cdec_ISB,35.59375_-118.15625,35.59375,-118.15625,2.499993537619379,0.24526627361774445,0.48748866
cdec_ISB,35.59375_-118.21875,35.59375,-118.21875,2.499999487475103,0.16940827667713165,0.31120068
cdec_ISB,35.59375_-118.28125,35.59375,-118.28125,2.4999995988950734,0.20461538434028625,0.4084341
cdec_ISB,35.59375_-118.34375,35.59375,-118.34375,2.499995072570816,0.26035502552986145,0.5166697
cdec_ISB,35.59375_-118.40625,35.59375,-118.40625,2.499992650354516,0.25497040152549744,0.48119158
cdec_ISB,35.59375_-118.46875,35.59375,-118.46875,2.4999975503788185,0.23000000417232513,0.43642345
cdec_ISB,35.65625_-117.96875,35.65625,-117.96875,2.49999878078885,0.17828401923179626,0.24296218
cdec_ISB,35.65625_-118.03125,35.65625,-118.03125,2.49999954283998,0.25609466433525085,0.44302514
cdec_ISB,35.65625_-118.09375,35.65625,-118.09375,2.4999991245297735,0.33603549003601074,0.77031827
cdec_ISB,35.65625_-118.15625,35.65625,-118.15625,2.499997820847641,0.27715975046157837,0.5292661
cdec_ISB,35.65625_-118.21875,35.65625,-118.21875,2.499999617980748,0.2169230729341507,0.39040655
cdec_ISB,35.65625_-118.28125,35.65625,-118.28125,2.49999941047896,0.24958579242229462,0.6244337
cdec_ISB,35.65625_-118.34375,35.65625,-118.34375,2.499998882459786,0.24568046629428864,0.54262495
cdec_ISB,35.65625_-118.40625,35.65625,-118.40625,2.499999439300446,0.1950295865535736,0.3965285
cdec_ISB,35.65625_-118.46875,35.65625,-118.46875,2.499998718244723,0.17349112033843994,0.3907664
cdec_ISB,35.65625_-118.53125,35.65625,-118.53125,2.4999930373441903,0.2958579957485199,0.90561205
cdec_ISB,35.65625_-118.59375,35.65625,-118.59375,2.4999482745175867,0.3800591826438904,1.8080848
cdec_ISB,35.71875_-117.96875,35.71875,-117.96875,2.499999804492209,0.16627219319343567,0.37408826
cdec_ISB,35.71875_-118.03125,35.71875,-118.03125,2.4999976032508187,0.22337278723716736,0.38044676
cdec_ISB,35.71875_-118.09375,35.71875,-118.09375,2.4999996499192556,0.21591715514659882,0.43561113
cdec_ISB,35.71875_-118.15625,35.71875,-118.15625,2.4999992155765063,0.19550295174121857,0.39066553
cdec_ISB,35.71875_-118.21875,35.71875,-118.21875,2.4999977371667232,0.23786982893943787,0.5007477
cdec_ISB,35.71875_-118.28125,35.71875,-118.28125,2.4999973338777104,0.227573961019516,0.50365734
cdec_ISB,35.71875_-118.34375,35.71875,-118.34375,2.499997617266409,0.2254437804222107,0.4410382
cdec_ISB,35.71875_-118.40625,35.71875,-118.40625,2.499993590459211,0.21698224544525146,0.399299
cdec_ISB,35.71875_-118.46875,35.71875,-118.46875,2.4999957044611305,0.2163313627243042,0.54757863
cdec_ISB,35.71875_-118.53125,35.71875,-118.53125,2.4999922329106514,0.3076331317424774,1.5381155
cdec_ISB,35.71875_-118.59375,35.71875,-118.59375,2.499973190437583,0.3906508982181549,1.8094442
cdec_ISB,35.78125_-118.03125,35.78125,-118.03125,2.499998762767441,0.2679881751537323,0.59230834
cdec_ISB,35.78125_-118.09375,35.78125,-118.09375,2.4999984698894298,0.15313608944416046,0.36100048
cdec_ISB,35.78125_-118.15625,35.78125,-118.15625,2.499998364129788,0.15911242365837097,0.3820825
cdec_ISB,35.78125_-118.21875,35.78125,-118.21875,2.499998412690033,0.24106508493423462,0.66515505
cdec_ISB,35.78125_-118.28125,35.78125,-118.28125,2.4999038516497496,0.2825443744659424,0.79731464
cdec_ISB,35.78125_-118.34375,35.78125,-118.34375,2.499954574544521,0.28301775455474854,0.7786766
cdec_ISB,35.78125_-118.40625,35.78125,-118.40625,2.4999800578428175,0.23668639361858368,0.4709687
cdec_ISB,35.78125_-118.46875,35.78125,-118.46875,2.499995598960182,0.28532543778419495,0.64033926
cdec_ISB,35.78125_-118.53125,35.78125,-118.53125,2.4999499789032056,0.3463313579559326,1.1277621
cdec_ISB,35.78125_-118.59375,35.78125,-118.59375,2.4999246189734055,0.3865680396556854,1.866248
cdec_ISB,35.84375_-117.96875,35.84375,-117.96875,2.4999993151071678,0.13260355591773987,0.3466015
cdec_ISB,35.84375_-118.03125,35.84375,-118.03125,2.4999961088821565,0.203964501619339,0.59882194
cdec_ISB,35.84375_-118.09375,35.84375,-118.09375,2.499999284070303,0.22414201498031616,0.5323936
cdec_ISB,35.84375_-118.15625,35.84375,-118.15625,2.499991457434869,0.30230769515037537,0.40097964
cdec_ISB,35.84375_-118.21875,35.84375,-118.21875,2.4999986541000956,0.22508876025676727,0.46947584
cdec_ISB,35.84375_-118.28125,35.84375,-118.28125,2.499996068935745,0.28396448493003845,0.6622239
cdec_ISB,35.84375_-118.34375,35.84375,-118.34375,2.4999972012914506,0.31372779607772827,0.9063324
cdec_ISB,35.84375_-118.40625,35.84375,-118.40625,2.4999969377045757,0.28124260902404785,0.68372077
cdec_ISB,35.84375_-118.46875,35.84375,-118.46875,2.499956566459991,0.2788165807723999,0.5906767
cdec_ISB,35.84375_-118.53125,35.84375,-118.53125,2.499965085684873,0.34260356426239014,1.1279398
cdec_ISB,35.84375_-118.59375,35.84375,-118.59375,2.4999880145896203,0.4150887429714203,1.9814548
cdec_ISB,35.90625_-117.96875,35.90625,-117.96875,2.4999990378038524,0.10917159914970398,0.34088242
cdec_ISB,35.90625_-118.03125,35.90625,-118.03125,2.499997829246145,0.22343195974826813,0.51666796
cdec_ISB,35.90625_-118.09375,35.90625,-118.09375,2.4999904937614836,0.2327810674905777,0.37963822
cdec_ISB,35.90625_-118.15625,35.90625,-118.15625,2.499993721716872,0.2178698182106018,0.32719
cdec_ISB,35.90625_-118.21875,35.90625,-118.21875,2.499999054115288,0.1814792901277542,0.33027598
cdec_ISB,35.90625_-118.28125,35.90625,-118.28125,2.4999997173005024,0.26905325055122375,0.57976025
cdec_ISB,35.90625_-118.34375,35.90625,-118.34375,2.4999975804597003,0.3271597623825073,0.9246903
cdec_ISB,35.90625_-118.40625,35.90625,-118.40625,2.4999967851308904,0.3078698217868805,0.87273204
cdec_ISB,35.90625_-118.46875,35.90625,-118.46875,2.499863684027432,0.3095858097076416,0.66098136
cdec_ISB,35.90625_-118.53125,35.90625,-118.53125,2.499990205932206,0.35769230127334595,1.3055958
cdec_ISB,35.90625_-118.59375,35.90625,-118.59375,2.499989223135488,0.38899409770965576,2.047375
cdec_ISB,35.96875_-117.96875,35.96875,-117.96875,2.499999754714504,0.1259763240814209,0.30205378
cdec_ISB,35.96875_-118.03125,35.96875,-118.03125,2.4999976407907836,0.1834319531917572,0.6023399
cdec_ISB,35.96875_-118.09375,35.96875,-118.09375,2.499995459393305,0.1998816579580307,0.39860964
cdec_ISB,35.96875_-118.15625,35.96875,-118.15625,2.4999543896806617,0.16733728349208832,0.34034938
cdec_ISB,35.96875_-118.21875,35.96875,-118.21875,2.4999998365623575,0.1968047320842743,0.39652315
cdec_ISB,35.96875_-118.28125,35.96875,-118.28125,2.499999107529673,0.2312425971031189,0.9298639
cdec_ISB,35.96875_-118.34375,35.96875,-118.34375,2.49999989174736,0.2908284068107605,1.0315819
cdec_ISB,35.96875_-118.40625,35.96875,-118.40625,2.499955414267518,0.2963905334472656,0.72108245
cdec_ISB,35.96875_-118.46875,35.96875,-118.46875,2.4997674937776084,0.27603551745414734,0.5914188
cdec_ISB,35.96875_-118.53125,35.96875,-118.53125,2.499921948605409,0.2869822382926941,1.0231644
cdec_ISB,35.96875_-118.59375,35.96875,-118.59375,2.4999850242382626,0.32461538910865784,1.8668936
cdec_ISB,35.96875_-118.65625,35.96875,-118.65625,2.4999866848161796,0.3491124212741852,2.2006054
cdec_ISB,36.03125_-118.03125,36.03125,-118.03125,2.4999993989332228,0.21082840859889984,0.57600117
cdec_ISB,36.03125_-118.09375,36.03125,-118.09375,2.4999974777881295,0.16822485625743866,0.52987987
cdec_ISB,36.03125_-118.15625,36.03125,-118.15625,2.4999989015033375,0.20562130212783813,0.5564192
cdec_ISB,36.03125_-118.21875,36.03125,-118.21875,2.499995861033022,0.24644970893859863,0.6739278
cdec_ISB,36.03125_-118.28125,36.03125,-118.28125,2.4999960620897523,0.290650874376297,0.84914404
cdec_ISB,36.03125_-118.34375,36.03125,-118.34375,2.4999997187200393,0.2795858085155487,0.8864581
cdec_ISB,36.03125_-118.40625,36.03125,-118.40625,2.499997227703882,0.3016568124294281,0.8210179
cdec_ISB,36.03125_-118.46875,36.03125,-118.46875,2.4993635113798414,0.2753846049308777,0.6143268
cdec_ISB,36.03125_-118.53125,36.03125,-118.53125,2.4999098203832246,0.28301775455474854,1.158045
cdec_ISB,36.03125_-118.59375,36.03125,-118.59375,2.4999268260838363,0.33656805753707886,1.8930291
cdec_ISB,36.09375_-118.03125,36.09375,-118.03125,2.4999997272423427,0.2246745526790619,0.46408355
cdec_ISB,36.09375_-118.09375,36.09375,-118.09375,2.4999427814736084,0.25491124391555786,0.6102385
cdec_ISB,36.09375_-118.15625,36.09375,-118.15625,2.4999953200131344,0.27721893787384033,0.7479393
cdec_ISB,36.09375_-118.21875,36.09375,-118.21875,2.4999964126336183,0.3004733622074127,0.87789017
cdec_ISB,36.09375_-118.28125,36.09375,-118.28125,2.4999887309379702,0.3063313663005829,0.85909444
cdec_ISB,36.09375_-118.34375,36.09375,-118.34375,2.499942247716709,0.3066864013671875,0.68418705
cdec_ISB,36.09375_-118.40625,36.09375,-118.40625,2.4999853555309355,0.31603550910949707,0.83751065
cdec_ISB,36.09375_-118.46875,36.09375,-118.46875,2.4997881385325433,0.2917751371860504,1.0320336
cdec_ISB,36.09375_-118.53125,36.09375,-118.53125,2.4999951521518105,0.3414793014526367,1.4972287
cdec_ISB,36.09375_-118.59375,36.09375,-118.59375,2.4999980492204807,0.3693491220474243,1.7183979
cdec_ISB,36.15625_-118.03125,36.15625,-118.03125,2.4999996734321734,0.21443787217140198,0.4339049
cdec_ISB,36.15625_-118.09375,36.15625,-118.09375,2.4999768965683495,0.2252071052789688,0.5316436
cdec_ISB,36.15625_-118.15625,36.15625,-118.15625,2.499966017696972,0.28165680170059204,0.55599594
cdec_ISB,36.15625_-118.21875,36.15625,-118.21875,2.4999996433156015,0.3444378674030304,0.89046055
cdec_ISB,36.15625_-118.28125,36.15625,-118.28125,2.499998230779733,0.3449704051017761,0.9716053
cdec_ISB,36.15625_-118.34375,36.15625,-118.34375,2.499987449355367,0.29846152663230896,0.6892084
cdec_ISB,36.15625_-118.40625,36.15625,-118.40625,2.499105150404882,0.31023669242858887,0.7446596
cdec_ISB,36.15625_-118.46875,36.15625,-118.46875,2.499860748244229,0.3078106641769409,1.1107517
cdec_ISB,36.15625_-118.53125,36.15625,-118.53125,2.4999944107094665,0.36017751693725586,1.7030463
cdec_ISB,36.15625_-118.59375,36.15625,-118.59375,2.49998903689698,0.37781065702438354,2.1775255
cdec_ISB,36.21875_-118.09375,36.21875,-118.09375,2.499998645075978,0.22668638825416565,0.5406764
cdec_ISB,36.21875_-118.15625,36.21875,-118.15625,2.49995254892843,0.22733727097511292,0.59534657
cdec_ISB,36.21875_-118.21875,36.21875,-118.21875,2.499999747261964,0.3585207164287567,1.0310396
cdec_ISB,36.21875_-118.28125,36.21875,-118.28125,2.4999933813120805,0.316982239484787,0.7908216
cdec_ISB,36.21875_-118.34375,36.21875,-118.34375,2.4999733222372527,0.28005915880203247,0.6700135
cdec_ISB,36.21875_-118.40625,36.21875,-118.40625,2.499986084933429,0.2963905334472656,0.92851585
cdec_ISB,36.21875_-118.46875,36.21875,-118.46875,2.4993957854916857,0.2914201319217682,0.9134145
cdec_ISB,36.21875_-118.53125,36.21875,-118.53125,2.4999963158912735,0.31449705362319946,1.311765
cdec_ISB,36.21875_-118.59375,36.21875,-118.59375,2.4999926305430105,0.38242602348327637,1.6255337
cdec_ISB,36.28125_-118.09375,36.28125,-118.09375,2.499999980398721,0.09426035732030869,0.37068492
cdec_ISB,36.28125_-118.15625,36.28125,-118.15625,2.4999991718594243,0.200059175491333,0.5428423
cdec_ISB,36.28125_-118.21875,36.28125,-118.21875,2.499999944848244,0.2804141938686371,0.80304354
cdec_ISB,36.28125_-118.28125,36.28125,-118.28125,2.499999680669891,0.30520710349082947,0.7682631
cdec_ISB,36.28125_-118.34375,36.28125,-118.34375,2.4999994195248387,0.25360947847366333,0.6673647
cdec_ISB,36.28125_-118.40625,36.28125,-118.40625,2.499998784991779,0.27177515625953674,0.8293802
cdec_ISB,36.28125_-118.46875,36.28125,-118.46875,2.4999476748665113,0.30349111557006836,0.8282546
cdec_ISB,36.28125_-118.53125,36.28125,-118.53125,2.4999653837588296,0.29337278008461,0.99651814
cdec_ISB,36.28125_-118.59375,36.28125,-118.59375,2.4999993499740594,0.3140828311443329,0.9205719
cdec_ISB,36.28125_-118.65625,36.28125,-118.65625,2.499989485987708,0.29343196749687195,1.0724419
cdec_ISB,36.34375_-118.09375,36.34375,-118.09375,2.4999999543477394,0.15532544255256653,0.45452034
cdec_ISB,36.34375_-118.15625,36.34375,-118.15625,2.4999994439649864,0.11426035314798355,0.35871845
cdec_ISB,36.34375_-118.21875,36.34375,-118.21875,2.499999542626357,0.13319526612758636,0.39485428
cdec_ISB,36.34375_-118.28125,36.34375,-118.28125,2.4999999504546397,0.20343194901943207,0.5379445
cdec_ISB,36.34375_-118.34375,36.34375,-118.34375,2.499999733955798,0.26810652017593384,0.6850437
cdec_ISB,36.34375_-118.40625,36.34375,-118.40625,2.4999997769298585,0.27928993105888367,0.7311454
cdec_ISB,36.34375_-118.46875,36.34375,-118.46875,2.4999990765299023,0.184201180934906,0.42278084
cdec_ISB,36.34375_-118.53125,36.34375,-118.53125,2.4999950962111672,0.26520711183547974,0.68878776
cdec_ISB,36.34375_-118.59375,36.34375,-118.59375,2.4999982899737736,0.3037869930267334,0.82239145
cdec_ISB,36.40625_-118.15625,36.40625,-118.15625,2.4999987906051047,0.18218934535980225,0.4202429
cdec_ISB,36.40625_-118.21875,36.40625,-118.21875,2.4999979425368815,0.12958580255508423,0.3597226
cdec_ISB,36.40625_-118.28125,36.40625,-118.28125,2.4999995777999295,0.13562129437923431,0.41161534
cdec_ISB,36.40625_-118.34375,36.40625,-118.34375,2.4999990329024544,0.19343195855617523,0.504358
cdec_ISB,36.40625_-118.40625,36.40625,-118.40625,2.499993739245281,0.2490532547235489,0.6372415
cdec_ISB,36.40625_-118.46875,36.40625,-118.46875,2.49999038351025,0.16319526731967926,0.4079348
cdec_ISB,36.40625_-118.53125,36.40625,-118.53125,2.499550305806304,0.11597633361816406,0.22669429
cdec_ISB,36.40625_-118.59375,36.40625,-118.59375,2.4999795063433785,0.1240236684679985,0.32509404
cdec_ISB,36.46875_-118.21875,36.46875,-118.21875,2.499998432312642,0.1363905370235443,0.2844428
cdec_ISB,36.46875_-118.28125,36.46875,-118.28125,2.4999863219939664,0.11130177229642868,0.29964116
cdec_ISB,36.46875_-118.34375,36.46875,-118.34375,2.499945156924344,0.1346745491027832,0.35142526
cdec_ISB,36.46875_-118.40625,36.46875,-118.40625,2.4999167759768754,0.22745561599731445,0.6001062
cdec_ISB,36.46875_-118.46875,36.46875,-118.46875,2.499957680425428,0.25940829515457153,0.6033104
cdec_ISB,36.46875_-118.53125,36.46875,-118.53125,2.499952660924054,0.10573964565992355,0.24717316
cdec_ISB,36.46875_-118.59375,36.46875,-118.59375,2.49987646141253,0.23804733157157898,0.6382408
cdec_ISB,36.53125_-118.21875,36.53125,-118.21875,2.499999352367206,0.04319526627659798,0.1680795
cdec_ISB,36.53125_-118.28125,36.53125,-118.28125,2.4999275008598882,0.023786982521414757,0.10695275
cdec_ISB,36.53125_-118.34375,36.53125,-118.34375,2.499906117839829,0.09881656616926193,0.3256319
cdec_ISB,36.53125_-118.40625,36.53125,-118.40625,2.4999832410147014,0.15639053285121918,0.4477529
cdec_ISB,36.53125_-118.46875,36.53125,-118.46875,2.499975023216299,0.06289941072463989,0.16037658
cdec_ISB,36.53125_-118.53125,36.53125,-118.53125,2.4996697445049723,0.09562130272388458,0.2052905
cdec_ISB,36.53125_-118.59375,36.53125,-118.59375,2.499986257661031,0.24538461863994598,0.91063535
cdec_ISB,36.59375_-118.28125,36.59375,-118.28125,2.499981625257913,0.015917159616947174,0.11349879
cdec_ISB,36.59375_-118.34375,36.59375,-118.34375,2.499715746173858,0.08857987821102142,0.1965425
cdec_ISB,36.59375_-118.40625,36.59375,-118.40625,2.4999625276652306,0.1547929048538208,0.3831698
cdec_ISB,36.59375_-118.46875,36.59375,-118.46875,2.499968306168942,0.051479291170835495,0.12885803
cdec_ISB,36.59375_-118.53125,36.59375,-118.53125,2.499582878235521,0.03544378653168678,0.1037294
cdec_ISB,36.65625_-118.28125,36.65625,-118.28125,2.49999904895345,0.058816567063331604,0.24855971
cdec_ISB,36.65625_-118.34375,36.65625,-118.34375,2.499755584677557,0.02662721835076809,0.10927415
cdec_ISB,36.65625_-118.40625,36.65625,-118.40625,2.4997981989862215,0.08952663093805313,0.16227548
cdec_ISB,36.65625_-118.46875,36.65625,-118.46875,2.4999620931454514,0.024319525808095932,0.089756474
cdec_ISB,36.71875_-118.34375,36.71875,-118.34375,2.4999706542147355,0.06319526582956314,0.20590597
cdec_ISB,36.71875_-118.40625,36.71875,-118.40625,2.499749966284601,0.06355029344558716,0.15508716
cdec_MIL,36.96875_-119.59375,36.96875,-119.59375,2.499633074846929,0.40278106927871704,0.8926996
cdec_MIL,36.96875_-119.65625,36.96875,-119.65625,2.499756272791005,0.33952662348747253,0.8091801
cdec_MIL,36.96875_-119.71875,36.96875,-119.71875,2.4999267848510036,0.3407100737094879,0.88280624
cdec_MIL,37.03125_-119.34375,37.03125,-119.34375,2.499223107646025,0.32573965191841125,1.5585022
cdec_MIL,37.03125_-119.40625,37.03125,-119.40625,2.498803870274485,0.3721301853656769,1.4049164
cdec_MIL,37.03125_-119.46875,37.03125,-119.46875,2.49898682689519,0.35727810859680176,1.157973
cdec_MIL,37.03125_-119.53125,37.03125,-119.53125,2.499205978517158,0.3709467351436615,1.1099358
cdec_MIL,37.03125_-119.59375,37.03125,-119.59375,2.4998429428087947,0.3713017702102661,0.9755981
cdec_MIL,37.03125_-119.65625,37.03125,-119.65625,2.49943905309338,0.26579880714416504,0.821731
cdec_MIL,37.03125_-119.71875,37.03125,-119.71875,2.4999197229532513,0.41183432936668396,0.8559459
cdec_MIL,37.09375_-118.65625,37.09375,-118.65625,2.4999172239282577,0.01928994059562683,0.082974605
cdec_MIL,37.09375_-118.71875,37.09375,-118.71875,2.49835801855779,0.03911242634057999,0.08829014
cdec_MIL,37.09375_-118.78125,37.09375,-118.78125,2.4983688471363474,0.0959763303399086,0.16125372
cdec_MIL,37.09375_-119.21875,37.09375,-119.21875,2.4998329356413898,0.39639052748680115,1.2889059
cdec_MIL,37.09375_-119.28125,37.09375,-119.28125,2.4998832740818515,0.36869823932647705,1.6320494
cdec_MIL,37.09375_-119.34375,37.09375,-119.34375,2.4996350779755536,0.33520710468292236,1.6587437
cdec_MIL,37.09375_-119.40625,37.09375,-119.40625,2.4995639004286496,0.3210059106349945,1.5318959
cdec_MIL,37.09375_-119.46875,37.09375,-119.46875,2.4994693831735946,0.4042011797428131,1.2970527
cdec_MIL,37.09375_-119.53125,37.09375,-119.53125,2.4993425920379053,0.415976345539093,1.1705376
cdec_MIL,37.09375_-119.59375,37.09375,-119.59375,2.4992610302137934,0.4175739586353302,1.0972741
cdec_MIL,37.09375_-119.65625,37.09375,-119.65625,2.4988531902045166,0.4175148010253906,1.1047907
cdec_MIL,37.09375_-119.71875,37.09375,-119.71875,2.4993561930628196,0.4318934977054596,0.9696893
cdec_MIL,37.15625_-118.65625,37.15625,-118.65625,2.4996433981784847,0.02869822457432747,0.0906823
cdec_MIL,37.15625_-118.71875,37.15625,-118.71875,2.4985976850903304,0.11307692527770996,0.19441666
cdec_MIL,37.15625_-118.78125,37.15625,-118.78125,2.4993238716587003,0.13053254783153534,0.20620811
cdec_MIL,37.15625_-118.84375,37.15625,-118.84375,2.497800891026797,0.18201182782649994,0.28455004
cdec_MIL,37.15625_-118.90625,37.15625,-118.90625,2.499565164911022,0.3245562016963959,0.6811713
cdec_MIL,37.15625_-118.96875,37.15625,-118.96875,2.4997822403237744,0.38360947370529175,0.78607464
cdec_MIL,37.15625_-119.03125,37.15625,-119.03125,2.4999733808368942,0.3361538350582123,0.63872564
cdec_MIL,37.15625_-119.09375,37.15625,-119.09375,2.4985290826833824,0.32147929072380066,0.628943
cdec_MIL,37.15625_-119.15625,37.15625,-119.15625,2.4986631716521126,0.40917161107063293,1.0371357
cdec_MIL,37.15625_-119.21875,37.15625,-119.21875,2.4985407641808077,0.32076922059059143,1.1322808
cdec_MIL,37.15625_-119.28125,37.15625,-119.28125,2.499622568974839,0.3096449673175812,1.5787634
cdec_MIL,37.15625_-119.34375,37.15625,-119.34375,2.4998774655130704,0.3168047368526459,1.4680693
cdec_MIL,37.15625_-119.40625,37.15625,-119.40625,2.498006318024262,0.3268639147281647,1.2293503
cdec_MIL,37.15625_-119.46875,37.15625,-119.46875,2.4979364449645,0.4094082713127136,1.2257528
cdec_MIL,37.15625_-119.53125,37.15625,-119.53125,2.4974355330018883,0.4188757538795471,1.2236902
cdec_MIL,37.15625_-119.59375,37.15625,-119.59375,2.4994945839452374,0.41301774978637695,1.2281818
cdec_MIL,37.15625_-119.65625,37.15625,-119.65625,2.4984783910611874,0.4059171676635742,1.1790471
cdec_MIL,37.15625_-119.71875,37.15625,-119.71875,2.498577760001218,0.4102366864681244,1.110383
cdec_MIL,37.21875_-118.65625,37.21875,-118.65625,2.4999804966228325,0.05414201319217682,0.14358315
cdec_MIL,37.21875_-118.71875,37.21875,-118.71875,2.498573695337062,0.11142011731863022,0.1476597
cdec_MIL,37.21875_-118.78125,37.21875,-118.78125,2.498618203658441,0.12911242246627808,0.23327428
cdec_MIL,37.21875_-118.84375,37.21875,-118.84375,2.4986932068574377,0.20094674825668335,0.39042947
cdec_MIL,37.21875_-118.90625,37.21875,-118.90625,2.49993171993966,0.21491123735904694,0.44229534
cdec_MIL,37.21875_-118.96875,37.21875,-118.96875,2.4999704853676734,0.33094674348831177,0.66128856
cdec_MIL,37.21875_-119.03125,37.21875,-119.03125,2.4997526553298073,0.3637869954109192,0.6980079
cdec_MIL,37.21875_-119.09375,37.21875,-119.09375,2.4998434856768625,0.3552071154117584,0.7419015
cdec_MIL,37.21875_-119.15625,37.21875,-119.15625,2.4978731034919663,0.3357396423816681,0.97606605
cdec_MIL,37.21875_-119.21875,37.21875,-119.21875,2.4995347860597357,0.3256804645061493,1.2868499
cdec_MIL,37.21875_-119.28125,37.21875,-119.28125,2.499827003501816,0.328934907913208,1.3526933
cdec_MIL,37.21875_-119.34375,37.21875,-119.34375,2.4981524178405072,0.3066864013671875,1.3410163
cdec_MIL,37.21875_-119.40625,37.21875,-119.40625,2.4996143319919666,0.34278106689453125,1.8711551
cdec_MIL,37.21875_-119.46875,37.21875,-119.46875,2.4976402421077535,0.35130178928375244,1.6129347
cdec_MIL,37.21875_-119.53125,37.21875,-119.53125,2.4985457088382925,0.3701775074005127,1.4039017
cdec_MIL,37.21875_-119.59375,37.21875,-119.59375,2.4978872801910295,0.4224260449409485,1.4209018
cdec_MIL,37.21875_-119.65625,37.21875,-119.65625,2.49816970302506,0.41165679693222046,1.3684465
cdec_MIL,37.28125_-118.65625,37.28125,-118.65625,2.4999677224417303,0.08704142272472382,0.1604181
cdec_MIL,37.28125_-118.71875,37.28125,-118.71875,2.49934335900087,0.11982248723506927,0.15709408
cdec_MIL,37.28125_-118.78125,37.28125,-118.78125,2.499477150244081,0.12923076748847961,0.25349206
cdec_MIL,37.28125_-118.84375,37.28125,-118.84375,2.497837521914274,0.12011834233999252,0.17719974
cdec_MIL,37.28125_-118.90625,37.28125,-118.90625,2.4996583862291892,0.23461538553237915,0.47996488
cdec_MIL,37.28125_-118.96875,37.28125,-118.96875,2.4997527567563806,0.27295857667922974,0.5881209
cdec_MIL,37.28125_-119.03125,37.28125,-119.03125,2.499987670670207,0.31917160749435425,0.7285975
cdec_MIL,37.28125_-119.09375,37.28125,-119.09375,2.499950874738512,0.3721301853656769,0.793547
cdec_MIL,37.28125_-119.15625,37.28125,-119.15625,2.4997033151511783,0.33059170842170715,0.87159455
cdec_MIL,37.28125_-119.21875,37.28125,-119.21875,2.4995265166710867,0.31899407505989075,0.90426326
cdec_MIL,37.28125_-119.28125,37.28125,-119.28125,2.4999903079212293,0.3537278175354004,1.3570652
cdec_MIL,37.28125_-119.34375,37.28125,-119.34375,2.499661555415287,0.32497042417526245,1.6272221
cdec_MIL,37.28125_-119.40625,37.28125,-119.40625,2.4999970764300485,0.3697633147239685,1.8729832
cdec_MIL,37.28125_-119.46875,37.28125,-119.46875,2.4999408283953417,0.40544378757476807,1.8038417
cdec_MIL,37.28125_-119.53125,37.28125,-119.53125,2.4997593003254934,0.4273964464664459,1.9337761
cdec_MIL,37.28125_-119.59375,37.28125,-119.59375,2.4981725923473315,0.43183431029319763,1.9416224
cdec_MIL,37.28125_-119.65625,37.28125,-119.65625,2.4940449314604525,0.3971005976200104,1.4918766
cdec_MIL,37.34375_-118.71875,37.34375,-118.71875,2.499922274412164,0.06207100674510002,0.1552819
cdec_MIL,37.34375_-118.78125,37.34375,-118.78125,2.49946151092658,0.017869822680950165,0.08030797
cdec_MIL,37.34375_-118.84375,37.34375,-118.84375,2.4976638151305393,0.09721893817186356,0.19684058
cdec_MIL,37.34375_-118.90625,37.34375,-118.90625,2.499139234197444,0.25532543659210205,0.4608028
cdec_MIL,37.34375_-118.96875,37.34375,-118.96875,2.499471532977445,0.3040236830711365,0.76232094
cdec_MIL,37.34375_-119.03125,37.34375,-119.03125,2.4998316982665614,0.26869821548461914,0.79703134
cdec_MIL,37.34375_-119.09375,37.34375,-119.09375,2.4999804190157184,0.31804734468460083,0.89733225
cdec_MIL,37.34375_-119.15625,37.34375,-119.15625,2.49980936333214,0.35325443744659424,1.0897753
cdec_MIL,37.34375_-119.21875,37.34375,-119.21875,2.49979444725194,0.3478698134422302,1.2130803
cdec_MIL,37.34375_-119.28125,37.34375,-119.28125,2.4998756846564913,0.29846152663230896,1.2253597
cdec_MIL,37.34375_-119.34375,37.34375,-119.34375,2.499804192780842,0.27213019132614136,1.314592
cdec_MIL,37.34375_-119.40625,37.34375,-119.40625,2.4999848737853734,0.2917751371860504,1.2328107
cdec_MIL,37.34375_-119.46875,37.34375,-119.46875,2.499677956502568,0.39964497089385986,1.6406976
cdec_MIL,37.34375_-119.53125,37.34375,-119.53125,2.499875824426131,0.44491124153137207,2.1185226
cdec_MIL,37.34375_-119.59375,37.34375,-119.59375,2.4973654127182554,0.38745561242103577,1.752579
cdec_MIL,37.40625_-118.78125,37.40625,-118.78125,2.4996230794014043,0.06408283859491348,0.13242532
cdec_MIL,37.40625_-118.84375,37.40625,-118.84375,2.4991368042210294,0.10822485387325287,0.29769576
cdec_MIL,37.40625_-118.90625,37.40625,-118.90625,2.499183376457596,0.28023669123649597,0.5325241
cdec_MIL,37.40625_-118.96875,37.40625,-118.96875,2.499686984096339,0.3218343257904053,0.8613896
cdec_MIL,37.40625_-119.03125,37.40625,-119.03125,2.499904363531688,0.34662720561027527,0.96011806
cdec_MIL,37.40625_-119.09375,37.40625,-119.09375,2.4997770560904535,0.3362721800804138,1.0820124
cdec_MIL,37.40625_-119.15625,37.40625,-119.15625,2.4999640370830236,0.3105917274951935,1.0104111
cdec_MIL,37.40625_-119.21875,37.40625,-119.21875,2.4999393610468674,0.3241420090198517,1.1825867
cdec_MIL,37.40625_-119.28125,37.40625,-119.28125,2.499685201670639,0.2713017761707306,1.1390887
cdec_MIL,37.40625_-119.34375,37.40625,-119.34375,2.4998205507477254,0.31958580017089844,1.2814019
cdec_MIL,37.40625_-119.40625,37.40625,-119.40625,2.499996407431955,0.3432544469833374,1.4851586
cdec_MIL,37.40625_-119.46875,37.40625,-119.46875,2.4997486319923077,0.33579882979393005,0.8897335
cdec_MIL,37.40625_-119.53125,37.40625,-119.53125,2.499977996480331,0.4862130284309387,2.0662568
cdec_MIL,37.40625_-119.59375,37.40625,-119.59375,2.4999647504728792,0.42402365803718567,2.313842
cdec_MIL,37.46875_-118.78125,37.46875,-118.78125,2.499845613964599,0.12065088748931885,0.24182606
cdec_MIL,37.46875_-118.84375,37.46875,-118.84375,2.4989256347577813,0.10763313621282578,0.18683775
cdec_MIL,37.46875_-118.90625,37.46875,-118.90625,2.497953645476721,0.1209467425942421,0.19619672
cdec_MIL,37.46875_-118.96875,37.46875,-118.96875,2.4989895458865163,0.2014201134443283,0.32845175
cdec_MIL,37.46875_-119.03125,37.46875,-119.03125,2.4979154705303017,0.15988165140151978,0.2775416
cdec_MIL,37.46875_-119.09375,37.46875,-119.09375,2.499444602625362,0.3689940869808197,0.92767125
cdec_MIL,37.46875_-119.15625,37.46875,-119.15625,2.4999504090026456,0.34526628255844116,1.34087
cdec_MIL,37.46875_-119.21875,37.46875,-119.21875,2.4995801119864107,0.2653254568576813,0.83754677
cdec_MIL,37.46875_-119.28125,37.46875,-119.28125,2.499969483079143,0.31106507778167725,0.9820639
cdec_MIL,37.46875_-119.34375,37.46875,-119.34375,2.499554083235922,0.33390533924102783,1.1013998
cdec_MIL,37.46875_-119.40625,37.46875,-119.40625,2.499963750421945,0.36698225140571594,1.240181
cdec_MIL,37.46875_-119.46875,37.46875,-119.46875,2.4999277073402144,0.39698225259780884,1.0389456
cdec_MIL,37.46875_-119.53125,37.46875,-119.53125,2.4999306067515104,0.43680474162101746,1.3854588
cdec_MIL,37.46875_-119.59375,37.46875,-119.59375,2.499986377496773,0.4308875799179077,2.216755
cdec_MIL,37.53125_-118.84375,37.53125,-118.84375,2.499815786803878,0.09840236604213715,0.21269602
cdec_MIL,37.53125_-118.90625,37.53125,-118.90625,2.4996626451489274,0.1108875721693039,0.14996575
cdec_MIL,37.53125_-118.96875,37.53125,-118.96875,2.497918547503584,0.2262130230665207,0.3525995
cdec_MIL,37.53125_-119.03125,37.53125,-119.03125,2.4995061873574134,0.33230769634246826,0.6700952
cdec_MIL,37.53125_-119.09375,37.53125,-119.09375,2.499888293673587,0.3569822609424591,0.8412686
cdec_MIL,37.53125_-119.15625,37.53125,-119.15625,2.4999399028760623,0.3292899429798126,1.14257
cdec_MIL,37.53125_-119.21875,37.53125,-119.21875,2.49997281163781,0.33076924085617065,1.0670663
cdec_MIL,37.53125_-119.28125,37.53125,-119.28125,2.499868131620483,0.32692307233810425,0.98071074
cdec_MIL,37.53125_-119.34375,37.53125,-119.34375,2.499780307993124,0.2503550350666046,0.6009196
cdec_MIL,37.53125_-119.40625,37.53125,-119.40625,2.4992039841432954,0.30000001192092896,0.74168473
cdec_MIL,37.53125_-119.46875,37.53125,-119.46875,2.4998904525538874,0.38130176067352295,0.8484126
cdec_MIL,37.59375_-118.96875,37.59375,-118.96875,2.4999253359436118,0.2605917155742645,0.52035433
cdec_MIL,37.59375_-119.03125,37.59375,-119.03125,2.498385692027113,0.30852070450782776,0.57325447
cdec_MIL,37.59375_-119.09375,37.59375,-119.09375,2.4990844600831537,0.316982239484787,0.61721766
cdec_MIL,37.59375_-119.15625,37.59375,-119.15625,2.498766633060148,0.27124258875846863,0.5784552
cdec_MIL,37.59375_-119.21875,37.59375,-119.21875,2.4989997400226143,0.33153846859931946,0.79736996
cdec_MIL,37.59375_-119.28125,37.59375,-119.28125,2.4995563491093753,0.2991715967655182,0.64511156
cdec_MIL,37.59375_-119.34375,37.59375,-119.34375,2.499393393498263,0.19585798680782318,0.32419956
cdec_MIL,37.59375_-119.40625,37.59375,-119.40625,2.4962440205209915,0.21834319829940796,0.33236757
cdec_MIL,37.65625_-119.03125,37.65625,-119.03125,2.4999787998114895,0.2940828502178192,0.72860765
cdec_MIL,37.65625_-119.09375,37.65625,-119.09375,2.499570913616952,0.3438461422920227,0.68461466
cdec_MIL,37.65625_-119.15625,37.65625,-119.15625,2.4997531720780044,0.17071005702018738,0.2106235
cdec_MIL,37.65625_-119.21875,37.65625,-119.21875,2.4986081494098125,0.15508875250816345,0.24864343
cdec_MIL,37.65625_-119.28125,37.65625,-119.28125,2.4989004580283556,0.1623668670654297,0.21821204
cdec_MIL,37.65625_-119.34375,37.65625,-119.34375,2.4989632603762217,0.15804733335971832,0.22322355
cdec_MIL,37.71875_-119.09375,37.71875,-119.09375,2.499685665206422,0.2637869715690613,0.4708504
cdec_MIL,37.71875_-119.15625,37.71875,-119.15625,2.4997668007786453,0.2366272211074829,0.27473798
cdec_MIL,37.71875_-119.21875,37.71875,-119.21875,2.4996661552243573,0.10118342936038971,0.13185787
cdec_MIL,37.71875_-119.28125,37.71875,-119.28125,2.4972347983766428,0.04289940744638443,0.09242787
cdec_MKM,38.28125_-120.28125,38.28125,-120.28125,2.4999918560408387,0.48059171438217163,2.5738482
cdec_MKM,38.28125_-120.34375,38.28125,-120.34375,2.4999677298351997,0.48035502433776855,2.4614704
cdec_MKM,38.28125_-120.40625,38.28125,-120.40625,2.4994083953937274,0.5075739622116089,2.1351912
cdec_MKM,38.28125_-120.65625,38.28125,-120.65625,2.4927950530174474,0.3823668658733368,1.5396265
cdec_MKM,38.28125_-120.71875,38.28125,-120.71875,2.4977109856467647,0.4260946810245514,1.4265928
cdec_MKM,38.34375_-120.21875,38.34375,-120.21875,2.49998982585967,0.45662721991539,1.9717127
cdec_MKM,38.34375_-120.28125,38.34375,-120.28125,2.4999881352892857,0.48479288816452026,2.0783732
cdec_MKM,38.34375_-120.34375,38.34375,-120.34375,2.4999946172389267,0.5624852180480957,2.7107675
cdec_MKM,38.34375_-120.40625,38.34375,-120.40625,2.4999443947004565,0.5824260115623474,2.7787566
cdec_MKM,38.34375_-120.46875,38.34375,-120.46875,2.49908572146556,0.49390533566474915,2.0379653
cdec_MKM,38.34375_-120.53125,38.34375,-120.53125,2.4984537482491675,0.46473371982574463,2.0450664
cdec_MKM,38.34375_-120.59375,38.34375,-120.59375,2.496976798000457,0.41183432936668396,1.9824749
cdec_MKM,38.34375_-120.65625,38.34375,-120.65625,2.4862128182224135,0.36017751693725586,1.5613662
cdec_MKM,38.34375_-120.71875,38.34375,-120.71875,2.490294791213724,0.4085206985473633,1.5437162
cdec_MKM,38.40625_-120.15625,38.40625,-120.15625,2.499989685997984,0.44207102060317993,1.476958
cdec_MKM,38.40625_-120.21875,38.40625,-120.21875,2.4999940013924276,0.46792900562286377,1.7864678
cdec_MKM,38.40625_-120.28125,38.40625,-120.28125,2.49999497701021,0.5013017654418945,2.164998
cdec_MKM,38.40625_-120.34375,38.40625,-120.34375,2.4999986584352243,0.5460355281829834,2.5019429
cdec_MKM,38.40625_-120.40625,38.40625,-120.40625,2.4998253487955013,0.5407100319862366,2.4527228
cdec_MKM,38.40625_-120.46875,38.40625,-120.46875,2.4993994152898815,0.4740236699581146,2.2033012
cdec_MKM,38.40625_-120.53125,38.40625,-120.53125,2.48851047509679,0.4427219033241272,2.0827372
cdec_MKM,38.40625_-120.59375,38.40625,-120.59375,2.4965335065258007,0.4831360876560211,2.150943
cdec_MKM,38.40625_-120.65625,38.40625,-120.65625,2.4998064535898954,0.42520710825920105,2.31316
cdec_MKM,38.46875_-119.78125,38.46875,-119.78125,2.498542963720034,0.31165680289268494,0.59377897
cdec_MKM,38.46875_-119.84375,38.46875,-119.84375,2.4923549556437345,0.3062721788883209,0.56553006
cdec_MKM,38.46875_-119.90625,38.46875,-119.90625,2.4970046588725943,0.28218933939933777,0.51501566
cdec_MKM,38.46875_-120.03125,38.46875,-120.03125,2.4975550558287454,0.354082852602005,0.7285589
cdec_MKM,38.46875_-120.09375,38.46875,-120.09375,2.4999121792997245,0.39733728766441345,0.9831986
cdec_MKM,38.46875_-120.15625,38.46875,-120.15625,2.4999930964678936,0.44550296664237976,1.3505068
cdec_MKM,38.46875_-120.21875,38.46875,-120.21875,2.499994590540405,0.47124260663986206,1.7596909
cdec_MKM,38.46875_-120.28125,38.46875,-120.28125,2.499852860599687,0.4930769205093384,2.0057378
cdec_MKM,38.46875_-120.34375,38.46875,-120.34375,2.499698448672741,0.5443786978721619,2.3281584
cdec_MKM,38.46875_-120.40625,38.46875,-120.40625,2.4998612975289705,0.5536686182022095,2.7177973
cdec_MKM,38.46875_-120.46875,38.46875,-120.46875,2.4998310458682997,0.5519526600837708,2.695722
cdec_MKM,38.46875_-120.53125,38.46875,-120.53125,2.499992053848628,0.44130176305770874,2.62163
cdec_MKM,38.53125_-119.78125,38.53125,-119.78125,2.4957057301005348,0.2824852168560028,0.5217712
cdec_MKM,38.53125_-119.84375,38.53125,-119.84375,2.4980810168134244,0.309171587228775,0.6154244
cdec_MKM,38.53125_-119.90625,38.53125,-119.90625,2.4977899747524086,0.3500591814517975,0.78047353
cdec_MKM,38.53125_-119.96875,38.53125,-119.96875,2.499814810321415,0.34449705481529236,0.6241349
cdec_MKM,38.53125_-120.03125,38.53125,-120.03125,2.4998927091467227,0.375029593706131,0.87467813
cdec_MKM,38.53125_-120.09375,38.53125,-120.09375,2.499807556419613,0.3140828311443329,0.847214
cdec_MKM,38.53125_-120.15625,38.53125,-120.15625,2.4995958104572646,0.3902958631515503,1.0772175
cdec_MKM,38.53125_-120.21875,38.53125,-120.21875,2.4999047999533337,0.4017159640789032,1.2282064
cdec_MKM,38.53125_-120.28125,38.53125,-120.28125,2.4999722738152377,0.4345562160015106,1.4052664
cdec_MKM,38.53125_-120.34375,38.53125,-120.34375,2.4999982781625567,0.5142603516578674,2.097227
cdec_MKM,38.53125_-120.40625,38.53125,-120.40625,2.4999998863025077,0.5237869620323181,2.497622
cdec_MKM,38.53125_-120.46875,38.53125,-120.46875,2.499995595624903,0.5042011737823486,2.8218453
cdec_MKM,38.53125_-120.53125,38.53125,-120.53125,2.4999921245921426,0.5265088677406311,2.8666446
cdec_MKM,38.59375_-119.84375,38.59375,-119.84375,2.494883695798685,0.25029584765434265,0.4245221
cdec_MKM,38.59375_-119.90625,38.59375,-119.90625,2.4997284797890194,0.33603549003601074,0.728317
cdec_MKM,38.59375_-119.96875,38.59375,-119.96875,2.494309616356497,0.2662721872329712,0.50443953
cdec_MKM,38.59375_-120.03125,38.59375,-120.03125,2.498219188718271,0.2840236723423004,0.54417294
cdec_MKM,38.59375_-120.09375,38.59375,-120.09375,2.4957694399471437,0.26573964953422546,0.46721667
cdec_MKM,38.59375_-120.15625,38.59375,-120.15625,2.4944932212629367,0.24887573719024658,0.44766393
cdec_MKM,38.59375_-120.21875,38.59375,-120.21875,2.499948130575641,0.3766863942146301,0.99213415
cdec_MKM,38.59375_-120.28125,38.59375,-120.28125,2.4999967513604124,0.4530177414417267,1.5698949
cdec_MKM,38.65625_-119.90625,38.65625,-119.90625,2.4980956390476505,0.28999999165534973,0.481123
cdec_MKM,38.65625_-119.96875,38.65625,-119.96875,2.4980240689097233,0.2530769109725952,0.46622092
cdec_MKM,38.65625_-120.03125,38.65625,-120.03125,2.492532322989963,0.24254438281059265,0.40972182
cdec_MKM,38.65625_-120.09375,38.65625,-120.09375,2.4941642918199656,0.27603551745414734,0.5490117
cdec_MKM,38.65625_-120.15625,38.65625,-120.15625,2.498624999869559,0.2800000011920929,0.74549997
cdec_MKM,38.65625_-120.21875,38.65625,-120.21875,2.4999990381412953,0.3163905441761017,1.3234475
cdec_MRC,37.46875_-119.46875,37.46875,-119.46875,2.4999277073402144,0.39698225259780884,1.0389456
cdec_MRC,37.46875_-119.53125,37.46875,-119.53125,2.4999306067515104,0.43680474162101746,1.3854588
cdec_MRC,37.46875_-119.59375,37.46875,-119.59375,2.499986377496773,0.4308875799179077,2.216755
cdec_MRC,37.46875_-119.65625,37.46875,-119.65625,2.4999982739466446,0.4715384542942047,2.5993972
cdec_MRC,37.46875_-119.71875,37.46875,-119.71875,2.4999506182226354,0.4502958655357361,2.350405
cdec_MRC,37.53125_-119.40625,37.53125,-119.40625,2.4992039841432954,0.30000001192092896,0.74168473
cdec_MRC,37.53125_-119.46875,37.53125,-119.46875,2.4998904525538874,0.38130176067352295,0.8484126
cdec_MRC,37.53125_-119.53125,37.53125,-119.53125,2.4998459335807706,0.35958579182624817,1.1226006
cdec_MRC,37.53125_-119.59375,37.53125,-119.59375,2.4999094533860626,0.37952661514282227,1.8495194
cdec_MRC,37.53125_-119.65625,37.53125,-119.65625,2.499407553498971,0.45786982774734497,2.2157993
cdec_MRC,37.53125_-119.71875,37.53125,-119.71875,2.4999502986094106,0.386982262134552,2.1739168
cdec_MRC,37.53125_-119.78125,37.53125,-119.78125,2.499488833175966,0.3852662742137909,2.067586
cdec_MRC,37.53125_-119.84375,37.53125,-119.84375,2.492527299694058,0.303846150636673,2.040947
cdec_MRC,37.53125_-119.90625,37.53125,-119.90625,2.4880030923575216,0.3227810561656952,1.7886566
cdec_MRC,37.53125_-119.96875,37.53125,-119.96875,2.4942336018973332,0.38230767846107483,1.3921607
cdec_MRC,37.53125_-120.03125,37.53125,-120.03125,2.49681160622234,0.3291715979576111,1.1788218
cdec_MRC,37.53125_-120.09375,37.53125,-120.09375,2.499303622628668,0.34899407625198364,1.141202
cdec_MRC,37.53125_-120.15625,37.53125,-120.15625,2.4992164496388956,0.38905325531959534,0.94421786
cdec_MRC,37.53125_-120.21875,37.53125,-120.21875,2.4993396938137287,0.4201183319091797,0.86335886
cdec_MRC,37.53125_-120.28125,37.53125,-120.28125,2.4998931642127538,0.4086982309818268,0.8195237
cdec_MRC,37.59375_-119.34375,37.59375,-119.34375,2.499393393498263,0.19585798680782318,0.32419956
cdec_MRC,37.59375_-119.40625,37.59375,-119.40625,2.4962440205209915,0.21834319829940796,0.33236757
cdec_MRC,37.59375_-119.46875,37.59375,-119.46875,2.498639322787032,0.2583431899547577,0.46251866
cdec_MRC,37.59375_-119.53125,37.59375,-119.53125,2.498899592790462,0.27005916833877563,0.6037368
cdec_MRC,37.59375_-119.59375,37.59375,-119.59375,2.4996153327160755,0.3599408268928528,1.0073057
cdec_MRC,37.59375_-119.65625,37.59375,-119.65625,2.499998215346481,0.4937869906425476,2.0394962
cdec_MRC,37.59375_-119.71875,37.59375,-119.71875,2.4998859684953594,0.3751479387283325,1.8323164
cdec_MRC,37.59375_-119.78125,37.59375,-119.78125,2.4995720768924974,0.3533727824687958,1.5881735
cdec_MRC,37.59375_-119.84375,37.59375,-119.84375,2.4996595917492286,0.34816569089889526,1.9501561
cdec_MRC,37.59375_-119.90625,37.59375,-119.90625,2.495604693365798,0.3566272258758545,1.726815
cdec_MRC,37.59375_-119.96875,37.59375,-119.96875,2.496806520264442,0.3471597731113434,1.097485
cdec_MRC,37.59375_-120.03125,37.59375,-120.03125,2.4993707272989827,0.34088757634162903,1.0654464
cdec_MRC,37.59375_-120.09375,37.59375,-120.09375,2.499829755897855,0.3229585886001587,1.055711
cdec_MRC,37.59375_-120.15625,37.59375,-120.15625,2.4996837288391927,0.3098224997520447,0.9718333
cdec_MRC,37.59375_-120.21875,37.59375,-120.21875,2.499048248148947,0.3592899441719055,0.95761883
cdec_MRC,37.59375_-120.28125,37.59375,-120.28125,2.499307118363303,0.31455621123313904,0.78445
cdec_MRC,37.65625_-119.28125,37.65625,-119.28125,2.4989004580283556,0.1623668670654297,0.21821204
cdec_MRC,37.65625_-119.34375,37.65625,-119.34375,2.4989632603762217,0.15804733335971832,0.22322355
cdec_MRC,37.65625_-119.40625,37.65625,-119.40625,2.4927687483902385,0.11053254455327988,0.19283086
cdec_MRC,37.65625_-119.46875,37.65625,-119.46875,2.4990617413329836,0.31431952118873596,0.7720174
cdec_MRC,37.65625_-119.53125,37.65625,-119.53125,2.499891326206419,0.3190532624721527,0.77500826
cdec_MRC,37.65625_-119.59375,37.65625,-119.59375,2.499944303259741,0.3655029535293579,1.0122432
cdec_MRC,37.65625_-119.65625,37.65625,-119.65625,2.499957988627619,0.4453846216201782,1.4828845
cdec_MRC,37.65625_-119.71875,37.65625,-119.71875,2.499946051775454,0.3887574076652527,1.9316374
cdec_MRC,37.65625_-119.78125,37.65625,-119.78125,2.4994986075897527,0.35147929191589355,1.5756124
cdec_MRC,37.65625_-119.84375,37.65625,-119.84375,2.4980233990232783,0.3291715979576111,1.2626147
cdec_MRC,37.65625_-119.90625,37.65625,-119.90625,2.4994035443209675,0.32727810740470886,1.1709238
cdec_MRC,37.65625_-119.96875,37.65625,-119.96875,2.4977172318004675,0.40218934416770935,1.1732845
cdec_MRC,37.65625_-120.03125,37.65625,-120.03125,2.494373620674745,0.4036686420440674,1.067681
cdec_MRC,37.65625_-120.09375,37.65625,-120.09375,2.4982696890235725,0.3722485303878784,1.0890235
cdec_MRC,37.65625_-120.15625,37.65625,-120.15625,2.495352785209853,0.3199999928474426,0.96582866
cdec_MRC,37.65625_-120.21875,37.65625,-120.21875,2.4992735159668604,0.3284023702144623,0.89161557
cdec_MRC,37.65625_-120.28125,37.65625,-120.28125,2.4992812630710164,0.31917160749435425,0.87691545
cdec_MRC,37.65625_-120.34375,37.65625,-120.34375,2.4991277209834473,0.32366862893104553,0.7653781
cdec_MRC,37.71875_-119.28125,37.71875,-119.28125,2.4972347983766428,0.04289940744638443,0.09242787
cdec_MRC,37.71875_-119.34375,37.71875,-119.34375,2.4978192725154402,0.18005916476249695,0.31418443
cdec_MRC,37.71875_-119.40625,37.71875,-119.40625,2.4997290143627326,0.22644969820976257,0.44679365
cdec_MRC,37.71875_-119.46875,37.71875,-119.46875,2.499328144767901,0.2826627194881439,0.6155209
cdec_MRC,37.71875_-119.53125,37.71875,-119.53125,2.4999564262717353,0.345976322889328,0.86689216
cdec_MRC,37.71875_-119.59375,37.71875,-119.59375,2.499998104565,0.3651479184627533,1.1311091
cdec_MRC,37.71875_-119.65625,37.71875,-119.65625,2.4999956139859423,0.3866272270679474,1.3431263
cdec_MRC,37.71875_-119.71875,37.71875,-119.71875,2.499981596029497,0.3951479196548462,1.3757483
cdec_MRC,37.71875_-119.78125,37.71875,-119.78125,2.499619102695519,0.38325443863868713,1.627957
cdec_MRC,37.71875_-119.84375,37.71875,-119.84375,2.4988225809928855,0.4243786931037903,2.000061
cdec_MRC,37.71875_-119.90625,37.71875,-119.90625,2.491260074698248,0.3718934953212738,1.6008974
cdec_MRC,37.71875_-119.96875,37.71875,-119.96875,2.49867754317113,0.46562129259109497,1.8406016
cdec_MRC,37.71875_-120.03125,37.71875,-120.03125,2.496124261897807,0.46715977787971497,1.4765534
cdec_MRC,37.71875_-120.09375,37.71875,-120.09375,2.4997913067104345,0.45059171319007874,1.49545
cdec_MRC,37.71875_-120.15625,37.71875,-120.15625,2.4954635962441007,0.4324851930141449,1.4570773
cdec_MRC,37.71875_-120.21875,37.71875,-120.21875,2.497985631923453,0.4278106391429901,1.1282659
cdec_MRC,37.71875_-120.28125,37.71875,-120.28125,2.499254131777344,0.439289927482605,1.0384601
cdec_MRC,37.71875_-120.34375,37.71875,-120.34375,2.4986934417002047,0.327751487493515,0.8946752
cdec_MRC,37.78125_-119.28125,37.78125,-119.28125,2.4992190686432894,0.1460946798324585,0.22676516
cdec_MRC,37.78125_-119.34375,37.78125,-119.34375,2.495947797041868,0.1569230705499649,0.21755967
cdec_MRC,37.78125_-119.40625,37.78125,-119.40625,2.496636693638743,0.2426627278327942,0.34339353
cdec_MRC,37.78125_-119.46875,37.78125,-119.46875,2.497530172197298,0.2641420066356659,0.45774624
cdec_MRC,37.78125_-119.53125,37.78125,-119.53125,2.4998724531810237,0.33579882979393005,0.789818
cdec_MRC,37.78125_-119.59375,37.78125,-119.59375,2.4998497983688424,0.3701183497905731,0.8198876
cdec_MRC,37.78125_-119.65625,37.78125,-119.65625,2.4992202020281002,0.3318343162536621,0.7022689
cdec_MRC,37.78125_-119.71875,37.78125,-119.71875,2.4997820938675845,0.3858579993247986,0.9942055
cdec_MRC,37.78125_-119.78125,37.78125,-119.78125,2.4999533508682736,0.40041419863700867,1.6660738
cdec_MRC,37.78125_-119.84375,37.78125,-119.84375,2.499623740788258,0.3960946798324585,2.0976837
cdec_MRC,37.78125_-119.90625,37.78125,-119.90625,2.4988503684156074,0.3914792835712433,2.1305215
cdec_MRC,37.78125_-119.96875,37.78125,-119.96875,2.4996139458734206,0.41899406909942627,2.215863
cdec_MRC,37.78125_-120.03125,37.78125,-120.03125,2.4979616821247443,0.46739643812179565,1.7758132
cdec_MRC,37.78125_-120.09375,37.78125,-120.09375,2.4998955247343795,0.4326627254486084,1.609646
cdec_MRC,37.78125_-120.15625,37.78125,-120.15625,2.4980817061707485,0.4562721848487854,1.8220307
cdec_MRC,37.78125_-120.21875,37.78125,-120.21875,2.4906708928550882,0.4508875608444214,1.4137285
cdec_MRC,37.84375_-119.34375,37.84375,-119.34375,2.499713997744815,0.26751479506492615,0.50064576
cdec_MRC,37.84375_-119.40625,37.84375,-119.40625,2.49917221390556,0.24319526553153992,0.3883451
cdec_MRC,37.84375_-119.46875,37.84375,-119.46875,2.498778735444254,0.23656804859638214,0.35019273
cdec_MRC,37.84375_-119.53125,37.84375,-119.53125,2.495742678359803,0.2271597683429718,0.44542456
cdec_MRC,37.84375_-119.59375,37.84375,-119.59375,2.4987308501233185,0.3442011773586273,0.81418365
cdec_MRC,37.84375_-119.65625,37.84375,-119.65625,2.499734015857592,0.3585207164287567,0.8102599
cdec_MRC,37.84375_-120.03125,37.84375,-120.03125,2.497948939993825,0.3480473458766937,1.3702224
cdec_MRC,37.84375_-120.09375,37.84375,-120.09375,2.4968954895775797,0.34603551030158997,1.2318128
cdec_MRC,37.90625_-119.53125,37.90625,-119.53125,2.4999749518008274,0.23692308366298676,0.48946267
cdec_MRC,37.90625_-119.59375,37.90625,-119.59375,2.499996172319287,0.3109467327594757,0.7573519
cdec_NHG,38.03125_-120.59375,38.03125,-120.59375,2.499787359896641,0.3860355019569397,1.2608882
cdec_NHG,38.03125_-120.65625,38.03125,-120.65625,2.4984049944268305,0.4236094653606415,1.1965009
cdec_NHG,38.03125_-120.71875,38.03125,-120.71875,2.4997975107502537,0.30000001192092896,0.97370803
cdec_NHG,38.03125_-120.78125,38.03125,-120.78125,2.499996943419721,0.4300000071525574,1.0357913
cdec_NHG,38.09375_-120.46875,38.09375,-120.46875,2.492373657304446,0.40136095881462097,1.3919041
cdec_NHG,38.09375_-120.53125,38.09375,-120.53125,2.493742930688761,0.37721893191337585,1.3979094
cdec_NHG,38.09375_-120.59375,38.09375,-120.59375,2.4984898085285683,0.42189347743988037,1.3185859
cdec_NHG,38.09375_-120.65625,38.09375,-120.65625,2.4998454491800266,0.45035502314567566,1.2228218
cdec_NHG,38.09375_-120.71875,38.09375,-120.71875,2.498440628067816,0.44260355830192566,1.1531464
cdec_NHG,38.09375_-120.78125,38.09375,-120.78125,2.4999506119830333,0.38999998569488525,1.1815174
cdec_NHG,38.09375_-120.84375,38.09375,-120.84375,2.4999971231394653,0.3100000023841858,1.1068486
cdec_NHG,38.15625_-120.34375,38.15625,-120.34375,2.497738161553997,0.4746745526790619,1.6667325
cdec_NHG,38.15625_-120.40625,38.15625,-120.40625,2.498443393384574,0.44781064987182617,1.7195325
cdec_NHG,38.15625_-120.46875,38.15625,-120.46875,2.495445198089687,0.4289940893650055,1.7378992
cdec_NHG,38.15625_-120.53125,38.15625,-120.53125,2.4945435767319033,0.4250887632369995,1.5817558
cdec_NHG,38.15625_-120.59375,38.15625,-120.59375,2.495136611810925,0.4305325448513031,1.4147342
cdec_NHG,38.15625_-120.65625,38.15625,-120.65625,2.4997215906754224,0.41224852204322815,1.207745
cdec_NHG,38.15625_-120.71875,38.15625,-120.71875,2.4997982187563084,0.4443195164203644,1.3599148
cdec_NHG,38.15625_-120.78125,38.15625,-120.78125,2.498451335769354,0.2956213057041168,0.91638964
cdec_NHG,38.15625_-120.84375,38.15625,-120.84375,2.4984524895316325,0.29224851727485657,1.0021203
cdec_NHG,38.21875_-120.34375,38.21875,-120.34375,2.499620260066415,0.3951479196548462,2.1198947
cdec_NHG,38.21875_-120.40625,38.21875,-120.40625,2.4990089286163153,0.4899408221244812,2.2328594
cdec_NHG,38.21875_-120.46875,38.21875,-120.46875,2.49433457467642,0.4443195164203644,1.5748386
cdec_NHG,38.21875_-120.53125,38.21875,-120.53125,2.491455937450758,0.3780473470687866,1.4868654
cdec_NHG,38.21875_-120.59375,38.21875,-120.59375,2.487588009337824,0.37721893191337585,1.5253259
cdec_NHG,38.21875_-120.65625,38.21875,-120.65625,2.491983916990472,0.3843195140361786,1.3775483
cdec_NHG,38.21875_-120.71875,38.21875,-120.71875,2.4984386259868163,0.40816569328308105,1.2806331
cdec_NHG,38.21875_-120.78125,38.21875,-120.78125,2.4979170373046706,0.40822485089302063,1.0660906
cdec_NHG,38.28125_-120.28125,38.28125,-120.28125,2.4999918560408387,0.48059171438217163,2.5738482
cdec_NHG,38.28125_-120.34375,38.28125,-120.34375,2.4999677298351997,0.48035502433776855,2.4614704
cdec_NHG,38.28125_-120.40625,38.28125,-120.40625,2.4994083953937274,0.5075739622116089,2.1351912
cdec_NHG,38.28125_-120.46875,38.28125,-120.46875,2.4868521958273577,0.44088757038116455,1.3923808
cdec_NHG,38.28125_-120.53125,38.28125,-120.53125,2.4916890254827844,0.3678106367588043,1.8618457
cdec_NHG,38.28125_-120.59375,38.28125,-120.59375,2.4938628020159554,0.38378697633743286,1.847751
cdec_NHG,38.28125_-120.65625,38.28125,-120.65625,2.4927950530174474,0.3823668658733368,1.5396265
cdec_NHG,38.28125_-120.71875,38.28125,-120.71875,2.4977109856467647,0.4260946810245514,1.4265928
cdec_NHG,38.34375_-120.28125,38.34375,-120.28125,2.4999881352892857,0.48479288816452026,2.0783732
cdec_NHG,38.34375_-120.40625,38.34375,-120.40625,2.4999443947004565,0.5824260115623474,2.7787566
cdec_NHG,38.34375_-120.46875,38.34375,-120.46875,2.49908572146556,0.49390533566474915,2.0379653
cdec_NHG,38.34375_-120.53125,38.34375,-120.53125,2.4984537482491675,0.46473371982574463,2.0450664
cdec_NHG,38.34375_-120.59375,38.34375,-120.59375,2.496976798000457,0.41183432936668396,1.9824749
cdec_NHG,38.34375_-120.65625,38.34375,-120.65625,2.4862128182224135,0.36017751693725586,1.5613662
cdec_NML,37.90625_-120.46875,37.90625,-120.46875,2.499298078107524,0.3937278091907501,1.0878545
cdec_NML,37.90625_-120.53125,37.90625,-120.53125,2.4995256498120675,0.3747929036617279,0.931514
cdec_NML,37.96875_-120.40625,37.96875,-120.40625,2.492044645810543,0.31514793634414673,1.3669026
cdec_NML,37.96875_-120.46875,37.96875,-120.46875,2.4962260525347477,0.2933136224746704,1.0953628
cdec_NML,37.96875_-120.53125,37.96875,-120.53125,2.4997237559583025,0.19863905012607574,0.8745991
cdec_NML,37.96875_-120.59375,37.96875,-120.59375,2.499015199531357,0.37603551149368286,1.1276121
cdec_NML,38.03125_-120.21875,38.03125,-120.21875,2.499117445388229,0.3914792835712433,2.1590676
cdec_NML,38.03125_-120.28125,38.03125,-120.28125,2.492248289734808,0.3766863942146301,1.9643158
cdec_NML,38.03125_-120.34375,38.03125,-120.34375,2.4965569897622624,0.42538461089134216,1.9911144
cdec_NML,38.03125_-120.40625,38.03125,-120.40625,2.4930268036219836,0.3840828537940979,1.485656
cdec_NML,38.03125_-120.46875,38.03125,-120.46875,2.49033929893685,0.32745561003685,1.2242261
cdec_NML,38.03125_-120.53125,38.03125,-120.53125,2.496594963626724,0.3620118200778961,1.1485858
cdec_NML,38.03125_-120.59375,38.03125,-120.59375,2.499787359896641,0.3860355019569397,1.2608882
cdec_NML,38.09375_-120.09375,38.09375,-120.09375,2.499990178522177,0.5249112248420715,2.1080258
cdec_NML,38.09375_-120.15625,38.09375,-120.15625,2.4994616505089557,0.49153846502304077,2.1221294
cdec_NML,38.09375_-120.21875,38.09375,-120.21875,2.49972999761361,0.5004141926765442,2.2393909
cdec_NML,38.09375_-120.28125,38.09375,-120.28125,2.4998834598972803,0.5285798907279968,2.4049633
cdec_NML,38.09375_-120.34375,38.09375,-120.34375,2.4989871407007476,0.521242618560791,2.032751
cdec_NML,38.09375_-120.40625,38.09375,-120.40625,2.493974655596173,0.415976345539093,1.3422024
cdec_NML,38.09375_-120.46875,38.09375,-120.46875,2.492373657304446,0.40136095881462097,1.3919041
cdec_NML,38.09375_-120.53125,38.09375,-120.53125,2.493742930688761,0.37721893191337585,1.3979094
cdec_NML,38.09375_-120.59375,38.09375,-120.59375,2.4984898085285683,0.42189347743988037,1.3185859
cdec_NML,38.15625_-119.96875,38.15625,-119.96875,2.499989938718681,0.4349704086780548,1.4761113
cdec_NML,38.15625_-120.03125,38.15625,-120.03125,2.4999994236227385,0.5074556469917297,2.091119
cdec_NML,38.15625_-120.09375,38.15625,-120.09375,2.4999992141237746,0.49236685037612915,2.0256002
cdec_NML,38.15625_-120.15625,38.15625,-120.15625,2.4999567206505344,0.5040828585624695,1.8925898
cdec_NML,38.15625_-120.21875,38.15625,-120.21875,2.4991887010061835,0.5123077034950256,2.0366807
cdec_NML,38.15625_-120.28125,38.15625,-120.28125,2.4977586253314312,0.49153846502304077,2.0128245
cdec_NML,38.15625_-120.34375,38.15625,-120.34375,2.497738161553997,0.4746745526790619,1.6667325
cdec_NML,38.15625_-120.40625,38.15625,-120.40625,2.498443393384574,0.44781064987182617,1.7195325
cdec_NML,38.15625_-120.46875,38.15625,-120.46875,2.495445198089687,0.4289940893650055,1.7378992
cdec_NML,38.21875_-119.59375,38.21875,-119.59375,2.4997400459086903,0.15088757872581482,0.23540086
cdec_NML,38.21875_-119.65625,38.21875,-119.65625,2.4973873690917943,0.07976331561803818,0.14929593
cdec_NML,38.21875_-119.71875,38.21875,-119.71875,2.4952879796091647,0.09349112212657928,0.17226027
cdec_NML,38.21875_-119.78125,38.21875,-119.78125,2.4948591629283388,0.19307692348957062,0.3129587
cdec_NML,38.21875_-119.84375,38.21875,-119.84375,2.4954543371244755,0.18739645183086395,0.3703389
cdec_NML,38.21875_-119.90625,38.21875,-119.90625,2.4979436005413307,0.3243195414543152,0.6769794
cdec_NML,38.21875_-119.96875,38.21875,-119.96875,2.499985386081092,0.4338461458683014,1.5099119
cdec_NML,38.21875_-120.03125,38.21875,-120.03125,2.499973917211663,0.47183433175086975,1.9714762
cdec_NML,38.21875_-120.09375,38.21875,-120.09375,2.499956130632816,0.45467454195022583,1.8284996
cdec_NML,38.21875_-120.15625,38.21875,-120.15625,2.49996980886808,0.47165679931640625,1.8556651
cdec_NML,38.21875_-120.21875,38.21875,-120.21875,2.499851510193642,0.5036094784736633,2.0927463
cdec_NML,38.21875_-120.28125,38.21875,-120.28125,2.499030645083703,0.5099999904632568,2.0104513
cdec_NML,38.21875_-120.34375,38.21875,-120.34375,2.499620260066415,0.3951479196548462,2.1198947
cdec_NML,38.21875_-120.40625,38.21875,-120.40625,2.4990089286163153,0.4899408221244812,2.2328594
cdec_NML,38.28125_-119.59375,38.28125,-119.59375,2.4996561284104013,0.195443794131279,0.34116784
cdec_NML,38.28125_-119.65625,38.28125,-119.65625,2.4971763090600625,0.15355029702186584,0.29143733
cdec_NML,38.28125_-119.71875,38.28125,-119.71875,2.497837800190138,0.2344970405101776,0.5639113
cdec_NML,38.28125_-119.78125,38.28125,-119.78125,2.499143282974569,0.3039644956588745,0.6571709
cdec_NML,38.28125_-119.84375,38.28125,-119.84375,2.4990555986877823,0.3246745467185974,0.7753871
cdec_NML,38.28125_-119.90625,38.28125,-119.90625,2.499640120657017,0.4086982309818268,0.9719458
cdec_NML,38.28125_-119.96875,38.28125,-119.96875,2.4999874565149067,0.47183433175086975,1.5498317
cdec_NML,38.28125_-120.03125,38.28125,-120.03125,2.4999953710288443,0.4670414328575134,1.9827311
cdec_NML,38.28125_-120.09375,38.28125,-120.09375,2.4999938434944813,0.4768047332763672,1.5322003
cdec_NML,38.28125_-120.15625,38.28125,-120.15625,2.4999945632563882,0.4649704098701477,1.7105151
cdec_NML,38.28125_-120.21875,38.28125,-120.21875,2.4999267422212172,0.4918343126773834,2.1338837
cdec_NML,38.28125_-120.28125,38.28125,-120.28125,2.4999918560408387,0.48059171438217163,2.5738482
cdec_NML,38.28125_-120.34375,38.28125,-120.34375,2.4999677298351997,0.48035502433776855,2.4614704
cdec_NML,38.34375_-119.65625,38.34375,-119.65625,2.496556049467088,0.17650887370109558,0.2556792
cdec_NML,38.34375_-119.71875,38.34375,-119.71875,2.4954237767318403,0.28822484612464905,0.61743975
cdec_NML,38.34375_-119.78125,38.34375,-119.78125,2.499479803196025,0.33426034450531006,0.9117342
cdec_NML,38.34375_-119.84375,38.34375,-119.84375,2.4997613847640134,0.34627220034599304,1.2004294
cdec_NML,38.34375_-119.90625,38.34375,-119.90625,2.4991283365898673,0.38763314485549927,1.2181453
cdec_NML,38.34375_-119.96875,38.34375,-119.96875,2.4998042905019435,0.3858579993247986,1.0572926
cdec_NML,38.34375_-120.03125,38.34375,-120.03125,2.499998340215586,0.44455620646476746,1.3174696
cdec_NML,38.34375_-120.09375,38.34375,-120.09375,2.499978369067906,0.436923086643219,1.2360071
cdec_NML,38.34375_-120.15625,38.34375,-120.15625,2.4999950411739364,0.49857988953590393,1.7625328
cdec_NML,38.34375_-120.21875,38.34375,-120.21875,2.49998982585967,0.45662721991539,1.9717127
cdec_NML,38.34375_-120.28125,38.34375,-120.28125,2.4999881352892857,0.48479288816452026,2.0783732
cdec_NML,38.40625_-119.65625,38.40625,-119.65625,2.4973941020656842,0.23041419684886932,0.4261061
cdec_NML,38.40625_-119.71875,38.40625,-119.71875,2.4991204751468357,0.3571597635746002,0.80224824
cdec_NML,38.40625_-119.78125,38.40625,-119.78125,2.4998789733020343,0.37627220153808594,1.1737899
cdec_NML,38.40625_-119.84375,38.40625,-119.84375,2.499446871233613,0.36852070689201355,0.9955979
cdec_NML,38.40625_-119.90625,38.40625,-119.90625,2.4964706668350605,0.30579882860183716,0.6715703
cdec_NML,38.40625_-119.96875,38.40625,-119.96875,2.4992185571320524,0.2627218961715698,0.60112035
cdec_NML,38.40625_-120.03125,38.40625,-120.03125,2.4998139967941935,0.38266271352767944,0.91798776
cdec_NML,38.40625_-120.09375,38.40625,-120.09375,2.499090590505835,0.415680468082428,1.1438287
cdec_NML,38.40625_-120.15625,38.40625,-120.15625,2.499989685997984,0.44207102060317993,1.476958
cdec_NML,38.40625_-120.21875,38.40625,-120.21875,2.4999940013924276,0.46792900562286377,1.7864678
cdec_NML,38.46875_-119.65625,38.46875,-119.65625,2.4996415424527076,0.3111834228038788,0.6788131
cdec_NML,38.46875_-119.71875,38.46875,-119.71875,2.4996704002594763,0.3300591707229614,0.65579706
cdec_NML,38.46875_-119.78125,38.46875,-119.78125,2.498542963720034,0.31165680289268494,0.59377897
cdec_NML,38.46875_-119.84375,38.46875,-119.84375,2.4923549556437345,0.3062721788883209,0.56553006
cdec_NML,38.46875_-119.90625,38.46875,-119.90625,2.4970046588725943,0.28218933939933777,0.51501566
cdec_NML,38.46875_-119.96875,38.46875,-119.96875,2.4972457835391517,0.3206508755683899,0.5208087
cdec_NML,38.46875_-120.03125,38.46875,-120.03125,2.4975550558287454,0.354082852602005,0.7285589
cdec_NML,38.46875_-120.09375,38.46875,-120.09375,2.4999121792997245,0.39733728766441345,0.9831986
cdec_NML,38.46875_-120.15625,38.46875,-120.15625,2.4999930964678936,0.44550296664237976,1.3505068
cdec_NML,38.53125_-119.84375,38.53125,-119.84375,2.4980810168134244,0.309171587228775,0.6154244
cdec_NML,38.53125_-119.90625,38.53125,-119.90625,2.4977899747524086,0.3500591814517975,0.78047353
cdec_NML,38.53125_-119.96875,38.53125,-119.96875,2.499814810321415,0.34449705481529236,0.6241349
cdec_NML,38.53125_-120.03125,38.53125,-120.03125,2.4998927091467227,0.375029593706131,0.87467813
cdec_ORO,39.46875_-120.28125,39.46875,-120.28125,2.499999548105714,0.3499999940395355,1.7033416
cdec_ORO,39.46875_-120.34375,39.46875,-120.34375,2.49999996459941,0.44999998807907104,1.119578
cdec_ORO,39.46875_-120.40625,39.46875,-120.40625,2.499944194855719,0.39544379711151123,0.993333
cdec_ORO,39.46875_-121.28125,39.46875,-121.28125,2.499447202331221,0.46000000834465027,1.4554206
cdec_ORO,39.46875_-121.34375,39.46875,-121.34375,2.486303028564546,0.45579880475997925,1.8505012
cdec_ORO,39.46875_-121.40625,39.46875,-121.40625,2.4734204092451972,0.37106508016586304,1.3007919
cdec_ORO,39.53125_-120.09375,39.53125,-120.09375,2.4998291715951777,0.3700000047683716,1.148196
cdec_ORO,39.53125_-120.15625,39.53125,-120.15625,2.4998736632643963,0.41710057854652405,1.2166538
cdec_ORO,39.53125_-120.21875,39.53125,-120.21875,2.4940826593156644,0.39911243319511414,1.0108823
cdec_ORO,39.53125_-120.28125,39.53125,-120.28125,2.499310283924957,0.4221893548965454,1.3077217
cdec_ORO,39.53125_-120.34375,39.53125,-120.34375,2.49999982202419,0.4511834383010864,1.7936238
cdec_ORO,39.53125_-120.40625,39.53125,-120.40625,2.4999999899492766,0.45615383982658386,1.6442881
cdec_ORO,39.53125_-120.46875,39.53125,-120.46875,2.4999976914042357,0.4088165760040283,1.2624482
cdec_ORO,39.53125_-121.09375,39.53125,-121.09375,2.4999987640431107,0.6588165760040283,3.5388358
cdec_ORO,39.53125_-121.15625,39.53125,-121.15625,2.499998982263713,0.5534319281578064,3.2352722
cdec_ORO,39.53125_-121.21875,39.53125,-121.21875,2.4999536881445925,0.5500591993331909,3.4176571
cdec_ORO,39.53125_-121.28125,39.53125,-121.28125,2.499896563942646,0.49142012000083923,3.0695465
cdec_ORO,39.53125_-121.34375,39.53125,-121.34375,2.497359506289804,0.4120118319988251,2.212381
cdec_ORO,39.53125_-121.40625,39.53125,-121.40625,2.4849561864830316,0.3246745467185974,1.4827114
cdec_ORO,39.53125_-121.46875,39.53125,-121.46875,2.4902618369199394,0.19994083046913147,1.1025035
cdec_ORO,39.53125_-121.53125,39.53125,-121.53125,2.4981944496074653,0.5199999809265137,1.3214309
cdec_ORO,39.59375_-120.09375,39.59375,-120.09375,2.4998995543934814,0.3922485113143921,1.0242385
cdec_ORO,39.59375_-120.15625,39.59375,-120.15625,2.491135493360744,0.38396450877189636,1.0441319
cdec_ORO,39.59375_-120.21875,39.59375,-120.21875,2.4966708364029984,0.36331361532211304,0.82924664
cdec_ORO,39.59375_-120.28125,39.59375,-120.28125,2.4951125125149263,0.3759171664714813,0.89156157
cdec_ORO,39.59375_-120.34375,39.59375,-120.34375,2.4894250271842595,0.4359763264656067,1.0559403
cdec_ORO,39.59375_-120.40625,39.59375,-120.40625,2.499889797711589,0.5265088677406311,1.4566015
cdec_ORO,39.59375_-120.46875,39.59375,-120.46875,2.499999942528709,0.4361538589000702,1.4707338
cdec_ORO,39.59375_-121.03125,39.59375,-121.03125,2.4999976579191157,0.6459171772003174,3.378193
cdec_ORO,39.59375_-121.09375,39.59375,-121.09375,2.499996313254684,0.5868047475814819,3.1956153
cdec_ORO,39.59375_-121.15625,39.59375,-121.15625,2.499985134422034,0.4653254449367523,3.0828247
cdec_ORO,39.59375_-121.21875,39.59375,-121.21875,2.4999405599399154,0.31568047404289246,3.1744444
cdec_ORO,39.59375_-121.28125,39.59375,-121.28125,2.498054000111785,0.3721301853656769,2.5761223
cdec_ORO,39.59375_-121.34375,39.59375,-121.34375,2.476746445535703,0.3078106641769409,1.8525429
cdec_ORO,39.59375_-121.40625,39.59375,-121.40625,2.4824058321664695,0.2963905334472656,1.860633
cdec_ORO,39.59375_-121.46875,39.59375,-121.46875,2.4782626565317543,0.2695266306400299,1.3405914
cdec_ORO,39.59375_-121.53125,39.59375,-121.53125,2.47955130215132,0.40585798025131226,1.2553227
cdec_ORO,39.65625_-120.09375,39.65625,-120.09375,2.4961381722082674,0.3422485291957855,0.7651794
cdec_ORO,39.65625_-120.15625,39.65625,-120.15625,2.480248163179176,0.35301774740219116,0.53719455
cdec_ORO,39.65625_-120.21875,39.65625,-120.21875,2.4904698532720593,0.3084615468978882,0.5520325
cdec_ORO,39.65625_-120.28125,39.65625,-120.28125,2.4930351578879373,0.3806508779525757,0.82567686
cdec_ORO,39.65625_-120.34375,39.65625,-120.34375,2.494307536059212,0.4059171676635742,0.6987974
cdec_ORO,39.65625_-120.40625,39.65625,-120.40625,2.4998866823549406,0.4685207009315491,0.7828271
cdec_ORO,39.65625_-120.46875,39.65625,-120.46875,2.4999986195546144,0.46502959728240967,2.0129066
cdec_ORO,39.65625_-120.53125,39.65625,-120.53125,2.499998351187831,0.49550294876098633,1.8178016
cdec_ORO,39.65625_-120.59375,39.65625,-120.59375,2.4999652798820753,0.44319525361061096,1.3882059
cdec_ORO,39.65625_-120.65625,39.65625,-120.65625,2.4999449554632727,0.35207101702690125,0.86326385
cdec_ORO,39.65625_-120.71875,39.65625,-120.71875,2.499609079527967,0.4695858061313629,1.4396706
cdec_ORO,39.65625_-121.03125,39.65625,-121.03125,2.4999864859144214,0.5996449589729309,2.7797987
cdec_ORO,39.65625_-121.09375,39.65625,-121.09375,2.499874433024328,0.457810640335083,2.4814093
cdec_ORO,39.65625_-121.15625,39.65625,-121.15625,2.499623074578327,0.30715975165367126,2.3054779
cdec_ORO,39.65625_-121.21875,39.65625,-121.21875,2.4988447004256975,0.32378697395324707,2.591688
cdec_ORO,39.65625_-121.28125,39.65625,-121.28125,2.498109368766661,0.36538460850715637,2.3128896
cdec_ORO,39.65625_-121.34375,39.65625,-121.34375,2.498182040176652,0.34159764647483826,2.6222181
cdec_ORO,39.65625_-121.40625,39.65625,-121.40625,2.498673724591262,0.3584023714065552,2.852996
cdec_ORO,39.65625_-121.46875,39.65625,-121.46875,2.489880187337504,0.3484615385532379,1.9013058
cdec_ORO,39.65625_-121.53125,39.65625,-121.53125,2.4926133122331198,0.36136093735694885,1.3106686
cdec_ORO,39.65625_-121.59375,39.65625,-121.59375,2.49091793014819,0.374970406293869,1.1023724
cdec_ORO,39.71875_-120.09375,39.71875,-120.09375,2.4999989894757624,0.23000000417232513,0.3194514
cdec_ORO,39.71875_-120.15625,39.71875,-120.15625,2.4845131698246856,0.3362721800804138,0.62429345
cdec_ORO,39.71875_-120.21875,39.71875,-120.21875,2.4935835685844157,0.36100590229034424,0.4651434
cdec_ORO,39.71875_-120.28125,39.71875,-120.28125,2.499377253916408,0.45272189378738403,0.6294171
cdec_ORO,39.71875_-120.34375,39.71875,-120.34375,2.4999290563529906,0.5166863799095154,0.6237294
cdec_ORO,39.71875_-120.40625,39.71875,-120.40625,2.498449508268939,0.3661538362503052,0.7979351
cdec_ORO,39.71875_-120.46875,39.71875,-120.46875,2.4999886621938945,0.4018934965133667,1.5771669
cdec_ORO,39.71875_-120.53125,39.71875,-120.53125,2.499950341401374,0.44029584527015686,1.9023236
cdec_ORO,39.71875_-120.59375,39.71875,-120.59375,2.4999994965006636,0.4826035499572754,1.9400076
cdec_ORO,39.71875_-120.65625,39.71875,-120.65625,2.499999464964114,0.46502959728240967,1.623821
cdec_ORO,39.71875_-120.71875,39.71875,-120.71875,2.4996308526620963,0.41999998688697815,1.0435479
cdec_ORO,39.71875_-120.78125,39.71875,-120.78125,2.4999838362899056,0.4626627266407013,1.3731897
cdec_ORO,39.71875_-120.84375,39.71875,-120.84375,2.4999861817482953,0.49639052152633667,1.6615199
cdec_ORO,39.71875_-120.90625,39.71875,-120.90625,2.499977836756102,0.5019526481628418,1.7879876
cdec_ORO,39.71875_-120.96875,39.71875,-120.96875,2.4999929501837865,0.4187574088573456,1.7377431
cdec_ORO,39.71875_-121.03125,39.71875,-121.03125,2.499921189861432,0.428816556930542,1.6860882
cdec_ORO,39.71875_-121.09375,39.71875,-121.09375,2.499984842055328,0.34455621242523193,1.8591844
cdec_ORO,39.71875_-121.15625,39.71875,-121.15625,2.499860551638224,0.36254438757896423,2.3204844
cdec_ORO,39.71875_-121.21875,39.71875,-121.21875,2.499560003170874,0.3947928845882416,2.3978767
cdec_ORO,39.71875_-121.28125,39.71875,-121.28125,2.499892858209294,0.414437860250473,3.0264218
cdec_ORO,39.71875_-121.34375,39.71875,-121.34375,2.4999241367269445,0.4275739789009094,3.5157323
cdec_ORO,39.71875_-121.40625,39.71875,-121.40625,2.4999432824379735,0.4801183342933655,3.3820553
cdec_ORO,39.71875_-121.46875,39.71875,-121.46875,2.4973459019051907,0.440828412771225,2.2541118
cdec_ORO,39.71875_-121.53125,39.71875,-121.53125,2.4646126349837667,0.3523077070713043,1.5250808
cdec_ORO,39.71875_-121.59375,39.71875,-121.59375,2.4794082242282953,0.2862130105495453,1.3437617
cdec_ORO,39.78125_-120.09375,39.78125,-120.09375,2.499687394853118,0.31455621123313904,0.3288934
cdec_ORO,39.78125_-120.15625,39.78125,-120.15625,2.4971162094938144,0.3215976357460022,0.38637868
cdec_ORO,39.78125_-120.21875,39.78125,-120.21875,2.49421681946028,0.3585798740386963,0.7128101
cdec_ORO,39.78125_-120.28125,39.78125,-120.28125,2.492527350960006,0.38343194127082825,0.7132103
cdec_ORO,39.78125_-120.34375,39.78125,-120.34375,2.498056821730989,0.44781064987182617,0.5201366
cdec_ORO,39.78125_-120.40625,39.78125,-120.40625,2.4992400496161267,0.3520118296146393,0.9466998
cdec_ORO,39.78125_-120.46875,39.78125,-120.46875,2.4947484112478415,0.3659171462059021,1.0614002
cdec_ORO,39.78125_-120.53125,39.78125,-120.53125,2.4970746843901965,0.37491124868392944,1.1698593
cdec_ORO,39.78125_-120.59375,39.78125,-120.59375,2.4987833805100266,0.38147929310798645,1.5050913
cdec_ORO,39.78125_-120.65625,39.78125,-120.65625,2.4999908696799062,0.47011834383010864,2.117823
cdec_ORO,39.78125_-120.71875,39.78125,-120.71875,2.499999339935119,0.488047331571579,2.0992486
cdec_ORO,39.78125_-120.78125,39.78125,-120.78125,2.499998073140155,0.5030177235603333,2.0440698
cdec_ORO,39.78125_-120.84375,39.78125,-120.84375,2.499998043940498,0.5040828585624695,1.8831004
cdec_ORO,39.78125_-120.90625,39.78125,-120.90625,2.499978526112197,0.4138461649417877,1.5271125
cdec_ORO,39.78125_-120.96875,39.78125,-120.96875,2.4999864326185612,0.48325443267822266,2.2970135
cdec_ORO,39.78125_-121.03125,39.78125,-121.03125,2.499988031757465,0.4108284115791321,2.2524052
cdec_ORO,39.78125_-121.09375,39.78125,-121.09375,2.4999876094634113,0.45136094093322754,2.4300654
cdec_ORO,39.78125_-121.15625,39.78125,-121.15625,2.499979837611372,0.4531360864639282,2.3650184
cdec_ORO,39.78125_-121.21875,39.78125,-121.21875,2.4999114119240216,0.42059171199798584,2.40852
cdec_ORO,39.78125_-121.28125,39.78125,-121.28125,2.499907573618315,0.42035502195358276,2.725736
cdec_ORO,39.78125_-121.34375,39.78125,-121.34375,2.4999830957807703,0.44514793157577515,3.1215217
cdec_ORO,39.78125_-121.40625,39.78125,-121.40625,2.4999900815364033,0.5287573933601379,3.2850294
cdec_ORO,39.78125_-121.46875,39.78125,-121.46875,2.4969509349256818,0.38420116901397705,1.9737933
cdec_ORO,39.78125_-121.53125,39.78125,-121.53125,2.4888670528042214,0.3621893525123596,1.81716
cdec_ORO,39.78125_-121.59375,39.78125,-121.59375,2.4960178243366595,0.2571597695350647,1.8702519
cdec_ORO,39.84375_-120.09375,39.84375,-120.09375,2.4993501961150226,0.2910059094429016,0.40841532
cdec_ORO,39.84375_-120.15625,39.84375,-120.15625,2.495033366393759,0.29733726382255554,0.6957857
cdec_ORO,39.84375_-120.21875,39.84375,-120.21875,2.495782630668222,0.3331952691078186,0.61372715
cdec_ORO,39.84375_-120.28125,39.84375,-120.28125,2.4967802374469112,0.28514793515205383,0.6036829
cdec_ORO,39.84375_-120.34375,39.84375,-120.34375,2.483431171983967,0.2958579957485199,0.59062386
cdec_ORO,39.84375_-120.40625,39.84375,-120.40625,2.4957928596806918,0.3334319591522217,0.9269353
cdec_ORO,39.84375_-120.46875,39.84375,-120.46875,2.498672464814019,0.38266271352767944,1.2528707
cdec_ORO,39.84375_-120.53125,39.84375,-120.53125,2.499999004515872,0.4173964560031891,1.5839276
cdec_ORO,39.84375_-120.59375,39.84375,-120.59375,2.49999971022262,0.4610650837421417,1.6948426
cdec_ORO,39.84375_-120.65625,39.84375,-120.65625,2.4989222085024023,0.4620710015296936,1.6589439
cdec_ORO,39.84375_-120.71875,39.84375,-120.71875,2.49996664029292,0.471005916595459,2.0997348
cdec_ORO,39.84375_-120.78125,39.84375,-120.78125,2.499956952997377,0.48272189497947693,2.078257
cdec_ORO,39.84375_-120.84375,39.84375,-120.84375,2.4999479880825186,0.46834319829940796,2.2966352
cdec_ORO,39.84375_-120.90625,39.84375,-120.90625,2.499926795769515,0.43005916476249695,2.2935596
cdec_ORO,39.84375_-120.96875,39.84375,-120.96875,2.4988420449570725,0.3769822418689728,1.742593
cdec_ORO,39.84375_-121.03125,39.84375,-121.03125,2.4998121042835946,0.4923076927661896,2.235313
cdec_ORO,39.84375_-121.09375,39.84375,-121.09375,2.4999854474076457,0.5093491077423096,2.297218
cdec_ORO,39.84375_-121.15625,39.84375,-121.15625,2.4997263950044077,0.4742603600025177,1.6126164
cdec_ORO,39.84375_-121.21875,39.84375,-121.21875,2.49915687840486,0.42562130093574524,1.7082499
cdec_ORO,39.84375_-121.28125,39.84375,-121.28125,2.4988785286311943,0.4241420030593872,1.9641666
cdec_ORO,39.84375_-121.34375,39.84375,-121.34375,2.499913884513652,0.4655621349811554,2.2114103
cdec_ORO,39.84375_-121.40625,39.84375,-121.40625,2.498926456946059,0.4427810609340668,2.0410898
cdec_ORO,39.84375_-121.46875,39.84375,-121.46875,2.4993516992549205,0.4463905394077301,2.2733943
cdec_ORO,39.84375_-121.53125,39.84375,-121.53125,2.4989223377594865,0.41846153140068054,2.5083668
cdec_ORO,39.84375_-121.59375,39.84375,-121.59375,2.4997872220645245,0.4295857846736908,2.690203
cdec_ORO,39.90625_-120.09375,39.90625,-120.09375,2.4997812476841297,0.29011833667755127,0.8853343
cdec_ORO,39.90625_-120.15625,39.90625,-120.15625,2.4968118237265218,0.29497042298316956,0.8580219
cdec_ORO,39.90625_-120.21875,39.90625,-120.21875,2.499529502718585,0.2832544445991516,0.78748226
cdec_ORO,39.90625_-120.28125,39.90625,-120.28125,2.4979267826555622,0.3330177366733551,1.0241603
cdec_ORO,39.90625_-120.34375,39.90625,-120.34375,2.4886419149272987,0.3478698134422302,0.9027522
cdec_ORO,39.90625_-120.40625,39.90625,-120.40625,2.4979791131889932,0.36964496970176697,1.0073985
cdec_ORO,39.90625_-120.46875,39.90625,-120.46875,2.4858654714773682,0.3161538541316986,1.1020137
cdec_ORO,39.90625_-120.53125,39.90625,-120.53125,2.499643209370424,0.3260354995727539,1.1072385
cdec_ORO,39.90625_-120.59375,39.90625,-120.59375,2.4998490890429608,0.4206508994102478,1.4226129
cdec_ORO,39.90625_-120.65625,39.90625,-120.65625,2.499986213973328,0.44473373889923096,1.6827377
cdec_ORO,39.90625_-120.71875,39.90625,-120.71875,2.49998902509604,0.4388757348060608,1.9210125
cdec_ORO,39.90625_-120.78125,39.90625,-120.78125,2.499361048480597,0.4322485327720642,2.0351908
cdec_ORO,39.90625_-120.84375,39.90625,-120.84375,2.4988043889126352,0.38130176067352295,2.1047163
cdec_ORO,39.90625_-120.90625,39.90625,-120.90625,2.4998809523286787,0.4092307686805725,2.1460447
cdec_ORO,39.90625_-120.96875,39.90625,-120.96875,2.4999802246506686,0.4864497184753418,2.2032478
cdec_ORO,39.90625_-121.03125,39.90625,-121.03125,2.4999978415642694,0.5903550386428833,2.5544384
cdec_ORO,39.90625_-121.09375,39.90625,-121.09375,2.499999220637387,0.5771597623825073,2.5493257
cdec_ORO,39.90625_-121.15625,39.90625,-121.15625,2.4997068448763065,0.45656803250312805,1.6883521
cdec_ORO,39.90625_-121.21875,39.90625,-121.21875,2.497145784795136,0.3985798954963684,1.6615901
cdec_ORO,39.90625_-121.28125,39.90625,-121.28125,2.499835947049027,0.45177513360977173,2.1002336
cdec_ORO,39.90625_-121.34375,39.90625,-121.34375,2.499614370655367,0.3814201056957245,1.691757
cdec_ORO,39.90625_-121.40625,39.90625,-121.40625,2.4970581168582235,0.3921893537044525,1.3264587
cdec_ORO,39.90625_-121.46875,39.90625,-121.46875,2.4986404095149557,0.4902958571910858,2.2271776
cdec_ORO,39.90625_-121.53125,39.90625,-121.53125,2.4999697279673736,0.5330177545547485,2.9481268
cdec_ORO,39.90625_-121.59375,39.90625,-121.59375,2.4999958662820876,0.581952691078186,3.31151
cdec_ORO,39.96875_-120.09375,39.96875,-120.09375,2.4997367047889893,0.23999999463558197,0.4807613
cdec_ORO,39.96875_-120.15625,39.96875,-120.15625,2.4990610368201227,0.294556200504303,1.0765873
cdec_ORO,39.96875_-120.21875,39.96875,-120.21875,2.4977908525389907,0.2881065011024475,0.93791366
cdec_ORO,39.96875_-120.28125,39.96875,-120.28125,2.498004332464993,0.2724851965904236,1.0252956
cdec_ORO,39.96875_-120.34375,39.96875,-120.34375,2.476320641873712,0.2688165605068207,0.9196309
cdec_ORO,39.96875_-120.40625,39.96875,-120.40625,2.4816631908968505,0.2852070927619934,0.6626876
cdec_ORO,39.96875_-120.46875,39.96875,-120.46875,2.4954830942076525,0.31260356307029724,0.77770895
cdec_ORO,39.96875_-120.53125,39.96875,-120.53125,2.4946415931999364,0.28106507658958435,1.055609
cdec_ORO,39.96875_-120.59375,39.96875,-120.59375,2.499870979185976,0.31284022331237793,1.4088316
cdec_ORO,39.96875_-120.65625,39.96875,-120.65625,2.4994154530494916,0.3314792811870575,1.5329056
cdec_ORO,39.96875_-120.71875,39.96875,-120.71875,2.4999959205129807,0.34822484850883484,1.8304489
cdec_ORO,39.96875_-120.78125,39.96875,-120.78125,2.499995547159604,0.4057396352291107,1.7260952
cdec_ORO,39.96875_-120.84375,39.96875,-120.84375,2.4999428363452063,0.4224260449409485,2.0898097
cdec_ORO,39.96875_-120.90625,39.96875,-120.90625,2.439438761281335,0.38958579301834106,1.4158301
cdec_ORO,39.96875_-120.96875,39.96875,-120.96875,2.4995582666176817,0.45189347863197327,1.8984499
cdec_ORO,39.96875_-121.03125,39.96875,-121.03125,2.4999568651198114,0.49337276816368103,2.3103168
cdec_ORO,39.96875_-121.09375,39.96875,-121.09375,2.4999095672239156,0.3719526529312134,1.9140528
cdec_ORO,39.96875_-121.15625,39.96875,-121.15625,2.499201968842744,0.34396448731422424,1.4468153
cdec_ORO,39.96875_-121.21875,39.96875,-121.21875,2.4998595141906805,0.33520710468292236,1.2553691
cdec_ORO,39.96875_-121.28125,39.96875,-121.28125,2.4998385932530676,0.33674556016921997,1.596184
cdec_ORO,39.96875_-121.34375,39.96875,-121.34375,2.4975496268787754,0.3046153783798218,0.9595272
cdec_ORO,39.96875_-121.40625,39.96875,-121.40625,2.499234032311444,0.39349111914634705,1.2365974
cdec_ORO,39.96875_-121.46875,39.96875,-121.46875,2.4998614288870886,0.44029584527015686,1.7640924
cdec_ORO,39.96875_-121.53125,39.96875,-121.53125,2.499931747678015,0.4719526767730713,2.6035116
cdec_ORO,40.03125_-120.15625,40.03125,-120.15625,2.499679199428698,0.2563905417919159,0.53012055
cdec_ORO,40.03125_-120.21875,40.03125,-120.21875,2.498008657732716,0.2813017666339874,0.5935017
cdec_ORO,40.03125_-120.28125,40.03125,-120.28125,2.4991901190761032,0.29964497685432434,1.0100427
cdec_ORO,40.03125_-120.34375,40.03125,-120.34375,2.492399506261774,0.29319527745246887,1.0102491
cdec_ORO,40.03125_-120.40625,40.03125,-120.40625,2.4806664849138897,0.2767455577850342,0.8595968
cdec_ORO,40.03125_-120.46875,40.03125,-120.46875,2.475076384789113,0.2807692289352417,0.78258425
cdec_ORO,40.03125_-120.53125,40.03125,-120.53125,2.4936110295730187,0.2605917155742645,0.84410006
cdec_ORO,40.03125_-120.59375,40.03125,-120.59375,2.49937948721169,0.3276331424713135,1.604618
cdec_ORO,40.03125_-120.65625,40.03125,-120.65625,2.499947445747317,0.3792307674884796,1.8126316
cdec_ORO,40.03125_-120.71875,40.03125,-120.71875,2.4998275002889514,0.364556223154068,1.805088
cdec_ORO,40.03125_-120.78125,40.03125,-120.78125,2.4999792645209835,0.3879289925098419,2.0225163
cdec_ORO,40.03125_-120.84375,40.03125,-120.84375,2.4999982624322303,0.41479289531707764,2.131994
cdec_ORO,40.03125_-120.90625,40.03125,-120.90625,2.4987828033742074,0.31568047404289246,1.8001492
cdec_ORO,40.03125_-120.96875,40.03125,-120.96875,2.491213645150399,0.33893489837646484,2.2268238
cdec_ORO,40.03125_-121.03125,40.03125,-121.03125,2.4998068818807786,0.28976330161094666,2.2116687
cdec_ORO,40.03125_-121.09375,40.03125,-121.09375,2.498440227576527,0.32420119643211365,2.1315734
cdec_ORO,40.03125_-121.15625,40.03125,-121.15625,2.4902074503794083,0.31899407505989075,1.3357549
cdec_ORO,40.03125_-121.21875,40.03125,-121.21875,2.4913779402923275,0.2827219069004059,1.386445
cdec_ORO,40.03125_-121.28125,40.03125,-121.28125,2.4997031410144412,0.3195266127586365,1.2347356
cdec_ORO,40.03125_-121.34375,40.03125,-121.34375,2.499889495325208,0.29420119524002075,1.085986
cdec_ORO,40.03125_-121.40625,40.03125,-121.40625,2.4998760273434604,0.3483431935310364,1.1016188
cdec_ORO,40.03125_-121.46875,40.03125,-121.46875,2.4999472419161006,0.4444378614425659,1.8372369
cdec_ORO,40.03125_-121.53125,40.03125,-121.53125,2.499882783114086,0.46390533447265625,2.2537515
cdec_ORO,40.09375_-120.21875,40.09375,-120.21875,2.4995670269230885,0.2784615457057953,0.46113077
cdec_ORO,40.09375_-120.28125,40.09375,-120.28125,2.497328671135066,0.2767455577850342,0.5332256
cdec_ORO,40.09375_-120.34375,40.09375,-120.34375,2.4884736260973925,0.32437869906425476,0.7870964
cdec_ORO,40.09375_-120.40625,40.09375,-120.40625,2.499249353586281,0.33585798740386963,0.91434824
cdec_ORO,40.09375_-120.46875,40.09375,-120.46875,2.48441085973164,0.30331361293792725,0.74122155
cdec_ORO,40.09375_-120.53125,40.09375,-120.53125,2.4747574155449694,0.33674556016921997,0.91466635
cdec_ORO,40.09375_-120.59375,40.09375,-120.59375,2.4822909942336278,0.3572189211845398,1.1123009
cdec_ORO,40.09375_-120.65625,40.09375,-120.65625,2.4980580431612407,0.3647337257862091,1.5583622
cdec_ORO,40.09375_-120.71875,40.09375,-120.71875,2.496370391699064,0.36307692527770996,1.857526
cdec_ORO,40.09375_-120.78125,40.09375,-120.78125,2.493784758948878,0.3950887620449066,2.0475123
cdec_ORO,40.09375_-120.84375,40.09375,-120.84375,2.4934491016779337,0.5042603611946106,1.7991056
cdec_ORO,40.09375_-120.90625,40.09375,-120.90625,2.4989829159743158,0.4797041416168213,1.9517993
cdec_ORO,40.09375_-120.96875,40.09375,-120.96875,2.4998823814356252,0.37970414757728577,2.3364427
cdec_ORO,40.09375_-121.03125,40.09375,-121.03125,2.498915674467055,0.34704142808914185,2.1284072
cdec_ORO,40.09375_-121.09375,40.09375,-121.09375,2.492723114082848,0.34372779726982117,1.7490218
cdec_ORO,40.09375_-121.15625,40.09375,-121.15625,2.496265847322842,0.3488757312297821,1.8095527
cdec_ORO,40.09375_-121.21875,40.09375,-121.21875,2.483584412601156,0.3409467339515686,1.5868537
cdec_ORO,40.09375_-121.28125,40.09375,-121.28125,2.4994940164944657,0.34414201974868774,1.1184974
cdec_ORO,40.09375_-121.34375,40.09375,-121.34375,2.499841134723205,0.3572189211845398,1.2616981
cdec_ORO,40.09375_-121.40625,40.09375,-121.40625,2.499846564376612,0.39597633481025696,1.5862465
cdec_ORO,40.09375_-121.46875,40.09375,-121.46875,2.499942214202859,0.4143195152282715,2.1272397
cdec_ORO,40.15625_-120.34375,40.15625,-120.34375,2.4996439191492765,0.3218343257904053,0.62996954
cdec_ORO,40.15625_-120.40625,40.15625,-120.40625,2.4994343537604706,0.34023669362068176,0.816401
cdec_ORO,40.15625_-120.46875,40.15625,-120.46875,2.481880028592858,0.27721893787384033,0.5961877
cdec_ORO,40.15625_-120.53125,40.15625,-120.53125,2.4870528981861906,0.34319525957107544,0.9135479
cdec_ORO,40.15625_-120.59375,40.15625,-120.59375,2.486430838414077,0.3194674551486969,1.0255907
cdec_ORO,40.15625_-120.65625,40.15625,-120.65625,2.4992839321670104,0.36562129855155945,1.4456645
cdec_ORO,40.15625_-120.71875,40.15625,-120.71875,2.497294368819642,0.36230769753456116,1.3223213
cdec_ORO,40.15625_-120.78125,40.15625,-120.78125,2.4874207906184025,0.37183430790901184,1.4496897
cdec_ORO,40.15625_-120.84375,40.15625,-120.84375,2.493293216502063,0.40183430910110474,1.7111775
cdec_ORO,40.15625_-120.90625,40.15625,-120.90625,2.473022158328848,0.39597633481025696,1.5217236
cdec_ORO,40.15625_-120.96875,40.15625,-120.96875,2.499839474351263,0.32076922059059143,2.013843
cdec_ORO,40.15625_-121.03125,40.15625,-121.03125,2.4998672619614597,0.33698225021362305,2.0879776
cdec_ORO,40.15625_-121.09375,40.15625,-121.09375,2.491678400691211,0.29940828680992126,1.7035335
cdec_ORO,40.15625_-121.15625,40.15625,-121.15625,2.4909842392939483,0.309230774641037,1.5687823
cdec_ORO,40.15625_-121.21875,40.15625,-121.21875,2.4998705190838253,0.3807692229747772,1.7798015
cdec_ORO,40.15625_-121.28125,40.15625,-121.28125,2.499968019687995,0.411775141954422,1.9788291
cdec_ORO,40.15625_-121.34375,40.15625,-121.34375,2.4998490202726327,0.39502957463264465,1.8264059
cdec_ORO,40.15625_-121.40625,40.15625,-121.40625,2.499852722314407,0.41207101941108704,1.696838
cdec_ORO,40.15625_-121.46875,40.15625,-121.46875,2.4999882740213897,0.5083432197570801,1.7653161
cdec_ORO,40.21875_-120.46875,40.21875,-120.46875,2.4992038560504852,0.28355029225349426,0.9180403
cdec_ORO,40.21875_-120.53125,40.21875,-120.53125,2.4989196331433976,0.33177515864372253,1.2655109
cdec_ORO,40.21875_-120.59375,40.21875,-120.59375,2.499491611708842,0.3599408268928528,1.2497901
cdec_ORO,40.21875_-120.65625,40.21875,-120.65625,2.4961301790264927,0.3457988202571869,1.0774771
cdec_ORO,40.21875_-120.71875,40.21875,-120.71875,2.490925424369293,0.3400000035762787,1.248636
cdec_ORO,40.21875_-120.78125,40.21875,-120.78125,2.4936696462907766,0.3205917179584503,1.3236654
cdec_ORO,40.21875_-120.84375,40.21875,-120.84375,2.487634758053037,0.32384616136550903,1.4153346
cdec_ORO,40.21875_-120.90625,40.21875,-120.90625,2.4933027499934814,0.3499999940395355,1.6249863
cdec_ORO,40.21875_-120.96875,40.21875,-120.96875,2.498853641178556,0.3443787097930908,1.6659867
cdec_ORO,40.21875_-121.03125,40.21875,-121.03125,2.4993320462357653,0.3901183307170868,2.0195127
cdec_ORO,40.21875_-121.09375,40.21875,-121.09375,2.495257097609904,0.13881656527519226,1.6877795
cdec_ORO,40.21875_-121.15625,40.21875,-121.15625,2.499748425840084,0.18124260008335114,1.5931385
cdec_ORO,40.21875_-121.21875,40.21875,-121.21875,2.499993730787515,0.33816567063331604,1.6692548
cdec_ORO,40.21875_-121.28125,40.21875,-121.28125,2.4999700704690717,0.3811834454536438,1.8288854
cdec_ORO,40.21875_-121.34375,40.21875,-121.34375,2.499967762861292,0.3759763240814209,1.9994721
cdec_ORO,40.21875_-121.40625,40.21875,-121.40625,2.499990337885502,0.43680474162101746,1.9009789
cdec_ORO,40.21875_-121.46875,40.21875,-121.46875,2.4999774569380713,0.4856804609298706,1.8002034
cdec_ORO,40.28125_-120.53125,40.28125,-120.53125,2.4999106474205437,0.3475739657878876,1.1949195
cdec_ORO,40.28125_-120.59375,40.28125,-120.59375,2.4999820175313596,0.42946746945381165,1.5094984
cdec_ORO,40.28125_-120.65625,40.28125,-120.65625,2.492764401275383,0.3798224925994873,1.0383482
cdec_ORO,40.28125_-120.71875,40.28125,-120.71875,2.485541814978938,0.3484615385532379,1.0930761
cdec_ORO,40.28125_-120.78125,40.28125,-120.78125,2.4996916832652882,0.3670414090156555,1.5274699
cdec_ORO,40.28125_-120.84375,40.28125,-120.84375,2.4922870086997557,0.3600591719150543,1.5244888
cdec_ORO,40.28125_-120.90625,40.28125,-120.90625,2.4830426515506048,0.3502366840839386,1.3672292
cdec_ORO,40.28125_-120.96875,40.28125,-120.96875,2.4958167792691968,0.2827219069004059,1.0441486
cdec_ORO,40.28125_-121.03125,40.28125,-121.03125,2.4998208504392267,0.3721301853656769,1.5912709
cdec_ORO,40.28125_-121.09375,40.28125,-121.09375,2.499841726458617,0.32035502791404724,1.6449305
cdec_ORO,40.28125_-121.15625,40.28125,-121.15625,2.49949353607587,0.1660355031490326,1.5714664
cdec_ORO,40.28125_-121.21875,40.28125,-121.21875,2.4996756676698597,0.10295858234167099,1.0105474
cdec_ORO,40.28125_-121.28125,40.28125,-121.28125,2.499950505923384,0.2927810549736023,1.609831
cdec_ORO,40.28125_-121.34375,40.28125,-121.34375,2.4978882484423313,0.3708875775337219,1.7792902
cdec_ORO,40.34375_-120.71875,40.34375,-120.71875,2.4994741570699315,0.31337279081344604,1.3622596
cdec_ORO,40.34375_-120.78125,40.34375,-120.78125,2.4992073392833243,0.3264496922492981,1.4616911
cdec_ORO,40.34375_-120.84375,40.34375,-120.84375,2.4995416916722295,0.3888757526874542,1.6824051
cdec_ORO,40.34375_-120.90625,40.34375,-120.90625,2.498139660954032,0.4537278115749359,1.7520363
cdec_ORO,40.34375_-120.96875,40.34375,-120.96875,2.4998604914406664,0.44005918502807617,1.5286647
cdec_ORO,40.34375_-121.03125,40.34375,-121.03125,2.4999956068791205,0.3552071154117584,1.6114825
cdec_ORO,40.34375_-121.09375,40.34375,-121.09375,2.4999685498142417,0.37662720680236816,1.865552
cdec_ORO,40.34375_-121.15625,40.34375,-121.15625,2.499966890830785,0.33810651302337646,1.5946338
cdec_ORO,40.34375_-121.21875,40.34375,-121.21875,2.499638374946156,0.30426034331321716,1.5125934
cdec_ORO,40.34375_-121.28125,40.34375,-121.28125,2.499979190198319,0.3271597623825073,1.8258848
cdec_ORO,40.34375_-121.34375,40.34375,-121.34375,2.4999771204175856,0.39325442910194397,1.4649745
cdec_ORO,40.34375_-121.40625,40.34375,-121.40625,2.499736818884138,0.37899407744407654,1.3620818
cdec_ORO,40.34375_-121.46875,40.34375,-121.46875,2.494742537702078,0.3870414197444916,1.5604098
cdec_ORO,40.40625_-120.84375,40.40625,-120.84375,2.4999305269951266,0.4042603671550751,1.6289129
cdec_ORO,40.40625_-120.90625,40.40625,-120.90625,2.4999860534620817,0.4530177414417267,1.8274399
cdec_ORO,40.40625_-120.96875,40.40625,-120.96875,2.499817737114611,0.43899407982826233,1.7793767
cdec_ORO,40.40625_-121.03125,40.40625,-121.03125,2.4998899611563075,0.392071008682251,1.5445933
cdec_ORO,40.40625_-121.09375,40.40625,-121.09375,2.4998525372879206,0.4302958548069,1.8034258
cdec_ORO,40.40625_-121.15625,40.40625,-121.15625,2.4998737474964896,0.4065680503845215,1.4457
cdec_ORO,40.40625_-121.21875,40.40625,-121.21875,2.4998440812866343,0.4143195152282715,1.4689871
cdec_ORO,40.40625_-121.28125,40.40625,-121.28125,2.4999715911279687,0.3844378590583801,1.4672462
cdec_ORO,40.40625_-121.34375,40.40625,-121.34375,2.499730998271657,0.38011834025382996,1.4905972
cdec_ORO,40.40625_-121.40625,40.40625,-121.40625,2.4999931535755775,0.36236685514450073,1.2303332
cdec_ORO,40.40625_-121.46875,40.40625,-121.46875,2.499914006911739,0.34899407625198364,1.072738
cdec_ORO,40.46875_-121.03125,40.46875,-121.03125,2.499877039273853,0.40260353684425354,1.2517294
cdec_ORO,40.46875_-121.09375,40.46875,-121.09375,2.499708047386048,0.4114201068878174,1.3643453
cdec_ORO,40.46875_-121.15625,40.46875,-121.15625,2.499704210965885,0.37218934297561646,1.170891
cdec_ORO,40.46875_-121.21875,40.46875,-121.21875,2.4998462689532057,0.3722485303878784,0.860824
cdec_ORO,40.46875_-121.28125,40.46875,-121.28125,2.4999833580705477,0.35461539030075073,0.87463456
cdec_ORO,40.46875_-121.34375,40.46875,-121.34375,2.4999938468572727,0.3552071154117584,0.95077056
cdec_ORO,40.46875_-121.40625,40.46875,-121.40625,2.4999987238625616,0.3584023714065552,1.1099523
cdec_ORO,40.46875_-121.46875,40.46875,-121.46875,2.4999975563980184,0.2819526493549347,0.6209389
cdec_ORO,40.46875_-121.53125,40.46875,-121.53125,2.4992149461246225,0.2546153962612152,0.5261976
cdec_ORO,40.53125_-121.21875,40.53125,-121.21875,2.499956241090877,0.37396448850631714,1.197092
cdec_PNF,36.59375_-118.46875,36.59375,-118.46875,2.499968306168942,0.051479291170835495,0.12885803
cdec_PNF,36.59375_-118.53125,36.59375,-118.53125,2.499582878235521,0.03544378653168678,0.1037294
cdec_PNF,36.59375_-118.59375,36.59375,-118.59375,2.499752365760004,0.12183432281017303,0.32005113
cdec_PNF,36.65625_-118.40625,36.65625,-118.40625,2.4997981989862215,0.08952663093805313,0.16227548
cdec_PNF,36.65625_-118.46875,36.65625,-118.46875,2.4999620931454514,0.024319525808095932,0.089756474
cdec_PNF,36.65625_-118.53125,36.65625,-118.53125,2.4996981258511637,0.08786982297897339,0.26977637
cdec_PNF,36.65625_-118.59375,36.65625,-118.59375,2.4997368576305345,0.17017751932144165,0.35160172
cdec_PNF,36.65625_-118.65625,36.65625,-118.65625,2.499872855573204,0.20023669302463531,0.3871186
cdec_PNF,36.65625_-118.71875,36.65625,-118.71875,2.499079847683311,0.2646745443344116,0.5877467
cdec_PNF,36.65625_-118.78125,36.65625,-118.78125,2.4993443156455153,0.36698225140571594,0.8037228
cdec_PNF,36.71875_-118.34375,36.71875,-118.34375,2.4999706542147355,0.06319526582956314,0.20590597
cdec_PNF,36.71875_-118.40625,36.71875,-118.40625,2.499749966284601,0.06355029344558716,0.15508716
cdec_PNF,36.71875_-118.46875,36.71875,-118.46875,2.499966566099093,0.05952662602066994,0.16311274
cdec_PNF,36.71875_-118.53125,36.71875,-118.53125,2.499803116444838,0.15662722289562225,0.4595343
cdec_PNF,36.71875_-118.59375,36.71875,-118.59375,2.499929953107524,0.3285207152366638,0.9905976
cdec_PNF,36.71875_-118.65625,36.71875,-118.65625,2.4999983271565602,0.36213016510009766,1.0265853
cdec_PNF,36.71875_-118.71875,36.71875,-118.71875,2.499999083920584,0.3743787109851837,1.0133655
cdec_PNF,36.71875_-118.78125,36.71875,-118.78125,2.4999808994315336,0.3829585909843445,0.9409004
cdec_PNF,36.71875_-118.84375,36.71875,-118.84375,2.499352826065338,0.37917160987854004,0.921536
cdec_PNF,36.71875_-118.90625,36.71875,-118.90625,2.4997509683846086,0.44029584527015686,1.6141863
cdec_PNF,36.71875_-118.96875,36.71875,-118.96875,2.4999473554637603,0.4559171497821808,1.9821147
cdec_PNF,36.71875_-119.03125,36.71875,-119.03125,2.4998559269453864,0.45887574553489685,1.7495704
cdec_PNF,36.78125_-118.34375,36.78125,-118.34375,2.4999938862833897,0.09994082897901535,0.2392367
cdec_PNF,36.78125_-118.40625,36.78125,-118.40625,2.4991056524959614,0.07804733514785767,0.20263313
cdec_PNF,36.78125_-118.46875,36.78125,-118.46875,2.4998702297123554,0.155207097530365,0.38899583
cdec_PNF,36.78125_-118.53125,36.78125,-118.53125,2.4999947919637195,0.26615384221076965,0.82775146
cdec_PNF,36.78125_-118.59375,36.78125,-118.59375,2.499986258744897,0.3446153700351715,1.0183997
cdec_PNF,36.78125_-118.65625,36.78125,-118.65625,2.4999975285482874,0.37414202094078064,1.1486452
cdec_PNF,36.78125_-118.71875,36.78125,-118.71875,2.4999991246128377,0.38473373651504517,1.270384
cdec_PNF,36.78125_-118.78125,36.78125,-118.78125,2.4999961027741104,0.40798816084861755,1.3713522
cdec_PNF,36.78125_-118.84375,36.78125,-118.84375,2.499986916144356,0.41189348697662354,1.5330731
cdec_PNF,36.78125_-118.90625,36.78125,-118.90625,2.499907597753518,0.4143195152282715,1.5751752
cdec_PNF,36.78125_-118.96875,36.78125,-118.96875,2.4998726909267694,0.4297633171081543,1.7341685
cdec_PNF,36.78125_-119.03125,36.78125,-119.03125,2.499965646432507,0.4137278199195862,1.894155
cdec_PNF,36.78125_-119.09375,36.78125,-119.09375,2.49982412970817,0.41124260425567627,1.6265987
cdec_PNF,36.78125_-119.15625,36.78125,-119.15625,2.499486176923895,0.42656806111335754,1.4707979
cdec_PNF,36.78125_-119.28125,36.78125,-119.28125,2.4995591641824007,0.37798815965652466,1.0258802
cdec_PNF,36.84375_-118.34375,36.84375,-118.34375,2.499997534873767,0.0872781053185463,0.22878946
cdec_PNF,36.84375_-118.40625,36.84375,-118.40625,2.499647806197798,0.07792899757623672,0.1892844
cdec_PNF,36.84375_-118.46875,36.84375,-118.46875,2.499886705846796,0.13218934834003448,0.30114776
cdec_PNF,36.84375_-118.53125,36.84375,-118.53125,2.4999143402675967,0.2511242628097534,0.7461905
cdec_PNF,36.84375_-118.59375,36.84375,-118.59375,2.499716138974235,0.2155621349811554,0.5456915
cdec_PNF,36.84375_-118.65625,36.84375,-118.65625,2.499944134487487,0.2892899513244629,0.72904795
cdec_PNF,36.84375_-118.71875,36.84375,-118.71875,2.499912252552158,0.29284024238586426,0.9103055
cdec_PNF,36.84375_-118.78125,36.84375,-118.78125,2.499992290582094,0.3508284091949463,1.0358938
cdec_PNF,36.84375_-118.84375,36.84375,-118.84375,2.4998449183681766,0.31568047404289246,1.1587967
cdec_PNF,36.84375_-118.90625,36.84375,-118.90625,2.4999613670315264,0.34899407625198364,1.356558
cdec_PNF,36.84375_-118.96875,36.84375,-118.96875,2.4999980144722143,0.37467455863952637,1.5001707
cdec_PNF,36.84375_-119.03125,36.84375,-119.03125,2.499949017068741,0.3662721812725067,1.2946335
cdec_PNF,36.84375_-119.09375,36.84375,-119.09375,2.4999101958436216,0.37662720680236816,1.1962317
cdec_PNF,36.84375_-119.15625,36.84375,-119.15625,2.499928192373237,0.4192899465560913,1.3287607
cdec_PNF,36.84375_-119.21875,36.84375,-119.21875,2.4997443137973185,0.39325442910194397,1.1393291
cdec_PNF,36.84375_-119.28125,36.84375,-119.28125,2.4995183052043277,0.30562129616737366,0.8786772
cdec_PNF,36.84375_-119.34375,36.84375,-119.34375,2.4991724485575295,0.3442603647708893,0.85440767
cdec_PNF,36.90625_-118.34375,36.90625,-118.34375,2.4999988444974486,0.14479289948940277,0.30251712
cdec_PNF,36.90625_-118.40625,36.90625,-118.40625,2.4997522684506093,0.08248520642518997,0.1491641
cdec_PNF,36.90625_-118.46875,36.90625,-118.46875,2.4998100433362165,0.07923077046871185,0.18367124
cdec_PNF,36.90625_-118.53125,36.90625,-118.53125,2.499637271397699,0.1368047297000885,0.27906844
cdec_PNF,36.90625_-118.59375,36.90625,-118.59375,2.4988416800720907,0.18911242485046387,0.402762
cdec_PNF,36.90625_-118.65625,36.90625,-118.65625,2.499717310391145,0.18988165259361267,0.42927444
cdec_PNF,36.90625_-118.71875,36.90625,-118.71875,2.499996212008396,0.21455621719360352,0.51374286
cdec_PNF,36.90625_-118.78125,36.90625,-118.78125,2.4999868829085896,0.36597633361816406,1.0979841
cdec_PNF,36.90625_-118.84375,36.90625,-118.84375,2.499984820355346,0.3806508779525757,1.0822531
cdec_PNF,36.90625_-118.90625,36.90625,-118.90625,2.499996536961998,0.3622485101222992,1.1009935
cdec_PNF,36.90625_-118.96875,36.90625,-118.96875,2.499996747605473,0.40822485089302063,1.4791632
cdec_PNF,36.90625_-119.03125,36.90625,-119.03125,2.4999747345085037,0.40396448969841003,1.5152228
cdec_PNF,36.90625_-119.09375,36.90625,-119.09375,2.499916966618963,0.3772781193256378,1.361082
cdec_PNF,36.90625_-119.15625,36.90625,-119.15625,2.4993238308539194,0.4074556231498718,1.2657514
cdec_PNF,36.90625_-119.21875,36.90625,-119.21875,2.4988733074954617,0.3950887620449066,1.1704218
cdec_PNF,36.90625_-119.28125,36.90625,-119.28125,2.499226824078579,0.3390532433986664,0.9934829
cdec_PNF,36.90625_-119.34375,36.90625,-119.34375,2.4984859194409195,0.40183430910110474,1.0567397
cdec_PNF,36.90625_-119.40625,36.90625,-119.40625,2.49906119117791,0.3813609480857849,0.9479807
cdec_PNF,36.96875_-118.40625,36.96875,-118.40625,2.499971434381309,0.052662722766399384,0.14599766
cdec_PNF,36.96875_-118.46875,36.96875,-118.46875,2.4990331443735876,0.10668639093637466,0.20626305
cdec_PNF,36.96875_-118.53125,36.96875,-118.53125,2.499027898067374,0.07840237021446228,0.18054931
cdec_PNF,36.96875_-118.59375,36.96875,-118.59375,2.4999502993828653,0.2562130093574524,0.76792705
cdec_PNF,36.96875_-118.65625,36.96875,-118.65625,2.4999789212639687,0.27798816561698914,0.77896726
cdec_PNF,36.96875_-118.71875,36.96875,-118.71875,2.499945804670131,0.30526626110076904,0.6944425
cdec_PNF,36.96875_-118.78125,36.96875,-118.78125,2.49993363536764,0.36289942264556885,0.927095
cdec_PNF,36.96875_-118.84375,36.96875,-118.84375,2.499987355836851,0.3568047285079956,1.0081724
cdec_PNF,36.96875_-118.90625,36.96875,-118.90625,2.499828031219577,0.38420116901397705,1.0542191
cdec_PNF,36.96875_-118.96875,36.96875,-118.96875,2.4999541944288612,0.3980473279953003,1.2099835
cdec_PNF,36.96875_-119.03125,36.96875,-119.03125,2.4999997576194524,0.4036094546318054,1.293913
cdec_PNF,36.96875_-119.09375,36.96875,-119.09375,2.4999966949577184,0.4399999976158142,1.7153407
cdec_PNF,36.96875_-119.15625,36.96875,-119.15625,2.4998016717602574,0.43183431029319763,1.9431766
cdec_PNF,36.96875_-119.21875,36.96875,-119.21875,2.4994930542568836,0.42911243438720703,1.5831307
cdec_PNF,36.96875_-119.28125,36.96875,-119.28125,2.4976322231743913,0.4077514708042145,1.3320334
cdec_PNF,36.96875_-119.34375,36.96875,-119.34375,2.498372923887869,0.4086982309818268,1.2276477
cdec_PNF,36.96875_-119.40625,36.96875,-119.40625,2.498074497505586,0.3552071154117584,1.1311481
cdec_PNF,37.03125_-118.40625,37.03125,-118.40625,2.4999850248050746,0.11100591719150543,0.17694913
cdec_PNF,37.03125_-118.46875,37.03125,-118.46875,2.499084638675442,0.037218935787677765,0.09322611
cdec_PNF,37.03125_-118.53125,37.03125,-118.53125,2.499160105053849,0.07863905280828476,0.18431477
cdec_PNF,37.03125_-118.59375,37.03125,-118.59375,2.4998177523286387,0.11479289829730988,0.31997484
cdec_PNF,37.03125_-118.65625,37.03125,-118.65625,2.4998057562161042,0.09497041255235672,0.2608716
cdec_PNF,37.03125_-118.71875,37.03125,-118.71875,2.4988448427419123,0.06248520687222481,0.12311727
cdec_PNF,37.03125_-118.78125,37.03125,-118.78125,2.4982899206224394,0.14662721753120422,0.31611344
cdec_PNF,37.03125_-118.84375,37.03125,-118.84375,2.499837823640517,0.25337278842926025,0.5026678
cdec_PNF,37.03125_-118.90625,37.03125,-118.90625,2.499681531710723,0.29443785548210144,0.67418104
cdec_PNF,37.03125_-118.96875,37.03125,-118.96875,2.4998957057973934,0.299940824508667,0.76518536
cdec_PNF,37.03125_-119.03125,37.03125,-119.03125,2.4999838255998803,0.3860355019569397,1.0022091
cdec_PNF,37.03125_-119.09375,37.03125,-119.09375,2.4999905438166636,0.41106510162353516,1.3768331
cdec_PNF,37.03125_-119.15625,37.03125,-119.15625,2.499992480341761,0.4344378709793091,1.9297162
cdec_PNF,37.03125_-119.21875,37.03125,-119.21875,2.499901026488831,0.4260946810245514,1.9762377
cdec_PNF,37.03125_-119.28125,37.03125,-119.28125,2.4987699718477847,0.3415384590625763,1.6522293
cdec_PNF,37.03125_-119.34375,37.03125,-119.34375,2.499223107646025,0.32573965191841125,1.5585022
cdec_PNF,37.03125_-119.40625,37.03125,-119.40625,2.498803870274485,0.3721301853656769,1.4049164
cdec_PNF,37.09375_-118.46875,37.09375,-118.46875,2.4999730063116834,0.0750887542963028,0.16121046
cdec_PNF,37.09375_-118.53125,37.09375,-118.53125,2.499669078984396,0.0530177503824234,0.10258863
cdec_PNF,37.09375_-118.59375,37.09375,-118.59375,2.4996713515038014,0.0923076942563057,0.2360488
cdec_PNF,37.09375_-118.65625,37.09375,-118.65625,2.4999172239282577,0.01928994059562683,0.082974605
cdec_PNF,37.09375_-118.71875,37.09375,-118.71875,2.49835801855779,0.03911242634057999,0.08829014
cdec_PNF,37.09375_-118.78125,37.09375,-118.78125,2.4983688471363474,0.0959763303399086,0.16125372
cdec_PNF,37.09375_-118.84375,37.09375,-118.84375,2.498424399936035,0.25644969940185547,0.5042308
cdec_PNF,37.09375_-118.90625,37.09375,-118.90625,2.499699112411278,0.30094674229621887,0.63214374
cdec_PNF,37.09375_-118.96875,37.09375,-118.96875,2.4999131974358537,0.2554437816143036,0.5306479
cdec_PNF,37.09375_-119.03125,37.09375,-119.03125,2.499844990014642,0.2730769217014313,0.5193995
cdec_PNF,37.09375_-119.09375,37.09375,-119.09375,2.4997967713696276,0.368461549282074,0.7686958
cdec_PNF,37.09375_-119.15625,37.09375,-119.15625,2.4995927599543304,0.34242603182792664,0.9981479
cdec_PNF,37.09375_-119.21875,37.09375,-119.21875,2.4998329356413898,0.39639052748680115,1.2889059
cdec_PNF,37.09375_-119.28125,37.09375,-119.28125,2.4998832740818515,0.36869823932647705,1.6320494
cdec_PNF,37.09375_-119.34375,37.09375,-119.34375,2.4996350779755536,0.33520710468292236,1.6587437
cdec_PNF,37.15625_-118.59375,37.15625,-118.59375,2.499957168492915,0.06621301919221878,0.15346383
cdec_PNF,37.15625_-118.65625,37.15625,-118.65625,2.4996433981784847,0.02869822457432747,0.0906823
cdec_PNF,37.15625_-118.78125,37.15625,-118.78125,2.4993238716587003,0.13053254783153534,0.20620811
cdec_PNF,37.15625_-118.84375,37.15625,-118.84375,2.497800891026797,0.18201182782649994,0.28455004
cdec_PNF,37.15625_-118.90625,37.15625,-118.90625,2.499565164911022,0.3245562016963959,0.6811713
cdec_PNF,37.15625_-118.96875,37.15625,-118.96875,2.4997822403237744,0.38360947370529175,0.78607464
cdec_PNF,37.15625_-119.03125,37.15625,-119.03125,2.4999733808368942,0.3361538350582123,0.63872564
cdec_PNF,37.15625_-119.09375,37.15625,-119.09375,2.4985290826833824,0.32147929072380066,0.628943
cdec_PNF,37.15625_-119.15625,37.15625,-119.15625,2.4986631716521126,0.40917161107063293,1.0371357
cdec_PNF,37.15625_-119.21875,37.15625,-119.21875,2.4985407641808077,0.32076922059059143,1.1322808
cdec_PNF,37.21875_-118.90625,37.21875,-118.90625,2.49993171993966,0.21491123735904694,0.44229534
cdec_PNF,37.21875_-118.96875,37.21875,-118.96875,2.4999704853676734,0.33094674348831177,0.66128856
cdec_SCC,35.96875_-118.59375,35.96875,-118.59375,2.4999850242382626,0.32461538910865784,1.8668936
cdec_SCC,35.96875_-118.65625,35.96875,-118.65625,2.4999866848161796,0.3491124212741852,2.2006054
cdec_SCC,35.96875_-118.71875,35.96875,-118.71875,2.4999627974436622,0.3873964548110962,1.7892175
cdec_SCC,35.96875_-118.78125,35.96875,-118.78125,2.4996071174965255,0.36100590229034424,1.1446247
cdec_SCC,35.96875_-118.84375,35.96875,-118.84375,2.49969189473647,0.352544367313385,0.7823598
cdec_SCC,36.03125_-118.59375,36.03125,-118.59375,2.4999268260838363,0.33656805753707886,1.8930291
cdec_SCC,36.03125_-118.65625,36.03125,-118.65625,2.499971502872761,0.3834911286830902,2.022597
cdec_SCC,36.03125_-118.71875,36.03125,-118.71875,2.4999452941713804,0.381538450717926,1.4961852
cdec_SCC,36.03125_-118.78125,36.03125,-118.78125,2.4997543513144986,0.34165680408477783,1.0373594
cdec_SCC,36.03125_-118.84375,36.03125,-118.84375,2.499873120461971,0.3629585802555084,0.82585
cdec_SCC,36.03125_-118.90625,36.03125,-118.90625,2.4999208241192266,0.2861538529396057,0.7447146
cdec_SCC,36.09375_-118.53125,36.09375,-118.53125,2.4999951521518105,0.3414793014526367,1.4972287
cdec_SCC,36.09375_-118.59375,36.09375,-118.59375,2.4999980492204807,0.3693491220474243,1.7183979
cdec_SCC,36.09375_-118.65625,36.09375,-118.65625,2.499938117703416,0.3899408280849457,2.26865
cdec_SCC,36.09375_-118.71875,36.09375,-118.71875,2.4999844256507617,0.43396449089050293,2.1076636
cdec_SCC,36.09375_-118.78125,36.09375,-118.78125,2.499969486878812,0.4214792847633362,1.2882472
cdec_SCC,36.09375_-118.84375,36.09375,-118.84375,2.4998273916518023,0.3362721800804138,0.88619447
cdec_SCC,36.09375_-118.90625,36.09375,-118.90625,2.4999927586065915,0.3024851977825165,0.7630979
cdec_SCC,36.09375_-118.96875,36.09375,-118.96875,2.499976355548428,0.33230769634246826,0.72225004
cdec_SCC,36.15625_-118.53125,36.15625,-118.53125,2.4999944107094665,0.36017751693725586,1.7030463
cdec_SCC,36.15625_-118.59375,36.15625,-118.59375,2.49998903689698,0.37781065702438354,2.1775255
cdec_SCC,36.15625_-118.65625,36.15625,-118.65625,2.4999932809082512,0.4032544493675232,2.310333
cdec_SCC,36.15625_-118.71875,36.15625,-118.71875,2.4999873121564,0.38905325531959534,1.5676507
cdec_SCC,36.15625_-118.78125,36.15625,-118.78125,2.499790482241796,0.37218934297561646,1.1760329
cdec_SCC,36.15625_-118.84375,36.15625,-118.84375,2.499783764183964,0.4179881513118744,0.9542178
cdec_SCC,36.15625_-118.90625,36.15625,-118.90625,2.4998899296734094,0.4223668575286865,0.8017618
cdec_SCC,36.21875_-118.59375,36.21875,-118.59375,2.4999926305430105,0.38242602348327637,1.6255337
cdec_SCC,36.21875_-118.65625,36.21875,-118.65625,2.4999829717475883,0.4169822633266449,2.4587057
cdec_SCC,36.21875_-118.71875,36.21875,-118.71875,2.499983031084288,0.4297633171081543,2.1269052
cdec_SCC,36.21875_-118.78125,36.21875,-118.78125,2.4996585513600347,0.4194674491882324,1.365649
cdec_SCC,36.21875_-118.84375,36.21875,-118.84375,2.4997381401369885,0.45207101106643677,1.1238253
cdec_SCC,36.21875_-118.90625,36.21875,-118.90625,2.4997773312749283,0.43183431029319763,0.8810735
cdec_SCC,36.28125_-118.59375,36.28125,-118.59375,2.4999993499740594,0.3140828311443329,0.9205719
cdec_SCC,36.28125_-118.65625,36.28125,-118.65625,2.499989485987708,0.29343196749687195,1.0724419
cdec_SCC,36.28125_-118.71875,36.28125,-118.71875,2.4999770210281964,0.3943786919116974,1.9372435
cdec_SCC,36.28125_-118.78125,36.28125,-118.78125,2.499989607843589,0.41183432936668396,1.793378
cdec_SCC,36.28125_-118.84375,36.28125,-118.84375,2.499925730256998,0.44378697872161865,1.5180427
cdec_SCC,36.34375_-118.65625,36.34375,-118.65625,2.499990987129606,0.35473373532295227,0.9896042
cdec_SCC,36.34375_-118.71875,36.34375,-118.71875,2.4999791933358795,0.38556212186813354,1.6997529
cdec_SCC,36.34375_-118.78125,36.34375,-118.78125,2.4999968909019943,0.40976330637931824,1.8370454
cdec_SHA,40.46875_-121.21875,40.46875,-121.21875,2.4998462689532057,0.3722485303878784,0.860824
cdec_SHA,40.46875_-121.28125,40.46875,-121.28125,2.4999833580705477,0.35461539030075073,0.87463456
cdec_SHA,40.46875_-121.34375,40.46875,-121.34375,2.4999938468572727,0.3552071154117584,0.95077056
cdec_SHA,40.46875_-121.40625,40.46875,-121.40625,2.4999987238625616,0.3584023714065552,1.1099523
cdec_SHA,40.46875_-121.46875,40.46875,-121.46875,2.4999975563980184,0.2819526493549347,0.6209389
cdec_SHA,40.46875_-121.53125,40.46875,-121.53125,2.4992149461246225,0.2546153962612152,0.5261976
cdec_SHA,40.53125_-121.15625,40.53125,-121.15625,2.4999880895494058,0.3984023630619049,1.4142983
cdec_SHA,40.53125_-121.21875,40.53125,-121.21875,2.499956241090877,0.37396448850631714,1.197092
cdec_SHA,40.53125_-121.28125,40.53125,-121.28125,2.4999884982326965,0.29674556851387024,0.9456718
cdec_SHA,40.53125_-121.34375,40.53125,-121.34375,2.499999693202809,0.2757396399974823,0.76355445
cdec_SHA,40.53125_-121.40625,40.53125,-121.40625,2.499998006264711,0.2819526493549347,0.8470478
cdec_SHA,40.53125_-121.46875,40.53125,-121.46875,2.4999981347747684,0.3378698229789734,1.1276582
cdec_SHA,40.53125_-121.53125,40.53125,-121.53125,2.4999658016934667,0.3342011868953705,1.2017533
cdec_SHA,40.53125_-121.59375,40.53125,-121.59375,2.4999961530875416,0.49449703097343445,2.1187177
cdec_SHA,40.59375_-121.03125,40.59375,-121.03125,2.4999755756211304,0.39254438877105713,1.1455259
cdec_SHA,40.59375_-121.09375,40.59375,-121.09375,2.4999885351880957,0.3728402256965637,1.173837
cdec_SHA,40.59375_-121.15625,40.59375,-121.15625,2.4999935729893363,0.4125443696975708,1.7142707
cdec_SHA,40.59375_-121.21875,40.59375,-121.21875,2.4999976006290794,0.42017751932144165,1.6972333
cdec_SHA,40.59375_-121.28125,40.59375,-121.28125,2.4999939385191725,0.3801775276660919,1.5153913
cdec_SHA,40.59375_-121.34375,40.59375,-121.34375,2.4999969123116257,0.3366864025592804,1.2520199
cdec_SHA,40.59375_-121.40625,40.59375,-121.40625,2.499863596561359,0.3273964524269104,1.4945762
cdec_SHA,40.59375_-121.46875,40.59375,-121.46875,2.499986126217127,0.40526628494262695,1.8245646
cdec_SHA,40.59375_-121.53125,40.59375,-121.53125,2.4999974145730977,0.4497041404247284,1.9589092
cdec_SHA,40.59375_-121.59375,40.59375,-121.59375,2.499997830975399,0.46272188425064087,2.0218413
cdec_SHA,40.59375_-121.65625,40.59375,-121.65625,2.499986996497627,0.502662718296051,2.0849364
cdec_SHA,40.65625_-121.03125,40.65625,-121.03125,2.4999717002668778,0.3835502862930298,1.0327111
cdec_SHA,40.65625_-121.09375,40.65625,-121.09375,2.499101338902815,0.3537278175354004,0.9820124
cdec_SHA,40.65625_-121.15625,40.65625,-121.15625,2.499819496015604,0.3307100534439087,1.0292385
cdec_SHA,40.65625_-121.21875,40.65625,-121.21875,2.4998318159974993,0.3462130129337311,1.1560314
cdec_SHA,40.65625_-121.28125,40.65625,-121.28125,2.4999718473372683,0.34242603182792664,1.0772388
cdec_SHA,40.65625_-121.34375,40.65625,-121.34375,2.4998534960045316,0.37431952357292175,1.3909935
cdec_SHA,40.65625_-121.40625,40.65625,-121.40625,2.499328865834162,0.3276331424713135,1.3148407
cdec_SHA,40.65625_-121.46875,40.65625,-121.46875,2.4999998320817083,0.4003550410270691,1.443978
cdec_SHA,40.65625_-121.53125,40.65625,-121.53125,2.499991970481548,0.4148520827293396,1.483125
cdec_SHA,40.65625_-121.59375,40.65625,-121.59375,2.4999919053888373,0.4514792859554291,1.648657
cdec_SHA,40.65625_-121.65625,40.65625,-121.65625,2.4999932752848038,0.526627242565155,2.0313487
cdec_SHA,40.65625_-121.71875,40.65625,-121.71875,2.4999818071258764,0.5139644742012024,2.3370464
cdec_SHA,40.71875_-120.96875,40.71875,-120.96875,2.4999701851150093,0.3788165748119354,1.2693558
cdec_SHA,40.71875_-121.03125,40.71875,-121.03125,2.4998698947236746,0.3825443685054779,1.2657167
cdec_SHA,40.71875_-121.09375,40.71875,-121.09375,2.499989385677089,0.397396445274353,1.4394051
cdec_SHA,40.71875_-121.15625,40.71875,-121.15625,2.4990909253625047,0.3995266258716583,1.2437575
cdec_SHA,40.71875_-121.21875,40.71875,-121.21875,2.4998030729784233,0.3168047368526459,0.98367107
cdec_SHA,40.71875_-121.28125,40.71875,-121.28125,2.499009351051243,0.3502366840839386,1.0088682
cdec_SHA,40.71875_-121.34375,40.71875,-121.34375,2.4990569131991025,0.36384615302085876,1.1561669
cdec_SHA,40.71875_-121.40625,40.71875,-121.40625,2.499288149794741,0.3664497137069702,1.0492808
cdec_SHA,40.71875_-121.46875,40.71875,-121.46875,2.4999960916204476,0.42621302604675293,1.5024258
cdec_SHA,40.71875_-121.53125,40.71875,-121.53125,2.4999906866468518,0.41224852204322815,1.4639162
cdec_SHA,40.71875_-121.59375,40.71875,-121.59375,2.499987910712388,0.40295857191085815,1.255612
cdec_SHA,40.71875_-121.65625,40.71875,-121.65625,2.4999998527029,0.5381065011024475,2.2358406
cdec_SHA,40.71875_-121.71875,40.71875,-121.71875,2.4999999651276994,0.46792900562286377,1.8930831
cdec_SHA,40.71875_-121.78125,40.71875,-121.78125,2.4999929382534263,0.5023077130317688,1.785408
cdec_SHA,40.71875_-122.09375,40.71875,-122.09375,2.488935515765501,0.45485207438468933,1.7311683
cdec_SHA,40.71875_-122.15625,40.71875,-122.15625,2.4711969670875975,0.37994083762168884,1.3598913
cdec_SHA,40.71875_-122.21875,40.71875,-122.21875,2.486718086133974,0.31065088510513306,1.1600171
cdec_SHA,40.71875_-122.28125,40.71875,-122.28125,2.4720271212852687,0.31609466671943665,1.6017718
cdec_SHA,40.71875_-122.34375,40.71875,-122.34375,2.4874136830855367,0.3856213092803955,1.7181463
cdec_SHA,40.71875_-122.40625,40.71875,-122.40625,2.4793273092304258,0.3254437744617462,1.5941372
cdec_SHA,40.71875_-122.46875,40.71875,-122.46875,2.4977764957384325,0.3914792835712433,1.4379524
cdec_SHA,40.71875_-122.53125,40.71875,-122.53125,2.49248342969507,0.3767455518245697,1.6661022
cdec_SHA,40.78125_-120.90625,40.78125,-120.90625,2.4999837310362096,0.3784615397453308,1.207558
cdec_SHA,40.78125_-120.96875,40.78125,-120.96875,2.499474936355512,0.3678106367588043,1.2000744
cdec_SHA,40.78125_-121.03125,40.78125,-121.03125,2.499931162649843,0.36023667454719543,1.1205401
cdec_SHA,40.78125_-121.09375,40.78125,-121.09375,2.4998388697691194,0.39313608407974243,1.3350272
cdec_SHA,40.78125_-121.15625,40.78125,-121.15625,2.4998958792682773,0.3904733657836914,1.3539305
cdec_SHA,40.78125_-121.21875,40.78125,-121.21875,2.499012820410642,0.40970414876937866,1.5236152
cdec_SHA,40.78125_-121.28125,40.78125,-121.28125,2.4996111576960915,0.3765680491924286,1.1604621
cdec_SHA,40.78125_-121.34375,40.78125,-121.34375,2.4994723612087055,0.3549112379550934,0.9317687
cdec_SHA,40.78125_-121.40625,40.78125,-121.40625,2.498715046323806,0.3061538338661194,0.65968335
cdec_SHA,40.78125_-121.46875,40.78125,-121.46875,2.4995114169371395,0.2800000011920929,0.7972886
cdec_SHA,40.78125_-121.53125,40.78125,-121.53125,2.4998267979118785,0.3427218794822693,1.332593
cdec_SHA,40.78125_-121.59375,40.78125,-121.59375,2.499999800357132,0.36331361532211304,1.3720129
cdec_SHA,40.78125_-121.65625,40.78125,-121.65625,2.4999999504796295,0.4821893572807312,2.135169
cdec_SHA,40.78125_-121.71875,40.78125,-121.71875,2.499999995389876,0.515562117099762,2.3705633
cdec_SHA,40.78125_-121.78125,40.78125,-121.78125,2.4999999700053035,0.5751479268074036,2.3708332
cdec_SHA,40.78125_-121.84375,40.78125,-121.84375,2.4999899351152433,0.5152071118354797,2.1920264
cdec_SHA,40.78125_-121.90625,40.78125,-121.90625,2.4991626531652766,0.44840237498283386,1.8978167
cdec_SHA,40.78125_-121.96875,40.78125,-121.96875,2.4984591432898267,0.44958579540252686,1.8980019
cdec_SHA,40.78125_-122.03125,40.78125,-122.03125,2.499267264436214,0.5257396697998047,2.6827292
cdec_SHA,40.78125_-122.09375,40.78125,-122.09375,2.4995024553465486,0.5224260091781616,2.5464988
cdec_SHA,40.78125_-122.15625,40.78125,-122.15625,2.488307518602697,0.3883431851863861,2.0547018
cdec_SHA,40.78125_-122.21875,40.78125,-122.21875,2.496739873040249,0.3279881775379181,1.817619
cdec_SHA,40.78125_-122.28125,40.78125,-122.28125,2.4970423864569815,0.34396448731422424,1.813641
cdec_SHA,40.78125_-122.34375,40.78125,-122.34375,2.4851144160299543,0.29420119524002075,1.7153546
cdec_SHA,40.78125_-122.40625,40.78125,-122.40625,2.49490594316363,0.21213017404079437,1.348731
cdec_SHA,40.78125_-122.46875,40.78125,-122.46875,2.499613761150091,0.4146745502948761,2.0808425
cdec_SHA,40.78125_-122.53125,40.78125,-122.53125,2.499398877980205,0.42331361770629883,2.2681193
cdec_SHA,40.84375_-120.84375,40.84375,-120.84375,2.499959944137523,0.3368639051914215,0.87257576
cdec_SHA,40.84375_-120.90625,40.84375,-120.90625,2.49957304388775,0.36544379591941833,0.982036
cdec_SHA,40.84375_-120.96875,40.84375,-120.96875,2.4998758729208266,0.3356804847717285,0.82394534
cdec_SHA,40.84375_-121.03125,40.84375,-121.03125,2.499984309367859,0.3188757300376892,0.6415657
cdec_SHA,40.84375_-121.09375,40.84375,-121.09375,2.499962392797757,0.3418934941291809,0.72135365
cdec_SHA,40.84375_-121.15625,40.84375,-121.15625,2.499915496607383,0.38538461923599243,1.2278392
cdec_SHA,40.84375_-121.21875,40.84375,-121.21875,2.4996692589355893,0.35887575149536133,1.0757858
cdec_SHA,40.84375_-121.28125,40.84375,-121.28125,2.4998628992924807,0.32053253054618835,0.9871155
cdec_SHA,40.84375_-121.34375,40.84375,-121.34375,2.4994649259012105,0.32153844833374023,0.9645543
cdec_SHA,40.84375_-121.40625,40.84375,-121.40625,2.4994021142111706,0.30952662229537964,0.68655515
cdec_SHA,40.84375_-121.46875,40.84375,-121.46875,2.499024947240797,0.38999998569488525,0.687079
cdec_SHA,40.84375_-121.53125,40.84375,-121.53125,2.499308899194722,0.3784615397453308,0.9932582
cdec_SHA,40.84375_-121.59375,40.84375,-121.59375,2.4999941022881265,0.4000000059604645,1.5631382
cdec_SHA,40.84375_-121.65625,40.84375,-121.65625,2.499999485052623,0.46355029940605164,2.0659227
cdec_SHA,40.84375_-121.71875,40.84375,-121.71875,2.4999999601680427,0.4936094582080841,2.1803472
cdec_SHA,40.84375_-121.78125,40.84375,-121.78125,2.4999968096231107,0.44532543420791626,2.096655
cdec_SHA,40.84375_-121.84375,40.84375,-121.84375,2.4999628768905398,0.46715977787971497,2.1103256
cdec_SHA,40.84375_-121.90625,40.84375,-121.90625,2.4992923840913295,0.42810651659965515,1.8743039
cdec_SHA,40.84375_-121.96875,40.84375,-121.96875,2.499505412675088,0.5020710229873657,2.4008226
cdec_SHA,40.84375_-122.03125,40.84375,-122.03125,2.499960633241738,0.5766863822937012,3.127337
cdec_SHA,40.84375_-122.09375,40.84375,-122.09375,2.4999874304979066,0.6105325222015381,3.170113
cdec_SHA,40.84375_-122.15625,40.84375,-122.15625,2.4999963109318646,0.5988757610321045,3.214111
cdec_SHA,40.84375_-122.21875,40.84375,-122.21875,2.499985491163508,0.5583431720733643,2.72615
cdec_SHA,40.84375_-122.28125,40.84375,-122.28125,2.4999040370467496,0.480236679315567,2.4393423
cdec_SHA,40.84375_-122.34375,40.84375,-122.34375,2.4976500417128245,0.43508875370025635,2.1017182
cdec_SHA,40.84375_-122.40625,40.84375,-122.40625,2.493283680730305,0.32846152782440186,1.5671813
cdec_SHA,40.84375_-122.46875,40.84375,-122.46875,2.499786609477605,0.4645562171936035,2.2319267
cdec_SHA,40.84375_-122.53125,40.84375,-122.53125,2.4993306587198134,0.386982262134552,2.0049474
cdec_SHA,40.90625_-120.78125,40.90625,-120.78125,2.4999990731621953,0.3700000047683716,0.560331
cdec_SHA,40.90625_-120.84375,40.90625,-120.84375,2.4999667876622,0.3039644956588745,0.4467781
cdec_SHA,40.90625_-120.90625,40.90625,-120.90625,2.4999935581876906,0.28260356187820435,0.38256484
cdec_SHA,40.90625_-120.96875,40.90625,-120.96875,2.4999961348265813,0.2718935012817383,0.37542787
cdec_SHA,40.90625_-121.03125,40.90625,-121.03125,2.4999989787611865,0.27721893787384033,0.4900945
cdec_SHA,40.90625_-121.09375,40.90625,-121.09375,2.4999953273341005,0.3382840156555176,0.6494645
cdec_SHA,40.90625_-121.15625,40.90625,-121.15625,2.4999903958274325,0.32692307233810425,0.59286356
cdec_SHA,40.90625_-121.21875,40.90625,-121.21875,2.499940847967789,0.3459171652793884,0.86589473
cdec_SHA,40.90625_-121.28125,40.90625,-121.28125,2.4998984480725097,0.33816567063331604,0.6387712
cdec_SHA,40.90625_-121.34375,40.90625,-121.34375,2.4992102407894388,0.34088757634162903,0.6801955
cdec_SHA,40.90625_-121.40625,40.90625,-121.40625,2.4994489744248813,0.3284023702144623,0.5741639
cdec_SHA,40.90625_-121.46875,40.90625,-121.46875,2.4996437539186647,0.3284023702144623,0.589437
cdec_SHA,40.90625_-121.53125,40.90625,-121.53125,2.4985561773228215,0.3320710062980652,0.79023093
cdec_SHA,40.90625_-121.59375,40.90625,-121.59375,2.4997646591628424,0.359112411737442,0.9870652
cdec_SHA,40.90625_-121.65625,40.90625,-121.65625,2.4996998565104436,0.3434911370277405,1.1508694
cdec_SHA,40.90625_-121.71875,40.90625,-121.71875,2.499946266524735,0.34976330399513245,1.6407601
cdec_SHA,40.90625_-121.78125,40.90625,-121.78125,2.4999989551831128,0.4398224949836731,2.2730386
cdec_SHA,40.90625_-121.84375,40.90625,-121.84375,2.499987119249994,0.455443799495697,1.9718812
cdec_SHA,40.90625_-121.90625,40.90625,-121.90625,2.4999108382441784,0.48053255677223206,2.5268123
cdec_SHA,40.90625_-121.96875,40.90625,-121.96875,2.4999845944985015,0.5649704337120056,3.002355
cdec_SHA,40.90625_-122.03125,40.90625,-122.03125,2.4999969126690713,0.6329585909843445,3.3293765
cdec_SHA,40.90625_-122.09375,40.90625,-122.09375,2.4999983722479326,0.6138461828231812,3.3934884
cdec_SHA,40.90625_-122.15625,40.90625,-122.15625,2.4999995913383373,0.6071597337722778,3.5916278
cdec_SHA,40.90625_-122.21875,40.90625,-122.21875,2.4998560085018893,0.48639053106307983,2.6386418
cdec_SHA,40.90625_-122.28125,40.90625,-122.28125,2.4999185158275736,0.4359763264656067,2.7970583
cdec_SHA,40.90625_-122.34375,40.90625,-122.34375,2.4998357315574937,0.3614201247692108,2.6232517
cdec_SHA,40.90625_-122.40625,40.90625,-122.40625,2.499718113753038,0.4363313615322113,2.0649865
cdec_SHA,40.90625_-122.46875,40.90625,-122.46875,2.499954083993164,0.5299999713897705,2.4262807
cdec_SHA,40.90625_-122.53125,40.90625,-122.53125,2.499846946702117,0.4603550434112549,2.4255323
cdec_SHA,40.96875_-120.59375,40.96875,-120.59375,2.499999731203448,0.23396450281143188,0.38232496
cdec_SHA,40.96875_-120.65625,40.96875,-120.65625,2.499993984486462,0.2757396399974823,0.40772435
cdec_SHA,40.96875_-120.71875,40.96875,-120.71875,2.499997945217997,0.2955029606819153,0.5411822
cdec_SHA,40.96875_-120.78125,40.96875,-120.78125,2.4997979447326983,0.3202366828918457,0.9469738
cdec_SHA,40.96875_-120.84375,40.96875,-120.84375,2.4999398884830617,0.32881656289100647,0.7966703
cdec_SHA,40.96875_-120.90625,40.96875,-120.90625,2.499979155861316,0.21958580613136292,0.31817016
cdec_SHA,40.96875_-120.96875,40.96875,-120.96875,2.4999992196589433,0.2687574028968811,0.5089203
cdec_SHA,40.96875_-121.03125,40.96875,-121.03125,2.4999956577329705,0.281715989112854,0.83800226
cdec_SHA,40.96875_-121.09375,40.96875,-121.09375,2.499783620997294,0.32668638229370117,1.1586748
cdec_SHA,40.96875_-121.15625,40.96875,-121.15625,2.499970372265392,0.2818934917449951,0.52435255
cdec_SHA,40.96875_-121.21875,40.96875,-121.21875,2.4999066726397343,0.2950887680053711,0.4766498
cdec_SHA,40.96875_-121.28125,40.96875,-121.28125,2.4998656464117293,0.3161538541316986,0.54195917
cdec_SHA,40.96875_-121.34375,40.96875,-121.34375,2.4996301892237742,0.33656805753707886,0.5736882
cdec_SHA,40.96875_-121.40625,40.96875,-121.40625,2.4992666449414784,0.33757397532463074,0.6083383
cdec_SHA,40.96875_-121.46875,40.96875,-121.46875,2.4988155014118547,0.2892899513244629,0.6481146
cdec_SHA,40.96875_-121.53125,40.96875,-121.53125,2.498166266272179,0.30792897939682007,0.70368713
cdec_SHA,40.96875_-121.59375,40.96875,-121.59375,2.499734362586359,0.2774556279182434,0.8379558
cdec_SHA,40.96875_-121.65625,40.96875,-121.65625,2.4997279216092996,0.3263905346393585,1.4131774
cdec_SHA,40.96875_-121.71875,40.96875,-121.71875,2.498844276201533,0.3127219080924988,1.8525612
cdec_SHA,40.96875_-121.78125,40.96875,-121.78125,2.499982795044164,0.39988166093826294,2.3891263
cdec_SHA,40.96875_-121.84375,40.96875,-121.84375,2.499988625595133,0.43952661752700806,2.3220904
cdec_SHA,40.96875_-121.90625,40.96875,-121.90625,2.4999296547939363,0.42254438996315,2.3732007
cdec_SHA,40.96875_-121.96875,40.96875,-121.96875,2.4999320260408364,0.4760355055332184,2.7154956
cdec_SHA,40.96875_-122.03125,40.96875,-122.03125,2.4999415092404798,0.49041420221328735,2.9462256
cdec_SHA,40.96875_-122.09375,40.96875,-122.09375,2.4999876479135015,0.4965088665485382,3.0641062
cdec_SHA,40.96875_-122.15625,40.96875,-122.15625,2.4999781549037428,0.5751479268074036,3.2963238
cdec_SHA,40.96875_-122.21875,40.96875,-122.21875,2.4999901965430062,0.4666863977909088,2.7754784
cdec_SHA,40.96875_-122.28125,40.96875,-122.28125,2.4998461961359597,0.36449703574180603,2.5054548
cdec_SHA,40.96875_-122.34375,40.96875,-122.34375,2.4997893430718907,0.3478698134422302,2.6528952
cdec_SHA,40.96875_-122.40625,40.96875,-122.40625,2.4990062286155696,0.32792899012565613,2.4620605
cdec_SHA,40.96875_-122.46875,40.96875,-122.46875,2.49950989324545,0.2879289984703064,2.4629557
cdec_SHA,40.96875_-122.53125,40.96875,-122.53125,2.4999466235479573,0.3752070963382721,2.420303
cdec_SHA,41.03125_-120.21875,41.03125,-120.21875,2.4999968380310538,0.27585798501968384,0.33149147
cdec_SHA,41.03125_-120.28125,41.03125,-120.28125,2.499996614264238,0.28573963046073914,0.33252496
cdec_SHA,41.03125_-120.34375,41.03125,-120.34375,2.4999971102417695,0.272426038980484,0.37015846
cdec_SHA,41.03125_-120.40625,41.03125,-120.40625,2.499982929365956,0.2569822371006012,0.3431508
cdec_SHA,41.03125_-120.59375,41.03125,-120.59375,2.499999586908444,0.25360947847366333,0.38273862
cdec_SHA,41.03125_-120.65625,41.03125,-120.65625,2.4999944516294557,0.23680473864078522,0.44951952
cdec_SHA,41.03125_-120.71875,41.03125,-120.71875,2.499998683323709,0.27289941906929016,0.63728976
cdec_SHA,41.03125_-120.78125,41.03125,-120.78125,2.4998274177207667,0.29497042298316956,0.9263392
cdec_SHA,41.03125_-120.84375,41.03125,-120.84375,2.4997080916069088,0.24757397174835205,0.75356203
cdec_SHA,41.03125_-120.90625,41.03125,-120.90625,2.499983455865297,0.2975739538669586,0.78256565
cdec_SHA,41.03125_-120.96875,41.03125,-120.96875,2.49939018270741,0.3061538338661194,0.86954504
cdec_SHA,41.03125_-121.03125,41.03125,-121.03125,2.4998986178349147,0.3276331424713135,0.96966505
cdec_SHA,41.03125_-121.09375,41.03125,-121.09375,2.499737799303868,0.3043195307254791,0.98719597
cdec_SHA,41.03125_-121.15625,41.03125,-121.15625,2.4999787341084465,0.31840237975120544,0.6231231
cdec_SHA,41.03125_-121.21875,41.03125,-121.21875,2.4998631849891204,0.31934911012649536,0.94624835
cdec_SHA,41.03125_-121.28125,41.03125,-121.28125,2.4984163130437524,0.3179289996623993,0.79288286
cdec_SHA,41.03125_-121.34375,41.03125,-121.34375,2.4984194349708924,0.33875739574432373,0.9552374
cdec_SHA,41.03125_-121.40625,41.03125,-121.40625,2.498471456473788,0.33017751574516296,0.97218364
cdec_SHA,41.03125_-121.46875,41.03125,-121.46875,2.498953978411804,0.343313604593277,0.91172624
cdec_SHA,41.03125_-121.53125,41.03125,-121.53125,2.494721156291366,0.3134319484233856,0.8884048
cdec_SHA,41.03125_-121.59375,41.03125,-121.59375,2.498734554960724,0.3422485291957855,1.0998187
cdec_SHA,41.03125_-121.65625,41.03125,-121.65625,2.4992872283652203,0.32946744561195374,1.4800252
cdec_SHA,41.03125_-121.71875,41.03125,-121.71875,2.499996221253137,0.4747928977012634,2.639578
cdec_SHA,41.03125_-121.78125,41.03125,-121.78125,2.4999999581109718,0.5320709943771362,3.1697314
cdec_SHA,41.03125_-121.84375,41.03125,-121.84375,2.4999998062596838,0.526627242565155,2.9186742
cdec_SHA,41.03125_-121.90625,41.03125,-121.90625,2.49981197212585,0.480295866727829,2.5703254
cdec_SHA,41.03125_-121.96875,41.03125,-121.96875,2.499966886288427,0.48538461327552795,2.7873912
cdec_SHA,41.03125_-122.03125,41.03125,-122.03125,2.499908978373912,0.3724852204322815,2.491546
cdec_SHA,41.03125_-122.09375,41.03125,-122.09375,2.4997625806169985,0.33000001311302185,2.1424966
cdec_SHA,41.03125_-122.15625,41.03125,-122.15625,2.499961788027723,0.5462722182273865,2.9478264
cdec_SHA,41.03125_-122.21875,41.03125,-122.21875,2.499991763171722,0.4614792764186859,2.7281148
cdec_SHA,41.03125_-122.28125,41.03125,-122.28125,2.499948084467274,0.4457988142967224,2.5979178
cdec_SHA,41.03125_-122.34375,41.03125,-122.34375,2.499791582320528,0.4409467577934265,2.9077332
cdec_SHA,41.03125_-122.40625,41.03125,-122.40625,2.4991479561255145,0.32946744561195374,2.112263
cdec_SHA,41.03125_-122.46875,41.03125,-122.46875,2.499590461729076,0.2597041428089142,1.7027065
cdec_SHA,41.03125_-122.53125,41.03125,-122.53125,2.4990240394660277,0.25201183557510376,1.7604103
cdec_SHA,41.09375_-120.15625,41.09375,-120.15625,2.4998030774229028,0.34029585123062134,0.4918768
cdec_SHA,41.09375_-120.21875,41.09375,-120.21875,2.499388125095253,0.35976332426071167,0.46803695
cdec_SHA,41.09375_-120.28125,41.09375,-120.28125,2.499945656892765,0.3095858097076416,0.4614834
cdec_SHA,41.09375_-120.34375,41.09375,-120.34375,2.499990874254552,0.280177503824234,0.41786277
cdec_SHA,41.09375_-120.40625,41.09375,-120.40625,2.499999881685976,0.1998816579580307,0.2944353
cdec_SHA,41.09375_-120.46875,41.09375,-120.46875,2.49999850107387,0.25207099318504333,0.40008402
cdec_SHA,41.09375_-120.53125,41.09375,-120.53125,2.4999955698472727,0.26171597838401794,0.4102157
cdec_SHA,41.09375_-120.59375,41.09375,-120.59375,2.4999839926242577,0.26751479506492615,0.42835373
cdec_SHA,41.09375_-120.65625,41.09375,-120.65625,2.4999889751927133,0.31603550910949707,0.44581822
cdec_SHA,41.09375_-120.71875,41.09375,-120.71875,2.499972612039369,0.3117159903049469,0.46547303
cdec_SHA,41.09375_-120.78125,41.09375,-120.78125,2.4999846818635945,0.28644970059394836,0.77193815
cdec_SHA,41.09375_-120.84375,41.09375,-120.84375,2.499850224051185,0.29343196749687195,0.6693083
cdec_SHA,41.09375_-120.90625,41.09375,-120.90625,2.499962357916207,0.3113609552383423,0.70043826
cdec_SHA,41.09375_-120.96875,41.09375,-120.96875,2.499845484360283,0.3351479172706604,0.81402445
cdec_SHA,41.09375_-121.03125,41.09375,-121.03125,2.4998727164372427,0.31875738501548767,0.48114628
cdec_SHA,41.09375_-121.09375,41.09375,-121.09375,2.4997221838844537,0.2937869727611542,0.75628895
cdec_SHA,41.09375_-121.15625,41.09375,-121.15625,2.4999960907323793,0.41266271471977234,0.6492113
cdec_SHA,41.09375_-121.21875,41.09375,-121.21875,2.4999861208196847,0.34532544016838074,1.1757816
cdec_SHA,41.09375_-121.28125,41.09375,-121.28125,2.4992990010804763,0.3405325412750244,0.79583406
cdec_SHA,41.09375_-121.34375,41.09375,-121.34375,2.4981512524455347,0.35650888085365295,0.9167551
cdec_SHA,41.09375_-121.40625,41.09375,-121.40625,2.499786931743541,0.4229585826396942,0.88736176
cdec_SHA,41.09375_-121.46875,41.09375,-121.46875,2.4994121503884945,0.33331361413002014,1.0640252
cdec_SHA,41.09375_-121.53125,41.09375,-121.53125,2.4988321880166464,0.40124261379241943,1.2370449
cdec_SHA,41.09375_-121.59375,41.09375,-121.59375,2.499926423194818,0.448579877614975,2.0538137
cdec_SHA,41.09375_-121.65625,41.09375,-121.65625,2.4999988375163573,0.4073372781276703,2.531743
cdec_SHA,41.09375_-121.71875,41.09375,-121.71875,2.499999769266696,0.4515976309776306,2.8725045
cdec_SHA,41.09375_-121.78125,41.09375,-121.78125,2.499998782698814,0.44692307710647583,2.130965
cdec_SHA,41.09375_-121.84375,41.09375,-121.84375,2.4999994395196037,0.49721893668174744,2.5131786
cdec_SHA,41.09375_-121.90625,41.09375,-121.90625,2.499999314527713,0.612958550453186,3.3904889
cdec_SHA,41.09375_-121.96875,41.09375,-121.96875,2.499999890386892,0.6068639159202576,3.44338
cdec_SHA,41.09375_-122.03125,41.09375,-122.03125,2.499974943108308,0.49408283829689026,2.8428736
cdec_SHA,41.09375_-122.09375,41.09375,-122.09375,2.4999122281687596,0.4769822359085083,2.6367023
cdec_SHA,41.09375_-122.15625,41.09375,-122.15625,2.499995601950945,0.6534911394119263,3.3204594
cdec_SHA,41.09375_-122.21875,41.09375,-122.21875,2.4999934322287807,0.5979290008544922,3.2183852
cdec_SHA,41.09375_-122.28125,41.09375,-122.28125,2.4999929217258026,0.6023668646812439,3.1026952
cdec_SHA,41.09375_-122.34375,41.09375,-122.34375,2.499980776106267,0.5323668718338013,2.7806537
cdec_SHA,41.09375_-122.40625,41.09375,-122.40625,2.4999902551485436,0.518224835395813,2.0786862
cdec_SHA,41.09375_-122.46875,41.09375,-122.46875,2.4990328222018503,0.4304733872413635,1.291792
cdec_SHA,41.09375_-122.53125,41.09375,-122.53125,2.499386240085337,0.4108284115791321,1.3086616
cdec_SHA,41.15625_-120.15625,41.15625,-120.15625,2.49992823368784,0.3502366840839386,0.6960269
cdec_SHA,41.15625_-120.21875,41.15625,-120.21875,2.4987509898469873,0.36384615302085876,0.6569636
cdec_SHA,41.15625_-120.28125,41.15625,-120.28125,2.4990812447241195,0.3264496922492981,0.756703
cdec_SHA,41.15625_-120.34375,41.15625,-120.34375,2.4999904579244325,0.28278106451034546,0.51165307
cdec_SHA,41.15625_-120.40625,41.15625,-120.40625,2.4999998777267245,0.23911242187023163,0.44854718
cdec_SHA,41.15625_-120.46875,41.15625,-120.46875,2.4999697155250122,0.24017751216888428,0.4631803
cdec_SHA,41.15625_-120.53125,41.15625,-120.53125,2.499997073232768,0.26905325055122375,0.5183261
cdec_SHA,41.15625_-120.59375,41.15625,-120.59375,2.499628698587318,0.30798816680908203,0.5064236
cdec_SHA,41.15625_-120.65625,41.15625,-120.65625,2.499991188198078,0.3484615385532379,0.7058948
cdec_SHA,41.15625_-120.71875,41.15625,-120.71875,2.4995624948861606,0.36467456817626953,0.7679328
cdec_SHA,41.15625_-120.78125,41.15625,-120.78125,2.499810933101608,0.373786985874176,1.1366242
cdec_SHA,41.15625_-120.84375,41.15625,-120.84375,2.4997701521080375,0.3403550386428833,0.7824206
cdec_SHA,41.15625_-120.90625,41.15625,-120.90625,2.499898145454551,0.3210059106349945,0.41331986
cdec_SHA,41.15625_-120.96875,41.15625,-120.96875,2.499833107875096,0.3581656813621521,0.6501141
cdec_SHA,41.15625_-121.03125,41.15625,-121.03125,2.4997081151282963,0.2983431816101074,0.66842854
cdec_SHA,41.15625_-121.09375,41.15625,-121.09375,2.49965567252229,0.39834320545196533,0.7216068
cdec_SHA,41.15625_-121.15625,41.15625,-121.15625,2.499995182720761,0.3949112296104431,0.6040062
cdec_SHA,41.15625_-121.21875,41.15625,-121.21875,2.499979764649403,0.39230769872665405,1.3224772
cdec_SHA,41.15625_-121.28125,41.15625,-121.28125,2.4999945828348826,0.4028402268886566,1.7630812
cdec_SHA,41.15625_-121.34375,41.15625,-121.34375,2.4984732409408514,0.3582248389720917,1.0679446
cdec_SHA,41.15625_-121.40625,41.15625,-121.40625,2.4999122835964602,0.2376331388950348,0.45696387
cdec_SHA,41.15625_-121.46875,41.15625,-121.46875,2.498827707953231,0.26792898774147034,0.5806862
cdec_SHA,41.15625_-121.53125,41.15625,-121.53125,2.499533910656031,0.32035502791404724,0.9067381
cdec_SHA,41.15625_-121.59375,41.15625,-121.59375,2.4999986003761316,0.42905324697494507,2.3734307
cdec_SHA,41.15625_-121.65625,41.15625,-121.65625,2.4999993760551424,0.43491125106811523,2.6861632
cdec_SHA,41.15625_-121.71875,41.15625,-121.71875,2.4999997609990974,0.43603551387786865,2.2862468
cdec_SHA,41.15625_-121.78125,41.15625,-121.78125,2.49999873494005,0.4317159652709961,2.0591426
cdec_SHA,41.15625_-121.84375,41.15625,-121.84375,2.499999760274651,0.5210651159286499,2.5833232
cdec_SHA,41.15625_-121.90625,41.15625,-121.90625,2.499998033119602,0.5355029702186584,2.6005402
cdec_SHA,41.15625_-121.96875,41.15625,-121.96875,2.499997284030242,0.5113017559051514,2.4509296
cdec_SHA,41.15625_-122.03125,41.15625,-122.03125,2.4999956991749723,0.5201775431632996,2.8682415
cdec_SHA,41.15625_-122.09375,41.15625,-122.09375,2.4999977208306303,0.5121893286705017,2.8543007
cdec_SHA,41.15625_-122.15625,41.15625,-122.15625,2.4999978086494554,0.61834317445755,3.3217106
cdec_SHA,41.15625_-122.21875,41.15625,-122.21875,2.499999002591587,0.6346745491027832,3.2609553
cdec_SHA,41.15625_-122.28125,41.15625,-122.28125,2.499997491286816,0.5994082689285278,3.0974607
cdec_SHA,41.15625_-122.34375,41.15625,-122.34375,2.4999846093604257,0.502366840839386,2.2993917
cdec_SHA,41.15625_-122.40625,41.15625,-122.40625,2.4999931777471254,0.5326627492904663,2.187921
cdec_SHA,41.15625_-122.46875,41.15625,-122.46875,2.499853107891416,0.4552662670612335,1.4162631
cdec_SHA,41.21875_-120.15625,41.21875,-120.15625,2.4999603955413296,0.36792898178100586,0.60981077
cdec_SHA,41.21875_-120.21875,41.21875,-120.21875,2.497466572887409,0.34313610196113586,0.6851585
cdec_SHA,41.21875_-120.28125,41.21875,-120.28125,2.4993330996365763,0.3604733645915985,0.71795887
cdec_SHA,41.21875_-120.34375,41.21875,-120.34375,2.499998413450356,0.3401775062084198,0.6355528
cdec_SHA,41.21875_-120.40625,41.21875,-120.40625,2.499991365017208,0.2331952601671219,0.3234424
cdec_SHA,41.21875_-120.46875,41.21875,-120.46875,2.499947427785589,0.32112425565719604,0.47829387
cdec_SHA,41.21875_-120.53125,41.21875,-120.53125,2.4999864413527924,0.42502957582473755,0.8044779
cdec_SHA,41.21875_-120.59375,41.21875,-120.59375,2.4999886292462445,0.29171597957611084,0.44327858
cdec_SHA,41.21875_-120.65625,41.21875,-120.65625,2.4999915854254655,0.35088756680488586,0.9059168
cdec_SHA,41.21875_-120.71875,41.21875,-120.71875,2.4999959582673155,0.3708875775337219,1.2922225
cdec_SHA,41.21875_-120.78125,41.21875,-120.78125,2.4996520541463463,0.3856804668903351,1.2232841
cdec_SHA,41.21875_-120.84375,41.21875,-120.84375,2.4997557451171355,0.3614201247692108,0.81741333
cdec_SHA,41.21875_-120.90625,41.21875,-120.90625,2.499867511884811,0.39195266366004944,0.60832345
cdec_SHA,41.21875_-120.96875,41.21875,-120.96875,2.4999576800934618,0.34958580136299133,0.63650507
cdec_SHA,41.21875_-121.03125,41.21875,-121.03125,2.499929299967726,0.37899407744407654,0.5136788
cdec_SHA,41.21875_-121.09375,41.21875,-121.09375,2.4996352648079307,0.3771597743034363,0.60471404
cdec_SHA,41.21875_-121.15625,41.21875,-121.15625,2.4999031471665276,0.27852070331573486,0.6295059
cdec_SHA,41.21875_-121.21875,41.21875,-121.21875,2.4999621402839036,0.30443787574768066,1.0756605
cdec_SHA,41.21875_-121.28125,41.21875,-121.28125,2.499984486042729,0.3550295829772949,1.9413745
cdec_SHA,41.21875_-121.34375,41.21875,-121.34375,2.499642635180177,0.33603549003601074,1.565263
cdec_SHA,41.21875_-121.40625,41.21875,-121.40625,2.4987851477776655,0.36911243200302124,0.9038878
cdec_SHA,41.21875_-121.46875,41.21875,-121.46875,2.4999167719249016,0.3237278163433075,1.1058152
cdec_SHA,41.21875_-121.53125,41.21875,-121.53125,2.499962015297707,0.3085798919200897,0.60445166
cdec_SHA,41.21875_-121.59375,41.21875,-121.59375,2.499999445846747,0.3452070951461792,1.3318911
cdec_SHA,41.21875_-121.65625,41.21875,-121.65625,2.4999967487571135,0.410591721534729,2.046545
cdec_SHA,41.21875_-121.71875,41.21875,-121.71875,2.4999923200044556,0.3837278187274933,1.9969524
cdec_SHA,41.21875_-121.78125,41.21875,-121.78125,2.499999596037463,0.5268639326095581,2.605804
cdec_SHA,41.21875_-121.84375,41.21875,-121.84375,2.4999999204260948,0.4681065082550049,2.358339
cdec_SHA,41.21875_-121.90625,41.21875,-121.90625,2.499999954468781,0.47514793276786804,2.623739
cdec_SHA,41.21875_-121.96875,41.21875,-121.96875,2.499999936612819,0.45928993821144104,2.709245
cdec_SHA,41.21875_-122.03125,41.21875,-122.03125,2.4999996299088263,0.43739643692970276,2.6814866
cdec_SHA,41.21875_-122.09375,41.21875,-122.09375,2.4999998233062075,0.4326627254486084,2.3259726
cdec_SHA,41.21875_-122.15625,41.21875,-122.15625,2.4999988066747285,0.4783431887626648,2.6240308
cdec_SHA,41.21875_-122.21875,41.21875,-122.21875,2.4999278183553773,0.4800591766834259,2.7116613
cdec_SHA,41.21875_-122.28125,41.21875,-122.28125,2.4999855945894933,0.48360946774482727,2.6067975
cdec_SHA,41.21875_-122.34375,41.21875,-122.34375,2.4999687898558416,0.49816566705703735,1.9580178
cdec_SHA,41.21875_-122.40625,41.21875,-122.40625,2.4999028300333825,0.47958579659461975,1.6121315
cdec_SHA,41.21875_-122.46875,41.21875,-122.46875,2.4997809525100267,0.42964497208595276,1.3716459
cdec_SHA,41.21875_-122.53125,41.21875,-122.53125,2.4977971543254034,0.39970412850379944,1.1308091
cdec_SHA,41.28125_-120.15625,41.28125,-120.15625,2.4999088179672797,0.30834320187568665,0.6787024
cdec_SHA,41.28125_-120.21875,41.28125,-120.21875,2.4979923065386735,0.3438461422920227,0.66456676
cdec_SHA,41.28125_-120.28125,41.28125,-120.28125,2.4998772574123924,0.4111834466457367,1.2421477
cdec_SHA,41.28125_-120.34375,41.28125,-120.34375,2.4999993058616043,0.3454437851905823,0.6757671
cdec_SHA,41.28125_-120.40625,41.28125,-120.40625,2.4999996392972434,0.3680473268032074,0.30204588
cdec_SHA,41.28125_-120.46875,41.28125,-120.46875,2.4999962295625777,0.3440236747264862,0.31208146
cdec_SHA,41.28125_-120.53125,41.28125,-120.53125,2.499978573358569,0.43278107047080994,1.0330907
cdec_SHA,41.28125_-120.59375,41.28125,-120.59375,2.4999998124737983,0.31005915999412537,0.47231704
cdec_SHA,41.28125_-120.65625,41.28125,-120.65625,2.4999988619338644,0.26094675064086914,0.34977484
cdec_SHA,41.28125_-120.71875,41.28125,-120.71875,2.4999893811405576,0.31573963165283203,0.9380526
cdec_SHA,41.28125_-120.78125,41.28125,-120.78125,2.499999765150203,0.36059170961380005,1.4738536
cdec_SHA,41.28125_-120.84375,41.28125,-120.84375,2.4997459925078775,0.3742011785507202,1.0952239
cdec_SHA,41.28125_-120.90625,41.28125,-120.90625,2.499928445156245,0.3533135950565338,0.9692686
cdec_SHA,41.28125_-120.96875,41.28125,-120.96875,2.4999438817319275,0.2817751467227936,1.0528831
cdec_SHA,41.28125_-121.03125,41.28125,-121.03125,2.499816976119701,0.27313610911369324,1.102858
cdec_SHA,41.28125_-121.09375,41.28125,-121.09375,2.499597144479651,0.3244970440864563,0.60523206
cdec_SHA,41.28125_-121.15625,41.28125,-121.15625,2.4999713533691557,0.3304733633995056,0.5581289
cdec_SHA,41.28125_-121.21875,41.28125,-121.21875,2.4999846705352806,0.30289942026138306,0.88467616
cdec_SHA,41.28125_-121.28125,41.28125,-121.28125,2.4998919945883897,0.3035503029823303,0.9992452
cdec_SHA,41.28125_-121.34375,41.28125,-121.34375,2.49999837505934,0.3742011785507202,1.7821358
cdec_SHA,41.28125_-121.40625,41.28125,-121.40625,2.499886593710616,0.3356804847717285,1.4519347
cdec_SHA,41.28125_-121.46875,41.28125,-121.46875,2.4997869891438036,0.3728994131088257,1.5653908
cdec_SHA,41.28125_-121.53125,41.28125,-121.53125,2.4999571214599916,0.348698228597641,1.2123029
cdec_SHA,41.28125_-121.59375,41.28125,-121.59375,2.499999612841394,0.34686389565467834,1.0644879
cdec_SHA,41.28125_-121.65625,41.28125,-121.65625,2.499998925165573,0.42343196272850037,2.4078677
cdec_SHA,41.28125_-121.71875,41.28125,-121.71875,2.499997554839771,0.4286390542984009,2.2339404
cdec_SHA,41.28125_-121.78125,41.28125,-121.78125,2.499991279148391,0.45674556493759155,2.3153803
cdec_SHA,41.28125_-121.84375,41.28125,-121.84375,2.4999915665479606,0.414497047662735,2.1543715
cdec_SHA,41.28125_-121.90625,41.28125,-121.90625,2.499998990731427,0.4804733693599701,2.451031
cdec_SHA,41.28125_-121.96875,41.28125,-121.96875,2.4999989683268016,0.37177515029907227,1.4482188
cdec_SHA,41.28125_-122.03125,41.28125,-122.03125,2.499999656265317,0.37100592255592346,1.6380792
cdec_SHA,41.28125_-122.09375,41.28125,-122.09375,2.4999999478150046,0.44781064987182617,2.0340214
cdec_SHA,41.28125_-122.15625,41.28125,-122.15625,2.4999992869063714,0.4197041392326355,2.2253525
cdec_SHA,41.28125_-122.21875,41.28125,-122.21875,2.499997938910014,0.44071006774902344,2.025674
cdec_SHA,41.28125_-122.28125,41.28125,-122.28125,2.499996612059392,0.3838461637496948,2.1407855
cdec_SHA,41.28125_-122.34375,41.28125,-122.34375,2.4999987549314655,0.46100592613220215,2.27362
cdec_SHA,41.28125_-122.40625,41.28125,-122.40625,2.4999909442943204,0.5097041130065918,2.0598931
cdec_SHA,41.28125_-122.46875,41.28125,-122.46875,2.4995056682352477,0.3364497125148773,1.0123123
cdec_SHA,41.28125_-122.53125,41.28125,-122.53125,2.497366291457599,0.37739646434783936,1.0933628
cdec_SHA,41.34375_-120.21875,41.34375,-120.21875,2.4992826191045827,0.30621302127838135,0.5542455
cdec_SHA,41.34375_-120.28125,41.34375,-120.28125,2.4998986199196533,0.42810651659965515,1.2849572
cdec_SHA,41.34375_-120.34375,41.34375,-120.34375,2.499920960288483,0.356449693441391,0.77409804
cdec_SHA,41.34375_-120.40625,41.34375,-120.40625,2.4999978266877823,0.30017751455307007,0.30853418
cdec_SHA,41.34375_-120.46875,41.34375,-120.46875,2.4999993381494616,0.2752071022987366,0.28717595
cdec_SHA,41.34375_-120.53125,41.34375,-120.53125,2.499983665037136,0.19650886952877045,0.7698511
cdec_SHA,41.34375_-120.59375,41.34375,-120.59375,2.4999928899109354,0.22165679931640625,0.45766178
cdec_SHA,41.34375_-120.65625,41.34375,-120.65625,2.4999765847856654,0.2521893382072449,0.3803986
cdec_SHA,41.34375_-120.71875,41.34375,-120.71875,2.499971985543998,0.28165680170059204,0.64256334
cdec_SHA,41.34375_-120.78125,41.34375,-120.78125,2.499999374262024,0.37899407744407654,1.2931751
cdec_SHA,41.34375_-120.84375,41.34375,-120.84375,2.4999415187890355,0.3680473268032074,1.2427151
cdec_SHA,41.34375_-120.90625,41.34375,-120.90625,2.4997988159375204,0.3305325508117676,0.89632297
cdec_SHA,41.34375_-120.96875,41.34375,-120.96875,2.4999369060158534,0.325029581785202,1.0471945
cdec_SHA,41.34375_-121.03125,41.34375,-121.03125,2.499917267248573,0.3403550386428833,0.95869136
cdec_SHA,41.34375_-121.09375,41.34375,-121.09375,2.499852028015757,0.3082840144634247,0.6056292
cdec_SHA,41.34375_-121.15625,41.34375,-121.15625,2.4999276502464376,0.32810652256011963,0.71441656
cdec_SHA,41.34375_-121.21875,41.34375,-121.21875,2.4999586669886726,0.33544379472732544,1.2239139
cdec_SHA,41.34375_-121.28125,41.34375,-121.28125,2.4999830669545644,0.27875739336013794,0.6940401
cdec_SHA,41.34375_-121.34375,41.34375,-121.34375,2.49999933900823,0.3392307758331299,1.117864
cdec_SHA,41.34375_-121.40625,41.34375,-121.40625,2.499986606142145,0.33739644289016724,1.183157
cdec_SHA,41.34375_-121.46875,41.34375,-121.46875,2.499998255455594,0.31603550910949707,1.157974
cdec_SHA,41.34375_-121.53125,41.34375,-121.53125,2.499852600946876,0.3786390423774719,1.3129013
cdec_SHA,41.34375_-121.59375,41.34375,-121.59375,2.4999933640447716,0.3476923108100891,1.0084534
cdec_SHA,41.34375_-121.65625,41.34375,-121.65625,2.4999995234268804,0.424970418214798,2.1488569
cdec_SHA,41.34375_-121.71875,41.34375,-121.71875,2.4999991573390377,0.41414201259613037,1.8127016
cdec_SHA,41.34375_-121.78125,41.34375,-121.78125,2.4999971875610782,0.4253254532814026,2.0280285
cdec_SHA,41.34375_-121.84375,41.34375,-121.84375,2.4999937957515193,0.5110650658607483,2.2640805
cdec_SHA,41.34375_-121.90625,41.34375,-121.90625,2.4999947785292065,0.49071004986763,2.372047
cdec_SHA,41.34375_-121.96875,41.34375,-121.96875,2.4999976878211507,0.38183432817459106,1.7664591
cdec_SHA,41.34375_-122.03125,41.34375,-122.03125,2.499999959397371,0.434201180934906,2.0449827
cdec_SHA,41.34375_-122.09375,41.34375,-122.09375,2.499999782139903,0.45130178332328796,1.6667751
cdec_SHA,41.34375_-122.15625,41.34375,-122.15625,2.499947775557348,0.3978698253631592,1.2333779
cdec_SHA,41.34375_-122.21875,41.34375,-122.21875,2.49993095926299,0.34449705481529236,1.0422103
cdec_SHA,41.34375_-122.28125,41.34375,-122.28125,2.4999980537676576,0.41402366757392883,2.1182134
cdec_SHA,41.34375_-122.34375,41.34375,-122.34375,2.499981189804525,0.3147929012775421,1.5538762
cdec_SHA,41.34375_-122.40625,41.34375,-122.40625,2.499951851989625,0.4372780919075012,1.8869302
cdec_SHA,41.34375_-122.46875,41.34375,-122.46875,2.4996621504334717,0.2792307734489441,0.9060661
cdec_SHA,41.40625_-120.21875,41.40625,-120.21875,2.4997950909230613,0.27733728289604187,0.5441634
cdec_SHA,41.40625_-120.28125,41.40625,-120.28125,2.499848429408482,0.38958579301834106,1.042735
cdec_SHA,41.40625_-120.34375,41.40625,-120.34375,2.4999465545007356,0.3653254508972168,0.77762544
cdec_SHA,41.40625_-120.40625,41.40625,-120.40625,2.499998421123993,0.30988165736198425,0.31670934
cdec_SHA,41.40625_-120.46875,41.40625,-120.46875,2.4999973044343764,0.31159764528274536,0.4243632
cdec_SHA,41.40625_-120.53125,41.40625,-120.53125,2.499966113686129,0.28952664136886597,0.5823742
cdec_SHA,41.40625_-120.59375,41.40625,-120.59375,2.4999914378348205,0.1668047308921814,0.46278757
cdec_SHA,41.40625_-120.65625,41.40625,-120.65625,2.499856782936897,0.2097633183002472,0.2971153
cdec_SHA,41.40625_-120.71875,41.40625,-120.71875,2.499991401209206,0.3248520791530609,0.46485066
cdec_SHA,41.40625_-120.78125,41.40625,-120.78125,2.499992479224276,0.36467456817626953,0.6435119
cdec_SHA,41.40625_-120.84375,41.40625,-120.84375,2.499949425957475,0.3554437756538391,0.86696285
cdec_SHA,41.40625_-120.90625,41.40625,-120.90625,2.4999593376105436,0.3655029535293579,0.7370952
cdec_SHA,41.40625_-120.96875,41.40625,-120.96875,2.4999965430425455,0.2474556267261505,0.610241
cdec_SHA,41.40625_-121.03125,41.40625,-121.03125,2.4999862093446383,0.23207101225852966,0.77091336
cdec_SHA,41.40625_-121.09375,41.40625,-121.09375,2.4999477046183856,0.280177503824234,0.92057276
cdec_SHA,41.40625_-121.15625,41.40625,-121.15625,2.499731654753014,0.33680474758148193,1.0452591
cdec_SHA,41.40625_-121.21875,41.40625,-121.21875,2.4999866029738547,0.31284022331237793,0.94890225
cdec_SHA,41.40625_-121.28125,41.40625,-121.28125,2.4999808509680985,0.29869821667671204,0.803452
cdec_SHA,41.40625_-121.34375,41.40625,-121.34375,2.4999877873863188,0.31029585003852844,0.8416338
cdec_SHA,41.40625_-121.40625,41.40625,-121.40625,2.499983599999627,0.31372779607772827,0.9708075
cdec_SHA,41.40625_-121.46875,41.40625,-121.46875,2.499993741068187,0.35846152901649475,1.2564564
cdec_SHA,41.40625_-121.53125,41.40625,-121.53125,2.4999749744053177,0.3752070963382721,1.1948302
cdec_SHA,41.40625_-121.59375,41.40625,-121.59375,2.4999894075507374,0.377692312002182,1.4070054
cdec_SHA,41.40625_-121.65625,41.40625,-121.65625,2.4999948006610797,0.3559763431549072,1.442351
cdec_SHA,41.40625_-121.71875,41.40625,-121.71875,2.499996907076686,0.4001775085926056,1.6493847
cdec_SHA,41.40625_-121.78125,41.40625,-121.78125,2.499996340728436,0.3995858132839203,1.8889608
cdec_SHA,41.40625_-121.84375,41.40625,-121.84375,2.499920733869698,0.41112425923347473,1.5148482
cdec_SHA,41.40625_-121.90625,41.40625,-121.90625,2.499968714052859,0.39171597361564636,1.7877591
cdec_SHA,41.40625_-121.96875,41.40625,-121.96875,2.499990961765819,0.4580473303794861,2.1309452
cdec_SHA,41.40625_-122.03125,41.40625,-122.03125,2.4999905739761994,0.4363905191421509,1.6975337
cdec_SHA,41.40625_-122.09375,41.40625,-122.09375,2.4999914833930696,0.4139053225517273,1.2238898
cdec_SHA,41.40625_-122.15625,41.40625,-122.15625,2.4997318467491922,0.10071005672216415,0.29970014
cdec_SHA,41.40625_-122.21875,41.40625,-122.21875,2.4988418349107366,0.03343195095658302,0.19409122
cdec_SHA,41.40625_-122.28125,41.40625,-122.28125,2.4998985965449068,0.3413017690181732,1.4129539
cdec_SHA,41.40625_-122.34375,41.40625,-122.34375,2.4999964567315534,0.3390532433986664,1.3202317
cdec_SHA,41.40625_-122.40625,41.40625,-122.40625,2.499955853223155,0.36289942264556885,1.4307368
cdec_SHA,41.46875_-120.21875,41.46875,-120.21875,2.4998901724678233,0.2523076832294464,0.61296934
cdec_SHA,41.46875_-120.28125,41.46875,-120.28125,2.499844188862178,0.28804734349250793,0.8188899
cdec_SHA,41.46875_-120.34375,41.46875,-120.34375,2.4997415986765565,0.2995857894420624,0.5869735
cdec_SHA,41.46875_-120.40625,41.46875,-120.40625,2.499991875634067,0.3549112379550934,0.4368725
cdec_SHA,41.46875_-120.46875,41.46875,-120.46875,2.499923770217474,0.3765680491924286,0.6541899
cdec_SHA,41.46875_-120.53125,41.46875,-120.53125,2.499977603347621,0.3419526517391205,0.7137108
cdec_SHA,41.46875_-120.59375,41.46875,-120.59375,2.499993221877258,0.24674555659294128,0.41013098
cdec_SHA,41.46875_-120.65625,41.46875,-120.65625,2.49997578891999,0.2824852168560028,0.38739365
cdec_SHA,41.46875_-120.71875,41.46875,-120.71875,2.4999876494889346,0.3214201331138611,0.5246536
cdec_SHA,41.46875_-120.78125,41.46875,-120.78125,2.4999886481900937,0.34242603182792664,0.6108721
cdec_SHA,41.46875_-120.84375,41.46875,-120.84375,2.499973172616637,0.3369230628013611,0.4934571
cdec_SHA,41.46875_-120.90625,41.46875,-120.90625,2.4999950033222627,0.3078698217868805,0.46557388
cdec_SHA,41.46875_-120.96875,41.46875,-120.96875,2.4999905588215885,0.2706508934497833,0.68481344
cdec_SHA,41.46875_-121.03125,41.46875,-121.03125,2.4999622180987773,0.24502958357334137,0.73347145
cdec_SHA,41.46875_-121.09375,41.46875,-121.09375,2.4999933919407655,0.30218935012817383,0.98248017
cdec_SHA,41.46875_-121.15625,41.46875,-121.15625,2.499848776627857,0.3270414173603058,0.9206411
cdec_SHA,41.46875_-121.21875,41.46875,-121.21875,2.4998878165858596,0.3154437839984894,0.7090881
cdec_SHA,41.46875_-121.28125,41.46875,-121.28125,2.4997621228194307,0.3700000047683716,1.0430691
cdec_SHA,41.46875_-121.34375,41.46875,-121.34375,2.4999100989587704,0.33307692408561707,0.80784625
cdec_SHA,41.46875_-121.40625,41.46875,-121.40625,2.4999999205972654,0.36000001430511475,0.8008471
cdec_SHA,41.46875_-121.46875,41.46875,-121.46875,2.49999563761926,0.38147929310798645,1.8944397
cdec_SHA,41.46875_-121.53125,41.46875,-121.53125,2.499882324779728,0.18124260008335114,1.0621034
cdec_SHA,41.46875_-121.59375,41.46875,-121.59375,2.4999791639080495,0.33159762620925903,1.2759509
cdec_SHA,41.46875_-121.65625,41.46875,-121.65625,2.4999410384561678,0.29828402400016785,1.1175455
cdec_SHA,41.46875_-121.71875,41.46875,-121.71875,2.4999847575152154,0.35846152901649475,1.4801626
cdec_SHA,41.46875_-121.78125,41.46875,-121.78125,2.4999640199562547,0.40840235352516174,1.9529657
cdec_SHA,41.46875_-121.84375,41.46875,-121.84375,2.4999368769269363,0.39153847098350525,1.6835814
cdec_SHA,41.46875_-121.90625,41.46875,-121.90625,2.4998456321981473,0.3353254497051239,1.6563197
cdec_SHA,41.46875_-121.96875,41.46875,-121.96875,2.4997381288724165,0.39266273379325867,1.3746107
cdec_SHA,41.46875_-122.03125,41.46875,-122.03125,2.4998797600208054,0.39834320545196533,1.2602075
cdec_SHA,41.46875_-122.09375,41.46875,-122.09375,2.4999821166294716,0.40355029702186584,1.3128881
cdec_SHA,41.53125_-120.28125,41.53125,-120.28125,2.4999570719151003,0.3504733741283417,0.83732057
cdec_SHA,41.53125_-120.34375,41.53125,-120.34375,2.49983961450505,0.3376923203468323,0.60940844
cdec_SHA,41.53125_-120.40625,41.53125,-120.40625,2.4999340764960425,0.32378697395324707,0.4679352
cdec_SHA,41.53125_-120.46875,41.53125,-120.46875,2.4999878907688613,0.3020710051059723,0.5023332
cdec_SHA,41.53125_-120.53125,41.53125,-120.53125,2.4999859481226876,0.2718935012817383,0.5101088
cdec_SHA,41.53125_-120.59375,41.53125,-120.59375,2.4999978219861396,0.28804734349250793,0.39887884
cdec_SHA,41.53125_-120.65625,41.53125,-120.65625,2.499998085695334,0.23532544076442719,0.27043223
cdec_SHA,41.53125_-120.71875,41.53125,-120.71875,2.4999972551071146,0.24147929251194,0.30805078
cdec_SHA,41.53125_-120.78125,41.53125,-120.78125,2.4999925050084206,0.24946746230125427,0.3561387
cdec_SHA,41.53125_-120.84375,41.53125,-120.84375,2.4999989304219556,0.22893491387367249,0.29609898
cdec_SHA,41.53125_-120.90625,41.53125,-120.90625,2.4999969056507654,0.2790532410144806,0.41469577
cdec_SHA,41.53125_-120.96875,41.53125,-120.96875,2.4999690284481355,0.26497042179107666,0.5760255
cdec_SHA,41.53125_-121.03125,41.53125,-121.03125,2.499969189478593,0.2739644944667816,0.56476307
cdec_SHA,41.53125_-121.09375,41.53125,-121.09375,2.499967728134255,0.2846745550632477,0.59348345
cdec_SHA,41.53125_-121.15625,41.53125,-121.15625,2.499978700417793,0.28999999165534973,0.743394
cdec_SHA,41.53125_-121.21875,41.53125,-121.21875,2.4999762030745725,0.38999998569488525,0.39729986
cdec_SHA,41.53125_-121.28125,41.53125,-121.28125,2.499737377034158,0.30000001192092896,0.35014784
cdec_SHA,41.53125_-121.34375,41.53125,-121.34375,2.4999582122190773,0.23999999463558197,0.5620336
cdec_SHA,41.53125_-121.40625,41.53125,-121.40625,2.499999987555758,0.3799999952316284,2.1260839
cdec_SHA,41.53125_-121.46875,41.53125,-121.46875,2.499999672675603,0.48213016986846924,2.353875
cdec_SHA,41.53125_-121.53125,41.53125,-121.53125,2.4999538445489335,0.37609466910362244,1.5295564
cdec_SHA,41.53125_-121.59375,41.53125,-121.59375,2.499989711506779,0.44165679812431335,1.5216788
cdec_SHA,41.53125_-121.65625,41.53125,-121.65625,2.499975743481359,0.3786982297897339,1.2399781
cdec_SHA,41.53125_-121.71875,41.53125,-121.71875,2.499988449911638,0.3711834251880646,1.5143465
cdec_SHA,41.53125_-121.78125,41.53125,-121.78125,2.499982165850251,0.43485206365585327,1.7205534
cdec_SHA,41.53125_-121.84375,41.53125,-121.84375,2.4999223404458384,0.34840238094329834,1.7883705
cdec_SHA,41.53125_-121.90625,41.53125,-121.90625,2.4998953564518054,0.30289942026138306,2.021268
cdec_SHA,41.59375_-120.28125,41.59375,-120.28125,2.4978891567512598,0.33887574076652527,0.74208784
cdec_SHA,41.59375_-120.34375,41.59375,-120.34375,2.4999166242452233,0.36017751693725586,0.7421107
cdec_SHA,41.59375_-120.40625,41.59375,-120.40625,2.4999603058373316,0.343609482049942,0.4763398
cdec_SHA,41.59375_-120.46875,41.59375,-120.46875,2.4999994767465292,0.2761538326740265,0.32335162
cdec_SHA,41.59375_-120.53125,41.59375,-120.53125,2.499997720300427,0.22964496910572052,0.25391656
cdec_SHA,41.59375_-120.59375,41.59375,-120.59375,2.4999942558793644,0.25147929787635803,0.25878665
cdec_SHA,41.59375_-120.65625,41.59375,-120.65625,2.499998313471343,0.18745562434196472,0.22945513
cdec_SHA,41.59375_-120.71875,41.59375,-120.71875,2.4999996290790034,0.236863911151886,0.25537017
cdec_SHA,41.59375_-120.78125,41.59375,-120.78125,2.4999757623351204,0.25319525599479675,0.2960091
cdec_SHA,41.59375_-120.84375,41.59375,-120.84375,2.499998941474969,0.2161538451910019,0.2871569
cdec_SHA,41.59375_-120.90625,41.59375,-120.90625,2.4999908597364566,0.41999998688697815,0.5284117
cdec_SHA,41.59375_-120.96875,41.59375,-120.96875,2.4999459754136515,0.34236687421798706,1.0729499
cdec_SHA,41.59375_-121.03125,41.59375,-121.03125,2.4999447004406647,0.3163313567638397,0.93448865
cdec_SHA,41.59375_-121.28125,41.59375,-121.28125,2.499999942984913,0.25,0.33143932
cdec_SHA,41.59375_-121.34375,41.59375,-121.34375,2.499999921671746,0.3499999940395355,0.5562577
cdec_SHA,41.59375_-121.40625,41.59375,-121.40625,2.499999995164565,0.3499999940395355,1.5329064
cdec_SHA,41.59375_-121.46875,41.59375,-121.46875,2.4999919333259544,0.4300000071525574,1.0106794
cdec_SHA,41.59375_-121.53125,41.59375,-121.53125,2.4999397343043412,0.3076923191547394,0.8463864
cdec_SHA,41.59375_-121.59375,41.59375,-121.59375,2.499758704512879,0.3494674563407898,1.013287
cdec_SHA,41.59375_-121.65625,41.59375,-121.65625,2.499913576058266,0.31431952118873596,1.2640371
cdec_SHA,41.59375_-121.71875,41.59375,-121.71875,2.499974145400142,0.2897041440010071,1.8683828
cdec_SHA,41.65625_-120.28125,41.65625,-120.28125,2.499877010772763,0.3598816692829132,0.83866364
cdec_SHA,41.65625_-120.34375,41.65625,-120.34375,2.49976625584281,0.36816567182540894,0.8532213
cdec_SHA,41.65625_-120.40625,41.65625,-120.40625,2.4999476359272808,0.35751479864120483,0.5870151
cdec_SHA,41.65625_-120.46875,41.65625,-120.46875,2.499999813316099,0.2507692277431488,0.3038564
cdec_SHA,41.65625_-120.53125,41.65625,-120.53125,2.4999923323881266,0.20923076570034027,0.25073883
cdec_SHA,41.65625_-120.59375,41.65625,-120.59375,2.499989798405947,0.20674556493759155,0.20578942
cdec_SHA,41.65625_-120.65625,41.65625,-120.65625,2.499998962762895,0.21431952714920044,0.23414728
cdec_SHA,41.65625_-120.71875,41.65625,-120.71875,2.4999937919367277,0.2547928988933563,0.2850482
cdec_SHA,41.65625_-120.78125,41.65625,-120.78125,2.499993897226676,0.24597632884979248,0.29155815
cdec_SHA,41.65625_-120.84375,41.65625,-120.84375,2.499995951024075,0.23769231140613556,0.26826882
cdec_SHA,41.65625_-121.28125,41.65625,-121.28125,2.499997263057664,0.0,0.31147882
cdec_SHA,41.71875_-120.28125,41.71875,-120.28125,2.499976743537828,0.4469822347164154,1.2958511
cdec_SHA,41.71875_-120.34375,41.71875,-120.34375,2.499818087393972,0.3748520612716675,0.85183114
cdec_SHA,41.71875_-120.40625,41.71875,-120.40625,2.4999220309623364,0.3857988119125366,0.57820565
cdec_SHA,41.71875_-120.46875,41.71875,-120.46875,2.4999942492296885,0.29633137583732605,0.37106743
cdec_SHA,41.71875_-120.53125,41.71875,-120.53125,2.499998264582759,0.30000001192092896,0.3349935
cdec_SHA,41.71875_-120.59375,41.71875,-120.59375,2.4999782151635435,0.2350887507200241,0.27444625
cdec_SHA,41.71875_-120.65625,41.71875,-120.65625,2.4999909006168988,0.20041419565677643,0.21970609
cdec_SHA,41.71875_-120.71875,41.71875,-120.71875,2.499995655979954,0.25088757276535034,0.42809418
cdec_SHA,41.71875_-120.78125,41.71875,-120.78125,2.499929385199276,0.23461538553237915,0.30869186
cdec_SHA,41.78125_-120.53125,41.78125,-120.53125,2.499999210773958,0.5199999809265137,0.3268896
cdec_SHA,41.78125_-120.59375,41.78125,-120.59375,2.4999693302174535,0.2411242574453354,0.27956566
cdec_SHA,41.78125_-120.65625,41.78125,-120.65625,2.499976386131772,0.21621301770210266,0.23775719
cdec_SHA,41.78125_-120.71875,41.78125,-120.71875,2.499976085194342,0.3400000035762787,0.25192794
cdec_SHA,41.84375_-120.53125,41.84375,-120.53125,2.4999998738105655,0.3499999940395355,0.8317802
cdec_SHA,41.84375_-120.59375,41.84375,-120.59375,2.499946029735481,0.15000000596046448,0.3570909
cdec_TLG,37.65625_-120.28125,37.65625,-120.28125,2.4992812630710164,0.31917160749435425,0.87691545
cdec_TLG,37.65625_-120.34375,37.65625,-120.34375,2.4991277209834473,0.32366862893104553,0.7653781
cdec_TLG,37.65625_-120.40625,37.65625,-120.40625,2.4999426075488658,0.41532543301582336,0.815691
cdec_TLG,37.71875_-119.28125,37.71875,-119.28125,2.4972347983766428,0.04289940744638443,0.09242787
cdec_TLG,37.71875_-120.21875,37.71875,-120.21875,2.497985631923453,0.4278106391429901,1.1282659
cdec_TLG,37.71875_-120.28125,37.71875,-120.28125,2.499254131777344,0.439289927482605,1.0384601
cdec_TLG,37.71875_-120.34375,37.71875,-120.34375,2.4986934417002047,0.327751487493515,0.8946752
cdec_TLG,37.71875_-120.40625,37.71875,-120.40625,2.4998818491422643,0.24272190034389496,0.74229956
cdec_TLG,37.71875_-120.46875,37.71875,-120.46875,2.499761643250815,0.444674551486969,0.8255578
cdec_TLG,37.78125_-119.21875,37.78125,-119.21875,2.4976959954928493,0.13982248306274414,0.16611217
cdec_TLG,37.78125_-119.28125,37.78125,-119.28125,2.4992190686432894,0.1460946798324585,0.22676516
cdec_TLG,37.78125_-119.34375,37.78125,-119.34375,2.495947797041868,0.1569230705499649,0.21755967
cdec_TLG,37.78125_-119.65625,37.78125,-119.65625,2.4992202020281002,0.3318343162536621,0.7022689
cdec_TLG,37.78125_-119.71875,37.78125,-119.71875,2.4997820938675845,0.3858579993247986,0.9942055
cdec_TLG,37.78125_-119.78125,37.78125,-119.78125,2.4999533508682736,0.40041419863700867,1.6660738
cdec_TLG,37.78125_-119.84375,37.78125,-119.84375,2.499623740788258,0.3960946798324585,2.0976837
cdec_TLG,37.78125_-119.90625,37.78125,-119.90625,2.4988503684156074,0.3914792835712433,2.1305215
cdec_TLG,37.78125_-119.96875,37.78125,-119.96875,2.4996139458734206,0.41899406909942627,2.215863
cdec_TLG,37.78125_-120.03125,37.78125,-120.03125,2.4979616821247443,0.46739643812179565,1.7758132
cdec_TLG,37.78125_-120.09375,37.78125,-120.09375,2.4998955247343795,0.4326627254486084,1.609646
cdec_TLG,37.78125_-120.15625,37.78125,-120.15625,2.4980817061707485,0.4562721848487854,1.8220307
cdec_TLG,37.78125_-120.21875,37.78125,-120.21875,2.4906708928550882,0.4508875608444214,1.4137285
cdec_TLG,37.78125_-120.28125,37.78125,-120.28125,2.4981635806328457,0.3812426030635834,1.1733795
cdec_TLG,37.78125_-120.34375,37.78125,-120.34375,2.4982110762865704,0.36443787813186646,0.9542763
cdec_TLG,37.78125_-120.40625,37.78125,-120.40625,2.4996168616435064,0.3584023714065552,0.93730825
cdec_TLG,37.78125_-120.46875,37.78125,-120.46875,2.499126142735414,0.42538461089134216,0.87852854
cdec_TLG,37.84375_-119.21875,37.84375,-119.21875,2.4989889682063633,0.13366864621639252,0.19364502
cdec_TLG,37.84375_-119.28125,37.84375,-119.28125,2.4989915587761957,0.2572189271450043,0.53789806
cdec_TLG,37.84375_-119.34375,37.84375,-119.34375,2.499713997744815,0.26751479506492615,0.50064576
cdec_TLG,37.84375_-119.40625,37.84375,-119.40625,2.49917221390556,0.24319526553153992,0.3883451
cdec_TLG,37.84375_-119.46875,37.84375,-119.46875,2.498778735444254,0.23656804859638214,0.35019273
cdec_TLG,37.84375_-119.53125,37.84375,-119.53125,2.495742678359803,0.2271597683429718,0.44542456
cdec_TLG,37.84375_-119.59375,37.84375,-119.59375,2.4987308501233185,0.3442011773586273,0.81418365
cdec_TLG,37.84375_-119.65625,37.84375,-119.65625,2.499734015857592,0.3585207164287567,0.8102599
cdec_TLG,37.84375_-119.71875,37.84375,-119.71875,2.49906587578827,0.3484615385532379,0.87969476
cdec_TLG,37.84375_-119.78125,37.84375,-119.78125,2.4999374565544517,0.38609468936920166,1.4992392
cdec_TLG,37.84375_-119.84375,37.84375,-119.84375,2.4978919081873623,0.3656804859638214,1.7389213
cdec_TLG,37.84375_-119.90625,37.84375,-119.90625,2.49571481618619,0.3535502851009369,1.8486279
cdec_TLG,37.84375_-119.96875,37.84375,-119.96875,2.498120478411799,0.36230769753456116,1.6764964
cdec_TLG,37.84375_-120.03125,37.84375,-120.03125,2.497948939993825,0.3480473458766937,1.3702224
cdec_TLG,37.84375_-120.09375,37.84375,-120.09375,2.4968954895775797,0.34603551030158997,1.2318128
cdec_TLG,37.84375_-120.15625,37.84375,-120.15625,2.498889154202381,0.38165679574012756,1.4677467
cdec_TLG,37.84375_-120.21875,37.84375,-120.21875,2.4971597516556767,0.3752070963382721,1.5159858
cdec_TLG,37.84375_-120.28125,37.84375,-120.28125,2.498422086387307,0.42869821190834045,1.4036582
cdec_TLG,37.84375_-120.34375,37.84375,-120.34375,2.4993839138020006,0.3802366852760315,1.2194259
cdec_TLG,37.84375_-120.40625,37.84375,-120.40625,2.498813032961266,0.37106508016586304,0.8761153
cdec_TLG,37.84375_-120.46875,37.84375,-120.46875,2.4987542119536172,0.33289942145347595,0.7771323
cdec_TLG,37.90625_-119.21875,37.90625,-119.21875,2.499806393354496,0.11360947042703629,0.24513699
cdec_TLG,37.90625_-119.28125,37.90625,-119.28125,2.499413584308213,0.2997633218765259,0.5390856
cdec_TLG,37.90625_-119.34375,37.90625,-119.34375,2.4988765262631576,0.31627219915390015,0.61383826
cdec_TLG,37.90625_-119.40625,37.90625,-119.40625,2.498347753490669,0.31236687302589417,0.49226347
cdec_TLG,37.90625_-119.46875,37.90625,-119.46875,2.499088879502594,0.21810650825500488,0.38357535
cdec_TLG,37.90625_-119.53125,37.90625,-119.53125,2.4999749518008274,0.23692308366298676,0.48946267
cdec_TLG,37.90625_-119.59375,37.90625,-119.59375,2.499996172319287,0.3109467327594757,0.7573519
cdec_TLG,37.90625_-119.65625,37.90625,-119.65625,2.499993515327245,0.3339644968509674,0.92369616
cdec_TLG,37.90625_-119.71875,37.90625,-119.71875,2.499989999144883,0.35301774740219116,1.0403595
cdec_TLG,37.90625_-119.78125,37.90625,-119.78125,2.499980237582892,0.37958580255508423,1.3295051
cdec_TLG,37.90625_-119.84375,37.90625,-119.84375,2.4988728642604663,0.3233136236667633,1.1720109
cdec_TLG,37.90625_-119.90625,37.90625,-119.90625,2.4987282236509714,0.3713609576225281,1.4760062
cdec_TLG,37.90625_-119.96875,37.90625,-119.96875,2.4941679337067555,0.3689940869808197,1.6301575
cdec_TLG,37.90625_-120.03125,37.90625,-120.03125,2.4868572870594536,0.34431952238082886,1.6218402
cdec_TLG,37.90625_-120.09375,37.90625,-120.09375,2.4925388426885657,0.3921893537044525,1.610475
cdec_TLG,37.90625_-120.15625,37.90625,-120.15625,2.4973819691518964,0.3989940881729126,1.5205668
cdec_TLG,37.90625_-120.21875,37.90625,-120.21875,2.494620496318703,0.3995266258716583,1.3688039
cdec_TLG,37.90625_-120.28125,37.90625,-120.28125,2.4934297384081727,0.4376923143863678,1.3443611
cdec_TLG,37.90625_-120.34375,37.90625,-120.34375,2.4963558987322565,0.4245562255382538,1.3085057
cdec_TLG,37.90625_-120.40625,37.90625,-120.40625,2.4975674862460626,0.4186982214450836,1.1992419
cdec_TLG,37.90625_-120.46875,37.90625,-120.46875,2.499298078107524,0.3937278091907501,1.0878545
cdec_TLG,37.96875_-119.28125,37.96875,-119.28125,2.4995672637800697,0.12609466910362244,0.15473592
cdec_TLG,37.96875_-119.34375,37.96875,-119.34375,2.4956687283035395,0.16905325651168823,0.34769735
cdec_TLG,37.96875_-119.40625,37.96875,-119.40625,2.4964325268525043,0.27508875727653503,0.48209152
cdec_TLG,37.96875_-119.46875,37.96875,-119.46875,2.4980013593718042,0.18568047881126404,0.31562695
cdec_TLG,37.96875_-119.53125,37.96875,-119.53125,2.499599406007286,0.28857988119125366,0.5907633
cdec_TLG,37.96875_-119.59375,37.96875,-119.59375,2.499694981666739,0.3168047368526459,0.7492147
cdec_TLG,37.96875_-119.65625,37.96875,-119.65625,2.49902906382885,0.29846152663230896,0.74691004
cdec_TLG,37.96875_-119.71875,37.96875,-119.71875,2.4998361980527273,0.28284022212028503,0.83302265
cdec_TLG,37.96875_-119.78125,37.96875,-119.78125,2.499502246616932,0.28686389327049255,0.8785365
cdec_TLG,37.96875_-119.84375,37.96875,-119.84375,2.487648082197011,0.29094675183296204,1.0496736
cdec_TLG,37.96875_-119.90625,37.96875,-119.90625,2.4958731099514315,0.33988165855407715,1.3549474
cdec_TLG,37.96875_-119.96875,37.96875,-119.96875,2.495313521595083,0.34863904118537903,1.6364622
cdec_TLG,37.96875_-120.03125,37.96875,-120.03125,2.494831757951836,0.3557988107204437,2.0922916
cdec_TLG,37.96875_-120.09375,37.96875,-120.09375,2.4991786440637824,0.39869821071624756,2.0230234
cdec_TLG,37.96875_-120.15625,37.96875,-120.15625,2.4989644070606403,0.47360947728157043,2.115863
cdec_TLG,37.96875_-120.21875,37.96875,-120.21875,2.485241779820192,0.40609467029571533,1.7407644
cdec_TLG,37.96875_-120.28125,37.96875,-120.28125,2.4717171289635598,0.3546745479106903,1.3960298
cdec_TLG,37.96875_-120.34375,37.96875,-120.34375,2.4766503804619076,0.29319527745246887,1.343217
cdec_TLG,37.96875_-120.40625,37.96875,-120.40625,2.492044645810543,0.31514793634414673,1.3669026
cdec_TLG,37.96875_-120.46875,37.96875,-120.46875,2.4962260525347477,0.2933136224746704,1.0953628
cdec_TLG,38.03125_-119.28125,38.03125,-119.28125,2.4999348014265554,0.08946745842695236,0.19063237
cdec_TLG,38.03125_-119.34375,38.03125,-119.34375,2.493815164752931,0.19520710408687592,0.32572836
cdec_TLG,38.03125_-119.40625,38.03125,-119.40625,2.4948836518580935,0.18727810680866241,0.29895407
cdec_TLG,38.03125_-119.46875,38.03125,-119.46875,2.4890409384031544,0.11349112540483475,0.21166784
cdec_TLG,38.03125_-119.53125,38.03125,-119.53125,2.492205770931487,0.15473373234272003,0.25415903
cdec_TLG,38.03125_-119.59375,38.03125,-119.59375,2.4879437920082195,0.20461538434028625,0.33466718
cdec_TLG,38.03125_-119.65625,38.03125,-119.65625,2.492717894911655,0.2188757359981537,0.3699556
cdec_TLG,38.03125_-119.71875,38.03125,-119.71875,2.483545571038988,0.21254438161849976,0.41219047
cdec_TLG,38.03125_-119.78125,38.03125,-119.78125,2.4882703155699755,0.2554437816143036,0.5164328
cdec_TLG,38.03125_-119.84375,38.03125,-119.84375,2.4938784068125415,0.2839053273200989,0.6150591
cdec_TLG,38.03125_-119.90625,38.03125,-119.90625,2.4937740619061572,0.3084615468978882,1.0703477
cdec_TLG,38.03125_-119.96875,38.03125,-119.96875,2.4999435619963952,0.411775141954422,1.6656773
cdec_TLG,38.03125_-120.03125,38.03125,-120.03125,2.499947189190937,0.46526625752449036,2.4153874
cdec_TLG,38.03125_-120.09375,38.03125,-120.09375,2.499879906919976,0.4837869703769684,2.4013853
cdec_TLG,38.03125_-120.15625,38.03125,-120.15625,2.49974475032439,0.4918935000896454,2.5137463
cdec_TLG,38.03125_-120.21875,38.03125,-120.21875,2.499117445388229,0.3914792835712433,2.1590676
cdec_TLG,38.03125_-120.28125,38.03125,-120.28125,2.492248289734808,0.3766863942146301,1.9643158
cdec_TLG,38.03125_-120.34375,38.03125,-120.34375,2.4965569897622624,0.42538461089134216,1.9911144
cdec_TLG,38.03125_-120.40625,38.03125,-120.40625,2.4930268036219836,0.3840828537940979,1.485656
cdec_TLG,38.09375_-119.34375,38.09375,-119.34375,2.4997185744310593,0.09857988357543945,0.18072931
cdec_TLG,38.09375_-119.40625,38.09375,-119.40625,2.497602409434057,0.10094674676656723,0.19282109
cdec_TLG,38.09375_-119.46875,38.09375,-119.46875,2.49594865231231,0.16142012178897858,0.23945938
cdec_TLG,38.09375_-119.53125,38.09375,-119.53125,2.4884145382543847,0.1265680491924286,0.1878555
cdec_TLG,38.09375_-119.59375,38.09375,-119.59375,2.4863048553128406,0.1474556177854538,0.21850984
cdec_TLG,38.09375_-119.65625,38.09375,-119.65625,2.4956976105590263,0.15934911370277405,0.22355889
cdec_TLG,38.09375_-119.71875,38.09375,-119.71875,2.4854633641695263,0.13455621898174286,0.21823902
cdec_TLG,38.09375_-119.78125,38.09375,-119.78125,2.4931372576971125,0.09786982089281082,0.15650547
cdec_TLG,38.09375_-119.84375,38.09375,-119.84375,2.4831210464425473,0.16183431446552277,0.2868211
cdec_TLG,38.09375_-119.90625,38.09375,-119.90625,2.4998017109417905,0.3555029630661011,0.9023244
cdec_TLG,38.09375_-119.96875,38.09375,-119.96875,2.499966310485565,0.4733135998249054,1.4631958
cdec_TLG,38.09375_-120.03125,38.09375,-120.03125,2.4999992890624347,0.5144378542900085,1.8516349
cdec_TLG,38.09375_-120.09375,38.09375,-120.09375,2.499990178522177,0.5249112248420715,2.1080258
cdec_TLG,38.09375_-120.15625,38.09375,-120.15625,2.4994616505089557,0.49153846502304077,2.1221294
cdec_TLG,38.09375_-120.21875,38.09375,-120.21875,2.49972999761361,0.5004141926765442,2.2393909
cdec_TLG,38.15625_-119.46875,38.15625,-119.46875,2.4977665456451206,0.15437869727611542,0.31383157
cdec_TLG,38.15625_-119.53125,38.15625,-119.53125,2.4987022446375122,0.14402367174625397,0.2394104
cdec_TLG,38.15625_-119.59375,38.15625,-119.59375,2.487614087582672,0.14852070808410645,0.24250042
cdec_TLG,38.15625_-119.65625,38.15625,-119.65625,2.4863420575480752,0.1528402417898178,0.24332815
cdec_TLG,38.15625_-119.71875,38.15625,-119.71875,2.491308371986621,0.13514792919158936,0.20705765
cdec_TLG,38.15625_-119.78125,38.15625,-119.78125,2.496686360030165,0.09940828382968903,0.18896437
cdec_TLG,38.15625_-119.84375,38.15625,-119.84375,2.4955495676248978,0.14733727276325226,0.25084212
cdec_TLG,38.15625_-119.90625,38.15625,-119.90625,2.495204750713423,0.359112411737442,0.7945119
cdec_TLG,38.15625_-119.96875,38.15625,-119.96875,2.499989938718681,0.4349704086780548,1.4761113
cdec_TLG,38.15625_-120.03125,38.15625,-120.03125,2.4999994236227385,0.5074556469917297,2.091119
cdec_TLG,38.15625_-120.09375,38.15625,-120.09375,2.4999992141237746,0.49236685037612915,2.0256002
cdec_TLG,38.21875_-119.59375,38.21875,-119.59375,2.4997400459086903,0.15088757872581482,0.23540086
cdec_TLG,38.21875_-119.65625,38.21875,-119.65625,2.4973873690917943,0.07976331561803818,0.14929593
cdec_TLG,38.21875_-119.71875,38.21875,-119.71875,2.4952879796091647,0.09349112212657928,0.17226027
cdec_TLG,38.21875_-119.78125,38.21875,-119.78125,2.4948591629283388,0.19307692348957062,0.3129587
cdec_TLG,38.21875_-119.84375,38.21875,-119.84375,2.4954543371244755,0.18739645183086395,0.3703389
cdec_TLG,38.21875_-119.90625,38.21875,-119.90625,2.4979436005413307,0.3243195414543152,0.6769794
cdec_TLG,38.21875_-119.96875,38.21875,-119.96875,2.499985386081092,0.4338461458683014,1.5099119
cdec_TLG,38.21875_-120.03125,38.21875,-120.03125,2.499973917211663,0.47183433175086975,1.9714762
cdec_TRM,36.28125_-118.59375,36.28125,-118.59375,2.4999993499740594,0.3140828311443329,0.9205719
cdec_TRM,36.28125_-118.65625,36.28125,-118.65625,2.499989485987708,0.29343196749687195,1.0724419
cdec_TRM,36.28125_-118.78125,36.28125,-118.78125,2.499989607843589,0.41183432936668396,1.793378
cdec_TRM,36.28125_-118.84375,36.28125,-118.84375,2.499925730256998,0.44378697872161865,1.5180427
cdec_TRM,36.34375_-118.59375,36.34375,-118.59375,2.4999982899737736,0.3037869930267334,0.82239145
cdec_TRM,36.34375_-118.65625,36.34375,-118.65625,2.499990987129606,0.35473373532295227,0.9896042
cdec_TRM,36.34375_-118.71875,36.34375,-118.71875,2.4999791933358795,0.38556212186813354,1.6997529
cdec_TRM,36.34375_-118.78125,36.34375,-118.78125,2.4999968909019943,0.40976330637931824,1.8370454
cdec_TRM,36.34375_-118.84375,36.34375,-118.84375,2.4999639594679253,0.40254437923431396,1.4406618
cdec_TRM,36.34375_-118.90625,36.34375,-118.90625,2.4997815819360563,0.43721893429756165,1.1671691
cdec_TRM,36.34375_-118.96875,36.34375,-118.96875,2.49984545023658,0.4218343198299408,0.9035308
cdec_TRM,36.34375_-119.03125,36.34375,-119.03125,2.4999598197680952,0.3400000035762787,0.8188148
cdec_TRM,36.34375_-119.09375,36.34375,-119.09375,2.4999906893844637,0.10000000149011612,1.0546356
cdec_TRM,36.34375_-119.15625,36.34375,-119.15625,2.4999777256261813,0.0,0.7629281
cdec_TRM,36.34375_-119.21875,36.34375,-119.21875,2.4999806715702206,0.0,0.87085027
cdec_TRM,36.40625_-118.53125,36.40625,-118.53125,2.499550305806304,0.11597633361816406,0.22669429
cdec_TRM,36.40625_-118.59375,36.40625,-118.59375,2.4999795063433785,0.1240236684679985,0.32509404
cdec_TRM,36.40625_-118.65625,36.40625,-118.65625,2.49999058487713,0.34822484850883484,1.06492
cdec_TRM,36.40625_-118.71875,36.40625,-118.71875,2.499998493013543,0.40970414876937866,1.7016363
cdec_TRM,36.40625_-118.78125,36.40625,-118.78125,2.4999948647122885,0.4092307686805725,2.0093124
cdec_TRM,36.40625_-118.84375,36.40625,-118.84375,2.499955962117966,0.40414202213287354,1.4589928
cdec_TRM,36.40625_-118.90625,36.40625,-118.90625,2.4999309542071955,0.3796449601650238,1.0906484
cdec_TRM,36.40625_-118.96875,36.40625,-118.96875,2.499823283716128,0.3276331424713135,0.825506
cdec_TRM,36.40625_-119.03125,36.40625,-119.03125,2.4999103240360663,0.30798816680908203,0.8777393
cdec_TRM,36.40625_-119.09375,36.40625,-119.09375,2.4999914098628913,0.0,0.46036342
cdec_TRM,36.40625_-119.15625,36.40625,-119.15625,2.499992161101948,0.33000001311302185,1.0645179
cdec_TRM,36.46875_-118.53125,36.46875,-118.53125,2.499952660924054,0.10573964565992355,0.24717316
cdec_TRM,36.46875_-118.59375,36.46875,-118.59375,2.49987646141253,0.23804733157157898,0.6382408
cdec_TRM,36.46875_-118.65625,36.46875,-118.65625,2.4999908410498914,0.410591721534729,1.5824475
cdec_TRM,36.46875_-118.71875,36.46875,-118.71875,2.499983997475182,0.3812426030635834,1.8062057
cdec_TRM,36.46875_-118.78125,36.46875,-118.78125,2.4999852250660197,0.4142603576183319,1.7406036
cdec_TRM,36.46875_-118.84375,36.46875,-118.84375,2.499951603292241,0.3878106474876404,1.2912611
cdec_TRM,36.46875_-118.90625,36.46875,-118.90625,2.499692070869634,0.37183430790901184,1.1775453
cdec_TRM,36.46875_-118.96875,36.46875,-118.96875,2.499605388393907,0.4028402268886566,1.1670331
cdec_TRM,36.46875_-119.03125,36.46875,-119.03125,2.499923636880159,0.4399999976158142,1.0454556
cdec_TRM,36.53125_-118.53125,36.53125,-118.53125,2.4996697445049723,0.09562130272388458,0.2052905
cdec_TRM,36.53125_-118.59375,36.53125,-118.59375,2.499986257661031,0.24538461863994598,0.91063535
cdec_TRM,36.53125_-118.65625,36.53125,-118.65625,2.4999932883856486,0.4695858061313629,2.2395887
cdec_TRM,36.53125_-118.71875,36.53125,-118.71875,2.499989145326235,0.43426036834716797,1.9872735
cdec_TRM,36.53125_-118.78125,36.53125,-118.78125,2.499974913882059,0.38130176067352295,1.7153058
cdec_TRM,36.53125_-118.84375,36.53125,-118.84375,2.4998511111057526,0.38047337532043457,1.6522899
cdec_TRM,36.53125_-118.90625,36.53125,-118.90625,2.499182084732231,0.4022485315799713,1.2251384
cdec_TRM,36.53125_-118.96875,36.53125,-118.96875,2.4994082927346177,0.41609466075897217,1.2956167
cdec_TRM,36.59375_-118.53125,36.59375,-118.53125,2.499582878235521,0.03544378653168678,0.1037294
cdec_TRM,36.59375_-118.59375,36.59375,-118.59375,2.499752365760004,0.12183432281017303,0.32005113
cdec_TRM,36.59375_-118.65625,36.59375,-118.65625,2.499808549020006,0.20887574553489685,0.55769634
cdec_TRM,36.59375_-118.71875,36.59375,-118.71875,2.4996146922052107,0.3953254520893097,1.2368156
cdec_TRM,36.59375_-118.78125,36.59375,-118.78125,2.4996853475246894,0.3872189223766327,1.528292
cdec_TRM,36.59375_-118.84375,36.59375,-118.84375,2.4999778402882473,0.42130178213119507,1.9580157
cdec_TRM,36.59375_-118.90625,36.59375,-118.90625,2.4996218295251076,0.41905325651168823,1.5128294
cdec_TRM,36.59375_-118.96875,36.59375,-118.96875,2.4996420234148573,0.43396449089050293,1.4015604
cdec_TRM,36.65625_-118.59375,36.65625,-118.59375,2.4997368576305345,0.17017751932144165,0.35160172
cdec_TRM,36.65625_-118.65625,36.65625,-118.65625,2.499872855573204,0.20023669302463531,0.3871186
cdec_TRM,36.65625_-118.71875,36.65625,-118.71875,2.499079847683311,0.2646745443344116,0.5877467
cdec_TRM,36.65625_-118.78125,36.65625,-118.78125,2.4993443156455153,0.36698225140571594,0.8037228
cdec_TRM,36.65625_-118.84375,36.65625,-118.84375,2.499710039144065,0.4179881513118744,1.3801887
cdec_TRM,36.65625_-118.90625,36.65625,-118.90625,2.499951147157221,0.3655621409416199,1.8433621
cdec_TRM,36.65625_-118.96875,36.65625,-118.96875,2.499680626700367,0.4536094665527344,1.7182207
cdec_TRM,36.71875_-118.78125,36.71875,-118.78125,2.4999808994315336,0.3829585909843445,0.9409004
cdec_TRM,36.71875_-118.84375,36.71875,-118.84375,2.499352826065338,0.37917160987854004,0.921536
cdec_TRM,36.71875_-118.90625,36.71875,-118.90625,2.4997509683846086,0.44029584527015686,1.6141863
cdec_TRM,36.71875_-118.96875,36.71875,-118.96875,2.4999473554637603,0.4559171497821808,1.9821147
cdec_YRS,39.21875_-121.09375,39.21875,-121.09375,2.4990650383187925,0.47999998927116394,1.7776252
cdec_YRS,39.21875_-121.15625,39.21875,-121.15625,2.49312710701566,0.47999998927116394,1.4864522
cdec_YRS,39.21875_-121.21875,39.21875,-121.21875,2.4897012479497924,0.32360947132110596,1.4646599
cdec_YRS,39.21875_-121.28125,39.21875,-121.28125,2.4959416544203146,0.3812426030635834,1.2436839
cdec_YRS,39.28125_-120.34375,39.28125,-120.34375,2.499761786559021,0.4146745502948761,1.0911965
cdec_YRS,39.28125_-120.40625,39.28125,-120.40625,2.4993818617397534,0.3713017702102661,1.059344
cdec_YRS,39.28125_-120.46875,39.28125,-120.46875,2.4994305780058363,0.3620118200778961,0.81651384
cdec_YRS,39.28125_-120.53125,39.28125,-120.53125,2.4995840901031445,0.4157988131046295,1.1620367
cdec_YRS,39.28125_-120.59375,39.28125,-120.59375,2.4991573170325703,0.42408284544944763,1.2780514
cdec_YRS,39.28125_-120.65625,39.28125,-120.65625,2.49931361775953,0.47846153378486633,1.9905075
cdec_YRS,39.28125_-120.78125,39.28125,-120.78125,2.4999978355547112,0.587041437625885,2.9247146
cdec_YRS,39.28125_-120.84375,39.28125,-120.84375,2.4999563326926526,0.6000000238418579,2.545604
cdec_YRS,39.28125_-120.90625,39.28125,-120.90625,2.4999860369378637,0.4932544231414795,2.976146
cdec_YRS,39.28125_-120.96875,39.28125,-120.96875,2.49997861865383,0.48207101225852966,2.9621062
cdec_YRS,39.28125_-121.03125,39.28125,-121.03125,2.498034736714794,0.3976331353187561,2.2772975
cdec_YRS,39.28125_-121.09375,39.28125,-121.09375,2.496555484655814,0.45059171319007874,1.7938024
cdec_YRS,39.28125_-121.15625,39.28125,-121.15625,2.4919554018388617,0.451242595911026,1.6444489
cdec_YRS,39.28125_-121.21875,39.28125,-121.21875,2.4888165377195737,0.46213018894195557,1.5681622
cdec_YRS,39.28125_-121.28125,39.28125,-121.28125,2.481309983731927,0.42964497208595276,1.4318931
cdec_YRS,39.34375_-120.34375,39.34375,-120.34375,2.499691165510094,0.326272189617157,0.6334303
cdec_YRS,39.34375_-120.40625,39.34375,-120.40625,2.4982330887143407,0.33443787693977356,0.7039944
cdec_YRS,39.34375_-120.46875,39.34375,-120.46875,2.4993341881128357,0.33544379472732544,0.8047537
cdec_YRS,39.34375_-120.53125,39.34375,-120.53125,2.488417981883641,0.32094675302505493,0.7957774
cdec_YRS,39.34375_-120.59375,39.34375,-120.59375,2.4938150573207514,0.3798224925994873,1.1204683
cdec_YRS,39.34375_-120.65625,39.34375,-120.65625,2.499484888529248,0.4185798764228821,1.5872291
cdec_YRS,39.34375_-120.71875,39.34375,-120.71875,2.499992835790418,0.5436094403266907,2.51645
cdec_YRS,39.34375_-120.78125,39.34375,-120.78125,2.499943118119505,0.5504142045974731,2.677668
cdec_YRS,39.34375_-120.84375,39.34375,-120.84375,2.4999993696563916,0.5898816585540771,3.178872
cdec_YRS,39.34375_-120.90625,39.34375,-120.90625,2.499973749039694,0.6004142165184021,3.0262601
cdec_YRS,39.34375_-120.96875,39.34375,-120.96875,2.499747506153412,0.4862130284309387,2.6118934
cdec_YRS,39.34375_-121.03125,39.34375,-121.03125,2.498501025011703,0.47585800290107727,2.2760766
cdec_YRS,39.34375_-121.09375,39.34375,-121.09375,2.4916125585379785,0.44550296664237976,1.8841106
cdec_YRS,39.34375_-121.15625,39.34375,-121.15625,2.4932509738157567,0.47414201498031616,2.1567116
cdec_YRS,39.34375_-121.21875,39.34375,-121.21875,2.4758343520892057,0.4385206997394562,1.7289956
cdec_YRS,39.34375_-121.28125,39.34375,-121.28125,2.485395694023409,0.42538461089134216,1.4553064
cdec_YRS,39.40625_-120.34375,39.40625,-120.34375,2.499248125492276,0.3234911262989044,0.7289141
cdec_YRS,39.40625_-120.40625,39.40625,-120.40625,2.499319337417904,0.37686389684677124,0.7372967
cdec_YRS,39.40625_-120.46875,39.40625,-120.46875,2.498889449389094,0.33390533924102783,0.7533684
cdec_YRS,39.40625_-120.53125,39.40625,-120.53125,2.4927228387580844,0.21816568076610565,0.4130366
cdec_YRS,39.40625_-120.59375,39.40625,-120.59375,2.495740119133896,0.3005325496196747,0.6187748
cdec_YRS,39.40625_-120.65625,39.40625,-120.65625,2.4998762135816124,0.47029584646224976,1.5602789
cdec_YRS,39.40625_-120.71875,39.40625,-120.71875,2.4999796924236866,0.5299999713897705,2.6122978
cdec_YRS,39.40625_-120.78125,39.40625,-120.78125,2.499957300407213,0.5744970440864563,3.0116107
cdec_YRS,39.40625_-120.84375,39.40625,-120.84375,2.4999998095844944,0.5486982464790344,2.7254407
cdec_YRS,39.40625_-120.90625,39.40625,-120.90625,2.4999664499320513,0.5936094522476196,3.0685217
cdec_YRS,39.40625_-120.96875,39.40625,-120.96875,2.4999731335900552,0.587041437625885,3.3712256
cdec_YRS,39.40625_-121.03125,39.40625,-121.03125,2.4999361976436334,0.5363905429840088,3.1144392
cdec_YRS,39.40625_-121.09375,39.40625,-121.09375,2.4997825925478563,0.5383431911468506,2.9020948
cdec_YRS,39.40625_-121.15625,39.40625,-121.15625,2.499968553422681,0.49224853515625,2.6018486
cdec_YRS,39.40625_-121.21875,39.40625,-121.21875,2.4964318055099834,0.47183433175086975,1.9963261
cdec_YRS,39.46875_-120.40625,39.46875,-120.40625,2.499944194855719,0.39544379711151123,0.993333
cdec_YRS,39.46875_-120.46875,39.46875,-120.46875,2.499967560440197,0.4162130057811737,1.0786828
cdec_YRS,39.46875_-120.53125,39.46875,-120.53125,2.4999231435673925,0.3611242473125458,1.0463312
cdec_YRS,39.46875_-120.59375,39.46875,-120.59375,2.4996229231076397,0.40840235352516174,1.1009512
cdec_YRS,39.46875_-120.65625,39.46875,-120.65625,2.4983655715613717,0.38071006536483765,1.1807841
cdec_YRS,39.46875_-120.71875,39.46875,-120.71875,2.499994159415346,0.5295266509056091,2.2301435
cdec_YRS,39.46875_-120.78125,39.46875,-120.78125,2.499996280781635,0.5690532326698303,2.8486612
cdec_YRS,39.46875_-120.84375,39.46875,-120.84375,2.4999890736560797,0.5717751383781433,2.7349052
cdec_YRS,39.46875_-120.90625,39.46875,-120.90625,2.4999987281004836,0.5852662920951843,2.9204254
cdec_YRS,39.46875_-120.96875,39.46875,-120.96875,2.499978112742995,0.5903550386428833,3.229296
cdec_YRS,39.46875_-121.03125,39.46875,-121.03125,2.4999982718880025,0.6095858216285706,3.6587467
cdec_YRS,39.46875_-121.09375,39.46875,-121.09375,2.4999676746645534,0.5693491101264954,3.0764613
cdec_YRS,39.46875_-121.15625,39.46875,-121.15625,2.499987892348317,0.5326035618782043,3.0228195
cdec_YRS,39.46875_-121.21875,39.46875,-121.21875,2.499997292751604,0.5542603731155396,3.4549308
cdec_YRS,39.53125_-120.40625,39.53125,-120.40625,2.4999999899492766,0.45615383982658386,1.6442881
cdec_YRS,39.53125_-120.46875,39.53125,-120.46875,2.4999976914042357,0.4088165760040283,1.2624482
cdec_YRS,39.53125_-120.53125,39.53125,-120.53125,2.4999753034832337,0.41556212306022644,1.340139
cdec_YRS,39.53125_-120.59375,39.53125,-120.59375,2.49999565931439,0.47260355949401855,1.546556
cdec_YRS,39.53125_-120.65625,39.53125,-120.65625,2.4999123375878316,0.472485214471817,1.6143075
cdec_YRS,39.53125_-120.71875,39.53125,-120.71875,2.4999962357945327,0.5432544350624084,2.0825691
cdec_YRS,39.53125_-120.78125,39.53125,-120.78125,2.499999525793253,0.5913609266281128,2.823007
cdec_YRS,39.53125_-120.84375,39.53125,-120.84375,2.4999998455772374,0.6018934845924377,2.8729222
cdec_YRS,39.53125_-120.90625,39.53125,-120.90625,2.4999971230456435,0.5878698229789734,2.9882133
cdec_YRS,39.53125_-120.96875,39.53125,-120.96875,2.4999878613134405,0.6085206866264343,3.1445498
cdec_YRS,39.53125_-121.03125,39.53125,-121.03125,2.4999979789869737,0.6549704074859619,3.541055
cdec_YRS,39.53125_-121.09375,39.53125,-121.09375,2.4999987640431107,0.6588165760040283,3.5388358
cdec_YRS,39.53125_-121.15625,39.53125,-121.15625,2.499998982263713,0.5534319281578064,3.2352722
cdec_YRS,39.53125_-121.21875,39.53125,-121.21875,2.4999536881445925,0.5500591993331909,3.4176571
cdec_YRS,39.59375_-120.46875,39.59375,-120.46875,2.499999942528709,0.4361538589000702,1.4707338
cdec_YRS,39.59375_-120.53125,39.59375,-120.53125,2.499995509927504,0.4665680527687073,1.3920797
cdec_YRS,39.59375_-120.59375,39.59375,-120.59375,2.4999777452457668,0.502781093120575,1.8948114
cdec_YRS,39.59375_-120.65625,39.59375,-120.65625,2.499878330066339,0.3926035463809967,1.4532149
cdec_YRS,39.59375_-120.71875,39.59375,-120.71875,2.4999911354569475,0.5490532517433167,2.3765295
cdec_YRS,39.59375_-120.78125,39.59375,-120.78125,2.4999961756366007,0.6244378685951233,3.3170066
cdec_YRS,39.59375_-120.84375,39.59375,-120.84375,2.499998080205269,0.5781065225601196,3.0116487
cdec_YRS,39.59375_-120.90625,39.59375,-120.90625,2.4999993971261816,0.5847337245941162,2.752166
cdec_YRS,39.59375_-120.96875,39.59375,-120.96875,2.4999920128480095,0.5846745371818542,2.9557695
cdec_YRS,39.59375_-121.03125,39.59375,-121.03125,2.4999976579191157,0.6459171772003174,3.378193
cdec_YRS,39.59375_-121.09375,39.59375,-121.09375,2.499996313254684,0.5868047475814819,3.1956153
cdec_YRS,39.65625_-120.46875,39.65625,-120.46875,2.4999986195546144,0.46502959728240967,2.0129066
cdec_YRS,39.65625_-120.53125,39.65625,-120.53125,2.499998351187831,0.49550294876098633,1.8178016
cdec_YRS,39.65625_-120.59375,39.65625,-120.59375,2.4999652798820753,0.44319525361061096,1.3882059
cdec_YRS,39.65625_-120.65625,39.65625,-120.65625,2.4999449554632727,0.35207101702690125,0.86326385
cdec_YRS,39.65625_-120.71875,39.65625,-120.71875,2.499609079527967,0.4695858061313629,1.4396706
cdec_YRS,39.65625_-120.78125,39.65625,-120.78125,2.4999983084877444,0.5747337341308594,2.486978
cdec_YRS,39.65625_-120.84375,39.65625,-120.84375,2.4999993053096974,0.5044378638267517,1.8956492
cdec_YRS,39.65625_-120.90625,39.65625,-120.90625,2.49997340540882,0.55266273021698,2.4939115
cdec_YRS,39.65625_-120.96875,39.65625,-120.96875,2.49999220706891,0.5573372840881348,2.6092937
cdec_YRS,39.65625_-121.03125,39.65625,-121.03125,2.4999864859144214,0.5996449589729309,2.7797987
cdec_YRS,39.71875_-120.59375,39.71875,-120.59375,2.4999994965006636,0.4826035499572754,1.9400076
cdec_YRS,39.71875_-120.71875,39.71875,-120.71875,2.4996308526620963,0.41999998688697815,1.0435479
cdec_YRS,39.71875_-120.78125,39.71875,-120.78125,2.4999838362899056,0.4626627266407013,1.3731897
cdec_YRS,39.71875_-120.84375,39.71875,-120.84375,2.4999861817482953,0.49639052152633667,1.6615199
cdec_YRS,39.71875_-120.90625,39.71875,-120.90625,2.499977836756102,0.5019526481628418,1.7879876
cdec_YRS,39.71875_-120.96875,39.71875,-120.96875,2.4999929501837865,0.4187574088573456,1.7377431
cdec_YRS,39.71875_-121.03125,39.71875,-121.03125,2.499921189861432,0.428816556930542,1.6860882
cdec_YRS,39.78125_-120.84375,39.78125,-120.84375,2.499998043940498,0.5040828585624695,1.8831004
cdec_YRS,39.78125_-120.90625,39.78125,-120.90625,2.499978526112197,0.4138461649417877,1.5271125
